time,n,e,d,u,v,w,p,q,r,max_penetration
0.0,1.0377435661855292,0.0,1.0023369484539235,0.9872774363891212,-0.0032272481398989885,0.1894560090790156,0.05226035027894393,-0.040807229698687185,-0.010504644487359435,0.2999999999999998
0.02,1.0397435661855292,0.0,1.0025369484539235,0.9912774363891212,-0.0032272481398989885,0.1894560090790156,0.05226035027894393,-0.040807229698687185,-0.010504644487359435,0.2999999999999998
0.04,1.0417435661855292,0.0,1.0027369484539235,0.9952774363891213,-0.0032272481398989885,0.1894560090790156,0.05226035027894393,-0.040807229698687185,-0.010504644487359435,0.2999999999999998
0.06,1.0437435661855292,0.0,1.0029369484539234,0.9992774363891213,-0.0032272481398989885,0.1894560090790156,0.05226035027894393,-0.040807229698687185,-0.010504644487359435,0.2999999999999998
0.08,1.0457435661855292,0.0,1.0031369484539234,1.0,-0.0032272481398989885,0.1894560090790156,0.05226035027894393,-0.040807229698687185,-0.010504644487359435,0.2999999999999998
0.1,1.0477435661855292,0.0,1.0033369484539234,1.0,-0.0032272481398989885,0.1894560090790156,0.05226035027894393,-0.040807229698687185,-0.010504644487359435,0.2999999999999998
0.12,1.0497435661855292,0.0,1.0035369484539234,1.0,-0.0032272481398989885,0.1894560090790156,0.05226035027894393,-0.040807229698687185,-0.010504644487359435,0.2999999999999998
0.14,1.0517435661855292,0.0,1.0037369484539234,1.0,-0.0032272481398989885,0.1894560090790156,0.05226035027894393,-0.040807229698687185,-0.010504644487359435,0.2999999999999998
0.16,1.0537435661855292,0.0,1.0039369484539233,1.0,-0.0032272481398989885,0.1894560090790156,0.05226035027894393,-0.040807229698687185,-0.010504644487359435,0.2999999999999998
0.18,1.0557435661855292,0.0,1.0041369484539233,1.0,-0.0032272481398989885,0.1894560090790156,0.05226035027894393,-0.040807229698687185,-0.010504644487359435,0.2999999999999998
0.2,1.0577435661855292,0.0,1.0043369484539233,1.0,-0.0032272481398989885,0.1894560090790156,0.05226035027894393,-0.040807229698687185,-0.010504644487359435,0.2999999999999998
0.22,1.0597435661855292,0.0,1.0045369484539233,1.0,-0.0032272481398989885,0.1894560090790156,0.05226035027894393,-0.040807229698687185,-0.010504644487359435,0.2999999999999998
0.24,1.0617435661855292,0.0,1.0047369484539233,1.0,-0.0032272481398989885,0.1894560090790156,0.05226035027894393,-0.040807229698687185,-0.010504644487359435,0.2999999999999998
0.26,1.0637435661855292,0.0,1.0049369484539232,1.0,-0.0032272481398989885,0.1894560090790156,0.05226035027894393,-0.040807229698687185,-0.010504644487359435,0.2999999999999998
0.28,1.0657435661855292,0.0,1.0051369484539232,1.0,-0.0032272481398989885,0.1894560090790156,0.05226035027894393,-0.040807229698687185,-0.010504644487359435,0.2999999999999998
0.3,1.0677435661855292,0.0,1.0053369484539232,1.0,-0.0032272481398989885,0.1894560090790156,0.05226035027894393,-0.040807229698687185,-0.010504644487359435,0.2999999999999998
0.32,1.0697435661855292,0.0,1.0055369484539232,1.0,-0.0032272481398989885,0.1894560090790156,0.05226035027894393,-0.040807229698687185,-0.010504644487359435,0.2999999999999998
0.34,1.0717435661855292,0.0,1.0057369484539231,1.0,-0.0032272481398989885,0.1894560090790156,0.05226035027894393,-0.040807229698687185,-0.010504644487359435,0.2999999999999998
0.36,1.0737435661855292,0.0,1.0059369484539231,1.0,-0.0032272481398989885,0.1894560090790156,0.05226035027894393,-0.040807229698687185,-0.010504644487359435,0.2999999999999998
0.38,1.0757435661855292,0.0,1.006136948453923,1.0,-0.0032272481398989885,0.1894560090790156,0.05226035027894393,-0.040807229698687185,-0.010504644487359435,0.2999999999999998
0.4,1.0777435661855292,0.0,1.006336948453923,1.0,-0.0032272481398989885,0.1894560090790156,0.05226035027894393,-0.040807229698687185,-0.010504644487359435,0.2999999999999998
0.42,1.0797435661855292,0.0,1.006536948453923,1.0,-0.0032272481398989885,0.1894560090790156,0.05226035027894393,-0.040807229698687185,-0.010504644487359435,0.2999999999999998
0.44,1.0817435661855292,0.0,1.006736948453923,1.0,-0.0032272481398989885,0.1894560090790156,0.05226035027894393,-0.040807229698687185,-0.010504644487359435,0.2999999999999998
0.46,1.0837435661855293,0.0,1.006936948453923,1.0,-0.0032272481398989885,0.1894560090790156,0.05226035027894393,-0.040807229698687185,-0.010504644487359435,0.2999999999999998
0.48,1.0857435661855293,0.0,1.007136948453923,1.0,-0.0032272481398989885,0.1894560090790156,0.05226035027894393,-0.040807229698687185,-0.010504644487359435,0.2999999999999998
0.5,1.0877435661855293,0.0,1.007336948453923,1.0,-0.0032272481398989885,0.1894560090790156,0.05226035027894393,-0.040807229698687185,-0.010504644487359435,0.2999999999999998
0.52,1.0897435661855293,0.0,1.007536948453923,1.0,-0.0032272481398989885,0.1894560090790156,0.05226035027894393,-0.040807229698687185,-0.010504644487359435,0.2999999999999998
0.54,1.0917435661855293,0.0,1.007736948453923,1.0,-0.0032272481398989885,0.1894560090790156,0.05226035027894393,-0.040807229698687185,-0.010504644487359435,0.2999999999999998
0.56,1.0937435661855293,0.0,1.007936948453923,1.0,-0.0032272481398989885,0.1894560090790156,0.05226035027894393,-0.040807229698687185,-0.010504644487359435,0.2999999999999998
0.58,1.0957435661855293,0.0,1.0081369484539229,1.0,-0.0032272481398989885,0.1894560090790156,0.05226035027894393,-0.040807229698687185,-0.010504644487359435,0.2999999999999998
0.6,1.0977435661855293,0.0,1.0083369484539229,1.0,-0.0032272481398989885,0.1894560090790156,0.05226035027894393,-0.040807229698687185,-0.010504644487359435,0.2999999999999998
0.62,1.0997435661855293,0.0,1.0085369484539228,1.0,-0.0032272481398989885,0.1894560090790156,0.05226035027894393,-0.040807229698687185,-0.010504644487359435,0.2999999999999998
0.64,1.1017435661855293,0.0,1.0087369484539228,1.0,-0.0032272481398989885,0.1894560090790156,0.05226035027894393,-0.040807229698687185,-0.010504644487359435,0.2999999999999998
0.66,1.1037435661855293,0.0,1.0089369484539228,1.0,-0.0032272481398989885,0.1894560090790156,0.05226035027894393,-0.040807229698687185,-0.010504644487359435,0.2999999999999998
0.68,1.1057435661855293,0.0,1.0091369484539228,1.0,-0.0032272481398989885,0.1894560090790156,0.05226035027894393,-0.040807229698687185,-0.010504644487359435,0.2999999999999998
0.7000000000000001,1.1077435661855293,0.0,1.0093369484539227,1.0,-0.0032272481398989885,0.1894560090790156,0.05226035027894393,-0.040807229698687185,-0.010504644487359435,0.2999999999999998
0.72,1.1097435661855293,0.0,1.0095369484539227,1.0,-0.0032272481398989885,0.1894560090790156,0.05226035027894393,-0.040807229698687185,-0.010504644487359435,0.2999999999999998
0.74,1.1117435661855293,0.0,1.0097369484539227,1.0,-0.0032272481398989885,0.1894560090790156,0.05226035027894393,-0.040807229698687185,-0.010504644487359435,0.2999999999999998
0.76,1.1137435661855293,0.0,1.0099369484539227,1.0,-0.0032272481398989885,0.1894560090790156,0.05226035027894393,-0.040807229698687185,-0.010504644487359435,0.2999999999999998
0.78,1.1157435661855293,0.0,1.0101369484539227,1.0,-0.0032272481398989885,0.1894560090790156,0.05226035027894393,-0.040807229698687185,-0.010504644487359435,0.2999999999999998
0.8,1.1177435661855293,0.0,1.0103369484539226,1.0,-0.0032272481398989885,0.1894560090790156,0.05226035027894393,-0.040807229698687185,-0.010504644487359435,0.2999999999999998
0.8200000000000001,1.1197435661855293,0.0,1.0105369484539226,1.0,-0.0032272481398989885,0.1894560090790156,0.05226035027894393,-0.040807229698687185,-0.010504644487359435,0.2999999999999998
0.84,1.1217435661855293,0.0,1.0107369484539226,1.0,-0.0032272481398989885,0.1894560090790156,0.05226035027894393,-0.040807229698687185,-0.010504644487359435,0.2999999999999998
0.86,1.1237435661855293,0.0,1.0109369484539226,1.0,-0.0032272481398989885,0.1894560090790156,0.05226035027894393,-0.040807229698687185,-0.010504644487359435,0.2999999999999998
0.88,1.1257435661855293,0.0,1.0111369484539225,1.0,-0.0032272481398989885,0.1894560090790156,0.05226035027894393,-0.040807229698687185,-0.010504644487359435,0.2999999999999998
0.9,1.1277435661855293,0.0,1.0113369484539225,1.0,-0.0032272481398989885,0.1894560090790156,0.05226035027894393,-0.040807229698687185,-0.010504644487359435,0.2999999999999998
0.92,1.1297435661855293,0.0,1.0115369484539225,1.0,-0.0032272481398989885,0.1894560090790156,0.05226035027894393,-0.040807229698687185,-0.010504644487359435,0.2999999999999998
0.9400000000000001,1.1317435661855293,0.0,1.0117369484539225,1.0,-0.0032272481398989885,0.1894560090790156,0.05226035027894393,-0.040807229698687185,-0.010504644487359435,0.2999999999999998
0.96,1.1337435661855293,0.0,1.0119369484539225,1.0,-0.0032272481398989885,0.1894560090790156,0.05226035027894393,-0.040807229698687185,-0.010504644487359435,0.2999999999999998
0.98,1.1357435661855293,0.0,1.0121369484539224,1.0,-0.0032272481398989885,0.1894560090790156,0.05226035027894393,-0.040807229698687185,-0.010504644487359435,0.2999999999999998
1.0,1.1377435661855293,0.0,1.0123369484539224,1.0,-0.0032272481398989885,0.1894560090790156,0.05226035027894393,-0.040807229698687185,-0.010504644487359435,0.2999999999999998
1.02,1.1397435661855293,0.0,1.0125369484539224,1.0,-0.0032272481398989885,0.1894560090790156,0.05226035027894393,-0.040807229698687185,-0.010504644487359435,0.2999999999999998
1.04,1.1417435661855293,0.0,1.0127369484539224,1.0,-0.0032272481398989885,0.1894560090790156,0.05226035027894393,-0.040807229698687185,-0.010504644487359435,0.2999999999999998
1.06,1.1437435661855293,0.0,1.0129369484539223,1.0,-0.0032272481398989885,0.1894560090790156,0.05226035027894393,-0.040807229698687185,-0.010504644487359435,0.2999999999999998
1.08,1.1457435661855293,0.0,1.0131369484539223,1.0,-0.0032272481398989885,0.1894560090790156,0.05226035027894393,-0.040807229698687185,-0.010504644487359435,0.2999999999999998
1.1,1.1477435661855293,0.0,1.0133369484539223,1.0,-0.0032272481398989885,0.1894560090790156,0.05226035027894393,-0.040807229698687185,-0.010504644487359435,0.2999999999999998
1.12,1.1497435661855293,0.0,1.0135369484539223,1.0,-0.0032272481398989885,0.1894560090790156,0.05226035027894393,-0.040807229698687185,-0.010504644487359435,0.2999999999999998
1.1400000000000001,1.1517435661855293,0.0,1.0137369484539223,1.0,-0.0032272481398989885,0.1894560090790156,0.05226035027894393,-0.040807229698687185,-0.010504644487359435,0.2999999999999998
1.16,1.1537435661855293,0.0,1.0139369484539222,1.0,-0.0032272481398989885,0.1894560090790156,0.05226035027894393,-0.040807229698687185,-0.010504644487359435,0.2999999999999998
1.18,1.1557435661855293,0.0,1.0141369484539222,1.0,-0.0032272481398989885,0.1894560090790156,0.05226035027894393,-0.040807229698687185,-0.010504644487359435,0.2999999999999998
1.2,1.1577435661855293,0.0,1.0143369484539222,1.0,-0.0032272481398989885,0.1894560090790156,0.05226035027894393,-0.040807229698687185,-0.010504644487359435,0.2999999999999998
1.22,1.1597435661855293,0.0,1.0145369484539222,1.0,-0.0032272481398989885,0.1894560090790156,0.05226035027894393,-0.040807229698687185,-0.010504644487359435,0.2999999999999998
1.24,1.1617435661855293,0.0,1.0147369484539221,1.0,-0.0032272481398989885,0.1894560090790156,0.05226035027894393,-0.040807229698687185,-0.010504644487359435,0.2999999999999998
1.26,1.1637435661855293,0.0,1.0149369484539221,1.0,-0.0032272481398989885,0.1894560090790156,0.05226035027894393,-0.040807229698687185,-0.010504644487359435,0.2999999999999998
1.28,1.1657435661855293,0.0,1.015136948453922,1.0,-0.0032272481398989885,0.1894560090790156,0.05226035027894393,-0.040807229698687185,-0.010504644487359435,0.2999999999999998
1.3,1.1677435661855293,0.0,1.015336948453922,1.0,-0.0032272481398989885,0.1894560090790156,0.05226035027894393,-0.040807229698687185,-0.010504644487359435,0.2999999999999998
1.32,1.1697435661855293,0.0,1.015536948453922,1.0,-0.0032272481398989885,0.1894560090790156,0.05226035027894393,-0.040807229698687185,-0.010504644487359435,0.2999999999999998
1.34,1.1717435661855293,0.0,1.015736948453922,1.0,-0.0032272481398989885,0.1894560090790156,0.05226035027894393,-0.040807229698687185,-0.010504644487359435,0.2999999999999998
1.36,1.1737435661855293,0.0,1.015936948453922,1.0,-0.0032272481398989885,0.1894560090790156,0.05226035027894393,-0.040807229698687185,-0.010504644487359435,0.2999999999999998
1.3800000000000001,1.1757435661855293,0.0,1.016136948453922,1.0,-0.0032272481398989885,0.1894560090790156,0.05226035027894393,-0.040807229698687185,-0.010504644487359435,0.2999999999999998
1.4000000000000001,1.1777435661855293,0.0,1.016336948453922,1.0,-0.0032272481398989885,0.1894560090790156,0.05226035027894393,-0.040807229698687185,-0.010504644487359435,0.2999999999999998
1.42,1.1797435661855293,0.0,1.016536948453922,1.0,-0.0032272481398989885,0.1894560090790156,0.05226035027894393,-0.040807229698687185,-0.010504644487359435,0.2999999999999998
1.44,1.1817435661855293,0.0,1.016736948453922,1.0,-0.0032272481398989885,0.1894560090790156,0.05226035027894393,-0.040807229698687185,-0.010504644487359435,0.2999999999999998
1.46,1.1837435661855293,0.0,1.016936948453922,1.0,-0.0032272481398989885,0.1894560090790156,0.05226035027894393,-0.040807229698687185,-0.010504644487359435,0.2999999999999998
1.48,1.1857435661855293,0.0,1.0171369484539219,1.0,-0.0032272481398989885,0.1894560090790156,0.05226035027894393,-0.040807229698687185,-0.010504644487359435,0.2999999999999998
1.5,1.1877435661855293,0.0,1.0173369484539219,1.0,-0.0032272481398989885,0.1894560090790156,0.05226035027894393,-0.040807229698687185,-0.010504644487359435,0.2999999999999998
1.52,1.1897435661855293,0.0,1.0175369484539218,1.0,-0.0032272481398989885,0.1894560090790156,0.05226035027894393,-0.040807229698687185,-0.010504644487359435,0.2999999999999998
1.54,1.1917435661855293,0.0,1.0177369484539218,1.0,-0.0032272481398989885,0.1894560090790156,0.05226035027894393,-0.040807229698687185,-0.010504644487359435,0.2999999999999998
1.56,1.1937435661855293,0.0,1.0179369484539218,1.0,-0.0032272481398989885,0.1894560090790156,0.05226035027894393,-0.040807229698687185,-0.010504644487359435,0.2999999999999998
1.58,1.1957435661855293,0.0,1.0181369484539218,1.0,-0.0032272481398989885,0.1894560090790156,0.05226035027894393,-0.040807229698687185,-0.010504644487359435,0.2999999999999998
1.6,1.1977435661855294,0.0,1.0183369484539218,1.0,-0.0032272481398989885,0.1894560090790156,0.05226035027894393,-0.040807229698687185,-0.010504644487359435,0.2999999999999998
1.62,1.1997435661855294,0.0,1.0185369484539217,1.0,-0.0032272481398989885,0.1894560090790156,0.05226035027894393,-0.040807229698687185,-0.010504644487359435,0.2999999999999998
1.6400000000000001,1.2017435661855294,0.0,1.0187369484539217,1.0,-0.0032272481398989885,0.1894560090790156,0.05226035027894393,-0.040807229698687185,-0.010504644487359435,0.2999999999999998
1.6600000000000001,1.2037435661855294,0.0,1.0189369484539217,1.0,-0.0032272481398989885,0.1894560090790156,0.05226035027894393,-0.040807229698687185,-0.010504644487359435,0.2999999999999998
1.68,1.2057435661855294,0.0,1.0191369484539217,1.0,-0.0032272481398989885,0.1894560090790156,0.05226035027894393,-0.040807229698687185,-0.010504644487359435,0.2999999999999998
1.7,1.2077435661855294,0.0,1.0193369484539216,1.0,-0.0032272481398989885,0.1894560090790156,0.05226035027894393,-0.040807229698687185,-0.010504644487359435,0.2999999999999998
1.72,1.2097435661855294,0.0,1.0195369484539216,1.0,-0.0032272481398989885,0.1894560090790156,0.05226035027894393,-0.040807229698687185,-0.010504644487359435,0.2999999999999998
1.74,1.2117435661855294,0.0,1.0197369484539216,1.0,-0.0032272481398989885,0.1894560090790156,0.05226035027894393,-0.040807229698687185,-0.010504644487359435,0.2999999999999998
1.76,1.2137435661855294,0.0,1.0199369484539216,1.0,-0.0032272481398989885,0.1894560090790156,0.05226035027894393,-0.040807229698687185,-0.010504644487359435,0.2999999999999998
1.78,1.2157435661855294,0.0,1.0201369484539216,1.0,-0.0032272481398989885,0.1894560090790156,0.05226035027894393,-0.040807229698687185,-0.010504644487359435,0.2999999999999998
1.8,1.2177435661855294,0.0,1.0203369484539215,1.0,-0.0032272481398989885,0.1894560090790156,0.05226035027894393,-0.040807229698687185,-0.010504644487359435,0.2999999999999998
1.82,1.2197435661855294,0.0,1.0205369484539215,1.0,-0.0032272481398989885,0.1894560090790156,0.05226035027894393,-0.040807229698687185,-0.010504644487359435,0.2999999999999998
1.84,1.2217435661855294,0.0,1.0207369484539215,1.0,-0.0032272481398989885,0.1894560090790156,0.05226035027894393,-0.040807229698687185,-0.010504644487359435,0.2999999999999998
1.86,1.2237435661855294,0.0,1.0209369484539215,1.0,-0.0032272481398989885,0.1894560090790156,0.05226035027894393,-0.040807229698687185,-0.010504644487359435,0.2999999999999998
1.8800000000000001,1.2257435661855294,0.0,1.0211369484539214,1.0,-0.0032272481398989885,0.1894560090790156,0.05226035027894393,-0.040807229698687185,-0.010504644487359435,0.2999999999999998
1.9000000000000001,1.2277435661855294,0.0,1.0213369484539214,1.0,-0.0032272481398989885,0.1894560090790156,0.05226035027894393,-0.040807229698687185,-0.010504644487359435,0.2999999999999998
1.92,1.2297435661855294,0.0,1.0215369484539214,1.0,-0.0032272481398989885,0.1894560090790156,0.05226035027894393,-0.040807229698687185,-0.010504644487359435,0.2999999999999998
1.94,1.2317435661855294,0.0,1.0217369484539214,1.0,-0.0032272481398989885,0.1894560090790156,0.05226035027894393,-0.040807229698687185,-0.010504644487359435,0.2999999999999998
1.96,1.2337435661855294,0.0,1.0219369484539214,1.0,-0.0032272481398989885,0.1894560090790156,0.05226035027894393,-0.040807229698687185,-0.010504644487359435,0.2999999999999998
1.98,1.2357435661855294,0.0,1.0221369484539213,1.0,-0.0032272481398989885,0.1894560090790156,0.05226035027894393,-0.040807229698687185,-0.010504644487359435,0.2999999999999998
2.0,1.2377435661855294,0.0,1.0223369484539213,1.0,-0.0032272481398989885,0.1894560090790156,0.05226035027894393,-0.040807229698687185,-0.010504644487359435,0.2999999999999998
2.02,1.2397435661855294,0.0,1.0225369484539213,1.0,-0.0032272481398989885,0.1894560090790156,0.05226035027894393,-0.040807229698687185,-0.010504644487359435,0.2999999999999998
2.04,1.2417435661855294,0.0,1.0227369484539213,1.0,-0.0032272481398989885,0.1894560090790156,0.05226035027894393,-0.040807229698687185,-0.010504644487359435,0.2999999999999998
2.06,1.2437435661855294,0.0,1.0229369484539212,1.0,-0.0032272481398989885,0.1894560090790156,0.05226035027894393,-0.040807229698687185,-0.010504644487359435,0.2999999999999998
2.08,1.2457435661855294,0.0,1.0231369484539212,1.0,-0.0032272481398989885,0.1894560090790156,0.05226035027894393,-0.040807229698687185,-0.010504644487359435,0.2999999999999998
2.1,1.2477435661855294,0.0,1.0233369484539212,1.0,-0.0032272481398989885,0.1894560090790156,0.05226035027894393,-0.040807229698687185,-0.010504644487359435,0.2999999999999998
2.12,1.2497435661855294,0.0,1.0235369484539212,1.0,-0.0032272481398989885,0.1894560090790156,0.05226035027894393,-0.040807229698687185,-0.010504644487359435,0.2999999999999998
2.14,1.2517435661855294,0.0,1.0237369484539212,1.0,-0.0032272481398989885,0.1894560090790156,0.05226035027894393,-0.040807229698687185,-0.010504644487359435,0.2999999999999998
2.16,1.2537435661855294,0.0,1.0239369484539211,1.0,-0.0032272481398989885,0.1894560090790156,0.05226035027894393,-0.040807229698687185,-0.010504644487359435,0.2999999999999998
2.18,1.2557435661855294,0.0,1.0241369484539211,1.0,-0.0032272481398989885,0.1894560090790156,0.05226035027894393,-0.040807229698687185,-0.010504644487359435,0.2999999999999998
2.2,1.2577435661855294,0.0,1.024336948453921,1.0,-0.0032272481398989885,0.1894560090790156,0.05226035027894393,-0.040807229698687185,-0.010504644487359435,0.2999999999999998
2.22,1.2597435661855294,0.0,1.024536948453921,1.0,-0.0032272481398989885,0.1894560090790156,0.05226035027894393,-0.040807229698687185,-0.010504644487359435,0.2999999999999998
2.24,1.2617435661855294,0.0,1.024736948453921,1.0,-0.0032272481398989885,0.1894560090790156,0.05226035027894393,-0.040807229698687185,-0.010504644487359435,0.2999999999999998
2.2600000000000002,1.2637435661855294,0.0,1.024936948453921,1.0,-0.0032272481398989885,0.1894560090790156,0.05226035027894393,-0.040807229698687185,-0.010504644487359435,0.2999999999999998
2.2800000000000002,1.2657435661855294,0.0,1.025136948453921,1.0,-0.0032272481398989885,0.1894560090790156,0.05226035027894393,-0.040807229698687185,-0.010504644487359435,0.2999999999999998
2.3000000000000003,1.2677435661855294,0.0,1.025336948453921,1.0,-0.0032272481398989885,0.1894560090790156,0.05226035027894393,-0.040807229698687185,-0.010504644487359435,0.2999999999999998
2.32,1.2697435661855294,0.0,1.025536948453921,1.0,-0.0032272481398989885,0.1894560090790156,0.05226035027894393,-0.040807229698687185,-0.010504644487359435,0.2999999999999998
2.34,1.2717435661855294,0.0,1.025736948453921,1.0,-0.0032272481398989885,0.1894560090790156,0.05226035027894393,-0.040807229698687185,-0.010504644487359435,0.2999999999999998
2.36,1.2737435661855294,0.0,1.025936948453921,1.0,-0.0032272481398989885,0.1894560090790156,0.05226035027894393,-0.040807229698687185,-0.010504644487359435,0.2999999999999998
2.38,1.2757435661855294,0.0,1.026136948453921,1.0,-0.0032272481398989885,0.1894560090790156,0.05226035027894393,-0.040807229698687185,-0.010504644487359435,0.2999999999999998
2.4,1.2777435661855294,0.0,1.0263369484539209,1.0,-0.0032272481398989885,0.1894560090790156,0.05226035027894393,-0.040807229698687185,-0.010504644487359435,0.2999999999999998
2.42,1.2797435661855294,0.0,1.0265369484539208,1.0,-0.0032272481398989885,0.1894560090790156,0.05226035027894393,-0.040807229698687185,-0.010504644487359435,0.2999999999999998
2.44,1.2817435661855294,0.0,1.0267369484539208,1.0,-0.0032272481398989885,0.1894560090790156,0.05226035027894393,-0.040807229698687185,-0.010504644487359435,0.2999999999999998
2.46,1.2837435661855294,0.0,1.0269369484539208,1.0,-0.0032272481398989885,0.1894560090790156,0.05226035027894393,-0.040807229698687185,-0.010504644487359435,0.2999999999999998
2.48,1.2857435661855294,0.0,1.0271369484539208,1.0,-0.0032272481398989885,0.1894560090790156,0.05226035027894393,-0.040807229698687185,-0.010504644487359435,0.2999999999999998
2.5,1.2877435661855294,0.0,1.0273369484539208,1.0,-0.0032272481398989885,0.1894560090790156,0.05226035027894393,-0.040807229698687185,-0.010504644487359435,0.2999999999999998
2.52,1.2897435661855294,0.0,1.0275369484539207,1.0,-0.0032272481398989885,0.1894560090790156,0.05226035027894393,-0.040807229698687185,-0.010504644487359435,0.2999999999999998
2.54,1.2917435661855294,0.0,1.0277369484539207,1.0,-0.0032272481398989885,0.1894560090790156,0.05226035027894393,-0.040807229698687185,-0.010504644487359435,0.2999999999999998
2.56,1.2937435661855294,0.0,1.0279369484539207,1.0,-0.0032272481398989885,0.1894560090790156,0.05226035027894393,-0.040807229698687185,-0.010504644487359435,0.2999999999999998
2.58,1.2957435661855294,0.0,1.0281369484539207,1.0,-0.0032272481398989885,0.1894560090790156,0.05226035027894393,-0.040807229698687185,-0.010504644487359435,0.2999999999999998
2.6,1.2977435661855294,0.0,1.0283369484539207,1.0,-0.0032272481398989885,0.1894560090790156,0.05226035027894393,-0.040807229698687185,-0.010504644487359435,0.2999999999999998
2.62,1.2997435661855294,0.0,1.0285369484539206,1.0,-0.0032272481398989885,0.1894560090790156,0.05226035027894393,-0.040807229698687185,-0.010504644487359435,0.2999999999999998
2.64,1.3017435661855294,0.0,1.0287369484539206,1.0,-0.0032272481398989885,0.1894560090790156,0.05226035027894393,-0.040807229698687185,-0.010504644487359435,0.2999999999999998
2.66,1.3037435661855294,0.0,1.0289369484539206,1.0,-0.0032272481398989885,0.1894560090790156,0.05226035027894393,-0.040807229698687185,-0.010504644487359435,0.2999999999999998
2.68,1.3057435661855294,0.0,1.0291369484539206,1.0,-0.0032272481398989885,0.1894560090790156,0.05226035027894393,-0.040807229698687185,-0.010504644487359435,0.2999999999999998
2.7,1.3077435661855294,0.0,1.0293369484539205,1.0,-0.0032272481398989885,0.1894560090790156,0.05226035027894393,-0.040807229698687185,-0.010504644487359435,0.2999999999999998
2.72,1.3097435661855295,0.0,1.0295369484539205,1.0,-0.0032272481398989885,0.1894560090790156,0.05226035027894393,-0.040807229698687185,-0.010504644487359435,0.2999999999999998
2.74,1.3117435661855295,0.0,1.0297369484539205,1.0,-0.0032272481398989885,0.1894560090790156,0.05226035027894393,-0.040807229698687185,-0.010504644487359435,0.2999999999999998
2.7600000000000002,1.3137435661855295,0.0,1.0299369484539205,1.0,-0.0032272481398989885,0.1894560090790156,0.05226035027894393,-0.040807229698687185,-0.010504644487359435,0.2999999999999998
2.7800000000000002,1.3157435661855295,0.0,1.0301369484539205,1.0,-0.0032272481398989885,0.1894560090790156,0.05226035027894393,-0.040807229698687185,-0.010504644487359435,0.2999999999999998
2.8000000000000003,1.3177435661855295,0.0,1.0303369484539204,1.0,-0.0032272481398989885,0.1894560090790156,0.05226035027894393,-0.040807229698687185,-0.010504644487359435,0.2999999999999998
2.82,1.3197435661855295,0.0,1.0305369484539204,1.0,-0.0032272481398989885,0.1894560090790156,0.05226035027894393,-0.040807229698687185,-0.010504644487359435,0.2999999999999998
2.84,1.3217435661855295,0.0,1.0307369484539204,1.0,-0.0032272481398989885,0.1894560090790156,0.05226035027894393,-0.040807229698687185,-0.010504644487359435,0.2999999999999998
2.86,1.3237435661855295,0.0,1.0309369484539204,1.0,-0.0032272481398989885,0.1894560090790156,0.05226035027894393,-0.040807229698687185,-0.010504644487359435,0.2999999999999998
2.88,1.3257435661855295,0.0,1.0311369484539203,1.0,-0.0032272481398989885,0.1894560090790156,0.05226035027894393,-0.040807229698687185,-0.010504644487359435,0.2999999999999998
2.9,1.3277435661855295,0.0,1.0313369484539203,1.0,-0.0032272481398989885,0.1894560090790156,0.05226035027894393,-0.040807229698687185,-0.010504644487359435,0.2999999999999998
2.92,1.3297435661855295,0.0,1.0315369484539203,1.0,-0.0032272481398989885,0.1894560090790156,0.05226035027894393,-0.040807229698687185,-0.010504644487359435,0.2999999999999998
2.94,1.3317435661855295,0.0,1.0317369484539203,1.0,-0.0032272481398989885,0.1894560090790156,0.05226035027894393,-0.040807229698687185,-0.010504644487359435,0.2999999999999998
2.96,1.3337435661855295,0.0,1.0319369484539203,1.0,-0.0032272481398989885,0.1894560090790156,0.05226035027894393,-0.040807229698687185,-0.010504644487359435,0.2999999999999998
2.98,1.3357435661855295,0.0,1.0321369484539202,1.0,-0.0032272481398989885,0.1894560090790156,0.05226035027894393,-0.040807229698687185,-0.010504644487359435,0.2999999999999998
3.0,1.3377435661855295,0.0,1.0323369484539202,1.0,-0.0032272481398989885,0.1894560090790156,0.05226035027894393,-0.040807229698687185,-0.010504644487359435,0.2999999999999998
3.02,1.3397435661855295,0.0,1.0325369484539202,1.0,-0.0032272481398989885,0.1894560090790156,0.05226035027894393,-0.040807229698687185,-0.010504644487359435,0.2999999999999998
3.04,1.3417435661855295,0.0,1.0327369484539202,1.0,-0.0032272481398989885,0.1894560090790156,0.05226035027894393,-0.040807229698687185,-0.010504644487359435,0.2999999999999998
3.06,1.3437435661855295,0.0,1.0329369484539201,1.0,-0.0032272481398989885,0.1894560090790156,0.05226035027894393,-0.040807229698687185,-0.010504644487359435,0.2999999999999998
3.08,1.3457435661855295,0.0,1.0331369484539201,1.0,-0.0032272481398989885,0.1894560090790156,0.05226035027894393,-0.040807229698687185,-0.010504644487359435,0.2999999999999998
3.1,1.3477435661855295,0.0,1.03333694845392,1.0,-0.0032272481398989885,0.1894560090790156,0.05226035027894393,-0.040807229698687185,-0.010504644487359435,0.2999999999999998
3.12,1.3497435661855295,0.0,1.03353694845392,1.0,-0.0032272481398989885,0.1894560090790156,0.05226035027894393,-0.040807229698687185,-0.010504644487359435,0.2999999999999998
3.14,1.3517435661855295,0.0,1.03373694845392,1.0,-0.0032272481398989885,0.1894560090790156,0.05226035027894393,-0.040807229698687185,-0.010504644487359435,0.2999999999999998
3.16,1.3537435661855295,0.0,1.03393694845392,1.0,-0.0032272481398989885,0.1894560090790156,0.05226035027894393,-0.040807229698687185,-0.010504644487359435,0.2999999999999998
3.18,1.3557435661855295,0.0,1.03413694845392,1.0,-0.0032272481398989885,0.1894560090790156,0.05226035027894393,-0.040807229698687185,-0.010504644487359435,0.2999999999999998
3.2,1.3577435661855295,0.0,1.03433694845392,1.0,-0.0032272481398989885,0.1894560090790156,0.05226035027894393,-0.040807229698687185,-0.010504644487359435,0.2999999999999998
3.22,1.3597435661855295,0.0,1.03453694845392,1.0,-0.0032272481398989885,0.1894560090790156,0.05226035027894393,-0.040807229698687185,-0.010504644487359435,0.2999999999999998
3.24,1.3617435661855295,0.0,1.03473694845392,1.0,-0.0032272481398989885,0.1894560090790156,0.05226035027894393,-0.040807229698687185,-0.010504644487359435,0.2999999999999998
3.2600000000000002,1.3637435661855295,0.0,1.03493694845392,1.0,-0.0032272481398989885,0.1894560090790156,0.05226035027894393,-0.040807229698687185,-0.010504644487359435,0.2999999999999998
3.2800000000000002,1.3657435661855295,0.0,1.03513694845392,1.0,-0.0032272481398989885,0.1894560090790156,0.05226035027894393,-0.040807229698687185,-0.010504644487359435,0.2999999999999998
3.3000000000000003,1.3677435661855295,0.0,1.0353369484539199,1.0,-0.0032272481398989885,0.1894560090790156,0.05226035027894393,-0.040807229698687185,-0.010504644487359435,0.2999999999999998
3.3200000000000003,1.3697435661855295,0.0,1.0355369484539199,1.0,-0.0032272481398989885,0.1894560090790156,0.05226035027894393,-0.040807229698687185,-0.010504644487359435,0.2999999999999998
3.34,1.3717435661855295,0.0,1.0357369484539198,1.0,-0.0032272481398989885,0.1894560090790156,0.05226035027894393,-0.040807229698687185,-0.010504644487359435,0.2999999999999998
3.36,1.3737435661855295,0.0,1.0359369484539198,1.0,-0.0032272481398989885,0.1894560090790156,0.05226035027894393,-0.040807229698687185,-0.010504644487359435,0.2999999999999998
3.38,1.3757435661855295,0.0,1.0361369484539198,1.0,-0.0032272481398989885,0.1894560090790156,0.05226035027894393,-0.040807229698687185,-0.010504644487359435,0.2999999999999998
3.4,1.3777435661855295,0.0,1.0363369484539198,1.0,-0.0032272481398989885,0.1894560090790156,0.05226035027894393,-0.040807229698687185,-0.010504644487359435,0.2999999999999998
3.42,1.3797435661855295,0.0,1.0365369484539197,1.0,-0.0032272481398989885,0.1894560090790156,0.05226035027894393,-0.040807229698687185,-0.010504644487359435,0.2999999999999998
3.44,1.3817435661855295,0.0,1.0367369484539197,1.0,-0.0032272481398989885,0.1894560090790156,0.05226035027894393,-0.040807229698687185,-0.010504644487359435,0.2999999999999998
3.46,1.3837435661855295,0.0,1.0369369484539197,1.0,-0.0032272481398989885,0.1894560090790156,0.05226035027894393,-0.040807229698687185,-0.010504644487359435,0.2999999999999998
3.48,1.3857435661855295,0.0,1.0371369484539197,1.0,-0.0032272481398989885,0.1894560090790156,0.05226035027894393,-0.040807229698687185,-0.010504644487359435,0.2999999999999998
3.5,1.3877435661855295,0.0,1.0373369484539197,1.0,-0.0032272481398989885,0.1894560090790156,0.05226035027894393,-0.040807229698687185,-0.010504644487359435,0.2999999999999998
3.52,1.3897435661855295,0.0,1.0375369484539196,1.0,-0.0032272481398989885,0.1894560090790156,0.05226035027894393,-0.040807229698687185,-0.010504644487359435,0.2999999999999998
3.54,1.3917435661855295,0.0,1.0377369484539196,1.0,-0.0032272481398989885,0.1894560090790156,0.05226035027894393,-0.040807229698687185,-0.010504644487359435,0.2999999999999998
3.56,1.3937435661855295,0.0,1.0379369484539196,1.0,-0.0032272481398989885,0.1894560090790156,0.05226035027894393,-0.040807229698687185,-0.010504644487359435,0.2999999999999998
3.58,1.3957435661855295,0.0,1.0381369484539196,1.0,-0.0032272481398989885,0.1894560090790156,0.05226035027894393,-0.040807229698687185,-0.010504644487359435,0.2999999999999998
3.6,1.3977435661855295,0.0,1.0383369484539196,1.0,-0.0032272481398989885,0.1894560090790156,0.05226035027894393,-0.040807229698687185,-0.010504644487359435,0.2999999999999998
3.62,1.3997435661855295,0.0,1.0385369484539195,1.0,-0.0032272481398989885,0.1894560090790156,0.05226035027894393,-0.040807229698687185,-0.010504644487359435,0.2999999999999998
3.64,1.4017435661855295,0.0,1.0387369484539195,1.0,-0.0032272481398989885,0.1894560090790156,0.05226035027894393,-0.040807229698687185,-0.010504644487359435,0.2999999999999998
3.66,1.4037435661855295,0.0,1.0389369484539195,1.0,-0.0032272481398989885,0.1894560090790156,0.05226035027894393,-0.040807229698687185,-0.010504644487359435,0.2999999999999998
3.68,1.4057435661855295,0.0,1.0391369484539195,1.0,-0.0032272481398989885,0.1894560090790156,0.05226035027894393,-0.040807229698687185,-0.010504644487359435,0.2999999999999998
3.7,1.4077435661855295,0.0,1.0393369484539194,1.0,-0.0032272481398989885,0.1894560090790156,0.05226035027894393,-0.040807229698687185,-0.010504644487359435,0.2999999999999998
3.72,1.4097435661855295,0.0,1.0395369484539194,1.0,-0.0032272481398989885,0.1894560090790156,0.05226035027894393,-0.040807229698687185,-0.010504644487359435,0.2999999999999998
3.74,1.4117435661855295,0.0,1.0397369484539194,1.0,-0.0032272481398989885,0.1894560090790156,0.05226035027894393,-0.040807229698687185,-0.010504644487359435,0.2999999999999998
3.7600000000000002,1.4137435661855295,0.0,1.0399369484539194,1.0,-0.0032272481398989885,0.1894560090790156,0.05226035027894393,-0.040807229698687185,-0.010504644487359435,0.2999999999999998
3.7800000000000002,1.4157435661855295,0.0,1.0401369484539194,1.0,-0.0032272481398989885,0.1894560090790156,0.05226035027894393,-0.040807229698687185,-0.010504644487359435,0.2999999999999998
3.8000000000000003,1.4177435661855295,0.0,1.0403369484539193,1.0,-0.0032272481398989885,0.1894560090790156,0.05226035027894393,-0.040807229698687185,-0.010504644487359435,0.2999999999999998
3.8200000000000003,1.4197435661855295,0.0,1.0405369484539193,1.0,-0.0032272481398989885,0.1894560090790156,0.05226035027894393,-0.040807229698687185,-0.010504644487359435,0.2999999999999998
3.84,1.4217435661855296,0.0,1.0407369484539193,1.0,-0.0032272481398989885,0.1894560090790156,0.05226035027894393,-0.040807229698687185,-0.010504644487359435,0.2999999999999998
3.86,1.4237435661855296,0.0,1.0409369484539193,1.0,-0.0032272481398989885,0.1894560090790156,0.05226035027894393,-0.040807229698687185,-0.010504644487359435,0.2999999999999998
3.88,1.4257435661855296,0.0,1.0411369484539192,1.0,-0.0032272481398989885,0.1894560090790156,0.05226035027894393,-0.040807229698687185,-0.010504644487359435,0.2999999999999998
3.9,1.4277435661855296,0.0,1.0413369484539192,1.0,-0.0032272481398989885,0.1894560090790156,0.05226035027894393,-0.040807229698687185,-0.010504644487359435,0.2999999999999998
3.92,1.4297435661855296,0.0,1.0415369484539192,1.0,-0.0032272481398989885,0.1894560090790156,0.05226035027894393,-0.040807229698687185,-0.010504644487359435,0.2999999999999998
3.94,1.4317435661855296,0.0,1.0417369484539192,1.0,-0.0032272481398989885,0.1894560090790156,0.05226035027894393,-0.040807229698687185,-0.010504644487359435,0.2999999999999998
3.96,1.4337435661855296,0.0,1.0419369484539192,1.0,-0.0032272481398989885,0.1894560090790156,0.05226035027894393,-0.040807229698687185,-0.010504644487359435,0.2999999999999998
3.98,1.4357435661855296,0.0,1.0421369484539191,1.0,-0.0032272481398989885,0.1894560090790156,0.05226035027894393,-0.040807229698687185,-0.010504644487359435,0.2999999999999998
4.0,1.4377435661855296,0.0,1.042336948453919,1.0,-0.0032272481398989885,0.1894560090790156,0.05226035027894393,-0.040807229698687185,-0.010504644487359435,0.2999999999999998
4.0200000000000005,1.4397435661855296,0.0,1.042536948453919,1.0,-0.0032272481398989885,0.1894560090790156,0.05226035027894393,-0.040807229698687185,-0.010504644487359435,0.2999999999999998
4.04,1.4417435661855296,0.0,1.042736948453919,1.0,-0.0032272481398989885,0.1894560090790156,0.05226035027894393,-0.040807229698687185,-0.010504644487359435,0.2999999999999998
4.0600000000000005,1.4437435661855296,0.0,1.042936948453919,1.0,-0.0032272481398989885,0.1894560090790156,0.05226035027894393,-0.040807229698687185,-0.010504644487359435,0.2999999999999998
4.08,1.4457435661855296,0.0,1.043136948453919,1.0,-0.0032272481398989885,0.1894560090790156,0.05226035027894393,-0.040807229698687185,-0.010504644487359435,0.2999999999999998
4.1,1.4477435661855296,0.0,1.043336948453919,1.0,-0.0032272481398989885,0.1894560090790156,0.05226035027894393,-0.040807229698687185,-0.010504644487359435,0.2999999999999998
4.12,1.4497435661855296,0.0,1.043536948453919,1.0,-0.0032272481398989885,0.1894560090790156,0.05226035027894393,-0.040807229698687185,-0.010504644487359435,0.2999999999999998
4.14,1.4517435661855296,0.0,1.043736948453919,1.0,-0.0032272481398989885,0.1894560090790156,0.05226035027894393,-0.040807229698687185,-0.010504644487359435,0.2999999999999998
4.16,1.4537435661855296,0.0,1.043936948453919,1.0,-0.0032272481398989885,0.1894560090790156,0.05226035027894393,-0.040807229698687185,-0.010504644487359435,0.2999999999999998
4.18,1.4557435661855296,0.0,1.044136948453919,1.0,-0.0032272481398989885,0.1894560090790156,0.05226035027894393,-0.040807229698687185,-0.010504644487359435,0.2999999999999998
4.2,1.4577435661855296,0.0,1.044336948453919,1.0,-0.0032272481398989885,0.1894560090790156,0.05226035027894393,-0.040807229698687185,-0.010504644487359435,0.2999999999999998
4.22,1.4597435661855296,0.0,1.0445369484539189,1.0,-0.0032272481398989885,0.1894560090790156,0.05226035027894393,-0.040807229698687185,-0.010504644487359435,0.2999999999999998
4.24,1.4617435661855296,0.0,1.0447369484539188,1.0,-0.0032272481398989885,0.1894560090790156,0.05226035027894393,-0.040807229698687185,-0.010504644487359435,0.2999999999999998
4.26,1.4637435661855296,0.0,1.0449369484539188,1.0,-0.0032272481398989885,0.1894560090790156,0.05226035027894393,-0.040807229698687185,-0.010504644487359435,0.2999999999999998
4.28,1.4657435661855296,0.0,1.0451369484539188,1.0,-0.0032272481398989885,0.1894560090790156,0.05226035027894393,-0.040807229698687185,-0.010504644487359435,0.2999999999999998
4.3,1.4677435661855296,0.0,1.0453369484539188,1.0,-0.0032272481398989885,0.1894560090790156,0.05226035027894393,-0.040807229698687185,-0.010504644487359435,0.2999999999999998
4.32,1.4697435661855296,0.0,1.0455369484539188,1.0,-0.0032272481398989885,0.1894560090790156,0.05226035027894393,-0.040807229698687185,-0.010504644487359435,0.2999999999999998
4.34,1.4717435661855296,0.0,1.0457369484539187,1.0,-0.0032272481398989885,0.1894560090790156,0.05226035027894393,-0.040807229698687185,-0.010504644487359435,0.2999999999999998
4.36,1.4737435661855296,0.0,1.0459369484539187,1.0,-0.0032272481398989885,0.1894560090790156,0.05226035027894393,-0.040807229698687185,-0.010504644487359435,0.2999999999999998
4.38,1.4757435661855296,0.0,1.0461369484539187,1.0,-0.0032272481398989885,0.1894560090790156,0.05226035027894393,-0.040807229698687185,-0.010504644487359435,0.2999999999999998
4.4,1.4777435661855296,0.0,1.0463369484539187,1.0,-0.0032272481398989885,0.1894560090790156,0.05226035027894393,-0.040807229698687185,-0.010504644487359435,0.2999999999999998
4.42,1.4797435661855296,0.0,1.0465369484539186,1.0,-0.0032272481398989885,0.1894560090790156,0.05226035027894393,-0.040807229698687185,-0.010504644487359435,0.2999999999999998
4.44,1.4817435661855296,0.0,1.0467369484539186,1.0,-0.0032272481398989885,0.1894560090790156,0.05226035027894393,-0.040807229698687185,-0.010504644487359435,0.2999999999999998
4.46,1.4837435661855296,0.0,1.0469369484539186,1.0,-0.0032272481398989885,0.1894560090790156,0.05226035027894393,-0.040807229698687185,-0.010504644487359435,0.2999999999999998
4.48,1.4857435661855296,0.0,1.0471369484539186,1.0,-0.0032272481398989885,0.1894560090790156,0.05226035027894393,-0.040807229698687185,-0.010504644487359435,0.2999999999999998
4.5,1.4877435661855296,0.0,1.0473369484539186,1.0,-0.0032272481398989885,0.1894560090790156,0.05226035027894393,-0.040807229698687185,-0.010504644487359435,0.2999999999999998
4.5200000000000005,1.4897435661855296,0.0,1.0475369484539185,1.0,-0.0032272481398989885,0.1894560090790156,0.05226035027894393,-0.040807229698687185,-0.010504644487359435,0.2999999999999998
4.54,1.4917435661855296,0.0,1.0477369484539185,1.0,-0.0032272481398989885,0.1894560090790156,0.05226035027894393,-0.040807229698687185,-0.010504644487359435,0.2999999999999998
4.5600000000000005,1.4937435661855296,0.0,1.0479369484539185,1.0,-0.0032272481398989885,0.1894560090790156,0.05226035027894393,-0.040807229698687185,-0.010504644487359435,0.2999999999999998
4.58,1.4957435661855296,0.0,1.0481369484539185,1.0,-0.0032272481398989885,0.1894560090790156,0.05226035027894393,-0.040807229698687185,-0.010504644487359435,0.2999999999999998
4.6000000000000005,1.4977435661855296,0.0,1.0483369484539184,1.0,-0.0032272481398989885,0.1894560090790156,0.05226035027894393,-0.040807229698687185,-0.010504644487359435,0.2999999999999998
4.62,1.4997435661855296,0.0,1.0485369484539184,1.0,-0.0032272481398989885,0.1894560090790156,0.05226035027894393,-0.040807229698687185,-0.010504644487359435,0.2999999999999998
4.64,1.5017435661855296,0.0,1.0487369484539184,1.0,-0.0032272481398989885,0.1894560090790156,0.05226035027894393,-0.040807229698687185,-0.010504644487359435,0.2999999999999998
4.66,1.5037435661855296,0.0,1.0489369484539184,1.0,-0.0032272481398989885,0.1894560090790156,0.05226035027894393,-0.040807229698687185,-0.010504644487359435,0.2999999999999998
4.68,1.5057435661855296,0.0,1.0491369484539184,1.0,-0.0032272481398989885,0.1894560090790156,0.05226035027894393,-0.040807229698687185,-0.010504644487359435,0.2999999999999998
4.7,1.5077435661855296,0.0,1.0493369484539183,1.0,-0.0032272481398989885,0.1894560090790156,0.05226035027894393,-0.040807229698687185,-0.010504644487359435,0.2999999999999998
4.72,1.5097435661855296,0.0,1.0495369484539183,1.0,-0.0032272481398989885,0.1894560090790156,0.05226035027894393,-0.040807229698687185,-0.010504644487359435,0.2999999999999998
4.74,1.5117435661855296,0.0,1.0497369484539183,1.0,-0.0032272481398989885,0.1894560090790156,0.05226035027894393,-0.040807229698687185,-0.010504644487359435,0.2999999999999998
4.76,1.5137435661855296,0.0,1.0499369484539183,1.0,-0.0032272481398989885,0.1894560090790156,0.05226035027894393,-0.040807229698687185,-0.010504644487359435,0.2999999999999998
4.78,1.5157435661855296,0.0,1.0501369484539183,1.0,-0.0032272481398989885,0.1894560090790156,0.05226035027894393,-0.040807229698687185,-0.010504644487359435,0.2999999999999998
4.8,1.5177435661855296,0.0,1.0503369484539182,1.0,-0.0032272481398989885,0.1894560090790156,0.05226035027894393,-0.040807229698687185,-0.010504644487359435,0.2999999999999998
4.82,1.5197435661855296,0.0,1.0505369484539182,1.0,-0.0032272481398989885,0.1894560090790156,0.05226035027894393,-0.040807229698687185,-0.010504644487359435,0.2999999999999998
4.84,1.5217435661855296,0.0,1.0507369484539182,1.0,-0.0032272481398989885,0.1894560090790156,0.05226035027894393,-0.040807229698687185,-0.010504644487359435,0.2999999999999998
4.86,1.5237435661855296,0.0,1.0509369484539182,1.0,-0.0032272481398989885,0.1894560090790156,0.05226035027894393,-0.040807229698687185,-0.010504644487359435,0.2999999999999998
4.88,1.5257435661855296,0.0,1.0511369484539181,1.0,-0.0032272481398989885,0.1894560090790156,0.05226035027894393,-0.040807229698687185,-0.010504644487359435,0.2999999999999998
4.9,1.5277435661855296,0.0,1.0513369484539181,1.0,-0.0032272481398989885,0.1894560090790156,0.05226035027894393,-0.040807229698687185,-0.010504644487359435,0.2999999999999998
4.92,1.5297435661855296,0.0,1.051536948453918,1.0,-0.0032272481398989885,0.1894560090790156,0.05226035027894393,-0.040807229698687185,-0.010504644487359435,0.2999999999999998
4.94,1.5317435661855296,0.0,1.051736948453918,1.0,-0.0032272481398989885,0.1894560090790156,0.05226035027894393,-0.040807229698687185,-0.010504644487359435,0.2999999999999998
4.96,1.5337435661855296,0.0,1.051936948453918,1.0,-0.0032272481398989885,0.1894560090790156,0.05226035027894393,-0.040807229698687185,-0.010504644487359435,0.2999999999999998
4.98,1.5357435661855297,0.0,1.052136948453918,1.0,-0.0032272481398989885,0.1894560090790156,0.05226035027894393,-0.040807229698687185,-0.010504644487359435,0.2999999999999998
5.0,1.5377435661855297,0.0,1.052336948453918,1.0,-0.0032272481398989885,0.1894560090790156,0.05226035027894393,-0.040807229698687185,-0.010504644487359435,0.2999999999999998
5.0200000000000005,1.5397435661855297,0.0,1.052536948453918,1.0,-0.0032272481398989885,0.1894560090790156,0.05226035027894393,-0.040807229698687185,-0.010504644487359435,0.2999999999999998
5.04,1.5417435661855297,0.0,1.052736948453918,1.0,-0.0032272481398989885,0.1894560090790156,0.05226035027894393,-0.040807229698687185,-0.010504644487359435,0.2999999999999998
5.0600000000000005,1.5437435661855297,0.0,1.052936948453918,1.0,-0.0032272481398989885,0.1894560090790156,0.05226035027894393,-0.040807229698687185,-0.010504644487359435,0.2999999999999998
5.08,1.5457435661855297,0.0,1.053136948453918,1.0,-0.0032272481398989885,0.1894560090790156,0.05226035027894393,-0.040807229698687185,-0.010504644487359435,0.2999999999999998
5.1000000000000005,1.5477435661855297,0.0,1.053336948453918,1.0,-0.0032272481398989885,0.1894560090790156,0.05226035027894393,-0.040807229698687185,-0.010504644487359435,0.2999999999999998
5.12,1.5497435661855297,0.0,1.0535369484539179,1.0,-0.0032272481398989885,0.1894560090790156,0.05226035027894393,-0.040807229698687185,-0.010504644487359435,0.2999999999999998
5.14,1.5517435661855297,0.0,1.0537369484539179,1.0,-0.0032272481398989885,0.1894560090790156,0.05226035027894393,-0.040807229698687185,-0.010504644487359435,0.2999999999999998
5.16,1.5537435661855297,0.0,1.0539369484539178,1.0,-0.0032272481398989885,0.1894560090790156,0.05226035027894393,-0.040807229698687185,-0.010504644487359435,0.2999999999999998
5.18,1.5557435661855297,0.0,1.0541369484539178,1.0,-0.0032272481398989885,0.1894560090790156,0.05226035027894393,-0.040807229698687185,-0.010504644487359435,0.2999999999999998
5.2,1.5577435661855297,0.0,1.0543369484539178,1.0,-0.0032272481398989885,0.1894560090790156,0.05226035027894393,-0.040807229698687185,-0.010504644487359435,0.2999999999999998
5.22,1.5597435661855297,0.0,1.0545369484539178,1.0,-0.0032272481398989885,0.1894560090790156,0.05226035027894393,-0.040807229698687185,-0.010504644487359435,0.2999999999999998
5.24,1.5617435661855297,0.0,1.0547369484539177,1.0,-0.0032272481398989885,0.1894560090790156,0.05226035027894393,-0.040807229698687185,-0.010504644487359435,0.2999999999999998
5.26,1.5637435661855297,0.0,1.0549369484539177,1.0,-0.0032272481398989885,0.1894560090790156,0.05226035027894393,-0.040807229698687185,-0.010504644487359435,0.2999999999999998
5.28,1.5657435661855297,0.0,1.0551369484539177,1.0,-0.0032272481398989885,0.1894560090790156,0.05226035027894393,-0.040807229698687185,-0.010504644487359435,0.2999999999999998
5.3,1.5677435661855297,0.0,1.0553369484539177,1.0,-0.0032272481398989885,0.1894560090790156,0.05226035027894393,-0.040807229698687185,-0.010504644487359435,0.2999999999999998
5.32,1.5697435661855297,0.0,1.0555369484539177,1.0,-0.0032272481398989885,0.1894560090790156,0.05226035027894393,-0.040807229698687185,-0.010504644487359435,0.2999999999999998
5.34,1.5717435661855297,0.0,1.0557369484539176,1.0,-0.0032272481398989885,0.1894560090790156,0.05226035027894393,-0.040807229698687185,-0.010504644487359435,0.2999999999999998
5.36,1.5737435661855297,0.0,1.0559369484539176,1.0,-0.0032272481398989885,0.1894560090790156,0.05226035027894393,-0.040807229698687185,-0.010504644487359435,0.2999999999999998
5.38,1.5757435661855297,0.0,1.0561369484539176,1.0,-0.0032272481398989885,0.1894560090790156,0.05226035027894393,-0.040807229698687185,-0.010504644487359435,0.2999999999999998
5.4,1.5777435661855297,0.0,1.0563369484539176,1.0,-0.0032272481398989885,0.1894560090790156,0.05226035027894393,-0.040807229698687185,-0.010504644487359435,0.2999999999999998
5.42,1.5797435661855297,0.0,1.0565369484539175,1.0,-0.0032272481398989885,0.1894560090790156,0.05226035027894393,-0.040807229698687185,-0.010504644487359435,0.2999999999999998
5.44,1.5817435661855297,0.0,1.0567369484539175,1.0,-0.0032272481398989885,0.1894560090790156,0.05226035027894393,-0.040807229698687185,-0.010504644487359435,0.2999999999999998
5.46,1.5837435661855297,0.0,1.0569369484539175,1.0,-0.0032272481398989885,0.1894560090790156,0.05226035027894393,-0.040807229698687185,-0.010504644487359435,0.2999999999999998
5.48,1.5857435661855297,0.0,1.0571369484539175,1.0,-0.0032272481398989885,0.1894560090790156,0.05226035027894393,-0.040807229698687185,-0.010504644487359435,0.2999999999999998
5.5,1.5877435661855297,0.0,1.0573369484539175,1.0,-0.0032272481398989885,0.1894560090790156,0.05226035027894393,-0.040807229698687185,-0.010504644487359435,0.2999999999999998
5.5200000000000005,1.5897435661855297,0.0,1.0575369484539174,1.0,-0.0032272481398989885,0.1894560090790156,0.05226035027894393,-0.040807229698687185,-0.010504644487359435,0.2999999999999998
5.54,1.5917435661855297,0.0,1.0577369484539174,1.0,-0.0032272481398989885,0.1894560090790156,0.05226035027894393,-0.040807229698687185,-0.010504644487359435,0.2999999999999998
5.5600000000000005,1.5937435661855297,0.0,1.0579369484539174,1.0,-0.0032272481398989885,0.1894560090790156,0.05226035027894393,-0.040807229698687185,-0.010504644487359435,0.2999999999999998
5.58,1.5957435661855297,0.0,1.0581369484539174,1.0,-0.0032272481398989885,0.1894560090790156,0.05226035027894393,-0.040807229698687185,-0.010504644487359435,0.2999999999999998
5.6000000000000005,1.5977435661855297,0.0,1.0583369484539173,1.0,-0.0032272481398989885,0.1894560090790156,0.05226035027894393,-0.040807229698687185,-0.010504644487359435,0.2999999999999998
5.62,1.5997435661855297,0.0,1.0585369484539173,1.0,-0.0032272481398989885,0.1894560090790156,0.05226035027894393,-0.040807229698687185,-0.010504644487359435,0.2999999999999998
5.64,1.6017435661855297,0.0,1.0587369484539173,1.0,-0.0032272481398989885,0.1894560090790156,0.05226035027894393,-0.040807229698687185,-0.010504644487359435,0.2999999999999998
5.66,1.6037435661855297,0.0,1.0589369484539173,1.0,-0.0032272481398989885,0.1894560090790156,0.05226035027894393,-0.040807229698687185,-0.010504644487359435,0.2999999999999998
5.68,1.6057435661855297,0.0,1.0591369484539173,1.0,-0.0032272481398989885,0.1894560090790156,0.05226035027894393,-0.040807229698687185,-0.010504644487359435,0.2999999999999998
5.7,1.6077435661855297,0.0,1.0593369484539172,1.0,-0.0032272481398989885,0.1894560090790156,0.05226035027894393,-0.040807229698687185,-0.010504644487359435,0.2999999999999998
5.72,1.6097435661855297,0.0,1.0595369484539172,1.0,-0.0032272481398989885,0.1894560090790156,0.05226035027894393,-0.040807229698687185,-0.010504644487359435,0.2999999999999998
5.74,1.6117435661855297,0.0,1.0597369484539172,1.0,-0.0032272481398989885,0.1894560090790156,0.05226035027894393,-0.040807229698687185,-0.010504644487359435,0.2999999999999998
5.76,1.6137435661855297,0.0,1.0599369484539172,1.0,-0.0032272481398989885,0.1894560090790156,0.05226035027894393,-0.040807229698687185,-0.010504644487359435,0.2999999999999998
5.78,1.6157435661855297,0.0,1.0601369484539171,1.0,-0.0032272481398989885,0.1894560090790156,0.05226035027894393,-0.040807229698687185,-0.010504644487359435,0.2999999999999998
5.8,1.6177435661855297,0.0,1.0603369484539171,1.0,-0.0032272481398989885,0.1894560090790156,0.05226035027894393,-0.040807229698687185,-0.010504644487359435,0.2999999999999998
5.82,1.6197435661855297,0.0,1.060536948453917,1.0,-0.0032272481398989885,0.1894560090790156,0.05226035027894393,-0.040807229698687185,-0.010504644487359435,0.2999999999999998
5.84,1.6217435661855297,0.0,1.060736948453917,1.0,-0.0032272481398989885,0.1894560090790156,0.05226035027894393,-0.040807229698687185,-0.010504644487359435,0.2999999999999998
5.86,1.6237435661855297,0.0,1.060936948453917,1.0,-0.0032272481398989885,0.1894560090790156,0.05226035027894393,-0.040807229698687185,-0.010504644487359435,0.2999999999999998
5.88,1.6257435661855297,0.0,1.061136948453917,1.0,-0.0032272481398989885,0.1894560090790156,0.05226035027894393,-0.040807229698687185,-0.010504644487359435,0.2999999999999998
5.9,1.6277435661855297,0.0,1.061336948453917,1.0,-0.0032272481398989885,0.1894560090790156,0.05226035027894393,-0.040807229698687185,-0.010504644487359435,0.2999999999999998
5.92,1.6297435661855297,0.0,1.061536948453917,1.0,-0.0032272481398989885,0.1894560090790156,0.05226035027894393,-0.040807229698687185,-0.010504644487359435,0.2999999999999998
5.94,1.6317435661855297,0.0,1.061736948453917,1.0,-0.0032272481398989885,0.1894560090790156,0.05226035027894393,-0.040807229698687185,-0.010504644487359435,0.2999999999999998
5.96,1.6337435661855297,0.0,1.061936948453917,1.0,-0.0032272481398989885,0.1894560090790156,0.05226035027894393,-0.040807229698687185,-0.010504644487359435,0.2999999999999998
5.98,1.6357435661855297,0.0,1.062136948453917,1.0,-0.0032272481398989885,0.1894560090790156,0.05226035027894393,-0.040807229698687185,-0.010504644487359435,0.2999999999999998
6.0,1.6377435661855297,0.0,1.062336948453917,1.0,-0.0032272481398989885,0.1894560090790156,0.05226035027894393,-0.040807229698687185,-0.010504644487359435,0.2999999999999998
6.0200000000000005,1.6397435661855297,0.0,1.0625369484539169,1.0,-0.0032272481398989885,0.1894560090790156,0.05226035027894393,-0.040807229698687185,-0.010504644487359435,0.2999999999999998
6.04,1.6417435661855297,0.0,1.0627369484539169,1.0,-0.0032272481398989885,0.1894560090790156,0.05226035027894393,-0.040807229698687185,-0.010504644487359435,0.2999999999999998
6.0600000000000005,1.6437435661855297,0.0,1.0629369484539168,1.0,-0.0032272481398989885,0.1894560090790156,0.05226035027894393,-0.040807229698687185,-0.010504644487359435,0.2999999999999998
6.08,1.6457435661855297,0.0,1.0631369484539168,1.0,-0.0032272481398989885,0.1894560090790156,0.05226035027894393,-0.040807229698687185,-0.010504644487359435,0.2999999999999998
6.1000000000000005,1.6477435661855298,0.0,1.0633369484539168,1.0,-0.0032272481398989885,0.1894560090790156,0.05226035027894393,-0.040807229698687185,-0.010504644487359435,0.2999999999999998
6.12,1.6497435661855298,0.0,1.0635369484539168,1.0,-0.0032272481398989885,0.1894560090790156,0.05226035027894393,-0.040807229698687185,-0.010504644487359435,0.2999999999999998
6.140000000000001,1.6517435661855298,0.0,1.0637369484539168,1.0,-0.0032272481398989885,0.1894560090790156,0.05226035027894393,-0.040807229698687185,-0.010504644487359435,0.2999999999999998
6.16,1.6537435661855298,0.0,1.0639369484539167,1.0,-0.0032272481398989885,0.1894560090790156,0.05226035027894393,-0.040807229698687185,-0.010504644487359435,0.2999999999999998
6.18,1.6557435661855298,0.0,1.0641369484539167,1.0,-0.0032272481398989885,0.1894560090790156,0.05226035027894393,-0.040807229698687185,-0.010504644487359435,0.2999999999999998
6.2,1.6577435661855298,0.0,1.0643369484539167,1.0,-0.0032272481398989885,0.1894560090790156,0.05226035027894393,-0.040807229698687185,-0.010504644487359435,0.2999999999999998
6.22,1.6597435661855298,0.0,1.0645369484539167,1.0,-0.0032272481398989885,0.1894560090790156,0.05226035027894393,-0.040807229698687185,-0.010504644487359435,0.2999999999999998
6.24,1.6617435661855298,0.0,1.0647369484539166,1.0,-0.0032272481398989885,0.1894560090790156,0.05226035027894393,-0.040807229698687185,-0.010504644487359435,0.2999999999999998
6.26,1.6637435661855298,0.0,1.0649369484539166,1.0,-0.0032272481398989885,0.1894560090790156,0.05226035027894393,-0.040807229698687185,-0.010504644487359435,0.2999999999999998
6.28,1.6657435661855298,0.0,1.0651369484539166,1.0,-0.0032272481398989885,0.1894560090790156,0.05226035027894393,-0.040807229698687185,-0.010504644487359435,0.2999999999999998
6.3,1.6677435661855298,0.0,1.0653369484539166,1.0,-0.0032272481398989885,0.1894560090790156,0.05226035027894393,-0.040807229698687185,-0.010504644487359435,0.2999999999999998
6.32,1.6697435661855298,0.0,1.0655369484539166,1.0,-0.0032272481398989885,0.1894560090790156,0.05226035027894393,-0.040807229698687185,-0.010504644487359435,0.2999999999999998
6.34,1.6717435661855298,0.0,1.0657369484539165,1.0,-0.0032272481398989885,0.1894560090790156,0.05226035027894393,-0.040807229698687185,-0.010504644487359435,0.2999999999999998
6.36,1.6737435661855298,0.0,1.0659369484539165,1.0,-0.0032272481398989885,0.1894560090790156,0.05226035027894393,-0.040807229698687185,-0.010504644487359435,0.2999999999999998
6.38,1.6757435661855298,0.0,1.0661369484539165,1.0,-0.0032272481398989885,0.1894560090790156,0.05226035027894393,-0.040807229698687185,-0.010504644487359435,0.2999999999999998
6.4,1.6777435661855298,0.0,1.0663369484539165,1.0,-0.0032272481398989885,0.1894560090790156,0.05226035027894393,-0.040807229698687185,-0.010504644487359435,0.2999999999999998
6.42,1.6797435661855298,0.0,1.0665369484539164,1.0,-0.0032272481398989885,0.1894560090790156,0.05226035027894393,-0.040807229698687185,-0.010504644487359435,0.2999999999999998
6.44,1.6817435661855298,0.0,1.0667369484539164,1.0,-0.0032272481398989885,0.1894560090790156,0.05226035027894393,-0.040807229698687185,-0.010504644487359435,0.2999999999999998
6.46,1.6837435661855298,0.0,1.0669369484539164,1.0,-0.0032272481398989885,0.1894560090790156,0.05226035027894393,-0.040807229698687185,-0.010504644487359435,0.2999999999999998
6.48,1.6857435661855298,0.0,1.0671369484539164,1.0,-0.0032272481398989885,0.1894560090790156,0.05226035027894393,-0.040807229698687185,-0.010504644487359435,0.2999999999999998
6.5,1.6877435661855298,0.0,1.0673369484539164,1.0,-0.0032272481398989885,0.1894560090790156,0.05226035027894393,-0.040807229698687185,-0.010504644487359435,0.2999999999999998
6.5200000000000005,1.6897435661855298,0.0,1.0675369484539163,1.0,-0.0032272481398989885,0.1894560090790156,0.05226035027894393,-0.040807229698687185,-0.010504644487359435,0.2999999999999998
6.54,1.6917435661855298,0.0,1.0677369484539163,1.0,-0.0032272481398989885,0.1894560090790156,0.05226035027894393,-0.040807229698687185,-0.010504644487359435,0.2999999999999998
6.5600000000000005,1.6937435661855298,0.0,1.0679369484539163,1.0,-0.0032272481398989885,0.1894560090790156,0.05226035027894393,-0.040807229698687185,-0.010504644487359435,0.2999999999999998
6.58,1.6957435661855298,0.0,1.0681369484539163,1.0,-0.0032272481398989885,0.1894560090790156,0.05226035027894393,-0.040807229698687185,-0.010504644487359435,0.2999999999999998
6.6000000000000005,1.6977435661855298,0.0,1.0683369484539162,1.0,-0.0032272481398989885,0.1894560090790156,0.05226035027894393,-0.040807229698687185,-0.010504644487359435,0.2999999999999998
6.62,1.6997435661855298,0.0,1.0685369484539162,1.0,-0.0032272481398989885,0.1894560090790156,0.05226035027894393,-0.040807229698687185,-0.010504644487359435,0.2999999999999998
6.640000000000001,1.7017435661855298,0.0,1.0687369484539162,1.0,-0.0032272481398989885,0.1894560090790156,0.05226035027894393,-0.040807229698687185,-0.010504644487359435,0.2999999999999998
6.66,1.7037435661855298,0.0,1.0689369484539162,1.0,-0.0032272481398989885,0.1894560090790156,0.05226035027894393,-0.040807229698687185,-0.010504644487359435,0.2999999999999998
6.68,1.7057435661855298,0.0,1.0691369484539162,1.0,-0.0032272481398989885,0.1894560090790156,0.05226035027894393,-0.040807229698687185,-0.010504644487359435,0.2999999999999998
6.7,1.7077435661855298,0.0,1.0693369484539161,1.0,-0.0032272481398989885,0.1894560090790156,0.05226035027894393,-0.040807229698687185,-0.010504644487359435,0.2999999999999998
6.72,1.7097435661855298,0.0,1.0695369484539161,1.0,-0.0032272481398989885,0.1894560090790156,0.05226035027894393,-0.040807229698687185,-0.010504644487359435,0.2999999999999998
6.74,1.7117435661855298,0.0,1.069736948453916,1.0,-0.0032272481398989885,0.1894560090790156,0.05226035027894393,-0.040807229698687185,-0.010504644487359435,0.2999999999999998
6.76,1.7137435661855298,0.0,1.069936948453916,1.0,-0.0032272481398989885,0.1894560090790156,0.05226035027894393,-0.040807229698687185,-0.010504644487359435,0.2999999999999998
6.78,1.7157435661855298,0.0,1.070136948453916,1.0,-0.0032272481398989885,0.1894560090790156,0.05226035027894393,-0.040807229698687185,-0.010504644487359435,0.2999999999999998
6.8,1.7177435661855298,0.0,1.070336948453916,1.0,-0.0032272481398989885,0.1894560090790156,0.05226035027894393,-0.040807229698687185,-0.010504644487359435,0.2999999999999998
6.82,1.7197435661855298,0.0,1.070536948453916,1.0,-0.0032272481398989885,0.1894560090790156,0.05226035027894393,-0.040807229698687185,-0.010504644487359435,0.2999999999999998
6.84,1.7217435661855298,0.0,1.070736948453916,1.0,-0.0032272481398989885,0.1894560090790156,0.05226035027894393,-0.040807229698687185,-0.010504644487359435,0.2999999999999998
6.86,1.7237435661855298,0.0,1.070936948453916,1.0,-0.0032272481398989885,0.1894560090790156,0.05226035027894393,-0.040807229698687185,-0.010504644487359435,0.2999999999999998
6.88,1.7257435661855298,0.0,1.071136948453916,1.0,-0.0032272481398989885,0.1894560090790156,0.05226035027894393,-0.040807229698687185,-0.010504644487359435,0.2999999999999998
6.9,1.7277435661855298,0.0,1.071336948453916,1.0,-0.0032272481398989885,0.1894560090790156,0.05226035027894393,-0.040807229698687185,-0.010504644487359435,0.2999999999999998
6.92,1.7297435661855298,0.0,1.071536948453916,1.0,-0.0032272481398989885,0.1894560090790156,0.05226035027894393,-0.040807229698687185,-0.010504644487359435,0.2999999999999998
6.94,1.7317435661855298,0.0,1.0717369484539159,1.0,-0.0032272481398989885,0.1894560090790156,0.05226035027894393,-0.040807229698687185,-0.010504644487359435,0.2999999999999998
6.96,1.7337435661855298,0.0,1.0719369484539158,1.0,-0.0032272481398989885,0.1894560090790156,0.05226035027894393,-0.040807229698687185,-0.010504644487359435,0.2999999999999998
6.98,1.7357435661855298,0.0,1.0721369484539158,1.0,-0.0032272481398989885,0.1894560090790156,0.05226035027894393,-0.040807229698687185,-0.010504644487359435,0.2999999999999998
7.0,1.7377435661855298,0.0,1.0723369484539158,1.0,-0.0032272481398989885,0.1894560090790156,0.05226035027894393,-0.040807229698687185,-0.010504644487359435,0.2999999999999998
7.0200000000000005,1.7397435661855298,0.0,1.0725369484539158,1.0,-0.0032272481398989885,0.1894560090790156,0.05226035027894393,-0.040807229698687185,-0.010504644487359435,0.2999999999999998
7.04,1.7417435661855298,0.0,1.0727369484539158,1.0,-0.0032272481398989885,0.1894560090790156,0.05226035027894393,-0.040807229698687185,-0.010504644487359435,0.2999999999999998
7.0600000000000005,1.7437435661855298,0.0,1.0729369484539157,1.0,-0.0032272481398989885,0.1894560090790156,0.05226035027894393,-0.040807229698687185,-0.010504644487359435,0.2999999999999998
7.08,1.7457435661855298,0.0,1.0731369484539157,1.0,-0.0032272481398989885,0.1894560090790156,0.05226035027894393,-0.040807229698687185,-0.010504644487359435,0.2999999999999998
7.1000000000000005,1.7477435661855298,0.0,1.0733369484539157,1.0,-0.0032272481398989885,0.1894560090790156,0.05226035027894393,-0.040807229698687185,-0.010504644487359435,0.2999999999999998
7.12,1.7497435661855298,0.0,1.0735369484539157,1.0,-0.0032272481398989885,0.1894560090790156,0.05226035027894393,-0.040807229698687185,-0.010504644487359435,0.2999999999999998
7.140000000000001,1.7517435661855298,0.0,1.0737369484539157,1.0,-0.0032272481398989885,0.1894560090790156,0.05226035027894393,-0.040807229698687185,-0.010504644487359435,0.2999999999999998
7.16,1.7537435661855298,0.0,1.0739369484539156,1.0,-0.0032272481398989885,0.1894560090790156,0.05226035027894393,-0.040807229698687185,-0.010504644487359435,0.2999999999999998
7.18,1.7557435661855298,0.0,1.0741369484539156,1.0,-0.0032272481398989885,0.1894560090790156,0.05226035027894393,-0.040807229698687185,-0.010504644487359435,0.2999999999999998
7.2,1.7577435661855298,0.0,1.0743369484539156,1.0,-0.0032272481398989885,0.1894560090790156,0.05226035027894393,-0.040807229698687185,-0.010504644487359435,0.2999999999999998
7.22,1.7597435661855299,0.0,1.0745369484539156,1.0,-0.0032272481398989885,0.1894560090790156,0.05226035027894393,-0.040807229698687185,-0.010504644487359435,0.2999999999999998
7.24,1.7617435661855299,0.0,1.0747369484539155,1.0,-0.0032272481398989885,0.1894560090790156,0.05226035027894393,-0.040807229698687185,-0.010504644487359435,0.2999999999999998
7.26,1.7637435661855299,0.0,1.0749369484539155,1.0,-0.0032272481398989885,0.1894560090790156,0.05226035027894393,-0.040807229698687185,-0.010504644487359435,0.2999999999999998
7.28,1.7657435661855299,0.0,1.0751369484539155,1.0,-0.0032272481398989885,0.1894560090790156,0.05226035027894393,-0.040807229698687185,-0.010504644487359435,0.2999999999999998
7.3,1.7677435661855299,0.0,1.0753369484539155,1.0,-0.0032272481398989885,0.1894560090790156,0.05226035027894393,-0.040807229698687185,-0.010504644487359435,0.2999999999999998
7.32,1.7697435661855299,0.0,1.0755369484539155,1.0,-0.0032272481398989885,0.1894560090790156,0.05226035027894393,-0.040807229698687185,-0.010504644487359435,0.2999999999999998
7.34,1.7717435661855299,0.0,1.0757369484539154,1.0,-0.0032272481398989885,0.1894560090790156,0.05226035027894393,-0.040807229698687185,-0.010504644487359435,0.2999999999999998
7.36,1.7737435661855299,0.0,1.0759369484539154,1.0,-0.0032272481398989885,0.1894560090790156,0.05226035027894393,-0.040807229698687185,-0.010504644487359435,0.2999999999999998
7.38,1.7757435661855299,0.0,1.0761369484539154,1.0,-0.0032272481398989885,0.1894560090790156,0.05226035027894393,-0.040807229698687185,-0.010504644487359435,0.2999999999999998
7.4,1.7777435661855299,0.0,1.0763369484539154,1.0,-0.0032272481398989885,0.1894560090790156,0.05226035027894393,-0.040807229698687185,-0.010504644487359435,0.2999999999999998
7.42,1.7797435661855299,0.0,1.0765369484539153,1.0,-0.0032272481398989885,0.1894560090790156,0.05226035027894393,-0.040807229698687185,-0.010504644487359435,0.2999999999999998
7.44,1.7817435661855299,0.0,1.0767369484539153,1.0,-0.0032272481398989885,0.1894560090790156,0.05226035027894393,-0.040807229698687185,-0.010504644487359435,0.2999999999999998
7.46,1.7837435661855299,0.0,1.0769369484539153,1.0,-0.0032272481398989885,0.1894560090790156,0.05226035027894393,-0.040807229698687185,-0.010504644487359435,0.2999999999999998
7.48,1.7857435661855299,0.0,1.0771369484539153,1.0,-0.0032272481398989885,0.1894560090790156,0.05226035027894393,-0.040807229698687185,-0.010504644487359435,0.2999999999999998
7.5,1.7877435661855299,0.0,1.0773369484539153,1.0,-0.0032272481398989885,0.1894560090790156,0.05226035027894393,-0.040807229698687185,-0.010504644487359435,0.2999999999999998
7.5200000000000005,1.7897435661855299,0.0,1.0775369484539152,1.0,-0.0032272481398989885,0.1894560090790156,0.05226035027894393,-0.040807229698687185,-0.010504644487359435,0.2999999999999998
7.54,1.7917435661855299,0.0,1.0777369484539152,1.0,-0.0032272481398989885,0.1894560090790156,0.05226035027894393,-0.040807229698687185,-0.010504644487359435,0.2999999999999998
7.5600000000000005,1.7937435661855299,0.0,1.0779369484539152,1.0,-0.0032272481398989885,0.1894560090790156,0.05226035027894393,-0.040807229698687185,-0.010504644487359435,0.2999999999999998
7.58,1.7957435661855299,0.0,1.0781369484539152,1.0,-0.0032272481398989885,0.1894560090790156,0.05226035027894393,-0.040807229698687185,-0.010504644487359435,0.2999999999999998
7.6000000000000005,1.7977435661855299,0.0,1.0783369484539151,1.0,-0.0032272481398989885,0.1894560090790156,0.05226035027894393,-0.040807229698687185,-0.010504644487359435,0.2999999999999998
7.62,1.7997435661855299,0.0,1.0785369484539151,1.0,-0.0032272481398989885,0.1894560090790156,0.05226035027894393,-0.040807229698687185,-0.010504644487359435,0.2999999999999998
7.640000000000001,1.8017435661855299,0.0,1.078736948453915,1.0,-0.0032272481398989885,0.1894560090790156,0.05226035027894393,-0.040807229698687185,-0.010504644487359435,0.2999999999999998
7.66,1.80374356618553,0.0,1.078936948453915,1.0,-0.0032272481398989885,0.1894560090790156,0.05226035027894393,-0.040807229698687185,-0.010504644487359435,0.2999999999999998
7.68,1.80574356618553,0.0,1.079136948453915,1.0,-0.0032272481398989885,0.1894560090790156,0.05226035027894393,-0.040807229698687185,-0.010504644487359435,0.2999999999999998
7.7,1.80774356618553,0.0,1.079336948453915,1.0,-0.0032272481398989885,0.1894560090790156,0.05226035027894393,-0.040807229698687185,-0.010504644487359435,0.2999999999999998
7.72,1.80974356618553,0.0,1.079536948453915,1.0,-0.0032272481398989885,0.1894560090790156,0.05226035027894393,-0.040807229698687185,-0.010504644487359435,0.2999999999999998
7.74,1.81174356618553,0.0,1.079736948453915,1.0,-0.0032272481398989885,0.1894560090790156,0.05226035027894393,-0.040807229698687185,-0.010504644487359435,0.2999999999999998
7.76,1.81374356618553,0.0,1.079936948453915,1.0,-0.0032272481398989885,0.1894560090790156,0.05226035027894393,-0.040807229698687185,-0.010504644487359435,0.2999999999999998
7.78,1.81574356618553,0.0,1.080136948453915,1.0,-0.0032272481398989885,0.1894560090790156,0.05226035027894393,-0.040807229698687185,-0.010504644487359435,0.2999999999999998
7.8,1.81774356618553,0.0,1.080336948453915,1.0,-0.0032272481398989885,0.1894560090790156,0.05226035027894393,-0.040807229698687185,-0.010504644487359435,0.2999999999999998
7.82,1.81974356618553,0.0,1.080536948453915,1.0,-0.0032272481398989885,0.1894560090790156,0.05226035027894393,-0.040807229698687185,-0.010504644487359435,0.2999999999999998
7.84,1.82174356618553,0.0,1.0807369484539149,1.0,-0.0032272481398989885,0.1894560090790156,0.05226035027894393,-0.040807229698687185,-0.010504644487359435,0.2999999999999998
7.86,1.82374356618553,0.0,1.0809369484539149,1.0,-0.0032272481398989885,0.1894560090790156,0.05226035027894393,-0.040807229698687185,-0.010504644487359435,0.2999999999999998
7.88,1.82574356618553,0.0,1.0811369484539148,1.0,-0.0032272481398989885,0.1894560090790156,0.05226035027894393,-0.040807229698687185,-0.010504644487359435,0.2999999999999998
7.9,1.82774356618553,0.0,1.0813369484539148,1.0,-0.0032272481398989885,0.1894560090790156,0.05226035027894393,-0.040807229698687185,-0.010504644487359435,0.2999999999999998
7.92,1.82974356618553,0.0,1.0815369484539148,1.0,-0.0032272481398989885,0.1894560090790156,0.05226035027894393,-0.040807229698687185,-0.010504644487359435,0.2999999999999998
7.94,1.83174356618553,0.0,1.0817369484539148,1.0,-0.0032272481398989885,0.1894560090790156,0.05226035027894393,-0.040807229698687185,-0.010504644487359435,0.2999999999999998
7.96,1.83374356618553,0.0,1.0819369484539147,1.0,-0.0032272481398989885,0.1894560090790156,0.05226035027894393,-0.040807229698687185,-0.010504644487359435,0.2999999999999998
7.98,1.83574356618553,0.0,1.0821369484539147,1.0,-0.0032272481398989885,0.1894560090790156,0.05226035027894393,-0.040807229698687185,-0.010504644487359435,0.2999999999999998
8.0,1.83774356618553,0.0,1.0823369484539147,1.0,-0.0032272481398989885,0.1894560090790156,0.05226035027894393,-0.040807229698687185,-0.010504644487359435,0.2999999999999998
8.02,1.83974356618553,0.0,1.0825369484539147,1.0,-0.0032272481398989885,0.1894560090790156,0.05226035027894393,-0.040807229698687185,-0.010504644487359435,0.2999999999999998
8.040000000000001,1.84174356618553,0.0,1.0827369484539147,1.0,-0.0032272481398989885,0.1894560090790156,0.05226035027894393,-0.040807229698687185,-0.010504644487359435,0.2999999999999998
8.06,1.84374356618553,0.0,1.0829369484539146,1.0,-0.0032272481398989885,0.1894560090790156,0.05226035027894393,-0.040807229698687185,-0.010504644487359435,0.2999999999999998
8.08,1.84574356618553,0.0,1.0831369484539146,1.0,-0.0032272481398989885,0.1894560090790156,0.05226035027894393,-0.040807229698687185,-0.010504644487359435,0.2999999999999998
8.1,1.84774356618553,0.0,1.0833369484539146,1.0,-0.0032272481398989885,0.1894560090790156,0.05226035027894393,-0.040807229698687185,-0.010504644487359435,0.2999999999999998
8.120000000000001,1.84974356618553,0.0,1.0835369484539146,1.0,-0.0032272481398989885,0.1894560090790156,0.05226035027894393,-0.040807229698687185,-0.010504644487359435,0.2999999999999998
8.14,1.85174356618553,0.0,1.0837369484539146,1.0,-0.0032272481398989885,0.1894560090790156,0.05226035027894393,-0.040807229698687185,-0.010504644487359435,0.2999999999999998
8.16,1.85374356618553,0.0,1.0839369484539145,1.0,-0.0032272481398989885,0.1894560090790156,0.05226035027894393,-0.040807229698687185,-0.010504644487359435,0.2999999999999998
8.18,1.85574356618553,0.0,1.0841369484539145,1.0,-0.0032272481398989885,0.1894560090790156,0.05226035027894393,-0.040807229698687185,-0.010504644487359435,0.2999999999999998
8.2,1.85774356618553,0.0,1.0843369484539145,1.0,-0.0032272481398989885,0.1894560090790156,0.05226035027894393,-0.040807229698687185,-0.010504644487359435,0.2999999999999998
8.22,1.85974356618553,0.0,1.0845369484539145,1.0,-0.0032272481398989885,0.1894560090790156,0.05226035027894393,-0.040807229698687185,-0.010504644487359435,0.2999999999999998
8.24,1.86174356618553,0.0,1.0847369484539144,1.0,-0.0032272481398989885,0.1894560090790156,0.05226035027894393,-0.040807229698687185,-0.010504644487359435,0.2999999999999998
8.26,1.86374356618553,0.0,1.0849369484539144,1.0,-0.0032272481398989885,0.1894560090790156,0.05226035027894393,-0.040807229698687185,-0.010504644487359435,0.2999999999999998
8.28,1.86574356618553,0.0,1.0851369484539144,1.0,-0.0032272481398989885,0.1894560090790156,0.05226035027894393,-0.040807229698687185,-0.010504644487359435,0.2999999999999998
8.3,1.86774356618553,0.0,1.0853369484539144,1.0,-0.0032272481398989885,0.1894560090790156,0.05226035027894393,-0.040807229698687185,-0.010504644487359435,0.2999999999999998
8.32,1.86974356618553,0.0,1.0855369484539144,1.0,-0.0032272481398989885,0.1894560090790156,0.05226035027894393,-0.040807229698687185,-0.010504644487359435,0.2999999999999998
8.34,1.87174356618553,0.0,1.0857369484539143,1.0,-0.0032272481398989885,0.1894560090790156,0.05226035027894393,-0.040807229698687185,-0.010504644487359435,0.2999999999999998
8.36,1.87374356618553,0.0,1.0859369484539143,1.0,-0.0032272481398989885,0.1894560090790156,0.05226035027894393,-0.040807229698687185,-0.010504644487359435,0.2999999999999998
8.38,1.87574356618553,0.0,1.0861369484539143,1.0,-0.0032272481398989885,0.1894560090790156,0.05226035027894393,-0.040807229698687185,-0.010504644487359435,0.2999999999999998
8.4,1.87774356618553,0.0,1.0863369484539143,1.0,-0.0032272481398989885,0.1894560090790156,0.05226035027894393,-0.040807229698687185,-0.010504644487359435,0.2999999999999998
8.42,1.87974356618553,0.0,1.0865369484539142,1.0,-0.0032272481398989885,0.1894560090790156,0.05226035027894393,-0.040807229698687185,-0.010504644487359435,0.2999999999999998
8.44,1.88174356618553,0.0,1.0867369484539142,1.0,-0.0032272481398989885,0.1894560090790156,0.05226035027894393,-0.040807229698687185,-0.010504644487359435,0.2999999999999998
8.46,1.88374356618553,0.0,1.0869369484539142,1.0,-0.0032272481398989885,0.1894560090790156,0.05226035027894393,-0.040807229698687185,-0.010504644487359435,0.2999999999999998
8.48,1.88574356618553,0.0,1.0871369484539142,1.0,-0.0032272481398989885,0.1894560090790156,0.05226035027894393,-0.040807229698687185,-0.010504644487359435,0.2999999999999998
8.5,1.88774356618553,0.0,1.0873369484539142,1.0,-0.0032272481398989885,0.1894560090790156,0.05226035027894393,-0.040807229698687185,-0.010504644487359435,0.2999999999999998
8.52,1.88974356618553,0.0,1.0875369484539141,1.0,-0.0032272481398989885,0.1894560090790156,0.05226035027894393,-0.040807229698687185,-0.010504644487359435,0.2999999999999998
8.540000000000001,1.89174356618553,0.0,1.087736948453914,1.0,-0.0032272481398989885,0.1894560090790156,0.05226035027894393,-0.040807229698687185,-0.010504644487359435,0.2999999999999998
8.56,1.89374356618553,0.0,1.087936948453914,1.0,-0.0032272481398989885,0.1894560090790156,0.05226035027894393,-0.040807229698687185,-0.010504644487359435,0.2999999999999998
8.58,1.89574356618553,0.0,1.088136948453914,1.0,-0.0032272481398989885,0.1894560090790156,0.05226035027894393,-0.040807229698687185,-0.010504644487359435,0.2999999999999998
8.6,1.89774356618553,0.0,1.088336948453914,1.0,-0.0032272481398989885,0.1894560090790156,0.05226035027894393,-0.040807229698687185,-0.010504644487359435,0.2999999999999998
8.620000000000001,1.89974356618553,0.0,1.088536948453914,1.0,-0.0032272481398989885,0.1894560090790156,0.05226035027894393,-0.040807229698687185,-0.010504644487359435,0.2999999999999998
8.64,1.90174356618553,0.0,1.088736948453914,1.0,-0.0032272481398989885,0.1894560090790156,0.05226035027894393,-0.040807229698687185,-0.010504644487359435,0.2999999999999998
8.66,1.90374356618553,0.0,1.088936948453914,1.0,-0.0032272481398989885,0.1894560090790156,0.05226035027894393,-0.040807229698687185,-0.010504644487359435,0.2999999999999998
8.68,1.90574356618553,0.0,1.089136948453914,1.0,-0.0032272481398989885,0.1894560090790156,0.05226035027894393,-0.040807229698687185,-0.010504644487359435,0.2999999999999998
8.700000000000001,1.90774356618553,0.0,1.089336948453914,1.0,-0.0032272481398989885,0.1894560090790156,0.05226035027894393,-0.040807229698687185,-0.010504644487359435,0.2999999999999998
8.72,1.90974356618553,0.0,1.089536948453914,1.0,-0.0032272481398989885,0.1894560090790156,0.05226035027894393,-0.040807229698687185,-0.010504644487359435,0.2999999999999998
8.74,1.91174356618553,0.0,1.089736948453914,1.0,-0.0032272481398989885,0.1894560090790156,0.05226035027894393,-0.040807229698687185,-0.010504644487359435,0.2999999999999998
8.76,1.91374356618553,0.0,1.0899369484539139,1.0,-0.0032272481398989885,0.1894560090790156,0.05226035027894393,-0.040807229698687185,-0.010504644487359435,0.2999999999999998
8.78,1.91574356618553,0.0,1.0901369484539138,1.0,-0.0032272481398989885,0.1894560090790156,0.05226035027894393,-0.040807229698687185,-0.010504644487359435,0.2999999999999998
8.8,1.91774356618553,0.0,1.0903369484539138,1.0,-0.0032272481398989885,0.1894560090790156,0.05226035027894393,-0.040807229698687185,-0.010504644487359435,0.2999999999999998
8.82,1.91974356618553,0.0,1.0905369484539138,1.0,-0.0032272481398989885,0.1894560090790156,0.05226035027894393,-0.040807229698687185,-0.010504644487359435,0.2999999999999998
8.84,1.92174356618553,0.0,1.0907369484539138,1.0,-0.0032272481398989885,0.1894560090790156,0.05226035027894393,-0.040807229698687185,-0.010504644487359435,0.2999999999999998
8.86,1.92374356618553,0.0,1.0909369484539138,1.0,-0.0032272481398989885,0.1894560090790156,0.05226035027894393,-0.040807229698687185,-0.010504644487359435,0.2999999999999998
8.88,1.92574356618553,0.0,1.0911369484539137,1.0,-0.0032272481398989885,0.1894560090790156,0.05226035027894393,-0.040807229698687185,-0.010504644487359435,0.2999999999999998
8.9,1.92774356618553,0.0,1.0913369484539137,1.0,-0.0032272481398989885,0.1894560090790156,0.05226035027894393,-0.040807229698687185,-0.010504644487359435,0.2999999999999998
8.92,1.92974356618553,0.0,1.0915369484539137,1.0,-0.0032272481398989885,0.1894560090790156,0.05226035027894393,-0.040807229698687185,-0.010504644487359435,0.2999999999999998
8.94,1.93174356618553,0.0,1.0917369484539137,1.0,-0.0032272481398989885,0.1894560090790156,0.05226035027894393,-0.040807229698687185,-0.010504644487359435,0.2999999999999998
8.96,1.93374356618553,0.0,1.0919369484539136,1.0,-0.0032272481398989885,0.1894560090790156,0.05226035027894393,-0.040807229698687185,-0.010504644487359435,0.2999999999999998
8.98,1.93574356618553,0.0,1.0921369484539136,1.0,-0.0032272481398989885,0.1894560090790156,0.05226035027894393,-0.040807229698687185,-0.010504644487359435,0.2999999999999998
9.0,1.93774356618553,0.0,1.0923369484539136,1.0,-0.0032272481398989885,0.1894560090790156,0.05226035027894393,-0.040807229698687185,-0.010504644487359435,0.2999999999999998
9.02,1.93974356618553,0.0,1.0925369484539136,1.0,-0.0032272481398989885,0.1894560090790156,0.05226035027894393,-0.040807229698687185,-0.010504644487359435,0.2999999999999998
9.040000000000001,1.94174356618553,0.0,1.0927369484539136,1.0,-0.0032272481398989885,0.1894560090790156,0.05226035027894393,-0.040807229698687185,-0.010504644487359435,0.2999999999999998
9.06,1.94374356618553,0.0,1.0929369484539135,1.0,-0.0032272481398989885,0.1894560090790156,0.05226035027894393,-0.040807229698687185,-0.010504644487359435,0.2999999999999998
9.08,1.94574356618553,0.0,1.0931369484539135,1.0,-0.0032272481398989885,0.1894560090790156,0.05226035027894393,-0.040807229698687185,-0.010504644487359435,0.2999999999999998
9.1,1.94774356618553,0.0,1.0933369484539135,1.0,-0.0032272481398989885,0.1894560090790156,0.05226035027894393,-0.040807229698687185,-0.010504644487359435,0.2999999999999998
9.120000000000001,1.94974356618553,0.0,1.0935369484539135,1.0,-0.0032272481398989885,0.1894560090790156,0.05226035027894393,-0.040807229698687185,-0.010504644487359435,0.2999999999999998
9.14,1.95174356618553,0.0,1.0937369484539134,1.0,-0.0032272481398989885,0.1894560090790156,0.05226035027894393,-0.040807229698687185,-0.010504644487359435,0.2999999999999998
9.16,1.95374356618553,0.0,1.0939369484539134,1.0,-0.0032272481398989885,0.1894560090790156,0.05226035027894393,-0.040807229698687185,-0.010504644487359435,0.2999999999999998
9.18,1.95574356618553,0.0,1.0941369484539134,1.0,-0.0032272481398989885,0.1894560090790156,0.05226035027894393,-0.040807229698687185,-0.010504644487359435,0.2999999999999998
9.200000000000001,1.95774356618553,0.0,1.0943369484539134,1.0,-0.0032272481398989885,0.1894560090790156,0.05226035027894393,-0.040807229698687185,-0.010504644487359435,0.2999999999999998
9.22,1.95974356618553,0.0,1.0945369484539134,1.0,-0.0032272481398989885,0.1894560090790156,0.05226035027894393,-0.040807229698687185,-0.010504644487359435,0.2999999999999998
9.24,1.96174356618553,0.0,1.0947369484539133,1.0,-0.0032272481398989885,0.1894560090790156,0.05226035027894393,-0.040807229698687185,-0.010504644487359435,0.2999999999999998
9.26,1.96374356618553,0.0,1.0949369484539133,1.0,-0.0032272481398989885,0.1894560090790156,0.05226035027894393,-0.040807229698687185,-0.010504644487359435,0.2999999999999998
9.28,1.96574356618553,0.0,1.0951369484539133,1.0,-0.0032272481398989885,0.1894560090790156,0.05226035027894393,-0.040807229698687185,-0.010504644487359435,0.2999999999999998
9.3,1.96774356618553,0.0,1.0953369484539133,1.0,-0.0032272481398989885,0.1894560090790156,0.05226035027894393,-0.040807229698687185,-0.010504644487359435,0.2999999999999998
9.32,1.96974356618553,0.0,1.0955369484539133,1.0,-0.0032272481398989885,0.1894560090790156,0.05226035027894393,-0.040807229698687185,-0.010504644487359435,0.2999999999999998
9.34,1.97174356618553,0.0,1.0957369484539132,1.0,-0.0032272481398989885,0.1894560090790156,0.05226035027894393,-0.040807229698687185,-0.010504644487359435,0.2999999999999998
9.36,1.97374356618553,0.0,1.0959369484539132,1.0,-0.0032272481398989885,0.1894560090790156,0.05226035027894393,-0.040807229698687185,-0.010504644487359435,0.2999999999999998
9.38,1.97574356618553,0.0,1.0961369484539132,1.0,-0.0032272481398989885,0.1894560090790156,0.05226035027894393,-0.040807229698687185,-0.010504644487359435,0.2999999999999998
9.4,1.97774356618553,0.0,1.0963369484539132,1.0,-0.0032272481398989885,0.1894560090790156,0.05226035027894393,-0.040807229698687185,-0.010504644487359435,0.2999999999999998
9.42,1.97974356618553,0.0,1.0965369484539131,1.0,-0.0032272481398989885,0.1894560090790156,0.05226035027894393,-0.040807229698687185,-0.010504644487359435,0.2999999999999998
9.44,1.98174356618553,0.0,1.0967369484539131,1.0,-0.0032272481398989885,0.1894560090790156,0.05226035027894393,-0.040807229698687185,-0.010504644487359435,0.2999999999999998
9.46,1.98374356618553,0.0,1.096936948453913,1.0,-0.0032272481398989885,0.1894560090790156,0.05226035027894393,-0.040807229698687185,-0.010504644487359435,0.2999999999999998
9.48,1.98574356618553,0.0,1.097136948453913,1.0,-0.0032272481398989885,0.1894560090790156,0.05226035027894393,-0.040807229698687185,-0.010504644487359435,0.2999999999999998
9.5,1.98774356618553,0.0,1.097336948453913,1.0,-0.0032272481398989885,0.1894560090790156,0.05226035027894393,-0.040807229698687185,-0.010504644487359435,0.2999999999999998
9.52,1.98974356618553,0.0,1.097536948453913,1.0,-0.0032272481398989885,0.1894560090790156,0.05226035027894393,-0.040807229698687185,-0.010504644487359435,0.2999999999999998
9.540000000000001,1.99174356618553,0.0,1.097736948453913,1.0,-0.0032272481398989885,0.1894560090790156,0.05226035027894393,-0.040807229698687185,-0.010504644487359435,0.2999999999999998
9.56,1.99374356618553,0.0,1.097936948453913,1.0,-0.0032272481398989885,0.1894560090790156,0.05226035027894393,-0.040807229698687185,-0.010504644487359435,0.2999999999999998
9.58,1.99574356618553,0.0,1.098136948453913,1.0,-0.0032272481398989885,0.1894560090790156,0.05226035027894393,-0.040807229698687185,-0.010504644487359435,0.2999999999999998
9.6,1.99774356618553,0.0,1.098336948453913,1.0,-0.0032272481398989885,0.1894560090790156,0.05226035027894393,-0.040807229698687185,-0.010504644487359435,0.2999999999999998
9.620000000000001,1.99974356618553,0.0,1.098536948453913,1.0,-0.0032272481398989885,0.1894560090790156,0.05226035027894393,-0.040807229698687185,-0.010504644487359435,0.2999999999999998
9.64,2.00174356618553,0.0,1.098736948453913,1.0,-0.0032272481398989885,0.1894560090790156,0.05226035027894393,-0.040807229698687185,-0.010504644487359435,0.2999999999999998
9.66,2.0037435661855296,0.0,1.0989369484539129,1.0,-0.0032272481398989885,0.1894560090790156,0.05226035027894393,-0.040807229698687185,-0.010504644487359435,0.2999999999999998
9.68,2.0057435661855294,0.0,1.0991369484539129,1.0,-0.0032272481398989885,0.1894560090790156,0.05226035027894393,-0.040807229698687185,-0.010504644487359435,0.2999999999999998
9.700000000000001,2.007743566185529,0.0,1.0993369484539128,1.0,-0.0032272481398989885,0.1894560090790156,0.05226035027894393,-0.040807229698687185,-0.010504644487359435,0.2999999999999998
9.72,2.009743566185529,0.0,1.0995369484539128,1.0,-0.0032272481398989885,0.1894560090790156,0.05226035027894393,-0.040807229698687185,-0.010504644487359435,0.2999999999999998
9.74,2.0117435661855287,0.0,1.0997369484539128,1.0,-0.0032272481398989885,0.1894560090790156,0.05226035027894393,-0.040807229698687185,-0.010504644487359435,0.2999999999999998
9.76,2.0137435661855285,0.0,1.0999369484539128,1.0,-0.0032272481398989885,0.1894560090790156,0.05226035027894393,-0.040807229698687185,-0.010504644487359435,0.2999999999999998
9.78,2.0157435661855283,0.0,1.1001369484539127,1.0,-0.0032272481398989885,0.1894560090790156,0.05226035027894393,-0.040807229698687185,-0.010504644487359435,0.2999999999999998
9.8,2.017743566185528,0.0,1.1003369484539127,1.0,-0.0032272481398989885,0.1894560090790156,0.05226035027894393,-0.040807229698687185,-0.010504644487359435,0.2999999999999998
9.82,2.019743566185528,0.0,1.1005369484539127,1.0,-0.0032272481398989885,0.1894560090790156,0.05226035027894393,-0.040807229698687185,-0.010504644487359435,0.2999999999999998
9.84,2.0217435661855276,0.0,1.1007369484539127,1.0,-0.0032272481398989885,0.1894560090790156,0.05226035027894393,-0.040807229698687185,-0.010504644487359435,0.2999999999999998
9.86,2.0237435661855274,0.0,1.1009369484539127,1.0,-0.0032272481398989885,0.1894560090790156,0.05226035027894393,-0.040807229698687185,-0.010504644487359435,0.2999999999999998
9.88,2.025743566185527,0.0,1.1011369484539126,1.0,-0.0032272481398989885,0.1894560090790156,0.05226035027894393,-0.040807229698687185,-0.010504644487359435,0.2999999999999998
9.9,2.027743566185527,0.0,1.1013369484539126,1.0,-0.0032272481398989885,0.1894560090790156,0.05226035027894393,-0.040807229698687185,-0.010504644487359435,0.2999999999999998
9.92,2.0297435661855268,0.0,1.1015369484539126,1.0,-0.0032272481398989885,0.1894560090790156,0.05226035027894393,-0.040807229698687185,-0.010504644487359435,0.2999999999999998
9.94,2.0317435661855265,0.0,1.1017369484539126,1.0,-0.0032272481398989885,0.1894560090790156,0.05226035027894393,-0.040807229698687185,-0.010504644487359435,0.2999999999999998
9.96,2.0337435661855263,0.0,1.1019369484539125,1.0,-0.0032272481398989885,0.1894560090790156,0.05226035027894393,-0.040807229698687185,-0.010504644487359435,0.2999999999999998
9.98,2.035743566185526,0.0,1.1021369484539125,1.0,-0.0032272481398989885,0.1894560090790156,0.05226035027894393,-0.040807229698687185,-0.010504644487359435,0.2999999999999998
10.0,2.037743566185526,0.0,1.1023369484539125,1.0,-0.0032272481398989885,0.1894560090790156,0.05226035027894393,-0.040807229698687185,-0.010504644487359435,0.2999999999999998
10.02,2.0397435661855257,0.0,1.1025369484539125,1.0,-0.0032272481398989885,0.1894560090790156,0.05226035027894393,-0.040807229698687185,-0.010504644487359435,0.2999999999999998
10.040000000000001,2.0417435661855254,0.0,1.1027369484539125,1.0,-0.0032272481398989885,0.1894560090790156,0.05226035027894393,-0.040807229698687185,-0.010504644487359435,0.2999999999999998
10.06,2.043743566185525,0.0,1.1029369484539124,1.0,-0.0032272481398989885,0.1894560090790156,0.05226035027894393,-0.040807229698687185,-0.010504644487359435,0.2999999999999998
10.08,2.045743566185525,0.0,1.1031369484539124,1.0,-0.0032272481398989885,0.1894560090790156,0.05226035027894393,-0.040807229698687185,-0.010504644487359435,0.2999999999999998
10.1,2.0477435661855248,0.0,1.1033369484539124,1.0,-0.0032272481398989885,0.1894560090790156,0.05226035027894393,-0.040807229698687185,-0.010504644487359435,0.2999999999999998
10.120000000000001,2.0497435661855246,0.0,1.1035369484539124,1.0,-0.0032272481398989885,0.1894560090790156,0.05226035027894393,-0.040807229698687185,-0.010504644487359435,0.2999999999999998
10.14,2.0517435661855243,0.0,1.1037369484539123,1.0,-0.0032272481398989885,0.1894560090790156,0.05226035027894393,-0.040807229698687185,-0.010504644487359435,0.2999999999999998
10.16,2.053743566185524,0.0,1.1039369484539123,1.0,-0.0032272481398989885,0.1894560090790156,0.05226035027894393,-0.040807229698687185,-0.010504644487359435,0.2999999999999998
10.18,2.055743566185524,0.0,1.1041369484539123,1.0,-0.0032272481398989885,0.1894560090790156,0.05226035027894393,-0.040807229698687185,-0.010504644487359435,0.2999999999999998
10.200000000000001,2.0577435661855237,0.0,1.1043369484539123,1.0,-0.0032272481398989885,0.1894560090790156,0.05226035027894393,-0.040807229698687185,-0.010504644487359435,0.2999999999999998
10.22,2.0597435661855235,0.0,1.1045369484539123,1.0,-0.0032272481398989885,0.1894560090790156,0.05226035027894393,-0.040807229698687185,-0.010504644487359435,0.2999999999999998
10.24,2.0617435661855232,0.0,1.1047369484539122,1.0,-0.0032272481398989885,0.1894560090790156,0.05226035027894393,-0.040807229698687185,-0.010504644487359435,0.2999999999999998
10.26,2.063743566185523,0.0,1.1049369484539122,1.0,-0.0032272481398989885,0.1894560090790156,0.05226035027894393,-0.040807229698687185,-0.010504644487359435,0.2999999999999998
10.28,2.065743566185523,0.0,1.1051369484539122,1.0,-0.0032272481398989885,0.1894560090790156,0.05226035027894393,-0.040807229698687185,-0.010504644487359435,0.2999999999999998
10.3,2.0677435661855226,0.0,1.1053369484539122,1.0,-0.0032272481398989885,0.1894560090790156,0.05226035027894393,-0.040807229698687185,-0.010504644487359435,0.2999999999999998
10.32,2.0697435661855224,0.0,1.1055369484539121,1.0,-0.0032272481398989885,0.1894560090790156,0.05226035027894393,-0.040807229698687185,-0.010504644487359435,0.2999999999999998
10.34,2.071743566185522,0.0,1.1057369484539121,1.0,-0.0032272481398989885,0.1894560090790156,0.05226035027894393,-0.040807229698687185,-0.010504644487359435,0.2999999999999998
10.36,2.073743566185522,0.0,1.105936948453912,1.0,-0.0032272481398989885,0.1894560090790156,0.05226035027894393,-0.040807229698687185,-0.010504644487359435,0.2999999999999998
10.38,2.0757435661855217,0.0,1.106136948453912,1.0,-0.0032272481398989885,0.1894560090790156,0.05226035027894393,-0.040807229698687185,-0.010504644487359435,0.2999999999999998
10.4,2.0777435661855215,0.0,1.106336948453912,1.0,-0.0032272481398989885,0.1894560090790156,0.05226035027894393,-0.040807229698687185,-0.010504644487359435,0.2999999999999998
10.42,2.0797435661855213,0.0,1.106536948453912,1.0,-0.0032272481398989885,0.1894560090790156,0.05226035027894393,-0.040807229698687185,-0.010504644487359435,0.2999999999999998
10.44,2.081743566185521,0.0,1.106736948453912,1.0,-0.0032272481398989885,0.1894560090790156,0.05226035027894393,-0.040807229698687185,-0.010504644487359435,0.2999999999999998
10.46,2.083743566185521,0.0,1.106936948453912,1.0,-0.0032272481398989885,0.1894560090790156,0.05226035027894393,-0.040807229698687185,-0.010504644487359435,0.2999999999999998
10.48,2.0857435661855206,0.0,1.107136948453912,1.0,-0.0032272481398989885,0.1894560090790156,0.05226035027894393,-0.040807229698687185,-0.010504644487359435,0.2999999999999998
10.5,2.0877435661855204,0.0,1.107336948453912,1.0,-0.0032272481398989885,0.1894560090790156,0.05226035027894393,-0.040807229698687185,-0.010504644487359435,0.2999999999999998
10.52,2.08974356618552,0.0,1.107536948453912,1.0,-0.0032272481398989885,0.1894560090790156,0.05226035027894393,-0.040807229698687185,-0.010504644487359435,0.2999999999999998
10.540000000000001,2.09174356618552,0.0,1.107736948453912,1.0,-0.0032272481398989885,0.1894560090790156,0.05226035027894393,-0.040807229698687185,-0.010504644487359435,0.2999999999999998
10.56,2.0937435661855197,0.0,1.1079369484539119,1.0,-0.0032272481398989885,0.1894560090790156,0.05226035027894393,-0.040807229698687185,-0.010504644487359435,0.2999999999999998
10.58,2.0957435661855195,0.0,1.1081369484539119,1.0,-0.0032272481398989885,0.1894560090790156,0.05226035027894393,-0.040807229698687185,-0.010504644487359435,0.2999999999999998
10.6,2.0977435661855193,0.0,1.1083369484539118,1.0,-0.0032272481398989885,0.1894560090790156,0.05226035027894393,-0.040807229698687185,-0.010504644487359435,0.2999999999999998
10.620000000000001,2.099743566185519,0.0,1.1085369484539118,1.0,-0.0032272481398989885,0.1894560090790156,0.05226035027894393,-0.040807229698687185,-0.010504644487359435,0.2999999999999998
10.64,2.101743566185519,0.0,1.1087369484539118,1.0,-0.0032272481398989885,0.1894560090790156,0.05226035027894393,-0.040807229698687185,-0.010504644487359435,0.2999999999999998
10.66,2.1037435661855186,0.0,1.1089369484539118,1.0,-0.0032272481398989885,0.1894560090790156,0.05226035027894393,-0.040807229698687185,-0.010504644487359435,0.2999999999999998
10.68,2.1057435661855184,0.0,1.1091369484539118,1.0,-0.0032272481398989885,0.1894560090790156,0.05226035027894393,-0.040807229698687185,-0.010504644487359435,0.2999999999999998
10.700000000000001,2.107743566185518,0.0,1.1093369484539117,1.0,-0.0032272481398989885,0.1894560090790156,0.05226035027894393,-0.040807229698687185,-0.010504644487359435,0.2999999999999998
10.72,2.109743566185518,0.0,1.1095369484539117,1.0,-0.0032272481398989885,0.1894560090790156,0.05226035027894393,-0.040807229698687185,-0.010504644487359435,0.2999999999999998
10.74,2.1117435661855177,0.0,1.1097369484539117,1.0,-0.0032272481398989885,0.1894560090790156,0.05226035027894393,-0.040807229698687185,-0.010504644487359435,0.2999999999999998
10.76,2.1137435661855175,0.0,1.1099369484539117,1.0,-0.0032272481398989885,0.1894560090790156,0.05226035027894393,-0.040807229698687185,-0.010504644487359435,0.2999999999999998
10.78,2.1157435661855173,0.0,1.1101369484539116,1.0,-0.0032272481398989885,0.1894560090790156,0.05226035027894393,-0.040807229698687185,-0.010504644487359435,0.2999999999999998
10.8,2.117743566185517,0.0,1.1103369484539116,1.0,-0.0032272481398989885,0.1894560090790156,0.05226035027894393,-0.040807229698687185,-0.010504644487359435,0.2999999999999998
10.82,2.119743566185517,0.0,1.1105369484539116,1.0,-0.0032272481398989885,0.1894560090790156,0.05226035027894393,-0.040807229698687185,-0.010504644487359435,0.2999999999999998
10.84,2.1217435661855166,0.0,1.1107369484539116,1.0,-0.0032272481398989885,0.1894560090790156,0.05226035027894393,-0.040807229698687185,-0.010504644487359435,0.2999999999999998
10.86,2.1237435661855164,0.0,1.1109369484539116,1.0,-0.0032272481398989885,0.1894560090790156,0.05226035027894393,-0.040807229698687185,-0.010504644487359435,0.2999999999999998
10.88,2.125743566185516,0.0,1.1111369484539115,1.0,-0.0032272481398989885,0.1894560090790156,0.05226035027894393,-0.040807229698687185,-0.010504644487359435,0.2999999999999998
10.9,2.127743566185516,0.0,1.1113369484539115,1.0,-0.0032272481398989885,0.1894560090790156,0.05226035027894393,-0.040807229698687185,-0.010504644487359435,0.2999999999999998
10.92,2.1297435661855157,0.0,1.1115369484539115,1.0,-0.0032272481398989885,0.1894560090790156,0.05226035027894393,-0.040807229698687185,-0.010504644487359435,0.2999999999999998
10.94,2.1317435661855155,0.0,1.1117369484539115,1.0,-0.0032272481398989885,0.1894560090790156,0.05226035027894393,-0.040807229698687185,-0.010504644487359435,0.2999999999999998
10.96,2.1337435661855153,0.0,1.1119369484539114,1.0,-0.0032272481398989885,0.1894560090790156,0.05226035027894393,-0.040807229698687185,-0.010504644487359435,0.2999999999999998
10.98,2.135743566185515,0.0,1.1121369484539114,1.0,-0.0032272481398989885,0.1894560090790156,0.05226035027894393,-0.040807229698687185,-0.010504644487359435,0.2999999999999998
11.0,2.137743566185515,0.0,1.1123369484539114,1.0,-0.0032272481398989885,0.1894560090790156,0.05226035027894393,-0.040807229698687185,-0.010504644487359435,0.2999999999999998
11.02,2.1397435661855146,0.0,1.1125369484539114,1.0,-0.0032272481398989885,0.1894560090790156,0.05226035027894393,-0.040807229698687185,-0.010504644487359435,0.2999999999999998
11.040000000000001,2.1417435661855144,0.0,1.1127369484539114,1.0,-0.0032272481398989885,0.1894560090790156,0.05226035027894393,-0.040807229698687185,-0.010504644487359435,0.2999999999999998
11.06,2.143743566185514,0.0,1.1129369484539113,1.0,-0.0032272481398989885,0.1894560090790156,0.05226035027894393,-0.040807229698687185,-0.010504644487359435,0.2999999999999998
11.08,2.145743566185514,0.0,1.1131369484539113,1.0,-0.0032272481398989885,0.1894560090790156,0.05226035027894393,-0.040807229698687185,-0.010504644487359435,0.2999999999999998
11.1,2.1477435661855138,0.0,1.1133369484539113,1.0,-0.0032272481398989885,0.1894560090790156,0.05226035027894393,-0.040807229698687185,-0.010504644487359435,0.2999999999999998
11.120000000000001,2.1497435661855135,0.0,1.1135369484539113,1.0,-0.0032272481398989885,0.1894560090790156,0.05226035027894393,-0.040807229698687185,-0.010504644487359435,0.2999999999999998
11.14,2.1517435661855133,0.0,1.1137369484539112,1.0,-0.0032272481398989885,0.1894560090790156,0.05226035027894393,-0.040807229698687185,-0.010504644487359435,0.2999999999999998
11.16,2.153743566185513,0.0,1.1139369484539112,1.0,-0.0032272481398989885,0.1894560090790156,0.05226035027894393,-0.040807229698687185,-0.010504644487359435,0.2999999999999998
11.18,2.155743566185513,0.0,1.1141369484539112,1.0,-0.0032272481398989885,0.1894560090790156,0.05226035027894393,-0.040807229698687185,-0.010504644487359435,0.2999999999999998
11.200000000000001,2.1577435661855127,0.0,1.1143369484539112,1.0,-0.0032272481398989885,0.1894560090790156,0.05226035027894393,-0.040807229698687185,-0.010504644487359435,0.2999999999999998
11.22,2.1597435661855124,0.0,1.1145369484539112,1.0,-0.0032272481398989885,0.1894560090790156,0.05226035027894393,-0.040807229698687185,-0.010504644487359435,0.2999999999999998
11.24,2.161743566185512,0.0,1.1147369484539111,1.0,-0.0032272481398989885,0.1894560090790156,0.05226035027894393,-0.040807229698687185,-0.010504644487359435,0.2999999999999998
11.26,2.163743566185512,0.0,1.1149369484539111,1.0,-0.0032272481398989885,0.1894560090790156,0.05226035027894393,-0.040807229698687185,-0.010504644487359435,0.2999999999999998
11.28,2.165743566185512,0.0,1.115136948453911,1.0,-0.0032272481398989885,0.1894560090790156,0.05226035027894393,-0.040807229698687185,-0.010504644487359435,0.2999999999999998
11.3,2.1677435661855116,0.0,1.115336948453911,1.0,-0.0032272481398989885,0.1894560090790156,0.05226035027894393,-0.040807229698687185,-0.010504644487359435,0.2999999999999998
11.32,2.1697435661855113,0.0,1.115536948453911,1.0,-0.0032272481398989885,0.1894560090790156,0.05226035027894393,-0.040807229698687185,-0.010504644487359435,0.2999999999999998
11.34,2.171743566185511,0.0,1.115736948453911,1.0,-0.0032272481398989885,0.1894560090790156,0.05226035027894393,-0.040807229698687185,-0.010504644487359435,0.2999999999999998
11.36,2.173743566185511,0.0,1.115936948453911,1.0,-0.0032272481398989885,0.1894560090790156,0.05226035027894393,-0.040807229698687185,-0.010504644487359435,0.2999999999999998
11.38,2.1757435661855107,0.0,1.116136948453911,1.0,-0.0032272481398989885,0.1894560090790156,0.05226035027894393,-0.040807229698687185,-0.010504644487359435,0.2999999999999998
11.4,2.1777435661855105,0.0,1.116336948453911,1.0,-0.0032272481398989885,0.1894560090790156,0.05226035027894393,-0.040807229698687185,-0.010504644487359435,0.2999999999999998
11.42,2.1797435661855102,0.0,1.116536948453911,1.0,-0.0032272481398989885,0.1894560090790156,0.05226035027894393,-0.040807229698687185,-0.010504644487359435,0.2999999999999998
11.44,2.18174356618551,0.0,1.116736948453911,1.0,-0.0032272481398989885,0.1894560090790156,0.05226035027894393,-0.040807229698687185,-0.010504644487359435,0.2999999999999998
11.46,2.18374356618551,0.0,1.116936948453911,1.0,-0.0032272481398989885,0.1894560090790156,0.05226035027894393,-0.040807229698687185,-0.010504644487359435,0.2999999999999998
11.48,2.1857435661855096,0.0,1.1171369484539109,1.0,-0.0032272481398989885,0.1894560090790156,0.05226035027894393,-0.040807229698687185,-0.010504644487359435,0.2999999999999998
11.5,2.1877435661855094,0.0,1.1173369484539108,1.0,-0.0032272481398989885,0.1894560090790156,0.05226035027894393,-0.040807229698687185,-0.010504644487359435,0.2999999999999998
11.52,2.189743566185509,0.0,1.1175369484539108,1.0,-0.0032272481398989885,0.1894560090790156,0.05226035027894393,-0.040807229698687185,-0.010504644487359435,0.2999999999999998
11.540000000000001,2.191743566185509,0.0,1.1177369484539108,1.0,-0.0032272481398989885,0.1894560090790156,0.05226035027894393,-0.040807229698687185,-0.010504644487359435,0.2999999999999998
11.56,2.1937435661855087,0.0,1.1179369484539108,1.0,-0.0032272481398989885,0.1894560090790156,0.05226035027894393,-0.040807229698687185,-0.010504644487359435,0.2999999999999998
11.58,2.1957435661855085,0.0,1.1181369484539108,1.0,-0.0032272481398989885,0.1894560090790156,0.05226035027894393,-0.040807229698687185,-0.010504644487359435,0.2999999999999998
11.6,2.1977435661855083,0.0,1.1183369484539107,1.0,-0.0032272481398989885,0.1894560090790156,0.05226035027894393,-0.040807229698687185,-0.010504644487359435,0.2999999999999998
11.620000000000001,2.199743566185508,0.0,1.1185369484539107,1.0,-0.0032272481398989885,0.1894560090790156,0.05226035027894393,-0.040807229698687185,-0.010504644487359435,0.2999999999999998
11.64,2.201743566185508,0.0,1.1187369484539107,1.0,-0.0032272481398989885,0.1894560090790156,0.05226035027894393,-0.040807229698687185,-0.010504644487359435,0.2999999999999998
11.66,2.2037435661855076,0.0,1.1189369484539107,1.0,-0.0032272481398989885,0.1894560090790156,0.05226035027894393,-0.040807229698687185,-0.010504644487359435,0.2999999999999998
11.68,2.2057435661855074,0.0,1.1191369484539107,1.0,-0.0032272481398989885,0.1894560090790156,0.05226035027894393,-0.040807229698687185,-0.010504644487359435,0.2999999999999998
11.700000000000001,2.207743566185507,0.0,1.1193369484539106,1.0,-0.0032272481398989885,0.1894560090790156,0.05226035027894393,-0.040807229698687185,-0.010504644487359435,0.2999999999999998
11.72,2.209743566185507,0.0,1.1195369484539106,1.0,-0.0032272481398989885,0.1894560090790156,0.05226035027894393,-0.040807229698687185,-0.010504644487359435,0.2999999999999998
11.74,2.2117435661855067,0.0,1.1197369484539106,1.0,-0.0032272481398989885,0.1894560090790156,0.05226035027894393,-0.040807229698687185,-0.010504644487359435,0.2999999999999998
11.76,2.2137435661855065,0.0,1.1199369484539106,1.0,-0.0032272481398989885,0.1894560090790156,0.05226035027894393,-0.040807229698687185,-0.010504644487359435,0.2999999999999998
11.78,2.2157435661855063,0.0,1.1201369484539105,1.0,-0.0032272481398989885,0.1894560090790156,0.05226035027894393,-0.040807229698687185,-0.010504644487359435,0.2999999999999998
11.8,2.217743566185506,0.0,1.1203369484539105,1.0,-0.0032272481398989885,0.1894560090790156,0.05226035027894393,-0.040807229698687185,-0.010504644487359435,0.2999999999999998
11.82,2.219743566185506,0.0,1.1205369484539105,1.0,-0.0032272481398989885,0.1894560090790156,0.05226035027894393,-0.040807229698687185,-0.010504644487359435,0.2999999999999998
11.84,2.2217435661855056,0.0,1.1207369484539105,1.0,-0.0032272481398989885,0.1894560090790156,0.05226035027894393,-0.040807229698687185,-0.010504644487359435,0.2999999999999998
11.86,2.2237435661855054,0.0,1.1209369484539105,1.0,-0.0032272481398989885,0.1894560090790156,0.05226035027894393,-0.040807229698687185,-0.010504644487359435,0.2999999999999998
11.88,2.225743566185505,0.0,1.1211369484539104,1.0,-0.0032272481398989885,0.1894560090790156,0.05226035027894393,-0.040807229698687185,-0.010504644487359435,0.2999999999999998
11.9,2.227743566185505,0.0,1.1213369484539104,1.0,-0.0032272481398989885,0.1894560090790156,0.05226035027894393,-0.040807229698687185,-0.010504644487359435,0.2999999999999998
11.92,2.2297435661855047,0.0,1.1215369484539104,1.0,-0.0032272481398989885,0.1894560090790156,0.05226035027894393,-0.040807229698687185,-0.010504644487359435,0.2999999999999998
11.94,2.2317435661855045,0.0,1.1217369484539104,1.0,-0.0032272481398989885,0.1894560090790156,0.05226035027894393,-0.040807229698687185,-0.010504644487359435,0.2999999999999998
11.96,2.2337435661855043,0.0,1.1219369484539103,1.0,-0.0032272481398989885,0.1894560090790156,0.05226035027894393,-0.040807229698687185,-0.010504644487359435,0.2999999999999998
11.98,2.235743566185504,0.0,1.1221369484539103,1.0,-0.0032272481398989885,0.1894560090790156,0.05226035027894393,-0.040807229698687185,-0.010504644487359435,0.2999999999999998
12.0,2.237743566185504,0.0,1.1223369484539103,1.0,-0.0032272481398989885,0.1894560090790156,0.05226035027894393,-0.040807229698687185,-0.010504644487359435,0.2999999999999998
12.02,2.2397435661855036,0.0,1.1225369484539103,1.0,-0.0032272481398989885,0.1894560090790156,0.05226035027894393,-0.040807229698687185,-0.010504644487359435,0.2999999999999998
12.040000000000001,2.2417435661855034,0.0,1.1227369484539103,1.0,-0.0032272481398989885,0.1894560090790156,0.05226035027894393,-0.040807229698687185,-0.010504644487359435,0.2999999999999998
12.06,2.243743566185503,0.0,1.1229369484539102,1.0,-0.0032272481398989885,0.1894560090790156,0.05226035027894393,-0.040807229698687185,-0.010504644487359435,0.2999999999999998
12.08,2.245743566185503,0.0,1.1231369484539102,1.0,-0.0032272481398989885,0.1894560090790156,0.05226035027894393,-0.040807229698687185,-0.010504644487359435,0.2999999999999998
12.1,2.2477435661855028,0.0,1.1233369484539102,1.0,-0.0032272481398989885,0.1894560090790156,0.05226035027894393,-0.040807229698687185,-0.010504644487359435,0.2999999999999998
12.120000000000001,2.2497435661855025,0.0,1.1235369484539102,1.0,-0.0032272481398989885,0.1894560090790156,0.05226035027894393,-0.040807229698687185,-0.010504644487359435,0.2999999999999998
12.14,2.2517435661855023,0.0,1.1237369484539101,1.0,-0.0032272481398989885,0.1894560090790156,0.05226035027894393,-0.040807229698687185,-0.010504644487359435,0.2999999999999998
12.16,2.253743566185502,0.0,1.1239369484539101,1.0,-0.0032272481398989885,0.1894560090790156,0.05226035027894393,-0.040807229698687185,-0.010504644487359435,0.2999999999999998
12.18,2.255743566185502,0.0,1.12413694845391,1.0,-0.0032272481398989885,0.1894560090790156,0.05226035027894393,-0.040807229698687185,-0.010504644487359435,0.2999999999999998
12.200000000000001,2.2577435661855016,0.0,1.12433694845391,1.0,-0.0032272481398989885,0.1894560090790156,0.05226035027894393,-0.040807229698687185,-0.010504644487359435,0.2999999999999998
12.22,2.2597435661855014,0.0,1.12453694845391,1.0,-0.0032272481398989885,0.1894560090790156,0.05226035027894393,-0.040807229698687185,-0.010504644487359435,0.2999999999999998
12.24,2.261743566185501,0.0,1.12473694845391,1.0,-0.0032272481398989885,0.1894560090790156,0.05226035027894393,-0.040807229698687185,-0.010504644487359435,0.2999999999999998
12.26,2.263743566185501,0.0,1.12493694845391,1.0,-0.0032272481398989885,0.1894560090790156,0.05226035027894393,-0.040807229698687185,-0.010504644487359435,0.2999999999999998
12.280000000000001,2.2657435661855008,0.0,1.12513694845391,1.0,-0.0032272481398989885,0.1894560090790156,0.05226035027894393,-0.040807229698687185,-0.010504644487359435,0.2999999999999998
12.3,2.2677435661855005,0.0,1.12533694845391,1.0,-0.0032272481398989885,0.1894560090790156,0.05226035027894393,-0.040807229698687185,-0.010504644487359435,0.2999999999999998
12.32,2.2697435661855003,0.0,1.12553694845391,1.0,-0.0032272481398989885,0.1894560090790156,0.05226035027894393,-0.040807229698687185,-0.010504644487359435,0.2999999999999998
12.34,2.2717435661855,0.0,1.12573694845391,1.0,-0.0032272481398989885,0.1894560090790156,0.05226035027894393,-0.040807229698687185,-0.010504644487359435,0.2999999999999998
12.36,2.2737435661855,0.0,1.12593694845391,1.0,-0.0032272481398989885,0.1894560090790156,0.05226035027894393,-0.040807229698687185,-0.010504644487359435,0.2999999999999998
12.38,2.2757435661854997,0.0,1.1261369484539099,1.0,-0.0032272481398989885,0.1894560090790156,0.05226035027894393,-0.040807229698687185,-0.010504644487359435,0.2999999999999998
12.4,2.2777435661854994,0.0,1.1263369484539099,1.0,-0.0032272481398989885,0.1894560090790156,0.05226035027894393,-0.040807229698687185,-0.010504644487359435,0.2999999999999998
12.42,2.2797435661854992,0.0,1.1265369484539098,1.0,-0.0032272481398989885,0.1894560090790156,0.05226035027894393,-0.040807229698687185,-0.010504644487359435,0.2999999999999998
12.44,2.281743566185499,0.0,1.1267369484539098,1.0,-0.0032272481398989885,0.1894560090790156,0.05226035027894393,-0.040807229698687185,-0.010504644487359435,0.2999999999999998
12.46,2.283743566185499,0.0,1.1269369484539098,1.0,-0.0032272481398989885,0.1894560090790156,0.05226035027894393,-0.040807229698687185,-0.010504644487359435,0.2999999999999998
12.48,2.2857435661854986,0.0,1.1271369484539098,1.0,-0.0032272481398989885,0.1894560090790156,0.05226035027894393,-0.040807229698687185,-0.010504644487359435,0.2999999999999998
12.5,2.2877435661854983,0.0,1.1273369484539097,1.0,-0.0032272481398989885,0.1894560090790156,0.05226035027894393,-0.040807229698687185,-0.010504644487359435,0.2999999999999998
12.52,2.289743566185498,0.0,1.1275369484539097,1.0,-0.0032272481398989885,0.1894560090790156,0.05226035027894393,-0.040807229698687185,-0.010504644487359435,0.2999999999999998
12.540000000000001,2.291743566185498,0.0,1.1277369484539097,1.0,-0.0032272481398989885,0.1894560090790156,0.05226035027894393,-0.040807229698687185,-0.010504644487359435,0.2999999999999998
12.56,2.2937435661854977,0.0,1.1279369484539097,1.0,-0.0032272481398989885,0.1894560090790156,0.05226035027894393,-0.040807229698687185,-0.010504644487359435,0.2999999999999998
12.58,2.2957435661854975,0.0,1.1281369484539097,1.0,-0.0032272481398989885,0.1894560090790156,0.05226035027894393,-0.040807229698687185,-0.010504644487359435,0.2999999999999998
12.6,2.2977435661854972,0.0,1.1283369484539096,1.0,-0.0032272481398989885,0.1894560090790156,0.05226035027894393,-0.040807229698687185,-0.010504644487359435,0.2999999999999998
12.620000000000001,2.299743566185497,0.0,1.1285369484539096,1.0,-0.0032272481398989885,0.1894560090790156,0.05226035027894393,-0.040807229698687185,-0.010504644487359435,0.2999999999999998
12.64,2.301743566185497,0.0,1.1287369484539096,1.0,-0.0032272481398989885,0.1894560090790156,0.05226035027894393,-0.040807229698687185,-0.010504644487359435,0.2999999999999998
12.66,2.3037435661854966,0.0,1.1289369484539096,1.0,-0.0032272481398989885,0.1894560090790156,0.05226035027894393,-0.040807229698687185,-0.010504644487359435,0.2999999999999998
12.68,2.3057435661854964,0.0,1.1291369484539096,1.0,-0.0032272481398989885,0.1894560090790156,0.05226035027894393,-0.040807229698687185,-0.010504644487359435,0.2999999999999998
12.700000000000001,2.307743566185496,0.0,1.1293369484539095,1.0,-0.0032272481398989885,0.1894560090790156,0.05226035027894393,-0.040807229698687185,-0.010504644487359435,0.2999999999999998
12.72,2.309743566185496,0.0,1.1295369484539095,1.0,-0.0032272481398989885,0.1894560090790156,0.05226035027894393,-0.040807229698687185,-0.010504644487359435,0.2999999999999998
12.74,2.3117435661854957,0.0,1.1297369484539095,1.0,-0.0032272481398989885,0.1894560090790156,0.05226035027894393,-0.040807229698687185,-0.010504644487359435,0.2999999999999998
12.76,2.3137435661854955,0.0,1.1299369484539095,1.0,-0.0032272481398989885,0.1894560090790156,0.05226035027894393,-0.040807229698687185,-0.010504644487359435,0.2999999999999998
12.780000000000001,2.3157435661854953,0.0,1.1301369484539094,1.0,-0.0032272481398989885,0.1894560090790156,0.05226035027894393,-0.040807229698687185,-0.010504644487359435,0.2999999999999998
12.8,2.317743566185495,0.0,1.1303369484539094,1.0,-0.0032272481398989885,0.1894560090790156,0.05226035027894393,-0.040807229698687185,-0.010504644487359435,0.2999999999999998
12.82,2.319743566185495,0.0,1.1305369484539094,1.0,-0.0032272481398989885,0.1894560090790156,0.05226035027894393,-0.040807229698687185,-0.010504644487359435,0.2999999999999998
12.84,2.3217435661854946,0.0,1.1307369484539094,1.0,-0.0032272481398989885,0.1894560090790156,0.05226035027894393,-0.040807229698687185,-0.010504644487359435,0.2999999999999998
12.86,2.3237435661854944,0.0,1.1309369484539094,1.0,-0.0032272481398989885,0.1894560090790156,0.05226035027894393,-0.040807229698687185,-0.010504644487359435,0.2999999999999998
12.88,2.325743566185494,0.0,1.1311369484539093,1.0,-0.0032272481398989885,0.1894560090790156,0.05226035027894393,-0.040807229698687185,-0.010504644487359435,0.2999999999999998
12.9,2.327743566185494,0.0,1.1313369484539093,1.0,-0.0032272481398989885,0.1894560090790156,0.05226035027894393,-0.040807229698687185,-0.010504644487359435,0.2999999999999998
12.92,2.3297435661854937,0.0,1.1315369484539093,1.0,-0.0032272481398989885,0.1894560090790156,0.05226035027894393,-0.040807229698687185,-0.010504644487359435,0.2999999999999998
12.94,2.3317435661854935,0.0,1.1317369484539093,1.0,-0.0032272481398989885,0.1894560090790156,0.05226035027894393,-0.040807229698687185,-0.010504644487359435,0.2999999999999998
12.96,2.3337435661854933,0.0,1.1319369484539092,1.0,-0.0032272481398989885,0.1894560090790156,0.05226035027894393,-0.040807229698687185,-0.010504644487359435,0.2999999999999998
12.98,2.335743566185493,0.0,1.1321369484539092,1.0,-0.0032272481398989885,0.1894560090790156,0.05226035027894393,-0.040807229698687185,-0.010504644487359435,0.2999999999999998
13.0,2.337743566185493,0.0,1.1323369484539092,1.0,-0.0032272481398989885,0.1894560090790156,0.05226035027894393,-0.040807229698687185,-0.010504644487359435,0.2999999999999998
13.02,2.3397435661854926,0.0,1.1325369484539092,1.0,-0.0032272481398989885,0.1894560090790156,0.05226035027894393,-0.040807229698687185,-0.010504644487359435,0.2999999999999998
13.040000000000001,2.3417435661854924,0.0,1.1327369484539092,1.0,-0.0032272481398989885,0.1894560090790156,0.05226035027894393,-0.040807229698687185,-0.010504644487359435,0.2999999999999998
13.06,2.343743566185492,0.0,1.1329369484539091,1.0,-0.0032272481398989885,0.1894560090790156,0.05226035027894393,-0.040807229698687185,-0.010504644487359435,0.2999999999999998
13.08,2.345743566185492,0.0,1.133136948453909,1.0,-0.0032272481398989885,0.1894560090790156,0.05226035027894393,-0.040807229698687185,-0.010504644487359435,0.2999999999999998
13.1,2.3477435661854917,0.0,1.133336948453909,1.0,-0.0032272481398989885,0.1894560090790156,0.05226035027894393,-0.040807229698687185,-0.010504644487359435,0.2999999999999998
13.120000000000001,2.3497435661854915,0.0,1.133536948453909,1.0,-0.0032272481398989885,0.1894560090790156,0.05226035027894393,-0.040807229698687185,-0.010504644487359435,0.2999999999999998
13.14,2.3517435661854913,0.0,1.133736948453909,1.0,-0.0032272481398989885,0.1894560090790156,0.05226035027894393,-0.040807229698687185,-0.010504644487359435,0.2999999999999998
13.16,2.353743566185491,0.0,1.133936948453909,1.0,-0.0032272481398989885,0.1894560090790156,0.05226035027894393,-0.040807229698687185,-0.010504644487359435,0.2999999999999998
13.18,2.355743566185491,0.0,1.134136948453909,1.0,-0.0032272481398989885,0.1894560090790156,0.05226035027894393,-0.040807229698687185,-0.010504644487359435,0.2999999999999998
13.200000000000001,2.3577435661854906,0.0,1.134336948453909,1.0,-0.0032272481398989885,0.1894560090790156,0.05226035027894393,-0.040807229698687185,-0.010504644487359435,0.2999999999999998
13.22,2.3597435661854904,0.0,1.134536948453909,1.0,-0.0032272481398989885,0.1894560090790156,0.05226035027894393,-0.040807229698687185,-0.010504644487359435,0.2999999999999998
13.24,2.36174356618549,0.0,1.134736948453909,1.0,-0.0032272481398989885,0.1894560090790156,0.05226035027894393,-0.040807229698687185,-0.010504644487359435,0.2999999999999998
13.26,2.36374356618549,0.0,1.134936948453909,1.0,-0.0032272481398989885,0.1894560090790156,0.05226035027894393,-0.040807229698687185,-0.010504644487359435,0.2999999999999998
13.280000000000001,2.3657435661854898,0.0,1.135136948453909,1.0,-0.0032272481398989885,0.1894560090790156,0.05226035027894393,-0.040807229698687185,-0.010504644487359435,0.2999999999999998
13.3,2.3677435661854895,0.0,1.1353369484539089,1.0,-0.0032272481398989885,0.1894560090790156,0.05226035027894393,-0.040807229698687185,-0.010504644487359435,0.2999999999999998
13.32,2.3697435661854893,0.0,1.1355369484539088,1.0,-0.0032272481398989885,0.1894560090790156,0.05226035027894393,-0.040807229698687185,-0.010504644487359435,0.2999999999999998
13.34,2.371743566185489,0.0,1.1357369484539088,1.0,-0.0032272481398989885,0.1894560090790156,0.05226035027894393,-0.040807229698687185,-0.010504644487359435,0.2999999999999998
13.36,2.373743566185489,0.0,1.1359369484539088,1.0,-0.0032272481398989885,0.1894560090790156,0.05226035027894393,-0.040807229698687185,-0.010504644487359435,0.2999999999999998
13.38,2.3757435661854887,0.0,1.1361369484539088,1.0,-0.0032272481398989885,0.1894560090790156,0.05226035027894393,-0.040807229698687185,-0.010504644487359435,0.2999999999999998
13.4,2.3777435661854884,0.0,1.1363369484539088,1.0,-0.0032272481398989885,0.1894560090790156,0.05226035027894393,-0.040807229698687185,-0.010504644487359435,0.2999999999999998
13.42,2.379743566185488,0.0,1.1365369484539087,1.0,-0.0032272481398989885,0.1894560090790156,0.05226035027894393,-0.040807229698687185,-0.010504644487359435,0.2999999999999998
13.44,2.381743566185488,0.0,1.1367369484539087,1.0,-0.0032272481398989885,0.1894560090790156,0.05226035027894393,-0.040807229698687185,-0.010504644487359435,0.2999999999999998
13.46,2.3837435661854878,0.0,1.1369369484539087,1.0,-0.0032272481398989885,0.1894560090790156,0.05226035027894393,-0.040807229698687185,-0.010504644487359435,0.2999999999999998
13.48,2.3857435661854876,0.0,1.1371369484539087,1.0,-0.0032272481398989885,0.1894560090790156,0.05226035027894393,-0.040807229698687185,-0.010504644487359435,0.2999999999999998
13.5,2.3877435661854873,0.0,1.1373369484539086,1.0,-0.0032272481398989885,0.1894560090790156,0.05226035027894393,-0.040807229698687185,-0.010504644487359435,0.2999999999999998
13.52,2.389743566185487,0.0,1.1375369484539086,1.0,-0.0032272481398989885,0.1894560090790156,0.05226035027894393,-0.040807229698687185,-0.010504644487359435,0.2999999999999998
13.540000000000001,2.391743566185487,0.0,1.1377369484539086,1.0,-0.0032272481398989885,0.1894560090790156,0.05226035027894393,-0.040807229698687185,-0.010504644487359435,0.2999999999999998
13.56,2.3937435661854867,0.0,1.1379369484539086,1.0,-0.0032272481398989885,0.1894560090790156,0.05226035027894393,-0.040807229698687185,-0.010504644487359435,0.2999999999999998
13.58,2.3957435661854865,0.0,1.1381369484539086,1.0,-0.0032272481398989885,0.1894560090790156,0.05226035027894393,-0.040807229698687185,-0.010504644487359435,0.2999999999999998
13.6,2.3977435661854862,0.0,1.1383369484539085,1.0,-0.0032272481398989885,0.1894560090790156,0.05226035027894393,-0.040807229698687185,-0.010504644487359435,0.2999999999999998
13.620000000000001,2.399743566185486,0.0,1.1385369484539085,1.0,-0.0032272481398989885,0.1894560090790156,0.05226035027894393,-0.040807229698687185,-0.010504644487359435,0.2999999999999998
13.64,2.401743566185486,0.0,1.1387369484539085,1.0,-0.0032272481398989885,0.1894560090790156,0.05226035027894393,-0.040807229698687185,-0.010504644487359435,0.2999999999999998
13.66,2.4037435661854856,0.0,1.1389369484539085,1.0,-0.0032272481398989885,0.1894560090790156,0.05226035027894393,-0.040807229698687185,-0.010504644487359435,0.2999999999999998
13.68,2.4057435661854853,0.0,1.1391369484539084,1.0,-0.0032272481398989885,0.1894560090790156,0.05226035027894393,-0.040807229698687185,-0.010504644487359435,0.2999999999999998
13.700000000000001,2.407743566185485,0.0,1.1393369484539084,1.0,-0.0032272481398989885,0.1894560090790156,0.05226035027894393,-0.040807229698687185,-0.010504644487359435,0.2999999999999998
13.72,2.409743566185485,0.0,1.1395369484539084,1.0,-0.0032272481398989885,0.1894560090790156,0.05226035027894393,-0.040807229698687185,-0.010504644487359435,0.2999999999999998
13.74,2.4117435661854847,0.0,1.1397369484539084,1.0,-0.0032272481398989885,0.1894560090790156,0.05226035027894393,-0.040807229698687185,-0.010504644487359435,0.2999999999999998
13.76,2.4137435661854845,0.0,1.1399369484539084,1.0,-0.0032272481398989885,0.1894560090790156,0.05226035027894393,-0.040807229698687185,-0.010504644487359435,0.2999999999999998
13.780000000000001,2.4157435661854842,0.0,1.1401369484539083,1.0,-0.0032272481398989885,0.1894560090790156,0.05226035027894393,-0.040807229698687185,-0.010504644487359435,0.2999999999999998
13.8,2.417743566185484,0.0,1.1403369484539083,1.0,-0.0032272481398989885,0.1894560090790156,0.05226035027894393,-0.040807229698687185,-0.010504644487359435,0.2999999999999998
13.82,2.419743566185484,0.0,1.1405369484539083,1.0,-0.0032272481398989885,0.1894560090790156,0.05226035027894393,-0.040807229698687185,-0.010504644487359435,0.2999999999999998
13.84,2.4217435661854836,0.0,1.1407369484539083,1.0,-0.0032272481398989885,0.1894560090790156,0.05226035027894393,-0.040807229698687185,-0.010504644487359435,0.2999999999999998
13.86,2.4237435661854834,0.0,1.1409369484539083,1.0,-0.0032272481398989885,0.1894560090790156,0.05226035027894393,-0.040807229698687185,-0.010504644487359435,0.2999999999999998
13.88,2.425743566185483,0.0,1.1411369484539082,1.0,-0.0032272481398989885,0.1894560090790156,0.05226035027894393,-0.040807229698687185,-0.010504644487359435,0.2999999999999998
13.9,2.427743566185483,0.0,1.1413369484539082,1.0,-0.0032272481398989885,0.1894560090790156,0.05226035027894393,-0.040807229698687185,-0.010504644487359435,0.2999999999999998
13.92,2.4297435661854827,0.0,1.1415369484539082,1.0,-0.0032272481398989885,0.1894560090790156,0.05226035027894393,-0.040807229698687185,-0.010504644487359435,0.2999999999999998
13.94,2.4317435661854825,0.0,1.1417369484539082,1.0,-0.0032272481398989885,0.1894560090790156,0.05226035027894393,-0.040807229698687185,-0.010504644487359435,0.2999999999999998
13.96,2.4337435661854823,0.0,1.1419369484539081,1.0,-0.0032272481398989885,0.1894560090790156,0.05226035027894393,-0.040807229698687185,-0.010504644487359435,0.2999999999999998
13.98,2.435743566185482,0.0,1.1421369484539081,1.0,-0.0032272481398989885,0.1894560090790156,0.05226035027894393,-0.040807229698687185,-0.010504644487359435,0.2999999999999998
14.0,2.437743566185482,0.0,1.142336948453908,1.0,-0.0032272481398989885,0.1894560090790156,0.05226035027894393,-0.040807229698687185,-0.010504644487359435,0.2999999999999998
14.02,2.4397435661854816,0.0,1.142536948453908,1.0,-0.0032272481398989885,0.1894560090790156,0.05226035027894393,-0.040807229698687185,-0.010504644487359435,0.2999999999999998
14.040000000000001,2.4417435661854814,0.0,1.142736948453908,1.0,-0.0032272481398989885,0.1894560090790156,0.05226035027894393,-0.040807229698687185,-0.010504644487359435,0.2999999999999998
14.06,2.443743566185481,0.0,1.142936948453908,1.0,-0.0032272481398989885,0.1894560090790156,0.05226035027894393,-0.040807229698687185,-0.010504644487359435,0.2999999999999998
14.08,2.445743566185481,0.0,1.143136948453908,1.0,-0.0032272481398989885,0.1894560090790156,0.05226035027894393,-0.040807229698687185,-0.010504644487359435,0.2999999999999998
14.1,2.4477435661854807,0.0,1.143336948453908,1.0,-0.0032272481398989885,0.1894560090790156,0.05226035027894393,-0.040807229698687185,-0.010504644487359435,0.2999999999999998
14.120000000000001,2.4497435661854805,0.0,1.143536948453908,1.0,-0.0032272481398989885,0.1894560090790156,0.05226035027894393,-0.040807229698687185,-0.010504644487359435,0.2999999999999998
14.14,2.4517435661854803,0.0,1.143736948453908,1.0,-0.0032272481398989885,0.1894560090790156,0.05226035027894393,-0.040807229698687185,-0.010504644487359435,0.2999999999999998
14.16,2.45374356618548,0.0,1.143936948453908,1.0,-0.0032272481398989885,0.1894560090790156,0.05226035027894393,-0.040807229698687185,-0.010504644487359435,0.2999999999999998
14.18,2.45574356618548,0.0,1.144136948453908,1.0,-0.0032272481398989885,0.1894560090790156,0.05226035027894393,-0.040807229698687185,-0.010504644487359435,0.2999999999999998
14.200000000000001,2.4577435661854796,0.0,1.1443369484539079,1.0,-0.0032272481398989885,0.1894560090790156,0.05226035027894393,-0.040807229698687185,-0.010504644487359435,0.2999999999999998
14.22,2.4597435661854794,0.0,1.1445369484539079,1.0,-0.0032272481398989885,0.1894560090790156,0.05226035027894393,-0.040807229698687185,-0.010504644487359435,0.2999999999999998
14.24,2.461743566185479,0.0,1.1447369484539078,1.0,-0.0032272481398989885,0.1894560090790156,0.05226035027894393,-0.040807229698687185,-0.010504644487359435,0.2999999999999998
14.26,2.463743566185479,0.0,1.1449369484539078,1.0,-0.0032272481398989885,0.1894560090790156,0.05226035027894393,-0.040807229698687185,-0.010504644487359435,0.2999999999999998
14.280000000000001,2.4657435661854787,0.0,1.1451369484539078,1.0,-0.0032272481398989885,0.1894560090790156,0.05226035027894393,-0.040807229698687185,-0.010504644487359435,0.2999999999999998
14.3,2.4677435661854785,0.0,1.1453369484539078,1.0,-0.0032272481398989885,0.1894560090790156,0.05226035027894393,-0.040807229698687185,-0.010504644487359435,0.2999999999999998
14.32,2.4697435661854783,0.0,1.1455369484539077,1.0,-0.0032272481398989885,0.1894560090790156,0.05226035027894393,-0.040807229698687185,-0.010504644487359435,0.2999999999999998
14.34,2.471743566185478,0.0,1.1457369484539077,1.0,-0.0032272481398989885,0.1894560090790156,0.05226035027894393,-0.040807229698687185,-0.010504644487359435,0.2999999999999998
14.36,2.473743566185478,0.0,1.1459369484539077,1.0,-0.0032272481398989885,0.1894560090790156,0.05226035027894393,-0.040807229698687185,-0.010504644487359435,0.2999999999999998
14.38,2.4757435661854776,0.0,1.1461369484539077,1.0,-0.0032272481398989885,0.1894560090790156,0.05226035027894393,-0.040807229698687185,-0.010504644487359435,0.2999999999999998
14.4,2.4777435661854774,0.0,1.1463369484539077,1.0,-0.0032272481398989885,0.1894560090790156,0.05226035027894393,-0.040807229698687185,-0.010504644487359435,0.2999999999999998
14.42,2.479743566185477,0.0,1.1465369484539076,1.0,-0.0032272481398989885,0.1894560090790156,0.05226035027894393,-0.040807229698687185,-0.010504644487359435,0.2999999999999998
14.44,2.481743566185477,0.0,1.1467369484539076,1.0,-0.0032272481398989885,0.1894560090790156,0.05226035027894393,-0.040807229698687185,-0.010504644487359435,0.2999999999999998
14.46,2.4837435661854768,0.0,1.1469369484539076,1.0,-0.0032272481398989885,0.1894560090790156,0.05226035027894393,-0.040807229698687185,-0.010504644487359435,0.2999999999999998
14.48,2.4857435661854765,0.0,1.1471369484539076,1.0,-0.0032272481398989885,0.1894560090790156,0.05226035027894393,-0.040807229698687185,-0.010504644487359435,0.2999999999999998
14.5,2.4877435661854763,0.0,1.1473369484539075,1.0,-0.0032272481398989885,0.1894560090790156,0.05226035027894393,-0.040807229698687185,-0.010504644487359435,0.2999999999999998
14.52,2.489743566185476,0.0,1.1475369484539075,1.0,-0.0032272481398989885,0.1894560090790156,0.05226035027894393,-0.040807229698687185,-0.010504644487359435,0.2999999999999998
14.540000000000001,2.491743566185476,0.0,1.1477369484539075,1.0,-0.0032272481398989885,0.1894560090790156,0.05226035027894393,-0.040807229698687185,-0.010504644487359435,0.2999999999999998
14.56,2.4937435661854757,0.0,1.1479369484539075,1.0,-0.0032272481398989885,0.1894560090790156,0.05226035027894393,-0.040807229698687185,-0.010504644487359435,0.2999999999999998
14.58,2.4957435661854754,0.0,1.1481369484539075,1.0,-0.0032272481398989885,0.1894560090790156,0.05226035027894393,-0.040807229698687185,-0.010504644487359435,0.2999999999999998
14.6,2.497743566185475,0.0,1.1483369484539074,1.0,-0.0032272481398989885,0.1894560090790156,0.05226035027894393,-0.040807229698687185,-0.010504644487359435,0.2999999999999998
14.620000000000001,2.499743566185475,0.0,1.1485369484539074,1.0,-0.0032272481398989885,0.1894560090790156,0.05226035027894393,-0.040807229698687185,-0.010504644487359435,0.2999999999999998
14.64,2.5017435661854748,0.0,1.1487369484539074,1.0,-0.0032272481398989885,0.1894560090790156,0.05226035027894393,-0.040807229698687185,-0.010504644487359435,0.2999999999999998
14.66,2.5037435661854746,0.0,1.1489369484539074,1.0,-0.0032272481398989885,0.1894560090790156,0.05226035027894393,-0.040807229698687185,-0.010504644487359435,0.2999999999999998
14.68,2.5057435661854743,0.0,1.1491369484539073,1.0,-0.0032272481398989885,0.1894560090790156,0.05226035027894393,-0.040807229698687185,-0.010504644487359435,0.2999999999999998
14.700000000000001,2.507743566185474,0.0,1.1493369484539073,1.0,-0.0032272481398989885,0.1894560090790156,0.05226035027894393,-0.040807229698687185,-0.010504644487359435,0.2999999999999998
14.72,2.509743566185474,0.0,1.1495369484539073,1.0,-0.0032272481398989885,0.1894560090790156,0.05226035027894393,-0.040807229698687185,-0.010504644487359435,0.2999999999999998
14.74,2.5117435661854737,0.0,1.1497369484539073,1.0,-0.0032272481398989885,0.1894560090790156,0.05226035027894393,-0.040807229698687185,-0.010504644487359435,0.2999999999999998
14.76,2.5137435661854735,0.0,1.1499369484539073,1.0,-0.0032272481398989885,0.1894560090790156,0.05226035027894393,-0.040807229698687185,-0.010504644487359435,0.2999999999999998
14.780000000000001,2.5157435661854732,0.0,1.1501369484539072,1.0,-0.0032272481398989885,0.1894560090790156,0.05226035027894393,-0.040807229698687185,-0.010504644487359435,0.2999999999999998
14.8,2.517743566185473,0.0,1.1503369484539072,1.0,-0.0032272481398989885,0.1894560090790156,0.05226035027894393,-0.040807229698687185,-0.010504644487359435,0.2999999999999998
14.82,2.519743566185473,0.0,1.1505369484539072,1.0,-0.0032272481398989885,0.1894560090790156,0.05226035027894393,-0.040807229698687185,-0.010504644487359435,0.2999999999999998
14.84,2.5217435661854726,0.0,1.1507369484539072,1.0,-0.0032272481398989885,0.1894560090790156,0.05226035027894393,-0.040807229698687185,-0.010504644487359435,0.2999999999999998
14.86,2.5237435661854724,0.0,1.1509369484539071,1.0,-0.0032272481398989885,0.1894560090790156,0.05226035027894393,-0.040807229698687185,-0.010504644487359435,0.2999999999999998
14.88,2.525743566185472,0.0,1.1511369484539071,1.0,-0.0032272481398989885,0.1894560090790156,0.05226035027894393,-0.040807229698687185,-0.010504644487359435,0.2999999999999998
14.9,2.527743566185472,0.0,1.151336948453907,1.0,-0.0032272481398989885,0.1894560090790156,0.05226035027894393,-0.040807229698687185,-0.010504644487359435,0.2999999999999998
14.92,2.5297435661854717,0.0,1.151536948453907,1.0,-0.0032272481398989885,0.1894560090790156,0.05226035027894393,-0.040807229698687185,-0.010504644487359435,0.2999999999999998
14.94,2.5317435661854715,0.0,1.151736948453907,1.0,-0.0032272481398989885,0.1894560090790156,0.05226035027894393,-0.040807229698687185,-0.010504644487359435,0.2999999999999998
14.96,2.5337435661854713,0.0,1.151936948453907,1.0,-0.0032272481398989885,0.1894560090790156,0.05226035027894393,-0.040807229698687185,-0.010504644487359435,0.2999999999999998
14.98,2.535743566185471,0.0,1.152136948453907,1.0,-0.0032272481398989885,0.1894560090790156,0.05226035027894393,-0.040807229698687185,-0.010504644487359435,0.2999999999999998
15.0,2.537743566185471,0.0,1.152336948453907,1.0,-0.0032272481398989885,0.1894560090790156,0.05226035027894393,-0.040807229698687185,-0.010504644487359435,0.2999999999999998
15.02,2.5397435661854706,0.0,1.152536948453907,1.0,-0.0032272481398989885,0.1894560090790156,0.05226035027894393,-0.040807229698687185,-0.010504644487359435,0.2999999999999998
15.040000000000001,2.5417435661854704,0.0,1.152736948453907,1.0,-0.0032272481398989885,0.1894560090790156,0.05226035027894393,-0.040807229698687185,-0.010504644487359435,0.2999999999999998
15.06,2.54374356618547,0.0,1.152936948453907,1.0,-0.0032272481398989885,0.1894560090790156,0.05226035027894393,-0.040807229698687185,-0.010504644487359435,0.2999999999999998
15.08,2.54574356618547,0.0,1.153136948453907,1.0,-0.0032272481398989885,0.1894560090790156,0.05226035027894393,-0.040807229698687185,-0.010504644487359435,0.2999999999999998
15.1,2.5477435661854697,0.0,1.1533369484539069,1.0,-0.0032272481398989885,0.1894560090790156,0.05226035027894393,-0.040807229698687185,-0.010504644487359435,0.2999999999999998
15.120000000000001,2.5497435661854695,0.0,1.1535369484539069,1.0,-0.0032272481398989885,0.1894560090790156,0.05226035027894393,-0.040807229698687185,-0.010504644487359435,0.2999999999999998
15.14,2.5517435661854693,0.0,1.1537369484539068,1.0,-0.0032272481398989885,0.1894560090790156,0.05226035027894393,-0.040807229698687185,-0.010504644487359435,0.2999999999999998
15.16,2.553743566185469,0.0,1.1539369484539068,1.0,-0.0032272481398989885,0.1894560090790156,0.05226035027894393,-0.040807229698687185,-0.010504644487359435,0.2999999999999998
15.18,2.555743566185469,0.0,1.1541369484539068,1.0,-0.0032272481398989885,0.1894560090790156,0.05226035027894393,-0.040807229698687185,-0.010504644487359435,0.2999999999999998
15.200000000000001,2.5577435661854686,0.0,1.1543369484539068,1.0,-0.0032272481398989885,0.1894560090790156,0.05226035027894393,-0.040807229698687185,-0.010504644487359435,0.2999999999999998
15.22,2.5597435661854684,0.0,1.1545369484539068,1.0,-0.0032272481398989885,0.1894560090790156,0.05226035027894393,-0.040807229698687185,-0.010504644487359435,0.2999999999999998
15.24,2.561743566185468,0.0,1.1547369484539067,1.0,-0.0032272481398989885,0.1894560090790156,0.05226035027894393,-0.040807229698687185,-0.010504644487359435,0.2999999999999998
15.26,2.563743566185468,0.0,1.1549369484539067,1.0,-0.0032272481398989885,0.1894560090790156,0.05226035027894393,-0.040807229698687185,-0.010504644487359435,0.2999999999999998
15.280000000000001,2.5657435661854677,0.0,1.1551369484539067,1.0,-0.0032272481398989885,0.1894560090790156,0.05226035027894393,-0.040807229698687185,-0.010504644487359435,0.2999999999999998
15.3,2.5677435661854675,0.0,1.1553369484539067,1.0,-0.0032272481398989885,0.1894560090790156,0.05226035027894393,-0.040807229698687185,-0.010504644487359435,0.2999999999999998
15.32,2.5697435661854673,0.0,1.1555369484539066,1.0,-0.0032272481398989885,0.1894560090790156,0.05226035027894393,-0.040807229698687185,-0.010504644487359435,0.2999999999999998
15.34,2.571743566185467,0.0,1.1557369484539066,1.0,-0.0032272481398989885,0.1894560090790156,0.05226035027894393,-0.040807229698687185,-0.010504644487359435,0.2999999999999998
15.36,2.573743566185467,0.0,1.1559369484539066,1.0,-0.0032272481398989885,0.1894560090790156,0.05226035027894393,-0.040807229698687185,-0.010504644487359435,0.2999999999999998
15.38,2.5757435661854666,0.0,1.1561369484539066,1.0,-0.0032272481398989885,0.1894560090790156,0.05226035027894393,-0.040807229698687185,-0.010504644487359435,0.2999999999999998
15.4,2.5777435661854664,0.0,1.1563369484539066,1.0,-0.0032272481398989885,0.1894560090790156,0.05226035027894393,-0.040807229698687185,-0.010504644487359435,0.2999999999999998
15.42,2.579743566185466,0.0,1.1565369484539065,1.0,-0.0032272481398989885,0.1894560090790156,0.05226035027894393,-0.040807229698687185,-0.010504644487359435,0.2999999999999998
15.44,2.581743566185466,0.0,1.1567369484539065,1.0,-0.0032272481398989885,0.1894560090790156,0.05226035027894393,-0.040807229698687185,-0.010504644487359435,0.2999999999999998
15.46,2.5837435661854657,0.0,1.1569369484539065,1.0,-0.0032272481398989885,0.1894560090790156,0.05226035027894393,-0.040807229698687185,-0.010504644487359435,0.2999999999999998
15.48,2.5857435661854655,0.0,1.1571369484539065,1.0,-0.0032272481398989885,0.1894560090790156,0.05226035027894393,-0.040807229698687185,-0.010504644487359435,0.2999999999999998
15.5,2.5877435661854653,0.0,1.1573369484539064,1.0,-0.0032272481398989885,0.1894560090790156,0.05226035027894393,-0.040807229698687185,-0.010504644487359435,0.2999999999999998
15.52,2.589743566185465,0.0,1.1575369484539064,1.0,-0.0032272481398989885,0.1894560090790156,0.05226035027894393,-0.040807229698687185,-0.010504644487359435,0.2999999999999998
15.540000000000001,2.591743566185465,0.0,1.1577369484539064,1.0,-0.0032272481398989885,0.1894560090790156,0.05226035027894393,-0.040807229698687185,-0.010504644487359435,0.2999999999999998
15.56,2.5937435661854646,0.0,1.1579369484539064,1.0,-0.0032272481398989885,0.1894560090790156,0.05226035027894393,-0.040807229698687185,-0.010504644487359435,0.2999999999999998
15.58,2.5957435661854644,0.0,1.1581369484539064,1.0,-0.0032272481398989885,0.1894560090790156,0.05226035027894393,-0.040807229698687185,-0.010504644487359435,0.2999999999999998
15.6,2.597743566185464,0.0,1.1583369484539063,1.0,-0.0032272481398989885,0.1894560090790156,0.05226035027894393,-0.040807229698687185,-0.010504644487359435,0.2999999999999998
15.620000000000001,2.599743566185464,0.0,1.1585369484539063,1.0,-0.0032272481398989885,0.1894560090790156,0.05226035027894393,-0.040807229698687185,-0.010504644487359435,0.2999999999999998
15.64,2.6017435661854638,0.0,1.1587369484539063,1.0,-0.0032272481398989885,0.1894560090790156,0.05226035027894393,-0.040807229698687185,-0.010504644487359435,0.2999999999999998
15.66,2.6037435661854635,0.0,1.1589369484539063,1.0,-0.0032272481398989885,0.1894560090790156,0.05226035027894393,-0.040807229698687185,-0.010504644487359435,0.2999999999999998
15.68,2.6057435661854633,0.0,1.1591369484539062,1.0,-0.0032272481398989885,0.1894560090790156,0.05226035027894393,-0.040807229698687185,-0.010504644487359435,0.2999999999999998
15.700000000000001,2.607743566185463,0.0,1.1593369484539062,1.0,-0.0032272481398989885,0.1894560090790156,0.05226035027894393,-0.040807229698687185,-0.010504644487359435,0.2999999999999998
15.72,2.609743566185463,0.0,1.1595369484539062,1.0,-0.0032272481398989885,0.1894560090790156,0.05226035027894393,-0.040807229698687185,-0.010504644487359435,0.2999999999999998
15.74,2.6117435661854627,0.0,1.1597369484539062,1.0,-0.0032272481398989885,0.1894560090790156,0.05226035027894393,-0.040807229698687185,-0.010504644487359435,0.2999999999999998
15.76,2.6137435661854624,0.0,1.1599369484539062,1.0,-0.0032272481398989885,0.1894560090790156,0.05226035027894393,-0.040807229698687185,-0.010504644487359435,0.2999999999999998
15.780000000000001,2.615743566185462,0.0,1.1601369484539061,1.0,-0.0032272481398989885,0.1894560090790156,0.05226035027894393,-0.040807229698687185,-0.010504644487359435,0.2999999999999998
15.8,2.617743566185462,0.0,1.1603369484539061,1.0,-0.0032272481398989885,0.1894560090790156,0.05226035027894393,-0.040807229698687185,-0.010504644487359435,0.2999999999999998
15.82,2.619743566185462,0.0,1.160536948453906,1.0,-0.0032272481398989885,0.1894560090790156,0.05226035027894393,-0.040807229698687185,-0.010504644487359435,0.2999999999999998
15.84,2.6217435661854616,0.0,1.160736948453906,1.0,-0.0032272481398989885,0.1894560090790156,0.05226035027894393,-0.040807229698687185,-0.010504644487359435,0.2999999999999998
15.860000000000001,2.6237435661854613,0.0,1.160936948453906,1.0,-0.0032272481398989885,0.1894560090790156,0.05226035027894393,-0.040807229698687185,-0.010504644487359435,0.2999999999999998
15.88,2.625743566185461,0.0,1.161136948453906,1.0,-0.0032272481398989885,0.1894560090790156,0.05226035027894393,-0.040807229698687185,-0.010504644487359435,0.2999999999999998
15.9,2.627743566185461,0.0,1.161336948453906,1.0,-0.0032272481398989885,0.1894560090790156,0.05226035027894393,-0.040807229698687185,-0.010504644487359435,0.2999999999999998
15.92,2.6297435661854607,0.0,1.161536948453906,1.0,-0.0032272481398989885,0.1894560090790156,0.05226035027894393,-0.040807229698687185,-0.010504644487359435,0.2999999999999998
15.94,2.6317435661854605,0.0,1.161736948453906,1.0,-0.0032272481398989885,0.1894560090790156,0.05226035027894393,-0.040807229698687185,-0.010504644487359435,0.2999999999999998
15.96,2.6337435661854602,0.0,1.161936948453906,1.0,-0.0032272481398989885,0.1894560090790156,0.05226035027894393,-0.040807229698687185,-0.010504644487359435,0.2999999999999998
15.98,2.63574356618546,0.0,1.162136948453906,1.0,-0.0032272481398989885,0.1894560090790156,0.05226035027894393,-0.040807229698687185,-0.010504644487359435,0.2999999999999998
16.0,2.63774356618546,0.0,1.162336948453906,1.0,-0.0032272481398989885,0.1894560090790156,0.05226035027894393,-0.040807229698687185,-0.010504644487359435,0.2999999999999998
16.02,2.6397435661854596,0.0,1.1625369484539059,1.0,-0.0032272481398989885,0.1894560090790156,0.05226035027894393,-0.040807229698687185,-0.010504644487359435,0.2999999999999998
16.04,2.6417435661854594,0.0,1.1627369484539058,1.0,-0.0032272481398989885,0.1894560090790156,0.05226035027894393,-0.040807229698687185,-0.010504644487359435,0.2999999999999998
16.06,2.643743566185459,0.0,1.1629369484539058,1.0,-0.0032272481398989885,0.1894560090790156,0.05226035027894393,-0.040807229698687185,-0.010504644487359435,0.2999999999999998
16.080000000000002,2.645743566185459,0.0,1.1631369484539058,1.0,-0.0032272481398989885,0.1894560090790156,0.05226035027894393,-0.040807229698687185,-0.010504644487359435,0.2999999999999998
16.1,2.6477435661854587,0.0,1.1633369484539058,1.0,-0.0032272481398989885,0.1894560090790156,0.05226035027894393,-0.040807229698687185,-0.010504644487359435,0.2999999999999998
16.12,2.6497435661854585,0.0,1.1635369484539058,1.0,-0.0032272481398989885,0.1894560090790156,0.05226035027894393,-0.040807229698687185,-0.010504644487359435,0.2999999999999998
16.14,2.6517435661854583,0.0,1.1637369484539057,1.0,-0.0032272481398989885,0.1894560090790156,0.05226035027894393,-0.040807229698687185,-0.010504644487359435,0.2999999999999998
16.16,2.653743566185458,0.0,1.1639369484539057,1.0,-0.0032272481398989885,0.1894560090790156,0.05226035027894393,-0.040807229698687185,-0.010504644487359435,0.2999999999999998
16.18,2.655743566185458,0.0,1.1641369484539057,1.0,-0.0032272481398989885,0.1894560090790156,0.05226035027894393,-0.040807229698687185,-0.010504644487359435,0.2999999999999998
16.2,2.6577435661854576,0.0,1.1643369484539057,1.0,-0.0032272481398989885,0.1894560090790156,0.05226035027894393,-0.040807229698687185,-0.010504644487359435,0.2999999999999998
16.22,2.6597435661854574,0.0,1.1645369484539057,1.0,-0.0032272481398989885,0.1894560090790156,0.05226035027894393,-0.040807229698687185,-0.010504644487359435,0.2999999999999998
16.240000000000002,2.661743566185457,0.0,1.1647369484539056,1.0,-0.0032272481398989885,0.1894560090790156,0.05226035027894393,-0.040807229698687185,-0.010504644487359435,0.2999999999999998
16.26,2.663743566185457,0.0,1.1649369484539056,1.0,-0.0032272481398989885,0.1894560090790156,0.05226035027894393,-0.040807229698687185,-0.010504644487359435,0.2999999999999998
16.28,2.6657435661854567,0.0,1.1651369484539056,1.0,-0.0032272481398989885,0.1894560090790156,0.05226035027894393,-0.040807229698687185,-0.010504644487359435,0.2999999999999998
16.3,2.6677435661854565,0.0,1.1653369484539056,1.0,-0.0032272481398989885,0.1894560090790156,0.05226035027894393,-0.040807229698687185,-0.010504644487359435,0.2999999999999998
16.32,2.6697435661854563,0.0,1.1655369484539055,1.0,-0.0032272481398989885,0.1894560090790156,0.05226035027894393,-0.040807229698687185,-0.010504644487359435,0.2999999999999998
16.34,2.671743566185456,0.0,1.1657369484539055,1.0,-0.0032272481398989885,0.1894560090790156,0.05226035027894393,-0.040807229698687185,-0.010504644487359435,0.2999999999999998
16.36,2.673743566185456,0.0,1.1659369484539055,1.0,-0.0032272481398989885,0.1894560090790156,0.05226035027894393,-0.040807229698687185,-0.010504644487359435,0.2999999999999998
16.38,2.6757435661854556,0.0,1.1661369484539055,1.0,-0.0032272481398989885,0.1894560090790156,0.05226035027894393,-0.040807229698687185,-0.010504644487359435,0.2999999999999998
16.4,2.6777435661854554,0.0,1.1663369484539055,1.0,-0.0032272481398989885,0.1894560090790156,0.05226035027894393,-0.040807229698687185,-0.010504644487359435,0.2999999999999998
16.42,2.679743566185455,0.0,1.1665369484539054,1.0,-0.0032272481398989885,0.1894560090790156,0.05226035027894393,-0.040807229698687185,-0.010504644487359435,0.2999999999999998
16.44,2.681743566185455,0.0,1.1667369484539054,1.0,-0.0032272481398989885,0.1894560090790156,0.05226035027894393,-0.040807229698687185,-0.010504644487359435,0.2999999999999998
16.46,2.6837435661854547,0.0,1.1669369484539054,1.0,-0.0032272481398989885,0.1894560090790156,0.05226035027894393,-0.040807229698687185,-0.010504644487359435,0.2999999999999998
16.48,2.6857435661854545,0.0,1.1671369484539054,1.0,-0.0032272481398989885,0.1894560090790156,0.05226035027894393,-0.040807229698687185,-0.010504644487359435,0.2999999999999998
16.5,2.6877435661854543,0.0,1.1673369484539053,1.0,-0.0032272481398989885,0.1894560090790156,0.05226035027894393,-0.040807229698687185,-0.010504644487359435,0.2999999999999998
16.52,2.689743566185454,0.0,1.1675369484539053,1.0,-0.0032272481398989885,0.1894560090790156,0.05226035027894393,-0.040807229698687185,-0.010504644487359435,0.2999999999999998
16.54,2.691743566185454,0.0,1.1677369484539053,1.0,-0.0032272481398989885,0.1894560090790156,0.05226035027894393,-0.040807229698687185,-0.010504644487359435,0.2999999999999998
16.56,2.6937435661854536,0.0,1.1679369484539053,1.0,-0.0032272481398989885,0.1894560090790156,0.05226035027894393,-0.040807229698687185,-0.010504644487359435,0.2999999999999998
16.580000000000002,2.6957435661854534,0.0,1.1681369484539053,1.0,-0.0032272481398989885,0.1894560090790156,0.05226035027894393,-0.040807229698687185,-0.010504644487359435,0.2999999999999998
16.6,2.697743566185453,0.0,1.1683369484539052,1.0,-0.0032272481398989885,0.1894560090790156,0.05226035027894393,-0.040807229698687185,-0.010504644487359435,0.2999999999999998
16.62,2.699743566185453,0.0,1.1685369484539052,1.0,-0.0032272481398989885,0.1894560090790156,0.05226035027894393,-0.040807229698687185,-0.010504644487359435,0.2999999999999998
16.64,2.7017435661854527,0.0,1.1687369484539052,1.0,-0.0032272481398989885,0.1894560090790156,0.05226035027894393,-0.040807229698687185,-0.010504644487359435,0.2999999999999998
16.66,2.7037435661854525,0.0,1.1689369484539052,1.0,-0.0032272481398989885,0.1894560090790156,0.05226035027894393,-0.040807229698687185,-0.010504644487359435,0.2999999999999998
16.68,2.7057435661854523,0.0,1.1691369484539051,1.0,-0.0032272481398989885,0.1894560090790156,0.05226035027894393,-0.040807229698687185,-0.010504644487359435,0.2999999999999998
16.7,2.707743566185452,0.0,1.1693369484539051,1.0,-0.0032272481398989885,0.1894560090790156,0.05226035027894393,-0.040807229698687185,-0.010504644487359435,0.2999999999999998
16.72,2.709743566185452,0.0,1.169536948453905,1.0,-0.0032272481398989885,0.1894560090790156,0.05226035027894393,-0.040807229698687185,-0.010504644487359435,0.2999999999999998
16.740000000000002,2.7117435661854516,0.0,1.169736948453905,1.0,-0.0032272481398989885,0.1894560090790156,0.05226035027894393,-0.040807229698687185,-0.010504644487359435,0.2999999999999998
16.76,2.7137435661854514,0.0,1.169936948453905,1.0,-0.0032272481398989885,0.1894560090790156,0.05226035027894393,-0.040807229698687185,-0.010504644487359435,0.2999999999999998
16.78,2.715743566185451,0.0,1.170136948453905,1.0,-0.0032272481398989885,0.1894560090790156,0.05226035027894393,-0.040807229698687185,-0.010504644487359435,0.2999999999999998
16.8,2.717743566185451,0.0,1.170336948453905,1.0,-0.0032272481398989885,0.1894560090790156,0.05226035027894393,-0.040807229698687185,-0.010504644487359435,0.2999999999999998
16.82,2.7197435661854508,0.0,1.170536948453905,1.0,-0.0032272481398989885,0.1894560090790156,0.05226035027894393,-0.040807229698687185,-0.010504644487359435,0.2999999999999998
16.84,2.7217435661854505,0.0,1.170736948453905,1.0,-0.0032272481398989885,0.1894560090790156,0.05226035027894393,-0.040807229698687185,-0.010504644487359435,0.2999999999999998
16.86,2.7237435661854503,0.0,1.170936948453905,1.0,-0.0032272481398989885,0.1894560090790156,0.05226035027894393,-0.040807229698687185,-0.010504644487359435,0.2999999999999998
16.88,2.72574356618545,0.0,1.171136948453905,1.0,-0.0032272481398989885,0.1894560090790156,0.05226035027894393,-0.040807229698687185,-0.010504644487359435,0.2999999999999998
16.9,2.72774356618545,0.0,1.171336948453905,1.0,-0.0032272481398989885,0.1894560090790156,0.05226035027894393,-0.040807229698687185,-0.010504644487359435,0.2999999999999998
16.92,2.7297435661854497,0.0,1.1715369484539049,1.0,-0.0032272481398989885,0.1894560090790156,0.05226035027894393,-0.040807229698687185,-0.010504644487359435,0.2999999999999998
16.94,2.7317435661854494,0.0,1.1717369484539049,1.0,-0.0032272481398989885,0.1894560090790156,0.05226035027894393,-0.040807229698687185,-0.010504644487359435,0.2999999999999998
16.96,2.7337435661854492,0.0,1.1719369484539048,1.0,-0.0032272481398989885,0.1894560090790156,0.05226035027894393,-0.040807229698687185,-0.010504644487359435,0.2999999999999998
16.98,2.735743566185449,0.0,1.1721369484539048,1.0,-0.0032272481398989885,0.1894560090790156,0.05226035027894393,-0.040807229698687185,-0.010504644487359435,0.2999999999999998
17.0,2.737743566185449,0.0,1.1723369484539048,1.0,-0.0032272481398989885,0.1894560090790156,0.05226035027894393,-0.040807229698687185,-0.010504644487359435,0.2999999999999998
17.02,2.7397435661854486,0.0,1.1725369484539048,1.0,-0.0032272481398989885,0.1894560090790156,0.05226035027894393,-0.040807229698687185,-0.010504644487359435,0.2999999999999998
17.04,2.7417435661854483,0.0,1.1727369484539047,1.0,-0.0032272481398989885,0.1894560090790156,0.05226035027894393,-0.040807229698687185,-0.010504644487359435,0.2999999999999998
17.06,2.743743566185448,0.0,1.1729369484539047,1.0,-0.0032272481398989885,0.1894560090790156,0.05226035027894393,-0.040807229698687185,-0.010504644487359435,0.2999999999999998
17.080000000000002,2.745743566185448,0.0,1.1731369484539047,1.0,-0.0032272481398989885,0.1894560090790156,0.05226035027894393,-0.040807229698687185,-0.010504644487359435,0.2999999999999998
17.1,2.7477435661854477,0.0,1.1733369484539047,1.0,-0.0032272481398989885,0.1894560090790156,0.05226035027894393,-0.040807229698687185,-0.010504644487359435,0.2999999999999998
17.12,2.7497435661854475,0.0,1.1735369484539047,1.0,-0.0032272481398989885,0.1894560090790156,0.05226035027894393,-0.040807229698687185,-0.010504644487359435,0.2999999999999998
17.14,2.7517435661854472,0.0,1.1737369484539046,1.0,-0.0032272481398989885,0.1894560090790156,0.05226035027894393,-0.040807229698687185,-0.010504644487359435,0.2999999999999998
17.16,2.753743566185447,0.0,1.1739369484539046,1.0,-0.0032272481398989885,0.1894560090790156,0.05226035027894393,-0.040807229698687185,-0.010504644487359435,0.2999999999999998
17.18,2.755743566185447,0.0,1.1741369484539046,1.0,-0.0032272481398989885,0.1894560090790156,0.05226035027894393,-0.040807229698687185,-0.010504644487359435,0.2999999999999998
17.2,2.7577435661854466,0.0,1.1743369484539046,1.0,-0.0032272481398989885,0.1894560090790156,0.05226035027894393,-0.040807229698687185,-0.010504644487359435,0.2999999999999998
17.22,2.7597435661854464,0.0,1.1745369484539046,1.0,-0.0032272481398989885,0.1894560090790156,0.05226035027894393,-0.040807229698687185,-0.010504644487359435,0.2999999999999998
17.240000000000002,2.761743566185446,0.0,1.1747369484539045,1.0,-0.0032272481398989885,0.1894560090790156,0.05226035027894393,-0.040807229698687185,-0.010504644487359435,0.2999999999999998
17.26,2.763743566185446,0.0,1.1749369484539045,1.0,-0.0032272481398989885,0.1894560090790156,0.05226035027894393,-0.040807229698687185,-0.010504644487359435,0.2999999999999998
17.28,2.7657435661854457,0.0,1.1751369484539045,1.0,-0.0032272481398989885,0.1894560090790156,0.05226035027894393,-0.040807229698687185,-0.010504644487359435,0.2999999999999998
17.3,2.7677435661854455,0.0,1.1753369484539045,1.0,-0.0032272481398989885,0.1894560090790156,0.05226035027894393,-0.040807229698687185,-0.010504644487359435,0.2999999999999998
17.32,2.7697435661854453,0.0,1.1755369484539044,1.0,-0.0032272481398989885,0.1894560090790156,0.05226035027894393,-0.040807229698687185,-0.010504644487359435,0.2999999999999998
17.34,2.771743566185445,0.0,1.1757369484539044,1.0,-0.0032272481398989885,0.1894560090790156,0.05226035027894393,-0.040807229698687185,-0.010504644487359435,0.2999999999999998
17.36,2.773743566185445,0.0,1.1759369484539044,1.0,-0.0032272481398989885,0.1894560090790156,0.05226035027894393,-0.040807229698687185,-0.010504644487359435,0.2999999999999998
17.38,2.7757435661854446,0.0,1.1761369484539044,1.0,-0.0032272481398989885,0.1894560090790156,0.05226035027894393,-0.040807229698687185,-0.010504644487359435,0.2999999999999998
17.400000000000002,2.7777435661854444,0.0,1.1763369484539044,1.0,-0.0032272481398989885,0.1894560090790156,0.05226035027894393,-0.040807229698687185,-0.010504644487359435,0.2999999999999998
17.42,2.779743566185444,0.0,1.1765369484539043,1.0,-0.0032272481398989885,0.1894560090790156,0.05226035027894393,-0.040807229698687185,-0.010504644487359435,0.2999999999999998
17.44,2.781743566185444,0.0,1.1767369484539043,1.0,-0.0032272481398989885,0.1894560090790156,0.05226035027894393,-0.040807229698687185,-0.010504644487359435,0.2999999999999998
17.46,2.7837435661854437,0.0,1.1769369484539043,1.0,-0.0032272481398989885,0.1894560090790156,0.05226035027894393,-0.040807229698687185,-0.010504644487359435,0.2999999999999998
17.48,2.7857435661854435,0.0,1.1771369484539043,1.0,-0.0032272481398989885,0.1894560090790156,0.05226035027894393,-0.040807229698687185,-0.010504644487359435,0.2999999999999998
17.5,2.7877435661854433,0.0,1.1773369484539042,1.0,-0.0032272481398989885,0.1894560090790156,0.05226035027894393,-0.040807229698687185,-0.010504644487359435,0.2999999999999998
17.52,2.789743566185443,0.0,1.1775369484539042,1.0,-0.0032272481398989885,0.1894560090790156,0.05226035027894393,-0.040807229698687185,-0.010504644487359435,0.2999999999999998
17.54,2.791743566185443,0.0,1.1777369484539042,1.0,-0.0032272481398989885,0.1894560090790156,0.05226035027894393,-0.040807229698687185,-0.010504644487359435,0.2999999999999998
17.56,2.7937435661854426,0.0,1.1779369484539042,1.0,-0.0032272481398989885,0.1894560090790156,0.05226035027894393,-0.040807229698687185,-0.010504644487359435,0.2999999999999998
17.580000000000002,2.7957435661854424,0.0,1.1781369484539042,1.0,-0.0032272481398989885,0.1894560090790156,0.05226035027894393,-0.040807229698687185,-0.010504644487359435,0.2999999999999998
17.6,2.797743566185442,0.0,1.1783369484539041,1.0,-0.0032272481398989885,0.1894560090790156,0.05226035027894393,-0.040807229698687185,-0.010504644487359435,0.2999999999999998
17.62,2.799743566185442,0.0,1.178536948453904,1.0,-0.0032272481398989885,0.1894560090790156,0.05226035027894393,-0.040807229698687185,-0.010504644487359435,0.2999999999999998
17.64,2.8017435661854417,0.0,1.178736948453904,1.0,-0.0032272481398989885,0.1894560090790156,0.05226035027894393,-0.040807229698687185,-0.010504644487359435,0.2999999999999998
17.66,2.8037435661854415,0.0,1.178936948453904,1.0,-0.0032272481398989885,0.1894560090790156,0.05226035027894393,-0.040807229698687185,-0.010504644487359435,0.2999999999999998
17.68,2.8057435661854413,0.0,1.179136948453904,1.0,-0.0032272481398989885,0.1894560090790156,0.05226035027894393,-0.040807229698687185,-0.010504644487359435,0.2999999999999998
17.7,2.807743566185441,0.0,1.179336948453904,1.0,-0.0032272481398989885,0.1894560090790156,0.05226035027894393,-0.040807229698687185,-0.010504644487359435,0.2999999999999998
17.72,2.809743566185441,0.0,1.179536948453904,1.0,-0.0032272481398989885,0.1894560090790156,0.05226035027894393,-0.040807229698687185,-0.010504644487359435,0.2999999999999998
17.740000000000002,2.8117435661854406,0.0,1.179736948453904,1.0,-0.0032272481398989885,0.1894560090790156,0.05226035027894393,-0.040807229698687185,-0.010504644487359435,0.2999999999999998
17.76,2.8137435661854404,0.0,1.179936948453904,1.0,-0.0032272481398989885,0.1894560090790156,0.05226035027894393,-0.040807229698687185,-0.010504644487359435,0.2999999999999998
17.78,2.81574356618544,0.0,1.180136948453904,1.0,-0.0032272481398989885,0.1894560090790156,0.05226035027894393,-0.040807229698687185,-0.010504644487359435,0.2999999999999998
17.8,2.81774356618544,0.0,1.180336948453904,1.0,-0.0032272481398989885,0.1894560090790156,0.05226035027894393,-0.040807229698687185,-0.010504644487359435,0.2999999999999998
17.82,2.8197435661854398,0.0,1.180536948453904,1.0,-0.0032272481398989885,0.1894560090790156,0.05226035027894393,-0.040807229698687185,-0.010504644487359435,0.2999999999999998
17.84,2.8217435661854395,0.0,1.1807369484539039,1.0,-0.0032272481398989885,0.1894560090790156,0.05226035027894393,-0.040807229698687185,-0.010504644487359435,0.2999999999999998
17.86,2.8237435661854393,0.0,1.1809369484539038,1.0,-0.0032272481398989885,0.1894560090790156,0.05226035027894393,-0.040807229698687185,-0.010504644487359435,0.2999999999999998
17.88,2.825743566185439,0.0,1.1811369484539038,1.0,-0.0032272481398989885,0.1894560090790156,0.05226035027894393,-0.040807229698687185,-0.010504644487359435,0.2999999999999998
17.900000000000002,2.827743566185439,0.0,1.1813369484539038,1.0,-0.0032272481398989885,0.1894560090790156,0.05226035027894393,-0.040807229698687185,-0.010504644487359435,0.2999999999999998
17.92,2.8297435661854387,0.0,1.1815369484539038,1.0,-0.0032272481398989885,0.1894560090790156,0.05226035027894393,-0.040807229698687185,-0.010504644487359435,0.2999999999999998
17.94,2.8317435661854384,0.0,1.1817369484539038,1.0,-0.0032272481398989885,0.1894560090790156,0.05226035027894393,-0.040807229698687185,-0.010504644487359435,0.2999999999999998
17.96,2.833743566185438,0.0,1.1819369484539037,1.0,-0.0032272481398989885,0.1894560090790156,0.05226035027894393,-0.040807229698687185,-0.010504644487359435,0.2999999999999998
17.98,2.835743566185438,0.0,1.1821369484539037,1.0,-0.0032272481398989885,0.1894560090790156,0.05226035027894393,-0.040807229698687185,-0.010504644487359435,0.2999999999999998
18.0,2.8377435661854378,0.0,1.1823369484539037,1.0,-0.0032272481398989885,0.1894560090790156,0.05226035027894393,-0.040807229698687185,-0.010504644487359435,0.2999999999999998
18.02,2.8397435661854376,0.0,1.1825369484539037,1.0,-0.0032272481398989885,0.1894560090790156,0.05226035027894393,-0.040807229698687185,-0.010504644487359435,0.2999999999999998
18.04,2.8417435661854373,0.0,1.1827369484539036,1.0,-0.0032272481398989885,0.1894560090790156,0.05226035027894393,-0.040807229698687185,-0.010504644487359435,0.2999999999999998
18.06,2.843743566185437,0.0,1.1829369484539036,1.0,-0.0032272481398989885,0.1894560090790156,0.05226035027894393,-0.040807229698687185,-0.010504644487359435,0.2999999999999998
18.080000000000002,2.845743566185437,0.0,1.1831369484539036,1.0,-0.0032272481398989885,0.1894560090790156,0.05226035027894393,-0.040807229698687185,-0.010504644487359435,0.2999999999999998
18.1,2.8477435661854367,0.0,1.1833369484539036,1.0,-0.0032272481398989885,0.1894560090790156,0.05226035027894393,-0.040807229698687185,-0.010504644487359435,0.2999999999999998
18.12,2.8497435661854364,0.0,1.1835369484539036,1.0,-0.0032272481398989885,0.1894560090790156,0.05226035027894393,-0.040807229698687185,-0.010504644487359435,0.2999999999999998
18.14,2.8517435661854362,0.0,1.1837369484539035,1.0,-0.0032272481398989885,0.1894560090790156,0.05226035027894393,-0.040807229698687185,-0.010504644487359435,0.2999999999999998
18.16,2.853743566185436,0.0,1.1839369484539035,1.0,-0.0032272481398989885,0.1894560090790156,0.05226035027894393,-0.040807229698687185,-0.010504644487359435,0.2999999999999998
18.18,2.855743566185436,0.0,1.1841369484539035,1.0,-0.0032272481398989885,0.1894560090790156,0.05226035027894393,-0.040807229698687185,-0.010504644487359435,0.2999999999999998
18.2,2.8577435661854356,0.0,1.1843369484539035,1.0,-0.0032272481398989885,0.1894560090790156,0.05226035027894393,-0.040807229698687185,-0.010504644487359435,0.2999999999999998
18.22,2.8597435661854353,0.0,1.1845369484539034,1.0,-0.0032272481398989885,0.1894560090790156,0.05226035027894393,-0.040807229698687185,-0.010504644487359435,0.2999999999999998
18.240000000000002,2.861743566185435,0.0,1.1847369484539034,1.0,-0.0032272481398989885,0.1894560090790156,0.05226035027894393,-0.040807229698687185,-0.010504644487359435,0.2999999999999998
18.26,2.863743566185435,0.0,1.1849369484539034,1.0,-0.0032272481398989885,0.1894560090790156,0.05226035027894393,-0.040807229698687185,-0.010504644487359435,0.2999999999999998
18.28,2.8657435661854347,0.0,1.1851369484539034,1.0,-0.0032272481398989885,0.1894560090790156,0.05226035027894393,-0.040807229698687185,-0.010504644487359435,0.2999999999999998
18.3,2.8677435661854345,0.0,1.1853369484539034,1.0,-0.0032272481398989885,0.1894560090790156,0.05226035027894393,-0.040807229698687185,-0.010504644487359435,0.2999999999999998
18.32,2.8697435661854342,0.0,1.1855369484539033,1.0,-0.0032272481398989885,0.1894560090790156,0.05226035027894393,-0.040807229698687185,-0.010504644487359435,0.2999999999999998
18.34,2.871743566185434,0.0,1.1857369484539033,1.0,-0.0032272481398989885,0.1894560090790156,0.05226035027894393,-0.040807229698687185,-0.010504644487359435,0.2999999999999998
18.36,2.873743566185434,0.0,1.1859369484539033,1.0,-0.0032272481398989885,0.1894560090790156,0.05226035027894393,-0.040807229698687185,-0.010504644487359435,0.2999999999999998
18.38,2.8757435661854336,0.0,1.1861369484539033,1.0,-0.0032272481398989885,0.1894560090790156,0.05226035027894393,-0.040807229698687185,-0.010504644487359435,0.2999999999999998
18.400000000000002,2.8777435661854334,0.0,1.1863369484539033,1.0,-0.0032272481398989885,0.1894560090790156,0.05226035027894393,-0.040807229698687185,-0.010504644487359435,0.2999999999999998
18.42,2.879743566185433,0.0,1.1865369484539032,1.0,-0.0032272481398989885,0.1894560090790156,0.05226035027894393,-0.040807229698687185,-0.010504644487359435,0.2999999999999998
18.44,2.881743566185433,0.0,1.1867369484539032,1.0,-0.0032272481398989885,0.1894560090790156,0.05226035027894393,-0.040807229698687185,-0.010504644487359435,0.2999999999999998
18.46,2.8837435661854327,0.0,1.1869369484539032,1.0,-0.0032272481398989885,0.1894560090790156,0.05226035027894393,-0.040807229698687185,-0.010504644487359435,0.2999999999999998
18.48,2.8857435661854325,0.0,1.1871369484539032,1.0,-0.0032272481398989885,0.1894560090790156,0.05226035027894393,-0.040807229698687185,-0.010504644487359435,0.2999999999999998
18.5,2.8877435661854323,0.0,1.1873369484539031,1.0,-0.0032272481398989885,0.1894560090790156,0.05226035027894393,-0.040807229698687185,-0.010504644487359435,0.2999999999999998
18.52,2.889743566185432,0.0,1.1875369484539031,1.0,-0.0032272481398989885,0.1894560090790156,0.05226035027894393,-0.040807229698687185,-0.010504644487359435,0.2999999999999998
18.54,2.891743566185432,0.0,1.187736948453903,1.0,-0.0032272481398989885,0.1894560090790156,0.05226035027894393,-0.040807229698687185,-0.010504644487359435,0.2999999999999998
18.56,2.8937435661854316,0.0,1.187936948453903,1.0,-0.0032272481398989885,0.1894560090790156,0.05226035027894393,-0.040807229698687185,-0.010504644487359435,0.2999999999999998
18.580000000000002,2.8957435661854314,0.0,1.188136948453903,1.0,-0.0032272481398989885,0.1894560090790156,0.05226035027894393,-0.040807229698687185,-0.010504644487359435,0.2999999999999998
18.6,2.897743566185431,0.0,1.188336948453903,1.0,-0.0032272481398989885,0.1894560090790156,0.05226035027894393,-0.040807229698687185,-0.010504644487359435,0.2999999999999998
18.62,2.899743566185431,0.0,1.188536948453903,1.0,-0.0032272481398989885,0.1894560090790156,0.05226035027894393,-0.040807229698687185,-0.010504644487359435,0.2999999999999998
18.64,2.9017435661854307,0.0,1.188736948453903,1.0,-0.0032272481398989885,0.1894560090790156,0.05226035027894393,-0.040807229698687185,-0.010504644487359435,0.2999999999999998
18.66,2.9037435661854305,0.0,1.188936948453903,1.0,-0.0032272481398989885,0.1894560090790156,0.05226035027894393,-0.040807229698687185,-0.010504644487359435,0.2999999999999998
18.68,2.9057435661854303,0.0,1.189136948453903,1.0,-0.0032272481398989885,0.1894560090790156,0.05226035027894393,-0.040807229698687185,-0.010504644487359435,0.2999999999999998
18.7,2.90774356618543,0.0,1.189336948453903,1.0,-0.0032272481398989885,0.1894560090790156,0.05226035027894393,-0.040807229698687185,-0.010504644487359435,0.2999999999999998
18.72,2.90974356618543,0.0,1.189536948453903,1.0,-0.0032272481398989885,0.1894560090790156,0.05226035027894393,-0.040807229698687185,-0.010504644487359435,0.2999999999999998
18.740000000000002,2.9117435661854296,0.0,1.1897369484539029,1.0,-0.0032272481398989885,0.1894560090790156,0.05226035027894393,-0.040807229698687185,-0.010504644487359435,0.2999999999999998
18.76,2.9137435661854294,0.0,1.1899369484539029,1.0,-0.0032272481398989885,0.1894560090790156,0.05226035027894393,-0.040807229698687185,-0.010504644487359435,0.2999999999999998
18.78,2.915743566185429,0.0,1.1901369484539028,1.0,-0.0032272481398989885,0.1894560090790156,0.05226035027894393,-0.040807229698687185,-0.010504644487359435,0.2999999999999998
18.8,2.917743566185429,0.0,1.1903369484539028,1.0,-0.0032272481398989885,0.1894560090790156,0.05226035027894393,-0.040807229698687185,-0.010504644487359435,0.2999999999999998
18.82,2.9197435661854287,0.0,1.1905369484539028,1.0,-0.0032272481398989885,0.1894560090790156,0.05226035027894393,-0.040807229698687185,-0.010504644487359435,0.2999999999999998
18.84,2.9217435661854285,0.0,1.1907369484539028,1.0,-0.0032272481398989885,0.1894560090790156,0.05226035027894393,-0.040807229698687185,-0.010504644487359435,0.2999999999999998
18.86,2.9237435661854283,0.0,1.1909369484539027,1.0,-0.0032272481398989885,0.1894560090790156,0.05226035027894393,-0.040807229698687185,-0.010504644487359435,0.2999999999999998
18.88,2.925743566185428,0.0,1.1911369484539027,1.0,-0.0032272481398989885,0.1894560090790156,0.05226035027894393,-0.040807229698687185,-0.010504644487359435,0.2999999999999998
18.900000000000002,2.927743566185428,0.0,1.1913369484539027,1.0,-0.0032272481398989885,0.1894560090790156,0.05226035027894393,-0.040807229698687185,-0.010504644487359435,0.2999999999999998
18.92,2.9297435661854276,0.0,1.1915369484539027,1.0,-0.0032272481398989885,0.1894560090790156,0.05226035027894393,-0.040807229698687185,-0.010504644487359435,0.2999999999999998
18.94,2.9317435661854274,0.0,1.1917369484539027,1.0,-0.0032272481398989885,0.1894560090790156,0.05226035027894393,-0.040807229698687185,-0.010504644487359435,0.2999999999999998
18.96,2.933743566185427,0.0,1.1919369484539026,1.0,-0.0032272481398989885,0.1894560090790156,0.05226035027894393,-0.040807229698687185,-0.010504644487359435,0.2999999999999998
18.98,2.935743566185427,0.0,1.1921369484539026,1.0,-0.0032272481398989885,0.1894560090790156,0.05226035027894393,-0.040807229698687185,-0.010504644487359435,0.2999999999999998
19.0,2.9377435661854268,0.0,1.1923369484539026,1.0,-0.0032272481398989885,0.1894560090790156,0.05226035027894393,-0.040807229698687185,-0.010504644487359435,0.2999999999999998
19.02,2.9397435661854265,0.0,1.1925369484539026,1.0,-0.0032272481398989885,0.1894560090790156,0.05226035027894393,-0.040807229698687185,-0.010504644487359435,0.2999999999999998
19.04,2.9417435661854263,0.0,1.1927369484539025,1.0,-0.0032272481398989885,0.1894560090790156,0.05226035027894393,-0.040807229698687185,-0.010504644487359435,0.2999999999999998
19.06,2.943743566185426,0.0,1.1929369484539025,1.0,-0.0032272481398989885,0.1894560090790156,0.05226035027894393,-0.040807229698687185,-0.010504644487359435,0.2999999999999998
19.080000000000002,2.945743566185426,0.0,1.1931369484539025,1.0,-0.0032272481398989885,0.1894560090790156,0.05226035027894393,-0.040807229698687185,-0.010504644487359435,0.2999999999999998
19.1,2.9477435661854257,0.0,1.1933369484539025,1.0,-0.0032272481398989885,0.1894560090790156,0.05226035027894393,-0.040807229698687185,-0.010504644487359435,0.2999999999999998
19.12,2.9497435661854254,0.0,1.1935369484539025,1.0,-0.0032272481398989885,0.1894560090790156,0.05226035027894393,-0.040807229698687185,-0.010504644487359435,0.2999999999999998
19.14,2.951743566185425,0.0,1.1937369484539024,1.0,-0.0032272481398989885,0.1894560090790156,0.05226035027894393,-0.040807229698687185,-0.010504644487359435,0.2999999999999998
19.16,2.953743566185425,0.0,1.1939369484539024,1.0,-0.0032272481398989885,0.1894560090790156,0.05226035027894393,-0.040807229698687185,-0.010504644487359435,0.2999999999999998
19.18,2.9557435661854248,0.0,1.1941369484539024,1.0,-0.0032272481398989885,0.1894560090790156,0.05226035027894393,-0.040807229698687185,-0.010504644487359435,0.2999999999999998
19.2,2.9577435661854246,0.0,1.1943369484539024,1.0,-0.0032272481398989885,0.1894560090790156,0.05226035027894393,-0.040807229698687185,-0.010504644487359435,0.2999999999999998
19.22,2.9597435661854243,0.0,1.1945369484539023,1.0,-0.0032272481398989885,0.1894560090790156,0.05226035027894393,-0.040807229698687185,-0.010504644487359435,0.2999999999999998
19.240000000000002,2.961743566185424,0.0,1.1947369484539023,1.0,-0.0032272481398989885,0.1894560090790156,0.05226035027894393,-0.040807229698687185,-0.010504644487359435,0.2999999999999998
19.26,2.963743566185424,0.0,1.1949369484539023,1.0,-0.0032272481398989885,0.1894560090790156,0.05226035027894393,-0.040807229698687185,-0.010504644487359435,0.2999999999999998
19.28,2.9657435661854237,0.0,1.1951369484539023,1.0,-0.0032272481398989885,0.1894560090790156,0.05226035027894393,-0.040807229698687185,-0.010504644487359435,0.2999999999999998
19.3,2.9677435661854235,0.0,1.1953369484539023,1.0,-0.0032272481398989885,0.1894560090790156,0.05226035027894393,-0.040807229698687185,-0.010504644487359435,0.2999999999999998
19.32,2.9697435661854232,0.0,1.1955369484539022,1.0,-0.0032272481398989885,0.1894560090790156,0.05226035027894393,-0.040807229698687185,-0.010504644487359435,0.2999999999999998
19.34,2.971743566185423,0.0,1.1957369484539022,1.0,-0.0032272481398989885,0.1894560090790156,0.05226035027894393,-0.040807229698687185,-0.010504644487359435,0.2999999999999998
19.36,2.973743566185423,0.0,1.1959369484539022,1.0,-0.0032272481398989885,0.1894560090790156,0.05226035027894393,-0.040807229698687185,-0.010504644487359435,0.2999999999999998
19.38,2.9757435661854226,0.0,1.1961369484539022,1.0,-0.0032272481398989885,0.1894560090790156,0.05226035027894393,-0.040807229698687185,-0.010504644487359435,0.2999999999999998
19.400000000000002,2.9777435661854224,0.0,1.1963369484539021,1.0,-0.0032272481398989885,0.1894560090790156,0.05226035027894393,-0.040807229698687185,-0.010504644487359435,0.2999999999999998
19.42,2.979743566185422,0.0,1.1965369484539021,1.0,-0.0032272481398989885,0.1894560090790156,0.05226035027894393,-0.040807229698687185,-0.010504644487359435,0.2999999999999998
19.44,2.981743566185422,0.0,1.196736948453902,1.0,-0.0032272481398989885,0.1894560090790156,0.05226035027894393,-0.040807229698687185,-0.010504644487359435,0.2999999999999998
19.46,2.9837435661854217,0.0,1.196936948453902,1.0,-0.0032272481398989885,0.1894560090790156,0.05226035027894393,-0.040807229698687185,-0.010504644487359435,0.2999999999999998
19.48,2.9857435661854215,0.0,1.197136948453902,1.0,-0.0032272481398989885,0.1894560090790156,0.05226035027894393,-0.040807229698687185,-0.010504644487359435,0.2999999999999998
19.5,2.9877435661854213,0.0,1.197336948453902,1.0,-0.0032272481398989885,0.1894560090790156,0.05226035027894393,-0.040807229698687185,-0.010504644487359435,0.2999999999999998
19.52,2.989743566185421,0.0,1.197536948453902,1.0,-0.0032272481398989885,0.1894560090790156,0.05226035027894393,-0.040807229698687185,-0.010504644487359435,0.2999999999999998
19.54,2.991743566185421,0.0,1.197736948453902,1.0,-0.0032272481398989885,0.1894560090790156,0.05226035027894393,-0.040807229698687185,-0.010504644487359435,0.2999999999999998
19.56,2.9937435661854206,0.0,1.197936948453902,1.0,-0.0032272481398989885,0.1894560090790156,0.05226035027894393,-0.040807229698687185,-0.010504644487359435,0.2999999999999998
19.580000000000002,2.9957435661854204,0.0,1.198136948453902,1.0,-0.0032272481398989885,0.1894560090790156,0.05226035027894393,-0.040807229698687185,-0.010504644487359435,0.2999999999999998
19.6,2.99774356618542,0.0,1.198336948453902,1.0,-0.0032272481398989885,0.1894560090790156,0.05226035027894393,-0.040807229698687185,-0.010504644487359435,0.2999999999999998
19.62,2.99974356618542,0.0,1.198536948453902,1.0,-0.0032272481398989885,0.1894560090790156,0.05226035027894393,-0.040807229698687185,-0.010504644487359435,0.2999999999999998
19.64,3.0017435661854197,0.0,1.1987369484539019,1.0,-0.0032272481398989885,0.1894560090790156,0.05226035027894393,-0.040807229698687185,-0.010504644487359435,0.2999999999999998
19.66,3.0037435661854195,0.0,1.1989369484539019,1.0,-0.0032272481398989885,0.1894560090790156,0.05226035027894393,-0.040807229698687185,-0.010504644487359435,0.2999999999999998
19.68,3.0057435661854193,0.0,1.1991369484539018,1.0,-0.0032272481398989885,0.1894560090790156,0.05226035027894393,-0.040807229698687185,-0.010504644487359435,0.2999999999999998
19.7,3.007743566185419,0.0,1.1993369484539018,1.0,-0.0032272481398989885,0.1894560090790156,0.05226035027894393,-0.040807229698687185,-0.010504644487359435,0.2999999999999998
19.72,3.009743566185419,0.0,1.1995369484539018,1.0,-0.0032272481398989885,0.1894560090790156,0.05226035027894393,-0.040807229698687185,-0.010504644487359435,0.2999999999999998
19.740000000000002,3.0117435661854186,0.0,1.1997369484539018,1.0,-0.0032272481398989885,0.1894560090790156,0.05226035027894393,-0.040807229698687185,-0.010504644487359435,0.2999999999999998
19.76,3.0137435661854184,0.0,1.1999369484539018,1.0,-0.0032272481398989885,0.1894560090790156,0.05226035027894393,-0.040807229698687185,-0.010504644487359435,0.2999999999999998
19.78,3.015743566185418,0.0,1.2001369484539017,1.0,-0.0032272481398989885,0.1894560090790156,0.05226035027894393,-0.040807229698687185,-0.010504644487359435,0.2999999999999998
19.8,3.017743566185418,0.0,1.2003369484539017,1.0,-0.0032272481398989885,0.1894560090790156,0.05226035027894393,-0.040807229698687185,-0.010504644487359435,0.2999999999999998
19.82,3.0197435661854177,0.0,1.2005369484539017,1.0,-0.0032272481398989885,0.1894560090790156,0.05226035027894393,-0.040807229698687185,-0.010504644487359435,0.2999999999999998
19.84,3.0217435661854175,0.0,1.2007369484539017,1.0,-0.0032272481398989885,0.1894560090790156,0.05226035027894393,-0.040807229698687185,-0.010504644487359435,0.2999999999999998
19.86,3.0237435661854173,0.0,1.2009369484539016,1.0,-0.0032272481398989885,0.1894560090790156,0.05226035027894393,-0.040807229698687185,-0.010504644487359435,0.2999999999999998
19.88,3.025743566185417,0.0,1.2011369484539016,1.0,-0.0032272481398989885,0.1894560090790156,0.05226035027894393,-0.040807229698687185,-0.010504644487359435,0.2999999999999998
19.900000000000002,3.027743566185417,0.0,1.2013369484539016,1.0,-0.0032272481398989885,0.1894560090790156,0.05226035027894393,-0.040807229698687185,-0.010504644487359435,0.2999999999999998
19.92,3.0297435661854166,0.0,1.2015369484539016,1.0,-0.0032272481398989885,0.1894560090790156,0.05226035027894393,-0.040807229698687185,-0.010504644487359435,0.2999999999999998
19.94,3.0317435661854164,0.0,1.2017369484539016,1.0,-0.0032272481398989885,0.1894560090790156,0.05226035027894393,-0.040807229698687185,-0.010504644487359435,0.2999999999999998
19.96,3.033743566185416,0.0,1.2019369484539015,1.0,-0.0032272481398989885,0.1894560090790156,0.05226035027894393,-0.040807229698687185,-0.010504644487359435,0.2999999999999998
19.98,3.035743566185416,0.0,1.2021369484539015,1.0,-0.0032272481398989885,0.1894560090790156,0.05226035027894393,-0.040807229698687185,-0.010504644487359435,0.2999999999999998
20.0,3.0377435661854157,0.0,1.2023369484539015,1.0,-0.0032272481398989885,0.1894560090790156,0.05226035027894393,-0.040807229698687185,-0.010504644487359435,0.2999999999999998
20.02,3.0397435661854155,0.0,1.2025369484539015,1.0,-0.0032272481398989885,0.1894560090790156,0.05226035027894393,-0.040807229698687185,-0.010504644487359435,0.2999999999999998
20.04,3.0417435661854153,0.0,1.2027369484539014,1.0,-0.0032272481398989885,0.1894560090790156,0.05226035027894393,-0.040807229698687185,-0.010504644487359435,0.2999999999999998
20.06,3.043743566185415,0.0,1.2029369484539014,1.0,-0.0032272481398989885,0.1894560090790156,0.05226035027894393,-0.040807229698687185,-0.010504644487359435,0.2999999999999998
20.080000000000002,3.045743566185415,0.0,1.2031369484539014,1.0,-0.0032272481398989885,0.1894560090790156,0.05226035027894393,-0.040807229698687185,-0.010504644487359435,0.2999999999999998
20.1,3.0477435661854146,0.0,1.2033369484539014,1.0,-0.0032272481398989885,0.1894560090790156,0.05226035027894393,-0.040807229698687185,-0.010504644487359435,0.2999999999999998
20.12,3.0497435661854144,0.0,1.2035369484539014,1.0,-0.0032272481398989885,0.1894560090790156,0.05226035027894393,-0.040807229698687185,-0.010504644487359435,0.2999999999999998
20.14,3.051743566185414,0.0,1.2037369484539013,1.0,-0.0032272481398989885,0.1894560090790156,0.05226035027894393,-0.040807229698687185,-0.010504644487359435,0.2999999999999998
20.16,3.053743566185414,0.0,1.2039369484539013,1.0,-0.0032272481398989885,0.1894560090790156,0.05226035027894393,-0.040807229698687185,-0.010504644487359435,0.2999999999999998
20.18,3.0557435661854138,0.0,1.2041369484539013,1.0,-0.0032272481398989885,0.1894560090790156,0.05226035027894393,-0.040807229698687185,-0.010504644487359435,0.2999999999999998
20.2,3.0577435661854135,0.0,1.2043369484539013,1.0,-0.0032272481398989885,0.1894560090790156,0.05226035027894393,-0.040807229698687185,-0.010504644487359435,0.2999999999999998
20.22,3.0597435661854133,0.0,1.2045369484539012,1.0,-0.0032272481398989885,0.1894560090790156,0.05226035027894393,-0.040807229698687185,-0.010504644487359435,0.2999999999999998
20.240000000000002,3.061743566185413,0.0,1.2047369484539012,1.0,-0.0032272481398989885,0.1894560090790156,0.05226035027894393,-0.040807229698687185,-0.010504644487359435,0.2999999999999998
20.26,3.063743566185413,0.0,1.2049369484539012,1.0,-0.0032272481398989885,0.1894560090790156,0.05226035027894393,-0.040807229698687185,-0.010504644487359435,0.2999999999999998
20.28,3.0657435661854127,0.0,1.2051369484539012,1.0,-0.0032272481398989885,0.1894560090790156,0.05226035027894393,-0.040807229698687185,-0.010504644487359435,0.2999999999999998
20.3,3.0677435661854124,0.0,1.2053369484539012,1.0,-0.0032272481398989885,0.1894560090790156,0.05226035027894393,-0.040807229698687185,-0.010504644487359435,0.2999999999999998
20.32,3.069743566185412,0.0,1.2055369484539011,1.0,-0.0032272481398989885,0.1894560090790156,0.05226035027894393,-0.040807229698687185,-0.010504644487359435,0.2999999999999998
20.34,3.071743566185412,0.0,1.2057369484539011,1.0,-0.0032272481398989885,0.1894560090790156,0.05226035027894393,-0.040807229698687185,-0.010504644487359435,0.2999999999999998
20.36,3.073743566185412,0.0,1.205936948453901,1.0,-0.0032272481398989885,0.1894560090790156,0.05226035027894393,-0.040807229698687185,-0.010504644487359435,0.2999999999999998
20.38,3.0757435661854116,0.0,1.206136948453901,1.0,-0.0032272481398989885,0.1894560090790156,0.05226035027894393,-0.040807229698687185,-0.010504644487359435,0.2999999999999998
20.400000000000002,3.0777435661854113,0.0,1.206336948453901,1.0,-0.0032272481398989885,0.1894560090790156,0.05226035027894393,-0.040807229698687185,-0.010504644487359435,0.2999999999999998
20.42,3.079743566185411,0.0,1.206536948453901,1.0,-0.0032272481398989885,0.1894560090790156,0.05226035027894393,-0.040807229698687185,-0.010504644487359435,0.2999999999999998
20.44,3.081743566185411,0.0,1.206736948453901,1.0,-0.0032272481398989885,0.1894560090790156,0.05226035027894393,-0.040807229698687185,-0.010504644487359435,0.2999999999999998
20.46,3.0837435661854107,0.0,1.206936948453901,1.0,-0.0032272481398989885,0.1894560090790156,0.05226035027894393,-0.040807229698687185,-0.010504644487359435,0.2999999999999998
20.48,3.0857435661854105,0.0,1.207136948453901,1.0,-0.0032272481398989885,0.1894560090790156,0.05226035027894393,-0.040807229698687185,-0.010504644487359435,0.2999999999999998
20.5,3.0877435661854102,0.0,1.207336948453901,1.0,-0.0032272481398989885,0.1894560090790156,0.05226035027894393,-0.040807229698687185,-0.010504644487359435,0.2999999999999998
20.52,3.08974356618541,0.0,1.207536948453901,1.0,-0.0032272481398989885,0.1894560090790156,0.05226035027894393,-0.040807229698687185,-0.010504644487359435,0.2999999999999998
20.54,3.09174356618541,0.0,1.207736948453901,1.0,-0.0032272481398989885,0.1894560090790156,0.05226035027894393,-0.040807229698687185,-0.010504644487359435,0.2999999999999998
20.56,3.0937435661854096,0.0,1.2079369484539009,1.0,-0.0032272481398989885,0.1894560090790156,0.05226035027894393,-0.040807229698687185,-0.010504644487359435,0.2999999999999998
20.580000000000002,3.0957435661854094,0.0,1.2081369484539008,1.0,-0.0032272481398989885,0.1894560090790156,0.05226035027894393,-0.040807229698687185,-0.010504644487359435,0.2999999999999998
20.6,3.097743566185409,0.0,1.2083369484539008,1.0,-0.0032272481398989885,0.1894560090790156,0.05226035027894393,-0.040807229698687185,-0.010504644487359435,0.2999999999999998
20.62,3.099743566185409,0.0,1.2085369484539008,1.0,-0.0032272481398989885,0.1894560090790156,0.05226035027894393,-0.040807229698687185,-0.010504644487359435,0.2999999999999998
20.64,3.1017435661854087,0.0,1.2087369484539008,1.0,-0.0032272481398989885,0.1894560090790156,0.05226035027894393,-0.040807229698687185,-0.010504644487359435,0.2999999999999998
20.66,3.1037435661854085,0.0,1.2089369484539008,1.0,-0.0032272481398989885,0.1894560090790156,0.05226035027894393,-0.040807229698687185,-0.010504644487359435,0.2999999999999998
20.68,3.1057435661854083,0.0,1.2091369484539007,1.0,-0.0032272481398989885,0.1894560090790156,0.05226035027894393,-0.040807229698687185,-0.010504644487359435,0.2999999999999998
20.7,3.107743566185408,0.0,1.2093369484539007,1.0,-0.0032272481398989885,0.1894560090790156,0.05226035027894393,-0.040807229698687185,-0.010504644487359435,0.2999999999999998
20.72,3.109743566185408,0.0,1.2095369484539007,1.0,-0.0032272481398989885,0.1894560090790156,0.05226035027894393,-0.040807229698687185,-0.010504644487359435,0.2999999999999998
20.740000000000002,3.1117435661854076,0.0,1.2097369484539007,1.0,-0.0032272481398989885,0.1894560090790156,0.05226035027894393,-0.040807229698687185,-0.010504644487359435,0.2999999999999998
20.76,3.1137435661854074,0.0,1.2099369484539007,1.0,-0.0032272481398989885,0.1894560090790156,0.05226035027894393,-0.040807229698687185,-0.010504644487359435,0.2999999999999998
20.78,3.115743566185407,0.0,1.2101369484539006,1.0,-0.0032272481398989885,0.1894560090790156,0.05226035027894393,-0.040807229698687185,-0.010504644487359435,0.2999999999999998
20.8,3.117743566185407,0.0,1.2103369484539006,1.0,-0.0032272481398989885,0.1894560090790156,0.05226035027894393,-0.040807229698687185,-0.010504644487359435,0.2999999999999998
20.82,3.1197435661854067,0.0,1.2105369484539006,1.0,-0.0032272481398989885,0.1894560090790156,0.05226035027894393,-0.040807229698687185,-0.010504644487359435,0.2999999999999998
20.84,3.1217435661854065,0.0,1.2107369484539006,1.0,-0.0032272481398989885,0.1894560090790156,0.05226035027894393,-0.040807229698687185,-0.010504644487359435,0.2999999999999998
20.86,3.1237435661854063,0.0,1.2109369484539005,1.0,-0.0032272481398989885,0.1894560090790156,0.05226035027894393,-0.040807229698687185,-0.010504644487359435,0.2999999999999998
20.88,3.125743566185406,0.0,1.2111369484539005,1.0,-0.0032272481398989885,0.1894560090790156,0.05226035027894393,-0.040807229698687185,-0.010504644487359435,0.2999999999999998
20.900000000000002,3.127743566185406,0.0,1.2113369484539005,1.0,-0.0032272481398989885,0.1894560090790156,0.05226035027894393,-0.040807229698687185,-0.010504644487359435,0.2999999999999998
20.92,3.1297435661854056,0.0,1.2115369484539005,1.0,-0.0032272481398989885,0.1894560090790156,0.05226035027894393,-0.040807229698687185,-0.010504644487359435,0.2999999999999998
20.94,3.1317435661854054,0.0,1.2117369484539005,1.0,-0.0032272481398989885,0.1894560090790156,0.05226035027894393,-0.040807229698687185,-0.010504644487359435,0.2999999999999998
20.96,3.133743566185405,0.0,1.2119369484539004,1.0,-0.0032272481398989885,0.1894560090790156,0.05226035027894393,-0.040807229698687185,-0.010504644487359435,0.2999999999999998
20.98,3.135743566185405,0.0,1.2121369484539004,1.0,-0.0032272481398989885,0.1894560090790156,0.05226035027894393,-0.040807229698687185,-0.010504644487359435,0.2999999999999998
21.0,3.1377435661854047,0.0,1.2123369484539004,1.0,-0.0032272481398989885,0.1894560090790156,0.05226035027894393,-0.040807229698687185,-0.010504644487359435,0.2999999999999998
21.02,3.1397435661854045,0.0,1.2125369484539004,1.0,-0.0032272481398989885,0.1894560090790156,0.05226035027894393,-0.040807229698687185,-0.010504644487359435,0.2999999999999998
21.04,3.1417435661854043,0.0,1.2127369484539003,1.0,-0.0032272481398989885,0.1894560090790156,0.05226035027894393,-0.040807229698687185,-0.010504644487359435,0.2999999999999998
21.06,3.143743566185404,0.0,1.2129369484539003,1.0,-0.0032272481398989885,0.1894560090790156,0.05226035027894393,-0.040807229698687185,-0.010504644487359435,0.2999999999999998
21.080000000000002,3.145743566185404,0.0,1.2131369484539003,1.0,-0.0032272481398989885,0.1894560090790156,0.05226035027894393,-0.040807229698687185,-0.010504644487359435,0.2999999999999998
21.1,3.1477435661854036,0.0,1.2133369484539003,1.0,-0.0032272481398989885,0.1894560090790156,0.05226035027894393,-0.040807229698687185,-0.010504644487359435,0.2999999999999998
21.12,3.1497435661854034,0.0,1.2135369484539003,1.0,-0.0032272481398989885,0.1894560090790156,0.05226035027894393,-0.040807229698687185,-0.010504644487359435,0.2999999999999998
21.14,3.151743566185403,0.0,1.2137369484539002,1.0,-0.0032272481398989885,0.1894560090790156,0.05226035027894393,-0.040807229698687185,-0.010504644487359435,0.2999999999999998
21.16,3.153743566185403,0.0,1.2139369484539002,1.0,-0.0032272481398989885,0.1894560090790156,0.05226035027894393,-0.040807229698687185,-0.010504644487359435,0.2999999999999998
21.18,3.1557435661854027,0.0,1.2141369484539002,1.0,-0.0032272481398989885,0.1894560090790156,0.05226035027894393,-0.040807229698687185,-0.010504644487359435,0.2999999999999998
21.2,3.1577435661854025,0.0,1.2143369484539002,1.0,-0.0032272481398989885,0.1894560090790156,0.05226035027894393,-0.040807229698687185,-0.010504644487359435,0.2999999999999998
21.22,3.1597435661854023,0.0,1.2145369484539001,1.0,-0.0032272481398989885,0.1894560090790156,0.05226035027894393,-0.040807229698687185,-0.010504644487359435,0.2999999999999998
21.240000000000002,3.161743566185402,0.0,1.2147369484539001,1.0,-0.0032272481398989885,0.1894560090790156,0.05226035027894393,-0.040807229698687185,-0.010504644487359435,0.2999999999999998
21.26,3.163743566185402,0.0,1.2149369484539,1.0,-0.0032272481398989885,0.1894560090790156,0.05226035027894393,-0.040807229698687185,-0.010504644487359435,0.2999999999999998
21.28,3.1657435661854016,0.0,1.2151369484539,1.0,-0.0032272481398989885,0.1894560090790156,0.05226035027894393,-0.040807229698687185,-0.010504644487359435,0.2999999999999998
21.3,3.1677435661854014,0.0,1.2153369484539,1.0,-0.0032272481398989885,0.1894560090790156,0.05226035027894393,-0.040807229698687185,-0.010504644487359435,0.2999999999999998
21.32,3.169743566185401,0.0,1.2155369484539,1.0,-0.0032272481398989885,0.1894560090790156,0.05226035027894393,-0.040807229698687185,-0.010504644487359435,0.2999999999999998
21.34,3.171743566185401,0.0,1.2157369484539,1.0,-0.0032272481398989885,0.1894560090790156,0.05226035027894393,-0.040807229698687185,-0.010504644487359435,0.2999999999999998
21.36,3.1737435661854008,0.0,1.2159369484539,1.0,-0.0032272481398989885,0.1894560090790156,0.05226035027894393,-0.040807229698687185,-0.010504644487359435,0.2999999999999998
21.38,3.1757435661854005,0.0,1.2161369484539,1.0,-0.0032272481398989885,0.1894560090790156,0.05226035027894393,-0.040807229698687185,-0.010504644487359435,0.2999999999999998
21.400000000000002,3.1777435661854003,0.0,1.2163369484539,1.0,-0.0032272481398989885,0.1894560090790156,0.05226035027894393,-0.040807229698687185,-0.010504644487359435,0.2999999999999998
21.42,3.1797435661854,0.0,1.2165369484539,1.0,-0.0032272481398989885,0.1894560090790156,0.05226035027894393,-0.040807229698687185,-0.010504644487359435,0.2999999999999998
21.44,3.1817435661854,0.0,1.2167369484539,1.0,-0.0032272481398989885,0.1894560090790156,0.05226035027894393,-0.040807229698687185,-0.010504644487359435,0.2999999999999998
21.46,3.1837435661853997,0.0,1.2169369484538999,1.0,-0.0032272481398989885,0.1894560090790156,0.05226035027894393,-0.040807229698687185,-0.010504644487359435,0.2999999999999998
21.48,3.1857435661853994,0.0,1.2171369484538999,1.0,-0.0032272481398989885,0.1894560090790156,0.05226035027894393,-0.040807229698687185,-0.010504644487359435,0.2999999999999998
21.5,3.1877435661853992,0.0,1.2173369484538998,1.0,-0.0032272481398989885,0.1894560090790156,0.05226035027894393,-0.040807229698687185,-0.010504644487359435,0.2999999999999998
21.52,3.189743566185399,0.0,1.2175369484538998,1.0,-0.0032272481398989885,0.1894560090790156,0.05226035027894393,-0.040807229698687185,-0.010504644487359435,0.2999999999999998
21.54,3.191743566185399,0.0,1.2177369484538998,1.0,-0.0032272481398989885,0.1894560090790156,0.05226035027894393,-0.040807229698687185,-0.010504644487359435,0.2999999999999998
21.56,3.1937435661853986,0.0,1.2179369484538998,1.0,-0.0032272481398989885,0.1894560090790156,0.05226035027894393,-0.040807229698687185,-0.010504644487359435,0.2999999999999998
21.580000000000002,3.1957435661853983,0.0,1.2181369484538997,1.0,-0.0032272481398989885,0.1894560090790156,0.05226035027894393,-0.040807229698687185,-0.010504644487359435,0.2999999999999998
21.6,3.197743566185398,0.0,1.2183369484538997,1.0,-0.0032272481398989885,0.1894560090790156,0.05226035027894393,-0.040807229698687185,-0.010504644487359435,0.2999999999999998
21.62,3.199743566185398,0.0,1.2185369484538997,1.0,-0.0032272481398989885,0.1894560090790156,0.05226035027894393,-0.040807229698687185,-0.010504644487359435,0.2999999999999998
21.64,3.2017435661853977,0.0,1.2187369484538997,1.0,-0.0032272481398989885,0.1894560090790156,0.05226035027894393,-0.040807229698687185,-0.010504644487359435,0.2999999999999998
21.66,3.2037435661853975,0.0,1.2189369484538997,1.0,-0.0032272481398989885,0.1894560090790156,0.05226035027894393,-0.040807229698687185,-0.010504644487359435,0.2999999999999998
21.68,3.2057435661853972,0.0,1.2191369484538996,1.0,-0.0032272481398989885,0.1894560090790156,0.05226035027894393,-0.040807229698687185,-0.010504644487359435,0.2999999999999998
21.7,3.207743566185397,0.0,1.2193369484538996,1.0,-0.0032272481398989885,0.1894560090790156,0.05226035027894393,-0.040807229698687185,-0.010504644487359435,0.2999999999999998
21.72,3.209743566185397,0.0,1.2195369484538996,1.0,-0.0032272481398989885,0.1894560090790156,0.05226035027894393,-0.040807229698687185,-0.010504644487359435,0.2999999999999998
21.740000000000002,3.2117435661853966,0.0,1.2197369484538996,1.0,-0.0032272481398989885,0.1894560090790156,0.05226035027894393,-0.040807229698687185,-0.010504644487359435,0.2999999999999998
21.76,3.2137435661853964,0.0,1.2199369484538996,1.0,-0.0032272481398989885,0.1894560090790156,0.05226035027894393,-0.040807229698687185,-0.010504644487359435,0.2999999999999998
21.78,3.215743566185396,0.0,1.2201369484538995,1.0,-0.0032272481398989885,0.1894560090790156,0.05226035027894393,-0.040807229698687185,-0.010504644487359435,0.2999999999999998
21.8,3.217743566185396,0.0,1.2203369484538995,1.0,-0.0032272481398989885,0.1894560090790156,0.05226035027894393,-0.040807229698687185,-0.010504644487359435,0.2999999999999998
21.82,3.2197435661853957,0.0,1.2205369484538995,1.0,-0.0032272481398989885,0.1894560090790156,0.05226035027894393,-0.040807229698687185,-0.010504644487359435,0.2999999999999998
21.84,3.2217435661853955,0.0,1.2207369484538995,1.0,-0.0032272481398989885,0.1894560090790156,0.05226035027894393,-0.040807229698687185,-0.010504644487359435,0.2999999999999998
21.86,3.2237435661853953,0.0,1.2209369484538994,1.0,-0.0032272481398989885,0.1894560090790156,0.05226035027894393,-0.040807229698687185,-0.010504644487359435,0.2999999999999998
21.88,3.225743566185395,0.0,1.2211369484538994,1.0,-0.0032272481398989885,0.1894560090790156,0.05226035027894393,-0.040807229698687185,-0.010504644487359435,0.2999999999999998
21.900000000000002,3.227743566185395,0.0,1.2213369484538994,1.0,-0.0032272481398989885,0.1894560090790156,0.05226035027894393,-0.040807229698687185,-0.010504644487359435,0.2999999999999998
21.92,3.2297435661853946,0.0,1.2215369484538994,1.0,-0.0032272481398989885,0.1894560090790156,0.05226035027894393,-0.040807229698687185,-0.010504644487359435,0.2999999999999998
21.94,3.2317435661853944,0.0,1.2217369484538994,1.0,-0.0032272481398989885,0.1894560090790156,0.05226035027894393,-0.040807229698687185,-0.010504644487359435,0.2999999999999998
21.96,3.233743566185394,0.0,1.2219369484538993,1.0,-0.0032272481398989885,0.1894560090790156,0.05226035027894393,-0.040807229698687185,-0.010504644487359435,0.2999999999999998
21.98,3.235743566185394,0.0,1.2221369484538993,1.0,-0.0032272481398989885,0.1894560090790156,0.05226035027894393,-0.040807229698687185,-0.010504644487359435,0.2999999999999998
22.0,3.2377435661853937,0.0,1.2223369484538993,1.0,-0.0032272481398989885,0.1894560090790156,0.05226035027894393,-0.040807229698687185,-0.010504644487359435,0.2999999999999998
22.02,3.2397435661853935,0.0,1.2225369484538993,1.0,-0.0032272481398989885,0.1894560090790156,0.05226035027894393,-0.040807229698687185,-0.010504644487359435,0.2999999999999998
22.04,3.2417435661853933,0.0,1.2227369484538992,1.0,-0.0032272481398989885,0.1894560090790156,0.05226035027894393,-0.040807229698687185,-0.010504644487359435,0.2999999999999998
22.06,3.243743566185393,0.0,1.2229369484538992,1.0,-0.0032272481398989885,0.1894560090790156,0.05226035027894393,-0.040807229698687185,-0.010504644487359435,0.2999999999999998
22.080000000000002,3.245743566185393,0.0,1.2231369484538992,1.0,-0.0032272481398989885,0.1894560090790156,0.05226035027894393,-0.040807229698687185,-0.010504644487359435,0.2999999999999998
22.1,3.2477435661853926,0.0,1.2233369484538992,1.0,-0.0032272481398989885,0.1894560090790156,0.05226035027894393,-0.040807229698687185,-0.010504644487359435,0.2999999999999998
22.12,3.2497435661853924,0.0,1.2235369484538992,1.0,-0.0032272481398989885,0.1894560090790156,0.05226035027894393,-0.040807229698687185,-0.010504644487359435,0.2999999999999998
22.14,3.251743566185392,0.0,1.2237369484538991,1.0,-0.0032272481398989885,0.1894560090790156,0.05226035027894393,-0.040807229698687185,-0.010504644487359435,0.2999999999999998
22.16,3.253743566185392,0.0,1.223936948453899,1.0,-0.0032272481398989885,0.1894560090790156,0.05226035027894393,-0.040807229698687185,-0.010504644487359435,0.2999999999999998
22.18,3.2557435661853917,0.0,1.224136948453899,1.0,-0.0032272481398989885,0.1894560090790156,0.05226035027894393,-0.040807229698687185,-0.010504644487359435,0.2999999999999998
22.2,3.2577435661853915,0.0,1.224336948453899,1.0,-0.0032272481398989885,0.1894560090790156,0.05226035027894393,-0.040807229698687185,-0.010504644487359435,0.2999999999999998
22.22,3.2597435661853913,0.0,1.224536948453899,1.0,-0.0032272481398989885,0.1894560090790156,0.05226035027894393,-0.040807229698687185,-0.010504644487359435,0.2999999999999998
22.240000000000002,3.261743566185391,0.0,1.224736948453899,1.0,-0.0032272481398989885,0.1894560090790156,0.05226035027894393,-0.040807229698687185,-0.010504644487359435,0.2999999999999998
22.26,3.263743566185391,0.0,1.224936948453899,1.0,-0.0032272481398989885,0.1894560090790156,0.05226035027894393,-0.040807229698687185,-0.010504644487359435,0.2999999999999998
22.28,3.2657435661853906,0.0,1.225136948453899,1.0,-0.0032272481398989885,0.1894560090790156,0.05226035027894393,-0.040807229698687185,-0.010504644487359435,0.2999999999999998
22.3,3.2677435661853904,0.0,1.225336948453899,1.0,-0.0032272481398989885,0.1894560090790156,0.05226035027894393,-0.040807229698687185,-0.010504644487359435,0.2999999999999998
22.32,3.26974356618539,0.0,1.225536948453899,1.0,-0.0032272481398989885,0.1894560090790156,0.05226035027894393,-0.040807229698687185,-0.010504644487359435,0.2999999999999998
22.34,3.27174356618539,0.0,1.225736948453899,1.0,-0.0032272481398989885,0.1894560090790156,0.05226035027894393,-0.040807229698687185,-0.010504644487359435,0.2999999999999998
22.36,3.2737435661853898,0.0,1.225936948453899,1.0,-0.0032272481398989885,0.1894560090790156,0.05226035027894393,-0.040807229698687185,-0.010504644487359435,0.2999999999999998
22.38,3.2757435661853895,0.0,1.2261369484538989,1.0,-0.0032272481398989885,0.1894560090790156,0.05226035027894393,-0.040807229698687185,-0.010504644487359435,0.2999999999999998
22.400000000000002,3.2777435661853893,0.0,1.2263369484538988,1.0,-0.0032272481398989885,0.1894560090790156,0.05226035027894393,-0.040807229698687185,-0.010504644487359435,0.2999999999999998
22.42,3.279743566185389,0.0,1.2265369484538988,1.0,-0.0032272481398989885,0.1894560090790156,0.05226035027894393,-0.040807229698687185,-0.010504644487359435,0.2999999999999998
22.44,3.281743566185389,0.0,1.2267369484538988,1.0,-0.0032272481398989885,0.1894560090790156,0.05226035027894393,-0.040807229698687185,-0.010504644487359435,0.2999999999999998
22.46,3.2837435661853887,0.0,1.2269369484538988,1.0,-0.0032272481398989885,0.1894560090790156,0.05226035027894393,-0.040807229698687185,-0.010504644487359435,0.2999999999999998
22.48,3.2857435661853884,0.0,1.2271369484538988,1.0,-0.0032272481398989885,0.1894560090790156,0.05226035027894393,-0.040807229698687185,-0.010504644487359435,0.2999999999999998
22.5,3.287743566185388,0.0,1.2273369484538987,1.0,-0.0032272481398989885,0.1894560090790156,0.05226035027894393,-0.040807229698687185,-0.010504644487359435,0.2999999999999998
22.52,3.289743566185388,0.0,1.2275369484538987,1.0,-0.0032272481398989885,0.1894560090790156,0.05226035027894393,-0.040807229698687185,-0.010504644487359435,0.2999999999999998
22.54,3.2917435661853878,0.0,1.2277369484538987,1.0,-0.0032272481398989885,0.1894560090790156,0.05226035027894393,-0.040807229698687185,-0.010504644487359435,0.2999999999999998
22.56,3.2937435661853876,0.0,1.2279369484538987,1.0,-0.0032272481398989885,0.1894560090790156,0.05226035027894393,-0.040807229698687185,-0.010504644487359435,0.2999999999999998
22.580000000000002,3.2957435661853873,0.0,1.2281369484538986,1.0,-0.0032272481398989885,0.1894560090790156,0.05226035027894393,-0.040807229698687185,-0.010504644487359435,0.2999999999999998
22.6,3.297743566185387,0.0,1.2283369484538986,1.0,-0.0032272481398989885,0.1894560090790156,0.05226035027894393,-0.040807229698687185,-0.010504644487359435,0.2999999999999998
22.62,3.299743566185387,0.0,1.2285369484538986,1.0,-0.0032272481398989885,0.1894560090790156,0.05226035027894393,-0.040807229698687185,-0.010504644487359435,0.2999999999999998
22.64,3.3017435661853867,0.0,1.2287369484538986,1.0,-0.0032272481398989885,0.1894560090790156,0.05226035027894393,-0.040807229698687185,-0.010504644487359435,0.2999999999999998
22.66,3.3037435661853864,0.0,1.2289369484538986,1.0,-0.0032272481398989885,0.1894560090790156,0.05226035027894393,-0.040807229698687185,-0.010504644487359435,0.2999999999999998
22.68,3.3057435661853862,0.0,1.2291369484538985,1.0,-0.0032272481398989885,0.1894560090790156,0.05226035027894393,-0.040807229698687185,-0.010504644487359435,0.2999999999999998
22.7,3.307743566185386,0.0,1.2293369484538985,1.0,-0.0032272481398989885,0.1894560090790156,0.05226035027894393,-0.040807229698687185,-0.010504644487359435,0.2999999999999998
22.72,3.309743566185386,0.0,1.2295369484538985,1.0,-0.0032272481398989885,0.1894560090790156,0.05226035027894393,-0.040807229698687185,-0.010504644487359435,0.2999999999999998
22.740000000000002,3.3117435661853856,0.0,1.2297369484538985,1.0,-0.0032272481398989885,0.1894560090790156,0.05226035027894393,-0.040807229698687185,-0.010504644487359435,0.2999999999999998
22.76,3.3137435661853853,0.0,1.2299369484538984,1.0,-0.0032272481398989885,0.1894560090790156,0.05226035027894393,-0.040807229698687185,-0.010504644487359435,0.2999999999999998
22.78,3.315743566185385,0.0,1.2301369484538984,1.0,-0.0032272481398989885,0.1894560090790156,0.05226035027894393,-0.040807229698687185,-0.010504644487359435,0.2999999999999998
22.8,3.317743566185385,0.0,1.2303369484538984,1.0,-0.0032272481398989885,0.1894560090790156,0.05226035027894393,-0.040807229698687185,-0.010504644487359435,0.2999999999999998
22.82,3.3197435661853847,0.0,1.2305369484538984,1.0,-0.0032272481398989885,0.1894560090790156,0.05226035027894393,-0.040807229698687185,-0.010504644487359435,0.2999999999999998
22.84,3.3217435661853845,0.0,1.2307369484538984,1.0,-0.0032272481398989885,0.1894560090790156,0.05226035027894393,-0.040807229698687185,-0.010504644487359435,0.2999999999999998
22.86,3.3237435661853842,0.0,1.2309369484538983,1.0,-0.0032272481398989885,0.1894560090790156,0.05226035027894393,-0.040807229698687185,-0.010504644487359435,0.2999999999999998
22.88,3.325743566185384,0.0,1.2311369484538983,1.0,-0.0032272481398989885,0.1894560090790156,0.05226035027894393,-0.040807229698687185,-0.010504644487359435,0.2999999999999998
22.900000000000002,3.327743566185384,0.0,1.2313369484538983,1.0,-0.0032272481398989885,0.1894560090790156,0.05226035027894393,-0.040807229698687185,-0.010504644487359435,0.2999999999999998
22.92,3.3297435661853836,0.0,1.2315369484538983,1.0,-0.0032272481398989885,0.1894560090790156,0.05226035027894393,-0.040807229698687185,-0.010504644487359435,0.2999999999999998
22.94,3.3317435661853834,0.0,1.2317369484538983,1.0,-0.0032272481398989885,0.1894560090790156,0.05226035027894393,-0.040807229698687185,-0.010504644487359435,0.2999999999999998
22.96,3.333743566185383,0.0,1.2319369484538982,1.0,-0.0032272481398989885,0.1894560090790156,0.05226035027894393,-0.040807229698687185,-0.010504644487359435,0.2999999999999998
22.98,3.335743566185383,0.0,1.2321369484538982,1.0,-0.0032272481398989885,0.1894560090790156,0.05226035027894393,-0.040807229698687185,-0.010504644487359435,0.2999999999999998
23.0,3.3377435661853827,0.0,1.2323369484538982,1.0,-0.0032272481398989885,0.1894560090790156,0.05226035027894393,-0.040807229698687185,-0.010504644487359435,0.2999999999999998
23.02,3.3397435661853825,0.0,1.2325369484538982,1.0,-0.0032272481398989885,0.1894560090790156,0.05226035027894393,-0.040807229698687185,-0.010504644487359435,0.2999999999999998
23.04,3.3417435661853823,0.0,1.2327369484538981,1.0,-0.0032272481398989885,0.1894560090790156,0.05226035027894393,-0.040807229698687185,-0.010504644487359435,0.2999999999999998
23.06,3.343743566185382,0.0,1.2329369484538981,1.0,-0.0032272481398989885,0.1894560090790156,0.05226035027894393,-0.040807229698687185,-0.010504644487359435,0.2999999999999998
23.080000000000002,3.345743566185382,0.0,1.233136948453898,1.0,-0.0032272481398989885,0.1894560090790156,0.05226035027894393,-0.040807229698687185,-0.010504644487359435,0.2999999999999998
23.1,3.3477435661853816,0.0,1.233336948453898,1.0,-0.0032272481398989885,0.1894560090790156,0.05226035027894393,-0.040807229698687185,-0.010504644487359435,0.2999999999999998
23.12,3.3497435661853814,0.0,1.233536948453898,1.0,-0.0032272481398989885,0.1894560090790156,0.05226035027894393,-0.040807229698687185,-0.010504644487359435,0.2999999999999998
23.14,3.351743566185381,0.0,1.233736948453898,1.0,-0.0032272481398989885,0.1894560090790156,0.05226035027894393,-0.040807229698687185,-0.010504644487359435,0.2999999999999998
23.16,3.353743566185381,0.0,1.233936948453898,1.0,-0.0032272481398989885,0.1894560090790156,0.05226035027894393,-0.040807229698687185,-0.010504644487359435,0.2999999999999998
23.18,3.3557435661853807,0.0,1.234136948453898,1.0,-0.0032272481398989885,0.1894560090790156,0.05226035027894393,-0.040807229698687185,-0.010504644487359435,0.2999999999999998
23.2,3.3577435661853805,0.0,1.234336948453898,1.0,-0.0032272481398989885,0.1894560090790156,0.05226035027894393,-0.040807229698687185,-0.010504644487359435,0.2999999999999998
23.22,3.3597435661853803,0.0,1.234536948453898,1.0,-0.0032272481398989885,0.1894560090790156,0.05226035027894393,-0.040807229698687185,-0.010504644487359435,0.2999999999999998
23.240000000000002,3.36174356618538,0.0,1.234736948453898,1.0,-0.0032272481398989885,0.1894560090790156,0.05226035027894393,-0.040807229698687185,-0.010504644487359435,0.2999999999999998
23.26,3.36374356618538,0.0,1.234936948453898,1.0,-0.0032272481398989885,0.1894560090790156,0.05226035027894393,-0.040807229698687185,-0.010504644487359435,0.2999999999999998
23.28,3.3657435661853796,0.0,1.2351369484538979,1.0,-0.0032272481398989885,0.1894560090790156,0.05226035027894393,-0.040807229698687185,-0.010504644487359435,0.2999999999999998
23.3,3.3677435661853794,0.0,1.2353369484538979,1.0,-0.0032272481398989885,0.1894560090790156,0.05226035027894393,-0.040807229698687185,-0.010504644487359435,0.2999999999999998
23.32,3.369743566185379,0.0,1.2355369484538978,1.0,-0.0032272481398989885,0.1894560090790156,0.05226035027894393,-0.040807229698687185,-0.010504644487359435,0.2999999999999998
23.34,3.371743566185379,0.0,1.2357369484538978,1.0,-0.0032272481398989885,0.1894560090790156,0.05226035027894393,-0.040807229698687185,-0.010504644487359435,0.2999999999999998
23.36,3.3737435661853787,0.0,1.2359369484538978,1.0,-0.0032272481398989885,0.1894560090790156,0.05226035027894393,-0.040807229698687185,-0.010504644487359435,0.2999999999999998
23.38,3.3757435661853785,0.0,1.2361369484538978,1.0,-0.0032272481398989885,0.1894560090790156,0.05226035027894393,-0.040807229698687185,-0.010504644487359435,0.2999999999999998
23.400000000000002,3.3777435661853783,0.0,1.2363369484538977,1.0,-0.0032272481398989885,0.1894560090790156,0.05226035027894393,-0.040807229698687185,-0.010504644487359435,0.2999999999999998
23.42,3.379743566185378,0.0,1.2365369484538977,1.0,-0.0032272481398989885,0.1894560090790156,0.05226035027894393,-0.040807229698687185,-0.010504644487359435,0.2999999999999998
23.44,3.381743566185378,0.0,1.2367369484538977,1.0,-0.0032272481398989885,0.1894560090790156,0.05226035027894393,-0.040807229698687185,-0.010504644487359435,0.2999999999999998
23.46,3.3837435661853776,0.0,1.2369369484538977,1.0,-0.0032272481398989885,0.1894560090790156,0.05226035027894393,-0.040807229698687185,-0.010504644487359435,0.2999999999999998
23.48,3.3857435661853774,0.0,1.2371369484538977,1.0,-0.0032272481398989885,0.1894560090790156,0.05226035027894393,-0.040807229698687185,-0.010504644487359435,0.2999999999999998
23.5,3.387743566185377,0.0,1.2373369484538976,1.0,-0.0032272481398989885,0.1894560090790156,0.05226035027894393,-0.040807229698687185,-0.010504644487359435,0.2999999999999998
23.52,3.389743566185377,0.0,1.2375369484538976,1.0,-0.0032272481398989885,0.1894560090790156,0.05226035027894393,-0.040807229698687185,-0.010504644487359435,0.2999999999999998
23.54,3.3917435661853768,0.0,1.2377369484538976,1.0,-0.0032272481398989885,0.1894560090790156,0.05226035027894393,-0.040807229698687185,-0.010504644487359435,0.2999999999999998
23.56,3.3937435661853765,0.0,1.2379369484538976,1.0,-0.0032272481398989885,0.1894560090790156,0.05226035027894393,-0.040807229698687185,-0.010504644487359435,0.2999999999999998
23.580000000000002,3.3957435661853763,0.0,1.2381369484538975,1.0,-0.0032272481398989885,0.1894560090790156,0.05226035027894393,-0.040807229698687185,-0.010504644487359435,0.2999999999999998
23.6,3.397743566185376,0.0,1.2383369484538975,1.0,-0.0032272481398989885,0.1894560090790156,0.05226035027894393,-0.040807229698687185,-0.010504644487359435,0.2999999999999998
23.62,3.399743566185376,0.0,1.2385369484538975,1.0,-0.0032272481398989885,0.1894560090790156,0.05226035027894393,-0.040807229698687185,-0.010504644487359435,0.2999999999999998
23.64,3.4017435661853757,0.0,1.2387369484538975,1.0,-0.0032272481398989885,0.1894560090790156,0.05226035027894393,-0.040807229698687185,-0.010504644487359435,0.2999999999999998
23.66,3.4037435661853754,0.0,1.2389369484538975,1.0,-0.0032272481398989885,0.1894560090790156,0.05226035027894393,-0.040807229698687185,-0.010504644487359435,0.2999999999999998
23.68,3.405743566185375,0.0,1.2391369484538974,1.0,-0.0032272481398989885,0.1894560090790156,0.05226035027894393,-0.040807229698687185,-0.010504644487359435,0.2999999999999998
23.7,3.407743566185375,0.0,1.2393369484538974,1.0,-0.0032272481398989885,0.1894560090790156,0.05226035027894393,-0.040807229698687185,-0.010504644487359435,0.2999999999999998
23.72,3.4097435661853748,0.0,1.2395369484538974,1.0,-0.0032272481398989885,0.1894560090790156,0.05226035027894393,-0.040807229698687185,-0.010504644487359435,0.2999999999999998
23.740000000000002,3.4117435661853746,0.0,1.2397369484538974,1.0,-0.0032272481398989885,0.1894560090790156,0.05226035027894393,-0.040807229698687185,-0.010504644487359435,0.2999999999999998
23.76,3.4137435661853743,0.0,1.2399369484538973,1.0,-0.0032272481398989885,0.1894560090790156,0.05226035027894393,-0.040807229698687185,-0.010504644487359435,0.2999999999999998
23.78,3.415743566185374,0.0,1.2401369484538973,1.0,-0.0032272481398989885,0.1894560090790156,0.05226035027894393,-0.040807229698687185,-0.010504644487359435,0.2999999999999998
23.8,3.417743566185374,0.0,1.2403369484538973,1.0,-0.0032272481398989885,0.1894560090790156,0.05226035027894393,-0.040807229698687185,-0.010504644487359435,0.2999999999999998
23.82,3.4197435661853737,0.0,1.2405369484538973,1.0,-0.0032272481398989885,0.1894560090790156,0.05226035027894393,-0.040807229698687185,-0.010504644487359435,0.2999999999999998
23.84,3.4217435661853735,0.0,1.2407369484538973,1.0,-0.0032272481398989885,0.1894560090790156,0.05226035027894393,-0.040807229698687185,-0.010504644487359435,0.2999999999999998
23.86,3.4237435661853732,0.0,1.2409369484538972,1.0,-0.0032272481398989885,0.1894560090790156,0.05226035027894393,-0.040807229698687185,-0.010504644487359435,0.2999999999999998
23.88,3.425743566185373,0.0,1.2411369484538972,1.0,-0.0032272481398989885,0.1894560090790156,0.05226035027894393,-0.040807229698687185,-0.010504644487359435,0.2999999999999998
23.900000000000002,3.427743566185373,0.0,1.2413369484538972,1.0,-0.0032272481398989885,0.1894560090790156,0.05226035027894393,-0.040807229698687185,-0.010504644487359435,0.2999999999999998
23.92,3.4297435661853726,0.0,1.2415369484538972,1.0,-0.0032272481398989885,0.1894560090790156,0.05226035027894393,-0.040807229698687185,-0.010504644487359435,0.2999999999999998
23.94,3.4317435661853724,0.0,1.2417369484538971,1.0,-0.0032272481398989885,0.1894560090790156,0.05226035027894393,-0.040807229698687185,-0.010504644487359435,0.2999999999999998
23.96,3.433743566185372,0.0,1.2419369484538971,1.0,-0.0032272481398989885,0.1894560090790156,0.05226035027894393,-0.040807229698687185,-0.010504644487359435,0.2999999999999998
23.98,3.435743566185372,0.0,1.242136948453897,1.0,-0.0032272481398989885,0.1894560090790156,0.05226035027894393,-0.040807229698687185,-0.010504644487359435,0.2999999999999998
24.0,3.4377435661853717,0.0,1.242336948453897,1.0,-0.0032272481398989885,0.1894560090790156,0.05226035027894393,-0.040807229698687185,-0.010504644487359435,0.2999999999999998
24.02,3.4397435661853715,0.0,1.242536948453897,1.0,-0.0032272481398989885,0.1894560090790156,0.05226035027894393,-0.040807229698687185,-0.010504644487359435,0.2999999999999998
24.04,3.4417435661853713,0.0,1.242736948453897,1.0,-0.0032272481398989885,0.1894560090790156,0.05226035027894393,-0.040807229698687185,-0.010504644487359435,0.2999999999999998
24.060000000000002,3.443743566185371,0.0,1.242936948453897,1.0,-0.0032272481398989885,0.1894560090790156,0.05226035027894393,-0.040807229698687185,-0.010504644487359435,0.2999999999999998
24.080000000000002,3.445743566185371,0.0,1.243136948453897,1.0,-0.0032272481398989885,0.1894560090790156,0.05226035027894393,-0.040807229698687185,-0.010504644487359435,0.2999999999999998
24.1,3.4477435661853706,0.0,1.243336948453897,1.0,-0.0032272481398989885,0.1894560090790156,0.05226035027894393,-0.040807229698687185,-0.010504644487359435,0.2999999999999998
24.12,3.4497435661853704,0.0,1.243536948453897,1.0,-0.0032272481398989885,0.1894560090790156,0.05226035027894393,-0.040807229698687185,-0.010504644487359435,0.2999999999999998
24.14,3.45174356618537,0.0,1.243736948453897,1.0,-0.0032272481398989885,0.1894560090790156,0.05226035027894393,-0.040807229698687185,-0.010504644487359435,0.2999999999999998
24.16,3.45374356618537,0.0,1.243936948453897,1.0,-0.0032272481398989885,0.1894560090790156,0.05226035027894393,-0.040807229698687185,-0.010504644487359435,0.2999999999999998
24.18,3.4557435661853697,0.0,1.2441369484538969,1.0,-0.0032272481398989885,0.1894560090790156,0.05226035027894393,-0.040807229698687185,-0.010504644487359435,0.2999999999999998
24.2,3.4577435661853695,0.0,1.2443369484538969,1.0,-0.0032272481398989885,0.1894560090790156,0.05226035027894393,-0.040807229698687185,-0.010504644487359435,0.2999999999999998
24.22,3.4597435661853693,0.0,1.2445369484538968,1.0,-0.0032272481398989885,0.1894560090790156,0.05226035027894393,-0.040807229698687185,-0.010504644487359435,0.2999999999999998
24.240000000000002,3.461743566185369,0.0,1.2447369484538968,1.0,-0.0032272481398989885,0.1894560090790156,0.05226035027894393,-0.040807229698687185,-0.010504644487359435,0.2999999999999998
24.26,3.463743566185369,0.0,1.2449369484538968,1.0,-0.0032272481398989885,0.1894560090790156,0.05226035027894393,-0.040807229698687185,-0.010504644487359435,0.2999999999999998
24.28,3.4657435661853686,0.0,1.2451369484538968,1.0,-0.0032272481398989885,0.1894560090790156,0.05226035027894393,-0.040807229698687185,-0.010504644487359435,0.2999999999999998
24.3,3.4677435661853684,0.0,1.2453369484538968,1.0,-0.0032272481398989885,0.1894560090790156,0.05226035027894393,-0.040807229698687185,-0.010504644487359435,0.2999999999999998
24.32,3.469743566185368,0.0,1.2455369484538967,1.0,-0.0032272481398989885,0.1894560090790156,0.05226035027894393,-0.040807229698687185,-0.010504644487359435,0.2999999999999998
24.34,3.471743566185368,0.0,1.2457369484538967,1.0,-0.0032272481398989885,0.1894560090790156,0.05226035027894393,-0.040807229698687185,-0.010504644487359435,0.2999999999999998
24.36,3.4737435661853677,0.0,1.2459369484538967,1.0,-0.0032272481398989885,0.1894560090790156,0.05226035027894393,-0.040807229698687185,-0.010504644487359435,0.2999999999999998
24.38,3.4757435661853675,0.0,1.2461369484538967,1.0,-0.0032272481398989885,0.1894560090790156,0.05226035027894393,-0.040807229698687185,-0.010504644487359435,0.2999999999999998
24.400000000000002,3.4777435661853673,0.0,1.2463369484538966,1.0,-0.0032272481398989885,0.1894560090790156,0.05226035027894393,-0.040807229698687185,-0.010504644487359435,0.2999999999999998
24.42,3.479743566185367,0.0,1.2465369484538966,1.0,-0.0032272481398989885,0.1894560090790156,0.05226035027894393,-0.040807229698687185,-0.010504644487359435,0.2999999999999998
24.44,3.481743566185367,0.0,1.2467369484538966,1.0,-0.0032272481398989885,0.1894560090790156,0.05226035027894393,-0.040807229698687185,-0.010504644487359435,0.2999999999999998
24.46,3.4837435661853666,0.0,1.2469369484538966,1.0,-0.0032272481398989885,0.1894560090790156,0.05226035027894393,-0.040807229698687185,-0.010504644487359435,0.2999999999999998
24.48,3.4857435661853664,0.0,1.2471369484538966,1.0,-0.0032272481398989885,0.1894560090790156,0.05226035027894393,-0.040807229698687185,-0.010504644487359435,0.2999999999999998
24.5,3.487743566185366,0.0,1.2473369484538965,1.0,-0.0032272481398989885,0.1894560090790156,0.05226035027894393,-0.040807229698687185,-0.010504644487359435,0.2999999999999998
24.52,3.489743566185366,0.0,1.2475369484538965,1.0,-0.0032272481398989885,0.1894560090790156,0.05226035027894393,-0.040807229698687185,-0.010504644487359435,0.2999999999999998
24.54,3.4917435661853657,0.0,1.2477369484538965,1.0,-0.0032272481398989885,0.1894560090790156,0.05226035027894393,-0.040807229698687185,-0.010504644487359435,0.2999999999999998
24.560000000000002,3.4937435661853655,0.0,1.2479369484538965,1.0,-0.0032272481398989885,0.1894560090790156,0.05226035027894393,-0.040807229698687185,-0.010504644487359435,0.2999999999999998
24.580000000000002,3.4957435661853653,0.0,1.2481369484538964,1.0,-0.0032272481398989885,0.1894560090790156,0.05226035027894393,-0.040807229698687185,-0.010504644487359435,0.2999999999999998
24.6,3.497743566185365,0.0,1.2483369484538964,1.0,-0.0032272481398989885,0.1894560090790156,0.05226035027894393,-0.040807229698687185,-0.010504644487359435,0.2999999999999998
24.62,3.499743566185365,0.0,1.2485369484538964,1.0,-0.0032272481398989885,0.1894560090790156,0.05226035027894393,-0.040807229698687185,-0.010504644487359435,0.2999999999999998
24.64,3.5017435661853646,0.0,1.2487369484538964,1.0,-0.0032272481398989885,0.1894560090790156,0.05226035027894393,-0.040807229698687185,-0.010504644487359435,0.2999999999999998
24.66,3.5037435661853644,0.0,1.2489369484538964,1.0,-0.0032272481398989885,0.1894560090790156,0.05226035027894393,-0.040807229698687185,-0.010504644487359435,0.2999999999999998
24.68,3.505743566185364,0.0,1.2491369484538963,1.0,-0.0032272481398989885,0.1894560090790156,0.05226035027894393,-0.040807229698687185,-0.010504644487359435,0.2999999999999998
24.7,3.507743566185364,0.0,1.2493369484538963,1.0,-0.0032272481398989885,0.1894560090790156,0.05226035027894393,-0.040807229698687185,-0.010504644487359435,0.2999999999999998
24.72,3.5097435661853638,0.0,1.2495369484538963,1.0,-0.0032272481398989885,0.1894560090790156,0.05226035027894393,-0.040807229698687185,-0.010504644487359435,0.2999999999999998
24.740000000000002,3.5117435661853635,0.0,1.2497369484538963,1.0,-0.0032272481398989885,0.1894560090790156,0.05226035027894393,-0.040807229698687185,-0.010504644487359435,0.2999999999999998
24.76,3.5137435661853633,0.0,1.2499369484538962,1.0,-0.0032272481398989885,0.1894560090790156,0.05226035027894393,-0.040807229698687185,-0.010504644487359435,0.2999999999999998
24.78,3.515743566185363,0.0,1.2501369484538962,1.0,-0.0032272481398989885,0.1894560090790156,0.05226035027894393,-0.040807229698687185,-0.010504644487359435,0.2999999999999998
24.8,3.517743566185363,0.0,1.2503369484538962,1.0,-0.0032272481398989885,0.1894560090790156,0.05226035027894393,-0.040807229698687185,-0.010504644487359435,0.2999999999999998
24.82,3.5197435661853627,0.0,1.2505369484538962,1.0,-0.0032272481398989885,0.1894560090790156,0.05226035027894393,-0.040807229698687185,-0.010504644487359435,0.2999999999999998
24.84,3.5217435661853624,0.0,1.2507369484538962,1.0,-0.0032272481398989885,0.1894560090790156,0.05226035027894393,-0.040807229698687185,-0.010504644487359435,0.2999999999999998
24.86,3.523743566185362,0.0,1.2509369484538961,1.0,-0.0032272481398989885,0.1894560090790156,0.05226035027894393,-0.040807229698687185,-0.010504644487359435,0.2999999999999998
24.88,3.525743566185362,0.0,1.2511369484538961,1.0,-0.0032272481398989885,0.1894560090790156,0.05226035027894393,-0.040807229698687185,-0.010504644487359435,0.2999999999999998
24.900000000000002,3.527743566185362,0.0,1.251336948453896,1.0,-0.0032272481398989885,0.1894560090790156,0.05226035027894393,-0.040807229698687185,-0.010504644487359435,0.2999999999999998
24.92,3.5297435661853616,0.0,1.251536948453896,1.0,-0.0032272481398989885,0.1894560090790156,0.05226035027894393,-0.040807229698687185,-0.010504644487359435,0.2999999999999998
24.94,3.5317435661853613,0.0,1.251736948453896,1.0,-0.0032272481398989885,0.1894560090790156,0.05226035027894393,-0.040807229698687185,-0.010504644487359435,0.2999999999999998
24.96,3.533743566185361,0.0,1.251936948453896,1.0,-0.0032272481398989885,0.1894560090790156,0.05226035027894393,-0.040807229698687185,-0.010504644487359435,0.2999999999999998
24.98,3.535743566185361,0.0,1.252136948453896,1.0,-0.0032272481398989885,0.1894560090790156,0.05226035027894393,-0.040807229698687185,-0.010504644487359435,0.2999999999999998
25.0,3.5377435661853607,0.0,1.252336948453896,1.0,-0.0032272481398989885,0.1894560090790156,0.05226035027894393,-0.040807229698687185,-0.010504644487359435,0.2999999999999998
25.02,3.5397435661853605,0.0,1.252536948453896,1.0,-0.0032272481398989885,0.1894560090790156,0.05226035027894393,-0.040807229698687185,-0.010504644487359435,0.2999999999999998
25.04,3.5417435661853602,0.0,1.252736948453896,1.0,-0.0032272481398989885,0.1894560090790156,0.05226035027894393,-0.040807229698687185,-0.010504644487359435,0.2999999999999998
25.060000000000002,3.54374356618536,0.0,1.252936948453896,1.0,-0.0032272481398989885,0.1894560090790156,0.05226035027894393,-0.040807229698687185,-0.010504644487359435,0.2999999999999998
25.080000000000002,3.54574356618536,0.0,1.253136948453896,1.0,-0.0032272481398989885,0.1894560090790156,0.05226035027894393,-0.040807229698687185,-0.010504644487359435,0.2999999999999998
25.1,3.5477435661853596,0.0,1.2533369484538959,1.0,-0.0032272481398989885,0.1894560090790156,0.05226035027894393,-0.040807229698687185,-0.010504644487359435,0.2999999999999998
25.12,3.5497435661853594,0.0,1.2535369484538958,1.0,-0.0032272481398989885,0.1894560090790156,0.05226035027894393,-0.040807229698687185,-0.010504644487359435,0.2999999999999998
25.14,3.551743566185359,0.0,1.2537369484538958,1.0,-0.0032272481398989885,0.1894560090790156,0.05226035027894393,-0.040807229698687185,-0.010504644487359435,0.2999999999999998
25.16,3.553743566185359,0.0,1.2539369484538958,1.0,-0.0032272481398989885,0.1894560090790156,0.05226035027894393,-0.040807229698687185,-0.010504644487359435,0.2999999999999998
25.18,3.5557435661853587,0.0,1.2541369484538958,1.0,-0.0032272481398989885,0.1894560090790156,0.05226035027894393,-0.040807229698687185,-0.010504644487359435,0.2999999999999998
25.2,3.5577435661853585,0.0,1.2543369484538958,1.0,-0.0032272481398989885,0.1894560090790156,0.05226035027894393,-0.040807229698687185,-0.010504644487359435,0.2999999999999998
25.22,3.5597435661853583,0.0,1.2545369484538957,1.0,-0.0032272481398989885,0.1894560090790156,0.05226035027894393,-0.040807229698687185,-0.010504644487359435,0.2999999999999998
25.240000000000002,3.561743566185358,0.0,1.2547369484538957,1.0,-0.0032272481398989885,0.1894560090790156,0.05226035027894393,-0.040807229698687185,-0.010504644487359435,0.2999999999999998
25.26,3.563743566185358,0.0,1.2549369484538957,1.0,-0.0032272481398989885,0.1894560090790156,0.05226035027894393,-0.040807229698687185,-0.010504644487359435,0.2999999999999998
25.28,3.5657435661853576,0.0,1.2551369484538957,1.0,-0.0032272481398989885,0.1894560090790156,0.05226035027894393,-0.040807229698687185,-0.010504644487359435,0.2999999999999998
25.3,3.5677435661853574,0.0,1.2553369484538957,1.0,-0.0032272481398989885,0.1894560090790156,0.05226035027894393,-0.040807229698687185,-0.010504644487359435,0.2999999999999998
25.32,3.569743566185357,0.0,1.2555369484538956,1.0,-0.0032272481398989885,0.1894560090790156,0.05226035027894393,-0.040807229698687185,-0.010504644487359435,0.2999999999999998
25.34,3.571743566185357,0.0,1.2557369484538956,1.0,-0.0032272481398989885,0.1894560090790156,0.05226035027894393,-0.040807229698687185,-0.010504644487359435,0.2999999999999998
25.36,3.5737435661853567,0.0,1.2559369484538956,1.0,-0.0032272481398989885,0.1894560090790156,0.05226035027894393,-0.040807229698687185,-0.010504644487359435,0.2999999999999998
25.38,3.5757435661853565,0.0,1.2561369484538956,1.0,-0.0032272481398989885,0.1894560090790156,0.05226035027894393,-0.040807229698687185,-0.010504644487359435,0.2999999999999998
25.400000000000002,3.5777435661853563,0.0,1.2563369484538955,1.0,-0.0032272481398989885,0.1894560090790156,0.05226035027894393,-0.040807229698687185,-0.010504644487359435,0.2999999999999998
25.42,3.579743566185356,0.0,1.2565369484538955,1.0,-0.0032272481398989885,0.1894560090790156,0.05226035027894393,-0.040807229698687185,-0.010504644487359435,0.2999999999999998
25.44,3.581743566185356,0.0,1.2567369484538955,1.0,-0.0032272481398989885,0.1894560090790156,0.05226035027894393,-0.040807229698687185,-0.010504644487359435,0.2999999999999998
25.46,3.5837435661853556,0.0,1.2569369484538955,1.0,-0.0032272481398989885,0.1894560090790156,0.05226035027894393,-0.040807229698687185,-0.010504644487359435,0.2999999999999998
25.48,3.5857435661853554,0.0,1.2571369484538955,1.0,-0.0032272481398989885,0.1894560090790156,0.05226035027894393,-0.040807229698687185,-0.010504644487359435,0.2999999999999998
25.5,3.587743566185355,0.0,1.2573369484538954,1.0,-0.0032272481398989885,0.1894560090790156,0.05226035027894393,-0.040807229698687185,-0.010504644487359435,0.2999999999999998
25.52,3.589743566185355,0.0,1.2575369484538954,1.0,-0.0032272481398989885,0.1894560090790156,0.05226035027894393,-0.040807229698687185,-0.010504644487359435,0.2999999999999998
25.54,3.5917435661853547,0.0,1.2577369484538954,1.0,-0.0032272481398989885,0.1894560090790156,0.05226035027894393,-0.040807229698687185,-0.010504644487359435,0.2999999999999998
25.560000000000002,3.5937435661853545,0.0,1.2579369484538954,1.0,-0.0032272481398989885,0.1894560090790156,0.05226035027894393,-0.040807229698687185,-0.010504644487359435,0.2999999999999998
25.580000000000002,3.5957435661853543,0.0,1.2581369484538953,1.0,-0.0032272481398989885,0.1894560090790156,0.05226035027894393,-0.040807229698687185,-0.010504644487359435,0.2999999999999998
25.6,3.597743566185354,0.0,1.2583369484538953,1.0,-0.0032272481398989885,0.1894560090790156,0.05226035027894393,-0.040807229698687185,-0.010504644487359435,0.2999999999999998
25.62,3.599743566185354,0.0,1.2585369484538953,1.0,-0.0032272481398989885,0.1894560090790156,0.05226035027894393,-0.040807229698687185,-0.010504644487359435,0.2999999999999998
25.64,3.6017435661853536,0.0,1.2587369484538953,1.0,-0.0032272481398989885,0.1894560090790156,0.05226035027894393,-0.040807229698687185,-0.010504644487359435,0.2999999999999998
25.66,3.6037435661853534,0.0,1.2589369484538953,1.0,-0.0032272481398989885,0.1894560090790156,0.05226035027894393,-0.040807229698687185,-0.010504644487359435,0.2999999999999998
25.68,3.605743566185353,0.0,1.2591369484538952,1.0,-0.0032272481398989885,0.1894560090790156,0.05226035027894393,-0.040807229698687185,-0.010504644487359435,0.2999999999999998
25.7,3.607743566185353,0.0,1.2593369484538952,1.0,-0.0032272481398989885,0.1894560090790156,0.05226035027894393,-0.040807229698687185,-0.010504644487359435,0.2999999999999998
25.72,3.6097435661853527,0.0,1.2595369484538952,1.0,-0.0032272481398989885,0.1894560090790156,0.05226035027894393,-0.040807229698687185,-0.010504644487359435,0.2999999999999998
25.740000000000002,3.6117435661853525,0.0,1.2597369484538952,1.0,-0.0032272481398989885,0.1894560090790156,0.05226035027894393,-0.040807229698687185,-0.010504644487359435,0.2999999999999998
25.76,3.6137435661853523,0.0,1.2599369484538951,1.0,-0.0032272481398989885,0.1894560090790156,0.05226035027894393,-0.040807229698687185,-0.010504644487359435,0.2999999999999998
25.78,3.615743566185352,0.0,1.2601369484538951,1.0,-0.0032272481398989885,0.1894560090790156,0.05226035027894393,-0.040807229698687185,-0.010504644487359435,0.2999999999999998
25.8,3.617743566185352,0.0,1.260336948453895,1.0,-0.0032272481398989885,0.1894560090790156,0.05226035027894393,-0.040807229698687185,-0.010504644487359435,0.2999999999999998
25.82,3.6197435661853516,0.0,1.260536948453895,1.0,-0.0032272481398989885,0.1894560090790156,0.05226035027894393,-0.040807229698687185,-0.010504644487359435,0.2999999999999998
25.84,3.6217435661853514,0.0,1.260736948453895,1.0,-0.0032272481398989885,0.1894560090790156,0.05226035027894393,-0.040807229698687185,-0.010504644487359435,0.2999999999999998
25.86,3.623743566185351,0.0,1.260936948453895,1.0,-0.0032272481398989885,0.1894560090790156,0.05226035027894393,-0.040807229698687185,-0.010504644487359435,0.2999999999999998
25.88,3.625743566185351,0.0,1.261136948453895,1.0,-0.0032272481398989885,0.1894560090790156,0.05226035027894393,-0.040807229698687185,-0.010504644487359435,0.2999999999999998
25.900000000000002,3.6277435661853508,0.0,1.261336948453895,1.0,-0.0032272481398989885,0.1894560090790156,0.05226035027894393,-0.040807229698687185,-0.010504644487359435,0.2999999999999998
25.92,3.6297435661853505,0.0,1.261536948453895,1.0,-0.0032272481398989885,0.1894560090790156,0.05226035027894393,-0.040807229698687185,-0.010504644487359435,0.2999999999999998
25.94,3.6317435661853503,0.0,1.261736948453895,1.0,-0.0032272481398989885,0.1894560090790156,0.05226035027894393,-0.040807229698687185,-0.010504644487359435,0.2999999999999998
25.96,3.63374356618535,0.0,1.261936948453895,1.0,-0.0032272481398989885,0.1894560090790156,0.05226035027894393,-0.040807229698687185,-0.010504644487359435,0.2999999999999998
25.98,3.63574356618535,0.0,1.262136948453895,1.0,-0.0032272481398989885,0.1894560090790156,0.05226035027894393,-0.040807229698687185,-0.010504644487359435,0.2999999999999998
26.0,3.6377435661853497,0.0,1.2623369484538949,1.0,-0.0032272481398989885,0.1894560090790156,0.05226035027894393,-0.040807229698687185,-0.010504644487359435,0.2999999999999998
26.02,3.6397435661853494,0.0,1.2625369484538949,1.0,-0.0032272481398989885,0.1894560090790156,0.05226035027894393,-0.040807229698687185,-0.010504644487359435,0.2999999999999998
26.04,3.6417435661853492,0.0,1.2627369484538948,1.0,-0.0032272481398989885,0.1894560090790156,0.05226035027894393,-0.040807229698687185,-0.010504644487359435,0.2999999999999998
26.060000000000002,3.643743566185349,0.0,1.2629369484538948,1.0,-0.0032272481398989885,0.1894560090790156,0.05226035027894393,-0.040807229698687185,-0.010504644487359435,0.2999999999999998
26.080000000000002,3.645743566185349,0.0,1.2631369484538948,1.0,-0.0032272481398989885,0.1894560090790156,0.05226035027894393,-0.040807229698687185,-0.010504644487359435,0.2999999999999998
26.1,3.6477435661853486,0.0,1.2633369484538948,1.0,-0.0032272481398989885,0.1894560090790156,0.05226035027894393,-0.040807229698687185,-0.010504644487359435,0.2999999999999998
26.12,3.6497435661853483,0.0,1.2635369484538947,1.0,-0.0032272481398989885,0.1894560090790156,0.05226035027894393,-0.040807229698687185,-0.010504644487359435,0.2999999999999998
26.14,3.651743566185348,0.0,1.2637369484538947,1.0,-0.0032272481398989885,0.1894560090790156,0.05226035027894393,-0.040807229698687185,-0.010504644487359435,0.2999999999999998
26.16,3.653743566185348,0.0,1.2639369484538947,1.0,-0.0032272481398989885,0.1894560090790156,0.05226035027894393,-0.040807229698687185,-0.010504644487359435,0.2999999999999998
26.18,3.6557435661853477,0.0,1.2641369484538947,1.0,-0.0032272481398989885,0.1894560090790156,0.05226035027894393,-0.040807229698687185,-0.010504644487359435,0.2999999999999998
26.2,3.6577435661853475,0.0,1.2643369484538947,1.0,-0.0032272481398989885,0.1894560090790156,0.05226035027894393,-0.040807229698687185,-0.010504644487359435,0.2999999999999998
26.22,3.6597435661853472,0.0,1.2645369484538946,1.0,-0.0032272481398989885,0.1894560090790156,0.05226035027894393,-0.040807229698687185,-0.010504644487359435,0.2999999999999998
26.240000000000002,3.661743566185347,0.0,1.2647369484538946,1.0,-0.0032272481398989885,0.1894560090790156,0.05226035027894393,-0.040807229698687185,-0.010504644487359435,0.2999999999999998
26.26,3.663743566185347,0.0,1.2649369484538946,1.0,-0.0032272481398989885,0.1894560090790156,0.05226035027894393,-0.040807229698687185,-0.010504644487359435,0.2999999999999998
26.28,3.6657435661853466,0.0,1.2651369484538946,1.0,-0.0032272481398989885,0.1894560090790156,0.05226035027894393,-0.040807229698687185,-0.010504644487359435,0.2999999999999998
26.3,3.6677435661853464,0.0,1.2653369484538945,1.0,-0.0032272481398989885,0.1894560090790156,0.05226035027894393,-0.040807229698687185,-0.010504644487359435,0.2999999999999998
26.32,3.669743566185346,0.0,1.2655369484538945,1.0,-0.0032272481398989885,0.1894560090790156,0.05226035027894393,-0.040807229698687185,-0.010504644487359435,0.2999999999999998
26.34,3.671743566185346,0.0,1.2657369484538945,1.0,-0.0032272481398989885,0.1894560090790156,0.05226035027894393,-0.040807229698687185,-0.010504644487359435,0.2999999999999998
26.36,3.6737435661853457,0.0,1.2659369484538945,1.0,-0.0032272481398989885,0.1894560090790156,0.05226035027894393,-0.040807229698687185,-0.010504644487359435,0.2999999999999998
26.38,3.6757435661853455,0.0,1.2661369484538945,1.0,-0.0032272481398989885,0.1894560090790156,0.05226035027894393,-0.040807229698687185,-0.010504644487359435,0.2999999999999998
26.400000000000002,3.6777435661853453,0.0,1.2663369484538944,1.0,-0.0032272481398989885,0.1894560090790156,0.05226035027894393,-0.040807229698687185,-0.010504644487359435,0.2999999999999998
26.42,3.679743566185345,0.0,1.2665369484538944,1.0,-0.0032272481398989885,0.1894560090790156,0.05226035027894393,-0.040807229698687185,-0.010504644487359435,0.2999999999999998
26.44,3.681743566185345,0.0,1.2667369484538944,1.0,-0.0032272481398989885,0.1894560090790156,0.05226035027894393,-0.040807229698687185,-0.010504644487359435,0.2999999999999998
26.46,3.6837435661853446,0.0,1.2669369484538944,1.0,-0.0032272481398989885,0.1894560090790156,0.05226035027894393,-0.040807229698687185,-0.010504644487359435,0.2999999999999998
26.48,3.6857435661853444,0.0,1.2671369484538944,1.0,-0.0032272481398989885,0.1894560090790156,0.05226035027894393,-0.040807229698687185,-0.010504644487359435,0.2999999999999998
26.5,3.687743566185344,0.0,1.2673369484538943,1.0,-0.0032272481398989885,0.1894560090790156,0.05226035027894393,-0.040807229698687185,-0.010504644487359435,0.2999999999999998
26.52,3.689743566185344,0.0,1.2675369484538943,1.0,-0.0032272481398989885,0.1894560090790156,0.05226035027894393,-0.040807229698687185,-0.010504644487359435,0.2999999999999998
26.54,3.6917435661853437,0.0,1.2677369484538943,1.0,-0.0032272481398989885,0.1894560090790156,0.05226035027894393,-0.040807229698687185,-0.010504644487359435,0.2999999999999998
26.560000000000002,3.6937435661853435,0.0,1.2679369484538943,1.0,-0.0032272481398989885,0.1894560090790156,0.05226035027894393,-0.040807229698687185,-0.010504644487359435,0.2999999999999998
26.580000000000002,3.6957435661853433,0.0,1.2681369484538942,1.0,-0.0032272481398989885,0.1894560090790156,0.05226035027894393,-0.040807229698687185,-0.010504644487359435,0.2999999999999998
26.6,3.697743566185343,0.0,1.2683369484538942,1.0,-0.0032272481398989885,0.1894560090790156,0.05226035027894393,-0.040807229698687185,-0.010504644487359435,0.2999999999999998
26.62,3.699743566185343,0.0,1.2685369484538942,1.0,-0.0032272481398989885,0.1894560090790156,0.05226035027894393,-0.040807229698687185,-0.010504644487359435,0.2999999999999998
26.64,3.7017435661853426,0.0,1.2687369484538942,1.0,-0.0032272481398989885,0.1894560090790156,0.05226035027894393,-0.040807229698687185,-0.010504644487359435,0.2999999999999998
26.66,3.7037435661853424,0.0,1.2689369484538942,1.0,-0.0032272481398989885,0.1894560090790156,0.05226035027894393,-0.040807229698687185,-0.010504644487359435,0.2999999999999998
26.68,3.705743566185342,0.0,1.2691369484538941,1.0,-0.0032272481398989885,0.1894560090790156,0.05226035027894393,-0.040807229698687185,-0.010504644487359435,0.2999999999999998
26.7,3.707743566185342,0.0,1.269336948453894,1.0,-0.0032272481398989885,0.1894560090790156,0.05226035027894393,-0.040807229698687185,-0.010504644487359435,0.2999999999999998
26.72,3.7097435661853417,0.0,1.269536948453894,1.0,-0.0032272481398989885,0.1894560090790156,0.05226035027894393,-0.040807229698687185,-0.010504644487359435,0.2999999999999998
26.740000000000002,3.7117435661853415,0.0,1.269736948453894,1.0,-0.0032272481398989885,0.1894560090790156,0.05226035027894393,-0.040807229698687185,-0.010504644487359435,0.2999999999999998
26.76,3.7137435661853413,0.0,1.269936948453894,1.0,-0.0032272481398989885,0.1894560090790156,0.05226035027894393,-0.040807229698687185,-0.010504644487359435,0.2999999999999998
26.78,3.715743566185341,0.0,1.270136948453894,1.0,-0.0032272481398989885,0.1894560090790156,0.05226035027894393,-0.040807229698687185,-0.010504644487359435,0.2999999999999998
26.8,3.717743566185341,0.0,1.270336948453894,1.0,-0.0032272481398989885,0.1894560090790156,0.05226035027894393,-0.040807229698687185,-0.010504644487359435,0.2999999999999998
26.82,3.7197435661853406,0.0,1.270536948453894,1.0,-0.0032272481398989885,0.1894560090790156,0.05226035027894393,-0.040807229698687185,-0.010504644487359435,0.2999999999999998
26.84,3.7217435661853404,0.0,1.270736948453894,1.0,-0.0032272481398989885,0.1894560090790156,0.05226035027894393,-0.040807229698687185,-0.010504644487359435,0.2999999999999998
26.86,3.72374356618534,0.0,1.270936948453894,1.0,-0.0032272481398989885,0.1894560090790156,0.05226035027894393,-0.040807229698687185,-0.010504644487359435,0.2999999999999998
26.88,3.72574356618534,0.0,1.271136948453894,1.0,-0.0032272481398989885,0.1894560090790156,0.05226035027894393,-0.040807229698687185,-0.010504644487359435,0.2999999999999998
26.900000000000002,3.7277435661853398,0.0,1.271336948453894,1.0,-0.0032272481398989885,0.1894560090790156,0.05226035027894393,-0.040807229698687185,-0.010504644487359435,0.2999999999999998
26.92,3.7297435661853395,0.0,1.2715369484538939,1.0,-0.0032272481398989885,0.1894560090790156,0.05226035027894393,-0.040807229698687185,-0.010504644487359435,0.2999999999999998
26.94,3.7317435661853393,0.0,1.2717369484538938,1.0,-0.0032272481398989885,0.1894560090790156,0.05226035027894393,-0.040807229698687185,-0.010504644487359435,0.2999999999999998
26.96,3.733743566185339,0.0,1.2719369484538938,1.0,-0.0032272481398989885,0.1894560090790156,0.05226035027894393,-0.040807229698687185,-0.010504644487359435,0.2999999999999998
26.98,3.735743566185339,0.0,1.2721369484538938,1.0,-0.0032272481398989885,0.1894560090790156,0.05226035027894393,-0.040807229698687185,-0.010504644487359435,0.2999999999999998
27.0,3.7377435661853387,0.0,1.2723369484538938,1.0,-0.0032272481398989885,0.1894560090790156,0.05226035027894393,-0.040807229698687185,-0.010504644487359435,0.2999999999999998
27.02,3.7397435661853384,0.0,1.2725369484538938,1.0,-0.0032272481398989885,0.1894560090790156,0.05226035027894393,-0.040807229698687185,-0.010504644487359435,0.2999999999999998
27.04,3.741743566185338,0.0,1.2727369484538937,1.0,-0.0032272481398989885,0.1894560090790156,0.05226035027894393,-0.040807229698687185,-0.010504644487359435,0.2999999999999998
27.060000000000002,3.743743566185338,0.0,1.2729369484538937,1.0,-0.0032272481398989885,0.1894560090790156,0.05226035027894393,-0.040807229698687185,-0.010504644487359435,0.2999999999999998
27.080000000000002,3.7457435661853378,0.0,1.2731369484538937,1.0,-0.0032272481398989885,0.1894560090790156,0.05226035027894393,-0.040807229698687185,-0.010504644487359435,0.2999999999999998
27.1,3.7477435661853375,0.0,1.2733369484538937,1.0,-0.0032272481398989885,0.1894560090790156,0.05226035027894393,-0.040807229698687185,-0.010504644487359435,0.2999999999999998
27.12,3.7497435661853373,0.0,1.2735369484538936,1.0,-0.0032272481398989885,0.1894560090790156,0.05226035027894393,-0.040807229698687185,-0.010504644487359435,0.2999999999999998
27.14,3.751743566185337,0.0,1.2737369484538936,1.0,-0.0032272481398989885,0.1894560090790156,0.05226035027894393,-0.040807229698687185,-0.010504644487359435,0.2999999999999998
27.16,3.753743566185337,0.0,1.2739369484538936,1.0,-0.0032272481398989885,0.1894560090790156,0.05226035027894393,-0.040807229698687185,-0.010504644487359435,0.2999999999999998
27.18,3.7557435661853367,0.0,1.2741369484538936,1.0,-0.0032272481398989885,0.1894560090790156,0.05226035027894393,-0.040807229698687185,-0.010504644487359435,0.2999999999999998
27.2,3.7577435661853364,0.0,1.2743369484538936,1.0,-0.0032272481398989885,0.1894560090790156,0.05226035027894393,-0.040807229698687185,-0.010504644487359435,0.2999999999999998
27.22,3.7597435661853362,0.0,1.2745369484538935,1.0,-0.0032272481398989885,0.1894560090790156,0.05226035027894393,-0.040807229698687185,-0.010504644487359435,0.2999999999999998
27.240000000000002,3.761743566185336,0.0,1.2747369484538935,1.0,-0.0032272481398989885,0.1894560090790156,0.05226035027894393,-0.040807229698687185,-0.010504644487359435,0.2999999999999998
27.26,3.763743566185336,0.0,1.2749369484538935,1.0,-0.0032272481398989885,0.1894560090790156,0.05226035027894393,-0.040807229698687185,-0.010504644487359435,0.2999999999999998
27.28,3.7657435661853356,0.0,1.2751369484538935,1.0,-0.0032272481398989885,0.1894560090790156,0.05226035027894393,-0.040807229698687185,-0.010504644487359435,0.2999999999999998
27.3,3.7677435661853353,0.0,1.2753369484538934,1.0,-0.0032272481398989885,0.1894560090790156,0.05226035027894393,-0.040807229698687185,-0.010504644487359435,0.2999999999999998
27.32,3.769743566185335,0.0,1.2755369484538934,1.0,-0.0032272481398989885,0.1894560090790156,0.05226035027894393,-0.040807229698687185,-0.010504644487359435,0.2999999999999998
27.34,3.771743566185335,0.0,1.2757369484538934,1.0,-0.0032272481398989885,0.1894560090790156,0.05226035027894393,-0.040807229698687185,-0.010504644487359435,0.2999999999999998
27.36,3.7737435661853347,0.0,1.2759369484538934,1.0,-0.0032272481398989885,0.1894560090790156,0.05226035027894393,-0.040807229698687185,-0.010504644487359435,0.2999999999999998
27.38,3.7757435661853345,0.0,1.2761369484538934,1.0,-0.0032272481398989885,0.1894560090790156,0.05226035027894393,-0.040807229698687185,-0.010504644487359435,0.2999999999999998
27.400000000000002,3.7777435661853342,0.0,1.2763369484538933,1.0,-0.0032272481398989885,0.1894560090790156,0.05226035027894393,-0.040807229698687185,-0.010504644487359435,0.2999999999999998
27.42,3.779743566185334,0.0,1.2765369484538933,1.0,-0.0032272481398989885,0.1894560090790156,0.05226035027894393,-0.040807229698687185,-0.010504644487359435,0.2999999999999998
27.44,3.781743566185334,0.0,1.2767369484538933,1.0,-0.0032272481398989885,0.1894560090790156,0.05226035027894393,-0.040807229698687185,-0.010504644487359435,0.2999999999999998
27.46,3.7837435661853336,0.0,1.2769369484538933,1.0,-0.0032272481398989885,0.1894560090790156,0.05226035027894393,-0.040807229698687185,-0.010504644487359435,0.2999999999999998
27.48,3.7857435661853334,0.0,1.2771369484538933,1.0,-0.0032272481398989885,0.1894560090790156,0.05226035027894393,-0.040807229698687185,-0.010504644487359435,0.2999999999999998
27.5,3.787743566185333,0.0,1.2773369484538932,1.0,-0.0032272481398989885,0.1894560090790156,0.05226035027894393,-0.040807229698687185,-0.010504644487359435,0.2999999999999998
27.52,3.789743566185333,0.0,1.2775369484538932,1.0,-0.0032272481398989885,0.1894560090790156,0.05226035027894393,-0.040807229698687185,-0.010504644487359435,0.2999999999999998
27.54,3.7917435661853327,0.0,1.2777369484538932,1.0,-0.0032272481398989885,0.1894560090790156,0.05226035027894393,-0.040807229698687185,-0.010504644487359435,0.2999999999999998
27.560000000000002,3.7937435661853325,0.0,1.2779369484538932,1.0,-0.0032272481398989885,0.1894560090790156,0.05226035027894393,-0.040807229698687185,-0.010504644487359435,0.2999999999999998
27.580000000000002,3.7957435661853323,0.0,1.2781369484538931,1.0,-0.0032272481398989885,0.1894560090790156,0.05226035027894393,-0.040807229698687185,-0.010504644487359435,0.2999999999999998
27.6,3.797743566185332,0.0,1.2783369484538931,1.0,-0.0032272481398989885,0.1894560090790156,0.05226035027894393,-0.040807229698687185,-0.010504644487359435,0.2999999999999998
27.62,3.799743566185332,0.0,1.278536948453893,1.0,-0.0032272481398989885,0.1894560090790156,0.05226035027894393,-0.040807229698687185,-0.010504644487359435,0.2999999999999998
27.64,3.8017435661853316,0.0,1.278736948453893,1.0,-0.0032272481398989885,0.1894560090790156,0.05226035027894393,-0.040807229698687185,-0.010504644487359435,0.2999999999999998
27.66,3.8037435661853314,0.0,1.278936948453893,1.0,-0.0032272481398989885,0.1894560090790156,0.05226035027894393,-0.040807229698687185,-0.010504644487359435,0.2999999999999998
27.68,3.805743566185331,0.0,1.279136948453893,1.0,-0.0032272481398989885,0.1894560090790156,0.05226035027894393,-0.040807229698687185,-0.010504644487359435,0.2999999999999998
27.7,3.807743566185331,0.0,1.279336948453893,1.0,-0.0032272481398989885,0.1894560090790156,0.05226035027894393,-0.040807229698687185,-0.010504644487359435,0.2999999999999998
27.72,3.8097435661853307,0.0,1.279536948453893,1.0,-0.0032272481398989885,0.1894560090790156,0.05226035027894393,-0.040807229698687185,-0.010504644487359435,0.2999999999999998
27.740000000000002,3.8117435661853305,0.0,1.279736948453893,1.0,-0.0032272481398989885,0.1894560090790156,0.05226035027894393,-0.040807229698687185,-0.010504644487359435,0.2999999999999998
27.76,3.8137435661853303,0.0,1.279936948453893,1.0,-0.0032272481398989885,0.1894560090790156,0.05226035027894393,-0.040807229698687185,-0.010504644487359435,0.2999999999999998
27.78,3.81574356618533,0.0,1.280136948453893,1.0,-0.0032272481398989885,0.1894560090790156,0.05226035027894393,-0.040807229698687185,-0.010504644487359435,0.2999999999999998
27.8,3.81774356618533,0.0,1.280336948453893,1.0,-0.0032272481398989885,0.1894560090790156,0.05226035027894393,-0.040807229698687185,-0.010504644487359435,0.2999999999999998
27.82,3.8197435661853296,0.0,1.2805369484538929,1.0,-0.0032272481398989885,0.1894560090790156,0.05226035027894393,-0.040807229698687185,-0.010504644487359435,0.2999999999999998
27.84,3.8217435661853294,0.0,1.2807369484538929,1.0,-0.0032272481398989885,0.1894560090790156,0.05226035027894393,-0.040807229698687185,-0.010504644487359435,0.2999999999999998
27.86,3.823743566185329,0.0,1.2809369484538928,1.0,-0.0032272481398989885,0.1894560090790156,0.05226035027894393,-0.040807229698687185,-0.010504644487359435,0.2999999999999998
27.88,3.825743566185329,0.0,1.2811369484538928,1.0,-0.0032272481398989885,0.1894560090790156,0.05226035027894393,-0.040807229698687185,-0.010504644487359435,0.2999999999999998
27.900000000000002,3.8277435661853287,0.0,1.2813369484538928,1.0,-0.0032272481398989885,0.1894560090790156,0.05226035027894393,-0.040807229698687185,-0.010504644487359435,0.2999999999999998
27.92,3.8297435661853285,0.0,1.2815369484538928,1.0,-0.0032272481398989885,0.1894560090790156,0.05226035027894393,-0.040807229698687185,-0.010504644487359435,0.2999999999999998
27.94,3.8317435661853283,0.0,1.2817369484538927,1.0,-0.0032272481398989885,0.1894560090790156,0.05226035027894393,-0.040807229698687185,-0.010504644487359435,0.2999999999999998
27.96,3.833743566185328,0.0,1.2819369484538927,1.0,-0.0032272481398989885,0.1894560090790156,0.05226035027894393,-0.040807229698687185,-0.010504644487359435,0.2999999999999998
27.98,3.835743566185328,0.0,1.2821369484538927,1.0,-0.0032272481398989885,0.1894560090790156,0.05226035027894393,-0.040807229698687185,-0.010504644487359435,0.2999999999999998
28.0,3.8377435661853276,0.0,1.2823369484538927,1.0,-0.0032272481398989885,0.1894560090790156,0.05226035027894393,-0.040807229698687185,-0.010504644487359435,0.2999999999999998
28.02,3.8397435661853274,0.0,1.2825369484538927,1.0,-0.0032272481398989885,0.1894560090790156,0.05226035027894393,-0.040807229698687185,-0.010504644487359435,0.2999999999999998
28.04,3.841743566185327,0.0,1.2827369484538926,1.0,-0.0032272481398989885,0.1894560090790156,0.05226035027894393,-0.040807229698687185,-0.010504644487359435,0.2999999999999998
28.060000000000002,3.843743566185327,0.0,1.2829369484538926,1.0,-0.0032272481398989885,0.1894560090790156,0.05226035027894393,-0.040807229698687185,-0.010504644487359435,0.2999999999999998
28.080000000000002,3.8457435661853268,0.0,1.2831369484538926,1.0,-0.0032272481398989885,0.1894560090790156,0.05226035027894393,-0.040807229698687185,-0.010504644487359435,0.2999999999999998
28.1,3.8477435661853265,0.0,1.2833369484538926,1.0,-0.0032272481398989885,0.1894560090790156,0.05226035027894393,-0.040807229698687185,-0.010504644487359435,0.2999999999999998
28.12,3.8497435661853263,0.0,1.2835369484538925,1.0,-0.0032272481398989885,0.1894560090790156,0.05226035027894393,-0.040807229698687185,-0.010504644487359435,0.2999999999999998
28.14,3.851743566185326,0.0,1.2837369484538925,1.0,-0.0032272481398989885,0.1894560090790156,0.05226035027894393,-0.040807229698687185,-0.010504644487359435,0.2999999999999998
28.16,3.853743566185326,0.0,1.2839369484538925,1.0,-0.0032272481398989885,0.1894560090790156,0.05226035027894393,-0.040807229698687185,-0.010504644487359435,0.2999999999999998
28.18,3.8557435661853257,0.0,1.2841369484538925,1.0,-0.0032272481398989885,0.1894560090790156,0.05226035027894393,-0.040807229698687185,-0.010504644487359435,0.2999999999999998
28.2,3.8577435661853254,0.0,1.2843369484538925,1.0,-0.0032272481398989885,0.1894560090790156,0.05226035027894393,-0.040807229698687185,-0.010504644487359435,0.2999999999999998
28.22,3.859743566185325,0.0,1.2845369484538924,1.0,-0.0032272481398989885,0.1894560090790156,0.05226035027894393,-0.040807229698687185,-0.010504644487359435,0.2999999999999998
28.240000000000002,3.861743566185325,0.0,1.2847369484538924,1.0,-0.0032272481398989885,0.1894560090790156,0.05226035027894393,-0.040807229698687185,-0.010504644487359435,0.2999999999999998
28.26,3.8637435661853248,0.0,1.2849369484538924,1.0,-0.0032272481398989885,0.1894560090790156,0.05226035027894393,-0.040807229698687185,-0.010504644487359435,0.2999999999999998
28.28,3.8657435661853246,0.0,1.2851369484538924,1.0,-0.0032272481398989885,0.1894560090790156,0.05226035027894393,-0.040807229698687185,-0.010504644487359435,0.2999999999999998
28.3,3.8677435661853243,0.0,1.2853369484538923,1.0,-0.0032272481398989885,0.1894560090790156,0.05226035027894393,-0.040807229698687185,-0.010504644487359435,0.2999999999999998
28.32,3.869743566185324,0.0,1.2855369484538923,1.0,-0.0032272481398989885,0.1894560090790156,0.05226035027894393,-0.040807229698687185,-0.010504644487359435,0.2999999999999998
28.34,3.871743566185324,0.0,1.2857369484538923,1.0,-0.0032272481398989885,0.1894560090790156,0.05226035027894393,-0.040807229698687185,-0.010504644487359435,0.2999999999999998
28.36,3.8737435661853237,0.0,1.2859369484538923,1.0,-0.0032272481398989885,0.1894560090790156,0.05226035027894393,-0.040807229698687185,-0.010504644487359435,0.2999999999999998
28.38,3.8757435661853235,0.0,1.2861369484538923,1.0,-0.0032272481398989885,0.1894560090790156,0.05226035027894393,-0.040807229698687185,-0.010504644487359435,0.2999999999999998
28.400000000000002,3.8777435661853232,0.0,1.2863369484538922,1.0,-0.0032272481398989885,0.1894560090790156,0.05226035027894393,-0.040807229698687185,-0.010504644487359435,0.2999999999999998
28.42,3.879743566185323,0.0,1.2865369484538922,1.0,-0.0032272481398989885,0.1894560090790156,0.05226035027894393,-0.040807229698687185,-0.010504644487359435,0.2999999999999998
28.44,3.881743566185323,0.0,1.2867369484538922,1.0,-0.0032272481398989885,0.1894560090790156,0.05226035027894393,-0.040807229698687185,-0.010504644487359435,0.2999999999999998
28.46,3.8837435661853226,0.0,1.2869369484538922,1.0,-0.0032272481398989885,0.1894560090790156,0.05226035027894393,-0.040807229698687185,-0.010504644487359435,0.2999999999999998
28.48,3.8857435661853224,0.0,1.2871369484538921,1.0,-0.0032272481398989885,0.1894560090790156,0.05226035027894393,-0.040807229698687185,-0.010504644487359435,0.2999999999999998
28.5,3.887743566185322,0.0,1.2873369484538921,1.0,-0.0032272481398989885,0.1894560090790156,0.05226035027894393,-0.040807229698687185,-0.010504644487359435,0.2999999999999998
28.52,3.889743566185322,0.0,1.287536948453892,1.0,-0.0032272481398989885,0.1894560090790156,0.05226035027894393,-0.040807229698687185,-0.010504644487359435,0.2999999999999998
28.54,3.8917435661853217,0.0,1.287736948453892,1.0,-0.0032272481398989885,0.1894560090790156,0.05226035027894393,-0.040807229698687185,-0.010504644487359435,0.2999999999999998
28.560000000000002,3.8937435661853215,0.0,1.287936948453892,1.0,-0.0032272481398989885,0.1894560090790156,0.05226035027894393,-0.040807229698687185,-0.010504644487359435,0.2999999999999998
28.580000000000002,3.8957435661853212,0.0,1.288136948453892,1.0,-0.0032272481398989885,0.1894560090790156,0.05226035027894393,-0.040807229698687185,-0.010504644487359435,0.2999999999999998
28.6,3.897743566185321,0.0,1.288336948453892,1.0,-0.0032272481398989885,0.1894560090790156,0.05226035027894393,-0.040807229698687185,-0.010504644487359435,0.2999999999999998
28.62,3.899743566185321,0.0,1.288536948453892,1.0,-0.0032272481398989885,0.1894560090790156,0.05226035027894393,-0.040807229698687185,-0.010504644487359435,0.2999999999999998
28.64,3.9017435661853206,0.0,1.288736948453892,1.0,-0.0032272481398989885,0.1894560090790156,0.05226035027894393,-0.040807229698687185,-0.010504644487359435,0.2999999999999998
28.66,3.9037435661853204,0.0,1.288936948453892,1.0,-0.0032272481398989885,0.1894560090790156,0.05226035027894393,-0.040807229698687185,-0.010504644487359435,0.2999999999999998
28.68,3.90574356618532,0.0,1.289136948453892,1.0,-0.0032272481398989885,0.1894560090790156,0.05226035027894393,-0.040807229698687185,-0.010504644487359435,0.2999999999999998
28.7,3.90774356618532,0.0,1.289336948453892,1.0,-0.0032272481398989885,0.1894560090790156,0.05226035027894393,-0.040807229698687185,-0.010504644487359435,0.2999999999999998
28.72,3.9097435661853197,0.0,1.2895369484538919,1.0,-0.0032272481398989885,0.1894560090790156,0.05226035027894393,-0.040807229698687185,-0.010504644487359435,0.2999999999999998
28.740000000000002,3.9117435661853195,0.0,1.2897369484538919,1.0,-0.0032272481398989885,0.1894560090790156,0.05226035027894393,-0.040807229698687185,-0.010504644487359435,0.2999999999999998
28.76,3.9137435661853193,0.0,1.2899369484538918,1.0,-0.0032272481398989885,0.1894560090790156,0.05226035027894393,-0.040807229698687185,-0.010504644487359435,0.2999999999999998
28.78,3.915743566185319,0.0,1.2901369484538918,1.0,-0.0032272481398989885,0.1894560090790156,0.05226035027894393,-0.040807229698687185,-0.010504644487359435,0.2999999999999998
28.8,3.917743566185319,0.0,1.2903369484538918,1.0,-0.0032272481398989885,0.1894560090790156,0.05226035027894393,-0.040807229698687185,-0.010504644487359435,0.2999999999999998
28.82,3.9197435661853186,0.0,1.2905369484538918,1.0,-0.0032272481398989885,0.1894560090790156,0.05226035027894393,-0.040807229698687185,-0.010504644487359435,0.2999999999999998
28.84,3.9217435661853184,0.0,1.2907369484538918,1.0,-0.0032272481398989885,0.1894560090790156,0.05226035027894393,-0.040807229698687185,-0.010504644487359435,0.2999999999999998
28.86,3.923743566185318,0.0,1.2909369484538917,1.0,-0.0032272481398989885,0.1894560090790156,0.05226035027894393,-0.040807229698687185,-0.010504644487359435,0.2999999999999998
28.88,3.925743566185318,0.0,1.2911369484538917,1.0,-0.0032272481398989885,0.1894560090790156,0.05226035027894393,-0.040807229698687185,-0.010504644487359435,0.2999999999999998
28.900000000000002,3.9277435661853177,0.0,1.2913369484538917,1.0,-0.0032272481398989885,0.1894560090790156,0.05226035027894393,-0.040807229698687185,-0.010504644487359435,0.2999999999999998
28.92,3.9297435661853175,0.0,1.2915369484538917,1.0,-0.0032272481398989885,0.1894560090790156,0.05226035027894393,-0.040807229698687185,-0.010504644487359435,0.2999999999999998
28.94,3.9317435661853173,0.0,1.2917369484538916,1.0,-0.0032272481398989885,0.1894560090790156,0.05226035027894393,-0.040807229698687185,-0.010504644487359435,0.2999999999999998
28.96,3.933743566185317,0.0,1.2919369484538916,1.0,-0.0032272481398989885,0.1894560090790156,0.05226035027894393,-0.040807229698687185,-0.010504644487359435,0.2999999999999998
28.98,3.935743566185317,0.0,1.2921369484538916,1.0,-0.0032272481398989885,0.1894560090790156,0.05226035027894393,-0.040807229698687185,-0.010504644487359435,0.2999999999999998
29.0,3.9377435661853166,0.0,1.2923369484538916,1.0,-0.0032272481398989885,0.1894560090790156,0.05226035027894393,-0.040807229698687185,-0.010504644487359435,0.2999999999999998
29.02,3.9397435661853164,0.0,1.2925369484538916,1.0,-0.0032272481398989885,0.1894560090790156,0.05226035027894393,-0.040807229698687185,-0.010504644487359435,0.2999999999999998
29.04,3.941743566185316,0.0,1.2927369484538915,1.0,-0.0032272481398989885,0.1894560090790156,0.05226035027894393,-0.040807229698687185,-0.010504644487359435,0.2999999999999998
29.060000000000002,3.943743566185316,0.0,1.2929369484538915,1.0,-0.0032272481398989885,0.1894560090790156,0.05226035027894393,-0.040807229698687185,-0.010504644487359435,0.2999999999999998
29.080000000000002,3.9457435661853157,0.0,1.2931369484538915,1.0,-0.0032272481398989885,0.1894560090790156,0.05226035027894393,-0.040807229698687185,-0.010504644487359435,0.2999999999999998
29.1,3.9477435661853155,0.0,1.2933369484538915,1.0,-0.0032272481398989885,0.1894560090790156,0.05226035027894393,-0.040807229698687185,-0.010504644487359435,0.2999999999999998
29.12,3.9497435661853153,0.0,1.2935369484538914,1.0,-0.0032272481398989885,0.1894560090790156,0.05226035027894393,-0.040807229698687185,-0.010504644487359435,0.2999999999999998
29.14,3.951743566185315,0.0,1.2937369484538914,1.0,-0.0032272481398989885,0.1894560090790156,0.05226035027894393,-0.040807229698687185,-0.010504644487359435,0.2999999999999998
29.16,3.953743566185315,0.0,1.2939369484538914,1.0,-0.0032272481398989885,0.1894560090790156,0.05226035027894393,-0.040807229698687185,-0.010504644487359435,0.2999999999999998
29.18,3.9557435661853146,0.0,1.2941369484538914,1.0,-0.0032272481398989885,0.1894560090790156,0.05226035027894393,-0.040807229698687185,-0.010504644487359435,0.2999999999999998
29.2,3.9577435661853144,0.0,1.2943369484538914,1.0,-0.0032272481398989885,0.1894560090790156,0.05226035027894393,-0.040807229698687185,-0.010504644487359435,0.2999999999999998
29.22,3.959743566185314,0.0,1.2945369484538913,1.0,-0.0032272481398989885,0.1894560090790156,0.05226035027894393,-0.040807229698687185,-0.010504644487359435,0.2999999999999998
29.240000000000002,3.961743566185314,0.0,1.2947369484538913,1.0,-0.0032272481398989885,0.1894560090790156,0.05226035027894393,-0.040807229698687185,-0.010504644487359435,0.2999999999999998
29.26,3.9637435661853138,0.0,1.2949369484538913,1.0,-0.0032272481398989885,0.1894560090790156,0.05226035027894393,-0.040807229698687185,-0.010504644487359435,0.2999999999999998
29.28,3.9657435661853135,0.0,1.2951369484538913,1.0,-0.0032272481398989885,0.1894560090790156,0.05226035027894393,-0.040807229698687185,-0.010504644487359435,0.2999999999999998
29.3,3.9677435661853133,0.0,1.2953369484538912,1.0,-0.0032272481398989885,0.1894560090790156,0.05226035027894393,-0.040807229698687185,-0.010504644487359435,0.2999999999999998
29.32,3.969743566185313,0.0,1.2955369484538912,1.0,-0.0032272481398989885,0.1894560090790156,0.05226035027894393,-0.040807229698687185,-0.010504644487359435,0.2999999999999998
29.34,3.971743566185313,0.0,1.2957369484538912,1.0,-0.0032272481398989885,0.1894560090790156,0.05226035027894393,-0.040807229698687185,-0.010504644487359435,0.2999999999999998
29.36,3.9737435661853127,0.0,1.2959369484538912,1.0,-0.0032272481398989885,0.1894560090790156,0.05226035027894393,-0.040807229698687185,-0.010504644487359435,0.2999999999999998
29.38,3.9757435661853124,0.0,1.2961369484538912,1.0,-0.0032272481398989885,0.1894560090790156,0.05226035027894393,-0.040807229698687185,-0.010504644487359435,0.2999999999999998
29.400000000000002,3.977743566185312,0.0,1.2963369484538911,1.0,-0.0032272481398989885,0.1894560090790156,0.05226035027894393,-0.040807229698687185,-0.010504644487359435,0.2999999999999998
29.42,3.979743566185312,0.0,1.2965369484538911,1.0,-0.0032272481398989885,0.1894560090790156,0.05226035027894393,-0.040807229698687185,-0.010504644487359435,0.2999999999999998
29.44,3.9817435661853118,0.0,1.296736948453891,1.0,-0.0032272481398989885,0.1894560090790156,0.05226035027894393,-0.040807229698687185,-0.010504644487359435,0.2999999999999998
29.46,3.9837435661853116,0.0,1.296936948453891,1.0,-0.0032272481398989885,0.1894560090790156,0.05226035027894393,-0.040807229698687185,-0.010504644487359435,0.2999999999999998
29.48,3.9857435661853113,0.0,1.297136948453891,1.0,-0.0032272481398989885,0.1894560090790156,0.05226035027894393,-0.040807229698687185,-0.010504644487359435,0.2999999999999998
29.5,3.987743566185311,0.0,1.297336948453891,1.0,-0.0032272481398989885,0.1894560090790156,0.05226035027894393,-0.040807229698687185,-0.010504644487359435,0.2999999999999998
29.52,3.989743566185311,0.0,1.297536948453891,1.0,-0.0032272481398989885,0.1894560090790156,0.05226035027894393,-0.040807229698687185,-0.010504644487359435,0.2999999999999998
29.54,3.9917435661853107,0.0,1.297736948453891,1.0,-0.0032272481398989885,0.1894560090790156,0.05226035027894393,-0.040807229698687185,-0.010504644487359435,0.2999999999999998
29.560000000000002,3.9937435661853105,0.0,1.297936948453891,1.0,-0.0032272481398989885,0.1894560090790156,0.05226035027894393,-0.040807229698687185,-0.010504644487359435,0.2999999999999998
29.580000000000002,3.9957435661853102,0.0,1.298136948453891,1.0,-0.0032272481398989885,0.1894560090790156,0.05226035027894393,-0.040807229698687185,-0.010504644487359435,0.2999999999999998
29.6,3.99774356618531,0.0,1.298336948453891,1.0,-0.0032272481398989885,0.1894560090790156,0.05226035027894393,-0.040807229698687185,-0.010504644487359435,0.2999999999999998
29.62,3.99974356618531,0.0,1.298536948453891,1.0,-0.0032272481398989885,0.1894560090790156,0.05226035027894393,-0.040807229698687185,-0.010504644487359435,0.2999999999999998
29.64,4.00174356618531,0.0,1.2987369484538909,1.0,-0.0032272481398989885,0.1894560090790156,0.05226035027894393,-0.040807229698687185,-0.010504644487359435,0.2999999999999998
29.66,4.003743566185309,0.0,1.2989369484538908,1.0,-0.0032272481398989885,0.1894560090790156,0.05226035027894393,-0.040807229698687185,-0.010504644487359435,0.2999999999999998
29.68,4.005743566185309,0.0,1.2991369484538908,1.0,-0.0032272481398989885,0.1894560090790156,0.05226035027894393,-0.040807229698687185,-0.010504644487359435,0.2999999999999998
29.7,4.007743566185309,0.0,1.2993369484538908,1.0,-0.0032272481398989885,0.1894560090790156,0.05226035027894393,-0.040807229698687185,-0.010504644487359435,0.2999999999999998
29.72,4.009743566185309,0.0,1.2995369484538908,1.0,-0.0032272481398989885,0.1894560090790156,0.05226035027894393,-0.040807229698687185,-0.010504644487359435,0.2999999999999998
29.740000000000002,4.0117435661853085,0.0,1.2997369484538908,1.0,-0.0032272481398989885,0.1894560090790156,0.05226035027894393,-0.040807229698687185,-0.010504644487359435,0.2999999999999998
29.76,4.013743566185308,0.0,1.2999369484538907,1.0,-0.0032272481398989885,0.1894560090790156,0.05226035027894393,-0.040807229698687185,-0.010504644487359435,0.2999999999999998
29.78,4.015743566185308,0.0,1.3001369484538907,1.0,-0.0032272481398989885,0.1894560090790156,0.05226035027894393,-0.040807229698687185,-0.010504644487359435,0.2999999999999998
29.8,4.017743566185308,0.0,1.3003369484538907,1.0,-0.0032272481398989885,0.1894560090790156,0.05226035027894393,-0.040807229698687185,-0.010504644487359435,0.2999999999999998
29.82,4.019743566185308,0.0,1.3005369484538907,1.0,-0.0032272481398989885,0.1894560090790156,0.05226035027894393,-0.040807229698687185,-0.010504644487359435,0.2999999999999998
29.84,4.021743566185307,0.0,1.3007369484538907,1.0,-0.0032272481398989885,0.1894560090790156,0.05226035027894393,-0.040807229698687185,-0.010504644487359435,0.2999999999999998
29.86,4.023743566185307,0.0,1.3009369484538906,1.0,-0.0032272481398989885,0.1894560090790156,0.05226035027894393,-0.040807229698687185,-0.010504644487359435,0.2999999999999998
29.88,4.025743566185307,0.0,1.3011369484538906,1.0,-0.0032272481398989885,0.1894560090790156,0.05226035027894393,-0.040807229698687185,-0.010504644487359435,0.2999999999999998
29.900000000000002,4.027743566185307,0.0,1.3013369484538906,1.0,-0.0032272481398989885,0.1894560090790156,0.05226035027894393,-0.040807229698687185,-0.010504644487359435,0.2999999999999998
29.92,4.0297435661853065,0.0,1.3015369484538906,1.0,-0.0032272481398989885,0.1894560090790156,0.05226035027894393,-0.040807229698687185,-0.010504644487359435,0.2999999999999998
29.94,4.031743566185306,0.0,1.3017369484538905,1.0,-0.0032272481398989885,0.1894560090790156,0.05226035027894393,-0.040807229698687185,-0.010504644487359435,0.2999999999999998
29.96,4.033743566185306,0.0,1.3019369484538905,1.0,-0.0032272481398989885,0.1894560090790156,0.05226035027894393,-0.040807229698687185,-0.010504644487359435,0.2999999999999998
29.98,4.035743566185306,0.0,1.3021369484538905,1.0,-0.0032272481398989885,0.1894560090790156,0.05226035027894393,-0.040807229698687185,-0.010504644487359435,0.2999999999999998
