time,surface
0.0,0.3691159715514433
0.1,0.3469633789591147
0.2,0.30652615129497274
0.30000000000000004,0.24988607171047456
0.4,0.18040382762523252
0.5,0.10242143258612241
0.6000000000000001,0.020857466086841157
0.7000000000000001,-0.05925476992006268
0.8,-0.13322939184675867
0.9,-0.19713499623911235
1.0,-0.248100333872272
1.1,-0.28448743973012774
1.2000000000000002,-0.3059198668402503
1.3,-0.3131732396116509
1.4000000000000001,-0.30795278791430547
1.5,-0.2925954106068971
1.6,-0.2697405208659396
1.7000000000000002,-0.24201385127032618
1.8,-0.21176203050238818
1.9000000000000001,-0.18086452577597179
2.0,-0.150635591262153
2.1,-0.12181458396219787
2.2,-0.09463069547605465
2.3000000000000003,-0.06891959126169032
2.4000000000000004,-0.04426565856966531
2.5,-0.020144638558538725
2.6,0.003953420323537961
2.7,0.028433160303586322
2.8000000000000003,0.05353854234502324
2.9000000000000004,0.0793292042153246
3.0,0.10567953682829971
3.1,0.1322896318196865
3.2,0.15869872098829496
3.3000000000000003,0.1842957681435002
3.4000000000000004,0.20832718218281018
3.5,0.2299066256865661
3.6,0.2480351213902779
3.7,0.26164007704162956
3.8000000000000003,0.26963911900267307
3.9000000000000004,0.2710292040726527
4.0,0.26499454532662853
4.1000000000000005,0.25102009698485567
4.2,0.22899246578930604
4.3,0.1992686282445766
4.4,0.16269555010289913
4.5,0.1205706415487824
4.6000000000000005,0.07454289880889862
4.7,0.026465741461516767
4.800000000000001,-0.0217773389679257
4.9,-0.068446427493058
5.0,-0.11208855481431551
5.1000000000000005,-0.15162543488931926
5.2,-0.18636997264353472
5.300000000000001,-0.21596963656351154
5.4,-0.24028986472897085
5.5,-0.2592640697266822
5.6000000000000005,-0.2727455788517393
5.7,-0.28039877978874944
5.800000000000001,-0.2816608838832791
5.9,-0.2757926635193406
6.0,-0.2620184006857686
6.1000000000000005,-0.23973544410421035
6.2,-0.20875616456623378
6.300000000000001,-0.16953351748511858
6.4,-0.12331872278855681
6.5,-0.07220702801611736
6.6000000000000005,-0.01904446132135848
6.7,0.03280769540868538
6.800000000000001,0.07982741423806611
6.9,0.11875774147581425
7.0,0.1470389186130754
7.1000000000000005,0.16317522768693948
7.2,0.16697109496541634
7.300000000000001,0.159589347019761
7.4,0.1434123538082657
7.5,0.12171942983342726
7.6000000000000005,0.0982255178314818
7.7,0.07655103986121635
7.800000000000001,0.05970613315625928
7.9,0.04967156611431145
8.0,0.047143307721575496
8.1,0.0514805267760084
8.200000000000001,0.060862498528907696
8.3,0.07262465136447732
8.4,0.08371418485961753
8.5,0.09118674551376688
8.6,0.09266095291389984
8.700000000000001,0.08665784400926385
8.8,0.07277543731892495
8.9,0.05168007809684154
9.0,0.024929927418192558
9.1,-0.0053245435811624
9.200000000000001,-0.036698449513873084
9.3,-0.0669177530285093
9.4,-0.09408867063847856
9.5,-0.11684807564858894
9.600000000000001,-0.1343797269075442
9.700000000000001,-0.146311108431648
9.8,-0.15253134895814574
9.9,-0.15298678662251536
10.0,-0.14751395997271993
10.100000000000001,-0.13575954922827277
10.200000000000001,-0.11721529297880783
10.3,-0.09136776983178287
10.4,-0.057934196161733
10.5,-0.017132270901201882
10.600000000000001,0.030080288070243207
10.700000000000001,0.08185958888650705
10.8,0.13547079590250571
10.9,0.18744665627666954
11.0,0.2338992317242914
11.100000000000001,0.2709432786905587
11.200000000000001,0.2951652645471493
11.3,0.3040597341079899
11.4,0.296357443437763
11.5,0.27218716580342506
11.600000000000001,0.23304216803279054
11.700000000000001,0.18155749001217295
11.8,0.12113848201394525
11.9,0.05550779067225752
12.0,-0.01174819125503301
12.100000000000001,-0.07755427513854257
12.200000000000001,-0.13958094548159808
12.3,-0.1963056927611662
12.4,-0.24690393437505742
12.5,-0.2910067028750371
12.600000000000001,-0.3283888925937686
12.700000000000001,-0.3586652578711106
12.8,-0.3810688214548188
12.9,-0.39436835462582315
13.0,-0.39695172536420253
13.100000000000001,-0.38706618114861074
13.200000000000001,-0.3631722537516465
13.3,-0.3243419247616948
13.4,-0.27061931457606386
13.5,-0.20326608083105963
13.600000000000001,-0.12483331154571738
13.700000000000001,-0.039033218027113896
13.8,0.04957877003333391
13.9,0.13606513635693704
14.0,0.21563704075118503
14.100000000000001,0.28416776222129003
14.200000000000001,0.33860497361334563
14.3,0.3772168957323367
14.4,0.3996383105523435
14.5,0.4067192830445592
14.600000000000001,0.4002150416768351
14.700000000000001,0.3823829181198303
14.8,0.3555663545161875
14.9,0.3218442591740119
15.0,0.2828070987408749
15.100000000000001,0.23949271523370488
15.200000000000001,0.1924808268094595
15.3,0.14211240327624622
15.4,0.08877511516761502
15.5,0.03318367879455179
15.600000000000001,-0.023413616762699572
15.700000000000001,-0.07915440472561397
15.8,-0.1316330044887623
15.9,-0.17811592771112605
16.0,-0.21586550279740535
16.1,-0.24251260098694366
16.2,-0.2564091153222969
16.3,-0.2568944109048732
16.400000000000002,-0.24442643015071472
16.5,-0.22055392305229313
16.6,-0.18773600838143736
16.7,-0.1490429243876637
16.8,-0.10779194726864925
16.900000000000002,-0.06718127624686075
17.0,-0.029980853964904235
17.1,0.0016761078564538556
17.2,0.026380109409032577
17.3,0.043415739237967856
17.400000000000002,0.05264321427945901
17.5,0.05433419812935083
17.6,0.04900983028504253
17.7,0.03732253384629734
17.8,0.020007404542816094
17.900000000000002,-0.0020923752083580206
18.0,-0.027943622888348448
18.1,-0.056219768045229546
18.2,-0.08521996394190279
18.3,-0.11285286946184994
18.400000000000002,-0.13671487099899232
18.5,-0.15427200341544786
18.6,-0.16313051691114325
18.7,-0.1613581517089483
18.8,-0.14780177954698528
18.900000000000002,-0.12234096684883478
19.0,-0.08602297549692081
19.1,-0.0410420656786142
19.200000000000003,0.009448314862896188
19.3,0.06167255154295904
19.400000000000002,0.11167385826728446
19.5,0.15579396313696725
19.6,0.19111738833079392
19.700000000000003,0.21581048466466407
19.8,0.22930205720693073
19.900000000000002,0.2322785145139915
20.0,0.2264972332972898
20.1,0.2144516646862178
20.200000000000003,0.19894527532119038
20.3,0.18264462993386976
20.400000000000002,0.16768269884392895
20.5,0.1553720775444672
20.6,0.14606672815975183
20.700000000000003,0.13918426976430137
20.8,0.1333737644664609
20.900000000000002,0.12679122756494465
21.0,0.11743052763413508
21.1,0.10345299627463235
21.200000000000003,0.08346496012172047
21.3,0.05670663380677224
21.400000000000002,0.023135020045808894
21.5,-0.01659640346507222
21.6,-0.061241287470733256
21.700000000000003,-0.10911623828401448
21.8,-0.15827421761524138
21.900000000000002,-0.20666473275294317
22.0,-0.25225972052323264
22.1,-0.2931368101268026
22.200000000000003,-0.32752436579298566
22.3,-0.353822459190675
22.400000000000002,-0.3706186714033487
22.5,-0.3767166026394978
22.6,-0.371188763911907
22.700000000000003,-0.35345589292036467
22.8,-0.3233841557244468
22.900000000000002,-0.2813827921674421
23.0,-0.2284797201963768
23.1,-0.1663527035402298
23.200000000000003,-0.09729901144662409
23.3,-0.02413599850013688
23.400000000000002,0.04996325796449945
23.5,0.1216836304711288
23.6,0.18780636519048335
23.700000000000003,0.2454431231949016
23.8,0.29223713258501793
23.900000000000002,0.3265085399621249
24.0,0.34733037840138686
24.1,0.3545326904167919
24.200000000000003,0.34864304357205633
24.3,0.3307799385924282
24.400000000000002,0.3025200320730917
24.5,0.2657601504422062
24.6,0.2225911706567501
24.700000000000003,0.17519419731769434
24.8,0.12576177960171867
24.900000000000002,0.07643998355487532
25.0,0.029282460649315088
25.1,-0.013793889320683941
25.200000000000003,-0.051060371255932865
25.3,-0.08103949964790488
25.400000000000002,-0.10257835088856213
25.5,-0.11492552441111438
25.6,-0.11780092229606542
25.700000000000003,-0.11144595311934417
25.8,-0.09664296002195509
25.900000000000002,-0.07469634721423221
26.0,-0.0473731535644191
26.1,-0.01680648995887186
26.200000000000003,0.014629910699125049
26.3,0.04446473980873838
26.400000000000002,0.0702776707240488
26.5,0.0898426684826632
26.6,0.10125808158823049
26.700000000000003,0.10305880795552257
26.8,0.09430851548939793
26.900000000000002,0.07467120343011206
27.0,0.04446097709352048
27.1,0.0046670263403864425
27.200000000000003,-0.043051755033723625
27.3,-0.09641013982405318
27.400000000000002,-0.15258592718231176
27.5,-0.2083610277830203
27.6,-0.26031476571619483
27.700000000000003,-0.3050620759315727
27.8,-0.33952008457373656
27.900000000000002,-0.36117777521164146
28.0,-0.3683371111352012
28.1,-0.36029196842101396
28.200000000000003,-0.3374147802781242
28.3,-0.30113017029832867
28.400000000000002,-0.2537691807973082
28.5,-0.19831500442711944
28.6,-0.13806861217252808
28.700000000000003,-0.07627721259404302
28.8,-0.01577719689684872
28.900000000000002,0.0412959322256284
29.0,0.09368595743077159
29.1,0.1410536953699257
29.200000000000003,0.1838665328991891
29.3,0.22315592212293625
29.400000000000002,0.26018110579028964
29.5,0.29605394729258905
29.6,0.3313877836287276
29.700000000000003,0.3660310253488778
29.8,0.39893384165451456
29.900000000000002,0.4281755065057621
30.0,0.4511541481288679
30.1,0.4649139843664132
30.200000000000003,0.46656209588536485
30.3,0.45371128141575906
30.400000000000002,0.42488020303737045
30.5,0.3797878055984119
30.6,0.31949494995358196
30.700000000000003,0.24636969297515585
30.8,0.1638797888626855
30.900000000000002,0.07624231420400718
31.0,-0.012018434771058942
31.1,-0.096540813676077
31.200000000000003,-0.1735570241396334
31.3,-0.24022715791976823
31.400000000000002,-0.29483445793673396
31.5,-0.33682286176575593
31.6,-0.36668257821685984
31.700000000000003,-0.3857120605989423
31.8,-0.39570172246946006
31.900000000000002,-0.3985936100168969
32.0,-0.39617096252161593
32.1,-0.38982267760342804
32.2,-0.3804120693481399
32.300000000000004,-0.3682598970150719
32.4,-0.35323185904521
32.5,-0.3349038876861956
32.6,-0.31276728570559326
32.7,-0.28643160191928546
32.800000000000004,-0.2557864641121494
32.9,-0.22109343995296654
33.0,-0.18299340530724947
33.1,-0.14243122855275517
33.2,-0.10051499059846002
33.300000000000004,-0.058338881004202536
33.4,-0.016805435736576755
33.5,0.023517051573820943
33.6,0.06247221291120185
33.7,0.10030992375126739
33.800000000000004,0.13759334805003046
33.9,0.17503026079552583
34.0,0.21325407628984375
34.1,0.2525900855244978
34.2,0.29284704309480775
34.300000000000004,0.3331726246624179
34.4,0.37200350939869725
34.5,0.4071279458187537
34.6,0.43586241685802146
34.7,0.45532673344976865
34.800000000000004,0.4627860617431405
34.9,0.45601639262347654
35.0,0.43364368551085614
35.1,0.3954075049799361
35.2,0.3423076303817133
35.300000000000004,0.27660607224038625
35.4,0.20167546656266835
35.5,0.12170550648136633
35.6,0.041299063377810155
35.7,-0.03499392793164199
35.800000000000004,-0.10314638585528631
35.9,-0.1600668022529126
36.0,-0.20389968210797735
36.1,-0.23417249332137327
36.2,-0.25176805233060284
36.300000000000004,-0.25872497919354537
36.4,-0.25789281741311026
36.5,-0.2524891474321367
36.6,-0.24562040195905027
36.7,-0.2398338327593339
36.800000000000004,-0.23676412169911398
36.9,-0.23692484179613313
37.0,-0.23967414488356098
37.1,-0.2433586575328607
37.2,-0.24561334398247817
37.300000000000004,-0.24377198282057524
37.4,-0.23532643405129622
37.5,-0.21836560782077227
37.6,-0.1919281608397854
37.7,-0.1562160223638878
37.800000000000004,-0.11263691938792965
37.9,-0.06366990490967256
38.0,-0.012574511044347186
38.1,0.03701256252905681
38.2,0.0815329446706464
38.300000000000004,0.11794703610376
38.400000000000006,0.14409561609786364
38.5,0.15893203835073758
38.6,0.1625952111163823
38.7,0.1563185070472831
38.800000000000004,0.14219487192159547
38.900000000000006,0.12283971286997328
39.0,0.1010073274163023
39.1,0.07922156439524405
39.2,0.059476495722017984
39.300000000000004,0.04304914026279478
39.400000000000006,0.030446154673950714
39.5,0.021483331490307348
39.6,0.015474588392238767
39.7,0.011489545987762625
39.800000000000004,0.008628612894940886
39.900000000000006,0.006263293669274082
40.0,0.00419725980942545
40.1,0.0027191228118392187
40.2,0.002538116480989174
40.300000000000004,0.004615537200811581
40.400000000000006,0.009924102704829529
40.5,0.019181076694777116
40.6,0.032606723844219435
40.7,0.049756397732953275
40.800000000000004,0.06946281284565134
40.900000000000006,0.08990671904000598
41.0,0.10881229757530185
41.1,0.123741762049666
41.2,0.13244552993311642
41.300000000000004,0.13321301376087477
41.400000000000006,0.12516657149741778
41.5,0.10844804806702055
41.6,0.0842627090506406
41.7,0.05476690033609109
41.800000000000004,0.02281011991471659
41.900000000000006,-0.008434492419579937
42.0,-0.03589870690911714
42.1,-0.057043558832660025
42.2,-0.07021526508931655
42.300000000000004,-0.07487750345136002
42.400000000000006,-0.07168271132039263
42.5,-0.062369084225262814
42.6,-0.04949648380149263
42.7,-0.036059385194169034
42.800000000000004,-0.025034377406406048
42.900000000000006,-0.01893045952780543
43.0,-0.019410646589377856
43.1,-0.027043023562310038
43.2,-0.04121984770844017
43.300000000000004,-0.060257542035782256
43.400000000000006,-0.08166240758942252
43.5,-0.10252097813311119
43.6,-0.11995423855849431
43.7,-0.13156459179143074
43.800000000000004,-0.13580521204598123
43.900000000000006,-0.13221325840413542
44.0,-0.12146958470054718
44.1,-0.10527481979630433
44.2,-0.08606076266599942
44.300000000000004,-0.06658236381059972
44.400000000000006,-0.049454963743798735
44.5,-0.03671080455722884
44.6,-0.02944655937911075
44.7,-0.027619998363402135
44.800000000000004,-0.03003098562956189
44.900000000000006,-0.034493316982459256
45.0,-0.03817392920800053
45.1,-0.0380494296725449
45.2,-0.03141088568650202
45.300000000000004,-0.016339376239199857
45.400000000000006,0.007921706610833797
45.5,0.04075672652679248
45.6,0.0801653524357659
45.7,0.12295327841640508
45.800000000000004,0.165101500698113
45.900000000000006,0.20226299424152297
46.0,0.23031686981847774
46.1,0.24590189892711278
46.2,0.24685479370992236
46.300000000000004,0.232493133811931
46.400000000000006,0.20370597297399476
46.5,0.1628432818020456
46.6,0.11342414316737391
46.7,0.05970866320456856
46.800000000000004,0.0061962174709286515
46.900000000000006,-0.04287952724832058
47.0,-0.08399125320273203
47.1,-0.11463949531049258
47.2,-0.1335205389291971
47.300000000000004,-0.14053071704810483
47.400000000000006,-0.13662177792813082
47.5,-0.12354300266360015
47.6,-0.10351996580030799
47.7,-0.07892530243419454
47.800000000000004,-0.05199308968308844
47.900000000000006,-0.024616489770497563
48.0,0.0017495439095087054
48.1,0.02607921596470058
48.2,0.047678844377858326
48.300000000000004,0.06603559796422634
48.400000000000006,0.08065446755334564
48.5,0.09092649329710169
48.6,0.09606377422740169
48.7,0.095122633841123
48.800000000000004,0.0871180463058098
48.900000000000006,0.071213281141033
49.0,0.04695209721568175
49.1,0.014489696632626878
49.2,-0.02522489008857511
49.300000000000004,-0.07035746710933215
49.400000000000006,-0.11821823536941602
49.5,-0.1654236348850741
49.6,-0.20818050243231914
49.7,-0.242661866519322
49.800000000000004,-0.26542709791953867
49.900000000000006,-0.2738295036428735
50.0,-0.26635355708535474
50.1,-0.24283214522933252
50.2,-0.20451033824254186
50.300000000000004,-0.15394377462468745
50.400000000000006,-0.09474340230936106
50.5,-0.03120024747798649
50.6,0.03215941713117136
50.7,0.09102932261458115
50.800000000000004,0.14173011480307113
50.900000000000006,0.1815186159271734
51.0,0.20876686909489645
51.1,0.22299947561842776
51.2,0.22479948383747442
51.300000000000004,0.21561178263195155
51.400000000000006,0.1974854766255766
51.5,0.1728011285186756
51.6,0.14402462975974287
51.7,0.11351799024010016
51.800000000000004,0.08342108759352099
51.900000000000006,0.05560084587066576
52.0,0.03164910548621665
52.1,0.012900785843188666
52.2,0.00044187111834192777
52.300000000000004,-0.00491726675245668
52.400000000000006,-0.002714903537321045
52.5,0.0070477861793384255
52.6,0.023773534232202718
52.7,0.04615251062372339
52.800000000000004,0.07210445404722413
52.900000000000006,0.0988181205178297
53.0,0.12291393437019264
53.1,0.14073490019682422
53.2,0.14874552162324509
53.300000000000004,0.14399340865771756
53.400000000000006,0.12456854714881016
53.5,0.08998534444468126
53.6,0.04141550540930104
53.7,-0.018283743507846853
53.800000000000004,-0.08477337612295872
53.900000000000006,-0.15265976538520987
54.0,-0.2160994242916976
54.1,-0.2695027836856588
54.2,-0.3082369680752933
54.300000000000004,-0.3292215519040596
54.400000000000006,-0.3313228306614977
54.5,-0.3154801633530171
54.6,-0.28453838391312913
54.7,-0.24280669586503367
54.800000000000004,-0.19540908459925072
54.900000000000006,-0.14752635181290782
55.0,-0.10364905675432659
55.1,-0.06696019611702557
55.2,-0.038945972727465715
55.300000000000004,-0.019295607315021356
55.400000000000006,-0.0061029949430375955
55.5,0.003667732754005848
55.6,0.01353524343597332
55.7,0.02678572841977493
55.800000000000004,0.04581357898308873
55.900000000000006,0.07163197394258111
56.0,0.10363727147900989
56.1,0.13966649235544212
56.2,0.17633585911429073
56.300000000000004,0.20959935319887302
56.400000000000006,0.23542820467150133
56.5,0.2504918207893423
56.6,0.2527214191909646
56.7,0.24165930048220546
56.800000000000004,0.21853528169744837
56.900000000000006,0.18606032257164398
57.0,0.14797708993389783
57.1,0.10844925791953461
57.2,0.07139832769788429
57.300000000000004,0.03990404861842912
57.400000000000006,0.015771103601145822
57.5,-0.0006667063518107368
57.6,-0.010477071113168578
57.7,-0.01581449744012139
57.800000000000004,-0.019423407725993148
57.900000000000006,-0.024053060830686375
58.0,-0.03189189119262199
58.1,-0.04412290431877881
58.2,-0.060677803482604806
58.300000000000004,-0.08023026327981295
58.400000000000006,-0.10042520155832749
58.5,-0.11829898128595465
58.6,-0.13081263919113695
58.7,-0.13540208639075663
58.800000000000004,-0.13044855150782525
58.900000000000006,-0.11558890900028652
59.0,-0.09181548399221211
59.1,-0.06135267216291368
59.2,-0.027336304619670862
59.300000000000004,0.006645704481579811
59.400000000000006,0.03707173643111038
59.5,0.06097766629433035
59.6,0.07634322384164155
59.7,0.08231719834070714
59.800000000000004,0.07925487144267236
59.900000000000006,0.06857347264999017
60.0,0.05246077580286965
60.1,0.033493321826919394
60.2,0.014231040114079212
60.300000000000004,-0.0031466762137085233
60.400000000000006,-0.01711082288549255
60.5,-0.026926012630760963
60.6,-0.03265803694739679
60.7,-0.0350592607282581
60.800000000000004,-0.03536311873502076
60.900000000000006,-0.0350294434328621
61.0,-0.035484584539820216
61.1,-0.03789498448038894
61.2,-0.04300206198568615
61.300000000000004,-0.05103270289081888
61.400000000000006,-0.061686255552590094
61.5,-0.07418808672264739
61.6,-0.08739295944143764
61.7,-0.09991912194345338
61.800000000000004,-0.11029538175162815
61.900000000000006,-0.11710718228985098
62.0,-0.1191321086253429
62.1,-0.11545881265783364
62.2,-0.10558512177655888
62.300000000000004,-0.08949091553893598
62.400000000000006,-0.0676798369890612
62.5,-0.04118222916132623
62.6,-0.011511235651039613
62.7,0.01943406031622194
62.800000000000004,0.04951969288899362
62.900000000000006,0.07657571452689454
63.0,0.09862742458710938
63.1,0.11413445799930294
63.2,0.12220662268863651
63.300000000000004,0.1227629670552349
63.400000000000006,0.1166036827784466
63.5,0.10537340431286045
63.6,0.09140839534244856
63.7,0.0774770679255323
63.800000000000004,0.06644053649183135
63.900000000000006,0.06087444764923591
64.0,0.06270240701725115
64.10000000000001,0.07289302348749098
64.2,0.09126620564505566
64.3,0.11644056631805944
64.4,0.1459346206948115
64.5,0.17641287685094104
64.60000000000001,0.2040473435274127
64.7,0.2249486927439529
64.8,0.2356118569073238
64.9,0.23331958545306647
65.0,0.2164544238140853
65.10000000000001,0.18468335258615545
65.2,0.13899752137918384
65.3,0.0816091183002374
65.4,0.01572537642108692
65.5,-0.05476653645885177
65.60000000000001,-0.12566214166138723
65.7,-0.19280677316334408
65.8,-0.2524286684915377
65.9,-0.30140841406536445
66.0,-0.337466494394695
66.10000000000001,-0.3592623933749621
66.2,-0.36640891875266857
66.3,-0.35941295058759876
66.4,-0.3395581740565143
66.5,-0.30874678015336743
66.60000000000001,-0.2693163698274127
66.7,-0.22384639698778747
66.8,-0.1749664044469338
66.9,-0.12517671264740846
67.0,-0.07669133162062985
67.10000000000001,-0.031312437028647985
67.2,0.009654806115790539
67.3,0.04543968617941786
67.4,0.07579108920026324
67.5,0.10091025035896914
67.60000000000001,0.12133687031300934
67.7,0.13780081529492103
67.8,0.15105753889064757
67.9,0.16172944677288917
68.0,0.17017653432472218
68.10000000000001,0.17641706504353502
68.2,0.18011278441478412
68.3,0.1806238776869881
68.4,0.17712794447442592
68.5,0.1687864865952189
68.60000000000001,0.1549337111169437
68.7,0.135257503406695
68.8,0.10994229270358621
68.9,0.07974845062071531
69.0,0.046012155509871096
69.10000000000001,0.01056183474554677
69.2,-0.024439678436598312
69.3,-0.05670648936757228
69.4,-0.08406542488397566
69.5,-0.1046836727166533
69.60000000000001,-0.11725746689380143
69.7,-0.1211376519837589
69.8,-0.11637819369960699
69.9,-0.1037056421730259
70.0,-0.08441906886711978
70.10000000000001,-0.06023912530196681
70.2,-0.03313017811358475
70.3,-0.005120310365165321
70.4,0.021859429378478575
70.5,0.04610177730166221
70.60000000000001,0.06620951531667733
70.7,0.08114284895070589
70.8,0.09023578178243978
70.9,0.09319265250496349
71.0,0.09007584534545322
71.10000000000001,0.08129241755049714
71.2,0.06758203457009737
71.3,0.0500026535839191
71.4,0.029905475898320117
71.5,0.00888820996360322
71.60000000000001,-0.011283463347975864
71.7,-0.02879199273121169
71.8,-0.041920191069844834
71.9,-0.049229405386801525
72.0,-0.04974485467594662
72.10000000000001,-0.04312285396090346
72.2,-0.029771798440492252
72.3,-0.010900646693273307
72.4,0.011524543651874887
72.5,0.03492435725930758
72.60000000000001,0.05634441182289269
72.7,0.07276803665286542
72.8,0.08146970600408641
72.9,0.08036632104610317
73.0,0.06831962258460156
73.10000000000001,0.04534575317635761
73.2,0.012697299027460838
73.3,-0.027201942776586996
73.4,-0.07097056423515714
73.5,-0.11461268979162467
73.60000000000001,-0.15395344897138488
73.7,-0.18511537243588527
73.8,-0.20497648944080024
73.9,-0.21155082078221688
74.0,-0.20423992959070286
74.10000000000001,-0.18391941921364893
74.2,-0.15284492129858823
74.3,-0.11438554910570169
74.4,-0.07261587468417591
74.5,-0.0318170371273365
74.60000000000001,0.004049203797410453
74.7,0.031824809649029395
74.8,0.049533981853407134
74.9,0.056605012704760295
75.0,0.05390531214893952
75.10000000000001,0.0435847372900611
75.2,0.028748767547334814
75.3,0.013006876618849998
75.4,-4.082819833615232e-05
75.5,-0.007306696961659816
75.60000000000001,-0.006637696443894463
75.7,0.0029024089859659634
75.8,0.02092954749388575
75.9,0.045826992118488764
76.0,0.0750084688899441
76.10000000000001,0.10531506340169158
76.2,0.13348454911758503
76.3,0.15662136571246926
76.4,0.17259609336542261
76.5,0.18031488013871624
76.60000000000001,0.17982012416560386
76.7,0.1722105389017282
76.80000000000001,0.15939729714750492
76.9,0.14373870390196644
77.0,0.12761466434181565
77.10000000000001,0.11301107833443107
77.2,0.10118181222556512
77.30000000000001,0.09244253551316028
77.4,0.08612871346504691
77.5,0.08072307595854977
77.60000000000001,0.07413039060236674
77.7,0.06405384898089055
77.80000000000001,0.04841160806686309
77.9,0.025726449814329186
78.0,-0.004573169765533326
78.10000000000001,-0.041987338359238825
78.2,-0.08493870798180644
78.30000000000001,-0.13092549397895306
78.4,-0.17680824653280122
78.5,-0.21918568537735553
78.60000000000001,-0.2548031877328678
78.7,-0.280935113576657
78.80000000000001,-0.29568891284893806
78.9,-0.29819324449197426
79.0,-0.2886513636537446
79.10000000000001,-0.2682614298452802
79.2,-0.23902382366567929
79.30000000000001,-0.20346931907368343
79.4,-0.16434937006007697
79.5,-0.12433040338652852
79.60000000000001,-0.08572862193722722
79.7,-0.050312095295843566
79.80000000000001,-0.019185023099647668
79.9,0.007242796407496541
80.0,0.029208277786581957
80.10000000000001,0.04748320554940803
80.2,0.06321614832014771
80.30000000000001,0.07774707080487131
80.4,0.09241269112251535
80.5,0.10835885286129456
80.60000000000001,0.12637437174013164
80.7,0.1467594014684883
80.80000000000001,0.16924024078939795
80.9,0.19294111461803468
81.0,0.2164210077795566
81.10000000000001,0.2377793798378096
81.2,0.2548281982587795
81.30000000000001,0.2653194695444949
81.4,0.26720830348411184
81.5,0.25892309340379843
81.60000000000001,0.23960852765775403
81.7,0.20930565592609185
81.80000000000001,0.16903735494713862
81.9,0.1207775674394897
82.0,0.06729775779511413
82.10000000000001,0.011902122026081218
82.2,-0.04191868905148005
82.30000000000001,-0.0908705107911936
82.4,-0.1322215901089032
82.5,-0.1640973384489686
82.60000000000001,-0.1856584409752683
82.7,-0.19713381491613563
82.80000000000001,-0.19970264329521267
82.9,-0.19524444733110222
83.0,-0.1859985274098978
83.10000000000001,-0.1741899243929731
83.2,-0.16168517264805582
83.30000000000001,-0.14973605447399055
83.4,-0.13885388724853162
83.5,-0.128833170329632
83.60000000000001,-0.11891588987128707
83.7,-0.10806149109921542
83.80000000000001,-0.09526746264202188
83.9,-0.07987557497937259
84.0,-0.06180117673422234
84.10000000000001,-0.04163738369429298
84.2,-0.020609979105137826
84.30000000000001,-0.00038796658709209576
84.4,0.017216524027447448
84.5,0.030602436087065223
84.60000000000001,0.038719155144167954
84.7,0.04132277491109204
84.80000000000001,0.039094850886710636
84.9,0.03359390056052086
85.0,0.027040864238361807
85.10000000000001,0.021971180126177412
85.2,0.020812064223294027
85.30000000000001,0.02545900016593408
85.4,0.036927264069366
85.5,0.05514202354250777
85.60000000000001,0.07890633253731057
85.7,0.10605465860881863
85.80000000000001,0.13376633815747938
85.9,0.15898478901277316
86.0,0.1788697715948928
86.10000000000001,0.19120492457901062
86.2,0.1946920809416227
86.30000000000001,0.1890856304924362
86.4,0.17515019987926417
86.5,0.15445739221328253
86.60000000000001,0.12906607155182134
86.7,0.10115028673826539
86.80000000000001,0.07264583283345502
86.9,0.04497958982508095
87.0,0.018926798601127632
87.10000000000001,-0.005385677344171693
87.2,-0.028341773123060052
87.30000000000001,-0.05060236527085432
87.4,-0.07283100636783953
87.5,-0.09544101274320396
87.60000000000001,-0.11841866899661473
87.7,-0.14125910121383253
87.80000000000001,-0.16302588238684695
87.9,-0.18251805686721706
88.0,-0.1985047414076133
88.10000000000001,-0.20997269160495965
88.2,-0.21632930325379693
88.30000000000001,-0.2175130817230524
88.4,-0.21398370368530492
88.5,-0.20659026227788937
88.60000000000001,-0.19634361934609088
88.7,-0.18414123759720435
88.80000000000001,-0.17050561510622095
88.9,-0.15539760247244108
89.0,-0.1381530899910703
89.10000000000001,-0.11756808574665492
89.2,-0.092127553022977
89.30000000000001,-0.06034336160953791
89.4,-0.021142346743760164
89.5,0.0257682299928392
89.60000000000001,0.07963056443997489
89.7,0.13852029709720595
89.80000000000001,0.19941770456729122
89.9,0.25846652109366763
90.0,0.31138718760104467
90.10000000000001,0.3539830519272156
90.2,0.38266046324916747
90.30000000000001,0.39488015538069343
90.4,0.3894684964059496
90.5,0.36674102397365105
90.60000000000001,0.32842274847018227
90.7,0.2773840448190339
90.80000000000001,0.21724125811153158
90.9,0.1518919481769428
91.0,0.08506239225744153
91.10000000000001,0.01993847930644185
91.2,-0.041067919517700696
91.30000000000001,-0.09639268331103844
91.4,-0.1452396563868315
91.5,-0.18738173908109818
91.60000000000001,-0.22289725691426104
91.7,-0.25190449343469845
91.80000000000001,-0.27435304336530786
91.9,-0.28991502435794325
92.0,-0.2979956824822973
92.10000000000001,-0.2978564804260592
92.2,-0.28881973547031264
92.30000000000001,-0.2705069966786034
92.4,-0.24305677121105557
92.5,-0.20727192995457683
92.60000000000001,-0.16466184995279537
92.7,-0.11736581881864017
92.80000000000001,-0.06796790417860077
92.9,-0.019234534299273864
93.0,0.026179723954734797
93.10000000000001,0.06600792676648432
93.2,0.09858312352565562
93.30000000000001,0.12295639470511907
93.4,0.13890906961746247
93.5,0.14686831689909668
93.60000000000001,0.14775284424733615
93.7,0.14278627804615204
93.80000000000001,0.1333178800663751
93.9,0.12068350339679415
94.0,0.106125936074584
94.10000000000001,0.09077638849350993
94.2,0.07568198339342716
94.30000000000001,0.06185170345982428
94.4,0.050288321066042474
94.5,0.041977669215993954
94.60000000000001,0.03781850444695909
94.7,0.03849357065580303
94.80000000000001,0.044301350625922824
94.9,0.05498391832150748
95.0,0.06959525178093397
95.10000000000001,0.08645365036936434
95.2,0.103210826796746
95.30000000000001,0.1170503526647215
95.4,0.12500298085639153
95.5,0.12434086923400153
95.60000000000001,0.11299221332436117
95.7,0.08990690650830409
95.80000000000001,0.05530555894170348
95.9,0.010759130997068135
96.0,-0.04092742487953205
96.10000000000001,-0.0960211052246446
96.2,-0.1503160074559624
96.30000000000001,-0.19966883480030748
96.4,-0.24052857872161246
96.5,-0.27037187074929625
96.60000000000001,-0.28796927718695386
96.7,-0.29343582323378176
96.80000000000001,-0.2880566287058288
96.9,-0.2739190847657914
97.0,-0.2534190739883311
97.10000000000001,-0.22873348853312006
97.2,-0.20135977143451134
97.30000000000001,-0.17181330220393387
97.4,-0.13954642029380893
97.5,-0.10311317896991591
97.60000000000001,-0.06055845631101732
97.7,-0.00996697025245501
97.80000000000001,0.049925027146153836
97.9,0.1191688286622608
98.0,0.19620288262918872
98.10000000000001,0.27769922642117056
98.2,0.35870349740830737
98.30000000000001,0.4330663155590339
98.4,0.4941138727242806
98.5,0.5354633199745268
98.60000000000001,0.5518614630156995
98.7,0.5399182008538068
98.80000000000001,0.4986204447746253
98.9,0.42954558165873646
99.0,0.3367402437888705
99.10000000000001,0.22628227043300994
99.2,0.10559247049974374
99.30000000000001,-0.017400021163057205
99.4,-0.13511539504257436
99.5,-0.24108129958026228
99.60000000000001,-0.33048959289467994
99.7,-0.4004862249612668
99.80000000000001,-0.45017416624116274
99.9,-0.48035570457028687
100.0,-0.49307991599391526
100.10000000000001,-0.491087261665628
100.2,-0.477252253922148
100.30000000000001,-0.4541163374091598
100.4,-0.42357908966672375
100.5,-0.38678169470992935
100.60000000000001,-0.34417907032575534
100.7,-0.2957629908125961
100.80000000000001,-0.24137398150679124
100.9,-0.18102854830384593
101.0,-0.11519164274792261
101.10000000000001,-0.04494057654673152
101.2,0.02800802667198861
101.30000000000001,0.10140762058110582
101.4,0.17269993730437547
101.5,0.2392947395431135
101.60000000000001,0.2988546846948084
101.7,0.3495313781478344
101.80000000000001,0.39011169692748215
101.9,0.420053757378223
102.0,0.43941501775434144
102.10000000000001,0.4486961650468019
102.2,0.44863949860461116
102.30000000000001,0.44002679704565334
102.4,0.4235183607548694
102.5,0.39956326426575456
102.60000000000001,0.36839368333299977
102.7,0.33009732523498186
102.80000000000001,0.28474549344844896
102.9,0.23254349409772515
103.0,0.17396694311650346
103.10000000000001,0.10985236554899115
103.2,0.041421903031974155
103.30000000000001,-0.029762767421842563
103.4,-0.10190649948651827
103.5,-0.17312322563599555
103.60000000000001,-0.24158444663869957
103.7,-0.3056431052053059
103.80000000000001,-0.3639090984509253
103.9,-0.41526465896705755
104.0,-0.45882222567165737
104.10000000000001,-0.4938410153556128
104.2,-0.51962830301625
104.30000000000001,-0.5354552951174041
104.4,-0.5405146090879113
104.5,-0.5339373877314217
104.60000000000001,-0.5148749147830171
104.7,-0.48263506751046076
104.80000000000001,-0.4368511212259966
104.9,-0.37765200067900884
105.0,-0.3058008009802105
105.10000000000001,-0.22277272631817108
105.2,-0.1307536013525833
105.30000000000001,-0.03255373158533795
105.4,0.06855363513069175
105.5,0.1690475270178745
105.60000000000001,0.26539833851071887
105.7,0.3542986671049733
105.80000000000001,0.4328573905915525
105.9,0.49873697403301204
106.0,0.550225360115919
106.10000000000001,0.5862455377463122
106.2,0.6063155829604236
106.30000000000001,0.6104777982279256
106.4,0.599216682412013
106.5,0.573382097280003
106.60000000000001,0.5341274134411048
106.7,0.4828645438071502
106.80000000000001,0.42123072191474037
106.9,0.3510574517221761
107.0,0.2743312958598907
107.10000000000001,0.19313914508611774
107.2,0.1095963974800987
107.30000000000001,0.025763392826491496
107.4,-0.05643851613927035
107.5,-0.1352965566754393
107.60000000000001,-0.20934768707752313
107.7,-0.2773819199958859
107.80000000000001,-0.33840642410095306
107.9,-0.3915785035813284
108.0,-0.4361242526573413
108.10000000000001,-0.4712652924863601
108.2,-0.49617679247112806
108.30000000000001,-0.5099952471011404
108.4,-0.5118847711607544
108.5,-0.5011577565158445
108.60000000000001,-0.4774322624042831
108.7,-0.4407974928012721
108.80000000000001,-0.3919528390958914
108.9,-0.3322869826393458
109.0,-0.2638718147930679
109.10000000000001,-0.18936023586374706
109.2,-0.1117946399049796
109.30000000000001,-0.0343505718621052
109.4,0.039946051763917335
109.5,0.1084827582959588
109.60000000000001,0.16926168712375964
109.7,0.2210049549511417
109.80000000000001,0.2631486311310305
109.9,0.2957310137651049
110.0,0.31920162085815407
110.10000000000001,0.3341931495763984
110.2,0.341306125104226
110.30000000000001,0.3409531921087206
110.4,0.33329721165922066
110.5,0.318296853468923
110.60000000000001,0.29584927466484356
110.7,0.2659967428226624
110.80000000000001,0.22914760410060667
110.9,0.18625561130786908
111.0,0.1389071441585798
111.10000000000001,0.08928267802838873
111.2,0.03998398434686795
111.30000000000001,-0.006252910047997287
111.4,-0.046912843948787496
111.5,-0.0800604394801076
111.60000000000001,-0.10463261980113554
111.7,-0.12060270082845083
111.80000000000001,-0.12897534882243988
111.9,-0.13160248973208855
112.0,-0.13084475957408542
112.10000000000001,-0.1291345250878854
112.2,-0.1285184363031005
112.30000000000001,-0.13026509696656674
112.4,-0.1346146260895455
112.5,-0.14072270050175253
112.60000000000001,-0.1468162738780601
112.7,-0.15053808982817857
112.80000000000001,-0.14942001991750914
112.9,-0.1413984981690425
113.0,-0.12527442977766262
113.10000000000001,-0.10102752110508861
113.2,-0.06992007803995667
113.30000000000001,-0.03436358075900724
113.4,0.002434270171450338
113.5,0.03698221613138567
113.60000000000001,0.06608626272090733
113.7,0.08739207930904322
113.80000000000001,0.0997872567804937
113.9,0.10358590328904405
114.0,0.1004573137410993
114.10000000000001,0.09310754051348796
114.2,0.08476880972580228
114.30000000000001,0.07858814442386437
114.4,0.07702630914906979
114.5,0.08137742384722432
114.60000000000001,0.09149831834650679
114.7,0.10579880204843733
114.80000000000001,0.12149654722705959
114.9,0.1350920805893799
115.0,0.1429794245423063
115.10000000000001,0.14208362307156122
115.2,0.13041214261604864
115.30000000000001,0.10742356987908686
115.4,0.07415086269561816
115.5,0.03306114592853458
115.60000000000001,-0.012318773712805016
115.7,-0.0579411487358251
115.80000000000001,-0.0998431654981427
115.9,-0.13471416785560153
116.0,-0.16032931619165455
116.10000000000001,-0.1757825540587536
116.2,-0.18149070694726893
116.30000000000001,-0.1789829577794994
116.4,-0.1705277159766672
116.5,-0.15867506816642196
116.60000000000001,-0.14580309319809098
116.7,-0.13374914202842206
116.80000000000001,-0.12358493399997171
116.9,-0.11556208333349256
117.0,-0.10921929519644075
117.10000000000001,-0.10361116647258102
117.2,-0.09759740208942852
117.30000000000001,-0.09012413089739638
117.4,-0.08043669679625655
117.5,-0.06818355402553307
117.60000000000001,-0.05339891867386399
117.7,-0.03638134223753085
117.80000000000001,-0.01750993916910479
117.9,0.002945642402140265
118.0,0.024964280887894107
118.10000000000001,0.04881649703788719
118.2,0.07498960479958439
118.30000000000001,0.10400158203680936
118.4,0.13613861424917548
118.5,0.17117295524123297
118.60000000000001,0.20812803059740612
118.7,0.2451540508517818
118.80000000000001,0.2795600907954163
118.9,0.308020694193254
119.0,0.32694182017301493
119.10000000000001,0.33293874767583287
119.2,0.323353685330863
119.30000000000001,0.29672825956491117
119.4,0.2531484555919251
119.5,0.1943968543302007
119.60000000000001,0.12387627110968097
119.7,0.04630507865171437
119.80000000000001,-0.03277873946233105
119.9,-0.1076368016391463
120.0,-0.1729849480842895
120.10000000000001,-0.2245899116992965
120.2,-0.25972423564686997
120.30000000000001,-0.2774183023012987
120.4,-0.27848000644073595
120.5,-0.26528777557754046
120.60000000000001,-0.24139546014148033
120.7,-0.21101291677105968
120.80000000000001,-0.17844026415949665
120.9,-0.1475352569677138
121.0,-0.12128266345539032
121.10000000000001,-0.10151454861760303
121.2,-0.08880489851880445
121.30000000000001,-0.08253556465486991
121.4,-0.08110727844322824
121.5,-0.08225273149381979
121.60000000000001,-0.08340025145505295
121.7,-0.08203665364162331
121.80000000000001,-0.07602520561784766
121.9,-0.06384705281819471
122.0,-0.044749161845445085
122.10000000000001,-0.018796149367165255
122.2,0.013164876032231806
122.30000000000001,0.04960942839600719
122.4,0.08848999103927845
122.5,0.12741889193557923
122.60000000000001,0.16386165418979692
122.7,0.195326709076581
122.80000000000001,0.21954134119949723
122.9,0.2346068596159488
123.0,0.23912785177205992
123.10000000000001,0.2323110766774305
123.2,0.2140295744324466
123.30000000000001,0.18484758804261367
123.4,0.1460025613094523
123.5,0.09934222922193835
123.60000000000001,0.04721775748479466
123.7,-0.007662240475986615
123.80000000000001,-0.06240772924805244
123.9,-0.11414032694815407
124.0,-0.16018758693879714
124.10000000000001,-0.19826143286449519
124.2,-0.22660444798893117
124.30000000000001,-0.24409044998828333
124.4,-0.25027020426468904
124.5,-0.24535872260550554
124.60000000000001,-0.23016669741033732
124.7,-0.20598453006712822
124.80000000000001,-0.17443246523135456
124.9,-0.13729398791203315
125.0,-0.09635146915538953
125.10000000000001,-0.053242813820670636
125.2,-0.009355499727740238
125.30000000000001,0.03422998304872121
125.4,0.07674136245048226
125.5,0.1176617947770907
125.60000000000001,0.15663201607358382
125.7,0.19332351868888362
125.80000000000001,0.227304390581396
125.9,0.25792242121670467
126.0,0.28422963623247444
126.10000000000001,0.30496813718598564
126.2,0.3186291060123786
126.30000000000001,0.32358584754128494
126.4,0.31828918884798985
126.5,0.30150133562715953
126.60000000000001,0.2725345459476755
126.7,0.23145574135219682
126.80000000000001,0.17921893460197863
126.9,0.11769473303299208
127.0,0.049579677275058465
127.10000000000001,-0.021813876317954884
127.2,-0.09286690427837699
127.30000000000001,-0.16002328624983433
127.4,-0.22016790820139054
127.5,-0.2709558544435225
127.60000000000001,-0.31103909417536074
127.7,-0.3401504465106625
127.80000000000001,-0.3590259153637544
127.9,-0.36917255275408345
128.0,-0.3725155590089326
128.1,-0.3709806855521903
128.20000000000002,-0.3660819330563575
128.3,-0.3585870470359445
128.4,-0.3483232958610326
128.5,-0.3341645583051641
128.6,-0.3142110517015481
128.70000000000002,-0.2861399408081693
128.8,-0.24767426040569707
128.9,-0.19709457897963226
129.0,-0.13370697372042686
129.1,-0.0581845234593969
129.20000000000002,0.027282493476038998
129.3,0.11906287866168955
129.4,0.2123859932201219
129.5,0.3018300091058763
129.6,0.38192703735487055
129.70000000000002,0.4477949430118516
129.8,0.49570013421465875
129.9,0.5234659261335909
130.0,0.5306655462631987
130.1,0.5185733286467157
130.20000000000002,0.48988628208809704
130.3,0.44826447087657434
130.4,0.3977664494830975
130.5,0.3422708108342037
130.6,0.28497450848472866
130.70000000000002,0.22804340976468168
130.8,0.17246345452641348
130.9,0.11810669014994996
131.0,0.06399121399887711
131.1,0.008683537775129226
131.20000000000002,-0.04922908576416226
131.3,-0.11067726561806626
131.4,-0.17573503325739193
131.5,-0.24339172545189408
131.6,-0.31150444123124227
131.70000000000002,-0.3769362809060402
131.8,-0.4358574287341887
131.9,-0.4841631956110348
132.0,-0.5179484940810153
132.1,-0.5339733677045486
132.20000000000002,-0.5300589443960722
132.3,-0.5053658684932856
132.4,-0.4605252198819974
132.5,-0.39761204669571004
132.6,-0.319970951594919
132.70000000000002,-0.2319193009471037
132.8,-0.13836505165023733
132.9,-0.044382312680230886
133.0,0.0452112243295485
133.1,0.12623418907827094
133.20000000000002,0.19544465161862934
133.3,0.2507413183923814
133.4,0.29124805530135844
133.5,0.317278059090188
133.6,0.3301851432118362
133.70000000000002,0.3321202118522548
133.8,0.32572034537832584
133.9,0.3137651387909926
134.0,0.29883905361150115
134.1,0.28303866283843926
134.20000000000002,0.26775919153947214
134.3,0.253585635940565
134.4,0.2403006686094601
134.5,0.22700597771037742
134.6,0.2123377754522725
134.70000000000002,0.19474343436967384
134.8,0.17277698273476153
134.9,0.14536836155528213
135.0,0.11202576886318873
135.1,0.07294167697730894
135.20000000000002,0.028989485779492265
135.3,-0.018383518207374994
135.4,-0.06734356813690519
135.5,-0.11590157445850338
135.6,-0.16214510790459213
135.70000000000002,-0.20443025010405966
135.8,-0.24150228646813898
135.9,-0.27253016842655514
136.0,-0.2970584099671603
136.1,-0.3148977098983344
136.20000000000002,-0.3259883459067111
136.3,-0.3302754511685228
136.4,-0.32763142236115417
136.5,-0.31784859088642897
136.6,-0.3007074249244399
136.70000000000002,-0.27610579018117065
136.8,-0.24421762694775132
136.9,-0.20563886830051725
137.0,-0.1614773076863467
137.1,-0.11335223957388656
137.20000000000002,-0.06328761916707183
137.3,-0.013505746822540111
137.4,0.03384778317714649
137.5,0.07699819155731082
137.6,0.11479541265439626
137.70000000000002,0.14687107981496797
137.8,0.17365697137228775
137.9,0.19624856764218518
138.0,0.21612820800782043
138.1,0.2347926260410129
138.20000000000002,0.253353001973567
138.3,0.27218678562625215
138.4,0.29071631347336024
138.5,0.3073695579735914
138.6,0.31974624973894133
138.70000000000002,0.3249738341857649
138.8,0.32019963750641306
138.9,0.30313581462243006
139.0,0.2725584204553449
139.1,0.22866494764106507
139.20000000000002,0.173216113342555
139.3,0.10942413798838309
139.4,0.04159476011896407
139.5,-0.02542457752402654
139.6,-0.08690118125180053
139.70000000000002,-0.1388679005297024
139.8,-0.1786568425347407
139.9,-0.20522401890892117
140.0,-0.21920953857007502
140.1,-0.22272500268134854
140.20000000000002,-0.21890844079243246
140.3,-0.2113282824381001
140.4,-0.20334373808844786
140.5,-0.19753475954390706
140.6,-0.19529953925861515
140.70000000000002,-0.19668442706411074
140.8,-0.20046675606682596
140.9,-0.20446405676912036
141.0,-0.20600256314984416
141.1,-0.20245142451951034
141.20000000000002,-0.19172136192125377
141.3,-0.17263855580580917
141.4,-0.14513328788902224
141.5,-0.1102219873034909
141.6,-0.06980262800175754
141.70000000000002,-0.026318461767925554
141.8,0.017633049961470828
141.9,0.059664492507039896
142.0,0.09786698004849803
142.1,0.1309405367559183
142.20000000000002,0.15817836110072286
142.3,0.17933113232259956
142.4,0.19440394782314638
142.5,0.20345140417591154
142.6,0.20643307921958332
142.70000000000002,0.20317322037256344
142.8,0.19343920616505358
142.9,0.17712019169549856
143.0,0.15445808539340414
143.1,0.1262646592526484
143.20000000000002,0.09405583296664037
143.3,0.060048223390675504
143.4,0.026991366925156572
143.5,-0.002154242392275763
143.6,-0.02464594114533081
143.70000000000002,-0.03841780512694766
143.8,-0.04247843609228357
143.9,-0.03716065360349191
144.0,-0.024159282496260197
144.1,-0.006331328940426241
144.20000000000002,0.012721404811119526
144.3,0.029222978685503123
144.4,0.03984942936842383
144.5,0.04229699426618564
144.6,0.03568538564324887
144.70000000000002,0.020716634192230955
144.8,-0.00044597954411992316
144.9,-0.02456227961467595
145.0,-0.047896120776016286
145.1,-0.06688802458436069
145.20000000000002,-0.07879615600063963
145.3,-0.08218729431218677
145.4,-0.07718725907965111
145.5,-0.06544555987655759
145.6,-0.04982305526875891
145.70000000000002,-0.033863573507094506
145.8,-0.021150553086422823
145.9,-0.014669992053582246
146.0,-0.016297507359852303
146.1,-0.02650099723625607
146.20000000000002,-0.04430671937047087
146.3,-0.06752443291782186
146.4,-0.09317711952548802
146.5,-0.11804270653448065
146.6,-0.1391966386118925
146.70000000000002,-0.15444851816272617
146.8,-0.16259208389467977
146.9,-0.1634298250959329
147.0,-0.1575826168600004
147.1,-0.14614061647694593
147.20000000000002,-0.1302447439947611
147.3,-0.11070155545424865
147.4,-0.08772549083110785
147.5,-0.06087328123510907
147.6,-0.029191913297562124
147.70000000000002,0.00844689057126411
147.8,0.05289600888828158
147.9,0.10426539214976752
148.0,0.161545431669516
148.1,0.22241487557969036
148.20000000000002,0.2832928729588847
148.3,0.3396474084558547
148.4,0.3865212603139838
148.5,0.41919193355584095
148.6,0.4338527920364872
148.70000000000002,0.4281947777811341
148.8,0.4017833563594946
148.9,0.3561607904875065
149.0,0.2946526833638642
149.1,0.22191053537085106
149.20000000000002,0.14326872122460726
149.3,0.06402602886852214
149.4,-0.011227065945209435
149.5,-0.07912556100222001
149.6,-0.13781275846498
149.70000000000002,-0.1869544001031569
149.8,-0.22749873527341663
149.9,-0.2612413969025865
150.0,-0.2902853748189787
150.1,-0.3164996594148523
150.20000000000002,-0.3410737009966675
150.3,-0.36424098002578753
150.4,-0.38520924202018614
150.5,-0.40229484088784656
150.6,-0.413222073819711
150.70000000000002,-0.41552209171286236
150.8,-0.4069541613183621
150.9,-0.385875784392415
151.0,-0.351505298467103
151.1,-0.30404641122954434
151.20000000000002,-0.24467258912215104
151.3,-0.17539425679702755
151.4,-0.09884858446673683
151.5,-0.01805769429256622
151.6,0.06380351739913515
151.70000000000002,0.1436015728906776
151.8,0.21838910480209042
151.9,0.28550465750501747
152.0,0.3426434442984872
152.1,0.387918654296773
152.20000000000002,0.41992870777994934
152.3,0.43783544362187077
152.4,0.44144499655078673
152.5,0.4312712819889359
152.6,0.4085554487841283
152.70000000000002,0.3752159663009959
152.8,0.33371374540537363
152.9,0.28683318017045734
153.0,0.23739965345886324
153.1,0.18797217525212226
153.20000000000002,0.1405616982986519
153.3,0.09642768413191005
153.4,0.05599612345721053
153.5,0.018922431971225707
153.60000000000002,-0.015704112555636026
153.70000000000002,-0.04904619428613722
153.8,-0.0821505292159845
153.9,-0.11559661417826453
154.0,-0.1492336259794264
154.10000000000002,-0.18206354574735586
154.20000000000002,-0.21230272254120938
154.3,-0.23762043036492764
154.4,-0.2555179964409433
154.5,-0.26378279026096096
154.60000000000002,-0.2609338471796448
154.70000000000002,-0.24657403642125927
154.8,-0.22157829035867782
154.9,-0.18807601261209178
155.0,-0.14922304618331889
155.10000000000002,-0.10879736394105002
155.20000000000002,-0.07068540755143285
155.3,-0.03834634360159627
155.4,-0.014345454355709176
155.5,-3.4702652626584455e-05
155.60000000000002,0.004569137651895871
155.70000000000002,0.000695010612492085
155.8,-0.00945864764442144
155.9,-0.023129672258195406
156.0,-0.0374495633695275
156.10000000000002,-0.04986956348409525
156.20000000000002,-0.05848357296071253
156.3,-0.06220052971613944
156.4,-0.06075131922928916
156.5,-0.054548821351354214
156.60000000000002,-0.04444745831210358
156.70000000000002,-0.03146511507110778
156.8,-0.01653261255118621
156.9,-0.0003241600009781676
157.0,0.01680049442759374
157.10000000000002,0.03473979994217984
157.20000000000002,0.053505108066975816
157.3,0.07303206433733495
157.4,0.09300377826073078
157.5,0.1127371460148174
157.60000000000002,0.1311679914616335
157.70000000000002,0.14694672805911868
157.8,0.1586295461608725
157.9,0.16492676150459396
158.0,0.1649551898015521
158.10000000000002,0.15843855726208164
158.20000000000002,0.14580966839847007
158.3,0.12818818803080512
158.4,0.1072340067834529
158.5,0.08490248896866574
158.60000000000002,0.0631486535044789
158.70000000000002,0.04363796121913056
158.8,0.027519569642511305
158.9,0.015304112402041345
159.0,0.006865353383302452
159.10000000000002,0.0015585025394767717
159.20000000000002,-0.001576554882676556
159.3,-0.0035759543843489343
159.4,-0.005331213159414554
159.5,-0.007435469426633806
159.60000000000002,-0.010127411627167246
159.70000000000002,-0.013339434272020431
159.8,-0.016830980702999463
159.9,-0.02036705390591471
160.0,-0.023890399567083585
160.10000000000002,-0.027636686923124883
160.20000000000002,-0.03215516307502225
160.3,-0.03821995063082451
160.4,-0.046644373371620834
160.5,-0.058036251241067316
160.60000000000002,-0.0725500286940943
160.70000000000002,-0.08969745596672248
160.8,-0.10827046510597003
160.9,-0.1264090537251627
161.0,-0.14181746161567188
161.10000000000002,-0.15209981084549623
161.20000000000002,-0.15515857387653284
161.3,-0.14958193816443813
161.4,-0.13494349838031697
161.5,-0.11195087731197029
161.60000000000002,-0.08240667810881395
161.70000000000002,-0.04898048456280675
161.8,-0.01482740513399201
161.9,0.016880630137112447
162.0,0.04342640239808991
162.10000000000002,0.06293562311546265
162.20000000000002,0.07461109268352886
162.3,0.07877168603515639
162.4,0.07669306632604694
162.5,0.0702857669996201
162.60000000000002,0.06167786859253756
162.70000000000002,0.052787458419598865
162.8,0.0449706907185773
162.9,0.03881440764124436
163.0,0.03411139300521188
163.10000000000002,0.03001777972610499
163.20000000000002,0.0253538924733139
163.3,0.018979808787190206
163.4,0.010161400310790311
163.5,-0.0011551906336813105
163.60000000000002,-0.014223217547192184
163.70000000000002,-0.02755902020108849
163.8,-0.03918049903842198
163.9,-0.04697375117143771
164.0,-0.049113418719988505
164.10000000000002,-0.04444987033144853
164.20000000000002,-0.03278194827520278
164.3,-0.01495655753704259
164.4,0.00722878622128091
164.5,0.031304396382162536
164.60000000000002,0.054535021933273
164.70000000000002,0.07437580998076206
164.8,0.08888896592406648
164.9,0.09704075360535806
165.0,0.09882315686067651
165.10000000000002,0.09518041138216936
165.20000000000002,0.08776022576239577
165.3,0.07854460964738189
165.4,0.06943855714613906
165.5,0.0619016291187947
165.60000000000002,0.05669645713564679
165.70000000000002,0.05380181780456115
165.8,0.05250188024298335
165.9,0.0516252096095616
166.0,0.04987520488458
166.10000000000002,0.046174632598797206
166.20000000000002,0.03994481667804064
166.3,0.03125528553595638
166.4,0.020808993963465368
166.5,0.009765350683439991
166.60000000000002,-0.000559778012398589
166.70000000000002,-0.009049135281834776
166.8,-0.01511193857668478
166.9,-0.018905700233055756
167.0,-0.02139389507300717
167.10000000000002,-0.02421528427292519
167.20000000000002,-0.029380852682589456
167.3,-0.03885233437950251
167.4,-0.05408415547065193
167.5,-0.07562228309645389
167.60000000000002,-0.10284617550353377
167.70000000000002,-0.13391489018665545
167.8,-0.16594020864959394
167.9,-0.19536587935330235
168.0,-0.21849147005261874
168.10000000000002,-0.23204999893559827
168.20000000000002,-0.23373640536110868
168.3,-0.2225915296269983
168.4,-0.19917217421399844
168.5,-0.16547695852723007
168.60000000000002,-0.124642390736561
168.70000000000002,-0.08046514394407546
168.8,-0.036836919644957916
168.9,0.0028082101687451353
169.0,0.03593976829266996
169.10000000000002,0.061199255051070704
169.20000000000002,0.07845601853220494
169.3,0.08865686144837888
169.4,0.09351374885353136
169.5,0.0951015762653942
169.60000000000002,0.0954499035017713
169.70000000000002,0.09620705091724882
169.8,0.09843381207867923
169.9,0.102552254745916
170.0,0.10843972941679736
170.10000000000002,0.11562691285860126
170.20000000000002,0.1235380693106696
170.3,0.13170588892655227
170.4,0.13990317882411826
170.5,0.14815684363917353
170.60000000000002,0.15664066039641691
170.70000000000002,0.1654752996564776
170.8,0.17448966258946935
170.9,0.18301103962397333
171.0,0.18974960356308265
171.10000000000002,0.19282538722133213
171.20000000000002,0.1899565354297361
171.3,0.17879226623247682
171.4,0.1573400246436555
171.5,0.12441103020624977
171.60000000000002,0.07999743190635347
171.70000000000002,0.025500397072711494
171.8,-0.036248945120753814
171.9,-0.1011986692887942
172.0,-0.16449719098747362
172.10000000000002,-0.22106897980863108
172.20000000000002,-0.26625761587825003
172.3,-0.2964343720541422
172.4,-0.3094741073702475
172.5,-0.30502151832284824
172.60000000000002,-0.2845058264037083
172.70000000000002,-0.25090430634643807
172.8,-0.208296878998677
172.9,-0.16128768892905643
173.0,-0.11438918015502508
173.10000000000002,-0.07146644424086722
173.20000000000002,-0.035324625906510726
173.3,-0.0074932374608197485
173.4,0.011775826514809653
173.5,0.02331781452858943
173.60000000000002,0.028725343307279053
173.70000000000002,0.029952629432005485
173.8,0.02893221226600848
173.9,0.027272660044236598
174.0,0.02608331305711245
174.10000000000002,0.02594225500244869
174.20000000000002,0.026992670125397886
174.3,0.029126762530092984
174.4,0.03220045884940587
174.5,0.03621897861759218
174.60000000000002,0.04144317477191226
174.70000000000002,0.04838686244903868
174.8,0.05770168486174934
174.9,0.06997284909913322
175.0,0.0854707898426775
175.10000000000002,0.10391610457297536
175.20000000000002,0.12431552893149295
175.3,0.1449152455581687
175.4,0.1632967317964525
175.5,0.1766137660474895
175.60000000000002,0.18194223542905874
175.70000000000002,0.1766921180060517
175.8,0.15901758000377575
175.9,0.12815894362552957
176.0,0.08465964148922395
176.10000000000002,0.030420374799934938
176.20000000000002,-0.0314219693166904
176.3,-0.09677601365891578
176.4,-0.1609994175262553
176.5,-0.21936817510078316
176.60000000000002,-0.26754782723868675
176.70000000000002,-0.30200525210127965
176.8,-0.32031158716519054
176.9,-0.3213055915886215
177.0,-0.3051088843216102
177.10000000000002,-0.2730061575486117
177.20000000000002,-0.22722118771593625
177.3,-0.17063069603576608
177.4,-0.10646159305542366
177.5,-0.03801303571417598
177.60000000000002,0.03156554068540821
177.70000000000002,0.09942332983690927
177.8,0.1630820149521382
177.9,0.22044600925127703
178.0,0.26977005759938294
178.10000000000002,0.3096095693269698
178.20000000000002,0.3387779853094928
178.3,0.3563296516258686
178.4,0.36157755467668545
178.5,0.35414481819720967
178.60000000000002,0.33403912757628496
178.70000000000002,0.3017320394891133
178.8,0.2582217267313508
178.9,0.2050586524432382
179.0,0.14431874313221377
179.10000000000002,0.07851690861314259
179.20000000000002,0.010463780564210517
179.3,-0.05692143117036479
179.4,-0.12082077412580705
179.5,-0.1787237975380626
179.60000000000002,-0.22860298189411699
179.70000000000002,-0.26903463206402933
179.8,-0.29924902699621614
179.9,-0.3191040477110104
180.0,-0.3289882344030674
180.10000000000002,-0.3296703623188875
180.20000000000002,-0.32212129974428166
180.3,-0.30733856582603625
180.4,-0.28620367988791523
180.5,-0.259396912399541
180.60000000000002,-0.22738409898363998
180.70000000000002,-0.19047725236543275
180.8,-0.1489568920027595
180.9,-0.10323167603776322
181.0,-0.05400232140145666
181.10000000000002,-0.0023936769893963985
181.20000000000002,0.049977942454190294
181.3,0.10102563204620729
181.4,0.14831014323921288
181.5,0.18924770728784218
181.60000000000002,0.22138288960274077
181.70000000000002,0.24268835975329225
181.8,0.25184565904279677
181.9,0.24846070717894692
182.0,0.2331753653810976
182.10000000000002,0.20765093017581213
182.20000000000002,0.17441874810176838
182.3,0.13661405280348457
182.4,0.09762806301915354
182.5,0.0607270024571287
182.60000000000002,0.028692517726636817
182.70000000000002,0.0035348166723618213
182.8,-0.013681852485334921
182.9,-0.022880044973342745
183.0,-0.024876634839130402
183.10000000000002,-0.021178606372056614
183.20000000000002,-0.013705779631170156
183.3,-0.004488970558221459
183.4,0.004606950705001602
183.5,0.012093554934549774
183.60000000000002,0.016976466652130054
183.70000000000002,0.018772922902211598
183.8,0.0174416965059355
183.9,0.013253861705028906
184.0,0.006642281760963049
184.10000000000002,-0.0019313271648084226
184.20000000000002,-0.012060400785842284
184.3,-0.02341151974549484
184.4,-0.035677244500651566
184.5,-0.04848232568112726
184.60000000000002,-0.0612753338799687
184.70000000000002,-0.07324398492823876
184.8,-0.08328975305940323
184.9,-0.09008597702266645
185.0,-0.09222564551434194
185.10000000000002,-0.08844396251374918
185.20000000000002,-0.07788101365566064
185.3,-0.06033569663403891
185.4,-0.03645691538973109
185.5,-0.007823579847245094
185.60000000000002,0.02311916477483313
185.70000000000002,0.053276285087217434
185.8,0.07925307058434602
185.9,0.0977943091497309
186.0,0.10624774011300822
186.10000000000002,0.10297778691661873
186.20000000000002,0.08765900677018473
186.3,0.06139484879872618
186.4,0.02663379545835503
186.5,-0.013112595300023
186.60000000000002,-0.05371241352313767
186.70000000000002,-0.09095215938327732
186.8,-0.12108979036676173
186.9,-0.1413368140909276
187.0,-0.15019504428929228
187.10000000000002,-0.14759709818111297
187.20000000000002,-0.1348317934687405
187.3,-0.11427078108856135
187.4,-0.08894495640878688
187.5,-0.062042897890011814
187.60000000000002,-0.03641478537925027
187.70000000000002,-0.014162176532329498
187.8,0.003622580922029411
187.9,0.016930542747451153
188.0,0.026719767668723034
188.10000000000002,0.03463646712574649
188.20000000000002,0.04262839224852401
188.3,0.052521452437424634
188.4,0.06563411336391345
188.5,0.0824947155865044
188.60000000000002,0.10270656823589208
188.70000000000002,0.12497843464865267
188.8,0.14730886088330702
188.9,0.1672868895977285
189.0,0.18245347008466495
189.10000000000002,0.19066021103041544
189.20000000000002,0.1903659260560893
189.3,0.1808255149611708
189.4,0.16214713716523987
189.5,0.13521820877592666
189.60000000000002,0.10152393240967478
189.70000000000002,0.06289972537857187
189.8,0.021268082471924854
189.9,-0.02159022137097658
190.0,-0.06419060647080092
190.10000000000002,-0.10540189851547817
190.20000000000002,-0.1444040884818104
190.3,-0.18056497178157938
190.4,-0.21327046122602297
190.5,-0.24175281266280832
190.60000000000002,-0.26496179046829543
190.70000000000002,-0.2815158862419671
190.8,-0.2897555967091621
190.9,-0.28790122669830165
191.0,-0.2742972135397232
191.10000000000002,-0.24770719562329832
191.20000000000002,-0.20761209465787123
191.3,-0.1544594527117189
191.4,-0.08981691240831426
191.5,-0.016395351016226394
191.60000000000002,0.0620742320307252
191.70000000000002,0.1411043824872017
191.8,0.21582854555515957
191.9,0.28144779663127145
192.0,0.3336916206684495
192.10000000000002,0.36923447309540847
192.20000000000002,0.38601537395804386
192.3,0.3834208401111075
192.4,0.36230999607007003
192.5,0.32488188737325957
192.60000000000002,0.27440568896398615
192.70000000000002,0.21485166000582295
192.8,0.15047197083583969
192.9,0.08538450694920571
193.0,0.023209177074703068
193.10000000000002,-0.03320399586888344
193.20000000000002,-0.08193078533757428
193.3,-0.12200583761643974
193.4,-0.1533430521145539
193.5,-0.1765674623796145
193.60000000000002,-0.1927920560547853
193.70000000000002,-0.20337637642557407
193.8,-0.20970130241065643
193.9,-0.21298705003748056
194.0,-0.21417086312852598
194.10000000000002,-0.21384916295062856
194.20000000000002,-0.21227822507120092
194.3,-0.20941950505061996
194.4,-0.20501163959850052
194.5,-0.1986511745628088
194.60000000000002,-0.1898676515467594
194.70000000000002,-0.17818458291926328
194.8,-0.16316443541602862
194.9,-0.14444137163774137
195.0,-0.1217488409460173
195.10000000000002,-0.09494945168913975
195.20000000000002,-0.06407194058283693
195.3,-0.029355271271671743
195.4,0.008705705944476538
195.5,0.049323413253276854
195.60000000000002,0.09140244479196423
195.70000000000002,0.13355839702636074
195.8,0.17417856114265348
195.9,0.2115252164282123
196.0,0.24387350620766857
196.10000000000002,0.2696674327771613
196.20000000000002,0.2876713697376576
196.3,0.297092325285111
196.4,0.2976509321592349
196.5,0.28958672047894607
196.60000000000002,0.27359450899770066
196.70000000000002,0.2507016789977335
196.8,0.22210808547016664
196.9,0.1890188024180937
197.0,0.1525027198593035
197.10000000000002,0.1134061584184813
197.20000000000002,0.07234041776858152
197.3,0.029747171711522313
197.4,-0.013971362656698042
197.5,-0.05828611758610329
197.60000000000002,-0.10237813347848455
197.70000000000002,-0.14502152247408645
197.8,-0.18454976805043868
197.9,-0.21892893120371862
198.0,-0.2459413435913362
198.10000000000002,-0.2634606948358244
198.20000000000002,-0.2697784125023741
198.3,-0.2639262150501821
198.4,-0.24593412738055465
198.5,-0.21696889410869197
198.60000000000002,-0.17931433188638982
198.70000000000002,-0.13618030357621091
198.8,-0.0913564551443442
198.9,-0.048755347117874284
199.0,-0.011911759755087221
199.10000000000002,0.016483680816834344
199.20000000000002,0.034940419728269126
199.3,0.043352881900741894
199.4,0.04298063548382701
199.5,0.03622360589961938
199.60000000000002,0.02622648901534185
199.70000000000002,0.01637548917639119
199.8,0.009768781309294464
199.9,0.008746234317975566
200.0,0.014553084585688478
200.10000000000002,0.02718834264121679
200.20000000000002,0.04545612786060948
200.3,0.06720286455027508
200.4,0.08969184362371396
200.5,0.1100448148827654
200.60000000000002,0.12567192620088025
200.70000000000002,0.13461775828917266
200.8,0.13577085270373662
200.9,0.1289128920195424
201.0,0.1146157378256077
201.10000000000002,0.09402347482318044
201.20000000000002,0.0685767683345974
201.3,0.03974438008267023
201.4,0.008820369361526692
201.5,-0.02317305812127663
201.60000000000002,-0.055463790264510884
201.70000000000002,-0.08740493537623269
201.8,-0.11828781491934472
201.9,-0.14714967592075662
202.0,-0.1726360603643456
202.10000000000002,-0.19296725284151842
202.20000000000002,-0.2060361666968375
202.3,-0.2096359401994803
202.4,-0.20178546596204766
202.5,-0.18109644703617048
202.60000000000002,-0.14711173193484364
202.70000000000002,-0.1005448645655343
202.8,-0.04336539558842457
202.9,0.021299020790059863
203.0,0.08943941937329716
203.10000000000002,0.15658328976626726
203.20000000000002,0.21828823377631376
203.3,0.27063122604584017
203.4,0.3106131548184874
203.5,0.3364136703874145
203.60000000000002,0.3474592398985664
203.70000000000002,0.34430230056193933
203.8,0.32834465049027284
203.9,0.30146674863242545
204.0,0.26564074528630804
204.10000000000002,0.22260561600195078
204.20000000000002,0.1736676214304261
204.3,0.11966151314225518
204.4,0.061073055012750975
204.5,-0.001711424819543451
204.60000000000002,-0.06809052364323721
204.70000000000002,-0.13694541192641574
204.8,-0.20642592527403295
204.9,-0.2738847351952416
205.0,-0.33598999985411443
205.10000000000002,-0.3890108668717844
205.20000000000002,-0.42923455570545865
205.3,-0.45344562630634555
205.4,-0.45938311285722977
205.5,-0.44609253036022856
205.60000000000002,-0.4141071928116959
205.70000000000002,-0.3654234719763972
205.8,-0.30327171325975805
205.9,-0.2317212986307004
206.0,-0.15518768144704573
206.10000000000002,-0.07792548913381572
206.20000000000002,-0.0035919771193137634
206.3,0.06505061357956075
206.4,0.12625360186793244
206.5,0.17921637653517608
206.60000000000002,0.22386707124872302
206.70000000000002,0.2605477476519446
206.8,0.2896781901313589
206.9,0.31147295655636503
207.0,0.3257718884918879
207.10000000000002,0.3320180814110827
207.20000000000002,0.3293848593986836
207.3,0.3170212473710638
207.4,0.29436023820626533
207.5,0.26142076505272394
207.60000000000002,0.21903519522553444
207.70000000000002,0.16894892311655227
207.8,0.11376403709326247
207.9,0.05672977419526673
208.0,0.0014122955049834423
208.10000000000002,-0.048700726089520335
208.20000000000002,-0.0905935385462361
208.3,-0.12204824575695453
208.4,-0.1418519990844373
208.5,-0.1498578557144706
208.60000000000002,-0.14689970230936794
208.70000000000002,-0.13458817582641328
208.8,-0.11503428079141725
208.9,-0.09055665416235135
209.0,-0.0634257177256899
209.10000000000002,-0.035684385571196665
209.20000000000002,-0.009063921960606076
209.3,0.015010164162790779
209.4,0.0353483440528413
209.5,0.050903338643699184
209.60000000000002,0.06069592053413839
209.70000000000002,0.06379644228404112
209.8,0.05938188734372929
209.9,0.04686650557219815
210.0,0.026081988054085552
210.10000000000002,-0.0025342499591079377
210.20000000000002,-0.03779264299695517
210.3,-0.07769427721722193
210.4,-0.11949665159412175
210.5,-0.15991389595602462
210.60000000000002,-0.19543645196215892
210.70000000000002,-0.22272981974113468
210.8,-0.23905292193956018
210.9,-0.24262804266934582
211.0,-0.23289825827343866
211.10000000000002,-0.21062443579700219
211.20000000000002,-0.1777994768831361
211.3,-0.13738789970190649
211.4,-0.09292847792086825
211.5,-0.048061010963868875
211.60000000000002,-0.0060510810504702
211.70000000000002,0.030613442305404685
211.8,0.06049324041142717
211.9,0.0832979360167589
212.0,0.09980729488037215
212.10000000000002,0.1116341417096645
212.20000000000002,0.12087484399129277
212.3,0.12970922004676308
212.4,0.14001633776766542
212.5,0.1530656440600938
212.60000000000002,0.16932611510497106
212.70000000000002,0.18841325400038597
212.8,0.2091693219930477
212.9,0.22985072009366575
213.0,0.24838162324370708
213.10000000000002,0.2626269673408033
213.20000000000002,0.2706410059534127
213.3,0.27085840059593813
213.4,0.26221031884927914
213.5,0.24416471061750877
213.60000000000002,0.21670430056961248
213.70000000000002,0.1802651412855178
213.8,0.13566137903897182
213.9,0.08401826565902507
214.0,0.026726876194112566
214.10000000000002,-0.034577071365841816
214.20000000000002,-0.0980185845287647
214.3,-0.16148893447588458
214.4,-0.2226702378430253
214.5,-0.27909542366141854
214.60000000000002,-0.3282526161521766
214.70000000000002,-0.36773260545551995
214.8,-0.3954070714204432
214.9,-0.40961609104262764
215.0,-0.40933828423195573
215.10000000000002,-0.3943169424347661
215.20000000000002,-0.36512072698564524
215.3,-0.3231269924030017
215.4,-0.2704275900721916
215.5,-0.20966880181124287
215.60000000000002,-0.1438465633467768
215.70000000000002,-0.07608362298731242
215.8,-0.00941587889802271
215.9,0.05338898795050756
216.0,0.10996521022336343
216.10000000000002,0.1584291649663343
216.20000000000002,0.19740972079640526
216.3,0.2260396005445012
216.4,0.24392262445584523
216.5,0.251091835002185
216.60000000000002,0.2479701973155185
216.70000000000002,0.23533993627044822
216.8,0.21432016887130534
216.9,0.18634694165702834
217.0,0.15314640699289228
217.10000000000002,0.1166914028016929
217.20000000000002,0.07913414801133786
217.3,0.04271245297757932
217.4,0.009632595385211367
217.5,-0.01806254709909796
217.60000000000002,-0.03862762931165558
217.70000000000002,-0.050737251212804306
217.8,-0.05358377167676095
217.9,-0.046940976483528817
218.0,-0.031188728608491798
218.10000000000002,-0.007298609335829502
218.20000000000002,0.023215450811040563
218.3,0.05837522566800661
218.4,0.09583820348633726
218.5,0.13301403745685322
218.60000000000002,0.16719396087768432
218.70000000000002,0.1956915185327207
218.8,0.21599358253637838
218.9,0.22591937092564038
219.0,0.22378198117600867
219.10000000000002,0.2085423546668914
219.20000000000002,0.17994074645957453
219.3,0.13858717520268946
219.4,0.08599145384564283
219.5,0.024516348079241707
219.60000000000002,-0.042755449271459724
219.70000000000002,-0.11223904644844522
219.8,-0.18013532422439918
219.9,-0.2427617176015984
220.0,-0.29688793196152397
220.10000000000002,-0.3400331752562101
220.20000000000002,-0.3706825476209559
220.3,-0.3883885109864661
220.4,-0.39373816994753963
220.5,-0.3881864415798184
220.60000000000002,-0.3737760669888947
220.70000000000002,-0.35278428859018013
220.8,-0.3273494579181694
220.9,-0.29913617492744143
221.0,-0.2690934076374273
221.10000000000002,-0.23734662918623736
221.20000000000002,-0.20324421347027152
221.3,-0.16555340381762446
221.4,-0.12277620992313885
221.5,-0.07353483599308172
221.60000000000002,-0.016963329292600002
221.70000000000002,0.046960569770065776
221.8,0.11720123644178176
221.9,0.19160865383717207
222.0,0.2670349544324856
222.10000000000002,0.3396119342944312
222.20000000000002,0.405151768031333
222.3,0.4596134461424487
222.4,0.4995669650575629
222.5,0.5225876865602692
222.60000000000002,0.5275243777707811
222.70000000000002,0.514604294762371
222.8,0.48536390952110664
222.9,0.4424203044092531
223.0,0.3891215762916844
223.10000000000002,0.32913113842273395
223.20000000000002,0.2660081438149737
223.3,0.20284353932718885
223.4,0.14199934032541967
223.5,0.08497991856084958
223.60000000000002,0.0324417828208376
223.70000000000002,-0.015673704628313
223.8,-0.059918421437309854
223.9,-0.10107170993799494
224.0,-0.1398794821558675
224.10000000000002,-0.17684212206418104
224.20000000000002,-0.21208327320667192
224.3,-0.24531513068266053
224.4,-0.27589775236399394
224.5,-0.30297328938727797
224.60000000000002,-0.32564363303742944
224.70000000000002,-0.34315367840800304
224.8,-0.35504301216704637
224.9,-0.36123596649952955
225.0,-0.3620522104510728
225.10000000000002,-0.3581351603580248
225.20000000000002,-0.3503108759462756
225.3,-0.3394031948474461
225.4,-0.32603950728129844
225.5,-0.31048439663085003
225.60000000000002,-0.2925349223422527
225.70000000000002,-0.2715021325269383
225.8,-0.24628987757834275
225.9,-0.2155662198408957
226.0,-0.1780071077626049
226.10000000000002,-0.13257890787834076
226.20000000000002,-0.0788179149653728
226.3,-0.017062498118245277
226.4,0.05140234791391309
226.5,0.12431796086453167
226.60000000000002,0.1985571414631778
226.70000000000002,0.2703579427325908
226.8,0.335663998816038
226.9,0.3905328878326951
227.0,0.431562294645648
227.10000000000002,0.4562785468873218
227.20000000000002,0.4634344717078904
227.3,0.45317346004199777
227.4,0.4270330477055792
227.5,0.3877821683119978
227.60000000000002,0.3391087127532666
227.70000000000002,0.2851949946694754
227.8,0.23023510439348976
227.9,0.1779574066846716
228.0,0.13121600940074607
228.10000000000002,0.0917065283478741
228.20000000000002,0.059844852932652785
228.3,0.03482507310658438
228.4,0.014847413284939453
228.5,-0.0025173994717765744
228.60000000000002,-0.019880788638847117
228.70000000000002,-0.03957175449369916
228.8,-0.06322355940656078
228.9,-0.09147276780353018
229.0,-0.12381519539267913
229.10000000000002,-0.15864002474379293
229.20000000000002,-0.19343676080467095
229.3,-0.2251438529151392
229.4,-0.25058665063069907
229.5,-0.266939145823834
229.60000000000002,-0.27214072298422937
229.70000000000002,-0.2652063828165639
229.8,-0.2463854721357962
229.9,-0.2171472336228685
230.0,-0.17999781986955746
230.10000000000002,-0.13815866913354505
230.20000000000002,-0.09515638276673187
230.3,-0.05438636949258924
230.4,-0.018714743679947615
230.5,0.009824902433358991
230.60000000000002,0.030199757671568954
230.70000000000002,0.04239336809106261
230.8,0.04727534942280011
230.9,0.046354746056275986
231.0,0.041463767064126404
231.10000000000002,0.0344277020499374
231.20000000000002,0.02677644495385348
231.3,0.019543506093786592
231.4,0.013181452312667208
231.5,0.00760135702414187
231.60000000000002,0.0023217297647758076
231.70000000000002,-0.0033067323684385554
231.8,-0.009847175722521029
231.9,-0.01754464523173929
232.0,-0.02616301422316419
232.10000000000002,-0.034925018329008475
232.20000000000002,-0.042570946677925305
232.3,-0.04752999645251542
232.4,-0.048177543481833174
232.5,-0.04313516080912111
232.60000000000002,-0.03156095973707424
232.70000000000002,-0.013377389588116122
232.8,0.010607780495683644
232.9,0.03871524556453
233.0,0.0685491646648771
233.10000000000002,0.09727661207886455
233.20000000000002,0.12199356495665578
233.3,0.1401239251226109
233.4,0.14979070200392716
233.5,0.15010069924571406
233.60000000000002,0.14129570201057084
233.70000000000002,0.12474259397075796
233.8,0.10275911209398951
233.9,0.07829732192434215
234.0,0.054529376874801715
234.10000000000002,0.03439611328174583
234.20000000000002,0.020185895134645
234.3,0.013207620667747132
234.4,0.013608311626468955
234.5,0.020364176734993064
234.60000000000002,0.03144771925321265
234.70000000000002,0.04414639206663351
234.8,0.05548471636923252
234.9,0.06268540891818628
235.0,0.06359856253219714
235.10000000000002,0.05703243257890521
235.20000000000002,0.042934318625814996
235.3,0.022393165578429255
235.4,-0.0025367064922998867
235.5,-0.029163224355489948
235.60000000000002,-0.054584005477041356
235.70000000000002,-0.0761460095772679
235.8,-0.09186424061235222
235.9,-0.10073231467970147
236.0,-0.10287436107303309
236.10000000000002,-0.09951252026834562
236.20000000000002,-0.09275339890133394
236.3,-0.08522568040821055
236.4,-0.07962511857871689
236.5,-0.07823853443056791
236.60000000000002,-0.08252270704847832
236.70000000000002,-0.0928064478451526
236.8,-0.10816579161201086
236.9,-0.12649593780615756
237.0,-0.14477339700521297
237.10000000000002,-0.15947241962308029
237.20000000000002,-0.1670757627188735
237.3,-0.16460490208688489
237.4,-0.1500912158692017
237.5,-0.1229179734381395
237.60000000000002,-0.08398183514068609
237.70000000000002,-0.03564905724200301
237.8,0.018488392934446193
237.9,0.07402266493654715
238.0,0.12624814144245927
238.10000000000002,0.17071557618656627
238.20000000000002,0.20374630679032663
238.3,0.2228381654514873
238.4,0.22691211435965547
238.5,0.21637297849993237
238.60000000000002,0.19298505088123405
238.70000000000002,0.15958955528197852
238.8,0.11971202916631388
238.9,0.07712061099870361
239.0,0.03539932381714898
239.10000000000002,-0.0024063294452601213
239.20000000000002,-0.03402932001672139
239.3,-0.05808527630662928
239.4,-0.07404247712747748
239.5,-0.08208045230905298
239.60000000000002,-0.08287614847134643
239.70000000000002,-0.07736528420150417
239.8,-0.0665265545622139
239.9,-0.05122806945493953
240.0,-0.03216051690388677
240.10000000000002,-0.009862793620404096
240.20000000000002,0.015173398580154337
240.3,0.042349836892073854
240.4,0.07079937054318569
240.5,0.09925820870525044
240.60000000000002,0.1260110702835367
240.70000000000002,0.14893481532256894
240.8,0.1656484122090996
240.9,0.17375713571230747
241.0,0.17116017804163025
241.10000000000002,0.15637667154937557
241.20000000000002,0.12883804203594518
241.3,0.08909606127856179
241.4,0.0389059668248306
241.5,-0.01883884454706191
241.60000000000002,-0.08032239651995637
241.70000000000002,-0.14115110957918559
241.8,-0.1967871715473092
241.9,-0.24301507774481815
242.0,-0.2763801787920657
242.10000000000002,-0.2945414649320176
242.20000000000002,-0.2964930490929395
242.3,-0.28262793628003147
242.4,-0.25464058517343774
242.5,-0.2152877491692669
242.60000000000002,-0.16804640205241939
242.70000000000002,-0.11672012671860733
242.8,-0.06504927424689018
242.9,-0.01637510112630631
243.0,0.026604836547620067
243.10000000000002,0.061970946592929045
243.20000000000002,0.08860643118244645
243.3,0.1061316648357739
243.4,0.11477995828479069
243.5,0.11525195546648022
243.60000000000002,0.10858312312738817
243.70000000000002,0.09604870140135087
243.8,0.07911546374288553
243.9,0.05943308856105449
244.0,0.038843636822160264
244.10000000000002,0.019378926394275877
244.20000000000002,0.003214759247438115
244.3,-0.007441356960476927
244.4,-0.010537315270174829
244.5,-0.004427119590425824
244.60000000000002,0.011846065302152042
244.70000000000002,0.03828188358849001
244.8,0.07372531532637004
244.9,0.1157928881530468
245.0,0.16096197234475088
245.10000000000002,0.20483899989701607
245.20000000000002,0.2425926410897958
245.3,0.26950703174385954
245.4,0.28158383849804425
245.5,0.2761056306708271
245.60000000000002,0.2520705829982311
245.70000000000002,0.21042155290373024
245.8,0.15401990528998338
245.9,0.08735224897895479
246.0,0.01600051574906122
246.10000000000002,-0.054054584272606294
246.20000000000002,-0.11719680456348666
246.3,-0.1688898577943572
246.4,-0.20623477228836198
246.5,-0.22828137573219248
246.60000000000002,-0.23604419528944784
246.70000000000002,-0.23222038456545083
246.8,-0.22065601571245322
246.9,-0.20564884771905345
247.0,-0.1912031505599227
247.10000000000002,-0.18036033142834956
247.20000000000002,-0.1747162724331349
247.3,-0.17420441438781972
247.4,-0.17717805528751376
247.5,-0.18077390046248448
247.60000000000002,-0.1814905443446132
247.70000000000002,-0.17587875060981772
247.8,-0.16122160743035155
247.9,-0.13608518195022895
248.0,-0.1006437198676719
248.10000000000002,-0.05672355912724844
248.20000000000002,-0.007559607570768123
248.3,0.042691360965246526
248.4,0.08959414427526928
248.5,0.12912228135343962
248.60000000000002,0.15826962582563767
248.70000000000002,0.17548183131063308
248.8,0.1808363903135291
248.9,0.1759451798003714
249.0,0.16360271654201794
249.10000000000002,0.14724766489291752
249.20000000000002,0.13033671892039148
249.3,0.1157433572386014
249.4,0.10528706023975963
249.5,0.09947299048739336
249.60000000000002,0.09748280889619897
249.70000000000002,0.09741155476364916
249.8,0.0967016882838703
249.9,0.09269128855791745
250.0,0.08317489894489404
250.10000000000002,0.06687554494981288
250.20000000000002,0.04374453776541344
250.3,0.015038104435323284
250.4,-0.016839533617101037
250.5,-0.048695744270496846
250.60000000000002,-0.07704623947291006
250.70000000000002,-0.09866148600838859
250.8,-0.11106926121053778
250.9,-0.11293032919121662
251.0,-0.10422867532618753
251.10000000000002,-0.08625128095862017
251.20000000000002,-0.06136875532687204
251.3,-0.03266078069290903
251.4,-0.003453769732132742
251.5,0.023151187065759433
251.60000000000002,0.04468518836395035
251.70000000000002,0.05959391868811294
251.8,0.0673607834661123
251.9,0.06846448545089864
252.0,0.06419200525796738
252.10000000000002,0.056349363593186284
252.20000000000002,0.0469249252081574
252.3,0.03776206149148105
252.4,0.03029039957492632
252.5,0.025350001071696195
252.60000000000002,0.023124056806635405
252.70000000000002,0.023176800136297752
252.8,0.024577650036571235
252.9,0.0260823970130934
253.0,0.026338491132192464
253.10000000000002,0.024083758967265344
253.20000000000002,0.018314629571833715
253.3,0.00840900932387763
253.4,-0.005801954888479151
253.5,-0.024011682418654597
253.60000000000002,-0.04545953259282135
253.70000000000002,-0.06898823067073627
253.8,-0.09313053985854496
253.9,-0.11622003368103512
254.0,-0.13652204298307488
254.10000000000002,-0.15238054049588
254.20000000000002,-0.16237442430508794
254.3,-0.1654726967984612
254.4,-0.16117346220323142
254.5,-0.1496080076746084
254.60000000000002,-0.13159008815126327
254.70000000000002,-0.108593136995346
254.8,-0.08264496424744702
254.9,-0.056140110519832684
255.0,-0.031582955628567555
255.10000000000002,-0.011287745358617231
255.20000000000002,0.002927637323580976
255.3,0.010011433197512354
255.4,0.009869127987368108
255.5,0.003441363468820716
255.60000000000002,-0.00735195970544829
255.70000000000002,-0.019803552123884814
255.8,-0.03072868967994783
255.9,-0.03685696953916237
256.0,-0.03525598110105697
256.1,-0.023730584994582127
256.2,-0.0011434741707878919
256.3,0.03238712384036809
256.40000000000003,0.07543993711678976
256.5,0.12539991803553735
256.6,0.17870948826663346
256.7,0.23122825840197472
256.8,0.27865449073170734
256.90000000000003,0.31695558464133794
257.0,0.34275661691396747
257.1,0.3536446766148818
257.2,0.3483605372917337
257.3,0.3268655762533891
257.40000000000003,0.2902880723307712
257.5,0.24076669337751808
257.6,0.1812184311586633
257.7,0.11506269090290282
257.8,0.04593288508324637
257.90000000000003,-0.02259730541309813
258.0,-0.08725238884774905
258.1,-0.14524494978089178
258.2,-0.1944104137041407
258.3,-0.2332854005209144
258.40000000000003,-0.26113187172019786
258.5,-0.27791125092926444
258.6,-0.28421377972594447
258.7,-0.28114930818475237
258.8,-0.27020711839942385
258.90000000000003,-0.25309449460348266
259.0,-0.23156639076168706
259.1,-0.20726109357872943
259.2,-0.1815583635762394
259.3,-0.15547626937945055
259.40000000000003,-0.12962017075240087
259.5,-0.10419188968621233
259.6,-0.07905947112807347
259.7,-0.05387909744714417
259.8,-0.0282521358475574
259.90000000000003,-0.0018935777749236775
260.0,0.025215285139062744
260.1,0.05271626316537291
260.2,0.07982674653001298
260.3,0.10536707434693877
260.40000000000003,0.12786293392588904
260.5,0.14571067646382138
260.6,0.1573827155034717
260.7,0.16164290318965072
260.8,0.15773930441707423
260.90000000000003,0.1455446247140833
261.0,0.12562226341530852
261.1,0.09920725322804395
261.2,0.06810426757265542
261.3,0.034517209126907686
261.40000000000003,0.0008345553170586019
261.5,-0.03059993069449659
261.6,-0.0577010693627372
261.7,-0.07881503502624079
261.8,-0.09283350876284803
261.90000000000003,-0.09924196523717405
262.0,-0.0981052442951067
262.1,-0.09000219870171362
262.2,-0.07592665652829719
262.3,-0.05717347138511835
262.40000000000003,-0.0352261650706851
262.5,-0.011657474998487499
262.6,0.011952558175500356
262.7,0.03408281084484004
262.8,0.05332818705652454
262.90000000000003,0.06845608252259079
263.0,0.07846927054284354
263.1,0.08267795642707866
263.2,0.08077754258050245
263.3,0.07292208402396842
263.40000000000003,0.059778180825633936
263.5,0.04254164523474412
263.6,0.022900680132896485
263.7,0.0029347568334653685
263.8,-0.015052693837663977
263.90000000000003,-0.0287585924738194
264.0,-0.03614098844442495
264.1,-0.03568621483839958
264.2,-0.026646497155595656
264.3,-0.009211386488063588
264.40000000000003,0.01541855802542692
264.5,0.04507689546104774
264.6,0.07680153017095508
264.7,0.10711929003552831
264.8,0.1324172339438258
264.90000000000003,0.1493589138674798
265.0,0.1552946490520703
265.1,0.14861231290898266
265.2,0.12897991022226238
265.3,0.0974430185459005
265.40000000000003,0.05635764479679784
265.5,0.009160005802806273
265.6,-0.040003594772208655
265.7,-0.08674422602904377
265.8,-0.12693819736920106
265.90000000000003,-0.15721123835788536
266.0,-0.17533616106905392
266.1,-0.18049098586635695
266.2,-0.17334179857101423
266.3,-0.15593722588176218
266.40000000000003,-0.1314264055632937
266.5,-0.10363629321340376
266.6,-0.0765637199797804
266.7,-0.05384993184682035
266.8,-0.03830847114734023
266.90000000000003,-0.031570523979885086
267.0,-0.03389597100372381
267.1,-0.04417541154210452
267.2,-0.060121548960546126
267.3,-0.07862136678098852
267.40000000000003,-0.09619744868402218
267.5,-0.10951108676237487
267.6,-0.11583394487897633
267.7,-0.11342002689806224
267.8,-0.10172493233346036
267.90000000000003,-0.08144266050749412
268.0,-0.05435805298553107
268.1,-0.023041075544766983
268.2,0.009566842045446404
268.3,0.040608055388985716
268.40000000000003,0.06773351428489321
268.5,0.08943080820836509
268.6,0.10520531569391652
268.7,0.11558839658462258
268.8,0.12197462786247963
268.90000000000003,0.1263175868875619
269.0,0.13073617570705418
269.1,0.13709733766939955
269.2,0.14664406373936892
269.3,0.15972944216538773
269.40000000000003,0.17569964707999028
269.5,0.19294425468359613
269.6,0.20910523979861267
269.7,0.22141090340956895
269.8,0.2270818570253183
269.90000000000003,0.2237459905142314
270.0,0.2097994562919515
270.1,0.18466073705412953
270.2,0.1488828151997122
270.3,0.10411108922094725
270.40000000000003,0.052898122443641483
270.5,-0.0015932318616354866
270.6,-0.055952385356055484
270.7,-0.10689683760082419
270.8,-0.15161073947111842
270.90000000000003,-0.18800490590307944
271.0,-0.21487143948181237
271.1,-0.2319229952834816
271.2,-0.23972309713992027
271.3,-0.23952732551909545
271.40000000000003,-0.23306398339704898
271.5,-0.222286384157109
271.6,-0.20912757866241127
271.7,-0.19528331817552846
271.8,-0.18204193504329214
271.90000000000003,-0.17017223547427998
272.0,-0.15987372273751532
272.1,-0.15078821847132381
272.2,-0.14206830493196076
272.3,-0.132495530311824
272.40000000000003,-0.1206392853493458
272.5,-0.10504498949018293
272.6,-0.08443735895527558
272.7,-0.05792121703269281
272.8,-0.025159238695537402
272.90000000000003,0.013495713974964801
273.0,0.05693520950924849
273.1,0.10331407266155129
273.2,0.15016253649587233
273.3,0.1945893386898259
273.40000000000003,0.23355989858627915
273.5,0.2642203824531361
273.6,0.28422781131326763
273.7,0.2920408057068009
273.8,0.2871268661771027
273.90000000000003,0.27005092040644274
274.0,0.24242550794626805
274.1,0.20672330840377925
274.2,0.16597452344550034
274.3,0.12339109606592649
274.40000000000003,0.08197321578449103
274.5,0.04415819430646407
274.6,0.011566248571018418
274.7,-0.015117528758446994
274.8,-0.0361083741037252
274.90000000000003,-0.05234379597131148
275.0,-0.06519690211032717
275.1,-0.0761350618466003
275.2,-0.08638763171661534
275.3,-0.09668464187390051
275.40000000000003,-0.10711495668658526
275.5,-0.11712973931872449
275.6,-0.12568915871619202
275.7,-0.13152237593927407
275.8,-0.13344826753228514
275.90000000000003,-0.13069152713060375
276.0,-0.12312839975221014
276.1,-0.11140867988043783
276.2,-0.09692362548663486
276.3,-0.08161888916557479
276.40000000000003,-0.06768190227752637
276.5,-0.05715854590734147
276.6,-0.05156942162421682
276.7,-0.05159843208138702
276.8,-0.056914993057024896
276.90000000000003,-0.06616795505727593
277.0,-0.07715844342947743
277.1,-0.08716607383743008
277.2,-0.09337453262681818
277.3,-0.09332373909983521
277.40000000000003,-0.08531033456471339
277.5,-0.06866716669885556
277.6,-0.04387411881492194
277.7,-0.012483004577482602
277.8,0.0231274097937912
277.90000000000003,0.06012015333319965
278.0,0.09562534145071346
278.1,0.1271464534979218
278.2,0.1528779021259005
278.3,0.17188291618711626
278.40000000000003,0.18410853275323294
278.5,0.19024582754374467
278.6,0.19147229605817873
278.7,0.18913400841496456
278.8,0.18443394570582156
278.90000000000003,0.17818834139975484
279.0,0.1706961252992068
279.1,0.16174132536658228
279.2,0.15071980001379862
279.3,0.13685580255798072
279.40000000000003,0.1194558671249163
279.5,0.09814093762145432
279.6,0.07300374901073547
279.7,0.04465581440732905
279.8,0.014153259642091666
279.90000000000003,-0.017182084980717015
280.0,-0.04800621570428087
280.1,-0.0772057738218025
280.2,-0.1041013987397265
280.3,-0.12855212533031551
280.40000000000003,-0.15093154371873435
280.5,-0.17197357448278408
280.6,-0.1925142661098979
280.7,-0.21318010212974117
280.8,-0.23408782450383125
280.90000000000003,-0.25462249090991684
281.0,-0.27334865807116165
281.1,-0.28808619039119093
281.2,-0.296151543044893
281.3,-0.2947332882438269
281.40000000000003,-0.28134335543090033
281.5,-0.25426832432585933
281.6,-0.21294163881414435
281.7,-0.15816871006667843
281.8,-0.0921606812372474
281.90000000000003,-0.01836483405375307
282.0,0.058885682813989426
282.1,0.13484932663712487
282.2,0.20490611654814056
282.3,0.26505750621533924
282.40000000000003,0.3123204532898041
282.5,0.3449600444453154
282.6,0.3625344276584763
282.7,0.36575891120215426
282.8,0.3562267223348404
282.90000000000003,0.33604648775079626
283.0,0.3074670680066519
283.1,0.27255739021025616
283.2,0.2329934413100406
283.3,0.18998003056239213
283.40000000000003,0.14430636663527494
283.5,0.0965076024729868
283.6,0.04708445595970451
283.7,-0.0032765087712842695
283.8,-0.05353686366927407
283.90000000000003,-0.1022359074450779
284.0,-0.1475356355387492
284.1,-0.18737588324385535
284.2,-0.21971118788586852
284.3,-0.24278403039659907
284.40000000000003,-0.25538181137430077
284.5,-0.25702838378744686
284.6,-0.24807418242051854
284.7,-0.22966898916719786
284.8,-0.2036238906955407
284.90000000000003,-0.1721893707799308
285.0,-0.13779066226123196
285.1,-0.10276679785092725
285.2,-0.06915550651907763
285.3,-0.03855350255082643
285.40000000000003,-0.012063828105499835
285.5,0.00967719504181357
285.6,0.02641694498041193
285.7,0.03818056187622366
285.8,0.045176392487511506
285.90000000000003,0.04773974363983595
286.0,0.04632784907449727
286.1,0.04156167708843299
286.2,0.034293853269581745
286.3,0.025670589068869445
286.40000000000003,0.017152103250234814
286.5,0.010461878516258457
286.6,0.007449419724420349
286.7,0.009871212632609885
286.8,0.019116117108129237
286.90000000000003,0.03591966607283197
287.0,0.06012229499780585
287.1,0.0905263834831099
287.2,0.12489521969189823
287.3,0.16011505634557424
287.40000000000003,0.19251298031708314
287.5,0.21829360609739515
287.6,0.2340324535720755
287.7,0.23714855120456999
287.8,0.22627694518407598
287.90000000000003,0.20147458209209668
288.0,0.16421886818525552
288.1,0.11719289281559366
288.2,0.06388873974362619
288.3,0.008093602290637545
288.40000000000003,-0.04665383561278003
288.5,-0.09754175662815555
288.6,-0.14281296819560632
288.7,-0.18188240154393787
288.8,-0.21522217660842619
288.90000000000003,-0.24403480015005435
289.0,-0.2697753279436029
289.1,-0.2936135961247936
289.2,-0.31594202817265027
289.3,-0.33602992804954757
289.40000000000003,-0.35190185501001564
289.5,-0.36047934914267804
289.6,-0.35797846939475664
289.7,-0.3405085342949716
289.8,-0.3047785578749112
289.90000000000003,-0.24879428237163
290.0,-0.17242494516454387
290.1,-0.07773603996004216
290.2,0.030980285947150327
290.3,0.14749779202164534
290.40000000000003,0.264240207762937
290.5,0.37307790252152057
290.6,0.46622353822348495
290.7,0.5370969611252049
290.8,0.5810347214746244
290.90000000000003,0.5957449502284069
291.0,0.581449350981231
291.1,0.5407036271355762
291.2,0.47793726285195887
291.3,0.39879489175142435
291.40000000000003,0.3093878358969929
291.5,0.21557186990689234
291.6,0.12235534331597275
291.7,0.033513346206337495
291.8,-0.04855573237880656
291.90000000000003,-0.12273781272062063
292.0,-0.18892031834574358
292.1,-0.2475926303024874
292.2,-0.2994167803443555
292.3,-0.34485226470969
292.40000000000003,-0.3839009497026416
292.5,-0.416009511047382
292.6,-0.4401336101596473
292.7,-0.4549365099428871
292.8,-0.4590708301833315
292.90000000000003,-0.4514796645511111
293.0,-0.43165394846477906
293.1,-0.39979580875622456
293.2,-0.3568593962666997
293.3,-0.30446661919341517
293.40000000000003,-0.24471994201336708
293.5,-0.1799532021455788
293.6,-0.112470870439704
293.7,-0.044325012437535415
293.8,0.022831747469423135
293.90000000000003,0.08779693013474842
294.0,0.14977320487318416
294.1,0.20824784215168496
294.2,0.26283093640952976
294.3,0.3130929193085044
294.40000000000003,0.3584392558231685
294.5,0.3980497663948823
294.6,0.43089433070216554
294.7,0.4558193622796434
294.8,0.47168415609965775
294.90000000000003,0.47751616699889127
295.0,0.4726514036381617
295.1,0.4568307507382812
295.2,0.43023387747958586
295.3,0.3934468766238644
295.40000000000003,0.3473746257043328
295.5,0.2931207998658849
295.6,0.23186493718395193
295.7,0.1647656436040376
295.8,0.09291210387169076
295.90000000000003,0.017334143145346956
296.0,-0.060933173255105784
296.1,-0.14074786962035607
296.2,-0.22074950604700386
296.3,-0.29926880273290735
296.40000000000003,-0.37428668667961285
296.5,-0.44346207064184856
296.6,-0.5042344788310774
296.7,-0.5539929058200646
296.8,-0.5902890486713018
296.90000000000003,-0.6110639532615014
297.0,-0.6148539324367955
297.1,-0.6009448686549673
297.2,-0.5694529060672671
297.3,-0.5213221445787497
297.40000000000003,-0.4582436627597472
297.5,-0.3825122901524249
297.6,-0.29684575256302037
297.7,-0.20419377459931842
297.8,-0.10756225703861047
297.90000000000003,-0.00987072222280797
298.0,0.08614830093100631
298.1,0.17800909899086959
298.2,0.26350085773832976
298.3,0.34069744133109
298.40000000000003,0.40796246755903803
298.5,0.4639596073648973
298.6,0.5076718271431216
298.7,0.5384264340305787
298.8,0.5559172750677137
298.90000000000003,0.5602128883833987
299.0,0.5517406226201945
299.1,0.5312415380928577
299.2,0.4996981133279864
299.3,0.4582445327870334
299.40000000000003,0.4080754999538439
299.5,0.350372250175703
299.6,0.28626262663041424
299.7,0.2168256971309863
299.8,0.14314154088820605
299.90000000000003,0.06637558498826411
300.0,-0.012123198068817962
300.1,-0.09073728383997406
300.2,-0.16753662153320942
300.3,-0.24029801301761156
300.40000000000003,-0.3065989862020935
300.5,-0.36398244179617967
300.6,-0.41017276250760815
300.7,-0.4433110890711451
300.8,-0.4621700878339933
300.90000000000003,-0.4663087466078937
301.0,-0.4561360189416338
301.1,-0.43286727398461167
301.2,-0.3983767526904998
301.3,-0.354968813268649
301.40000000000003,-0.30510663403427174
301.5,-0.25114577425528367
301.6,-0.1951194596354003
301.7,-0.1386123980947629
301.8,-0.0827420744931998
301.90000000000003,-0.028244263512217364
302.0,0.02436256023118783
302.1,0.07457649335398087
302.2,0.12172636133132643
302.3,0.16484980242012556
302.40000000000003,0.20267139179937468
302.5,0.23369554162679526
302.6,0.25640327630403226
302.7,0.26951736454551894
302.8,0.2722819882124599
302.90000000000003,0.26469535086164564
303.0,0.24763857004493786
303.1,0.22286149153545703
303.2,0.19281275397908298
303.3,0.16033247282363036
303.40000000000003,0.12825512135958103
303.5,0.09899147254732674
303.6,0.07416707916290256
303.7,0.05438833110642991
303.8,0.039186204881839874
303.90000000000003,0.027155927185208484
304.0,0.01627377888475019
304.1,0.004337290815288115
304.2,-0.010550875384068467
304.3,-0.029546545011800433
304.40000000000003,-0.05276053315892335
304.5,-0.07915086896841418
304.6,-0.10663810772622902
304.7,-0.13242919455372876
304.8,-0.15349494467431335
304.90000000000003,-0.16711517561330524
305.0,-0.1713901161824308
305.1,-0.16562029871043707
305.2,-0.1504794872920076
305.3,-0.12794244576132852
305.40000000000003,-0.10097469006455508
305.5,-0.07303629891151588
305.6,-0.04748780204824925
305.7,-0.027006139989383414
305.8,-0.013118659663382569
305.90000000000003,-0.005942811726032976
306.0,-0.004182241591656066
306.1,-0.005383118258958677
306.2,-0.006406552294925681
306.3,-0.004032817502375842
306.40000000000003,0.004411636312292932
306.5,0.02051804733119532
306.6,0.04444745485228019
306.7,0.0748342566761762
306.8,0.10895877036614632
306.90000000000003,0.143157807061085
307.0,0.17339982654086192
307.1,0.1959227051061487
307.20000000000005,0.20782260355055004
307.3,0.2074933243514262
307.40000000000003,0.19484448550661473
307.5,0.17126805922136912
307.6,0.13936838275141844
307.70000000000005,0.1025120690198831
307.8,0.06428376798694552
307.90000000000003,0.027946340736334233
308.0,-0.004002043810591218
308.1,-0.030104231309926056
308.20000000000005,-0.05001879850107557
308.3,-0.06439744485706471
308.40000000000003,-0.07460556729395858
308.5,-0.08235281482211741
308.6,-0.0893121269491656
308.70000000000005,-0.09680130313274163
308.8,-0.10558222935755719
308.90000000000003,-0.11580403806361368
309.0,-0.12708407289554938
309.1,-0.13869143722368824
309.20000000000005,-0.14977807459033093
309.3,-0.15959559961696193
309.40000000000003,-0.16764346163049054
309.5,-0.1737134834034852
309.6,-0.1778228594757221
309.70000000000005,-0.18005626916175266
309.8,-0.18036154528528797
309.90000000000003,-0.17835708297401184
310.0,-0.173209754993195
310.1,-0.16362917830091095
310.20000000000005,-0.14800024874057466
310.3,-0.12464575284806172
310.40000000000003,-0.09218074977136359
310.5,-0.04989656239481744
310.6,0.0019002698344252407
310.70000000000005,0.06166692848611586
310.8,0.1265777822745429
310.90000000000003,0.19268106686385078
311.0,0.2552527544266288
311.1,0.30930645408182367
311.20000000000005,0.3501890927253044
311.3,0.37417446344447164
311.40000000000003,0.37896379689594417
311.5,0.3640149330525852
311.6,0.3306473111696827
311.70000000000005,0.2819043949815361
311.8,0.2221923781060255
311.90000000000003,0.15674777222516934
312.0,0.09101123336257655
312.1,0.02999691453335844
312.20000000000005,-0.022255743690867875
312.3,-0.06307656489952686
312.40000000000003,-0.09136013350585384
312.5,-0.10754809033290594
312.6,-0.11341544655852383
312.70000000000005,-0.11170464517746789
312.8,-0.10566895959189518
312.90000000000003,-0.0985939742252607
313.0,-0.09336223152443894
313.1,-0.09211333092683002
313.20000000000005,-0.09603283117113198
313.3,-0.10528190912785917
313.40000000000003,-0.11905949524670285
313.5,-0.1357724975504334
313.6,-0.15327959935284133
313.70000000000005,-0.16917054460110773
313.8,-0.1810451822073131
313.90000000000003,-0.186763296064141
314.0,-0.18464539375471736
314.1,-0.17361414015638948
314.20000000000005,-0.15327435454493193
314.3,-0.12393542721088002
314.40000000000003,-0.08658335857554901
314.5,-0.04281072256997132
314.6,0.005287521140041614
314.70000000000005,0.05524536405086576
314.8,0.10437787841120119
314.90000000000003,0.1499476393550167
315.0,0.1893379023185204
315.1,0.22022335663028245
315.20000000000005,0.24072759783810246
315.3,0.24955542101064196
315.40000000000003,0.246088228737995
315.5,0.23043262889438337
315.6,0.20341570022123537
315.70000000000005,0.16652512286125992
315.8,0.1217978261629804
315.90000000000003,0.07166625886574204
316.0,0.01877607815469022
316.1,-0.0342076665291905
316.20000000000005,-0.08478735851267678
316.3,-0.13079478412018644
316.40000000000003,-0.1705130100781842
316.5,-0.20274726601491247
316.6,-0.226839523974616
316.70000000000005,-0.2426277520550361
316.8,-0.2503571625196252
316.90000000000003,-0.2505565157155477
317.0,-0.24389702815177025
317.1,-0.23105406557929944
317.20000000000005,-0.2125920887380873
317.3,-0.1888909556824167
317.40000000000003,-0.1601266392027598
317.5,-0.1263120136994942
317.6,-0.0873943263467259
317.70000000000005,-0.043396402530071945
317.8,0.005420052273609772
317.90000000000003,0.058396987054868614
318.0,0.11435883007201593
318.1,0.17155583661428633
318.20000000000005,0.22769293180086933
318.3,0.2800532675459423
318.40000000000003,0.3257108985814493
318.5,0.361811292272825
318.6,0.38588446172233615
318.70000000000005,0.39614601438871083
318.8,0.3917385261051818
318.90000000000003,0.37287062269737997
319.0,0.3408239258297922
319.1,0.2978171166347145
319.20000000000005,0.24673900976050014
319.3,0.19078502079050863
319.40000000000003,0.13304975339251826
319.5,0.07613904186160053
319.6,0.021865186236613935
319.70000000000005,-0.02892150052159972
319.8,-0.07633222376576419
319.90000000000003,-0.12126511445482194
320.0,-0.16508117878850836
320.1,-0.20918263626369382
320.20000000000005,-0.2545650225219129
320.3,-0.30142246333509076
320.40000000000003,-0.3488800767231735
320.5,-0.3949088755810225
320.6,-0.4364495312528843
320.70000000000005,-0.4697365960476392
320.8,-0.4907801417352526
320.90000000000003,-0.49593329790427776
321.0,-0.4824570042461365
321.1,-0.44899070058503243
321.20000000000005,-0.39585045271434466
321.3,-0.32510225358095335
321.40000000000003,-0.24039366257775877
321.5,-0.14656560879711605
321.6,-0.049101528834876375
321.70000000000005,0.046502979310273765
321.8,0.135354534495208
321.90000000000003,0.21366842385307488
322.0,0.2790937165607035
322.1,0.3308139428015828
322.20000000000005,0.36941705601869074
322.3,0.39656542840974096
322.40000000000003,0.41452769003331136
322.5,0.425654295958472
322.6,0.4318847912665951
322.70000000000005,0.4343663071670865
322.8,0.43324180153334285
322.90000000000003,0.42763692856943475
323.0,0.4158414191426627
323.1,0.3956500067931392
323.20000000000005,0.36480410959787657
323.3,0.32146208426117995
323.40000000000003,0.26462437719674936
323.5,0.19444973338607807
323.6,0.11241742735463475
323.70000000000005,0.021314658218321687
323.8,-0.07494630628883683
323.90000000000003,-0.17165383043536486
324.0,-0.26372089671886934
324.1,-0.346153146124749
324.20000000000005,-0.4145049973880253
324.3,-0.4652732754832585
324.40000000000003,-0.49618865505369275
324.5,-0.5063794285325736
324.6,-0.4963974709571564
324.70000000000005,-0.4681109398149526
324.8,-0.4244808798090884
324.90000000000003,-0.36924871495702594
325.0,-0.3065682818128597
325.1,-0.2406195605698809
325.20000000000005,-0.17524169050046828
325.3,-0.11362031376000294
325.40000000000003,-0.05805886060996958
325.5,-0.009855207476610964
325.6,0.030705465124550052
325.70000000000005,0.06424315331666317
325.8,0.09207543194996232
325.90000000000003,0.11593660231223939
326.0,0.13766012567747715
326.1,0.15886638797768676
326.20000000000005,0.18069783843741258
326.3,0.20363747062361956
326.40000000000003,0.2274348826516547
326.5,0.2511482309015382
326.6,0.2732926521617721
326.70000000000005,0.29206909350180377
326.8,0.3056349059035422
326.90000000000003,0.31237142151386693
327.0,0.3111053651062538
327.1,0.3012502515253051
327.20000000000005,0.2828493080865009
327.3,0.2565200961001792
327.40000000000003,0.22331930955676266
327.5,0.18456057944741702
327.6,0.14162559057428506
327.70000000000005,0.09580784521128298
327.8,0.0482191289522064
327.90000000000003,-0.0002269495791904449
328.0,-0.048758742209596126
328.1,-0.0966398407020755
328.20000000000005,-0.14304682286883064
328.3,-0.18697123240095445
328.40000000000003,-0.22718099102013983
328.5,-0.2622631727836808
328.6,-0.29075073777864197
328.70000000000005,-0.31131454551048615
328.8,-0.32298351443723805
328.90000000000003,-0.32534456230997766
329.0,-0.3186729971133527
329.1,-0.303954281006361
329.20000000000005,-0.2827780930472896
329.3,-0.25711167058450646
329.40000000000003,-0.22898625590617408
329.5,-0.20015234324867656
329.6,-0.17177123722156892
329.70000000000005,-0.1442089421606353
329.8,-0.11698296112486806
329.90000000000003,-0.08888544602156954
330.0,-0.05827214005212662
330.1,-0.02347223427933679
330.20000000000005,0.016753392034746125
330.3,0.06279305267893191
330.40000000000003,0.11389030780288131
330.5,0.168042731162972
330.6,0.22212814297502123
330.70000000000005,0.2722517408762336
330.8,0.3142654096132795
330.90000000000003,0.3443756774120872
331.0,0.3597363475603077
331.1,0.35892022760281883
331.20000000000005,0.34218252962759343
331.3,0.3114635300466615
331.40000000000003,0.2701237191019193
331.5,0.22245250892504276
331.6,0.1730325911231382
331.70000000000005,0.1260683993611178
331.8,0.0847937206990658
331.90000000000003,0.051058947702679616
332.0,0.025165462510702365
332.1,0.005969439375813998
332.20000000000005,-0.008771464798509506
332.3,-0.021878232865649428
332.40000000000003,-0.03615653699156652
332.5,-0.05383811130349063
332.6,-0.07615639657615085
332.70000000000005,-0.10312669334509339
332.8,-0.13356007442933743
332.90000000000003,-0.1652953358555795
333.0,-0.19559319848473428
333.1,-0.2216095142809915
333.20000000000005,-0.24085436125893855
333.3,-0.25155292602746093
333.40000000000003,-0.2528493910651061
333.5,-0.24483081378625932
333.6,-0.2283863616986851
333.70000000000005,-0.20495009182599938
333.8,-0.17619597839852538
333.90000000000003,-0.1437581581821175
334.0,-0.10903704318868915
334.1,-0.07312633888795594
334.20000000000005,-0.03686326547051001
334.3,-0.000972072277789033
334.40000000000003,0.03375326809231005
334.5,0.06629186720580243
334.6,0.09532329875152694
334.70000000000005,0.11927794876597048
334.8,0.13651759379110828
334.90000000000003,0.14561889110310006
335.0,0.1457024702159488
335.1,0.13673208949956975
335.20000000000005,0.11970663921706971
335.3,0.09668387238329719
335.40000000000003,0.0706059648587811
335.5,0.04493724841500249
335.6,0.02316541173756834
335.70000000000005,0.008250319249871163
335.8,0.0021219302498970303
335.90000000000003,0.0053261878768546805
336.0,0.01689479543543524
336.1,0.03447534537211663
336.20000000000005,0.05470970360529079
336.3,0.07380038145888097
336.40000000000003,0.08816655492514906
336.5,0.09507133457770416
336.6,0.09310431933144868
336.70000000000005,0.08242842452283351
336.8,0.06474298266003926
336.90000000000003,0.04296801272002801
337.0,0.02070709270634082
337.1,0.0015881554245466725
337.20000000000005,-0.011395510867353931
337.3,-0.016422303319587127
337.40000000000003,-0.013159573410844259
337.5,-0.0028059367132717205
337.6,0.01214368893454742
337.70000000000005,0.02835996345215008
337.8,0.042275486097616104
337.90000000000003,0.05069990292189265
338.0,0.05133789247232106
338.1,0.04311689227195642
338.20000000000005,0.02627211359208735
338.3,0.0021865444057509852
338.40000000000003,-0.02696705924441822
338.5,-0.058696780857843384
338.6,-0.09066951683980055
338.70000000000005,-0.12109366267531685
338.8,-0.14892799738365461
338.90000000000003,-0.17387865424178175
339.0,-0.19619410156167788
339.1,-0.21631355499196833
339.20000000000005,-0.23445759722696408
339.3,-0.250263936584579
339.40000000000003,-0.2625631395322617
339.5,-0.26936039882874957
339.6,-0.2680458241918756
339.70000000000005,-0.2558063329375573
339.8,-0.23016719030996313
339.90000000000003,-0.1895599763993283
340.0,-0.13380285259457378
340.1,-0.06439097192598198
340.20000000000005,0.015472385129092816
340.3,0.10112616047824086
340.40000000000003,0.1869530944305856
340.5,0.267054797626304
340.6,0.3359893818097127
340.70000000000005,0.38944819820803184
340.8,0.4247587528796061
340.90000000000003,0.44113225981875237
341.0,0.4396203695261366
341.1,0.42279744418502857
341.20000000000005,0.39423246846500487
341.3,0.35784942430599315
341.40000000000003,0.3172905735751059
341.5,0.2753912845554298
341.6,0.2338496872781183
341.70000000000005,0.1931351045210711
341.8,0.15263389208137434
341.90000000000003,0.11098883685210371
342.0,0.06655643703116908
342.1,0.017890590383909378
342.20000000000005,-0.03583659804893032
342.3,-0.0945476675763712
342.40000000000003,-0.15714700311216778
342.5,-0.22158810796282405
342.6,-0.28509399891476034
342.70000000000005,-0.3444795620289513
342.8,-0.3965128999588412
342.90000000000003,-0.4382543626172474
343.0,-0.4673252474086575
343.1,-0.48207895390864497
343.20000000000005,-0.4816703246374416
343.3,-0.4660386889010673
343.40000000000003,-0.43583267784691815
343.5,-0.3923082052744158
343.6,-0.3372255263155374
343.70000000000005,-0.27275956769212234
343.8,-0.20142375228105555
343.90000000000003,-0.12599565667821241
344.0,-0.04942663069629386
344.1,0.025281092589158755
344.20000000000005,0.0952374576420435
344.3,0.15786154614582226
344.40000000000003,0.21109091954273582
344.5,0.2535696676122079
344.6,0.2847762790082368
344.70000000000005,0.30505653831431195
344.8,0.3155401891459979
344.90000000000003,0.3179408829980329
345.0,0.31426280095276543
345.1,0.30645904802868656
345.20000000000005,0.29610131510577187
345.3,0.2841234938668918
345.40000000000003,0.2706922627445204
345.5,0.2552362130895306
345.6,0.23663556889110798
345.70000000000005,0.213542642689992
345.8,0.18477535980833557
345.90000000000003,0.14970843327471534
346.0,0.10858321893579914
346.1,0.0626692929500748
346.20000000000005,0.014236589571942968
346.3,-0.0336681474619149
346.40000000000003,-0.07760947308382127
346.5,-0.11425228926834109
346.6,-0.14086713110858942
346.70000000000005,-0.1557616836170584
346.8,-0.15856028473208758
346.90000000000003,-0.15027990605577582
347.0,-0.13318772879307203
347.1,-0.11046488112305945
347.20000000000005,-0.0857355423259438
347.3,-0.06254378779895536
347.40000000000003,-0.04386789788054642
347.5,-0.031752207216830516
347.6,-0.027112141166198044
347.70000000000005,-0.029733985031063354
347.8,-0.03845410303338783
347.90000000000003,-0.05147009966858045
348.0,-0.06671501839077536
348.1,-0.08221896128461176
348.20000000000005,-0.09639124232289475
348.3,-0.10817791743260971
348.40000000000003,-0.11707921651278898
348.5,-0.12304249060406439
348.6,-0.12627215252490126
348.70000000000005,-0.1270134210022233
348.8,-0.12536858186876326
348.90000000000003,-0.12119303896939133
349.0,-0.11409662009589272
349.1,-0.10354859814494546
349.20000000000005,-0.08905887947339643
349.3,-0.07038865262921128
349.40000000000003,-0.04773571715029339
349.5,-0.021844437220787154
349.6,0.00599336565638271
349.70000000000005,0.0340559896782485
349.8,0.06041059406410548
349.90000000000003,0.08319263244675151
350.0,0.10089105965427983
350.1,0.11258189154875373
350.20000000000005,0.11806271342752442
350.3,0.11786107073209577
350.40000000000003,0.11311586729568604
350.5,0.10535719110700749
350.6,0.09623062789231274
350.70000000000005,0.0872226158931675
350.8,0.07944150488636573
350.90000000000003,0.073495221922854
351.0,0.06948396251176499
351.1,0.06710020105331582
351.20000000000005,0.06580443574301277
351.3,0.06502883210598794
351.40000000000003,0.06435597567816775
351.5,0.06362741580943912
351.6,0.06295489388375111
351.70000000000005,0.06263195597271098
351.8,0.06296935359205215
351.90000000000003,0.06409824620732958
352.0,0.06579579603974448
352.1,0.06738553033115749
352.20000000000005,0.06774992191125866
352.3,0.06546797483852672
352.40000000000003,0.05906145793033797
352.5,0.04730624283342049
352.6,0.029546194853291463
352.70000000000005,0.005940858395859717
352.8,-0.02241325599163199
352.90000000000003,-0.05352582919499073
353.0,-0.08472683227249854
353.1,-0.11302345737293695
353.20000000000005,-0.13554131937955355
353.3,-0.1499716185397912
353.40000000000003,-0.1549413922646742
353.5,-0.15023602233066138
353.6,-0.13682978090178702
353.70000000000005,-0.11671629307706535
353.8,-0.09256919268952528
353.90000000000003,-0.06729617250676216
354.0,-0.043570306735514805
354.1,-0.023426610858562822
354.20000000000005,-0.007998324624346577
354.3,0.0025610116381542744
354.40000000000003,0.008961242350076913
354.5,0.012495770285091409
354.6,0.014661639302899689
354.70000000000005,0.01676244176602437
354.8,0.019579244158739934
354.90000000000003,0.02317932150827663
355.0,0.026902608482297162
355.1,0.029527627465910415
355.20000000000005,0.029580187600925945
355.3,0.0257173919766106
355.40000000000003,0.01710288125010979
355.5,0.003690283562516005
355.6,-0.013649637613802211
355.70000000000005,-0.03319045994190178
355.8,-0.052593347812605794
355.90000000000003,-0.0692871870614321
356.0,-0.08091177574211891
356.1,-0.085736399617492
356.20000000000005,-0.08297030302017967
356.3,-0.07290292829289864
356.40000000000003,-0.05684592929825632
356.5,-0.0368888043029501
356.6,-0.015517300878375384
356.70000000000005,0.004829178337189596
356.8,0.022173647319576096
356.90000000000003,0.035310305290566155
357.0,0.043948482912931706
357.1,0.04866907387028786
357.20000000000005,0.050709804760370625
357.3,0.05163076246126513
357.40000000000003,0.05293536212366778
357.5,0.05572948753245875
357.6,0.0604913947837479
357.70000000000005,0.06699941043875553
357.8,0.07442900849401168
357.90000000000003,0.0815931404726267
358.0,0.08726782420956666
358.1,0.09052584021007484
358.20000000000005,0.09099911915559979
358.3,0.08900562418052739
358.40000000000003,0.08550610405038332
358.5,0.0818938011784438
358.6,0.07965803413830258
358.70000000000005,0.07999241666231241
358.8,0.0834337977703091
358.90000000000003,0.08961526381679262
359.0,0.09719593527614317
359.1,0.10399576313678968
359.20000000000005,0.10732198172761856
359.3,0.10443375845359167
359.40000000000003,0.09306116734111605
359.5,0.07188028892175122
359.6,0.040851182274571914
359.70000000000005,0.0013489870872346226
359.8,-0.04394395907433351
359.90000000000003,-0.09137267836411907
360.0,-0.13681596091165033
360.1,-0.1762775372715497
360.20000000000005,-0.20645921533030975
360.3,-0.22521701187983945
360.40000000000003,-0.2318237906170976
360.5,-0.2269984810843908
360.6,-0.21270529765057472
360.70000000000005,-0.19176796917331068
360.8,-0.16737578622483718
360.90000000000003,-0.14257433232266012
361.0,-0.11983140943601588
361.1,-0.1007489619095517
361.20000000000005,-0.08595927023990549
361.3,-0.07520531928431441
361.40000000000003,-0.06756902768692917
361.5,-0.06178427279962362
361.6,-0.05655951374910067
361.70000000000005,-0.05083927610479407
361.8,-0.04395325463975905
361.90000000000003,-0.035631615785762814
362.0,-0.025898439587121947
362.1,-0.014884701409162275
362.20000000000005,-0.0026212766321537886
362.3,0.01112300347289427
362.40000000000003,0.026904181247764718
362.5,0.04553688815842578
362.6,0.06790083692720071
362.70000000000005,0.09465468030895118
362.8,0.1259180606521248
362.90000000000003,0.16099645024244155
363.0,0.19822126407014137
363.1,0.23495958190312907
363.20000000000005,0.2678168814722449
363.3,0.2930184327736241
363.40000000000003,0.3069179496735431
363.5,0.30655327775319774
363.6,0.29015435023016384
363.70000000000005,0.25751166508687745
363.8,0.21013400556951134
363.90000000000003,0.15115850294040167
364.0,0.08501814574015087
364.1,0.016913678208106266
364.20000000000005,-0.047829292347445394
364.3,-0.10441752616649046
364.40000000000003,-0.1491594440353059
364.5,-0.17986038277429162
364.6,-0.1959886964887948
364.70000000000005,-0.19859746467376443
364.8,-0.19002787915833752
364.90000000000003,-0.17345556729245518
365.0,-0.15236395492541063
365.1,-0.13003556113904613
365.20000000000005,-0.10914226563141537
365.3,-0.09149167321543107
365.40000000000003,-0.07795385666907793
365.5,-0.06855762145300605
365.6,-0.06271480156249754
365.70000000000005,-0.059510609614071674
365.8,-0.05799116475893957
365.90000000000003,-0.05738665297972288
366.0,-0.05722796075859897
366.1,-0.05734159876641017
366.20000000000005,-0.05773649793305427
366.3,-0.0584208714494256
366.40000000000003,-0.059202879793516
366.5,-0.05953236627859433
366.6,-0.05843199046510868
366.70000000000005,-0.05454672348687028
366.8,-0.046314961950389935
366.90000000000003,-0.032237721633391364
367.0,-0.011199864986359762
367.1,0.017216453348271356
367.20000000000005,0.05248828449593978
367.3,0.09303095630221897
367.40000000000003,0.13623274495666932
367.5,0.17865217018409932
367.6,0.21635731526042282
367.70000000000005,0.24536231640247438
367.8,0.26209952667984854
367.90000000000003,0.2638596075533005
368.0,0.2491367765553029
368.1,0.2178314789285557
368.20000000000005,0.1712849823517736
368.3,0.11214582757485346
368.40000000000003,0.04409235761346261
368.5,-0.02854522595145496
368.6,-0.10120850239451636
368.70000000000005,-0.16952327882266702
368.8,-0.22965074035442717
368.90000000000003,-0.2785410806077263
369.0,-0.31407151380950693
369.1,-0.335069595659147
369.20000000000005,-0.34123949313711793
369.3,-0.3330206987703913
369.40000000000003,-0.3114141890594396
369.5,-0.27780990618755563
369.6,-0.23384258581401127
369.70000000000005,-0.18129216085559027
369.8,-0.12203256380712209
369.90000000000003,-0.05802113022591888
370.0,0.008687963664049222
370.1,0.0759273180414715
370.20000000000005,0.14141779890771897
370.3,0.20280399205724717
370.40000000000003,0.25773163881659866
370.5,0.30396528431622055
370.6,0.33953473945508084
370.70000000000005,0.3628912633923817
370.8,0.3730500151955519
370.90000000000003,0.3696951096590246
371.0,0.3532276444323604
371.1,0.3247447334195043
371.20000000000005,0.285947667008228
371.3,0.23898819023109227
371.40000000000003,0.1862717521963611
371.5,0.13024376091179526
371.6,0.07318809147877184
371.70000000000005,0.01706566106551608
371.8,-0.03658514466315123
371.90000000000003,-0.08667421832712262
372.0,-0.13251178746906292
372.1,-0.1736993966041462
372.20000000000005,-0.20998317693127452
372.3,-0.24109985918541615
372.40000000000003,-0.2666480173841086
372.5,-0.28601338239875324
372.6,-0.2983680605794431
372.70000000000005,-0.3027504136603811
372.8,-0.2982172754579
372.90000000000003,-0.28404565457921227
373.0,-0.25994971888085433
373.1,-0.22627289553847146
373.20000000000005,-0.18411574700278724
373.3,-0.13536816978413632
373.40000000000003,-0.08262843899708386
373.5,-0.029009574292601373
373.6,0.022147505528788598
373.70000000000005,0.06761781734901015
373.8,0.10464543665395995
373.90000000000003,0.1312542396967718
374.0,0.1464691332499764
374.1,0.15041319733941858
374.20000000000005,0.14426481177827363
374.3,0.13008049447000888
374.40000000000003,0.11051015308463474
374.5,0.08844808865915527
374.6,0.06667245266759726
374.70000000000005,0.04752628544445176
374.8,0.03268469800256365
374.90000000000003,0.02303678868446864
375.0,0.018690464786697822
375.1,0.019087244915492435
375.20000000000005,0.023196240676893333
375.3,0.029745115460309474
375.40000000000003,0.03744288930456913
375.5,0.04515534069052294
375.6,0.05200705657090869
375.70000000000005,0.05740204614814843
375.8,0.06097350598471205
375.90000000000003,0.0624888965258957
376.0,0.06174569441520315
376.1,0.05849406488388122
376.20000000000005,0.05241502915244866
376.3,0.043168064384186716
376.40000000000003,0.030503563728490186
376.5,0.014417203846485732
376.6,-0.004690880415026108
376.70000000000005,-0.025895775245913362
376.8,-0.047707067832457525
376.90000000000003,-0.06813610459879757
377.0,-0.08487977568418913
377.1,-0.09560572355076417
377.20000000000005,-0.09830101628086407
377.3,-0.09162895959187298
377.40000000000003,-0.07523069441803784
377.5,-0.04991174163365842
377.6,-0.017668770764585225
377.70000000000005,0.01846359387414352
377.8,0.05473623717045041
377.90000000000003,0.08713963722850086
378.0,0.1119243700839048
378.1,0.12610937725358942
378.20000000000005,0.12789794835503904
378.3,0.11693372691096775
378.40000000000003,0.09435334933249062
378.5,0.06262458184847143
378.6,0.025193536534571674
378.70000000000005,-0.014004283566802007
378.8,-0.051092181562226
378.90000000000003,-0.0827734776312976
379.0,-0.10674471283638386
379.1,-0.1219386124788652
379.20000000000005,-0.1285636309817939
379.3,-0.12794112849463193
379.40000000000003,-0.12217467499346614
379.5,-0.11371289383425949
379.6,-0.10488312559318648
379.70000000000005,-0.09747551053291825
379.8,-0.09244577421072737
379.90000000000003,-0.08978236664047279
380.0,-0.08855389081584358
380.1,-0.08712133093273121
380.20000000000005,-0.08347197081280264
380.3,-0.07561275761408354
380.40000000000003,-0.061953248412599325
380.5,-0.041613076656796054
380.6,-0.014604765099667311
380.70000000000005,0.01813354963198187
380.8,0.05485383897023997
380.90000000000003,0.09323522326245405
381.0,0.13069575982649306
381.1,0.1647221968634603
381.20000000000005,0.1931613471819558
381.3,0.21442725827154335
381.40000000000003,0.22759661435711023
381.5,0.23238714801057447
381.6,0.2290360127245099
381.70000000000005,0.21811301161388552
381.8,0.20031414143777507
381.90000000000003,0.17628239180360727
382.0,0.14649513586352608
382.1,0.11124240793223412
382.20000000000005,0.07070083508406073
382.3,0.025087664019082665
382.40000000000003,-0.02513804196591829
382.5,-0.07907120784143025
382.6,-0.13520082652211018
382.70000000000005,-0.19133597501705876
382.8,-0.24464606276758158
382.90000000000003,-0.2918247728712965
383.0,-0.32936605136217056
383.1,-0.35392067962351403
383.20000000000005,-0.3626867449294971
383.3,-0.353779235554404
383.40000000000003,-0.32652438017796753
383.5,-0.2816332003934246
383.6,-0.22122467941495658
383.70000000000005,-0.14868950018202107
383.8,-0.06840731676806179
383.90000000000003,0.014649337324418029
384.0,0.095376117382324
384.1,0.16900628530425654
384.20000000000005,0.23153172274281272
384.3,0.2800265910697492
384.40000000000003,0.3128390618951546
384.5,0.32963517166662093
384.6,0.3312988735056069
384.70000000000005,0.31971080079377495
384.8,0.29744251180518594
384.90000000000003,0.2674111941052587
385.0,0.23254112187390016
385.1,0.19547282966354768
385.20000000000005,0.15835025637395056
385.3,0.12270205243852779
385.40000000000003,0.08941826101072681
385.5,0.05881009273123313
385.6,0.030730508733313438
385.70000000000005,0.004728071754791189
385.8,-0.01979362316850509
385.90000000000003,-0.043434230177756494
386.0,-0.0666883199420973
386.1,-0.08987706548986367
386.20000000000005,-0.11311802118707724
386.3,-0.13632463484053825
386.40000000000003,-0.1592238850156036
386.5,-0.18138067467812102
386.6,-0.2022208472897444
386.70000000000005,-0.22104977715844426
386.8,-0.2370688949709262
386.90000000000003,-0.24939668542559093
387.0,-0.25710240966652775
387.1,-0.259259452092872
387.20000000000005,-0.25502093407719373
387.3,-0.2437139994578144
387.40000000000003,-0.22494245192233947
387.5,-0.19868195082138274
387.6,-0.16534933550756967
387.70000000000005,-0.12582889887670468
387.8,-0.08144379720382151
387.90000000000003,-0.03386955574440876
388.0,0.015002755169811576
388.1,0.06323577476051896
388.20000000000005,0.10902188126560211
388.3,0.15083707542065536
388.40000000000003,0.187546147366986
388.5,0.2184405318337252
388.6,0.24320266158535986
388.70000000000005,0.2618052230299801
388.8,0.2743676101542038
388.90000000000003,0.2810020872262776
389.0,0.2816862674039447
389.1,0.27619514496474085
389.20000000000005,0.2641151904073551
389.3,0.2449465785941346
389.40000000000003,0.21828043109748402
389.5,0.18401977120258586
389.6,0.14259954987051413
389.70000000000005,0.09515574057800466
389.8,0.04359787189202573
389.90000000000003,-0.00944661314016451
390.0,-0.06082613212692604
390.1,-0.10718123300926152
390.20000000000005,-0.14534287134256926
390.3,-0.17275298029915778
390.40000000000003,-0.18783808398945437
390.5,-0.19026930635258912
390.6,-0.18105711531677937
390.70000000000005,-0.16245441472034966
390.8,-0.137673000326326
390.90000000000003,-0.11045043273039741
391.0,-0.08453120600678288
391.1,-0.063142622339653
391.20000000000005,-0.048548688654909564
391.3,-0.04175374050873235
391.40000000000003,-0.04240315604973162
391.5,-0.0488956349665435
391.6,-0.0586859277181732
391.70000000000005,-0.06872503123461347
391.8,-0.07596250872925851
391.90000000000003,-0.07782679314367794
392.0,-0.07260561883103114
392.1,-0.059668783530898335
392.20000000000005,-0.03950536855294256
392.3,-0.013581589384164872
392.40000000000003,0.015942872480958437
392.5,0.04657885045846452
392.6,0.0758800185544879
392.70000000000005,0.10175517670255912
392.8,0.12266893894277711
392.90000000000003,0.13770562544240197
393.0,0.14650147212398112
393.1,0.14907823745678753
393.20000000000005,0.14563115428304507
393.3,0.13633191497930938
393.40000000000003,0.12120150161804318
393.5,0.10008953628188179
393.6,0.07277035784746316
393.70000000000005,0.03913692401867479
393.8,-0.0005518210025339952
393.90000000000003,-0.04543070213413453
394.0,-0.09385907618950416
394.1,-0.14337580645086206
394.20000000000005,-0.19080887531684243
394.3,-0.23253962515869647
394.40000000000003,-0.2648896503548653
394.5,-0.28457143929160883
394.6,-0.28912765971463084
394.70000000000005,-0.27728209339497495
394.8,-0.24913841092926015
394.90000000000003,-0.2061889471909441
395.0,-0.15112948445493363
395.1,-0.08751120452269087
395.20000000000005,-0.019290511546446565
395.3,0.049644526768185995
395.40000000000003,0.11588946225083097
395.5,0.17681169099065058
395.6,0.2306689935392754
395.70000000000005,0.2765500287387263
395.8,0.3141639682171977
395.90000000000003,0.3435361821354826
396.0,0.3646848174655161
396.1,0.37735563008948947
396.20000000000005,0.380879012992485
396.3,0.3741864866501687
396.40000000000003,0.35598935060733544
396.5,0.32508671892361307
396.6,0.28074097558187083
396.70000000000005,0.22304175859961728
396.8,0.15317844980019013
396.90000000000003,0.07355619660469004
397.0,-0.012281128553280764
397.1,-0.09992144163866594
397.20000000000005,-0.18451195426296493
397.3,-0.2612768591245817
397.40000000000003,-0.32604056544700966
397.5,-0.3756700657061507
397.6,-0.4083645814670615
397.70000000000005,-0.4237486761412069
397.8,-0.4227610207003314
397.90000000000003,-0.4073679168730743
398.0,-0.38016136626603114
398.1,-0.34392007054270396
398.20000000000005,-0.3012148545876123
398.3,-0.2541273171310071
398.40000000000003,-0.20412484882699639
398.5,-0.15210185426309172
398.6,-0.09856283277348547
398.70000000000005,-0.04389472816336124
398.8,0.01134084331025646
398.90000000000003,0.06616711524098956
399.0,0.11906260196612954
399.1,0.16797722505167179
399.20000000000005,0.21049779408457447
399.3,0.24413502008654664
399.40000000000003,0.26667876021728393
399.5,0.2765537347263916
399.6,0.27310722311793045
399.70000000000005,0.2567731187162908
399.8,0.22908034397302554
399.90000000000003,0.19250304620158568
400.0,0.1501791986172773
400.1,0.10554741367838977
400.20000000000005,0.061964499224517675
400.3,0.022366366528195326
400.40000000000003,-0.010977210126218518
400.5,-0.03658483966707397
400.6,-0.05375947264062614
400.70000000000005,-0.062479581513542604
400.8,-0.06322568475416757
400.90000000000003,-0.0567910753174045
401.0,-0.0441230058302342
401.1,-0.02622763128756715
401.20000000000005,-0.004151939644186555
401.3,0.020966567154550496
401.40000000000003,0.0478113575039865
401.5,0.07480079318110439
401.6,0.10004789942534481
401.70000000000005,0.1214006538451326
401.8,0.13657960556275142
401.90000000000003,0.14340643260073935
402.0,0.14009351985930837
402.1,0.12554599692445054
402.20000000000005,0.09961820468667537
402.3,0.06326872531744909
402.40000000000003,0.0185720087084816
402.5,-0.03143206190274773
402.6,-0.08304090025545457
402.70000000000005,-0.1323063715690019
402.8,-0.17550618567473325
402.90000000000003,-0.2095972588356603
403.0,-0.2325794299703362
403.1,-0.24371139780174103
403.20000000000005,-0.24354469259073008
403.3,-0.23377156965577614
403.40000000000003,-0.21691343779384262
403.5,-0.1959022647876156
403.6,-0.17362376863719545
403.70000000000005,-0.15249537465410212
403.8,-0.1341434745094071
403.90000000000003,-0.11922537578913402
404.0,-0.10741529473306749
404.1,-0.09754575515615105
404.20000000000005,-0.08787089302370438
404.3,-0.07640068699522001
404.40000000000003,-0.06124770636523456
404.5,-0.040931233160585535
404.6,-0.014596179648533852
404.70000000000005,0.017876965799051965
404.8,0.05587389317570842
404.90000000000003,0.09814353449761744
405.0,0.142960290763749
405.1,0.18831499658765802
405.20000000000005,0.23209983253830357
405.3,0.2722607425716416
405.40000000000003,0.3069034853552949
405.5,0.33435307697418215
405.6,0.3531779339726292
405.70000000000005,0.36219706285750575
405.8,0.3604899068949493
405.90000000000003,0.3474240792752702
406.0,0.3227075919891125
406.1,0.2864616497781425
406.20000000000005,0.23930029183218213
406.3,0.18239655222761159
406.40000000000003,0.11751301410870453
406.5,0.04697817184541325
406.6,-0.026401796433953188
406.70000000000005,-0.09949511874133743
406.8,-0.16904793484159683
406.90000000000003,-0.2319169076725655
407.0,-0.2853026557530374
407.1,-0.32695482545178306
407.20000000000005,-0.3553239235699244
407.3,-0.3696435846703174
407.40000000000003,-0.36993797628403896
407.5,-0.35696033982813874
407.6,-0.33207806370354787
407.70000000000005,-0.29712552115040974
407.8,-0.2542473331290405
407.90000000000003,-0.20575184634869567
408.0,-0.15398844081568866
408.1,-0.10125441307653492
408.20000000000005,-0.04972947261459761
408.3,-0.0014300150833485106
408.40000000000003,0.04182755958887997
408.5,0.0784647436492217
408.6,0.10718685704234399
408.70000000000005,0.12703851389355528
408.8,0.1374643265351437
408.90000000000003,0.13836578990086443
409.0,0.1301427090925194
409.1,0.11370773289408966
409.20000000000005,0.09046545471029847
409.3,0.06225243216259027
409.40000000000003,0.0312402193548318
409.5,-0.00019117683593921448
409.6,-0.029598219883110777
409.70000000000005,-0.05462437238900391
409.8,-0.0731441878368272
409.90000000000003,-0.08339148913383145
410.0,-0.08406566061223396
410.1,-0.07441344749617466
410.20000000000005,-0.05428594031066257
410.3,-0.024171060879541073
410.40000000000003,0.014799146088887829
410.5,0.060869209984593886
410.6,0.11171389085782953
410.70000000000005,0.16453083515456626
410.8,0.2161771913266985
410.90000000000003,0.2633513452389715
411.0,0.302814529375388
411.1,0.33163892990002874
411.20000000000005,0.3474605973836268
411.3,0.3487088692743721
411.40000000000003,0.33478101514699027
411.5,0.3061328315325745
411.6,0.2642635049726349
411.70000000000005,0.21158571169268056
411.8,0.15118800895628556
411.90000000000003,0.08651358384889862
412.0,0.020994371271353195
412.1,-0.042310480984295414
412.20000000000005,-0.10102009962521834
412.3,-0.1536352663656811
412.40000000000003,-0.19960731252905067
412.5,-0.23926005916400805
412.6,-0.27357542357943276
412.70000000000005,-0.3038757806466739
412.8,-0.3314541190682567
412.90000000000003,-0.35721318716729816
413.0,-0.3813751283294563
413.1,-0.40331315684190316
413.20000000000005,-0.4215379860344385
413.3,-0.43384693751370823
413.40000000000003,-0.4376169756326401
413.5,-0.4301987766209337
413.6,-0.40935144448248456
413.70000000000005,-0.3736496321886904
413.8,-0.3227980107613396
413.90000000000003,-0.2578017829115353
414.0,-0.18096401086916777
414.1,-0.09570727579980991
414.20000000000005,-0.006244203296331168
414.3,0.0828557323721757
414.40000000000003,0.16714063422745173
414.5,0.2427243736226515
414.6,0.3066467949308929
414.70000000000005,0.3570993865153704
414.8,0.3934918332735885
414.90000000000003,0.4163598241095273
415.0,0.4271383104886497
415.1,0.42784330654333813
415.20000000000005,0.4207164538923563
415.3,0.4078885085973109
415.40000000000003,0.3911107851638443
415.5,0.3715890410657905
415.6,0.3499350801266445
415.70000000000005,0.3262309006220976
415.8,0.3001819544680119
415.90000000000003,0.27132291823701965
416.0,0.23923321242000642
416.1,0.20372099090670537
416.20000000000005,0.16494280497169425
416.3,0.12343984405790238
416.40000000000003,0.08008800954053831
416.5,0.03597520578275632
416.6,-0.00776758422272648
416.70000000000005,-0.050146758751231785
416.8,-0.09046158756719638
416.90000000000003,-0.12840284277786568
417.0,-0.1640728461814557
417.1,-0.19791916776026042
417.20000000000005,-0.2305896408437639
417.3,-0.2627307494899699
417.40000000000003,-0.29476247325772914
417.5,-0.32666855974571124
417.6,-0.35784094093797375
417.70000000000005,-0.3870105434730503
417.8,-0.4122849184738228
417.90000000000003,-0.43129758609526897
418.0,-0.44145697261868344
418.1,-0.4402667913995895
418.20000000000005,-0.4256770763192602
418.3,-0.3964177914868551
418.40000000000003,-0.3522662848186195
418.5,-0.2942061980120335
418.6,-0.22444818401108252
418.70000000000005,-0.14630037738884266
418.8,-0.06389672253424994
418.90000000000003,0.018188764546277162
419.0,0.09539679103006572
419.1,0.16365027422986247
419.20000000000005,0.21977423812726415
419.3,0.2618122259612559
419.40000000000003,0.28919574029622636
419.5,0.302742175319013
419.6,0.3044797230422323
419.70000000000005,0.29732163354219504
419.8,0.2846335521466708
419.90000000000003,0.26975325522430227
420.0,0.25552951238053606
420.1,0.24394470847799907
420.20000000000005,0.23587433908829522
420.3,0.23101704386860622
420.40000000000003,0.22800419867824498
420.5,0.22467183896431658
420.6,0.21845374797557954
420.70000000000005,0.20683655221669187
420.8,0.18780841307133048
420.90000000000003,0.16023387525873686
421.0,0.12409855800474291
421.1,0.0805870089602693
421.20000000000005,0.0319822045063764
421.3,-0.018597985573136484
421.40000000000003,-0.06758768084859536
421.5,-0.11142538286558623
421.6,-0.14700489109719936
421.70000000000005,-0.17205896416974678
421.8,-0.1854212315512653
421.90000000000003,-0.18713134427747447
422.0,-0.17837287625199885
422.1,-0.1612591181984299
422.20000000000005,-0.13850457955248457
422.3,-0.11303618898978517
422.40000000000003,-0.08760541387388872
422.5,-0.06445983277997946
422.6,-0.0451207424823552
422.70000000000005,-0.030294304084050795
422.8,-0.019920799788816366
422.90000000000003,-0.013343625007517368
423.0,-0.009560460439392153
423.1,-0.007506753024740778
423.20000000000005,-0.006318096889211887
423.3,-0.005523774626978454
423.40000000000003,-0.005137486766643827
423.5,-0.005630716863576017
423.6,-0.007795886037710413
423.70000000000005,-0.012526724789410136
423.8,-0.020558677133498873
423.90000000000003,-0.03222003289846917
424.0,-0.04724350303715593
424.1,-0.06467823861857597
424.20000000000005,-0.08292543573832738
424.3,-0.09989945318711023
424.40000000000003,-0.11329432656727625
424.5,-0.12091638625022853
424.6,-0.12103063361278843
424.70000000000005,-0.1126638851293533
424.8,-0.09581239173944052
424.90000000000003,-0.07151510317093998
425.0,-0.04177396155268152
425.1,-0.009326439067636978
425.20000000000005,0.022700789633351866
425.3,0.05120843571747231
425.40000000000003,0.07355032645025186
425.5,0.08790398814113047
425.6,0.09352865960939749
425.70000000000005,0.09086933279025021
425.8,0.08148823791326841
425.90000000000003,0.06783135042799535
426.0,0.0528629489336548
426.1,0.03962199728178873
426.20000000000005,0.030766836703316085
426.3,0.028177243528999814
426.40000000000003,0.03267478534492036
426.5,0.043904715902956144
426.6,0.06039802936327468
426.70000000000005,0.0798045155604043
426.8,0.09926103541637611
426.90000000000003,0.11583795896158143
427.0,0.1269941781445731
427.1,0.13096938624760632
427.20000000000005,0.1270517882284086
427.3,0.11567869232794661
427.40000000000003,0.09835358821059545
427.5,0.07739227916361195
427.6,0.05553785836233058
427.70000000000005,0.035505485223557176
427.8,0.019529628250925714
427.90000000000003,0.008986761756088358
428.0,0.004155286540835364
428.1,0.004153362796759076
428.20000000000005,0.007067641033449856
428.3,0.010255863474633592
428.40000000000003,0.010778682580277053
428.5,0.0058951505411667235
428.6,-0.006454522178835964
428.70000000000005,-0.027254421181779592
428.8,-0.056169483769080986
428.90000000000003,-0.09149370361814793
429.0,-0.13030188865152723
429.1,-0.1687863458878665
429.20000000000005,-0.20273214079639731
429.3,-0.2280638856146573
429.40000000000003,-0.24138646073622963
429.5,-0.24044318045574567
429.6,-0.2244273807001672
429.70000000000005,-0.19410519015617594
429.8,-0.15173490573319245
429.90000000000003,-0.10079764531812714
430.0,-0.04558035192177659
430.1,0.009328135531943253
430.20000000000005,0.0595571262720015
430.3,0.10142009254911633
430.40000000000003,0.13226750879817897
430.5,0.15068665399485393
430.6,0.15653283343138222
430.70000000000005,0.15080189226142662
430.8,0.135376434837331
430.90000000000003,0.11269444514305185
431.0,0.08539674472600349
431.1,0.056008082282332325
431.20000000000005,0.026696310957927925
431.3,-0.0008628584492328451
431.40000000000003,-0.02550856209910359
431.5,-0.046518492319054375
431.6,-0.06346420276194295
431.70000000000005,-0.07603938306226007
431.8,-0.08390531406870742
431.90000000000003,-0.08659229596430137
432.0,-0.0834832588777725
432.1,-0.07388831959397248
432.20000000000005,-0.05719985609642824
432.3,-0.033100144748129334
432.40000000000003,-0.0017808767971654524
432.5,0.03587172668706505
432.6,0.07816981452575512
432.70000000000005,0.12262776121856
432.8,0.16609287326087777
432.90000000000003,0.20499815775736505
433.0,0.23571145461971788
433.1,0.25493761209616034
433.20000000000005,0.26011909260320887
433.3,0.24977747928565852
433.40000000000003,0.22374451004133833
433.5,0.18324570192430034
433.6,0.1308201706505653
433.70000000000005,0.07008368423682225
433.8,0.005364587862333691
433.90000000000003,-0.058739626252566395
434.0,-0.11782656472399754
434.1,-0.1681137572319156
434.20000000000005,-0.20677137535332016
434.3,-0.23212560071940425
434.40000000000003,-0.24371603111381823
434.5,-0.24221279487592948
434.6,-0.22921918897696086
434.70000000000005,-0.2070003133103378
434.8,-0.1781850253214672
434.90000000000003,-0.1454867192905044
435.0,-0.11147868627486361
435.1,-0.07844434566295652
435.20000000000005,-0.04830472084411125
435.3,-0.022608851743927634
435.40000000000003,-0.0025608010048945506
435.5,0.010948037910632608
435.6,0.017329503348254373
435.70000000000005,0.01632979554156102
435.8,0.008103338391060085
435.90000000000003,-0.006685583697350729
436.0,-0.026763115730141514
436.1,-0.05018645972757474
436.20000000000005,-0.07436334249184186
436.3,-0.09617939334925119
436.40000000000003,-0.11224460298821948
436.5,-0.11924660440502047
436.6,-0.11437389704468277
436.70000000000005,-0.09575129625375174
436.8,-0.06281748190526482
436.90000000000003,-0.01657392555116202
437.0,0.040352945305271726
437.1,0.10386980664831787
437.20000000000005,0.16879486879464128
437.3,0.22942024705865413
437.40000000000003,0.2801883686684826
437.5,0.3163883952275955
437.6,0.3347688271847959
437.70000000000005,0.3339696082011297
437.8,0.3147009185590234
437.90000000000003,0.2796331836426267
438.0,0.23300780863649265
438.1,0.18002334198864522
438.20000000000005,0.12608937746482857
438.3,0.07606377870355735
438.40000000000003,0.03359329383062262
438.5,0.0006620310938892197
438.6,-0.022581205352572128
438.70000000000005,-0.03769166507888345
438.8,-0.04751913490828784
438.90000000000003,-0.05559256461503102
439.0,-0.06540590529074536
439.1,-0.07972865358516057
439.20000000000005,-0.10005977676626852
439.3,-0.12631835168165692
439.40000000000003,-0.15682273552008802
439.5,-0.18855963720286162
439.6,-0.21769392998613074
439.70000000000005,-0.24022833155252318
439.8,-0.2526965146760785
439.90000000000003,-0.252768259953507
440.0,-0.23966170195235
440.1,-0.21429251241726738
440.20000000000005,-0.1791367055617899
440.3,-0.13783421981834218
440.40000000000003,-0.09460551705291831
440.5,-0.05358517335953998
440.6,-0.018189315719530384
440.70000000000005,0.009374269778053753
440.8,0.02837174475378093
440.90000000000003,0.03954417177383725
441.0,0.04485112078508121
441.1,0.04700969972274925
441.20000000000005,0.048916933128327164
441.3,0.05306215527679561
441.40000000000003,0.061035389906425236
441.5,0.07321809332695588
441.6,0.08870807143211754
441.70000000000005,0.10548738172907782
441.8,0.12079849870750112
441.90000000000003,0.13165775048640574
442.0,0.13541230749769734
442.1,0.13024148883481756
442.20000000000005,0.11551531694022002
442.3,0.0919503780494362
442.40000000000003,0.061539825827373267
442.5,0.027273951401847397
442.6,-0.007296956360057115
442.70000000000005,-0.03858076285920178
442.8,-0.06345525118551763
442.90000000000003,-0.0796908856967418
443.0,-0.08622065366907636
443.1,-0.08322166741393774
443.20000000000005,-0.07200619811884243
443.3,-0.05475119388008077
443.40000000000003,-0.034119767016721085
443.5,-0.012841859088286658
443.6,0.006677292936753206
443.70000000000005,0.022662452563191483
443.8,0.03414807568320532
443.90000000000003,0.041016909221635145
444.0,0.043906109729221064
444.1,0.04400962968324013
444.20000000000005,0.04281872280611863
444.3,0.04184702616388367
444.40000000000003,0.04238303448570354
444.5,0.04530262654071339
444.6,0.05096035807233752
444.70000000000005,0.059163564568162026
444.8,0.06922067271300372
444.90000000000003,0.08004642360413793
445.0,0.09030276518672573
445.1,0.09855463990272506
445.20000000000005,0.10342353891855098
445.3,0.10372679395680834
445.40000000000003,0.09859541142381192
445.5,0.08756654399808131
445.6,0.07064790104122416
445.70000000000005,0.048350799377501676
445.8,0.021687110594957947
445.90000000000003,-0.007875603327583101
446.0,-0.038505676621920726
446.1,-0.06814716780018656
446.20000000000005,-0.09470337496805348
446.3,-0.11625149256123014
446.40000000000003,-0.13126746323122573
446.5,-0.13883321886366232
446.6,-0.1387951380556011
446.70000000000005,-0.13184415630353455
446.8,-0.11949516222477524
446.90000000000003,-0.10395560804039883
447.0,-0.08788905629832486
447.1,-0.07409620299311385
447.20000000000005,-0.06515084273280375
447.3,-0.06303846358730221
447.40000000000003,-0.06884852847793065
447.5,-0.08256697673928992
447.6,-0.10300338066507762
447.70000000000005,-0.12786918282623133
447.8,-0.15400226853122648
447.90000000000003,-0.1777121488040416
448.0,-0.19520261047985246
448.1,-0.20301761373636282
448.20000000000005,-0.19845319191411478
448.3,-0.17988348176854274
448.40000000000003,-0.14696173867115095
448.5,-0.10067505248535845
448.6,-0.04325151188432775
448.70000000000005,0.022062396438406247
448.8,0.09132112934755075
448.90000000000003,0.1602536963376361
449.0,0.22464628599891817
449.1,0.28069226991882085
449.20000000000005,0.3252766439905844
449.3,0.35617377975650316
449.40000000000003,0.3721500567940972
449.5,0.3729744899683647
449.6,0.3593493505832467
449.70000000000005,0.3327782519249365
449.8,0.2953912470593047
449.90000000000003,0.2497458285156068
450.0,0.19862036422548376
450.1,0.14481355872217436
450.20000000000005,0.09096087979750525
450.3,0.03937700554730846
450.40000000000003,-0.008067796211523714
450.5,-0.05003028310972814
450.6,-0.08572997951755285
450.70000000000005,-0.11493439823233875
450.8,-0.1378937280743542
450.90000000000003,-0.15522996367267933
451.0,-0.16779125424908692
451.1,-0.1764878818370065
451.20000000000005,-0.18213053905896615
451.3,-0.18529330108423736
451.40000000000003,-0.18622205306797257
451.5,-0.18480389937547848
451.6,-0.18060470709239998
451.70000000000005,-0.1729715728490764
451.8,-0.16118631120932522
451.90000000000003,-0.14464692442081703
452.0,-0.12304816281280342
452.1,-0.0965309614201097
452.20000000000005,-0.06577421372976722
452.3,-0.03201059539082475
452.40000000000003,0.0030402928820817557
452.5,0.037315241721421415
452.6,0.06860884118169881
452.70000000000005,0.0948053615880043
452.8,0.11410871739280923
452.90000000000003,0.1252386190118408
453.0,0.12756661865727897
453.1,0.12117539626454737
453.20000000000005,0.10683654533748131
453.3,0.08591418357812762
453.40000000000003,0.060211854601047526
453.5,0.031786765052978304
453.6,0.0027575066469860098
453.70000000000005,-0.02487098766955892
453.8,-0.049347594203904596
453.90000000000003,-0.0692709059824154
454.0,-0.083640269307655
454.1,-0.09186868619139804
454.20000000000005,-0.09376895160013304
454.3,-0.08952557913783017
454.40000000000003,-0.07966287641415672
454.5,-0.06501477863786297
454.6,-0.04669610683117788
454.70000000000005,-0.026069406460115296
454.8,-0.00469796124430019
454.90000000000003,0.01572494966755421
455.0,0.0334775643633716
455.1,0.04694293744219461
455.20000000000005,0.054767060150863044
455.3,0.056026482357687334
455.40000000000003,0.0503832228685375
455.5,0.0382010042196182
455.6,0.020597443062126887
455.70000000000005,-0.0005877721963101735
455.8,-0.02291888552815872
455.90000000000003,-0.04358147510251448
456.0,-0.05967426485342879
456.1,-0.06854516444447854
456.20000000000005,-0.06813142279297078
456.3,-0.05725896817540678
456.40000000000003,-0.03585746927277835
456.5,-0.005055616048855326
456.6,0.03286517654809842
456.70000000000005,0.074662669828765
456.8,0.11645586260080422
456.90000000000003,0.15414330923834485
457.0,0.18386903254689127
457.1,0.20247856993469662
457.20000000000005,0.20790634897542926
457.3,0.19944220215152475
457.40000000000003,0.17783880034183694
457.5,0.1452414614763741
457.6,0.10494467354316313
457.70000000000005,0.06100272622336918
457.8,0.017741909744321986
457.90000000000003,-0.02076404519642039
458.0,-0.0511873915680511
458.1,-0.07134363895263786
458.20000000000005,-0.0804395129576204
458.3,-0.07913787316719362
458.40000000000003,-0.06943036776707236
458.5,-0.054334865428735536
458.6,-0.03745904694791097
458.70000000000005,-0.02249044006209507
458.8,-0.012683797726740643
458.90000000000003,-0.010417333188370731
459.0,-0.01687963754931976
459.1,-0.03193034146734102
459.20000000000005,-0.05415235814419775
459.3,-0.08108551738241662
459.40000000000003,-0.10960474193624672
459.5,-0.13638468338905646
459.6,-0.15838022846085442
459.70000000000005,-0.17325051796201568
459.8,-0.17966345467312905
459.90000000000003,-0.1774367361486429
460.0,-0.16749729772239655
460.1,-0.15166963813710352
460.20000000000005,-0.13233029602938517
460.3,-0.11198647463250128
460.40000000000003,-0.09284815657373136
460.5,-0.07646320559889466
460.6,-0.06347393520324213
460.70000000000005,-0.053533282233819104
460.8,-0.04539242949589424
460.90000000000003,-0.03714381098330918
461.0,-0.026578476302452858
461.1,-0.01159882236316559
461.20000000000005,0.00938045336002426
461.3,0.03710750811539094
461.40000000000003,0.07129585007722047
461.5,0.11058440702446562
461.6,0.15266012604965004
461.70000000000005,0.19452275176608239
461.8,0.23285018073578523
461.90000000000003,0.26440887223079373
462.0,0.28644912535479344
462.1,0.2970299001660052
462.20000000000005,0.29523095830534674
462.3,0.28122883070051236
462.40000000000003,0.2562341242115601
462.5,0.22230745844244132
462.6,0.18208686287364512
462.70000000000005,0.13846871794314533
462.8,0.09428649333765887
462.90000000000003,0.052027095315377365
463.0,0.013615111167318322
463.1,-0.019717177765542732
463.20000000000005,-0.04746908697928513
463.3,-0.06982659269765504
463.40000000000003,-0.08754806089524074
463.5,-0.10180038468180869
463.6,-0.11396676192879301
463.70000000000005,-0.1254462900104939
463.8,-0.13746306807558037
463.90000000000003,-0.15089963626505823
464.0,-0.16616705420350344
464.1,-0.18312192176273606
464.20000000000005,-0.20103885186659165
464.3,-0.21864464122404123
464.40000000000003,-0.2342168954633606
464.5,-0.24574463544660197
464.6,-0.2511414388619426
464.70000000000005,-0.24849361134669914
464.8,-0.2363180190245641
464.90000000000003,-0.21379824796275113
465.0,-0.18096543486741162
465.1,-0.13879280232924152
465.20000000000005,-0.08918120558114363
465.3,-0.0348263640624092
465.40000000000003,0.021024714104213266
465.5,0.07490287763961709
465.6,0.12349079734101469
465.70000000000005,0.16399077109342014
465.8,0.19443283833621766
465.90000000000003,0.21387597442825632
466.0,0.22246988644376484
466.1,0.22136610248712776
466.20000000000005,0.212491244313646
466.3,0.19821840607156876
466.40000000000003,0.18099019908330563
466.5,0.16295580916294417
466.6,0.14568238167343406
466.70000000000005,0.12998817667383883
466.8,0.11592323982012522
466.90000000000003,0.10289657542116151
467.0,0.08992183867383396
467.1,0.07593143569837922
467.20000000000005,0.06009591638687231
467.3,0.04208433168598044
467.40000000000003,0.022212286346183274
467.5,0.0014458932197083108
467.6,-0.018742176688679186
467.70000000000005,-0.0366390998337392
467.8,-0.050630401592157634
467.90000000000003,-0.0595445208065588
468.0,-0.06293418752784248
468.1,-0.06123548461884245
468.20000000000005,-0.05576725065080728
468.3,-0.048562984640622406
468.40000000000003,-0.04205912719107899
468.5,-0.03869149399991842
468.6,-0.04047033959519542
468.70000000000005,-0.04861032918829821
468.8,-0.06328331199589221
468.90000000000003,-0.08354063181372272
469.0,-0.10742164104557589
469.1,-0.13223169140361926
469.20000000000005,-0.1549424118119562
469.3,-0.17264527198533958
469.40000000000003,-0.18298035415285002
469.5,-0.18446757714242376
469.6,-0.17668625372987884
469.70000000000005,-0.16027719824591266
469.8,-0.13677419269364108
469.90000000000003,-0.1083022524197581
470.0,-0.07720303063063848
470.1,-0.0456586440464546
470.20000000000005,-0.01538233339266014
470.3,0.012571458236289646
470.40000000000003,0.03785043558696694
470.5,0.06070391409117927
470.6,0.0817693499599488
470.70000000000005,0.10179802741566454
470.8,0.1213819343309714
470.90000000000003,0.14074085067313982
471.0,0.15961359811533365
471.1,0.1772735661114067
471.20000000000005,0.19266109669698403
471.3,0.20459984282467197
471.40000000000003,0.21204611157135742
471.5,0.21431321728656896
471.6,0.21121844536585652
471.70000000000005,0.20311720609269562
471.8,0.1908138110133296
471.90000000000003,0.17536584745895392
472.0,0.1578235738778563
472.1,0.1389619010331462
472.20000000000005,0.11906679987634229
472.3,0.09782921292085593
472.40000000000003,0.07437922286965247
472.5,0.04746521651276897
472.6,0.015752575759869904
472.70000000000005,-0.021809915034980868
472.8,-0.06562483400542124
472.90000000000003,-0.11515509515731455
473.0,-0.16877020391206518
473.1,-0.2237703634498021
473.20000000000005,-0.27659799089204135
473.3,-0.32321243245974224
473.40000000000003,-0.35957348449924376
473.5,-0.38215845957151556
473.6,-0.388429982046113
473.70000000000005,-0.3771789523515315
473.8,-0.3486878890366183
473.90000000000003,-0.3046903092088996
474.0,-0.24813630726879043
474.1,-0.18280668917032655
474.20000000000005,-0.11284206190443194
474.3,-0.04226491761996792
474.40000000000003,0.025429866420874803
474.5,0.08755671143533603
474.6,0.1423598683622659
474.70000000000005,0.18897039635934867
474.8,0.2272270327642211
474.90000000000003,0.2574115637196823
475.0,0.2799616417653044
475.1,0.2952235647409018
475.20000000000005,0.30329491639585426
475.3,0.30398510902625475
475.40000000000003,0.2968954114557433
475.5,0.2815943964458042
475.6,0.2578449756549971
475.70000000000005,0.22582905928290617
475.8,0.18631710075670538
475.90000000000003,0.1407417633838885
476.0,0.09115493732041989
476.1,0.04007107201383739
476.20000000000005,-0.009777628520160037
476.3,-0.05573169602985531
476.40000000000003,-0.09549013485623827
476.5,-0.12734322242059784
476.6,-0.1503158835085445
476.70000000000005,-0.16420355630652714
476.8,-0.16950356391536947
476.90000000000003,-0.1672643251772487
477.0,-0.15888832667549554
477.1,-0.1459300071644075
477.20000000000005,-0.12992581144962398
477.3,-0.11228188150848313
477.40000000000003,-0.09422809848051061
477.5,-0.07682944852825592
477.6,-0.06103111010609006
477.70000000000005,-0.04770566242798529
477.8,-0.037671312210943705
477.90000000000003,-0.03165901169371687
478.0,-0.030221820472132083
478.1,-0.03359831220097943
478.20000000000005,-0.041558894748704896
478.3,-0.05327537173356507
478.40000000000003,-0.06725675695814379
478.5,-0.08138689114148535
478.6,-0.09308260869547451
478.70000000000005,-0.09956797305775354
478.8,-0.09823494227154664
478.90000000000003,-0.08703895857548469
479.0,-0.06486425307761332
479.1,-0.03179162469286318
479.20000000000005,0.010787566813318954
479.3,0.060244668523403266
479.40000000000003,0.11297679182296122
479.5,0.16482855508533875
479.6,0.21161139006730495
479.70000000000005,0.2496388234206763
479.8,0.2761896134618286
479.90000000000003,0.28981994653522514
480.0,0.2904700575824361
480.1,0.279345756709055
480.20000000000005,0.2585953114906754
480.3,0.23083970107727406
480.40000000000003,0.19864235794959903
480.5,0.1640176077259791
480.6,0.12807218272321128
480.70000000000005,0.09085173741531398
480.8,0.051427823518845554
480.90000000000003,0.008216574079422612
481.0,-0.04052371559182391
481.1,-0.09610476909384082
481.20000000000005,-0.1588397921695931
481.3,-0.22760540758520875
481.40000000000003,-0.29962690847696527
481.5,-0.3705440961434713
481.6,-0.43476807516380367
481.70000000000005,-0.4860892262636466
481.8,-0.5184519228457658
481.90000000000003,-0.5267802987658748
482.0,-0.5077271324207797
482.1,-0.46022701076163947
482.20000000000005,-0.3857639812995662
482.3,-0.28830801702225356
482.40000000000003,-0.1739263221667714
482.5,-0.05012602782642642
482.6,0.07497433199629655
482.70000000000005,0.1935227454294534
482.8,0.2987350254931955
482.90000000000003,0.38550974362949153
483.0,0.4507805303206159
483.1,0.49357401060066813
483.20000000000005,0.5147893310127911
483.3,0.5167578943537525
483.40000000000003,0.5026725233775228
483.5,0.47598916774920513
483.6,0.43989991039822746
483.70000000000005,0.3969551598202974
483.8,0.3488801154444027
483.90000000000003,0.29659234771395454
484.0,0.2403907754372985
484.1,0.18025790532728053
484.20000000000005,0.11620155020992978
484.3,0.04856139742876618
484.40000000000003,-0.02178105408830249
484.5,-0.09332689838281509
484.6,-0.1640270493533314
484.70000000000005,-0.23147198306210645
484.8,-0.2931608208836794
484.90000000000003,-0.34679366252453125
485.0,-0.3905299965327073
485.1,-0.42316625045496187
485.20000000000005,-0.4442043938509525
485.3,-0.453806732474205
485.40000000000003,-0.4526547567791566
485.5,-0.44174762144940544
485.6,-0.4221852662283085
485.70000000000005,-0.394980909307695
485.8,-0.3609382570296121
485.90000000000003,-0.3206127016465563
486.0,-0.2743566908979006
486.1,-0.2224314581755276
486.20000000000005,-0.1651540879031734
486.3,-0.10304298237861119
486.40000000000003,-0.03692708124103141
486.5,0.03200620617048876
486.6,0.10223483875232828
486.70000000000005,0.17199206158536853
486.8,0.23940247300023162
486.90000000000003,0.30263501384570846
487.0,0.3600411529328494
487.1,0.4102511736933186
487.20000000000005,0.45221201325684013
487.3,0.48516410176710545
487.40000000000003,0.5085689386929059
487.5,0.5220105630880695
487.6,0.5251001385662029
487.70000000000005,0.5174122868274389
487.8,0.4984747215943164
487.90000000000003,0.4678207080549116
488.0,0.4250994962223297
488.1,0.3702262242700207
488.20000000000005,0.3035427566314196
488.3,0.22595662245869527
488.40000000000003,0.13902754630211997
488.5,0.044979522892302205
488.6,-0.05337076782636685
488.70000000000005,-0.15276379859325584
488.8,-0.24970642412093874
488.90000000000003,-0.3407119531795112
489.0,-0.4225383619625139
489.1,-0.4923939075260743
489.20000000000005,-0.5480867841502863
489.3,-0.5881065063084918
489.40000000000003,-0.6116369703591881
489.5,-0.6185120960581114
489.6,-0.6091324653043396
489.70000000000005,-0.5843642181733243
489.8,-0.5454394978340126
489.90000000000003,-0.4938719007486975
490.0,-0.43139244849110137
490.1,-0.359903689982356
490.20000000000005,-0.28144366488873324
490.3,-0.19814899615909812
490.40000000000003,-0.11220778937343488
490.5,-0.025797735136041364
490.6,0.05898859260322173
490.70000000000005,0.1402227098117681
490.8,0.21621040452482038
490.90000000000003,0.2855390168972199
491.0,0.3470907437287947
491.1,0.40001756674370526
491.20000000000005,0.443682272390334
491.3,0.4775789764863752
491.40000000000003,0.5012532789627924
491.5,0.5142447062260598
491.6,0.5160713676205666
491.70000000000005,0.5062688566220502
491.8,0.4844837066454637
491.90000000000003,0.45060851990867834
492.0,0.40493411900522597
492.1,0.3482865303555839
492.20000000000005,0.2821153707679867
492.3,0.20850609960288535
492.40000000000003,0.13010093224844643
492.5,0.049929840073601364
492.6,-0.02882923535454276
492.70000000000005,-0.10312671200039136
492.8,-0.17031080573960183
492.90000000000003,-0.22834563414940806
493.0,-0.2759413752289053
493.1,-0.31257536638594424
493.20000000000005,-0.33840333783663584
493.3,-0.3540811000088132
493.40000000000003,-0.360534598996273
493.5,-0.35872652415274725
493.6,-0.3494681854670474
493.70000000000005,-0.33331571416672917
493.8,-0.31057144765065725
493.90000000000003,-0.2813881764071615
494.0,-0.24595049163676017
494.1,-0.20468876279366974
494.20000000000005,-0.1584714880641988
494.3,-0.10872338464053699
494.40000000000003,-0.05742980461408114
494.5,-0.007010623978989402
494.6,0.039925664633038226
494.70000000000005,0.08090989488954077
494.8,0.11396368694628288
494.90000000000003,0.13790610115435026
495.0,0.15255093608417494
495.1,0.158747420636377
495.20000000000005,0.158245034019359
495.3,0.15339669992020796
495.40000000000003,0.146747127728661
495.5,0.14057801343827836
495.6,0.13649381432712465
495.70000000000005,0.13512790170370514
495.8,0.13602916744995455
495.90000000000003,0.13775686279935326
496.0,0.13817244912205517
496.1,0.1348789433463478
496.20000000000005,0.12572816173653795
496.3,0.10930054965711035
496.40000000000003,0.085264449404645
496.5,0.05454182672651893
496.6,0.019242263274280982
496.70000000000005,-0.017629893937367556
496.8,-0.05264704390321849
496.90000000000003,-0.08252514339246957
497.0,-0.10468232807193797
497.1,-0.11768494358564549
497.20000000000005,-0.12149545498575788
497.3,-0.11747211174664171
497.40000000000003,-0.1081157377054112
497.5,-0.09660611049630091
497.6,-0.08621019791877416
497.70000000000005,-0.07966942319734716
497.8,-0.07867829189193652
497.90000000000003,-0.08355099507928158
498.0,-0.09313882116317407
498.1,-0.10501560720966947
498.20000000000005,-0.11589953344850087
498.3,-0.12223643752262305
498.40000000000003,-0.12084051935390851
498.5,-0.1094782167441567
498.6,-0.087291908518355
498.70000000000005,-0.05498974706277637
498.8,-0.014770634383381068
498.90000000000003,0.02999895041077609
499.0,0.07529579521316507
499.1,0.11704617217169414
499.20000000000005,0.15172088338458362
499.3,0.17681812203519398
499.40000000000003,0.1911568698941013
499.5,0.19494051521121342
499.6,0.18959322690838273
499.70000000000005,0.17741212134961737
499.8,0.16110887683681258
499.90000000000003,0.14332980418249255
500.0,0.12624121355237225
500.1,0.1112484470903117
500.20000000000005,0.09888652174181611
500.3,0.0888844712171538
500.40000000000003,0.08037153105494875
500.5,0.07216794821537473
500.6,0.06309110614506766
500.70000000000005,0.05221066257300464
500.8,0.03900317633178485
500.90000000000003,0.023383136994154195
501.0,0.005617418359941361
501.1,-0.013842632627552386
501.20000000000005,-0.034558797860779235
501.3,-0.056274722232079966
501.40000000000003,-0.07900503228524765
501.5,-0.10301379225007087
501.6,-0.12867851465225644
501.70000000000005,-0.1562648425312398
501.8,-0.18566126103363387
501.90000000000003,-0.21613741717044277
502.0,-0.2461905032675696
502.1,-0.2735310871935267
502.20000000000005,-0.2952349978157846
502.3,-0.3080560560891626
502.40000000000003,-0.3088617320285346
502.5,-0.2951266382369885
502.6,-0.26540259465644844
502.70000000000005,-0.21968222745001728
502.8,-0.1595864065486212
502.90000000000003,-0.08833215580715709
503.0,-0.01047243708208559
503.1,0.06856369335509184
503.20000000000005,0.14306915049764343
503.3,0.20771071318649184
503.40000000000003,0.2581411807070719
503.5,0.2914842971114559
503.6,0.30662497625042506
503.70000000000005,0.30426770189522895
503.8,0.28676132869525267
503.90000000000003,0.25772291512993395
504.0,0.22152114157292957
504.1,0.18269713120348113
504.20000000000005,0.14540493930593176
504.3,0.11294571542614455
504.40000000000003,0.08745078063644915
504.5,0.06974337556008631
504.6,0.059381197868447616
504.70000000000005,0.05485657843518187
504.8,0.0539119326457055
504.90000000000003,0.05391727382198875
505.0,0.052254758754960884
505.1,0.046661550376008526
505.20000000000005,0.035494603334959636
505.3,0.01789648142253412
505.40000000000003,-0.006142924996072161
505.5,-0.03582038938905103
505.6,-0.06963103732129686
505.70000000000005,-0.10553468584400891
505.8,-0.1411530534974189
505.90000000000003,-0.17397662323813193
506.0,-0.2015644027541417
506.1,-0.2217247648563151
506.20000000000005,-0.23266982766705557
506.3,-0.2331387980737769
506.40000000000003,-0.22248724340321097
506.5,-0.20073973228201575
506.6,-0.16860334098850935
506.70000000000005,-0.12743986467156185
506.8,-0.07919576229675693
506.90000000000003,-0.026291155952530256
507.0,0.02852751088169473
507.1,0.08236271864575348
507.20000000000005,0.1323568661568533
507.3,0.17588398737957034
507.40000000000003,0.21072576522084002
507.5,0.23521589082889793
507.6,0.2483392550136458
507.70000000000005,0.24977663839803432
507.8,0.239891002710346
507.90000000000003,0.21965751952945956
508.0,0.19054538323857925
508.1,0.1543645566951426
508.20000000000005,0.11309431862695433
508.3,0.06871240745049566
508.40000000000003,0.02304345262908679
508.5,-0.022356799474397546
508.6,-0.0662690919564748
508.70000000000005,-0.1078234905612842
508.8,-0.14645773727769318
508.90000000000003,-0.18182875969940096
509.0,-0.21369190690572193
509.1,-0.24176806151479885
509.20000000000005,-0.2656220533232276
509.3,-0.2845759750797368
509.40000000000003,-0.2976775955413072
509.5,-0.3037370761166601
509.6,-0.30143520925757766
509.70000000000005,-0.28949460198293814
509.8,-0.26689333285310646
509.90000000000003,-0.23309061769978226
510.0,-0.1882279070528746
510.1,-0.1332681874810053
510.20000000000005,-0.07004189426674576
510.3,-0.0011795644519369056
510.40000000000003,0.0700721616564187
510.5,0.14013570342540288
510.6,0.2054551721040621
510.70000000000005,0.26286853112578135
510.8,0.3099439774869602
510.90000000000003,0.345226709790775
511.0,0.36835309549658657
511.1,0.38000834978921844
511.20000000000005,0.3817284732328365
511.3,0.37557342100998453
511.40000000000003,0.36372175767215864
511.5,0.3480530572086376
511.6,0.32978972849636295
511.70000000000005,0.30926317029808253
511.8,0.2858506810635746
511.90000000000003,0.25810199747541546
512.0,0.22404211604353583
512.1,0.1816056275020418
512.2,0.12913274075026393
512.3000000000001,0.06584317063845543
512.4,-0.00779599306246321
512.5,-0.08987791032455865
512.6,-0.17708174219947595
512.7,-0.26492417885719705
512.8000000000001,-0.34820711367302665
512.9,-0.4215986368439562
513.0,-0.4802612007116005
513.1,-0.5204315154890491
513.2,-0.5398632237826471
513.3000000000001,-0.5380646975082541
513.4,-0.5162968476299669
513.5,-0.4773341277539729
513.6,-0.4250294597043866
513.7,-0.36375429343121796
513.8000000000001,-0.29780339285101803
513.9,-0.2308573174000064
514.0,-0.16558366858350335
514.1,-0.10343332888294701
514.2,-0.04465461937958347
514.3000000000001,0.01148766950997329
514.4,0.06633401498633217
514.5,0.12136227459515939
514.6,0.17771154171322973
514.7,0.2357772919266121
514.8000000000001,0.2949429372297074
514.9,0.3534888665342292
515.0,0.4086908128606595
515.1,0.4570899165757961
515.2,0.4948917939656843
515.3000000000001,0.5184348345830897
515.4,0.5246608178578539
515.5,0.5115239737922517
515.6,0.47828641253647464
515.7,0.42566581170469314
515.8000000000001,0.3558221547536225
515.9,0.27219092483605883
516.0,0.17918775840274956
516.1,0.08182230030478026
516.2,-0.014733973838434881
516.3000000000001,-0.10557981760475202
516.4,-0.18647349161996082
516.5,-0.25414379394352593
516.6,-0.30649704031635183
516.7,-0.3427051936273004
516.8000000000001,-0.3631717848723937
516.9,-0.36938346268521627
517.0,-0.3636653775435292
517.1,-0.3488675612762745
517.2,-0.32801631780407103
517.3000000000001,-0.30396861678615905
517.4,-0.27910780637785887
517.5,-0.2551150634144227
517.6,-0.23284273814422835
517.7,-0.2123036142130186
517.8000000000001,-0.1927753061797719
517.9,-0.1730034356451154
518.0,-0.1514731760123429
518.1,-0.1267086019181565
518.2,-0.09755498405849788
518.3000000000001,-0.06340184729909992
518.4,-0.024314204775632633
518.5,0.018945441636301272
518.6,0.06500345167680527
518.7,0.11205066072026418
518.8000000000001,0.1580734046076495
518.9,0.2010976102601424
519.0,0.23940310464303036
519.1,0.27167297232050514
519.2,0.297057202552579
519.3000000000001,0.3151481536148455
519.4,0.32588379490013836
519.5,0.32940941226468506
519.6,0.32593631084055336
519.7,0.3156352401601185
519.8000000000001,0.29859283683251925
519.9,0.27484324855438985
520.0,0.24446772549786186
520.1,0.20773664225360555
520.2,0.16525538618687644
520.3000000000001,0.11807106273448133
520.4,0.06770251705075986
520.5,0.016071079362901263
520.6,-0.03466909448660973
520.7,-0.0823786212564243
520.8000000000001,-0.1252154016315408
520.9,-0.161896311427557
521.0,-0.19188088421181854
521.1,-0.21543076008231493
521.2,-0.23352060950997666
521.3000000000001,-0.24760524613562684
521.4,-0.25927805788877073
521.5,-0.26988139292360286
521.6,-0.28014445493803175
521.7,-0.28992477563965047
521.8000000000001,-0.29811438541885366
521.9,-0.30274346524866913
522.0,-0.3012774568085112
522.1,-0.2910652411505218
522.2,-0.26986364346805064
522.3000000000001,-0.2363439162809829
522.4,-0.19048349159573238
522.5,-0.1337624378807374
522.6,-0.0691163652201908
522.7,-0.0006403781651202044
522.8000000000001,0.066915793910301
522.9,0.12878179893651326
523.0,0.18082424463112406
523.1,0.22011541160766665
523.2,0.24531442886635824
523.3000000000001,0.2567944601818979
523.4,0.25649427175823974
523.5,0.2475216509694117
523.6,0.2335802969376515
523.7,0.21832267603433292
523.8000000000001,0.20474312836529202
523.9,0.19471609663733555
524.0,0.1887556908652966
524.1,0.18603056702404136
524.2,0.1846205250984675
524.3000000000001,0.18195749822112084
524.4,0.17536200241872058
524.5,0.1625724217830925
524.6,0.14217085864181508
524.7,0.11383381496878492
524.8000000000001,0.07837325156032612
524.9,0.037575745875156594
525.0,-0.00611408473477812
525.1,-0.04999262934785835
525.2,-0.09149485122258863
525.3000000000001,-0.12851367834769464
525.4,-0.15958742036685017
525.5,-0.18393444513804597
525.6,-0.20134996435856492
525.7,-0.21201006744695816
525.8000000000001,-0.2162465297082914
525.9,-0.21435857389349142
526.0,-0.20651440902321064
526.1,-0.1927693274608191
526.2,-0.1731945853561732
526.3000000000001,-0.14807988759848786
526.4,-0.1181495066254987
526.5,-0.08472347888615077
526.6,-0.04976340201246514
526.7,-0.015765824331815458
526.8000000000001,0.014499724173396192
526.9,0.03837370721091028
527.0,0.05374399439482204
527.1,0.05945152872771741
527.2,0.055576102506046186
527.3000000000001,0.04353117248897826
527.4,0.025930101992764687
527.5,0.006229773936768193
527.6,-0.011797496423153
527.7,-0.024675709401385096
527.8000000000001,-0.029811309526231594
527.9,-0.025944029483406756
528.0,-0.013374107001144366
528.1,0.006082994407732502
528.2,0.029412951074541258
528.3000000000001,0.05293724793918424
528.4,0.07297104429922432
528.5,0.0864843841473741
528.6,0.09164488325162332
528.7,0.08814143392324014
528.8000000000001,0.07722934074985047
528.9,0.06148977206406219
529.0,0.044350263949683645
529.1,0.02945771133847936
529.2,0.020022087198111934
529.3000000000001,0.018252865828376333
529.4,0.024990210684874697
529.5,0.03959355652926889
529.6,0.06009927867205848
529.7,0.08360695327708681
529.8000000000001,0.10681069204608826
529.9,0.1265666574801498
530.0,0.14038495424139227
530.1,0.1467538607535465
530.2,0.14524240291537527
530.3000000000001,0.13637547761340488
530.4,0.1213239993972458
530.5,0.10149084165020725
530.6,0.07809378926427485
530.7,0.05184518514400493
530.8000000000001,0.022804901091269137
530.9,-0.009556363490018416
531.0,-0.046094268067103296
531.1,-0.08758523112381773
531.2,-0.1342690785902168
531.3000000000001,-0.18544634792622955
531.4,-0.23922966372834423
531.5,-0.29252041421570224
531.6,-0.34123810961524115
531.7,-0.3807790631364525
531.8000000000001,-0.40663362518318646
531.9,-0.41505672254454923
532.0,-0.403671946097928
532.1,-0.3718979589504954
532.2,-0.32111605185289777
532.3000000000001,-0.2545434910049509
532.4,-0.1768300429177333
532.5,-0.09344457969705597
532.6,-0.009955541837438188
532.7,0.06867359437892778
532.8000000000001,0.13865781682523715
532.9,0.1977432218194298
533.0,0.24529084599820228
533.1,0.2820929661649453
533.2,0.30997029618855754
533.3000000000001,0.33123482406230537
533.4,0.3481221639076549
533.5,0.3622964524945726
533.6,0.3745111641197831
533.7,0.38447548139881715
533.8000000000001,0.3909352421265964
533.9,0.3919381094819722
534.0,0.3852218755546028
534.1,0.368647929311392
534.2,0.3406010330374521
534.3000000000001,0.30029045903049745
534.4,0.24791217292285994
534.5,0.18466120333435282
534.6,0.11261121969765903
534.7,0.03449916068366714
534.8000000000001,-0.04653696881344537
534.9,-0.1272201536867516
535.0,-0.20436011305177315
535.1,-0.2750232891463814
535.2,-0.3366454784217594
535.3000000000001,-0.38709985069250535
535.4,-0.42474060519088436
535.5,-0.44844182894482126
535.6,-0.45764316269057775
535.7,-0.4524014935901587
535.8000000000001,-0.4334350999341482
535.9,-0.4021376050729581
536.0,-0.36053693448022994
536.1,-0.31118059414466587
536.2,-0.2569421823150529
536.3000000000001,-0.20076221902881236
536.4,-0.14535480369111728
536.5,-0.09292553761545232
536.6,-0.04495154112771894
536.7,-0.002068955591287757
536.8000000000001,0.03590285987605176
536.9,0.06979554708650862
537.0,0.10080728931979617
537.1,0.13014807022525832
537.2,0.1586805630101329
537.3000000000001,0.18662781036750545
537.4,0.2134099307406018
537.5,0.2376499944479159
537.6,0.25735778700492457
537.7,0.2702653787759627
537.8000000000001,0.27425716446945453
537.9,0.2678157749194534
538.0,0.25039862880357733
538.1,0.2226696845019926
538.2,0.1865357000891861
538.3000000000001,0.14497149628764083
538.4,0.10165764670123739
538.5,0.06048914236984352
538.6,0.02503801090834461
538.7,-0.0019382036379593888
538.8000000000001,-0.01885854290736116
538.9,-0.02549173496535958
539.0,-0.022915574320839065
539.1,-0.01327675691112161
539.2,0.0005993171327355858
539.3000000000001,0.01567426321353139
539.4,0.029153401908363387
539.5,0.03885531702771422
539.6,0.04343732657137201
539.7,0.04245103941886531
539.8000000000001,0.03623667631913435
539.9,0.0256956167074966
540.0,0.012001575483977813
540.1,-0.0036819713796984056
540.2,-0.020417905642375667
540.3000000000001,-0.03760475619902377
540.4,-0.054966269424471914
540.5,-0.07243724759131928
540.6,-0.08998553683887131
540.7,-0.10742383913654735
540.8000000000001,-0.1242659311538972
540.9,-0.13967000824229076
541.0,-0.1524901637930222
541.1,-0.16143052547432954
541.2,-0.1652713541796732
541.3000000000001,-0.16311817085275798
541.4,-0.1546178085851693
541.5,-0.14009079757784382
541.6,-0.12054645625787301
541.7,-0.09757172148521684
541.8000000000001,-0.07311164816982717
541.9,-0.049182705338197415
542.0,-0.027574384022562633
542.1,-0.009597060154370674
542.2,0.004075983166332656
542.3000000000001,0.013444729735910278
542.4,0.019095142797101686
542.5,0.02201272458605593
542.6,0.023341453994040265
542.7,0.024142681075786886
542.8000000000001,0.02520627596443767
542.9,0.02695232551275671
543.0,0.029439179937687843
543.1,0.0324678265852634
543.2,0.03574933332169563
543.3000000000001,0.03908683240216257
543.4,0.04251981481037538
543.5,0.04638738717993314
543.6,0.051286762835988944
543.7,0.057929282709663917
543.8000000000001,0.0669228013842435
543.9,0.07853017283802563
544.0,0.09246378062701865
544.1,0.10777278925624027
544.2,0.12286319526006273
544.3000000000001,0.13566395733849543
544.4,0.14392098623005453
544.5,0.14557130877996455
544.6,0.13912881373460384
544.7,0.12400553740937117
544.8000000000001,0.10070062189201351
544.9,0.07081177215258382
545.0,0.03685702682724756
545.1,0.0019314179322790733
545.2,-0.030743865098141976
545.3000000000001,-0.05829977401356829
545.4,-0.07863818260503103
545.5,-0.09071443008391834
545.6,-0.09463258556420939
545.7,-0.09153848711251299
545.8000000000001,-0.0833349035834629
545.9,-0.07227770188890405
546.0,-0.06053461768936049
546.1,-0.04979444069557056
546.2,-0.04100282216051766
546.3000000000001,-0.034273844124851204
546.4,-0.028989513316033323
546.5,-0.024060081633197703
546.6,-0.01828466961041626
546.7,-0.010731008959643884
546.8000000000001,-0.00104951941434545
546.9,0.010348850549777874
547.0,0.022292510867660664
547.1,0.03303044716401937
547.2,0.040559572742119875
547.3000000000001,0.04303142291380221
547.4,0.03915362801165985
547.5,0.028501412389174564
547.6,0.011671859751601666
547.7,-0.009754723202089121
547.8000000000001,-0.03344284701686723
547.9,-0.056677153968929715
548.0,-0.07681278237943931
548.1,-0.09171322843475624
548.2,-0.10009075076005852
548.3000000000001,-0.10168431660411195
548.4,-0.09724322311323867
548.5,-0.08832393792937852
548.6,-0.07694520141715222
548.7,-0.0651742584383663
548.8000000000001,-0.054729531353438485
548.9,-0.04667963867726674
549.0,-0.04129668584144079
549.1,-0.03808795761787652
549.2,-0.03599174275802735
549.3000000000001,-0.03368817858619303
549.4,-0.029952095765316766
549.5,-0.02396691490171071
549.6,-0.015528340461252474
549.7,-0.005091807509927686
549.8000000000001,0.006347052125669054
549.9,0.017511831123678684
550.0,0.02718537727094545
550.1,0.03455161645646064
550.2,0.039457822232808464
550.3000000000001,0.04253125176284496
550.4,0.04511414185028735
550.5,0.04901978237683384
550.6,0.0561516932835468
550.7,0.06805952646841419
550.8000000000001,0.08552239323210113
550.9,0.10824900464765082
551.0,0.13476418631690515
551.1,0.16251668427122734
551.2,0.18820049381185694
551.3000000000001,0.20823971358158552
551.4,0.2193536411131304
551.5,0.21910123584939964
551.6,0.20630582164126668
551.7,0.18128176897152526
551.8000000000001,0.14582086108605333
551.9,0.1029400849333518
552.0,0.05643609898803815
552.1,0.010326175218491433
552.2,-0.03172560041107235
552.3000000000001,-0.0668980954520571
552.4,-0.09353873601919505
552.5,-0.11127804506944218
552.6,-0.1209271553747995
552.7,-0.12419275367988472
552.8000000000001,-0.12327584980256152
552.9,-0.12043818378008737
553.0,-0.11762004178159356
553.1,-0.11617643688315046
553.2,-0.11676912900542676
553.3000000000001,-0.11941641247069694
553.4,-0.12366867191532659
553.5,-0.1288525381962029
553.6,-0.13431518008926652
553.7,-0.13960489247838484
553.8000000000001,-0.14454328087998505
553.9,-0.14917347652445345
554.0,-0.15360130607855216
554.1,-0.1577748549038889
554.2,-0.16126594774152697
554.3000000000001,-0.1631205224854382
554.4,-0.16183263791233485
554.5,-0.15547126813699255
554.6,-0.1419553421210001
554.7,-0.11943776382644755
554.8000000000001,-0.08673083935103904
554.9,-0.04368989849481877
555.0,0.008527309392482668
555.1,0.06739018131250364
555.2,0.1291469221304842
555.3000000000001,0.18919175897830642
555.4,0.24260098158659232
555.5,0.2847581826873041
555.6,0.3119699335143474
555.7,0.32197162314082206
555.8000000000001,0.31423982270294526
555.9,0.2900593456638789
556.0,0.25233431775703946
556.1,0.20517545758977052
556.2,0.15333254327184215
556.3000000000001,0.1015650816967429
556.4,0.05405137029309032
556.5,0.013925543401123749
556.6,-0.01699373496789289
556.7,-0.03825529309689258
556.8000000000001,-0.050619690226925626
556.9,-0.05574210145464657
557.0,-0.05576471544470674
557.1,-0.052899403751250816
557.2,-0.04907564148246143
557.3000000000001,-0.04570912666753815
557.4,-0.04361774428867373
557.5,-0.04307953941854033
557.6,-0.04399865279443524
557.7,-0.04612527119095652
557.8000000000001,-0.04926813089604161
557.9,-0.05344396627768337
558.0,-0.058925798276180816
558.1,-0.06617712067630806
558.2,-0.07568646582967542
558.3000000000001,-0.08774081493783212
558.4,-0.10219199040484474
558.5,-0.11827442324308224
558.6,-0.13452474696287692
558.7,-0.14883516782836753
558.8000000000001,-0.15864717425700703
558.9,-0.16126482637449313
559.0,-0.15424285573210184
559.1,-0.13578863857054568
559.2,-0.10511176812953571
559.3000000000001,-0.06266136182992443
559.4,-0.010208143184528066
559.5,0.04924739135483837
559.6,0.11173213723771075
559.7,0.17268878048837696
559.8000000000001,0.22744186227757127
559.9,0.2716775798250258
560.0,0.30187349626006305
560.1,0.3156243918829994
560.2,0.31182832884203576
560.3000000000001,0.2907192486363989
560.4,0.25375517165327605
560.5,0.20339059343228333
560.6,0.14277505773415938
560.7,0.07542547143704997
560.8000000000001,0.004917297321783717
560.9,-0.06536952513675358
561.0,-0.13242800603690189
561.1,-0.19371870845228067
561.2,-0.2471900758137386
561.3000000000001,-0.29124428013333015
561.4,-0.32467456226306857
561.5,-0.34660055128052375
561.6,-0.3564233645288828
561.7,-0.3538137351620331
561.8000000000001,-0.33873589973852425
561.9,-0.3114996208850903
562.0,-0.27282446787646286
562.1,-0.22389579382097533
562.2,-0.1663914932405531
562.3000000000001,-0.10246257024220796
562.4,-0.03465802126710002
562.5,0.03420582450914176
562.6,0.10122126881045211
562.7,0.1635914942462003
562.8000000000001,0.21883416994638566
562.9,0.2649595199718294
563.0,0.3005983972970928
563.1,0.3250624734215358
563.2,0.3383284034117582
563.3000000000001,0.3409492602142894
563.4,0.33390782397319724
563.5,0.3184355866590198
563.6,0.2958269655313731
563.7,0.26727911416881817
563.8000000000001,0.23378351600102731
563.9,0.19608671930893495
564.0,0.15472541030917625
564.1,0.11012745080160849
564.2,0.06275781308991477
564.3000000000001,0.013278797619195204
564.4,-0.03731062092318285
564.5,-0.08758990650123177
564.6,-0.13571235590808461
564.7,-0.17949363183461226
564.8000000000001,-0.21659011213266371
564.9,-0.24474701491126957
565.0,-0.2620819402411192
565.1,-0.26736023087275773
565.2,-0.26021632496370006
565.3000000000001,-0.24128083711538809
565.4,-0.21218589490027048
565.5,-0.1754393952523968
565.6,-0.13417940868584186
565.7,-0.09183947422440294
565.8000000000001,-0.05177057307360543
565.9,-0.016873403181769015
566.0,0.010706336636298957
566.1,0.029776617395367327
566.2,0.04016554417930869
566.3000000000001,0.042650647164244875
566.4,0.03876784711610238
566.5,0.030535529710540143
566.6,0.020141242260914006
566.7,0.00964200944562868
566.8000000000001,0.0007236602928155354
566.9,-0.005448919540837763
567.0,-0.008277351166683414
567.1,-0.007678045893838852
567.2,-0.003957854260125048
567.3000000000001,0.0023463776105890244
567.4,0.010623987359823684
567.5,0.020306916902195972
567.6,0.0309232466110556
567.7,0.04208186773533397
567.8000000000001,0.0534005266826421
567.9,0.06440475653049184
568.0,0.07443414221632935
568.1,0.0825928037840442
568.2,0.08777253913649867
568.3000000000001,0.08876123801848192
568.4,0.08442908423094005
568.5,0.07396485990243369
568.6,0.05711872459857472
568.7,0.034399858663871276
568.8000000000001,0.007179574502693171
568.9,-0.022336816556002392
569.0,-0.05128477190749721
569.1,-0.07645100453428381
569.2,-0.09468231473683487
569.3000000000001,-0.1033338820660687
569.4,-0.10068596373390046
569.5,-0.08625792649633017
569.6,-0.06096130086187137
569.7,-0.02705735250743458
569.8000000000001,0.012084333426568637
569.9,0.05239686326638777
570.0,0.08963825682094623
570.1,0.11994664612309752
570.2,0.1403432111694443
570.3000000000001,0.14910491791560385
570.4,0.145949671234699
570.5,0.13200685235431128
570.6,0.10958118165212988
570.7,0.08175140527677782
570.8000000000001,0.05187166733823972
570.9,0.023058100455974916
571.0,-0.0022562710299606947
571.1,-0.022628689397720027
571.2,-0.037731218827148694
571.3000000000001,-0.04827997373411928
571.4,-0.055789559553412964
571.5,-0.0622020754438478
571.6,-0.06945951893508971
571.7,-0.07909549128795483
571.8000000000001,-0.0919158822095608
571.9,-0.10782022391552752
572.0,-0.12578918179034315
572.1,-0.14403406279491643
572.2,-0.16027657229864412
572.3000000000001,-0.17210610478058327
572.4,-0.17735102153334026
572.5,-0.1744011340766645
572.6,-0.16243034115077476
572.7,-0.1414884973500176
572.8000000000001,-0.11245616251213184
572.9,-0.0768802976645211
573.0,-0.03672885401916154
573.1,0.0058858430367791405
573.2,0.04896280800783136
573.3000000000001,0.09080263744015467
573.4,0.1301032158553642
573.5,0.16595213959675795
573.6,0.19772832023707862
573.7,0.22494336383927133
573.8000000000001,0.2470650939276656
573.9,0.2633689422781476
574.0,0.27285738661050596
574.1,0.2742742905836446
574.2,0.2662223903181332
574.3000000000001,0.24737166281476503
574.4,0.21672758350161886
574.5,0.1739146591026343
574.6,0.11942452126319807
574.7,0.05478039570518267
574.8000000000001,-0.01741943273242054
574.9,-0.09359918689248245
575.0,-0.16944311950511853
575.1,-0.24025043934562254
575.2,-0.30136665415716646
575.3000000000001,-0.34863783833850126
575.4,-0.37882968375817955
575.5,-0.38995707171526883
575.6,-0.38148165939388473
575.7,-0.354352756416631
575.8000000000001,-0.3108878477135233
575.9,-0.254510332376832
576.0,-0.1893802898392896
576.1,-0.11996678473316245
576.2,-0.05061572238660967
576.3000000000001,0.014834952609764567
576.4,0.07335020370269509
576.5,0.12287513321998195
576.6,0.16238422025938773
576.7,0.1918100526153091
576.8000000000001,0.21187433807368852
576.9,0.22385469994134813
577.0,0.2293256311008644
577.1,0.22991073619746658
577.2,0.2270767686119799
577.3000000000001,0.22198952856231932
577.4,0.21543950817598484
577.5,0.207833455528601
577.6,0.19923872403206305
577.7,0.1894617199342417
577.8000000000001,0.17814049392618594
577.9,0.16483421626397513
578.0,0.14909785323968094
578.1,0.13053725749024508
578.2,0.10884637848700388
578.3000000000001,0.08383289410539106
578.4,0.055440293623081206
578.5,0.02377307108729286
578.6,-0.010872250849250413
578.7,-0.0479728788784863
578.8000000000001,-0.08675008393875222
578.9,-0.12615538821990202
579.0,-0.1648844623802281
579.1,-0.2014277428778671
579.2,-0.23416078849164415
579.3000000000001,-0.2614693557987044
579.4,-0.2818957840406223
579.5,-0.29428649266445783
579.6,-0.297916985590892
579.7,-0.2925719044916701
579.8000000000001,-0.2785636465680651
579.9,-0.256683079916929
580.0,-0.22808820805322802
580.1,-0.19414885083115668
580.2,-0.1562749271261377
580.3000000000001,-0.11576050495132255
580.4,-0.07367405120297489
580.5,-0.03081711658096647
580.6,0.012239763827975172
580.7,0.05505147876180671
580.8000000000001,0.09714654000603747
580.9,0.13786479024698345
581.0,0.17622598750303414
581.1,0.2108679808334869
581.2,0.24008209871195568
581.3000000000001,0.26195542445383746
581.4,0.2746079380787718
581.5,0.2764911586430048
581.6,0.2666982527091615
581.7,0.24522728432135496
581.8000000000001,0.21314166360585193
581.9,0.17258524788922924
582.0,0.12663216827488208
582.1,0.07897959760538982
582.2,0.03352035825142784
582.3000000000001,-0.00614387625987755
582.4,-0.03717372980215962
582.5,-0.057870962559971144
582.6,-0.06790032363678479
582.7,-0.068313683186022
582.8000000000001,-0.06136768504131667
582.9,-0.05016061365057973
583.0,-0.0381449228514982
583.1,-0.028593285832734072
583.2,-0.02410406967631249
583.3000000000001,-0.026225202137154048
583.4,-0.03525463267719151
583.5,-0.05024472788045435
583.6,-0.06920262073739981
583.7,-0.08944523802673099
583.8000000000001,-0.10804255742843778
583.9,-0.12227013650414541
584.0,-0.12999421687229656
584.1,-0.1299290073563664
584.2,-0.12173266723638229
584.3000000000001,-0.10594060937743788
584.4,-0.08376565060604409
584.5,-0.05681820788784481
584.6,-0.026811654891721458
584.7,0.004683982579227407
584.8000000000001,0.03639186798708356
584.9,0.0673583763823767
585.0,0.09686905269130289
585.1,0.12428347814920296
585.2,0.14884152169188983
585.3000000000001,0.1695010456329909
585.4,0.184861109841522
585.5,0.19320623193646122
585.6,0.1926801113994552
585.7,0.18156708912696026
585.8000000000001,0.15863288534316897
585.9,0.12345863211504879
586.0,0.0766978762041086
586.1,0.020196397150708412
586.2,-0.04306228701557332
586.3000000000001,-0.10919130149548759
586.4,-0.17378635016443827
586.5,-0.23240537764407918
586.6,-0.2810650557553276
586.7,-0.3166725378449863
586.8000000000001,-0.3373218544833774
586.9,-0.3424088910123974
587.0,-0.33255239031358397
587.1,-0.30934432695097763
587.2,-0.27498422968235353
587.3000000000001,-0.23187239964776113
587.4,-0.18224242833535903
587.5,-0.12790287569914427
587.6,-0.07013354102698967
587.7,-0.009748359698070431
587.8000000000001,0.05269867795355976
587.9,0.11661885460351888
588.0,0.1810790281141044
588.1,0.2445548860772967
588.2,0.30481322171907554
588.3000000000001,0.35896353146101995
588.4,0.40368470919782795
588.5,0.43559622102905676
588.6,0.4517121878694984
588.7,0.44989753168698016
588.8000000000001,0.4292416991810384
588.9,0.3902783130531218
589.0,0.33500599570901834
589.1,0.26670135728334704
589.2,0.1895527858938471
589.3000000000001,0.1081759076868569
589.4,0.027092173354719327
589.5,-0.04974292735868076
589.6,-0.11928684454085178
589.7,-0.17958225479332982
589.8000000000001,-0.2297389174195765
589.9,-0.26974557026386164
590.0,-0.3001635008125223
590.1,-0.32177355028320026
590.2,-0.3352536692918035
590.3000000000001,-0.3409540164187987
590.4,-0.33881334070927616
590.5,-0.32842895308219067
590.6,-0.3092594505895136
590.7,-0.28091121217742115
590.8000000000001,-0.24344210783772288
590.9,-0.19761219986650239
591.0,-0.1450219497281931
591.1,-0.0881011552011881
591.2,-0.02994174528711503
591.3000000000001,0.026001481903020582
591.4,0.07629230227049189
591.5,0.11791123643097035
591.6,0.14860250404622585
591.7,0.16711257905223267
591.8000000000001,0.17328465976418492
591.9,0.16800097795670757
592.0,0.1529928616221467
592.1,0.1305611963368414
592.2,0.10326301028999448
592.3000000000001,0.07362107625910254
592.4,0.043902964100197006
592.5,0.015996599300040083
592.6,-0.008614402195248946
592.7,-0.028795223588279878
592.8000000000001,-0.04366073083002367
592.9,-0.052476790173099475
593.0,-0.054602575920220615
593.1,-0.049500959340745235
593.2,-0.03682379379666108
593.3000000000001,-0.016556498877532876
593.4,0.010813034831440327
593.5,0.044148000540274464
593.6,0.08158674318595092
593.7,0.12057543265546215
593.8000000000001,0.15802794767774297
593.9,0.19060635662373346
594.0,0.2150895379605889
594.1,0.22877639305054503
594.2,0.22985830840550064
594.3000000000001,0.2176957870229406
594.4,0.19294689251361574
594.5,0.15751827183752576
594.6,0.1143389014372831
594.7,0.06698692392172016
594.8000000000001,0.019225379741906558
594.9,-0.025481456735439386
595.0,-0.06439600437304148
595.1,-0.09581408782930496
595.2,-0.11920584045088092
595.3000000000001,-0.13517440438035433
595.4,-0.1452463660867945
595.5,-0.15153486540966854
595.6,-0.1563352921018839
595.7,-0.16172137482290813
595.8000000000001,-0.16920536743328282
595.9,-0.17951128546257789
596.0,-0.19248797995443745
596.1,-0.2071636936107517
596.2,-0.22192035787605305
596.3000000000001,-0.2347483669561705
596.4,-0.24353363348962062
596.5,-0.24632929203868387
596.6,-0.24157348287360983
596.7,-0.2282296584640888
596.8000000000001,-0.20584328708048535
596.9,-0.1745249718813175
597.0,-0.13488172718100355
597.1,-0.08792350457716198
597.2,-0.034970594594428694
597.3000000000001,0.022419702140630753
597.4,0.08249950518087047
597.5,0.14335369905529913
597.6,0.20291330063957858
597.7,0.2589769305927513
597.8000000000001,0.3092580457011343
597.9,0.35146997851694334
598.0,0.3834514385601037
598.1,0.4033241992634791
598.2,0.4096647878344956
598.3000000000001,0.40166541628218966
598.4,0.37925769070638476
598.5,0.3431762866498452
598.6,0.29494810105923697
598.7,0.23680372476284367
598.8000000000001,0.17152015803003579
598.9,0.10221414157296078
599.0,0.03211231574133827
599.1,-0.03567353351908957
599.2,-0.09834080327688846
599.3000000000001,-0.15354168571936658
599.4,-0.19947131970063484
599.5,-0.23489974358889743
599.6,-0.25915737257173
599.7,-0.2720890949602249
599.8000000000001,-0.27399357915799044
599.9,-0.2655621063852453
600.0,-0.24782610495366303
600.1,-0.2221160333828711
600.2,-0.19002801870360087
600.3000000000001,-0.1533901966490036
600.4,-0.11421900663868914
600.5,-0.07465704623243245
600.6,-0.036888035429174675
600.7,-0.003029939319470313
600.8000000000001,0.024987012668613442
600.9,0.0455461393332467
601.0,0.05746032385694331
601.1,0.06006489373913385
601.2,0.053276789782270934
601.3000000000001,0.037613957377266465
601.4,0.014174050062106975
601.5,-0.015423827055303952
601.6,-0.04912743330468568
601.7,-0.08456164856811771
601.8000000000001,-0.11915320843186421
601.9,-0.15026438353174668
602.0,-0.17533229898826047
602.1,-0.19201208125363245
602.2,-0.1983219517798223
602.3000000000001,-0.19278642080908384
602.4,-0.17457015554066388
602.5,-0.14359080041997488
602.6,-0.10059534224078892
602.7,-0.047182994714340225
602.8000000000001,0.014240762599230294
602.9,0.08058880086620457
603.0,0.14829619579904835
603.1,0.2135921324329128
603.2,0.27281627931685953
603.3000000000001,0.32274539836432553
603.4,0.36088941834731436
603.5,0.3857156443057546
603.6,0.39676612402327927
603.7,0.39464613470191046
603.8000000000001,0.38087968445979986
603.9,0.3576481462522317
604.0,0.32744729393067457
604.1,0.29271265518818124
604.2,0.255470366566142
604.3000000000001,0.21706888397315907
604.4,0.17803576614270963
604.5,0.13808474842038768
604.6,0.09627435834364109
604.7,0.05129428635122443
604.8000000000001,0.0018338419234494804
604.9,-0.05302808541042113
605.0,-0.11347736203264959
605.1,-0.1787234656398569
605.2,-0.2469074255965403
605.3000000000001,-0.3151801392873903
605.4,-0.37994525330893025
605.5,-0.4372343411324277
605.6,-0.48316068219437075
605.7,-0.5143850936934418
605.8000000000001,-0.5285250786839252
605.9,-0.5244473259574451
606.0,-0.502401789270983
606.1,-0.46398009811622054
606.2,-0.41190782199965664
606.3000000000001,-0.34970474863755785
606.4,-0.28126592336768846
606.5,-0.21042591743466674
606.6,-0.14056837882286433
606.7,-0.07433281485661081
606.8000000000001,-0.01345278375868564
606.9,0.04126256191933364
607.0,0.08981452804426673
607.1,0.13279927830602428
607.2,0.17113498210069122
607.3000000000001,0.20578171262562314
607.4,0.23750116911410898
607.5,0.26669279959760583
607.6,0.2933269953806381
607.7,0.31697766239005726
607.8000000000001,0.3369388515074655
607.9,0.3523961683352278
608.0,0.3626155494826073
608.1,0.36711078502648664
608.2,0.36575678731026556
608.3000000000001,0.3588268348553682
608.4,0.34694676492007365
608.5,0.3309747600331148
608.6,0.31182931992963553
608.7,0.2902979355529737
608.8000000000001,0.26686329383860413
608.9,0.24158187346416604
609.0,0.2140418736254106
609.1,0.18341480242413294
609.2,0.1485997038271174
609.3000000000001,0.10844329712042572
609.4,0.062005672394990705
609.5,0.008831767678336901
609.6,-0.050814812841004
609.7,-0.11579627262336092
609.8000000000001,-0.18405494343564865
609.9,-0.2526947688710567
610.0,-0.3181897471216164
610.1,-0.37670073448060626
610.2,-0.42446535304498517
610.3000000000001,-0.4582132874913294
610.4,-0.475552960887385
610.5,-0.47527661954825823
610.6,-0.45753941143673876
610.7,-0.4238832287593766
610.8000000000001,-0.377096033561402
610.9,-0.32091945868893224
611.0,-0.2596386145212962
611.1,-0.19760517269314903
611.2,-0.13875532687742853
611.3000000000001,-0.08618638628784969
611.4,-0.04184893330900188
611.5,-0.006396364114540187
611.6,0.020787826331428345
611.7,0.04138950061025871
611.8000000000001,0.05781923885420361
611.9,0.07277362480344197
612.0,0.0887663463061716
612.1,0.107697665285158
612.2,0.13052541621468192
612.3000000000001,0.157085884004384
612.4,0.18609079403862153
612.5,0.21530047913467235
612.6,0.24184700311082025
612.7,0.2626586197985257
612.8000000000001,0.27492187180713584
612.9,0.27651221827699135
613.0,0.26632916852703453
613.1,0.24448669578861731
613.2,0.212331897664291
613.3000000000001,0.17229098316032498
613.4,0.12756761681215734
613.5,0.08174039833184682
613.6,0.038320450831555275
613.7,0.00033460629526674003
613.8000000000001,-0.03000605181352691
613.9,-0.0515074264359619
614.0,-0.06404009927516564
614.1,-0.06843476563277726
614.2,-0.0662503873100946
614.3000000000001,-0.05945900914071843
614.4000000000001,-0.05010247403514578
614.5,-0.03997821836886953
614.6,-0.03040382875243291
614.7,-0.0220945402642962
614.8000000000001,-0.015167097230206435
614.9000000000001,-0.009260949042402485
615.0,-0.003747411259733732
615.1,0.0020174198168574006
615.2,0.00844711760910751
615.3000000000001,0.015535747526338637
615.4000000000001,0.022763373707624192
615.5,0.02911715807220483
615.6,0.033227832127455274
615.7,0.033600077311330044
615.8000000000001,0.028897612166353018
615.9000000000001,0.01823259997831978
616.0,0.0014063237958205476
616.1,-0.020945512956283684
616.2,-0.04733495378360511
616.3000000000001,-0.07554312752511798
616.4000000000001,-0.1028695110893134
616.5,-0.12647610361083392
616.6,-0.14377651817510242
616.7,-0.15281067770417445
616.8000000000001,-0.15254582346117862
616.9000000000001,-0.14305410836224014
617.0,-0.12553482367936522
617.1,-0.10217263052748929
617.2,-0.0758484402664777
617.3000000000001,-0.04974284255097094
617.4000000000001,-0.02688950071009626
617.5,-0.009744850422400173
617.6,0.00016081072826315199
617.7,0.0024371512357253045
617.8000000000001,-0.002121211996524324
617.9000000000001,-0.011666862438176905
618.0,-0.023590023717481853
618.1,-0.03492389598534604
618.2,-0.04280338818811737
618.3000000000001,-0.04490700597470325
618.4000000000001,-0.03981376837400994
618.5,-0.02721979211019436
618.6,-0.007980720726022673
618.7,0.016026798429240364
618.8000000000001,0.04220306276330703
618.9000000000001,0.06763598491176077
619.0,0.08955974913268383
619.1,0.10578874392085047
619.2,0.11505750128785637
619.3000000000001,0.11721179159592791
619.4000000000001,0.11321924329970705
619.5,0.10499629036920498
619.6,0.09507745089919324
619.7,0.08617830419939317
619.8000000000001,0.08072102676063421
619.9000000000001,0.08039815039021694
620.0,0.08584516766243974
620.1,0.0964764395947714
620.2,0.11051402266877274
620.3000000000001,0.12520936305754188
620.4000000000001,0.13722790986445701
620.5,0.14314122387827244
620.6,0.1399540621211178
620.7,0.1255878489438114
620.8000000000001,0.09924782689521149
620.9000000000001,0.06161808101215963
621.0,0.014853913120938261
621.1,-0.03762920298252874
621.2,-0.09154119286208609
621.3000000000001,-0.14222351467006458
621.4000000000001,-0.18520513790644982
621.5,-0.21673161392676146
621.6,-0.23419586825358601
621.7,-0.23641508995058585
621.8000000000001,-0.22372157273641652
621.9000000000001,-0.19786282374483655
622.0,-0.1617334309935098
622.1,-0.11898396392769817
622.2,-0.07356726595467217
622.3000000000001,-0.029287871671601146
622.4000000000001,0.010584492558835968
622.5,0.04359012544156595
622.6,0.06821629720807289
622.7,0.08389213731880525
622.8000000000001,0.09086004415993332
622.9000000000001,0.08996018298772318
623.0,0.08237551373177929
623.1,0.06938707288407477
623.2,0.05218289364745178
623.3000000000001,0.031750379698184235
623.4000000000001,0.008863710392640726
623.5,-0.015841766576530403
623.6,-0.04173374915975112
623.7,-0.06802382018524909
623.8000000000001,-0.0936280805634206
623.9000000000001,-0.11708772816161221
624.0,-0.1365790575999651
624.1,-0.1500258424807637
624.2,-0.1553075452883412
624.3000000000001,-0.1505376592444789
624.4000000000001,-0.13437108011561116
624.5,-0.1062905122461605
624.6,-0.06682125612155955
624.7,-0.017631671730711486
624.8000000000001,0.03850790911094372
624.9000000000001,0.09791439303741394
625.0,0.15631326526165382
625.1,0.20925524282738683
625.2,0.25257576929972136
625.3000000000001,0.28283702537368416
625.4000000000001,0.2976934605663205
625.5,0.29613225195948795
625.6,0.27855795487190554
625.7,0.24671307263419534
625.8000000000001,0.20344971198606795
625.9000000000001,0.15238811965895688
626.0,0.09751241289895496
626.1,0.04275997695412867
626.2,-0.00834199036969157
626.3000000000001,-0.05295065985327857
626.4000000000001,-0.08906782186166208
626.5,-0.11558185525167426
626.6,-0.1322064661494458
626.7,-0.1393462603777316
626.8000000000001,-0.13792723215912814
626.9000000000001,-0.12923006024981054
627.0,-0.11475610463058988
627.1,-0.09614214830998566
627.2,-0.07512336745666212
627.3000000000001,-0.05352844884348123
627.4000000000001,-0.033279750055024045
627.5,-0.016367564894161267
627.6,-0.004772096052238598
627.7,-0.00031906241336796356
627.8000000000001,-0.004472665015703427
627.9000000000001,-0.01808925370427327
628.0,-0.04117217055320135
628.1,-0.07267878363883211
628.2,-0.11043160248884387
628.3000000000001,-0.15117526674648468
628.4000000000001,-0.1908009398462431
628.5,-0.22473216301605894
628.6,-0.24843617119392836
628.7,-0.2579975888140361
628.8000000000001,-0.2506727510044743
628.9000000000001,-0.225336913631337
629.0,-0.18274554461648404
629.1,-0.12555433531129892
629.2,-0.058077434182862084
629.3000000000001,0.014195707574370532
629.4000000000001,0.08526439794840207
629.5,0.1493689691067765
629.6,0.20172022426494374
629.7,0.23909449508563776
629.8000000000001,0.2602008350784292
629.9000000000001,0.26576123431665527
630.0,0.2582900172238555
630.1,0.24160732272351965
630.2,0.22016546702967707
630.3000000000001,0.1982983738526021
630.4000000000001,0.17951745302850095
630.5,0.16596971649499934
630.6,0.15814654515432414
630.7,0.1548888644346897
630.8000000000001,0.15368380918485336
630.9000000000001,0.15119802125807402
631.0,0.1439522444416681
631.1,0.1290179784257298
631.2,0.10461385383278375
631.3000000000001,0.07049765332834401
631.4000000000001,0.028086299208829192
631.5,-0.019715800709399017
631.6,-0.06894844127909952
631.7,-0.11521045088813489
631.8000000000001,-0.15434941068480393
631.9000000000001,-0.1831060315776389
632.0,-0.19960233570260025
632.1,-0.20359165009576458
632.2,-0.19643141964030672
632.3000000000001,-0.18078915397509002
632.4000000000001,-0.16013856110663738
632.5,-0.13813877914382008
632.6,-0.11800835228226299
632.7,-0.1020041331860395
632.8000000000001,-0.09109423961167891
632.9000000000001,-0.08487767427176765
633.0,-0.08175807141848797
633.1,-0.07933352379645547
633.2,-0.07492673085819902
633.3000000000001,-0.06615637553512081
633.4000000000001,-0.051445525275894334
633.5,-0.030376433074270365
633.6,-0.003830479345497689
633.7,0.026108522031027426
633.8000000000001,0.056467155998907725
633.9000000000001,0.08385342083525743
634.0,0.10500182782700448
634.1,0.11729792122000508
634.2,0.11919387525067386
634.3000000000001,0.11044828345372648
634.4000000000001,0.09215546488514699
634.5,0.0665664557025762
634.6,0.03673866651875228
634.7,0.006077981305356928
634.8000000000001,-0.022148401824205736
634.9000000000001,-0.04524967710518435
635.0,-0.061433907728011154
635.1,-0.06997268070096671
635.2,-0.07119407234658064
635.3000000000001,-0.06631894790860259
635.4000000000001,-0.0571796681564965
635.5,-0.045875726555200835
635.6,-0.03442577976126999
635.7,-0.024470096964039362
635.8000000000001,-0.017063624245884257
635.9000000000001,-0.012580938221872656
636.0,-0.010734222084885942
636.1,-0.010687696238080125
636.2,-0.011239445693514143
636.3000000000001,-0.011035753533548713
636.4000000000001,-0.00878386696186141
636.5,-0.0034353089100219794
636.6,0.005678727196168789
636.7,0.018768122138004696
636.8000000000001,0.035560036755626835
636.9000000000001,0.05532378187354348
637.0,0.07693471805484539
637.1,0.09896756234316499
637.2,0.11981120957204429
637.3000000000001,0.13779918894591783
637.4000000000001,0.15135087047637316
637.5,0.15911772511816658
637.6,0.16012628892234687
637.7,0.15390571898308414
637.8000000000001,0.1405842774700673
637.9000000000001,0.12093729568050235
638.0,0.09637051477853124
638.1,0.06882793586502102
638.2,0.04062232017296447
638.3000000000001,0.014198175772368288
638.4000000000001,-0.008150458851365934
638.5,-0.024574259769195625
638.6,-0.03393484875477954
638.7,-0.036001966586135685
638.8000000000001,-0.03154632275788761
638.9000000000001,-0.022305106811235247
639.0,-0.010814314063993021
639.1,-0.00012154182979137946
639.2,0.006588416361992947
639.3000000000001,0.00640819614885006
639.4000000000001,-0.002892302191792116
639.5,-0.02253573416204841
639.6,-0.052523165985724936
639.7,-0.09156675589138134
639.8000000000001,-0.13717981389465453
639.9000000000001,-0.18591311231965002
640.0,-0.23370660555469047
640.1,-0.2763109727178015
640.2,-0.30972571057058734
640.3000000000001,-0.3306007247308846
640.4000000000001,-0.3365560123611934
640.5,-0.3263874404616115
640.6,-0.3001433267316486
640.7,-0.25907372272962054
640.8000000000001,-0.20546936613392755
640.9000000000001,-0.14241822212393454
641.0,-0.07351330019194281
641.1,-0.002545943274140526
641.2,0.06678513516858486
641.3000000000001,0.1311257006428545
641.4000000000001,0.1876635711886413
641.5,0.23426467335592954
641.6,0.26954682602361074
641.7,0.2928949940675125
641.8000000000001,0.3044243122766085
641.9000000000001,0.3048983293502567
642.0,0.29561043301077405
642.1,0.27823702863674254
642.2,0.25467221983738425
642.3000000000001,0.22685552115976124
642.4000000000001,0.19660611685228008
642.5,0.16547862668294305
642.6,0.1346553898099894
642.7,0.10488821046481746
642.8000000000001,0.07649798948954578
642.9000000000001,0.04943390717790554
643.0,0.02338562564013157
643.1,-0.002066375037406824
643.2,-0.027284191044673604
643.3000000000001,-0.052415615607776286
643.4000000000001,-0.07727318253847651
643.5,-0.10127116453514005
643.6,-0.12343439473604491
643.7,-0.14248176857391734
643.8000000000001,-0.15697518506456737
643.9000000000001,-0.16551356550799493
644.0,-0.16694342517714128
644.1,-0.16055378928156414
644.2,-0.1462247927639512
644.3000000000001,-0.12450591310941353
644.4000000000001,-0.09661037512440318
644.5,-0.06432503674171473
644.6,-0.02984782782595132
644.7,0.0044245992747994674
644.8000000000001,0.03612968665379166
644.9000000000001,0.06316120658373484
645.0,0.08385317001326568
645.1,0.09710518183133442
645.2,0.10243921033317725
645.3000000000001,0.09998864532176524
645.4000000000001,0.0904301524312693
645.5,0.07487555838863301
645.6,0.05474384826285822
645.7,0.03163216716363682
645.8000000000001,0.007200156834555416
645.9000000000001,-0.01692466924622081
646.0,-0.039219839185751934
646.1,-0.0583242307002038
646.2,-0.0730861088247678
646.3000000000001,-0.08261123152457549
646.4000000000001,-0.0863162249755874
646.5,-0.0839869774514123
646.6,-0.07583541633350967
646.7,-0.06254237072816198
646.8000000000001,-0.04527085599066089
646.9000000000001,-0.025634201718981953
647.0,-0.0056074607548273385
647.1,0.012621842431859657
647.2,0.026857444485813384
647.3000000000001,0.035135461903765645
647.4000000000001,0.03597610087577416
647.5,0.02861263307020489
647.6,0.01316248697962439
647.7,-0.009290994506933405
647.8000000000001,-0.036728424350196465
647.9000000000001,-0.06634454911385883
648.0,-0.0948111339194289
648.1,-0.11862834079216723
648.2,-0.13452595800265096
648.3000000000001,-0.1398659100432945
648.4000000000001,-0.1329937985597023
648.5,-0.11349068961757187
648.6,-0.08228685406225399
648.7,-0.041615539349464326
648.8000000000001,0.005194935599699092
648.9000000000001,0.054071081262835836
649.0,0.10064681746834422
649.1,0.14076432590150917
649.2,0.17096048011782466
649.3000000000001,0.18887606004591642
649.4000000000001,0.19353335149481937
649.5,0.1854437503837192
649.6,0.1665286828079317
649.7,0.13986170648844304
649.8000000000001,0.1092637712366732
649.9000000000001,0.07880392776921737
650.0,0.0522713454039189
650.1,0.03268924087366675
650.2,0.021936327422611382
650.3000000000001,0.02052712228829496
650.4000000000001,0.02758070970897172
650.5,0.04098129528045281
650.6,0.0577068073493464
650.7,0.07427783439304214
650.8000000000001,0.08726191581964052
650.9000000000001,0.09376030402982727
651.0,0.09180711943883858
651.1,0.08062406395924833
651.2,0.060695673877176406
651.3000000000001,0.03365725074969654
651.4000000000001,0.002015988413913941
651.5,-0.03124896673447676
651.6,-0.0631436778933917
651.7,-0.0911018407634697
651.8000000000001,-0.1133436970463353
651.9000000000001,-0.12909668856433792
652.0,-0.13864572319293872
652.1,-0.14320851398523485
652.2,-0.14465955962705934
652.3000000000001,-0.1451504142991712
652.4000000000001,-0.14669006698129025
652.5,-0.15075494296329298
652.6,-0.15799242157212912
652.7,-0.16806587493065908
652.8000000000001,-0.1796658017484612
652.9000000000001,-0.19068460038695825
653.0,-0.19852637411965512
653.1,-0.20050213609010947
653.2,-0.19424818469914965
653.3000000000001,-0.17810307059080235
653.4000000000001,-0.1513865374560735
653.5,-0.11454043966442362
653.6,-0.06911389399090197
653.7,-0.017598977526805507
653.8000000000001,0.03685481047779892
653.9000000000001,0.09080273272596123
654.0,0.1408904819303754
654.1,0.18421022443830248
654.2,0.21858192382038796
654.3000000000001,0.2427288848058382
654.4000000000001,0.256333748980107
654.5,0.2599786771546624
654.6,0.25498841703150277
654.7,0.243205379456001
654.8000000000001,0.2267307634436994
654.9000000000001,0.20766529261743832
655.0,0.18787828229010026
655.1,0.16882615830090594
655.2,0.15143297529584926
655.3000000000001,0.13603748217491848
655.4000000000001,0.12240487770223754
655.5,0.10979695059889222
655.6,0.09709155262917249
655.7,0.08294064645291901
655.8000000000001,0.06595472630561969
655.9000000000001,0.044899650941054005
656.0,0.01888971264464777
656.1,-0.012441513330755868
656.2,-0.04881247942108749
656.3000000000001,-0.08922667093664083
656.4000000000001,-0.1319835405888058
656.5,-0.17477685855778502
656.6,-0.21487994052523934
656.7,-0.2494049492575986
656.8000000000001,-0.27561077183449767
656.9000000000001,-0.29122317365365685
657.0,-0.2947243997325054
657.1,-0.2855690503587247
657.2,-0.2642898743739353
657.3000000000001,-0.23247079412200405
657.4000000000001,-0.19258332344306497
657.5,-0.14770370022707643
657.6,-0.10114793177877883
657.7,-0.056076862536924885
657.8000000000001,-0.015130270670698415
657.9000000000001,0.0198538852964747
658.0,0.04799166595346523
658.1,0.069354148558092
658.2,0.08481996697963677
658.3000000000001,0.09580772181850691
658.4000000000001,0.10393767736358671
658.5,0.11068472046216299
658.6,0.1170860039035747
658.7,0.12355646471352363
658.8000000000001,0.12984512459134218
658.9000000000001,0.13513833604872566
659.0,0.13828785859258316
659.1,0.13811718533081394
659.2,0.1337436476667696
659.3000000000001,0.12484973023193754
659.4000000000001,0.11184576225043748
659.5,0.09588630005461324
659.6,0.07873043236086104
659.7,0.062466703927108305
659.8000000000001,0.049150545053005215
659.9000000000001,0.040420710617357136
660.0,0.03716752085464096
660.1,0.03931820895295792
660.2,0.045784592173002216
660.3000000000001,0.05458920394588841
660.4000000000001,0.06315333891897106
660.5,0.06870031507801785
660.6,0.06870537569729503
660.7,0.06131424621046213
660.8000000000001,0.04565729098099754
660.9000000000001,0.022004628439635184
661.0,-0.008263961639709263
661.1,-0.0428673090158591
661.2,-0.07897059308778275
661.3000000000001,-0.11360961456544956
661.4000000000001,-0.1441163703412628
661.5,-0.16847253046902705
661.6,-0.1855328220731094
661.7,-0.19508617040703588
661.8000000000001,-0.1977536198039852
661.9000000000001,-0.19475248153196156
662.0,-0.1875799872911531
662.1,-0.17768249518937163
662.2,-0.166175766289923
662.3000000000001,-0.153668425895769
662.4000000000001,-0.14021740934171642
662.5,-0.12541585871766042
662.6,-0.10858640670418444
662.7,-0.08903163329832872
662.8000000000001,-0.06628292216535218
662.9000000000001,-0.04029098227874545
663.0,-0.011515347230997676
663.1,0.019106834151989723
663.2,0.050305331377946134
663.3000000000001,0.08070188011656544
663.4000000000001,0.10906453037521906
663.5,0.13453263388369455
663.6,0.1567590027729417
663.7,0.17593268077842603
663.8000000000001,0.1926710316734455
663.9000000000001,0.2077983347978368
664.0,0.2220539093287958
664.1,0.23579053574680878
664.2,0.24872972228685344
664.3000000000001,0.2598326459306867
664.4000000000001,0.2673255424848504
664.5,0.2688895838531452
664.6,0.26199331771890494
664.7,0.244316752146678
664.8000000000001,0.21419587049857924
664.9000000000001,0.17100888605058298
665.0,0.11543259500176474
665.1,0.049517692482754644
665.2,-0.0234377747131872
665.3000000000001,-0.09920307895819241
665.4000000000001,-0.17307142266325384
665.5,-0.24038797472472925
665.6,-0.29706705808371475
665.7,-0.34001910612052083
665.8000000000001,-0.36742487201116275
665.9000000000001,-0.3788219301871942
666.0,-0.3750015113464881
666.1,-0.3577459864951354
666.2,-0.32946294074596066
666.3000000000001,-0.29278621283461825
666.4000000000001,-0.2502152013395383
666.5,-0.20385145353106424
666.6,-0.1552688636503086
666.7,-0.10552542822347533
666.8000000000001,-0.05529610193072061
666.9000000000001,-0.0050833625802341595
667.0,0.0445511142695619
667.1,0.09279152931032943
667.2,0.138457144954897
667.3000000000001,0.1800032040728879
667.4000000000001,0.21563648071275807
667.5,0.24352378140551503
667.6,0.2620522204986936
667.7,0.27008945873966456
667.8000000000001,0.2671922042258194
667.9000000000001,0.25372179029839736
668.0,0.23084413257849556
668.1,0.20041384746343366
668.2,0.16476411209241315
668.3000000000001,0.12644056556332017
668.4000000000001,0.08792597409396083
668.5,0.05140110325270464
668.6,0.01857691545761892
668.7,-0.009383623579312838
668.8000000000001,-0.03185534937435668
668.9000000000001,-0.04867140135521718
669.0,-0.060005899662454
669.1,-0.06625462409835711
669.2,-0.06794510606369313
669.3000000000001,-0.06569559957184637
669.4000000000001,-0.060225865277505404
669.5,-0.05240557737593709
669.6,-0.043312621929540225
669.7,-0.03426702554421925
669.8000000000001,-0.02680864051438859
669.9000000000001,-0.022597934644598323
670.0,-0.02323717703550476
670.1,-0.03003022111610914
670.2,-0.043718324660186506
670.3000000000001,-0.06424246070612424
670.4000000000001,-0.09058588297650501
670.5,-0.12074270485162902
670.6,-0.15183963042025111
670.7,-0.1804117205047832
670.8000000000001,-0.20280395106977545
670.9000000000001,-0.2156439899215266
671.0,-0.2163135361064397
671.1,-0.20333987173207244
671.2,-0.17663789269291116
671.3000000000001,-0.13755503670423247
671.4000000000001,-0.08870376363518154
671.5,-0.033602993819596416
671.6,0.02381552556191631
671.7,0.07975416124013944
671.8000000000001,0.13105604984560318
671.9000000000001,0.17558278446747738
672.0,0.2123958105109717
672.1,0.2417086534580115
672.2,0.26461868717026515
672.3000000000001,0.282668413802289
672.4000000000001,0.29731952386055494
672.5,0.3094419408526211
672.6,0.3189207000804517
672.7,0.3244651946601769
672.8000000000001,0.32367083423198617
672.9000000000001,0.3133383203160791
673.0,0.29000838923366173
673.1,0.2506284841887607
673.2,0.19323996986867212
673.3000000000001,0.11756548668706455
673.4000000000001,0.025387872796243476
673.5,-0.07935690453375213
673.6,-0.19080525592924724
673.7,-0.30169078095516466
673.8000000000001,-0.40410001809154433
673.9000000000001,-0.49035234613565104
674.0,-0.5538762273037765
674.1,-0.5899539240567618
674.2,-0.5962276460984048
674.3000000000001,-0.5728981031309197
674.4000000000001,-0.5225950407147925
674.5,-0.44995018262877845
674.6,-0.3609475198702386
674.7,-0.2621567759797558
674.8000000000001,-0.15996837548340886
674.9000000000001,-0.05994089395122934
675.0,0.03365319674313223
675.1,0.1180356044488546
675.2,0.19187984198879102
675.3000000000001,0.25505563491811345
675.4000000000001,0.30822966866481416
675.5,0.35241025097551165
675.6,0.38852485376105106
675.7,0.41710502867139876
675.8000000000001,0.4381264584804181
675.9000000000001,0.45101854356820226
676.0,0.45482446639214147
676.1,0.4484653153953148
676.2,0.4310452878775056
676.3000000000001,0.4021316413516888
676.4000000000001,0.3619527049285602
676.5,0.3114772186714641
676.6,0.2523640401274698
676.7,0.18679747886475925
676.8000000000001,0.11724504302858456
676.9000000000001,0.04618726372124457
677.0,-0.02412852321229698
677.1,-0.09186681988234441
677.2,-0.15568788763932453
677.3000000000001,-0.21473069915681067
677.4000000000001,-0.2685095220925679
677.5,-0.31675530029851473
677.6,-0.35924213202024513
677.7,-0.39563937302446256
677.8000000000001,-0.4254216435893614
677.9000000000001,-0.4478544493439412
678.0,-0.46205560669786105
678.1,-0.46711602837860144
678.2,-0.46225115669881545
678.3000000000001,-0.44694884999693885
678.4000000000001,-0.4210817167906077
678.5,-0.3849609726714823
678.6,-0.3393226417264711
678.7,-0.285252183982955
678.8000000000001,-0.22406701915826902
678.9000000000001,-0.15718504782390189
679.0,-0.08600935753477615
679.1,-0.011854513895766167
679.2,0.06407065858961301
679.3000000000001,0.1406227200259055
679.4000000000001,0.2166386705754275
679.5,0.2908306451821726
679.6,0.3616904326678646
679.7,0.42743338326082114
679.8000000000001,0.4860041824092255
679.9000000000001,0.5351548977146211
680.0,0.5725911655868609
680.1,0.5961683813328509
680.2,0.6041091506272868
680.3000000000001,0.5952081698421341
680.4000000000001,0.5689920772408096
680.5,0.5258092660100718
680.6,0.4668365569063497
680.7,0.39400352025191987
680.8000000000001,0.309848326436221
680.9000000000001,0.21732878107743758
681.0,0.11961694975475706
681.1,0.01990490658036396
681.2,-0.07875673747447241
681.3000000000001,-0.17357512700459038
681.4000000000001,-0.262084263419036
681.5,-0.34217408073234995
681.6,-0.4120927204866819
681.7,-0.47043710602469785
681.8000000000001,-0.5161445962244869
681.9000000000001,-0.5484929822037344
682.0,-0.5671091138623336
682.1,-0.5719800375995053
682.2,-0.5634565119163014
682.3000000000001,-0.5422383015242522
682.4000000000001,-0.5093339387342716
682.5,-0.46599387764629424
682.6,-0.41362352189065704
682.7,-0.35368941814281324
682.8000000000001,-0.2876359891717118
682.9000000000001,-0.2168301275982368
683.0,-0.1425463458522649
683.1,-0.06599667096762844
683.2,0.011601191281457066
683.3000000000001,0.08893431492173054
683.4000000000001,0.1645081414440667
683.5,0.23659040771739998
683.6,0.30320928577147543
683.7,0.36222039299407033
683.8000000000001,0.4114437722689454
683.9000000000001,0.44885666733075824
684.0,0.47281414515546927
684.1,0.482260466949429
684.2,0.4768919143931905
684.3000000000001,0.45723751927126827
684.4000000000001,0.4246371578862004
684.5,0.3811144959474655
684.6,0.32916184711968655
684.7,0.27147116274074534
684.8000000000001,0.21065643020683758
684.9000000000001,0.149015154941452
685.0,0.08836946921444559
685.1,0.030011848196064502
685.2,-0.025240662627712775
685.3000000000001,-0.0769021940623066
685.4000000000001,-0.1246213126136233
685.5,-0.16798091367177032
685.6,-0.20634525445695837
685.7,-0.23879513774296007
685.8000000000001,-0.2641734716254307
685.9000000000001,-0.28123897475031806
686.0,-0.288900644942689
686.1,-0.2864851010142599
686.2,-0.27397764051624873
686.3000000000001,-0.25217869221908784
686.4000000000001,-0.22273073485201586
686.5,-0.1879945512711051
686.6,-0.1507834685309562
686.7,-0.11399412847836263
686.8000000000001,-0.0801961713483374
686.9000000000001,-0.05125578639794422
687.0,-0.028066246232638713
687.1,-0.010441946517673984
687.2,0.0027962514877727857
687.3000000000001,0.013552242852828446
687.4000000000001,0.024046139088306717
687.5,0.03633848895259653
687.6,0.05187568707838764
687.7,0.07114432050921107
687.8000000000001,0.09350445980570671
687.9000000000001,0.11723995758392809
688.0,0.13982342564798034
688.1,0.15835230986998475
688.2,0.1700783489257722
688.3000000000001,0.17293250205902538
688.4000000000001,0.16594544375799397
688.5,0.14948080124707958
688.6,0.1252316320392697
688.7,0.09597417951032995
688.8000000000001,0.0651185859045384
688.9000000000001,0.036135307077266865
689.0,0.01196089568765562
689.1,-0.00550737637462944
689.2,-0.01573329006124263
689.3000000000001,-0.019617785053936337
689.4000000000001,-0.01931207953450032
689.5,-0.017798947684011062
689.6,-0.018316401145521133
689.7,-0.0237276375910145
689.8000000000001,-0.035951643080104456
689.9000000000001,-0.05555825000275061
690.0,-0.08160172436833817
690.1,-0.11172365371189903
690.2,-0.14250713384067273
690.3000000000001,-0.17001909699024248
690.4000000000001,-0.1904444253085776
690.5,-0.20070026555637915
690.6,-0.1989242723893072
690.7,-0.18475503578829042
690.8000000000001,-0.15936178375163915
690.9000000000001,-0.12522608834657475
691.0,-0.08572211403271336
691.1,-0.04457584955792127
691.2,-0.005301754314042418
691.3000000000001,0.029285497661698093
691.4000000000001,0.057405158384220466
691.5,0.07844378672371906
691.6,0.09288061117580708
691.7,0.10203620854463867
691.8000000000001,0.10770626325296433
691.9000000000001,0.11175894382264442
692.0,0.11577494063707888
692.1,0.12079416307985581
692.2,0.127206274791474
692.3000000000001,0.13478965036281512
692.4000000000001,0.14287190482782147
692.5,0.1505613283452008
692.6,0.1569870134492543
692.7,0.16148815768984762
692.8000000000001,0.16370889402583758
692.9000000000001,0.16358023265350977
693.0,0.16119957522038453
693.1,0.15664438402298525
693.2,0.1497742072665585
693.3000000000001,0.140080471370151
693.4000000000001,0.12663498680027463
693.5,0.10816759906039737
693.6,0.08327502410030109
693.7,0.050732502331048715
693.8000000000001,0.00985384957738121
693.9000000000001,-0.03917065366173422
694.0,-0.09503165926973754
694.1,-0.15521455876305612
694.2,-0.21610612713495073
694.3000000000001,-0.2732974159722792
694.4000000000001,-0.32205102545293474
694.5,-0.35786988405151193
694.6,-0.37708375335880095
694.7,-0.37736282180257963
694.8000000000001,-0.35807635387485476
694.9000000000001,-0.3204370140033532
695.0,-0.26740426868858913
695.1,-0.20335751363153917
695.2,-0.13358490741324566
695.3000000000001,-0.06366141947354188
695.4000000000001,0.0011950779795420392
695.5,0.05669989030714213
695.6,0.09993301947301482
695.7,0.1295737276160894
695.8000000000001,0.14591690107027905
695.9000000000001,0.15068256378619801
696.0,0.14665865073718748
696.1,0.13723780524066345
696.2,0.1259188950469194
696.3000000000001,0.11584251933360735
696.4000000000001,0.10941829566435009
696.5,0.10808299314024535
696.6,0.11220632848172027
696.7,0.12113933668282512
696.8000000000001,0.1333820075819976
696.9000000000001,0.1468346354205104
697.0,0.15909203399253474
697.1,0.16774108796264026
697.2,0.17062864201144418
697.3000000000001,0.16607642841546716
697.4000000000001,0.153030391064799
697.5,0.1311414503346472
697.6,0.10078214159493105
697.7,0.0630080766681387
697.8000000000001,0.019474972739076703
697.9000000000001,-0.027678236526246097
698.0,-0.07597097470006377
698.1,-0.12273942170848015
698.2,-0.16530463790405847
698.3000000000001,-0.20114315051492357
698.4000000000001,-0.22805177723514022
698.5,-0.24429716394059026
698.6,-0.2487395298838239
698.7,-0.24092008443333573
698.8000000000001,-0.2211029593976091
698.9000000000001,-0.19026543997566864
699.0,-0.150034579130851
699.1,-0.1025734423136134
699.2,-0.05042554763433184
699.3000000000001,0.0036692264441787396
699.4000000000001,0.056970587812149316
699.5,0.10692734825955634
699.6,0.1513426664454799
699.7,0.18849962409058016
699.8000000000001,0.2172359399479966
699.9000000000001,0.23696210824043384
700.0,0.247623436980975
700.1,0.24961271854766554
700.2,0.24364594108351229
700.3000000000001,0.23061792383200255
700.4000000000001,0.21145747590122163
700.5,0.18700218819661554
700.6,0.15791099099258415
700.7,0.12462810016083792
700.8000000000001,0.08740519527486046
700.9000000000001,0.04638023924101332
701.0,0.0017022346730701777
701.1,-0.046317320302712545
701.2,-0.09705205651472322
701.3000000000001,-0.14943643086853103
701.4000000000001,-0.20189735604001152
701.5,-0.2523637043452316
701.6,-0.2983652471991583
701.7,-0.3372189134876776
701.8000000000001,-0.3662852006955184
701.9000000000001,-0.38326359904948293
702.0,-0.3864855763594893
702.1,-0.37515927529614607
702.2,-0.34952305361431923
702.3000000000001,-0.3108756379591202
702.4000000000001,-0.26146788642221014
702.5,-0.2042625733720741
702.6,-0.1425908274707638
702.7,-0.07975300626120306
702.8000000000001,-0.018624222761504695
702.9000000000001,0.038672295505244564
703.0,0.09096858634827487
703.1,0.1380945122502887
703.2,0.18074745044251578
703.3000000000001,0.22020618776258472
703.4000000000001,0.25793388727494776
703.5,0.2951364542897358
703.6,0.3323536108045064
703.7,0.3691580056638715
703.8000000000001,0.4040224623707893
703.9000000000001,0.4343890771858151
704.0,0.45694049296413286
704.1,0.468038869988996
704.2,0.4642678911841476
704.3000000000001,0.4429929933997025
704.4000000000001,0.40284871156073127
704.5,0.34407101801089285
704.6,0.2686156350218735
704.7,0.18003679522577046
704.8000000000001,0.0831392441252584
704.9000000000001,-0.01654706812030096
705.0,-0.11339142668219296
705.1,-0.20229184480188808
705.2,-0.2792151557807026
705.3000000000001,-0.3415684063605594
705.4000000000001,-0.3883502667889388
705.5,-0.42006718642393254
705.6,-0.43843687484406213
705.7,-0.4459350081459579
705.8000000000001,-0.4452643898545547
705.9000000000001,-0.43883551692008954
706.0,-0.42834241251829663
706.1,-0.41449903592451004
706.2,-0.3969731348478896
706.3000000000001,-0.37452115147319076
706.4000000000001,-0.3452953846774766
706.5,-0.30726827285921465
706.6,-0.25870232017347483
706.7,-0.1985898793802577
706.8000000000001,-0.12699465325024586
706.9000000000001,-0.04524436756732497
707.0,0.044051860403290184
707.1,0.13716158472686793
707.2,0.22953819065892495
707.3000000000001,0.3162376880896958
707.4000000000001,0.39238811047559474
707.5,0.45365329800189685
707.6,0.49663746733857383
707.7,0.5191877909879351
707.8000000000001,0.5205669815138645
707.9000000000001,0.5014842037555982
708.0,0.463988384082414
708.1,0.411241542610599
708.2,0.34720016744135934
708.3000000000001,0.2762394837308975
708.4000000000001,0.20275876793528633
708.5,0.13080586318959248
708.6,0.06375606497046285
708.7,0.004074837540310856
708.8000000000001,-0.046814350823231286
708.9000000000001,-0.08854607698073182
709.0,-0.12171374066850861
709.1,-0.1476684021436889
709.2,-0.16824087857799258
709.3000000000001,-0.1854220132763824
709.4000000000001,-0.2010420155039756
709.5,-0.216490705968441
709.6,-0.23251567704861348
709.7,-0.24912494103894944
709.8000000000001,-0.2656057462506017
709.9000000000001,-0.2806539703614206
710.0,-0.2925915780928067
710.1,-0.29963596495086664
710.2,-0.30017713747843316
710.3000000000001,-0.2930182318856235
710.4000000000001,-0.2775421698077818
710.5,-0.2537811507466302
710.6,-0.2223837151639237
710.7,-0.184492904222676
710.8000000000001,-0.14156495034684885
710.9000000000001,-0.09516778428768649
711.0,-0.04680041105252355
711.1,0.002232525633442475
711.2,0.05087055381678504
711.3000000000001,0.09826926248801454
711.4000000000001,0.14371049171313174
711.5,0.18648187406523792
711.6,0.2257645276603946
711.7,0.26056642845724215
711.8000000000001,0.289728675299402
711.9000000000001,0.3120144975527357
712.0,0.32627009667932105
712.1,0.33162684983670204
712.2,0.3277005962723035
712.3000000000001,0.31473920227228375
712.4000000000001,0.2936760211128707
712.5,0.26606356657642105
712.6,0.2338857272146502
712.7,0.19927339617777715
712.8000000000001,0.16417184956502817
712.9000000000001,0.13002325020069935
713.0,0.09753042262809332
713.1,0.06655704936890729
713.2,0.03619601009324513
713.3000000000001,0.005005754181161474
713.4000000000001,-0.028619606479305386
713.5,-0.06601049368427914
713.6,-0.10779519861110726
713.7,-0.15357271562324784
713.8000000000001,-0.2017580078060505
713.9000000000001,-0.24964401970478048
714.0,-0.29368581727731413
714.1,-0.3299701424190158
714.2,-0.3547965156812074
714.3000000000001,-0.3652712519709959
714.4000000000001,-0.3598086573262269
714.5,-0.3384462566337171
714.6,-0.30291139056450095
714.7,-0.2564196099741549
714.8000000000001,-0.20323310546933174
714.9000000000001,-0.14805097079740714
715.0,-0.09533409481599793
715.1,-0.048679882917928685
715.2,-0.010353302181576337
715.3000000000001,0.018947561720960248
715.4000000000001,0.04005586473524691
715.5,0.05504358365158719
715.6,0.06673149014826943
715.7,0.07809492457325831
715.8000000000001,0.09167501615223253
715.9000000000001,0.10910044758679362
716.0,0.1308007885224998
716.1,0.15595387397508642
716.2,0.18266447374621603
716.3000000000001,0.20832853916707206
716.4000000000001,0.2301049299322293
716.5,0.24540071864594307
716.6,0.25227947115354965
716.7,0.24972290973707154
716.8000000000001,0.2377101236455585
716.9000000000001,0.21711756491901116
717.0,0.18947914202455965
717.1,0.15667135500698112
717.2,0.12059857930859426
717.3000000000001,0.0829467185781018
717.4000000000001,0.04505165049077447
717.5,0.007897533563477471
717.6,-0.027773512328899512
717.7,-0.06128684669798883
717.8000000000001,-0.0918583949129228
717.9000000000001,-0.1184782573070099
718.0,-0.13990224895459888
718.1,-0.1547709489686984
718.2,-0.1618419778147426
718.3000000000001,-0.16028915513835784
718.4000000000001,-0.14999952504016167
718.5,-0.13179166434196204
718.6,-0.10748868968107765
718.7,-0.0798055845711975
718.8000000000001,-0.052047861078865776
718.9000000000001,-0.027659473905926314
719.0,-0.009693562100379386
719.1,-0.00030202728332339715
719.2,-0.0003436994406052791
719.3000000000001,-0.009194175999381497
719.4000000000001,-0.02480586014948606
719.5,-0.04402060960929981
719.6,-0.06308868810000316
719.7,-0.07830616281134775
719.8000000000001,-0.08665711135625603
719.9000000000001,-0.0863426195064527
720.0,-0.07709700646989222
720.1,-0.06022988162044202
720.2,-0.03838337569347716
720.3000000000001,-0.015047428536414472
720.4000000000001,0.006078112619305703
720.5,0.02175668639875117
720.6,0.029799004618462344
720.7,0.02945065883988393
720.8000000000001,0.02151405021676118
720.9000000000001,0.008186328961536206
721.0,-0.007350939044181813
721.1,-0.02150821877120951
721.2,-0.03091863491157167
721.3000000000001,-0.033003453341434945
721.4000000000001,-0.026369239669638625
721.5,-0.010969668725065312
721.6,0.011986449516038857
721.7,0.04034832029751269
721.8000000000001,0.07148177588943093
721.9000000000001,0.10277111763139934
722.0,0.1320572043191567
722.1,0.157922465252001
722.2,0.17976961831092333
722.3000000000001,0.19768765880221342
722.4000000000001,0.21214623382297348
722.5,0.22359780368974136
722.6,0.23208795579994
722.7,0.23697344181815785
722.8000000000001,0.23682505557910558
722.9000000000001,0.22955296449305884
723.0,0.21274371527913147
723.1,0.18415089421491063
723.2,0.142245184497925
723.3000000000001,0.0867119743586471
723.4000000000001,0.018789604965088913
723.5,-0.05863187822506454
723.6,-0.1411881001155826
723.7,-0.22347874005534132
723.8000000000001,-0.29970198723554126
723.9000000000001,-0.3643820233301223
724.0,-0.41306756305483416
724.1,-0.4428834076792083
724.2,-0.4528429180932527
724.3000000000001,-0.44387218946572554
724.4000000000001,-0.41854818580590447
724.5,-0.3806033127168825
724.6,-0.33428843974113615
724.7,-0.283708062895522
724.8000000000001,-0.232241566743344
724.9000000000001,-0.18214405545022824
725.0,-0.1343835806803305
725.1,-0.0887263324631297
725.2,-0.04403635483683491
725.3000000000001,0.001279966999617976
725.4000000000001,0.048775677067558594
725.5,0.09950542846299135
725.6,0.15368777390814972
725.7,0.21053920791294478
725.8000000000001,0.26829630160331946
725.9000000000001,0.3244070879733175
726.0,0.3758445822920129
726.1,0.4194788418606864
726.2,0.45244137549528485
726.3000000000001,0.47242607105903334
726.4000000000001,0.47789057002336477
726.5,0.4681459692466195
726.6,0.4433452522406438
726.7,0.4043971894937082
726.8000000000001,0.3528397145862384
726.9000000000001,0.2907044932879561
727.0,0.2203944203552418
727.1,0.14458172574164638
727.2,0.06612064922616971
727.3000000000001,-0.012040700012617245
727.4000000000001,-0.0869669561827941
727.5,-0.15587277432752958
727.6,-0.2162912614163791
727.7,-0.26625939661509823
727.8000000000001,-0.3044929230467439
727.9000000000001,-0.33051528076021663
728.0,-0.344705644234336
728.1,-0.3482410138994251
728.2,-0.34292524841589184
728.3000000000001,-0.33092044295966977
728.4000000000001,-0.314418274700194
728.5,-0.29530562975654756
728.6,-0.27488564214496897
728.7,-0.2537097827122375
728.8000000000001,-0.2315589894690833
728.9000000000001,-0.20758488128789046
729.0,-0.1805909050461306
729.1,-0.14940410582690583
729.2,-0.11326726698228062
729.3000000000001,-0.0721732093416917
729.4000000000001,-0.02707034297042652
729.5,0.020109659764468452
729.6,0.06661875342030138
729.7,0.10923364711408083
729.8000000000001,0.1447165066485645
729.9000000000001,0.17031577743127327
730.0,0.18421755562840192
730.1,0.18586476748026054
730.2,0.17608413248384794
730.3000000000001,0.15699524318074537
730.4000000000001,0.1317155045269564
730.5,0.1039115201820858
730.6,0.07727467391832704
730.7,0.05501094945807219
730.8000000000001,0.0394302530309033
730.9000000000001,0.03169984387863041
731.0,0.0317942663472063
731.1,0.03863696555286812
731.2,0.05039397761608033
731.3000000000001,0.06485448331873282
731.4000000000001,0.07982134847315364
731.5,0.09343884033293957
731.6,0.10440304253077796
731.7,0.11202874257900776
731.8000000000001,0.11617847331215636
731.9000000000001,0.11708813008067775
732.0,0.11514322304476744
732.1,0.11066654220184648
732.2,0.10377087575116445
732.3000000000001,0.09431150778264376
732.4000000000001,0.08194710726034714
732.5,0.06629034413735468
732.6,0.047107287776881536
732.7,0.024512291321404422
732.8000000000001,-0.0008947065401065019
732.9000000000001,-0.027988905834694263
733.0,-0.05519775543599804
733.1,-0.08068628542302986
733.2,-0.1026175071072285
733.3000000000001,-0.11943686866790294
733.4000000000001,-0.13012302551558141
733.5,-0.13435310066882025
733.6,-0.1325478855393432
733.7,-0.12578727190824032
733.8000000000001,-0.1156131560245168
733.9000000000001,-0.10376020755246228
734.0,-0.09186919489322405
734.1,-0.08123991849951563
734.2,-0.07267078785373342
734.3000000000001,-0.06641199064324482
734.4000000000001,-0.06223357856436121
734.5,-0.05958438943442457
734.6,-0.05779823788368122
734.7,-0.05629460496042925
734.8000000000001,-0.054724197203844076
734.9000000000001,-0.05302450059265147
735.0,-0.051373456260815964
735.1,-0.05005535775711177
735.2,-0.04927599698794631
735.3000000000001,-0.04897855339424568
735.4000000000001,-0.048714144038566456
735.5,-0.047610415044765646
735.6,-0.04446006806250837
735.7,-0.037923330452028246
735.8000000000001,-0.026810230383710273
735.9000000000001,-0.010386522875934272
736.0,0.01136352593592966
736.1,0.03758064570410858
736.2,0.06652571949466168
736.3000000000001,0.09574324733507375
736.4000000000001,0.12237586505425874
736.5,0.14358058835727996
736.6,0.15697406641683523
736.7,0.16102467121665615
736.8000000000001,0.15531616394130604
736.9000000000001,0.14063004087340922
737.0,0.11882728987788595
737.1,0.09254856590696464
737.2,0.06478700230320425
737.3000000000001,0.03841279160455508
737.4000000000001,0.015738082528435622
737.5,-0.0017974396913123885
737.6,-0.013764184610057456
737.7,-0.020682903860586424
737.8000000000001,-0.023786524474708366
737.9000000000001,-0.024658085645967887
738.0,-0.02482353538005298
738.1,-0.0253860871131782
738.2,-0.026778849077721687
738.3000000000001,-0.02868659360531283
738.4000000000001,-0.03015119609779987
738.5,-0.029836001064627693
738.6,-0.026390348086968243
738.7,-0.01883382043110329
738.8000000000001,-0.006875010443808399
738.9000000000001,0.008907237742223857
739.0,0.02706375038980405
739.1,0.04546201133776499
739.2,0.06162687448885903
739.3000000000001,0.07316909976040378
739.4000000000001,0.07821672575664441
739.5,0.07576268929779857
739.6,0.06585835257341198
739.7,0.04961336272714745
739.8000000000001,0.029001188705184807
739.9000000000001,0.006508707183996203
740.0,-0.015300718562541345
740.1,-0.03422449971935697
740.2,-0.04877327563567788
740.3000000000001,-0.058371867620362075
740.4000000000001,-0.06337399087555246
740.5,-0.06489469139809825
740.6,-0.06450182222555184
740.7,-0.06383606357984745
740.8000000000001,-0.06424218651741935
740.9000000000001,-0.06648980243341783
741.0,-0.07064080739155791
741.1,-0.0760876977528252
741.2,-0.08174901050451386
741.3000000000001,-0.08637346564879608
741.4000000000001,-0.08888040526795758
741.5,-0.08865601254165655
741.6,-0.08573436220452989
741.7,-0.08081764558851799
741.8000000000001,-0.07512560551180103
741.9000000000001,-0.0701027266356605
742.0,-0.06704480163299735
742.1,-0.06672694326415608
742.2,-0.06911833450663918
742.3000000000001,-0.0732539759809869
742.4000000000001,-0.0773031977296349
742.5,-0.07883482131002206
742.6,-0.07523770057466957
742.7,-0.06422142644666709
742.8000000000001,-0.04430237135070347
742.9000000000001,-0.015179243280609296
743.0,0.02207955624150947
743.1,0.065080571100131
743.2,0.1103826035381573
743.3000000000001,0.15396349069007847
743.4000000000001,0.191797124045625
743.5,0.2204404429671847
743.6,0.23752815179430686
743.7,0.2420903054665452
743.8000000000001,0.23464115526447216
743.9000000000001,0.21703011728928598
744.0,0.1920890503309238
744.1,0.16314578848201203
744.2,0.13349529122689377
744.3000000000001,0.10592305290483944
744.4000000000001,0.08236045196319199
744.5,0.06372206475829242
744.6,0.04993702632711718
744.7,0.04014820018385377
744.8000000000001,0.033021985034250155
744.9000000000001,0.027094068845335877
745.0,0.021075430131836794
745.1,0.014057952625567614
745.2,0.005586371323617787
745.3000000000001,-0.004403392062072317
745.4000000000001,-0.01574755495477501
745.5,-0.028264058321972235
745.6,-0.04194305649313831
745.7,-0.057058595283001605
745.8000000000001,-0.07416166283033886
745.9000000000001,-0.09394453543250968
746.0,-0.11699932664095476
746.1,-0.14352253527818434
746.2,-0.17303563039228553
746.3000000000001,-0.2041949545134691
746.4000000000001,-0.23475124639754202
746.5,-0.26169207406513495
746.6,-0.281564620253854
746.7,-0.2909387255665747
746.8000000000001,-0.2869385303762089
746.9000000000001,-0.2677520772750427
747.0,-0.2330260526747649
747.1,-0.18406839672585995
747.2,-0.12381224289886762
747.3000000000001,-0.05653500210605205
747.4000000000001,0.01263110647971322
747.5,0.07832410844997648
747.6,0.13561596527922992
747.7,0.18061113234062265
747.8000000000001,0.2108877392220782
747.9000000000001,0.22571676461355347
748.0,0.22603303183130397
748.1,0.2141739421433262
748.2,0.19343985136007535
748.3000000000001,0.16755708529658375
748.4000000000001,0.14013620421720835
748.5,0.11421272263159786
748.6,0.09193677261780596
748.7,0.07444669546266691
748.8000000000001,0.061925656908529726
748.9000000000001,0.05380708455272301
749.0,0.0490702169338934
749.1,0.046555574513849396
749.2,0.045233249979084844
749.3000000000001,0.04437320016847448
749.4000000000001,0.04359230276309379
749.5,0.04278223857501184
749.6,0.041949173564432195
749.7,0.041015339202877435
749.8000000000001,0.0396402802302245
749.9000000000001,0.037114496435748635
750.0,0.03236177176214791
750.1,0.024062226031877805
750.2,0.010881088086573093
750.3000000000001,-0.008236128804395337
750.4000000000001,-0.033758104441285935
750.5,-0.06531374994285064
750.6,-0.10154554202722905
750.7,-0.14010887251949783
750.8000000000001,-0.1778314926366502
750.9000000000001,-0.2110194634660242
751.0,-0.23587039755789874
751.1,-0.24893578011977122
751.2,-0.24756506806729564
751.3000000000001,-0.2302664911605565
751.4000000000001,-0.1969323792877508
751.5,-0.14889791752665296
751.6,-0.08882766331517798
751.7,-0.020449540425239443
751.8000000000001,0.05182283195012181
751.9000000000001,0.12332494839395289
752.0,0.1895744268220622
752.1,0.24664823072797956
752.2,0.29146294740179074
752.3000000000001,0.3219349761320544
752.4000000000001,0.3370173041333777
752.5,0.3366277823742268
752.6,0.32149760899112717
752.7,0.29297623312715576
752.8000000000001,0.2528294892443792
752.9000000000001,0.20306207961538753
753.0,0.1457851832877769
753.1,0.08313727964187191
753.2,0.017253733138548135
753.3000000000001,-0.049729451137757515
753.4000000000001,-0.1156583786652179
753.5,-0.17835243632886236
753.6,-0.2356222933762453
753.7,-0.28532584646226083
753.8000000000001,-0.3254636905810489
753.9000000000001,-0.35430580279331914
754.0,-0.3705327261003761
754.1,-0.3733691733112495
754.2,-0.3626866122517815
754.3000000000001,-0.3390543215138071
754.4000000000001,-0.3037251710257132
754.5,-0.2585518926913096
754.6,-0.20584030854464025
754.7,-0.14815610538490617
754.8000000000001,-0.08810957445025416
754.9000000000001,-0.028146892970833972
755.0,0.029623809855337548
755.1,0.08354830189288899
755.2,0.13246962480944813
755.3000000000001,0.17569617739093055
755.4000000000001,0.21290408345870857
755.5,0.2439946048327263
755.6,0.2689353722144477
755.7,0.28761752539285107
755.8000000000001,0.29975866900952985
755.9000000000001,0.3048739502704791
756.0,0.30232558271921767
756.1,0.29144663516428737
756.2,0.2717202948229356
756.3000000000001,0.24298368641994428
756.4000000000001,0.2056179951706351
756.5,0.16068570553958847
756.6,0.10998179454983541
756.7,0.055978067068746355
756.8000000000001,0.0016566846522818022
756.9000000000001,-0.04975239557977039
757.0,-0.09509807440968814
757.1,-0.1316540645292975
757.2,-0.15743350138663006
757.3000000000001,-0.17142398764409533
757.4000000000001,-0.1737054528996925
757.5,-0.16543044977131288
757.6,-0.14866759562830698
757.7,-0.12613024956687222
757.8000000000001,-0.10083048588742152
757.9000000000001,-0.07570981875835288
758.0,-0.05330090666009355
758.1,-0.03546810862834985
758.2,-0.023260420042577112
758.3000000000001,-0.016890593004200358
758.4000000000001,-0.01583275041081205
758.5,-0.01901146459228673
758.6,-0.025041603080461338
758.7,-0.03247266398571143
758.8000000000001,-0.039994683327350365
758.9000000000001,-0.04657420899578336
759.0,-0.05150584082004867
759.1,-0.05438388075013793
759.2,-0.055015779129747006
759.3000000000001,-0.053310760915431715
759.4000000000001,-0.049180849843349535
759.5,-0.042486686889292316
759.6,-0.03304808184201584
759.7,-0.02072179481454394
759.8000000000001,-0.005530384337957325
759.9000000000001,0.012189794016100718
760.0,0.03166256161118749
760.1,0.05160926643769037
760.2,0.07028167373851957
760.3000000000001,0.08560519190744734
760.4000000000001,0.09542487451208284
760.5,0.09782364537915907
760.6,0.09146326127422087
760.7,0.07588778641993855
760.8000000000001,0.05172951642438363
760.9000000000001,0.02076905425754377
761.0,-0.014176924518359644
761.1,-0.0495383261541505
761.2,-0.08141290551375306
761.3000000000001,-0.106068323693993
761.4000000000001,-0.12045001174552823
761.5,-0.12261502970593362
761.6,-0.1120209503625217
761.7,-0.08962017530842
761.8000000000001,-0.05774057571644068
761.9000000000001,-0.01976779475708214
762.0,0.020322996180386636
762.1,0.0585133074130187
762.2,0.0912801814785084
762.3000000000001,0.11604392820689714
762.4000000000001,0.13145662549797882
762.5,0.13749024610019145
762.6,0.13531688030550357
762.7,0.12700791837021663
762.8000000000001,0.11510830497211234
762.9000000000001,0.10216112513027298
763.0,0.09026371418421403
763.1,0.08072846029808388
763.2,0.07390120345294299
763.3000000000001,0.06916145400077187
763.4000000000001,0.06509676262056807
763.5,0.05981410241471407
763.6,0.05132911650682179
763.7,0.037963117308961514
763.8000000000001,0.018679312794644534
763.9000000000001,-0.006696869665642502
764.0,-0.037406100037684666
764.1,-0.07183775302825823
764.2,-0.10774564123178149
764.3000000000001,-0.14255389524489
764.4000000000001,-0.17369684914165798
764.5,-0.1989342359743097
764.6,-0.21659103247417244
764.7,-0.22568799386854982
764.8000000000001,-0.2259508847367005
764.9000000000001,-0.2177094209372139
765.0,-0.2017167455507774
765.1,-0.17893336131530982
765.2,-0.15032366798164318
765.3000000000001,-0.11670812416231277
765.4000000000001,-0.07870080191397545
765.5,-0.03674339848936438
765.6,0.008773799603312808
765.7,0.057332100359133664
765.8000000000001,0.1080870534468522
765.9000000000001,0.15970032792917443
766.0,0.21024430429606314
766.1,0.25721142367121397
766.2,0.2976427301577002
766.3000000000001,0.3283693043178525
766.4000000000001,0.3463399592166716
766.5,0.34899210033902556
766.6,0.3346128134124392
766.7,0.3026357029993891
766.8000000000001,0.2538260599716608
766.9000000000001,0.19032150330232533
767.0,0.11551505367721533
767.1,0.03378958776906253
767.2,-0.04986657049797881
767.3000000000001,-0.13031666940981346
767.4000000000001,-0.20274913409860226
767.5,-0.2631100194227277
767.6,-0.3084430131343116
767.7,-0.3370991387353965
767.8000000000001,-0.3487966007298182
767.9000000000001,-0.34453153296388406
768.0,-0.3263597262084813
768.1,-0.2970849621203656
768.2,-0.25989928620416414
768.3000000000001,-0.21802330860281008
768.4000000000001,-0.1743904352410569
768.5,-0.13140887338158885
768.6,-0.09082124348606024
768.7,-0.05366608480401694
768.8000000000001,-0.020330974222285206
768.9000000000001,0.009324432305890994
769.0,0.03580387106451247
769.1,0.05979835236094671
769.2,0.08202486128020985
769.3000000000001,0.1030990095516577
769.4000000000001,0.12345144769958166
769.5,0.14328843939241112
769.6,0.1625893100584605
769.7,0.18112881169534728
769.8000000000001,0.19851136750914347
769.9000000000001,0.21420643647301837
770.0,0.2275789097286481
770.1,0.23791407102197562
770.2,0.24444162179749748
770.3000000000001,0.24636619930615636
770.4000000000001,0.24291184434976806
770.5,0.23338487947889947
770.6,0.21725429130880766
770.7,0.19424227100640612
770.8000000000001,0.16441171774916977
770.9000000000001,0.1282339010418634
771.0,0.08661935436935139
771.1,0.04089895394444318
771.2,-0.0072503601133436036
771.3000000000001,-0.05593090402756148
771.4000000000001,-0.10318601669690423
771.5,-0.14717519842166507
771.6,-0.186334906053922
771.7,-0.21949786542382488
771.8000000000001,-0.24594993099743245
771.9000000000001,-0.26541448306577714
772.0,-0.27796820686228463
772.1,-0.28390617160373816
772.2,-0.2835854792649793
772.3000000000001,-0.2772827786854718
772.4000000000001,-0.26509994970529316
772.5,-0.24694390261206317
772.6,-0.22259187157594382
772.7,-0.1918353516172253
772.8000000000001,-0.15467743827135522
772.9000000000001,-0.11154358137257149
773.0,-0.06345800540816167
773.1,-0.01213945067756614
773.2,0.04001907290824539
773.3000000000001,0.0901025864888835
773.4000000000001,0.13495029696141742
773.5,0.1715225088486291
773.6,0.19730448947621448
773.7,0.21068127706124168
773.8000000000001,0.21121664077686764
773.9000000000001,0.19978093860685506
774.0,0.17849504990315995
774.1,0.15048730949257144
774.2,0.11949230125810316
774.3000000000001,0.08934870172920445
774.4000000000001,0.06347275843967325
774.5,0.044390579692005494
774.6,0.03340459981077879
774.7,0.030448400090941036
774.8000000000001,0.03415305416445369
774.9000000000001,0.04211276949250692
775.0,0.05130416194536876
775.1,0.058588093452974006
775.2,0.06121025120280117
775.3000000000001,0.05721884439316628
775.4000000000001,0.04573444319498616
775.5,0.02703487298043562
775.6,0.0024518858072344793
775.7,-0.025890346095667476
775.8000000000001,-0.055438288929816885
775.9000000000001,-0.08360208202334471
776.0,-0.10810622734282715
776.1,-0.12723883518931348
776.2,-0.13996453227789823
776.3000000000001,-0.14589619980119417
776.4000000000001,-0.14515039871990418
776.5,-0.13813458558799815
776.6,-0.12532633787799788
776.7,-0.10710344076161021
776.8000000000001,-0.08366929668955299
776.9000000000001,-0.055093880010527306
777.0,-0.021461611205683146
777.1,0.016909703813889326
777.2,0.05923440698514954
777.3000000000001,0.10407227467582761
777.4000000000001,0.149246708895633
777.5,0.19190594051435556
777.6,0.22873707924644962
777.7,0.2563110313099028
777.8000000000001,0.2715074927582439
777.9000000000001,0.2719494749167436
778.0,0.25637045246354817
778.1,0.22484591847579266
778.2,0.17884352432161527
778.3000000000001,0.12107791330426834
778.4000000000001,0.05519166646030362
778.5,-0.014684466968539204
778.6,-0.0844169985919955
778.7,-0.1503181354432622
778.8000000000001,-0.2094828553658982
778.9000000000001,-0.2599628760404698
779.0,-0.30075828168614993
779.1,-0.33164353658903784
779.2,-0.3528768703598062
779.3000000000001,-0.36486411620864734
779.4000000000001,-0.3678555859265585
779.5,-0.36174595767276024
779.6,-0.3460241571769973
779.7,-0.3198874579923842
779.8000000000001,-0.28249812759731546
779.9000000000001,-0.23332918299345703
780.0,-0.1725246734181814
780.1,-0.10119375595333667
780.2,-0.021568058008707806
780.3000000000001,0.06302346431572124
780.4000000000001,0.14837356319953593
780.5,0.2297836946982685
780.6,0.30256014444886575
780.7,0.36253850242997504
780.8000000000001,0.40654903921619334
780.9000000000001,0.43274548375787164
781.0,0.44074431682861
781.1,0.4315561495094957
781.2,0.40732831978784745
781.3000000000001,0.3709512186700385
781.4000000000001,0.3256036446065737
781.5,0.27432042631040093
781.6,0.21965736697475163
781.7,0.16350616000714135
781.8000000000001,0.10707999662499847
781.9000000000001,0.051055625752849144
782.0,-0.0041733776029538195
782.1,-0.05819835331483506
782.2,-0.11032550357937103
782.3000000000001,-0.15939913375277193
782.4000000000001,-0.20376202009531172
782.5,-0.24136688711930845
782.6,-0.27002071550479045
782.7,-0.28771548268241504
782.8000000000001,-0.2929805567251594
782.9000000000001,-0.2851868456026064
783.0,-0.26474173290650105
783.1,-0.2331347478196958
783.2,-0.1928223915959613
783.3000000000001,-0.14697072334413946
783.4000000000001,-0.0991001393494873
783.5,-0.05269324012259564
783.6,-0.010830777977726375
783.7,0.02408797932798879
783.8000000000001,0.05050332791649482
783.9000000000001,0.06771993032744768
784.0,0.07581280983901131
784.1,0.0754505142702602
784.2,0.06768396095921933
784.3000000000001,0.05375076320807517
784.4000000000001,0.034935072705178274
784.5,0.012504715654599909
784.6,-0.012274999322389919
784.7,-0.0380727902645172
784.8000000000001,-0.06340566886898076
784.9000000000001,-0.08657940506588563
785.0,-0.10569373473479683
785.1,-0.1187360368053075
785.2,-0.12376563212431257
785.3000000000001,-0.1191672320403784
785.4000000000001,-0.10393163266836906
785.5,-0.07790918323036096
785.6,-0.041979959987987925
785.7,0.001905181148003858
785.8000000000001,0.05083800292110134
785.9000000000001,0.10121905330709006
786.0,0.14914655332146912
786.1,0.19087379767401944
786.2,0.22326573692679863
786.3000000000001,0.24418247047892533
786.4000000000001,0.252727446554878
786.5,0.2493195684176283
786.6,0.2355773064034257
786.7,0.21403405401885545
786.8000000000001,0.18773168444563318
786.9000000000001,0.15975858981595994
787.0,0.13280607326344188
787.1,0.10881169890674344
787.2,0.08874136862495136
787.3000000000001,0.07253685971432235
787.4000000000001,0.05922709060479255
787.5,0.04717469592670447
787.6,0.03440924581972253
787.7,0.018987882735945313
787.8000000000001,-0.0006754474247248751
787.9000000000001,-0.025560456007383527
788.0,-0.05590095378249446
788.1,-0.09116400697238097
788.2,-0.1301357177936636
788.3000000000001,-0.1710852855336873
788.4000000000001,-0.2119699591034513
788.5,-0.250642664128691
788.6,-0.28503075826478863
788.7,-0.31326635702092037
788.8000000000001,-0.33376288510270724
788.9000000000001,-0.3452456435149461
789.0,-0.34675343969662753
789.1,-0.33763197101352255
789.2,-0.3175373183474641
789.3000000000001,-0.28646060635281795
789.4000000000001,-0.24477470825938016
789.5,-0.19329346880742396
789.6,-0.13332589412383178
789.7,-0.06670409258176775
789.8000000000001,0.004234616854574853
789.9000000000001,0.07672436512829439
790.0,0.14770884441310705
790.1,0.21403188738211376
790.2,0.2726609455863677
790.3000000000001,0.32091662867063186
790.4000000000001,0.3566790249232965
790.5,0.3785443923559571
790.6,0.3859133654015776
790.7,0.37900250162590304
790.8000000000001,0.3587826488321884
790.9000000000001,0.326857985125632
791.0,0.28530677454275133
791.1,0.23650773262635819
791.2,0.18297420250181337
791.3000000000001,0.12721283922751883
791.4000000000001,0.07161566262119835
791.5,0.01838602284512115
791.6,-0.03050795312772391
791.7,-0.07336311419718122
791.8000000000001,-0.10876575672490774
791.9000000000001,-0.13561990158885218
792.0,-0.15318363043755806
792.1,-0.1611118743643606
792.2,-0.15949869116982257
792.3000000000001,-0.14890854492387084
792.4000000000001,-0.13038524820610475
792.5,-0.10542921219187
792.6,-0.07593796879803609
792.7,-0.04411055541775418
792.8000000000001,-0.01232200256312506
792.9000000000001,0.01702138634303113
793.0,0.0416329009600955
793.1,0.05948940859621978
793.2,0.06895760590302924
793.3000000000001,0.06889523332468492
793.4000000000001,0.05872381390417245
793.5,0.03847261646536195
793.6,0.00879519830777275
793.7,-0.029040201592519112
793.8000000000001,-0.07318664876024235
793.9000000000001,-0.12128319988059855
794.0,-0.1705521768019981
794.1,-0.21793285532194714
794.2,-0.26025295198387255
794.3000000000001,-0.2944343055274809
794.4000000000001,-0.31772219554127995
794.5,-0.3279200834911169
794.6,-0.3236049345066215
794.7,-0.304294526982822
794.8000000000001,-0.2705388121746474
794.9000000000001,-0.22391326545837392
795.0,-0.16690309905050468
795.1,-0.10268192317052359
795.2,-0.03480474138776776
795.3000000000001,0.03314975931975178
795.4000000000001,0.09794170958890203
795.5,0.1569870236093348
795.6,0.20858206023480846
795.7,0.2520008089752697
795.8000000000001,0.2874476782536501
795.9000000000001,0.3158711552419291
796.0,0.3386661506528655
796.1,0.35731187026388406
796.2,0.37300411877876916
796.3000000000001,0.3863436579695092
796.4000000000001,0.3971347683547798
796.5,0.4043314103597562
796.6,0.4061449003603074
796.7,0.40030060085796865
796.8000000000001,0.3844061620616828
796.9000000000001,0.3563745724687462
797.0,0.31483500228132705
797.1,0.2594649844607256
797.2,0.19118887764324793
797.3000000000001,0.11220796227760925
797.4000000000001,0.025853584182555366
797.5,-0.06371781593326113
797.6,-0.15194465858942346
797.7,-0.23433481238606865
797.8000000000001,-0.3069269940984237
797.9000000000001,-0.366674499449097
798.0,-0.4117001381436161
798.1,-0.44139220935005663
798.2,-0.45633631808596875
798.3000000000001,-0.4581026441890002
798.4000000000001,-0.4489289435986865
798.5,-0.431352924390666
798.6,-0.40785186203982793
798.7,-0.3805421461459167
798.8000000000001,-0.35097818919448215
798.9000000000001,-0.3200713545442494
799.0,-0.28812863865307603
799.1,-0.25499132271248304
799.2,-0.22023883079837192
799.3000000000001,-0.1834148219030491
799.4000000000001,-0.14423209207378676
799.5,-0.10271982323801325
799.6,-0.05928952826321572
799.7,-0.014712255070512815
799.8000000000001,0.029983672115109803
799.9000000000001,0.0736707276718406
