/*--------------------------------*- C++ -*----------------------------------*\
  =========                 |
  \\      /  F ield         | OpenFOAM: The Open Source CFD Toolbox
   \\    /   O peration     | Website:  https://openfoam.org
    \\  /    A nd           | Version:  11
     \\/     M anipulation  |
\*---------------------------------------------------------------------------*/
FoamFile
{
    format      ascii;
    class       surfaceScalarField;
    location    "50";
    object      phi;
}
// * * * * * * * * * * * * * * * * * * * * * * * * * * * * * * * * * * * * * //

dimensions      [0 3 -1 0 0 0 0];

internalField   nonuniform List<scalar> 
37852
(
0.03750071252
-6.817033234e-07
-3.082138436e-08
0.03750284659
-2.040361815e-06
-9.370710955e-08
0.03750656482
-3.538355866e-06
-1.798672962e-07
0.03751212903
-5.258339547e-06
-3.058683604e-07
0.03751982635
-7.211474776e-06
-4.85844321e-07
0.03752985038
-9.297975868e-06
-7.260626583e-07
0.03754215698
-1.128962171e-05
-1.016974757e-06
0.03755620687
-1.273788248e-05
-1.312009338e-06
0.03757095408
-1.320793285e-05
-1.539270302e-06
0.03758433818
-1.183343142e-05
-1.550666486e-06
0.03759428114
-8.622097798e-06
-1.320862429e-06
0.03759784254
-3.041265917e-06
-5.201388508e-07
0.03759552263
2.290981148e-06
2.893663173e-08
0.03758751464
7.326343113e-06
6.816493482e-07
0.0375754984
1.0882177e-05
1.134056748e-06
0.03756163422
1.256790004e-05
1.296281789e-06
0.03754801371
1.243432701e-05
1.186187475e-06
0.03753615182
1.096596311e-05
8.959163774e-07
0.03752656676
9.000128691e-06
5.849326916e-07
0.03751909155
7.128114348e-06
3.47090356e-07
0.03751339427
5.520432711e-06
1.768380191e-07
0.03750920654
4.141417292e-06
4.631554857e-08
0.03750618011
3.068345431e-06
-4.191900993e-08
0.03750403403
2.244518593e-06
-9.844874203e-08
0.03750249463
1.671265133e-06
-1.318626754e-07
0.03750141933
1.233682834e-06
-1.583904353e-07
0.03750065506
9.343239747e-07
-1.700498554e-07
0.03750013152
6.942923948e-07
-1.70754774e-07
0.03749974346
5.584137518e-07
-1.703464834e-07
0.03749946189
4.504573516e-07
-1.688885109e-07
0.03749923298
3.970653838e-07
-1.681536213e-07
3.689958851e-07
-1.666308392e-07
0.03750068154
-1.325806392e-06
-3.743394651e-08
0.03750272353
-3.968044747e-06
-1.143053211e-07
0.03750631043
-6.902656396e-06
-2.225980679e-07
0.03751174594
-1.030791115e-05
-3.859427627e-07
0.03751938371
-1.422281705e-05
-6.264287163e-07
0.03752951531
-1.847195369e-05
-9.576202345e-07
0.03754218826
-2.2592053e-05
-1.370516429e-06
0.03755696114
-2.570531427e-05
-1.805453448e-06
0.03757257983
-2.668287366e-05
-2.143742134e-06
0.03758711984
-2.417079926e-05
-2.202643677e-06
0.03759758574
-1.729187935e-05
-1.796123601e-06
0.03760172345
-6.279350017e-06
-8.996224837e-07
0.03759926638
4.668700599e-06
7.935553728e-08
0.03759055492
1.501343533e-05
1.024366647e-06
0.03757744183
2.23464008e-05
1.648871853e-06
0.03756246575
2.569200295e-05
1.85197751e-06
0.03754807339
2.51715122e-05
1.655172171e-06
0.03753589983
2.193158914e-05
1.207927525e-06
0.03752631513
1.781170433e-05
7.731249858e-07
0.03751895931
1.399985789e-05
4.840752669e-07
0.03751342296
1.076479837e-05
2.919791181e-07
0.03750941683
7.998708996e-06
1.488360268e-07
0.03750656568
5.858939731e-06
6.054361917e-08
0.03750456215
4.235944025e-06
1.210252564e-08
0.0375031387
3.11143112e-06
-1.671346347e-08
0.03750215133
2.255713041e-06
-3.466688769e-08
0.03750144929
1.683661699e-06
-4.728994862e-08
0.03750095809
1.243489364e-06
-5.799752334e-08
0.03750058612
9.977518266e-07
-6.737144407e-08
0.03750031425
7.996046288e-07
-7.727380886e-08
0.03750008822
7.082288959e-07
-8.513533073e-08
6.443499092e-07
-9.214707139e-08
0.03750061624
-1.890684632e-06
-5.136402798e-08
0.03750246454
-5.658434962e-06
-1.579021802e-07
0.03750577041
-9.894254924e-06
-3.142767619e-07
0.03751091739
-1.489426039e-05
-5.606294617e-07
0.03751839506
-2.076152623e-05
-9.389562422e-07
0.03752869341
-2.728850015e-05
-1.481807015e-06
0.03754209676
-3.380773444e-05
-2.187663891e-06
0.03755832435
-3.897208031e-05
-2.960830791e-06
0.03757610014
-4.086887961e-05
-3.589779202e-06
0.0375929063
-3.725977376e-05
-3.717187336e-06
0.0376053341
-2.669715944e-05
-3.022517058e-06
0.03761030828
-9.798878237e-06
-1.454647412e-06
0.03760711884
7.56414765e-06
2.939881438e-07
0.03759662457
2.361716675e-05
1.890542443e-06
0.03758117559
3.488407962e-05
2.911306386e-06
0.03756391254
3.975759339e-05
3.197458611e-06
0.03754794953
3.837730135e-05
2.757223848e-06
0.03753519581
3.28136892e-05
1.871613466e-06
0.03752564499
2.628865533e-05
1.073871218e-06
0.03751852519
2.05484122e-05
5.712432275e-07
0.03751330302
1.576075239e-05
2.262120392e-07
0.03750963284
1.171826087e-05
-4.937663106e-08
0.03750710173
8.611397881e-06
-2.213553421e-07
0.03750535543
6.300538199e-06
-3.182931849e-07
0.03750414779
4.683684736e-06
-3.646142996e-07
0.03750331787
3.474147009e-06
-3.885179701e-07
0.0375027547
2.641140687e-06
-3.943120077e-07
0.03750236404
2.024637359e-06
-3.904816677e-07
0.03750209678
1.643426868e-06
-3.784205229e-07
0.03750190541
1.358355048e-06
-3.673756467e-07
0.03750175163
1.214355424e-06
-3.52345504e-07
1.160932061e-06
-3.352816142e-07
0.03750051114
-2.327993653e-06
-7.382725507e-08
0.03750204826
-6.966851978e-06
-2.287077421e-07
0.03750489085
-1.227038417e-05
-4.664551346e-07
0.03750953206
-1.867720268e-05
-8.582670764e-07
0.03751666403
-2.640674009e-05
-1.4867611e-06
0.0375270966
-3.529297191e-05
-2.428091859e-06
0.03754152352
-4.453050109e-05
-3.704154716e-06
0.03756000185
-5.22881996e-05
-5.162212986e-06
0.03758120308
-5.568403212e-05
-6.386078319e-06
0.03760194089
-5.132608267e-05
-6.671499916e-06
0.03761749149
-3.68755476e-05
-5.372214113e-06
0.03762345108
-1.330804649e-05
-2.450417152e-06
0.03761912331
1.111657151e-05
7.753523506e-07
0.03760574298
3.335958908e-05
3.637904978e-06
0.03758651027
4.870923087e-05
5.407567586e-06
0.03756561546
5.481970681e-05
5.832700602e-06
0.03754730414
5.177315741e-05
4.915459408e-06
0.0375338755
4.298320919e-05
3.259117634e-06
0.0375245407
3.366379587e-05
1.959658591e-06
0.03751790978
2.590287467e-05
1.276459526e-06
0.03751326882
1.955961088e-05
8.420980769e-07
0.03751019663
1.428985826e-05
5.005920101e-07
0.03750818448
1.032074218e-05
3.027971934e-07
0.03750683783
7.457066132e-06
1.901261332e-07
0.03750591385
5.488154493e-06
1.195076156e-07
0.03750528144
4.056365204e-06
5.019373505e-08
0.03750484235
3.081112652e-06
-8.898888097e-10
0.03750453387
2.380741956e-06
-4.762285507e-08
0.03750430372
1.954409909e-06
-8.082399514e-08
0.03750413096
1.645409362e-06
-1.14293056e-07
0.03750402489
1.44814354e-06
-1.277150834e-07
1.304632072e-06
-1.611124358e-07
0.03750036122
-2.583087102e-06
-1.061313026e-07
0.03750145475
-7.729345701e-06
-3.310299158e-07
0.03750361573
-1.373806167e-05
-6.933038364e-07
0.03750746002
-2.120408282e-05
-1.317411213e-06
0.03751394024
-3.052311195e-05
-2.363841403e-06
0.03752431848
-4.167126906e-05
-3.999944384e-06
0.03753994466
-5.383683387e-05
-6.319853248e-06
0.03756146629
-6.473316437e-05
-9.076660818e-06
0.03758771823
-7.043171002e-05
-1.150425766e-05
0.03761431811
-6.580437189e-05
-1.21215961e-05
0.03763423403
-4.718199691e-05
-9.609467772e-06
0.03764148378
-1.643823598e-05
-4.119561832e-06
0.03763548685
1.52930142e-05
1.820496705e-06
0.03761791572
4.394569224e-05
6.985031641e-06
0.03759299268
6.359071832e-05
1.004155095e-05
0.0375668559
7.033232737e-05
1.062416214e-05
0.03754543349
6.474742675e-05
8.448149615e-06
0.03753136602
5.211261533e-05
4.938058912e-06
0.0375224496
4.015096993e-05
2.429246831e-06
0.03751649352
3.070971955e-05
1.149236577e-06
0.0375126115
2.313923553e-05
3.023940459e-07
0.03751031527
1.692278443e-05
-3.366999915e-07
0.03750899457
1.23083248e-05
-6.668797515e-07
0.03750821988
9.020369577e-06
-7.886216888e-07
0.03750775559
6.746970518e-06
-7.945254277e-07
0.03750749247
5.084155322e-06
-7.646690238e-07
0.03750735116
3.937694825e-06
-7.152735414e-07
0.03750727133
3.114583041e-06
-6.540099815e-07
0.037507238
2.591963601e-06
-6.042187297e-07
0.03750722063
2.212456097e-06
-5.496681989e-07
0.03750714354
2.04615527e-06
-5.209257324e-07
2.094431932e-06
-4.960783955e-07
0.03750016168
-2.595873654e-06
-1.488964557e-07
0.0375006811
-7.781674952e-06
-4.670842147e-07
0.03750192297
-1.397489497e-05
-1.005036554e-06
0.03750461427
-2.192039359e-05
-1.974990136e-06
0.03751000064
-3.223162467e-05
-3.67786235e-06
0.03751992623
-4.513545804e-05
-6.461397822e-06
0.0375367074
-6.00118673e-05
-1.060613222e-05
0.0375619852
-7.427391318e-05
-1.573705102e-05
0.03759506479
-8.300366054e-05
-2.050764353e-05
0.03762991374
-7.887839078e-05
-2.177492872e-05
0.03765573952
-5.610599145e-05
-1.69017782e-05
0.03766454307
-1.850468106e-05
-6.73710892e-06
0.03765613679
1.977495618e-05
3.924348353e-06
0.03763302737
5.380289034e-05
1.325222043e-05
0.03760011512
7.82604338e-05
1.824253786e-05
0.03756691745
8.415350813e-05
1.937649482e-05
0.03754181639
7.461221272e-05
1.523628004e-05
0.03752764455
5.729569316e-05
8.988761906e-06
0.03751977849
4.29287942e-05
5.088235068e-06
0.03751500316
3.214415099e-05
3.340903688e-06
0.03751225054
2.371145828e-05
2.180392853e-06
0.03751093296
1.701256896e-05
1.227800409e-06
0.03751033634
1.226228485e-05
6.426562233e-07
0.03751003607
9.035513662e-06
2.851261017e-07
0.03750988795
6.864303785e-06
3.07897265e-08
0.0375098187
5.354745519e-06
-2.013422986e-07
0.03750980646
4.300776559e-06
-3.50845291e-07
0.03750978828
3.62897166e-06
-4.961980562e-07
0.03750980684
3.149756173e-06
-5.763539867e-07
0.03750980456
2.852461324e-06
-6.377231851e-07
0.03750992866
2.608133832e-06
-6.860794707e-07
2.353241106e-06
-7.271607722e-07
0.03749993333
-2.331696926e-06
-1.975109342e-07
0.03749976614
-6.982000732e-06
-6.32484043e-07
0.03749987475
-1.268499142e-05
-1.398504683e-06
0.03750104673
-2.024992836e-05
-2.842448852e-06
0.03750480256
-3.048431542e-05
-5.503136688e-06
0.03751365755
-4.393137809e-05
-1.005907068e-05
0.03753123999
-6.038899258e-05
-1.720531775e-05
0.0375607133
-7.729812722e-05
-2.644909571e-05
0.0376025036
-8.918259151e-05
-3.561136382e-05
0.03764825373
-8.644340867e-05
-3.818511628e-05
0.03768169208
-6.07401408e-05
-2.880419773e-05
0.037692325
-1.854819906e-05
-1.058939596e-05
0.03768093917
2.305435335e-05
8.106438338e-06
0.03765010687
6.067455435e-05
2.396063849e-05
0.03760768215
8.745144004e-05
3.323371545e-05
0.0375650861
9.300957905e-05
3.37399873e-05
0.03753560341
7.973985341e-05
2.435504868e-05
0.03752162932
5.893820157e-05
1.2331582e-05
0.03751510058
4.388797398e-05
5.569565649e-06
0.03751186485
3.275234486e-05
2.627541455e-06
0.03751066459
2.408751158e-05
8.242080412e-07
0.03751080967
1.719704708e-05
-3.295639271e-07
0.03751138247
1.242217185e-05
-7.326856879e-07
0.03751199518
9.072012284e-06
-6.492026969e-07
0.0375125198
6.815864845e-06
-4.761818302e-07
0.03751296424
5.211634913e-06
-3.013298698e-07
0.03751329729
4.127226547e-06
-1.594904088e-07
0.03751354378
3.415227801e-06
-3.275093965e-08
0.03751372532
2.907657577e-06
6.056687681e-08
0.03751387437
2.581872911e-06
1.215378651e-07
0.03751382924
2.492388347e-06
1.608845011e-07
2.748296657e-06
1.760048399e-07
0.03749968531
-1.766945264e-06
-2.500659507e-07
0.0374988105
-5.300467684e-06
-8.067194951e-07
0.0374976907
-9.731022764e-06
-1.834165415e-06
0.03749709184
-1.579494178e-05
-3.856127708e-06
0.0374987207
-2.434296455e-05
-7.770205608e-06
0.03750574848
-3.614938505e-05
-1.480977795e-05
0.03752343127
-5.157413028e-05
-2.649764693e-05
0.03755708233
-6.866732504e-05
-4.228186921e-05
0.0376092895
-8.236845604e-05
-5.902130339e-05
0.03766812486
-8.149870062e-05
-6.37800625e-05
0.03771013268
-5.61689325e-05
-4.65790285e-05
0.03772257099
-1.477773762e-05
-1.620876311e-05
0.0377077382
2.311980312e-05
1.476734232e-05
0.03766805889
5.887619022e-05
4.147767334e-05
0.03761414419
8.353121596e-05
5.783493442e-05
0.03756070596
8.837485972e-05
5.807295098e-05
0.03752789606
7.228949727e-05
4.026025814e-05
0.03751565094
5.020619309e-05
2.097713446e-05
0.03751089237
3.726279349e-05
1.138375315e-05
0.03750916798
2.733375621e-05
7.142981179e-06
0.0375092463
2.015866156e-05
3.850529403e-06
0.03751033238
1.488534634e-05
1.225623657e-06
0.03751152619
1.151285487e-05
-2.844932812e-07
0.0375125402
9.271964887e-06
-1.213950923e-06
0.03751334364
7.855447502e-06
-1.843020878e-06
0.03751400861
6.888425699e-06
-2.341764106e-06
0.03751449467
6.28325821e-06
-2.642084918e-06
0.03751487212
5.856149347e-06
-2.818367174e-06
0.03751517517
5.562309272e-06
-2.957696746e-06
0.03751540532
5.389944081e-06
-3.038207132e-06
0.03751578986
5.178942429e-06
-3.071099277e-06
4.844042794e-06
-3.061634032e-06
0.03749947746
-9.499803881e-07
-2.94427075e-07
0.03749799073
-2.855881494e-06
-9.578541118e-07
0.03749577112
-5.283425358e-06
-2.227985922e-06
0.03749347871
-8.682975098e-06
-4.819552284e-06
0.0374928401
-1.36311944e-05
-1.007316099e-05
0.03749743864
-2.075195276e-05
-1.999597386e-05
0.03751409931
-3.066933271e-05
-3.756546396e-05
0.03755083179
-4.26833804e-05
-6.271642785e-05
0.03761415391
-5.404144065e-05
-9.16491398e-05
0.03768795993
-5.580665001e-05
-9.949805934e-05
0.03773924408
-3.926194694e-05
-6.819113461e-05
0.03775339498
-9.392906119e-06
-1.95357291e-05
0.0377348621
1.408952377e-05
2.756316917e-05
0.03768619961
3.862691875e-05
6.89117634e-05
0.03761906661
5.664455866e-05
9.401966829e-05
0.03755238367
6.163403898e-05
9.342376134e-05
0.03751583239
5.049326086e-05
5.834751755e-05
0.03750662117
3.408306031e-05
2.533435311e-05
0.03750501747
2.605316105e-05
1.281333099e-05
0.03750594464
1.844399759e-05
7.962596176e-06
0.03750835755
1.266799192e-05
5.077760523e-06
0.0375111488
8.573101283e-06
3.521004734e-06
0.037513505
5.821885881e-06
3.334770695e-06
0.0375152407
3.921366556e-06
3.614904808e-06
0.03751655277
2.690922936e-06
3.852458922e-06
0.03751747962
1.880087339e-06
4.081497342e-06
0.03751814743
1.377003222e-06
4.238452745e-06
0.03751865206
1.013710417e-06
4.337813261e-06
0.03751898221
8.40579497e-07
4.391587747e-06
0.03751917043
7.516986463e-07
4.450033349e-06
0.03751906799
8.392128793e-07
4.442171268e-06
1.169920517e-06
4.453396508e-06
0.03749935891
1.170023274e-08
-3.205870254e-07
0.03749751509
3.568160602e-08
-1.047750052e-06
0.03749463303
6.482595806e-08
-2.466183167e-06
0.0374912722
1.040687068e-07
-5.426219164e-06
0.03748906506
1.629421291e-07
-1.158699244e-05
0.03749172645
2.518085982e-07
-2.366515182e-05
0.03750675554
4.020381064e-07
-4.610045888e-05
0.03754376155
6.209336784e-07
-8.031032286e-05
0.03761408192
9.608162164e-07
-0.0001253226262
0.03769845802
1.256901918e-06
-0.0001414396541
0.03775834413
1.370165178e-06
-0.000100518215
0.03777634759
1.444929648e-06
-2.884129493e-05
0.03775525359
1.533369944e-06
3.365016232e-05
0.03770106989
1.730239856e-06
9.108039494e-05
0.03762575904
2.180206561e-06
0.0001297752101
0.03754874167
2.749063342e-06
0.0001359023552
0.03750743206
3.898271916e-06
8.79045966e-05
0.03749870438
5.201371503e-06
3.760936929e-05
0.03749922044
6.059572947e-06
1.94775244e-05
0.03750134668
6.87690937e-06
9.440854286e-06
0.03750466952
7.445225326e-06
1.899931277e-06
0.03750831662
8.027769493e-06
-3.101774286e-06
0.03751131207
8.409609549e-06
-5.583166877e-06
0.03751347633
8.666930371e-06
-6.90981441e-06
0.03751511542
8.878691683e-06
-7.826849226e-06
0.03751628357
9.006306267e-06
-8.294366467e-06
0.03751712252
9.086729874e-06
-8.548658934e-06
0.03751772814
9.096842074e-06
-8.68874739e-06
0.03751817739
9.099398895e-06
-8.708054057e-06
0.03751855851
9.07142e-06
-8.700826956e-06
0.03751907698
8.927240828e-06
-8.606497064e-06
8.563853339e-06
-8.51734886e-06
0.03749936
9.724861898e-07
-3.207811936e-07
0.0374975197
2.924320461e-06
-1.048342332e-06
0.03749464474
5.406589644e-06
-2.466801795e-06
0.03749129709
8.878135238e-06
-5.42642048e-06
0.03748911297
1.392815133e-05
-1.158108974e-05
0.03749181398
2.119671791e-05
-2.364591277e-05
0.03750689906
3.132617223e-05
-4.600922073e-05
0.03754401058
4.361325806e-05
-8.010384493e-05
0.03761433181
5.526918728e-05
-0.0001246295931
0.03769861179
5.728298875e-05
-0.000140306068
0.037758468
4.097894239e-05
-9.946498062e-05
0.03777646894
1.137519959e-05
-2.793120411e-05
0.03775539724
-1.177261496e-05
3.437768559e-05
0.0377013449
-3.597016938e-05
9.175276467e-05
0.03762627984
-5.320477708e-05
0.0001304500555
0.03754948164
-5.766127931e-05
0.0001372085515
0.03750855376
-4.590852839e-05
9.073468164e-05
0.03750019299
-2.903784677e-05
4.259998235e-05
0.03750062554
-2.111478583e-05
2.67418041e-05
0.03750300964
-1.398484598e-05
1.847765277e-05
0.03750642069
-9.24519425e-06
1.327936888e-05
0.03751018098
-5.771769528e-06
1.003925534e-05
0.03751322498
-3.558529094e-06
8.924141024e-06
0.03751542848
-2.130844349e-06
8.594289748e-06
0.03751703713
-1.235920954e-06
8.505964966e-06
0.03751818228
-6.550534943e-07
8.516221107e-06
0.03751900277
-3.032212585e-07
8.569471862e-06
0.03751955108
-1.101215667e-07
8.658669117e-06
0.03751993698
1.586787562e-08
8.697641744e-06
0.03752019433
6.41876747e-08
8.749892528e-06
0.03752019373
2.071885675e-07
8.720661124e-06
4.459295926e-07
8.849152007e-06
0.03749948051
1.786972897e-06
-2.949942079e-07
0.03749800335
5.361023623e-06
-9.595416997e-07
0.03749580263
9.837467472e-06
-2.230162312e-06
0.03749354411
1.595708029e-05
-4.820417991e-06
0.03749296108
2.457405223e-05
-1.006288021e-05
0.03749764701
3.646580368e-05
-1.99550149e-05
0.03751440613
5.198520873e-05
-3.741815096e-05
0.03755122873
6.918116961e-05
-6.239051262e-05
0.03761443952
8.296470622e-05
-9.09063085e-05
0.0376880646
8.224322834e-05
-9.858531343e-05
0.03773940348
5.714713783e-05
-6.750707686e-05
0.03775364872
1.583070813e-05
-1.870074903e-05
0.03773524567
-2.187282504e-05
2.850327195e-05
0.0376868226
-5.754217323e-05
6.999507721e-05
0.03761995379
-8.175431678e-05
9.541835884e-05
0.03755342894
-8.666913848e-05
9.553271767e-05
0.03751683742
-7.05530959e-05
6.123609068e-05
0.03750710191
-4.844097115e-05
2.913863191e-05
0.03750489099
-3.530600125e-05
1.640212563e-05
0.0375053558
-2.51203121e-05
1.067065678e-05
0.0375073185
-1.757253855e-05
6.364647618e-06
0.03750982312
-1.185319018e-05
3.576793753e-06
0.03751196044
-8.012752687e-06
2.316906697e-06
0.03751358424
-5.411996207e-06
1.657363628e-06
0.03751482031
-3.678234569e-06
1.206250208e-06
0.03751573759
-2.523620562e-06
9.512913502e-07
0.03751641633
-1.781756621e-06
7.998123969e-07
0.03751689542
-1.296113096e-06
7.069129553e-07
0.037517275
-9.944928558e-07
6.307875206e-07
0.037517535
-8.105372961e-07
6.147398972e-07
0.03751796082
-7.568726954e-07
5.382457596e-07
-1.016113447e-06
5.187224569e-07
0.03749968969
2.348234107e-06
-2.509499621e-07
0.03749882806
7.032102598e-06
-8.094494592e-07
0.03749773346
1.277028218e-05
-1.838213831e-06
0.03749717711
2.037322366e-05
-3.859792665e-06
0.03749887034
3.064651259e-05
-7.765689851e-06
0.03750598749
4.412978405e-05
-1.478112991e-05
0.03752375993
6.060898312e-05
-2.639621182e-05
0.03755747829
7.752459245e-05
-4.20617897e-05
0.03760962022
8.938947455e-05
-5.856669401e-05
0.03766838695
8.665879221e-05
-6.318229776e-05
0.03771045456
6.106544533e-05
-4.598590967e-05
0.03772294147
1.889518415e-05
-1.555138188e-05
0.03770822593
-2.260744915e-05
1.545016788e-05
0.03766872453
-6.022457072e-05
4.218380013e-05
0.03761502802
-8.674895705e-05
5.86911577e-05
0.03756166599
-9.255756026e-05
5.925044979e-05
0.03752881522
-7.946608143e-05
4.176375351e-05
0.03751625104
-5.883631942e-05
2.295952582e-05
0.03751125204
-4.383228491e-05
1.352528587e-05
0.03750953531
-3.270084547e-05
9.297260252e-06
0.03750974323
-2.407844795e-05
6.297987059e-06
0.03751097879
-1.738582596e-05
4.297082609e-06
0.0375123293
-1.270597312e-05
3.3427125e-06
0.03751346409
-9.537864936e-06
2.991076807e-06
0.03751440935
-7.41103461e-06
2.787545085e-06
0.03751515052
-5.916892648e-06
2.652105943e-06
0.03751568084
-4.893537608e-06
2.581474613e-06
0.03751603904
-4.17028821e-06
2.515980819e-06
0.03751630979
-3.720331483e-06
2.455100171e-06
0.03751650994
-3.374125356e-06
2.363442536e-06
0.03751656545
-3.098649208e-06
2.286273496e-06
-2.824558846e-06
2.186470649e-06
0.03749993778
2.609070372e-06
-1.986178454e-07
0.03749978529
7.820604557e-06
-6.360059439e-07
0.03749992052
1.403949946e-05
-1.404453418e-06
0.03750113467
2.200887073e-05
-2.849791589e-06
0.03750495055
3.233835526e-05
-5.507723249e-06
0.03751388274
4.524924199e-05
-1.005164789e-05
0.03753154113
6.01109391e-05
-1.716034758e-05
0.03756106953
7.433522942e-05
-2.633903644e-05
0.0376028372
8.300431127e-05
-3.538250257e-05
0.03764853219
7.883628905e-05
-3.787248736e-05
0.03768199121
5.610913095e-05
-2.850270979e-05
0.03769267341
1.850167429e-05
-1.028868462e-05
0.03768139296
-1.974645033e-05
8.41944975e-06
0.03765071093
-5.385312654e-05
2.431058858e-05
0.03760846157
-7.818564066e-05
3.368604565e-05
0.0375659326
-8.438457086e-05
3.435598644e-05
0.03753643385
-7.510426854e-05
2.51369349e-05
0.03752223059
-5.805847743e-05
1.34254199e-05
0.03751542677
-4.38450494e-05
6.816579349e-06
0.03751198058
-3.306957644e-05
3.814922971e-06
0.03751057893
-2.458302718e-05
1.906231348e-06
0.03751052488
-1.77911155e-05
4.593385915e-07
0.03751094623
-1.295618438e-05
-1.711402911e-07
0.0375114019
-9.57749391e-06
-4.160345289e-07
0.03751181245
-7.304684336e-06
-5.169055147e-07
0.0375121511
-5.670662334e-06
-5.848719204e-07
0.03751241928
-4.592028824e-06
-5.696880492e-07
0.03751262332
-3.802795925e-06
-5.715222676e-07
0.03751277816
-3.341907708e-06
-5.33259796e-07
0.03751288662
-3.016130301e-06
-4.664476246e-07
0.03751308663
-2.881037789e-06
-4.17622397e-07
-2.926385073e-06
-3.757253779e-07
0.03750016647
2.592789026e-06
-1.501850407e-07
0.03750069979
7.758670679e-06
-4.713934766e-07
0.03750196644
1.378506474e-05
-1.01220718e-06
0.03750469546
2.126500272e-05
-1.985155783e-06
0.03751013303
3.059022278e-05
-3.68943275e-06
0.0375201209
4.173153444e-05
-6.470161917e-06
0.03753696235
5.386992418e-05
-1.060043815e-05
0.03756228305
6.471793406e-05
-1.570340399e-05
0.03759536036
7.035237648e-05
-2.042538087e-05
0.03763018344
6.567020889e-05
-2.165700093e-05
0.0376560323
4.704650621e-05
-1.678623365e-05
0.03766488498
1.628079927e-05
-6.63180467e-06
0.03765656673
-1.546852725e-05
4.040334043e-06
0.03763353057
-4.417851422e-05
1.336154626e-05
0.03760078017
-6.389071125e-05
1.845547053e-05
0.03756761134
-7.082956352e-05
1.961382723e-05
0.03754246704
-6.546823953e-05
1.550826842e-05
0.03752810396
-5.306398627e-05
9.368597367e-06
0.03752000489
-4.123931256e-05
5.493334496e-06
0.03751508528
-3.180137594e-05
3.651400904e-06
0.03751228993
-2.41980786e-05
2.410404401e-06
0.03751097063
-1.794713029e-05
1.475316312e-06
0.03751040557
-1.335039291e-05
9.592640026e-07
0.03751017243
-1.006944417e-05
7.250944732e-07
0.03751009419
-7.812031611e-06
5.855846305e-07
0.03751010112
-6.172681026e-06
4.950845455e-07
0.03751013691
-5.050384229e-06
4.22568628e-07
0.03751018811
-4.234607857e-06
3.806134575e-07
0.03751022461
-3.713602791e-06
3.351954524e-07
0.03751026146
-3.338213618e-06
2.852352014e-07
0.03751023797
-3.09968859e-06
2.421448487e-07
-2.875993863e-06
1.580218342e-07
0.0375003654
2.334991261e-06
-1.076008692e-07
0.03750147177
6.987853718e-06
-3.355573055e-07
0.03750365479
1.23032441e-05
-7.011976626e-07
0.03750753126
1.871773618e-05
-1.329200041e-06
0.03751405339
2.644753312e-05
-2.37943935e-06
0.03752448045
3.532255505e-05
-4.018078934e-06
0.03754015368
4.45329184e-05
-6.336231127e-06
0.03756171022
5.224716977e-05
-9.085772381e-06
0.03758797241
5.558878967e-05
-1.1498609e-05
0.03761456768
5.117981616e-05
-1.210486957e-05
0.03763450338
3.670862185e-05
-9.597821728e-06
0.037641793
1.311439041e-05
-4.123211283e-06
0.03763585626
-1.134079766e-05
1.80901105e-06
0.03761835396
-3.364245414e-05
6.966244979e-06
0.03759351204
-4.908060066e-05
1.00318107e-05
0.03756739293
-5.533117424e-05
1.06207169e-05
0.03754593396
-5.246418489e-05
8.454923577e-06
0.03753174139
-4.385603201e-05
4.984612799e-06
0.03752267273
-3.466024281e-05
2.489589895e-06
0.03751661578
-2.692759243e-05
1.183171408e-06
0.03751267609
-2.057583854e-05
3.174484624e-07
0.03751032201
-1.528893763e-05
-3.04109267e-07
0.03750894035
-1.1314314e-05
-6.544249642e-07
0.03750809512
-8.422073801e-06
-8.02142672e-07
0.03750757245
-6.415957905e-06
-8.734038543e-07
0.03750724416
-4.947374598e-06
-8.970141871e-07
0.0375070458
-3.947172514e-06
-9.048540939e-07
0.03750691132
-3.218770766e-06
-8.813620531e-07
0.03750683002
-2.768057475e-06
-8.64248406e-07
0.03750676185
-2.44805166e-06
-8.2198552e-07
0.03750675707
-2.30173475e-06
-7.93176078e-07
-2.276742393e-06
-7.497281307e-07
0.03750051488
1.895451746e-06
-7.534448452e-08
0.03750206336
5.672697307e-06
-2.333194563e-07
0.03750492509
9.9161331e-06
-4.746150103e-07
0.03750959337
1.492013804e-05
-8.706830394e-07
0.03751675949
2.078546082e-05
-1.504048547e-06
0.03752723069
2.730180522e-05
-2.450451893e-06
0.03754169503
3.379918882e-05
-3.730614314e-06
0.03756020302
3.893032143e-05
-5.191135356e-06
0.03758141987
4.078714129e-05
-6.415205783e-06
0.03760216438
3.713780603e-05
-6.702497627e-06
0.03761773317
2.655189547e-05
-5.412062724e-06
0.03762372598
9.627819122e-06
-2.506245888e-06
0.03761944368
-7.76609128e-06
7.075950936e-07
0.03760611232
-2.386869556e-05
3.557606603e-06
0.03758692277
-3.520910307e-05
5.318053927e-06
0.03756604053
-4.018513727e-05
5.736196789e-06
0.03754769544
-3.893140411e-05
4.81231131e-06
0.03753418026
-3.349736778e-05
3.156520473e-06
0.03752472911
-2.706256197e-05
1.853468801e-06
0.03751800336
-2.134618573e-05
1.14435528e-06
0.03751330008
-1.655275928e-05
6.802013036e-07
0.03751017703
-1.249338768e-05
3.275001338e-07
0.03750813491
-9.382643679e-06
1.104420373e-07
0.03750677022
-7.059773483e-06
2.38772149e-09
0.03750585321
-5.434327841e-06
-6.461898391e-08
0.0375052332
-4.219861249e-06
-1.075035943e-07
0.03750481767
-3.394039809e-06
-1.376064787e-07
0.03750452961
-2.773696576e-06
-1.570237296e-07
0.03750433695
-2.395552544e-06
-1.798401191e-07
0.03750419453
-2.108307708e-06
-1.973315756e-07
0.0375040397
-1.931803709e-06
-2.150988534e-07
-1.816881285e-06
-2.44905921e-07
0.03750061958
1.328750275e-06
-5.287804864e-08
0.03750247793
3.976839098e-06
-1.624936503e-07
0.03750580053
6.915944942e-06
-3.224086822e-07
0.0375109706
1.032313277e-05
-5.730672805e-07
0.03751847671
1.423593979e-05
-9.565870643e-07
0.03752880666
1.847729759e-05
-1.505440734e-06
0.03754224092
2.258263306e-05
-2.217710314e-06
0.03755849452
2.567406566e-05
-2.997344027e-06
0.03757628834
2.662599118e-05
-3.632668377e-06
0.0375931073
2.408626684e-05
-3.767416864e-06
0.0376055529
1.718991987e-05
-3.083629436e-06
0.03761055494
6.156593776e-06
-1.530812537e-06
0.03760739918
-4.81468161e-06
2.04350605e-07
0.0375969382
-1.519379887e-05
1.786075506e-06
0.03758151436
-2.25767887e-05
2.791528047e-06
0.03756425344
-2.59880015e-05
3.063789028e-06
0.03754826313
-2.554854028e-05
2.607453324e-06
0.03753544345
-2.23895384e-05
1.711847977e-06
0.03752580524
-1.832500122e-05
9.006531737e-07
0.03751861245
-1.453602686e-05
3.82634019e-07
0.0375133389
-1.129684593e-05
1.763374744e-08
0.03750963153
-8.52955302e-06
-2.564581238e-07
0.03750707006
-6.385864503e-06
-4.353147975e-07
0.03750529708
-4.759549673e-06
-5.272418468e-07
0.03750406604
-3.622192616e-06
-5.810978032e-07
0.03750321335
-2.759205826e-06
-6.079638213e-07
0.03750262844
-2.190251764e-06
-6.188862414e-07
0.03750221362
-1.734981962e-06
-6.238978315e-07
0.03750191954
-1.473668958e-06
-6.278035009e-07
0.03750170256
-1.272293353e-06
-6.190422175e-07
0.03750155335
-1.176276144e-06
-6.063133288e-07
-1.159569946e-06
-5.875000967e-07
0.03750068457
6.831048823e-07
-3.89288793e-08
0.0375027357
2.044545145e-06
-1.188336391e-07
0.03750633764
3.544618688e-06
-2.306063303e-07
0.03751179359
5.265370725e-06
-3.981904809e-07
0.03751945614
7.217257036e-06
-6.438703674e-07
0.03752961499
9.299726816e-06
-9.812747545e-07
0.0375423149
1.128402106e-05
-1.401297755e-06
0.0375571115
1.272156477e-05
-1.844107479e-06
0.03757274919
1.317918014e-05
-2.19087653e-06
0.03758730404
1.179066443e-05
-2.259251342e-06
0.03759778825
8.570223563e-06
-1.864506505e-06
0.03760195029
2.977213599e-06
-9.826697173e-07
0.03759951933
-2.366624629e-06
-1.709629022e-08
0.0375908319
-7.419136526e-06
9.127734695e-07
0.03757773427
-1.100005795e-05
1.520895146e-06
0.03756275658
-1.27182289e-05
1.707916697e-06
0.03754833787
-1.262294945e-05
1.493125433e-06
0.0375361113
-1.11932637e-05
1.030303713e-06
0.03752645919
-9.25491337e-06
5.820178344e-07
0.03751903996
-7.394381798e-06
2.775926698e-07
0.03751345604
-5.786300189e-06
7.337814955e-08
0.03750940948
-4.405984322e-06
-7.701400118e-08
0.03750652622
-3.33058465e-06
-1.720193491e-07
0.03750449429
-2.502898241e-06
-2.247217198e-07
0.03750305257
-1.926065702e-06
-2.544097197e-07
0.03750204602
-1.480036134e-06
-2.726222566e-07
0.03750133895
-1.197866426e-06
-2.853220589e-07
0.03750084602
-9.45867231e-07
-2.961813425e-07
0.03750047661
-8.037965055e-07
-3.004695504e-07
0.03750020891
-6.990659219e-07
-3.055260181e-07
0.03749998104
-6.407621268e-07
-3.076497594e-07
-6.036793842e-07
-3.164188389e-07
0.03750071541
-3.230182709e-08
0.03750285814
-9.818835038e-08
0.03750659054
-1.877820498e-07
0.03751217387
-3.179599086e-07
0.0375198942
-5.030693691e-07
0.03752994343
-7.495030358e-07
0.03754227511
-1.047661798e-06
0.03755634769
-1.351014863e-06
0.03757111388
-1.587013922e-06
0.03758451396
-1.6094133e-06
0.03759447398
-1.389800169e-06
0.03759805931
-6.081145371e-07
0.03759576184
-6.915185168e-08
0.03758777376
5.689434856e-07
0.03757576859
1.005114124e-06
0.03756190017
1.150187929e-06
0.03754825484
1.022387039e-06
0.03753634609
7.154820103e-07
0.03752670131
3.898714927e-07
0.03751916865
1.382827544e-07
0.03751342494
-4.259201161e-08
0.03750919966
-1.807049373e-07
0.03750614238
-2.732983665e-07
0.03750397188
-3.323995561e-07
0.03750241323
-3.67416683e-07
0.03750132566
-3.924696403e-07
0.03750054016
-4.123661722e-07
0.03750000823
-4.139390038e-07
0.03749961523
-4.107998845e-07
0.03749932508
-4.089228679e-07
0.03749909155
-4.072311676e-07
-4.05656075e-07
0.03750071032
-6.842213306e-07
-5.692394115e-08
0.03750283831
-2.0486108e-06
-1.730852226e-07
0.03750654642
-3.555631705e-06
-3.323385225e-07
0.03751209694
-5.290958417e-06
-5.654346621e-07
0.03751977912
-7.269277063e-06
-8.987445096e-07
0.0375297916
-9.394098317e-06
-1.344441453e-06
0.03754209845
-1.143851417e-05
-1.885317021e-06
0.03755617132
-1.294839979e-05
-2.436478366e-06
0.03757096515
-1.347122537e-05
-2.861873467e-06
0.03758442269
-1.211683302e-05
-2.891368615e-06
0.03759441988
-8.856568445e-06
-2.46148872e-06
0.03759803158
-3.157633971e-06
-9.742002972e-07
0.03759569668
2.316591614e-06
4.724171908e-08
0.03758764058
7.475292492e-06
1.262461769e-06
0.03757555651
1.110998397e-05
2.108147634e-06
0.03756162416
1.281679015e-05
2.411836263e-06
0.03754795915
1.264656146e-05
2.20463552e-06
0.03753609005
1.110549486e-05
1.659525913e-06
0.03752652072
9.076548725e-06
1.077708446e-06
0.03751906026
7.173081448e-06
6.344626122e-07
0.03751337466
5.545312286e-06
3.171221385e-07
0.03750919788
4.148723971e-06
7.436382548e-08
0.03750617992
3.065437688e-06
-8.939413975e-08
0.0375040392
2.236603758e-06
-1.943392802e-07
0.03750250263
1.661284752e-06
-2.565810259e-07
0.03750143158
1.223088255e-06
-3.104290527e-07
0.03750066958
9.191020959e-07
-3.27150445e-07
0.03750014625
6.789873886e-07
-3.264117673e-07
0.03749975876
5.436034413e-07
-3.264632449e-07
0.0374994767
4.363334286e-07
-3.231579557e-07
0.03749924778
3.827333574e-07
-3.219677123e-07
3.569730065e-07
-3.219832462e-07
0.03750067862
-1.331121485e-06
-6.915768586e-08
0.03750271237
-3.985459915e-06
-2.112001231e-07
0.03750628521
-6.939591637e-06
-4.114799032e-07
0.03751170102
-1.037880539e-05
-7.139028356e-07
0.03751931591
-1.435071048e-05
-1.159889857e-06
0.03752942836
-1.868867219e-05
-1.775495177e-06
0.03754209877
-2.293376045e-05
-2.545677754e-06
0.03755690188
-2.619572727e-05
-3.361238158e-06
0.03757259354
-2.730540599e-05
-4.001221833e-06
0.03758723362
-2.483729142e-05
-4.122264459e-06
0.0375977933
-1.784897543e-05
-3.363389364e-06
0.03760199025
-6.561115495e-06
-1.693093845e-06
0.03759950944
4.73922507e-06
1.375375748e-07
0.03759072494
1.537911156e-05
1.905045923e-06
0.03757751249
2.289447043e-05
3.076841978e-06
0.03756243796
2.62829607e-05
3.460336963e-06
0.0375479868
2.566330481e-05
3.089580078e-06
0.03753581376
2.223787244e-05
2.24858818e-06
0.03752625709
1.796796139e-05
1.438383835e-06
0.03751892345
1.408711695e-05
9.03679797e-07
0.037513403
1.081046765e-05
5.472617099e-07
0.03750941147
8.008131387e-06
2.809547042e-07
0.03750657042
5.851540977e-06
1.154849297e-07
0.03750457268
4.224200317e-06
2.224568252e-08
0.03750315199
3.097084799e-06
-3.182655752e-08
0.03750216597
2.244534723e-06
-7.009498255e-08
0.03750146531
1.670321158e-06
-9.785154269e-08
0.03750097397
1.233753953e-06
-1.214195771e-07
0.03750060304
9.854610926e-07
-1.383011509e-07
0.03750033095
7.918373602e-07
-1.606846786e-07
0.03750010633
6.926537852e-07
-1.704367658e-07
6.358042325e-07
-1.881585489e-07
0.03750061173
-1.899281081e-06
-9.4936334e-08
0.03750244689
-5.686612197e-06
-2.919041176e-07
0.03750572961
-9.955207656e-06
-5.813858737e-07
0.03751084261
-1.501429645e-05
-1.038130648e-06
0.0375182784
-2.098420864e-05
-1.741256131e-06
0.03752853809
-2.767663487e-05
-2.753534321e-06
0.03754193027
-3.443702851e-05
-4.076573987e-06
0.03755820642
-3.989694799e-05
-5.535757513e-06
0.03757611411
-4.206473004e-05
-6.738143588e-06
0.03759310043
-3.854083134e-05
-6.99996313e-06
0.03760570032
-2.777654895e-05
-5.694837588e-06
0.0376107572
-1.031734805e-05
-2.755293577e-06
0.03760752388
7.73031217e-06
5.362204824e-07
0.03759689765
2.435497213e-05
3.540917732e-06
0.03758127182
3.596169456e-05
5.469909109e-06
0.03756383591
4.090474958e-05
6.011588828e-06
0.03754777412
3.931941089e-05
5.162908931e-06
0.03753503436
3.337906932e-05
3.470168953e-06
0.03752553523
2.657661029e-05
1.964350095e-06
0.03751845067
2.071604976e-05
1.026871527e-06
0.0375132563
1.585155399e-05
3.794865579e-07
0.03750961175
1.173198913e-05
-1.286895539e-07
0.03750709956
8.595497457e-06
-4.531212551e-07
0.03750536538
6.264482258e-06
-6.243950347e-07
0.03750416588
4.647723781e-06
-7.15756684e-07
0.03750334001
3.434321032e-06
-7.524322736e-07
0.03750277997
2.608584475e-06
-7.725395261e-07
0.03750239119
1.995177009e-06
-7.631290807e-07
0.03750212254
1.62223496e-06
-7.465368981e-07
0.03750193531
1.330172341e-06
-7.184769213e-07
0.0375017767
1.192143847e-06
-6.932246638e-07
1.145174269e-06
-6.652084072e-07
0.03750050381
-2.340401833e-06
-1.365136261e-07
0.037502019
-7.007422843e-06
-4.230919819e-07
0.03750482165
-1.236063056e-05
-8.636809766e-07
0.03750940137
-1.886083173e-05
-1.591450971e-06
0.03751645325
-2.675988869e-05
-2.762959904e-06
0.03752680515
-3.593086421e-05
-4.525764355e-06
0.03754119978
-4.560317795e-05
-6.932627034e-06
0.03755975962
-5.391148913e-05
-9.707519818e-06
0.03758122769
-5.784322955e-05
-1.207564523e-05
0.03760231845
-5.363894183e-05
-1.266414399e-05
0.0376181673
-3.880067541e-05
-1.019694147e-05
0.03762425679
-1.417509293e-05
-4.682160626e-06
0.03761984112
1.148720357e-05
1.434137665e-06
0.03760621125
3.476044685e-05
6.862300178e-06
0.03758663701
5.068687174e-05
1.025662829e-05
0.03756543022
5.685097401e-05
1.109327718e-05
0.03754698137
5.334322629e-05
9.340486961e-06
0.03753361542
4.382917685e-05
6.174965137e-06
0.03752438115
3.403940591e-05
3.73113167e-06
0.03751781166
2.610895616e-05
2.453041275e-06
0.03751321518
1.967075053e-05
1.619379366e-06
0.03751018304
1.429501761e-05
9.696967731e-07
0.03750818948
1.032263175e-05
5.692175619e-07
0.03750685675
7.438726636e-06
3.486108985e-07
0.0375059381
5.507875744e-06
1.780054129e-07
0.03750531182
4.066922671e-06
4.387692165e-08
0.03750487427
3.122402455e-06
-7.715809057e-08
0.03750456936
2.414246823e-06
-1.617908443e-07
0.03750434458
2.012336318e-06
-2.461413682e-07
0.03750418045
1.684969236e-06
-3.049598818e-07
0.03750406436
1.546693705e-06
-3.661727895e-07
1.347046444e-06
-3.784331256e-07
0.03750034951
-2.599736793e-06
-1.96306484e-07
0.03750140654
-7.782463987e-06
-6.130143515e-07
0.03750349916
-1.386124817e-05
-1.285309571e-06
0.03750723288
-2.146477863e-05
-2.447179037e-06
0.03751356073
-3.10463119e-05
-4.405274563e-06
0.03752377331
-4.265697676e-05
-7.486404941e-06
0.03753931649
-5.556688647e-05
-1.189932637e-05
0.03756097289
-6.744297324e-05
-1.720157738e-05
0.03758774991
-7.41480933e-05
-2.197641021e-05
0.03761503885
-6.980045787e-05
-2.324902054e-05
0.0376354773
-5.043068668e-05
-1.84179033e-05
0.03764294777
-1.782165887e-05
-7.943473198e-06
0.03763677125
1.605940797e-05
3.424822066e-06
0.0376187121
4.650843765e-05
1.329618803e-05
0.03759316772
6.701064559e-05
1.926216888e-05
0.03756640728
7.399656849e-05
2.023900924e-05
0.03754476486
6.751172431e-05
1.592207585e-05
0.03753085164
5.355892806e-05
9.121523249e-06
0.03752211579
4.079528763e-05
4.409213279e-06
0.03751627562
3.108585265e-05
2.01251902e-06
0.03751249638
2.333283588e-05
4.19540313e-07
0.03751028072
1.696795037e-05
-7.939692317e-07
0.03750900721
1.234056438e-05
-1.411307601e-06
0.03750826197
9.060226952e-06
-1.664883102e-06
0.03750781231
6.846413168e-06
-1.683406928e-06
0.03750755619
5.200978953e-06
-1.64261164e-06
0.03750741429
4.105445216e-06
-1.556416384e-06
0.037507333
3.302173862e-06
-1.460642193e-06
0.03750729339
2.808823021e-06
-1.361095995e-06
0.03750726758
2.433698979e-06
-1.272581629e-06
0.03750718814
2.324221704e-06
-1.219012398e-06
2.307129372e-06
-1.179779796e-06
0.03750014214
-2.614734641e-06
-2.760400219e-07
0.03750060404
-7.846703397e-06
-8.647403884e-07
0.03750173271
-1.412888916e-05
-1.866063243e-06
0.03750423087
-2.226023408e-05
-3.677696069e-06
0.03750933546
-3.294820658e-05
-6.880557913e-06
0.03751893068
-4.655183316e-05
-1.21617591e-05
0.03753551621
-6.262413365e-05
-2.01344166e-05
0.03756100758
-7.853031063e-05
-3.014108912e-05
0.03759512723
-8.905890128e-05
-3.971648073e-05
0.03763128378
-8.539143311e-05
-4.234050139e-05
0.03765799318
-6.121284443e-05
-3.282901731e-05
0.03766715815
-2.057554339e-05
-1.314819696e-05
0.03765845027
2.111526383e-05
7.576379618e-06
0.0376342869
5.839503224e-05
2.552899714e-05
0.03760042843
8.27042747e-05
3.6407388e-05
0.03756606739
8.964741753e-05
3.808669094e-05
0.0375407168
7.852324928e-05
2.957533992e-05
0.03752687373
5.913167712e-05
1.725909341e-05
0.0375192996
4.362987876e-05
9.827773778e-06
0.03751469539
3.258197459e-05
6.448990343e-06
0.03751209994
2.400485394e-05
4.103826263e-06
0.03751089804
1.720852761e-05
2.189116628e-06
0.03751035527
1.254212094e-05
9.838656975e-07
0.03751009126
9.383202056e-06
2.261677693e-07
0.03750995748
7.335577892e-06
-3.24598998e-07
0.03750990838
5.836492514e-06
-7.877588308e-07
0.03750989307
4.871623987e-06
-1.101713988e-06
0.03750988527
4.175091145e-06
-1.36131327e-06
0.0375098941
3.757443157e-06
-1.53380071e-06
0.03750988874
3.446305746e-06
-1.644976687e-06
0.03751000162
3.224047799e-06
-1.698782823e-06
2.8574005e-06
-1.749832466e-06
0.03749990797
-2.352345436e-06
-3.678699236e-07
0.03749965028
-7.049855069e-06
-1.171637178e-06
0.0374995779
-1.285456193e-05
-2.600457977e-06
0.03750042711
-2.064326691e-05
-5.308628125e-06
0.03750368403
-3.136082888e-05
-1.034742998e-05
0.03751190945
-4.576060294e-05
-1.907571777e-05
0.0375290625
-6.395805464e-05
-3.302445268e-05
0.03755884087
-8.337416608e-05
-5.138360257e-05
0.03760266084
-9.822319059e-05
-7.026704397e-05
0.03765077603
-9.617302328e-05
-7.551872341e-05
0.03768560404
-6.79686883e-05
-5.687635442e-05
0.0376968888
-2.161288069e-05
-2.08368206e-05
0.03768490232
2.550847817e-05
1.5699708e-05
0.03765250633
6.793076237e-05
4.682090434e-05
0.03760775912
9.533817606e-05
6.534702795e-05
0.03756316981
0.0001018368941
6.613983013e-05
0.03753353836
8.564021383e-05
4.686953822e-05
0.03752020231
6.175947297e-05
2.303983609e-05
0.03751422599
4.498656345e-05
1.018919943e-05
0.03751134378
3.359468503e-05
4.497036834e-06
0.03751049393
2.486808602e-05
8.108248699e-07
0.03751083423
1.799046513e-05
-1.45179823e-06
0.03751151483
1.345210666e-05
-2.323272142e-06
0.0375121408
1.029289544e-05
-2.184870061e-06
0.03751267112
8.255772341e-06
-1.926700013e-06
0.03751310512
6.753552645e-06
-1.652389174e-06
0.03751342758
5.812698117e-06
-1.423026848e-06
0.03751366762
5.084066603e-06
-1.181759429e-06
0.03751383284
4.656967144e-06
-1.004176371e-06
0.03751396743
4.309269412e-06
-8.760184424e-07
0.03751390607
4.247362859e-06
-8.010626465e-07
4.356880645e-06
-7.910814478e-07
0.03749964585
-1.784414959e-06
-4.638424447e-07
0.03749864612
-5.359594983e-06
-1.497249759e-06
0.03749725912
-9.884045565e-06
-3.417679695e-06
0.03749615534
-1.61677503e-05
-7.227867713e-06
0.03749695196
-2.522518694e-05
-1.470247001e-05
0.03750285266
-3.811172693e-05
-2.835935003e-05
0.03751966907
-5.567949144e-05
-5.159262633e-05
0.03755370016
-7.603570692e-05
-8.365141392e-05
0.03760969444
-9.387753106e-05
-0.0001193612415
0.03767250704
-9.380322339e-05
-0.0001289624606
0.03771638915
-6.46491627e-05
-9.378066705e-05
0.03773002362
-1.948658384e-05
-3.196952611e-05
0.0377143033
2.601974809e-05
2.997640074e-05
0.03767215924
6.755006466e-05
8.400243593e-05
0.03761413969
9.454034203e-05
0.0001166523276
0.03755756374
9.950961017e-05
0.0001169761872
0.03752495766
7.906612539e-05
7.944042054e-05
0.03751363741
5.354967232e-05
4.050718203e-05
0.03750964806
3.83990427e-05
2.196062736e-05
0.03750843511
2.870962511e-05
1.324099282e-05
0.03750902468
2.190482814e-05
6.224209603e-06
0.03751039309
1.69556782e-05
8.919993785e-07
0.03751171456
1.39791853e-05
-2.13303675e-06
0.03751275895
1.197661516e-05
-3.94205694e-06
0.03751358374
1.073206257e-05
-5.144105269e-06
0.0375142069
9.819588224e-06
-6.030959704e-06
0.03751467245
9.260066445e-06
-6.554999804e-06
0.03751501485
8.826364869e-06
-6.903070359e-06
0.03751529416
8.507778338e-06
-7.087809802e-06
0.03751548924
8.26100528e-06
-7.185021546e-06
0.0375158677
8.027986213e-06
-7.230178844e-06
7.553622038e-06
-7.292819667e-06
0.03749942737
-9.601020326e-07
-5.461134987e-07
0.03749777994
-2.89078979e-06
-1.779225038e-06
0.03749520236
-5.376032652e-06
-4.158420276e-06
0.03749219595
-8.918054335e-06
-9.062831397e-06
0.03749029539
-1.421352566e-05
-1.918426218e-05
0.03749302837
-2.21440916e-05
-3.869658853e-05
0.0375080266
-3.380506182e-05
-7.443812518e-05
0.03754508909
-4.884634807e-05
-0.0001269682789
0.03761518444
-6.452270653e-05
-0.0001910993176
0.03769521884
-6.694934958e-05
-0.0002063863307
0.03774839226
-4.595791659e-05
-0.000140055786
0.03776433264
-1.483415932e-05
-4.012853733e-05
0.03774472419
1.649908367e-05
5.669229041e-05
0.03769216437
4.603825221e-05
0.000142983398
0.03761838205
6.654031259e-05
0.0001958020282
0.03754650312
7.210703896e-05
0.0001927052698
0.03751167767
5.68859766e-05
0.0001153531094
0.03750421802
3.745333661e-05
4.889034691e-05
0.03750374928
2.724742301e-05
2.443369702e-05
0.03750543048
2.035157167e-05
1.463944456e-05
0.03750851952
1.523421706e-05
8.659332329e-06
0.03751156977
1.159137397e-05
5.835056493e-06
0.03751394757
9.405661255e-06
5.530498306e-06
0.03751565697
7.846485977e-06
6.035632764e-06
0.03751689781
6.83228638e-06
6.511401947e-06
0.03751777103
6.073356342e-06
6.954501102e-06
0.03751838493
5.5671682e-06
7.317460268e-06
0.03751880862
5.153301056e-06
7.587199365e-06
0.03751906549
4.886221752e-06
7.756280314e-06
0.03751923963
4.659225614e-06
7.877676362e-06
0.03751914973
4.648978712e-06
7.911082416e-06
4.842935542e-06
7.862984498e-06
0.03749930245
1.162274178e-08
-5.947627248e-07
0.03749727524
3.546020493e-08
-1.946789631e-06
0.03749397552
6.457988829e-08
-4.607071642e-06
0.03748974947
1.040952586e-07
-1.022231717e-05
0.03748594013
1.651832506e-07
-2.215636431e-05
0.03748599117
2.60366037e-07
-4.612064913e-05
0.03749819946
4.354788907e-07
-9.254928664e-05
0.03753477274
6.995241765e-07
-0.0001664294741
0.03761460479
1.166987411e-06
-0.0002708443754
0.03770851667
1.48004647e-06
-0.0003037809238
0.03776918171
1.511812688e-06
-0.000208652992
0.03778881678
1.543820608e-06
-6.485432865e-05
0.03776807831
1.666381674e-06
6.922134436e-05
0.03770986077
1.904288284e-06
0.000193431902
0.03762609096
2.375455246e-06
0.0002777098903
0.03754124955
3.193908494e-06
0.0002896568985
0.03750252677
4.628845109e-06
0.0001788845111
0.03749680421
6.326735747e-06
7.445853167e-05
0.0374978736
7.49284443e-06
3.816271971e-05
0.03750090712
8.466272385e-06
1.829262822e-05
0.03750522784
9.200716441e-06
3.61270587e-06
0.03750910201
9.699602133e-06
-5.084168023e-06
0.03751190226
9.98144016e-06
-8.959193047e-06
0.03751391684
1.017263055e-05
-1.125052972e-05
0.03751539632
1.027034011e-05
-1.274438282e-05
0.03751645959
1.034212978e-05
-1.362640771e-05
0.03751720967
1.03722974e-05
-1.410385992e-05
0.03751775524
1.04079186e-05
-1.448892667e-05
0.03751816838
1.040557647e-05
-1.464053353e-05
0.03751851939
1.045639495e-05
-1.484900428e-05
0.03751907892
1.034732983e-05
-1.486437057e-05
1.017657319e-05
-1.516574367e-05
0.03749930355
9.824591517e-07
-5.951651096e-07
0.03749727991
2.958806684e-06
-1.948055313e-06
0.03749398755
5.498613111e-06
-4.608464981e-06
0.03748977596
9.112911934e-06
-1.022365511e-05
0.03748599275
1.451224407e-05
-2.214493794e-05
0.03748609876
2.259585014e-05
-4.608740645e-05
0.03749838903
3.448226552e-05
-9.234627947e-05
0.03753513705
4.9810669e-05
-0.0001659630111
0.03761490244
6.579668012e-05
-0.0002690246761
0.03770866292
6.847720623e-05
-0.0003010636928
0.03776929551
4.780278953e-05
-0.0002063885526
0.03778890981
1.699389981e-05
-6.299557773e-05
0.03776821833
-1.399437198e-05
7.072993759e-05
0.03771015732
-4.31276677e-05
0.0001948457205
0.03762670106
-6.306932448e-05
0.0002793511247
0.03754221392
-6.800043243e-05
0.0002928900325
0.03750390787
-5.212334065e-05
0.0001857929128
0.03749848418
-3.230434476e-05
8.665475611e-05
0.03749960785
-2.253825484e-05
5.564922931e-05
0.03750299541
-1.658200557e-05
4.013837518e-05
0.0375074749
-1.240113161e-05
3.040172607e-05
0.03751130686
-9.532003644e-06
2.543889815e-05
0.03751408489
-7.662847303e-06
2.379040278e-05
0.03751604111
-6.307268523e-06
2.311797685e-05
0.03751743829
-5.377825203e-06
2.275695575e-05
0.03751840081
-4.671464066e-06
2.256729993e-05
0.03751907056
-4.123800165e-06
2.239583084e-05
0.0375195292
-3.641030921e-06
2.224898881e-05
0.03751984213
-3.247926115e-06
2.203822224e-05
0.03752008467
-2.852625632e-06
2.181638601e-05
0.03752010662
-2.483414219e-06
2.152945178e-05
-1.855284475e-06
2.125308311e-05
0.03749943044
1.804314957e-06
-5.472897547e-07
0.03749779271
5.419752909e-06
-1.782755694e-06
0.03749523471
9.989745866e-06
-4.163295085e-06
0.03749226466
1.632874572e-05
-9.066207458e-06
0.03749042678
2.545400647e-05
-1.916675356e-05
0.03749326476
3.842334081e-05
-3.86204937e-05
0.03750838688
5.607580176e-05
-7.413379996e-05
0.03754557706
7.651871015e-05
-0.0001262887361
0.03761546725
9.440593903e-05
-0.0001894057608
0.03769531373
9.446430616e-05
-0.0002044188841
0.03774856133
6.556283842e-05
-0.0001385147272
0.037764588
2.049122759e-05
-3.822474552e-05
0.03774514858
-2.487522053e-05
5.882355029e-05
0.03769287952
-6.626419016e-05
0.000145400666
0.03761949562
-9.313160792e-05
0.0001988645518
0.03754769718
-9.80820717e-05
0.0001974127991
0.03751276089
-7.754417169e-05
0.0001215932089
0.03750468131
-5.220923817e-05
5.712310476e-05
0.03750341198
-3.690908317e-05
3.204228278e-05
0.03750450163
-2.701910673e-05
2.001810862e-05
0.03750712754
-1.970732266e-05
1.104492358e-05
0.03750987649
-1.427602757e-05
5.57187775e-06
0.03751210393
-1.082847572e-05
3.255093876e-06
0.03751382231
-8.547982447e-06
2.17970238e-06
0.03751511563
-7.088161446e-06
1.623269677e-06
0.03751607257
-6.127828389e-06
1.450727846e-06
0.03751676417
-5.529667808e-06
1.514087162e-06
0.03751726508
-5.123724113e-06
1.688710429e-06
0.03751763671
-4.89631835e-06
1.907557814e-06
0.03751792305
-4.717665555e-06
2.193453421e-06
0.03751828752
-4.739408649e-06
2.429765867e-06
-4.886989408e-06
2.950672548e-06
0.0374996502
2.368815848e-06
-4.656547602e-07
0.0374986638
7.099582813e-06
-1.5028772e-06
0.03749730261
1.293911415e-05
-3.426384526e-06
0.03749624344
2.076513324e-05
-7.237015963e-06
0.03749710974
3.15195853e-05
-1.469757031e-05
0.03750311153
4.595116822e-05
-2.831073977e-05
0.03752003205
6.415769107e-05
-5.139862479e-05
0.03755415021
8.356115011e-05
-8.322239397e-05
0.03761004401
9.834690795e-05
-0.0001184014608
0.03767277459
9.628455277e-05
-0.0001277331178
0.03771671471
6.819216031e-05
-9.25553546e-05
0.03773039394
2.188012243e-05
-3.061950532e-05
0.03771480569
-2.516721867e-05
3.133041965e-05
0.03767288011
-6.754711948e-05
8.539231314e-05
0.03761510409
-9.498805778e-05
0.0001183236333
0.03755857039
-0.0001016540647
0.0001193561479
0.03752594799
-8.564304439e-05
8.248502081e-05
0.03751424569
-6.203601274e-05
4.448860533e-05
0.03751001996
-4.535098312e-05
2.619291122e-05
0.03750887261
-3.398951431e-05
1.741501865e-05
0.03750965391
-2.527137745e-05
1.108074509e-05
0.0375111863
-1.859621227e-05
7.08487237e-06
0.0375126649
-1.413264735e-05
5.168291801e-06
0.03751384672
-1.112450757e-05
4.385788567e-06
0.03751480409
-9.157668139e-06
3.899689374e-06
0.03751551791
-7.789078613e-06
3.599540285e-06
0.03751598115
-6.870433619e-06
3.459006261e-06
0.03751628407
-6.228890612e-06
3.318232899e-06
0.03751651078
-5.829128163e-06
3.1612123e-06
0.03751668026
-5.518190767e-06
2.994491266e-06
0.0375166774
-5.31280179e-06
2.862534766e-06
-5.01169072e-06
2.663866918e-06
0.03749991228
2.627839644e-06
-3.699214515e-07
0.0374996694
7.885368726e-06
-1.178908783e-06
0.03749962397
1.4192995e-05
-2.612909171e-06
0.03750051654
2.234759696e-05
-5.324819956e-06
0.03750383647
3.30521949e-05
-1.036026205e-05
0.03751214559
4.665928299e-05
-1.906888074e-05
0.03752938268
6.270772699e-05
-3.29474744e-05
0.03755922623
7.856149765e-05
-5.11829358e-05
0.03760300708
8.900185727e-05
-6.9818304e-05
0.03765105753
8.527597639e-05
-7.491436185e-05
0.03768590454
6.113837762e-05
-5.629593242e-05
0.03769723875
2.05073922e-05
-2.025017137e-05
0.03768536793
-2.117871755e-05
1.630177426e-05
0.037653141
-5.849623375e-05
4.748663881e-05
0.03760858672
-8.292549078e-05
6.617775984e-05
0.03756405742
-9.00845984e-05
6.731582016e-05
0.03753442085
-7.921692375e-05
4.834738719e-05
0.03752082264
-6.016436554e-05
2.515198239e-05
0.03751454157
-4.483593865e-05
1.25826082e-05
0.03751144879
-3.381865821e-05
6.736849789e-06
0.03751037941
-2.511408808e-05
2.818317009e-06
0.03751052494
-1.825775008e-05
-2.465577429e-08
0.03751100198
-1.344113307e-05
-1.339690697e-06
0.03751150038
-1.02193144e-05
-1.819617981e-06
0.03751193548
-8.024089542e-06
-2.085583304e-06
0.03751229763
-6.544773261e-06
-2.191326818e-06
0.0375125672
-5.520473931e-06
-2.189216616e-06
0.03751279177
-4.88039664e-06
-2.144575484e-06
0.03751295417
-4.435806062e-06
-2.088975584e-06
0.03751308734
-4.202313139e-06
-1.915490472e-06
0.03751327448
-4.140766821e-06
-1.776796653e-06
-4.215551473e-06
-1.489067936e-06
0.03750014678
2.609372134e-06
-2.78498326e-07
0.03750062268
7.811711845e-06
-8.736373811e-07
0.03750177613
1.39079612e-05
-1.880621856e-06
0.03750431254
2.152502898e-05
-3.698992154e-06
0.03750946969
3.111177205e-05
-6.906168341e-06
0.03751913025
4.271338964e-05
-1.218482829e-05
0.0375357798
5.559089107e-05
-2.013314919e-05
0.03756131807
6.741016939e-05
-3.009034988e-05
0.03759542932
7.403680506e-05
-3.957157221e-05
0.03763155419
6.962365918e-05
-4.21295553e-05
0.03765828512
5.024861151e-05
-3.262739781e-05
0.03766750202
1.762057137e-05
-1.296188701e-05
0.03765888066
-1.628526293e-05
7.76824616e-06
0.03763482331
-4.679291748e-05
2.571557966e-05
0.03760109803
-6.739983979e-05
3.665509645e-05
0.03756676801
-7.458677975e-05
3.844603479e-05
0.0375413853
-6.833824755e-05
3.001230688e-05
0.03752732792
-5.465647701e-05
1.791808305e-05
0.03751950873
-4.203619385e-05
1.051279062e-05
0.03751477002
-3.234710173e-05
6.918552501e-06
0.03751214012
-2.450732191e-05
4.433533777e-06
0.03751095024
-1.817461315e-05
2.582059842e-06
0.03751044964
-1.350409254e-05
1.522823936e-06
0.03751025878
-1.028232723e-05
9.789667219e-07
0.03751020831
-8.014270168e-06
6.262412839e-07
0.037510233
-6.455274516e-06
3.808940723e-07
0.03751026887
-5.325072383e-06
1.912971998e-07
0.03751031825
-4.603934968e-06
5.477055711e-08
0.03751034948
-4.052654734e-06
-7.917727342e-08
0.03751038741
-3.741719969e-06
-2.132872507e-07
0.03751034929
-3.547385506e-06
-3.131204165e-07
-3.377396818e-06
-4.087019046e-07
0.03750035363
2.347383928e-06
-1.992461815e-07
0.03750142343
7.028380532e-06
-6.220217953e-07
0.03750353799
1.239338589e-05
-1.301186497e-06
0.03750730398
1.890109711e-05
-2.471250735e-06
0.03751367421
2.679994295e-05
-4.437845468e-06
0.03752393679
3.595861576e-05
-7.525882194e-06
0.03753952852
4.560120555e-05
-1.193827827e-05
0.03756122146
5.386180375e-05
-1.723034589e-05
0.03758800662
5.77324418e-05
-2.197940287e-05
0.03761528824
5.347142988e-05
-2.323426e-05
0.03763574462
3.860937827e-05
-1.84149681e-05
0.03764325585
1.395955518e-05
-7.973426285e-06
0.03763713962
-1.17367442e-05
3.376717526e-06
0.03761915511
-3.50702446e-05
1.322808722e-05
0.03759368655
-5.109430693e-05
1.919484034e-05
0.03756694622
-5.741271335e-05
2.018697435e-05
0.03754527465
-5.409096494e-05
1.587921746e-05
0.03753122719
-4.477659204e-05
9.152192757e-06
0.03752233802
-3.511087796e-05
4.453445212e-06
0.03751639718
-2.722324884e-05
2.000159159e-06
0.03751256347
-2.073862789e-05
3.824639886e-07
0.03751028277
-1.538771653e-05
-8.1030644e-07
0.03750894736
-1.136044215e-05
-1.462659769e-06
0.03750812346
-8.488868802e-06
-1.771709123e-06
0.03750761892
-6.480385071e-06
-1.902743707e-06
0.03750729613
-5.045194839e-06
-1.984310302e-06
0.03750710688
-4.052732682e-06
-1.987947341e-06
0.03750697147
-3.36925842e-06
-1.980627672e-06
0.03750689693
-2.92357964e-06
-1.91878557e-06
0.03750683521
-2.634806022e-06
-1.867179536e-06
0.03750682855
-2.515701365e-06
-1.818199017e-06
-2.526003005e-06
-1.719545456e-06
0.03750050751
1.90405127e-06
-1.395258118e-07
0.03750203394
5.700876585e-06
-4.322427583e-07
0.03750485558
9.977086293e-06
-8.799492714e-07
0.03750946224
1.504013887e-05
-1.616393313e-06
0.03751654829
2.100794705e-05
-2.798093326e-06
0.03752693913
2.768930674e-05
-4.571989511e-06
0.03754137166
3.442677284e-05
-6.988710767e-06
0.03755996166
3.985160464e-05
-9.770933623e-06
0.0375814445
4.197644123e-05
-1.214204992e-05
0.03760254061
3.840973716e-05
-1.273691762e-05
0.03761840646
2.762028429e-05
-1.028881524e-05
0.03762452955
1.013658154e-05
-4.806364235e-06
0.03762015905
-7.94309343e-06
1.284449344e-06
0.03760657923
-2.461831824e-05
6.685493907e-06
0.03758705017
-3.630150568e-05
1.005431361e-05
0.03756585309
-4.135123867e-05
1.087180793e-05
0.03754737476
-3.98954288e-05
9.095106892e-06
0.03753391747
-3.4093566e-05
5.930783451e-06
0.03752456593
-2.73791387e-05
3.47327317e-06
0.0375178994
-2.155300299e-05
2.140648204e-06
0.03751324382
-1.665876203e-05
1.255909464e-06
0.03751016072
-1.254817598e-05
5.710673151e-07
0.03750814149
-9.383340072e-06
1.525681045e-07
0.03750679173
-7.064449844e-06
-7.227392476e-08
0.03750588384
-5.421558623e-06
-2.155545733e-07
0.03750527022
-4.217088489e-06
-3.219937391e-07
0.03750486109
-3.383964548e-06
-3.972512348e-07
0.03750457972
-2.780861758e-06
-4.640557732e-07
0.03750438707
-2.395770125e-06
-5.149946898e-07
0.03750424402
-2.112137086e-06
-5.769525306e-07
0.03750408943
-1.954036606e-06
-6.221760064e-07
-1.858240193e-06
-6.757764764e-07
0.03750061503
1.3340738e-06
-9.792962305e-08
0.03750246012
3.994275542e-06
-3.00985664e-07
0.03750575939
6.952919935e-06
-5.975085726e-07
0.03751089527
1.03940841e-05
-1.062895331e-06
0.03751835934
1.436386924e-05
-1.776577979e-06
0.03752865056
1.869392611e-05
-2.80128008e-06
0.03754207368
2.292387629e-05
-4.137936909e-06
0.03755837588
2.616330492e-05
-5.6112382e-06
0.03757630113
2.72462184e-05
-6.827694078e-06
0.03759329957
2.474944575e-05
-7.105568131e-06
0.03760591646
1.774285475e-05
-5.823093865e-06
0.03761100116
6.434709386e-06
-2.913646372e-06
0.03760780118
-4.888911017e-06
3.501567588e-07
0.03759720843
-1.55635307e-05
3.324033625e-06
0.0375816078
-2.312970992e-05
5.220364994e-06
0.03756417456
-2.658505881e-05
5.730848399e-06
0.03754808618
-2.604857116e-05
4.848980371e-06
0.03753527874
-2.270543439e-05
3.131160975e-06
0.03752569349
-1.849362978e-05
1.600398703e-06
0.03751853392
-1.463468857e-05
6.2388452e-07
0.0375132932
-1.135015666e-05
-5.024278875e-08
0.03750960997
-8.550768625e-06
-5.706394312e-07
0.03750706889
-6.386642464e-06
-8.909291758e-07
0.0375053065
-4.757482129e-06
-1.071817542e-06
0.03750408397
-3.616948782e-06
-1.16318677e-06
0.03750323563
-2.755842235e-06
-1.220870078e-06
0.03750265248
-2.181590876e-06
-1.238110141e-06
0.03750223905
-1.733679592e-06
-1.257656707e-06
0.03750194695
-1.475145712e-06
-1.256333599e-06
0.03750173182
-1.278721336e-06
-1.237327957e-06
0.03750158278
-1.18922088e-06
-1.222092686e-06
-1.180118668e-06
-1.18979668e-06
0.03750068162
6.856290298e-07
-7.21067384e-08
0.03750272439
2.052810901e-06
-2.201356438e-07
0.03750631208
3.56192679e-06
-4.273060464e-07
0.0375117481
5.298042027e-06
-7.381664652e-07
0.03751938754
7.275125142e-06
-1.194563611e-06
0.03752952703
9.395896571e-06
-1.822733877e-06
0.03754222424
1.14328672e-05
-2.607501414e-06
0.03755705094
1.293180962e-05
-3.439308972e-06
0.03757276125
1.344190751e-05
-4.09687846e-06
0.03758741589
1.207305937e-05
-4.237506928e-06
0.03759799328
8.803566021e-06
-3.502613655e-06
0.03760221424
3.092561483e-06
-1.861480186e-06
0.03759975925
-2.393265021e-06
-5.775333893e-08
0.03759099866
-7.569183917e-06
1.679018754e-06
0.03757780142
-1.122901948e-05
2.817443907e-06
0.0375627264
-1.296878489e-05
3.166660679e-06
0.03754824824
-1.283719491e-05
2.759915224e-06
0.03753602241
-1.133491972e-05
1.88562152e-06
0.03752639855
-9.335120231e-06
1.047377591e-06
0.0375190014
-7.441461706e-06
4.815160139e-07
0.03751343545
-5.81354615e-06
1.027224833e-07
0.03750940273
-4.415054298e-06
-1.800059237e-07
0.03750653055
-3.32968717e-06
-3.568027085e-07
0.03750450465
-2.496924179e-06
-4.593770293e-07
0.03750306638
-1.917906329e-06
-5.151819885e-07
0.03750206402
-1.472575995e-06
-5.53530151e-07
0.03750135942
-1.182514061e-06
-5.798042868e-07
0.03750086483
-9.315170159e-07
-6.037634583e-07
0.03750049557
-7.922035494e-07
-6.141545115e-07
0.03750022863
-6.885538266e-07
-6.28751899e-07
0.03750000098
-6.316731526e-07
-6.375534035e-07
-5.968429161e-07
-6.589011031e-07
0.03750071317
-5.984134552e-08
0.03750284971
-1.819177821e-07
0.03750657181
-3.479556584e-07
0.03751214123
-5.893337372e-07
0.03751984615
-9.328713439e-07
0.03752988357
-1.39101991e-06
0.03754221529
-1.946520352e-06
0.03755631062
-2.514534702e-06
0.03757112334
-2.957829873e-06
0.03758459648
-3.009485686e-06
0.03759461067
-2.600430263e-06
0.03759824582
-1.150698178e-06
0.03759593295
-1.495536688e-07
0.03758789631
1.036402671e-06
0.03757582319
1.849213183e-06
0.03756188638
2.118212367e-06
0.0375481968
1.874775324e-06
0.03753628172
1.295645968e-06
0.0375266524
6.840707221e-07
0.0375191355
2.137290355e-07
0.03751340427
-1.249084274e-07
0.03750919046
-3.819499748e-07
0.03750614236
-5.548886073e-07
0.03750397743
-6.643873998e-07
0.03750242245
-7.303485864e-07
0.03750133579
-7.783860919e-07
0.03750055574
-8.148337208e-07
0.03750002432
-8.140368003e-07
0.03749963147
-8.101585712e-07
0.03749934159
-8.075995377e-07
0.03749910778
-8.050956351e-07
-8.039615408e-07
0.03750070625
-6.888788328e-07
-7.429658816e-08
0.03750282298
-2.063874063e-06
-2.259377816e-07
0.03750651232
-3.587630358e-06
-4.340472242e-07
0.03751203741
-5.351451712e-06
-7.390730806e-07
0.03751969132
-7.376687971e-06
-1.175966304e-06
0.03752968192
-9.573153531e-06
-1.761887713e-06
0.0375419888
-1.171700719e-05
-2.475192349e-06
0.03755610348
-1.334379666e-05
-3.207361079e-06
0.03757098601
-1.396911458e-05
-3.775287238e-06
0.03758457962
-1.265424911e-05
-3.830726625e-06
0.03759468325
-9.303901405e-06
-3.261222443e-06
0.03759838731
-3.376311687e-06
-1.301942446e-06
0.0375960233
2.364294167e-06
4.695559573e-08
0.0375878757
7.756098309e-06
1.653965204e-06
0.03757566475
1.154085901e-05
2.778243045e-06
0.03756160438
1.328940658e-05
3.182799089e-06
0.03754785599
1.304964706e-05
2.903380024e-06
0.03753597401
1.136885089e-05
2.17265229e-06
0.03752643435
9.22048439e-06
1.396884078e-06
0.0375190017
7.25850341e-06
8.086042298e-07
0.03751333823
5.593122597e-06
3.874637163e-07
0.03750918219
4.165070985e-06
6.532964188e-08
0.03750617997
3.062921975e-06
-1.501028052e-07
0.03750404954
2.224850025e-06
-2.887610982e-07
0.03750251698
1.650992464e-06
-3.750213645e-07
0.03750145547
1.186857916e-06
-4.357808256e-07
0.03750069751
8.852984895e-07
-4.544862249e-07
0.03750017468
6.550548896e-07
-4.586395183e-07
0.03749978904
5.174954604e-07
-4.58313962e-07
0.03749950703
4.209635201e-07
-4.621166303e-07
0.0374992773
3.695677458e-07
-4.618029136e-07
3.382986492e-07
-4.563313388e-07
0.03750067323
-1.340955674e-06
-9.030915365e-08
0.03750269169
-4.017695628e-06
-2.758373257e-07
0.03750623843
-7.008052184e-06
-5.378014019e-07
0.03751161753
-1.051041143e-05
-9.340362089e-07
0.03751918955
-1.458872008e-05
-1.519883707e-06
0.03752926558
-1.90933413e-05
-2.331332549e-06
0.03754193007
-2.357489497e-05
-3.352286625e-06
0.03755678836
-2.712106318e-05
-4.442252351e-06
0.03757261653
-2.848815768e-05
-5.310352121e-06
0.03758744663
-2.611147551e-05
-5.495137218e-06
0.03759818335
-1.891392239e-05
-4.490085602e-06
0.03760248973
-7.094723522e-06
-2.281068662e-06
0.03759996512
4.869620127e-06
1.568300448e-07
0.03759104397
1.607096571e-05
2.511330126e-06
0.03757764488
2.393713873e-05
4.079647278e-06
0.03756238543
2.74120603e-05
4.597136727e-06
0.03754782393
2.660335754e-05
4.097373978e-06
0.03753565297
2.282102309e-05
2.967373271e-06
0.03752614986
1.826974178e-05
1.89222928e-06
0.0375188571
1.426463188e-05
1.190308307e-06
0.03751336702
1.09099519e-05
7.205142974e-07
0.0375094019
8.044283606e-06
3.668557647e-07
0.03750657955
5.853019171e-06
1.47737309e-07
0.03750459157
4.21305247e-06
2.201412067e-08
0.03750318105
3.084197728e-06
-5.451253263e-08
0.03750219912
2.20293798e-06
-1.042522857e-07
0.03750149301
1.637344003e-06
-1.437865573e-07
0.03750100171
1.197004952e-06
-1.72073506e-07
0.0375006294
9.458870363e-07
-1.943777459e-07
0.0375003585
7.493456218e-07
-2.181641606e-07
0.03750013576
6.578500459e-07
-2.359780979e-07
5.762470507e-07
-2.507712767e-07
0.03750060336
-1.915190504e-06
-1.240659077e-07
0.03750241412
-5.7388115e-06
-3.815474511e-07
0.03750565378
-1.006832526e-05
-7.60767156e-07
0.03751070323
-1.523750779e-05
-1.360487588e-06
0.03751806014
-2.139971641e-05
-2.287170869e-06
0.0375282457
-2.840423734e-05
-3.628188949e-06
0.03754161407
-3.5624512e-05
-5.395334659e-06
0.03755797848
-4.165537272e-05
-7.365852841e-06
0.03757613471
-4.435865381e-05
-9.023874142e-06
0.03759346721
-4.101694686e-05
-9.426999507e-06
0.03760639204
-2.985526872e-05
-7.678314356e-06
0.03761160453
-1.13098316e-05
-3.752674884e-06
0.03760828869
8.044366238e-06
6.773191286e-07
0.03759741498
2.576488394e-05
4.720706238e-06
0.03758145327
3.804252652e-05
7.326231992e-06
0.03756368686
4.313653083e-05
8.053528234e-06
0.03754743798
4.114226717e-05
6.872881089e-06
0.03753472774
3.446256036e-05
4.538876327e-06
0.03752532965
2.713006285e-05
2.502118743e-06
0.03751831121
2.105966747e-05
1.25026645e-06
0.03751317265
1.603507246e-05
3.929249545e-07
0.0375095753
1.178965267e-05
-2.767139015e-07
0.03750709878
8.563734397e-06
-6.873147383e-07
0.03750538687
6.207064025e-06
-9.065067961e-07
0.03750420483
4.560070015e-06
-1.0095873e-06
0.0375033849
3.335116165e-06
-1.064685046e-06
0.0375028332
2.496498806e-06
-1.079998017e-06
0.03750244699
1.89040794e-06
-1.070317526e-06
0.03750218142
1.513840636e-06
-1.048924858e-06
0.03750199437
1.236035631e-06
-1.018117533e-06
0.03750183509
1.115027611e-06
-9.911151665e-07
1.073432561e-06
-9.632491411e-07
0.03750049017
-2.36334349e-06
-1.785275792e-07
0.0375019646
-7.082788588e-06
-5.53546548e-07
0.03750469272
-1.252836608e-05
-1.131756177e-06
0.03750915697
-1.920313423e-05
-2.09007413e-06
0.03751605689
-2.742153444e-05
-3.641063786e-06
0.03752625266
-3.713390475e-05
-5.991869969e-06
0.03754057913
-4.764446661e-05
-9.239141374e-06
0.03755928588
-5.703222122e-05
-1.303742086e-05
0.03758126633
-6.204472235e-05
-1.637002092e-05
0.03760304943
-5.81802792e-05
-1.728391836e-05
0.03761945559
-4.254742703e-05
-1.391094277e-05
0.03762579576
-1.584277338e-05
-6.489380008e-06
0.0376212112
1.221799108e-05
1.845075246e-06
0.03760711465
3.74683808e-05
9.255350985e-06
0.03758689084
5.458203302e-05
1.394093273e-05
0.03756508122
6.092449515e-05
1.51149433e-05
0.03754637229
5.649425845e-05
1.269742278e-05
0.03753312874
4.55360948e-05
8.344981696e-06
0.03752408279
3.484785165e-05
5.059291027e-06
0.0375176236
2.66187208e-05
3.353180742e-06
0.03751311325
1.993318316e-05
2.231608066e-06
0.03751014461
1.438063123e-05
1.347362586e-06
0.03750818715
1.026978493e-05
8.206226139e-07
0.03750686755
7.366198777e-06
5.090682811e-07
0.03750595974
5.345611768e-06
3.002699279e-07
0.03750533388
3.886660666e-06
1.181873067e-07
0.03750490497
2.864471261e-06
-1.621958859e-08
0.03750459914
2.160541375e-06
-1.26097852e-07
0.03750437919
1.697365054e-06
-2.097135738e-07
0.03750421504
1.375611936e-06
-2.803850081e-07
0.03750411321
1.175014687e-06
-3.243260086e-07
1.025886588e-06
-3.689216998e-07
0.03750032753
-2.630608e-06
-2.565670253e-07
0.03750131676
-7.881410915e-06
-8.036251521e-07
0.03750328127
-1.40906415e-05
-1.687543579e-06
0.0375068061
-2.195245044e-05
-3.222690444e-06
0.0375128425
-3.203241145e-05
-5.830796114e-06
0.03752273056
-4.453199723e-05
-9.976372604e-06
0.03753809899
-5.890028887e-05
-1.601193909e-05
0.03755999752
-7.273385537e-05
-2.339846979e-05
0.03758780496
-8.152522643e-05
-3.030334214e-05
0.03761647679
-7.781263046e-05
-3.228850046e-05
0.03763790692
-5.686756953e-05
-2.552789512e-05
0.03764579327
-2.043470528e-05
-1.123788346e-05
0.03763926803
1.76528917e-05
4.515158381e-06
0.03762029435
5.159323076e-05
1.814502264e-05
0.03759346976
7.41952264e-05
2.647357002e-05
0.03756551481
8.145042248e-05
2.766803922e-05
0.03754348463
7.307772301e-05
2.136878931e-05
0.0375298928
5.645883152e-05
1.17906238e-05
0.03752150132
4.220867374e-05
5.439864433e-06
0.03751587803
3.194643734e-05
2.308096035e-06
0.03751228844
2.369826616e-05
2.440399639e-07
0.03751022502
1.693124229e-05
-1.281161888e-06
0.03750903924
1.206555866e-05
-2.021297793e-06
0.03750834337
8.693506108e-06
-2.296328416e-06
0.03750792199
6.391217042e-06
-2.307633478e-06
0.03750768793
4.719463537e-06
-2.241359113e-06
0.03750754877
3.592049024e-06
-2.144835707e-06
0.03750747902
2.79088572e-06
-2.021240103e-06
0.03750743626
2.303408027e-06
-1.924381449e-06
0.03750741486
1.962990555e-06
-1.838566355e-06
0.03750732489
1.844236702e-06
-1.798255937e-06
1.933055767e-06
-1.745640958e-06
0.03750010212
-2.650506565e-06
-3.58257976e-07
0.03750045905
-7.966733011e-06
-1.136353786e-06
0.03750137546
-1.441636819e-05
-2.456743294e-06
0.03750350625
-2.289944921e-05
-4.861485998e-06
0.0375080658
-3.431028282e-05
-9.162241089e-06
0.03751700451
-4.927869755e-05
-1.635376099e-05
0.03753317522
-6.774476529e-05
-2.74606494e-05
0.03755904886
-8.702028271e-05
-4.172830603e-05
0.03759527462
-0.0001014106122
-5.60568555e-05
0.03763410814
-9.87841562e-05
-6.020249104e-05
0.03766253782
-7.155836017e-05
-4.656790612e-05
0.03767237218
-2.440542489e-05
-1.901183727e-05
0.03766305999
2.417632257e-05
1.036514056e-05
0.03763718942
6.715321939e-05
3.58395803e-05
0.03760097647
9.496366009e-05
5.185191691e-05
0.03756436799
0.0001018431775
5.430241359e-05
0.03753854233
8.686669435e-05
4.161203029e-05
0.03752536798
6.301624211e-05
2.387603315e-05
0.03751832834
4.537228658e-05
1.370380212e-05
0.03751401458
3.360738263e-05
9.101813182e-06
0.03751168009
2.425340596e-05
5.883172318e-06
0.03751064514
1.686888848e-05
3.286416147e-06
0.03751017816
1.179956735e-05
1.716827568e-06
0.03750996608
8.387375022e-06
7.443814452e-07
0.03750987673
6.102156247e-06
5.379994274e-08
0.03750986687
4.448737356e-06
-5.071732835e-07
0.03750988756
3.355970552e-06
-8.863359121e-07
0.03750990977
2.586246658e-06
-1.178884851e-06
0.03750994817
2.074260158e-06
-1.343048721e-06
0.03750997549
1.783529662e-06
-1.492841507e-06
0.03751012668
1.560519475e-06
-1.566251052e-06
1.320848118e-06
-1.609106791e-06
0.03749985426
-2.390015251e-06
-4.826242393e-07
0.03749943227
-7.176750196e-06
-1.539624997e-06
0.0374990188
-1.317262087e-05
-3.430732753e-06
0.03749924841
-2.138798629e-05
-7.049704065e-06
0.03750152703
-3.304584897e-05
-1.389048374e-05
0.03750847909
-4.934012739e-05
-2.596634933e-05
0.03752470358
-7.111525936e-05
-4.587844443e-05
0.03755501889
-9.584013779e-05
-7.287905748e-05
0.03760312364
-0.0001173728604
-0.0001024095445
0.03765620439
-0.0001168098951
-0.000110573737
0.03769383011
-8.311765412e-05
-8.294277456e-05
0.0377061545
-2.644054028e-05
-3.112609731e-05
0.03769306955
3.161885863e-05
2.134212877e-05
0.0376575553
8.315868485e-05
6.632969408e-05
0.0376082247
0.0001160892975
9.355199051e-05
0.03755954685
0.0001222558291
9.440503628e-05
0.03752955028
9.879086903e-05
6.494192902e-05
0.03751749794
6.75648136e-05
3.054360081e-05
0.03751246871
4.713822302e-05
1.345249669e-05
0.0375102312
3.416846295e-05
6.173462188e-06
0.03751000667
2.386275567e-05
1.425998513e-06
0.03751075231
1.604059744e-05
-1.369146605e-06
0.03751159767
1.08898005e-05
-2.258871519e-06
0.03751234326
7.534941186e-06
-2.078031839e-06
0.03751297462
5.316920423e-06
-1.772829383e-06
0.03751341893
3.829081315e-06
-1.47705315e-06
0.03751371646
2.861633511e-06
-1.226224357e-06
0.03751392837
2.217530913e-06
-1.024950692e-06
0.03751408707
1.804409366e-06
-8.930257422e-07
0.03751422257
1.6010907e-06
-8.290773344e-07
0.03751415306
1.623700061e-06
-7.947335179e-07
2.00604741e-06
-8.229011674e-07
0.0374995721
-1.816848022e-06
-6.091099991e-07
0.03749833705
-5.469681988e-06
-1.969266339e-06
0.03749644094
-1.017199715e-05
-4.522191355e-06
0.03749435683
-1.687882989e-05
-9.652917522e-06
0.037493493
-2.694531261e-05
-1.993917852e-05
0.03749706534
-4.203509409e-05
-3.923672341e-05
0.03751196498
-6.416350849e-05
-7.344401022e-05
0.03754663352
-9.171238748e-05
-0.000122447702
0.03761104005
-0.0001194509103
-0.0001816897292
0.03768229437
-0.0001208453242
-0.0001961813498
0.03773035833
-8.353811735e-05
-0.0001414241534
0.03774585457
-2.538072054e-05
-4.852558177e-05
0.03772853556
3.432771551e-05
4.458654568e-05
0.03768101435
8.823796054e-05
0.0001264443737
0.03761467288
0.0001227980161
0.0001762850881
0.03755105695
0.0001271194082
0.0001757285439
0.0375188121
9.497647715e-05
0.0001154996568
0.03750932833
6.051375803e-05
5.704201401e-05
0.0375063859
4.073114171e-05
3.131013429e-05
0.03750591703
2.841523071e-05
1.946308698e-05
0.03750734244
1.932039707e-05
9.341156659e-06
0.03750920883
1.289289181e-05
2.173312485e-06
0.03751087509
9.058060711e-06
-1.967562903e-06
0.03751218753
6.494400574e-06
-4.213962421e-06
0.0375132721
4.87510034e-06
-5.786862448e-06
0.03751408685
3.738787224e-06
-6.7554141e-06
0.03751469694
3.060662373e-06
-7.364125127e-06
0.03751513323
2.632507898e-06
-7.754330569e-06
0.03751548962
2.349503212e-06
-7.989293094e-06
0.03751575659
2.184515224e-06
-8.035419199e-06
0.03751620681
2.008827365e-06
-8.065526903e-06
1.704891716e-06
-7.781978908e-06
0.03749933337
-9.789091992e-07
-7.174063956e-07
0.03749738282
-2.955832545e-06
-2.342520179e-06
0.0374941187
-5.550702828e-06
-5.515597764e-06
0.03748971071
-9.368640116e-06
-1.21650292e-05
0.03748524265
-1.536372196e-05
-2.629779615e-05
0.03748400496
-2.498278357e-05
-5.451120832e-05
0.0374951864
-4.050773703e-05
-0.0001092753311
0.0375327213
-6.274408424e-05
-0.0001934714845
0.03761868378
-8.924747921e-05
-0.0003072652278
0.03771187247
-9.171288933e-05
-0.0003287074432
0.03777005175
-6.098405815e-05
-0.0002207891382
0.03778876165
-1.799490393e-05
-6.622424656e-05
0.03776718401
2.518483701e-05
8.741281862e-05
0.03770623971
6.548094696e-05
0.0002266846998
0.03761785855
9.337250298e-05
0.0003136087196
0.03753341494
9.882845436e-05
0.0003054398293
0.03750123946
7.082560032e-05
0.0001716794729
0.03749754877
4.118403883e-05
7.191075231e-05
0.03749922204
2.54958617e-05
3.799570977e-05
0.03750279724
1.464036744e-05
2.483910623e-05
0.0375074
7.069581325e-06
1.630737472e-05
0.0375111333
2.132656404e-06
1.286199728e-05
0.03751379435
-4.551622835e-07
1.238266522e-05
0.03751570311
-2.086135015e-06
1.270740416e-05
0.03751704028
-2.934419918e-06
1.29837512e-05
0.03751795309
-3.450871895e-06
1.323134684e-05
0.03751862095
-3.64774108e-06
1.335800818e-05
0.0375191191
-3.642940748e-06
1.336450187e-05
0.03751942971
-3.522271236e-06
1.331744809e-05
0.03751959218
-3.337696384e-06
1.323741961e-05
0.03751946689
-3.056601102e-06
1.310180674e-05
-2.525763053e-06
1.297834535e-05
0.03749919635
1.146304673e-08
-7.814524052e-07
0.03749682324
3.498565198e-08
-2.564494279e-06
0.03749271857
6.399353843e-08
-6.117102619e-06
0.0374867879
1.038239144e-07
-1.376411169e-05
0.03747965831
1.692486868e-07
-3.055974071e-05
0.03747413954
2.766526684e-07
-6.586132268e-05
0.03747954312
5.093227335e-07
-0.0001389699212
0.03751437983
8.834883625e-07
-0.0002648937575
0.03761826876
1.699180057e-06
-0.000465679956
0.03773120232
1.962577047e-06
-0.0005103899613
0.03779814357
1.761699848e-06
-0.0003383399968
0.03782154886
1.742446541e-06
-0.0001079969633
0.03779938605
1.90083802e-06
0.000114668163
0.0377315453
2.231713414e-06
0.0003245218869
0.03762692892
2.89874297e-06
0.0004728000396
0.03752081845
4.209148563e-06
0.0004903866792
0.03748481645
6.622835583e-06
0.0002790892765
0.03748329437
9.25493736e-06
0.0001079097337
0.0374868796
1.06641106e-05
4.940923554e-05
0.03749360063
1.19162778e-05
1.429567887e-05
0.03750093764
1.247751878e-05
-9.132240721e-06
0.0375065884
1.33584335e-05
-2.196070717e-05
0.03751039413
1.358867076e-05
-2.680875179e-05
0.03751314768
1.36140291e-05
-2.970424475e-05
0.03751510757
1.357605891e-05
-3.121475026e-05
0.03751647034
1.34777533e-05
-3.191780058e-05
0.03751744384
1.333158629e-05
-3.205668344e-05
0.03751813361
1.315619393e-05
-3.197781853e-05
0.03751865895
1.296209829e-05
-3.16502452e-05
0.03751905692
1.27366311e-05
-3.132129604e-05
0.03751954353
1.240371222e-05
-3.08112955e-05
1.186353302e-05
-3.030410469e-05
0.03749919746
1.000958899e-06
-7.820871998e-07
0.03749682799
3.022954816e-06
-2.566555648e-06
0.03749273119
5.671997638e-06
-6.119670713e-06
0.03748681703
9.562489655e-06
-1.376816497e-05
0.03747972158
1.566488877e-05
-3.054512356e-05
0.03747428495
2.544672725e-05
-6.582085526e-05
0.03747983935
4.122085349e-05
-0.0001386122027
0.03751505618
6.376122878e-05
-0.0002640575839
0.03761863826
9.056103174e-05
-0.0004614686021
0.03773126343
9.340395697e-05
-0.0005051302523
0.03779814877
6.322438006e-05
-0.0003347365692
0.03782154123
2.063966172e-05
-0.0001052852459
0.03779953317
-2.219974331e-05
0.000116838569
0.03773195955
-6.219007184e-05
0.0003268411527
0.03762801532
-8.950047128e-05
0.0004756945639
0.03752247099
-9.439187158e-05
0.0004970353885
0.03748713149
-6.573255535e-05
0.0002934878079
0.03748600402
-3.59393124e-05
0.0001329764792
0.03748979762
-2.101284227e-05
8.353258607e-05
0.03749661478
-1.130157118e-05
5.653905428e-05
0.03750384037
-4.5834324e-06
4.023709472e-05
0.03750931179
-2.193366507e-07
3.354524958e-05
0.03751311822
1.914788289e-06
3.165786063e-05
0.03751571662
3.041937136e-06
3.109166724e-05
0.03751752818
3.605761442e-06
3.091569336e-05
0.03751874695
3.813201181e-06
3.101308728e-05
0.03751957393
3.822663086e-06
3.107778446e-05
0.03752011469
3.704374125e-06
3.116005256e-05
0.03752050786
3.520694192e-06
3.108646432e-05
0.03752076297
3.284565427e-06
3.10133503e-05
0.03752061474
3.170747151e-06
3.091065262e-05
3.144887404e-06
3.098000027e-05
0.03749933646
1.836480026e-06
-7.192543626e-07
0.03749739577
5.529077092e-06
-2.348186349e-06
0.03749415247
1.027618865e-05
-5.524187103e-06
0.03748978548
1.703740052e-05
-1.217412912e-05
0.03748539498
2.716900462e-05
-2.628036598e-05
0.03748430077
4.233547296e-05
-5.441503249e-05
0.03749566743
6.452291079e-05
-0.000108802518
0.03753342401
9.212267834e-05
-0.0001924067627
0.03761893426
0.000119785031
-0.0003041400147
0.03771194432
0.0001213232518
-0.0003253482324
0.03777024199
8.429836837e-05
-0.0002178863912
0.03778904092
2.618892799e-05
-6.257293609e-05
0.03776769476
-3.336663157e-05
9.133660711e-05
0.03770718016
-8.714004951e-05
0.0002308652441
0.03761937301
-0.0001216575994
0.0003188288384
0.03753488547
-0.0001261726884
0.0003136811539
0.03750246001
-9.416135272e-05
0.0001824474678
0.03749777296
-6.021761921e-05
8.608846097e-05
0.03749837865
-4.031823722e-05
5.074198476e-05
0.03750141493
-2.766436652e-05
3.334462464e-05
0.03750551061
-1.79470018e-05
2.031281146e-05
0.03750893572
-1.109044665e-05
1.301788492e-05
0.03751146626
-6.829006576e-06
9.468348035e-06
0.03751333721
-4.148805329e-06
7.499507285e-06
0.03751469513
-2.426970108e-06
6.298078728e-06
0.03751566512
-1.308849588e-06
5.602793504e-06
0.03751640841
-6.361331276e-07
5.229598132e-06
0.03751695452
-1.603651051e-07
5.007355609e-06
0.03751735044
1.109013704e-07
4.921439619e-06
0.03751762511
2.33853127e-07
4.969499855e-06
0.03751809949
2.131100183e-07
4.913019791e-06
-1.292448532e-07
4.912471769e-06
0.03749957642
2.406402217e-06
-6.119950298e-07
0.03749835487
7.225807439e-06
-1.978056206e-06
0.03749648556
1.32557053e-05
-4.536592205e-06
0.0374944499
2.150709925e-05
-9.671059489e-06
0.0374936663
3.319781027e-05
-1.994277302e-05
0.03749736414
4.951506915e-05
-3.918817617e-05
0.03751240009
7.127196129e-05
-7.318362732e-05
0.03754720442
9.594323218e-05
-0.0001218472789
0.03761141423
0.0001173047135
-0.0001801309449
0.03768257792
0.000116685549
-0.0001942591065
0.0377306905
8.312998688e-05
-0.0001394995506
0.03774621506
2.649008953e-05
-4.644523318e-05
0.03772905856
-3.148780572e-05
4.660809969e-05
0.0376818295
-8.300444331e-05
0.0001284857681
0.0376157995
-0.0001160460485
0.0001787420863
0.03755218041
-0.0001225498595
0.0001793524136
0.03751997016
-9.942993798e-05
0.0001199638514
0.03750998246
-6.868694822e-05
6.294563803e-05
0.03750684465
-4.847629259e-05
3.748876623e-05
0.03750657516
-3.543947081e-05
2.54596143e-05
0.03750819032
-2.521681142e-05
1.67353992e-05
0.03751021849
-1.75876415e-05
1.155390591e-05
0.03751194944
-1.247954499e-05
9.087880586e-06
0.03751334189
-9.054406217e-06
7.898939638e-06
0.03751443522
-6.714998484e-06
7.094397945e-06
0.03751528095
-5.076588727e-06
6.52154992e-06
0.03751591586
-3.984923555e-06
6.172897199e-06
0.03751632658
-3.148532904e-06
5.895684396e-06
0.03751662178
-2.596528497e-06
5.573454682e-06
0.03751684285
-2.212743193e-06
5.220017276e-06
0.03751691085
-1.925050224e-06
4.9326969e-06
-1.665806681e-06
4.616790158e-06
0.03749985944
2.663434801e-06
-4.863888854e-07
0.03749945236
8.004836339e-06
-1.550863806e-06
0.03749906543
1.447961787e-05
-3.449890412e-06
0.03749934033
2.298478008e-05
-7.077397638e-06
0.03750168752
3.44091992e-05
-1.391884522e-05
0.03750873617
4.937434468e-05
-2.597680156e-05
0.03752506186
6.779803438e-05
-4.579923832e-05
0.03755546471
8.699154673e-05
-7.26341029e-05
0.03760349071
0.0001012321886
-0.0001017717832
0.03765648341
9.851538313e-05
-0.0001097368918
0.03769412747
7.132918111e-05
-8.213918401e-05
0.0377065103
2.417287193e-05
-3.031578782e-05
0.0376935564
-2.441690292e-05
2.218477513e-05
0.03765824581
-6.744856443e-05
6.724134872e-05
0.03760912731
-9.540416124e-05
9.465437402e-05
0.03756049727
-0.0001025918513
9.598785433e-05
0.03753055309
-8.795457104e-05
6.681619918e-05
0.03751814018
-6.456684783e-05
3.344479591e-05
0.03751275608
-4.7224351e-05
1.671476884e-05
0.03751027689
-3.536107417e-05
9.137641672e-06
0.03750981374
-2.59311081e-05
3.995767777e-06
0.03751029775
-1.842942416e-05
3.331207904e-07
0.03751092736
-1.32727018e-05
-1.17614458e-06
0.03751149897
-9.698557325e-06
-1.747071623e-06
0.03751198506
-7.314146223e-06
-1.972524331e-06
0.03751236391
-5.557822509e-06
-2.088940539e-06
0.03751262586
-4.448076857e-06
-1.988013029e-06
0.03751282935
-3.607180439e-06
-1.889409565e-06
0.03751297978
-3.130206299e-06
-1.705725639e-06
0.03751306737
-2.759559366e-06
-1.456259805e-06
0.03751328506
-2.620051021e-06
-1.299482189e-06
-2.615624731e-06
-1.144533368e-06
0.03750010783
2.640084375e-06
-3.629772994e-07
0.037500477
7.910518374e-06
-1.148485686e-06
0.03750141837
1.413681712e-05
-2.479195204e-06
0.03750358817
2.20115761e-05
-4.895586859e-06
0.03750820286
3.20950236e-05
-9.206678768e-06
0.03751721278
4.458165138e-05
-1.640206214e-05
0.03753345498
5.890751585e-05
-2.748482456e-05
0.03755938443
7.266799153e-05
-4.169625182e-05
0.03759558713
8.135055353e-05
-5.589263589e-05
0.03763438135
7.755255386e-05
-5.99609464e-05
0.03766283599
5.658807401e-05
-4.634093231e-05
0.03767271942
2.01434649e-05
-1.881590217e-05
0.03766349411
-1.797746365e-05
1.055410933e-05
0.03763774866
-5.198386891e-05
3.599634346e-05
0.03760166473
-7.471542503e-05
5.205028468e-05
0.03756508576
-8.220792316e-05
5.464107874e-05
0.03753924693
-7.410376005e-05
4.200032884e-05
0.03752580769
-5.782255649e-05
2.461303358e-05
0.03751849978
-4.37785018e-05
1.437485547e-05
0.03751408037
-3.346231037e-05
9.439198952e-06
0.03751174563
-2.517608586e-05
6.013252292e-06
0.03751072799
-1.838711327e-05
3.557392502e-06
0.0375103179
-1.357122501e-05
2.231438915e-06
0.03751016297
-1.014695462e-05
1.582296311e-06
0.03751014367
-7.831222417e-06
1.162617318e-06
0.03751018401
-6.083827334e-06
8.665583475e-07
0.03751023384
-4.944030888e-06
6.374226848e-07
0.03751029377
-4.052429624e-06
4.400893915e-07
0.03751034213
-3.508681454e-06
2.509443761e-07
0.03751038549
-3.059869944e-06
4.365993045e-08
0.03751039073
-2.81886301e-06
-1.195505183e-07
-2.538098565e-06
-3.631778564e-07
0.03750033156
2.37030312e-06
-2.610269351e-07
0.03750133334
7.103653454e-06
-8.169382663e-07
0.03750331954
1.256094894e-05
-1.711509761e-06
0.03750687663
1.924300944e-05
-3.259778224e-06
0.03751295614
2.746044525e-05
-5.882773409e-06
0.03752289633
3.715868109e-05
-1.004310037e-05
0.03753831612
4.763493051e-05
-1.60854929e-05
0.03756025453
5.696712888e-05
-2.346788755e-05
0.0375880653
6.190499126e-05
-3.034460939e-05
0.03761672615
5.797300227e-05
-3.231556025e-05
0.0376381723
4.230888392e-05
-2.558193355e-05
0.03764609903
1.558525791e-05
-1.134195165e-05
0.03763963372
-1.251457554e-05
4.379142296e-06
0.03762074081
-3.783034902e-05
1.796748117e-05
0.03759399329
-5.505280901e-05
2.627974336e-05
0.03756605694
-6.156590622e-05
2.748130714e-05
0.03754400684
-5.733537406e-05
2.116094154e-05
0.03753026901
-4.660238603e-05
1.166985217e-05
0.0375217157
-3.607527776e-05
5.303535762e-06
0.03751600117
-2.784642506e-05
2.098797364e-06
0.03751235378
-2.114154294e-05
-4.680594601e-09
0.03751021349
-1.55658082e-05
-1.491320998e-06
0.03750895595
-1.145331741e-05
-2.323026551e-06
0.03750817794
-8.498234154e-06
-2.642423288e-06
0.03750769436
-6.45370592e-06
-2.79668221e-06
0.03750739128
-4.938221669e-06
-2.826830521e-06
0.03750720233
-3.912885774e-06
-2.830147766e-06
0.03750707816
-3.160169374e-06
-2.748717049e-06
0.03750699109
-2.69748069e-06
-2.642922609e-06
0.03750692825
-2.350657913e-06
-2.513547693e-06
0.03750691197
-2.185016061e-06
-2.435767762e-06
-2.116863706e-06
-2.290337633e-06
0.03750049379
1.919970898e-06
-1.829833579e-07
0.0375019792
5.753092637e-06
-5.670915058e-07
0.03750472595
1.009023408e-05
-1.155980268e-06
0.03750921682
1.526336725e-05
-2.127625023e-06
0.03751615082
2.14232684e-05
-3.694914464e-06
0.03752638599
2.841606715e-05
-6.064544286e-06
0.03754075117
3.561161582e-05
-9.330576217e-06
0.03755948899
4.160412372e-05
-1.314575118e-05
0.03758148255
4.425898925e-05
-1.648960444e-05
0.03760326852
4.086963513e-05
-1.741953032e-05
0.03761968947
2.967979157e-05
-1.408066848e-05
0.03762606394
1.11116176e-05
-6.707192951e-06
0.03762152365
-8.276223956e-06
1.586381478e-06
0.03760747883
-2.604908891e-05
8.949060019e-06
0.03758729894
-3.840660653e-05
1.358799772e-05
0.03756550146
-4.361400923e-05
1.471739081e-05
0.03754676419
-4.175522225e-05
1.225223044e-05
0.03753342824
-3.522173983e-05
7.886094656e-06
0.03752425566
-2.799694169e-05
4.567515211e-06
0.03751770151
-2.193463467e-05
2.783006536e-06
0.03751313475
-1.689724436e-05
1.578375007e-06
0.03751011829
-1.263394719e-05
6.556727514e-07
0.03750813977
-9.412847091e-06
9.060976843e-08
0.03750680983
-7.039088318e-06
-2.014758842e-07
0.03750591191
-5.387770675e-06
-3.835688411e-07
0.03750530143
-4.147164953e-06
-5.025741656e-07
0.03750488952
-3.305509941e-06
-5.927184826e-07
0.03750460131
-2.677162289e-06
-6.58859536e-07
0.03750440791
-2.292549441e-06
-7.265278265e-07
0.03750426667
-1.993944527e-06
-7.924240886e-07
0.0375041209
-1.814335624e-06
-8.470887999e-07
-1.685018352e-06
-9.34148389e-07
0.03750060658
1.343926992e-06
-1.284646349e-07
0.03750242703
4.026562299e-06
-3.949051841e-07
0.03750568284
7.021479374e-06
-7.845678486e-07
0.03751075474
1.052585283e-05
-1.397278475e-06
0.03751813951
1.460206208e-05
-2.340142579e-06
0.03752835638
1.909864479e-05
-3.700729666e-06
0.03754175561
2.356450757e-05
-5.490052561e-06
0.03755814606
2.708699571e-05
-7.484563734e-06
0.03757631906
2.842536376e-05
-9.167064552e-06
0.03759366242
2.601823424e-05
-9.597530465e-06
0.03760660295
1.880110675e-05
-7.884942722e-06
0.03761184294
6.962502516e-06
-4.004525177e-06
0.03760855963
-5.025101129e-06
3.82345332e-07
0.03759771935
-1.626164071e-05
4.376867031e-06
0.03758178323
-2.417959488e-05
6.929475753e-06
0.03756401873
-2.772332951e-05
7.604671762e-06
0.03754774521
-2.699986866e-05
6.36714454e-06
0.03753496783
-2.330363625e-05
3.990437637e-06
0.03752547903
-1.881394118e-05
1.906202582e-06
0.03751839149
-1.482640242e-05
6.03197993e-07
0.03751320693
-1.146256962e-05
-3.00355945e-07
0.03750957467
-8.597452825e-06
-9.748729815e-07
0.0375070675
-6.400901287e-06
-1.395701642e-06
0.0375053278
-4.756879306e-06
-1.614331498e-06
0.03750411814
-3.607401421e-06
-1.73389837e-06
0.03750327991
-2.743599506e-06
-1.78620485e-06
0.0375026972
-2.140247836e-06
-1.820661703e-06
0.03750228859
-1.697169572e-06
-1.829042039e-06
0.03750199887
-1.434445735e-06
-1.824725472e-06
0.03750178382
-1.230115858e-06
-1.786109057e-06
0.03750163351
-1.137200734e-06
-1.748918103e-06
-1.097312307e-06
-1.699196431e-06
0.03750067615
6.902997869e-07
-9.462827658e-08
0.03750270339
2.068111419e-06
-2.889302046e-07
0.03750626462
3.593998997e-06
-5.610458412e-07
0.03751166345
5.358661457e-06
-9.698064129e-07
0.0375192595
7.38271528e-06
-1.57127456e-06
0.03752936212
9.575144793e-06
-2.401851384e-06
0.03754205299
1.171144692e-05
-3.445308394e-06
0.03755693454
1.332696786e-05
-4.560837099e-06
0.03757278078
1.393907579e-05
-5.456825032e-06
0.03758762485
1.260904966e-05
-5.672390053e-06
0.03759837823
9.249310724e-06
-4.704201526e-06
0.03760270794
3.309902828e-06
-2.538597144e-06
0.03760020857
-2.442231999e-06
-1.412443231e-07
0.03759131087
-7.851253714e-06
2.166329981e-06
0.03757792669
-1.166117579e-05
3.683204619e-06
0.03756266716
-1.344302456e-05
4.145882557e-06
0.03754807942
-1.324261347e-05
3.590403867e-06
0.03753585523
-1.160111065e-05
2.40729005e-06
0.03752628611
-9.483325968e-06
1.285887709e-06
0.03751893025
-7.529749229e-06
5.407206943e-07
0.0375133968
-5.86227562e-06
3.58818437e-08
0.03750939124
-4.433253879e-06
-3.386451971e-07
0.03750653802
-3.326855689e-06
-5.776214752e-07
0.03750452358
-2.488005327e-06
-7.138188224e-07
0.03750309027
-1.900690732e-06
-7.88575498e-07
0.03750209762
-1.462625938e-06
-8.418577292e-07
0.03750139247
-1.138583072e-06
-8.763220433e-07
0.03750089513
-9.014662332e-07
-9.021316e-07
0.03750052536
-7.629543319e-07
-9.15879869e-07
0.03750025766
-6.594364842e-07
-9.317394975e-07
0.03750002896
-6.032021405e-07
-9.428488372e-07
-5.62034765e-07
-9.674532267e-07
0.03750070902
-7.856248944e-08
0.03750283407
-2.388570403e-07
0.03750653704
-4.569292167e-07
0.03751208055
-7.741809e-07
0.03751975668
-1.226282348e-06
0.03752977168
-1.830876609e-06
0.03754210296
-2.566354823e-06
0.03755623965
-3.324251143e-06
0.03757114078
-3.919886512e-06
0.03758474933
-4.008983819e-06
0.03759486964
-3.471437519e-06
0.03759859628
-1.567434177e-06
0.0375962535
-2.490092104e-07
0.03758812457
1.314079422e-06
0.03757592412
2.3884881e-06
0.03756185976
2.739554683e-06
0.03754808677
2.405148258e-06
0.03753615993
1.62137729e-06
0.03752656074
7.999433626e-07
0.03751907287
1.718505712e-07
0.03751336581
-2.801257095e-07
0.03750917341
-6.227961317e-07
0.03750614274
-8.510824757e-07
0.0375039879
-9.975469289e-07
0.03750243971
-1.082850963e-06
0.03750135579
-1.157092086e-06
0.03750058557
-1.18320173e-06
0.03750005407
-1.184008176e-06
0.0374996618
-1.180840707e-06
0.03749937219
-1.177434424e-06
0.03749913706
-1.173165018e-06
-1.168199859e-06
0.03750070091
-6.949738005e-07
-8.023720936e-08
0.03750280288
-2.083857059e-06
-2.440463424e-07
0.03750646758
-3.629580575e-06
-4.691648927e-07
0.03751195914
-5.430927341e-06
-7.997090848e-07
0.03751957552
-7.518168949e-06
-1.274170761e-06
0.03752953652
-9.810168336e-06
-1.912724949e-06
0.0375418424
-1.208770456e-05
-2.693362783e-06
0.0375560104
-1.38736259e-05
-3.501738491e-06
0.03757101279
-1.464340844e-05
-4.134269175e-06
0.03758478637
-1.338666994e-05
-4.21763145e-06
0.03759503943
-9.918586913e-06
-3.595692897e-06
0.037598864
-3.672884667e-06
-1.453631233e-06
0.03759645966
2.425580908e-06
2.571341066e-08
0.03758818805
8.13389572e-06
1.791679396e-06
0.03757580785
1.21245411e-05
3.033911926e-06
0.03756157655
1.393255612e-05
3.48154155e-06
0.03754771607
1.359695347e-05
3.166908169e-06
0.03753581822
1.172061946e-05
2.349879982e-06
0.03752631813
9.409142456e-06
1.487830434e-06
0.03751892268
7.365107006e-06
8.389417691e-07
0.03751328862
5.647967147e-06
3.735486728e-07
0.03750916004
4.174028126e-06
1.98822298e-08
0.0375061786
3.047582532e-06
-2.162496554e-07
0.03750406019
2.196681534e-06
-3.670419798e-07
0.03750253687
1.622786137e-06
-4.744857972e-07
0.03750148525
1.136636179e-06
-5.207997766e-07
0.03750073129
8.402902961e-07
-5.408176358e-07
0.03750020964
6.044151759e-07
-5.414088836e-07
0.03749982265
4.696627623e-07
-5.409894493e-07
0.03749954105
3.624012367e-07
-5.429123115e-07
0.03749931218
3.094685313e-07
-5.424081962e-07
2.862917029e-07
-5.411266285e-07
0.03750066615
-1.353831662e-06
-9.760083182e-08
0.03750266455
-4.059915886e-06
-2.981744535e-07
0.03750617695
-7.097895201e-06
-5.818855895e-07
0.03751150747
-1.068354778e-05
-1.011944061e-06
0.0375190223
-1.490302736e-05
-1.649848042e-06
0.0375290486
-1.963059335e-05
-2.537211169e-06
0.03754170264
-2.443240849e-05
-3.66161782e-06
0.03755663142
-2.837009358e-05
-4.874562995e-06
0.03757264054
-3.01024945e-05
-5.86039318e-06
0.03758773013
-2.787121632e-05
-6.100175488e-06
0.03759870527
-2.038346356e-05
-5.000350359e-06
0.03760315623
-7.828259365e-06
-2.576652842e-06
0.03760057443
5.036136142e-06
1.280725478e-07
0.03759147161
1.700859749e-05
2.739453346e-06
0.03757782172
2.536357754e-05
4.490502685e-06
0.0375623144
2.896191835e-05
5.075099156e-06
0.03754760351
2.788666709e-05
4.518544171e-06
0.03753543782
2.359958201e-05
3.254097735e-06
0.03752600669
1.866386113e-05
2.068641272e-06
0.03751876695
1.448794167e-05
1.307209332e-06
0.03751331697
1.102879566e-05
7.896610421e-07
0.03750938706
8.072198404e-06
3.985919605e-07
0.03750658948
5.842211292e-06
1.506909672e-07
0.03750461478
4.187235927e-06
6.155007387e-09
0.03750321411
3.056499095e-06
-8.75609298e-08
0.0375022345
2.165274409e-06
-1.532884021e-07
0.03750153141
1.601615466e-06
-2.020208547e-07
0.03750104022
1.159133591e-06
-2.356030654e-07
0.03750067026
9.058398499e-07
-2.605929541e-07
0.03750040039
6.997328161e-07
-2.856249163e-07
0.03750017799
5.985806082e-07
-3.026950827e-07
5.226875359e-07
-3.157283026e-07
0.03750059237
-1.936038582e-06
-1.342291508e-07
0.03750237103
-5.80719775e-06
-4.129196994e-07
0.03750555382
-1.021706054e-05
-8.243996825e-07
0.03751051878
-1.553193582e-05
-1.477058026e-06
0.03751776945
-2.195069101e-05
-2.490177695e-06
0.03752785256
-2.937604495e-05
-3.96584197e-06
0.03754118263
-3.722717047e-05
-5.930643614e-06
0.03755765873
-4.405795145e-05
-8.154091624e-06
0.0375761489
-4.754036297e-05
-1.007618056e-05
0.03759396446
-4.450090902e-05
-1.061286403e-05
0.03760732776
-3.275979945e-05
-8.665280802e-06
0.03761275178
-1.269986612e-05
-4.305080889e-06
0.03760932467
8.457973904e-06
6.825871439e-07
0.03759811801
2.77080377e-05
5.227934027e-06
0.03758169682
4.094234148e-05
8.168659114e-06
0.03756347448
4.625166572e-05
8.986117721e-06
0.03754697107
4.36528489e-05
7.610113129e-06
0.03753430857
3.589089441e-05
4.910067168e-06
0.03752504585
2.782756677e-05
2.601127605e-06
0.03751812007
2.144812286e-05
1.215863158e-06
0.03751305598
1.622126766e-05
2.645357575e-07
0.03750952348
1.178801378e-05
-4.600274688e-07
0.03750709363
8.484970977e-06
-9.002269666e-07
0.0375054086
6.081639551e-06
-1.115886077e-06
0.03750424429
4.425245101e-06
-1.214025139e-06
0.03750343343
3.17967951e-06
-1.268238825e-06
0.03750288794
2.34479368e-06
-1.277684923e-06
0.03750250508
1.731487672e-06
-1.259821313e-06
0.03750223948
1.359537002e-06
-1.237019886e-06
0.03750205301
1.063300281e-06
-1.195213972e-06
0.03750188888
9.40041261e-07
-1.168449369e-06
8.885166604e-07
-1.145630493e-06
0.0375004722
-2.393381555e-06
-1.933805739e-07
0.03750189284
-7.181565261e-06
-5.998220965e-07
0.03750452214
-1.274946272e-05
-1.228654579e-06
0.03750883173
-1.965642272e-05
-2.275179033e-06
0.03751552489
-2.830450081e-05
-3.980410611e-06
0.03752550143
-3.875585524e-05
-6.588594511e-06
0.03753972026
-5.043778898e-05
-1.024735391e-05
0.03755860928
-6.137571664e-05
-1.460867829e-05
0.03758130115
-6.801190212e-05
-1.859035528e-05
0.03760408558
-6.475960584e-05
-1.980964561e-05
0.03762122947
-4.778791765e-05
-1.602671478e-05
0.03762792907
-1.824698442e-05
-7.641864399e-06
0.03762311107
1.321945129e-05
1.90159867e-06
0.03760837844
4.127012715e-05
1.04258983e-05
0.03758724645
6.011840291e-05
1.589686292e-05
0.03756459725
6.66974565e-05
1.731835523e-05
0.03754553161
6.08649355e-05
1.455097581e-05
0.03753246609
4.776714223e-05
9.534256434e-06
0.03752366784
3.587179471e-05
5.813313945e-06
0.03751736241
2.721494506e-05
3.891790891e-06
0.03751297547
2.027695193e-05
2.562860124e-06
0.03751010564
1.447848735e-05
1.526713628e-06
0.03750819876
1.034045489e-05
8.720116038e-07
0.03750690976
7.395784616e-06
4.839207791e-07
0.03750601583
5.412697012e-06
2.067418679e-07
0.03750540455
3.907939732e-06
1.198315506e-09
0.0375049787
2.919155736e-06
-1.647277775e-07
0.03750467882
2.167118159e-06
-2.618573182e-07
0.03750446573
1.724491489e-06
-3.615770654e-07
0.0375043009
1.353908597e-06
-4.061663906e-07
0.03750419192
1.16710534e-06
-4.42410196e-07
9.190360157e-07
-4.548739953e-07
0.03750029802
-2.669829438e-06
-2.781385745e-07
0.03750119799
-8.012669885e-06
-8.724898794e-07
0.0375029915
-1.439427731e-05
-1.83623655e-06
0.03750623413
-2.2601737e-05
-3.520003835e-06
0.03751186855
-3.336046912e-05
-6.409249984e-06
0.03752129273
-4.709487496e-05
-1.106153341e-05
0.03753638183
-6.355376849e-05
-1.798505765e-05
0.03755857982
-8.029400697e-05
-2.667816679e-05
0.03758786415
-9.236340991e-05
-3.523616818e-05
0.03761867991
-8.987489806e-05
-3.798897212e-05
0.0376414942
-6.6019171e-05
-3.011092876e-05
0.0376498675
-2.432731941e-05
-1.353084862e-05
0.03764285044
2.00122368e-05
4.739436819e-06
0.0376225828
5.898172481e-05
2.070107271e-05
0.03759387045
8.476161255e-05
3.054271216e-05
0.03756419674
9.22330642e-05
3.180614963e-05
0.03754166824
8.079363791e-05
2.396858367e-05
0.03752856183
6.012073343e-05
1.254344836e-05
0.03752063423
4.391532894e-05
5.323923948e-06
0.03751531927
3.295570215e-05
1.882303381e-06
0.03751199647
2.426335901e-05
-4.19576522e-07
0.03751012959
1.70986472e-05
-2.034443219e-06
0.03750905575
1.217592174e-05
-2.782925376e-06
0.03750841196
8.77317922e-06
-3.029939259e-06
0.03750802419
6.519316317e-06
-3.02649055e-06
0.03750780365
4.840373435e-06
-2.953262751e-06
0.03750766743
3.760064326e-06
-2.849529405e-06
0.03750759181
2.939506372e-06
-2.718014334e-06
0.03750753879
2.476576425e-06
-2.62344745e-06
0.0375075029
2.096599114e-06
-2.545367705e-06
0.03750741469
1.973195011e-06
-2.516132908e-06
1.963175645e-06
-2.517769291e-06
0.03750005902
-2.699087457e-06
-3.880193475e-07
0.03750026943
-8.123770063e-06
-1.235667609e-06
0.03750089715
-1.479756643e-05
-2.681171068e-06
0.03750252549
-2.375710198e-05
-5.334460579e-06
0.03750631979
-3.616886946e-05
-1.014813861e-05
0.03751429715
-5.307879541e-05
-1.834720234e-05
0.03752979335
-7.509929976e-05
-3.141132038e-05
0.03755612964
-9.959570007e-05
-4.876289401e-05
0.03759555638
-0.0001204321136
-6.741489267e-05
0.03763865045
-0.0001198335105
-7.333795035e-05
0.03766959639
-8.690622283e-05
-5.662678918e-05
0.03768011271
-3.024705257e-05
-2.360842626e-05
0.03767001486
2.875487826e-05
1.172034796e-05
0.03764163937
8.013440982e-05
4.306239335e-05
0.03760176511
0.000113272499
6.321529556e-05
0.03756184155
0.0001198788437
6.658019969e-05
0.03753546037
9.85492155e-05
5.023763297e-05
0.03752331845
6.802290416e-05
2.811577747e-05
0.03751704211
4.791795478e-05
1.597752143e-05
0.03751321916
3.552288649e-05
1.035757708e-05
0.03751132351
2.578397387e-05
6.258195153e-06
0.03751055302
1.81153603e-05
3.040191211e-06
0.03751020129
1.310482064e-05
1.139655829e-06
0.03751005234
9.692081146e-06
-2.55823835e-08
0.03750999911
7.394627555e-06
-7.682836607e-07
0.03751000978
5.65930625e-06
-1.3367918e-06
0.03751003157
4.526444624e-06
-1.674505333e-06
0.03751006113
3.635139685e-06
-1.904081178e-06
0.03751008711
3.100514918e-06
-1.992970204e-06
0.03751009792
2.626631897e-06
-2.03369307e-06
0.03751024387
2.29800028e-06
-2.037005389e-06
1.80908e-06
-2.029909076e-06
0.03749978222
-2.439481757e-06
-5.244476131e-07
0.03749914046
-7.344758841e-06
-1.676875235e-06
0.03749826543
-1.359720598e-05
-3.756066696e-06
0.03749763638
-2.239727016e-05
-7.780488884e-06
0.0374985112
-3.538688757e-05
-1.554728445e-05
0.03750354049
-5.4463213e-05
-2.961121559e-05
0.03751820845
-8.179869591e-05
-5.384700509e-05
0.03754915564
-0.0001152307018
-8.819124892e-05
0.0376042863
-0.0001488203534
-0.0001291519671
0.03766544691
-0.0001509639425
-0.0001406039115
0.03770724787
-0.0001067212669
-0.0001049286907
0.03772054092
-3.354143316e-05
-4.112476206e-05
0.03770608337
4.104501324e-05
2.350954781e-05
0.03766538844
0.0001066501037
8.050892666e-05
0.03760881842
0.0001486207458
0.0001147737703
0.03755397268
0.0001538776442
0.0001152519744
0.03752371041
0.000118011442
7.574197893e-05
0.03751378428
7.650590344e-05
3.198672283e-05
0.03751008705
5.305432253e-05
1.201336375e-05
0.03750884512
3.939350518e-05
3.544761272e-06
0.03750948614
2.834849042e-05
-1.779540074e-06
0.03751073915
2.038554405e-05
-4.892345679e-06
0.0375117402
1.544082914e-05
-5.595942441e-06
0.0375125767
1.216300076e-05
-5.385454092e-06
0.03751323128
1.004817177e-05
-5.080966559e-06
0.03751366515
8.525741121e-06
-4.777368525e-06
0.03751395092
7.541971226e-06
-4.52752342e-06
0.03751413779
6.791679644e-06
-4.368364301e-06
0.03751426648
6.370798948e-06
-4.292002987e-06
0.03751436724
5.980482149e-06
-4.283686351e-06
0.03751428712
5.903807792e-06
-4.320419038e-06
5.949995674e-06
-4.488589696e-06
0.0374994738
-1.85953354e-06
-6.62840963e-07
0.03749792297
-5.615354274e-06
-2.147839609e-06
0.0374953296
-1.055804179e-05
-4.96798377e-06
0.03749186241
-1.785367657e-05
-1.072932649e-05
0.03748854669
-2.939058896e-05
-2.261975868e-05
0.03748846991
-4.785750842e-05
-4.576564741e-05
0.0374999783
-7.750174611e-05
-8.924934496e-05
0.03753532544
-0.0001176625054
-0.0001553630359
0.03761486312
-0.0001649397548
-0.0002451080085
0.03770005035
-0.0001683839401
-0.0002639485761
0.03775420751
-0.0001149112483
-0.0001873913416
0.03777157068
-3.505409935e-05
-6.437607372e-05
0.03775252752
4.588556408e-05
5.87891466e-05
0.03769592499
0.000119523649
0.0001701733576
0.03761563697
0.0001673294596
0.0002378643964
0.03754088815
0.0001705199539
0.0002338350517
0.03751025121
0.000119356729
0.0001447913144
0.03750435923
7.405638647e-05
6.538350078e-05
0.03750322824
5.270775543e-05
3.27876935e-05
0.03750414958
4.078153355e-05
1.715370562e-05
0.03750672247
3.118665534e-05
3.930096887e-06
0.03750903543
2.463577369e-05
-4.389882306e-06
0.03751084392
2.069046504e-05
-9.025695234e-06
0.03751227148
1.789516165e-05
-1.137369601e-05
0.03751337252
1.598801386e-05
-1.282775403e-05
0.03751417998
1.455777652e-05
-1.359491377e-05
0.03751478759
1.356623309e-05
-1.399599173e-05
0.03751518288
1.282861797e-05
-1.41865613e-05
0.037515515
1.227211793e-05
-1.422273443e-05
0.03751571635
1.182442912e-05
-1.408072196e-05
0.03751618932
1.143510477e-05
-1.406979495e-05
1.082050019e-05
-1.399690919e-05
0.03749920792
-1.003640953e-06
-7.811722303e-07
0.03749684952
-3.041813718e-06
-2.557663567e-06
0.0374926361
-5.785170097e-06
-6.075044717e-06
0.03748621479
-9.991148772e-06
-1.360625089e-05
0.03747782387
-1.703315745e-05
-3.026430483e-05
0.03747005441
-2.938156981e-05
-6.521768896e-05
0.03747405049
-5.176799689e-05
-0.0001390051591
0.03751172655
-8.793267216e-05
-0.0002608773796
0.03762904356
-0.0001367654191
-0.00045275657
0.03774338755
-0.0001359369734
-0.0004754984041
0.03780724678
-8.58634497e-05
-0.0003136961548
0.03782817162
-2.381438589e-05
-9.838880093e-05
0.03780516213
3.719109322e-05
0.0001191167749
0.0377317485
9.610281795e-05
0.0003235191626
0.03761765208
0.0001392051171
0.0004558294864
0.03751251556
0.0001454726593
0.000435623651
0.03748798877
9.376368413e-05
0.0002217993151
0.03748977608
6.039810798e-05
8.378175031e-05
0.03749467039
4.537420071e-05
4.043495298e-05
0.03750110728
3.338039494e-05
2.580335616e-05
0.03750738692
2.500755555e-05
1.620682048e-05
0.03751157933
2.023313592e-05
1.307222828e-05
0.03751431906
1.731346533e-05
1.301993085e-05
0.03751618773
1.526380009e-05
1.347009148e-05
0.03751746685
1.384667991e-05
1.384595691e-05
0.03751830039
1.277915568e-05
1.417642586e-05
0.03751884851
1.199539132e-05
1.438073267e-05
0.03751921275
1.133379984e-05
1.449507931e-05
0.03751946895
1.082407165e-05
1.45092997e-05
0.0375196413
1.042980491e-05
1.445969821e-05
0.03751959078
1.026471906e-05
1.432270632e-05
1.032926681e-05
1.403202063e-05
0.03749905492
1.121270191e-08
-8.511449408e-07
0.03749621622
3.419340854e-08
-2.801808529e-06
0.03749099419
6.285150654e-08
-6.743085737e-06
0.0374825896
1.024159983e-07
-1.545308777e-05
0.03747025667
1.739076404e-07
-3.543387867e-05
0.03745516868
2.983834215e-07
-8.045328796e-05
0.03744673296
6.465121863e-07
-0.0001829487044
0.03747724027
1.225617097e-06
-0.0003845593592
0.03763303706
2.828082681e-06
-0.0007610702508
0.03777495549
2.713274589e-06
-0.0007909586302
0.03784540445
2.239466539e-06
-0.0004968918865
0.03787195498
2.290832747e-06
-0.0001606527066
0.0378506402
2.464676173e-06
0.0001707093594
0.03777329187
2.733866932e-06
0.0004952391556
0.03763277707
3.969159862e-06
0.0007485508119
0.03748999238
6.58550729e-06
0.0007720585301
0.0374729746
1.089162226e-05
0.0003789791068
0.03747510865
1.463048154e-05
0.0001515432814
0.03748080693
1.779101916e-05
7.12941485e-05
0.03749096295
1.90625803e-05
1.84574799e-05
0.03749974671
1.899492664e-05
-1.190338215e-05
0.03750567086
1.883177267e-05
-2.648349074e-05
0.03751000217
1.878279968e-05
-3.260939476e-05
0.03751290309
1.879715401e-05
-3.613851723e-05
0.0375148809
1.877710701e-05
-3.812299216e-05
0.03751623589
1.883559889e-05
-3.932922614e-05
0.03751721665
1.892088567e-05
-3.996293318e-05
0.03751791568
1.9036021e-05
-4.037906822e-05
0.03751848578
1.912415921e-05
-4.052042367e-05
0.03751888965
1.93527187e-05
-4.064807376e-05
0.03751962299
1.939052072e-05
-4.067043685e-05
1.952578351e-05
-4.122349641e-05
0.03749905603
1.025207026e-06
-8.520372708e-07
0.03749622094
3.107487362e-06
-2.804763874e-06
0.03749100741
5.904152549e-06
-6.747438911e-06
0.03748262141
1.018232509e-05
-1.546207571e-05
0.03747033692
1.733486849e-05
-3.542159472e-05
0.03745538443
2.98551518e-05
-8.042512684e-05
0.03744725229
5.251100762e-05
-0.0001823445639
0.03747859895
8.898098861e-05
-0.0003831596124
0.03763332606
0.0001380349151
-0.0007514025498
0.03777488471
0.0001379827444
-0.0007819583696
0.03784514841
8.883590511e-05
-0.0004915967129
0.03787168832
2.731252676e-05
-0.0001568468523
0.03785062504
-3.328178292e-05
0.0001736483236
0.03777395471
-9.205154523e-05
0.0004982968798
0.0376349365
-0.0001348440003
0.0007535259557
0.03749363056
-0.0001409650123
0.0007858918413
0.03747775594
-8.889957791e-05
0.0004091536315
0.037480787
-5.608267409e-05
0.0002006586223
0.03748653043
-4.325449072e-05
0.0001388346781
0.03749573793
-3.336287098e-05
9.975701048e-05
0.03750365311
-2.495381952e-05
7.627066645e-05
0.03750895868
-1.943806753e-05
6.650952208e-05
0.03751274574
-1.567552254e-05
6.232912479e-05
0.03751530682
-1.278896506e-05
6.011670831e-05
0.03751703926
-1.065531049e-05
5.861568167e-05
0.03751820063
-8.959625393e-06
5.764693937e-05
0.03751901323
-7.680368109e-06
5.686644409e-05
0.03751957471
-6.572617801e-06
5.620722135e-05
0.03751997424
-5.728579797e-06
5.553967975e-05
0.03752026881
-4.867942716e-06
5.493944293e-05
0.03752043273
-4.240652436e-06
5.437791638e-05
-3.297577983e-06
5.35825901e-05
0.03749921099
1.878760775e-06
-7.8374933e-07
0.03749686252
5.673493103e-06
-2.565724688e-06
0.0374926713
1.065988942e-05
-6.088706922e-06
0.03748629694
1.800837086e-05
-1.362581018e-05
0.03747800685
2.960489084e-05
-3.026029914e-05
0.03747044668
4.813802847e-05
-6.513773855e-05
0.03747474923
7.778505071e-05
-0.0001383791126
0.03751284923
0.0001179299479
-0.0002594557217
0.0376291291
0.0001648245405
-0.000447209505
0.03774350786
0.0001684710328
-0.0004702152911
0.03780746126
0.0001152252833
-0.0003082291623
0.03782848602
3.535482074e-05
-9.163999704e-05
0.03780585842
-4.53815616e-05
0.0001260639763
0.03773302262
-0.0001188306536
0.0003304801699
0.03761975857
-0.0001667752357
0.0004640241197
0.03751461948
-0.0001705655436
0.0004484207668
0.03748974423
-0.0001201898127
0.0002386129489
0.03748929927
-7.617157022e-05
0.0001066223448
0.03749239522
-5.507356933e-05
5.94651234e-05
0.0374984556
-4.239992211e-05
3.632129668e-05
0.03750472058
-3.230327413e-05
2.139729366e-05
0.03750909961
-2.564858801e-05
1.484938693e-05
0.03751206569
-2.182377033e-05
1.265051835e-05
0.03751426928
-1.927723329e-05
1.178419433e-05
0.03751586724
-1.766633636e-05
1.17111475e-05
0.03751697878
-1.662189093e-05
1.215352443e-05
0.03751774825
-1.597007443e-05
1.274984347e-05
0.03751827654
-1.552602032e-05
1.343247005e-05
0.03751862591
-1.523884699e-05
1.408234867e-05
0.03751892742
-1.502257788e-05
1.48226329e-05
0.03751914674
-1.494371842e-05
1.539676805e-05
-1.493341828e-05
1.648721017e-05
0.03749947805
2.455539069e-06
-6.667919327e-07
0.03749794077
7.39276157e-06
-2.160045482e-06
0.03749537523
1.367838308e-05
-4.989543337e-06
0.03749196121
2.251259631e-05
-1.076126477e-05
0.03748874088
3.552908717e-05
-2.264663839e-05
0.03748882777
5.461582375e-05
-4.575286692e-05
0.03750053227
8.188684824e-05
-8.898992163e-05
0.03753611171
0.0001151975094
-0.0001546942796
0.03761522736
0.0001483900198
-0.0002428120742
0.03770035283
0.0001504355337
-0.0002613490769
0.03775454039
0.0001063238196
-0.0001847856508
0.03777192474
3.31915608e-05
-6.166632461e-05
0.03775311903
-4.137396831e-05
6.140620945e-05
0.037696893
-0.000106983629
0.0001728647712
0.03761703752
-0.0001491931431
0.0002410154783
0.03754218215
-0.0001550685624
0.0002387107983
0.03751154271
-0.0001196916029
0.000150105085
0.03750484604
-7.910452765e-05
7.257526902e-05
0.03750379392
-5.594374677e-05
3.94110643e-05
0.03750530134
-4.206133577e-05
2.361361943e-05
0.03750822306
-3.108673181e-05
1.259714105e-05
0.03751075869
-2.328890655e-05
6.658592735e-06
0.03751260347
-1.839858559e-05
3.817924099e-06
0.03751395003
-1.523389357e-05
2.509046157e-06
0.03751494895
-1.310868185e-05
1.537824347e-06
0.0375156368
-1.164149554e-05
8.533113699e-07
0.03751612292
-1.065321069e-05
3.699214903e-07
0.03751647201
-9.965475197e-06
-1.393800119e-08
0.03751671961
-9.507279107e-06
-4.05713901e-07
0.03751689731
-9.216646879e-06
-7.636127646e-07
0.03751699405
-9.016555558e-06
-1.091201813e-06
-8.870353104e-06
-1.400083952e-06
0.03749978696
2.71162893e-06
-5.294216032e-07
0.03749915936
8.161594169e-06
-1.692095838e-06
0.03749831181
1.485948422e-05
-3.783440154e-06
0.0374977304
2.3839851e-05
-7.823240723e-06
0.03749868128
3.626128412e-05
-1.560193049e-05
0.0375038261
5.315921805e-05
-2.966501565e-05
0.03751862358
7.511005986e-05
-5.381992729e-05
0.03754969868
9.948034574e-05
-8.799204177e-05
0.03760466447
0.0001200570111
-0.0001284045627
0.03766572701
0.0001193223976
-0.0001396862931
0.03770756055
8.641574783e-05
-0.0001040646551
0.03772090093
2.976525116e-05
-4.022986122e-05
0.03770661218
-2.930261213e-05
2.440217068e-05
0.03766614543
-8.074792954e-05
8.147239841e-05
0.03760985664
-0.0001140939755
0.0001158439946
0.03755501768
-0.0001211524131
0.0001169106716
0.03752490057
-0.0001001936457
7.743534557e-05
0.03751449829
-7.049775222e-05
3.524030685e-05
0.03751036103
-5.064274369e-05
1.555102384e-05
0.03750881537
-3.812610989e-05
6.748083491e-06
0.0375091555
-2.814189063e-05
7.108011483e-07
0.03751013794
-2.052949411e-05
-3.40872467e-06
0.03751098925
-1.549776584e-05
-4.928273574e-06
0.03751173074
-1.227606033e-05
-5.446395913e-06
0.03751233039
-1.001268449e-05
-5.668162849e-06
0.03751281014
-8.557273768e-06
-5.652912889e-06
0.03751313069
-7.486931438e-06
-5.474832319e-06
0.0375134072
-6.838482496e-06
-5.292904414e-06
0.0375136019
-6.457574409e-06
-4.950132243e-06
0.03751376259
-6.212169837e-06
-4.621418334e-06
0.03751389388
-6.140703989e-06
-4.306626377e-06
-6.183580879e-06
-3.803896372e-06
0.03750006293
2.679411748e-06
-3.936910186e-07
0.03750028728
8.041278183e-06
-1.25251849e-06
0.03750093971
1.443983165e-05
-2.71197121e-06
0.03750260759
2.26596345e-05
-5.383250504e-06
0.03750645972
3.341989725e-05
-1.021742696e-05
0.03751451614
4.713671637e-05
-1.843597603e-05
0.03753009498
6.353995778e-05
-3.149356435e-05
0.03755650155
8.018486837e-05
-4.880733937e-05
0.03759587882
9.209795213e-05
-6.731084858e-05
0.03763891799
8.94912464e-05
-7.316896567e-05
0.03766989107
6.560831404e-05
-5.65065792e-05
0.03768045586
2.391207975e-05
-2.352752391e-05
0.03767045636
-2.048821178e-05
1.173920461e-05
0.03764221516
-5.952230093e-05
4.301191737e-05
0.03760249369
-8.547109187e-05
6.314887691e-05
0.0375625806
-9.324934118e-05
6.66510942e-05
0.0375362218
-8.209265202e-05
5.025814075e-05
0.03752371962
-6.192596521e-05
2.85434289e-05
0.03751714118
-4.588396559e-05
1.619451674e-05
0.03751325907
-3.491893567e-05
1.011414215e-05
0.03751141292
-2.607677205e-05
5.794284725e-06
0.03751071794
-1.903982159e-05
2.762697311e-06
0.0375104634
-1.406177602e-05
1.04999206e-06
0.03751039685
-1.076337287e-05
1.361609155e-07
0.0375104197
-8.39339837e-06
-4.795106992e-07
0.0375104718
-6.830218735e-06
-9.125947873e-07
0.03751051564
-5.648289114e-06
-1.245059259e-06
0.03751056139
-4.926086169e-06
-1.518057355e-06
0.03751059919
-4.47727654e-06
-1.767155732e-06
0.03751063074
-4.181533162e-06
-2.018525482e-06
0.03751059872
-4.03673697e-06
-2.191495358e-06
-3.957895076e-06
-2.421056582e-06
0.03750030198
2.400338522e-06
-2.839291998e-07
0.03750121402
7.202382188e-06
-8.900828723e-07
0.0375030287
1.278191302e-05
-1.868272943e-06
0.03750630329
1.969601125e-05
-3.570742537e-06
0.03751198131
2.83424541e-05
-6.483349966e-06
0.03752146008
3.877781819e-05
-1.116297978e-05
0.03753660435
5.041999529e-05
-1.810980131e-05
0.03755884721
6.129261776e-05
-2.681849272e-05
0.03758812714
6.783515042e-05
-3.536174159e-05
0.03761892286
6.449910976e-05
-3.811914482e-05
0.03764175176
4.749213888e-05
-3.029465514e-05
0.03765016473
1.793645355e-05
-1.377929441e-05
0.03764320929
-1.358093658e-05
4.427306547e-06
0.03762303185
-4.169883364e-05
2.032145407e-05
0.03759440024
-6.066732586e-05
3.010758775e-05
0.03756473719
-6.74439148e-05
3.133893097e-05
0.03754220891
-6.181897905e-05
2.341555015e-05
0.03752892979
-4.901612129e-05
1.203913174e-05
0.03752084734
-3.727634709e-05
4.778371327e-06
0.03751544601
-2.864378007e-05
1.224977483e-06
0.03751206775
-2.160843353e-05
-1.094758816e-06
0.03751009927
-1.584936625e-05
-2.713291052e-06
0.03750896044
-1.162725417e-05
-3.618726649e-06
0.03750823485
-8.722927744e-06
-3.957269138e-06
0.03750780363
-6.693919e-06
-4.064945191e-06
0.03750751788
-5.257148981e-06
-4.114151355e-06
0.03750736041
-4.263349151e-06
-4.057616883e-06
0.03750725602
-3.592024294e-06
-3.978391963e-06
0.03750718776
-3.165201502e-06
-3.886734254e-06
0.03750714411
-2.88886132e-06
-3.762570564e-06
0.03750712349
-2.788975308e-06
-3.662915317e-06
-2.796841169e-06
-3.454103424e-06
0.03750047568
1.940843519e-06
-1.99168264e-07
0.03750190689
5.821546915e-06
-6.17463134e-07
0.03750455419
1.023909643e-05
-1.26047083e-06
0.03750888977
1.555802012e-05
-2.325204477e-06
0.03751561654
2.197443438e-05
-4.053670083e-06
0.03752563276
2.938761216e-05
-6.690555048e-06
0.03753989112
3.721221239e-05
-1.038115877e-05
0.03755881243
4.400104257e-05
-1.477548445e-05
0.03758151495
4.742819744e-05
-1.878517003e-05
0.03760429791
4.43345466e-05
-2.003792766e-05
0.03762145458
3.256327775e-05
-1.630848038e-05
0.03762818925
1.24817914e-05
-7.987199879e-06
0.03762341417
-8.710985154e-06
1.491509481e-06
0.03760873359
-2.801407743e-05
9.944878472e-06
0.03758765138
-4.133151312e-05
1.533440408e-05
0.03756500638
-4.676227346e-05
1.668074362e-05
0.03754592273
-4.430160441e-05
1.381851049e-05
0.03753275714
-3.671535052e-05
8.750917265e-06
0.03752382665
-2.875084686e-05
4.972512346e-06
0.03751742569
-2.239462673e-05
2.934813947e-06
0.03751298724
-1.711291369e-05
1.521310203e-06
0.03751007396
-1.270426842e-05
4.238504374e-07
0.03750815623
-9.373321149e-06
-2.455901562e-07
0.03750686694
-6.989505753e-06
-6.456070666e-07
0.03750599347
-5.309126312e-06
-8.948960782e-07
0.03750539775
-4.081971323e-06
-1.082029282e-06
0.03750500503
-3.237851673e-06
-1.225501125e-06
0.03750473237
-2.630218439e-06
-1.348006286e-06
0.03750452449
-2.235955071e-06
-1.447891416e-06
0.03750437637
-1.967119815e-06
-1.566056673e-06
0.03750423318
-1.842729749e-06
-1.65013748e-06
-1.765036961e-06
-1.754372169e-06
0.03750059545
1.356836506e-06
-1.399118002e-07
0.03750238341
4.068878186e-06
-4.301943601e-07
0.03750558176
7.111519017e-06
-8.553329096e-07
0.03751056841
1.069934577e-05
-1.525262296e-06
0.03751784617
1.491689861e-05
-2.56036414e-06
0.03752796003
1.963650269e-05
-4.063480485e-06
0.03754132068
2.442227377e-05
-6.06075975e-06
0.0375578227
2.833526457e-05
-8.320805248e-06
0.0375763285
3.003681149e-05
-1.028148673e-05
0.03759415302
2.777298959e-05
-1.086049219e-05
0.03760753065
2.026462941e-05
-8.963922234e-06
0.03761298127
7.691354319e-06
-4.664706355e-06
0.03760958534
-5.195882488e-06
2.631637927e-07
0.03759841174
-1.720342104e-05
4.739811726e-06
0.03758201619
-2.561042543e-05
7.603937475e-06
0.03756379501
-2.927975205e-05
8.343337893e-06
0.03754727053
-2.828988268e-05
6.879899936e-06
0.03753453849
-2.409633796e-05
4.103473939e-06
0.0375251865
-1.922220319e-05
1.729549062e-06
0.03751819282
-1.506499956e-05
2.672571234e-07
0.03751309089
-1.158702596e-05
-7.243176609e-07
0.03750952315
-8.639712131e-06
-1.471679346e-06
0.03750706365
-6.396668573e-06
-1.912861852e-06
0.03750535
-4.739997093e-06
-2.150183439e-06
0.03750416234
-3.589597565e-06
-2.265771751e-06
0.03750332992
-2.703388036e-06
-2.332372417e-06
0.03750275507
-2.121508934e-06
-2.36215438e-06
0.03750235087
-1.693384573e-06
-2.361685349e-06
0.03750206825
-1.437631379e-06
-2.340427163e-06
0.03750186084
-1.25047389e-06
-2.295347888e-06
0.03750170937
-1.167236598e-06
-2.272945465e-06
-1.154154803e-06
-2.209979245e-06
0.03750066895
6.964167681e-07
-1.031586167e-07
0.03750267577
2.08815822e-06
-3.150331209e-07
0.03750620207
3.636080205e-06
-6.119043568e-07
0.03751155159
5.438374804e-06
-1.058352668e-06
0.0375190896
7.524571964e-06
-1.716963342e-06
0.03752914167
9.812677071e-06
-2.630087916e-06
0.03754182144
1.208269357e-05
-3.785498095e-06
0.03755677294
1.385716193e-05
-5.034241937e-06
0.03757279928
1.461330746e-05
-6.05965921e-06
0.0375879019
1.334075086e-05
-6.342768397e-06
0.03759889234
9.863261774e-06
-5.293282783e-06
0.03760336563
3.60622861e-06
-2.926753552e-06
0.03760080805
-2.503420404e-06
-2.761353811e-07
0.03759172765
-8.228594627e-06
2.271902522e-06
0.03757809265
-1.224400675e-05
3.951788659e-06
0.03756258196
-1.408521592e-05
4.46203746e-06
0.0375478484
-1.378864295e-05
3.822732416e-06
0.03753563165
-1.195408703e-05
2.481791911e-06
0.03752613383
-9.671974736e-06
1.233477665e-06
0.03751883483
-7.63695675e-06
4.116810154e-07
0.03751334301
-5.914330879e-06
-1.449900816e-07
0.03750937411
-4.440716568e-06
-5.68739092e-07
0.03750654646
-3.30947984e-06
-8.37158261e-07
0.03750454719
-2.456942074e-06
-9.975990922e-07
0.03750313082
-1.874001183e-06
-1.087808634e-06
0.03750214483
-1.400912888e-06
-1.158348778e-06
0.03750143712
-1.087728009e-06
-1.202392614e-06
0.03750094164
-8.581562736e-07
-1.241884653e-06
0.03750057215
-7.207300287e-07
-1.263291932e-06
0.03750030491
-6.189173595e-07
-1.296057066e-06
0.03750007846
-5.674697303e-07
-1.316166642e-06
-5.352274092e-07
-1.354482437e-06
0.03750070357
-8.571583135e-08
0.03750281352
-2.606462536e-07
0.0375064913
-4.98627938e-07
0.03751200055
-8.450596888e-07
0.0375196383
-1.339460573e-06
0.03752962285
-2.002747307e-06
0.03754195234
-2.813151574e-06
0.03755614164
-3.65638959e-06
0.03757116207
-4.32701289e-06
0.03758494976
-4.45591944e-06
0.03759521877
-3.877190485e-06
0.03759906478
-1.807213233e-06
0.03759668051
-3.681614544e-07
0.03758842638
1.339611053e-06
0.03757605599
2.514875483e-06
0.03756182039
2.889942538e-06
0.03754793675
2.500146965e-06
0.03753599475
1.609290041e-06
0.03752643697
6.857538583e-07
0.03751898831
-1.644554064e-08
0.03751331314
-5.192805158e-07
0.03750915018
-9.005520033e-07
0.03750614156
-1.151942712e-06
0.03750400149
-1.314427326e-06
0.03750245805
-1.413409311e-06
0.03750138643
-1.486389355e-06
0.03750062295
-1.507451684e-06
0.03750009289
-1.512100512e-06
0.03749970097
-1.509655177e-06
0.03749941208
-1.507462196e-06
0.03749917711
-1.505665973e-06
-1.502985433e-06
0.03750069512
-7.015813584e-07
-7.377289649e-08
0.03750278106
-2.105535023e-06
-2.244487247e-07
0.03750641893
-3.675158867e-06
-4.318826125e-07
0.03751187384
-5.51748644e-06
-7.371262919e-07
0.0375194488
-7.672755998e-06
-1.176380089e-06
0.03752937642
-1.007060324e-05
-1.769734478e-06
0.03754167958
-1.249791656e-05
-2.498609188e-06
0.03755590363
-1.446522794e-05
-3.26055845e-06
0.03757103947
-1.540636666e-05
-3.863748597e-06
0.03758501183
-1.422456608e-05
-3.965418078e-06
0.03759543797
-1.06296275e-05
-3.392209763e-06
0.03759939486
-4.015797511e-06
-1.394718897e-06
0.03759694437
2.486589312e-06
-1.038838644e-08
0.03758853327
8.556312654e-06
1.646471191e-06
0.03757596494
1.278546751e-05
2.816770868e-06
0.03756154409
1.466491628e-05
3.237483835e-06
0.03754755791
1.421933971e-05
2.933741734e-06
0.03753564293
1.211674688e-05
2.148113163e-06
0.03752618914
9.617158205e-06
1.324462767e-06
0.03751883482
7.486130109e-06
7.071266106e-07
0.03751323488
5.709020526e-06
2.644706322e-07
0.0375091366
4.189054822e-06
-7.089718074e-08
0.03750617786
3.033541682e-06
-2.910592142e-07
0.03750407379
2.182141578e-06
-4.451174593e-07
0.03750256592
1.577271085e-06
-5.438903915e-07
0.0375015195
1.107587227e-06
-5.819726202e-07
0.03750077199
8.036613252e-07
-5.969750411e-07
0.03750025201
5.895081158e-07
-6.109401396e-07
0.03749986486
4.61952249e-07
-6.157891092e-07
0.03749958494
3.564234924e-07
-6.194223469e-07
0.03749935524
3.080146334e-07
-6.207240774e-07
2.856972356e-07
-6.189765572e-07
0.03750065845
-1.367799208e-06
-8.983301636e-08
0.03750263503
-4.105745386e-06
-2.745386177e-07
0.03750610995
-7.195623611e-06
-5.363400677e-07
0.03751138715
-1.087242338e-05
-9.342086689e-07
0.03751883849
-1.524749493e-05
-1.526451152e-06
0.03752880797
-2.022317173e-05
-2.354118952e-06
0.03754144684
-2.538733729e-05
-3.411065892e-06
0.03755644901
-2.977760932e-05
-4.564356371e-06
0.03757265717
-3.195056215e-05
-5.524358796e-06
0.03758804271
-2.991943596e-05
-5.790838337e-06
0.03759928606
-2.209763013e-05
-4.775705607e-06
0.03760389767
-8.700364198e-06
-2.503688619e-06
0.03760125394
5.195644837e-06
6.274138509e-08
0.03759195059
1.80624563e-05
2.536663922e-06
0.0375780205
2.699772763e-05
4.208332775e-06
0.03756223184
3.075296291e-05
4.775712899e-06
0.03754735653
2.936787681e-05
4.245325341e-06
0.03753520036
2.449294754e-05
3.034058747e-06
0.03752585079
1.912054616e-05
1.914828301e-06
0.03751866884
1.477123096e-05
1.204053223e-06
0.03751326218
1.118845623e-05
7.168809411e-07
0.03750936925
8.139517673e-06
3.410606118e-07
0.03750659756
5.847863109e-06
1.080484e-07
0.03750464205
4.187088847e-06
-4.32881207e-08
0.03750324875
3.017072569e-06
-1.340659111e-07
0.03750226957
2.14014736e-06
-2.066676379e-07
0.03750156578
1.554750053e-06
-2.4932619e-07
0.03750107309
1.132563802e-06
-2.859690227e-07
0.03750070835
8.748177952e-07
-3.087288705e-07
0.03750044066
6.723849936e-07
-3.33891176e-07
0.03750022344
5.647835492e-07
-3.42244502e-07
4.921726028e-07
-3.539580219e-07
0.03750058039
-1.958679659e-06
-1.237391012e-07
0.03750232402
-5.881494337e-06
-3.808029171e-07
0.03750544454
-1.037919057e-05
-7.613497838e-07
0.03751031614
-1.585411601e-05
-1.366962639e-06
0.03751744763
-2.255751215e-05
-2.311653298e-06
0.0375274119
-3.045603658e-05
-3.697248911e-06
0.03754068962
-3.903250575e-05
-5.56319569e-06
0.03755727952
-4.680990948e-05
-7.71168429e-06
0.03757614457
-5.126467938e-05
-9.627117823e-06
0.03759453091
-4.867170302e-05
-1.024693563e-05
0.03760838711
-3.619675086e-05
-8.422355644e-06
0.03761405872
-1.44053146e-05
-4.271745397e-06
0.03761050303
8.878736831e-06
5.551954227e-07
0.0375989216
2.994807829e-05
4.923735377e-06
0.03758197112
4.435147086e-05
7.765399625e-06
0.03756322083
4.994042837e-05
8.548941859e-06
0.03754642956
4.660934636e-05
7.159923291e-06
0.03753383318
3.754442313e-05
4.454964017e-06
0.03752473314
2.862358127e-05
2.198141093e-06
0.03751791304
2.192677581e-05
8.804102787e-07
0.03751294103
1.643810152e-05
-1.30964451e-08
0.03750948103
1.182199513e-05
-6.825150863e-07
0.03750710952
8.412099368e-06
-1.092956119e-06
0.0375054546
6.000862402e-06
-1.274742116e-06
0.03750430859
4.324085351e-06
-1.375041717e-06
0.03750351142
3.100698077e-06
-1.431623635e-06
0.03750297196
2.269956248e-06
-1.453429944e-06
0.03750259346
1.697565987e-06
-1.446328192e-06
0.03750233173
1.338874018e-06
-1.43935187e-06
0.0375021496
1.092919775e-06
-1.433620645e-06
0.03750197816
9.925111331e-07
-1.424740686e-06
9.869196044e-07
-1.41993503e-06
0.03750045258
-2.426032145e-06
-1.786066942e-07
0.03750181434
-7.289069168e-06
-5.540064182e-07
0.03750433482
-1.299117648e-05
-1.13714674e-06
0.03750847213
-2.015471606e-05
-2.111889314e-06
0.03751493016
-2.928444126e-05
-3.711516484e-06
0.03752464711
-4.057927779e-05
-6.182297699e-06
0.03753871913
-5.364221335e-05
-9.709671661e-06
0.03755778772
-6.647580105e-05
-1.401137115e-05
0.03758130795
-7.524357669e-05
-1.813169215e-05
0.03760534759
-7.294047061e-05
-1.958051789e-05
0.03762337201
-5.428840277e-05
-1.59594744e-05
0.0376304523
-2.131315876e-05
-7.814311837e-06
0.03762537371
1.431786083e-05
1.541065138e-06
0.03760990171
4.584144726e-05
1.000452726e-05
0.0375876967
6.691272869e-05
1.554062293e-05
0.03756404776
7.382900648e-05
1.70787227e-05
0.03754457469
6.623534086e-05
1.439804709e-05
0.03753171598
5.050150378e-05
9.435893548e-06
0.03752318944
3.715695444e-05
5.806478419e-06
0.03751703966
2.801588048e-05
3.952463113e-06
0.03751278633
2.062941566e-05
2.62487547e-06
0.03751001314
1.452770726e-05
1.594180903e-06
0.03750816923
1.019291633e-05
9.351012768e-07
0.03750690886
7.20436671e-06
5.407792008e-07
0.03750604072
5.130885681e-06
2.68072382e-07
0.03750544265
3.63486451e-06
6.509523163e-08
0.03750503579
2.588943971e-06
-7.685282975e-08
0.03750474047
1.901706802e-06
-1.706891164e-07
0.03750453973
1.408090559e-06
-2.300579803e-07
0.03750439499
1.110622078e-06
-2.79124531e-07
0.03750430161
9.477336166e-07
-3.042559104e-07
8.22930916e-07
-3.221896703e-07
0.03750026554
-2.712052681e-06
-2.576536554e-07
0.03750106763
-8.156449755e-06
-8.072035255e-07
0.03750267156
-1.472760385e-05
-1.703742974e-06
0.03750559616
-2.331996529e-05
-3.279347106e-06
0.0375107655
-3.485110913e-05
-6.011923815e-06
0.03751962618
-5.002653384e-05
-1.047495292e-05
0.0375343281
-6.903696737e-05
-1.729222842e-05
0.03755679828
-8.949309646e-05
-2.613104962e-05
0.03758792683
-0.0001061878725
-3.542042674e-05
0.03762142294
-0.000105636712
-3.878883043e-05
0.03764594286
-7.80225705e-05
-3.089668755e-05
0.03765482529
-2.93913359e-05
-1.433509349e-05
0.03764730666
2.272138353e-05
3.85454751e-06
0.0376254112
6.849827007e-05
1.99397079e-05
0.03759435493
9.853429066e-05
2.997742214e-05
0.03756259207
0.0001063366786
3.106134344e-05
0.03753959353
9.061749418e-05
2.258496911e-05
0.03752710624
6.463786464e-05
1.08943749e-05
0.03751972426
4.585706271e-05
4.005803145e-06
0.03751475988
3.397209255e-05
8.904637164e-07
0.0375117724
2.445140252e-05
-1.254085806e-06
0.037510128
1.685460201e-05
-2.716941104e-06
0.03750917326
1.177002643e-05
-3.405301091e-06
0.03750859016
8.397200221e-06
-3.639686239e-06
0.03750823569
6.141990718e-06
-3.683133642e-06
0.03750803292
4.553523433e-06
-3.669158216e-06
0.03750790347
3.500866426e-06
-3.632008744e-06
0.03750783035
2.849318755e-06
-3.592512914e-06
0.03750777073
2.420393956e-06
-3.576127092e-06
0.03750773772
2.191765408e-06
-3.593511823e-06
0.03750762177
2.167685811e-06
-3.620131306e-06
2.315379042e-06
-3.629660888e-06
0.03750001148
-2.752478786e-06
-3.590712062e-07
0.03750006
-8.294978953e-06
-1.145663168e-06
0.03750036483
-1.521782539e-05
-2.495773382e-06
0.03750141912
-2.471456809e-05
-4.994153586e-06
0.03750430673
-3.828862856e-05
-9.598225197e-06
0.03751107611
-5.75366429e-05
-1.760646968e-05
0.03752560387
-8.410975645e-05
-3.086629346e-05
0.03755230581
-0.0001156876885
-4.927024062e-05
0.03759604482
-0.0001464444215
-7.089735851e-05
0.0376448334
-0.0001493229374
-7.844030004e-05
0.0376790781
-0.0001082166596
-6.067739954e-05
0.03769043749
-3.819133256e-05
-2.616781313e-05
0.03767954024
3.455442776e-05
1.078455099e-05
0.03764765109
9.865191428e-05
4.479790004e-05
0.0376029773
0.0001389782867
6.744510087e-05
0.037558627
0.0001450616233
7.220555647e-05
0.03753161291
0.0001140535917
5.381561794e-05
0.03752072102
7.390774054e-05
2.973779436e-05
0.03751517825
5.013463232e-05
1.724272592e-05
0.03751190885
3.597309312e-05
1.162596542e-05
0.03751054437
2.484190169e-05
7.232173671e-06
0.03751012496
1.631707181e-05
3.997126884e-06
0.03750996173
1.101179222e-05
2.061107081e-06
0.03750996087
7.395220487e-06
9.772510456e-07
0.0375099975
5.175260551e-06
1.618053415e-07
0.03751010654
3.39936824e-06
-2.916895993e-07
0.03751019177
2.379775276e-06
-6.386452415e-07
0.03751027581
1.705103672e-06
-8.439121275e-07
0.03751034959
1.305935222e-06
-9.522964531e-07
0.03751040535
1.099597208e-06
-9.972870875e-07
0.03751055246
9.62090302e-07
-9.785214112e-07
7.837702994e-07
-8.564611248e-07
0.0374997024
-2.493554456e-06
-4.857376075e-07
0.03749881766
-7.528851273e-06
-1.558264698e-06
0.0374974207
-1.406787371e-05
-3.509058475e-06
0.03749579297
-2.353721849e-05
-7.330112533e-06
0.03749495406
-3.811727292e-05
-1.487972405e-05
0.03749745366
-6.068960357e-05
-2.895785622e-05
0.03750973924
-9.560693129e-05
-5.463541162e-05
0.03754107391
-0.0001418952914
-9.331831623e-05
0.03760666414
-0.0001961841566
-0.0001450024571
0.03767939703
-0.0002031531695
-0.0001595065668
0.03772694118
-0.0001412682331
-0.000119421275
0.03774123779
-4.264650284e-05
-5.096619412e-05
0.0377255279
5.666313111e-05
1.71107321e-05
0.03767755429
0.0001455426481
8.159180247e-05
0.03761061471
0.0002002360985
0.0001204555459
0.03754674384
0.0002015052984
0.0001226791675
0.03751664825
0.0001415886031
7.830255187e-05
0.03750953778
8.122232995e-05
3.178259062e-05
0.03750731177
5.218413581e-05
1.218986887e-05
0.03750738142
3.589349361e-05
3.554706622e-06
0.03750912892
2.336107803e-05
-2.046220629e-06
0.0375108425
1.48960892e-05
-5.18495865e-06
0.03751206522
1.027024134e-05
-6.077115036e-06
0.03751300481
7.271877118e-06
-6.201719309e-06
0.03751369256
5.604817306e-06
-6.198281981e-06
0.03751412531
4.38344927e-06
-6.194201668e-06
0.03751437927
3.842610536e-06
-6.244324193e-06
0.03751455968
3.505224856e-06
-6.348902194e-06
0.03751468044
3.378749877e-06
-6.485581615e-06
0.03751478008
3.386207444e-06
-6.669937718e-06
0.03751465919
3.56693832e-06
-6.80437533e-06
3.977317954e-06
-7.012416246e-06
0.03749936506
-1.906093676e-06
-6.152737763e-07
0.03749746237
-5.775095189e-06
-1.998906238e-06
0.0374940717
-1.098728357e-05
-4.657897673e-06
0.03748895832
-1.896819859e-05
-1.018497203e-05
0.03748252632
-3.232443291e-05
-2.198059406e-05
0.03747740214
-5.531249655e-05
-4.601857374e-05
0.03748314873
-9.600944583e-05
-9.459341854e-05
0.03751832189
-0.0001568251518
-0.0001756063411
0.03762365868
-0.0002431388123
-0.000303490135
0.03773039992
-0.0002490500007
-0.0003247929942
0.0377937201
-0.0001629042987
-0.0002290754382
0.03781134386
-4.308544652e-05
-8.156089723e-05
0.03779131369
7.467043445e-05
6.08120079e-05
0.03772107694
0.0001833915869
0.0002025611676
0.03761787044
0.0002491869478
0.0002921200485
0.0375246391
0.0002417420265
0.000286829667
0.03749686546
0.0001467134566
0.0001674401082
0.03749509402
7.290365955e-05
7.547363098e-05
0.03749627118
4.137039093e-05
4.24242748e-05
0.03749986477
2.491735012e-05
2.45362525e-05
0.03750455172
1.277043164e-05
9.833787187e-06
0.03750800133
5.589670033e-06
1.466916512e-06
0.03751041323
1.540001631e-06
-2.707367389e-06
0.03751229807
-9.9730783e-07
-4.989355631e-06
0.03751374049
-2.530478789e-06
-6.134882219e-06
0.03751474426
-3.442398629e-06
-6.772841479e-06
0.03751549519
-3.937285467e-06
-6.967026392e-06
0.03751600394
-4.222205999e-06
-6.967881726e-06
0.03751640681
-4.385303306e-06
-6.861554457e-06
0.03751673357
-4.439745721e-06
-6.581520911e-06
0.03751707589
-4.521458278e-06
-6.323724113e-06
-4.680032342e-06
-5.640076638e-06
0.03749906922
-1.030565162e-06
-7.257594342e-07
0.03749625648
-3.136175008e-06
-2.383841121e-06
0.03749094756
-6.044821558e-06
-5.708583196e-06
0.0374820775
-1.070617545e-05
-1.299821141e-05
0.03746842412
-1.90797577e-05
-2.985560247e-05
0.03745099749
-3.539912323e-05
-6.770443104e-05
0.03744159234
-6.929184433e-05
-0.0001563176089
0.03747686787
-0.0001326927645
-0.0003202852937
0.03765546296
-0.0002246917067
-0.0006497987778
0.037802347
-0.0002061032807
-0.0006653291525
0.03787422956
-0.0001185380358
-0.0004299449822
0.03789131164
-2.285042778e-05
-0.0001357059011
0.03787127591
6.757745518e-05
0.0001462454883
0.03777813969
0.0001587836267
0.0004412633239
0.03761634559
0.0002202169423
0.0006465936127
0.03747539516
0.0002157005687
0.0006026155398
0.03746875768
8.573056793e-05
0.0002894197154
0.03747691679
2.997936598e-05
0.0001185468909
0.03748701761
9.351628217e-06
6.235290837e-05
0.03749821049
-2.944992044e-06
4.247282212e-05
0.03750669576
-1.007882823e-05
3.057080354e-05
0.03751158443
-1.225456191e-05
2.602779214e-05
0.03751467548
-1.300292161e-05
2.447179616e-05
0.03751676065
-1.297881449e-05
2.336643037e-05
0.03751809489
-1.250209446e-05
2.24833284e-05
0.03751892111
-1.18158485e-05
2.172365895e-05
0.0375194554
-1.1163303e-05
2.107246297e-05
0.03751979538
-1.053092802e-05
2.046381806e-05
0.03752001597
-1.001977983e-05
1.992319278e-05
0.0375201844
-9.523874825e-06
1.937540102e-05
0.03752007161
-9.061339588e-06
1.897537121e-05
-8.435395977e-06
1.865932998e-05
0.03749889873
1.085566119e-08
-7.910302709e-07
0.03749554331
3.300707861e-08
-2.615570231e-06
0.03748903122
6.071528359e-08
-6.336534687e-06
0.03747760071
9.845263792e-08
-1.482721159e-05
0.03745803087
1.738440075e-07
-3.511763328e-05
0.03742773767
3.211020633e-07
-8.588031905e-05
0.03738901724
8.641525698e-07
-0.0002143842691
0.03741659992
1.994043924e-06
-0.0005468288449
0.03768679451
4.924246834e-06
-0.0012608808
0.03786055949
3.067164393e-06
-0.001173894047
0.03792277157
2.328805039e-06
-0.0006799708089
0.03794054104
3.188281124e-06
-0.000204460894
0.0379272359
3.724443937e-06
0.0002478675044
0.0378405544
3.478246537e-06
0.0007372260468
0.03763261274
4.982845302e-06
0.001171726579
0.03740288517
1.03403256e-05
0.001207146349
0.03742864442
1.808989955e-05
0.0004208604972
0.03744259599
2.159020623e-05
0.0001459809813
0.03746249841
2.618749067e-05
3.455586862e-05
0.03748454185
3.050839312e-05
-3.703934252e-05
0.03749834035
3.151864654e-05
-6.729935613e-05
0.03750593805
3.063853294e-05
-7.697428064e-05
0.03751107272
2.956656792e-05
-8.031355224e-05
0.03751440312
2.847333428e-05
-8.092107105e-05
0.03751661761
2.744677165e-05
-8.028634136e-05
0.03751804818
2.646199994e-05
-7.90376372e-05
0.03751904921
2.554316634e-05
-7.767043096e-05
0.03751971353
2.466031348e-05
-7.623461822e-05
0.03752020865
2.389516068e-05
-7.49304844e-05
0.03752056212
2.306307207e-05
-7.358848375e-05
0.03752081924
2.24374929e-05
-7.242638462e-05
2.133209435e-05
-7.074026666e-05
0.03749889983
1.051459043e-06
-7.922135228e-07
0.03749554767
3.199747523e-06
-2.619344721e-06
0.03748904455
6.159912878e-06
-6.343516781e-06
0.03747763226
1.089132171e-05
-1.484265321e-05
0.03745813337
1.937430512e-05
-3.512316549e-05
0.03742804898
3.586650045e-05
-8.588613085e-05
0.03739021912
6.998636113e-05
-0.0002136369169
0.03741881665
0.0001335457245
-0.0005433088243
0.03768549826
0.0002256864732
-0.001238846387
0.03786011182
0.0002095866221
-0.001163091391
0.03792221868
0.0001228606808
-0.0006742354418
0.03794019139
2.74978183e-05
-0.0001991291008
0.03792761938
-6.277682553e-05
0.0002527215801
0.03784140168
-0.0001538087224
0.0007418015767
0.03763672903
-0.0002146687553
0.001177850202
0.03740902106
-0.0002115328559
0.001235472996
0.03743486815
-8.087799289e-05
0.0004822744748
0.03745080954
-2.510618755e-05
0.0002314136792
0.03747141164
-8.320894594e-06
0.0001527409925
0.03749278714
5.011510527e-07
0.0001083887622
0.03750537016
6.338500525e-06
8.886779675e-05
0.0375117407
8.758766497e-06
8.201875478e-05
0.03751578281
9.489549798e-06
7.836404134e-05
0.03751851402
9.610067672e-06
7.624876456e-05
0.03752006301
9.591915048e-06
7.49215658e-05
0.03752088464
9.339112409e-06
7.394820457e-05
0.03752132726
8.890919068e-06
7.307607456e-05
0.03752157175
8.34347231e-06
7.227957729e-05
0.03752169421
7.806960397e-06
7.150542078e-05
0.03752176018
7.172313162e-06
7.076423746e-05
0.03752149306
6.817119963e-06
7.026541945e-05
6.316552984e-06
6.958829477e-05
0.03749907219
1.92477879e-06
-7.290959488e-07
0.03749626899
5.831570079e-06
-2.394344585e-06
0.03749098315
1.108579254e-05
-5.728747879e-06
0.03748216526
1.911717526e-05
-1.303377637e-05
0.03746864721
3.252334805e-05
-2.989129127e-05
0.03745150487
5.555952501e-05
-6.768841476e-05
0.0374427178
9.616350642e-05
-0.0001557691883
0.0374785742
0.0001568506067
-0.0003186170085
0.03765473711
0.0002418566517
-0.0006395425984
0.03780248229
0.0002483049459
-0.0006566787886
0.03787438576
0.0001623982632
-0.0004196702167
0.03789157266
4.275716777e-05
-0.0001240862549
0.03787224022
-7.473433249e-05
0.0001573539228
0.03778040812
-0.0001833997128
0.0004519032555
0.03761994793
-0.0002495711844
0.0006593867235
0.03747840644
-0.0002434825742
0.0006219119802
0.03747196387
-0.0001499081136
0.0003140856524
0.03747588235
-8.046524792e-05
0.0001580629579
0.03748375025
-4.833168425e-05
9.160802711e-05
0.03749363819
-3.041490951e-05
5.734942201e-05
0.03750139337
-1.781725074e-05
3.779786925e-05
0.03750637473
-1.098347395e-05
2.96102759e-05
0.03750994024
-7.352348716e-06
2.592691292e-05
0.03751247181
-5.400444963e-06
2.426314446e-05
0.03751421658
-4.057418531e-06
2.361571629e-05
0.03751547651
-3.288302599e-06
2.352101787e-05
0.03751641123
-2.912333111e-06
2.361838672e-05
0.03751711944
-2.777904886e-06
2.384564117e-05
0.03751765701
-2.750665771e-06
2.410241689e-05
0.0375180278
-2.815396103e-06
2.443955564e-05
0.03751859263
-2.931984706e-06
2.458104409e-05
-3.352016933e-06
2.464089601e-05
0.03749936916
2.50919961e-06
-6.203115919e-07
0.03749747961
7.575664992e-06
-2.014589767e-06
0.03749411717
1.414666728e-05
-4.68797698e-06
0.03748906109
2.364799591e-05
-1.023600304e-05
0.03748274271
3.824789991e-05
-2.205280701e-05
0.03747783105
6.081496393e-05
-4.609664494e-05
0.03748388207
9.560427086e-05
-9.44817052e-05
0.03751948163
0.0001416739837
-0.0001751172157
0.0376238799
0.000195110941
-0.0003004646397
0.03773063392
0.0002019398432
-0.0003217379944
0.03779393582
0.0001402361891
-0.000225925481
0.03781166726
4.168053419e-05
-7.832113019e-05
0.03779207114
-5.760907444e-05
6.38770644e-05
0.03772243744
-0.0001466373983
0.0002057361535
0.03761983942
-0.0002017765333
0.0002958188456
0.03752624738
-0.0002042796078
0.0002930998639
0.0374986171
-0.0001450298727
0.0001728571436
0.03749522143
-8.64127325e-05
8.191843566e-05
0.03749674038
-5.754442119e-05
4.710485243e-05
0.03750097939
-4.122217896e-05
3.018188827e-05
0.03750595337
-2.828230255e-05
1.808821749e-05
0.03750961623
-1.93921842e-05
1.140445173e-05
0.03751210684
-1.373021301e-05
7.705184584e-06
0.03751384114
-1.012185949e-05
5.496156431e-06
0.03751510004
-7.416658883e-06
3.638178459e-06
0.03751600622
-5.515346661e-06
2.174181e-06
0.03751665898
-4.201833233e-06
1.006670862e-06
0.03751708268
-3.285710776e-06
7.017192811e-08
0.03751733455
-2.64505463e-06
-7.631955547e-07
0.03751750607
-2.208581169e-06
-1.541940552e-06
0.03751753232
-1.874469414e-06
-2.174961279e-06
-1.664435612e-06
-2.587146183e-06
0.03749970702
2.764761622e-06
-4.919864761e-07
0.03749883583
8.332181735e-06
-1.577424916e-06
0.03749746597
1.527835091e-05
-3.545262973e-06
0.0374958873
2.47947713e-05
-7.391342274e-06
0.03749513208
3.837476641e-05
-1.497357525e-05
0.03749777065
5.76021289e-05
-2.90907567e-05
0.03751022807
8.407261483e-05
-5.474569018e-05
0.03754175077
0.0001154726442
-9.331339799e-05
0.03760701025
0.0001457941635
-0.0001443472717
0.03767961995
0.0001484557718
-0.000158811924
0.03772722876
0.0001073746956
-0.0001188119687
0.03774160846
3.732314305e-05
-5.025217725e-05
0.03772611617
-3.543919478e-05
1.772458627e-05
0.03767842337
-9.963236803e-05
8.216016076e-05
0.03761183952
-0.0001402125173
0.0001208638352
0.03754782531
-0.0001469942666
0.0001236395315
0.03751799119
-0.0001164009384
7.864053767e-05
0.0375102059
-7.760896808e-05
3.422183674e-05
0.03750754932
-5.411163932e-05
1.477482027e-05
0.037507218
-3.961821441e-05
5.475439349e-06
0.03750849814
-2.802715682e-05
-8.244791295e-07
0.03750982468
-1.937646097e-05
-4.750977036e-06
0.03751084535
-1.381545642e-05
-5.86370194e-06
0.03751159969
-1.019636848e-05
-6.126223549e-06
0.03751219229
-7.776486552e-06
-5.900925484e-06
0.03751262384
-6.099900117e-06
-5.499904748e-06
0.0375129431
-5.026789896e-06
-4.969134978e-06
0.03751315373
-4.285909157e-06
-4.503324721e-06
0.03751334346
-3.847211978e-06
-3.937701183e-06
0.03751344015
-3.491247561e-06
-3.435446227e-06
0.03751366667
-3.319191388e-06
-3.088417241e-06
-3.358303603e-06
-2.899948647e-06
0.03750001536
2.721605078e-06
-3.65892108e-07
0.037500077
8.184678979e-06
-1.166657017e-06
0.03750040571
1.477261694e-05
-2.534948834e-06
0.03750149932
2.337701535e-05
-5.059101288e-06
0.03750444694
3.490825378e-05
-9.698534989e-06
0.03751130385
5.006249195e-05
-1.775324852e-05
0.03752592796
6.900383642e-05
-3.104889752e-05
0.03755271961
8.934163741e-05
-4.946798656e-05
0.03759636267
0.0001058161808
-7.097592538e-05
0.03764507507
0.0001051013584
-7.852695281e-05
0.03767936216
7.745663904e-05
-6.087560668e-05
0.037690761
2.880790048e-05
-2.64111298e-05
0.0376799865
-2.334964307e-05
1.042415654e-05
0.0376482474
-6.920115597e-05
4.431979965e-05
0.03760375384
-9.942653516e-05
6.685645734e-05
0.037559385
-0.0001076124306
7.163810035e-05
0.03753242858
-9.220965127e-05
5.302327549e-05
0.03752105379
-6.688200675e-05
2.919125711e-05
0.03751521275
-4.832066143e-05
1.624457776e-05
0.03751192539
-3.628550376e-05
1.006880106e-05
0.03751061318
-2.670239334e-05
5.781732458e-06
0.03751023538
-1.911497224e-05
2.879013048e-06
0.03751016268
-1.394330487e-05
1.250540351e-06
0.03751020578
-1.036792051e-05
2.646158563e-07
0.03751031381
-7.923897083e-06
-4.401257091e-07
0.037510416
-6.076351784e-06
-1.038330556e-06
0.03751050927
-4.836566444e-06
-1.528549303e-06
0.03751057702
-3.867985114e-06
-2.003736605e-06
0.03751063584
-3.268156367e-06
-2.405020785e-06
0.03751067977
-2.743564524e-06
-2.810146393e-06
0.03751070798
-2.40830803e-06
-3.130586951e-06
-2.128986913e-06
-3.60416279e-06
0.03750026929
2.432991656e-06
-2.646054155e-07
0.03750108278
7.309869668e-06
-8.287660347e-07
0.03750270688
1.302365592e-05
-1.743410504e-06
0.0375056625
2.01944756e-05
-3.343818944e-06
0.03751087511
2.932245714e-05
-6.110167463e-06
0.03751979224
4.060047967e-05
-1.061809808e-05
0.03753455318
5.361930507e-05
-1.748620459e-05
0.0375570742
6.63789003e-05
-2.637677455e-05
0.03758818556
7.503170154e-05
-3.56886308e-05
0.03762165037
7.262631195e-05
-3.910890944e-05
0.03764618971
5.393587297e-05
-3.131322863e-05
0.03765511112
2.093758468e-05
-1.483038776e-05
0.03764765689
-1.473512894e-05
3.267021889e-06
0.03762585312
-4.6330138e-05
1.925420878e-05
0.03759487923
-6.75253554e-05
2.918029832e-05
0.03756311718
-7.465445706e-05
3.01430072e-05
0.03754013551
-6.728236088e-05
2.14699281e-05
0.03752745257
-5.188157797e-05
9.721644506e-06
0.03751991504
-3.87486716e-05
2.743913217e-06
0.03751488431
-2.95491072e-05
-4.806793216e-07
0.03751182144
-2.210737607e-05
-2.626902764e-06
0.03751006724
-1.596409475e-05
-4.109966354e-06
0.03750901402
-1.158025665e-05
-4.92855638e-06
0.037508345
-8.502028933e-06
-5.154141333e-06
0.03750792575
-6.382733399e-06
-5.186861149e-06
0.03750765462
-4.828047451e-06
-5.091319351e-06
0.03750748156
-3.773079861e-06
-4.948049484e-06
0.03750736704
-3.019507477e-06
-4.712346975e-06
0.03750727739
-2.548014265e-06
-4.517223518e-06
0.03750721165
-2.203989488e-06
-4.236410055e-06
0.03750719347
-2.00538809e-06
-4.047652209e-06
-1.909816533e-06
-3.80937896e-06
0.03750045586
1.963529338e-06
-1.855618097e-07
0.03750182758
5.89597432e-06
-5.752887743e-07
0.03750436509
1.040152706e-05
-1.175854079e-06
0.03750852718
1.58808282e-05
-2.173649147e-06
0.03751501773
2.258228758e-05
-3.804047716e-06
0.03752477391
3.046895212e-05
-6.315210721e-06
0.0375388858
3.901816908e-05
-9.891909956e-06
0.03755798776
4.67513645e-05
-1.424991248e-05
0.03758151481
5.114464776e-05
-1.84251658e-05
0.03760554912
4.849130208e-05
-1.993722569e-05
0.03762358712
3.598404751e-05
-1.639466203e-05
0.03763069977
1.417229264e-05
-8.334554951e-06
0.03762566247
-9.145374409e-06
9.390518974e-07
0.03761024235
-3.026602474e-05
9.300889392e-06
0.03758808047
-4.475101487e-05
1.472194127e-05
0.03756443888
-5.046504151e-05
1.613292313e-05
0.03754495272
-4.727789209e-05
1.330020383e-05
0.03753199136
-3.838758555e-05
8.21828991e-06
0.03752332187
-2.959800458e-05
4.49133593e-06
0.03751708767
-2.286815936e-05
2.488064063e-06
0.0375127873
-1.735789012e-05
1.072203619e-06
0.03750997584
-1.272604913e-05
-2.735110134e-09
0.03750812132
-9.328637917e-06
-6.426917362e-07
0.03750686103
-6.882245518e-06
-1.005093596e-06
0.0375060065
-5.188786334e-06
-1.234319735e-06
0.03750541756
-3.917878844e-06
-1.403255226e-06
0.03750501904
-3.056285692e-06
-1.543775594e-06
0.03750473863
-2.421194491e-06
-1.665912903e-06
0.03750454267
-2.01457719e-06
-1.785373098e-06
0.03750440363
-1.716462792e-06
-1.91454476e-06
0.03750427634
-1.519136959e-06
-2.009095654e-06
-1.379634762e-06
-2.165616151e-06
0.03750058329
1.370855694e-06
-1.305302533e-07
0.03750233569
4.114860376e-06
-4.014781647e-07
0.03750547087
7.209579977e-06
-7.98566988e-07
0.037510363
1.08888698e-05
-1.425431913e-06
0.03751752032
1.526247451e-05
-2.397869667e-06
0.03752751423
2.02307548e-05
-3.819193436e-06
0.0375408217
2.537924786e-05
-5.729313005e-06
0.03755743706
2.974474876e-05
-7.929547838e-06
0.0375763165
3.188561068e-05
-9.901890216e-06
0.0375947097
2.982042852e-05
-1.058281905e-05
0.03760857856
2.197812033e-05
-8.82686076e-06
0.03761427572
8.564199157e-06
-4.753773755e-06
0.03761074916
-5.353544534e-06
-2.101588024e-09
0.03759919957
-1.82537913e-05
4.277169001e-06
0.03758227374
-2.723942173e-05
7.018168225e-06
0.03756352416
-3.106403483e-05
7.691918683e-06
0.03754671207
-2.976500113e-05
6.179098604e-06
0.03753404992
-2.497923285e-05
3.357273317e-06
0.03752485601
-1.967905041e-05
1.004513159e-06
0.03751798001
-1.532851143e-05
-3.963901573e-07
0.03751297005
-1.173706171e-05
-1.335180183e-06
0.03750948185
-8.680992771e-06
-2.028531428e-06
0.03750707218
-6.393406777e-06
-2.438424029e-06
0.03750539063
-4.700540246e-06
-2.650346146e-06
0.03750421933
-3.54096886e-06
-2.742286855e-06
0.03750339584
-2.617927954e-06
-2.808839123e-06
0.03750282749
-2.030975692e-06
-2.819111112e-06
0.03750242898
-1.579995706e-06
-2.804377962e-06
0.03750214626
-1.319998912e-06
-2.752285435e-06
0.03750193124
-1.107552371e-06
-2.68924032e-06
0.03750177766
-1.009268433e-06
-2.629238762e-06
-9.4269642e-07
-2.552001353e-06
0.03750066109
7.030566542e-07
-9.644710321e-08
0.0375026456
2.109932391e-06
-2.946217984e-07
0.03750613363
3.681863272e-06
-5.722127095e-07
0.03751142876
5.525323729e-06
-9.899401903e-07
0.03751890206
7.679829282e-06
-1.607619271e-06
0.03752889609
1.007415147e-05
-2.467511584e-06
0.03754155954
1.249432701e-05
-3.564021561e-06
0.03755658355
1.445047187e-05
-4.763975114e-06
0.03757280792
1.53779943e-05
-5.77641888e-06
0.03758820532
1.418023093e-05
-6.099972631e-06
0.03759946254
1.057625681e-05
-5.148641729e-06
0.03760409521
3.951938887e-06
-2.947160986e-06
0.03760147401
-2.56089564e-06
-4.475851038e-07
0.03759219189
-8.646587846e-06
1.946819158e-06
0.03757827469
-1.289914166e-05
3.528708012e-06
0.03756248645
-1.481105115e-05
3.997299258e-06
0.03754758538
-1.44032972e-05
3.362095791e-06
0.03753538076
-1.233935272e-05
2.0465395e-06
0.03752596592
-9.873429986e-06
8.426993862e-07
0.03751872827
-7.743157299e-06
6.397915696e-08
0.03751328262
-5.963635816e-06
-4.727640627e-07
0.03750935278
-4.437780479e-06
-8.821107362e-07
0.03750655222
-3.283671007e-06
-1.146327572e-06
0.03750456859
-2.417435481e-06
-1.297073842e-06
0.03750316288
-1.837490282e-06
-1.385588474e-06
0.03750218055
-1.338676492e-06
-1.455270667e-06
0.03750147243
-1.032179395e-06
-1.493064108e-06
0.03750097819
-8.013848818e-07
-1.526264951e-06
0.0375006097
-6.694533903e-07
-1.545347833e-06
0.03750034189
-5.616172653e-07
-1.574185214e-06
0.03750011519
-5.048392941e-07
-1.593899291e-06
-4.592210616e-07
-1.631197704e-06
0.03750069762
-8.027925138e-08
0.03750279109
-2.441786272e-07
0.0375064413
-4.669790171e-07
0.0375119129
-7.913343915e-07
0.03751950807
-1.254798536e-06
0.037529458
-1.878526933e-06
0.0375417836
-2.644423327e-06
0.03755602793
-3.450253444e-06
0.03757118098
-4.102071186e-06
0.03758516647
-4.261179074e-06
0.03759560749
-3.741954572e-06
0.03759958445
-1.832237318e-06
0.03759715248
-4.970838394e-07
0.03758875728
1.088220538e-06
0.0375761979
2.175115845e-06
0.03756177116
2.5056351e-06
0.03754776327
2.104742034e-06
0.03753580728
1.225929341e-06
0.03752629689
3.227187814e-07
0.03751889367
-3.563875794e-07
0.03751325458
-8.438252441e-07
0.03750912526
-1.209002178e-06
0.03750614066
-1.451016088e-06
0.0375040159
-1.607107624e-06
0.03750248291
-1.71790888e-06
0.03750142368
-1.765831778e-06
0.03750066385
-1.779809871e-06
0.03750013619
-1.785825483e-06
0.0374997442
-1.787112929e-06
0.03749945473
-1.779616726e-06
0.03749921806
-1.773836017e-06
-1.764843859e-06
0.03750068974
-7.076911903e-07
-5.582363024e-08
0.03750276083
-2.125596954e-06
-1.699433565e-07
0.03750637381
-3.717404894e-06
-3.274507901e-07
0.03751179452
-5.597900867e-06
-5.599325654e-07
0.03751933052
-7.816887101e-06
-8.954944875e-07
0.03752922594
-1.031463072e-05
-1.350528135e-06
0.03754152482
-1.288531539e-05
-1.912175256e-06
0.03755579863
-1.502962941e-05
-2.504735839e-06
0.03757106037
-1.614546671e-05
-2.980021085e-06
0.03758522043
-1.504798232e-05
-3.077494382e-06
0.03759581542
-1.134145242e-05
-2.645745163e-06
0.03759989874
-4.365897794e-06
-1.112145345e-06
0.03759740347
2.530282676e-06
-4.540202532e-08
0.03758885931
8.956853322e-06
1.233784338e-06
0.03757611284
1.342597348e-05
2.137265907e-06
0.03756150933
1.538188132e-05
2.459120877e-06
0.03754740355
1.482699303e-05
2.212521566e-06
0.03753547223
1.249324226e-05
1.5861942e-06
0.03752606265
9.800590917e-06
9.33449574e-07
0.03751874835
7.577362184e-06
4.440650076e-07
0.03751318056
5.738945056e-06
9.330919511e-08
0.03750911217
4.167789227e-06
-1.70301234e-07
0.03750616918
2.990443355e-06
-3.385182599e-07
0.03750408634
2.098607855e-06
-4.608845099e-07
0.03750258832
1.486563071e-06
-5.32434544e-07
0.03750154765
1.015578058e-06
-5.568871667e-07
0.03750080118
7.203213823e-07
-5.708367901e-07
0.03750028245
4.810989679e-07
-5.73313555e-07
0.03749989541
3.467464072e-07
-5.754991692e-07
0.03749961566
2.371337028e-07
-5.768004373e-07
0.03749938704
1.85053248e-07
-5.771640156e-07
1.610225593e-07
-5.796767517e-07
0.0375006513
-1.380723289e-06
-6.810230527e-08
0.03750260763
-4.148194211e-06
-2.082721025e-07
0.03750604766
-7.286306259e-06
-4.074671788e-07
0.03751127491
-1.104819653e-05
-7.111650307e-07
0.03751866607
-1.55695799e-05
-1.164912576e-06
0.03752858015
-2.078085816e-05
-1.801973949e-06
0.03754120069
-2.629541665e-05
-2.621504322e-06
0.03755626682
-3.113428417e-05
-3.525834394e-06
0.03757266128
-3.376742028e-05
-4.296862629e-06
0.03758833355
-3.197310918e-05
-4.537974993e-06
0.03759983778
-2.384957443e-05
-3.7718158e-06
0.03760460419
-9.616116156e-06
-2.019881893e-06
0.037601903
5.309163732e-06
-1.494799756e-08
0.03759241147
1.906649493e-05
1.918557941e-06
0.03757821247
2.859953588e-05
3.233767773e-06
0.03756215191
3.252937272e-05
3.688785349e-06
0.03754711689
3.083337268e-05
3.273961649e-06
0.03753497269
2.534978315e-05
2.321720875e-06
0.03752569937
1.953915802e-05
1.449586005e-06
0.03751857285
1.501479657e-05
8.931374107e-07
0.03751320794
1.132057818e-05
5.001481357e-07
0.03750935021
8.173883167e-06
1.926908144e-07
0.03750661059
5.84329246e-06
-5.177579544e-09
0.03750467323
4.126751399e-06
-1.340772262e-07
0.03750327839
2.967064176e-06
-2.197400788e-07
0.03750230105
2.063933932e-06
-2.776812415e-07
0.03750160107
1.48592723e-06
-3.149616366e-07
0.03750111517
1.01763401e-06
-3.366086374e-07
0.03750074686
7.552842119e-07
-3.48955469e-07
0.03750048192
5.228877975e-07
-3.547162627e-07
0.03750026178
4.207439904e-07
-3.577967605e-07
3.157662653e-07
-3.511612119e-07
0.03750056925
-1.979663161e-06
-9.404815998e-08
0.0375022803
-5.950395284e-06
-2.896515559e-07
0.03750534263
-1.052993499e-05
-5.800521477e-07
0.03751012619
-1.615486298e-05
-1.043853294e-06
0.03751714339
-2.312767069e-05
-1.770760963e-06
0.03752698958
-3.148034979e-05
-2.843951806e-06
0.03754020684
-4.077130721e-05
-4.304566807e-06
0.03755688996
-4.951235728e-05
-6.016728045e-06
0.03757612008
-5.503360254e-05
-7.591055463e-06
0.03759507948
-5.300476431e-05
-8.174678293e-06
0.03760941221
-3.982217025e-05
-6.782491322e-06
0.0376153443
-1.630508189e-05
-3.514864013e-06
0.03761165853
9.234173583e-06
3.159571612e-07
0.03759971711
3.216032534e-05
3.771323927e-06
0.03758223633
4.779715915e-05
6.048554843e-06
0.03756295382
5.36841023e-05
6.676728473e-06
0.03754587188
4.955198747e-05
5.523252828e-06
0.03753335091
3.904112996e-05
3.28458107e-06
0.03752441039
2.920776222e-05
1.470056865e-06
0.0375176982
2.21730901e-05
4.343067084e-07
0.03751281246
1.642576709e-05
-2.32543952e-07
0.03750942362
1.159128767e-05
-7.110852776e-07
0.03750710116
8.064563549e-06
-9.917742293e-07
0.03750546714
5.587963956e-06
-1.101941232e-06
0.03750433672
3.882721151e-06
-1.160284157e-06
0.03750354832
2.617132445e-06
-1.196430055e-06
0.03750301419
1.765702265e-06
-1.199085498e-06
0.03750263628
1.151046181e-06
-1.201833018e-06
0.03750237443
7.732939075e-07
-1.19551001e-06
0.03750218384
4.705025428e-07
-1.190656578e-06
0.03750201733
3.623805465e-07
-1.199862153e-06
2.955370315e-07
-1.218726785e-06
0.03750043436
-2.456505518e-06
-1.361269514e-07
0.0375017411
-7.388736391e-06
-4.224037781e-07
0.03750415939
-1.321655266e-05
-8.688212359e-07
0.03750813279
-2.062190582e-05
-1.618242731e-06
0.03751436232
-3.021248473e-05
-2.856230456e-06
0.03752381502
-4.232962594e-05
-4.785716759e-06
0.03753771343
-5.679149485e-05
-7.587899543e-06
0.03755691242
-7.16342379e-05
-1.108848142e-05
0.03758126302
-8.289157631e-05
-1.462431078e-05
0.03760661673
-8.18853905e-05
-1.605360875e-05
0.03762555659
-6.15257459e-05
-1.319575713e-05
0.03763298964
-2.484534038e-05
-6.707101497e-06
0.03762770049
1.509309879e-05
9.712971666e-07
0.03761149521
5.048934796e-05
7.880784817e-06
0.0375881926
7.407127498e-05
1.256912139e-05
0.03756351633
8.141812823e-05
1.402096774e-05
0.03754362169
7.187309629e-05
1.197158183e-05
0.03753097625
5.322799386e-05
7.894462201e-06
0.03752272414
3.839713314e-05
4.869225584e-06
0.03751673884
2.885414517e-05
3.256704312e-06
0.03751262924
2.109584712e-05
2.064393544e-06
0.0375099474
1.470932453e-05
1.157975684e-06
0.03750816475
1.019975779e-05
5.825439159e-07
0.03750692901
7.101884874e-06
2.625971468e-07
0.03750607901
4.932140933e-06
6.864685905e-08
0.03750549076
3.311510886e-06
-4.104426985e-08
0.03750508682
2.190897943e-06
-9.811557196e-08
0.03750480179
1.366859023e-06
-1.014756219e-07
0.03750460647
8.375280317e-07
-9.898196438e-08
0.03750444625
4.052563723e-07
-5.366239734e-08
0.03750435151
1.604589798e-07
-7.595397956e-09
-1.476917838e-07
2.62950585e-08
0.03750023388
-2.750957169e-06
-1.970793545e-07
0.03750094533
-8.29053576e-06
-6.168570652e-07
0.03750237032
-1.503972401e-05
-1.30555992e-06
0.03750498926
-2.399765556e-05
-2.522538858e-06
0.03750969755
-3.627883504e-05
-4.653857762e-06
0.0375179652
-5.289193188e-05
-8.180299322e-06
0.03753218999
-7.459383653e-05
-1.371467852e-05
0.03755479694
-9.921341468e-05
-2.115882341e-05
0.03758789876
-0.0001218260757
-2.95877468e-05
0.03762435887
-0.0001241623055
-3.29720186e-05
0.03765076832
-9.238014441e-05
-2.645174241e-05
0.03766017866
-3.566244348e-05
-1.292833062e-05
0.03765218191
2.495416678e-05
1.990233836e-06
0.037628386
7.864555332e-05
1.557941913e-05
0.03759472445
0.0001136061451
2.410410512e-05
0.03756071736
0.0001217895645
2.469699702e-05
0.03753733526
0.0001006553221
1.718484181e-05
0.0375255338
6.855978867e-05
7.364045703e-06
0.03751869068
4.712325052e-05
2.122804177e-06
0.03751408419
3.439268777e-05
-4.159690393e-08
0.03751142918
2.397646109e-05
-1.479695541e-06
0.03750998687
1.588636211e-05
-2.451671522e-06
0.03750914305
1.057921553e-05
-2.940948846e-06
0.03750860882
7.105036682e-06
-3.1086138e-06
0.03750828225
4.738934806e-06
-3.163368485e-06
0.03750809167
3.047231243e-06
-3.214303388e-06
0.03750795945
1.949832714e-06
-3.258728555e-06
0.03750787569
1.139801857e-06
-3.281708772e-06
0.0375078112
6.579121138e-07
-3.332027023e-06
0.03750776368
2.707647784e-07
-3.411498785e-06
0.03750766931
1.273958403e-07
-3.4927003e-06
9.306650601e-08
-3.631472126e-06
0.03749996661
-2.802030183e-06
-2.745909276e-07
0.03749986299
-8.454739571e-06
-8.778422525e-07
0.03749986009
-1.561319984e-05
-1.919393475e-06
0.03750035453
-2.562524658e-05
-3.861008728e-06
0.03750231921
-4.035127392e-05
-7.490460638e-06
0.03750775882
-6.20090303e-05
-1.392898519e-05
0.03752100412
-9.367699082e-05
-2.502843731e-05
0.03754766859
-0.0001338057321
-4.134238808e-05
0.03759641057
-0.0001787608597
-6.270455932e-05
0.03765204526
-0.0001876122388
-7.062504811e-05
0.03769031139
-0.0001367409942
-5.458268795e-05
0.03770259021
-5.020631905e-05
-2.390274863e-05
0.03769130221
3.917542984e-05
7.851282241e-06
0.03765519827
0.0001201793966
3.936800627e-05
0.03760470853
0.0001702002036
6.134078042e-05
0.03755504253
0.0001765707293
6.709039368e-05
0.03752763068
0.0001328492823
4.903350185e-05
0.03751833431
8.149435816e-05
2.60995932e-05
0.03751356232
5.455821175e-05
1.45797541e-05
0.03751082594
3.934105643e-05
9.413968239e-06
0.03750993531
2.655525452e-05
5.544013321e-06
0.03750975438
1.706166892e-05
3.002741328e-06
0.03750978755
1.089920399e-05
1.70793321e-06
0.03750981656
6.818514262e-06
1.234756849e-06
0.03750991837
3.717912717e-06
1.081002411e-06
0.03751004313
1.548505891e-06
1.082273297e-06
0.03751015355
2.959406675e-08
1.171167604e-06
0.03751023308
-1.08985941e-06
1.306217215e-06
0.03751031107
-1.880151204e-06
1.507768264e-06
0.03751034195
-2.490687597e-06
1.733279284e-06
0.03751055073
-2.998828666e-06
1.93891866e-06
-3.517256447e-06
2.096580011e-06
0.0374996283
-2.544125154e-06
-3.718857445e-07
0.03749851314
-7.700545707e-06
-1.197291557e-06
0.03749661345
-1.451252105e-05
-2.710046774e-06
0.03749399416
-2.46321991e-05
-5.703876815e-06
0.03749135066
-4.083254384e-05
-1.175495033e-05
0.03749089815
-6.716945185e-05
-2.334492499e-05
0.03749968931
-0.0001112448654
-4.585869686e-05
0.03753016803
-0.0001748876531
-8.271510984e-05
0.03760926957
-0.000263390539
-0.0001394743158
0.03769744522
-0.0002804968959
-0.0001547975616
0.03775315811
-0.0001952207388
-0.0001166544172
0.03776734265
-6.132079122e-05
-5.403625994e-05
0.0377514776
7.050760347e-05
1.643601605e-06
0.03769329544
0.0001975211601
6.243220347e-05
0.03761215213
0.0002766044676
9.519458702e-05
0.03753682445
0.0002763077677
9.826981149e-05
0.03750808691
0.0001835994541
5.628992465e-05
0.03750449223
9.97576448e-05
1.711398567e-05
0.03750385827
6.446279329e-05
2.91923547e-06
0.03750552432
4.47401983e-05
-3.510480247e-06
0.03750847074
2.986359005e-05
-8.300981275e-06
0.03751062855
2.070521468e-05
-1.098633093e-05
0.03751200981
1.543081645e-05
-1.198999538e-05
0.03751294705
1.213168044e-05
-1.245213702e-05
0.03751368433
9.671773971e-06
-1.288942081e-05
0.0375141737
8.131830162e-06
-1.326690755e-05
0.03751443568
7.13265142e-06
-1.360936333e-05
0.03751458686
6.434740293e-06
-1.402468459e-05
0.0375146871
5.966322703e-06
-1.443230215e-05
0.03751476677
5.628616765e-06
-1.48689156e-05
0.03751470363
5.514795208e-06
-1.52548599e-05
5.66981629e-06
-1.585627142e-05
0.03749926258
-1.949397475e-06
-4.724113845e-07
0.0374970268
-5.924583118e-06
-1.539085863e-06
0.03749286293
-1.139161015e-05
-3.614943251e-06
0.03748607666
-2.004840224e-05
-7.982497515e-06
0.03747619433
-3.530156256e-05
-1.762924577e-05
0.03746477481
-6.355355296e-05
-3.821495149e-05
0.03746099153
-0.0001189616605
-8.309333956e-05
0.03749182441
-0.0002110162177
-0.0001703106511
0.03763533933
-0.0003778986479
-0.0003324969561
0.03777632408
-0.0003944001298
-0.0003518745017
0.03785979015
-0.0002639805544
-0.0002437816918
0.03787204288
-7.710314037e-05
-7.803127593e-05
0.0378570828
9.303006885e-05
5.324961905e-05
0.03776317823
0.0002753903527
0.0002185965411
0.03762148941
0.0003945920695
0.0003158212721
0.03750351635
0.0003832383859
0.0002978721018
0.03748455967
0.0002312833228
0.0001387129505
0.03748734748
0.000129276424
4.316702512e-05
0.03748984937
8.707784353e-05
1.730733068e-05
0.03749591077
6.08949385e-05
2.320111421e-06
0.03750204142
4.202909413e-05
-8.462364728e-06
0.03750627669
3.125190457e-05
-1.331505228e-05
0.03750926793
2.451798261e-05
-1.478578044e-05
0.0375114815
2.020139524e-05
-1.52726469e-05
0.03751302668
1.712796244e-05
-1.513625492e-05
0.03751411417
1.494105861e-05
-1.466955538e-05
0.03751493852
1.338623893e-05
-1.404497071e-05
0.03751550808
1.223066222e-05
-1.333335934e-05
0.03751591333
1.13854264e-05
-1.268591545e-05
0.03751618043
1.071056806e-05
-1.193056543e-05
0.03751672927
1.015101024e-05
-1.150877757e-05
9.482630723e-06
-1.121601637e-05
0.03749893877
-1.055526633e-06
-5.579826006e-07
0.03749569949
-3.223983737e-06
-1.845164332e-06
0.0374893236
-6.289488859e-06
-4.434808094e-06
0.03747797211
-1.138783738e-05
-1.030728878e-05
0.03745801511
-2.116108954e-05
-2.403907867e-05
0.0374275125
-4.241355598e-05
-5.83418137e-05
0.03739130849
-9.428049243e-05
-0.0001447947644
0.03741895042
-0.000212531713
-0.0003464117311
0.03771627072
-0.0004021198119
-0.0009228979116
0.03790501218
-0.0003395084851
-0.0002254243078
-0.0001848334748
-0.0002661030934
-0.0002326013762
0.0380070318
-0.0001990864587
-0.000166060765
-0.0001157300392
-0.0001902606061
-0.0001248072799
0.03800370945
-3.526034254e-05
-7.217105832e-05
-4.383001001e-05
-4.806855695e-05
-1.015673135e-05
0.03801122996
9.613482653e-05
-1.083872619e-05
1.926836987e-05
4.352754479e-05
8.366303105e-05
0.03788392021
0.0002772472512
6.391971176e-05
0.0001173816055
0.0001541475043
0.0002312673494
0.03763660156
0.0004083791111
0.0001424798618
0.0001548905114
0.0002598316306
0.0003229232312
0.03741828108
0.0004096090793
0.0007945653644
0.03744313329
0.0001829950978
0.0003128557268
0.03746082639
0.0001123914749
0.0001177388134
0.03747960176
6.565650049e-05
6.499887448e-05
0.0374973175
4.256742523e-05
4.308459448e-05
0.03750688994
3.068575883e-05
3.2341707e-05
0.03751205242
2.391826936e-05
2.819894042e-05
0.03751548637
1.952566741e-05
2.603015807e-05
0.03751779136
1.683984708e-05
2.442298661e-05
0.03751918032
1.493533684e-05
2.328700381e-05
0.03752000736
1.350258616e-05
2.233509411e-05
0.03752051232
1.254495533e-05
2.140878197e-05
0.03752084769
1.182019458e-05
2.053892008e-05
0.03752104781
1.138477215e-05
1.972373125e-05
0.03752118317
1.098841624e-05
1.896219797e-05
0.03752112497
1.092369436e-05
1.82608887e-05
1.099338299e-05
1.760142347e-05
0.03749875286
1.036303604e-08
-6.091328587e-07
0.03749491145
3.139327325e-08
-2.029539084e-06
0.03748717735
5.691063684e-08
-4.948833979e-06
0.03747267281
8.971817859e-08
-1.180021955e-05
0.03744470096
1.571502102e-07
-2.846402107e-05
0.03739075065
3.114615797e-07
-7.465502978e-05
0.03728680123
1.132691818e-06
-0.0002058480313
0.03728577258
3.421215172e-06
-0.0001330480467
-0.0002140809184
-0.0001625952367
-0.0002520289266
0.03780590243
1.038753712e-05
-0.0004110646882
-0.0004692473211
-0.0005911687752
-0.0007220372094
0.03800777619
3.354057569e-06
-0.0004200312271
-0.0003300029828
-0.0005693947821
-0.0003992013514
0.03802218093
1.839110001e-06
-0.0002523369861
-0.000179372407
-0.0002783885605
-0.0001852031589
0.0379945009
4.406371623e-06
-7.400354513e-05
-4.413333097e-05
-6.52242052e-05
-3.308649939e-05
0.03804933387
7.102924001e-06
3.509083149e-05
7.442688676e-05
6.802446316e-05
0.0001045242391
0.03802952861
6.193826682e-06
0.0001820652768
0.0002773580187
0.0002349862232
0.0003336752129
0.03770962205
9.978851064e-06
0.0003655700276
0.0004459268261
0.0004656247791
0.0006129117903
0.03728796609
2.301109684e-05
0.0004518829862
0.0003421344064
0.0006439221489
0.0005774607464
0.03736286726
3.772785543e-05
0.0001134708941
0.0001006029254
0.0002062185506
7.093425809e-05
0.03737249768
4.230335491e-05
0.0002064386948
0.03742264542
4.593039784e-05
4.134251005e-06
0.0374589664
4.374635524e-05
-7.45392509e-05
0.03747863728
4.311470587e-05
-9.939917075e-05
0.03749014209
4.370658989e-05
-0.0001082674098
0.03749710911
4.474024697e-05
-0.0001124951571
0.03750136413
4.595849029e-05
-0.0001142947196
0.03750419249
4.662940224e-05
-0.0001148087613
0.03750608055
4.723454567e-05
-0.0001146576442
0.03750740462
4.793991818e-05
-0.0001143894652
0.03750832234
4.854018009e-05
-0.0001138723166
0.03750903024
4.917951322e-05
-0.0001134331184
0.03750945702
4.967726077e-05
-0.000112704102
0.03751022536
5.016166728e-05
-0.000112432697
5.026749087e-05
-0.0001122743055
0.03749875382
1.075534023e-06
-6.105459253e-07
0.03749491523
3.284644317e-06
-2.034013445e-06
0.03748718899
6.398378246e-06
-4.958739794e-06
0.0374726983
1.156017474e-05
-1.182241862e-05
0.03744480686
2.143169589e-05
-2.850627024e-05
0.03739115937
4.282821769e-05
-7.475539685e-05
0.0372892067
9.481363732e-05
-0.0002053651902
0.03729177925
0.0002123944655
-0.0001614596559
-0.0002507335893
-0.0001322118924
-0.0002104494946
0.03780278825
0.0004015241696
-0.0005780944325
-0.0007030935998
-0.0004038198118
-0.0004559841735
0.03800678182
0.0003465039754
-0.0005654912773
-0.000403875891
-0.0004140540912
-0.0003268136201
0.03801931499
0.0002064451969
-0.0002829330887
-0.0001907404815
-0.0002458199237
-0.0001718812067
0.03799389054
4.273737071e-05
-7.077220678e-05
-3.742301919e-05
-6.747938959e-05
-3.636103327e-05
0.03805180197
-9.012487402e-05
6.442943702e-05
0.0001013385036
4.332628599e-05
8.294371772e-05
0.03803402054
-0.0002736352126
0.0002319511428
0.0003313795947
0.0001896221825
0.000286459129
0.03772298359
-0.0004045510689
0.000463898807
0.0006101989509
0.000374503724
0.000454815598
0.03730233341
-0.0004125809016
0.0006602405098
0.0006063763277
0.0004644345781
0.0003606637792
0.0373812267
-0.0001778861941
0.0002609082458
0.000170001275
0.0001118334849
7.625226714e-05
0.03738499084
-0.0001203489371
0.000390301946
0.03743248464
-6.804376835e-05
0.0002192213673
0.0374659423
-3.984549217e-05
0.0001585229522
0.03748403839
-2.5611592e-05
0.000139498015
0.03749443033
-1.598932475e-05
0.0001313227415
0.03750062211
-9.254049247e-06
0.0001261665616
0.03750477128
-4.494465046e-06
0.0001225525562
0.03750743804
-1.320450085e-06
0.0001202046655
0.03750914513
1.114302986e-06
0.000118361374
0.03751030759
3.008588866e-06
0.0001168449515
0.0375111072
4.513888471e-06
0.0001155062556
0.03751167023
5.726953152e-06
0.0001143949584
0.03751207647
6.719567816e-06
0.0001133157034
0.03751238664
7.544496867e-06
0.0001125724214
8.261859736e-06
0.0001113022329
0.03749894141
1.967393215e-06
-5.619454113e-07
0.03749571073
5.978852802e-06
-1.857867324e-06
0.03748935708
1.148578164e-05
-4.462510559e-06
0.03747805602
2.01887945e-05
-1.036132959e-05
0.03745828053
3.547955559e-05
-2.416366528e-05
0.03742814958
6.374495354e-05
-5.847419208e-05
0.0373930353
0.0001189035298
-0.0001447448044
0.03742192998
0.0002107934968
-0.0003459107228
0.03771402975
0.000374141524
-0.0009042597238
0.03790457186
0.0003909276015
-0.000262061518
-0.0002304299017
-0.0002194130283
-0.0001797400718
0.03800640818
0.0002608945699
-0.0001859954449
-0.0001194288327
-0.0001603451479
-0.0001101864863
0.03800363858
7.532818342e-05
-4.267909504e-05
-5.075291116e-06
-6.711305646e-05
-3.904003471e-05
0.03801208937
-9.387875869e-05
4.763185905e-05
8.740409686e-05
-6.192780071e-06
2.38138274e-05
0.0378876135
-0.0002766252482
0.0001550391918
0.0002339283452
6.890813123e-05
0.0001214935038
0.03764324203
-0.0003970081861
0.0002619514191
0.0003257103461
0.0001477723048
0.0001607812182
0.0374228302
-0.0003906266049
0.0008203695003
0.03744395013
-0.0002427038725
0.0003577834474
0.03745572507
-0.0001486978852
0.000174636981
0.03747524963
-0.0001061328903
0.0001101725858
0.03749372367
-7.870458378e-05
7.77344826e-05
0.03750429196
-6.186452296e-05
6.34825217e-05
0.03751045874
-5.238875605e-05
5.984293212e-05
0.0375143455
-4.697437086e-05
5.976047716e-05
0.03751691363
-4.369269068e-05
6.08932554e-05
0.03751849622
-4.164068291e-05
6.235336625e-05
0.03751947701
-4.023073253e-05
6.388527557e-05
0.03752006279
-3.929235242e-05
6.533355743e-05
0.03752040884
-3.86335041e-05
6.664698364e-05
0.0375206164
-3.81998222e-05
6.782163588e-05
0.03752078367
-3.786055684e-05
6.885241713e-05
0.03752080283
-3.76499788e-05
6.975637178e-05
-3.745628357e-05
7.087497689e-05
0.03749926635
2.559277024e-06
-4.78381714e-07
0.03749704268
7.745977419e-06
-1.558045735e-06
0.0374929059
1.458860278e-05
-3.654014223e-06
0.03748617759
2.473816057e-05
-8.057064971e-06
0.03747642601
4.095192417e-05
-1.777358986e-05
0.03746527346
6.727063028e-05
-3.846977877e-05
0.03746198109
0.0001111374924
-8.342329638e-05
0.03749357714
0.000174462596
-0.0001703823611
0.03763503771
0.0002613508616
-0.0003291345467
0.03777615896
0.0002781426223
-0.0003500742688
0.03785976161
0.0001928085903
-0.0002414421592
0.03787229924
5.88778469e-05
-7.440843289e-05
0.03785794646
-7.280165789e-05
5.715273282e-05
0.03776525516
-0.0001998783775
0.0002216805758
0.03762429053
-0.0002792614309
0.0003190367176
0.03750494427
-0.0002807100158
0.0003025295454
0.03748695217
-0.0001892887256
0.0001374340965
0.03748787781
-0.0001086018073
4.089671903e-05
0.03749202633
-7.312752588e-05
9.950966409e-06
0.03749870588
-5.343455277e-05
-1.767686663e-06
0.03750465542
-3.926310161e-05
-1.046272869e-05
0.03750862025
-3.025965243e-05
-1.46894842e-05
0.03751135642
-2.522348119e-05
-1.678187104e-05
0.03751333299
-2.198822349e-05
-1.81848755e-05
0.03751466609
-1.995147018e-05
-1.938412356e-05
0.03751556887
-1.859521306e-05
-2.03641071e-05
0.03751619166
-1.772812832e-05
-2.118033714e-05
0.03751664141
-1.712099386e-05
-2.189208509e-05
0.03751698253
-1.676089412e-05
-2.254323637e-05
0.03751722846
-1.650667412e-05
-2.314174761e-05
0.03751747332
-1.637141422e-05
-2.36983848e-05
-1.631110711e-05
-2.414618742e-05
0.0374996324
2.814097933e-06
-3.79151699e-07
0.03749852986
8.491183323e-06
-1.220092077e-06
0.03749665577
1.567242417e-05
-2.755001575e-06
0.03749408451
2.570359304e-05
-5.785508176e-06
0.03749152919
4.043346034e-05
-1.18997926e-05
0.03749124045
6.206646068e-05
-2.359785141e-05
0.03750026724
9.360103002e-05
-4.623601052e-05
0.03753100045
0.0001335050633
-8.308908085e-05
0.03760942079
0.0001777895967
-0.0001392063488
0.03769745358
0.0001863218753
-0.0001550239617
0.03775338787
0.0001354263642
-0.0001173640361
0.03776778371
4.870847152e-05
-5.447864451e-05
0.03775221249
-4.060577592e-05
1.099915898e-06
0.03769445287
-0.0001217382134
6.177962084e-05
0.0376136959
-0.000171907239
9.426661304e-05
0.03753809539
-0.0001792101942
9.774022145e-05
0.03750998717
-0.0001359837006
5.34437294e-05
0.03750505969
-8.642230789e-05
1.696981663e-05
0.03750402955
-5.971307937e-05
2.390515146e-06
0.03750538923
-4.406042906e-05
-5.258361191e-06
0.03750802982
-3.160389463e-05
-1.11242616e-05
0.0375100354
-2.263718448e-05
-1.437902232e-05
0.03751148995
-1.7045498e-05
-1.549623224e-05
0.03751254409
-1.337939878e-05
-1.578918776e-05
0.03751330158
-1.096155158e-05
-1.564832969e-05
0.0375138233
-9.29743285e-06
-1.531939413e-05
0.03751417542
-8.222935093e-06
-1.482644121e-05
0.03751439179
-7.508575238e-06
-1.433210953e-05
0.03751454875
-7.031806326e-06
-1.382375432e-05
0.03751469552
-6.732697957e-06
-1.335619181e-05
0.0375146875
-6.56022694e-06
-1.289157599e-05
-6.46055668e-06
-1.222879797e-05
0.03749997021
2.760467019e-06
-2.824543589e-07
0.03749987859
8.318503848e-06
-9.023621555e-07
0.03749989793
1.508445726e-05
-1.966320061e-06
0.03750042981
2.405460523e-05
-3.941995456e-06
0.03750245429
3.633603859e-05
-7.625587728e-06
0.03750798789
5.292782737e-05
-1.414821185e-05
0.03752134513
7.455293917e-05
-2.535804642e-05
0.03754811663
9.903839646e-05
-4.177282045e-05
0.03759667143
0.0001213589301
-6.310006781e-05
0.03765219988
0.0001234893879
-7.122291659e-05
0.03769057058
9.167794324e-05
-5.549788269e-05
0.03770291781
3.489492735e-05
-2.494481956e-05
0.03769177281
-2.57462932e-05
6.709676608e-06
0.03765585724
-7.955438572e-05
3.805153653e-05
0.03760554676
-0.0001147005066
5.9960205e-05
0.0375557783
-0.0001233183395
6.55147071e-05
0.03752842205
-0.0001024958335
4.689165732e-05
0.03751846621
-7.123224548e-05
2.395703329e-05
0.03751353296
-5.012389565e-05
1.158865225e-05
0.03751097978
-3.715967904e-05
5.72122928e-06
0.03751025609
-2.682749293e-05
1.729025498e-06
0.03751016983
-1.891152263e-05
-7.603784317e-07
0.03751022668
-1.368114732e-05
-2.170663237e-06
0.03751032461
-1.026240617e-05
-2.950302179e-06
0.03751045541
-7.975631403e-06
-3.556845907e-06
0.03751055838
-6.418009812e-06
-4.02071615e-06
0.03751064705
-5.408384449e-06
-4.431771349e-06
0.03751070208
-4.773178608e-06
-4.794165267e-06
0.03751075793
-4.394033694e-06
-5.09864394e-06
0.03751079551
-4.173309228e-06
-5.407113267e-06
0.03751083257
-4.092144826e-06
-5.635723737e-06
-4.177026602e-06
-5.927152946e-06
0.0375002375
2.463467659e-06
-2.051016616e-07
0.03750095925
7.409630264e-06
-6.416457206e-07
0.03750240284
1.324934934e-05
-1.351887898e-06
0.03750505063
2.066257517e-05
-2.599584138e-06
0.03750980027
3.025237778e-05
-4.77614306e-06
0.03751812434
4.235406518e-05
-8.368404762e-06
0.03753241079
5.677167221e-05
-1.399138742e-05
0.03755507279
7.153757343e-05
-2.153795681e-05
0.03758813512
8.266180927e-05
-3.00538371e-05
0.03762454979
8.153938704e-05
-3.357357813e-05
0.03765099518
6.114293943e-05
-2.722361837e-05
0.03766044613
2.443791772e-05
-1.382433328e-05
0.03765252999
-1.55534677e-05
9.903309786e-07
0.03762882631
-5.101730561e-05
1.442081173e-05
0.03759524475
-7.472823164e-05
2.278958074e-05
0.03756121466
-8.229627742e-05
2.315104394e-05
0.03753787175
-7.29629588e-05
1.527996266e-05
0.03752587601
-5.471969481e-05
5.204831349e-06
0.03751888345
-4.012141429e-05
-2.659981647e-07
0.03751422129
-3.043432217e-05
-2.54387654e-06
0.03751148899
-2.261237403e-05
-4.109722864e-06
0.03750996538
-1.626282621e-05
-5.235046998e-06
0.0375090385
-1.182709202e-05
-5.855728696e-06
0.03750846058
-8.778015587e-06
-6.060615349e-06
0.03750811735
-6.694344523e-06
-6.124915261e-06
0.03750789033
-5.193133516e-06
-6.089176632e-06
0.03750776301
-4.201268428e-06
-6.027843427e-06
0.03750767203
-3.491430149e-06
-5.903119296e-06
0.03750761711
-3.089506516e-06
-5.766828259e-06
0.03750758224
-2.797917225e-06
-5.576929748e-06
0.03750752629
-2.664089463e-06
-5.41976124e-06
-2.62915553e-06
-5.152952294e-06
0.03750043735
1.984583163e-06
-1.440298896e-07
0.03750175325
5.965088703e-06
-4.466419574e-07
0.03750418723
1.055281088e-05
-9.132928372e-07
0.03750818352
1.618276482e-05
-1.690132508e-06
0.03751444344
2.315473117e-05
-2.966318392e-06
0.03752393365
3.149713219e-05
-4.948486878e-06
0.03753787101
4.076262635e-05
-7.82022673e-06
0.03755710337
4.946085703e-05
-1.140555977e-05
0.03758145551
5.491787072e-05
-1.503336586e-05
0.03760679848
5.282606345e-05
-1.656687669e-05
0.03762575393
3.961287311e-05
-1.382004807e-05
0.03763321995
1.607993284e-05
-7.442583563e-06
0.03762796999
-9.49504006e-06
1.305788959e-07
0.0376118177
-3.246773042e-05
6.903607205e-06
0.03758855024
-4.818388402e-05
1.144504908e-05
0.03756387621
-5.419500264e-05
1.270568287e-05
0.037543981
-5.020269605e-05
1.043515044e-05
0.03753122735
-3.987406812e-05
6.126313333e-06
0.03752282331
-3.017978684e-05
2.953760327e-06
0.03751676611
-2.308959401e-05
1.200534523e-06
0.03751262797
-1.732021794e-05
-8.181101214e-08
0.03750993031
-1.250294501e-05
-1.064952914e-06
0.03750814683
-9.018580806e-06
-1.667718194e-06
0.03750692312
-6.548632823e-06
-2.010767954e-06
0.03750609159
-4.859817815e-06
-2.237316135e-06
0.03750551772
-3.590996566e-06
-2.431525647e-06
0.03750514004
-2.784831065e-06
-2.58253665e-06
0.03750486102
-2.154226407e-06
-2.724091602e-06
0.03750465168
-1.831113071e-06
-2.834430026e-06
0.03750449938
-1.584323593e-06
-2.975844817e-06
0.0375043811
-1.476856412e-06
-3.078040499e-06
-1.4387524e-06
-3.214193801e-06
0.03750057191
1.383852167e-06
-1.017122071e-07
0.03750229104
4.157528538e-06
-3.130407154e-07
0.03750536687
7.30076224e-06
-6.223503266e-07
0.03751016938
1.106566142e-05
-1.110838448e-06
0.03751721049
1.558644253e-05
-1.870695366e-06
0.03752708431
2.079164029e-05
-2.987517641e-06
0.03754032958
2.629218906e-05
-4.504147101e-06
0.03755703717
3.110815315e-05
-6.284430853e-06
0.03757627932
3.371015986e-05
-7.936336315e-06
0.03759524334
3.188275852e-05
-8.603533708e-06
0.03760958825
2.37398705e-05
-7.298766328e-06
0.03761554511
9.493463596e-06
-4.124171823e-06
0.03761188585
-5.451742198e-06
-3.86133094e-07
0.03759997446
-1.923953588e-05
2.960360512e-06
0.0375825158
-2.881939062e-05
5.112333577e-06
0.03756323099
-3.281560585e-05
5.597335191e-06
0.03754613151
-3.119909877e-05
4.274980544e-06
0.0375335481
-2.580447024e-05
1.871093855e-06
0.03752451926
-2.006413929e-05
-8.228958053e-08
0.03751775871
-1.553936225e-05
-1.186073492e-06
0.03751284114
-1.182319831e-05
-1.914620727e-06
0.0375094262
-8.680593847e-06
-2.435942745e-06
0.03750706504
-6.340665464e-06
-2.75518274e-06
0.03750541786
-4.651132043e-06
-2.900663444e-06
0.03750426014
-3.451976715e-06
-2.992411551e-06
0.03750345629
-2.562457144e-06
-3.033531248e-06
0.03750289501
-1.990639239e-06
-3.052022037e-06
0.03750251195
-1.55308264e-06
-3.022468917e-06
0.03750223291
-1.303541683e-06
-3.000816032e-06
0.03750203139
-1.12049113e-06
-2.951550323e-06
0.03750187477
-1.034300968e-06
-2.915178949e-06
-1.000405162e-06
-2.838609766e-06
0.03750065373
7.092100362e-07
-7.553672264e-08
0.0375026174
2.130126818e-06
-2.30888057e-07
0.03750606953
3.724399581e-06
-4.479783756e-07
0.03751131335
5.606310988e-06
-7.744099563e-07
0.0375187248
7.824999045e-06
-1.257630484e-06
0.03752866164
1.031991973e-05
-1.932622521e-06
0.03754130509
1.288439933e-05
-2.799687908e-06
0.03755639174
1.501865906e-05
-3.761127777e-06
0.03757280115
1.61218442e-05
-4.597513798e-06
0.03758848415
1.500939007e-05
-4.909605758e-06
0.03760000087
1.129464158e-05
-4.220134646e-06
0.03760478671
4.310578295e-06
-2.550122523e-06
0.03760210603
-2.594763555e-06
-6.238845965e-07
0.03759263346
-9.035694831e-06
1.215554458e-06
0.0375784459
-1.352610859e-05
2.42297837e-06
0.03756238175
-1.551169916e-05
2.757550796e-06
0.03754732477
-1.49918239e-05
2.211801076e-06
0.03753513597
-1.269509259e-05
1.125961854e-06
0.03752580164
-1.003354736e-05
1.464477797e-07
0.03751862347
-7.811627861e-06
-4.855819594e-07
0.03751322243
-5.965948074e-06
-9.289746099e-07
0.03750933179
-4.393592504e-06
-1.278467588e-06
0.03750655806
-3.208438185e-06
-1.504821484e-06
0.03750460314
-2.346801225e-06
-1.646489224e-06
0.03750320851
-1.71067745e-06
-1.732261462e-06
0.03750222423
-1.23460386e-06
-1.798840609e-06
0.03750151888
-9.373004661e-07
-1.841059093e-06
0.0375010281
-7.093341336e-07
-1.87923605e-06
0.03750065832
-5.730257093e-07
-1.906081453e-06
0.03750039109
-4.813781957e-07
-1.946072406e-06
0.03750016677
-4.353756189e-07
-1.968500423e-06
-4.076558609e-07
-2.009900026e-06
0.03750069205
-6.312271435e-08
0.03750277011
-1.921120001e-07
0.0375063945
-3.669654541e-07
0.03751183064
-6.211656305e-07
0.03751938532
-9.844800241e-07
0.0375293014
-1.47468016e-06
0.03754162117
-2.079796579e-06
0.03755591389
-2.724311472e-06
0.03757119167
-3.258008389e-06
0.03758536396
-3.424079642e-06
0.03759597247
-3.055828873e-06
0.03760007415
-1.62333527e-06
0.03759759554
-6.132439129e-07
0.03758906543
5.826421006e-07
0.037576326
1.388435616e-06
0.03756171749
1.602447976e-06
0.03754758953
1.240872335e-06
0.03753562038
4.999945393e-07
0.03752615843
-2.488734913e-07
0.03751879905
-8.086361554e-07
0.03751319619
-1.206913284e-06
0.03750909834
-1.5047441e-06
0.03750613735
-1.698463386e-06
0.03750402363
-1.840191943e-06
0.03750250902
-1.91397097e-06
0.03750145696
-1.948375568e-06
0.0375007011
-1.961258298e-06
0.03750017506
-1.969118673e-06
0.0374997857
-1.970777546e-06
0.03749949769
-1.972988421e-06
0.03749926194
-1.973467806e-06
-1.967002736e-06
0.03750068564
-7.123627578e-07
-2.91031876e-08
0.03750274536
-2.140942492e-06
-8.87228657e-08
0.03750633923
-3.749758746e-06
-1.715587378e-07
0.03751173359
-5.659615934e-06
-2.94676133e-07
0.03751923933
-7.927848689e-06
-4.733840941e-07
0.03752910916
-1.050332767e-05
-7.170317939e-07
0.03754140341
-1.318690593e-05
-1.019515396e-06
0.03755571341
-1.547316498e-05
-1.341567244e-06
0.03757107267
-1.673553637e-05
-1.603751462e-06
0.03758537837
-1.571528572e-05
-1.667908446e-06
0.03759610762
-1.193137044e-05
-1.443621e-06
0.03760029199
-4.666288267e-06
-6.302298619e-07
0.03759776038
2.546923489e-06
-6.070904018e-08
0.03758911171
9.262551238e-06
6.199074131e-07
0.03757622672
1.393028395e-05
1.091970768e-06
0.03756148026
1.595871117e-05
1.246870372e-06
0.03754727929
1.532381936e-05
1.08967812e-06
0.03753533645
1.280373121e-05
7.253007648e-07
0.03752596179
9.957438624e-06
3.50670157e-07
0.03751868016
7.66033085e-06
6.536656914e-08
0.03751313953
5.777211484e-06
-1.43283029e-07
0.03750909559
4.174065722e-06
-3.004251996e-07
0.03750616632
2.98928418e-06
-3.985367104e-07
0.03750410079
2.083716262e-06
-4.790760873e-07
0.03750261042
1.473998461e-06
-5.160693224e-07
0.03750157295
1.019823403e-06
-5.392498908e-07
0.03750083046
7.170392159e-07
-5.453885815e-07
0.03750031359
5.068405654e-07
-5.632909277e-07
0.03749992714
3.819411573e-07
-5.709955319e-07
0.03749964873
2.794740228e-07
-5.778685617e-07
0.0374994194
2.355406382e-07
-5.83371685e-07
2.172884498e-07
-5.881431893e-07
0.03750064584
-1.390612682e-06
-3.569445941e-08
0.03750258665
-4.18069202e-06
-1.093274511e-07
0.03750599985
-7.355828365e-06
-2.14595709e-07
0.03751118849
-1.118331021e-05
-3.761189722e-07
0.03751853265
-1.581818698e-05
-6.187244228e-07
0.03752840222
-2.121371397e-05
-9.611653433e-07
0.03754100538
-2.700680913e-05
-1.40475396e-06
0.03755611649
-3.221094973e-05
-1.89915935e-06
0.03757265469
-3.524077771e-05
-2.329828102e-06
0.03758855373
-3.367250921e-05
-2.479791551e-06
0.0376002652
-2.533978705e-05
-2.074866949e-06
0.03760515701
-1.043463349e-05
-1.143346314e-06
0.03760241273
5.334515914e-06
-5.825795496e-08
0.03759277712
1.983217354e-05
9.845461538e-07
0.03757836698
2.988638761e-05
1.687808046e-06
0.03756209358
3.39988348e-05
1.922067833e-06
0.03754693169
3.20802625e-05
1.679408473e-06
0.03753479604
2.611239637e-05
1.148701961e-06
0.03752557967
1.995024124e-05
6.731568983e-07
0.03751849204
1.528063188e-05
3.604675684e-07
0.03751315916
1.148043165e-05
1.298017015e-07
0.03750932856
8.25526754e-06
-5.7916402e-08
0.03750661208
5.884690973e-06
-1.841094807e-07
0.03750468792
4.146996689e-06
-2.732012199e-07
0.03750329763
2.97963401e-06
-3.350958202e-07
0.03750232736
2.095875355e-06
-3.834704223e-07
0.03750162893
1.506477748e-06
-4.059763185e-07
0.03750114234
1.081659252e-06
-4.248373784e-07
0.03750077958
8.291520056e-07
-4.334137118e-07
0.03750051714
6.258269824e-07
-4.386369658e-07
0.03750030187
5.255737072e-07
-4.325567664e-07
4.606601007e-07
-4.240833322e-07
0.03750056073
-1.99574931e-06
-4.963996365e-08
0.03750224672
-6.003206364e-06
-1.531325567e-07
0.03750526414
-1.064572324e-05
-3.075718763e-07
0.03750997916
-1.638657747e-05
-5.556022517e-07
0.03751690633
-2.356973714e-05
-9.46389106e-07
0.03752665576
-3.228045467e-05
-1.526640489e-06
0.03753981707
-4.214945666e-05
-2.323220372e-06
0.03755655486
-5.169542516e-05
-3.270048181e-06
0.03757608781
-5.819470028e-05
-4.170081912e-06
0.03759552512
-5.674855357e-05
-4.535937096e-06
0.03761022427
-4.303409752e-05
-3.7873389e-06
0.03761636609
-1.808701875e-05
-2.004291469e-06
0.0376125778
9.329638572e-06
1.091285127e-07
0.03760036361
3.385657856e-05
1.961104732e-06
0.03758245352
5.066071383e-05
3.184318446e-06
0.03756273361
5.690963918e-05
3.485843527e-06
0.03754542012
5.216256131e-05
2.754446421e-06
0.03753297836
4.041221379e-05
1.426522425e-06
0.0375241753
2.98417316e-05
3.816215402e-07
0.037517558
2.257046416e-05
-2.38221923e-07
0.03751274748
1.668063368e-05
-6.222270179e-07
0.03750941917
1.176090931e-05
-8.884311223e-07
0.03750712829
8.21317868e-06
-1.02937976e-06
0.03750551301
5.752647654e-06
-1.092319122e-06
0.03750439289
4.083736546e-06
-1.144280297e-06
0.0375036142
2.859157331e-06
-1.181024201e-06
0.03750308116
2.051043132e-06
-1.210623461e-06
0.03750270765
1.487306214e-06
-1.233972057e-06
0.03750244529
1.157647117e-06
-1.261655576e-06
0.03750225904
9.271152836e-07
-1.305697334e-06
0.03750208823
8.325442459e-07
-1.33602085e-06
8.378153621e-07
-1.374658713e-06
0.03750042046
-2.480028287e-06
-7.230885845e-08
0.0375016847
-7.465102339e-06
-2.247415745e-07
0.03750402373
-1.339001848e-05
-4.635556902e-07
0.03750786885
-2.098344841e-05
-8.664917862e-07
0.03751391567
-3.093661237e-05
-1.536175405e-06
0.03752314745
-4.371102056e-05
-2.586930658e-06
0.03753687669
-5.933366148e-05
-4.132934626e-06
0.03755612154
-7.592605564e-05
-6.102705116e-06
0.03758113238
-8.963540828e-05
-8.194436967e-06
0.03760759663
-9.012436055e-05
-9.142052161e-06
0.03762731059
-6.839424264e-05
-7.549574049e-06
0.03763507715
-2.85289387e-05
-4.031741222e-06
0.03762962065
1.52957641e-05
4.616709725e-07
0.03761286268
5.422344529e-05
4.271892111e-06
0.03758864914
8.042940182e-05
7.013978787e-06
0.03756312396
8.847656587e-05
7.979220052e-06
0.03754282511
7.742642534e-05
7.006569371e-06
0.03753030462
5.604691643e-05
4.780252736e-06
0.03752225981
3.967198277e-05
3.083782703e-06
0.03751641728
2.96485364e-05
2.021163006e-06
0.03751244707
2.15194227e-05
1.19580818e-06
0.03750986367
1.49609194e-05
5.413642273e-07
0.03750814372
1.0392372e-05
1.232912241e-07
0.03750694761
7.334059138e-06
-1.227139377e-07
0.03750612966
5.223992463e-06
-2.536727884e-07
0.03750556163
3.724439831e-06
-3.382988911e-07
0.03750517695
2.693602703e-06
-3.560047792e-07
0.03750489741
2.030837074e-06
-3.654712525e-07
0.03750470612
1.585035132e-06
-3.350857795e-07
0.03750457263
1.321886012e-06
-3.149460479e-07
0.03750448533
1.184745257e-06
-2.724985319e-07
1.071809962e-06
-2.003897885e-07
0.03750020882
-2.780667799e-06
-1.052429723e-07
0.03750085071
-8.393827321e-06
-3.300198209e-07
0.03750213657
-1.528092552e-05
-7.005149073e-07
0.03750451369
-2.452454432e-05
-1.358568392e-06
0.03750884699
-3.740295929e-05
-2.520808344e-06
0.03751659907
-5.51850625e-05
-4.458331141e-06
0.03753032353
-7.920820657e-05
-7.56459369e-06
0.03755283625
-0.0001076932314
-1.190436633e-05
0.03758756173
-0.0001367628919
-1.718574651e-05
0.03762658802
-0.0001428093994
-1.931327176e-05
0.0376546218
-0.0001074388487
-1.544091336e-05
0.03766452884
-4.314337976e-05
-8.220928351e-06
0.03765636204
2.556441288e-05
-1.116075065e-07
0.03763092701
8.802211772e-05
7.215771755e-06
0.03759493004
0.0001284638827
1.206659823e-05
0.03755923983
0.0001376339766
1.122979635e-05
0.03753570829
0.0001115036387
6.639169222e-06
0.03752455316
7.355868311e-05
1.007408236e-06
0.03751809409
4.997127905e-05
-1.717423673e-06
0.0375137823
3.663482466e-05
-2.716096858e-06
0.03751135753
2.578781232e-05
-3.323312576e-06
0.03751005734
1.75468179e-05
-3.737393342e-06
0.03750927795
1.22495545e-05
-4.018753161e-06
0.03750877829
8.92110756e-06
-4.196006815e-06
0.03750846707
6.743125346e-06
-4.371289506e-06
0.03750828408
5.224627895e-06
-4.531509268e-06
0.03750815622
4.226237041e-06
-4.66350736e-06
0.03750807041
3.644914241e-06
-4.809990235e-06
0.03750800156
3.282167515e-06
-4.960312996e-06
0.03750796072
3.104644247e-06
-5.153416769e-06
0.03750784522
3.108694445e-06
-5.301155927e-06
3.219895068e-06
-5.420597012e-06
0.03749993195
-2.840023936e-06
-1.471354192e-07
0.03749971025
-8.578120322e-06
-4.718533586e-07
0.03749946585
-1.591946427e-05
-1.036456807e-06
0.03749951278
-2.633867527e-05
-2.093800082e-06
0.03750070937
-4.199079482e-05
-4.09921988e-06
0.03750494349
-6.566650701e-05
-7.681655055e-06
0.03751668393
-0.0001019258349
-1.405124972e-05
0.03754248484
-0.0001508285742
-2.400795968e-05
0.03759544767
-0.0002135507216
-3.88795573e-05
0.03765749015
-0.0002312620386
-4.421488716e-05
0.03769971491
-0.0001714970515
-3.274924132e-05
0.03771259233
-6.655310395e-05
-1.337044955e-05
0.03770155714
3.887485774e-05
5.576031815e-06
0.03766181257
0.0001424815364
2.465315731e-05
0.03760552996
0.0002032578964
4.282938039e-05
0.03755047682
0.0002125179147
4.725960095e-05
0.03752315506
0.0001538161523
3.404274386e-05
0.03751552944
8.808484326e-05
1.919905327e-05
0.03751172918
5.749068149e-05
1.086060822e-05
0.037509735
4.187356314e-05
6.169400524e-06
0.03750958158
2.842935943e-05
3.055884641e-06
0.03750970607
1.932576016e-05
1.099304318e-06
0.03750993593
1.329732955e-05
4.302848381e-07
0.03751007266
9.959565451e-06
5.95544675e-08
0.03751024641
7.725561606e-06
-7.518212641e-08
0.03751041616
6.181619657e-06
-4.447981535e-08
0.03751054997
5.224571937e-06
3.901822186e-08
0.03751066334
4.672673891e-06
1.650856756e-07
0.0375107522
4.397565562e-06
3.03504494e-07
0.03751082613
4.296606863e-06
4.673782643e-07
0.03751095726
4.257329169e-06
6.591545759e-07
4.253274686e-06
9.137736897e-07
0.03749957166
-2.583239425e-06
-2.002316491e-07
0.03749827669
-7.833040282e-06
-6.474021433e-07
0.03749597923
-1.485716531e-05
-1.474883349e-06
0.03749255893
-2.549565865e-05
-3.126595028e-06
0.03748836598
-4.30158402e-05
-6.536955134e-06
0.0374850893
-7.261431605e-05
-1.312043876e-05
0.03748943639
-0.0001253730055
-2.675861139e-05
0.03751600157
-0.0002092715971
-5.083726302e-05
0.03760562279
-0.0003518061592
-9.084010352e-05
0.03770997751
-0.0003867741659
-0.0001036401511
0.03777756206
-0.000264575486
-9.116053147e-05
0.03779006352
-8.121256212e-05
-5.187825131e-05
0.03777605148
8.243199992e-05
-2.790151243e-05
0.03770609698
0.0002662644196
8.603819837e-06
0.03761231864
0.000371112246
2.111857738e-05
0.03752681348
0.0003589313678
3.736151705e-05
0.03750149602
0.0002245700297
1.08535099e-05
0.037500774
0.0001166867311
-1.076588617e-05
0.0375012461
7.576669723e-05
-1.582888824e-05
0.03750432507
5.404378066e-05
-1.875967173e-05
0.0375081969
3.793147668e-05
-2.167493017e-05
0.03751065496
2.953051791e-05
-2.364915582e-05
0.03751219513
2.468517754e-05
-2.491802056e-05
0.03751331199
2.229861259e-05
-2.590804611e-05
0.03751407886
2.076032842e-05
-2.669106802e-05
0.03751451452
1.98255581e-05
-2.734650578e-05
0.03751478612
1.928847541e-05
-2.794487438e-05
0.03751496103
1.897320829e-05
-2.850013263e-05
0.03751506657
1.881666084e-05
-2.895693933e-05
0.03751516214
1.876039928e-05
-2.942827859e-05
0.03751507445
1.884320326e-05
-2.975304137e-05
1.902623064e-05
-3.009070771e-05
0.03749918324
-1.982575414e-06
-2.56023989e-07
0.03749668913
-6.042588681e-06
-8.354252971e-07
0.03749191248
-1.169396562e-05
-2.001490462e-06
0.03748378184
-2.093702221e-05
-4.410495445e-06
0.03747080268
-3.752856866e-05
-1.013735421e-05
0.03745302951
-7.141474732e-05
-2.164135686e-05
0.03743453139
-0.0001385341549
-5.143406495e-05
0.03745780114
-0.0002809815245
-0.0001218704745
0.03765162547
-0.0006243722263
-0.0002537552191
0.03784684383
-0.0001603780068
-5.513027312e-05
-0.0001483310164
-0.0001767193463
-0.0001865467795
-4.33702072e-05
-8.084862593e-05
-8.254277082e-05
0.03798415018
-0.000128748376
-4.183328006e-05
-8.928063944e-05
-0.0001615293881
-0.0001104662496
-2.392624239e-05
-6.516412937e-05
-2.471521472e-05
0.03796667771
-4.953606647e-05
-1.303246262e-05
-2.438440443e-05
-4.908987601e-05
-2.794345259e-05
-8.844789309e-06
1.293769487e-05
1.812199168e-05
0.03798205686
5.903804762e-06
-6.176036633e-06
2.922028168e-05
3.253267249e-06
2.532702711e-05
1.915663163e-06
2.612473689e-05
3.47337185e-05
0.0378299872
6.94864815e-05
1.644551046e-05
0.0001030479542
8.124548033e-05
0.0001369255508
3.735308598e-05
7.547069176e-05
0.0001169558609
0.03762594751
0.0001237871839
4.09338219e-05
0.0001254480852
0.000159464676
0.0001552956939
3.708655101e-05
0.0001248453725
0.0001241118192
0.03747269236
0.0006060441965
0.0002040144457
0.03747193136
0.000281151571
8.289242316e-05
0.03748359137
0.0001473045531
8.891982649e-07
0.0374881217
0.0001145246575
-2.598096266e-05
0.03749771216
8.308332509e-05
-3.630989706e-05
0.03750498252
6.351613579e-05
-4.13173856e-05
0.03750994516
5.43825687e-05
-4.312974692e-05
0.03751344887
4.975515188e-05
-4.335947069e-05
0.03751586769
4.750812242e-05
-4.290097433e-05
0.03751745884
4.635465745e-05
-4.232173034e-05
0.03751852754
4.579326673e-05
-4.170596047e-05
0.03751927213
4.55939698e-05
-4.109505554e-05
0.03751979155
4.557251425e-05
-4.045208882e-05
0.03752013898
4.56483376e-05
-3.986502636e-05
0.03752047297
4.576506521e-05
-3.926922036e-05
0.03752064351
4.586858473e-05
-3.870469718e-05
4.594211978e-05
-3.784111409e-05
0.03749883797
-1.074408454e-06
-3.034156821e-07
0.03749526899
-3.297302452e-06
-1.021477923e-06
0.0374880688
-6.45965113e-06
-2.468925563e-06
0.03747478745
-1.199869032e-05
-5.964270223e-06
0.03744948558
-2.244857867e-05
-1.381719683e-05
0.03740426004
-4.93748325e-05
-3.515619572e-05
0.03732523766
-0.000115591335
-8.871519878e-05
0.0373236893
-6.098465952e-05
-4.621823736e-05
-9.267413061e-05
-7.066861408e-05
-0.0001079411323
-7.83612312e-05
-6.530326068e-05
-0.0001036936305
0.009442113615
-0.0001787598364
-0.0001594447035
-0.0002034565468
-0.0002308736203
-0.0003181858928
-0.0001912214601
-0.0002765811366
-0.0004626363519
0.009448794644
0.009438775489
0.009467894965
0.009472864719
-0.0001905597933
-0.0002259936253
0.009557227234
-0.0001474702563
-0.0001827823761
-0.00952178374
-0.009569251267
0.009557533447
-4.575465935e-05
-6.423464618e-05
-0.009550889906
0.009555017452
1.131192902e-05
-2.037439674e-05
-0.009564783165
0.009554618724
8.313801011e-05
6.043262084e-05
-0.009516501843
0.009472083055
0.0001540583505
0.0001566274832
0.03733782431
0.0001798171576
0.0001488103529
0.0001489841916
0.0003073752424
0.0002722854084
9.988871461e-05
0.0003609262675
0.0002773375723
-0.00943390027
-0.009432199999
-0.009415639179
-0.009450900177
0.03739560247
6.202514085e-05
2.858185486e-05
4.097309273e-05
0.0001539602733
8.540156792e-05
3.283077917e-05
0.0001070812169
2.53752655e-05
0.03743062238
0.0001578977496
7.212568917e-05
0.03746152427
7.311314605e-05
7.550850505e-05
0.0374878832
5.883890315e-05
4.09700863e-05
0.03749939354
5.888265022e-05
2.546485104e-05
0.03750539246
5.947683002e-05
1.710576209e-05
0.0375090518
6.030737503e-05
1.181858742e-05
0.0375112495
6.135162631e-05
8.381786795e-06
0.03751257228
6.213598874e-05
6.182909655e-06
0.03751347789
6.269768829e-05
4.525065387e-06
0.03751409953
6.315157316e-05
3.229541834e-06
0.03751453045
6.350611652e-05
2.174390098e-06
0.03751480388
6.379630022e-05
1.302344611e-06
0.03751502474
6.399091155e-05
5.154951249e-07
0.03751503678
6.419093498e-05
-7.349209405e-08
6.439561491e-05
-5.294668623e-07
0.03749864324
9.743997483e-09
-3.353764945e-07
0.03749441868
2.925408641e-08
-1.131533912e-06
0.03748578258
5.134633497e-08
-2.823739507e-06
0.03746897209
7.400880311e-08
-7.06242271e-06
0.03743544257
1.081798668e-07
-1.749125826e-05
0.03735815672
1.90650717e-07
-4.693466564e-05
0.009303698562
8.177001897e-07
-2.733573021e-05
0.009295787228
0.009296083304
0.009294965067
-4.196147053e-05
-3.676078436e-05
-4.857652094e-05
0.009277184994
-3.793284341e-05
-0.0001295862942
0.009321231492
-0.000147206442
-0.0004912814805
-0.009272568094
0.009539921369
-0.0001310163356
-0.0005583880839
-0.00945655362
0.0001860054491
-0.009564191496
0.009588662979
-8.226801831e-05
-0.0003393340941
0.0001447936532
0.009543883487
-2.652425609e-05
-4.944691605e-05
-0.009572314914
3.039905172e-05
-0.009528360154
0.0095407762
-5.283138192e-06
4.930329183e-05
-2.134536903e-05
-0.009567437795
0.00958382689
2.739396814e-05
0.0002274240203
-8.914181446e-05
-0.009563738483
0.009543228898
7.556272119e-05
0.0004785702251
-0.0001680533301
-0.009466055315
0.009326344988
0.0001204149277
0.0006509955503
-0.00927855174
0.009285035747
2.102536691e-05
0.0001479866744
0.03731364201
7.620110874e-05
0.0001399523381
-0.009312526907
-0.0093108163
-0.009301661257
-0.009264018278
9.506569994e-05
-9.87344133e-06
-6.16284707e-05
0.03743179401
8.585335081e-05
-0.0001267579876
0.03746302205
7.121225152e-05
-0.0001181406412
0.03747888114
5.983757534e-05
-0.0001162131748
0.03748697917
5.329747963e-05
-0.0001101860973
0.03749014041
4.853147152e-05
-0.0001038804911
0.03749084178
4.501190344e-05
-9.865635902e-05
0.03749032215
4.239199658e-05
-9.454512698e-05
0.0374891625
4.039414151e-05
-9.119443661e-05
0.03748763594
3.878967962e-05
-8.850100177e-05
0.03748595471
3.747314354e-05
-8.615811431e-05
0.03748412994
3.634037377e-05
-8.415241645e-05
0.0374823634
3.539383768e-05
-8.234048686e-05
0.03748020094
3.463643933e-05
-8.071573575e-05
3.3710663e-05
-7.91537597e-05
0.03749864404
1.09331746e-06
-3.370368515e-07
0.03749442161
3.35400248e-06
-1.136334457e-06
0.03748579082
6.560412223e-06
-2.837009932e-06
0.03746898217
1.214442108e-05
-7.084182773e-06
0.03743548597
2.267862054e-05
-1.75805169e-05
0.03735851623
4.957928957e-05
-4.717429285e-05
0.00929649481
0.0001159242412
-3.69393979e-05
0.009304590724
0.009295650646
0.009297028037
-4.894728296e-05
-2.759702188e-05
-4.223601274e-05
-7.038291577e-07
0.00925293622
3.861125464e-05
-0.0001558084918
-5.852113799e-06
0.009314613603
0.0001506282777
-0.0008091146821
-0.009228369517
-2.935843402e-06
0.009587204672
0.0001349627106
-0.0007989592664
-0.009485763553
-3.324516721e-06
-0.009584870216
0.009553518357
8.759324089e-05
-0.0003358499485
-2.566010794e-06
0.00947495164
3.148219775e-05
-6.442096698e-05
-0.009510219069
-3.781805829e-06
-0.009453999655
0.009471979038
1.1893457e-05
3.833839787e-05
-0.009501349978
-2.846009461e-07
0.009543385694
-2.297683457e-05
0.0002131768655
-9.508905342e-07
-0.009574031696
0.009594559408
-6.953276291e-05
0.0005138547493
-0.009507885896
-7.794999508e-06
0.00932170883
-0.0001135829477
0.0009677955322
-0.009244468093
-2.492308199e-05
0.009277309959
-2.181427889e-05
0.0002748037461
0.03735804236
-0.0001710575125
0.0002243702581
-0.00931756091
-0.009324196353
-0.009279663672
-0.009306590328
0.0001579827333
9.710170442e-05
2.80747864e-05
0.0374532039
-0.0001206049891
0.0003305181619
0.03748016948
-8.548819587e-05
0.0002882578241
0.03749231003
-7.255970466e-05
0.0002597547493
0.037499392
-6.757659232e-05
0.0002451148416
0.03750331026
-6.567756317e-05
0.000236457337
0.03750545067
-6.513947856e-05
0.0002305635417
0.03750675448
-6.517981522e-05
0.0002264726757
0.03750757672
-6.551949433e-05
0.000223452784
0.03750809864
-6.598521585e-05
0.0002210979322
0.03750845075
-6.645804435e-05
0.0002190853333
0.03750868599
-6.690634425e-05
0.0002174064391
0.03750889388
-6.732209441e-05
0.000215823759
0.03750889686
-6.762092996e-05
0.0002148268168
-6.786628327e-05
0.0002128608174
0.03749884031
1.999734136e-06
-3.079772551e-07
0.0374952781
6.094042339e-06
-1.035696107e-06
0.03748809657
1.178316775e-05
-2.50373502e-06
0.0374748499
2.106295485e-05
-6.033188895e-06
0.03744971693
3.769602121e-05
-1.404809936e-05
0.03740500015
7.148186928e-05
-3.565999412e-05
0.0373290048
0.0001384841298
-9.13093436e-05
0.03732825248
0.0002799634694
-6.575668234e-05
-6.088945276e-05
-9.166766559e-05
-7.013357328e-05
-0.0001066876177
-0.0001045380095
-4.728190951e-05
-7.816695404e-05
0.009446680126
0.0006136811264
-0.0002688736036
-0.0001773430145
-0.0002022780437
-0.000228983048
-0.0003126974155
-0.0004462906039
-0.0001555992603
-0.0001845195106
0.009440035379
0.009464263732
0.009435916885
-0.0001858926082
0.009488251977
0.0001882807923
-0.0003060215543
-0.0001443382747
0.009580867337
0.0001452196679
-0.0002380717534
-0.009529672417
-3.266742103e-05
-0.009578938707
0.009557636094
4.432317251e-05
-3.303223425e-05
1.720971349e-05
-0.009544606384
0.009555132043
-1.225338418e-05
3.214986652e-05
8.535087629e-05
-0.009573634846
0.009575194137
-8.482469464e-05
0.0001529537189
0.0001641946045
-0.009527634241
0.009481522552
-0.0001557740675
0.0002996425639
0.03735384263
-0.0006261070965
0.0003650836346
0.0001785452565
0.0001468848178
0.0003092369768
0.0002810402151
0.0002850733948
0.0001589729127
0.0001124894979
-0.00943494015
-0.009435611454
-0.009454906917
-0.009419234194
0.03739784162
-0.0002952449392
0.0001292466631
5.165750307e-05
3.640180353e-05
0.0001512643519
0.0001085244422
6.687045755e-05
3.003006923e-05
3.503411023e-05
0.03741272895
-0.000161364928
0.0001500570749
0.03744629623
-0.0001247916892
8.079199044e-05
0.03747354958
-9.864352775e-05
6.363646134e-05
0.03748825509
-8.39600601e-05
6.017736754e-05
0.03749754837
-7.75634876e-05
6.053655286e-05
0.03750337508
-7.384199227e-05
6.209819748e-05
0.03750703044
-7.15785634e-05
6.367698749e-05
0.03750940291
-7.022345332e-05
6.502454149e-05
0.03751101481
-6.935464245e-05
6.610853937e-05
0.03751213717
-6.87480517e-05
6.697403729e-05
0.03751293715
-6.829651825e-05
6.768548376e-05
0.03751354194
-6.79533494e-05
6.826385054e-05
0.03751395561
-6.767042633e-05
6.878708184e-05
0.03751450673
-6.747498042e-05
6.905930511e-05
-6.742945781e-05
6.929693834e-05
0.03749918648
2.597865547e-06
-2.626897817e-07
0.03749670272
7.87688555e-06
-8.571265698e-07
0.03749194958
1.49303412e-05
-2.048051878e-06
0.03748386846
2.559679852e-05
-4.509788943e-06
0.03747102586
4.312861834e-05
-1.036358689e-05
0.03745353153
7.27015918e-05
-2.219516885e-05
0.03743600852
0.0001252636967
-5.267984775e-05
0.03746038473
0.0002086016849
-0.0001233967912
0.03764780879
0.0003481464012
-0.0002510238827
0.03784194583
0.0003833495892
-7.975282996e-05
-0.0001577976054
-0.0001463850103
-0.0001743094939
-0.0001852090858
-8.380541803e-05
-5.545804951e-05
-4.484340978e-05
0.03798338034
0.0002607331813
-6.818236376e-05
-0.0001260368822
-8.637020596e-05
-0.0001587910291
-0.0001071798845
-2.74151152e-05
-4.367893503e-05
-2.595543624e-05
0.03796777017
7.675161973e-05
1.181350481e-05
-4.702494879e-05
-2.201273372e-05
-4.60456592e-05
-2.508151487e-05
1.788294939e-05
-1.475838543e-05
-1.032310852e-05
0.03798408928
-8.680338922e-05
2.634710173e-05
8.259874635e-06
3.168991615e-05
5.941164103e-06
2.794756981e-05
3.454388366e-05
-7.550112415e-06
4.575874498e-07
0.03783724543
-0.0002711729051
7.428451745e-05
7.210735011e-05
0.00010570014
8.34134395e-05
0.00013928187
0.0001151750819
1.437034992e-05
3.536457901e-05
0.03763240771
-0.0003763944622
0.0001245546103
0.00012707368
0.0001275072434
0.000162057585
0.0001577122502
0.0001253582645
3.936789222e-05
3.663735735e-05
0.03747227561
-0.0003665057351
0.0002030602855
0.03746974147
-0.0002303393154
7.506263212e-05
0.03747938046
-0.0001329752547
2.868028591e-06
0.0374890685
-8.931448311e-05
-3.521428269e-05
0.03750070999
-6.280143634e-05
-4.925127317e-05
0.03750776495
-4.285557073e-05
-5.862217682e-05
0.03751160547
-3.101640877e-05
-6.507707801e-05
0.03751439112
-2.362375614e-05
-6.978575116e-05
0.03751641247
-1.880350429e-05
-7.298127866e-05
0.03751774451
-1.557984667e-05
-7.535976607e-05
0.03751859975
-1.340767602e-05
-7.716630278e-05
0.03751916064
-1.187502677e-05
-7.861425309e-05
0.03751954166
-1.083384347e-05
-7.973576836e-05
0.03751980794
-1.014967956e-05
-8.061318663e-05
0.03752002517
-9.697351498e-06
-8.133205242e-05
0.03752018929
-9.406368908e-06
-8.193111689e-05
-9.197051655e-06
-8.235298589e-05
0.03749957518
2.851874938e-06
-2.082402285e-07
0.03749829123
8.613778854e-06
-6.730392742e-07
0.03749601615
1.597764666e-05
-1.527226645e-06
0.03749263838
2.641597378e-05
-3.226912913e-06
0.0374885288
4.207394396e-05
-6.735529415e-06
0.03748541875
6.572841208e-05
-1.351462885e-05
0.03749009409
0.0001018576976
-2.75053509e-05
0.03751702747
0.0001505204354
-5.194120925e-05
0.03760518572
0.0002122622593
-9.148045599e-05
0.03770918859
0.0002296092904
-0.0001052865369
0.03777759309
0.0001698633509
-9.489870932e-05
0.03779052931
6.471040663e-05
-5.537365204e-05
0.03777684626
-4.072711839e-05
-3.129330787e-05
0.03770795992
-0.0001446774268
4.170482398e-06
0.0376141701
-0.0002055764844
1.723844815e-05
0.03752771944
-0.0002159884813
3.36736311e-05
0.03750447734
-0.0001578733234
4.219830843e-06
0.03750130388
-9.454912546e-05
-1.828285925e-05
0.03750101654
-6.227601251e-05
-2.436061591e-05
0.03750324967
-4.459152321e-05
-2.570140534e-05
0.03750654708
-3.085382718e-05
-2.642340791e-05
0.03750882916
-2.165086916e-05
-2.602664328e-05
0.03751043741
-1.596075442e-05
-2.476747597e-05
0.03751162003
-1.240420009e-05
-2.337111031e-05
0.03751243201
-9.926422543e-06
-2.211373213e-05
0.03751299279
-8.332935094e-06
-2.095490481e-05
0.03751339548
-7.099152917e-06
-2.000500604e-05
0.03751366955
-6.277802572e-06
-1.916221548e-05
0.0375138897
-5.752822838e-06
-1.844076901e-05
0.03751400001
-5.40874229e-06
-1.775510378e-05
0.03751422254
-5.197421001e-06
-1.732305062e-05
-5.098952452e-06
-1.704094369e-05
0.03749993509
2.790117589e-06
-1.557496157e-07
0.03749972397
8.421547292e-06
-4.990134122e-07
0.03749949906
1.532574362e-05
-1.089507197e-06
0.03749957888
2.458252646e-05
-2.188363908e-06
0.03750083018
3.746359964e-05
-4.266549556e-06
0.03750515424
5.522960079e-05
-7.973457727e-06
0.03751701742
7.918408818e-05
-1.45476133e-05
0.03754294158
0.0001075470473
-2.472359597e-05
0.03759556463
0.0001362626999
-3.972355357e-05
0.03765742531
0.0001420653323
-4.553964044e-05
0.03769988186
0.0001066917661
-3.478285881e-05
0.03771291175
4.235316949e-05
-1.561746726e-05
0.0377020463
-2.638845119e-05
3.236451015e-06
0.0376626312
-8.891892033e-05
2.170813093e-05
0.03760642794
-0.0001295164679
4.010344414e-05
0.03755116191
-0.0001391312264
4.392348771e-05
0.03752392552
-0.000113118072
2.937279322e-05
0.03751533686
-7.5996447e-05
1.39930082e-05
0.03751134558
-5.277344018e-05
6.077358918e-06
0.03750960396
-3.91367751e-05
2.008103889e-06
0.0375095492
-2.798710587e-05
-1.082927456e-06
0.03750979755
-1.945665079e-05
-3.202940974e-06
0.03751002187
-1.366836149e-05
-4.687377198e-06
0.03751021494
-9.827456081e-06
-5.720110792e-06
0.0375103996
-7.054133875e-06
-6.613797103e-06
0.03751052185
-5.133725634e-06
-7.342170198e-06
0.03751062788
-3.679928237e-06
-7.95702804e-06
0.03751069402
-2.620318943e-06
-8.517790609e-06
0.03751076207
-1.924542282e-06
-8.994973227e-06
0.03751080484
-1.386776707e-06
-9.471846286e-06
0.03751087644
-1.066980514e-06
-9.837765589e-06
-8.160095531e-07
-1.036153494e-05
0.037500212
2.487042848e-06
-1.140141756e-07
0.03750086288
7.486177483e-06
-3.571485439e-07
0.03750216513
1.342345137e-05
-7.518484064e-07
0.0375045678
2.102578373e-05
-1.445509958e-06
0.03750893792
3.098066973e-05
-2.66333174e-06
0.03751674143
4.374418847e-05
-4.686504052e-06
0.03753052467
5.932966933e-05
-7.92021102e-06
0.03755309214
7.585637374e-05
-1.241475602e-05
0.0375877519
8.942999174e-05
-1.788088946e-05
0.03762671584
8.979584523e-05
-2.02680321e-05
0.03765480932
6.803357332e-05
-1.66589045e-05
0.03766476874
2.816675363e-05
-9.597339181e-06
0.03765668621
-1.570930326e-05
-1.606294136e-06
0.03763135855
-5.46757415e-05
5.505294638e-06
0.03759540651
-8.098855895e-05
1.021371208e-05
0.0375596409
-8.924390441e-05
9.029328204e-06
0.03753615857
-7.833742001e-05
3.981647008e-06
0.03752483425
-5.737799331e-05
-2.089305006e-06
0.03751826432
-4.131224652e-05
-5.157259474e-06
0.03751384075
-3.099721537e-05
-6.259861852e-06
0.03751131985
-2.262931581e-05
-6.946608019e-06
0.03750989778
-1.590404561e-05
-7.365575741e-06
0.03750902781
-1.125861358e-05
-7.39550858e-06
0.03750845887
-8.10383777e-06
-7.215294661e-06
0.03750812153
-5.918775449e-06
-6.922932481e-06
0.03750787824
-4.341919483e-06
-6.637694822e-06
0.03750773574
-3.260101661e-06
-6.305167771e-06
0.03750763137
-2.475780932e-06
-5.943289869e-06
0.03750756614
-1.987451177e-06
-5.638684425e-06
0.03750750458
-1.606711857e-06
-5.295435229e-06
0.03750747751
-1.399073114e-06
-5.060602636e-06
-1.241720559e-06
-4.798339932e-06
0.03750042311
2.000767745e-06
-8.086959844e-08
0.03750169549
6.018211213e-06
-2.510514879e-07
0.03750404843
1.066939235e-05
-5.121739609e-07
0.03750791373
1.641628034e-05
-9.459283441e-07
0.03751398748
2.360052599e-05
-1.659923716e-06
0.03752325278
3.230434691e-05
-2.773949534e-06
0.03753701723
4.215306024e-05
-4.408064306e-06
0.03755629299
5.166404508e-05
-6.488988185e-06
0.03758130081
5.81052874e-05
-8.716484626e-06
0.03760775082
5.659962767e-05
-9.820668026e-06
0.03762748252
4.285864218e-05
-8.376820183e-06
0.03763528376
1.790338577e-05
-4.98045779e-06
0.03762986066
-9.541670333e-06
-6.139578655e-07
0.03761315239
-3.410196059e-05
3.038102004e-06
0.03758897314
-5.097067245e-05
5.60641238e-06
0.03756342988
-5.732471429e-05
6.329748286e-06
0.03754313169
-5.268045963e-05
5.076377883e-06
0.03753052807
-4.109553728e-05
2.447487287e-06
0.03752232662
-3.063827154e-05
4.812404169e-07
0.03751641433
-2.330578202e-05
-5.786075135e-07
0.03751241011
-1.735535665e-05
-1.351552423e-06
0.037509814
-1.242410098e-05
-1.948782225e-06
0.03750808437
-8.85559548e-06
-2.341105495e-06
0.03750688973
-6.347921172e-06
-2.572040988e-06
0.03750607477
-4.590111638e-06
-2.751025529e-06
0.03750550661
-3.291054932e-06
-2.914223659e-06
0.03750511864
-2.400916101e-06
-3.053757859e-06
0.03750484362
-1.738944097e-06
-3.185912051e-06
0.03750465401
-1.318059705e-06
-3.314208248e-06
0.03750451066
-9.871590294e-07
-3.452050774e-06
0.0375043993
-7.986240924e-07
-3.567133281e-06
-6.664375119e-07
-3.741192839e-06
0.03750056311
1.393834534e-06
-5.788410626e-08
0.03750225634
4.190315182e-06
-1.783768589e-07
0.03750528583
7.37095504e-06
-3.534091742e-07
0.03751001772
1.120218153e-05
-6.286259679e-07
0.03751696618
1.583777683e-05
-1.056401287e-06
0.0375267402
2.122942334e-05
-1.686613761e-06
0.03753992645
2.701184648e-05
-2.549187302e-06
0.03755668646
3.219775227e-05
-3.578150555e-06
0.03757622981
3.520149924e-05
-4.575894727e-06
0.03759567088
3.360467746e-05
-5.049654237e-06
0.03761038168
2.525565124e-05
-4.406575699e-06
0.03761654645
1.03423919e-05
-2.727949898e-06
0.03761278124
-5.442174256e-06
-7.204285791e-07
0.03760059331
-1.996365608e-05
1.009987506e-06
0.03758269943
-3.005500776e-05
2.090553333e-06
0.03756297506
-3.422221328e-05
2.219205607e-06
0.03754564165
-3.236781289e-05
1.295744664e-06
0.03753314314
-2.646781583e-05
-2.581139978e-07
0.0375242661
-2.036953666e-05
-1.473981478e-06
0.0375176043
-1.569651688e-05
-2.133539794e-06
0.03751276612
-1.187184716e-05
-2.559941313e-06
0.03750940298
-8.629424325e-06
-2.867478567e-06
0.03750708105
-6.231848764e-06
-3.056998685e-06
0.03750544343
-4.482935493e-06
-3.128026257e-06
0.03750429934
-3.279097334e-06
-3.15933935e-06
0.03750349836
-2.363579373e-06
-3.160023832e-06
0.03750294353
-1.769894992e-06
-3.128213407e-06
0.03750255534
-1.30192018e-06
-3.071308573e-06
0.03750227609
-1.02912262e-06
-3.010502349e-06
0.03750206697
-8.060733653e-07
-2.923523116e-06
0.03750190995
-7.002275744e-07
-2.856548577e-06
-6.211066819e-07
-2.761606898e-06
0.03750064803
7.13936015e-07
-4.36655634e-08
0.03750259546
2.145640759e-06
-1.336430503e-07
0.03750601956
3.757129479e-06
-2.582504689e-07
0.03751122306
5.668786319e-06
-4.445187044e-07
0.03751858543
7.937387881e-06
-7.196127007e-07
0.03752847537
1.051112275e-05
-1.104260166e-06
0.03754109908
1.319009632e-05
-1.60164536e-06
0.03755622872
1.546850324e-05
-2.161525521e-06
0.03757278055
1.672068611e-05
-2.668531348e-06
0.03758868956
1.568808869e-05
-2.902028884e-06
0.03760041245
1.189780286e-05
-2.585179028e-06
0.03760532174
4.626763448e-06
-1.743784281e-06
0.03760259525
-2.593541086e-06
-7.460278639e-07
0.03759297536
-9.32075739e-06
1.925486624e-07
0.03757857348
-1.40055538e-05
7.754067272e-07
0.03756229465
-1.605844409e-05
8.726061332e-07
0.03754711013
-1.545180431e-05
4.803171294e-07
0.03753493537
-1.296005465e-05
-2.07033362e-07
0.03752566612
-1.013925774e-05
-8.14576748e-07
0.03751853215
-7.841284113e-06
-1.206845329e-06
0.03751316594
-5.949162431e-06
-1.485448091e-06
0.03750930414
-4.34089899e-06
-1.705188236e-06
0.03750655859
-3.145267859e-06
-1.845845722e-06
0.03750461656
-2.255582765e-06
-1.931812377e-06
0.03750322101
-1.627595651e-06
-1.988222218e-06
0.03750224117
-1.152942558e-06
-2.029629345e-06
0.03750153769
-8.521529943e-07
-2.055322575e-06
0.03750104916
-6.145011807e-07
-2.078131761e-06
0.03750067934
-4.718056335e-07
-2.093583605e-06
0.0375004117
-3.627108977e-07
-2.121794727e-06
0.03750018757
-3.049322917e-07
-2.139666822e-06
-2.686615242e-07
-2.177198413e-06
0.03750068773
-3.691659484e-08
0.03750275377
-1.12511628e-07
0.03750635797
-2.140305245e-07
0.03751176626
-3.606759328e-07
0.03751928885
-5.696757303e-07
0.03752917725
-8.519595826e-07
0.03754149029
-1.20274451e-06
0.03755581743
-1.5829511e-06
0.03757119137
-1.911254744e-06
0.03758550837
-2.052996364e-06
0.03759624993
-1.899586853e-06
0.03760045051
-1.197149894e-06
0.03759793353
-6.898108319e-07
0.03758929643
-1.010125925e-07
0.0375764163
2.630141793e-07
0.03756166304
2.972656473e-07
0.03754744083
1.127885758e-08
0.03753546371
-4.829398016e-07
0.0375260431
-9.675189318e-07
0.03751872167
-1.328485625e-06
0.03751314921
-1.583611244e-06
0.03750907805
-1.774484421e-06
0.03750613078
-1.896462981e-06
0.03750403583
-2.000824874e-06
0.03750253252
-2.038250006e-06
0.0375014847
-2.053507956e-06
0.0375007299
-2.058611299e-06
0.03750020476
-2.058475343e-06
0.03749981389
-2.051713224e-06
0.03749952533
-2.047146314e-06
0.03749928956
-2.042628919e-06
-2.036424536e-06
0.03750068351
-7.148894687e-07
2.274955037e-09
0.03750273713
-2.149223228e-06
6.878385075e-09
0.03750632074
-3.767191512e-06
1.202828524e-08
0.03751170087
-5.6928795e-06
1.807434636e-08
0.03751919013
-7.98775506e-06
2.511257565e-08
0.03752904573
-1.060547169e-05
3.283942174e-08
0.03754133672
-1.335089569e-05
4.038732035e-08
0.03755566503
-1.571583046e-05
4.596003832e-08
0.03757107626
-1.706196512e-05
4.698076764e-08
0.03758546051
-1.609103029e-05
3.886982322e-08
0.03759626276
-1.226741346e-05
2.154825974e-08
0.03760050339
-4.846229306e-06
-2.463815986e-08
0.03759795061
2.545353674e-06
-5.327718889e-08
0.03758924367
9.423067389e-06
-9.622115592e-08
0.03757628281
1.419776764e-05
-1.449351567e-07
0.03756145809
1.626446593e-05
-1.92865675e-07
0.03754720441
1.557996314e-05
-2.366084211e-07
0.03753525512
1.29466647e-05
-2.720734024e-07
0.03752589925
1.000440289e-05
-2.978611089e-07
0.03751863575
7.655577564e-06
-3.26709723e-07
0.03751311061
5.737009088e-06
-3.551521394e-07
0.03750908143
4.107079214e-06
-3.783270333e-07
0.03750615948
2.913497521e-06
-3.900897648e-07
0.03750410366
1.979876647e-06
-4.031391298e-07
0.03750261514
1.385252379e-06
-4.128103359e-07
0.03750158258
9.12022702e-07
-4.187239677e-07
0.03750083728
6.218270286e-07
-4.219175375e-07
0.03750032185
3.794880937e-07
-4.273551413e-07
0.03749993542
2.483287674e-07
-4.328961919e-07
0.03749965604
1.36065222e-07
-4.345566346e-07
0.03749942723
8.037426036e-08
-4.349384827e-07
5.138205261e-08
-4.422673268e-07
0.037500643
-1.39597116e-06
2.38625522e-09
0.03750257546
-4.198253384e-06
7.240282576e-09
0.03750597423
-7.393343849e-06
1.279437795e-08
0.03751114195
-1.125625635e-05
1.953579402e-08
0.03751846034
-1.595262025e-05
2.774780151e-08
0.03752830513
-2.144871473e-05
3.729512691e-08
0.03754089732
-2.73953994e-05
4.755357424e-08
0.03755603017
-3.280434552e-05
5.650449451e-08
0.03757264385
-3.606655902e-05
6.109302172e-08
0.03758866785
-3.465167089e-05
5.684286757e-08
0.03760048991
-2.620042427e-05
3.609159245e-08
0.03760545252
-1.094974992e-05
-2.43817493e-09
0.03760268461
5.298445139e-06
-4.344307848e-08
0.03759297106
2.021538775e-05
-9.421887895e-08
0.0375784463
3.056121019e-05
-1.508755215e-07
0.03756205528
3.478120061e-05
-2.036429343e-07
0.03754682825
3.274140099e-05
-2.549940173e-07
0.03753470059
2.651318604e-05
-2.901535005e-07
0.03752551211
2.017791723e-05
-3.118814368e-07
0.03751844517
1.542616094e-05
-3.43171795e-07
0.03751312703
1.155771925e-05
-3.727793238e-07
0.03750931095
8.261790238e-06
-3.965485843e-07
0.0375066056
5.850971767e-06
-4.162375527e-07
0.03750468569
4.064070829e-06
-4.374968139e-07
0.03750329951
2.889641597e-06
-4.533095942e-07
0.03750233101
1.958112685e-06
-4.610699535e-07
0.0375016364
1.369681871e-06
-4.592297114e-07
0.0375011562
8.875584483e-07
-4.527083643e-07
0.03750079234
6.211146772e-07
-4.423509048e-07
0.03750053149
3.804128689e-07
-4.221323253e-07
0.03750031385
2.680773267e-07
-4.026265019e-07
1.644686187e-07
-3.772734033e-07
0.03750055629
-2.004490258e-06
2.591181397e-09
0.03750222879
-6.031801644e-06
7.912597254e-09
0.03750522198
-1.070836109e-05
1.425384605e-08
0.03750989969
-1.651195168e-05
2.239194811e-08
0.03751677754
-2.380993285e-05
3.307238057e-08
0.03752647236
-3.271681414e-05
4.663350472e-08
0.03753959815
-4.290785458e-05
6.344426116e-08
0.03755635567
-5.291272023e-05
8.08153173e-08
0.03757604582
-6.002249953e-05
9.570825503e-08
0.03759575581
-5.899810389e-05
1.004991818e-07
0.03761065482
-4.49679256e-05
8.115991603e-08
0.03761690781
-1.924150807e-05
3.447093848e-08
0.03761305049
9.280254435e-06
-1.535714559e-08
0.03760069687
3.461109038e-05
-8.09748828e-08
0.03758254039
5.205594083e-05
-1.539298531e-07
0.03756256499
5.846117844e-05
-2.187272114e-07
0.03754512301
5.322289312e-05
-2.850659373e-07
0.03753273479
4.06365442e-05
-3.086154835e-07
0.03752401436
2.959596763e-05
-3.159954845e-07
0.0375174558
2.210989001e-05
-3.633925927e-07
0.03751269224
1.609389408e-05
-3.948539714e-07
0.03750939359
1.108727832e-05
-4.152716762e-07
0.03750711749
7.497409585e-06
-3.997235501e-07
0.03750550784
4.989493017e-06
-4.081017668e-07
0.03750439146
3.27892558e-06
-4.171926591e-07
0.03750361146
1.993096568e-06
-4.360114092e-07
0.03750307938
1.141706688e-06
-4.505800948e-07
0.03750270189
5.145457347e-07
-4.834719656e-07
0.03750243589
1.338036977e-07
-5.083554123e-07
0.03750224186
-1.802750768e-07
-5.509843518e-07
0.03750207884
-3.095839291e-07
-5.953366917e-07
-3.917691154e-07
-6.553857927e-07
0.03750041322
-2.492867877e-06
2.848112678e-09
0.03750165447
-7.50655017e-06
8.762499835e-09
0.03750395054
-1.3484159e-05
1.617001526e-08
0.03750772544
-2.117959565e-05
2.625136933e-08
0.03751367064
-3.133197009e-05
4.066728989e-08
0.0375227752
-4.446911739e-05
6.081149828e-08
0.03753639434
-6.075099726e-05
9.107194819e-08
0.03755561966
-7.836761125e-05
1.268611944e-07
0.03758096305
-9.372879517e-05
1.684671801e-07
0.03760802475
-9.540118788e-05
1.993365836e-07
0.03762812991
-7.281355191e-05
1.908936593e-07
0.03763616889
-3.144266032e-05
1.304272858e-07
0.0376305581
1.527910546e-05
7.361250785e-08
0.03761356044
5.59093678e-05
-2.871837555e-08
0.03758891285
8.385368857e-05
-1.361842961e-07
0.03756299482
9.258270935e-05
-2.24273313e-07
0.03754243945
8.113156808e-05
-3.467340367e-07
0.03752995987
5.820851398e-05
-3.121395778e-07
0.03752197333
4.089145618e-05
-2.251634694e-07
0.03751620007
3.019957528e-05
-2.952642482e-07
0.03751229772
2.160122282e-05
-4.091738594e-07
0.03750978013
1.46369941e-05
-4.907680518e-07
0.03750809083
9.847490612e-06
-5.375035211e-07
0.0375069199
6.565975497e-06
-5.282740586e-07
0.03750611295
4.320465878e-06
-4.882696778e-07
0.03750555978
2.607539669e-06
-3.99579891e-07
0.03750517412
1.485153051e-06
-3.137989859e-07
0.03750490785
6.183936184e-07
-2.030609166e-07
0.03750472491
8.075672462e-08
-9.909752937e-08
0.03750456701
-3.875266387e-07
5.020140417e-08
0.03750447303
-6.319103634e-07
1.438053143e-07
-9.296310957e-07
2.675140323e-07
0.03750019578
-2.796961919e-06
3.069218188e-09
0.03750079972
-8.449991928e-06
9.479656492e-09
0.03750200987
-1.541259187e-05
1.777760112e-08
0.03750425328
-2.481078318e-05
2.92039911e-08
0.03750837584
-3.802208239e-05
4.674617773e-08
0.03751582127
-5.644692544e-05
7.404744447e-08
0.03752918573
-8.181206231e-05
1.320078263e-07
0.03755145694
-0.0001127564578
2.132749342e-07
0.03758701815
-0.000146805469
3.297191696e-07
0.03762725532
-0.00015537913
4.275001444e-07
0.0376558377
-0.0001173123299
4.754851574e-07
0.0376659661
-5.020076494e-05
4.087757293e-07
0.03765771978
2.308648489e-05
3.273337535e-07
0.03763175263
8.888802256e-05
2.04267162e-07
0.03759412924
0.000133530231
1.34531169e-08
0.03755780655
0.0001402366324
-1.014396496e-07
0.03753461276
0.0001112540689
-2.895432689e-07
0.0375239066
7.01250023e-05
-2.029160459e-07
0.03751768601
4.539134145e-05
3.279572296e-09
0.03751353081
3.157612029e-05
6.255959941e-08
0.03751121318
2.041068252e-05
1.848466461e-07
0.03750995642
1.191673728e-05
2.396196255e-07
0.03750918949
6.421216677e-06
1.744370566e-07
0.03750868446
2.880522198e-06
-5.532984689e-09
0.03750837027
4.577065346e-07
-1.943475931e-07
0.03750818756
-1.378212271e-06
-3.63051917e-07
0.03750805608
-2.466133952e-06
-5.80745408e-07
0.03750796279
-3.291547619e-06
-8.067718675e-07
0.03750788699
-3.791071217e-06
-1.012689243e-06
0.03750783352
-4.266724598e-06
-1.220749384e-06
0.03750775
-4.435020006e-06
-1.414528325e-06
-4.57006835e-06
-1.663069535e-06
0.03749991377
-2.860887458e-06
3.021344715e-09
0.03749962764
-8.644951012e-06
9.234365338e-09
0.03749925064
-1.608851588e-05
1.646580664e-08
0.03749904576
-2.672297953e-05
2.32796872e-08
0.03749980437
-4.291137138e-05
3.146283506e-08
0.03750330866
-6.768134596e-05
4.847039033e-08
0.03751388813
-0.0001066091396
1.663588379e-07
0.03753822942
-0.0001615024446
3.967374738e-07
0.03759325355
-0.0002414818228
7.726680372e-07
0.03765777022
-0.0002650829097
9.72224036e-07
0.03770124903
-0.0001948658293
1.325449695e-06
0.03771481168
-7.824677787e-05
1.112915389e-06
0.03770336846
3.912530612e-05
9.804375662e-07
0.03766464777
0.0001515449058
7.169640008e-07
0.03760596985
0.00023479249
2.450346689e-07
0.03754724177
0.0002462703655
-4.604666478e-08
0.03752020073
0.0001728175688
-4.797228911e-07
0.03751316799
9.462377961e-05
1.733014034e-06
0.03750990023
5.832025568e-05
1.199451267e-06
0.03750853877
3.903054049e-05
7.643550589e-08
0.03750884867
2.343012773e-05
-2.734683535e-07
0.03750930273
1.251525958e-05
4.671883672e-08
0.03750962512
5.826587786e-06
7.025158257e-07
0.03750983539
1.434739887e-06
1.295057333e-06
0.03751003563
-1.702010337e-06
1.884289613e-06
0.0375102081
-4.096882029e-06
2.501716758e-06
0.03751035764
-5.638576798e-06
3.061909755e-06
0.03751047119
-6.855048451e-06
3.615033906e-06
0.03751057431
-7.646795598e-06
4.056104948e-06
0.03751063233
-8.415319331e-06
4.557952757e-06
0.03751080984
-8.857558891e-06
4.904186058e-06
-9.479941386e-06
5.268360903e-06
0.03749954147
-2.60484493e-06
2.320430611e-09
0.03749814814
-7.904885072e-06
5.867645505e-09
0.03749562854
-1.504808062e-05
4.281563487e-09
0.03749175539
-2.595672966e-05
-1.969604799e-08
0.03748665895
-4.426773813e-05
-8.414716077e-08
0.03748153345
-7.548039076e-05
-1.958987141e-07
0.03748233117
-0.0001342101807
4.471659615e-08
0.03750457194
-0.0002355255847
9.451003714e-07
0.03759975007
-0.0004296792719
2.179223768e-06
0.03770171604
-0.0001171294765
2.133282232e-06
-0.0001150390961
-0.0001184688265
-0.0001221849149
0.03777404809
-0.0001028020573
4.459690772e-06
-7.383311688e-05
-0.0001085748143
-7.76081077e-05
0.03778443512
-4.714527472e-05
3.752873839e-06
-2.566895756e-05
-4.544728722e-05
-2.600341294e-05
0.03777177768
-4.941627233e-06
3.219954027e-06
1.604845226e-05
-4.847531286e-06
1.440198639e-05
0.03769950296
4.193087831e-05
3.966076873e-06
7.059019881e-05
4.204462471e-05
7.389167053e-05
0.0376128645
8.387061663e-05
1.557132647e-06
8.602390486e-05
8.514395607e-05
8.595391233e-05
0.03752009757
0.0003749095062
1.489303553e-06
0.0375011977
0.0002056308485
-3.059892773e-06
0.03750093459
7.850953791e-05
5.611453063e-06
0.03750149865
3.200967538e-05
9.917630735e-06
0.03750532219
7.911101734e-06
8.536229339e-06
0.03750937011
-8.891174782e-06
6.598445478e-06
0.03751179098
-1.825099829e-05
4.696225535e-06
0.0375133788
-2.346144569e-05
2.782192234e-06
0.03751452605
-2.680420935e-05
1.183643166e-06
0.0375153006
-2.895497719e-05
-2.126502266e-07
0.03751577684
-3.048577089e-05
-1.433858531e-06
0.03751605756
-3.144856553e-05
-2.415606565e-06
0.03751623153
-3.22653032e-05
-3.263858405e-06
0.0375163423
-3.277504149e-05
-3.939463821e-06
0.0375164192
-3.330451402e-05
-4.615977507e-06
0.03751643097
-3.350562902e-05
-5.116746704e-06
-3.376455812e-05
-5.80961092e-06
0.03749914016
-2.000844474e-06
2.902242909e-11
0.03749650298
-6.098285733e-06
-4.844763377e-09
0.03749138893
-1.189734139e-05
-3.81718075e-08
0.03748244699
-2.125189644e-05
-1.733942066e-07
0.03746802718
-3.942416376e-05
-5.611141817e-07
0.03744508137
-7.284295573e-05
-1.332983033e-06
0.03741392314
-0.0001533625193
-1.12349995e-06
0.03742679204
-7.566786612e-05
3.812279455e-06
-0.0001063096741
-7.978365522e-05
-0.0001123160341
0.009407139557
-0.0001727185647
5.645268069e-06
-0.0002247921702
-0.000182087413
-0.0002611133656
0.009391481874
0.009401763729
0.009378038631
0.009427509076
-0.0001613075703
-3.132169757e-05
0.009486560908
-0.0001452356299
-2.457625551e-05
-0.009461384359
-0.009499124313
0.009495296229
-5.242714222e-05
-3.922508572e-06
-0.009492786725
0.009493551074
-7.337883529e-06
-4.5441306e-06
-0.009496733643
0.009486676134
5.87308333e-05
9.703065865e-06
-0.009460508377
0.00943191128
0.0001252557479
2.814578683e-05
0.03744188682
0.0001781917449
5.306719342e-07
0.0001460424492
0.0002104727562
0.0001785683242
-0.009406978173
-0.009393004079
-0.009399126733
-0.009377659819
0.0374488003
8.212915055e-05
1.441438302e-05
3.314966932e-05
0.0001031838758
4.873273614e-05
0.03746829863
4.942332591e-05
1.047707351e-05
0.03747603258
3.344023277e-06
-5.049264787e-06
0.03748988062
-4.52308338e-05
2.983994619e-06
0.03749869019
-7.033414447e-05
1.131601766e-05
0.03750410502
-8.417156781e-05
1.737599064e-05
0.03750782386
-9.229458114e-05
2.175482e-05
0.03751039972
-9.742309301e-05
2.51420537e-05
0.03751212411
-0.0001007522366
2.775114017e-05
0.03751327513
-0.0001030720277
2.972927391e-05
0.03751409027
-0.0001046691504
3.131038853e-05
0.03751465381
-0.0001058463726
3.256543805e-05
0.03751507727
-0.0001066521595
3.358863521e-05
0.03751534883
-0.0001072885295
3.444323685e-05
0.03751578181
-0.0001077009716
3.505766964e-05
-0.0001081622619
3.526463367e-05
0.03749878679
-1.085993796e-06
-4.529131781e-09
0.03749501993
-3.32542048e-06
-2.748522476e-08
0.0374873922
-6.604473409e-06
-1.340609702e-07
0.03747288751
-1.214889403e-05
-5.625886295e-07
0.0374456883
-2.406988492e-05
-1.972259587e-06
0.0373924226
-4.897909188e-05
-5.754358067e-06
0.009329873936
-2.533730793e-05
-1.562590604e-05
0.009319604198
0.00932658183
0.009320530171
-3.885322085e-05
-2.742746762e-05
-3.900135236e-05
0.009318856571
-8.675455412e-05
-2.411418338e-05
0.009326769154
-0.0002496400325
-9.053531069e-05
-0.00931875708
0.009406979224
-0.0003240323129
-0.0001201310478
-0.009393662457
0.0002196726571
0.0002111739364
-0.009514219768
0.009687537114
-0.0003855483174
-0.0002403377641
0.0002361689834
0.0002163997552
0.009590598071
-3.486630446e-05
-6.507899124e-06
-0.009654162211
6.517954443e-05
3.975880027e-05
-0.009559571691
0.009590048814
-2.530862114e-05
-6.734115298e-05
6.254991733e-05
-3.772669958e-07
-0.009652806614
0.009684405638
0.0001022809826
-2.677238703e-05
-1.05904266e-05
-9.651719483e-05
-0.009507161104
0.009399764461
0.0003427572253
0.0001109157519
-0.0001313304078
-0.0002149459307
-0.009399976528
0.009347078556
0.0002999309273
7.996915542e-05
-0.009325171017
0.009320073953
0.0001168801747
-1.072079751e-06
0.03740024023
-8.147168236e-06
0.0001907147347
-0.009328161045
-0.009313155711
-0.009329039527
-0.009300907195
-4.605090204e-05
-6.309711677e-05
-8.084729964e-05
0.03745215987
-3.652043722e-05
6.345329461e-05
0.03747829939
-5.897637272e-05
2.857610363e-05
0.03748790471
-6.770171681e-05
1.322710594e-05
0.0374916574
-7.351160074e-05
2.69310142e-06
0.03749298657
-7.610306132e-05
-5.702105022e-06
0.03749302236
-7.734681334e-05
-1.173028179e-05
0.03749229336
-7.796825617e-05
-1.587206252e-05
0.03749111858
-7.83856874e-05
-1.898648447e-05
0.03748967427
-7.867738932e-05
-2.131791207e-05
0.0374880869
-7.883886325e-05
-2.324575603e-05
0.0374863716
-7.889145782e-05
-2.474305567e-05
0.03748464919
-7.894189378e-05
-2.61087247e-05
0.03748272482
-7.877866361e-05
-2.707142889e-05
-7.884157144e-05
-2.847923687e-05
0.03749858054
9.010801086e-09
-1.002428117e-08
0.03749415104
2.700576919e-08
-5.446212236e-08
0.03748493632
4.458684578e-08
-2.580751543e-07
0.03746678487
5.664255807e-08
-1.116508029e-06
0.03742956617
3.887596641e-08
-4.381315213e-06
0.009339320519
-1.313379513e-07
-1.754221523e-05
0.009338650461
0.009336496379
0.009336858604
0.009318516211
-1.299435035e-05
-1.887438021e-05
0.009237021299
-6.656782272e-05
-6.627792756e-05
0.0001051545242
8.600177934e-05
-0.009295331851
0.009144179334
0.00055684673
0.0003632284857
-0.009156168389
-0.0001620496465
-8.093163186e-05
-0.000119098281
-9.944256394e-05
-0.0002408262412
-6.384210364e-05
-0.0001146803953
-2.721529714e-05
0.0001798440186
0.0001115253336
-0.002392378213
0.002404624717
-0.0001266705022
-0.0001769453543
-0.0023630318
0.000194332772
0.0001470052526
0.002470758562
-0.0001325309286
-0.0003165338576
1.248910499e-05
2.1221728e-05
-0.002463949579
0.002443443953
-2.114775709e-05
7.942542602e-06
-1.579633312e-07
1.597297163e-05
-0.002434044837
0.002437414596
-3.235491723e-05
1.317014749e-05
-0.002465460973
-1.135239054e-05
7.728316371e-06
0.002473468019
-3.59122882e-05
3.152931416e-05
-0.00236326006
-0.000128085426
-8.74042091e-05
0.002350285501
4.240826302e-05
0.0001860559262
-0.002387117051
0.009077245071
-0.0009774878389
-0.0004584914997
0.0001093578938
0.0001111393159
7.82296444e-05
8.846331458e-05
0.0003162699548
0.0005076019027
0.0002833047883
0.0001685278797
-0.002346375096
-0.002354753293
-0.002215914978
-0.009144603026
0.009244261569
-2.733401568e-06
0.0002229299911
-0.0001798856197
-0.0001399694387
-0.009269772315
0.009292249499
-8.951798552e-06
0.0001182798086
0.03645599235
-0.0001318634056
-0.0001034927845
-0.009247784191
-0.009191626406
-0.009162083365
-0.008782420654
0.03650483101
-0.0001393443357
-8.661135666e-05
0.03653432626
-0.0001408870253
-7.252311324e-05
0.03654990876
-0.0001391825765
-6.009762662e-05
0.03655897296
-0.0001370608425
-5.198690937e-05
0.03656464346
-0.0001350803309
-4.659333663e-05
0.03656857934
-0.000133082907
-4.3366348e-05
0.0365715115
-0.0001311724538
-4.133981997e-05
0.03657386044
-0.0001293605742
-4.016676187e-05
0.03657583696
-0.0001276975221
-3.927596613e-05
0.0365775418
-0.0001261436927
-3.860501929e-05
0.03657913118
-0.0001248026528
-3.806910811e-05
0.0365807444
-0.0001233542576
-3.775335628e-05
-0.0001227141343
-3.779558494e-05
0.03749858084
1.103666054e-06
-1.166989542e-08
0.03749415353
3.378181254e-06
-6.020310028e-08
0.0374849383
6.693737747e-06
-2.709287719e-07
0.03746679039
1.227072857e-05
-1.150362065e-06
0.03742953046
2.419834909e-05
-4.48005623e-06
0.009338741545
4.895841767e-05
-1.794477237e-05
0.009339301368
0.009336895297
0.009336272976
1.884892843e-07
0.009315062263
1.279423292e-05
-2.624283754e-05
3.957720944e-08
0.00921303713
6.589715658e-05
-0.0001187078459
0.0001302960192
-0.009290562036
-3.458553266e-07
0.0002614160476
-0.002235591701
0.002232644549
6.710798933e-05
-0.0003252310291
-4.216123242e-07
0.0003385476172
-0.002437959982
0.00244914464
3.805983032e-05
-0.0003873705015
8.185734598e-06
-0.002366978082
5.604819461e-05
0.002331155672
4.954037598e-06
-3.336556786e-05
-2.162415852e-05
9.360022777e-06
-0.002275649704
0.002277970029
-8.932380168e-06
1.887618241e-05
-3.293814621e-05
1.018941088e-06
-0.002261526715
0.002280833023
-8.612333253e-06
2.122523007e-05
9.822556352e-06
-0.002282038446
-4.566985043e-05
0.002300894177
-1.299391013e-05
2.998547339e-05
8.951516142e-06
-0.002365380792
-0.0001001828567
0.002410302181
-2.267745072e-05
6.898739607e-05
-0.002428317363
2.397756805e-06
-0.0004808078427
-6.972478666e-05
0.0006961473662
0.002280304871
-0.002254949227
-8.151563344e-05
0.00927354332
-9.814581324e-05
-0.002248309476
-0.002285484353
-0.002256456845
7.623286708e-05
6.903620305e-05
8.345770284e-05
-5.571991138e-06
-0.0002718367107
-0.009230979971
-6.515342948e-05
0.009279849135
-6.151912071e-05
0.0003021736274
0.03685978747
-0.0002066577431
0.0003088649499
-0.009269866925
-0.009301752166
-0.008935186399
-0.009256534479
0.0369157632
-0.0001761823018
0.0002691200507
0.03694439998
-0.0001550742016
0.0002453051399
0.03696314913
-0.000142348329
0.000229531449
0.03697677187
-0.0001333964498
0.0002191701988
0.03698728231
-0.0001271857624
0.0002121585417
0.03699606979
-0.0001226745097
0.0002072768042
0.03700385285
-0.0001192085428
0.0002037058171
0.03701102345
-0.000116427206
0.0002009939688
0.03701774282
-0.0001141050717
0.0001987735186
0.0370243161
-0.0001121475856
0.0001968370463
0.03703044895
-0.0001103940184
0.0001952822815
0.03703727994
-0.0001090012572
0.00019364283
-0.0001073374498
0.0001933073471
0.03749878845
2.017090159e-06
-9.37966779e-09
0.0374950269
6.14699678e-06
-4.295795258e-08
0.03748740984
1.197912494e-05
-1.720561746e-07
0.03747292432
2.136950853e-05
-6.464553039e-07
0.03744577118
3.954611398e-05
-2.2427164e-06
0.03739266243
7.299062895e-05
-6.583464042e-06
0.009320382709
0.0001530537407
-2.064469501e-05
-2.518868705e-05
-3.87652504e-05
-2.731537293e-05
-3.859099865e-05
0.009330636722
0.009320820011
0.009326964913
-8.534208906e-05
0.00929065435
8.641860715e-05
-3.710484134e-05
-0.0003463423466
0.009288904685
0.0002428689195
-0.0001904429316
-0.00926386193
-0.0001014180754
0.009378347673
0.0003099473845
-0.009467003388
-7.768491852e-05
-0.0001041454216
-8.15501061e-05
-8.262249984e-05
-3.941453929e-05
-2.865700016e-05
-5.527781275e-05
0.0003494787003
-0.0001376513881
-0.009440449138
0.009939800442
0.000365328373
-7.647214339e-05
-0.0002279531705
-0.0001037377948
-0.00033378139
-0.0001154117297
-7.520794065e-05
-0.0001775229212
0.0003830588026
-1.41235696e-05
0.009700358332
1.606698511e-05
-0.009796368279
-9.479527817e-06
3.839136553e-06
2.930312854e-07
4.380964847e-06
4.305657977e-05
4.807268139e-05
-4.802467398e-06
8.706115874e-06
-8.84974184e-06
-0.009642333674
0.009695606147
9.0981219e-06
-9.302839961e-06
-7.000756871e-06
-9.414606004e-06
-3.889836753e-05
8.983066996e-06
8.966788375e-06
-3.3626864e-05
2.677272783e-05
-1.411466126e-07
-0.009789887339
0.009931012547
-0.000116783033
3.327083984e-05
-5.041479655e-06
3.410125568e-05
-3.785831756e-06
5.709846735e-05
-5.813795084e-05
-1.174056922e-06
-8.053228021e-05
9.352083117e-05
-0.009469604772
0.009413722797
-0.0003596851593
6.865239201e-05
0.0001370670794
8.215416466e-05
0.0001636687661
5.610536476e-05
2.971617731e-05
8.163079913e-05
-0.0002969484518
0.0004934472339
-0.009485587934
0.00929219481
-0.0003197845794
0.0003848141047
0.0001936675948
-0.009286197679
0.0093049722
-0.0001307891609
4.75937055e-05
0.03740954401
-0.0001240247129
-0.0002185375202
9.000728873e-05
7.448131372e-05
0.0001354047676
0.0001125553375
-0.009326833315
-0.009339941658
-0.009323699053
-0.009338899445
0.03747485884
-3.965773014e-05
-0.0001515228811
0.03749805854
-7.757482911e-06
-0.0001279880617
0.03750935854
7.631974229e-06
-0.0001138288165
0.03751568069
1.445642207e-05
-0.0001025903446
0.03751925345
1.8750604e-05
-9.362161545e-05
0.03752132166
2.117867512e-05
-8.675565682e-05
0.0375225198
2.256328855e-05
-8.14113905e-05
0.03752320311
2.33175157e-05
-7.710082912e-05
0.03752358021
2.369921794e-05
-7.352947718e-05
0.03752377183
2.388775176e-05
-7.049896087e-05
0.03752384211
2.395338275e-05
-6.790739743e-05
0.03752385628
2.396586409e-05
-6.558697166e-05
0.03752368436
2.393373763e-05
-6.370376419e-05
2.383175196e-05
-6.111254582e-05
0.0374991427
2.61892037e-06
-7.047750086e-09
0.0374965135
7.947055852e-06
-2.799116618e-08
0.03749141616
1.511817819e-05
-8.975795621e-08
0.03748250715
2.605455538e-05
-2.858308707e-07
0.03746816147
4.437585056e-05
-8.476423555e-07
0.03744543091
7.559782865e-05
-2.071811219e-06
0.03741515369
0.0001341275658
-3.476448678e-06
0.03743054003
0.0002353730846
-1.487232266e-06
-7.54748894e-05
-0.0001056631731
-7.958287891e-05
-0.0001119480473
0.009389682416
0.0004250445875
3.914535869e-06
-0.0001703562006
-0.0002189360122
-0.0001799200945
-0.0002539129108
0.009406048979
0.009376570236
0.009401380613
-0.0002067468284
0.009410562308
0.0001590111226
-5.289701679e-05
-0.00021058437
0.009528520109
0.0001427977011
-6.774335089e-05
-0.009461172456
-3.327470025e-05
-0.009532219009
0.009515348002
4.979529372e-05
1.216391601e-05
7.200910322e-06
-0.009504394534
0.009514453771
5.087701651e-06
3.999240364e-06
0.0001024257967
-0.00953072148
0.009530480653
-6.045519001e-05
3.255473292e-05
0.0002213906352
-0.009470839794
0.009418134427
-0.0001270538786
8.29232196e-05
0.03744221877
-0.0003895243036
-2.134405252e-05
0.000186507534
0.0001588000603
0.0002209638759
0.0001915938528
-0.009396381976
-0.009409043437
-0.009380373562
-0.009400356471
0.03744671907
-0.0002047138338
-4.008157684e-05
8.338487172e-05
5.190386383e-05
0.0001084448737
7.162411032e-05
0.0374634527
-0.0001021622093
-3.572813138e-05
0.03747704452
-6.401360194e-05
-2.445024376e-05
0.03749128645
-4.06094359e-05
-3.064125619e-05
0.03750052631
-2.369165522e-05
-3.653840877e-05
0.03750586572
-1.451468906e-05
-4.14453686e-05
0.03750936967
-9.271460401e-06
-4.52676376e-05
0.03751180779
-6.176601312e-06
-4.806412304e-05
0.03751349733
-4.091891762e-06
-5.039411588e-05
0.03751466628
-2.852048783e-06
-5.216569152e-05
0.0375154363
-2.132605501e-06
-5.355244298e-05
0.03751593062
-1.681881056e-06
-5.466045768e-05
0.03751628458
-1.41810499e-06
-5.559565912e-05
0.03751655474
-1.254435295e-06
-5.638191422e-05
0.03751678718
-1.211265668e-06
-5.701855453e-05
-1.268174136e-06
-5.738391767e-05
0.03749954437
2.872506124e-06
-6.140298595e-09
0.0374981597
8.679915497e-06
-2.122470516e-08
0.0374956575
1.614580369e-05
-5.265569143e-08
0.03749181457
2.680079197e-05
-1.302225371e-07
0.03748677755
4.299838382e-05
-3.210374975e-07
0.03748176326
6.7766985e-05
-6.695021671e-07
0.03748283228
0.0001066017034
-1.048503867e-06
0.037505448
0.0001614327429
-6.165924363e-07
0.03759888612
0.0002403159545
-1.899408495e-07
0.03770012519
0.0002634094068
-2.093116268e-06
-0.0001158161553
-0.0001136145719
-0.0001173874541
-0.0001210237188
0.03777414832
0.0001930309952
-5.517711806e-06
-0.000101366208
-7.203970496e-05
-0.000107151551
-7.587765875e-05
0.03778512559
7.640402826e-05
-5.461841804e-06
-4.545720247e-05
-2.404777574e-05
-4.365234019e-05
-2.413580101e-05
0.03777285725
-4.160598187e-05
-5.715133371e-06
-3.238229019e-06
1.776021095e-05
-2.773175974e-06
1.654734052e-05
0.03770254476
-0.0001530259665
-7.513334322e-06
4.335415425e-05
7.188428889e-05
4.394504095e-05
7.583878161e-05
0.03761532298
-0.0002375902604
-7.228509376e-06
8.561505838e-05
8.779247322e-05
8.760496487e-05
8.826649415e-05
0.0375197503
-0.0002498176858
-1.046031057e-05
0.0375032545
-0.0001751677425
-8.830467732e-06
0.03750243593
-0.0001027807742
-1.68457367e-05
0.03750300294
-6.680937016e-05
-2.213186831e-05
0.03750635933
-4.690934659e-05
-2.275788527e-05
0.03750994788
-3.148180979e-05
-2.222179472e-05
0.03751223966
-2.147333168e-05
-2.135978205e-05
0.03751381368
-1.553667161e-05
-2.007628828e-05
0.03751489641
-1.187251509e-05
-1.87579162e-05
0.0375156852
-9.352660422e-06
-1.764175466e-05
0.0375162308
-7.771171033e-06
-1.658137923e-05
0.03751653337
-6.792388068e-06
-1.564779152e-05
0.03751669542
-6.166720107e-06
-1.483942739e-05
0.03751679678
-5.791597681e-06
-1.416864395e-05
0.03751684527
-5.584025507e-06
-1.347400351e-05
0.03751671656
-5.481444654e-06
-1.292416322e-05
-5.458861017e-06
-1.208373497e-05
0.03749991636
2.806367642e-06
-5.976778564e-09
0.03749963891
8.477673916e-06
-1.931804147e-08
0.03749927758
1.545770711e-05
-4.008132007e-08
0.03749909803
2.487092398e-05
-7.894846354e-08
0.03749989699
3.808903988e-05
-1.561563231e-07
0.03750346526
5.65100811e-05
-2.848327992e-07
0.03751413214
8.183085904e-05
-4.436414466e-07
0.03753859563
0.0001127122563
-4.666071031e-07
0.03759329204
0.0001464937379
-5.97739598e-07
0.03765759299
0.0001548321211
-1.263313338e-06
0.03770136877
0.0001166861535
-2.213795514e-06
0.03771515214
4.949585951e-05
-2.49267807e-06
0.03770376087
-2.39822182e-05
-2.996044888e-06
0.03766551009
-8.977658324e-05
-3.290470639e-06
0.03760675482
-0.0001347160165
-4.015529701e-06
0.03754769287
-0.0001418346949
-4.997562849e-06
0.03752093526
-0.0001129243276
-6.113020341e-06
0.03751332347
-7.22815785e-05
-8.894398272e-06
0.03750996811
-4.824654251e-05
-9.13010524e-06
0.03750866087
-3.486198088e-05
-8.732025844e-06
0.03750899435
-2.408984538e-05
-8.80836443e-06
0.03750952008
-1.599839081e-05
-9.203607957e-06
0.03750988852
-1.084827816e-05
-9.744206112e-06
0.03751012378
-7.55499925e-06
-1.027288984e-05
0.03751034003
-5.386994484e-06
-1.07957119e-05
0.03751050388
-3.951969139e-06
-1.132521767e-05
0.03751063392
-3.066510363e-06
-1.181294815e-05
0.03751072964
-2.508531047e-06
-1.22717053e-05
0.03751081497
-2.192594393e-06
-1.267930456e-05
0.03751088071
-2.032212556e-06
-1.308940053e-05
0.0375109645
-2.020104694e-06
-1.338289749e-05
-2.235818295e-06
-1.370834884e-05
0.03750019842
2.499973263e-06
-6.037852553e-09
0.03750080991
7.527903917e-06
-1.886976302e-08
0.03750203348
1.351851796e-05
-3.622426737e-08
0.03750429755
2.122449559e-05
-6.315877607e-08
0.03750844877
3.138215909e-05
-1.0766789e-07
0.03751593302
4.451616041e-05
-1.768294484e-07
0.03752934035
6.077588269e-05
-2.725673505e-07
0.03755165232
7.835446636e-05
-3.689312827e-07
0.03758716058
9.362690412e-05
-5.223235879e-07
0.03762734851
9.520519386e-05
-8.290306172e-07
0.03765600076
7.257725324e-05
-1.202258016e-06
0.03766619136
3.12002178e-05
-1.492305129e-06
0.03765802053
-1.561744633e-05
-1.800233672e-06
0.03763215018
-5.624640347e-05
-2.154534633e-06
0.03759455898
-8.429502668e-05
-2.616085633e-06
0.03755817059
-9.32105838e-05
-3.206396386e-06
0.03753491894
-8.184762325e-05
-3.843400347e-06
0.03752413442
-5.914929484e-05
-4.437071675e-06
0.03751787695
-4.212375184e-05
-5.022579916e-06
0.03751367464
-3.148511565e-05
-5.434409639e-06
0.0375113289
-2.286606414e-05
-5.824645693e-06
0.03751003564
-1.596907953e-05
-6.101624265e-06
0.03750923841
-1.127163416e-05
-6.174921323e-06
0.03750872295
-8.125647313e-06
-6.12918997e-06
0.03750841431
-5.977465452e-06
-6.023820797e-06
0.03750821123
-4.444388202e-06
-5.942190823e-06
0.03750808251
-3.429877537e-06
-5.813078555e-06
0.03750799354
-2.733358364e-06
-5.629501103e-06
0.03750793064
-2.316557361e-06
-5.451819982e-06
0.03750789544
-2.038392674e-06
-5.254056812e-06
0.03750778917
-1.892067173e-06
-5.082375522e-06
-1.834748283e-06
-4.832573854e-06
0.03750041548
2.009636096e-06
-6.005365056e-09
0.03750166369
6.04720555e-06
-1.856830834e-08
0.03750397151
1.073304787e-05
-3.452303045e-08
0.0375077632
1.654400301e-05
-5.712033626e-08
0.03751373031
2.384574509e-05
-9.062447965e-08
0.03752286143
3.275076298e-05
-1.396758732e-07
0.03753650784
4.293034654e-05
-2.089288853e-07
0.03755575673
5.291415541e-05
-2.975720982e-07
0.03758109957
5.99879254e-05
-4.203478346e-07
0.03760815368
5.892527031e-05
-5.948576062e-07
0.03762827692
4.487635644e-05
-7.991634185e-07
0.03763634917
1.914771523e-05
-1.000210363e-06
0.03763076663
-9.404330172e-06
-1.244537003e-06
0.03761380763
-3.476633509e-05
-1.482961628e-06
0.03758918079
-5.226728338e-05
-1.794490541e-06
0.03756324285
-5.876074585e-05
-2.18215456e-06
0.03754265746
-5.361399409e-05
-2.571855945e-06
0.03753012705
-4.112431793e-05
-3.047078499e-06
0.03752205149
-3.016105451e-05
-3.405890665e-06
0.03751622958
-2.26762344e-05
-3.565574948e-06
0.03751230846
-1.666924257e-05
-3.627256411e-06
0.03750977455
-1.17027976e-05
-3.68114533e-06
0.03750807828
-8.172659168e-06
-3.743814206e-06
0.0375069031
-5.705742785e-06
-3.816760957e-06
0.03750609975
-4.037202101e-06
-3.887940738e-06
0.0375055418
-2.806868392e-06
-3.993794138e-06
0.0375051602
-2.019139569e-06
-4.082897959e-06
0.03750488879
-1.449211144e-06
-4.198644401e-06
0.03750469668
-1.141432987e-06
-4.297230412e-06
0.03750455327
-9.179048879e-07
-4.429127848e-06
0.03750445752
-8.320684523e-07
-4.531385868e-06
-8.458541278e-07
-4.651182391e-06
0.03750055836
1.399306029e-06
-5.915835346e-09
0.03750223715
4.208227847e-06
-1.81903623e-08
0.03750524077
7.40928985e-06
-3.326413952e-08
0.0375099329
1.127687135e-05
-5.36299516e-08
0.03751682871
1.597568087e-05
-8.213965905e-08
0.03752654401
2.147088159e-05
-1.220365796e-07
0.03753969031
2.741185053e-05
-1.769880797e-07
0.03755646586
3.280990117e-05
-2.49450386e-07
0.03757616567
3.605629915e-05
-3.440805854e-07
0.037595881
3.462434672e-05
-4.640639444e-07
0.03761079112
2.61636759e-05
-6.040143757e-07
0.03761706443
1.09101951e-05
-7.637372665e-07
0.03761322793
-5.349832602e-06
-9.384346832e-07
0.0376008944
-2.028728575e-05
-1.135528075e-06
0.03758274848
-3.066253283e-05
-1.368282054e-06
0.03756276545
-3.492436041e-05
-1.634145186e-06
0.03754529851
-3.293719543e-05
-1.914110742e-06
0.03753286755
-2.674940648e-05
-2.202059295e-06
0.03752409414
-2.04521801e-05
-2.409442857e-06
0.03751749731
-1.570504054e-05
-2.507900516e-06
0.03751270947
-1.182956757e-05
-2.611773376e-06
0.03750938686
-8.536885231e-06
-2.710778521e-06
0.03750709307
-6.129718287e-06
-2.806148053e-06
0.03750546925
-4.34969835e-06
-2.860254901e-06
0.03750433929
-3.170147485e-06
-2.896435414e-06
0.03750355102
-2.270029372e-06
-2.908593808e-06
0.037503006
-1.686713993e-06
-2.915615919e-06
0.03750262576
-1.247135784e-06
-2.893144e-06
0.03750235283
-1.005773007e-06
-2.87323082e-06
0.03750215649
-8.078699406e-07
-2.837218761e-06
0.03750198892
-7.204165562e-07
-2.800629851e-06
-6.639629197e-07
-2.7354097e-06
0.03750064493
7.165274103e-07
-5.817815366e-09
0.03750258322
2.154121788e-06
-1.782739098e-08
0.03750599154
3.775011763e-06
-3.22889412e-08
0.03751117223
5.702970453e-06
-5.130480628e-08
0.03751850632
7.999058152e-06
-7.708902962e-08
0.03752836858
1.061644073e-05
-1.12077314e-07
0.03754097832
1.335947999e-05
-1.590143855e-07
0.03755612703
1.571978876e-05
-2.20124048e-07
0.03757275288
1.705979779e-05
-2.978757083e-07
0.03758878653
1.6081634e-05
-3.929657253e-07
0.03760061948
1.225463842e-05
-5.091017689e-07
0.03760559702
4.831105265e-06
-6.422320182e-07
0.0376028444
-2.565117e-06
-7.781203418e-07
0.03759314296
-9.451922601e-06
-9.413838812e-07
0.03757862238
-1.423995606e-05
-1.12658456e-06
0.03756222651
-1.632518376e-05
-1.330698538e-06
0.03754697381
-1.566284743e-05
-1.541329673e-06
0.03753481188
-1.304669863e-05
-1.747804158e-06
0.03752558244
-1.012201601e-05
-1.915303016e-06
0.03751847713
-7.771987517e-06
-2.034583017e-06
0.0375131319
-5.851823092e-06
-2.117955376e-06
0.03750928946
-4.218263591e-06
-2.181367694e-06
0.03750656615
-3.027750482e-06
-2.224509069e-06
0.03750463479
-2.095685608e-06
-2.254456597e-06
0.03750323844
-1.489917124e-06
-2.272110468e-06
0.03750226193
-1.032994873e-06
-2.290148037e-06
0.03750155885
-7.358767313e-07
-2.303080734e-06
0.03750106985
-5.17601743e-07
-2.31866486e-06
0.03750070048
-3.950944858e-07
-2.334895344e-06
0.03750043424
-3.005215104e-07
-2.362907534e-06
0.03750021337
-2.581495274e-07
-2.381060021e-06
-2.385639357e-07
-2.409491063e-06
0.03750068537
-5.756455197e-09
0.03750274459
-1.7609562e-08
0.03750633732
-3.174725026e-08
0.0375117297
-5.009337178e-08
0.03751923368
-7.459543968e-08
0.0375291055
-1.073345251e-07
0.03754141281
-1.505767256e-07
0.03755575616
-2.065098951e-07
0.03757118037
-2.756684126e-07
0.03758557512
-3.661165279e-07
0.0375963886
-4.584331708e-07
0.03760064278
-6.202255492e-07
0.03759810261
-7.147585332e-07
0.03758940471
-8.550283935e-07
0.03757644609
-1.018323345e-06
0.03756161266
-1.194490176e-06
0.03754733814
-1.37704169e-06
0.03753535919
-1.550686609e-06
0.0375259658
-1.696148821e-06
0.03751866936
-1.804027005e-06
0.03751311662
-1.882687664e-06
0.03750906273
-1.938864682e-06
0.0375061214
-1.982876623e-06
0.03750404492
-2.020032579e-06
0.03750254633
-2.029573118e-06
0.03750150233
-2.042511851e-06
0.03750074984
-2.041995253e-06
0.03750022811
-2.054350095e-06
0.03749983648
-2.055171613e-06
0.03749955071
-2.061904046e-06
0.03749931465
-2.064718114e-06
-2.063481805e-06
0.03750068356
-7.148439644e-07
3.35623713e-08
0.03750273733
-2.149082928e-06
1.021929508e-07
0.03750632115
-3.766894765e-06
1.951027791e-07
0.03751170151
-5.69230888e-06
3.30021031e-07
0.03751919092
-7.986712915e-06
5.224156077e-07
0.03752904645
-1.060368884e-05
7.809989392e-07
0.03754133689
-1.334796368e-05
1.097914333e-06
0.03755566398
-1.571142067e-05
1.430283258e-06
0.037571073
-1.705567707e-05
1.693645259e-06
0.03758545436
-1.608327091e-05
1.740779943e-06
0.03759625343
-1.225897802e-05
1.481456048e-06
0.03760049198
-4.840698476e-06
5.775120024e-07
0.03759793796
2.550032796e-06
-4.92862181e-08
0.03758923049
9.42646492e-06
-8.152163215e-07
0.03757627005
1.419880539e-05
-1.383299764e-06
0.03756144631
1.626411522e-05
-1.633237754e-06
0.03754719485
1.557745505e-05
-1.562597587e-06
0.03753524792
1.294424216e-05
-1.269384604e-06
0.03752589087
1.000762495e-05
-9.484398104e-07
0.03751862805
7.657821399e-06
-7.217055501e-07
0.03751310448
5.738291619e-06
-5.698778127e-07
0.03750907703
4.111038786e-06
-4.619191346e-07
0.03750615739
2.921425197e-06
-3.918814747e-07
0.03750410104
1.993858419e-06
-3.406583051e-07
0.03750261376
1.39625847e-06
-3.217920304e-07
0.03750158221
9.354254452e-07
-3.226027689e-07
0.03750083666
6.432243415e-07
-3.196063235e-07
0.03750032214
4.165832057e-07
-3.294246602e-07
0.0374999372
2.84774037e-07
-3.32728992e-07
0.03749965952
1.887075516e-07
-3.455905691e-07
0.03749943023
1.496133247e-07
-3.552603753e-07
1.29071142e-07
-3.66708192e-07
0.03750064306
-1.395886491e-06
4.037074572e-08
0.03750257571
-4.197992035e-06
1.235002139e-07
0.03750597476
-7.392774682e-06
2.396244525e-07
0.03751114284
-1.125512895e-05
4.142746078e-07
0.03751846155
-1.595047603e-05
6.728047783e-07
0.03752830646
-2.1444926e-05
1.033614721e-06
0.03754089829
-2.738883802e-05
1.496602035e-06
0.03755602998
-3.279410714e-05
2.007498093e-06
0.03757264101
-3.60510235e-05
2.445416742e-06
0.03758866117
-3.463093324e-05
2.58434037e-06
0.0376004798
-2.617744646e-05
2.135934308e-06
0.03760544066
-1.093242644e-05
1.128431778e-06
0.03760267093
5.316631456e-06
-4.03170311e-08
0.03759295682
2.023127645e-05
-1.184911157e-06
0.03757843249
3.057211662e-05
-1.999852359e-06
0.0375620431
3.479023743e-05
-2.340372774e-06
0.03754681917
3.274510031e-05
-2.198708134e-06
0.03753469386
2.651753006e-05
-1.738133624e-06
0.03752550401
2.019767583e-05
-1.31207453e-06
0.03751843757
1.544758414e-05
-1.066501229e-06
0.03751312129
1.158269757e-05
-9.009046506e-07
0.03750930564
8.297455246e-06
-7.673200361e-07
0.03750660112
5.891566535e-06
-6.818677115e-07
0.03750468502
4.115837492e-06
-6.433821715e-07
0.03750330196
2.942989794e-06
-6.169852615e-07
0.03750233754
2.036930703e-06
-5.981686991e-07
0.03750164503
1.460214398e-06
-5.837119277e-07
0.03750116623
1.010765135e-06
-5.681029471e-07
0.03750080183
7.603319585e-07
-5.535145736e-07
0.03750054341
5.571120856e-07
-5.321186864e-07
0.03750032563
4.787232155e-07
-5.139632306e-07
4.158381076e-07
-4.810454585e-07
0.03750055637
-2.004380543e-06
5.471663113e-08
0.03750222914
-6.031462944e-06
1.686153458e-07
0.03750522278
-1.07075765e-05
3.35417122e-07
0.03750990109
-1.651031545e-05
5.992695232e-07
0.03751677961
-2.380656886e-05
1.010639677e-06
0.03752647505
-3.271057663e-05
1.616848026e-06
0.03753960086
-4.289587035e-05
2.444662156e-06
0.0375563577
-5.289325363e-05
3.423128514e-06
0.03757604354
-5.998833977e-05
4.347184396e-06
0.03759574697
-5.894718576e-05
4.713315753e-06
0.0376106427
-4.491025827e-05
3.918250192e-06
0.0376168953
-1.919148348e-05
2.040922714e-06
0.03761303491
9.343746293e-06
-1.820789319e-07
0.03760068248
3.466769169e-05
-2.164953886e-06
0.03758252489
5.210949487e-05
-3.533722319e-06
0.03756254821
5.852099581e-05
-3.972805099e-06
0.03754511821
5.326143499e-05
-3.371397362e-06
0.03753273086
4.069977154e-05
-2.103497402e-06
0.03752400175
2.971501541e-05
-1.104232721e-06
0.03751745418
2.221887497e-05
-5.871066436e-07
0.03751269599
1.62247234e-05
-2.78697855e-07
0.03750940139
1.125250512e-05
-7.572304177e-08
0.03750712292
7.724557389e-06
4.57499125e-08
0.03750551529
5.254361727e-06
6.098987828e-08
0.03750439782
3.591689019e-06
5.156718587e-08
0.03750362145
2.34554754e-06
3.17341514e-08
0.03750308714
1.552067703e-06
-8.124305156e-09
0.03750271411
9.643996738e-07
-6.409405249e-08
0.03750244621
6.430600133e-07
-1.231814638e-07
0.03750225513
3.968093478e-07
-1.996123422e-07
0.03750209055
3.04135254e-07
-2.561632645e-07
2.839226714e-07
-3.376156683e-07
0.03750041333
-2.492756357e-06
7.789607704e-08
0.03750165497
-7.506212753e-06
2.418649615e-07
0.0375039517
-1.348326659e-05
4.95130867e-07
0.03750772742
-2.117749318e-05
9.177128062e-07
0.03751367367
-3.132728715e-05
1.61513934e-06
0.03752277934
-4.445990103e-05
2.70446215e-06
0.03753639888
-6.072945784e-05
4.3051205e-06
0.03755562599
-7.833291928e-05
6.339420936e-06
0.03758095851
-9.364696009e-05
8.494567338e-06
0.03760800539
-9.526334461e-05
9.468609735e-06
0.03762811372
-7.265398109e-05
7.826292075e-06
0.03763616069
-3.128461118e-05
4.176584946e-06
0.03763054145
1.550618627e-05
-4.695820714e-07
0.03761355485
5.607960714e-05
-4.454037772e-06
0.03758890235
8.40342017e-05
-7.40839251e-06
0.0375629618
9.280335236e-05
-8.566077043e-06
0.03754244065
8.119563312e-05
-7.759779266e-06
0.03752997492
5.837837862e-05
-5.525015964e-06
0.03752195618
4.134532857e-05
-3.836733011e-06
0.03751618698
3.066391429e-05
-2.971104012e-06
0.03751229082
2.20650463e-05
-2.353345268e-06
0.03750978515
1.513678221e-05
-1.869382543e-06
0.0375081107
1.043003666e-05
-1.568540455e-06
0.03750695134
7.269742877e-06
-1.38430404e-06
0.03750615918
5.12713344e-06
-1.231565146e-06
0.03750561161
3.583029799e-06
-1.089501306e-06
0.03750523662
2.573893941e-06
-9.6063942e-07
0.0375049703
1.867848644e-06
-8.40192512e-07
0.03750478513
1.451206769e-06
-7.220894408e-07
0.03750464873
1.16875211e-06
-5.853417209e-07
0.0375045585
1.018256181e-06
-4.800838333e-07
9.44162388e-07
-3.248315223e-07
0.03750019593
-2.796898758e-06
1.112809994e-07
0.03750080027
-8.449674511e-06
3.485990077e-07
0.03750201121
-1.541185792e-05
7.354308055e-07
0.03750425525
-2.480877046e-05
1.416445677e-06
0.03750837674
-3.801546848e-05
2.613440911e-06
0.03751582015
-5.64347387e-05
4.60547475e-06
0.03752918208
-8.177110133e-05
7.811720847e-06
0.03755146833
-0.0001126984541
1.229255379e-05
0.0375869864
-0.0001465614835
1.772617962e-05
0.03762718014
-0.0001549662176
1.993662896e-05
0.03765581806
-0.000116847236
1.603082631e-05
0.0376659711
-4.966610116e-05
8.637223857e-06
0.03765774645
2.378931871e-05
2.68857883e-07
0.0376318082
8.950605158e-05
-7.283934594e-06
0.03759418143
0.0001342416539
-1.256722619e-05
0.03755776611
0.0001411714788
-1.205424265e-05
0.03753461162
0.0001117125546
-7.651976197e-06
0.03752392333
7.088340848e-05
-2.019658196e-06
0.03751775741
4.679015927e-05
7.243661888e-07
0.03751361805
3.333748138e-05
1.52834686e-06
0.03751129132
2.257005096e-05
2.006567179e-06
0.03751002406
1.43425369e-05
2.301119699e-06
0.03750923968
9.08593128e-06
2.302917289e-06
0.03750873804
5.660571818e-06
2.105267593e-06
0.03750843392
3.398614002e-06
1.838290498e-06
0.03750824543
1.856649661e-06
1.551801376e-06
0.03750811405
8.733100955e-07
1.251213251e-06
0.03750802423
2.076364383e-07
9.432525704e-07
0.03750795621
-1.728226358e-07
6.793524878e-07
0.03750792122
-3.972898968e-07
3.802866522e-07
0.03750782975
-4.692222833e-07
1.644166853e-07
-3.814784491e-07
-7.183689609e-08
0.03749991385
-2.860903427e-06
1.53152364e-07
0.03749962811
-8.645037724e-06
4.903388143e-07
0.03749925053
-1.608806071e-05
1.070253995e-06
0.03749904098
-2.672162e-05
2.145673545e-06
0.03749978358
-4.290285499e-05
4.176256196e-06
0.03750325469
-6.766826419e-05
7.810884151e-06
0.03751380148
-0.0001065232625
1.4371732e-05
0.03753824236
-0.000161437978
2.469538115e-05
0.03759304857
-0.0002404756104
3.98805857e-05
0.03765739867
-0.0002637028879
4.535879648e-05
0.03770116912
-0.0001933800458
3.408781478e-05
0.03771489278
-7.673112607e-05
1.445427649e-05
0.03770343713
4.111693489e-05
-4.891527525e-06
0.0376650461
0.0001526130661
-2.399901918e-05
0.03760618047
0.0002366014068
-4.324909284e-05
0.03754703631
0.0002484176893
-4.81480936e-05
0.03752051398
0.0001724491823
-3.469402118e-05
0.03751296609
0.0001001025503
-1.993824719e-05
0.0375097709
6.362396837e-05
-1.243916814e-05
0.03750860296
4.324985114e-05
-8.668000454e-06
0.03750896824
2.785892226e-05
-5.927618523e-06
0.03750952894
1.778126669e-05
-3.952718307e-06
0.03750989905
1.201481317e-05
-2.596485973e-06
0.03751016072
8.297386625e-06
-1.603431643e-06
0.03751039719
5.8828291e-06
-8.364005858e-07
0.03751057828
4.349612033e-06
-1.723449848e-07
0.0375107285
3.438153492e-06
3.468386918e-07
0.03751083913
2.871698213e-06
8.403367281e-07
0.03751093065
2.579402059e-06
1.212358565e-06
0.03751100928
2.440362741e-06
1.641668637e-06
0.03751109095
2.404858407e-06
1.948435313e-06
2.402821535e-06
2.421225498e-06
0.03749954123
-2.605024529e-06
2.051409699e-07
0.03749814664
-7.905493361e-06
6.60911869e-07
0.03749562007
-1.504834634e-05
1.491138164e-06
0.03749171597
-2.595765275e-05
3.120437363e-06
0.03748652417
-4.425554208e-05
6.460343948e-06
0.03748117454
-7.547732809e-05
1.296279092e-05
0.03748176809
-0.0001340096265
2.693753379e-05
0.03750447218
-0.0002354348751
5.223791474e-05
0.03759849516
-0.000425229603
9.291023633e-05
0.03769989883
-0.0001175523158
0.0001055140245
-0.0001212131296
-0.0001159301897
-0.0001137916611
0.03777390175
-0.0001073202919
9.418574089e-05
-7.60123218e-05
-0.0001015252841
-7.22511182e-05
0.03778483211
-4.375812313e-05
5.406483695e-05
-2.423003188e-05
-4.568592843e-05
-2.429936976e-05
0.03777237864
-2.86399581e-06
2.928064682e-05
1.646205704e-05
-3.527659892e-06
1.743931372e-05
0.03770184302
4.389959364e-05
-7.055745413e-06
7.577720736e-05
4.301304612e-05
7.148065996e-05
0.03761424383
8.746169227e-05
-2.194275226e-05
8.800057562e-05
8.508842757e-05
8.714978947e-05
0.03751815561
0.0003866717217
-4.06765194e-05
0.03750231629
0.0001972026798
-1.197406504e-05
0.03750173757
9.665314789e-05
9.639571226e-06
0.03750266409
5.709559097e-05
1.551948299e-05
0.03750598182
3.183750327e-05
1.663084125e-05
0.03750953601
1.353635005e-05
1.73668249e-05
0.03751187894
2.952209036e-06
1.718235452e-05
0.03751342844
-2.975265232e-06
1.622276316e-05
0.0375145348
-6.743688075e-06
1.511835883e-05
0.03751538489
-9.182253452e-06
1.400233828e-05
0.03751593526
-1.065548614e-05
1.30208636e-05
0.03751625382
-1.153609701e-05
1.224008563e-05
0.03751643837
-1.209092862e-05
1.151421395e-05
0.03751655664
-1.243526293e-05
1.095692465e-05
0.03751663264
-1.263461175e-05
1.038300153e-05
0.03751657576
-1.269454132e-05
1.003952967e-05
-1.273706093e-05
9.706649862e-06
0.0374991387
-2.001235998e-06
2.573409815e-07
0.03749649529
-6.099570968e-06
8.326457277e-07
0.03749135108
-1.189899786e-05
1.956689331e-06
0.03748228309
-2.125699197e-05
4.193933649e-06
0.03746743256
-3.94136918e-05
9.447570554e-06
0.03744332162
-7.284731597e-05
2.014794311e-05
0.03741078306
-0.0001529499803
5.035541395e-05
0.03742700424
-7.958425912e-05
0.000124773017
-0.0001119848708
-7.54183101e-05
-0.0001056293506
0.009401172745
-0.000179962445
0.0002574289436
-0.0002541497085
-0.0001701671505
-0.0002186662192
0.009376409547
0.009405880556
0.009389473636
-6.473816383e-07
0.009418434172
-0.000166540699
3.237433804e-05
-3.160693985e-06
0.009470240703
-0.0001591200499
2.818705294e-05
-0.009443467303
-2.361537462e-06
-0.009480093303
0.009481280997
-4.883252275e-05
6.248245603e-06
-1.627106689e-06
-0.009478776247
0.009480501845
-8.577600777e-06
5.615112359e-06
-2.545810948e-06
-0.009480659505
0.009472843745
6.222216102e-05
-7.960992592e-06
-0.009449383384
-1.063308745e-06
0.009424792512
0.0001415097317
-2.839385991e-05
0.03743865102
0.0002193464104
-0.0002150563481
0.0001893974233
0.0001838354662
0.0001552977987
-0.009399899176
-0.009379899857
-0.009408597993
-0.009395872334
0.03744179506
0.0001037768642
-8.751735053e-05
6.81104776e-05
7.754991483e-05
4.655311452e-05
0.03745995685
0.0001033338389
-1.436540657e-05
0.03747623305
1.229235752e-05
2.347775826e-05
0.03749116268
-1.466048068e-05
3.45523409e-05
0.03750083002
-2.709857645e-05
4.228359737e-05
0.03750638273
-3.278835607e-05
4.756384376e-05
0.03750994651
-3.598149218e-05
5.119726717e-05
0.03751234605
-3.77158198e-05
5.371464621e-05
0.03751392818
-3.864146428e-05
5.562822192e-05
0.03751497748
-3.907455247e-05
5.709904175e-05
0.03751571972
-3.926193264e-05
5.829398062e-05
0.03751623483
-3.926453038e-05
5.92239292e-05
0.03751660264
-3.923474278e-05
6.002030052e-05
0.03751689213
-3.911253694e-05
6.063167142e-05
0.03751706319
-3.902586849e-05
6.121793925e-05
-3.884586789e-05
6.16563896e-05
0.03749878274
-1.086546362e-06
2.976532069e-07
0.03749499834
-3.327191331e-06
9.845333333e-07
0.03748728313
-6.607937506e-06
2.290089485e-06
0.03747239124
-1.21564358e-05
5.228745623e-06
0.03744363023
-2.40767769e-05
1.145183317e-05
0.03738513917
-4.899618242e-05
2.888557044e-05
0.009325175074
-2.743936467e-05
7.506224648e-05
0.009312703326
0.009325819164
0.009308190148
-3.891405044e-05
-2.523317453e-05
-3.880008151e-05
3.627355618e-08
0.009311620153
-9.075673242e-05
2.469112094e-05
-8.500106448e-06
0.009305179677
-0.0002654561543
9.854004078e-05
-0.009309725902
6.876187761e-06
0.009322081594
0.0001126119862
-0.009347460499
-7.89238937e-05
-8.382534446e-05
-7.866634469e-05
-8.753531614e-05
0.0002348416296
-3.829102531e-05
-0.009364194727
0.009493384849
0.0002633974704
-9.913558614e-05
-0.0002098065494
-0.0001343233747
-0.0001825198175
0.0002714887611
-1.45322111e-05
0.009461565897
1.370817869e-05
-0.009478834821
1.486812757e-05
-1.204828703e-05
5.578266202e-06
-1.154081461e-05
2.123567016e-05
-9.353607226e-06
-0.009455123922
0.009460887976
6.90869775e-05
-7.242740741e-06
-2.477840912e-05
-2.282649299e-05
-1.431582975e-05
3.666050532e-06
-0.00947946794
-1.919335026e-05
0.009497670913
3.524353005e-05
-2.622965025e-05
-1.161696658e-05
6.375721838e-05
4.483867419e-05
-0.0001050024229
-9.395794834e-06
-0.009406963152
0.009355314281
-0.0001093639515
8.330473234e-05
0.0001437270839
7.764925447e-05
0.0001338986517
-0.0002681711059
-0.009372899434
-2.80625055e-06
0.009321266105
0.0003623529369
-8.856693487e-05
-0.009321940745
-1.807405075e-05
0.009313513548
0.0001334095064
-3.131372959e-06
0.03739774848
0.0001288739224
-0.0001538034204
-0.009337697803
-0.00931625677
-0.009336126743
-0.00931661953
0.0001089317354
6.667967191e-05
5.231901025e-05
0.03746878614
8.404721566e-05
-7.933923903e-05
0.03749291937
5.694999364e-05
-6.71676064e-05
0.03750622607
3.76518961e-05
-6.483007307e-05
0.03751357864
2.765665189e-05
-6.510447877e-05
0.03751775266
2.206021398e-05
-6.791784046e-05
0.03752022492
1.85258075e-05
-7.044416269e-05
0.03752176166
1.623451841e-05
-7.228478509e-05
0.03752271657
1.468958517e-05
-7.370553403e-05
0.03752332955
1.356828462e-05
-7.476110972e-05
0.03752372892
1.276069525e-05
-7.567034985e-05
0.03752399569
1.21206486e-05
-7.63652228e-05
0.03752419235
1.162303359e-05
-7.704095604e-05
0.03752427782
1.127374481e-05
-7.745650607e-05
1.06770591e-05
-7.793424795e-05
0.03749857345
8.382272157e-09
3.210273965e-07
0.03749411233
2.494220511e-08
1.054527271e-06
0.03748473136
4.042905319e-08
2.474519404e-06
0.03746577302
4.82208465e-08
5.637184472e-06
0.03742482484
1.743118523e-08
1.247265438e-05
0.009334882974
-1.8558447e-07
2.804068328e-05
0.00933301634
0.009332792809
0.00932973922
1.180540054e-05
0.009306677572
-1.37265757e-05
2.687213041e-06
2.802148775e-05
0.009179289579
-5.769569843e-05
2.93966936e-05
8.826717041e-05
-0.009267279232
-2.04532558e-05
0.0001034363492
-0.00230417186
0.002315643514
-0.0001541345778
5.967982977e-05
1.818741317e-06
0.0001740045855
-0.002444851622
0.002346492305
-7.746400915e-05
-0.0001603524608
-0.001867283128
0.001220485538
0.0008071500513
4.771096787e-05
-0.002288225336
-0.0002209817678
0.00254633618
-8.484005845e-05
-0.00237487146
-6.920661031e-05
-0.0002539590235
0.001236189518
-0.0007542075149
0.002216055072
-0.002305011367
2.068284835e-05
0.009137085257
-0.0001863603281
-0.002240843401
-0.002288664081
-0.00227737179
0.0002261818736
1.18298382e-05
-2.053444528e-05
0.0001682341606
-0.0002452284859
-0.00918914669
2.691305709e-05
0.009243677183
0.0001188288277
-7.13984398e-05
0.03688930614
8.538579937e-05
-0.0002043255613
-0.009261626683
-0.008944701456
-0.009301945319
-0.009281538529
0.03694370231
9.471519277e-05
-0.0001787727369
0.03696638026
9.547493419e-05
-0.0001530241143
0.03697929181
9.367653023e-05
-0.0001390290595
0.03698767532
9.202479585e-05
-0.0001303350021
0.03699367125
9.003772454e-05
-0.0001241011859
0.03699816781
8.797557291e-05
-0.0001196039673
0.03700175089
8.59184784e-05
-0.0001161517858
0.03700478979
8.394565498e-05
-0.0001135830367
0.03700748183
8.209847909e-05
-0.0001113057891
0.0370099928
8.037481847e-05
-0.0001093701613
0.03701233017
7.870220096e-05
-0.000107485645
0.03701469772
7.733849522e-05
-0.0001061856558
7.528572478e-05
-0.0001036793669
0.03749857382
1.102996834e-06
3.192825813e-07
0.03749411323
3.37629179e-06
1.049037137e-06
0.03748473297
6.68869478e-06
2.4610667e-06
0.03746575793
1.226415877e-05
5.608742382e-06
0.03742475133
2.416517675e-05
1.237880467e-05
0.009332928955
4.895402881e-05
2.772229023e-05
0.009334780215
0.009329619083
0.009332616398
2.088679303e-05
3.846472776e-07
0.009299369116
1.335732442e-05
-1.068925477e-06
0.0001378113045
3.150295221e-06
5.529019104e-05
-2.368558773e-05
0.002254853771
0.002281510689
0.002280486604
0.002244277978
-0.009233695244
-3.083771837e-05
-0.001720131926
0.0002755897387
0.001475379906
-0.0015106566
-0.000163682626
-1.828507459e-05
-0.000496773501
0.0002246586855
0.001964739092
-0.008594675216
-0.0004203727748
4.858338272e-05
0.008715045677
6.207315203e-06
0.0002452116219
0.03655079603
0.0001208290619
0.0001872581134
-0.008851024431
-0.009168580852
-0.009194608491
-0.009250418695
0.03660228797
0.0001384942434
0.0001738490459
0.0366314648
0.0001389422995
0.0001726609344
0.03664669809
0.0001399315981
0.0001680430909
0.03665562684
0.0001389912117
0.0001632750257
0.03666135312
0.0001372050989
0.000159264885
0.03666542759
0.0001352754663
0.0001559024381
0.03666853213
0.00013337633
0.0001531434245
0.0366710486
0.0001315477555
0.0001508753986
0.0366731924
0.0001297986457
0.0001489295597
0.03667508127
0.0001281390968
0.0001471838882
0.03667684379
0.0001265259066
0.0001456960591
0.03667851699
0.0001251126377
0.0001441954829
0.0001231898507
0.0001434618468
0.03749878381
2.016550759e-06
2.927989846e-07
0.03749500277
6.145276037e-06
9.690982399e-07
0.03748729097
1.197587819e-05
2.252564294e-06
0.03747239602
2.136251034e-05
5.15014477e-06
0.03744358127
3.954059709e-05
1.119660749e-05
0.03738469463
7.297898576e-05
2.827822005e-05
0.009311697326
0.0001534098424
7.196978829e-05
-2.724636962e-05
-3.873428071e-05
-2.514353637e-05
-3.886209786e-05
0.009324722249
0.009307169126
0.00932506789
-8.802134091e-05
9.5470749e-06
0.009274708982
9.085109101e-05
2.461151936e-05
-0.0001042264148
9.244540918e-06
0.009233929969
0.0002697827912
0.0002079859139
-0.0001323659853
-9.664073631e-05
-0.0001336884976
-0.009254021581
-0.0001950688393
1.569803417e-06
-0.002267267446
0.00229564648
4.596965181e-05
0.0001191503493
-0.00131294192
0.0001334664022
-0.002234382457
0.002253802467
0.0007884728795
0.0003715826306
-9.018126067e-06
-0.002124170629
0.002169727658
4.081977217e-05
-7.735866618e-05
-2.754450226e-05
-0.002287812602
0.002263272795
7.791889743e-05
-2.583459191e-05
-0.002119977787
-5.84743309e-06
0.002019456105
9.509317221e-05
1.127593671e-05
0.0001829478185
6.476129099e-06
-0.002086540931
0.002189874268
-0.0001491152867
-0.0001436420066
0.0002279141342
-0.002270404399
1.085685118e-05
0.009256643665
-0.0003337940786
-0.0004003457351
0.0002182261447
0.000168556882
0.0001783442478
-0.002381240006
-0.002315848122
-0.002358909593
9.611733716e-05
-0.009271597535
8.687856139e-05
0.009276970521
-9.044687027e-05
-9.792198076e-05
0.03738920855
-4.314284483e-05
-0.00010320463
-5.935763601e-05
-7.672192183e-05
-2.017833182e-05
-5.345384793e-05
-0.009296688117
-0.009327656386
-0.00930289617
-0.009324446173
0.0374466821
7.942513744e-06
-9.61098956e-05
0.03747317176
5.547438575e-05
-7.145787943e-05
0.0374824993
7.780625635e-05
-6.202031839e-05
0.03748590697
9.106532507e-05
-5.713174308e-05
0.03748663132
9.876937323e-05
-5.412413707e-05
0.03748594983
0.0001033890597
-5.225812098e-05
0.03748446155
0.0001063409504
-5.098860098e-05
0.03748251541
0.0001083106772
-5.008903861e-05
0.03748032099
0.0001095976113
-4.938491314e-05
0.03747798374
0.0001104507257
-4.881378489e-05
0.03747556563
0.000110979405
-4.832960054e-05
0.03747312266
0.0001112962887
-4.791438726e-05
0.0374705517
0.0001115048256
-4.752498984e-05
0.0001115934824
-4.771546504e-05
0.03749914049
2.618551398e-06
2.502154773e-07
0.0374965023
7.945889395e-06
8.095882908e-07
0.03749136625
1.511642596e-05
1.905745566e-06
0.0374823063
2.605110552e-05
4.085521991e-06
0.03746743217
4.437853655e-05
9.18854237e-06
0.03744321352
7.559366576e-05
1.953216028e-05
0.03741005808
0.0001342514746
4.883736452e-05
0.03742427744
0.0002354143253
0.000122381963
-7.963233931e-05
-0.0001122283275
-7.550216243e-05
-0.0001061400516
0.009378063695
0.0004281330526
0.000257481065
-0.0001810867154
-0.0002592922427
-0.0001718265937
-0.000223453766
0.009401639367
0.00939144711
0.009407086998
-0.0002400112449
-1.858807714e-06
0.00939634835
0.0001682124268
5.537296935e-05
-0.00027911584
1.069957452e-05
0.009479926511
0.0001614218022
5.718850836e-05
-0.009430120559
-3.082808736e-05
6.923412855e-06
-0.009482891804
0.009473752113
5.20095893e-05
-1.896522765e-05
-1.384572052e-05
5.522003748e-06
-0.009465873298
0.009471532531
1.215599208e-05
-9.491520975e-06
9.424473609e-05
8.957573193e-06
-0.009479241284
0.009476202956
-5.815365799e-05
-4.201032928e-05
0.0002581286373
-0.009425716866
6.561959795e-06
0.009389394952
-0.0001375026059
-9.086607954e-05
0.03743976752
-0.0003757727693
-0.000221433202
0.0002111720365
0.000180032023
0.0001767807981
0.0001451522862
-0.009377763227
-0.009399166959
-0.009393085012
-0.009407027559
0.03744470225
-0.0002047242097
-0.0001026818316
0.0001021006169
5.067427515e-05
7.932646757e-05
3.028836418e-05
0.03746548423
-7.941834919e-05
-2.023461998e-05
0.03747504842
-3.156178779e-05
5.489853257e-06
0.03748975359
-4.947922474e-06
1.507587925e-05
0.03749883166
1.32514427e-05
1.89383308e-05
0.03750439282
2.350679339e-05
2.055199719e-05
0.03750817445
2.924517394e-05
2.047493538e-05
0.03751081093
3.290771564e-05
1.978073339e-05
0.03751254379
3.529135636e-05
1.892262006e-05
0.03751366674
3.696097936e-05
1.806105477e-05
0.03751443958
3.801300439e-05
1.725932756e-05
0.03751495604
3.881498025e-05
1.645881756e-05
0.03751532269
3.928853176e-05
1.572856289e-05
0.0375155781
3.968452037e-05
1.49744481e-05
0.03751592233
3.98372997e-05
1.430473094e-05
3.992691837e-05
1.343605164e-05
0.03749954335
2.872314245e-06
1.966581381e-07
0.03749815494
8.679291366e-06
6.33783349e-07
0.03749563879
1.614503151e-05
1.434887682e-06
0.03749174892
2.679994137e-05
3.010807467e-06
0.03748656612
4.300127697e-05
6.23902637e-06
0.03748120287
6.777177828e-05
1.251563366e-05
0.0374816966
0.0001066575138
2.605173129e-05
0.03750419801
0.0001614822869
5.081403158e-05
0.03759967821
0.000241031565
9.143134991e-05
0.03770180314
0.000264556487
0.0001028506547
-0.0001181593956
-0.0001218842594
-0.0001168008145
-0.0001147807271
0.03777414534
0.0001945248933
8.935332804e-05
-0.0001082636449
-7.726602293e-05
-0.0001025773442
-7.363112654e-05
0.03778456705
7.794969547e-05
4.944619152e-05
-4.510864987e-05
-2.565952057e-05
-4.697907173e-05
-2.553220541e-05
0.03777186311
-3.914381986e-05
2.480244535e-05
-4.544335363e-06
1.469005756e-05
-4.882866082e-06
1.606731536e-05
0.03769971053
-0.0001519252612
-1.257290094e-05
4.235586101e-05
7.42506603e-05
4.195441703e-05
7.057646576e-05
0.03761314129
-0.0002347015797
-2.721379816e-05
8.544085909e-05
8.623087904e-05
8.37492737e-05
8.58350854e-05
0.03751978714
-0.0002466072946
-4.627164679e-05
0.03750082064
-0.0001730488737
-2.153930873e-05
0.03750054556
-9.494729443e-05
-1.041727545e-06
0.03750101721
-5.83319458e-05
4.166641299e-06
0.03750490896
-3.836729329e-05
6.769730784e-06
0.03750896908
-2.255021461e-05
9.519739922e-06
0.03751139478
-1.153925891e-05
1.126057528e-05
0.03751303201
-4.878762729e-06
1.241041644e-05
0.0375141839
-3.836888634e-07
1.338159571e-05
0.03751493863
2.74824462e-06
1.414662685e-05
0.03751539371
5.124974307e-06
1.47995426e-05
0.03751570258
6.69909592e-06
1.535724873e-05
0.03751590151
7.898771668e-06
1.587784911e-05
0.03751603399
8.679343502e-06
1.630806525e-05
0.03751612594
9.3395447e-06
1.677901154e-05
0.03751618583
9.76047362e-06
1.70927724e-05
1.028014952e-05
1.728265819e-05
0.03749991587
2.80628292e-06
1.441529931e-07
0.03749963655
8.477458667e-06
4.618283776e-07
0.03749926996
1.545760814e-05
1.01392992e-06
0.0374990757
2.487134537e-05
2.043910312e-06
0.03749983594
3.809223255e-05
3.992648322e-06
0.0375033202
5.651769132e-05
7.484995394e-06
0.03751387373
8.1859714e-05
1.380062732e-05
0.03753829636
0.0001127607206
2.383232583e-05
0.03759334376
0.000146678733
3.870769144e-05
0.03765784038
0.0001551907309
4.360582095e-05
0.03770133916
0.0001171867287
3.162559031e-05
0.03771489933
5.012958287e-05
1.176725964e-05
0.03770354901
-2.313218205e-05
-7.657363516e-06
0.03766480898
-8.897491766e-05
-2.750078238e-05
0.03760620338
-0.00013355297
-4.655855048e-05
0.03754734169
-0.0001404012868
-5.234188043e-05
0.03752021353
-0.0001115052737
-4.052847174e-05
0.03751309953
-7.028051326e-05
-2.644717843e-05
0.03750979396
-4.56196377e-05
-1.853684442e-05
0.03750848736
-3.162957916e-05
-1.416314402e-05
0.0375088071
-2.032877761e-05
-1.134953455e-05
0.03750923529
-1.166313247e-05
-9.50791893e-06
0.03750955425
-6.087099181e-06
-8.854836011e-06
0.03750977164
-2.3972954e-06
-8.476673651e-06
0.03750997853
1.095804932e-07
-8.363938294e-06
0.03751015257
2.036978122e-06
-8.411259805e-06
0.03751029888
3.273700422e-06
-8.533860682e-06
0.03751041191
4.199750918e-06
-8.685715096e-06
0.03751051242
4.768987556e-06
-8.869462046e-06
0.03751057413
5.245941978e-06
-9.057517562e-06
0.03751075364
5.469445736e-06
-9.271378319e-06
5.64030037e-06
-9.575514259e-06
0.03750019808
2.499979083e-06
1.021844636e-07
0.03750080839
7.527913458e-06
3.20366303e-07
0.03750202937
1.351877962e-05
6.816221299e-07
0.0375042878
2.122547817e-05
1.324278601e-06
0.03750842714
3.138518442e-05
2.460045131e-06
0.03751588894
4.452306018e-05
4.355993471e-06
0.03752926846
6.079316578e-05
7.414468648e-06
0.03755156653
7.838653607e-05
1.170717871e-05
0.03758712567
9.37005747e-05
1.689669473e-05
0.03762734584
9.534113871e-05
1.880039142e-05
0.03765593739
7.277603977e-05
1.461688129e-05
0.03766609513
3.143271707e-05
7.046809495e-06
0.03765786889
-1.525379177e-05
-1.452382063e-06
0.03763191997
-5.591251616e-05
-9.268017296e-06
0.03759433543
-8.386274711e-05
-1.47217694e-05
0.03755799177
-9.263106114e-05
-1.463296508e-05
0.03753472143
-8.125176573e-05
-1.082656747e-05
0.03752400189
-5.830858057e-05
-5.689467051e-06
0.03751772386
-4.10269256e-05
-3.337258957e-06
0.0375135323
-3.026955548e-05
-2.602869604e-06
0.03751118776
-2.160056299e-05
-2.208316377e-06
0.03750990567
-1.45802472e-05
-1.902421464e-06
0.03750911384
-9.757490293e-06
-1.712696754e-06
0.0375085989
-6.435729323e-06
-1.575807962e-06
0.03750827518
-4.163737382e-06
-1.426788177e-06
0.03750807265
-2.428156292e-06
-1.274525714e-06
0.03750793446
-1.28124308e-06
-1.119944847e-06
0.03750783612
-3.886011819e-07
-9.428166545e-07
0.03750776457
1.531677523e-07
-7.644523941e-07
0.0375076991
6.323258221e-07
-5.749677577e-07
0.03750761932
8.924761792e-07
-4.256244739e-07
1.18616817e-06
-3.208371088e-07
0.03750041522
2.009675012e-06
6.907290971e-08
0.03750166251
6.047326347e-06
2.147298175e-07
0.03750396863
1.073344002e-05
4.447018028e-07
0.0375077573
1.654505272e-05
8.346345581e-07
0.03751371931
2.384827773e-05
1.484274711e-06
0.03752284228
3.275612067e-05
2.504288816e-06
0.03753647872
4.294145623e-05
4.006337208e-06
0.03755571951
5.29344484e-05
5.913727371e-06
0.03758106499
6.002523309e-05
7.90950873e-06
0.03760812046
5.898701248e-05
8.703800037e-06
0.03762823143
4.496485233e-05
6.901053437e-06
0.0376362827
1.925621082e-05
3.125028916e-06
0.03763069565
-9.254525021e-06
-1.656754938e-06
0.03761371336
-3.459634e-05
-5.816857486e-06
0.03758907484
-5.205057269e-05
-8.968137445e-06
0.03756314583
-5.847871798e-05
-1.040549583e-05
0.03754255037
-5.328529143e-05
-9.942862035e-06
0.03753003747
-4.070113488e-05
-8.141626227e-06
0.03752200248
-2.966209776e-05
-6.735721058e-06
0.03751619757
-2.21552902e-05
-5.874928256e-06
0.03751227697
-1.612001698e-05
-5.187200683e-06
0.03750974109
-1.109382031e-05
-4.631685485e-06
0.03750803398
-7.493327852e-06
-4.300865588e-06
0.03750685473
-4.955180559e-06
-4.118056977e-06
0.03750604015
-3.23006024e-06
-4.007041855e-06
0.03750547988
-1.919540786e-06
-3.942142562e-06
0.03750508994
-1.059571204e-06
-3.914629508e-06
0.03750481399
-4.002454938e-07
-3.911050776e-06
0.03750462327
-1.886662353e-08
-3.934477387e-06
0.03750446524
3.205284953e-07
-3.959295571e-06
0.03750436962
4.729455627e-07
-4.016244145e-06
5.689123889e-07
-4.101073098e-06
0.03750055814
1.399348936e-06
4.627352489e-08
0.03750223616
4.208360886e-06
1.427478565e-07
0.03750523844
7.409641088e-06
2.882624839e-07
0.03750992847
1.12777036e-05
5.23689457e-07
0.03751682117
1.597748979e-05
8.959486002e-07
0.0375265321
2.147448509e-05
1.448661537e-06
0.03753967308
2.74186768e-05
2.20481561e-06
0.03755644314
3.282186837e-05
3.093064279e-06
0.03757613932
3.607625239e-05
3.908718613e-06
0.03759585085
3.465533108e-05
4.156085773e-06
0.0376107554
2.620761005e-05
3.248681269e-06
0.03761702042
1.096510591e-05
1.262343528e-06
0.03761317804
-5.278507449e-06
-1.072075668e-06
0.03760083331
-2.019920895e-05
-3.187929222e-06
0.03758268138
-3.055378481e-05
-4.713142051e-06
0.03756269966
-3.478697156e-05
-5.34416898e-06
0.03754522906
-3.276829594e-05
-4.960498184e-06
0.03753281924
-2.654610947e-05
-3.947263498e-06
0.03752406113
-2.022184832e-05
-3.091579591e-06
0.03751747084
-1.545996059e-05
-2.612933497e-06
0.03751268517
-1.157531859e-05
-2.3708039e-06
0.03750936408
-8.26481198e-06
-2.218692741e-06
0.03750707156
-5.843706505e-06
-2.163249395e-06
0.03750544782
-4.044419629e-06
-2.147272586e-06
0.03750432141
-2.865950911e-06
-2.134132944e-06
0.03750353128
-1.920132966e-06
-2.117871634e-06
0.03750299111
-1.332766127e-06
-2.102249609e-06
0.03750260671
-8.362072642e-07
-2.072784712e-06
0.03750233312
-5.724166561e-07
-2.046087473e-06
0.0375021316
-3.216655506e-07
-1.993508322e-06
0.03750196421
-2.07457439e-07
-1.952838807e-06
-9.43247879e-08
-1.913851538e-06
0.03750064473
7.165539114e-07
3.224343413e-08
0.03750258236
2.154203723e-06
9.86990611e-08
0.03750598953
3.775213594e-06
1.949748717e-07
0.03751116849
5.703423891e-06
3.440116398e-07
0.03751850024
7.999995784e-06
5.686566656e-07
0.03752835937
1.061824885e-05
8.850340057e-07
0.03754096537
1.336274395e-05
1.290912721e-06
0.03755610994
1.572540147e-05
1.731770758e-06
0.03757273198
1.706853039e-05
2.087809302e-06
0.03758876154
1.609539572e-05
2.137402493e-06
0.03760059071
1.227282031e-05
1.596523806e-06
0.03760556255
4.85600038e-06
4.950312708e-07
0.03760280483
-2.534110104e-06
-7.648021065e-07
0.03759309792
-9.413662234e-06
-2.020024804e-06
0.03757857374
-1.4192935e-05
-2.963248718e-06
0.03756217422
-1.626582804e-05
-3.452322902e-06
0.03754692651
-1.558989761e-05
-3.472014018e-06
0.03753477267
-1.296106945e-05
-3.179003033e-06
0.03752555272
-1.002083783e-05
-2.896355541e-06
0.03751845845
-7.670411208e-06
-2.729866108e-06
0.03751311651
-5.745922523e-06
-2.605398842e-06
0.03750928071
-4.109117357e-06
-2.501262868e-06
0.03750655677
-2.91257628e-06
-2.431702392e-06
0.03750462306
-1.971688823e-06
-2.393477948e-06
0.03750322574
-1.379543643e-06
-2.361195999e-06
0.03750224811
-8.96979114e-07
-2.335671809e-06
0.03750154453
-6.107530081e-07
-2.321506998e-06
0.03750105816
-3.593604067e-07
-2.309141494e-06
0.03750068914
-2.320858991e-07
-2.306215605e-06
0.03750042183
-1.137406858e-07
-2.303518078e-06
0.03750020005
-5.923814949e-08
-2.307504422e-06
-2.125660113e-08
-2.318268994e-06
0.03750068518
2.56140813e-08
0.03750274379
7.798731968e-08
0.03750633546
1.517924485e-07
0.0375117263
2.624997491e-07
0.03751922818
4.235132656e-07
0.03752909731
6.417857115e-07
0.03754140143
9.080475547e-07
0.03755574125
1.179069724e-06
0.03757116147
1.37264511e-06
0.03758555256
1.338185312e-06
0.03759636206
1.004881636e-06
0.03760061099
-1.315117841e-08
0.03759806719
-7.050742123e-07
0.03758936584
-1.56733341e-06
0.03757640424
-2.249658385e-06
0.03756157086
-2.626940133e-06
0.03754729857
-2.694648553e-06
0.03753532435
-2.537537596e-06
0.03752594121
-2.333843234e-06
0.03751865116
-2.18437645e-06
0.03751310482
-2.082272157e-06
0.03750905373
-1.99689147e-06
0.03750611395
-1.955674276e-06
0.03750404483
-1.922591807e-06
0.03750254393
-1.90821684e-06
0.03750150326
-1.898823452e-06
0.03750074689
-1.896374447e-06
0.03750022709
-1.893912995e-06
0.03749983242
-1.892583894e-06
0.03749954639
-1.889617749e-06
0.03749931058
-1.888148842e-06
-1.885352891e-06
0.03750068578
-7.122299118e-07
6.001182595e-08
0.03750274593
-2.140531688e-06
1.825732658e-07
0.03750634043
-3.748890095e-06
3.494938243e-07
0.03751173547
-5.657947978e-06
5.929332191e-07
0.03751924163
-7.924817694e-06
9.410729043e-07
0.03752911119
-1.049816218e-05
1.409596906e-06
0.03754140375
-1.317849154e-05
1.983846972e-06
0.03755571013
-1.546060951e-05
2.584520003e-06
0.03757106281
-1.671789127e-05
3.058854259e-06
0.03758535995
-1.569406029e-05
3.13770264e-06
0.03759608002
-1.190981822e-05
2.67120133e-06
0.03760025803
-4.653136644e-06
1.052643791e-06
0.03759772251
2.555036304e-06
-6.880299912e-08
0.03758907201
9.263855932e-06
-1.42856723e-06
0.03757618814
1.392248251e-05
-2.421910239e-06
0.03756144417
1.594366655e-05
-2.832935786e-06
0.03754724988
1.529904425e-05
-2.667349315e-06
0.03753531297
1.277645963e-05
-2.108932834e-06
0.03752593538
9.940794128e-06
-1.51163488e-06
0.03751865534
7.633553054e-06
-1.075219825e-06
0.03751311804
5.741924538e-06
-7.745050349e-07
0.03750907839
4.130371043e-06
-5.526416094e-07
0.03750615302
2.948279754e-06
-4.148004448e-07
0.03750409105
2.027866503e-06
-3.06557337e-07
0.03750259793
1.436648881e-06
-2.65328124e-07
0.03750156633
9.574795833e-07
-2.484951101e-07
0.03750081635
6.735755616e-07
-2.43207359e-07
0.03750030288
4.246810009e-07
-2.406470291e-07
0.03749991515
2.986226129e-07
-2.436226337e-07
0.03749963625
1.804518095e-07
-2.471477018e-07
0.03749940732
1.249621979e-07
-2.512891549e-07
8.640771443e-08
-2.597014795e-07
0.03750064602
-1.390366114e-06
7.248999317e-08
0.03750258737
-4.17992786e-06
2.215416829e-07
0.03750600142
-7.35416675e-06
4.308501052e-07
0.03751119109
-1.118002082e-05
7.466860418e-07
0.03751853613
-1.581198101e-05
1.214924785e-06
0.03752840604
-2.120276999e-05
1.868311822e-06
0.03754100798
-2.698814542e-05
2.704320152e-06
0.03755611558
-3.218198459e-05
3.621269972e-06
0.03757264614
-3.51978267e-05
4.394789557e-06
0.03758853391
-3.361767256e-05
4.620190421e-06
0.03760023514
-2.528489661e-05
3.809778252e-06
0.03760512058
-1.039696879e-05
1.98682727e-06
0.03760237042
5.362223878e-06
-9.734548143e-08
0.03759273257
1.984300553e-05
-2.126208144e-06
0.03757832342
2.987653711e-05
-3.544757565e-06
0.03756205486
3.39717822e-05
-4.099917824e-06
0.03754690166
3.203064127e-05
-3.77710506e-06
0.03753477365
2.606101304e-05
-2.894677278e-06
0.03752555109
1.993321069e-05
-2.081925254e-06
0.03751846495
1.523638764e-05
-1.583198174e-06
0.03751313504
1.141871305e-05
-1.247779576e-06
0.03750930637
8.172702496e-06
-9.809864548e-07
0.03750658909
5.795581569e-06
-8.118985561e-07
0.037504665
4.024268489e-06
-7.157047816e-07
0.03750327834
2.859871607e-06
-6.53557374e-07
0.03750231233
1.936583712e-06
-6.11263853e-07
0.03750161918
1.365284786e-06
-5.822825465e-07
0.03750114142
8.91693329e-07
-5.573639694e-07
0.03750078108
6.394749478e-07
-5.340288479e-07
0.03750052329
4.098076462e-07
-5.036904179e-07
0.03750030272
3.101242273e-07
-4.785601348e-07
2.293146889e-07
-4.466376453e-07
0.03750056098
-1.99543119e-06
9.880174186e-08
0.03750224778
-6.002218231e-06
3.041054529e-07
0.03750526651
-1.0643447e-05
6.059650441e-07
0.03750998332
-1.638181354e-05
1.084253023e-06
0.03751691246
-2.356010506e-05
1.829623312e-06
0.03752666373
-3.226248582e-05
2.92529987e-06
0.03753982501
-4.211591082e-05
4.41114932e-06
0.03755656046
-5.164058546e-05
6.146276964e-06
0.03757608137
-5.810322199e-05
7.731671554e-06
0.03759550009
-5.662470368e-05
8.301625135e-06
0.03761018752
-4.291343598e-05
6.85935939e-06
0.03761632286
-1.799642753e-05
3.505049172e-06
0.03761252516
9.408957531e-06
-4.311144991e-07
0.03760031
3.389977955e-05
-4.006569686e-06
0.03758239926
5.066993892e-05
-6.416382369e-06
0.03756268179
5.688983921e-05
-7.173381317e-06
0.03754539415
5.207507665e-05
-6.128194241e-06
0.0375329554
4.036744086e-05
-3.971175521e-06
0.03752412787
2.98737918e-05
-2.217276028e-06
0.03751752588
2.249845235e-05
-1.247182217e-06
0.03751272626
1.656968594e-05
-6.300569847e-07
0.03750940622
1.162410064e-05
-2.07087805e-07
0.03750710515
8.077973117e-06
6.442183705e-08
0.03750548445
5.560836124e-06
1.451098091e-07
0.03750435783
3.8476351e-06
1.904215058e-07
0.03750357227
2.544512214e-06
2.093502902e-07
0.03750303235
1.691077181e-06
2.059992017e-07
0.03750265333
1.030285191e-06
1.763254348e-07
0.03750238161
6.426061737e-07
1.454016672e-07
0.03750218553
3.147760386e-07
9.148659288e-08
0.03750202466
1.633693475e-07
5.145971908e-08
2.675645162e-08
-1.618475993e-08
0.03750042083
-2.479708101e-06
1.413404691e-07
0.03750168626
-7.464120444e-06
4.383451297e-07
0.03750402732
-1.33874689e-05
8.980904377e-07
0.03750787534
-2.097749392e-05
1.665373016e-06
0.03751392587
-3.092337458e-05
2.927880741e-06
0.0375231621
-4.368417695e-05
4.88991862e-06
0.03753689429
-5.927614983e-05
7.733167479e-06
0.03755614181
-7.582533143e-05
1.1276653e-05
0.03758112681
-8.943155201e-05
1.483789549e-05
0.03760755375
-8.984062988e-05
1.625760416e-05
0.03762725925
-6.81312436e-05
1.333859399e-05
0.03763502554
-2.832305787e-05
6.736927979e-06
0.03762955112
1.550623614e-05
-1.092443047e-06
0.03761280195
5.435181982e-05
-8.156900546e-06
0.03758858596
8.051314678e-05
-1.303560936e-05
0.03756304165
8.85325459e-05
-1.466447563e-05
0.03754282384
7.727886713e-05
-1.274576163e-05
0.03753030821
5.612152705e-05
-8.763468318e-06
0.03752217615
4.001461996e-05
-5.84550331e-06
0.03751633367
2.964316633e-05
-4.273339318e-06
0.03751236955
2.132729068e-05
-3.146831489e-06
0.03750981313
1.458714162e-05
-2.276014062e-06
0.03750810861
9.98792953e-06
-1.773981342e-06
0.03750693883
6.839337193e-06
-1.4930306e-06
0.0375061376
4.722938895e-06
-1.305648383e-06
0.03750558691
3.155469373e-06
-1.149783486e-06
0.0375052056
2.139155629e-06
-1.027410293e-06
0.03750493693
1.36132438e-06
-9.025708182e-07
0.03750474409
9.083717588e-07
-7.950267585e-07
0.03750460421
5.266700706e-07
-6.57354466e-07
0.03750450257
3.460924131e-07
-5.611708172e-07
1.715635398e-07
-4.314154248e-07
0.03750020936
-2.780494489e-06
2.026962697e-07
0.03750085274
-8.39306982e-06
6.341689318e-07
0.03750214143
-1.527878242e-05
1.338047564e-06
0.03750452239
-2.451845007e-05
2.576449028e-06
0.03750885927
-3.738590591e-05
4.739087248e-06
0.03751661626
-5.514689456e-05
8.311207884e-06
0.03753034692
-7.910817818e-05
1.391308744e-05
0.03755288403
-0.000107508168
2.143828532e-05
0.03758753241
-0.0001362605253
2.990677223e-05
0.03762647721
-0.000142137433
3.328863477e-05
0.03765454789
-0.0001068762919
2.670519094e-05
0.03766445153
-4.260475636e-05
1.30152802e-05
0.03765629962
2.60735171e-05
-2.146503765e-06
0.03763087659
8.843843932e-05
-1.594752947e-05
0.03759486416
0.000128738798
-2.478044145e-05
0.03755907318
0.0001379375785
-2.566829604e-05
0.03753571144
0.0001112224712
-1.823384782e-05
0.03752451676
7.384910736e-05
-8.552558827e-06
0.03751806754
5.057378971e-05
-3.385586271e-06
0.03751375079
3.682881858e-05
-1.340557129e-06
0.03751126782
2.581312573e-05
3.698737084e-09
0.03750989973
1.722698142e-05
1.029360119e-06
0.03750905558
1.157601169e-05
1.558980966e-06
0.03750852317
7.750052133e-06
1.726958232e-06
0.03750819768
5.148113883e-06
1.738594518e-06
0.03750798961
3.241682747e-06
1.673648029e-06
0.03750785136
1.967451448e-06
1.561153464e-06
0.03750775651
9.966116718e-07
1.402816998e-06
0.03750769052
4.049014591e-07
1.248799531e-06
0.03750763462
-1.025013553e-07
1.065361916e-06
0.0375076089
-3.888686602e-07
9.25089782e-07
-5.990588061e-07
6.79495374e-07
0.03749993243
-2.840086035e-06
2.802710741e-07
0.03749971255
-8.578325668e-06
8.954751515e-07
0.03749946998
-1.591852894e-05
1.952569084e-06
0.03749951576
-2.633396132e-05
3.915406755e-06
0.0375007016
-4.197145343e-05
7.575958698e-06
0.03750491556
-6.561656627e-05
1.406659558e-05
0.03751665036
-0.000101743314
2.527207328e-05
0.03754256089
-0.0001504745947
4.175127795e-05
0.03759525117
-0.0002121987383
6.312852029e-05
0.03765712235
-0.0002297049357
7.105512237e-05
0.03769957557
-0.0001702283671
5.498667438e-05
0.03771252908
-6.513074315e-05
2.402675197e-05
0.0377015578
4.021946867e-05
-8.066196401e-06
0.03766196758
0.0001439815866
-3.995195642e-05
0.03760558887
0.0002043767079
-6.250829135e-05
0.03755018806
0.0002139338031
-6.874350747e-05
0.03752332208
0.0001540615148
-5.066709352e-05
0.03751483994
9.075908083e-05
-2.8366088e-05
0.03751109012
5.826833626e-05
-1.638389396e-05
0.03750949609
4.05651903e-05
-1.081035206e-05
0.03750950951
2.710310053e-05
-7.231011158e-06
0.03750982721
1.796100321e-05
-5.004450819e-06
0.03751007992
1.249655072e-05
-3.769739196e-06
0.03751028964
9.007412808e-06
-3.070520914e-06
0.03751047846
6.682622119e-06
-2.559729969e-06
0.03751060716
5.059639061e-06
-2.119011642e-06
0.03751071022
3.947477042e-06
-1.736256301e-06
0.03751077737
3.140152845e-06
-1.370356594e-06
0.03751083334
2.633502177e-06
-1.072217854e-06
0.0375108704
2.246593249e-06
-7.44486117e-07
0.03751094481
1.995558801e-06
-5.104021333e-07
1.840062508e-06
-2.093137207e-07
0.03749957178
-2.583774112e-06
3.769177845e-07
0.03749827676
-7.834670751e-06
1.212279387e-06
0.03749597318
-1.485882058e-05
2.735008642e-06
0.03749252172
-2.549550929e-05
5.733448842e-06
0.03748823059
-4.299716307e-05
1.177718431e-05
0.03748475856
-7.255383217e-05
2.33720844e-05
0.03748900682
-0.0001250857069
4.603167011e-05
0.03751603535
-0.0002085153989
8.325018953e-05
0.03760465943
-0.0003477248971
0.000139812311
0.03770882048
-0.0003836083285
0.0001552563731
0.03777721785
-0.0002613753377
0.0001169353415
0.03779002892
-7.734096808e-05
5.346399965e-05
0.0377761249
8.599738289e-05
-2.59325323e-06
0.03770699136
0.0002700529985
-6.399361809e-05
0.03761276234
0.0003741042954
-9.744132358e-05
0.03752565636
0.0003623264234
-0.0001019631617
0.03750316091
0.0002222816794
-5.769878087e-05
0.03750042491
0.0001253187006
-2.218405491e-05
0.03750069049
8.156681003e-05
-8.044575028e-06
0.03750312203
5.550505773e-05
-7.405765334e-07
0.03750652037
3.611466556e-05
4.956915141e-06
0.0375089637
2.46400703e-05
8.059954615e-06
0.03751064848
1.788801935e-05
9.14651591e-06
0.0375118794
1.35749038e-05
9.319938015e-06
0.03751273228
1.071967593e-05
9.112401205e-06
0.0375132937
8.794299099e-06
8.724778771e-06
0.03751368909
7.533341746e-06
8.258825712e-06
0.037513964
6.609914452e-06
7.769545679e-06
0.03751418218
6.062259509e-06
7.309974906e-06
0.0375143119
5.662544839e-06
6.837331973e-06
0.03751447594
5.456021381e-06
6.415022967e-06
5.32543687e-06
5.801985882e-06
0.03749918162
-1.983691072e-06
4.752893779e-07
0.03749668058
-6.045916641e-06
1.54492884e-06
0.03749186911
-1.170086814e-05
3.610212867e-06
0.03748359462
-2.094318679e-05
7.91609469e-06
0.03747018776
-3.753936352e-05
1.739663275e-05
0.03745136218
-7.128193628e-05
3.770163045e-05
0.03743219895
-0.0001382306058
8.266354805e-05
0.03745734512
-0.0002798983812
0.0001710098251
0.03764667953
-0.0006108478711
0.0003312175078
0.03784155644
-0.0001744170355
0.0003515156432
-5.593596879e-05
-4.492389076e-05
-8.059975456e-05
-8.425978918e-05
-0.0001856861753
-0.0001576486364
-0.0001465296283
0.03798294794
-0.0001591695209
0.0002415917099
-4.352921699e-05
-2.566445786e-05
-6.830607261e-05
-2.739846245e-05
-0.0001075299606
-0.000126197076
-8.656377324e-05
0.03796713701
-4.623822525e-05
7.364261997e-05
-1.437859692e-05
-9.935524377e-06
1.201897259e-05
1.815861856e-05
-2.522658316e-05
-4.726647225e-05
-2.230484399e-05
0.03798305133
5.789008303e-06
-5.840879978e-05
-7.037754329e-06
1.058101011e-06
2.679281437e-05
3.5090938e-05
2.778150772e-05
7.869055765e-06
3.114818815e-05
0.03783565301
8.315937688e-05
-0.0002237295715
1.514064315e-05
3.639238239e-05
7.520183411e-05
0.000116259877
0.0001389858624
7.128603796e-05
0.0001047548874
0.03762968579
0.0001613787108
-0.0003221905251
4.074971338e-05
3.828502956e-05
0.0001261528709
0.0001272936608
0.0001568361024
0.0001254755389
0.0001260904088
0.03746779946
0.0006160369291
-0.0003068805249
0.03746581181
0.0002774466752
-0.000140694691
0.03747665003
0.0001460381708
-4.592309736e-05
0.03748863341
0.0001085388108
-1.547763348e-05
0.03750053722
8.329279437e-05
-5.139208792e-06
0.03750779464
6.90914634e-05
2.049371358e-06
0.03751190445
6.239280304e-05
5.70129298e-06
0.03751461491
5.88317052e-05
7.54312783e-06
0.03751647416
5.655531141e-05
8.874978864e-06
0.03751770299
5.512263867e-05
9.996431534e-06
0.03751848871
5.415462527e-05
1.095298671e-05
0.03751902368
5.354653985e-05
1.174580417e-05
0.03751938205
5.30729966e-05
1.240248391e-05
0.03751965787
5.277736293e-05
1.302936835e-05
0.0375198448
5.253297773e-05
1.357430713e-05
0.03752002761
5.23892578e-05
1.410189403e-05
5.230225061e-05
1.436379918e-05
0.03749883277
-1.076123622e-06
5.566172041e-07
0.03749524059
-3.30189438e-06
1.832693636e-06
0.03748793734
-6.472576387e-06
4.365041319e-06
0.03747421599
-1.201186004e-05
1.001877552e-05
0.03744749538
-2.252596322e-05
2.315904438e-05
0.03739817592
-4.930061948e-05
5.622370641e-05
0.03730869458
-0.0001157697453
0.0001420827255
0.03731153207
-6.948049233e-05
0.0003480807388
-4.602719495e-05
-8.191966179e-05
-6.228146008e-05
-0.0001123616618
-0.0001069449041
-6.040060192e-05
-9.140063051e-05
0.009434569097
-0.0002252952513
0.0009092637396
-0.0001600656427
-0.0001883605255
-0.000280198431
-0.0004540355153
-0.0003089693612
-0.0001742451248
-0.0001996422518
0.0094629754
0.009439205514
0.009445482549
-0.0002123206346
0.009467802406
-0.0002159096582
0.0002205799477
-0.0002337796742
0.009617307137
-0.0001902885693
0.0001778155054
-0.009530223918
-5.953421575e-05
-0.009615432277
0.009587166962
-1.685114421e-05
5.841245409e-05
-5.609309279e-05
-0.009569964162
0.009585709105
3.170277117e-05
1.443438733e-05
1.454707642e-05
-0.009613260462
0.009618054369
0.0001297372368
-6.591884352e-05
0.0001394190736
-0.00953568723
0.009470196326
0.0002512741882
-0.0001638236395
0.03733685908
0.0003044689148
-0.000820577465
0.0001629564022
0.0001179295613
0.0003726070336
0.0002965731022
0.0002720104687
0.0001724836561
0.0001388699359
-0.009417536021
-0.009453090509
-0.009434304193
-0.00943321301
0.03738247122
0.0001374227442
-0.000347529739
3.628849546e-05
3.937571208e-05
0.0001378934775
6.824012173e-05
9.383825686e-05
4.063960706e-05
2.566590113e-05
0.0374045295
0.0001397789846
-0.0001696024797
0.03744507507
9.029444591e-05
-0.0001016404562
0.03747372927
5.555598875e-05
-6.808501011e-05
0.03748913404
4.115041726e-05
-5.22938102e-05
0.03749875246
3.482746932e-05
-4.715756746e-05
0.03750462418
3.167661921e-05
-4.663448625e-05
0.03750814027
3.006373805e-05
-4.746867885e-05
0.03751038092
2.933729472e-05
-4.87401028e-05
0.03751183137
2.906954534e-05
-5.007090185e-05
0.03751283154
2.909962298e-05
-5.131437305e-05
0.03751349224
2.922492173e-05
-5.248297727e-05
0.03751399059
2.941776613e-05
-5.350397426e-05
0.03751433309
2.961470938e-05
-5.446518772e-05
0.03751470569
2.982075695e-05
-5.526061329e-05
3.003177783e-05
-5.604073448e-05
0.03749863344
7.788302627e-09
6.026024628e-07
0.03749436806
2.342435771e-08
1.994585468e-06
0.03748553371
3.792953907e-08
4.798358374e-06
0.0374678836
5.07131612e-08
1.122472767e-05
0.03743114533
3.706883206e-08
2.664788754e-05
0.03733982214
-4.959257184e-08
7.011284931e-05
0.009280159256
-7.409030953e-07
0.0001967858966
-1.631208849e-05
-3.129128788e-05
-2.090541158e-05
-2.649002015e-05
0.009265302749
0.00929496754
0.009282576667
-9.336286622e-05
0.009227066771
-4.973438652e-05
0.0001267092453
-0.0005547698103
0.009261280012
-0.0002203746989
0.0004831137315
-0.009194544487
-0.0001820982211
0.009667345746
-0.0001968109372
0.0005551055121
-0.009552612001
-9.952973081e-05
-0.0002557120389
-0.0001463758013
0.0002106874731
-0.0001939895989
-0.009632840271
0.0097619561
-0.0001101265576
0.000326116284
-8.671278682e-05
-0.0001642616159
-9.776427052e-05
0.0001976227256
-1.650395738e-05
0.00964256748
-4.40697762e-06
3.983506629e-05
-0.009709540198
1.907852978e-05
1.34709342e-05
3.33360261e-05
-1.783690221e-05
-2.713512063e-06
-0.009612143544
0.009642489048
1.949440538e-05
-5.903637723e-05
1.023693373e-05
3.315043561e-05
3.677522603e-05
-6.825262207e-05
7.593742671e-06
-0.009712305394
0.00976254659
7.763312847e-05
-0.0002343465923
8.936555225e-05
5.645866003e-05
0.0001252231675
-0.000172168841
0.0001281591474
-0.009642198538
0.009669933542
0.0001645506294
-0.0004879326519
0.0001106495188
0.0001851847772
0.000189982428
-0.0003183288601
0.001012558516
-0.009554652667
0.009235115243
0.0002815329419
-0.0006700851252
0.0001472656979
-0.009196910112
0.00924460808
7.095077859e-05
-0.0001284916544
0.03734473515
-5.997636961e-05
-0.0003135159742
6.596597842e-05
-4.450015979e-06
0.0001673095186
0.0001084141744
-0.009291997255
-0.009257300711
-0.009315295282
-0.009304110186
0.03744854765
-7.206717582e-05
-0.0001457764361
0.03747719696
-5.485744627e-05
-9.700863107e-05
0.03749065025
-4.262992062e-05
-8.269707935e-05
0.0374981425
-3.564851469e-05
-7.604533471e-05
0.03750231488
-3.045830656e-05
-7.237246549e-05
0.03750480481
-2.647477346e-05
-7.005260675e-05
0.03750638604
-2.363493451e-05
-6.821297999e-05
0.03750741831
-2.141137565e-05
-6.670314013e-05
0.03750807822
-1.963918121e-05
-6.550414522e-05
0.03750852239
-1.814342185e-05
-6.438161448e-05
0.03750884011
-1.685973453e-05
-6.341038813e-05
0.03750908465
-1.572858452e-05
-6.238689484e-05
0.03750925101
-1.483172471e-05
-6.169953779e-05
-1.350522355e-05
-6.05264381e-05
0.03749863351
1.091481676e-06
6.009839221e-07
0.03749436895
3.347852849e-06
1.989169409e-06
0.03748553314
6.54782892e-06
4.786975979e-06
0.03746788232
1.211536141e-05
1.119491844e-05
0.03743109103
2.261841071e-05
2.658874524e-05
0.03733943384
4.941474921e-05
6.991514257e-05
0.009264508239
0.0001157426872
0.000196786351
-2.065000673e-05
-2.611790337e-05
-1.593862416e-05
-3.079218319e-05
0.009279009671
0.009281994211
0.009294150495
-0.0001032829905
6.169710313e-07
0.009166848395
4.927441222e-05
0.0001510514524
-0.0002521562192
9.928052618e-06
0.009208711736
0.0002182948138
0.0008185014989
-0.0003673030463
-0.0002063047064
-0.0003567575982
-0.00907291453
-0.0003196961906
-2.413303788e-06
0.009800539797
0.0001880014694
0.0008110999609
-0.000191443935
-0.0004017379094
-0.0002611662373
-0.009623183652
-4.643345089e-05
-6.489151222e-07
-0.009639231968
0.009519609738
0.0001087234851
0.0003395262731
-3.142475487e-05
-0.0001389353875
-0.0001111850393
3.007622071e-05
7.091300274e-07
0.009335753491
5.127235117e-06
6.549602926e-05
-0.009411235966
2.129571311e-05
-2.749015801e-05
-1.973171398e-05
4.154886789e-05
8.622803446e-06
-0.00930243422
0.009322527119
-2.290775654e-05
-3.81868472e-05
2.254613697e-05
-1.460166841e-05
-1.711445058e-05
5.440469895e-05
-0.009395774931
-3.48307326e-07
0.009502497894
-7.725337659e-05
-0.000214519787
7.229081276e-05
6.344609009e-06
5.235839631e-05
0.0001073874937
2.060912898e-06
-0.009630985689
0.009796464368
-0.0001659912317
-0.000515670743
0.0001785953753
8.869992257e-05
0.0001394395786
0.0004777252308
-0.009615686827
1.704271727e-05
0.009166139748
-0.0002818053507
-0.0009416989791
0.0004263129986
0.0004024986811
0.0003494717715
4.361728229e-06
-0.009050180634
4.129300928e-05
0.00919455308
-4.680795326e-05
-0.0001432191863
0.03730276624
-0.0001167169951
-0.0001618674507
-5.01598808e-05
-0.0001053761659
0.0001219723693
7.638232329e-05
-0.009239268456
-0.009285975777
-0.009297424376
-0.00930430814
0.03742730951
-4.035811882e-05
3.100579085e-05
0.0374595535
-2.050439026e-05
0.0001072519768
0.03747473884
-1.67375005e-05
0.0001315831596
0.03748178483
-1.456030886e-05
0.0001399088847
0.03748407694
-1.32762872e-05
0.0001438008951
0.03748392065
-1.24354657e-05
0.0001453818605
0.0374825051
-1.196324492e-05
0.0001456462869
0.03748037231
-1.150479576e-05
0.0001453696315
0.03747783392
-1.10878876e-05
0.000144862493
0.03747507227
-1.071069402e-05
0.0001442584798
0.03747218806
-1.036370651e-05
0.0001435720587
0.03746930131
-1.001769694e-05
0.0001428719196
0.03746611542
-9.8154758e-06
0.0001423651193
-9.440696641e-06
0.0001420154452
0.03749883334
1.99815339e-06
5.520765132e-07
0.03749524323
6.089106295e-06
1.817954343e-06
0.03748793867
1.177310151e-05
4.331853333e-06
0.03747420971
2.104589251e-05
9.948569868e-06
0.03744737497
3.766603471e-05
2.298371991e-05
0.03739762274
7.151652408e-05
5.592867801e-05
0.03730521693
0.0001386312794
0.0001414870123
0.03730787866
0.000280964224
0.0003467484555
-6.126536377e-05
-0.0001109476304
-4.454714647e-05
-8.139366819e-05
-7.008860695e-05
-0.0001086725796
-6.068153689e-05
-9.277787833e-05
0.009466434582
0.0006207933956
0.0009216900038
-0.0002843177933
-0.0004660070435
-0.000162221904
-0.00019336992
-0.0002276369761
-0.0003157809575
-0.0001762442816
-0.0002017465443
0.009437523701
0.009447484441
0.00944127795
-0.0003608204687
-0.0002091600061
0.009506542683
0.0002180447992
0.0003118275757
-0.0003839303611
-0.0002013203956
0.009710650538
0.0001932791382
0.0002430892576
-0.009561768172
-1.732553667e-05
1.549787514e-05
-0.009682931605
0.009623793823
2.022599401e-05
4.073945107e-05
-3.41274433e-05
6.552571e-05
-0.009597838254
0.009620321453
-2.87952382e-05
-2.508623287e-05
7.915412006e-05
0.0001691386911
-0.009677065176
0.009704929995
-0.0001268424268
-0.0001493151954
0.0002949293565
0.0003160509937
-0.009559822499
0.009493460825
-0.0002483891379
-0.000296229532
0.03732192814
-0.0005987688512
-0.0008068346898
0.0003721487094
0.0002947421485
0.0001569449501
0.0001109470826
0.0003015080126
0.0002644148703
0.0001723299626
0.0001397179296
-0.009450023167
-0.009414706316
-0.009431240497
-0.009433108294
0.03737912326
-0.0002662832602
-0.0003205826511
0.0001247016528
3.729818509e-05
4.020106342e-05
4.262218699e-05
0.0001341307956
7.290729802e-05
4.932493805e-05
2.848470169e-05
0.03742202391
-0.0001338327117
-0.0001289895527
0.03745931437
-0.0001006578196
-7.310066861e-05
0.03748742761
-7.099165867e-05
-4.908386015e-05
0.03749982387
-5.24419588e-05
-3.871213946e-05
0.03750624161
-4.326662726e-05
-3.484316466e-05
0.03751002264
-3.879426265e-05
-3.238719667e-05
0.03751220306
-3.642353089e-05
-3.045048324e-05
0.0375134689
-3.511022462e-05
-2.910746865e-05
0.03751422429
-3.436974902e-05
-2.797948148e-05
0.03751468739
-3.399542659e-05
-2.694048254e-05
0.03751497469
-3.382505105e-05
-2.598673272e-05
0.03751514733
-3.375419228e-05
-2.511175736e-05
0.03751526522
-3.374738139e-05
-2.43026001e-05
0.03751516212
-3.369787685e-05
-2.353949058e-05
-3.36172918e-05
-2.280072986e-05
0.03749918271
2.596781228e-06
4.685378554e-07
0.03749668451
7.873580323e-06
1.523314574e-06
0.03749187505
1.492459008e-05
3.563711573e-06
0.03748359469
2.55889395e-05
7.822841688e-06
0.03747012442
4.312489696e-05
1.719994966e-05
0.03745113827
7.272621371e-05
3.730861814e-05
0.0374312596
0.0001253913444
8.195596946e-05
0.03745542756
0.0002091974576
0.0001699807677
0.03765062886
0.0003507541645
0.0003323189973
0.03784658428
0.0003863501528
0.0003506867267
-8.085841969e-05
-8.210488888e-05
-5.500054763e-05
-4.29166085e-05
-0.0001765985948
-0.0001869645078
-0.0001600917648
-0.0001484569734
0.03798387403
0.00026476658
0.0002413719273
-6.441613392e-05
-2.388643882e-05
-4.107707189e-05
-2.298624042e-05
-0.0001618798342
-0.0001108165272
-0.0001288956328
-8.947038582e-05
0.03796631772
8.143792136e-05
7.475767466e-05
1.398025483e-05
1.927328445e-05
-1.191417802e-05
-7.68135456e-06
-4.940090488e-05
-2.825943558e-05
-4.983954839e-05
-2.479741129e-05
0.03798157935
-8.203500188e-05
-5.71611026e-05
2.747619357e-05
3.615190079e-05
-4.806682505e-06
3.403731057e-06
2.916051382e-06
2.49129699e-05
5.384314429e-06
2.849597953e-05
0.03782945253
-0.0002656277077
-0.0002234270528
7.723901251e-05
0.0001188967024
1.81757058e-05
3.935208536e-05
8.072177587e-05
0.0001363593421
6.853444185e-05
0.0001019025092
0.03762493474
-0.0003698091886
-0.0003224313505
0.00012742374
0.0001270786415
4.341880412e-05
3.992779393e-05
0.000158531343
0.0001543167036
0.0001221786863
0.0001238826154
0.03746917139
-0.0003568907074
-0.0003075480032
0.03746844547
-0.0002197185897
-0.0001485205901
0.03748134892
-0.0001120796611
-5.489112643e-05
0.03748778271
-7.128011722e-05
-3.032165113e-05
0.03749795964
-4.934758279e-05
-1.674513742e-05
0.03750511922
-3.353096516e-05
-7.132244002e-06
0.03751002255
-2.530304753e-05
-2.314919483e-06
0.03751342455
-2.077904422e-05
-9.422828964e-07
0.03751576199
-1.857088957e-05
-4.093512517e-07
0.03751729878
-1.720411177e-05
-5.20289492e-07
0.03751832322
-1.64218047e-05
-9.113306374e-07
0.03751902962
-1.6018813e-05
-1.423692089e-06
0.03751952194
-1.580315364e-05
-2.055409564e-06
0.03751986167
-1.57304667e-05
-2.634894398e-06
0.03752016036
-1.571863132e-05
-3.353000848e-06
0.03752037945
-1.583506175e-05
-3.777177103e-06
-1.610105031e-05
-4.082923182e-06
0.03749957314
2.851302592e-06
3.688746665e-07
0.03749828184
8.611976306e-06
1.186685424e-06
0.03749598333
1.597509141e-05
2.682897987e-06
0.03749253407
2.641409885e-05
5.63491192e-06
0.03748822825
4.207835027e-05
1.159138976e-05
0.03748469152
6.575371667e-05
2.302485866e-05
0.0374887452
0.0001019629309
4.542646546e-05
0.03751554358
0.0001508056195
8.240748578e-05
0.03760543634
0.0002131963701
0.0001390963868
0.03770988531
0.0002309621841
0.0001537896477
0.03777751971
0.0001715710114
0.0001149144951
0.03778998815
6.679422602e-05
5.162144815e-05
0.03777593715
-3.852112824e-05
-4.660430573e-06
0.03770606877
-0.0001419922594
-6.633997167e-05
0.0376121507
-0.000202531492
-0.0001005734327
0.03752585505
-0.0002114721809
-0.000105394537
0.0375008424
-0.0001518260819
-6.441917501e-05
0.03750019202
-8.594967712e-05
-2.652133645e-05
0.03750089457
-5.522183645e-05
-1.259419608e-05
0.03750416915
-3.93908808e-05
-6.46155698e-06
0.03750813224
-2.607805263e-05
-1.896264466e-06
0.03751067399
-1.714527358e-05
5.61057643e-07
0.03751224675
-1.129039655e-05
1.34900756e-06
0.03751340716
-8.019576769e-06
1.669869106e-06
0.03751420945
-5.830422169e-06
1.970646708e-06
0.0375146742
-4.34562803e-06
2.258608346e-06
0.03751494869
-3.442671829e-06
2.506616406e-06
0.03751512318
-2.911923306e-06
2.812124865e-06
0.03751522019
-2.649967561e-06
3.130554023e-06
0.03751532731
-2.542628102e-06
3.495886268e-06
0.03751518786
-2.495902666e-06
3.893056256e-06
-2.435383717e-06
4.466595351e-06
0.03749993385
2.789858227e-06
2.717044603e-07
0.03749971825
8.420918806e-06
8.684897901e-07
0.03749948228
1.532531442e-05
1.899674339e-06
0.03749953514
2.458393336e-05
3.821218227e-06
0.03750072294
3.747155371e-05
7.411648444e-06
0.0375049218
5.525386312e-05
1.378599098e-05
0.03751661865
7.925320099e-05
2.481350025e-05
0.03754247982
0.0001076999464
4.107682801e-05
0.03759544575
0.0001366572946
6.228083579e-05
0.03765744392
0.0001426983291
6.987150829e-05
0.0376996889
0.0001074874515
5.346416964e-05
0.03771255875
4.330835533e-05
2.238327475e-05
0.03770154156
-2.532431771e-05
-9.836991311e-06
0.03766175267
-8.771075776e-05
-4.199339306e-05
0.03760544314
-0.0001280160913
-6.476443108e-05
0.03755021222
-0.0001370968889
-7.148625143e-05
0.0375229299
-0.0001106856825
-5.438655764e-05
0.03751529766
-7.258203302e-05
-3.218258299e-05
0.03751156646
-4.895476011e-05
-2.107272679e-05
0.03750969672
-3.549116397e-05
-1.619311524e-05
0.03750956183
-2.463429885e-05
-1.26583932e-05
0.03750970275
-1.636437276e-05
-1.042974779e-05
0.03750992405
-1.11128122e-05
-9.253711823e-06
0.03751006228
-7.796053644e-06
-8.838430144e-06
0.03751023092
-5.688475789e-06
-8.674524974e-06
0.03751037323
-4.197777031e-06
-8.701425558e-06
0.03751050051
-3.308474085e-06
-8.795342223e-06
0.03751059427
-2.750200153e-06
-8.941196357e-06
0.03751067765
-2.496572939e-06
-9.10624574e-06
0.037510741
-2.338949622e-06
-9.324544688e-06
0.03751086116
-2.399015517e-06
-9.488426556e-06
-2.565726094e-06
-9.623944027e-06
0.03750021094
2.487053655e-06
1.940360256e-07
0.03750085865
7.486196874e-06
6.073790358e-07
0.03750215424
1.342416707e-05
1.287178482e-06
0.03750454397
2.102865722e-05
2.48982417e-06
0.03750888941
3.098906882e-05
4.597090977e-06
0.03751665025
4.376442305e-05
8.084597314e-06
0.037530379
5.937620076e-05
1.356271304e-05
0.03755290685
7.59494554e-05
2.092982438e-05
0.03758761296
8.962108759e-05
2.922678208e-05
0.0376266023
9.010357312e-05
3.240580578e-05
0.03765463785
6.843962314e-05
2.562915857e-05
0.03766455634
2.864435243e-05
1.179232026e-05
0.03765638646
-1.511365586e-05
-3.493165428e-06
0.03763094537
-5.400416693e-05
-1.753351369e-05
0.03759495542
-8.014594632e-05
-2.660197429e-05
0.03755922112
-8.812826233e-05
-2.786728715e-05
0.03753567616
-7.697950149e-05
-2.098779267e-05
0.03752454478
-5.550030341e-05
-1.163981821e-05
0.03751807251
-3.912288584e-05
-6.69685942e-06
0.03751375438
-2.899648053e-05
-4.779411986e-06
0.03751131867
-2.083647752e-05
-3.570429128e-06
0.03751001171
-1.423638747e-05
-2.723442848e-06
0.03750922342
-9.705546264e-06
-2.331672541e-06
0.03750872527
-6.614961071e-06
-2.258746235e-06
0.03750841571
-4.564162803e-06
-2.241543541e-06
0.03750823047
-3.034515786e-06
-2.252549064e-06
0.03750810669
-2.064966295e-06
-2.239672314e-06
0.03750802368
-1.362867892e-06
-2.247138828e-06
0.03750795511
-9.856330998e-07
-2.206826408e-06
0.03750792066
-7.062395987e-07
-2.173228249e-06
0.03750779011
-5.827034146e-07
-2.111394282e-06
-4.737165234e-07
-1.989052694e-06
0.0375004223
2.000877954e-06
1.329510062e-07
0.03750169208
6.018559739e-06
4.125893885e-07
0.03750404015
1.067052378e-05
8.502735722e-07
0.03750789732
1.641933965e-05
1.586783469e-06
0.03751395803
2.360780437e-05
2.804822342e-06
0.03752320363
3.231987827e-05
4.703237061e-06
0.03753694333
4.218449773e-05
7.458339752e-06
0.03755619491
5.172205904e-05
1.088954561e-05
0.03758119598
5.820848152e-05
1.432103709e-05
0.03760764037
5.676185009e-05
1.560113156e-05
0.03762735032
4.307661649e-05
1.255411209e-05
0.03763511838
1.817553172e-05
5.825784557e-06
0.03762966982
-9.205275477e-06
-2.11657753e-06
0.03761290848
-3.370606156e-05
-9.353616851e-06
0.037588693
-5.047688429e-05
-1.44217294e-05
0.03756315226
-5.669127916e-05
-1.630173345e-05
0.03754283764
-5.190756527e-05
-1.470017986e-05
0.03753030944
-4.01075069e-05
-1.100621859e-05
0.03752223208
-2.951591711e-05
-8.265318989e-06
0.03751638095
-2.219856171e-05
-6.821713822e-06
0.03751240038
-1.629028381e-05
-5.752825491e-06
0.0375098161
-1.134120588e-05
-4.942583252e-06
0.03750808058
-7.807510117e-06
-4.463382592e-06
0.03750688646
-5.321038458e-06
-4.217858303e-06
0.03750606083
-3.665770999e-06
-4.079798865e-06
0.0375054929
-2.424389726e-06
-3.984337213e-06
0.03750509933
-1.636506726e-06
-3.949518668e-06
0.0375048233
-1.0607788e-06
-3.937112847e-06
0.03750462284
-7.563753819e-07
-3.963281254e-06
0.03750448425
-5.318999692e-07
-3.995040638e-06
0.03750438988
-4.533167587e-07
-4.051266914e-06
-4.770729218e-07
-4.078393096e-06
0.03750056242
1.393958238e-06
9.076995961e-08
0.03750225346
4.190702341e-06
2.795668886e-07
0.03750527904
7.37197969e-06
5.612250709e-07
0.03751000485
1.120461442e-05
1.012607618e-06
0.03751694446
1.58430364e-05
1.721107263e-06
0.0375267064
2.123990164e-05
2.76670328e-06
0.03753987786
2.703150483e-05
4.186345282e-06
0.03755662183
3.223214408e-05
5.839005666e-06
0.03757615236
3.525814291e-05
7.328528837e-06
0.0375955817
3.369140739e-05
7.797188889e-06
0.03761027782
2.537321183e-05
6.255957437e-06
0.03761642254
1.049339624e-05
2.799758681e-06
0.03761263929
-5.25595244e-06
-1.238152921e-06
0.03760042518
-1.973736944e-05
-4.942508012e-06
0.03758251299
-2.977458243e-05
-7.503251309e-06
0.03756278549
-3.386960098e-05
-8.438346463e-06
0.03754545482
-3.193382486e-05
-7.603566952e-06
0.0375330017
-2.594129031e-05
-5.660360521e-06
0.03752417798
-1.976886841e-05
-4.014898518e-06
0.03751754613
-1.507787955e-05
-3.101766916e-06
0.03751272277
-1.126434707e-05
-2.573373312e-06
0.03750937613
-8.019397016e-06
-2.193861504e-06
0.03750707159
-5.643529281e-06
-2.022686613e-06
0.03750544625
-3.887701168e-06
-1.955270595e-06
0.03750432247
-2.739159081e-06
-1.936962615e-06
0.03750353503
-1.828876228e-06
-1.925947388e-06
0.03750300137
-1.265633608e-06
-1.939460699e-06
0.03750261975
-8.083387446e-07
-1.943605387e-06
0.03750235491
-5.700226085e-07
-1.967598159e-06
0.03750216076
-3.684510799e-07
-1.962810671e-06
0.03750198667
-2.767351714e-07
-1.955328915e-06
-2.130107731e-07
-1.941532383e-06
0.03750064742
7.140128395e-07
6.476691657e-08
0.03750259291
2.145879942e-06
1.980296808e-07
0.03750601364
3.757720445e-06
3.885043705e-07
0.03751121212
5.670114505e-06
6.800358811e-07
0.03751856747
7.940127078e-06
1.116210849e-06
0.03752844841
1.051639507e-05
1.7276082e-06
0.03754106125
1.319956912e-05
2.510004135e-06
0.03755617875
1.548472587e-05
3.361691737e-06
0.03757271891
1.674579938e-05
4.059989212e-06
0.03758861609
1.572735881e-05
4.204269179e-06
0.03760032749
1.194853779e-05
3.309797731e-06
0.03760522115
4.697145755e-06
1.397618379e-06
0.03760248005
-2.507641539e-06
-7.720113213e-07
0.03759284512
-9.216259582e-06
-2.906206543e-06
0.03757843199
-1.387702647e-05
-4.447672959e-06
0.03756215028
-1.589817152e-05
-5.142048551e-06
0.03754697308
-1.525585723e-05
-4.972774216e-06
0.0375348216
-1.27264784e-05
-4.242337267e-06
0.03752558377
-9.873610743e-06
-3.553771357e-06
0.03751847928
-7.567621219e-06
-3.135632548e-06
0.03751312921
-5.677712955e-06
-2.841963186e-06
0.037509285
-4.067219254e-06
-2.609221366e-06
0.0375065524
-2.880127996e-06
-2.462501938e-06
0.03750461465
-1.962506572e-06
-2.380924095e-06
0.03750321571
-1.369858122e-06
-2.331555614e-06
0.03750223901
-8.958182573e-07
-2.292028865e-06
0.03750153615
-6.128326294e-07
-2.27144691e-06
0.03750104976
-3.753879993e-07
-2.255703947e-06
0.03750068074
-2.567326762e-07
-2.250480058e-06
0.03750041288
-1.582910283e-07
-2.245818445e-06
0.03750019212
-1.180989133e-07
-2.245377049e-06
-9.994908609e-08
-2.252781917e-06
0.03750068716
5.246345417e-08
0.0375027514
1.596351526e-07
0.03750635248
3.08431822e-07
0.0375117562
5.288944508e-07
0.03751927256
8.472780641e-07
0.03752915315
1.27758884e-06
0.03754145675
1.804013844e-06
0.03755577353
2.347017901e-06
0.03757113573
2.756244131e-06
0.03758544201
2.759266509e-06
0.03759617157
2.223856536e-06
0.03760035708
4.984821807e-07
0.03759782943
-6.850666488e-07
0.0375891822
-2.136367678e-06
0.03757629405
-3.238527052e-06
0.03756153923
-3.770291975e-06
0.03754732434
-3.735614205e-06
0.03753536431
-3.303988493e-06
0.03752597021
-2.813349142e-06
0.03751867069
-2.452472117e-06
0.03751311367
-2.202962678e-06
0.03750905553
-2.005967109e-06
0.03750611359
-1.893865995e-06
0.03750403861
-1.810117694e-06
0.03750253651
-1.775976312e-06
0.03750149395
-1.752075328e-06
0.03750073813
-1.7533847e-06
0.03750021867
-1.749845211e-06
0.0374998251
-1.755747451e-06
0.03749954101
-1.763817545e-06
0.03749930556
-1.770797459e-06
-1.77210809e-06
0.03750068997
-7.074793789e-07
7.752142901e-08
0.03750276175
-2.124941175e-06
2.357385286e-07
0.03750637572
-3.716021777e-06
4.515402328e-07
0.03751179748
-5.595257679e-06
7.664340957e-07
0.03751933408
-7.81212388e-06
1.216592552e-06
0.03752922894
-1.03065863e-05
1.821328035e-06
0.03754152497
-1.287241649e-05
2.560230543e-06
0.03755579264
-1.501070353e-05
3.327558114e-06
0.03757104371
-1.611963896e-05
3.927422682e-06
0.03758519015
-1.501833566e-05
4.009599422e-06
0.03759577064
-1.13130135e-05
3.40372255e-06
0.0375998435
-4.350227253e-06
1.330017109e-06
0.03759734192
2.537029698e-06
-1.04251251e-07
0.03758879498
8.952458374e-06
-1.834084992e-06
0.03757605023
1.340796779e-05
-3.085119836e-06
0.0375614513
1.53522373e-05
-3.586242559e-06
0.0375473557
1.478404264e-05
-3.355791051e-06
0.03753543316
1.244810599e-05
-2.634488428e-06
0.03752602082
9.765771105e-06
-1.865063449e-06
0.0375187093
7.531203659e-06
-1.29491073e-06
0.03751314743
5.682088984e-06
-8.947178562e-07
0.03750908587
4.105406146e-06
-5.964955351e-07
0.03750614813
2.93243419e-06
-4.094965843e-07
0.03750407333
2.034859918e-06
-2.66628949e-07
0.03750257374
1.430915571e-06
-1.966639102e-07
0.03750153879
9.615391254e-07
-1.750865372e-07
0.03750078773
6.725549821e-07
-1.64714356e-07
0.0375002732
4.360401772e-07
-1.621665612e-07
0.03749988562
3.047575427e-07
-1.608039195e-07
0.03749960727
1.991585554e-07
-1.679618723e-07
0.03749937964
1.51319509e-07
-1.749745845e-07
1.258524616e-07
-1.882096591e-07
0.03750065159
-1.380331434e-06
9.375312628e-08
0.03750260879
-4.146978179e-06
2.863746079e-07
0.03750605017
-7.283671152e-06
5.571255688e-07
0.03751127901
-1.104300854e-05
9.655976063e-07
0.03751867149
-1.555989821e-05
1.570216517e-06
0.03752858583
-2.07639557e-05
2.411339258e-06
0.03754120413
-2.626720408e-05
3.480813998e-06
0.037556264
-3.109129359e-05
4.641989729e-06
0.03757264621
-3.370650786e-05
5.599448063e-06
0.0375883008
-3.189980114e-05
5.847069973e-06
0.0375997889
-2.378112636e-05
4.789788035e-06
0.03760454436
-9.572586005e-06
2.453725928e-06
0.03760183426
5.334195596e-06
-1.844107126e-07
0.03759233919
1.906588483e-05
-2.744557346e-06
0.03757814203
2.856925838e-05
-4.50889038e-06
0.03756208991
3.247207573e-05
-5.167632221e-06
0.03754706882
3.074778496e-05
-4.719749617e-06
0.03753493377
2.52665501e-05
-3.57806366e-06
0.03752565445
1.948450753e-05
-2.521344108e-06
0.03751852977
1.493163056e-05
-1.85894981e-06
0.0375131729
1.120988185e-05
-1.418704485e-06
0.03750931986
8.060752694e-06
-1.083296425e-06
0.03750658145
5.739490549e-06
-8.805440056e-07
0.03750464938
4.013628074e-06
-7.62414631e-07
0.03750325961
2.859465018e-06
-6.923399285e-07
0.03750229213
1.960672781e-06
-6.429264328e-07
0.03750159904
1.39840117e-06
-6.150530467e-07
0.03750112092
9.495751826e-07
-5.927831853e-07
0.03750075985
7.063371224e-07
-5.745463838e-07
0.03750050309
5.029403263e-07
-5.50721105e-07
0.03750028117
4.234281699e-07
-5.28750768e-07
3.826038049e-07
-5.013979981e-07
0.03750056966
-1.979161242e-06
1.27970638e-07
0.03750228198
-5.948832414e-06
3.936388192e-07
0.03750534639
-1.052635437e-05
7.842449937e-07
0.03751013273
-1.614741685e-05
1.402321076e-06
0.03751715296
-2.311284676e-05
2.362340825e-06
0.03752700164
-3.145299463e-05
3.765656005e-06
0.03754021823
-4.072195864e-05
5.649314291e-06
0.03755689581
-4.943309158e-05
7.810496641e-06
0.03757610734
-5.491144803e-05
9.725078144e-06
0.03759503932
-5.285191581e-05
1.032176516e-05
0.03760935262
-3.968266533e-05
8.447603497e-06
0.0376152719
-1.620510683e-05
4.218291663e-06
0.03761157303
9.305627022e-06
-7.036802949e-07
0.03759962778
3.21848277e-05
-5.180256824e-06
0.03758214896
4.777147135e-05
-8.139773179e-06
0.03756287361
5.361330509e-05
-9.03925926e-06
0.03754582738
4.941449104e-05
-7.74866655e-06
0.0375333131
3.894630205e-05
-5.136646349e-06
0.03752434634
2.918632549e-05
-2.952328005e-06
0.03751764829
2.206373182e-05
-1.681238471e-06
0.03751277979
1.628673731e-05
-8.384117892e-07
0.03750941265
1.146446895e-05
-2.436687541e-07
0.03750708272
7.98026424e-06
1.535682315e-07
0.03750545142
5.500649843e-06
2.893791211e-07
0.03750431457
3.823587958e-06
3.631350881e-07
0.0375035244
2.561499154e-06
3.986869097e-07
0.0375029815
1.750031899e-06
3.972547286e-07
0.03750260289
1.136929496e-06
3.675788629e-07
0.03750233277
7.94624575e-07
3.272233901e-07
0.03750213895
5.197558841e-07
2.684853419e-07
0.03750198361
4.165081435e-07
2.137140978e-07
3.541774304e-07
1.485420282e-07
0.03750043497
-2.456008929e-06
1.832196739e-07
0.03750174359
-7.387202601e-06
5.680966638e-07
0.03750416517
-1.32126039e-05
1.16275424e-06
0.0375081434
-2.06128868e-05
2.152619249e-06
0.03751437902
-3.019243589e-05
3.771850233e-06
0.03752383881
-4.228962153e-05
6.266757707e-06
0.03753774088
-5.671029005e-05
9.819431027e-06
0.03755693801
-7.149443347e-05
1.414086447e-05
0.03758125418
-8.264656398e-05
1.8256838e-05
0.03760655915
-8.157237704e-05
1.96730964e-05
0.03762547847
-6.12524907e-05
1.598910425e-05
0.03763289887
-2.462743494e-05
7.738850948e-06
0.03762758816
1.527601953e-05
-1.752115437e-06
0.03761138309
5.059179626e-05
-1.035880594e-05
0.03758807741
7.409684788e-05
-1.605530664e-05
0.03756340288
8.13750517e-05
-1.775168329e-05
0.03754360133
7.165555169e-05
-1.518527397e-05
0.03753094751
5.320154212e-05
-1.036488497e-05
0.03752262716
3.852131219e-05
-6.860147637e-06
0.03751664872
2.87824815e-05
-5.013646273e-06
0.03751255819
2.096640995e-05
-3.73597668e-06
0.03750990798
1.458993603e-05
-2.751277194e-06
0.03750814853
1.01510327e-05
-2.185314807e-06
0.0375069516
7.074919846e-06
-1.870378035e-06
0.03750613488
5.004677717e-06
-1.670026149e-06
0.03750557553
3.487670133e-06
-1.516613414e-06
0.03750519364
2.501489508e-06
-1.396992209e-06
0.03750492925
1.784166088e-06
-1.285425489e-06
0.03750474037
1.370924479e-06
-1.182454423e-06
0.03750460362
1.057820126e-06
-1.058674536e-06
0.037504483
9.371689868e-07
-9.612063943e-07
8.679379706e-07
-8.209835715e-07
0.03750023479
-2.750699591e-06
2.625923363e-07
0.0375009489
-8.28954593e-06
8.224068816e-07
0.03750237873
-1.50363744e-05
1.731988647e-06
0.03750500526
-2.398854256e-05
3.325579092e-06
0.03750972367
-3.625416824e-05
6.082408677e-06
0.03751800539
-5.283712559e-05
1.0576986e-05
0.03753224175
-7.446102492e-05
1.742746724e-05
0.03755486316
-9.897090868e-05
2.629335403e-05
0.03758788494
-0.0001213139101
3.555233246e-05
0.03762425611
-0.0001235186895
3.886377953e-05
0.03765066611
-9.185205133e-05
3.089475861e-05
0.03766004621
-3.515958581e-05
1.416733427e-05
0.03765204618
2.533011483e-05
-4.200569497e-06
0.03762823444
7.895828722e-05
-2.050228526e-05
0.03759458532
0.0001137327567
-3.076722631e-05
0.03756054037
0.0001218566347
-3.210493005e-05
0.03753735539
0.0001003210188
-2.371434081e-05
0.03752550081
6.880390439e-05
-1.230034826e-05
0.03751863568
4.757560135e-05
-5.574740577e-06
0.03751408757
3.451020752e-05
-2.520179129e-06
0.03751141408
2.421327431e-05
-5.696782658e-07
0.03750993813
1.624464611e-05
8.505959166e-07
0.0375090433
1.101881731e-05
1.586019197e-06
0.03750849074
7.568323902e-06
1.786105073e-06
0.03750815686
5.28921303e-06
1.787923079e-06
0.03750794735
3.677917653e-06
1.692905811e-06
0.03750781939
2.647801431e-06
1.542788785e-06
0.0375077316
1.932944418e-06
1.341821956e-06
0.03750767463
1.536282659e-06
1.140402342e-06
0.03750763683
1.266126549e-06
8.948568126e-07
0.03750759211
1.17067522e-06
7.363012213e-07
1.161617306e-06
5.250089593e-07
0.0374999676
-2.80215637e-06
3.641084474e-07
0.03749986749
-8.45517702e-06
1.161226035e-06
0.03749987056
-1.561199116e-05
2.525112932e-06
0.03750037355
-2.561885522e-05
5.042733134e-06
0.03750234752
-4.03244647e-05
9.672278435e-06
0.03750780316
-6.194132547e-05
1.771516144e-05
0.03752106638
-9.345790402e-05
3.100573307e-05
0.03754780103
-0.0001333955653
4.9441281e-05
0.03759632625
-0.000177638333
7.092772324e-05
0.03765182162
-0.0001863189267
7.83599945e-05
0.03769017887
-0.0001357150656
6.049244061e-05
0.03770242716
-4.908819874e-05
2.57070766e-05
0.03769114644
4.001377827e-05
-1.146914286e-05
0.03765502837
0.0001209114341
-4.578703877e-05
0.03760455536
0.0001704508139
-6.87533391e-05
0.03755470377
0.0001768996004
-7.393488601e-05
0.03752773292
0.0001321859477
-5.556117729e-05
0.03751793699
8.249674698e-05
-3.226301274e-05
0.0375132004
5.555965264e-05
-1.96313521e-05
0.0375107666
3.978005227e-05
-1.364640659e-05
0.03751011415
2.71977695e-05
-9.563055777e-06
0.03751009192
1.80527771e-05
-6.790366421e-06
0.03751019057
1.240643869e-05
-5.256012953e-06
0.0375103221
8.718621417e-06
-4.352351945e-06
0.03751047161
6.285358715e-06
-3.705395846e-06
0.03751059348
4.591558964e-06
-3.154525211e-06
0.0375106998
3.509988654e-06
-2.70477724e-06
0.03751077171
2.773053443e-06
-2.282383307e-06
0.03751084204
2.332488919e-06
-1.938756252e-06
0.03751089047
2.032314798e-06
-1.559107082e-06
0.03751094322
1.891934409e-06
-1.284415311e-06
1.817750332e-06
-8.708131634e-07
0.03749962932
-2.545010005e-06
4.903898987e-07
0.0374985172
-7.703221149e-06
1.57244103e-06
0.03749662088
-1.451557099e-05
3.534911291e-06
0.03749399886
-2.463325189e-05
7.369869375e-06
0.03749133149
-4.081028756e-05
1.493037518e-05
0.03749084091
-6.710104764e-05
2.902239284e-05
0.03749963014
-0.000110906398
5.469093546e-05
0.0375303765
-0.0001742872731
9.339553139e-05
0.03760885457
-0.0002607925964
0.0001444885055
0.03769694388
-0.0002780261588
0.0001588742995
0.03775288942
-0.0001933392795
0.0001186140124
0.03776714262
-5.950584788e-05
4.962845531e-05
0.03775134734
7.195547487e-05
-1.873967603e-05
0.0376932238
0.0001987573876
-8.371603283e-05
0.03761208389
0.0002770468402
-0.0001228974493
0.03753616588
0.0002769470715
-0.0001260926248
0.03750881848
0.0001826552765
-8.082071659e-05
0.03750425373
0.0001021284997
-3.725105996e-05
0.03750367661
6.612325636e-05
-1.803107293e-05
0.0375052003
4.661017449e-05
-9.094391224e-06
0.03750786938
3.22809998e-05
-2.795403058e-06
0.03750997812
2.318001959e-05
8.239670732e-07
0.03751141839
1.786018406e-05
2.252501807e-06
0.03751247216
1.452959987e-05
2.455187608e-06
0.03751321237
1.234322922e-05
2.314311835e-06
0.03751371315
1.088458388e-05
1.93096178e-06
0.03751406238
9.942474196e-06
1.477108025e-06
0.03751429151
9.281403724e-06
1.032064472e-06
0.03751444983
8.857430363e-06
6.267034326e-07
0.03751457637
8.571295068e-06
1.718144432e-07
0.03751461111
8.413536098e-06
-1.413219887e-07
8.282496159e-06
-4.155703225e-07
0.03749926264
-1.951190162e-06
6.186248563e-07
0.03749702628
-5.93028032e-06
2.008345348e-06
0.03749285157
-1.140136971e-05
4.670729583e-06
0.03748601098
-2.006482329e-05
1.018824905e-05
0.0374759637
-3.530153535e-05
2.193516036e-05
0.03746420001
-6.35213534e-05
4.588563239e-05
0.03746018103
-0.0001185116718
9.428780416e-05
0.03749205057
-0.0002105800526
0.0001754330657
0.03763396977
-0.0003723588822
0.0003008645871
0.03777558242
-0.0003903848971
0.0003222617362
0.03785916336
-0.0002615155292
0.0002261870235
0.03787148472
-7.611010247e-05
7.792550611e-05
0.03785674299
9.305387488e-05
-6.476545595e-05
0.03776338958
0.0002758823849
-0.0002075011709
0.03762154381
0.0003946803365
-0.0002979782544
0.03750131518
0.0003855481008
-0.000295252924
0.03748441101
0.0002321874507
-0.0001733227092
0.03748576542
0.000138252647
-8.340164671e-05
0.03749099643
9.395962445e-05
-4.854501742e-05
0.03749802669
6.59439792e-05
-3.150328463e-05
0.03750429371
4.84474345e-05
-2.038409223e-05
0.03750847927
3.871545376e-05
-1.401971246e-05
0.03751135478
3.337136557e-05
-1.084356387e-05
0.03751338104
3.019764167e-05
-8.819329896e-06
0.0375147931
2.823471421e-05
-7.30712294e-06
0.03751573306
2.694203881e-05
-6.04442639e-06
0.0375163958
2.610991669e-05
-5.084382891e-06
0.03751686411
2.554825897e-05
-4.332684229e-06
0.03751722072
2.517072488e-05
-3.640543578e-06
0.0375174778
2.488385244e-05
-2.995333451e-06
0.03751770727
2.472240385e-05
-2.436446837e-06
2.458950492e-05
-2.040652883e-06
0.03749893646
-1.058157721e-06
7.266741286e-07
0.03749568696
-3.232285336e-06
2.384191848e-06
0.03748926375
-6.306858882e-06
5.693746401e-06
0.0374777177
-1.142315847e-05
1.292316103e-05
0.03745721983
-2.122991445e-05
2.958528717e-05
0.03742537315
-4.254647115e-05
6.709550678e-05
0.0373881128
-9.423437684e-05
0.000155065786
0.03741767198
-0.0002113795812
0.0003193210844
0.03771118899
-0.0003964480512
0.0006398358988
0.0379039768
-0.0003459584259
0.0006590501338
-0.0002202079602
-0.0001801487776
-0.0002637723082
-0.000232135364
0.0380055899
-0.0002064189165
0.0004214993712
-0.0001604589374
-0.0001102568827
-0.000187123002
-0.0001203702588
0.03800263331
-4.235879571e-05
0.0001248355042
-6.716758182e-05
-3.921231685e-05
-4.346346764e-05
-5.786841085e-06
0.03801038941
9.102246726e-05
-0.0001569741612
-6.293695529e-06
2.369085981e-05
4.698681616e-05
8.686548115e-05
0.03788461708
0.0002748475209
-0.0004521149773
6.884738352e-05
0.0001215587487
0.0001547065691
0.0002338094834
0.03763832097
0.0004032870979
-0.0006586963594
0.0001477847823
0.0001610047944
0.0002619035204
0.0003256926041
0.03741542695
0.0004068301147
-0.0006189654681
0.03743936745
0.0001653371548
-0.0003046199344
0.03745237029
0.0001072593021
-0.0001516119773
0.03747424649
5.548060344e-05
-8.503764255e-05
0.03749294373
2.940844234e-05
-5.024672766e-05
0.03750347037
1.597041081e-05
-3.034344237e-05
0.03750971236
7.448170443e-06
-2.213228483e-05
0.03751358704
1.962341634e-06
-1.910014833e-05
0.03751611268
-1.960086995e-06
-1.783659645e-05
0.03751774814
-4.585259095e-06
-1.755559258e-05
0.0375187956
-6.442880259e-06
-1.77334541e-05
0.03751945988
-7.785198519e-06
-1.808354393e-05
0.03751987188
-8.819964644e-06
-1.852675199e-05
0.03752014776
-9.630832157e-06
-1.897830349e-05
0.03752036661
-1.029717772e-05
-1.950300735e-05
0.03752052353
-1.08581485e-05
-1.983699055e-05
-1.137851294e-05
-2.010250358e-05
0.03749874763
7.257516235e-09
7.888342762e-07
0.03749488413
2.180875219e-08
2.603992431e-06
0.03748705297
3.53391236e-08
6.2873288e-06
0.03747215524
4.844681752e-08
1.465084486e-05
0.03744296392
3.797763703e-08
3.457132316e-05
0.03738584545
-1.460429619e-08
8.469945223e-05
0.03727695527
-5.611575375e-07
0.0002120028572
0.03728308797
-2.076307262e-06
0.0005435471952
-0.0001304835922
-0.0002131607785
-0.0001583535991
-0.0002569851994
0.03779594285
-8.274085271e-06
0.00123224764
-0.0004028427242
-0.000460046557
-0.0005701366771
-0.0007002505353
0.03800656089
-2.021104989e-06
0.001166179278
-0.00041762489
-0.0003279104235
-0.000568856283
-0.0004063430409
0.03801843123
-7.864554185e-07
0.0006770968932
-0.0002466215628
-0.0001730877062
-0.0002838239815
-0.0001910664245
0.03799296475
-3.060455317e-06
0.0002005084484
-6.898256814e-05
-3.814613934e-05
-7.066437156e-05
-3.65472375e-05
0.03805008076
-5.20339641e-06
-0.0002516895691
4.110832347e-05
8.05448555e-05
6.597065659e-05
0.0001031755891
0.03802902296
-3.807962085e-06
-0.0007383563023
0.0001866971405
0.0002837248589
0.0002338569631
0.0003337906347
0.03771191972
-6.111747863e-06
-0.001175061935
0.0003716690074
0.0004520795356
0.0004654182993
0.0006123971444
0.03728294832
-1.634962155e-05
-0.001210368148
0.0004605706125
0.0003525779211
0.0006543612937
0.0005950094575
0.03736581386
-2.72146753e-05
-0.0004392891785
0.0001003472947
6.906860319e-05
0.0002357435272
0.0001438160792
0.03737664904
-3.233779769e-05
-0.0001847540332
0.03742964086
-3.525505088e-05
-0.0001080326122
0.03746498212
-3.512935423e-05
-6.781210313e-05
0.0374841034
-3.530620116e-05
-5.054176647e-05
0.03749500055
-3.598564302e-05
-4.350868129e-05
0.03750124821
-3.656237526e-05
-4.009541262e-05
0.03750519072
-3.793668232e-05
-3.801853742e-05
0.03750772729
-3.877187063e-05
-3.656294772e-05
0.03750933547
-3.932297474e-05
-3.543123078e-05
0.03751038068
-3.986157175e-05
-3.447298391e-05
0.03751108774
-4.034174771e-05
-3.356689304e-05
0.03751157578
-4.076721194e-05
-3.276206367e-05
0.03751193864
-4.114147919e-05
-3.190545936e-05
0.03751209814
-4.140711705e-05
-3.131006723e-05
-4.136873845e-05
-3.036604551e-05
0.03749874762
1.072503366e-06
7.873973847e-07
0.03749488445
3.275008138e-06
2.599134845e-06
0.03748705144
6.377384253e-06
6.277942122e-06
0.03747215073
1.151731586e-05
1.462676508e-05
0.03744290222
2.133285458e-05
3.454237146e-05
0.03738556576
4.26359511e-05
8.460105015e-05
0.03727491841
9.445575728e-05
0.0002124167916
0.03727740563
0.0002126496401
0.0005454608841
-0.0001589705457
-0.0002572372974
-0.0001306956273
-0.0002157705828
0.03779876369
0.0003994349064
0.001251774901
-0.0005813464344
-0.0007202834303
-0.0004081921835
-0.0004710199143
0.0380073037
0.0003421310407
0.001176059065
-0.0005746679493
-0.0004042619683
-0.0004210420919
-0.0003287792026
0.038021266
0.0002023097617
0.0006826983262
-0.000282061485
-0.0001878371963
-0.0002513101096
-0.000178548061
0.03799383065
3.79660672e-05
0.0002059393032
-6.747513787e-05
-3.433094732e-05
-7.381352888e-05
-4.391088432e-05
0.03804804091
-9.398579043e-05
-0.0002468122053
6.770514899e-05
0.0001046898535
3.497670958e-05
7.401262708e-05
0.03802587138
-0.0002750045477
-0.000734983064
0.0002357863369
0.0003347675882
0.0001812265371
0.0002765687003
0.03770146054
-0.0004033249612
-0.001169278485
0.0004662471596
0.0006140724458
0.0003650497315
0.0004455331764
0.03727128415
-0.0004002943532
-0.001188922469
0.0006400895227
0.0005701740632
0.0004519102796
0.0003408696869
0.0373493266
-0.000165530028
-0.0003938646289
0.0001897481506
5.965200392e-05
0.0001101831688
9.455424802e-05
0.03736600126
-9.410244792e-05
-0.0001167774456
0.03741936338
-4.766749518e-05
-9.943879742e-06
0.03745727587
-2.444556539e-05
5.865568431e-05
0.0374777697
-1.231272239e-05
8.809583558e-05
0.03748954508
-6.045734592e-06
9.819359085e-05
0.03749673043
-1.972521976e-06
0.0001020256844
0.03750112577
-1.357381941e-07
0.0001031855613
0.03750392121
1.072885683e-06
0.0001030060781
0.03750576778
1.87125352e-06
0.0001023288249
0.0375070308
2.346292927e-06
0.0001013916084
0.03750790233
2.644540958e-06
0.0001004006586
0.03750854864
2.780383976e-06
9.937814499e-05
0.03750894406
2.885506902e-06
9.844950828e-05
0.03750961595
2.770744695e-06
9.751535566e-05
2.540188903e-06
9.633108765e-05
0.03749893663
1.964842566e-06
7.226193569e-07
0.03749568761
5.970938944e-06
2.371038935e-06
0.03748926061
1.146992879e-05
5.666312845e-06
0.03747769804
2.016087628e-05
1.286758493e-05
0.0374570878
3.543768848e-05
2.948912564e-05
0.03742499772
6.371413841e-05
6.694057041e-05
0.03738688054
0.0001189938461
0.0001550661039
0.03741530942
0.0002112279531
0.0003197412594
0.03771337649
0.0003762836556
0.0006467741784
0.0379045601
0.0003944348129
0.0006641380066
-0.0002662603106
-0.0002330227423
-0.0002246564278
-0.0001836859071
0.0380063964
0.0002655641504
0.0004285130644
-0.0001902526802
-0.0001246670846
-0.0001645851065
-0.0001140988788
0.03800300955
7.91401185e-05
0.0001331625594
-4.808039415e-05
-1.012821002e-05
-7.052557968e-05
-4.221557824e-05
0.03801007311
-9.077771079e-05
-0.0001493588082
4.350839713e-05
8.368835458e-05
-9.063675871e-06
2.0954086e-05
0.03788224972
-0.0002730721287
-0.0004452422336
0.0001540694107
0.0002316922982
6.602032061e-05
0.0001193512014
0.03763378607
-0.0003910213315
-0.0006510279395
0.0002607567044
0.0003240660889
0.0001447979075
0.0001575672568
0.03741207746
-0.0003776432926
-0.0006077771371
0.03743873516
-0.0002213787792
-0.0002913915866
0.03745688921
-0.0001189205385
-0.0001223254931
0.03747763854
-7.513962062e-05
-6.637787339e-05
0.03749611952
-4.820237482e-05
-4.380804282e-05
0.0375059897
-2.886700904e-05
-3.202804216e-05
0.03751121942
-1.788555751e-05
-2.823306573e-05
0.03751479255
-1.09202775e-05
-2.701258083e-05
0.03751716381
-6.477094293e-06
-2.648039829e-05
0.03751862818
-3.429648872e-06
-2.606931183e-05
0.03751951876
-1.217735305e-06
-2.578107943e-05
0.03752007854
3.225539503e-07
-2.547652543e-05
0.03752044927
1.462459695e-06
-2.517539175e-05
0.03752069846
2.267180895e-06
-2.48477433e-05
0.03752085376
2.916691898e-06
-2.448910149e-05
0.03752088988
3.416068754e-06
-2.422093043e-05
4.01134286e-06
-2.407242132e-05
0.03749926304
2.557525283e-06
6.125941103e-07
0.03749702752
7.740663292e-06
1.989116349e-06
0.03749285069
1.45791947e-05
4.631267267e-06
0.03748599609
2.4725022e-05
1.011330008e-05
0.03747589146
4.094183303e-05
2.180043563e-05
0.03746397616
6.728741704e-05
4.565064285e-05
0.03745962703
0.0001112862613
9.401268301e-05
0.03749086094
0.0001748947205
0.0001750800849
0.03763451179
0.0002627636901
0.0003021881126
0.03777591831
0.0002803652516
0.0003233497631
0.03785941051
0.0001959746917
0.0002274691856
0.03787154603
6.234916516e-05
7.941310962e-05
0.03785642788
-6.924362652e-05
-6.357704014e-05
0.03776227452
-0.0001959497024
-0.0002063961187
0.03762006409
-0.0002741849706
-0.0002970572841
0.03750089023
-0.0002729060111
-0.0002931114342
0.03748258939
-0.000178126007
-0.0001734725193
0.03748576556
-9.412390323e-05
-8.286393803e-05
0.03748918407
-5.8744367e-05
-5.013542049e-05
0.03749560156
-3.868435205e-05
-3.268066096e-05
0.03750178281
-2.364375643e-05
-1.853675225e-05
0.03750609679
-1.405394368e-05
-1.046051649e-05
0.03750912992
-8.593109712e-06
-6.302577549e-06
0.03751135129
-4.983909789e-06
-4.123915053e-06
0.03751295882
-2.650846715e-06
-2.906626769e-06
0.03751408966
-8.875457405e-07
-2.372369432e-06
0.03751492536
2.630083207e-07
-2.199852006e-06
0.03751550716
1.052396854e-06
-2.22714404e-06
0.0375159432
1.557173382e-06
-2.360933434e-06
0.03751623296
1.937743352e-06
-2.663820131e-06
0.0375167656
2.041031683e-06
-2.934781332e-06
1.917354689e-06
-3.549127939e-06
0.03749962999
2.813166158e-06
4.831558079e-07
0.0374985195
8.488227053e-06
1.549620534e-06
0.03749662395
1.566814018e-05
3.489502932e-06
0.03749399682
2.569992105e-05
7.287134345e-06
0.03749130592
4.043819905e-05
1.478592521e-05
0.0374907431
6.209842931e-05
2.877667207e-05
0.03749940066
9.372525061e-05
5.43299106e-05
0.0375299736
0.0001338136511
9.291561935e-05
0.0376090112
0.0001785653612
0.0001442571144
0.03769718587
0.0001875248741
0.0001584553478
0.0377529645
0.0001370373279
0.0001180732272
0.03776710006
5.069895297e-05
4.913609844e-05
0.03775116243
-3.848423561e-05
-1.948219426e-05
0.03769286594
-0.000119274788
-8.47184014e-05
0.03761152127
-0.0001688888111
-0.0001245249283
0.03753583526
-0.0001747555962
-0.0001278589437
0.03750747614
-0.0001301216603
-8.40644096e-05
0.0375039768
-7.851163256e-05
-3.863427454e-05
0.03750355888
-5.149814837e-05
-1.942249268e-05
0.03750531119
-3.593857493e-05
-1.095964694e-05
0.03750826916
-2.312357998e-05
-5.374413542e-06
0.03751044424
-1.338241522e-05
-2.285546267e-06
0.03751183817
-7.231212543e-06
-1.4068178e-06
0.0375128036
-2.961492774e-06
-1.317988161e-06
0.03751347256
-3.639352866e-08
-1.312766514e-06
0.03751393303
2.281043646e-06
-1.370451713e-06
0.03751422199
3.886703131e-06
-1.406046786e-06
0.03751439197
5.071648228e-06
-1.377114832e-06
0.03751449651
5.888581756e-06
-1.305396628e-06
0.03751456408
6.534289589e-06
-1.16822781e-06
0.03751453744
7.046235878e-06
-1.085519235e-06
7.560458203e-06
-1.005975024e-06
0.03749996845
2.760037211e-06
3.563577186e-07
0.03749987069
8.317438625e-06
1.137038072e-06
0.03749987666
1.508362144e-05
2.478216189e-06
0.03750038052
2.405643777e-05
4.960847851e-06
0.0375023478
3.634726668e-05
9.535300263e-06
0.03750777745
5.296204649e-05
1.749271733e-05
0.03752099962
7.464543492e-05
3.067114767e-05
0.03754768069
9.923984958e-05
4.896956324e-05
0.03759635491
0.0001217849107
7.038706677e-05
0.03765191805
0.0001241538859
7.767935278e-05
0.03769019452
9.255651317e-05
5.96685115e-05
0.03770244499
3.599519015e-05
2.483656719e-05
0.03769112097
-2.448342805e-05
-1.251378124e-05
0.03765494415
-7.80415311e-05
-4.704983364e-05
0.03760438936
-0.0001127698919
-7.0328558e-05
0.03755461986
-0.0001206869099
-7.578544354e-05
0.03752733094
-9.9166262e-05
-5.805303706e-05
0.03751806743
-6.685227006e-05
-3.457844006e-05
0.0375133517
-4.536542361e-05
-2.248972205e-05
0.03751070394
-3.246808599e-05
-1.701583974e-05
0.03750985264
-2.203081903e-05
-1.289984936e-05
0.03750969461
-1.385894489e-05
-9.79519191e-06
0.03750969712
-8.4935103e-06
-7.993921932e-06
0.03750975182
-4.963330549e-06
-6.89129031e-06
0.03750984177
-2.546587244e-06
-6.254285556e-06
0.03750995767
-8.07616093e-07
-5.728664452e-06
0.03751006897
3.696792004e-07
-5.389619943e-06
0.03751014813
1.20522108e-06
-5.153935534e-06
0.03751023344
1.759955608e-06
-5.062933812e-06
0.03751027524
2.165152184e-06
-4.99721011e-06
0.03751047985
2.36742386e-06
-5.014225481e-06
2.434865966e-06
-5.142605867e-06
0.03750023584
2.463469967e-06
2.547590303e-07
0.03750095273
7.409630797e-06
7.982968975e-07
0.03750238671
1.325040635e-05
1.686420933e-06
0.03750501726
2.066693554e-05
3.248771514e-06
0.03750973751
3.026502634e-05
5.959085583e-06
0.03751801437
4.2384393e-05
1.038538436e-05
0.03753224018
5.6839033e-05
1.714331291e-05
0.03755484547
7.167016188e-05
2.589421705e-05
0.03758790558
8.290827162e-05
3.504330796e-05
0.03762431231
8.192091912e-05
3.823204327e-05
0.03765070941
6.165061717e-05
3.013795168e-05
0.03766010959
2.507503947e-05
1.331228887e-05
0.03765209593
-1.477677024e-05
-5.186161723e-06
0.03762827215
-5.008149682e-05
-2.166976719e-05
0.03759459207
-7.35383814e-05
-3.215340933e-05
0.03756055367
-8.073408173e-05
-3.378171825e-05
0.03753719351
-7.100321525e-05
-2.57906721e-05
0.0375254146
-5.219032233e-05
-1.45228595e-05
0.03751860166
-3.730507552e-05
-7.944262615e-06
0.03751401943
-2.768539091e-05
-4.979870204e-06
0.03751136842
-1.988716058e-05
-3.063073579e-06
0.03750993055
-1.347508685e-05
-1.669428132e-06
0.03750906479
-8.926720631e-06
-1.032698793e-06
0.03750853198
-5.811277255e-06
-8.779949512e-07
0.03750819243
-3.584966633e-06
-8.636117287e-07
0.03750800102
-1.989494338e-06
-8.792578542e-07
0.03750786131
-8.018598865e-07
-9.284278613e-07
0.03750778091
-8.858922676e-09
-9.526635291e-07
0.03750770221
6.086285476e-07
-9.768008305e-07
0.0375076551
9.922009006e-07
-9.531639963e-07
0.03750755544
1.293212491e-06
-9.375201286e-07
1.593561928e-06
-9.492177668e-07
0.03750043604
1.984752359e-06
1.756273878e-07
0.03750174779
5.965629983e-06
5.448428526e-07
0.03750417416
1.055458018e-05
1.119724049e-06
0.03750815816
1.61875489e-05
2.08217428e-06
0.03751439933
2.316602268e-05
3.662653844e-06
0.03752386255
3.15210741e-05
6.103337508e-06
0.03753776591
4.081011732e-05
9.583897635e-06
0.03755696218
4.95473854e-05
1.381604674e-05
0.0375812914
5.506538663e-05
1.78346997e-05
0.03760661422
5.305055604e-05
1.914868288e-05
0.0376255398
3.991362494e-05
1.536551644e-05
0.0376329659
1.646173246e-05
7.012992233e-06
0.03762766775
-9.017885213e-06
-2.577315852e-06
0.03761144753
-3.188597024e-05
-1.132892216e-05
0.03758813086
-4.745089446e-05
-1.719255083e-05
0.03756344281
-5.325397926e-05
-1.909378279e-05
0.03754355107
-4.902937467e-05
-1.678227757e-05
0.03753091256
-3.842548962e-05
-1.213253994e-05
0.03752265545
-2.855558611e-05
-8.75769462e-06
0.03751666984
-2.146317168e-05
-7.058310595e-06
0.03751256314
-1.567894775e-05
-5.85433565e-06
0.03750988123
-1.082524819e-05
-4.910510669e-06
0.03750808704
-7.273431683e-06
-4.322480243e-06
0.03750684955
-4.799121371e-06
-3.992522327e-06
0.03750599914
-3.057952014e-06
-3.756397762e-06
0.03750540774
-1.806717823e-06
-3.575717009e-06
0.03750500344
-9.130815089e-07
-3.434001633e-06
0.03750472156
-3.200188578e-07
-3.344064488e-06
0.03750451532
1.134019328e-07
-3.261822491e-06
0.037504343
3.827391539e-07
-3.213258207e-06
0.03750425132
5.257428304e-07
-3.192115665e-06
5.999143592e-07
-3.177167519e-06
0.03750057078
1.384046942e-06
1.207000115e-07
0.03750228637
4.158141371e-06
3.714649485e-07
0.03750535591
7.302387349e-06
7.438701461e-07
0.03751014877
1.106951249e-05
1.337783586e-06
0.03751717617
1.559472013e-05
2.26501817e-06
0.03752703156
2.080803995e-05
3.624347309e-06
0.0375402543
2.632259994e-05
5.451114923e-06
0.03755693709
3.116088224e-05
7.542721781e-06
0.03757615692
3.379518718e-05
9.378895636e-06
0.03759510042
3.20106763e-05
9.89357213e-06
0.03760942253
2.39111561e-05
7.936312021e-06
0.0376153483
9.717099659e-06
3.618617155e-06
0.03761165813
-5.174518246e-06
-1.391348717e-06
0.03759970906
-1.889743636e-05
-5.981975175e-06
0.03758222015
-2.83904098e-05
-9.074819133e-06
0.03756293084
-3.227561111e-05
-1.012740532e-05
0.03754584273
-3.053131618e-05
-9.013513042e-06
0.03753331299
-2.499937895e-05
-6.556729042e-06
0.03752436705
-1.915233907e-05
-4.472202266e-06
0.03751765361
-1.459743361e-05
-3.254058126e-06
0.03751276975
-1.088456217e-05
-2.483894965e-06
0.03750937394
-7.72802376e-06
-1.895275307e-06
0.03750703874
-5.388947579e-06
-1.57196336e-06
0.03750539474
-3.667772622e-06
-1.442620701e-06
0.03750426129
-2.496585443e-06
-1.364874335e-06
0.03750346487
-1.597871862e-06
-1.338371047e-06
0.03750293081
-9.959442607e-07
-1.322540292e-06
0.03750254093
-5.330296188e-07
-1.340711524e-06
0.03750228092
-2.583018622e-07
-1.335890251e-06
0.03750207968
-2.742819957e-08
-1.351396151e-06
0.03750191045
8.99866135e-08
-1.350345606e-06
2.003687461e-07
-1.359069516e-06
0.03750065272
7.093318559e-07
8.676233874e-08
0.03750261326
2.130507719e-06
2.651227814e-07
0.03750605995
3.725341913e-06
5.188625519e-07
0.03751129564
5.608424548e-06
9.054358599e-07
0.03751869598
7.829340235e-06
1.481251806e-06
0.03752861845
1.032823389e-05
2.28493425e-06
0.03754124471
1.289923079e-05
3.307115252e-06
0.03755631215
1.504384627e-05
4.411287276e-06
0.0375727027
1.616048509e-05
5.304145218e-06
0.03758836644
1.506880004e-05
5.48240234e-06
0.03759986384
1.137159594e-05
4.351954555e-06
0.03760462517
4.417178211e-06
1.936209332e-06
0.03760192048
-2.464134057e-06
-7.777111441e-07
0.03759242426
-8.875421132e-06
-3.432001801e-06
0.03757821889
-1.332696951e-05
-5.305742172e-06
0.03756215122
-1.526340135e-05
-6.086583483e-06
0.03754710653
-1.468733301e-05
-5.772063818e-06
0.03753495341
-1.233278751e-05
-4.755811794e-06
0.03752567032
-9.624824649e-06
-3.798190887e-06
0.03751853489
-7.386200967e-06
-3.211426695e-06
0.03751316108
-5.53585409e-06
-2.816854697e-06
0.03750929478
-3.959638283e-06
-2.511307782e-06
0.03750654156
-2.775527245e-06
-2.322697117e-06
0.03750459182
-1.881336778e-06
-2.21762059e-06
0.03750318564
-1.270788112e-06
-2.151169023e-06
0.03750220465
-8.07666684e-07
-2.101246677e-06
0.03750150055
-4.981517669e-07
-2.065131212e-06
0.03750101139
-2.622882782e-07
-2.037289911e-06
0.03750064313
-1.256387664e-07
-2.014877219e-06
0.03750037501
-1.163700516e-08
-1.993489777e-06
0.03750015102
4.777022811e-08
-1.979171898e-06
7.764119678e-08
-1.968962537e-06
0.03750069111
7.068960629e-08
0.03750276624
2.150046699e-07
0.03750638559
4.144259946e-07
0.03751181434
7.085708611e-07
0.03751935904
1.131918572e-06
0.03752926251
1.702353722e-06
0.03754156715
2.398601005e-06
0.03755584329
3.114723299e-06
0.03757110245
3.657572203e-06
0.03758525729
3.673228885e-06
0.03759584619
3.006547433e-06
0.03759992416
8.376853435e-07
0.03759742783
-6.528659607e-07
0.03758888107
-2.465032835e-06
0.0375761292
-3.813629684e-06
0.03756151777
-4.422256416e-06
0.03754740233
-4.307512168e-06
0.03753546119
-3.695628029e-06
0.03752603965
-3.016630502e-06
0.0375187148
-2.513821563e-06
0.03751313583
-2.159843738e-06
0.03750905979
-1.889558981e-06
0.03750610998
-1.719588421e-06
0.03750401993
-1.601398942e-06
0.03750251514
-1.541971544e-06
0.03750146524
-1.509840686e-06
0.0375007101
-1.496400023e-06
0.03750018706
-1.489090288e-06
0.03749979307
-1.487391258e-06
0.03749950691
-1.489295024e-06
0.03749927296
-1.489081239e-06
-1.492966318e-06
0.03750069542
-7.013015198e-07
8.340251799e-08
0.03750278226
-2.104670101e-06
2.535716828e-07
0.03750642144
-3.673344135e-06
4.857025331e-07
0.03751187767
-5.514042919e-06
8.242442593e-07
0.03751945331
-7.666617124e-06
1.307574233e-06
0.03752937993
-1.006036823e-05
1.955072561e-06
0.03754167896
-1.248182557e-05
2.743030706e-06
0.03755589451
-1.444216647e-05
3.554174675e-06
0.03757101609
-1.537598504e-05
4.181829849e-06
0.03758497055
-1.419121925e-05
4.246362246e-06
0.03759537788
-1.059935554e-05
3.59574253e-06
0.03759932065
-4.001461996e-06
1.388713914e-06
0.03759686164
2.48820447e-06
-1.334424654e-07
0.03758844678
8.542588501e-06
-1.961816813e-06
0.03757588055
1.27535599e-05
-3.272441383e-06
0.03756146575
1.461652394e-05
-3.78796337e-06
0.03754749269
1.415375465e-05
-3.536483572e-06
0.03753558779
1.204626454e-05
-2.775847072e-06
0.03752613315
9.551914767e-06
-1.962336702e-06
0.03751878286
7.40810884e-06
-1.35272159e-06
0.03751319012
5.619677823e-06
-9.216629391e-07
0.03750910044
4.0919328e-06
-5.987511055e-07
0.03750614592
2.936582589e-06
-3.915664214e-07
0.03750405489
2.074352292e-06
-2.499503435e-07
0.03750254506
1.480574434e-06
-1.674190932e-07
0.03750150603
9.96049349e-07
-1.321183713e-07
0.0375007511
7.074650113e-07
-1.172556589e-07
0.03750023595
4.651553347e-07
-1.12182147e-07
0.03749984605
3.391259448e-07
-1.100317676e-07
0.03749956676
2.255072274e-07
-1.141883133e-07
0.03749933724
1.737227361e-07
-1.191771305e-07
1.233779686e-07
-1.224625161e-07
0.03750065883
-1.367283382e-06
1.009036008e-07
0.03750263655
-4.104148098e-06
3.081353455e-07
0.03750611321
-7.192184504e-06
5.993054602e-07
0.03751139241
-1.086570837e-05
1.038065852e-06
0.03751884529
-1.523513538e-05
1.685853397e-06
0.03752881471
-2.020191916e-05
2.583469087e-06
0.03754145
-2.535276186e-05
3.716460916e-06
0.03755644313
-2.972636426e-05
4.933057738e-06
0.03757263503
-3.18812965e-05
5.912861961e-06
0.03758799792
-2.984005803e-05
6.133023499e-06
0.03759922031
-2.202784847e-05
4.995885814e-06
0.0376038167
-8.66142154e-06
2.517296554e-06
0.03760116139
5.20748431e-06
-2.483790487e-07
0.03759185303
1.803946415e-05
-2.933065013e-06
0.03757792545
2.693435188e-05
-4.762099671e-06
0.03756214715
3.065157387e-05
-5.424381773e-06
0.03754728848
2.923056138e-05
-4.937882703e-06
0.03753514397
2.43494188e-05
-3.736702631e-06
0.03752578967
1.899361709e-05
-2.608746034e-06
0.03751861175
1.461244102e-05
-1.885360738e-06
0.03751321521
1.100444918e-05
-1.406936675e-06
0.03750932816
7.943953399e-06
-1.048268177e-06
0.03750655835
5.654002918e-06
-8.281639052e-07
0.03750460445
3.965462384e-06
-6.996283213e-07
0.03750321391
2.803704123e-06
-6.249435585e-07
0.03750224407
1.892703368e-06
-5.697501436e-07
0.03750154918
1.322423049e-06
-5.351239819e-07
0.03750106953
8.57685606e-07
-5.056699732e-07
0.03750070972
6.081504582e-07
-4.837706693e-07
0.03750045115
3.89433933e-07
-4.560810804e-07
0.03750023233
3.014269833e-07
-4.376413124e-07
2.303959185e-07
-4.103421955e-07
0.03750058093
-1.958024272e-06
1.377782005e-07
0.03750232622
-5.879458838e-06
4.236665289e-07
0.03750544941
-1.037456828e-05
8.434362787e-07
0.03751032449
-1.584459751e-05
1.506133877e-06
0.03751745955
-2.253892699e-05
2.531071911e-06
0.03752742624
-3.042236482e-05
4.019411937e-06
0.03754070196
-3.897411912e-05
5.99495261e-06
0.03755728229
-4.671895356e-05
8.222749573e-06
0.0375761245
-5.113409752e-05
1.0135673e-05
0.03759447783
-4.851730092e-05
1.064568327e-05
0.03760830693
-3.606244971e-05
8.653100978e-06
0.03761395992
-1.432219281e-05
4.226081575e-06
0.03761038781
8.91736285e-06
-8.4145352e-07
0.03759879943
2.992544275e-05
-5.477855464e-06
0.0375818526
4.425763481e-05
-8.516214256e-06
0.03756311372
4.978255974e-05
-9.431363184e-06
0.03754635919
4.637603739e-05
-8.139614636e-06
0.03753377496
3.732466936e-05
-5.527663723e-06
0.037524651
2.84555356e-05
-3.29028887e-06
0.03751784507
2.167503126e-05
-1.937891034e-06
0.03751288911
1.61468253e-05
-1.024838265e-06
0.03750944997
1.149929972e-05
-3.598776897e-07
0.03750707544
8.106966954e-06
7.513068318e-08
0.03750542275
5.650571992e-06
2.569462533e-07
0.03750426829
3.980384002e-06
3.40908928e-07
0.03750346611
2.70237625e-06
3.911842743e-07
0.03750291311
1.872990064e-06
3.9967088e-07
0.03750252685
1.220097393e-06
3.914188717e-07
0.03750225046
8.477302476e-07
3.640258163e-07
0.03750204989
5.257213298e-07
3.327610213e-07
0.03750189656
3.773010608e-07
2.911695035e-07
2.263102884e-07
2.476549714e-07
0.03750045337
-2.425402489e-06
1.972242871e-07
0.03750181759
-7.287097331e-06
6.115206644e-07
0.03750434226
-1.298618629e-05
1.249698875e-06
0.03750848567
-2.0143435e-05
2.308049455e-06
0.03751495109
-2.926008352e-05
4.027587095e-06
0.03752467566
-4.053165745e-05
6.651478654e-06
0.03753874964
-5.355101428e-05
1.032235398e-05
0.03755781013
-6.632483692e-05
1.46862573e-05
0.03758129087
-7.500416856e-05
1.864617153e-05
0.03760527526
-7.265133864e-05
1.982274104e-05
0.03762326698
-5.40475743e-05
1.598250917e-05
0.03763032398
-2.114912268e-05
7.50878343e-06
0.03762521978
1.441434739e-05
-2.144898232e-06
0.03760974005
4.583613847e-05
-1.078976556e-05
0.03758753809
6.679491215e-05
-1.639062895e-05
0.03756390447
7.360971744e-05
-1.794521809e-05
0.03754451391
6.585526655e-05
-1.527393827e-05
0.03753166005
5.021332797e-05
-1.039968439e-05
0.03752308562
3.696845317e-05
-6.798643187e-06
0.03751693552
2.769842425e-05
-4.886940605e-06
0.0375126956
2.023534141e-05
-3.584573555e-06
0.03750993379
1.407216456e-05
-2.562344327e-06
0.03750811375
9.689012002e-06
-1.947328399e-06
0.03750688497
6.602000456e-06
-1.593029354e-06
0.0375060512
4.518094844e-06
-1.373983499e-06
0.03750548327
2.961259745e-06
-1.207575293e-06
0.03750509853
1.949189768e-06
-1.088461315e-06
0.03750482991
1.185554191e-06
-9.822754467e-07
0.03750463952
7.485732754e-07
-8.929087047e-07
0.03750450085
3.934110865e-07
-7.87709651e-07
0.03750438417
2.481592172e-07
-7.153795363e-07
1.332353738e-07
-6.162250978e-07
0.03750026668
-2.711725957e-06
2.822330035e-07
0.03750107229
-8.155260873e-06
8.849677229e-07
0.03750268259
-1.472359206e-05
1.859095807e-06
0.03750561732
-2.330901113e-05
3.556421219e-06
0.03751080034
-3.482273685e-05
6.462041491e-06
0.03751967838
-4.996470121e-05
1.113199239e-05
0.03753439057
-6.889947547e-05
1.806373457e-05
0.03755686171
-8.925156004e-05
2.674894211e-05
0.03758791284
-0.000105746465
3.52434978e-05
0.03762131524
-0.0001051078125
3.791785253e-05
0.03764580272
-7.760796068e-05
2.996766723e-05
0.03765464778
-2.909231522e-05
1.326547486e-05
0.03764709249
2.292231405e-05
-5.153247824e-06
0.03762518319
6.852508958e-05
-2.128193381e-05
0.03759414106
9.837804545e-05
-3.130823925e-05
0.03756237254
0.0001060513974
-3.277809102e-05
0.03753955477
8.99814879e-05
-2.502279243e-05
0.03752701884
6.43278182e-05
-1.387891159e-05
0.03751961222
4.561296191e-05
-6.812633399e-06
0.03751470375
3.346887063e-05
-3.382164412e-06
0.03751171568
2.387424589e-05
-1.220514183e-06
0.037510029
1.627767344e-05
3.317629816e-07
0.03750901263
1.11282702e-05
1.163121513e-06
0.03750837875
7.573763077e-06
1.448216133e-06
0.03750798255
5.167785378e-06
1.534416356e-06
0.0375077322
3.361525799e-06
1.542978935e-06
0.03750757137
2.156885309e-06
1.495912709e-06
0.03750746477
1.222182509e-06
1.411788926e-06
0.0375073915
6.504548027e-07
1.311785643e-06
0.037507333
1.649214195e-07
1.181838737e-06
0.03750731475
-8.494513179e-08
1.087658643e-06
-3.708333812e-07
9.205576622e-07
0.03750001286
-2.752686395e-06
3.922045602e-07
0.03750006619
-8.295689401e-06
1.248328126e-06
0.03750037995
-1.521685502e-05
2.704618617e-06
0.03750144919
-2.470769477e-05
5.372181238e-06
0.03750435827
-3.826092302e-05
1.020138353e-05
0.03751116009
-5.746618615e-05
1.841482128e-05
0.03752571248
-8.391123589e-05
3.14651025e-05
0.03755244686
-0.0001153195516
4.877489969e-05
0.03759600599
-0.0001456145044
6.723662774e-05
0.03764464818
-0.0001484092813
7.301927512e-05
0.03767889747
-0.0001075886362
5.622382654e-05
0.03769017418
-3.767075122e-05
2.3008806e-05
0.03767926582
3.488316524e-05
-1.252163327e-05
0.03764731324
9.876619101e-05
-4.407555793e-05
0.0376026884
0.0001387188172
-6.446928051e-05
0.03755831096
0.0001446646693
-6.817072234e-05
0.03753167076
0.0001128825747
-5.182206974e-05
0.03752048679
7.368680502e-05
-3.043804508e-05
0.03751482142
4.99660779e-05
-1.831909912e-05
0.03751166889
3.533565806e-05
-1.236067586e-05
0.0375104498
2.37082457e-05
-8.177970825e-06
0.03751015913
1.499730446e-05
-5.219333737e-06
0.03751014489
9.541243893e-06
-3.654749918e-06
0.03751023105
5.948730586e-06
-2.813485368e-06
0.03751036016
3.633859891e-06
-2.300590531e-06
0.03751048125
1.984509533e-06
-1.898604211e-06
0.03751058339
9.703258298e-07
-1.620368784e-06
0.0375106588
2.325610564e-07
-1.368173451e-06
0.03751072396
-1.792746999e-07
-1.174194783e-06
0.0375107701
-5.017705619e-07
-9.385603302e-07
0.03751079783
-6.170482975e-07
-7.800394357e-07
-6.363304443e-07
-5.67258859e-07
0.03749970421
-2.494781142e-06
5.282461329e-07
0.03749882485
-7.532498917e-06
1.688608218e-06
0.0374974382
-1.407262321e-05
3.777332732e-06
0.03749582721
-2.35405144e-05
7.813674488e-06
0.03749501055
-3.810051417e-05
1.558662765e-05
0.03749754988
-6.063019086e-05
2.964706981e-05
0.0375098796
-9.535306201e-05
5.380303949e-05
0.03754135478
-0.0001414155357
8.801634179e-05
0.03760648316
-0.0001946350369
0.0001283806592
0.03767904817
-0.0002017621058
0.0001396621104
0.03772665525
-0.0001405389342
0.0001039572343
0.03774086407
-4.205863817e-05
3.980752495e-05
0.0377251341
5.694672449e-05
-2.507326887e-05
0.03767707647
0.0001456082358
-8.250044684e-05
0.03761019017
0.000199695677
-0.0001169880141
0.03754605354
0.0002007548365
-0.0001180461736
0.03751687138
0.0001393735817
-7.812958296e-05
0.03750944558
8.018158354e-05
-3.632003841e-05
0.03750713337
5.117989072e-05
-1.693268777e-05
0.03750701442
3.475177608e-05
-8.391562731e-06
0.03750838086
2.20698818e-05
-2.523483762e-06
0.03750980021
1.315914725e-05
1.242760759e-06
0.03751086443
7.756257301e-06
2.973273336e-06
0.03751168878
4.12196009e-06
3.457593032e-06
0.03751230495
1.720787478e-06
3.611216856e-06
0.03751274945
-1.199362174e-07
3.590895621e-06
0.03751308628
-1.348977215e-06
3.459578887e-06
0.03751332876
-2.222105641e-06
3.244248636e-06
0.03751352544
-2.79878243e-06
3.049529005e-06
0.03751363681
-3.177709764e-06
2.736373659e-06
0.03751386256
-3.452806375e-06
2.468684834e-06
-3.650458042e-06
2.007664045e-06
0.03749936652
-1.90849806e-06
6.657332024e-07
0.03749746835
-5.782663304e-06
2.156678169e-06
0.03749408462
-1.100058381e-05
4.982422524e-06
0.03748897609
-1.899049204e-05
1.074675158e-05
0.03748253565
-3.233978949e-05
2.26148776e-05
0.03747739848
-5.531596112e-05
4.570857667e-05
0.0374831634
-9.576945258e-05
8.89392792e-05
0.03751879853
-0.0001564267967
0.0001548091896
0.03762299359
-0.0002407181158
0.0002427526129
0.03772992817
-0.0002479294856
0.0002614945361
0.03779325523
-0.0001626847938
0.0001850058247
0.03781074221
-4.302873166e-05
6.140862028e-05
0.03779072578
7.40992171e-05
-6.190152059e-05
0.03772047874
0.0001820936279
-0.0001737395228
0.03761725834
0.0002465807461
-0.0002416429381
0.03752336466
0.0002380841431
-0.0002386885538
0.03749664773
0.0001412366672
-0.000148468869
0.03749375891
7.063208108e-05
-7.096334535e-05
0.0374958674
3.849868574e-05
-3.797230187e-05
0.03750059185
2.062616563e-05
-2.210213787e-05
0.03750581375
8.105403023e-06
-1.16415218e-05
0.03750959198
1.173369113e-06
-5.812164482e-06
0.03751217701
-2.245296709e-06
-3.427050478e-06
0.03751394513
-4.223079052e-06
-2.242415819e-06
0.0375151485
-5.334235143e-06
-1.455478788e-06
0.0375160273
-6.13487525e-06
-9.082912873e-07
0.03751666788
-6.562485682e-06
-5.114510238e-07
0.037517039
-6.736587286e-06
-1.893335458e-07
0.03751726164
-6.789208229e-06
1.272417255e-07
0.03751743158
-6.756123488e-06
4.131421162e-07
0.03751749251
-6.647979357e-06
6.977876976e-07
-6.321785266e-06
9.578846784e-07
0.03749906952
-1.034039974e-06
7.825159956e-07
0.03749625687
-3.147205611e-06
2.561385208e-06
0.03749094113
-6.067686904e-06
6.076590785e-06
0.03748203032
-1.07513218e-05
1.359480281e-05
0.03746826493
-1.916564511e-05
3.017653403e-05
0.03745060906
-3.5564898e-05
6.500030805e-05
0.0374411949
-6.943204055e-05
0.0001381425383
0.03747709479
-0.0001326567721
0.0002596511648
0.0376526939
-0.0002231777295
0.0004466964024
0.03780160409
-0.0002088799208
0.0004710903865
0.03787352998
-0.0001227091651
0.0003095978488
0.0378903299
-2.720860458e-05
9.221546017e-05
0.03787032774
6.274849207e-05
-0.0001256212708
0.03777725488
0.0001530617995
-0.000330010305
0.03761535267
0.0002119386101
-0.0004621520124
0.03747370301
0.0002051514309
-0.0004443831037
0.03746959033
7.08907208e-05
-0.0002301613164
0.03747451679
1.395030537e-05
-9.985667074e-05
0.03748310167
-1.361775476e-06
-5.376207179e-05
0.0374932348
-8.865844035e-06
-3.088785894e-05
0.03750129495
-1.448270057e-05
-1.58155037e-05
0.03750649733
-1.727696477e-05
-8.884329019e-06
0.03751026967
-1.843039199e-05
-6.687399156e-06
0.03751284693
-1.901147308e-05
-5.625476543e-06
0.03751465289
-1.932983373e-05
-5.365957882e-06
0.03751590886
-1.946595037e-05
-5.658355685e-06
0.03751682545
-1.943187834e-05
-6.130741601e-06
0.03751752145
-1.928763068e-05
-6.671714452e-06
0.03751803652
-1.908927207e-05
-7.193314342e-06
0.03751836185
-1.879730504e-05
-7.787156272e-06
0.03751884527
-1.869168685e-05
-8.276705766e-06
-1.852067529e-05
-9.01211789e-06
0.03749889733
6.751157556e-09
8.504293e-07
0.03749553527
2.020324831e-08
2.798645934e-06
0.03748899439
3.229884918e-08
6.72822688e-06
0.03747744348
4.310008617e-08
1.540733766e-05
0.03745755221
3.313957231e-08
3.526380054e-05
0.03742656424
-9.471344399e-09
8.013200055e-05
0.03738778323
-3.465218562e-07
0.000181698344
0.03741659274
-1.080132344e-06
0.0003831610427
0.03768157384
-3.665205171e-06
0.0007477540222
0.03785915564
-1.974645947e-06
0.0007816922047
0.03792119941
-1.219703852e-06
0.0004935636622
0.03793867737
-1.944197832e-06
0.0001577660838
0.03792497853
-2.250540343e-06
-0.000172991697
0.03783776696
-1.793940286e-06
-0.0004962890168
0.03762988718
-2.775082287e-06
-0.0007524684629
0.03740023877
-6.260910591e-06
-0.000769307404
0.03742952711
-1.221358116e-05
-0.000385473211
0.03744801984
-1.548352053e-05
-0.0001738129481
0.03747079968
-1.999900104e-05
-0.0001121752343
0.03749277809
-2.443209389e-05
-7.42242677e-05
0.03750535945
-2.572903265e-05
-5.187680232e-05
0.03751182154
-2.479887504e-05
-4.244887629e-05
0.03751567025
-2.367039028e-05
-3.870412525e-05
0.03751820584
-2.257822224e-05
-3.698738288e-05
0.03751974277
-2.150709355e-05
-3.592263426e-05
0.03752058938
-2.050927686e-05
-3.52345216e-05
0.03752105623
-1.964261364e-05
-3.472910077e-05
0.03752133937
-1.882714213e-05
-3.431052053e-05
0.03752149475
-1.810937276e-05
-3.389735514e-05
0.03752160211
-1.736921093e-05
-3.344091674e-05
0.03752144513
-1.678150715e-05
-3.306327438e-05
-1.581519409e-05
-3.244747755e-05
0.0374988972
1.047425295e-06
8.492383108e-07
0.03749553495
3.18697811e-06
2.794613411e-06
0.03748899145
6.132603863e-06
6.721136313e-06
0.03747743453
1.083697493e-05
1.538981694e-05
0.03745749812
1.925810656e-05
3.525381263e-05
0.0374263667
3.563858638e-05
8.008440902e-05
0.03738684589
6.950839633e-05
0.0001820826888
0.03741453899
0.0001328654454
0.0003838221976
0.03768271122
0.0002239161655
0.000756021301
0.03785950015
0.0002076360344
0.0007896594605
0.03792170345
0.0001207637325
0.0004985115794
0.03793901244
2.505166836e-05
0.0001616344545
0.03792484632
-6.487420355e-05
-0.0001700224369
0.03783635422
-0.0001547496849
-0.0004935352178
0.03762547655
-0.0002140457301
-0.0007471301782
0.03739527736
-0.0002056303973
-0.0007593537887
0.03742433062
-7.14853206e-05
-0.0003636461374
0.03744082337
-1.436578177e-05
-0.0001343879175
0.03746203995
5.363571778e-06
-5.652303711e-05
0.03748480821
1.664698768e-05
-5.191666151e-06
0.03749857793
2.37286632e-05
2.486841472e-05
0.03750613426
2.621237495e-05
3.96259968e-05
0.0375111472
2.741769988e-05
4.592465762e-05
0.0375144242
2.76607853e-05
4.966954389e-05
0.03751658093
2.753977304e-05
5.180246755e-05
0.03751801406
2.726596091e-05
5.312045547e-05
0.03751900094
2.697389823e-05
5.378820498e-05
0.03751968226
2.669059598e-05
5.420159525e-05
0.03752015585
2.645140587e-05
5.434376892e-05
0.03752053431
2.624817867e-05
5.445365302e-05
0.03752083347
2.597477786e-05
5.445990801e-05
2.560342266e-05
5.488438559e-05
0.03749906932
1.921404658e-06
7.791291211e-07
0.03749625572
5.82105778e-06
2.550561976e-06
0.03749093439
1.106503282e-05
6.055216308e-06
0.03748200358
1.908047375e-05
1.355488919e-05
0.03746816306
3.246449785e-05
3.012326256e-05
0.03745032573
5.548353534e-05
6.493295282e-05
0.03744042677
9.611213791e-05
0.0001383613148
0.03747582838
0.0001569789439
0.0002602261534
0.03765355062
0.0002425527746
0.0004504153284
0.03780161553
0.0002494631706
0.0004742459595
0.0378735853
0.00016421986
0.0003130871619
0.03789035591
4.456728586e-05
9.687632554e-05
0.03786981979
-7.27261381e-05
-0.0001209707476
0.03777595397
-0.0001805507967
-0.0003255753059
0.03761311619
-0.0002446690609
-0.0004575668332
0.03747163021
-0.0002350007303
-0.0004369208227
0.03746640698
-0.0001368952664
-0.0002207583921
0.03747539011
-6.203284367e-05
-8.364155294e-05
0.03748602126
-2.96819781e-05
-4.196347321e-05
0.03749763931
-1.315680441e-05
-2.562231358e-05
0.03750628498
-1.088151542e-06
-1.585690052e-05
0.03751130251
5.832339985e-06
-1.287056846e-05
0.03751463133
9.922467407e-06
-1.284616917e-05
0.03751683373
1.228535471e-05
-1.330737094e-05
0.0375182146
1.373974703e-05
-1.365016607e-05
0.03751909257
1.461653595e-05
-1.400962702e-05
0.03751968484
1.511928277e-05
-1.421418685e-05
0.03752001271
1.541171763e-05
-1.422439281e-05
0.03752019889
1.558265833e-05
-1.416517882e-05
0.03752032643
1.564857883e-05
-1.401705002e-05
0.03752013788
1.576015352e-05
-1.381776071e-05
1.5968835e-05
-1.334657557e-05
0.03749936639
2.506839897e-06
6.606793177e-07
0.03749746728
7.568556177e-06
2.140725057e-06
0.03749407862
1.413397591e-05
4.950992001e-06
0.0374889527
2.362951046e-05
1.069017618e-05
0.03748246254
3.822835833e-05
2.252673935e-05
0.0374772062
6.081390604e-05
4.557661448e-05
0.03748277664
9.56865485e-05
8.886783045e-05
0.03751806086
0.0001419525421
0.0001548222666
0.03762301166
0.0001959446005
0.0002438454862
0.03772986361
0.0002032879808
0.0002626729994
0.03779324571
0.0001420481856
0.0001862587599
0.0378107053
4.367450277e-05
6.284629952e-05
0.03779041761
-5.532109953e-05
-6.069439752e-05
0.03771984152
-0.0001437413766
-0.0001726294408
0.03761621837
-0.0001974675565
-0.0002406356498
0.03752257224
-0.0001975651932
-0.0002369008435
0.03749542478
-0.0001358628669
-0.0001473574509
0.03749393481
-7.495584801e-05
-6.845096203e-05
0.03749565644
-4.554338768e-05
-3.599564498e-05
0.03749964473
-2.918220828e-05
-2.064355549e-05
0.03750446795
-1.649865286e-05
-7.949468732e-06
0.03750798638
-8.113268635e-06
-3.334509929e-08
0.0375104223
-3.389266087e-06
4.573236091e-06
0.03751233964
-5.185638569e-07
6.762659342e-06
0.0375137723
1.250466898e-06
8.149992145e-06
0.03751477797
2.315430227e-06
8.92305338e-06
0.03751550244
2.897041567e-06
9.297921609e-06
0.03751598906
3.200753979e-06
9.497192348e-06
0.03751636613
3.312440436e-06
9.53221379e-06
0.0375166683
3.290413776e-06
9.392161933e-06
0.0375170045
3.113187695e-06
9.375989469e-06
2.715247982e-06
9.330444202e-06
0.03749970432
2.763505773e-06
5.221407254e-07
0.03749882478
8.328173734e-06
1.669537951e-06
0.03749743569
1.527234254e-05
3.740227625e-06
0.03749581498
2.47888988e-05
7.748460804e-06
0.03749497173
3.837670161e-05
1.548083141e-05
0.03749744847
5.763091571e-05
2.948292055e-05
0.03750968558
8.417979699e-05
5.359955573e-05
0.03754102539
0.0001157368043
8.779154192e-05
0.03760641428
0.0001463975479
0.0001284152821
0.03767905859
0.0001494096787
0.0001396893348
0.03772664213
0.0001086452304
0.0001038926418
0.03774086026
3.885149758e-05
3.97409732e-05
0.03772503143
-3.367531313e-05
-2.529914825e-05
0.03767687725
-9.746481363e-05
-8.28407861e-05
0.03760977323
-0.0001372753306
-0.0001176131337
0.03754574196
-0.0001427429822
-0.0001186498938
0.0375160042
-0.000110826953
-7.936256555e-05
0.03750908882
-7.034970902e-05
-3.632503179e-05
0.03750700341
-4.625833921e-05
-1.662213032e-05
0.03750715419
-3.19333107e-05
-8.359322774e-06
0.03750894173
-2.058062266e-05
-3.07998948e-06
0.03751070189
-1.207853484e-05
-8.043399767e-08
0.03751195126
-6.688812563e-06
6.433568306e-07
0.0375129189
-3.171213228e-06
3.670221177e-07
0.03751366097
-8.631765704e-07
5.879945581e-08
0.03751410975
7.742830783e-07
-2.780853073e-07
0.03751437809
1.792260012e-06
-5.696098141e-07
0.03751456968
2.411889376e-06
-7.798387216e-07
0.03751469742
2.769043792e-06
-8.897434084e-07
0.03751480912
2.952024763e-06
-9.415490954e-07
0.03751468692
3.079439049e-06
-9.295682556e-07
3.252716205e-06
-7.205545884e-07
0.0375000132
2.721036007e-06
3.856283657e-07
0.03750006729
8.183167433e-06
1.227952345e-06
0.03750038099
1.477124663e-05
2.665618832e-06
0.03750144653
2.337873261e-05
5.30546768e-06
0.03750434393
3.492043575e-05
1.009416448e-05
0.03751111761
5.010044998e-05
1.824950919e-05
0.03752563236
6.910119069e-05
3.123500192e-05
0.03755231826
8.954679908e-05
4.847366345e-05
0.03759595455
0.0001062160219
6.693230743e-05
0.0376446493
0.0001057270778
7.266719966e-05
0.03767887863
7.829759272e-05
5.578682277e-05
0.03769018564
2.98587517e-05
2.252230161e-05
0.03767923015
-2.210343073e-05
-1.313017693e-05
0.03764724199
-6.766691433e-05
-4.485957391e-05
0.03760249852
-9.741481365e-05
-6.544560299e-05
0.03755810903
-0.0001048580252
-6.928090873e-05
0.03753123074
-8.868789985e-05
-5.331379984e-05
0.03752039041
-6.243715044e-05
-3.16506693e-05
0.03751491077
-4.350420767e-05
-1.976421412e-05
0.03751170962
-3.147024245e-05
-1.427774761e-05
0.03751041228
-2.187760289e-05
-1.030552697e-05
0.03751001042
-1.42174323e-05
-7.254437006e-06
0.03750989347
-9.117914877e-06
-5.447866268e-06
0.0375099011
-5.687115156e-06
-4.383015702e-06
0.03750996232
-3.460367044e-06
-3.718316384e-06
0.03751005349
-1.829410008e-06
-3.216141302e-06
0.03751015176
-8.236850671e-07
-2.871946508e-06
0.03751022233
-1.690007335e-07
-2.643623192e-06
0.03751030079
1.702556562e-07
-2.542610052e-06
0.03751035274
3.913863362e-07
-2.488518943e-06
0.03751048863
4.23234958e-07
-2.493912507e-06
2.581884145e-07
-2.490111867e-06
0.03750026724
2.432966032e-06
2.755882158e-07
0.03750107435
7.309828454e-06
8.645290941e-07
0.03750268637
1.3024903e-05
1.820742373e-06
0.0375056215
2.01998246e-05
3.492551276e-06
0.03751080154
2.933785593e-05
6.361628905e-06
0.03751967
4.063700762e-05
1.098035875e-05
0.03753436876
5.369775919e-05
1.784798297e-05
0.03755682326
6.652882965e-05
2.645768875e-05
0.03758789671
7.52964376e-05
3.488944265e-05
0.03762132818
7.303251763e-05
3.749513365e-05
0.03764581894
5.448280794e-05
2.946197678e-05
0.03765467868
2.163489062e-05
1.2676403e-05
0.03764712328
-1.388699028e-05
-5.847200536e-06
0.03762518404
-4.527320397e-05
-2.212423171e-05
0.03759410442
-6.617361658e-05
-3.231499153e-05
0.03756231774
-7.28821429e-05
-3.397091834e-05
0.03753936817
-6.503918996e-05
-2.648980352e-05
0.03752692859
-4.912749634e-05
-1.539293109e-05
0.03751958037
-3.567020386e-05
-8.430045131e-06
0.03751465981
-2.645141972e-05
-5.078127498e-06
0.03751168216
-1.900120393e-05
-2.961820397e-06
0.03751005026
-1.284305633e-05
-1.41189706e-06
0.03750909169
-8.493909957e-06
-6.981338484e-07
0.03750851247
-5.442183254e-06
-5.437059576e-07
0.03750815491
-3.39109421e-06
-5.753223705e-07
0.03750795553
-1.855432028e-06
-6.538612735e-07
0.0375078304
-8.587642365e-07
-7.682107299e-07
0.03750775744
-1.304051024e-07
-9.183020251e-07
0.03750769795
2.745161255e-07
-1.021578221e-06
0.03750767145
5.871231108e-07
-1.122395573e-06
0.03750754921
7.674829081e-07
-1.159534531e-06
8.859288661e-07
-1.166946039e-06
0.03750045409
1.963745051e-06
1.907604799e-07
0.03750182035
5.896662947e-06
5.917450407e-07
0.03750434795
1.040379341e-05
1.21323347e-06
0.03750849425
1.588695068e-05
2.248751233e-06
0.03751496152
2.259660499e-05
3.936638784e-06
0.03752468541
3.049898609e-05
6.517465716e-06
0.03753875713
3.90765443e-05
1.013338988e-05
0.03755781477
4.685558651e-05
1.443164958e-05
0.03758130522
5.13173468e-05
1.832334354e-05
0.03760530564
4.875069752e-05
1.943007927e-05
0.03762330572
3.633335439e-05
1.551488644e-05
0.03763036896
1.46241475e-05
6.960493431e-06
0.03762526854
-8.584199726e-06
-2.779683133e-06
0.03760977293
-2.956710364e-05
-1.153941334e-05
0.03758754752
-4.386576581e-05
-1.727499401e-05
0.03756388961
-4.933339492e-05
-1.898461327e-05
0.03754443414
-4.586815747e-05
-1.64978377e-05
0.03753159419
-3.66874014e-05
-1.173268649e-05
0.03752307941
-2.770394699e-05
-8.209161095e-06
0.0375169408
-2.094462749e-05
-6.426491707e-06
0.03751269585
-1.541828822e-05
-5.192292366e-06
0.03750992823
-1.075421623e-05
-4.23173317e-06
0.03750808142
-7.339596957e-06
-3.629975378e-06
0.03750682578
-4.888203551e-06
-3.290865673e-06
0.03750595707
-3.226864956e-06
-3.051913352e-06
0.03750536467
-1.972745509e-06
-2.866003853e-06
0.03750495445
-1.162232763e-06
-2.720309192e-06
0.03750466654
-5.605820775e-07
-2.625980712e-06
0.03750445743
-2.324495919e-07
-2.545745432e-06
0.03750430409
2.597463585e-08
-2.498769092e-06
0.03750421383
1.101621007e-07
-2.444531427e-06
1.184475574e-07
-2.425585651e-06
0.03750058176
1.37111068e-06
1.31578759e-07
0.03750232945
4.115661331e-06
4.0477688e-07
0.03750545631
7.211701786e-06
8.091008278e-07
0.03751033573
1.089388032e-05
1.451426649e-06
0.03751747517
1.527316967e-05
2.449013636e-06
0.03752744551
2.025177254e-05
3.901220755e-06
0.03754072438
2.541773026e-05
5.831066722e-06
0.03755730796
2.981062992e-05
8.004094694e-06
0.03757615731
3.198993138e-05
9.856955513e-06
0.03759452175
2.997577154e-05
1.030405942e-05
0.03760835894
2.2186395e-05
8.246079506e-06
0.03761401648
8.83904292e-06
3.746179813e-06
0.03761044768
-5.011321543e-06
-1.395421945e-06
0.03759885199
-1.782744427e-05
-6.125946277e-06
0.03758188923
-2.67028944e-05
-9.274933471e-06
0.03756313221
-3.039149072e-05
-1.031228841e-05
0.03754634359
-2.893329783e-05
-9.159744478e-06
0.03753375068
-2.399358181e-05
-6.65763854e-06
0.03752465021
-1.857116979e-05
-4.504504492e-06
0.03751784063
-1.418052323e-05
-3.208576687e-06
0.0375128763
-1.057559574e-05
-2.362257988e-06
0.03750942001
-7.508882398e-06
-1.684314651e-06
0.0375070397
-5.215432816e-06
-1.315813474e-06
0.03750537974
-3.525276769e-06
-1.145585677e-06
0.03750422817
-2.367372153e-06
-1.072787467e-06
0.03750342898
-1.474260636e-06
-1.037665727e-06
0.03750288787
-8.989187037e-07
-1.044744852e-06
0.03750250471
-4.467826462e-07
-1.071350828e-06
0.03750224228
-2.003420174e-07
-1.105566528e-06
0.03750204848
9.492538347e-09
-1.141108713e-06
0.03750187607
9.487326491e-08
-1.162654314e-06
1.774444385e-07
-1.189773077e-06
0.03750065972
7.032172423e-07
9.493886467e-08
0.03750264005
2.11043411e-06
2.900150508e-07
0.03750612081
3.683102341e-06
5.66707354e-07
0.03751140514
5.528093194e-06
9.868854907e-07
0.0375188637
7.685488683e-06
1.610381188e-06
0.03752883885
1.008491723e-05
2.476638169e-06
0.03754147978
1.251336982e-05
3.570541867e-06
0.03755647871
1.448247965e-05
4.740512208e-06
0.03757267783
1.542664235e-05
5.668311916e-06
0.03758804936
1.425415577e-05
5.832480158e-06
0.03759927996
1.067231865e-05
4.635433109e-06
0.03760388001
4.085252508e-06
2.08994871e-06
0.03760122682
-2.396402009e-06
-7.394406083e-07
0.03759191403
-8.443447035e-06
-3.503213252e-06
0.03757797516
-1.264588751e-05
-5.42387913e-06
0.03756217921
-1.449543263e-05
-6.186689324e-06
0.0375473
-1.401754191e-05
-5.808606076e-06
0.03753514289
-1.188566562e-05
-4.706615101e-06
0.03752579086
-9.363499165e-06
-3.653822638e-06
0.03751860885
-7.213655817e-06
-2.996280217e-06
0.03751319881
-5.42266885e-06
-2.559745005e-06
0.037509303
-3.893334772e-06
-2.231034024e-06
0.0375065232
-2.7328078e-06
-2.025524503e-06
0.03750456169
-1.871661556e-06
-1.909720613e-06
0.03750315358
-1.264835652e-06
-1.845597882e-06
0.03750217169
-8.017521903e-07
-1.791855292e-06
0.03750146537
-5.028494584e-07
-1.754876926e-06
0.03750097681
-2.721913939e-07
-1.723324209e-06
0.03750060814
-1.441045351e-07
-1.702443139e-06
0.03750033926
-3.765485992e-08
-1.67745698e-06
0.03750011468
5.198257935e-09
-1.664916374e-06
2.937809125e-08
-1.648754626e-06
0.03750069633
7.757206211e-08
0.03750278589
2.358869619e-07
0.03750642935
4.54060373e-07
0.03751189107
7.749510255e-07
0.03751947293
1.23554877e-06
0.0375294061
1.85409872e-06
0.03754171174
2.606331136e-06
0.03755593408
3.37486244e-06
0.03757106263
3.955660186e-06
0.03758502484
3.965177493e-06
0.03759543946
3.264239951e-06
0.03759938515
9.772445392e-07
0.03759692881
-5.929227567e-07
0.03758851138
-2.491048329e-06
0.03757593575
-3.883890249e-06
0.03756150727
-4.489210326e-06
0.03754751595
-4.333730221e-06
0.03753559698
-3.662319427e-06
0.03752613848
-2.921630801e-06
0.03751877982
-2.368815479e-06
0.03751317536
-1.978046599e-06
0.03750907346
-1.680991103e-06
0.03750610956
-1.488490807e-06
0.03750400329
-1.366794979e-06
0.03750249146
-1.294967446e-06
0.03750143691
-1.257043972e-06
0.03750068032
-1.242654213e-06
0.03750015579
-1.236752587e-06
0.03749976163
-1.237338481e-06
0.03749947707
-1.24238568e-06
0.03749924291
-1.249722562e-06
-1.253501567e-06
0.03750070128
-6.946392347e-07
7.67654557e-08
0.03750280431
-2.082825882e-06
2.333626996e-07
0.03750647054
-3.627430347e-06
4.469007395e-07
0.03751196362
-5.426879576e-06
7.580483203e-07
0.03751958063
-7.511037099e-06
1.201600113e-06
0.03752954016
-9.798447476e-06
1.793993711e-06
0.03754184069
-1.206966544e-05
2.512167573e-06
0.03755599806
-1.384841132e-05
3.245210508e-06
0.03757098329
-1.461135558e-05
3.807956372e-06
0.03758473566
-1.335304858e-05
3.847043346e-06
0.0375949666
-9.88984413e-06
3.254645999e-06
0.03759877383
-3.662543135e-06
1.244034626e-06
0.03759635908
2.419903405e-06
-1.385970485e-07
0.03758808282
8.109337793e-06
-1.794892425e-06
0.03757570484
1.207822245e-05
-2.972671735e-06
0.03756148173
1.386589233e-05
-3.430749795e-06
0.03754763559
1.351058463e-05
-3.200919596e-06
0.03753574909
1.162687803e-05
-2.516215419e-06
0.03752625095
9.315605008e-06
-1.779803802e-06
0.03751886034
7.260905578e-06
-1.223012884e-06
0.03751323497
5.53115829e-06
-8.274556372e-07
0.03750911569
4.050656865e-06
-5.30129906e-07
0.03750614004
2.920148059e-06
-3.360679603e-07
0.03750403339
2.065477034e-06
-2.087887576e-07
0.03750251419
1.486423106e-06
-1.346514634e-07
0.03750147001
1.001474517e-06
-8.942331124e-08
0.03750071193
7.182688241e-07
-7.745204388e-08
0.03750019565
4.759434229e-07
-7.185464211e-08
0.0374998039
3.519679172e-07
-7.025440508e-08
0.03749952457
2.399682508e-07
-7.483093362e-08
0.0374992964
1.847374918e-07
-7.57483458e-08
1.511677343e-07
-8.348785805e-08
0.0375006666
-1.353217359e-06
9.287932243e-08
0.03750266635
-4.058019835e-06
2.835820203e-07
0.03750618078
-7.093844789e-06
5.512889297e-07
0.03751151356
-1.067571331e-05
9.541183857e-07
0.03751902995
-1.488881918e-05
1.547247928e-06
0.03752905567
-1.960658102e-05
2.365886329e-06
0.03754170475
-2.439437281e-05
3.392082095e-06
0.03755662197
-2.831538705e-05
4.48281943e-06
0.03757261147
-3.003169661e-05
5.343705644e-06
0.03758767488
-2.779430934e-05
5.510873974e-06
0.03759862513
-2.031980526e-05
4.475593431e-06
0.03760305724
-7.800724608e-06
2.22337214e-06
0.03760046183
5.029317196e-06
-2.623754276e-07
0.03759135277
1.695972763e-05
-2.674395699e-06
0.03757770604
2.526663142e-05
-4.303772251e-06
0.0375622101
2.881917935e-05
-4.881724783e-06
0.03754751838
2.770285356e-05
-4.438426726e-06
0.03753536607
2.340320266e-05
-3.360719995e-06
0.03752593402
1.847184494e-05
-2.332930486e-06
0.0375186989
1.427219624e-05
-1.661527867e-06
0.03751326089
1.078259409e-05
-1.22037147e-06
0.03750933792
7.818735886e-06
-8.933794193e-07
0.03750654575
5.57795507e-06
-6.938093528e-07
0.03750457739
3.917834361e-06
-5.836243855e-07
0.03750318248
2.779023544e-06
-5.22647726e-07
0.03750220845
1.888591115e-06
-4.828454672e-07
0.03750151323
1.334185936e-06
-4.558291577e-07
0.0375010333
8.863847668e-07
-4.361932273e-07
0.03750067585
6.485862894e-07
-4.229476589e-07
0.0375004193
4.475894581e-07
-4.071582654e-07
0.03750019581
3.652400203e-07
-3.946557013e-07
3.381488604e-07
-3.768515321e-07
0.03750059301
-1.935264493e-06
1.268149087e-07
0.0375023736
-5.804802988e-06
3.89860042e-07
0.03750555949
-1.021168463e-05
7.753895363e-07
0.03751052834
-1.552099178e-05
1.38256206e-06
0.03751778272
-2.192975299e-05
2.317622507e-06
0.03752786756
-2.933892671e-05
3.666920478e-06
0.0375411938
-3.716517139e-05
5.439510572e-06
0.03755765677
-4.396482031e-05
7.40921458e-06
0.0375761201
-4.741437463e-05
9.055026477e-06
0.03759389879
-4.436045969e-05
9.433144985e-06
0.03760722976
-3.264538493e-05
7.647704461e-06
0.03761263073
-1.264584041e-05
3.670228268e-06
0.03760918485
8.45586612e-06
-8.221184528e-07
0.03759796932
2.763444238e-05
-4.937038109e-06
0.0375815528
4.078512244e-05
-7.618173317e-06
0.03756334508
4.601724616e-05
-8.421710154e-06
0.037546879
4.333733221e-05
-7.308013816e-06
0.03753423194
3.557162476e-05
-5.049028797e-06
0.03752495424
2.753184109e-05
-3.07258506e-06
0.03751803889
2.109926241e-05
-1.849608414e-06
0.03751299268
1.58185474e-05
-1.01458388e-06
0.03750947705
1.136921855e-05
-3.947344365e-07
0.03750705795
8.066187786e-06
5.996173085e-09
0.03750537959
5.660151632e-06
1.92977664e-07
0.03750421125
4.005177113e-06
2.830819043e-07
0.03750339804
2.767706528e-06
3.252743438e-07
0.03750284109
1.943076826e-06
3.477172767e-07
0.03750245088
1.331347149e-06
3.366592651e-07
0.03750217568
9.641406457e-07
3.236557956e-07
0.03750197282
6.895063622e-07
2.937024295e-07
0.03750182639
5.338804378e-07
2.689576016e-07
4.513111694e-07
2.2866698e-07
0.03750047313
-2.392649617e-06
1.814845237e-07
0.03750189662
-7.179295026e-06
5.625210262e-07
0.03750453071
-1.274380349e-05
1.14772479e-06
0.03750884703
-1.964379108e-05
2.114528551e-06
0.03751554787
-2.827801612e-05
3.675008466e-06
0.03752553106
-3.870542382e-05
6.034794082e-06
0.03753974893
-5.034624425e-05
9.285552642e-06
0.03755862368
-6.123042895e-05
1.307711667e-05
0.03758127254
-6.779976987e-05
1.638270445e-05
0.03760399804
-6.451897588e-05
1.725576634e-05
0.03762110034
-4.760094561e-05
1.383577173e-05
0.03762777065
-1.815482542e-05
6.347452088e-06
0.03762292457
1.323021928e-05
-2.07316896e-06
0.03760818057
4.116650884e-05
-9.577822498e-06
0.03758705629
5.988359278e-05
-1.436482394e-05
0.03756442913
6.63398513e-05
-1.564065834e-05
0.03754543698
6.035845378e-05
-1.330291233e-05
0.03753238789
4.729171884e-05
-9.070690366e-06
0.03752355752
3.545057255e-05
-5.887005616e-06
0.03751724907
2.671708848e-05
-4.196322397e-06
0.03751287926
1.968699097e-05
-3.083207754e-06
0.03751001844
1.388104922e-05
-2.213370722e-06
0.03750814331
9.695977793e-06
-1.701987541e-06
0.03750688368
6.762274396e-06
-1.435534915e-06
0.0375060335
4.761159448e-06
-1.279797195e-06
0.03750545378
3.307961241e-06
-1.168119124e-06
0.0375050655
2.335500806e-06
-1.09261241e-06
0.03750479238
1.656648195e-06
-1.034474704e-06
0.03750460876
1.237150844e-06
-9.82298796e-07
0.03750447692
9.609093992e-07
-9.272867138e-07
0.0375043386
8.202609181e-07
-8.63438373e-07
8.175995908e-07
-7.857831603e-07
0.03750029933
-2.669450562e-06
2.597014396e-07
0.03750120337
-8.011434789e-06
8.130666483e-07
0.03750300413
-1.439001347e-05
1.704545511e-06
0.03750625786
-2.259010179e-05
3.249002343e-06
0.03751190665
-3.333152777e-05
5.866764043e-06
0.03752134688
-4.703350596e-05
1.001985368e-05
0.03753644154
-6.342717502e-05
1.605000036e-05
0.03755862734
-8.0080119e-05
2.341283824e-05
0.03758783636
-9.201625798e-05
3.025096003e-05
0.03761855685
-8.948373903e-05
3.216213369e-05
0.03764132127
-6.573881677e-05
2.534111834e-05
0.03764965144
-2.418548447e-05
1.096596096e-05
0.0376425859
2.005024429e-05
-4.90773064e-06
0.03762230437
5.882146783e-05
-1.865536494e-05
0.03759360547
8.44010972e-05
-2.712684623e-05
0.03756395103
9.169016395e-05
-2.847396662e-05
0.03754158004
7.995246071e-05
-2.224580774e-05
0.0375284573
5.944258473e-05
-1.290704465e-05
0.03752051048
4.327636828e-05
-6.691611767e-06
0.03751523601
3.219528672e-05
-3.585896865e-06
0.03751193993
2.336236795e-05
-1.599823549e-06
0.03751005596
1.628303992e-05
-1.862576856e-07
0.03750895065
1.136835808e-05
5.960410669e-07
0.03750826954
8.000187319e-06
8.91408926e-07
0.03750785194
5.719777281e-06
9.933885072e-07
0.03750759392
4.083416147e-06
1.025532203e-06
0.03750743498
2.994983133e-06
9.953603752e-07
0.037507336
2.237056027e-06
9.303527048e-07
0.03750727451
1.770035558e-06
8.403858902e-07
0.03750723345
1.452701488e-06
7.310956418e-07
0.03750721896
1.291182165e-06
6.312299003e-07
1.186942972e-06
5.311739956e-07
0.03750006056
-2.699413644e-06
3.616091188e-07
0.03750027663
-8.124772543e-06
1.145599222e-06
0.03750091465
-1.479717293e-05
2.473756701e-06
0.03750256011
-2.375102518e-05
4.887642443e-06
0.03750637871
-3.614420547e-05
9.195459075e-06
0.03751438879
-5.301614819e-05
1.638739099e-05
0.0375299037
-7.493905653e-05
2.746206671e-05
0.0375562403
-9.930533413e-05
4.166352158e-05
0.03759551472
-0.0001198757051
5.58216495e-05
0.03763845928
-0.0001192496526
5.984063598e-05
0.03766936949
-8.656357108e-05
4.613837421e-05
0.03767981141
-3.006994147e-05
1.845134688e-05
0.03766966199
2.878399156e-05
-1.110596202e-05
0.03764123606
7.989156137e-05
-3.671972671e-05
0.03760139506
0.0001126886721
-5.291585899e-05
0.03756149193
0.0001190215179
-5.559895328e-05
0.03753541073
9.713659915e-05
-4.292502163e-05
0.03752313458
6.701079617e-05
-2.573010964e-05
0.03751672459
4.705642423e-05
-1.568918142e-05
0.03751298927
3.442200729e-05
-1.085208164e-05
0.03751123489
2.446418503e-05
-7.525408865e-06
0.03751061001
1.681458643e-05
-5.126006145e-06
0.03751041385
1.178291041e-05
-3.873153884e-06
0.03751038125
8.486301098e-06
-3.267002717e-06
0.0375104297
6.276183347e-06
-2.905456736e-06
0.03751049735
4.749867497e-06
-2.632710602e-06
0.03751056141
3.739370772e-06
-2.428816548e-06
0.03751061497
3.071543962e-06
-2.256233646e-06
0.03751065737
2.656578704e-06
-2.103142886e-06
0.03751069962
2.391162695e-06
-1.91927487e-06
0.03751068235
2.310948024e-06
-1.782538125e-06
2.340957387e-06
-1.56719754e-06
0.03749978437
-2.441017312e-06
4.85479866e-07
0.03749914921
-7.349307149e-06
1.548302952e-06
0.03749828731
-1.360373943e-05
3.44579604e-06
0.03749768174
-2.240359715e-05
7.071820535e-06
0.03749859212
-3.537914632e-05
1.391118784e-05
0.03750367699
-5.442338722e-05
2.596944184e-05
0.03751838634
-8.163118807e-05
4.578581923e-05
0.03754938367
-0.0001149142521
7.262793055e-05
0.03760418052
-0.0001480036155
0.0001017117237
0.03766513219
-0.0001502122358
0.0001096730209
0.03770692417
-0.000106470787
8.207247224e-05
0.03772008068
-3.346606619e-05
3.004714283e-05
0.0377055638
4.084103812e-05
-2.261343841e-05
0.03766476539
0.0001060393221
-6.784979406e-05
0.03760826247
0.0001474750373
-9.527146928e-05
0.03755343136
0.0001522882011
-9.648175889e-05
0.03752382042
0.0001155108886
-6.689294238e-05
0.03751377152
7.446389842e-05
-3.372425611e-05
0.03750992729
5.126002167e-05
-1.729206699e-05
0.03750859007
3.729972877e-05
-9.932070955e-06
0.03750905723
2.641920271e-05
-4.945661477e-06
0.03751006951
1.86328548e-05
-1.587791121e-06
0.03751099686
1.376608818e-05
6.273243338e-08
0.03751175802
1.056601075e-05
6.167203793e-07
0.03751237835
8.423496111e-06
8.435724448e-07
0.03751284644
6.94463901e-06
9.280336617e-07
0.03751318955
5.96867977e-06
8.871482975e-07
0.03751342936
5.298923318e-06
7.770604079e-07
0.0375136252
4.842315762e-06
6.679489101e-07
0.0375137734
4.529576185e-06
4.497560969e-07
0.03751391706
4.326474786e-06
3.09501388e-07
4.130028025e-06
1.521147031e-07
0.03749947592
-1.862453636e-06
6.112381594e-07
0.03749793186
-5.624449709e-06
1.975882218e-06
0.03749535239
-1.057453668e-05
4.532686759e-06
0.03749191098
-1.788093475e-05
9.665501772e-06
0.03748863613
-2.942150176e-05
1.993208104e-05
0.03748863324
-4.788974325e-05
3.917782468e-05
0.0375001993
-7.741261961e-05
7.315464502e-05
0.03753571515
-0.0001174865304
0.0001218656233
0.03761453907
-0.0001640799031
0.0001800049833
0.03769959665
-0.0001680278829
0.0001942526038
0.03775376647
-0.0001152850336
0.0001396502522
0.03777090629
-3.54928762e-05
4.629560579e-05
0.03775174641
4.498930309e-05
-4.688989928e-05
0.03769504032
0.00011788586
-0.0001288799765
0.03761473623
0.0001650002382
-0.0001788640574
0.03753984568
0.0001673371535
-0.0001788469674
0.03751002903
0.0001151160563
-0.0001182574012
0.03750375832
7.099209756e-05
-6.122084854e-05
0.03750306646
4.988731473e-05
-3.590773978e-05
0.03750488144
3.718084068e-05
-2.379823758e-05
0.03750791025
2.699741169e-05
-1.52485494e-05
0.03751054177
2.024376921e-05
-1.005460019e-05
0.03751246403
1.632965144e-05
-7.912881188e-06
0.03751387556
1.376043633e-05
-6.848375583e-06
0.03751491332
1.210834308e-05
-6.178090901e-06
0.037515649
1.100962851e-05
-5.708956595e-06
0.03751616213
1.036199236e-05
-5.417897421e-06
0.03751653188
9.919367178e-06
-5.179533668e-06
0.03751679994
9.645420271e-06
-4.943917649e-06
0.03751699543
9.428710543e-06
-4.68148476e-06
0.03751709545
9.365894041e-06
-4.44166119e-06
9.361846367e-06
-4.157448256e-06
0.03749920936
-1.007814607e-06
7.184763165e-07
0.03749685554
-3.055047357e-06
2.345797249e-06
0.03749265105
-5.812166502e-06
5.518709748e-06
0.03748624384
-1.004284907e-05
1.216392827e-05
0.03747787534
-1.712873969e-05
2.625227566e-05
0.03747017196
-2.95603861e-05
5.43743337e-05
0.03747424752
-5.202760971e-05
0.0001086819647
0.03751233153
-8.830260526e-05
0.0001923832307
0.03762796625
-0.0001366771268
0.000303658909
0.03774252774
-0.0001370709874
0.0003255719955
0.03780652951
-8.847016856e-05
0.000218781217
0.03782721731
-2.695635624e-05
6.299114244e-05
0.03780405532
3.357447942e-05
-9.10444537e-05
0.03773041797
9.187903084e-05
-0.0002303661336
0.03761620766
0.0001344573942
-0.0003173988695
0.03751151538
0.0001378081614
-0.0003101618505
0.03748811583
8.469719619e-05
-0.0001763429142
0.03748842939
5.163329192e-05
-8.081144016e-05
0.0374919837
3.884188071e-05
-4.627095219e-05
0.03749823289
2.922101664e-05
-2.917723665e-05
0.03750457253
2.111166953e-05
-1.626940394e-05
0.03750906662
1.558049023e-05
-8.715151391e-06
0.03751209107
1.193157832e-05
-5.313778361e-06
0.03751422384
9.25600287e-06
-3.253811369e-06
0.03751580267
7.310678406e-06
-2.147123443e-06
0.03751689475
5.822776369e-06
-1.56359367e-06
0.03751763546
4.763608599e-06
-1.273066016e-06
0.03751814793
3.858248533e-06
-1.123071355e-06
0.03751848983
3.189326272e-06
-1.079123834e-06
0.03751877739
2.525323463e-06
-1.171325496e-06
0.03751902341
2.035665182e-06
-1.192498833e-06
1.264241875e-06
-1.24195653e-06
0.0374990551
6.31565749e-09
7.811224489e-07
0.0374962166
1.875516331e-08
2.563352005e-06
0.03749099187
2.963557543e-08
6.111151808e-06
0.03748256907
3.806534855e-08
1.374922181e-05
0.03747018687
2.977466854e-08
3.048748797e-05
0.03745504105
-2.188861332e-09
6.571962289e-05
0.03744662507
-2.023338898e-07
0.0001382890496
0.03747820677
-5.488516615e-07
0.000263825586
0.03763166138
-1.902102423e-06
0.0004595243847
0.03777362449
-1.737301517e-06
0.0005043954143
0.03784401646
-1.276886821e-06
0.0003359784077
0.03787020942
-1.267437159e-06
0.0001058842014
0.03784861876
-1.308320086e-06
-0.0001165182374
0.03777115723
-1.320987598e-06
-0.0003256274794
0.03762904047
-2.218947032e-06
-0.0004736753686
0.03748937051
-3.713917612e-06
-0.0004881153741
0.03747465775
-6.910017934e-06
-0.0002791532515
0.03747907482
-1.024002732e-05
-0.000116356701
0.03748565355
-1.309420053e-05
-6.681789364e-05
0.03749514308
-1.440151108e-05
-4.009127998e-05
0.03750317188
-1.447013891e-05
-2.432378934e-05
0.03750872139
-1.457345985e-05
-1.784444241e-05
0.03751266546
-1.450372814e-05
-1.621288858e-05
0.03751533313
-1.455002897e-05
-1.584902445e-05
0.03751717291
-1.458615426e-05
-1.58655838e-05
0.0375183866
-1.467468431e-05
-1.595075417e-05
0.03751920919
-1.478999485e-05
-1.599809336e-05
0.03751977696
-1.501039726e-05
-1.600964847e-05
0.03752017258
-1.517859751e-05
-1.592505576e-05
0.03752047717
-1.54343106e-05
-1.5785872e-05
0.03752059933
-1.550019407e-05
-1.564958225e-05
-1.558596867e-05
-1.553725703e-05
0.03749905489
1.02037422e-06
7.802114501e-07
0.03749621569
3.092248485e-06
2.560318017e-06
0.03749098825
5.872150855e-06
6.106061909e-06
0.03748255749
1.012062756e-05
1.373801728e-05
0.03747014754
1.720991181e-05
3.048362925e-05
0.03745490542
2.961788291e-05
6.570646014e-05
0.03744625694
5.202009191e-05
0.0001385087373
0.03747701247
8.823781413e-05
0.0002642800018
0.03763139123
0.0001367614244
0.0004629790096
0.03777364907
0.0001367085647
0.000508955762
0.03784421361
8.742019421e-05
0.0003392499561
0.03787046
2.558486736e-05
0.0001085357504
0.03784866645
-3.511115673e-05
-0.0001144260535
0.03777059607
-9.323933334e-05
-0.0003235465058
0.03762768943
-0.0001355386704
-0.0004709038162
0.03748661219
-0.0001388646459
-0.0004831258259
0.03747063565
-8.575570959e-05
-0.0002688238916
0.03747428035
-5.16668359e-05
-9.660581236e-05
0.03748044237
-3.673185921e-05
-3.904739804e-05
0.03749073417
-2.514183731e-05
-4.743148883e-06
0.03749955244
-1.666117387e-05
1.824117527e-05
0.03750553886
-1.170875724e-05
3.077488205e-05
0.03750990631
-8.580569868e-06
3.563404224e-05
0.03751282471
-6.480847659e-06
3.868196419e-05
0.0375148332
-5.070374329e-06
4.027819332e-05
0.03751622503
-4.053599775e-06
4.110753277e-05
0.03751724741
-3.36536929e-06
4.134119617e-05
0.03751796033
-2.916831163e-06
4.139510504e-05
0.03751853482
-2.603513816e-06
4.119418909e-05
0.03751894795
-2.387582056e-06
4.099379633e-05
0.03751966156
-2.368464677e-06
4.061456083e-05
-2.567523715e-06
4.024767327e-05
0.03749920886
1.874717616e-06
7.158831036e-07
0.03749685314
5.660924717e-06
2.337603039e-06
0.03749264211
1.063515858e-05
5.503236911e-06
0.03748621549
1.796495608e-05
1.213718575e-05
0.03747779274
2.953266558e-05
2.622325706e-05
0.03746995349
4.803235719e-05
5.435773309e-05
0.0374738045
7.765442618e-05
0.0001088759673
0.0375115257
0.0001178505849
0.0001928921813
0.03762805184
0.0001649089813
0.0003057416267
0.03774251885
0.0001688177665
0.000327669754
0.03780647451
0.0001160500278
0.000220501664
0.03782715962
3.64204015e-05
6.535568141e-05
0.03780374451
-4.409481731e-05
-8.857198406e-05
0.03772980089
-0.0001169957305
-0.00022787529
0.03761503551
-0.0001638426043
-0.0003144975228
0.03751013381
-0.0001655197841
-0.0003053639892
0.03748657827
-0.0001125828143
-0.0001703757386
0.03748908206
-6.665089572e-05
-7.116128535e-05
0.03749388544
-4.54758255e-05
-3.802288672e-05
0.03750062359
-3.330890222e-05
-2.419340259e-05
0.03750702632
-2.352535765e-05
-1.539544174e-05
0.0375112477
-1.691982722e-05
-1.188087657e-05
0.03751404454
-1.286590635e-05
-1.135767312e-05
0.03751594409
-9.991831053e-06
-1.169594566e-05
0.03751724516
-7.991817457e-06
-1.202979089e-05
0.03751810814
-6.554118461e-06
-1.237208941e-05
0.03751867151
-5.50444987e-06
-1.263848243e-05
0.03751904576
-4.720286853e-06
-1.279519727e-05
0.03751930106
-4.148901243e-06
-1.287509209e-05
0.03751948836
-3.689463939e-06
-1.290247312e-05
0.03751947327
-3.304309679e-06
-1.286682174e-05
-2.698411047e-06
-1.281318289e-05
0.03749947537
2.45266727e-06
6.073490862e-07
0.03749792915
7.384156545e-06
1.963707231e-06
0.03749534298
1.366287356e-05
4.509450463e-06
0.0374918831
2.248923766e-05
9.625778671e-06
0.03748856544
3.55002031e-05
1.987685651e-05
0.03748847058
5.459392699e-05
3.910990862e-05
0.03749991605
8.191275774e-05
7.316402668e-05
0.03753524515
0.0001153473053
0.0001219964469
0.03761439867
0.0001488393336
0.0001807616072
0.03769945907
0.0001512255058
0.0001952048581
0.03775362808
0.0001074997012
0.0001406400762
0.03777082824
3.459555711e-05
4.747098362e-05
0.03775154471
-3.964753653e-05
-4.585814686e-05
0.03769465206
-0.0001047578088
-0.0001279747152
0.03761405924
-0.0001459481325
-0.0001779373151
0.03753922432
-0.0001502362655
-0.0001773494323
0.03750913572
-0.0001131496128
-0.0001167020526
0.03750358737
-7.110335945e-05
-5.84501473e-05
0.0375027165
-4.753973364e-05
-3.30608591e-05
0.0375039065
-3.382366134e-05
-2.131880404e-05
0.03750657522
-2.269885821e-05
-1.144468874e-05
0.03750891149
-1.470712002e-05
-4.58231641e-06
0.03751075819
-9.653591161e-06
-4.857763662e-07
0.03751219945
-6.311003825e-06
1.640564028e-06
0.03751332281
-4.115205307e-06
3.150024146e-06
0.03751413654
-2.55642364e-06
4.111622234e-06
0.03751473999
-1.509906835e-06
4.699931107e-06
0.0375151362
-7.113428771e-07
5.092031957e-06
0.03751548643
-2.472402366e-07
5.280317418e-06
0.03751569939
1.633198909e-07
5.326418832e-06
0.03751617975
2.575684041e-07
5.333743417e-06
2.091095721e-07
5.136222549e-06
0.03749978401
2.710058256e-06
4.807419678e-07
0.03749914738
8.156719028e-06
1.533606665e-06
0.03749828083
1.485187056e-05
3.417776841e-06
0.03749766282
2.383152015e-05
7.024186526e-06
0.03749854644
3.625895935e-05
1.383845538e-05
0.03750357789
5.317933002e-05
2.586607383e-05
0.03751821865
7.519212227e-05
4.567942531e-05
0.03754912563
9.968747293e-05
7.254439909e-05
0.03760405178
0.0001205036278
0.00010182483
0.03766507175
0.0001200402608
0.0001098546098
0.03770686368
8.741109696e-05
8.218932065e-05
0.03772005509
3.100065969e-05
3.014445633e-05
0.03770546483
-2.77563583e-05
-2.260005479e-05
0.03766457704
-7.87814768e-05
-6.792932475e-05
0.03760789369
-0.0001114212386
-9.545667349e-05
0.03755303051
-0.0001174288464
-9.659413846e-05
0.03752306583
-9.532904818e-05
-6.721844454e-05
0.0375133399
-6.442706657e-05
-3.327539193e-05
0.03750978084
-4.410703974e-05
-1.649576025e-05
0.03750862222
-3.161039781e-05
-9.413969268e-06
0.03750932157
-2.173517396e-05
-4.743024039e-06
0.03751058088
-1.403855997e-05
-2.0083034e-06
0.03751160944
-8.959241248e-06
-1.079550434e-06
0.0375124584
-5.505235186e-06
-1.287705863e-06
0.03751312006
-3.151873318e-06
-1.566191315e-06
0.0375135553
-1.400279687e-06
-1.869474208e-06
0.03751383826
-2.339597424e-07
-2.128517294e-06
0.0375140274
6.632043365e-07
-2.343528902e-06
0.03751415659
1.233130241e-06
-2.499305639e-06
0.03751425135
1.721916098e-06
-2.594901037e-06
0.03751418441
2.06004534e-06
-2.665108527e-06
2.55788141e-06
-2.667165447e-06
0.03750006052
2.678739273e-06
3.56428405e-07
0.03750027606
8.039299279e-06
1.129830202e-06
0.03750091188
1.443785192e-05
2.44382039e-06
0.03750255065
2.266076648e-05
4.83745399e-06
0.03750635478
3.343150547e-05
9.117483331e-06
0.03751433718
4.717374769e-05
1.627269584e-05
0.03752981867
6.363217353e-05
2.731345258e-05
0.03755611878
8.037569162e-05
4.148534015e-05
0.03759543736
9.245327571e-05
5.566408061e-05
0.03763842554
9.004508993e-05
5.967418508e-05
0.03766933142
6.636822742e-05
4.592381022e-05
0.03767978643
2.487581843e-05
1.819213516e-05
0.03766960889
-1.92828949e-05
-1.142609163e-05
0.03764113194
-5.799970821e-05
-3.716439206e-05
0.03760119382
-8.346275754e-05
-5.34659636e-05
0.03756125194
-9.054638127e-05
-5.622148816e-05
0.03753500529
-7.865234703e-05
-4.374385315e-05
0.03752296259
-5.770404079e-05
-2.633098915e-05
0.03751675225
-4.131056843e-05
-1.6350344e-05
0.03751300376
-3.026746177e-05
-1.187219428e-05
0.03751116879
-2.146668964e-05
-8.739030464e-06
0.03751043204
-1.42939384e-05
-6.262308371e-06
0.03751010952
-9.313003909e-06
-4.771583192e-06
0.03750997963
-5.894099025e-06
-3.864254813e-06
0.03750993169
-3.602964112e-06
-3.21928791e-06
0.03750994001
-1.919336463e-06
-2.70540837e-06
0.03750996255
-8.059865282e-07
-2.322462064e-06
0.03750998968
2.345287849e-08
-2.030996518e-06
0.03751001997
5.222431795e-07
-1.862011509e-06
0.03751002171
9.180417181e-07
-1.68638377e-06
0.03751017192
1.05300152e-06
-1.637078962e-06
1.09199737e-06
-1.595233623e-06
0.03750029954
2.400290715e-06
2.544994214e-07
0.037501204
7.202260999e-06
7.971066613e-07
0.0375030046
1.278319817e-05
1.674794214e-06
0.03750625608
1.970185882e-05
3.199982702e-06
0.03751189877
2.835925296e-05
5.791191019e-06
0.03752132698
3.881721396e-05
9.908676008e-06
0.03753640732
5.050235635e-05
1.589745888e-05
0.03755857898
6.1446644e-05
2.321507624e-05
0.0375878027
6.809885414e-05
3.002015073e-05
0.03761854744
6.490133746e-05
3.189413908e-05
0.03764131992
4.803720344e-05
2.502052347e-05
0.03764965858
1.863489982e-05
1.057866732e-05
0.03764258839
-1.269522713e-05
-5.364680557e-06
0.03762226941
-4.05839659e-05
-1.922099052e-05
0.03759352369
-5.922905705e-05
-2.780297281e-05
0.03756384254
-6.556709536e-05
-2.926905084e-05
0.03754137855
-5.946689286e-05
-2.321125923e-05
0.03752832754
-4.616903408e-05
-1.387692905e-05
0.03752044275
-3.414324462e-05
-7.712576768e-06
0.03751517963
-2.539542906e-05
-4.687035736e-06
0.03751188253
-1.838546367e-05
-2.745935048e-06
0.03751003705
-1.255761846e-05
-1.302737693e-06
0.03750897384
-8.372952508e-06
-5.749761142e-07
0.03750833256
-5.424532218e-06
-3.719833964e-07
0.03750794467
-3.405889231e-06
-3.845128623e-07
0.03750772108
-1.910210869e-06
-4.393897249e-07
0.0375075863
-8.934742948e-07
-5.459437197e-07
0.03750750936
-1.495613688e-07
-6.683444466e-07
0.03750744783
3.264262762e-07
-7.642353679e-07
0.03750741047
6.802867402e-07
-8.472781162e-07
0.03750731788
8.791424583e-07
-8.93089207e-07
1.140615171e-06
-9.592841199e-07
0.03750047355
1.941092546e-06
1.764118791e-07
0.0375018982
5.822338658e-06
5.470137638e-07
0.03750453369
1.024170619e-05
1.119237477e-06
0.03750885074
1.556506998e-05
2.068485499e-06
0.03751555071
2.199078289e-05
3.605140256e-06
0.03752553057
2.9421523e-05
5.933300024e-06
0.03753974414
3.727694342e-05
9.145235881e-06
0.0375586156
4.411474384e-05
1.289208547e-05
0.0375812719
4.761291285e-05
1.615298605e-05
0.03760401298
4.461032472e-05
1.698000672e-05
0.03762112495
3.293321567e-05
1.350690544e-05
0.03762779676
1.296724847e-05
5.956334901e-06
0.03762294816
-8.09866565e-06
-2.527642238e-06
0.03760818458
-2.724228117e-05
-1.01175216e-05
0.03758703
-4.03483955e-05
-1.500106945e-05
0.03756437523
-4.551077261e-05
-1.638616273e-05
0.037545335
-4.275289726e-05
-1.417160144e-05
0.03753229869
-3.486027798e-05
-1.000512711e-05
0.0375235248
-2.671091226e-05
-6.867599246e-06
0.03751723875
-2.026972165e-05
-5.266142132e-06
0.03751286871
-1.498574832e-05
-4.221963511e-06
0.0375100087
-1.052831847e-05
-3.401018387e-06
0.03750810983
-7.190945163e-06
-2.913115831e-06
0.03750682279
-4.782362732e-06
-2.645989274e-06
0.03750593126
-3.103443076e-06
-2.462829197e-06
0.03750532113
-1.863608681e-06
-2.302476537e-06
0.03750489443
-1.010146182e-06
-2.176937773e-06
0.03750460147
-4.023193004e-07
-2.080253037e-06
0.03750438029
-6.82872032e-09
-1.991310727e-06
0.03750420584
2.726321609e-07
-1.91666157e-06
0.03750408925
4.03332906e-07
-1.85213506e-06
4.70412755e-07
-1.817283711e-06
0.03750059359
1.357138714e-06
1.219406278e-07
0.03750237587
4.069824516e-06
3.750163119e-07
0.03750556419
7.114018686e-06
7.484613003e-07
0.03751053567
1.070522686e-05
1.339796363e-06
0.03751779227
1.492936662e-05
2.253830127e-06
0.0375278785
1.966079415e-05
3.575719316e-06
0.03754120588
2.446622479e-05
5.314398434e-06
0.03755767085
2.840961858e-05
7.244250162e-06
0.0375761406
3.015304405e-05
8.847079043e-06
0.03759392974
2.794503498e-05
9.180210207e-06
0.03760726766
2.049546989e-05
7.345899199e-06
0.03761267075
7.997706757e-06
3.312627813e-06
0.03760922373
-4.81065913e-06
-1.23640071e-06
0.03759799767
-1.67194307e-05
-5.422741946e-06
0.03758156129
-2.499960974e-05
-8.187332781e-06
0.03756333416
-2.851500413e-05
-9.080932419e-06
0.03754683931
-2.735011006e-05
-8.067678406e-06
0.0375341909
-2.298639833e-05
-5.883095509e-06
0.03752493622
-1.799283133e-05
-3.967908657e-06
0.03751802447
-1.377194819e-05
-2.794588087e-06
0.03751297058
-1.028202512e-05
-2.012096444e-06
0.03750944257
-7.304479911e-06
-1.380131338e-06
0.03750701852
-5.058348183e-06
-1.024358998e-06
0.03750533029
-3.39419607e-06
-8.45522135e-07
0.03750416266
-2.250433349e-06
-7.581597012e-07
0.03750335001
-1.37111901e-06
-7.175072132e-07
0.03750280319
-7.987489418e-07
-7.093239091e-07
0.03750241396
-3.513753523e-07
-7.330626681e-07
0.03750215065
-9.94047506e-08
-7.496718646e-07
0.0375019533
1.124541771e-07
-7.835783732e-07
0.03750178493
2.143704573e-07
-8.053284296e-07
3.017432662e-07
-8.369031821e-07
0.03750066728
6.966085014e-07
8.818497379e-08
0.03750266904
2.088755708e-06
2.693263531e-07
0.03750618655
3.637551918e-06
5.256691662e-07
0.03751152305
5.441651754e-06
9.13961566e-07
0.03751904336
7.531233891e-06
1.48819664e-06
0.0375290729
9.825258391e-06
2.282632427e-06
0.0375417259
1.21047702e-05
3.279004874e-06
0.03755664757
1.38938943e-05
4.334565011e-06
0.03757264353
1.466881002e-05
5.156578879e-06
0.03758771494
1.342424746e-05
5.28185719e-06
0.03759867227
9.972455216e-06
4.2011221e-06
0.03760310595
3.757204706e-06
1.896761177e-06
0.03760050979
-2.315523681e-06
-6.384104544e-07
0.03759139375
-7.994969842e-06
-3.111634166e-06
0.03757773331
-1.195167819e-05
-4.81137279e-06
0.03756221876
-1.372157701e-05
-5.465567671e-06
0.03754750951
-1.334608157e-05
-5.103378204e-06
0.03753534858
-1.143405856e-05
-4.098022421e-06
0.03752592177
-9.094488356e-06
-3.12535208e-06
0.03751868754
-7.030797455e-06
-2.503196024e-06
0.03751323937
-5.296642697e-06
-2.096952784e-06
0.03750931082
-3.813392522e-06
-1.793561854e-06
0.03750651014
-2.676402434e-06
-1.606786853e-06
0.03750453557
-1.822106312e-06
-1.507243359e-06
0.03750312273
-1.227119748e-06
-1.45606949e-06
0.03750213671
-7.642355069e-07
-1.412717967e-06
0.03750142807
-4.622807127e-07
-1.382698769e-06
0.03750093786
-2.284949101e-07
-1.355992994e-06
0.03750056686
-9.472046718e-08
-1.336127173e-06
0.0375002981
1.624037878e-08
-1.312474248e-06
0.03750006883
7.581345095e-08
-1.297095017e-06
1.035766213e-07
-1.278490595e-06
0.03750070201
7.217493636e-08
0.03750280721
2.19442847e-07
0.03750647681
4.22010066e-07
0.0375119741
7.193107384e-07
0.03751959579
1.145093192e-06
0.03752956018
1.71496618e-06
0.03754186573
2.405552536e-06
0.0375560286
3.10588103e-06
0.03757102002
3.633058133e-06
0.03758477942
3.630015441e-06
0.03759501682
2.999302391e-06
0.03759882504
9.262288735e-07
0.03759641059
-4.940026477e-07
0.03758812944
-2.204871525e-06
0.03757574021
-3.446336864e-06
0.03756150293
-3.973503032e-06
0.03754764013
-3.817012516e-06
0.03753574302
-3.199261815e-06
0.03752624471
-2.517808321e-06
0.03751884967
-2.004572211e-06
0.03751321631
-1.641323807e-06
0.03750908661
-1.364680992e-06
0.03750610349
-1.181768352e-06
0.0375039836
-1.069013976e-06
0.03750246143
-9.999072124e-07
0.03750140179
-9.616439237e-07
0.03750064189
-9.450274315e-07
0.03750011519
-9.385446772e-07
0.03749971998
-9.368562434e-07
0.03749943343
-9.395879066e-07
0.0374992004
-9.408789321e-07
-9.473999582e-07
0.03750070666
-6.885037453e-07
5.861390413e-08
0.03750282457
-2.062721321e-06
1.78165225e-07
0.03750651561
-3.585240639e-06
3.411110183e-07
0.03751204231
-5.346987336e-06
5.783308549e-07
0.03751969677
-7.368907525e-06
9.160513281e-07
0.03752968541
-9.560543038e-06
1.365894796e-06
0.03754198591
-1.169797524e-05
1.909641077e-06
0.03755608823
-1.331780254e-05
2.460693359e-06
0.03757095149
-1.393716587e-05
2.881865303e-06
0.03758452141
-1.262211347e-05
2.899235115e-06
0.0375946008
-9.278302586e-06
2.453562378e-06
0.03759828482
-3.370629294e-06
9.306430617e-07
0.03759590885
2.351412791e-06
-1.140368605e-07
0.03758775579
7.721566313e-06
-1.363392476e-06
0.03757554724
1.148171014e-05
-2.245830344e-06
0.0375614958
1.320707672e-05
-2.58637256e-06
0.03754776288
1.294540123e-05
-2.413398767e-06
0.03753589367
1.125376827e-05
-1.900769006e-06
0.03752635809
9.102331037e-06
-1.346554833e-06
0.03751893117
7.128948136e-06
-9.250432106e-07
0.03751327708
5.451482095e-06
-6.248513535e-07
0.03750913131
4.014493667e-06
-3.988560573e-07
0.03750613571
2.90871694e-06
-2.491905104e-07
0.0375040153
2.064873981e-06
-1.532586557e-07
0.03750248993
1.488574592e-06
-9.786778664e-08
0.03750143797
1.020960801e-06
-5.842708664e-08
0.0375006775
7.29539203e-07
-4.6528114e-08
0.03750015934
4.886883942e-07
-4.239180603e-08
0.03749976543
3.637933102e-07
-4.014993509e-08
0.03749948667
2.437740746e-07
-3.984143777e-08
0.03749925658
1.967518217e-07
-4.241854237e-08
1.46912121e-07
-4.422878623e-08
0.03750067373
-1.340269461e-06
7.09134958e-08
0.03750269369
-4.015584667e-06
2.164872524e-07
0.03750624266
-7.00357624e-06
4.206552113e-07
0.03751162414
-1.050183244e-05
7.274821688e-07
0.03751919764
-1.45733741e-05
1.178213655e-06
0.03752927255
-1.906783343e-05
1.798272087e-06
0.03754193081
-2.35354604e-05
2.571309586e-06
0.03755677547
-2.706591153e-05
3.386268562e-06
0.03757258152
-2.841954419e-05
4.020033381e-06
0.03758738303
-2.604065987e-05
4.127907011e-06
0.037598092
-1.885946766e-05
3.347793835e-06
0.0376023766
-7.079600682e-06
1.64774164e-06
0.03759983684
4.844665735e-06
-2.158609954e-07
0.03759090866
1.599834265e-05
-2.02299308e-06
0.03757751274
2.3810526e-05
-3.236658471e-06
0.037562267
2.723294642e-05
-3.661852961e-06
0.03754772458
2.63794919e-05
-3.330097854e-06
0.03753556825
2.257544943e-05
-2.526059707e-06
0.03752606754
1.802018031e-05
-1.750070429e-06
0.03751878022
1.399043206e-05
-1.235695013e-06
0.03751330251
1.060732287e-05
-8.985097244e-07
0.03750934651
7.726882592e-06
-6.497715108e-07
0.03750653141
5.527472755e-06
-4.974658209e-07
0.0375045498
3.878030554e-06
-4.151801604e-07
0.03750314449
2.740846568e-06
-3.69616684e-07
0.03750216612
1.855532468e-06
-3.390589119e-07
0.03750146736
1.289248211e-06
-3.167907794e-07
0.03750098532
8.328203737e-07
-2.982927268e-07
0.03750062653
5.858524163e-07
-2.862211382e-07
0.037500369
3.649607734e-07
-2.708225591e-07
0.03750014608
2.868225604e-07
-2.61808852e-07
2.302017537e-07
-2.464679448e-07
0.03750060407
-1.914332364e-06
9.680661927e-08
0.03750241696
-5.736166535e-06
2.975527167e-07
0.03750565996
-1.006245579e-05
5.912665682e-07
0.03751071349
-1.522569518e-05
1.052898396e-06
0.03751807398
-2.137753558e-05
1.761292101e-06
0.03752826047
-2.83657392e-05
2.778338376e-06
0.0375416232
-3.556231244e-05
4.103633222e-06
0.03755797154
-4.156511748e-05
5.56007996e-06
0.03757609817
-4.424286544e-05
6.751722936e-06
0.03759339139
-4.089521474e-05
6.994480672e-06
0.03760628017
-2.976401397e-05
5.663471747e-06
0.03761146614
-1.128391896e-05
2.688583733e-06
0.03760812985
8.004550004e-06
-6.457124128e-07
0.03759724588
2.564492824e-05
-3.699652514e-06
0.03758128919
3.7829378e-05
-5.680331759e-06
0.03756353973
4.283473987e-05
-6.274040458e-06
0.03754732653
4.075624437e-05
-5.471564541e-06
0.0375346355
3.404841399e-05
-3.830968939e-06
0.03752522825
2.672546076e-05
-2.370617305e-06
0.03751821998
2.060073189e-05
-1.451638946e-06
0.03751309705
1.553573166e-05
-8.200697712e-07
0.03750951828
1.125050861e-05
-3.395874701e-07
0.03750705328
8.032471385e-06
-3.400938827e-08
0.03750535263
5.644666774e-06
1.269777971e-07
0.03750416591
4.00768551e-06
2.029567601e-07
0.03750334626
2.754623338e-06
2.458247545e-07
0.03750277928
1.938461056e-06
2.654738947e-07
0.03750238697
1.293251353e-06
2.685221631e-07
0.03750210667
9.294574831e-07
2.603447544e-07
0.03750190245
6.161746391e-07
2.467027613e-07
0.03750175295
4.735707238e-07
2.317145157e-07
3.246115859e-07
2.086996041e-07
0.03750049118
-2.362541169e-06
1.385106801e-07
0.03750196872
-7.080326132e-06
4.29144883e-07
0.03750470197
-1.252233668e-05
8.743521241e-07
0.03750917315
-1.918986366e-05
1.607520447e-06
0.03751608043
-2.739443661e-05
2.784627156e-06
0.03752628131
-3.708365252e-05
4.551827682e-06
0.03754060386
-4.755739718e-05
6.958086817e-06
0.03755929134
-5.689966353e-05
9.724183157e-06
0.03758122647
-6.186477056e-05
1.206948605e-05
0.03760294929
-5.798911572e-05
1.262684986e-05
0.03761930874
-4.241399713e-05
1.01263039e-05
0.03762561443
-1.580957863e-05
4.567427147e-06
0.03762099996
1.215326861e-05
-1.607419732e-06
0.0376068895
3.7278197e-05
-7.100623291e-06
0.03758667296
5.424481193e-05
-1.056371898e-05
0.03756489275
6.044510513e-05
-1.147081631e-05
0.03754624633
5.587321093e-05
-9.773463527e-06
0.03753302894
4.488678798e-05
-6.691678962e-06
0.03752396168
3.422881027e-05
-4.323097505e-06
0.0375175049
2.591498975e-05
-3.053802645e-06
0.03751301052
1.917470235e-05
-2.227806409e-06
0.03751005228
1.357624641e-05
-1.580874907e-06
0.03750811631
9.461737819e-06
-1.195288777e-06
0.03750682137
6.492297026e-06
-9.882285795e-07
0.03750594753
4.459843825e-06
-8.581236071e-07
0.03750535512
2.938427757e-06
-7.595243921e-07
0.03750495834
1.933198586e-06
-6.905787482e-07
0.03750468361
1.167862773e-06
-6.343670697e-07
0.03750449388
7.259377133e-07
-5.89057677e-07
0.03750435332
3.654498829e-07
-5.360061189e-07
0.03750422577
2.326471051e-07
-4.949648551e-07
1.431043038e-07
-4.452170166e-07
0.03750032892
-2.630139107e-06
1.983800193e-07
0.03750132258
-7.880271749e-06
6.193549026e-07
0.0375032947
-1.408640145e-05
1.296484744e-06
0.03750683078
-2.194090569e-05
2.463968364e-06
0.03751288074
-3.200466813e-05
4.427036606e-06
0.03752278174
-4.447481905e-05
7.510024819e-06
0.03753815035
-5.878969709e-05
1.191368185e-05
0.03756002668
-7.255507136e-05
1.719192132e-05
0.03758776105
-8.126282361e-05
2.191464405e-05
0.03761633823
-7.753589712e-05
2.313173708e-05
0.03763770982
-5.670228462e-05
1.825781498e-05
0.03764554655
-2.040763624e-05
7.727290218e-06
0.03763897198
1.754055897e-05
-3.720444783e-06
0.03761997579
5.129049797e-05
-1.367147739e-05
0.03759316619
7.365979e-05
-1.973222365e-05
0.037565247
8.069444456e-05
-2.08041231e-05
0.03754334231
7.207401927e-05
-1.654193151e-05
0.03752976549
5.546203381e-05
-9.905482407e-06
0.03752135172
4.125121863e-05
-5.30025496e-06
0.03751575982
3.084166714e-05
-2.920681673e-06
0.0375122094
2.248562403e-05
-1.360331714e-06
0.03751014154
1.569771308e-05
-2.398629905e-07
0.03750893765
1.084783995e-05
4.138241715e-07
0.03750819849
7.444588102e-06
6.78267182e-07
0.03750774404
5.116838487e-06
7.9083731e-07
0.03750746069
3.404542952e-06
8.427573771e-07
0.03750728469
2.256882071e-06
8.476648351e-07
0.03750717037
1.390666666e-06
8.218630632e-07
0.03750709477
8.609423868e-07
7.809760798e-07
0.03750703868
4.257913495e-07
7.268395674e-07
0.0375070284
1.977423659e-07
6.764178065e-07
-6.375900316e-08
6.070648455e-07
0.03750010454
-2.651022447e-06
2.779482552e-07
0.03750046658
-7.967919111e-06
8.712152975e-07
0.0375013937
-1.44167156e-05
1.876952289e-06
0.03750354159
-2.289479493e-05
3.693639747e-06
0.037508124
-3.429019487e-05
6.898570905e-06
0.0375170894
-4.922731152e-05
1.217448293e-05
0.03753326891
-6.762319727e-05
2.011606251e-05
0.03755912115
-8.680771439e-05
3.006392724e-05
0.03759521637
-0.0001010547441
3.95183477e-05
0.03763390092
-9.84261826e-05
4.204637188e-05
0.03766227481
-7.143801337e-05
3.250021316e-05
0.03767203674
-2.444838841e-05
1.273017427e-05
0.03766265069
2.393448988e-05
-8.113845031e-06
0.0376367391
6.664560213e-05
-2.616324192e-05
0.03760055152
9.410640896e-05
-3.717489915e-05
0.03756398908
0.0001006523734
-3.899445771e-05
0.03753840007
8.52484547e-05
-3.05104507e-05
0.03752519046
6.145438781e-05
-1.851286233e-05
0.03751805453
4.392939132e-05
-1.12314414e-05
0.03751377994
3.196813707e-05
-7.703964974e-06
0.03751153868
2.246607566e-05
-5.264601605e-06
0.03751059995
1.494808771e-05
-3.437662863e-06
0.03751024833
9.743761536e-06
-2.417462067e-06
0.03751013985
6.184727183e-06
-1.8986645e-06
0.03751015076
3.788217794e-06
-1.587753585e-06
0.03751021157
2.065041078e-06
-1.354017883e-06
0.03751028308
9.509084612e-07
-1.194359321e-06
0.03751035255
1.345151212e-07
-1.069559185e-06
0.03751041418
-3.358337331e-07
-9.679980727e-07
0.03751046519
-6.941775944e-07
-8.503210212e-07
0.03751047831
-8.253619418e-07
-7.725549652e-07
-8.32032223e-07
-6.866081826e-07
0.03749985673
-2.391808175e-06
3.695371063e-07
0.03749944202
-7.182112813e-06
1.177210142e-06
0.03749904194
-1.318076901e-05
2.609930302e-06
0.0374992952
-2.139735892e-05
5.321116618e-06
0.03750160828
-3.304722003e-05
1.035513776e-05
0.03750860728
-4.932013258e-05
1.906326649e-05
0.03752485575
-7.10205965e-05
3.293474469e-05
0.03755516605
-9.565733275e-05
5.116725199e-05
0.03760302911
-0.000116970572
6.9764486e-05
0.03765587171
-0.0001164538378
7.485808053e-05
0.03769343531
-8.318627283e-05
5.625713695e-05
0.03770564977
-2.671076596e-05
2.00950644e-05
0.03769246893
3.105858781e-05
-1.655669912e-05
0.03765688853
8.219584002e-05
-4.781962914e-05
0.03760759249
0.0001146240258
-6.64930611e-05
0.03755897449
0.0001202782143
-6.748961376e-05
0.03752943808
9.6086854e-05
-4.819494366e-05
0.03751737166
6.486654475e-05
-2.507000485e-05
0.03751224673
4.444451126e-05
-1.268226815e-05
0.03750998412
3.126294023e-05
-6.964264637e-06
0.03750964988
2.100337733e-05
-3.148732353e-06
0.03751020676
1.332517237e-05
-5.217629616e-07
0.03751091439
8.259739112e-06
8.39127891e-07
0.03751152192
4.892694455e-06
1.301220929e-06
0.03751204433
2.556788665e-06
1.552579625e-06
0.03751242664
9.618007849e-07
1.648966103e-06
0.03751272776
-1.202041779e-07
1.657139411e-06
0.03751292486
-8.862961208e-07
1.600770414e-06
0.03751309164
-1.397693452e-06
1.563022737e-06
0.03751318907
-1.782170426e-06
1.440320089e-06
0.03751340213
-2.060822643e-06
1.331902344e-06
-2.31736658e-06
1.095358463e-06
0.0374995744
-1.820164655e-06
4.651914666e-07
0.03749834677
-5.480001295e-06
1.501406894e-06
0.03749646581
-1.019097834e-05
3.423857966e-06
0.03749441035
-1.69101598e-05
7.233757671e-06
0.03749359178
-2.698807104e-05
1.469150843e-05
0.03749723538
-4.209006938e-05
2.830416217e-05
0.03751217392
-6.417882912e-05
5.137432908e-05
0.03754687701
-9.170062513e-05
8.320582799e-05
0.03761082427
-0.0001192111795
0.000118298331
0.03768182118
-0.0001208941933
0.0001276960538
0.03772988081
-8.424176522e-05
9.264611784e-05
0.03774516917
-2.625437043e-05
3.055085293e-05
0.03772768514
3.313977124e-05
-3.148705658e-05
0.03768003496
8.651287299e-05
-8.554682957e-05
0.03761370213
0.0001203521167
-0.0001182593308
0.03755014407
0.0001238012148
-0.0001188119268
0.03751852136
9.051610091e-05
-8.10639463e-05
0.03750891897
5.627438291e-05
-4.302631039e-05
0.03750608156
3.616293036e-05
-2.478876252e-05
0.03750606349
2.340139865e-05
-1.59186287e-05
0.0375078289
1.361335897e-05
-9.62394343e-06
0.0375100044
6.718797076e-06
-5.623728674e-06
0.03751182204
2.436216376e-06
-3.90699764e-06
0.03751328454
-2.710682271e-07
-3.147119342e-06
0.03751441866
-2.031573963e-06
-2.723845047e-06
0.03751528834
-3.129230241e-06
-2.4876037e-06
0.03751594004
-3.81898685e-06
-2.370824741e-06
0.03751633639
-4.219638876e-06
-2.242536299e-06
0.03751663673
-4.488829453e-06
-2.153123295e-06
0.03751685651
-4.631652773e-06
-2.051784221e-06
0.03751693541
-4.629798021e-06
-1.951588749e-06
-4.333430017e-06
-1.790667727e-06
0.03749933514
-9.836144517e-07
5.46768798e-07
0.03749739041
-2.970685362e-06
1.78121325e-06
0.03749413871
-5.58063782e-06
4.160066573e-06
0.037489756
-9.424426252e-06
9.06090546e-06
0.03748533246
-1.546460087e-05
1.915234836e-05
0.0374841832
-2.516481295e-05
3.859834278e-05
0.03749543358
-4.080212933e-05
7.405487897e-05
0.03753309546
-6.319397595e-05
0.0001262147088
0.0376181116
-8.965779794e-05
0.0001890893806
0.03771097181
-9.261176991e-05
0.0002044293643
0.03776931036
-6.281986362e-05
0.0001390207656
0.03778781054
-2.026616431e-05
3.850276139e-05
0.03776598912
2.255220228e-05
-5.86354628e-05
0.03770485409
6.227297755e-05
-0.0001449912212
0.03761643189
8.919871849e-05
-0.0001978232842
0.03753220122
9.280725029e-05
-0.0001949372283
0.03750079261
6.328438119e-05
-0.0001177025971
0.03749676445
3.288198842e-05
-5.339090434e-05
0.0374978029
1.768141227e-05
-2.882789035e-05
0.03750106575
8.06618152e-06
-1.710487451e-05
0.03750533024
1.397577493e-06
-8.318119852e-06
0.03750887382
-2.640240303e-06
-2.899695102e-06
0.0375114241
-4.79461306e-06
-6.332260832e-07
0.03751335735
-5.960948689e-06
5.02825954e-07
0.03751475507
-6.61006964e-06
1.033652425e-06
0.03751576278
-6.961177943e-06
1.260645475e-06
0.03751651266
-7.062096169e-06
1.220155284e-06
0.03751707335
-7.048658316e-06
1.145256854e-06
0.03751748709
-6.982438069e-06
1.000746887e-06
0.03751776923
-6.845562302e-06
7.604401273e-07
0.03751822296
-6.83270702e-06
5.566826891e-07
-6.906826508e-06
1.798857672e-07
0.03749919701
5.973720694e-09
5.944968163e-07
0.03749682602
1.763173282e-08
1.946018807e-06
0.0374927254
2.765068512e-08
4.603488543e-06
0.03748680184
3.444680841e-08
1.021390503e-05
0.03747968131
2.851565409e-08
2.211490627e-05
0.03747420015
2.030616973e-09
4.603393672e-05
0.03747964701
-1.154982087e-07
9.215555633e-05
0.03751487684
-3.283100879e-07
0.0001657300924
0.03761765379
-9.611395405e-07
0.0002680507823
0.03773006517
-1.135608148e-06
0.0003005078715
0.03779712456
-9.007086399e-07
0.0002069998578
0.03782021861
-8.270160859e-07
6.335100758e-05
0.0377976122
-8.382200835e-07
-7.052141089e-05
0.0377292902
-9.529376237e-07
-0.0001940795745
0.03762400159
-1.34400144e-06
-0.0002778440562
0.03751907244
-2.066179747e-06
-0.0002883128066
0.03748446981
-3.806392224e-06
-0.0001774598495
0.03748435353
-5.995908313e-06
-7.736254159e-05
0.03748877026
-7.209433665e-06
-4.634377896e-05
0.03749595463
-8.436616585e-06
-3.077285755e-05
0.03750349171
-9.096801576e-06
-2.136648612e-05
0.0375091533
-9.722731423e-06
-1.642354959e-05
0.03751302156
-9.990416227e-06
-1.488533588e-05
0.03751567287
-1.008032976e-05
-1.438095336e-05
0.0375174856
-1.011609428e-05
-1.417229132e-05
0.03751867056
-1.009175659e-05
-1.40051258e-05
0.03751948113
-9.949141516e-06
-1.392162777e-05
0.03752001936
-9.74652433e-06
-1.385001114e-05
0.03752038962
-9.541718724e-06
-1.373604011e-05
0.03752064509
-9.299208459e-06
-1.358769275e-05
0.03752054253
-8.982233753e-06
-1.339749866e-05
-8.425057996e-06
-1.31939187e-05
0.03749919674
9.955335642e-07
5.938846833e-07
0.03749682478
3.005880642e-06
1.944021463e-06
0.03749272144
5.636862055e-06
4.600194856e-06
0.03748679025
9.496191197e-06
1.020746048e-05
0.0374796508
1.553810738e-05
2.21134936e-05
0.03747411209
2.521387691e-05
4.603331935e-05
0.03747944683
4.078212314e-05
9.227637901e-05
0.03751431588
6.30827007e-05
0.0001659999412
0.03761733391
8.951011154e-05
0.0002694897315
0.0377299983
9.234276002e-05
0.0003028130029
0.03779710607
6.222742889e-05
0.0002090140459
0.03782026208
1.947833668e-05
6.507438847e-05
0.03779754293
-2.344906353e-05
-6.909607355e-05
0.03772901255
-6.316154455e-05
-0.0001928075253
0.0376233169
-9.021747067e-05
-0.0002763347041
0.03751788142
-9.402291965e-05
-0.0002857336095
0.03748257139
-6.479153876e-05
-0.0001725287252
0.03748206748
-3.422274643e-05
-6.787506218e-05
0.03748612639
-1.826649707e-05
-3.204924547e-05
0.03749314129
-7.484339693e-06
-1.271033503e-05
0.03750065152
1.25133195e-07
1.509019295e-06
0.03750642198
5.114019767e-06
1.016767141e-05
0.03751033954
7.739860971e-06
1.398620283e-05
0.03751310264
9.363336489e-06
1.647520384e-05
0.03751510113
1.027211772e-05
1.78914941e-05
0.03751646457
1.08631857e-05
1.878915443e-05
0.03751742682
1.113420236e-05
1.929559616e-05
0.03751810962
1.123980375e-05
1.972597424e-05
0.03751862723
1.121975242e-05
1.991510537e-05
0.03751901768
1.114913448e-05
2.015500581e-05
0.03751950237
1.095581988e-05
2.019181313e-05
1.053925582e-05
2.047593605e-05
0.03749933445
1.83192279e-06
5.45026537e-07
0.03749738725
5.514933933e-06
1.775757371e-06
0.03749412869
1.024858523e-05
4.150065622e-06
0.03748972813
1.698918957e-05
9.044750323e-06
0.03748526315
2.708866291e-05
1.91376791e-05
0.03748402232
4.22131204e-05
3.859932635e-05
0.03749514176
6.435196335e-05
7.41866795e-05
0.03753261382
9.194065591e-05
0.0001265621661
0.03761801325
0.000119645412
0.0001902068954
0.03771100621
0.0001213329015
0.0002056866563
0.03776926947
8.457404929e-05
0.000139891784
0.0377877604
2.668182453e-05
3.966126327e-05
0.03776579984
-3.270421067e-05
-5.735628145e-05
0.03770439914
-8.60383219e-05
-0.0001435978294
0.03761557186
-0.0001197572722
-0.000196130453
0.03753132691
-0.0001228863877
-0.0001922555689
0.03749986021
-8.942633865e-05
-0.0001142742332
0.03749664694
-5.43117365e-05
-4.785902181e-05
0.0374984361
-3.426654768e-05
-2.381200208e-05
0.03750225508
-2.158356042e-05
-1.391315848e-05
0.03750699481
-1.228671265e-05
-7.72332178e-06
0.03751082201
-5.741599883e-06
-4.852456264e-06
0.03751358489
-1.856439855e-06
-4.524250047e-06
0.0375155455
7.503652167e-07
-5.043582523e-06
0.03751693499
2.37890422e-06
-5.526061598e-06
0.03751789896
3.518062485e-06
-5.990940828e-06
0.0375185972
4.180179178e-06
-6.382697242e-06
0.03751911648
4.59461056e-06
-6.669285641e-06
0.03751943389
4.86482962e-06
-6.837588731e-06
0.03751960106
5.022343848e-06
-6.942850796e-06
0.03751945765
5.20077814e-06
-6.968370317e-06
5.510414239e-06
-6.861586474e-06
0.03749957357
2.403130665e-06
4.625727595e-07
0.03749834302
7.215959941e-06
1.493228335e-06
0.03749645444
1.3238023e-05
3.408598194e-06
0.03749438072
2.147985892e-05
7.208822199e-06
0.03749352522
3.316136591e-05
1.465966147e-05
0.03749709875
4.947703024e-05
2.827246859e-05
0.03751195529
7.125722961e-05
5.140222115e-05
0.0375465541
9.600324142e-05
8.333504488e-05
0.03761065414
0.0001175367742
0.0001187702069
0.03768170242
0.0001171617972
0.000128327682
0.03772973997
8.3892427e-05
9.328414398e-05
0.03774506982
2.750536658e-05
3.131758926e-05
0.03772750968
-3.023491807e-05
-3.076730194e-05
0.03767970761
-8.130680902e-05
-8.490415502e-05
0.03761314901
-0.0001135592822
-0.0001175766989
0.03754955459
-0.0001188635299
-0.0001177778771
0.03751770726
-9.440663994e-05
-7.987441073e-05
0.03750852495
-6.256755496e-05
-4.10120141e-05
0.03750577123
-4.191301908e-05
-2.26606641e-05
0.03750552417
-2.871884556e-05
-1.393646153e-05
0.03750708886
-1.826428332e-05
-7.031811797e-06
0.03750901976
-1.036920356e-05
-1.885608204e-06
0.03751077128
-5.140577472e-06
1.046847442e-06
0.03751212813
-1.752343695e-06
2.786428428e-06
0.03751323443
4.919157506e-07
3.930712619e-06
0.03751407735
1.976429022e-06
4.810334749e-06
0.0375146874
2.96930797e-06
5.300749378e-06
0.03751512549
3.5765909e-06
5.671965841e-06
0.03751548301
3.965325759e-06
5.82229389e-06
0.03751575623
4.129880963e-06
5.945666832e-06
0.03751618025
4.155728258e-06
5.9547649e-06
3.80003759e-06
6.072562528e-06
0.03749985599
2.661498371e-06
3.663812783e-07
0.03749943886
7.999437903e-06
1.167264033e-06
0.03749903283
1.447061569e-05
2.5912108e-06
0.03749927247
2.297420606e-05
5.29019738e-06
0.03750155965
3.440258026e-05
1.031006376e-05
0.03750851341
4.938540576e-05
1.900393783e-05
0.03752470937
6.785710779e-05
3.288358407e-05
0.03755496224
8.714791067e-05
5.114686239e-05
0.03760288905
0.0001015632639
6.987153402e-05
0.03765580179
9.906769541e-05
7.503597055e-05
0.03769337566
7.211860102e-05
5.638927869e-05
0.03770560191
2.521221829e-05
2.021135535e-05
0.03769237247
-2.310775798e-05
-1.649777029e-05
0.03765668794
-6.57340997e-05
-4.781749321e-05
0.03760725125
-9.306084383e-05
-6.651842249e-05
0.03755857994
-9.935504418e-05
-6.743130665e-05
0.03752883521
-8.370376048e-05
-4.817658803e-05
0.03751699675
-5.94353008e-05
-2.456918074e-05
0.03751209337
-4.155753197e-05
-1.194786904e-05
0.03750996114
-2.964217763e-05
-6.358399822e-06
0.03750979782
-2.011535569e-05
-2.728629447e-06
0.0375105781
-1.266893682e-05
-4.888554893e-07
0.03751145585
-7.485673082e-06
3.877997085e-07
0.03751222994
-4.063440372e-06
2.493059444e-07
0.0375128712
-1.695646865e-06
-1.98898117e-08
0.03751333609
-8.43745279e-08
-2.73561382e-07
0.0375136462
1.071119831e-06
-5.40435603e-07
0.03751387544
1.786413039e-06
-7.8258839e-07
0.03751404196
2.263696352e-06
-9.641997609e-07
0.0375141751
2.512482899e-06
-1.110643472e-06
0.03751411076
2.75850071e-06
-1.203539331e-06
3.014309662e-06
-1.195787479e-06
0.03750010401
2.639423904e-06
2.744898824e-07
0.03750046487
7.908047856e-06
8.603662327e-07
0.03750138829
1.413425668e-05
1.85676057e-06
0.03750352771
2.201192069e-05
3.660314046e-06
0.03750809439
3.210529904e-05
6.848087964e-06
0.03751703361
4.461578355e-05
1.210309222e-05
0.03753318405
5.899148129e-05
2.002864563e-05
0.03755900991
7.283970819e-05
2.996768366e-05
0.03759513185
8.166190347e-05
3.944349772e-05
0.03763385351
7.803992411e-05
4.198030018e-05
0.03766222654
5.726958938e-05
3.239978757e-05
0.03767199246
2.103653943e-05
1.260190199e-05
0.03766258341
-1.684763272e-05
-8.277162572e-06
0.03763660958
-5.052736515e-05
-2.639729505e-05
0.03760033904
-7.279369004e-05
-3.746256366e-05
0.03756372628
-7.965166511e-05
-3.931210737e-05
0.03753802966
-7.083994942e-05
-3.091103822e-05
0.03752496929
-5.39231359e-05
-1.878278201e-05
0.03751800688
-3.947006994e-05
-1.147539013e-05
0.03751376068
-2.909068816e-05
-8.177480555e-06
0.03751149075
-2.072113377e-05
-5.863319274e-06
0.03751049092
-1.390765481e-05
-4.023764482e-06
0.03751006256
-8.978479913e-06
-2.850409597e-06
0.03750986864
-5.580362384e-06
-2.153416222e-06
0.03750980447
-3.233771486e-06
-1.616987977e-06
0.03750979746
-1.573906646e-06
-1.208867181e-06
0.03750982978
-4.150164299e-07
-8.686385833e-07
0.03750985313
3.969741736e-07
-6.649053789e-07
0.03750989801
8.50950563e-07
-4.941544672e-07
0.03750991101
1.185474878e-06
-3.723731637e-07
0.03751006949
1.263113991e-06
-3.001661847e-07
1.230199659e-06
-2.560127666e-07
0.03750032887
2.370237158e-06
1.94820571e-07
0.03750132214
7.103457554e-06
6.084187399e-07
0.03750329279
1.256218183e-05
1.276226555e-06
0.03750682477
1.924900072e-05
2.430917319e-06
0.03751286677
2.747771057e-05
4.376785524e-06
0.03752275471
3.719882471e-05
7.437691826e-06
0.03753810919
4.771730394e-05
1.181715819e-05
0.03755997428
5.711877148e-05
1.707092095e-05
0.0375877193
6.215945833e-05
2.177757463e-05
0.03761631646
5.835978943e-05
2.297711199e-05
0.0376376955
4.283856051e-05
1.807251574e-05
0.03764553538
1.627919559e-05
7.496136166e-06
0.03763895114
-1.163098146e-05
-3.997091583e-06
0.03761991965
-3.670009485e-05
-1.401677114e-05
0.03759306019
-5.359095201e-05
-2.014624242e-05
0.03756510548
-5.967667814e-05
-2.128932687e-05
0.03754314121
-5.49682556e-05
-1.711867751e-05
0.03752961706
-4.379754614e-05
-1.047836186e-05
0.03752128071
-3.296282263e-05
-5.883469388e-06
0.0375157091
-2.463410397e-05
-3.572013673e-06
0.03751215967
-1.787760218e-05
-2.040031619e-06
0.0375101141
-1.226713974e-05
-8.976778275e-07
0.03750895181
-8.130255389e-06
-2.609133294e-07
0.03750825356
-5.179607582e-06
-7.447847793e-08
0.03750784265
-3.151203296e-06
-5.616673564e-08
0.03750760005
-1.660480017e-06
-1.102173046e-07
0.03750747021
-6.500797784e-07
-1.810437443e-07
0.03750739929
8.692172778e-08
-2.873706484e-07
0.03750735318
5.195242115e-07
-3.866903381e-07
0.03750733114
8.465528074e-07
-4.863203326e-07
0.03750724089
1.003867936e-06
-5.435900236e-07
1.201371523e-06
-5.839956012e-07
0.03750049138
1.920241266e-06
1.350241842e-07
0.03750196941
5.753949916e-06
4.184923337e-07
0.03750470293
1.009305626e-05
8.548432864e-07
0.03750917326
1.527099098e-05
1.576163521e-06
0.03751607787
2.144082929e-05
2.737420493e-06
0.03752627379
2.845214264e-05
4.484056133e-06
0.03754059101
3.567953119e-05
6.865786854e-06
0.0375592754
4.172191929e-05
9.604548433e-06
0.03758121679
4.444786401e-05
1.192318642e-05
0.03760295323
4.115038048e-05
1.245298366e-05
0.03761932105
3.005821403e-05
9.919425259e-06
0.0376256263
1.161261848e-05
4.317662998e-06
0.03762100477
-7.637319046e-06
-1.89977192e-06
0.03760687215
-2.523694622e-05
-7.448040938e-06
0.03758662611
-3.737122558e-05
-1.09747586e-05
0.03756481315
-4.230223037e-05
-1.194764482e-05
0.03754613291
-4.013400995e-05
-1.032560437e-05
0.03753292733
-3.331405244e-05
-7.283037845e-06
0.03752391285
-2.588004584e-05
-4.935894393e-06
0.03751748146
-1.974051029e-05
-3.728341688e-06
0.03751299061
-1.466088281e-05
-2.947827408e-06
0.03751003787
-1.037895276e-05
-2.336460189e-06
0.03750808849
-7.126630375e-06
-1.967359989e-06
0.03750677391
-4.743427131e-06
-1.767586211e-06
0.03750586754
-3.087710912e-06
-1.619946263e-06
0.03750524703
-1.847736525e-06
-1.494707848e-06
0.03750481779
-1.011901316e-06
-1.38587495e-06
0.03750451704
-3.884544478e-07
-1.304125685e-06
0.03750429554
-2.123832514e-08
-1.229046229e-06
0.03750413319
2.625509146e-07
-1.170310636e-06
0.03750402122
3.774533152e-07
-1.113749235e-06
4.270276412e-07
-1.080364782e-06
0.03750060447
1.344263177e-06
9.345003802e-08
0.03750241849
4.02761153e-06
2.873349678e-07
0.037505663
7.02424283e-06
5.727617344e-07
0.03751071786
1.053233228e-05
1.023593333e-06
0.03751807903
1.461571669e-05
1.717773873e-06
0.03752826531
1.91250472e-05
2.716534219e-06
0.03754162795
2.361181625e-05
4.019473661e-06
0.03755797763
2.716628551e-05
5.450200669e-06
0.03757611005
2.854816923e-05
6.614361902e-06
0.03759341292
2.619947786e-05
6.828236102e-06
0.03760630768
1.904422594e-05
5.465130667e-06
0.03761149348
7.287188182e-06
2.45225941e-06
0.0376081528
-4.612864335e-06
-9.201754032e-07
0.03759725607
-1.574108901e-05
-4.021868792e-06
0.03758127749
-2.352193842e-05
-6.058039377e-06
0.03756350746
-2.690255229e-05
-6.710577813e-06
0.03754727207
-2.599396457e-05
-5.972334605e-06
0.03753458162
-2.212645263e-05
-4.380233059e-06
0.0375251999
-1.751029002e-05
-2.95594682e-06
0.03751819902
-1.345791535e-05
-2.076295517e-06
0.03751307159
-1.006957969e-05
-1.475965717e-06
0.03750948644
-7.174322476e-06
-9.996143804e-07
0.03750701728
-4.971979493e-06
-7.098427909e-07
0.03750530504
-3.316963932e-06
-5.59742581e-07
0.03750412019
-2.17822042e-06
-4.827955725e-07
0.03750329926
-1.298174306e-06
-4.461373466e-07
0.0375027456
-7.290970045e-07
-4.384631355e-07
0.03750235767
-2.783529105e-07
-4.552321724e-07
0.03750209339
-3.268276807e-08
-4.739438081e-07
0.03750189881
1.784331667e-07
-5.048815318e-07
0.03750173318
2.62957057e-07
-5.25198341e-07
3.456207486e-07
-5.546511451e-07
0.03750067426
6.905145232e-07
6.767764581e-08
0.03750269575
2.068778721e-06
2.066631019e-07
0.03750624701
3.595638489e-06
4.030158336e-07
0.03751163113
5.362299522e-06
6.998754711e-07
0.03751920725
7.390075585e-06
1.13771477e-06
0.03752928459
9.588962173e-06
1.741378986e-06
0.03754194554
1.173552854e-05
2.494342198e-06
0.03755679382
1.336668448e-05
3.285890008e-06
0.03757260565
1.399893931e-05
3.893976087e-06
0.03758741466
1.269827232e-05
3.974047344e-06
0.03759812969
9.366787885e-06
3.163534153e-06
0.03760241402
3.471832684e-06
1.427784746e-06
0.03759987138
-2.239154045e-06
-4.694799215e-07
0.03759093428
-7.597398085e-06
-2.318229717e-06
0.03757752318
-1.134284258e-05
-3.579367298e-06
0.03756225839
-1.30476878e-05
-4.055641268e-06
0.03754770122
-1.276281426e-05
-3.777353091e-06
0.03753553904
-1.104129033e-05
-3.02100342e-06
0.0375260458
-8.861956009e-06
-2.280440055e-06
0.03751876238
-6.877698488e-06
-1.799990609e-06
0.03751327763
-5.194884362e-06
-1.486895902e-06
0.03750931836
-3.754565916e-06
-1.25404051e-06
0.03750649537
-2.643406495e-06
-1.112366821e-06
0.03750450837
-1.798523434e-06
-1.038677195e-06
0.03750308978
-1.217715364e-06
-9.979821504e-07
0.03750210063
-7.548498304e-07
-9.668884666e-07
0.03750138965
-4.569504665e-07
-9.438675372e-07
0.03750089897
-2.224001749e-07
-9.212621613e-07
0.03750052739
-9.16520076e-08
-9.055708493e-07
0.03750025717
2.076842379e-08
-8.845905853e-07
0.0375000279
6.849748752e-08
-8.733692487e-07
1.006687609e-07
-8.569148417e-07
0.03750070724
5.544829954e-08
0.0375028269
1.685677736e-07
0.03750652058
3.239593732e-07
0.03751205053
5.516617767e-07
0.03751970849
8.772072595e-07
0.03752970074
1.311680104e-06
0.03754200511
1.836717154e-06
0.03755611201
2.365664553e-06
0.03757098092
2.763082922e-06
0.03758455726
2.751947696e-06
0.03759464264
2.280708446e-06
0.0375983259
7.147979729e-07
0.03759594837
-3.556226461e-07
0.03758778851
-1.642411807e-06
0.0375755674
-2.568061537e-06
0.03756150179
-2.955587585e-06
0.03754775344
-2.831471653e-06
0.0375358765
-2.363606786e-06
0.0375263429
-1.846164258e-06
0.03751891477
-1.454142125e-06
0.03751325546
-1.176888094e-06
0.03750910109
-9.648807499e-07
0.03750609958
-8.236637169e-07
0.0375039687
-7.366516983e-07
0.03750243649
-6.854077895e-07
0.03750137273
-6.527349301e-07
0.03750060946
-6.386998138e-07
0.03750008158
-6.330637137e-07
0.03749968521
-6.32139418e-07
0.03749939941
-6.330130502e-07
0.03749916634
-6.39316792e-07
-6.414580072e-07
0.03750071075
-6.838197947e-07
3.167934223e-08
0.03750284001
-2.047379645e-06
9.628525295e-08
0.0375065499
-3.553091074e-06
1.843121132e-07
0.03751210209
-5.286239902e-06
3.123841096e-07
0.03751978472
-7.261124222e-06
4.9454996e-07
0.03752979486
-9.381022753e-06
7.367785328e-07
0.03754209458
-1.141908256e-05
1.028997787e-06
0.03755615387
-1.292233426e-05
1.323744286e-06
0.03757092713
-1.344006067e-05
1.548665829e-06
0.03758435928
-1.208650321e-05
1.553584511e-06
0.03759433116
-8.834087174e-06
1.315774509e-06
0.03759792081
-3.155766754e-06
4.967665198e-07
0.03759557282
2.298107326e-06
-6.415184138e-08
0.03758751058
7.433171953e-06
-7.343238723e-07
0.03757542897
1.10412411e-05
-1.20545678e-06
0.03756150604
1.272289982e-05
-1.386336119e-06
0.03754785745
1.252915895e-05
-1.293966973e-06
0.03753600176
1.097526414e-05
-1.020336459e-06
0.03752643828
8.940558162e-06
-7.236317152e-07
0.03751898442
7.025722046e-06
-4.969067801e-07
0.0375133085
5.38632669e-06
-3.352643041e-07
0.03750914283
3.980129767e-06
-2.133142972e-07
0.03750613224
2.893484088e-06
-1.3209523e-07
0.03750400167
2.057723621e-06
-8.041894287e-08
0.03750247079
1.48456452e-06
-5.155362634e-08
0.0375014124
1.026147456e-06
-2.619995178e-08
0.03750065032
7.360022122e-07
-2.045751061e-08
0.03750013111
4.96157383e-07
-1.934559257e-08
0.03749973692
3.73479684e-07
-1.944754898e-08
0.03749945756
2.59667049e-07
-2.015451542e-08
0.03749922773
2.076060894e-07
-2.019676324e-08
1.649760372e-07
-2.302162437e-08
0.03750067916
-1.330389015e-06
3.832413459e-08
0.0375027145
-3.983213019e-06
1.169846448e-07
0.03750628968
-6.934854435e-06
2.27236962e-07
0.03751170793
-1.036978981e-05
3.927804141e-07
0.03751932418
-1.433475409e-05
6.355951366e-07
0.03752943502
-1.866249384e-05
9.6889678e-07
0.03754209831
-2.289404177e-05
1.382986936e-06
0.03755688637
-2.614139911e-05
1.817275454e-06
0.03757255421
-2.723989634e-05
2.152028938e-06
0.03758716425
-2.477252794e-05
2.203894021e-06
0.03759769437
-1.780284495e-05
1.786425665e-06
0.03760186739
-6.555821267e-06
8.747850097e-07
0.03759937041
4.700239815e-06
-1.210085831e-07
0.03759057832
1.52885135e-05
-1.086241642e-06
0.03757736905
2.274585527e-05
-1.732000844e-06
0.03756230925
2.607744935e-05
-1.956605021e-06
0.03754787735
2.541043892e-05
-1.779472244e-06
0.03753572015
2.195801675e-05
-1.351608709e-06
0.0375261683
1.767687283e-05
-9.345401207e-07
0.03751884076
1.37736944e-05
-6.561265563e-07
0.03751333365
1.046815297e-05
-4.732265185e-07
0.03750935199
7.651451752e-06
-3.394345074e-07
0.03750651979
5.48597644e-06
-2.577650761e-07
0.03750452872
3.84744241e-06
-2.138433899e-07
0.0375031179
2.717441081e-06
-1.916791037e-07
0.0375021379
1.843867392e-06
-1.767872393e-07
0.03750143859
1.284907034e-06
-1.663915518e-07
0.03750095688
8.384205124e-07
-1.588599192e-07
0.03750059886
5.994361943e-07
-1.541560523e-07
0.03750034245
3.942168324e-07
-1.489730423e-07
0.03750011803
3.15215665e-07
-1.450030884e-07
2.829975133e-07
-1.387764034e-07
0.03750061248
-1.898370754e-06
5.230965137e-08
0.03750244988
-5.683818415e-06
1.607560477e-07
0.0375057361
-9.949053157e-06
3.192500665e-07
0.03751085322
-1.500202288e-05
5.680120333e-07
0.03751829239
-2.096149559e-05
9.488601985e-07
0.03752855227
-2.763787483e-05
1.493843453e-06
0.03754193749
-3.437598963e-05
2.200363794e-06
0.03755819552
-3.981083654e-05
2.971482337e-06
0.0375760719
-4.195883877e-05
3.594292434e-06
0.03759301752
-3.84351219e-05
3.711451753e-06
0.03760557913
-2.770438438e-05
3.003405719e-06
0.03761060682
-1.031268356e-05
1.417751059e-06
0.03760735201
7.662023491e-06
-3.526822681e-07
0.03759671467
2.420052168e-05
-1.974314527e-06
0.03758109401
3.57077086e-05
-3.02152157e-06
0.03756367653
4.055515212e-05
-3.334264244e-06
0.03754764953
3.888326461e-05
-2.917391078e-06
0.03753493018
3.290508979e-05
-2.058694362e-06
0.03752542854
2.609218119e-05
-1.284280264e-06
0.0375183525
2.019084506e-05
-7.927553874e-07
0.03751317404
1.527961189e-05
-4.53074294e-07
0.03750954929
1.113139555e-05
-1.947844056e-07
0.03750704745
7.982082225e-06
-2.828328256e-08
0.03750532792
5.63715583e-06
5.678642044e-08
0.03750412949
4.01897647e-06
9.984452911e-08
0.03750330405
2.797638862e-06
1.174778037e-07
0.03750273252
1.990843397e-06
1.310576489e-07
0.03750233785
1.372635782e-06
1.289685092e-07
0.03750205612
1.014253519e-06
1.272519698e-07
0.03750185137
7.296366451e-07
1.160269905e-07
0.03750170199
5.848143467e-07
1.115010499e-07
4.643707064e-07
9.667925424e-08
0.03750050487
-2.339564796e-06
7.483208336e-08
0.03750202332
-7.00487134e-06
2.317524254e-07
0.03750483126
-1.235443176e-05
4.717864765e-07
0.0375094179
-1.88473386e-05
8.66201884e-07
0.03751647669
-2.673290651e-05
1.497244225e-06
0.03752683231
-3.588191292e-05
2.440251277e-06
0.03754122068
-4.552136934e-05
3.71509076e-06
0.03755975787
-5.379129213e-05
5.167456678e-06
0.03758117934
-5.768931685e-05
6.37849738e-06
0.03760220947
-5.348567657e-05
6.647275764e-06
0.03761800867
-3.870809367e-05
5.330815421e-06
0.03762405972
-1.418358464e-05
2.387271769e-06
0.03761961317
1.136942864e-05
-8.682669073e-07
0.03760596734
3.450938822e-05
-3.763661303e-06
0.03758640277
5.02780862e-05
-5.569521788e-06
0.03756522694
5.629123393e-05
-6.031073644e-06
0.03754683502
5.26450602e-05
-5.143344664e-06
0.03753350016
4.307720605e-05
-3.528940226e-06
0.0375242549
3.328212553e-05
-2.267777707e-06
0.03751768976
2.529425652e-05
-1.592084286e-06
0.0375131114
1.878735619e-05
-1.157190935e-06
0.03751008693
1.339852411e-05
-8.235441172e-07
0.03750811525
9.382149475e-06
-6.236858197e-07
0.03750680136
6.486634228e-06
-5.238170692e-07
0.03750591956
4.509851965e-06
-4.672090935e-07
0.03750532407
3.060681288e-06
-4.270829335e-07
0.0375049266
2.098908743e-06
-4.01188199e-07
0.03750465301
1.394223368e-06
-3.823734935e-07
0.03750446364
9.826891208e-07
-3.681234593e-07
0.03750433049
6.782726885e-07
-3.515028588e-07
0.0375041909
5.659384119e-07
-3.364997391e-07
5.419547957e-07
-3.076185961e-07
0.03750035097
-2.599316699e-06
1.071663537e-07
0.03750141257
-7.781323249e-06
3.342020139e-07
0.03750351295
-1.385714749e-05
6.988215071e-07
0.03750725768
-2.145362514e-05
1.325528832e-06
0.03751359806
-3.102019727e-05
2.373944885e-06
0.03752382065
-4.260446724e-05
4.009994138e-06
0.03753935974
-5.547037648e-05
6.323593754e-06
0.0375609876
-6.729319427e-05
9.065963341e-06
0.03758769326
-7.394589333e-05
1.146556983e-05
0.03761488898
-6.960308392e-05
1.205341781e-05
0.03763526424
-5.034583169e-05
9.520300891e-06
0.03764268076
-1.787498537e-05
4.002174013e-06
0.03763645465
1.585312516e-05
-1.978035713e-06
0.03761836822
4.610722925e-05
-7.182887857e-06
0.03759284147
6.636463036e-05
-1.029202499e-05
0.03756612276
7.312051467e-05
-1.091469325e-05
0.03754458781
6.640659153e-05
-8.768519383e-06
0.03753070459
5.239252955e-05
-5.33759516e-06
0.03752195493
3.962394422e-05
-2.892421301e-06
0.03751614195
2.980438271e-05
-1.617826832e-06
0.03751240618
2.195010047e-05
-7.87314394e-07
0.03751019894
1.556096186e-05
-1.95068274e-07
0.03750892105
1.093400232e-05
1.39853332e-07
0.03750814531
7.67141125e-06
2.692283125e-07
0.03750766749
5.457267411e-06
3.212279816e-07
0.03750737176
3.856045511e-06
3.431232695e-07
0.03750718971
2.788568082e-06
3.400396462e-07
0.03750707278
2.00933401e-06
3.236811498e-07
0.03750699657
1.540285511e-06
2.995828877e-07
0.03750694471
1.187608366e-06
2.69365852e-07
0.03750693793
1.007723656e-06
2.414054817e-07
8.272728219e-07
2.078790139e-07
0.03750014411
-2.6153499e-06
1.498714158e-07
0.03750061198
-7.848210768e-06
4.702313453e-07
0.03750175127
-1.412981482e-05
1.010331931e-06
0.0375042658
-2.225694807e-05
1.98243172e-06
0.0375093909
-3.293220705e-05
3.685482327e-06
0.03751900668
-4.651041173e-05
6.464646799e-06
0.03753559302
-6.253179263e-05
1.059114283e-05
0.03756105007
-7.837503171e-05
1.56887187e-05
0.03759505312
-8.88277429e-05
2.039714876e-05
0.03763106329
-8.518191017e-05
2.161502753e-05
0.03765770097
-6.120819333e-05
1.672489765e-05
0.03766679391
-2.075824048e-05
6.52048556e-06
0.03765801454
2.072542903e-05
-4.206773369e-06
0.03763379988
5.773293726e-05
-1.35742933e-05
0.03759997723
8.170913231e-05
-1.86967599e-05
0.03756567589
8.828980824e-05
-1.986242103e-05
0.0375405142
7.678217317e-05
-1.572434893e-05
0.0375266921
5.732586525e-05
-9.624105223e-06
0.03751904877
4.1849076e-05
-5.81325553e-06
0.03751446141
3.069135154e-05
-4.003579692e-06
0.03751193451
2.200237079e-05
-2.789976475e-06
0.0375108177
1.511189324e-05
-1.871792399e-06
0.03751038286
1.032755867e-05
-1.376186439e-06
0.03751023308
7.073015129e-06
-1.150489592e-06
0.03751021245
4.925364739e-06
-1.035222315e-06
0.03751025371
3.410910461e-06
-9.501483715e-07
0.03751030726
2.436849753e-06
-8.961985197e-07
0.0375103656
1.736078237e-06
-8.546504443e-07
0.03751041078
1.34491586e-06
-8.178092576e-07
0.03751045552
1.065889035e-06
-7.733402757e-07
0.03751042748
1.008076246e-06
-7.44869635e-07
1.055643712e-06
-6.70113527e-07
0.03749991007
-2.354256192e-06
1.983686371e-07
0.03749965968
-7.055778733e-06
6.351723579e-07
0.03749960084
-1.286397844e-05
1.402938696e-06
0.03750047227
-2.065511919e-05
2.847859534e-06
0.03750375938
-3.136909226e-05
5.504913088e-06
0.03751202034
-4.575627168e-05
1.004816422e-05
0.03752918233
-6.391144839e-05
1.715241015e-05
0.03755892643
-8.327956327e-05
2.632767926e-05
0.03760255309
-9.804236712e-05
3.535245239e-05
0.03765044775
-9.606011425e-05
3.784163476e-05
0.03768519249
-6.817987648e-05
2.848407774e-05
0.03769636079
-2.204889573e-05
1.021742543e-05
0.03768426525
2.480272492e-05
-8.538454074e-06
0.03765179944
6.683602055e-05
-2.445691476e-05
0.03760708007
9.374726586e-05
-3.381182645e-05
0.03756257904
9.970184892e-05
-3.440063991e-05
0.03753329767
8.288524636e-05
-2.501666492e-05
0.03752003436
5.883050971e-05
-1.331134511e-05
0.03751401479
4.198136529e-05
-6.794995506e-06
0.03751113672
3.047124979e-05
-3.866105096e-06
0.0375102204
2.177871563e-05
-2.008758331e-06
0.03751044019
1.505627646e-05
-6.859376087e-07
0.03751099231
1.067023781e-05
-5.567209949e-08
0.03751152739
7.665091425e-06
1.740577974e-07
0.03751199628
5.728906672e-06
2.801482287e-07
0.03751236219
4.352839928e-06
3.411246342e-07
0.0375126574
3.452655722e-06
3.461231453e-07
0.03751286399
2.795743016e-06
3.345065384e-07
0.03751304044
2.419386437e-06
3.121018558e-07
0.03751316362
2.118544171e-06
2.644918131e-07
0.03751334928
1.931681646e-06
2.226350369e-07
1.633062352e-06
1.887780484e-07
0.03749964823
-1.788005308e-06
2.5070888e-07
0.03749865588
-5.370723064e-06
8.087017422e-07
0.03749728361
-9.904720383e-06
1.836869375e-06
0.03749620622
-1.620202001e-05
3.858055209e-06
0.0374970418
-2.527549496e-05
7.762326234e-06
0.03750299568
-3.81827153e-05
1.477673198e-05
0.03751982861
-5.575154378e-05
2.638148661e-05
0.03755383003
-7.61206299e-05
4.204547857e-05
0.03760949591
-9.392188334e-05
5.851196552e-05
0.03767203293
-9.405978773e-05
6.315871404e-05
0.03771588504
-6.541263973e-05
4.602676993e-05
0.03772934459
-2.048172747e-05
1.552413624e-05
0.03771343923
2.473935654e-05
-1.551832729e-05
0.03767116953
6.579403394e-05
-4.223514957e-05
0.03761313713
9.211829286e-05
-5.859796499e-05
0.03755667219
9.627857987e-05
-5.892373339e-05
0.03752453496
7.501037122e-05
-4.105185849e-05
0.03751324278
4.927293369e-05
-2.217656366e-05
0.03750931377
3.389728551e-05
-1.277568892e-05
0.03750839748
2.397894853e-05
-8.510036109e-06
0.03750933413
1.675430611e-05
-5.536187099e-06
0.03751099509
1.129968243e-05
-3.528102196e-06
0.03751253728
7.905682695e-06
-2.684626844e-06
0.03751377311
5.604041793e-06
-2.32189795e-06
0.037514758
4.160008679e-06
-2.139836498e-06
0.03751547908
3.171730186e-06
-2.027576052e-06
0.0375159549
2.582698606e-06
-1.976692494e-06
0.03751628332
2.155382558e-06
-1.930592742e-06
0.03751653096
1.919763964e-06
-1.901138117e-06
0.0375167098
1.729074927e-06
-1.841161881e-06
0.03751672656
1.740978833e-06
-1.777644602e-06
1.868273632e-06
-1.688419784e-06
0.0374994292
-9.65162262e-07
2.947250145e-07
0.03749778766
-2.906707703e-06
9.587396752e-07
0.03749522234
-5.407810591e-06
2.228478325e-06
0.03749223984
-8.976271979e-06
4.817660876e-06
0.03749037787
-1.431673412e-05
1.005555568e-05
0.03749317585
-2.232510483e-05
1.994275521e-05
0.03750820419
-3.41014981e-05
3.73764937e-05
0.03754526794
-4.930933775e-05
6.233966431e-05
0.03761479136
-6.511050412e-05
9.075457811e-05
0.0376943971
-6.779937432e-05
9.856321787e-05
0.03774761481
-4.733108808e-05
6.772150234e-05
0.03776337081
-1.658412223e-05
1.884915415e-05
0.03774350086
1.437843774e-05
-2.840458963e-05
0.03769074619
4.333231344e-05
-6.977484091e-05
0.03761691438
6.300378792e-05
-9.487698877e-05
0.03754526502
6.730335975e-05
-9.431266364e-05
0.03751115395
5.078761585e-05
-5.936878552e-05
0.03750370725
3.060171064e-05
-2.727299521e-05
0.03750287365
2.066199362e-05
-1.475900582e-05
0.03750420687
1.475347368e-05
-9.212624244e-06
0.03750698557
1.068600771e-05
-5.028515951e-06
0.03750984986
7.817045434e-06
-2.281354437e-06
0.03751213421
6.037280072e-06
-1.049171374e-06
0.03751387254
4.756615382e-06
-3.880682167e-07
0.0375151752
3.847656585e-06
4.334809657e-08
0.03751612939
3.149757236e-06
3.284240014e-07
0.03751681082
2.62717751e-06
4.942480139e-07
0.03751729919
2.190890825e-06
6.21372616e-07
0.03751767414
1.839590627e-06
7.059775678e-07
0.03751795199
1.502934567e-06
7.087241925e-07
0.03751829903
1.188707067e-06
7.619189408e-07
6.272755585e-07
7.705533102e-07
0.03749930316
5.739819569e-09
3.204356636e-07
0.0374972783
1.688603723e-08
1.047282707e-06
0.03749398339
2.635156029e-08
2.464234591e-06
0.03748976717
3.232505963e-08
5.421532468e-06
0.0374859712
2.78496905e-08
1.156629436e-05
0.03748605475
6.034479979e-09
2.361924713e-05
0.03749826335
-7.141849742e-08
4.591687711e-05
0.03753492201
-2.09579137e-07
7.997167153e-05
0.03761417288
-5.342126041e-07
0.0001242236223
0.037707607
-7.443937458e-07
0.0001400187756
0.03776827079
-7.052700597e-07
9.97102504e-05
0.03778760671
-6.672571495e-07
2.809821596e-05
0.03776640772
-6.757701742e-07
-3.426821728e-05
0.03770779314
-7.42075165e-07
-9.139061675e-05
0.03762362608
-9.709189399e-07
-0.0001297023004
0.03753930032
-1.445978104e-06
-0.0001352377163
0.0375018746
-2.402875789e-06
-8.684365412e-05
0.03749720206
-3.758824404e-06
-3.832947878e-05
0.03749883373
-4.774788249e-06
-2.253867012e-05
0.03750247136
-5.585529911e-06
-1.40714884e-05
0.03750710854
-6.310241831e-06
-9.00741364e-06
0.0375110551
-6.810199903e-06
-5.74286793e-06
0.03751392883
-7.110049768e-06
-4.611726808e-06
0.03751595855
-7.268680992e-06
-4.385377713e-06
0.03751738072
-7.354296249e-06
-4.39250348e-06
0.03751836998
-7.41762104e-06
-4.427000956e-06
0.03751905805
-7.464914997e-06
-4.517614262e-06
0.037519536
-7.536703182e-06
-4.6003674e-06
0.03751986585
-7.580005109e-06
-4.64629498e-06
0.03752012449
-7.660282719e-06
-4.683108456e-06
0.03752015258
-7.582586306e-06
-4.654302012e-06
-7.421264531e-06
-4.724019509e-06
0.03749930285
9.766420473e-07
3.201290376e-07
0.03749727691
2.940552341e-06
1.04629814e-06
0.03749397929
5.461555595e-06
2.462611263e-06
0.0374897562
9.044214785e-06
5.418661939e-06
0.03748594589
1.438591031e-05
1.15657385e-05
0.03748599175
2.237177758e-05
2.36217212e-05
0.03749814087
3.408615461e-05
4.59696871e-05
0.03753463897
4.919809215e-05
8.009417099e-05
0.03761393017
6.49066608e-05
0.0001247576527
0.03770748614
6.755155927e-05
0.0001409610812
0.0377681764
4.697878249e-05
0.0001006397325
0.03778755428
1.611407648e-05
2.891517768e-05
0.03776633644
-1.496307551e-05
-3.359093679e-05
0.03770761142
-4.402532067e-05
-9.079926651e-05
0.03762323492
-6.388185801e-05
-0.0001290472781
0.03753864036
-6.841611889e-05
-0.0001341689289
0.03750073822
-5.21938143e-05
-8.483565057e-05
0.037495765
-3.216203609e-05
-3.449863216e-05
0.03749731239
-2.176635259e-05
-1.660506966e-05
0.03750062591
-1.489177085e-05
-6.71761394e-06
0.03750507313
-9.849865105e-06
6.014188232e-07
0.03750902829
-6.217326154e-06
5.619643602e-06
0.03751184888
-4.0031627e-06
8.058734513e-06
0.03751388679
-2.386476148e-06
9.555092878e-06
0.03751538331
-1.310348763e-06
1.035102956e-05
0.03751645426
-5.104290584e-07
1.08110148e-05
0.03751721684
1.464444372e-08
1.105345898e-05
0.03751777707
4.111092743e-07
1.12179284e-05
0.03751819047
6.533529219e-07
1.12683398e-05
0.03751854739
8.48176165e-07
1.128962672e-05
0.03751909319
8.365784985e-07
1.122684867e-05
6.087055197e-07
1.116783873e-05
0.0374994284
1.79941754e-06
2.938525713e-07
0.03749778408
5.404602436e-06
9.560216218e-07
0.03749521182
9.960289055e-06
2.223596234e-06
0.03749221311
1.627756783e-05
4.810104231e-06
0.03749031792
2.536931301e-05
1.004946646e-05
0.03749305001
3.82926872e-05
1.994633578e-05
0.03750799319
5.588792264e-05
3.74417237e-05
0.0375449506
7.629224966e-05
6.251060567e-05
0.03761464677
9.417732437e-05
9.124005814e-05
0.03769440962
9.432438669e-05
9.915098077e-05
0.03774758005
6.559033277e-05
6.810979418e-05
0.03776331497
2.070814618e-05
1.933227699e-05
0.03774335078
-2.449257466e-05
-2.786259987e-05
0.03769041181
-6.551111068e-05
-6.91730811e-05
0.03761630044
-9.178501852e-05
-9.411592782e-05
0.0375445713
-9.579867851e-05
-9.314386901e-05
0.03751033507
-7.444648327e-05
-5.778533052e-05
0.03750337963
-4.831802283e-05
-2.474759257e-05
0.03750314533
-3.292846957e-05
-1.241559099e-05
0.03750501984
-2.309691306e-05
-7.582519572e-06
0.03750821731
-1.619030604e-05
-4.580350452e-06
0.03751134015
-1.11922677e-05
-3.000354939e-06
0.03751376277
-8.159260592e-06
-2.790760157e-06
0.03751550452
-6.119660786e-06
-3.052147614e-06
0.03751676898
-4.837758773e-06
-3.263110758e-06
0.03751766433
-3.906385876e-06
-3.490334767e-06
0.03751829201
-3.325929488e-06
-3.66980365e-06
0.03751871516
-2.882898162e-06
-3.798426811e-06
0.03751897724
-2.560998334e-06
-3.885314627e-06
0.03751916753
-2.307290222e-06
-3.977674883e-06
0.03751908713
-2.055607249e-06
-3.995784048e-06
-1.595321074e-06
-4.02928795e-06
0.03749964723
2.365371978e-06
2.493926178e-07
0.03749865153
7.088923905e-06
8.046044841e-07
0.03749727121
1.291986878e-05
1.829340544e-06
0.03749617628
2.073522771e-05
3.846084989e-06
0.03749697932
3.147808031e-05
7.747855978e-06
0.03750287736
4.590251671e-05
1.476460111e-05
0.03751964865
6.411815148e-05
2.640070276e-05
0.03755358769
8.356822653e-05
4.212002519e-05
0.03760933423
9.846460266e-05
5.873638747e-05
0.03767193064
9.658447773e-05
6.347118604e-05
0.03771575075
6.871786323e-05
4.633650329e-05
0.03772922036
2.265595007e-05
1.59001675e-05
0.03771325795
-2.414928057e-05
-1.514817774e-05
0.03767085286
-6.611902747e-05
-4.18911468e-05
0.0376126605
-9.290549237e-05
-5.82638649e-05
0.03755613482
-9.863877009e-05
-5.84121044e-05
0.03752386295
-8.161674295e-05
-4.043226946e-05
0.03751286451
-5.719354869e-05
-2.113804357e-05
0.03750907383
-4.016820843e-05
-1.163024343e-05
0.03750805906
-2.86003177e-05
-7.418286049e-06
0.03750878823
-1.978742793e-05
-4.163865642e-06
0.0375102363
-1.288087419e-05
-1.64506483e-06
0.03751162074
-8.316394013e-06
-1.804547132e-07
0.03751269904
-5.128066402e-06
7.165394359e-07
0.03751354294
-3.077176462e-06
1.326231196e-06
0.03751418158
-1.543339107e-06
1.808647331e-06
0.03751464959
-5.926504151e-07
2.099458575e-06
0.03751499374
1.638116981e-07
2.2811056e-06
0.03751526691
5.914469813e-07
2.396687008e-06
0.03751546968
9.652543563e-07
2.470351074e-06
0.03751583437
1.034518697e-06
2.499949273e-06
9.325913445e-07
2.520862069e-06
0.03749990928
2.625708969e-06
1.967632883e-07
0.03749965592
7.879375578e-06
6.301710789e-07
0.03749959029
1.418310585e-05
1.393605273e-06
0.03750044767
2.233534512e-05
2.832703709e-06
0.03750371005
3.304230353e-05
5.483456297e-06
0.03751193177
4.666339609e-05
1.002134041e-05
0.03752905099
6.275019977e-05
1.71323137e-05
0.03755875617
7.868283903e-05
2.632706746e-05
0.03760241848
8.9260266e-05
3.541356352e-05
0.0376503701
8.572481285e-05
3.794401278e-05
0.03768512382
6.178868422e-05
2.856473961e-05
0.03769629893
2.140526748e-05
1.028693604e-05
0.03768416078
-2.001499863e-05
-8.493895878e-06
0.03765160316
-5.694095455e-05
-2.443793917e-05
0.03760675685
-8.078512178e-05
-3.379247793e-05
0.03756218887
-8.716395617e-05
-3.433812866e-05
0.03753278753
-7.54406842e-05
-2.495130161e-05
0.03751966756
-5.562717279e-05
-1.301558763e-05
0.03751383532
-3.991159188e-05
-6.372237006e-06
0.03751107134
-2.86934018e-05
-3.501337247e-06
0.03751029861
-2.001753701e-05
-1.725789401e-06
0.03751067961
-1.31488869e-05
-6.018406516e-07
0.03751139373
-8.439877989e-06
-2.028301364e-07
0.03751203782
-5.235150745e-06
-2.876946732e-07
0.03751257661
-3.17196841e-06
-4.638854274e-07
0.03751302547
-1.639881364e-06
-6.258797814e-07
0.03751335034
-6.842779232e-07
-7.736765138e-07
0.03751358786
4.013138842e-08
-8.964317326e-07
0.03751375182
4.57338964e-07
-9.940444398e-07
0.03751388349
7.869568319e-07
-1.064021055e-06
0.03751383047
9.962882722e-07
-1.112283096e-06
1.370304399e-06
-1.12876836e-06
0.03750014352
2.608569142e-06
1.481096354e-07
0.03750060946
7.809043444e-06
4.647578769e-07
0.03750174421
1.390494206e-05
1.00017618e-06
0.03750424935
2.15246714e-05
1.965845432e-06
0.03750935825
3.11207206e-05
3.660775887e-06
0.03751894954
4.274463141e-05
6.430561202e-06
0.03753550999
5.566746381e-05
1.055093781e-05
0.03756094727
6.756609771e-05
1.564713968e-05
0.03759496752
7.43151807e-05
2.03683373e-05
0.03763101351
7.006567225e-05
2.159344487e-05
0.03765765539
5.085974303e-05
1.66868536e-05
0.03766674196
1.845297956e-05
6.467627533e-06
0.037657934
-1.521097158e-05
-4.273222486e-06
0.03763366414
-4.539125799e-05
-1.367712906e-05
0.03759975065
-6.554972282e-05
-1.878446565e-05
0.03756539683
-7.214248062e-05
-1.997975005e-05
0.03754016991
-6.524167257e-05
-1.588313267e-05
0.03752645008
-5.097270837e-05
-9.71741408e-06
0.03751896174
-3.801523284e-05
-5.883406123e-06
0.037514433
-2.816716431e-05
-4.174972824e-06
0.03751190214
-2.031502002e-05
-3.034977315e-06
0.03751074295
-1.389610181e-05
-2.117354817e-06
0.03751023797
-9.230192376e-06
-1.555111384e-06
0.03750999709
-5.921582229e-06
-1.226105909e-06
0.03750988253
-3.686072603e-06
-9.883153772e-07
0.03750983988
-2.034462003e-06
-7.7163925e-07
0.03750983502
-9.328714131e-07
-6.151856973e-07
0.03750982645
-1.164113782e-07
-4.997877165e-07
0.03750983071
3.758068923e-07
-4.168847578e-07
0.03750982021
7.570190002e-07
-3.31932477e-07
0.03750993619
8.782835966e-07
-2.981389759e-07
9.118106258e-07
-2.59006892e-07
0.03750035074
2.347293212e-06
1.053586306e-07
0.03750141145
7.02809855e-06
3.286499467e-07
0.03750350951
1.23945388e-05
6.885762599e-07
0.0375072491
1.890707455e-05
1.308915842e-06
0.03751358046
2.681722216e-05
2.348929182e-06
0.03752378975
3.599857044e-05
3.974462592e-06
0.03753931517
4.568220262e-05
6.277000266e-06
0.03756093395
5.40094048e-05
9.008831492e-06
0.0375876476
5.797699024e-05
1.140210964e-05
0.03761486321
5.384418792e-05
1.198299364e-05
0.03763524504
3.911579071e-05
9.434639379e-06
0.03764265946
1.463972342e-05
3.894972351e-06
0.03763641914
-1.085994875e-05
-2.107795253e-06
0.03761829797
-3.394114431e-05
-7.345700454e-06
0.03759271963
-4.963366495e-05
-1.048395791e-05
0.03756596385
-5.553303083e-05
-1.114299592e-05
0.03754438635
-5.174697258e-05
-9.035874048e-06
0.03753054912
-4.201105739e-05
-5.602779365e-06
0.037521874
-3.206904681e-05
-3.154526287e-06
0.03751608952
-2.40376245e-05
-1.917073406e-06
0.03751235481
-1.751811785e-05
-1.102221129e-06
0.0375101613
-1.210159556e-05
-4.986707306e-07
0.03750891573
-8.077473946e-06
-1.68058539e-07
0.03750817613
-5.178994373e-06
-7.746080649e-08
0.03750773246
-3.221882213e-06
-7.668836294e-08
0.03750747647
-1.775554228e-06
-1.131337797e-07
0.03750733525
-8.163272076e-07
-1.563675335e-07
0.03750725603
-1.088881382e-07
-2.156657399e-07
0.03750720929
3.025562556e-07
-2.666978751e-07
0.0375071818
6.175228374e-07
-3.193317628e-07
0.03750709801
7.727805928e-07
-3.542967402e-07
9.746803311e-07
-3.788365829e-07
0.03750050493
1.904332981e-06
7.305780413e-08
0.03750202342
5.701762737e-06
2.263329112e-07
0.0375048309
9.980023625e-06
4.618824141e-07
0.03750941572
1.504807671e-05
8.503385692e-07
0.03751647073
2.102614186e-05
1.473490013e-06
0.03752682052
2.772642592e-05
2.406409875e-06
0.03754120308
3.449599839e-05
3.669434072e-06
0.03755973751
3.997064999e-05
5.108876199e-06
0.03758116439
4.216572428e-05
6.307566172e-06
0.0376022072
3.869083219e-05
6.563526085e-06
0.03761801316
2.79985757e-05
5.230689464e-06
0.03762406227
1.064236488e-05
2.265912583e-06
0.03761960558
-7.292112488e-06
-1.010919349e-06
0.03760593678
-2.378687305e-05
-3.933508903e-06
0.03758633904
-3.524055132e-05
-5.770131346e-06
0.03756513182
-4.001157021e-05
-6.261881254e-06
0.03754671455
-3.824627137e-05
-5.409026165e-06
0.03753339135
-3.215772971e-05
-3.813164957e-06
0.03752419436
-2.524697156e-05
-2.560979808e-06
0.03751765597
-1.931262852e-05
-1.914942873e-06
0.03751308512
-1.439043899e-05
-1.504657319e-06
0.03751006825
-1.023371885e-05
-1.187458081e-06
0.03750808959
-7.066506122e-06
-9.996682444e-07
0.03750676169
-4.714531576e-06
-9.041404916e-07
0.03750584828
-3.088475731e-06
-8.399397527e-07
0.03750522321
-1.864173864e-06
-7.810227558e-07
0.03750478982
-1.036760233e-06
-7.320474297e-07
0.03750448577
-4.172865569e-07
-6.916756791e-07
0.03750425923
-4.399528004e-08
-6.559454265e-07
0.03750408862
2.424474166e-07
-6.246250417e-07
0.03750396543
3.76066243e-07
-5.938428203e-07
4.451685229e-07
-5.734694833e-07
0.03750061275
1.334431424e-06
5.059927207e-08
0.03750245091
3.995388178e-06
1.55550722e-07
0.03750573802
6.955845403e-06
3.098337908e-07
0.03751085563
1.040092758e-05
5.531285425e-07
0.0375182945
1.437822868e-05
9.268231754e-07
0.03752855324
1.872153739e-05
1.462674604e-06
0.03754193754
2.29730184e-05
2.158156358e-06
0.03755819659
2.62451365e-05
2.916664885e-06
0.03757607835
2.737220242e-05
3.526120091e-06
0.03759303302
2.49351902e-05
3.629205543e-06
0.03760559975
1.799177114e-05
2.905211563e-06
0.03761062575
6.768243509e-06
1.300378689e-06
0.03760736443
-4.461798695e-06
-4.89163807e-07
0.03759671279
-1.502238378e-05
-2.134717172e-06
0.03758106925
-2.244561293e-05
-3.209439819e-06
0.03756363096
-2.573286692e-05
-3.550987291e-06
0.03754758514
-2.500746137e-05
-3.165321985e-06
0.03753486897
-2.149146389e-05
-2.330325675e-06
0.03752539147
-1.715221416e-05
-1.57320063e-06
0.03751832661
-1.322278256e-05
-1.101274455e-06
0.0375131483
-9.909252643e-06
-7.788461231e-07
0.03750951628
-7.078837324e-06
-5.224643825e-07
0.03750701208
-4.907884936e-06
-3.642650422e-07
0.03750528079
-3.262242253e-06
-2.807415618e-07
0.03750408156
-2.131606253e-06
-2.404284906e-07
0.03750325246
-1.260632835e-06
-2.20571999e-07
0.03750269235
-6.971208523e-07
-2.179916996e-07
0.03750230203
-2.551590426e-07
-2.270413459e-07
0.03750203496
-1.274583976e-08
-2.381183202e-07
0.03750183852
1.885379157e-07
-2.545287844e-07
0.03750167415
2.800834064e-07
-2.648455763e-07
3.508126352e-07
-2.814904148e-07
0.03750067958
6.858587211e-07
3.667411864e-08
0.03750271613
2.053523011e-06
1.119758602e-07
0.03750629307
3.563673091e-06
2.182492959e-07
0.03751171323
5.301907237e-06
3.787286766e-07
0.03751933125
7.282918528e-06
6.150143678e-07
0.03752944366
9.410456105e-06
9.40049552e-07
0.0375421088
1.145813146e-05
1.344081218e-06
0.03755689994
1.297320423e-05
1.766685345e-06
0.03757257314
1.350429619e-05
2.088684097e-06
0.03758719034
1.216531147e-05
2.126720374e-06
0.0375977258
8.925798187e-06
1.694045217e-06
0.03760189713
3.260440086e-06
7.642623193e-07
0.03759939592
-2.181497007e-06
-2.485709326e-07
0.03759059361
-7.303462335e-06
-1.234838214e-06
0.03757736833
-1.089525433e-05
-1.904446186e-06
0.03756228928
-1.255485818e-05
-2.154596267e-06
0.03754784456
-1.23361797e-05
-2.003909422e-06
0.03753568333
-1.075169166e-05
-1.599545479e-06
0.03752613999
-8.689386686e-06
-1.199930483e-06
0.03751881828
-6.762565941e-06
-9.384911236e-07
0.03751330622
-5.116011926e-06
-7.680737539e-07
0.03750932226
-3.706801917e-06
-6.421131004e-07
0.03750648295
-2.614627393e-06
-5.663094896e-07
0.03750448718
-1.777729923e-06
-5.274155775e-07
0.0375030653
-1.200949062e-06
-5.06758525e-07
0.03750207414
-7.437013687e-07
-4.926542281e-07
0.03750136312
-4.482843062e-07
-4.816782982e-07
0.03750087201
-2.143241457e-07
-4.70985495e-07
0.03750050006
-8.28229437e-08
-4.63540316e-07
0.03750023093
2.656535644e-08
-4.534867659e-07
0.03749999841
8.648635752e-08
-4.472511235e-07
1.148966346e-07
-4.385963475e-07
0.03750071124
3.006465105e-08
0.03750284194
9.139031812e-08
0.03750655401
1.755679131e-07
0.03751210878
2.987963499e-07
0.03751979413
4.747794015e-07
0.03752980704
7.092221625e-07
0.03754210988
9.920048362e-07
0.03755617313
1.275622896e-06
0.03757095181
1.488695043e-06
0.03758438985
1.479219884e-06
0.03759436766
1.228694913e-06
0.03759795517
3.8773225e-07
0.03759560429
-1.862436225e-07
0.03758753387
-8.754485116e-07
0.03757543893
-1.368373131e-06
0.03756150149
-1.573010083e-06
0.03754783875
-1.504908819e-06
0.03753597723
-1.253772755e-06
0.03752641704
-9.753619194e-07
0.03751896388
-7.63549169e-07
0.0375132847
-6.137094014e-07
0.03750911183
-4.988180279e-07
0.03750609575
-4.222061579e-07
0.03750395617
-3.747943451e-07
0.03750241727
-3.474524891e-07
0.03750134922
-3.283863486e-07
0.03750058334
-3.211083082e-07
0.0375000542
-3.182446609e-07
0.03749965717
-3.179306824e-07
0.03749936945
-3.187171959e-07
0.03749913781
-3.211972572e-07
-3.234016828e-07
0.03750071297
-6.812887987e-07
0.03750284835
-2.039092495e-06
0.0375065684
-3.535742905e-06
0.03751213429
-5.253502309e-06
0.03751983199
-7.203156262e-06
0.03752985348
-9.284711876e-06
0.03754215256
-1.1270077e-05
0.03755618823
-1.271192391e-05
0.03757091428
-1.317738881e-05
0.03758427211
-1.180423916e-05
0.03759418939
-8.601508996e-06
0.03759772764
-3.04148492e-06
0.03759539401
2.269481e-06
0.03758737952
7.280174625e-06
0.03757536568
1.080837613e-05
0.03756151155
1.246779736e-05
0.0375479076
1.230999056e-05
0.03753605939
1.082786712e-05
0.03752648123
8.854536214e-06
0.03751901291
6.971405131e-06
0.03751332558
5.352066293e-06
0.03750914923
3.963034485e-06
0.03750613074
2.88639321e-06
0.03750399488
2.055434108e-06
0.03750246164
1.481692149e-06
0.03750139864
1.036787365e-06
0.03750063572
7.424625232e-07
0.03750011562
5.007517693e-07
0.03749972108
3.750862842e-07
0.03749944177
2.591608898e-07
0.03749921139
2.101844884e-07
1.617008193e-07
0.03750068209
-1.325051405e-06
0.03750272571
-3.96573258e-06
0.037506315
-6.897796088e-06
0.03751175298
-1.02986978e-05
0.03751939202
-1.420660566e-05
0.03752952176
-1.844554864e-05
0.03754218707
-2.255240121e-05
0.03755694417
-2.565174679e-05
0.03757253822
-2.661941601e-05
0.03758704751
-2.410963332e-05
0.03759748303
-1.725060461e-05
0.03760159563
-6.279291591e-06
0.03759912191
4.622195335e-06
0.03759040251
1.491332862e-05
0.03757729271
2.218618102e-05
0.03756233127
2.547263429e-05
0.03754795874
2.490304879e-05
0.03753580165
2.163334009e-05
0.03752622283
1.749881662e-05
0.03751887401
1.366409838e-05
0.03751335058
1.040227355e-05
0.03750935547
7.618709306e-06
0.0375065134
5.470694255e-06
0.03750451738
3.837599536e-06
0.03750310021
2.707185717e-06
0.03750211775
1.842458043e-06
0.0375014193
1.274518255e-06
0.0375009376
8.235892499e-07
0.03750057882
5.797031157e-07
0.03750032199
3.67013656e-07
0.0375000977
2.894751942e-07
2.461325484e-07
0.03750061701
-1.889749597e-06
0.0375024676
-5.65557167e-06
0.03750577703
-9.887971696e-06
0.03751092814
-1.488179676e-05
0.03751840904
-2.073864607e-05
0.03752870716
-2.724982268e-05
0.0375421028
-3.374767961e-05
0.03755831124
-3.888870609e-05
0.03757605495
-4.076883059e-05
0.03759281982
-3.716304591e-05
0.03760520835
-2.663572848e-05
0.03761015185
-9.805041435e-06
0.03760694038
7.48097883e-06
0.03759643446
2.344493974e-05
0.03758099075
3.460836418e-05
0.03756374705
3.938207767e-05
0.03754781771
3.791499667e-05
0.03753508593
3.230642484e-05
0.03752553473
2.576573315e-05
0.03751842403
1.998203897e-05
0.03751321678
1.515644829e-05
0.03750956667
1.107403849e-05
0.03750704716
7.961918164e-06
0.03750531716
5.624377996e-06
0.03750410971
4.014480712e-06
0.03750328258
2.787057642e-06
0.03750270617
1.981987899e-06
0.03750231123
1.347489416e-06
0.03750202714
9.910433664e-07
0.0375018228
6.873800443e-07
0.03750167285
5.509278538e-07
4.066081626e-07
0.03750051222
-2.327142258e-06
0.03750205266
-6.964259125e-06
0.0375049006
-1.226412289e-05
0.03750954868
-1.866367014e-05
0.03751668727
-2.63799887e-05
0.03752712274
-3.524504357e-05
0.03754154215
-4.445200544e-05
0.03755999617
-5.217526432e-05
0.03758115021
-5.554437685e-05
0.03760182746
-5.119301647e-05
0.03761732702
-3.680446669e-05
0.03762324604
-1.333679034e-05
0.03761888696
1.097179016e-05
0.03760548953
3.307871137e-05
0.0375862658
4.82625719e-05
0.03756540441
5.421239038e-05
0.03754714701
5.10290451e-05
0.03753375212
4.2172373e-05
0.03752441061
3.283946249e-05
0.0375177873
2.501326261e-05
0.03751316143
1.862512849e-05
0.03751010109
1.331083578e-05
0.03750810471
9.334603539e-06
0.0375067788
6.426473961e-06
0.03750588643
4.439635811e-06
0.03750528552
2.960886045e-06
0.03750488292
1.983389765e-06
0.03750460757
1.240461312e-06
0.03750441661
8.138821992e-07
0.03750427996
4.725307465e-07
0.03750414209
3.522974096e-07
2.941263419e-07
0.03750036271
-2.582687247e-06
0.03750146087
-7.728214701e-06
0.03750362963
-1.373406346e-05
0.03750748473
-2.119323761e-05
0.03751397676
-3.049807119e-05
0.03752436337
-4.162166396e-05
0.03753998323
-5.374826746e-05
0.03756147326
-6.459933231e-05
0.03758765469
-7.026023756e-05
0.03761416284
-6.564774552e-05
0.03763401354
-4.713486595e-05
0.03764120683
-1.652791148e-05
0.03763516003
1.504055931e-05
0.03761755706
4.34987954e-05
0.03759265886
6.286874446e-05
0.03756656425
6.93922985e-05
0.03754523689
6.358788193e-05
0.03753120863
5.086304097e-05
0.03752228185
3.887381357e-05
0.03751635105
2.932623766e-05
0.03751251248
2.167637972e-05
0.03751023227
1.53959708e-05
0.03750891163
1.079509719e-05
0.03750811143
7.495903454e-06
0.03750761906
5.253229234e-06
0.03750731433
3.608737935e-06
0.03750712853
2.509225309e-06
0.03750700831
1.684366799e-06
0.03750693151
1.190258737e-06
0.03750687403
7.993807921e-07
0.03750687118
5.965466096e-07
3.647238772e-07
0.03750016373
-2.59654271e-06
0.03750068909
-7.783345682e-06
0.03750194153
-1.397617351e-05
0.03750464865
-2.19179256e-05
0.03751005404
-3.22179729e-05
0.03751999671
-4.509969337e-05
0.03753677446
-5.993487279e-05
0.03756201216
-7.414831488e-05
0.03759498135
-8.283227517e-05
0.03762968908
-7.874044333e-05
0.03765543791
-5.615880296e-05
0.03766416496
-1.87344759e-05
0.03765569041
1.930833596e-05
0.03763250063
5.311428386e-05
0.03759966012
7.701248974e-05
0.03756651953
8.267046262e-05
0.03754158663
7.279642803e-05
0.03752745734
5.536822333e-05
0.03751953609
4.098180393e-05
0.03751477125
3.008749704e-05
0.03751207362
2.158402867e-05
0.03751083437
1.476342427e-05
0.03751032857
9.924712722e-06
0.03751014119
6.532790926e-06
0.03751009304
4.266155428e-06
0.03751012195
2.629679924e-06
0.03751017165
1.563323639e-06
0.03751023343
7.679374418e-07
0.03751028215
3.237254763e-07
0.03751032984
-2.165050803e-08
0.03751031887
-1.373473943e-07
-1.178548428e-07
0.03749993551
-2.333681372e-06
0.03749977557
-6.988233389e-06
0.03749989741
-1.269508048e-05
0.03750109049
-2.026314058e-05
0.03750487367
-3.049624545e-05
0.0375137575
-4.393535743e-05
0.03753134091
-6.036587213e-05
0.0375607671
-7.72468229e-05
0.03760238599
-8.909871513e-05
0.03764792582
-8.643863453e-05
0.03768126951
-6.101841692e-05
0.03769178777
-1.903531194e-05
0.03768028495
2.227270951e-05
0.03764937922
5.956309415e-05
0.03760697358
8.560629402e-05
0.03756447588
9.076751852e-05
0.03753530412
7.695152472e-05
0.03752142964
5.593135375e-05
0.03751488106
4.073538368e-05
0.03751164438
2.945806796e-05
0.03751041642
2.080322616e-05
0.03751045713
1.40367768e-05
0.03751092477
9.401400004e-06
0.037511422
6.209614805e-06
0.03751186679
4.101516206e-06
0.03751221729
2.620307888e-06
0.03751250908
1.617654533e-06
0.0375127083
9.032195137e-07
0.03751287743
4.667038024e-07
0.03751298047
1.397952806e-07
0.0375131809
-1.151392901e-07
-3.830466653e-07
0.0374996877
-1.770671988e-06
0.03749882018
-5.312015631e-06
0.03749771454
-9.752563597e-06
0.03749714016
-1.583071102e-05
0.03749880323
-2.43969876e-05
0.03750587273
-3.622812369e-05
0.0375235593
-5.167095299e-05
0.03755715558
-6.879763168e-05
0.03760908785
-8.251901629e-05
0.03766766017
-8.185224233e-05
0.03770961687
-5.694834571e-05
0.03772188991
-1.578420918e-05
0.03770686639
2.177789924e-05
0.0376670594
5.713492778e-05
0.03761311945
8.094827274e-05
0.03755981153
8.515170779e-05
0.0375274125
6.829868473e-05
0.03751526214
4.590514818e-05
0.03751054202
3.267980852e-05
0.03750904359
2.244646027e-05
0.03750939847
1.49121566e-05
0.03751074496
9.162189989e-06
0.0375121646
5.297127378e-06
0.03751337324
2.679084668e-06
0.03751435332
9.815990004e-07
0.03751511075
-1.647030222e-07
0.03751565652
-9.048054354e-07
0.0375160362
-1.407055434e-06
0.03751632735
-1.725581902e-06
0.03751653197
-1.905984265e-06
0.03751660323
-1.964047172e-06
-1.729886864e-06
0.03749947927
-9.552173157e-07
0.03749799831
-2.872319548e-06
0.03749579033
-5.316104356e-06
0.03749351958
-8.742291848e-06
0.03749291343
-1.373528829e-05
0.03749755955
-2.093149077e-05
0.03751422838
-3.096328109e-05
0.03755091476
-4.314435183e-05
0.03761381799
-5.46676692e-05
0.03768718798
-5.665901219e-05
0.03773845105
-4.048990806e-05
0.03775243509
-1.091909603e-05
0.03773363681
1.217158166e-05
0.03768478073
3.621615978e-05
0.03761756144
5.3290576e-05
0.03755114543
5.725504302e-05
0.03751520569
4.486963844e-05
0.03750610522
2.773261677e-05
0.03750426345
1.97625671e-05
0.03750498537
1.251192174e-05
0.03750711412
7.754885417e-06
0.03750970608
4.288876732e-06
0.0375119209
2.033140348e-06
0.03751361346
5.984535736e-07
0.03751487126
-2.328545373e-07
0.03751579776
-7.627783864e-07
0.03751647344
-1.086229563e-06
0.03751695812
-1.270366161e-06
0.03751734271
-1.404194808e-06
0.03751760981
-1.464357462e-06
0.03751802271
-1.615033399e-06
-1.864739991e-06
0.0374993596
5.621765533e-09
0.03749751804
1.651571715e-08
0.03749464046
2.571857892e-08
0.03749128835
3.134739481e-08
0.03748909173
2.763023526e-08
0.03749177112
8.364281053e-09
0.03750677661
-5.190038197e-08
0.03754376326
-1.59330509e-07
0.03761369238
-3.731606211e-07
0.03769761675
-5.646111312e-07
0.03775743046
-5.933607768e-07
0.03777518465
-5.75078237e-07
0.03775366261
-5.745976087e-07
0.03769911008
-6.219288932e-07
0.03762351088
-8.125266515e-07
0.03754667778
-1.149577239e-06
0.03750655811
-1.854353427e-06
0.03749885613
-2.894889063e-06
0.03749970444
-3.624413133e-06
0.03750238227
-4.237394384e-06
0.037505977
-4.847257746e-06
0.03750985367
-5.330663095e-06
0.03751300377
-5.728678168e-06
0.03751529744
-6.080597555e-06
0.0375169476
-6.275511815e-06
0.03751811609
-6.358272967e-06
0.03751893483
-6.422581581e-06
0.03751949572
-6.431628694e-06
0.03751988774
-6.44250555e-06
0.03752015662
-6.416343861e-06
0.03752017349
-6.286205608e-06
-5.924064305e-06
0.03749935927
9.664766109e-07
0.0374975166
2.905489547e-06
0.03749463629
5.368634909e-06
0.0374912779
8.808404488e-06
0.03748906868
1.38025902e-05
0.03749172117
2.097759146e-05
0.03750668644
3.095251519e-05
0.03754358009
4.304119491e-05
0.03761349806
5.446652341e-05
0.03769749333
5.640119861e-05
0.03775733648
4.020321829e-05
0.03777511946
1.055711515e-05
0.037753589
-1.263507834e-05
0.03769896211
-3.679430583e-05
0.03762317298
-5.407067551e-05
0.03754617154
-5.831706903e-05
0.03750566542
-4.618388508e-05
0.03749762273
-2.935083076e-05
0.03749854614
-2.115290015e-05
0.03750094078
-1.334964146e-05
0.03750439198
-7.697043698e-06
0.03750816556
-3.484592244e-06
0.03751121691
-7.212884035e-07
0.03751345817
1.233229902e-06
0.03751509905
2.434641731e-06
0.03751627983
3.271957877e-06
0.03751713007
3.780637638e-06
0.03751773966
4.176715248e-06
0.03751818754
4.377947634e-06
0.03751856753
4.493298178e-06
0.03751907913
4.429038663e-06
4.132394346e-06
0.03749947842
1.781909734e-06
0.03749799457
5.345358786e-06
0.0374957797
9.807106556e-06
0.0374934937
1.590450961e-05
0.03749285825
2.448750576e-05
0.03749745029
3.633188004e-05
0.03751405299
5.179153872e-05
0.03755066648
6.89383128e-05
0.03761366393
8.270913793e-05
0.03768718219
8.203391839e-05
0.03773842363
5.707157011e-05
0.03775238057
1.593245321e-05
0.03773351196
-2.162907436e-05
0.0376844977
-5.695313285e-05
0.03761709743
-8.078633205e-05
0.03755052566
-8.488916056e-05
0.03751448246
-6.792601433e-05
0.03750576118
-4.537714237e-05
0.03750439005
-3.219736555e-05
0.0375054936
-2.203570538e-05
0.03750800323
-1.478702881e-05
0.03751087732
-9.359033448e-06
0.03751328813
-5.922855019e-06
0.03751507992
-3.610709393e-06
0.03751642745
-2.175993391e-06
0.03751738667
-1.17760307e-06
0.03751807358
-5.760707276e-07
0.03751859049
-1.386214614e-07
0.03751893191
1.512121788e-07
0.0375191285
3.190283169e-07
0.03751903117
5.305870725e-07
8.636865218e-07
0.03749968661
2.344687913e-06
0.03749881557
7.021012121e-06
0.03749770176
1.275025778e-05
0.03749711037
2.034198251e-05
0.03749874321
3.060252057e-05
0.03750576371
4.407597958e-05
0.03752339799
6.055795712e-05
0.03755694887
7.75074645e-05
0.03760893626
8.945813765e-05
0.03766756166
8.687970303e-05
0.03770948898
6.148075253e-05
0.03772175944
1.956216284e-05
0.03770668774
-2.170555879e-05
0.03766675442
-5.89109519e-05
0.03761268995
-8.498572348e-05
0.03755929148
-8.990279415e-05
0.03752680738
-7.587418022e-05
0.03751487079
-5.457860081e-05
0.03751030709
-3.926390107e-05
0.03750875886
-2.790576536e-05
0.03750896401
-1.915604632e-05
0.03751013643
-1.217651251e-05
0.03751139714
-7.364020417e-06
0.0375124575
-3.954521901e-06
0.03751329659
-1.688854624e-06
0.03751397484
-4.720750383e-08
0.0375144758
1.022430465e-06
0.03751484984
1.768437967e-06
0.03751514946
2.24828549e-06
0.0375153861
2.552740475e-06
0.03751576456
2.652074263e-06
2.445784435e-06
0.03749993461
2.606839444e-06
0.03749977147
7.814327807e-06
0.03749988621
1.402912496e-05
0.03750106516
2.199572846e-05
0.03750482442
3.232672228e-05
0.03751367209
4.524964435e-05
0.03753121742
6.014494666e-05
0.03756061298
7.443897403e-05
0.03760225644
8.322823296e-05
0.03764784609
7.923407113e-05
0.03768119923
5.669234741e-05
0.03769171822
1.933011087e-05
0.03768017764
-1.865887228e-05
0.0376491866
-5.235784724e-05
0.03760667092
-7.626251266e-05
0.03756409381
-8.16638096e-05
0.03753483215
-7.156382385e-05
0.03752107682
-5.383885764e-05
0.03751469314
-3.925245306e-05
0.03751157241
-2.828636927e-05
0.03751045566
-1.976509388e-05
0.03751064133
-1.296401647e-05
0.03751125049
-8.176010178e-06
0.03751187992
-4.871648696e-06
0.03751241672
-2.689532963e-06
0.03751287516
-1.131529252e-06
0.03751322142
-9.750505747e-08
0.03751347735
6.160756107e-07
0.03751365768
1.073906896e-06
0.03751380281
1.343596977e-06
0.03751376331
1.579292293e-06
1.878712495e-06
0.03750016302
2.591924278e-06
0.03750068621
7.755899221e-06
0.03750193371
1.378180582e-05
0.03750463105
2.126423138e-05
0.03751002017
3.059837361e-05
0.03751993934
4.176103611e-05
0.0375366929
5.394232863e-05
0.03756191386
6.486515541e-05
0.03759489654
7.061388866e-05
0.03762963665
6.608740687e-05
0.03765539027
4.762558095e-05
0.03766410897
1.707903517e-05
0.03765560262
-1.442573475e-05
0.03763237471
-4.280707142e-05
0.03759942256
-6.209481784e-05
0.03756623412
-6.845512482e-05
0.03754125449
-6.246732296e-05
0.0375272089
-4.951067738e-05
0.03751943156
-3.735851816e-05
0.03751473405
-2.776383355e-05
0.03751204219
-2.010821301e-05
0.03751077002
-1.380919337e-05
0.0375102074
-9.168505197e-06
0.03750993501
-5.825363433e-06
0.03750980034
-3.5431761e-06
0.03750974716
-1.849986274e-06
0.03750974606
-7.115909769e-07
0.03750973469
1.276622627e-07
0.03750975143
6.402790161e-07
0.03750973743
1.025663933e-06
0.03750986646
1.152128796e-06
1.166307205e-06
0.0375003624
2.33488575e-06
0.03750145941
6.987531554e-06
0.03750362545
1.230434826e-05
0.03750747493
1.87236651e-05
0.03751395751
2.646472006e-05
0.03752433081
3.536219803e-05
0.03753993732
4.461281966e-05
0.03756141928
5.239202843e-05
0.03758760776
5.582752175e-05
0.03761413434
5.154382294e-05
0.03763399067
3.720389124e-05
0.03764118025
1.378442198e-05
0.03763511737
-1.047064627e-05
0.03761748122
-3.251661684e-05
0.03759252901
-4.762656695e-05
0.03756639721
-5.34663227e-05
0.03754503688
-5.014286024e-05
0.03753105153
-4.112810477e-05
0.0375221953
-3.16568207e-05
0.03751629955
-2.378515016e-05
0.0375124611
-1.737198272e-05
0.03751019315
-1.20399169e-05
0.03750889766
-8.041069453e-06
0.03750813337
-5.138532125e-06
0.03750767292
-3.159414476e-06
0.03750741349
-1.703692645e-06
0.03750727062
-7.250858103e-07
0.03750719326
-1.063710125e-08
0.03750715531
4.115248077e-07
0.03750713443
7.272182945e-07
0.03750705422
8.78041708e-07
1.073124455e-06
0.03750051221
1.895738178e-06
0.03750205247
5.673594984e-06
0.03750489958
9.919121276e-06
0.03750954538
1.492820984e-05
0.03751667967
2.080391413e-05
0.03752710896
2.733931726e-05
0.0375415224
3.386881521e-05
0.03755997377
3.90495422e-05
0.03758113289
4.097596492e-05
0.03760182215
3.741808899e-05
0.03761732778
2.692895171e-05
0.03762324395
1.013416552e-05
0.03761887323
-7.110850113e-06
0.03760545273
-2.302961993e-05
0.03758619442
-3.41383904e-05
0.03756530197
-3.88357525e-05
0.03754702407
-3.727398549e-05
0.03753363986
-3.155705391e-05
0.03752434517
-2.492311236e-05
0.03751774853
-1.910344833e-05
0.0375131328
-1.426090946e-05
0.03751007951
-1.017408245e-05
0.03750808029
-7.04151565e-06
0.03750674137
-4.703755068e-06
0.03750582105
-3.079039263e-06
0.03750519107
-1.854728365e-06
0.03750475497
-1.021033223e-06
0.03750444926
-3.965973147e-07
0.03750422206
-1.722200371e-08
0.03750405142
2.732305186e-07
0.03750392849
4.071290865e-07
4.754453689e-07
0.03750061722
1.329118217e-06
0.03750246838
3.977981623e-06
0.03750577839
6.918947264e-06
0.03751092958
1.033014661e-05
0.0375184097
1.425062243e-05
0.03752870624
1.85054472e-05
0.03754210065
2.263256137e-05
0.03755830993
2.575692888e-05
0.03757605881
2.675320592e-05
0.03759283238
2.427372255e-05
0.03760522547
1.74410766e-05
0.03761016653
6.493482095e-06
0.03760694755
-4.381031117e-06
0.03759642663
-1.464341711e-05
0.03758095968
-2.188087912e-05
0.03756369498
-2.512203978e-05
0.03754774858
-2.449291002e-05
0.03753502111
-2.115990467e-05
0.03752549362
-1.696881948e-05
0.03751839565
-1.310675923e-05
0.03751319075
-9.834844962e-06
0.03750953337
-7.039165385e-06
0.0375070116
-4.884013448e-06
0.0375052696
-3.242496992e-06
0.03750406291
-2.112776353e-06
0.03750322928
-1.241672709e-06
0.03750266656
-6.763029795e-07
0.03750227503
-2.321049175e-07
0.03750200802
1.167488087e-08
0.03750181222
2.145035207e-07
0.03750164967
3.048295393e-07
3.746887828e-07
0.03750068245
6.833419037e-07
0.03750272713
2.04527897e-06
0.03750631791
3.546416638e-06
0.03751175744
5.269344795e-06
0.03751939782
7.225255476e-06
0.03752952869
9.314630169e-06
0.0375421955
1.13098265e-05
0.03755695542
1.276369424e-05
0.03757255459
1.324272688e-05
0.03758707087
1.188415522e-05
0.03759751136
8.694629647e-06
0.0376016215
3.147610941e-06
0.03759914288
-2.150978473e-06
0.03759041261
-7.147992472e-06
0.03757728643
-1.065914633e-05
0.03756230567
-1.22958711e-05
0.03754792119
-1.211233465e-05
0.03753576122
-1.059948134e-05
0.03752619125
-8.598777567e-06
0.03751884917
-6.703166185e-06
0.03751332209
-5.075841561e-06
0.03750932486
-3.684046533e-06
0.03750647625
-2.601712109e-06
0.03750447587
-1.769532512e-06
0.03750305098
-1.194640317e-06
0.03750205891
-7.422551625e-07
0.03750134703
-4.461074115e-07
0.03750085556
-2.116182147e-07
0.03750048326
-7.956493665e-08
0.03750021374
3.053770918e-08
0.03749998091
9.040917634e-08
1.19437837e-07
0.03750071341
0.03750285008
0.03750657206
0.0375121402
0.03751984024
0.03752986409
0.03754216592
0.03755620524
0.03757093666
0.03758430003
0.03759422336
0.0375977587
0.03759542148
0.03758739804
0.03757537052
0.03756150164
0.0375478844
0.03753603114
0.037526457
0.03751899029
0.03751330074
0.03750911787
0.03750609396
0.03750394963
0.03750240754
0.0375013369
0.03750056968
0.03750003982
0.03749964232
0.03749935414
0.03749912336
-1.598492257e-05
-1.383318466e-05
1.208104427e-06
0.009478543978
-5.943587535e-05
-0.009513422588
-3.011155486e-05
0.009456299658
3.284446999e-06
0.009640294602
-5.644641784e-06
-0.009705987055
2.212522359e-05
4.579206094e-06
2.472650745e-05
-1.705166692e-05
5.09757126e-06
0.009608749374
5.024257648e-06
5.47582411e-06
1.458352028e-05
2.84813769e-05
-4.095050701e-05
0.00933073665
1.348966321e-06
2.875239213e-05
-0.009406391444
-2.34114351e-05
1.967776346e-05
-1.579342814e-05
0.009297517227
3.735361613e-06
5.344905628e-06
-2.808396199e-05
3.903887377e-05
-1.182973936e-05
3.08732078e-06
9.160601296e-05
-4.692805596e-05
0.009471769104
4.349006345e-05
7.696656033e-05
1.57092829e-06
0.009500843176
0.009636403258
2.1770742e-05
1.335953508e-05
2.453451158e-05
2.840795356e-05
-6.658130147e-05
3.40975093e-05
1.588161069e-05
0.009706384059
-4.00126563e-06
3.346749084e-05
3.270975181e-05
-9.052988897e-05
0.009317542226
8.441116225e-06
3.985726799e-05
-1.067366094e-05
2.082257294e-05
-1.32114934e-05
1.701186373e-06
1.725054392e-05
0.009390728969
-1.322984728e-05
4.110764952e-05
-8.952208357e-06
2.225611512e-05
-3.544270555e-05
0.009541414332
-4.005398488e-05
-0.009570024969
-3.911362347e-06
0.009526656553
4.564222224e-06
0.009326083421
6.817020624e-06
-0.009402599805
1.340400205e-05
-1.804628836e-05
-1.035452257e-05
-2.289068171e-06
0.009296133679
-1.521988966e-06
3.180389429e-05
-2.315318326e-05
-6.597250854e-06
0.009642140592
-1.566914193e-05
-0.009708522187
1.370326627e-05
1.995640066e-05
3.355913103e-05
-1.840503797e-05
0.009611231383
3.662141052e-06
2.298961271e-05
3.184826111e-06
3.756571336e-05
-4.269351425e-05
2.354233573e-06
7.118425111e-05
0.009540352845
5.873316403e-05
0.0001010008025
0.009567364528
-4.271454627e-05
0.00932716239
-1.789634513e-05
1.513658381e-05
-5.837312868e-06
-8.590271863e-06
-3.285287248e-05
1.09149641e-05
0.009400971657
3.401855216e-05
-8.769878824e-06
-4.234602052e-06
0.009640949417
-1.824200015e-06
3.320580226e-05
1.118007881e-05
3.694213491e-05
-6.838502937e-05
1.43836812e-05
0.009710810362
4.172193398e-05
-6.140614457e-06
4.145403377e-05
-9.313205551e-05
-2.371206223e-05
-1.85067036e-05
5.896555569e-05
1.427959403e-05
0.00969582934
-0.009790409605
-1.627227958e-05
-8.849516034e-06
-1.174528883e-05
9.110113085e-06
4.084849998e-05
4.718812492e-07
4.817383693e-05
1.919844069e-05
0.009635197396
-1.842182658e-05
-7.693548573e-06
3.889808477e-05
-7.720829861e-06
4.793059494e-05
-1.837610939e-05
-1.148627265e-05
-9.730998356e-06
2.352079022e-05
0.009459892882
-0.00947832462
9.987498647e-06
-2.357089805e-05
-1.591106931e-05
-5.239899483e-06
3.212599782e-05
0.009447528867
1.687976517e-05
-2.11235716e-06
-1.965917289e-05
-3.137290272e-06
-1.027431063e-05
1.216068134e-05
-8.139126508e-06
-0.002123087105
-7.997890452e-05
4.264590201e-05
0.002168559237
0.002286652699
1.287416603e-05
-7.877420612e-05
4.755040968e-05
-0.002268303065
-1.09642591e-05
-8.15673273e-05
5.595241601e-05
-2.617863352e-05
0.009689669303
-1.651030249e-05
-1.875625204e-05
-2.108454919e-05
-3.684127806e-05
1.162200815e-05
-3.096378075e-05
1.263543536e-05
3.609115885e-05
-1.510812817e-05
0.009783093053
-5.37113426e-05
1.274951179e-05
-3.843478115e-05
1.453800106e-05
-1.863504737e-05
-2.338778176e-05
-1.883977669e-05
3.64413322e-05
0.009459102595
-1.285482531e-05
-3.61870078e-05
-1.94187957e-05
-3.50200176e-05
1.521215743e-05
1.297499079e-05
0.009478448388
-2.539271523e-05
-3.385491856e-05
-7.310372851e-06
-4.103724049e-05
-6.29286541e-06
-2.68069026e-05
-2.844379026e-05
7.984340029e-05
0.002262059987
-6.4865467e-06
0.00211882836
-2.877254183e-05
8.673318654e-05
-0.002170302456
0.0001185776806
0.0001165848145
-0.002355846398
-0.0001012817313
-0.000141066165
0.0003169534168
-0.002446139315
3.607104881e-05
0.002456072229
-0.0003633789968
0.002370514767
-7.142044147e-06
5.500594466e-05
1.799828226e-05
-0.002420191553
-1.618542505e-05
0.0001988766047
-0.002442568352
-9.43081191e-05
0.002339818607
0.002306569248
-3.621966751e-05
0.0003115904744
-1.029916147e-05
-0.002571640896
5.179416003e-06
3.032240504e-05
-0.002471108697
-3.088265032e-05
2.539937824e-06
4.772675677e-05
1.908705513e-05
0.002335203932
-2.331724927e-05
0.002285025059
-9.57515007e-06
6.511443871e-06
1.004939948e-05
-0.002306151879
1.414112813e-05
0.001314190817
0.0008320259699
-0.002435741225
-3.065344869e-05
1.895226392e-05
8.339611736e-06
0.002288065996
2.673185937e-05
0.002271100137
-7.49154579e-06
6.002086566e-06
-0.002287550984
2.328521328e-05
-0.002443868447
-4.291393255e-05
2.20948884e-05
4.769415853e-06
0.002278154446
2.905248464e-05
0.002279336472
-9.52444835e-06
5.050707918e-06
-0.002284227953
2.661576468e-05
-0.0001876570764
-0.0001121711877
-0.002472409536
7.190872008e-05
0.0003370690132
-5.306989646e-05
4.277672041e-06
0.002299344504
3.860675015e-05
0.002367687681
-9.585897645e-06
-9.07919716e-05
-8.125268141e-06
-0.002338183186
7.899864254e-05
0.001827741084
0.0001644125519
-0.001102868501
-0.0008892851405
-0.0001684334166
-8.13541241e-05
-0.002398814979
6.920167207e-05
0.0001922837892
-0.0001065286596
-7.640373601e-06
0.002412654481
7.815374627e-05
-5.893980592e-06
-0.0003858157831
0.002426715919
-3.788579537e-05
-0.0024452827
0.0004481623213
-0.0001815110499
-0.0001045647532
0.002161527847
-1.035475052e-05
-7.601088961e-05
0.002359422167
1.759166141e-05
-0.002290648211
6.451256779e-05
-0.002416048171
5.408656929e-06
-2.799319633e-05
0.0001801544914
-0.002391236819
-0.0001155894282
0.002403003798
-0.0001777501192
0.002363788786
0.000120664089
0.0001084721247
-9.332222019e-05
-0.002354206549
-0.0001453962262
5.312043409e-06
-0.002443557422
0.0001753376619
-8.16941639e-05
0.002344601882
0.001865890521
3.704471679e-05
0.0002760058287
1.803298782e-05
-0.002196974051
1.344785934e-05
-0.002298103576
-6.879307313e-06
6.31017205e-06
0.0001932514525
-0.0001261870184
0.002474575859
-0.0003155028981
0.002468482355
8.776163311e-06
2.308834031e-05
-2.357638569e-05
-0.002475583589
-1.186892605e-06
-0.0001598900516
0.00122057473
0.0008052058425
-0.00227623279
-9.215720636e-06
1.490826595e-05
-1.387759527e-05
0.00244769165
4.875592178e-06
0.002438930391
1.198742719e-05
-2.372413189e-05
-0.00244025524
1.672370807e-05
-0.002287550131
-1.188214672e-05
1.878434538e-05
-2.527192507e-05
0.002442493657
1.103472836e-05
0.002471342969
7.333554415e-06
-3.539312483e-05
-0.00244921727
2.031754738e-05
-8.439106323e-05
-0.002336316771
-2.391489029e-05
6.965603558e-05
-8.36919282e-06
-2.858561514e-05
0.002479157219
2.899940014e-05
0.002369293598
-0.0001884956299
-0.0001216711613
7.786372446e-05
-0.002478773838
0.000341783313
0.00228801712
-0.0001640463538
-0.001207864564
-0.0009161062027
-0.0003822227777
-0.002445369664
-4.744090279e-05
0.0004408220034
-0.0001285264343
4.746311226e-05
0.002355577382
0.0001883003698
-0.0001707745948
0.002394042349
-8.792119232e-05
7.472604565e-05
-0.002403721852
0.000193649242
4.806645473e-05
-0.0002208808322
-8.525497286e-05
0.00254608647
8.65323499e-06
0.00237517489
-9.688534257e-05
1.222940226e-05
-0.00229917219
6.234280136e-06
-1.200591262e-05
-1.157479099e-07
1.777867707e-06
-1.185446486e-05
3.717154914e-05
4.641544805e-05
-1.115863e-05
1.354768742e-05
0.009590401779
-1.408332206e-05
-0.009653243623
5.971744293e-05
-2.438753315e-05
0.009560428407
5.322961154e-05
7.365566321e-06
-0.002128700423
-7.833759402e-05
0.002174450481
2.356941148e-05
0.002334164305
-1.202958169e-05
-7.567258176e-05
-0.00227591568
2.945353946e-05
0.009461580816
-1.439108994e-05
-0.009478819686
1.465300467e-05
-1.213317503e-05
-1.171785884e-05
5.636166629e-06
2.110849942e-05
0.009455139803
-1.676730114e-05
2.564211533e-06
-7.88808176e-06
1.78427864e-06
1.68267865e-06
6.776952612e-07
-5.832599304e-06
-1.116022544e-05
-1.16059629e-05
-7.119243515e-06
-5.587673469e-05
7.585750703e-06
9.510738271e-06
-4.063700887e-05
2.818762718e-05
0.009590023248
-6.963086801e-05
5.633504379e-05
-8.479287351e-05
0.009652268574
4.999356053e-05
-3.327862913e-05
-2.510941819e-05
0.002269700681
6.202854225e-05
7.051190893e-06
0.002125318588
-2.474960157e-05
-0.002176880431
6.926024551e-05
0.009460944147
-9.38237311e-06
-7.522613791e-06
-2.487076413e-05
-1.456326675e-05
-2.260110814e-05
3.504908532e-06
-1.346394075e-05
0.009479564495
-1.983142339e-05
-2.165494762e-05
-1.42179103e-06
-2.874663851e-05
-1.829449064e-05
2.396899077e-05
2.808177379e-06
-7.990886315e-06
1.683132904e-06
2.022374627e-06
8.299507282e-07
-0.002129249354
2.353893071e-05
0.002174977107
-7.740580749e-05
0.002334651461
2.954220041e-05
-0.002276444538
-7.487495696e-05
0.009590210167
-1.700312529e-05
-0.009653085886
3.405280877e-05
-7.337606479e-06
0.009560211164
8.200043497e-06
5.310556236e-05
0.009699838069
-1.520648557e-05
-0.009795918166
4.990777376e-06
4.331840271e-05
-4.193598613e-06
4.826431819e-05
3.581953001e-06
-1.056832276e-05
1.304283075e-07
8.759506893e-06
0.009641762644
-1.314348637e-05
-1.117929903e-05
3.727636082e-05
-1.045477133e-05
4.654227144e-05
-3.348118653e-07
-1.31277606e-05
1.562138717e-06
1.359717591e-05
8.404642636e-05
-1.956410005e-05
-2.188577537e-05
-2.89394859e-05
-1.177829441e-06
-1.808420977e-05
6.194430849e-05
0.002270173515
-2.427326798e-05
0.002125722545
6.94107201e-05
-0.002177337621
-2.428219208e-05
0.009589759997
-1.025294152e-05
-6.302009216e-06
4.519510621e-06
0.009651950941
-3.225627158e-05
4.959223442e-05
0.009694916069
-9.966519393e-06
-3.809096589e-05
9.098052037e-06
-3.287852501e-05
9.100694561e-06
-7.11452473e-06
-1.05900859e-05
-9.514168759e-06
2.654967107e-05
-8.63436897e-06
0.009789141129
-5.500499279e-05
7.861446723e-06
-3.969377981e-05
9.638318457e-06
-1.177459495e-05
-1.244037279e-05
-7.295445634e-06
2.763823564e-05
0.0002747436963
-0.002198952658
2.070616757e-05
0.0001022879604
-0.002390990136
-0.0001801477308
0.00240281088
-0.0001160591938
0.002363750851
0.0001093579954
0.0001212849887
-0.0001460524952
-0.002354113194
-9.422814457e-05
-1.690590398e-06
-0.002440800644
0.0003431459022
-0.000395654939
3.809732438e-05
0.002456902943
0.002377438949
5.105855358e-06
6.544006761e-05
-2.984689917e-05
8.314265181e-06
-0.002426452255
0.0001386639892
-0.0003165325227
0.002474686462
-0.0001270566759
0.002468703242
2.418071291e-05
9.651165477e-06
-2.239695481e-06
-0.002475789814
-2.450561668e-05
6.185586404e-06
5.5110778e-05
-3.422351318e-05
7.944623632e-06
0.00234242147
0.002287771108
7.665680416e-06
1.247529676e-05
5.812799604e-06
-3.392430294e-06
-0.002310332461
3.83840659e-06
0.002447929073
-1.477467939e-05
0.002439226094
-2.877410497e-06
1.58533593e-05
-0.002440527597
-2.481793596e-05
7.382128344e-06
-2.252820236e-05
1.856327279e-05
-4.879699966e-06
0.002289233602
0.002272917298
5.50676913e-06
5.067315826e-07
1.42478876e-05
-5.239837143e-06
-0.002287938845
1.019745241e-05
0.002442800973
-2.645236853e-05
0.002471509264
-1.376878152e-05
1.97136125e-05
-0.002449462235
-3.66262349e-05
-7.877413223e-07
-3.442529725e-05
2.113959938e-05
-4.477620217e-06
0.002291468356
0.00229258851
7.779994903e-06
-1.214142423e-05
1.804801152e-05
-7.798299836e-06
-0.002298476792
-0.001208159053
-0.0009156537394
1.449473505e-06
2.823216505e-05
0.00247931468
-2.989331324e-05
0.002369386227
-0.0001203890736
-0.0001882323366
0.0003417085533
-0.002479006356
7.653298178e-05
8.209889193e-06
-4.753084144e-05
2.997219203e-05
-9.000680105e-06
0.002310937953
0.002375481272
7.924790416e-06
-8.61390821e-05
6.92935133e-05
-2.030917673e-05
-0.002346251317
-9.680012582e-05
-0.00229920252
1.077643888e-05
-9.216438579e-05
0.0001881252609
0.002355552805
4.603169097e-05
-8.618800537e-05
0.002393709056
-0.000171164001
0.0001942095657
-0.002403378656
7.281203391e-05
7.294925041e-06
-0.0001001473184
6.781588308e-05
-1.911303003e-05
0.002419630821
4.795623877e-06
0.002434801605
-0.000383633503
0.0004410137584
-4.370729208e-05
-0.00245327018
-0.002443405286
0.002342091119
-8.844262913e-05
0.002308967502
0.0003086210121
-0.002573826622
-6.717175522e-06
-0.002446303488
-0.0003716642569
0.00245972474
3.6856224e-05
0.002376131986
5.480871642e-05
-1.981220725e-05
-0.002425539186
1.951652919e-05
-0.002392423714
0.0001122947105
0.0001807054528
-0.0001777044809
-0.0001274507545
0.002404578787
0.002363198284
0.0001175486815
0.0001180709569
-0.0001403378524
-0.0001024651208
-0.002356014949
0.0008361355322
-2.59605551e-05
0.002341247541
2.059712705e-05
0.002291367353
5.101176055e-06
1.191563503e-05
-0.002312643698
1.192521011e-05
0.0001480518787
0.0001940984539
-0.0003166885736
-0.0001334098617
0.002471146388
0.002464430273
3.128440963e-05
4.971441705e-06
2.19340688e-06
-3.134241385e-05
-0.002471537127
2.43263223e-05
0.002294164373
1.033500048e-05
0.002277105047
-6.850558237e-06
2.092506798e-05
-0.002293773845
8.101060893e-06
2.223100152e-05
1.22874817e-05
7.62937755e-06
-2.165360119e-05
0.002443936012
0.002434554681
1.965296929e-05
-5.126297388e-06
1.861458908e-05
-3.141706789e-05
-0.002436278875
2.692597825e-05
0.002283987588
6.952606766e-06
0.002285013451
-1.901582042e-05
2.444146356e-05
-0.002290091744
7.432643831e-06
1.70754619e-05
-3.325306906e-07
1.295014588e-05
-3.307631718e-05
0.00243793792
0.002465939237
1.635912008e-05
-1.609635919e-05
2.213733424e-05
-4.397580686e-05
-0.002444363529
0.001829201732
-0.001104657007
-0.0008885910859
3.618378991e-05
0.002304832198
6.612052593e-06
0.002372801731
-9.229879176e-05
7.688190159e-05
-0.002343377292
-6.082763048e-06
9.020666926e-06
-1.171185223e-05
3.169578835e-05
-3.701448654e-05
0.002473949118
0.002363498706
-0.000110871691
-0.0001881412435
0.0003378048343
7.051733119e-05
-0.00247280794
0.002163186739
-0.0001029707304
0.002361736578
-7.73505467e-05
-0.00229260551
1.68726982e-05
7.575715263e-05
0.002417366398
-5.639401798e-06
0.002430200552
-0.0003869250425
0.0004463203944
-0.002449493756
-3.530653369e-05
-8.596549057e-05
-0.0001286351676
0.000186864234
4.07689834e-05
0.002350466152
0.002387516787
-7.96007222e-05
-0.000169940636
0.0001942487494
6.670751304e-05
-0.002398931697
-0.002269472146
4.583596553e-05
-7.620600268e-05
0.009460049436
4.098338289e-06
-0.009478442289
1.053830433e-05
-2.212798976e-05
-3.966404775e-06
-1.536857125e-05
1.599738936e-05
0.009447660615
-1.577388242e-06
-1.821951116e-05
-8.815891465e-06
-2.58424565e-06
1.082116665e-05
0.009695337758
3.44435345e-05
-0.009790256414
1.03702033e-05
4.07582959e-05
4.792526006e-05
1.684321783e-06
-7.538338206e-06
-1.731723602e-05
-1.050192164e-05
2.336258858e-05
0.00963526492
-1.034637394e-05
-1.947090316e-05
-8.537730391e-06
-6.454824283e-06
3.851591132e-05
4.761229633e-05
-6.477055173e-06
2.15218974e-05
0.009590568765
-0.009654124097
3.969917011e-05
6.239803549e-05
0.00955949178
1.424353224e-05
5.619342779e-05
-0.002171402205
8.530158146e-05
-2.682597511e-05
0.009459187827
6.440188652e-05
-1.231699121e-05
-3.431492424e-05
-3.362469167e-05
-1.890059345e-05
7.84844955e-05
0.009478618091
-2.484940037e-05
-3.246830929e-05
-3.972681769e-05
-6.778782272e-06
-7.555398065e-06
0.009689918373
2.520006739e-05
-3.552808675e-05
1.12557122e-05
1.232429511e-05
-2.967150126e-05
-1.766152787e-05
-1.762525154e-05
-1.999914455e-05
1.103371918e-05
0.009783449218
-2.231032281e-05
-1.981936179e-05
-1.773393392e-05
-5.238855053e-05
1.26011941e-05
1.426992031e-05
-3.710787072e-05
3.42834806e-05
0.009589956405
-3.737331522e-07
5.951105645e-05
0.00965272075
-2.597965895e-05
5.273352751e-05
4.04397178e-06
3.872231353e-06
2.196604541e-06
2.251395631e-05
3.72393032e-05
-4.23195389e-05
0.009333980313
6.631895776e-05
-0.009409255334
-1.958421589e-05
1.414033144e-05
-1.182611391e-05
3.719192313e-05
0.009304652991
-3.436516867e-06
-2.499147292e-05
3.321697497e-05
-8.102873556e-06
0.009541063115
-3.359602552e-05
-0.009569822794
3.320820287e-05
-2.490434437e-05
0.009526251609
5.441944482e-06
0.00947368797
-2.582442983e-06
-0.009509046967
0.009452754515
-3.326203921e-06
3.448864897e-05
-0.0001008882124
-6.968916428e-06
4.140891051e-05
4.119075186e-05
-9.28163075e-05
0.009336555902
-3.676229735e-05
-7.507132682e-06
1.632114198e-05
-1.026271375e-05
-6.936353218e-05
-1.447508565e-06
0.009410400049
-1.056573724e-05
3.568544405e-05
-5.805586324e-06
0.009539714637
-1.536903571e-05
-1.602204505e-05
-6.11129598e-06
0.009566593346
-4.111076896e-05
0.009470618362
-4.024526494e-06
-1.62290043e-06
0.009499942022
-5.664306878e-06
3.564880893e-05
4.09118114e-05
-3.21424531e-05
-1.572166001e-05
0.009640737765
4.755515737e-05
-0.009706605579
4.306921917e-06
2.241189588e-05
2.450642526e-05
1.185846853e-05
0.009609475287
1.432335548e-05
5.728925917e-06
2.826580729e-05
-3.970468805e-05
0.009477813201
3.027913959e-05
-0.009512653892
2.01737134e-05
0.009455631142
0.009543626899
-0.0095720667
3.246056874e-05
0.009528070512
3.677681873e-06
-3.503284751e-05
-7.191067129e-05
4.30073183e-05
-1.708123763e-05
-1.26937097e-05
0.009637501232
-5.126907482e-05
2.412444915e-05
1.341994418e-05
2.798415242e-05
-9.311525312e-05
0.00970733525
3.302405253e-05
-3.847090148e-06
3.229988455e-05
-8.932482092e-05
0.009471075038
1.004987538e-05
2.114084985e-06
0.009500117235
0.009540326756
-1.849873467e-05
0.009566894099
-4.355588168e-05
-0.0001008861243
-0.0004213770533
0.0001679900728
0.009588061037
-0.0008035516993
-0.009487856304
-0.0005019745082
0.009586936088
3.011973625e-06
0.009667516931
-0.000186049794
-0.009564038914
-0.0001001808766
-0.0002514841425
-0.000150641673
0.0002063344036
-0.0001299869584
0.009631694961
-0.0001029704281
-0.0001228033363
-0.0001175785791
0.0002063618989
0.009797228464
-2.893728275e-06
-0.0003962684491
-0.0001898355904
-0.0002585990698
-0.009622279705
0.009635300935
-1.512365861e-06
-0.0001319326166
-0.0001063667743
-0.0001752162513
-5.277172757e-05
-0.0001874504515
7.719783111e-05
0.00955630272
-0.0003333477338
-0.0001976870052
2.592255208e-06
0.009760113434
-0.0001090196163
-8.698878039e-05
-0.0001716436141
-0.0001046666836
0.0001988988978
-5.088287424e-05
-6.962768129e-05
-1.35784653e-05
-5.799340716e-05
6.393776501e-05
0.009514794507
-3.74345225e-07
-0.0001352356172
-3.14924588e-05
-0.0001070317487
-8.438876374e-07
-4.550101189e-05
-9.63717582e-06
-7.767329592e-05
5.753869799e-05
0.0003854818405
-0.0001455741088
0.009543541684
0.0002193970895
0.0003598236362
0.009574845687
8.62745271e-08
0.009758522577
7.667310971e-05
9.263359554e-05
4.848013543e-05
0.0001168110024
-0.0001706647312
0.0001506846266
0.009639677664
0.0001008000049
0.0002129960234
0.0001595757525
-0.0003073867343
0.009497029519
1.646380764e-07
1.001171615e-05
7.042624896e-05
5.609715241e-05
0.009626429322
9.962062079e-07
9.807597367e-05
9.943040617e-05
9.181390574e-05
0.0001020199836
0.0005995018861
-0.0001784214628
0.009594358901
0.0005207233951
0.0008013639741
2.916036887e-06
0.009505010671
0.009664206452
0.00016726788
0.0001123881138
0.0001795530131
0.000185429575
-0.0003186825721
0.0002517860863
0.009549590622
0.0001030586857
0.0003179950818
0.0002083609745
-0.0003355165334
0.009794254051
2.851451305e-06
9.181245142e-05
0.000176720974
0.0001422530118
7.204308121e-06
0.0003597078661
0.000262138391
0.0002152790722
0.009617258674
0.0001059194762
-0.000504448944
0.009539789836
-0.0005511647605
-0.009453609065
-0.0004115802387
0.009562795496
0.0001676804404
0.009795699076
0.0001961569096
-0.000203865433
-0.0003857481479
-0.0002531987523
-0.009612349037
0.0001346479368
0.009634563893
-0.0001191300009
-0.0001261641702
-0.0001696673333
0.009667261631
-0.009553387565
-0.0002541756737
-9.8513813e-05
-0.0001457800974
0.0002097421576
0.009632505402
-0.0001143878193
-0.0001037749298
-0.0001119679481
0.0002086187155
5.704576219e-05
-0.0002018947019
0.009586074289
-0.0003258437485
-0.0001771046193
7.831849221e-05
0.009512717327
0.0001113196291
-3.91645757e-05
-0.0001286539038
-0.0001018306832
5.048444667e-05
-1.681605517e-05
-4.0147261e-05
-7.269433673e-05
0.0097609998
-0.0001632465149
-8.591999964e-05
-9.705084434e-05
0.0001964502902
-5.817574182e-06
-7.232187395e-05
-5.040667613e-05
6.317971751e-05
-5.225774276e-05
0.0003530776089
0.009584586239
0.0002347745099
0.0003955954787
0.009564703477
-0.0001415113257
0.009504717776
-7.606927507e-05
6.481062867e-05
1.468144143e-05
6.050273588e-05
-0.0001484227148
0.009631086596
9.173496934e-05
0.0001026959065
9.7305771e-05
0.009761754844
5.669079764e-05
9.009816355e-05
0.0001254084334
-0.0001728058445
0.00964231041
0.0002217362425
9.866969032e-05
0.0001675160568
-0.0003098004166
-9.547174726e-05
0.0007952602454
0.009545731454
0.0004881375883
0.0006096868092
0.009469793777
-0.00017440528
0.009799529061
-0.0001639899205
0.0001712856223
9.445117958e-05
0.0001463339998
-0.0002499281692
0.0002565418519
0.0003659929747
0.0002192118301
0.009627952353
0.009670996868
0.0001853734548
0.0001110308961
0.0001901471121
-0.0003196166925
0.009557228478
0.0003246153669
0.0001039041698
0.0002144281783
-0.0003401952858
-0.0003862080827
-0.0001899425941
0.000236465263
0.0002324448705
0.009404734601
-0.009480524724
-8.595412167e-05
-0.0001169184474
-9.536518026e-05
-7.625953756e-05
-4.018209269e-05
-2.916545965e-05
-5.360022373e-05
0.0003607282074
0.009467984682
-9.075494908e-05
-0.0001582502957
-9.906243193e-05
-0.0001523975529
-4.348664111e-05
-4.28198912e-05
-9.524660096e-05
0.0003491450192
0.009346243374
-0.009352133377
-8.22043946e-05
-8.974226867e-05
-9.180121097e-05
-8.499222202e-05
0.0002413752391
0.009395432014
5.990360248e-06
-9.84463119e-05
-0.0001717370676
-0.000147481924
-0.0001058827923
0.0002784265036
3.435302948e-06
-0.002266987323
4.600720475e-05
0.002295454948
0.0001209664708
0.002233670995
1.206015238e-05
0.0001493740661
-0.00231116617
0.0002276514318
-0.0001561137961
-5.948408622e-05
0.000134058961
0.0001149138313
0.009935767372
-8.530168762e-05
-0.0002383217268
-0.0001156818529
-0.0003147521577
-0.0001091103661
-6.395767019e-05
-0.0001652244039
0.0003860241179
-6.333853957e-05
-2.00597101e-05
-6.120166876e-05
5.058064232e-05
1.876720842e-05
-1.122326765e-05
-3.713359657e-05
0.0001431753056
0.009496623569
-0.0001063743136
-0.0002196686194
-0.000188697491
-0.0001455548468
0.000280474927
1.873985165e-05
-2.073083071e-05
-4.92273969e-06
-7.349657718e-05
-8.353625529e-05
0.0001227614126
0.0001351886802
0.0007858384372
0.00225317856
0.0003736561369
-7.689284374e-06
-0.0001200003125
3.447435279e-05
-0.00202987186
0.0003397790435
0.0001595018235
-0.0001241355348
-0.0001979007964
0.009921914001
2.526607081e-05
-1.694659394e-05
2.147299918e-05
3.50331157e-06
-5.459709343e-05
6.560134621e-05
3.657526892e-06
-7.676921467e-05
0.009434896415
5.161066968e-05
0.000208047041
8.527964672e-05
0.0003526556729
0.0001575208274
3.77055392e-05
0.0001497649076
-0.0003279588634
0.009492649288
-3.834412801e-05
-1.780325588e-05
5.668092686e-05
3.231937631e-05
-9.30195546e-05
0.009374421689
3.87351274e-05
8.287985302e-05
0.0001622612787
0.0001547683896
9.079415934e-05
-0.0002517093801
-5.324843566e-06
9.008265385e-06
9.679848366e-05
0.002018346448
0.002085571639
0.0001346950976
-0.0008827836059
-0.002192292761
-0.0002480588735
0.0002767729015
3.328946371e-05
-0.0001155538608
-0.0001947205712
0.009378544549
6.244284137e-05
0.0001253284796
7.097575333e-05
0.0001747811206
5.493766152e-05
2.370894343e-05
9.039575937e-05
-0.0002908656825
0.009470530823
6.106331801e-05
9.189181187e-05
6.671774575e-05
9.895542799e-05
4.682370532e-05
1.096362496e-05
3.225493686e-05
-0.0003052380604
0.009330949533
7.789265323e-05
0.0001309765585
0.0001268851458
6.638008536e-05
-0.000257142334
-5.103785051e-06
0.009368223341
5.946750467e-05
5.100450816e-05
6.482407398e-05
4.438076089e-05
-0.0002185574008
5.962330016e-06
-0.0001485551521
0.002188809202
-0.0001421557985
2.093675937e-06
0.002269479667
-2.989432474e-05
-0.002281183599
-3.650630822e-05
0.001020802692
0.0005713946538
-0.0001148862815
-0.0001816726327
-0.0001497096505
-0.0001086534847
-0.0002862596305
-0.0005159619659
-0.0002465734827
-0.0001642646475
0.002349852128
0.002363703583
0.002214029842
0.0002593763117
-0.002237758286
6.136396448e-05
0.002233125013
-0.000316452858
5.332625629e-06
0.0004042820388
4.634555752e-05
-0.0006149161218
-0.002287183417
0.0001081693805
-0.002297073454
3.542820687e-05
0.00229723465
-0.0001642120397
8.74080549e-05
0.0003804025009
0.0007364938368
-0.001408429384
-0.002238443362
-2.964567647e-05
-0.001704452281
0.001272066981
0.0004620309768
0.0001763163237
2.826447353e-05
-0.002518670056
0.002464640309
-0.0001505510548
-7.876985613e-05
-0.0001267953537
0.002504033303
0.002397758881
-0.0002845792263
-4.971765043e-05
-0.002367636547
0.003199004852
-0.0005370453576
-0.001012496816
-0.002204318262
0.002430899671
-4.026100721e-05
0.00300435935
-1.956722761e-05
0.0001898330591
-0.000848925411
-0.002681202288
-8.89894551e-06
2.704917712e-05
-0.002399766504
0.002400608873
-1.899260673e-05
-2.819980963e-05
3.046949313e-05
0.002447027213
0.002401334271
-3.239037616e-06
-0.002401508789
-1.315500029e-05
0.00288896631
7.986728748e-07
-0.002898087443
7.415479525e-06
0.002399176977
-1.021495522e-05
0.002898853687
3.588600304e-05
-0.002381228026
-2.097884479e-05
1.802063874e-07
1.458061973e-05
-0.002397142419
0.00239745892
-1.5077329e-05
-3.528022876e-05
2.17906063e-05
0.002447753452
0.002394121978
-2.866978009e-06
-0.002387259905
-1.181550219e-05
0.002904760561
-1.646021943e-05
-0.002909673658
1.578720911e-05
0.002397821969
-1.039206048e-05
0.002898251911
2.179532999e-05
-0.002400413968
-1.605564883e-05
-8.257286005e-05
1.786710712e-05
-0.002384807668
0.002456031755
-6.518332943e-06
-1.459883585e-05
0.0001031938838
0.002502772636
0.002412575678
1.030188366e-05
-0.002399371234
-1.093848033e-05
0.002913776755
-1.510471804e-05
-0.002894473512
1.038419495e-05
0.002428208662
4.006322605e-06
0.00300147731
5.483343704e-05
-0.002375652757
-1.395774485e-05
-0.0004935669344
-0.0002988290341
7.342053948e-05
7.281395057e-05
9.099485853e-05
7.506185518e-05
0.0001553343738
8.802751964e-05
0.0001183770696
5.100788152e-05
-0.0004781051411
-6.431827465e-05
0.0006941813887
0.002277355716
1.723598867e-05
-0.0002473644376
0.002243295357
-8.116367851e-05
-0.002236099459
0.0003040962421
-0.0002265810684
-0.0007748067462
0.001161844759
0.002129758617
3.292834964e-05
-8.150435391e-05
0.00229146026
-7.537362734e-05
-0.002319254947
0.0001517443323
-7.662360787e-05
0.001481791617
-0.001035950391
-0.0003692176358
0.0004276492402
6.317818485e-05
-0.0006406232971
-0.002282831484
0.00915702193
0.0005296998673
-0.009166651168
-0.0001391935674
-8.028223617e-05
-0.0001079700664
-0.0001019091734
-0.0001893907421
-6.945650456e-05
-6.579938926e-05
-0.0001124112962
0.000970944322
0.0005282444345
-0.0001136116844
-0.000151485994
-0.0001316875495
-0.0001068627902
-0.000284655794
-0.0004947156466
-0.0002331679534
-0.0001650152703
0.002351816556
0.002366740739
0.002229241739
-0.00164092568
0.001288469318
0.0003228106866
5.043091221e-06
-0.002302481176
0.0001051366364
4.211782426e-05
-0.0001637057437
0.002313889368
-8.013084208e-05
0.0003412992845
0.000776805379
-0.001310316981
-0.002171214265
0.0002956802897
-0.0001105897887
-0.002608769051
0.00247356822
-4.988966984e-05
2.651409144e-05
-0.0002521131703
4.249330235e-06
0.002466628954
0.002453247242
-0.0005086746963
-0.002395831109
0.0001035702488
0.002607463395
-0.0003413347263
1.345750216e-05
-0.002666956673
0.002471591051
5.065181896e-05
1.312959584e-05
0.002231630839
-0.0008912956616
-0.003005452292
0.0004379694794
0.0001517232937
-1.061863121e-05
-0.002412619261
0.00214702429
0.0001244903063
1.532454126e-06
-3.241019709e-05
9.205220781e-06
0.002313663616
0.002346308759
-0.0001384578316
-0.002372969772
4.141897454e-05
0.002048214903
-9.998290605e-06
1.076221449e-05
-0.0020823444
0.002366458312
3.127551146e-05
1.103191439e-05
0.00199415416
-0.002338519135
-0.0002225562478
1.706527499e-05
-1.349774348e-05
-0.002056859837
0.002058278217
-4.985921059e-06
-9.896998706e-06
2.330466288e-05
9.130709155e-06
0.002268835649
0.002326446364
-2.345665807e-05
-0.002332389366
2.420988098e-06
0.001936760539
1.372936318e-05
8.679843846e-06
-0.001940293566
0.002323016248
2.438684938e-07
8.408462934e-06
0.001938158994
-0.00206334368
-3.243451763e-06
2.198760689e-05
-1.491091575e-05
-0.002055414358
0.002057073385
-8.735722133e-06
-1.042430288e-05
2.282267869e-05
7.643773604e-06
0.002275927456
0.002322141742
-2.538963647e-05
-0.002313449362
2.247614883e-06
0.001951928858
1.582944877e-05
-9.033507536e-06
-0.001937499568
0.002324242245
8.725280491e-07
7.558430871e-06
0.00195228219
-0.002057566951
-7.407593057e-06
-3.690593042e-05
-1.144566433e-05
-0.002073275031
0.002139376939
-1.775031698e-05
-1.851885369e-05
5.798180284e-05
1.044325205e-05
0.002315798604
0.002346374181
-1.297733647e-05
-0.002332659546
9.50227131e-07
0.001957877909
1.561892435e-05
8.695796027e-06
-0.001952207157
0.002365060098
-1.360796599e-05
8.814007805e-06
0.00199560004
-0.002060649268
-9.984177661e-06
-8.923126492e-05
-9.024195309e-06
-0.002384983474
0.002463522603
1.971633149e-05
-2.809779736e-05
0.0001390423964
9.205495471e-06
0.00246143771
0.002414287916
4.48099465e-05
-0.002366763269
-2.056086825e-05
0.00210929225
3.165182108e-05
6.503334656e-06
-0.002078460011
0.002463272265
-1.997941148e-05
6.575196156e-06
0.002232735255
-0.00232313627
1.461456189e-05
-0.0002512565447
-0.002241259968
-5.326052119e-05
0.00030806379
0.009105838906
-0.001008299141
0.0001198148597
0.0001304918499
9.422484042e-05
9.941744975e-05
0.0003094562553
0.0005184654901
0.0003049679963
0.0001738197068
-0.002356386265
-0.002367504557
-0.002236817811
-0.0005129896641
0.009158923891
-0.000344962315
0.0001142778383
0.0001045144476
0.0001164769253
0.0001231698933
0.000114941447
0.0001069271626
-7.063149839e-07
0.0001252656009
0.001594560864
-0.0009920611084
-0.0006791233721
-7.24269173e-05
-0.0002544854424
-0.0007511714925
0.001236701947
0.002216556785
-5.103657242e-05
0.002302390693
-9.151155785e-05
-5.926154e-05
0.0002223335461
-0.002322914566
0.0003699754664
-8.323867266e-05
-0.0001443807832
-8.574089832e-05
-0.0001634456795
-4.247862548e-05
-4.155636726e-05
-0.0001070329832
0.0003442692063
0.009392176544
-0.0001108656539
-0.009388708303
0.0002105979675
-0.0001954082384
0.009499139088
0.0002297232781
0.0002286978807
-0.002265277306
4.546417276e-05
0.002287133382
0.0001095872155
0.002102107182
-1.088386137e-05
0.0001645906468
-0.002195412601
0.0002156044638
0.00932207575
8.481071708e-06
-0.009347690087
-7.864496878e-05
-8.370267849e-05
-8.72709937e-05
-7.859251042e-05
0.0002344787609
0.009364209142
-5.377416015e-06
-9.520477076e-05
-0.0001654175986
-0.0001445938025
-9.911783048e-05
0.0002721697869
0.0001363089025
-5.607566557e-05
-7.498818979e-06
-4.911133315e-05
5.251764895e-05
-1.111424125e-05
1.288431569e-05
-4.547313356e-05
0.0001340828315
0.009683483859
-0.0002631971446
0.0002335963723
-7.18995636e-05
0.0001296231447
0.0001088255558
0.0008551108846
0.002248123133
0.0003529142968
8.665294245e-06
-0.0001185976111
-0.002034871074
1.610297413e-05
0.009493361953
-3.783674202e-05
-9.916114757e-05
-0.0002098741441
-0.0001824311627
-0.0001343654571
0.0002713186963
-1.847295617e-05
-9.886290598e-06
-6.713909307e-07
-6.823903351e-05
-7.231489859e-05
0.0001122272732
-0.0003596735683
5.954105884e-05
0.0002248005807
9.904598633e-05
0.0003324490499
0.0001477716945
2.986489939e-05
0.0001389444805
-0.0003330075607
0.009688213344
-3.640022685e-05
-1.390178586e-05
0.0001369021886
0.009522140833
-0.000125034109
-0.000205469133
1.50077692e-05
0.002025175332
7.928805076e-05
0.002229376941
-0.0001350684286
-0.0008186717703
-0.002210676444
-0.0002728248619
0.009497852774
-2.011016969e-05
-2.614698044e-05
-1.18546528e-05
6.355933247e-05
4.510625535e-05
-0.0001052422939
0.009407207396
-4.006142658e-05
8.958195088e-05
0.0001752355459
0.00016261455
0.000103098306
-0.0002629213514
-0.0002924005308
6.747588477e-05
0.0001029315238
7.784332896e-05
9.898071288e-05
5.030141604e-05
1.550928084e-05
3.558377092e-05
-0.0003160117262
0.009414736738
0.0001072311753
-0.0001381216077
4.191590377e-05
0.009404884535
-0.0001237796264
-0.0002006846117
-0.0001353889499
0.002317079973
-0.0001667187912
-4.008415395e-06
0.002281172314
-2.531023165e-05
-0.00229970883
-4.903018177e-05
0.009355764059
-1.185554357e-05
8.334522776e-05
0.0001440115854
0.0001338870498
7.797324768e-05
-0.0002686870584
1.110416359e-06
0.009373584159
6.502235058e-05
6.13506768e-05
7.026705203e-05
5.604465742e-05
-0.000229699356
0.0001959786205
-9.538872043e-05
-0.0001653103563
-9.907963895e-05
-0.0001447425429
0.0002724198671
-0.002265383582
0.002287072876
4.620131591e-05
0.0001095492773
0.002102444248
-0.002195468853
0.0001646173166
0.0002152111381
0.009392023788
-0.0003107008599
-0.009388222149
0.0002071905732
-0.0003706397773
0.009498924272
0.0002294208643
0.0002302970496
0.009377835067
-0.009466299814
-0.0001055535279
-7.838878031e-05
-8.262220967e-05
-8.307751494e-05
-3.912839113e-05
-2.856189518e-05
-5.60522583e-05
0.0003534364245
0.009439754693
-0.0001454776313
-8.402686363e-05
-8.64575576e-05
-0.0001627904939
-4.196885052e-05
-4.120212591e-05
-0.0001066280819
0.0003453502024
7.182098299e-05
-9.891297366e-06
-5.839630676e-07
-6.815650662e-05
-7.227481624e-05
0.0001123754821
0.002248783179
0.0008564959192
0.00035283937
1.610173021e-05
-0.002035463427
-0.000117576942
0.009683259839
-0.0003660144183
0.0002112966502
-0.0001372356363
0.0001096063908
0.0001296241836
0.009939356697
-0.0002287235565
-7.748107222e-05
-0.0001040247411
-0.000333439505
-0.0001152951782
-7.466324658e-05
-0.0001770603472
0.0003837352186
-7.771062753e-06
-5.711969799e-05
-4.944256316e-05
5.273889857e-05
1.341204377e-05
-1.092548753e-05
-4.489876454e-05
0.0001343902415
-0.0001383662492
8.97461224e-05
0.0001749949738
0.0001028603081
0.0001627336839
-0.0002625259522
7.933280404e-05
0.002025546383
1.551851055e-05
0.002229571249
-0.002210963209
-0.000819316258
-0.0002727557368
0.009687823085
0.0001151624434
-0.0001012439811
0.0003578860839
0.009521651181
-0.0002041127844
-0.000125967633
0.009930136858
-5.234753724e-06
3.187188244e-05
3.399011011e-05
-3.606094889e-06
-5.713463673e-05
5.73497906e-05
-1.388424902e-07
-8.148125666e-05
0.009468452041
0.0002244208403
5.819762809e-05
9.880354452e-05
0.0003331191729
0.0001481411303
3.099500782e-05
0.0001401103676
-0.0003346058573
-4.530373667e-05
6.487647599e-05
6.094174623e-05
5.563997428e-05
7.007889059e-05
-0.0002289222895
0.002317257366
-0.0001361496754
-0.0001665558833
0.002281072285
-0.002299766039
-2.726229021e-05
-4.87504047e-05
0.009414025364
0.0003576125641
-0.0002199316293
0.0002897605596
0.009403786672
-0.0001986351068
-0.0001261904952
0.009412227006
0.0001364913299
6.729372047e-05
8.142144934e-05
0.0001644405074
5.714010826e-05
3.110331729e-05
8.287279941e-05
-0.0002990900231
0.009483781494
0.0001017663171
6.587659606e-05
7.692926006e-05
0.0001006473254
5.166260233e-05
1.71628902e-05
3.753756728e-05
-0.0003195644952
0.0003401538335
-0.001309059333
0.000783288157
-0.002171826224
-0.00170676155
0.0002069135124
0.00146901032
0.009157318489
0.0003425883383
-0.009125734175
-0.0002089471641
-8.242591659e-05
-0.0001227142419
-0.0001000406607
-0.0001334124245
-7.810006733e-05
-9.813775251e-05
-0.0001051642335
0.0005270742935
0.0009798103228
-0.0002908578449
-0.0004985366744
-0.0002381067901
-0.0001714329488
-0.0001120599811
-0.0001513332593
-0.0001243463952
-0.0001033472674
0.002366119579
0.002352654475
0.002230690843
9.050115764e-07
-0.002205426889
0.0002563466566
-0.0003367532592
6.017733705e-05
0.002224751143
-7.298443671e-06
0.0004314197709
-0.0006432547438
6.089954912e-05
-0.002282566777
-3.166565232e-05
-0.001618457044
0.001567741444
8.238125432e-05
-0.0001000380113
9.056564705e-05
0.002265359799
9.060487119e-05
0.002950239731
4.979094817e-05
-0.003345035052
0.0001751377905
9.240257425e-05
0.002742129665
2.608524765e-05
5.032115437e-05
-0.0004483503115
-0.00218037278
0.001060056995
0.001703928478
-0.0004504481315
-0.002260270216
0.001020611875
0.0007933280453
0.001661246916
2.902509221e-05
1.365646974e-05
-0.0013312832
0.0008808350675
0.001616635296
2.008628237e-05
-0.001641098517
4.376938967e-06
1.327451845e-05
0.001627663862
-2.430308594e-05
0.001633967011
2.670033983e-05
-0.001655547573
-5.119784806e-06
1.853830745e-05
0.001626297023
-1.086831589e-05
0.001620315025
-0.001637918279
-9.619897697e-07
1.856523726e-05
0.001655919854
-4.531193947e-05
9.707121228e-06
-2.283611797e-05
-0.001475901468
0.001570704203
-7.196661223e-05
5.212393849e-05
0.0001184452911
0.002395440456
-1.967350937e-05
0.002572919412
1.29961031e-05
-0.002257357656
-0.0002105623271
-0.0002028355947
0.002749306583
-5.146470027e-05
-9.563465276e-05
-0.001321910879
-0.0001409944847
-8.787588612e-05
-0.002324481382
0.0002179645126
-7.769025522e-05
2.702357256e-05
0.001633985292
-0.0005272260956
-0.001133782792
0.009103501414
-0.0004855236169
0.000311560687
0.0005206097804
0.000309107905
0.0001777212326
0.0001168347385
0.0001284299037
9.086148949e-05
9.609788955e-05
-0.002367434126
-0.002356819314
-0.002238680414
-0.0003294528418
0.009130116206
-0.0005245197706
0.000127654303
0.0001176597223
0.0001336575154
2.294484706e-05
0.000107664376
9.636487674e-05
0.0001104430726
0.0001109691336
1.728637773e-06
-0.0004812609497
0.0006976039694
-6.644377805e-05
0.002283173724
-1.534009716e-05
0.002221945577
-0.0002353399062
0.000302507468
-4.380844183e-05
-0.002229964593
-0.002299649085
-0.0001544763504
0.00230220014
5.27419723e-05
0.0003747739395
-0.001400949586
0.0007433279287
-0.002240688411
-0.002206756883
-0.0003273573314
0.002224650614
5.821239356e-05
0.0004068981423
-0.0006180774852
4.357416703e-05
-0.002285996756
0.009146008893
-0.009113490714
0.0003593294354
0.000576152385
-0.0002491709656
-7.603360392e-05
-6.294089075e-05
-0.0001238070248
-0.0001587740575
-7.986984684e-05
-9.828074728e-05
-0.0001191228625
0.0005683945852
0.001022026827
-0.0002907263861
-0.0005206933938
-0.0002428798568
-0.0001669161689
-0.0001152907207
-0.0001778718353
-0.0001439620143
-0.0001082000794
0.002363856124
0.002350343497
0.002215504602
0.0004458322514
0.0008527457796
-0.001298578031
-0.0003014696806
-0.00118216335
0.001164223792
-0.0007785641032
0.002131564107
0.002296326514
-8.29282827e-05
0.0001542262025
-0.002322994202
-9.566679751e-05
0.0006937468431
-6.166778152e-05
0.002277575353
0.002209711251
-0.0002371701897
0.0003040539992
-0.002223587121
-6.83480266e-05
0.009079154469
-0.0004530492576
-0.0009886193462
0.000319318834
0.0005114699771
0.0002903658405
0.0001740008182
0.0001060700189
0.0001090795448
7.47399299e-05
8.500116027e-05
-0.00235541383
-0.002346692296
-0.00221790908
0.009111146527
-0.0002902315315
-0.0005199563788
0.0001715371068
0.0001044292606
8.442428255e-05
0.0001297670471
6.894540494e-05
6.73519676e-05
6.623936074e-05
8.550143142e-05
-0.002311533649
0.0001491732798
0.0002257150638
0.009346378349
0.0001200014368
-0.009352268965
-8.172297666e-05
-8.881572817e-05
-8.399712872e-05
-9.110516006e-05
0.0001887019203
0.009395549678
-9.791251928e-05
-0.0001706788391
-0.0001048774298
-0.0001469653269
0.000277183449
0.009404512666
0.000323401728
-0.009479760765
-7.624109952e-05
-3.935655974e-05
-2.823100194e-05
-5.356690539e-05
-0.0001173356895
-8.674851165e-05
-9.519961823e-05
0.00038545719
0.009467720599
-0.0001579622665
-9.166136524e-05
-9.899410308e-05
-0.0001512350453
-4.246999456e-05
-4.163772674e-05
-9.410511557e-05
0.0003469491803
0.0094069627
-0.009393437201
0.0002106270638
0.000219250602
0.009514120834
0.0002322899932
0.0002347109817
-0.002030905255
3.26633756e-05
-0.0001172634544
0.009496690418
0.0002385297359
-0.0001058258957
-0.0002184170743
-0.0001442633104
-0.0001881167792
5.732986635e-05
-1.940237389e-05
-4.397888273e-06
-7.29734532e-05
-8.221330586e-05
0.0001214323266
0.009936076991
0.0003849260217
-0.0002376595673
-8.623163219e-05
-0.0001141539839
-0.0003148460172
-0.0001093812939
-6.277210757e-05
-0.0001641162893
0.0001557298335
-1.872635777e-05
-6.426912193e-05
-5.982993421e-05
5.041284971e-05
-1.145724849e-05
1.99109885e-05
-3.599680044e-05
0.0001413307763
0.009687419356
0.0002162247051
0.0002339325308
0.0001148204477
0.000131534512
-2.695536372e-06
1.413097906e-05
-0.002373219645
0.00238269271
3.798857922e-05
-8.020139053e-05
-8.584686366e-06
0.002220525145
0.002270548089
-4.674242523e-06
8.333508644e-06
-0.002255515569
0.002841686185
-1.891970114e-06
-2.802453519e-05
-0.00284837005
8.144424055e-06
0.002293730302
-2.160926866e-05
0.002845150302
-0.002393470107
-5.663972244e-05
-4.435141774e-06
-0.002369372268
0.002382602052
8.42335319e-05
-3.035448286e-05
-8.970884939e-06
0.002218364626
0.002304004154
4.472357753e-05
1.533971833e-06
-0.002306657731
0.002839371181
8.467110684e-06
-3.371359884e-05
-0.002828703573
5.673989956e-06
0.002292299282
-2.58808581e-05
0.002842786711
-0.002364753675
-0.002193658712
-0.0008831146676
-0.0002494929863
0.00949274626
2.319442489e-05
-3.654718829e-05
-1.735344497e-05
5.722928433e-05
3.348332264e-05
-0.0001632222259
0.009374465218
8.338953528e-05
0.0001634242084
9.227772951e-05
0.0001552289085
-0.0002528785359
0.009922258115
-0.0001018562621
-1.588891074e-05
2.390926435e-05
2.238692642e-05
3.105971535e-06
6.575957902e-05
-5.323867374e-05
5.187998662e-06
-0.0003394598483
0.00943500299
0.0002086013658
5.052819035e-05
8.610400679e-05
0.0003535034093
0.0001577979486
3.926906197e-05
0.0001513701126
-0.0003313308074
0.009684351707
-9.61821694e-05
-1.411062037e-05
0.009507039617
-0.0001973111536
-0.0001280588239
-0.002282301373
-3.183236453e-05
-3.76296279e-05
0.009331052138
-0.0001154507867
7.826577495e-05
0.0001321179426
6.747943371e-05
0.0001272738067
-3.903509868e-05
0.009368459873
5.985069726e-05
5.173230386e-05
4.558432438e-05
6.514393926e-05
-0.0002195734886
0.00937870235
-0.0003419255498
0.0001758507607
5.624122191e-05
2.566085017e-05
9.216885059e-05
0.0001254171761
6.096965819e-05
7.088153218e-05
-0.000275853505
0.009471085323
9.128139207e-05
5.941274405e-05
6.636198377e-05
0.0001011279991
4.852689042e-05
1.326557197e-05
3.492219466e-05
-0.0003110289784
0.009399725246
-0.000214307185
-0.0001357547771
0.009399683211
-0.0001937073152
-0.000121139256
-0.0001341732019
0.0004126168064
-0.0001044951339
-0.0001154844031
-0.0001128307725
0.0002101571692
0.009800103967
0.0008039647744
-0.0003877160684
-0.0002061562915
-0.0002524129095
-0.009613861814
0.0005071335734
0.009640732322
1.392621893e-06
-0.0001266692456
-0.0001211428107
-0.0001700756295
0.009539116552
-0.0001347945772
-0.009451851554
0.0001850102027
-0.000106010764
0.009562244015
0.0001675896862
0.009585908597
-2.357781481e-06
-0.009483236902
0.009583191856
-2.503491791e-06
-4.936919384e-05
0.0001775796245
-7.32042138e-05
-6.222612124e-06
-5.108073493e-05
6.436419636e-05
0.009519543996
0.0003377752518
-0.0001293998158
-3.989381191e-05
-0.0001029579967
0.0002039350795
7.631038916e-07
-4.137680143e-05
-1.59109241e-05
-7.401569848e-05
0.009585597362
-8.823280003e-05
0.0001443741751
-5.841358723e-05
7.868007409e-05
0.009552051091
-3.140765208e-06
-2.540808489e-06
0.0001498020272
-0.0003956229633
9.807813641e-05
0.0002216610397
0.0001673292367
-0.0003091317572
0.009512570855
-0.0002108001208
1.332465301e-05
6.628409295e-05
5.877455438e-05
-0.0003514692495
0.009636880479
-6.832957132e-07
0.0001012627396
9.399262614e-05
9.625049924e-05
0.009583699589
1.856103738e-05
-8.331673107e-05
4.773596705e-05
0.009563289457
-0.000139223939
0.009541808276
-2.483724297e-07
0.009571785923
7.970503947e-08
0.0002491857913
-0.0006100203353
0.0001037062509
0.000324679013
0.0002143501035
-0.0003377839725
0.009803356325
-0.0005109548911
9.278975491e-05
0.0001731455694
0.0001450079452
-0.0007926404207
-5.863646703e-06
0.0003653555258
0.0002578561579
0.0002179053551
0.009626295637
0.009543632578
6.469215923e-05
-0.000161298927
8.980999308e-05
0.009466663106
-0.0001707813239
0.009591379679
-4.381945042e-07
-2.030521106e-06
0.009502976914
0.0001301168189
0.0005081893607
-0.0001064962857
-0.0001355607187
-0.0001787400163
0.00966755384
0.0005591541274
-0.009563124849
-0.0002529336326
-0.0001001414796
-0.0001509610897
0.0004191979163
0.009631665853
-0.0001233959254
-0.0001028716915
-0.0001182834452
0.0002094289088
0.009586710762
0.0001325717634
-0.009485208297
0.0001027107886
0.009585423874
0.009539414633
-0.00945482026
0.0001860894264
0.009563624669
0.0001689194676
5.041126834e-05
0.0002035581641
-8.079293104e-06
-4.970149397e-05
-8.195059659e-05
0.009760689959
0.0003373020767
-0.0001725382483
-8.675813125e-05
-0.0001055282597
0.000185545598
-1.401117371e-05
-6.946158405e-05
-5.852668861e-05
6.592093308e-05
0.00955521146
8.453643712e-05
5.57377273e-05
0.00958815742
0.0001459956529
7.88259851e-05
-0.0001506864058
-0.0003552114683
0.0001010442313
9.482648196e-05
8.855727323e-05
0.009758905676
-0.0002289640825
4.80691376e-05
9.292102046e-05
0.0001165769653
-0.0003872371333
0.009639631574
0.000212899727
0.000101099656
0.0001592567965
-0.0003055725963
0.009542515831
-2.138041621e-05
-5.109134579e-05
0.009573243
0.009583205642
-8.542950224e-05
0.009562807186
-0.0001413613229
-0.0002493097034
-0.0007965205559
0.000263263865
0.0003579870256
0.0002125681959
0.009663867798
-0.000480628564
0.0001793767835
0.0001130839273
0.0001853562182
-0.0006022927444
0.009548973328
0.0003182472712
0.0001040224969
0.0002083527898
-0.0003326856947
0.009591955093
-6.857387391e-05
-9.374476716e-05
0.009501221225
0.009541929067
-0.0001632745876
0.009464186836
-0.0001727621068
-0.002372988892
1.2948261e-05
-3.310709215e-06
0.002382448952
-8.210015521e-07
0.00284008462
-3.148359516e-05
-0.00284691043
-4.024709783e-06
0.002270242583
8.122929349e-06
-0.002255265795
-8.278588952e-05
3.966074497e-05
0.002219355312
-7.670930609e-06
-0.002393273792
0.002843558142
-2.513731369e-05
0.002293416032
7.936687908e-06
0.002368559814
1.413992435e-05
-1.005669059e-05
-7.867879573e-06
-0.002843679293
0.002827088335
-1.541728473e-05
1.472437791e-05
-0.002305021485
0.002306308107
1.188023714e-05
-8.249281329e-05
4.054893109e-05
-7.003868162e-06
0.002364558192
-2.054344383e-05
8.612477962e-06
-0.002369113355
-5.764486184e-06
-5.718873066e-05
0.002382370469
9.683819984e-06
0.002837654043
-3.707131159e-05
4.52539197e-05
0.002303561393
1.149183512e-06
-3.282091261e-05
8.583543173e-05
0.00221722098
-8.175507185e-06
0.002841080659
-2.937657852e-05
0.002291800795
5.38728301e-06
0.002372564819
-5.557920105e-06
-6.374048498e-05
4.051194259e-06
-0.002840497853
-2.015108262e-05
0.002840574712
6.286599355e-05
-0.002268713825
5.787498255e-06
0.002252938597
-3.378569431e-05
8.762475762e-05
-6.920532801e-06
0.002393736852
-2.422280541e-05
5.934003473e-06
0.0002946740745
-0.002556377579
-0.000154264938
0.002430308322
-1.433987726e-05
0.002448784286
-0.0005183593082
-0.002396258038
0.0001056356586
3.423040878e-05
-0.0002347942839
0.002471049843
-0.0002933174438
0.00260501879
-0.002661622842
0.00246339759
5.569210997e-05
-0.000846329833
-0.00298174004
0.0004600155393
0.002229089163
0.0001409874021
0.002361257369
-5.21351022e-05
-1.980135115e-05
-0.002413542026
-0.0001019710973
0.002361081843
4.049693878e-05
2.16915486e-05
-7.13210815e-05
-5.87895914e-06
3.008973446e-05
-0.00211652355
0.002080600746
-1.035236399e-05
3.731826364e-05
0.002297184083
-7.80807882e-06
-1.089057262e-05
-1.678248504e-05
-0.001582502743
0.001528530875
7.075435586e-05
0.002943133255
3.357185399e-05
-0.003332181856
0.0001675748117
9.359381587e-05
-0.0001098965619
0.002426081605
0.0001141992122
0.002742434591
2.25287394e-05
5.149087768e-05
-0.0004470148042
-0.002144249967
0.00104233388
1.089073932e-05
0.001446668611
7.097152721e-05
-0.002565243816
-7.518795693e-06
0.002256457514
0.0001410932769
0.0001649126573
-0.0001418759081
-0.0001117894651
0.0001081060838
-4.406825503e-06
5.061243308e-05
0.001292487342
0.0001466624697
-0.001293344637
6.98175533e-05
2.577900717e-05
0.002398429812
-2.938606468e-05
-5.488761731e-05
-4.515399814e-05
-0.002416718649
-1.309698272e-05
-1.615427611e-05
-0.00292274339
-2.496877093e-05
3.210494035e-05
-2.888244855e-05
1.039299571e-06
-2.086396697e-05
0.0001496025477
-0.002369198509
-3.757845028e-05
0.002106623354
0.002332889683
-0.0001376740554
1.726421851e-05
-2.367425722e-05
0.002319326729
1.985542188e-05
0.002048190288
0.002352463693
0.001997969495
7.490669323e-05
0.002045557888
-4.322729111e-05
-0.002334980011
-3.527602021e-05
0.002318650142
1.416536914e-05
-1.027461997e-06
-9.60023063e-06
3.674053206e-05
-0.001964309026
0.001951788786
-1.007916401e-05
0.002026158433
-1.059428375e-05
0.001688368043
-0.0004435619315
0.0008311805573
0.001640356716
2.844410061e-05
-0.001612847164
0.001620256333
2.469577153e-05
2.854885196e-05
-1.150304914e-05
2.508288523e-05
0.002403826216
-1.679717711e-05
-3.057528398e-05
2.8960988e-05
-0.002396183514
3.835521482e-06
-1.098183994e-05
-0.002909053243
-2.276191418e-05
2.960748732e-05
-1.060349317e-05
3.411332009e-05
-1.551414413e-05
1.588316777e-05
-0.002020073563
-3.659002403e-05
0.002021787808
0.002312843077
-2.241976243e-05
6.691378987e-06
3.091746585e-05
0.002279265617
3.731373814e-05
0.001949886749
0.00230940924
0.001952622654
1.587083329e-05
0.002025236276
-3.611647873e-05
-0.002309095584
-2.287931763e-05
0.002298911187
6.248742721e-06
3.354605316e-05
-9.041288092e-06
3.496752535e-05
-0.001958126879
0.001953550459
-7.105890779e-06
0.00202181034
-8.074650075e-06
0.001596188217
0.001606936906
-0.001620506782
0.001634696985
-2.63075007e-06
1.152573656e-05
0.002400634826
-1.207088872e-05
-3.809239181e-05
1.934108723e-05
-0.002401251841
3.910543599e-06
-1.147637836e-05
-0.002891061086
-4.103825795e-05
3.633293939e-05
-1.144326136e-05
1.92178756e-05
-1.214564594e-05
1.999783282e-05
-0.00201910446
-3.663542194e-05
0.00202066472
0.002304791983
-2.360054397e-05
4.75155773e-06
2.975206622e-05
0.002272117167
3.695031354e-05
0.001936619122
0.00230593782
0.001937294197
2.065085475e-05
0.002024430661
-3.648768309e-05
-0.00231118137
-2.277588754e-05
0.00231430174
4.988164328e-06
3.27319263e-05
-8.723226239e-06
3.58934096e-05
-0.001941425606
0.001940013972
-7.866010385e-06
0.002025402538
-7.887165975e-06
0.001613412883
0.001605831635
-0.001600826705
0.001617008562
-0.0001823125627
6.597413123e-06
0.002521077445
0.0001106694621
1.374751625e-05
0.000169026258
-0.002400614099
0.0002968961507
2.387546293e-05
0.002364747237
-0.003197995824
0.0004816183435
0.001070192515
0.002191301023
1.860526935e-05
6.438480384e-05
-0.0002413738996
0.0008753799907
0.002665585855
-3.905193931e-05
-0.002038311246
-3.3303022e-05
0.002104147876
0.002328338201
-1.068555115e-05
-1.601048473e-06
6.583737191e-05
0.002315977684
3.755200406e-05
0.001949764514
0.002347788688
0.001991112872
-0.0001203446152
0.002373945248
-3.878329358e-05
-0.002331147677
9.305517514e-05
0.002351918674
-6.715570808e-06
9.404493983e-05
-1.01044643e-05
6.122998186e-05
-0.00205470454
0.002079868514
-7.395312422e-06
0.002286856505
-8.330021967e-06
0.001599588631
2.780412625e-05
0.001634444859
1.997720934e-05
-0.001686126313
0.0004277738771
0.002225082169
-0.0007858223578
1.270335008e-05
0.001303153867
-9.274760975e-05
-0.002349301454
-3.249521392e-05
0.002426471251
4.807302896e-05
0.002399909851
5.000521321e-05
-1.382431451e-05
-1.278657416e-05
0.0001483759087
0.00246299162
5.327460174e-05
0.002111250993
0.002448991783
-1.23631049e-05
4.083486479e-05
0.002233706884
-0.0002300335157
0.002565878564
5.461014721e-05
3.601604649e-05
-0.002438911513
0.0004588588436
0.002386627272
-8.475254295e-05
-2.848205023e-05
0.0003165355801
-8.206222361e-06
0.0003891186424
-0.002612265434
-4.970092485e-06
0.002676279203
-3.315622402e-05
0.0008731673183
0.002964513061
-0.0004238243459
-7.412823255e-06
-7.189049042e-06
-0.001452709958
0.001544196651
-8.42976448e-05
0.002524929639
-1.515556476e-06
-0.0002108238287
-0.0001920728444
4.93966742e-05
0.002225686163
4.890298891e-06
0.002706450717
-5.438452396e-05
-8.492893044e-05
-0.0001510716524
1.443834904e-05
0.001604232289
-7.447399583e-05
-0.002911245306
-2.54391685e-05
0.003289214394
-0.0002180319099
-0.0001169063573
3.445724499e-05
-9.844359194e-05
-9.757055482e-07
-7.884286702e-05
-7.705612903e-05
0.0004600447944
0.002135041589
-0.001016293276
0.001333212112
0.000142077536
-1.73025284e-05
0.002404481628
-5.568842106e-05
1.062843991e-05
-8.505662268e-05
-0.002423731421
-0.0001036111386
3.361727063e-05
-0.002118381116
-2.308847439e-06
3.089827181e-05
-3.995749265e-05
0.0004448547028
-0.001336150364
-0.001615287093
-2.835048616e-05
0.001563935681
7.970189819e-05
4.835607545e-05
0.00295059983
-0.003345472631
0.0001723881303
9.243443116e-05
-0.0001036632895
0.002263410931
9.327181977e-05
9.158242029e-05
-0.002177848288
0.001055771975
0.002742462013
2.509017344e-05
5.103386725e-05
0.00148145838
-2.199056757e-06
8.467635679e-05
2.832181779e-06
-0.002559036621
0.002260708169
0.0001523992088
0.0001611300521
-0.0001314482851
0.0001132594689
8.462569789e-05
0.001327492674
0.0001567978889
6.917004957e-08
4.970888122e-05
7.653353921e-05
-1.854218149e-05
0.002083820334
5.212598865e-06
-2.347305993e-06
-8.508936157e-06
-0.002348924526
-3.627870085e-05
5.787290827e-06
-0.001956508759
1.24462007e-05
1.902568216e-05
-3.35584728e-06
0.0001707166952
-0.002557371393
9.98894085e-06
0.002501156062
0.002409647033
-0.0002813284044
-0.002376333184
-7.17688619e-05
-0.0001243074652
0.002508260041
-0.0005287601344
0.00321138404
-0.001018693241
-0.00220738673
0.002442819532
-0.0008764725742
-0.002713543602
0.003020346689
-2.70189653e-05
6.545951713e-05
0.002435383375
5.525765366e-06
-0.002429400032
-8.576287428e-06
0.002414369647
-4.749802368e-05
-4.822306347e-05
-5.292759422e-06
-0.002939293953
2.128298007e-05
0.002914618021
0.002418158481
-1.075589415e-05
-0.0004510201002
0.001702942208
0.0007952986635
0.00166004572
1.58775243e-05
-0.001632245372
0.001639919472
1.36088815e-05
1.704445547e-05
1.730036246e-05
-1.32370823e-05
0.002061251787
-7.036850129e-06
-1.011218179e-05
2.547764778e-05
-0.002322854465
-2.458129177e-05
1.617495964e-06
-0.00194232491
1.262771855e-05
7.527116656e-07
-8.268735871e-06
-1.502218277e-05
-0.002437360737
8.632857251e-06
0.002438764123
0.002413873503
2.742800474e-06
-2.078732637e-05
2.753358176e-05
0.002451422242
1.970290758e-05
0.00290618304
-2.553201998e-06
0.002411866993
0.002916602521
2.603995983e-05
-1.718949054e-05
0.002442227935
6.688818825e-06
-0.002409617274
9.46208431e-06
0.00240103817
-2.337865332e-05
2.57245546e-05
-4.493892116e-06
-0.002926362235
2.038731175e-05
0.002927076788
0.002438927392
2.443151289e-05
0.001615510031
2.18562368e-05
0.001626552001
1.499798387e-05
-0.001640259409
0.001654443813
6.202905728e-06
1.072410417e-05
2.257448513e-05
-1.443028082e-05
0.002060177839
-1.124866052e-05
-1.132979315e-05
2.500244373e-05
-0.002329651596
-2.518101888e-05
1.521040904e-06
-0.001954967187
1.367836366e-05
1.600737895e-06
-1.197408463e-05
-5.770756746e-06
-0.002436273563
-3.762961781e-06
0.002437071552
0.002407912498
3.307165583e-06
-2.79743324e-05
1.931874907e-05
0.00245302647
1.446598319e-06
0.002922906712
6.757454793e-06
0.002411982072
0.002916596505
1.2451386e-05
-8.598436599e-06
0.002440401529
-5.980203648e-06
-0.002415913848
9.898441903e-06
0.002413865252
-3.052455914e-05
1.70329183e-05
-2.302265982e-05
-0.002910085219
2.802469185e-05
0.002913794767
0.002415303225
1.044475178e-05
0.001632932183
2.826908519e-05
0.001625288206
2.009536232e-05
-0.001620201033
0.001636919121
1.130660045e-05
1.553192254e-05
-0.0001196931389
-1.685890838e-05
0.002412944234
-0.0001370152461
-2.338940688e-05
8.450174466e-05
-0.002346938168
9.035754383e-05
-3.140162221e-05
-0.002054912855
3.871356815e-05
-2.765484481e-05
0.0002188790803
-8.942975781e-05
-0.002424831817
-1.35242718e-07
0.002496646496
0.002426309356
1.661130121e-05
-7.098904459e-06
0.0001015771082
0.002508048016
2.901467521e-06
0.002932506086
2.345123629e-06
0.002441581161
0.003021450044
4.659916192e-05
-0.0001892351748
0.002557759067
-8.892639547e-06
-0.00241269859
0.0003056398571
0.002375257086
2.049139225e-05
0.0001669935346
0.0005008813712
-0.003224703621
0.001082626937
0.002207779214
0.0008830308364
0.002700128546
5.389330513e-05
0.001619321959
1.994228414e-05
0.001655012804
1.090831676e-05
0.0004364981596
-0.001705657802
0.002257037791
-0.0008213574104
0.001319528995
3.248308809e-06
-0.0002265903716
8.234171645e-05
0.002598766229
9.005023691e-06
-4.210221781e-05
0.0003065058914
-0.002453971017
0.0004636395982
0.002400389235
-9.150574998e-05
-0.00261417004
0.0003726411642
0.002677380785
-4.017951146e-05
0.0008852445308
0.003002588139
-0.0004527856831
-0.0004757389723
0.001360983501
-0.001473308847
-2.276130516e-05
0.001568043516
-7.197336775e-05
1.273242084e-05
0.002572650962
-0.0002110224833
-0.0002025780849
5.201944736e-05
0.002395276951
0.0001184255943
-1.963552862e-05
-0.0001410474371
0.002749154173
-5.173248829e-05
-9.551258284e-05
0.001631293882
1.452877907e-06
-6.470325235e-05
-1.350408607e-05
-0.002942373104
0.003321192234
-0.0002188369287
-0.0001342487204
1.993432134e-05
9.778786849e-05
-2.16174364e-05
0.002163675803
-0.001021624986
-8.145779235e-05
-9.037394121e-05
2.138485088e-05
-0.00237351923
-1.191304863e-05
0.002383081394
0.002850132666
-8.32584973e-06
-0.002855231595
-8.105131612e-05
2.1350104e-05
0.002225566998
4.545713124e-06
0.002272903047
-0.002257679014
0.002853536865
-0.002393819693
0.002296120693
2.289951856e-05
0.002369787279
-1.889565586e-05
-0.002853741798
-1.698879413e-05
0.002838432465
-7.983413854e-05
2.17440541e-05
7.741402464e-06
2.401094901e-05
-0.002309431448
0.002319152079
-1.216612106e-05
0.002367435083
-8.77967705e-06
3.551089856e-06
-0.002370512603
-6.263023136e-05
0.002383170763
0.002849032681
1.54251832e-06
-2.973459857e-05
6.661840299e-05
0.002223845989
4.972513283e-05
0.002308118698
0.002851911322
0.002295179751
4.220452652e-06
0.002373403747
-7.016159907e-05
-0.002851133668
-6.258286597e-06
0.002851534702
-3.004076708e-05
6.932888477e-05
7.677432096e-06
6.962179035e-05
-0.002271894943
-6.274341515e-06
0.002256152785
0.00239470845
-6.29454769e-06
-1.171810385e-05
-0.002373535082
2.201378067e-05
0.002383098312
0.002273128311
4.366679275e-06
-0.002257881416
2.138013906e-05
-8.014876245e-05
0.002226074801
-8.937651409e-06
0.002850260772
-0.002855324243
0.002296305301
-0.002393840468
0.002853664627
-1.857265036e-05
0.00236978572
2.351412135e-05
-0.002309640845
2.37094463e-05
0.00231936295
2.161258364e-05
-7.898618782e-05
-1.763079569e-05
-0.002853831353
0.002838515042
-4.651490556e-06
0.002367431974
-9.096521233e-06
-6.223698222e-05
-0.002370525365
4.255888364e-06
0.002383172755
0.002308248665
4.942936703e-05
6.674783491e-05
-2.904999837e-05
0.002224300175
8.583788703e-07
0.002849181787
0.002295320308
0.002852026679
-6.971046298e-05
0.002373416973
4.89715256e-06
-0.002272049993
6.90737706e-05
0.002256288664
6.94456305e-05
-2.940361003e-05
-6.912176225e-06
-0.002851211191
-9.928889262e-06
0.002851631506
0.002394706958
-1.40526527e-05
-4.841147972e-06
0.001485654192
8.692839936e-05
-0.0001288018681
8.341954544e-05
-0.002558274853
4.703509769e-06
0.0001534559362
0.00016055136
1.113452285e-06
4.909834398e-05
0.0001590745006
0.0009038950042
-0.001352245317
-0.002626795023
-0.000109650757
0.0002951657684
0.002491302265
-5.002225219e-05
-0.0003469830633
0.002637720174
1.279954627e-05
-0.002699191597
-0.0005128441545
0.002460506609
-0.00240065319
0.0001033719904
-0.0002565455125
2.82112606e-05
0.002476996865
2.084039337e-06
-0.003022547298
0.0004398200612
0.002257982571
1.354133429e-05
0.002480631757
5.083897219e-05
0.00242179434
-1.540917832e-05
0.0001409540087
-5.603690609e-05
-4.259492054e-06
-0.002143306709
0.002106440911
1.127838598e-05
-0.0001026951947
-0.002433148448
0.002382645967
3.484269493e-05
-8.76643586e-05
1.328659194e-05
3.779566824e-06
0.002354812427
-3.997277426e-05
1.160232542e-05
3.164827956e-05
-0.001633405404
-1.948011297e-05
1.178699141e-05
1.277717872e-05
1.50643324e-05
9.187765853e-06
-0.002562961468
0.0001711689992
0.002506917761
-0.0001243130607
0.003211736364
-0.000529128589
-0.00220725198
-0.0001253802815
-7.258932517e-05
0.00250846221
-0.00028223768
0.002411965424
-4.265851819e-05
-0.002378387518
0.003020544199
0.000224312043
-0.002717804712
0.002445417774
-3.263694657e-05
4.992757469e-06
0.002441030185
6.547135266e-05
-4.576536376e-06
-0.002939609361
-4.845483015e-06
0.002914963971
-4.92622113e-05
-4.838930605e-05
-8.439010748e-06
-0.002431766763
-7.244000884e-06
0.002416721542
3.992368543e-06
0.002423753322
-2.034767857e-05
-0.002429197385
-8.729089181e-06
0.0001515082445
0.002162105167
-1.208442769e-05
0.002072528557
1.177326667e-05
-0.0001378426578
0.002356374914
-3.418939623e-05
4.730272467e-06
0.002324856141
7.13063671e-06
0.00201759115
1.201891976e-05
0.002377018488
0.002098571595
-1.688565304e-05
7.584268664e-05
1.107077265e-05
-0.001979289481
0.001962955029
1.10764772e-05
-3.554193821e-05
-0.002359485482
0.002343014184
-9.900069066e-06
9.87684379e-07
7.525139158e-06
0.002078092798
1.151594652e-05
-0.0016413717
-1.882736625e-05
-2.280435927e-05
8.12786655e-06
-0.002442914217
-1.545356395e-05
0.002444324525
5.915387522e-06
0.002906489756
2.027151229e-05
2.654133878e-05
-2.177939226e-05
0.002451677333
3.031278198e-06
0.00241654195
-4.155432617e-06
0.002916986304
4.141894262e-06
0.002414574187
-1.929168365e-06
6.108790262e-06
0.002447779575
-1.768356879e-05
8.119729108e-06
-0.002926468265
-3.995612489e-06
0.002927155057
2.461539144e-05
-2.439681104e-05
9.781516524e-06
-0.002412208142
-3.39813902e-06
0.002403520784
9.107228114e-06
0.002444458252
-2.475030683e-06
-0.002071721925
-1.195292883e-05
1.642153825e-05
0.0020731687
1.225420973e-05
0.001959556836
9.707253628e-06
-2.276697723e-05
0.00233716181
2.247042888e-05
-6.081940721e-06
0.002279885274
7.100166743e-06
0.001960769765
9.304569532e-06
0.002333746125
0.00207620056
-1.169507755e-05
1.678294802e-05
1.139246489e-05
-0.001964772287
0.001959650977
7.976733376e-06
-2.418728488e-05
-0.002333522414
0.002324080252
2.461592007e-05
-6.428755128e-06
6.976241781e-06
0.002072512968
8.91832195e-06
-0.001621159031
-2.668814384e-05
-8.914662785e-06
-4.305761861e-06
-0.00244174952
-6.326287499e-06
0.002442526881
9.854687968e-06
0.002923216525
1.901675819e-06
1.832766888e-05
-2.919801125e-05
0.002453318165
4.074627138e-06
0.002410426919
-4.282696102e-06
0.002916855946
8.685034894e-06
0.002414565647
-2.887800796e-06
-6.520185434e-06
0.002445812231
-9.163545151e-06
1.239838054e-05
-0.002910283139
-2.253552808e-05
0.002914069539
1.615748686e-05
-3.171084753e-05
1.054881005e-05
-0.002418493362
-3.680227554e-06
0.002416407455
1.32051046e-05
0.002420620408
-3.611355122e-06
-0.002070524777
-1.350633278e-05
2.169881648e-05
0.002072186981
1.444464456e-05
0.00197458279
-8.236858092e-06
-2.511787058e-05
0.002332930673
2.198299607e-05
-6.475108466e-06
0.002286491501
5.790108778e-06
0.001974674456
8.384996458e-06
0.002335003867
0.002075275484
-1.305542761e-05
2.236530695e-05
1.228592853e-05
-0.001977224357
0.001974245623
8.74081717e-06
-2.504853747e-05
-0.002340417405
0.002343421678
2.43819295e-05
-7.534827338e-06
6.853050845e-06
0.002075717979
8.776600751e-06
-0.001706337701
0.0004371852608
-0.001081941806
-0.0008219171538
-5.274497862e-05
2.327137153e-06
-0.000884725619
-7.138565652e-07
-0.002430202703
-9.022747997e-05
0.002502027999
1.911604882e-05
0.002932802916
3.302045981e-06
0.0001007864275
-8.54239353e-06
0.002508308088
1.739173121e-05
0.002428717551
-3.136479977e-06
0.003021553658
1.111148222e-05
0.002443823141
1.13477052e-05
-9.25020732e-06
0.002562675651
-0.0001900009254
0.0001386034839
-0.003224794732
0.0005011803427
0.002207801977
0.0001664327146
1.914478538e-05
0.0003065296581
-0.002414727577
2.932459483e-05
0.002377067344
-0.000219134326
0.002704794358
2.556866073e-05
-0.002088597718
-1.001440616e-05
-3.70901198e-05
0.002154818295
1.437927841e-05
0.001980177697
9.660840329e-06
-1.261102217e-05
0.002357220194
5.728192563e-05
-1.45853115e-05
0.002325827643
8.697790979e-06
0.002017884644
9.560573679e-06
0.002375667022
0.002430104183
-1.584853474e-05
-0.0001208338689
3.782611083e-05
-0.002077716382
0.002101039148
8.144636272e-06
9.091928563e-05
-0.002356967843
0.002376326715
8.482369803e-05
-1.968447105e-05
8.429727015e-06
0.002339715254
9.143425719e-06
1.807522924e-06
0.001634041455
-6.51447857e-05
1.929934746e-05
-2.15050058e-05
-0.002942311923
-1.411217115e-05
0.003320890475
-0.0002197745411
-0.0001339154148
-8.156435768e-05
-9.033411339e-05
0.0004772674799
0.002167261605
-0.001024599805
-0.0008907327111
0.001368000196
-0.002401367448
-8.048157413e-06
-8.992673741e-05
0.002480149885
1.919246453e-05
3.073255577e-05
0.002131144741
6.977737515e-06
4.499708727e-05
0.002423447575
-1.844121933e-05
0.0001390184363
-2.440369349e-05
0.002470407718
7.753931147e-06
1.407744912e-05
0.002254944946
7.170073752e-06
0.002471911522
-1.778643369e-05
0.00261432256
8.34708299e-05
-0.0002270601899
9.416682917e-06
0.0003760176778
-0.002637060591
5.473585892e-06
0.002696583087
0.0004656857708
-0.002461797899
0.00240689702
-8.913665764e-05
0.0003066949009
-3.861187793e-05
6.91067296e-06
0.003017304135
-0.0004520108423
8.050084743e-06
-3.765309026e-05
-0.001584471028
-2.265805624e-05
0.001531379813
7.574927239e-05
-0.0001040116795
0.002428736904
0.0001106377159
3.827954276e-05
0.002944273693
-0.003333102727
9.266262793e-05
0.0001694442346
-0.002149358791
0.001048999558
0.002744007214
5.016877754e-05
2.342796658e-05
0.001449544648
5.424401631e-06
7.641076186e-05
-0.0001369847094
0.0001051544603
-2.866744196e-06
-0.002567017212
0.002258305878
0.0001413899212
0.0001634709817
0.001295198937
0.0001514789637
-3.669013914e-06
4.909870825e-05
-0.0001519869477
-0.002566525526
0.0002983959015
0.002439901452
-1.978487762e-05
0.002629450989
-0.0002992441463
-0.002689071553
-0.0002409596216
3.530557987e-05
0.002476018889
-0.0005241254061
0.002450833054
-0.002397727309
0.0001061379753
0.002250045754
-0.002992135408
0.0004549861093
0.002466674362
5.669393679e-05
-4.994478847e-05
0.002370673738
0.0001443595927
-2.518709188e-05
-0.002136354424
2.796038667e-05
0.002099860213
-7.534886641e-05
2.311185055e-05
-0.0001053927457
-0.00241697485
0.002364620971
4.170242711e-05
0.002306090195
-1.284881801e-05
3.843093906e-05
-0.0004406969404
0.001690442772
0.001016197695
0.0008284978862
0.0008545019942
0.001642421002
2.315685056e-05
2.486492258e-05
-0.001614871717
-2.845024901e-05
0.00162225411
2.106784661e-05
2.812583684e-06
2.473670073e-05
-3.569481812e-05
-0.002378656443
0.000153011795
0.00211554562
0.0001457938404
0.002067748569
1.792435222e-05
-2.722164254e-05
1.88115476e-05
0.002325363512
-0.0001410002782
0.002336612182
5.067079957e-05
0.002016851028
-0.0001956421755
0.002356354556
4.089592874e-05
-4.185478315e-05
0.002054370555
7.804345653e-05
2.498638898e-05
-0.001982722253
3.555109744e-05
0.001970163266
-3.789938416e-06
1.595559723e-05
-3.834483761e-05
-0.002338886318
1.686284702e-05
0.002322592019
1.652416756e-05
0.002035052645
2.951669534e-05
-0.00252328218
2.335407904e-05
0.0001771441136
0.002468577827
-0.0005337486317
0.003200323557
-0.002204725372
-0.0002857513504
0.002399009618
-0.00236853558
-0.0001270506919
-7.927192519e-05
0.002504479243
-0.002683922344
0.003005629811
0.002432249475
0.002402395927
2.102526468e-05
7.014302117e-05
-2.034292612e-05
-0.002924144574
0.002899504297
-1.335642257e-05
-0.002418087063
0.00240295274
-4.549315141e-05
-5.529544018e-05
0.002385220746
0.001598124159
-3.894584631e-06
0.001608871191
-3.235630138e-05
-0.001622429155
-2.617777324e-05
0.001636593295
1.201363398e-05
-3.060813303e-05
1.705016939e-05
-3.521375185e-05
-0.002029104823
1.873644343e-05
0.002030987213
1.45949148e-05
0.001968201465
3.599537544e-05
2.848029313e-05
8.724215179e-06
0.002285355741
-2.528868643e-05
0.002316792147
1.393339709e-05
0.001970772576
1.66545103e-05
0.002313375755
1.11453361e-05
-3.480713179e-05
0.002034556469
1.883383005e-05
1.240404918e-05
-0.001976115245
3.37303301e-05
0.001971286717
3.123147885e-05
8.238472271e-06
-2.590279647e-05
-0.00231309979
1.210569806e-05
0.002302855499
1.1169759e-05
0.002031214243
1.162660778e-05
-0.002403903145
2.264602696e-05
-9.017828391e-06
0.002404869859
5.279803793e-06
0.002890420947
-3.251915071e-06
0.002402791372
3.021774019e-05
-2.875365633e-05
0.002447566587
0.002900426491
0.002400671648
0.002408165098
2.076442805e-05
-1.165561711e-05
-1.85092899e-05
-0.002910807952
0.002911407684
3.990750064e-06
-0.002397691285
0.00238871252
2.876289659e-05
-3.121716124e-05
0.002404816317
0.001615268495
-1.238879842e-05
0.001607635809
-1.82481688e-05
-0.001602612397
-3.324101175e-05
0.001618823237
1.70301681e-05
-1.589204499e-05
2.091545718e-05
-3.534225299e-05
-0.002028657334
2.30342336e-05
0.002030365902
1.059945025e-05
0.001954240908
3.573492886e-05
2.745811093e-05
7.048009878e-06
0.002277817711
-2.662478424e-05
0.002308793775
1.303744466e-05
0.001954741762
1.166705318e-05
0.002309919408
1.184216059e-05
-3.51956738e-05
0.002034187194
2.383086746e-05
7.543516557e-06
-0.001958639098
3.471652556e-05
0.001957104853
3.03164083e-05
7.269928485e-06
-2.603998005e-05
-0.002315208703
1.327988302e-05
0.002318320207
7.655964932e-06
0.002035207774
1.311779103e-05
-0.002401606883
1.024102411e-05
-5.679439943e-08
0.002402022105
-1.212165763e-05
0.002906429162
-2.75482951e-06
0.002395552926
2.155889227e-05
-3.608639401e-05
0.002448260116
0.002899981765
0.002399236051
0.002405248029
7.227581671e-06
-2.909988562e-06
-3.681203316e-05
-0.002892913153
0.002896311185
4.211357624e-06
-0.002402644088
0.002400760858
1.932978537e-05
-3.909964999e-05
0.002380303318
0.001601411465
-7.320638238e-06
2.473240726e-05
0.001636191911
-5.155481107e-05
1.677436618e-05
0.0004301156435
-0.001687816236
-0.001069416792
0.002226967782
-0.0007884414882
-0.0008754700566
0.0013055857
-6.151386524e-05
9.889538205e-06
-3.196401716e-05
-0.002048304177
-3.598818528e-05
0.002114254034
2.002349272e-06
0.001966756355
3.619312883e-05
6.373291928e-05
7.02848241e-07
0.002321385037
-1.368196004e-05
0.002332265466
1.269336245e-05
0.002008085831
9.414765487e-06
0.002351542899
-2.204373661e-06
-3.752859681e-05
0.002385274966
-0.0001176703941
-0.0001158219447
-0.002071834831
6.021649261e-05
0.002096644876
9.213417098e-05
-4.652467e-06
9.019131434e-05
-0.002334630458
-2.193597614e-05
0.002355118836
0.0002381079457
0.002297574827
-1.68531478e-05
-0.00238954146
1.372452556e-05
-8.301085038e-05
0.002460830133
-1.077066521e-05
0.002915568089
1.059404193e-05
0.002413914829
0.0001033266523
-1.580219647e-05
0.002503254946
0.003003451382
0.002429474373
0.002525136134
2.702053148e-06
-0.0001828300011
0.0004848439527
-0.003200148225
0.002192293681
0.0002975681827
-0.002401718221
0.00236563112
0.000169404649
1.267020064e-05
0.002670186159
-0.0004629939038
-0.0008753880893
0.001338381975
-0.001455430557
-9.661056768e-06
0.001547099855
-8.200824521e-05
5.074995019e-05
0.002227421185
3.441192548e-06
9.325654285e-07
0.002527038906
-0.0001934999256
-0.0002104744891
-0.0001489122874
0.002708689256
-8.609494798e-05
-5.446651126e-05
0.001607459561
1.250888657e-05
-7.286859936e-05
3.48650503e-05
-2.261512265e-06
-2.424096125e-05
-0.002913706375
0.00329238442
-0.000219790222
-0.0001177741685
0.002137874989
-0.001017650297
-7.946833355e-05
-7.817485138e-05
-3.125232003e-05
-0.002359929289
-9.023344857e-05
0.002437020071
4.439498215e-05
0.002127324599
5.205516702e-05
0.0001465527589
-1.061856402e-05
0.002467781509
4.721363041e-05
0.002402716498
-1.175077063e-05
0.002249795111
3.691433685e-05
0.00245156649
-1.026242677e-05
5.574106529e-05
0.002575445843
-0.0002274037551
3.323690753e-05
-0.002628304983
0.0003913448625
0.002688754091
0.0003147187215
-2.625643298e-05
0.0004574878717
-0.002441070586
0.002388206731
-8.194354113e-05
0.002974228546
-0.0004253380618
-3.059609014e-05
-9.498388559e-06
1.539627213e-05
0.002368762615
3.874118037e-05
-7.994677748e-05
-0.002305377525
1.41701283e-05
-0.002845262262
-9.117767952e-06
-6.3232328e-05
-4.215572703e-06
0.002372812
8.616404749e-05
-3.152419647e-05
-0.002269209636
6.232690453e-05
0.002253441659
-0.002842232319
2.75453953e-06
0.002842283166
0.00239400679
-0.0001558565958
-0.0006521693992
0.009313272869
-0.0008316048289
-0.009225895372
-0.001059669548
7.192307299e-06
0.009266651777
-0.0002262221514
-0.009205737996
-0.0002469397376
0.009225544579
1.185560239e-05
-0.0002067758704
-0.0003768515785
-0.0003436888534
-0.009108534547
1.268641773e-05
-0.0004914099172
-0.0003820805826
-0.0004382582904
0.0001016597892
0.0004372520621
0.009313265531
0.0009482872158
0.0007399396884
1.689973996e-05
0.009235546645
0.009241423685
0.0002890498911
0.0002393695058
0.009218024717
0.00917901667
1.982051166e-05
0.0004262704026
0.0004022737387
0.0003491093362
4.011784485e-05
0.0001816760977
0.0003210447996
0.000282055581
0.009086067129
0.0001596045073
-0.001026655754
0.009321928227
-0.0004774017547
-0.009275061022
-0.0006303385498
0.009225538004
0.0002319883647
-0.0003750377129
-0.0002050686698
-0.0002991697488
-0.009114093269
0.0002585594302
-0.0004515871489
-0.000390801714
-0.0003893016957
0.009266919778
-0.009211616349
-0.0001008748929
0.0008013916976
0.009329077242
0.0006701134234
0.0004574858107
0.009278265135
0.009201119277
-0.0002853502985
0.0004424315232
0.0004095731045
0.0003669869542
-0.0002549025908
0.0003393468177
0.0002627005913
0.0003346060375
0.00910962141
0.009242929439
0.009213563212
-0.0003458620145
-0.0001370449183
0.009284749272
-0.0001916525762
-0.009256089379
-0.000432879166
0.009300288846
-0.0002731412017
-0.009308270474
-0.0004518921015
1.889286345e-06
0.009233223267
3.921653461e-05
-9.907593891e-05
-0.00013665527
-0.0001362844336
-0.009257048557
1.183283742e-05
-0.0002215007149
-0.0002154845528
-0.0001723231618
0.002379702293
0.002317591406
0.00236204907
0.0002283355428
3.950316654e-05
0.009287727269
0.0003851692493
0.0002185863061
0.009275985067
0.00932482565
0.0003310333525
0.0002124046659
8.835086753e-06
0.009321657412
0.009253348879
-3.194277068e-06
0.0002175859564
0.000167379945
0.0001779443422
-0.002380189982
-0.002315319471
-0.002358454188
2.21432637e-05
0.0001043578211
8.675815239e-05
0.0001188714402
0.00927070484
-0.0001611315663
-0.000111226768
0.0001939280915
0.0001592831535
0.009211397375
-0.0001188026598
0.0001310824421
-0.009290205403
4.670167743e-06
0.002245028695
0.002270425598
0.002252701357
-6.187077751e-05
-5.984593378e-05
-4.617136441e-05
-8.612602428e-05
0.0002936958056
0.009224297262
-5.760482166e-05
8.860400733e-05
-0.009293552887
4.571981649e-05
0.002291886342
0.00226593275
0.002281788404
-9.790997337e-05
-8.685786671e-05
-4.049017619e-05
-4.556508939e-05
0.0002014928332
-2.398294597e-06
-0.0001383775329
0.002304711049
0.002342863636
0.002327146691
0.002293717635
-0.009304070665
-2.654259357e-06
9.40734414e-05
9.233993208e-05
0.0004979605788
-0.002386171974
1.200340377e-06
0.0001747501178
-0.0001444320924
-5.702902501e-05
0.009213257123
-0.002233487234
-0.002271924556
-0.002224303837
1.361453243e-05
-0.0001624674038
-0.0001052246623
-4.335764127e-05
-2.705993463e-05
-7.187681888e-05
7.06445141e-05
4.894170005e-05
0.009166748157
0.009087130415
-0.002276085182
-0.002178201613
-0.002242921703
0.0001451538405
3.612556481e-05
-1.406064632e-05
7.613388796e-05
-9.820142885e-05
7.100025667e-05
-4.106914575e-07
5.300807514e-05
0.009138282948
-6.957369915e-05
-7.049397553e-05
0.0001105480426
-0.0005425444414
0.002053855687
1.51958144e-05
-0.0001386176586
-0.002185748169
-0.001966543905
-0.002219286966
-0.002049598154
0.008543722538
0.0001646779607
0.002245236486
0.002265669226
0.002251890657
-5.105535724e-05
-4.914398883e-05
-4.333459487e-05
-9.033380005e-05
0.0002885090077
0.009242314764
-7.221321794e-05
0.0001062283795
-0.009295774858
-0.0001037523166
0.0001869381247
0.0001571557486
5.759105881e-05
0.002302615022
0.002342350838
0.002326335172
0.002290684068
-0.009302870995
0.0001106635273
9.031272701e-05
0.0005299004635
-0.002374456658
0.009230524231
-4.153524875e-05
-0.009292186787
8.857564618e-05
4.445188268e-05
0.002296951068
0.002272422273
0.002279320951
-0.000100068057
-8.295127788e-05
-3.866777794e-05
-4.274205287e-05
0.0001955737292
0.0006075684887
0.002285342345
-0.000291256568
0.002150201551
6.152303195e-06
0.001508430873
0.002189033083
0.001260358831
-0.0004293677085
5.208259093e-05
0.0004266354027
0.002233907646
-5.83523272e-05
0.0005024678272
-4.502334095e-06
0.002250264814
0.002264026713
-7.988583325e-06
0.0005321006402
0.002180639917
-7.984282952e-05
0.0004208622778
-0.0002278115177
0.009261428315
0.0001438631989
-0.0001508457981
0.0001212156472
-9.457438546e-05
0.009279590508
-0.0001246462472
-4.112189115e-05
-0.0006755296396
0.002077956075
-0.0002426868655
0.0005050053458
-0.002251833321
-0.001998933015
-0.00226485911
-0.002040606164
0.008729971294
0.009173826886
-0.0001481322513
-0.002290869944
-0.002222860973
-0.002278597298
0.0002673958342
3.204928109e-05
-1.111942599e-05
0.0001887197961
-0.000264157952
-3.492858137e-05
0.009209169899
-0.0001218855974
0.0003309190855
-0.0004270639586
0.009328791387
-9.075611394e-05
-0.009321121815
-0.0001324533532
0.009263682042
0.0002661222576
-9.542095926e-05
-0.0001175763679
-0.0001246421796
-0.009268226547
0.0004319422684
-1.064457206e-06
-0.0002159758909
-0.0001899426391
-0.0001657648803
0.002377610662
0.002317875304
0.002357959693
0.009305558885
1.15998317e-06
-0.00931127282
3.444802359e-06
-0.0002542704177
0.00020037863
0.00934845188
8.212852355e-05
3.889488144e-05
0.009326576138
0.009247115592
-0.0003646198202
0.0002312958986
0.0001943095643
0.0001876092791
-0.002389842926
-0.002319535994
-0.00236397377
-0.0002515679367
-5.436058322e-05
0.0001093036561
0.0001194404718
0.0001381564192
0.009295010638
0.009322170379
-1.011364362e-05
-2.203704669e-05
0.009323128228
-0.0004314518912
0.0001369106464
0.009263818953
0.0002116251901
-0.0001161769205
-9.412371859e-05
-0.0001245518393
-0.009263394935
0.0004361233416
-0.0002163374204
-0.000187161782
-0.0001670498746
0.002377607248
0.002317807943
0.002357980694
0.009327922566
-0.0002417228177
-0.0093178925
-0.0003304156819
0.009287553376
-0.009255261096
0.000247285113
-4.972723177e-05
0.009245937603
-0.0003969937147
0.0002304931822
0.0001933297241
0.0001860883738
-0.002389485258
-0.002319295156
-0.002363802832
-0.000224183617
0.0001182838726
0.0001032886237
0.0001362304347
0.009293870793
0.009346882053
0.0003151295545
0.0002469644114
0.009323417773
0.009289000751
0.009278901809
0.0001408460116
0.002282619662
0.002294343622
0.002268719518
-9.595562836e-05
-8.462034426e-05
-3.730080622e-05
-4.342126097e-05
0.0001956067623
-2.248843916e-05
0.002254849109
0.002284935746
0.002280841185
0.002244404693
-0.00923546523
-3.523883972e-06
0.0004729137964
8.701405213e-05
-0.002169092073
0.009179688758
-6.505628575e-05
8.485256038e-05
-0.009263451205
-0.0001643170648
0.0001567141679
0.000202403492
0.009035589494
-1.009458247e-06
-0.009225748908
0.0001036241478
-1.63397531e-06
0.002175094087
0.00222546459
0.002213463781
-0.0001161033363
-9.662747018e-05
-2.118387188e-05
-3.146745509e-05
0.0003188391906
-0.0008952504354
0.002272276997
-0.0001408370394
0.0008158396127
0.002292897216
0.00278070891
-0.0001722483478
0.0001352419379
-0.0002264520416
2.335353277e-05
0.003157673386
0.0002692396786
-0.0001387291839
7.537849e-05
0.002203495805
0.0003103392777
0.002366419337
0.002291525598
0.0001560694574
-9.914601259e-05
-0.0001093955341
-0.00055735268
0.0001158894512
0.00198666948
-0.0001694705612
-5.297599831e-05
-0.002219770781
-0.002017583113
-0.002037245972
-0.002193855671
0.008708353974
0.009211501086
5.063241109e-05
-0.0001711118955
3.271753179e-05
-0.0001046103031
0.009255852215
-7.160433343e-05
0.009135956714
-5.842145855e-05
-0.002201927463
-0.002230818079
-0.0022289278
1.754234981e-05
9.772275359e-05
6.698758945e-05
-0.000120082543
-0.0002054540013
-5.43697544e-05
0.009193834686
-0.0001402611829
0.0004637562911
8.347619402e-05
-0.002160224768
0.009169429222
2.278148762e-05
-0.009266477108
0.0001454441431
0.002275323519
0.002289617278
0.002270402751
-9.735006139e-05
-8.894533925e-05
-3.78803063e-05
-4.444013575e-05
0.0002020601726
0.009032236336
6.418410206e-05
-0.009224398474
0.0001634568469
0.00217720428
0.002225608618
0.002213915561
-0.0001186076742
-0.0001049690561
-2.235044583e-05
-3.052841335e-05
0.0003201157616
0.009172780188
-0.009262137901
8.48629828e-05
9.146032053e-05
0.0001609909673
0.0002071994965
-0.001154074358
0.0003164275025
-0.002911204091
0.002531286636
0.00065022673
0.0005673375829
0.001695707999
0.0006372568174
-0.0003054635295
0.0008369800456
-0.002588891593
0.002672707872
0.0004553874788
3.679369646e-06
0.0004312661688
-0.002087660982
0.0005416336406
6.029704796e-07
0.002498190392
0.0004903420133
0.0001666731646
0.0001954172511
-0.002180650211
-0.0002832684043
0.001791431589
-1.661721786e-06
-0.001506501469
0.00210275249
0.0001879369123
-0.00123557584
6.839690705e-05
0.002413995958
2.949480668e-05
-0.0004091351838
2.393876345e-05
0.002352314678
-0.0005164249406
-1.897691267e-05
0.0002479176951
-0.002161669934
-0.002001816885
-0.002044665757
-0.002163433982
0.009056514276
-0.0002724677942
0.0001234400773
1.040095232e-05
-3.304782821e-05
7.850424389e-05
-0.002199573193
-0.002277060177
-0.002242398926
-0.0001646189135
0.009117176771
5.005096003e-05
0.009061340841
4.002701224e-05
-9.367453774e-06
-9.783526882e-05
-9.694456407e-05
-0.0001503240045
-0.002183465045
-0.002213544614
-0.002194235344
4.24103292e-05
0.009118287826
9.419066963e-05
0.009190365482
-0.0001240248169
-0.000187634922
0.009243631457
-4.426959363e-05
-0.0001312049623
0.0004477448054
0.0004377308969
-0.0002206904189
-0.0002118806876
-0.0001721018608
0.002379841494
0.002317585793
0.002362141983
0.009300305107
9.682774255e-05
-0.009307276791
0.0001399335071
0.009283684942
0.0002476302877
-0.009248317674
0.0003440426157
0.009326284765
-0.009315875232
-1.704411127e-05
0.000229219721
6.741437393e-07
0.002040952721
0.003247304355
0.0002751194085
-0.002220299013
0.0001373515377
0.003008392335
-5.875298741e-05
-0.002415528938
0.002443035458
0.002231309405
0.0001587374522
3.647435451e-05
-0.002273355656
1.569369782e-05
0.002241819131
-0.002333905145
-3.025886301e-05
3.242390399e-05
-5.519263949e-06
0.002022810335
7.6999788e-05
0.002228273195
6.714657259e-06
0.002883766623
-2.369141746e-06
-6.60752219e-05
0.003002116928
0.002398045318
-4.705234557e-05
0.002441439731
8.773021286e-06
0.00223835506
-0.0002159028416
-0.0002481579152
8.825383548e-05
0.0001043002504
0.0001192639434
0.009325116161
-8.939197127e-05
-5.404782941e-05
0.009321256135
0.009287071157
-0.0002972321149
-0.0002260404837
0.009269464347
0.009346784875
0.009322795931
-0.0002567315935
0.0006362405667
0.009210432773
0.0007988014521
-0.0002077467342
-0.000363420682
-0.0003124017647
-0.009079765033
0.001027708214
-1.321178219e-05
-0.0004562797885
-0.0003896924657
-0.0003972650398
0.009317854758
-0.0001446105986
-0.009267218277
-0.0001574450384
0.0093065442
-4.78156528e-06
-0.009217708458
-6.680061307e-06
0.0002410079993
-0.0004553121631
0.009185020635
-0.0009601877594
0.0004420612056
0.0004099024743
0.0003668137856
-0.0007816111506
-3.397018857e-05
0.0002603404876
0.0003393326807
0.0003365882362
0.009070008679
0.009322763289
0.0001068689603
9.077162252e-05
0.009268127364
0.009310251325
-6.231917746e-06
-1.337657504e-05
0.00922779783
0.000249422083
0.001063766289
-0.0004998075832
-0.000383645767
-0.0004505205759
0.00926165767
0.0004938312696
-0.009188678717
0.0006542007729
0.009304472695
0.0001429570557
-0.009215056251
0.0001560671954
0.009317318751
-0.009264966891
-0.0002248140517
-0.0007281688593
0.0003219964704
0.0001881889283
0.0002876162559
0.009236067576
-0.0006560109393
-0.000445048053
0.009200760058
0.009303972963
-0.0001105931159
-8.819029705e-05
0.009220791886
0.009321823021
0.009269172286
0.00324602786
0.000276065317
-0.002219826339
-1.993777259e-05
0.0002311001409
0.002039932984
2.083213667e-06
0.0001384578811
0.003006965941
-0.002415426435
-5.933582709e-05
0.00244288816
0.0001594584294
0.002231199152
3.649955306e-05
-0.002273169616
-0.002333824584
0.002241641957
1.576666167e-05
2.449573383e-06
-0.002894083902
-1.95621751e-05
-0.002230683683
8.723585676e-06
-7.86792586e-05
9.602100331e-05
-7.280618957e-06
-0.002396541925
5.15283652e-05
-1.275557446e-05
1.068744716e-05
-1.104961666e-06
0.002881995376
7.754727267e-05
0.002227685303
6.160374037e-06
-3.207755842e-05
3.363957532e-05
0.002021751189
-4.966746371e-06
0.002397778815
-6.473592055e-05
0.003000232295
-4.778754271e-05
0.002441168896
0.002237726427
8.130289547e-06
-0.003237096803
-0.0002608468858
0.002181993398
-7.54626691e-05
-9.715981773e-05
2.080921883e-06
-0.0001421029985
0.002413325666
6.325626584e-06
-0.0001383412495
-0.002225731775
3.512096318e-05
0.002243154467
0.002318670827
1.195462394e-05
-0.0006911059771
-0.002265102703
0.0003497215614
-0.002157578871
-0.001455080278
-1.360137993e-05
-0.002156889998
-0.001347907092
0.0005500355115
-6.905284546e-05
-0.0005967450908
-0.002190837223
3.494381743e-05
-0.0004650325729
7.527019531e-06
-0.002246702263
-0.002227035149
-0.0005053615423
9.816148482e-06
-0.002196118896
-0.000804755328
-0.002298693037
0.0008405985011
-0.002347839342
9.881145608e-05
-0.00277492492
0.0001505561595
0.0001916094595
-6.135332287e-05
5.001588308e-05
-0.003201770422
0.000160978396
-0.000381234991
-4.504700568e-05
-0.002188624313
-0.002282692991
-0.0003102932263
-0.002480134429
-0.002913617162
0.0002872436692
-0.001087067477
0.002513836525
0.0005283107612
0.0006712936843
0.0005067314061
0.002693392156
8.114456868e-06
0.0003455794686
-0.002281750505
0.000504199766
0.001671439934
-0.0001224699308
0.0008983396547
-0.002489478446
0.0001384951415
0.0001771142998
-0.002218295431
0.002481599839
-2.152282594e-07
0.0004992512152
0.0005843724567
0.0003595757125
-0.001799912288
-1.474370262e-05
-0.002131119857
-0.0001640125397
1.231346842e-05
0.0005883803564
0.002269556934
-0.0002730317711
0.00214724648
0.001502398188
0.002158787473
0.001232213487
-0.0004035982839
5.196013903e-05
0.0004061759794
0.002182479294
-6.171677459e-05
0.0004934197624
0.002243424138
0.002241814527
0.0005186687728
0.002165969029
0.0007884962583
0.002259767301
-0.0008996613584
0.001920669079
0.002719147334
-0.0001876689438
-0.0002146490033
0.0001282723597
-2.564032627e-05
0.003114469096
-0.0001099787177
0.0002365823073
0.002245913462
0.002281611803
0.002595863025
-0.0002831563942
0.001786635067
-1.080484048e-06
0.002094600263
7.510691198e-05
0.002400029002
0.002354600878
2.580987668e-05
0.002760675658
-0.0002578259526
0.0008076295591
-0.000357869473
-0.0005525807819
-0.0005512564831
-0.002465008115
5.91725441e-05
-0.00027306301
0.002194204676
-0.0003089547638
-0.001104631741
-0.000499559472
-0.0006997897357
0.002243718054
-9.996295827e-05
-0.0001231553426
0.002123582719
4.126215761e-05
-0.0004094953451
-0.0002970021815
-0.0006307269943
-0.002267124764
0.0003181544825
-0.002153934254
-0.001485401581
-0.002170560228
-0.001298950571
0.0004697689947
-8.005626062e-05
-0.000501898934
-0.002190061577
6.205194889e-05
-0.00048601999
-0.002242138138
-0.002231468307
-0.0005287876938
-0.002181406662
0.0002589371774
-0.002949920359
-0.0007887967823
0.002496137104
0.0003829862121
0.0006006566485
0.002667352424
0.0005332767967
0.0003701086741
-0.00227415412
0.0005134024218
0.001210107713
0.0008349127784
-0.002541075755
0.002422854406
0.0005032199681
0.0001517767212
0.0001739619641
-0.002228979825
0.0004213109307
0.0002984630691
-0.001798608353
-0.002160382824
-0.0001762550418
-0.0001077718275
-5.837282616e-05
-0.0007749359733
-0.002294362964
0.0008298080127
-0.002045136867
-9.498812731e-05
-0.002793946938
0.0001858113004
-9.251457967e-05
-0.003178784438
0.0001475202545
-0.0003152316017
5.287625034e-05
-0.002246321808
-0.002291811559
0.0003229726002
-0.002775855648
-0.0002845308902
0.00179188128
0.00216672307
0.0001700883728
6.238718985e-05
0.002558234603
-2.726331954e-05
0.002412178986
-0.0004086257062
0.002864071575
0.001297821941
-0.0005353825762
-0.0006596506287
-0.002485814567
-0.0004091556337
-0.0002817546958
0.002243836327
-0.0007917906539
-0.001761423874
0.0003918038514
-0.000881825514
0.002364112816
-0.0004409991308
-0.0003365692381
-0.0002191752849
0.002218869807
-0.000463601932
0.0008173341115
0.002293438784
-0.000892176043
0.002272507962
-0.000143629967
0.002777387734
-0.0002287464049
0.000129295692
0.003154543135
-0.0001344241646
0.0002706411523
7.095914483e-05
0.002203690216
0.0022916972
0.0003020937579
0.002370351053
0.003247715506
0.0002630664045
-0.002194153752
-6.458926726e-06
0.0002118580129
0.002043398195
0.0001266550781
0.003015067296
-0.002412964426
-7.781924803e-05
0.002443069664
0.0001939427551
0.002227811626
-0.002242239875
-0.00231590935
0.002243178632
-0.002902078392
-5.624282796e-06
-7.614965901e-05
7.630289142e-05
8.373899157e-06
-9.943419226e-06
-0.002232759256
-8.759654018e-06
4.276946106e-05
-0.002397174469
-2.504751267e-05
-1.064014561e-05
0.002893127488
-1.04285646e-05
-2.565173376e-05
1.495399798e-05
0.002030353807
8.469902365e-05
0.002231309488
-7.634237026e-05
0.003011824911
0.002398986307
-5.797175469e-05
0.002443000972
0.002242171009
-0.003251674012
-0.0002752635052
0.002219357387
-6.486014403e-05
-0.0001136383765
-1.824109829e-06
-0.0001536892416
0.002418161727
-9.403142869e-06
-0.0001060667364
-0.00223507899
-3.597120307e-05
0.002279527615
0.002338390515
-1.285119141e-05
-4.872760352e-06
0.0002117685856
0.002043970569
0.003247747012
0.0002627485098
-0.002194111062
0.0001260609712
0.003015174572
-7.782393977e-05
-0.002413009622
0.0024430957
0.002227954148
0.0001939107699
-0.002242332544
0.002243342081
-0.002315930507
-1.004194007e-05
-0.002232905457
-7.488787518e-05
7.611439767e-05
-6.15216145e-06
-0.002902223133
-0.002397206489
4.220240847e-05
-2.496365214e-05
8.411968211e-05
0.002231432509
-2.52794153e-05
1.512300769e-05
0.002030736052
-1.108665809e-05
0.002893195818
0.002398988379
-7.686431975e-05
0.003011837637
-5.725416657e-05
0.002442996607
0.002242270315
-6.476767741e-05
-0.0001133785521
-0.003251720657
-0.0002756051178
0.002219211537
-0.0001541824284
-8.572107201e-06
0.002418127419
-0.002235134587
-0.0001070466351
0.002279541424
0.002338319717
0.000839114839
-0.002049362716
-0.0007752075757
-0.002293734584
-0.002793873651
0.0001788714602
-0.0001084771718
0.0001874095966
7.499516572e-05
-0.003185908032
-0.0003099598545
0.0001525363559
-0.002246611513
-0.002778092968
-0.002292271455
-0.0008504257942
-0.002951025209
0.0002833480469
0.002511558538
0.0005892814966
0.0004172629226
0.001235832208
0.0006878265252
0.0007786571818
-0.002617872333
0.0004620493407
0.002653377724
0.0004490201559
-0.002091757531
0.0003854064141
0.0001642711915
0.0002234394649
-0.002188859999
0.00244720815
0.0004901205915
0.0003087380722
-0.001829327742
0.001505667754
1.492191524e-05
-0.002179706684
0.001315070899
-0.0001041452005
0.0005109922203
0.0005255574652
-1.182225637e-05
0.00031987276
-0.002167961948
1.131060197e-05
-0.000638786084
-0.002269307327
-0.002177722982
-7.568085969e-05
0.0004815471529
-0.00219694345
-0.0004810287537
5.648545521e-05
-9.272109633e-06
-0.002238443833
-1.405339948e-05
-0.002185060697
-0.002231887026
-0.0002858877315
0.001800294383
-0.001516068372
0.002176539668
-0.001266675551
5.869921337e-05
0.002571715902
-0.0004305219191
0.002414797497
-0.0005318651362
0.001311991253
0.002881625206
-0.0004253289377
-0.0006472936578
-0.0005492779673
-0.001763918712
-0.000903071721
-0.0008387971104
0.002479001967
-0.0003499723659
-0.00247326394
-5.654512015e-05
-0.0003361948883
0.00208219352
-0.0004519274595
-0.0001976997064
-0.0003866654742
0.002212946304
-3.76431439e-05
-0.0004461522328
-0.0002902553164
0.002161849868
6.524130269e-06
0.0006097552192
0.002289593966
0.00219855839
4.786881923e-05
-0.0004320928511
0.002243121991
0.0005028488107
-5.472649046e-05
-4.536072053e-06
0.002249489952
-7.703983053e-06
0.002188406347
0.002265686301
0.0003649174657
-0.0018198186
0.00146982305
-0.002139603434
-0.0001630059847
0.001368948854
-0.0001532437678
-7.22367395e-05
0.0006171637098
0.0005133057689
0.0008581388072
-0.00235407652
-0.0008022559203
-0.002298935683
-0.002777175282
-7.709097285e-05
0.0001920294283
-0.003207230334
-0.0003725744274
0.000162498873
-0.002189617294
-0.00248076932
-0.002283425411
0.000343512076
-0.002169527462
-0.0007026687186
-0.002266582727
-0.002160215032
-6.184109487e-05
0.0005685370626
-0.002193709303
-0.0004662263689
2.979237685e-05
-0.002242480639
-0.002198342556
-0.002226973943
0.0008296618021
-0.0002803604816
0.00278774483
-0.0005468346416
-0.0003762155569
-0.001121824009
-0.0004891930539
0.002376866106
-0.0006755148752
-0.0024508805
-0.0004778991702
0.002022454074
-0.000332382868
-0.0002921622066
-0.0004165694432
0.0021158444
-0.0001158034449
-0.0001793883434
-0.0009033833806
0.001923977206
0.0007895928016
0.002261772493
0.002723491301
0.0001353544256
-0.0002147748188
0.003122772344
0.000238335684
-0.0001153934674
0.002248137917
0.002599761074
0.002283949274
-0.0002718112279
0.002154334822
0.0005889308658
0.002269991096
0.002164851888
4.712595492e-05
-0.0004059915429
0.002189322222
0.0004926854122
-5.781236343e-05
0.002240664917
0.002170017266
0.002240660122
-7.572348279e-05
9.414485116e-05
-2.011658512e-05
-0.002230897636
-0.002895517952
1.365144538e-06
5.043035136e-05
-0.002396708449
-1.221289448e-05
-7.401576379e-05
-9.865672071e-05
-0.003239110637
-0.0002618891067
0.002182946998
-0.0001433219852
7.198180152e-06
0.002413578166
-0.002226323057
-0.0001394134801
0.002243696557
0.0023188746
-9.412819153e-05
-0.0001229065154
0.009581404484
-0.0002437647584
-0.009530576928
-0.0001391447115
0.009578811556
0.009619429755
-0.0001923692025
-0.00953520333
-9.587187674e-05
0.009615987828
0.009710569346
-0.00956178029
0.009682665828
-1.784966207e-05
-4.372121003e-05
0.009557349095
-4.196170426e-05
-1.347885177e-05
0.00954402966
0.009587158294
-1.93154437e-05
5.07625103e-06
0.009569382936
0.009623535455
0.009597703137
3.681130321e-05
1.911631416e-06
0.009554165334
2.335842856e-05
5.504375682e-05
0.009572667852
0.009585086512
2.972521079e-05
5.580440936e-05
0.009612473176
0.009620296633
0.009677056242
0.0001291787741
0.0001293676681
0.009573560926
0.0001472506268
0.0002631651218
0.009525267822
0.009615547556
0.000128013294
0.000227299871
0.009530405371
0.009704886218
0.009560005613
9.223902413e-05
-0.0001314207346
0.009555740037
-0.0001775125168
-0.009519389884
-0.0001169072213
0.009568329588
0.009709437033
0.0001897351653
-0.00955773486
9.262596273e-05
0.009682652883
0.00961778431
-0.009530756318
0.009615946311
1.668050834e-05
-4.161868813e-06
0.009556793441
-5.827868825e-05
-3.776913857e-05
0.009550190314
0.009623517879
1.640384763e-05
-7.704381594e-06
0.009597914563
0.009587743253
0.009570417828
-3.759587699e-05
6.378261727e-05
0.009554405818
-1.440180175e-05
8.037945045e-06
0.009564275735
0.009620590972
-3.21388486e-05
-5.833858784e-05
0.009677767748
0.009586153384
0.009613793871
-0.000130673389
0.0002706503076
0.009554724776
6.574174401e-05
0.0001337788668
0.009517466163
0.009707727829
-0.0001303444878
-0.000230297397
0.009565867554
0.009618702781
0.009536432011
-9.673787157e-05
-1.358489161e-05
0.00953042666
-5.806575793e-05
-0.009466360905
-8.587296975e-06
0.009532474703
0.009470987624
-0.0001620334748
-0.009445265912
-0.0001033700141
0.009480268685
2.895954383e-06
0.009479931781
1.055583768e-05
-0.009430111923
0.009482900146
7.835737491e-06
-2.804594079e-05
-3.958300827e-06
0.00951495751
1.778654727e-05
1.579822842e-05
0.009503514927
0.009481220345
-5.268299255e-05
-2.94071093e-05
0.009478494718
2.17102512e-06
0.009473740835
6.388864261e-06
0.009465877871
6.414766096e-06
1.643878196e-05
-1.657235521e-06
0.009513947703
7.976809929e-06
8.902706286e-06
0.009530038864
0.009480365969
-1.289002019e-05
1.095729533e-05
0.009480410702
1.742721774e-06
0.009471549971
4.626845948e-06
0.009479228422
5.888686368e-06
0.000107360546
2.67504963e-05
0.009527888596
3.983459981e-05
8.947228925e-05
0.009464831917
0.009472198645
5.741393742e-05
0.0001226212384
2.582306169e-06
0.009447637268
0.009476165199
7.292209457e-06
1.088925692e-05
0.009425660088
0.0001819135043
0.0001061056239
-0.003174648497
0.002943043849
-9.267028363e-05
-8.918874862e-05
0.002400348752
0.002467735247
-0.0003904021053
0.002388743252
-0.0001513286595
0.002462028905
0.002332823687
-0.0001480026509
-2.962121099e-05
-0.002790558258
0.002931957502
2.928515444e-05
0.0001034363462
0.002392394955
0.002401176035
0.0001717081605
0.00222836057
6.350102933e-05
0.002455525008
0.002318766934
0.0003457159062
-8.742774783e-05
-0.00220455709
6.588637935e-05
-0.0004465853237
-3.83235595e-06
0.002227005836
-0.000200012266
0.002207046977
0.0001028111515
6.88742954e-07
-5.152788282e-06
9.393084561e-05
-1.621930551e-05
0.009485828844
-2.853954711e-05
-0.009459536739
-1.72203373e-05
0.009498984885
0.009477993437
0.0001589265515
-0.009422645069
9.952373513e-05
0.009482627133
-8.149464773e-06
0.009470300783
-3.52843572e-06
-0.009443536895
0.009480145683
-3.419161817e-06
2.553795089e-05
1.066403175e-05
0.009495437042
-6.872451801e-06
-6.515079487e-06
0.009493119185
0.009474133514
4.868944731e-05
2.52728618e-05
0.009467303294
-7.100918693e-06
0.009481356719
-3.046382657e-06
0.009478869329
-2.890628845e-06
-1.856111428e-05
3.558655387e-06
0.009493826605
-6.408063655e-06
-3.73890314e-06
0.009497222191
0.009471859421
8.470023716e-06
-1.536298366e-05
0.009479544939
-7.058373099e-06
0.009480616181
-2.458071366e-06
0.00948080357
-2.741938263e-06
-0.0001091376982
7.848450525e-05
0.009487642224
6.849281434e-06
2.311696254e-05
0.009462636429
0.0094781234
-6.230844887e-05
-0.0001264781794
-1.299798514e-05
0.009433162715
0.009473028127
-3.738684811e-06
-4.083919713e-06
0.009449589609
-9.969649452e-05
1.67275287e-05
0.00947798047
6.755570828e-05
-0.009422611629
1.588984453e-05
0.009482605352
0.00948570164
-0.0001431731956
-0.009459395892
-9.437211831e-05
0.009498885712
0.009528508041
-0.00946113495
0.009532233695
-2.53886587e-05
5.834403862e-06
0.009474089169
-1.269180459e-05
-1.12929687e-05
0.009467238197
0.009495330633
-5.026120095e-05
-2.60455373e-05
0.009492975681
0.009515352471
0.009504372627
1.52647692e-05
2.782350285e-06
0.009471783475
-4.829982913e-06
-4.568986364e-06
0.009479421709
0.009493663204
-5.637825639e-06
1.794898731e-05
0.009496993983
0.009514395624
0.009530610292
0.0001263578714
-2.453799721e-05
0.009477974455
-3.404079761e-05
-8.025744256e-05
0.009432953072
0.009487381649
5.980503113e-05
0.0001083819477
0.009462334746
0.009530332378
0.009470603976
-0.0006220174789
0.0001377222164
-0.002321278436
-0.0001037910594
0.00010176134
-4.511519922e-05
0.002927198279
0.0001109085506
-0.0001309645623
0.00230005398
-0.0001225801639
-0.0001912968139
0.0001248255106
0.001990386311
-0.0001116791246
1.054750661e-05
0.002158106683
6.909112074e-05
0.002163783102
-6.717095167e-05
-6.070824572e-05
-6.983459972e-05
0.0002766350928
-0.0002420636508
-1.81459766e-06
-0.0001127807364
6.027554699e-05
2.836238862e-05
9.22924927e-05
-2.804597619e-05
0.002313675291
0.002340342968
0.000101889706
7.939594264e-05
0.002300121632
-1.787758175e-05
-0.002346433428
0.002333752974
0.00232058539
2.707380458e-05
2.612188598e-07
-7.789971939e-06
0.002318793144
7.400081761e-06
-3.472976989e-05
-3.385669629e-05
0.002254501838
0.002203067078
-0.0001868845325
-0.0001009892629
0.002281602696
-1.665854333e-05
-0.002297149004
0.002316744907
0.002273398755
-5.428372077e-05
1.305745294e-05
-8.852175542e-06
0.002298342048
0.0001027034238
7.614144422e-06
0.009470945986
2.389834469e-05
-0.00944521461
1.273797979e-05
0.009480226244
0.009530457392
0.0001449463026
-0.009466406616
9.647412003e-05
0.009532531425
0.009486474431
-0.0094612842
0.009499069164
2.871553765e-05
-1.711647598e-05
0.009481206352
2.874447477e-06
2.868627714e-06
0.009478503112
0.009515038348
5.220727418e-05
2.785811929e-05
0.009503580568
0.009495257636
0.009492770822
-1.169454112e-05
-1.062798687e-05
0.009480381206
3.275488297e-06
2.097233766e-07
0.009480425057
0.009514015528
7.175977639e-06
-1.65142857e-05
0.009530074067
0.009493532739
0.009496699223
-0.0001234729298
-9.191750238e-05
0.009472245364
-1.135679e-05
-2.878421164e-05
0.009447723386
0.00952795331
-5.883272908e-05
-0.0001072692037
0.009464890559
0.009486639826
0.009460514962
-9.319771965e-05
0.0001171668064
0.009709579619
0.0002392678121
-0.009557778052
0.000132206652
0.009682929689
0.009555403774
-0.0001452365461
-0.009519007734
-9.234667213e-05
0.009568096597
0.009580808261
-0.00952952582
0.009578978056
7.222623271e-06
3.785915478e-05
0.009623674068
3.332708182e-05
4.194138533e-06
0.009597980189
0.009556548422
-4.447342475e-05
-1.696866393e-05
0.00954985908
0.009557576448
0.009544457027
5.790111774e-05
-8.078732859e-06
0.009620430959
-3.245094819e-05
-6.434505683e-05
0.009677499063
0.00955401225
1.185657868e-05
3.696700891e-05
0.009563805556
0.009554827429
0.009573204093
0.0002295650278
-0.0001341796581
0.00970742338
-0.0001538371775
-0.0002719486245
0.009565199419
0.009554140844
8.387928936e-05
0.000129483829
0.009516790995
0.009574636043
0.009526756792
9.680122469e-05
0.0001381694197
0.009619118916
0.000181046071
-0.009534833152
0.0001209353808
0.009615702745
0.009581303744
0.0001479386297
-0.009530410143
9.478077796e-05
0.009578851286
0.009556804984
-0.009521301022
0.009568951878
-4.17066913e-06
1.194344492e-05
0.009586862043
6.206382644e-05
4.143869643e-05
0.009569186667
0.009557369069
4.66018426e-05
1.88923905e-05
0.009543969594
0.009557252418
0.009550570515
-5.477553523e-05
-5.700952582e-05
0.009584924065
1.789447072e-05
-4.468254286e-06
0.009612263284
0.009554007301
-1.011427646e-05
-3.526542649e-05
0.009572395676
0.009554671349
0.009564387734
-0.000225939997
-0.0002658559042
0.009615343691
-6.331167324e-05
-0.00013236596
0.009530070177
0.009573180601
-8.146021014e-05
-0.000127074867
0.009524730542
0.009554170614
0.009515983498
0.0001039814752
8.284341372e-05
0.002807389136
-8.152073574e-05
-6.770228713e-05
-0.002404229329
-0.0001469953489
-0.002244495556
-0.0001180458901
-0.0002071305779
-4.645849441e-05
0.00314708862
4.022972654e-05
0.0001174722513
-0.002463828908
0.0004198980148
-0.00237765557
8.904596485e-05
0.0001734076816
-0.003202966204
8.747650535e-05
0.002971894246
0.002472263538
-0.0003866418342
-8.274511113e-05
-8.900056847e-05
0.002398550746
-0.0001333751549
0.002390608483
0.00246779783
0.002332624488
9.750034548e-05
0.002837756329
6.562550727e-05
-0.002411021523
-0.000139404429
-7.320697562e-05
-6.94624301e-05
-0.0001016486939
-0.002243115837
-0.0001521355829
-0.002825796437
-4.335554514e-05
0.002969030526
0.002411297692
0.0001762350887
3.617713807e-05
0.0001013704767
0.002397713055
7.586567684e-05
0.002246258502
0.002465506947
0.00233469511
-0.000212446235
0.003185244452
-5.946592361e-05
-0.002473834702
0.0004252840954
4.652532314e-05
0.0001188459319
0.0001006999327
-0.002390460655
8.857661286e-05
-0.003207169555
0.0001746626419
0.002976289303
0.002389892473
-0.0001343363616
-9.011752508e-05
-8.339263478e-05
0.002398402529
-0.0003890619825
0.002473317216
0.002331814599
0.002469050394
6.652271972e-05
0.002841682465
9.897561074e-05
-0.002242793281
-0.0001025328898
-7.019993255e-05
-7.403272994e-05
-0.0001404465897
-0.002412810781
-4.297908492e-05
-0.002830494059
-0.0001528236791
0.002973522673
0.002246224694
7.563154657e-05
0.0001013121879
3.460141196e-05
0.002397582442
0.0001769851899
0.002412857403
0.002334514546
0.002466831129
-5.872909229e-05
0.003189753125
-0.0002132294686
-0.002390290118
9.905733015e-05
0.0001191397627
4.46468666e-05
0.0004264806069
-0.002474945541
-0.003176862655
0.0001048945129
0.000182515814
0.002945416724
-0.0001506324268
0.002388892615
-0.0003919951868
0.002468092273
-8.903789664e-05
-9.371209902e-05
0.002400438792
0.00233297758
0.002462628835
0.0028099426
8.182297799e-05
0.0001048748152
-0.0001168911244
-0.002244744446
-0.0001477592774
-0.002404934924
-6.73929946e-05
-8.271622003e-05
-0.00279514354
-3.065048292e-05
-0.0001483945122
0.002936575272
6.485048263e-05
0.00222925012
0.0001721048494
0.00240192127
0.0001045142257
2.748836098e-05
0.00239251715
0.002319528883
0.002456108909
0.003151619064
-4.70495804e-05
-0.0002076259085
8.869118235e-05
-0.002378365095
0.000420587192
-0.002464268249
0.0001189921422
3.802854822e-05
0.002340179033
0.0001028647432
2.844464936e-05
9.426030626e-05
0.002313388141
-2.6438936e-05
8.007010577e-05
0.002299862362
-0.002346551537
-1.855538502e-05
0.002333807173
2.703915853e-05
0.002320475429
1.301020385e-06
0.002318654801
-7.466673352e-06
-0.002237253687
0.0001793165185
2.71810517e-05
0.0001148792116
-3.173220706e-05
9.691551872e-05
0.002317413128
-2.795663886e-05
7.982346207e-05
-0.002308662995
1.158428259e-05
-8.968413258e-06
0.002202153669
-0.0001860071487
8.307150136e-06
-3.33153846e-05
0.0022534347
-3.472696744e-05
-0.0001002046555
0.002280674206
-0.002296953262
-1.819732639e-05
0.002316547528
-5.299132171e-05
0.002272877574
1.208896896e-05
0.00229781311
-1.006816308e-05
-0.002335358448
-9.267678721e-05
1.000510686e-05
-1.09806891e-05
-2.774902192e-05
-7.49115591e-05
0.002340450296
-2.838319703e-05
1.360166816e-05
-0.002312675349
-1.747589535e-06
-9.845363157e-06
0.0004330064418
-0.00218822903
-6.935351927e-05
0.002212782359
-0.0001940972018
4.403348279e-05
-0.0004382946668
9.05722972e-05
0.002209668655
0.0001608676553
-0.002319433867
-0.0006127367666
0.002286665987
-0.0001222694811
8.612417737e-05
-0.0001592843097
1.001594105e-05
0.002859079862
-0.0003228423899
0.002168292922
5.257983664e-05
-0.0022271016
0.0001669407426
-6.492097737e-05
0.0003829621645
1.032829694e-05
-8.602872469e-05
-0.002179366481
2.450388369e-05
1.264920296e-05
-0.0001395812194
0.002252898106
0.0006039058059
-0.002294816891
0.0001357434244
-8.446220185e-05
6.054319226e-05
3.733568577e-05
-7.357236609e-05
-0.002757847101
0.0001051724488
0.000205462741
-0.002314049764
0.0001385654128
-0.0005920341799
-0.0001246658289
0.002298857258
5.123206717e-05
0.002906761011
-1.436376977e-05
9.144236433e-05
-0.0001127602409
-2.869093052e-05
-0.0001525781271
-0.0004171986175
2.630551797e-05
0.002203696004
-4.768912142e-05
0.0004063690807
-0.002250221937
0.0003158669749
-0.002184964588
-4.970678928e-05
0.002269658083
-0.0001702778776
0.0005104537516
0.0001756146656
-0.002309515331
5.320614985e-05
-0.00276438902
-0.0001711700652
-7.532601208e-05
0.0001220873901
-4.654525688e-05
-0.0002250987572
0.002335767154
9.711961185e-05
1.107995507e-05
8.223801099e-05
0.00225735186
7.606860962e-05
0.002282397827
-0.002340390712
-9.944507483e-06
0.00231910186
2.786021338e-05
0.002316160846
0.002302071868
-0.002206835654
0.0001749569222
1.116963694e-05
0.0001027257115
3.266961006e-05
9.396206525e-05
0.002297172067
-2.086928008e-05
9.540714606e-05
-0.002275853592
-1.160656306e-05
8.956877125e-06
0.002242474981
-0.0001974158654
-6.390697969e-06
-5.000985704e-05
0.002319988298
-0.0001096487028
0.002306325767
-0.002317287007
-1.053353881e-05
0.002331233245
-3.920549094e-05
0.002309083349
0.002317661025
-0.002348025036
-0.0001023961291
-2.732436014e-06
-2.499394445e-05
2.638841001e-05
-8.450423042e-05
0.002346892246
-1.963160063e-05
1.362683032e-05
-0.002320762751
-7.958145758e-08
8.317385978e-06
1.168723275e-05
8.211992491e-05
0.002257431654
0.00233573473
9.739889318e-05
7.624232987e-05
0.002282372396
-9.991303866e-06
-0.00234033977
0.002319087615
0.002316285139
2.854775734e-05
0.002302280742
1.123805608e-05
0.0001024120841
-0.002206702476
0.000174969597
9.403747015e-05
-2.063315481e-05
0.002297167394
-0.002276011619
9.516413991e-05
-7.477484332e-06
-4.9792422e-05
0.002320126793
0.002242281596
-0.0001976148232
-0.0001097476084
0.002306057175
-9.239632032e-06
-0.002317174593
0.002331074665
0.002309103343
-4.030175166e-05
0.00231765238
-4.210900705e-06
-2.468237213e-05
-0.002347688494
-0.0001023271434
-8.451373033e-05
-1.808409272e-05
0.002346684394
-0.002320680526
1.182912325e-05
-0.002204689873
-7.785733518e-05
0.0003694542567
8.871038591e-05
0.002197476165
1.174433092e-06
-0.0002227860067
0.002222581132
-0.0004310784167
5.741763525e-05
-3.452589258e-06
-6.399691347e-06
0.0005289754431
-0.0001664893589
0.00227554795
0.0001201935027
-8.555951728e-05
-0.002769123564
1.262001631e-05
-0.002309364671
0.0001639586835
0.002208178619
1.824446734e-05
-0.0004249146835
-3.129320341e-05
-0.002182003172
-2.231850599e-05
0.0003282647852
-0.00224618594
0.0004101498742
-4.214304671e-05
-9.148781772e-06
-1.135471456e-05
-0.0006402153256
-0.002324278048
0.0001583188044
0.002873753572
6.970987286e-05
-0.0001418244398
9.335037058e-05
-0.000119566849
0.002289251759
-5.92155169e-05
-0.00218431653
0.0004583862698
0.002199858004
8.24295468e-05
-0.0004262422529
3.765659276e-05
-0.0002091650818
0.002206811541
0.0006253097761
0.002261383972
-0.0001392189379
-0.002770915443
-0.0001211164842
6.310555724e-05
-9.625326275e-05
0.000133510601
-0.002297508063
4.292580613e-05
0.00217316519
-0.0003340389204
-0.002172507246
-6.160517115e-05
0.0003874883309
-5.756284098e-05
0.0001958243078
-0.002222176048
2.694062331e-05
0.0001130250901
-0.002237509698
0.0001786199013
9.618127114e-05
-2.703771729e-05
0.002317421717
-0.002308859964
7.893397004e-05
8.757283795e-06
-1.242992304e-05
-0.002336411256
-9.330728451e-05
-7.569923822e-05
-2.653521392e-05
0.002340697151
-0.002313278622
1.145359256e-05
5.679669853e-05
-0.002306221189
-1.856860109e-06
4.012767532e-05
-0.002242665771
0.0001131102552
-0.002268074858
-1.919660951e-05
-3.082873953e-05
8.291301676e-05
7.90696755e-06
-5.102443147e-06
-0.000129025879
-1.484114525e-06
-1.743499795e-05
-3.435704623e-05
0.002259597787
9.312651585e-05
0.0002174895504
0.001988863946
-0.0003600260322
0.00218037339
-2.154446625e-05
-0.0001031156036
0.0001231610961
-8.249565096e-05
-5.726501673e-05
0.0001039113965
9.856981364e-05
-0.0001702115646
6.588446547e-05
-0.002302638076
2.138764382e-05
-0.002241333893
0.0001087029002
-0.002273802983
-1.953311186e-05
-3.365722182e-05
8.765392982e-05
5.841384627e-06
-0.0001307035774
-2.120771481e-05
6.73388956e-05
0.002304734925
-0.0001185740848
0.001962873974
0.002268720108
-0.0001276524662
0.0002168775503
-5.221171286e-06
-0.0002150844206
8.794304507e-05
-0.002215746955
5.646669173e-05
-0.002178525672
1.212165236e-06
-0.002225698076
-1.152687595e-05
-1.780676983e-05
7.288904112e-06
-1.774104928e-05
-2.730061053e-06
-1.136252735e-06
-0.0001700495319
0.001957854671
9.223799607e-05
0.002192478451
0.002244687362
0.0002009396588
-0.0001295699192
-0.0001195709534
0.0001907541351
0.0001009410989
-0.002214723562
5.423769457e-05
-0.002175817992
-0.002219385812
-7.762377966e-06
-1.700041576e-05
7.647186581e-06
-1.979490481e-05
-0.000174662073
-0.0002074214377
0.009489071453
-0.0003109342457
-0.0002807788492
0.009473300018
-0.0002175648441
-0.0002194062652
0.009506458487
0.000157136423
0.0001613849616
0.00947812794
0.0002929765358
0.0003475661361
0.009464929854
0.000250237269
0.0002504174705
0.009493671164
-6.96442814e-05
-0.0002324938673
0.009251691593
-0.0001571362745
-0.0002979240648
2.047078251e-06
0.009250452704
-4.946978361e-05
-0.0001017922009
0.009218626852
8.145992381e-07
4.071845149e-06
-5.290646945e-06
0.000119375534
0.009270360558
0.0001675069434
-2.06905209e-06
2.725693666e-05
0.00927367727
6.640878759e-05
3.236102883e-05
0.009238556062
5.436686655e-05
5.377146639e-05
7.166868841e-05
-0.0002957884965
0.009279377806
-0.0001292771725
-0.0002261316885
0.009220925985
5.002678777e-05
0.0001036250721
0.009253872459
3.305686898e-08
0.0001569742272
0.009281543821
0.0001383980388
7.0034625e-05
0.009251844845
-8.488952587e-05
-4.488463984e-05
0.009267490286
0.0001731008438
-0.0002772707444
0.009470325395
-0.0002192198581
-0.0002020887275
0.009502036789
0.0002154262462
0.0002199191067
0.009468411747
-0.0001580171633
0.0003559046266
0.009473215001
0.0001633230753
0.0001678748396
0.009501342798
-0.0002523978251
-0.0002538665068
0.009471293237
-0.0001637085487
-2.857603756e-05
0.009415777319
-5.527770487e-05
-6.439003524e-05
0.009420180507
-0.0001688546838
-0.0001774433783
1.597021746e-06
0.009396368821
-1.087338911e-06
2.849988741e-06
0.0001253812065
2.266235153e-05
0.009412204151
8.778295307e-05
7.397252589e-05
0.00942312758
0.0001367361202
0.0001324814311
1.356802059e-07
0.009389252208
3.784618131e-06
-5.110541937e-07
-0.0001451391876
-3.943222628e-05
0.009287764677
-3.421651465e-05
-5.787436653e-05
0.009313826855
-9.110658998e-05
-0.0001528514793
6.659599183e-06
0.009288486706
-4.675632603e-06
2.220513692e-05
6.411978074e-05
-6.226409274e-06
0.009298209831
6.176721494e-05
1.75201492e-05
0.009318050235
8.764493263e-05
1.202095669e-05
1.949606828e-05
0.009283501119
3.841445451e-05
6.514312274e-05
-2.5471333e-05
-3.215899795e-05
0.009315237552
-2.61537361e-05
-4.882164947e-05
-1.940552547e-07
0.009315654049
-1.365411783e-05
-2.47584746e-05
-2.430071336e-05
0.009318207124
-3.156857475e-07
-2.084068722e-05
-1.167387006e-06
-5.827627819e-05
-1.033548997e-05
0.0001038155882
0.009215320333
-0.0001325508646
-0.0001272953968
7.902532103e-05
0.009173653681
4.67250044e-05
5.893118951e-05
-2.439263525e-05
0.008639400486
7.936222511e-06
-0.0001894400452
4.039204847e-06
-0.0002154235915
2.529903963e-05
-4.994015136e-05
0.009318697524
-1.938763143e-05
-3.277955785e-05
0.009317793964
1.342960302e-05
2.344554769e-05
-5.963011707e-05
0.009315697779
-1.269820411e-05
-2.441401736e-05
-4.83394484e-05
0.0002953297148
0.009312476447
9.270395189e-05
6.494091259e-05
0.00882287241
-0.0002031640366
-0.0002024608498
0.0003895157649
0.009250876408
-1.676182696e-05
-3.062268612e-05
0.0001426278672
-6.321770779e-05
0.009320246579
-2.594804859e-05
-4.207749512e-05
0.009291002888
9.083500286e-05
0.0001510450736
4.087288921e-06
0.009315021912
-2.75292375e-06
7.686233072e-07
-8.051032472e-05
8.734294557e-07
0.009318224845
-9.022926363e-06
-1.528916599e-05
0.009304979568
-0.0001396546116
-6.39961228e-05
-7.573551695e-05
0.009316094503
-3.319892759e-05
-3.046613406e-05
0.0001616215367
-6.733922239e-05
0.009425816208
-3.203031183e-05
-3.055697628e-05
0.009389982228
0.0001663109438
0.0001748849938
-2.717270521e-06
0.009418531584
-2.577940614e-07
-1.701013175e-06
-0.0001271893529
7.361545361e-05
0.00943399022
2.657527826e-05
2.218726005e-05
0.009395650859
-0.0001416900254
-0.0001377219601
-3.084645723e-06
0.009425094442
-3.014615626e-06
-2.530236868e-06
-0.0001751150135
3.046577601e-05
0.009389942851
5.368028756e-05
6.748606533e-05
0.009425646563
-0.0001592578276
-0.0001619991047
0.009410486914
0.0001374205586
-2.439096544e-05
0.009395323881
-8.524756502e-05
-7.658876026e-05
0.009433592352
0.0001261866744
0.0001260382127
0.009417764327
-0.000151168515
4.773749411e-05
0.009277835337
2.770279469e-05
8.108378606e-05
0.009315271545
-8.620676491e-05
-0.000142432474
0.009272257278
5.603729244e-05
7.385008465e-06
0.009296116529
-7.565024435e-05
-8.355349624e-06
0.009313997638
0.0001201271771
7.118473436e-05
0.009290160326
-2.461471655e-05
7.982934526e-07
0.009299793314
-9.595888757e-07
-1.755183252e-05
-1.011078666e-06
0.009306827648
-1.289288891e-05
-2.591663333e-05
0.009295165556
-1.842256462e-07
-5.418382787e-07
0.000120067604
-5.347801227e-05
0.008821168583
-0.0001348424324
-0.000160128827
-5.876003163e-05
0.009307863273
9.236156212e-06
3.089383492e-07
0.009283033004
-4.749507143e-05
-4.991124022e-05
2.3616922e-05
-1.858424607e-05
0.00930609176
2.101205825e-06
8.327540672e-08
0.009294992442
1.272348301e-05
2.534998042e-05
0.009306358926
-1.857194319e-05
0.0002133489143
0.00916899486
-0.000121730237
-0.000125502548
0.009203711725
6.213277135e-05
6.716474004e-05
0.009285828028
0.0001526812296
7.415363237e-05
0.009310571202
2.26168749e-05
4.451593629e-05
0.009268956691
8.642157307e-05
0.0001448359864
0.009314057029
-1.34053355e-05
-3.199682247e-05
0.009314774337
-1.506338631e-05
-6.079250796e-06
0.009283742354
-0.0001115231513
-5.812204994e-05
0.009315736922
0.0001768662607
6.382770784e-05
0.009420111131
3.132347307e-05
2.81775084e-05
0.009415784173
0.0001608045497
0.000163390369
0.009427413659
-0.0001333017575
-7.772465365e-05
0.009423239566
-3.059254371e-05
-2.552851047e-05
0.009412323751
-0.0001251827172
-0.0001251145881
0.009431907778
-0.0002206425223
0.0002028318868
0.009502114131
0.0003090755104
0.0002792009297
0.0094697844
-0.0001878555338
-0.0001730698522
0.009487940421
0.0002522459322
-0.0001689400211
0.009500194666
-0.0003011399418
-0.000357998379
0.009472262595
0.0001539650817
0.0001561135835
0.009480186525
-0.0001037112746
0.000231692147
0.009169555337
0.0001502541443
0.0003076384982
-2.720277636e-06
0.009268962722
-3.817013092e-05
-7.112481665e-05
0.009236838512
-5.314309988e-07
-1.341463977e-06
3.668531407e-05
-6.184054279e-05
0.009210820411
-0.0002340219286
-0.0001082570844
-4.179905683e-05
0.009270894748
9.727868207e-06
-1.150656624e-05
0.009258974585
-1.972728526e-05
-2.108316904e-05
0.0001033223032
0.0003080070457
0.009223356986
0.0001262988114
0.0002365274888
0.009235688821
3.785486605e-05
7.006085447e-05
0.009266927008
-1.809238481e-05
2.57686299e-05
0.009249123571
-0.0001486756009
-0.0001132422546
0.009253263627
-5.6700635e-06
2.017671634e-05
0.009274334728
0.0002203977852
0.0002807548154
0.009472856623
0.0002253638847
0.0002061677299
0.009488787282
0.0001903538512
0.0001750286797
0.009472247493
-0.0002484908366
-0.0003517861813
0.009464510725
-0.0001600531197
-0.0001655089808
0.009477450068
-0.0001514669415
-0.0001542726285
0.009471440031
)
;

boundaryField
{
    inlet
    {
        type            calculated;
        value           nonuniform List<scalar> 
320
(
-0.0375
-0.0375
-0.0375
-0.0375
-0.0375
-0.0375
-0.0375
-0.0375
-0.0375
-0.0375
-0.0375
-0.0375
-0.0375
-0.0375
-0.0375
-0.0375
-0.0375
-0.0375
-0.0375
-0.0375
-0.0375
-0.0375
-0.0375
-0.0375
-0.0375
-0.0375
-0.0375
-0.0375
-0.0375
-0.0375
-0.0375
-0.0375
-0.0375
-0.0375
-0.0375
-0.0375
-0.0375
-0.0375
-0.0375
-0.0375
-0.0375
-0.0375
-0.0375
-0.0375
-0.0375
-0.0375
-0.0375
-0.0375
-0.03750000002
-0.03750000003
-0.03750000003
-0.03750000002
-0.0375
-0.0375
-0.0375
-0.0375
-0.0375
-0.0375
-0.0375
-0.0375
-0.0375
-0.0375
-0.0375
-0.0375
-0.0375
-0.0375
-0.0375
-0.03750000001
-0.03750000005
-0.03750000008
-0.03750000007
-0.03750000005
-0.03750000003
-0.03750000002
-0.0375
-0.0375
-0.0375
-0.0375
-0.0375
-0.0375
-0.0375
-0.0375
-0.0375
-0.0375
-0.0375
-0.0375
-0.03750000003
-0.03750000009
-0.03750000016
-0.03750000026
-0.03750000026
-0.03750000016
-0.03750000007
-0.03750000002
-0.0375
-0.0375
-0.0375
-0.0375
-0.0375
-0.0375
-0.0375
-0.0375
-0.0375
-0.0375
-0.0375
-0.03750000001
-0.03750000006
-0.03750000017
-0.03750000041
-0.03750000065
-0.03750000065
-0.03750000042
-0.03750000016
-0.03750000005
-0.03750000001
-0.0375
-0.0375
-0.0375
-0.0375
-0.0375
-0.0375
-0.0375
-0.0375
-0.0375
-0.03750000001
-0.03750000004
-0.0375000001
-0.03750000029
-0.0375000007
-0.03750000115
-0.03750000112
-0.0375000007
-0.0375000003
-0.0375000001
-0.03750000004
-0.03750000001
-0.0375
-0.0375
-0.0375
-0.0375
-0.0375
-0.0375
-0.0375
-0.0375
-0.0375
-0.0375
-0.03750000007
-0.03750000022
-0.03750000052
-0.0375000009
-0.03750000086
-0.03750000048
-0.03750000017
-0.03750000005
-0.0375
-0.0375
-0.0375
-0.0375
-0.0375
-0.0375
-0.0375
-0.0375
-0.0375
-0.0375
-0.0375
-0.03749999998
-0.03749999993
-0.0374999998
-0.03749999961
-0.03749999943
-0.03749999939
-0.03749999954
-0.03749999975
-0.03749999991
-0.03749999996
-0.0375
-0.0375
-0.0375
-0.0375
-0.0375
-0.0375
-0.0375
-0.0375
-0.0375
-0.03749999998
-0.03749999995
-0.03749999987
-0.03749999965
-0.0374999993
-0.03749999892
-0.0374999989
-0.03749999929
-0.03749999966
-0.03749999988
-0.03749999996
-0.03749999998
-0.0375
-0.0375
-0.0375
-0.0375
-0.0375
-0.0375
-0.0375
-0.0375
-0.0375
-0.03749999998
-0.03749999994
-0.0374999998
-0.03749999954
-0.03749999928
-0.03749999928
-0.03749999951
-0.03749999978
-0.03749999992
-0.03749999997
-0.0375
-0.0375
-0.0375
-0.0375
-0.0375
-0.0375
-0.0375
-0.0375
-0.0375
-0.0375
-0.0375
-0.03749999997
-0.03749999991
-0.03749999982
-0.03749999972
-0.03749999972
-0.03749999981
-0.03749999991
-0.03749999997
-0.0375
-0.0375
-0.0375
-0.0375
-0.0375
-0.0375
-0.0375
-0.0375
-0.0375
-0.0375
-0.0375
-0.0375
-0.0375
-0.03749999998
-0.03749999996
-0.03749999993
-0.03749999992
-0.03749999996
-0.03749999998
-0.0375
-0.0375
-0.0375
-0.0375
-0.0375
-0.0375
-0.0375
-0.0375
-0.0375
-0.0375
-0.0375
-0.0375
-0.0375
-0.0375
-0.0375
-0.03749999999
-0.03749999997
-0.03749999997
-0.03749999999
-0.0375
-0.0375
-0.0375
-0.0375
-0.0375
-0.0375
-0.0375
-0.0375
-0.0375
-0.0375
-0.0375
-0.0375
-0.0375
-0.0375
-0.0375
-0.0375
-0.0375
-0.0375
-0.0375
-0.0375
-0.0375
-0.0375
-0.0375
-0.0375
-0.0375
-0.0375
-0.0375
-0.0375
-0.0375
-0.0375
-0.0375
-0.0375
-0.0375
-0.0375
-0.0375
-0.0375
-0.0375
-0.0375
-0.0375
-0.0375
-0.0375
-0.0375
-0.0375
-0.0375
-0.0375
-0.0375
-0.0375
-0.0375
)
;
    }
    outlet
    {
        type            calculated;
        value           nonuniform List<scalar> 
320
(
0.03749903061
0.03749990502
0.03750157033
0.0375040423
0.03750684982
0.03751039702
0.03751325818
0.03751675575
0.03751828872
0.0375202004
0.0375194625
0.03751890414
0.03751618743
0.03751356418
0.03751002956
0.03750690755
0.03750382474
0.03750148353
0.03749974157
0.03749889353
0.03749904616
0.03749992352
0.03750159725
0.03750407981
0.03750691176
0.03751047402
0.03751337367
0.03751690214
0.03751845083
0.03752039368
0.03751973455
0.03751888728
0.0375163247
0.03751359168
0.03751007786
0.03750694697
0.03750385253
0.03750150696
0.03749976019
0.03749890924
0.03749907335
0.03749996042
0.03750163594
0.03750415124
0.03750698358
0.03751059816
0.03751349968
0.03751699713
0.03751858218
0.0375202926
0.03751960647
0.03751941183
0.03751649449
0.03751389034
0.03751026768
0.03750706153
0.03750394743
0.0375015552
0.03749980223
0.03749893926
0.03749911069
0.03750000655
0.03750170543
0.03750424735
0.03750714268
0.03751081877
0.03751381189
0.03751753375
0.03751902834
0.03752134586
0.0375206535
0.03751920784
0.03751694786
0.03751386647
0.03751043092
0.03750712621
0.0375040216
0.03750160928
0.03749984656
0.03749897666
0.0374991474
0.03750005519
0.03750175772
0.03750433291
0.03750724121
0.03751091062
0.03751398947
0.03751737641
0.03751919967
0.03752056852
0.0375205029
0.03752010751
0.0375170318
0.03751445659
0.03751066177
0.03750732958
0.0375041574
0.03750168275
0.03749990843
0.0374990207
0.03749918672
0.03750010424
0.03750183635
0.03750444626
0.03750743036
0.03751120802
0.03751436042
0.03751849239
0.03752067213
0.0375124853
0.03751267834
0.03752028689
0.03751788719
0.0375141658
0.03751087203
0.037507322
0.03750423927
0.03750172303
0.03749995272
0.03749905645
0.03749921057
0.03750013142
0.037501867
0.03750447802
0.03750748626
0.03751110669
0.03751453593
0.03752035272
0.03751471417
0.03747776535
0.03750891522
0.03751564795
0.03752016369
0.03751493658
0.03751102788
0.03750754861
0.03750435102
0.03750178761
0.03750000243
0.03749909032
0.03749922997
0.03750015395
0.0375019158
0.03750454298
0.03750763291
0.03751136512
0.03751643449
0.03751707376
0.0374813539
0.03658325879
0.03704145673
0.03752292464
0.03751691804
0.03751595004
0.03751108827
0.03750742234
0.03750437862
0.03750178083
0.03750002026
0.03749910314
0.03749922559
0.03750014264
0.03750190469
0.0375044906
0.03750756416
0.03751115378
0.03751619938
0.03751678024
0.0375242099
0.03701597283
0.03668045837
0.03746875098
0.03751676893
0.03751646621
0.03751126066
0.03750756171
0.03750443677
0.03750180589
0.03750003576
0.0374991112
0.0374992139
0.0375001254
0.03750190579
0.03750446434
0.03750762819
0.03751113622
0.03751489523
0.03752034338
0.03751508265
0.03750963508
0.03746349729
0.03751442398
0.03752038219
0.03751433826
0.03751103993
0.03750736632
0.03750437056
0.03750175029
0.03750001357
0.03749909237
0.03749918229
0.03750007918
0.03750184731
0.0375043588
0.03750745291
0.03751094859
0.03751436392
0.03751780471
0.03752055332
0.03751192797
0.03751139138
0.03752069041
0.03751832579
0.03751436691
0.03751112411
0.03750735691
0.03750434374
0.03750172753
0.03749998993
0.03749907146
0.03749914812
0.03750003426
0.03750180153
0.03750427248
0.03750742326
0.03751075977
0.03751445345
0.0375171653
0.03751995377
0.03752082108
0.03752086155
0.03751904662
0.03751737851
0.03751386403
0.03751083066
0.0375071392
0.03750422973
0.03750164778
0.03749994254
0.03749903282
0.03749910626
0.03749997534
0.03750173221
0.03750414187
0.037507239
0.03751052828
0.03751398354
0.03751697897
0.03751935085
0.03752053932
0.03752127983
0.03751907076
0.03751746645
0.03751378225
0.03751074292
0.0375070616
0.03750415115
0.03750160073
0.03749989674
0.03749899788
0.03749907041
0.03749993241
0.0375016785
0.03750406671
0.03750715937
0.037510366
0.03751394422
0.0375165847
0.03751937451
0.03751971742
0.03752030979
0.03751853489
0.03751695429
0.03751342511
0.03751051438
0.03750689443
0.03750405865
0.03750153233
0.03749985128
0.03749896107
0.03749904155
0.03749989232
0.03750163263
0.03750397572
0.0375070518
0.03751018262
0.03751367844
0.0375163891
0.03751894936
0.03751973122
0.03752037132
0.03751845885
0.03751685815
0.03751332574
0.03751039768
0.03750682998
0.03750398804
0.03750149535
0.03749981601
0.03749893465
0.03749902666
0.03749987449
0.03750160905
0.03750394695
0.03750700846
0.03751013133
0.03751363487
0.03751626165
0.03751892812
0.03751950879
0.03752019051
0.03751827059
0.03751670332
0.03751320161
0.03751031985
0.03750676856
0.0375039527
0.03750146894
0.03749979757
0.03749891939
)
;
    }
    sides
    {
        type            calculated;
        value           uniform 0;
    }
    hull
    {
        type            calculated;
        value           uniform 0;
    }
}


// ************************************************************************* //
