/*--------------------------------*- C++ -*----------------------------------*\
  =========                 |
  \\      /  F ield         | OpenFOAM: The Open Source CFD Toolbox
   \\    /   O peration     | Website:  https://openfoam.org
    \\  /    A nd           | Version:  11
     \\/     M anipulation  |
\*---------------------------------------------------------------------------*/
FoamFile
{
    format      ascii;
    class       vectorField;
    location    "constant/polyMesh";
    object      points;
}
// * * * * * * * * * * * * * * * * * * * * * * * * * * * * * * * * * * * * * //


15592
(
(-3 -2 -1)
(-2.75 -2 -1)
(-2.5 -2 -1)
(-2.25 -2 -1)
(-2 -2 -1)
(-1.75 -2 -1)
(-1.5 -2 -1)
(-1.25 -2 -1)
(-1 -2 -1)
(-0.75 -2 -1)
(-0.5 -2 -1)
(-0.25 -2 -1)
(-7.453727279e-16 -2 -1)
(0.25 -2 -1)
(0.5 -2 -1)
(0.75 -2 -1)
(1 -2 -1)
(1.25 -2 -1)
(1.5 -2 -1)
(1.75 -2 -1)
(2 -2 -1)
(2.25 -2 -1)
(2.5 -2 -1)
(2.75 -2 -1)
(3 -2 -1)
(3.25 -2 -1)
(3.5 -2 -1)
(3.75 -2 -1)
(4 -2 -1)
(4.25 -2 -1)
(4.5 -2 -1)
(4.75 -2 -1)
(5 -2 -1)
(-3 -1.8 -1)
(-2.75 -1.8 -1)
(-2.5 -1.8 -1)
(-2.25 -1.8 -1)
(-2 -1.8 -1)
(-1.75 -1.8 -1)
(-1.5 -1.8 -1)
(-1.25 -1.8 -1)
(-1 -1.8 -1)
(-0.75 -1.8 -1)
(-0.5 -1.8 -1)
(-0.25 -1.8 -1)
(-4.869762918e-15 -1.8 -1)
(0.25 -1.8 -1)
(0.5 -1.8 -1)
(0.75 -1.8 -1)
(1 -1.8 -1)
(1.25 -1.8 -1)
(1.5 -1.8 -1)
(1.75 -1.8 -1)
(2 -1.8 -1)
(2.25 -1.8 -1)
(2.5 -1.8 -1)
(2.75 -1.8 -1)
(3 -1.8 -1)
(3.25 -1.8 -1)
(3.5 -1.8 -1)
(3.75 -1.8 -1)
(4 -1.8 -1)
(4.25 -1.8 -1)
(4.5 -1.8 -1)
(4.75 -1.8 -1)
(5 -1.8 -1)
(-3 -1.6 -1)
(-2.75 -1.6 -1)
(-2.5 -1.6 -1)
(-2.25 -1.6 -1)
(-2 -1.6 -1)
(-1.75 -1.6 -1)
(-1.5 -1.6 -1)
(-1.25 -1.6 -1)
(-1 -1.6 -1)
(-0.75 -1.6 -1)
(-0.5 -1.6 -1)
(-0.25 -1.6 -1)
(-3.5558786e-14 -1.6 -1)
(0.25 -1.6 -1)
(0.5 -1.6 -1)
(0.75 -1.6 -1)
(1 -1.6 -1)
(1.25 -1.6 -1)
(1.5 -1.6 -1)
(1.75 -1.6 -1)
(2 -1.6 -1)
(2.25 -1.6 -1)
(2.5 -1.6 -1)
(2.75 -1.6 -1)
(3 -1.6 -1)
(3.25 -1.6 -1)
(3.5 -1.6 -1)
(3.75 -1.6 -1)
(4 -1.6 -1)
(4.25 -1.6 -1)
(4.5 -1.6 -1)
(4.75 -1.6 -1)
(5 -1.6 -1)
(-3 -1.4 -1)
(-2.75 -1.4 -1)
(-2.5 -1.4 -1)
(-2.25 -1.4 -1)
(-2 -1.4 -1)
(-1.75 -1.4 -1)
(-1.5 -1.4 -1)
(-1.25 -1.4 -1)
(-1 -1.4 -1)
(-0.75 -1.4 -1)
(-0.5 -1.4 -1)
(-0.25 -1.4 -1)
(-2.308080883e-13 -1.4 -1)
(0.25 -1.4 -1)
(0.5 -1.4 -1)
(0.75 -1.4 -1)
(1 -1.4 -1)
(1.25 -1.4 -1)
(1.5 -1.4 -1)
(1.75 -1.4 -1)
(2 -1.4 -1)
(2.25 -1.4 -1)
(2.5 -1.4 -1)
(2.75 -1.4 -1)
(3 -1.4 -1)
(3.25 -1.4 -1)
(3.5 -1.4 -1)
(3.75 -1.4 -1)
(4 -1.4 -1)
(4.25 -1.4 -1)
(4.5 -1.4 -1)
(4.75 -1.4 -1)
(5 -1.4 -1)
(-3 -1.2 -1)
(-2.75 -1.2 -1)
(-2.5 -1.2 -1)
(-2.25 -1.2 -1)
(-2 -1.2 -1)
(-1.75 -1.2 -1)
(-1.5 -1.2 -1)
(-1.25 -1.2 -1)
(-1 -1.2 -1)
(-0.75 -1.2 -1)
(-0.4999999999 -1.199999999 -1)
(-0.25 -1.199999999 -1)
(-1.276050213e-12 -1.199999999 -1)
(0.25 -1.199999999 -1)
(0.4999999999 -1.199999999 -1)
(0.75 -1.2 -1)
(1 -1.2 -1)
(1.25 -1.2 -1)
(1.5 -1.2 -1)
(1.75 -1.2 -1)
(2 -1.2 -1)
(2.25 -1.2 -1)
(2.5 -1.2 -1)
(2.75 -1.2 -1)
(3 -1.2 -1)
(3.25 -1.2 -1)
(3.5 -1.2 -1)
(3.75 -1.2 -1)
(4 -1.2 -1)
(4.25 -1.2 -1)
(4.5 -1.2 -1)
(4.75 -1.2 -1)
(5 -1.2 -1)
(-3 -1 -1)
(-2.75 -1 -1)
(-2.5 -1 -1)
(-2.25 -1 -1)
(-2 -1 -1)
(-1.75 -1 -1)
(-1.5 -1 -1)
(-1.25 -0.9999999998 -1)
(-0.9999999999 -0.9999999994 -1)
(-0.7499999998 -0.9999999987 -1)
(-0.4999999997 -0.9999999975 -1)
(-0.2499999998 -0.9999999968 -1)
(-5.979201075e-12 -0.9999999966 -1)
(0.2499999998 -0.9999999968 -1)
(0.4999999997 -0.9999999976 -1)
(0.7499999998 -0.9999999987 -1)
(0.9999999999 -0.9999999995 -1)
(1.25 -0.9999999998 -1)
(1.5 -1 -1)
(1.75 -1 -1)
(2 -1 -1)
(2.25 -1 -1)
(2.5 -1 -1)
(2.75 -1 -1)
(3 -1 -1)
(3.25 -1 -1)
(3.5 -1 -1)
(3.75 -1 -1)
(4 -1 -1)
(4.25 -1 -1)
(4.5 -1 -1)
(4.75 -1 -1)
(5 -1 -1)
(-3 -0.8 -1)
(-2.75 -0.8 -1)
(-2.5 -0.8 -1)
(-2.25 -0.8 -1)
(-2 -0.8 -1)
(-1.75 -0.8 -1)
(-1.5 -0.7999999998 -1)
(-1.25 -0.7999999994 -1)
(-0.9999999996 -0.799999998 -1)
(-0.7499999992 -0.7999999953 -1)
(-0.499999999 -0.7999999916 -1)
(-0.2499999994 -0.799999989 -1)
(-2.345394651e-11 -0.7999999886 -1)
(0.2499999993 -0.7999999892 -1)
(0.499999999 -0.7999999918 -1)
(0.7499999992 -0.7999999954 -1)
(0.9999999996 -0.7999999981 -1)
(1.25 -0.7999999994 -1)
(1.5 -0.7999999998 -1)
(1.75 -0.8 -1)
(2 -0.8 -1)
(2.25 -0.8 -1)
(2.5 -0.8 -1)
(2.75 -0.8 -1)
(3 -0.8 -1)
(3.25 -0.8 -1)
(3.5 -0.8 -1)
(3.75 -0.8 -1)
(4 -0.8 -1)
(4.25 -0.8 -1)
(4.5 -0.8 -1)
(4.75 -0.8 -1)
(5 -0.8 -1)
(-3 -0.6 -1)
(-2.75 -0.6 -1)
(-2.5 -0.6 -1)
(-2.25 -0.6 -1)
(-2 -0.6 -1)
(-1.75 -0.5999999999 -1)
(-1.5 -0.5999999995 -1)
(-1.25 -0.5999999982 -1)
(-0.9999999988 -0.5999999946 -1)
(-0.7499999974 -0.5999999876 -1)
(-0.4999999971 -0.5999999783 -1)
(-0.2499999981 -0.5999999718 -1)
(-7.508864054e-11 -0.599999971 -1)
(0.249999998 -0.5999999723 -1)
(0.499999997 -0.5999999788 -1)
(0.7499999974 -0.5999999879 -1)
(0.9999999988 -0.5999999948 -1)
(1.25 -0.5999999983 -1)
(1.5 -0.5999999996 -1)
(1.75 -0.5999999999 -1)
(2 -0.6 -1)
(2.25 -0.6 -1)
(2.5 -0.6 -1)
(2.75 -0.6 -1)
(3 -0.6 -1)
(3.25 -0.6 -1)
(3.5 -0.6 -1)
(3.75 -0.6 -1)
(4 -0.6 -1)
(4.25 -0.6 -1)
(4.5 -0.6 -1)
(4.75 -0.6 -1)
(5 -0.6 -1)
(-3 -0.4 -1)
(-2.75 -0.4 -1)
(-2.5 -0.4 -1)
(-2.25 -0.4 -1)
(-2 -0.4 -1)
(-1.75 -0.3999999998 -1)
(-1.5 -0.3999999991 -1)
(-1.249999999 -0.3999999966 -1)
(-0.9999999971 -0.39999999 -1)
(-0.7499999939 -0.3999999772 -1)
(-0.4999999931 -0.3999999608 -1)
(-0.2499999957 -0.3999999494 -1)
(-1.903249179e-10 -0.3999999484 -1)
(0.2499999954 -0.3999999509 -1)
(0.4999999929 -0.3999999622 -1)
(0.7499999938 -0.3999999781 -1)
(0.9999999971 -0.3999999904 -1)
(1.249999999 -0.3999999968 -1)
(1.5 -0.3999999991 -1)
(1.75 -0.3999999998 -1)
(2 -0.4 -1)
(2.25 -0.4 -1)
(2.5 -0.4 -1)
(2.75 -0.4 -1)
(3 -0.4 -1)
(3.25 -0.4 -1)
(3.5 -0.4 -1)
(3.75 -0.4 -1)
(4 -0.4 -1)
(4.25 -0.4 -1)
(4.5 -0.4 -1)
(4.75 -0.4 -1)
(5 -0.4 -1)
(-3 -0.2 -1)
(-2.75 -0.2 -1)
(-2.5 -0.2 -1)
(-2.25 -0.2 -1)
(-2 -0.2 -1)
(-1.75 -0.1999999998 -1)
(-1.5 -0.199999999 -1)
(-1.249999999 -0.1999999964 -1)
(-0.9999999951 -0.1999999897 -1)
(-0.7499999893 -0.1999999767 -1)
(-0.499999988 -0.19999996 -1)
(-0.2499999928 -0.199999949 -1)
(-3.614437363e-10 -0.1999999488 -1)
(0.2499999923 -0.1999999518 -1)
(0.4999999877 -0.1999999629 -1)
(0.7499999892 -0.1999999783 -1)
(0.9999999951 -0.1999999904 -1)
(1.249999999 -0.1999999968 -1)
(1.5 -0.1999999991 -1)
(1.75 -0.1999999998 -1)
(2 -0.2 -1)
(2.25 -0.2 -1)
(2.5 -0.2 -1)
(2.75 -0.2 -1)
(3 -0.2 -1)
(3.25 -0.2 -1)
(3.5 -0.2 -1)
(3.75 -0.2 -1)
(4 -0.2 -1)
(4.25 -0.2 -1)
(4.5 -0.2 -1)
(4.75 -0.2 -1)
(5 -0.2 -1)
(-3 2.075597295e-14 -1)
(-2.75 9.189898772e-14 -1)
(-2.5 5.215718353e-13 -1)
(-2.25 2.564118392e-12 -1)
(-2 1.075822251e-11 -1)
(-1.75 3.818355471e-11 -1)
(-1.5 1.140569759e-10 -1)
(-1.249999999 2.896744067e-10 -1)
(-0.9999999942 6.532264239e-10 -1)
(-0.7499999869 1.376209892e-09 -1)
(-0.4999999856 2.554205099e-09 -1)
(-0.2499999916 3.198352902e-09 -1)
(-4.668822392e-10 1.738422089e-09 -1)
(0.2499999909 -5.915414367e-10 -1)
(0.4999999852 -1.228468458e-09 -1)
(0.7499999868 -8.104667423e-10 -1)
(0.9999999942 -3.657457522e-10 -1)
(1.249999999 -1.19156657e-10 -1)
(1.5 -2.590545934e-11 -1)
(1.75 -1.943305274e-12 -1)
(2 1.173759221e-12 -1)
(2.25 6.526917867e-13 -1)
(2.5 2.017832135e-13 -1)
(2.75 4.61149218e-14 -1)
(3 8.384864378e-15 -1)
(3.25 1.248252354e-15 -1)
(3.5 1.53983473e-16 -1)
(3.75 1.579575249e-17 -1)
(4 1.344562032e-18 -1)
(4.25 9.430659657e-20 -1)
(4.5 5.382396848e-21 -1)
(4.75 2.450511952e-22 -1)
(5 1.163890109e-23 -1)
(-3 0.2 -1)
(-2.75 0.2 -1)
(-2.5 0.2 -1)
(-2.25 0.2 -1)
(-2 0.2 -1)
(-1.75 0.1999999998 -1)
(-1.5 0.1999999992 -1)
(-1.249999999 0.1999999969 -1)
(-0.9999999951 0.1999999907 -1)
(-0.7499999893 0.1999999788 -1)
(-0.499999988 0.1999999639 -1)
(-0.2499999928 0.1999999538 -1)
(-3.523776962e-10 0.1999999514 -1)
(0.2499999923 0.199999951 -1)
(0.4999999877 0.1999999611 -1)
(0.7499999892 0.1999999771 -1)
(0.9999999951 0.1999999899 -1)
(1.249999999 0.1999999966 -1)
(1.5 0.1999999991 -1)
(1.75 0.1999999998 -1)
(2 0.2 -1)
(2.25 0.2 -1)
(2.5 0.2 -1)
(2.75 0.2 -1)
(3 0.2 -1)
(3.25 0.2 -1)
(3.5 0.2 -1)
(3.75 0.2 -1)
(4 0.2 -1)
(4.25 0.2 -1)
(4.5 0.2 -1)
(4.75 0.2 -1)
(5 0.2 -1)
(-3 0.4 -1)
(-2.75 0.4 -1)
(-2.5 0.4 -1)
(-2.25 0.4 -1)
(-2 0.4 -1)
(-1.75 0.3999999998 -1)
(-1.5 0.3999999992 -1)
(-1.249999999 0.3999999968 -1)
(-0.9999999971 0.3999999905 -1)
(-0.7499999939 0.3999999783 -1)
(-0.4999999931 0.3999999628 -1)
(-0.2499999957 0.3999999519 -1)
(-1.842514862e-10 0.3999999498 -1)
(0.2499999954 0.3999999505 -1)
(0.4999999929 0.3999999613 -1)
(0.7499999938 0.3999999775 -1)
(0.9999999971 0.3999999901 -1)
(1.249999999 0.3999999967 -1)
(1.5 0.3999999991 -1)
(1.75 0.3999999998 -1)
(2 0.4 -1)
(2.25 0.4 -1)
(2.5 0.4 -1)
(2.75 0.4 -1)
(3 0.4 -1)
(3.25 0.4 -1)
(3.5 0.4 -1)
(3.75 0.4 -1)
(4 0.4 -1)
(4.25 0.4 -1)
(4.5 0.4 -1)
(4.75 0.4 -1)
(5 0.4 -1)
(-3 0.6 -1)
(-2.75 0.6 -1)
(-2.5 0.6 -1)
(-2.25 0.6 -1)
(-2 0.6 -1)
(-1.75 0.5999999999 -1)
(-1.5 0.5999999996 -1)
(-1.25 0.5999999983 -1)
(-0.9999999988 0.5999999948 -1)
(-0.7499999974 0.599999988 -1)
(-0.4999999971 0.599999979 -1)
(-0.2499999981 0.5999999727 -1)
(-7.322993753e-11 0.5999999715 -1)
(0.249999998 0.5999999722 -1)
(0.499999997 0.5999999785 -1)
(0.7499999974 0.5999999877 -1)
(0.9999999988 0.5999999947 -1)
(1.25 0.5999999982 -1)
(1.5 0.5999999995 -1)
(1.75 0.5999999999 -1)
(2 0.6 -1)
(2.25 0.6 -1)
(2.5 0.6 -1)
(2.75 0.6 -1)
(3 0.6 -1)
(3.25 0.6 -1)
(3.5 0.6 -1)
(3.75 0.6 -1)
(4 0.6 -1)
(4.25 0.6 -1)
(4.5 0.6 -1)
(4.75 0.6 -1)
(5 0.6 -1)
(-3 0.8 -1)
(-2.75 0.8 -1)
(-2.5 0.8 -1)
(-2.25 0.8 -1)
(-2 0.8 -1)
(-1.75 0.8 -1)
(-1.5 0.7999999998 -1)
(-1.25 0.7999999994 -1)
(-0.9999999996 0.7999999981 -1)
(-0.7499999992 0.7999999954 -1)
(-0.499999999 0.7999999918 -1)
(-0.2499999994 0.7999999893 -1)
(-2.326194066e-11 0.7999999888 -1)
(0.2499999993 0.7999999891 -1)
(0.499999999 0.7999999917 -1)
(0.7499999992 0.7999999953 -1)
(0.9999999996 0.799999998 -1)
(1.25 0.7999999994 -1)
(1.5 0.7999999998 -1)
(1.75 0.8 -1)
(2 0.8 -1)
(2.25 0.8 -1)
(2.5 0.8 -1)
(2.75 0.8 -1)
(3 0.8 -1)
(3.25 0.8 -1)
(3.5 0.8 -1)
(3.75 0.8 -1)
(4 0.8 -1)
(4.25 0.8 -1)
(4.5 0.8 -1)
(4.75 0.8 -1)
(5 0.8 -1)
(-3 1 -1)
(-2.75 1 -1)
(-2.5 1 -1)
(-2.25 1 -1)
(-2 1 -1)
(-1.75 1 -1)
(-1.5 1 -1)
(-1.25 0.9999999998 -1)
(-0.9999999999 0.9999999995 -1)
(-0.7499999998 0.9999999987 -1)
(-0.4999999997 0.9999999976 -1)
(-0.2499999998 0.9999999968 -1)
(-6.066357882e-12 0.9999999967 -1)
(0.2499999998 0.9999999968 -1)
(0.4999999997 0.9999999976 -1)
(0.7499999998 0.9999999987 -1)
(0.9999999999 0.9999999995 -1)
(1.25 0.9999999998 -1)
(1.5 1 -1)
(1.75 1 -1)
(2 1 -1)
(2.25 1 -1)
(2.5 1 -1)
(2.75 1 -1)
(3 1 -1)
(3.25 1 -1)
(3.5 1 -1)
(3.75 1 -1)
(4 1 -1)
(4.25 1 -1)
(4.5 1 -1)
(4.75 1 -1)
(5 1 -1)
(-3 1.2 -1)
(-2.75 1.2 -1)
(-2.5 1.2 -1)
(-2.25 1.2 -1)
(-2 1.2 -1)
(-1.75 1.2 -1)
(-1.5 1.2 -1)
(-1.25 1.2 -1)
(-1 1.2 -1)
(-0.75 1.2 -1)
(-0.4999999999 1.199999999 -1)
(-0.25 1.199999999 -1)
(-1.328549491e-12 1.199999999 -1)
(0.25 1.199999999 -1)
(0.4999999999 1.199999999 -1)
(0.75 1.2 -1)
(1 1.2 -1)
(1.25 1.2 -1)
(1.5 1.2 -1)
(1.75 1.2 -1)
(2 1.2 -1)
(2.25 1.2 -1)
(2.5 1.2 -1)
(2.75 1.2 -1)
(3 1.2 -1)
(3.25 1.2 -1)
(3.5 1.2 -1)
(3.75 1.2 -1)
(4 1.2 -1)
(4.25 1.2 -1)
(4.5 1.2 -1)
(4.75 1.2 -1)
(5 1.2 -1)
(-3 1.4 -1)
(-2.75 1.4 -1)
(-2.5 1.4 -1)
(-2.25 1.4 -1)
(-2 1.4 -1)
(-1.75 1.4 -1)
(-1.5 1.4 -1)
(-1.25 1.4 -1)
(-1 1.4 -1)
(-0.75 1.4 -1)
(-0.5 1.4 -1)
(-0.25 1.4 -1)
(-2.467988368e-13 1.4 -1)
(0.25 1.4 -1)
(0.5 1.4 -1)
(0.75 1.4 -1)
(1 1.4 -1)
(1.25 1.4 -1)
(1.5 1.4 -1)
(1.75 1.4 -1)
(2 1.4 -1)
(2.25 1.4 -1)
(2.5 1.4 -1)
(2.75 1.4 -1)
(3 1.4 -1)
(3.25 1.4 -1)
(3.5 1.4 -1)
(3.75 1.4 -1)
(4 1.4 -1)
(4.25 1.4 -1)
(4.5 1.4 -1)
(4.75 1.4 -1)
(5 1.4 -1)
(-3 1.6 -1)
(-2.75 1.6 -1)
(-2.5 1.6 -1)
(-2.25 1.6 -1)
(-2 1.6 -1)
(-1.75 1.6 -1)
(-1.5 1.6 -1)
(-1.25 1.6 -1)
(-1 1.6 -1)
(-0.75 1.6 -1)
(-0.5 1.6 -1)
(-0.25 1.6 -1)
(-3.903473356e-14 1.6 -1)
(0.25 1.6 -1)
(0.5 1.6 -1)
(0.75 1.6 -1)
(1 1.6 -1)
(1.25 1.6 -1)
(1.5 1.6 -1)
(1.75 1.6 -1)
(2 1.6 -1)
(2.25 1.6 -1)
(2.5 1.6 -1)
(2.75 1.6 -1)
(3 1.6 -1)
(3.25 1.6 -1)
(3.5 1.6 -1)
(3.75 1.6 -1)
(4 1.6 -1)
(4.25 1.6 -1)
(4.5 1.6 -1)
(4.75 1.6 -1)
(5 1.6 -1)
(-3 1.8 -1)
(-2.75 1.8 -1)
(-2.5 1.8 -1)
(-2.25 1.8 -1)
(-2 1.8 -1)
(-1.75 1.8 -1)
(-1.5 1.8 -1)
(-1.25 1.8 -1)
(-1 1.8 -1)
(-0.75 1.8 -1)
(-0.5 1.8 -1)
(-0.25 1.8 -1)
(-5.387122905e-15 1.8 -1)
(0.25 1.8 -1)
(0.5 1.8 -1)
(0.75 1.8 -1)
(1 1.8 -1)
(1.25 1.8 -1)
(1.5 1.8 -1)
(1.75 1.8 -1)
(2 1.8 -1)
(2.25 1.8 -1)
(2.5 1.8 -1)
(2.75 1.8 -1)
(3 1.8 -1)
(3.25 1.8 -1)
(3.5 1.8 -1)
(3.75 1.8 -1)
(4 1.8 -1)
(4.25 1.8 -1)
(4.5 1.8 -1)
(4.75 1.8 -1)
(5 1.8 -1)
(-3 2 -1)
(-2.75 2 -1)
(-2.5 2 -1)
(-2.25 2 -1)
(-2 2 -1)
(-1.75 2 -1)
(-1.5 2 -1)
(-1.25 2 -1)
(-1 2 -1)
(-0.75 2 -1)
(-0.5 2 -1)
(-0.25 2 -1)
(-8.546256487e-16 2 -1)
(0.25 2 -1)
(0.5 2 -1)
(0.75 2 -1)
(1 2 -1)
(1.25 2 -1)
(1.5 2 -1)
(1.75 2 -1)
(2 2 -1)
(2.25 2 -1)
(2.5 2 -1)
(2.75 2 -1)
(3 2 -1)
(3.25 2 -1)
(3.5 2 -1)
(3.75 2 -1)
(4 2 -1)
(4.25 2 -1)
(4.5 2 -1)
(4.75 2 -1)
(5 2 -1)
(-3 -2 -0.875)
(-2.75 -2 -0.875)
(-2.5 -2 -0.875)
(-2.25 -2 -0.875)
(-2 -2 -0.875)
(-1.75 -2 -0.875)
(-1.5 -2 -0.875)
(-1.25 -2 -0.875)
(-1 -2 -0.875)
(-0.75 -2 -0.875)
(-0.5 -2 -0.875)
(-0.25 -2 -0.875)
(-2.624747385e-15 -2 -0.875)
(0.25 -2 -0.875)
(0.5 -2 -0.875)
(0.75 -2 -0.875)
(1 -2 -0.875)
(1.25 -2 -0.875)
(1.5 -2 -0.875)
(1.75 -2 -0.875)
(2 -2 -0.875)
(2.25 -2 -0.875)
(2.5 -2 -0.875)
(2.75 -2 -0.875)
(3 -2 -0.875)
(3.25 -2 -0.875)
(3.5 -2 -0.875)
(3.75 -2 -0.875)
(4 -2 -0.875)
(4.25 -2 -0.875)
(4.5 -2 -0.875)
(4.75 -2 -0.875)
(5 -2 -0.875)
(-3 -1.8 -0.875)
(-2.75 -1.8 -0.875)
(-2.5 -1.8 -0.875)
(-2.25 -1.8 -0.875)
(-2 -1.8 -0.875)
(-1.75 -1.8 -0.875)
(-1.5 -1.8 -0.875)
(-1.25 -1.8 -0.875)
(-1 -1.8 -0.875)
(-0.75 -1.8 -0.875)
(-0.5 -1.8 -0.875)
(-0.25 -1.8 -0.875)
(-1.609619257e-14 -1.8 -0.875)
(0.25 -1.8 -0.875)
(0.5 -1.8 -0.875)
(0.75 -1.8 -0.875)
(1 -1.8 -0.875)
(1.25 -1.8 -0.875)
(1.5 -1.8 -0.875)
(1.75 -1.8 -0.875)
(2 -1.8 -0.875)
(2.25 -1.8 -0.875)
(2.5 -1.8 -0.875)
(2.75 -1.8 -0.875)
(3 -1.8 -0.875)
(3.25 -1.8 -0.875)
(3.5 -1.8 -0.875)
(3.75 -1.8 -0.875)
(4 -1.8 -0.875)
(4.25 -1.8 -0.875)
(4.5 -1.8 -0.875)
(4.75 -1.8 -0.875)
(5 -1.8 -0.875)
(-3 -1.6 -0.875)
(-2.75 -1.6 -0.875)
(-2.5 -1.6 -0.875)
(-2.25 -1.6 -0.875)
(-2 -1.6 -0.875)
(-1.75 -1.6 -0.875)
(-1.5 -1.6 -0.875)
(-1.25 -1.6 -0.875)
(-1 -1.6 -0.875)
(-0.75 -1.6 -0.8749999999)
(-0.5 -1.6 -0.8749999999)
(-0.25 -1.6 -0.8749999999)
(-1.158517263e-13 -1.6 -0.8749999999)
(0.25 -1.6 -0.8749999999)
(0.5 -1.6 -0.8749999999)
(0.75 -1.6 -0.8749999999)
(1 -1.6 -0.875)
(1.25 -1.6 -0.875)
(1.5 -1.6 -0.875)
(1.75 -1.6 -0.875)
(2 -1.6 -0.875)
(2.25 -1.6 -0.875)
(2.5 -1.6 -0.875)
(2.75 -1.6 -0.875)
(3 -1.6 -0.875)
(3.25 -1.6 -0.875)
(3.5 -1.6 -0.875)
(3.75 -1.6 -0.875)
(4 -1.6 -0.875)
(4.25 -1.6 -0.875)
(4.5 -1.6 -0.875)
(4.75 -1.6 -0.875)
(5 -1.6 -0.875)
(-3 -1.4 -0.875)
(-2.75 -1.4 -0.875)
(-2.5 -1.4 -0.875)
(-2.25 -1.4 -0.875)
(-2 -1.4 -0.875)
(-1.75 -1.4 -0.875)
(-1.5 -1.4 -0.875)
(-1.25 -1.4 -0.8749999999)
(-1 -1.4 -0.8749999998)
(-0.75 -1.4 -0.8749999996)
(-0.5 -1.4 -0.8749999994)
(-0.25 -1.399999999 -0.8749999993)
(-7.332604718e-13 -1.399999999 -0.8749999994)
(0.25 -1.399999999 -0.8749999993)
(0.5 -1.4 -0.8749999994)
(0.75 -1.4 -0.8749999996)
(1 -1.4 -0.8749999998)
(1.25 -1.4 -0.8749999999)
(1.5 -1.4 -0.875)
(1.75 -1.4 -0.875)
(2 -1.4 -0.875)
(2.25 -1.4 -0.875)
(2.5 -1.4 -0.875)
(2.75 -1.4 -0.875)
(3 -1.4 -0.875)
(3.25 -1.4 -0.875)
(3.5 -1.4 -0.875)
(3.75 -1.4 -0.875)
(4 -1.4 -0.875)
(4.25 -1.4 -0.875)
(4.5 -1.4 -0.875)
(4.75 -1.4 -0.875)
(5 -1.4 -0.875)
(-3 -1.2 -0.875)
(-2.75 -1.2 -0.875)
(-2.5 -1.2 -0.875)
(-2.25 -1.2 -0.875)
(-2 -1.2 -0.875)
(-1.75 -1.2 -0.875)
(-1.5 -1.2 -0.8749999999)
(-1.25 -1.2 -0.8749999995)
(-0.9999999999 -1.199999999 -0.8749999987)
(-0.7499999998 -1.199999999 -0.8749999975)
(-0.4999999998 -1.199999998 -0.8749999964)
(-0.2499999998 -1.199999997 -0.8749999963)
(-4.011572895e-12 -1.199999997 -0.8749999966)
(0.2499999998 -1.199999997 -0.8749999963)
(0.4999999998 -1.199999998 -0.8749999964)
(0.7499999998 -1.199999999 -0.8749999975)
(0.9999999999 -1.199999999 -0.8749999987)
(1.25 -1.2 -0.8749999995)
(1.5 -1.2 -0.8749999999)
(1.75 -1.2 -0.875)
(2 -1.2 -0.875)
(2.25 -1.2 -0.875)
(2.5 -1.2 -0.875)
(2.75 -1.2 -0.875)
(3 -1.2 -0.875)
(3.25 -1.2 -0.875)
(3.5 -1.2 -0.875)
(3.75 -1.2 -0.875)
(4 -1.2 -0.875)
(4.25 -1.2 -0.875)
(4.5 -1.2 -0.875)
(4.75 -1.2 -0.875)
(5 -1.2 -0.875)
(-3 -1 -0.875)
(-2.75 -1 -0.875)
(-2.5 -1 -0.875)
(-2.25 -1 -0.875)
(-2 -1 -0.875)
(-1.75 -1 -0.8749999998)
(-1.5 -0.9999999998 -0.8749999993)
(-1.25 -0.9999999993 -0.8749999977)
(-0.9999999997 -0.9999999977 -0.8749999937)
(-0.7499999992 -0.9999999942 -0.8749999878)
(-0.499999999 -0.9999999893 -0.8749999834)
(-0.2499999993 -0.9999999858 -0.8749999836)
(-1.882657124e-11 -0.9999999854 -0.8749999852)
(0.2499999992 -0.9999999859 -0.8749999836)
(0.499999999 -0.9999999894 -0.8749999835)
(0.7499999992 -0.9999999943 -0.8749999878)
(0.9999999997 -0.9999999977 -0.8749999937)
(1.25 -0.9999999993 -0.8749999976)
(1.5 -0.9999999998 -0.8749999993)
(1.75 -1 -0.8749999998)
(2 -1 -0.875)
(2.25 -1 -0.875)
(2.5 -1 -0.875)
(2.75 -1 -0.875)
(3 -1 -0.875)
(3.25 -1 -0.875)
(3.5 -1 -0.875)
(3.75 -1 -0.875)
(4 -1 -0.875)
(4.25 -1 -0.875)
(4.5 -1 -0.875)
(4.75 -1 -0.875)
(5 -1 -0.875)
(-3 -0.8 -0.875)
(-2.75 -0.8 -0.875)
(-2.5 -0.8 -0.875)
(-2.25 -0.8 -0.875)
(-2 -0.8 -0.8749999999)
(-1.75 -0.7999999999 -0.8749999993)
(-1.5 -0.7999999994 -0.8749999971)
(-1.25 -0.7999999974 -0.8749999902)
(-0.9999999987 -0.7999999917 -0.8749999745)
(-0.7499999968 -0.7999999798 -0.8749999516)
(-0.4999999961 -0.7999999633 -0.8749999375)
(-0.2499999973 -0.799999952 -0.8749999421)
(-7.473688413e-11 -0.7999999507 -0.8749999504)
(0.2499999972 -0.7999999525 -0.8749999422)
(0.499999996 -0.7999999639 -0.8749999378)
(0.7499999968 -0.7999999801 -0.8749999518)
(0.9999999987 -0.7999999918 -0.8749999744)
(1.25 -0.7999999975 -0.8749999902)
(1.5 -0.7999999994 -0.8749999971)
(1.75 -0.7999999999 -0.8749999993)
(2 -0.8 -0.8749999999)
(2.25 -0.8 -0.875)
(2.5 -0.8 -0.875)
(2.75 -0.8 -0.875)
(3 -0.8 -0.875)
(3.25 -0.8 -0.875)
(3.5 -0.8 -0.875)
(3.75 -0.8 -0.875)
(4 -0.8 -0.875)
(4.25 -0.8 -0.875)
(4.5 -0.8 -0.875)
(4.75 -0.8 -0.875)
(5 -0.8 -0.875)
(-3 -0.6 -0.875)
(-2.75 -0.6 -0.875)
(-2.5 -0.6 -0.875)
(-2.25 -0.6 -0.8749999999)
(-2 -0.5999999999 -0.8749999995)
(-1.75 -0.5999999996 -0.8749999976)
(-1.5 -0.5999999982 -0.8749999902)
(-1.249999999 -0.5999999928 -0.8749999678)
(-0.9999999958 -0.5999999775 -0.8749999173)
(-0.74999999 -0.5999999463 -0.8749998472)
(-0.4999999879 -0.5999999044 -0.8749998136)
(-0.249999992 -0.5999998759 -0.8749998432)
(-2.456116544e-10 -0.5999998734 -0.8749998763)
(0.2499999916 -0.5999998777 -0.8749998435)
(0.4999999878 -0.5999999062 -0.8749998142)
(0.7499999899 -0.5999999474 -0.8749998476)
(0.9999999958 -0.599999978 -0.8749999174)
(1.249999999 -0.599999993 -0.8749999678)
(1.5 -0.5999999982 -0.8749999903)
(1.75 -0.5999999997 -0.8749999976)
(2 -0.5999999999 -0.8749999995)
(2.25 -0.6 -0.8749999999)
(2.5 -0.6 -0.875)
(2.75 -0.6 -0.875)
(3 -0.6 -0.875)
(3.25 -0.6 -0.875)
(3.5 -0.6 -0.875)
(3.75 -0.6 -0.875)
(4 -0.6 -0.875)
(4.25 -0.6 -0.875)
(4.5 -0.6 -0.875)
(4.75 -0.6 -0.875)
(5 -0.6 -0.875)
(-3 -0.4 -0.875)
(-2.75 -0.4 -0.875)
(-2.5 -0.4 -0.875)
(-2.25 -0.4 -0.8749999997)
(-2 -0.3999999999 -0.8749999986)
(-1.750000001 -0.3999999992 -0.8749999936)
(-1.500000001 -0.3999999964 -0.8749999749)
(-1.249999999 -0.3999999862 -0.8749999185)
(-0.9999999903 -0.3999999577 -0.8749997935)
(-0.7499999757 -0.3999999003 -0.8749996262)
(-0.4999999713 -0.399999825 -0.8749995753)
(-0.2499999816 -0.399999774 -0.8749996939)
(-6.458574952e-10 -0.399999772 -0.8749997967)
(0.2499999807 -0.3999997792 -0.8749996945)
(0.4999999709 -0.3999998301 -0.8749995764)
(0.7499999755 -0.3999999032 -0.8749996271)
(0.9999999902 -0.3999999591 -0.874999794)
(1.249999999 -0.3999999868 -0.8749999189)
(1.500000001 -0.3999999966 -0.8749999751)
(1.750000001 -0.3999999993 -0.8749999937)
(2 -0.3999999999 -0.8749999987)
(2.25 -0.4 -0.8749999997)
(2.5 -0.4 -0.875)
(2.75 -0.4 -0.875)
(3 -0.4 -0.875)
(3.25 -0.4 -0.875)
(3.5 -0.4 -0.875)
(3.75 -0.4 -0.875)
(4 -0.4 -0.875)
(4.25 -0.4 -0.875)
(4.5 -0.4 -0.875)
(4.75 -0.4 -0.875)
(5 -0.4 -0.875)
(-3 -0.2 -0.875)
(-2.75 -0.2 -0.875)
(-2.5 -0.2 -0.8749999999)
(-2.25 -0.2 -0.8749999995)
(-2.000000001 -0.1999999998 -0.8749999973)
(-1.750000001 -0.1999999991 -0.8749999879)
(-1.500000002 -0.1999999961 -0.8749999533)
(-1.249999999 -0.1999999853 -0.8749998503)
(-0.9999999838 -0.1999999554 -0.8749996224)
(-0.7499999566 -0.1999998959 -0.874999327)
(-0.4999999496 -0.199999818 -0.8749992969)
(-0.2499999694 -0.1999997671 -0.8749996157)
(-1.279712583e-09 -0.1999997696 -0.8749998468)
(0.2499999676 -0.1999997782 -0.8749996162)
(0.4999999487 -0.1999998286 -0.8749992982)
(0.7499999563 -0.1999999018 -0.8749993282)
(0.9999999837 -0.1999999582 -0.8749996236)
(1.249999999 -0.1999999865 -0.8749998512)
(1.500000002 -0.1999999965 -0.8749999538)
(1.750000001 -0.1999999993 -0.8749999881)
(2.000000001 -0.1999999999 -0.8749999974)
(2.25 -0.2 -0.8749999995)
(2.5 -0.2 -0.8749999999)
(2.75 -0.2 -0.875)
(3 -0.2 -0.875)
(3.25 -0.2 -0.875)
(3.5 -0.2 -0.875)
(3.75 -0.2 -0.875)
(4 -0.2 -0.875)
(4.25 -0.2 -0.875)
(4.5 -0.2 -0.875)
(4.75 -0.2 -0.875)
(5 -0.2 -0.875)
(-3 1.056549833e-13 -0.875)
(-2.75 4.646543502e-13 -0.875)
(-2.5 2.5468399e-12 -0.8749999999)
(-2.25 1.215033913e-11 -0.8749999993)
(-2.000000001 4.961740529e-11 -0.8749999966)
(-1.750000002 1.712837471e-10 -0.8749999847)
(-1.500000004 4.929945802e-10 -0.8749999415)
(-1.250000001 1.181847161e-09 -0.8749998135)
(-0.9999999816 2.45494649e-09 -0.8749995322)
(-0.749999947 4.925089497e-09 -0.8749991728)
(-0.4999999392 9.44154506e-09 -0.8749992042)
(-0.2499999647 1.231178512e-08 -0.8749997012)
(-1.702333773e-09 6.334309929e-09 -0.8750000279)
(0.2499999623 -3.217036169e-09 -0.8749997012)
(0.4999999381 -5.053036779e-09 -0.8749992048)
(0.7499999466 -3.025032165e-09 -0.8749991736)
(0.9999999815 -1.291920459e-09 -0.8749995335)
(1.250000001 -3.769941622e-10 -0.8749998147)
(1.500000004 -5.380627186e-11 -0.8749999421)
(1.750000002 1.256032306e-11 -0.874999985)
(2.000000001 1.147745872e-11 -0.8749999967)
(2.25 4.500221035e-12 -0.8749999993)
(2.5 1.255712032e-12 -0.8749999999)
(2.75 2.765121445e-13 -0.875)
(3 4.996753143e-14 -0.875)
(3.25 7.54290704e-15 -0.875)
(3.5 9.587400152e-16 -0.875)
(3.75 1.028351794e-16 -0.875)
(4 9.291626089e-18 -0.875)
(4.25 7.034924602e-19 -0.875)
(4.5 4.422884584e-20 -0.875)
(4.75 2.277874873e-21 -0.875)
(5 1.241891573e-22 -0.875)
(-3 0.2 -0.875)
(-2.75 0.2 -0.875)
(-2.5 0.2 -0.8749999999)
(-2.25 0.2 -0.8749999995)
(-2.000000001 0.1999999999 -0.8749999973)
(-1.750000001 0.1999999994 -0.8749999879)
(-1.500000002 0.1999999968 -0.8749999531)
(-1.249999999 0.199999987 -0.8749998499)
(-0.9999999838 0.1999999591 -0.8749996222)
(-0.7499999566 0.1999999033 -0.8749993274)
(-0.4999999496 0.1999998319 -0.8749992978)
(-0.2499999694 0.199999785 -0.8749996161)
(-1.22687661e-09 0.1999997789 -0.8749998467)
(0.2499999676 0.1999997739 -0.8749996156)
(0.4999999487 0.1999998214 -0.8749992972)
(0.7499999563 0.1999998974 -0.8749993275)
(0.9999999837 0.1999999563 -0.8749996231)
(1.249999999 0.1999999859 -0.8749998509)
(1.500000002 0.1999999964 -0.8749999536)
(1.750000001 0.1999999993 -0.8749999881)
(2.000000001 0.1999999999 -0.8749999974)
(2.25 0.2 -0.8749999995)
(2.5 0.2 -0.8749999999)
(2.75 0.2 -0.875)
(3 0.2 -0.875)
(3.25 0.2 -0.875)
(3.5 0.2 -0.875)
(3.75 0.2 -0.875)
(4 0.2 -0.875)
(4.25 0.2 -0.875)
(4.5 0.2 -0.875)
(4.75 0.2 -0.875)
(5 0.2 -0.875)
(-3 0.4 -0.875)
(-2.75 0.4 -0.875)
(-2.5 0.4 -0.875)
(-2.25 0.4 -0.8749999997)
(-2 0.3999999999 -0.8749999986)
(-1.750000001 0.3999999994 -0.8749999936)
(-1.500000001 0.3999999967 -0.8749999747)
(-1.249999999 0.399999987 -0.8749999182)
(-0.9999999903 0.3999999595 -0.8749997932)
(-0.7499999757 0.399999904 -0.8749996266)
(-0.4999999713 0.3999998318 -0.8749995761)
(-0.2499999816 0.3999997826 -0.8749996943)
(-6.104391652e-10 0.3999997766 -0.8749997965)
(0.2499999807 0.3999997774 -0.8749996938)
(0.4999999709 0.3999998267 -0.8749995753)
(0.7499999755 0.3999999011 -0.8749996264)
(0.9999999902 0.3999999581 -0.8749997938)
(1.249999999 0.3999999865 -0.8749999188)
(1.500000001 0.3999999966 -0.874999975)
(1.750000001 0.3999999993 -0.8749999937)
(2 0.3999999999 -0.8749999986)
(2.25 0.4 -0.8749999997)
(2.5 0.4 -0.875)
(2.75 0.4 -0.875)
(3 0.4 -0.875)
(3.25 0.4 -0.875)
(3.5 0.4 -0.875)
(3.75 0.4 -0.875)
(4 0.4 -0.875)
(4.25 0.4 -0.875)
(4.5 0.4 -0.875)
(4.75 0.4 -0.875)
(5 0.4 -0.875)
(-3 0.6 -0.875)
(-2.75 0.6 -0.875)
(-2.5 0.6 -0.875)
(-2.25 0.6 -0.8749999999)
(-2 0.6 -0.8749999995)
(-1.75 0.5999999997 -0.8749999975)
(-1.5 0.5999999983 -0.8749999901)
(-1.249999999 0.5999999931 -0.8749999675)
(-0.9999999958 0.5999999781 -0.874999917)
(-0.74999999 0.5999999477 -0.8749998473)
(-0.4999999879 0.5999999069 -0.8749998141)
(-0.249999992 0.599999879 -0.8749998434)
(-2.334363035e-10 0.5999998752 -0.8749998762)
(0.2499999916 0.5999998772 -0.8749998431)
(0.4999999878 0.599999905 -0.8749998136)
(0.7499999899 0.5999999466 -0.8749998472)
(0.9999999958 0.5999999776 -0.8749999174)
(1.249999999 0.5999999929 -0.8749999678)
(1.5 0.5999999982 -0.8749999903)
(1.75 0.5999999997 -0.8749999976)
(2 0.5999999999 -0.8749999995)
(2.25 0.6 -0.8749999999)
(2.5 0.6 -0.875)
(2.75 0.6 -0.875)
(3 0.6 -0.875)
(3.25 0.6 -0.875)
(3.5 0.6 -0.875)
(3.75 0.6 -0.875)
(4 0.6 -0.875)
(4.25 0.6 -0.875)
(4.5 0.6 -0.875)
(4.75 0.6 -0.875)
(5 0.6 -0.875)
(-3 0.8 -0.875)
(-2.75 0.8 -0.875)
(-2.5 0.8 -0.875)
(-2.25 0.8 -0.875)
(-2 0.8 -0.8749999999)
(-1.75 0.7999999999 -0.8749999993)
(-1.5 0.7999999994 -0.874999997)
(-1.25 0.7999999975 -0.8749999901)
(-0.9999999987 0.7999999919 -0.8749999743)
(-0.7499999968 0.7999999801 -0.8749999517)
(-0.4999999961 0.7999999641 -0.8749999377)
(-0.2499999973 0.7999999529 -0.8749999421)
(-7.231030144e-11 0.7999999512 -0.8749999503)
(0.2499999972 0.7999999524 -0.874999942)
(0.499999996 0.7999999635 -0.8749999375)
(0.7499999968 0.7999999798 -0.8749999516)
(0.9999999987 0.7999999917 -0.8749999745)
(1.25 0.7999999974 -0.8749999902)
(1.5 0.7999999994 -0.8749999971)
(1.75 0.7999999999 -0.8749999993)
(2 0.8 -0.8749999999)
(2.25 0.8 -0.875)
(2.5 0.8 -0.875)
(2.75 0.8 -0.875)
(3 0.8 -0.875)
(3.25 0.8 -0.875)
(3.5 0.8 -0.875)
(3.75 0.8 -0.875)
(4 0.8 -0.875)
(4.25 0.8 -0.875)
(4.5 0.8 -0.875)
(4.75 0.8 -0.875)
(5 0.8 -0.875)
(-3 1 -0.875)
(-2.75 1 -0.875)
(-2.5 1 -0.875)
(-2.25 1 -0.875)
(-2 1 -0.875)
(-1.75 1 -0.8749999998)
(-1.5 0.9999999999 -0.8749999993)
(-1.25 0.9999999993 -0.8749999976)
(-0.9999999997 0.9999999977 -0.8749999937)
(-0.7499999992 0.9999999943 -0.8749999878)
(-0.499999999 0.9999999895 -0.8749999835)
(-0.2499999993 0.999999986 -0.8749999836)
(-1.86746354e-11 0.9999999855 -0.8749999852)
(0.2499999992 0.9999999859 -0.8749999835)
(0.499999999 0.9999999893 -0.8749999834)
(0.7499999992 0.9999999942 -0.8749999877)
(0.9999999997 0.9999999977 -0.8749999937)
(1.25 0.9999999993 -0.8749999977)
(1.5 0.9999999998 -0.8749999993)
(1.75 1 -0.8749999998)
(2 1 -0.875)
(2.25 1 -0.875)
(2.5 1 -0.875)
(2.75 1 -0.875)
(3 1 -0.875)
(3.25 1 -0.875)
(3.5 1 -0.875)
(3.75 1 -0.875)
(4 1 -0.875)
(4.25 1 -0.875)
(4.5 1 -0.875)
(4.75 1 -0.875)
(5 1 -0.875)
(-3 1.2 -0.875)
(-2.75 1.2 -0.875)
(-2.5 1.2 -0.875)
(-2.25 1.2 -0.875)
(-2 1.2 -0.875)
(-1.75 1.2 -0.875)
(-1.5 1.2 -0.8749999999)
(-1.25 1.2 -0.8749999995)
(-0.9999999999 1.199999999 -0.8749999987)
(-0.7499999998 1.199999999 -0.8749999975)
(-0.4999999998 1.199999998 -0.8749999964)
(-0.2499999998 1.199999997 -0.8749999963)
(-4.092626391e-12 1.199999997 -0.8749999965)
(0.2499999998 1.199999997 -0.8749999963)
(0.4999999998 1.199999998 -0.8749999964)
(0.7499999998 1.199999999 -0.8749999975)
(0.9999999999 1.199999999 -0.8749999987)
(1.25 1.2 -0.8749999995)
(1.5 1.2 -0.8749999999)
(1.75 1.2 -0.875)
(2 1.2 -0.875)
(2.25 1.2 -0.875)
(2.5 1.2 -0.875)
(2.75 1.2 -0.875)
(3 1.2 -0.875)
(3.25 1.2 -0.875)
(3.5 1.2 -0.875)
(3.75 1.2 -0.875)
(4 1.2 -0.875)
(4.25 1.2 -0.875)
(4.5 1.2 -0.875)
(4.75 1.2 -0.875)
(5 1.2 -0.875)
(-3 1.4 -0.875)
(-2.75 1.4 -0.875)
(-2.5 1.4 -0.875)
(-2.25 1.4 -0.875)
(-2 1.4 -0.875)
(-1.75 1.4 -0.875)
(-1.5 1.4 -0.875)
(-1.25 1.4 -0.8749999999)
(-1 1.4 -0.8749999998)
(-0.75 1.4 -0.8749999996)
(-0.5 1.4 -0.8749999994)
(-0.25 1.399999999 -0.8749999993)
(-7.69552997e-13 1.399999999 -0.8749999993)
(0.25 1.399999999 -0.8749999993)
(0.5 1.4 -0.8749999994)
(0.75 1.4 -0.8749999996)
(1 1.4 -0.8749999998)
(1.25 1.4 -0.8749999999)
(1.5 1.4 -0.875)
(1.75 1.4 -0.875)
(2 1.4 -0.875)
(2.25 1.4 -0.875)
(2.5 1.4 -0.875)
(2.75 1.4 -0.875)
(3 1.4 -0.875)
(3.25 1.4 -0.875)
(3.5 1.4 -0.875)
(3.75 1.4 -0.875)
(4 1.4 -0.875)
(4.25 1.4 -0.875)
(4.5 1.4 -0.875)
(4.75 1.4 -0.875)
(5 1.4 -0.875)
(-3 1.6 -0.875)
(-2.75 1.6 -0.875)
(-2.5 1.6 -0.875)
(-2.25 1.6 -0.875)
(-2 1.6 -0.875)
(-1.75 1.6 -0.875)
(-1.5 1.6 -0.875)
(-1.25 1.6 -0.875)
(-1 1.6 -0.875)
(-0.75 1.6 -0.8749999999)
(-0.5 1.6 -0.8749999999)
(-0.25 1.6 -0.8749999999)
(-1.248088745e-13 1.6 -0.8749999999)
(0.25 1.6 -0.8749999999)
(0.5 1.6 -0.8749999999)
(0.75 1.6 -0.8749999999)
(1 1.6 -0.875)
(1.25 1.6 -0.875)
(1.5 1.6 -0.875)
(1.75 1.6 -0.875)
(2 1.6 -0.875)
(2.25 1.6 -0.875)
(2.5 1.6 -0.875)
(2.75 1.6 -0.875)
(3 1.6 -0.875)
(3.25 1.6 -0.875)
(3.5 1.6 -0.875)
(3.75 1.6 -0.875)
(4 1.6 -0.875)
(4.25 1.6 -0.875)
(4.5 1.6 -0.875)
(4.75 1.6 -0.875)
(5 1.6 -0.875)
(-3 1.8 -0.875)
(-2.75 1.8 -0.875)
(-2.5 1.8 -0.875)
(-2.25 1.8 -0.875)
(-2 1.8 -0.875)
(-1.75 1.8 -0.875)
(-1.5 1.8 -0.875)
(-1.25 1.8 -0.875)
(-1 1.8 -0.875)
(-0.75 1.8 -0.875)
(-0.5 1.8 -0.875)
(-0.25 1.8 -0.875)
(-1.772327524e-14 1.8 -0.875)
(0.25 1.8 -0.875)
(0.5 1.8 -0.875)
(0.75 1.8 -0.875)
(1 1.8 -0.875)
(1.25 1.8 -0.875)
(1.5 1.8 -0.875)
(1.75 1.8 -0.875)
(2 1.8 -0.875)
(2.25 1.8 -0.875)
(2.5 1.8 -0.875)
(2.75 1.8 -0.875)
(3 1.8 -0.875)
(3.25 1.8 -0.875)
(3.5 1.8 -0.875)
(3.75 1.8 -0.875)
(4 1.8 -0.875)
(4.25 1.8 -0.875)
(4.5 1.8 -0.875)
(4.75 1.8 -0.875)
(5 1.8 -0.875)
(-3 2 -0.875)
(-2.75 2 -0.875)
(-2.5 2 -0.875)
(-2.25 2 -0.875)
(-2 2 -0.875)
(-1.75 2 -0.875)
(-1.5 2 -0.875)
(-1.25 2 -0.875)
(-1 2 -0.875)
(-0.75 2 -0.875)
(-0.5 2 -0.875)
(-0.25 2 -0.875)
(-2.934994381e-15 2 -0.875)
(0.25 2 -0.875)
(0.5 2 -0.875)
(0.75 2 -0.875)
(1 2 -0.875)
(1.25 2 -0.875)
(1.5 2 -0.875)
(1.75 2 -0.875)
(2 2 -0.875)
(2.25 2 -0.875)
(2.5 2 -0.875)
(2.75 2 -0.875)
(3 2 -0.875)
(3.25 2 -0.875)
(3.5 2 -0.875)
(3.75 2 -0.875)
(4 2 -0.875)
(4.25 2 -0.875)
(4.5 2 -0.875)
(4.75 2 -0.875)
(5 2 -0.875)
(-3 -2 -0.75)
(-2.75 -2 -0.75)
(-2.5 -2 -0.75)
(-2.25 -2 -0.75)
(-2 -2 -0.75)
(-1.75 -2 -0.75)
(-1.5 -2 -0.75)
(-1.25 -2 -0.75)
(-1 -2 -0.75)
(-0.75 -2 -0.75)
(-0.5 -2 -0.75)
(-0.25 -2 -0.75)
(-1.295578318e-14 -2 -0.75)
(0.25 -2 -0.75)
(0.5 -2 -0.75)
(0.75 -2 -0.75)
(1 -2 -0.75)
(1.25 -2 -0.75)
(1.5 -2 -0.75)
(1.75 -2 -0.75)
(2 -2 -0.75)
(2.25 -2 -0.75)
(2.5 -2 -0.75)
(2.75 -2 -0.75)
(3 -2 -0.75)
(3.25 -2 -0.75)
(3.5 -2 -0.75)
(3.75 -2 -0.75)
(4 -2 -0.75)
(4.25 -2 -0.75)
(4.5 -2 -0.75)
(4.75 -2 -0.75)
(5 -2 -0.75)
(-3 -1.8 -0.75)
(-2.75 -1.8 -0.75)
(-2.5 -1.8 -0.75)
(-2.25 -1.8 -0.75)
(-2 -1.8 -0.75)
(-1.75 -1.8 -0.75)
(-1.5 -1.8 -0.75)
(-1.25 -1.8 -0.75)
(-1 -1.8 -0.75)
(-0.75 -1.8 -0.75)
(-0.5 -1.8 -0.7499999999)
(-0.25 -1.8 -0.7499999999)
(-7.350475655e-14 -1.8 -0.7499999999)
(0.25 -1.8 -0.7499999999)
(0.5 -1.8 -0.7499999999)
(0.75 -1.8 -0.75)
(1 -1.8 -0.75)
(1.25 -1.8 -0.75)
(1.5 -1.8 -0.75)
(1.75 -1.8 -0.75)
(2 -1.8 -0.75)
(2.25 -1.8 -0.75)
(2.5 -1.8 -0.75)
(2.75 -1.8 -0.75)
(3 -1.8 -0.75)
(3.25 -1.8 -0.75)
(3.5 -1.8 -0.75)
(3.75 -1.8 -0.75)
(4 -1.8 -0.75)
(4.25 -1.8 -0.75)
(4.5 -1.8 -0.75)
(4.75 -1.8 -0.75)
(5 -1.8 -0.75)
(-3 -1.6 -0.75)
(-2.75 -1.6 -0.75)
(-2.5 -1.6 -0.75)
(-2.25 -1.6 -0.75)
(-2 -1.6 -0.75)
(-1.75 -1.6 -0.75)
(-1.5 -1.6 -0.75)
(-1.25 -1.6 -0.75)
(-1 -1.6 -0.7499999999)
(-0.75 -1.6 -0.7499999997)
(-0.5 -1.6 -0.7499999995)
(-0.25 -1.599999999 -0.7499999994)
(-4.940750705e-13 -1.599999999 -0.7499999994)
(0.25 -1.599999999 -0.7499999994)
(0.5 -1.6 -0.7499999995)
(0.75 -1.6 -0.7499999997)
(1 -1.6 -0.7499999998)
(1.25 -1.6 -0.7499999999)
(1.5 -1.6 -0.75)
(1.75 -1.6 -0.75)
(2 -1.6 -0.75)
(2.25 -1.6 -0.75)
(2.5 -1.6 -0.75)
(2.75 -1.6 -0.75)
(3 -1.6 -0.75)
(3.25 -1.6 -0.75)
(3.5 -1.6 -0.75)
(3.75 -1.6 -0.75)
(4 -1.6 -0.75)
(4.25 -1.6 -0.75)
(4.5 -1.6 -0.75)
(4.75 -1.6 -0.75)
(5 -1.6 -0.75)
(-3 -1.4 -0.75)
(-2.75 -1.4 -0.75)
(-2.5 -1.4 -0.75)
(-2.25 -1.4 -0.75)
(-2 -1.4 -0.75)
(-1.75 -1.4 -0.75)
(-1.5 -1.4 -0.7499999999)
(-1.25 -1.4 -0.7499999996)
(-1 -1.4 -0.749999999)
(-0.7499999999 -1.399999999 -0.7499999978)
(-0.4999999998 -1.399999997 -0.7499999966)
(-0.2499999998 -1.399999996 -0.7499999963)
(-2.955065372e-12 -1.399999996 -0.7499999964)
(0.2499999998 -1.399999996 -0.7499999963)
(0.4999999998 -1.399999997 -0.7499999967)
(0.7499999999 -1.399999999 -0.7499999978)
(1 -1.4 -0.7499999989)
(1.25 -1.4 -0.7499999996)
(1.5 -1.4 -0.7499999999)
(1.75 -1.4 -0.75)
(2 -1.4 -0.75)
(2.25 -1.4 -0.75)
(2.5 -1.4 -0.75)
(2.75 -1.4 -0.75)
(3 -1.4 -0.75)
(3.25 -1.4 -0.75)
(3.5 -1.4 -0.75)
(3.75 -1.4 -0.75)
(4 -1.4 -0.75)
(4.25 -1.4 -0.75)
(4.5 -1.4 -0.75)
(4.75 -1.4 -0.75)
(5 -1.4 -0.75)
(-3 -1.2 -0.75)
(-2.75 -1.2 -0.75)
(-2.5 -1.2 -0.75)
(-2.25 -1.2 -0.75)
(-2 -1.2 -0.75)
(-1.75 -1.2 -0.7499999999)
(-1.5 -1.2 -0.7499999994)
(-1.25 -1.199999999 -0.7499999978)
(-0.9999999997 -1.199999997 -0.7499999939)
(-0.7499999992 -1.199999993 -0.7499999875)
(-0.4999999989 -1.199999987 -0.7499999817)
(-0.2499999992 -1.199999982 -0.7499999802)
(-1.553430477e-11 -1.199999982 -0.7499999813)
(0.2499999992 -1.199999982 -0.7499999803)
(0.4999999989 -1.199999987 -0.7499999818)
(0.7499999992 -1.199999993 -0.7499999875)
(0.9999999997 -1.199999997 -0.7499999939)
(1.25 -1.199999999 -0.7499999978)
(1.5 -1.2 -0.7499999994)
(1.75 -1.2 -0.7499999999)
(2 -1.2 -0.75)
(2.25 -1.2 -0.75)
(2.5 -1.2 -0.75)
(2.75 -1.2 -0.75)
(3 -1.2 -0.75)
(3.25 -1.2 -0.75)
(3.5 -1.2 -0.75)
(3.75 -1.2 -0.75)
(4 -1.2 -0.75)
(4.25 -1.2 -0.75)
(4.5 -1.2 -0.75)
(4.75 -1.2 -0.75)
(5 -1.2 -0.75)
(-3 -1 -0.75)
(-2.75 -1 -0.75)
(-2.5 -1 -0.75)
(-2.25 -1 -0.75)
(-2 -1 -0.7499999999)
(-1.75 -0.9999999999 -0.7499999993)
(-1.5 -0.9999999992 -0.7499999969)
(-1.25 -0.9999999966 -0.7499999891)
(-0.9999999987 -0.9999999883 -0.7499999703)
(-0.7499999963 -0.9999999704 -0.7499999407)
(-0.4999999951 -0.9999999448 -0.7499999167)
(-0.2499999964 -0.999999927 -0.7499999141)
(-7.098032723e-11 -0.999999925 -0.749999921)
(0.2499999963 -0.9999999275 -0.7499999144)
(0.499999995 -0.9999999453 -0.7499999172)
(0.7499999963 -0.9999999706 -0.7499999409)
(0.9999999987 -0.9999999884 -0.7499999702)
(1.25 -0.9999999966 -0.749999989)
(1.5 -0.9999999993 -0.7499999968)
(1.75 -0.9999999999 -0.7499999993)
(2 -1 -0.7499999999)
(2.25 -1 -0.75)
(2.5 -1 -0.75)
(2.75 -1 -0.75)
(3 -1 -0.75)
(3.25 -1 -0.75)
(3.5 -1 -0.75)
(3.75 -1 -0.75)
(4 -1 -0.75)
(4.25 -1 -0.75)
(4.5 -1 -0.75)
(4.75 -1 -0.75)
(5 -1 -0.75)
(-3 -0.8 -0.75)
(-2.75 -0.8 -0.75)
(-2.5 -0.8 -0.75)
(-2.25 -0.8 -0.7499999999)
(-2 -0.7999999999 -0.7499999994)
(-1.75 -0.7999999995 -0.7499999968)
(-1.500000001 -0.7999999971 -0.7499999869)
(-1.25 -0.7999999876 -0.7499999556)
(-0.999999995 -0.7999999593 -0.7499998814)
(-0.7499999858 -0.799999899 -0.7499997683)
(-0.4999999814 -0.7999998145 -0.749999689)
(-0.2499999868 -0.7999997571 -0.7499996984)
(-2.789648708e-10 -0.7999997521 -0.7499997345)
(0.2499999864 -0.7999997591 -0.7499996993)
(0.4999999812 -0.7999998165 -0.7499996906)
(0.7499999857 -0.7999999002 -0.7499997692)
(0.9999999949 -0.7999999598 -0.7499998814)
(1.25 -0.7999999878 -0.7499999555)
(1.500000001 -0.7999999971 -0.7499999869)
(1.75 -0.7999999995 -0.7499999968)
(2 -0.7999999999 -0.7499999994)
(2.25 -0.8 -0.7499999999)
(2.5 -0.8 -0.75)
(2.75 -0.8 -0.75)
(3 -0.8 -0.75)
(3.25 -0.8 -0.75)
(3.5 -0.8 -0.75)
(3.75 -0.8 -0.75)
(4 -0.8 -0.75)
(4.25 -0.8 -0.75)
(4.5 -0.8 -0.75)
(4.75 -0.8 -0.75)
(5 -0.8 -0.75)
(-3 -0.6 -0.75)
(-2.75 -0.6 -0.75)
(-2.5 -0.6 -0.7499999999)
(-2.25 -0.6 -0.7499999996)
(-2.000000001 -0.5999999997 -0.7499999977)
(-1.750000002 -0.5999999984 -0.7499999892)
(-1.500000003 -0.5999999916 -0.7499999567)
(-1.25 -0.5999999661 -0.7499998555)
(-0.9999999847 -0.5999998915 -0.7499996185)
(-0.7499999553 -0.5999997352 -0.7499992679)
(-0.4999999434 -0.599999519 -0.7499990699)
(-0.2499999611 -0.5999993756 -0.7499991771)
(-9.237289755e-10 -0.5999993698 -0.7499993287)
(0.2499999598 -0.599999383 -0.7499991792)
(0.4999999427 -0.5999995261 -0.749999074)
(0.7499999551 -0.5999997392 -0.7499992707)
(0.9999999846 -0.5999998936 -0.7499996199)
(1.25 -0.5999999669 -0.749999856)
(1.500000003 -0.5999999919 -0.749999957)
(1.750000002 -0.5999999984 -0.7499999894)
(2.000000001 -0.5999999998 -0.7499999977)
(2.25 -0.6 -0.7499999996)
(2.5 -0.6 -0.7499999999)
(2.75 -0.6 -0.75)
(3 -0.6 -0.75)
(3.25 -0.6 -0.75)
(3.5 -0.6 -0.75)
(3.75 -0.6 -0.75)
(4 -0.6 -0.75)
(4.25 -0.6 -0.75)
(4.5 -0.6 -0.75)
(4.75 -0.6 -0.75)
(5 -0.6 -0.75)
(-3 -0.4 -0.75)
(-2.75 -0.4 -0.75)
(-2.5 -0.4 -0.7499999998)
(-2.25 -0.3999999999 -0.7499999988)
(-2.000000002 -0.3999999994 -0.7499999938)
(-1.750000005 -0.3999999967 -0.7499999721)
(-1.500000009 -0.3999999838 -0.7499998903)
(-1.250000004 -0.3999999359 -0.749999638)
(-0.9999999656 -0.3999997971 -0.7499990473)
(-0.7499998909 -0.399999507 -0.7499981902)
(-0.4999998654 -0.3999991158 -0.749997856)
(-0.2499999115 -0.3999988567 -0.7499983615)
(-2.495180253e-09 -0.3999988635 -0.7499988559)
(0.249999908 -0.3999988785 -0.7499983651)
(0.4999998637 -0.3999991362 -0.7499978635)
(0.7499998904 -0.3999995182 -0.7499981961)
(0.9999999655 -0.3999998026 -0.749999051)
(1.250000004 -0.3999999383 -0.7499996406)
(1.500000009 -0.3999999847 -0.7499998917)
(1.750000005 -0.3999999969 -0.7499999727)
(2.000000002 -0.3999999995 -0.749999994)
(2.25 -0.3999999999 -0.7499999988)
(2.5 -0.4 -0.7499999998)
(2.75 -0.4 -0.75)
(3 -0.4 -0.75)
(3.25 -0.4 -0.75)
(3.5 -0.4 -0.75)
(3.75 -0.4 -0.75)
(4 -0.4 -0.75)
(4.25 -0.4 -0.75)
(4.5 -0.4 -0.75)
(4.75 -0.4 -0.75)
(5 -0.4 -0.75)
(-3 -0.2 -0.75)
(-2.75 -0.2 -0.7499999999)
(-2.5 -0.2 -0.7499999996)
(-2.250000001 -0.1999999999 -0.7499999976)
(-2.000000004 -0.1999999993 -0.7499999882)
(-1.750000011 -0.1999999963 -0.7499999477)
(-1.500000021 -0.1999999825 -0.7499997975)
(-1.250000017 -0.1999999321 -0.7499993365)
(-0.9999999469 -0.1999997847 -0.7499982469)
(-0.7499998034 -0.1999994774 -0.7499966833)
(-0.4999997615 -0.1999990664 -0.7499963845)
(-0.2499998538 -0.1999988036 -0.7499978955)
(-5.159519634e-09 -0.1999988384 -0.7499990605)
(0.2499998466 -0.1999988527 -0.7499978988)
(0.4999997584 -0.1999991104 -0.7499963925)
(0.7499998024 -0.1999995009 -0.7499966909)
(0.9999999466 -0.1999997962 -0.7499982543)
(1.250000017 -0.1999999371 -0.7499993427)
(1.500000021 -0.1999999843 -0.7499998009)
(1.750000011 -0.1999999968 -0.749999949)
(2.000000004 -0.1999999994 -0.7499999886)
(2.250000001 -0.1999999999 -0.7499999977)
(2.5 -0.2 -0.7499999996)
(2.75 -0.2 -0.7499999999)
(3 -0.2 -0.75)
(3.25 -0.2 -0.75)
(3.5 -0.2 -0.75)
(3.75 -0.2 -0.75)
(4 -0.2 -0.75)
(4.25 -0.2 -0.75)
(4.5 -0.2 -0.75)
(4.75 -0.2 -0.75)
(5 -0.2 -0.75)
(-3 6.602982996e-13 -0.75)
(-2.75 2.842418197e-12 -0.7499999999)
(-2.5 1.496931969e-11 -0.7499999994)
(-2.250000001 6.894310437e-11 -0.7499999969)
(-2.000000005 2.728469598e-10 -0.7499999849)
(-1.750000015 9.132642663e-10 -0.7499999339)
(-1.500000031 2.535793959e-09 -0.7499997466)
(-1.25000003 5.737730825e-09 -0.7499991731)
(-0.9999999449 1.082417493e-08 -0.749997819)
(-0.7499997589 1.996969065e-08 -0.7499958711)
(-0.4999997128 3.948984299e-08 -0.7499959015)
(-0.2499998346 5.421239052e-08 -0.7499984168)
(-7.120090251e-09 2.646565047e-08 -0.7500001093)
(0.249999825 -1.832435225e-08 -0.7499984168)
(0.4999997087 -2.314551573e-08 -0.7499959045)
(0.7499997576 -1.257379741e-08 -0.7499958759)
(0.9999999446 -5.112909378e-09 -0.7499978272)
(1.25000003 -1.241049574e-09 -0.7499991806)
(1.500000031 1.084771055e-11 -0.7499997507)
(1.750000015 1.672222888e-10 -0.7499999355)
(2.000000005 9.064726016e-11 -0.7499999853)
(2.250000001 3.170042541e-11 -0.749999997)
(2.5 8.524448982e-12 -0.7499999994)
(2.75 1.868511291e-12 -0.7499999999)
(3 3.42874704e-13 -0.75)
(3.25 5.336253366e-14 -0.75)
(3.5 7.085535218e-15 -0.75)
(3.75 8.039911743e-16 -0.75)
(4 7.784793936e-17 -0.75)
(4.25 6.406033732e-18 -0.75)
(4.5 4.449557066e-19 -0.75)
(4.75 2.583674983e-20 -0.75)
(5 1.610086062e-21 -0.75)
(-3 0.2 -0.75)
(-2.75 0.2 -0.7499999999)
(-2.5 0.2 -0.7499999996)
(-2.250000001 0.2 -0.7499999976)
(-2.000000004 0.1999999997 -0.7499999881)
(-1.750000011 0.1999999976 -0.7499999474)
(-1.500000021 0.1999999861 -0.7499997967)
(-1.250000017 0.1999999402 -0.749999335)
(-0.9999999469 0.1999998003 -0.7499982458)
(-0.7499998034 0.1999995064 -0.7499966862)
(-0.4999997615 0.1999991225 -0.7499963904)
(-0.2499998536 0.1999988785 -0.7499978982)
(-4.834056985e-09 0.1999988753 -0.7499990598)
(0.2499998468 0.1999988294 -0.7499978952)
(0.4999997584 0.1999990784 -0.7499963856)
(0.7499998024 0.1999994828 -0.7499966857)
(0.9999999466 0.1999997887 -0.7499982511)
(1.250000017 0.1999999352 -0.7499993404)
(1.500000021 0.1999999843 -0.7499997997)
(1.750000011 0.199999997 -0.7499999485)
(2.000000004 0.1999999996 -0.7499999884)
(2.250000001 0.2 -0.7499999977)
(2.5 0.2 -0.7499999996)
(2.75 0.2 -0.7499999999)
(3 0.2 -0.75)
(3.25 0.2 -0.75)
(3.5 0.2 -0.75)
(3.75 0.2 -0.75)
(4 0.2 -0.75)
(4.25 0.2 -0.75)
(4.5 0.2 -0.75)
(4.75 0.2 -0.75)
(5 0.2 -0.75)
(-3 0.4 -0.75)
(-2.75 0.4 -0.75)
(-2.5 0.4 -0.7499999998)
(-2.25 0.4 -0.7499999988)
(-2.000000002 0.3999999996 -0.7499999937)
(-1.750000005 0.3999999973 -0.7499999717)
(-1.500000009 0.3999999855 -0.7499998892)
(-1.250000004 0.3999999397 -0.7499996359)
(-0.9999999656 0.3999998044 -0.7499990457)
(-0.7499998909 0.3999995209 -0.7499981932)
(-0.4999998653 0.3999991422 -0.7499978621)
(-0.2499999114 0.399998891 -0.7499983643)
(-2.28665685e-09 0.3999988809 -0.7499988548)
(0.2499999081 0.3999988692 -0.7499983608)
(0.4999998638 0.3999991218 -0.7499978561)
(0.7499998904 0.3999995097 -0.749998191)
(0.9999999655 0.3999997989 -0.7499990488)
(1.250000004 0.3999999373 -0.7499996394)
(1.500000009 0.3999999846 -0.7499998911)
(1.750000005 0.399999997 -0.7499999724)
(2.000000002 0.3999999996 -0.7499999939)
(2.25 0.4 -0.7499999988)
(2.5 0.4 -0.7499999998)
(2.75 0.4 -0.75)
(3 0.4 -0.75)
(3.25 0.4 -0.75)
(3.5 0.4 -0.75)
(3.75 0.4 -0.75)
(4 0.4 -0.75)
(4.25 0.4 -0.75)
(4.5 0.4 -0.75)
(4.75 0.4 -0.75)
(5 0.4 -0.75)
(-3 0.6 -0.75)
(-2.75 0.6 -0.75)
(-2.5 0.6 -0.7499999999)
(-2.25 0.6 -0.7499999995)
(-2.000000001 0.5999999998 -0.7499999976)
(-1.750000002 0.5999999986 -0.7499999889)
(-1.500000003 0.5999999922 -0.7499999559)
(-1.25 0.5999999673 -0.749999854)
(-0.9999999847 0.5999998941 -0.7499996172)
(-0.7499999553 0.5999997402 -0.7499992693)
(-0.4999999434 0.5999995284 -0.7499990733)
(-0.2499999611 0.5999993876 -0.7499991786)
(-8.503209792e-10 0.599999376 -0.7499993278)
(0.2499999598 0.5999993802 -0.7499991765)
(0.4999999428 0.5999995212 -0.7499990698)
(0.7499999551 0.5999997362 -0.749999268)
(0.9999999846 0.5999998921 -0.7499996189)
(1.25 0.5999999665 -0.7499998559)
(1.500000003 0.5999999919 -0.7499999569)
(1.750000002 0.5999999985 -0.7499999893)
(2.000000001 0.5999999998 -0.7499999977)
(2.25 0.6 -0.7499999996)
(2.5 0.6 -0.7499999999)
(2.75 0.6 -0.75)
(3 0.6 -0.75)
(3.25 0.6 -0.75)
(3.5 0.6 -0.75)
(3.75 0.6 -0.75)
(4 0.6 -0.75)
(4.25 0.6 -0.75)
(4.5 0.6 -0.75)
(4.75 0.6 -0.75)
(5 0.6 -0.75)
(-3 0.8 -0.75)
(-2.75 0.8 -0.75)
(-2.5 0.8 -0.75)
(-2.25 0.8 -0.7499999999)
(-2 0.7999999999 -0.7499999993)
(-1.75 0.7999999995 -0.7499999967)
(-1.500000001 0.7999999972 -0.7499999865)
(-1.25 0.7999999879 -0.7499999548)
(-0.999999995 0.79999996 -0.7499998807)
(-0.7499999858 0.7999999005 -0.7499997687)
(-0.4999999814 0.7999998172 -0.7499996903)
(-0.2499999868 0.7999997605 -0.749999699)
(-2.619458728e-10 0.7999997539 -0.749999734)
(0.2499999864 0.7999997584 -0.7499996981)
(0.4999999812 0.7999998152 -0.7499996889)
(0.7499999857 0.7999998993 -0.7499997683)
(0.9999999949 0.7999999594 -0.7499998815)
(1.25 0.7999999877 -0.7499999557)
(1.500000001 0.7999999971 -0.749999987)
(1.75 0.7999999995 -0.7499999969)
(2 0.7999999999 -0.7499999994)
(2.25 0.8 -0.7499999999)
(2.5 0.8 -0.75)
(2.75 0.8 -0.75)
(3 0.8 -0.75)
(3.25 0.8 -0.75)
(3.5 0.8 -0.75)
(3.75 0.8 -0.75)
(4 0.8 -0.75)
(4.25 0.8 -0.75)
(4.5 0.8 -0.75)
(4.75 0.8 -0.75)
(5 0.8 -0.75)
(-3 1 -0.75)
(-2.75 1 -0.75)
(-2.5 1 -0.75)
(-2.25 1 -0.75)
(-2 1 -0.7499999998)
(-1.75 0.9999999999 -0.7499999992)
(-1.5 0.9999999993 -0.7499999967)
(-1.25 0.9999999967 -0.7499999888)
(-0.9999999987 0.9999999885 -0.74999997)
(-0.7499999963 0.9999999707 -0.7499999408)
(-0.4999999951 0.9999999454 -0.7499999171)
(-0.2499999964 0.9999999278 -0.7499999142)
(-6.853996481e-11 0.9999999254 -0.7499999208)
(0.2499999963 0.9999999274 -0.749999914)
(0.499999995 0.999999945 -0.7499999167)
(0.7499999963 0.9999999704 -0.7499999407)
(0.9999999987 0.9999999883 -0.7499999703)
(1.25 0.9999999966 -0.7499999891)
(1.5 0.9999999993 -0.7499999969)
(1.75 0.9999999999 -0.7499999993)
(2 1 -0.7499999999)
(2.25 1 -0.75)
(2.5 1 -0.75)
(2.75 1 -0.75)
(3 1 -0.75)
(3.25 1 -0.75)
(3.5 1 -0.75)
(3.75 1 -0.75)
(4 1 -0.75)
(4.25 1 -0.75)
(4.5 1 -0.75)
(4.75 1 -0.75)
(5 1 -0.75)
(-3 1.2 -0.75)
(-2.75 1.2 -0.75)
(-2.5 1.2 -0.75)
(-2.25 1.2 -0.75)
(-2 1.2 -0.75)
(-1.75 1.2 -0.7499999999)
(-1.5 1.2 -0.7499999994)
(-1.25 1.199999999 -0.7499999977)
(-0.9999999997 1.199999997 -0.7499999938)
(-0.7499999992 1.199999993 -0.7499999875)
(-0.4999999989 1.199999987 -0.7499999818)
(-0.2499999992 1.199999982 -0.7499999803)
(-1.546949355e-11 1.199999982 -0.7499999813)
(0.2499999992 1.199999982 -0.7499999802)
(0.4999999989 1.199999987 -0.7499999817)
(0.7499999992 1.199999993 -0.7499999875)
(0.9999999997 1.199999997 -0.7499999939)
(1.25 1.199999999 -0.7499999978)
(1.5 1.2 -0.7499999994)
(1.75 1.2 -0.7499999999)
(2 1.2 -0.75)
(2.25 1.2 -0.75)
(2.5 1.2 -0.75)
(2.75 1.2 -0.75)
(3 1.2 -0.75)
(3.25 1.2 -0.75)
(3.5 1.2 -0.75)
(3.75 1.2 -0.75)
(4 1.2 -0.75)
(4.25 1.2 -0.75)
(4.5 1.2 -0.75)
(4.75 1.2 -0.75)
(5 1.2 -0.75)
(-3 1.4 -0.75)
(-2.75 1.4 -0.75)
(-2.5 1.4 -0.75)
(-2.25 1.4 -0.75)
(-2 1.4 -0.75)
(-1.75 1.4 -0.75)
(-1.5 1.4 -0.7499999999)
(-1.25 1.4 -0.7499999996)
(-1 1.4 -0.7499999989)
(-0.7499999999 1.399999999 -0.7499999978)
(-0.4999999998 1.399999997 -0.7499999967)
(-0.2499999998 1.399999997 -0.7499999963)
(-3.031542473e-12 1.399999996 -0.7499999964)
(0.2499999998 1.399999996 -0.7499999962)
(0.4999999998 1.399999997 -0.7499999966)
(0.7499999999 1.399999999 -0.7499999978)
(1 1.4 -0.749999999)
(1.25 1.4 -0.7499999996)
(1.5 1.4 -0.7499999999)
(1.75 1.4 -0.75)
(2 1.4 -0.75)
(2.25 1.4 -0.75)
(2.5 1.4 -0.75)
(2.75 1.4 -0.75)
(3 1.4 -0.75)
(3.25 1.4 -0.75)
(3.5 1.4 -0.75)
(3.75 1.4 -0.75)
(4 1.4 -0.75)
(4.25 1.4 -0.75)
(4.5 1.4 -0.75)
(4.75 1.4 -0.75)
(5 1.4 -0.75)
(-3 1.6 -0.75)
(-2.75 1.6 -0.75)
(-2.5 1.6 -0.75)
(-2.25 1.6 -0.75)
(-2 1.6 -0.75)
(-1.75 1.6 -0.75)
(-1.5 1.6 -0.75)
(-1.25 1.6 -0.7499999999)
(-1 1.6 -0.7499999998)
(-0.75 1.6 -0.7499999997)
(-0.5 1.6 -0.7499999995)
(-0.25 1.599999999 -0.7499999994)
(-5.202658975e-13 1.599999999 -0.7499999994)
(0.25 1.599999999 -0.7499999994)
(0.5 1.6 -0.7499999995)
(0.75 1.6 -0.7499999997)
(1 1.6 -0.7499999999)
(1.25 1.6 -0.75)
(1.5 1.6 -0.75)
(1.75 1.6 -0.75)
(2 1.6 -0.75)
(2.25 1.6 -0.75)
(2.5 1.6 -0.75)
(2.75 1.6 -0.75)
(3 1.6 -0.75)
(3.25 1.6 -0.75)
(3.5 1.6 -0.75)
(3.75 1.6 -0.75)
(4 1.6 -0.75)
(4.25 1.6 -0.75)
(4.5 1.6 -0.75)
(4.75 1.6 -0.75)
(5 1.6 -0.75)
(-3 1.8 -0.75)
(-2.75 1.8 -0.75)
(-2.5 1.8 -0.75)
(-2.25 1.8 -0.75)
(-2 1.8 -0.75)
(-1.75 1.8 -0.75)
(-1.5 1.8 -0.75)
(-1.25 1.8 -0.75)
(-1 1.8 -0.75)
(-0.75 1.8 -0.75)
(-0.5 1.8 -0.7499999999)
(-0.25 1.8 -0.7499999999)
(-7.897099691e-14 1.8 -0.7499999999)
(0.25 1.8 -0.7499999999)
(0.5 1.8 -0.7499999999)
(0.75 1.8 -0.75)
(1 1.8 -0.75)
(1.25 1.8 -0.75)
(1.5 1.8 -0.75)
(1.75 1.8 -0.75)
(2 1.8 -0.75)
(2.25 1.8 -0.75)
(2.5 1.8 -0.75)
(2.75 1.8 -0.75)
(3 1.8 -0.75)
(3.25 1.8 -0.75)
(3.5 1.8 -0.75)
(3.75 1.8 -0.75)
(4 1.8 -0.75)
(4.25 1.8 -0.75)
(4.5 1.8 -0.75)
(4.75 1.8 -0.75)
(5 1.8 -0.75)
(-3 2 -0.75)
(-2.75 2 -0.75)
(-2.5 2 -0.75)
(-2.25 2 -0.75)
(-2 2 -0.75)
(-1.75 2 -0.75)
(-1.5 2 -0.75)
(-1.25 2 -0.75)
(-1 2 -0.75)
(-0.75 2 -0.75)
(-0.5 2 -0.75)
(-0.25 2 -0.75)
(-1.408519976e-14 2 -0.75)
(0.25 2 -0.75)
(0.5 2 -0.75)
(0.75 2 -0.75)
(1 2 -0.75)
(1.25 2 -0.75)
(1.5 2 -0.75)
(1.75 2 -0.75)
(2 2 -0.75)
(2.25 2 -0.75)
(2.5 2 -0.75)
(2.75 2 -0.75)
(3 2 -0.75)
(3.25 2 -0.75)
(3.5 2 -0.75)
(3.75 2 -0.75)
(4 2 -0.75)
(4.25 2 -0.75)
(4.5 2 -0.75)
(4.75 2 -0.75)
(5 2 -0.75)
(-3 -2 -0.625)
(-2.75 -2 -0.625)
(-2.5 -2 -0.625)
(-2.25 -2 -0.625)
(-2 -2 -0.625)
(-1.75 -2 -0.625)
(-1.5 -2 -0.625)
(-1.25 -2 -0.625)
(-1 -2 -0.625)
(-0.75 -2 -0.625)
(-0.5 -2 -0.625)
(-0.25 -2 -0.6249999999)
(-5.576203461e-14 -2 -0.6249999999)
(0.25 -2 -0.6249999999)
(0.5 -2 -0.625)
(0.75 -2 -0.625)
(1 -2 -0.625)
(1.25 -2 -0.625)
(1.5 -2 -0.625)
(1.75 -2 -0.625)
(2 -2 -0.625)
(2.25 -2 -0.625)
(2.5 -2 -0.625)
(2.75 -2 -0.625)
(3 -2 -0.625)
(3.25 -2 -0.625)
(3.5 -2 -0.625)
(3.75 -2 -0.625)
(4 -2 -0.625)
(4.25 -2 -0.625)
(4.5 -2 -0.625)
(4.75 -2 -0.625)
(5 -2 -0.625)
(-3 -1.8 -0.625)
(-2.75 -1.8 -0.625)
(-2.5 -1.8 -0.625)
(-2.25 -1.8 -0.625)
(-2 -1.8 -0.625)
(-1.75 -1.8 -0.625)
(-1.5 -1.8 -0.625)
(-1.25 -1.8 -0.625)
(-1 -1.8 -0.6249999999)
(-0.75 -1.8 -0.6249999998)
(-0.5 -1.8 -0.6249999997)
(-0.25 -1.8 -0.6249999996)
(-2.934259879e-13 -1.8 -0.6249999996)
(0.25 -1.8 -0.6249999996)
(0.5 -1.8 -0.6249999997)
(0.75 -1.8 -0.6249999998)
(1 -1.8 -0.6249999999)
(1.25 -1.8 -0.625)
(1.5 -1.8 -0.625)
(1.75 -1.8 -0.625)
(2 -1.8 -0.625)
(2.25 -1.8 -0.625)
(2.5 -1.8 -0.625)
(2.75 -1.8 -0.625)
(3 -1.8 -0.625)
(3.25 -1.8 -0.625)
(3.5 -1.8 -0.625)
(3.75 -1.8 -0.625)
(4 -1.8 -0.625)
(4.25 -1.8 -0.625)
(4.5 -1.8 -0.625)
(4.75 -1.8 -0.625)
(5 -1.8 -0.625)
(-3 -1.6 -0.625)
(-2.75 -1.6 -0.625)
(-2.5 -1.6 -0.625)
(-2.25 -1.6 -0.625)
(-2 -1.6 -0.625)
(-1.75 -1.6 -0.625)
(-1.5 -1.6 -0.625)
(-1.25 -1.6 -0.6249999998)
(-1 -1.6 -0.6249999994)
(-0.7499999999 -1.599999999 -0.6249999986)
(-0.4999999999 -1.599999998 -0.6249999978)
(-0.2499999999 -1.599999997 -0.6249999973)
(-1.837561391e-12 -1.599999997 -0.6249999974)
(0.2499999999 -1.599999997 -0.6249999974)
(0.4999999999 -1.599999998 -0.6249999978)
(0.7499999999 -1.599999999 -0.6249999986)
(1 -1.6 -0.6249999994)
(1.25 -1.6 -0.6249999998)
(1.5 -1.6 -0.6249999999)
(1.75 -1.6 -0.625)
(2 -1.6 -0.625)
(2.25 -1.6 -0.625)
(2.5 -1.6 -0.625)
(2.75 -1.6 -0.625)
(3 -1.6 -0.625)
(3.25 -1.6 -0.625)
(3.5 -1.6 -0.625)
(3.75 -1.6 -0.625)
(4 -1.6 -0.625)
(4.25 -1.6 -0.625)
(4.5 -1.6 -0.625)
(4.75 -1.6 -0.625)
(5 -1.6 -0.625)
(-3 -1.4 -0.625)
(-2.75 -1.4 -0.625)
(-2.5 -1.4 -0.625)
(-2.25 -1.4 -0.625)
(-2 -1.4 -0.625)
(-1.75 -1.4 -0.6249999999)
(-1.5 -1.4 -0.6249999996)
(-1.25 -1.399999999 -0.6249999986)
(-0.9999999999 -1.399999998 -0.6249999959)
(-0.7499999995 -1.399999994 -0.624999991)
(-0.4999999991 -1.399999988 -0.6249999859)
(-0.2499999993 -1.399999984 -0.6249999837)
(-1.033990503e-11 -1.399999983 -0.624999984)
(0.2499999993 -1.399999984 -0.6249999838)
(0.4999999991 -1.399999988 -0.624999986)
(0.7499999995 -1.399999994 -0.6249999911)
(0.9999999999 -1.399999998 -0.6249999958)
(1.25 -1.399999999 -0.6249999985)
(1.5 -1.4 -0.6249999996)
(1.75 -1.4 -0.6249999999)
(2 -1.4 -0.625)
(2.25 -1.4 -0.625)
(2.5 -1.4 -0.625)
(2.75 -1.4 -0.625)
(3 -1.4 -0.625)
(3.25 -1.4 -0.625)
(3.5 -1.4 -0.625)
(3.75 -1.4 -0.625)
(4 -1.4 -0.625)
(4.25 -1.4 -0.625)
(4.5 -1.4 -0.625)
(4.75 -1.4 -0.625)
(5 -1.4 -0.625)
(-3 -1.2 -0.625)
(-2.75 -1.2 -0.625)
(-2.5 -1.2 -0.625)
(-2.25 -1.2 -0.625)
(-2 -1.2 -0.6249999999)
(-1.75 -1.2 -0.6249999995)
(-1.5 -1.199999999 -0.6249999977)
(-1.25 -1.199999997 -0.6249999917)
(-0.9999999993 -1.199999988 -0.6249999764)
(-0.749999997 -1.199999969 -0.62499995)
(-0.4999999955 -1.19999994 -0.6249999242)
(-0.2499999965 -1.19999992 -0.6249999152)
(-5.189601451e-11 -1.199999917 -0.6249999185)
(0.2499999964 -1.19999992 -0.6249999156)
(0.4999999954 -1.19999994 -0.6249999249)
(0.749999997 -1.199999969 -0.6249999504)
(0.9999999993 -1.199999988 -0.6249999762)
(1.25 -1.199999997 -0.6249999915)
(1.5 -1.199999999 -0.6249999976)
(1.75 -1.2 -0.6249999995)
(2 -1.2 -0.6249999999)
(2.25 -1.2 -0.625)
(2.5 -1.2 -0.625)
(2.75 -1.2 -0.625)
(3 -1.2 -0.625)
(3.25 -1.2 -0.625)
(3.5 -1.2 -0.625)
(3.75 -1.2 -0.625)
(4 -1.2 -0.625)
(4.25 -1.2 -0.625)
(4.5 -1.2 -0.625)
(4.75 -1.2 -0.625)
(5 -1.2 -0.625)
(-3 -1 -0.625)
(-2.75 -1 -0.625)
(-2.5 -1 -0.625)
(-2.25 -1 -0.6249999999)
(-2 -1 -0.6249999995)
(-1.750000001 -0.9999999996 -0.6249999973)
(-1.500000002 -0.999999997 -0.6249999886)
(-1.250000001 -0.9999999858 -0.6249999596)
(-0.9999999964 -0.9999999501 -0.624999887)
(-0.749999986 -0.9999998705 -0.6249997663)
(-0.4999999797 -0.9999997543 -0.6249996583)
(-0.2499999845 -0.9999996744 -0.6249996333)
(-2.303876067e-10 -0.9999996672 -0.6249996566)
(0.2499999842 -0.9999996758 -0.6249996349)
(0.4999999795 -0.9999997557 -0.6249996612)
(0.7499999859 -0.9999998714 -0.6249997678)
(0.9999999964 -0.9999999505 -0.6249998869)
(1.250000001 -0.999999986 -0.6249999592)
(1.500000002 -0.9999999971 -0.6249999883)
(1.750000001 -0.9999999996 -0.6249999972)
(2 -1 -0.6249999994)
(2.25 -1 -0.6249999999)
(2.5 -1 -0.625)
(2.75 -1 -0.625)
(3 -1 -0.625)
(3.25 -1 -0.625)
(3.5 -1 -0.625)
(3.75 -1 -0.625)
(4 -1 -0.625)
(4.25 -1 -0.625)
(4.5 -1 -0.625)
(4.75 -1 -0.625)
(5 -1 -0.625)
(-3 -0.8 -0.625)
(-2.75 -0.8 -0.625)
(-2.5 -0.8 -0.6249999999)
(-2.25 -0.8 -0.6249999995)
(-2.000000001 -0.7999999998 -0.6249999976)
(-1.750000003 -0.7999999981 -0.6249999886)
(-1.500000006 -0.7999999887 -0.6249999531)
(-1.250000005 -0.7999999499 -0.6249998381)
(-0.9999999861 -0.79999983 -0.6249995534)
(-0.7499999456 -0.7999995652 -0.6249990885)
(-0.4999999239 -0.7999991806 -0.6249987213)
(-0.2499999437 -0.7999989233 -0.6249987048)
(-8.972197953e-10 -0.7999989124 -0.6249988376)
(0.2499999424 -0.7999989299 -0.62499871)
(0.4999999233 -0.7999991869 -0.6249987309)
(0.7499999454 -0.7999995687 -0.6249990944)
(0.999999986 -0.7999998317 -0.6249995541)
(1.250000005 -0.7999999507 -0.624999838)
(1.500000006 -0.799999989 -0.6249999531)
(1.750000003 -0.7999999982 -0.6249999886)
(2.000000001 -0.7999999998 -0.6249999976)
(2.25 -0.8 -0.6249999995)
(2.5 -0.8 -0.6249999999)
(2.75 -0.8 -0.625)
(3 -0.8 -0.625)
(3.25 -0.8 -0.625)
(3.5 -0.8 -0.625)
(3.75 -0.8 -0.625)
(4 -0.8 -0.625)
(4.25 -0.8 -0.625)
(4.5 -0.8 -0.625)
(4.75 -0.8 -0.625)
(5 -0.8 -0.625)
(-3 -0.6 -0.625)
(-2.75 -0.6 -0.6249999999)
(-2.5 -0.6 -0.6249999997)
(-2.250000001 -0.5999999999 -0.6249999983)
(-2.000000004 -0.5999999992 -0.6249999915)
(-1.750000011 -0.5999999942 -0.6249999617)
(-1.500000022 -0.5999999685 -0.6249998471)
(-1.25000002 -0.5999998657 -0.6249994786)
(-0.9999999593 -0.5999995517 -0.624998563)
(-0.7499998282 -0.5999988624 -0.62499709)
(-0.4999997675 -0.5999978655 -0.6249961219)
(-0.249999834 -0.5999972175 -0.6249963983)
(-3.012645257e-09 -0.5999972354 -0.6249969983)
(0.2499998298 -0.5999972427 -0.6249964106)
(0.4999997657 -0.5999978886 -0.6249961466)
(0.7499998275 -0.5999988751 -0.6249971073)
(0.9999999592 -0.5999995585 -0.6249985706)
(1.25000002 -0.5999998687 -0.6249994821)
(1.500000022 -0.5999999696 -0.6249998491)
(1.750000011 -0.5999999945 -0.6249999627)
(2.000000004 -0.5999999993 -0.6249999918)
(2.250000001 -0.5999999999 -0.6249999984)
(2.5 -0.6 -0.6249999997)
(2.75 -0.6 -0.625)
(3 -0.6 -0.625)
(3.25 -0.6 -0.625)
(3.5 -0.6 -0.625)
(3.75 -0.6 -0.625)
(4 -0.6 -0.625)
(4.25 -0.6 -0.625)
(4.5 -0.6 -0.625)
(4.75 -0.6 -0.625)
(5 -0.6 -0.625)
(-3 -0.4 -0.625)
(-2.75 -0.4 -0.6249999998)
(-2.500000001 -0.4 -0.6249999991)
(-2.250000003 -0.3999999998 -0.6249999953)
(-2.00000001 -0.3999999982 -0.6249999777)
(-1.75000003 -0.3999999885 -0.6249999022)
(-1.500000064 -0.3999999401 -0.6249996168)
(-1.250000068 -0.3999997485 -0.6249987)
(-0.999999918 -0.3999991583 -0.6249963795)
(-0.7499995717 -0.3999978513 -0.6249926252)
(-0.49999944 -0.3999960004 -0.6249908188)
(-0.2499996213 -0.3999948207 -0.6249926291)
(-8.477843068e-09 -0.3999949733 -0.6249947274)
(0.2499996099 -0.3999949007 -0.6249926494)
(0.4999994351 -0.3999960701 -0.6249908632)
(0.7499995702 -0.399997888 -0.62499266)
(0.9999999176 -0.3999991775 -0.6249964006)
(1.250000068 -0.3999997573 -0.6249987153)
(1.500000064 -0.3999999434 -0.6249996255)
(1.75000003 -0.3999999895 -0.6249999058)
(2.00000001 -0.3999999985 -0.6249999788)
(2.250000003 -0.3999999998 -0.6249999956)
(2.500000001 -0.4 -0.6249999992)
(2.75 -0.4 -0.6249999999)
(3 -0.4 -0.625)
(3.25 -0.4 -0.625)
(3.5 -0.4 -0.625)
(3.75 -0.4 -0.625)
(4 -0.4 -0.625)
(4.25 -0.4 -0.625)
(4.5 -0.4 -0.625)
(4.75 -0.4 -0.625)
(5 -0.4 -0.625)
(-3 -0.2 -0.6249999999)
(-2.75 -0.2 -0.6249999997)
(-2.500000001 -0.1999999999 -0.6249999982)
(-2.250000006 -0.1999999997 -0.6249999908)
(-2.000000021 -0.1999999978 -0.6249999573)
(-1.750000064 -0.1999999871 -0.6249998177)
(-1.500000142 -0.1999999358 -0.6249992972)
(-1.250000176 -0.1999997332 -0.6249976193)
(-0.9999999037 -0.1999990905 -0.624993242)
(-0.7499992072 -0.1999976444 -0.6249859904)
(-0.499998991 -0.1999956561 -0.6249840262)
(-0.2499993776 -0.1999944143 -0.6249903512)
(-1.880650954e-08 -0.1999947524 -0.6249956354)
(0.2499993534 -0.1999946115 -0.6249903692)
(0.4999989811 -0.1999958175 -0.624984072)
(0.7499992042 -0.1999977252 -0.6249860328)
(0.9999999029 -0.1999991329 -0.6249932837)
(1.250000176 -0.1999997528 -0.6249976547)
(1.500000142 -0.1999999431 -0.6249993168)
(1.750000064 -0.1999999892 -0.6249998255)
(2.000000021 -0.1999999983 -0.6249999596)
(2.250000006 -0.1999999998 -0.6249999914)
(2.500000001 -0.2 -0.6249999983)
(2.75 -0.2 -0.6249999997)
(3 -0.2 -0.625)
(3.25 -0.2 -0.625)
(3.5 -0.2 -0.625)
(3.75 -0.2 -0.625)
(4 -0.2 -0.625)
(4.25 -0.2 -0.625)
(4.5 -0.2 -0.625)
(4.75 -0.2 -0.625)
(5 -0.2 -0.625)
(-3 3.475453035e-12 -0.6249999999)
(-2.75 1.479654403e-11 -0.6249999996)
(-2.500000002 7.576892916e-11 -0.6249999976)
(-2.250000008 3.410897628e-10 -0.624999988)
(-2.000000029 1.325130389e-09 -0.6249999451)
(-1.750000089 4.368878508e-09 -0.6249997688)
(-1.500000204 1.187987676e-08 -0.624999118)
(-1.250000279 2.577813827e-08 -0.6249970232)
(-0.9999999522 4.401978772e-08 -0.6249915033)
(-0.7499990195 7.072898692e-08 -0.6249821697)
(-0.4999987835 1.478667383e-07 -0.6249818535)
(-0.2499993205 2.22242687e-07 -0.6249934833)
(-2.772397164e-08 1.029578579e-07 -0.6250014388)
(0.2499992865 -9.567111305e-08 -0.6249934822)
(0.4999987705 -9.550294287e-08 -0.6249818665)
(0.7499990156 -4.526656321e-08 -0.6249821928)
(0.9999999512 -1.729493515e-08 -0.6249915484)
(1.250000279 -2.476407455e-09 -0.6249970653)
(1.500000204 1.500218645e-09 -0.6249991411)
(1.750000089 1.294705704e-09 -0.6249997778)
(2.000000029 5.740917333e-10 -0.6249999478)
(2.250000008 1.866050142e-10 -0.6249999887)
(2.500000002 4.868139912e-11 -0.6249999977)
(2.75 1.059566287e-11 -0.6249999996)
(3 1.962740293e-12 -0.6249999999)
(3.25 3.125031582e-13 -0.625)
(3.5 4.295683307e-14 -0.625)
(3.75 5.103430697e-15 -0.625)
(4 5.233208284e-16 -0.625)
(4.25 4.616328707e-17 -0.625)
(4.5 3.484302143e-18 -0.625)
(4.75 2.23427178e-19 -0.625)
(5 1.54933921e-20 -0.625)
(-3 0.2 -0.6249999999)
(-2.75 0.2 -0.6249999997)
(-2.500000001 0.2000000001 -0.6249999982)
(-2.250000006 0.2000000001 -0.6249999907)
(-2.000000021 0.1999999997 -0.6249999569)
(-1.750000064 0.1999999932 -0.6249998162)
(-1.500000142 0.1999999523 -0.624999293)
(-1.250000176 0.1999997685 -0.6249976112)
(-0.9999999037 0.199999151 -0.6249932365)
(-0.7499992072 0.1999977434 -0.6249860097)
(-0.4999989906 0.1999958549 -0.6249840625)
(-0.2499993767 0.1999946974 -0.6249903667)
(-1.701823973e-08 0.1999948843 -0.6249956319)
(0.2499993545 0.1999944999 -0.6249903495)
(0.4999989814 0.1999956933 -0.6249840306)
(0.7499992042 0.1999976625 -0.6249860014)
(0.9999999029 0.1999991085 -0.6249932637)
(1.250000176 0.1999997489 -0.62499764)
(1.500000142 0.199999945 -0.624999309)
(1.750000064 0.199999991 -0.6249998224)
(2.000000021 0.1999999991 -0.6249999588)
(2.250000006 0.2 -0.6249999912)
(2.500000001 0.2 -0.6249999983)
(2.75 0.2 -0.6249999997)
(3 0.2 -0.6249999999)
(3.25 0.2 -0.625)
(3.5 0.2 -0.625)
(3.75 0.2 -0.625)
(4 0.2 -0.625)
(4.25 0.2 -0.625)
(4.5 0.2 -0.625)
(4.75 0.2 -0.625)
(5 0.2 -0.625)
(-3 0.4 -0.625)
(-2.75 0.4 -0.6249999998)
(-2.500000001 0.4 -0.6249999991)
(-2.250000003 0.4 -0.6249999952)
(-2.00000001 0.3999999991 -0.6249999771)
(-1.75000003 0.3999999913 -0.6249999002)
(-1.500000064 0.3999999474 -0.6249996111)
(-1.250000068 0.3999997641 -0.624998689)
(-0.999999918 0.3999991854 -0.6249963718)
(-0.7499995717 0.3999978967 -0.6249926457)
(-0.4999994398 0.399996088 -0.6249908573)
(-0.2499996207 0.3999949398 -0.6249926452)
(-7.449515934e-09 0.3999950303 -0.6249947214)
(0.2499996105 0.3999948596 -0.6249926257)
(0.4999994353 0.3999960182 -0.6249908191)
(0.7499995702 0.3999978598 -0.6249926286)
(0.9999999176 0.3999991662 -0.6249963867)
(1.250000068 0.3999997553 -0.6249987069)
(1.500000064 0.3999999442 -0.6249996209)
(1.75000003 0.3999999903 -0.6249999039)
(2.00000001 0.3999999988 -0.6249999782)
(2.250000003 0.4 -0.6249999955)
(2.500000001 0.4 -0.6249999991)
(2.75 0.4 -0.6249999998)
(3 0.4 -0.625)
(3.25 0.4 -0.625)
(3.5 0.4 -0.625)
(3.75 0.4 -0.625)
(4 0.4 -0.625)
(4.25 0.4 -0.625)
(4.5 0.4 -0.625)
(4.75 0.4 -0.625)
(5 0.4 -0.625)
(-3 0.6 -0.625)
(-2.75 0.6 -0.6249999999)
(-2.5 0.6 -0.6249999997)
(-2.250000001 0.6 -0.6249999982)
(-2.000000004 0.5999999995 -0.6249999911)
(-1.750000011 0.5999999951 -0.6249999603)
(-1.500000022 0.5999999709 -0.6249998429)
(-1.25000002 0.5999998708 -0.6249994708)
(-0.9999999593 0.5999995608 -0.6249985573)
(-0.7499998281 0.5999988782 -0.6249971007)
(-0.4999997675 0.5999978952 -0.6249961433)
(-0.2499998338 0.5999972565 -0.6249964072)
(-2.664920913e-09 0.5999972547 -0.6249969935)
(0.24999983 0.5999972312 -0.6249963952)
(0.4999997657 0.599997872 -0.6249961211)
(0.7499998276 0.5999988655 -0.6249970907)
(0.9999999592 0.5999995543 -0.6249985649)
(1.25000002 0.5999998679 -0.6249994804)
(1.500000022 0.5999999698 -0.6249998481)
(1.750000011 0.5999999948 -0.6249999622)
(2.000000004 0.5999999994 -0.6249999917)
(2.250000001 0.6 -0.6249999983)
(2.5 0.6 -0.6249999997)
(2.75 0.6 -0.6249999999)
(3 0.6 -0.625)
(3.25 0.6 -0.625)
(3.5 0.6 -0.625)
(3.75 0.6 -0.625)
(4 0.6 -0.625)
(4.25 0.6 -0.625)
(4.5 0.6 -0.625)
(4.75 0.6 -0.625)
(5 0.6 -0.625)
(-3 0.8 -0.625)
(-2.75 0.8 -0.625)
(-2.5 0.8 -0.6249999999)
(-2.25 0.8 -0.6249999995)
(-2.000000001 0.7999999998 -0.6249999974)
(-1.750000003 0.7999999983 -0.6249999878)
(-1.500000006 0.7999999893 -0.624999951)
(-1.250000005 0.7999999513 -0.6249998343)
(-0.9999999861 0.7999998324 -0.6249995503)
(-0.7499999456 0.7999995697 -0.6249990921)
(-0.4999999239 0.7999991889 -0.6249987294)
(-0.2499999436 0.7999989338 -0.6249987082)
(-8.143459777e-10 0.7999989178 -0.6249988351)
(0.2499999424 0.7999989272 -0.6249987031)
(0.4999999233 0.7999991826 -0.6249987207)
(0.7499999454 0.7999995661 -0.6249990885)
(0.999999986 0.7999998307 -0.6249995537)
(1.250000005 0.7999999505 -0.6249998385)
(1.500000006 0.799999989 -0.6249999533)
(1.750000003 0.7999999982 -0.6249999887)
(2.000000001 0.7999999998 -0.6249999976)
(2.25 0.8 -0.6249999995)
(2.5 0.8 -0.6249999999)
(2.75 0.8 -0.625)
(3 0.8 -0.625)
(3.25 0.8 -0.625)
(3.5 0.8 -0.625)
(3.75 0.8 -0.625)
(4 0.8 -0.625)
(4.25 0.8 -0.625)
(4.5 0.8 -0.625)
(4.75 0.8 -0.625)
(5 0.8 -0.625)
(-3 1 -0.625)
(-2.75 1 -0.625)
(-2.5 1 -0.625)
(-2.25 1 -0.6249999999)
(-2 1 -0.6249999994)
(-1.750000001 0.9999999996 -0.624999997)
(-1.500000002 0.9999999971 -0.6249999878)
(-1.250000001 0.9999999861 -0.6249999582)
(-0.9999999964 0.9999999507 -0.6249998858)
(-0.749999986 0.9999998716 -0.6249997671)
(-0.4999999797 0.9999997562 -0.6249996606)
(-0.2499999845 0.9999996768 -0.6249996342)
(-2.163556074e-10 0.9999996685 -0.6249996556)
(0.2499999842 0.9999996753 -0.6249996326)
(0.4999999795 0.9999997547 -0.624999658)
(0.7499999859 0.9999998708 -0.6249997662)
(0.9999999964 0.9999999503 -0.6249998871)
(1.250000001 0.9999999859 -0.6249999597)
(1.500000002 0.9999999971 -0.6249999886)
(1.750000001 0.9999999996 -0.6249999973)
(2 1 -0.6249999995)
(2.25 1 -0.6249999999)
(2.5 1 -0.625)
(2.75 1 -0.625)
(3 1 -0.625)
(3.25 1 -0.625)
(3.5 1 -0.625)
(3.75 1 -0.625)
(4 1 -0.625)
(4.25 1 -0.625)
(4.5 1 -0.625)
(4.75 1 -0.625)
(5 1 -0.625)
(-3 1.2 -0.625)
(-2.75 1.2 -0.625)
(-2.5 1.2 -0.625)
(-2.25 1.2 -0.625)
(-2 1.2 -0.6249999999)
(-1.75 1.2 -0.6249999994)
(-1.5 1.199999999 -0.6249999975)
(-1.25 1.199999997 -0.6249999913)
(-0.9999999993 1.199999988 -0.624999976)
(-0.749999997 1.199999969 -0.6249999502)
(-0.4999999955 1.19999994 -0.6249999248)
(-0.2499999965 1.19999992 -0.6249999154)
(-5.048230092e-11 1.199999918 -0.6249999181)
(0.2499999964 1.19999992 -0.624999915)
(0.4999999954 1.19999994 -0.6249999241)
(0.749999997 1.199999969 -0.62499995)
(0.9999999993 1.199999988 -0.6249999764)
(1.25 1.199999997 -0.6249999917)
(1.5 1.199999999 -0.6249999977)
(1.75 1.2 -0.6249999995)
(2 1.2 -0.6249999999)
(2.25 1.2 -0.625)
(2.5 1.2 -0.625)
(2.75 1.2 -0.625)
(3 1.2 -0.625)
(3.25 1.2 -0.625)
(3.5 1.2 -0.625)
(3.75 1.2 -0.625)
(4 1.2 -0.625)
(4.25 1.2 -0.625)
(4.5 1.2 -0.625)
(4.75 1.2 -0.625)
(5 1.2 -0.625)
(-3 1.4 -0.625)
(-2.75 1.4 -0.625)
(-2.5 1.4 -0.625)
(-2.25 1.4 -0.625)
(-2 1.4 -0.625)
(-1.75 1.4 -0.6249999999)
(-1.5 1.4 -0.6249999996)
(-1.25 1.399999999 -0.6249999985)
(-0.9999999999 1.399999998 -0.6249999957)
(-0.7499999995 1.399999994 -0.624999991)
(-0.4999999991 1.399999988 -0.624999986)
(-0.2499999993 1.399999984 -0.6249999837)
(-1.038172258e-11 1.399999983 -0.6249999839)
(0.2499999993 1.399999984 -0.6249999836)
(0.4999999991 1.399999988 -0.6249999858)
(0.7499999995 1.399999994 -0.624999991)
(0.9999999999 1.399999998 -0.6249999959)
(1.25 1.399999999 -0.6249999986)
(1.5 1.4 -0.6249999996)
(1.75 1.4 -0.6249999999)
(2 1.4 -0.625)
(2.25 1.4 -0.625)
(2.5 1.4 -0.625)
(2.75 1.4 -0.625)
(3 1.4 -0.625)
(3.25 1.4 -0.625)
(3.5 1.4 -0.625)
(3.75 1.4 -0.625)
(4 1.4 -0.625)
(4.25 1.4 -0.625)
(4.5 1.4 -0.625)
(4.75 1.4 -0.625)
(5 1.4 -0.625)
(-3 1.6 -0.625)
(-2.75 1.6 -0.625)
(-2.5 1.6 -0.625)
(-2.25 1.6 -0.625)
(-2 1.6 -0.625)
(-1.75 1.6 -0.625)
(-1.5 1.6 -0.6249999999)
(-1.25 1.6 -0.6249999998)
(-1 1.6 -0.6249999994)
(-0.7499999999 1.599999999 -0.6249999986)
(-0.4999999999 1.599999998 -0.6249999978)
(-0.2499999999 1.599999997 -0.6249999973)
(-1.89226144e-12 1.599999997 -0.6249999974)
(0.2499999999 1.599999997 -0.6249999973)
(0.4999999999 1.599999998 -0.6249999978)
(0.7499999999 1.599999999 -0.6249999986)
(1 1.6 -0.6249999994)
(1.25 1.6 -0.6249999998)
(1.5 1.6 -0.625)
(1.75 1.6 -0.625)
(2 1.6 -0.625)
(2.25 1.6 -0.625)
(2.5 1.6 -0.625)
(2.75 1.6 -0.625)
(3 1.6 -0.625)
(3.25 1.6 -0.625)
(3.5 1.6 -0.625)
(3.75 1.6 -0.625)
(4 1.6 -0.625)
(4.25 1.6 -0.625)
(4.5 1.6 -0.625)
(4.75 1.6 -0.625)
(5 1.6 -0.625)
(-3 1.8 -0.625)
(-2.75 1.8 -0.625)
(-2.5 1.8 -0.625)
(-2.25 1.8 -0.625)
(-2 1.8 -0.625)
(-1.75 1.8 -0.625)
(-1.5 1.8 -0.625)
(-1.25 1.8 -0.625)
(-1 1.8 -0.6249999999)
(-0.75 1.8 -0.6249999998)
(-0.5 1.8 -0.6249999997)
(-0.25 1.8 -0.6249999996)
(-3.076250916e-13 1.8 -0.6249999996)
(0.25 1.8 -0.6249999996)
(0.5 1.8 -0.6249999997)
(0.75 1.8 -0.6249999998)
(1 1.8 -0.6249999999)
(1.25 1.8 -0.625)
(1.5 1.8 -0.625)
(1.75 1.8 -0.625)
(2 1.8 -0.625)
(2.25 1.8 -0.625)
(2.5 1.8 -0.625)
(2.75 1.8 -0.625)
(3 1.8 -0.625)
(3.25 1.8 -0.625)
(3.5 1.8 -0.625)
(3.75 1.8 -0.625)
(4 1.8 -0.625)
(4.25 1.8 -0.625)
(4.5 1.8 -0.625)
(4.75 1.8 -0.625)
(5 1.8 -0.625)
(-3 2 -0.625)
(-2.75 2 -0.625)
(-2.5 2 -0.625)
(-2.25 2 -0.625)
(-2 2 -0.625)
(-1.75 2 -0.625)
(-1.5 2 -0.625)
(-1.25 2 -0.625)
(-1 2 -0.625)
(-0.75 2 -0.625)
(-0.5 2 -0.625)
(-0.25 2 -0.6249999999)
(-5.899249762e-14 2 -0.6249999999)
(0.25 2 -0.6249999999)
(0.5 2 -0.625)
(0.75 2 -0.625)
(1 2 -0.625)
(1.25 2 -0.625)
(1.5 2 -0.625)
(1.75 2 -0.625)
(2 2 -0.625)
(2.25 2 -0.625)
(2.5 2 -0.625)
(2.75 2 -0.625)
(3 2 -0.625)
(3.25 2 -0.625)
(3.5 2 -0.625)
(3.75 2 -0.625)
(4 2 -0.625)
(4.25 2 -0.625)
(4.5 2 -0.625)
(4.75 2 -0.625)
(5 2 -0.625)
(-3 -2 -0.5)
(-2.75 -2 -0.5)
(-2.5 -2 -0.5)
(-2.25 -2 -0.5)
(-2 -2 -0.5)
(-1.75 -2 -0.5)
(-1.5 -2 -0.5)
(-1.25 -2 -0.5)
(-1 -2 -0.5)
(-0.75 -2 -0.4999999999)
(-0.5 -2 -0.4999999998)
(-0.25 -2 -0.4999999998)
(-2.074567099e-13 -2 -0.4999999998)
(0.25 -2 -0.4999999998)
(0.5 -2 -0.4999999998)
(0.75 -2 -0.4999999999)
(1 -2 -0.5)
(1.25 -2 -0.5)
(1.5 -2 -0.5)
(1.75 -2 -0.5)
(2 -2 -0.5)
(2.25 -2 -0.5)
(2.5 -2 -0.5)
(2.75 -2 -0.5)
(3 -2 -0.5)
(3.25 -2 -0.5)
(3.5 -2 -0.5)
(3.75 -2 -0.5)
(4 -2 -0.5)
(4.25 -2 -0.5)
(4.5 -2 -0.5)
(4.75 -2 -0.5)
(5 -2 -0.5)
(-3 -1.8 -0.5)
(-2.75 -1.8 -0.5)
(-2.5 -1.8 -0.5)
(-2.25 -1.8 -0.5)
(-2 -1.8 -0.5)
(-1.75 -1.8 -0.5)
(-1.5 -1.8 -0.5)
(-1.25 -1.8 -0.4999999999)
(-1 -1.8 -0.4999999997)
(-0.75 -1.799999999 -0.4999999994)
(-0.4999999999 -1.799999999 -0.4999999989)
(-0.2499999999 -1.799999998 -0.4999999987)
(-1.023120573e-12 -1.799999998 -0.4999999986)
(0.2499999999 -1.799999998 -0.4999999987)
(0.4999999999 -1.799999999 -0.4999999989)
(0.75 -1.799999999 -0.4999999994)
(1 -1.8 -0.4999999997)
(1.25 -1.8 -0.4999999999)
(1.5 -1.8 -0.5)
(1.75 -1.8 -0.5)
(2 -1.8 -0.5)
(2.25 -1.8 -0.5)
(2.5 -1.8 -0.5)
(2.75 -1.8 -0.5)
(3 -1.8 -0.5)
(3.25 -1.8 -0.5)
(3.5 -1.8 -0.5)
(3.75 -1.8 -0.5)
(4 -1.8 -0.5)
(4.25 -1.8 -0.5)
(4.5 -1.8 -0.5)
(4.75 -1.8 -0.5)
(5 -1.8 -0.5)
(-3 -1.6 -0.5)
(-2.75 -1.6 -0.5)
(-2.5 -1.6 -0.5)
(-2.25 -1.6 -0.5)
(-2 -1.6 -0.5)
(-1.75 -1.6 -0.5)
(-1.5 -1.6 -0.4999999998)
(-1.25 -1.6 -0.4999999994)
(-1 -1.599999999 -0.499999998)
(-0.7499999997 -1.599999996 -0.4999999954)
(-0.4999999995 -1.599999992 -0.4999999923)
(-0.2499999996 -1.599999989 -0.4999999906)
(-5.964833201e-12 -1.599999988 -0.4999999906)
(0.2499999996 -1.599999989 -0.4999999907)
(0.4999999995 -1.599999992 -0.4999999924)
(0.7499999997 -1.599999996 -0.4999999954)
(1 -1.599999999 -0.499999998)
(1.25 -1.6 -0.4999999993)
(1.5 -1.6 -0.4999999998)
(1.75 -1.6 -0.5)
(2 -1.6 -0.5)
(2.25 -1.6 -0.5)
(2.5 -1.6 -0.5)
(2.75 -1.6 -0.5)
(3 -1.6 -0.5)
(3.25 -1.6 -0.5)
(3.5 -1.6 -0.5)
(3.75 -1.6 -0.5)
(4 -1.6 -0.5)
(4.25 -1.6 -0.5)
(4.5 -1.6 -0.5)
(4.75 -1.6 -0.5)
(5 -1.6 -0.5)
(-3 -1.4 -0.5)
(-2.75 -1.4 -0.5)
(-2.5 -1.4 -0.5)
(-2.25 -1.4 -0.5)
(-2 -1.4 -0.5)
(-1.75 -1.4 -0.4999999998)
(-1.5 -1.4 -0.4999999989)
(-1.250000001 -1.399999998 -0.4999999957)
(-1 -1.399999992 -0.4999999869)
(-0.7499999983 -1.399999976 -0.4999999706)
(-0.4999999969 -1.399999953 -0.4999999522)
(-0.2499999974 -1.399999936 -0.4999999431)
(-3.142450969e-11 -1.399999934 -0.4999999437)
(0.2499999974 -1.399999936 -0.4999999436)
(0.4999999969 -1.399999953 -0.499999953)
(0.7499999983 -1.399999976 -0.499999971)
(0.9999999999 -1.399999992 -0.4999999868)
(1.250000001 -1.399999998 -0.4999999954)
(1.5 -1.4 -0.4999999988)
(1.75 -1.4 -0.4999999997)
(2 -1.4 -0.4999999999)
(2.25 -1.4 -0.5)
(2.5 -1.4 -0.5)
(2.75 -1.4 -0.5)
(3 -1.4 -0.5)
(3.25 -1.4 -0.5)
(3.5 -1.4 -0.5)
(3.75 -1.4 -0.5)
(4 -1.4 -0.5)
(4.25 -1.4 -0.5)
(4.5 -1.4 -0.5)
(4.75 -1.4 -0.5)
(5 -1.4 -0.5)
(-3 -1.2 -0.5)
(-2.75 -1.2 -0.5)
(-2.5 -1.2 -0.5)
(-2.25 -1.2 -0.4999999999)
(-2 -1.2 -0.4999999997)
(-1.750000001 -1.2 -0.4999999985)
(-1.500000002 -1.199999998 -0.4999999933)
(-1.250000002 -1.199999989 -0.4999999752)
(-0.9999999992 -1.199999958 -0.4999999269)
(-0.7499999905 -1.199999884 -0.4999998393)
(-0.4999999841 -1.199999771 -0.4999997461)
(-0.249999987 -1.199999693 -0.4999997064)
(-1.490868889e-10 -1.199999686 -0.4999997142)
(0.2499999867 -1.199999694 -0.4999997085)
(0.499999984 -1.199999772 -0.4999997497)
(0.7499999905 -1.199999884 -0.4999998413)
(0.9999999992 -1.199999958 -0.4999999266)
(1.250000002 -1.199999989 -0.4999999745)
(1.500000002 -1.199999998 -0.4999999929)
(1.750000001 -1.2 -0.4999999983)
(2 -1.2 -0.4999999997)
(2.25 -1.2 -0.4999999999)
(2.5 -1.2 -0.5)
(2.75 -1.2 -0.5)
(3 -1.2 -0.5)
(3.25 -1.2 -0.5)
(3.5 -1.2 -0.5)
(3.75 -1.2 -0.5)
(4 -1.2 -0.5)
(4.25 -1.2 -0.5)
(4.5 -1.2 -0.5)
(4.75 -1.2 -0.5)
(5 -1.2 -0.5)
(-3 -1 -0.5)
(-2.75 -1 -0.5)
(-2.5 -1 -0.4999999999)
(-2.25 -1 -0.4999999997)
(-2.000000001 -1 -0.4999999983)
(-1.750000004 -0.999999999 -0.499999992)
(-1.500000009 -0.9999999909 -0.4999999667)
(-1.250000011 -0.9999999527 -0.4999998808)
(-0.9999999952 -0.9999998247 -0.4999996543)
(-0.7499999559 -0.999999526 -0.4999992509)
(-0.4999999292 -0.9999990719 -0.4999988521)
(-0.2499999433 -0.9999987632 -0.4999987209)
(-6.36750879e-10 -0.9999987487 -0.4999987882)
(0.2499999424 -0.9999987668 -0.4999987292)
(0.4999999288 -0.9999990752 -0.499998867)
(0.7499999558 -0.9999995279 -0.4999992598)
(0.9999999951 -0.9999998257 -0.499999655)
(1.250000011 -0.9999999532 -0.4999998796)
(1.500000009 -0.9999999911 -0.4999999661)
(1.750000004 -0.999999999 -0.4999999918)
(2.000000001 -1 -0.4999999983)
(2.25 -1 -0.4999999997)
(2.5 -1 -0.4999999999)
(2.75 -1 -0.5)
(3 -1 -0.5)
(3.25 -1 -0.5)
(3.5 -1 -0.5)
(3.75 -1 -0.5)
(4 -1 -0.5)
(4.25 -1 -0.5)
(4.5 -1 -0.5)
(4.75 -1 -0.5)
(5 -1 -0.5)
(-3 -0.8 -0.5)
(-2.75 -0.8 -0.4999999999)
(-2.5 -0.8 -0.4999999997)
(-2.250000001 -0.8000000001 -0.4999999984)
(-2.000000005 -0.7999999997 -0.4999999925)
(-1.750000016 -0.7999999952 -0.4999999668)
(-1.500000034 -0.7999999662 -0.4999998659)
(-1.250000042 -0.7999998369 -0.4999995277)
(-0.9999999817 -0.7999994116 -0.4999986355)
(-0.7499998278 -0.7999984193 -0.4999970527)
(-0.4999997346 -0.799996896 -0.4999956409)
(-0.2499997927 -0.7999958933 -0.4999953927)
(-2.436312183e-09 -0.7999959181 -0.4999958192)
(0.2499997894 -0.7999959105 -0.4999954183)
(0.4999997332 -0.7999969115 -0.4999956909)
(0.7499998273 -0.7999984278 -0.4999970856)
(0.9999999815 -0.7999994163 -0.4999986432)
(1.250000042 -0.7999998392 -0.4999995292)
(1.500000034 -0.7999999671 -0.4999998668)
(1.750000016 -0.7999999955 -0.4999999674)
(2.000000005 -0.7999999998 -0.4999999928)
(2.250000001 -0.8000000001 -0.4999999985)
(2.5 -0.8 -0.4999999997)
(2.75 -0.8 -0.4999999999)
(3 -0.8 -0.5)
(3.25 -0.8 -0.5)
(3.5 -0.8 -0.5)
(3.75 -0.8 -0.5)
(4 -0.8 -0.5)
(4.25 -0.8 -0.5)
(4.5 -0.8 -0.5)
(4.75 -0.8 -0.5)
(5 -0.8 -0.5)
(-3 -0.6 -0.5)
(-2.75 -0.6 -0.4999999998)
(-2.500000001 -0.6 -0.4999999989)
(-2.250000005 -0.6 -0.4999999944)
(-2.000000018 -0.5999999986 -0.4999999744)
(-1.750000053 -0.5999999856 -0.4999998906)
(-1.500000119 -0.5999999081 -0.4999995688)
(-1.250000153 -0.59999957 -0.4999984906)
(-0.9999999587 -0.5999984569 -0.4999955818)
(-0.7499994436 -0.5999958365 -0.4999903657)
(-0.499999178 -0.5999917682 -0.4999863895)
(-0.2499993818 -0.5999891984 -0.4999867473)
(-8.281047133e-09 -0.599989538 -0.4999888524)
(0.2499993709 -0.5999892691 -0.4999868085)
(0.4999991736 -0.5999918284 -0.4999865205)
(0.7499994422 -0.5999958681 -0.4999904586)
(0.9999999584 -0.5999984746 -0.4999956162)
(1.250000153 -0.5999995789 -0.4999985104)
(1.500000119 -0.5999999116 -0.4999995803)
(1.750000053 -0.5999999866 -0.4999998956)
(2.000000018 -0.5999999989 -0.4999999761)
(2.250000005 -0.6000000001 -0.4999999949)
(2.500000001 -0.6000000001 -0.499999999)
(2.75 -0.6 -0.4999999998)
(3 -0.6 -0.5)
(3.25 -0.6 -0.5)
(3.5 -0.6 -0.5)
(3.75 -0.6 -0.5)
(4 -0.6 -0.5)
(4.25 -0.6 -0.5)
(4.5 -0.6 -0.5)
(4.75 -0.6 -0.5)
(5 -0.6 -0.5)
(-3 -0.4 -0.4999999999)
(-2.750000001 -0.4 -0.4999999994)
(-2.500000003 -0.4 -0.4999999968)
(-2.250000013 -0.3999999998 -0.4999999848)
(-2.000000049 -0.3999999968 -0.4999999327)
(-1.750000151 -0.3999999721 -0.4999997225)
(-1.500000344 -0.3999998301 -0.499998933)
(-1.250000476 -0.3999992035 -0.4999962588)
(-0.9999999893 -0.3999970724 -0.4999886913)
(-0.7499985511 -0.3999919074 -0.49997449)
(-0.4999979642 -0.3999839832 -0.4999662501)
(-0.2499985671 -0.3999791578 -0.4999715515)
(-2.466128635e-08 -0.3999805721 -0.4999796094)
(0.2499985367 -0.3999794066 -0.4999716503)
(0.4999979525 -0.3999841789 -0.4999664893)
(0.7499985477 -0.3999920036 -0.4999746737)
(0.9999999884 -0.3999971292 -0.499988796)
(1.250000476 -0.3999992318 -0.4999963375)
(1.500000344 -0.399999841 -0.4999989777)
(1.750000151 -0.3999999753 -0.4999997409)
(2.000000049 -0.3999999975 -0.4999999385)
(2.250000013 -0.4 -0.4999999862)
(2.500000003 -0.4000000001 -0.4999999971)
(2.750000001 -0.4 -0.4999999994)
(3 -0.4 -0.4999999999)
(3.25 -0.4 -0.5)
(3.5 -0.4 -0.5)
(3.75 -0.4 -0.5)
(4 -0.4 -0.5)
(4.25 -0.4 -0.5)
(4.5 -0.4 -0.5)
(4.75 -0.4 -0.5)
(5 -0.4 -0.5)
(-3 -0.2 -0.4999999997)
(-2.750000001 -0.2 -0.4999999987)
(-2.500000006 -0.1999999999 -0.4999999935)
(-2.250000027 -0.1999999994 -0.4999999697)
(-2.000000103 -0.1999999954 -0.4999998703)
(-1.750000321 -0.1999999689 -0.499999483)
(-1.500000762 -0.1999998227 -0.4999980629)
(-1.250001157 -0.1999991635 -0.4999932155)
(-1.000000273 -0.1999967385 -0.4999784625)
(-0.7499971515 -0.199990513 -0.4999481353)
(-0.4999962058 -0.1999817521 -0.4999379734)
(-0.2499976579 -0.1999763719 -0.4999618036)
(-6.143975444e-08 -0.199979071 -0.4999840441)
(0.2499975881 -0.199977082 -0.499961887)
(0.4999961814 -0.1999822575 -0.4999382105)
(0.7499971447 -0.1999907412 -0.4999483449)
(1.000000272 -0.1999968755 -0.4999786688)
(1.250001156 -0.199999231 -0.4999933971)
(1.500000762 -0.1999998479 -0.4999981623)
(1.750000321 -0.1999999764 -0.4999995218)
(2.000000103 -0.1999999972 -0.499999882)
(2.250000027 -0.1999999998 -0.4999999726)
(2.500000006 -0.2 -0.4999999941)
(2.750000001 -0.2 -0.4999999988)
(3 -0.2 -0.4999999998)
(3.25 -0.2 -0.5)
(3.5 -0.2 -0.5)
(3.75 -0.2 -0.5)
(4 -0.2 -0.5)
(4.25 -0.2 -0.5)
(4.5 -0.2 -0.5)
(4.75 -0.2 -0.5)
(5 -0.2 -0.5)
(-3 1.510615762e-11 -0.4999999996)
(-2.750000002 6.42693569e-11 -0.4999999983)
(-2.500000008 3.238980063e-10 -0.4999999913)
(-2.250000037 1.44475498e-09 -0.4999999598)
(-2.000000141 5.599329312e-09 -0.4999998302)
(-1.75000045 1.849844136e-08 -0.4999993342)
(-1.500001105 5.032888103e-08 -0.4999975494)
(-1.250001808 1.073399872e-07 -0.4999914966)
(-1.000000823 1.67301443e-07 -0.4999726746)
(-0.7499964228 2.112024239e-07 -0.4999315924)
(-0.4999954111 4.872853606e-07 -0.4999292253)
(-0.249997621 8.560610175e-07 -0.4999801115)
(-1.0210172e-07 3.791231612e-07 -0.500014973)
(0.2499975155 -4.642694366e-07 -0.4999801033)
(0.4999953779 -3.500628985e-07 -0.4999292733)
(0.749996414 -1.352985458e-07 -0.4999316864)
(1.000000821 -4.825867197e-08 -0.4999728971)
(1.250001807 3.990707199e-09 -0.4999917084)
(1.500001105 1.283383695e-08 -0.4999976639)
(1.75000045 7.631555812e-09 -0.4999993783)
(2.000000141 2.992372386e-09 -0.4999998434)
(2.250000037 9.139703674e-10 -0.4999999631)
(2.500000008 2.308724707e-10 -0.499999992)
(2.750000002 4.961761818e-11 -0.4999999984)
(3 9.21184395e-12 -0.4999999997)
(3.25 1.488382751e-12 -0.5)
(3.5 2.09945798e-13 -0.5)
(3.75 2.586584071e-14 -0.5)
(4 2.779439182e-15 -0.5)
(4.25 2.597250737e-16 -0.5)
(4.5 2.101161417e-17 -0.5)
(4.75 1.463640794e-18 -0.5)
(5 1.106913502e-19 -0.5)
(-3 0.2 -0.4999999997)
(-2.750000001 0.2000000001 -0.4999999987)
(-2.500000006 0.2000000004 -0.4999999934)
(-2.250000027 0.2000000015 -0.4999999693)
(-2.000000103 0.2000000033 -0.4999998686)
(-1.750000321 0.1999999944 -0.4999994767)
(-1.500000762 0.1999998902 -0.4999980443)
(-1.250001157 0.1999993025 -0.4999931774)
(-1.000000273 0.19999695 -0.4999784337)
(-0.7499971512 0.1999907926 -0.4999482478)
(-0.4999962045 0.1999823502 -0.4999381766)
(-0.2499976538 0.1999773229 -0.4999618792)
(-5.248094093e-08 0.1999794885 -0.4999840277)
(0.2499975926 0.199976612 -0.4999617963)
(0.4999961825 0.199981844 -0.4999379866)
(0.749997145 0.199990564 -0.4999481763)
(1.000000272 0.1999968129 -0.4999785579)
(1.250001156 0.1999992351 -0.499993311)
(1.500000762 0.199999865 -0.4999981181)
(1.750000321 0.1999999869 -0.4999995054)
(2.000000103 0.2000000015 -0.4999998773)
(2.250000027 0.2000000011 -0.4999999715)
(2.500000006 0.2000000003 -0.4999999939)
(2.750000001 0.2000000001 -0.4999999988)
(3 0.2 -0.4999999998)
(3.25 0.2 -0.5)
(3.5 0.2 -0.5)
(3.75 0.2 -0.5)
(4 0.2 -0.5)
(4.25 0.2 -0.5)
(4.5 0.2 -0.5)
(4.75 0.2 -0.5)
(5 0.2 -0.5)
(-3 0.4 -0.4999999999)
(-2.750000001 0.4000000001 -0.4999999994)
(-2.500000003 0.4000000002 -0.4999999967)
(-2.250000013 0.4000000008 -0.4999999842)
(-2.000000049 0.4000000003 -0.4999999303)
(-1.750000151 0.3999999833 -0.4999997137)
(-1.500000344 0.399999859 -0.4999989074)
(-1.250000476 0.3999992613 -0.4999962088)
(-0.9999999893 0.3999971599 -0.499988658)
(-0.7499985509 0.3999920268 -0.4999746138)
(-0.4999979634 0.3999842208 -0.4999664678)
(-0.2499985649 0.3999795055 -0.4999716324)
(-2.041223634e-08 0.3999807286 -0.4999795796)
(0.2499985391 0.399979256 -0.4999715355)
(0.4999979532 0.3999840245 -0.4999662492)
(0.7499985478 0.3999919303 -0.4999745022)
(0.9999999885 0.3999971029 -0.4999887209)
(1.250000476 0.399999233 -0.4999962892)
(1.500000344 0.3999998482 -0.4999989514)
(1.750000151 0.39999998 -0.4999997303)
(2.000000049 0.3999999995 -0.4999999352)
(2.250000013 0.4000000006 -0.4999999854)
(2.500000003 0.4000000002 -0.4999999969)
(2.750000001 0.4 -0.4999999994)
(3 0.4 -0.4999999999)
(3.25 0.4 -0.5)
(3.5 0.4 -0.5)
(3.75 0.4 -0.5)
(4 0.4 -0.5)
(4.25 0.4 -0.5)
(4.5 0.4 -0.5)
(4.75 0.4 -0.5)
(5 0.4 -0.5)
(-3 0.6 -0.4999999999)
(-2.75 0.6 -0.4999999998)
(-2.500000001 0.6000000001 -0.4999999988)
(-2.250000005 0.6000000003 -0.499999994)
(-2.000000018 0.5999999998 -0.4999999727)
(-1.750000053 0.5999999892 -0.4999998841)
(-1.500000119 0.5999999173 -0.4999995509)
(-1.250000153 0.5999995882 -0.4999984572)
(-0.9999999587 0.5999984848 -0.4999955602)
(-0.7499994435 0.5999958763 -0.4999904311)
(-0.4999991778 0.5999918433 -0.4999865081)
(-0.249999381 0.5999893015 -0.4999867935)
(-6.981107166e-09 0.5999895862 -0.4999888293)
(0.2499993717 0.5999892305 -0.4999867335)
(0.4999991738 0.5999917828 -0.4999863856)
(0.7499994423 0.5999958445 -0.4999903679)
(0.9999999584 0.5999984665 -0.499995589)
(1.250000153 0.5999995792 -0.4999984983)
(1.500000119 0.5999999139 -0.4999995735)
(1.750000053 0.5999999881 -0.4999998926)
(2.000000018 0.5999999995 -0.4999999751)
(2.250000005 0.6000000003 -0.4999999946)
(2.500000001 0.6000000001 -0.4999999989)
(2.75 0.6 -0.4999999998)
(3 0.6 -0.5)
(3.25 0.6 -0.5)
(3.5 0.6 -0.5)
(3.75 0.6 -0.5)
(4 0.6 -0.5)
(4.25 0.6 -0.5)
(4.5 0.6 -0.5)
(4.75 0.6 -0.5)
(5 0.6 -0.5)
(-3 0.8 -0.5)
(-2.75 0.8 -0.4999999999)
(-2.5 0.8 -0.4999999997)
(-2.250000001 0.8000000002 -0.4999999982)
(-2.000000005 0.8 -0.4999999917)
(-1.750000016 0.7999999961 -0.4999999636)
(-1.500000034 0.7999999685 -0.4999998572)
(-1.250000042 0.7999998415 -0.4999995118)
(-0.9999999817 0.7999994188 -0.4999986244)
(-0.7499998278 0.7999984302 -0.4999970755)
(-0.4999997345 0.7999969158 -0.4999956852)
(-0.2499997925 0.7999959194 -0.4999954103)
(-2.137672637e-09 0.7999959308 -0.4999958076)
(0.2499997896 0.7999959021 -0.4999953852)
(0.4999997332 0.7999969002 -0.4999956382)
(0.7499998273 0.7999984216 -0.4999970527)
(0.9999999816 0.7999994141 -0.4999986368)
(1.250000042 0.7999998392 -0.4999995293)
(1.500000034 0.7999999677 -0.4999998668)
(1.750000016 0.7999999959 -0.4999999673)
(2.000000005 0.8 -0.4999999927)
(2.250000001 0.8000000001 -0.4999999985)
(2.5 0.8 -0.4999999997)
(2.75 0.8 -0.4999999999)
(3 0.8 -0.5)
(3.25 0.8 -0.5)
(3.5 0.8 -0.5)
(3.75 0.8 -0.5)
(4 0.8 -0.5)
(4.25 0.8 -0.5)
(4.5 0.8 -0.5)
(4.75 0.8 -0.5)
(5 0.8 -0.5)
(-3 1 -0.5)
(-2.75 1 -0.5)
(-2.5 1 -0.4999999999)
(-2.25 1 -0.4999999996)
(-2.000000001 1 -0.499999998)
(-1.750000004 0.9999999991 -0.4999999909)
(-1.500000009 0.9999999914 -0.4999999635)
(-1.250000011 0.9999999537 -0.4999998749)
(-0.9999999952 0.9999998263 -0.4999996498)
(-0.7499999559 0.9999995285 -0.4999992567)
(-0.4999999292 0.9999990763 -0.4999988648)
(-0.2499999432 0.9999987689 -0.499998726)
(-5.845219604e-10 0.9999987516 -0.4999987837)
(0.2499999424 0.9999987653 -0.499998718)
(0.4999999288 0.9999990729 -0.4999988509)
(0.7499999558 0.9999995266 -0.4999992507)
(0.9999999951 0.9999998252 -0.4999996545)
(1.250000011 0.9999999532 -0.4999998811)
(1.500000009 0.9999999912 -0.4999999669)
(1.750000004 0.9999999991 -0.4999999921)
(2.000000001 1 -0.4999999983)
(2.25 1 -0.4999999997)
(2.5 1 -0.4999999999)
(2.75 1 -0.5)
(3 1 -0.5)
(3.25 1 -0.5)
(3.5 1 -0.5)
(3.75 1 -0.5)
(4 1 -0.5)
(4.25 1 -0.5)
(4.5 1 -0.5)
(4.75 1 -0.5)
(5 1 -0.5)
(-3 1.2 -0.5)
(-2.75 1.2 -0.5)
(-2.5 1.2 -0.5)
(-2.25 1.2 -0.4999999999)
(-2 1.2 -0.4999999996)
(-1.750000001 1.2 -0.4999999981)
(-1.500000002 1.199999998 -0.4999999923)
(-1.250000002 1.199999989 -0.4999999734)
(-0.9999999992 1.199999958 -0.4999999254)
(-0.7499999905 1.199999884 -0.4999998405)
(-0.4999999841 1.199999772 -0.4999997491)
(-0.249999987 1.199999694 -0.4999997075)
(-1.426178445e-10 1.199999686 -0.4999997129)
(0.2499999868 1.199999694 -0.4999997054)
(0.499999984 1.199999772 -0.4999997457)
(0.7499999905 1.199999884 -0.4999998392)
(0.9999999992 1.199999958 -0.4999999269)
(1.250000002 1.199999989 -0.4999999752)
(1.500000002 1.199999998 -0.4999999933)
(1.750000001 1.2 -0.4999999985)
(2 1.2 -0.4999999997)
(2.25 1.2 -0.4999999999)
(2.5 1.2 -0.5)
(2.75 1.2 -0.5)
(3 1.2 -0.5)
(3.25 1.2 -0.5)
(3.5 1.2 -0.5)
(3.75 1.2 -0.5)
(4 1.2 -0.5)
(4.25 1.2 -0.5)
(4.5 1.2 -0.5)
(4.75 1.2 -0.5)
(5 1.2 -0.5)
(-3 1.4 -0.5)
(-2.75 1.4 -0.5)
(-2.5 1.4 -0.5)
(-2.25 1.4 -0.5)
(-2 1.4 -0.4999999999)
(-1.75 1.4 -0.4999999997)
(-1.5 1.4 -0.4999999986)
(-1.250000001 1.399999998 -0.4999999952)
(-1 1.399999992 -0.4999999865)
(-0.7499999983 1.399999976 -0.4999999708)
(-0.4999999969 1.399999953 -0.4999999528)
(-0.2499999974 1.399999936 -0.4999999433)
(-3.106426038e-11 1.399999934 -0.4999999433)
(0.2499999974 1.399999936 -0.4999999429)
(0.4999999969 1.399999953 -0.4999999521)
(0.7499999983 1.399999976 -0.4999999706)
(0.9999999999 1.399999992 -0.4999999869)
(1.250000001 1.399999998 -0.4999999957)
(1.5 1.4 -0.4999999989)
(1.75 1.4 -0.4999999998)
(2 1.4 -0.5)
(2.25 1.4 -0.5)
(2.5 1.4 -0.5)
(2.75 1.4 -0.5)
(3 1.4 -0.5)
(3.25 1.4 -0.5)
(3.5 1.4 -0.5)
(3.75 1.4 -0.5)
(4 1.4 -0.5)
(4.25 1.4 -0.5)
(4.5 1.4 -0.5)
(4.75 1.4 -0.5)
(5 1.4 -0.5)
(-3 1.6 -0.5)
(-2.75 1.6 -0.5)
(-2.5 1.6 -0.5)
(-2.25 1.6 -0.5)
(-2 1.6 -0.5)
(-1.75 1.6 -0.5)
(-1.5 1.6 -0.4999999998)
(-1.25 1.6 -0.4999999993)
(-1 1.599999999 -0.4999999979)
(-0.7499999997 1.599999996 -0.4999999954)
(-0.4999999995 1.599999992 -0.4999999924)
(-0.2499999996 1.599999989 -0.4999999906)
(-6.035721892e-12 1.599999988 -0.4999999905)
(0.2499999996 1.599999989 -0.4999999905)
(0.4999999995 1.599999992 -0.4999999923)
(0.7499999997 1.599999996 -0.4999999954)
(1 1.599999999 -0.499999998)
(1.25 1.6 -0.4999999994)
(1.5 1.6 -0.4999999998)
(1.75 1.6 -0.5)
(2 1.6 -0.5)
(2.25 1.6 -0.5)
(2.5 1.6 -0.5)
(2.75 1.6 -0.5)
(3 1.6 -0.5)
(3.25 1.6 -0.5)
(3.5 1.6 -0.5)
(3.75 1.6 -0.5)
(4 1.6 -0.5)
(4.25 1.6 -0.5)
(4.5 1.6 -0.5)
(4.75 1.6 -0.5)
(5 1.6 -0.5)
(-3 1.8 -0.5)
(-2.75 1.8 -0.5)
(-2.5 1.8 -0.5)
(-2.25 1.8 -0.5)
(-2 1.8 -0.5)
(-1.75 1.8 -0.5)
(-1.5 1.8 -0.5)
(-1.25 1.8 -0.4999999999)
(-1 1.8 -0.4999999997)
(-0.75 1.799999999 -0.4999999994)
(-0.4999999999 1.799999999 -0.4999999989)
(-0.2499999999 1.799999998 -0.4999999987)
(-1.050558048e-12 1.799999998 -0.4999999986)
(0.2499999999 1.799999998 -0.4999999986)
(0.4999999999 1.799999999 -0.4999999989)
(0.75 1.799999999 -0.4999999994)
(1 1.8 -0.4999999997)
(1.25 1.8 -0.4999999999)
(1.5 1.8 -0.5)
(1.75 1.8 -0.5)
(2 1.8 -0.5)
(2.25 1.8 -0.5)
(2.5 1.8 -0.5)
(2.75 1.8 -0.5)
(3 1.8 -0.5)
(3.25 1.8 -0.5)
(3.5 1.8 -0.5)
(3.75 1.8 -0.5)
(4 1.8 -0.5)
(4.25 1.8 -0.5)
(4.5 1.8 -0.5)
(4.75 1.8 -0.5)
(5 1.8 -0.5)
(-3 2 -0.5)
(-2.75 2 -0.5)
(-2.5 2 -0.5)
(-2.25 2 -0.5)
(-2 2 -0.5)
(-1.75 2 -0.5)
(-1.5 2 -0.5)
(-1.25 2 -0.5)
(-1 2 -0.5)
(-0.75 2 -0.4999999999)
(-0.5 2 -0.4999999998)
(-0.25 2 -0.4999999998)
(-2.144794951e-13 2 -0.4999999998)
(0.25 2 -0.4999999998)
(0.5 2 -0.4999999998)
(0.75 2 -0.4999999999)
(1 2 -0.5)
(1.25 2 -0.5)
(1.5 2 -0.5)
(1.75 2 -0.5)
(2 2 -0.5)
(2.25 2 -0.5)
(2.5 2 -0.5)
(2.75 2 -0.5)
(3 2 -0.5)
(3.25 2 -0.5)
(3.5 2 -0.5)
(3.75 2 -0.5)
(4 2 -0.5)
(4.25 2 -0.5)
(4.5 2 -0.5)
(4.75 2 -0.5)
(5 2 -0.5)
(-3 -2 -0.375)
(-2.75 -2 -0.375)
(-2.5 -2 -0.375)
(-2.25 -2 -0.375)
(-2 -2 -0.375)
(-1.75 -2 -0.375)
(-1.5 -2 -0.375)
(-1.25 -2 -0.375)
(-1 -2 -0.3749999999)
(-0.75 -2 -0.3749999997)
(-0.5 -2 -0.3749999995)
(-0.25 -2 -0.3749999994)
(-6.590345023e-13 -2 -0.3749999994)
(0.25 -2 -0.3749999994)
(0.5 -2 -0.3749999996)
(0.75 -2 -0.3749999998)
(1 -2 -0.3749999999)
(1.25 -2 -0.375)
(1.5 -2 -0.375)
(1.75 -2 -0.375)
(2 -2 -0.375)
(2.25 -2 -0.375)
(2.5 -2 -0.375)
(2.75 -2 -0.375)
(3 -2 -0.375)
(3.25 -2 -0.375)
(3.5 -2 -0.375)
(3.75 -2 -0.375)
(4 -2 -0.375)
(4.25 -2 -0.375)
(4.5 -2 -0.375)
(4.75 -2 -0.375)
(5 -2 -0.375)
(-3 -1.8 -0.375)
(-2.75 -1.8 -0.375)
(-2.5 -1.8 -0.375)
(-2.25 -1.8 -0.375)
(-2 -1.8 -0.375)
(-1.75 -1.8 -0.375)
(-1.5 -1.8 -0.375)
(-1.25 -1.8 -0.3749999998)
(-1 -1.799999999 -0.3749999993)
(-0.7499999999 -1.799999998 -0.3749999984)
(-0.4999999998 -1.799999996 -0.3749999971)
(-0.2499999998 -1.799999994 -0.3749999963)
(-3.111045475e-12 -1.799999994 -0.3749999963)
(0.2499999998 -1.799999994 -0.3749999964)
(0.4999999998 -1.799999996 -0.3749999972)
(0.7499999999 -1.799999998 -0.3749999984)
(1 -1.799999999 -0.3749999993)
(1.25 -1.8 -0.3749999998)
(1.5 -1.8 -0.3749999999)
(1.75 -1.8 -0.375)
(2 -1.8 -0.375)
(2.25 -1.8 -0.375)
(2.5 -1.8 -0.375)
(2.75 -1.8 -0.375)
(3 -1.8 -0.375)
(3.25 -1.8 -0.375)
(3.5 -1.8 -0.375)
(3.75 -1.8 -0.375)
(4 -1.8 -0.375)
(4.25 -1.8 -0.375)
(4.5 -1.8 -0.375)
(4.75 -1.8 -0.375)
(5 -1.8 -0.375)
(-3 -1.6 -0.375)
(-2.75 -1.6 -0.375)
(-2.5 -1.6 -0.375)
(-2.25 -1.6 -0.375)
(-2 -1.6 -0.375)
(-1.75 -1.6 -0.3749999999)
(-1.5 -1.6 -0.3749999996)
(-1.25 -1.599999999 -0.3749999985)
(-1 -1.599999996 -0.3749999951)
(-0.7499999993 -1.599999987 -0.3749999883)
(-0.4999999985 -1.599999973 -0.3749999798)
(-0.2499999986 -1.599999963 -0.3749999748)
(-1.711339543e-11 -1.599999962 -0.3749999745)
(0.2499999986 -1.599999963 -0.3749999751)
(0.4999999985 -1.599999973 -0.3749999804)
(0.7499999993 -1.599999987 -0.3749999886)
(1 -1.599999996 -0.374999995)
(1.25 -1.599999999 -0.3749999983)
(1.5 -1.6 -0.3749999995)
(1.75 -1.6 -0.3749999999)
(2 -1.6 -0.375)
(2.25 -1.6 -0.375)
(2.5 -1.6 -0.375)
(2.75 -1.6 -0.375)
(3 -1.6 -0.375)
(3.25 -1.6 -0.375)
(3.5 -1.6 -0.375)
(3.75 -1.6 -0.375)
(4 -1.6 -0.375)
(4.25 -1.6 -0.375)
(4.5 -1.6 -0.375)
(4.75 -1.6 -0.375)
(5 -1.6 -0.375)
(-3 -1.4 -0.375)
(-2.75 -1.4 -0.375)
(-2.5 -1.4 -0.375)
(-2.25 -1.4 -0.375)
(-2 -1.4 -0.3749999999)
(-1.750000001 -1.4 -0.3749999994)
(-1.500000002 -1.399999999 -0.3749999974)
(-1.250000002 -1.399999994 -0.37499999)
(-1.000000001 -1.399999975 -0.3749999687)
(-0.7499999957 -1.399999926 -0.3749999268)
(-0.4999999911 -1.39999985 -0.374999876)
(-0.2499999921 -1.399999796 -0.3749998482)
(-8.491643424e-11 -1.39999979 -0.3749998486)
(0.249999992 -1.399999796 -0.3749998501)
(0.4999999911 -1.39999985 -0.3749998792)
(0.7499999957 -1.399999926 -0.3749999285)
(1.000000001 -1.399999975 -0.3749999684)
(1.250000002 -1.399999994 -0.3749999893)
(1.500000002 -1.399999999 -0.374999997)
(1.750000001 -1.4 -0.3749999993)
(2 -1.4 -0.3749999998)
(2.25 -1.4 -0.375)
(2.5 -1.4 -0.375)
(2.75 -1.4 -0.375)
(3 -1.4 -0.375)
(3.25 -1.4 -0.375)
(3.5 -1.4 -0.375)
(3.75 -1.4 -0.375)
(4 -1.4 -0.375)
(4.25 -1.4 -0.375)
(4.5 -1.4 -0.375)
(4.75 -1.4 -0.375)
(5 -1.4 -0.375)
(-3 -1.2 -0.375)
(-2.75 -1.2 -0.375)
(-2.5 -1.2 -0.375)
(-2.25 -1.2 -0.3749999998)
(-2.000000001 -1.2 -0.3749999992)
(-1.750000003 -1.2 -0.3749999964)
(-1.500000008 -1.199999996 -0.3749999847)
(-1.250000012 -1.199999971 -0.3749999433)
(-1.000000004 -1.199999878 -0.3749998271)
(-0.7499999766 -1.199999647 -0.3749996013)
(-0.4999999542 -1.199999282 -0.3749993387)
(-0.2499999601 -1.199999029 -0.3749992106)
(-3.793543866e-10 -1.199999015 -0.3749992268)
(0.2499999596 -1.199999031 -0.3749992194)
(0.499999954 -1.199999283 -0.3749993541)
(0.7499999766 -1.199999648 -0.3749996105)
(1.000000004 -1.199999878 -0.3749998273)
(1.250000012 -1.199999971 -0.3749999415)
(1.500000008 -1.199999996 -0.3749999837)
(1.750000003 -1.2 -0.374999996)
(2.000000001 -1.2 -0.3749999991)
(2.25 -1.2 -0.3749999998)
(2.5 -1.2 -0.375)
(2.75 -1.2 -0.375)
(3 -1.2 -0.375)
(3.25 -1.2 -0.375)
(3.5 -1.2 -0.375)
(3.75 -1.2 -0.375)
(4 -1.2 -0.375)
(4.25 -1.2 -0.375)
(4.5 -1.2 -0.375)
(4.75 -1.2 -0.375)
(5 -1.2 -0.375)
(-3 -1 -0.375)
(-2.75 -1 -0.375)
(-2.5 -1 -0.3749999998)
(-2.250000001 -1 -0.374999999)
(-2.000000005 -1.000000001 -0.3749999957)
(-1.750000016 -0.9999999992 -0.3749999815)
(-1.500000036 -0.9999999803 -0.3749999257)
(-1.250000052 -0.9999998781 -0.3749997315)
(-1.000000014 -0.9999995064 -0.3749991866)
(-0.7499998907 -0.9999985805 -0.3749981306)
(-0.4999997962 -0.999997083 -0.374996965)
(-0.2499998253 -0.9999960727 -0.3749964864)
(-1.532085239e-09 -0.9999960861 -0.374996653)
(0.2499998232 -0.9999960792 -0.3749965204)
(0.4999997954 -0.9999970887 -0.3749970296)
(0.7499998904 -0.9999985837 -0.3749981719)
(1.000000014 -0.9999995085 -0.3749991934)
(1.250000052 -0.9999998792 -0.3749997296)
(1.500000036 -0.9999999808 -0.3749999245)
(1.750000016 -0.9999999993 -0.3749999812)
(2.000000005 -1.000000001 -0.3749999956)
(2.250000001 -1 -0.374999999)
(2.5 -1 -0.3749999998)
(2.75 -1 -0.375)
(3 -1 -0.375)
(3.25 -1 -0.375)
(3.5 -1 -0.375)
(3.75 -1 -0.375)
(4 -1 -0.375)
(4.25 -1 -0.375)
(4.5 -1 -0.375)
(4.75 -1 -0.375)
(5 -1 -0.375)
(-3 -0.8 -0.375)
(-2.75 -0.8 -0.3749999998)
(-2.500000001 -0.8000000002 -0.374999999)
(-2.250000005 -0.8000000007 -0.3749999956)
(-2.00000002 -0.8000000013 -0.3749999811)
(-1.750000063 -0.7999999944 -0.3749999235)
(-1.500000145 -0.7999999291 -0.3749997043)
(-1.250000213 -0.7999995918 -0.3749989468)
(-1.000000061 -0.7999983691 -0.3749967761)
(-0.7499995646 -0.7999952726 -0.3749924949)
(-0.4999992255 -0.7999900902 -0.3749881094)
(-0.2499993486 -0.7999867195 -0.3749868243)
(-5.620888522e-09 -0.7999871285 -0.374988006)
(0.2499993415 -0.7999867523 -0.3749869318)
(0.4999992227 -0.7999901175 -0.3749883338)
(0.7499995638 -0.7999952872 -0.3749926472)
(1.000000061 -0.7999983791 -0.3749968172)
(1.250000213 -0.7999995973 -0.3749989593)
(1.500000145 -0.7999999313 -0.3749997112)
(1.750000063 -0.7999999951 -0.374999927)
(2.00000002 -0.8000000014 -0.3749999824)
(2.250000005 -0.8000000007 -0.374999996)
(2.500000001 -0.8000000002 -0.3749999991)
(2.75 -0.8 -0.3749999998)
(3 -0.8 -0.375)
(3.25 -0.8 -0.375)
(3.5 -0.8 -0.375)
(3.75 -0.8 -0.375)
(4 -0.8 -0.375)
(4.25 -0.8 -0.375)
(4.5 -0.8 -0.375)
(4.75 -0.8 -0.375)
(5 -0.8 -0.375)
(-3 -0.6 -0.3749999998)
(-2.750000001 -0.6000000001 -0.3749999993)
(-2.500000004 -0.6000000003 -0.3749999965)
(-2.250000018 -0.6000000013 -0.3749999842)
(-2.00000007 -0.6000000019 -0.374999935)
(-1.750000216 -0.5999999828 -0.3749997483)
(-1.500000507 -0.5999998169 -0.374999062)
(-1.250000769 -0.5999989557 -0.3749966717)
(-1.000000277 -0.599995744 -0.3749894317)
(-0.7499985297 -0.5999873807 -0.3749744913)
(-0.4999975328 -0.5999727841 -0.3749609353)
(-0.2499979938 -0.5999637346 -0.3749596718)
(-1.883728328e-08 -0.5999663394 -0.3749661336)
(0.2499979716 -0.5999638843 -0.3749599307)
(0.499997525 -0.5999728977 -0.3749615484)
(0.7499985276 -0.5999874371 -0.3749749259)
(1.000000276 -0.599995785 -0.37498959)
(1.250000769 -0.5999989782 -0.3749967631)
(1.500000507 -0.5999998258 -0.3749991142)
(1.750000216 -0.5999999855 -0.3749997706)
(2.00000007 -0.6000000025 -0.3749999423)
(2.250000018 -0.6000000014 -0.3749999861)
(2.500000004 -0.6000000004 -0.3749999969)
(2.750000001 -0.6000000001 -0.3749999994)
(3 -0.6 -0.3749999999)
(3.25 -0.6 -0.375)
(3.5 -0.6 -0.375)
(3.75 -0.6 -0.375)
(4 -0.6 -0.375)
(4.25 -0.6 -0.375)
(4.5 -0.6 -0.375)
(4.75 -0.6 -0.375)
(5 -0.6 -0.375)
(-3 -0.4 -0.3749999995)
(-2.750000002 -0.4000000001 -0.374999998)
(-2.500000011 -0.4000000005 -0.37499999)
(-2.25000005 -0.4000000018 -0.3749999562)
(-2.000000194 -0.4000000027 -0.3749998261)
(-1.750000612 -0.399999972 -0.3749993596)
(-1.500001484 -0.3999996927 -0.3749977241)
(-1.250002379 -0.3999981423 -0.3749919534)
(-1.000001135 -0.3999918404 -0.3749725449)
(-0.749995839 -0.3999743514 -0.3749276677)
(-0.4999936119 -0.3999436693 -0.37489564)
(-0.2499951762 -0.3999254611 -0.3749054985)
(-5.876936352e-08 -0.3999352673 -0.3749331557)
(0.2499951136 -0.3999260715 -0.3749059089)
(0.4999935923 -0.3999440775 -0.3748968051)
(0.7499958342 -0.3999745321 -0.3749285242)
(1.000001134 -0.3999919823 -0.3749729794)
(1.250002379 -0.3999982191 -0.374992296)
(1.500001484 -0.3999997221 -0.3749979167)
(1.750000612 -0.3999999807 -0.3749994366)
(2.000000194 -0.4000000048 -0.3749998498)
(2.250000051 -0.4000000023 -0.3749999621)
(2.500000011 -0.4000000005 -0.3749999913)
(2.750000002 -0.4000000001 -0.3749999982)
(3 -0.4 -0.3749999997)
(3.25 -0.4 -0.3749999999)
(3.5 -0.4 -0.375)
(3.75 -0.4 -0.375)
(4 -0.4 -0.375)
(4.25 -0.4 -0.375)
(4.5 -0.4 -0.375)
(4.75 -0.4 -0.375)
(5 -0.4 -0.375)
(-3 -0.2 -0.374999999)
(-2.750000004 -0.2 -0.3749999958)
(-2.500000023 -0.2000000001 -0.3749999794)
(-2.250000104 -0.2000000007 -0.3749999107)
(-2.000000408 -0.2000000002 -0.3749996543)
(-1.750001326 -0.1999999738 -0.3749987877)
(-1.500003371 -0.1999997303 -0.3749959792)
(-1.250005859 -0.1999982275 -0.3749863395)
(-1.000003684 -0.1999906603 -0.3749474723)
(-0.7499907767 -0.1999661013 -0.3748337995)
(-0.4999873451 -0.1999308006 -0.3747884231)
(-0.2499921979 -0.1999092396 -0.3748665661)
(-1.778456616e-07 -0.1999278548 -0.3749535157)
(0.2499920341 -0.1999114712 -0.3748668833)
(0.4999873015 -0.1999320835 -0.3747895363)
(0.7499907671 -0.199966588 -0.3748347073)
(1.000003682 -0.1999910554 -0.3749483579)
(1.250005858 -0.199998431 -0.3749871651)
(1.500003371 -0.199999804 -0.3749964165)
(1.750001326 -0.1999999948 -0.3749989513)
(2.000000408 -0.2000000052 -0.3749997023)
(2.250000104 -0.2000000017 -0.3749999223)
(2.500000023 -0.2000000003 -0.3749999818)
(2.750000004 -0.2 -0.3749999962)
(3.000000001 -0.2 -0.3749999993)
(3.25 -0.2 -0.3749999999)
(3.5 -0.2 -0.375)
(3.75 -0.2 -0.375)
(4 -0.2 -0.375)
(4.25 -0.2 -0.375)
(4.5 -0.2 -0.375)
(4.75 -0.2 -0.375)
(5 -0.2 -0.375)
(-3 5.30165649e-11 -0.3749999986)
(-2.750000006 2.277172318e-10 -0.3749999943)
(-2.500000031 1.143447034e-09 -0.3749999721)
(-2.250000142 5.124708158e-09 -0.3749998786)
(-2.000000565 2.01803353e-08 -0.37499953)
(-1.750001892 6.839277951e-08 -0.3749983691)
(-1.500005023 1.917421034e-07 -0.374994768)
(-1.250009433 4.174635205e-07 -0.3749829945)
(-1.000007755 6.17070446e-07 -0.3749343175)
(-0.7499880072 4.950055119e-07 -0.3747656449)
(-0.4999845979 1.376554683e-06 -0.3747560632)
(-0.2499932867 3.153515689e-06 -0.3749672868)
(-3.668049468e-07 1.364065528e-06 -0.3751085048)
(0.2499930086 -2.123866214e-06 -0.3749672453)
(0.4999845368 -1.113891656e-06 -0.3747562014)
(0.7499879947 -3.070459238e-07 -0.3747659492)
(1.000007752 -1.106679034e-07 -0.3749353073)
(1.250009433 7.379339257e-08 -0.3749839502)
(1.500005022 7.480246913e-08 -0.3749952635)
(1.750001892 3.639470385e-08 -0.3749985521)
(2.000000565 1.283923357e-08 -0.3749995831)
(2.250000142 3.674060337e-09 -0.3749998914)
(2.500000031 8.929054569e-10 -0.3749999747)
(2.750000006 1.880156426e-10 -0.3749999948)
(3.000000001 3.469395685e-11 -0.374999999)
(3.25 5.639545863e-12 -0.3749999998)
(3.5 8.090055887e-13 -0.375)
(3.75 1.023876679e-13 -0.375)
(4 1.141258849e-14 -0.375)
(4.25 1.117180063e-15 -0.375)
(4.5 9.566643642e-17 -0.375)
(4.75 7.135471127e-18 -0.375)
(5 5.78832385e-19 -0.375)
(-3 0.2000000001 -0.374999999)
(-2.750000004 0.2000000003 -0.3749999957)
(-2.500000023 0.2000000018 -0.3749999792)
(-2.250000104 0.2000000079 -0.3749999094)
(-2.000000408 0.2000000281 -0.3749996482)
(-1.750001326 0.2000000648 -0.3749987642)
(-1.500003371 0.1999999735 -0.3749959061)
(-1.250005859 0.1999987226 -0.3749861744)
(-1.000003683 0.1999913366 -0.3749473055)
(-0.7499907761 0.1999667056 -0.3748343741)
(-0.4999873413 0.1999322455 -0.3747894466)
(-0.2499921831 0.1999120094 -0.3748668699)
(-1.361049428e-07 0.1999289964 -0.374953446)
(0.2499920516 0.1999097745 -0.3748665453)
(0.4999873043 0.19993096 -0.3747884455)
(0.7499907676 0.1999662179 -0.3748339145)
(1.000003682 0.1999909413 -0.3749478241)
(1.250005858 0.1999985191 -0.374986714)
(1.500003371 0.1999998999 -0.3749961979)
(1.750001326 0.2000000438 -0.3749988759)
(2.000000408 0.2000000231 -0.3749996816)
(2.250000104 0.2000000069 -0.3749999175)
(2.500000023 0.2000000016 -0.3749999809)
(2.750000004 0.2000000003 -0.3749999961)
(3.000000001 0.2000000001 -0.3749999993)
(3.25 0.2 -0.3749999999)
(3.5 0.2 -0.375)
(3.75 0.2 -0.375)
(4 0.2 -0.375)
(4.25 0.2 -0.375)
(4.5 0.2 -0.375)
(4.75 0.2 -0.375)
(5 0.2 -0.375)
(-3 0.4000000001 -0.3749999995)
(-2.750000002 0.4000000002 -0.3749999979)
(-2.500000011 0.4000000012 -0.3749999897)
(-2.25000005 0.4000000051 -0.3749999543)
(-2.000000194 0.400000015 -0.3749998174)
(-1.750000612 0.4000000106 -0.3749993265)
(-1.500001484 0.399999791 -0.3749976245)
(-1.250002379 0.3999983311 -0.3749917448)
(-1.000001135 0.399992088 -0.3749723939)
(-0.7499958387 0.3999745809 -0.3749283238)
(-0.4999936101 0.3999441443 -0.374896748)
(-0.2499951699 0.3999262559 -0.374905842)
(-4.457634787e-08 0.3999356003 -0.3749330183)
(0.2499951205 0.3999256434 -0.3749054333)
(0.4999935939 0.3999437342 -0.3748956307)
(0.7499958346 0.3999743995 -0.374927699)
(1.000001134 0.3999919459 -0.3749726447)
(1.250002379 0.3999982543 -0.3749920636)
(1.500001484 0.3999997616 -0.3749977928)
(1.750000612 0.4000000019 -0.374999389)
(2.000000194 0.4000000129 -0.3749998356)
(2.250000051 0.4000000047 -0.3749999587)
(2.500000011 0.4000000012 -0.3749999906)
(2.750000002 0.4000000002 -0.3749999981)
(3 0.4 -0.3749999997)
(3.25 0.4 -0.3749999999)
(3.5 0.4 -0.375)
(3.75 0.4 -0.375)
(4 0.4 -0.375)
(4.25 0.4 -0.375)
(4.5 0.4 -0.375)
(4.75 0.4 -0.375)
(5 0.4 -0.375)
(-3 0.6 -0.3749999998)
(-2.750000001 0.6000000001 -0.3749999993)
(-2.500000004 0.6000000006 -0.3749999962)
(-2.250000018 0.6000000024 -0.3749999828)
(-2.00000007 0.6000000059 -0.3749999287)
(-1.750000216 0.5999999951 -0.3749997251)
(-1.500000507 0.5999998471 -0.374998996)
(-1.250000769 0.5999990117 -0.3749965454)
(-1.000000277 0.5999958165 -0.3749893587)
(-0.7499985296 0.599987454 -0.3749748308)
(-0.4999975322 0.5999729207 -0.37496151)
(-0.2499979919 0.5999639393 -0.3749598726)
(-1.516120499e-08 0.5999664284 -0.3749660333)
(0.2499979736 0.5999637888 -0.3749596164)
(0.4999975255 0.5999728064 -0.37496092)
(0.7499985278 0.5999873973 -0.3749744964)
(1.000000276 0.5999957754 -0.3749894549)
(1.250000769 0.5999989891 -0.3749966983)
(1.500000507 0.5999998382 -0.3749990792)
(1.750000216 0.5999999924 -0.3749997559)
(2.00000007 0.6000000052 -0.3749999375)
(2.250000018 0.6000000022 -0.3749999849)
(2.500000004 0.6000000006 -0.3749999966)
(2.750000001 0.6000000001 -0.3749999993)
(3 0.6 -0.3749999999)
(3.25 0.6 -0.375)
(3.5 0.6 -0.375)
(3.75 0.6 -0.375)
(4 0.6 -0.375)
(4.25 0.6 -0.375)
(4.5 0.6 -0.375)
(4.75 0.6 -0.375)
(5 0.6 -0.375)
(-3 0.8 -0.375)
(-2.75 0.8 -0.3749999998)
(-2.500000001 0.8000000002 -0.3749999989)
(-2.250000005 0.8000000009 -0.3749999949)
(-2.00000002 0.8000000023 -0.374999978)
(-1.750000063 0.7999999975 -0.3749999123)
(-1.500000145 0.7999999366 -0.3749996736)
(-1.250000213 0.7999996055 -0.374998891)
(-1.000000061 0.7999983869 -0.3749967439)
(-0.7499995646 0.799995292 -0.3749926115)
(-0.4999992253 0.799990124 -0.3749883145)
(-0.2499993482 0.7999867666 -0.3749869015)
(-4.850631613e-09 0.7999871499 -0.3749879589)
(0.2499993419 0.7999867335 -0.3749867956)
(0.4999992229 0.7999900966 -0.3749880995)
(0.7499995638 0.7999952773 -0.3749924942)
(1.000000061 0.7999983768 -0.3749967804)
(1.250000213 0.7999996 -0.3749989522)
(1.500000145 0.7999999345 -0.3749997079)
(1.750000063 0.7999999968 -0.3749999251)
(2.00000002 0.8000000021 -0.3749999817)
(2.250000005 0.8000000009 -0.3749999957)
(2.500000001 0.8000000002 -0.3749999991)
(2.75 0.8 -0.3749999998)
(3 0.8 -0.375)
(3.25 0.8 -0.375)
(3.5 0.8 -0.375)
(3.75 0.8 -0.375)
(4 0.8 -0.375)
(4.25 0.8 -0.375)
(4.5 0.8 -0.375)
(4.75 0.8 -0.375)
(5 0.8 -0.375)
(-3 1 -0.375)
(-2.75 1 -0.375)
(-2.5 1 -0.3749999997)
(-2.250000001 1 -0.3749999988)
(-2.000000005 1.000000001 -0.3749999945)
(-1.750000016 0.9999999998 -0.3749999774)
(-1.500000036 0.9999999819 -0.3749999146)
(-1.250000052 0.9999998809 -0.3749997117)
(-1.000000014 0.9999995101 -0.3749991737)
(-0.7499998907 0.9999985848 -0.3749981609)
(-0.4999997962 0.9999970902 -0.3749970222)
(-0.2499998252 0.9999960823 -0.3749965087)
(-1.402626068e-09 0.9999960907 -0.374996636)
(0.2499998233 0.9999960759 -0.3749964753)
(0.4999997954 0.9999970845 -0.3749969607)
(0.7499998904 0.9999985816 -0.3749981297)
(1.000000014 0.999999508 -0.3749991871)
(1.250000052 0.9999998798 -0.3749997324)
(1.500000036 0.9999999814 -0.3749999263)
(1.750000016 0.9999999997 -0.3749999818)
(2.000000005 1.000000001 -0.3749999957)
(2.250000001 1 -0.3749999991)
(2.5 1 -0.3749999998)
(2.75 1 -0.375)
(3 1 -0.375)
(3.25 1 -0.375)
(3.5 1 -0.375)
(3.75 1 -0.375)
(4 1 -0.375)
(4.25 1 -0.375)
(4.5 1 -0.375)
(4.75 1 -0.375)
(5 1 -0.375)
(-3 1.2 -0.375)
(-2.75 1.2 -0.375)
(-2.5 1.2 -0.375)
(-2.25 1.2 -0.3749999998)
(-2.000000001 1.2 -0.3749999988)
(-1.750000003 1.2 -0.3749999951)
(-1.500000008 1.199999996 -0.3749999814)
(-1.250000012 1.199999971 -0.3749999375)
(-1.000000004 1.199999879 -0.3749998228)
(-0.7499999766 1.199999648 -0.3749996076)
(-0.4999999542 1.199999284 -0.3749993519)
(-0.2499999601 1.199999031 -0.3749992157)
(-3.627537773e-10 1.199999016 -0.3749992218)
(0.2499999596 1.19999903 -0.3749992072)
(0.499999954 1.199999283 -0.3749993372)
(0.7499999766 1.199999648 -0.3749996009)
(1.000000004 1.199999878 -0.3749998271)
(1.250000012 1.199999971 -0.3749999434)
(1.500000008 1.199999996 -0.3749999848)
(1.750000003 1.2 -0.3749999964)
(2.000000001 1.2 -0.3749999992)
(2.25 1.2 -0.3749999998)
(2.5 1.2 -0.375)
(2.75 1.2 -0.375)
(3 1.2 -0.375)
(3.25 1.2 -0.375)
(3.5 1.2 -0.375)
(3.75 1.2 -0.375)
(4 1.2 -0.375)
(4.25 1.2 -0.375)
(4.5 1.2 -0.375)
(4.75 1.2 -0.375)
(5 1.2 -0.375)
(-3 1.4 -0.375)
(-2.75 1.4 -0.375)
(-2.5 1.4 -0.375)
(-2.25 1.4 -0.375)
(-2 1.4 -0.3749999998)
(-1.750000001 1.4 -0.3749999991)
(-1.500000002 1.399999999 -0.3749999966)
(-1.250000002 1.399999994 -0.3749999885)
(-1.000000001 1.399999975 -0.3749999675)
(-0.7499999957 1.399999926 -0.3749999279)
(-0.4999999911 1.39999985 -0.3749998786)
(-0.2499999921 1.399999796 -0.3749998491)
(-8.361932336e-11 1.39999979 -0.3749998473)
(0.249999992 1.399999796 -0.3749998473)
(0.4999999911 1.39999985 -0.3749998756)
(0.7499999957 1.399999926 -0.3749999267)
(1.000000001 1.399999975 -0.3749999687)
(1.250000002 1.399999994 -0.37499999)
(1.500000002 1.399999999 -0.3749999974)
(1.750000001 1.4 -0.3749999994)
(2 1.4 -0.3749999999)
(2.25 1.4 -0.375)
(2.5 1.4 -0.375)
(2.75 1.4 -0.375)
(3 1.4 -0.375)
(3.25 1.4 -0.375)
(3.5 1.4 -0.375)
(3.75 1.4 -0.375)
(4 1.4 -0.375)
(4.25 1.4 -0.375)
(4.5 1.4 -0.375)
(4.75 1.4 -0.375)
(5 1.4 -0.375)
(-3 1.6 -0.375)
(-2.75 1.6 -0.375)
(-2.5 1.6 -0.375)
(-2.25 1.6 -0.375)
(-2 1.6 -0.375)
(-1.75 1.6 -0.3749999999)
(-1.5 1.6 -0.3749999995)
(-1.25 1.599999999 -0.3749999982)
(-1 1.599999996 -0.3749999949)
(-0.7499999993 1.599999987 -0.3749999885)
(-0.4999999985 1.599999973 -0.3749999802)
(-0.2499999986 1.599999963 -0.3749999749)
(-1.716180808e-11 1.599999962 -0.3749999742)
(0.2499999986 1.599999963 -0.3749999746)
(0.4999999985 1.599999973 -0.3749999797)
(0.7499999993 1.599999987 -0.3749999883)
(1 1.599999996 -0.3749999951)
(1.25 1.599999999 -0.3749999985)
(1.5 1.6 -0.3749999996)
(1.75 1.6 -0.3749999999)
(2 1.6 -0.375)
(2.25 1.6 -0.375)
(2.5 1.6 -0.375)
(2.75 1.6 -0.375)
(3 1.6 -0.375)
(3.25 1.6 -0.375)
(3.5 1.6 -0.375)
(3.75 1.6 -0.375)
(4 1.6 -0.375)
(4.25 1.6 -0.375)
(4.5 1.6 -0.375)
(4.75 1.6 -0.375)
(5 1.6 -0.375)
(-3 1.8 -0.375)
(-2.75 1.8 -0.375)
(-2.5 1.8 -0.375)
(-2.25 1.8 -0.375)
(-2 1.8 -0.375)
(-1.75 1.8 -0.375)
(-1.5 1.8 -0.3749999999)
(-1.25 1.8 -0.3749999998)
(-1 1.799999999 -0.3749999993)
(-0.7499999999 1.799999998 -0.3749999984)
(-0.4999999998 1.799999996 -0.3749999972)
(-0.2499999998 1.799999994 -0.3749999964)
(-3.151843994e-12 1.799999994 -0.3749999962)
(0.2499999998 1.799999994 -0.3749999963)
(0.4999999998 1.799999996 -0.3749999971)
(0.7499999999 1.799999998 -0.3749999984)
(1 1.799999999 -0.3749999993)
(1.25 1.8 -0.3749999998)
(1.5 1.8 -0.375)
(1.75 1.8 -0.375)
(2 1.8 -0.375)
(2.25 1.8 -0.375)
(2.5 1.8 -0.375)
(2.75 1.8 -0.375)
(3 1.8 -0.375)
(3.25 1.8 -0.375)
(3.5 1.8 -0.375)
(3.75 1.8 -0.375)
(4 1.8 -0.375)
(4.25 1.8 -0.375)
(4.5 1.8 -0.375)
(4.75 1.8 -0.375)
(5 1.8 -0.375)
(-3 2 -0.375)
(-2.75 2 -0.375)
(-2.5 2 -0.375)
(-2.25 2 -0.375)
(-2 2 -0.375)
(-1.75 2 -0.375)
(-1.5 2 -0.375)
(-1.25 2 -0.375)
(-1 2 -0.3749999999)
(-0.75 2 -0.3749999997)
(-0.5 2 -0.3749999996)
(-0.25 2 -0.3749999994)
(-6.706147831e-13 2 -0.3749999994)
(0.25 2 -0.3749999994)
(0.5 2 -0.3749999995)
(0.75 2 -0.3749999997)
(1 2 -0.3749999999)
(1.25 2 -0.375)
(1.5 2 -0.375)
(1.75 2 -0.375)
(2 2 -0.375)
(2.25 2 -0.375)
(2.5 2 -0.375)
(2.75 2 -0.375)
(3 2 -0.375)
(3.25 2 -0.375)
(3.5 2 -0.375)
(3.75 2 -0.375)
(4 2 -0.375)
(4.25 2 -0.375)
(4.5 2 -0.375)
(4.75 2 -0.375)
(5 2 -0.375)
(-3 -2 -0.25)
(-2.75 -2 -0.25)
(-2.5 -2 -0.25)
(-2.25 -2 -0.25)
(-2 -2 -0.25)
(-1.75 -2 -0.25)
(-1.5 -2 -0.25)
(-1.25 -2 -0.25)
(-1 -2 -0.2499999998)
(-0.75 -2 -0.2499999995)
(-0.4999999999 -2 -0.2499999992)
(-0.2499999999 -2 -0.2499999989)
(-1.715283725e-12 -2 -0.2499999989)
(0.2499999999 -2 -0.2499999989)
(0.4999999999 -2 -0.2499999992)
(0.75 -2 -0.2499999996)
(1 -2 -0.2499999998)
(1.25 -2 -0.2499999999)
(1.5 -2 -0.25)
(1.75 -2 -0.25)
(2 -2 -0.25)
(2.25 -2 -0.25)
(2.5 -2 -0.25)
(2.75 -2 -0.25)
(3 -2 -0.25)
(3.25 -2 -0.25)
(3.5 -2 -0.25)
(3.75 -2 -0.25)
(4 -2 -0.25)
(4.25 -2 -0.25)
(4.5 -2 -0.25)
(4.75 -2 -0.25)
(5 -2 -0.25)
(-3 -1.8 -0.25)
(-2.75 -1.8 -0.25)
(-2.5 -1.8 -0.25)
(-2.25 -1.8 -0.25)
(-2 -1.8 -0.25)
(-1.75 -1.8 -0.25)
(-1.5 -1.8 -0.2499999999)
(-1.25 -1.8 -0.2499999997)
(-1 -1.799999998 -0.2499999989)
(-0.7499999998 -1.799999995 -0.2499999971)
(-0.4999999995 -1.799999989 -0.2499999947)
(-0.2499999995 -1.799999985 -0.2499999931)
(-7.977192702e-12 -1.799999985 -0.249999993)
(0.2499999995 -1.799999985 -0.2499999933)
(0.4999999995 -1.799999989 -0.249999995)
(0.7499999998 -1.799999995 -0.2499999972)
(1 -1.799999998 -0.2499999988)
(1.25 -1.8 -0.2499999996)
(1.5 -1.8 -0.2499999999)
(1.75 -1.8 -0.25)
(2 -1.8 -0.25)
(2.25 -1.8 -0.25)
(2.5 -1.8 -0.25)
(2.75 -1.8 -0.25)
(3 -1.8 -0.25)
(3.25 -1.8 -0.25)
(3.5 -1.8 -0.25)
(3.75 -1.8 -0.25)
(4 -1.8 -0.25)
(4.25 -1.8 -0.25)
(4.5 -1.8 -0.25)
(4.75 -1.8 -0.25)
(5 -1.8 -0.25)
(-3 -1.6 -0.25)
(-2.75 -1.6 -0.25)
(-2.5 -1.6 -0.25)
(-2.25 -1.6 -0.25)
(-2 -1.6 -0.25)
(-1.75 -1.6 -0.2499999999)
(-1.500000001 -1.6 -0.2499999994)
(-1.250000001 -1.599999998 -0.2499999975)
(-1.000000001 -1.59999999 -0.2499999917)
(-0.7499999988 -1.599999967 -0.2499999794)
(-0.4999999965 -1.599999932 -0.249999963)
(-0.2499999967 -1.599999906 -0.249999953)
(-4.257406309e-11 -1.599999903 -0.2499999525)
(0.2499999966 -1.599999906 -0.2499999541)
(0.4999999965 -1.599999932 -0.2499999649)
(0.7499999988 -1.599999967 -0.2499999803)
(1.000000001 -1.59999999 -0.2499999916)
(1.250000001 -1.599999998 -0.2499999971)
(1.500000001 -1.6 -0.2499999992)
(1.75 -1.6 -0.2499999998)
(2 -1.6 -0.2499999999)
(2.25 -1.6 -0.25)
(2.5 -1.6 -0.25)
(2.75 -1.6 -0.25)
(3 -1.6 -0.25)
(3.25 -1.6 -0.25)
(3.5 -1.6 -0.25)
(3.75 -1.6 -0.25)
(4 -1.6 -0.25)
(4.25 -1.6 -0.25)
(4.5 -1.6 -0.25)
(4.75 -1.6 -0.25)
(5 -1.6 -0.25)
(-3 -1.4 -0.25)
(-2.75 -1.4 -0.25)
(-2.5 -1.4 -0.25)
(-2.25 -1.4 -0.2499999999)
(-2.000000001 -1.4 -0.2499999997)
(-1.750000002 -1.400000001 -0.2499999989)
(-1.500000005 -1.399999999 -0.2499999957)
(-1.250000008 -1.399999988 -0.2499999836)
(-1.000000005 -1.399999942 -0.2499999475)
(-0.7499999922 -1.399999821 -0.2499998717)
(-0.4999999797 -1.399999625 -0.2499997728)
(-0.2499999808 -1.399999484 -0.2499997154)
(-2.044213337e-10 -1.399999474 -0.2499997161)
(0.2499999805 -1.399999485 -0.2499997214)
(0.4999999796 -1.399999625 -0.2499997833)
(0.7499999922 -1.399999821 -0.2499998778)
(1.000000005 -1.399999942 -0.2499999475)
(1.250000008 -1.399999989 -0.2499999821)
(1.500000005 -1.399999999 -0.2499999948)
(1.750000002 -1.400000001 -0.2499999986)
(2.000000001 -1.4 -0.2499999997)
(2.25 -1.4 -0.2499999999)
(2.5 -1.4 -0.25)
(2.75 -1.4 -0.25)
(3 -1.4 -0.25)
(3.25 -1.4 -0.25)
(3.5 -1.4 -0.25)
(3.75 -1.4 -0.25)
(4 -1.4 -0.25)
(4.25 -1.4 -0.25)
(4.5 -1.4 -0.25)
(4.75 -1.4 -0.25)
(5 -1.4 -0.25)
(-3 -1.2 -0.25)
(-2.75 -1.2 -0.25)
(-2.5 -1.2 -0.2499999999)
(-2.250000001 -1.2 -0.2499999996)
(-2.000000003 -1.200000001 -0.2499999983)
(-1.75000001 -1.200000002 -0.2499999934)
(-1.500000025 -1.199999995 -0.2499999747)
(-1.25000004 -1.199999943 -0.2499999084)
(-1.000000025 -1.199999729 -0.249999712)
(-0.7499999574 -1.19999916 -0.2499992996)
(-0.4999998953 -1.199998208 -0.2499987726)
(-0.2499999017 -1.199997545 -0.2499984887)
(-8.78783445e-10 -1.199997539 -0.2499985206)
(0.2499999005 -1.199997546 -0.249998517)
(0.4999998948 -1.199998209 -0.2499988249)
(0.7499999572 -1.19999916 -0.2499993325)
(1.000000025 -1.199999729 -0.2499997161)
(1.25000004 -1.199999944 -0.249999905)
(1.500000025 -1.199999995 -0.2499999724)
(1.75000001 -1.200000002 -0.2499999926)
(2.000000003 -1.200000001 -0.2499999981)
(2.250000001 -1.2 -0.2499999995)
(2.5 -1.2 -0.2499999999)
(2.75 -1.2 -0.25)
(3 -1.2 -0.25)
(3.25 -1.2 -0.25)
(3.5 -1.2 -0.25)
(3.75 -1.2 -0.25)
(4 -1.2 -0.25)
(4.25 -1.2 -0.25)
(4.5 -1.2 -0.25)
(4.75 -1.2 -0.25)
(5 -1.2 -0.25)
(-3 -1 -0.25)
(-2.75 -1 -0.2499999999)
(-2.500000001 -1 -0.2499999995)
(-2.250000004 -1.000000001 -0.2499999976)
(-2.000000015 -1.000000003 -0.2499999907)
(-1.750000048 -1.000000005 -0.2499999656)
(-1.500000114 -0.9999999767 -0.2499998764)
(-1.250000182 -0.9999997734 -0.2499995692)
(-1.000000113 -0.9999989363 -0.249998648)
(-0.7499997998 -0.9999966516 -0.2499966733)
(-0.4999995288 -0.9999926166 -0.2499941861)
(-0.2499995592 -0.9999898983 -0.2499929957)
(-3.381645424e-09 -0.9999901502 -0.2499933458)
(0.249999555 -0.9999899051 -0.2499931089)
(0.4999995272 -0.9999926222 -0.2499944142)
(0.7499997994 -0.9999966549 -0.2499968242)
(1.000000113 -0.9999989393 -0.2499986798)
(1.250000182 -0.9999997752 -0.2499995699)
(1.500000114 -0.9999999775 -0.2499998759)
(1.750000048 -1.000000005 -0.249999966)
(2.000000015 -1.000000003 -0.249999991)
(2.250000004 -1.000000001 -0.2499999977)
(2.500000001 -1 -0.2499999995)
(2.75 -1 -0.2499999999)
(3 -1 -0.25)
(3.25 -1 -0.25)
(3.5 -1 -0.25)
(3.75 -1 -0.25)
(4 -1 -0.25)
(4.25 -1 -0.25)
(4.5 -1 -0.25)
(4.75 -1 -0.25)
(5 -1 -0.25)
(-3 -0.8 -0.2499999999)
(-2.750000001 -0.8000000001 -0.2499999995)
(-2.500000003 -0.8000000006 -0.2499999975)
(-2.250000016 -0.8000000028 -0.2499999892)
(-2.000000061 -0.8000000089 -0.2499999588)
(-1.750000193 -0.8000000123 -0.2499998552)
(-1.500000466 -0.7999999244 -0.2499995073)
(-1.250000762 -0.7999992895 -0.2499983275)
(-1.000000492 -0.7999965876 -0.2499946161)
(-0.7499991844 -0.7999888978 -0.2499862668)
(-0.4999981672 -0.799974171 -0.2499760357)
(-0.2499982885 -0.7999645987 -0.2499719082)
(-1.162641117e-08 -0.799967 -0.2499745962)
(0.2499982752 -0.799964636 -0.2499722782)
(0.4999981628 -0.7999741983 -0.2499768793)
(0.7499991834 -0.7999889126 -0.249986844)
(1.000000491 -0.7999966032 -0.2499947706)
(1.250000762 -0.7999992992 -0.2499983819)
(1.500000466 -0.7999999283 -0.2499995367)
(1.750000193 -0.8000000135 -0.2499998687)
(2.000000061 -0.8000000092 -0.2499999635)
(2.250000016 -0.8000000028 -0.2499999905)
(2.500000003 -0.8000000006 -0.2499999978)
(2.750000001 -0.8000000001 -0.2499999995)
(3 -0.8 -0.2499999999)
(3.25 -0.8 -0.25)
(3.5 -0.8 -0.25)
(3.75 -0.8 -0.25)
(4 -0.8 -0.25)
(4.25 -0.8 -0.25)
(4.5 -0.8 -0.25)
(4.75 -0.8 -0.25)
(5 -0.8 -0.25)
(-3 -0.6 -0.2499999995)
(-2.750000002 -0.6000000002 -0.249999998)
(-2.500000012 -0.6000000014 -0.2499999906)
(-2.250000055 -0.6000000063 -0.2499999604)
(-2.000000212 -0.6000000216 -0.2499998529)
(-1.750000676 -0.6000000366 -0.2499995082)
(-1.500001676 -0.599999857 -0.2499984357)
(-1.250002839 -0.5999983596 -0.2499948536)
(-1.000001987 -0.5999913245 -0.2499822038)
(-0.7499970628 -0.5999702148 -0.2499509925)
(-0.4999939087 -0.5999249972 -0.2499145895)
(-0.249994401 -0.5998971041 -0.2499042525)
(-3.549877716e-08 -0.5999110884 -0.2499206601)
(0.2499943653 -0.59989729 -0.2499051641)
(0.4999938995 -0.5999251139 -0.2499171014)
(0.749997061 -0.5999702698 -0.2499527356)
(1.000001986 -0.599991396 -0.2499827464)
(1.250002839 -0.5999984027 -0.2499951766)
(1.500001676 -0.5999998741 -0.2499986184)
(1.750000676 -0.6000000417 -0.2499995838)
(2.000000212 -0.6000000228 -0.249999877)
(2.250000055 -0.6000000066 -0.2499999666)
(2.500000012 -0.6000000014 -0.249999992)
(2.750000002 -0.6000000002 -0.2499999983)
(3 -0.6 -0.2499999997)
(3.25 -0.6 -0.2499999999)
(3.5 -0.6 -0.25)
(3.75 -0.6 -0.25)
(4 -0.6 -0.25)
(4.25 -0.6 -0.25)
(4.5 -0.6 -0.25)
(4.75 -0.6 -0.25)
(5 -0.6 -0.25)
(-3 -0.4000000001 -0.2499999986)
(-2.750000006 -0.4000000004 -0.2499999943)
(-2.500000033 -0.4000000022 -0.249999973)
(-2.250000152 -0.4000000109 -0.2499998865)
(-2.000000599 -0.4000000424 -0.2499995854)
(-1.750001964 -0.4000001059 -0.2499986834)
(-1.500005082 -0.3999999634 -0.2499962357)
(-1.250009142 -0.399997717 -0.2499887636)
(-1.000007068 -0.3999836814 -0.2499545336)
(-0.7499902375 -0.3999360119 -0.2498476089)
(-0.4999830956 -0.3998278882 -0.2497407838)
(-0.2499854501 -0.3997645745 -0.2497320451)
(-9.660428803e-08 -0.399820497 -0.2498127727)
(0.2499853696 -0.3997654312 -0.2497334149)
(0.4999830821 -0.3998283186 -0.2497459692)
(0.7499902358 -0.3999361644 -0.2498511678)
(1.000007068 -0.3999839706 -0.2499559314)
(1.250009142 -0.3999978821 -0.2499899903)
(1.500005082 -0.4000000242 -0.2499969119)
(1.750001964 -0.4000001233 -0.2499989419)
(2.000000599 -0.4000000465 -0.2499996624)
(2.250000152 -0.4000000117 -0.2499999054)
(2.500000033 -0.4000000023 -0.2499999769)
(2.750000006 -0.4000000004 -0.2499999951)
(3.000000001 -0.4 -0.2499999991)
(3.25 -0.4 -0.2499999998)
(3.5 -0.4 -0.25)
(3.75 -0.4 -0.25)
(4 -0.4 -0.25)
(4.25 -0.4 -0.25)
(4.5 -0.4 -0.25)
(4.75 -0.4 -0.25)
(5 -0.4 -0.25)
(-3 -0.2 -0.2499999972)
(-2.750000013 -0.2000000002 -0.2499999881)
(-2.500000068 -0.2000000014 -0.249999943)
(-2.250000317 -0.2000000086 -0.2499997585)
(-2.000001285 -0.2000000425 -0.2499991165)
(-1.750004409 -0.2000001611 -0.2499972965)
(-1.500012186 -0.2000003972 -0.249993471)
(-1.250024069 -0.1999998675 -0.2499890039)
(-1.000021504 -0.199983136 -0.2499281561)
(-0.7499722589 -0.1998927941 -0.2495476806)
(-0.4999629323 -0.1997627381 -0.2493702424)
(-0.2499769038 -0.1996843513 -0.249572701)
(-4.28207627e-07 -0.199795714 -0.2498846576)
(0.2499766306 -0.1996899299 -0.2495735646)
(0.4999628981 -0.199765003 -0.2493749913)
(0.7499722559 -0.1998933846 -0.2495510572)
(1.000021504 -0.1999841793 -0.2499313784)
(1.250024069 -0.2000003914 -0.2499923626)
(1.500012186 -0.2000005666 -0.2499951207)
(1.750004409 -0.2000002058 -0.2499978655)
(2.000001285 -0.2000000525 -0.2499992742)
(2.250000317 -0.2000000105 -0.2499997954)
(2.500000068 -0.2000000017 -0.2499999505)
(2.750000013 -0.2000000002 -0.2499999895)
(3.000000002 -0.2 -0.2499999981)
(3.25 -0.2 -0.2499999997)
(3.5 -0.2 -0.25)
(3.75 -0.2 -0.25)
(4 -0.2 -0.25)
(4.25 -0.2 -0.25)
(4.5 -0.2 -0.25)
(4.75 -0.2 -0.25)
(5 -0.2 -0.25)
(-3 1.447611965e-10 -0.2499999962)
(-2.750000017 6.335741353e-10 -0.2499999838)
(-2.500000092 3.209419991e-09 -0.2499999214)
(-2.250000436 1.46766997e-08 -0.2499996606)
(-2.000001813 5.980695976e-08 -0.2499987275)
(-1.750006482 2.134216868e-07 -0.2499960009)
(-1.500019048 6.435726617e-07 -0.2499903241)
(-1.250041469 1.514982594e-06 -0.2499866907)
(-1.000045857 2.293536391e-06 -0.2499317399)
(-0.7499616072 6.904478152e-07 -0.249280669)
(-0.4999544911 3.093339484e-06 -0.2492583847)
(-0.2499874042 1.11396055e-05 -0.2500777699)
(-1.30854696e-06 4.882907208e-06 -0.2505882976)
(0.2499868564 -9.113061116e-06 -0.2500776608)
(0.4999544465 -2.879370227e-06 -0.2492586254)
(0.7499616035 -3.657429938e-07 -0.2492813192)
(1.000045856 -2.51274237e-07 -0.2499356955)
(1.250041469 4.974894293e-07 -0.2499905922)
(1.500019048 3.487412899e-07 -0.2499921722)
(1.750006482 1.411850622e-07 -0.2499966297)
(2.000001813 4.442013764e-08 -0.2499989004)
(2.250000436 1.178186739e-08 -0.2499997009)
(2.500000092 2.724199289e-09 -0.2499999296)
(2.750000017 5.566267718e-10 -0.2499999854)
(3.000000003 1.011621275e-10 -0.2499999973)
(3.25 1.63965775e-11 -0.2499999996)
(3.5 2.370451057e-12 -0.2499999999)
(3.75 3.052623434e-13 -0.25)
(4 3.493778161e-14 -0.25)
(4.25 3.543268135e-15 -0.25)
(4.5 3.172551195e-16 -0.25)
(4.75 2.498994006e-17 -0.25)
(5 2.14198898e-18 -0.25)
(-3 0.2000000002 -0.2499999971)
(-2.750000013 0.2000000011 -0.249999988)
(-2.500000068 0.200000006 -0.2499999424)
(-2.250000317 0.2000000291 -0.2499997547)
(-2.000001285 0.2000001228 -0.2499990985)
(-1.750004409 0.2000004322 -0.2499972237)
(-1.500012186 0.2000011519 -0.2499932265)
(-1.250024069 0.2000014454 -0.2499883498)
(-1.000021504 0.1999851242 -0.2499270964)
(-0.7499722586 0.1998935635 -0.2495502435)
(-0.499962924 0.1997651047 -0.2493748613)
(-0.2499768626 0.1996907339 -0.2495735942)
(-2.464924109e-07 0.1997981298 -0.2498843868)
(0.2499766865 0.199685144 -0.2495727009)
(0.4999628996 0.1997628323 -0.2493702003)
(0.7499722561 0.1998929712 -0.2495478597)
(1.000021504 0.1999840807 -0.249929151)
(1.250024069 0.2000009215 -0.2499901941)
(1.500012186 0.2000009825 -0.2499941836)
(1.750004409 0.2000003875 -0.2499975773)
(2.000001285 0.2000001128 -0.2499992015)
(2.250000317 0.2000000271 -0.2499997796)
(2.500000068 0.2000000056 -0.2499999475)
(2.750000013 0.200000001 -0.249999989)
(3.000000002 0.2000000002 -0.249999998)
(3.25 0.2 -0.2499999997)
(3.5 0.2 -0.25)
(3.75 0.2 -0.25)
(4 0.2 -0.25)
(4.25 0.2 -0.25)
(4.5 0.2 -0.25)
(4.75 0.2 -0.25)
(5 0.2 -0.25)
(-3 0.4000000002 -0.2499999986)
(-2.750000006 0.4000000008 -0.2499999942)
(-2.500000033 0.4000000043 -0.249999972)
(-2.250000152 0.4000000201 -0.2499998811)
(-2.000000599 0.4000000768 -0.2499995598)
(-1.750001964 0.4000002152 -0.2499985809)
(-1.500005082 0.4000002433 -0.2499959013)
(-1.250009142 0.3999982423 -0.2499879534)
(-1.000007068 0.3999842835 -0.2499537479)
(-0.7499902374 0.3999362271 -0.2498507041)
(-0.4999830935 0.3998283531 -0.2497458995)
(-0.2499854387 0.3997656015 -0.2497331881)
(-6.543199209e-08 0.3998208773 -0.2498121765)
(0.2499853816 0.3997647385 -0.24973181)
(0.4999830836 0.3998279189 -0.2497407472)
(0.7499902361 0.3999360733 -0.2498476504)
(1.000007068 0.3999839941 -0.24995479)
(1.250009142 0.3999980771 -0.2499890795)
(1.500005082 0.4000001825 -0.2499964423)
(1.750001964 0.4000001979 -0.2499987721)
(2.000000599 0.4000000727 -0.2499996142)
(2.250000152 0.4000000192 -0.2499998941)
(2.500000033 0.4000000041 -0.2499999747)
(2.750000006 0.4000000008 -0.2499999947)
(3.000000001 0.4000000001 -0.249999999)
(3.25 0.4 -0.2499999998)
(3.5 0.4 -0.25)
(3.75 0.4 -0.25)
(4 0.4 -0.25)
(4.25 0.4 -0.25)
(4.5 0.4 -0.25)
(4.75 0.4 -0.25)
(5 0.4 -0.25)
(-3 0.6000000001 -0.2499999995)
(-2.750000002 0.6000000004 -0.2499999979)
(-2.500000012 0.6000000021 -0.2499999899)
(-2.250000055 0.6000000093 -0.2499999564)
(-2.000000212 0.6000000326 -0.2499998348)
(-1.750000676 0.6000000701 -0.2499994401)
(-1.500001676 0.5999999383 -0.2499982332)
(-1.250002839 0.5999985033 -0.2499944393)
(-1.000001987 0.5999914831 -0.2499819588)
(-0.7499970628 0.5999702966 -0.2499524838)
(-0.499993908 0.5999251309 -0.2499170149)
(-0.2499943981 0.59989734 -0.2499049677)
(-2.896718165e-08 0.5999111809 -0.249920266)
(0.2499943684 0.5998971524 -0.2499040592)
(0.4999939002 0.5999250132 -0.2499145437)
(0.7499970612 0.5999702411 -0.2499509994)
(1.000001986 0.5999914114 -0.2499822613)
(1.250002839 0.5999984601 -0.2499949263)
(1.500001676 0.5999999213 -0.2499984853)
(1.750000676 0.600000065 -0.2499995305)
(2.000000212 0.6000000314 -0.2499998604)
(2.250000055 0.6000000091 -0.2499999624)
(2.500000012 0.600000002 -0.2499999911)
(2.750000002 0.6000000004 -0.2499999981)
(3 0.6000000001 -0.2499999997)
(3.25 0.6 -0.2499999999)
(3.5 0.6 -0.25)
(3.75 0.6 -0.25)
(4 0.6 -0.25)
(4.25 0.6 -0.25)
(4.5 0.6 -0.25)
(4.75 0.6 -0.25)
(5 0.6 -0.25)
(-3 0.8 -0.2499999999)
(-2.750000001 0.8000000001 -0.2499999994)
(-2.500000003 0.8000000008 -0.2499999971)
(-2.250000016 0.8000000035 -0.2499999872)
(-2.000000061 0.8000000117 -0.24999995)
(-1.750000193 0.8000000207 -0.2499998237)
(-1.500000466 0.7999999439 -0.2499994195)
(-1.250000762 0.7999993229 -0.2499981647)
(-1.000000492 0.7999966238 -0.2499945379)
(-0.7499991844 0.7999889207 -0.2499867449)
(-0.499998167 0.7999742039 -0.2499768282)
(-0.2499982879 0.7999646487 -0.2499721818)
(-1.042697105e-08 0.7999670208 -0.2499744323)
(0.2499982758 0.799964611 -0.2499718152)
(0.499998163 0.7999741763 -0.2499760067)
(0.7499991834 0.7999889057 -0.2499862636)
(1.000000492 0.7999966082 -0.2499946264)
(1.250000762 0.7999993133 -0.2499983418)
(1.500000466 0.79999994 -0.2499995174)
(1.750000193 0.8000000195 -0.2499998599)
(2.000000061 0.8000000114 -0.2499999604)
(2.250000016 0.8000000035 -0.2499999896)
(2.500000003 0.8000000008 -0.2499999976)
(2.750000001 0.8000000001 -0.2499999995)
(3 0.8 -0.2499999999)
(3.25 0.8 -0.25)
(3.5 0.8 -0.25)
(3.75 0.8 -0.25)
(4 0.8 -0.25)
(4.25 0.8 -0.25)
(4.5 0.8 -0.25)
(4.75 0.8 -0.25)
(5 0.8 -0.25)
(-3 1 -0.25)
(-2.75 1 -0.2499999999)
(-2.500000001 1 -0.2499999993)
(-2.250000004 1.000000001 -0.2499999969)
(-2.000000015 1.000000004 -0.2499999874)
(-1.750000048 1.000000007 -0.2499999543)
(-1.500000114 0.9999999807 -0.2499998459)
(-1.250000182 0.9999997801 -0.2499995151)
(-1.000000113 0.9999989435 -0.2499986201)
(-0.7499997998 0.9999966568 -0.2499967932)
(-0.4999995288 0.9999926236 -0.2499943937)
(-0.2499995591 0.999989908 -0.2499930735)
(-3.196221546e-09 0.9999901544 -0.2499932916)
(0.2499995551 0.999989901 -0.2499929619)
(0.4999995273 0.9999926179 -0.2499941737)
(0.7499997994 0.9999966535 -0.2499966706)
(1.000000113 0.9999989405 -0.2499986493)
(1.250000182 0.9999997782 -0.2499995716)
(1.500000114 0.9999999799 -0.2499998782)
(1.750000048 1.000000006 -0.2499999665)
(2.000000015 1.000000004 -0.249999991)
(2.250000004 1.000000001 -0.2499999977)
(2.500000001 1 -0.2499999995)
(2.75 1 -0.2499999999)
(3 1 -0.25)
(3.25 1 -0.25)
(3.5 1 -0.25)
(3.75 1 -0.25)
(4 1 -0.25)
(4.25 1 -0.25)
(4.5 1 -0.25)
(4.75 1 -0.25)
(5 1 -0.25)
(-3 1.2 -0.25)
(-2.75 1.2 -0.25)
(-2.5 1.2 -0.2499999999)
(-2.250000001 1.2 -0.2499999994)
(-2.000000003 1.200000001 -0.2499999973)
(-1.75000001 1.200000002 -0.24999999)
(-1.500000025 1.199999996 -0.2499999658)
(-1.25000004 1.199999944 -0.2499998929)
(-1.000000025 1.19999973 -0.2499997027)
(-0.7499999574 1.199999161 -0.2499993244)
(-0.4999998953 1.199998209 -0.2499988185)
(-0.2499999017 1.199997546 -0.2499985064)
(-8.562419167e-10 1.19999754 -0.2499985054)
(0.2499999005 1.199997545 -0.2499984785)
(0.4999998948 1.199998208 -0.2499987685)
(0.7499999572 1.19999916 -0.2499992985)
(1.000000025 1.199999729 -0.249999712)
(1.25000004 1.199999944 -0.2499999087)
(1.500000025 1.199999996 -0.2499999749)
(1.75000001 1.200000002 -0.2499999935)
(2.000000003 1.200000001 -0.2499999983)
(2.250000001 1.2 -0.2499999996)
(2.5 1.2 -0.2499999999)
(2.75 1.2 -0.25)
(3 1.2 -0.25)
(3.25 1.2 -0.25)
(3.5 1.2 -0.25)
(3.75 1.2 -0.25)
(4 1.2 -0.25)
(4.25 1.2 -0.25)
(4.5 1.2 -0.25)
(4.75 1.2 -0.25)
(5 1.2 -0.25)
(-3 1.4 -0.25)
(-2.75 1.4 -0.25)
(-2.5 1.4 -0.25)
(-2.25 1.4 -0.2499999999)
(-2.000000001 1.4 -0.2499999995)
(-1.750000002 1.400000001 -0.2499999981)
(-1.500000005 1.4 -0.2499999935)
(-1.250000008 1.399999989 -0.2499999798)
(-1.000000005 1.399999943 -0.2499999448)
(-0.7499999922 1.399999822 -0.249999876)
(-0.4999999797 1.399999625 -0.2499997816)
(-0.2499999808 1.399999485 -0.2499997187)
(-2.027159569e-10 1.399999474 -0.2499997124)
(0.2499999805 1.399999485 -0.2499997128)
(0.4999999796 1.399999625 -0.2499997717)
(0.7499999922 1.399999821 -0.2499998713)
(1.000000005 1.399999942 -0.2499999474)
(1.250000008 1.399999989 -0.2499999836)
(1.500000005 1.4 -0.2499999957)
(1.750000002 1.400000001 -0.249999999)
(2.000000001 1.4 -0.2499999998)
(2.25 1.4 -0.2499999999)
(2.5 1.4 -0.25)
(2.75 1.4 -0.25)
(3 1.4 -0.25)
(3.25 1.4 -0.25)
(3.5 1.4 -0.25)
(3.75 1.4 -0.25)
(4 1.4 -0.25)
(4.25 1.4 -0.25)
(4.5 1.4 -0.25)
(4.75 1.4 -0.25)
(5 1.4 -0.25)
(-3 1.6 -0.25)
(-2.75 1.6 -0.25)
(-2.5 1.6 -0.25)
(-2.25 1.6 -0.25)
(-2 1.6 -0.2499999999)
(-1.75 1.6 -0.2499999997)
(-1.500000001 1.6 -0.2499999989)
(-1.250000001 1.599999998 -0.2499999967)
(-1.000000001 1.59999999 -0.2499999911)
(-0.7499999988 1.599999967 -0.24999998)
(-0.4999999965 1.599999932 -0.2499999645)
(-0.2499999967 1.599999906 -0.2499999535)
(-4.263500575e-11 1.599999903 -0.2499999517)
(0.2499999966 1.599999906 -0.2499999524)
(0.4999999965 1.599999932 -0.2499999628)
(0.7499999988 1.599999967 -0.2499999793)
(1.000000001 1.59999999 -0.2499999917)
(1.250000001 1.599999998 -0.2499999975)
(1.500000001 1.6 -0.2499999994)
(1.75 1.6 -0.2499999999)
(2 1.6 -0.25)
(2.25 1.6 -0.25)
(2.5 1.6 -0.25)
(2.75 1.6 -0.25)
(3 1.6 -0.25)
(3.25 1.6 -0.25)
(3.5 1.6 -0.25)
(3.75 1.6 -0.25)
(4 1.6 -0.25)
(4.25 1.6 -0.25)
(4.5 1.6 -0.25)
(4.75 1.6 -0.25)
(5 1.6 -0.25)
(-3 1.8 -0.25)
(-2.75 1.8 -0.25)
(-2.5 1.8 -0.25)
(-2.25 1.8 -0.25)
(-2 1.8 -0.25)
(-1.75 1.8 -0.25)
(-1.5 1.8 -0.2499999998)
(-1.25 1.8 -0.2499999995)
(-1 1.799999998 -0.2499999987)
(-0.7499999998 1.799999995 -0.2499999972)
(-0.4999999995 1.799999989 -0.2499999949)
(-0.2499999995 1.799999985 -0.2499999932)
(-8.028696528e-12 1.799999985 -0.2499999929)
(0.2499999995 1.799999985 -0.249999993)
(0.4999999995 1.799999989 -0.2499999946)
(0.7499999998 1.799999995 -0.2499999971)
(1 1.799999998 -0.2499999989)
(1.25 1.8 -0.2499999997)
(1.5 1.8 -0.2499999999)
(1.75 1.8 -0.25)
(2 1.8 -0.25)
(2.25 1.8 -0.25)
(2.5 1.8 -0.25)
(2.75 1.8 -0.25)
(3 1.8 -0.25)
(3.25 1.8 -0.25)
(3.5 1.8 -0.25)
(3.75 1.8 -0.25)
(4 1.8 -0.25)
(4.25 1.8 -0.25)
(4.5 1.8 -0.25)
(4.75 1.8 -0.25)
(5 1.8 -0.25)
(-3 2 -0.25)
(-2.75 2 -0.25)
(-2.5 2 -0.25)
(-2.25 2 -0.25)
(-2 2 -0.25)
(-1.75 2 -0.25)
(-1.5 2 -0.25)
(-1.25 2 -0.2499999999)
(-1 2 -0.2499999998)
(-0.75 2 -0.2499999995)
(-0.4999999999 2 -0.2499999992)
(-0.2499999999 2 -0.2499999989)
(-1.729708706e-12 2 -0.2499999988)
(0.2499999999 2 -0.2499999989)
(0.4999999999 2 -0.2499999991)
(0.75 2 -0.2499999995)
(1 2 -0.2499999998)
(1.25 2 -0.25)
(1.5 2 -0.25)
(1.75 2 -0.25)
(2 2 -0.25)
(2.25 2 -0.25)
(2.5 2 -0.25)
(2.75 2 -0.25)
(3 2 -0.25)
(3.25 2 -0.25)
(3.5 2 -0.25)
(3.75 2 -0.25)
(4 2 -0.25)
(4.25 2 -0.25)
(4.5 2 -0.25)
(4.75 2 -0.25)
(5 2 -0.25)
(-3 -2 -0.125)
(-2.75 -2 -0.125)
(-2.5 -2 -0.125)
(-2.25 -2 -0.125)
(-2 -2 -0.125)
(-1.75 -2 -0.125)
(-1.5 -2 -0.125)
(-1.25 -2 -0.125)
(-1 -2 -0.1249999998)
(-0.75 -2 -0.1249999995)
(-0.4999999998 -2 -0.1249999991)
(-0.2499999998 -2 -0.1249999989)
(-3.383296605e-12 -2 -0.1249999989)
(0.2499999998 -2 -0.124999999)
(0.4999999998 -2 -0.1249999992)
(0.75 -2 -0.1249999996)
(1 -2 -0.1249999998)
(1.25 -2 -0.1249999999)
(1.5 -2 -0.125)
(1.75 -2 -0.125)
(2 -2 -0.125)
(2.25 -2 -0.125)
(2.5 -2 -0.125)
(2.75 -2 -0.125)
(3 -2 -0.125)
(3.25 -2 -0.125)
(3.5 -2 -0.125)
(3.75 -2 -0.125)
(4 -2 -0.125)
(4.25 -2 -0.125)
(4.5 -2 -0.125)
(4.75 -2 -0.125)
(5 -2 -0.125)
(-3 -1.8 -0.125)
(-2.75 -1.8 -0.125)
(-2.5 -1.8 -0.125)
(-2.25 -1.8 -0.125)
(-2 -1.8 -0.125)
(-1.75 -1.8 -0.125)
(-1.5 -1.8 -0.1249999999)
(-1.250000001 -1.8 -0.1249999997)
(-1 -1.799999997 -0.1249999989)
(-0.7499999998 -1.79999999 -0.124999997)
(-0.4999999991 -1.79999998 -0.1249999945)
(-0.2499999991 -1.799999972 -0.124999993)
(-1.588824269e-11 -1.799999971 -0.124999993)
(0.249999999 -1.799999972 -0.1249999934)
(0.4999999991 -1.79999998 -0.1249999952)
(0.7499999998 -1.79999999 -0.1249999974)
(1 -1.799999997 -0.1249999988)
(1.250000001 -1.8 -0.1249999995)
(1.5 -1.8 -0.1249999998)
(1.75 -1.8 -0.125)
(2 -1.8 -0.125)
(2.25 -1.8 -0.125)
(2.5 -1.8 -0.125)
(2.75 -1.8 -0.125)
(3 -1.8 -0.125)
(3.25 -1.8 -0.125)
(3.5 -1.8 -0.125)
(3.75 -1.8 -0.125)
(4 -1.8 -0.125)
(4.25 -1.8 -0.125)
(4.5 -1.8 -0.125)
(4.75 -1.8 -0.125)
(5 -1.8 -0.125)
(-3 -1.6 -0.125)
(-2.75 -1.6 -0.125)
(-2.5 -1.6 -0.125)
(-2.25 -1.6 -0.125)
(-2 -1.6 -0.1249999999)
(-1.750000001 -1.6 -0.1249999998)
(-1.500000002 -1.6 -0.1249999994)
(-1.250000003 -1.599999997 -0.1249999976)
(-1.000000003 -1.599999982 -0.124999992)
(-0.7499999984 -1.59999994 -0.1249999792)
(-0.499999994 -1.599999872 -0.1249999618)
(-0.2499999939 -1.599999822 -0.1249999515)
(-8.488108621e-11 -1.599999817 -0.1249999518)
(0.2499999938 -1.599999822 -0.1249999541)
(0.4999999939 -1.599999872 -0.1249999661)
(0.7499999984 -1.59999994 -0.1249999817)
(1.000000003 -1.599999982 -0.1249999919)
(1.250000003 -1.599999997 -0.1249999969)
(1.500000002 -1.6 -0.1249999989)
(1.750000001 -1.6 -0.1249999997)
(2 -1.6 -0.1249999999)
(2.25 -1.6 -0.125)
(2.5 -1.6 -0.125)
(2.75 -1.6 -0.125)
(3 -1.6 -0.125)
(3.25 -1.6 -0.125)
(3.5 -1.6 -0.125)
(3.75 -1.6 -0.125)
(4 -1.6 -0.125)
(4.25 -1.6 -0.125)
(4.5 -1.6 -0.125)
(4.75 -1.6 -0.125)
(5 -1.6 -0.125)
(-3 -1.4 -0.125)
(-2.75 -1.4 -0.125)
(-2.5 -1.4 -0.125)
(-2.25 -1.4 -0.1249999999)
(-2.000000001 -1.400000001 -0.1249999996)
(-1.750000004 -1.400000002 -0.1249999985)
(-1.500000011 -1.400000001 -0.1249999952)
(-1.250000018 -1.399999983 -0.1249999839)
(-1.000000015 -1.399999903 -0.1249999492)
(-0.7499999901 -1.399999678 -0.1249998713)
(-0.4999999648 -1.399999298 -0.1249997635)
(-0.2499999644 -1.399999025 -0.1249997019)
(-4.104662059e-10 -1.399999013 -0.1249997071)
(0.2499999639 -1.399999025 -0.124999716)
(0.4999999646 -1.399999298 -0.1249997887)
(0.7499999901 -1.399999678 -0.1249998868)
(1.000000015 -1.399999903 -0.1249999507)
(1.250000018 -1.399999983 -0.1249999816)
(1.500000011 -1.400000001 -0.1249999937)
(1.750000004 -1.400000002 -0.124999998)
(2.000000001 -1.400000001 -0.1249999994)
(2.25 -1.4 -0.1249999998)
(2.5 -1.4 -0.125)
(2.75 -1.4 -0.125)
(3 -1.4 -0.125)
(3.25 -1.4 -0.125)
(3.5 -1.4 -0.125)
(3.75 -1.4 -0.125)
(4 -1.4 -0.125)
(4.25 -1.4 -0.125)
(4.5 -1.4 -0.125)
(4.75 -1.4 -0.125)
(5 -1.4 -0.125)
(-3 -1.2 -0.125)
(-2.75 -1.2 -0.125)
(-2.5 -1.2 -0.1249999998)
(-2.250000002 -1.200000001 -0.1249999992)
(-2.000000007 -1.200000002 -0.124999997)
(-1.750000022 -1.200000006 -0.1249999903)
(-1.500000055 -1.200000001 -0.1249999703)
(-1.250000093 -1.199999924 -0.1249999083)
(-1.000000075 -1.199999558 -0.1249997216)
(-0.7499999471 -1.199998504 -0.1249992954)
(-0.4999998181 -1.199996622 -0.1249986947)
(-0.2499998147 -1.199995301 -0.124998366)
(-1.789575743e-09 -1.19999536 -0.1249984264)
(0.2499998124 -1.199995301 -0.124998434)
(0.4999998172 -1.199996623 -0.1249988258)
(0.7499999469 -1.199998505 -0.1249993805)
(1.000000075 -1.199999558 -0.1249997366)
(1.250000093 -1.199999924 -0.1249999042)
(1.500000055 -1.200000001 -0.1249999671)
(1.750000022 -1.200000006 -0.1249999892)
(2.000000007 -1.200000003 -0.1249999967)
(2.250000002 -1.200000001 -0.1249999991)
(2.5 -1.2 -0.1249999998)
(2.75 -1.2 -0.125)
(3 -1.2 -0.125)
(3.25 -1.2 -0.125)
(3.5 -1.2 -0.125)
(3.75 -1.2 -0.125)
(4 -1.2 -0.125)
(4.25 -1.2 -0.125)
(4.5 -1.2 -0.125)
(4.75 -1.2 -0.125)
(5 -1.2 -0.125)
(-3 -1 -0.1249999999)
(-2.75 -1 -0.1249999998)
(-2.500000002 -1 -0.1249999989)
(-2.250000008 -1.000000002 -0.1249999952)
(-2.000000033 -1.000000009 -0.124999983)
(-1.750000104 -1.000000021 -0.1249999467)
(-1.500000258 -1.000000005 -0.1249998467)
(-1.250000442 -0.9999997281 -0.1249995591)
(-1.000000367 -0.9999983505 -0.1249986904)
(-0.74999976 -0.9999941332 -0.1249966257)
(-0.4999991712 -0.9999858112 -0.1249935732)
(-0.2499991387 -0.9999801274 -0.1249919996)
(-7.03154408e-09 -0.9999811662 -0.1249925492)
(0.2499991304 -0.9999801304 -0.1249922825)
(0.4999991684 -0.9999858136 -0.1249941836)
(0.7499997592 -0.999994135 -0.1249970334)
(1.000000367 -0.9999983533 -0.1249987814)
(1.250000442 -0.9999997299 -0.1249995709)
(1.500000258 -1.000000006 -0.1249998505)
(1.750000104 -1.000000022 -0.1249999492)
(2.000000033 -1.000000009 -0.1249999842)
(2.250000008 -1.000000002 -0.1249999956)
(2.500000002 -1.000000001 -0.1249999989)
(2.75 -1 -0.1249999998)
(3 -1 -0.125)
(3.25 -1 -0.125)
(3.5 -1 -0.125)
(3.75 -1 -0.125)
(4 -1 -0.125)
(4.25 -1 -0.125)
(4.5 -1 -0.125)
(4.75 -1 -0.125)
(5 -1 -0.125)
(-3 -0.8 -0.1249999997)
(-2.750000001 -0.8000000003 -0.1249999989)
(-2.500000008 -0.8000000015 -0.1249999947)
(-2.250000035 -0.8000000071 -0.1249999779)
(-2.000000134 -0.8000000269 -0.1249999211)
(-1.750000431 -0.8000000715 -0.1249997574)
(-1.500001085 -0.8000000558 -0.1249993412)
(-1.250001921 -0.7999993169 -0.1249982491)
(-1.000001675 -0.7999951187 -0.1249947849)
(-0.7499990648 -0.7999811498 -0.1249859529)
(-0.4999966924 -0.7999483824 -0.1249717344)
(-0.249996446 -0.7999267309 -0.1249648844)
(-2.473943751e-08 -0.7999354205 -0.124969134)
(0.2499964205 -0.799926746 -0.1249658622)
(0.4999966854 -0.7999483926 -0.1249742418)
(0.7499990634 -0.7999811577 -0.124987642)
(1.000001675 -0.7999951345 -0.1249951869)
(1.250001921 -0.7999993271 -0.124998398)
(1.500001085 -0.80000006 -0.1249994208)
(1.750000431 -0.8000000728 -0.1249997923)
(2.000000134 -0.8000000272 -0.1249999328)
(2.250000035 -0.8000000071 -0.1249999811)
(2.500000008 -0.8000000015 -0.1249999954)
(2.750000001 -0.8000000003 -0.124999999)
(3 -0.8 -0.1249999998)
(3.25 -0.8 -0.125)
(3.5 -0.8 -0.125)
(3.75 -0.8 -0.125)
(4 -0.8 -0.125)
(4.25 -0.8 -0.125)
(4.5 -0.8 -0.125)
(4.75 -0.8 -0.125)
(5 -0.8 -0.125)
(-3 -0.6000000001 -0.124999999)
(-2.750000005 -0.6000000006 -0.1249999958)
(-2.500000026 -0.6000000034 -0.1249999801)
(-2.250000119 -0.6000000173 -0.1249999165)
(-2.00000047 -0.6000000708 -0.1249996993)
(-1.750001549 -0.6000002205 -0.1249990841)
(-1.500004057 -0.6000003889 -0.1249976587)
(-1.250007553 -0.5999992406 -0.1249945485)
(-1.00000705 -0.5999893159 -0.1249829439)
(-0.7499967774 -0.5999541439 -0.1249502115)
(-0.4999886045 -0.5998401004 -0.1248892716)
(-0.2499871397 -0.599767144 -0.1248612725)
(-7.599355184e-08 -0.5998209645 -0.1248899934)
(0.2499870774 -0.5997672097 -0.1248638364)
(0.4999885947 -0.5998401337 -0.1248981117)
(0.7499967763 -0.599954169 -0.1249561008)
(1.00000705 -0.5999893979 -0.1249842337)
(1.250007553 -0.5999992901 -0.1249953713)
(1.500004057 -0.6000004078 -0.1249981214)
(1.750001549 -0.600000226 -0.1249992679)
(2.00000047 -0.6000000721 -0.1249997558)
(2.250000119 -0.6000000175 -0.1249999308)
(2.500000026 -0.6000000035 -0.1249999831)
(2.750000005 -0.6000000006 -0.1249999964)
(3.000000001 -0.6000000001 -0.1249999993)
(3.25 -0.6 -0.1249999999)
(3.5 -0.6 -0.125)
(3.75 -0.6 -0.125)
(4 -0.6 -0.125)
(4.25 -0.6 -0.125)
(4.5 -0.6 -0.125)
(4.75 -0.6 -0.125)
(5 -0.6 -0.125)
(-3 -0.4000000001 -0.1249999971)
(-2.750000013 -0.4000000009 -0.1249999879)
(-2.500000072 -0.4000000058 -0.1249999414)
(-2.250000335 -0.4000000315 -0.1249997494)
(-2.000001358 -0.4000001452 -0.124999075)
(-1.750004681 -0.4000005546 -0.1249971454)
(-1.50001307 -0.4000016385 -0.1249931056)
(-1.250026358 -0.4000028666 -0.1249890558)
(-1.000025972 -0.399983712 -0.1249582385)
(-0.7499793704 -0.3998448683 -0.1247219808)
(-0.4999534006 -0.3993982836 -0.1243909942)
(-0.2499450652 -0.3990687748 -0.1242417906)
(-2.854497153e-07 -0.3994302262 -0.1245131044)
(0.2499449212 -0.3990694264 -0.1242481839)
(0.4999533863 -0.3993985237 -0.1244310193)
(0.7499793694 -0.3998449889 -0.1247424992)
(1.000025972 -0.3999841073 -0.1249608055)
(1.250026358 -0.4000030775 -0.1249924277)
(1.50001307 -0.4000017119 -0.1249949196)
(1.750004681 -0.4000005744 -0.1249977914)
(2.000001358 -0.4000001497 -0.1249992573)
(2.250000335 -0.4000000323 -0.1249997926)
(2.500000072 -0.4000000059 -0.1249999502)
(2.750000014 -0.4000000009 -0.1249999895)
(3.000000002 -0.4000000001 -0.1249999981)
(3.25 -0.4 -0.1249999997)
(3.5 -0.4 -0.125)
(3.75 -0.4 -0.125)
(4 -0.4 -0.125)
(4.25 -0.4 -0.125)
(4.5 -0.4 -0.125)
(4.75 -0.4 -0.125)
(5 -0.4 -0.125)
(-3 -0.2000000001 -0.1249999941)
(-2.750000027 -0.2000000005 -0.1249999743)
(-2.500000148 -0.2000000043 -0.124999873)
(-2.25000071 -0.2000000282 -0.1249994377)
(-2.000003013 -0.2000001588 -0.1249978183)
(-1.750011114 -0.2000007786 -0.124992797)
(-1.500034553 -0.2000033484 -0.124981049)
(-1.250115637 -0.2000130644 -0.1249638856)
(-1.000130517 -0.1999883742 -0.1250103981)
(-0.7498700337 -0.1994709252 -0.123642461)
(-0.4999000582 -0.199081635 -0.122974551)
(-0.2498998635 -0.1984050263 -0.1225826368)
(-5.92056901e-07 -0.1993247486 -0.1240248067)
(0.2498997328 -0.1984104977 -0.1225841864)
(0.4999000497 -0.1990828188 -0.1230176373)
(0.7498700336 -0.1994711932 -0.1236614451)
(1.000130517 -0.1999918752 -0.1250262151)
(1.250115637 -0.2000143415 -0.1249819494)
(1.500034553 -0.2000035798 -0.1249862362)
(1.750011114 -0.2000008341 -0.1249943252)
(2.000003013 -0.2000001704 -0.1249982053)
(2.25000071 -0.2000000304 -0.1249995235)
(2.500000148 -0.2000000046 -0.1249998898)
(2.750000028 -0.2000000006 -0.1249999774)
(3.000000005 -0.2000000001 -0.1249999959)
(3.250000001 -0.2 -0.1249999993)
(3.5 -0.2 -0.1249999999)
(3.75 -0.2 -0.125)
(4 -0.2 -0.125)
(4.25 -0.2 -0.125)
(4.5 -0.2 -0.125)
(4.75 -0.2 -0.125)
(5 -0.2 -0.125)
(-3 2.888325804e-10 -0.124999992)
(-2.750000036 1.295062622e-09 -0.1249999647)
(-2.500000202 6.684506071e-09 -0.1249998215)
(-2.250000993 3.159019198e-08 -0.1249991833)
(-2.000004382 1.358552184e-07 -0.1249966644)
(-1.750017146 5.267588919e-07 -0.1249881183)
(-1.500058571 1.822240162e-06 -0.1249647302)
(-1.250259743 8.637130422e-06 -0.1249037516)
(-1.000419445 1.944709322e-05 -0.1254071833)
(-0.7498138079 -1.673878055e-06 -0.1221888546)
(-0.4998949741 4.799972853e-06 -0.1230738295)
(-0.2500174825 6.387029246e-05 -0.1271413819)
(-1.217993432e-05 4.555667524e-05 -0.1290439793)
(0.2500171566 -6.266209547e-05 -0.1271412497)
(0.4998949741 -4.777048111e-06 -0.1230739877)
(0.7498138078 2.040038103e-06 -0.1221895589)
(1.000419445 -1.914625904e-06 -0.1254360576)
(1.250259743 4.90556584e-06 -0.1249283356)
(1.500058571 1.356080079e-06 -0.1249705002)
(1.750017146 4.289247331e-07 -0.1249898038)
(2.000004382 1.169887532e-07 -0.124997089)
(2.250000993 2.827234898e-08 -0.1249992769)
(2.500000202 6.151349916e-09 -0.1249998398)
(2.750000037 1.208911341e-09 -0.1249999681)
(3.000000006 2.147000461e-10 -0.1249999943)
(3.250000001 3.44252446e-11 -0.1249999991)
(3.5 4.973123554e-12 -0.1249999999)
(3.75 6.455410188e-13 -0.125)
(4 7.506679427e-14 -0.125)
(4.25 7.794311652e-15 -0.125)
(4.5 7.200482862e-16 -0.125)
(4.75 5.900381216e-17 -0.125)
(5 5.261518323e-18 -0.125)
(-3 0.2000000005 -0.124999994)
(-2.750000027 0.2000000024 -0.1249999741)
(-2.500000148 0.2000000137 -0.1249998715)
(-2.25000071 0.2000000713 -0.1249994294)
(-2.000003013 0.2000003339 -0.1249977776)
(-1.750011114 0.2000014041 -0.1249926229)
(-1.500034553 0.2000052518 -0.1249804147)
(-1.250115637 0.2000192591 -0.1249601657)
(-1.000130517 0.1999960916 -0.124998662)
(-0.7498700339 0.199471461 -0.1236594)
(-0.4999000567 0.1990828556 -0.1230176363)
(-0.2498998323 0.1984108318 -0.1225841512)
(-1.502771539e-07 0.1993270384 -0.1240235089)
(0.2498997733 0.1984052943 -0.1225824526)
(0.4999000537 0.1990816486 -0.1229745458)
(0.7498700336 0.1994711918 -0.1236426544)
(1.000130517 0.1999925904 -0.1250137862)
(1.250115637 0.200017982 -0.1249688148)
(1.500034553 0.2000050204 -0.1249828562)
(1.750011114 0.2000013486 -0.1249934765)
(2.000003013 0.2000003223 -0.1249980155)
(2.25000071 0.2000000691 -0.1249994853)
(2.500000148 0.2000000134 -0.1249998829)
(2.750000028 0.2000000023 -0.1249999763)
(3.000000005 0.2000000004 -0.1249999957)
(3.250000001 0.2000000001 -0.1249999993)
(3.5 0.2 -0.1249999999)
(3.75 0.2 -0.125)
(4 0.2 -0.125)
(4.25 0.2 -0.125)
(4.5 0.2 -0.125)
(4.75 0.2 -0.125)
(5 0.2 -0.125)
(-3 0.4000000004 -0.124999997)
(-2.750000013 0.4000000018 -0.1249999875)
(-2.500000072 0.4000000101 -0.1249999393)
(-2.250000335 0.4000000503 -0.1249997377)
(-2.000001358 0.4000002172 -0.1249990175)
(-1.750004681 0.4000007892 -0.1249968992)
(-1.50001307 0.4000022548 -0.1249921906)
(-1.250026358 0.4000039854 -0.1249861123)
(-1.000025972 0.3999848196 -0.1249537375)
(-0.749979368 0.3998450373 -0.1247411559)
(-0.4999533997 0.399398546 -0.1244308769)
(-0.2499450584 0.3990695291 -0.1242470955)
(-2.456497385e-07 0.3994304912 -0.1245085201)
(0.249944932 0.3990688529 -0.1242406782)
(0.4999533886 0.3993983062 -0.1243909118)
(0.7499793673 0.3998449161 -0.1247219761)
(1.000025972 0.3999844241 -0.1249586693)
(1.250026358 0.4000037745 -0.1249897083)
(1.50001307 0.4000021814 -0.124993576)
(1.750004681 0.4000007693 -0.1249973465)
(2.000001358 0.4000002128 -0.1249991392)
(2.250000335 0.4000000494 -0.124999766)
(2.500000072 0.4000000099 -0.124999945)
(2.750000014 0.4000000017 -0.1249999887)
(3.000000002 0.4000000003 -0.1249999979)
(3.25 0.4 -0.1249999997)
(3.5 0.4 -0.125)
(3.75 0.4 -0.125)
(4 0.4 -0.125)
(4.25 0.4 -0.125)
(4.5 0.4 -0.125)
(4.75 0.4 -0.125)
(5 0.4 -0.125)
(-3 0.6000000002 -0.1249999989)
(-2.750000005 0.6000000009 -0.1249999956)
(-2.500000026 0.6000000049 -0.1249999785)
(-2.250000119 0.6000000234 -0.1249999081)
(-2.00000047 0.6000000932 -0.1249996605)
(-1.750001549 0.6000002892 -0.1249989322)
(-1.500004057 0.6000005554 -0.1249971742)
(-1.250007553 0.599999523 -0.1249934249)
(-1.00000705 0.5999895849 -0.1249820941)
(-0.7499967774 0.5999542035 -0.1249556371)
(-0.4999886042 0.5998401348 -0.1248979923)
(-0.2499871389 0.5997672238 -0.1248632635)
(-7.315861884e-08 0.5998209943 -0.1248885888)
(0.2499870786 0.5997671564 -0.1248607002)
(0.499988595 0.5998401017 -0.1248891874)
(0.7499967765 0.5999541784 -0.124950221)
(1.00000705 0.5999895029 -0.1249830452)
(1.250007553 0.5999994735 -0.1249946963)
(1.500004057 0.6000005364 -0.124997766)
(1.750001549 0.6000002837 -0.124999133)
(2.00000047 0.6000000919 -0.1249997158)
(2.250000119 0.6000000231 -0.124999921)
(2.500000026 0.6000000048 -0.1249999811)
(2.750000005 0.6000000009 -0.124999996)
(3.000000001 0.6000000001 -0.1249999993)
(3.25 0.6 -0.1249999999)
(3.5 0.6 -0.125)
(3.75 0.6 -0.125)
(4 0.6 -0.125)
(4.25 0.6 -0.125)
(4.5 0.6 -0.125)
(4.75 0.6 -0.125)
(5 0.6 -0.125)
(-3 0.8000000001 -0.1249999997)
(-2.750000001 0.8000000003 -0.1249999988)
(-2.500000008 0.8000000018 -0.1249999939)
(-2.250000035 0.8000000087 -0.1249999739)
(-2.000000134 0.8000000326 -0.1249999031)
(-1.750000431 0.8000000882 -0.124999691)
(-1.500001085 0.8000000942 -0.1249991496)
(-1.250001921 0.7999993793 -0.1249978755)
(-1.000001675 0.799995177 -0.1249946185)
(-0.7499990648 0.79998117 -0.1249874356)
(-0.4999966923 0.7999483951 -0.1249741398)
(-0.2499964458 0.7999267505 -0.1249656182)
(-2.419320951e-08 0.7999354283 -0.1249686684)
(0.2499964208 0.799926735 -0.1249646464)
(0.4999966855 0.7999483848 -0.1249716709)
(0.7499990634 0.799981162 -0.1249859453)
(1.000001675 0.7999951612 -0.1249948034)
(1.250001921 0.7999993691 -0.124998278)
(1.500001085 0.8000000901 -0.1249993625)
(1.750000431 0.800000087 -0.1249997675)
(2.000000134 0.8000000323 -0.1249999246)
(2.250000035 0.8000000086 -0.1249999789)
(2.500000008 0.8000000018 -0.1249999949)
(2.750000001 0.8000000003 -0.1249999989)
(3 0.8000000001 -0.1249999998)
(3.25 0.8 -0.125)
(3.5 0.8 -0.125)
(3.75 0.8 -0.125)
(4 0.8 -0.125)
(4.25 0.8 -0.125)
(4.5 0.8 -0.125)
(4.75 0.8 -0.125)
(5 0.8 -0.125)
(-3 1 -0.1249999999)
(-2.75 1 -0.1249999997)
(-2.500000002 1.000000001 -0.1249999986)
(-2.250000008 1.000000003 -0.1249999937)
(-2.000000033 1.00000001 -0.1249999765)
(-1.750000104 1.000000025 -0.1249999236)
(-1.500000258 1.000000013 -0.1249997838)
(-1.250000442 0.9999997402 -0.1249994466)
(-1.000000367 0.9999983618 -0.124998645)
(-0.74999976 0.9999941381 -0.1249969681)
(-0.4999991712 0.9999858145 -0.1249941409)
(-0.2499991387 0.9999801315 -0.1249922002)
(-6.947903871e-09 0.999981168 -0.1249924147)
(0.2499991305 0.9999801285 -0.1249919205)
(0.4999991684 0.9999858121 -0.1249935463)
(0.7499997592 0.9999941362 -0.12499662)
(1.000000367 0.999998359 -0.1249986927)
(1.250000442 0.9999997384 -0.1249995639)
(1.500000258 1.000000012 -0.1249998504)
(1.750000104 1.000000025 -0.1249999485)
(2.000000033 1.00000001 -0.1249999836)
(2.250000008 1.000000003 -0.1249999954)
(2.500000002 1.000000001 -0.1249999989)
(2.75 1 -0.1249999998)
(3 1 -0.125)
(3.25 1 -0.125)
(3.5 1 -0.125)
(3.75 1 -0.125)
(4 1 -0.125)
(4.25 1 -0.125)
(4.5 1 -0.125)
(4.75 1 -0.125)
(5 1 -0.125)
(-3 1.2 -0.125)
(-2.75 1.2 -0.1249999999)
(-2.5 1.2 -0.1249999997)
(-2.250000002 1.200000001 -0.1249999987)
(-2.000000007 1.200000003 -0.124999995)
(-1.750000022 1.200000007 -0.1249999836)
(-1.500000055 1.200000002 -0.1249999526)
(-1.250000093 1.199999926 -0.1249998778)
(-1.000000075 1.19999956 -0.1249997071)
(-0.7499999471 1.199998505 -0.1249993635)
(-0.4999998181 1.199996623 -0.1249988125)
(-0.2499998147 1.199995301 -0.1249984107)
(-1.780500666e-09 1.19999536 -0.1249983916)
(0.2499998124 1.199995301 -0.1249983437)
(0.4999998172 1.199996623 -0.124998686)
(0.7499999469 1.199998505 -0.1249992931)
(1.000000075 1.19999956 -0.1249997216)
(1.250000093 1.199999926 -0.1249999089)
(1.500000055 1.200000002 -0.1249999709)
(1.750000022 1.200000007 -0.1249999906)
(2.000000007 1.200000003 -0.1249999971)
(2.250000002 1.200000001 -0.1249999992)
(2.5 1.2 -0.1249999998)
(2.75 1.2 -0.125)
(3 1.2 -0.125)
(3.25 1.2 -0.125)
(3.5 1.2 -0.125)
(3.75 1.2 -0.125)
(4 1.2 -0.125)
(4.25 1.2 -0.125)
(4.5 1.2 -0.125)
(4.75 1.2 -0.125)
(5 1.2 -0.125)
(-3 1.4 -0.125)
(-2.75 1.4 -0.125)
(-2.5 1.4 -0.125)
(-2.25 1.4 -0.1249999998)
(-2.000000001 1.400000001 -0.1249999991)
(-1.750000004 1.400000002 -0.1249999969)
(-1.500000011 1.400000001 -0.1249999909)
(-1.250000018 1.399999984 -0.1249999766)
(-1.000000015 1.399999903 -0.124999945)
(-0.7499999901 1.399999678 -0.124999883)
(-0.4999999648 1.399999298 -0.1249997852)
(-0.2499999644 1.399999025 -0.1249997103)
(-4.101576561e-10 1.399999013 -0.1249996991)
(0.2499999639 1.399999025 -0.1249996964)
(0.4999999646 1.399999298 -0.1249997612)
(0.7499999901 1.399999678 -0.1249998706)
(1.000000015 1.399999903 -0.1249999491)
(1.250000018 1.399999984 -0.124999984)
(1.500000011 1.400000001 -0.1249999953)
(1.750000004 1.400000002 -0.1249999986)
(2.000000001 1.400000001 -0.1249999996)
(2.25 1.4 -0.1249999999)
(2.5 1.4 -0.125)
(2.75 1.4 -0.125)
(3 1.4 -0.125)
(3.25 1.4 -0.125)
(3.5 1.4 -0.125)
(3.75 1.4 -0.125)
(4 1.4 -0.125)
(4.25 1.4 -0.125)
(4.5 1.4 -0.125)
(4.75 1.4 -0.125)
(5 1.4 -0.125)
(-3 1.6 -0.125)
(-2.75 1.6 -0.125)
(-2.5 1.6 -0.125)
(-2.25 1.6 -0.125)
(-2 1.6 -0.1249999999)
(-1.750000001 1.6 -0.1249999995)
(-1.500000002 1.6 -0.1249999985)
(-1.250000003 1.599999997 -0.1249999961)
(-1.000000003 1.599999982 -0.1249999909)
(-0.7499999984 1.59999994 -0.124999981)
(-0.499999994 1.599999872 -0.1249999654)
(-0.2499999939 1.599999822 -0.1249999529)
(-8.502877743e-11 1.599999817 -0.1249999501)
(0.2499999938 1.599999822 -0.1249999503)
(0.4999999939 1.599999872 -0.1249999613)
(0.7499999984 1.59999994 -0.1249999791)
(1.000000003 1.599999982 -0.1249999919)
(1.250000003 1.599999997 -0.1249999976)
(1.500000002 1.6 -0.1249999994)
(1.750000001 1.6 -0.1249999998)
(2 1.6 -0.125)
(2.25 1.6 -0.125)
(2.5 1.6 -0.125)
(2.75 1.6 -0.125)
(3 1.6 -0.125)
(3.25 1.6 -0.125)
(3.5 1.6 -0.125)
(3.75 1.6 -0.125)
(4 1.6 -0.125)
(4.25 1.6 -0.125)
(4.5 1.6 -0.125)
(4.75 1.6 -0.125)
(5 1.6 -0.125)
(-3 1.8 -0.125)
(-2.75 1.8 -0.125)
(-2.5 1.8 -0.125)
(-2.25 1.8 -0.125)
(-2 1.8 -0.125)
(-1.75 1.8 -0.1249999999)
(-1.5 1.8 -0.1249999998)
(-1.250000001 1.8 -0.1249999994)
(-1 1.799999997 -0.1249999987)
(-0.7499999998 1.79999999 -0.1249999973)
(-0.4999999991 1.79999998 -0.124999995)
(-0.2499999991 1.799999972 -0.1249999931)
(-1.59355467e-11 1.799999971 -0.1249999926)
(0.249999999 1.799999972 -0.1249999927)
(0.4999999991 1.79999998 -0.1249999944)
(0.7499999998 1.79999999 -0.124999997)
(1 1.799999997 -0.1249999989)
(1.250000001 1.8 -0.1249999997)
(1.5 1.8 -0.1249999999)
(1.75 1.8 -0.125)
(2 1.8 -0.125)
(2.25 1.8 -0.125)
(2.5 1.8 -0.125)
(2.75 1.8 -0.125)
(3 1.8 -0.125)
(3.25 1.8 -0.125)
(3.5 1.8 -0.125)
(3.75 1.8 -0.125)
(4 1.8 -0.125)
(4.25 1.8 -0.125)
(4.5 1.8 -0.125)
(4.75 1.8 -0.125)
(5 1.8 -0.125)
(-3 2 -0.125)
(-2.75 2 -0.125)
(-2.5 2 -0.125)
(-2.25 2 -0.125)
(-2 2 -0.125)
(-1.75 2 -0.125)
(-1.5 2 -0.125)
(-1.25 2 -0.1249999999)
(-1 2 -0.1249999998)
(-0.75 2 -0.1249999996)
(-0.4999999998 2 -0.1249999992)
(-0.2499999998 2 -0.1249999989)
(-3.394577564e-12 2 -0.1249999988)
(0.2499999998 2 -0.1249999988)
(0.4999999998 2 -0.1249999991)
(0.75 2 -0.1249999995)
(1 2 -0.1249999998)
(1.25 2 -0.125)
(1.5 2 -0.125)
(1.75 2 -0.125)
(2 2 -0.125)
(2.25 2 -0.125)
(2.5 2 -0.125)
(2.75 2 -0.125)
(3 2 -0.125)
(3.25 2 -0.125)
(3.5 2 -0.125)
(3.75 2 -0.125)
(4 2 -0.125)
(4.25 2 -0.125)
(4.5 2 -0.125)
(4.75 2 -0.125)
(5 2 -0.125)
(-3 -2 2.875060902e-15)
(-2.75 -2 8.783602188e-15)
(-2.5 -2 3.467065214e-14)
(-2.25 -2 8.268990755e-14)
(-2 -2 -3.166527346e-14)
(-1.75 -2 -1.241189315e-12)
(-1.5 -2 -5.434714281e-12)
(-1.25 -2 -1.10091955e-11)
(-1 -2 -1.276236549e-12)
(-0.75 -2 4.296979187e-11)
(-0.4999999998 -2 7.015874779e-11)
(-0.2499999998 -2 2.215544231e-11)
(-4.471179919e-12 -2 -4.429704231e-11)
(0.2499999998 -2 -8.703596365e-11)
(0.4999999998 -2 -9.838403291e-11)
(0.75 -2 -4.389920545e-11)
(1 -2 1.916052105e-11)
(1.25 -2 3.429635926e-11)
(1.5 -2 2.208236339e-11)
(1.75 -2 9.284208149e-12)
(2 -2 2.919926177e-12)
(2.25 -2 7.281396997e-13)
(2.5 -2 1.482786223e-13)
(2.75 -2 2.503329306e-14)
(3 -2 3.521564221e-15)
(3.25 -2 4.132265397e-16)
(3.5 -2 4.024940975e-17)
(3.75 -2 3.225006895e-18)
(4 -2 2.096497857e-19)
(4.25 -2 1.082841883e-20)
(4.5 -2 4.298444425e-22)
(4.75 -2 1.239797655e-23)
(5 -2 3.221493156e-25)
(-3 -1.8 2.756951375e-14)
(-2.75 -1.8 9.826606787e-14)
(-2.5 -1.8 4.541545403e-13)
(-2.25 -1.8 1.648993508e-12)
(-2 -1.8 4.345986409e-12)
(-1.75 -1.8 6.954917425e-12)
(-1.5 -1.8 2.049517557e-12)
(-1.250000001 -1.8 -8.871302549e-12)
(-1.000000001 -1.799999996 4.738434405e-11)
(-0.7499999998 -1.799999988 2.831124214e-10)
(-0.4999999989 -1.799999974 4.286274258e-10)
(-0.2499999988 -1.799999963 1.511766833e-10)
(-2.132293431e-11 -1.799999962 -2.106884535e-10)
(0.2499999988 -1.799999963 -4.509488812e-10)
(0.4999999989 -1.799999974 -5.477897337e-10)
(0.7499999998 -1.799999988 -2.600545936e-10)
(1.000000001 -1.799999996 9.192067944e-11)
(1.250000001 -1.8 1.81733934e-10)
(1.5 -1.8 1.200513906e-10)
(1.75 -1.8 5.174678343e-11)
(2 -1.8 1.680291685e-11)
(2.25 -1.8 4.363108016e-12)
(2.5 -1.8 9.331572955e-13)
(2.75 -1.8 1.668956276e-13)
(3 -1.8 2.507149543e-14)
(3.25 -1.8 3.16667816e-15)
(3.5 -1.8 3.319536383e-16)
(3.75 -1.8 2.976183592e-17)
(4 -1.8 6.800119384e-18)
(4.25 -1.8 1.292771309e-19)
(4.5 -1.8 6.123223362e-21)
(4.75 -1.8 2.234674073e-22)
(5 -1.8 8.037299959e-24)
(-3 -1.6 2.756016688e-13)
(-2.75 -1.6 1.027098248e-12)
(-2.5 -1.6 4.865714486e-12)
(-2.25 -1.6 1.898561484e-11)
(-2 -1.6 5.874448394e-11)
(-1.750000001 -1.600000001 1.379391758e-10)
(-1.500000003 -1.600000001 2.316966075e-10)
(-1.250000004 -1.599999997 3.023621371e-10)
(-1.000000004 -1.599999978 6.652962963e-10)
(-0.7499999985 -1.599999924 2.053902882e-09)
(-0.4999999926 -1.599999836 2.905058082e-09)
(-0.2499999923 -1.59999977 1.080988179e-09)
(-1.15567275e-10 -1.599999765 -1.138084334e-09)
(0.2499999921 -1.59999977 -2.648925044e-09)
(0.4999999925 -1.599999836 -3.458933213e-09)
(0.7499999985 -1.599999924 -1.73984846e-09)
(1.000000004 -1.599999978 4.976791823e-10)
(1.250000004 -1.599999997 1.118158851e-09)
(1.500000003 -1.600000001 7.631041971e-10)
(1.750000001 -1.600000001 3.402499863e-10)
(2 -1.6 1.14940279e-10)
(2.25 -1.6 3.125659326e-11)
(2.5 -1.6 7.047645899e-12)
(2.75 -1.6 1.338269584e-12)
(3 -1.6 2.14538365e-13)
(3.25 -1.6 2.921670114e-14)
(3.5 -1.6 3.3892513e-15)
(3.75 -1.6 3.280085526e-16)
(4 -1.6 2.674042575e-17)
(4.25 -1.6 1.806449042e-18)
(4.5 -1.6 9.969311861e-20)
(4.75 -1.6 1.850811715e-17)
(5 -1.6 2.006030578e-22)
(-3 -1.4 2.2550814e-12)
(-2.75 -1.4 8.614950591e-12)
(-2.5 -1.4 4.107371868e-11)
(-2.25 -1.4 1.643488761e-10)
(-2.000000002 -1.400000001 5.369388916e-10)
(-1.750000006 -1.400000002 1.387192302e-09)
(-1.500000015 -1.400000002 2.703631391e-09)
(-1.250000025 -1.399999983 3.931629212e-09)
(-1.000000022 -1.399999883 5.888918501e-09)
(-0.7499999908 -1.399999595 1.327454281e-08)
(-0.4999999568 -1.399999097 1.788713674e-08)
(-0.2499999545 -1.399998737 6.716127367e-09)
(-5.731547362e-10 -1.399998729 -5.626542867e-09)
(0.2499999537 -1.399998737 -1.409253157e-08)
(0.4999999564 -1.399999097 -2.005282109e-08)
(0.7499999907 -1.399999595 -1.053592165e-08)
(1.000000022 -1.399999883 2.671058535e-09)
(1.250000025 -1.399999983 6.489646505e-09)
(1.500000015 -1.400000002 4.524943093e-09)
(1.750000006 -1.400000002 2.065373014e-09)
(2.000000002 -1.400000001 7.177464615e-10)
(2.25 -1.4 2.019641926e-10)
(2.5 -1.4 4.739863307e-11)
(2.75 -1.4 9.401514181e-12)
(3 -1.4 1.590721868e-12)
(3.25 -1.4 2.301310695e-13)
(3.5 -1.4 2.845382525e-14)
(3.75 -1.4 2.996110788e-15)
(4 -1.4 2.675851696e-16)
(4.25 -1.4 2.0077506e-17)
(4.5 -1.4 1.25479227e-18)
(4.75 -1.4 1.220853779e-18)
(5 -1.4 3.497362812e-21)
(-3 -1.2 1.523772124e-11)
(-2.75 -1.2 5.934290316e-11)
(-2.500000001 -1.2 2.824537454e-10)
(-2.250000002 -1.200000001 1.147522194e-09)
(-2.00000001 -1.200000004 3.858515638e-09)
(-1.750000031 -1.20000001 1.044628394e-08)
(-1.500000077 -1.200000009 2.163921876e-08)
(-1.250000135 -1.199999927 3.248282781e-08)
(-1.000000121 -1.199999486 4.075007242e-08)
(-0.7499999525 -1.199998127 7.631998192e-08)
(-0.4999997755 -1.199995612 9.989186854e-08)
(-0.2499997586 -1.199993824 3.616854311e-08)
(-2.609070988e-09 -1.199993968 -2.55653973e-08)
(0.2499997553 -1.199993824 -6.722825114e-08)
(0.4999997743 -1.199995612 -1.067371235e-07)
(0.7499999522 -1.199998127 -5.783192754e-08)
(1.000000121 -1.199999486 1.491467936e-08)
(1.250000135 -1.199999927 3.58352238e-08)
(1.500000077 -1.200000009 2.507016939e-08)
(1.750000031 -1.20000001 1.154858561e-08)
(2.00000001 -1.200000004 4.071384479e-09)
(2.250000002 -1.200000001 1.169212054e-09)
(2.500000001 -1.2 2.810741212e-10)
(2.75 -1.2 5.759928192e-11)
(3 -1.2 1.013955547e-11)
(3.25 -1.2 1.537815691e-12)
(3.5 -1.2 2.009946444e-13)
(3.75 -1.2 2.258681943e-14)
(4 -1.2 2.195533874e-15)
(4.25 -1.2 1.784275164e-16)
(4.5 -1.2 1.236507328e-17)
(4.75 -1.2 7.171087446e-19)
(5 -1.2 4.465094769e-20)
(-3 -1 8.487960133e-11)
(-2.75 -1 3.370268036e-10)
(-2.500000003 -1.000000001 1.604907088e-09)
(-2.250000012 -1.000000003 6.596847678e-09)
(-2.000000046 -1.000000013 2.277946189e-08)
(-1.750000146 -1.000000037 6.395541546e-08)
(-1.500000369 -1.000000046 1.38398337e-07)
(-1.25000066 -0.9999997814 2.119743456e-07)
(-1.000000622 -0.9999981803 2.328658061e-07)
(-0.7499998017 -0.9999926873 3.866345348e-07)
(-0.4999989671 -0.9999811895 5.073544988e-07)
(-0.2499988425 -0.9999731499 1.66967043e-07)
(-1.103530791e-08 -0.9999750936 -1.082275459e-07)
(0.2499988303 -0.9999731499 -2.837968302e-07)
(0.4999989631 -0.9999811894 -5.242055218e-07)
(0.7499998007 -0.9999926872 -2.871478313e-07)
(1.000000621 -0.9999981803 8.753688312e-08)
(1.25000066 -0.9999997814 1.88405482e-07)
(1.500000369 -1.000000046 1.295607692e-07)
(1.750000146 -1.000000037 5.9192482e-08)
(2.000000046 -1.000000013 2.08259258e-08)
(2.250000012 -1.000000003 5.996051385e-09)
(2.500000003 -1.000000001 1.458054661e-09)
(2.75 -1 3.044195399e-10)
(3 -1 5.501904189e-11)
(3.25 -1 8.63619358e-12)
(3.5 -1 1.178484802e-12)
(3.75 -1 1.39487502e-13)
(4 -1 1.428141596e-14)
(4.25 -1 1.259569098e-15)
(4.5 -1 9.512516739e-17)
(4.75 -1 6.105783904e-18)
(5 -1 4.239101617e-19)
(-3 -0.8000000001 3.863351322e-10)
(-2.750000002 -0.8000000004 1.569182883e-09)
(-2.50000001 -0.8000000021 7.51976155e-09)
(-2.250000048 -0.8000000104 3.144404718e-08)
(-2.000000188 -0.8000000422 1.118060978e-07)
(-1.750000614 -0.8000001306 3.273757007e-07)
(-1.500001596 -0.8000002406 7.42881733e-07)
(-1.25000299 -0.7999997289 1.167970018e-06)
(-1.000003028 -0.7999953099 1.121028013e-06)
(-0.7499993434 -0.7999768756 1.717652249e-06)
(-0.4999958095 -0.7999290713 2.357808431e-06)
(-0.2499949651 -0.7998958761 6.398425123e-07)
(-4.410676757e-08 -0.7999122279 -4.345298802e-07)
(0.2499949249 -0.7998958758 -1.027364693e-06)
(0.4999957995 -0.799929071 -2.391807676e-06)
(0.7499993415 -0.7999768754 -1.300378473e-06)
(1.000003028 -0.7999953099 5.162291739e-07)
(1.25000299 -0.7999997289 9.364527894e-07)
(1.500001596 -0.8000002406 6.19137888e-07)
(1.750000614 -0.8000001306 2.748044406e-07)
(2.000000188 -0.8000000422 9.455519662e-08)
(2.250000048 -0.8000000104 2.687108626e-08)
(2.50000001 -0.8000000021 6.507177403e-09)
(2.750000002 -0.8000000004 1.364942158e-09)
(3 -0.8000000001 2.500209054e-10)
(3.25 -0.8 4.011769593e-11)
(3.5 -0.8 5.650252592e-12)
(3.75 -0.8 6.956684405e-13)
(4 -0.8 7.481086552e-14)
(4.25 -0.8 7.001387842e-15)
(4.5 -0.8 5.674710888e-16)
(4.75 -0.8 3.960755185e-17)
(5 -0.8 3.001775985e-18)
(-3 -0.6000000001 1.409961545e-09)
(-2.750000007 -0.6000000008 5.888222901e-09)
(-2.500000036 -0.600000005 2.862574028e-08)
(-2.250000166 -0.6000000261 1.228566565e-07)
(-2.000000667 -0.6000001145 4.545940237e-07)
(-1.750002262 -0.6000004092 1.406425316e-06)
(-1.5000062 -0.600001093 3.419620201e-06)
(-1.250012455 -0.6000014223 5.628994986e-06)
(-1.000013972 -0.5999944274 4.546112467e-06)
(-0.749998337 -0.5999477425 6.588458968e-06)
(-0.4999852202 -0.5997662622 1.010016664e-05)
(-0.2499801116 -0.599637625 1.850671555e-06)
(-1.694971785e-07 -0.5997473641 -1.681928841e-06)
(0.2499800028 -0.5996376241 -2.92685739e-06)
(0.4999852065 -0.5997662613 -1.019267539e-05)
(0.7499983358 -0.5999477422 -5.40156476e-06)
(1.000013971 -0.5999944274 2.922598431e-06)
(1.250012455 -0.6000014223 4.339986093e-06)
(1.5000062 -0.600001093 2.70051057e-06)
(1.750002262 -0.6000004092 1.131089742e-06)
(2.000000667 -0.6000001145 3.723403662e-07)
(2.250000166 -0.6000000261 1.025305464e-07)
(2.500000036 -0.600000005 2.434094732e-08)
(2.750000007 -0.6000000008 5.059704299e-09)
(3.000000001 -0.6000000001 9.276989697e-10)
(3.25 -0.6 1.503426108e-10)
(3.5 -0.6 2.15936734e-11)
(3.75 -0.6 2.734697874e-12)
(4 -0.6 3.053097841e-13)
(4.25 -0.6 2.994765468e-14)
(4.5 -0.6 2.570059232e-15)
(4.75 -0.6 1.921061235e-16)
(5 -0.6 1.561886582e-17)
(-3 -0.4000000002 3.987965315e-09)
(-2.750000018 -0.4000000013 1.722347288e-08)
(-2.500000099 -0.4000000087 8.574438644e-08)
(-2.250000472 -0.4000000489 3.822296758e-07)
(-2.00000197 -0.4000002401 1.496180114e-06)
(-1.750007088 -0.4000010211 5.012605234e-06)
(-1.500021143 -0.4000036922 1.356191611e-05)
(-1.250047234 -0.4000106738 2.456052438e-05)
(-1.000059129 -0.4000187402 1.479470321e-05)
(-0.7499906282 -0.3998609857 3.304685899e-05)
(-0.4999485516 -0.398995761 9.103342422e-05)
(-0.2498898637 -0.398043413 5.908707068e-06)
(-1.453735575e-06 -0.3991244819 -1.446004063e-05)
(0.2498895729 -0.3980434106 -8.784175351e-06)
(0.4999485332 -0.3989957585 -9.1140632e-05)
(0.7499906273 -0.3998609853 -3.015773345e-05)
(1.000059129 -0.4000187401 1.498810107e-05)
(1.250047234 -0.4000106738 1.852984391e-05)
(1.500021143 -0.4000036922 1.055047056e-05)
(1.750007088 -0.4000010211 4.010721443e-06)
(2.00000197 -0.4000002401 1.22633244e-06)
(2.250000472 -0.4000000489 3.201861263e-07)
(2.500000099 -0.4000000087 7.328573327e-08)
(2.750000019 -0.4000000013 1.489478314e-08)
(3.000000003 -0.4000000002 2.701708609e-09)
(3.25 -0.4 4.374807486e-10)
(3.5 -0.4 6.327115976e-11)
(3.75 -0.4 8.157090457e-12)
(4 -0.4 9.350062355e-13)
(4.25 -0.4 9.49846061e-14)
(4.5 -0.4 8.519244772e-15)
(4.75 -0.4 6.721734455e-16)
(5 -0.4 5.771539681e-17)
(-3 -0.2000000001 8.235299031e-09)
(-2.750000037 -0.2000000009 3.691153807e-08)
(-2.500000207 -0.2000000069 1.895523671e-07)
(-2.25000102 -0.2000000464 8.878866822e-07)
(-2.000004509 -0.200000276 3.747995353e-06)
(-1.750017733 -0.2000014841 1.410127915e-05)
(-1.50006102 -0.2000073541 4.613898488e-05)
(-1.250272638 -0.2000466069 0.0001815237762)
(-1.000306284 -0.2000386904 9.365263529e-05)
(-0.7498202002 -0.1992652889 9.231593556e-05)
(-0.5010630294 -0.2058820405 0.001938390892)
(-0.249866058 -0.1934209022 8.882711157e-18)
(-3.672987873e-05 -0.1999028091 -0.0003663767848)
(0.249866058 -0.1934209022 8.882711157e-18)
(0.5010630293 -0.2058820399 -0.001938392105)
(0.7498202002 -0.1992652889 -9.116833644e-05)
(1.000306284 -0.2000386904 8.321205447e-05)
(1.250272638 -0.2000466069 0.0001335335258)
(1.50006102 -0.2000073541 3.645770582e-05)
(1.750017733 -0.2000014841 1.158055487e-05)
(2.000004509 -0.200000276 3.155503698e-06)
(2.25000102 -0.2000000464 7.623731832e-07)
(2.500000207 -0.2000000069 1.655834779e-07)
(2.750000038 -0.2000000009 3.255098517e-08)
(3.000000006 -0.2000000001 5.774006239e-09)
(3.250000001 -0.2 9.253817785e-10)
(3.5 -0.2 1.336887073e-10)
(3.75 -0.2 1.736016576e-11)
(4 -0.2 2.01989037e-12)
(4.25 -0.2 2.098713641e-13)
(4.5 -0.2 1.940226093e-14)
(4.75 -0.2 1.59107583e-15)
(5 -0.2 1.419952534e-16)
(-3 3.781277956e-10 1.111289257e-08)
(-2.75000005 1.723156943e-09 5.116391453e-08)
(-2.500000286 9.030353026e-09 2.707004601e-07)
(-2.250001452 4.384694075e-08 1.325219633e-06)
(-2.000006773 1.976059326e-07 6.009034147e-06)
(-1.750029002 8.300107163e-07 2.531970908e-05)
(-1.500115175 3.293302073e-06 0.0001004112853)
(-1.250874098 2.72509614e-05 0.0008157384231)
(-0.9725163838 0.0004006542163 0.01084775517)
(0.9725163838 0.0004006542163 0.01084775517)
(1.250874098 2.725096125e-05 0.0007378226503)
(1.500115175 3.293302058e-06 8.91665005e-05)
(1.750029002 8.300107215e-07 2.24726276e-05)
(2.000006773 1.97605921e-07 5.350201076e-06)
(2.250001452 4.384679264e-08 1.187156519e-06)
(2.500000286 9.02899661e-09 2.444610331e-07)
(2.750000051 1.712117658e-09 4.635576588e-08)
(3.000000008 2.972145553e-10 8.047115404e-09)
(3.250000001 4.701588852e-11 1.272960138e-09)
(3.5 6.748420722e-12 1.827142027e-10)
(3.75 8.75398405e-13 2.370150415e-11)
(4 1.022399364e-13 2.768157064e-12)
(4.25 1.071228362e-14 2.90036209e-13)
(4.5 1.003332792e-15 2.716534119e-14)
(4.75 8.378077819e-17 2.268373408e-15)
(5 7.614890377e-18 2.061739603e-16)
(-3 0.2000000007 8.292530771e-09)
(-2.750000037 0.2000000033 3.724193381e-08)
(-2.500000207 0.2000000195 1.916596771e-07)
(-2.25000102 0.2000001048 8.999523082e-07)
(-2.000004509 0.2000005202 3.809885752e-06)
(-1.750017733 0.2000023934 1.438643774e-05)
(-1.50006102 0.2000102934 4.732524098e-05)
(-1.250272638 0.2000578727 0.0001917840114)
(-1.000306284 0.2000450948 0.0001930024239)
(-0.7498202002 0.1992653308 -9.019666479e-05)
(-0.5010630293 0.2058820396 -0.001938390524)
(-0.249866058 0.1934209022 0)
(-3.672987873e-05 0.1999028091 0.0003663767848)
(0.249866058 0.1934209022 0)
(0.5010630292 0.2058820396 0.001938391097)
(0.7498202002 0.1992653308 9.23012363e-05)
(1.000306284 0.2000450948 9.018829572e-05)
(1.250272638 0.2000578727 0.0001714888097)
(1.50006102 0.2000102934 4.312317725e-05)
(1.750017733 0.2000023934 1.303983089e-05)
(2.000004509 0.2000005202 3.454554264e-06)
(2.25000102 0.2000001048 8.192974561e-07)
(2.500000207 0.2000000195 1.75572847e-07)
(2.750000038 0.2000000033 3.415714502e-08)
(3.000000006 0.2000000005 6.008423617e-09)
(3.250000001 0.2000000001 9.564162812e-10)
(3.5 0.2 1.374036535e-10)
(3.75 0.2 1.776101254e-11)
(4 0.2 2.058749953e-12)
(4.25 0.2 2.132436088e-13)
(4.5 0.2 1.966310867e-14)
(4.75 0.2 1.608980679e-15)
(5 0.2 1.433077404e-16)
(-3 0.4000000005 4.068661637e-09)
(-2.750000018 0.4000000025 1.768543533e-08)
(-2.500000099 0.4000000143 8.867488846e-08)
(-2.250000472 0.4000000739 3.988378548e-07)
(-2.00000197 0.4000003372 1.580059398e-06)
(-1.750007088 0.4000013434 5.391203575e-06)
(-1.500021143 0.4000045559 1.510019326e-05)
(-1.250047234 0.4000122265 3.029583848e-05)
(-1.000059129 0.4000198195 2.976286856e-05)
(-0.7499906281 0.3998610902 -2.808570546e-05)
(-0.4999485506 0.3989957524 -9.088946247e-05)
(-0.2498898656 0.3980434158 -5.91359989e-06)
(-1.453704409e-06 0.3991244823 1.445883726e-05)
(0.2498895749 0.3980434159 8.78480213e-06)
(0.4999485325 0.3989957524 9.120079441e-05)
(0.7499906273 0.3998610902 3.301170917e-05)
(1.000059129 0.4000198195 1.423813707e-05)
(1.250047234 0.4000122265 2.350870105e-05)
(1.500021143 0.4000045559 1.283529748e-05)
(1.750007088 0.4000013434 4.713792295e-06)
(2.00000197 0.4000003372 1.403534101e-06)
(2.250000472 0.4000000739 3.587325404e-07)
(2.500000099 0.4000000143 8.066823033e-08)
(2.750000019 0.4000000025 1.615079827e-08)
(3.000000003 0.4000000004 2.892399706e-09)
(3.25 0.4000000001 4.632933076e-10)
(3.5 0.4 6.639196499e-11)
(3.75 0.4 8.493645755e-12)
(4 0.4 9.673061324e-13)
(4.25 0.4 9.773402083e-14)
(4.5 0.4 8.725891388e-15)
(4.75 0.4 6.858166603e-16)
(5 0.4 5.867498971e-17)
(-3 0.6000000002 1.471219941e-09)
(-2.750000007 0.6000000012 6.230473258e-09)
(-2.500000036 0.6000000069 3.074004578e-08)
(-2.250000166 0.6000000342 1.343456045e-07)
(-2.000000667 0.6000001442 5.088912343e-07)
(-1.750002262 0.6000005003 1.626578071e-06)
(-1.5000062 0.6000013132 4.163542768e-06)
(-1.250012455 0.6000017823 7.546888284e-06)
(-1.000013972 0.5999946983 6.694514242e-06)
(-0.7499983369 0.5999477854 -4.630303433e-06)
(-0.49998522 0.5997662607 -1.001258497e-05)
(-0.2499801117 0.599637623 -1.847411548e-06)
(-1.694769113e-07 0.5997473632 1.681594558e-06)
(0.2499800031 0.5996376231 2.926267618e-06)
(0.4999852064 0.5997662608 1.02317904e-05)
(0.7499983358 0.5999477854 6.579754928e-06)
(1.000013971 0.5999946983 4.413461837e-06)
(1.250012455 0.6000017823 5.408808451e-06)
(1.5000062 0.6000013132 3.261806319e-06)
(1.750002262 0.6000005003 1.336014229e-06)
(2.000000667 0.6000001442 4.311812959e-07)
(2.250000166 0.6000000342 1.165917424e-07)
(2.500000036 0.6000000069 2.721768711e-08)
(2.750000007 0.6000000012 5.571372341e-09)
(3.000000001 0.6000000002 1.007508492e-09)
(3.25 0.6 1.613019777e-10)
(3.5 0.6 2.292357144e-11)
(3.75 0.6 2.876699433e-12)
(4 0.6 3.186585024e-13)
(4.25 0.6 3.104841288e-14)
(4.5 0.6 2.649274561e-15)
(4.75 0.6 1.970492147e-16)
(5 0.6 1.594635121e-17)
(-3 0.8000000001 4.177321844e-10)
(-2.750000002 0.8000000005 1.740919545e-09)
(-2.50000001 0.8000000026 8.560692301e-09)
(-2.250000048 0.8000000125 3.692000455e-08)
(-2.000000188 0.8000000497 1.363958813e-07)
(-1.750000614 0.8000001523 4.195068382e-07)
(-1.500001596 0.8000002898 1.017350964e-06)
(-1.25000299 0.7999998051 1.733546918e-06)
(-1.000003028 0.7999953694 1.416001702e-06)
(-0.7499993434 0.7999768911 -9.876055801e-07)
(-0.4999958094 0.7999290727 -2.240392966e-06)
(-0.2499949651 0.7998958756 -6.230968895e-07)
(-4.4095463e-08 0.7999122274 4.375467648e-07)
(0.249994925 0.7998958756 1.035156376e-06)
(0.4999957995 0.7999290727 2.454027784e-06)
(0.7499993415 0.7999768911 1.729539444e-06)
(1.000003028 0.7999953694 1.09682603e-06)
(1.25000299 0.7999998051 1.126656878e-06)
(1.500001596 0.8000002898 7.124535552e-07)
(1.750000614 0.8000001523 3.130944276e-07)
(2.000000188 0.8000000497 1.068467479e-07)
(2.250000048 0.8000000125 3.007223752e-08)
(2.50000001 0.8000000026 7.204080117e-09)
(2.750000002 0.8000000005 1.494229327e-09)
(3 0.8000000001 2.707002573e-10)
(3.25 0.8 4.298770709e-11)
(3.5 0.8 5.99734346e-12)
(3.75 0.8 7.321471213e-13)
(4 0.8 7.814130843e-14)
(4.25 0.8 7.264443494e-15)
(4.5 0.8 5.853330044e-16)
(4.75 0.8 4.064135891e-17)
(5 0.8 3.064974521e-18)
(-3 1 9.679013607e-11)
(-2.75 1 4.014214764e-10)
(-2.500000003 1.000000001 1.992865801e-09)
(-2.250000012 1.000000004 8.603382558e-09)
(-2.000000046 1.000000015 3.151646635e-08)
(-1.750000146 1.000000042 9.51392324e-08)
(-1.500000369 1.000000056 2.244534037e-07)
(-1.25000066 0.9999997959 3.688523413e-07)
(-1.000000622 0.999998192 2.895414362e-07)
(-0.7499998017 0.9999926911 -1.929946707e-07)
(-0.4999989671 0.9999811901 -4.630801173e-07)
(-0.2499988425 0.9999731498 -1.587354202e-07)
(-1.103129786e-08 0.9999750934 1.100018073e-07)
(0.2499988303 0.9999731498 2.874701952e-07)
(0.4999989631 0.9999811901 5.462711866e-07)
(0.7499998007 0.9999926911 3.947588498e-07)
(1.000000621 0.999998192 2.299288434e-07)
(1.25000066 0.9999997959 2.052111136e-07)
(1.500000369 1.000000056 1.332045872e-07)
(1.750000146 1.000000042 6.143675374e-08)
(2.000000046 1.000000015 2.187975328e-08)
(2.250000012 1.000000004 6.343259557e-09)
(2.500000003 1.000000001 1.545924936e-09)
(2.75 1 3.223962671e-10)
(3 1 5.807606272e-11)
(3.25 1 9.074834047e-12)
(3.5 1 1.232019265e-12)
(3.75 1 1.450509178e-13)
(4 1 1.477352336e-14)
(4.25 1 1.296435236e-15)
(4.5 1 9.744434066e-17)
(4.75 1 6.226698388e-18)
(5 1 4.30505905e-19)
(-3 1.2 1.874833319e-11)
(-2.75 1.2 7.830829838e-11)
(-2.500000001 1.2 3.975536673e-10)
(-2.250000002 1.200000001 1.741661123e-09)
(-2.00000001 1.200000004 6.411178283e-09)
(-1.750000031 1.200000011 1.931974017e-08)
(-1.500000077 1.200000011 4.513453272e-08)
(-1.250000135 1.199999929 7.300192873e-08)
(-1.000000121 1.199999488 5.690785381e-08)
(-0.7499999525 1.199998128 -3.410903934e-08)
(-0.4999997755 1.199995612 -8.820371059e-08)
(-0.2499997586 1.199993824 -3.362665837e-08)
(-2.607985487e-09 1.199993968 2.616323031e-08)
(0.2499997553 1.199993824 6.825761533e-08)
(0.4999997743 1.199995612 1.120240662e-07)
(0.7499999522 1.199998128 7.949104152e-08)
(1.000000121 1.199999488 4.076003776e-08)
(1.250000135 1.199999929 3.155118026e-08)
(1.500000077 1.200000011 2.086049644e-08)
(1.750000031 1.200000011 1.005708175e-08)
(2.00000001 1.200000004 3.717162841e-09)
(2.250000002 1.200000001 1.107288175e-09)
(2.500000001 1.2 2.731031755e-10)
(2.75 1.2 5.69477432e-11)
(3 1.2 1.013772024e-11)
(3.25 1.2 1.547841674e-12)
(3.5 1.2 2.030050044e-13)
(3.75 1.2 2.284114027e-14)
(4 1.2 2.200799402e-15)
(4.25 1.2 1.801377411e-16)
(4.5 1.2 1.245862095e-17)
(4.75 1.2 7.207707441e-19)
(5 1.2 4.478724903e-20)
(-3 1.4 3.081936388e-12)
(-2.75 1.4 1.312596799e-11)
(-2.5 1.4 6.898900512e-11)
(-2.25 1.4 3.09884668e-10)
(-2.000000002 1.400000001 1.163103684e-09)
(-1.750000006 1.400000002 3.544811255e-09)
(-1.500000015 1.400000002 8.315588221e-09)
(-1.250000025 1.399999983 1.344368886e-08)
(-1.000000022 1.399999884 1.06760343e-08)
(-0.7499999908 1.399999595 -5.346195413e-09)
(-0.4999999568 1.399999097 -1.539741707e-08)
(-0.2499999545 1.399998737 -6.114133476e-09)
(-5.729158865e-10 1.399998729 5.774438378e-09)
(0.2499999537 1.399998737 1.43065527e-08)
(0.4999999564 1.399999097 2.104597743e-08)
(0.7499999907 1.399999595 1.420526812e-08)
(1.000000022 1.399999884 6.017628216e-09)
(1.250000025 1.399999983 3.832435467e-09)
(1.500000015 1.400000002 2.602221771e-09)
(1.750000006 1.400000002 1.334448863e-09)
(2.000000002 1.400000001 5.175554349e-10)
(2.25 1.4 1.588385181e-10)
(2.5 1.4 3.9803098e-11)
(2.75 1.4 8.283493383e-12)
(3 1.4 1.451507169e-12)
(3.25 1.4 2.153233966e-13)
(3.5 1.4 2.709138544e-14)
(3.75 1.4 2.88767683e-15)
(4 1.4 2.599725127e-16)
(4.25 1.4 1.966055807e-17)
(4.5 1.4 1.23168353e-18)
(4.75 1.4 6.324262491e-20)
(5 1.4 3.441498573e-21)
(-3 1.6 4.335274626e-13)
(-2.75 1.6 1.908936982e-12)
(-2.5 1.6 1.048403818e-11)
(-2.25 1.6 4.892805436e-11)
(-2 1.6 1.892961658e-10)
(-1.750000001 1.600000001 5.899448408e-10)
(-1.500000003 1.600000001 1.405371839e-09)
(-1.250000004 1.599999997 2.299175493e-09)
(-1.000000004 1.599999978 1.890523984e-09)
(-0.7499999985 1.599999924 -7.33088326e-10)
(-0.4999999926 1.599999836 -2.45298817e-09)
(-0.2499999923 1.59999977 -9.633079017e-10)
(-1.155232877e-10 1.599999765 1.167460274e-09)
(0.2499999921 1.59999977 2.684587317e-09)
(0.4999999925 1.599999836 3.613451199e-09)
(0.7499999985 1.599999924 2.277752259e-09)
(1.000000004 1.599999978 7.09938829e-10)
(1.250000004 1.599999997 2.965372063e-10)
(1.500000003 1.600000001 2.204557668e-10)
(1.750000001 1.600000001 1.316838447e-10)
(2 1.6 5.641853921e-11)
(2.25 1.6 1.832940511e-11)
(2.5 1.6 4.71732474e-12)
(2.75 1.6 9.881823031e-13)
(3 1.6 1.701929393e-13)
(3.25 1.6 2.445410292e-14)
(3.5 1.6 2.952553345e-15)
(3.75 1.6 2.937582195e-16)
(4 1.6 2.444526557e-17)
(4.25 1.6 1.6795269e-18)
(4.5 1.6 9.363423699e-20)
(4.75 1.6 4.160580322e-21)
(5 1.6 1.91182226e-22)
(-3 1.8 5.267076242e-14)
(-2.75 1.8 2.418493495e-13)
(-2.5 1.8 1.407980607e-12)
(-2.25 1.8 6.899245716e-12)
(-2 1.8 2.778537111e-11)
(-1.75 1.8 8.93803185e-11)
(-1.5 1.8 2.181342605e-10)
(-1.250000001 1.8 3.638444595e-10)
(-1.000000001 1.799999996 3.131041948e-10)
(-0.7499999998 1.799999988 -8.531166007e-11)
(-0.4999999989 1.799999974 -3.565742155e-10)
(-0.2499999988 1.799999963 -1.314282531e-10)
(-2.131594359e-11 1.799999962 2.156027617e-10)
(0.2499999988 1.799999963 4.558979092e-10)
(0.4999999989 1.799999974 5.682388894e-10)
(0.7499999998 1.799999988 3.290127965e-10)
(1.000000001 1.799999996 5.790364165e-11)
(1.250000001 1.8 -8.308204719e-12)
(1.5 1.8 1.033830712e-12)
(1.75 1.8 6.30843846e-12)
(2 1.8 4.101360036e-12)
(2.25 1.8 1.580851724e-12)
(2.5 1.8 4.391747341e-13)
(2.75 1.8 9.441588727e-14)
(3 1.8 1.621114411e-14)
(3.25 1.8 2.253583353e-15)
(3.5 1.8 2.568042441e-16)
(3.75 1.8 2.395109367e-17)
(4 1.8 1.819644427e-18)
(4.25 1.8 1.115657703e-19)
(4.5 1.8 5.396871048e-21)
(4.75 1.8 1.999625853e-22)
(5 1.8 7.316267217e-24)
(-3 2 7.759274226e-15)
(-2.75 2 3.683352346e-14)
(-2.5 2 2.260084399e-13)
(-2.25 2 1.154870657e-12)
(-2 2 4.803129181e-12)
(-1.75 2 1.58127552e-11)
(-1.5 2 3.921251564e-11)
(-1.25 2 6.639105954e-11)
(-1 2 5.9154012e-11)
(-0.75 2 -9.259049866e-12)
(-0.4999999998 2 -5.708760483e-11)
(-0.2499999998 2 -1.837201426e-11)
(-4.469984388e-12 2 4.524480335e-11)
(0.2499999998 2 8.78069903e-11)
(0.4999999998 2 1.013652902e-10)
(0.75 2 5.365066155e-11)
(1 2 1.392344346e-12)
(1.25 2 -1.06369244e-11)
(1.5 2 -5.503361839e-12)
(1.75 2 -1.310998128e-12)
(2 2 -5.981761547e-14)
(2.25 2 7.482207644e-14)
(2.5 2 3.297711326e-14)
(2.75 2 8.356215052e-15)
(3 2 1.527660565e-15)
(3.25 2 2.145752202e-16)
(3.5 2 2.381923446e-17)
(3.75 2 2.102003702e-18)
(4 2 1.468884898e-19)
(4.25 2 8.016040193e-21)
(4.5 2 3.321935053e-22)
(4.75 2 9.871103257e-24)
(5 2 2.655587899e-25)
(-3 -2 0.125)
(-2.75 -2 0.125)
(-2.5 -2 0.125)
(-2.25 -2 0.125)
(-2 -2 0.125)
(-1.75 -2 0.125)
(-1.5 -2 0.125)
(-1.25 -2 0.1249999999)
(-1 -2 0.1249999998)
(-0.75 -2 0.1249999996)
(-0.4999999998 -2 0.1249999992)
(-0.2499999998 -2 0.1249999989)
(-3.395005792e-12 -2 0.1249999988)
(0.2499999998 -2 0.1249999988)
(0.4999999998 -2 0.1249999991)
(0.75 -2 0.1249999995)
(1 -2 0.1249999998)
(1.25 -2 0.125)
(1.5 -2 0.125)
(1.75 -2 0.125)
(2 -2 0.125)
(2.25 -2 0.125)
(2.5 -2 0.125)
(2.75 -2 0.125)
(3 -2 0.125)
(3.25 -2 0.125)
(3.5 -2 0.125)
(3.75 -2 0.125)
(4 -2 0.125)
(4.25 -2 0.125)
(4.5 -2 0.125)
(4.75 -2 0.125)
(5 -2 0.125)
(-3 -1.8 0.125)
(-2.75 -1.8 0.125)
(-2.5 -1.8 0.125)
(-2.25 -1.8 0.125)
(-2 -1.8 0.125)
(-1.75 -1.8 0.125)
(-1.5 -1.8 0.1249999999)
(-1.250000001 -1.8 0.1249999997)
(-1 -1.799999997 0.1249999989)
(-0.7499999998 -1.79999999 0.1249999974)
(-0.4999999991 -1.79999998 0.1249999951)
(-0.2499999991 -1.799999972 0.1249999932)
(-1.593702615e-11 -1.799999971 0.1249999926)
(0.249999999 -1.799999972 0.1249999927)
(0.4999999991 -1.79999998 0.1249999944)
(0.7499999998 -1.79999999 0.124999997)
(1 -1.799999997 0.124999999)
(1.250000001 -1.8 0.1249999998)
(1.5 -1.8 0.125)
(1.75 -1.8 0.125)
(2 -1.8 0.125)
(2.25 -1.8 0.125)
(2.5 -1.8 0.125)
(2.75 -1.8 0.125)
(3 -1.8 0.125)
(3.25 -1.8 0.125)
(3.5 -1.8 0.125)
(3.75 -1.8 0.125)
(4 -1.8 0.125)
(4.25 -1.8 0.125)
(4.5 -1.8 0.125)
(4.75 -1.8 0.125)
(5 -1.8 0.125)
(-3 -1.6 0.125)
(-2.75 -1.6 0.125)
(-2.5 -1.6 0.125)
(-2.25 -1.6 0.125)
(-2 -1.6 0.125)
(-1.750000001 -1.6 0.125)
(-1.500000002 -1.6 0.1249999997)
(-1.250000003 -1.599999997 0.124999998)
(-1.000000003 -1.599999982 0.1249999928)
(-0.7499999984 -1.59999994 0.124999982)
(-0.499999994 -1.599999872 0.1249999657)
(-0.2499999939 -1.599999822 0.1249999529)
(-8.50322744e-11 -1.599999817 0.1249999502)
(0.2499999938 -1.599999822 0.1249999504)
(0.4999999939 -1.599999872 0.1249999614)
(0.7499999984 -1.59999994 0.1249999795)
(1.000000003 -1.599999982 0.1249999928)
(1.250000003 -1.599999997 0.1249999986)
(1.500000002 -1.6 0.1250000001)
(1.750000001 -1.6 0.1250000002)
(2 -1.6 0.1250000001)
(2.25 -1.6 0.125)
(2.5 -1.6 0.125)
(2.75 -1.6 0.125)
(3 -1.6 0.125)
(3.25 -1.6 0.125)
(3.5 -1.6 0.125)
(3.75 -1.6 0.125)
(4 -1.6 0.125)
(4.25 -1.6 0.125)
(4.5 -1.6 0.125)
(4.75 -1.6 0.125)
(5 -1.6 0.125)
(-3 -1.4 0.125)
(-2.75 -1.4 0.125)
(-2.5 -1.4 0.125)
(-2.25 -1.4 0.1250000001)
(-2.000000001 -1.400000001 0.1250000003)
(-1.750000004 -1.400000002 0.1250000005)
(-1.500000011 -1.400000001 0.1249999989)
(-1.250000018 -1.399999983 0.1249999892)
(-1.000000015 -1.399999903 0.124999957)
(-0.7499999901 -1.399999678 0.1249998889)
(-0.4999999648 -1.399999298 0.1249997871)
(-0.2499999644 -1.399999025 0.1249997107)
(-4.101294079e-10 -1.399999013 0.1249996992)
(0.2499999639 -1.399999025 0.1249996966)
(0.4999999646 -1.399999298 0.1249997619)
(0.7499999901 -1.399999678 0.1249998733)
(1.000000015 -1.399999903 0.1249999555)
(1.250000018 -1.399999983 0.1249999915)
(1.500000011 -1.400000001 0.1250000005)
(1.750000004 -1.400000002 0.125000001)
(2.000000001 -1.400000001 0.1250000005)
(2.25 -1.4 0.1250000001)
(2.5 -1.4 0.125)
(2.75 -1.4 0.125)
(3 -1.4 0.125)
(3.25 -1.4 0.125)
(3.5 -1.4 0.125)
(3.75 -1.4 0.125)
(4 -1.4 0.125)
(4.25 -1.4 0.125)
(4.5 -1.4 0.125)
(4.75 -1.4 0.125)
(5 -1.4 0.125)
(-3 -1.2 0.125)
(-2.75 -1.2 0.125)
(-2.5 -1.2 0.1250000002)
(-2.250000002 -1.200000001 0.1250000008)
(-2.000000007 -1.200000003 0.1250000025)
(-1.750000022 -1.200000006 0.1250000051)
(-1.500000055 -1.200000001 0.1250000007)
(-1.250000093 -1.199999924 0.1249999534)
(-1.000000075 -1.199999558 0.1249997775)
(-0.7499999471 -1.199998505 0.1249993944)
(-0.4999998181 -1.199996623 0.1249988212)
(-0.2499998147 -1.199995301 0.1249984126)
(-1.780041275e-09 -1.19999536 0.1249983921)
(0.2499998124 -1.199995301 0.1249983445)
(0.4999998172 -1.199996622 0.12499869)
(0.7499999469 -1.199998505 0.1249993093)
(1.000000075 -1.199999558 0.1249997625)
(1.250000093 -1.199999924 0.1249999575)
(1.500000055 -1.200000001 0.125000004)
(1.750000022 -1.200000006 0.1250000062)
(2.000000007 -1.200000002 0.1250000027)
(2.250000002 -1.200000001 0.1250000008)
(2.5 -1.2 0.1250000002)
(2.75 -1.2 0.125)
(3 -1.2 0.125)
(3.25 -1.2 0.125)
(3.5 -1.2 0.125)
(3.75 -1.2 0.125)
(4 -1.2 0.125)
(4.25 -1.2 0.125)
(4.5 -1.2 0.125)
(4.75 -1.2 0.125)
(5 -1.2 0.125)
(-3 -1 0.1250000001)
(-2.75 -1 0.1250000003)
(-2.500000002 -1.000000001 0.1250000012)
(-2.250000008 -1.000000002 0.1250000048)
(-2.000000033 -1.000000009 0.1250000159)
(-1.750000104 -1.000000022 0.125000038)
(-1.500000258 -1.000000006 0.1250000415)
(-1.250000442 -0.9999997299 0.1249998542)
(-1.000000367 -0.9999983533 0.1249990143)
(-0.74999976 -0.9999941352 0.124997108)
(-0.4999991712 -0.9999858141 0.1249941738)
(-0.2499991387 -0.9999801318 0.1249922066)
(-6.944057438e-09 -0.9999811682 0.1249924162)
(0.2499991305 -0.9999801286 0.1249919235)
(0.4999991684 -0.9999858115 0.1249935632)
(0.7499997592 -0.9999941333 0.1249967002)
(1.000000367 -0.9999983505 0.1249989233)
(1.250000442 -0.9999997281 0.1249998425)
(1.500000258 -1.000000005 0.1250000377)
(1.750000104 -1.000000021 0.1250000355)
(2.000000033 -1.000000009 0.1250000147)
(2.250000008 -1.000000002 0.1250000045)
(2.500000002 -1 0.1250000011)
(2.75 -1 0.1250000002)
(3 -1 0.125)
(3.25 -1 0.125)
(3.5 -1 0.125)
(3.75 -1 0.125)
(4 -1 0.125)
(4.25 -1 0.125)
(4.5 -1 0.125)
(4.75 -1 0.125)
(5 -1 0.125)
(-3 -0.8 0.1250000003)
(-2.750000001 -0.8000000003 0.1250000012)
(-2.500000008 -0.8000000015 0.1250000057)
(-2.250000035 -0.8000000071 0.1250000237)
(-2.000000134 -0.8000000272 0.125000082)
(-1.750000431 -0.8000000728 0.1250002205)
(-1.500001085 -0.80000006 0.1250003698)
(-1.250001921 -0.7999993271 0.1249998397)
(-1.000001675 -0.7999951346 0.1249963538)
(-0.7499990648 -0.7999811585 0.1249879535)
(-0.4999966923 -0.7999483941 0.1249742282)
(-0.2499964457 -0.7999267512 0.1249656318)
(-2.416952334e-08 -0.799935429 0.1249686712)
(0.2499964208 -0.7999267353 0.124964653)
(0.4999966855 -0.7999483831 0.1249717199)
(0.7499990634 -0.7999811502 0.124986264)
(1.000001675 -0.7999951188 0.1249959517)
(1.250001921 -0.7999993169 0.1249996908)
(1.500001085 -0.8000000558 0.1250002902)
(1.750000431 -0.8000000715 0.1250001857)
(2.000000134 -0.8000000269 0.1250000702)
(2.250000035 -0.8000000071 0.1250000205)
(2.500000008 -0.8000000015 0.125000005)
(2.750000001 -0.8000000003 0.125000001)
(3 -0.8 0.1250000002)
(3.25 -0.8 0.125)
(3.5 -0.8 0.125)
(3.75 -0.8 0.125)
(4 -0.8 0.125)
(4.25 -0.8 0.125)
(4.5 -0.8 0.125)
(4.75 -0.8 0.125)
(5 -0.8 0.125)
(-3 -0.6000000001 0.1250000011)
(-2.750000005 -0.6000000006 0.1250000045)
(-2.500000026 -0.6000000035 0.125000022)
(-2.250000119 -0.6000000175 0.1250000943)
(-2.00000047 -0.6000000721 0.1250003448)
(-1.750001549 -0.600000226 0.1250010284)
(-1.500004057 -0.6000004079 0.1250022225)
(-1.250007553 -0.5999992902 0.1250018229)
(-1.00000705 -0.5999893982 0.1249893922)
(-0.7499967774 -0.5999541716 0.1249569845)
(-0.4999886042 -0.5998401355 0.1248980724)
(-0.2499871386 -0.5997672251 0.1248632687)
(-7.304523006e-08 -0.5998209954 0.1248885894)
(0.2499870785 -0.5997671569 0.1248607013)
(0.4999885949 -0.5998400996 0.1248892291)
(0.7499967764 -0.5999541458 0.1249510943)
(1.00000705 -0.599989316 0.1249881022)
(1.250007553 -0.5999992406 0.1250010001)
(1.500004057 -0.6000003889 0.1250017597)
(1.750001549 -0.6000002205 0.1250008445)
(2.00000047 -0.6000000708 0.1250002882)
(2.250000119 -0.6000000173 0.12500008)
(2.500000026 -0.6000000034 0.1250000189)
(2.750000005 -0.6000000006 0.1250000039)
(3.000000001 -0.6000000001 0.1250000007)
(3.25 -0.6 0.1250000001)
(3.5 -0.6 0.125)
(3.75 -0.6 0.125)
(4 -0.6 0.125)
(4.25 -0.6 0.125)
(4.5 -0.6 0.125)
(4.75 -0.6 0.125)
(5 -0.6 0.125)
(-3 -0.4000000002 0.1250000031)
(-2.750000013 -0.4000000009 0.1250000133)
(-2.500000072 -0.4000000059 0.1250000662)
(-2.250000335 -0.4000000323 0.125000295)
(-2.000001358 -0.4000001497 0.1250011495)
(-1.750004681 -0.4000005744 0.1250038072)
(-1.50001307 -0.4000017119 0.1250100889)
(-1.250026358 -0.4000030775 0.1250176609)
(-1.000025972 -0.399984106 0.124980555)
(-0.7499793679 -0.3998449401 0.124745131)
(-0.4999533998 -0.3993985477 0.1244310277)
(-0.2499450545 -0.3990695119 0.1242470799)
(-2.451609945e-07 -0.3994304912 0.1245085179)
(0.2499449318 -0.3990688513 0.1242406741)
(0.4999533879 -0.3993982964 0.124390991)
(0.7499793672 -0.3998448175 0.1247246019)
(1.000025972 -0.3999837105 0.1249779875)
(1.250026358 -0.4000028666 0.125014289)
(1.50001307 -0.4000016385 0.1250082749)
(1.750004681 -0.4000005546 0.1250031612)
(2.000001358 -0.4000001452 0.1250009672)
(2.250000335 -0.4000000315 0.1250002518)
(2.500000072 -0.4000000058 0.1250000573)
(2.750000014 -0.4000000009 0.1250000116)
(3.000000002 -0.4000000001 0.1250000021)
(3.25 -0.4 0.1250000003)
(3.5 -0.4 0.125)
(3.75 -0.4 0.125)
(4 -0.4 0.125)
(4.25 -0.4 0.125)
(4.5 -0.4 0.125)
(4.75 -0.4 0.125)
(5 -0.4 0.125)
(-3 -0.2000000001 0.1250000064)
(-2.750000027 -0.2000000006 0.1250000284)
(-2.500000148 -0.2000000046 0.1250001456)
(-2.25000071 -0.2000000304 0.1250006784)
(-2.000003013 -0.2000001704 0.1250028301)
(-1.750011114 -0.2000008341 0.1250104388)
(-1.500034553 -0.2000035798 0.1250333128)
(-1.250115637 -0.2000143415 0.1251200222)
(-1.000130517 -0.1999918752 0.1251437559)
(-0.7498700335 -0.1994711928 0.1236688441)
(-0.4999000532 -0.1990828276 0.1230176679)
(-0.2498998214 -0.1984107641 0.1225839963)
(-1.501398684e-07 -0.1993270379 0.1240235076)
(0.2498997767 -0.1984053068 0.1225824751)
(0.4999000496 -0.1990816133 0.1229745506)
(0.7498700336 -0.1994709241 0.1236498659)
(1.000130517 -0.1999883741 0.1251279394)
(1.250115637 -0.2000130644 0.1251019584)
(1.500034553 -0.2000033484 0.1250281256)
(1.750011114 -0.2000007786 0.1250089106)
(2.000003013 -0.2000001588 0.1250024431)
(2.25000071 -0.2000000282 0.1250005926)
(2.500000148 -0.2000000043 0.1250001288)
(2.750000028 -0.2000000005 0.1250000252)
(3.000000005 -0.2 0.1250000045)
(3.250000001 -0.2 0.1250000007)
(3.5 -0.2 0.1250000001)
(3.75 -0.2 0.125)
(4 -0.2 0.125)
(4.25 -0.2 0.125)
(4.5 -0.2 0.125)
(4.75 -0.2 0.125)
(5 -0.2 0.125)
(-3 2.762320846e-10 0.1250000086)
(-2.750000036 1.21735783e-09 0.1250000391)
(-2.500000202 6.152358733e-09 0.1250002057)
(-2.250000993 2.827224769e-08 0.1250009913)
(-2.000004382 1.169875619e-07 0.1250043592)
(-1.750017146 4.289196216e-07 0.1250173645)
(-1.500058571 1.356066809e-06 0.1250623231)
(-1.250259743 4.905555499e-06 0.125319589)
(-1.000420047 -1.91740024e-06 0.1259409702)
(-0.7498138078 2.040333012e-06 0.122200143)
(-0.4998949743 -4.809708097e-06 0.1230738902)
(-0.2500174824 -6.389552055e-05 0.1271413829)
(-1.2179898e-05 -4.555762977e-05 0.1290439791)
(0.2500171565 6.268660683e-05 0.1271412499)
(0.4998949744 4.779538468e-06 0.1230740413)
(0.7498138077 -1.675889264e-06 0.1221994452)
(1.000420047 1.94748963e-05 0.1259120549)
(1.250259743 8.637115348e-06 0.1252950051)
(1.500058571 1.822226721e-06 0.1250565532)
(1.750017146 5.267538064e-07 0.1250156789)
(2.000004382 1.358540181e-07 0.1250039347)
(2.250000993 3.158986401e-08 0.1250008977)
(2.500000202 6.683412051e-09 0.1250001873)
(2.750000037 1.286361116e-09 0.1250000357)
(3.000000006 2.248985433e-10 0.1250000062)
(3.250000001 3.56371015e-11 0.125000001)
(3.5 5.102752462e-12 0.1250000001)
(3.75 6.579890186e-13 0.125)
(4 7.613644076e-14 0.125)
(4.25 7.876238032e-15 0.125)
(4.5 7.256146106e-16 0.125)
(4.75 5.933746836e-17 0.125)
(5 5.282665671e-18 0.125)
(-3 0.2000000005 0.1250000064)
(-2.750000027 0.2000000023 0.1250000286)
(-2.500000148 0.2000000134 0.1250001471)
(-2.25000071 0.2000000691 0.1250006867)
(-2.000003013 0.2000003223 0.1250028708)
(-1.750011114 0.2000013486 0.1250106129)
(-1.500034553 0.2000050204 0.1250339471)
(-1.250115637 0.2000179819 0.1251237421)
(-1.000130517 0.1999925902 0.1251554925)
(-0.7498700338 0.1994711906 0.1236519123)
(-0.4999000551 0.1990816108 0.1229745827)
(-0.2498998654 0.1984050329 0.1225826455)
(-5.920075876e-07 0.1993247489 0.1240248063)
(0.2498997422 0.1984105642 0.1225843192)
(0.4999000498 0.1990828183 0.1230176829)
(0.7498700333 0.1994714591 0.1236686533)
(1.000130517 0.1999960914 0.1251403682)
(1.250115637 0.2000192591 0.125115093)
(1.500034553 0.2000052518 0.1250315056)
(1.750011114 0.2000014041 0.1250097593)
(2.000003013 0.2000003339 0.1250026329)
(2.25000071 0.2000000713 0.1250006308)
(2.500000148 0.2000000137 0.1250001357)
(2.750000028 0.2000000024 0.1250000264)
(3.000000005 0.2000000004 0.1250000046)
(3.250000001 0.2000000001 0.1250000007)
(3.5 0.2 0.1250000001)
(3.75 0.2 0.125)
(4 0.2 0.125)
(4.25 0.2 0.125)
(4.5 0.2 0.125)
(4.75 0.2 0.125)
(5 0.2 0.125)
(-3 0.4000000004 0.1250000031)
(-2.750000013 0.4000000018 0.1250000136)
(-2.500000072 0.4000000099 0.1250000683)
(-2.250000335 0.4000000494 0.1250003068)
(-2.000001358 0.4000002128 0.125001207)
(-1.750004681 0.4000007693 0.1250040534)
(-1.50001307 0.4000021814 0.1250110039)
(-1.250026358 0.4000037744 0.1250206045)
(-1.000025972 0.3999844253 0.1249850562)
(-0.7499793702 0.3998449636 0.1247259586)
(-0.4999533997 0.3993982775 0.1243911364)
(-0.2499450648 0.3990687699 0.1242417899)
(-2.848537554e-07 0.3994302288 0.124513107)
(0.2499449249 0.3990694463 0.1242482064)
(0.4999533857 0.3993985176 0.1244311049)
(0.7499793693 0.3998450849 0.1247451279)
(1.000025972 0.3999848207 0.1249801238)
(1.250026358 0.4000039854 0.1250170084)
(1.50001307 0.4000022548 0.1250096184)
(1.750004681 0.4000007892 0.125003606)
(2.000001358 0.4000002172 0.1250010853)
(2.250000335 0.4000000503 0.1250002784)
(2.500000072 0.4000000101 0.1250000625)
(2.750000014 0.4000000018 0.1250000125)
(3.000000002 0.4000000003 0.1250000022)
(3.25 0.4 0.1250000004)
(3.5 0.4 0.1250000001)
(3.75 0.4 0.125)
(4 0.4 0.125)
(4.25 0.4 0.125)
(4.5 0.4 0.125)
(4.75 0.4 0.125)
(5 0.4 0.125)
(-3 0.6000000002 0.1250000011)
(-2.750000005 0.6000000009 0.1250000048)
(-2.500000026 0.6000000048 0.1250000235)
(-2.250000119 0.6000000231 0.1250001026)
(-2.00000047 0.6000000919 0.1250003835)
(-1.750001549 0.6000002837 0.1250011802)
(-1.500004057 0.6000005364 0.125002707)
(-1.250007553 0.5999994734 0.1250029465)
(-1.00000705 0.5999895025 0.1249902419)
(-0.7499967773 0.5999541755 0.1249515584)
(-0.4999886043 0.5998400998 0.1248893495)
(-0.2499871396 0.5997671428 0.1248612771)
(-7.581931679e-08 0.5998209647 0.1248899946)
(0.2499870778 0.5997672103 0.1248638404)
(0.4999885947 0.599840133 0.1248981545)
(0.7499967763 0.5999542007 0.1249569744)
(1.00000705 0.5999895846 0.1249892908)
(1.250007553 0.5999995229 0.1250016752)
(1.500004057 0.6000005553 0.1250021152)
(1.750001549 0.6000002892 0.1250009795)
(2.00000047 0.6000000932 0.1250003283)
(2.250000119 0.6000000234 0.1250000898)
(2.500000026 0.6000000049 0.125000021)
(2.750000005 0.6000000009 0.1250000043)
(3.000000001 0.6000000001 0.1250000008)
(3.25 0.6 0.1250000001)
(3.5 0.6 0.125)
(3.75 0.6 0.125)
(4 0.6 0.125)
(4.25 0.6 0.125)
(4.5 0.6 0.125)
(4.75 0.6 0.125)
(5 0.6 0.125)
(-3 0.8000000001 0.1250000003)
(-2.750000001 0.8000000003 0.1250000013)
(-2.500000008 0.8000000018 0.1250000065)
(-2.250000035 0.8000000086 0.1250000278)
(-2.000000134 0.8000000323 0.1250001)
(-1.750000431 0.800000087 0.1250002869)
(-1.500001085 0.8000000901 0.1250005614)
(-1.250001921 0.7999993691 0.1250002134)
(-1.000001675 0.799995161 0.1249965202)
(-0.7499990648 0.7999811613 0.1249864706)
(-0.4999966924 0.7999483836 0.1249718222)
(-0.2499964459 0.7999267308 0.1249648976)
(-2.468732112e-08 0.7999354206 0.1249691368)
(0.2499964206 0.7999267463 0.1249658695)
(0.4999966854 0.7999483939 0.1249742911)
(0.7499990633 0.7999811693 0.1249879609)
(1.000001675 0.7999951768 0.1249963352)
(1.250001921 0.7999993793 0.1249998108)
(1.500001085 0.8000000942 0.1250003485)
(1.750000431 0.8000000882 0.1250002104)
(2.000000134 0.8000000326 0.1250000784)
(2.250000035 0.8000000087 0.1250000227)
(2.500000008 0.8000000018 0.1250000055)
(2.750000001 0.8000000003 0.1250000011)
(3 0.8000000001 0.1250000002)
(3.25 0.8 0.125)
(3.5 0.8 0.125)
(3.75 0.8 0.125)
(4 0.8 0.125)
(4.25 0.8 0.125)
(4.5 0.8 0.125)
(4.75 0.8 0.125)
(5 0.8 0.125)
(-3 1 0.1250000001)
(-2.75 1 0.1250000003)
(-2.500000002 1.000000001 0.1250000015)
(-2.250000008 1.000000003 0.1250000063)
(-2.000000033 1.00000001 0.1250000224)
(-1.750000104 1.000000025 0.1250000612)
(-1.500000258 1.000000012 0.1250001045)
(-1.250000442 0.9999997383 0.1249999667)
(-1.000000367 0.9999983589 0.1249990597)
(-0.74999976 0.9999941361 0.1249967656)
(-0.4999991712 0.9999858117 0.124993606)
(-0.2499991387 0.9999801274 0.1249920058)
(-7.018376224e-09 0.9999811662 0.1249925507)
(0.2499991304 0.9999801305 0.1249922856)
(0.4999991684 0.9999858141 0.1249942006)
(0.7499997592 0.9999941379 0.1249971137)
(1.000000367 0.9999983618 0.124999012)
(1.250000442 0.9999997402 0.1249998494)
(1.500000258 1.000000013 0.1250000379)
(1.750000104 1.000000025 0.1250000362)
(2.000000033 1.00000001 0.1250000152)
(2.250000008 1.000000003 0.1250000047)
(2.500000002 1.000000001 0.1250000012)
(2.75 1 0.1250000002)
(3 1 0.125)
(3.25 1 0.125)
(3.5 1 0.125)
(3.75 1 0.125)
(4 1 0.125)
(4.25 1 0.125)
(4.5 1 0.125)
(4.75 1 0.125)
(5 1 0.125)
(-3 1.2 0.125)
(-2.75 1.2 0.1250000001)
(-2.5 1.2 0.1250000003)
(-2.250000002 1.200000001 0.1250000013)
(-2.000000007 1.200000003 0.1250000044)
(-1.750000022 1.200000007 0.1250000118)
(-1.500000055 1.200000002 0.1250000184)
(-1.250000093 1.199999926 0.1249999839)
(-1.000000075 1.199999559 0.124999792)
(-0.7499999471 1.199998505 0.1249993263)
(-0.4999998181 1.199996623 0.1249987033)
(-0.2499998147 1.199995301 0.1249983679)
(-1.786701526e-09 1.19999536 0.1249984268)
(0.2499998124 1.199995301 0.1249984348)
(0.4999998172 1.199996623 0.1249988298)
(0.7499999469 1.199998505 0.1249993967)
(1.000000075 1.19999956 0.1249997775)
(1.250000093 1.199999926 0.1249999527)
(1.500000055 1.200000002 0.1250000002)
(1.750000022 1.200000007 0.1250000049)
(2.000000007 1.200000003 0.1250000024)
(2.250000002 1.200000001 0.1250000008)
(2.5 1.2 0.1250000002)
(2.75 1.2 0.125)
(3 1.2 0.125)
(3.25 1.2 0.125)
(3.5 1.2 0.125)
(3.75 1.2 0.125)
(4 1.2 0.125)
(4.25 1.2 0.125)
(4.5 1.2 0.125)
(4.75 1.2 0.125)
(5 1.2 0.125)
(-3 1.4 0.125)
(-2.75 1.4 0.125)
(-2.5 1.4 0.125)
(-2.25 1.4 0.1250000002)
(-2.000000001 1.400000001 0.1250000008)
(-1.750000004 1.400000002 0.1250000021)
(-1.500000011 1.400000001 0.1250000032)
(-1.250000018 1.399999984 0.1249999965)
(-1.000000015 1.399999903 0.1249999613)
(-0.7499999901 1.399999678 0.1249998771)
(-0.4999999648 1.399999298 0.1249997653)
(-0.2499999644 1.399999025 0.1249997023)
(-4.099207958e-10 1.399999013 0.1249997072)
(0.2499999639 1.399999025 0.1249997162)
(0.4999999646 1.399999298 0.1249997894)
(0.7499999901 1.399999678 0.1249998896)
(1.000000015 1.399999903 0.1249999571)
(1.250000018 1.399999984 0.1249999891)
(1.500000011 1.400000001 0.1249999989)
(1.750000004 1.400000002 0.1250000004)
(2.000000001 1.400000001 0.1250000003)
(2.25 1.4 0.1250000001)
(2.5 1.4 0.125)
(2.75 1.4 0.125)
(3 1.4 0.125)
(3.25 1.4 0.125)
(3.5 1.4 0.125)
(3.75 1.4 0.125)
(4 1.4 0.125)
(4.25 1.4 0.125)
(4.5 1.4 0.125)
(4.75 1.4 0.125)
(5 1.4 0.125)
(-3 1.6 0.125)
(-2.75 1.6 0.125)
(-2.5 1.6 0.125)
(-2.25 1.6 0.125)
(-2 1.6 0.1250000001)
(-1.750000001 1.6 0.1250000004)
(-1.500000002 1.6 0.1250000006)
(-1.250000003 1.599999997 0.1249999995)
(-1.000000003 1.599999982 0.1249999939)
(-0.7499999984 1.59999994 0.1249999802)
(-0.499999994 1.599999872 0.1249999621)
(-0.2499999939 1.599999822 0.1249999516)
(-8.479097979e-11 1.599999817 0.1249999518)
(0.2499999938 1.599999822 0.1249999541)
(0.4999999939 1.599999872 0.1249999663)
(0.7499999984 1.59999994 0.1249999821)
(1.000000003 1.599999982 0.1249999928)
(1.250000003 1.599999997 0.124999998)
(1.500000002 1.6 0.1249999996)
(1.750000001 1.6 0.125)
(2 1.6 0.125)
(2.25 1.6 0.125)
(2.5 1.6 0.125)
(2.75 1.6 0.125)
(3 1.6 0.125)
(3.25 1.6 0.125)
(3.5 1.6 0.125)
(3.75 1.6 0.125)
(4 1.6 0.125)
(4.25 1.6 0.125)
(4.5 1.6 0.125)
(4.75 1.6 0.125)
(5 1.6 0.125)
(-3 1.8 0.125)
(-2.75 1.8 0.125)
(-2.5 1.8 0.125)
(-2.25 1.8 0.125)
(-2 1.8 0.125)
(-1.75 1.8 0.1250000001)
(-1.5 1.8 0.1250000001)
(-1.250000001 1.8 0.125)
(-1 1.799999997 0.1249999992)
(-0.7499999998 1.79999999 0.1249999972)
(-0.4999999991 1.79999998 0.1249999945)
(-0.2499999991 1.799999972 0.124999993)
(-1.587524287e-11 1.799999971 0.124999993)
(0.249999999 1.799999972 0.1249999934)
(0.4999999991 1.79999998 0.1249999952)
(0.7499999998 1.79999999 0.1249999974)
(1 1.799999997 0.1249999989)
(1.250000001 1.8 0.1249999997)
(1.5 1.8 0.1249999999)
(1.75 1.8 0.125)
(2 1.8 0.125)
(2.25 1.8 0.125)
(2.5 1.8 0.125)
(2.75 1.8 0.125)
(3 1.8 0.125)
(3.25 1.8 0.125)
(3.5 1.8 0.125)
(3.75 1.8 0.125)
(4 1.8 0.125)
(4.25 1.8 0.125)
(4.5 1.8 0.125)
(4.75 1.8 0.125)
(5 1.8 0.125)
(-3 2 0.125)
(-2.75 2 0.125)
(-2.5 2 0.125)
(-2.25 2 0.125)
(-2 2 0.125)
(-1.75 2 0.125)
(-1.5 2 0.125)
(-1.25 2 0.125)
(-1 2 0.1249999999)
(-0.75 2 0.1249999996)
(-0.4999999998 2 0.1249999991)
(-0.2499999998 2 0.1249999989)
(-3.381242381e-12 2 0.1249999989)
(0.2499999998 2 0.124999999)
(0.4999999998 2 0.1249999992)
(0.75 2 0.1249999996)
(1 2 0.1249999998)
(1.25 2 0.1249999999)
(1.5 2 0.125)
(1.75 2 0.125)
(2 2 0.125)
(2.25 2 0.125)
(2.5 2 0.125)
(2.75 2 0.125)
(3 2 0.125)
(3.25 2 0.125)
(3.5 2 0.125)
(3.75 2 0.125)
(4 2 0.125)
(4.25 2 0.125)
(4.5 2 0.125)
(4.75 2 0.125)
(5 2 0.125)
(-3 -2 0.25)
(-2.75 -2 0.25)
(-2.5 -2 0.25)
(-2.25 -2 0.25)
(-2 -2 0.25)
(-1.75 -2 0.25)
(-1.5 -2 0.25)
(-1.25 -2 0.2499999999)
(-1 -2 0.2499999998)
(-0.75 -2 0.2499999996)
(-0.4999999999 -2 0.2499999992)
(-0.2499999999 -2 0.2499999989)
(-1.729862532e-12 -2 0.2499999988)
(0.2499999999 -2 0.2499999989)
(0.4999999999 -2 0.2499999991)
(0.75 -2 0.2499999995)
(1 -2 0.2499999998)
(1.25 -2 0.25)
(1.5 -2 0.25)
(1.75 -2 0.25)
(2 -2 0.25)
(2.25 -2 0.25)
(2.5 -2 0.25)
(2.75 -2 0.25)
(3 -2 0.25)
(3.25 -2 0.25)
(3.5 -2 0.25)
(3.75 -2 0.25)
(4 -2 0.25)
(4.25 -2 0.25)
(4.5 -2 0.25)
(4.75 -2 0.25)
(5 -2 0.25)
(-3 -1.8 0.25)
(-2.75 -1.8 0.25)
(-2.5 -1.8 0.25)
(-2.25 -1.8 0.25)
(-2 -1.8 0.25)
(-1.75 -1.8 0.25)
(-1.5 -1.8 0.2499999999)
(-1.25 -1.8 0.2499999996)
(-1 -1.799999998 0.2499999989)
(-0.7499999998 -1.799999995 0.2499999972)
(-0.4999999995 -1.799999989 0.2499999949)
(-0.2499999995 -1.799999985 0.2499999932)
(-8.028843413e-12 -1.799999985 0.2499999929)
(0.2499999995 -1.799999985 0.249999993)
(0.4999999995 -1.799999989 0.2499999946)
(0.7499999998 -1.799999995 0.2499999971)
(1 -1.799999998 0.2499999989)
(1.25 -1.8 0.2499999997)
(1.5 -1.8 0.25)
(1.75 -1.8 0.25)
(2 -1.8 0.25)
(2.25 -1.8 0.25)
(2.5 -1.8 0.25)
(2.75 -1.8 0.25)
(3 -1.8 0.25)
(3.25 -1.8 0.25)
(3.5 -1.8 0.25)
(3.75 -1.8 0.25)
(4 -1.8 0.25)
(4.25 -1.8 0.25)
(4.5 -1.8 0.25)
(4.75 -1.8 0.25)
(5 -1.8 0.25)
(-3 -1.6 0.25)
(-2.75 -1.6 0.25)
(-2.5 -1.6 0.25)
(-2.25 -1.6 0.25)
(-2 -1.6 0.25)
(-1.75 -1.6 0.2499999999)
(-1.500000001 -1.6 0.2499999995)
(-1.250000001 -1.599999998 0.2499999976)
(-1.000000001 -1.59999999 0.249999992)
(-0.7499999988 -1.599999967 0.2499999805)
(-0.4999999965 -1.599999932 0.2499999647)
(-0.2499999967 -1.599999906 0.2499999536)
(-4.262997494e-11 -1.599999903 0.2499999517)
(0.2499999966 -1.599999906 0.2499999524)
(0.4999999965 -1.599999932 0.2499999628)
(0.7499999988 -1.599999967 0.2499999795)
(1.000000001 -1.59999999 0.2499999921)
(1.250000001 -1.599999998 0.249999998)
(1.500000001 -1.6 0.2499999997)
(1.75 -1.6 0.25)
(2 -1.6 0.25)
(2.25 -1.6 0.25)
(2.5 -1.6 0.25)
(2.75 -1.6 0.25)
(3 -1.6 0.25)
(3.25 -1.6 0.25)
(3.5 -1.6 0.25)
(3.75 -1.6 0.25)
(4 -1.6 0.25)
(4.25 -1.6 0.25)
(4.5 -1.6 0.25)
(4.75 -1.6 0.25)
(5 -1.6 0.25)
(-3 -1.4 0.25)
(-2.75 -1.4 0.25)
(-2.5 -1.4 0.25)
(-2.25 -1.4 0.25)
(-2.000000001 -1.4 0.2500000001)
(-1.750000002 -1.400000001 0.2499999998)
(-1.500000005 -1.399999999 0.2499999972)
(-1.250000008 -1.399999989 0.2499999857)
(-1.000000005 -1.399999942 0.2499999506)
(-0.7499999922 -1.399999821 0.2499998788)
(-0.4999999797 -1.399999625 0.2499997826)
(-0.2499999808 -1.399999485 0.249999719)
(-2.026512474e-10 -1.399999474 0.2499997124)
(0.2499999805 -1.399999485 0.2499997129)
(0.4999999796 -1.399999625 0.2499997721)
(0.7499999922 -1.399999821 0.2499998727)
(1.000000005 -1.399999942 0.2499999505)
(1.250000008 -1.399999988 0.2499999872)
(1.500000005 -1.399999999 0.2499999981)
(1.750000002 -1.400000001 0.2500000001)
(2.000000001 -1.4 0.2500000002)
(2.25 -1.4 0.2500000001)
(2.5 -1.4 0.25)
(2.75 -1.4 0.25)
(3 -1.4 0.25)
(3.25 -1.4 0.25)
(3.5 -1.4 0.25)
(3.75 -1.4 0.25)
(4 -1.4 0.25)
(4.25 -1.4 0.25)
(4.5 -1.4 0.25)
(4.75 -1.4 0.25)
(5 -1.4 0.25)
(-3 -1.2 0.25)
(-2.75 -1.2 0.25)
(-2.5 -1.2 0.2500000001)
(-2.250000001 -1.2 0.2500000003)
(-2.000000003 -1.200000001 0.2500000008)
(-1.75000001 -1.200000002 0.25)
(-1.500000025 -1.199999995 0.2499999882)
(-1.25000004 -1.199999944 0.2499999282)
(-1.000000025 -1.199999729 0.2499997362)
(-0.7499999574 -1.19999916 0.2499993398)
(-0.4999998953 -1.199998209 0.2499988231)
(-0.2499999017 -1.199997547 0.2499985075)
(-8.557101014e-10 -1.19999754 0.2499985058)
(0.2499999005 -1.199997545 0.2499984791)
(0.4999998948 -1.199998208 0.2499987708)
(0.7499999572 -1.19999916 0.2499993069)
(1.000000025 -1.199999729 0.249999732)
(1.25000004 -1.199999943 0.2499999316)
(1.500000025 -1.199999995 0.2499999904)
(1.75000001 -1.200000002 0.2500000008)
(2.000000003 -1.200000001 0.250000001)
(2.250000001 -1.2 0.2500000004)
(2.5 -1.2 0.2500000001)
(2.75 -1.2 0.25)
(3 -1.2 0.25)
(3.25 -1.2 0.25)
(3.5 -1.2 0.25)
(3.75 -1.2 0.25)
(4 -1.2 0.25)
(4.25 -1.2 0.25)
(4.5 -1.2 0.25)
(4.75 -1.2 0.25)
(5 -1.2 0.25)
(-3 -1 0.25)
(-2.75 -1 0.2500000001)
(-2.500000001 -1 0.2500000005)
(-2.250000004 -1.000000001 0.2500000021)
(-2.000000015 -1.000000003 0.2500000059)
(-1.750000048 -1.000000005 0.2500000074)
(-1.500000114 -0.9999999775 0.2499999646)
(-1.250000182 -0.9999997753 0.2499997022)
(-1.000000113 -0.9999989394 0.2499987932)
(-0.7499997998 -0.9999966553 0.2499968651)
(-0.4999995288 -0.9999926235 0.2499944125)
(-0.2499995591 -0.9999899084 0.2499930777)
(-3.192877185e-09 -0.9999901549 0.2499932929)
(0.2499995551 -0.9999899014 0.2499929643)
(0.4999995273 -0.9999926177 0.2499941842)
(0.7499997994 -0.9999966519 0.2499967141)
(1.000000113 -0.9999989363 0.2499987614)
(1.250000182 -0.9999997734 0.2499997016)
(1.500000114 -0.9999999767 0.2499999652)
(1.750000048 -1.000000005 0.2500000071)
(2.000000015 -1.000000003 0.2500000056)
(2.250000004 -1.000000001 0.250000002)
(2.500000001 -1 0.2500000005)
(2.75 -1 0.2500000001)
(3 -1 0.25)
(3.25 -1 0.25)
(3.5 -1 0.25)
(3.75 -1 0.25)
(4 -1 0.25)
(4.25 -1 0.25)
(4.5 -1 0.25)
(4.75 -1 0.25)
(5 -1 0.25)
(-3 -0.8 0.2500000001)
(-2.750000001 -0.8000000001 0.2500000006)
(-2.500000003 -0.8000000006 0.2500000027)
(-2.250000016 -0.8000000028 0.2500000106)
(-2.000000061 -0.8000000092 0.2500000333)
(-1.750000193 -0.8000000135 0.2500000664)
(-1.500000466 -0.7999999284 0.2499999682)
(-1.250000762 -0.7999992993 0.249999037)
(-1.000000492 -0.7999966036 0.2499953292)
(-0.7499991844 -0.7999889142 0.249987027)
(-0.4999981671 -0.7999742038 0.2499768889)
(-0.249998288 -0.7999646507 0.2499721942)
(-1.041026241e-08 -0.7999670227 0.2499744362)
(0.2499982759 -0.7999646127 0.2499718232)
(0.4999981631 -0.7999741757 0.2499760445)
(0.7499991834 -0.799988899 0.2499864495)
(1.000000492 -0.7999965879 0.2499951746)
(1.250000762 -0.7999992896 0.2499989826)
(1.500000466 -0.7999999244 0.2499999389)
(1.750000193 -0.8000000123 0.2500000528)
(2.000000061 -0.8000000089 0.2500000285)
(2.250000016 -0.8000000028 0.2500000093)
(2.500000003 -0.8000000006 0.2500000024)
(2.750000001 -0.8000000001 0.2500000005)
(3 -0.8 0.2500000001)
(3.25 -0.8 0.25)
(3.5 -0.8 0.25)
(3.75 -0.8 0.25)
(4 -0.8 0.25)
(4.25 -0.8 0.25)
(4.5 -0.8 0.25)
(4.75 -0.8 0.25)
(5 -0.8 0.25)
(-3 -0.6 0.2500000005)
(-2.750000002 -0.6000000002 0.2500000022)
(-2.500000012 -0.6000000014 0.2500000105)
(-2.250000055 -0.6000000066 0.2500000435)
(-2.000000212 -0.6000000228 0.2500001488)
(-1.750000676 -0.6000000417 0.2500003748)
(-1.500001676 -0.5999998741 0.2500004069)
(-1.250002839 -0.599998403 0.2499979675)
(-1.000001987 -0.599991397 0.2499851382)
(-0.7499970628 -0.5999702741 0.2499533746)
(-0.4999939083 -0.5999251318 0.2499171524)
(-0.2499943984 -0.5998973486 0.2499049946)
(-2.890208261e-08 -0.5999111876 0.2499202747)
(0.2499943688 -0.5998971605 0.2499040794)
(0.4999939004 -0.5999250127 0.2499146379)
(0.7499970612 -0.5999702182 0.2499516308)
(1.000001986 -0.5999913252 0.2499845955)
(1.250002839 -0.5999983597 0.2499976446)
(1.500001676 -0.5999998571 0.2500002242)
(1.750000676 -0.6000000367 0.2500002991)
(2.000000212 -0.6000000216 0.2500001247)
(2.250000055 -0.6000000063 0.2500000373)
(2.500000012 -0.6000000014 0.2500000091)
(2.750000002 -0.6000000002 0.2500000019)
(3 -0.6 0.2500000003)
(3.25 -0.6 0.2500000001)
(3.5 -0.6 0.25)
(3.75 -0.6 0.25)
(4 -0.6 0.25)
(4.25 -0.6 0.25)
(4.5 -0.6 0.25)
(4.75 -0.6 0.25)
(5 -0.6 0.25)
(-3 -0.4000000001 0.2500000015)
(-2.750000006 -0.4000000004 0.2500000064)
(-2.500000033 -0.4000000023 0.2500000319)
(-2.250000152 -0.4000000117 0.2500001384)
(-2.000000599 -0.4000000465 0.2500005115)
(-1.750001964 -0.4000001233 0.2500015192)
(-1.500005082 -0.4000000243 0.2500030497)
(-1.250009142 -0.3999978825 0.2500000482)
(-1.000007068 -0.3999839719 0.2499646269)
(-0.7499902375 -0.3999361699 0.2498527771)
(-0.4999830948 -0.3998283622 0.249746053)
(-0.2499854404 -0.3997656374 0.2497332352)
(-6.524858838e-08 -0.399820897 0.2498121879)
(0.2499853838 -0.3997647742 0.2497318541)
(0.4999830848 -0.3998279247 0.2497408617)
(0.7499902361 -0.3999360154 0.2498492181)
(1.000007068 -0.3999836823 0.2499632293)
(1.250009142 -0.3999977172 0.2499988215)
(1.500005082 -0.3999999634 0.2500023735)
(1.750001964 -0.400000106 0.2500012607)
(2.000000599 -0.4000000424 0.2500004345)
(2.250000152 -0.4000000109 0.2500001195)
(2.500000033 -0.4000000022 0.2500000279)
(2.750000006 -0.4000000004 0.2500000057)
(3.000000001 -0.4 0.250000001)
(3.25 -0.4 0.2500000002)
(3.5 -0.4 0.25)
(3.75 -0.4 0.25)
(4 -0.4 0.25)
(4.25 -0.4 0.25)
(4.5 -0.4 0.25)
(4.75 -0.4 0.25)
(5 -0.4 0.25)
(-3 -0.2 0.2500000032)
(-2.750000013 -0.2000000002 0.2500000139)
(-2.500000068 -0.2000000017 0.2500000702)
(-2.250000317 -0.2000000105 0.250000318)
(-2.000001285 -0.2000000525 0.2500012623)
(-1.750004409 -0.2000002059 0.2500042743)
(-1.500012186 -0.2000005667 0.2500116771)
(-1.250024069 -0.2000003917 0.2500220819)
(-1.000021504 -0.1999841808 0.2499579105)
(-0.7499722585 -0.1998933956 0.2495557755)
(-0.4999629277 -0.1997651174 0.249375269)
(-0.2499768562 -0.1996907596 0.2495735273)
(-2.46283749e-07 -0.1997981442 0.2498843887)
(0.2499766812 -0.1996851729 0.2495726364)
(0.4999629031 -0.1997628417 0.249370544)
(0.7499722562 -0.1998928033 0.249552411)
(1.000021504 -0.1999831373 0.2499546902)
(1.250024069 -0.1999998678 0.2500187234)
(1.500012186 -0.2000003973 0.2500100274)
(1.750004409 -0.2000001612 0.2500037054)
(2.000001285 -0.2000000425 0.2500011046)
(2.250000317 -0.2000000086 0.2500002811)
(2.500000068 -0.2000000014 0.2500000627)
(2.750000013 -0.2000000002 0.2500000125)
(3.000000002 -0.2 0.2500000022)
(3.25 -0.2 0.2500000003)
(3.5 -0.2 0.25)
(3.75 -0.2 0.25)
(4 -0.2 0.25)
(4.25 -0.2 0.25)
(4.5 -0.2 0.25)
(4.75 -0.2 0.25)
(5 -0.2 0.25)
(-3 1.326809314e-10 0.2500000043)
(-2.750000017 5.609531958e-10 0.2500000191)
(-2.500000092 2.724626474e-09 0.2500000983)
(-2.250000436 1.178115043e-08 0.2500004575)
(-2.000001813 4.44152169e-08 0.2500018951)
(-1.750006482 1.411588496e-07 0.2500068588)
(-1.500019048 3.486305805e-07 0.2500208841)
(-1.250041469 4.971659655e-07 0.2500489722)
(-1.000045857 -2.530508794e-07 0.2499948915)
(-0.749961607 -3.819260959e-07 0.2492902742)
(-0.499954491 -3.078297056e-06 0.2492589714)
(-0.2499874039 -1.114453684e-05 0.2500777981)
(-1.308412177e-06 -4.885127721e-06 0.2505883018)
(0.2499868566 9.114538553e-06 0.2500776885)
(0.4999544467 2.898729093e-06 0.2492591366)
(0.7499616035 6.739681934e-07 0.2492896648)
(1.000045856 2.291687613e-06 0.2499909398)
(1.250041469 1.514653807e-06 0.2500450712)
(1.500019048 6.4346214e-07 0.2500190362)
(1.750006482 2.133956928e-07 0.25000623)
(2.000001813 5.980208466e-08 0.2500017222)
(2.250000436 1.467587598e-08 0.2500004173)
(2.500000092 3.208763047e-09 0.2500000902)
(2.750000017 6.289739519e-10 0.2500000175)
(3.000000003 1.108035141e-10 0.2500000031)
(3.25 1.75435692e-11 0.2500000005)
(3.5 2.492139016e-12 0.2500000001)
(3.75 3.167520869e-13 0.25)
(4 3.590027362e-14 0.25)
(4.25 3.61449713e-15 0.25)
(4.5 3.218859461e-16 0.25)
(4.75 2.525262324e-17 0.25)
(5 2.157656891e-18 0.25)
(-3 0.2000000002 0.2500000032)
(-2.750000013 0.200000001 0.250000014)
(-2.500000068 0.2000000056 0.2500000709)
(-2.250000317 0.2000000271 0.2500003217)
(-2.000001285 0.2000001127 0.2500012803)
(-1.750004409 0.2000003875 0.2500043472)
(-1.500012186 0.2000009824 0.2500119216)
(-1.250024069 0.2000009212 0.250022736)
(-1.000021504 0.1999840792 0.2499589705)
(-0.7499722589 0.1998929611 0.2495532121)
(-0.4999629322 0.1997627471 0.2493705881)
(-0.249976905 0.1996843722 0.2495727412)
(-4.279172454e-07 0.1997957273 0.2498846673)
(0.2499766332 0.1996899619 0.2495736187)
(0.499962899 0.1997650202 0.2493752869)
(0.7499722559 0.199893553 0.2495556058)
(1.000021504 0.1999851226 0.2499569174)
(1.250024069 0.2000014452 0.2500208919)
(1.500012186 0.2000011518 0.2500109645)
(1.750004409 0.2000004322 0.2500039936)
(2.000001285 0.2000001228 0.2500011773)
(2.250000317 0.2000000291 0.2500002969)
(2.500000068 0.200000006 0.2500000657)
(2.750000013 0.2000000011 0.250000013)
(3.000000002 0.2000000002 0.2500000023)
(3.25 0.2 0.2500000004)
(3.5 0.2 0.2500000001)
(3.75 0.2 0.25)
(4 0.2 0.25)
(4.25 0.2 0.25)
(4.5 0.2 0.25)
(4.75 0.2 0.25)
(5 0.2 0.25)
(-3 0.4000000002 0.2500000016)
(-2.750000006 0.4000000008 0.2500000066)
(-2.500000033 0.4000000041 0.2500000328)
(-2.250000152 0.4000000192 0.2500001438)
(-2.000000599 0.4000000727 0.2500005371)
(-1.750001964 0.4000001979 0.2500016216)
(-1.500005082 0.4000001824 0.2500033841)
(-1.250009142 0.3999980767 0.2500008584)
(-1.000007068 0.399983993 0.2499654125)
(-0.7499902374 0.3999360691 0.2498496807)
(-0.4999830961 0.3998278962 0.2497409246)
(-0.2499854521 0.3997646058 0.2497320892)
(-9.626699547e-08 0.3998205166 0.2498127867)
(0.2499853725 0.3997654686 0.2497334661)
(0.4999830832 0.3998283306 0.2497460806)
(0.7499902359 0.3999362228 0.2498527359)
(1.000007068 0.3999842824 0.2499643709)
(1.250009142 0.399998242 0.2499997324)
(1.500005082 0.4000002433 0.2500028432)
(1.750001964 0.4000002152 0.2500014305)
(2.000000599 0.4000000768 0.2500004827)
(2.250000152 0.4000000201 0.2500001309)
(2.500000033 0.4000000043 0.2500000302)
(2.750000006 0.4000000008 0.2500000061)
(3.000000001 0.4000000001 0.2500000011)
(3.25 0.4 0.2500000002)
(3.5 0.4 0.25)
(3.75 0.4 0.25)
(4 0.4 0.25)
(4.25 0.4 0.25)
(4.5 0.4 0.25)
(4.75 0.4 0.25)
(5 0.4 0.25)
(-3 0.6000000001 0.2500000005)
(-2.750000002 0.6000000004 0.2500000023)
(-2.500000012 0.600000002 0.2500000112)
(-2.250000055 0.6000000091 0.2500000475)
(-2.000000212 0.6000000314 0.2500001668)
(-1.750000676 0.600000065 0.2500004429)
(-1.500001676 0.5999999213 0.2500006095)
(-1.250002839 0.5999984599 0.2499983818)
(-1.000001987 0.5999914107 0.2499853831)
(-0.7499970628 0.5999702381 0.2499518824)
(-0.4999939088 0.5999250019 0.2499147238)
(-0.2499944013 0.5998971113 0.2499042778)
(-3.535376409e-08 0.5999110946 0.2499206693)
(0.249994366 0.5998972989 0.2499051863)
(0.4999938998 0.5999251197 0.2499171958)
(0.7499970611 0.5999702935 0.2499533672)
(1.000001986 0.5999914823 0.2499850807)
(1.250002839 0.5999985032 0.2499978949)
(1.500001676 0.5999999383 0.2500003574)
(1.750000676 0.6000000701 0.2500003524)
(2.000000212 0.6000000326 0.2500001412)
(2.250000055 0.6000000093 0.2500000415)
(2.500000012 0.6000000021 0.25000001)
(2.750000002 0.6000000004 0.2500000021)
(3 0.6000000001 0.2500000004)
(3.25 0.6 0.2500000001)
(3.5 0.6 0.25)
(3.75 0.6 0.25)
(4 0.6 0.25)
(4.25 0.6 0.25)
(4.5 0.6 0.25)
(4.75 0.6 0.25)
(5 0.6 0.25)
(-3 0.8 0.2500000002)
(-2.750000001 0.8000000001 0.2500000006)
(-2.500000003 0.8000000008 0.250000003)
(-2.250000016 0.8000000035 0.2500000126)
(-2.000000061 0.8000000114 0.250000042)
(-1.750000193 0.8000000195 0.2500000979)
(-1.500000466 0.79999994 0.2500000561)
(-1.250000762 0.7999993132 0.2499991999)
(-1.000000492 0.7999966079 0.2499954072)
(-0.7499991844 0.7999889046 0.2499865486)
(-0.4999981672 0.7999741727 0.2499760956)
(-0.2499982886 0.7999646003 0.2499719201)
(-1.15792521e-08 0.7999670016 0.2499746002)
(0.2499982753 0.799964638 0.2499722866)
(0.4999981629 0.7999742003 0.2499769173)
(0.7499991834 0.7999889196 0.24998703)
(1.000000491 0.7999966235 0.2499953188)
(1.250000762 0.7999993228 0.2499990227)
(1.500000466 0.7999999439 0.2499999582)
(1.750000193 0.8000000207 0.2500000617)
(2.000000061 0.8000000117 0.2500000317)
(2.250000016 0.8000000035 0.2500000102)
(2.500000003 0.8000000008 0.2500000025)
(2.750000001 0.8000000001 0.2500000005)
(3 0.8 0.2500000001)
(3.25 0.8 0.25)
(3.5 0.8 0.25)
(3.75 0.8 0.25)
(4 0.8 0.25)
(4.25 0.8 0.25)
(4.5 0.8 0.25)
(4.75 0.8 0.25)
(5 0.8 0.25)
(-3 1 0.25)
(-2.75 1 0.2500000001)
(-2.500000001 1 0.2500000007)
(-2.250000004 1.000000001 0.2500000028)
(-2.000000015 1.000000004 0.2500000091)
(-1.750000048 1.000000006 0.2500000188)
(-1.500000114 0.9999999799 0.2499999952)
(-1.250000182 0.9999997782 0.2499997563)
(-1.000000113 0.9999989404 0.2499988211)
(-0.7499997998 0.9999966532 0.249996745)
(-0.4999995288 0.999992617 0.2499942047)
(-0.2499995592 0.9999898986 0.2499929998)
(-3.369158206e-09 0.9999901505 0.2499933471)
(0.249999555 0.9999899055 0.2499931114)
(0.4999995272 0.9999926227 0.2499944248)
(0.7499997994 0.9999966565 0.2499968677)
(1.000000113 0.9999989434 0.2499987919)
(1.250000182 0.99999978 0.2499996998)
(1.500000114 0.9999999807 0.2499999629)
(1.750000048 1.000000007 0.2500000066)
(2.000000015 1.000000004 0.2500000056)
(2.250000004 1.000000001 0.250000002)
(2.500000001 1 0.2500000005)
(2.75 1 0.2500000001)
(3 1 0.25)
(3.25 1 0.25)
(3.5 1 0.25)
(3.75 1 0.25)
(4 1 0.25)
(4.25 1 0.25)
(4.5 1 0.25)
(4.75 1 0.25)
(5 1 0.25)
(-3 1.2 0.25)
(-2.75 1.2 0.25)
(-2.5 1.2 0.2500000001)
(-2.250000001 1.2 0.2500000005)
(-2.000000003 1.200000001 0.2500000018)
(-1.75000001 1.200000002 0.2500000034)
(-1.500000025 1.199999996 0.249999997)
(-1.25000004 1.199999944 0.2499999437)
(-1.000000025 1.199999729 0.2499997455)
(-0.7499999574 1.19999916 0.249999315)
(-0.4999998953 1.199998208 0.2499987772)
(-0.2499999017 1.199997545 0.2499984897)
(-8.759974661e-10 1.199997539 0.249998521)
(0.2499999005 1.199997546 0.2499985176)
(0.4999998948 1.199998209 0.2499988272)
(0.7499999572 1.19999916 0.2499993409)
(1.000000025 1.19999973 0.2499997361)
(1.25000004 1.199999944 0.2499999279)
(1.500000025 1.199999996 0.2499999879)
(1.75000001 1.200000002 0.2499999999)
(2.000000003 1.200000001 0.2500000008)
(2.250000001 1.2 0.2500000003)
(2.5 1.2 0.2500000001)
(2.75 1.2 0.25)
(3 1.2 0.25)
(3.25 1.2 0.25)
(3.5 1.2 0.25)
(3.75 1.2 0.25)
(4 1.2 0.25)
(4.25 1.2 0.25)
(4.5 1.2 0.25)
(4.75 1.2 0.25)
(5 1.2 0.25)
(-3 1.4 0.25)
(-2.75 1.4 0.25)
(-2.5 1.4 0.25)
(-2.25 1.4 0.2500000001)
(-2.000000001 1.4 0.2500000003)
(-1.750000002 1.400000001 0.2500000006)
(-1.500000005 1.4 0.2499999994)
(-1.250000008 1.399999989 0.2499999895)
(-1.000000005 1.399999942 0.2499999532)
(-0.7499999922 1.399999821 0.2499998745)
(-0.4999999797 1.399999625 0.2499997738)
(-0.2499999808 1.399999484 0.2499997156)
(-2.03889751e-10 1.399999474 0.2499997162)
(0.2499999805 1.399999485 0.2499997215)
(0.4999999796 1.399999625 0.2499997837)
(0.7499999922 1.399999821 0.2499998792)
(1.000000005 1.399999943 0.2499999506)
(1.250000008 1.399999989 0.2499999857)
(1.500000005 1.4 0.2499999972)
(1.750000002 1.400000001 0.2499999998)
(2.000000001 1.4 0.2500000001)
(2.25 1.4 0.25)
(2.5 1.4 0.25)
(2.75 1.4 0.25)
(3 1.4 0.25)
(3.25 1.4 0.25)
(3.5 1.4 0.25)
(3.75 1.4 0.25)
(4 1.4 0.25)
(4.25 1.4 0.25)
(4.5 1.4 0.25)
(4.75 1.4 0.25)
(5 1.4 0.25)
(-3 1.6 0.25)
(-2.75 1.6 0.25)
(-2.5 1.6 0.25)
(-2.25 1.6 0.25)
(-2 1.6 0.2500000001)
(-1.75 1.6 0.2500000001)
(-1.500000001 1.6 0.2499999999)
(-1.250000001 1.599999998 0.2499999984)
(-1.000000001 1.59999999 0.2499999926)
(-0.7499999988 1.599999967 0.2499999798)
(-0.4999999965 1.599999932 0.2499999632)
(-0.2499999967 1.599999906 0.249999953)
(-4.248670187e-11 1.599999903 0.2499999525)
(0.2499999966 1.599999906 0.2499999541)
(0.4999999965 1.599999932 0.2499999649)
(0.7499999988 1.599999967 0.2499999805)
(1.000000001 1.59999999 0.249999992)
(1.250000001 1.599999998 0.2499999976)
(1.500000001 1.6 0.2499999995)
(1.75 1.6 0.2499999999)
(2 1.6 0.25)
(2.25 1.6 0.25)
(2.5 1.6 0.25)
(2.75 1.6 0.25)
(3 1.6 0.25)
(3.25 1.6 0.25)
(3.5 1.6 0.25)
(3.75 1.6 0.25)
(4 1.6 0.25)
(4.25 1.6 0.25)
(4.5 1.6 0.25)
(4.75 1.6 0.25)
(5 1.6 0.25)
(-3 1.8 0.25)
(-2.75 1.8 0.25)
(-2.5 1.8 0.25)
(-2.25 1.8 0.25)
(-2 1.8 0.25)
(-1.75 1.8 0.25)
(-1.5 1.8 0.25)
(-1.25 1.8 0.2499999998)
(-1 1.799999998 0.249999999)
(-0.7499999998 1.799999995 0.2499999971)
(-0.4999999995 1.799999989 0.2499999947)
(-0.2499999995 1.799999985 0.2499999932)
(-7.964677067e-12 1.799999985 0.249999993)
(0.2499999995 1.799999985 0.2499999933)
(0.4999999995 1.799999989 0.249999995)
(0.7499999998 1.799999995 0.2499999972)
(1 1.799999998 0.2499999989)
(1.25 1.8 0.2499999996)
(1.5 1.8 0.2499999999)
(1.75 1.8 0.25)
(2 1.8 0.25)
(2.25 1.8 0.25)
(2.5 1.8 0.25)
(2.75 1.8 0.25)
(3 1.8 0.25)
(3.25 1.8 0.25)
(3.5 1.8 0.25)
(3.75 1.8 0.25)
(4 1.8 0.25)
(4.25 1.8 0.25)
(4.5 1.8 0.25)
(4.75 1.8 0.25)
(5 1.8 0.25)
(-3 2 0.25)
(-2.75 2 0.25)
(-2.5 2 0.25)
(-2.25 2 0.25)
(-2 2 0.25)
(-1.75 2 0.25)
(-1.5 2 0.25)
(-1.25 2 0.25)
(-1 2 0.2499999998)
(-0.75 2 0.2499999996)
(-0.4999999999 2 0.2499999992)
(-0.2499999999 2 0.2499999989)
(-1.713353307e-12 2 0.2499999989)
(0.2499999999 2 0.2499999989)
(0.4999999999 2 0.2499999992)
(0.75 2 0.2499999996)
(1 2 0.2499999998)
(1.25 2 0.2499999999)
(1.5 2 0.25)
(1.75 2 0.25)
(2 2 0.25)
(2.25 2 0.25)
(2.5 2 0.25)
(2.75 2 0.25)
(3 2 0.25)
(3.25 2 0.25)
(3.5 2 0.25)
(3.75 2 0.25)
(4 2 0.25)
(4.25 2 0.25)
(4.5 2 0.25)
(4.75 2 0.25)
(5 2 0.25)
(-3 -2 0.375)
(-2.75 -2 0.375)
(-2.5 -2 0.375)
(-2.25 -2 0.375)
(-2 -2 0.375)
(-1.75 -2 0.375)
(-1.5 -2 0.375)
(-1.25 -2 0.375)
(-1 -2 0.3749999999)
(-0.75 -2 0.3749999998)
(-0.5 -2 0.3749999996)
(-0.25 -2 0.3749999994)
(-6.706869865e-13 -2 0.3749999994)
(0.25 -2 0.3749999994)
(0.5 -2 0.3749999995)
(0.75 -2 0.3749999997)
(1 -2 0.3749999999)
(1.25 -2 0.375)
(1.5 -2 0.375)
(1.75 -2 0.375)
(2 -2 0.375)
(2.25 -2 0.375)
(2.5 -2 0.375)
(2.75 -2 0.375)
(3 -2 0.375)
(3.25 -2 0.375)
(3.5 -2 0.375)
(3.75 -2 0.375)
(4 -2 0.375)
(4.25 -2 0.375)
(4.5 -2 0.375)
(4.75 -2 0.375)
(5 -2 0.375)
(-3 -1.8 0.375)
(-2.75 -1.8 0.375)
(-2.5 -1.8 0.375)
(-2.25 -1.8 0.375)
(-2 -1.8 0.375)
(-1.75 -1.8 0.375)
(-1.5 -1.8 0.375)
(-1.25 -1.8 0.3749999998)
(-1 -1.799999999 0.3749999993)
(-0.7499999999 -1.799999998 0.3749999984)
(-0.4999999998 -1.799999996 0.3749999972)
(-0.2499999998 -1.799999994 0.3749999964)
(-3.151913937e-12 -1.799999994 0.3749999962)
(0.2499999998 -1.799999994 0.3749999963)
(0.4999999998 -1.799999996 0.3749999971)
(0.7499999999 -1.799999998 0.3749999984)
(1 -1.799999999 0.3749999994)
(1.25 -1.8 0.3749999998)
(1.5 -1.8 0.375)
(1.75 -1.8 0.375)
(2 -1.8 0.375)
(2.25 -1.8 0.375)
(2.5 -1.8 0.375)
(2.75 -1.8 0.375)
(3 -1.8 0.375)
(3.25 -1.8 0.375)
(3.5 -1.8 0.375)
(3.75 -1.8 0.375)
(4 -1.8 0.375)
(4.25 -1.8 0.375)
(4.5 -1.8 0.375)
(4.75 -1.8 0.375)
(5 -1.8 0.375)
(-3 -1.6 0.375)
(-2.75 -1.6 0.375)
(-2.5 -1.6 0.375)
(-2.25 -1.6 0.375)
(-2 -1.6 0.375)
(-1.75 -1.6 0.3749999999)
(-1.5 -1.6 0.3749999996)
(-1.25 -1.599999999 0.3749999985)
(-1 -1.599999996 0.3749999952)
(-0.7499999993 -1.599999987 0.3749999886)
(-0.4999999985 -1.599999973 0.3749999803)
(-0.2499999986 -1.599999963 0.3749999749)
(-1.715904131e-11 -1.599999962 0.3749999743)
(0.2499999986 -1.599999963 0.3749999746)
(0.4999999985 -1.599999973 0.3749999797)
(0.7499999993 -1.599999987 0.3749999884)
(1 -1.599999996 0.3749999953)
(1.25 -1.599999999 0.3749999987)
(1.5 -1.6 0.3749999997)
(1.75 -1.6 0.375)
(2 -1.6 0.375)
(2.25 -1.6 0.375)
(2.5 -1.6 0.375)
(2.75 -1.6 0.375)
(3 -1.6 0.375)
(3.25 -1.6 0.375)
(3.5 -1.6 0.375)
(3.75 -1.6 0.375)
(4 -1.6 0.375)
(4.25 -1.6 0.375)
(4.5 -1.6 0.375)
(4.75 -1.6 0.375)
(5 -1.6 0.375)
(-3 -1.4 0.375)
(-2.75 -1.4 0.375)
(-2.5 -1.4 0.375)
(-2.25 -1.4 0.375)
(-2 -1.4 0.375)
(-1.750000001 -1.4 0.3749999997)
(-1.500000002 -1.399999999 0.3749999978)
(-1.250000002 -1.399999994 0.3749999905)
(-1.000000001 -1.399999975 0.3749999695)
(-0.7499999957 -1.399999926 0.3749999288)
(-0.4999999911 -1.39999985 0.3749998789)
(-0.2499999921 -1.399999796 0.3749998492)
(-8.358648892e-11 -1.39999979 0.3749998473)
(0.249999992 -1.399999796 0.3749998473)
(0.4999999911 -1.39999985 0.3749998757)
(0.7499999957 -1.399999926 0.3749999271)
(1.000000001 -1.399999975 0.3749999698)
(1.250000002 -1.399999994 0.3749999912)
(1.500000002 -1.399999999 0.3749999982)
(1.750000001 -1.4 0.3749999998)
(2 -1.4 0.375)
(2.25 -1.4 0.375)
(2.5 -1.4 0.375)
(2.75 -1.4 0.375)
(3 -1.4 0.375)
(3.25 -1.4 0.375)
(3.5 -1.4 0.375)
(3.75 -1.4 0.375)
(4 -1.4 0.375)
(4.25 -1.4 0.375)
(4.5 -1.4 0.375)
(4.75 -1.4 0.375)
(5 -1.4 0.375)
(-3 -1.2 0.375)
(-2.75 -1.2 0.375)
(-2.5 -1.2 0.375)
(-2.25 -1.2 0.3750000001)
(-2.000000001 -1.2 0.375)
(-1.750000003 -1.2 0.3749999985)
(-1.500000008 -1.199999996 0.3749999891)
(-1.250000012 -1.199999971 0.3749999496)
(-1.000000004 -1.199999878 0.3749998345)
(-0.7499999766 -1.199999648 0.3749996131)
(-0.4999999542 -1.199999284 0.3749993537)
(-0.2499999601 -1.199999031 0.3749992162)
(-3.624986311e-10 -1.199999016 0.374999222)
(0.2499999596 -1.19999903 0.3749992075)
(0.499999954 -1.199999283 0.3749993382)
(0.7499999765 -1.199999647 0.374999604)
(1.000000004 -1.199999878 0.3749998343)
(1.250000012 -1.199999971 0.3749999515)
(1.500000008 -1.199999996 0.3749999902)
(1.750000003 -1.2 0.3749999989)
(2.000000001 -1.2 0.3750000001)
(2.25 -1.2 0.3750000001)
(2.5 -1.2 0.375)
(2.75 -1.2 0.375)
(3 -1.2 0.375)
(3.25 -1.2 0.375)
(3.5 -1.2 0.375)
(3.75 -1.2 0.375)
(4 -1.2 0.375)
(4.25 -1.2 0.375)
(4.5 -1.2 0.375)
(4.75 -1.2 0.375)
(5 -1.2 0.375)
(-3 -1 0.375)
(-2.75 -1 0.375)
(-2.5 -1 0.3750000002)
(-2.250000001 -1 0.3750000005)
(-2.000000005 -1.000000001 0.3750000007)
(-1.750000016 -0.9999999993 0.3749999954)
(-1.500000036 -0.9999999808 0.374999955)
(-1.250000052 -0.9999998792 0.3749997757)
(-1.000000014 -0.9999995083 0.3749992344)
(-0.7499998907 -0.9999985842 0.3749981887)
(-0.4999997962 -0.9999970902 0.3749970304)
(-0.2499998252 -0.9999960826 0.3749965108)
(-1.401116674e-09 -0.999996091 0.3749966368)
(0.2499998233 -0.9999960761 0.3749964766)
(0.4999997954 -0.9999970844 0.3749969656)
(0.7499998904 -0.9999985809 0.3749981474)
(1.000000014 -0.9999995062 0.3749992275)
(1.250000052 -0.9999998781 0.3749997776)
(1.500000036 -0.9999999803 0.3749999562)
(1.750000016 -0.9999999992 0.3749999957)
(2.000000005 -1.000000001 0.3750000007)
(2.250000001 -1 0.3750000005)
(2.5 -1 0.3750000001)
(2.75 -1 0.375)
(3 -1 0.375)
(3.25 -1 0.375)
(3.5 -1 0.375)
(3.75 -1 0.375)
(4 -1 0.375)
(4.25 -1 0.375)
(4.5 -1 0.375)
(4.75 -1 0.375)
(5 -1 0.375)
(-3 -0.8 0.375)
(-2.75 -0.8 0.3750000002)
(-2.500000001 -0.8000000002 0.3750000008)
(-2.250000005 -0.8000000007 0.3750000029)
(-2.00000002 -0.8000000014 0.3750000064)
(-1.750000063 -0.7999999951 0.3749999945)
(-1.500000145 -0.7999999313 0.374999858)
(-1.250000213 -0.7999995974 0.374999184)
(-1.000000061 -0.7999983796 0.3749970188)
(-0.7499995646 -0.7999952893 0.3749927266)
(-0.4999992253 -0.799990124 0.3749883447)
(-0.2499993482 -0.7999867677 0.3749869088)
(-4.84361296e-09 -0.799987151 0.3749879616)
(0.249999342 -0.7999867345 0.3749868007)
(0.4999992229 -0.7999900964 0.37498812)
(0.7499995638 -0.7999952745 0.3749925742)
(1.000000061 -0.7999983695 0.3749969777)
(1.250000213 -0.7999995919 0.3749991715)
(1.500000145 -0.7999999292 0.3749998511)
(1.750000063 -0.7999999944 0.374999991)
(2.00000002 -0.8000000013 0.3750000051)
(2.250000005 -0.8000000007 0.3750000025)
(2.500000001 -0.8000000002 0.3750000007)
(2.75 -0.8 0.3750000002)
(3 -0.8 0.375)
(3.25 -0.8 0.375)
(3.5 -0.8 0.375)
(3.75 -0.8 0.375)
(4 -0.8 0.375)
(4.25 -0.8 0.375)
(4.5 -0.8 0.375)
(4.75 -0.8 0.375)
(5 -0.8 0.375)
(-3 -0.6 0.3750000002)
(-2.750000001 -0.6000000001 0.3750000007)
(-2.500000004 -0.6000000004 0.3750000033)
(-2.250000018 -0.6000000014 0.3750000126)
(-2.00000007 -0.6000000025 0.3750000351)
(-1.750000216 -0.5999999855 0.3750000366)
(-1.500000507 -0.5999998259 0.3749997055)
(-1.250000769 -0.5999989786 0.3749976861)
(-1.000000277 -0.5999957867 0.3749904235)
(-0.7499985296 -0.5999874436 0.3749752283)
(-0.4999975323 -0.5999729205 0.3749616008)
(-0.249997992 -0.599963943 0.3749598926)
(-1.513600303e-08 -0.5999664319 0.3749660406)
(0.2499979737 -0.5999637922 0.374959632)
(0.4999975256 -0.5999728057 0.3749609876)
(0.7499985278 -0.5999873867 0.374974794)
(1.000000276 -0.5999957454 0.3749902652)
(1.250000769 -0.599998956 0.3749975948)
(1.500000507 -0.599999817 0.3749996533)
(1.750000216 -0.5999999828 0.3750000142)
(2.00000007 -0.6000000019 0.3750000278)
(2.250000018 -0.6000000013 0.3750000107)
(2.500000004 -0.6000000003 0.3750000029)
(2.750000001 -0.6000000001 0.3750000006)
(3 -0.6 0.3750000001)
(3.25 -0.6 0.375)
(3.5 -0.6 0.375)
(3.75 -0.6 0.375)
(4 -0.6 0.375)
(4.25 -0.6 0.375)
(4.5 -0.6 0.375)
(4.75 -0.6 0.375)
(5 -0.6 0.375)
(-3 -0.4 0.3750000005)
(-2.750000002 -0.4000000001 0.3750000022)
(-2.500000011 -0.4000000005 0.3750000103)
(-2.25000005 -0.4000000023 0.375000042)
(-2.000000194 -0.4000000048 0.3750001347)
(-1.750000612 -0.3999999807 0.3750002755)
(-1.500001484 -0.3999997223 0.3749998469)
(-1.250002379 -0.39999822 0.3749954152)
(-1.000001135 -0.3999919863 0.3749758367)
(-0.7499958387 -0.3999745488 0.3749294505)
(-0.4999936104 -0.399944143 0.3748969706)
(-0.24999517 -0.3999262652 0.374905886)
(-4.4510711e-08 -0.399935608 0.3749330326)
(0.2499951207 -0.3999256524 0.3749054702)
(0.4999935942 -0.3999437321 0.3748958097)
(0.7499958346 -0.3999743671 0.3749285972)
(1.000001134 -0.3999918441 0.3749754033)
(1.250002379 -0.3999981432 0.3749950729)
(1.500001484 -0.3999996928 0.3749996544)
(1.750000612 -0.399999972 0.3750001985)
(2.000000194 -0.4000000027 0.375000111)
(2.250000051 -0.4000000018 0.3750000361)
(2.500000011 -0.4000000005 0.3750000091)
(2.750000002 -0.4000000001 0.3750000019)
(3 -0.4 0.3750000003)
(3.25 -0.4 0.3750000001)
(3.5 -0.4 0.375)
(3.75 -0.4 0.375)
(4 -0.4 0.375)
(4.25 -0.4 0.375)
(4.5 -0.4 0.375)
(4.75 -0.4 0.375)
(5 -0.4 0.375)
(-3 -0.2 0.3750000011)
(-2.750000004 -0.2 0.3750000047)
(-2.500000023 -0.2000000003 0.3750000232)
(-2.250000104 -0.2000000017 0.3750000987)
(-2.000000408 -0.2000000052 0.3750003497)
(-1.750001326 -0.1999999948 0.3750009344)
(-1.500003371 -0.1999998043 0.3750012167)
(-1.250005859 -0.1999984326 0.3749953921)
(-1.000003683 -0.1999910631 0.374956117)
(-0.7499907761 -0.1999666231 0.374837077)
(-0.4999873418 -0.199932237 0.3747899526)
(-0.2499921819 -0.1999120163 0.3748669346)
(-1.360032233e-07 -0.1999290026 0.374953464)
(0.2499920507 -0.1999097814 0.3748665998)
(0.4999873049 -0.1999309504 0.3747888738)
(0.7499907676 -0.1999661351 0.3748361842)
(1.000003682 -0.1999906677 0.3749552357)
(1.250005858 -0.199998229 0.3749945676)
(1.500003371 -0.1999997306 0.3750007796)
(1.750001326 -0.1999999738 0.3750007709)
(2.000000408 -0.2000000002 0.3750003017)
(2.250000104 -0.2000000007 0.3750000871)
(2.500000023 -0.2000000001 0.3750000208)
(2.750000004 -0.2 0.3750000042)
(3.000000001 -0.2 0.3750000008)
(3.25 -0.2 0.3750000001)
(3.5 -0.2 0.375)
(3.75 -0.2 0.375)
(4 -0.2 0.375)
(4.25 -0.2 0.375)
(4.5 -0.2 0.375)
(4.75 -0.2 0.375)
(5 -0.2 0.375)
(-3 4.656663529e-11 0.3750000015)
(-2.750000006 1.896187733e-10 0.3750000065)
(-2.500000031 8.928909857e-10 0.3750000325)
(-2.250000142 3.672392934e-09 0.3750001423)
(-2.000000565 1.282726023e-08 0.3750005299)
(-1.750001892 3.631931608e-08 0.37500157)
(-1.500005023 7.438098832e-08 0.375002964)
(-1.250009433 7.166908095e-08 0.3749981479)
(-1.000007755 -1.209058647e-07 0.374949725)
(-0.7499880071 -3.566214054e-07 0.3747699734)
(-0.4999845978 -1.354783565e-06 0.3747568139)
(-0.2499932865 -3.152524828e-06 0.3749673977)
(-3.667026491e-07 -1.364461452e-06 0.3751085337)
(0.2499930086 2.127114046e-06 0.3749673442)
(0.499984537 1.137603247e-06 0.3747568552)
(0.7499879947 4.45853767e-07 0.3747697107)
(1.000007752 6.069283475e-07 0.3749487442)
(1.250009433 4.153625853e-07 0.3749971942)
(1.500005022 1.913259018e-07 0.375002469)
(1.750001892 6.831842715e-08 0.3750013872)
(2.000000565 2.016853249e-08 0.3750004768)
(2.250000142 5.123023416e-09 0.3750001295)
(2.500000031 1.143030104e-09 0.3750000299)
(2.750000006 2.259283538e-10 0.375000006)
(3.000000001 3.976101092e-11 0.3750000011)
(3.25 6.237643072e-12 0.3750000002)
(3.5 8.713431717e-13 0.375)
(3.75 1.081146161e-13 0.375)
(4 1.187483394e-14 0.375)
(4.25 1.149800925e-15 0.375)
(4.5 9.766585917e-17 0.375)
(4.75 7.241003996e-18 0.375)
(5 5.846429352e-19 0.375)
(-3 0.2000000001 0.3750000011)
(-2.750000004 0.2000000003 0.3750000047)
(-2.500000023 0.2000000016 0.3750000234)
(-2.250000104 0.2000000069 0.3750001)
(-2.000000408 0.2000000231 0.3750003557)
(-1.750001326 0.2000000438 0.3750009579)
(-1.500003371 0.1999998995 0.3750012897)
(-1.250005859 0.1999985175 0.3749955572)
(-1.000003684 0.1999909339 0.3749562834)
(-0.7499907766 0.1999661846 0.3748365005)
(-0.4999873451 0.1999308158 0.3747889189)
(-0.2499921981 0.1999092468 0.3748666491)
(-1.776773112e-07 0.1999278604 0.3749535405)
(0.2499920348 0.199911482 0.3748669603)
(0.4999873018 0.1999321018 0.3747899588)
(0.7499907672 0.1999666723 0.3748369758)
(1.000003682 0.1999913293 0.3749557693)
(1.250005858 0.1999987211 0.3749950187)
(1.500003371 0.1999999732 0.3750009982)
(1.750001326 0.2000000648 0.3750008463)
(2.000000408 0.2000000281 0.3750003224)
(2.250000104 0.2000000079 0.3750000918)
(2.500000023 0.2000000018 0.3750000217)
(2.750000004 0.2000000003 0.3750000044)
(3.000000001 0.2000000001 0.3750000008)
(3.25 0.2 0.3750000001)
(3.5 0.2 0.375)
(3.75 0.2 0.375)
(4 0.2 0.375)
(4.25 0.2 0.375)
(4.5 0.2 0.375)
(4.75 0.2 0.375)
(5 0.2 0.375)
(-3 0.4 0.3750000005)
(-2.750000002 0.4000000002 0.3750000022)
(-2.500000011 0.4000000012 0.3750000107)
(-2.25000005 0.4000000047 0.3750000439)
(-2.000000194 0.4000000129 0.3750001434)
(-1.750000612 0.4000000019 0.3750003086)
(-1.500001484 0.3999997614 0.3749999465)
(-1.250002379 0.3999982535 0.3749956237)
(-1.000001135 0.3999919422 0.3749759874)
(-0.749995839 0.3999743845 0.3749287932)
(-0.499993612 0.3999436773 0.3748958584)
(-0.2499951766 0.3999254698 0.374905544)
(-5.861995242e-08 0.3999352746 0.3749331721)
(0.2499951143 0.3999260824 0.3749059511)
(0.4999935926 0.3999440875 0.3748969835)
(0.7499958343 0.399974566 0.3749294222)
(1.000001134 0.3999920843 0.3749757381)
(1.250002379 0.3999983303 0.3749953054)
(1.500001484 0.3999997908 0.3749997782)
(1.750000612 0.4000000106 0.3750002462)
(2.000000194 0.400000015 0.3750001252)
(2.250000051 0.4000000051 0.3750000395)
(2.500000011 0.4000000012 0.3750000098)
(2.750000002 0.4000000002 0.375000002)
(3 0.4 0.3750000004)
(3.25 0.4 0.3750000001)
(3.5 0.4 0.375)
(3.75 0.4 0.375)
(4 0.4 0.375)
(4.25 0.4 0.375)
(4.5 0.4 0.375)
(4.75 0.4 0.375)
(5 0.4 0.375)
(-3 0.6 0.3750000002)
(-2.750000001 0.6000000001 0.3750000007)
(-2.500000004 0.6000000006 0.3750000036)
(-2.250000018 0.6000000022 0.375000014)
(-2.00000007 0.6000000052 0.3750000414)
(-1.750000216 0.5999999924 0.3750000598)
(-1.500000507 0.5999998381 0.3749997715)
(-1.250000769 0.5999989888 0.3749978125)
(-1.000000277 0.5999957739 0.3749904965)
(-0.7499985297 0.5999873917 0.3749748882)
(-0.4999975328 0.5999727874 0.3749610246)
(-0.2499979939 0.5999637379 0.3749596915)
(-1.876499756e-08 0.5999663426 0.3749661412)
(0.2499979719 0.5999638885 0.3749599476)
(0.4999975251 0.5999729017 0.3749616162)
(0.7499985277 0.5999874484 0.3749752237)
(1.000000276 0.5999958151 0.3749904007)
(1.250000769 0.5999990114 0.3749976597)
(1.500000507 0.599999847 0.3749996884)
(1.750000216 0.599999995 0.375000029)
(2.00000007 0.6000000059 0.3750000326)
(2.250000018 0.6000000024 0.3750000119)
(2.500000004 0.6000000006 0.3750000031)
(2.750000001 0.6000000001 0.3750000007)
(3 0.6 0.3750000001)
(3.25 0.6 0.375)
(3.5 0.6 0.375)
(3.75 0.6 0.375)
(4 0.6 0.375)
(4.25 0.6 0.375)
(4.5 0.6 0.375)
(4.75 0.6 0.375)
(5 0.6 0.375)
(-3 0.8 0.375)
(-2.75 0.8 0.3750000002)
(-2.500000001 0.8000000002 0.3750000009)
(-2.250000005 0.8000000009 0.3750000036)
(-2.00000002 0.8000000021 0.3750000095)
(-1.750000063 0.7999999968 0.3750000057)
(-1.500000145 0.7999999344 0.3749998887)
(-1.250000213 0.7999995999 0.3749992398)
(-1.000000061 0.7999983764 0.374997051)
(-0.7499995646 0.7999952756 0.3749926098)
(-0.4999992255 0.7999900912 0.3749881391)
(-0.2499993486 0.7999867204 0.3749868312)
(-5.595418247e-09 0.7999871294 0.3749880087)
(0.2499993416 0.7999867535 0.3749869372)
(0.4999992228 0.7999901187 0.3749883545)
(0.7499995638 0.7999952903 0.3749927273)
(1.000000061 0.7999983864 0.3749970146)
(1.250000213 0.7999996054 0.3749991787)
(1.500000145 0.7999999366 0.3749998545)
(1.750000063 0.7999999975 0.3749999929)
(2.00000002 0.8000000023 0.3750000058)
(2.250000005 0.8000000009 0.3750000027)
(2.500000001 0.8000000002 0.3750000008)
(2.75 0.8 0.3750000002)
(3 0.8 0.375)
(3.25 0.8 0.375)
(3.5 0.8 0.375)
(3.75 0.8 0.375)
(4 0.8 0.375)
(4.25 0.8 0.375)
(4.5 0.8 0.375)
(4.75 0.8 0.375)
(5 0.8 0.375)
(-3 1 0.375)
(-2.75 1 0.375)
(-2.5 1 0.3750000002)
(-2.250000001 1 0.3750000008)
(-2.000000005 1.000000001 0.3750000019)
(-1.750000016 0.9999999997 0.3749999996)
(-1.500000036 0.9999999814 0.3749999661)
(-1.250000052 0.9999998797 0.3749997955)
(-1.000000014 0.9999995076 0.3749992472)
(-0.7499998907 0.9999985811 0.3749981584)
(-0.4999997962 0.9999970832 0.3749969731)
(-0.2499998253 0.9999960729 0.3749964884)
(-1.524982075e-09 0.9999960863 0.3749966538)
(0.2499998232 0.9999960794 0.3749965218)
(0.4999997954 0.9999970889 0.3749970346)
(0.7499998904 0.9999985844 0.3749981896)
(1.000000014 0.9999995097 0.3749992338)
(1.250000052 0.9999998808 0.3749997748)
(1.500000036 0.9999999819 0.3749999544)
(1.750000016 0.9999999998 0.3749999951)
(2.000000005 1.000000001 0.3750000006)
(2.250000001 1 0.3750000005)
(2.5 1 0.3750000001)
(2.75 1 0.375)
(3 1 0.375)
(3.25 1 0.375)
(3.5 1 0.375)
(3.75 1 0.375)
(4 1 0.375)
(4.25 1 0.375)
(4.5 1 0.375)
(4.75 1 0.375)
(5 1 0.375)
(-3 1.2 0.375)
(-2.75 1.2 0.375)
(-2.5 1.2 0.375)
(-2.25 1.2 0.3750000001)
(-2.000000001 1.2 0.3750000004)
(-1.750000003 1.2 0.3749999998)
(-1.500000008 1.199999996 0.3749999924)
(-1.250000012 1.199999971 0.3749999555)
(-1.000000004 1.199999878 0.3749998388)
(-0.7499999766 1.199999647 0.3749996068)
(-0.4999999542 1.199999282 0.3749993405)
(-0.2499999601 1.199999029 0.3749992111)
(-3.777214907e-10 1.199999015 0.374999227)
(0.2499999596 1.199999031 0.3749992197)
(0.499999954 1.199999284 0.3749993551)
(0.7499999765 1.199999648 0.3749996135)
(1.000000004 1.199999879 0.3749998345)
(1.250000012 1.199999971 0.3749999495)
(1.500000008 1.199999996 0.374999989)
(1.750000003 1.2 0.3749999985)
(2.000000001 1.2 0.375)
(2.25 1.2 0.3750000001)
(2.5 1.2 0.375)
(2.75 1.2 0.375)
(3 1.2 0.375)
(3.25 1.2 0.375)
(3.5 1.2 0.375)
(3.75 1.2 0.375)
(4 1.2 0.375)
(4.25 1.2 0.375)
(4.5 1.2 0.375)
(4.75 1.2 0.375)
(5 1.2 0.375)
(-3 1.4 0.375)
(-2.75 1.4 0.375)
(-2.5 1.4 0.375)
(-2.25 1.4 0.375)
(-2 1.4 0.3750000001)
(-1.750000001 1.4 0.375)
(-1.500000002 1.399999999 0.3749999987)
(-1.250000002 1.399999994 0.374999992)
(-1.000000001 1.399999975 0.3749999707)
(-0.7499999957 1.399999926 0.3749999277)
(-0.4999999911 1.39999985 0.3749998763)
(-0.2499999921 1.399999796 0.3749998483)
(-8.460072328e-11 1.39999979 0.3749998486)
(0.249999992 1.399999796 0.3749998501)
(0.4999999911 1.39999985 0.3749998793)
(0.7499999957 1.399999926 0.3749999289)
(1.000000001 1.399999975 0.3749999695)
(1.250000002 1.399999994 0.3749999905)
(1.500000002 1.399999999 0.3749999978)
(1.750000001 1.4 0.3749999997)
(2 1.4 0.375)
(2.25 1.4 0.375)
(2.5 1.4 0.375)
(2.75 1.4 0.375)
(3 1.4 0.375)
(3.25 1.4 0.375)
(3.5 1.4 0.375)
(3.75 1.4 0.375)
(4 1.4 0.375)
(4.25 1.4 0.375)
(4.5 1.4 0.375)
(4.75 1.4 0.375)
(5 1.4 0.375)
(-3 1.6 0.375)
(-2.75 1.6 0.375)
(-2.5 1.6 0.375)
(-2.25 1.6 0.375)
(-2 1.6 0.375)
(-1.75 1.6 0.375)
(-1.5 1.6 0.3749999998)
(-1.25 1.599999999 0.3749999988)
(-1 1.599999996 0.3749999954)
(-0.7499999993 1.599999987 0.3749999885)
(-0.4999999985 1.599999973 0.3749999799)
(-0.2499999986 1.599999963 0.3749999748)
(-1.706150678e-11 1.599999962 0.3749999745)
(0.2499999986 1.599999963 0.3749999751)
(0.4999999985 1.599999973 0.3749999804)
(0.7499999993 1.599999987 0.3749999887)
(1 1.599999996 0.3749999952)
(1.25 1.599999999 0.3749999985)
(1.5 1.6 0.3749999996)
(1.75 1.6 0.3749999999)
(2 1.6 0.375)
(2.25 1.6 0.375)
(2.5 1.6 0.375)
(2.75 1.6 0.375)
(3 1.6 0.375)
(3.25 1.6 0.375)
(3.5 1.6 0.375)
(3.75 1.6 0.375)
(4 1.6 0.375)
(4.25 1.6 0.375)
(4.5 1.6 0.375)
(4.75 1.6 0.375)
(5 1.6 0.375)
(-3 1.8 0.375)
(-2.75 1.8 0.375)
(-2.5 1.8 0.375)
(-2.25 1.8 0.375)
(-2 1.8 0.375)
(-1.75 1.8 0.375)
(-1.5 1.8 0.375)
(-1.25 1.8 0.3749999998)
(-1 1.799999999 0.3749999994)
(-0.7499999999 1.799999998 0.3749999984)
(-0.4999999998 1.799999996 0.3749999971)
(-0.2499999998 1.799999994 0.3749999963)
(-3.103735094e-12 1.799999994 0.3749999963)
(0.2499999998 1.799999994 0.3749999964)
(0.4999999998 1.799999996 0.3749999972)
(0.7499999999 1.799999998 0.3749999984)
(1 1.799999999 0.3749999993)
(1.25 1.8 0.3749999998)
(1.5 1.8 0.375)
(1.75 1.8 0.375)
(2 1.8 0.375)
(2.25 1.8 0.375)
(2.5 1.8 0.375)
(2.75 1.8 0.375)
(3 1.8 0.375)
(3.25 1.8 0.375)
(3.5 1.8 0.375)
(3.75 1.8 0.375)
(4 1.8 0.375)
(4.25 1.8 0.375)
(4.5 1.8 0.375)
(4.75 1.8 0.375)
(5 1.8 0.375)
(-3 2 0.375)
(-2.75 2 0.375)
(-2.5 2 0.375)
(-2.25 2 0.375)
(-2 2 0.375)
(-1.75 2 0.375)
(-1.5 2 0.375)
(-1.25 2 0.375)
(-1 2 0.3749999999)
(-0.75 2 0.3749999998)
(-0.5 2 0.3749999995)
(-0.25 2 0.3749999994)
(-6.579114641e-13 2 0.3749999994)
(0.25 2 0.3749999994)
(0.5 2 0.3749999996)
(0.75 2 0.3749999998)
(1 2 0.3749999999)
(1.25 2 0.375)
(1.5 2 0.375)
(1.75 2 0.375)
(2 2 0.375)
(2.25 2 0.375)
(2.5 2 0.375)
(2.75 2 0.375)
(3 2 0.375)
(3.25 2 0.375)
(3.5 2 0.375)
(3.75 2 0.375)
(4 2 0.375)
(4.25 2 0.375)
(4.5 2 0.375)
(4.75 2 0.375)
(5 2 0.375)
(-3 -2 0.5)
(-2.75 -2 0.5)
(-2.5 -2 0.5)
(-2.25 -2 0.5)
(-2 -2 0.5)
(-1.75 -2 0.5)
(-1.5 -2 0.5)
(-1.25 -2 0.5)
(-1 -2 0.5)
(-0.75 -2 0.4999999999)
(-0.5 -2 0.4999999998)
(-0.25 -2 0.4999999998)
(-2.14512181e-13 -2 0.4999999998)
(0.25 -2 0.4999999998)
(0.5 -2 0.4999999998)
(0.75 -2 0.4999999999)
(1 -2 0.5)
(1.25 -2 0.5)
(1.5 -2 0.5)
(1.75 -2 0.5)
(2 -2 0.5)
(2.25 -2 0.5)
(2.5 -2 0.5)
(2.75 -2 0.5)
(3 -2 0.5)
(3.25 -2 0.5)
(3.5 -2 0.5)
(3.75 -2 0.5)
(4 -2 0.5)
(4.25 -2 0.5)
(4.5 -2 0.5)
(4.75 -2 0.5)
(5 -2 0.5)
(-3 -1.8 0.5)
(-2.75 -1.8 0.5)
(-2.5 -1.8 0.5)
(-2.25 -1.8 0.5)
(-2 -1.8 0.5)
(-1.75 -1.8 0.5)
(-1.5 -1.8 0.5)
(-1.25 -1.8 0.4999999999)
(-1 -1.8 0.4999999997)
(-0.75 -1.799999999 0.4999999994)
(-0.4999999999 -1.799999999 0.4999999989)
(-0.2499999999 -1.799999998 0.4999999987)
(-1.050664416e-12 -1.799999998 0.4999999986)
(0.2499999999 -1.799999998 0.4999999986)
(0.4999999999 -1.799999999 0.4999999989)
(0.75 -1.799999999 0.4999999994)
(1 -1.8 0.4999999997)
(1.25 -1.8 0.4999999999)
(1.5 -1.8 0.5)
(1.75 -1.8 0.5)
(2 -1.8 0.5)
(2.25 -1.8 0.5)
(2.5 -1.8 0.5)
(2.75 -1.8 0.5)
(3 -1.8 0.5)
(3.25 -1.8 0.5)
(3.5 -1.8 0.5)
(3.75 -1.8 0.5)
(4 -1.8 0.5)
(4.25 -1.8 0.5)
(4.5 -1.8 0.5)
(4.75 -1.8 0.5)
(5 -1.8 0.5)
(-3 -1.6 0.5)
(-2.75 -1.6 0.5)
(-2.5 -1.6 0.5)
(-2.25 -1.6 0.5)
(-2 -1.6 0.5)
(-1.75 -1.6 0.5)
(-1.5 -1.6 0.4999999998)
(-1.25 -1.6 0.4999999994)
(-1 -1.599999999 0.499999998)
(-0.7499999997 -1.599999996 0.4999999955)
(-0.4999999995 -1.599999992 0.4999999924)
(-0.2499999996 -1.599999989 0.4999999906)
(-6.034935881e-12 -1.599999988 0.4999999905)
(0.2499999996 -1.599999989 0.4999999905)
(0.4999999995 -1.599999992 0.4999999923)
(0.7499999997 -1.599999996 0.4999999954)
(1 -1.599999999 0.499999998)
(1.25 -1.6 0.4999999994)
(1.5 -1.6 0.4999999999)
(1.75 -1.6 0.5)
(2 -1.6 0.5)
(2.25 -1.6 0.5)
(2.5 -1.6 0.5)
(2.75 -1.6 0.5)
(3 -1.6 0.5)
(3.25 -1.6 0.5)
(3.5 -1.6 0.5)
(3.75 -1.6 0.5)
(4 -1.6 0.5)
(4.25 -1.6 0.5)
(4.5 -1.6 0.5)
(4.75 -1.6 0.5)
(5 -1.6 0.5)
(-3 -1.4 0.5)
(-2.75 -1.4 0.5)
(-2.5 -1.4 0.5)
(-2.25 -1.4 0.5)
(-2 -1.4 0.5)
(-1.75 -1.4 0.4999999998)
(-1.5 -1.4 0.499999999)
(-1.250000001 -1.399999998 0.4999999958)
(-1 -1.399999992 0.4999999871)
(-0.7499999983 -1.399999976 0.4999999711)
(-0.4999999969 -1.399999953 0.4999999529)
(-0.2499999974 -1.399999936 0.4999999434)
(-3.105359743e-11 -1.399999934 0.4999999433)
(0.2499999974 -1.399999936 0.4999999429)
(0.4999999969 -1.399999953 0.4999999521)
(0.7499999983 -1.399999976 0.4999999707)
(0.9999999999 -1.399999992 0.4999999872)
(1.250000001 -1.399999998 0.499999996)
(1.5 -1.4 0.4999999991)
(1.75 -1.4 0.4999999999)
(2 -1.4 0.5)
(2.25 -1.4 0.5)
(2.5 -1.4 0.5)
(2.75 -1.4 0.5)
(3 -1.4 0.5)
(3.25 -1.4 0.5)
(3.5 -1.4 0.5)
(3.75 -1.4 0.5)
(4 -1.4 0.5)
(4.25 -1.4 0.5)
(4.5 -1.4 0.5)
(4.75 -1.4 0.5)
(5 -1.4 0.5)
(-3 -1.2 0.5)
(-2.75 -1.2 0.5)
(-2.5 -1.2 0.5)
(-2.25 -1.2 0.5)
(-2 -1.2 0.4999999999)
(-1.750000001 -1.2 0.499999999)
(-1.500000002 -1.199999998 0.4999999943)
(-1.250000002 -1.199999989 0.4999999767)
(-0.9999999992 -1.199999958 0.4999999286)
(-0.7499999905 -1.199999884 0.4999998422)
(-0.4999999841 -1.199999772 0.4999997497)
(-0.249999987 -1.199999694 0.4999997077)
(-1.425328365e-10 -1.199999686 0.499999713)
(0.2499999868 -1.199999694 0.4999997055)
(0.499999984 -1.199999772 0.499999746)
(0.7499999905 -1.199999884 0.4999998402)
(0.9999999992 -1.199999958 0.4999999289)
(1.250000002 -1.199999989 0.4999999774)
(1.500000002 -1.199999998 0.4999999947)
(1.750000001 -1.2 0.4999999991)
(2 -1.2 0.4999999999)
(2.25 -1.2 0.5)
(2.5 -1.2 0.5)
(2.75 -1.2 0.5)
(3 -1.2 0.5)
(3.25 -1.2 0.5)
(3.5 -1.2 0.5)
(3.75 -1.2 0.5)
(4 -1.2 0.5)
(4.25 -1.2 0.5)
(4.5 -1.2 0.5)
(4.75 -1.2 0.5)
(5 -1.2 0.5)
(-3 -1 0.5)
(-2.75 -1 0.5)
(-2.5 -1 0.5)
(-2.25 -1 0.5)
(-2.000000001 -1 0.4999999996)
(-1.750000004 -0.999999999 0.4999999957)
(-1.500000009 -0.9999999911 0.4999999744)
(-1.250000011 -0.9999999532 0.4999998924)
(-0.9999999952 -0.9999998258 0.499999667)
(-0.7499999559 -0.9999995283 0.4999992653)
(-0.4999999292 -0.9999990763 0.4999988676)
(-0.2499999432 -0.9999987691 0.4999987268)
(-5.84020926e-10 -0.9999987517 0.4999987841)
(0.2499999424 -0.9999987654 0.4999987185)
(0.4999999288 -0.9999990729 0.4999988527)
(0.7499999558 -0.9999995264 0.4999992563)
(0.9999999951 -0.9999998247 0.4999996663)
(1.250000011 -0.9999999527 0.4999998936)
(1.500000009 -0.9999999909 0.499999975)
(1.750000004 -0.999999999 0.4999999958)
(2.000000001 -1 0.4999999996)
(2.25 -1 0.5)
(2.5 -1 0.5)
(2.75 -1 0.5)
(3 -1 0.5)
(3.25 -1 0.5)
(3.5 -1 0.5)
(3.75 -1 0.5)
(4 -1 0.5)
(4.25 -1 0.5)
(4.5 -1 0.5)
(4.75 -1 0.5)
(5 -1 0.5)
(-3 -0.8 0.5)
(-2.75 -0.8 0.5)
(-2.5 -0.8 0.5000000002)
(-2.250000001 -0.8000000001 0.5000000004)
(-2.000000005 -0.7999999998 0.4999999992)
(-1.750000016 -0.7999999955 0.4999999857)
(-1.500000034 -0.7999999671 0.4999999068)
(-1.250000042 -0.7999998393 0.4999995913)
(-0.9999999817 -0.7999994167 0.4999987016)
(-0.7499998278 -0.7999984293 0.4999971119)
(-0.4999997346 -0.7999969157 0.4999956961)
(-0.2499997925 -0.7999959198 0.4999954132)
(-2.135388528e-09 -0.7999959312 0.4999958088)
(0.2499997896 -0.7999959025 0.4999953874)
(0.4999997332 -0.7999969001 0.499995646)
(0.7499998274 -0.7999984207 0.4999970789)
(0.9999999816 -0.7999994119 0.4999986937)
(1.250000042 -0.7999998369 0.4999995898)
(1.500000034 -0.7999999662 0.4999999058)
(1.750000016 -0.7999999952 0.4999999851)
(2.000000005 -0.7999999997 0.499999999)
(2.250000001 -0.8000000001 0.5000000003)
(2.5 -0.8 0.5000000001)
(2.75 -0.8 0.5)
(3 -0.8 0.5)
(3.25 -0.8 0.5)
(3.5 -0.8 0.5)
(3.75 -0.8 0.5)
(4 -0.8 0.5)
(4.25 -0.8 0.5)
(4.5 -0.8 0.5)
(4.75 -0.8 0.5)
(5 -0.8 0.5)
(-3 -0.6 0.5)
(-2.75 -0.6 0.5000000002)
(-2.500000001 -0.6000000001 0.5000000007)
(-2.250000005 -0.6000000001 0.500000002)
(-2.000000018 -0.5999999989 0.5000000012)
(-1.750000053 -0.5999999866 0.4999999674)
(-1.500000119 -0.5999999116 0.4999997392)
(-1.250000153 -0.5999995792 0.4999987605)
(-0.9999999587 -0.5999984759 0.4999958524)
(-0.7499994435 -0.5999958728 0.499990561)
(-0.4999991778 -0.599991843 0.4999865445)
(-0.249999381 -0.5999893027 0.4999868025)
(-6.973101605e-09 -0.5999895874 0.4999888328)
(0.2499993717 -0.5999892316 0.4999867407)
(0.4999991739 -0.5999917824 0.4999864139)
(0.7499994423 -0.599995841 0.4999904683)
(0.9999999584 -0.5999984576 0.4999958167)
(1.250000153 -0.5999995702 0.4999987405)
(1.500000119 -0.5999999082 0.4999997277)
(1.750000053 -0.5999999856 0.4999999623)
(2.000000018 -0.5999999986 0.4999999995)
(2.250000005 -0.6 0.5000000016)
(2.500000001 -0.6 0.5000000006)
(2.75 -0.6 0.5000000001)
(3 -0.6 0.5)
(3.25 -0.6 0.5)
(3.5 -0.6 0.5)
(3.75 -0.6 0.5)
(4 -0.6 0.5)
(4.25 -0.6 0.5)
(4.5 -0.6 0.5)
(4.75 -0.6 0.5)
(5 -0.6 0.5)
(-3 -0.4 0.5000000001)
(-2.750000001 -0.4 0.5000000005)
(-2.500000003 -0.4000000001 0.5000000023)
(-2.250000013 -0.4 0.5000000079)
(-2.000000049 -0.3999999976 0.5000000151)
(-1.750000151 -0.3999999754 0.4999999633)
(-1.500000344 -0.3999998411 0.4999994813)
(-1.250000476 -0.3999992325 0.4999971479)
(-0.9999999893 -0.3999971324 0.4999895713)
(-0.7499985509 -0.3999920158 0.4999749928)
(-0.4999979635 -0.3999842195 0.4999665673)
(-0.2499985649 -0.3999795078 0.4999716547)
(-2.039150385e-08 -0.399980731 0.4999795875)
(0.2499985391 -0.3999792581 0.4999715543)
(0.4999979532 -0.3999840229 0.4999663311)
(0.7499985479 -0.3999919192 0.4999748114)
(0.9999999885 -0.3999970754 0.4999894674)
(1.250000476 -0.3999992042 0.4999970693)
(1.500000344 -0.3999998303 0.4999994366)
(1.750000151 -0.3999999721 0.499999945)
(2.000000049 -0.3999999968 0.5000000094)
(2.250000013 -0.3999999998 0.5000000064)
(2.500000003 -0.4 0.500000002)
(2.750000001 -0.4 0.5000000005)
(3 -0.4 0.5000000001)
(3.25 -0.4 0.5)
(3.5 -0.4 0.5)
(3.75 -0.4 0.5)
(4 -0.4 0.5)
(4.25 -0.4 0.5)
(4.5 -0.4 0.5)
(4.75 -0.4 0.5)
(5 -0.4 0.5)
(-3 -0.2 0.5000000003)
(-2.750000001 -0.2 0.5000000012)
(-2.500000006 -0.2 0.5000000054)
(-2.250000027 -0.1999999998 0.5000000202)
(-2.000000103 -0.1999999972 0.5000000532)
(-1.750000321 -0.1999999764 0.5000000313)
(-1.500000762 -0.1999998482 0.4999993542)
(-1.250001157 -0.1999992324 0.4999953923)
(-1.000000273 -0.1999968817 0.4999806153)
(-0.7499971512 -0.1999907661 0.4999491128)
(-0.4999962046 -0.1999823453 0.4999383962)
(-0.2499976536 -0.1999773244 0.4999619216)
(-5.244442157e-08 -0.1999794904 0.4999840409)
(0.2499975925 -0.1999766132 0.4999618331)
(0.4999961826 -0.1999818387 0.4999381744)
(0.749997145 -0.1999905373 0.4999489114)
(1.000000272 -0.1999967445 0.4999804117)
(1.250001156 -0.1999991649 0.4999952115)
(1.500000762 -0.199999823 0.499999255)
(1.750000321 -0.1999999689 0.4999999926)
(2.000000103 -0.1999999954 0.5000000415)
(2.250000027 -0.1999999994 0.5000000173)
(2.500000006 -0.1999999999 0.5000000048)
(2.750000001 -0.2 0.500000001)
(3 -0.2 0.5000000002)
(3.25 -0.2 0.5)
(3.5 -0.2 0.5)
(3.75 -0.2 0.5)
(4 -0.2 0.5)
(4.25 -0.2 0.5)
(4.5 -0.2 0.5)
(4.75 -0.2 0.5)
(5 -0.2 0.5)
(-3 1.268462893e-11 0.5000000004)
(-2.750000002 5.006813982e-11 0.5000000016)
(-2.500000008 2.3075048e-10 0.5000000077)
(-2.250000037 9.125298967e-10 0.5000000301)
(-2.000000141 2.981999987e-09 0.5000000889)
(-1.75000045 7.565968387e-09 0.5000001279)
(-1.500001105 1.246849643e-08 0.4999994786)
(-1.250001808 2.184836446e-09 0.4999948849)
(-1.000000823 -5.643138363e-08 0.4999761188)
(-0.7499964228 -1.692721818e-07 0.4999329063)
(-0.4999954111 -4.779276376e-07 0.4999295445)
(-0.2499976209 -8.550911325e-07 0.4999801738)
(-1.02055531e-07 -3.791296712e-07 0.5000149923)
(0.2499975155 4.659743325e-07 0.4999801589)
(0.499995378 3.601315338e-07 0.4999295525)
(0.749996414 1.774953319e-07 0.499932831)
(1.000000821 1.5920767e-07 0.4999759015)
(1.250001807 1.055544254e-07 0.4999946744)
(1.500001105 4.996811629e-08 0.4999993643)
(1.75000045 1.843373746e-08 0.500000084)
(2.000000141 5.589101968e-09 0.5000000757)
(2.250000037 1.443323467e-09 0.5000000269)
(2.500000008 3.236627091e-10 0.500000007)
(2.750000002 6.372661153e-11 0.5000000015)
(3 1.108295957e-11 0.5000000003)
(3.25 1.705317205e-12 0.5)
(3.5 2.319354067e-13 0.5)
(3.75 2.781101554e-14 0.5)
(4 2.929038779e-15 0.5)
(4.25 2.696710264e-16 0.5)
(4.5 2.157864022e-17 0.5)
(4.75 1.491063615e-18 0.5)
(5 1.120597505e-19 0.5)
(-3 0.2 0.5000000003)
(-2.750000001 0.2000000001 0.5000000012)
(-2.500000006 0.2000000003 0.5000000054)
(-2.250000027 0.2000000011 0.5000000205)
(-2.000000103 0.2000000015 0.5000000549)
(-1.750000321 0.1999999869 0.5000000376)
(-1.500000762 0.1999998647 0.4999993728)
(-1.250001157 0.1999992337 0.4999954304)
(-1.000000273 0.1999968069 0.4999806439)
(-0.7499971514 0.1999905399 0.4999489996)
(-0.4999962058 0.1999817588 0.4999381911)
(-0.2499976579 0.1999763742 0.4999618487)
(-6.137245821e-08 0.1999790727 0.4999840593)
(0.2499975883 0.1999770853 0.4999619277)
(0.4999961815 0.1999822653 0.4999383977)
(0.7499971448 0.1999907686 0.4999490797)
(1.000000272 0.199996944 0.4999805226)
(1.250001156 0.1999993012 0.4999952976)
(1.500000762 0.1999998899 0.4999992992)
(1.750000321 0.1999999943 0.5000000089)
(2.000000103 0.2000000033 0.5000000463)
(2.250000027 0.2000000015 0.5000000184)
(2.500000006 0.2000000004 0.500000005)
(2.750000001 0.2000000001 0.5000000011)
(3 0.2 0.5000000002)
(3.25 0.2 0.5)
(3.5 0.2 0.5)
(3.75 0.2 0.5)
(4 0.2 0.5)
(4.25 0.2 0.5)
(4.5 0.2 0.5)
(4.75 0.2 0.5)
(5 0.2 0.5)
(-3 0.4 0.5000000001)
(-2.750000001 0.4 0.5000000005)
(-2.500000003 0.4000000002 0.5000000024)
(-2.250000013 0.4000000006 0.5000000084)
(-2.000000049 0.3999999995 0.5000000175)
(-1.750000151 0.39999998 0.4999999722)
(-1.500000344 0.3999998481 0.4999995069)
(-1.250000476 0.3999992323 0.4999971978)
(-0.9999999893 0.3999970999 0.4999896046)
(-0.7499985511 0.3999919188 0.4999748685)
(-0.4999979642 0.3999839866 0.4999663485)
(-0.2499985671 0.3999791601 0.4999715741)
(-2.460613761e-08 0.3999805742 0.4999796179)
(0.2499985369 0.3999794097 0.4999716706)
(0.4999979526 0.3999841829 0.4999665712)
(0.7499985477 0.3999920153 0.4999749829)
(0.9999999884 0.3999971569 0.4999895427)
(1.250000476 0.3999992606 0.4999971178)
(1.500000344 0.3999998589 0.499999463)
(1.750000151 0.3999999833 0.4999999556)
(2.000000049 0.4000000003 0.5000000126)
(2.250000013 0.4000000008 0.5000000072)
(2.500000003 0.4000000002 0.5000000022)
(2.750000001 0.4000000001 0.5000000005)
(3 0.4 0.5000000001)
(3.25 0.4 0.5)
(3.5 0.4 0.5)
(3.75 0.4 0.5)
(4 0.4 0.5)
(4.25 0.4 0.5)
(4.5 0.4 0.5)
(4.75 0.4 0.5)
(5 0.4 0.5)
(-3 0.6 0.5)
(-2.75 0.6 0.5000000002)
(-2.500000001 0.6000000001 0.5000000008)
(-2.250000005 0.6000000003 0.5000000024)
(-2.000000018 0.5999999995 0.500000003)
(-1.750000053 0.5999999881 0.4999999738)
(-1.500000119 0.5999999138 0.4999997572)
(-1.250000153 0.5999995789 0.4999987941)
(-0.9999999587 0.5999984654 0.4999958753)
(-0.7499994435 0.5999958403 0.4999904955)
(-0.499999178 0.5999917695 0.4999864254)
(-0.2499993818 0.5999891995 0.4999867561)
(-8.253186812e-09 0.5999895391 0.499988856)
(0.249999371 0.5999892704 0.4999868161)
(0.4999991736 0.59999183 0.4999865488)
(0.7499994422 0.5999958721 0.4999905594)
(0.9999999584 0.5999984837 0.4999958469)
(1.250000153 0.599999588 0.4999987531)
(1.500000119 0.5999999173 0.4999997345)
(1.750000053 0.5999999892 0.4999999654)
(2.000000018 0.5999999998 0.5000000006)
(2.250000005 0.6000000003 0.5000000019)
(2.500000001 0.6000000001 0.5000000006)
(2.75 0.6 0.5000000002)
(3 0.6 0.5)
(3.25 0.6 0.5)
(3.5 0.6 0.5)
(3.75 0.6 0.5)
(4 0.6 0.5)
(4.25 0.6 0.5)
(4.5 0.6 0.5)
(4.75 0.6 0.5)
(5 0.6 0.5)
(-3 0.8 0.5)
(-2.75 0.8 0.5)
(-2.5 0.8 0.5000000002)
(-2.250000001 0.8000000001 0.5000000005)
(-2.000000005 0.8 0.5000000001)
(-1.750000016 0.7999999959 0.4999999889)
(-1.500000034 0.7999999676 0.4999999155)
(-1.250000042 0.7999998391 0.4999996072)
(-0.9999999817 0.7999994137 0.4999987128)
(-0.7499998278 0.7999984203 0.499997089)
(-0.4999997346 0.7999968964 0.4999956517)
(-0.2499997927 0.7999958937 0.4999953954)
(-2.426079353e-09 0.7999959184 0.4999958204)
(0.2499997894 0.7999959109 0.4999954206)
(0.4999997332 0.799996912 0.4999956988)
(0.7499998273 0.7999984289 0.499997112)
(0.9999999816 0.7999994185 0.4999987005)
(1.250000042 0.7999998414 0.4999995899)
(1.500000034 0.7999999685 0.4999999058)
(1.750000016 0.7999999961 0.4999999853)
(2.000000005 0.8 0.4999999991)
(2.250000001 0.8000000002 0.5000000003)
(2.5 0.8 0.5000000001)
(2.75 0.8 0.5)
(3 0.8 0.5)
(3.25 0.8 0.5)
(3.5 0.8 0.5)
(3.75 0.8 0.5)
(4 0.8 0.5)
(4.25 0.8 0.5)
(4.5 0.8 0.5)
(4.75 0.8 0.5)
(5 0.8 0.5)
(-3 1 0.5)
(-2.75 1 0.5)
(-2.5 1 0.5)
(-2.25 1 0.5000000001)
(-2.000000001 1 0.4999999999)
(-1.750000004 0.9999999991 0.4999999968)
(-1.500000009 0.9999999912 0.4999999776)
(-1.250000011 0.9999999532 0.4999998983)
(-0.9999999952 0.9999998251 0.4999996715)
(-0.7499999559 0.9999995262 0.4999992594)
(-0.4999999292 0.9999990719 0.4999988548)
(-0.2499999433 0.9999987633 0.4999987217)
(-6.33812426e-10 0.9999987488 0.4999987885)
(0.2499999424 0.999998767 0.4999987297)
(0.4999999288 0.9999990754 0.4999988688)
(0.7499999558 0.9999995282 0.4999992655)
(0.9999999951 0.9999998261 0.4999996668)
(1.250000011 0.9999999537 0.4999998922)
(1.500000009 0.9999999914 0.4999999742)
(1.750000004 0.9999999991 0.4999999956)
(2.000000001 1 0.4999999996)
(2.25 1 0.5)
(2.5 1 0.5)
(2.75 1 0.5)
(3 1 0.5)
(3.25 1 0.5)
(3.5 1 0.5)
(3.75 1 0.5)
(4 1 0.5)
(4.25 1 0.5)
(4.5 1 0.5)
(4.75 1 0.5)
(5 1 0.5)
(-3 1.2 0.5)
(-2.75 1.2 0.5)
(-2.5 1.2 0.5)
(-2.25 1.2 0.5)
(-2 1.2 0.5)
(-1.750000001 1.2 0.4999999993)
(-1.500000002 1.199999998 0.4999999953)
(-1.250000002 1.199999989 0.4999999785)
(-0.9999999992 1.199999958 0.4999999302)
(-0.7499999905 1.199999884 0.4999998411)
(-0.4999999841 1.199999771 0.4999997467)
(-0.249999987 1.199999693 0.4999997065)
(-1.484017777e-10 1.199999686 0.4999997143)
(0.2499999867 1.199999694 0.4999997086)
(0.499999984 1.199999772 0.4999997501)
(0.7499999905 1.199999884 0.4999998423)
(0.9999999992 1.199999958 0.4999999286)
(1.250000002 1.199999989 0.4999999767)
(1.500000002 1.199999998 0.4999999943)
(1.750000001 1.2 0.499999999)
(2 1.2 0.4999999999)
(2.25 1.2 0.5)
(2.5 1.2 0.5)
(2.75 1.2 0.5)
(3 1.2 0.5)
(3.25 1.2 0.5)
(3.5 1.2 0.5)
(3.75 1.2 0.5)
(4 1.2 0.5)
(4.25 1.2 0.5)
(4.5 1.2 0.5)
(4.75 1.2 0.5)
(5 1.2 0.5)
(-3 1.4 0.5)
(-2.75 1.4 0.5)
(-2.5 1.4 0.5)
(-2.25 1.4 0.5)
(-2 1.4 0.5)
(-1.75 1.4 0.4999999999)
(-1.5 1.4 0.4999999992)
(-1.250000001 1.399999998 0.4999999962)
(-1 1.399999992 0.4999999875)
(-0.7499999983 1.399999976 0.4999999709)
(-0.4999999969 1.399999953 0.4999999523)
(-0.2499999974 1.399999936 0.4999999432)
(-3.129179276e-11 1.399999934 0.4999999437)
(0.2499999974 1.399999936 0.4999999436)
(0.4999999969 1.399999953 0.499999953)
(0.7499999983 1.399999976 0.4999999711)
(0.9999999999 1.399999992 0.4999999871)
(1.250000001 1.399999998 0.4999999958)
(1.5 1.4 0.499999999)
(1.75 1.4 0.4999999998)
(2 1.4 0.5)
(2.25 1.4 0.5)
(2.5 1.4 0.5)
(2.75 1.4 0.5)
(3 1.4 0.5)
(3.25 1.4 0.5)
(3.5 1.4 0.5)
(3.75 1.4 0.5)
(4 1.4 0.5)
(4.25 1.4 0.5)
(4.5 1.4 0.5)
(4.75 1.4 0.5)
(5 1.4 0.5)
(-3 1.6 0.5)
(-2.75 1.6 0.5)
(-2.5 1.6 0.5)
(-2.25 1.6 0.5)
(-2 1.6 0.5)
(-1.75 1.6 0.5)
(-1.5 1.6 0.4999999999)
(-1.25 1.6 0.4999999994)
(-1 1.599999999 0.4999999981)
(-0.7499999997 1.599999996 0.4999999954)
(-0.4999999995 1.599999992 0.4999999923)
(-0.2499999996 1.599999989 0.4999999906)
(-5.943224467e-12 1.599999988 0.4999999906)
(0.2499999996 1.599999989 0.4999999907)
(0.4999999995 1.599999992 0.4999999924)
(0.7499999997 1.599999996 0.4999999955)
(1 1.599999999 0.499999998)
(1.25 1.6 0.4999999994)
(1.5 1.6 0.4999999998)
(1.75 1.6 0.5)
(2 1.6 0.5)
(2.25 1.6 0.5)
(2.5 1.6 0.5)
(2.75 1.6 0.5)
(3 1.6 0.5)
(3.25 1.6 0.5)
(3.5 1.6 0.5)
(3.75 1.6 0.5)
(4 1.6 0.5)
(4.25 1.6 0.5)
(4.5 1.6 0.5)
(4.75 1.6 0.5)
(5 1.6 0.5)
(-3 1.8 0.5)
(-2.75 1.8 0.5)
(-2.5 1.8 0.5)
(-2.25 1.8 0.5)
(-2 1.8 0.5)
(-1.75 1.8 0.5)
(-1.5 1.8 0.5)
(-1.25 1.8 0.4999999999)
(-1 1.8 0.4999999998)
(-0.75 1.799999999 0.4999999994)
(-0.4999999999 1.799999999 0.4999999989)
(-0.2499999999 1.799999998 0.4999999987)
(-1.020062163e-12 1.799999998 0.4999999986)
(0.2499999999 1.799999998 0.4999999987)
(0.4999999999 1.799999999 0.4999999989)
(0.75 1.799999999 0.4999999994)
(1 1.8 0.4999999997)
(1.25 1.8 0.4999999999)
(1.5 1.8 0.5)
(1.75 1.8 0.5)
(2 1.8 0.5)
(2.25 1.8 0.5)
(2.5 1.8 0.5)
(2.75 1.8 0.5)
(3 1.8 0.5)
(3.25 1.8 0.5)
(3.5 1.8 0.5)
(3.75 1.8 0.5)
(4 1.8 0.5)
(4.25 1.8 0.5)
(4.5 1.8 0.5)
(4.75 1.8 0.5)
(5 1.8 0.5)
(-3 2 0.5)
(-2.75 2 0.5)
(-2.5 2 0.5)
(-2.25 2 0.5)
(-2 2 0.5)
(-1.75 2 0.5)
(-1.5 2 0.5)
(-1.25 2 0.5)
(-1 2 0.5)
(-0.75 2 0.4999999999)
(-0.5 2 0.4999999998)
(-0.25 2 0.4999999998)
(-2.070053007e-13 2 0.4999999998)
(0.25 2 0.4999999998)
(0.5 2 0.4999999998)
(0.75 2 0.4999999999)
(1 2 0.5)
(1.25 2 0.5)
(1.5 2 0.5)
(1.75 2 0.5)
(2 2 0.5)
(2.25 2 0.5)
(2.5 2 0.5)
(2.75 2 0.5)
(3 2 0.5)
(3.25 2 0.5)
(3.5 2 0.5)
(3.75 2 0.5)
(4 2 0.5)
(4.25 2 0.5)
(4.5 2 0.5)
(4.75 2 0.5)
(5 2 0.5)
(-3 -2 0.625)
(-2.75 -2 0.625)
(-2.5 -2 0.625)
(-2.25 -2 0.625)
(-2 -2 0.625)
(-1.75 -2 0.625)
(-1.5 -2 0.625)
(-1.25 -2 0.625)
(-1 -2 0.625)
(-0.75 -2 0.625)
(-0.5 -2 0.625)
(-0.25 -2 0.6249999999)
(-5.900576208e-14 -2 0.6249999999)
(0.25 -2 0.6249999999)
(0.5 -2 0.625)
(0.75 -2 0.625)
(1 -2 0.625)
(1.25 -2 0.625)
(1.5 -2 0.625)
(1.75 -2 0.625)
(2 -2 0.625)
(2.25 -2 0.625)
(2.5 -2 0.625)
(2.75 -2 0.625)
(3 -2 0.625)
(3.25 -2 0.625)
(3.5 -2 0.625)
(3.75 -2 0.625)
(4 -2 0.625)
(4.25 -2 0.625)
(4.5 -2 0.625)
(4.75 -2 0.625)
(5 -2 0.625)
(-3 -1.8 0.625)
(-2.75 -1.8 0.625)
(-2.5 -1.8 0.625)
(-2.25 -1.8 0.625)
(-2 -1.8 0.625)
(-1.75 -1.8 0.625)
(-1.5 -1.8 0.625)
(-1.25 -1.8 0.625)
(-1 -1.8 0.6249999999)
(-0.75 -1.8 0.6249999998)
(-0.5 -1.8 0.6249999997)
(-0.25 -1.8 0.6249999996)
(-3.076522176e-13 -1.8 0.6249999996)
(0.25 -1.8 0.6249999996)
(0.5 -1.8 0.6249999997)
(0.75 -1.8 0.6249999998)
(1 -1.8 0.6249999999)
(1.25 -1.8 0.625)
(1.5 -1.8 0.625)
(1.75 -1.8 0.625)
(2 -1.8 0.625)
(2.25 -1.8 0.625)
(2.5 -1.8 0.625)
(2.75 -1.8 0.625)
(3 -1.8 0.625)
(3.25 -1.8 0.625)
(3.5 -1.8 0.625)
(3.75 -1.8 0.625)
(4 -1.8 0.625)
(4.25 -1.8 0.625)
(4.5 -1.8 0.625)
(4.75 -1.8 0.625)
(5 -1.8 0.625)
(-3 -1.6 0.625)
(-2.75 -1.6 0.625)
(-2.5 -1.6 0.625)
(-2.25 -1.6 0.625)
(-2 -1.6 0.625)
(-1.75 -1.6 0.625)
(-1.5 -1.6 0.6249999999)
(-1.25 -1.6 0.6249999998)
(-1 -1.6 0.6249999994)
(-0.7499999999 -1.599999999 0.6249999986)
(-0.4999999999 -1.599999998 0.6249999978)
(-0.2499999999 -1.599999997 0.6249999973)
(-1.892136138e-12 -1.599999997 0.6249999974)
(0.2499999999 -1.599999997 0.6249999973)
(0.4999999999 -1.599999998 0.6249999978)
(0.7499999999 -1.599999999 0.6249999986)
(1 -1.6 0.6249999994)
(1.25 -1.6 0.6249999998)
(1.5 -1.6 0.625)
(1.75 -1.6 0.625)
(2 -1.6 0.625)
(2.25 -1.6 0.625)
(2.5 -1.6 0.625)
(2.75 -1.6 0.625)
(3 -1.6 0.625)
(3.25 -1.6 0.625)
(3.5 -1.6 0.625)
(3.75 -1.6 0.625)
(4 -1.6 0.625)
(4.25 -1.6 0.625)
(4.5 -1.6 0.625)
(4.75 -1.6 0.625)
(5 -1.6 0.625)
(-3 -1.4 0.625)
(-2.75 -1.4 0.625)
(-2.5 -1.4 0.625)
(-2.25 -1.4 0.625)
(-2 -1.4 0.625)
(-1.75 -1.4 0.6249999999)
(-1.5 -1.4 0.6249999996)
(-1.25 -1.399999999 0.6249999986)
(-0.9999999999 -1.399999998 0.6249999959)
(-0.7499999995 -1.399999994 0.6249999911)
(-0.4999999991 -1.399999988 0.624999986)
(-0.2499999993 -1.399999984 0.6249999837)
(-1.037902647e-11 -1.399999983 0.6249999839)
(0.2499999993 -1.399999984 0.6249999836)
(0.4999999991 -1.399999988 0.6249999859)
(0.7499999995 -1.399999994 0.624999991)
(0.9999999999 -1.399999998 0.6249999959)
(1.25 -1.399999999 0.6249999987)
(1.5 -1.4 0.6249999997)
(1.75 -1.4 0.6249999999)
(2 -1.4 0.625)
(2.25 -1.4 0.625)
(2.5 -1.4 0.625)
(2.75 -1.4 0.625)
(3 -1.4 0.625)
(3.25 -1.4 0.625)
(3.5 -1.4 0.625)
(3.75 -1.4 0.625)
(4 -1.4 0.625)
(4.25 -1.4 0.625)
(4.5 -1.4 0.625)
(4.75 -1.4 0.625)
(5 -1.4 0.625)
(-3 -1.2 0.625)
(-2.75 -1.2 0.625)
(-2.5 -1.2 0.625)
(-2.25 -1.2 0.625)
(-2 -1.2 0.6249999999)
(-1.75 -1.2 0.6249999996)
(-1.5 -1.199999999 0.6249999979)
(-1.25 -1.199999997 0.624999992)
(-0.9999999993 -1.199999988 0.6249999767)
(-0.749999997 -1.199999969 0.6249999506)
(-0.4999999955 -1.19999994 0.6249999249)
(-0.2499999965 -1.19999992 0.6249999155)
(-5.046033993e-11 -1.199999918 0.6249999182)
(0.2499999964 -1.19999992 0.624999915)
(0.4999999954 -1.19999994 0.6249999242)
(0.749999997 -1.199999969 0.6249999503)
(0.9999999993 -1.199999988 0.6249999768)
(1.25 -1.199999997 0.6249999922)
(1.5 -1.199999999 0.6249999981)
(1.75 -1.2 0.6249999996)
(2 -1.2 0.6249999999)
(2.25 -1.2 0.625)
(2.5 -1.2 0.625)
(2.75 -1.2 0.625)
(3 -1.2 0.625)
(3.25 -1.2 0.625)
(3.5 -1.2 0.625)
(3.75 -1.2 0.625)
(4 -1.2 0.625)
(4.25 -1.2 0.625)
(4.5 -1.2 0.625)
(4.75 -1.2 0.625)
(5 -1.2 0.625)
(-3 -1 0.625)
(-2.75 -1 0.625)
(-2.5 -1 0.625)
(-2.25 -1 0.625)
(-2 -1 0.6249999997)
(-1.750000001 -0.9999999996 0.6249999981)
(-1.500000002 -0.9999999971 0.6249999902)
(-1.250000001 -0.999999986 0.6249999621)
(-0.9999999964 -0.9999999506 0.6249998898)
(-0.749999986 -0.9999998715 0.6249997693)
(-0.4999999797 -0.9999997562 0.6249996614)
(-0.2499999845 -0.9999996768 0.6249996344)
(-2.162222155e-10 -0.9999996686 0.6249996557)
(0.2499999842 -0.9999996753 0.6249996328)
(0.4999999795 -0.9999997548 0.6249996585)
(0.7499999859 -0.9999998707 0.6249997677)
(0.9999999964 -0.9999999502 0.6249998899)
(1.250000001 -0.9999999858 0.6249999626)
(1.500000002 -0.999999997 0.6249999904)
(1.750000001 -0.9999999996 0.6249999981)
(2 -1 0.6249999997)
(2.25 -1 0.625)
(2.5 -1 0.625)
(2.75 -1 0.625)
(3 -1 0.625)
(3.25 -1 0.625)
(3.5 -1 0.625)
(3.75 -1 0.625)
(4 -1 0.625)
(4.25 -1 0.625)
(4.5 -1 0.625)
(4.75 -1 0.625)
(5 -1 0.625)
(-3 -0.8 0.625)
(-2.75 -0.8 0.625)
(-2.5 -0.8 0.625)
(-2.25 -0.8 0.6249999999)
(-2.000000001 -0.7999999998 0.624999999)
(-1.750000003 -0.7999999982 0.6249999927)
(-1.500000006 -0.799999989 0.6249999621)
(-1.250000005 -0.7999999507 0.6249998524)
(-0.9999999861 -0.7999998319 0.6249995682)
(-0.7499999456 -0.7999995694 0.6249991014)
(-0.4999999239 -0.7999991889 0.6249987325)
(-0.2499999436 -0.799998934 0.6249987091)
(-8.13729928e-10 -0.7999989179 0.6249988355)
(0.2499999424 -0.7999989273 0.6249987038)
(0.4999999233 -0.7999991825 0.624998723)
(0.7499999454 -0.7999995659 0.6249990954)
(0.999999986 -0.7999998301 0.6249995672)
(1.250000005 -0.7999999499 0.6249998525)
(1.500000006 -0.7999999887 0.6249999621)
(1.750000003 -0.7999999981 0.6249999926)
(2.000000001 -0.7999999998 0.624999999)
(2.25 -0.8 0.6249999999)
(2.5 -0.8 0.625)
(2.75 -0.8 0.625)
(3 -0.8 0.625)
(3.25 -0.8 0.625)
(3.5 -0.8 0.625)
(3.75 -0.8 0.625)
(4 -0.8 0.625)
(4.25 -0.8 0.625)
(4.5 -0.8 0.625)
(4.75 -0.8 0.625)
(5 -0.8 0.625)
(-3 -0.6 0.625)
(-2.75 -0.6 0.625)
(-2.5 -0.6 0.6250000001)
(-2.250000001 -0.5999999999 0.625)
(-2.000000004 -0.5999999993 0.6249999974)
(-1.750000011 -0.5999999945 0.6249999788)
(-1.500000022 -0.5999999696 0.624999885)
(-1.25000002 -0.5999998688 0.6249995395)
(-0.9999999593 -0.5999995591 0.6249986269)
(-0.7499998282 -0.5999988773 0.6249971347)
(-0.4999997675 -0.5999978951 0.6249961542)
(-0.2499998338 -0.5999972568 0.6249964102)
(-2.662744605e-09 -0.5999972551 0.6249969947)
(0.24999983 -0.5999972315 0.6249963976)
(0.4999997657 -0.5999978719 0.6249961297)
(0.7499998276 -0.5999988646 0.6249971177)
(0.9999999592 -0.5999995526 0.6249986205)
(1.25000002 -0.5999998658 0.6249995361)
(1.500000022 -0.5999999685 0.624999883)
(1.750000011 -0.5999999942 0.6249999779)
(2.000000004 -0.5999999992 0.6249999971)
(2.250000001 -0.5999999999 0.6249999999)
(2.5 -0.6 0.6250000001)
(2.75 -0.6 0.625)
(3 -0.6 0.625)
(3.25 -0.6 0.625)
(3.5 -0.6 0.625)
(3.75 -0.6 0.625)
(4 -0.6 0.625)
(4.25 -0.6 0.625)
(4.5 -0.6 0.625)
(4.75 -0.6 0.625)
(5 -0.6 0.625)
(-3 -0.4 0.625)
(-2.75 -0.4 0.6250000001)
(-2.500000001 -0.4 0.6250000003)
(-2.250000003 -0.3999999998 0.6250000005)
(-2.00000001 -0.3999999985 0.6249999959)
(-1.75000003 -0.3999999895 0.6249999555)
(-1.500000064 -0.3999999434 0.6249997378)
(-1.250000068 -0.3999997577 0.6249988968)
(-0.999999918 -0.3999991791 0.6249965804)
(-0.7499995717 -0.3999978938 0.6249927448)
(-0.4999994398 -0.3999960876 0.6249908877)
(-0.2499996207 -0.3999949403 0.6249926528)
(-7.443766459e-09 -0.399995031 0.6249947243)
(0.2499996105 -0.3999948601 0.6249926322)
(0.4999994353 -0.3999960176 0.6249908445)
(0.7499995702 -0.3999978569 0.6249927109)
(0.9999999176 -0.3999991599 0.6249965599)
(1.250000068 -0.3999997488 0.6249988817)
(1.500000064 -0.3999999402 0.6249997292)
(1.75000003 -0.3999999885 0.6249999519)
(2.00000001 -0.3999999982 0.6249999948)
(2.250000003 -0.3999999998 0.6250000002)
(2.500000001 -0.4 0.6250000003)
(2.75 -0.4 0.6250000001)
(3 -0.4 0.625)
(3.25 -0.4 0.625)
(3.5 -0.4 0.625)
(3.75 -0.4 0.625)
(4 -0.4 0.625)
(4.25 -0.4 0.625)
(4.5 -0.4 0.625)
(4.75 -0.4 0.625)
(5 -0.4 0.625)
(-3 -0.2 0.6250000001)
(-2.75 -0.2 0.6250000002)
(-2.500000001 -0.2 0.6250000008)
(-2.250000006 -0.1999999998 0.6250000021)
(-2.000000021 -0.1999999983 0.6249999977)
(-1.750000064 -0.1999999893 0.6249999375)
(-1.500000142 -0.1999999432 0.624999575)
(-1.250000176 -0.1999997535 0.6249980827)
(-0.9999999037 -0.1999991359 0.6249937122)
(-0.7499992071 -0.1999977366 0.624986229)
(-0.4999989906 -0.1999958534 0.6249841285)
(-0.2499993766 -0.1999946976 0.624990382)
(-1.700730251e-08 -0.1999948849 0.6249956373)
(0.2499993544 -0.1999945001 0.624990363)
(0.4999989815 -0.1999956916 0.6249840877)
(0.7499992042 -0.1999976557 0.6249861897)
(0.9999999029 -0.1999990935 0.6249936717)
(1.250000176 -0.1999997339 0.6249980476)
(1.500000142 -0.1999999359 0.6249995554)
(1.750000064 -0.1999999871 0.6249999297)
(2.000000021 -0.1999999978 0.6249999954)
(2.250000006 -0.1999999997 0.6250000015)
(2.500000001 -0.1999999999 0.6250000007)
(2.75 -0.2 0.6250000002)
(3 -0.2 0.625)
(3.25 -0.2 0.625)
(3.5 -0.2 0.625)
(3.75 -0.2 0.625)
(4 -0.2 0.625)
(4.25 -0.2 0.625)
(4.5 -0.2 0.625)
(4.75 -0.2 0.625)
(5 -0.2 0.625)
(-3 2.778420782e-12 0.6250000001)
(-2.75 1.06943878e-11 0.6250000003)
(-2.500000002 4.860481388e-11 0.6250000012)
(-2.250000008 1.858659575e-10 0.6250000036)
(-2.000000029 5.687128799e-10 0.6250000018)
(-1.750000089 1.26054533e-09 0.6249999393)
(-1.500000204 1.310859548e-09 0.6249995214)
(-1.250000279 -3.396966e-09 0.6249977131)
(-0.9999999522 -2.128973314e-08 0.624992208)
(-0.7499990195 -6.046608287e-08 0.6249824913)
(-0.4999987835 -1.451148368e-07 0.6249819478)
(-0.2499993205 -2.218957148e-07 0.6249935049)
(-2.770825912e-08 -1.029559112e-07 0.6250014464)
(0.2499992865 9.623179454e-08 0.6249935017)
(0.4999987705 9.847507144e-08 0.6249819495)
(0.7499990156 5.563161482e-08 0.6249824743)
(0.9999999512 4.0059003e-08 0.624992165)
(1.250000279 2.486682641e-08 0.6249976716)
(1.500000204 1.169265003e-08 0.6249994983)
(1.750000089 4.335133308e-09 0.6249999303)
(2.000000029 1.319819767e-09 0.6249999991)
(2.250000008 3.403577489e-10 0.625000003)
(2.500000002 7.566733413e-11 0.6250000011)
(2.75 1.466333993e-11 0.6250000003)
(3 2.492269985e-12 0.6250000001)
(3.25 3.721836908e-13 0.625)
(3.5 4.877977362e-14 0.625)
(3.75 5.594127076e-15 0.625)
(4 5.588733141e-16 0.625)
(4.25 4.8362504e-17 0.625)
(4.5 3.599288461e-18 0.625)
(4.75 2.284386941e-19 0.625)
(5 1.571538441e-20 0.625)
(-3 0.2 0.6250000001)
(-2.75 0.2 0.6250000002)
(-2.500000001 0.2 0.6250000008)
(-2.250000006 0.2 0.6250000021)
(-2.000000021 0.1999999991 0.6249999981)
(-1.750000064 0.199999991 0.6249999389)
(-1.500000142 0.1999999449 0.6249995791)
(-1.250000176 0.1999997482 0.6249980908)
(-0.9999999037 0.1999991055 0.6249937177)
(-0.7499992072 0.1999976513 0.6249862095)
(-0.4999989909 0.1999956581 0.6249840919)
(-0.2499993776 0.1999944149 0.6249903668)
(-1.878498016e-08 0.1999947528 0.6249956412)
(0.2499993535 0.1999946124 0.6249903833)
(0.4999989812 0.1999958198 0.6249841291)
(0.7499992042 0.1999977322 0.624986221)
(0.9999999029 0.199999148 0.6249936917)
(1.250000176 0.1999997678 0.6249980623)
(1.500000142 0.1999999522 0.6249995632)
(1.750000064 0.1999999932 0.6249999327)
(2.000000021 0.1999999996 0.6249999963)
(2.250000006 0.2000000001 0.6250000017)
(2.500000001 0.2000000001 0.6250000007)
(2.75 0.2 0.6250000002)
(3 0.2 0.625)
(3.25 0.2 0.625)
(3.5 0.2 0.625)
(3.75 0.2 0.625)
(4 0.2 0.625)
(4.25 0.2 0.625)
(4.5 0.2 0.625)
(4.75 0.2 0.625)
(5 0.2 0.625)
(-3 0.4 0.625)
(-2.75 0.4 0.6250000001)
(-2.500000001 0.4 0.6250000003)
(-2.250000003 0.4 0.6250000006)
(-2.00000001 0.3999999988 0.6249999965)
(-1.75000003 0.3999999903 0.6249999575)
(-1.500000064 0.3999999441 0.6249997436)
(-1.250000068 0.3999997549 0.6249989077)
(-0.999999918 0.3999991647 0.624996588)
(-0.7499995717 0.3999978543 0.6249927241)
(-0.49999944 0.3999960014 0.624990849)
(-0.2499996213 0.3999948213 0.6249926367)
(-8.460681383e-09 0.3999949738 0.6249947305)
(0.2499996099 0.3999949015 0.6249926562)
(0.4999994351 0.3999960713 0.6249908888)
(0.7499995702 0.3999978911 0.6249927423)
(0.9999999176 0.3999991839 0.6249965736)
(1.250000068 0.3999997637 0.62499889)
(1.500000064 0.3999999474 0.6249997338)
(1.75000003 0.3999999913 0.6249999538)
(2.00000001 0.3999999991 0.6249999954)
(2.250000003 0.4 0.6250000003)
(2.500000001 0.4 0.6250000003)
(2.75 0.4 0.6250000001)
(3 0.4 0.625)
(3.25 0.4 0.625)
(3.5 0.4 0.625)
(3.75 0.4 0.625)
(4 0.4 0.625)
(4.25 0.4 0.625)
(4.5 0.4 0.625)
(4.75 0.4 0.625)
(5 0.4 0.625)
(-3 0.6 0.625)
(-2.75 0.6 0.625)
(-2.5 0.6 0.6250000001)
(-2.250000001 0.6 0.625)
(-2.000000004 0.5999999994 0.6249999978)
(-1.750000011 0.5999999948 0.6249999803)
(-1.500000022 0.5999999698 0.6249998892)
(-1.25000002 0.5999998677 0.6249995472)
(-0.9999999593 0.5999995537 0.6249986317)
(-0.7499998282 0.5999988634 0.6249971239)
(-0.4999997675 0.5999978658 0.6249961325)
(-0.249999834 0.5999972178 0.6249964011)
(-3.003834289e-09 0.5999972357 0.6249969995)
(0.2499998298 0.5999972431 0.6249964131)
(0.4999997657 0.5999978891 0.6249961552)
(0.7499998275 0.5999988761 0.6249971342)
(0.9999999591 0.5999995602 0.6249986243)
(1.25000002 0.5999998707 0.6249995377)
(1.500000022 0.5999999709 0.624999884)
(1.750000011 0.5999999951 0.6249999783)
(2.000000004 0.5999999995 0.6249999973)
(2.250000001 0.6 0.6249999999)
(2.5 0.6 0.6250000001)
(2.75 0.6 0.625)
(3 0.6 0.625)
(3.25 0.6 0.625)
(3.5 0.6 0.625)
(3.75 0.6 0.625)
(4 0.6 0.625)
(4.25 0.6 0.625)
(4.5 0.6 0.625)
(4.75 0.6 0.625)
(5 0.6 0.625)
(-3 0.8 0.625)
(-2.75 0.8 0.625)
(-2.5 0.8 0.625)
(-2.25 0.8 0.625)
(-2.000000001 0.7999999998 0.6249999992)
(-1.750000003 0.7999999982 0.6249999934)
(-1.500000006 0.799999989 0.6249999642)
(-1.250000005 0.7999999504 0.6249998562)
(-0.9999999861 0.7999998305 0.6249995716)
(-0.7499999456 0.7999995655 0.6249990978)
(-0.4999999239 0.7999991807 0.6249987243)
(-0.2499999437 0.7999989234 0.6249987057)
(-8.939297131e-10 0.7999989125 0.624998838)
(0.2499999424 0.79999893 0.6249987107)
(0.4999999233 0.799999187 0.6249987332)
(0.7499999454 0.799999569 0.6249991014)
(0.999999986 0.7999998323 0.6249995682)
(1.250000005 0.7999999512 0.624999852)
(1.500000006 0.7999999893 0.6249999619)
(1.750000003 0.7999999983 0.6249999926)
(2.000000001 0.7999999998 0.624999999)
(2.25 0.8 0.6249999999)
(2.5 0.8 0.625)
(2.75 0.8 0.625)
(3 0.8 0.625)
(3.25 0.8 0.625)
(3.5 0.8 0.625)
(3.75 0.8 0.625)
(4 0.8 0.625)
(4.25 0.8 0.625)
(4.5 0.8 0.625)
(4.75 0.8 0.625)
(5 0.8 0.625)
(-3 1 0.625)
(-2.75 1 0.625)
(-2.5 1 0.625)
(-2.25 1 0.625)
(-2 1 0.6249999998)
(-1.750000001 0.9999999996 0.6249999983)
(-1.500000002 0.9999999971 0.624999991)
(-1.250000001 0.9999999859 0.6249999636)
(-0.9999999964 0.9999999502 0.6249998911)
(-0.749999986 0.9999998706 0.6249997684)
(-0.4999999797 0.9999997543 0.624999659)
(-0.2499999845 0.9999996744 0.6249996335)
(-2.294343712e-10 0.9999996673 0.6249996567)
(0.2499999842 0.9999996759 0.6249996351)
(0.4999999795 0.9999997557 0.6249996617)
(0.7499999859 0.9999998714 0.6249997693)
(0.9999999964 0.9999999506 0.6249998898)
(1.250000001 0.9999999861 0.6249999621)
(1.500000002 0.9999999971 0.6249999902)
(1.750000001 0.9999999996 0.6249999981)
(2 1 0.6249999997)
(2.25 1 0.625)
(2.5 1 0.625)
(2.75 1 0.625)
(3 1 0.625)
(3.25 1 0.625)
(3.5 1 0.625)
(3.75 1 0.625)
(4 1 0.625)
(4.25 1 0.625)
(4.5 1 0.625)
(4.75 1 0.625)
(5 1 0.625)
(-3 1.2 0.625)
(-2.75 1.2 0.625)
(-2.5 1.2 0.625)
(-2.25 1.2 0.625)
(-2 1.2 0.625)
(-1.75 1.2 0.6249999997)
(-1.5 1.199999999 0.6249999982)
(-1.25 1.199999997 0.6249999925)
(-0.9999999993 1.199999988 0.6249999771)
(-0.749999997 1.199999969 0.6249999504)
(-0.4999999955 1.19999994 0.6249999244)
(-0.2499999965 1.19999992 0.6249999152)
(-5.167376453e-11 1.199999917 0.6249999185)
(0.2499999964 1.19999992 0.6249999157)
(0.4999999954 1.19999994 0.624999925)
(0.749999997 1.199999969 0.6249999506)
(0.9999999993 1.199999988 0.6249999767)
(1.25 1.199999997 0.624999992)
(1.5 1.199999999 0.6249999979)
(1.75 1.2 0.6249999996)
(2 1.2 0.6249999999)
(2.25 1.2 0.625)
(2.5 1.2 0.625)
(2.75 1.2 0.625)
(3 1.2 0.625)
(3.25 1.2 0.625)
(3.5 1.2 0.625)
(3.75 1.2 0.625)
(4 1.2 0.625)
(4.25 1.2 0.625)
(4.5 1.2 0.625)
(4.75 1.2 0.625)
(5 1.2 0.625)
(-3 1.4 0.625)
(-2.75 1.4 0.625)
(-2.5 1.4 0.625)
(-2.25 1.4 0.625)
(-2 1.4 0.625)
(-1.75 1.4 0.6249999999)
(-1.5 1.4 0.6249999997)
(-1.25 1.399999999 0.6249999987)
(-0.9999999999 1.399999998 0.624999996)
(-0.7499999995 1.399999994 0.6249999911)
(-0.4999999991 1.399999988 0.6249999859)
(-0.2499999993 1.399999984 0.6249999837)
(-1.029736612e-11 1.399999983 0.624999984)
(0.2499999993 1.399999984 0.6249999838)
(0.4999999991 1.399999988 0.624999986)
(0.7499999995 1.399999994 0.6249999911)
(0.9999999999 1.399999998 0.6249999959)
(1.25 1.399999999 0.6249999986)
(1.5 1.4 0.6249999996)
(1.75 1.4 0.6249999999)
(2 1.4 0.625)
(2.25 1.4 0.625)
(2.5 1.4 0.625)
(2.75 1.4 0.625)
(3 1.4 0.625)
(3.25 1.4 0.625)
(3.5 1.4 0.625)
(3.75 1.4 0.625)
(4 1.4 0.625)
(4.25 1.4 0.625)
(4.5 1.4 0.625)
(4.75 1.4 0.625)
(5 1.4 0.625)
(-3 1.6 0.625)
(-2.75 1.6 0.625)
(-2.5 1.6 0.625)
(-2.25 1.6 0.625)
(-2 1.6 0.625)
(-1.75 1.6 0.625)
(-1.5 1.6 0.625)
(-1.25 1.6 0.6249999998)
(-1 1.6 0.6249999994)
(-0.7499999999 1.599999999 0.6249999986)
(-0.4999999999 1.599999998 0.6249999978)
(-0.2499999999 1.599999997 0.6249999973)
(-1.830788775e-12 1.599999997 0.6249999974)
(0.2499999999 1.599999997 0.6249999974)
(0.4999999999 1.599999998 0.6249999978)
(0.7499999999 1.599999999 0.6249999986)
(1 1.6 0.6249999994)
(1.25 1.6 0.6249999998)
(1.5 1.6 0.6249999999)
(1.75 1.6 0.625)
(2 1.6 0.625)
(2.25 1.6 0.625)
(2.5 1.6 0.625)
(2.75 1.6 0.625)
(3 1.6 0.625)
(3.25 1.6 0.625)
(3.5 1.6 0.625)
(3.75 1.6 0.625)
(4 1.6 0.625)
(4.25 1.6 0.625)
(4.5 1.6 0.625)
(4.75 1.6 0.625)
(5 1.6 0.625)
(-3 1.8 0.625)
(-2.75 1.8 0.625)
(-2.5 1.8 0.625)
(-2.25 1.8 0.625)
(-2 1.8 0.625)
(-1.75 1.8 0.625)
(-1.5 1.8 0.625)
(-1.25 1.8 0.625)
(-1 1.8 0.6249999999)
(-0.75 1.8 0.6249999998)
(-0.5 1.8 0.6249999997)
(-0.25 1.8 0.6249999996)
(-2.925214341e-13 1.8 0.6249999996)
(0.25 1.8 0.6249999996)
(0.5 1.8 0.6249999997)
(0.75 1.8 0.6249999998)
(1 1.8 0.6249999999)
(1.25 1.8 0.625)
(1.5 1.8 0.625)
(1.75 1.8 0.625)
(2 1.8 0.625)
(2.25 1.8 0.625)
(2.5 1.8 0.625)
(2.75 1.8 0.625)
(3 1.8 0.625)
(3.25 1.8 0.625)
(3.5 1.8 0.625)
(3.75 1.8 0.625)
(4 1.8 0.625)
(4.25 1.8 0.625)
(4.5 1.8 0.625)
(4.75 1.8 0.625)
(5 1.8 0.625)
(-3 2 0.625)
(-2.75 2 0.625)
(-2.5 2 0.625)
(-2.25 2 0.625)
(-2 2 0.625)
(-1.75 2 0.625)
(-1.5 2 0.625)
(-1.25 2 0.625)
(-1 2 0.625)
(-0.75 2 0.625)
(-0.5 2 0.625)
(-0.25 2 0.6249999999)
(-5.562829944e-14 2 0.6249999999)
(0.25 2 0.6249999999)
(0.5 2 0.625)
(0.75 2 0.625)
(1 2 0.625)
(1.25 2 0.625)
(1.5 2 0.625)
(1.75 2 0.625)
(2 2 0.625)
(2.25 2 0.625)
(2.5 2 0.625)
(2.75 2 0.625)
(3 2 0.625)
(3.25 2 0.625)
(3.5 2 0.625)
(3.75 2 0.625)
(4 2 0.625)
(4.25 2 0.625)
(4.5 2 0.625)
(4.75 2 0.625)
(5 2 0.625)
(-3 -2 0.75)
(-2.75 -2 0.75)
(-2.5 -2 0.75)
(-2.25 -2 0.75)
(-2 -2 0.75)
(-1.75 -2 0.75)
(-1.5 -2 0.75)
(-1.25 -2 0.75)
(-1 -2 0.75)
(-0.75 -2 0.75)
(-0.5 -2 0.75)
(-0.25 -2 0.75)
(-1.40888048e-14 -2 0.75)
(0.25 -2 0.75)
(0.5 -2 0.75)
(0.75 -2 0.75)
(1 -2 0.75)
(1.25 -2 0.75)
(1.5 -2 0.75)
(1.75 -2 0.75)
(2 -2 0.75)
(2.25 -2 0.75)
(2.5 -2 0.75)
(2.75 -2 0.75)
(3 -2 0.75)
(3.25 -2 0.75)
(3.5 -2 0.75)
(3.75 -2 0.75)
(4 -2 0.75)
(4.25 -2 0.75)
(4.5 -2 0.75)
(4.75 -2 0.75)
(5 -2 0.75)
(-3 -1.8 0.75)
(-2.75 -1.8 0.75)
(-2.5 -1.8 0.75)
(-2.25 -1.8 0.75)
(-2 -1.8 0.75)
(-1.75 -1.8 0.75)
(-1.5 -1.8 0.75)
(-1.25 -1.8 0.75)
(-1 -1.8 0.75)
(-0.75 -1.8 0.75)
(-0.5 -1.8 0.7499999999)
(-0.25 -1.8 0.7499999999)
(-7.89770862e-14 -1.8 0.7499999999)
(0.25 -1.8 0.7499999999)
(0.5 -1.8 0.7499999999)
(0.75 -1.8 0.75)
(1 -1.8 0.75)
(1.25 -1.8 0.75)
(1.5 -1.8 0.75)
(1.75 -1.8 0.75)
(2 -1.8 0.75)
(2.25 -1.8 0.75)
(2.5 -1.8 0.75)
(2.75 -1.8 0.75)
(3 -1.8 0.75)
(3.25 -1.8 0.75)
(3.5 -1.8 0.75)
(3.75 -1.8 0.75)
(4 -1.8 0.75)
(4.25 -1.8 0.75)
(4.5 -1.8 0.75)
(4.75 -1.8 0.75)
(5 -1.8 0.75)
(-3 -1.6 0.75)
(-2.75 -1.6 0.75)
(-2.5 -1.6 0.75)
(-2.25 -1.6 0.75)
(-2 -1.6 0.75)
(-1.75 -1.6 0.75)
(-1.5 -1.6 0.75)
(-1.25 -1.6 0.7499999999)
(-1 -1.6 0.7499999998)
(-0.75 -1.6 0.7499999997)
(-0.5 -1.6 0.7499999995)
(-0.25 -1.599999999 0.7499999994)
(-5.201790152e-13 -1.599999999 0.7499999994)
(0.25 -1.599999999 0.7499999994)
(0.5 -1.6 0.7499999995)
(0.75 -1.6 0.7499999997)
(1 -1.6 0.7499999999)
(1.25 -1.6 0.75)
(1.5 -1.6 0.75)
(1.75 -1.6 0.75)
(2 -1.6 0.75)
(2.25 -1.6 0.75)
(2.5 -1.6 0.75)
(2.75 -1.6 0.75)
(3 -1.6 0.75)
(3.25 -1.6 0.75)
(3.5 -1.6 0.75)
(3.75 -1.6 0.75)
(4 -1.6 0.75)
(4.25 -1.6 0.75)
(4.5 -1.6 0.75)
(4.75 -1.6 0.75)
(5 -1.6 0.75)
(-3 -1.4 0.75)
(-2.75 -1.4 0.75)
(-2.5 -1.4 0.75)
(-2.25 -1.4 0.75)
(-2 -1.4 0.75)
(-1.75 -1.4 0.75)
(-1.5 -1.4 0.7499999999)
(-1.25 -1.4 0.7499999996)
(-1 -1.4 0.749999999)
(-0.7499999999 -1.399999999 0.7499999978)
(-0.4999999998 -1.399999997 0.7499999967)
(-0.2499999998 -1.399999997 0.7499999963)
(-3.031127868e-12 -1.399999996 0.7499999964)
(0.2499999998 -1.399999996 0.7499999962)
(0.4999999998 -1.399999997 0.7499999966)
(0.7499999999 -1.399999999 0.7499999978)
(1 -1.4 0.749999999)
(1.25 -1.4 0.7499999997)
(1.5 -1.4 0.7499999999)
(1.75 -1.4 0.75)
(2 -1.4 0.75)
(2.25 -1.4 0.75)
(2.5 -1.4 0.75)
(2.75 -1.4 0.75)
(3 -1.4 0.75)
(3.25 -1.4 0.75)
(3.5 -1.4 0.75)
(3.75 -1.4 0.75)
(4 -1.4 0.75)
(4.25 -1.4 0.75)
(4.5 -1.4 0.75)
(4.75 -1.4 0.75)
(5 -1.4 0.75)
(-3 -1.2 0.75)
(-2.75 -1.2 0.75)
(-2.5 -1.2 0.75)
(-2.25 -1.2 0.75)
(-2 -1.2 0.75)
(-1.75 -1.2 0.7499999999)
(-1.5 -1.2 0.7499999994)
(-1.25 -1.199999999 0.7499999979)
(-0.9999999997 -1.199999997 0.749999994)
(-0.7499999992 -1.199999993 0.7499999876)
(-0.4999999989 -1.199999987 0.7499999818)
(-0.2499999992 -1.199999982 0.7499999803)
(-1.54648891e-11 -1.199999982 0.7499999813)
(0.2499999992 -1.199999982 0.7499999802)
(0.4999999989 -1.199999987 0.7499999817)
(0.7499999992 -1.199999993 0.7499999875)
(0.9999999997 -1.199999997 0.749999994)
(1.25 -1.199999999 0.7499999979)
(1.5 -1.2 0.7499999995)
(1.75 -1.2 0.7499999999)
(2 -1.2 0.75)
(2.25 -1.2 0.75)
(2.5 -1.2 0.75)
(2.75 -1.2 0.75)
(3 -1.2 0.75)
(3.25 -1.2 0.75)
(3.5 -1.2 0.75)
(3.75 -1.2 0.75)
(4 -1.2 0.75)
(4.25 -1.2 0.75)
(4.5 -1.2 0.75)
(4.75 -1.2 0.75)
(5 -1.2 0.75)
(-3 -1 0.75)
(-2.75 -1 0.75)
(-2.5 -1 0.75)
(-2.25 -1 0.75)
(-2 -1 0.7499999999)
(-1.75 -0.9999999999 0.7499999994)
(-1.5 -0.9999999993 0.7499999972)
(-1.25 -0.9999999966 0.7499999896)
(-0.9999999987 -0.9999999884 0.7499999708)
(-0.7499999963 -0.9999999707 0.7499999412)
(-0.4999999951 -0.9999999455 0.7499999173)
(-0.2499999964 -0.9999999279 0.7499999143)
(-6.851069812e-11 -0.9999999254 0.7499999208)
(0.2499999963 -0.9999999274 0.749999914)
(0.499999995 -0.999999945 0.7499999168)
(0.7499999963 -0.9999999704 0.749999941)
(0.9999999987 -0.9999999883 0.7499999709)
(1.25 -0.9999999966 0.7499999897)
(1.5 -0.9999999992 0.7499999972)
(1.75 -0.9999999999 0.7499999994)
(2 -1 0.7499999999)
(2.25 -1 0.75)
(2.5 -1 0.75)
(2.75 -1 0.75)
(3 -1 0.75)
(3.25 -1 0.75)
(3.5 -1 0.75)
(3.75 -1 0.75)
(4 -1 0.75)
(4.25 -1 0.75)
(4.5 -1 0.75)
(4.75 -1 0.75)
(5 -1 0.75)
(-3 -0.8 0.75)
(-2.75 -0.8 0.75)
(-2.5 -0.8 0.75)
(-2.25 -0.8 0.75)
(-2 -0.7999999999 0.7499999996)
(-1.75 -0.7999999995 0.7499999976)
(-1.500000001 -0.7999999971 0.7499999886)
(-1.25 -0.7999999878 0.7499999583)
(-0.999999995 -0.7999999599 0.7499998843)
(-0.7499999858 -0.7999999004 0.7499997707)
(-0.4999999814 -0.7999998172 0.749999691)
(-0.2499999868 -0.7999997605 0.7499996992)
(-2.61805709e-10 -0.7999997539 0.7499997341)
(0.2499999864 -0.7999997585 0.7499996983)
(0.4999999812 -0.7999998152 0.7499996895)
(0.7499999857 -0.7999998993 0.7499997698)
(0.9999999949 -0.7999999593 0.7499998843)
(1.25 -0.7999999876 0.7499999585)
(1.500000001 -0.7999999971 0.7499999887)
(1.75 -0.7999999995 0.7499999976)
(2 -0.7999999999 0.7499999996)
(2.25 -0.8 0.75)
(2.5 -0.8 0.75)
(2.75 -0.8 0.75)
(3 -0.8 0.75)
(3.25 -0.8 0.75)
(3.5 -0.8 0.75)
(3.75 -0.8 0.75)
(4 -0.8 0.75)
(4.25 -0.8 0.75)
(4.5 -0.8 0.75)
(4.75 -0.8 0.75)
(5 -0.8 0.75)
(-3 -0.6 0.75)
(-2.75 -0.6 0.75)
(-2.5 -0.6 0.75)
(-2.25 -0.6 0.7499999999)
(-2.000000001 -0.5999999998 0.7499999988)
(-1.750000002 -0.5999999984 0.7499999924)
(-1.500000003 -0.5999999919 0.749999964)
(-1.25 -0.599999967 0.7499998674)
(-0.9999999847 -0.5999998938 0.7499996315)
(-0.7499999553 -0.59999974 0.7499992768)
(-0.4999999434 -0.5999995283 0.7499990759)
(-0.2499999611 -0.5999993877 0.7499991793)
(-8.498121723e-10 -0.5999993761 0.7499993281)
(0.2499999598 -0.5999993803 0.7499991771)
(0.4999999428 -0.5999995212 0.7499990719)
(0.7499999551 -0.599999736 0.7499992741)
(0.9999999846 -0.5999998919 0.7499996306)
(1.25 -0.5999999661 0.749999867)
(1.500000003 -0.5999999917 0.7499999637)
(1.750000002 -0.5999999984 0.7499999923)
(2.000000001 -0.5999999997 0.7499999987)
(2.25 -0.6 0.7499999999)
(2.5 -0.6 0.75)
(2.75 -0.6 0.75)
(3 -0.6 0.75)
(3.25 -0.6 0.75)
(3.5 -0.6 0.75)
(3.75 -0.6 0.75)
(4 -0.6 0.75)
(4.25 -0.6 0.75)
(4.5 -0.6 0.75)
(4.75 -0.6 0.75)
(5 -0.6 0.75)
(-3 -0.4 0.75)
(-2.75 -0.4 0.75)
(-2.5 -0.4 0.75)
(-2.25 -0.3999999999 0.7499999997)
(-2.000000002 -0.3999999995 0.7499999973)
(-1.750000005 -0.3999999969 0.7499999822)
(-1.500000009 -0.3999999847 0.7499999135)
(-1.250000004 -0.3999999384 0.7499996762)
(-0.9999999656 -0.3999998032 0.7499990873)
(-0.7499998909 -0.3999995203 0.7499982148)
(-0.4999998653 -0.3999991421 0.7499978695)
(-0.2499999114 -0.3999988911 0.7499983663)
(-2.285267297e-09 -0.3999988811 0.7499988556)
(0.2499999081 -0.3999988693 0.7499983626)
(0.4999998638 -0.3999991217 0.7499978624)
(0.7499998904 -0.399999509 0.7499982093)
(0.9999999655 -0.3999997977 0.7499990839)
(1.250000004 -0.399999936 0.7499996737)
(1.500000009 -0.3999999839 0.7499999121)
(1.750000005 -0.3999999967 0.7499999816)
(2.000000002 -0.3999999994 0.7499999971)
(2.25 -0.3999999999 0.7499999997)
(2.5 -0.4 0.75)
(2.75 -0.4 0.75)
(3 -0.4 0.75)
(3.25 -0.4 0.75)
(3.5 -0.4 0.75)
(3.75 -0.4 0.75)
(4 -0.4 0.75)
(4.25 -0.4 0.75)
(4.5 -0.4 0.75)
(4.75 -0.4 0.75)
(5 -0.4 0.75)
(-3 -0.2 0.75)
(-2.75 -0.2 0.75)
(-2.5 -0.2 0.7500000001)
(-2.250000001 -0.1999999999 0.7499999997)
(-2.000000004 -0.1999999994 0.7499999958)
(-1.750000011 -0.1999999968 0.7499999704)
(-1.500000021 -0.1999999844 0.7499998502)
(-1.250000017 -0.1999999374 0.7499994244)
(-0.9999999469 -0.1999997973 0.7499983381)
(-0.7499998034 -0.1999995049 0.7499967333)
(-0.4999997615 -0.1999991222 0.7499964062)
(-0.2499998536 -0.1999988785 0.7499979023)
(-4.831253896e-09 -0.1999988754 0.7499990614)
(0.2499998468 -0.1999988294 0.7499978988)
(0.4999997584 -0.199999078 0.7499963995)
(0.7499998024 -0.1999994814 0.7499967266)
(0.9999999466 -0.1999997858 0.749998331)
(1.250000017 -0.1999999323 0.7499994184)
(1.500000021 -0.1999999826 0.7499998468)
(1.750000011 -0.1999999963 0.7499999691)
(2.000000004 -0.1999999993 0.7499999954)
(2.250000001 -0.1999999999 0.7499999996)
(2.5 -0.2 0.75)
(2.75 -0.2 0.75)
(3 -0.2 0.75)
(3.25 -0.2 0.75)
(3.5 -0.2 0.75)
(3.75 -0.2 0.75)
(4 -0.2 0.75)
(4.25 -0.2 0.75)
(4.5 -0.2 0.75)
(4.75 -0.2 0.75)
(5 -0.2 0.75)
(-3 4.99991365e-13 0.75)
(-2.75 1.885625252e-12 0.75)
(-2.5 8.495802155e-12 0.7500000001)
(-2.250000001 3.143554063e-11 0.7499999998)
(-2.000000005 8.867551302e-11 0.7499999956)
(-1.750000015 1.545253551e-10 0.749999966)
(-1.500000031 -5.999696072e-11 0.7499998218)
(-1.25000003 -1.584085321e-09 0.7499993004)
(-0.9999999449 -6.565909606e-09 0.7499979504)
(-0.7499997589 -1.781922623e-08 0.7499959384)
(-0.4999997128 -3.884793079e-08 0.7499959237)
(-0.2499998346 -5.412964776e-08 0.7499984225)
(-7.115742627e-09 -2.647234481e-08 0.7500001115)
(0.249999825 1.846182257e-08 0.7499984219)
(0.4999997087 2.384590055e-08 0.7499959242)
(0.7499997576 1.475440004e-08 0.7499959352)
(0.9999999446 9.381860166e-09 0.7499979428)
(1.25000003 5.397815671e-09 0.7499992931)
(1.500000031 2.465687205e-09 0.7499998177)
(1.750000015 9.007109427e-10 0.7499999644)
(2.000000005 2.708984941e-10 0.7499999951)
(2.250000001 6.868095441e-11 0.7499999997)
(2.5 1.49362699e-11 0.7500000001)
(2.75 2.815415825e-12 0.75)
(3 4.625715574e-13 0.75)
(3.25 6.633899273e-14 0.75)
(3.5 8.291227989e-15 0.75)
(3.75 8.996996399e-16 0.75)
(4 8.430121844e-17 0.75)
(4.25 6.772360735e-18 0.75)
(4.5 4.622386031e-19 0.75)
(4.75 2.650204796e-20 0.75)
(5 1.635561031e-21 0.75)
(-3 0.2 0.75)
(-2.75 0.2 0.75)
(-2.5 0.2 0.7500000001)
(-2.250000001 0.2 0.7499999997)
(-2.000000004 0.1999999996 0.7499999959)
(-1.750000011 0.199999997 0.7499999707)
(-1.500000021 0.1999999843 0.749999851)
(-1.250000017 0.1999999349 0.749999426)
(-0.9999999469 0.1999997876 0.7499983392)
(-0.7499998034 0.1999994789 0.7499967303)
(-0.4999997615 0.1999990669 0.7499964002)
(-0.2499998537 0.1999988038 0.7499978996)
(-5.153749419e-09 0.1999988384 0.7499990621)
(0.2499998466 0.1999988529 0.7499979025)
(0.4999997584 0.199999111 0.7499964064)
(0.7499998024 0.1999995025 0.7499967318)
(0.9999999466 0.1999997992 0.7499983342)
(1.250000017 0.19999994 0.7499994206)
(1.500000021 0.1999999861 0.749999848)
(1.750000011 0.1999999975 0.7499999695)
(2.000000004 0.1999999997 0.7499999956)
(2.250000001 0.2 0.7499999997)
(2.5 0.2 0.75)
(2.75 0.2 0.75)
(3 0.2 0.75)
(3.25 0.2 0.75)
(3.5 0.2 0.75)
(3.75 0.2 0.75)
(4 0.2 0.75)
(4.25 0.2 0.75)
(4.5 0.2 0.75)
(4.75 0.2 0.75)
(5 0.2 0.75)
(-3 0.4 0.75)
(-2.75 0.4 0.75)
(-2.5 0.4 0.75)
(-2.25 0.4 0.7499999998)
(-2.000000002 0.3999999996 0.7499999974)
(-1.750000005 0.399999997 0.7499999826)
(-1.500000009 0.3999999846 0.7499999146)
(-1.250000004 0.3999999372 0.7499996783)
(-0.9999999656 0.3999997984 0.7499990889)
(-0.7499998909 0.3999995077 0.7499982118)
(-0.4999998654 0.3999991161 0.7499978633)
(-0.2499999115 0.3999988568 0.7499983635)
(-2.490640744e-09 0.3999988636 0.7499988567)
(0.249999908 0.3999988787 0.7499983669)
(0.4999998637 0.3999991364 0.7499978697)
(0.7499998904 0.3999995189 0.7499982143)
(0.9999999655 0.3999998039 0.7499990859)
(1.250000004 0.3999999395 0.7499996748)
(1.500000009 0.3999999855 0.7499999127)
(1.750000005 0.3999999973 0.7499999819)
(2.000000002 0.3999999996 0.7499999972)
(2.25 0.4 0.7499999997)
(2.5 0.4 0.75)
(2.75 0.4 0.75)
(3 0.4 0.75)
(3.25 0.4 0.75)
(3.5 0.4 0.75)
(3.75 0.4 0.75)
(4 0.4 0.75)
(4.25 0.4 0.75)
(4.5 0.4 0.75)
(4.75 0.4 0.75)
(5 0.4 0.75)
(-3 0.6 0.75)
(-2.75 0.6 0.75)
(-2.5 0.6 0.75)
(-2.25 0.6 0.7499999999)
(-2.000000001 0.5999999998 0.7499999989)
(-1.750000002 0.5999999985 0.7499999927)
(-1.500000003 0.5999999919 0.7499999648)
(-1.25 0.5999999665 0.7499998689)
(-0.9999999847 0.5999998919 0.7499996324)
(-0.7499999553 0.5999997354 0.7499992753)
(-0.4999999434 0.5999995191 0.7499990724)
(-0.2499999611 0.5999993757 0.7499991778)
(-9.213956652e-10 0.5999993698 0.749999329)
(0.2499999598 0.5999993831 0.7499991799)
(0.4999999428 0.5999995262 0.7499990761)
(0.7499999551 0.5999997395 0.7499992767)
(0.9999999846 0.5999998939 0.7499996308)
(1.25 0.5999999673 0.749999867)
(1.500000003 0.5999999922 0.7499999638)
(1.750000002 0.5999999986 0.7499999924)
(2.000000001 0.5999999998 0.7499999988)
(2.25 0.6 0.7499999999)
(2.5 0.6 0.75)
(2.75 0.6 0.75)
(3 0.6 0.75)
(3.25 0.6 0.75)
(3.5 0.6 0.75)
(3.75 0.6 0.75)
(4 0.6 0.75)
(4.25 0.6 0.75)
(4.5 0.6 0.75)
(4.75 0.6 0.75)
(5 0.6 0.75)
(-3 0.8 0.75)
(-2.75 0.8 0.75)
(-2.5 0.8 0.75)
(-2.25 0.8 0.75)
(-2 0.7999999999 0.7499999996)
(-1.75 0.7999999995 0.7499999977)
(-1.500000001 0.7999999971 0.7499999891)
(-1.25 0.7999999877 0.7499999591)
(-0.999999995 0.7999999594 0.7499998851)
(-0.7499999858 0.7999998991 0.7499997703)
(-0.4999999814 0.7999998145 0.7499996897)
(-0.2499999868 0.7999997571 0.7499996986)
(-2.780917348e-10 0.7999997521 0.7499997346)
(0.2499999864 0.7999997591 0.7499996995)
(0.4999999812 0.7999998165 0.7499996912)
(0.7499999857 0.7999999002 0.7499997707)
(0.9999999949 0.7999999599 0.7499998843)
(1.25 0.7999999879 0.7499999583)
(1.500000001 0.7999999972 0.7499999886)
(1.75 0.7999999995 0.7499999976)
(2 0.7999999999 0.7499999996)
(2.25 0.8 0.75)
(2.5 0.8 0.75)
(2.75 0.8 0.75)
(3 0.8 0.75)
(3.25 0.8 0.75)
(3.5 0.8 0.75)
(3.75 0.8 0.75)
(4 0.8 0.75)
(4.25 0.8 0.75)
(4.5 0.8 0.75)
(4.75 0.8 0.75)
(5 0.8 0.75)
(-3 1 0.75)
(-2.75 1 0.75)
(-2.5 1 0.75)
(-2.25 1 0.75)
(-2 1 0.7499999999)
(-1.75 0.9999999999 0.7499999995)
(-1.5 0.9999999993 0.7499999973)
(-1.25 0.9999999966 0.7499999899)
(-0.9999999987 0.9999999883 0.7499999711)
(-0.7499999963 0.9999999704 0.7499999411)
(-0.4999999951 0.9999999448 0.7499999169)
(-0.2499999964 0.9999999271 0.7499999141)
(-7.072876301e-11 0.999999925 0.749999921)
(0.2499999963 0.9999999275 0.7499999144)
(0.499999995 0.9999999453 0.7499999173)
(0.7499999963 0.9999999706 0.7499999412)
(0.9999999987 0.9999999884 0.7499999708)
(1.25 0.9999999966 0.7499999896)
(1.5 0.9999999993 0.7499999972)
(1.75 0.9999999999 0.7499999994)
(2 1 0.7499999999)
(2.25 1 0.75)
(2.5 1 0.75)
(2.75 1 0.75)
(3 1 0.75)
(3.25 1 0.75)
(3.5 1 0.75)
(3.75 1 0.75)
(4 1 0.75)
(4.25 1 0.75)
(4.5 1 0.75)
(4.75 1 0.75)
(5 1 0.75)
(-3 1.2 0.75)
(-2.75 1.2 0.75)
(-2.5 1.2 0.75)
(-2.25 1.2 0.75)
(-2 1.2 0.75)
(-1.75 1.2 0.7499999999)
(-1.5 1.2 0.7499999995)
(-1.25 1.199999999 0.749999998)
(-0.9999999997 1.199999997 0.749999994)
(-0.7499999992 1.199999993 0.7499999876)
(-0.4999999989 1.199999987 0.7499999817)
(-0.2499999992 1.199999982 0.7499999802)
(-1.547654027e-11 1.199999982 0.7499999813)
(0.2499999992 1.199999982 0.7499999803)
(0.4999999989 1.199999987 0.7499999818)
(0.7499999992 1.199999993 0.7499999876)
(0.9999999997 1.199999997 0.749999994)
(1.25 1.199999999 0.7499999979)
(1.5 1.2 0.7499999994)
(1.75 1.2 0.7499999999)
(2 1.2 0.75)
(2.25 1.2 0.75)
(2.5 1.2 0.75)
(2.75 1.2 0.75)
(3 1.2 0.75)
(3.25 1.2 0.75)
(3.5 1.2 0.75)
(3.75 1.2 0.75)
(4 1.2 0.75)
(4.25 1.2 0.75)
(4.5 1.2 0.75)
(4.75 1.2 0.75)
(5 1.2 0.75)
(-3 1.4 0.75)
(-2.75 1.4 0.75)
(-2.5 1.4 0.75)
(-2.25 1.4 0.75)
(-2 1.4 0.75)
(-1.75 1.4 0.75)
(-1.5 1.4 0.7499999999)
(-1.25 1.4 0.7499999997)
(-1 1.4 0.749999999)
(-0.7499999999 1.399999999 0.7499999978)
(-0.4999999998 1.399999997 0.7499999967)
(-0.2499999998 1.399999996 0.7499999963)
(-2.944175515e-12 1.399999996 0.7499999964)
(0.2499999998 1.399999996 0.7499999963)
(0.4999999998 1.399999997 0.7499999967)
(0.7499999999 1.399999999 0.7499999978)
(1 1.4 0.749999999)
(1.25 1.4 0.7499999996)
(1.5 1.4 0.7499999999)
(1.75 1.4 0.75)
(2 1.4 0.75)
(2.25 1.4 0.75)
(2.5 1.4 0.75)
(2.75 1.4 0.75)
(3 1.4 0.75)
(3.25 1.4 0.75)
(3.5 1.4 0.75)
(3.75 1.4 0.75)
(4 1.4 0.75)
(4.25 1.4 0.75)
(4.5 1.4 0.75)
(4.75 1.4 0.75)
(5 1.4 0.75)
(-3 1.6 0.75)
(-2.75 1.6 0.75)
(-2.5 1.6 0.75)
(-2.25 1.6 0.75)
(-2 1.6 0.75)
(-1.75 1.6 0.75)
(-1.5 1.6 0.75)
(-1.25 1.6 0.75)
(-1 1.6 0.7499999999)
(-0.75 1.6 0.7499999997)
(-0.5 1.6 0.7499999995)
(-0.25 1.599999999 0.7499999994)
(-4.924896439e-13 1.599999999 0.7499999994)
(0.25 1.599999999 0.7499999994)
(0.5 1.6 0.7499999995)
(0.75 1.6 0.7499999997)
(1 1.6 0.7499999998)
(1.25 1.6 0.7499999999)
(1.5 1.6 0.75)
(1.75 1.6 0.75)
(2 1.6 0.75)
(2.25 1.6 0.75)
(2.5 1.6 0.75)
(2.75 1.6 0.75)
(3 1.6 0.75)
(3.25 1.6 0.75)
(3.5 1.6 0.75)
(3.75 1.6 0.75)
(4 1.6 0.75)
(4.25 1.6 0.75)
(4.5 1.6 0.75)
(4.75 1.6 0.75)
(5 1.6 0.75)
(-3 1.8 0.75)
(-2.75 1.8 0.75)
(-2.5 1.8 0.75)
(-2.25 1.8 0.75)
(-2 1.8 0.75)
(-1.75 1.8 0.75)
(-1.5 1.8 0.75)
(-1.25 1.8 0.75)
(-1 1.8 0.75)
(-0.75 1.8 0.75)
(-0.5 1.8 0.7499999999)
(-0.25 1.8 0.7499999999)
(-7.329494143e-14 1.8 0.7499999999)
(0.25 1.8 0.7499999999)
(0.5 1.8 0.7499999999)
(0.75 1.8 0.75)
(1 1.8 0.75)
(1.25 1.8 0.75)
(1.5 1.8 0.75)
(1.75 1.8 0.75)
(2 1.8 0.75)
(2.25 1.8 0.75)
(2.5 1.8 0.75)
(2.75 1.8 0.75)
(3 1.8 0.75)
(3.25 1.8 0.75)
(3.5 1.8 0.75)
(3.75 1.8 0.75)
(4 1.8 0.75)
(4.25 1.8 0.75)
(4.5 1.8 0.75)
(4.75 1.8 0.75)
(5 1.8 0.75)
(-3 2 0.75)
(-2.75 2 0.75)
(-2.5 2 0.75)
(-2.25 2 0.75)
(-2 2 0.75)
(-1.75 2 0.75)
(-1.5 2 0.75)
(-1.25 2 0.75)
(-1 2 0.75)
(-0.75 2 0.75)
(-0.5 2 0.75)
(-0.25 2 0.75)
(-1.292538638e-14 2 0.75)
(0.25 2 0.75)
(0.5 2 0.75)
(0.75 2 0.75)
(1 2 0.75)
(1.25 2 0.75)
(1.5 2 0.75)
(1.75 2 0.75)
(2 2 0.75)
(2.25 2 0.75)
(2.5 2 0.75)
(2.75 2 0.75)
(3 2 0.75)
(3.25 2 0.75)
(3.5 2 0.75)
(3.75 2 0.75)
(4 2 0.75)
(4.25 2 0.75)
(4.5 2 0.75)
(4.75 2 0.75)
(5 2 0.75)
(-3 -2 0.875)
(-2.75 -2 0.875)
(-2.5 -2 0.875)
(-2.25 -2 0.875)
(-2 -2 0.875)
(-1.75 -2 0.875)
(-1.5 -2 0.875)
(-1.25 -2 0.875)
(-1 -2 0.875)
(-0.75 -2 0.875)
(-0.5 -2 0.875)
(-0.25 -2 0.875)
(-2.935733178e-15 -2 0.875)
(0.25 -2 0.875)
(0.5 -2 0.875)
(0.75 -2 0.875)
(1 -2 0.875)
(1.25 -2 0.875)
(1.5 -2 0.875)
(1.75 -2 0.875)
(2 -2 0.875)
(2.25 -2 0.875)
(2.5 -2 0.875)
(2.75 -2 0.875)
(3 -2 0.875)
(3.25 -2 0.875)
(3.5 -2 0.875)
(3.75 -2 0.875)
(4 -2 0.875)
(4.25 -2 0.875)
(4.5 -2 0.875)
(4.75 -2 0.875)
(5 -2 0.875)
(-3 -1.8 0.875)
(-2.75 -1.8 0.875)
(-2.5 -1.8 0.875)
(-2.25 -1.8 0.875)
(-2 -1.8 0.875)
(-1.75 -1.8 0.875)
(-1.5 -1.8 0.875)
(-1.25 -1.8 0.875)
(-1 -1.8 0.875)
(-0.75 -1.8 0.875)
(-0.5 -1.8 0.875)
(-0.25 -1.8 0.875)
(-1.772588309e-14 -1.8 0.875)
(0.25 -1.8 0.875)
(0.5 -1.8 0.875)
(0.75 -1.8 0.875)
(1 -1.8 0.875)
(1.25 -1.8 0.875)
(1.5 -1.8 0.875)
(1.75 -1.8 0.875)
(2 -1.8 0.875)
(2.25 -1.8 0.875)
(2.5 -1.8 0.875)
(2.75 -1.8 0.875)
(3 -1.8 0.875)
(3.25 -1.8 0.875)
(3.5 -1.8 0.875)
(3.75 -1.8 0.875)
(4 -1.8 0.875)
(4.25 -1.8 0.875)
(4.5 -1.8 0.875)
(4.75 -1.8 0.875)
(5 -1.8 0.875)
(-3 -1.6 0.875)
(-2.75 -1.6 0.875)
(-2.5 -1.6 0.875)
(-2.25 -1.6 0.875)
(-2 -1.6 0.875)
(-1.75 -1.6 0.875)
(-1.5 -1.6 0.875)
(-1.25 -1.6 0.875)
(-1 -1.6 0.875)
(-0.75 -1.6 0.8749999999)
(-0.5 -1.6 0.8749999999)
(-0.25 -1.6 0.8749999999)
(-1.248134714e-13 -1.6 0.8749999999)
(0.25 -1.6 0.8749999999)
(0.5 -1.6 0.8749999999)
(0.75 -1.6 0.8749999999)
(1 -1.6 0.875)
(1.25 -1.6 0.875)
(1.5 -1.6 0.875)
(1.75 -1.6 0.875)
(2 -1.6 0.875)
(2.25 -1.6 0.875)
(2.5 -1.6 0.875)
(2.75 -1.6 0.875)
(3 -1.6 0.875)
(3.25 -1.6 0.875)
(3.5 -1.6 0.875)
(3.75 -1.6 0.875)
(4 -1.6 0.875)
(4.25 -1.6 0.875)
(4.5 -1.6 0.875)
(4.75 -1.6 0.875)
(5 -1.6 0.875)
(-3 -1.4 0.875)
(-2.75 -1.4 0.875)
(-2.5 -1.4 0.875)
(-2.25 -1.4 0.875)
(-2 -1.4 0.875)
(-1.75 -1.4 0.875)
(-1.5 -1.4 0.875)
(-1.25 -1.4 0.8749999999)
(-1 -1.4 0.8749999998)
(-0.75 -1.4 0.8749999996)
(-0.5 -1.4 0.8749999994)
(-0.25 -1.399999999 0.8749999993)
(-7.694931313e-13 -1.399999999 0.8749999993)
(0.25 -1.399999999 0.8749999993)
(0.5 -1.4 0.8749999994)
(0.75 -1.4 0.8749999996)
(1 -1.4 0.8749999998)
(1.25 -1.4 0.8749999999)
(1.5 -1.4 0.875)
(1.75 -1.4 0.875)
(2 -1.4 0.875)
(2.25 -1.4 0.875)
(2.5 -1.4 0.875)
(2.75 -1.4 0.875)
(3 -1.4 0.875)
(3.25 -1.4 0.875)
(3.5 -1.4 0.875)
(3.75 -1.4 0.875)
(4 -1.4 0.875)
(4.25 -1.4 0.875)
(4.5 -1.4 0.875)
(4.75 -1.4 0.875)
(5 -1.4 0.875)
(-3 -1.2 0.875)
(-2.75 -1.2 0.875)
(-2.5 -1.2 0.875)
(-2.25 -1.2 0.875)
(-2 -1.2 0.875)
(-1.75 -1.2 0.875)
(-1.5 -1.2 0.8749999999)
(-1.25 -1.2 0.8749999996)
(-0.9999999999 -1.199999999 0.8749999987)
(-0.7499999998 -1.199999999 0.8749999975)
(-0.4999999998 -1.199999998 0.8749999964)
(-0.2499999998 -1.199999997 0.8749999963)
(-4.091885874e-12 -1.199999997 0.8749999966)
(0.2499999998 -1.199999997 0.8749999963)
(0.4999999998 -1.199999998 0.8749999964)
(0.7499999998 -1.199999999 0.8749999975)
(0.9999999999 -1.199999999 0.8749999988)
(1.25 -1.2 0.8749999996)
(1.5 -1.2 0.8749999999)
(1.75 -1.2 0.875)
(2 -1.2 0.875)
(2.25 -1.2 0.875)
(2.5 -1.2 0.875)
(2.75 -1.2 0.875)
(3 -1.2 0.875)
(3.25 -1.2 0.875)
(3.5 -1.2 0.875)
(3.75 -1.2 0.875)
(4 -1.2 0.875)
(4.25 -1.2 0.875)
(4.5 -1.2 0.875)
(4.75 -1.2 0.875)
(5 -1.2 0.875)
(-3 -1 0.875)
(-2.75 -1 0.875)
(-2.5 -1 0.875)
(-2.25 -1 0.875)
(-2 -1 0.875)
(-1.75 -1 0.8749999999)
(-1.5 -0.9999999998 0.8749999994)
(-1.25 -0.9999999993 0.8749999977)
(-0.9999999997 -0.9999999977 0.8749999938)
(-0.7499999992 -0.9999999943 0.8749999878)
(-0.499999999 -0.9999999895 0.8749999835)
(-0.2499999993 -0.999999986 0.8749999836)
(-1.866927911e-11 -0.9999999855 0.8749999852)
(0.2499999992 -0.9999999859 0.8749999836)
(0.499999999 -0.9999999893 0.8749999834)
(0.7499999992 -0.9999999942 0.8749999878)
(0.9999999997 -0.9999999977 0.8749999938)
(1.25 -0.9999999993 0.8749999978)
(1.5 -0.9999999998 0.8749999994)
(1.75 -1 0.8749999999)
(2 -1 0.875)
(2.25 -1 0.875)
(2.5 -1 0.875)
(2.75 -1 0.875)
(3 -1 0.875)
(3.25 -1 0.875)
(3.5 -1 0.875)
(3.75 -1 0.875)
(4 -1 0.875)
(4.25 -1 0.875)
(4.5 -1 0.875)
(4.75 -1 0.875)
(5 -1 0.875)
(-3 -0.8 0.875)
(-2.75 -0.8 0.875)
(-2.5 -0.8 0.875)
(-2.25 -0.8 0.875)
(-2 -0.8 0.8749999999)
(-1.75 -0.7999999999 0.8749999994)
(-1.5 -0.7999999994 0.8749999974)
(-1.25 -0.7999999975 0.8749999907)
(-0.9999999987 -0.7999999918 0.8749999749)
(-0.7499999968 -0.7999999801 0.874999952)
(-0.4999999961 -0.7999999641 0.8749999378)
(-0.2499999973 -0.7999999529 0.8749999422)
(-7.228303736e-11 -0.7999999512 0.8749999503)
(0.2499999972 -0.7999999524 0.8749999421)
(0.499999996 -0.7999999635 0.8749999376)
(0.7499999968 -0.7999999798 0.8749999519)
(0.9999999987 -0.7999999917 0.874999975)
(1.25 -0.7999999974 0.8749999907)
(1.5 -0.7999999994 0.8749999974)
(1.75 -0.7999999999 0.8749999994)
(2 -0.8 0.8749999999)
(2.25 -0.8 0.875)
(2.5 -0.8 0.875)
(2.75 -0.8 0.875)
(3 -0.8 0.875)
(3.25 -0.8 0.875)
(3.5 -0.8 0.875)
(3.75 -0.8 0.875)
(4 -0.8 0.875)
(4.25 -0.8 0.875)
(4.5 -0.8 0.875)
(4.75 -0.8 0.875)
(5 -0.8 0.875)
(-3 -0.6 0.875)
(-2.75 -0.6 0.875)
(-2.5 -0.6 0.875)
(-2.25 -0.6 0.875)
(-2 -0.5999999999 0.8749999997)
(-1.75 -0.5999999997 0.8749999981)
(-1.5 -0.5999999983 0.8749999914)
(-1.249999999 -0.599999993 0.8749999698)
(-0.9999999958 -0.5999999781 0.8749999195)
(-0.74999999 -0.5999999476 0.8749998487)
(-0.4999999879 -0.5999999069 0.8749998146)
(-0.249999992 -0.599999879 0.8749998435)
(-2.333330617e-10 -0.5999998752 0.8749998762)
(0.2499999916 -0.5999998772 0.8749998432)
(0.4999999878 -0.599999905 0.874999814)
(0.7499999899 -0.5999999466 0.8749998483)
(0.9999999958 -0.5999999776 0.8749999194)
(1.249999999 -0.5999999928 0.8749999697)
(1.5 -0.5999999982 0.8749999914)
(1.75 -0.5999999996 0.8749999981)
(2 -0.5999999999 0.8749999997)
(2.25 -0.6 0.875)
(2.5 -0.6 0.875)
(2.75 -0.6 0.875)
(3 -0.6 0.875)
(3.25 -0.6 0.875)
(3.5 -0.6 0.875)
(3.75 -0.6 0.875)
(4 -0.6 0.875)
(4.25 -0.6 0.875)
(4.5 -0.6 0.875)
(4.75 -0.6 0.875)
(5 -0.6 0.875)
(-3 -0.4 0.875)
(-2.75 -0.4 0.875)
(-2.5 -0.4 0.875)
(-2.25 -0.4 0.8749999999)
(-2 -0.3999999999 0.8749999992)
(-1.750000001 -0.3999999993 0.8749999953)
(-1.500000001 -0.3999999966 0.8749999787)
(-1.249999999 -0.3999999868 0.874999925)
(-0.9999999903 -0.3999999593 0.8749998004)
(-0.7499999757 -0.3999999038 0.8749996306)
(-0.4999999713 -0.3999998318 0.8749995776)
(-0.2499999816 -0.3999997826 0.8749996947)
(-6.101456128e-10 -0.3999997767 0.8749997967)
(0.2499999807 -0.3999997774 0.8749996942)
(0.4999999709 -0.3999998267 0.8749995766)
(0.7499999755 -0.3999999009 0.8749996298)
(0.9999999902 -0.3999999579 0.8749997999)
(1.249999999 -0.3999999862 0.8749999246)
(1.500000001 -0.3999999964 0.8749999785)
(1.750000001 -0.3999999992 0.8749999952)
(2 -0.3999999999 0.8749999992)
(2.25 -0.4 0.8749999999)
(2.5 -0.4 0.875)
(2.75 -0.4 0.875)
(3 -0.4 0.875)
(3.25 -0.4 0.875)
(3.5 -0.4 0.875)
(3.75 -0.4 0.875)
(4 -0.4 0.875)
(4.25 -0.4 0.875)
(4.5 -0.4 0.875)
(4.75 -0.4 0.875)
(5 -0.4 0.875)
(-3 -0.2 0.875)
(-2.75 -0.2 0.875)
(-2.5 -0.2 0.875)
(-2.25 -0.2 0.8749999998)
(-2.000000001 -0.1999999999 0.8749999986)
(-1.750000001 -0.1999999993 0.8749999917)
(-1.500000002 -0.1999999965 0.874999962)
(-1.249999999 -0.1999999866 0.8749998648)
(-0.9999999838 -0.1999999586 0.8749996379)
(-0.7499999566 -0.199999903 0.874999336)
(-0.4999999496 -0.1999998319 0.8749993009)
(-0.2499999694 -0.199999785 0.8749996169)
(-1.226253339e-09 -0.1999997789 0.8749998471)
(0.2499999676 -0.1999997739 0.8749996164)
(0.4999999487 -0.1999998213 0.8749992999)
(0.7499999563 -0.1999998971 0.874999335)
(0.9999999837 -0.1999999558 0.8749996369)
(1.249999999 -0.1999999854 0.8749998639)
(1.500000002 -0.1999999961 0.8749999615)
(1.750000001 -0.1999999991 0.8749999915)
(2.000000001 -0.1999999998 0.8749999985)
(2.25 -0.2 0.8749999998)
(2.5 -0.2 0.875)
(2.75 -0.2 0.875)
(3 -0.2 0.875)
(3.25 -0.2 0.875)
(3.5 -0.2 0.875)
(3.75 -0.2 0.875)
(4 -0.2 0.875)
(4.25 -0.2 0.875)
(4.5 -0.2 0.875)
(4.75 -0.2 0.875)
(5 -0.2 0.875)
(-3 7.526550709e-14 0.875)
(-2.75 2.788760738e-13 0.875)
(-2.5 1.247948883e-12 0.875)
(-2.25 4.42776415e-12 0.8749999998)
(-2.000000001 1.092000598e-11 0.8749999983)
(-1.750000002 8.87864873e-12 0.87499999)
(-1.500000004 -7.468209592e-11 0.8749999538)
(-1.250000001 -4.789373581e-10 0.8749998344)
(-0.9999999816 -1.721820874e-09 0.8749995541)
(-0.749999947 -4.527505389e-09 0.8749991849)
(-0.4999999392 -9.315384086e-09 0.8749992085)
(-0.2499999647 -1.229729992e-08 0.8749997024)
(-1.701315016e-09 -6.338772463e-09 0.8750000284)
(0.2499999623 3.243911425e-09 0.8749997023)
(0.4999999381 5.192711683e-09 0.8749992087)
(0.7499999466 3.430008702e-09 0.8749991844)
(0.9999999815 2.027897025e-09 0.874999553)
(1.250000001 1.081347526e-09 0.8749998333)
(1.500000004 4.724550554e-10 0.8749999532)
(1.750000002 1.676625789e-10 0.8749999897)
(2.000000001 4.9068983e-11 0.8749999983)
(2.25 1.20789571e-11 0.8749999998)
(2.5 2.53848289e-12 0.875)
(2.75 4.600513854e-13 0.875)
(3 7.224976214e-14 0.875)
(3.25 9.840504547e-15 0.875)
(3.5 1.159624386e-15 0.875)
(3.75 1.176616453e-16 0.875)
(4 1.020834025e-17 0.875)
(4.25 7.504263055e-19 0.875)
(4.5 4.618470327e-20 0.875)
(4.75 2.342545844e-21 0.875)
(5 1.262477214e-22 0.875)
(-3 0.2 0.875)
(-2.75 0.2 0.875)
(-2.5 0.2 0.875)
(-2.25 0.2 0.8749999998)
(-2.000000001 0.1999999999 0.8749999986)
(-1.750000001 0.1999999993 0.8749999917)
(-1.500000002 0.1999999964 0.8749999621)
(-1.249999999 0.1999999858 0.8749998652)
(-0.9999999838 0.199999956 0.8749996381)
(-0.7499999566 0.1999998962 0.8749993356)
(-0.4999999496 0.1999998181 0.8749993)
(-0.2499999694 0.1999997672 0.8749996165)
(-1.278381735e-09 0.1999997696 0.8749998472)
(0.2499999676 0.1999997782 0.874999617)
(0.4999999487 0.1999998287 0.8749993009)
(0.7499999563 0.1999999021 0.8749993358)
(0.9999999837 0.1999999587 0.8749996373)
(1.249999999 0.199999987 0.8749998643)
(1.500000002 0.1999999968 0.8749999617)
(1.750000001 0.1999999994 0.8749999915)
(2.000000001 0.1999999999 0.8749999985)
(2.25 0.2 0.8749999998)
(2.5 0.2 0.875)
(2.75 0.2 0.875)
(3 0.2 0.875)
(3.25 0.2 0.875)
(3.5 0.2 0.875)
(3.75 0.2 0.875)
(4 0.2 0.875)
(4.25 0.2 0.875)
(4.5 0.2 0.875)
(4.75 0.2 0.875)
(5 0.2 0.875)
(-3 0.4 0.875)
(-2.75 0.4 0.875)
(-2.5 0.4 0.875)
(-2.25 0.4 0.8749999999)
(-2 0.3999999999 0.8749999992)
(-1.750000001 0.3999999993 0.8749999953)
(-1.500000001 0.3999999965 0.8749999789)
(-1.249999999 0.3999999864 0.8749999253)
(-0.9999999903 0.399999958 0.8749998007)
(-0.7499999757 0.3999999005 0.8749996302)
(-0.4999999713 0.3999998251 0.8749995767)
(-0.2499999816 0.399999774 0.8749996943)
(-6.44819657e-10 0.3999997721 0.8749997969)
(0.2499999807 0.3999997792 0.8749996948)
(0.4999999709 0.3999998302 0.8749995776)
(0.7499999755 0.3999999034 0.8749996305)
(0.9999999902 0.3999999593 0.8749998002)
(1.249999999 0.399999987 0.8749999248)
(1.500000001 0.3999999967 0.8749999786)
(1.750000001 0.3999999994 0.8749999952)
(2 0.3999999999 0.8749999992)
(2.25 0.4 0.8749999999)
(2.5 0.4 0.875)
(2.75 0.4 0.875)
(3 0.4 0.875)
(3.25 0.4 0.875)
(3.5 0.4 0.875)
(3.75 0.4 0.875)
(4 0.4 0.875)
(4.25 0.4 0.875)
(4.5 0.4 0.875)
(4.75 0.4 0.875)
(5 0.4 0.875)
(-3 0.6 0.875)
(-2.75 0.6 0.875)
(-2.5 0.6 0.875)
(-2.25 0.6 0.875)
(-2 0.5999999999 0.8749999997)
(-1.75 0.5999999997 0.8749999981)
(-1.5 0.5999999982 0.8749999916)
(-1.249999999 0.5999999929 0.87499997)
(-0.9999999958 0.5999999776 0.8749999197)
(-0.74999999 0.5999999464 0.8749998485)
(-0.4999999879 0.5999999044 0.8749998141)
(-0.249999992 0.5999998759 0.8749998433)
(-2.450809431e-10 0.5999998734 0.8749998764)
(0.2499999916 0.5999998777 0.8749998436)
(0.4999999878 0.5999999062 0.8749998146)
(0.7499999899 0.5999999474 0.8749998487)
(0.9999999958 0.5999999781 0.8749999194)
(1.249999999 0.5999999931 0.8749999697)
(1.5 0.5999999983 0.8749999914)
(1.75 0.5999999997 0.8749999981)
(2 0.6 0.8749999997)
(2.25 0.6 0.875)
(2.5 0.6 0.875)
(2.75 0.6 0.875)
(3 0.6 0.875)
(3.25 0.6 0.875)
(3.5 0.6 0.875)
(3.75 0.6 0.875)
(4 0.6 0.875)
(4.25 0.6 0.875)
(4.5 0.6 0.875)
(4.75 0.6 0.875)
(5 0.6 0.875)
(-3 0.8 0.875)
(-2.75 0.8 0.875)
(-2.5 0.8 0.875)
(-2.25 0.8 0.875)
(-2 0.8 0.8749999999)
(-1.75 0.7999999999 0.8749999994)
(-1.5 0.7999999994 0.8749999975)
(-1.25 0.7999999974 0.8749999908)
(-0.9999999987 0.7999999917 0.8749999751)
(-0.7499999968 0.7999999798 0.874999952)
(-0.4999999961 0.7999999634 0.8749999377)
(-0.2499999973 0.799999952 0.8749999421)
(-7.454022367e-11 0.7999999507 0.8749999504)
(0.2499999972 0.7999999525 0.8749999422)
(0.499999996 0.7999999639 0.8749999379)
(0.7499999968 0.7999999801 0.874999952)
(0.9999999987 0.7999999918 0.8749999749)
(1.25 0.7999999975 0.8749999907)
(1.5 0.7999999994 0.8749999974)
(1.75 0.7999999999 0.8749999994)
(2 0.8 0.8749999999)
(2.25 0.8 0.875)
(2.5 0.8 0.875)
(2.75 0.8 0.875)
(3 0.8 0.875)
(3.25 0.8 0.875)
(3.5 0.8 0.875)
(3.75 0.8 0.875)
(4 0.8 0.875)
(4.25 0.8 0.875)
(4.5 0.8 0.875)
(4.75 0.8 0.875)
(5 0.8 0.875)
(-3 1 0.875)
(-2.75 1 0.875)
(-2.5 1 0.875)
(-2.25 1 0.875)
(-2 1 0.875)
(-1.75 1 0.8749999999)
(-1.5 0.9999999998 0.8749999994)
(-1.25 0.9999999993 0.8749999978)
(-0.9999999997 0.9999999977 0.8749999938)
(-0.7499999992 0.9999999942 0.8749999878)
(-0.499999999 0.9999999893 0.8749999834)
(-0.2499999993 0.9999999858 0.8749999836)
(-1.877087676e-11 0.9999999854 0.8749999853)
(0.2499999992 0.9999999859 0.8749999836)
(0.499999999 0.9999999894 0.8749999835)
(0.7499999992 0.9999999943 0.8749999878)
(0.9999999997 0.9999999977 0.8749999938)
(1.25 0.9999999993 0.8749999977)
(1.5 0.9999999999 0.8749999994)
(1.75 1 0.8749999999)
(2 1 0.875)
(2.25 1 0.875)
(2.5 1 0.875)
(2.75 1 0.875)
(3 1 0.875)
(3.25 1 0.875)
(3.5 1 0.875)
(3.75 1 0.875)
(4 1 0.875)
(4.25 1 0.875)
(4.5 1 0.875)
(4.75 1 0.875)
(5 1 0.875)
(-3 1.2 0.875)
(-2.75 1.2 0.875)
(-2.5 1.2 0.875)
(-2.25 1.2 0.875)
(-2 1.2 0.875)
(-1.75 1.2 0.875)
(-1.5 1.2 0.8749999999)
(-1.25 1.2 0.8749999996)
(-0.9999999999 1.199999999 0.8749999988)
(-0.7499999998 1.199999999 0.8749999975)
(-0.4999999998 1.199999998 0.8749999964)
(-0.2499999998 1.199999997 0.8749999963)
(-3.999092681e-12 1.199999997 0.8749999966)
(0.2499999998 1.199999997 0.8749999963)
(0.4999999998 1.199999998 0.8749999964)
(0.7499999998 1.199999999 0.8749999975)
(0.9999999999 1.199999999 0.8749999987)
(1.25 1.2 0.8749999996)
(1.5 1.2 0.8749999999)
(1.75 1.2 0.875)
(2 1.2 0.875)
(2.25 1.2 0.875)
(2.5 1.2 0.875)
(2.75 1.2 0.875)
(3 1.2 0.875)
(3.25 1.2 0.875)
(3.5 1.2 0.875)
(3.75 1.2 0.875)
(4 1.2 0.875)
(4.25 1.2 0.875)
(4.5 1.2 0.875)
(4.75 1.2 0.875)
(5 1.2 0.875)
(-3 1.4 0.875)
(-2.75 1.4 0.875)
(-2.5 1.4 0.875)
(-2.25 1.4 0.875)
(-2 1.4 0.875)
(-1.75 1.4 0.875)
(-1.5 1.4 0.875)
(-1.25 1.4 0.8749999999)
(-1 1.4 0.8749999998)
(-0.75 1.4 0.8749999996)
(-0.5 1.4 0.8749999994)
(-0.25 1.399999999 0.8749999993)
(-7.310026817e-13 1.399999999 0.8749999994)
(0.25 1.399999999 0.8749999993)
(0.5 1.4 0.8749999994)
(0.75 1.4 0.8749999996)
(1 1.4 0.8749999998)
(1.25 1.4 0.8749999999)
(1.5 1.4 0.875)
(1.75 1.4 0.875)
(2 1.4 0.875)
(2.25 1.4 0.875)
(2.5 1.4 0.875)
(2.75 1.4 0.875)
(3 1.4 0.875)
(3.25 1.4 0.875)
(3.5 1.4 0.875)
(3.75 1.4 0.875)
(4 1.4 0.875)
(4.25 1.4 0.875)
(4.5 1.4 0.875)
(4.75 1.4 0.875)
(5 1.4 0.875)
(-3 1.6 0.875)
(-2.75 1.6 0.875)
(-2.5 1.6 0.875)
(-2.25 1.6 0.875)
(-2 1.6 0.875)
(-1.75 1.6 0.875)
(-1.5 1.6 0.875)
(-1.25 1.6 0.875)
(-1 1.6 0.875)
(-0.75 1.6 0.8749999999)
(-0.5 1.6 0.8749999999)
(-0.25 1.6 0.8749999999)
(-1.155183587e-13 1.6 0.8749999999)
(0.25 1.6 0.8749999999)
(0.5 1.6 0.8749999999)
(0.75 1.6 0.8749999999)
(1 1.6 0.875)
(1.25 1.6 0.875)
(1.5 1.6 0.875)
(1.75 1.6 0.875)
(2 1.6 0.875)
(2.25 1.6 0.875)
(2.5 1.6 0.875)
(2.75 1.6 0.875)
(3 1.6 0.875)
(3.25 1.6 0.875)
(3.5 1.6 0.875)
(3.75 1.6 0.875)
(4 1.6 0.875)
(4.25 1.6 0.875)
(4.5 1.6 0.875)
(4.75 1.6 0.875)
(5 1.6 0.875)
(-3 1.8 0.875)
(-2.75 1.8 0.875)
(-2.5 1.8 0.875)
(-2.25 1.8 0.875)
(-2 1.8 0.875)
(-1.75 1.8 0.875)
(-1.5 1.8 0.875)
(-1.25 1.8 0.875)
(-1 1.8 0.875)
(-0.75 1.8 0.875)
(-0.5 1.8 0.875)
(-0.25 1.8 0.875)
(-1.605563745e-14 1.8 0.875)
(0.25 1.8 0.875)
(0.5 1.8 0.875)
(0.75 1.8 0.875)
(1 1.8 0.875)
(1.25 1.8 0.875)
(1.5 1.8 0.875)
(1.75 1.8 0.875)
(2 1.8 0.875)
(2.25 1.8 0.875)
(2.5 1.8 0.875)
(2.75 1.8 0.875)
(3 1.8 0.875)
(3.25 1.8 0.875)
(3.5 1.8 0.875)
(3.75 1.8 0.875)
(4 1.8 0.875)
(4.25 1.8 0.875)
(4.5 1.8 0.875)
(4.75 1.8 0.875)
(5 1.8 0.875)
(-3 2 0.875)
(-2.75 2 0.875)
(-2.5 2 0.875)
(-2.25 2 0.875)
(-2 2 0.875)
(-1.75 2 0.875)
(-1.5 2 0.875)
(-1.25 2 0.875)
(-1 2 0.875)
(-0.75 2 0.875)
(-0.5 2 0.875)
(-0.25 2 0.875)
(-2.619260484e-15 2 0.875)
(0.25 2 0.875)
(0.5 2 0.875)
(0.75 2 0.875)
(1 2 0.875)
(1.25 2 0.875)
(1.5 2 0.875)
(1.75 2 0.875)
(2 2 0.875)
(2.25 2 0.875)
(2.5 2 0.875)
(2.75 2 0.875)
(3 2 0.875)
(3.25 2 0.875)
(3.5 2 0.875)
(3.75 2 0.875)
(4 2 0.875)
(4.25 2 0.875)
(4.5 2 0.875)
(4.75 2 0.875)
(5 2 0.875)
(-3 -2 1)
(-2.75 -2 1)
(-2.5 -2 1)
(-2.25 -2 1)
(-2 -2 1)
(-1.75 -2 1)
(-1.5 -2 1)
(-1.25 -2 1)
(-1 -2 1)
(-0.75 -2 1)
(-0.5 -2 1)
(-0.25 -2 1)
(-8.548117555e-16 -2 1)
(0.25 -2 1)
(0.5 -2 1)
(0.75 -2 1)
(1 -2 1)
(1.25 -2 1)
(1.5 -2 1)
(1.75 -2 1)
(2 -2 1)
(2.25 -2 1)
(2.5 -2 1)
(2.75 -2 1)
(3 -2 1)
(3.25 -2 1)
(3.5 -2 1)
(3.75 -2 1)
(4 -2 1)
(4.25 -2 1)
(4.5 -2 1)
(4.75 -2 1)
(5 -2 1)
(-3 -1.8 1)
(-2.75 -1.8 1)
(-2.5 -1.8 1)
(-2.25 -1.8 1)
(-2 -1.8 1)
(-1.75 -1.8 1)
(-1.5 -1.8 1)
(-1.25 -1.8 1)
(-1 -1.8 1)
(-0.75 -1.8 1)
(-0.5 -1.8 1)
(-0.25 -1.8 1)
(-5.457241409e-15 -1.8 1)
(0.25 -1.8 1)
(0.5 -1.8 1)
(0.75 -1.8 1)
(1 -1.8 1)
(1.25 -1.8 1)
(1.5 -1.8 1)
(1.75 -1.8 1)
(2 -1.8 1)
(2.25 -1.8 1)
(2.5 -1.8 1)
(2.75 -1.8 1)
(3 -1.8 1)
(3.25 -1.8 1)
(3.5 -1.8 1)
(3.75 -1.8 1)
(4 -1.8 1)
(4.25 -1.8 1)
(4.5 -1.8 1)
(4.75 -1.8 1)
(5 -1.8 1)
(-3 -1.6 1)
(-2.75 -1.6 1)
(-2.5 -1.6 1)
(-2.25 -1.6 1)
(-2 -1.6 1)
(-1.75 -1.6 1)
(-1.5 -1.6 1)
(-1.25 -1.6 1)
(-1 -1.6 1)
(-0.75 -1.6 1)
(-0.5 -1.6 1)
(-0.25 -1.6 1)
(-3.902774652e-14 -1.6 1)
(0.25 -1.6 1)
(0.5 -1.6 1)
(0.75 -1.6 1)
(1 -1.6 1)
(1.25 -1.6 1)
(1.5 -1.6 1)
(1.75 -1.6 1)
(2 -1.6 1)
(2.25 -1.6 1)
(2.5 -1.6 1)
(2.75 -1.6 1)
(3 -1.6 1)
(3.25 -1.6 1)
(3.5 -1.6 1)
(3.75 -1.6 1)
(4 -1.6 1)
(4.25 -1.6 1)
(4.5 -1.6 1)
(4.75 -1.6 1)
(5 -1.6 1)
(-3 -1.4 1)
(-2.75 -1.4 1)
(-2.5 -1.4 1)
(-2.25 -1.4 1)
(-2 -1.4 1)
(-1.75 -1.4 1)
(-1.5 -1.4 1)
(-1.25 -1.4 1)
(-1 -1.4 1)
(-0.75 -1.4 1)
(-0.5 -1.4 1)
(-0.25 -1.4 1)
(-2.467927587e-13 -1.4 1)
(0.25 -1.4 1)
(0.5 -1.4 1)
(0.75 -1.4 1)
(1 -1.4 1)
(1.25 -1.4 1)
(1.5 -1.4 1)
(1.75 -1.4 1)
(2 -1.4 1)
(2.25 -1.4 1)
(2.5 -1.4 1)
(2.75 -1.4 1)
(3 -1.4 1)
(3.25 -1.4 1)
(3.5 -1.4 1)
(3.75 -1.4 1)
(4 -1.4 1)
(4.25 -1.4 1)
(4.5 -1.4 1)
(4.75 -1.4 1)
(5 -1.4 1)
(-3 -1.2 1)
(-2.75 -1.2 1)
(-2.5 -1.2 1)
(-2.25 -1.2 1)
(-2 -1.2 1)
(-1.75 -1.2 1)
(-1.5 -1.2 1)
(-1.25 -1.2 1)
(-1 -1.2 1)
(-0.75 -1.2 1)
(-0.4999999999 -1.199999999 1)
(-0.25 -1.199999999 1)
(-1.328316876e-12 -1.199999999 1)
(0.25 -1.199999999 1)
(0.4999999999 -1.199999999 1)
(0.75 -1.2 1)
(1 -1.2 1)
(1.25 -1.2 1)
(1.5 -1.2 1)
(1.75 -1.2 1)
(2 -1.2 1)
(2.25 -1.2 1)
(2.5 -1.2 1)
(2.75 -1.2 1)
(3 -1.2 1)
(3.25 -1.2 1)
(3.5 -1.2 1)
(3.75 -1.2 1)
(4 -1.2 1)
(4.25 -1.2 1)
(4.5 -1.2 1)
(4.75 -1.2 1)
(5 -1.2 1)
(-3 -1 1)
(-2.75 -1 1)
(-2.5 -1 1)
(-2.25 -1 1)
(-2 -1 1)
(-1.75 -1 1)
(-1.5 -1 1)
(-1.25 -0.9999999998 1)
(-0.9999999999 -0.9999999995 1)
(-0.7499999998 -0.9999999987 1)
(-0.4999999997 -0.9999999976 1)
(-0.2499999998 -0.9999999968 1)
(-6.065214385e-12 -0.9999999967 1)
(0.2499999998 -0.9999999968 1)
(0.4999999997 -0.9999999976 1)
(0.7499999998 -0.9999999987 1)
(0.9999999999 -0.9999999995 1)
(1.25 -0.9999999998 1)
(1.5 -1 1)
(1.75 -1 1)
(2 -1 1)
(2.25 -1 1)
(2.5 -1 1)
(2.75 -1 1)
(3 -1 1)
(3.25 -1 1)
(3.5 -1 1)
(3.75 -1 1)
(4 -1 1)
(4.25 -1 1)
(4.5 -1 1)
(4.75 -1 1)
(5 -1 1)
(-3 -0.8 1)
(-2.75 -0.8 1)
(-2.5 -0.8 1)
(-2.25 -0.8 1)
(-2 -0.8 1)
(-1.75 -0.8 1)
(-1.5 -0.7999999998 1)
(-1.25 -0.7999999994 1)
(-0.9999999996 -0.7999999981 1)
(-0.7499999992 -0.7999999954 1)
(-0.499999999 -0.7999999918 1)
(-0.2499999994 -0.7999999893 1)
(-2.325586577e-11 -0.7999999888 1)
(0.2499999993 -0.7999999891 1)
(0.499999999 -0.7999999917 1)
(0.7499999992 -0.7999999953 1)
(0.9999999996 -0.799999998 1)
(1.25 -0.7999999994 1)
(1.5 -0.7999999998 1)
(1.75 -0.8 1)
(2 -0.8 1)
(2.25 -0.8 1)
(2.5 -0.8 1)
(2.75 -0.8 1)
(3 -0.8 1)
(3.25 -0.8 1)
(3.5 -0.8 1)
(3.75 -0.8 1)
(4 -0.8 1)
(4.25 -0.8 1)
(4.5 -0.8 1)
(4.75 -0.8 1)
(5 -0.8 1)
(-3 -0.6 1)
(-2.75 -0.6 1)
(-2.5 -0.6 1)
(-2.25 -0.6 1)
(-2 -0.6 1)
(-1.75 -0.5999999999 1)
(-1.5 -0.5999999996 1)
(-1.25 -0.5999999983 1)
(-0.9999999988 -0.5999999948 1)
(-0.7499999974 -0.599999988 1)
(-0.4999999971 -0.599999979 1)
(-0.2499999981 -0.5999999727 1)
(-7.320590211e-11 -0.5999999715 1)
(0.249999998 -0.5999999722 1)
(0.499999997 -0.5999999785 1)
(0.7499999974 -0.5999999876 1)
(0.9999999988 -0.5999999947 1)
(1.25 -0.5999999982 1)
(1.5 -0.5999999995 1)
(1.75 -0.5999999999 1)
(2 -0.6 1)
(2.25 -0.6 1)
(2.5 -0.6 1)
(2.75 -0.6 1)
(3 -0.6 1)
(3.25 -0.6 1)
(3.5 -0.6 1)
(3.75 -0.6 1)
(4 -0.6 1)
(4.25 -0.6 1)
(4.5 -0.6 1)
(4.75 -0.6 1)
(5 -0.6 1)
(-3 -0.4 1)
(-2.75 -0.4 1)
(-2.5 -0.4 1)
(-2.25 -0.4 1)
(-2 -0.4 1)
(-1.75 -0.3999999998 1)
(-1.5 -0.3999999991 1)
(-1.249999999 -0.3999999968 1)
(-0.9999999971 -0.3999999905 1)
(-0.7499999939 -0.3999999783 1)
(-0.4999999931 -0.3999999628 1)
(-0.2499999957 -0.3999999519 1)
(-1.84180948e-10 -0.3999999498 1)
(0.2499999954 -0.3999999505 1)
(0.4999999929 -0.3999999613 1)
(0.7499999938 -0.3999999774 1)
(0.9999999971 -0.3999999901 1)
(1.249999999 -0.3999999966 1)
(1.5 -0.3999999991 1)
(1.75 -0.3999999998 1)
(2 -0.4 1)
(2.25 -0.4 1)
(2.5 -0.4 1)
(2.75 -0.4 1)
(3 -0.4 1)
(3.25 -0.4 1)
(3.5 -0.4 1)
(3.75 -0.4 1)
(4 -0.4 1)
(4.25 -0.4 1)
(4.5 -0.4 1)
(4.75 -0.4 1)
(5 -0.4 1)
(-3 -0.2 1)
(-2.75 -0.2 1)
(-2.5 -0.2 1)
(-2.25 -0.2 1)
(-2 -0.2 1)
(-1.75 -0.1999999998 1)
(-1.5 -0.1999999991 1)
(-1.249999999 -0.1999999968 1)
(-0.9999999951 -0.1999999906 1)
(-0.7499999893 -0.1999999787 1)
(-0.499999988 -0.1999999639 1)
(-0.2499999928 -0.1999999538 1)
(-3.522222708e-10 -0.1999999514 1)
(0.2499999923 -0.199999951 1)
(0.4999999877 -0.1999999611 1)
(0.7499999892 -0.1999999771 1)
(0.9999999951 -0.1999999898 1)
(1.249999999 -0.1999999965 1)
(1.5 -0.199999999 1)
(1.75 -0.1999999998 1)
(2 -0.2 1)
(2.25 -0.2 1)
(2.5 -0.2 1)
(2.75 -0.2 1)
(3 -0.2 1)
(3.25 -0.2 1)
(3.5 -0.2 1)
(3.75 -0.2 1)
(4 -0.2 1)
(4.25 -0.2 1)
(4.5 -0.2 1)
(4.75 -0.2 1)
(5 -0.2 1)
(-3 1.326663464e-14 1)
(-2.75 4.644689427e-14 1)
(-2.5 1.990678389e-13 1)
(-2.25 6.274872715e-13 1)
(-2 9.784790104e-13 1)
(-1.75 -3.234168659e-12 1)
(-1.5 -3.319160036e-11 1)
(-1.249999999 -1.54280081e-10 1)
(-0.9999999942 -5.098824685e-10 1)
(-0.7499999869 -1.293639416e-09 1)
(-0.4999999856 -2.526584264e-09 1)
(-0.2499999916 -3.195682816e-09 1)
(-4.666194355e-10 -1.740263357e-09 1)
(0.2499999909 5.973035372e-10 1)
(0.4999999852 1.259531216e-09 1)
(0.7499999868 8.950191214e-10 1)
(0.9999999942 5.098820414e-10 1)
(1.249999999 2.548266446e-10 1)
(1.5 1.068499395e-10 1)
(1.75 3.690989271e-11 1)
(2 1.056589063e-11 1)
(2.25 2.539312344e-12 1)
(2.5 5.187697423e-13 1)
(2.75 9.087074234e-14 1)
(3 1.370704416e-14 1)
(3.25 1.781122221e-15 1)
(3.5 1.987649443e-16 1)
(3.75 1.893486318e-17 1)
(4 1.526256756e-18 1)
(4.25 1.028573937e-19 1)
(4.5 5.702036437e-21 1)
(4.75 2.54202523e-22 1)
(5 1.188188998e-23 1)
(-3 0.2 1)
(-2.75 0.2 1)
(-2.5 0.2 1)
(-2.25 0.2 1)
(-2 0.2 1)
(-1.75 0.1999999998 1)
(-1.5 0.1999999991 1)
(-1.249999999 0.1999999965 1)
(-0.9999999951 0.1999999898 1)
(-0.7499999893 0.1999999767 1)
(-0.499999988 0.1999999601 1)
(-0.2499999928 0.199999949 1)
(-3.611053932e-10 0.1999999488 1)
(0.2499999923 0.1999999518 1)
(0.4999999877 0.1999999629 1)
(0.7499999892 0.1999999784 1)
(0.9999999951 0.1999999905 1)
(1.249999999 0.1999999969 1)
(1.5 0.1999999992 1)
(1.75 0.1999999998 1)
(2 0.2 1)
(2.25 0.2 1)
(2.5 0.2 1)
(2.75 0.2 1)
(3 0.2 1)
(3.25 0.2 1)
(3.5 0.2 1)
(3.75 0.2 1)
(4 0.2 1)
(4.25 0.2 1)
(4.5 0.2 1)
(4.75 0.2 1)
(5 0.2 1)
(-3 0.4 1)
(-2.75 0.4 1)
(-2.5 0.4 1)
(-2.25 0.4 1)
(-2 0.4 1)
(-1.75 0.3999999998 1)
(-1.5 0.3999999991 1)
(-1.249999999 0.3999999967 1)
(-0.9999999971 0.3999999901 1)
(-0.7499999939 0.3999999773 1)
(-0.4999999931 0.3999999608 1)
(-0.2499999957 0.3999999494 1)
(-1.900608604e-10 0.3999999484 1)
(0.2499999954 0.3999999509 1)
(0.4999999929 0.3999999623 1)
(0.7499999938 0.3999999781 1)
(0.9999999971 0.3999999905 1)
(1.249999999 0.3999999968 1)
(1.5 0.3999999992 1)
(1.75 0.3999999998 1)
(2 0.4 1)
(2.25 0.4 1)
(2.5 0.4 1)
(2.75 0.4 1)
(3 0.4 1)
(3.25 0.4 1)
(3.5 0.4 1)
(3.75 0.4 1)
(4 0.4 1)
(4.25 0.4 1)
(4.5 0.4 1)
(4.75 0.4 1)
(5 0.4 1)
(-3 0.6 1)
(-2.75 0.6 1)
(-2.5 0.6 1)
(-2.25 0.6 1)
(-2 0.6 1)
(-1.75 0.5999999999 1)
(-1.5 0.5999999995 1)
(-1.25 0.5999999982 1)
(-0.9999999988 0.5999999947 1)
(-0.7499999974 0.5999999876 1)
(-0.4999999971 0.5999999783 1)
(-0.2499999981 0.5999999718 1)
(-7.495254045e-11 0.599999971 1)
(0.249999998 0.5999999723 1)
(0.499999997 0.5999999788 1)
(0.7499999974 0.5999999879 1)
(0.9999999988 0.5999999948 1)
(1.25 0.5999999983 1)
(1.5 0.5999999996 1)
(1.75 0.5999999999 1)
(2 0.6 1)
(2.25 0.6 1)
(2.5 0.6 1)
(2.75 0.6 1)
(3 0.6 1)
(3.25 0.6 1)
(3.5 0.6 1)
(3.75 0.6 1)
(4 0.6 1)
(4.25 0.6 1)
(4.5 0.6 1)
(4.75 0.6 1)
(5 0.6 1)
(-3 0.8 1)
(-2.75 0.8 1)
(-2.5 0.8 1)
(-2.25 0.8 1)
(-2 0.8 1)
(-1.75 0.8 1)
(-1.5 0.7999999998 1)
(-1.25 0.7999999994 1)
(-0.9999999996 0.799999998 1)
(-0.7499999992 0.7999999953 1)
(-0.499999999 0.7999999916 1)
(-0.2499999994 0.799999989 1)
(-2.34031734e-11 0.7999999886 1)
(0.2499999993 0.7999999892 1)
(0.499999999 0.7999999918 1)
(0.7499999992 0.7999999954 1)
(0.9999999996 0.7999999981 1)
(1.25 0.7999999994 1)
(1.5 0.7999999998 1)
(1.75 0.8 1)
(2 0.8 1)
(2.25 0.8 1)
(2.5 0.8 1)
(2.75 0.8 1)
(3 0.8 1)
(3.25 0.8 1)
(3.5 0.8 1)
(3.75 0.8 1)
(4 0.8 1)
(4.25 0.8 1)
(4.5 0.8 1)
(4.75 0.8 1)
(5 0.8 1)
(-3 1 1)
(-2.75 1 1)
(-2.5 1 1)
(-2.25 1 1)
(-2 1 1)
(-1.75 1 1)
(-1.5 1 1)
(-1.25 0.9999999998 1)
(-0.9999999999 0.9999999994 1)
(-0.7499999998 0.9999999987 1)
(-0.4999999997 0.9999999975 1)
(-0.2499999998 0.9999999968 1)
(-5.964847353e-12 0.9999999966 1)
(0.2499999998 0.9999999968 1)
(0.4999999997 0.9999999976 1)
(0.7499999998 0.9999999987 1)
(0.9999999999 0.9999999995 1)
(1.25 0.9999999998 1)
(1.5 1 1)
(1.75 1 1)
(2 1 1)
(2.25 1 1)
(2.5 1 1)
(2.75 1 1)
(3 1 1)
(3.25 1 1)
(3.5 1 1)
(3.75 1 1)
(4 1 1)
(4.25 1 1)
(4.5 1 1)
(4.75 1 1)
(5 1 1)
(-3 1.2 1)
(-2.75 1.2 1)
(-2.5 1.2 1)
(-2.25 1.2 1)
(-2 1.2 1)
(-1.75 1.2 1)
(-1.5 1.2 1)
(-1.25 1.2 1)
(-1 1.2 1)
(-0.75 1.2 1)
(-0.4999999999 1.199999999 1)
(-0.25 1.199999999 1)
(-1.272942493e-12 1.199999999 1)
(0.25 1.199999999 1)
(0.4999999999 1.199999999 1)
(0.75 1.2 1)
(1 1.2 1)
(1.25 1.2 1)
(1.5 1.2 1)
(1.75 1.2 1)
(2 1.2 1)
(2.25 1.2 1)
(2.5 1.2 1)
(2.75 1.2 1)
(3 1.2 1)
(3.25 1.2 1)
(3.5 1.2 1)
(3.75 1.2 1)
(4 1.2 1)
(4.25 1.2 1)
(4.5 1.2 1)
(4.75 1.2 1)
(5 1.2 1)
(-3 1.4 1)
(-2.75 1.4 1)
(-2.5 1.4 1)
(-2.25 1.4 1)
(-2 1.4 1)
(-1.75 1.4 1)
(-1.5 1.4 1)
(-1.25 1.4 1)
(-1 1.4 1)
(-0.75 1.4 1)
(-0.5 1.4 1)
(-0.25 1.4 1)
(-2.302354457e-13 1.4 1)
(0.25 1.4 1)
(0.5 1.4 1)
(0.75 1.4 1)
(1 1.4 1)
(1.25 1.4 1)
(1.5 1.4 1)
(1.75 1.4 1)
(2 1.4 1)
(2.25 1.4 1)
(2.5 1.4 1)
(2.75 1.4 1)
(3 1.4 1)
(3.25 1.4 1)
(3.5 1.4 1)
(3.75 1.4 1)
(4 1.4 1)
(4.25 1.4 1)
(4.5 1.4 1)
(4.75 1.4 1)
(5 1.4 1)
(-3 1.6 1)
(-2.75 1.6 1)
(-2.5 1.6 1)
(-2.25 1.6 1)
(-2 1.6 1)
(-1.75 1.6 1)
(-1.5 1.6 1)
(-1.25 1.6 1)
(-1 1.6 1)
(-0.75 1.6 1)
(-0.5 1.6 1)
(-0.25 1.6 1)
(-3.5485117e-14 1.6 1)
(0.25 1.6 1)
(0.5 1.6 1)
(0.75 1.6 1)
(1 1.6 1)
(1.25 1.6 1)
(1.5 1.6 1)
(1.75 1.6 1)
(2 1.6 1)
(2.25 1.6 1)
(2.5 1.6 1)
(2.75 1.6 1)
(3 1.6 1)
(3.25 1.6 1)
(3.5 1.6 1)
(3.75 1.6 1)
(4 1.6 1)
(4.25 1.6 1)
(4.5 1.6 1)
(4.75 1.6 1)
(5 1.6 1)
(-3 1.8 1)
(-2.75 1.8 1)
(-2.5 1.8 1)
(-2.25 1.8 1)
(-2 1.8 1)
(-1.75 1.8 1)
(-1.5 1.8 1)
(-1.25 1.8 1)
(-1 1.8 1)
(-0.75 1.8 1)
(-0.5 1.8 1)
(-0.25 1.8 1)
(-4.790563788e-15 1.8 1)
(0.25 1.8 1)
(0.5 1.8 1)
(0.75 1.8 1)
(1 1.8 1)
(1.25 1.8 1)
(1.5 1.8 1)
(1.75 1.8 1)
(2 1.8 1)
(2.25 1.8 1)
(2.5 1.8 1)
(2.75 1.8 1)
(3 1.8 1)
(3.25 1.8 1)
(3.5 1.8 1)
(3.75 1.8 1)
(4 1.8 1)
(4.25 1.8 1)
(4.5 1.8 1)
(4.75 1.8 1)
(5 1.8 1)
(-3 2 1)
(-2.75 2 1)
(-2.5 2 1)
(-2.25 2 1)
(-2 2 1)
(-1.75 2 1)
(-1.5 2 1)
(-1.25 2 1)
(-1 2 1)
(-0.75 2 1)
(-0.5 2 1)
(-0.25 2 1)
(-7.440559861e-16 2 1)
(0.25 2 1)
(0.5 2 1)
(0.75 2 1)
(1 2 1)
(1.25 2 1)
(1.5 2 1)
(1.75 2 1)
(2 2 1)
(2.25 2 1)
(2.5 2 1)
(2.75 2 1)
(3 2 1)
(3.25 2 1)
(3.5 2 1)
(3.75 2 1)
(4 2 1)
(4.25 2 1)
(4.5 2 1)
(4.75 2 1)
(5 2 1)
(-0.1249927834 -0.09976714644 -0.1877828095)
(0.1249910519 -0.09978678242 -0.1877829055)
(-0.1249923675 0.0997916613 -0.187782816)
(0.1249914679 0.09977202492 -0.1877826886)
(-0.1249393671 -0.2981930874 -0.06113650741)
(0.1249386048 -0.2981934151 -0.0611372983)
(-0.6220283472 -0.08582334984 -0.04816639556)
(-0.373853451 -0.09592436164 -0.05848847849)
(-0.1249970589 -0.09706459618 -0.06378359575)
(0.1249970589 -0.09706459578 -0.06378359352)
(0.373853451 -0.0959243614 -0.05848847901)
(0.6220283472 -0.08582334984 -0.04816639556)
(-0.6220283472 0.08582334984 -0.04816639556)
(-0.373853451 0.0959243614 -0.05848847901)
(-0.1249970589 0.09706459578 -0.06378359352)
(0.1249970589 0.09706459618 -0.06378359575)
(0.373853451 0.09592436164 -0.05848847849)
(0.6220283472 0.08582334984 -0.04816639556)
(-0.1249393561 0.2981935237 -0.06113009629)
(0.1249386198 0.2981931756 -0.06112929111)
(-0.1249393523 -0.2981935048 0.06113008247)
(0.1249386196 -0.2981931745 0.06112928789)
(-0.6220283472 -0.08582334984 0.04816639556)
(-0.373853451 -0.0959243614 0.05848847901)
(-0.1249970589 -0.09706459578 0.06378359352)
(0.1249970589 -0.09706459618 0.06378359575)
(0.373853451 -0.09592436164 0.05848847849)
(0.6220283472 -0.08582334984 0.04816639556)
(-0.6220283472 0.08582334984 0.04816639556)
(-0.373853451 0.09592436164 0.05848847849)
(-0.1249970589 0.09706459618 0.06378359575)
(0.1249970589 0.09706459578 0.06378359352)
(0.373853451 0.0959243614 0.05848847901)
(0.6220283472 0.08582334984 0.04816639556)
(-0.1249393671 0.2981930853 0.06113650514)
(0.1249386085 0.2981934335 0.06113731026)
(-0.1249923671 -0.09979166448 0.1877828264)
(0.1249914681 -0.09977202676 0.1877826993)
(-0.1249927831 0.09976714545 0.1877827986)
(0.124991052 0.09978678439 0.1877829009)
(-0.1249893626 -0.1997359368 -0.2497710596)
(-0.2499807309 -0.09979880724 -0.2497951883)
(-0.2499520355 -0.1992897568 -0.1864967757)
(0.1249887304 -0.1997407912 -0.2497713024)
(-9.593663848e-07 -0.09988286627 -0.250283095)
(-6.622897438e-07 -0.1996155981 -0.1871704909)
(0.2499802419 -0.0998120105 -0.2497955438)
(0.249951747 -0.1992973861 -0.1864983017)
(-0.1249972172 1.248576932e-05 -0.2504838949)
(-0.2499806654 0.09981356984 -0.2497955511)
(-0.2499900718 2.636260283e-05 -0.1880428916)
(0.1249957056 -6.854472763e-06 -0.2504838603)
(-6.247606096e-07 0.09988874868 -0.2502830025)
(-3.810174478e-06 1.423898626e-05 -0.1890835771)
(0.2499803089 0.09980036323 -0.2497951307)
(0.2499894048 -2.389404269e-05 -0.1880426932)
(-0.1249892351 0.1997425893 -0.249771114)
(-0.2499519719 0.1992981703 -0.1864981953)
(0.1249888609 0.1997377299 -0.2497708524)
(-2.891565798e-07 0.1996189139 -0.1871698502)
(0.2499518146 0.1992905183 -0.1864966124)
(-0.124974627 -0.3993037823 -0.1244190602)
(-0.2499092132 -0.2984986139 -0.1234775915)
(-0.2499085805 -0.3984066475 -0.06168654648)
(0.124974269 -0.3993043156 -0.1244206755)
(-4.55035102e-07 -0.2992297246 -0.1241818535)
(-6.325986813e-07 -0.399169851 -0.06202976279)
(0.2499090557 -0.2985005447 -0.1234833484)
(0.2499083682 -0.3984068389 -0.0616975312)
(-0.6248801126 -0.1995078175 -0.1232194366)
(-0.7498348849 -0.09954590622 -0.1226519162)
(-0.7496518325 -0.1986099478 -0.06066710755)
(-0.3748192675 -0.1980335733 -0.1218631696)
(-0.4998784717 -0.09947975549 -0.1227326529)
(-0.5000243376 -0.1991869691 -0.06094839954)
(-0.1249654145 -0.1990412113 -0.1235382556)
(-0.2499615738 -0.09939466664 -0.124254153)
(-0.2498268374 -0.1959959035 -0.05804919454)
(0.1249648275 -0.1990464015 -0.1235384768)
(-3.517312506e-06 -0.09987409072 -0.1260946074)
(-1.921789322e-07 -0.1987664536 -0.06076694808)
(0.3748192343 -0.1980367367 -0.1218728145)
(0.2499613138 -0.09942092178 -0.1242544137)
(0.2498268189 -0.1959963329 -0.05805004733)
(0.6248801115 -0.199508049 -0.1232622555)
(0.4998784624 -0.0994834861 -0.1227390498)
(0.5000243357 -0.199187099 -0.06121137589)
(0.7498348837 -0.09954498393 -0.1226569781)
(0.7496518287 -0.1986098496 -0.06074145769)
(-0.6247350121 3.068134944e-07 -0.1207033722)
(-0.7498348839 0.09954527166 -0.1226558139)
(-0.733464981 -2.470807996e-17 -0.05045815516)
(-0.3749862327 2.991989504e-05 -0.125138743)
(-0.4998784666 0.09948351237 -0.122739021)
(-0.4998668107 -3.181928429e-17 -0.06495604178)
(-0.1250284973 7.785418863e-05 -0.1284121953)
(-0.2499614837 0.09942154096 -0.1242543479)
(-0.2500591549 0.0002212738502 -0.07252276096)
(0.1250253845 -6.622693984e-05 -0.1284121815)
(-3.99216478e-08 0.09988735981 -0.1260945032)
(-8.349295771e-05 0.0003123126436 -0.07498764352)
(0.3749861927 -2.977745075e-05 -0.1251387704)
(0.2499614037 0.0993953214 -0.1242541793)
(0.2500591549 -0.0002212738502 -0.07252276096)
(0.6247350117 -2.771875663e-07 -0.1207034403)
(0.4998784681 0.09947977341 -0.1227326824)
(0.4998668107 -3.181928429e-17 -0.06495604178)
(0.7498348848 0.09954619347 -0.1226522083)
(0.733464981 -2.470723466e-17 -0.05045815516)
(-0.6248801131 0.1995080778 -0.1232620985)
(-0.7496518287 0.1986099398 -0.0607401626)
(-0.3748192567 0.1980368153 -0.121872774)
(-0.5000243374 0.1991871085 -0.06121138876)
(-0.1249651912 0.1990475185 -0.123537829)
(-0.2499091979 0.2985007785 -0.1234825526)
(-0.249826771 0.1959960268 -0.05804957626)
(0.1249650509 0.1990423247 -0.1235375969)
(-3.204544977e-07 0.2992305043 -0.1241762013)
(-1.701558247e-07 0.1987666361 -0.06076382087)
(0.374819248 0.1980336246 -0.1218631198)
(0.2499090807 0.2984987811 -0.1234767241)
(0.2498268208 0.1959959176 -0.05804906751)
(0.6248801118 0.1995078405 -0.1232194519)
(0.5000243372 0.1991869691 -0.06094839852)
(0.7496518325 0.1986100377 -0.06066714989)
(-0.1249746017 0.3993045066 -0.1244178739)
(-0.2499085855 0.3984069116 -0.06169554877)
(0.1249742961 0.3993039634 -0.1244162482)
(-6.214348345e-07 0.3991699306 -0.06201748383)
(0.2499083718 0.3984066677 -0.06168452939)
(-0.1249554166 -0.3987465956 -3.768125776e-06)
(-0.2497867597 -0.2960588659 3.206539662e-06)
(-0.2499085773 -0.3984068638 0.06169551481)
(0.124954349 -0.3987465946 -6.823781163e-06)
(-4.726132349e-06 -0.2990295234 -4.712184984e-05)
(-6.209583917e-07 -0.3991699288 0.06201748074)
(0.2497865843 -0.296058864 -4.949131782e-06)
(0.2499083712 -0.3984066657 0.06168452243)
(-0.6254579133 -0.2029593456 0.0008445634607)
(-0.7496518286 -0.1986098494 0.06074393168)
(-0.3694146542 -0.1840231237 8.451125125e-18)
(-0.5000243356 -0.1991870969 0.06121137412)
(-0.1249526599 -0.1967099357 9.033757538e-18)
(-0.2498268354 -0.1959963476 0.05804992091)
(0.1249526599 -0.1967099357 9.033757538e-18)
(-1.701583113e-07 -0.1987666361 0.06076382059)
(0.3694146542 -0.1840231237 8.451125125e-18)
(0.2498268219 -0.1959959192 0.05804907133)
(0.6254579132 -0.2029593454 -0.000844532443)
(0.5000243354 -0.1991869548 0.06094838021)
(0.7496518325 -0.1986099474 0.0606695824)
(-0.7334649465 8.238553413e-18 0.05045780181)
(-0.4998668107 1.06064281e-17 0.06495604178)
(-0.2500591549 -0.0002212738502 0.07252276096)
(-8.349295771e-05 -0.0003123126436 0.07498764352)
(0.2500591549 0.0002212738502 0.07252276096)
(0.4998668107 1.06064281e-17 0.06495604178)
(0.7334649465 8.237833155e-18 0.05045780181)
(-0.6254579133 0.2029593466 -0.0008444974653)
(-0.7496518325 0.1986100374 0.06067087836)
(-0.3694146542 0.1840231237 0)
(-0.500024336 0.1991869572 0.06094838774)
(-0.1249526599 0.1967099357 0)
(-0.249786763 0.2960588721 -3.215117188e-06)
(-0.2498268385 0.1959959046 0.05804919897)
(0.1249526599 0.1967099357 0)
(-4.72612251e-06 0.2990295235 4.712138464e-05)
(-1.921817699e-07 0.1987664534 0.06076694786)
(0.3694146542 0.1840231237 0)
(0.2497865877 0.2960588722 4.950667789e-06)
(0.2498267554 0.1959960138 0.05804970636)
(0.6254579132 0.2029593466 0.0008445631781)
(0.5000243356 0.1991870966 0.06121137813)
(0.7496518286 0.1986099393 0.06074388978)
(-0.1249554175 0.3987465972 3.764619696e-06)
(-0.2499085804 0.3984066411 0.06168654395)
(0.12495435 0.3987465973 6.823682779e-06)
(-6.320426213e-07 0.399169852 0.06202976339)
(0.2499083762 0.3984068852 0.06169756339)
(-0.1249745999 -0.3993045015 0.1244178675)
(-0.249909188 -0.2985007204 0.1234824906)
(0.1249742961 -0.399303964 0.124416246)
(-3.198891643e-07 -0.2992305036 0.1241761981)
(0.249909081 -0.2984987805 0.1234767221)
(-0.6248801115 -0.1995080505 0.1232627648)
(-0.7498348832 -0.09954498339 0.1226650138)
(-0.3748192545 -0.1980368027 0.1218727992)
(-0.4998784671 -0.09948348032 0.1227390994)
(-0.1249651908 -0.1990475163 0.1235378226)
(-0.2499614818 -0.09942153973 0.1242543484)
(-0.2499519684 -0.1992981623 0.1864981662)
(0.1249650513 -0.1990423244 0.1235375978)
(-3.96167237e-08 -0.09988735853 0.12609451)
(-2.888810149e-07 -0.1996189182 0.1871698505)
(0.37481924 -0.1980335593 0.1218630517)
(0.2499614056 -0.09939533158 0.124254192)
(0.2499518147 -0.1992905259 0.1864966175)
(0.6248801114 -0.1995078138 0.1232199603)
(0.4998784602 -0.09947973482 0.1227326408)
(0.7498348851 -0.09954590704 0.1226599695)
(-0.6247350119 -2.751906758e-07 0.1207041551)
(-0.7498348853 0.09954619319 0.1226611313)
(-0.3749862326 -2.994422326e-05 0.1251387489)
(-0.4998784669 0.09947974697 0.1227326461)
(-0.125028497 -7.785647092e-05 0.1284121947)
(-0.2499615744 0.09939467284 0.124254146)
(-0.2499900715 -2.637131877e-05 0.1880429028)
(0.1250253851 6.620764453e-05 0.1284121813)
(-3.517589941e-06 0.09987408944 0.1260945997)
(-3.81004545e-06 -1.424164789e-05 0.1890835775)
(0.3749861926 2.980261064e-05 0.125138774)
(0.2499613117 0.09942091442 0.1242544038)
(0.2499894049 2.390081263e-05 0.1880427057)
(0.6247350116 2.956625866e-07 0.1207041238)
(0.4998784666 0.09948349031 0.1227391506)
(0.7498348832 0.0995452695 0.1226647267)
(-0.6248801126 0.1995078311 0.1232201245)
(-0.3748192609 0.1980335171 0.121863122)
(-0.1249654145 0.1990412099 0.1235382508)
(-0.249909213 0.2984986091 0.1234775904)
(-0.2499520357 0.1992897585 0.1864967851)
(0.1249648274 0.1990464036 0.1235384797)
(-4.54437522e-07 0.2992297283 0.1241818566)
(-6.620295517e-07 0.199615603 0.1871704943)
(0.374819233 0.1980367143 0.12187278)
(0.2499090651 0.2985006058 0.1234834138)
(0.24995175 0.1992974114 0.1864983495)
(0.6248801109 0.1995080665 0.1232627575)
(-0.1249746267 0.3993037817 0.1244190599)
(0.1249742708 0.399304325 0.1244206853)
(-0.1249892341 -0.1997426121 0.2497711126)
(-0.2499806645 -0.09981358102 0.2497955663)
(0.1249888606 -0.1997377536 0.2497708523)
(-6.245937904e-07 -0.09988875443 0.2502830056)
(0.2499803087 -0.09980037265 0.2497951457)
(-0.1249972169 -1.248957878e-05 0.2504838995)
(-0.2499807309 0.09979880901 0.2497952101)
(0.1249957057 6.852548179e-06 0.2504838662)
(-9.592017647e-07 0.0998828691 0.250283098)
(0.2499802426 0.09981201946 0.2497955708)
(-0.1249893632 0.1997359563 0.2497710769)
(0.1249887318 0.199740816 0.2497713281)
(-0.1249934132 -0.09984947765 -0.2501416245)
(0.1249922184 -0.09986073147 -0.2501417128)
(-0.1249932255 0.09986446279 -0.2501416615)
(0.1249924068 0.09985320719 -0.2501415389)
(-0.1249811087 -0.1995065547 -0.1869513257)
(-0.1249628656 -0.2989857155 -0.1239435731)
(0.1249803286 -0.1995131073 -0.1869516598)
(0.1249623713 -0.2989873941 -0.1239447047)
(-0.6247479636 -0.09927885145 -0.1212397477)
(-0.2499712876 -0.09963250704 -0.1871369903)
(-0.3748995934 -0.09914393647 -0.1228867846)
(-1.882528276e-06 -0.09983819238 -0.1880773456)
(-0.1250037599 2.956025154e-05 -0.1887731542)
(-0.1249966206 -0.09971868597 -0.1254632119)
(0.249970762 -0.09965399339 -0.1871374603)
(0.1250012067 -2.003494923e-05 -0.1887731128)
(0.1249946659 -0.09974608351 -0.1254632288)
(0.3748995598 -0.099157844 -0.1228883422)
(0.6247479658 -0.09927922763 -0.1212465969)
(-0.6247479666 0.09927925331 -0.1212465096)
(-0.249971187 0.09965556064 -0.1871374524)
(-0.3748995845 0.09915794219 -0.1228883292)
(-8.650599205e-07 0.09984840956 -0.1880771979)
(-0.1249809012 0.1995150951 -0.1869512681)
(-0.124995758 0.09975014838 -0.1254631364)
(0.2499708632 0.09963407644 -0.187136918)
(0.1249805373 0.199508536 -0.1869509128)
(0.1249955276 0.09972275445 -0.1254631119)
(0.3748995671 0.09914402466 -0.1228867642)
(0.6247479629 0.09927887483 -0.1212397765)
(-0.1249627871 0.2989878802 -0.1239418576)
(0.1249624524 0.2989861854 -0.1239407072)
(-0.1249609965 -0.3989071815 -0.06191106886)
(0.1249603522 -0.39890734 -0.06191351356)
(-0.6249383298 -0.1998095369 -0.06100128649)
(-0.2498262079 -0.2969409891 -0.06040178069)
(-0.3744617437 -0.193929605 -0.05584837937)
(-1.043430843e-06 -0.2988229857 -0.06152499431)
(-0.1249286714 -0.1976830151 -0.05959077876)
(-0.1249344041 -0.2979782648 -6.991799698e-06)
(0.2498260674 -0.2969413572 -0.06040860276)
(0.1249285403 -0.1976834365 -0.05959083219)
(0.1249329221 -0.2979782642 -7.766301789e-06)
(0.3744617363 -0.1939298128 -0.05586025331)
(0.6249383295 -0.1998095426 -0.06121372434)
(-0.7499467673 -0.09984035931 -0.06109544476)
(-0.5013626984 -0.09065071589 -0.05503487974)
(-0.6242490367 -2.831453601e-17 -0.05780143181)
(-0.2499821419 -0.09679624515 -0.06244479598)
(-0.3750613968 9.035679879e-05 -0.06882991325)
(1.197584275e-05 -0.09733294716 -0.06512239374)
(-0.1250713239 0.0002667932469 -0.07375520224)
(0.249982142 -0.09679624511 -0.06244479576)
(0.1250713239 -0.0002667932469 -0.07375520224)
(0.5013626984 -0.09065071589 -0.05503487975)
(0.3750613968 -9.035679879e-05 -0.06882991325)
(0.7499466967 -0.0998395264 -0.0610988958)
(0.6242490367 -2.831453601e-17 -0.05780143181)
(-0.7499466967 0.09983960867 -0.06109838288)
(-0.5013626984 0.09065071589 -0.05503487975)
(-0.6249383298 0.1998095485 -0.06121366487)
(-0.249982142 0.09679624511 -0.06244479576)
(-0.3744617503 0.1939298744 -0.05586033085)
(-1.197584275e-05 0.09733294716 -0.06512239374)
(-0.1249286538 0.1976835119 -0.05958989814)
(0.2499821419 0.09679624515 -0.06244479598)
(0.124928557 0.1976830946 -0.05958984973)
(0.5013626984 0.09065071589 -0.05503487974)
(0.3744617419 0.1939296059 -0.05584836746)
(0.7499467673 0.09984044144 -0.06109550687)
(0.6249383297 0.1998095407 -0.06100128824)
(-0.2498262385 0.2969416331 -0.06040749195)
(-1.019635808e-06 0.2988231374 -0.06150482538)
(-0.1249609911 0.3989074057 -0.06190732989)
(-0.1249344054 0.2979782685 6.9880691e-06)
(0.2498260719 0.2969410145 -0.06040050745)
(0.1249603603 0.3989072341 -0.06190487544)
(0.1249329235 0.2979782685 7.767645503e-06)
(-0.1249609885 -0.3989073943 0.06190731999)
(0.12496036 -0.398907233 0.06190487184)
(-0.6249383293 -0.1998095417 0.06121382367)
(-0.2498262033 -0.2969413884 0.06040732881)
(-0.3744617381 -0.1939298153 0.05586024224)
(-1.019289657e-06 -0.2988231363 0.06150482345)
(-0.1249286547 -0.1976835161 0.05958990326)
(-0.1249627845 -0.298987869 0.123941844)
(0.2498260717 -0.2969410132 0.06040049729)
(0.124928557 -0.1976830941 0.0595898489)
(0.1249624525 -0.2989861861 0.1239407055)
(0.3744617366 -0.1939295723 0.05584831155)
(0.6249383294 -0.1998095338 0.06100138591)
(-0.7499466966 -0.09983952622 0.06110118279)
(-0.5013626984 -0.09065071589 0.05503487975)
(-0.6242490367 9.43817834e-18 0.05780143181)
(-0.6247479627 -0.09927922372 0.1212471026)
(-0.249982142 -0.09679624511 0.06244479576)
(-0.3750613968 -9.035679879e-05 0.06882991325)
(-0.3748995859 -0.0991579407 0.1228883311)
(-1.197584275e-05 -0.09733294716 0.06512239374)
(-0.1250713239 -0.0002667932469 0.07375520224)
(-0.1249957583 -0.09975015161 0.1254631816)
(0.2499821419 -0.09679624515 0.06244479598)
(0.1250713239 0.0002667932469 0.07375520224)
(0.124995528 -0.09972275101 0.1254631524)
(0.5013626984 -0.09065071589 0.05503487974)
(0.3750613968 9.035679879e-05 0.06882991325)
(0.3748995676 -0.09914401806 0.1228868079)
(0.7499467673 -0.09984035925 0.06109772997)
(0.6242490367 9.43817834e-18 0.05780143181)
(0.6247479654 -0.09927885378 0.1212403582)
(-0.7499467673 0.0998404414 0.06109824229)
(-0.5013626984 0.09065071589 0.05503487974)
(-0.6249383296 0.1998095383 0.06100145019)
(-0.6247479665 0.09927887363 0.1212404383)
(-0.2499821419 0.09679624515 0.06244479598)
(-0.3744617384 0.1939295708 0.05584832679)
(-0.3748995952 0.09914393945 0.1228868462)
(1.197584275e-05 0.09733294716 0.06512239374)
(-0.1249286714 0.1976830145 0.05959077815)
(-0.12499662 0.09971868516 0.125463163)
(0.249982142 0.09679624511 0.06244479576)
(0.1249285394 0.1976834318 0.05959082641)
(0.1249946653 0.09974608372 0.1254631879)
(0.5013626984 0.09065071589 0.05503487975)
(0.3744617434 0.1939298399 0.05586029163)
(0.37489956 0.09915784095 0.1228883159)
(0.7499466966 0.09983960848 0.06110112079)
(0.6249383294 0.1998095457 0.06121382348)
(0.6247479626 0.09927924335 0.1212470936)
(-0.2498262076 0.29694098 0.06040177572)
(-1.043048764e-06 0.2988229864 0.06152499474)
(-0.1249609964 0.3989071794 0.06191106676)
(-0.1249628654 0.2989857154 0.1239435721)
(0.2498261023 0.2969415987 0.06040875996)
(0.1249603547 0.3989073511 0.06191352126)
(0.1249623738 0.2989874103 0.1239447211)
(-0.1249809002 -0.1995150986 0.1869512644)
(0.1249805374 -0.1995085421 0.1869509153)
(-0.2499711858 -0.09965556215 0.1871374592)
(-8.648466337e-07 -0.09984841148 0.188077202)
(-0.1250037596 -2.956476731e-05 0.1887731548)
(-0.124993225 -0.09986447096 0.2501416663)
(0.2499708636 -0.09963407847 0.1871369313)
(0.1250012069 2.002990884e-05 0.1887731149)
(0.1249924068 -0.09985321441 0.2501415439)
(-0.2499712876 0.09963250568 0.1871369974)
(-1.882462495e-06 0.09983819246 0.1880773425)
(-0.1249811086 0.1995065585 0.1869513268)
(-0.1249934131 0.09984948011 0.2501416279)
(0.2499707622 0.09965399841 0.1871374736)
(0.1249803294 0.1995131183 0.1869516732)
(0.1249922188 0.09986073737 0.2501417209)
(-0.6248827769 -0.09970909354 -0.1856754673)
(-0.3749407333 -0.09955982551 -0.1864342203)
(0.374940593 -0.09957326508 -0.1864359813)
(0.6248827705 -0.09971066226 -0.185680014)
(-0.6248827766 0.09971076685 -0.1856797153)
(-0.374940711 0.09957370248 -0.1864359523)
(0.3749406137 0.09956025575 -0.1864341882)
(0.6248827707 0.09970919528 -0.1856755965)
(-0.6249820492 -0.2997887639 -0.06184110869)
(-0.3747086205 -0.2962829366 -0.05991206097)
(0.3747085969 -0.2962831639 -0.05996198264)
(0.6249820481 -0.2997887981 -0.06204763068)
(-0.8752693931 -0.1003219428 -0.06375298378)
(-0.4372554695 -0.1476938869 -0.08876762329)
(-0.1874451951 -0.1487358339 -0.09071635461)
(0.06247638493 -0.1492412368 -0.09195839445)
(0.3122639544 -0.1475582411 -0.08873051521)
(0.875279995 -0.1003414493 -0.06380835745)
(-0.875279995 0.1003434054 -0.06379642843)
(-0.6871443414 0.04937842823 -0.08831709836)
(-0.4374514694 0.04977467551 -0.09267572018)
(-0.1875284862 0.05018908653 -0.09681967456)
(0.06253474932 0.05027549741 -0.09801101743)
(0.3125144443 0.04989231839 -0.09469955553)
(0.5622320595 0.04952366035 -0.08923961684)
(0.8752693931 0.1003238249 -0.06375441619)
(-0.624982049 0.299788812 -0.06204742904)
(-0.3747086006 0.2962830126 -0.05996170751)
(0.3747085983 0.2962829351 -0.0599118764)
(0.6249820486 0.2997887777 -0.06184111233)
(-0.624982049 -0.2997888019 0.06204792193)
(-0.3747086182 -0.2962831739 0.05996179733)
(0.3747085978 -0.2962829299 0.0599118528)
(0.6249820483 -0.2997887645 0.06184139765)
(-0.8752801056 -0.1003415842 0.0638633478)
(-0.6841623127 -0.1337511372 0.02091124292)
(-0.4391571327 -0.1529014662 0.0338410119)
(0.5633070053 -0.1430972912 0.0290375284)
(0.8752694424 -0.1003220017 0.06380561264)
(-0.8752694424 0.1003238841 0.06381709207)
(0.8752801056 0.1003435411 0.06386185848)
(-0.6249820488 0.2997887712 0.06184160132)
(-0.3747086182 0.2962829142 0.05991205181)
(-0.1873734689 0.2463113584 0.02903833002)
(0.06245593254 0.2482056883 0.03002010989)
(0.3747085782 0.2962829923 0.05996188356)
(0.6249820477 0.2997888053 0.06204791778)
(-0.6248827754 -0.09971068646 0.1856821192)
(-0.3749407116 -0.09957370469 0.1864360339)
(0.374940614 -0.09956025051 0.1864342632)
(0.6248827709 -0.09970911685 0.1856776526)
(-0.6248827772 0.09970916814 0.1856778925)
(-0.3749407331 0.0995598218 0.1864342969)
(0.3749405934 0.09957326988 0.1864360377)
(0.6248827698 0.09971073704 0.1856820533)
(-0.1873734682 -0.2463113568 -0.02903833309)
(-0.06245816614 -0.2482056664 -0.03002006653)
(0.06245593208 -0.2482056867 -0.03002010914)
(0.1873732532 -0.2463113942 -0.02903913246)
(-0.6871443451 -0.04937910407 -0.0883162369)
(-0.5622320594 -0.04952365859 -0.08923960714)
(-0.6841623213 -0.1337511864 -0.02091131343)
(-0.5633070053 -0.1430972912 -0.0290375284)
(-0.3122639505 -0.1475540439 -0.08872935288)
(-0.4374514712 -0.04976311931 -0.09267522654)
(-0.3125144676 -0.04989223482 -0.09469962025)
(-0.4391571327 -0.1529014662 -0.03384101196)
(-0.0624772117 -0.1492374985 -0.0919583914)
(-0.1875286804 -0.0501239886 -0.09681956245)
(-0.06253862253 -0.05026101435 -0.09801101533)
(0.187445038 -0.1487416568 -0.09071642821)
(0.06252791566 -0.05031482384 -0.09801090608)
(0.1875281926 -0.05018799039 -0.09681965774)
(0.4372554607 -0.1476955232 -0.08877658238)
(0.3125144366 -0.04993446011 -0.09469970286)
(0.4374514694 -0.04977466726 -0.09267577874)
(0.4391571327 -0.1529014662 -0.0338410119)
(0.5622320673 -0.04952458311 -0.08924104604)
(0.6871443414 -0.04937838783 -0.08831722257)
(0.5633070053 -0.143097291 -0.02903752808)
(0.6841623127 -0.1337511372 -0.02091124292)
(-0.5622320673 0.04952458573 -0.08924103535)
(-0.6841623127 0.1337511372 -0.02091124292)
(-0.5633070053 0.143097291 -0.02903752808)
(-0.3125144596 0.04993454115 -0.09469976257)
(-0.4372554688 0.1476955722 -0.08877666081)
(-0.3122639432 0.1475581681 -0.08873022112)
(-0.4391571327 0.1529014662 -0.0338410119)
(-0.06253178859 0.05032930719 -0.09801090975)
(-0.1874451229 0.148741956 -0.09071637413)
(-0.06247685248 0.1492429208 -0.09195822135)
(0.1875283869 0.05012508254 -0.0968195609)
(0.06247674405 0.1492391824 -0.09195821773)
(0.1874451083 0.1487361401 -0.0907163055)
(0.4374514716 0.04976312438 -0.09267528956)
(0.3122639405 0.1475540793 -0.08872934565)
(0.4372554684 0.1476938906 -0.08876762577)
(0.4391571327 0.1529014662 -0.03384101196)
(0.6871443451 0.04937914433 -0.08831628786)
(0.5633070053 0.1430972912 -0.0290375284)
(0.6841623213 0.1337511864 -0.02091131343)
(-0.187373477 0.2463114495 -0.02903703549)
(-0.06245816508 0.2482057005 -0.02999787574)
(0.06245593369 0.2482056784 -0.02999783196)
(0.1873732546 0.246311363 -0.02903620461)
(-0.1873734675 -0.2463113982 0.02903700514)
(-0.06245816461 -0.2482056987 0.0299978745)
(0.06245593359 -0.2482056781 0.02999783158)
(0.1873732537 -0.2463113596 0.02903620431)
(-0.5633070053 -0.143097291 0.02903752808)
(-0.6871443408 -0.04937838673 0.08831834997)
(-0.5622320599 -0.04952458133 0.08924095822)
(-0.4372554614 -0.1476955221 0.08877657631)
(-0.3122639666 -0.1475582885 0.08873052998)
(-0.437451471 -0.04977468164 0.09267573101)
(-0.3125144594 -0.04993452896 0.09469968573)
(-0.1874451241 -0.1487419622 0.09071638004)
(-0.06247685254 -0.1492429207 0.09195822135)
(-0.187528485 -0.05018909226 0.09681956584)
(-0.0625317898 -0.05032929916 0.09801100889)
(0.06247674407 -0.1492391826 0.09195821631)
(0.1874451096 -0.1487361436 0.09071631506)
(0.06253474872 -0.05027552579 0.09801089804)
(0.1875283879 -0.05012506358 0.09681965001)
(0.4391571327 -0.1529014662 0.03384101196)
(0.312263961 -0.1475541783 0.08872961387)
(0.4372554604 -0.1476938369 0.08876753058)
(0.312514445 -0.04989233392 0.0946996391)
(0.4374514703 -0.04976312778 0.09267526942)
(0.6841623213 -0.1337511864 0.02091131343)
(0.5622320679 -0.04952367639 0.08923976001)
(0.6871443456 -0.04937910512 0.08831738242)
(-0.6841623213 0.1337511864 0.02091131343)
(-0.5633070053 0.1430972912 0.0290375284)
(-0.6871443456 0.04937914522 0.0883175056)
(-0.5622320672 0.04952366848 0.08923975536)
(-0.4391571327 0.1529014662 0.03384101196)
(-0.4374514695 0.04976311481 0.09267520677)
(-0.3125144684 0.04989225162 0.09469970657)
(-0.4372554626 0.1476938426 0.08876753982)
(-0.3122639737 0.1475541583 0.08872965329)
(-0.1875286815 0.0501239649 0.0968196713)
(-0.06253862165 0.05026103964 0.09801091586)
(-0.1874451957 0.148735835 0.09071635931)
(-0.06247721169 0.1492374983 0.09195839042)
(0.06252791658 0.0503148132 0.09801102525)
(0.1875281915 0.05018799482 0.09681956837)
(0.06247638478 0.1492412361 0.09195839475)
(0.1874450361 0.148741649 0.09071641794)
(0.4391571327 0.1529014662 0.0338410119)
(0.3125144361 0.04993444643 0.09469962136)
(0.4374514709 0.04977466797 0.09267579408)
(0.3122639588 0.1475582606 0.08873054045)
(0.4372554616 0.1476955255 0.08877658702)
(0.5633070053 0.143097291 0.02903752808)
(0.6841623127 0.1337511372 0.02091124292)
(0.5622320595 0.04952457328 0.08924096505)
(0.6871443408 0.04937842682 0.08831830134)
(-0.06245816621 0.2482056663 0.03002006609)
(0.1873732626 0.2463114449 0.02903916094)
(-0.6249575167 -0.199829329 -0.2493336442)
(-0.7499613043 -0.09991240792 -0.2493047907)
(-0.7499430665 -0.1997707231 -0.186697319)
(-0.3749615983 -0.1996333818 -0.2493326245)
(-0.4999516735 -0.09982934381 -0.2491911569)
(-0.4999336279 -0.1995110185 -0.1863154732)
(0.3749614934 -0.1996378888 -0.2493353046)
(0.6249575076 -0.199830346 -0.2493391185)
(0.4999516263 -0.09983388142 -0.2491932845)
(0.4999336018 -0.1995134797 -0.1863296134)
(0.7499613014 -0.09991334444 -0.2493067518)
(0.7499430651 -0.1997712918 -0.1867055986)
(-0.6249348187 1.184498349e-06 -0.2489427915)
(-0.7499613041 0.09991363222 -0.249305827)
(-0.7499179928 5.002323998e-07 -0.1860635643)
(-0.3749700786 7.642022493e-06 -0.2495992357)
(-0.4999516671 0.09983405717 -0.2491931475)
(-0.4999228307 4.594076733e-06 -0.1861936124)
(0.3749698943 -6.962553237e-06 -0.2495992376)
(0.6249348075 -1.049028944e-06 -0.2489430321)
(0.4999516301 0.09982951494 -0.2491912159)
(0.4999228078 -4.43778905e-06 -0.1861939923)
(0.7499613015 0.09991269469 -0.2493051837)
(0.7499179914 -1.399318329e-08 -0.1860645422)
(-0.6249575149 0.1998304209 -0.2493388685)
(-0.7499430664 0.1997715541 -0.1867041361)
(-0.3749615631 0.1996381131 -0.2493349762)
(-0.4999336223 0.1995135671 -0.1863295268)
(0.3749614926 0.1996335957 -0.2493322963)
(0.6249575081 0.1998293997 -0.2493336895)
(0.4999336065 0.1995110934 -0.1863154687)
(0.7499430653 0.1997709835 -0.186697561)
(-0.6249716926 -0.3997312046 -0.1245913065)
(-0.7499465002 -0.2997193963 -0.1243797015)
(-0.7499797552 -0.3998269525 -0.06227656325)
(-0.3749281829 -0.3990278256 -0.1241760709)
(-0.4999226977 -0.299078878 -0.1237722834)
(-0.4999405037 -0.3990736436 -0.0619018658)
(0.3749281359 -0.39902829 -0.1241955553)
(0.6249716889 -0.3997313122 -0.124630507)
(0.4999226851 -0.2990794621 -0.1238361333)
(0.4999404876 -0.399073712 -0.06200151031)
(0.7499464995 -0.2997196326 -0.1244086763)
(0.7499797543 -0.3998270189 -0.06231971713)
(-0.8750447953 -0.1998947737 -0.1247402956)
(-1.000280077 -0.1000340802 -0.1252646597)
(-1.000227634 -0.2000185519 -0.06259114884)
(-0.4373225532 -0.1981873252 -0.1217984061)
(-0.4998875732 -0.1492277995 -0.1226297385)
(-0.499914748 -0.1989322714 -0.09144020127)
(-0.3123232838 -0.1978833601 -0.121629161)
(-0.1874368083 -0.1986602056 -0.122844527)
(-0.2499153874 -0.1486632607 -0.1225832351)
(-0.2498580678 -0.1974411146 -0.09004313257)
(-0.06248198951 -0.1991937337 -0.123742667)
(0.06248098302 -0.1991972624 -0.1237427099)
(-1.232120135e-06 -0.1495023235 -0.1244027955)
(-3.215814283e-07 -0.1990644333 -0.09219474823)
(0.1874365306 -0.1986664679 -0.1228449211)
(0.3123232396 -0.1978880395 -0.1216323757)
(0.2499152423 -0.1486742304 -0.1225838858)
(0.2498580172 -0.1974442059 -0.09004409063)
(0.4373225393 -0.1981893819 -0.1218196506)
(0.4998875684 -0.1492297454 -0.1226502826)
(0.4999147425 -0.1989328742 -0.0915380073)
(0.875044799 -0.199896979 -0.1247469182)
(1.000280077 -0.1000445392 -0.1253013977)
(1.000227634 -0.2000215461 -0.0626131285)
(-0.8752120552 9.917213088e-06 -0.1254474757)
(-1.000280077 0.100054184 -0.1252602942)
(-1.001593186 8.351754701e-05 -0.06242956587)
(-0.7497991923 -0.04972687482 -0.1220730581)
(-0.6872208701 -5.700262745e-07 -0.1206595573)
(-0.7497991899 0.04972480387 -0.1220741411)
(-0.7496947946 -2.89011548e-06 -0.0898893173)
(-0.4998823305 -0.04972063768 -0.1227944477)
(-0.5622911933 1.435726696e-06 -0.1214671375)
(-0.4374515075 1.445236084e-05 -0.1241866226)
(-0.4998823046 0.04972718066 -0.1227958518)
(-0.4999161947 3.47418495e-06 -0.09200191971)
(-0.2500028194 -0.04983100322 -0.1263273777)
(-0.3125143453 5.070575031e-05 -0.1262575967)
(-0.1875266865 7.789136015e-05 -0.1280542377)
(-0.2500027238 0.04989718695 -0.1263273393)
(-0.2500429004 0.0001247993264 -0.09772723819)
(-1.31234167e-05 -0.05008304959 -0.1283130264)
(-0.06252895681 7.91026531e-05 -0.1290840687)
(0.06251912424 -4.232882164e-05 -0.1290840653)
(2.763466788e-06 0.05012179225 -0.1283129889)
(-3.517599782e-05 0.0001315784207 -0.1000264805)
(0.2500024868 -0.04989630718 -0.126327301)
(0.1875257249 -7.429991201e-05 -0.1280542016)
(0.3125142458 -5.036836814e-05 -0.1262571308)
(0.2500025821 0.04983188821 -0.1263273158)
(0.2500427896 -0.0001243898138 -0.0977271681)
(0.499882304 -0.04972716722 -0.1227959162)
(0.4374515158 -1.442522779e-05 -0.1241871115)
(0.5622911936 -1.426198329e-06 -0.1214671872)
(0.4998823302 0.04972064779 -0.1227945137)
(0.4999161959 -3.471221202e-06 -0.09200198228)
(0.8752120552 -6.062022163e-06 -0.1254544601)
(0.7497991898 -0.04972446482 -0.1220751399)
(0.68722087 6.593455226e-07 -0.1206597336)
(0.7497991923 0.04972721372 -0.1220734987)
(0.7496947946 3.109236114e-06 -0.08988972672)
(1.000280077 0.1000437249 -0.1252739261)
(1.001593186 2.01133797e-05 -0.06252596785)
(-0.8750447991 0.1998984423 -0.1247365362)
(-1.000227634 0.2000278345 -0.06254957617)
(-0.7499465002 0.2997198136 -0.1244067258)
(-0.499922695 0.2990794841 -0.1238360341)
(-0.4998875717 0.1492297693 -0.1226502825)
(-0.4373225501 0.1981894395 -0.1218196813)
(-0.4999147479 0.1989329079 -0.09153804609)
(-0.2499153353 0.1486745478 -0.1225838483)
(-0.3123232458 0.1978879519 -0.1216320227)
(-0.1874366965 0.1986670082 -0.1228447148)
(-0.2498580256 0.197444178 -0.09004383679)
(-1.195222938e-07 0.1495072444 -0.1244024329)
(-0.06248156082 0.1991991696 -0.1237420312)
(0.06248141165 0.19919564 -0.1237419851)
(-1.662243701e-07 0.1990657838 -0.09219348392)
(0.2499152952 0.1486635894 -0.122583187)
(0.1874366425 0.1986607383 -0.1228442917)
(0.3123232536 0.1978834492 -0.1216290992)
(0.2498580309 0.1974412173 -0.09004303857)
(0.4999226882 0.2990788975 -0.1237722348)
(0.4998875714 0.1492278069 -0.1226297463)
(0.4373225477 0.1981873399 -0.1217983961)
(0.4999147471 0.1989322742 -0.09144020103)
(0.8750447953 0.1998962365 -0.1247414245)
(0.7499464998 0.2997195761 -0.1243798056)
(1.000227634 0.2000248403 -0.06259499653)
(-0.6249716977 0.3997314207 -0.1246302654)
(-0.7499797551 0.3998271201 -0.06231792382)
(-0.3749281789 0.3990283141 -0.1241951992)
(-0.4999405021 0.3990737084 -0.06200130047)
(0.37492814 0.3990278521 -0.1241757222)
(0.624971695 0.3997313122 -0.1245913958)
(0.4999404882 0.3990736476 -0.06190172947)
(0.7499797544 0.3998270536 -0.06227659886)
(-0.6249974437 -0.3997822966 8.221799483e-05)
(-0.7499509636 -0.2997381016 6.105946675e-05)
(-0.7499797551 -0.3998270146 0.06232262505)
(-0.374841851 -0.3977869444 2.971909428e-05)
(-0.499981769 -0.2986593811 0.0002786813318)
(-0.4999405032 -0.3990737191 0.06200144501)
(0.3748417789 -0.397786941 -3.042023095e-05)
(0.6249974396 -0.3997822955 -8.174919027e-05)
(0.4999817653 -0.2986593788 -0.0002787080593)
(0.499940488 -0.3990736432 0.06190179271)
(0.7499509634 -0.2997381014 -5.735536345e-05)
(0.7499797544 -0.399826947 0.06227946903)
(-0.8756393565 -0.201342259 -0.0001269765724)
(-1.001575554 -0.1001265681 0.0005342744921)
(-1.000227634 -0.2000215461 0.06278723313)
(-0.7494383856 -0.197835532 -0.02929577686)
(-0.6874447981 -0.1998444063 0.0001775782179)
(-0.7335354431 -0.1345331782 6.174218909e-18)
(-0.7494383502 -0.1978353905 0.02940773443)
(-0.5003314828 -0.2007468551 -0.03137638688)
(-0.5635340673 -0.2063910622 0.001716080515)
(-0.4208934435 -0.1797584804 8.255274535e-18)
(-0.5050761915 -0.1710930374 0.005075397591)
(-0.5003314825 -0.2007468701 0.03220501184)
(-0.2498526513 -0.1845970916 -0.02046457868)
(-0.2497773083 -0.2450632031 1.292844474e-06)
(-0.3112613197 -0.1888407044 8.672368962e-18)
(-0.1874093589 -0.195065419 8.958234348e-18)
(-0.2498526513 -0.1845970916 0.02046457868)
(0 -0.1887326292 -0.02380991623)
(-1.376584477e-05 -0.2497017731 -0.0001373042377)
(-0.06249596086 -0.1983544524 9.109280728e-18)
(0.06249596086 -0.1983544524 9.109280728e-18)
(0 -0.1887326292 0.02380991623)
(0.2498526513 -0.1845970916 -0.02046457868)
(0.2497772372 -0.2450632022 -2.000687733e-06)
(0.1874093589 -0.195065419 8.958234348e-18)
(0.3112613197 -0.1888407044 8.672368962e-18)
(0.2498526513 -0.1845970916 0.02046457868)
(0.5003314824 -0.2007468703 -0.03220501251)
(0.4208934435 -0.1797584804 8.255274535e-18)
(0.5635340672 -0.2063910618 -0.001716077004)
(0.5050761915 -0.1710930374 -0.005075397591)
(0.5003314824 -0.2007468523 0.03137638287)
(0.8756393564 -0.2013422589 0.0001543713883)
(0.7494383502 -0.1978353905 -0.02940632614)
(0.6874447981 -0.1998444062 -0.0001773867658)
(0.7335354431 -0.1345331782 6.174840655e-18)
(0.7494383856 -0.1978355318 0.02929718516)
(1.001575553 -0.1001265681 -0.0001279510225)
(1.000227634 -0.2000185519 0.06276525354)
(-1.001575553 0.1001412779 0.0005540667575)
(-1.001686677 2.129367321e-05 0.06560001972)
(1.001575554 0.1001412779 0.0005262195749)
(1.001686677 8.841851257e-05 0.0654979607)
(-0.8756393564 0.2013432553 0.0001741947195)
(-1.000227634 0.2000248402 0.0628288059)
(-0.7499509636 0.2997382361 -5.470521373e-05)
(-0.7494383503 0.1978354419 -0.02940531278)
(-0.7335354431 0.1345331782 -3.490254711e-22)
(-0.6874447981 0.1998444132 -0.0001772036392)
(-0.7494383856 0.1978355832 0.0292981987)
(-0.4999817676 0.2986593684 -0.0002786556973)
(-0.5003314826 0.2007468709 -0.03220501331)
(-0.5050761915 0.1710930374 -0.005075397591)
(-0.5635340673 0.2063910619 -0.001716070652)
(-0.4208934435 0.1797584804 0)
(-0.5003314825 0.2007468524 0.03137638544)
(-0.2498526513 0.1845970916 -0.02046457868)
(-0.3112613197 0.1888407044 0)
(-0.1874093589 0.195065419 0)
(-0.2497773154 0.245063238 -1.315276034e-06)
(-0.2498526513 0.1845970916 0.02046457868)
(0 0.1887326292 -0.02380991623)
(-0.06249596086 0.1983544524 0)
(0.06249596086 0.1983544524 0)
(-1.376584187e-05 0.2497017732 0.0001373040828)
(0 0.1887326292 0.02380991623)
(0.2498526513 0.1845970916 -0.02046457868)
(0.1874093589 0.195065419 0)
(0.3112613197 0.1888407044 0)
(0.2497772443 0.245063238 2.019772316e-06)
(0.2498526513 0.1845970916 0.02046457868)
(0.4999817641 0.2986593684 0.0002787068757)
(0.5003314827 0.2007468547 -0.03137638654)
(0.5050761915 0.1710930374 0.005075397591)
(0.4208934435 0.1797584804 0)
(0.5635340672 0.2063910619 0.001716080541)
(0.5003314823 0.2007468686 0.03220501214)
(0.8756393565 0.2013432555 -0.0001273931235)
(0.7499509634 0.2997382361 6.100411331e-05)
(0.7494383856 0.1978355833 -0.02929579662)
(0.7335354431 0.1345331782 1.570795067e-22)
(0.6874447981 0.1998444132 0.0001775760027)
(0.7494383502 0.1978354418 0.02940771476)
(1.000227634 0.2000278344 0.06278338548)
(-0.6249974434 0.3997823115 -8.129176094e-05)
(-0.7499797551 0.3998270573 0.06228126455)
(-0.3748418491 0.3977869225 -2.969213846e-05)
(-0.4999405028 0.3990736367 0.06190200135)
(0.3748417773 0.3977869226 3.041225292e-05)
(0.6249974394 0.3997823115 8.22420465e-05)
(0.4999404861 0.3990736977 0.06200157335)
(0.7499797542 0.3998271237 0.06232258803)
(-0.6249716976 -0.3997314013 0.1246311259)
(-0.7499464999 -0.2997196293 0.1244137389)
(-0.3749281791 -0.3990283247 0.1241952279)
(-0.4999226947 -0.2990794817 0.1238361997)
(0.3749281392 -0.3990278449 0.124175723)
(0.6249716947 -0.3997312886 0.1245919352)
(0.4999226865 -0.2990788781 0.1237723277)
(0.7499464996 -0.299719391 0.1243847636)
(-0.875044799 -0.1998969789 0.1247876524)
(-1.000280077 -0.1000445392 0.1255717933)
(-0.7499430661 -0.1997712963 0.1867127687)
(-0.499933622 -0.199513555 0.1863298449)
(-0.4999147423 -0.1989328681 0.0915380062)
(-0.4373225447 -0.1981893989 0.1218196497)
(-0.4998875691 -0.1492297385 0.1226502868)
(-0.2498580534 -0.1974443091 0.09004399935)
(-0.3123232728 -0.1978881554 0.1216323731)
(-0.1874366953 -0.1986669986 0.1228446855)
(-0.2499153248 -0.1486745133 0.1225837305)
(-1.662526978e-07 -0.1990657836 0.09219348287)
(-0.06248156071 -0.1991991688 0.1237420269)
(0.06248141177 -0.1991956385 0.1237419871)
(-1.193885484e-07 -0.1495072433 0.1244024341)
(0.2498580383 -0.1974412395 0.09004308635)
(0.1874366442 -0.1986607417 0.122844298)
(0.3123232548 -0.1978834504 0.1216290808)
(0.2499153044 -0.1486636434 0.1225832939)
(0.4999336056 -0.199511075 0.1863157164)
(0.4999147415 -0.1989322322 0.09144015363)
(0.4373225402 -0.1981872805 0.1217983263)
(0.4998875669 -0.1492277714 0.1226297225)
(0.8750447953 -0.1998947734 0.1247810283)
(0.7499430653 -0.1997707258 0.1867044997)
(1.000280077 -0.1000340802 0.1255350558)
(-0.875212096 -6.063206244e-06 0.1255659259)
(-1.000280077 0.1000437248 0.1255761591)
(-0.7499179926 -2.089415278e-08 0.1860784344)
(-0.7496947909 3.109622458e-06 0.08989601803)
(-0.7497991893 -0.04972446373 0.1220847361)
(-0.68722087 6.613992523e-07 0.1206622916)
(-0.7497991928 0.04972721452 0.1220836684)
(-0.4999228304 -4.58168685e-06 0.186194114)
(-0.4999161955 -3.487554658e-06 0.09200192971)
(-0.499882331 -0.04972721382 0.1227962344)
(-0.5622911932 -1.419834779e-06 0.1214672799)
(-0.4374515074 -1.446069591e-05 0.1241866268)
(-0.4998823047 0.04972061575 0.1227941145)
(-0.2500429004 -0.0001248021451 0.09772723858)
(-0.2500027232 -0.04989719288 0.1263274313)
(-0.3125143454 -5.087869981e-05 0.1262575993)
(-0.1875266862 -7.786664088e-05 0.1280542372)
(-0.2500028198 0.04983100174 0.1263272871)
(-3.51759933e-05 -0.0001315777472 0.1000264804)
(2.764254645e-06 -0.05012178907 0.1283130041)
(-0.06252895827 -7.906323234e-05 0.1290840683)
(0.06251912585 4.228592002e-05 0.1290840651)
(-1.312420232e-05 0.05008304602 0.1283130107)
(0.2500427896 0.0001243933618 0.097727168)
(0.2500025828 -0.04983188589 0.1263272411)
(0.1875257248 7.427200591e-05 0.1280542012)
(0.3125142457 5.054168333e-05 0.1262571299)
(0.2500024859 0.04989631051 0.126327375)
(0.4999228076 4.457402431e-06 0.1861944282)
(0.4999161968 3.462644461e-06 0.09200199199)
(0.4998823055 -0.04972064236 0.1227941754)
(0.4374515158 1.443089016e-05 0.1241871151)
(0.5622911936 1.41539025e-06 0.121467312)
(0.4998823297 0.0497271861 0.122796299)
(0.875212096 9.918781763e-06 0.1255589416)
(0.7499179913 4.919854585e-07 0.1860774923)
(0.7496947909 -2.890692959e-06 0.08989560979)
(0.7497991927 -0.04972687606 0.1220826718)
(0.68722087 -5.738672178e-07 0.1206621249)
(0.7497991893 0.04972480218 0.1220842991)
(1.000280077 0.1000541838 0.1255625273)
(-0.8750447953 0.1998962362 0.1247914096)
(-0.7499465 0.2997195776 0.124386717)
(-0.7499430664 0.1997709779 0.1867059557)
(-0.499922696 0.2990788662 0.1237724376)
(-0.4999336265 0.1995110155 0.18631577)
(-0.4999147438 0.1989322409 0.09144017067)
(-0.499887571 0.1492277835 0.1226297409)
(-0.437322547 0.1981872756 0.1217983551)
(-0.2498580746 0.1974411354 0.09004317735)
(-0.2499153873 0.1486632736 0.1225832349)
(-0.3123232887 0.1978833845 0.1216291918)
(-0.1874368089 0.1986602055 0.1228445216)
(-3.216417303e-07 0.1990644328 0.09219474776)
(-1.232230688e-06 0.1495023229 0.1244027924)
(-0.06248198946 0.1991937323 0.1237426665)
(0.06248098279 0.1991972623 0.1237427063)
(0.2498579948 0.1974440937 0.09004396175)
(0.2499152334 0.1486741902 0.122583789)
(0.1874365302 0.1986664723 0.1228449395)
(0.3123232238 0.1978879023 0.1216321214)
(0.4999226841 0.2990794534 0.1238362402)
(0.4999336022 0.1995134901 0.1863298679)
(0.4999147429 0.1989328749 0.09153801887)
(0.4998875693 0.1492297465 0.1226503109)
(0.4373225398 0.1981893783 0.1218196516)
(0.8750447989 0.1998984417 0.1247865245)
(0.7499464994 0.2997198149 0.1244136348)
(0.749943065 0.1997715479 0.186712535)
(-0.6249716922 0.3997312201 0.1245921639)
(-0.3749281818 0.3990278143 0.1241760859)
(0.3749281353 0.399028277 0.1241955641)
(0.6249716886 0.3997313286 0.1246310484)
(-0.6249575153 -0.1998303781 0.2493404106)
(-0.7499613039 -0.0999133561 0.2493145768)
(-0.3749615828 -0.1996382238 0.2493353601)
(-0.4999516682 -0.09983404794 0.2491936807)
(0.3749615121 -0.1996337006 0.2493326648)
(0.6249575087 -0.1998293559 0.2493349595)
(0.4999516308 -0.09982950256 0.2491916699)
(0.7499613015 -0.09991241897 0.2493126439)
(-0.6249348186 -1.100678403e-06 0.2489454137)
(-0.7499613042 0.099912683 0.2493135427)
(-0.3749700791 -7.647003512e-06 0.2495993623)
(-0.499951673 0.09982935636 0.249191666)
(0.3749698951 6.965883657e-06 0.2495993509)
(0.6249348075 1.133094654e-06 0.2489453074)
(0.4999516267 0.09983390025 0.2491937273)
(0.7499613012 0.09991361992 0.249314209)
(-0.6249575166 0.1998293733 0.2493351758)
(-0.3749615994 0.1996333922 0.2493327128)
(0.374961496 0.1996379113 0.2493353947)
(0.6249575077 0.1998303942 0.2493403778)
(-0.1873832937 -0.297281773 -0.0605950419)
(-0.06246808678 -0.2984844803 -0.06129288261)
(-0.1249271056 -0.2476851649 -0.06036333918)
(-0.1249294104 -0.2978114866 -0.03019080916)
(0.06246644229 -0.2984845773 -0.06129305692)
(0.1873829465 -0.2972819666 -0.06059712197)
(0.1249265628 -0.2476853635 -0.06036363213)
(0.1249282563 -0.2978115563 -0.03019139309)
(-0.6246131354 -0.09867521368 -0.08818830049)
(-0.6248237549 -0.1493302366 -0.05997612597)
(-0.6702370177 -0.0832036209 -0.04540138523)
(-0.5621132893 -0.08842362727 -0.05153610639)
(-0.6231989566 -0.04588051895 -0.05495518944)
(-0.374867938 -0.09899580322 -0.09055582045)
(-0.3724225385 -0.1342731657 -0.04675399793)
(-0.438934859 -0.09939801488 -0.05547211342)
(-0.3122421181 -0.09636522319 -0.06055994331)
(-0.3750556188 -0.04976208905 -0.06592369133)
(-0.1249978915 -0.09979779816 -0.09397047127)
(-0.1249486925 -0.1381565758 -0.0524494314)
(-0.1874896004 -0.09693042079 -0.06311419637)
(-0.06250451736 -0.09719877167 -0.06445299475)
(-0.1250486751 -0.05020742442 -0.07100198092)
(0.1249969788 -0.09981463426 -0.09397047261)
(0.1249486925 -0.1381565752 -0.05244943177)
(0.06250451735 -0.09719877138 -0.06445299328)
(0.1874896004 -0.09693042044 -0.06311419464)
(0.1250486751 -0.05020742386 -0.07100198299)
(0.3748679269 -0.09900335506 -0.09055659491)
(0.3724225385 -0.1342731659 -0.04675399794)
(0.3122421181 -0.09636522329 -0.0605599438)
(0.438934859 -0.09939801481 -0.05547211342)
(0.3750556187 -0.04976208882 -0.06592368896)
(0.6246131363 -0.09867527821 -0.08819417714)
(0.6248237549 -0.1493302384 -0.06001257929)
(0.5621132893 -0.08842362701 -0.0515361066)
(0.6702369839 -0.08320347905 -0.04540093032)
(0.6231989566 -0.045880519 -0.05495518984)
(-0.6246131365 0.09867528663 -0.08819414472)
(-0.6231989566 0.045880519 -0.05495518984)
(-0.6702369839 0.08320347905 -0.04540093032)
(-0.5621132893 0.08842362701 -0.0515361066)
(-0.624823755 0.1493302413 -0.06001255712)
(-0.3748679356 0.0990033976 -0.09055663514)
(-0.3750556187 0.04976208882 -0.06592368896)
(-0.438934859 0.09939801481 -0.05547211342)
(-0.3122421181 0.09636522329 -0.0605599438)
(-0.3724225385 0.1342731659 -0.04675399794)
(-0.1249974466 0.09981637428 -0.0939704651)
(-0.1250486751 0.05020742386 -0.07100198299)
(-0.1874896004 0.09693042044 -0.06311419464)
(-0.06250451735 0.09719877138 -0.06445299328)
(-0.1249486925 0.1381565752 -0.05244943177)
(0.1249974239 0.0997995357 -0.09397046006)
(0.1250486751 0.05020742442 -0.07100198092)
(0.06250451736 0.09719877167 -0.06445299475)
(0.1874896004 0.09693042079 -0.06311419637)
(0.1249486925 0.1381565758 -0.0524494314)
(0.374867933 0.0989958232 -0.09055582507)
(0.3750556188 0.04976208905 -0.06592369133)
(0.3122421181 0.09636522319 -0.06055994331)
(0.438934859 0.09939801488 -0.05547211342)
(0.3724225385 0.1342731657 -0.04675399793)
(0.6246131353 0.09867522099 -0.08818830861)
(0.6231989566 0.04588051895 -0.05495518944)
(0.5621132893 0.08842362727 -0.05153610639)
(0.6702370177 0.0832036209 -0.04540138523)
(0.6248237549 0.1493302386 -0.05997612712)
(-0.1249271001 0.2476854183 -0.06035841678)
(-0.1873833021 0.2972820729 -0.06059382973)
(-0.06246807819 0.2984846475 -0.06127693078)
(-0.1249294106 0.2978115878 -0.03017997235)
(0.1249265706 0.2476852078 -0.06035811738)
(0.06246645211 0.2984845453 -0.06127675295)
(0.1873829513 0.2972817991 -0.06059169839)
(0.1249282596 0.2978115057 -0.03017937943)
(-0.1249294076 -0.2978115752 0.03017996346)
(-0.1873832892 -0.2972819947 0.06059377817)
(-0.06246807697 -0.2984846425 0.06127692682)
(-0.1249270979 -0.2476854067 0.06035841041)
(0.124928259 -0.2978115041 0.03017937793)
(0.06246645206 -0.2984845446 0.06127675118)
(0.1873829508 -0.2972817971 0.06059169266)
(0.1249265704 -0.2476852068 0.06035811539)
(-0.6248237547 -0.1493302376 0.06001262985)
(-0.6702369839 -0.08320347905 0.04540093032)
(-0.5621132893 -0.08842362701 0.0515361066)
(-0.6231989566 -0.045880519 0.05495518984)
(-0.6246131349 -0.09867527428 0.08819434831)
(-0.3724225385 -0.1342731659 0.04675399794)
(-0.438934859 -0.09939801481 0.05547211342)
(-0.3122421181 -0.09636522329 0.0605599438)
(-0.3750556187 -0.04976208882 0.06592368896)
(-0.3748679319 -0.09900337215 0.09055658014)
(-0.1249486925 -0.1381565752 0.05244943177)
(-0.1874896004 -0.09693042044 0.06311419464)
(-0.06250451735 -0.09719877138 0.06445299328)
(-0.1250486751 -0.05020742386 0.07100198299)
(-0.1249974466 -0.09981637579 0.09397045321)
(0.1249486925 -0.1381565758 0.0524494314)
(0.06250451736 -0.09719877167 0.06445299475)
(0.1874896004 -0.09693042079 0.06311419637)
(0.1250486751 -0.05020742442 0.07100198092)
(0.1249974238 -0.09979953885 0.09397044567)
(0.3724225385 -0.1342731657 0.04675399793)
(0.3122421181 -0.09636522319 0.06055994331)
(0.438934859 -0.09939801488 0.05547211342)
(0.3750556188 -0.04976208905 0.06592369133)
(0.3748679289 -0.09899579672 0.09055578097)
(0.6248237548 -0.1493302352 0.05997617878)
(0.5621132893 -0.08842362727 0.05153610639)
(0.6702370177 -0.0832036209 0.04540138523)
(0.6231989566 -0.04588051895 0.05495518944)
(0.624613136 -0.09867521202 0.08818850711)
(-0.6231989566 0.04588051895 0.05495518944)
(-0.6702370177 0.0832036209 0.04540138523)
(-0.5621132893 0.08842362727 0.05153610639)
(-0.6248237549 0.1493302378 0.05997620315)
(-0.6246131364 0.09867522117 0.08818854093)
(-0.3750556188 0.04976208905 0.06592369133)
(-0.438934859 0.09939801488 0.05547211342)
(-0.3122421181 0.09636522319 0.06055994331)
(-0.3724225385 0.1342731657 0.04675399793)
(-0.3748679346 0.09899578135 0.09055578375)
(-0.1250486751 0.05020742442 0.07100198092)
(-0.1874896004 0.09693042079 0.06311419637)
(-0.06250451736 0.09719877167 0.06445299475)
(-0.1249486925 0.1381565758 0.0524494314)
(-0.1249978916 0.09979779417 0.0939704826)
(0.1250486751 0.05020742386 0.07100198299)
(0.06250451735 0.09719877138 0.06445299328)
(0.1874896004 0.09693042044 0.06311419464)
(0.1249486925 0.1381565752 0.05244943177)
(0.1249969788 0.099814633 0.09397048641)
(0.3750556187 0.04976208882 0.06592368896)
(0.3122421181 0.09636522329 0.0605599438)
(0.438934859 0.09939801481 0.05547211342)
(0.3724225385 0.1342731659 0.04675399794)
(0.3748679273 0.09900335538 0.0905565881)
(0.6231989566 0.045880519 0.05495518984)
(0.5621132893 0.08842362701 0.0515361066)
(0.6702369839 0.08320347905 0.04540093032)
(0.6248237548 0.1493302401 0.06001262994)
(0.6246131352 0.0986752834 0.08819434707)
(-0.1249294108 0.2978114863 0.03019080706)
(-0.1249271056 0.2476851637 0.06036333755)
(-0.1873832938 0.2972817688 0.06059503791)
(-0.06246808673 0.2984844794 0.06129288167)
(0.1249282592 0.2978115685 0.03019140003)
(0.124926565 0.2476853742 0.06036363696)
(0.06246644348 0.2984845817 0.06129305954)
(0.1873829592 0.2972820427 0.0605971693)
(-0.6872218687 -0.09918710907 -0.1211061896)
(-0.7497970074 -0.0994089969 -0.0910032953)
(-0.6872621216 -0.1990043574 -0.06037834099)
(-0.7494107093 -0.1477379315 -0.05979044922)
(-0.3748230114 -0.148257132 -0.1214677721)
(-0.3746808621 -0.1965206087 -0.08870921009)
(-0.5623050003 -0.09943244339 -0.1217815213)
(-0.4373910694 -0.09922460051 -0.1227808948)
(-0.4998725851 -0.09949097014 -0.09137821776)
(-0.5625952909 -0.200386195 -0.06176550087)
(-0.4370477558 -0.1948366938 -0.05662342995)
(-0.500195972 -0.1508864915 -0.0627319508)
(-0.1249739349 -0.1492597184 -0.123767658)
(-0.1249502142 -0.1985353568 -0.09139288274)
(-0.3124195653 -0.09916374421 -0.1233284525)
(-0.1874841362 -0.09956103681 -0.1249109192)
(-0.2499654215 -0.09942780614 -0.09257221893)
(-0.2497883299 -0.2459478718 -0.05913710126)
(-0.3120415136 -0.1945392519 -0.05653665643)
(-0.1873967816 -0.1969633661 -0.05885292391)
(-0.2499179971 -0.1369796454 -0.05119150916)
(0.1249729692 -0.1492707151 -0.1237677153)
(0.1249498941 -0.198538402 -0.09139295385)
(-0.06250348451 -0.09981935299 -0.1259334099)
(0.06249887855 -0.0998387786 -0.1259334662)
(-8.554192218e-07 -0.1000102293 -0.09493689436)
(-1.085083197e-06 -0.2486380757 -0.0611036357)
(-0.06245541113 -0.198310496 -0.0602666076)
(0.06245514554 -0.1983107645 -0.06026661911)
(0 -0.1386031 -0.05390034201)
(0.3748230046 -0.1482631495 -0.1214722363)
(0.3746808108 -0.1965220834 -0.08871941187)
(0.1874834183 -0.09959107834 -0.1249109191)
(0.3124194843 -0.09918478221 -0.1233289755)
(0.2499653341 -0.09944299116 -0.09257224481)
(0.2497882566 -0.245948079 -0.05914099965)
(0.1873967279 -0.196963835 -0.05885313881)
(0.3120415101 -0.194539601 -0.05653985147)
(0.249917997 -0.1369796444 -0.05119150954)
(0.4373910594 -0.09923253799 -0.1227844513)
(0.5623050061 -0.09943379849 -0.1217898864)
(0.4998725825 -0.09949259703 -0.09138387888)
(0.4370477523 -0.1948368388 -0.05666926388)
(0.5625952902 -0.200386257 -0.06207451125)
(0.5001959715 -0.1508866032 -0.06277171028)
(0.6872218697 -0.09918668987 -0.1211118481)
(0.7497969732 -0.09940762281 -0.09100908111)
(0.6872621215 -0.1990043104 -0.06048779424)
(0.7494105784 -0.1477371797 -0.05981487259)
(-0.6247171468 -0.04955087065 -0.1205161299)
(-0.6247171537 0.04955126625 -0.1205180983)
(-0.6246475782 5.37260663e-08 -0.08785428276)
(-0.6872218699 0.0991867575 -0.1211115692)
(-0.7497969732 0.09940784392 -0.09100807352)
(-0.732104162 -0.0361923596 -0.0485020166)
(-0.6825803728 -2.666989011e-17 -0.05444453887)
(-0.732103435 0.03619154606 -0.04849486498)
(-0.3749611274 -0.04968615605 -0.124423636)
(-0.3749611232 0.04971853285 -0.1244241752)
(-0.3750273984 5.367218158e-05 -0.09489973926)
(-0.5623050072 0.09943381054 -0.1217898638)
(-0.4373910653 0.09923257157 -0.1227844224)
(-0.4998725836 0.09949260564 -0.09138387668)
(-0.4997943956 -0.04776623295 -0.06212072083)
(-0.5621500003 -3.006517835e-17 -0.06137520149)
(-0.4374362271 2.610756005e-05 -0.0668945479)
(-0.4997943957 0.04776623295 -0.06212072082)
(-0.1250212325 -0.04998514254 -0.127643799)
(-0.1250197635 0.05006492369 -0.1276435382)
(-0.1250510569 0.0001532917693 -0.09910290918)
(-0.3124195399 0.09918498076 -0.12332908)
(-0.1874838361 0.09959262991 -0.1249108771)
(-0.2499653873 0.09944318764 -0.09257228316)
(-0.2500356645 -0.05006329217 -0.06973494187)
(-0.3126382975 0.0001574301212 -0.07076667381)
(-0.1875652394 0.0002440335485 -0.0731389816)
(-0.2500356646 0.0500632922 -0.06973494208)
(0.1250176464 -0.05005700846 -0.1276437892)
(0.1250191104 0.04999307852 -0.127643533)
(0.1250490445 -0.0001457303661 -0.09910290498)
(-0.062501209 0.0998474689 -0.1259333795)
(0.06250115401 0.09982804322 -0.1259333204)
(-1.682335782e-06 0.1000197042 -0.0949368477)
(-6.16859409e-05 -0.05035155589 -0.07226902197)
(-0.06257740843 0.0002895529452 -0.07437142288)
(0.06257740843 -0.0002895529452 -0.07437142288)
(6.16859409e-05 0.05035155589 -0.07226902197)
(0.3749610999 -0.04971844328 -0.1244241823)
(0.374961104 0.0496862403 -0.1244236386)
(0.3750273908 -5.364253998e-05 -0.09489983976)
(0.1874837179 0.09956259564 -0.1249108799)
(0.3124195096 0.09916390607 -0.1233283224)
(0.2499653671 0.0994279874 -0.09257215941)
(0.2500356646 -0.0500632922 -0.06973494208)
(0.1875652394 -0.0002440335485 -0.0731389816)
(0.3126382975 -0.0001574301212 -0.07076667381)
(0.2500356645 0.05006329217 -0.06973494187)
(0.6247171536 -0.04955124466 -0.1205181631)
(0.6247171467 0.04955089136 -0.120516165)
(0.6246475782 -4.526882154e-08 -0.08785430223)
(0.437391064 0.09922462242 -0.122780924)
(0.5623049998 0.09943245065 -0.121781537)
(0.4998725847 0.0994909728 -0.09137822761)
(0.4997943957 -0.04776623295 -0.06212072082)
(0.4374362271 -2.610756005e-05 -0.0668945479)
(0.5621500003 -3.006517835e-17 -0.06137520149)
(0.4997943956 0.04776623295 -0.06212072083)
(0.6872218686 0.09918717572 -0.1211062571)
(0.7497970074 0.09940921776 -0.09100349519)
(0.732103435 -0.03619154606 -0.04849486498)
(0.6825803728 -2.666994765e-17 -0.05444453887)
(0.732104162 0.0361923596 -0.0485020166)
(-0.7494105784 0.1477372573 -0.05981406203)
(-0.6872621216 0.1990043302 -0.06048750227)
(-0.3748230019 0.1482631581 -0.1214720281)
(-0.3746808642 0.1965223589 -0.08871981219)
(-0.500195972 0.150886607 -0.06277171515)
(-0.562595291 0.2003862624 -0.06207450643)
(-0.4370477563 0.1948368571 -0.05666929173)
(-0.1249734958 0.149272616 -0.123767524)
(-0.1249500917 0.1985389533 -0.09139244844)
(-0.249917997 0.1369796444 -0.05119150954)
(-0.3120415746 0.1945399022 -0.05654013119)
(-0.187396766 0.1969638329 -0.05885273189)
(-0.2497883648 0.2459483079 -0.05914045206)
(0.124973408 0.1492616196 -0.1237674615)
(0.124950015 0.1985359137 -0.09139238159)
(0 0.1386031 -0.05390034201)
(-0.06245538533 0.1983109055 -0.06026460299)
(0.06245517126 0.1983106373 -0.06026459192)
(-1.074377439e-06 0.2486381621 -0.06108232767)
(0.3748229984 0.1482571725 -0.1214677536)
(0.3746808567 0.1965206224 -0.08870919611)
(0.2499179971 0.1369796454 -0.05119150916)
(0.1873967356 0.1969634017 -0.05885256004)
(0.3120415082 0.1945392557 -0.05653661701)
(0.2497882582 0.24594788 -0.05913641199)
(0.500195972 0.1508864917 -0.06273195112)
(0.4370477552 0.1948366938 -0.05662342651)
(0.5625952908 0.2003861956 -0.06176550107)
(0.7494107093 0.1477380089 -0.05979049356)
(0.6872621216 0.1990043763 -0.06037834955)
(-0.2497848093 -0.2960405915 -0.0295414197)
(-0.1873749655 -0.296933576 -1.447645247e-06)
(-0.2497848084 -0.296040674 0.02954715577)
(-2.368241222e-06 -0.29875953 -0.03057160335)
(-0.06247142862 -0.2986429298 -2.114909728e-05)
(0.0624671698 -0.2986429295 -2.130409401e-05)
(-2.363792144e-06 -0.2987595619 0.0305244958)
(0.2497846585 -0.2960406673 -0.02954863437)
(0.1873744568 -0.2969335749 -3.616249108e-06)
(0.2497846592 -0.2960405937 0.02953993639)
(-0.6251090311 -0.2007234036 -0.03075232008)
(-0.6254691047 -0.1535663304 0.001460477751)
(-0.625109031 -0.2007234027 0.03126971234)
(-0.7520883505 -0.1008493714 -0.03019025909)
(-0.7520906256 -0.1008561514 0.0302050968)
(-0.6872621214 -0.19900431 0.06048831275)
(-0.7494105783 -0.1477371795 0.05981701094)
(-0.3710001997 -0.1780336992 -0.01632706344)
(-0.3710001997 -0.1780336978 0.01632706693)
(-0.5625952899 -0.2003862553 0.06207452478)
(-0.4370477528 -0.1948368392 0.05666925994)
(-0.5001959711 -0.1508865999 0.0627717079)
(-0.1249092803 -0.1866651425 -0.02213747565)
(-0.1249359775 -0.247813839 -5.220391661e-06)
(-0.1249092803 -0.1866651426 0.02213747568)
(-0.2497883284 -0.2459480894 0.05914031001)
(-0.3120415156 -0.1945396072 0.05653981391)
(-0.1873967738 -0.1969638708 0.05885277518)
(-0.249917997 -0.1369796444 0.05119150954)
(0.1249092803 -0.1866651426 -0.02213747568)
(0.1249349096 -0.2478138388 -5.422051407e-06)
(0.1249092803 -0.1866651425 0.02213747565)
(-1.074231501e-06 -0.2486381615 0.06108232683)
(-0.06245538541 -0.1983109058 0.06026460335)
(0.06245517125 -0.1983106371 0.06026459136)
(0 -0.1386031 0.05390034201)
(0.3710001997 -0.1780336978 -0.01632706693)
(0.3710001997 -0.1780336992 0.01632706344)
(0.2497882583 -0.2459478781 0.05913640641)
(0.1873967358 -0.1969634014 0.05885255989)
(0.312041511 -0.1945392611 0.05653662777)
(0.2499179971 -0.1369796454 0.05119150916)
(0.6251090311 -0.2007234028 -0.03126967048)
(0.6254691047 -0.1535663304 -0.001460477751)
(0.625109031 -0.2007234027 0.03075236154)
(0.4370477523 -0.1948366746 0.05662339528)
(0.56259529 -0.2003861875 0.06176550941)
(0.500195971 -0.1508864841 0.06273194282)
(0.7520906254 -0.1008561507 -0.03020509534)
(0.7520883505 -0.1008493714 0.03019025909)
(0.6872621215 -0.1990043562 0.06037886057)
(0.7494107093 -0.1477379313 0.05979258823)
(-0.7520906254 0.1008561507 -0.03020509534)
(-0.7520883505 0.1008493714 0.03019025909)
(-0.7321034305 -0.03619154103 0.04849482072)
(-0.6825803722 8.88998326e-18 0.05444452744)
(-0.732104159 0.03619235625 0.04850198721)
(-0.4997943957 -0.04776623295 0.06212072082)
(-0.5621500003 1.002172595e-17 0.06137520149)
(-0.4374362271 -2.610756005e-05 0.0668945479)
(-0.4997943956 0.04776623295 0.06212072083)
(-0.2500356646 -0.0500632922 0.06973494208)
(-0.3126382975 -0.0001574301212 0.07076667381)
(-0.1875652394 -0.0002440335485 0.0731389816)
(-0.2500356645 0.05006329217 0.06973494187)
(6.16859409e-05 -0.05035155589 0.07226902197)
(-0.06257740843 -0.0002895529452 0.07437142288)
(0.06257740843 0.0002895529452 0.07437142288)
(-6.16859409e-05 0.05035155589 0.07226902197)
(0.2500356645 -0.05006329217 0.06973494187)
(0.1875652394 0.0002440335485 0.0731389816)
(0.3126382975 0.0001574301212 0.07076667381)
(0.2500356646 0.0500632922 0.06973494208)
(0.4997943956 -0.04776623295 0.06212072083)
(0.4374362271 2.610756005e-05 0.0668945479)
(0.5621500003 1.002172595e-17 0.06137520149)
(0.4997943957 0.04776623295 0.06212072082)
(0.7520883505 0.1008493714 -0.03019025909)
(0.7520906256 0.1008561514 0.0302050968)
(0.732104159 -0.03619235625 0.04850198721)
(0.6825803722 8.890001242e-18 0.05444452744)
(0.7321034305 0.03619154103 0.04849482072)
(-0.6251090311 0.2007234048 -0.03126963244)
(-0.6254691047 0.1535663304 -0.001460477751)
(-0.6251090311 0.2007234044 0.03075240085)
(-0.7494107093 0.1477380088 0.05979339905)
(-0.6872621216 0.1990043754 0.06037915456)
(-0.3710001997 0.1780336978 -0.01632706693)
(-0.3710001997 0.1780336992 0.01632706344)
(-0.5001959715 0.1508864877 0.0627319466)
(-0.5625952903 0.2003861898 0.06176552492)
(-0.437047753 0.1948366748 0.0566234018)
(-0.1249092803 0.1866651426 -0.02213747568)
(-0.1249359783 0.2478138423 5.217915287e-06)
(-0.1249092803 0.1866651425 0.02213747565)
(-0.2497848238 0.2960407493 -0.02954720639)
(-0.1873749686 0.2969335866 1.438549655e-06)
(-0.2497848097 0.2960405842 0.02954141659)
(-0.2499179971 0.1369796454 0.05119150916)
(-0.3120415164 0.1945392565 0.05653667109)
(-0.1873967818 0.1969633655 0.05885292384)
(-0.2497883302 0.2459478671 0.05913709801)
(0.1249092803 0.1866651425 -0.02213747565)
(0.1249349105 0.2478138423 5.423551202e-06)
(0.1249092803 0.1866651426 0.02213747568)
(-2.363979105e-06 0.2987595625 -0.03052449678)
(-0.06247142907 0.2986429306 2.114788294e-05)
(0.06246717026 0.2986429306 2.130417202e-05)
(-2.368033756e-06 0.2987595303 0.03057160333)
(0 0.1386031 0.05390034201)
(-0.06245541113 0.1983104957 0.06026660725)
(0.06245514544 0.1983107639 0.06026661829)
(-1.08492333e-06 0.2486380758 0.06110363558)
(0.3710001997 0.1780336992 -0.01632706344)
(0.3710001997 0.1780336978 0.01632706693)
(0.24978466 0.2960405927 -0.02953994441)
(0.18737446 0.2969335867 3.621060901e-06)
(0.2497846738 0.2960407409 0.02954867866)
(0.249917997 0.1369796444 0.05119150954)
(0.1873967201 0.1969637966 0.05885309505)
(0.3120415723 0.1945399041 0.05654018561)
(0.2497882931 0.2459482952 0.05914113804)
(0.6251090311 0.2007234051 -0.03075232061)
(0.6254691047 0.1535663304 0.001460477751)
(0.625109031 0.2007234041 0.03126971207)
(0.5001959715 0.150886603 0.06277171149)
(0.4370477531 0.1948368384 0.05666926807)
(0.5625952901 0.2003862563 0.06207452706)
(0.7494105783 0.147737257 0.05981696692)
(0.6872621214 0.199004329 0.06048830503)
(-0.7497969729 -0.09940762224 0.09101525395)
(-0.6872218683 -0.09918668736 0.1211136738)
(-0.3746808165 -0.196522102 0.08871940721)
(-0.3748230199 -0.148263209 0.1214722564)
(-0.4998725735 -0.09949249654 0.09138382032)
(-0.5623049984 -0.09943378406 0.1217898638)
(-0.4373910657 -0.09923255567 0.1227844339)
(-0.1249500931 -0.1985389593 0.09139245345)
(-0.1249734954 -0.149272615 0.1237675282)
(-0.2499653879 -0.09944319317 0.09257229759)
(-0.3124195387 -0.0991849877 0.1233290032)
(-0.1874838364 -0.09959263528 0.1249109505)
(0.1249500153 -0.1985359131 0.09139238058)
(0.1249734085 -0.1492616192 0.1237674718)
(-1.682345924e-06 -0.1000197047 0.09493684734)
(-0.0625012084 -0.09984746966 0.1259333416)
(0.06250115436 -0.09982803786 0.1259333893)
(0.3746808127 -0.196520374 0.08870878413)
(0.37482301 -0.1482571778 0.1214679128)
(0.2499653684 -0.0994279913 0.09257216597)
(0.1874837181 -0.09956259573 0.1249108374)
(0.3124195099 -0.09916391894 0.1233284124)
(0.4998725719 -0.09949086185 0.09137813265)
(0.4373910601 -0.09922460003 0.1227808937)
(0.562305005 -0.09943244036 0.121781724)
(0.7497970075 -0.09940899696 0.09100947415)
(0.6872218696 -0.09918710983 0.1211080576)
(-0.6246475782 -4.388960853e-08 0.08785452515)
(-0.6247171465 -0.04955123685 0.1205185935)
(-0.6247171536 0.04955089817 0.1205168309)
(-0.7497970076 0.09940921787 0.09101048167)
(-0.6872218699 0.09918717619 0.1211083355)
(-0.3750273982 -5.367572346e-05 0.09489973694)
(-0.3749611214 -0.04971851795 0.124424081)
(-0.3749611294 0.04968616554 0.124423737)
(-0.4998725831 0.09949096344 0.09137820037)
(-0.5623050069 0.09943245065 0.121781741)
(-0.4373910672 0.09922459074 0.1227808829)
(-0.1250510569 -0.0001532578758 0.09910290898)
(-0.1250197665 -0.05006493748 0.1276437916)
(-0.1250212295 0.04998515069 0.1276435439)
(-0.2499654224 0.09942780906 0.092572223)
(-0.312419568 0.09916377324 0.1233285739)
(-0.1874841354 0.09956103594 0.1249108391)
(0.1250490444 0.0001457660985 0.09910290485)
(0.1250191122 -0.04999306221 0.1276437716)
(0.1250176441 0.05005700563 0.12764355)
(-8.554152857e-07 0.1000102295 0.09493689432)
(-0.06250348477 0.09981934772 0.1259334458)
(0.06249887785 0.09983877955 0.1259333964)
(0.3750273907 5.364635159e-05 0.09489983807)
(0.3749611056 -0.0496862473 0.1244237329)
(0.3749610981 0.04971842885 0.1244240851)
(0.2499653332 0.09944298857 0.0925722451)
(0.1874834179 0.09959108096 0.1249109616)
(0.3124194827 0.0991847672 0.1233288727)
(0.6246475782 5.03634714e-08 0.08785451442)
(0.6247171535 -0.04955088087 0.1205167812)
(0.6247171466 0.04955125406 0.1205185796)
(0.4998725839 0.09949259826 0.09138390328)
(0.4373910615 0.09923253916 0.1227844733)
(0.5623049992 0.09943379373 0.1217898841)
(0.749796973 0.09940784318 0.09101505547)
(0.6872218684 0.09918675367 0.1211136134)
(-0.3746808189 0.1965203662 0.08870881112)
(-0.3748230264 0.1482571581 0.1214679735)
(-0.1249502144 0.1985353556 0.09139288182)
(-0.1249739347 0.1492597171 0.1237676449)
(0.1249498925 0.198538395 0.09139294724)
(0.1249729684 0.1492707137 0.1237677044)
(0.3746808166 0.196522106 0.08871943724)
(0.3748230065 0.1482631532 0.1214722385)
(-0.6249395508 -0.09986310111 -0.2490338073)
(-0.3749638627 -0.09977405855 -0.2494099822)
(0.374963697 -0.09978356525 -0.2494110893)
(0.6249395392 -0.09986487037 -0.2490361575)
(-0.6249395495 0.09986498654 -0.2490358804)
(-0.3749638401 0.09978409136 -0.2494110111)
(0.3749637128 0.09977457907 -0.2494099185)
(0.6249395399 0.09986321478 -0.2490339354)
(-0.6249267088 -0.1996963085 -0.1863763777)
(-0.6249447643 -0.2996272474 -0.1241321517)
(-0.3749232196 -0.1992015465 -0.1861399192)
(-0.3748666486 -0.2983303994 -0.1232310451)
(0.374923129 -0.1992067598 -0.1861455053)
(0.374866605 -0.298331658 -0.1232548213)
(0.6249267028 -0.1996971902 -0.1863908996)
(0.6249447614 -0.2996274538 -0.124195292)
(-0.7499246317 -0.09981401007 -0.186252444)
(-0.8751308026 -0.1000114558 -0.1251179685)
(-0.4999201147 -0.09968776121 -0.1861068971)
(-0.6248719986 1.158225619e-06 -0.1854348187)
(-0.68721876 -0.04956683362 -0.1207605147)
(-0.5622846357 -0.04964466999 -0.1213915695)
(-0.3749636149 1.458808509e-05 -0.187068891)
(-0.4373350883 -0.1485014476 -0.1217058601)
(-0.3123473209 -0.1483036543 -0.1217491057)
(-0.4374322775 -0.04969338666 -0.1236946679)
(-0.312486691 -0.04972984042 -0.1253353068)
(0.4999200814 -0.09969309194 -0.1861111754)
(0.3749634476 -1.398259595e-05 -0.1870688378)
(0.31234725 -0.1483124 -0.1217503918)
(0.437335081 -0.1485051023 -0.1217158993)
(0.312486609 -0.0497808151 -0.1253358763)
(0.4374322688 -0.0497099905 -0.1236957447)
(0.7499246304 -0.09981468392 -0.1862559578)
(0.6248719931 -1.033672826e-06 -0.1854350827)
(0.562284666 -0.0496468469 -0.1213942235)
(0.6872187616 -0.04956593289 -0.1207622688)
(0.8751309342 -0.1000174734 -0.1251276985)
(-0.7499246318 0.09981507308 -0.1862545838)
(-0.8751309343 0.1000200738 -0.1251166351)
(-0.499920109 0.09969322182 -0.1861110473)
(-0.6249267079 0.1996972643 -0.1863905942)
(-0.6872187616 0.04956601621 -0.1207620223)
(-0.5622846661 0.0496468553 -0.1213941908)
(-0.3749231988 0.1992070044 -0.1861454179)
(-0.4374322712 0.04971001723 -0.1236956229)
(-0.3124866819 0.04978107827 -0.1253360029)
(-0.4373350851 0.1485051344 -0.1217158834)
(-0.3123472879 0.1483124552 -0.1217504234)
(0.4999200865 0.09968788468 -0.18610698)
(0.374923146 0.1992017739 -0.1861398235)
(0.312486618 0.04973009694 -0.1253351706)
(0.4374322753 0.04969340857 -0.1236947914)
(0.3123472888 0.1483037577 -0.1217490597)
(0.4373350843 0.1485014605 -0.1217058631)
(0.7499246304 0.09981439824 -0.1862529458)
(0.6249267037 0.1996963773 -0.1863764312)
(0.5622846358 0.04964467652 -0.1213915982)
(0.68721876 0.04956691658 -0.120760626)
(0.8751308026 0.1000140535 -0.1251204678)
(-0.6249447646 0.2996275014 -0.1241949367)
(-0.3748666391 0.2983316935 -0.1232545982)
(0.3748666133 0.2983304453 -0.1232308282)
(0.6249447629 0.2996272922 -0.1241321732)
(-0.6249792151 -0.3997081986 -0.06216609561)
(-0.3748742197 -0.3982616392 -0.06158401111)
(0.3748741606 -0.3982617714 -0.0616240381)
(0.6249792113 -0.399708233 -0.06226194129)
(-0.7499243513 -0.2996360714 -0.06194535152)
(-0.8751192396 -0.2000222671 -0.0624792557)
(-0.4999101986 -0.2984624069 -0.06113167114)
(-0.6250639678 -0.3002563789 0.0002310820585)
(-0.6872920443 -0.1990667779 -0.0297482181)
(-0.5629236438 -0.2022985641 -0.03202019914)
(-0.4372324254 -0.1971119609 -0.08932849833)
(-0.3745942363 -0.2947686248 3.938915426e-05)
(-0.2497789128 -0.2451501019 -0.02845586862)
(-0.3122242278 -0.1967148751 -0.08903157099)
(-0.4180371095 -0.1750690663 -0.01498235967)
(-0.3114534596 -0.1816413496 -0.01820920783)
(0.4999101932 -0.2984625114 -0.06134410392)
(0.312224239 -0.1967174654 -0.08903486955)
(0.3745942153 -0.2947686218 -3.959710739e-05)
(0.2497788479 -0.2451501396 -0.02845905024)
(0.43723241 -0.197112988 -0.08936099757)
(0.3114534599 -0.1816413504 -0.01820920846)
(0.4180371094 -0.1750690648 -0.01498236265)
(0.749924351 -0.2996361824 -0.06201876961)
(0.6250639672 -0.3002563782 -0.000230915494)
(0.5629236435 -0.2022985725 -0.03290841069)
(0.6872920436 -0.1990667657 -0.02993638561)
(0.8751193785 -0.2000237904 -0.06247483778)
(-1.000814854 -0.1001211361 -0.06281333647)
(-0.8757253587 7.596227897e-05 -0.06623950488)
(-0.879916107 -0.0889428867 -0.002271321281)
(-0.7496636926 -0.0495878145 -0.08967241346)
(-0.7296811765 -0.1273442174 -0.01683257446)
(-0.7534790431 -0.05182152511 -0.04432173024)
(-0.6870762143 -0.09850467353 -0.08794500584)
(-0.6871101861 -0.1482707776 -0.05865455695)
(-0.4999329475 -0.1494043646 -0.09154252)
(-0.3747230888 -0.1473405949 -0.08816417317)
(-0.4373891272 -0.09917811787 -0.09132166245)
(-0.420896012 -0.1325525693 -0.04517790673)
(-0.1874529151 -0.1489989689 -0.1231876243)
(-0.1874194168 -0.1980644529 -0.09073628809)
(-0.2499023421 -0.1481522055 -0.09001074473)
(-0.1249634934 -0.1490275995 -0.09137653427)
(-0.1874870316 -0.09964093292 -0.09332702122)
(-0.1874394396 -0.1379315183 -0.05172432018)
(0.06248567683 -0.1494266448 -0.1241853934)
(0.06247186277 -0.1988763295 -0.09189530033)
(-4.158343508e-07 -0.1493697551 -0.09235019116)
(0.124963086 -0.1490330667 -0.09137655214)
(0.06250196943 -0.09993652123 -0.09454918987)
(0.0624579168 -0.1383798962 -0.05317507797)
(0.2499022929 -0.1481574357 -0.09001105518)
(0.3747230552 -0.1473431881 -0.08816683301)
(0.3123990058 -0.09914270747 -0.09128733415)
(0.31190786 -0.1358700782 -0.04897341931)
(0.4999329442 -0.1494053143 -0.09157394421)
(0.5622497291 -0.09925571533 -0.08972440844)
(0.5625988388 -0.1507644258 -0.06225736544)
(1.000815416 -0.1001365617 -0.06298293163)
(0.8757253587 -7.256444469e-05 -0.06624461019)
(0.879916107 -0.0889428867 0.002271321281)
(0.7496636209 -0.04958492627 -0.08967310213)
(0.7296804258 -0.1273414483 -0.01683033445)
(0.7534810682 -0.05182520524 -0.04434009139)
(-1.000815416 0.1001640897 -0.06279728311)
(-0.7496636209 0.04958513211 -0.08967246834)
(-0.8751193785 0.2000251642 -0.06245790068)
(-0.879916107 0.0889428867 0.002271321281)
(-0.7534810682 0.05182520524 -0.04434009139)
(-0.7296804258 0.1273414483 -0.01683033445)
(-0.687139439 -5.486901155e-07 -0.08797382307)
(-0.6246209988 0.04931757626 -0.08762590739)
(-0.6870762114 0.09850435959 -0.08794941572)
(-0.6856596911 0.04820684534 -0.05095231352)
(-0.4374831666 1.973624038e-05 -0.09356356025)
(-0.4998954091 0.04973284227 -0.09151504236)
(-0.3749806732 0.04981716695 -0.09349149772)
(-0.437389126 0.0991821631 -0.0913239679)
(-0.4374135086 0.04922818654 -0.06396979073)
(-0.187514276 0.04999043957 -0.1270903876)
(-0.1875464615 0.0001414785593 -0.09850401348)
(-0.250020091 0.05009209438 -0.09605300022)
(-0.1250342115 0.0502663155 -0.09744471401)
(-0.1874869036 0.09965872525 -0.09332703741)
(-0.1875421699 0.05013535849 -0.07036846312)
(0.06251730038 0.0500608986 -0.1281339571)
(0.06254101427 -0.0001187615618 -0.09967542279)
(1.831860603e-05 0.05036080093 -0.0983875274)
(0.1250342199 0.05020071893 -0.09744471159)
(0.06250321353 0.09992867133 -0.09454916534)
(0.06255518059 0.05027948971 -0.07163550102)
(0.3125633389 -9.111401463e-05 -0.09635262976)
(0.250020048 0.0500357771 -0.09605301224)
(0.374980669 0.04979116411 -0.09349129955)
(0.312399012 0.09913105385 -0.09128702861)
(0.3125277267 0.04985024998 -0.06793378702)
(0.5622557589 -6.982536567e-07 -0.08954832504)
(0.4998954163 0.04972940831 -0.09151409849)
(0.6246209968 0.04931749753 -0.08762475612)
(0.5622497273 0.0992551792 -0.08971731152)
(0.5620339186 0.04650380919 -0.05854498512)
(1.000814854 0.1001486451 -0.06283238852)
(0.8751192396 0.2000236392 -0.06247998483)
(0.879916107 0.0889428867 -0.002271321281)
(0.7496636926 0.04958802023 -0.08967266618)
(0.7534790431 0.05182152511 -0.04432173024)
(0.7296811765 0.1273442174 -0.01683257446)
(-0.7499243513 0.2996363393 -0.06201643174)
(-0.4999101957 0.2984624978 -0.06134404685)
(-0.6249792155 0.3997082622 -0.06226154605)
(-0.6250639676 0.3002563833 -0.0002307353169)
(-0.6872920436 0.199066775 -0.02993618544)
(-0.5629236437 0.2022985735 -0.03290840524)
(-0.3748742152 0.3982617458 -0.06162346341)
(-0.3745942304 0.2947685743 -3.936527862e-05)
(-0.4372324256 0.1971130754 -0.08936112078)
(-0.3122242394 0.196717478 -0.08903472125)
(-0.4180371094 0.1750690648 -0.01498236265)
(-0.3114534599 0.1816413504 -0.01820920846)
(-0.2497789626 0.2451504265 -0.02845857762)
(-0.187419355 0.1980680742 -0.09073628603)
(-0.1873780489 0.2468640377 -0.059773454)
(0.06247206266 0.1988753619 -0.09189439706)
(0.062460509 0.2482937276 -0.06081282996)
(0.4999101941 0.2984624073 -0.0611316398)
(0.3748741617 0.39826164 -0.06158346648)
(0.3745942097 0.2947685744 3.95634763e-05)
(0.3122242151 0.19671491 -0.08903153846)
(0.4372324236 0.1971119654 -0.08932849508)
(0.3114534596 0.1816413496 -0.01820920783)
(0.4180371095 0.1750690663 -0.01498235967)
(0.2497788493 0.2451501066 -0.02845522923)
(0.7499243512 0.2996362279 -0.0619454245)
(0.6249792124 0.3997082288 -0.06216608907)
(0.625063967 0.3002563833 0.0002310834854)
(0.5629236437 0.2022985641 -0.03202019915)
(0.6872920443 0.199066787 -0.02974822136)
(-0.6249792157 -0.3997082464 0.06226244404)
(-0.3748742182 -0.3982617818 0.06162350008)
(0.3748741615 -0.3982616394 0.06158346104)
(0.6249792122 -0.3997082086 0.0621665974)
(-0.7499243513 -0.2996361818 0.06202310153)
(-0.8751193785 -0.2000237904 0.06251276033)
(-0.4999101974 -0.298462515 0.06134409443)
(-0.6872920436 -0.1990667656 0.02993663473)
(-0.624944764 -0.2996274688 0.1241961356)
(-0.5629236435 -0.2022985723 0.03290841605)
(-0.4180371094 -0.1750690648 0.01498236265)
(-0.3748666405 -0.2983317154 0.1232546347)
(-0.2497789124 -0.2451501419 0.02845841212)
(-0.3114534599 -0.1816413504 0.01820920846)
(-0.4372324116 -0.1971129914 0.08936099385)
(-0.3122242529 -0.1967175095 0.08903485493)
(-0.187373566 -0.2969199168 0.0298606343)
(0.06246393883 -0.2984293134 0.03039593372)
(0.4999101934 -0.2984624 0.0611316481)
(0.3114534596 -0.1816413496 0.01820920783)
(0.374866611 -0.2983304246 0.1232308162)
(0.2497788482 -0.245150102 0.028455228)
(0.4180371095 -0.1750690663 0.01498235967)
(0.3122242458 -0.196715014 0.08903174273)
(0.43723241 -0.1971118788 0.08932835796)
(0.7499243511 -0.2996360699 0.06194968281)
(0.5629236435 -0.2022985621 0.03202020282)
(0.6249447623 -0.2996272556 0.1241329947)
(0.6872920442 -0.1990667775 0.02974846724)
(0.8751192396 -0.200022267 0.06251713442)
(-1.000816605 -0.1001367607 0.06374913759)
(-0.7296804258 -0.1273414482 0.01683033434)
(-0.8757350884 -7.35377918e-05 0.06639324382)
(-0.8751309342 -0.1000174734 0.125200595)
(-0.75348109 -0.05182524479 0.04434028872)
(-0.7496636204 -0.04958492547 0.08967891765)
(-0.6827758901 -0.1451553225 6.666022784e-18)
(-0.6250840151 -0.1386583391 0.02464618394)
(-0.6887253018 -0.09968481548 0.03895887709)
(-0.6871101819 -0.1482706939 0.05867690627)
(-0.5033033384 -0.1478430684 0.03299815908)
(-0.420896012 -0.1325525695 0.04517790676)
(-0.1873809658 -0.1856311171 0.02130102722)
(-0.1874394396 -0.1379315183 0.05172432018)
(0.0624375948 -0.187699168 0.02297392413)
(0.0624579168 -0.1383798966 0.05317507748)
(0.31190786 -0.135870078 0.04897341933)
(0.5648340683 -0.1623232163 -0.003548824261)
(0.5033033383 -0.1478430684 0.0329981591)
(0.6250840151 -0.1386583393 0.02464618423)
(0.5625988385 -0.1507643673 0.0622078236)
(1.000816042 -0.1001213127 0.0635787685)
(0.8757350884 7.698120178e-05 0.06638807006)
(0.8751308026 -0.100011456 0.1251907944)
(0.7296811765 -0.1273442174 0.01683257446)
(0.7534790562 -0.05182154901 0.04432184951)
(0.7496636926 -0.04958781467 0.0896782347)
(-1.000816042 0.1001488619 0.06376455954)
(-0.7534790562 0.05182154901 0.04432184951)
(-0.8751192396 0.2000236391 0.06253405197)
(-0.8751308026 0.1000140533 0.1252018459)
(-0.7296811765 0.1273442174 0.01683257446)
(-0.7496636926 0.04958802036 0.08967886791)
(-0.6887252976 0.09968479825 0.03895882094)
(-0.6856597147 0.0482068901 0.050952707)
(-0.4374135086 0.04922818672 0.06396979233)
(-0.1875421698 0.0501353583 0.07036846139)
(0.06255518047 0.05027948987 0.07163550248)
(0.3125277267 0.04985024984 0.06793378579)
(0.5620339186 0.04650380922 0.05854498536)
(1.000816605 0.1001643288 0.06373004462)
(0.8751193785 0.2000251641 0.0625120305)
(0.8751309342 0.1000200733 0.1251980944)
(0.75348109 0.05182524479 0.04434028872)
(0.7296804258 0.1273414482 0.01683033434)
(0.7496636204 0.0495851312 0.08967866593)
(-0.7499243512 0.2996362279 0.06195202192)
(-0.4999101973 0.2984623955 0.06113170469)
(-0.6249792148 0.3997082136 0.06216699152)
(-0.6249447638 0.299627272 0.1241333531)
(-0.6872920442 0.1990667867 0.02974866796)
(-0.5629236436 0.2022985626 0.03202021079)
(-0.2497789138 0.2451501032 0.02845586409)
(-0.3748742184 0.3982616251 0.06158402611)
(-0.3748666461 0.2983303762 0.1232310476)
(-0.4180371095 0.1750690663 0.01498235967)
(-0.3114534596 0.1816413496 0.01820920783)
(-0.4372324128 0.197111881 0.0893283727)
(-0.3122242599 0.1967149875 0.08903179459)
(-0.1873821413 0.2465235543 9.076148898e-07)
(-0.1873809658 0.185631117 0.02130102716)
(-0.1249215534 0.2473318253 0.02955471211)
(-0.187373568 0.2969198509 0.0298628949)
(-0.1873780442 0.2468637617 0.05977435559)
(0.06247161139 0.2489459585 2.492196757e-05)
(0.06243759481 0.187699168 0.02297392418)
(-3.056757993e-06 0.2487748421 0.03036594127)
(0.1249208543 0.2473318711 0.02955491603)
(0.06246393723 0.2984293262 0.03042331393)
(0.06246049971 0.2482937781 0.06082521833)
(0.4999101905 0.2984624862 0.06134411235)
(0.3748741571 0.3982617313 0.06162402357)
(0.3748666025 0.2983316263 0.1232548189)
(0.3114534599 0.1816413504 0.01820920846)
(0.4180371094 0.1750690648 0.01498236265)
(0.31222426 0.196717563 0.08903497707)
(0.4372324117 0.1971129927 0.08936100548)
(0.249778898 0.2451504231 0.02845921261)
(0.749924351 0.2996363392 0.06202302835)
(0.6249792109 0.3997082471 0.06226245056)
(0.624944761 0.2996274809 0.1241961162)
(0.5629236435 0.2022985719 0.0329084163)
(0.6872920436 0.1990667747 0.02993663163)
(-0.6249267072 -0.1996972089 0.186392335)
(-0.3749232004 -0.1992070151 0.1861455124)
(0.3749231467 -0.1992017706 0.1861398901)
(0.6249267035 -0.1996963212 0.1863778352)
(-0.7499246313 -0.09981468942 0.186266773)
(-0.4999201089 -0.09969320155 0.1861114839)
(-0.6248719983 -1.06422708e-06 0.1854376892)
(-0.6249395493 -0.09986491418 0.249038186)
(-0.6872187597 -0.04956592981 0.1207645788)
(-0.5622846355 -0.04964682129 0.121393861)
(-0.3749636148 -1.459506748e-05 0.1870689746)
(-0.3749638437 -0.09978411365 0.2494111721)
(-0.4373350852 -0.1485051152 0.121715897)
(-0.3123472925 -0.1483125772 0.1217505171)
(-0.4374322758 -0.04971002005 0.1236956722)
(-0.3124866672 -0.04978097878 0.1253354708)
(-0.1874527363 -0.1490119515 0.1231876962)
(0.06248656741 -0.1494229647 0.1241851327)
(0.4999200846 -0.0996878599 0.1861073296)
(0.3749634476 1.399319542e-05 0.1870689105)
(0.3749637163 -0.09977459624 0.2494100649)
(0.312347269 -0.1483037262 0.1217488641)
(0.4373350816 -0.1485014262 0.1217058418)
(0.3124866325 -0.04973017748 0.1253357089)
(0.4374322702 -0.04969340435 0.1236947346)
(0.7499246304 -0.09981401571 0.1862632865)
(0.6248719929 1.124979603e-06 0.1854375756)
(0.6249395401 -0.09986314237 0.2490359055)
(0.5622846661 -0.04964470529 0.1213921375)
(0.6872187616 -0.0495668368 0.1207628826)
(-0.7499246318 0.09981439181 0.1862646412)
(-0.4999201132 0.09968776809 0.1861073131)
(-0.6249267085 0.1996963558 0.1863781233)
(-0.6249395507 0.09986317223 0.2490361129)
(-0.6872187617 0.04956691902 0.1207631246)
(-0.562284666 0.0496447022 0.121392129)
(-0.3749232178 0.1992015317 0.1861399571)
(-0.3749638627 0.09977405897 0.2494100869)
(-0.4374322724 0.04969337988 0.123694617)
(-0.3124867061 0.04972992515 0.1253358513)
(-0.4373350874 0.148501427 0.1217058614)
(-0.3123473127 0.1483036918 0.1217490579)
(-0.1875146561 0.0499128691 0.1270903763)
(0.06251193608 0.05009369914 0.1281339755)
(0.4999200823 0.09969310729 0.1861115517)
(0.3749231299 0.1992067645 0.1861455513)
(0.3749636978 0.09978357423 0.2494111842)
(0.3124865942 0.04978071144 0.1253353346)
(0.4374322736 0.04970999266 0.1236957989)
(0.3123472575 0.148312432 0.1217504508)
(0.4373350822 0.1485051037 0.1217159076)
(0.7499246301 0.09981506531 0.1862662926)
(0.6249267026 0.1996972419 0.1863923)
(0.6249395391 0.09986494341 0.2490381202)
(0.5622846356 0.04964681789 0.1213938834)
(0.6872187598 0.04956601202 0.1207644749)
(-0.06248755785 -0.1494193537 -0.1241853704)
(-0.1875146607 -0.0499128742 -0.127090749)
(-0.06252276593 -0.05004046167 -0.1281340213)
(0.1874525127 -0.1490111464 -0.1231877882)
(0.06251193872 -0.05009369333 -0.1281343151)
(0.1875135546 -0.04998774518 -0.1270904183)
(-0.06251740481 0.05011413232 -0.1281342556)
(-0.187452738 0.1490119572 -0.1231877051)
(-0.06248666737 0.1494302581 -0.1241851438)
(0.1875139383 0.04991557373 -0.1270906809)
(0.06248656724 0.1494229668 -0.1241851185)
(0.1874526894 0.1489997827 -0.123187535)
(-0.187378044 -0.2468637639 -0.05977435842)
(-0.06246176129 -0.2482936641 -0.0608251509)
(-0.06247242417 -0.1988743427 -0.0918952851)
(-0.1873735672 -0.2969198517 -0.02986289884)
(-0.06246667588 -0.2984292946 -0.03042317775)
(-0.1249215531 -0.247331825 -0.02955471339)
(-0.1873809658 -0.185631117 -0.02130102716)
(-0.1873821385 -0.2465235411 -9.164680521e-07)
(-3.056845595e-06 -0.248774842 -0.03036594131)
(-0.0624375948 -0.187699168 -0.02297392413)
(-0.06247660515 -0.2489459579 -2.487954898e-05)
(0.06246049911 -0.248293776 -0.06082521753)
(0.1873778352 -0.2468639681 -0.05977542141)
(0.1874192743 -0.1980678564 -0.09073653218)
(0.06246393633 -0.2984293234 -0.03042331249)
(0.1873731339 -0.2969199083 -0.02986492056)
(0.1249208523 -0.2473318616 -0.02955491098)
(0.06243759481 -0.187699168 -0.02297392418)
(0.06247161116 -0.2489459578 -2.492180914e-05)
(0.1873809658 -0.1856311171 -0.02130102722)
(0.1873818748 -0.2465235406 -1.709304581e-06)
(-0.5622497273 -0.09925517735 -0.08971730641)
(-0.5625988389 -0.1507643711 -0.06220781875)
(-0.6246209968 -0.04931749017 -0.08762474442)
(-0.6856597147 -0.0482068901 -0.050952707)
(-0.5620339186 -0.04650380919 -0.05854498512)
(-0.499895416 -0.04972940628 -0.09151407271)
(-0.5622557586 7.005227367e-07 -0.0895483084)
(-0.6250840151 -0.1386583393 -0.02464618423)
(-0.6887252976 -0.09968479825 -0.03895882094)
(-0.5033033383 -0.1478430684 -0.0329981591)
(-0.5648340683 -0.1623232163 0.003548824261)
(-0.3123990251 -0.0991309885 -0.09128700205)
(-0.31190786 -0.135870078 -0.04897341933)
(-0.3749806751 -0.04979114093 -0.09349128526)
(-0.4374135086 -0.04922818672 -0.06396979233)
(-0.3125277267 -0.04985024998 -0.06793378702)
(-0.2500201304 -0.05003547361 -0.09605304423)
(-0.3125633756 9.122580585e-05 -0.09635300346)
(-0.06250445615 -0.09992403743 -0.09454920007)
(-0.0624579168 -0.1383798966 -0.05317507748)
(-0.1250352913 -0.0501967339 -0.09744460143)
(-0.1875421698 -0.0501353583 -0.07036846139)
(-0.06255518059 -0.05027948971 -0.07163550102)
(-3.039864994e-05 -0.05031561844 -0.09838753536)
(-0.0625519551 0.000159689123 -0.09967542384)
(0.1874867469 -0.09965814354 -0.09332704011)
(0.1874394396 -0.1379315183 -0.05172432018)
(0.125033138 -0.05026231221 -0.09744459822)
(0.06255518047 -0.05027948987 -0.07163550248)
(0.1875421699 -0.05013535849 -0.07036846312)
(0.2500200088 -0.05009178919 -0.09605297122)
(0.187546025 -0.0001398435568 -0.09850399807)
(0.4373891233 -0.09918214534 -0.09132396243)
(0.420896012 -0.1325525695 -0.04517790676)
(0.3749806666 -0.04981713971 -0.09349150583)
(0.3125277267 -0.04985024984 -0.06793378579)
(0.4374135086 -0.04922818654 -0.06396979073)
(0.4998954093 -0.04973283848 -0.0915150661)
(0.4374831744 -1.973440495e-05 -0.09356386512)
(0.5033033384 -0.1478430684 -0.03299815908)
(0.6870762113 -0.09850432465 -0.08794957401)
(0.687110182 -0.1482706943 -0.05867656462)
(0.6246209988 -0.04931756854 -0.08762593146)
(0.5620339186 -0.04650380922 -0.05854498536)
(0.6856596911 -0.04820684534 -0.05095231352)
(0.687139439 5.908826254e-07 -0.08797390433)
(0.6250840151 -0.1386583391 -0.02464618394)
(0.6887253018 -0.09968481548 -0.03895887709)
(0.6827758901 -0.1451553225 6.665988155e-18)
(-0.5622497295 0.09925571987 -0.08972440261)
(-0.5620339186 0.04650380922 -0.05854498536)
(-0.687110182 0.1482707071 -0.05867642471)
(-0.562598839 0.1507644283 -0.06225736467)
(-0.4999329471 0.1494053346 -0.09157396701)
(-0.6887253018 0.09968481548 -0.03895887709)
(-0.6250840151 0.1386583391 -0.02464618394)
(-0.6827758901 0.1451553225 -5.013797355e-23)
(-0.5033033384 0.1478430684 -0.03299815908)
(-0.5648340683 0.1623232163 -0.003548824261)
(-0.3123990164 0.09914274071 -0.09128726967)
(-0.3125277267 0.04985024984 -0.06793378579)
(-0.3747230869 0.147343365 -0.0881671927)
(-0.420896012 0.1325525695 -0.04517790676)
(-0.31190786 0.1358700782 -0.04897341931)
(-0.2499023184 0.1481575161 -0.09001098732)
(-0.06250321202 0.09994115556 -0.09454915622)
(-0.06255518047 0.05027948987 -0.07163550248)
(-0.1249633056 0.1490338495 -0.09137644927)
(-0.1874394396 0.1379315183 -0.05172432018)
(-0.0624579168 0.1383798962 -0.05317507797)
(-3.157979111e-07 0.1493724038 -0.09234995655)
(-0.06247222398 0.198877348 -0.0918944123)
(-0.1873809658 0.1856311171 -0.02130102722)
(-0.06243759481 0.187699168 -0.02297392418)
(0.1874868746 0.09964151347 -0.09332700407)
(0.1875421698 0.0501353583 -0.07036846139)
(0.1249632733 0.1490283832 -0.09137643098)
(0.0624579168 0.1383798966 -0.05317507748)
(0.1874394396 0.1379315183 -0.05172432018)
(0.2499023102 0.1481523143 -0.0900107151)
(0.1874193288 0.198064702 -0.09073607466)
(0.0624375948 0.187699168 -0.02297392413)
(0.1873809658 0.185631117 -0.02130102716)
(0.4373891262 0.09917812311 -0.09132167728)
(0.4374135086 0.04922818672 -0.06396979233)
(0.3747230853 0.1473406064 -0.08816417041)
(0.31190786 0.135870078 -0.04897341933)
(0.420896012 0.1325525693 -0.04517790673)
(0.4999329471 0.1494043665 -0.09154252364)
(0.5033033383 0.1478430684 -0.0329981591)
(0.6870762143 0.09850470801 -0.08794503761)
(0.6856597147 0.0482068901 -0.050952707)
(0.5625988389 0.1507643715 -0.06220781915)
(0.6871101861 0.1482707901 -0.05865456371)
(0.6887252976 0.09968479825 -0.03895882094)
(0.6250840151 0.1386583393 -0.02464618423)
(0.5648340683 0.1623232163 0.003548824261)
(0.6827758901 0.1451553225 -2.734178298e-24)
(-0.06246175204 0.2482938422 -0.06081289806)
(-0.1249215539 0.2473318798 -0.02954796347)
(-0.1873735743 0.2969199577 -0.02986066145)
(-0.06246667427 0.2984293459 -0.03039607159)
(-3.055150464e-06 0.2487748582 -0.03030502212)
(-0.06247660537 0.2489459585 2.487893984e-05)
(0.187377839 0.2468637829 -0.05977236344)
(0.1249208539 0.247331834 -0.02954775958)
(0.06246393901 0.298429314 -0.03039593464)
(0.1873731361 0.2969198604 -0.02985861254)
(0.1873818777 0.2465235543 1.716231474e-06)
(-0.06246667336 -0.2984293429 0.03039606908)
(-0.1249215518 -0.24733187 0.02954795748)
(-0.1873780404 -0.2468639877 0.05977342655)
(-0.06246175141 -0.2482938396 0.06081289637)
(-3.055070524e-06 -0.2487748579 0.03030502173)
(-0.06243759481 -0.187699168 0.02297392418)
(-0.1874193619 -0.1980681054 0.09073631979)
(-0.06247222424 -0.1988773487 0.09189441205)
(0.187373135 -0.2969198575 0.0298586098)
(0.1249208536 -0.2473318327 0.0295477591)
(0.06246050896 -0.2482937272 0.06081282888)
(0.1873778388 -0.2468637809 0.05977236015)
(0.1873809658 -0.185631117 0.02130102716)
(0.0624720627 -0.1988753612 0.09189439572)
(0.1874193306 -0.1980647049 0.09073608229)
(-0.5625988384 -0.1507644239 0.06225736936)
(-0.6856596911 -0.04820684534 0.05095231352)
(-0.5620339186 -0.04650380922 0.05854498536)
(-0.6870762107 -0.09850432325 0.0879505257)
(-0.5622497253 -0.09925569794 0.08972439139)
(-0.4999329419 -0.1494052886 0.09157392729)
(-0.6246209967 -0.04931756627 0.08762609813)
(-0.6871394389 5.917065969e-07 0.08797511835)
(-0.4998954223 -0.04973292392 0.09151516488)
(-0.5622557587 -6.973635334e-07 0.089548348)
(-0.31190786 -0.1358700782 0.04897341931)
(-0.4374135086 -0.04922818654 0.06396979073)
(-0.3125277267 -0.04985024984 0.06793378579)
(-0.3747230592 -0.147343203 0.08816683455)
(-0.4373891234 -0.09918213751 0.09132394202)
(-0.3123990189 -0.09914275244 0.09128728465)
(-0.2499023227 -0.1481575395 0.09001102454)
(-0.3749806726 -0.04981716109 0.09349147003)
(-0.4374831666 -1.974042732e-05 0.09356355866)
(-0.2500200911 -0.05009210351 0.09605306338)
(-0.3125633756 -9.123641832e-05 0.09635300436)
(-0.0624579168 -0.1383798962 0.05317507797)
(-0.1875421699 -0.05013535849 0.07036846312)
(-0.06255518047 -0.05027948987 0.07163550248)
(-0.1249633059 -0.1490338509 0.0913764487)
(-0.1874869037 -0.09965872804 0.09332703056)
(-0.06250321212 -0.09994115467 0.0945491644)
(-3.157983467e-07 -0.1493724036 0.09234995599)
(-0.06248666716 -0.1494302576 0.1241851359)
(-0.1250342104 -0.05026632184 0.0974445988)
(-0.1875464615 -0.0001414493764 0.09850401335)
(-0.1875142805 -0.04999047156 0.1270907586)
(1.83184729e-05 -0.05036080297 0.09838752624)
(-0.06255195473 -0.0001597260443 0.09967542371)
(-0.06251740168 -0.05011413636 0.1281340047)
(0.1874394396 -0.1379315183 0.05172432018)
(0.06255518059 -0.05027948971 0.07163550102)
(0.1875421698 -0.0501353583 0.07036846139)
(0.1249632735 -0.1490283837 0.09137642968)
(0.06250321346 -0.09992867513 0.09454915322)
(0.187486875 -0.09964151165 0.09332701131)
(0.2499023162 -0.1481523399 0.09001077718)
(0.1874526916 -0.1489997921 0.1231875477)
(0.1250342189 -0.05020074309 0.09744459158)
(0.06254101391 0.0001188057699 0.0996754227)
(0.06251730166 -0.05006087433 0.1281342962)
(0.2500200482 -0.05003576865 0.09605295128)
(0.187546025 0.0001398216405 0.0985039979)
(0.1875139348 -0.04991556537 0.1270903958)
(0.420896012 -0.1325525693 0.04517790673)
(0.3125277267 -0.04985024998 0.06793378702)
(0.4374135086 -0.04922818672 0.06396979233)
(0.3747230567 -0.1473404372 0.08816379651)
(0.3123990144 -0.09913106671 0.09128707975)
(0.4373891222 -0.09917809562 0.09132163767)
(0.4999329413 -0.1494043191 0.09154247368)
(0.3749806685 -0.04979116281 0.09349131082)
(0.3125633389 9.112493305e-05 0.09635262947)
(0.4998954159 -0.04972947498 0.09151403531)
(0.4374831745 1.973415781e-05 0.09356386436)
(0.6887252976 -0.09968479825 0.03895882094)
(0.6871101861 -0.1482707771 0.05865490019)
(0.5620339186 -0.04650380919 0.05854498512)
(0.6856597147 -0.0482068901 0.050952707)
(0.5622497274 -0.09925516318 0.08971735796)
(0.6870762146 -0.09850467334 0.08794597284)
(0.6246209988 -0.04931749394 0.08762497535)
(0.562255759 6.92474968e-07 0.08954835994)
(0.6871394389 -5.49925997e-07 0.08797503958)
(-0.5620339186 0.04650380919 0.05854498512)
(-0.6250840151 0.1386583393 0.02464618423)
(-0.6871101862 0.1482707898 0.05865504101)
(-0.5625988388 0.1507643694 0.06220782941)
(-0.5033033383 0.1478430684 0.0329981591)
(-0.6246209988 0.04931749993 0.08762499539)
(-0.6870762147 0.09850470827 0.08794613173)
(-0.5622497292 0.09925517875 0.08971737319)
(-0.4998954092 0.04972939601 0.09151398344)
(-0.4999329449 0.1494043467 0.09154249689)
(-0.3125277267 0.04985024998 0.06793378702)
(-0.420896012 0.1325525693 0.04517790673)
(-0.31190786 0.135870078 0.04897341933)
(-0.3749806747 0.0497911399 0.09349129876)
(-0.437389125 0.09917810557 0.09132163755)
(-0.3123990282 0.09913100609 0.09128706252)
(-0.2500201305 0.05003546494 0.09605298439)
(-0.3747230613 0.147340433 0.08816381309)
(-0.2499023461 0.1481522233 0.09001078766)
(-0.06255518059 0.05027948971 0.07163550102)
(-0.1874394396 0.1379315183 0.05172432018)
(-0.0624579168 0.1383798966 0.05317507748)
(-0.0624375948 0.187699168 0.02297392413)
(-0.1250352924 0.05019670934 0.09744471618)
(-0.1874870319 0.09964092918 0.09332703029)
(-0.06250445606 0.09992403994 0.0945491913)
(-3.039851723e-05 0.05031561996 0.09838753631)
(-0.06252276778 0.0500404351 0.1281342711)
(-0.1249634935 0.1490275984 0.0913765348)
(-0.1874194182 0.1980644546 0.09073629319)
(-0.1874529151 0.1489989701 0.1231876058)
(-4.158658853e-07 0.1493697548 0.0923501909)
(-0.06247242418 0.1988743418 0.09189528425)
(-0.06248755786 0.1494193518 0.1241853746)
(0.1875421699 0.05013535849 0.07036846312)
(0.0624579168 0.1383798962 0.05317507797)
(0.1874394396 0.1379315183 0.05172432018)
(0.1873809658 0.1856311171 0.02130102722)
(0.1250331391 0.05026230609 0.09744471791)
(0.06250196946 0.0999365197 0.09454920154)
(0.1874867464 0.09965814313 0.09332703305)
(0.2500200087 0.05009179701 0.09605303287)
(0.187513558 0.04998777287 0.1270907025)
(0.1249630854 0.1490330645 0.09137655157)
(0.06247186239 0.1988763279 0.09189529881)
(0.06248567646 0.1494266446 0.1241853777)
(0.2499022881 0.1481574136 0.09001102021)
(0.1874192678 0.1980678255 0.09073649925)
(0.1874525103 0.1490111387 0.1231877794)
(0.4374135086 0.04922818654 0.06396979073)
(0.31190786 0.1358700782 0.04897341931)
(0.420896012 0.1325525695 0.04517790676)
(0.5033033384 0.1478430684 0.03299815908)
(0.3749806666 0.04981713707 0.09349148528)
(0.312399006 0.09914270642 0.09128731382)
(0.4373891241 0.09918214618 0.09132396914)
(0.4998954162 0.04973284408 0.09151516458)
(0.3747230569 0.1473431946 0.08816683964)
(0.4999329447 0.1494053152 0.09157395375)
(0.6887253018 0.09968481548 0.03895887709)
(0.6856596911 0.04820684534 0.05095231352)
(0.6250840151 0.1386583391 0.02464618394)
(0.5625988386 0.1507644258 0.06225737148)
(0.6871101819 0.1482707066 0.05867690007)
(0.6246209967 0.04931757224 0.087626093)
(0.5622497269 0.09925571344 0.08972440759)
(0.6870762108 0.09850435816 0.08795049652)
(-0.062466676 0.2984292942 0.03042317694)
(-0.06246176127 0.2482936635 0.06082515019)
(0.1873731422 0.2969199483 0.02986494389)
(0.1873778437 0.2468640165 0.05977544607)
(-0.8750386095 -0.09995636082 -0.1872180315)
(0.8750386109 -0.09995950193 -0.1872233787)
(-0.8750386112 0.09996108535 -0.1872176135)
(0.8750386093 0.09995794386 -0.1872199687)
(-0.8750542873 -0.2999615446 -0.06235989766)
(0.8750542891 -0.299962099 -0.06236574572)
(-1.125803615 -0.1001391741 -0.06221217687)
(1.125803615 -0.1001464972 -0.06236037813)
(-1.125803615 0.1001806818 -0.06220580877)
(0.8126153728 0.05008008908 -0.09374560936)
(1.125803615 0.1001733588 -0.06224312538)
(-0.8750542893 0.2999629379 -0.06235473913)
(0.8750542874 0.2999623833 -0.06236033008)
(-0.8750542893 -0.2999620986 0.06238889995)
(0.8750542874 -0.2999615439 0.06238305085)
(-1.125803615 -0.1001464972 0.06331687975)
(0.8126522413 -0.1502301524 0.03125176262)
(1.125803615 -0.1001391741 0.06316867851)
(-1.125803615 0.1001733588 0.06332324786)
(-0.9192467598 0.035772806 0.02414568641)
(0.8130417895 0.04884302843 0.03834630433)
(1.125803615 0.1001806818 0.06328593126)
(-0.8750542873 0.2999623835 0.06239405764)
(-0.4370431684 0.2442536342 0.02752506962)
(0.3119867114 0.2434009413 0.02748868083)
(0.8750542891 0.2999629381 0.0623884674)
(-0.8750386113 -0.09995950281 0.1872681309)
(0.8750386093 -0.09995636206 0.1872627911)
(-0.8750386095 0.09995794241 0.1872685505)
(0.8750386111 0.09996108319 0.1872661999)
(-0.4370431696 -0.2442536445 -0.02752507236)
(-0.3119867867 -0.2434012871 -0.02747692544)
(0.311986768 -0.2434013136 -0.02748888872)
(0.4370431674 -0.2442536548 -0.02768243974)
(-0.8126153728 -0.05007891284 -0.09374421239)
(-0.8126522411 -0.1502301521 -0.03124591078)
(-0.9192268974 -0.03575332066 -0.0240484744)
(-0.8130175519 -0.048798981 -0.03812655116)
(0.8126156305 -0.05006815294 -0.09374877158)
(0.812653129 -0.1502315251 -0.0315978182)
(0.8130411441 -0.0488418555 -0.03834045263)
(0.9192414754 -0.03576762191 -0.02411982307)
(-0.8126156305 0.05006933183 -0.09374512527)
(-0.9192414754 0.03576762191 -0.02411982307)
(-0.8130411441 0.0488418555 -0.03834045263)
(-0.812653129 0.1502317389 -0.03159443515)
(0.8130175519 0.048798981 -0.03812655116)
(0.9192268974 0.03575332066 -0.0240484744)
(0.8126522411 0.1502303646 -0.03124600798)
(-0.4370431658 0.2442536289 -0.02768241253)
(-0.31198673 0.2434009443 -0.0274885026)
(0.3119867661 0.2434012708 -0.02747675226)
(0.4370431673 0.2442536383 -0.02752506043)
(-0.4370431691 -0.2442536555 0.02768242349)
(-0.3119867866 -0.2434013149 0.02748870531)
(0.311986768 -0.2434012847 0.02747673792)
(0.4370431675 -0.24425364 0.02752504981)
(-0.8126531302 -0.1502315269 0.03160370683)
(-0.9192616206 -0.03578738474 0.02421841948)
(-0.8130417895 -0.04884302843 0.03834630433)
(-0.8126156334 -0.05006815449 0.09378208827)
(0.8130177997 -0.04879943128 0.0381287976)
(0.9192467598 -0.035772806 0.02414568641)
(0.8126153748 -0.05007891436 0.09377745669)
(-0.8130177997 0.04879943128 0.0381287976)
(-0.8126522413 0.1502303649 0.03125512608)
(-0.8126153748 0.05008009062 0.09378109476)
(0.9192616206 0.03578738474 0.02421841948)
(0.8126531302 0.1502317407 0.03160360909)
(0.8126156334 0.05006933338 0.0937806886)
(-0.3119867845 0.2434012676 0.02747693043)
(0.4370431638 0.2442536249 0.02768242183)
(-0.8750022257 -0.1999458597 -0.2497578735)
(-1.000040143 -0.09998975138 -0.2499252465)
(-1.000061531 -0.1999787024 -0.1874365351)
(0.875002225 -0.1999469122 -0.2497606048)
(1.000040143 -0.09999177377 -0.249930193)
(1.000061531 -0.1999809519 -0.1874447524)
(-0.8750143601 1.672923584e-06 -0.2497146207)
(-1.000040143 0.09999349249 -0.249924622)
(-1.000142407 6.519086769e-06 -0.1875298636)
(0.8750143593 -6.230202207e-07 -0.2497167189)
(1.000040143 0.09999146997 -0.2499275475)
(1.000142407 -6.277296543e-07 -0.1875406346)
(-0.8750022256 0.1999475069 -0.2497578427)
(-1.000061531 0.1999832407 -0.1874329896)
(0.875002225 0.1999464537 -0.249758497)
(1.000061531 0.199980991 -0.18743873)
(-0.8750096752 -0.3999303254 -0.1248569576)
(-1.000064646 -0.2999800077 -0.1249517477)
(-1.000048202 -0.3999980625 -0.06246934277)
(0.875009675 -0.3999306574 -0.1248642701)
(1.000064646 -0.2999812535 -0.1249586577)
(1.000048202 -0.3999983874 -0.06247179808)
(-1.125159602 -0.2000150759 -0.1249789258)
(-1.250202718 -0.1000163928 -0.124935837)
(-1.250206765 -0.200030921 -0.06240425108)
(1.125159602 -0.2000175344 -0.1250032529)
(1.250202718 -0.1000189663 -0.1249646677)
(1.250206765 -0.2000320779 -0.06243896598)
(-1.125436405 1.580288949e-05 -0.1249551787)
(-1.250202718 0.1000284422 -0.1249340817)
(-1.250567278 1.814837091e-05 -0.06214375955)
(-0.8125416734 -3.810465725e-06 -0.1243139612)
(0.8125416734 5.185561211e-06 -0.1243165337)
(1.125436405 6.178700535e-06 -0.124994018)
(1.250202718 0.1000258687 -0.1249478378)
(1.250567278 1.362723603e-05 -0.06219732286)
(-1.125159602 0.200023731 -0.1249715132)
(-1.250206765 0.2000407927 -0.06239710993)
(-1.000064646 0.2999831732 -0.1249425694)
(1.125159602 0.2000212726 -0.124984647)
(1.000064646 0.2999819273 -0.1249530625)
(1.250206765 0.2000396358 -0.06241238637)
(-0.8750096751 0.3999310377 -0.1248596751)
(-1.000048203 0.3999994568 -0.06245917097)
(0.8750096749 0.3999307055 -0.1248571606)
(1.000048203 0.3999991318 -0.06246992153)
(-0.8750516972 -0.4000179123 7.905307904e-06)
(-1.000145366 -0.3000595706 3.715387982e-05)
(-1.000048203 -0.399998387 0.06250134156)
(0.875051697 -0.4000179121 4.438517916e-06)
(1.000145366 -0.3000595706 3.94503724e-05)
(1.000048203 -0.3999980619 0.06249888597)
(-1.125448396 -0.2000915128 0.000261348232)
(-1.250592249 -0.1000823363 0.0004389702791)
(-1.250206765 -0.2000320779 0.06268305586)
(-0.8129020685 -0.2011234507 0.0003072405949)
(-0.5002145449 -0.2499940311 0.0006715144109)
(0.5002145439 -0.2499940295 -0.000671522332)
(0.8129020685 -0.2011234507 -0.0003000870352)
(1.125448396 -0.2000915128 0.0001804586255)
(1.250592249 -0.1000823363 0.0003366671683)
(1.250206765 -0.200030921 0.06264834098)
(-1.127372459 8.278705968e-05 0.002427483903)
(-1.250592249 0.100109907 0.0004432932104)
(-1.250567293 1.362760557e-05 0.06311123066)
(-1.002786426 0.0001643728761 -0.02874226909)
(-0.9765285291 -0.03446726539 0.000855212312)
(-0.9484838562 -0.0004548549568 0.02099157386)
(-0.9765285226 0.03446726113 0.0008552111937)
(-1.003534055 0.0001223056764 0.0372806047)
(1.127372459 8.27870596e-05 0.002241468373)
(1.002786426 9.643194292e-05 -0.02884289149)
(0.9765285226 -0.03446726113 -0.0008552111937)
(0.9481313979 -0.0003829595753 -0.0190450007)
(0.9765285291 0.03446726539 0.000855212312)
(1.003534055 0.0002084758964 0.03715298422)
(1.250592249 0.100109907 0.0004098133085)
(1.250567293 1.814886252e-05 0.06305766589)
(-1.125448396 0.2001073962 0.0002918647257)
(-1.250206765 0.2000396358 0.06269019702)
(-1.000145366 0.3000623441 7.891003817e-05)
(-0.8129020685 0.2011237112 -0.0002945734663)
(-0.5002145441 0.2499940239 -0.0006715085037)
(0.5002145433 0.2499940239 0.0006715177078)
(0.8129020685 0.2011237112 0.0003071406689)
(1.125448396 0.2001073962 0.0002495857017)
(1.000145366 0.3000623441 3.564242763e-05)
(1.250206765 0.2000407927 0.06267492058)
(-0.8750516972 0.4000183605 1.189975158e-05)
(-1.000048202 0.3999991321 0.06251151342)
(0.875051697 0.4000183605 7.704971572e-06)
(1.000048202 0.3999994571 0.0625007626)
(-0.875009675 -0.3999306466 0.1248750595)
(-1.000064646 -0.2999812531 0.1250119566)
(0.8750096749 -0.3999303139 0.1248677441)
(1.000064646 -0.2999800071 0.1250050465)
(-1.125159602 -0.2000175344 0.1251767472)
(-1.250202718 -0.1000189663 0.1252332286)
(-1.000061531 -0.1999809523 0.1875088993)
(1.125159602 -0.2000150759 0.1251524203)
(1.000061531 -0.1999787026 0.1875006835)
(1.250202718 -0.1000163928 0.125204398)
(-1.125436444 6.179223765e-06 0.1256280651)
(-1.250202718 0.1000258687 0.125234984)
(-1.000142416 -6.281982379e-07 0.1877109118)
(-0.8125416739 5.185929488e-06 0.1243563212)
(0.8125416739 -3.811125505e-06 0.1243537504)
(1.125436444 1.580423872e-05 0.1255892226)
(1.000142416 6.518969375e-06 0.1877001424)
(1.250202718 0.1000284421 0.1252212279)
(-1.125159602 0.2000212725 0.1251841599)
(-1.000064646 0.2999819275 0.1250211353)
(-1.000061531 0.1999809905 0.1875124454)
(1.125159602 0.200023731 0.1251710261)
(1.000064646 0.2999831734 0.1250106418)
(1.000061531 0.1999832401 0.1875067056)
(-0.8750096752 0.3999307157 0.1248723428)
(0.8750096749 0.3999310479 0.1248748544)
(-0.8750022256 -0.199946915 0.2497772392)
(-1.000040143 -0.09999177464 0.2499789977)
(0.875002225 -0.1999458619 0.2497745135)
(1.000040143 -0.09998975223 0.2499740542)
(-0.87501436 -6.266302326e-07 0.2497471275)
(-1.000040143 0.09999146905 0.2499796226)
(0.8750143593 1.669090447e-06 0.2497450412)
(1.000040143 0.09999349144 0.2499766994)
(-0.8750022257 0.1999464509 0.2497772707)
(0.8750022249 0.1999475038 0.2497766204)
(-0.8125250896 -0.0999160162 -0.1243022752)
(-0.8124308389 -0.1994803928 -0.06180503509)
(-0.4999259636 -0.248304797 -0.0606535852)
(0.4999259613 -0.2483048495 -0.0609561965)
(0.8125250959 -0.09991554801 -0.1243080347)
(0.8124308176 -0.1994803665 -0.0619014777)
(-0.812525096 0.09991664249 -0.1243035957)
(-0.812888037 -9.001642192e-05 -0.0655835641)
(0.8125250896 0.09991711027 -0.1243033485)
(0.812888037 9.07060888e-05 -0.06558472335)
(-0.8124308176 0.1994808048 -0.06189551972)
(-0.4999259616 0.2483048415 -0.06095618517)
(0.4999259622 0.2483047956 -0.06065357719)
(0.8124308389 0.1994808309 -0.06180525037)
(-0.3121099369 -0.2946424476 1.253411798e-05)
(0.3121098848 -0.294642445 -1.305266631e-05)
(-0.8158824481 -0.111536492 0.00352405768)
(-0.8124308175 -0.1994803664 0.06191355675)
(-0.3743319163 -0.2417655298 2.697145139e-05)
(-0.4999259623 -0.2483048495 0.06095619128)
(0.3743319104 -0.2417655282 -2.70302507e-05)
(0.4999259612 -0.2483047869 0.06065356559)
(0.8158824452 -0.1115364808 -0.003524054721)
(0.8124308389 -0.1994803927 0.06181711076)
(-0.8158824452 0.1115364808 -0.003524054721)
(-0.8128887421 9.087094681e-05 0.06561019676)
(0.8158824481 0.111536492 0.00352405768)
(0.8128887421 -9.018002847e-05 0.06560903546)
(-0.8124308389 0.1994808308 0.06182306722)
(-0.374331912 0.2417654969 -2.695695623e-05)
(-0.4999259622 0.2483047857 0.06065358371)
(-0.3121099281 0.2946423718 -1.249659584e-05)
(0.3743319063 0.2417654969 2.700897312e-05)
(0.3121098762 0.2946423719 1.30050442e-05)
(0.4999259594 0.2483048317 0.06095619169)
(0.8124308175 0.1994808046 0.06191334157)
(-0.8125250957 -0.09991554765 0.1243387286)
(0.8125250897 -0.09991601648 0.1243329677)
(-0.8125250898 0.09991711037 0.1243374049)
(0.8125250958 0.09991664179 0.1243376566)
(-0.3121915748 -0.2957645134 -0.05968041652)
(-0.3745494184 -0.2445493438 -0.05796069788)
(0.3121915265 -0.2957646672 -0.05970052296)
(0.3745494082 -0.2445494504 -0.05800221536)
(-0.8127826151 -0.1006332224 -0.06404202514)
(0.8127855302 -0.1006362488 -0.06407156442)
(-0.8127855302 0.1006367512 -0.06406859275)
(-0.3745494044 0.2445493502 -0.05800210402)
(0.37454941 0.2445493394 -0.05796062905)
(0.8127826151 0.1006337197 -0.06404241866)
(-0.3121915071 0.2957640796 -0.05969973379)
(0.3121915269 0.2957645091 -0.05967997684)
(-0.3121915733 -0.2957646759 0.0597000774)
(-0.374549416 -0.2445494529 0.05800214381)
(0.3121915274 -0.2957645118 0.05967995717)
(0.3745494084 -0.2445493276 0.05796059814)
(-0.8127855375 -0.1006362649 0.06408560474)
(0.8127826179 -0.1006332286 0.06405589791)
(-0.8127826179 0.1006337259 0.0640588393)
(-0.3745494156 0.2445493208 0.05796067563)
(0.3745493946 0.244549332 0.05800215132)
(0.8127855375 0.1006367674 0.06408520725)
(-0.3121915732 0.2957644936 0.0596804117)
(0.3121914599 0.2957640646 0.05970016876)
(-0.437238345 -0.2965721966 -0.05999487661)
(-0.3746006999 -0.2949043138 -0.02898197672)
(0.4372383373 -0.2965722737 -0.06012627413)
(0.3746006831 -0.2949043572 -0.02905068631)
(-0.8752351423 -0.1001477491 -0.09449560647)
(-0.8752172863 -0.1502189234 -0.0629873489)
(-0.9377804508 -0.09991802729 -0.06345178872)
(-0.8756556604 -0.05049459002 -0.06564442029)
(-0.8586277028 -0.08246733419 -0.02203793084)
(0.8752370443 -0.100157577 -0.09451400327)
(0.8752194729 -0.1502240818 -0.06296675684)
(0.9377827121 -0.09993128127 -0.06350123624)
(0.8756892666 -0.05054717685 -0.0658139447)
(0.8586490046 -0.08253081588 -0.02217685898)
(-0.8752370443 0.1001607157 -0.0944994862)
(-0.8756892666 0.05054987317 -0.06580455434)
(-0.9377827121 0.09994003637 -0.06344304512)
(-0.8752194729 0.1502258949 -0.06294827409)
(-0.8586490046 0.08253081588 -0.02217685898)
(0.8752351423 0.1001508626 -0.09449835136)
(0.8756556604 0.05049715488 -0.06564699943)
(0.9377804508 0.09992671236 -0.0634579647)
(0.8752172863 0.1502207184 -0.06298839562)
(0.8586277028 0.08246733419 -0.02203793084)
(-0.4372383369 0.2965722142 -0.06012618742)
(-0.3746006857 0.2949042468 -0.02905047105)
(0.4372383381 0.2965721918 -0.0599948245)
(0.3746006816 0.2949042934 -0.02898183517)
(-0.3746006992 -0.2949043601 0.02905053098)
(-0.4372383435 -0.2965722766 0.06012622152)
(0.3746006833 -0.2949043081 0.0289818119)
(0.4372383375 -0.2965721864 0.059994806)
(-0.8586491529 -0.08253125765 0.02217782576)
(-0.8752194779 -0.1502240869 0.06301691423)
(-0.9377832466 -0.09993115135 0.06374685962)
(-0.8756916969 -0.05054910619 0.0659016109)
(-0.8752370521 -0.1001575822 0.09460177691)
(0.8586277028 -0.08246733419 0.02203793084)
(0.8752172884 -0.1502189256 0.06303700036)
(0.9377809813 -0.09991787224 0.06369537058)
(0.8756570228 -0.05049561771 0.06572312626)
(0.8752351466 -0.1001477518 0.0945826643)
(-0.8586277028 0.08246733419 0.02203793084)
(-0.8756570228 0.05049818789 0.06573207733)
(-0.9377809813 0.09992657373 0.06375320545)
(-0.8752172884 0.1502207206 0.0630552992)
(-0.8752351466 0.1001508654 0.09459706505)
(0.8586491529 0.08253125765 0.02217782576)
(0.8756916969 0.05055181202 0.06589889004)
(0.9377832466 0.099939923 0.06374062211)
(0.8752194779 0.1502259 0.063015857)
(0.8752370521 0.1001607209 0.09459901005)
(-0.3746006969 0.2949042863 0.02898197945)
(-0.4372383431 0.2965721787 0.05999487101)
(0.3746006692 0.2949042399 0.02905061557)
(0.4372383295 0.2965722014 0.0601262344)
(-0.8752048583 -0.05004089732 -0.1254025546)
(-0.8752051108 0.05005571233 -0.1254024722)
(-0.8754100936 2.457320182e-05 -0.0953708415)
(-1.001385693 -0.05034804085 -0.06281545328)
(-0.9382500165 8.045507416e-05 -0.06508834269)
(-1.001387304 0.050432951 -0.06281170036)
(0.8752051108 -0.05005211107 -0.1254131284)
(0.8752048583 0.05004449412 -0.1254069803)
(0.8754100936 -1.988531922e-05 -0.09537876894)
(1.001387304 -0.05037994058 -0.06305032259)
(0.9382500165 -6.407562214e-05 -0.06510891991)
(1.001385693 0.05040098973 -0.06285593028)
(-0.4999348567 -0.2983222632 -0.03014497875)
(-0.4372137871 -0.2960361177 0.0001178754497)
(-0.4999348562 -0.2983222841 0.03054506049)
(0.499934854 -0.2983222827 -0.03054507387)
(0.4372137811 -0.2960361149 -0.0001179338666)
(0.499934854 -0.2983222584 0.03014495896)
(-0.8752828199 -0.2004437101 -0.03130067814)
(-0.8769646126 -0.1543451255 -0.0007317363164)
(-0.8752836006 -0.2004456158 0.03126055798)
(-1.001163881 -0.1001300275 -0.03118765093)
(-0.9161124271 -0.07612440391 3.264378852e-18)
(-1.001172205 -0.1001395243 0.03240009828)
(0.8752835994 -0.2004456139 -0.03122815737)
(0.8769646042 -0.1543451069 0.0007505449765)
(0.8752828202 -0.2004437106 0.03133298982)
(1.001166604 -0.1001388577 -0.03153444156)
(0.9161124359 -0.07612442213 3.345394934e-18)
(1.001169476 -0.1001306527 0.03204963074)
(-0.8717620539 0.0001919198848 -0.03588922398)
(-0.8718067978 -0.0002010468617 0.03613633761)
(-1.001166604 0.1001700111 -0.03116616969)
(-0.9161124359 0.07612442213 -3.329362674e-19)
(-1.001169476 0.1001618827 0.03241880916)
(-1.001406621 -0.05038523085 0.06455432082)
(-0.9382878426 -6.730718316e-05 0.06572795364)
(-1.001405004 0.05040657782 0.06455613174)
(0.8717620539 -0.0001919198848 -0.03588922398)
(0.8718067978 0.0002010468617 0.03613633761)
(1.001163881 0.1001611082 -0.03120429317)
(0.9161124271 0.07612440391 -1.787860889e-19)
(1.001172205 0.1001708272 0.03238333703)
(1.001405004 -0.05035289107 0.06431446504)
(0.9382878426 8.45127098e-05 0.06570633865)
(1.001406621 0.05043897939 0.06451323252)
(-0.8752835994 0.2004467914 -0.03120826178)
(-0.8769646042 0.1543457908 0.0007644952868)
(-0.8752828202 0.2004448849 0.0313528308)
(-0.4999348542 0.2983222659 -0.03054503864)
(-0.4372137839 0.2960360898 -0.0001178626838)
(-0.4999348555 0.2983222525 0.03014499124)
(0.4999348539 0.2983222572 -0.03014496362)
(0.4372137782 0.2960360899 0.0001179142446)
(0.4999348516 0.2983222613 0.03054506635)
(0.8752828199 0.2004448843 -0.0313011965)
(0.8769646126 0.1543458094 -0.0007320317919)
(0.8752836006 0.2004467933 0.03126003823)
(-0.8754109609 -1.992731548e-05 0.09551734986)
(-0.8752051159 -0.05005211226 0.1255150729)
(-0.8752048622 0.05004449503 0.1255150148)
(0.8754109609 2.462507566e-05 0.09550940593)
(0.8752048622 -0.05004089825 0.125504372)
(0.8752051159 0.05005571349 0.1255106423)
(-0.875008583 -0.09996466398 -0.249717894)
(0.8750085824 -0.09996633102 -0.2497206358)
(-0.875008583 0.09996718645 -0.2497178003)
(0.8750085824 0.09996551903 -0.2497190517)
(-0.8750145491 -0.1999161048 -0.1872025501)
(-0.8750191948 -0.2999023785 -0.1247731102)
(0.8750145488 -0.1999177519 -0.1872074854)
(0.8750191947 -0.2999032133 -0.1247815046)
(-1.000106068 -0.09999525661 -0.1874941629)
(-1.125318843 -0.1000337777 -0.1249868577)
(-0.8750602943 3.827530816e-06 -0.1872531731)
(-0.8125315113 -0.04995823431 -0.1242416839)
(1.000106068 -0.09999973409 -0.1875068821)
(0.875060294 -1.679247601e-06 -0.1872573116)
(0.8125315186 -0.04995514545 -0.1242458173)
(1.125318843 -0.1000395969 -0.1250343025)
(-1.000106068 0.1000037449 -0.1874925461)
(-1.125318843 0.1000532857 -0.1249836292)
(-0.8750145491 0.1999187734 -0.187201964)
(-0.8125315186 0.04995641871 -0.1242420491)
(1.000106068 0.09999926733 -0.1874990046)
(0.8750145488 0.1999171258 -0.1872035146)
(0.8125315113 0.04995950722 -0.1242432898)
(1.125318843 0.1000474665 -0.1250025881)
(-0.8750191949 0.2999039943 -0.1247739855)
(0.8750191948 0.2999031591 -0.1247736053)
(-0.8750254181 -0.3999551412 -0.06240330646)
(0.8750254179 -0.3999553584 -0.06241216275)
(-1.000103915 -0.3000078552 -0.06247868608)
(-1.12531762 -0.200052466 -0.06240848271)
(-0.8751629883 -0.3002303372 -7.834247658e-06)
(-0.8125144075 -0.1997500445 -0.03063197457)
(1.000103915 -0.3000087996 -0.06248506652)
(0.8751629883 -0.3002303371 3.031992833e-05)
(0.8125144179 -0.199749978 -0.03085847965)
(1.12531762 -0.200054881 -0.06246202405)
(-1.250414233 -0.1000471753 -0.06228446787)
(-1.126226766 4.222000076e-05 -0.06185763906)
(-1.126316931 -0.1003020758 0.0008471538952)
(-1.002615519 -0.05113833227 -0.03082243502)
(0.8126018358 -0.1000795436 -0.093669407)
(0.8125079955 -0.1497020956 -0.06241633694)
(1.250414233 -0.100049919 -0.06235025908)
(1.126226766 2.706580625e-05 -0.06196850714)
(1.126316931 -0.1003020758 0.0005571731434)
(1.002624993 -0.05116184091 -0.03146284885)
(-1.250414233 0.1000693899 -0.06228126962)
(-1.12531762 0.2000669207 -0.06239079873)
(-1.126316931 0.1003524874 0.0008563451036)
(-1.002624993 0.05123208842 -0.03081799292)
(-0.8753673185 0.05019154075 -0.0951008895)
(-0.9381009717 0.05028460141 -0.06437662954)
(0.8126425787 2.13830362e-05 -0.09401614288)
(0.8753640164 0.05017117713 -0.09509400667)
(0.8126016311 0.1000824952 -0.09366238329)
(0.8128207383 0.05046496167 -0.06469006625)
(1.250414233 0.1000666461 -0.06230681313)
(1.12531762 0.2000645056 -0.06241815947)
(1.126316931 0.1003524874 0.0008077240774)
(1.002615519 0.05120832627 -0.03085484188)
(-1.000103915 0.3000113487 -0.0624573368)
(-0.8750254182 0.3999557982 -0.06240581873)
(-0.8751629883 0.3002311535 4.401341367e-05)
(-0.812514418 0.1997502972 -0.0308527228)
(-0.4371447275 0.2455688438 -0.05872129842)
(0.312102051 0.2447914072 -0.05824289584)
(1.000103915 0.3000104042 -0.062480176)
(0.8750254181 0.3999555809 -0.06240351519)
(0.8751629883 0.3002311535 -8.216244603e-06)
(0.8125144075 0.1997503634 -0.03063210674)
(-0.8750254182 -0.3999553562 0.06242433972)
(0.8750254181 -0.3999551387 0.06241548247)
(-1.000103915 -0.3000087995 0.06255557323)
(-1.12531762 -0.2000548811 0.06279767416)
(-0.8750191948 -0.2999032115 0.1248031828)
(-0.8125144179 -0.199749978 0.03086725323)
(-0.4371995046 -0.2959753218 0.02942492707)
(0.3121313713 -0.2949466031 0.0290880918)
(1.000103915 -0.3000078551 0.06254919271)
(0.8125144075 -0.1997500444 0.03064074191)
(0.8750191948 -0.299902376 0.124794788)
(1.12531762 -0.200052466 0.06274413284)
(-1.250414233 -0.100049919 0.06289977914)
(-1.126228147 2.709627148e-05 0.06395693379)
(-1.125318843 -0.1000395969 0.1254206574)
(-1.00273582 -0.05121089391 0.03348799258)
(-0.8754358992 -0.1508738397 0.03155132294)
(-0.9372144234 -0.09901328841 0.03206871354)
(0.8138847252 -0.1547590515 -0.001059370687)
(0.875426672 -0.1508546098 0.03173793301)
(0.8117735248 -0.08827427981 0.02657778666)
(0.8125079742 -0.1497033556 0.06233940357)
(1.250414233 -0.1000471753 0.06283398794)
(1.126228147 4.226752197e-05 0.06384594094)
(1.125318843 -0.1000337777 0.1253732127)
(1.00272623 -0.05118651626 0.03281342689)
(-1.250414233 0.1000666461 0.06290297739)
(-1.00272623 0.051259473 0.03348315288)
(-1.12531762 0.2000645055 0.06281535817)
(-1.125318843 0.1000474665 0.1254238859)
(-0.9321404733 0.04856559137 -0.01586679527)
(-0.9212452513 -0.0001577613968 0.02734775431)
(-0.8742371543 0.04835228282 0.02939310451)
(-0.9372212227 0.09903848531 0.03206635412)
(-0.9381028777 0.05024805483 0.06474233385)
(0.8153208728 -0.0002566505648 0.0423694026)
(0.8744938797 0.04860413526 0.03064959163)
(0.8117937923 0.0883346788 0.02670996838)
(0.8128253066 0.05044716667 0.06473970779)
(1.250414233 0.1000693899 0.06287743389)
(1.12531762 0.2000669206 0.06278799742)
(1.125318843 0.1000532857 0.125404927)
(1.00273582 0.05128410729 0.03345409516)
(-1.000103915 0.3000104042 0.06257692261)
(-0.8750254181 0.3999555828 0.06242182763)
(-0.8750191948 0.2999031603 0.1248023085)
(-0.8125144075 0.1997503634 0.0306464947)
(-0.4371171612 0.2449067027 -0.000123883139)
(-0.5000246373 0.2486890709 0.0299693491)
(-0.3744029006 0.2427656185 0.02702613858)
(-0.4371995033 0.2959752818 0.02924060397)
(-0.4371447303 0.2455687933 0.05860087861)
(0.3119368442 0.2426903359 6.62301622e-06)
(0.3744028839 0.2427655609 0.02706978557)
(0.3121313433 0.2949464197 0.02911168824)
(0.3121020021 0.2447911788 0.05825610789)
(0.5000246355 0.2486890767 0.03058958068)
(1.000103915 0.3000113487 0.06255408325)
(0.8750254179 0.3999558001 0.06242413031)
(0.8750191946 0.2999039954 0.1248026874)
(0.8125144179 0.1997502971 0.03086712101)
(-0.875014549 -0.199917753 0.1872360573)
(0.8750145488 -0.1999161055 0.1872311264)
(-1.000106068 -0.09999973438 0.1876203021)
(-0.8750602945 -1.680741129e-06 0.1873195553)
(-0.8750085829 -0.09996633379 0.249744859)
(-0.8125315184 -0.04995514501 0.1242818891)
(1.000106068 -0.09999525693 0.187607585)
(0.8750602942 3.825637742e-06 0.1873154257)
(0.8750085824 -0.09996466664 0.2497421267)
(0.8125315114 -0.04995823474 0.1242777528)
(-1.000106068 0.09999926695 0.1876219194)
(-0.8750145491 0.1999171243 0.1872366452)
(-0.875008583 0.09996551614 0.2497449539)
(-0.8125315114 0.04995950754 0.1242815194)
(1.000106068 0.1000037444 0.1876154622)
(0.8750145487 0.1999187716 0.1872350963)
(0.8750085823 0.09996718323 0.2497437098)
(0.8125315185 0.04995641811 0.1242802841)
(-0.5000246381 -0.2486890781 -0.02996934768)
(-0.4371447325 -0.2455688106 -0.05860089525)
(-0.3121020748 -0.2447914109 -0.05824311236)
(-0.4371995053 -0.2959753001 -0.0292406033)
(-0.3121314191 -0.2949466064 -0.02908856611)
(-0.3744029026 -0.2427656348 -0.02702613952)
(-0.437117163 -0.2449067171 0.0001238879955)
(-0.3119368728 -0.2426904038 6.471518717e-06)
(0.3121020514 -0.2447915613 -0.05825633576)
(0.4371447282 -0.2455688743 -0.058721326)
(0.3121313711 -0.2949466492 -0.02911182259)
(0.4371994997 -0.2959753202 -0.02942497415)
(0.3744028965 -0.2427656527 -0.02706983834)
(0.3119368536 -0.2426904026 -6.662989554e-06)
(0.5000246369 -0.2486890894 -0.03058958687)
(0.4371171612 -0.2449067155 -0.0001239065262)
(-0.8126016311 -0.1000814664 -0.09366144895)
(-0.8125079742 -0.1497033556 -0.06232563471)
(-0.8753640164 -0.05016720911 -0.09508950306)
(-0.938094489 -0.05023351211 -0.06435912366)
(-0.8128207383 -0.05046438832 -0.06468944125)
(-0.8126425787 -2.005598856e-05 -0.09401376145)
(-0.8754266624 -0.1508545905 -0.03171114055)
(-0.9372229038 -0.09904010341 -0.03189893334)
(-0.8117735165 -0.08827425498 -0.02657773232)
(-0.8138847254 -0.1547590523 0.001063465953)
(-0.8742371543 -0.04835228282 -0.02939310451)
(-0.9210713317 0.0001222848126 -0.02638722298)
(-0.9321407684 -0.04856606622 0.01586783447)
(-0.8153174359 -0.0002553518737 -0.04233424044)
(0.8753673185 -0.05018753672 -0.09511339046)
(0.8128251788 -0.05044640981 -0.06472309006)
(0.9381009717 -0.0502733893 -0.06441886446)
(0.8754358526 -0.1508737465 -0.03152393246)
(0.8117937444 -0.08833453615 -0.02670965618)
(0.937216143 -0.09901922981 -0.0319455052)
(0.8744817376 -0.04859222369 -0.03059016499)
(0.8153174359 0.0002553518737 -0.04233424044)
(0.9210713317 -0.0001222848126 -0.02638722298)
(0.9321404733 -0.04856559137 -0.01586679527)
(-0.8126018358 0.1000805745 -0.09366480873)
(-0.8128251788 0.0504469911 -0.06472111911)
(-0.8125079955 0.1497025949 -0.06241109369)
(-0.8744817376 0.04859222369 -0.03059016499)
(-0.937216143 0.09902351203 -0.03189732112)
(-0.8117937444 0.08833453615 -0.02670965618)
(-0.8754358526 0.1508747395 -0.03150887887)
(-0.8138847252 0.1547592005 -0.001056317211)
(0.938094489 0.05024460328 -0.06436905914)
(0.8125079742 0.1497038535 -0.06232592262)
(0.8742371543 0.04835228282 -0.02939310451)
(0.8117735165 0.08827425498 -0.02657773232)
(0.9372229038 0.09904428364 -0.03190121461)
(0.9321407684 0.04856606622 0.01586783447)
(0.8754266624 0.1508555626 -0.03171160205)
(0.8138847254 0.1547592013 0.001063405562)
(-0.5000246366 0.2486890804 -0.03058957513)
(-0.3121020249 0.2447911871 -0.05825589415)
(-0.3744028898 0.2427655655 -0.02706973992)
(-0.4371994991 0.2959752735 -0.02942490236)
(-0.312131391 0.2949464257 -0.02911123027)
(-0.3119368633 0.2426903359 -6.436681864e-06)
(0.4371447296 0.2455688073 -0.05860087499)
(0.3744028956 0.2427656232 -0.02702609309)
(0.3121313689 0.2949465818 -0.02908811549)
(0.4371994989 0.2959752875 -0.02924056439)
(0.500024637 0.2486890747 -0.02996934352)
(0.4371171596 0.2449067027 0.00012389596)
(-0.5000246376 -0.2486890898 0.03058958167)
(-0.3121314186 -0.2949466524 0.02911135519)
(-0.374402902 -0.2427656538 0.02706978431)
(-0.4371447306 -0.2455688751 0.05872130385)
(-0.3121020745 -0.2447915655 0.05825611598)
(0.4371994997 -0.2959752941 0.02924054787)
(0.3744028965 -0.24276563 0.02702607837)
(0.3121020518 -0.2447914079 0.05824288323)
(0.4371447282 -0.2455687968 0.05860085138)
(0.5000246369 -0.2486890737 0.02996933685)
(-0.8117937923 -0.0883346788 0.02670996838)
(-0.8125079954 -0.1497020954 0.06243014218)
(-0.8744938797 -0.04860413526 0.03064959163)
(-0.9381094471 -0.05027724486 0.0647639617)
(-0.8128253066 -0.05044658515 0.06474034163)
(-0.8153208728 0.0002566505648 0.0423694026)
(-0.8126018357 -0.1000795434 0.09369825023)
(-0.8753674784 -0.05018761826 0.09522698561)
(-0.8126426097 2.138786824e-05 0.09405451879)
(0.9372212227 -0.09903427972 0.03201903231)
(0.8742371543 -0.04835228282 0.02939310451)
(0.8128208122 -0.05046449527 0.06470609762)
(0.9381028777 -0.05023680716 0.06469996499)
(0.9212452513 0.0001577613968 0.02734775431)
(0.8126016311 -0.1000814665 0.09369023706)
(0.8753641286 -0.05016726068 0.09520188818)
(0.8126426097 -2.006057795e-05 0.09405213729)
(-0.8117735248 0.08827427981 0.02657778666)
(-0.8128208122 0.05046506875 0.06470804209)
(-0.875426672 0.1508555819 0.03175266953)
(-0.8125079742 0.1497038535 0.062344633)
(-0.8753641286 0.05017122992 0.09521428047)
(-0.8126016311 0.1000824953 0.09369482605)
(0.9372144234 0.09901759657 0.03206636246)
(0.9381094471 0.0502886151 0.06475377625)
(0.8754358992 0.1508748329 0.03155085146)
(0.8125079954 0.1497025947 0.06242985362)
(0.8753674784 0.05019162401 0.09522243939)
(0.8126018357 0.1000805742 0.0936973146)
(-0.312131416 0.2949465756 0.02908857332)
(-0.3121020742 0.2447913983 0.05824310927)
(0.4371994937 0.2959752679 0.02942494211)
(0.4371447234 0.2455688301 0.05872130255)
(-0.3749392833 -0.2992683674 -0.1865586659)
(-0.1249803485 -0.2994799107 -0.1869291998)
(0.1249799501 -0.2994820797 -0.186929939)
(0.3749392258 -0.2992703072 -0.1865681846)
(-0.3749392717 0.2992704279 -0.1865680361)
(-0.1249802653 0.2994828502 -0.1869288609)
(0.1249800348 0.2994806721 -0.1869281065)
(0.3749392361 0.2992684793 -0.1865585119)
(-0.3749484053 -0.4992467746 -0.06217764368)
(-0.1249801061 -0.4994401049 -0.06226100588)
(0.1249797403 -0.4994401582 -0.0622630245)
(0.374948353 -0.4992468226 -0.06219834853)
(-0.6871877463 -0.1488057828 -0.09020505889)
(0.5624004522 -0.1496824485 -0.09152492976)
(-0.9379710044 0.05014800715 -0.09492850584)
(-0.3749484043 0.4992468175 -0.06219783293)
(-0.1249801044 0.4994401817 -0.0622594674)
(0.1249797431 0.4994401241 -0.06225744602)
(0.3749483535 0.4992467739 -0.06217714279)
(-0.3749484047 -0.4992468274 0.062197852)
(-0.1249801034 -0.499440179 0.0622594639)
(0.1249797429 -0.4994401238 0.06225744316)
(0.3749483533 -0.4992467738 0.06217714135)
(-0.9376048585 -0.1498395233 0.03166176926)
(1.064865195 0.05073151102 0.03329281553)
(-0.6873935652 0.2495918312 0.0304290737)
(0.5626863906 0.2506313053 0.03152360283)
(-0.3749484048 0.4992467672 0.0621776569)
(-0.124980106 0.4994401027 0.06226100452)
(0.1249797413 0.4994401604 0.06226302598)
(0.3749483524 0.499246811 0.06219834731)
(-0.3749392738 -0.2992704495 0.186568109)
(-0.1249802646 -0.2994828639 0.1869288677)
(0.1249800354 -0.2994806897 0.1869281177)
(0.3749392375 -0.2992684879 0.1865585622)
(-0.3749392836 0.2992683688 0.1865587093)
(-0.1249803489 0.2994799266 0.1869292124)
(0.1249799521 0.2994821049 0.1869299641)
(0.3749392277 0.2992703186 0.1865682345)
(-0.5624004523 -0.1496820734 -0.09148536466)
(0.6871877464 -0.1488055869 -0.09022660288)
(-0.6871877466 0.148805613 -0.09022641765)
(-0.5624004532 0.149682458 -0.09152492938)
(0.5624004522 0.1496820752 -0.0914853675)
(0.6871877463 0.1488058077 -0.09020507657)
(-0.6871877459 -0.1488055854 0.09022728173)
(-0.5624004501 -0.1496824378 0.09152493621)
(0.562400451 -0.1496820573 0.09148539113)
(0.6871877464 -0.1488057813 0.0902057483)
(-0.6871877465 0.148805807 0.09020593632)
(-0.5624004523 0.1496820683 0.09148540956)
(0.5624004513 0.1496824485 0.09152494761)
(0.687187746 0.148805611 0.09022726673)
(-0.6873935653 -0.249591822 -0.03042855625)
(-0.5626863916 -0.2506313042 -0.03079615202)
(0.5626863911 -0.2506313092 -0.03152359289)
(0.6873935652 -0.2495918155 -0.03067839704)
(-0.9379701554 -0.05010598791 -0.09492848149)
(-0.9376043434 -0.1498381058 -0.03160887633)
(0.9379710044 -0.05013645122 -0.09496579582)
(0.9376048045 -0.1498396059 -0.03154201821)
(-0.9376048045 0.1498439414 -0.03147931507)
(0.9379701554 0.050117523 -0.09494068982)
(0.9376043434 0.1498424223 -0.03161102017)
(-0.6873935652 0.2495918255 -0.03067814844)
(-0.5626863911 0.2506313076 -0.03152357488)
(0.5626863912 0.2506313033 -0.03079615127)
(0.6873935652 0.2495918318 -0.03042855952)
(-0.6873935652 -0.2495918156 0.03067866556)
(-0.5626863913 -0.2506313094 0.03152360346)
(0.562686391 -0.2506313014 0.0307961596)
(0.6873935652 -0.2495918215 0.03042882443)
(-0.9379720711 -0.05013676024 0.09529439346)
(0.9376043968 -0.1498380229 0.03172813406)
(0.9379712184 -0.05010622757 0.09525640173)
(-0.9376043968 0.1498423416 0.0317905933)
(-0.9379712184 0.05011778873 0.09529370861)
(0.9376048585 0.1498438611 0.03165961484)
(0.9379720711 0.05014834233 0.09528213548)
(-0.5626863912 0.250631301 0.03079617958)
(0.6873935651 0.2495918249 0.03067866232)
(-1.064849484 -0.0506126691 -0.03015690565)
(1.064850057 -0.05062830963 -0.03061231747)
(-1.064850057 0.05072682903 -0.03015344732)
(1.064849484 0.05071116449 -0.03023105543)
(-1.064865195 -0.050632357 0.03336746115)
(1.06486462 -0.05061661618 0.03290844456)
(-1.06486462 0.05071574612 0.03337015841)
(-0.3749771126 -0.3997144395 -0.2496407626)
(-0.4999711929 -0.2997477716 -0.2495330925)
(-0.4999680308 -0.3996416024 -0.1870334066)
(-0.1249911473 -0.3997598076 -0.2497419399)
(-0.249977499 -0.2996570343 -0.2495727062)
(-0.2499688611 -0.3994858999 -0.1869766312)
(0.1249909705 -0.3997605885 -0.2497424315)
(-2.098577514e-07 -0.2997587415 -0.2497577927)
(-1.68320105e-07 -0.3996446028 -0.1871459491)
(0.3749770745 -0.3997152745 -0.2496446317)
(0.2499773459 -0.2996593901 -0.2495742063)
(0.249968748 -0.3994869156 -0.1869799092)
(0.4999711721 -0.2997488184 -0.2495401063)
(0.4999680165 -0.3996420446 -0.1870490322)
(-0.4999711881 0.2997488732 -0.2495400199)
(-0.2499774723 0.2996597767 -0.2495740161)
(-1.238146107e-07 0.2997597491 -0.2497571619)
(0.249977375 0.29965741 -0.2495724972)
(0.4999711741 0.2997478199 -0.2495330481)
(-0.3749771061 0.3997153523 -0.2496445084)
(-0.499968029 0.399642076 -0.1870489378)
(-0.1249911185 0.3997609403 -0.2497419024)
(-0.2499688473 0.3994870851 -0.1869793788)
(0.1249909999 0.3997601552 -0.2497414037)
(-1.20712147e-07 0.3996450321 -0.1871442163)
(0.3749770791 0.3997145112 -0.2496406383)
(0.2499687636 0.3994860568 -0.1869760846)
(0.4999680189 0.3996416299 -0.1870333522)
(-0.3749811829 -0.599719129 -0.1248327521)
(-0.4999742217 -0.4996481649 -0.1247194793)
(-0.4999845131 -0.599767589 -0.06240180659)
(-0.1249917046 -0.5997582298 -0.1248572304)
(-0.2499699409 -0.4994736047 -0.124647332)
(-0.2499806358 -0.599649182 -0.06237630542)
(0.1249915629 -0.5997582755 -0.1248582412)
(-1.651997931e-07 -0.4996337476 -0.1247442686)
(-1.361006798e-07 -0.5997471478 -0.06240706997)
(0.3749811527 -0.5997191762 -0.124839794)
(0.2499698312 -0.4994737882 -0.1246523161)
(0.2499805385 -0.5996492067 -0.06238057461)
(0.4999742082 -0.4996482392 -0.1247413669)
(0.4999845002 -0.5997676 -0.06241862434)
(-0.687325691 -0.1993380705 -0.1229698152)
(-0.749784399 -0.1492477749 -0.1227454259)
(-0.7497375854 -0.1989862384 -0.09174129848)
(-0.5624040458 -0.1994664558 -0.1230888235)
(0.5624040437 -0.1994669743 -0.1231438482)
(0.6873256909 -0.1993380802 -0.1229999744)
(0.7497843992 -0.1492473855 -0.1227584221)
(0.7497375854 -0.1989860974 -0.09178046816)
(-1.000418174 -0.05004707715 -0.1254847523)
(-0.9378474039 1.881219344e-05 -0.1257413576)
(-1.000418179 0.05008148335 -0.1254828551)
(-1.000816372 4.075247182e-05 -0.09433527002)
(1.000418179 -0.05006643223 -0.1255287129)
(0.9378474039 -8.880416777e-06 -0.1257585501)
(1.000418174 0.05006212811 -0.1255018894)
(1.000816372 -6.854848315e-07 -0.09438879822)
(-0.7497843993 0.1492475146 -0.1227576251)
(-0.6873256914 0.1993381477 -0.1229994499)
(-0.7497375855 0.1989861837 -0.09177964009)
(-0.5624040462 0.199466995 -0.1231438261)
(0.5624040447 0.199466463 -0.1230888268)
(0.749784399 0.1492479031 -0.1227455296)
(0.6873256909 0.1993381355 -0.1229698593)
(0.7497375854 0.1989863238 -0.09174135175)
(-0.499974221 0.499648238 -0.1247412118)
(-0.2499699389 0.4994738206 -0.1246513353)
(-1.548181507e-07 0.4996338232 -0.1247412843)
(0.2499698347 0.4994736297 -0.1246463454)
(0.4999742088 0.4996481645 -0.1247193677)
(-0.3749811824 0.5997191788 -0.1248395047)
(-0.4999845128 0.5997675987 -0.06241846432)
(-0.1249917027 0.5997582964 -0.1248569082)
(-0.2499806359 0.5996492118 -0.06237962307)
(0.1249915652 0.5997582493 -0.1248558966)
(-1.350861454e-07 0.5997471584 -0.06240440113)
(0.3749811532 0.5997191321 -0.1248324714)
(0.249980539 0.5996491849 -0.06237535504)
(0.4999845003 0.5997675884 -0.06240168516)
(-0.374973986 -0.5996017703 6.206935666e-06)
(-0.4999693874 -0.499491809 2.976866965e-05)
(-0.4999845129 -0.5997676007 0.06241853526)
(-0.1249888761 -0.5996796639 -4.705587947e-07)
(-0.2499521987 -0.4991479065 3.724755405e-06)
(-0.2499806354 -0.5996492121 0.06237962458)
(0.1249886238 -0.5996796634 -2.031999023e-06)
(-4.715421738e-07 -0.4994982423 -4.683126397e-06)
(-1.349806547e-07 -0.5997471589 0.06240440037)
(0.3749739423 -0.5996017691 -6.633053613e-06)
(0.2499520021 -0.4991479049 -5.671144561e-06)
(0.2499805389 -0.5996491851 0.0623753531)
(0.4999693691 -0.4994918073 -2.990352438e-05)
(0.4999845002 -0.5997675873 0.06240171528)
(-1.000289915 -0.2000253213 -0.0313199382)
(-0.9377095828 -0.2001774147 -3.08307798e-05)
(-1.000539872 -0.1499015876 0.0001850402487)
(-1.00028993 -0.2000272582 0.03151592221)
(-0.7498443278 -0.2493973799 9.262411768e-05)
(0.7498443278 -0.2493973798 -9.168885817e-05)
(1.000289925 -0.2000272578 -0.03133567407)
(0.9377095828 -0.2001774147 0.0001102444737)
(1.000539872 -0.1499015876 6.320481746e-05)
(1.00028992 -0.2000253217 0.03150018001)
(-1.066912171 0.0002064125517 0.00579615103)
(1.066912171 0.0002064125516 0.005588641611)
(-1.000289925 0.2000337934 -0.03123664294)
(-1.000539872 0.1499105906 0.0003108674363)
(-0.9377095828 0.2001802988 0.000165086819)
(-1.00028992 0.2000318572 0.03159920935)
(-0.7498443278 0.2493974139 -9.087335824e-05)
(0.7498443278 0.2493974139 9.261211913e-05)
(1.000289915 0.2000318567 -0.03132322886)
(1.000539872 0.1499105906 0.0001805516691)
(0.9377095828 0.2001802988 -3.215811687e-05)
(1.00028993 0.2000337939 0.0315126314)
(-0.4999693869 0.4994918044 -2.967269196e-05)
(-0.2499521993 0.499147905 -3.724838964e-06)
(-4.71512961e-07 0.4994982417 4.682060853e-06)
(0.2499520028 0.499147905 5.669410848e-06)
(0.4999693688 0.4994918045 2.994135989e-05)
(-0.3749739858 0.5996017662 -6.18973974e-06)
(-0.4999845128 0.5997675872 0.06240187564)
(-0.1249888762 0.5996796626 4.70392805e-07)
(-0.2499806357 0.5996491793 0.06237630711)
(0.124988624 0.5996796627 2.030923345e-06)
(-1.359440068e-07 0.599747147 0.06240706969)
(0.3749739422 0.5996017662 6.635909844e-06)
(0.249980539 0.5996492064 0.06238057522)
(0.4999845 0.5997675975 0.06241865488)
(-0.3749811823 -0.5997191815 0.1248395223)
(-0.499974221 -0.4996482396 0.1247413068)
(-0.1249917023 -0.5997582967 0.1248569081)
(-0.2499699375 -0.4994738168 0.1246513325)
(0.1249915652 -0.5997582495 0.1248558954)
(-1.545336958e-07 -0.4996338229 0.1247412824)
(0.374981153 -0.5997191307 0.1248324755)
(0.2499698344 -0.499473628 0.1246463412)
(0.4999742085 -0.4996481596 0.1247194121)
(-0.4999680293 -0.3996420788 0.1870490782)
(-0.2499688464 -0.3994870934 0.1869793911)
(-1.203684572e-07 -0.3996450407 0.1871442211)
(0.2499687642 -0.3994860681 0.186976098)
(0.4999680188 -0.3996416258 0.1870334414)
(-0.7497375852 -0.1989860968 0.09178282623)
(-0.6873256905 -0.1993380793 0.1230017422)
(-0.7497843987 -0.1492473845 0.1227619813)
(-0.5624040431 -0.1994669716 0.1231439338)
(0.562404043 -0.1994664397 0.1230889177)
(0.7497375854 -0.1989862374 0.09174366048)
(0.6873256908 -0.1993380682 0.1229715944)
(0.7497843991 -0.1492477743 0.1227489971)
(-1.000825683 -6.932983803e-07 0.09554741235)
(-1.000418282 -0.05006644867 0.1259535956)
(-0.9378478071 -8.890700585e-06 0.1260458571)
(-1.000418278 0.05006214348 0.1259554887)
(1.000825683 4.121723689e-05 0.09549327373)
(1.000418278 -0.05004708883 0.1259096202)
(0.9378478071 1.883393729e-05 0.126028645)
(1.000418282 0.05008150347 0.1259364543)
(-0.7497375855 0.198986323 0.09174449047)
(-0.7497843993 0.1492479026 0.1227497953)
(-0.6873256912 0.1993381326 0.1229721234)
(-0.562404045 0.1994664467 0.1230889622)
(0.5624040429 0.1994669766 0.1231439421)
(0.7497375852 0.1989861823 0.09178277445)
(0.7497843988 0.1492475128 0.1227618806)
(0.6873256905 0.1993381434 0.1230017022)
(-0.4999742212 0.4996481612 0.1247195697)
(-0.4999680304 0.3996416016 0.1870335367)
(-0.2499699406 0.4994736003 0.1246473316)
(-0.2499688614 0.3994859077 0.1869766453)
(-1.648242607e-07 0.4996337474 0.1247442689)
(-1.678200027e-07 0.3996446129 0.187145958)
(0.2499698324 0.4994737915 0.1246523216)
(0.2499687505 0.3994869364 0.1869799385)
(0.4999742079 0.4996482349 0.1247414144)
(0.4999680168 0.3996420481 0.1870491261)
(-0.3749811826 0.5997191257 0.1248327667)
(-0.1249917044 0.5997582284 0.1248572305)
(0.1249915633 0.5997582755 0.1248582421)
(0.3749811526 0.5997191726 0.1248398002)
(-0.3749771102 -0.3997153892 0.2496446027)
(-0.4999711916 -0.2997488946 0.2495402565)
(-0.1249911193 -0.3997609743 0.2497419302)
(-0.2499774786 -0.2996598971 0.2495741366)
(0.1249910011 -0.3997601897 0.2497414309)
(-1.235096957e-07 -0.2997597831 0.249757152)
(0.3749770832 -0.3997145436 0.2496407195)
(0.2499773822 -0.299657533 0.2495726179)
(0.4999711774 -0.299747837 0.2495332392)
(-0.4999711945 0.2997477874 0.2495332972)
(-0.2499775066 0.2996571479 0.2495728355)
(-2.093531919e-07 0.2997587758 0.249757788)
(0.2499773551 0.2996595137 0.2495743499)
(0.4999711746 0.299748841 0.2495402792)
(-0.3749771153 0.399714463 0.2496408318)
(-0.1249911483 0.3997598399 0.2497419684)
(0.1249909725 0.3997606248 0.249742466)
(0.3749770781 0.3997153044 0.2496447024)
(-0.6248084765 -0.1493421976 -0.1222056642)
(-0.6248669154 -0.1994815483 -0.09168166544)
(-0.74978808 -0.2491497145 -0.06135364681)
(0.6248084772 -0.1493423973 -0.1222271477)
(0.624866915 -0.1994816121 -0.09177158658)
(0.7497880799 -0.2491496972 -0.06146052452)
(-0.624808478 0.1493424154 -0.1222270687)
(-0.6248669158 0.1994816254 -0.09177151319)
(-0.74978808 0.2491497507 -0.06145961467)
(0.6248084763 0.1493422113 -0.1222056767)
(0.6248669153 0.1994815565 -0.09168167052)
(0.74978808 0.2491497677 -0.06135366921)
(-0.6251854225 -0.251106861 0.0004335630989)
(-0.7497880799 -0.2491496971 0.06146198792)
(0.6251854224 -0.2511068606 -0.0004335014497)
(0.7497880799 -0.2491497139 0.06135511016)
(-0.6251854224 0.2511068625 -0.0004334253255)
(-0.7497880799 0.2491497672 0.06135602092)
(0.6251854223 0.2511068625 0.0004335627412)
(0.7497880798 0.2491497502 0.06146196567)
(-0.6248669144 -0.1994816099 0.09177178369)
(-0.6248084754 -0.1493423932 0.122227459)
(0.6248669147 -0.1994815419 0.09168186851)
(0.6248084768 -0.1493421931 0.1222060206)
(-0.6248669152 0.1994815513 0.09168195199)
(-0.6248084776 0.1493422078 0.1222061055)
(0.6248669146 0.1994816188 0.09177178367)
(0.6248084757 0.1493424074 0.1222274577)
(-0.6249826035 -0.2498843546 -0.06155455542)
(0.6249826031 -0.2498843578 -0.06183584462)
(-0.6249826033 0.2498843632 -0.06183575047)
(0.6249826033 0.2498843593 -0.0615545569)
(-0.6249826032 -0.249884358 0.06183596277)
(0.6249826031 -0.2498843524 0.06155467154)
(-0.6249826032 0.2498843564 0.06155476899)
(0.6249826028 0.2498843601 0.06183596132)
(-0.6874291665 -0.2996737403 -0.0618046317)
(-0.5625066488 -0.299547321 -0.06167291607)
(-0.6250285813 -0.3000491699 -0.03076747553)
(0.5625066472 -0.2995473504 -0.06198398521)
(0.6874291662 -0.299673762 -0.06195916741)
(0.6250285809 -0.300049175 -0.03113145752)
(-0.6874291664 0.2996737988 -0.06195852655)
(-0.5625066478 0.2995473487 -0.06198393044)
(-0.6250285811 0.3000491796 -0.03113132044)
(0.5625066477 0.2995473228 -0.06167291052)
(0.6874291664 0.2996737769 -0.06180464673)
(0.625028581 0.3000491747 -0.03076747645)
(-0.6250285812 -0.3000491759 0.03113159649)
(-0.6874291664 -0.2996737627 0.06196015764)
(-0.5625066482 -0.2995473518 0.06198403445)
(0.6250285809 -0.3000491689 0.03076761307)
(0.5625066472 -0.2995473169 0.06167295877)
(0.6874291662 -0.2996737398 0.06180562098)
(-0.6250285811 0.3000491728 0.0307677511)
(-0.6874291663 0.2996737751 0.06180626316)
(-0.5625066481 0.2995473168 0.06167301605)
(0.6250285806 0.3000491777 0.0311315949)
(0.5625066462 0.2995473426 0.06198403569)
(0.687429166 0.2996737969 0.06196014249)
(-0.9377478486 -0.100038216 -0.1254683754)
(-1.000525863 -0.1000839734 -0.09424711306)
(-0.9376767401 -0.2000285746 -0.06269438936)
(-1.000425414 -0.1500247735 -0.062760241)
(0.9377478841 -0.100050821 -0.1254928814)
(1.000525911 -0.100101079 -0.09433033868)
(0.9376767712 -0.2000314117 -0.06268053763)
(1.00042547 -0.150031667 -0.06283044632)
(-0.9377478841 0.1000574725 -0.1254653539)
(-1.000525911 0.1001188654 -0.09424010636)
(-1.064235116 6.919155743e-05 -0.06175049693)
(0.9377478486 0.1000448666 -0.1254747169)
(1.000525863 0.1001017582 -0.09426158694)
(1.064235116 3.624701601e-05 -0.06188944165)
(-1.00042547 0.1500440689 -0.06271173716)
(-0.9376767712 0.200035141 -0.0626359602)
(1.000425414 0.1500371738 -0.06276771697)
(0.9376767401 0.2000323032 -0.06269638957)
(-0.7498893843 -0.2995419356 -0.03074154138)
(-0.6874723957 -0.2999053566 0.0001315705051)
(-0.7498893843 -0.299541954 0.03087200532)
(-0.562621034 -0.3001986617 0.0003491792198)
(0.5626210331 -0.3001986604 -0.0003491575312)
(0.7498893842 -0.299541954 -0.03087030798)
(0.6874723955 -0.2999053563 -0.0001308336026)
(0.7498893843 -0.2995419351 0.03074323843)
(-1.064403278 -0.1004995672 0.001021684483)
(-0.9376767726 -0.2000314119 0.06278351097)
(-1.000425511 -0.15003167 0.06317377255)
(1.064403278 -0.1004995672 0.0004960057966)
(0.9376767415 -0.2000285748 0.06279734476)
(1.000425455 -0.150024776 0.06310351529)
(-1.064403278 0.1005543447 0.00103171598)
(-1.064256578 3.66953532e-05 0.06491262382)
(1.064403278 0.1005543447 0.0009871004841)
(1.064256578 7.004738174e-05 0.06477196051)
(-1.000425455 0.1500371775 0.06322222041)
(-0.9376767415 0.2000323035 0.06284191476)
(-0.7498893843 0.2995420158 -0.03086908232)
(-0.6874723956 0.2999053829 -0.0001301995936)
(-0.7498893843 0.2995419969 0.03074446457)
(-0.5626210335 0.3001986578 -0.0003491099371)
(0.5626210327 0.3001986578 0.0003491832133)
(0.7498893843 0.2995419972 -0.03074156591)
(0.6874723955 0.2999053829 0.0001315611265)
(0.7498893842 0.2995420155 0.03087198073)
(1.000425511 0.1500440732 0.06316629488)
(0.9376767726 0.2000351412 0.06278151043)
(-1.000526014 -0.100101099 0.09482659325)
(-0.9377478885 -0.1000508219 0.1256793248)
(1.000525967 -0.10008399 0.09474330659)
(0.937747853 -0.1000382168 0.1256547926)
(-1.000525967 0.1001017782 0.09483354849)
(-0.937747853 0.1000448674 0.1256823164)
(1.000526014 0.1001188888 0.09481211529)
(0.9377478885 0.1000574735 0.1256729827)
(-1.063649428 -0.1002169346 -0.06228681589)
(1.063649473 -0.1002301116 -0.06251760232)
(-1.063649473 0.1002752793 -0.06227816612)
(1.063649428 0.1002621005 -0.06232275803)
(-1.063649767 -0.1002301705 0.0637767926)
(1.063649722 -0.1002169901 0.06354589757)
(-1.063649722 0.1002621675 0.06378538556)
(1.063649767 0.1002753497 0.06374083986)
(-1.126304534 -0.05017271282 -0.06192699789)
(-1.126324501 -0.1002736252 -0.03058686891)
(1.126304538 -0.05018604134 -0.06212564789)
(1.126324508 -0.1002798002 -0.03086047608)
(-1.126304538 0.05024890907 -0.06192421859)
(-1.126324508 0.1003336234 -0.03058035307)
(1.126304534 0.05023558037 -0.06199535388)
(1.126324501 0.1003274481 -0.03063088194)
(-1.126324573 -0.1002798141 0.03236181418)
(-1.126304803 -0.05018607906 0.06389643763)
(1.126324566 -0.1002736387 0.03208818572)
(1.126304799 -0.05017274784 0.0636977422)
(-1.126324566 0.1003274644 0.03236832119)
(-1.126304799 0.05023562814 0.06389921176)
(1.126324573 0.10033364 0.03231779874)
(1.126304803 0.05024895954 0.06382806759)
(-1.126977244 6.869796201e-05 -0.02973389129)
(-1.127160935 -0.05047738429 0.001563583118)
(-1.127160935 0.05057501299 0.001566600654)
(-1.126982478 5.523830949e-05 0.03342990671)
(1.126977244 5.509249523e-05 -0.02990320198)
(1.127160935 -0.05047738429 0.001165764955)
(1.127160935 0.05057501299 0.001477542409)
(1.126982478 6.887978567e-05 0.03326014791)
(-0.3749683307 -0.2996389474 -0.2494757823)
(-0.1249890647 -0.2997148531 -0.2496903988)
(0.1249887471 -0.2997167485 -0.2496908286)
(0.3749682702 -0.2996408487 -0.2494798129)
(-0.3749683164 0.2996409856 -0.249479668)
(-0.124989002 0.2997175251 -0.2496903783)
(0.1249888111 0.2997156241 -0.2496899368)
(0.3749682767 0.2996390754 -0.2494756338)
(-0.3749595335 -0.3994727168 -0.1869245159)
(-0.3749628954 -0.4994663333 -0.1246311173)
(-0.124984664 -0.3995832756 -0.1870829088)
(-0.1249848069 -0.4995712131 -0.124707347)
(0.1249844214 -0.3995840815 -0.1870838353)
(0.1249845716 -0.4995713577 -0.1247088367)
(0.3749594909 -0.399473514 -0.1869332639)
(0.3749628541 -0.4994664687 -0.1246438115)
(-0.4999520664 -0.2995256244 -0.1867276041)
(-0.2499562848 -0.2993071974 -0.1866928047)
(-3.022698999e-07 -0.2995721805 -0.1870485411)
(0.2499561168 -0.2993098597 -0.1866958332)
(0.4999520483 -0.2995266338 -0.1867474271)
(-0.4999520627 0.2995266811 -0.18674734)
(-0.2499562545 0.2993102181 -0.186695431)
(-0.3749595277 0.3994735795 -0.1869330655)
(-1.725583158e-07 0.2995733 -0.1870467965)
(-0.1249846302 0.3995844103 -0.1870826369)
(0.2499561502 0.2993075332 -0.1866923693)
(0.1249844562 0.3995835981 -0.1870817011)
(0.4999520516 0.2995256647 -0.1867275646)
(0.3749594966 0.3994727766 -0.1869243162)
(-0.3749628941 0.4994664754 -0.1246434358)
(-0.1249848002 0.4995714156 -0.1247067181)
(0.1249845792 0.499571267 -0.1247052247)
(0.3749628556 0.4994663407 -0.12463075)
(-0.3749763345 -0.5996410926 -0.06236941301)
(-0.1249897164 -0.5997024458 -0.06239309449)
(0.1249895139 -0.5997024644 -0.06239445498)
(0.3749762958 -0.5996411107 -0.06237981317)
(-0.4999694902 -0.499539113 -0.06226587236)
(-0.2499585662 -0.4992675102 -0.0621975222)
(-0.37493967 -0.4991085251 1.381462227e-05)
(-2.893982495e-07 -0.4995374246 -0.06229625346)
(-0.1249775805 -0.4993709925 -1.334885228e-06)
(0.2499584124 -0.4992675769 -0.06220490191)
(0.1249770628 -0.4993709917 -3.798427002e-06)
(0.4999694743 -0.499539139 -0.0623059073)
(0.3749396073 -0.4991085229 -1.442781603e-05)
(-0.9378321253 -0.1000569824 -0.09454435372)
(-0.937723907 -0.1499965242 -0.06298448386)
(-0.6247780596 -0.1492040004 -0.09055492981)
(-0.6872664022 -0.1491915139 -0.122107558)
(-0.6872761147 -0.1991240175 -0.09142029321)
(-0.7496711458 -0.1487909549 -0.09111965327)
(0.6247780599 -0.1492040563 -0.09058666775)
(0.5623647185 -0.149464495 -0.1225719643)
(0.5624450263 -0.1996473129 -0.09210626447)
(0.7496711417 -0.1487904607 -0.09113873637)
(-0.9380404177 3.691848877e-05 -0.09516976471)
(-0.9378326151 0.1000819624 -0.09453946788)
(-0.9378213095 0.05007382732 -0.1256665089)
(-1.000727881 0.05017419504 -0.0943572485)
(1.000727763 0.05014631288 -0.09438646047)
(1.064062367 0.0503403607 -0.06214938742)
(-0.6872761149 0.1991239671 -0.09147484504)
(-0.687367279 0.2494521179 -0.06150628832)
(0.5624450276 0.199647051 -0.09198809768)
(0.5625477157 0.2498374687 -0.06160089495)
(-0.4999694895 0.4995391358 -0.06230571137)
(-0.2499585669 0.4992675948 -0.06220341626)
(-0.3749763342 0.5996411091 -0.0623794272)
(-0.3749396694 0.4991085162 -1.379617496e-05)
(-2.859338122e-07 0.4995374525 -0.06229060208)
(-0.1249897159 0.5997024728 -0.0623924703)
(-0.1249775809 0.4993709918 1.333347596e-06)
(0.2499584138 0.4992675175 -0.0621960314)
(0.1249895148 0.5997024529 -0.06239110962)
(0.1249770633 0.4993709918 3.797170223e-06)
(0.4999694745 0.4995391122 -0.06226572597)
(0.374976296 0.5996410918 -0.06236903795)
(0.3749396069 0.4991085162 1.442664609e-05)
(-0.3749763343 -0.5996411131 0.06237944268)
(-0.1249897155 -0.599702473 0.06239246963)
(0.1249895147 -0.5997024532 0.06239110792)
(0.3749762959 -0.599641092 0.06236903959)
(-0.4999694899 -0.4995391405 0.0623058013)
(-0.249958565 -0.4992675877 0.06220341092)
(-0.374962894 -0.49946648 0.1246434545)
(-2.856894467e-07 -0.4995374522 0.06229060012)
(-0.1249847993 -0.4995714137 0.1247067151)
(0.2499584134 -0.4992675169 0.06219602687)
(0.1249845791 -0.4995712665 0.1247052218)
(0.4999694744 -0.4995391103 0.06226576213)
(0.3749628551 -0.4994663372 0.1246307507)
(-0.6874430618 -0.2997654186 0.03096041653)
(0.5625634405 -0.2998324811 0.03065075425)
(-0.9373723484 -0.1494989632 -9.334131484e-05)
(-0.9377243787 -0.1500023523 0.06314166147)
(-0.9376934463 -0.2000908187 0.03143583935)
(-1.000494608 -0.1499791998 0.03178448626)
(1.000494396 -0.1499754104 0.03168684123)
(1.064053044 -0.1003451573 0.03219060069)
(-1.126796017 0.05039336344 0.03289224548)
(1.065950708 0.05143554208 0.001875021981)
(1.065323477 0.0001204762515 0.03473837229)
(1.126796037 0.05040301139 0.03280623198)
(1.064053282 0.1004086093 0.03252100777)
(1.064067 0.05036317761 0.06426813263)
(-0.9376933481 0.2000926641 0.03154889666)
(-0.6874561818 0.2499146538 -0.0001760042648)
(-0.6250706067 0.2503866977 0.03067670142)
(-0.6874430617 0.2997654327 0.03074246329)
(-0.687367279 0.2494521321 0.06133908048)
(-0.7497528995 0.2490409188 0.03030699456)
(0.5628692275 0.2518348874 0.0007132250492)
(0.6250706065 0.2503866971 0.03117390505)
(0.5625634397 0.2998324846 0.03114383522)
(0.5625477146 0.2498374861 0.06197718258)
(0.7497528989 0.2490409105 0.03045287692)
(-0.4999694897 0.4995391089 0.06226595831)
(-0.2499585661 0.4992675057 0.06219752175)
(-0.3749763342 0.5996410887 0.06236942616)
(-0.3749628948 0.4994663266 0.1246311304)
(-2.890830182e-07 0.499537424 0.06229625312)
(-0.1249897163 0.5997024441 0.06239309407)
(-0.1249848067 0.499571211 0.1247073458)
(0.2499584142 0.4992675831 0.06220490674)
(0.1249895143 0.599702464 0.06239445481)
(0.1249845724 0.4995713597 0.1247088392)
(0.4999694737 0.4995391326 0.06230594402)
(0.3749762957 0.599641106 0.06237981554)
(0.3749628539 0.4994664616 0.1246438167)
(-0.3749595286 -0.3994735934 0.1869331117)
(-0.1249846296 -0.3995844203 0.1870826443)
(0.1249844566 -0.3995836098 0.1870817096)
(0.3749594972 -0.3994727818 0.1869243444)
(-0.4999520632 -0.2995266823 0.1867475401)
(-0.2499562529 -0.2993102283 0.1866954408)
(-0.3749683304 -0.2996410825 0.249479906)
(-1.72155185e-07 -0.2995733107 0.1870467987)
(-0.1249890044 -0.2997176054 0.2496904277)
(0.2499561515 -0.2993075547 0.1866923926)
(0.1249888142 -0.2997157067 0.2496899867)
(0.4999520515 -0.2995256575 0.1867277058)
(0.3749682906 -0.2996391669 0.2494758592)
(-0.6872664017 -0.1491913177 0.1221245416)
(0.5623647174 -0.1494636912 0.1225463024)
(-0.9378213227 0.05005396945 0.1259369903)
(-0.4999520658 0.2995256233 0.186727788)
(-0.2499562857 0.2993072139 0.1866928285)
(-0.3749595336 0.3994727177 0.186924547)
(-0.3749683402 0.2996390128 0.2494759474)
(-3.017508005e-07 0.2995721933 0.1870485487)
(-0.1249846641 0.399583286 0.1870829187)
(-0.1249890677 0.2997149325 0.2496904536)
(0.2499561211 0.2993098991 0.1866958853)
(0.1249844229 0.3995840984 0.1870838538)
(0.1249887514 0.2997168322 0.2496908918)
(0.4999520487 0.2995266403 0.186747573)
(0.3749594921 0.3994735212 0.1869332973)
(0.374968281 0.2996409236 0.2494799811)
(-0.562364718 -0.1494637052 -0.1225462129)
(-0.5624450279 -0.1996470486 -0.09198809613)
(0.6872664027 -0.1491913199 -0.1221233839)
(0.6872761146 -0.199123937 -0.09147512886)
(-0.6247780603 0.1492040656 -0.09058662483)
(-0.6872664029 0.1491913643 -0.1221231109)
(-0.7496711418 0.1487905452 -0.0911381412)
(-0.5623647199 0.1494645094 -0.1225719515)
(-0.5624450283 0.1996473282 -0.09210626363)
(0.6247780596 0.1492040066 -0.09055493492)
(0.5623647175 0.14946371 -0.1225462196)
(0.6872664021 0.1491915566 -0.1221075917)
(0.7496711458 0.1487910389 -0.09111971498)
(0.6872761146 0.1991240457 -0.09142030995)
(-0.6247780588 -0.1492040525 0.09058681565)
(-0.6872761143 -0.1991239359 0.09147589508)
(-0.7496711415 -0.14879046 0.09114106518)
(-0.5624450254 -0.1996473078 0.09210629468)
(-0.5623647156 -0.149464486 0.1225719927)
(0.6247780595 -0.1492039955 0.09055509646)
(0.5624450256 -0.1996470309 0.09198812182)
(0.6872761145 -0.1991240152 0.09142106514)
(0.7496711458 -0.1487909543 0.09112198802)
(0.6872664025 -0.1491915124 0.1221087394)
(-0.62477806 0.1492040043 0.09055514617)
(-0.7496711459 0.1487910386 0.09112258448)
(-0.6872761147 0.1991240439 0.09142135325)
(-0.6872664028 0.1491915555 0.1221090155)
(-0.5624450267 0.1996470379 0.0919881475)
(-0.5623647192 0.1494637014 0.1225463292)
(0.6247780592 0.1492040611 0.09058681675)
(0.562445026 0.1996473138 0.09210630206)
(0.5623647164 0.149464495 0.1225720065)
(0.7496711415 0.1487905442 0.09114100497)
(0.6872761144 0.1991239644 0.09147588088)
(0.6872664019 0.1491913607 0.1221245131)
(-0.6873672791 -0.2494521163 -0.06133829307)
(-0.5625477161 -0.2498374684 -0.06160089645)
(-0.6874430618 -0.2997654143 -0.03074148867)
(-0.5625634414 -0.2998324838 -0.0306507338)
(-0.6250706068 -0.2503866968 -0.03067656449)
(-0.6874561818 -0.2499146442 0.0001765493797)
(-0.7497528995 -0.2490408885 -0.03030548166)
(-0.562869228 -0.2518348898 0.0007132245937)
(0.5625477152 -0.2498374913 -0.06197716178)
(0.6873672789 -0.2494521006 -0.0615066148)
(0.5625634405 -0.2998324911 -0.03114381111)
(0.6874430617 -0.2997654183 -0.03095988782)
(0.6250706066 -0.2503866961 -0.03117384018)
(0.5628692277 -0.2518348887 -0.0007132164457)
(0.6874561818 -0.249914644 -0.0001762787632)
(0.749752899 -0.2490408801 -0.03045205172)
(-0.9378212509 -0.05004534617 -0.1256677809)
(-1.000727763 -0.05011876109 -0.09435992767)
(-0.9376933422 -0.2000893445 -0.0314045558)
(-1.00049421 -0.1499754196 -0.03134713789)
(0.9378326151 -0.1000732451 -0.09458180866)
(0.9377243407 -0.1500023519 -0.06298341181)
(0.9380404177 -2.217113479e-05 -0.09519250043)
(0.9378213095 -0.05006521454 -0.1256921486)
(1.000727881 -0.05014663881 -0.09445262102)
(0.9373723484 -0.1494989634 0.00016536926)
(0.9376934403 -0.2000908159 -0.03134443391)
(1.000494422 -0.1499792075 -0.03144460073)
(-0.9377243407 0.1500080688 -0.06292657837)
(-0.9373723484 0.1495015789 0.0002220592604)
(-1.000494422 0.1499915206 -0.03126543923)
(-0.9376934403 0.2000941344 -0.03129142871)
(0.9378321254 0.1000656868 -0.09455171703)
(0.9378212509 0.05005395736 -0.1256779975)
(0.937723907 0.15000223 -0.06298783501)
(0.9373723484 0.1495015787 -9.455452153e-05)
(1.00049421 0.1499877274 -0.03135344264)
(0.9376933422 0.2000926613 -0.03140610762)
(-0.5625477155 0.2498374914 -0.06197713968)
(-0.6250706067 0.2503866984 -0.03117376916)
(-0.6874430618 0.2997654377 -0.03095944197)
(-0.749752899 0.2490409107 -0.03045137523)
(-0.5625634406 0.2998324873 -0.03114377062)
(-0.5628692277 0.2518348874 -0.0007131965369)
(0.687367279 0.2494521332 -0.06133829962)
(0.6250706067 0.2503866989 -0.03067656513)
(0.5625634405 0.2998324825 -0.03065073066)
(0.6874430617 0.2997654335 -0.03074149555)
(0.6874561818 0.2499146538 0.0001765462787)
(0.7497528995 0.249040919 -0.03030549264)
(-0.5625634411 -0.2998324918 0.03114383497)
(-0.6250706067 -0.2503866962 0.03117390589)
(-0.6873672789 -0.2494521006 0.06150707458)
(-0.749752899 -0.2490408801 0.03045288785)
(-0.5625477154 -0.2498374911 0.06197718275)
(0.6874430617 -0.2997654138 0.03074201682)
(0.6250706066 -0.2503866956 0.03067662906)
(0.5625477151 -0.2498374628 0.06160091105)
(0.6873672789 -0.2494521154 0.06133875241)
(0.7497528995 -0.2490408883 0.03030631769)
(-0.937832704 -0.1000732647 0.09482549068)
(-0.9380451844 -2.236667268e-05 0.0956309678)
(-1.000729712 -0.05014700781 0.09522895805)
(-0.9378213813 -0.05006522908 0.1259357665)
(0.9377239449 -0.1499965236 0.06314242805)
(0.9376933481 -0.2000893473 0.03149591672)
(0.9378322143 -0.1000569977 0.09478766789)
(0.9380451844 3.724409444e-05 0.09560803164)
(1.000729595 -0.05011906002 0.09513590721)
(0.9378213227 -0.05004535636 0.1259113496)
(-0.9377239449 0.1500022304 0.06319916125)
(-1.000494396 0.1499877228 0.03186599305)
(-0.9378322143 0.1000657044 0.09482995761)
(-1.000729595 0.05014668114 0.09523150432)
(0.9377243787 0.1500080701 0.06313830329)
(1.000494608 0.1499915174 0.03177817644)
(0.9376934463 0.2000941373 0.03143428671)
(0.937832704 0.1000819843 0.09481811467)
(1.000729712 0.05017463338 0.09520235425)
(0.9378213813 0.05007384374 0.125925546)
(-0.5625634409 0.2998324798 0.0306507954)
(-0.5625477155 0.2498374634 0.06160093896)
(0.6874430616 0.2997654369 0.03096040951)
(0.6873672788 0.2494521167 0.06150706825)
(-1.064062367 -0.05026909208 -0.06208208604)
(-1.064051823 -0.100344886 -0.03066854675)
(-1.126794975 -0.05030775621 -0.03019384716)
(-1.065249445 0.0001173173836 -0.02894284291)
(-1.065950708 -0.05132535831 0.001940948409)
(1.064062496 -0.05029085921 -0.06233328575)
(1.064052061 -0.1003534914 -0.03103638327)
(1.126794995 -0.0503173976 -0.03049365771)
(1.065249445 8.645970952e-05 -0.02912962144)
(1.065950708 -0.05132535824 0.001108215168)
(-1.064062496 0.05036213371 -0.06207863966)
(-1.126794995 0.05040277755 -0.03019108061)
(-1.064052061 0.1004082881 -0.03065860466)
(-1.065950708 0.051435542 0.001943389979)
(1.126794975 0.0503931352 -0.03027707386)
(1.064051823 0.1003996742 -0.03070646326)
(-1.064053282 -0.1003537695 0.03255895992)
(-1.126796037 -0.05031758187 0.03288950793)
(-1.064067 -0.05029169765 0.06433563358)
(-1.065323477 8.878770921e-05 0.03493017998)
(1.126796017 -0.05030793489 0.03258949614)
(1.064066871 -0.05026986785 0.06408354486)
(-1.064053044 0.1003999887 0.03256861859)
(-1.064066871 0.05034134192 0.06433890399)
(-0.6249583439 -0.2997447259 -0.1868743783)
(0.6249583392 -0.2997451429 -0.1868943562)
(-1.125121101 -0.1000050277 -0.187491155)
(1.125121101 -0.1000080577 -0.1875070311)
(-1.125121101 0.1000132793 -0.1874898008)
(1.125121101 0.1000102492 -0.1874979008)
(-0.6249583433 0.2997451854 -0.1868941283)
(0.6249583404 0.2997447643 -0.1868743937)
(-0.6249861042 -0.4998037678 -0.06235553599)
(0.6249860999 -0.499803782 -0.06239469345)
(-1.125125076 -0.300021159 -0.06246066376)
(1.125125076 -0.3000219408 -0.06247762371)
(-1.375186135 -0.1000152316 -0.06238537618)
(1.375186135 -0.1000161721 -0.06241237871)
(-1.375186135 0.1000254572 -0.06238406081)
(1.375186135 0.1000245167 -0.0623969682)
(-1.125125076 0.3000261056 -0.06244706774)
(1.125125076 0.3000253238 -0.06246361507)
(-0.6249861039 0.4998037852 -0.06239446688)
(0.6249861001 0.4998037716 -0.06235550526)
(-0.624986104 -0.4998037795 0.06239487863)
(0.6249861 -0.4998037631 0.06235571916)
(-1.125125076 -0.3000219409 0.06259333608)
(1.125125076 -0.300021159 0.06257637611)
(-1.375186135 -0.1000161721 0.06267536637)
(1.375186135 -0.1000152316 0.06264836384)
(-1.375186135 0.1000245167 0.06267668174)
(1.375186135 0.1000254572 0.06266377435)
(-1.125125076 0.3000253237 0.06260693213)
(1.125125076 0.3000261056 0.06259038476)
(-0.6249861039 0.4998037731 0.06235594629)
(0.6249860997 0.4998037868 0.06239490797)
(-0.6249583431 -0.2997451597 0.1868950614)
(0.6249583402 -0.2997447358 0.1868750846)
(-1.125121101 -0.1000080578 0.187655146)
(1.125121101 -0.1000050277 0.1876392705)
(-1.125121101 0.100010249 0.1876565003)
(1.125121101 0.1000132791 0.1876484007)
(-0.6249583435 0.2997447474 0.1868753093)
(0.6249583392 0.2997451683 0.1868950487)
(-0.6249829191 -0.3998752218 -0.2497470454)
(-0.7499764532 -0.2998872513 -0.2496654072)
(-0.7499787259 -0.3998691287 -0.1872189815)
(0.6249829147 -0.3998754673 -0.2497535114)
(0.7499764511 -0.2998875443 -0.2496707672)
(0.7499787245 -0.3998692675 -0.187229634)
(-1.125035797 -0.1999963125 -0.2499754123)
(-1.250043509 -0.1000005418 -0.2499870924)
(-1.250065462 -0.2000041199 -0.1874827326)
(1.125035797 -0.1999973379 -0.2499803805)
(1.250043509 -0.1000015598 -0.2499924881)
(1.250065462 -0.2000052361 -0.1874923319)
(-1.125059167 2.354263569e-06 -0.2499792081)
(-1.250043509 0.1000035613 -0.249986657)
(-1.250113464 3.941577656e-06 -0.1874729242)
(1.125059167 3.905915914e-07 -0.2499845532)
(1.250043509 0.1000025433 -0.2499899052)
(1.250113464 1.679851947e-06 -0.1874836)
(-1.125035797 0.1999988406 -0.249974279)
(-1.250065462 0.2000080505 -0.1874809808)
(-0.749976453 0.2998876134 -0.2496703484)
(0.7499764515 0.2998873184 -0.2496654595)
(1.125035797 0.1999978151 -0.2499770722)
(1.250065462 0.2000069342 -0.1874857864)
(-0.6249829186 0.3998754981 -0.2497533619)
(-0.7499787258 0.3998693111 -0.1872291084)
(0.6249829155 0.3998752498 -0.2497470499)
(0.7499787249 0.3998691707 -0.187219001)
(-0.62499197 -0.5998966108 -0.1249120616)
(-0.7499886039 -0.4998952954 -0.1248628314)
(-0.7499949744 -0.5999339249 -0.06245283013)
(0.6249919666 -0.5998966281 -0.1249231544)
(0.7499886026 -0.4998953341 -0.1248780113)
(0.7499949731 -0.5999339337 -0.06246512587)
(-1.125039711 -0.4000006692 -0.1249812026)
(-1.250068744 -0.300008608 -0.1249773737)
(-1.250048458 -0.4000091921 -0.06248015208)
(1.125039711 -0.4000010644 -0.124985457)
(1.250068744 -0.300009238 -0.1249876141)
(1.250048458 -0.4000093936 -0.06248640343)
(-1.375083311 -0.2000089478 -0.1249619917)
(-1.500062876 -0.1000033541 -0.1249639402)
(-1.500063975 -0.20000707 -0.06245917163)
(1.375083311 -0.200009622 -0.124974893)
(1.500062876 -0.1000038076 -0.1249722621)
(1.500063975 -0.200007302 -0.06246917979)
(-1.375141522 4.481924573e-06 -0.1249271095)
(-1.500062876 0.1000070489 -0.1249635251)
(-1.500102259 3.069200279e-06 -0.0624259271)
(1.375141522 3.052533436e-06 -0.1249409116)
(1.500062876 0.1000065954 -0.124968251)
(1.500102259 2.622118426e-06 -0.06243600327)
(-1.375083311 0.2000134634 -0.1249602564)
(-1.500063975 0.2000104026 -0.06245809858)
(-1.250068744 0.3000118416 -0.1249724814)
(1.375083311 0.2000127893 -0.1249660863)
(1.250068744 0.3000112116 -0.124979523)
(1.500063975 0.2000101706 -0.06246243794)
(-1.125039711 0.4000022969 -0.1249755439)
(-1.250048458 0.4000110089 -0.06247446495)
(-0.7499886048 0.4998953855 -0.1248775163)
(0.7499886038 0.4998953466 -0.1248628464)
(1.125039711 0.4000019017 -0.1249820242)
(1.250048458 0.4000108075 -0.0624812605)
(-0.6249919696 0.5998966268 -0.124922985)
(-0.7499949744 0.5999339524 -0.06246474537)
(0.6249919666 0.5998966096 -0.1249120374)
(0.7499949732 0.5999339437 -0.06245282758)
(-0.6249929556 -0.5998813339 1.097289003e-05)
(-0.7499925271 -0.4998974046 1.663446011e-05)
(-0.7499949744 -0.5999339343 0.06246563013)
(0.6249929516 -0.5998813333 -1.077521926e-05)
(0.7499925258 -0.4998974042 -1.578228748e-05)
(0.7499949732 -0.5999339248 0.06245333365)
(-1.125067705 -0.4000175921 2.90080423e-05)
(-1.25012301 -0.3000249603 7.25177058e-05)
(-1.250048458 -0.4000093936 0.06253124786)
(1.125067705 -0.4000175921 2.30319228e-05)
(1.25012301 -0.3000249603 5.317445365e-05)
(1.250048458 -0.4000091921 0.0625249965)
(-1.37514728 -0.2000206391 0.0001063385556)
(-1.500104366 -0.1000073146 8.460221292e-05)
(-1.500063975 -0.200007302 0.06255639523)
(1.37514728 -0.2000206391 8.166255102e-05)
(1.500104366 -0.1000073146 7.002203433e-05)
(1.500063975 -0.20000707 0.06254638707)
(-1.375312966 9.179656695e-06 0.000278229169)
(-1.500104366 0.1000127721 8.526932277e-05)
(-1.500102259 2.622116535e-06 0.06260017244)
(1.375312966 9.179656634e-06 0.0002485401716)
(1.500104366 0.1000127721 7.773994582e-05)
(1.500102259 3.069198304e-06 0.06259009627)
(-1.37514728 0.2000273391 0.0001098074571)
(-1.500063975 0.2000101706 0.06255746829)
(-1.25012301 0.3000294746 8.219600332e-05)
(1.37514728 0.2000273391 9.973971007e-05)
(1.25012301 0.3000294746 6.905209791e-05)
(1.500063975 0.2000104026 0.06255312893)
(-1.125067705 0.4000194718 4.05473657e-05)
(-1.250048458 0.4000108075 0.062536935)
(-0.7499925271 0.4998974351 -1.507497377e-05)
(0.7499925258 0.4998974351 1.663332616e-05)
(1.125067705 0.4000194718 2.786138157e-05)
(1.250048458 0.4000110089 0.06253013944)
(-0.6249929555 0.5998813409 -1.054090883e-05)
(-0.7499949743 0.5999339428 0.06245371449)
(0.6249929515 0.5998813409 1.10070292e-05)
(0.7499949731 0.5999339516 0.06246563218)
(-0.6249919696 -0.5998966201 0.1249233405)
(-0.7499886048 -0.4998953555 0.1248788457)
(0.6249919665 -0.5998966011 0.1249122452)
(0.7499886037 -0.4998953153 0.1248636641)
(-1.125039711 -0.4000010642 0.1250196532)
(-1.250068744 -0.300009238 0.125060255)
(-0.7499787257 -0.3998692644 0.1872309166)
(0.7499787248 -0.3998691227 0.1872202613)
(1.125039711 -0.4000006689 0.1250153987)
(1.250068744 -0.300008608 0.1250500146)
(-1.375083311 -0.200009622 0.1250829951)
(-1.500062876 -0.1000038076 0.1250643315)
(-1.250065462 -0.2000052361 0.1875715829)
(1.375083311 -0.2000089478 0.1250700938)
(1.250065462 -0.2000041199 0.1875619838)
(1.500062876 -0.1000033541 0.1250560096)
(-1.375141522 3.052529894e-06 0.1251587097)
(-1.500062876 0.1000065954 0.1250647466)
(-1.250113464 1.679787429e-06 0.1876464745)
(1.375141522 4.481919986e-06 0.1251449077)
(1.250113464 3.941502797e-06 0.1876357988)
(1.500062876 0.1000070489 0.1250600207)
(-1.375083311 0.2000127893 0.1250847305)
(-1.250068744 0.3000112116 0.1250651474)
(-1.250065462 0.2000069342 0.1875733348)
(1.375083311 0.2000134634 0.1250789005)
(1.250068744 0.3000118416 0.1250581057)
(1.250065462 0.2000080504 0.1875685293)
(-1.125039711 0.4000019018 0.125025312)
(-0.7499886037 0.4998953241 0.1248641599)
(-0.7499787257 0.3998691734 0.1872207896)
(0.7499886025 0.4998953631 0.1248788298)
(0.7499787245 0.3998693138 0.187230896)
(1.125039711 0.400002297 0.1250188315)
(-0.6249919698 0.5998966169 0.124912416)
(0.6249919665 0.5998966341 0.1249233631)
(-0.624982919 -0.3998754859 0.2497539552)
(-0.749976453 -0.299887552 0.249672504)
(0.6249829158 -0.3998752357 0.2497474875)
(0.7499764515 -0.2998872562 0.249667147)
(-1.125035797 -0.1999973383 0.2500227137)
(-1.250043509 -0.1000015599 0.2500494859)
(1.125035797 -0.1999963128 0.2500177462)
(1.250043509 -0.100000542 0.2500440906)
(-1.125059167 3.90215844e-07 0.2500642035)
(-1.250043509 0.1000025431 0.2500499214)
(1.125059167 2.353859371e-06 0.2500588595)
(1.250043509 0.1000035611 0.2500466734)
(-1.125035797 0.1999978147 0.2500238471)
(-0.7499764531 0.2998873125 0.249667561)
(0.7499764512 0.2998876074 0.2496724539)
(1.125035797 0.1999988402 0.2500210544)
(-0.6249829191 0.3998752374 0.2497476333)
(0.624982915 0.3998754858 0.2497539488)
(-0.6249724181 -0.2998406446 -0.2495827669)
(0.6249724121 -0.2998411345 -0.2495901894)
(-1.125050941 -0.09999850935 -0.2499779435)
(1.125050941 -0.1000000862 -0.2499842034)
(-1.125050941 0.1000023246 -0.2499773377)
(1.125050941 0.1000007477 -0.2499810354)
(-0.6249724169 0.2998411733 -0.2495900277)
(0.6249724128 0.2998406795 -0.2495827756)
(-0.6249750774 -0.3998022004 -0.1871412598)
(-0.6249845394 -0.4998223419 -0.1248106602)
(0.6249750734 -0.3998024078 -0.1871570252)
(0.6249845356 -0.4998223789 -0.1248326399)
(-1.12507704 -0.2000001937 -0.1874795217)
(-1.125080174 -0.3000047734 -0.1249765969)
(-0.7499622342 -0.2998149072 -0.1870083061)
(0.7499622328 -0.2998151708 -0.1870206858)
(1.12507704 -0.2000019327 -0.1874905766)
(1.125080174 -0.300005757 -0.124987363)
(-1.250094715 -0.1000044503 -0.1874789269)
(-1.375118897 -0.1000075732 -0.1249432608)
(-1.125153115 5.774581217e-06 -0.1874922508)
(1.250094715 -0.1000062025 -0.1874913087)
(1.125153115 1.472471589e-06 -0.1875058503)
(1.375118897 -0.100008664 -0.1249594767)
(-1.250094715 0.1000105725 -0.1874780368)
(-1.375118897 0.1000145551 -0.1249423789)
(-1.12507704 0.2000050333 -0.1874767211)
(1.250094715 0.1000088203 -0.187484851)
(1.12507704 0.2000032943 -0.1874827162)
(1.375118897 0.1000134643 -0.1249510451)
(-1.125080174 0.3000085312 -0.1249689028)
(-0.7499622342 0.2998152659 -0.187019927)
(-0.624975078 0.3998024473 -0.187156853)
(0.7499622333 0.2998150002 -0.1870083725)
(0.6249750752 0.3998022372 -0.1871412745)
(1.125080174 0.3000075477 -0.1249787301)
(-0.6249845381 0.4998223501 -0.1248324425)
(0.6249845348 0.499822313 -0.1248106364)
(-0.6249917722 -0.599881189 -0.06243361522)
(0.6249917684 -0.5998811955 -0.06245087637)
(-1.125056823 -0.4000092937 -0.0624783092)
(-0.7499894078 -0.4998896371 -0.06239814724)
(-0.6249897549 -0.4998079044 2.8416365e-05)
(0.7499894066 -0.4998896567 -0.06242277058)
(0.6249897502 -0.4998079035 -2.822696515e-05)
(1.125056823 -0.4000095834 -0.06248389175)
(-1.250100581 -0.3000174718 -0.06245737413)
(-1.375121036 -0.2000154379 -0.06243092358)
(-1.125162121 -0.3000395179 8.121525049e-05)
(1.250100581 -0.300017954 -0.06247292809)
(1.125162121 -0.3000395179 6.008107153e-05)
(1.375121036 -0.2000159667 -0.06245061801)
(-1.50008913 -0.1000055767 -0.06243939365)
(-1.375233652 7.163657044e-06 -0.0623401552)
(-1.375240387 -0.1000227682 0.0001885615477)
(1.50008913 -0.1000059339 -0.06245158067)
(1.375233652 5.827458951e-06 -0.06236284021)
(1.375240387 -0.1000227682 0.0001522128519)
(-1.50008913 0.1000105675 -0.06243882583)
(-1.375121036 0.2000215133 -0.06242824221)
(-1.375240387 0.1000348239 0.0001902264819)
(1.50008913 0.1000102104 -0.06244537734)
(1.375121036 0.2000209844 -0.06243654842)
(1.375240387 0.1000348239 0.000174197896)
(-1.250100581 0.3000217115 -0.06244985991)
(-1.125056823 0.4000112447 -0.06246936955)
(-1.125162121 0.3000446094 0.0001015449329)
(1.250100581 0.3000212293 -0.06246033309)
(1.125056823 0.4000109549 -0.06247935074)
(1.125162121 0.3000446094 7.777087395e-05)
(-0.7499894079 0.4998896869 -0.06242218256)
(-0.624991772 0.5998811981 -0.06245070621)
(-0.6249897547 0.4998079103 -2.796093135e-05)
(0.7499894068 0.4998896673 -0.06239814971)
(0.6249917684 0.5998811919 -0.06243358333)
(0.6249897501 0.4998079103 2.845413762e-05)
(-0.6249917721 -0.599881194 0.06245099642)
(0.6249917684 -0.5998811861 0.06243373392)
(-1.125056823 -0.4000095834 0.06252991219)
(-0.7499894079 -0.499889659 0.06242355001)
(-0.6249845381 -0.4998223423 0.1248328601)
(0.7499894067 -0.4998896383 0.06239892547)
(0.6249845346 -0.4998223022 0.1248108751)
(1.125056823 -0.4000092936 0.06252432957)
(-1.250100581 -0.300017954 0.06257762135)
(-1.375121036 -0.2000159667 0.06260641673)
(-1.125080174 -0.3000057569 0.1250646099)
(1.250100581 -0.3000174718 0.06256206739)
(1.125080174 -0.3000047734 0.1250538437)
(1.375121036 -0.2000154379 0.06258672229)
(-1.50008913 -0.1000059339 0.06258302047)
(-1.375233652 5.827458048e-06 0.06273726102)
(-1.375118897 -0.100008664 0.125126762)
(1.50008913 -0.1000055767 0.06257083346)
(1.375233652 7.163655815e-06 0.06271457602)
(1.375118897 -0.1000075732 0.1251105462)
(-1.50008913 0.1000102104 0.0625835883)
(-1.375121036 0.2000209844 0.0626090981)
(-1.375118897 0.1000134643 0.1251276439)
(1.50008913 0.1000105675 0.06257703679)
(1.375121036 0.2000215133 0.06260079189)
(1.375118897 0.1000145551 0.1251189777)
(-1.250100581 0.3000212293 0.06258513558)
(-1.125056823 0.4000109549 0.06253885187)
(-1.125080174 0.3000075477 0.1250723041)
(1.250100581 0.3000217115 0.06257466239)
(1.125056823 0.4000112447 0.0625288706)
(1.125080174 0.3000085312 0.1250624767)
(-0.7499894077 0.4998896645 0.06239951421)
(-0.624991772 0.5998811929 0.06243390451)
(-0.6249845391 0.4998223478 0.1248110762)
(0.7499894065 0.4998896841 0.06242354675)
(0.6249917683 0.5998811992 0.06245102731)
(0.6249845354 0.4998223849 0.1248328804)
(-0.6249750779 -0.3998024336 0.1871574401)
(0.624975075 -0.3998022204 0.1871416732)
(-1.12507704 -0.2000019328 0.1875777163)
(-0.749962234 -0.2998151741 0.1870232137)
(-0.6249724175 -0.2998411574 0.2495907831)
(0.7499622331 -0.2998149075 0.1870108358)
(0.6249724134 -0.2998406618 0.2495833637)
(1.12507704 -0.2000001938 0.1875666619)
(-1.250094715 -0.1000062025 0.1876155484)
(-1.125153115 1.472361309e-06 0.1877156601)
(-1.125050941 -0.1000000864 0.2500478907)
(1.250094715 -0.1000044504 0.1876031668)
(1.125153115 5.774436509e-06 0.1877020612)
(1.125050941 -0.09999850958 0.2500416316)
(-1.250094715 0.1000088202 0.1876164385)
(-1.12507704 0.2000032942 0.1875805172)
(-1.125050941 0.1000007474 0.2500484966)
(1.250094715 0.1000105724 0.1876096245)
(1.12507704 0.2000050331 0.1875745223)
(1.125050941 0.1000023243 0.2500447996)
(-0.749962234 0.2998149962 0.1870115937)
(-0.6249750771 0.399802212 0.1871418435)
(-0.6249724182 0.2998406659 0.2495835137)
(0.7499622327 0.2998152616 0.1870231495)
(0.6249750734 0.3998024221 0.1871574265)
(0.6249724126 0.2998411596 0.2495907734)
(-0.9481313979 0.0003829595753 -0.0190450007)
(0.9484838562 0.0004548549568 0.02099157386)
)


// ************************************************************************* //
