/*--------------------------------*- C++ -*----------------------------------*\
  =========                 |
  \\      /  F ield         | OpenFOAM: The Open Source CFD Toolbox
   \\    /   O peration     | Website:  https://openfoam.org
    \\  /    A nd           | Version:  11
     \\/     M anipulation  |
\*---------------------------------------------------------------------------*/
FoamFile
{
    format      ascii;
    class       volScalarField;
    location    "50";
    object      p;
}
// * * * * * * * * * * * * * * * * * * * * * * * * * * * * * * * * * * * * * //

dimensions      [0 2 -2 0 0 0 0];

internalField   nonuniform List<scalar> 
12920
(
-2.355739289e-06
-9.230727733e-06
-2.797282691e-05
-5.872580926e-05
-0.0001022153156
-0.0001604678065
-0.0002349226092
-0.0003242960856
-0.0004242162861
-0.0005223205585
-0.0006054542299
-0.0006577282839
-0.0006649702446
-0.0006350761057
-0.0005657731824
-0.0004711109628
-0.0003715278884
-0.000282904575
-0.000211016923
-0.0001547318288
-0.0001114913413
-7.903527477e-05
-5.553829059e-05
-3.885309241e-05
-2.70534981e-05
-1.861391842e-05
-1.271596305e-05
-8.553394849e-06
-5.692417532e-06
-3.555760263e-06
-1.936118519e-06
-7.629655562e-07
3.438976822e-06
-3.144365262e-06
-2.1111976e-05
-5.084049803e-05
-9.347134388e-05
-0.0001515738408
-0.0002272394024
-0.0003199755926
-0.0004253700449
-0.0005317815134
-0.0006225071312
-0.0006794532931
-0.0006909770925
-0.0006554091766
-0.0005775590206
-0.0004744399908
-0.0003679875884
-0.0002754329935
-0.0002026583252
-0.0001473148117
-0.000105257587
-7.392995034e-05
-5.166126804e-05
-3.612700957e-05
-2.521918563e-05
-1.744569936e-05
-1.202233921e-05
-8.162286651e-06
-5.453943684e-06
-3.413037376e-06
-1.846934605e-06
-6.87312373e-07
1.470348669e-05
8.735593666e-06
-7.597755512e-06
-3.512322524e-05
-7.579935408e-05
-0.0001332851219
-0.0002111140856
-0.0003104543174
-0.0004277125109
-0.0005507912624
-0.0006588717723
-0.0007283865518
-0.0007412734948
-0.0006951883709
-0.0006010532351
-0.0004804244878
-0.0003595098929
-0.0002590871699
-0.0001850331862
-0.0001318018261
-9.206145988e-05
-6.285983462e-05
-4.283568074e-05
-2.939526815e-05
-2.009169603e-05
-1.355291002e-05
-9.072952298e-06
-6.066438215e-06
-3.982636345e-06
-2.530073053e-06
-1.433008448e-06
-6.84344142e-07
3.075487497e-05
2.577977447e-05
1.208509677e-05
-1.178582129e-05
-4.895580588e-05
-0.0001047315905
-0.0001850142794
-0.0002939333076
-0.0004297217846
-0.0005798215085
-0.0007166420306
-0.0008047989532
-0.0008179824783
-0.0007564070735
-0.0006369340604
-0.0004880848427
-0.0003441668726
-0.0002322648223
-0.0001580740594
-0.0001092502772
-7.373192066e-05
-4.831546161e-05
-3.213095976e-05
-2.2041124e-05
-1.516741163e-05
-1.018531848e-05
-6.733126042e-06
-4.369730802e-06
-2.708890261e-06
-1.410464973e-06
-4.249880289e-07
1.001543241e-07
5.049726865e-05
4.694262285e-05
3.703302975e-05
1.857956425e-05
-1.293484634e-05
-6.497377176e-05
-0.0001469042416
-0.0002676294714
-0.0004291604367
-0.0006184457607
-0.0007974053052
-0.0009121224174
-0.0009252024787
-0.0008415322041
-0.0006853961206
-0.0004949245256
-0.0003179626569
-0.0001912507634
-0.0001192811797
-7.73722659e-05
-4.73489947e-05
-2.657972592e-05
-1.524447958e-05
-9.636101984e-06
-6.333479767e-06
-4.080861227e-06
-2.770983624e-06
-2.175137896e-06
-1.874634079e-06
-1.771381465e-06
-1.561206359e-06
-1.209894796e-06
7.237025351e-05
7.067844137e-05
6.572836219e-05
5.464282402e-05
3.149896862e-05
-1.367722636e-05
-9.485542168e-05
-0.0002281849188
-0.0004223047772
-0.000665390645
-0.0009035371638
-0.0010537792
-0.001065522701
-0.0009511498048
-0.0007464529365
-0.000498073858
-0.0002768542035
-0.0001347788704
-7.104899446e-05
-4.133723881e-05
-2.004663857e-05
-5.798402585e-06
-1.564330218e-07
1.106678079e-06
1.786694431e-06
2.508618144e-06
2.91133366e-06
2.886989518e-06
2.904854474e-06
2.819288685e-06
2.526299578e-06
1.93611943e-06
9.432171282e-05
9.488772595e-05
9.58397766e-05
9.388611023e-05
8.200685662e-05
4.770241492e-05
-2.850317972e-05
-0.0001729433394
-0.0004047255895
-0.000717561549
-0.001033694178
-0.001229025598
-0.001238699182
-0.001086250578
-0.0008159411341
-0.000496013675
-0.0002176018872
-5.928638081e-05
-8.540413032e-06
6.405830164e-06
1.716091343e-05
2.230533186e-05
1.88729445e-05
1.259147263e-05
7.875899836e-06
4.862270167e-06
2.386297388e-06
3.691215273e-07
-1.131355061e-06
-2.167936296e-06
-2.652779854e-06
-2.425520301e-06
0.000113999088
0.0001168854622
0.00012407098
0.0001321567581
0.0001336852245
0.0001142149274
4.860943914e-05
-0.0001025186746
-0.0003734846448
-0.0007706369379
-0.001180607678
-0.001424801795
-0.00142981434
-0.001234711832
-0.0008898313035
-0.0004846656596
-0.0001421408908
2.311992072e-05
4.914456291e-05
4.597086357e-05
4.845506195e-05
4.803726633e-05
3.943031216e-05
2.948691139e-05
2.264173029e-05
1.827503208e-05
1.455162164e-05
1.160694557e-05
9.3459963e-06
7.709004009e-06
5.971844842e-06
3.959580485e-06
0.0001288923921
0.0001337825155
0.0001463776012
0.000163545207
0.0001781810706
0.0001751651786
0.0001253827331
-2.395241706e-05
-0.0003267691946
-0.0008155147696
-0.001332254435
-0.001626624282
-0.001626634574
-0.001389153404
-0.0009685718385
-0.0004633117219
-4.217474192e-05
0.0001273493424
0.0001188752598
8.763827862e-05
7.480644679e-05
6.231492509e-05
4.375402375e-05
2.735388497e-05
1.706840701e-05
1.026449492e-05
5.106398236e-06
1.386330783e-06
-9.845004842e-07
-2.613736475e-06
-3.670868897e-06
-3.48884288e-06
0.0001369216251
0.0001429649761
0.0001587414867
0.0001814323994
0.0002045294669
0.0002132123272
0.0001774912112
3.741854907e-05
-0.000274671012
-0.0008210231632
-0.001422353045
-0.001759437928
-0.001764453551
-0.001509963779
-0.001044500776
-0.0004732694687
1.326928794e-05
0.0001963555826
0.000171316774
0.0001266793792
0.0001087478781
9.13458043e-05
6.727998966e-05
4.750684598e-05
3.548631556e-05
2.683678737e-05
2.028552711e-05
1.556341253e-05
1.218584026e-05
9.636026414e-06
7.161621438e-06
4.693947357e-06
0.0001368217069
0.0001428542449
0.0001585985137
0.0001812287724
0.0002042144462
0.0002127154675
0.0001766545133
3.613712222e-05
-0.0002766271946
-0.0008229252159
-0.001423435365
-0.00176008319
-0.001765176799
-0.001511107114
-0.001046923795
-0.000476866069
7.431015929e-06
0.0001881757464
0.0001620050742
0.0001169970937
9.7320865e-05
7.912312561e-05
5.453472549e-05
3.445526281e-05
2.229178846e-05
1.379266511e-05
7.531566954e-06
3.078747055e-06
1.395208838e-07
-1.90349928e-06
-3.137949268e-06
-3.241574044e-06
0.0001286011495
0.0001334611589
0.0001459695839
0.000162976372
0.0001773356771
0.0001738835634
0.0001234419605
-2.657283625e-05
-0.0003298887912
-0.000817655568
-0.001333133421
-0.001627859471
-0.001628665541
-0.001392449931
-0.0009736126024
-0.0004703733794
-4.96585097e-05
0.0001208152729
0.0001160644685
8.995324407e-05
8.040437104e-05
7.031135933e-05
5.321834755e-05
3.792210641e-05
2.825727603e-05
2.168248721e-05
1.65185476e-05
1.259003668e-05
9.83981684e-06
7.800236954e-06
5.897517054e-06
3.804741485e-06
0.000113538297
0.0001163820367
0.0001234492946
0.0001313236126
0.0001325129162
0.0001125492397
4.628873662e-05
-0.0001054438698
-0.0003767607318
-0.0007733253958
-0.001182703352
-0.001427353412
-0.001432934114
-0.001238776647
-0.000895221127
-0.0004915020463
-0.0001491813127
1.684333534e-05
4.522819986e-05
4.389943893e-05
4.60107816e-05
4.398159334e-05
3.404293661e-05
2.30802577e-05
1.549913377e-05
1.043629622e-05
6.592685565e-06
3.486058579e-06
1.296549774e-06
-3.125661975e-07
-1.313632671e-06
-1.611840069e-06
9.37203728e-05
9.42386689e-05
9.506334762e-05
9.288980042e-05
8.067920417e-05
4.592202092e-05
-3.084082312e-05
-0.0001757877473
-0.0004078648083
-0.0007204185253
-0.001036130884
-0.001231635982
-0.001241759983
-0.001090177649
-0.0008210039523
-0.0005022518054
-0.0002241041316
-6.523147505e-05
-1.265346848e-05
4.366341581e-06
1.656058495e-05
2.264699207e-05
2.034903426e-05
1.538948858e-05
1.169389311e-05
9.341628325e-06
7.468717373e-06
5.902034474e-06
4.632807586e-06
3.754118613e-06
2.94612448e-06
1.939232726e-06
7.165693871e-05
6.9921344e-05
6.484765567e-05
5.3556874e-05
3.012005276e-05
-1.543676895e-05
-9.705796723e-05
-0.0002307859654
-0.0004251387562
-0.0006681207911
-0.0009060503498
-0.001056470164
-0.001068640849
-0.0009549668456
-0.0007508463813
-0.0005034510315
-0.0002823473637
-0.0001396522725
-7.437369274e-05
-4.293615665e-05
-2.073292058e-05
-6.472452497e-06
-1.083025305e-06
-1.291056094e-07
5.144492932e-08
2.52694793e-07
1.457617365e-07
-1.919098959e-07
-5.890140994e-07
-8.482595074e-07
-9.407412903e-07
-8.481801435e-07
4.970107318e-05
4.610612779e-05
3.608471228e-05
1.745039241e-05
-1.431139124e-05
-6.665824563e-05
-0.0001489324018
-0.0002699674365
-0.0004316970457
-0.0006209940478
-0.0007998966847
-0.0009147587891
-0.0009281622562
-0.0008449643683
-0.0006893288381
-0.0004993492459
-0.0003224101384
-0.0001952243074
-0.0001222208233
-7.918810982e-05
-4.855201905e-05
-2.759112679e-05
-1.598759993e-05
-9.961294023e-06
-6.165319831e-06
-3.513749956e-06
-1.794098448e-06
-8.230956285e-07
-1.810954861e-07
2.340222935e-07
5.383459997e-07
6.163101722e-07
2.989896222e-05
2.488791032e-05
1.109482388e-05
-1.293228203e-05
-5.030886613e-05
-0.0001063331145
-0.0001868856006
-0.0002960512054
-0.0004320157158
-0.0005821837483
-0.0007190330793
-0.0008073183028
-0.0008207528432
-0.000759523685
-0.0006403948443
-0.0004917978989
-0.0003478610767
-0.0002355938324
-0.000160664306
-0.0001110014931
-7.489346203e-05
-4.917228943e-05
-3.27360291e-05
-2.24594585e-05
-1.549749732e-05
-1.06040234e-05
-7.266577268e-06
-5.077486234e-06
-3.540829493e-06
-2.449118703e-06
-1.544808238e-06
-8.251964099e-07
1.380687399e-05
7.807081788e-06
-8.613175096e-06
-3.627454573e-05
-7.712591938e-05
-0.0001348170958
-0.0002128655316
-0.0003124097461
-0.0004298284891
-0.0005530004057
-0.000661155941
-0.0007307965785
-0.0007438805652
-0.0006980430741
-0.0006041327967
-0.0004836389983
-0.0003626712344
-0.0002619322757
-0.0001873397628
-0.0001334864241
-9.328738689e-05
-6.382438382e-05
-4.360720337e-05
-2.99819165e-05
-2.052243862e-05
-1.384610296e-05
-9.225365618e-06
-6.086895963e-06
-3.824501862e-06
-2.1870846e-06
-9.694731029e-07
-2.205179523e-07
2.517226521e-06
-4.095082953e-06
-2.214144525e-05
-5.199183719e-05
-9.47771745e-05
-0.0001530577217
-0.0002289120093
-0.0003218263772
-0.0004273714874
-0.0005338860366
-0.0006247068588
-0.0006817807265
-0.0006934647335
-0.0006580833212
-0.0005803885269
-0.0004773449003
-0.0003708080827
-0.0002779819161
-0.0002047855813
-0.0001489663993
-0.0001065082083
-7.491218315e-05
-5.241139125e-05
-3.668314311e-05
-2.56097305e-05
-1.772647542e-05
-1.223117559e-05
-8.341778493e-06
-5.603939293e-06
-3.602936014e-06
-2.055351466e-06
-9.106875136e-07
-3.28945684e-06
-1.01919001e-05
-2.900855745e-05
-5.98763158e-05
-0.0001035100816
-0.0001619274514
-0.0002365564796
-0.0003260960993
-0.0004261618573
-0.000524372863
-0.0006076078043
-0.0006600004716
-0.0006673985847
-0.0006376638342
-0.0005684822118
-0.0004738656944
-0.0003741875018
-0.0002853102059
-0.0002130578842
-0.0001563562768
-0.0001127482719
-8.001953531e-05
-5.630443706e-05
-3.943876279e-05
-2.749563856e-05
-1.894665881e-05
-1.297285641e-05
-8.685101197e-06
-5.771969997e-06
-3.613554089e-06
-1.944472268e-06
-7.420384947e-07
-2.254462634e-06
-9.108740512e-06
-2.779789846e-05
-5.846918829e-05
-0.0001018566512
-0.0001600058822
-0.0002343957088
-0.0003238105109
-0.0004239389904
-0.0005224763991
-0.0006061457335
-0.0006588052016
-0.0006663433866
-0.0006361827093
-0.0005663589555
-0.0004711605395
-0.0003711590812
-0.000282342117
-0.0002105029025
-0.0001543737471
-0.0001112356937
-7.884212186e-05
-5.540881221e-05
-3.877497829e-05
-2.700229915e-05
-1.857758863e-05
-1.270347696e-05
-8.5542697e-06
-5.691513941e-06
-3.555303156e-06
-1.932906336e-06
-7.594284461e-07
3.561989204e-06
-2.993717007e-06
-2.088927801e-05
-5.050366357e-05
-9.298620649e-05
-0.000150929716
-0.00022648224
-0.0003192542236
-0.0004249411737
-0.0005319816487
-0.0006235222013
-0.0006811241039
-0.0006928892311
-0.0006569087264
-0.0005783367806
-0.0004744535061
-0.000367396278
-0.000274593588
-0.0002019704352
-0.0001468985001
-0.0001049756196
-7.372171342e-05
-5.153796758e-05
-3.606604501e-05
-2.518416166e-05
-1.741886365e-05
-1.200043601e-05
-8.147743932e-06
-5.439088042e-06
-3.403535463e-06
-1.836628686e-06
-6.845232855e-07
1.487228939e-05
8.947632007e-06
-7.270256141e-06
-3.460635294e-05
-7.502366676e-05
-0.000132212645
-0.0002098014264
-0.0003091546908
-0.000426901429
-0.0005511204157
-0.0006607042226
-0.0007313948513
-0.0007444994063
-0.0006976543892
-0.0006022768982
-0.0004803154522
-0.0003583180935
-0.0002574834658
-0.0001838113084
-0.0001310884402
-9.154291702e-05
-6.245241356e-05
-4.259057612e-05
-2.926857571e-05
-2.002872891e-05
-1.352257782e-05
-9.063359164e-06
-6.071614054e-06
-3.997516756e-06
-2.535820698e-06
-1.446466973e-06
-6.800268838e-07
3.099751942e-05
2.609340195e-05
1.259266129e-05
-1.094893886e-05
-4.764542645e-05
-0.0001028427702
-0.0001826073827
-0.0002914571791
-0.0004281263484
-0.0005804021231
-0.000720127801
-0.0008104109244
-0.0008237774458
-0.0007607462187
-0.0006389730758
-0.0004876954019
-0.0003418357619
-0.000229370993
-0.0001561775918
-0.0001083369808
-7.31041885e-05
-4.782741993e-05
-3.187631271e-05
-2.191393433e-05
-1.509391181e-05
-1.012168231e-05
-6.698015362e-06
-4.345351533e-06
-2.70626351e-06
-1.407133551e-06
-4.622508184e-07
9.286330884e-08
5.084609764e-05
4.74063918e-05
3.782142753e-05
1.993696323e-05
-1.07162852e-05
-6.163746082e-05
-0.0001424706335
-0.0002628927698
-0.0004259621512
-0.0006195101813
-0.0008041409366
-0.000922550998
-0.0009356811489
-0.0008492124486
-0.0006887171672
-0.0004937734358
-0.0003129441997
-0.0001854281859
-0.0001156744675
-7.561872483e-05
-4.609363545e-05
-2.568015793e-05
-1.484156811e-05
-9.536033417e-06
-6.366373363e-06
-4.150661984e-06
-2.860914951e-06
-2.245490616e-06
-1.926082138e-06
-1.779342289e-06
-1.517510566e-06
-1.138192606e-06
7.285978255e-05
7.134624941e-05
6.692254275e-05
5.67920946e-05
3.517189317e-05
-7.903438666e-06
-8.683063934e-05
-0.0002192652288
-0.0004159838307
-0.000667429993
-0.0009163349932
-0.001072771852
-0.001084125443
-0.0009648040598
-0.0007513024307
-0.0004957698276
-0.000267706743
-0.0001249772447
-6.570857626e-05
-3.915452951e-05
-1.849155364e-05
-4.632945922e-06
3.568034958e-07
1.249323208e-06
1.788318985e-06
2.483337927e-06
2.787800718e-06
2.77498368e-06
2.749071629e-06
2.720263868e-06
2.478452685e-06
1.956658777e-06
9.497155431e-05
9.582068658e-05
9.757431802e-05
9.714823114e-05
8.784946234e-05
5.732470753e-05
-1.448041089e-05
-0.0001566664906
-0.000392534081
-0.0007213887169
-0.001057320746
-0.001262381127
-0.001270972559
-0.001109380883
-0.000825204036
-0.0004892234597
-0.0001984476136
-4.117393769e-05
9.878934168e-07
1.015916883e-05
1.938825682e-05
2.339440387e-05
1.888054314e-05
1.204294252e-05
7.35210184e-06
4.449974293e-06
2.101592227e-06
1.918024378e-07
-1.187090163e-06
-2.121101142e-06
-2.535567204e-06
-2.254442058e-06
0.0001148213728
0.0001181042846
0.0001264405412
0.0001368167521
0.000142445688
0.0001293780138
7.184018965e-05
-7.436076443e-05
-0.0003512353348
-0.0007777964734
-0.001221469996
-0.001479240573
-0.001483136683
-0.001273354559
-0.0009059560632
-0.0004714636669
-0.000108713107
5.024886357e-05
6.197166815e-05
5.091480821e-05
5.160855659e-05
4.943675375e-05
3.919058251e-05
2.857910561e-05
2.182795533e-05
1.748035199e-05
1.398074868e-05
1.126475114e-05
9.276230697e-06
7.835485612e-06
6.286359647e-06
4.292606557e-06
0.0001298605385
0.0001352592459
0.0001493540147
0.0001696321459
0.0001901700788
0.0001970351218
0.0001609216453
2.162921909e-05
-0.000288626998
-0.0008293362733
-0.001400383614
-0.001710897356
-0.001708285738
-0.001448138205
-0.0009908587074
-0.0004374622563
1.82996853e-05
0.0001700386205
0.000134075484
9.041923246e-05
7.566942067e-05
6.127375166e-05
4.121514911e-05
2.488429263e-05
1.522267363e-05
8.947738264e-06
4.255015182e-06
1.000712752e-06
-1.032890173e-06
-2.444576125e-06
-3.296369417e-06
-3.050934458e-06
0.0001379758194
0.0001445975046
0.0001620981529
0.0001884639153
0.0002187968603
0.0002403376733
0.0002238493716
0.0001015344753
-0.0002135535339
-0.000834022729
-0.001513893944
-0.001872574396
-0.001876979851
-0.001593004914
-0.001082364214
-0.0004464406639
9.486642646e-05
0.0002587096391
0.0001925337812
0.0001283196065
0.0001075863793
8.858333792e-05
6.35518262e-05
4.476919613e-05
3.375895599e-05
2.608692862e-05
2.02045086e-05
1.594677382e-05
1.285321262e-05
1.050438605e-05
8.156883837e-06
5.595883563e-06
0.0001378765538
0.0001444872816
0.0001619548454
0.0001882568465
0.0002184658598
0.0002397894164
0.0002228498007
9.989902257e-05
-0.000216325838
-0.0008362994332
-0.00151471642
-0.0018730188
-0.001877619597
-0.00159424224
-0.001084947017
-0.0004514415496
8.655343156e-05
0.0002474063446
0.0001792303549
0.0001143084007
9.261502103e-05
7.32507517e-05
4.860170359e-05
3.027742992e-05
1.977056769e-05
1.262331014e-05
7.351902554e-06
3.64676211e-06
1.21096647e-06
-4.422355153e-07
-1.503723439e-06
-1.599749959e-06
0.000129571201
0.0001349394609
0.000148945704
0.0001690559405
0.0001892928774
0.0001956609225
0.0001587434202
1.859351656e-05
-0.0002923742526
-0.0008314652075
-0.001400999932
-0.001712252208
-0.001710621618
-0.001451816067
-0.0009966888563
-0.0004458186196
9.592568281e-06
0.000162544028
0.000131632889
9.443147259e-05
8.380602752e-05
7.178613315e-05
5.281536728e-05
3.678726465e-05
2.685011841e-05
2.007415653e-05
1.481836206e-05
1.090180841e-05
8.11855591e-06
6.116652269e-06
4.234273645e-06
2.411864746e-06
0.0001143635435
0.0001176037873
0.0001258200039
0.0001359786464
0.0001412489075
0.0001276433351
6.935738047e-05
-7.755044816e-05
-0.0003548913814
-0.0007806135024
-0.001223549902
-0.001481842368
-0.001486322913
-0.001277554912
-0.0009117663247
-0.0004789120053
-0.0001162526041
4.332210318e-05
5.791042197e-05
4.879390447e-05
4.862235075e-05
4.433493121e-05
3.26658661e-05
2.116599957e-05
1.363501049e-05
8.751375547e-06
5.173985351e-06
2.414188339e-06
5.424996913e-07
-7.504596816e-07
-1.488000258e-06
-1.488542687e-06
9.437380413e-05
9.517620135e-05
9.680116067e-05
9.615183057e-05
8.651082851e-05
5.550825628e-05
-1.690502523e-05
-0.0001596553267
-0.0003958747361
-0.0007243290929
-0.00105972289
-0.001264970249
-0.001274073534
-0.001113414579
-0.000830510382
-0.000495772657
-0.0002052685258
-4.757355256e-05
-3.287162747e-06
8.290574569e-06
1.894537813e-05
2.411128499e-05
2.087546928e-05
1.542845097e-05
1.155300253e-05
9.116397514e-06
7.111542993e-06
5.516261223e-06
4.132558952e-06
3.176188452e-06
2.294948656e-06
1.298441114e-06
7.215082677e-05
7.059439541e-05
6.604678525e-05
5.571017201e-05
3.379237993e-05
-9.675356215e-06
-8.90695275e-05
-0.0002219293092
-0.0004189032797
-0.0006701985148
-0.0009188332299
-0.001075443152
-0.001087263662
-0.0009686422846
-0.0007559197406
-0.0005012220912
-0.0002732679554
-0.0001299993125
-6.901208714e-05
-4.057555396e-05
-1.909319159e-05
-5.352457889e-06
-6.866453126e-07
-1.855038546e-07
-1.818230541e-07
-8.835528962e-08
-2.738568856e-07
-6.023474529e-07
-9.74239721e-07
-1.199793497e-06
-1.260600479e-06
-1.101024602e-06
5.005481356e-05
4.657522318e-05
3.687913408e-05
1.881435225e-05
-1.208732755e-05
-6.332064764e-05
-0.000144506954
-0.0002652499
-0.000428526646
-0.000622070021
-0.0008066162665
-0.0009251598543
-0.0009386293987
-0.0008526409833
-0.0006926770389
-0.0004982166895
-0.0003174209626
-0.0001894678044
-0.0001186222555
-7.738564728e-05
-4.72870875e-05
-2.671646828e-05
-1.554944424e-05
-9.813154075e-06
-6.099201254e-06
-3.507321967e-06
-1.817506543e-06
-8.890444135e-07
-2.463251184e-07
1.35024917e-07
4.123478669e-07
4.867982334e-07
3.014666528e-05
2.520697424e-05
1.160881764e-05
-1.208777529e-05
-4.89901477e-05
-0.0001044364715
-0.0001844735652
-0.0002935735552
-0.0004304213062
-0.0005827587219
-0.000722500303
-0.0008129026188
-0.0008265274379
-0.0007638438477
-0.0006424225388
-0.0004914021971
-0.0003455262661
-0.0002327044807
-0.0001587548981
-0.0001100390347
-7.422364637e-05
-4.866978279e-05
-3.245917943e-05
-2.234444192e-05
-1.543846662e-05
-1.0583148e-05
-7.280219995e-06
-5.119888421e-06
-3.58664615e-06
-2.512944334e-06
-1.616155835e-06
-9.089065973e-07
1.398071899e-05
8.024542061e-06
-8.279228775e-06
-3.574979195e-05
-7.634090019e-05
-0.0001337342278
-0.000211542263
-0.0003110998206
-0.0004290070041
-0.0005533162009
-0.0006629686613
-0.0007337793576
-0.0007470820674
-0.0007004840154
-0.0006053319979
-0.0004835080632
-0.0003614559998
-0.0002603135461
-0.0001860961233
-0.000132745131
-9.27448525e-05
-6.342123244e-05
-4.335649689e-05
-2.986161072e-05
-2.044859374e-05
-1.381215634e-05
-9.213108418e-06
-6.081426375e-06
-3.823986165e-06
-2.200726871e-06
-9.955627155e-07
-2.468578677e-07
2.64521517e-06
-3.939090633e-06
-2.191240411e-05
-5.164718702e-05
-9.428254007e-05
-0.0001524024593
-0.0002281423721
-0.0003210915136
-0.0004269280839
-0.000534069722
-0.000625702228
-0.0006834271995
-0.0006953511964
-0.0006595564057
-0.0005811388238
-0.000477331476
-0.0003701885734
-0.0002771193507
-0.0002040756735
-0.0001485265934
-0.0001062087905
-7.469427578e-05
-5.227905367e-05
-3.66150398e-05
-2.556952408e-05
-1.770327285e-05
-1.221349002e-05
-8.331486887e-06
-5.604384292e-06
-3.606264873e-06
-2.061528205e-06
-9.16705652e-07
-3.183253302e-06
-1.006462887e-05
-2.882737241e-05
-5.961198089e-05
-0.0001031419738
-0.0001614542692
-0.0002360166462
-0.0003255961093
-0.000425869023
-0.0005245110341
-0.0006082798533
-0.0006610559117
-0.000668744772
-0.0006387431704
-0.000569039959
-0.0004738862608
-0.0003737903941
-0.0002847222171
-0.0002125212031
-0.0001559773146
-0.0001124771361
-7.981685062e-05
-5.61695988e-05
-3.935732441e-05
-2.744404987e-05
-1.891066776e-05
-1.294396284e-05
-8.688314486e-06
-5.778604127e-06
-3.616273209e-06
-1.947299828e-06
-7.44108762e-07
-2.067433297e-06
-8.883335602e-06
-2.747444185e-05
-5.799420251e-05
-0.0001011918493
-0.0001591478538
-0.0002334140711
-0.0003229009638
-0.0004234149979
-0.0005227541315
-0.0006074360357
-0.0006608334167
-0.0006688810075
-0.0006382406706
-0.0005674569619
-0.0004712551501
-0.0003704669642
-0.0002812862371
-0.0002095413327
-0.0001537062867
-0.0001107604445
-7.848563394e-05
-5.517261056e-05
-3.863393015e-05
-2.691233172e-05
-1.850701681e-05
-1.268741678e-05
-8.566514755e-06
-5.699481702e-06
-3.569422629e-06
-1.948057633e-06
-7.697892051e-07
3.78922811e-06
-2.715234971e-06
-2.047719912e-05
-4.98795581e-05
-9.208551234e-05
-0.0001497303749
-0.000225066131
-0.000317895666
-0.0004241204233
-0.0005323386582
-0.0006254257963
-0.0006842565182
-0.0006964547821
-0.0006597149663
-0.0005798013475
-0.0004744838321
-0.0003662833805
-0.0002730174116
-0.0002006931893
-0.0001461329678
-0.0001044585837
-7.3341767e-05
-5.131372201e-05
-3.595455615e-05
-2.512082557e-05
-1.736401223e-05
-1.194865058e-05
-8.102765911e-06
-5.398668365e-06
-3.36087942e-06
-1.809103016e-06
-6.583238083e-07
1.518425953e-05
9.339878658e-06
-6.6635284e-06
-3.364700145e-05
-7.357972152e-05
-0.000130207766
-0.0002073321423
-0.0003066873563
-0.0004253295975
-0.0005517069233
-0.0006641691943
-0.0007370595898
-0.0007505625653
-0.000702302952
-0.0006046026158
-0.0004801142864
-0.0003560331048
-0.0002544231805
-0.000181511482
-0.0001297654863
-9.058643109e-05
-6.172033136e-05
-4.214763271e-05
-2.905982535e-05
-1.992190957e-05
-1.350184693e-05
-9.068747876e-06
-6.122318377e-06
-4.06469775e-06
-2.617983657e-06
-1.541493597e-06
-7.659687583e-07
3.144615203e-05
2.667420191e-05
1.353432669e-05
-9.392027889e-06
-4.519738704e-05
-9.929341829e-05
-0.0001780459745
-0.000286709481
-0.0004249917093
-0.0005814370443
-0.0007268023859
-0.0008210338271
-0.0008347511135
-0.0007689911903
-0.000642926331
-0.0004870305158
-0.0003374111952
-0.0002238910139
-0.0001526497958
-0.0001066446309
-7.191523578e-05
-4.68912815e-05
-3.13105723e-05
-2.158700787e-05
-1.478931284e-05
-9.831438971e-06
-6.415031501e-06
-4.107630073e-06
-2.476355919e-06
-1.21325263e-06
-2.860918216e-07
1.727877566e-07
5.149119174e-05
4.826697131e-05
3.92864603e-05
2.24695338e-05
-6.55195123e-06
-5.5324764e-05
-0.0001339866408
-0.00025369537
-0.0004195722145
-0.0006214412958
-0.0008172157525
-0.0009425124951
-0.0009557200243
-0.0008639552215
-0.0006952851785
-0.0004913250356
-0.0003030351721
-0.0001742958463
-0.0001090342481
-7.241970103e-05
-4.381230302e-05
-2.401489315e-05
-1.408267778e-05
-9.38546233e-06
-6.435373869e-06
-4.314569898e-06
-3.123929213e-06
-2.532176639e-06
-2.256013382e-06
-2.09210185e-06
-1.810554043e-06
-1.403408688e-06
7.376619252e-05
7.258700962e-05
6.914708807e-05
6.081816523e-05
4.210935776e-05
3.121244863e-06
-7.12789625e-05
-0.0002016622487
-0.0004030936704
-0.0006712323388
-0.0009416304307
-0.001109710053
-0.00112017453
-0.0009914067683
-0.000763148073
-0.0004909917096
-0.0002489412246
-0.0001057130196
-5.545166996e-05
-3.45727605e-05
-1.477812533e-05
-1.409793496e-06
2.64700359e-06
3.012891222e-06
3.336152293e-06
3.816291336e-06
3.863458405e-06
3.604919854e-06
3.351153052e-06
3.117781263e-06
2.685266514e-06
1.947676678e-06
9.618060051e-05
9.754977152e-05
0.000100815514
0.0001032926853
9.897617351e-05
7.591502152e-05
1.313939136e-05
-0.0001238683166
-0.0003670227745
-0.000728934569
-0.001105108378
-0.001328739382
-0.001333819981
-0.001154898569
-0.0008441964735
-0.0004759221823
-0.0001599230818
-6.185685259e-06
1.868230813e-05
1.803026269e-05
2.481656416e-05
2.660927588e-05
1.972216215e-05
1.187101366e-05
6.984657329e-06
3.981095812e-06
1.583864958e-06
-4.111163701e-07
-1.781979742e-06
-2.709023983e-06
-3.094062906e-06
-2.766250535e-06
0.0001163462264
0.0001203734051
0.0001308857088
0.0001456497792
0.0001593000544
0.000159116847
0.0001185212239
-1.619044218e-05
-0.0003032585078
-0.0007929928523
-0.001306532959
-0.001591527918
-0.001589836422
-0.001352321678
-0.0009385536183
-0.0004443729387
-3.831455685e-05
0.0001059143215
8.87083329e-05
6.64756112e-05
6.623312791e-05
6.112701561e-05
4.729373812e-05
3.427550116e-05
2.605884888e-05
2.035229587e-05
1.587415526e-05
1.227840656e-05
9.523293236e-06
7.421104012e-06
5.456446425e-06
3.209294405e-06
0.0001316558724
0.0001380133946
0.0001549551478
0.0001812422419
0.0002134908703
0.0002406784716
0.0002341662494
0.0001188588917
-0.0002037960853
-0.0008617828974
-0.001546726322
-0.001889091679
-0.001875466094
-0.00157507235
-0.001042286567
-0.0003813952456
0.0001517518705
0.0002638304797
0.0001713292656
0.0001071738462
8.834890469e-05
6.843823588e-05
4.404688523e-05
2.627888091e-05
1.599679175e-05
9.147070838e-06
4.029557293e-06
4.837982497e-07
-1.779016216e-06
-3.337570027e-06
-4.255811726e-06
-3.975452812e-06
0.0001399310618
0.0001476442134
0.0001684262487
0.000201926819
0.0002467605757
0.0002951358678
0.0003215010604
0.0002438943367
-7.142089367e-05
-0.0008700632058
-0.00172238713
-0.00212466119
-0.002113151255
-0.001780665257
-0.00117347236
-0.0003831179879
0.0002905163915
0.0004114953917
0.0002721480842
0.0001801542237
0.0001462585785
0.0001125487788
7.641976549e-05
5.23082506e-05
3.791002903e-05
2.778709862e-05
2.021066661e-05
1.474618124e-05
1.08936375e-05
8.013957087e-06
5.423194193e-06
2.94407172e-06
0.0001398331471
0.0001475351638
0.0001682826999
0.000201713858
0.0002463978355
0.0002944803824
0.0003201249893
0.0002413590532
-7.64139685e-05
-0.0008728961991
-0.001722178623
-0.002124176953
-0.002113256621
-0.001782170193
-0.001177357023
-0.0003917990571
0.0002759154345
0.0003921817892
0.0002522334269
0.000160365647
0.0001265566941
9.245016666e-05
5.737396706e-05
3.401228023e-05
2.050856661e-05
1.137531538e-05
4.915491823e-06
5.299376279e-07
-2.259314674e-06
-3.941717286e-06
-4.97152631e-06
-4.587565027e-06
0.0001313704807
0.000137697089
0.0001545472895
0.0001806535497
0.0002125531223
0.0002391152277
0.0002314758682
0.0001148910053
-0.0002090381235
-0.0008637116482
-0.00154691034
-0.001890782519
-0.001878257854
-0.001579427499
-0.001049762371
-0.000392781794
0.0001401610208
0.0002548223885
0.000170952813
0.0001153213778
9.99170524e-05
8.225899196e-05
5.940332611e-05
4.206712598e-05
3.160520339e-05
2.437149101e-05
1.883968788e-05
1.471800069e-05
1.179620771e-05
9.655963909e-06
7.54458488e-06
5.363470337e-06
0.0001158944855
0.0001198790663
0.0001302687257
0.0001448046452
0.0001580595086
0.0001572501745
0.0001157105994
-1.993216136e-05
-0.0003077641657
-0.0007960071126
-0.001308630176
-0.001594241712
-0.001593022166
-0.001356658416
-0.0009450706548
-0.0004531410513
-4.702167403e-05
9.774700248e-05
8.430928848e-05
6.383726169e-05
6.166479695e-05
5.428973227e-05
3.931917829e-05
2.618475938e-05
1.775898745e-05
1.187850445e-05
7.405810533e-06
4.035421755e-06
1.611037507e-06
-1.670550936e-07
-1.315718351e-06
-1.772366661e-06
9.558983937e-05
9.691475642e-05
0.000100050242
0.0001022988181
9.762063456e-05
7.403460382e-05
1.054896919e-05
-0.0001271430909
-0.0003707838226
-0.0007320154272
-0.001107450661
-0.001331308224
-0.001336980595
-0.001159104574
-0.000849894675
-0.0004830857999
-0.0001673589914
-1.353290721e-05
1.41592422e-05
1.65740864e-05
2.499255938e-05
2.79917613e-05
2.274135195e-05
1.643259284e-05
1.242545497e-05
9.857640875e-06
7.78802535e-06
6.254041147e-06
5.034609621e-06
4.165242824e-06
3.404197485e-06
2.426430954e-06
7.306577512e-05
7.184557853e-05
6.828211162e-05
5.974627554e-05
4.073232239e-05
1.330944467e-06
-7.358176475e-05
-0.0002044434833
-0.0004061799581
-0.0006740711062
-0.0009440861448
-0.001112354642
-0.00112333289
-0.0009952780011
-0.0007679125878
-0.0004966064718
-0.0002546783953
-0.0001110580307
-5.866258148e-05
-3.561909438e-05
-1.526062475e-05
-2.357077673e-06
1.302940953e-06
1.281358718e-06
1.186473928e-06
1.197900092e-06
9.049291251e-07
4.881665287e-07
5.61464636e-08
-2.637579554e-07
-4.437787796e-07
-4.975288589e-07
5.070973384e-05
4.744638242e-05
3.835661276e-05
2.136110109e-05
-7.909799108e-06
-5.700137007e-05
-0.000136033198
-0.0002560834962
-0.0004221864439
-0.0006240182936
-0.0008196555988
-0.0009450674637
-0.0009586391669
-0.0008673644086
-0.0006992635649
-0.0004957989364
-0.0003075543909
-0.0001784518319
-0.000111966378
-7.40869934e-05
-4.49885332e-05
-2.506212045e-05
-1.470241269e-05
-9.463014691e-06
-5.946387361e-06
-3.410985444e-06
-1.810649162e-06
-8.855784239e-07
-2.913270109e-07
1.728873434e-07
4.626919762e-07
5.960049452e-07
3.060533593e-05
2.579859961e-05
1.256344769e-05
-1.051514111e-05
-4.652429607e-05
-0.0001008693113
-0.0001798984373
-0.0002888183533
-0.000427284362
-0.0005837784378
-0.0007291360939
-0.0008234710166
-0.0008374572144
-0.0007720458489
-0.0006463395187
-0.0004907095208
-0.000341074632
-0.0002272297814
-0.0001551852239
-0.0001082454351
-7.295070314e-05
-4.768345605e-05
-3.187190716e-05
-2.200649516e-05
-1.517983502e-05
-1.032790688e-05
-7.03098251e-06
-4.855722469e-06
-3.321574582e-06
-2.223082043e-06
-1.335502446e-06
-6.540216844e-07
1.430265578e-05
8.427540793e-06
-7.659631955e-06
-3.477452615e-05
-7.487781108e-05
-0.0001317075627
-0.0002090500749
-0.0003086095965
-0.0004274119965
-0.000553873902
-0.0006663928364
-0.000739393295
-0.0007530950935
-0.0007050799879
-0.0006076045957
-0.0004832563764
-0.0003591216133
-0.0002572160822
-0.0001837530644
-0.0001313562625
-9.175270031e-05
-6.267579799e-05
-4.291950956e-05
-2.963542456e-05
-2.033329499e-05
-1.374690081e-05
-9.197393577e-06
-6.063078076e-06
-3.838320823e-06
-2.240573989e-06
-1.032166107e-06
-2.632824307e-07
2.882269313e-06
-3.650045797e-06
-2.148773551e-05
-5.100747317e-05
-9.336272182e-05
-0.0001511804565
-0.0002267005799
-0.0003197049087
-0.0004260771027
-0.0005343928297
-0.0006275656634
-0.00068651118
-0.0006988653995
-0.0006623088229
-0.0005825467755
-0.0004773045486
-0.0003690183916
-0.0002754938793
-0.0002027525304
-0.0001477131388
-0.000105658038
-7.42904951e-05
-5.203711337e-05
-3.648465599e-05
-2.549253445e-05
-1.764762736e-05
-1.216471644e-05
-8.286634709e-06
-5.570750196e-06
-3.565401208e-06
-2.015314668e-06
-8.615810768e-07
-2.986516018e-06
-9.828796511e-06
-2.849153192e-05
-5.91216631e-05
-0.0001024583002
-0.0001605735965
-0.0002350088063
-0.0003246572061
-0.0004253132046
-0.0005247530713
-0.0006095308373
-0.0006630402441
-0.0006712296564
-0.0006407466788
-0.0005700810454
-0.000473922187
-0.0003730399788
-0.0002836140999
-0.0002115136413
-0.0001552687776
-0.0001119706771
-7.944074353e-05
-5.592072027e-05
-3.921032703e-05
-2.734910388e-05
-1.884625993e-05
-1.289719548e-05
-8.698901429e-06
-5.789855385e-06
-3.621090954e-06
-1.952608227e-06
-7.426842552e-07
-1.823346955e-06
-8.588939677e-06
-2.705148649e-05
-5.737212983e-05
-0.0001003192885
-0.0001580178256
-0.0002321153082
-0.0003216873417
-0.0004227045788
-0.0005230949709
-0.0006091452234
-0.0006635487437
-0.0006722059758
-0.0006409612593
-0.0005689234847
-0.0004713840264
-0.0003695382778
-0.0002798706802
-0.0002082580187
-0.0001528171409
-0.0001101254462
-7.800741846e-05
-5.485504557e-05
-3.843900536e-05
-2.677941987e-05
-1.842036538e-05
-1.26609726e-05
-8.5608377e-06
-5.689058145e-06
-3.547695759e-06
-1.930462307e-06
-7.59070682e-07
4.085938708e-06
-2.351267088e-06
-1.993777005e-05
-4.906088054e-05
-9.090033861e-05
-0.0001481452149
-0.0002231811768
-0.0003160671407
-0.0004229862718
-0.0005327742183
-0.0006279661433
-0.0006884352735
-0.0007011877996
-0.0006634602367
-0.0005817754561
-0.0004745349773
-0.0003647834746
-0.0002708971819
-0.0001989947603
-0.0001451193774
-0.0001037639116
-7.282520938e-05
-5.100604086e-05
-3.579884764e-05
-2.502406359e-05
-1.729484873e-05
-1.188931438e-05
-8.063443782e-06
-5.365138505e-06
-3.330113435e-06
-1.780090386e-06
-6.391747469e-07
1.559191166e-05
9.853085987e-06
-5.867821632e-06
-3.238518292e-05
-7.167192784e-05
-0.0001275413546
-0.0002040151354
-0.0003033235394
-0.0004231132358
-0.0005524151118
-0.0006688585836
-0.0007446740639
-0.0007587091811
-0.0007085724712
-0.0006077655155
-0.0004798320407
-0.0003528673267
-0.0002502044157
-0.0001783888083
-0.0001279711002
-8.928896383e-05
-6.072863867e-05
-4.15552965e-05
-2.875627494e-05
-1.974848825e-05
-1.339297549e-05
-9.007578309e-06
-6.092123269e-06
-4.047116754e-06
-2.597348738e-06
-1.512185457e-06
-7.065632877e-07
3.203280264e-05
2.743516121e-05
1.477208852e-05
-7.336898956e-06
-4.194499294e-05
-9.453410412e-05
-0.0001718453137
-0.0002801298574
-0.0004204705333
-0.0005826701093
-0.0007360366196
-0.0008354475459
-0.0008496999164
-0.0007802976727
-0.0006484295332
-0.0004861308414
-0.0003312366873
-0.0002163343569
-0.000147861212
-0.0001043231088
-7.029423682e-05
-4.56691883e-05
-3.066898502e-05
-2.127632858e-05
-1.458204336e-05
-9.654432035e-06
-6.3067799e-06
-4.026427845e-06
-2.415709315e-06
-1.164908217e-06
-2.697037302e-07
2.278566139e-07
5.233438674e-05
4.939868604e-05
4.121727044e-05
2.582740047e-05
-9.784829073e-07
-4.676711571e-05
-0.0001222707364
-0.0002406795743
-0.0004100783864
-0.0006238361313
-0.0008356473371
-0.0009700314722
-0.0009833710413
-0.0008844807756
-0.0007044976368
-0.0004874510013
-0.0002885229441
-0.0001586432517
-9.996180274e-05
-6.80203674e-05
-4.068860098e-05
-2.179951761e-05
-1.301577481e-05
-9.020050786e-06
-6.263373796e-06
-4.217274454e-06
-3.07253296e-06
-2.474813323e-06
-2.149792251e-06
-1.901817563e-06
-1.550620583e-06
-1.118990836e-06
7.494388238e-05
7.423085277e-05
7.209191323e-05
6.618907522e-05
5.148619919e-05
1.828758682e-05
-4.935265716e-05
-0.0001760714667
-0.0003832568627
-0.0006762036267
-0.0009781802582
-0.001162019999
-0.001170850682
-0.001029451902
-0.0007807812756
-0.0004835019879
-0.0002207088105
-7.845030002e-05
-4.191045056e-05
-2.89669453e-05
-1.083124537e-05
1.317969738e-06
3.899970521e-06
3.569033019e-06
3.723850034e-06
4.100686558e-06
4.071014238e-06
3.827558282e-06
3.571794645e-06
3.424416197e-06
3.050079006e-06
2.381280487e-06
9.776664305e-05
9.982941153e-05
0.0001051242425
0.0001115591773
0.0001142147728
0.0001019886804
5.315330799e-05
-7.449531168e-05
-0.0003261804587
-0.0007398849577
-0.00117649633
-0.001424917428
-0.001423553701
-0.001220523466
-0.000870904437
-0.0004540410667
-0.0001002860089
4.408595338e-05
4.159627757e-05
2.766589545e-05
3.121754266e-05
3.009250065e-05
2.02792294e-05
1.161921794e-05
6.730803656e-06
3.81814668e-06
1.556963343e-06
-2.465260071e-07
-1.406478544e-06
-2.145071335e-06
-2.424737704e-06
-2.032637423e-06
0.0001183479933
0.000123372392
0.0001368276744
0.0001576545557
0.0001827730717
0.0002018889748
0.0001885025681
7.537127081e-05
-0.0002226219867
-0.0008187705296
-0.001439617334
-0.001758962108
-0.001747254505
-0.001470867351
-0.0009864590388
-0.0004005629211
6.95292636e-05
0.000181963914
0.0001162236462
7.712635559e-05
7.486042565e-05
6.629221285e-05
4.933333617e-05
3.560963237e-05
2.744324125e-05
2.168060721e-05
1.735363526e-05
1.395359118e-05
1.142874277e-05
9.59725323e-06
7.775887717e-06
5.542585843e-06
0.0001340135644
0.0001416609544
0.0001624768759
0.0001971822746
0.0002465804067
0.0003053657411
0.0003487937823
0.0002803802704
-5.295623827e-05
-0.0009260133444
-0.001786669531
-0.002158774799
-0.002126229807
-0.001770298362
-0.001120247318
-0.0002847682403
0.0003586795727
0.0003802941665
0.0002035783504
0.0001178604123
9.445717571e-05
6.838261528e-05
4.137585953e-05
2.421020043e-05
1.489993923e-05
8.710679185e-06
4.288450071e-06
1.35279468e-06
-5.145740159e-07
-1.823376941e-06
-2.530904132e-06
-2.395543125e-06
0.0001424992054
0.0001516824249
0.0001769442593
0.0002205237325
0.0002869588508
0.0003783900313
0.0004806319738
0.0004953181811
0.0001968178075
-0.0009583011138
-0.002081094187
-0.0025101717
-0.002473707956
-0.002082688291
-0.001336806012
-0.0002865652545
0.0006043284266
0.0005547845594
0.0002977196539
0.0002012006035
0.0001669448996
0.0001222396758
8.207013849e-05
5.800382288e-05
4.371710211e-05
3.339847492e-05
2.578964694e-05
2.024151957e-05
1.642093695e-05
1.333520334e-05
1.061274459e-05
7.391518712e-06
0.0001424034184
0.0001515755039
0.0001768015077
0.0002203047941
0.000286550248
0.0003775552553
0.0004785021346
0.0004909447208
0.0001869135048
-0.0009611031864
-0.002079329241
-0.002508621818
-0.002472720304
-0.002083887366
-0.001343959138
-0.0003049332387
0.0005745840739
0.000517376012
0.0002586499919
0.0001662271076
0.0001378604359
9.80930464e-05
6.163866059e-05
4.009117807e-05
2.777726736e-05
1.917304926e-05
1.28661085e-05
8.380450678e-06
5.320315339e-06
3.188993605e-06
1.542173072e-06
8.276642864e-07
0.0001337343613
0.0001413507383
0.0001620723167
0.0001965810162
0.0002455613977
0.0003035189231
0.0003452438408
0.0002747461557
-6.115186091e-05
-0.0009271122214
-0.001786841231
-0.002161388349
-0.002129699813
-0.001775639146
-0.001130484907
-0.0003013657452
0.000341870649
0.000367620041
0.0002088369877
0.0001373429822
0.0001145748419
8.586637839e-05
5.632961084e-05
3.686146826e-05
2.543104622e-05
1.752273768e-05
1.170388964e-05
7.666138788e-06
4.89568459e-06
3.030794899e-06
1.349270664e-06
1.958693638e-07
0.0001179058935
0.0001228878992
0.0001362189582
0.000156806266
0.0001814816994
0.0001998455918
0.0001852040815
7.07371169e-05
-0.0002286383393
-0.0008219087758
-0.001441772621
-0.001761872513
-0.001750502275
-0.001475537105
-0.0009940455603
-0.0004113654171
5.923006763e-05
0.0001726392027
0.0001126009155
7.35564305e-05
6.630223179e-05
5.431507426e-05
3.67233077e-05
2.356936596e-05
1.614126699e-05
1.113743519e-05
7.325875395e-06
4.552396023e-06
2.606891524e-06
1.237905117e-06
3.159377479e-07
-1.587228998e-07
9.718839833e-05
9.920697174e-05
0.0001043727129
0.0001105754868
0.0001128471275
0.0001000352447
5.034235798e-05
-7.818445012e-05
-0.0003306068077
-0.0007431261204
-0.00117873492
-0.00142748029
-0.001426790048
-0.001224977061
-0.0008771522464
-0.000462154947
-0.0001085607314
3.532221307e-05
3.658484579e-05
2.657594257e-05
3.221205188e-05
3.255971111e-05
2.4369564e-05
1.666281027e-05
1.194155024e-05
8.806173379e-06
6.077354221e-06
4.038707179e-06
2.458460742e-06
1.365206448e-06
5.084472976e-07
-1.381065414e-07
7.425881767e-05
7.350287746e-05
7.124441255e-05
6.513655382e-05
5.012196681e-05
1.648636086e-05
-5.172649236e-05
-0.0001790003199
-0.0003865817605
-0.0006791187434
-0.000980571304
-0.001164614751
-0.001173987956
-0.001033332703
-0.0007857076058
-0.0004894076799
-0.0002266982545
-8.426125704e-05
-4.486922941e-05
-2.936426958e-05
-1.106636838e-05
6.316073872e-08
1.870484969e-06
8.923495333e-07
5.128902426e-07
4.479505622e-07
1.444457486e-07
-2.169797007e-07
-5.258344814e-07
-7.404671051e-07
-8.125605613e-07
-6.735752352e-07
5.156775576e-05
4.859382878e-05
4.030683234e-05
2.474251836e-05
-2.311366881e-06
-4.842398725e-05
-0.0001243169084
-0.0002430942369
-0.0004127502465
-0.0006264211564
-0.0008380194278
-0.0009725076081
-0.0009862261348
-0.0008878400195
-0.0007084783548
-0.000491957459
-0.0002930728185
-0.0001629452451
-0.0001028387505
-6.958616918e-05
-4.188490763e-05
-2.29168633e-05
-1.352521795e-05
-8.990939422e-06
-5.711374754e-06
-3.37714207e-06
-1.880242049e-06
-1.124931007e-06
-6.752675442e-07
-3.072473694e-07
-5.827341804e-08
1.921375089e-08
3.120682162e-05
2.65757162e-05
1.382085893e-05
-8.435435414e-06
-4.324263124e-05
-9.607820178e-05
-0.0001736687851
-0.0002822161642
-0.0004227482499
-0.0005849791632
-0.000738304431
-0.0008378033683
-0.0008523327404
-0.000783273694
-0.0006517702355
-0.0004897441893
-0.0003348469335
-0.0002196641857
-0.0001503340408
-0.0001057914396
-7.121762117e-05
-4.640374499e-05
-3.118755598e-05
-2.173274827e-05
-1.508543981e-05
-1.033706754e-05
-7.108197835e-06
-4.981690804e-06
-3.460203831e-06
-2.385558989e-06
-1.50617011e-06
-8.106396939e-07
1.472494945e-05
8.956632719e-06
-6.844722005e-06
-3.348856604e-05
-7.294028417e-05
-0.0001290062113
-0.0002056947595
-0.0003052059077
-0.000425154932
-0.0005545338951
-0.0006710178777
-0.0007469315733
-0.0007611631135
-0.0007112642647
-0.0006106792361
-0.0004828881752
-0.0003558715095
-0.0002529352978
-0.0001805575674
-0.0001294788486
-9.040354297e-05
-6.168533518e-05
-4.232407088e-05
-2.933476948e-05
-2.015517023e-05
-1.366675749e-05
-9.141511413e-06
-6.043955651e-06
-3.851375753e-06
-2.301409531e-06
-1.124355527e-06
-3.544161071e-07
3.19335219e-06
-3.270559931e-06
-2.092969055e-05
-5.016550105e-05
-9.214864487e-05
-0.0001495605041
-0.0002247754823
-0.0003178318908
-0.0004248948558
-0.0005347752624
-0.0006300443108
-0.0006906178211
-0.000703521269
-0.0006659711019
-0.0005844324948
-0.0004772627284
-0.0003674292967
-0.0002732946662
-0.0002009832564
-0.0001466338812
-0.0001049154967
-7.374611687e-05
-5.170329554e-05
-3.63087252e-05
-2.53943975e-05
-1.75839927e-05
-1.212578345e-05
-8.2745329e-06
-5.576720353e-06
-3.578797059e-06
-2.030863269e-06
-8.823158561e-07
-2.728236689e-06
-9.519119441e-06
-2.805034432e-05
-5.847687378e-05
-0.0001015575455
-0.0001594094019
-0.0002336700695
-0.0003233984294
-0.0004245534753
-0.000525039545
-0.0006111803247
-0.0006656887041
-0.0006744777051
-0.0006433855757
-0.0005714604751
-0.0004739601732
-0.0003720217438
-0.0002821176575
-0.0002101605409
-0.0001543203964
-0.0001112918769
-7.893620057e-05
-5.558726143e-05
-3.900814491e-05
-2.722003361e-05
-1.873864891e-05
-1.286044883e-05
-8.708666106e-06
-5.79773615e-06
-3.624371493e-06
-1.960333882e-06
-7.532290471e-07
-1.559778796e-06
-8.270711001e-06
-2.65935882e-05
-5.669733042e-05
-9.937020246e-05
-0.0001567835421
-0.0002306883521
-0.0003203394273
-0.0004218973275
-0.0005234304001
-0.0006110200194
-0.0006665580282
-0.0006758304434
-0.0006439565512
-0.0005705545186
-0.0004715297851
-0.0003684978047
-0.0002782873379
-0.0002068322657
-0.0001518391844
-0.0001094310517
-7.749271094e-05
-5.451718757e-05
-3.823698933e-05
-2.665155948e-05
-1.837496781e-05
-1.265099732e-05
-8.579247938e-06
-5.712536172e-06
-3.569135331e-06
-1.959598871e-06
-7.86371892e-07
4.406563995e-06
-1.957460865e-06
-1.935296662e-05
-4.817104132e-05
-8.960719343e-05
-0.0001464060547
-0.0002210944162
-0.0003140135166
-0.0004216666399
-0.0005331930494
-0.0006307751709
-0.0006930663765
-0.000706425272
-0.000667626842
-0.0005840002679
-0.000474612034
-0.0003631090825
-0.0002685295329
-0.0001971346483
-0.0001440322183
-0.000103012638
-7.226328581e-05
-5.065963513e-05
-3.562088269e-05
-2.48978799e-05
-1.719089187e-05
-1.180427234e-05
-8.002041052e-06
-5.317673157e-06
-3.290307728e-06
-1.754191686e-06
-6.280738465e-07
1.603289843e-05
1.040917606e-05
-5.003221784e-06
-3.100917483e-05
-6.957987223e-05
-0.0001245931115
-0.0002002999911
-0.0002994805944
-0.0004204666924
-0.0005530633334
-0.0006741470147
-0.0007532158651
-0.0007678836218
-0.0007156457767
-0.0006113595018
-0.000479495477
-0.0003491956554
-0.0002453537049
-0.0001748942759
-0.0001260336301
-8.79182681e-05
-5.973181686e-05
-4.100845823e-05
-2.857455469e-05
-1.970830463e-05
-1.342301113e-05
-9.106244408e-06
-6.232956253e-06
-4.20345191e-06
-2.785307777e-06
-1.699199799e-06
-8.615190221e-07
3.266817563e-05
2.826107609e-05
1.612083327e-05
-5.085979465e-06
-3.83540879e-05
-8.921727726e-05
-0.0001647912273
-0.0002724473479
-0.0004148837328
-0.0005837744919
-0.0007465659707
-0.0008518748503
-0.0008668609737
-0.0007934704874
-0.0006550191108
-0.0004852369198
-0.0003241105675
-0.0002076930333
-0.0001424911702
-0.0001016808981
-6.829647891e-05
-4.407919863e-05
-2.964958488e-05
-2.066411755e-05
-1.406987132e-05
-9.241720158e-06
-5.978167191e-06
-3.812164722e-06
-2.230128371e-06
-1.079951737e-06
-2.695199451e-07
1.593952728e-07
5.324840818e-05
5.063053243e-05
4.332814592e-05
2.952570571e-05
5.232045978e-06
-3.707147702e-05
-0.0001086617951
-0.0002250334014
-0.0003978645405
-0.0006259550385
-0.0008572540264
-0.001002409912
-0.001015434156
-0.0009087190129
-0.0007156287172
-0.0004827530643
-0.0002708738435
-0.0001405751493
-9.014732705e-05
-6.358713305e-05
-3.768936896e-05
-2.000935658e-05
-1.254942658e-05
-9.302991733e-06
-6.762991119e-06
-4.796617023e-06
-3.716119767e-06
-3.14614997e-06
-2.7941262e-06
-2.501413526e-06
-2.109084073e-06
-1.571050389e-06
7.621892947e-05
7.602894364e-05
7.532633533e-05
7.214895156e-05
6.206582198e-05
3.580721919e-05
-2.315307166e-05
-0.0001441266105
-0.0003564388912
-0.0006809330272
-0.001022941468
-0.00122578377
-0.001232419691
-0.001076978718
-0.000803655603
-0.0004745883941
-0.0001843574609
-4.440938668e-05
-2.487401743e-05
-2.0218241e-05
-3.543328721e-06
6.846745858e-06
7.309052292e-06
5.699963358e-06
5.173075907e-06
5.038538507e-06
4.422835234e-06
3.732115464e-06
3.168956373e-06
2.739109868e-06
2.220593968e-06
1.479634404e-06
9.948964474e-05
0.0001023247579
0.000109883535
0.0001208270335
0.0001317023966
0.0001329026895
0.0001028327956
-9.637836243e-06
-0.0002677664864
-0.0007529323999
-0.001267848664
-0.001544602158
-0.001535865432
-0.001306247123
-0.0009071549882
-0.0004267924982
-2.318931483e-05
0.0001058604107
6.718662371e-05
3.78576755e-05
3.754931265e-05
3.237326426e-05
1.990168016e-05
1.035447829e-05
5.345896244e-06
2.405220312e-06
1.802726486e-07
-1.516046184e-06
-2.579813321e-06
-3.229751795e-06
-3.401314021e-06
-2.840660161e-06
0.0001205255721
0.0001266622371
0.0001434328173
0.0001712882578
0.0002103243669
0.0002544310288
0.000279663728
0.0002042214083
-9.748973051e-05
-0.0008592694276
-0.001626261542
-0.001984544629
-0.001957089813
-0.001630471389
-0.001047335205
-0.0003270423036
0.0002330147359
0.000294301192
0.0001668234747
0.0001082593944
9.784703971e-05
7.881956391e-05
5.431459843e-05
3.715871683e-05
2.69885386e-05
1.968739418e-05
1.425101175e-05
1.016052665e-05
7.088575437e-06
4.884241647e-06
2.920494331e-06
1.158366717e-06
0.0001365795528
0.0001456690072
0.0001708787787
0.0002155096864
0.0002864391024
0.0003885017687
0.0005080234126
0.000525987977
0.0002044720106
-0.001040509875
-0.002153660903
-0.002565478758
-0.002502859027
-0.002059420669
-0.001216264476
-8.771365316e-05
0.0007161935743
0.0005490024856
0.0002471006959
0.0001401523325
0.000109012305
7.251707222e-05
4.036134782e-05
2.214857381e-05
1.260800526e-05
6.305217524e-06
1.949392594e-06
-8.668451471e-07
-2.615167796e-06
-3.764582121e-06
-4.263762573e-06
-3.740706456e-06
0.000145294679
0.0001561230758
0.0001864741903
0.0002420461562
0.0003362134912
0.0004896755617
0.0007177956081
0.000922257402
0.0006651688024
-0.001190692274
-0.002694160087
-0.003132544229
-0.003041267819
-0.002535190716
-0.001518963206
8.599795508e-06
0.001351229675
0.0009269917547
0.0004074498302
0.0002567380364
0.0001936093559
0.0001254052097
7.63345023e-05
4.896501928e-05
3.288474797e-05
2.158194118e-05
1.378762928e-05
8.436740368e-06
5.083350101e-06
2.508682025e-06
6.047775474e-07
-9.791105497e-07
0.0001452018763
0.0001560195755
0.0001863347286
0.0002418257212
0.0003357555545
0.0004885686277
0.0007142608352
0.0009133177615
0.0006463934045
-0.001186928218
-0.002687560361
-0.003130845821
-0.003041114514
-0.002536086996
-0.001528363739
-2.780844611e-05
0.001299220212
0.0008753569594
0.000349422038
0.0001961468038
0.0001406314282
8.253567746e-05
4.086415149e-05
2.037373971e-05
1.02209701e-05
3.71930128e-06
-6.418820009e-07
-3.203649075e-06
-4.614156511e-06
-5.295285755e-06
-5.738853058e-06
-4.664921393e-06
0.0001363089542
0.0001453683052
0.0001704834901
0.0002149049948
0.0002853368094
0.0003862912951
0.0005032600563
0.0005175068524
0.0001907808116
-0.001039390574
-0.002154052389
-0.002569328753
-0.002506569374
-0.002065947237
-0.00123158253
-0.000113905026
0.0006942373424
0.0005280311853
0.00025472027
0.0001711318862
0.0001461738994
0.0001079095043
7.287748983e-05
5.210190918e-05
3.94198543e-05
3.020639876e-05
2.327133005e-05
1.820062729e-05
1.447691104e-05
1.164709828e-05
9.064630778e-06
6.397134038e-06
0.0001200967083
0.0001261922054
0.0001428403907
0.0001704497113
0.0002089976691
0.0002522064285
0.0002757767224
0.0001983146666
-0.0001060881063
-0.0008622559489
-0.001628318278
-0.001987039422
-0.001960027228
-0.001635790381
-0.001056740972
-0.0003413405022
0.0002203841072
0.0002820206497
0.0001652430336
0.0001060491849
8.907572938e-05
6.680328133e-05
4.241143006e-05
2.603413336e-05
1.659472222e-05
1.037091334e-05
5.881043925e-06
2.833626309e-06
7.608551408e-07
-7.275377032e-07
-1.740047213e-06
-2.118284387e-06
9.892813515e-05
0.0001017201641
0.0001091544987
0.0001198678797
0.0001303444165
0.0001309003061
9.979977474e-05
-1.381548491e-05
-0.000273105578
-0.0007562821477
-0.001269982871
-0.001547136088
-0.001539054973
-0.001310799426
-0.0009137044004
-0.0004359613388
-3.238608831e-05
9.562279398e-05
6.248179201e-05
3.757752731e-05
3.979202927e-05
3.711805497e-05
2.71665591e-05
1.881110022e-05
1.437979794e-05
1.148323143e-05
9.086599685e-06
7.160972244e-06
5.870105408e-06
4.898091478e-06
4.01610875e-06
3.109784031e-06
7.555274415e-05
7.532079797e-05
7.450478073e-05
7.112896754e-05
6.073472674e-05
3.402309191e-05
-2.556937565e-05
-0.000147185681
-0.00036003395
-0.0006839091503
-0.001025239236
-0.001228312898
-0.001235384603
-0.001080733449
-0.0008085776777
-0.0004807455458
-0.0001905306878
-5.065085287e-05
-2.739911246e-05
-1.998613036e-05
-3.597137135e-06
5.698756715e-06
5.621034248e-06
3.544440393e-06
2.664104514e-06
2.206019731e-06
1.628394337e-06
9.933448569e-07
5.421001009e-07
1.875770181e-07
-4.396485428e-08
-1.888950938e-07
5.250104599e-05
4.984692145e-05
4.244465806e-05
2.847568639e-05
3.941134562e-06
-3.868442677e-05
-0.0001106774631
-0.0002274431078
-0.0004005735311
-0.0006285176783
-0.0008595236886
-0.001004785586
-0.001018165571
-0.0009119624942
-0.0007195243398
-0.0004871976769
-0.0002753393408
-0.0001449334233
-9.286958539e-05
-6.494573017e-05
-3.884250115e-05
-2.098036252e-05
-1.277404939e-05
-8.752437494e-06
-5.647282951e-06
-3.305844077e-06
-1.833919803e-06
-9.850454756e-07
-4.237236116e-07
8.008880939e-08
4.084500704e-07
5.454190746e-07
3.186145694e-05
2.742286204e-05
1.519600297e-05
-6.150314281e-06
-3.960866422e-05
-9.071045471e-05
-0.0001665611121
-0.0002744826762
-0.000417118485
-0.0005860227905
-0.0007487368323
-0.0008541270719
-0.0008693792801
-0.0007963188321
-0.0006582204229
-0.0004887159191
-0.0003275844278
-0.000210946032
-0.0001448354347
-0.0001029435479
-6.909955756e-05
-4.473328674e-05
-3.01216957e-05
-2.10373632e-05
-1.45043326e-05
-9.79019155e-06
-6.596663293e-06
-4.481927327e-06
-2.987941356e-06
-1.904223047e-06
-1.04068488e-06
-4.279068676e-07
1.518484514e-05
9.533372087e-06
-5.954824174e-06
-3.208013689e-05
-7.080717142e-05
-0.0001260078735
-0.0002019219964
-0.0003013002077
-0.0004224433178
-0.0005551088102
-0.0006762171969
-0.0007553719573
-0.0007702290231
-0.0007182156199
-0.0006141413717
-0.0004824170925
-0.0003520619293
-0.0002479678456
-0.0001769540061
-0.0001274161824
-8.897685318e-05
-6.065581673e-05
-4.176550532e-05
-2.908345767e-05
-2.004973557e-05
-1.361736071e-05
-9.1322071e-06
-6.067925467e-06
-3.910446089e-06
-2.354720149e-06
-1.138491371e-06
-3.378264393e-07
3.532467042e-06
-2.856706248e-06
-2.032064803e-05
-4.924498906e-05
-9.081685519e-05
-0.0001477739169
-0.0002226327868
-0.0003157151121
-0.0004235065135
-0.0005351196121
-0.0006327693564
-0.0006951541139
-0.0007086563765
-0.000670024886
-0.0005865338713
-0.0004772118708
-0.000365620883
-0.0002708097479
-0.0001990234865
-0.0001454550344
-0.0001041029439
-7.313672763e-05
-5.132516314e-05
-3.609188203e-05
-2.524983997e-05
-1.746132781e-05
-1.202868355e-05
-8.184921231e-06
-5.496260162e-06
-3.483068663e-06
-1.930364287e-06
-7.804059007e-07
-2.446444292e-06
-9.181207732e-06
-2.756883261e-05
-5.77724253e-05
-0.0001005712865
-0.0001581295297
-0.0002321890337
-0.0003219887691
-0.000423678253
-0.0005253012885
-0.0006129749052
-0.0006686088707
-0.0006780027361
-0.0006462723747
-0.0005729739176
-0.0004739812076
-0.0003708582861
-0.0002804207269
-0.0002086408848
-0.0001532625295
-0.0001105423108
-7.838259567e-05
-5.522836035e-05
-3.879081712e-05
-2.708128138e-05
-1.865393245e-05
-1.284789448e-05
-8.715627671e-06
-5.807268707e-06
-3.629246895e-06
-1.95997792e-06
-7.422748726e-07
-1.31749319e-06
-7.977744398e-06
-2.617118225e-05
-5.60733952e-05
-9.849003109e-05
-0.0001556338706
-0.000229350465
-0.000319060377
-0.0004211100001
-0.0005237008491
-0.0006127644013
-0.0006693885723
-0.0006792117552
-0.0006467778799
-0.000572104862
-0.0004716701058
-0.0003675007501
-0.0002767616811
-0.0002054592117
-0.0001508944039
-0.0001087581208
-7.699198313e-05
-5.418437388e-05
-3.800207945e-05
-2.652605515e-05
-1.831233639e-05
-1.261062176e-05
-8.535221757e-06
-5.672339947e-06
-3.529715179e-06
-1.923362992e-06
-7.555589275e-07
4.701616832e-06
-1.594449831e-06
-1.881261333e-05
-4.734644731e-05
-8.840396795e-05
-0.0001447781406
-0.0002191219896
-0.0003120407044
-0.0004203460893
-0.0005335105098
-0.0006334003271
-0.0006974477061
-0.0007113974032
-0.0006715992248
-0.0005861519296
-0.0004747116664
-0.0003615035475
-0.0002662447386
-0.0001953573842
-0.0001429943289
-0.0001022911485
-7.171917499e-05
-5.033478993e-05
-3.543654502e-05
-2.477628765e-05
-1.70838405e-05
-1.173093781e-05
-7.938130602e-06
-5.263803241e-06
-3.230871831e-06
-1.711720688e-06
-5.846701419e-07
1.643935033e-05
1.092274325e-05
-4.202289075e-06
-2.972953839e-05
-6.762293734e-05
-0.000121810792
-0.0001967434547
-0.0002957151923
-0.0004177389655
-0.0005534809546
-0.0006791800979
-0.0007614160006
-0.0007767971301
-0.0007225168407
-0.000614890575
-0.0004791469297
-0.0003454709223
-0.0002404284319
-0.0001713815427
-0.0001240830223
-8.653067186e-05
-5.868466684e-05
-4.037435944e-05
-2.824746172e-05
-1.946220451e-05
-1.322895969e-05
-8.953164172e-06
-6.113131175e-06
-4.079498681e-06
-2.645294324e-06
-1.551690016e-06
-7.081537356e-07
3.325488586e-05
2.902508656e-05
1.737418779e-05
-2.982998781e-06
-3.497094097e-05
-8.414382631e-05
-0.0001579189343
-0.0002647220034
-0.0004088640996
-0.0005843695092
-0.0007567588095
-0.0008680778873
-0.000883784466
-0.000806723199
-0.0006619176578
-0.0004845898279
-0.0003169879252
-0.000199014127
-0.0001371926895
-9.917804198e-05
-6.651019672e-05
-4.272998996e-05
-2.883315737e-05
-2.021330748e-05
-1.371714186e-05
-8.925263669e-06
-5.699439703e-06
-3.559569014e-06
-2.003767253e-06
-8.465891359e-07
-4.509415341e-08
3.847486869e-07
5.409477605e-05
5.177175412e-05
4.529668448e-05
3.300136225e-05
1.114057903e-05
-2.76752645e-05
-9.507623543e-05
-0.0002087293414
-0.0003840252571
-0.000626989978
-0.0008789544279
-0.001035288565
-0.001047845761
-0.0009333719153
-0.0007268752485
-0.0004772326946
-0.0002512633807
-0.0001212664049
-7.98624966e-05
-5.863145147e-05
-3.398360607e-05
-1.742250096e-05
-1.116755457e-05
-8.607254975e-06
-6.220414262e-06
-4.283748735e-06
-3.245145575e-06
-2.65327051e-06
-2.237438389e-06
-1.873911993e-06
-1.452605149e-06
-9.865952893e-07
7.739845044e-05
7.77028543e-05
7.835714985e-05
7.779341068e-05
7.226539546e-05
5.316020599e-05
3.91649535e-06
-0.0001091540431
-0.0003240253794
-0.0006837360606
-0.00107012758
-0.001292991977
-0.001298437271
-0.0011299339
-0.0008307503724
-0.0004667185299
-0.0001442029801
-8.831590064e-06
-9.706283844e-06
-1.387141342e-05
2.081912523e-06
1.126877747e-05
1.02279544e-05
7.701321884e-06
7.06419537e-06
6.782080354e-06
6.04660516e-06
5.226267273e-06
4.663417022e-06
4.229490578e-06
3.714177584e-06
2.745355642e-06
0.0001010850339
0.0001046556396
0.000114368771
0.0001296973456
0.0001488791673
0.0001644669818
0.0001566561333
6.640885318e-05
-0.0001910319231
-0.0007652495594
-0.00136991039
-0.00167477735
-0.001656229857
-0.001398659347
-0.0009450722129
-0.0003937058641
6.967063806e-05
0.0001761730944
9.534860196e-05
5.044901103e-05
4.612721174e-05
3.648963816e-05
2.159691521e-05
1.143871639e-05
6.440208195e-06
3.574168256e-06
1.538416767e-06
-1.739213314e-08
-1.026132937e-06
-1.626454934e-06
-1.85381009e-06
-1.496773475e-06
0.0001225457645
0.0001297395744
0.0001496951838
0.0001845027008
0.0002381051709
0.0003105388538
0.0003849661618
0.0003692799375
8.706929336e-05
-0.0009077044721
-0.001855712563
-0.002269483343
-0.002224547595
-0.001836956268
-0.001136365374
-0.0002440918699
0.0004323385593
0.0004030045381
0.0002027351576
0.0001381967074
0.0001253431708
9.720171094e-05
6.659394501e-05
4.739426521e-05
3.60610426e-05
2.809434333e-05
2.219429199e-05
1.78571505e-05
1.456507951e-05
1.21619801e-05
9.769303128e-06
7.268075095e-06
0.0001389612683
0.0001494244418
0.0001788657239
0.0002334736438
0.0003276790645
0.0004829351287
0.000710247861
0.0008795633101
0.0006239445814
-0.001186326608
-0.002596115382
-0.003105853835
-0.003048648449
-0.002517931354
-0.001428363315
0.0001561731087
0.001221342507
0.0007631958137
0.0002887247962
0.0001613861359
0.000123926532
8.000042074e-05
4.464528724e-05
2.606496685e-05
1.616403864e-05
9.589418543e-06
4.966059025e-06
1.985419855e-06
-6.736778973e-09
-1.227156108e-06
-2.083604795e-06
-2.031617228e-06
0.0001478895296
0.000160284669
0.0001955436871
0.0002631733862
0.0003878774519
0.000621464487
0.001050884088
0.001655510896
0.001527829615
-0.001598320147
-0.003515388326
-0.004049463996
-0.003997798012
-0.003460518199
-0.002139665568
0.0002060560189
0.002208602319
0.001320766872
0.00064924171
0.000403884621
0.0002729710468
0.0001761423742
0.0001141086218
7.954397755e-05
5.882299439e-05
4.422430421e-05
3.381299172e-05
2.63507706e-05
2.09819344e-05
1.692605848e-05
1.319489381e-05
9.364279383e-06
0.0001478006179
0.0001601858657
0.0001954119756
0.0002629607247
0.0003874043589
0.0006200214268
0.001045260365
0.00163634722
0.001484686556
-0.001578052949
-0.003496769322
-0.004041323215
-0.004002400722
-0.003473178153
-0.002171280433
0.0001044936491
0.002098715461
0.001202121431
0.0005749751966
0.0003592492913
0.0002373197072
0.0001450214823
8.788366402e-05
5.692860233e-05
3.896876218e-05
2.646104125e-05
1.766221506e-05
1.163880109e-05
7.547655906e-06
4.640627694e-06
2.319652522e-06
1.017597094e-06
0.0001387016813
0.0001491371042
0.0001784896829
0.000232887678
0.0003265436169
0.0004803212984
0.0007039347508
0.0008670095193
0.0005999972
-0.00118445196
-0.002600070575
-0.003109998599
-0.003050749576
-0.002522368776
-0.001448431444
0.0001119145332
0.001184330075
0.0007510118773
0.0003175081304
0.0001908728236
0.0001392027073
8.751159654e-05
5.024902612e-05
3.000390091e-05
1.840809179e-05
1.084587209e-05
5.817886365e-06
2.622133776e-06
6.280813886e-07
-6.015182915e-07
-1.637568986e-06
-2.153394056e-06
0.0001221336257
0.000129289367
0.0001491302481
0.0001836989994
0.0002367943242
0.0003082094747
0.0003805400596
0.0003618580335
7.465147462e-05
-0.0009103260878
-0.001858745906
-0.002271843744
-0.002226405989
-0.001841634968
-0.001145982555
-0.0002612615349
0.0004219036598
0.0003883355771
0.0001963266733
0.0001241362801
0.0001046747218
7.820729384e-05
5.133323065e-05
3.419088494e-05
2.412483467e-05
1.733595472e-05
1.238751286e-05
8.872429585e-06
6.335208203e-06
4.418962662e-06
2.858335816e-06
1.68068628e-06
0.0001005443292
0.0001040747346
0.0001136727964
0.000128784285
0.0001475746705
0.0001624950467
0.0001535006596
6.177806516e-05
-0.0001973763228
-0.0007684838011
-0.001372159853
-0.001677473365
-0.001659507531
-0.001403345938
-0.0009516250101
-0.0004038133031
5.916983527e-05
0.0001620112346
9.073616461e-05
5.173909637e-05
4.847978105e-05
3.941422641e-05
2.514797197e-05
1.460235605e-05
8.855838092e-06
5.225253357e-06
2.471469733e-06
4.846791512e-07
-6.685077759e-07
-1.526002396e-06
-2.129031315e-06
-2.189005121e-06
7.675497163e-05
7.702068101e-05
7.757073458e-05
7.682271073e-05
7.099915607e-05
5.144883128e-05
1.541142375e-06
-0.0001122514083
-0.0003278266408
-0.0006866659996
-0.001072290009
-0.001295487599
-0.001301264104
-0.00113354885
-0.0008355054796
-0.0004728947345
-0.0001504305867
-1.516108263e-05
-1.098644668e-05
-1.30289111e-05
7.623234637e-07
8.090262938e-06
6.540881108e-06
3.892821166e-06
2.934705035e-06
2.473413682e-06
1.923405499e-06
1.336424168e-06
9.533329249e-07
6.307903671e-07
3.724730124e-07
1.826800768e-07
5.337057954e-05
5.101476471e-05
4.444788021e-05
3.199900951e-05
9.913667358e-06
-2.920776937e-05
-9.700561059e-05
-0.0002110648526
-0.0003867055534
-0.0006294622385
-0.0008810655795
-0.001037537462
-0.001050419158
-0.0009364639696
-0.0007306034573
-0.0004815150528
-0.0002555396538
-0.0001256288048
-8.252830944e-05
-5.999148762e-05
-3.530998677e-05
-1.857530088e-05
-1.169676136e-05
-8.477662763e-06
-5.811885999e-06
-3.858057343e-06
-2.645933442e-06
-2.063992725e-06
-1.630479209e-06
-1.330053111e-06
-1.051317338e-06
-8.229908371e-07
3.247130931e-05
2.821274345e-05
1.648226136e-05
-4.003221795e-06
-3.616691396e-05
-8.55621169e-05
-0.0001596001525
-0.0002666614365
-0.0004110081002
-0.0005865118042
-0.0007587932929
-0.0008701888868
-0.0008861556402
-0.0008093954584
-0.0006649281457
-0.0004878629441
-0.0003202435686
-0.0002021370801
-0.0001393833679
-0.000100204878
-6.716768992e-05
-4.340848862e-05
-2.947539689e-05
-2.08416552e-05
-1.444702982e-05
-9.81508828e-06
-6.651987233e-06
-4.573330824e-06
-3.065568951e-06
-1.989717822e-06
-1.130071161e-06
-5.235373122e-07
1.561388714e-05
1.007179834e-05
-5.123006812e-06
-3.076014195e-05
-6.879765276e-05
-0.0001231589096
-0.0001982849028
-0.000297443074
-0.0004196177082
-0.0005554222672
-0.0006811327516
-0.0007634424452
-0.0007790045874
-0.0007249278749
-0.0006174978956
-0.0004818806287
-0.0003481437802
-0.0002428767161
-0.0001733104612
-0.0001253560879
-8.754542831e-05
-5.960834659e-05
-4.114858083e-05
-2.876878051e-05
-1.989507675e-05
-1.352036753e-05
-9.132460136e-06
-6.127381181e-06
-4.055263196e-06
-2.53358551e-06
-1.360529919e-06
-5.685786728e-07
3.849518236e-06
-2.469721601e-06
-1.975106659e-05
-4.838297807e-05
-8.956573243e-05
-0.0001460860266
-0.0002205879131
-0.0003136587461
-0.000422094122
-0.0005353393826
-0.0006352886362
-0.0006994184983
-0.0007135012839
-0.00067385453
-0.0005885277851
-0.0004771414061
-0.0003638439066
-0.0002683703459
-0.0001971234236
-0.0001443242757
-0.0001033124155
-7.254795293e-05
-5.09641606e-05
-3.591261339e-05
-2.514810581e-05
-1.739559106e-05
-1.200732674e-05
-8.185046138e-06
-5.510218374e-06
-3.499949565e-06
-1.950240665e-06
-8.085708029e-07
-2.182519988e-06
-8.864778134e-06
-2.711811427e-05
-5.711265546e-05
-9.964571267e-05
-0.0001569234663
-0.0002307832604
-0.0003206312574
-0.0004228037601
-0.000525478699
-0.0006146194305
-0.0006713300247
-0.0006812635884
-0.000648959529
-0.0005743766554
-0.0004739656638
-0.0003697019846
-0.0002787514069
-0.0002071502696
-0.00015223057
-0.0001098081826
-7.784370172e-05
-5.487058743e-05
-3.856924617e-05
-2.691345519e-05
-1.858971127e-05
-1.283553141e-05
-8.711419033e-06
-5.807502609e-06
-3.648164324e-06
-1.987942181e-06
-7.753105343e-07
-1.134183184e-06
-7.755743743e-06
-2.585003604e-05
-5.55975023e-05
-9.781644281e-05
-0.0001547501709
-0.0002283154775
-0.0003180592466
-0.0004204758935
-0.0005238729538
-0.0006140946657
-0.0006715714103
-0.0006818159909
-0.0006489645519
-0.0005733093818
-0.0004717769811
-0.0003667129066
-0.0002755548446
-0.0002043776178
-0.0001501523529
-0.0001082391263
-7.661912461e-05
-5.395179462e-05
-3.78503927e-05
-2.64688782e-05
-1.830120522e-05
-1.260884007e-05
-8.553607042e-06
-5.702510236e-06
-3.564731446e-06
-1.961768517e-06
-7.912795866e-07
4.925279035e-06
-1.318831502e-06
-1.840092591e-05
-4.67159505e-05
-8.748012651e-05
-0.0001435211037
-0.0002175848812
-0.0003104788314
-0.0004192575567
-0.0005336883577
-0.0006354047346
-0.0007008486857
-0.0007152858525
-0.0006747255686
-0.0005878770885
-0.0004748345967
-0.0003602685154
-0.0002644697368
-0.0001939838924
-0.0001421772195
-0.000101696731
-7.125966025e-05
-5.004456651e-05
-3.526846122e-05
-2.465740278e-05
-1.700646339e-05
-1.168752628e-05
-7.923759774e-06
-5.270425792e-06
-3.257278155e-06
-1.747527092e-06
-6.373647739e-07
1.674827777e-05
1.131371921e-05
-3.590195347e-06
-2.874748177e-05
-6.611279651e-05
-0.0001196462545
-0.0001939396217
-0.0002926748853
-0.000415423679
-0.0005536153598
-0.0006830784373
-0.0007679101693
-0.0007838916067
-0.0007279815119
-0.0006178022554
-0.0004789546765
-0.0003424891508
-0.0002364631317
-0.0001686681176
-0.0001227038665
-8.567836151e-05
-5.813459424e-05
-4.016838282e-05
-2.823098614e-05
-1.952130414e-05
-1.332535027e-05
-9.106485283e-06
-6.273683886e-06
-4.255916822e-06
-2.826769821e-06
-1.716361531e-06
-8.675450226e-07
3.370207814e-05
2.96080067e-05
1.833533228e-05
-1.361802e-06
-3.234297776e-05
-8.015694068e-05
-0.0001524099257
-0.0002583207771
-0.0004034807501
-0.0005843076794
-0.0007647990833
-0.0008811855924
-0.0008977937759
-0.0008177677675
-0.0006681348783
-0.0004846840239
-0.0003114856202
-0.0001917785046
-0.0001324203976
-9.65672097e-05
-6.460882221e-05
-4.137682985e-05
-2.806389911e-05
-1.983361313e-05
-1.352861338e-05
-8.890783394e-06
-5.786516199e-06
-3.753674625e-06
-2.250171367e-06
-1.182854144e-06
-4.310565946e-07
1.961844494e-08
5.474211842e-05
5.264391839e-05
4.681170147e-05
3.569531969e-05
1.577014438e-05
-2.018691882e-05
-8.391243908e-05
-0.0001946648858
-0.0003709598491
-0.0006266871783
-0.0008964900494
-0.001062047883
-0.001075050306
-0.0009550593715
-0.0007377055407
-0.0004735455575
-0.0002358815771
-0.000106711549
-7.335999691e-05
-5.639927833e-05
-3.268680564e-05
-1.675169705e-05
-1.123311487e-05
-9.072442106e-06
-6.809930237e-06
-4.88687115e-06
-3.866207247e-06
-3.288231971e-06
-2.824747611e-06
-2.44286029e-06
-2.024215654e-06
-1.484634698e-06
7.830050021e-05
7.898803119e-05
8.069995316e-05
8.219891797e-05
8.03504799e-05
6.727056781e-05
2.693384219e-05
-7.707659826e-05
-0.0002906024196
-0.0006839574482
-0.001111421164
-0.001351947905
-0.001357012968
-0.001179711805
-0.0008599980162
-0.0004614352049
-0.0001028527732
2.88378987e-05
7.760035172e-06
-6.597576803e-06
6.684147411e-06
1.341846569e-05
1.070821584e-05
7.001632999e-06
5.66541276e-06
4.977567722e-06
4.015760939e-06
3.075944732e-06
2.36363781e-06
1.859147413e-06
1.350073497e-06
6.507660396e-07
0.0001023062516
0.0001064515415
0.0001178526627
0.0001366843752
0.0001627278665
0.0001909380955
0.0002048749879
0.0001414959769
-0.0001029748194
-0.0007691824427
-0.001461213551
-0.001800778554
-0.001778279582
-0.00149556463
-0.0009949445207
-0.000387992518
0.0001489407912
0.0002345857243
0.0001157697594
5.921273955e-05
5.176039956e-05
3.869081589e-05
2.126953549e-05
1.03094948e-05
5.327603362e-06
2.475483827e-06
4.755885293e-07
-1.00538042e-06
-1.956977886e-06
-2.538391085e-06
-2.736568449e-06
-2.307293697e-06
0.0001240953328
0.0001321150717
0.0001545765952
0.00019501987
0.0002609590142
0.0003600357156
0.0004875506332
0.0005551497991
0.0003099306471
-0.0009438039221
-0.00206658291
-0.00255997385
-0.002517866722
-0.002065447761
-0.001222972193
-0.0001422929749
0.0006834913411
0.0005282917435
0.0002184534087
0.0001440488748
0.000126696305
9.057564133e-05
5.569946175e-05
3.571331397e-05
2.409071165e-05
1.595616832e-05
1.021062921e-05
6.176556038e-06
3.372447309e-06
1.426692658e-06
-2.316079931e-07
-1.158458181e-06
0.000140788492
0.0001523262343
0.0001851069276
0.0002478080001
0.000362105658
0.0005702384235
0.0009346007447
0.0013761564
0.001205107088
-0.0008143440216
-0.002396595234
-0.003149329803
-0.003244067522
-0.002815426378
-0.00181052757
0.0004396884233
0.001770524297
0.001038849672
0.0003434546827
0.0001849004492
0.000132128338
8.04575411e-05
4.467295204e-05
2.693558892e-05
1.707620358e-05
1.033212914e-05
5.70382205e-06
2.689185131e-06
6.384998932e-07
-6.576761377e-07
-1.620655755e-06
-1.610012138e-06
0.0001498815073
0.0001635082882
0.0002026285377
0.0002801120816
0.0004305531235
0.0007445409121
0.001442223897
0.001953835386
0.00255304381
-0.001337875884
-0.00361898652
-0.004617998595
-0.004659238904
-0.004161103355
-0.002851717065
-9.873649909e-05
0.003008029086
0.001243069345
0.0007602381556
0.000444540419
0.0002426240871
0.0001274439444
6.556940806e-05
3.405949162e-05
1.743540575e-05
7.626870287e-06
1.558333293e-06
-1.964709317e-06
-4.198395191e-06
-5.2736534e-06
-6.347391478e-06
-6.196292947e-06
0.0001497973055
0.0001634155975
0.0002025077086
0.0002799233411
0.0004301281663
0.000743031464
0.001434461303
0.002391179168
0.00384799302
-0.001903910671
-0.004308774769
-0.004930587365
-0.004871200234
-0.004376478067
-0.003191260649
-0.0005325316889
0.004163483525
0.0009316209303
0.0004810305554
0.0003160423671
0.0001823587999
9.813458787e-05
5.472429382e-05
3.294811301e-05
2.10756627e-05
1.336172861e-05
8.253361717e-06
4.963090524e-06
2.741969784e-06
1.31425943e-06
-4.047341439e-08
-1.003573375e-07
0.000140542059
0.0001520561685
0.0001847598176
0.0002472813313
0.0003610566568
0.0005675996156
0.0009261644955
0.001354561499
0.001175420242
-0.0009632555243
-0.003093085654
-0.003893806068
-0.003936648989
-0.003418260404
-0.002189573343
0.0003836900749
0.001651407827
0.00101291622
0.0004893106699
0.0003148895327
0.0002151459622
0.0001395285958
9.009667023e-05
6.133186765e-05
4.353660395e-05
3.139447084e-05
2.287879756e-05
1.695682126e-05
1.275380388e-05
9.736408448e-06
7.181930865e-06
4.521925916e-06
0.0001237029736
0.0001316897671
0.0001540521197
0.0001942846379
0.0002597698452
0.0003578150172
0.0004830844749
0.0005461484837
0.0002936099372
-0.0009441027651
-0.002070769378
-0.00256417384
-0.002522496282
-0.002072888404
-0.001235758222
-0.000164158617
0.0006822147481
0.0005362801219
0.0002323179931
0.0001322261744
0.000105844063
7.418179309e-05
4.512330826e-05
2.803615627e-05
1.874793054e-05
1.270703412e-05
8.387104982e-06
5.418642999e-06
3.41218499e-06
1.954123297e-06
7.895400008e-07
-6.566261077e-08
0.0001017896569
0.0001058999283
0.0001172009944
0.0001358431256
0.0001615417258
0.00018914192
0.0002019239336
0.000136729681
-0.0001102800819
-0.0007719790416
-0.001463182733
-0.001803130817
-0.001780765074
-0.001499223435
-0.001000482113
-0.0003966443879
0.000142470706
0.0002157627566
0.0001104089611
6.552951729e-05
6.258479954e-05
5.066567256e-05
3.397930323e-05
2.267106886e-05
1.650988701e-05
1.250671281e-05
9.36153172e-06
7.0913553e-06
5.642974629e-06
4.573622767e-06
3.68985156e-06
2.805425114e-06
7.76831471e-05
7.833692413e-05
7.995773154e-05
8.129569006e-05
7.918897815e-05
6.571383573e-05
2.476422289e-05
-7.998903146e-05
-0.0002944145607
-0.0006866948131
-0.00111324788
-0.001354061576
-0.001359495853
-0.001182902671
-0.0008644557996
-0.0004670758149
-0.0001087360735
2.226537993e-05
8.412398828e-06
-2.911507366e-06
7.588976871e-06
1.222841344e-05
8.867304406e-06
5.396586944e-06
4.097406652e-06
3.431759344e-06
2.761960642e-06
2.077027463e-06
1.655082371e-06
1.301766001e-06
9.702408137e-07
6.286615117e-07
5.404461058e-05
5.191777906e-05
4.60046824e-05
3.475346986e-05
1.463164043e-05
-2.159380714e-05
-8.567352571e-05
-0.000196803682
-0.0003734735326
-0.000628987066
-0.0008983936475
-0.001064078635
-0.001077368226
-0.000957799365
-0.0007409927959
-0.0004772925592
-0.0002394544132
-0.0001105238975
-7.560173893e-05
-5.751241571e-05
-3.344613982e-05
-1.708851416e-05
-1.071871722e-05
-7.848457438e-06
-5.164242241e-06
-3.153029815e-06
-1.808793875e-06
-1.101766364e-06
-6.025648527e-07
-2.395705651e-07
8.098666785e-08
2.734338973e-07
3.294479823e-05
2.882532629e-05
1.748199838e-05
-2.328686238e-06
-3.346478631e-05
-8.147430329e-05
-0.0001539596016
-0.0002601018151
-0.000405459628
-0.0005862887544
-0.0007666673443
-0.0008831094269
-0.0008999568309
-0.0008201637804
-0.0006708351341
-0.0004875912103
-0.0003143303951
-0.0001945364005
-0.0001344224918
-9.740394781e-05
-6.500569099e-05
-4.17422528e-05
-2.841063124e-05
-2.011140203e-05
-1.382924021e-05
-9.243253311e-06
-6.121062529e-06
-4.065647246e-06
-2.587000591e-06
-1.500635671e-06
-6.496415153e-07
-1.279482669e-07
1.594831347e-05
1.049102135e-05
-4.475349854e-06
-2.973076508e-05
-6.722427551e-05
-0.0001209114864
-0.0001953762507
-0.0002942776555
-0.0004171646134
-0.0005554166697
-0.000684887874
-0.0007697831593
-0.0007859275814
-0.0007301904509
-0.0006201744195
-0.0004814231149
-0.0003448668925
-0.0002386358494
-0.0001703876254
-0.0001238604787
-8.65822555e-05
-5.895454613e-05
-4.078362606e-05
-2.862970504e-05
-1.97806298e-05
-1.344721657e-05
-9.07948827e-06
-6.105820146e-06
-4.000250733e-06
-2.459798008e-06
-1.262852246e-06
-4.539491659e-07
4.097912772e-06
-2.167032446e-06
-1.930609778e-05
-4.770939934e-05
-8.858593727e-05
-0.00014475764
-0.0002189626524
-0.0003119929327
-0.0004208894724
-0.0005353959051
-0.0006371675441
-0.0007026847591
-0.0007172400954
-0.0006768098553
-0.0005900583077
-0.0004770496457
-0.0003623860854
-0.0002663813559
-0.0001955856243
-0.0001433993917
-0.0001026419426
-7.201745554e-05
-5.061693785e-05
-3.568886265e-05
-2.498076923e-05
-1.726083959e-05
-1.189742681e-05
-8.080430652e-06
-5.401174639e-06
-3.375812401e-06
-1.829368586e-06
-6.912535117e-07
-1.974929222e-06
-8.616362879e-06
-2.676489814e-05
-5.659585236e-05
-9.891978935e-05
-0.0001559740085
-0.0002296680257
-0.0003195362286
-0.000422064221
-0.0005255396267
-0.0006158323187
-0.0006733872684
-0.0006837294796
-0.0006509893329
-0.0005754064386
-0.0004738835127
-0.0003687215383
-0.0002773641505
-0.0002059218534
-0.0001513869537
-0.000109219671
-7.741786835e-05
-5.459363614e-05
-3.837545331e-05
-2.682250714e-05
-1.856694093e-05
-1.282484242e-05
-8.69655311e-06
-5.79479545e-06
-3.626083694e-06
-1.962537295e-06
-7.499103994e-07
-1.038202269e-06
-7.639523646e-06
-2.568069968e-05
-5.534487562e-05
-9.745687197e-05
-0.0001542758002
-0.0002277560867
-0.0003175120833
-0.0004201191554
-0.0005239433434
-0.0006147953624
-0.0006727317862
-0.0006832054966
-0.0006501281729
-0.0005739323514
-0.0004717990551
-0.0003662415805
-0.0002748528279
-0.0002037451651
-0.0001497012583
-0.0001079120774
-7.637928109e-05
-5.379575718e-05
-3.773189803e-05
-2.640468714e-05
-1.825189493e-05
-1.257837611e-05
-8.504060867e-06
-5.658627019e-06
-3.521125362e-06
-1.913777216e-06
-7.439238455e-07
5.043091579e-06
-1.173796881e-06
-1.818286495e-05
-4.637988926e-05
-8.698499928e-05
-0.0001428434689
-0.0002167496231
-0.0003096188181
-0.0004186369264
-0.0005337445185
-0.0006364699396
-0.0007026655725
-0.0007173845197
-0.0006764103985
-0.000588796179
-0.0004748772441
-0.0003595668231
-0.0002634898351
-0.0001932420576
-0.0001417218369
-0.0001013476064
-7.097289924e-05
-4.984135658e-05
-3.512838499e-05
-2.454414702e-05
-1.691114523e-05
-1.162149254e-05
-7.861678809e-06
-5.214464918e-06
-3.200896662e-06
-1.702121428e-06
-5.927587088e-07
1.691230452e-05
1.152082908e-05
-3.264081563e-06
-2.822125727e-05
-6.529901618e-05
-0.0001184720825
-0.000192403195
-0.0002909785947
-0.0004140663339
-0.0005535840034
-0.0006851782346
-0.0007714668004
-0.0007878033442
-0.0007308821308
-0.0006193033857
-0.0004786954348
-0.0003405664538
-0.000233980104
-0.0001669277163
-0.0001217389691
-8.504569556e-05
-5.7710996e-05
-3.989957261e-05
-2.803828335e-05
-1.933804086e-05
-1.314785087e-05
-8.920035937e-06
-6.085494881e-06
-4.044968764e-06
-2.575469681e-06
-1.461739382e-06
-6.329688418e-07
3.394126364e-05
2.991855869e-05
1.885021852e-05
-4.885593727e-07
-3.091822575e-05
-7.797721368e-05
-0.0001493536341
-0.0002546777981
-0.0004002019318
-0.0005839426628
-0.0007691498678
-0.0008882934788
-0.0009059731374
-0.000823933948
-0.0006718755149
-0.0004851920037
-0.0003089450621
-0.0001881283798
-0.0001298867502
-9.483384915e-05
-6.318492651e-05
-4.026296605e-05
-2.734928123e-05
-1.93236009e-05
-1.312329341e-05
-8.531417999e-06
-5.500693319e-06
-3.466571639e-06
-1.995734357e-06
-8.911439224e-07
-1.312217202e-07
2.796014102e-07
5.509057386e-05
5.311071584e-05
4.762723307e-05
3.715387549e-05
1.829807089e-05
-1.605482175e-05
-7.76017343e-05
-0.0001863274757
-0.0003625193267
-0.0006261170835
-0.0009064281311
-0.001075998639
-0.001089169854
-0.0009654437073
-0.0007423585352
-0.000468047556
-0.0002246559796
-9.764879258e-05
-6.926488819e-05
-5.470062124e-05
-3.14990895e-05
-1.572147852e-05
-1.032546924e-05
-8.207902838e-06
-5.868797236e-06
-3.901361708e-06
-2.909549906e-06
-2.292412031e-06
-1.79619769e-06
-1.344195826e-06
-9.521595671e-07
-5.079499134e-07
7.878862313e-05
7.967898329e-05
8.196744189e-05
8.459638694e-05
8.480998664e-05
7.515531207e-05
4.025625119e-05
-5.700166629e-05
-0.0002662110282
-0.0006827998862
-0.001138745291
-0.001389259128
-0.001395169021
-0.00120993982
-0.0008891449445
-0.0004667454326
-7.73867922e-05
5.355456112e-05
2.291252933e-05
3.217171689e-06
1.320853069e-05
1.765641006e-05
1.352812074e-05
9.414066142e-06
7.832143947e-06
6.929614028e-06
5.917413547e-06
4.944235234e-06
4.233886463e-06
3.717795391e-06
3.147731859e-06
2.305626355e-06
0.0001029697374
0.0001074211611
0.0001197450916
0.0001405137947
0.0001704578806
0.0002060848722
0.0002347005507
0.0001920554219
-3.979014216e-05
-0.0007677982791
-0.001483813121
-0.001848226627
-0.001827486017
-0.001520333032
-0.0009875383961
-0.000406281432
0.0001873997986
0.0002612510077
0.0001233841245
6.500449912e-05
5.785878997e-05
4.349063557e-05
2.511920769e-05
1.391827629e-05
8.7267877e-06
5.710652186e-06
3.710814502e-06
2.157978499e-06
1.092138755e-06
4.27983996e-07
-5.575532691e-09
-5.015256901e-08
0.0001249403259
0.0001333978836
0.00015725109
0.0002007554933
0.0002740372876
0.0003881465208
0.0005599061208
0.0007136446933
0.000473710895
-0.0007139817909
-0.001827186442
-0.002429500687
-0.002511056021
-0.002188041354
-0.001467950918
1.567442672e-05
0.0008913928004
0.0006739701436
0.0002808833619
0.0001804235461
0.0001504077455
0.0001080969037
7.064142374e-05
4.894767236e-05
3.620231351e-05
2.724032334e-05
2.076739681e-05
1.601885588e-05
1.265556835e-05
1.012556792e-05
7.917948154e-06
5.651024312e-06
0.0001417873211
0.0001539056674
0.0001885090001
0.0002557792355
0.0003810823838
0.0006216986581
0.001086054756
0.001276528368
0.001445209604
-0.0007705569619
-0.002795504702
-0.003832338251
-0.003918052293
-0.00342983877
-0.002193329653
-0.0001352391812
0.001659119934
0.001234648014
0.0003948348636
0.0002256711472
0.0001505046069
8.679797385e-05
4.787360876e-05
2.869722585e-05
1.835488785e-05
1.153102413e-05
6.882877845e-06
3.884192042e-06
1.814217024e-06
5.210545653e-07
-6.334930752e-07
-1.36297025e-06
0.0001509784567
0.0001652574696
0.0002065507589
0.0002896082401
0.0004554090195
0.0008083794382
0.001283025807
0.003080146071
0.005533518007
-0.00145024202
-0.004463306417
-0.006037670324
-0.006502442858
-0.006162705394
-0.004473551028
0.0004855385841
0.005467559927
0.001532626192
0.0009632852916
0.0005690291423
0.00034089922
0.0002061816584
0.0001312367325
8.834538994e-05
6.250895578e-05
4.551203497e-05
3.391632369e-05
2.585108318e-05
1.990346455e-05
1.555290147e-05
1.172766331e-05
8.91016353e-06
0.0001508997171
0.0001651712761
0.0002064448828
0.0002894409559
0.0004551060942
0.0008072879292
0.001434085285
0.004089864257
0.01053338988
-0.004830056355
-0.006581255098
-0.006977083799
-0.007153798349
-0.006804045231
-0.006289199445
-0.003387168885
0.01028270321
0.002024139876
0.0006658192489
0.0003938878961
0.0002240505353
0.0001222228226
6.885492795e-05
4.02691731e-05
2.393763359e-05
1.363053898e-05
6.884793714e-06
2.571205502e-06
-3.83875508e-07
-2.081961242e-06
-4.233207267e-06
-2.449254596e-06
0.000141555953
0.0001536552525
0.0001881996163
0.0002553355644
0.0003802948335
0.0006198426545
0.001079993609
0.002028195061
0.0030033372
-0.0009061060398
-0.003719329293
-0.00496012417
-0.004993190966
-0.00432710469
-0.002610567779
0.0002568665924
0.002930570851
0.0009159030513
0.0004171023681
0.0002582979647
0.0001611983738
9.173650282e-05
5.005091197e-05
2.811868763e-05
1.593974887e-05
8.343134601e-06
3.489544115e-06
5.165234132e-07
-1.287395138e-06
-2.346105132e-06
-3.105620879e-06
-3.142041671e-06
0.0001245703134
0.000133001589
0.0001567769254
0.0002001236446
0.0002730769353
0.0003864969448
0.0005564748205
0.0007057890116
0.0004574982965
-0.0005691224253
-0.002150162603
-0.002899900859
-0.002977384946
-0.002556958658
-0.001643005422
-1.360044506e-05
0.0008638545318
0.0006531011324
0.0002911669819
0.000172102888
0.0001344200187
9.288914876e-05
5.773837835e-05
3.74187536e-05
2.566487786e-05
1.782591248e-05
1.228810714e-05
8.361757869e-06
5.590567323e-06
3.551391023e-06
1.909747614e-06
6.283508072e-07
0.0001024800509
0.000106903095
0.0001191469373
0.0001397682763
0.0001694517732
0.0002046474851
0.0002324131023
0.0001885933048
-4.613710423e-05
-0.0007713093044
-0.001486980251
-0.001851660374
-0.001831213934
-0.001524664874
-0.0009937193839
-0.0004160798953
0.0001857533743
0.0002450495274
0.0001101790103
5.800818327e-05
5.348123108e-05
3.951660909e-05
2.176378771e-05
1.085430239e-05
5.375344061e-06
2.01298128e-06
-2.909551059e-07
-1.922929003e-06
-2.90099609e-06
-3.488652255e-06
-3.806586298e-06
-3.454773076e-06
7.820018052e-05
7.90626936e-05
8.127663808e-05
8.377653202e-05
8.378877564e-05
7.383981835e-05
3.849699218e-05
-5.927424798e-05
-0.0002693347865
-0.0006852598012
-0.001140552205
-0.001391166351
-0.001397648143
-0.001212401958
-0.0008930392665
-0.0004712962768
-8.118571237e-05
4.749384895e-05
2.043858122e-05
2.985893952e-06
1.204250889e-05
1.527786824e-05
1.086054132e-05
6.837606011e-06
5.237401674e-06
4.293146851e-06
3.350532383e-06
2.469914032e-06
1.859194481e-06
1.405323558e-06
9.645140965e-07
5.312810126e-07
5.44223991e-05
5.241850151e-05
4.686749159e-05
3.628314073e-05
1.726901664e-05
-1.729334558e-05
-7.910867308e-05
-0.0001881091135
-0.0003645825146
-0.0006280724785
-0.0009081576702
-0.001077863663
-0.001091368589
-0.0009679596727
-0.0007453395178
-0.0004713643514
-0.0002277700906
-0.0001005449447
-7.136916075e-05
-5.632702351e-05
-3.301291421e-05
-1.718082718e-05
-1.153690964e-05
-9.163443093e-06
-6.764928574e-06
-4.881885457e-06
-3.759008346e-06
-3.15708354e-06
-2.703809103e-06
-2.349932144e-06
-1.965262058e-06
-1.500143382e-06
3.321261862e-05
2.916818524e-05
1.803967965e-05
-1.394865191e-06
-3.195308055e-05
-7.917104352e-05
-0.0001507315778
-0.0002562343427
-0.0004019096576
-0.0005856731638
-0.0007708273933
-0.0008900395357
-0.0009079373865
-0.0008260883904
-0.000674241284
-0.0004877058162
-0.0003113340184
-0.0001902363354
-0.0001315564641
-9.589882491e-05
-6.393803353e-05
-4.099828393e-05
-2.80410137e-05
-1.99551578e-05
-1.373890419e-05
-9.192740098e-06
-6.133156539e-06
-4.123069445e-06
-2.651652943e-06
-1.567359741e-06
-7.304479894e-07
-2.538704838e-07
1.613993141e-05
1.072867816e-05
-4.110354379e-06
-2.915201822e-05
-6.633895008e-05
-0.0001196412281
-0.0001937141388
-0.0002924256897
-0.0004156263098
-0.0005552015792
-0.0006868194667
-0.0007731714328
-0.0007896510544
-0.0007328820619
-0.0006214213447
-0.0004808703107
-0.0003426400017
-0.0002358160652
-0.0001684437481
-0.0001228711039
-8.595259846e-05
-5.852078739e-05
-4.057916982e-05
-2.860159798e-05
-1.981638958e-05
-1.355346089e-05
-9.270821881e-06
-6.364287707e-06
-4.301953492e-06
-2.802253962e-06
-1.64710533e-06
-8.076560038e-07
4.24237954e-06
-1.99286703e-06
-1.905196883e-05
-4.73261895e-05
-8.802886413e-05
-0.0001439999199
-0.0002180267134
-0.0003110121177
-0.0004201310885
-0.0005353080186
-0.0006380889938
-0.0007043541417
-0.0007191733466
-0.0006783082342
-0.0005907643463
-0.0004768553316
-0.0003614393995
-0.000265159442
-0.000194654732
-0.0001428451956
-0.0001022435348
-7.170985021e-05
-5.043310454e-05
-3.55951434e-05
-2.492568706e-05
-1.723719078e-05
-1.189722036e-05
-8.095297813e-06
-5.424276083e-06
-3.399246116e-06
-1.862288925e-06
-7.265880858e-07
-1.852832986e-06
-8.471787196e-06
-2.656095292e-05
-5.629875632e-05
-9.850287791e-05
-0.0001554269406
-0.0002290189831
-0.0003188831469
-0.0004215873496
-0.0005254837947
-0.0006164017509
-0.000674410297
-0.0006849668889
-0.000651979888
-0.0005758369062
-0.0004736954195
-0.0003680379101
-0.0002764612591
-0.000205127841
-0.0001508364515
-0.0001088369234
-7.713985357e-05
-5.441024612e-05
-3.822642713e-05
-2.67788333e-05
-1.856518557e-05
-1.283134396e-05
-8.713971026e-06
-5.833286719e-06
-3.665125258e-06
-2.011060241e-06
-8.003305077e-07
-1.045959222e-06
-7.647725236e-06
-2.569016549e-05
-5.535610018e-05
-9.746977549e-05
-0.0001542895074
-0.0002277685761
-0.0003175196945
-0.0004201163928
-0.0005239246054
-0.0006147538102
-0.000672671268
-0.0006831363445
-0.0006500497342
-0.0005738506776
-0.0004717229165
-0.0003661775236
-0.0002748047796
-0.0002037080619
-0.0001496554995
-0.0001078696044
-7.635141998e-05
-5.378011228e-05
-3.772907813e-05
-2.639817633e-05
-1.825196474e-05
-1.258593888e-05
-8.510668293e-06
-5.672106016e-06
-3.546969859e-06
-1.948380744e-06
-7.755546538e-07
5.034946928e-06
-1.182507937e-06
-1.819320932e-05
-4.639263154e-05
-8.700039481e-05
-0.0001428609527
-0.0002167674773
-0.0003096328627
-0.0004186409894
-0.000533728877
-0.0006364252608
-0.0007025971217
-0.0007173074528
-0.0006763232209
-0.000588705141
-0.0004747953953
-0.0003594957295
-0.0002634479479
-0.0001932135806
-0.0001416732812
-0.0001013085918
-7.095038272e-05
-4.982245049e-05
-3.510986022e-05
-2.454459609e-05
-1.69331391e-05
-1.166346997e-05
-7.913274684e-06
-5.279948488e-06
-3.28601748e-06
-1.800430389e-06
-6.890749781e-07
1.690344008e-05
1.151114142e-05
-3.276192796e-06
-2.823717591e-05
-6.531987731e-05
-0.0001184982715
-0.0001924342814
-0.0002910094977
-0.0004140904096
-0.000553580659
-0.0006851264893
-0.0007713839035
-0.0007877182601
-0.0007307761095
-0.0006191960283
-0.0004786030295
-0.000340488029
-0.0002339783064
-0.000166934385
-0.0001216593409
-8.503734847e-05
-5.777431709e-05
-3.99798169e-05
-2.809715757e-05
-1.940367672e-05
-1.321779626e-05
-9.009352614e-06
-6.166443705e-06
-4.146046369e-06
-2.676506361e-06
-1.564699965e-06
-7.27526779e-07
3.393147044e-05
2.990753353e-05
1.883545946e-05
-5.095795548e-07
-3.094860977e-05
-7.801969558e-05
-0.0001494126276
-0.0002547472862
-0.0004002839264
-0.000583978684
-0.0007690942563
-0.000888200598
-0.0009059039543
-0.0008237839512
-0.0006717463404
-0.0004850762386
-0.000308789615
-0.0001882416371
-0.0001300647024
-9.476027149e-05
-6.308321977e-05
-4.025914409e-05
-2.744127253e-05
-1.950657678e-05
-1.338982579e-05
-8.898002985e-06
-5.896965048e-06
-3.915537922e-06
-2.475410179e-06
-1.448773819e-06
-6.69313574e-07
-2.139561842e-07
5.507985288e-05
5.309818529e-05
4.760904153e-05
3.712553117e-05
1.825215877e-05
-1.612655381e-05
-7.771945079e-05
-0.0001864882332
-0.0003627873766
-0.0006262674609
-0.0009063828821
-0.00107596537
-0.00108915955
-0.0009653110726
-0.0007423077704
-0.0004680499103
-0.0002244344845
-9.815171271e-05
-6.967362369e-05
-5.514689326e-05
-3.217869098e-05
-1.637614883e-05
-1.083066946e-05
-8.549194671e-06
-6.238940154e-06
-4.383459777e-06
-3.345065592e-06
-2.717475614e-06
-2.247816661e-06
-1.868642293e-06
-1.518880104e-06
-1.099598158e-06
7.8777377e-05
7.966504865e-05
8.194533875e-05
8.455832908e-05
8.473987629e-05
7.503078164e-05
4.000708199e-05
-5.739555952e-05
-0.0002671913297
-0.0006832674283
-0.00113876965
-0.001389282066
-0.001395244275
-0.001209381596
-0.0008890922063
-0.0004665705892
-7.656529529e-05
4.986166641e-05
2.2342119e-05
4.442117226e-06
1.295562078e-05
1.614828997e-05
1.13539376e-05
7.165678282e-06
5.478205821e-06
4.458809322e-06
3.41065836e-06
2.421056781e-06
1.730452873e-06
1.223537987e-06
7.41388199e-07
2.879257095e-07
0.000102958676
0.000107406738
0.0001197192891
0.0001404645024
0.0001703497196
0.0002058706997
0.0002341206835
0.0001909491273
-4.339812274e-05
-0.0007688585259
-0.0014851356
-0.001849665722
-0.001828464941
-0.001520697827
-0.0009882580088
-0.0004083069073
0.0001946600751
0.0002478462097
0.0001119631112
6.00215289e-05
5.618573247e-05
4.284066108e-05
2.482841541e-05
1.343293553e-05
7.812362208e-06
4.507510256e-06
2.191967978e-06
4.125791006e-07
-7.250614013e-07
-1.437102794e-06
-1.863783073e-06
-1.715774537e-06
0.0001249308169
0.0001333845783
0.000157224251
0.0002006948466
0.0002738809821
0.0003877239288
0.0005585532405
0.0007090854695
0.0004611256163
-0.000768693217
-0.001837663915
-0.002466451238
-0.002587447384
-0.002276133039
-0.00152152587
1.316514603e-06
0.0008775836515
0.0006617201888
0.0002977325914
0.0001711574106
0.0001314179494
8.994048469e-05
5.465212817e-05
3.426305427e-05
2.287427759e-05
1.525167525e-05
9.787340395e-06
5.91329603e-06
3.262549861e-06
1.338580969e-06
-1.514324052e-07
-1.13886821e-06
0.0001417810607
0.0001538962399
0.0001884869533
0.000255722884
0.000380892014
0.0006209861266
0.001082291273
0.001373015188
0.0017400168
-0.0006029641126
-0.002824735395
-0.004096996504
-0.004182924668
-0.003648448998
-0.002247149756
-0.0001895127165
0.001828122794
0.0009187751042
0.0004658718847
0.0002950398764
0.0001907604599
0.0001124981306
6.457602306e-05
3.943697963e-05
2.552547561e-05
1.642111424e-05
1.031661936e-05
6.334724158e-06
3.726234425e-06
1.928376449e-06
5.340205402e-07
-2.695828108e-07
0.0001509770856
0.00016525402
0.0002065418155
0.0002895724152
0.0004552948199
0.000807721182
0.001343943376
0.00343005568
0.006225767468
-0.003477393904
-0.006678032022
-0.003106015553
-0.001520797309
0.007056056978
0.002344991819
0.0005672217018
0.0003351910074
0.0001957153583
0.0001041974547
5.665954493e-05
3.205801067e-05
1.831829516e-05
9.633611287e-06
4.162007411e-06
9.896461111e-07
-9.035892589e-07
-1.89780502e-06
-3.064481166e-06
-1.88194954e-06
0.000150903882
0.0001651758279
0.0002064488752
0.0002894478987
0.0004551073315
0.0008074490588
0.001529273707
0.004710768738
0.03718956995
0.03423543009
0.002456274315
0.0009278575204
0.0005441313281
0.0003208801939
0.0001908979606
0.0001197040085
7.899626958e-05
5.415785349e-05
3.788206108e-05
2.682688388e-05
1.935968288e-05
1.418716838e-05
1.052292781e-05
7.465792267e-06
5.74761425e-06
0.0001415657747
0.0001536671244
0.0001882196274
0.000255375932
0.0003804232724
0.0006203351955
0.001082718094
0.002251520228
0.00375224474
0.0004216651905
-0.005182072227
-0.007787044352
-0.008363071269
-0.007280490897
-0.002911454614
0.0001857175801
0.003801014249
0.00123387802
0.0004442252323
0.0002579122672
0.0001686186714
0.0001000512826
5.80386421e-05
3.611773682e-05
2.374916005e-05
1.560039529e-05
1.00081367e-05
6.225063098e-06
3.632789419e-06
1.750906009e-06
4.398124251e-07
-1.16174419e-06
0.0001245847206
0.0001330195041
0.0001568065867
0.0002001826008
0.000273212984
0.0003868702724
0.0005575912758
0.0007092094659
0.0004672579576
-0.0005366937245
-0.002203900659
-0.002943179093
-0.00300922554
-0.002579133617
-0.001648960734
1.344054115e-05
0.0008918546454
0.0006760817792
0.0002847310832
0.0001812519526
0.0001490012157
0.0001063450261
6.885588667e-05
4.721231287e-05
3.429716739e-05
2.522345763e-05
1.870850518e-05
1.400225948e-05
1.067490539e-05
8.174286689e-06
6.069828737e-06
3.977346426e-06
0.0001024976228
0.0001069244411
0.0001191804286
0.0001398266805
0.0001695664119
0.0002048691577
0.0002329418711
0.0001896292429
-4.307233365e-05
-0.0007689927526
-0.001484407281
-0.001849341819
-0.001828870034
-0.001521965116
-0.0009903967524
-0.0004095800115
0.0001858726808
0.000259264573
0.0001230471303
6.691239867e-05
6.000670404e-05
4.524823328e-05
2.684653403e-05
1.588873437e-05
1.0586241e-05
7.333363442e-06
5.084119299e-06
3.502438758e-06
2.469928269e-06
1.802678075e-06
1.264677318e-06
1.074577559e-06
7.821946033e-05
7.908558014e-05
8.131020587e-05
8.383070312e-05
8.388138405e-05
7.399964499e-05
3.879429075e-05
-5.877969835e-05
-0.0002682967159
-0.0006842366933
-0.001139592225
-0.001390305817
-0.001396455642
-0.001211837747
-0.0008909116757
-0.0004690965802
-7.933852504e-05
5.227407746e-05
2.242839782e-05
3.29981955e-06
1.315435751e-05
1.743492236e-05
1.334125592e-05
9.258583941e-06
7.649184055e-06
6.704791071e-06
5.71049985e-06
4.754937695e-06
4.048458587e-06
3.525464646e-06
2.930749127e-06
2.097523759e-06
5.44424391e-05
5.244151914e-05
4.689966893e-05
3.633186281e-05
1.734535179e-05
-1.71735886e-05
-7.89173149e-05
-0.0001878232708
-0.0003641342841
-0.0006275486745
-0.0009076235987
-0.00107726983
-0.001090702241
-0.0009672056867
-0.0007442346752
-0.0004701245647
-0.0002266224305
-9.904048059e-05
-7.043577102e-05
-5.54917795e-05
-3.20310625e-05
-1.611206119e-05
-1.057068815e-05
-8.300950923e-06
-5.888862932e-06
-3.883119436e-06
-2.743808374e-06
-2.102905524e-06
-1.601524079e-06
-1.172141029e-06
-7.308228669e-07
-2.626658017e-07
3.323266889e-05
2.919078149e-05
1.806995004e-05
-1.351304817e-06
-3.18890694e-05
-7.907718052e-05
-0.0001505945786
-0.0002560433014
-0.0004016477454
-0.0005853585224
-0.0007704839064
-0.0008896689922
-0.0009074667496
-0.0008256123847
-0.0006736251627
-0.0004869887646
-0.0003106403602
-0.0001894827609
-0.0001309827196
-9.561187911e-05
-6.375337282e-05
-4.075779198e-05
-2.774690233e-05
-1.960579886e-05
-1.335231337e-05
-8.727392436e-06
-5.650264141e-06
-3.587038376e-06
-2.107928145e-06
-9.61582005e-07
-1.527501034e-07
2.7334655e-07
1.615968711e-05
1.075061968e-05
-4.081919849e-06
-2.91126585e-05
-6.62836595e-05
-0.0001195639272
-0.0001936075434
-0.0002922837054
-0.0004154435422
-0.0005549822413
-0.000686570728
-0.0007728930687
-0.0007893230448
-0.0007325163894
-0.0006209911345
-0.0004803889326
-0.0003421655769
-0.0002353566539
-0.0001681278409
-0.0001226851787
-8.578881476e-05
-5.833522639e-05
-4.039590625e-05
-2.842912585e-05
-1.964620157e-05
-1.340088536e-05
-9.110847956e-06
-6.224674977e-06
-4.145035075e-06
-2.623680389e-06
-1.463914174e-06
-6.112067244e-07
4.261794314e-06
-1.971521294e-06
-1.902492274e-05
-4.728973703e-05
-8.79791606e-05
-0.0001439325979
-0.000217936981
-0.0003108960337
-0.0004199855589
-0.0005351349506
-0.0006378876299
-0.0007041284958
-0.0007189124093
-0.0006780110719
-0.0005904335836
-0.0004764982562
-0.0003610905685
-0.0002648364405
-0.0001943999856
-0.0001426682367
-0.0001021166953
-7.160888366e-05
-5.035411184e-05
-3.553018607e-05
-2.487064562e-05
-1.717675097e-05
-1.183222523e-05
-8.020907092e-06
-5.333999288e-06
-3.285614315e-06
-1.745501749e-06
-6.093524892e-07
-1.833631793e-06
-8.450784332e-06
-2.653464547e-05
-5.626378445e-05
-9.845590507e-05
-0.0001553643282
-0.0002289368192
-0.0003187784062
-0.0004214566742
-0.0005253308245
-0.0006162211233
-0.0006742060565
-0.000684736266
-0.0006517155731
-0.0005755473223
-0.0004733909949
-0.0003677390761
-0.0002761912952
-0.0002049057383
-0.0001506769986
-0.0001087217306
-7.705868215e-05
-5.433998315e-05
-3.816881055e-05
-2.676171684e-05
-1.853767772e-05
-1.28131743e-05
-8.674749501e-06
-5.800687551e-06
-3.616479025e-06
-1.961508005e-06
-7.514340018e-07
-1.157100832e-06
-7.780007751e-06
-2.587801076e-05
-5.563060652e-05
-9.785438028e-05
-0.0001547902627
-0.0002283516009
-0.0003180804791
-0.000420465962
-0.0005238153545
-0.0006139698813
-0.0006713914409
-0.0006816082569
-0.0006487283301
-0.0005730633273
-0.0004715455203
-0.0003665158416
-0.0002754023374
-0.0002042535914
-0.000150003448
-0.0001080973454
-7.651061018e-05
-5.387225117e-05
-3.779314191e-05
-2.642756896e-05
-1.824509155e-05
-1.258048563e-05
-8.483784968e-06
-5.649204375e-06
-3.507701678e-06
-1.901310352e-06
-7.293393756e-07
4.901229894e-06
-1.344592449e-06
-1.843147031e-05
-4.675347139e-05
-8.75252615e-05
-0.0001435720209
-0.0002176361415
-0.0003105178763
-0.000419265696
-0.0005336366457
-0.000635267173
-0.0007006427255
-0.0007150472474
-0.0006744552297
-0.0005875953652
-0.00047457494
-0.0003600421503
-0.000264326495
-0.0001938719141
-0.0001420029061
-0.0001015372376
-7.113607368e-05
-4.992955285e-05
-3.513518633e-05
-2.455877401e-05
-1.693656201e-05
-1.165718232e-05
-7.902579169e-06
-5.268363976e-06
-3.275422098e-06
-1.786983665e-06
-6.669448916e-07
1.672213313e-05
1.128509331e-05
-3.62589258e-06
-2.879421659e-05
-6.617362963e-05
-0.0001197219806
-0.0001940277769
-0.0002927601922
-0.0004154822468
-0.0005535861486
-0.0006829070053
-0.0007676466171
-0.0007835973019
-0.0007276320506
-0.0006174423885
-0.0004786209213
-0.0003422018767
-0.0002363736151
-0.000168565521
-0.0001223700735
-8.544644734e-05
-5.805412852e-05
-4.012615894e-05
-2.809921875e-05
-1.933683952e-05
-1.31079935e-05
-8.844930043e-06
-5.960962976e-06
-3.908025619e-06
-2.408847719e-06
-1.289252193e-06
-4.582465772e-07
3.367324177e-05
2.957546901e-05
1.829195564e-05
-1.423255168e-06
-3.243087791e-05
-8.027874388e-05
-0.0001525740839
-0.0002585107114
-0.0004036754339
-0.0005843366118
-0.0007645548549
-0.000880815638
-0.0008974157159
-0.0008172562266
-0.0006676470658
-0.0004842141207
-0.0003110611997
-0.0001919790989
-0.0001325281335
-9.595658157e-05
-6.394408217e-05
-4.088626826e-05
-2.776315113e-05
-1.963041383e-05
-1.349682308e-05
-8.989208998e-06
-5.964456717e-06
-3.943367917e-06
-2.492790604e-06
-1.426256009e-06
-6.325256956e-07
-1.072037286e-07
5.471062076e-05
5.260699975e-05
4.675847269e-05
3.561286125e-05
1.563891209e-05
-2.039090399e-05
-8.423099051e-05
-0.0001950921295
-0.0003715328199
-0.0006268418267
-0.0008960650889
-0.001061575745
-0.001074490646
-0.0009543151567
-0.0007369369796
-0.0004728175065
-0.0002350377026
-0.0001073285151
-7.33333715e-05
-5.593483401e-05
-3.247743112e-05
-1.628172792e-05
-1.015225555e-05
-7.453259687e-06
-4.994286978e-06
-3.064555212e-06
-1.916353173e-06
-1.252229332e-06
-7.7080126e-07
-4.083311681e-07
-8.831421628e-08
7.342901164e-08
7.826756237e-05
7.894707791e-05
8.063564987e-05
8.208894895e-05
8.015303812e-05
6.692046023e-05
2.628461151e-05
-7.808088296e-05
-0.0002922418364
-0.0006842000168
-0.001110571003
-0.001351336229
-0.001356215973
-0.001178731388
-0.0008589648967
-0.0004605778918
-0.0001023627538
2.555142574e-05
1.08105845e-05
-1.268924605e-06
8.511974532e-06
1.283914905e-05
9.135906074e-06
5.50388457e-06
4.16712591e-06
3.501261141e-06
2.849979865e-06
2.190666772e-06
1.759850474e-06
1.451550434e-06
1.150756711e-06
7.932400713e-07
0.000102273977
0.0001064092002
0.0001177784388
0.0001365421192
0.0001624332048
0.0001903351969
0.0002035285824
0.000138876902
-0.0001078646345
-0.0007684743263
-0.001459914672
-0.00180007705
-0.001776649468
-0.001493443522
-0.0009923925417
-0.0003856332341
0.0001536198588
0.0002198934689
0.0001124614841
6.666485924e-05
6.329768488e-05
5.101513681e-05
3.33600365e-05
2.146436325e-05
1.509087562e-05
1.105121032e-05
7.990870982e-06
5.686907912e-06
4.170814725e-06
3.107471748e-06
2.279234726e-06
1.601013836e-06
0.0001240676684
0.0001320761603
0.0001544997199
0.0001948471121
0.0002605356102
0.0003589371253
0.0004847893624
0.0005485330233
0.000295047064
-0.0009372500759
-0.00206696216
-0.002561948672
-0.002518165651
-0.002065041379
-0.001222752877
-0.0001431908658
0.0006997130681
0.0005414504848
0.0002356010524
0.0001307784455
0.0001048876499
7.427686718e-05
4.551509015e-05
2.881491789e-05
1.992447382e-05
1.408309665e-05
9.845651877e-06
6.857048675e-06
4.850947132e-06
3.408109617e-06
2.25956307e-06
1.267997046e-06
0.0001407702496
0.0001522988734
0.0001850435258
0.0002476484464
0.0003615759779
0.0005684691285
0.000927586345
0.001357417415
0.001175283828
-0.001017720558
-0.002754682355
-0.003571528101
-0.00367777498
-0.00322412093
-0.002097013192
0.0004284285033
0.001685880767
0.001005656902
0.0004931494244
0.0003092612737
0.0002075219532
0.0001302683268
7.96388957e-05
5.169022477e-05
3.519248242e-05
2.397736383e-05
1.634839739e-05
1.114268728e-05
7.720391442e-06
5.146923511e-06
3.223925522e-06
1.407468498e-06
0.0001498775237
0.0001634990072
0.0002026013388
0.0002800253192
0.0004302499672
0.0007429923462
0.001434229627
0.002473139738
0.003731714964
-0.001853098625
-0.004377080455
-0.005555827858
-0.005752309987
-0.005291309394
-0.003740542782
-0.0001491895645
0.004401545902
0.0009247338055
0.0004756737665
0.0003228123692
0.0001983561479
0.0001130808139
6.643858987e-05
4.279219355e-05
2.919680742e-05
1.976637855e-05
1.319089985e-05
8.886789518e-06
6.122667947e-06
4.121535194e-06
2.538840634e-06
1.59727236e-06
0.0001498100991
0.0001634282745
0.0002025245352
0.0002799334774
0.0004302042518
0.0007433463076
0.001438648127
0.003253037548
0.005975429667
-0.003502362005
-0.005428085028
-0.006149656364
-0.00621412824
-0.005803954659
-0.00459790094
-0.0008089306218
0.007389749349
0.001219870247
0.0007295753001
0.0004402563561
0.0002507459646
0.0001375816459
7.602961997e-05
4.366150529e-05
2.557823911e-05
1.428345116e-05
7.147975942e-06
2.840046959e-06
2.368643281e-07
-1.368298585e-06
-2.637230283e-06
-3.692093423e-06
0.0001405710101
0.0001520915064
0.0001848188389
0.00024740239
0.0003614171034
0.0005688691972
0.0009314411603
0.00137025306
0.001192616527
-0.0009483508062
-0.003376719757
-0.004422154985
-0.004467177041
-0.0039041778
-0.002502345089
0.0004603223578
0.001791159533
0.001034850652
0.0003536424779
0.000186256457
0.0001270050847
7.331982487e-05
3.788544376e-05
2.032765144e-05
1.107310252e-05
5.125989012e-06
1.212590587e-06
-1.161073592e-06
-2.557150598e-06
-3.369142661e-06
-3.75446494e-06
-3.351035241e-06
0.0001237453304
0.0001317426314
0.0001541391743
0.0001944543988
0.0002601494078
0.0003587635269
0.0004854014635
0.0005515985506
0.00030452369
-0.0009389782851
-0.00206301636
-0.002559120392
-0.002516718074
-0.002062886287
-0.001219039894
-0.0001351914281
0.0006923086558
0.0005304003555
0.0002184542639
0.0001410034586
0.0001233675568
8.900654679e-05
5.51452474e-05
3.599087106e-05
2.48693195e-05
1.691244426e-05
1.123204013e-05
7.328839108e-06
4.596809169e-06
2.734154266e-06
1.057443915e-06
-8.507627941e-08
0.0001018413139
0.0001059630255
0.0001172989066
0.0001360139414
0.0001618629722
0.0001897731214
0.0002032179809
0.0001393611077
-0.0001055495295
-0.0007689145823
-0.001460211382
-0.001800748009
-0.001778383526
-0.001495483713
-0.0009947165546
-0.0003868238304
0.0001516404782
0.0002341207825
0.0001156904636
6.002839768e-05
5.213941606e-05
3.835437381e-05
2.04246366e-05
9.344157273e-06
4.135454674e-06
1.0143207e-06
-1.162544386e-06
-2.616156764e-06
-3.499716342e-06
-4.037284164e-06
-4.175222322e-06
-3.5663306e-06
7.773989047e-05
7.84045707e-05
8.005648313e-05
8.145441102e-05
7.945619069e-05
6.617427071e-05
2.55742226e-05
-7.864255385e-05
-0.0002922933734
-0.0006847084869
-0.001111383282
-0.001352128554
-0.001357419438
-0.001180180886
-0.0008600824623
-0.0004614169622
-0.0001024319908
2.877087096e-05
8.0068236e-06
-6.337381549e-06
6.275070351e-06
1.273944043e-05
1.014321058e-05
6.507812739e-06
5.251545535e-06
4.628539683e-06
3.79999432e-06
2.91922186e-06
2.316883283e-06
1.854609092e-06
1.380455264e-06
7.590151953e-07
5.410367198e-05
5.198587674e-05
4.60996108e-05
3.489680149e-05
1.485440015e-05
-2.124540895e-05
-8.513000739e-05
-0.0001959954969
-0.0003723127099
-0.0006276972218
-0.0008971065419
-0.001062683815
-0.001075856352
-0.0009559051895
-0.0007384877946
-0.0004743094587
-0.0002364531921
-0.0001072363557
-7.393811456e-05
-5.687888341e-05
-3.311939596e-05
-1.713244166e-05
-1.1542862e-05
-9.327404904e-06
-7.070433378e-06
-5.173263482e-06
-4.142019485e-06
-3.594523691e-06
-3.177249212e-06
-2.794250974e-06
-2.364992326e-06
-1.751183326e-06
3.30039446e-05
2.88922147e-05
1.757147048e-05
-2.200208386e-06
-3.327669873e-05
-8.119930222e-05
-0.0001535620205
-0.0002595492581
-0.0004047224046
-0.0005854258709
-0.0007657354684
-0.0008820959692
-0.0008987622375
-0.0008188046077
-0.0006691434176
-0.0004856524623
-0.0003123418707
-0.0001925263628
-0.0001330973829
-9.703966823e-05
-6.499066783e-05
-4.173978242e-05
-2.84220139e-05
-2.010108734e-05
-1.379439792e-05
-9.124395282e-06
-6.014350461e-06
-3.937835793e-06
-2.444714804e-06
-1.309949294e-06
-5.021822483e-07
-2.330777871e-08
1.600663006e-05
1.055599589e-05
-4.391212474e-06
-2.961447014e-05
-6.706121353e-05
-0.0001206839529
-0.0001950636626
-0.0002938625271
-0.0004166341751
-0.0005547856441
-0.000684172374
-0.0007689800809
-0.0007850012697
-0.0007291392857
-0.0006189552728
-0.0004800757597
-0.0003435283955
-0.0002373823716
-0.0001694881755
-0.0001233858598
-8.626173115e-05
-5.8665209e-05
-4.057822184e-05
-2.854873524e-05
-1.978817321e-05
-1.357534099e-05
-9.310747882e-06
-6.465677516e-06
-4.406628951e-06
-2.945551003e-06
-1.796591272e-06
-9.262208619e-07
4.155248237e-06
-2.103807933e-06
-1.922602228e-05
-4.760158374e-05
-8.843907578e-05
-0.0001445589366
-0.0002186982343
-0.0003116514153
-0.0004204621906
-0.0005348889333
-0.0006365787055
-0.0007020204833
-0.0007164784357
-0.0006759438592
-0.0005890950218
-0.0004760190367
-0.0003613723306
-0.0002654544571
-0.0001948513502
-0.0001429063332
-0.000102313082
-7.17795153e-05
-5.047105058e-05
-3.560334592e-05
-2.49472501e-05
-1.724889127e-05
-1.189590807e-05
-8.085206664e-06
-5.392971067e-06
-3.351634443e-06
-1.808612335e-06
-6.696731814e-07
-1.918212163e-06
-8.554147408e-06
-2.668699001e-05
-5.64923678e-05
-9.878088411e-05
-0.0001557889801
-0.0002294254449
-0.0003192272523
-0.0004216792603
-0.0005250888138
-0.0006153005764
-0.0006727840001
-0.0006830498174
-0.0006502120516
-0.0005745557558
-0.0004729905284
-0.0003678495816
-0.0002765775215
-0.0002052785577
-0.0001509227975
-0.0001088942137
-7.717616455e-05
-5.441963783e-05
-3.824091629e-05
-2.680098194e-05
-1.8563879e-05
-1.283449145e-05
-8.702068142e-06
-5.833267856e-06
-3.659547204e-06
-2.013269426e-06
-8.076510761e-07
-1.354605479e-06
-8.017061512e-06
-2.62164172e-05
-5.612673137e-05
-9.855081181e-05
-0.0001556974857
-0.0002294066062
-0.0003190910916
-0.0004210889132
-0.0005236019719
-0.00061255908
-0.000669096066
-0.0006788722215
-0.0006463937294
-0.0005717069577
-0.0004712954714
-0.000367182583
-0.0002765129052
-0.0002052516389
-0.000150661306
-0.0001085402448
-7.682712847e-05
-5.406601087e-05
-3.79164493e-05
-2.648355499e-05
-1.826143249e-05
-1.258585102e-05
-8.487576935e-06
-5.648858122e-06
-3.50912053e-06
-1.907076898e-06
-7.438305212e-07
4.662701276e-06
-1.636159183e-06
-1.886192168e-05
-4.74067193e-05
-8.847590729e-05
-0.0001448582739
-0.0002192006044
-0.0003120968671
-0.0004203485217
-0.0005334149627
-0.000633171075
-0.0006971138051
-0.0007110070737
-0.0006711617988
-0.0005856997709
-0.0004742935709
-0.0003611467803
-0.0002660075427
-0.0001951598075
-0.0001427245641
-0.0001020475215
-7.154859682e-05
-5.019512018e-05
-3.528848208e-05
-2.4675666e-05
-1.703353941e-05
-1.174020698e-05
-7.983700765e-06
-5.35576663e-06
-3.379062878e-06
-1.893381988e-06
-7.677963464e-07
1.639710631e-05
1.087647086e-05
-4.259723983e-06
-2.980418342e-05
-6.77189864e-05
-0.0001219282925
-0.0001968757591
-0.0002958356896
-0.0004178033619
-0.000553401333
-0.0006788917712
-0.0007609906678
-0.000776311127
-0.0007219617527
-0.0006143180738
-0.0004786174629
-0.0003450438831
-0.000240248078
-0.0001711995085
-0.0001236536428
-8.621429141e-05
-5.857881177e-05
-4.038864396e-05
-2.819254616e-05
-1.939972152e-05
-1.313916789e-05
-8.85139006e-06
-5.95191378e-06
-3.908971482e-06
-2.424100952e-06
-1.319650054e-06
-5.224466424e-07
3.32083979e-05
2.897262013e-05
1.730475687e-05
-3.080324158e-06
-3.510786916e-05
-8.432924589e-05
-0.0001581581451
-0.0002649812081
-0.0004090819199
-0.0005843307124
-0.0007563488402
-0.0008674965469
-0.0008831531161
-0.0008059655424
-0.000661148952
-0.0004838741538
-0.0003164172067
-0.0001991124077
-0.0001371223504
-9.847322194e-05
-6.588098277e-05
-4.23791513e-05
-2.868460453e-05
-2.019845857e-05
-1.396262858e-05
-9.423830914e-06
-6.371855917e-06
-4.351196575e-06
-2.907298749e-06
-1.845613659e-06
-1.044627327e-06
-4.545267602e-07
5.404416105e-05
5.171243165e-05
4.521209452e-05
3.28722819e-05
1.093984724e-05
-2.797756708e-05
-9.552219397e-05
-0.0002092799541
-0.0003846235507
-0.0006270318913
-0.000878294882
-0.001034514612
-0.001046933653
-0.0009322965354
-0.0007257491405
-0.0004762199507
-0.0002504122393
-0.0001219365274
-7.988841146e-05
-5.808053027e-05
-3.403947366e-05
-1.760859662e-05
-1.094973936e-05
-7.908242579e-06
-5.393974725e-06
-3.487928332e-06
-2.363393399e-06
-1.77662478e-06
-1.354837936e-06
-1.058347936e-06
-7.764095881e-07
-5.670188569e-07
7.734570014e-05
7.763745067e-05
7.825593182e-05
7.76239748e-05
7.197031375e-05
5.266086766e-05
3.061509139e-06
-0.0001103279647
-0.0003255518596
-0.0006837962414
-0.001068996549
-0.001292096532
-0.001297176881
-0.001128403439
-0.0008288988185
-0.0004652978394
-0.0001431986945
-1.102089618e-05
-8.078219156e-06
-1.081434438e-05
2.450846124e-06
9.445000934e-06
7.530816818e-06
4.611597204e-06
3.464933156e-06
2.900327179e-06
2.252635408e-06
1.546807695e-06
1.06229685e-06
6.452297363e-07
3.562363812e-07
6.370231509e-08
0.0001010335683
0.0001045884923
0.0001142534938
0.00012948275
0.000148453507
0.0001636512236
0.0001550130048
6.381815993e-05
-0.0001950152893
-0.0007645971896
-0.00136788453
-0.001673456784
-0.00165446601
-0.001396462547
-0.00094195296
-0.0003918218265
7.055270091e-05
0.0001670953418
9.357163113e-05
5.329543417e-05
4.965093433e-05
4.084153433e-05
2.611713305e-05
1.557041571e-05
9.906971862e-06
6.42741987e-06
3.810780309e-06
1.822782587e-06
5.573792125e-07
-2.860416169e-07
-8.353037555e-07
-1.072338785e-06
0.0001225019153
0.0001296784184
0.0001495767867
0.0001842513618
0.0002375174298
0.0003092279107
0.0003819264087
0.00036389821
7.624188667e-05
-0.0009040110455
-0.001853442227
-0.002267700303
-0.002220368914
-0.001832245748
-0.001131214518
-0.0002411880634
0.0004396863874
0.0003952367181
0.0002026847676
0.000128575166
0.0001077801008
8.003062261e-05
5.200381079e-05
3.409492554e-05
2.37278203e-05
1.659500808e-05
1.143834112e-05
7.685437816e-06
5.035460815e-06
3.023872495e-06
1.530092055e-06
4.202279974e-07
0.0001389326476
0.000149381324
0.0001787699939
0.0002332374332
0.0003270001494
0.000481002434
0.0007048232074
0.000868472104
0.0005993167882
-0.001168655733
-0.002592881712
-0.00310657571
-0.003043784064
-0.002508947373
-0.001424337628
0.0001476948871
0.001212339343
0.0007511433919
0.0003179956471
0.0001938108547
0.0001451481868
9.445320295e-05
5.592673541e-05
3.527828338e-05
2.356635278e-05
1.558913003e-05
1.017276264e-05
6.593373516e-06
4.265597285e-06
2.640018377e-06
1.292151329e-06
2.470770395e-07
0.0001478834019
0.0001602712343
0.000195501918
0.0002630538659
0.0003874650448
0.0006200030034
0.001044731571
0.00163290193
0.001467553348
-0.001541355301
-0.003484593993
-0.004042008384
-0.004000614446
-0.003460023485
-0.002132081146
0.0001776599264
0.002170780054
0.001230275546
0.0005851001342
0.0003590817775
0.000234990889
0.0001411069047
8.18422561e-05
5.067526925e-05
3.310858266e-05
2.121452126e-05
1.303630394e-05
7.674674578e-06
4.173764371e-06
1.774877148e-06
2.638137752e-08
-7.441257891e-07
0.000147821316
0.0001602080546
0.000195439379
0.0002629991158
0.0003875113187
0.000620558775
0.001048333683
0.00164757472
0.001507533299
-0.001557523313
-0.003498739332
-0.004049134549
-0.003998278362
-0.003451312705
-0.002110477253
0.0002565060296
0.00225649905
0.001334375959
0.0006499410406
0.000407672894
0.0002762275707
0.0001769200149
0.0001135050612
7.801039229e-05
5.685923791e-05
4.192048931e-05
3.134923735e-05
2.394330835e-05
1.868672989e-05
1.476727401e-05
1.130303205e-05
7.679121472e-06
0.0001387484121
0.0001491948944
0.0001785838681
0.0002330808348
0.0003270265898
0.0004817549067
0.0007077827577
0.0008757580197
0.000616931982
-0.001171340699
-0.002589110446
-0.003104468421
-0.003045356376
-0.002510137664
-0.001415176231
0.000175421748
0.0012387324
0.0007628842155
0.0002943707412
0.0001688597771
0.0001296630764
8.459555547e-05
4.915282787e-05
2.990282308e-05
1.957154422e-05
1.251999569e-05
7.531091747e-06
4.231723936e-06
2.030022361e-06
5.117380224e-07
-4.739079358e-07
-8.46120615e-07
0.0001222019202
0.000129374581
0.0001492685065
0.0001839585131
0.0002373385593
0.0003094014772
0.0003831429799
0.0003668811986
8.363845286e-05
-0.0009035879136
-0.00185140567
-0.002267297473
-0.002221924711
-0.001832729868
-0.001129559781
-0.0002344831389
0.0004421477403
0.0004061317042
0.0002056144745
0.0001395699579
0.0001258469352
9.797389631e-05
6.718185997e-05
4.776186668e-05
3.640286346e-05
2.800087057e-05
2.172386484e-05
1.723951553e-05
1.383543326e-05
1.137278932e-05
8.92671426e-06
6.370166626e-06
0.0001006276453
0.0001041764138
0.0001138288709
0.000129051269
0.000148060663
0.000163402262
0.0001552211903
6.47634949e-05
-0.0001927482875
-0.0007643516126
-0.001367917788
-0.001673645568
-0.00165515998
-0.001396925121
-0.000942199657
-0.0003897402205
7.388649498e-05
0.0001771745018
9.602444999e-05
5.122107312e-05
4.693168717e-05
3.734455758e-05
2.233996315e-05
1.229224347e-05
7.372838992e-06
4.366221646e-06
2.215641343e-06
7.22701836e-07
-2.232121152e-07
-7.941219802e-07
-9.997270128e-07
-7.727055715e-07
7.684656181e-05
7.712998068e-05
7.77292255e-05
7.707457233e-05
7.141584783e-05
5.21463954e-05
2.709192495e-06
-0.0001104379474
-0.0003252330091
-0.000683959243
-0.001069515668
-0.001292522747
-0.001297994736
-0.001129215301
-0.0008294301043
-0.0004649969935
-0.0001423625748
-8.04343025e-06
-9.083238157e-06
-1.324211951e-05
2.241823318e-06
1.126083407e-05
1.020559237e-05
7.763879444e-06
6.954715858e-06
6.72315112e-06
6.079496137e-06
5.261104022e-06
4.68201808e-06
4.217411678e-06
3.654371588e-06
2.685465958e-06
5.346600621e-05
5.112506929e-05
4.460093649e-05
3.222855254e-05
1.026682944e-05
-2.866350771e-05
-9.617646045e-05
-0.000209867283
-0.0003850801942
-0.000627619248
-0.000879110302
-0.001035377169
-0.001047976312
-0.0009334024432
-0.0007266763352
-0.0004768747075
-0.0002507755577
-0.0001210475393
-7.980746372e-05
-5.872283982e-05
-3.423479202e-05
-1.768444927e-05
-1.139530161e-05
-8.67637032e-06
-6.280420325e-06
-4.281711339e-06
-3.230864479e-06
-2.605944762e-06
-2.20543908e-06
-1.758041941e-06
-1.327828968e-06
-8.27971781e-07
3.256699541e-05
2.832120891e-05
1.66269583e-05
-3.796269425e-06
-3.586559927e-05
-8.512482803e-05
-0.0001589754128
-0.000265804994
-0.0004098932458
-0.000585203382
-0.0007573424407
-0.0008685664239
-0.0008842716943
-0.0008071677658
-0.0006622510117
-0.0004848208925
-0.0003171349483
-0.0001992172368
-0.0001374655036
-9.939955305e-05
-6.673961509e-05
-4.296311032e-05
-2.906727929e-05
-2.035325633e-05
-1.385335799e-05
-9.056256309e-06
-5.826096523e-06
-3.678929967e-06
-2.093724828e-06
-9.060371574e-07
-3.133116126e-08
3.861636688e-07
1.570830951e-05
1.017723865e-05
-4.98667512e-06
-3.057215411e-05
-6.853484577e-05
-0.0001227936078
-0.000197785906
-0.0002967844536
-0.0004187837747
-0.000554431907
-0.0006799974519
-0.0007621578366
-0.0007775233094
-0.0007232267093
-0.0006155453012
-0.0004797395063
-0.0003460028107
-0.0002409276809
-0.0001718216857
-0.0001244799854
-8.693339487e-05
-5.911037313e-05
-4.075440737e-05
-2.852170516e-05
-1.967814968e-05
-1.343116325e-05
-9.117474786e-06
-6.269867601e-06
-4.166622842e-06
-2.72769009e-06
-1.574380525e-06
-7.091931353e-07
3.942399733e-06
-2.367072257e-06
-1.96211772e-05
-4.820835825e-05
-8.932825891e-05
-0.0001457653628
-0.0002201623567
-0.0003131106416
-0.0004214108233
-0.0005345293484
-0.0006343453888
-0.0006983459859
-0.0007122736374
-0.0006724569123
-0.0005869758349
-0.0004754877724
-0.0003622171863
-0.000266892958
-0.0001959485599
-0.0001435173513
-0.0001027653955
-7.213707897e-05
-5.068906005e-05
-3.571721534e-05
-2.50198318e-05
-1.729276501e-05
-1.190660534e-05
-8.075184794e-06
-5.364004873e-06
-3.309594335e-06
-1.753536228e-06
-5.99354011e-07
-2.09061755e-06
-8.763745177e-06
-2.699168082e-05
-5.694490538e-05
-9.942078111e-05
-0.0001566242029
-0.0002303915432
-0.0003201330508
-0.0004221845069
-0.000524752705
-0.0006137630109
-0.0006703542533
-0.0006801639279
-0.0006477042505
-0.0005730036616
-0.0004725270602
-0.0003682985607
-0.0002774882969
-0.0002061144397
-0.0001514710804
-0.0001092659412
-7.743253869e-05
-5.457837684e-05
-3.835124263e-05
-2.682945947e-05
-1.856972845e-05
-1.280766797e-05
-8.679095705e-06
-5.792421751e-06
-3.609361353e-06
-1.957086857e-06
-7.582635949e-07
-1.609595719e-06
-8.323454824e-06
-2.665410426e-05
-5.676836499e-05
-9.945056838e-05
-0.0001568665952
-0.000230759667
-0.0003203745668
-0.000421861297
-0.0005232900236
-0.0006107412211
-0.0006661647498
-0.0006753708488
-0.0006434389543
-0.000570019955
-0.0004710246483
-0.000368066526
-0.0002779422073
-0.0002065379501
-0.000151528989
-0.0001091432515
-7.726803088e-05
-5.434749406e-05
-3.809808255e-05
-2.658561323e-05
-1.829944703e-05
-1.260390058e-05
-8.491947319e-06
-5.64987137e-06
-3.494959684e-06
-1.886907378e-06
-7.122259642e-07
4.354365843e-06
-2.013351436e-06
-1.941878638e-05
-4.825100103e-05
-8.970167868e-05
-0.0001465095607
-0.0002211925897
-0.0003140775464
-0.0004216543606
-0.0005330508305
-0.0006304624054
-0.0006926183187
-0.0007058974864
-0.0006670380239
-0.0005833921992
-0.0004740449061
-0.0003626266599
-0.0002681833863
-0.0001968372059
-0.0001436772408
-0.0001026924317
-7.202832528e-05
-5.046315789e-05
-3.54167292e-05
-2.473866088e-05
-1.707363791e-05
-1.17500834e-05
-7.980183972e-06
-5.343302583e-06
-3.369705479e-06
-1.878863437e-06
-7.5483993e-07
1.59763217e-05
1.034731187e-05
-5.079549523e-06
-3.110746393e-05
-6.970448131e-05
-0.0001247420745
-0.0002004607431
-0.0002996152376
-0.0004205145626
-0.0005529234481
-0.0006737541073
-0.0007526457437
-0.0007672227321
-0.0007149019212
-0.0006105866422
-0.0004787768453
-0.0003486135934
-0.0002450244649
-0.0001745900218
-0.0001255151268
-8.749705379e-05
-5.950100397e-05
-4.088710972e-05
-2.841663461e-05
-1.954592985e-05
-1.321580204e-05
-8.853110479e-06
-5.89084925e-06
-3.802192698e-06
-2.281388815e-06
-1.145563937e-06
-3.515942974e-07
3.260606495e-05
2.819116655e-05
1.602919319e-05
-5.212716976e-06
-3.852861278e-05
-8.944648516e-05
-0.0001650713089
-0.0002727263592
-0.0004150687774
-0.0005836496957
-0.0007460191838
-0.0008510975987
-0.0008659836303
-0.0007924573214
-0.0006539673482
-0.0004842640692
-0.0003233412578
-0.000207529334
-0.0001422371101
-0.0001009536044
-6.760217372e-05
-4.357400446e-05
-2.922545463e-05
-2.034996249e-05
-1.399437768e-05
-9.415560595e-06
-6.33388943e-06
-4.301763932e-06
-2.868936299e-06
-1.818562292e-06
-1.0076008e-06
-4.119838101e-07
5.318105153e-05
5.055184854e-05
4.321755421e-05
2.936017261e-05
4.982383039e-06
-3.743255602e-05
-0.0001091591969
-0.0002255942381
-0.0003983628437
-0.0006258624802
-0.0008564176518
-0.001001322536
-0.001014201292
-0.000907240912
-0.0007140961576
-0.000481357737
-0.0002697340358
-0.0001407479486
-8.981564541e-05
-6.266879426e-05
-3.727912858e-05
-1.984181583e-05
-1.19848307e-05
-8.182350728e-06
-5.272049769e-06
-3.063793016e-06
-1.708550918e-06
-9.306000343e-07
-4.084719331e-07
-7.935249165e-09
2.797599337e-07
4.2389065e-07
7.614889077e-05
7.594296863e-05
7.519576609e-05
7.193609503e-05
6.171073663e-05
3.523839579e-05
-2.404322641e-05
-0.0001452363131
-0.0003576341723
-0.000680792985
-0.001021534368
-0.001224363321
-0.001230666994
-0.001074858527
-0.0008013024817
-0.000472616835
-0.000182835976
-4.569638808e-05
-2.396549513e-05
-1.737468679e-05
-1.665435266e-06
7.131832419e-06
6.538990322e-06
4.098843611e-06
2.989295474e-06
2.432103881e-06
1.774537463e-06
1.091434774e-06
6.030433e-07
2.334889993e-07
-1.431792061e-09
-1.502490959e-07
9.942163972e-05
0.0001022373729
0.0001097375441
0.0001205650141
0.000131212763
0.0001320286216
0.0001012660203
-1.181996532e-05
-0.0002706109298
-0.0007522758469
-0.001265237205
-0.001542492173
-0.001533260103
-0.001303076015
-0.0009032858628
-0.0004236939289
-2.086479601e-05
0.0001019915307
6.61503208e-05
3.976523141e-05
4.106894184e-05
3.814136293e-05
2.774112818e-05
1.905577096e-05
1.418478836e-05
1.11581871e-05
8.70995746e-06
6.692258726e-06
5.258092209e-06
4.198683664e-06
3.329655555e-06
2.337615983e-06
0.0001204680929
0.0001265834004
0.0001432861827
0.0001709934854
0.0002096914113
0.0002531519033
0.000277025763
0.0002002176254
-0.0001039718508
-0.0008565612226
-0.001622457414
-0.001981942249
-0.001953063908
-0.001625419891
-0.001041644108
-0.0003224667391
0.0002375457188
0.0002912620079
0.0001712667047
0.0001102477068
9.092633575e-05
6.740864878e-05
4.259744566e-05
2.604554572e-05
1.676132917e-05
1.058167882e-05
6.253796438e-06
3.320901567e-06
1.327038121e-06
-1.178905997e-07
-1.028441153e-06
-1.405853883e-06
0.0001365424937
0.000145614159
0.0001707621115
0.0002152442031
0.0002857557873
0.000386869626
0.0005038852352
0.0005187954525
0.0001919408471
-0.001028323718
-0.002146609523
-0.002564510105
-0.002497821064
-0.002050624121
-0.001207340538
-8.228495078e-05
0.000718723715
0.0005340317287
0.0002561702662
0.000172885862
0.0001477717592
0.0001082238643
7.192518074e-05
4.999778683e-05
3.711746715e-05
2.765945251e-05
2.066517178e-05
1.561895081e-05
1.19660951e-05
9.244710061e-06
6.769246301e-06
4.426457366e-06
0.0001452874012
0.0001561072969
0.0001864255758
0.0002419170789
0.0003358066993
0.0004885221347
0.000713564773
0.0009116908775
0.0006416735546
-0.001167280865
-0.002677236015
-0.003126420807
-0.003030383203
-0.002514868712
-0.00149211515
2.883415886e-05
0.001349873381
0.0008945774634
0.0003521890167
0.0001953436248
0.0001406380421
8.473775707e-05
4.376236598e-05
2.351891979e-05
1.34421598e-05
6.853450977e-06
2.333170383e-06
-3.791944933e-07
-2.008912224e-06
-2.907227076e-06
-3.585262229e-06
-3.020280777e-06
0.0001452300865
0.0001560506502
0.0001863752487
0.0002418861146
0.0003358890687
0.0004889711203
0.0007158200755
0.0009182768689
0.0006587063837
-0.001169866592
-0.002682564758
-0.003127931284
-0.003031274892
-0.002514812886
-0.001486942129
5.426460143e-05
0.001389507677
0.0009395937498
0.0004051981032
0.0002538453798
0.0001917520542
0.0001250625908
7.659657896e-05
4.977545583e-05
3.416849739e-05
2.305687656e-05
1.52170264e-05
9.975885874e-06
6.501459269e-06
3.983280285e-06
1.931791366e-06
1.644935454e-07
0.0001363717235
0.0001454457835
0.0001706076555
0.0002151426771
0.0002858600109
0.0003875529944
0.0005062093802
0.0005238797025
0.0002016541749
-0.001031019354
-0.002147114773
-0.00256261173
-0.002497118643
-0.002048476113
-0.001199755855
-6.664070773e-05
0.0007337215556
0.000554628459
0.0002508456283
0.0001456002805
0.0001121027425
7.344152147e-05
4.034652146e-05
2.152948545e-05
1.156997182e-05
4.949785226e-06
3.943582526e-07
-2.365490177e-06
-4.056376306e-06
-5.086787398e-06
-5.47194354e-06
-4.768200702e-06
0.0001201881327
0.0001263055503
0.000143020385
0.0001707737707
0.0002096280743
0.0002534656155
0.000278256989
0.0002026980024
-9.913514241e-05
-0.0008557983973
-0.001621746669
-0.001981375421
-0.001953129792
-0.001624342103
-0.001038296494
-0.0003156729419
0.0002439854879
0.0002999822694
0.0001708449397
0.0001104020693
9.810488342e-05
7.844643371e-05
5.377329492e-05
3.661688952e-05
2.654346218e-05
1.931595813e-05
1.392070873e-05
1.001652187e-05
7.137261486e-06
5.062720716e-06
3.210264703e-06
1.46672106e-06
9.903975983e-05
0.0001018553853
0.0001093594474
0.0001202105043
0.0001309441557
0.0001319633485
0.000101662579
-1.081394527e-05
-0.0002686898936
-0.0007517095035
-0.001265411171
-0.001542688386
-0.001533747573
-0.001303147177
-0.0009025714166
-0.0004212084596
-1.782170094e-05
0.0001084392372
6.863667389e-05
3.89373611e-05
3.843956336e-05
3.305690607e-05
2.036035497e-05
1.061549109e-05
5.413549561e-06
2.201622668e-06
-1.894431073e-07
-1.946106527e-06
-3.070223981e-06
-3.800476595e-06
-3.980480321e-06
-3.445770281e-06
7.567550667e-05
7.546671946e-05
7.471472881e-05
7.145818051e-05
6.12673944e-05
3.488766387e-05
-2.41874302e-05
-0.000145125777
-0.0003571996851
-0.00068075686
-0.001021921302
-0.001224725095
-0.001231219654
-0.001075282492
-0.0008012254716
-0.0004716900277
-0.0001814746434
-4.272189213e-05
-2.364584571e-05
-1.917158701e-05
-2.892545628e-06
7.077091788e-06
7.388036302e-06
5.614218022e-06
4.952198473e-06
4.74338489e-06
4.216685115e-06
3.513085775e-06
3.016024038e-06
2.564457986e-06
2.072364525e-06
1.402844759e-06
5.262892262e-05
4.999478163e-05
4.264864385e-05
2.877915367e-05
4.402286995e-06
-3.798557982e-05
-0.0001096383014
-0.0002259782543
-0.0003986371046
-0.0006262630631
-0.0008570480255
-0.001002022687
-0.001014988531
-0.0009080287155
-0.0007146197238
-0.0004815246069
-0.0002696056946
-0.0001397735885
-8.969793033e-05
-6.33309472e-05
-3.7681498e-05
-2.008920559e-05
-1.265138554e-05
-9.363822515e-06
-6.850465171e-06
-4.861998784e-06
-3.807678303e-06
-3.281188532e-06
-2.953662691e-06
-2.636562638e-06
-2.25226538e-06
-1.69299199e-06
3.198989327e-05
2.756845322e-05
1.538958711e-05
-5.874711666e-06
-3.921006503e-05
-9.013715268e-05
-0.0001657524569
-0.0002733887017
-0.0004157132502
-0.0005843580072
-0.0007468500641
-0.0008519985396
-0.0008669141143
-0.0007933941849
-0.0006547718101
-0.0004848510033
-0.0003236801435
-0.0002074386489
-0.0001424033807
-0.0001016608085
-6.834177849e-05
-4.416729189e-05
-2.976262247e-05
-2.074882692e-05
-1.419193689e-05
-9.36101163e-06
-6.128555606e-06
-3.954275505e-06
-2.403630177e-06
-1.203116428e-06
-3.201356468e-07
1.223058583e-07
1.531168879e-05
9.675049127e-06
-5.771976023e-06
-3.182867223e-05
-7.045688169e-05
-0.0001255232726
-0.0002012642819
-0.0003004376799
-0.0004213584824
-0.0005538168146
-0.0006747216212
-0.0007536661419
-0.0007682685611
-0.0007159572988
-0.0006115745832
-0.0004796273438
-0.0003492939724
-0.0002454879229
-0.0001750577184
-0.0001262079975
-8.815412632e-05
-6.003331953e-05
-4.130619861e-05
-2.880762388e-05
-1.990324583e-05
-1.359150009e-05
-9.268310534e-06
-6.386576768e-06
-4.330913682e-06
-2.891859629e-06
-1.762604798e-06
-8.950706878e-07
3.657299175e-06
-2.718684547e-06
-2.014619274e-05
-4.901082675e-05
-9.049902394e-05
-0.0001473458032
-0.0002220664342
-0.0003149879974
-0.0004226028112
-0.000534047796
-0.0006315160878
-0.0006937199586
-0.0007070169347
-0.0006681609028
-0.0005844728797
-0.0004750251526
-0.0003634802581
-0.0002688821995
-0.0001974843683
-0.0001443706703
-0.0001033506209
-7.258227843e-05
-5.094770908e-05
-3.585005184e-05
-2.511433443e-05
-1.736702917e-05
-1.196814505e-05
-8.125017999e-06
-5.421575273e-06
-3.36516091e-06
-1.81193203e-06
-6.486473192e-07
-2.322900754e-06
-9.04531663e-06
-2.739891179e-05
-5.754722523e-05
-0.000100269694
-0.0001577288668
-0.0002316656183
-0.0003213241964
-0.0004228543592
-0.0005243334444
-0.0006118334454
-0.0006673023542
-0.0006765268822
-0.0006445939661
-0.0005711421756
-0.0004720681053
-0.0003689932664
-0.000278750001
-0.0002072682048
-0.0001522453018
-0.0001098076772
-7.78423441e-05
-5.484184407e-05
-3.852949284e-05
-2.692481596e-05
-1.861993419e-05
-1.283949351e-05
-8.708819415e-06
-5.816306554e-06
-3.634677024e-06
-1.992203314e-06
-7.94293979e-07
-1.883895573e-06
-8.652974925e-06
-2.712474562e-05
-5.74577164e-05
-0.0001004153666
-0.0001581157556
-0.0002321968986
-0.0003217226139
-0.0004226518988
-0.0005229159976
-0.0006088035209
-0.0006630704165
-0.0006716422883
-0.0006403297398
-0.0005682733264
-0.0004707687204
-0.000369009141
-0.0002794406308
-0.0002078887076
-0.000152447889
-0.0001097847176
-7.773676202e-05
-5.464489198e-05
-3.826897698e-05
-2.667951627e-05
-1.834705532e-05
-1.262342569e-05
-8.497626528e-06
-5.650902218e-06
-3.486820257e-06
-1.878833502e-06
-7.140155646e-07
4.022544638e-06
-2.41903868e-06
-2.001725815e-05
-4.915681692e-05
-9.101248878e-05
-0.0001482658686
-0.0002232914745
-0.0003161315665
-0.0004229543615
-0.0005325872293
-0.0006275817756
-0.0006878898326
-0.0007005421199
-0.0006627429399
-0.0005810364516
-0.000473842478
-0.0003641941912
-0.0002704539114
-0.0001986138447
-0.0001447073923
-0.0001033869139
-7.254312921e-05
-5.077117738e-05
-3.558955762e-05
-2.485393947e-05
-1.717570435e-05
-1.183551739e-05
-8.060445256e-06
-5.423566388e-06
-3.458507511e-06
-1.964368204e-06
-8.399383559e-07
1.5523306e-05
9.778259764e-06
-5.959554398e-06
-3.250215965e-05
-7.181788778e-05
-0.0001277115449
-0.0002041905668
-0.0003034569294
-0.0004231318755
-0.0005522148723
-0.0006683759029
-0.000743981232
-0.0007579005073
-0.0007076710068
-0.0006068295016
-0.0004789587494
-0.0003521543355
-0.0002497416377
-0.0001779869997
-0.0001274144289
-8.880332124e-05
-6.042466736e-05
-4.135711595e-05
-2.861424519e-05
-1.964320636e-05
-1.326059763e-05
-8.842478169e-06
-5.857356696e-06
-3.750734719e-06
-2.243354469e-06
-1.096603279e-06
-3.374050747e-07
3.195766336e-05
2.735093697e-05
1.466276981e-05
-7.485923971e-06
-4.214555588e-05
-9.478893066e-05
-0.0001721395159
-0.0002803969947
-0.0004205968042
-0.0005824548567
-0.0007353739104
-0.0008345032365
-0.0008486220598
-0.0007790794959
-0.0006471635099
-0.0004849623086
-0.0003303121332
-0.0002159450136
-0.0001474803201
-0.0001036002272
-6.957330806e-05
-4.514150469e-05
-3.022985217e-05
-2.100094813e-05
-1.453419182e-05
-9.908376171e-06
-6.777699947e-06
-4.724268142e-06
-3.282810668e-06
-2.251139038e-06
-1.395147986e-06
-7.440432911e-07
5.22531448e-05
4.93044986e-05
4.10867064e-05
2.56359696e-05
-1.257965405e-06
-4.715423934e-05
-0.0001227681667
-0.0002411903891
-0.0004104317452
-0.0006235975951
-0.0008346662184
-0.0009687140394
-0.0009818835155
-0.0008827162185
-0.0007026647255
-0.0004857704999
-0.0002871922939
-0.0001584189895
-9.951565402e-05
-6.71053319e-05
-4.014909069e-05
-2.164962196e-05
-1.271309915e-05
-8.381877333e-06
-5.32396943e-06
-3.078043231e-06
-1.715371954e-06
-9.629024375e-07
-5.090168672e-07
-2.031334341e-07
1.805192952e-09
7.533966781e-08
7.485957735e-05
7.412904564e-05
7.194000832e-05
6.594842423e-05
5.110254468e-05
1.770663289e-05
-5.018677006e-05
-0.0001770167632
-0.0003840706488
-0.0006758478647
-0.000976598744
-0.001160226341
-0.001168830191
-0.001026967455
-0.0007781052087
-0.0004810944853
-0.0002188654549
-7.882604648e-05
-4.116934827e-05
-2.660972953e-05
-9.066346572e-06
1.578115125e-06
3.006131644e-06
1.707920422e-06
1.125240062e-06
9.264174814e-07
5.628465575e-07
1.042217286e-07
-2.61739454e-07
-5.129467738e-07
-6.709374199e-07
-6.168371747e-07
9.768537584e-05
9.972688608e-05
0.000104957788
0.0001112721443
0.0001137101328
0.0001011501878
5.179952621e-05
-7.618004917e-05
-0.000327961852
-0.0007391440617
-0.001173796312
-0.001422320229
-0.001420453094
-0.001216770189
-0.0008667339612
-0.000450342972
-9.756951881e-05
4.20580935e-05
4.055429224e-05
2.901697984e-05
3.363612082e-05
3.337685528e-05
2.51440705e-05
1.707274022e-05
1.217960261e-05
8.962389976e-06
6.40491653e-06
4.368114192e-06
2.881349803e-06
1.804545783e-06
9.341409517e-07
2.362243636e-07
0.0001182798842
0.0001232810053
0.0001366648373
0.0001573454321
0.0001821614874
0.0002007594502
0.0001864288124
7.263082417e-05
-0.000226103688
-0.0008167890704
-0.001435788782
-0.001756158184
-0.001742955349
-0.001464946389
-0.000979858482
-0.0003946432552
7.441406207e-05
0.0001812002737
0.0001178636602
7.750774125e-05
6.890417787e-05
5.626567001e-05
3.81677709e-05
2.463908972e-05
1.682286553e-05
1.157004525e-05
7.542866677e-06
4.61228057e-06
2.559690744e-06
1.065291397e-06
5.35519617e-08
-4.559662539e-07
0.0001339702623
0.0001415984146
0.0001623513891
0.0001969166284
0.0002459718603
0.000304074529
0.0003459271604
0.000276168085
-5.921834216e-05
-0.0009192533668
-0.001778994094
-0.002155144668
-0.002120768387
-0.00176169014
-0.001110784246
-0.0002767054275
0.0003607941535
0.0003743427633
0.0002105072212
0.0001385053816
0.0001158421091
8.69740596e-05
5.726041533e-05
3.777716351e-05
2.639314583e-05
1.851657035e-05
1.278904204e-05
8.841262133e-06
6.117908494e-06
4.274503775e-06
2.573973979e-06
1.275796555e-06
0.0001424917264
0.0001516661625
0.000176895893
0.0002204032474
0.0002866199632
0.0003775844226
0.0004782102124
0.0004909666353
0.0001858630133
-0.0009506658485
-0.002068997692
-0.002501764456
-0.002463280622
-0.00206789615
-0.001321317814
-0.0002646833626
0.0006021963387
0.0005304538366
0.0002638760645
0.0001695974443
0.0001408195386
0.0001004083607
6.282385363e-05
4.040941891e-05
2.746130951e-05
1.81454336e-05
1.149245994e-05
7.009514899e-06
3.983671971e-06
1.862833783e-06
2.907054263e-07
-2.893342552e-07
0.0001424383743
0.0001516148167
0.0001768537773
0.0002203855803
0.000286698205
0.0003779064083
0.0004794988469
0.0004940069469
0.0001944045882
-0.0009480313854
-0.002070223815
-0.002502954839
-0.002464485006
-0.002067719966
-0.00131599559
-0.0002523941829
0.0006246541344
0.000562524433
0.0002978929753
0.0002012340039
0.000168085712
0.0001235818944
8.306837688e-05
5.855587938e-05
4.402641088e-05
3.3313757e-05
2.544404758e-05
1.982045549e-05
1.592454609e-05
1.280731728e-05
1.006076447e-05
6.896001619e-06
0.0001338107531
0.0001414445069
0.0001622190584
0.0001968466241
0.0002460890093
0.0003046426802
0.0003476229841
0.0002793759332
-5.374119356e-05
-0.0009196804019
-0.001779728522
-0.002154060231
-0.002119808819
-0.001759931081
-0.001105948352
-0.0002672487477
0.0003721708662
0.0003859616884
0.0002050686819
0.0001212181218
9.732546271e-05
7.022981638e-05
4.305417461e-05
2.571716892e-05
1.626294348e-05
9.923700472e-06
5.312352005e-06
2.244210407e-06
2.963914742e-07
-1.023672914e-06
-1.795326458e-06
-1.727995225e-06
0.0001180167287
0.0001230241271
0.0001364307836
0.0001571734088
0.0001821543961
0.0002010974602
0.0001874861943
7.451880839e-05
-0.0002230324076
-0.0008157980206
-0.00143520099
-0.0017551874
-0.00174250001
-0.001464014373
-0.0009772406063
-0.0003896768147
7.957011638e-05
0.0001876299919
0.0001193504024
7.916235397e-05
7.571099649e-05
6.657060274e-05
4.969469359e-05
3.584678222e-05
2.75864303e-05
2.175773907e-05
1.729814701e-05
1.38503799e-05
1.13504495e-05
9.463510908e-06
7.633165571e-06
5.313708098e-06
9.732380321e-05
9.936954959e-05
0.0001046161776
0.0001109734465
0.0001135198492
0.0001011755337
5.223466552e-05
-7.526724933e-05
-0.0003264897615
-0.000738508841
-0.001173860743
-0.001422365831
-0.001420597276
-0.001216485704
-0.0008655303833
-0.0004478390393
-9.449211632e-05
4.733483283e-05
4.333026924e-05
2.876384996e-05
3.202708888e-05
3.06400887e-05
2.080516723e-05
1.204345812e-05
7.071467431e-06
4.074208885e-06
1.795315406e-06
4.940206656e-08
-1.093233687e-06
-1.828401391e-06
-2.080206744e-06
-1.723462965e-06
7.440805399e-05
7.367873178e-05
7.14959866e-05
6.552588223e-05
5.073876867e-05
1.746065128e-05
-5.022195569e-05
-0.0001768177948
-0.0003836520499
-0.0006757342623
-0.0009768730723
-0.001160487916
-0.001169073567
-0.001027045868
-0.0007776490327
-0.0004799105895
-0.000217253567
-7.618703374e-05
-4.040738509e-05
-2.782323369e-05
-1.008448572e-05
1.671746144e-06
4.072048232e-06
3.61226513e-06
3.647599092e-06
4.021758911e-06
4.019341832e-06
3.773844126e-06
3.536894951e-06
3.378945376e-06
3.057354878e-06
2.37053504e-06
5.172310611e-05
4.877295041e-05
4.055279253e-05
2.510553163e-05
-1.766348663e-06
-4.761082888e-05
-0.00012313159
-0.0002414515258
-0.000410609854
-0.0006238877757
-0.0008351632575
-0.000969276113
-0.0009824521272
-0.0008832246767
-0.0007028817804
-0.0004855893764
-0.0002867018009
-0.0001573933058
-9.916496667e-05
-6.748202885e-05
-4.047049267e-05
-2.174815932e-05
-1.305104657e-05
-9.097033852e-06
-6.344303011e-06
-4.278315073e-06
-3.112682501e-06
-2.52300357e-06
-2.189534658e-06
-1.880707178e-06
-1.517040686e-06
-1.059791888e-06
3.136297665e-05
2.675253336e-05
1.405521996e-05
-8.103299378e-06
-4.276545872e-05
-9.53978381e-05
-0.0001727196954
-0.0002809451004
-0.0004211278101
-0.0005830482487
-0.0007360797162
-0.0008352718777
-0.0008493881413
-0.0007798003519
-0.0006477227838
-0.0004852673033
-0.0003303747796
-0.0002157153754
-0.0001474916966
-0.0001040991258
-7.020198812e-05
-4.566297225e-05
-3.071597051e-05
-2.135396341e-05
-1.467581891e-05
-9.748605961e-06
-6.411768662e-06
-4.128220354e-06
-2.513944462e-06
-1.222784972e-06
-3.015685188e-07
2.314510556e-07
1.487927884e-05
9.128917551e-06
-6.622771037e-06
-3.318411198e-05
-7.251772219e-05
-0.000128424379
-0.0002049097219
-0.0003041819521
-0.0004238726215
-0.0005530027209
-0.0006692336571
-0.0007448813259
-0.000758805883
-0.0007085527603
-0.0006076196403
-0.000479591768
-0.00035261686
-0.0002500442394
-0.0001783375345
-0.0001279853283
-8.938767335e-05
-6.089025287e-05
-4.173562562e-05
-2.896312027e-05
-1.993156317e-05
-1.354640829e-05
-9.151195982e-06
-6.229233368e-06
-4.14796658e-06
-2.698112788e-06
-1.568990294e-06
-7.143603586e-07
3.345303488e-06
-3.10259229e-06
-2.071760287e-05
-4.988125443e-05
-9.176360464e-05
-0.0001490431697
-0.0002240931957
-0.0003169584507
-0.0004238117741
-0.000533489623
-0.0006285362242
-0.0006888824707
-0.0007015373609
-0.000663721451
-0.0005819545988
-0.0004746472905
-0.0003648717479
-0.0002710053595
-0.0001991472243
-0.0001453041162
-0.0001039810201
-7.305444247e-05
-5.123073762e-05
-3.600438215e-05
-2.521495437e-05
-1.745411436e-05
-1.203686487e-05
-8.175576052e-06
-5.464534959e-06
-3.395478477e-06
-1.828848586e-06
-6.477970393e-07
-2.577821422e-06
-9.353686655e-06
-2.784362846e-05
-5.82031853e-05
-0.000101191487
-0.0001589238494
-0.0002330370127
-0.0003225959448
-0.0004235610494
-0.0005238709586
-0.0006098031132
-0.0006641071293
-0.0006726821438
-0.0006413533752
-0.0005692493625
-0.0004716558945
-0.0003697794888
-0.0002801120917
-0.0002085109391
-0.0001530810865
-0.0001103922816
-7.827556652e-05
-5.511348619e-05
-3.868540146e-05
-2.701318074e-05
-1.865294709e-05
-1.284376182e-05
-8.698429956e-06
-5.795157716e-06
-3.605275643e-06
-1.953797006e-06
-7.611989222e-07
-2.13635544e-06
-8.956145439e-06
-2.755751958e-05
-5.809083968e-05
-0.0001012995566
-0.0001592562384
-0.0002335018374
-0.0003229338137
-0.0004233467097
-0.0005225426925
-0.000607044839
-0.000660289688
-0.0006682336658
-0.0006375191959
-0.0005667166339
-0.0004705527639
-0.0003698599986
-0.0002807858925
-0.0002091106656
-0.0001532894143
-0.0001103779904
-7.817538946e-05
-5.49290652e-05
-3.843502328e-05
-2.677451769e-05
-1.841618256e-05
-1.264809891e-05
-8.508670049e-06
-5.655267307e-06
-3.478620005e-06
-1.875149526e-06
-7.009127218e-07
3.717117403e-06
-2.792204776e-06
-2.056714143e-05
-4.998746487e-05
-9.22104147e-05
-0.000149862515
-0.0002251828117
-0.0003179562258
-0.0004240686805
-0.0005321135516
-0.0006249849573
-0.000683635094
-0.0006957160611
-0.0006588971521
-0.0005789602408
-0.0004736932155
-0.0003656055833
-0.0002724910246
-0.0002002416253
-0.0001456732235
-0.0001040346065
-7.301607106e-05
-5.1047778e-05
-3.572852834e-05
-2.493212077e-05
-1.721985028e-05
-1.186085527e-05
-8.064344848e-06
-5.418390589e-06
-3.444789519e-06
-1.949596594e-06
-8.168099521e-07
1.510633014e-05
9.255094409e-06
-6.76686411e-06
-3.377759488e-05
-7.374031379e-05
-0.0001303907454
-0.0002075128271
-0.000306811424
-0.0004253167265
-0.0005514543333
-0.0006636162499
-0.0007362728516
-0.0007496381919
-0.0007012781095
-0.0006035401678
-0.0004791182079
-0.0003552101513
-0.0002538399539
-0.0001810198268
-0.0001291695625
-9.004815028e-05
-6.133915498e-05
-4.189014979e-05
-2.886211315e-05
-1.978890383e-05
-1.33354677e-05
-8.881348065e-06
-5.843853657e-06
-3.723145721e-06
-2.192754182e-06
-1.040977722e-06
-2.620021132e-07
3.136098027e-05
2.65791182e-05
1.341201912e-05
-9.556556162e-06
-4.541421154e-05
-9.956057722e-05
-0.0001783385312
-0.0002869506421
-0.0004250556851
-0.0005811424302
-0.000726051166
-0.0008199667382
-0.000833517342
-0.0007676113346
-0.0006414895813
-0.0004857009291
-0.0003363448125
-0.0002232926494
-0.0001521356087
-0.000105895112
-7.117580194e-05
-4.633129638e-05
-3.083709749e-05
-2.12192447e-05
-1.458879757e-05
-9.879479382e-06
-6.681736402e-06
-4.591135722e-06
-3.135146641e-06
-2.106587131e-06
-1.26952468e-06
-6.144677938e-07
5.13993158e-05
4.81613226e-05
3.914178994e-05
2.226140937e-05
-6.846905756e-06
-5.571727432e-05
-0.0001344593355
-0.0002541357457
-0.0004197865508
-0.0006210764845
-0.0008161283713
-0.0009410365023
-0.0009540212615
-0.0008619858913
-0.000693208427
-0.0004894087053
-0.0003015252111
-0.0001736789215
-0.0001084189176
-7.142593177e-05
-4.305583757e-05
-2.367717889e-05
-1.371705358e-05
-8.779510479e-06
-5.492951535e-06
-3.120933843e-06
-1.624285028e-06
-7.692131624e-07
-2.250016045e-07
1.689413957e-07
4.228223803e-07
5.20168968e-07
7.367065475e-05
7.247423945e-05
6.898115007e-05
6.056200022e-05
4.171745651e-05
2.557737431e-06
-7.202535103e-05
-0.0002024268892
-0.000403585593
-0.000670704326
-0.0009399364811
-0.001107664779
-0.001117863934
-0.0009886392696
-0.0007601673809
-0.0004882428848
-0.0002468307386
-0.0001052965973
-5.46508493e-05
-3.265222246e-05
-1.307885157e-05
-6.733640463e-07
2.588211641e-06
2.208190298e-06
1.833264857e-06
1.672878041e-06
1.280014222e-06
7.470020319e-07
2.505036063e-07
-1.366064953e-07
-3.706514407e-07
-4.56188467e-07
9.608952803e-05
9.743679685e-05
0.000100637056
0.0001029960036
9.848286247e-05
7.51472648e-05
1.20169704e-05
-0.0001251146323
-0.0003680345174
-0.0007280595102
-0.001102424257
-0.001325796766
-0.001330354357
-0.001150720916
-0.0008396539599
-0.0004717367049
-0.0001567798429
-6.349967974e-06
1.873947427e-05
1.960636685e-05
2.685255248e-05
2.918413938e-05
2.362201347e-05
1.691120598e-05
1.266452908e-05
9.909778599e-06
7.826463761e-06
6.094767783e-06
4.893745131e-06
3.953332087e-06
3.140562816e-06
2.166138913e-06
0.000116270537
0.0001202739036
0.0001307154768
0.0001453427323
0.0001587370267
0.0001581593735
0.0001169593835
-1.801312743e-05
-0.0003050004808
-0.0007912547227
-0.001302611495
-0.00158807727
-0.001585261818
-0.00134616682
-0.0009316880204
-0.0004379176636
-3.310973728e-05
0.0001066490009
9.020414651e-05
6.826055945e-05
6.482740783e-05
5.657293116e-05
4.08330624e-05
2.71484979e-05
1.835529658e-05
1.22681302e-05
7.712121174e-06
4.272374378e-06
1.831966348e-06
4.373248247e-08
-1.081450572e-06
-1.509819406e-06
0.0001316083954
0.0001379466451
0.0001548282866
0.0001809912463
0.0002129728696
0.0002396941419
0.0002322797469
0.0001164170926
-0.0002065870663
-0.00085746516
-0.001539251432
-0.001884029784
-0.001869499326
-0.001566465787
-0.001032263538
-0.0003719448197
0.0001576667831
0.0002640251819
0.000175350872
0.0001178788241
0.0001018184529
8.342527969e-05
5.983820447e-05
4.240528705e-05
3.162897814e-05
2.414032542e-05
1.840828309e-05
1.414962488e-05
1.107700027e-05
8.861507966e-06
6.740617652e-06
4.606897586e-06
0.0001399239686
0.000147628772
0.0001683823263
0.0002018237887
0.0002465063969
0.0002946157303
0.0003202297249
0.0002419809405
-7.545847728e-05
-0.0008657353348
-0.00171271163
-0.002116993344
-0.002104315762
-0.001767645421
-0.001156951011
-0.0003634197153
0.0002987368284
0.0004072936118
0.0002607702138
0.0001650784975
0.0001297635153
9.478034475e-05
5.901129749e-05
3.521131436e-05
2.152543709e-05
1.226882589e-05
5.798005431e-06
1.517835307e-06
-1.232546635e-06
-2.95354475e-06
-4.028541083e-06
-3.779411117e-06
0.0001398736504
0.0001475812505
0.0001683453071
0.0002018121818
0.0002465711556
0.0002948496957
0.0003209909894
0.0002436382621
-7.1433289e-05
-0.0008633216315
-0.001712848846
-0.002117424216
-0.002104639749
-0.001767040234
-0.001154456049
-0.0003578141909
0.0003096019003
0.00042338725
0.0002777978113
0.0001829967252
0.0001482007161
0.0001138331018
7.715786348e-05
5.243120586e-05
3.801029793e-05
2.778429134e-05
2.021182694e-05
1.483485391e-05
1.104718242e-05
8.216414228e-06
5.651950543e-06
3.180781197e-06
0.0001314575207
0.0001378032604
0.0001547104353
0.0001809372911
0.0002130811923
0.000240148159
0.0002334747433
0.0001185257318
-0.0002033426777
-0.0008569521937
-0.001540073698
-0.001883764925
-0.001868905321
-0.001565090238
-0.001028824055
-0.0003656477355
0.0001650124818
0.0002714116348
0.0001753372759
0.000110999431
9.147182624e-05
7.058373037e-05
4.557227046e-05
2.727106712e-05
1.66321905e-05
9.435698034e-06
4.046640554e-06
3.383047562e-07
-2.008465038e-06
-3.565483892e-06
-4.537194327e-06
-4.194127208e-06
0.0001160203256
0.0001200326262
0.0001305032855
0.0001451995726
0.0001587520626
0.0001584740112
0.0001178175542
-1.657876191e-05
-0.0003029399244
-0.0007902837019
-0.001302199826
-0.001587310457
-0.001584675304
-0.001345173765
-0.0009292950446
-0.0004338167461
-2.858764665e-05
0.0001122776796
9.26884065e-05
6.944110131e-05
6.809587249e-05
6.210915629e-05
4.79650519e-05
3.451702026e-05
2.603646723e-05
2.021452196e-05
1.558381061e-05
1.200762699e-05
9.319966961e-06
7.278314296e-06
5.329370103e-06
3.148545521e-06
9.574371077e-05
9.709811216e-05
0.0001003217774
0.000102734683
9.833773026e-05
7.521068495e-05
1.242714316e-05
-0.0001243356303
-0.0003669154655
-0.0007274433491
-0.001102372457
-0.001325759312
-0.001330333014
-0.001150324529
-0.0008384064584
-0.0004694186855
-0.0001538647083
-2.237787457e-06
2.101605486e-05
1.9615227e-05
2.591236224e-05
2.738603071e-05
2.035356003e-05
1.23318325e-05
7.291083654e-06
4.197905144e-06
1.645109989e-06
-3.886283104e-07
-1.78256863e-06
-2.755813114e-06
-3.167692855e-06
-2.888187639e-06
7.323632036e-05
7.204370801e-05
6.856473284e-05
6.017900122e-05
4.140638821e-05
2.373697327e-06
-7.201095466e-05
-0.0002022087866
-0.0004032204572
-0.000670558195
-0.0009401198689
-0.001107842877
-0.001117965522
-0.0009885298031
-0.0007595715715
-0.0004869656886
-0.00024510702
-0.0001030035788
-5.361937483e-05
-3.322239422e-05
-1.379309443e-05
-8.116611816e-07
3.052033011e-06
3.207911699e-06
3.41115855e-06
3.763158899e-06
3.793943462e-06
3.474838934e-06
3.201347896e-06
2.955607119e-06
2.632893062e-06
1.863016074e-06
5.08865726e-05
4.76495723e-05
3.863457831e-05
2.176856275e-05
-7.304178967e-06
-5.610901368e-05
-0.0001347514922
-0.0002543284139
-0.0004199185275
-0.0006213035763
-0.0008165289306
-0.0009414867135
-0.0009544432315
-0.0008623023563
-0.0006932437117
-0.0004890301039
-0.0003008370717
-0.0001726923112
-0.0001079616058
-7.171649889e-05
-4.341097255e-05
-2.385806629e-05
-1.400846501e-05
-9.412853939e-06
-6.458969057e-06
-4.372375874e-06
-3.139169375e-06
-2.585714336e-06
-2.324271433e-06
-2.134217116e-06
-1.83692711e-06
-1.423928994e-06
3.0783158e-05
2.599970674e-05
1.282926798e-05
-1.013993442e-05
-4.598831429e-05
-0.0001001105673
-0.0001788489846
-0.0002874230716
-0.0004255140892
-0.0005816586948
-0.0007266659892
-0.0008206299197
-0.0008341606159
-0.0007681766745
-0.000641880671
-0.00048582046
-0.0003362354778
-0.000222997767
-0.0001520607471
-0.0001062669833
-7.170216182e-05
-4.679490204e-05
-3.128660295e-05
-2.160471276e-05
-1.482988998e-05
-9.879554829e-06
-6.487511624e-06
-4.189706624e-06
-2.582239841e-06
-1.319424507e-06
-3.843747947e-07
1.696122124e-07
1.447850626e-05
8.623723959e-06
-7.407293438e-06
-3.442917776e-05
-7.440001282e-05
-0.0001310523064
-0.0002081701121
-0.0003074665551
-0.000425984382
-0.0005521665859
-0.000664391162
-0.0007370797523
-0.0007504348412
-0.0007020289131
-0.0006041835793
-0.0004795951118
-0.0003555204238
-0.0002540394382
-0.000181283572
-0.0001296598106
-9.057842341e-05
-6.178553628e-05
-4.228039646e-05
-2.922718502e-05
-2.007999625e-05
-1.362808764e-05
-9.190486253e-06
-6.238085895e-06
-4.1708241e-06
-2.728797002e-06
-1.611763716e-06
-7.791328386e-07
3.055480454e-06
-3.458645771e-06
-2.124627672e-05
-5.068429093e-05
-9.292571933e-05
-0.0001505946019
-0.0002259298901
-0.0003187205389
-0.000424858477
-0.000532945245
-0.0006258640024
-0.0006845431344
-0.0006966137392
-0.0006597640509
-0.0005797543859
-0.0004743664273
-0.0003661534465
-0.0002729374832
-0.0002006924927
-0.0001461991972
-0.0001045798366
-7.349870733e-05
-5.14915677e-05
-3.613121559e-05
-2.52833335e-05
-1.751086562e-05
-1.207853447e-05
-8.205119542e-06
-5.493290931e-06
-3.421423263e-06
-1.854850954e-06
-6.685783581e-07
-2.815022619e-06
-9.640223968e-06
-2.825604313e-05
-5.88101563e-05
-0.0001020421456
-0.0001600223492
-0.0002342913382
-0.0003237489204
-0.0004241923708
-0.0005234301388
-0.0006079735652
-0.0006612490456
-0.0006691808941
-0.0006384400821
-0.0005675798708
-0.0004713204004
-0.0003705118554
-0.0002813558223
-0.0002096522311
-0.0001538586872
-0.0001109412126
-7.868751488e-05
-5.538232181e-05
-3.884417979e-05
-2.711801779e-05
-1.870746232e-05
-1.287140884e-05
-8.711888134e-06
-5.804573352e-06
-3.611099031e-06
-1.964489945e-06
-7.731229126e-07
-2.329118338e-06
-9.187538559e-06
-2.788762707e-05
-5.857321709e-05
-0.0001019719626
-0.0001601207829
-0.0002344866999
-0.0003238403539
-0.0004238587304
-0.0005222414882
-0.0006057205341
-0.0006582179789
-0.0006656368474
-0.0006353986741
-0.0005655566836
-0.0004703981588
-0.0003704977461
-0.0002817920361
-0.0002100293646
-0.0001539249182
-0.00011082598
-7.850657233e-05
-5.514434966e-05
-3.856077645e-05
-2.684809052e-05
-1.846443911e-05
-1.266134005e-05
-8.512125192e-06
-5.65769079e-06
-3.480076356e-06
-1.872461213e-06
-6.999593955e-07
3.483921263e-06
-3.076943783e-06
-2.09862573e-05
-5.06194838e-05
-9.311926306e-05
-0.0001510686809
-0.0002266016561
-0.0003193099845
-0.0004248736491
-0.0005317289396
-0.0006230425382
-0.0006804509428
-0.0006920858295
-0.0006560215355
-0.000577425706
-0.0004735948885
-0.0003666566456
-0.0002740081642
-0.0002014694134
-0.0001464085275
-0.0001045228718
-7.336988948e-05
-5.125470966e-05
-3.583011674e-05
-2.4995018e-05
-1.726567855e-05
-1.190471993e-05
-8.103299337e-06
-5.458169812e-06
-3.489442426e-06
-1.99470383e-06
-8.632467903e-07
1.478801257e-05
8.856120842e-06
-7.381301842e-06
-3.474572835e-05
-7.519316547e-05
-0.0001324023696
-0.0002099825346
-0.0003092682705
-0.000426863046
-0.0005508297091
-0.0006601033343
-0.0007305447863
-0.000743494593
-0.0006965442863
-0.0006011286262
-0.0004792355628
-0.0003574187
-0.0002568163649
-0.0001832542389
-0.0001304724863
-9.097484207e-05
-6.203176173e-05
-4.229931458e-05
-2.904336204e-05
-1.988264355e-05
-1.338955355e-05
-8.90978129e-06
-5.847543963e-06
-3.712325026e-06
-2.175210518e-06
-1.02038171e-06
-2.395033247e-07
3.090556342e-05
2.599106891e-05
1.246190549e-05
-1.112304579e-05
-4.787122254e-05
-0.0001031144359
-0.0001828926403
-0.000291672803
-0.0004281409964
-0.0005800497918
-0.0007193175565
-0.000809263474
-0.0008224356264
-0.0007592541088
-0.0006374223619
-0.0004862559753
-0.0003406741823
-0.0002286304523
-0.0001555731895
-0.0001075850724
-7.236688852e-05
-4.726349366e-05
-3.138561856e-05
-2.153489236e-05
-1.484759548e-05
-1.013139134e-05
-6.928369805e-06
-4.837147096e-06
-3.389818038e-06
-2.371782464e-06
-1.535207792e-06
-8.430110705e-07
5.074715512e-05
4.7293137e-05
3.766791111e-05
1.97193267e-05
-1.101781155e-05
-6.20263282e-05
-0.0001429150794
-0.0002632716954
-0.0004260729018
-0.0006190549562
-0.0008029824487
-0.0009209703379
-0.0009338403554
-0.0008471086272
-0.0006864870971
-0.0004917097506
-0.0003113091315
-0.0001845423713
-0.0001149376721
-7.461204626e-05
-4.526803899e-05
-2.52570245e-05
-1.449290448e-05
-9.088359995e-06
-5.661433097e-06
-3.223205456e-06
-1.667261421e-06
-7.774049119e-07
-2.248727962e-07
1.597766875e-07
3.903032356e-07
4.613479352e-07
7.275757258e-05
7.122569241e-05
6.67482949e-05
5.652862729e-05
3.478127824e-05
-8.442507793e-06
-8.749887083e-05
-0.0002198875745
-0.0004162550232
-0.0006667762585
-0.0009145873047
-0.001070563727
-0.001081602269
-0.0009618699851
-0.0007481416768
-0.0004928472701
-0.0002654464767
-0.0001240551647
-6.482159234e-05
-3.752108662e-05
-1.688694713e-05
-3.686683905e-06
5.910492701e-07
7.390795281e-07
4.84403822e-07
4.219468226e-07
1.471580786e-07
-2.609092023e-07
-6.786484389e-07
-9.701411772e-07
-1.09538894e-06
-9.922893253e-07
9.48746817e-05
9.570058172e-05
9.738954383e-05
9.684996528e-05
8.737447279e-05
5.662364317e-05
-1.542261223e-05
-0.0001576048682
-0.0003930597723
-0.0007203954943
-0.001054671369
-0.001259254905
-0.001267295981
-0.001104975523
-0.0008204065197
-0.0004847841897
-0.0001950782599
-4.025231724e-05
1.547147949e-06
1.147945668e-05
2.090297789e-05
2.524512678e-05
2.168491355e-05
1.587085446e-05
1.177713862e-05
9.154757402e-06
7.136944843e-06
5.429173572e-06
4.149392512e-06
3.153826456e-06
2.303413755e-06
1.339966634e-06
0.000114740968
0.0001180000759
0.0001262678886
0.000136517546
0.0001419292387
0.0001285585694
7.063648162e-05
-7.560263728e-05
-0.0003520082347
-0.0007760647356
-0.001217601082
-0.001475417962
-0.001478480888
-0.001267229426
-0.000898937525
-0.0004647819458
-0.0001034669918
5.215622156e-05
6.374017748e-05
5.287624444e-05
5.147621387e-05
4.638553359e-05
3.403180392e-05
2.220635112e-05
1.441191178e-05
9.363333767e-06
5.721715113e-06
2.848104789e-06
8.622352392e-07
-5.422847491e-07
-1.332484856e-06
-1.420181918e-06
0.0001298106043
0.0001351905905
0.0001492289859
0.0001693978272
0.0001897261748
0.00019627029
0.0001596429231
2.021639211e-05
-0.0002896614751
-0.0008260563562
-0.001393789123
-0.001705169981
-0.001701850963
-0.001439487108
-0.0009807351541
-0.0004276801635
2.527289372e-05
0.0001719446212
0.0001365568546
9.687287453e-05
8.520632919e-05
7.252464502e-05
5.317045093e-05
3.701731925e-05
2.685972385e-05
2.001545685e-05
1.481200481e-05
1.093086577e-05
8.158261274e-06
6.198301992e-06
4.395775729e-06
2.624156786e-06
0.0001379692905
0.0001445833563
0.0001620593761
0.0001883783543
0.000218609446
0.0002400096579
0.0002231972868
0.0001008741753
-0.0002144241288
-0.0008305978007
-0.001506497077
-0.001865553354
-0.001868573919
-0.001580849858
-0.001067204045
-0.0004297150784
0.0001060623749
0.0002598849727
0.0001862326203
0.0001181135293
9.516172055e-05
7.524967033e-05
5.006830786e-05
3.118956482e-05
2.028681726e-05
1.30335697e-05
7.64609278e-06
3.833783354e-06
1.266067578e-06
-5.025600242e-07
-1.649664213e-06
-1.79728073e-06
0.0001379210128
0.0001445382701
0.0001620252434
0.0001883690671
0.0002186632042
0.0002401887735
0.0002236975972
0.0001018575924
-0.0002123751654
-0.0008288189698
-0.001505898281
-0.00186528795
-0.001868350881
-0.00158032641
-0.001065728168
-0.000426410949
0.0001120095336
0.0002691537891
0.0001974877335
0.0001303348673
0.000108587442
8.924320499e-05
6.390013026e-05
4.48486249e-05
3.372857962e-05
2.606762096e-05
2.012056275e-05
1.581944179e-05
1.270170858e-05
1.034114712e-05
7.989747049e-06
5.441158324e-06
0.000129665537
0.0001350540025
0.000149119677
0.0001693512489
0.0001898215098
0.0001966396112
0.0001605328791
2.170904635e-05
-0.0002875511503
-0.0008252697432
-0.001394261062
-0.001705125296
-0.001701398758
-0.001438343339
-0.0009781630895
-0.0004232084044
3.0478602e-05
0.0001777225676
0.0001382207283
9.316100016e-05
7.772145618e-05
6.279164017e-05
4.233530031e-05
2.579480241e-05
1.597395409e-05
9.546986484e-06
4.732700469e-06
1.383597236e-06
-7.03753651e-07
-2.124999591e-06
-3.012676684e-06
-2.758106242e-06
0.0001144994831
0.0001177690736
0.0001260691987
0.0001363901582
0.0001419503811
0.0001288415182
7.134673775e-05
-7.446064713e-05
-0.0003505122084
-0.0007752031325
-0.001217263791
-0.00147475875
-0.001477738179
-0.001266087441
-0.0008967432842
-0.0004613613846
-9.955147487e-05
5.667850708e-05
6.603728268e-05
5.367422668e-05
5.330580868e-05
5.031451236e-05
3.966510234e-05
2.875744759e-05
2.182495095e-05
1.73782244e-05
1.381789465e-05
1.112427043e-05
9.142122522e-06
7.732696969e-06
6.143157816e-06
4.227621817e-06
9.453938832e-05
9.537456253e-05
9.709119899e-05
9.661108703e-05
8.725292607e-05
5.669907532e-05
-1.504978649e-05
-0.0001569338676
-0.0003921694117
-0.0007198251484
-0.00105454945
-0.001259152942
-0.001267158782
-0.001104490278
-0.0008191691405
-0.0004826097585
-0.0001923221604
-3.690768337e-05
3.621938541e-06
1.185046729e-05
2.043989228e-05
2.404335775e-05
1.935568292e-05
1.23755923e-05
7.576527735e-06
4.628365444e-06
2.214934331e-06
2.91815974e-07
-1.054198487e-06
-1.964466452e-06
-2.373138132e-06
-2.133032999e-06
7.233478304e-05
7.080871225e-05
6.635008518e-05
5.61707177e-05
3.45016265e-05
-8.593468006e-06
-8.746571706e-05
-0.0002196755392
-0.00041593712
-0.000666626707
-0.0009147061884
-0.001070690054
-0.001081630098
-0.0009616449518
-0.0007474700265
-0.0004914967673
-0.0002636677889
-0.000122001211
-6.369833922e-05
-3.771904824e-05
-1.747938537e-05
-3.991664379e-06
7.616181095e-07
1.448406393e-06
1.850406172e-06
2.443457662e-06
2.718549898e-06
2.661220701e-06
2.620990883e-06
2.627362429e-06
2.456774011e-06
1.922782171e-06
5.024625427e-05
4.679488554e-05
3.717862308e-05
1.925115991e-05
-1.144264989e-05
-6.237887093e-05
-0.0001431673495
-0.0002634296436
-0.0004261843507
-0.0006192500171
-0.0008033256111
-0.0009213443359
-0.0009341692834
-0.0008473033391
-0.0006864082603
-0.0004912065247
-0.0003105113639
-0.0001835890112
-0.000114437244
-7.479058706e-05
-4.559646678e-05
-2.544485935e-05
-1.471407509e-05
-9.554648362e-06
-6.419810446e-06
-4.215388292e-06
-2.915461344e-06
-2.300173007e-06
-1.990492108e-06
-1.795922588e-06
-1.51229474e-06
-1.107224283e-06
3.033933497e-05
2.542466119e-05
1.189599568e-05
-1.168363037e-05
-4.841520157e-05
-0.0001036266628
-0.0001833598817
-0.0002920998883
-0.0004285566886
-0.000580519116
-0.0007198752106
-0.0008098546346
-0.0008229966237
-0.0007597194901
-0.0006377042325
-0.0004862636678
-0.0003404575482
-0.0002282961901
-0.0001554457369
-0.000107857839
-7.281168427e-05
-4.768133827e-05
-3.180723766e-05
-2.192454226e-05
-1.513280981e-05
-1.017644443e-05
-6.762293528e-06
-4.429966865e-06
-2.798282264e-06
-1.508431747e-06
-5.223082637e-07
1.016585492e-07
1.417134807e-05
8.237098629e-06
-8.006145382e-06
-3.537668844e-05
-7.582590122e-05
-0.0001330299723
-0.0002105995509
-0.0003098786475
-0.0004274842429
-0.0005514933132
-0.0006608235717
-0.0007312885759
-0.0007442177861
-0.0006972082139
-0.0006016753868
-0.0004796115476
-0.0003576317852
-0.0002569472894
-0.0001834637012
-0.0001308971988
-9.146405534e-05
-6.247537216e-05
-4.267722004e-05
-2.940054924e-05
-2.016576589e-05
-1.365220361e-05
-9.170064123e-06
-6.17991851e-06
-4.099833999e-06
-2.64213858e-06
-1.520829531e-06
-6.889981574e-07
2.833041114e-06
-3.731603969e-06
-2.165082743e-05
-5.129742324e-05
-9.381021822e-05
-0.0001517702689
-0.0002273122258
-0.0003200328592
-0.0004256188998
-0.0005325137784
-0.0006238711257
-0.0006813015025
-0.0006929163751
-0.0006568128212
-0.0005781366955
-0.0004741807543
-0.0003671193527
-0.0002743856495
-0.0002018659646
-0.0001468843891
-0.000105032153
-7.383168726e-05
-5.168087939e-05
-3.621890416e-05
-2.533892652e-05
-1.755898199e-05
-1.212267183e-05
-8.24593403e-06
-5.533971901e-06
-3.460603133e-06
-1.887862522e-06
-6.911591203e-07
-2.997262735e-06
-9.860156637e-06
-2.85721442e-05
-5.927458629e-05
-0.0001026916281
-0.0001608583339
-0.0002352419922
-0.0003246163249
-0.0004246620378
-0.000523083447
-0.0006066015479
-0.0006591257704
-0.0006665191338
-0.000636249006
-0.0005663436557
-0.0004710850187
-0.0003710710281
-0.0002822942851
-0.0002105168605
-0.0001544498383
-0.0001113570902
-7.899955018e-05
-5.558549341e-05
-3.896016526e-05
-2.718833689e-05
-1.874474029e-05
-1.288538066e-05
-8.712346023e-06
-5.800078954e-06
-3.602750711e-06
-1.945667486e-06
-7.616350513e-07
-2.433306453e-06
-9.31256032e-06
-2.806590866e-05
-5.883353264e-05
-0.0001023343689
-0.0001605858031
-0.0002350149116
-0.0003243239695
-0.0004241295728
-0.0005220733208
-0.0006050117461
-0.0006571196809
-0.0006642328224
-0.000634259892
-0.0005649394047
-0.0004703182324
-0.0003708382926
-0.0002823288906
-0.0002105211846
-0.0001542667475
-0.000111067702
-7.868654717e-05
-5.526253516e-05
-3.863177274e-05
-2.689235306e-05
-1.84974064e-05
-1.266967762e-05
-8.512913356e-06
-5.656448087e-06
-3.477477584e-06
-1.870510504e-06
-6.9509534e-07
3.357887698e-06
-3.230755953e-06
-2.121248829e-05
-5.096024222e-05
-9.360835015e-05
-0.0001517159324
-0.0002273596861
-0.0003200282454
-0.0004252938492
-0.0005315143413
-0.0006220077428
-0.0006787540737
-0.0006901404396
-0.0006544865563
-0.0005766124565
-0.0004735464817
-0.0003672163999
-0.0002748165723
-0.0002021315314
-0.0001468089705
-0.0001047904655
-7.356312844e-05
-5.136771706e-05
-3.588524319e-05
-2.50243964e-05
-1.728377862e-05
-1.191816464e-05
-8.107894103e-06
-5.458585714e-06
-3.485182398e-06
-1.989695166e-06
-8.547172167e-07
1.461599919e-05
8.640695971e-06
-7.71263901e-06
-3.526688007e-05
-7.597301196e-05
-0.0001334776282
-0.0002112944232
-0.000310561334
-0.0004276600585
-0.0005504805588
-0.0006582466539
-0.000727504834
-0.0007402274739
-0.0006940348394
-0.0005998616704
-0.000479301924
-0.000358571288
-0.0002583757816
-0.000184441256
-0.0001311731473
-9.148005397e-05
-6.24132055e-05
-4.252593086e-05
-2.915663816e-05
-1.994607065e-05
-1.341178776e-05
-8.923426381e-06
-5.83682326e-06
-3.699175596e-06
-2.152028212e-06
-1.001751377e-06
-2.183492931e-07
3.06595028e-05
2.56738148e-05
1.1950197e-05
-1.196444995e-05
-4.918546305e-05
-0.0001050043147
-0.0001852939747
-0.0002941337361
-0.000429709608
-0.0005794389828
-0.0007158028089
-0.0008036119143
-0.0008165853055
-0.0007548578051
-0.0006353254858
-0.0004865889313
-0.0003429532024
-0.0002314513464
-0.0001574189198
-0.0001084916951
-7.29949676e-05
-4.773325333e-05
-3.164003739e-05
-2.163378879e-05
-1.489184584e-05
-1.013776698e-05
-6.902370728e-06
-4.78345948e-06
-3.327433881e-06
-2.302061789e-06
-1.471429884e-06
-7.691522591e-07
5.039479661e-05
4.682557959e-05
3.687529958e-05
1.83577264e-05
-1.323845397e-05
-6.535857518e-05
-0.0001473311304
-0.0002679736229
-0.0004292167404
-0.0006179436692
-0.0007962139691
-0.0009104909013
-0.0009232900141
-0.0008393599622
-0.0006830911412
-0.0004927852413
-0.0003162551548
-0.0001902282753
-0.0001184645752
-7.636411679e-05
-4.647695068e-05
-2.608635342e-05
-1.489701805e-05
-9.21953715e-06
-5.694179701e-06
-3.209893393e-06
-1.61346508e-06
-7.047472128e-07
-1.388836463e-07
2.512856256e-07
4.997259401e-07
5.592918685e-07
7.226468349e-05
7.055404688e-05
6.555038484e-05
5.437672618e-05
3.111109848e-05
-1.420030959e-05
-9.547925395e-05
-0.0002287307054
-0.0004224643129
-0.0006646739261
-0.0009017665877
-0.001051493746
-0.001062890417
-0.0009481289721
-0.0007431911937
-0.0004950654543
-0.0002745105429
-0.0001335964127
-7.007252194e-05
-3.981345103e-05
-1.849016895e-05
-4.750684768e-06
2.423378687e-07
8.548620501e-07
7.591071312e-07
7.902912213e-07
5.672454142e-07
1.662719038e-07
-2.902395266e-07
-6.174929625e-07
-7.893023081e-07
-7.644543349e-07
9.422193556e-05
9.476425371e-05
9.565252188e-05
9.358859971e-05
8.154420781e-05
4.704008012e-05
-2.934927403e-05
-0.0001737242846
-0.0004050193664
-0.0007164989319
-0.001031085064
-0.001225819107
-0.001234908433
-0.001081725225
-0.0008109968319
-0.000491460686
-0.0002141219768
-5.785811073e-05
-7.667795727e-06
7.709692849e-06
1.864728448e-05
2.396669911e-05
2.129612577e-05
1.593950235e-05
1.195944358e-05
9.405907068e-06
7.476768364e-06
5.801746676e-06
4.564702547e-06
3.629475357e-06
2.854085381e-06
1.847277851e-06
0.0001139164302
0.0001167791456
0.0001238979328
0.0001318634261
0.0001331959907
0.0001134700387
4.758660901e-05
-0.0001034777209
-0.000373828075
-0.0007688746406
-0.001176819863
-0.001420799742
-0.00142504448
-0.001228560749
-0.0008826093936
-0.0004779015184
-0.0001368646931
2.561875981e-05
5.110286254e-05
4.801148562e-05
4.898656325e-05
4.621563589e-05
3.566712577e-05
2.433591704e-05
1.636472487e-05
1.106592852e-05
7.098690893e-06
3.875034981e-06
1.602899472e-06
-8.827101682e-08
-1.121650369e-06
-1.464540483e-06
0.0001288413474
0.0001337131989
0.0001462543557
0.0001633212144
0.000177777801
0.0001745115449
0.0001243943502
-2.489607042e-05
-0.0003270759572
-0.0008126041388
-0.001326182217
-0.001620605755
-0.001619881976
-0.001380488609
-0.0009584592537
-0.0004534342809
-3.492795186e-05
0.0001305530369
0.000121653396
9.299079039e-05
8.225903351e-05
7.146725679e-05
5.394011776e-05
3.827614529e-05
2.819069454e-05
2.148924127e-05
1.634040863e-05
1.244769149e-05
9.669271846e-06
7.590311896e-06
5.683896625e-06
3.643456899e-06
0.0001369154848
0.0001429517156
0.0001587060039
0.0001813570907
0.0002043780849
0.0002129780978
0.0001771239996
3.727988617e-05
-0.0002743878898
-0.0008177814793
-0.001415800261
-0.001752467875
-0.001756072489
-0.001498365301
-0.001030299579
-0.0004574331928
2.530902301e-05
0.0002000322734
0.0001692904167
0.0001216340086
0.000100701193
8.164678331e-05
5.637066108e-05
3.555213137e-05
2.288790842e-05
1.437908155e-05
8.083964605e-06
3.546695229e-06
5.387759292e-07
-1.540044678e-06
-2.829137996e-06
-2.957544891e-06
0.0001368682298
0.0001429078085
0.0001586731588
0.000181348533
0.0002044258403
0.0002131306249
0.0001775114954
3.800011543e-05
-0.0002730533929
-0.0008163851576
-0.001415055805
-0.001752066126
-0.001755755633
-0.001497882383
-0.001029054462
-0.0004550859498
2.948210626e-05
0.0002065242978
0.0001771785419
0.0001298518552
0.0001107412253
9.268933022e-05
6.797946512e-05
4.790331694e-05
3.548486781e-05
2.683150766e-05
2.024419941e-05
1.543683371e-05
1.204360229e-05
9.519588951e-06
7.072637334e-06
4.6383653e-06
0.0001286991902
0.0001335799332
0.0001461489699
0.000163277387
0.0001778647753
0.0001748379605
0.0001251412937
-2.367957874e-05
-0.0003254415714
-0.0008117567294
-0.001326420703
-0.001620649771
-0.001619574176
-0.001379535989
-0.000956347035
-0.0004497464297
-3.047235636e-05
0.0001352266964
0.0001235510894
9.064340369e-05
7.706195578e-05
6.418512023e-05
4.517407709e-05
2.842964286e-05
1.784558773e-05
1.081760712e-05
5.509906802e-06
1.648849226e-06
-7.957788075e-07
-2.464459313e-06
-3.570083046e-06
-3.415502443e-06
0.0001136793325
0.0001165532259
0.0001237056387
0.0001317428761
0.0001332178194
0.0001137332992
4.822061279e-05
-0.0001024797185
-0.0003725828695
-0.0007680901877
-0.00117648774
-0.001420205811
-0.001424277587
-0.001227419515
-0.0008805139477
-0.000474822865
-0.0001332120821
2.954323585e-05
5.334992408e-05
4.885589013e-05
5.038080434e-05
4.924421801e-05
4.016695325e-05
2.987693753e-05
2.278146271e-05
1.820918136e-05
1.441218554e-05
1.142606435e-05
9.2146265e-06
7.602590195e-06
5.824665852e-06
3.838821586e-06
9.389197425e-05
9.444455603e-05
9.536238753e-05
9.336014544e-05
8.143251463e-05
4.711778058e-05
-2.900010283e-05
-0.0001731116513
-0.0004042396847
-0.0007159629361
-0.001030922329
-0.001225684874
-0.001234717565
-0.001081210235
-0.0008098027132
-0.0004893816426
-0.0002114694643
-5.487601218e-05
-5.727616241e-06
8.215132891e-06
1.832619166e-05
2.304775302e-05
1.942157174e-05
1.299332242e-05
8.144952142e-06
5.050132061e-06
2.528853562e-06
4.638956991e-07
-1.010156051e-06
-2.047017003e-06
-2.567287964e-06
-2.382959566e-06
7.184776324e-05
7.014388906e-05
6.516117242e-05
5.403091669e-05
3.08459745e-05
-1.433718748e-05
-9.544067928e-05
-0.0002285264988
-0.0004221733776
-0.0006645254552
-0.0009018566614
-0.001051593347
-0.001062884603
-0.000947850263
-0.0007425719357
-0.0004936851479
-0.000272702722
-0.0001316538101
-6.89334287e-05
-3.983650968e-05
-1.899057327e-05
-5.081208872e-06
3.125982401e-07
1.386540266e-06
1.90366301e-06
2.549116859e-06
2.871242901e-06
2.776902335e-06
2.754989991e-06
2.692210498e-06
2.506087704e-06
1.895678731e-06
4.989991075e-05
4.633416157e-05
3.63949876e-05
1.790174105e-05
-1.364763264e-05
-6.569280628e-05
-0.0001475657427
-0.000268117308
-0.0004293207632
-0.0006181248925
-0.000796528919
-0.0009108275626
-0.0009235728565
-0.0008394968349
-0.0006829660976
-0.0004922244465
-0.0003154129968
-0.0001892965188
-0.0001179589632
-7.64798059e-05
-4.679813828e-05
-2.628578139e-05
-1.510242539e-05
-9.620077e-06
-6.37939919e-06
-4.128885633e-06
-2.827972205e-06
-2.220633534e-06
-1.928926377e-06
-1.800379127e-06
-1.560677753e-06
-1.180737069e-06
3.009917533e-05
2.511400961e-05
1.139278969e-05
-1.251362528e-05
-4.971455004e-05
-0.0001054981834
-0.0001857406587
-0.0002945397036
-0.0004301055731
-0.0005798862473
-0.0007163317944
-0.0008041669879
-0.0008171051185
-0.000755273946
-0.0006355554454
-0.000486547412
-0.0003426896644
-0.0002310998427
-0.0001572710937
-0.0001087165533
-7.340145598e-05
-4.813350121e-05
-3.204381125e-05
-2.20241661e-05
-1.519253903e-05
-1.021924837e-05
-6.781027975e-06
-4.433469992e-06
-2.794856486e-06
-1.509051396e-06
-5.215353001e-07
1.079377561e-07
1.400502157e-05
8.027957052e-06
-8.329576665e-06
-3.588742948e-05
-7.659223092e-05
-0.0001340883627
-0.0002118916548
-0.000311149938
-0.0004282587378
-0.0005511204013
-0.0006589396644
-0.0007282168567
-0.0007409135596
-0.0006946552936
-0.0006003606798
-0.00047962909
-0.00035873747
-0.0002584734921
-0.0001846255442
-0.0001315648252
-9.194938111e-05
-6.285456031e-05
-4.289794003e-05
-2.950679255e-05
-2.022235816e-05
-1.367725357e-05
-9.170678195e-06
-6.167349579e-06
-4.083816566e-06
-2.630528823e-06
-1.515515687e-06
-6.953971905e-07
2.71249294e-06
-3.879413713e-06
-2.186965027e-05
-5.162860101e-05
-9.428700191e-05
-0.0001524021891
-0.0002280520134
-0.0003207305264
-0.0004260170264
-0.0005322758755
-0.000622811093
-0.000679575628
-0.0006909367019
-0.0006552396275
-0.0005772817636
-0.0004740888214
-0.0003676372255
-0.0002751603144
-0.0002025014374
-0.0001472598688
-0.0001052817129
-7.401527691e-05
-5.178477866e-05
-3.626744158e-05
-2.536797e-05
-1.75776912e-05
-1.213814674e-05
-8.257522403e-06
-5.543414493e-06
-3.468524688e-06
-1.89424592e-06
-6.953059518e-07
-3.096083231e-06
-9.979335752e-06
-2.874329312e-05
-5.952577759e-05
-0.0001030424097
-0.0001613089185
-0.000235752986
-0.0003250803082
-0.0004249117544
-0.000522892396
-0.0006058688026
-0.0006580019961
-0.0006650814682
-0.0006350742479
-0.0005656879305
-0.0004709644798
-0.0003713725125
-0.0002827972419
-0.0002109817731
-0.0001547691512
-0.0001115825018
-7.917008672e-05
-5.569750782e-05
-3.902508554e-05
-2.722851497e-05
-1.877130833e-05
-1.289639549e-05
-8.715630411e-06
-5.80100025e-06
-3.601974882e-06
-1.942777508e-06
-7.637569943e-07
-0.00470577433
-0.00495834159
-0.004929709536
-0.005554076204
-0.005527385027
-0.006137577321
-0.005965174973
-0.004501064379
-0.004891712054
-0.004687996973
-0.005747943447
-0.005413151272
-0.006208953448
-0.005808644478
-0.004903293565
-0.004592184626
-0.004690761142
-0.006149269826
-0.005974751513
-0.005553614521
-0.005540859825
-0.004666852682
-0.004648296717
-0.004492808819
-0.006220559301
-0.005814793262
-0.005754955626
-0.005419892664
-0.003887709571
-0.004927633635
-0.00475613938
-0.004089637443
-0.004128530784
-0.007802769185
-0.006154411343
-0.003720571556
-0.004999163693
-0.00449446929
-0.004167473311
-0.003929135358
-0.008371789144
-0.005645962059
-0.004020300281
-0.005356876377
-0.005525311923
-0.003852785455
-0.002753171388
-0.005479703212
-0.006654675948
-0.006328145375
-0.003382301261
-0.006057930547
-0.007011483693
-0.006372283605
-0.005942541636
-0.007156414674
-0.006140638995
-0.005247438025
-0.006810728759
-0.005667863489
-0.01131301423
-0.001406312731
-0.006293110545
-0.004333916723
-0.004556843416
-0.003167852854
-0.005415355883
-0.001288311545
-0.003975244268
-0.003498797759
-0.002513057084
-0.006269983037
-0.004546902594
-0.005399025543
-0.006712768371
-0.006351915139
-0.005983706187
-0.005999878658
-0.006120373555
-0.006465976081
-0.005909042305
-0.005654847041
-0.006166198095
-0.00539076428
-0.01421827377
-0.0044846369
-0.004429556264
-0.001582312477
-0.003129254891
-0.003495285607
-0.004763718532
-0.003815687915
-0.003875872211
-0.007711322424
-0.006152131747
-0.00409842857
-0.004145141175
-0.004487316004
-0.003907446318
-0.003715327898
-0.008253190823
-0.005623800847
-0.004185220215
-0.003952381182
-0.004143457906
-0.007709955749
-0.006147879175
-0.003811339491
-0.003871370746
-0.004956974072
-0.004757016894
-0.003949099306
-0.008246446951
-0.005618635151
-0.003901843956
-0.003708194639
-0.004983870068
-0.004475380618
-0.002499158149
-0.00122082566
-0.003974748882
-0.004442409796
-0.005347785419
-0.004540878205
-0.005394703369
-0.006538360923
-0.006230388885
-0.005982507614
-0.005993523934
-0.006933836576
-0.006319528933
-0.006461064587
-0.005892431778
-0.007117664564
-0.006083684923
-0.01420345367
-0.006148907389
-0.005370583295
-0.006763667622
-0.005617438367
-0.00345047576
-0.004399283041
-0.001506295477
-0.006254475971
-0.004337443648
-0.003788627785
-0.002720310479
-0.004916027357
-0.005443875655
-0.0013870698
-0.004006280864
-0.003320792073
-0.00659867597
-0.006277319428
-0.004446364578
-0.005473639337
-0.006966658972
-0.006338197305
-0.006034780209
-0.006060951697
-0.007123532308
-0.006115148653
-0.006501118939
-0.005938163902
-0.011319207
-0.006783268574
-0.00563566858
-0.0061592663
-0.005238730753
-0.004567099723
-0.003195660226
-0.00626397179
-0.004214520947
-0.004456917137
-0.001381729285
-0.006146794312
-0.004092827406
-0.004132822116
-0.00492320115
-0.004751902103
-0.003832183224
-0.00388830133
-0.005639664891
-0.004171725815
-0.003931514708
-0.004988402237
-0.004482726012
-0.003917475753
-0.003719410908
-0.00554081047
-0.006166086249
-0.005983669851
-0.004590015883
-0.004684691825
-0.004904087183
-0.004874539182
-0.005407955219
-0.006222531163
-0.005804497232
-0.004638422798
-0.004476519345
-0.004841307535
-0.004633232706
-0.005976416392
-0.005554030801
-0.005530900464
-0.004922996668
-0.004896482346
-0.004612641471
-0.004701089745
-0.005804934973
-0.005746886753
-0.00540438189
-0.004859561523
-0.004654098598
-0.004652610682
-0.004488839634
-0.002756603741
-0.001969643274
-0.003460367269
-0.002189338072
-0.003391108645
-0.003632982014
-0.004564195364
-0.00435663982
-0.004311273942
-0.004771341664
-0.004268265311
-0.005032893588
-0.005394476732
-0.005699692817
-0.003676343999
-0.004395413276
-0.003947094962
-0.005299716482
-0.00460594641
-0.005813333018
-0.005150093955
-0.001562829047
-0.003197854268
-0.002049075619
-0.0037710913
-0.001890941578
-0.004645571339
-0.003060183032
-0.003444079504
-0.001248347508
-0.002775340841
-0.003289603721
-0.004492162213
-0.001915985879
-0.003404736771
-0.004746887497
-0.003654357333
-0.004331461991
-0.005427388248
-0.005711074505
-0.004378437464
-0.005029519829
-0.00393209263
-0.004153634514
-0.003695351884
-0.005822920421
-0.005152693879
-0.005309727333
-0.004637784798
-0.002087565077
-0.0028755353
-0.001629344725
-0.00464877272
-0.003158454547
-0.003776460785
-0.001987434085
-0.002027722761
-0.0009926014412
-0.00253760426
-0.0005908092824
-0.001953698376
0.000426312528
-0.002418427198
-0.00347087708
-0.003626947785
-0.004298940028
-0.002776294887
-0.003677323053
-0.005182246995
-0.005874121415
-0.002935404613
-0.004324367071
-0.003483070351
-0.003635353937
-0.003058710278
-0.007277953171
-0.005228251059
-0.001175976549
-0.002645257698
-0.001219756363
-0.002234447533
-0.001118502146
-0.002910596681
-0.001274018569
0.002616318477
0.01046282646
-0.003192723885
0.006364444095
-0.001693563268
0.04780604695
-0.007693349002
-0.005480683192
-0.005350983058
-0.005342037701
-0.005857798481
-0.007023455195
-0.007191333582
-0.00707863987
-0.006129606
-0.00657728554
-0.007546861793
-0.005987109433
-0.00654027253
-0.008607722295
-0.007119600672
-0.006394750404
-0.006712324607
-0.007903074513
-0.006053590421
-0.006617255703
-0.008732306325
-0.006851072468
-0.005783358007
-0.006363838671
-0.007385495197
-0.005641487963
-0.005921124202
-0.008426722263
0.005250456647
-0.003116192889
0.007172487152
-0.001109606166
0.006012452946
0.003360167361
-0.002612610094
0.005282436047
0.002380080768
0.05025846518
0.006318416877
-0.00205741791
-0.00818349271
-0.005500478736
-0.003317554561
-0.006226185032
-0.005394210826
-0.007081641875
-0.004897944515
-0.007557824142
-0.005811031281
-0.006403784069
-0.008930702134
-0.005932032575
-0.006927768584
-0.0094750868
-0.007119321393
-0.006161488157
-0.006860289424
-0.008855653639
-0.006124023525
-0.007047754079
-0.008906845072
-0.007254046313
-0.006286737462
-0.007049860422
-0.009077579846
-0.006280893033
-0.007181035819
-0.009108546843
-0.00722055076
-0.006096082325
-0.006767248037
-0.008719044353
-0.006057415298
-0.007188846364
-0.008746613407
-0.005566870439
-0.004957171009
-0.005830506416
-0.008685553676
-0.004464533403
-0.006186154924
-0.008002366777
0.006859492883
0.0001330698824
0.005337367116
0.00837329352
-0.001591413523
0.005316296097
-0.002572543653
-0.0007668496483
-0.002035119342
0.0003355329714
-0.002600420746
-0.0006092030169
-0.001965304701
-0.004346205841
-0.002827007781
-0.003464378622
-0.005542891408
-0.005764531488
-0.002824790793
-0.003693034555
-0.003504918972
-0.003413186443
-0.002951458226
-0.00728017979
-0.00567389609
-0.003653152934
-0.00310051236
-0.00127950428
-0.002193680361
-0.001185254964
-0.002885842189
-0.0013469113
-0.002256504872
-0.001141776593
-0.001964366855
0.0003134047531
-0.002606795532
-0.0007537970194
-0.002030026652
-0.0008660394132
-0.00256735287
-0.003692891435
-0.005531035397
-0.005766703919
-0.002824503356
-0.003460598039
-0.003718881122
-0.004344278064
-0.003093146587
-0.007271095536
-0.005660305633
-0.003404068554
-0.002939802317
-0.004312477548
-0.003487572867
-0.001126475514
-0.002872790825
-0.001316478251
-0.002178206564
-0.001161658493
-0.002583433846
-0.001237757876
-0.001937623312
0.03977611156
0.005235463831
0.002394687532
0.009747023204
-0.002120692903
-0.008168393048
-0.00485833986
-0.003280637652
-0.004470618661
-0.003418429717
-0.006662203291
-0.00903011691
-0.009178601
-0.00987557967
-0.007500566145
-0.01041656407
-0.007546905585
-0.009861309507
-0.006911242648
-0.004121572625
-0.001022285281
-0.003951199664
-0.002006725432
-0.007305501116
0.005423339227
0.01526375584
0.0002801504802
0.005561707508
-0.003214772856
0.007734343529
0.006247916231
-0.001671141584
0.009683250003
-0.002699572627
0.005458353843
0.002578581066
-0.009839179662
0.00999052458
-0.001159964278
0.005965148738
-0.002975698064
0.00792367762
0.0005285867896
0.005339510882
-0.002420275465
-0.0005911885094
-0.001954876498
-0.000943284366
-0.002525045407
-0.0007615824103
-0.002024255149
-0.005857505849
-0.002779588807
-0.003679436101
-0.003622882324
-0.004291977608
-0.002795631146
-0.003469624796
-0.004890180061
-0.006412022243
-0.004905771737
-0.00677008157
-0.004830012165
-0.005901750702
-0.004724772302
-0.005054393844
-0.006491759195
-0.005270595156
-0.007138533774
-0.004900873311
-0.005957549118
-0.005104055651
-0.005234108743
-0.003639439365
-0.003062347339
-0.00431405396
-0.003475169126
-0.003429064695
-0.002934614387
-0.001292182811
-0.002237809611
-0.001124326594
-0.0026325995
-0.001205454563
-0.00219097663
-0.001174449429
-0.003394022268
-0.00317170002
-0.004513818413
-0.001204354099
-0.002758728794
-0.001814025976
-0.003418682481
-0.005023437045
-0.005451051865
-0.005725298557
-0.003649857774
-0.004324954884
-0.004290262859
-0.004718153049
-0.004618594668
-0.005805857257
-0.005130512486
-0.004132240153
-0.003670008765
-0.00434134256
-0.003891976443
-0.00192290856
-0.00459580987
-0.003056893159
-0.00283696727
-0.001569049041
-0.003134918565
-0.002003908572
-0.004593564528
-0.002105576139
-0.003375370736
-0.001874844123
-0.003431624943
-0.001290547956
-0.002741105045
-0.005719330073
-0.004267019644
-0.005029427928
-0.004285767463
-0.004734276647
-0.003613081426
-0.00434768221
-0.005127581244
-0.005289018813
-0.004592505702
-0.004360088964
-0.003905945251
-0.004145380409
-0.003657722634
-0.002974578433
-0.003747515297
-0.001854965601
-0.00314494197
-0.001974755942
-0.002824954003
-0.001525702497
-0.004888645698
-0.006772575313
-0.004909418511
-0.006417782149
-0.004726304384
-0.005899116022
-0.004830666743
-0.004724881411
-0.005894586053
-0.004974508579
-0.005557347061
-0.004915395884
-0.005316027701
-0.004657529203
-0.005055658409
-0.007138905855
-0.005274199729
-0.006492056974
-0.005103330559
-0.005955615657
-0.004902711449
-0.004679785655
-0.005556286937
-0.004651093869
-0.005253300286
-0.004692258536
-0.00513209908
-0.004510595214
-0.008298788499
-0.004149901981
-0.005843977993
-0.006376961365
-0.006044212878
-0.005884130737
-0.006968992968
-0.00634840867
-0.005364254894
-0.005220545834
-0.005797834419
-0.005242011186
-0.00628082152
-0.005402185187
-0.008278248447
-0.003629331669
-0.005629766009
-0.004862874684
-0.004000025759
-0.003758892334
-0.0028807712
-0.003823861848
-0.003246804648
-0.004029309492
-0.00968690711
-0.005993220404
-0.005279882325
-0.005898576947
-0.005814135348
-0.005451190701
-0.005149951229
-0.006570672448
-0.00751454954
-0.006498109981
-0.00587688898
-0.008875817271
-0.005991781594
-0.009403856373
-0.006891837472
-0.006217748643
-0.006225270689
-0.005577806574
-0.007068493868
-0.005605021311
-0.007035640377
-0.006011165944
-0.005557146954
-0.0100522401
-0.008962033057
-0.005787756447
-0.004571736051
-0.006105215213
-0.005786353344
-0.006044622953
-0.006453855713
-0.00556109008
-0.005775921788
-0.0067050367
-0.00709852977
-0.006889025374
-0.006202661432
-0.008868140201
-0.006153532231
-0.008862183763
-0.007069333082
-0.006236645565
-0.006343244236
-0.005826280999
-0.006948582506
-0.005775837923
-0.006902396212
-0.006232720169
-0.009816308705
-0.007533279941
-0.006921500518
-0.006126852817
-0.005999039141
-0.005839357351
-0.005810720955
-0.006277311772
-0.005458552447
-0.005718305299
-0.006490717717
-0.007237428407
-0.007072826575
-0.006322784631
-0.00903765828
-0.006314190764
-0.009040444576
-0.007212692225
-0.006185563153
-0.006148302902
-0.005739456873
-0.006728466325
-0.005741589238
-0.006717600208
-0.006174145732
-0.01037346253
-0.007542144439
-0.006949439206
-0.006089732625
-0.005537858357
-0.00482744829
-0.005819022867
-0.006396791766
-0.004867459855
-0.004398494111
-0.007786201313
-0.007183774383
-0.006787960322
-0.006121540905
-0.008723144866
-0.006070013722
-0.008692165658
-0.007217391028
-0.005971323333
-0.005694922146
-0.005292955786
-0.006409924683
-0.005335873532
-0.006520317918
-0.005830791504
-0.009793762506
-0.006859209514
-0.008344100812
-0.003498068709
-0.01039108857
-0.0055801876
-0.005867063289
-0.004968282932
-0.008693748557
-0.004489670015
-0.007972224933
-0.006205636692
-0.004731935193
-0.004173159585
-0.003874528015
-0.00659596087
-0.003392383463
-0.007297371612
-0.004885117839
-0.00418144677
-0.004777888865
-0.001853968625
-0.002176040572
-0.007488156865
-0.002446828583
-0.00281673949
-0.001562030988
-0.001623351887
-0.007773030502
-0.01116228969
-0.006375669795
-0.005058310809
-0.00518517483
-0.005872014883
-0.004909217896
-0.005528612381
-0.006276932611
-0.006277487302
-0.008110437772
-0.003315369177
-0.004830546137
-0.003409542382
-0.004438544888
-0.003620740882
-0.003257825816
-0.002914130267
-0.004243681318
-0.003029944719
-0.006241863211
-0.00551247441
-0.00616492677
-0.007065572195
-0.005522958611
-0.006028079274
-0.007026480227
-0.007691688704
-0.005326408537
-0.005504202943
-0.005448220346
-0.005870210676
-0.007158069846
-0.00684020023
-0.005957384186
-0.005869671431
-0.005196993304
-0.005813649882
-0.00540914167
-0.006574321284
-0.004954368325
-0.006647112839
-0.00913969411
-0.009037670578
-0.005680979926
-0.004008191126
-0.006248268849
-0.005790887361
-0.006318684308
-0.006944096372
-0.005747425741
-0.00621849719
-0.006920038706
-0.007086803645
-0.006581964398
-0.006054235633
-0.007617750266
-0.005998345727
-0.0086685021
-0.006521723311
-0.006108631994
-0.006060876892
-0.005724356999
-0.006429172383
-0.00559088136
-0.006722609926
-0.005747301755
-0.009871258482
-0.007500702702
-0.006900291912
-0.006074471829
-0.006203946874
-0.005709393003
-0.006117414148
-0.006708514285
-0.005710070234
-0.006154579417
-0.00672592831
-0.007150148528
-0.006721412777
-0.00636156442
-0.00790571191
-0.006069981981
-0.008787827798
-0.006619614134
-0.006009107561
-0.005814936003
-0.005801674683
-0.006252372311
-0.005474286444
-0.006496217638
-0.005690205813
-0.01041608128
-0.007549754786
-0.006920795623
-0.006059007292
-0.005979874762
-0.005283762218
-0.005678718119
-0.006398413105
-0.005324494805
-0.005840279268
-0.006497317452
-0.006890937176
-0.006383810404
-0.005800328134
-0.007413129352
-0.005670733666
-0.008490335376
-0.005964688061
-0.005543993514
-0.005911041621
-0.00484138387
-0.006905213908
-0.004897602828
-0.007938541657
-0.004443292473
-0.009873879134
-0.006920565442
-0.00897399604
-0.01037930715
-0.003579457603
-0.004819266973
-0.003915632276
-0.004535708461
-0.006904045963
-0.003468953658
-0.004946688581
-0.0079572538
-0.01235750505
-0.004175017499
-0.003982344353
-0.001045214296
-0.007343351492
-0.002040291416
-0.002580301104
-0.003245162205
-0.001585930236
-0.008214054612
-0.002102195288
-0.004870210562
-0.006855002369
-0.006342152916
-0.004941357708
-0.005947579196
-0.00469592395
-0.004864869013
-0.004700774536
-0.005957649118
-0.005490492422
-0.004999059052
-0.005359659582
-0.004895457716
-0.004681499714
-0.00502832508
-0.007154267346
-0.006444744258
-0.005297406433
-0.006005442667
-0.005067067556
-0.004931367528
-0.004654352229
-0.005597967617
-0.005219882484
-0.004668016767
-0.005164261522
-0.004677383736
-0.00452817175
-0.004868318766
-0.004939162223
-0.006335853582
-0.006862640181
-0.004858734539
-0.00469475064
-0.005951711349
-0.004700142657
-0.004995403755
-0.005482329366
-0.005958948183
-0.004681827288
-0.004893206916
-0.005361379188
-0.005026488005
-0.00529112146
-0.006437460239
-0.007153936799
-0.004927009626
-0.005063547343
-0.00600484486
-0.004651489564
-0.004662748606
-0.005212475959
-0.005594268223
-0.004523213351
-0.004673931942
-0.005159553731
-0.003611468365
-0.002907176359
-0.003274758904
-0.003032091316
-0.004263911137
-0.006641803593
-0.008191212101
-0.006168732555
-0.003188321356
-0.005324167081
-0.004798763668
-0.007137424205
-0.005371345569
-0.006384662657
-0.005893476309
-0.005185264396
-0.00494052893
-0.006266989854
-0.005591106199
-0.004912530373
-0.005680464317
-0.003996111342
-0.007706124741
-0.005436270925
-0.005496861066
-0.005322210639
-0.006826994277
-0.007183001071
-0.005861975279
-0.005964900058
-0.005811128729
-0.005188682748
-0.005859627761
-0.004943099521
-0.006580318891
-0.005391398676
-0.007560445318
-0.008966997364
-0.00640625844
-0.00576589509
-0.009496413302
-0.006977931068
-0.005921430437
-0.006238090437
-0.007050701369
-0.006149727712
-0.005460742485
-0.007020811575
-0.006039757999
-0.005505699786
-0.006897166505
-0.006071896885
-0.007089229118
-0.007619887814
-0.006050209002
-0.006581283461
-0.006517733327
-0.008684235448
-0.005986501393
-0.006105090964
-0.006421358989
-0.00572044805
-0.006045139159
-0.005741733746
-0.006719174145
-0.005579573666
-0.007124744192
-0.008883442153
-0.006852772508
-0.006144515499
-0.008925531685
-0.007069835495
-0.006113003327
-0.006239495406
-0.006938015701
-0.006300822259
-0.005778410221
-0.006913649006
-0.006219213498
-0.005731877469
-0.006903078587
-0.006048972753
-0.007148603947
-0.007902493049
-0.006355252764
-0.006709769558
-0.006613419019
-0.008793411626
-0.006062346894
-0.005999200147
-0.006234010148
-0.005790339606
-0.005791399302
-0.00567629851
-0.006482161946
-0.005458816403
-0.007255673906
-0.009088524633
-0.007035841306
-0.006274944977
-0.009123984904
-0.007195624801
-0.006268832903
-0.006188679558
-0.006688658746
-0.00608752328
-0.005689654704
-0.006707110604
-0.006144021278
-0.00568344835
-0.00895378526
-0.003557926989
-0.01035944208
-0.006875753744
-0.007397792613
-0.005785638827
-0.006359299953
-0.005949989993
-0.008479646839
-0.005649000334
-0.00552592882
-0.006886719864
-0.004821880479
-0.005879850013
-0.0044229858
-0.007913856577
-0.004870577759
-0.007212735589
-0.008721629021
-0.00673870244
-0.006077701629
-0.008744664894
-0.007198725993
-0.006029031644
-0.005952436935
-0.006364539744
-0.005636415089
-0.005244748609
-0.006460268949
-0.005804334227
-0.005287092004
-0.002507125705
-0.001556521919
-0.003186416885
-0.002060452782
-0.008169533486
-0.01231877771
-0.005496130052
-0.008698865938
-0.005778289399
-0.004852347231
-0.007997779965
-0.006086752828
-0.004385614728
-0.004704902698
-0.006721351403
-0.004421496864
-0.003805697945
-0.007872901141
-0.004823500694
-0.003365319387
-0.008281786728
-0.005558692467
-0.003539107573
-0.004038407471
-0.004821842832
-0.003733278599
-0.003775828774
-0.002884047032
-0.004034446802
-0.003229281214
-0.008323052013
-0.006268822547
-0.005586552355
-0.004051324669
-0.006974965669
-0.006016823262
-0.00595775994
-0.006375108198
-0.005807975954
-0.005074010383
-0.005365311939
-0.005422283407
-0.006310553199
-0.005222666724
-0.005520152363
-0.008944475733
-0.01003669959
-0.005787317968
-0.004566898283
-0.007540625495
-0.008907341404
-0.005812476896
-0.00650022109
-0.006927225301
-0.009441022544
-0.005985816918
-0.006234084516
-0.007044008827
-0.005502088404
-0.006214035559
-0.006002247438
-0.007045955605
-0.005594452649
-0.007710534267
-0.00532285172
-0.005320494725
-0.005471446019
-0.007188485193
-0.007021007042
-0.005833345178
-0.006004823841
-0.005813111706
-0.005874692479
-0.005271937283
-0.006574130042
-0.005148211182
-0.005429030151
-0.009819730051
-0.007537960225
-0.006922025446
-0.006127890215
-0.007108759921
-0.008894883673
-0.006168805755
-0.006882693368
-0.007079438906
-0.00888603289
-0.006144983205
-0.006240709526
-0.006940433314
-0.005796954876
-0.006337104754
-0.006223807495
-0.006908536042
-0.005767559232
-0.007074538799
-0.007547945811
-0.006558239618
-0.006128667982
-0.008610832692
-0.006539077672
-0.005970233679
-0.006100843409
-0.006452552531
-0.006035145338
-0.005789398816
-0.006701647377
-0.005775768378
-0.005548068933
-0.01037465945
-0.007541749784
-0.006938835709
-0.006081112671
-0.007240009775
-0.009052977817
-0.006306957943
-0.007062497001
-0.007216874588
-0.009058016086
-0.00630240427
-0.006180159514
-0.00670908347
-0.005714968754
-0.006127216386
-0.006165303451
-0.006709400344
-0.005721655461
-0.007112388173
-0.007896769534
-0.006698276016
-0.006392857129
-0.008731704162
-0.006610896622
-0.006034563011
-0.005988440456
-0.006271053683
-0.00578763902
-0.005835941568
-0.006477588149
-0.005712678388
-0.005437311748
-0.009789885985
-0.006856982883
-0.008344698258
-0.01036914353
-0.003484742292
-0.007174898915
-0.00873506703
-0.006096030295
-0.006765658181
-0.007215906003
-0.008690281946
-0.00604297676
-0.005945798539
-0.006379721121
-0.005257246478
-0.005659322757
-0.005803106286
-0.006495407532
-0.005302294114
-0.006838790926
-0.007376570625
-0.006342553663
-0.005780085501
-0.008417428907
-0.005911611295
-0.005621244761
-0.005523178553
-0.006396156282
-0.00579650252
-0.004818623443
-0.007779768673
-0.004386588367
-0.00484236782
-0.01118198356
-0.004141528406
-0.001861379833
-0.00477498112
-0.007457749001
-0.00217442699
-0.002392821581
-0.00157814461
-0.002825881377
-0.007751648351
-0.00162417554
-0.005515119678
-0.008694515021
-0.004871193534
-0.005818530902
-0.00611048847
-0.007959357895
-0.004419418536
-0.004649343217
-0.006431215429
-0.003778201488
-0.004089382377
-0.004777816131
-0.00722829662
-0.003309316177
-0.004724584303
-0.005552106128
-0.00497165462
-0.005895616788
-0.004653319493
-0.005318391185
-0.004917142284
-0.004677607522
-0.00525032241
-0.004647558552
-0.005549083354
-0.004507231357
-0.005128925297
-0.004690426309
0.001094606405
0.003921136728
0.00124253355
0.003918388814
0.001391956591
0.006202729291
0.001001523417
0.002009282348
-0.0004036748555
0.002524992403
-7.314072226e-05
0.003171740278
-0.0009694884361
0.003779025989
0.001200209353
0.00249166646
0.001095343461
0.006032688007
0.001041434141
0.003771816656
0.001399385157
0.002230099391
-0.0002162482843
0.001932728903
-0.001309913706
0.003074940772
-0.0002551727053
0.003159421788
0.0008322367839
0.0031405615
0.001586474391
0.001765538172
0.001077825129
0.003811540709
0.002047728307
0.0009904046636
0.0003398294645
0.002436227495
-0.0001747557206
0.001224576029
0.0002033392237
0.002734444422
0.004725425887
0.004119564674
0.007674508631
0.003461361661
0.005728993225
0.004751043108
0.02315994583
0.002892449086
0.01111494613
0.004465866245
0.006439828596
0.003421175287
0.03632113488
0.003584520851
0.007527475827
0.003037691261
0.004538694649
0.004736810912
0.02354324899
0.003427362354
0.005590799522
-0.002860823576
-0.006107712863
-0.004841890213
-0.001134698484
-0.0006853423897
-0.0005966863195
-0.001564335772
0.004065353764
0.006157726874
0.00338901625
0.03502223362
0.003683452464
0.006858421129
0.003892891546
0.001505692573
0.001414650454
0.0007960717984
0.003647205064
0.001922793461
0.001734194632
0.001036136824
0.002347093608
-0.0001564700137
0.0009447458505
8.140527565e-05
0.002633155999
-0.0002129863874
0.001169702914
0.001040094682
0.003656298191
0.001924574709
0.001416488669
0.0008032251881
0.002999698701
0.001527048921
0.001199224158
0.0001296217677
0.002704356376
-0.0001214778501
0.0009859551712
0.0003199356813
0.002435751136
0.005573350582
0.00471293162
0.02125053477
0.003033504474
0.004519233465
0.004082850754
0.007448632629
-0.0111095277
-0.0009615574858
-0.004848545219
0.003218907578
0.003684581599
0.006738248498
0.002286936155
0.003976408996
0.03252946889
0.003670586357
0.006223635306
0.003352116087
0.01049480989
0.004129225212
0.02102569269
0.003438550046
0.00566171338
0.004094366936
0.007534755319
0.003057372598
0.004674588634
0.01128022547
0.02511487046
0.01584462981
0.05129626243
0.001095383826
0.01409297152
-0.007323976314
-0.004848920122
0.0001435400462
-0.001459577379
0.003833825515
0.006601896596
0.003553179238
0.01111391989
0.004480959851
0.005616378178
0.002939287651
0.002043704387
0.001748009236
0.001070098265
0.003100229729
0.001596337798
0.001430767841
0.0008287154694
-0.007757104365
-0.004561858764
-0.006766375978
-0.003888169612
-0.002911134566
-0.00402424582
-0.003037891828
-0.005601376821
-0.004759198396
-0.006469393245
-0.005267470749
-0.004710924886
-0.004482078551
-0.004325571527
0.002718644301
-0.0001846311638
0.001212819499
0.0003533057333
0.002463860024
-0.0001285928014
0.0009943467435
0.001454190741
0.005795375501
0.001250032917
0.002462582003
0.001121078564
0.003738157999
0.001280011203
0.003314580422
-0.001107986382
0.003465362206
-0.0001368392358
0.002042654036
-0.0004148662813
0.002440732911
0.00126095949
0.003857134199
0.001436659318
0.003808885633
0.001337853846
0.002511934229
0.001116401054
0.004050311212
-2.327093756e-05
0.003249810166
-0.0003053329805
0.00268397737
-5.471924068e-05
0.002069186565
-0.004573724345
-0.007769178203
-0.006771650389
-0.003892942552
-0.002909018894
-0.003038208602
-0.004030688232
-0.00543290084
-0.004458607717
-0.005887861017
-0.004370883993
-0.005227188134
-0.004118263126
-0.004144312258
-0.006467667414
-0.004760253282
-0.005592357664
-0.00471206007
-0.005261258763
-0.00448258144
-0.004325261805
-0.004813817606
-0.004206967954
-0.004053393511
-0.003827919467
-0.00410532947
-0.003775091482
-0.003753134288
-0.0005015363791
-0.00430452573
-0.001406736639
0.004311958983
0.0003952821552
0.004428081533
-0.0009712550094
-0.001131065052
0.004514508484
-0.00273165786
-0.001361001312
0.005652934117
0.003831466156
0.003442317171
0.009341691809
0.01818185266
0.02720024062
0.01452369176
-0.002031675838
0.04638311414
-0.01203286287
-0.01153504944
-0.008340695781
-0.01217743367
-0.002285720628
-0.005644429005
-0.003982482459
0.0006485748588
-0.0002118637024
0.0005244457362
-0.0007754094865
-0.0006200120989
-0.009155260336
-0.004637493298
0.003862971592
0.003870462939
0.002525034818
0.005930702685
-0.00745285156
-0.004913417823
-6.239123942e-05
-0.002210703333
0.002906010364
0.01279010527
0.02847706699
0.02007092404
-2.132794246e-06
-0.005521230342
-0.0004345582397
-0.003938506284
-0.0009151566193
0.003935396252
0.0008170325746
0.00337987267
-0.0004909292892
0.00761184133
0.01773627928
0.01977148987
-0.0007020378057
0.01191981161
0.02362111913
-0.01136622986
-0.006331947403
-0.002872548429
-0.01099390939
-0.001385092003
0.004897560551
-0.002274490392
0.001914788152
0.00533459574
0.0036808906
0.007073193352
-0.008138054711
-0.006198038862
-0.00352816082
-0.003536969438
-0.007049343104
0.0132990456
0.02643772245
-0.001097965527
0.01705390424
-0.03217898987
-0.001048678455
-0.01121588839
-0.00495767162
0.002992460004
0.003578768316
0.002152757275
0.006552909163
-0.004941649611
-0.00761578426
-0.006480924355
-0.003986245063
-0.003065233716
-0.003197642203
-0.004130804293
-0.005456399372
-0.005722521439
-0.004492854298
-0.005043126561
-0.004349824409
-0.004133940382
-0.004201612102
-0.006530960329
-0.005621894502
-0.004779641231
-0.005336843637
-0.004683005221
-0.004463214047
-0.004345828105
-0.005007102366
-0.004276019645
-0.004143436444
-0.003817005669
-0.004205337117
-0.003817683108
-0.003765166748
-0.007613384174
-0.004956016924
-0.006494018348
-0.003990428978
-0.003062196993
-0.004132914381
-0.003198270499
-0.004493446077
-0.005722601969
-0.005467512466
-0.004350068853
-0.005054023418
-0.004136885516
-0.004206523997
-0.00477098874
-0.005608177778
-0.006526395854
-0.004677299195
-0.005327208205
-0.004456623521
-0.004337623711
-0.004264446749
-0.004992781309
-0.004131285859
-0.003809223567
-0.00419525575
-0.003755999265
-0.003807017084
0.004979577339
-0.001247502839
-0.002231371326
0.001784895411
0.00539214451
0.007009974354
0.003806676137
0.009118315618
0.01985310448
0.01504026123
0.02605752331
0.01236004257
0.002110439123
-0.00953992489
-0.006641158203
-0.002931493944
-0.008035776293
-0.003705619742
-0.000168424544
-0.0008884607155
0.003890814038
0.001298467657
4.947019747e-05
0.003662078587
-0.007968659409
-0.006025080942
-0.003122007244
-0.002733468168
-0.006505890736
0.02852383049
0.01605099114
-0.03170986196
0.01781309531
0.0004318031328
-0.005918476312
-0.002687534675
-0.004687043477
-0.0007475213225
-0.0002367945307
-0.0009567840436
-0.0002696486444
-0.01009579491
-0.01174146369
-0.008281173387
-0.009390527496
0.004979113728
-0.0009918033987
-0.002601901942
-0.001345125613
0.005662509282
0.003803078412
0.003910237495
-0.004184160525
-0.0002515177295
-0.001523463357
0.004388980095
0.0009680574582
-0.0003101610452
0.00481038961
0.002809985544
0.02864904516
0.01519666988
-0.005962787025
0.001345848164
0.01974557528
-0.009201875219
-0.0006413976587
-0.004646703543
0.003845206401
0.003822826505
0.005843720451
0.002529843824
-0.005486895248
-0.002165697414
-0.003876806275
0.0008860408172
0.0001834004284
-0.0002228335571
0.0007284895901
-0.005873051888
-0.00445272163
-0.00542884833
-0.005221400646
-0.004365055815
-0.004111073182
-0.004135948559
-0.004205365791
-0.004812103565
-0.004047954705
-0.003827186876
-0.00410890532
-0.003751855028
-0.003775573178
-0.002924326384
-0.003066512288
-0.003656977056
-0.002744386131
-0.003301414306
-0.003378717339
-0.004048062733
-0.003333680992
-0.003892009447
-0.00399126165
-0.003578620292
-0.003711459671
-0.004423017696
-0.004414294736
-0.003178423446
-0.0039295873
-0.003775821636
-0.003678903071
-0.003559544983
-0.00447116267
-0.00421400779
-0.002458611468
-0.003411714127
-0.002931489731
-0.003227177442
-0.002797759311
-0.003908699963
-0.003337048522
-0.003659763851
-0.002409181329
-0.002935119606
-0.003425561184
-0.004049154094
-0.002758998207
-0.003303464339
-0.003998939445
-0.003153400481
-0.003334121986
-0.004410936993
-0.004403727562
-0.003575331764
-0.003711363164
-0.003781006755
-0.003243281565
-0.003176833614
-0.004460435955
-0.004208122858
-0.003682749588
-0.003567292097
-0.00295181209
-0.002814286311
-0.00246158515
-0.003909285359
-0.00336183641
-0.003233679201
-0.002816275403
-0.002228823126
-0.002138896227
-0.002648843244
-0.001835089553
-0.00225976749
-0.0022034102
-0.002708978892
-0.002576339964
-0.002899336646
-0.003013725198
-0.002464000241
-0.002632443136
-0.00294247974
-0.003035864185
-0.00245530826
-0.002976732927
-0.002856296634
-0.002585436486
-0.002531318714
-0.00300818285
-0.002882452318
-0.001925027685
-0.002558562098
-0.002190004058
-0.002272781687
-0.001991197757
-0.00257730696
-0.002206516072
-0.00482604344
-0.003454429876
-0.001661900595
-0.001395483263
-0.004207854433
-0.003349903515
-0.0007071572037
-0.003860197522
-0.003121141384
-0.005330463207
-0.004819986647
-0.003962608023
-0.002777278958
-0.006284092041
0.009501843679
0.00725439405
0.007585852084
0.0144478875
0.007481514268
0.0079662937
0.009886135359
-0.002652754488
-0.001827520847
-0.002230124664
-0.002217835458
-0.002721307133
-0.001838675031
-0.002264436656
-0.003014766509
-0.002429123902
-0.00257424873
-0.002950948514
-0.003043377594
-0.002467639849
-0.002635870065
-0.002855141098
-0.002509310532
-0.002454370008
-0.003014518641
-0.002887015579
-0.002589622711
-0.002536216474
-0.002198617899
-0.002188683186
-0.001925234502
-0.002582816886
-0.002214969646
-0.002279748494
-0.001995981614
-0.002263623185
-0.00221786601
-0.002721446024
-0.001824703147
-0.002228199081
-0.002146830342
-0.002650058486
-0.002633829028
-0.002950475231
-0.003042310058
-0.002427045552
-0.002571607578
-0.002897217447
-0.003011703802
-0.002533420636
-0.003012880221
-0.002884854683
-0.002506085718
-0.002450126699
-0.002973338985
-0.002849954876
-0.001991283848
-0.002579320114
-0.002210506354
-0.002182782886
-0.001918557356
-0.002550241332
-0.002190812034
0.006130295495
0.007783912692
0.01073434688
0.005352488362
0.008303023854
0.006014553523
0.008543164315
0.02367425505
0.02287453319
0.01544755179
0.008252524474
0.01414258934
0.008143944862
0.0127151239
-0.001475662555
-0.0005627453533
-0.002028219871
-0.001977725553
-0.0007442023676
-0.002100237119
-0.0006337923824
-0.001742967928
-0.003526604937
-0.002379383767
-0.002412664645
-0.003311061528
-0.002385526976
-0.003191408699
-0.002709729198
-0.001835078857
-0.002260265603
-0.002136304409
-0.002647029439
-0.001825194137
-0.002227966033
-0.003036914505
-0.002464752163
-0.002633965965
-0.002898155443
-0.003012971793
-0.002429459846
-0.002576696889
-0.00288341299
-0.002587355161
-0.002533328224
-0.002975635595
-0.00285499504
-0.002511762394
-0.002455789063
-0.002209062486
-0.002274613942
-0.001994012787
-0.00255691137
-0.002189129109
-0.002188138001
-0.001925245065
-0.003299019593
-0.003427469914
-0.004050201635
-0.00240296734
-0.00293074359
-0.003087378013
-0.003654505936
-0.003708044589
-0.004412585667
-0.004402552406
-0.003149942708
-0.003329885562
-0.00388907886
-0.003990823895
-0.003560149058
-0.004456391425
-0.004200682298
-0.003237345968
-0.003168414822
-0.003925174412
-0.00376521225
-0.002803996971
-0.003898716532
-0.003347687761
-0.002802943987
-0.002447285698
-0.003398762156
-0.002928230609
-0.004045482781
-0.002741440587
-0.003299315202
-0.003058825102
-0.003649532275
-0.002391301113
-0.002921800124
-0.004413716777
-0.003578129073
-0.003711859226
-0.003885642183
-0.00398403433
-0.003148512338
-0.003332987533
-0.004208630246
-0.003678639112
-0.00355870709
-0.003919790069
-0.003762481752
-0.003242659674
-0.00317562208
-0.003331667079
-0.003225374915
-0.002795752808
-0.003396738601
-0.002914608189
-0.002811324536
-0.002453135134
-0.00351977992
-0.003704897949
-0.004139252079
-0.003490613398
-0.003977693714
-0.003096144294
-0.003863367711
-0.002912143832
-0.002001867571
-0.002841498074
-0.002050597257
-0.002762645801
-0.001993272278
-0.004168313025
-0.005048665655
-0.001336984969
-0.003151724432
-0.001424583865
-0.003891584867
-0.000981314151
-0.003187387036
-0.00361205298
-0.004117253736
-0.003515059778
-0.003547347027
-0.003803854818
-0.004081907852
-0.002952446524
-0.003861644325
-0.005311359453
-0.002967935077
-0.004715818497
-0.003936529893
-0.00627087794
-0.002669254597
-0.003039256795
-0.003097545663
-0.001999695123
-0.002224026744
-0.002852464314
-0.004369510869
-0.002117111695
-0.005037632873
-0.001359140247
-0.003115835436
-0.001288012476
-0.003164824794
-0.0009359890555
-0.003861907154
-0.003586007587
-0.003547123154
-0.003505050551
-0.004115251654
-0.002943523801
-0.004089633822
-0.003792093237
-0.00381360104
-0.004686311382
-0.002925134543
-0.005268749899
-0.002628955391
-0.006239330542
-0.003876995431
-0.002961115386
-0.002147861662
-0.00194338935
-0.003003791709
-0.002067042409
-0.004285873162
-0.002771701693
-0.004830840741
-0.001369380326
-0.00161359518
-0.003382823959
-0.0007671928233
-0.003317996927
-0.004127929875
-0.003497323567
-0.003498530183
-0.004108057032
-0.003664738437
-0.003865041483
-0.003080866047
-0.003922099845
-0.003820672934
-0.004808372254
-0.005292354231
-0.003101862862
-0.006256671542
-0.002766730794
-0.003913750438
-0.002860282923
-0.002034068316
-0.002790359964
-0.001975159174
-0.004117425179
-0.001977871587
-0.002704657683
-0.00059998895
-0.001481503083
-0.002056790743
-0.002002995033
-0.0007480164523
-0.0006574686208
-0.002107328841
-0.002901535473
-0.001860391097
-0.002409579851
-0.002624112932
-0.002931296628
-0.002952293918
-0.0025871868
-0.003533808629
-0.001737499068
-0.00238582967
-0.002411559348
-0.003307623725
-0.003191859999
-0.002379166675
-0.001534554546
-0.001503279127
-0.001819112709
-0.001631150554
-0.001139859869
-0.001069431896
-0.00169691306
0.01168132475
0.007764823498
0.007299172574
0.01414783231
0.009342646251
0.01026019806
0.007899058943
0.004627854741
0.005417988324
0.008354847448
0.01166198417
0.006471829259
0.008824597405
0.008138434493
0.003889257477
0.008020304618
0.002679566795
0.01012689295
0.003261892021
0.01169703966
0.002933366093
0.007249383184
0.00547153469
0.004785411831
0.0134425041
0.004147477546
0.01024465653
0.009576625065
0.006142519569
0.00542545343
0.0108447539
0.007751720401
0.008551134115
0.005969083834
0.008681705356
-0.0003514235512
0.00204117427
0.005966809383
0.009987660298
0.001338410473
0.002091855128
0.009077403693
0.006959970882
0.004957574717
0.01419730725
0.004133519561
0.01142265723
0.003782275064
0.008575716387
-0.000420458559
-0.001507409962
-0.001842500178
-0.001896346818
-0.0007772091149
-0.0005855650583
-0.002112488517
-0.003019421312
-0.001874081868
-0.002277825611
-0.002568264283
-0.002962377642
-0.002975878445
-0.002593685366
-0.00332702929
-0.001764672007
-0.002328915142
-0.002355243646
-0.003363126305
-0.003176660908
-0.002361526394
-0.001624337234
-0.001578911912
-0.00190629173
-0.001622762998
-0.001181156739
-0.001148752763
-0.001684023556
-0.001524061532
-0.0004137546158
-0.001845326472
-0.001886043914
-0.000786789446
-0.002119336397
-0.0005725853221
-0.001894116134
-0.003025039659
-0.002283881765
-0.002566976395
-0.002968142412
-0.002602443495
-0.002976697489
-0.001749315839
-0.003305362452
-0.002306429619
-0.002336675534
-0.003352906985
-0.002347108219
-0.003162486897
-0.001559391006
-0.001586238083
-0.001876964769
-0.00159830067
-0.001152751812
-0.001663918423
-0.001116717226
0.009711081606
0.01294591341
0.007386407621
0.007042492436
0.009724569826
0.00793800778
0.007636736515
0.007312991872
0.004252631289
0.01478937231
0.005155813918
0.008973096278
0.003955538858
0.01182235986
0.0001594316088
0.01133611852
0.006418423348
0.002698692997
0.009697167036
0.00312966128
0.001744475244
0.004843220076
0.0112347684
0.008120162291
0.005331981919
0.008298945117
0.008630676397
0.006415095289
0.01218895044
0.01277945301
0.007150316387
0.007453445134
0.008023800079
0.009903786113
0.009595902657
0.007244076046
0.01343389385
0.004744494188
0.005502889139
0.009449715756
0.01034797556
0.004181615853
0.004031847101
0.01130944001
0.003207896433
0.008108312827
0.003793574702
0.01169257186
0.003464251266
-0.001848823512
-0.002895376238
-0.002398043218
-0.002613083904
-0.002929917323
-0.002581317537
-0.002946709059
-0.001509078092
-0.001535717594
-0.00181417168
-0.001633671125
-0.001157843252
-0.001706748288
-0.001078511937
0.01655708462
0.01512575121
0.01151478624
0.007557155598
0.01036463142
0.009092294243
0.008141421487
0.02420313761
0.02358943753
0.01623661696
0.008936838964
0.01593375226
0.01408782535
0.008417765022
0.01664782871
0.01436345514
0.01074130538
0.007386866567
0.01032263628
0.009029162966
0.008027537751
0.02259200524
0.02301930139
0.01472819357
0.008447682773
0.01454949561
0.01312266851
0.007204885897
0.01417507363
0.01540093306
0.01072838767
0.007252780384
0.01009793758
0.007974725846
0.00884666289
0.02244081268
0.02120210441
0.01418535907
0.007877438393
0.01304974618
0.007175535566
0.01200339106
0.01464736744
0.01536266308
0.01126291952
0.007302049174
0.01004274852
0.00792423776
0.008852570862
-0.001777088987
-0.0009928899966
-0.002314959549
-0.001049584755
-0.002150254841
-0.0009860498398
-0.002482433133
-0.001047565636
-0.002176615259
-0.001131494971
-0.002098200335
-0.001195477453
-0.002514833672
-0.001251173451
0.002623681848
0.002408335711
0.003552124488
0.002515299479
0.003638946205
0.003262576738
0.005143342107
0.002528781007
0.004469559368
0.003387631082
0.004102313126
0.002660128197
0.007364715896
0.004247343762
0.003515328982
0.001928101896
0.002561276204
0.0032352109
0.005051437356
0.002476280852
0.003522762963
0.003109861549
0.003038602851
0.002628362738
0.00667566579
0.003881123568
0.004337977092
0.002870761836
-0.002325717107
-0.0008163134167
-0.001778072996
-0.0009229780851
-0.002493729165
-0.001032764749
-0.002139250319
-0.001173382095
-0.001817689383
-0.00107003567
-0.002519031043
-0.001304080961
-0.002114069615
-0.001226470252
-0.001343771197
-0.0005553790043
-0.001503140345
-0.0007667326486
-0.001423647679
-0.0005336239795
-0.00157112947
-0.0009767118275
-0.001638584307
-0.0009549831984
-0.001518489835
-0.0009817618391
-0.001646079276
-0.0009399204073
0.001592073626
0.002058215139
0.002868683661
0.001377595223
0.001813017063
0.002261781949
0.003202818965
0.001699463615
0.003144792149
0.002384623085
0.001914352059
0.001839023285
0.003800437597
0.002785379274
0.002055238668
0.001436212789
0.002466241828
0.001345336687
0.002227352952
0.001529678517
0.002620898255
0.001294168753
0.002359994968
0.001579800364
0.001946447548
0.001409303349
0.002316522082
0.001130334033
0.002456509945
0.001278761176
0.002037794903
0.001528634129
0.002613836615
0.001341996982
0.002217939309
0.001221527492
0.001912583137
0.001384172364
0.002512339844
0.001266183373
0.002270531618
0.001452055603
0.002786563318
0.00126183652
0.001565338127
0.002242032086
0.003135620022
0.001367872076
0.001792089389
0.002282187638
0.001588021484
0.001677099557
0.00346309921
0.002599472918
0.001804489003
0.00180177269
-0.001506738306
-0.0007158473754
-0.001341073077
-0.0005518015905
-0.001579544904
-0.0007709957201
-0.001425051146
-0.0009640374569
-0.001471348231
-0.0009869539205
-0.001651799144
-0.0009495960523
-0.001527152257
-0.0009958835956
-0.001423740784
-0.0005481511329
-0.001579025095
-0.0007111874008
-0.001337054074
-0.0005620420704
-0.001501557487
-0.0009877575204
-0.001645478408
-0.0009401171368
-0.001463490911
-0.0009763340279
-0.001632816766
-0.0009499366846
0.001800555828
0.002247943049
0.003149814408
0.001265520852
0.001570211213
0.002030373279
0.002791488313
0.001811036191
0.003501847732
0.002592032607
0.001623368977
0.001692527434
0.002985619485
0.002286191823
0.002220734422
0.001529450867
0.002615453913
0.001279632621
0.002038417457
0.00143396546
0.002456173727
0.001527823696
0.002508293173
0.001273225062
0.001836520252
0.001258856768
0.002151521898
0.001324763051
0.002613609936
0.001342573626
0.002220601703
0.001434513545
0.002459730286
0.001279828537
0.002046778563
0.001206755823
0.001959598562
0.001304215635
0.002411987352
0.001592926286
0.001499163273
0.001220344117
0.003180576071
0.001371322905
0.001801819655
0.002046299904
0.00285262779
0.00127060861
0.001581924399
0.002765811966
0.001901958157
0.001844575248
0.003176751438
0.00237623482
0.001667694121
0.00170813139
-0.001570786183
-0.0007676138773
-0.001422897509
-0.0005538352836
-0.001498900243
-0.0007127973894
-0.001340773954
-0.0009448941617
-0.001522704446
-0.0009868657294
-0.001637323093
-0.0009548846327
-0.001469299669
-0.0009779348102
-0.002129320731
-0.0008916669631
-0.002486476931
-0.000803608248
-0.001765949742
-0.0009393442118
-0.002311471336
-0.001199217053
-0.002494405225
-0.00126418571
-0.001798765214
-0.001042303193
-0.002158216037
-0.001129368338
0.003506974487
0.003235958668
0.005019311734
0.001925315295
0.002550132021
0.002385680491
0.003486482692
0.002856264179
0.006835630165
0.003829576211
0.003116189085
0.002649731175
0.004283992259
0.003157948279
0.005098129249
0.002499630418
0.003605226385
0.002398390841
0.003516937586
0.001942995539
0.002601344062
0.00417978644
0.004171826085
0.002679749833
0.004539621058
0.003398132408
0.003060859762
0.002554980768
-0.002469364951
-0.001038216532
-0.002140929493
-0.0009674685566
-0.002298325908
-0.0008053025317
-0.001765632083
-0.001235823111
-0.002093055548
-0.001188246544
-0.00215521213
-0.001106758449
-0.001802745785
-0.001036600745
)
;

boundaryField
{
    inlet
    {
        type            zeroGradient;
    }
    outlet
    {
        type            fixedValue;
        value           uniform 0;
    }
    sides
    {
        type            zeroGradient;
    }
    hull
    {
        type            zeroGradient;
    }
}


// ************************************************************************* //
