/*--------------------------------*- C++ -*----------------------------------*\
  =========                 |
  \\      /  F ield         | OpenFOAM: The Open Source CFD Toolbox
   \\    /   O peration     | Website:  https://openfoam.org
    \\  /    A nd           | Version:  11
     \\/     M anipulation  |
\*---------------------------------------------------------------------------*/
FoamFile
{
    format      ascii;
    class       volVectorField;
    location    "50";
    object      U;
}
// * * * * * * * * * * * * * * * * * * * * * * * * * * * * * * * * * * * * * //

dimensions      [0 1 -1 0 0 0 0];

internalField   nonuniform List<vector> 
12920
(
(1.500010295 -1.084645243e-05 -3.03566879e-07)
(1.50005717 -3.289923596e-05 -9.540575305e-07)
(1.500170855 -5.715962673e-05 -1.841076204e-06)
(1.500355843 -8.490264521e-05 -3.137245546e-06)
(1.500618713 -0.000116253571 -4.990534979e-06)
(1.500970389 -0.0001494944509 -7.46812186e-06)
(1.501414926 -0.0001809985861 -1.047603254e-05)
(1.501948434 -0.0002032085843 -1.353718493e-05)
(1.502522232 -0.0002105656702 -1.591738823e-05)
(1.503126472 -0.0001857191158 -1.608124518e-05)
(1.503587408 -0.0001403830693 -1.377063509e-05)
(1.503925535 -3.156355579e-05 -5.494106282e-06)
(1.503918187 3.508018038e-05 8.565165111e-08)
(1.503719061 0.000114237215 6.906752377e-06)
(1.503311607 0.0001710082606 1.167237435e-05)
(1.502771085 0.0001976243964 1.34205462e-05)
(1.502192915 0.0001959778572 1.233903697e-05)
(1.50166026 0.0001738116224 9.371150202e-06)
(1.501229527 0.00014378514 6.156607357e-06)
(1.500890415 0.0001146138682 3.675570152e-06)
(1.500632141 8.950391601e-05 1.898545382e-06)
(1.500435592 6.81142382e-05 5.364415128e-07)
(1.500296382 5.17691652e-05 -3.919527428e-07)
(1.500194019 3.955128812e-05 -9.922047586e-07)
(1.500125458 3.156297828e-05 -1.351549925e-06)
(1.500072421 2.595163115e-05 -1.633802567e-06)
(1.500039415 2.259151811e-05 -1.753305564e-06)
(1.500012082 2.030134374e-05 -1.775474434e-06)
(1.499997229 1.932843274e-05 -1.783308846e-06)
(1.499981809 1.877840592e-05 -1.784838605e-06)
(1.499974997 1.844879847e-05 -1.794789662e-06)
(1.499961963 1.815626174e-05 -1.826057172e-06)
(1.500009859 -3.193156368e-05 -3.687157533e-07)
(1.500054726 -9.691676496e-05 -1.163419093e-06)
(1.500163941 -0.0001687511382 -2.277252686e-06)
(1.500343276 -0.0002514903637 -3.955950902e-06)
(1.500601768 -0.0003457609886 -6.429637805e-06)
(1.500953286 -0.0004468843261 -9.84132716e-06)
(1.501406877 -0.00054351956 -1.410301912e-05)
(1.501958897 -0.0006143151199 -1.86056227e-05)
(1.502573622 -0.0006346415941 -2.213023808e-05)
(1.503197726 -0.0005713845558 -2.279313729e-05)
(1.503734075 -0.0004055030306 -1.86763893e-05)
(1.504048553 -0.0001486516442 -9.484691593e-06)
(1.504085575 0.000107013777 5.679812558e-07)
(1.503866024 0.0003522744508 1.040376034e-05)
(1.503414074 0.0005252129813 1.695555593e-05)
(1.502827213 0.0006049430823 1.914391661e-05)
(1.50220614 0.000596150483 1.718799376e-05)
(1.501652021 0.0005243244063 1.261511043e-05)
(1.501215053 0.0004298433642 8.110004208e-06)
(1.500881436 0.0003398059368 5.066740359e-06)
(1.500629911 0.0002618879736 3.042765683e-06)
(1.500440454 0.0001946784335 1.536613402e-06)
(1.500307976 0.0001417782017 5.967211011e-07)
(1.500212873 0.0001007196484 7.620378454e-08)
(1.500148948 7.155480687e-05 -2.317521482e-07)
(1.500100503 4.889378937e-05 -4.051411705e-07)
(1.500069955 3.30846419e-05 -5.295856732e-07)
(1.500045111 2.065563141e-05 -6.257233868e-07)
(1.500030533 1.377143642e-05 -7.080044531e-07)
(1.500015936 8.442651755e-06 -7.84443067e-07)
(1.500009074 6.31543615e-06 -8.40889076e-07)
(1.499996662 5.819865303e-06 -8.77892488e-07)
(1.500008938 -5.113103726e-05 -5.059654155e-07)
(1.500049578 -0.000155389405 -1.606422792e-06)
(1.500149313 -0.0002717493854 -3.21263909e-06)
(1.500316416 -0.0004076616061 -5.740917446e-06)
(1.500564627 -0.0005651373831 -9.626651266e-06)
(1.500914353 -0.0007375979053 -1.520870561e-05)
(1.501383528 -0.0009063802671 -2.247620196e-05)
(1.501976634 -0.001035527735 -3.045313747e-05)
(1.50266397 -0.001077044379 -3.696387418e-05)
(1.503380421 -0.0009743129603 -3.834215659e-05)
(1.504002868 -0.0006957225928 -3.131285768e-05)
(1.504386063 -0.0002526533088 -1.529964871e-05)
(1.504433561 0.0001973306993 2.655556469e-06)
(1.504158994 0.0006138050084 1.920978864e-05)
(1.503616158 0.0009067259533 2.987063303e-05)
(1.502932741 0.001036772242 3.294310501e-05)
(1.502223804 0.001009807111 2.853964294e-05)
(1.501624433 0.0008751238672 1.954406403e-05)
(1.501179587 0.0007099394193 1.134346293e-05)
(1.500856619 0.0005589819811 6.091369456e-06)
(1.500619161 0.000431876619 2.486819817e-06)
(1.500442264 0.0003237988664 -4.021749957e-07)
(1.500322906 0.0002412918018 -2.240430666e-06)
(1.500240085 0.0001792920712 -3.292955027e-06)
(1.500185479 0.0001368070628 -3.812820376e-06)
(1.500144842 0.0001040442301 -4.0907242e-06)
(1.500119381 8.22542712e-05 -4.198380729e-06)
(1.500099815 6.450636916e-05 -4.204405031e-06)
(1.500088716 5.390729268e-05 -4.127230457e-06)
(1.500078432 4.412207455e-05 -4.088715361e-06)
(1.500073997 3.83650064e-05 -4.005112737e-06)
(1.500064105 3.322863071e-05 -4.013058008e-06)
(1.500007452 -6.700188675e-05 -7.272978416e-07)
(1.500041287 -0.0002040118742 -2.325613674e-06)
(1.500125624 -0.000359117351 -4.764105141e-06)
(1.500272182 -0.0005440223967 -8.779631467e-06)
(1.500501487 -0.0007636185805 -1.522435625e-05)
(1.500843966 -0.00101132791 -2.488443522e-05)
(1.501332356 -0.001262642132 -3.798592557e-05)
(1.501985748 -0.001465962412 -5.296806014e-05)
(1.502788045 -0.001544416485 -6.554758971e-05)
(1.503650414 -0.001411440892 -6.853529354e-05)
(1.504430867 -0.001008779569 -5.538180117e-05)
(1.504913363 -0.0003654857019 -2.56638407e-05)
(1.504963018 0.0002974967215 7.394123585e-06)
(1.504602261 0.000904121982 3.696783368e-05)
(1.503916847 0.001326350533 5.536090647e-05)
(1.503075725 0.001501138571 5.985356173e-05)
(1.502230215 0.001435830827 5.052975512e-05)
(1.501566039 0.001215212833 3.362792149e-05)
(1.501118084 0.0009659838192 2.015428637e-05)
(1.500819843 0.0007500972161 1.290831109e-05)
(1.500606193 0.0005691310235 8.331704574e-06)
(1.500453529 0.0004163708622 4.812981733e-06)
(1.500355612 0.0002984831806 2.785724614e-06)
(1.500293096 0.0002122628241 1.715071193e-06)
(1.500251137 0.000152065852 1.170008019e-06)
(1.500221223 0.0001096699915 6.494483031e-07)
(1.500200355 8.081877766e-05 3.875959063e-07)
(1.500186229 6.263334111e-05 2.318397252e-07)
(1.500175763 5.18099211e-05 2.198767115e-07)
(1.500168431 4.72306101e-05 2.03142034e-07)
(1.500162354 4.645272361e-05 4.463790225e-07)
(1.500160181 4.855235499e-05 5.000447029e-07)
(1.500005326 -7.790138583e-05 -1.04557604e-06)
(1.500029443 -0.0002378177231 -3.364515371e-06)
(1.500091523 -0.0004222134028 -7.073875834e-06)
(1.500207198 -0.0006478385442 -1.346181606e-05)
(1.500405229 -0.0009244164577 -2.417410994e-05)
(1.500729573 -0.001248304211 -4.092663525e-05)
(1.501234466 -0.001592359703 -6.466585995e-05)
(1.501965168 -0.001889256074 -9.285514003e-05)
(1.502924634 -0.002029089444 -0.0001175784109)
(1.504012947 -0.001876759903 -0.0001238466416)
(1.505019582 -0.001345076253 -9.840542763e-05)
(1.505640657 -0.000477328447 -4.282257686e-05)
(1.505687837 0.000420679149 1.771926263e-05)
(1.50520181 0.001232351909 7.081143247e-05)
(1.504310894 0.001791142838 0.0001022496181)
(1.503228452 0.001999860626 0.0001083039075)
(1.502196812 0.001867083763 8.681271604e-05)
(1.50144725 0.001532409201 5.159613347e-05)
(1.501010236 0.001194798299 2.571724516e-05)
(1.500747571 0.0009213144213 1.203688534e-05)
(1.500566367 0.0007014746378 3.060073573e-06)
(1.500442996 0.0005196601544 -3.665831308e-06)
(1.500374449 0.0003830949248 -7.181573734e-06)
(1.500337918 0.0002827195955 -8.479618408e-06)
(1.500317024 0.0002114207073 -8.602486991e-06)
(1.500303214 0.0001559534219 -8.304167832e-06)
(1.500295692 0.0001162215401 -7.816976286e-06)
(1.500291534 8.361898552e-05 -7.33350804e-06)
(1.500289955 6.186192872e-05 -6.986876335e-06)
(1.500288458 4.129728824e-05 -6.82488403e-06)
(1.500289121 2.69879787e-05 -6.890087609e-06)
(1.500278323 1.781728692e-05 -7.47255807e-06)
(1.500002311 -8.203912108e-05 -1.467262697e-06)
(1.50001391 -0.0002513596777 -4.74434079e-06)
(1.500046609 -0.0004509169952 -1.024481705e-05)
(1.500119641 -0.0007026321956 -2.015827494e-05)
(1.500270388 -0.001022946609 -3.755835306e-05)
(1.500558876 -0.001414857575 -6.598875554e-05)
(1.501068893 -0.0018541595 -0.0001082338692)
(1.501885446 -0.002260604179 -0.0001603812981)
(1.503048028 -0.002490086799 -0.0002084132634)
(1.504443595 -0.002342779969 -0.0002208428671)
(1.505775141 -0.001678119899 -0.0001714933663)
(1.506577183 -0.0005767048823 -6.905875316e-05)
(1.506610866 0.0005573559092 3.848196193e-05)
(1.505954126 0.001582677716 0.000134189577)
(1.504784043 0.002267332533 0.0001844558477)
(1.503372796 0.002497486728 0.0001927418447)
(1.502088906 0.002268380329 0.0001515712231)
(1.501254588 0.001793474688 8.989088311e-05)
(1.500863983 0.001362152745 5.032482603e-05)
(1.500664493 0.001024191948 3.205161108e-05)
(1.500532887 0.0007557459287 2.080252437e-05)
(1.500450505 0.0005415263103 1.221682289e-05)
(1.500415296 0.000389455247 7.697925066e-06)
(1.500403599 0.0002881517836 6.043303671e-06)
(1.500397984 0.0002237464059 5.687846679e-06)
(1.500393808 0.0001817159607 5.809966203e-06)
(1.500391928 0.0001565200276 6.590853222e-06)
(1.500391591 0.0001430381453 7.293696215e-06)
(1.500391783 0.0001374443577 8.326118659e-06)
(1.500392978 0.0001383512699 8.947834371e-06)
(1.500391579 0.0001419256041 9.301497332e-06)
(1.500408985 0.0001475836815 9.233443418e-06)
(1.499999549 -7.793109373e-05 -1.947898542e-06)
(1.499995498 -0.0002396329406 -6.414118271e-06)
(1.499992698 -0.0004348409152 -1.424687124e-05)
(1.500011998 -0.0006893982243 -2.898446458e-05)
(1.500097924 -0.001027043593 -5.61139847e-05)
(1.500327006 -0.001460866437 -0.000102515267)
(1.500820451 -0.001977341981 -0.0001750055261)
(1.501717921 -0.002491304515 -0.0002683103873)
(1.503124241 -0.002829747934 -0.0003593506248)
(1.504910804 -0.002716635361 -0.000383745403)
(1.50668716 -0.001931608387 -0.0002886736452)
(1.50770957 -0.0006417230259 -0.0001067712741)
(1.507722559 0.0006692540791 7.959716558e-05)
(1.506842167 0.001828994134 0.0002404757247)
(1.505305422 0.002731036109 0.0003340976104)
(1.503496767 0.002877638186 0.0003385622629)
(1.501873271 0.002511872876 0.0002441928082)
(1.500948405 0.00190528336 0.0001243237958)
(1.500631258 0.001435523952 5.47239626e-05)
(1.500510311 0.001085415353 2.245757503e-05)
(1.500441869 0.0008034605443 5.663680846e-06)
(1.50041765 0.0005728624837 -4.113118665e-06)
(1.500435108 0.0004017545533 -6.656262474e-06)
(1.500466183 0.0002779360266 -4.511979251e-06)
(1.500493146 0.0001875032564 -1.454282232e-06)
(1.500510902 0.0001208877766 1.242738742e-06)
(1.500526397 6.913383131e-05 3.330661846e-06)
(1.500537274 3.324193228e-05 4.686034018e-06)
(1.500546329 2.909305149e-06 5.4250276e-06)
(1.500551513 -1.995521278e-05 5.347930717e-06)
(1.500558106 -3.557327537e-05 4.806255339e-06)
(1.500540027 -4.49065803e-05 3.639423907e-06)
(1.49999568 -6.471903928e-05 -2.464800303e-06)
(1.499976188 -0.0001996424947 -8.185268358e-06)
(1.499935784 -0.0003663998447 -1.867105765e-05)
(1.499895111 -0.0005911132701 -3.927997962e-05)
(1.499902491 -0.0009020745136 -7.911271648e-05)
(1.500047702 -0.001322743796 -0.0001505925694)
(1.500494089 -0.001858507298 -0.0002684995194)
(1.501450421 -0.00243731201 -0.0004264689429)
(1.503125201 -0.002882497143 -0.000590092741)
(1.505374318 -0.002839199102 -0.0006328327414)
(1.507695466 -0.001986998651 -0.0004591998628)
(1.508955463 -0.0005831932683 -0.0001558190491)
(1.508926645 0.0007742205661 0.0001440851285)
(1.507791391 0.002034654384 0.0004103369977)
(1.505832416 0.00286695626 0.0005706827581)
(1.503548536 0.003072712582 0.0005706967448)
(1.501544568 0.002569426747 0.0003930249126)
(1.50060643 0.001827418191 0.0002056850902)
(1.500414381 0.00132884098 0.0001135438711)
(1.500383532 0.0009835782541 7.190896506e-05)
(1.500367937 0.0007354828225 4.63537597e-05)
(1.500383063 0.0005515853123 3.351960796e-05)
(1.500429108 0.0004399327488 3.153828585e-05)
(1.500483646 0.0003669122347 3.593933733e-05)
(1.500520868 0.000324971131 4.058269579e-05)
(1.500550491 0.000298017899 4.584467999e-05)
(1.500569929 0.0002851956081 4.943234465e-05)
(1.500589837 0.0002779069266 5.261355202e-05)
(1.500600041 0.0002760361701 5.370765833e-05)
(1.50061551 0.0002773884498 5.338036507e-05)
(1.50061729 0.0002794240432 5.251465682e-05)
(1.50065777 0.0002854445161 4.974910163e-05)
(1.499992679 -4.291300997e-05 -2.902045638e-06)
(1.499959622 -0.0001327349679 -9.71629633e-06)
(1.49988621 -0.0002458513075 -2.266742692e-05)
(1.499790379 -0.0004024102128 -4.906388283e-05)
(1.499719585 -0.0006271307003 -0.0001024446427)
(1.499768427 -0.0009453742764 -0.0002029978801)
(1.500136262 -0.001378510405 -0.0003791917261)
(1.501101326 -0.001891016846 -0.0006288926124)
(1.503025112 -0.002362434819 -0.0009067960845)
(1.505764416 -0.002457518925 -0.000971594029)
(1.508737544 -0.001780013954 -0.0006611442055)
(1.510243275 -0.0005581628666 -0.0001631570024)
(1.510142442 0.0005368753183 0.0002721391633)
(1.508752247 0.001630135513 0.0006775316843)
(1.506335316 0.00245845323 0.0009110629959)
(1.503529623 0.002691186607 0.0008903645454)
(1.501005218 0.002237905517 0.0005345495186)
(1.500104935 0.001535652814 0.000225499)
(1.500098086 0.001133101417 0.0001250598496)
(1.500216289 0.000778218331 8.645427815e-05)
(1.500297373 0.0005216480916 7.33181712e-05)
(1.500384895 0.0003320384968 7.412851207e-05)
(1.500489686 0.0002035824615 8.637402411e-05)
(1.500582363 0.0001176778742 0.0001018628116)
(1.500642449 6.105043154e-05 0.000114052705)
(1.500685654 2.171648562e-05 0.0001235176738)
(1.500713138 -4.818739051e-06 0.0001294568939)
(1.500738837 -2.386921752e-05 0.0001330504594)
(1.500754595 -3.673129152e-05 0.0001344373767)
(1.50076436 -4.506670003e-05 0.0001342226991)
(1.500767872 -5.00175117e-05 0.0001329992124)
(1.500745856 -5.304999786e-05 0.0001292624941)
(1.499990952 -1.456904284e-05 -3.159988952e-06)
(1.49995003 -4.590154665e-05 -1.062654464e-05)
(1.499857092 -8.556167456e-05 -2.508429804e-05)
(1.499727199 -0.0001412567959 -5.522709792e-05)
(1.499605607 -0.0002229156774 -0.0001177892459)
(1.499582197 -0.0003416914112 -0.0002400425388)
(1.499880263 -0.000510130162 -0.0004647824528)
(1.500797565 -0.000721578922 -0.0008032365475)
(1.502822684 -0.0009407177572 -0.001229252559)
(1.50591153 -0.001020604958 -0.001348877955)
(1.509284052 -0.0008041660001 -0.0009774886494)
(1.511235793 -0.0002076667527 -0.0001518125894)
(1.51102363 0.00016127125 0.000340404492)
(1.509492169 0.0006173975325 0.0008821823066)
(1.506796117 0.0009820131473 0.00122748706)
(1.503645072 0.001154725593 0.001247964108)
(1.500703613 0.001037743569 0.0007775683154)
(1.499687485 0.0007556960625 0.0002809777291)
(1.499811967 0.0006512092754 0.0001852004992)
(1.500027479 0.0005234286456 0.0001497797062)
(1.500135596 0.0004286121907 0.0001479975472)
(1.500253253 0.0003642715199 0.0001591443367)
(1.500388961 0.0003152386306 0.0001802241306)
(1.500508742 0.0002796508599 0.0002004374499)
(1.500578586 0.0002578337235 0.0002127490978)
(1.500633358 0.0002416017344 0.0002198597164)
(1.500669846 0.0002316041197 0.0002221666286)
(1.500700974 0.0002234484341 0.0002210120948)
(1.500718374 0.0002190900984 0.0002185117683)
(1.500737407 0.0002155067397 0.0002132895781)
(1.500747443 0.0002135421047 0.0002090380236)
(1.500793356 0.0002117130788 0.0002005841589)
(1.499990968 1.529549842e-05 -3.161944808e-06)
(1.499950123 4.815672967e-05 -1.063243386e-05)
(1.499857382 8.96556949e-05 -2.509047413e-05)
(1.499727893 0.0001478070199 -5.522801006e-05)
(1.499606945 0.0002330831369 -0.0001177288353)
(1.499584876 0.0003572610975 -0.0002398385395)
(1.499884473 0.0005343731348 -0.0004638576203)
(1.500805098 0.0007581268511 -0.0008010873625)
(1.502833071 0.0009950556429 -0.001222651567)
(1.505921116 0.001091825166 -0.001338774713)
(1.509289198 0.0008857317762 -0.00096829308)
(1.511240924 0.0002983064517 -0.0001427177495)
(1.511027851 -6.354483806e-05 0.0003482581829)
(1.509500505 -0.0005069999822 0.0008900113771)
(1.50680771 -0.0008482887845 0.001234966599)
(1.503677577 -0.0009885411344 0.00126239234)
(1.500728276 -0.0008145376587 0.0008012768083)
(1.4997499 -0.0004700026076 0.0003392357774)
(1.499869434 -0.0003295619469 0.000251350605)
(1.500086956 -0.0001660327889 0.0002431985222)
(1.500204294 -5.737329603e-05 0.0002679532878)
(1.500326008 3.146876932e-05 0.0002985430551)
(1.500465541 9.694787563e-05 0.0003372381588)
(1.500585267 0.0001435848421 0.000367694712)
(1.500657992 0.0001762157354 0.0003847013865)
(1.500707984 0.0002011594009 0.0003924784605)
(1.500747449 0.0002185877813 0.0003938639486)
(1.500773426 0.0002301040553 0.0003908238076)
(1.50079193 0.0002390538114 0.0003847777146)
(1.500803245 0.0002459893784 0.0003765221953)
(1.500811614 0.0002507913427 0.0003670946576)
(1.500792381 0.0002541735979 0.0003569689137)
(1.499992724 4.359207928e-05 -2.9077566e-06)
(1.499959876 0.0001348133481 -9.733136992e-06)
(1.499887002 0.00024955977 -2.268893255e-05)
(1.499792195 0.0004081964047 -4.907088523e-05)
(1.499723094 0.0006356975816 -0.0001023372419)
(1.499774729 0.0009577710684 -0.0002025700098)
(1.500146202 0.001395909274 -0.0003777087549)
(1.50111551 0.001914494655 -0.0006256052283)
(1.503039987 0.002391250808 -0.0008996058178)
(1.505774947 0.002490896967 -0.0009629147287)
(1.508739429 0.001818199142 -0.0006549070297)
(1.510251815 0.0005979968183 -0.0001546173925)
(1.510154261 -0.0004866923257 0.000281101407)
(1.508771101 -0.00157386695 0.0006879944036)
(1.5063658 -0.002372175883 0.0009251053043)
(1.50356616 -0.00260303627 0.0009105575149)
(1.501052807 -0.002146910789 0.0005651429925)
(1.500134824 -0.001447690939 0.0002620702584)
(1.500109376 -0.001052621146 0.0001605392493)
(1.500201761 -0.0007244290189 0.0001147910517)
(1.500262789 -0.0005025439295 8.858985588e-05)
(1.500336487 -0.0003452768636 7.460292634e-05)
(1.500430825 -0.0002470011415 7.287142709e-05)
(1.500517962 -0.0001875610883 7.810778697e-05)
(1.500574098 -0.0001549163172 8.559122051e-05)
(1.500615058 -0.0001368825796 9.512831425e-05)
(1.500644321 -0.0001301749156 0.0001042050653)
(1.500669097 -0.0001294898924 0.0001156369209)
(1.500683526 -0.0001319825676 0.0001248526955)
(1.500699699 -0.0001383292417 0.0001374479068)
(1.500703784 -0.0001432228893 0.0001454196527)
(1.500744416 -0.0001529281133 0.0001595394923)
(1.499995744 6.530274701e-05 -2.47368514e-06)
(1.499976543 0.0002014189186 -8.212549618e-06)
(1.499936871 0.0003694839915 -1.871138936e-05)
(1.499897516 0.0005957034436 -3.931500867e-05)
(1.499906961 0.0009083824128 -7.906238575e-05)
(1.500055218 0.001330943797 -0.0001502905745)
(1.500505247 0.001868367504 -0.0002674621956)
(1.501465129 0.002448423009 -0.0004242263953)
(1.503140751 0.002893713551 -0.0005855781744)
(1.505387197 0.002851686327 -0.0006269917439)
(1.507705819 0.002005461596 -0.0004533485764)
(1.508968983 0.0006055566177 -0.0001493246843)
(1.508943319 -0.0007470348935 0.0001507544365)
(1.507813721 -0.002004255244 0.0004173614311)
(1.505862741 -0.002835271911 0.0005794651562)
(1.503586031 -0.003042937401 0.0005829211743)
(1.501584471 -0.00254398536 0.0004085882269)
(1.500638768 -0.00180611637 0.0002257567585)
(1.500434392 -0.001306334918 0.0001350462774)
(1.500395913 -0.000950361505 9.335966031e-05)
(1.500382915 -0.000681102445 7.077589264e-05)
(1.500404629 -0.0004728561606 6.206319475e-05)
(1.500459177 -0.000327735046 6.853692983e-05)
(1.500517893 -0.0002264637055 7.91982064e-05)
(1.500561077 -0.0001540099945 9.088420228e-05)
(1.500594371 -0.0001024919976 0.0001016279495)
(1.500618679 -6.292521894e-05 0.000111100568)
(1.500635444 -3.359399479e-05 0.0001182560989)
(1.500648375 -1.179582273e-05 0.0001232720636)
(1.500656346 6.66390466e-06 0.0001258232708)
(1.500664237 2.106237697e-05 0.0001272550144)
(1.500654995 3.091740964e-05 0.00012676947)
(1.499999587 7.840684451e-05 -1.958775405e-06)
(1.499995883 0.0002410593966 -6.450052553e-06)
(1.499993873 0.0004372377623 -1.43067463e-05)
(1.500014525 0.0006927719957 -2.905685389e-05)
(1.500102454 0.001031293294 -5.61554231e-05)
(1.500334279 0.001465715581 -0.0001024290338)
(1.500830868 0.001982114119 -0.0001745325544)
(1.501731256 0.002495272173 -0.000267166712)
(1.503138642 0.002832103067 -0.0003570317141)
(1.504924023 0.002718172952 -0.0003805922055)
(1.506697769 0.001935560322 -0.0002856252047)
(1.50772226 0.0006448887843 -0.0001036712682)
(1.507738034 -0.0006645624616 8.274868854e-05)
(1.50686268 -0.001828175566 0.0002439937485)
(1.505332728 -0.002716907648 0.000338730969)
(1.503529799 -0.00287822672 0.0003449200403)
(1.50190817 -0.002520824108 0.0002523661103)
(1.500978999 -0.00192188172 0.0001355768498)
(1.500650884 -0.00145473386 6.759330964e-05)
(1.50051863 -0.001104881156 3.499281933e-05)
(1.500442527 -0.0008262252753 1.742990829e-05)
(1.500408707 -0.0006060461994 3.004170426e-06)
(1.500421286 -0.0004503209338 -8.024203547e-07)
(1.500446116 -0.0003441066355 -1.536986429e-06)
(1.500465898 -0.0002755760041 -1.057641715e-06)
(1.500480906 -0.0002277747511 8.420568361e-08)
(1.500491542 -0.000199525876 1.885012261e-06)
(1.500502028 -0.0001798609406 4.436750797e-06)
(1.500507643 -0.000171754415 6.5494166e-06)
(1.500515281 -0.0001669577586 1.114139067e-05)
(1.500516227 -0.000167001446 1.360205163e-05)
(1.500536417 -0.0001708384764 1.965847439e-05)
(1.500002395 8.240654563e-05 -1.480212988e-06)
(1.500014285 0.0002524493142 -4.787611885e-06)
(1.500047733 0.0004526907393 -1.031709468e-05)
(1.500122008 0.0007049919506 -2.025942465e-05)
(1.500274517 0.001025659697 -3.767128543e-05)
(1.500565285 0.001417503471 -6.606856297e-05)
(1.501077831 0.001856023397 -0.0001081601484)
(1.50189665 0.00226093503 -0.0001600135044)
(1.503060296 0.002488234455 -0.0002075470511)
(1.504455445 0.002339174848 -0.0002196165905)
(1.505785935 0.001674801981 -0.0001702744246)
(1.506589519 0.0005729340222 -6.793021035e-05)
(1.50662593 -0.0005610941778 3.972031417e-05)
(1.505972627 -0.001587497502 0.0001352987193)
(1.504806897 -0.002275220387 0.0001866861141)
(1.503400456 -0.002511220684 0.0001956519282)
(1.502117053 -0.002289755774 0.0001548755376)
(1.501278093 -0.001823266844 9.417535627e-05)
(1.500878765 -0.001397905685 5.49277678e-05)
(1.50066994 -0.001061065438 3.572907713e-05)
(1.500534163 -0.0007926501218 2.377518305e-05)
(1.500451102 -0.0005741535654 1.51244922e-05)
(1.500417236 -0.0004165648843 1.112710543e-05)
(1.500407496 -0.0003046228077 1.051377584e-05)
(1.500404627 -0.0002271573841 1.169978404e-05)
(1.500403603 -0.0001706235122 1.344737031e-05)
(1.500404325 -0.0001306128737 1.559846052e-05)
(1.500406264 -0.0001008647619 1.83196708e-05)
(1.500408379 -8.007659415e-05 2.079094125e-05)
(1.500409522 -6.449338771e-05 2.325651533e-05)
(1.500411353 -5.356831887e-05 2.525704763e-05)
(1.500404632 -4.481409718e-05 2.71719271e-05)
(1.500005386 7.817041264e-05 -1.060277275e-06)
(1.500029783 0.0002386164847 -3.409837451e-06)
(1.50009254 0.0004234768992 -7.153051502e-06)
(1.5002093 0.0006494313143 -1.357957451e-05)
(1.500408813 0.0009260836343 -2.432877741e-05)
(1.50073499 0.00124963714 -4.110389431e-05)
(1.501241862 0.001592761578 -6.481996252e-05)
(1.501974331 0.00188811504 -9.292761177e-05)
(1.502934828 0.002025986704 -0.0001174926716)
(1.504023337 0.001871912572 -0.0001236400321)
(1.505029725 0.001339775001 -9.824260061e-05)
(1.505652016 0.00047121649 -4.280376656e-05)
(1.505701153 -0.0004276893689 1.765665539e-05)
(1.505217792 -0.001241531755 7.067652015e-05)
(1.50432989 -0.001803033266 0.0001022307195)
(1.503250032 -0.002017076703 0.0001083967137)
(1.502218141 -0.001890990802 8.702021111e-05)
(1.501465829 -0.001563295077 5.222573445e-05)
(1.501022658 -0.001229667109 2.651126904e-05)
(1.500754268 -0.0009568169186 1.260806284e-05)
(1.500569263 -0.0007349523728 3.455942175e-06)
(1.500444225 -0.0005521669941 -3.107809013e-06)
(1.500373619 -0.0004157473693 -6.774237563e-06)
(1.500334543 -0.0003177409788 -8.284772911e-06)
(1.500310795 -0.0002501528451 -8.940074473e-06)
(1.50029456 -0.0002014296616 -9.120025249e-06)
(1.500284577 -0.0001688450165 -9.099859768e-06)
(1.500278224 -0.0001458513396 -8.739118381e-06)
(1.500274451 -0.0001324446768 -8.416770506e-06)
(1.500271729 -0.0001238090721 -7.782161324e-06)
(1.500269447 -0.0001208590152 -7.281872236e-06)
(1.500273473 -0.0001200250428 -6.068475995e-06)
(1.500007506 6.719155441e-05 -7.424473543e-07)
(1.500041589 0.0002045710356 -2.371845724e-06)
(1.50012652 0.0003599800174 -4.845951189e-06)
(1.500274009 0.0005450591964 -8.904005201e-06)
(1.500504546 0.0007646096143 -1.539695137e-05)
(1.5008485 0.001011944047 -2.510635538e-05)
(1.501338457 0.001262445819 -3.824593637e-05)
(1.501993271 0.001464515808 -5.324761246e-05)
(1.502796539 0.0015414503 -6.582268011e-05)
(1.503659407 0.001407024675 -6.882193565e-05)
(1.504440043 0.001003586322 -5.575163744e-05)
(1.50492357 0.0003593875563 -2.619045831e-05)
(1.504974744 -0.0003046871166 6.746914203e-06)
(1.504615961 -0.0009130869246 3.61975746e-05)
(1.503932507 -0.001337959091 5.450719362e-05)
(1.503092679 -0.001516737078 5.89442671e-05)
(1.502247121 -0.001456325945 4.958987945e-05)
(1.501580372 -0.001240433831 3.270528605e-05)
(1.5011287 -0.0009948093504 1.922359288e-05)
(1.500825042 -0.0007794260784 1.172033605e-05)
(1.500608543 -0.000598944763 6.887104048e-06)
(1.500453208 -0.0004457851947 3.237222861e-06)
(1.500354389 -0.000328728433 1.036279457e-06)
(1.500290417 -0.0002414177301 3.079717294e-09)
(1.500248577 -0.0001800878288 -5.543838652e-07)
(1.500218616 -0.0001341861574 -7.670348059e-07)
(1.500199167 -0.0001024792597 -7.302206891e-07)
(1.500185222 -7.843389431e-05 -4.595998864e-07)
(1.500176699 -6.296695765e-05 -1.82281823e-07)
(1.500169722 -5.082103733e-05 2.111521162e-07)
(1.500165825 -4.311645568e-05 6.318384423e-07)
(1.500154979 -3.898161789e-05 1.199370261e-06)
(1.500008986 5.12555074e-05 -5.21070456e-07)
(1.500049846 0.0001557542274 -1.652489905e-06)
(1.500150105 0.0002723018454 -3.294279773e-06)
(1.500318014 0.00040830083 -5.865715796e-06)
(1.500567267 0.0005657011331 -9.803260663e-06)
(1.500918211 0.0007378544106 -1.544478015e-05)
(1.501388667 0.0009060403931 -2.277508288e-05)
(1.50198297 0.001034302541 -3.081423957e-05)
(1.502671198 0.001074776207 -3.738536143e-05)
(1.503388353 0.0009709640833 -3.883332599e-05)
(1.504011159 0.0006916948485 -3.190993968e-05)
(1.504395319 0.0002478543425 -1.604527183e-05)
(1.504443995 -0.0002030174355 1.774851331e-06)
(1.504170832 -0.0006208640974 1.818272488e-05)
(1.503629266 -0.0009158137248 2.869302088e-05)
(1.502946533 -0.001048588155 3.163457462e-05)
(1.502237118 -0.00102486084 2.707683091e-05)
(1.501636297 -0.0008935849947 1.799143062e-05)
(1.501187822 -0.0007305434171 9.658929127e-06)
(1.500861724 -0.0005806228152 4.26365813e-06)
(1.500621105 -0.0004531318887 4.604245279e-07)
(1.500442925 -0.0003449308789 -2.415347966e-06)
(1.500322016 -0.000261707552 -4.308521669e-06)
(1.500238476 -0.0001994648234 -5.317790762e-06)
(1.500182403 -0.0001561561051 -5.887134193e-06)
(1.500141335 -0.0001240343845 -6.200117049e-06)
(1.500114539 -0.0001026492121 -6.319046304e-06)
(1.500094458 -8.716373492e-05 -6.374037722e-06)
(1.500082106 -7.818163497e-05 -6.40331445e-06)
(1.500071026 -7.178366588e-05 -6.34244511e-06)
(1.500065281 -6.897904251e-05 -6.242221644e-06)
(1.500058671 -6.835013301e-05 -5.998920258e-06)
(1.500009903 3.200176338e-05 -3.836240283e-07)
(1.500054969 9.712183433e-05 -1.20887206e-06)
(1.500164658 0.0001690578025 -2.357705557e-06)
(1.500344714 0.0002518357617 -4.078971134e-06)
(1.500604123 0.0003460473297 -6.604682823e-06)
(1.500956698 0.0004469761334 -1.007838437e-05)
(1.501411394 0.0005432541766 -1.441085658e-05)
(1.501964476 0.0006135301989 -1.899115099e-05)
(1.50258003 0.0006332570734 -2.259900115e-05)
(1.503204951 0.0005693339313 -2.335484637e-05)
(1.50374167 0.0004030469867 -1.93544585e-05)
(1.504057156 0.0001455948554 -1.030868634e-05)
(1.504095108 -0.000110626779 -3.90009821e-07)
(1.503876604 -0.0003567248568 9.29449582e-06)
(1.503425549 -0.0005308730328 1.568299918e-05)
(1.502838964 -0.0006121570252 1.771433122e-05)
(1.502217601 -0.0006052486169 1.558188757e-05)
(1.501661793 -0.0005352644251 1.085666578e-05)
(1.501222401 -0.0004421200303 6.219203968e-06)
(1.500885882 -0.0003525525073 3.027859756e-06)
(1.500632037 -0.0002746290898 8.80603276e-07)
(1.500440776 -0.0002073216747 -6.965358561e-07)
(1.50030707 -0.0001544915828 -1.699508715e-06)
(1.5002106 -0.0001133693914 -2.260055426e-06)
(1.500145853 -8.427740538e-05 -2.569549371e-06)
(1.50009667 -6.12527101e-05 -2.755511272e-06)
(1.500065372 -4.62745185e-05 -2.873412964e-06)
(1.500040785 -3.222989116e-05 -2.959328415e-06)
(1.50002603 -2.437376062e-05 -2.975618371e-06)
(1.5000115 -1.78381249e-05 -2.961085231e-06)
(1.500005106 -1.391589036e-05 -2.935148391e-06)
(1.499991097 -1.161540692e-05 -2.877714836e-06)
(1.500010337 1.086910229e-05 -3.183277413e-07)
(1.5000574 3.29653005e-05 -9.990467002e-07)
(1.500171534 5.725778358e-05 -1.920616359e-06)
(1.5003572 8.50116528e-05 -3.258761986e-06)
(1.500620925 0.0001163409507 -5.163556007e-06)
(1.500973581 0.0001495157175 -7.703369111e-06)
(1.501419141 0.0001809019919 -1.078358877e-05)
(1.501953644 0.0002029411452 -1.392753672e-05)
(1.502528249 0.0002101027375 -1.639419131e-05)
(1.503133311 0.0001850325388 -1.666725178e-05)
(1.503594678 0.0001395400866 -1.445725962e-05)
(1.503933732 3.059476237e-05 -6.373672839e-06)
(1.503927262 -3.631034327e-05 -8.916372237e-07)
(1.503729034 -0.0001157457811 5.781994841e-06)
(1.503322284 -0.0001729169449 1.038538354e-05)
(1.502781886 -0.000200052092 1.196299763e-05)
(1.50220335 -0.0001990046675 1.070554928e-05)
(1.501669216 -0.0001774430821 7.573931431e-06)
(1.501236238 -0.000147833428 4.215373949e-06)
(1.500894679 -0.0001188530552 1.597313251e-06)
(1.500634142 -9.374651413e-05 -2.850575402e-07)
(1.500435964 -7.236824937e-05 -1.732674164e-06)
(1.500295424 -5.598065399e-05 -2.697924153e-06)
(1.500191958 -4.367555931e-05 -3.320188737e-06)
(1.500122539 -3.552754665e-05 -3.693437907e-06)
(1.500068826 -2.966658417e-05 -3.956262938e-06)
(1.50003534 -2.637751194e-05 -4.167369217e-06)
(1.500007225 -2.415978417e-05 -4.201517117e-06)
(1.499992128 -2.324766203e-05 -4.175325985e-06)
(1.499976535 -2.319479207e-05 -4.153268692e-06)
(1.499969423 -2.360890776e-05 -4.137574762e-06)
(1.49995633 -2.427663811e-05 -4.116129597e-06)
(1.500010264 -1.088717077e-05 -8.642072457e-07)
(1.500057001 -3.303008114e-05 -2.716301989e-06)
(1.500170369 -5.743227349e-05 -5.242909421e-06)
(1.500354875 -8.541422267e-05 -8.937101021e-06)
(1.500617154 -0.0001171535834 -1.422306258e-05)
(1.500968252 -0.0001509754441 -2.12986029e-05)
(1.501412503 -0.000183275277 -2.990077048e-05)
(1.501946302 -0.0002063872456 -3.868550664e-05)
(1.502521642 -0.000214462859 -4.552562624e-05)
(1.503127691 -0.0001898488207 -4.608851633e-05)
(1.503592422 -0.0001436731023 -3.945201208e-05)
(1.503931747 -3.310491301e-05 -1.583600925e-05)
(1.503926099 3.559372427e-05 1.959875559e-07)
(1.503725725 0.0001165234786 1.970859026e-05)
(1.503315518 0.000174366807 3.338256929e-05)
(1.5027721 0.0002012222073 3.841275907e-05)
(1.502191318 0.000199011646 3.529988121e-05)
(1.501657529 0.0001758266067 2.675583638e-05)
(1.501227032 0.0001449972086 1.752006302e-05)
(1.500888887 0.0001154850543 1.041247892e-05)
(1.500631195 9.02198067e-05 5.326438105e-06)
(1.500435056 6.873816522e-05 1.441782711e-06)
(1.500296196 5.238375613e-05 -1.189362093e-06)
(1.500194165 4.022542484e-05 -2.881960578e-06)
(1.500125749 3.228732297e-05 -3.870783945e-06)
(1.500072815 2.676665954e-05 -4.693775506e-06)
(1.500039958 2.318738895e-05 -5.012114145e-06)
(1.500012692 2.099655337e-05 -5.010355244e-06)
(1.499997834 1.998925903e-05 -4.989253558e-06)
(1.499982417 1.94017898e-05 -4.90804208e-06)
(1.499975585 1.904352638e-05 -4.842520123e-06)
(1.499962569 1.874905887e-05 -4.767022218e-06)
(1.500009817 -3.205806395e-05 -1.04987825e-06)
(1.500054499 -9.73245002e-05 -3.313070043e-06)
(1.50016328 -0.0001696083913 -6.486965521e-06)
(1.500341937 -0.0002531177208 -1.127398069e-05)
(1.500599563 -0.0003486587029 -1.833589016e-05)
(1.500950186 -0.0004517223717 -2.809101399e-05)
(1.501403236 -0.0005510201982 -4.030645397e-05)
(1.501955605 -0.0006248880501 -5.326044577e-05)
(1.502572339 -0.0006478025526 -6.346489115e-05)
(1.503199793 -0.0005852854646 -6.5494394e-05)
(1.503740389 -0.0004167746111 -5.369837954e-05)
(1.504058282 -0.000154177342 -2.737919618e-05)
(1.504096686 0.0001087603098 1.523181146e-06)
(1.503875066 0.000359995611 2.976444324e-05)
(1.503419185 0.0005365949441 4.861943216e-05)
(1.502828176 0.0006171422808 5.49503138e-05)
(1.502203363 0.0006062925993 4.931231458e-05)
(1.501647961 0.0005306892102 3.613300089e-05)
(1.501211641 0.0004330347959 2.322951564e-05)
(1.500879662 0.0003413386534 1.457859808e-05)
(1.500628978 0.0002622810182 8.83229293e-06)
(1.500439942 0.000194076585 4.571024038e-06)
(1.500307987 0.0001406253037 1.918534632e-06)
(1.500213213 9.927474051e-05 4.509911963e-07)
(1.500149488 7.003185181e-05 -4.087303234e-07)
(1.500101059 4.733999916e-05 -9.867592406e-07)
(1.50007058 3.159333319e-05 -1.398002216e-06)
(1.500045748 1.911123171e-05 -1.761115335e-06)
(1.500031192 1.231067421e-05 -2.035752141e-06)
(1.500016611 7.003799797e-06 -2.404777819e-06)
(1.500009762 4.901080964e-06 -2.601364386e-06)
(1.499997405 4.450420619e-06 -2.895943654e-06)
(1.500008873 -5.135515392e-05 -1.441100198e-06)
(1.500049221 -0.0001561157948 -4.576134636e-06)
(1.500148255 -0.000273303728 -9.156026377e-06)
(1.50031422 -0.0004106765865 -1.637240394e-05)
(1.500560906 -0.0005706343505 -2.748138737e-05)
(1.500908939 -0.0007470007291 -4.347681274e-05)
(1.501376925 -0.0009213066843 -6.437655219e-05)
(1.50197038 -0.001057008956 -8.742778773e-05)
(1.502661149 -0.00110417235 -0.0001064160087)
(1.503383735 -0.001002969985 -0.0001106457173)
(1.504013593 -0.000719208113 -9.042463333e-05)
(1.504403244 -0.0002637885272 -4.436453768e-05)
(1.504452212 0.0002013522073 7.478280073e-06)
(1.504173725 0.0006303481116 5.522666714e-05)
(1.503624039 0.0009307186685 8.607374967e-05)
(1.502933243 0.001062202804 9.502685813e-05)
(1.50221804 0.001030717179 8.216289897e-05)
(1.501616419 0.0008882583228 5.593750117e-05)
(1.501173287 0.0007173261852 3.221588903e-05)
(1.50085321 0.0005639165063 1.719561368e-05)
(1.500617094 0.0004352966283 6.897409152e-06)
(1.500440882 0.0003258019221 -1.221429079e-06)
(1.500322392 0.0002426045431 -6.419779352e-06)
(1.500240407 0.0001803799351 -9.250855544e-06)
(1.500185998 0.0001375781759 -1.069222207e-05)
(1.500145811 0.0001048430331 -1.128556252e-05)
(1.500120195 8.274110787e-05 -1.147335414e-05)
(1.500101023 6.521006475e-05 -1.124909253e-05)
(1.500089649 5.434635813e-05 -1.085776701e-05)
(1.500079637 4.493972797e-05 -1.031348256e-05)
(1.500075092 3.870744369e-05 -9.809630658e-06)
(1.500065125 3.409538103e-05 -9.00616907e-06)
(1.500007346 -6.733914916e-05 -2.072065262e-06)
(1.500040698 -0.0002051107106 -6.627825088e-06)
(1.500123846 -0.0003615307661 -1.358605397e-05)
(1.500268406 -0.0005488482005 -2.506120161e-05)
(1.50049489 -0.0007727117291 -4.352227288e-05)
(1.500834045 -0.001027401368 -7.128234035e-05)
(1.501319767 -0.001289018664 -0.000109120553)
(1.501973459 -0.001504939778 -0.0001526592648)
(1.502781607 -0.001594901628 -0.0001896527898)
(1.503657494 -0.001464473532 -0.0001988473878)
(1.504450629 -0.001052385695 -0.0001607482188)
(1.50494493 -0.0003850611389 -7.488096476e-05)
(1.504996297 0.0003063518191 2.104066609e-05)
(1.504627791 0.0009362503386 0.0001067371013)
(1.503930047 0.001371557083 0.0001604210692)
(1.503073793 0.001548293885 0.00017393351)
(1.502219113 0.00147257986 0.0001470840131)
(1.501551684 0.001235347826 9.80248266e-05)
(1.501108324 0.0009746695207 5.934064791e-05)
(1.500815404 0.0007539572101 3.871900373e-05)
(1.500603938 0.0005698143694 2.561906022e-05)
(1.500452012 0.0004140620599 1.53849234e-05)
(1.500355607 0.0002954853124 9.0797917e-06)
(1.500293578 0.0002087597255 5.579874902e-06)
(1.50025223 0.0001492490169 2.944156154e-06)
(1.500222201 0.0001068313755 6.610598676e-07)
(1.500201733 7.873838883e-05 -1.324252578e-06)
(1.500187464 6.049609724e-05 -2.943689192e-06)
(1.500177298 5.032034177e-05 -4.408117709e-06)
(1.500170299 4.471547596e-05 -5.581727418e-06)
(1.500164212 4.440293286e-05 -6.622475771e-06)
(1.500161656 4.639298782e-05 -7.36210172e-06)
(1.500005153 -7.836387169e-05 -2.979219631e-06)
(1.50002848 -0.0002393294631 -9.59578195e-06)
(1.500088557 -0.0004256390427 -2.01896116e-05)
(1.500200738 -0.0006549505171 -3.847071239e-05)
(1.500393589 -0.0009383767192 -6.923506935e-05)
(1.500711425 -0.001273993782 -0.0001175594607)
(1.501210582 -0.001636277865 -0.0001865107573)
(1.501940872 -0.001956341133 -0.000269025728)
(1.502910991 -0.002118592654 -0.000342520311)
(1.504025729 -0.001971044208 -0.0003618137755)
(1.505056387 -0.001421487742 -0.0002876361731)
(1.505698598 -0.0005092381366 -0.0001257389007)
(1.50574756 0.0004390009832 5.126590719e-05)
(1.505246346 0.001292887705 0.0002060087958)
(1.504332073 0.001871813101 0.000299097624)
(1.503222035 0.002082905716 0.0003159930413)
(1.502172192 0.001931115761 0.0002516235522)
(1.5014182 0.001567972265 0.0001480601099)
(1.500991023 0.001212835359 7.387112996e-05)
(1.500737969 0.0009334140914 3.52165911e-05)
(1.500561103 0.000710151801 9.995387044e-06)
(1.500439649 0.0005235622952 -9.245737494e-06)
(1.500374315 0.0003866932736 -1.930860258e-05)
(1.500339122 0.0002848041249 -2.286942224e-05)
(1.500319335 0.0002148345464 -2.318070131e-05)
(1.500305613 0.0001585751259 -2.220625429e-05)
(1.500298341 0.0001203222308 -2.0464825e-05)
(1.500294017 8.745053193e-05 -1.824368696e-05)
(1.500292357 6.7030843e-05 -1.625437065e-05)
(1.500290518 4.652799119e-05 -1.394507467e-05)
(1.500290882 3.610029557e-05 -1.237868672e-05)
(1.500280441 2.330352338e-05 -1.067830072e-05)
(1.500001935 -8.260309081e-05 -4.183839229e-06)
(1.500012368 -0.000253265787 -1.354159887e-05)
(1.500041817 -0.0004554007186 -2.926946308e-05)
(1.500108918 -0.0007123350021 -5.769835541e-05)
(1.500250413 -0.001042913536 -0.0001078392565)
(1.500526496 -0.00145334991 -0.0001902585462)
(1.50102464 -0.001923147669 -0.000313870185)
(1.501838405 -0.002370156305 -0.0004679819019)
(1.503020351 -0.002641513966 -0.0006127442757)
(1.50446675 -0.002503258591 -0.0006512039732)
(1.505843409 -0.001804438241 -0.0005058826705)
(1.506680771 -0.0006279888967 -0.0002049249555)
(1.506716947 0.0005935553313 0.000113721882)
(1.506030424 0.00168828227 0.0003929467643)
(1.504816495 0.0024125446 0.0005543715873)
(1.503359694 0.002641105015 0.0005813849512)
(1.502045135 0.002369510293 0.0004557218629)
(1.501207792 0.001841818146 0.0002709952329)
(1.500835545 0.001378922218 0.0001549622551)
(1.500651994 0.001032071546 0.0001006518464)
(1.5005256 0.0007575895436 6.384820764e-05)
(1.500446802 0.0005410248325 3.31205433e-05)
(1.500415042 0.0003894227849 1.265533517e-05)
(1.500405496 0.0002907297534 -8.871231121e-07)
(1.500400723 0.0002285188783 -1.100436948e-05)
(1.500397039 0.0001881664067 -1.973702917e-05)
(1.500395482 0.0001637041459 -2.625860237e-05)
(1.500395315 0.0001513805815 -3.165628836e-05)
(1.500395486 0.0001454341738 -3.532859757e-05)
(1.500396485 0.0001464001302 -3.707652513e-05)
(1.500394756 0.0001494339475 -3.814503421e-05)
(1.500411873 0.000154783526 -3.823797345e-05)
(1.499999331 -7.855457842e-05 -5.57229349e-06)
(1.499993194 -0.0002417836312 -1.831080094e-05)
(1.499985298 -0.0004401080544 -4.073727343e-05)
(1.499994962 -0.0007013506415 -8.3117729e-05)
(1.50006506 -0.001053022532 -0.0001616537605)
(1.500271486 -0.001513746121 -0.0002970421598)
(1.500741461 -0.002077581012 -0.0005112280203)
(1.501629983 -0.002657506853 -0.0007902330198)
(1.503070078 -0.003069226783 -0.001069202126)
(1.504952773 -0.002970577647 -0.001143839253)
(1.506807324 -0.002127543889 -0.0008615614626)
(1.507889463 -0.0007205537949 -0.0003186581324)
(1.507903742 0.0007235657741 0.0002377872809)
(1.506973962 0.002023563497 0.0007149921699)
(1.505359781 0.002868420639 0.0009968847922)
(1.503452747 0.003089043529 0.00101168136)
(1.501780408 0.002665206438 0.0007287721544)
(1.5008625 0.001983939114 0.0003739503272)
(1.500580973 0.001472439113 0.0001737543609)
(1.500487433 0.001109564582 8.103803177e-05)
(1.500431233 0.0008207293803 2.316022372e-05)
(1.500415294 0.0005839967451 -1.349746644e-05)
(1.500438453 0.0004174104351 -2.620839685e-05)
(1.500473299 0.0002948413753 -2.544765779e-05)
(1.500498729 0.0002108516914 -2.056301048e-05)
(1.500517556 0.0001441516065 -1.492564654e-05)
(1.500531108 9.855702713e-05 -1.003982151e-05)
(1.500542907 6.013176222e-05 -5.070203127e-06)
(1.500550668 3.475577428e-05 -1.105525378e-06)
(1.500555813 1.090719507e-05 2.251641798e-06)
(1.500561212 -2.956409409e-06 4.828881702e-06)
(1.50054384 -1.924453356e-05 6.867294145e-06)
(1.499995086 -6.531540561e-05 -7.035627099e-06)
(1.499972875 -0.0002017064084 -2.337662831e-05)
(1.499925135 -0.000371663683 -5.346011193e-05)
(1.499869817 -0.0006036631798 -0.0001129131668)
(1.49985177 -0.0009310428359 -0.000228855311)
(1.499957973 -0.001385527301 -0.0004391632527)
(1.500361072 -0.001986269077 -0.0007917928257)
(1.501294789 -0.00266220649 -0.001271367892)
(1.503026645 -0.003224950202 -0.001783662959)
(1.505446078 -0.003202021739 -0.001914270002)
(1.507898893 -0.002243430673 -0.001391218634)
(1.509241165 -0.0006952168665 -0.0004793785354)
(1.509221959 0.0008766086485 0.0004475366833)
(1.508011299 0.002300481747 0.001256466826)
(1.505917123 0.003224629462 0.001743249696)
(1.503477044 0.003414178504 0.001748105453)
(1.501391252 0.002771112691 0.00120173693)
(1.500482626 0.00191388446 0.0006271295211)
(1.500346001 0.001362319416 0.0003371444919)
(1.500352713 0.001021161087 0.0001898249449)
(1.500352911 0.0007773119021 7.255062325e-05)
(1.500380112 0.000599471727 -2.205514257e-05)
(1.500435188 0.0004962924193 -7.923288388e-05)
(1.500492979 0.0004320789614 -0.0001163992481)
(1.500530855 0.0003962563715 -0.0001392544414)
(1.500559114 0.000373732071 -0.0001586415588)
(1.500577571 0.0003631473603 -0.0001683059432)
(1.500596364 0.0003571054238 -0.0001729321905)
(1.500605151 0.0003555682572 -0.000174192981)
(1.500619807 0.0003568244674 -0.0001726364634)
(1.500620007 0.0003593654064 -0.0001698032599)
(1.500662288 0.000362773888 -0.0001653117786)
(1.499991917 -4.334752399e-05 -8.283674747e-06)
(1.499955364 -0.0001342608349 -2.776114183e-05)
(1.4998723 -0.0002498603528 -6.497223689e-05)
(1.499756288 -0.0004123778112 -0.0001413321897)
(1.499648444 -0.0006513119113 -0.0002976314551)
(1.499635843 -0.001001271615 -0.0005960819476)
(1.499929377 -0.001501275033 -0.001131409641)
(1.500844193 -0.002125431986 -0.001902663688)
(1.502859888 -0.002758146288 -0.002791524862)
(1.505888409 -0.002907680244 -0.002988040167)
(1.509068714 -0.002100514259 -0.002027857494)
(1.51065463 -0.0007727235879 -0.0005804794443)
(1.510586868 0.0006078994154 0.0008482262152)
(1.509080916 0.001915266864 0.002118267234)
(1.506446483 0.002829817213 0.002877415616)
(1.503378128 0.003107024218 0.002825887442)
(1.500749063 0.002517820682 0.001745329371)
(1.499933266 0.001669134294 0.0007516389057)
(1.500023689 0.00116012266 0.0003582069427)
(1.500198284 0.0008171900958 0.0001847006349)
(1.500296285 0.0005823981361 8.344239762e-05)
(1.50039805 0.0004075774093 2.757267673e-05)
(1.500507763 0.0002967862562 1.344773405e-05)
(1.500601815 0.0002192278183 1.574152241e-05)
(1.50065768 0.00016907464 2.090437007e-05)
(1.500697942 0.0001305668006 2.743308218e-05)
(1.500724038 0.0001052413841 3.346349582e-05)
(1.500747203 8.542719234e-05 3.896118651e-05)
(1.500758737 7.077961602e-05 4.349173451e-05)
(1.500766654 5.767102541e-05 4.84938727e-05)
(1.500771384 5.082048792e-05 5.14157496e-05)
(1.500750464 4.211749504e-05 5.601918424e-05)
(1.499990085 -1.471519138e-05 -9.020961273e-06)
(1.499945187 -4.647038189e-05 -3.036619907e-05)
(1.499841051 -8.707520415e-05 -7.194038026e-05)
(1.499687224 -0.0001451106495 -0.0001592728236)
(1.499519266 -0.0002324669144 -0.0003431561934)
(1.499416187 -0.0003647359099 -0.0007083517789)
(1.499600895 -0.0005630003624 -0.001398320733)
(1.500422882 -0.0008287686043 -0.002464592149)
(1.502556378 -0.001134253892 -0.003861585483)
(1.506032147 -0.001259025485 -0.004267239532)
(1.509792456 -0.0009618481204 -0.002943832016)
(1.511645826 -0.0004143195961 -0.0008980657142)
(1.511598271 0.0001574316325 0.001054671002)
(1.509951993 0.0007338858417 0.002854500356)
(1.506980873 0.001177769337 0.004026668492)
(1.503496904 0.001383588013 0.00414412307)
(1.500360322 0.001212025688 0.002600441246)
(1.499521515 0.0009081751675 0.001104248952)
(1.499732197 0.0007365388919 0.0004366129753)
(1.500008597 0.0006174261173 2.263846318e-05)
(1.500152176 0.000536772843 -0.0002453452709)
(1.500282408 0.0004873661587 -0.0004081463946)
(1.500419835 0.0004568421145 -0.0004900652133)
(1.50052916 0.0004355300213 -0.0005326876628)
(1.500593536 0.0004199870701 -0.0005589629471)
(1.500641422 0.0004062356895 -0.0005662744594)
(1.500675666 0.0003944114284 -0.0005660260865)
(1.500702079 0.0003824390332 -0.000561518754)
(1.500719222 0.0003727928646 -0.0005542363625)
(1.500735822 0.0003645272497 -0.0005447791854)
(1.500746179 0.0003576178734 -0.0005346088188)
(1.500797714 0.0003516054118 -0.0005235060502)
(1.499990101 1.543683723e-05 -9.026965507e-06)
(1.499945282 4.871135379e-05 -3.038466475e-05)
(1.499841348 9.115192498e-05 -7.196074623e-05)
(1.499687951 0.0001516559938 -0.0001592841281)
(1.499520728 0.000242739203 -0.0003429814316)
(1.49941923 0.0003807012886 -0.0007077664633)
(1.499606358 0.0005887459042 -0.001395383035)
(1.500433259 0.0008686925599 -0.002457686239)
(1.502570749 0.001197132281 -0.003838038913)
(1.506043148 0.001341733159 -0.004232823559)
(1.509797596 0.001053917807 -0.002912989457)
(1.51164912 0.0005130144213 -0.0008729425831)
(1.511602191 -4.998719165e-05 0.001074378865)
(1.509959858 -0.0006121028771 0.002873888543)
(1.506997175 -0.001030674342 0.004050280345)
(1.503528863 -0.001196496687 0.004185576944)
(1.500402968 -0.0009581325098 0.002695671796)
(1.499588011 -0.0005724752901 0.001253067593)
(1.499799179 -0.0003558293945 0.0006553767483)
(1.500083934 -0.0001969259296 0.0002788083873)
(1.500241953 -8.798443149e-05 8.019675972e-05)
(1.500372042 -1.595094239e-05 -2.79078229e-05)
(1.500508072 3.284979633e-05 -6.79621898e-05)
(1.500615607 6.927742479e-05 -7.564176353e-05)
(1.500677076 9.583271008e-05 -6.969165208e-05)
(1.500721089 0.0001196523692 -5.727449464e-05)
(1.500751597 0.0001397179444 -4.32075014e-05)
(1.500774677 0.0001600814446 -2.753350534e-05)
(1.500788685 0.0001767486364 -1.422110942e-05)
(1.500799088 0.0001953343686 -5.169162196e-07)
(1.500806892 0.0002081920937 9.109603213e-06)
(1.50079653 0.0002282702294 2.25766251e-05)
(1.499991962 4.402226301e-05 -8.301219057e-06)
(1.499955621 0.000136325831 -2.78132447e-05)
(1.499873109 0.000253547541 -6.504215704e-05)
(1.499758179 0.0004181424304 -0.0001413692698)
(1.499652182 0.0006598737096 -0.0002973405172)
(1.499642845 0.001013724853 -0.0005948529563)
(1.499940751 0.001518765185 -0.00112684346)
(1.500861228 0.002148913072 -0.001892495436)
(1.502877402 0.002786009055 -0.002768024699)
(1.505898808 0.002937278203 -0.002960948905)
(1.509070733 0.002135759696 -0.002006329016)
(1.510662444 0.0008127323877 -0.0005552002819)
(1.510599857 -0.000558858452 0.0008762239907)
(1.509102624 -0.001855851431 0.002150769637)
(1.506480737 -0.002758252348 0.002919592714)
(1.503427407 -0.003025041306 0.002891871611)
(1.500796564 -0.002428646789 0.001832138753)
(1.499967585 -0.001597700308 0.0008655344257)
(1.500031365 -0.001107870805 0.0004607115068)
(1.50017162 -0.0008115714628 0.0002616296697)
(1.500247372 -0.0006195928158 0.0001265682482)
(1.500334701 -0.0004883847981 3.650111472e-05)
(1.500434561 -0.000407822584 -1.167467365e-05)
(1.500527134 -0.0003585167112 -4.401171801e-05)
(1.5005848 -0.00033031442 -6.970486521e-05)
(1.500627899 -0.0003133429532 -8.924756296e-05)
(1.500658276 -0.0003042911575 -0.0001040790992)
(1.500683286 -0.0002993995827 -0.0001183179013)
(1.500698674 -0.0002968753973 -0.0001302961686)
(1.500713672 -0.0002957215948 -0.0001426508454)
(1.500720274 -0.0002957813404 -0.0001525516368)
(1.500749174 -0.0002961939905 -0.0001635591329)
(1.49999515 6.589588491e-05 -7.062796499e-06)
(1.499973232 0.0002034709018 -2.345991248e-05)
(1.499926236 0.0003747238478 -5.358705381e-05)
(1.499872286 0.00060821253 -0.0001130368288)
(1.499856427 0.0009372576296 -0.0002287460931)
(1.499966 0.001393514387 -0.0004383432523)
(1.500373217 0.001995496141 -0.0007887564604)
(1.501311253 0.002671988813 -0.0012647125)
(1.503043989 0.003233140037 -0.001769630963)
(1.505459766 0.003211180842 -0.001896446768)
(1.507909259 0.002259426186 -0.001373135358)
(1.509254636 0.0007152350528 -0.0004595192934)
(1.509238944 -0.0008527994642 0.0004676244678)
(1.508034733 -0.002274378907 0.001277119348)
(1.505949947 -0.003198652186 0.001768156667)
(1.503517917 -0.003393525662 0.001783368002)
(1.501432646 -0.002757495937 0.001247022838)
(1.500517244 -0.001907712225 0.0006861233568)
(1.500366565 -0.001355578541 0.0004015080146)
(1.500365966 -0.0009988732858 0.0002563594895)
(1.500371349 -0.0007256817878 0.0001481334283)
(1.500407973 -0.0005131523903 7.076879678e-05)
(1.500471062 -0.000371975595 2.545291387e-05)
(1.500534071 -0.0002736678337 2.941085538e-06)
(1.50057648 -0.0002069181355 -1.275231149e-05)
(1.500610668 -0.0001599071175 -2.321417833e-05)
(1.500631774 -0.000126034878 -2.952906526e-05)
(1.500646591 -0.000101326218 -3.384662131e-05)
(1.500656783 -8.48663917e-05 -3.630759803e-05)
(1.500664127 -7.08135267e-05 -3.784925112e-05)
(1.500669885 -6.349894238e-05 -3.842200581e-05)
(1.500659434 -5.55855245e-05 -3.74687316e-05)
(1.499999367 7.902778865e-05 -5.604892323e-06)
(1.499993574 0.0002432000957 -1.841606153e-05)
(1.499986476 0.0004424849401 -4.092158133e-05)
(1.499997519 0.00070468311 -8.335039183e-05)
(1.50006969 0.0010571702 -0.0001618163832)
(1.500279037 0.001518356806 -0.0002968649986)
(1.500752428 0.002081750312 -0.0005099351594)
(1.501644265 0.00266030366 -0.00078698639)
(1.503085502 0.003069282267 -0.001062298907)
(1.504966387 0.002969295846 -0.001134599819)
(1.506818132 0.002128251187 -0.0008525087282)
(1.50790198 0.0007211229525 -0.0003096315887)
(1.507919441 -0.0007228467874 0.0002470713564)
(1.506995291 -0.00202342648 0.0007253000585)
(1.505388345 -0.002871227751 0.001009941703)
(1.50348835 -0.003098559629 0.001029936511)
(1.50181638 -0.002681645725 0.000751754101)
(1.500895063 -0.002010232117 0.0004066584029)
(1.500600902 -0.001502029975 0.0002104010167)
(1.500495478 -0.001140923303 0.0001157415442)
(1.500430044 -0.00085511255 5.339106996e-05)
(1.500406577 -0.0006334348752 1.132538964e-05)
(1.500422424 -0.000484402144 -9.523434038e-06)
(1.500449736 -0.0003857082967 -1.91092369e-05)
(1.500470597 -0.0003237727081 -2.459316576e-05)
(1.500486365 -0.0002818803389 -2.861925434e-05)
(1.500497475 -0.0002578495875 -3.068316316e-05)
(1.500508332 -0.0002417486605 -3.382501492e-05)
(1.500514548 -0.0002351137672 -3.609863655e-05)
(1.500522532 -0.0002312727168 -3.903854134e-05)
(1.500524871 -0.0002314036012 -4.067169011e-05)
(1.500540245 -0.0002333233394 -4.503770348e-05)
(1.500002016 8.29681253e-05 -4.221677867e-06)
(1.500012739 0.0002543495573 -1.367139919e-05)
(1.500042938 0.0004571623993 -2.948720013e-05)
(1.50011129 0.0007146664049 -5.801215351e-05)
(1.500254579 0.001045555804 -0.0001082045237)
(1.500533024 0.001455831147 -0.0001905553929)
(1.501033828 0.001924619234 -0.0003137522961)
(1.501850029 0.002369728371 -0.0004670411823)
(1.503033069 0.002638262379 -0.0006103392164)
(1.504478815 0.002497833646 -0.0006477416816)
(1.505854184 0.001799246355 -0.0005025304807)
(1.50669308 0.0006224206691 -0.0002017865039)
(1.506732021 -0.0005992669703 0.0001170413057)
(1.506049446 -0.00169537771 0.0003961700676)
(1.504840293 -0.002423316823 0.0005593912983)
(1.503387805 -0.002658798575 0.0005880282261)
(1.502073246 -0.002395549183 0.0004634558992)
(1.501232061 -0.001878328792 0.0002820249006)
(1.500849692 -0.001421728777 0.0001663473967)
(1.500657195 -0.00107718519 0.0001093092621)
(1.500526083 -0.0008001073525 7.030086208e-05)
(1.500448044 -0.0005807694126 4.069101103e-05)
(1.500417662 -0.0004193699994 2.218304448e-05)
(1.500410583 -0.0003103646189 1.181075697e-05)
(1.500408878 -0.0002309108769 3.951109341e-06)
(1.500408574 -0.0001779157949 -1.982606281e-06)
(1.500409772 -0.0001359602486 -7.272299567e-06)
(1.500411534 -0.0001108498535 -1.122261547e-05)
(1.50041353 -8.768504448e-05 -1.507001539e-05)
(1.500414379 -7.524994533e-05 -1.886136535e-05)
(1.500416498 -6.734568167e-05 -2.180660337e-05)
(1.500407515 -6.112818122e-05 -2.56222664e-05)
(1.500005213 7.8631524e-05 -3.023317148e-06)
(1.500028816 0.0002401263733 -9.73117122e-06)
(1.500089567 0.0004268965567 -2.042780912e-05)
(1.500202832 0.0006565287728 -3.882897257e-05)
(1.500397172 0.0009400066037 -6.971353908e-05)
(1.500716871 0.001275237953 -0.0001181244019)
(1.501218061 0.00163647089 -0.0001870366596)
(1.501950184 0.001954796798 -0.0002693490124)
(1.502921355 0.002114773329 -0.0003424053629)
(1.504036183 0.001965266909 -0.0003613768579)
(1.505066515 0.001415130467 -0.0002873468698)
(1.505709843 0.0005021714205 -0.0001258979114)
(1.505760824 -0.0004471713423 5.084416609e-05)
(1.505262362 -0.001303234078 0.0002053403369)
(1.504351276 -0.001885643221 0.0002985769027)
(1.50324349 -0.002102504665 0.0003157375094)
(1.502193811 -0.001957669551 0.0002516140549)
(1.501436984 -0.001602022954 0.0001492301572)
(1.501003456 -0.001251115973 7.535766288e-05)
(1.500744776 -0.0009722203875 3.598728305e-05)
(1.50056363 -0.0007457179286 1.022069539e-05)
(1.500441248 -0.0005594927283 -8.670374715e-06)
(1.500373048 -0.0004217721359 -1.928538129e-05)
(1.500335546 -0.0003241772641 -2.404155981e-05)
(1.500312452 -0.0002574585759 -2.60916662e-05)
(1.500296594 -0.0002100860862 -2.714446359e-05)
(1.50028681 -0.0001787904985 -2.733307896e-05)
(1.500280736 -0.0001576589401 -2.712878947e-05)
(1.500276935 -0.0001451611194 -2.654565554e-05)
(1.500274495 -0.0001382041843 -2.614752428e-05)
(1.50027252 -0.0001357070954 -2.577085769e-05)
(1.500275609 -0.0001362778426 -2.551306904e-05)
(1.500007399 6.752856447e-05 -2.117274082e-06)
(1.500040997 0.0002056694073 -6.765839419e-06)
(1.500124733 0.0003623918945 -1.383104372e-05)
(1.500270218 0.0005498806071 -2.54354657e-05)
(1.500497931 0.00077368906 -4.404593844e-05)
(1.500838565 0.001027980782 -7.196388853e-05)
(1.501325869 0.001288731821 -0.0001099333367)
(1.501981004 0.001503313113 -0.0001535552577)
(1.502790128 0.001591617265 -0.0001905610151)
(1.503666468 0.001459627246 -0.0001998170463)
(1.504459742 0.001046695531 -0.0001619796174)
(1.50495502 0.0003785031757 -7.65827159e-05)
(1.505007925 -0.000314049119 1.896326499e-05)
(1.504641418 -0.0009457724831 0.000104274872)
(1.503945646 -0.001383886719 0.0001576325445)
(1.503090868 -0.001564782215 0.000170925521)
(1.502235733 -0.001494039868 0.000143808994)
(1.501566408 -0.001262119642 9.483120586e-05)
(1.50111835 -0.001004720718 5.596180447e-05)
(1.500821018 -0.0007853228611 3.459594099e-05)
(1.500605381 -0.0006004205273 2.060671675e-05)
(1.500452246 -0.0004458481871 9.933006612e-06)
(1.500353794 -0.0003265556104 3.238722561e-06)
(1.500291447 -0.0002400025384 -3.628291334e-07)
(1.500249454 -0.0001777952552 -2.628403454e-06)
(1.500220216 -0.0001326859728 -4.439278088e-06)
(1.50020053 -0.0001003897657 -5.9466242e-06)
(1.500187284 -7.718732206e-05 -7.30618092e-06)
(1.500178737 -6.110099832e-05 -8.526299726e-06)
(1.500171634 -4.90145789e-05 -9.884318078e-06)
(1.500167907 -4.232452204e-05 -1.104290006e-05)
(1.500156478 -3.893675751e-05 -1.279492413e-05)
(1.500008921 5.147977485e-05 -1.486062413e-06)
(1.500049486 0.0001564811044 -4.713339168e-06)
(1.500149037 0.0002738570589 -9.399561215e-06)
(1.500315801 0.0004113166586 -1.674575558e-05)
(1.50056352 0.0005711965668 -2.801202452e-05)
(1.500912767 0.0007472478003 -4.419029206e-05)
(1.501382033 0.0009209368394 -6.528658051e-05)
(1.501976685 0.001055717882 -8.853679823e-05)
(1.502668344 0.001101781918 -0.0001077199881)
(1.503391604 0.0009994544147 -0.0001121724787)
(1.504021809 0.0007149789309 -9.22776718e-05)
(1.504412384 0.0002588135131 -4.666385192e-05)
(1.504462528 -0.0002072310187 4.76735445e-06)
(1.504185443 -0.0006376184328 5.206474583e-05)
(1.50363704 -0.0009400691405 8.244244864e-05)
(1.502946906 -0.001074340365 9.096000323e-05)
(1.502231337 -0.001046201319 7.762647292e-05)
(1.501628124 -0.000907224587 5.106570045e-05)
(1.50118146 -0.0007385454879 2.697960641e-05)
(1.500858227 -0.0005861267328 1.142647646e-05)
(1.50061885 -0.0004569004976 6.431985533e-07)
(1.500441667 -0.0003474248127 -7.592868617e-06)
(1.500321479 -0.000263323095 -1.28334778e-05)
(1.500238791 -0.0002009158611 -1.57079607e-05)
(1.500182998 -0.0001574407619 -1.722776544e-05)
(1.500142156 -0.0001252840221 -1.810526087e-05)
(1.500115504 -0.0001039850687 -1.840504341e-05)
(1.500095444 -8.867861217e-05 -1.861725965e-05)
(1.500083179 -7.985229994e-05 -1.864716867e-05)
(1.500072122 -7.367682385e-05 -1.837190553e-05)
(1.500066502 -7.114148932e-05 -1.808834645e-05)
(1.50005972 -7.090298919e-05 -1.766385333e-05)
(1.500009861 3.212847877e-05 -1.094192431e-06)
(1.500054739 9.753024341e-05 -3.448224539e-06)
(1.500163988 0.0001699163683 -6.726439835e-06)
(1.500343358 0.0002534651716 -1.164077403e-05)
(1.500601891 0.0003489472836 -1.885905716e-05)
(1.500953562 0.0004518147174 -2.880175705e-05)
(1.501407709 0.0005507493184 -4.123294027e-05)
(1.501961132 0.0006240852393 -5.442550588e-05)
(1.502578691 0.0006463818605 -6.488637375e-05)
(1.503206941 0.0005831822889 -6.720118966e-05)
(1.503747906 0.000414251028 -5.57588382e-05)
(1.504066772 0.0001510701959 -2.987598954e-05)
(1.504106098 -0.0001124258824 -1.376915236e-06)
(1.503885515 -0.0003645050967 2.640616403e-05)
(1.503430535 -0.0005423238005 4.476588581e-05)
(1.502839762 -0.000624445449 5.060132937e-05)
(1.502214819 -0.0006155147591 4.443558154e-05)
(1.501657474 -0.0005417509305 3.077367611e-05)
(1.501219025 -0.0004455151337 1.746852071e-05)
(1.500883886 -0.0003542036109 8.352388995e-06)
(1.5006311 -0.0002751465506 2.257373001e-06)
(1.500440196 -0.0002068594746 -2.25068107e-06)
(1.500307058 -0.0001534873284 -5.085354129e-06)
(1.500210923 -0.0001121164202 -6.704645657e-06)
(1.500146412 -8.290334931e-05 -7.593010112e-06)
(1.500097212 -5.992178383e-05 -8.188820999e-06)
(1.500066297 -4.445930635e-05 -8.596643823e-06)
(1.500041498 -3.070556673e-05 -8.991746627e-06)
(1.500026799 -2.291656171e-05 -9.190091796e-06)
(1.500012265 -1.644408102e-05 -9.462489073e-06)
(1.500005912 -1.260973965e-05 -9.620975804e-06)
(1.499991868 -1.043667675e-05 -1.006558834e-05)
(1.500010305 1.090991277e-05 -9.080534312e-07)
(1.500057228 3.309643567e-05 -2.849973521e-06)
(1.500171039 5.753100045e-05 -5.47941853e-06)
(1.500356214 8.552417207e-05 -9.298845558e-06)
(1.500619339 0.0001172422211 -1.473898232e-05)
(1.500971406 0.0001509978742 -2.200150906e-05)
(1.501416669 0.0001831787276 -3.082210497e-05)
(1.501951457 0.0002061167168 -3.985757499e-05)
(1.502527589 0.0002139943621 -4.696171675e-05)
(1.503134473 0.0001891487026 -4.785385694e-05)
(1.503599588 0.0001428242503 -4.152463928e-05)
(1.503939877 3.210893267e-05 -1.847948108e-05)
(1.503935056 -3.683388184e-05 -2.745275074e-06)
(1.503735567 -0.000118042492 1.632547713e-05)
(1.503326055 -0.0001762856523 2.950811307e-05)
(1.502782766 -0.0002036682718 3.40233775e-05)
(1.502201595 -0.0002020559804 3.037523169e-05)
(1.50166636 -0.0001794827299 2.133055094e-05)
(1.501233658 -0.0001490792901 1.165530934e-05)
(1.500893017 -0.000119744988 4.142070174e-06)
(1.500633173 -9.448112891e-05 -1.268864105e-06)
(1.50043536 -7.300346187e-05 -5.372143355e-06)
(1.500295263 -5.660338451e-05 -8.146413262e-06)
(1.500192096 -4.433714692e-05 -9.909694724e-06)
(1.500122867 -3.623095744e-05 -1.096795498e-05)
(1.500069246 -3.042205321e-05 -1.171167803e-05)
(1.500035804 -2.716169779e-05 -1.227903802e-05)
(1.500007891 -2.48464187e-05 -1.23404566e-05)
(1.499992797 -2.398866613e-05 -1.226554619e-05)
(1.499977188 -2.393779698e-05 -1.220719528e-05)
(1.49997008 -2.436780493e-05 -1.215531628e-05)
(1.499956966 -2.505075708e-05 -1.213585061e-05)
(1.500010207 -1.096249742e-05 -1.292346798e-06)
(1.500056688 -3.327219719e-05 -4.062680003e-06)
(1.500169468 -5.793726735e-05 -7.844974485e-06)
(1.50035308 -8.636284478e-05 -1.338137389e-05)
(1.50061426 -0.0001188257934 -2.131428777e-05)
(1.500964275 -0.0001537328803 -3.195901947e-05)
(1.501407969 -0.0001875317122 -4.493561507e-05)
(1.50194231 -0.0002123498 -5.827205454e-05)
(1.502520421 -0.0002218266156 -6.869771039e-05)
(1.503130146 -0.0001976371545 -6.981320171e-05)
(1.503601508 -0.0001499836782 -5.976102338e-05)
(1.503943822 -3.585406698e-05 -2.42376094e-05)
(1.503940878 3.6562632e-05 1.120394151e-07)
(1.503738145 0.0001208250687 2.958091783e-05)
(1.50332282 0.0001807001135 5.03421161e-05)
(1.502773998 0.0002080220742 5.801730416e-05)
(1.502188268 0.0002047421859 5.325047688e-05)
(1.501652401 0.0001796384926 4.018710293e-05)
(1.501222336 0.0001473286489 2.611683936e-05)
(1.500886039 0.0001172237056 1.533397212e-05)
(1.50062942 9.169558473e-05 7.609723388e-06)
(1.500434076 7.006775638e-05 1.707600803e-06)
(1.500295864 5.370468733e-05 -2.280253723e-06)
(1.500194463 4.164012667e-05 -4.85295162e-06)
(1.500126302 3.384204961e-05 -6.410486644e-06)
(1.500073556 2.820470429e-05 -7.644033217e-06)
(1.500040997 2.431227652e-05 -8.102217228e-06)
(1.500013875 2.226351598e-05 -8.169599012e-06)
(1.499999016 2.113967346e-05 -8.182458869e-06)
(1.499983624 2.032451155e-05 -8.229449416e-06)
(1.499976804 1.981220616e-05 -8.249020132e-06)
(1.49996369 1.932639889e-05 -8.25756492e-06)
(1.500009741 -3.229212446e-05 -1.570603474e-06)
(1.500054079 -9.807917627e-05 -4.95728022e-06)
(1.500162054 -0.0001711969041 -9.712053349e-06)
(1.50033945 -0.0002561375745 -1.68934238e-05)
(1.50059546 -0.000354047845 -2.751026667e-05)
(1.500944398 -0.0004607459783 -4.221906396e-05)
(1.501396404 -0.0005650689812 -6.072473722e-05)
(1.50194937 -0.0006447813097 -8.048909135e-05)
(1.502569818 -0.0006727164995 -9.625587688e-05)
(1.503203569 -0.0006117036158 -9.972352027e-05)
(1.503752192 -0.0004382187225 -8.189139639e-05)
(1.504076617 -0.0001645932527 -4.208788955e-05)
(1.504117456 0.0001120060645 1.944556312e-06)
(1.503891982 0.000374573894 4.490016326e-05)
(1.50342878 0.0005581713376 7.371168109e-05)
(1.502829956 0.0006403200158 8.348122346e-05)
(1.502198191 0.0006254931119 7.483570297e-05)
(1.501640279 0.0005425722041 5.46192514e-05)
(1.501205306 0.00043889017 3.501338379e-05)
(1.500876414 0.0003441184562 2.199097347e-05)
(1.500627244 0.0002629302648 1.330089272e-05)
(1.50043907 0.0001929896963 6.813926573e-06)
(1.500307962 0.0001385042518 2.774370325e-06)
(1.500213924 9.669586235e-05 4.680403502e-07)
(1.500150337 6.75611423e-05 -8.865681904e-07)
(1.50010261 4.35845519e-05 -1.758034989e-06)
(1.5000717 2.863883522e-05 -2.418346779e-06)
(1.500046829 1.685792448e-05 -2.945157961e-06)
(1.500032323 1.002347473e-05 -3.353504222e-06)
(1.500017636 5.719982414e-06 -3.833840581e-06)
(1.50001088 3.839616702e-06 -4.137311038e-06)
(1.499998774 3.163688616e-06 -4.497143401e-06)
(1.500008753 -5.176991108e-05 -2.157113621e-06)
(1.500048559 -0.0001574611721 -6.851481396e-06)
(1.500146287 -0.000276186473 -1.372088762e-05)
(1.500310134 -0.0004162790814 -2.456575541e-05)
(1.500553959 -0.0005808796288 -4.131211483e-05)
(1.500898786 -0.0007645946136 -6.552926409e-05)
(1.501364458 -0.0009493889544 -9.73915187e-05)
(1.501958427 -0.00109767388 -0.0001328642309)
(1.502655591 -0.00115587995 -0.0001626172426)
(1.503389703 -0.001057914789 -0.0001699145322)
(1.504033865 -0.0007640877537 -0.0001390763475)
(1.504435715 -0.0002849066456 -6.881236659e-05)
(1.5044873 0.0002089131396 1.081739983e-05)
(1.504201483 0.0006617622764 8.406029442e-05)
(1.503638948 0.0009765740415 0.0001316085264)
(1.502934094 0.001111106302 0.0001454769808)
(1.502207034 0.001071113702 0.0001252418488)
(1.501600995 0.0009137661281 8.411623827e-05)
(1.501161415 0.000732102361 4.743151033e-05)
(1.500846886 0.0005742001297 2.445565036e-05)
(1.500613258 0.0004426045447 8.693048283e-06)
(1.50043846 0.0003304592376 -3.656838006e-06)
(1.500321646 0.000245684573 -1.149556996e-05)
(1.500240931 0.0001825289261 -1.577702719e-05)
(1.500187435 0.0001390109888 -1.803039806e-05)
(1.500147402 0.0001050979681 -1.921735667e-05)
(1.500122361 8.244107842e-05 -1.976356919e-05)
(1.500103016 6.370760201e-05 -1.98005991e-05)
(1.500092175 5.263128892e-05 -1.956950336e-05)
(1.500081824 4.197905802e-05 -1.917161906e-05)
(1.500077588 3.607616361e-05 -1.877256319e-05)
(1.50006701 3.045288179e-05 -1.858146733e-05)
(1.500007148 -6.79632261e-05 -3.103292811e-06)
(1.500039603 -0.0002071492319 -9.930806842e-06)
(1.500120535 -0.0003660137082 -2.038238436e-05)
(1.500261357 -0.000557834532 -3.766682174e-05)
(1.500482523 -0.000789716976 -6.559862999e-05)
(1.500815324 -0.001057629405 -0.0001078573468)
(1.501295804 -0.001338997416 -0.0001660165058)
(1.501949728 -0.00157941161 -0.0002337764559)
(1.502768771 -0.0016922764 -0.0002926920635)
(1.503670589 -0.001567365674 -0.000308751895)
(1.504488469 -0.001136503046 -0.0002497567637)
(1.505004965 -0.0004223514992 -0.0001175204069)
(1.505059338 0.0003234336203 3.129271341e-05)
(1.504676341 0.0009980353308 0.0001642114347)
(1.503955394 0.001459402227 0.0002482785494)
(1.503070662 0.00163936933 0.0002699303395)
(1.502197929 0.001542619527 0.0002279498385)
(1.50152471 0.001273156016 0.0001510968126)
(1.501089786 0.0009909091144 9.146799524e-05)
(1.500807498 0.0007621763259 6.001756372e-05)
(1.500599094 0.0005714423263 3.971880886e-05)
(1.500449472 0.0004113103298 2.4074253e-05)
(1.500354544 0.0002899205877 1.46934346e-05)
(1.500294281 0.0002037502063 9.277805684e-06)
(1.50025282 0.0001440974535 5.568470395e-06)
(1.500223356 0.0001029122828 2.542835174e-06)
(1.500202429 7.495180578e-05 3.147031718e-08)
(1.500189072 5.842743529e-05 -1.943786016e-06)
(1.500178201 4.839586522e-05 -3.74153997e-06)
(1.500172076 4.474765603e-05 -5.168227285e-06)
(1.500165392 4.505517323e-05 -6.422679907e-06)
(1.500164369 4.750639091e-05 -7.259800124e-06)
(1.50000483 -7.922126467e-05 -4.46119109e-06)
(1.50002668 -0.0002421389202 -1.43972987e-05)
(1.500083018 -0.0004320160695 -3.033846099e-05)
(1.500188632 -0.0006682376451 -5.794895169e-05)
(1.500371648 -0.000964619057 -0.0001047227153)
(1.500676914 -0.001322662883 -0.000178815696)
(1.501164666 -0.00172036277 -0.0002859801118)
(1.501893306 -0.002086205197 -0.0004162152564)
(1.50288353 -0.002294037481 -0.0005359554586)
(1.504049431 -0.002157250235 -0.0005696616214)
(1.505128837 -0.001570204572 -0.0004531765631)
(1.505810229 -0.0005701681627 -0.0002003269561)
(1.505861855 0.0004759561329 7.764633853e-05)
(1.50533211 0.001410705381 0.0003204590227)
(1.504373021 0.002037431665 0.0004686753711)
(1.50320766 0.002254431062 0.0004928188699)
(1.502123827 0.002062635694 0.0003863365845)
(1.501362716 0.001641391389 0.0002200705523)
(1.500955489 0.001251965397 0.0001050057793)
(1.50072122 0.0009611639763 4.631759084e-05)
(1.500550731 0.0007267023187 7.571660381e-06)
(1.500434639 0.0005310234499 -2.159170695e-05)
(1.500373613 0.0003855587001 -3.691397296e-05)
(1.500342209 0.0002797101833 -4.438648375e-05)
(1.500323299 0.0002028833618 -4.528834559e-05)
(1.500310715 0.0001439478652 -4.495036722e-05)
(1.500303591 0.0001004656182 -4.379820767e-05)
(1.500299735 6.684999756e-05 -4.248149751e-05)
(1.500298152 4.264822412e-05 -4.11404982e-05)
(1.500296273 2.144963826e-05 -4.030022994e-05)
(1.500296897 7.179485255e-06 -4.006724365e-05)
(1.500284349 -1.289142935e-06 -4.018522915e-05)
(1.500001038 -8.365984718e-05 -6.247242581e-06)
(1.500009404 -0.0002568068802 -2.033236508e-05)
(1.500032826 -0.0004637609317 -4.407286116e-05)
(1.500088714 -0.0007305398222 -8.717568192e-05)
(1.500212489 -0.001080720404 -0.0001639056418)
(1.500464289 -0.001527034744 -0.0002914914083)
(1.500938423 -0.002057178784 -0.0004864468068)
(1.501744763 -0.002586080789 -0.0007341890316)
(1.502963732 -0.002945210759 -0.0009766256579)
(1.504510552 -0.002826816921 -0.001044294768)
(1.50598007 -0.002055649647 -0.0008125535865)
(1.506884975 -0.0007217399875 -0.0003320627139)
(1.506922183 0.0006685176623 0.0001778245358)
(1.506183827 0.001899803188 0.0006219701916)
(1.504887555 0.002704048113 0.0008961508992)
(1.503332053 0.0029313795 0.0009402265704)
(1.501955162 0.002574279675 0.0007274061868)
(1.501114082 0.001940500834 0.0004253072219)
(1.500781451 0.001421499526 0.0002449776702)
(1.500625167 0.001054010549 0.0001630833902)
(1.500507302 0.0007645398376 0.0001084454897)
(1.500433229 0.0005374792366 6.521847136e-05)
(1.50040658 0.0003842765473 3.861502747e-05)
(1.500400003 0.0002863597735 2.19066079e-05)
(1.500396833 0.0002258154849 9.531442486e-06)
(1.50039458 0.0001857410881 -1.540065355e-06)
(1.500394498 0.0001633399583 -8.918499025e-06)
(1.50039584 0.0001502378258 -1.608078271e-05)
(1.500396915 0.0001469560074 -2.101630594e-05)
(1.500399407 0.0001490038667 -2.59987906e-05)
(1.50039886 0.0001535192716 -2.913616402e-05)
(1.500417276 0.0001590303821 -3.349214295e-05)
(1.499998406 -7.971353059e-05 -8.378288039e-06)
(1.499988829 -0.0002457801517 -2.75265377e-05)
(1.499971386 -0.0004499621971 -6.143540979e-05)
(1.499962687 -0.0007239112398 -0.0001260243724)
(1.500002123 -0.001102700102 -0.0002472624615)
(1.500163448 -0.001616436052 -0.0004595095921)
(1.500585023 -0.002276248776 -0.0008039064467)
(1.501450823 -0.002993053555 -0.001263427035)
(1.502957137 -0.003564131726 -0.001747024481)
(1.505033955 -0.003496613857 -0.001876595243)
(1.507056055 -0.002525272637 -0.001416688804)
(1.508250862 -0.0008612872443 -0.0005293612704)
(1.508259147 0.0008607344144 0.0003759143533)
(1.507235052 0.002390507673 0.001148956839)
(1.505465338 0.003371190039 0.001606893372)
(1.503380958 0.003580292771 0.001622559703)
(1.501593878 0.002990632803 0.001136929486)
(1.500694107 0.002140649055 0.0005535630791)
(1.500487192 0.001547189484 0.0002460402915)
(1.500440466 0.001146739203 0.0001087680471)
(1.500404243 0.0008107696118 1.874986687e-05)
(1.500404064 0.000539391123 -3.663095557e-05)
(1.500439948 0.0003442808442 -6.184055534e-05)
(1.500479555 0.0002056442952 -5.985490963e-05)
(1.5005102 0.0001082282564 -5.614866833e-05)
(1.500530449 3.556155193e-05 -5.248130657e-05)
(1.500543506 -1.633571872e-05 -4.96986834e-05)
(1.500553339 -5.516155086e-05 -4.697087703e-05)
(1.500561304 -8.550707431e-05 -4.513720941e-05)
(1.500565464 -0.0001056951519 -4.452251256e-05)
(1.500571987 -0.0001182317425 -4.45908736e-05)
(1.500550866 -0.0001237315761 -4.637336215e-05)
(1.499993971 -6.641372016e-05 -1.057124232e-05)
(1.499966645 -0.0002055491989 -3.516738086e-05)
(1.499904997 -0.0003815491127 -8.081105969e-05)
(1.499821477 -0.0006274998357 -0.0001719604183)
(1.499753458 -0.000987087167 -0.0003528756277)
(1.4997804 -0.001509624669 -0.0006880522576)
(1.500092097 -0.002246413157 -0.001269112592)
(1.500969162 -0.003131795751 -0.00208368335)
(1.50281653 -0.003963306184 -0.003012149601)
(1.505591911 -0.003976144915 -0.003230594763)
(1.508330346 -0.002787610699 -0.002348255888)
(1.50985107 -0.0008546335512 -0.0008148982335)
(1.509824569 0.001129271058 0.0007441418362)
(1.508459433 0.002904165198 0.002103873089)
(1.50608482 0.004040802375 0.002914766072)
(1.503337614 0.004199994094 0.002912124442)
(1.501062499 0.003235831021 0.001969245102)
(1.500216737 0.002095241914 0.001025333031)
(1.500197056 0.001425414404 0.0005959989799)
(1.500255572 0.001049300116 0.0004051461447)
(1.500274334 0.0007719314326 0.0002501622316)
(1.500321084 0.0005757982609 0.0001288474206)
(1.500395757 0.0004614337914 5.526873904e-05)
(1.50046562 0.0003920244901 5.503006119e-06)
(1.500514307 0.0003491180233 -3.265002915e-05)
(1.500550155 0.0003245541196 -5.983586274e-05)
(1.500577512 0.0003117049381 -8.091181891e-05)
(1.500598343 0.0003053691167 -9.930256168e-05)
(1.500612701 0.0003036587942 -0.0001138725946)
(1.500627565 0.0003050727009 -0.000126832273)
(1.500633851 0.0003078883219 -0.0001363446597)
(1.500670985 0.0003148769743 -0.0001457944418)
(1.49999048 -4.415390271e-05 -1.244899491e-05)
(1.499947328 -0.0001371036581 -4.179360998e-05)
(1.499845875 -0.0002574035929 -9.839230071e-05)
(1.499690604 -0.0004313871895 -0.0002160887868)
(1.499508813 -0.0006985919295 -0.0004628077527)
(1.499368191 -0.001113599403 -0.0009473090895)
(1.499499774 -0.001757830974 -0.001857095417)
(1.500287836 -0.002635990183 -0.003218332645)
(1.502500383 -0.003664502 -0.004917384302)
(1.506156459 -0.003913145235 -0.005209528757)
(1.509791086 -0.002817801359 -0.003523941405)
(1.511618371 -0.001022305108 -0.001045533262)
(1.51153396 0.0008665922247 0.001420726513)
(1.50979311 0.002624481567 0.003613730069)
(1.506687272 0.003852002985 0.004939689102)
(1.503075623 0.004176059091 0.004825371804)
(1.500119746 0.003151466792 0.002857260861)
(1.499497271 0.001923388528 0.001319667561)
(1.499809032 0.00116598978 0.0007320900996)
(1.500090246 0.0006637623658 0.0004851829226)
(1.500231128 0.0003193497974 0.0003406072605)
(1.500367889 8.07137009e-05 0.000271210025)
(1.500499423 -5.689883743e-05 0.0002541435955)
(1.500602274 -0.0001460015196 0.0002572132422)
(1.50066253 -0.0001980103238 0.0002591883084)
(1.500704262 -0.0002364415872 0.00026062608)
(1.500732316 -0.0002584405343 0.0002607058801)
(1.500757951 -0.000270064068 0.0002590442585)
(1.50077281 -0.000276056113 0.0002563078724)
(1.500781706 -0.0002786099703 0.0002529470103)
(1.500784497 -0.0002785986102 0.0002490245776)
(1.500759325 -0.0002776758965 0.0002430236148)
(1.499988449 -1.498663409e-05 -1.355920021e-05)
(1.499936027 -4.753028775e-05 -4.572689377e-05)
(1.499810533 -8.992752778e-05 -0.0001090360545)
(1.499609683 -0.0001524780342 -0.0002440472746)
(1.499348877 -0.0002512658189 -0.0005364136807)
(1.499073925 -0.0004115076398 -0.001137698761)
(1.499015613 -0.0006751730998 -0.002339887094)
(1.499581835 -0.001068539231 -0.004305757838)
(1.501946268 -0.001595692412 -0.007136219025)
(1.506351344 -0.001799931421 -0.007762587475)
(1.510823394 -0.001364186622 -0.005291336471)
(1.512997466 -0.0005838695976 -0.001737983042)
(1.512941623 0.0002534684577 0.001733441312)
(1.511007386 0.00107376894 0.004945702115)
(1.507426794 0.00170967213 0.007157968172)
(1.50307657 0.001989152973 0.007435546616)
(1.499372935 0.001642989192 0.004524473156)
(1.498761674 0.001122087256 0.00228915574)
(1.499244106 0.0008313698475 0.001563082535)
(1.499679143 0.0006023738227 0.001050898219)
(1.499930966 0.0004322463669 0.0006346330253)
(1.500149223 0.0003222856986 0.0003796215918)
(1.500347428 0.000257509577 0.0002344017943)
(1.500488974 0.0002192801802 0.0001361602591)
(1.500574303 0.0001983690319 6.947202437e-05)
(1.500637861 0.0001868777378 1.764288357e-05)
(1.500680695 0.0001821121586 -1.856291337e-05)
(1.500715875 0.0001810198979 -5.022208477e-05)
(1.500736163 0.0001822477173 -7.133416835e-05)
(1.500758 0.0001850477481 -9.36953757e-05)
(1.500766932 0.0001872987473 -0.0001067172671)
(1.500804231 0.000191547828 -0.0001260889493)
(1.499988466 1.569840608e-05 -1.356961963e-05)
(1.499936125 4.974136243e-05 -4.576027882e-05)
(1.499810839 9.396516444e-05 -0.0001090753905)
(1.499610482 0.0001589980607 -0.0002440988243)
(1.499350542 0.0002617248445 -0.0005361370587)
(1.499077927 0.0004282108525 -0.001136883244)
(1.499023286 0.0007041106799 -0.002334016173)
(1.499599715 0.001115742726 -0.004292376431)
(1.501970462 0.001679461862 -0.007081734064)
(1.506365073 0.001909222765 -0.007691508432)
(1.510823206 0.001479530345 -0.005230515443)
(1.512995897 0.0007027222362 -0.001686252823)
(1.512943096 -0.0001267798356 0.001773647241)
(1.51101719 -0.000931321734 0.004979753325)
(1.507451993 -0.001534687425 0.007203356026)
(1.503134905 -0.001757753614 0.007538905443)
(1.499441562 -0.00130311836 0.004726296293)
(1.498872316 -0.0006580261322 0.00265004006)
(1.499356741 -0.0003058980093 0.002084871427)
(1.499802331 -1.79152581e-05 0.001701797445)
(1.500049311 0.000179206815 0.001395034133)
(1.500259141 0.0003364268068 0.001209705867)
(1.500459115 0.0004203691196 0.001102171624)
(1.50059428 0.0004651657151 0.001025629887)
(1.50067466 0.0004913159851 0.0009680686746)
(1.500731016 0.0005052898418 0.0009234472959)
(1.500770008 0.0005105815333 0.000887850268)
(1.500796939 0.0005105197656 0.0008579911747)
(1.50081328 0.0005070628871 0.0008322788289)
(1.500828301 0.0005008717272 0.0008096302081)
(1.500831145 0.0004928779981 0.0007904942431)
(1.500802622 0.0004832471218 0.000774253587)
(1.499990526 4.481974473e-05 -1.247935046e-05)
(1.499947591 0.0001391415176 -4.188575212e-05)
(1.499846711 0.0002610455306 -9.852617782e-05)
(1.499692635 0.0004371029719 -0.0002162067126)
(1.499512989 0.0007071191083 -0.000462429002)
(1.499376667 0.001126138621 -0.0009454952288)
(1.49951421 0.001775311676 -0.001849175195)
(1.500311555 0.002659233732 -0.003200423907)
(1.502523582 0.003687728173 -0.004870763157)
(1.506166997 0.003934828626 -0.005159784386)
(1.509791517 0.00284826777 -0.003481327662)
(1.511627532 0.001060298133 -0.0009930654121)
(1.511549533 -0.0008166118579 0.001478315719)
(1.50981965 -0.002563656232 0.003677989624)
(1.506732741 -0.003779790113 0.005021087725)
(1.50314091 -0.004098997997 0.004949529373)
(1.50017359 -0.003080888255 0.003022839353)
(1.499533959 -0.001898848859 0.001541711708)
(1.499802873 -0.001185570805 0.0009258759801)
(1.500039682 -0.0007544312446 0.000603399508)
(1.500162704 -0.0004594029151 0.0003752721008)
(1.500284379 -0.0002764121672 0.0002537846894)
(1.500407847 -0.0001830106143 0.0002128663772)
(1.500506568 -0.0001371239884 0.000203386141)
(1.500568115 -0.0001190024806 0.000207837458)
(1.500610654 -0.0001158138523 0.000220339003)
(1.500643167 -0.0001213403222 0.0002370890957)
(1.500669953 -0.0001323519537 0.0002562245594)
(1.500687303 -0.0001455207865 0.000275316582)
(1.500702332 -0.0001610149459 0.0002966201498)
(1.500707875 -0.0001727449411 0.0003121155326)
(1.500758196 -0.0001904858487 0.0003352704961)
(1.499994035 6.698801893e-05 -1.061835682e-05)
(1.499967004 0.0002072924044 -3.531172321e-05)
(1.499906118 0.0003845617795 -8.104124519e-05)
(1.499824055 0.0006319678314 -0.0001722268814)
(1.499758454 0.0009931116401 -0.0003528370391)
(1.499789434 0.001517167819 -0.0006869972149)
(1.500106222 0.002254227083 -0.001264402732)
(1.500989443 0.003138589437 -0.002072963369)
(1.502837637 0.003964136048 -0.002987045033)
(1.505607235 0.003977588468 -0.003199867095)
(1.508340819 0.002797791557 -0.002317260195)
(1.509864765 0.0008678731584 -0.0007806156266)
(1.509841664 -0.001113580579 0.000778776792)
(1.508484291 -0.002887576492 0.002139647335)
(1.506122086 -0.004027545888 0.002957009656)
(1.503384785 -0.004199724722 0.002972071327)
(1.501108794 -0.003250175669 0.002044688681)
(1.500257293 -0.002125238108 0.001122738814)
(1.500219571 -0.0014515103 0.0006953599728)
(1.50027346 -0.001043972176 0.0005053301454)
(1.500301921 -0.0007242402307 0.0003746199117)
(1.500358419 -0.0004853372246 0.0002952105997)
(1.500439198 -0.0003224505167 0.0002544991341)
(1.500510641 -0.0002086617658 0.00023437724)
(1.50056129 -0.0001255209158 0.0002187585011)
(1.500595951 -6.369899842e-05 0.0002044503839)
(1.500627134 -1.830556446e-05 0.0001936927841)
(1.500646472 2.162398768e-05 0.0001832994226)
(1.500660287 5.198829566e-05 0.000171513677)
(1.500669516 7.6140788e-05 0.0001593272157)
(1.500677734 9.350689955e-05 0.0001490568646)
(1.500668196 0.0001067691545 0.0001350674759)
(1.499998448 8.018261443e-05 -8.436697006e-06)
(1.499989282 0.000247177533 -2.771117019e-05)
(1.499972575 0.0004523023082 -6.175121825e-05)
(1.499965299 0.0007271662162 -0.0001264591108)
(1.500006926 0.001106653327 -0.0002476561901)
(1.500171515 0.001620587319 -0.000459487086)
(1.500597036 0.002279196537 -0.0008022142885)
(1.501467036 0.002993447451 -0.001258703686)
(1.502974559 0.003559200387 -0.001735894104)
(1.505048472 0.003489169609 -0.001861833946)
(1.507066479 0.002519943643 -0.00140258439)
(1.508263408 0.0008546743003 -0.0005148421348)
(1.508275299 -0.0008671261215 0.0003907094533)
(1.507257551 -0.002397539077 0.001165326873)
(1.505496587 -0.00338233058 0.001627099559)
(1.503419137 -0.003601893168 0.001651444652)
(1.50163343 -0.003022547974 0.001172778198)
(1.500729789 -0.002185780755 0.0006052118886)
(1.500508028 -0.001600363305 0.0003058013792)
(1.50044619 -0.001199986946 0.0001648088654)
(1.500400021 -0.0008758399186 6.990820638e-05)
(1.500391145 -0.0006248009181 -4.949693718e-06)
(1.500417551 -0.000453592486 -3.728369336e-05)
(1.500449553 -0.0003396066091 -4.615923143e-05)
(1.500472172 -0.0002653454939 -4.86015494e-05)
(1.500488634 -0.0002152318694 -4.712705084e-05)
(1.500500377 -0.0001855589777 -4.213809131e-05)
(1.500510168 -0.0001672074273 -3.442556756e-05)
(1.500516109 -0.0001593011923 -2.648294413e-05)
(1.500522781 -0.0001565582494 -1.457741987e-05)
(1.50052332 -0.0001575559219 -5.680330936e-06)
(1.500547305 -0.0001641968274 8.876604053e-06)
(1.500001263 8.402008381e-05 -6.318819526e-06)
(1.500009729 0.0002578776875 -2.054383714e-05)
(1.50003393 0.0004655009853 -4.444327269e-05)
(1.500091076 0.0007328210907 -8.772710968e-05)
(1.500216699 0.001083235921 -0.0001645957602)
(1.500471014 0.001529217059 -0.0002921716395)
(1.500948056 0.002057903749 -0.0004865967836)
(1.501757181 0.002584187716 -0.0007331997819)
(1.502977348 0.002939088491 -0.0009732837288)
(1.504522891 0.002817841795 -0.001039433652)
(1.505991223 0.002046328415 -0.0008078124325)
(1.5068973 0.0007124209294 -0.0003278075636)
(1.506937366 -0.0006782681407 0.0001820110654)
(1.506203245 -0.001911471247 0.0006260654793)
(1.50491222 -0.002720389847 0.0009014242836)
(1.503360899 -0.002956733274 0.0009481045196)
(1.501984206 -0.002609577633 0.0007370319844)
(1.501138833 -0.001989330037 0.0004405015434)
(1.500795426 -0.001480332385 0.0002606124424)
(1.500628378 -0.001112214796 0.0001728842981)
(1.500508123 -0.0008209305236 0.000114758794)
(1.500435399 -0.0005856082767 7.294206959e-05)
(1.500411147 -0.0004232388809 5.148461406e-05)
(1.500406673 -0.0003073686008 4.165241566e-05)
(1.500405982 -0.0002296771513 3.653975385e-05)
(1.500406381 -0.0001692600651 3.276265853e-05)
(1.500407961 -0.0001299049823 2.997402903e-05)
(1.500410517 -9.696141702e-05 2.746590317e-05)
(1.500412729 -7.607830967e-05 2.486372623e-05)
(1.500414568 -5.667092225e-05 2.189607694e-05)
(1.5004163 -4.592159172e-05 1.926486299e-05)
(1.50041297 -3.305546848e-05 1.636235463e-05)
(1.500004889 7.948568517e-05 -4.535045115e-06)
(1.500027011 0.0002429325471 -1.462126426e-05)
(1.500084012 0.0004332625271 -3.073773981e-05)
(1.500190703 0.0006697926346 -5.856044416e-05)
(1.500375216 0.0009661872004 -0.0001055642773)
(1.500682395 0.001323755656 -0.0001798622403)
(1.501172272 0.001720182247 -0.0002870642759)
(1.501902876 0.002083920888 -0.0004171108299)
(1.502894205 0.002288849032 -0.0005362514048)
(1.504059948 0.002149706777 -0.0005695718204)
(1.505139049 0.001561744042 -0.000453400153)
(1.505821283 0.0005612002908 -0.0002013583496)
(1.505874986 -0.0004862969099 7.607370983e-05)
(1.505348115 -0.001423429334 0.0003183398885)
(1.504392351 -0.002054188547 0.0004664701071)
(1.503229393 -0.002277717721 0.0004909470643)
(1.502145562 -0.002093334814 0.0003845281017)
(1.501381817 -0.001681006915 0.0002200435223)
(1.500968196 -0.001296638775 0.0001052109963)
(1.500727379 -0.001004541964 4.527368195e-05)
(1.500553558 -0.0007672102385 6.023739499e-06)
(1.500435659 -0.0005711669327 -2.248957781e-05)
(1.50037207 -0.0004278081922 -3.88907004e-05)
(1.50033725 -0.000325470233 -4.644435485e-05)
(1.500315425 -0.0002548676509 -4.998938299e-05)
(1.500300037 -0.0002029628967 -5.151376453e-05)
(1.50029072 -0.0001684937208 -5.16990868e-05)
(1.500284738 -0.0001434989224 -5.06936204e-05)
(1.500281099 -0.0001286907186 -4.861150371e-05)
(1.50027829 -0.0001183183532 -4.568460189e-05)
(1.500275922 -0.0001143070076 -4.370883463e-05)
(1.500279583 -0.0001122041624 -3.927795027e-05)
(1.5000072 6.81523534e-05 -3.177807046e-06)
(1.500039895 0.0002077072611 -1.015852678e-05)
(1.500121403 0.000366873046 -2.078876906e-05)
(1.500263135 0.0005588619173 -3.829340605e-05)
(1.500485519 0.0007906754364 -6.648862676e-05)
(1.500819804 0.001058152795 -0.0001090415675)
(1.501301887 0.001338560937 -0.0001674744759)
(1.501957292 0.001577474806 -0.0002354543817)
(1.50277732 0.001688420514 -0.0002944800654)
(1.503679505 0.001561735592 -0.0003107260205)
(1.504497435 0.001129922372 -0.0002522281965)
(1.50501482 0.0004149558365 -0.0001207864888)
(1.505070755 -0.0003320451739 2.735927337e-05)
(1.50468977 -0.001008558568 0.0001595511135)
(1.503970874 -0.001472948558 0.00024293451)
(1.503087418 -0.001657375014 0.0002639986694)
(1.502214753 -0.001565947919 0.0002214058399)
(1.501538877 -0.001302045619 0.0001444589201)
(1.501100307 -0.001024213796 8.455669686e-05)
(1.500811859 -0.0007954024882 5.175227448e-05)
(1.500600867 -0.0006053492932 3.022470241e-05)
(1.500448769 -0.000444958025 1.37180194e-05)
(1.500353322 -0.0003244429862 3.764646861e-06)
(1.500291734 -0.0002361839649 -1.315606976e-06)
(1.500250821 -0.0001745773937 -4.450758934e-06)
(1.500221252 -0.0001285549865 -6.32448677e-06)
(1.50020195 -9.680548803e-05 -7.44336636e-06)
(1.500188204 -7.313372185e-05 -8.295906556e-06)
(1.500179468 -5.794758577e-05 -9.033365309e-06)
(1.500172689 -4.62061443e-05 -9.761628892e-06)
(1.500168634 -3.853443946e-05 -1.041810776e-05)
(1.500159253 -3.406803059e-05 -1.103632257e-05)
(1.500008799 5.189494042e-05 -2.230836979e-06)
(1.500048817 0.0001578277824 -7.07670608e-06)
(1.500147051 0.0002767423808 -1.412189652e-05)
(1.500311678 0.0004169229802 -2.518380597e-05)
(1.500556519 0.000581443687 -4.219761103e-05)
(1.500902545 0.0007648329319 -6.673298464e-05)
(1.50136949 0.0009489778443 -9.894842644e-05)
(1.501964654 0.001096281314 -0.000134792216)
(1.502662704 0.001153287718 -0.0001649163484)
(1.503397439 0.001054118401 -0.0001726290521)
(1.504041915 0.0007595227157 -0.0001423633658)
(1.504444621 0.000279637784 -7.284753529e-05)
(1.504497374 -0.000215108062 6.074687678e-06)
(1.504212946 -0.0006693799396 7.852527668e-05)
(1.503651694 -0.0009863287528 0.0001252304611)
(1.502947522 -0.001123756211 0.0001382855906)
(1.50222004 -0.00108718528 0.0001171791494)
(1.501612548 -0.0009335697446 7.542376593e-05)
(1.501169392 -0.000754257314 3.80651452e-05)
(1.500851547 -0.0005971259216 1.420624985e-05)
(1.500614993 -0.0004648507579 -2.274704677e-06)
(1.500439074 -0.0003524007318 -1.481635934e-05)
(1.50032091 -0.0002669090595 -2.268684235e-05)
(1.500239242 -0.0002033927127 -2.703420589e-05)
(1.500184338 -0.0001594099458 -2.938020006e-05)
(1.500143671 -0.0001263024304 -3.065932806e-05)
(1.500117429 -0.0001044747428 -3.126377773e-05)
(1.500097277 -8.811429929e-05 -3.162835708e-05)
(1.50008522 -7.878403848e-05 -3.166645222e-05)
(1.500074188 -7.150053446e-05 -3.112893036e-05)
(1.500068625 -6.845578787e-05 -3.058467813e-05)
(1.500061669 -6.665994501e-05 -2.955095447e-05)
(1.500009783 3.23630217e-05 -1.64306907e-06)
(1.500054313 9.828645412e-05 -5.17844119e-06)
(1.500162744 0.0001715079592 -1.010470214e-05)
(1.500340835 0.0002564902318 -1.749673036e-05)
(1.500597731 0.0003543433751 -2.837468907e-05)
(1.500947697 0.0004608444575 -4.340041281e-05)
(1.501400783 0.0005647963058 -6.227584098e-05)
(1.501954789 0.0006439580175 -8.245478558e-05)
(1.502576049 0.0006712449832 -9.867031065e-05)
(1.50321056 0.0006095223403 -0.0001026338567)
(1.503759543 0.0004355961555 -8.540446058e-05)
(1.504084881 0.000161417395 -4.632468428e-05)
(1.504126621 -0.0001157405537 -2.967606794e-06)
(1.503902165 -0.0003791570325 3.920956507e-05)
(1.503439856 -0.0005639837651 6.717844719e-05)
(1.502841243 -0.0006477284597 7.606063767e-05)
(1.50220942 -0.0006348640457 6.651112423e-05)
(1.501649517 -0.0005538179473 4.544932974e-05)
(1.501212448 -0.0004516098161 2.512476543e-05)
(1.500880515 -0.0003571610558 1.136379899e-05)
(1.500629056 -0.0002758575649 2.099711397e-06)
(1.500439424 -0.0002059668 -4.759202061e-06)
(1.500306777 -0.0001514652109 -9.110708667e-06)
(1.500211781 -0.0001098611318 -1.160111087e-05)
(1.500147127 -8.020352742e-05 -1.29461736e-05)
(1.500098444 -5.770329647e-05 -1.384921286e-05)
(1.500067779 -4.054433537e-05 -1.442144219e-05)
(1.500042681 -2.801477115e-05 -1.487299413e-05)
(1.500027986 -2.02853346e-05 -1.506412402e-05)
(1.500013504 -1.410615131e-05 -1.526835231e-05)
(1.500006984 -1.057180547e-05 -1.539541568e-05)
(1.499993295 -8.157428945e-06 -1.570484011e-05)
(1.500010247 1.09854398e-05 -1.363955244e-06)
(1.500056909 3.333918894e-05 -4.281095725e-06)
(1.50017012 5.80372764e-05 -8.231981368e-06)
(1.500354384 8.647501372e-05 -1.397461422e-05)
(1.500616389 0.0001189176814 -2.216299631e-05)
(1.500967352 0.0001537591426 -3.311982294e-05)
(1.501412037 0.0001874379437 -4.646452163e-05)
(1.50194735 0.0002120778336 -6.022583235e-05)
(1.502526228 0.0002213526612 -7.11048956e-05)
(1.503136798 0.0001969199936 -7.277523128e-05)
(1.503608476 0.0001491294199 -6.324826766e-05)
(1.503951792 3.482315777e-05 -2.865654298e-05)
(1.503949599 -3.781069723e-05 -4.811753114e-06)
(1.503747722 -0.0001223510185 2.392136416e-05)
(1.503333077 -0.0001826249465 4.385397142e-05)
(1.502784361 -0.0002104771288 5.064985016e-05)
(1.50219831 -0.0002078016665 4.497672847e-05)
(1.501660904 -0.0001833093409 3.104880931e-05)
(1.501228827 -0.0001514495202 1.623450498e-05)
(1.500889893 -0.0001214798109 4.782730877e-06)
(1.500631343 -9.596125988e-05 -3.461806714e-06)
(1.500434256 -7.430661412e-05 -9.718686781e-06)
(1.500294958 -5.789501586e-05 -1.392366878e-05)
(1.500192377 -4.568090797e-05 -1.662371651e-05)
(1.500123486 -3.763099323e-05 -1.820635826e-05)
(1.500070024 -3.192856824e-05 -1.948648937e-05)
(1.500036737 -2.835533608e-05 -2.019708471e-05)
(1.500009142 -2.596753665e-05 -2.025378468e-05)
(1.499994032 -2.510247024e-05 -2.017223001e-05)
(1.499978407 -2.486066991e-05 -2.010915452e-05)
(1.49997128 -2.506822042e-05 -2.004530379e-05)
(1.499958146 -2.55715564e-05 -1.995354704e-05)
(1.500010131 -1.106108198e-05 -1.521863567e-06)
(1.500056277 -3.358921959e-05 -4.785392324e-06)
(1.500168287 -5.85991858e-05 -9.246139807e-06)
(1.500350722 -8.760944105e-05 -1.578585761e-05)
(1.500610449 -0.0001210255866 -2.517423108e-05)
(1.500959022 -0.000157390572 -3.781358966e-05)
(1.501401936 -0.0001931954611 -5.328091796e-05)
(1.501936973 -0.0002203248854 -6.931153494e-05)
(1.502518583 -0.0002317827409 -8.193934019e-05)
(1.503133632 -0.0002081670409 -8.370391141e-05)
(1.503613129 -0.0001586975619 -7.174804713e-05)
(1.503960597 -3.932627536e-05 -2.948764475e-05)
(1.5039605 3.784542788e-05 -2.777472696e-07)
(1.503754597 0.0001265948725 3.495281504e-05)
(1.503332522 0.0001892447917 5.993418695e-05)
(1.502776494 0.0002172346098 6.922277201e-05)
(1.502184155 0.0002125057894 6.341036515e-05)
(1.501645421 0.000184799724 4.75259236e-05)
(1.501216101 0.0001505293646 3.051158883e-05)
(1.50088213 0.0001196469968 1.75688483e-05)
(1.500627099 9.378400834e-05 8.309822366e-06)
(1.500432642 7.191866168e-05 1.263909838e-06)
(1.500295437 5.553897356e-05 -3.467174082e-06)
(1.500194733 4.356518074e-05 -6.502434937e-06)
(1.500126977 3.605159481e-05 -8.387358379e-06)
(1.500074535 2.980236886e-05 -9.548915501e-06)
(1.500042287 2.630611458e-05 -9.966120185e-06)
(1.500015317 2.423801798e-05 -9.99908135e-06)
(1.500000409 2.30109726e-05 -9.931519974e-06)
(1.499984967 2.215652243e-05 -9.923634397e-06)
(1.499978154 2.159745221e-05 -9.89129213e-06)
(1.499965155 2.110110276e-05 -9.750267384e-06)
(1.50000964 -3.259854676e-05 -1.850621243e-06)
(1.500053528 -9.906752431e-05 -5.842777072e-06)
(1.500160443 -0.0001732809255 -1.14561821e-05)
(1.500336176 -0.0002601081928 -1.995056452e-05)
(1.500590042 -0.0003611578003 -3.25452563e-05)
(1.500936715 -0.0004727046389 -5.006308473e-05)
(1.501387262 -0.0005838088763 -7.224757006e-05)
(1.501940904 -0.0006715133112 -9.617390455e-05)
(1.502566204 -0.0007065232242 -0.0001156194182)
(1.503208346 -0.0006478280742 -0.0001204778128)
(1.5037679 -0.0004675665907 -9.9250566e-05)
(1.504101224 -0.0001787875883 -5.164707791e-05)
(1.504145098 0.0001162129362 1.552763981e-06)
(1.503914544 0.0003942222628 5.338611119e-05)
(1.503441642 0.0005874356477 8.838826756e-05)
(1.502832287 0.0006717957669 0.0001004213583)
(1.502191327 0.000651385537 8.995090665e-05)
(1.501629742 0.0005581202248 6.532312161e-05)
(1.501196992 0.000446206029 4.176214112e-05)
(1.500871951 0.0003471228348 2.635750544e-05)
(1.500624971 0.0002630813998 1.602370626e-05)
(1.500437702 0.0001906622114 8.245585535e-06)
(1.500307958 0.0001348879669 3.321464675e-06)
(1.500214647 9.236932164e-05 5.030653481e-07)
(1.5001516 6.31530742e-05 -1.278053897e-06)
(1.500104022 3.857103963e-05 -2.499117054e-06)
(1.500073175 2.392507964e-05 -3.415837823e-06)
(1.500048379 1.183835408e-05 -4.055232142e-06)
(1.500033871 5.248314998e-06 -4.519812537e-06)
(1.500019368 2.124495458e-07 -4.981082583e-06)
(1.500012513 -1.73705259e-06 -5.297860492e-06)
(1.500000562 -2.004265532e-06 -5.536768785e-06)
(1.500008595 -5.231309432e-05 -2.543935409e-06)
(1.500047688 -0.0001592243162 -8.082891961e-06)
(1.500143697 -0.0002799728941 -1.620616186e-05)
(1.500304736 -0.0004236606897 -2.906436153e-05)
(1.500544742 -0.0005944403885 -4.900238916e-05)
(1.50088521 -0.0007880288862 -7.800606658e-05)
(1.501347613 -0.0009871136325 -0.0001165329571)
(1.501941951 -0.001152859336 -0.0001600063196)
(1.502647569 -0.001226843804 -0.0001974103485)
(1.503397029 -0.001134195238 -0.0002078941037)
(1.504061313 -0.0008259653226 -0.0001706602986)
(1.504479541 -0.0003140028958 -8.558133278e-05)
(1.504534472 0.0002189644976 1.185883855e-05)
(1.50423888 0.0007047498519 0.0001013369756)
(1.503659069 0.00103980144 0.0001597108734)
(1.502935013 0.001178728809 0.0001767490211)
(1.502191645 0.001126695251 0.0001512309172)
(1.501579663 0.0009484445664 9.964646876e-05)
(1.501145183 0.0007520294226 5.454044346e-05)
(1.500838173 0.0005878757824 2.693607876e-05)
(1.500608031 0.0004522287187 8.140815038e-06)
(1.500434958 0.0003363691064 -6.340493366e-06)
(1.500320561 0.0002500112126 -1.518467071e-05)
(1.500241511 0.0001860750202 -1.957606848e-05)
(1.500188781 0.0001420669775 -2.151929909e-05)
(1.500149324 0.0001077912482 -2.242058116e-05)
(1.500124316 8.468173172e-05 -2.249388467e-05)
(1.50010544 6.604650164e-05 -2.196400138e-05)
(1.500094396 5.459892631e-05 -2.131830017e-05)
(1.50008428 4.417551927e-05 -2.02568488e-05)
(1.500079784 3.788578316e-05 -1.946159327e-05)
(1.500069476 3.241263542e-05 -1.845153738e-05)
(1.500006886 -6.877921849e-05 -3.663153518e-06)
(1.500038158 -0.0002098269569 -1.172781522e-05)
(1.50011616 -0.0003719172988 -2.41115199e-05)
(1.500252002 -0.0005697136107 -4.466763759e-05)
(1.500466005 -0.0008123468402 -7.808878495e-05)
(1.50079006 -0.001098206001 -0.0001290724414)
(1.501263 -0.001406914731 -0.0002002189682)
(1.501916485 -0.001681974153 -0.0002845656098)
(1.502749823 -0.001828618223 -0.0003605847166)
(1.503687612 -0.001712926736 -0.0003837940376)
(1.504540744 -0.001254532044 -0.0003119097017)
(1.505086958 -0.0004745351715 -0.0001495350891)
(1.505145252 0.0003464233189 3.519122158e-05)
(1.504742831 0.001083657524 0.0002009375072)
(1.503990286 0.001582181023 0.0003072353393)
(1.50306615 0.001765599144 0.000335489332)
(1.502168823 0.001637249358 0.0002831928709)
(1.501486917 0.001320664327 0.0001868326143)
(1.501065149 0.001009380864 0.0001137289104)
(1.500795863 0.0007686295573 7.541497746e-05)
(1.5005929 0.0005698789562 4.97503015e-05)
(1.500445693 0.000402640307 2.948518834e-05)
(1.500354259 0.000278923621 1.684072716e-05)
(1.500295571 0.0001916717162 9.73831008e-06)
(1.500255207 0.0001324607963 4.728071692e-06)
(1.500225707 9.071010306e-05 6.928594288e-07)
(1.500205558 6.337874639e-05 -2.375122856e-06)
(1.500191916 4.624863355e-05 -4.356379966e-06)
(1.50018172 3.666763731e-05 -5.93599258e-06)
(1.500175553 3.126081437e-05 -6.859654744e-06)
(1.50016858 3.128908138e-05 -7.228414175e-06)
(1.500167923 3.293961758e-05 -7.149048636e-06)
(1.500004398 -8.032886934e-05 -5.267442039e-06)
(1.500024286 -0.0002458305912 -1.703065819e-05)
(1.500075664 -0.0004404462796 -3.596439826e-05)
(1.500172466 -0.0006858954202 -6.89229007e-05)
(1.500342087 -0.000999823593 -0.0001252582803)
(1.50062975 -0.001388769455 -0.0002155409746)
(1.501100809 -0.001836560192 -0.0003486866184)
(1.501824999 -0.002269060782 -0.000514233307)
(1.502842686 -0.002546203275 -0.0006736996432)
(1.504078721 -0.002430086156 -0.0007241792751)
(1.5052397 -0.001776020921 -0.0005768756274)
(1.505966187 -0.000657785054 -0.0002606542467)
(1.506019811 0.0005285331326 8.976680575e-05)
(1.505451323 0.001578692842 0.0003965016581)
(1.504429078 0.002277050671 0.0005864509875)
(1.503185017 0.002501717395 0.0006155613019)
(1.502052684 0.002247414664 0.0004740383312)
(1.50128392 0.001739893804 0.0002601761539)
(1.500907333 0.001305444565 0.0001195913859)
(1.50069682 0.0009992573111 5.08706348e-05)
(1.500536809 0.0007552002439 6.204570544e-06)
(1.5004265 0.0005492515106 -2.556876553e-05)
(1.500372632 0.0004027344834 -4.016944573e-05)
(1.500344406 0.0002934705652 -4.388761119e-05)
(1.500327386 0.0002180301341 -4.323485324e-05)
(1.500315024 0.0001564744017 -4.0826654e-05)
(1.500308465 0.000114781624 -3.783153307e-05)
(1.500304379 7.884295054e-05 -3.39420827e-05)
(1.500302552 5.603937154e-05 -3.09229768e-05)
(1.50030018 3.402025273e-05 -2.788110698e-05)
(1.500300096 2.158770613e-05 -2.617346503e-05)
(1.500289476 7.355495538e-06 -2.430789886e-05)
(1.500000585 -8.505135385e-05 -7.352871389e-06)
(1.500005633 -0.0002614720502 -2.408039295e-05)
(1.50002082 -0.0004748384612 -5.238665999e-05)
(1.500061493 -0.0007548876245 -0.0001041006811)
(1.500160773 -0.001132014732 -0.000197334905)
(1.500377798 -0.001628800492 -0.0003549059493)
(1.500815843 -0.002246895968 -0.0006023266243)
(1.501606246 -0.002899548087 -0.0009259760779)
(1.50287695 -0.003398723508 -0.001262281598)
(1.504566127 -0.003318191323 -0.001366865702)
(1.506193546 -0.002413535526 -0.00106267759)
(1.507176903 -0.0008639496055 -0.0004457471853)
(1.507209946 0.0007816618889 0.0002220729435)
(1.506403627 0.002207400949 0.0008031392658)
(1.504983282 0.003127493725 0.001172841956)
(1.503290392 0.003346069126 0.001233846405)
(1.501819279 0.002850448065 0.0009406397454)
(1.500981143 0.002055458302 0.0005339711373)
(1.50071052 0.001464770989 0.0003020008494)
(1.500591979 0.001070763421 0.0001919281277)
(1.500489106 0.0007660870268 0.0001137574906)
(1.500424389 0.000528055425 5.225041821e-05)
(1.500405811 0.000375812901 1.656559518e-05)
(1.500403202 0.0002806481405 -4.031398849e-06)
(1.500401427 0.0002216451394 -1.686447651e-05)
(1.500399965 0.0001832491257 -2.619729287e-05)
(1.500400306 0.0001611837742 -3.111092575e-05)
(1.500401817 0.0001486695035 -3.263380815e-05)
(1.500402843 0.0001445580602 -3.203124183e-05)
(1.500404814 0.0001443658216 -3.032023702e-05)
(1.500403177 0.0001463125957 -2.819778632e-05)
(1.500424229 0.0001515630848 -2.375363075e-05)
(1.499997205 -8.125718153e-05 -9.91872066e-06)
(1.499982922 -0.0002510560781 -3.264908955e-05)
(1.499952694 -0.0004630723645 -7.319669815e-05)
(1.499918797 -0.0007543480116 -0.0001512132115)
(1.4999151 -0.001171155342 -0.0003003181561)
(1.500010045 -0.001761622211 -0.0005671781932)
(1.500356321 -0.002566942299 -0.001016918184)
(1.501176068 -0.003500717647 -0.00163996346)
(1.502778438 -0.004343329971 -0.002347011311)
(1.505144639 -0.004329545242 -0.002543878267)
(1.507449597 -0.003117693143 -0.001917935853)
(1.508781089 -0.001071545555 -0.0007465483499)
(1.508766998 0.001073454734 0.0004640614928)
(1.507616862 0.002947626493 0.001505625354)
(1.505578831 0.004140607002 0.002134891736)
(1.503269229 0.004322801012 0.002155603409)
(1.501299053 0.003462197841 0.001468859486)
(1.50044996 0.002368180392 0.0006810168861)
(1.500363872 0.001692177741 0.0003016476208)
(1.500381085 0.001267968948 0.0001428321016)
(1.500373102 0.0009121107477 4.241946781e-05)
(1.500394178 0.0006268484813 -1.222795721e-05)
(1.500444291 0.0004284586203 -2.605419044e-05)
(1.500489379 0.0002861460607 -1.964284534e-05)
(1.500520567 0.0001871785812 -9.837525655e-06)
(1.500540697 0.0001090412991 -3.572149203e-07)
(1.500552931 5.548244046e-05 8.016560403e-06)
(1.500562741 9.171399604e-06 1.483179573e-05)
(1.500568759 -2.06170607e-05 1.960801329e-05)
(1.500572481 -4.994553591e-05 2.27228869e-05)
(1.500576454 -6.652709222e-05 2.449033712e-05)
(1.500560199 -8.774959058e-05 2.484432838e-05)
(1.499992476 -6.78596989e-05 -1.252794517e-05)
(1.499958284 -0.0002106237509 -4.175580215e-05)
(1.499877743 -0.0003947651898 -9.654875865e-05)
(1.499754918 -0.000659958422 -0.0002075403759)
(1.499614899 -0.001065795408 -0.000433412943)
(1.499521173 -0.001690392658 -0.0008653516285)
(1.499684472 -0.002644878281 -0.001652049772)
(1.500445682 -0.003883125973 -0.002810931562)
(1.502471879 -0.005211552731 -0.004272893358)
(1.505813197 -0.005267463694 -0.00458317398)
(1.50902879 -0.003644014114 -0.0032991779)
(1.510778646 -0.001091721033 -0.001130381006)
(1.510719446 0.00151349285 0.001062159702)
(1.509140364 0.003831297578 0.002972154707)
(1.50627344 0.005321400647 0.004110478356)
(1.503095077 0.005405801962 0.004032127943)
(1.500542118 0.003899271763 0.002555383305)
(1.499860822 0.002406982923 0.001181734673)
(1.500046867 0.00164572563 0.000559888058)
(1.500186795 0.001256997918 0.0002654813488)
(1.500235695 0.0009694754258 3.714310213e-05)
(1.500306208 0.000786855729 -0.0001010987019)
(1.500392187 0.0006900178755 -0.0001731233378)
(1.500470316 0.0006266691575 -0.0001945088767)
(1.500518207 0.0005893445994 -0.0002044486596)
(1.500553477 0.0005647536079 -0.0002043372693)
(1.500582089 0.0005506782694 -0.0001976581216)
(1.500600974 0.0005434518776 -0.0001867428115)
(1.500614077 0.0005398191862 -0.0001740739848)
(1.50062853 0.0005385868484 -0.0001563538886)
(1.500629684 0.0005390314723 -0.0001444149032)
(1.500682969 0.0005404145484 -0.0001242251035)
(1.499988547 -4.521508559e-05 -1.475920921e-05)
(1.499936498 -0.0001408608625 -4.965798923e-05)
(1.499809872 -0.0002675041154 -0.0001177996704)
(1.499598963 -0.000457435832 -0.0002620583743)
(1.499307779 -0.0007660576489 -0.0005752394405)
(1.498963811 -0.001282282275 -0.001217432924)
(1.498819025 -0.002170865336 -0.002511728211)
(1.499340143 -0.003513047109 -0.004562301488)
(1.501888637 -0.005340584528 -0.007473650241)
(1.506607806 -0.00571559829 -0.007841185433)
(1.511008369 -0.004026683982 -0.005221059968)
(1.513115162 -0.001457626724 -0.001460110522)
(1.51297187 0.001205709427 0.002294592822)
(1.510886607 0.003688690743 0.005607026411)
(1.50701393 0.005495625998 0.007546987953)
(1.502496657 0.005934353106 0.007079434461)
(1.499135522 0.004148709802 0.003647569373)
(1.49894209 0.002549063251 0.00141633862)
(1.49961166 0.001742160403 0.0007142519252)
(1.50001608 0.001217871912 0.0004321905182)
(1.500208557 0.0008240879239 0.0002474506452)
(1.500378094 0.0005643973842 0.0001941592764)
(1.500525588 0.0004094504628 0.0002098399783)
(1.500624087 0.000307380018 0.0002352353538)
(1.500680923 0.0002382465805 0.000255993988)
(1.500719227 0.0001875946077 0.0002728719335)
(1.500745377 0.0001513667785 0.0002851352964)
(1.50076338 0.000124861635 0.0002929303773)
(1.50077474 0.0001050114349 0.0002976199389)
(1.500782678 8.78741703e-05 0.0002998521878)
(1.500788098 7.764961008e-05 0.0002995761904)
(1.500771042 6.510650523e-05 0.0002978706055)
(1.499986246 -1.534342874e-05 -1.607798373e-05)
(1.499923663 -4.893260753e-05 -5.43601254e-05)
(1.499768808 -9.374953275e-05 -0.0001306034064)
(1.499500623 -0.0001626171051 -0.0002967937834)
(1.49909967 -0.0002783153251 -0.0006707546121)
(1.49854163 -0.0004832130743 -0.001487951397)
(1.498045415 -0.000861305834 -0.003265391385)
(1.498050266 -0.001499974125 -0.006506146527)
(1.500867088 -0.002490658442 -0.01169237394)
(1.506968004 -0.002802215559 -0.01226517196)
(1.512641231 -0.002055682643 -0.007927341964)
(1.515159122 -0.0008742459953 -0.002235106552)
(1.515045871 0.0003667759008 0.003273906664)
(1.512721091 0.001588792744 0.008288552903)
(1.508225747 0.002598434501 0.01151767047)
(1.50237662 0.003069233119 0.01140132717)
(1.498083421 0.002437107971 0.005264517723)
(1.49812284 0.001803553999 0.0009999568051)
(1.499083841 0.001528325199 -0.0001785075896)
(1.499578218 0.001341443967 -0.0007574535724)
(1.499851145 0.001183285138 -0.001105511135)
(1.500095372 0.001071230981 -0.001295311912)
(1.500334177 0.0009865608495 -0.001293840111)
(1.500479422 0.0009237466242 -0.001274440505)
(1.50056506 0.0008738030573 -0.001245637876)
(1.500627868 0.0008309278931 -0.001209187309)
(1.5006724 0.0007972272817 -0.001170761746)
(1.500705661 0.0007637544277 -0.001132136545)
(1.5007297 0.000737026977 -0.001096084338)
(1.500749933 0.000715729201 -0.00106185949)
(1.50076304 0.0006990921383 -0.001031592353)
(1.500829794 0.0006853222899 -0.001004764666)
(1.499986262 1.603996901e-05 -1.609329326e-05)
(1.499923765 5.109522214e-05 -5.441060908e-05)
(1.499769117 9.771808916e-05 -0.0001306723098)
(1.49950153 0.0001690565934 -0.0002969217537)
(1.499101581 0.0002889980922 -0.0006704846175)
(1.498547512 0.0005008208546 -0.001487044509)
(1.498057079 0.0008956814317 -0.003255784892)
(1.498085321 0.001559408017 -0.006478658142)
(1.500908961 0.002616786372 -0.01157352962)
(1.506982828 0.002959320325 -0.01215027606)
(1.512630623 0.002215534794 -0.007855090033)
(1.515148141 0.001036134528 -0.002173917996)
(1.515041094 -0.0001985455503 0.003331054135)
(1.512724275 -0.001408547805 0.00834987966)
(1.50827363 -0.002371848276 0.01157605154)
(1.502487862 -0.002746854781 0.01157319362)
(1.498253543 -0.001928028789 0.005632697686)
(1.49832996 -0.001128342634 0.001584859609)
(1.499331422 -0.0007126565408 0.0006131332416)
(1.499797242 -0.0004496361628 0.0002857218879)
(1.500018666 -0.0002520753802 0.0001519023784)
(1.500241761 -0.0001034794048 0.0001609972905)
(1.500450705 1.461123853e-05 0.000247129374)
(1.500580796 0.0001043392424 0.0003329134962)
(1.500655574 0.0001744682999 0.0003973506075)
(1.500710223 0.0002389522254 0.0004494895462)
(1.500746822 0.0002918659944 0.0004855573674)
(1.50077509 0.0003438921839 0.0005126534502)
(1.500791987 0.0003847176822 0.0005279519176)
(1.500806888 0.0004297285851 0.0005382771268)
(1.500813671 0.0004599250958 0.0005432452876)
(1.500824519 0.0005055664637 0.0005440046171)
(1.499988593 4.586689173e-05 -1.480350139e-05)
(1.499936764 0.0001428565168 -4.979585863e-05)
(1.499810729 0.0002710720711 -0.0001180213202)
(1.499601172 0.0004630661992 -0.0002623383125)
(1.499312541 0.0007744711618 -0.0005749843761)
(1.498974653 0.001294884979 -0.001215421515)
(1.498838468 0.002187635419 -0.002500654594)
(1.499376722 0.003534855304 -0.004535804905)
(1.501921612 0.005350289348 -0.007391168498)
(1.506618265 0.005719989652 -0.00775988156)
(1.511009306 0.004045718138 -0.005148042093)
(1.51312864 0.001486407856 -0.001367401635)
(1.512991001 -0.001159722071 0.002391363758)
(1.510922579 -0.003626774662 0.005709723538)
(1.507069303 -0.005427573083 0.00767921322)
(1.502589458 -0.005878284699 0.007293940778)
(1.499212489 -0.004141147084 0.003902889855)
(1.49898451 -0.002630895431 0.001772233731)
(1.499567146 -0.001959452969 0.00105895889)
(1.499899354 -0.001576496887 0.0006831664299)
(1.500091195 -0.001261870313 0.0003581766463)
(1.500275469 -0.001056003962 0.0001588335564)
(1.500429316 -0.0009387055682 4.081080929e-05)
(1.500540178 -0.0008563487981 -3.5661184e-05)
(1.500610868 -0.00080144744 -8.899164256e-05)
(1.500661512 -0.0007656657471 -0.0001275968172)
(1.500697389 -0.0007427869276 -0.0001559291305)
(1.500723596 -0.000727659559 -0.000177946973)
(1.500739293 -0.0007172754735 -0.0001945642223)
(1.500752319 -0.0007097785644 -0.0002068853708)
(1.500761117 -0.0007050516068 -0.0002161832546)
(1.500770027 -0.0007012093415 -0.0002225165406)
(1.49999254 6.842264542e-05 -1.259640967e-05)
(1.499958644 0.0002123304473 -4.196636657e-05)
(1.499878877 0.0003977116579 -9.690746478e-05)
(1.499757616 0.000664309901 -0.0002080328099)
(1.49962031 0.001071527324 -0.0004336756357)
(1.49953163 0.001697261686 -0.0008645942009)
(1.499701538 0.002650209287 -0.001646539467)
(1.500472466 0.003884690612 -0.002797503414)
(1.502499176 0.005197508423 -0.004234225111)
(1.505830512 0.005254984565 -0.004538021064)
(1.509040242 0.003640929168 -0.003253781761)
(1.510793133 0.001089051841 -0.00108412002)
(1.510736963 -0.001516892991 0.001106724363)
(1.509168232 -0.003835176566 0.003018696004)
(1.506315616 -0.005334839317 0.004168014125)
(1.503153375 -0.005445708008 0.004120074805)
(1.500592981 -0.003964654259 0.00265983173)
(1.499903864 -0.002508858635 0.001328525594)
(1.500064091 -0.001739275829 0.0007070722523)
(1.500213625 -0.001273044354 0.0003937556565)
(1.500286861 -0.0009095304847 0.0001823434545)
(1.500372783 -0.0006638133572 7.198281701e-05)
(1.500466643 -0.0005163922924 3.429411835e-05)
(1.500538908 -0.0004222639724 2.700895439e-05)
(1.500584049 -0.0003622099709 3.099264616e-05)
(1.500614477 -0.0003225859569 3.905559696e-05)
(1.500636802 -0.0002971733123 4.811564118e-05)
(1.500653451 -0.0002803518229 5.612522768e-05)
(1.50066485 -0.0002696471647 6.186305085e-05)
(1.500672988 -0.0002620313329 6.584240632e-05)
(1.500678766 -0.0002576502987 6.870740781e-05)
(1.500679821 -0.0002553923078 7.16016829e-05)
(1.499997288 8.171510359e-05 -1.000539851e-05)
(1.499983301 0.0002524305934 -3.29165654e-05)
(1.499953866 0.0004653616168 -7.366129987e-05)
(1.499921432 0.000757502492 -0.0001519121383)
(1.499920076 0.001174847456 -0.0003011211481)
(1.500018756 0.00176514949 -0.0005677332752)
(1.500369754 0.002568069788 -0.001015632886)
(1.501195187 0.003497446812 -0.001635132218)
(1.502798982 0.004329696361 -0.002332761725)
(1.505159924 0.004312413561 -0.002525552692)
(1.507461244 0.003100661597 -0.001899613856)
(1.508793883 0.001054022086 -0.0007286906888)
(1.50878343 -0.001092598757 0.0004824791777)
(1.507641523 -0.002967332336 0.001524864373)
(1.505611428 -0.004167059837 0.00215700592)
(1.503314523 -0.004365881912 0.00218896852)
(1.501341284 -0.003516769947 0.001507348742)
(1.500493211 -0.002446437938 0.0007437137189)
(1.500386164 -0.001773051592 0.0003680446996)
(1.50038496 -0.001350864077 0.0002033644201)
(1.500364195 -0.001018071381 9.305147617e-05)
(1.500375196 -0.0007718031801 2.097290227e-05)
(1.500416794 -0.0006142048092 -1.600294732e-05)
(1.500457123 -0.0005112253734 -3.538229212e-05)
(1.500484209 -0.0004430464041 -4.878216327e-05)
(1.500504761 -0.0003947149464 -6.015919364e-05)
(1.500519407 -0.0003630082521 -6.788627146e-05)
(1.500531566 -0.0003396690511 -7.663516569e-05)
(1.500540944 -0.000324697796 -8.223742572e-05)
(1.500547717 -0.0003159493768 -8.697488767e-05)
(1.500553394 -0.0003112780826 -9.074799787e-05)
(1.50055659 -0.000309229158 -9.526037135e-05)
(1.500000618 8.540673615e-05 -7.456244139e-06)
(1.500005985 0.0002625312431 -2.43737681e-05)
(1.500021912 0.0004765479693 -5.29196128e-05)
(1.500063848 0.0007571085827 -0.0001049269696)
(1.500165017 0.001134376911 -0.0001984588981)
(1.500384739 0.00163061395 -0.0003562328024)
(1.500826009 0.002246629388 -0.0006032788904)
(1.501619752 0.002895618751 -0.0009258883248)
(1.502891771 0.003388288164 -0.001259274783)
(1.504578927 0.003303791777 -0.001362189805)
(1.506204614 0.002398591948 -0.001058328978)
(1.507189059 0.0008491433719 -0.0004420828025)
(1.507224873 -0.000798004896 0.0002250071141)
(1.50642379 -0.002225892049 0.000804884308)
(1.505007604 -0.003152619972 0.001174691543)
(1.503322142 -0.003383574056 0.001238783809)
(1.501847918 -0.002898179377 0.000945921181)
(1.501008343 -0.002125448788 0.000547520413)
(1.500721622 -0.001543999145 0.000313122874)
(1.500593254 -0.001154204471 0.0001969044753)
(1.500488462 -0.0008401354262 0.0001134409234)
(1.500429204 -0.000595745901 5.33105093e-05)
(1.500414469 -0.0004236148808 1.828589428e-05)
(1.500415453 -0.0003140694351 8.772701103e-07)
(1.500416892 -0.0002313383219 -1.070981834e-05)
(1.500417848 -0.0001816609218 -1.745764417e-05)
(1.500419527 -0.0001396512866 -2.233999892e-05)
(1.500421486 -0.0001175522885 -2.576130052e-05)
(1.500423336 -0.0001043910302 -2.887450809e-05)
(1.500424516 -9.499968904e-05 -3.227958814e-05)
(1.500425771 -9.198573775e-05 -3.414935418e-05)
(1.500419913 -9.178617836e-05 -3.726204312e-05)
(1.500004455 8.059468553e-05 -5.369638142e-06)
(1.500024607 0.0002466173459 -1.734123794e-05)
(1.500076628 0.0004416813067 -3.652606468e-05)
(1.500174487 0.0006874267124 -6.9802345e-05)
(1.500345601 0.001001328554 -0.0001265158913)
(1.500635222 0.001389698958 -0.0002172061066)
(1.501108511 0.001835935373 -0.000350621345)
(1.501834849 0.00226585388 -0.0005162285794)
(1.502853706 0.002539165678 -0.0006751884484)
(1.504089297 0.002420100778 -0.0007254515488)
(1.505249674 0.001764903432 -0.0005788120092)
(1.505976859 0.0006463844704 -0.000263755787)
(1.506032551 -0.0005420431572 8.579769318e-05)
(1.505467152 -0.00159457793 0.000391385799)
(1.504448482 -0.00229750665 0.0005805847261)
(1.503207059 -0.002530052796 0.0006095462961)
(1.502074287 -0.002283731306 0.0004671089699)
(1.501303708 -0.001787830373 0.0002548481859)
(1.500919721 -0.00135825381 0.0001137177792)
(1.500703184 -0.001049749226 4.307154596e-05)
(1.500539263 -0.0007997834243 -2.566641326e-06)
(1.500427974 -0.0005962825946 -3.429335333e-05)
(1.500370077 -0.000451430895 -5.083845416e-05)
(1.50033912 -0.0003514248148 -5.785595172e-05)
(1.500319074 -0.0002833817772 -6.082280776e-05)
(1.500304941 -0.0002347703631 -6.210890983e-05)
(1.500296349 -0.0002025253682 -6.236307873e-05)
(1.500291512 -0.0001805541419 -6.202415981e-05)
(1.500288529 -0.0001671183309 -6.13273197e-05)
(1.50028658 -0.0001586979611 -6.080801629e-05)
(1.500285047 -0.0001545006132 -6.042558763e-05)
(1.500284758 -0.000153822033 -6.001908288e-05)
(1.500006937 6.896871559e-05 -3.765320284e-06)
(1.500038438 0.0002103848689 -1.204086396e-05)
(1.500116997 0.0003727773541 -2.467435892e-05)
(1.500253722 0.0005707419446 -4.55463423e-05)
(1.500468916 0.0008132967417 -7.936200419e-05)
(1.500794446 0.001098687246 -0.0001308161321)
(1.501269004 0.001406332513 -0.0002024556302)
(1.501924014 0.001679702604 -0.0002872761219)
(1.502758345 0.001824081756 -0.0003636491872)
(1.503696392 0.001706330069 -0.0003872944365)
(1.504549413 0.001246930971 -0.0003162408486)
(1.505096449 0.0004661232827 -0.0001549565601)
(1.505156301 -0.0003560956181 2.872661967e-05)
(1.50475591 -0.001095317179 0.0001932931601)
(1.504005323 -0.001597102617 0.0002983165036)
(1.503083101 -0.001785482501 0.0003254024687)
(1.502184609 -0.001662419208 0.0002716861569)
(1.501501788 -0.001353086535 0.0001748831507)
(1.501074481 -0.001045361559 0.0001007952926)
(1.500800488 -0.0008058745574 6.067515479e-05)
(1.500593157 -0.0006060351478 3.322470118e-05)
(1.500445537 -0.000441073267 1.208997273e-05)
(1.500352319 -0.0003159799074 -1.341492664e-06)
(1.500293948 -0.000228029011 -8.805236084e-06)
(1.500253512 -0.0001648851496 -1.364667449e-05)
(1.500225157 -0.0001197470707 -1.726899914e-05)
(1.5002058 -8.75149597e-05 -2.014641549e-05)
(1.500193549 -6.478845727e-05 -2.237909327e-05)
(1.500184711 -4.909904084e-05 -2.434703551e-05)
(1.500176712 -3.893294743e-05 -2.660823346e-05)
(1.500173379 -3.501989076e-05 -2.810408096e-05)
(1.500162877 -3.290925729e-05 -3.040125017e-05)
(1.500008639 5.243899573e-05 -2.644452528e-06)
(1.500047936 0.0001595937258 -8.390438812e-06)
(1.50014443 0.0002805348111 -1.675617626e-05)
(1.500306222 0.0004243153181 -2.991817227e-05)
(1.500547211 0.0005950185876 -5.023884879e-05)
(1.50088885 0.0007882778212 -7.971176796e-05)
(1.501352505 0.0009866854031 -0.0001187811294)
(1.50194803 0.001151389347 -0.0001628508725)
(1.502654522 0.001224057939 -0.0002008686387)
(1.503404542 0.001130110767 -0.0002120253389)
(1.504069088 0.0008210713786 -0.0001756429053)
(1.504488087 0.0003084620112 -9.161858488e-05)
(1.504544158 -0.0002254455371 4.797140292e-06)
(1.504249921 -0.0007126619857 9.310064356e-05)
(1.50367138 -0.001049894678 0.000150181806)
(1.502948013 -0.001191800303 0.000165930443)
(1.502204221 -0.001143280272 0.0001389906517)
(1.50159091 -0.0009690670268 8.626564369e-05)
(1.50115273 -0.0007750782148 4.005695705e-05)
(1.500842638 -0.0006116541865 1.118015766e-05)
(1.500609336 -0.0004747694502 -8.555750415e-06)
(1.500435869 -0.0003588568951 -2.332512552e-05)
(1.50031971 -0.0002713032627 -3.232006858e-05)
(1.50023998 -0.0002073675484 -3.701958693e-05)
(1.500185686 -0.0001630183016 -3.941841127e-05)
(1.500145756 -0.0001302821107 -4.059964176e-05)
(1.500119529 -0.0001086332652 -4.12119946e-05)
(1.500099766 -9.294466659e-05 -4.135712825e-05)
(1.500087762 -8.397687035e-05 -4.113842941e-05)
(1.500077123 -7.744726746e-05 -4.046312591e-05)
(1.500071825 -7.44680525e-05 -3.996200135e-05)
(1.500064218 -7.386352522e-05 -3.921304859e-05)
(1.50000968 3.267028344e-05 -1.949076545e-06)
(1.500053752 9.927752364e-05 -6.143547531e-06)
(1.500161105 0.0001735976536 -1.199162229e-05)
(1.500337506 0.000260471157 -2.077677798e-05)
(1.500592226 0.0003614693588 -3.373631379e-05)
(1.500939893 0.0004728239013 -5.170400688e-05)
(1.501391488 0.0005835551463 -7.442352143e-05)
(1.501946143 0.0006706958673 -9.896088474e-05)
(1.502572234 0.0007050285632 -0.0001190754136)
(1.503215092 0.0006455969502 -0.0001246664672)
(1.503774985 0.0004648831522 -0.0001043052709)
(1.504109146 0.0001755904335 -5.770714125e-05)
(1.504153886 -0.0001199563825 -5.455189103e-06)
(1.503924321 -0.0003988015314 4.527342187e-05)
(1.503452256 -0.0005932308096 7.904924025e-05)
(1.502843182 -0.0006792111568 8.979732698e-05)
(1.502201814 -0.0006607300174 7.794303226e-05)
(1.501638853 -0.0005695094778 5.204633105e-05)
(1.501203588 -0.000458969877 2.738982755e-05)
(1.500875895 -0.0003602373861 1.095796808e-05)
(1.500626501 -0.0002759256939 -1.510184762e-07)
(1.500437992 -0.00020369681 -8.470306627e-06)
(1.500306701 -0.0001479493169 -1.379502385e-05)
(1.500212475 -0.0001056126495 -1.693180058e-05)
(1.500148398 -7.618871778e-05 -1.870589965e-05)
(1.500100489 -5.16067013e-05 -2.004122669e-05)
(1.500069535 -3.56395695e-05 -2.092176992e-05)
(1.500044473 -2.332424721e-05 -2.168171099e-05)
(1.500029913 -1.56059372e-05 -2.210723802e-05)
(1.500015329 -9.521252245e-06 -2.269784478e-05)
(1.500008959 -6.320512013e-06 -2.307465256e-05)
(1.49999517 -4.435294778e-06 -2.383997286e-05)
(1.500010169 1.108435972e-05 -1.618988173e-06)
(1.50005649 3.365729138e-05 -5.081853404e-06)
(1.500168912 5.870143364e-05 -9.772455095e-06)
(1.500351974 8.772570632e-05 -1.659503633e-05)
(1.500612493 0.0001211239464 -2.633672967e-05)
(1.50096198 0.0001574262722 -3.941192821e-05)
(1.501405849 0.0001931122012 -5.53999162e-05)
(1.501941831 0.0002200617883 -7.203668437e-05)
(1.502524174 0.0002313149553 -8.532105465e-05)
(1.503140062 0.0002074472817 -8.787488169e-05)
(1.50361981 0.0001578536327 -7.666997598e-05)
(1.503968289 3.828372334e-05 -3.568526921e-05)
(1.503968861 -3.907564745e-05 -7.185601748e-06)
(1.503763772 -0.0001280963607 2.701876621e-05)
(1.503342343 -0.000191139414 5.083045267e-05)
(1.502786403 -0.0002196502772 5.885583732e-05)
(1.502193729 -0.0002155223529 5.174337335e-05)
(1.501653575 -0.0001884362077 3.45957685e-05)
(1.501222184 -0.0001546076516 1.6515614e-05)
(1.5008858 -0.0001238572247 2.639190324e-06)
(1.500628756 -9.796434839e-05 -7.317738227e-06)
(1.500432826 -7.609032504e-05 -1.485783049e-05)
(1.50029445 -5.961162175e-05 -1.987319096e-05)
(1.500192753 -4.747310425e-05 -2.310828679e-05)
(1.500124209 -3.956163295e-05 -2.500720325e-05)
(1.500070984 -3.379517399e-05 -2.651758932e-05)
(1.500038071 -2.996414799e-05 -2.707328651e-05)
(1.500010749 -2.797365947e-05 -2.711626946e-05)
(1.499995627 -2.710085312e-05 -2.704172311e-05)
(1.499979968 -2.692111038e-05 -2.698005244e-05)
(1.499972888 -2.719231752e-05 -2.693159953e-05)
(1.499959693 -2.770757735e-05 -2.692090846e-05)
(1.500010049 -1.116797185e-05 -1.516591056e-06)
(1.500055832 -3.393315977e-05 -4.770499755e-06)
(1.500167003 -5.931820098e-05 -9.225014243e-06)
(1.500348156 -8.896739482e-05 -1.576809708e-05)
(1.500606288 -0.0001234262135 -2.518289311e-05)
(1.500953263 -0.0001614168142 -3.790400378e-05)
(1.501395262 -0.0001994601003 -5.354315612e-05)
(1.501931019 -0.0002292083834 -6.990683632e-05)
(1.502516277 -0.0002430228625 -8.294173713e-05)
(1.503137619 -0.0002200950063 -8.524882659e-05)
(1.503625461 -0.0001687949546 -7.33197725e-05)
(1.503979836 -4.304837737e-05 -3.063813318e-05)
(1.503982149 3.920301057e-05 -9.65799755e-07)
(1.503772729 0.0001330062195 3.48355319e-05)
(1.503343251 0.0001988398468 6.039298473e-05)
(1.502779191 0.0002276452885 6.994532603e-05)
(1.502179571 0.0002213279881 6.391722617e-05)
(1.501637474 0.0001907180977 4.741630192e-05)
(1.501209162 0.0001543408553 2.982165614e-05)
(1.500877793 0.0001227116659 1.650008709e-05)
(1.500624538 9.652927444e-05 6.972401475e-06)
(1.500431115 7.441848932e-05 -2.571611843e-07)
(1.500295008 5.793321041e-05 -5.075345384e-06)
(1.500195061 4.612267088e-05 -8.288172059e-06)
(1.500127879 3.816524602e-05 -1.060457604e-05)
(1.500075844 3.184507e-05 -1.152769586e-05)
(1.500043802 2.834425854e-05 -1.185989693e-05)
(1.500017023 2.60010034e-05 -1.202042409e-05)
(1.500002126 2.455313578e-05 -1.211718127e-05)
(1.499986663 2.34507769e-05 -1.222866681e-05)
(1.49997993 2.270909438e-05 -1.227246919e-05)
(1.499966733 2.19637819e-05 -1.229571645e-05)
(1.50000953 -3.293092349e-05 -1.845781221e-06)
(1.500052928 -0.0001001401426 -5.829840579e-06)
(1.50015869 -0.0001755470138 -1.144249611e-05)
(1.500332603 -0.000264436945 -1.99552322e-05)
(1.500584105 -0.0003689408379 -3.26191986e-05)
(1.500928242 -0.0004858678598 -5.031291161e-05)
(1.501377076 -0.0006046053725 -7.289056139e-05)
(1.501931282 -0.0007014737438 -9.751951278e-05)
(1.502561822 -0.0007448962735 -0.0001180085542)
(1.503213195 -0.0006893463832 -0.0001238640644)
(1.503785254 -0.0005013670652 -0.0001026499221)
(1.504128625 -0.0001952795038 -5.435889863e-05)
(1.504175722 0.0001206213112 3.465429994e-07)
(1.503939627 0.0004163086285 5.360463478e-05)
(1.503456019 0.0006206018056 8.985660391e-05)
(1.502834951 0.0007075278343 0.0001025570656)
(1.502183397 0.0006804787216 9.180345079e-05)
(1.501618203 0.0005751588804 6.622340481e-05)
(1.501187568 0.0004537017823 4.201218156e-05)
(1.500867415 0.0003501438375 2.644239721e-05)
(1.500622283 0.0002629166294 1.593055572e-05)
(1.500436362 0.0001882229324 7.960223724e-06)
(1.500307725 0.0001311128886 2.962992978e-06)
(1.500215376 8.873690696e-05 -1.904366176e-07)
(1.500153238 5.834225134e-05 -2.077812325e-06)
(1.500105208 3.531910959e-05 -3.500110464e-06)
(1.500074813 2.041315483e-05 -4.49896681e-06)
(1.500049458 1.006418464e-05 -5.2867262e-06)
(1.500035432 4.119072475e-06 -5.85962583e-06)
(1.500020876 -5.516819231e-07 -6.487713491e-06)
(1.500014224 -2.092769543e-06 -6.86862865e-06)
(1.500002493 -2.272188225e-06 -7.252378311e-06)
(1.500008422 -5.290275502e-05 -2.540474227e-06)
(1.500046738 -0.0001611394022 -8.075625265e-06)
(1.500140867 -0.0002840962982 -1.621386483e-05)
(1.50029882 -0.0004317281485 -2.913512985e-05)
(1.500534581 -0.0006093451457 -4.926497901e-05)
(1.500870102 -0.0008139823116 -7.874551847e-05)
(1.501328603 -0.00102936691 -0.0001183408536)
(1.501922883 -0.001215487452 -0.0001637688083)
(1.502637644 -0.001308782739 -0.0002040661354)
(1.503404288 -0.001223473223 -0.0002172102221)
(1.504092212 -0.0008986435926 -0.000179470088)
(1.504528877 -0.0003489086781 -9.192725726e-05)
(1.504587524 0.0002292806336 1.00426592e-05)
(1.504281006 0.0007538538411 0.0001035022094)
(1.503681745 0.001113354879 0.0001648439)
(1.502935742 0.001258095475 0.0001827697658)
(1.502173615 0.001192133827 0.0001550181024)
(1.501555101 0.0009895949245 9.907091213e-05)
(1.501126796 0.0007762809747 5.098779151e-05)
(1.50082902 0.0006053174446 2.224035754e-05)
(1.50060232 0.000464076339 2.680536291e-06)
(1.500432035 0.000343732223 -1.224501824e-05)
(1.500319745 0.0002539467428 -2.13814023e-05)
(1.500243313 0.0001886632184 -2.616994663e-05)
(1.500190972 0.0001426769156 -2.846181573e-05)
(1.500152431 0.0001074289702 -2.982444995e-05)
(1.500127391 8.291425348e-05 -3.032794796e-05)
(1.500109091 6.392902488e-05 -3.023273283e-05)
(1.5000979 5.159210148e-05 -3.004933108e-05)
(1.500088057 4.113149045e-05 -2.979379871e-05)
(1.500083742 3.432777277e-05 -2.956625133e-05)
(1.500072145 2.953593894e-05 -2.955575002e-05)
(1.500006601 -6.966544254e-05 -3.663473642e-06)
(1.500036576 -0.0002127417184 -1.173291643e-05)
(1.500111362 -0.0003783632592 -2.416856197e-05)
(1.500241692 -0.0005827471593 -4.489723478e-05)
(1.500447652 -0.000837380803 -7.883006162e-05)
(1.500761604 -0.001143592333 -0.0001310807135)
(1.50122538 -0.001484114035 -0.0002052158154)
(1.501877013 -0.001800777064 -0.0002950090026)
(1.502726104 -0.001990169766 -0.0003797681898)
(1.503704267 -0.001889290018 -0.0004095246143)
(1.504604801 -0.001393499647 -0.0003356958501)
(1.505181482 -0.00053807041 -0.0001655360204)
(1.50524411 0.0003704897416 3.064617821e-05)
(1.504820124 0.001182243282 0.0002083293738)
(1.504031332 0.001726160983 0.0003247385354)
(1.503061983 0.001913924563 0.0003576601361)
(1.50213492 0.001746230458 0.0003025100814)
(1.501444055 0.001373976484 0.0001988045902)
(1.501036727 0.001029949105 0.000121510295)
(1.500782748 0.0007785732877 8.21888623e-05)
(1.500584098 0.0005709118829 5.522938327e-05)
(1.500440208 0.0003988765214 3.416121735e-05)
(1.500351639 0.0002736995414 2.047591706e-05)
(1.500295549 0.0001884955083 1.160058926e-05)
(1.500255783 0.0001307136026 5.51435333e-06)
(1.500227105 9.126616847e-05 7.898913241e-07)
(1.500207307 6.562259191e-05 -3.017112692e-06)
(1.500194479 5.08837505e-05 -5.668309355e-06)
(1.500184427 4.283731959e-05 -8.099645121e-06)
(1.500178573 3.999394278e-05 -9.788735311e-06)
(1.500173105 4.120397393e-05 -1.13761952e-05)
(1.500171771 4.399626833e-05 -1.272389819e-05)
(1.500003922 -8.152737424e-05 -5.277073397e-06)
(1.500021653 -0.0002498594934 -1.706817201e-05)
(1.50006756 -0.0004496887704 -3.613117264e-05)
(1.500154516 -0.0007053860975 -6.950695599e-05)
(1.500308887 -0.001039152382 -0.0001271318524)
(1.500575769 -0.001463818711 -0.000220718818)
(1.501025901 -0.001971673444 -0.0003620763637)
(1.50174146 -0.002487139027 -0.0005430080439)
(1.502789073 -0.002857363588 -0.0007282451793)
(1.504109285 -0.002772558689 -0.0007958221504)
(1.505368774 -0.002035441227 -0.0006394186901)
(1.506148258 -0.0007712172284 -0.0002992462334)
(1.506202927 0.0005947054073 8.318386743e-05)
(1.505589914 0.001790160157 0.0004166889012)
(1.504491755 0.002580634374 0.0006248522407)
(1.503157024 0.002815941575 0.0006538370744)
(1.501966663 0.002478744485 0.0004880131697)
(1.501194306 0.001859054378 0.0002458655884)
(1.500855879 0.001366656085 9.436166161e-05)
(1.500673105 0.001036822681 2.235237979e-05)
(1.500523644 0.0007691670052 -2.645883675e-05)
(1.500422422 0.0005458244689 -6.090031393e-05)
(1.500375129 0.0003867186718 -7.748393543e-05)
(1.500351409 0.0002721942591 -8.406591459e-05)
(1.500335445 0.0001901373682 -8.497617566e-05)
(1.500324182 0.0001280586657 -8.461355577e-05)
(1.500317578 8.25918369e-05 -8.367984853e-05)
(1.500314116 5.015580735e-05 -8.263847769e-05)
(1.500311978 2.374900845e-05 -8.212418566e-05)
(1.500309353 5.64501414e-06 -8.231046394e-05)
(1.500309563 -5.087612622e-06 -8.292168363e-05)
(1.500295064 -1.092669906e-05 -8.377143778e-05)
(1.500000173 -8.656697901e-05 -7.358104842e-06)
(1.500001422 -0.0002665689706 -2.417599057e-05)
(1.500007484 -0.0004870333989 -5.278291142e-05)
(1.500030954 -0.0007819781741 -0.0001054423248)
(1.500101824 -0.001190146299 -0.0002017665213)
(1.500276576 -0.001746839548 -0.0003676760132)
(1.500667708 -0.002474832659 -0.0006373557396)
(1.501429781 -0.003289744209 -0.001003955258)
(1.50275801 -0.003990604604 -0.001416649846)
(1.504626631 -0.003965439437 -0.001562864942)
(1.506451479 -0.002887281196 -0.001224314052)
(1.507532914 -0.001051132053 -0.0005350263531)
(1.507564389 0.0009061873373 0.0002225903251)
(1.506670848 0.002606227809 0.000900025221)
(1.50509141 0.003682436628 0.001340819602)
(1.503244298 0.003893661705 0.001428012203)
(1.501639911 0.003209549384 0.001080311149)
(1.500815678 0.002211112882 0.0006101987618)
(1.500617512 0.001531333673 0.0003588591572)
(1.500539705 0.00111239308 0.0002456547365)
(1.500451334 0.0007864040008 0.0001574816758)
(1.500400149 0.0005435708752 8.611447404e-05)
(1.500392996 0.0003925396221 4.011987118e-05)
(1.500397665 0.0003018862647 1.067594408e-05)
(1.500400199 0.0002454966504 -1.115796589e-05)
(1.500401943 0.0002102122949 -2.720751272e-05)
(1.500405363 0.0001890160682 -4.024803849e-05)
(1.500409662 0.0001799789685 -5.111812269e-05)
(1.500412408 0.0001787117288 -5.783635464e-05)
(1.500416021 0.0001812444814 -6.385379674e-05)
(1.500416677 0.0001858799175 -6.762635808e-05)
(1.500431741 0.0001908426729 -7.173320896e-05)
(1.499995841 -8.294807307e-05 -9.947285058e-06)
(1.499976388 -0.0002568280423 -3.2825049e-05)
(1.4999318 -0.0004775666909 -7.397161974e-05)
(1.499868948 -0.0007885707709 -0.0001539856382)
(1.499814014 -0.001250273943 -0.000310190067)
(1.499825127 -0.001935518951 -0.0005971972363)
(1.500068628 -0.002932437174 -0.001105401758)
(1.500806362 -0.004171341628 -0.001847006817)
(1.502524293 -0.005445898485 -0.002781416942)
(1.50527393 -0.005505828302 -0.003059889807)
(1.507955361 -0.003923741407 -0.002318712896)
(1.509445661 -0.001329298877 -0.0009681262949)
(1.509414086 0.001388776938 0.0004304882908)
(1.508086847 0.003768806223 0.001659197309)
(1.505743342 0.005226780778 0.002391553483)
(1.503115497 0.005334024083 0.002412453615)
(1.500916944 0.004027304454 0.001545525026)
(1.500158602 0.00255859919 0.0006028331003)
(1.500223955 0.00172763606 0.0001771135543)
(1.500317527 0.001196302828 -9.24607868e-06)
(1.500344012 0.0007714751532 -0.0001233205649)
(1.500391321 0.0004423307751 -0.0001959131201)
(1.500454502 0.000236141777 -0.000210152468)
(1.50050734 8.618492815e-05 -0.0002094795701)
(1.500538295 -1.116685971e-06 -0.0002080351612)
(1.50055985 -7.767220343e-05 -0.0002064513709)
(1.500570633 -0.0001169886252 -0.0002058000201)
(1.500579459 -0.0001468699121 -0.0002067574318)
(1.500585787 -0.0001661407973 -0.0002087875537)
(1.500588517 -0.0001770716604 -0.0002118339276)
(1.50059336 -0.0001816148955 -0.000214396089)
(1.500570242 -0.0001817612556 -0.0002195373178)
(1.499990809 -6.943914882e-05 -1.258341227e-05)
(1.499948948 -0.0002161804014 -4.202493578e-05)
(1.499846993 -0.0004094296302 -9.785191429e-05)
(1.499678092 -0.0006967864824 -0.0002126113281)
(1.499449649 -0.001158949049 -0.0004534851644)
(1.499196396 -0.001916062246 -0.0009326444256)
(1.499144531 -0.003180939109 -0.001866045192)
(1.499685737 -0.004957712627 -0.003336276932)
(1.501952935 -0.007171556932 -0.005476459311)
(1.506116475 -0.007278400279 -0.00593026375)
(1.510022905 -0.004904877754 -0.004276689463)
(1.512026887 -0.001367077119 -0.001501932504)
(1.511921524 0.00227016831 0.001370770106)
(1.509994883 0.005498936782 0.003891696006)
(1.506521417 0.007453943924 0.005394997224)
(1.502654336 0.007268864768 0.005290895294)
(1.49972445 0.004663824097 0.003257297007)
(1.499302211 0.002558305385 0.001579603392)
(1.499745084 0.001681478308 0.0009048540086)
(1.499994799 0.001234327124 0.0005107420544)
(1.500112978 0.000903300842 0.0001624382111)
(1.500243903 0.0007046111267 -6.665436479e-05)
(1.500369164 0.0006053970349 -0.0002042990902)
(1.500464471 0.0005470080899 -0.0002941638655)
(1.500528501 0.0005108889445 -0.0003539020021)
(1.500572297 0.000490909355 -0.0003951566327)
(1.500608674 0.000480307486 -0.0004255587866)
(1.500631543 0.0004753479959 -0.0004497134408)
(1.500649078 0.0004737748302 -0.000468661753)
(1.500664785 0.0004747861737 -0.0004842551314)
(1.500673998 0.0004767092469 -0.0004959187536)
(1.500693769 0.0004814820237 -0.0005064835188)
(1.499986385 -4.637278235e-05 -1.483145017e-05)
(1.499924361 -0.0001449809399 -5.002927668e-05)
(1.499768985 -0.0002786947741 -0.0001195538462)
(1.49949135 -0.0004871615556 -0.0002697449165)
(1.499060863 -0.0008470301841 -0.000609164831)
(1.498429151 -0.001502476561 -0.001348098329)
(1.497860251 -0.002767494954 -0.002996716446)
(1.497826971 -0.004940776226 -0.005837865199)
(1.500936785 -0.008317666372 -0.01059485751)
(1.507320871 -0.0086968483 -0.01114947879)
(1.512920927 -0.005782903556 -0.007721079812)
(1.515377403 -0.001860152213 -0.002676177237)
(1.515122306 0.002229602126 0.002828222169)
(1.512471353 0.005948527254 0.007814923536)
(1.507272679 0.008528699864 0.01098008381)
(1.501295239 0.008795125987 0.0103054778)
(1.497531801 0.004871207942 0.005106006167)
(1.498104817 0.001944119992 0.001920041462)
(1.499322737 0.000701184314 0.0009462295665)
(1.499878878 3.583143589e-05 0.000650264172)
(1.500146617 -0.0004098884876 0.0004356265833)
(1.500367143 -0.0006414967198 0.0003335989968)
(1.500539274 -0.000765417094 0.000297257645)
(1.500645786 -0.000830784837 0.0002802971412)
(1.500706588 -0.0008592704244 0.0002702055404)
(1.500743564 -0.000867321749 0.0002638190588)
(1.500771017 -0.0008654894872 0.0002585259702)
(1.500786403 -0.0008590627826 0.0002543839886)
(1.500798218 -0.0008513598612 0.0002505152577)
(1.500802958 -0.000842357494 0.0002468392794)
(1.500811018 -0.000833365019 0.0002439111355)
(1.500782416 -0.000824540744 0.0002395591954)
(1.49998378 -1.573161242e-05 -1.615826145e-05)
(1.499909803 -5.047611168e-05 -5.477936733e-05)
(1.499721299 -9.798451354e-05 -0.0001326102123)
(1.49937142 -0.0001742049281 -0.0003060240233)
(1.498786914 -0.0003110828202 -0.0007134295548)
(1.497803435 -0.0005788863331 -0.001679469673)
(1.496565071 -0.001145279446 -0.004062176152)
(1.495297405 -0.002246705928 -0.009216350351)
(1.499588242 -0.004245841643 -0.01910322976)
(1.50832951 -0.00453692895 -0.0191864914)
(1.515794895 -0.003076414719 -0.0126051055)
(1.518635672 -0.001166977401 -0.004301125918)
(1.518303997 0.0008384412259 0.00465077345)
(1.515243292 0.002724886891 0.01328484087)
(1.508767656 0.004213760896 0.02005913487)
(1.500216594 0.004793603831 0.02027947491)
(1.494602566 0.002744442925 0.01104735768)
(1.49605632 0.001415424364 0.005875281519)
(1.498327348 0.0006827825953 0.002813301847)
(1.499245388 0.0004644999056 0.001253700813)
(1.499713132 0.0003246906317 0.0004434517608)
(1.500097721 0.0002658943562 1.632329464e-05)
(1.500372543 0.0002530774536 -0.0002342756941)
(1.500535075 0.0002565194425 -0.000392465882)
(1.500631155 0.0002645207186 -0.0004963260883)
(1.500700604 0.0002746257079 -0.0005752906973)
(1.500745474 0.0002845037751 -0.0006303109236)
(1.500779426 0.0002944003378 -0.000675412975)
(1.500800231 0.000302190535 -0.0007055643091)
(1.500816646 0.0003094794086 -0.0007341096227)
(1.500829137 0.0003149324554 -0.0007506936512)
(1.500829883 0.0003219416403 -0.0007741045605)
(1.499983796 1.640719461e-05 -1.617885628e-05)
(1.499909906 5.256987218e-05 -5.484642958e-05)
(1.499721591 0.0001018401909 -0.0001327219195)
(1.499372447 0.0001804723011 -0.0003062679175)
(1.498789011 0.0003218618833 -0.0007133388133)
(1.497812628 0.000597451873 -0.001679296891)
(1.496583912 0.001186991769 -0.004047358621)
(1.495379245 0.002328276087 -0.009175783899)
(1.499613189 0.004452236081 -0.0187899897)
(1.508315265 0.004765833465 -0.01895534106)
(1.515771187 0.003289241559 -0.01248039368)
(1.51862864 0.001380542375 -0.004239724236)
(1.518302555 -0.0006155457953 0.004719622509)
(1.515266395 -0.002485896334 0.01339517335)
(1.508812822 -0.003922790447 0.02028458205)
(1.500429394 -0.004343119293 0.02081743831)
(1.494861438 -0.001935457874 0.01200252379)
(1.496342057 -0.000387845574 0.007490363621)
(1.498676188 0.0005109220023 0.004711977216)
(1.499597478 0.0009268080285 0.003245299355)
(1.500031933 0.001170636394 0.002472905994)
(1.500355175 0.001261039261 0.002087034161)
(1.500574374 0.001272787885 0.001861696597)
(1.500710926 0.001260782662 0.001733144441)
(1.500784059 0.001241580206 0.001653932843)
(1.500824065 0.001214100826 0.001603546334)
(1.500847408 0.001179430649 0.00157032773)
(1.500860123 0.001141053291 0.001547499957)
(1.500866557 0.001104996231 0.00153118637)
(1.500869968 0.001063964557 0.001519771676)
(1.500868223 0.001035589497 0.001512543315)
(1.500837239 0.0009873185142 0.001508969289)
(1.49998643 4.700540436e-05 -1.489020679e-05)
(1.499924624 0.0001469191514 -5.021442358e-05)
(1.499769834 0.0002821540695 -0.0001198907166)
(1.499493723 0.0004926563368 -0.0002702835384)
(1.499066208 0.0008551967771 -0.0006094125764)
(1.4984434 0.001515041619 -0.001346906033)
(1.497885823 0.002781924782 -0.002982552571)
(1.497891574 0.004957282261 -0.005807476273)
(1.500965894 0.008282564543 -0.01044834157)
(1.507323925 0.008674995026 -0.01100888316)
(1.51292953 0.005791418898 -0.007561008827)
(1.515395739 0.001889316863 -0.00250282576)
(1.515144544 -0.002191087274 0.003004547596)
(1.512513417 -0.005893626669 0.007977885858)
(1.507373741 -0.008456178548 0.01116375765)
(1.501428491 -0.008769118061 0.01061825975)
(1.497668015 -0.004964241146 0.005563993272)
(1.498154512 -0.002247528745 0.002386132506)
(1.499257093 -0.001149280419 0.00127084393)
(1.499707482 -0.0006936878655 0.0008770746872)
(1.499932092 -0.0004424383305 0.0007331677457)
(1.50014373 -0.0003424999834 0.0006942552436)
(1.500342425 -0.000321728065 0.0007161623957)
(1.500465831 -0.000333853149 0.0007536040014)
(1.500541532 -0.000353275934 0.0007928743046)
(1.500598323 -0.0003767777094 0.0008340289333)
(1.500640643 -0.0003998859445 0.0008699459339)
(1.500673343 -0.0004224582422 0.0009020844199)
(1.5006972 -0.0004424823185 0.0009286123084)
(1.500716708 -0.0004619713011 0.0009543414855)
(1.500726244 -0.0004757058029 0.0009705600645)
(1.500782626 -0.0004923087683 0.0009939632433)
(1.499990871 6.998695828e-05 -1.267314599e-05)
(1.499949298 0.0002178426167 -4.230449698e-05)
(1.49984811 0.0004122904565 -9.83640971e-05)
(1.499680855 0.0007009928304 -0.000213429128)
(1.499455407 0.001164311964 -0.0004543802248)
(1.499208452 0.00192200419 -0.0009330606652)
(1.499165123 0.003182628321 -0.001861565627)
(1.499722741 0.004951022001 -0.003323700161)
(1.501989942 0.007129499523 -0.005424099093)
(1.50613542 0.007241471524 -0.005872042392)
(1.510035678 0.004876185523 -0.004211483157)
(1.512040047 0.001334434313 -0.001435011303)
(1.511938652 -0.002304541622 0.001430047988)
(1.510027438 -0.005534993562 0.003947252899)
(1.506575536 -0.00751065253 0.005453075395)
(1.502729272 -0.007382907768 0.005388308549)
(1.499789912 -0.004812880886 0.003342999663)
(1.499349767 -0.002778953213 0.0017100433)
(1.499752048 -0.001892932701 0.001056833611)
(1.500013652 -0.001350163991 0.0007063256494)
(1.500163497 -0.000885203831 0.0004286704249)
(1.500305682 -0.0005684871101 0.0002524390936)
(1.50044204 -0.0003557997019 0.0001409405378)
(1.50052884 -0.0002156027628 7.224094175e-05)
(1.500586261 -9.935155734e-05 1.105137923e-05)
(1.500624853 -1.236630573e-05 -3.593428185e-05)
(1.500656271 4.9134012e-05 -7.088502779e-05)
(1.500677407 9.473265343e-05 -9.7128359e-05)
(1.50069006 0.000129362216 -0.0001196543347)
(1.500696912 0.0001561742047 -0.000138922569)
(1.500703253 0.0001761618689 -0.0001543708085)
(1.500690962 0.0001893855567 -0.0001656710336)
(1.499995922 8.339533917e-05 -1.005954558e-05)
(1.499976756 0.0002581736822 -3.316940196e-05)
(1.499932937 0.0004797979219 -7.460597101e-05)
(1.499871556 0.0007916172075 -0.0001550156363)
(1.49981906 0.001253688842 -0.0003116222174)
(1.499834409 0.001938368485 -0.0005989247118)
(1.500083514 0.00293134231 -0.001105890707)
(1.500829205 0.004163410163 -0.001844425592)
(1.502548724 0.005418584639 -0.002767142154)
(1.50529039 0.005473490931 -0.003042672763)
(1.507967049 0.003891274034 -0.002300954551)
(1.509458561 0.001295344537 -0.0009486961595)
(1.50943117 -0.001420508674 0.0004492881845)
(1.508111811 -0.003804104565 0.001679748882)
(1.505778818 -0.005272978886 0.002411669745)
(1.503165371 -0.005409373987 0.002443987135)
(1.500959476 -0.004112823673 0.001575865527)
(1.500206853 -0.002693015861 0.000680141485)
(1.500244968 -0.001857322769 0.0002564205913)
(1.500317067 -0.001325084167 5.694442534e-05)
(1.500327422 -0.0009188735748 -6.765050702e-05)
(1.500357462 -0.0006364181324 -0.0001474930214)
(1.500409748 -0.0004644327868 -0.0001554263946)
(1.500452995 -0.000359552899 -0.0001470279154)
(1.500479967 -0.0002943497232 -0.0001313571624)
(1.500497597 -0.0002565512676 -0.0001118812699)
(1.500512375 -0.0002343546578 -8.985143571e-05)
(1.50052272 -0.0002242563308 -7.053917051e-05)
(1.500530247 -0.0002204705545 -4.783856325e-05)
(1.500537715 -0.0002218876125 -2.843933237e-05)
(1.500537757 -0.000225788631 -1.312473888e-05)
(1.500566881 -0.0002366127824 4.273042465e-06)
(1.500000206 8.691751897e-05 -7.482868279e-06)
(1.500001762 0.000267612843 -2.455464162e-05)
(1.50000853 0.0004887127985 -5.348372891e-05)
(1.500033233 0.0007841466254 -0.0001065778514)
(1.500105993 0.001192377662 -0.0002034426708)
(1.500283594 0.001748327986 -0.0003699703393)
(1.500678255 0.002473544857 -0.0006398633717)
(1.501444379 0.003283586323 -0.001006169056)
(1.502774128 0.003974646058 -0.001416158223)
(1.504639828 0.003944231416 -0.001561333585)
(1.506462403 0.002865237158 -0.001223701075)
(1.507544629 0.001029000114 -0.0005350233459)
(1.507578461 -0.0009302179295 0.0002213632825)
(1.506690742 -0.002632834344 0.0008968987004)
(1.505115525 -0.003716717637 0.00133619914)
(1.503277631 -0.003944058132 0.001424888535)
(1.501669494 -0.003271843825 0.001075546259)
(1.500843174 -0.002302875213 0.0006124207346)
(1.500626648 -0.001635837909 0.0003537904836)
(1.500537591 -0.001215077077 0.0002308294507)
(1.50045025 -0.0008810833933 0.0001452209373)
(1.500403694 -0.0006213068586 8.453107049e-05)
(1.500399559 -0.0004455211245 4.918633592e-05)
(1.500406711 -0.0003230880094 2.729993035e-05)
(1.500411381 -0.0002384303319 1.159712203e-05)
(1.500414866 -0.0001722365901 -1.902410815e-06)
(1.500418297 -0.0001270470954 -1.269390196e-05)
(1.500421924 -8.976199025e-05 -2.291519688e-05)
(1.500424432 -6.569345202e-05 -3.174877086e-05)
(1.500426375 -4.180237336e-05 -4.014316726e-05)
(1.500428084 -2.516742353e-05 -4.682872516e-05)
(1.500427606 -1.196329706e-05 -5.594724897e-05)
(1.500003976 8.179254859e-05 -5.404216809e-06)
(1.500021957 0.0002506408215 -1.746077937e-05)
(1.500068474 0.0004509165492 -3.685122253e-05)
(1.500156443 0.0007069083304 -7.066150482e-05)
(1.500312267 0.001040627321 -0.0001288526741)
(1.500581116 0.001464651054 -0.0002231470342)
(1.501033546 0.001970690651 -0.0003652178527)
(1.501751455 0.002483106035 -0.0005467937291)
(1.502800317 0.002848384676 -0.0007320464961)
(1.504119766 0.002759898356 -0.0007999651498)
(1.505378342 0.002021601352 -0.000644864596)
(1.506158492 0.0007564395576 -0.0003060253426)
(1.506215187 -0.0006108740863 7.482127316e-05)
(1.505605125 -0.001808973747 0.0004067812098)
(1.504510524 -0.002604165844 0.0006132868278)
(1.503178784 -0.002848625197 0.0006410704779)
(1.501987684 -0.002519922401 0.0004728375749)
(1.501213751 -0.001914396918 0.0002312067778)
(1.500867917 -0.001427674192 7.920546776e-05)
(1.500678212 -0.001092150419 5.206740929e-06)
(1.500526092 -0.0008193565536 -4.356353003e-05)
(1.500422687 -0.0005969892752 -7.700298084e-05)
(1.500371141 -0.0004409126965 -9.707920139e-05)
(1.500343121 -0.0003320934008 -0.0001014378937)
(1.500324141 -0.0002576531914 -0.0001014953778)
(1.500310166 -0.0002034432043 -9.950524696e-05)
(1.500301677 -0.0001677980459 -9.575485532e-05)
(1.500296148 -0.000141976893 -9.018177966e-05)
(1.500292726 -0.0001270059865 -8.516499529e-05)
(1.500289725 -0.0001159710819 -7.830056341e-05)
(1.500287242 -0.0001114098683 -7.363153041e-05)
(1.500290502 -0.0001086935681 -6.533455575e-05)
(1.500006648 6.985561941e-05 -3.790519328e-06)
(1.500036841 0.0002133016472 -1.212371159e-05)
(1.500112152 0.0003792298896 -2.487735548e-05)
(1.500243319 0.000583790599 -4.601954639e-05)
(1.50045042 0.0008383525125 -8.049276694e-05)
(1.500765806 0.001144090528 -0.000133430949)
(1.501231185 0.001483481661 -0.0002083692683)
(1.501884367 0.001798310802 -0.0002990421818)
(1.502734468 0.001985079682 -0.0003845986426)
(1.503712731 0.001881890596 -0.000415238846)
(1.504613148 0.001384957456 -0.0003426560783)
(1.505190483 0.0005287868566 -0.0001739760714)
(1.505254594 -0.0003809820808 2.075601006e-05)
(1.504832523 -0.001194706841 0.0001967426906)
(1.504045788 -0.001741984869 0.0003112198883)
(1.503077673 -0.001934966479 0.0003421970145)
(1.502150676 -0.001772910496 0.0002847225625)
(1.501457561 -0.00140780281 0.0001794944496)
(1.501046344 -0.001069019582 0.0001009738291)
(1.50078538 -0.0008163996909 5.883174072e-05)
(1.500584682 -0.0006098290795 3.001824074e-05)
(1.500438948 -0.0004377626987 7.971916513e-06)
(1.500350221 -0.0003126364223 -5.105394802e-06)
(1.500293214 -0.0002234009568 -1.311624113e-05)
(1.500254135 -0.0001612825215 -1.787546263e-05)
(1.500225757 -0.0001154654691 -2.121767666e-05)
(1.500206728 -8.336446847e-05 -2.396907285e-05)
(1.500193828 -6.074387932e-05 -2.63623088e-05)
(1.500184818 -4.507782933e-05 -2.862348963e-05)
(1.500178194 -3.456799677e-05 -3.087052669e-05)
(1.500174164 -2.596686024e-05 -3.281277387e-05)
(1.500166857 -2.119521619e-05 -3.541286576e-05)
(1.500008464 5.303010415e-05 -2.664805272e-06)
(1.500046971 0.0001615136874 -8.456742527e-06)
(1.500141558 0.0002846693325 -1.689905119e-05)
(1.500300222 0.0004324048647 -3.020746089e-05)
(1.500536915 0.000609960561 -5.083683727e-05)
(1.500873556 0.0008142849158 -8.095001721e-05)
(1.501333266 0.001028993678 -0.0001213107436)
(1.501928707 0.001214047677 -0.0001676189031)
(1.502644314 0.001305943837 -0.0002088596762)
(1.503411479 0.00121925545 -0.0002230110605)
(1.504099571 0.000893641452 -0.0001864451837)
(1.504536935 0.0003432819811 -0.0001002836454)
(1.504596664 -0.0002358053082 3.320943268e-07)
(1.504291429 -0.0007617611977 9.221367798e-05)
(1.503693393 -0.001123374304 0.0001517847975)
(1.50294803 -0.00127106776 0.00016785089)
(1.502185585 -0.001208598039 0.0001380381295)
(1.501565531 -0.001010142816 8.022312734e-05)
(1.501134069 -0.0007995332951 3.065438168e-05)
(1.500832588 -0.0006285037916 3.09090832e-07)
(1.50060376 -0.0004862288035 -2.012117709e-05)
(1.500432447 -0.0003650887839 -3.544260843e-05)
(1.50031932 -0.0002747864291 -4.45908339e-05)
(1.500241054 -0.0002085362145 -4.946315588e-05)
(1.500188024 -0.0001628416757 -5.170317226e-05)
(1.500148118 -0.000128078572 -5.302646362e-05)
(1.500122478 -0.0001052138714 -5.34003843e-05)
(1.500102609 -8.756570607e-05 -5.313605771e-05)
(1.50009109 -7.751790323e-05 -5.228347874e-05)
(1.500080048 -6.917150078e-05 -5.075888248e-05)
(1.500074621 -6.558037933e-05 -4.971420308e-05)
(1.50006701 -6.265241263e-05 -4.765685199e-05)
(1.500009568 3.300394113e-05 -1.967085622e-06)
(1.500053139 0.0001003543498 -6.200888242e-06)
(1.500159313 0.000175872881 -1.210514903e-05)
(1.500333857 0.0002648175073 -2.098270814e-05)
(1.500586166 0.0003692825786 -3.411071149e-05)
(1.500931245 0.0004860335646 -5.238671019e-05)
(1.501381079 0.0006044130114 -7.567225057e-05)
(1.501936256 0.0007007269986 -0.0001011269756)
(1.502567554 0.0007434646829 -0.0001225343343)
(1.503219595 0.0006871740069 -0.0001293874996)
(1.503791962 0.0004987521029 -0.0001093101918)
(1.504136089 0.00019220167 -6.229991921e-05)
(1.504184004 -0.0001242128423 -8.811149781e-06)
(1.503948828 -0.0004206911217 4.301327913e-05)
(1.503466036 -0.000626148078 7.765054853e-05)
(1.50284508 -0.0007146415048 8.862260253e-05)
(1.502193672 -0.0006895458693 7.60121582e-05)
(1.501626199 -0.000586048426 4.861944694e-05)
(1.501194179 -0.0004662518195 2.299267101e-05)
(1.500870463 -0.0003625244273 6.134719351e-06)
(1.500623938 -0.0002753188712 -5.266506203e-06)
(1.500436131 -0.0002004959639 -1.391666569e-05)
(1.500306646 -0.0001438333361 -1.943393803e-05)
(1.500212952 -0.0001009405567 -2.264134269e-05)
(1.500149713 -7.180468403e-05 -2.442786843e-05)
(1.500101853 -4.655412659e-05 -2.580276177e-05)
(1.500070983 -3.128653391e-05 -2.660489832e-05)
(1.50004589 -1.922398069e-05 -2.728623665e-05)
(1.500031368 -1.218770125e-05 -2.765451553e-05)
(1.50001695 -6.21636035e-06 -2.820123437e-05)
(1.500010282 -2.990597048e-06 -2.856408532e-05)
(1.499997212 -4.747757286e-07 -2.926223624e-05)
(1.500010085 1.119174593e-05 -1.636024705e-06)
(1.500056032 3.400284583e-05 -5.135427447e-06)
(1.500167592 5.942391035e-05 -9.874360683e-06)
(1.500349337 8.9090226e-05 -1.676981282e-05)
(1.500608217 0.0001235358953 -2.662884899e-05)
(1.500956056 0.0001614699503 -3.990397063e-05)
(1.501398961 0.0001994011243 -5.621446278e-05)
(1.501935618 0.0002289754662 -7.336825868e-05)
(1.50252157 0.0002425892259 -8.727201842e-05)
(1.503143723 0.0002194106827 -9.060950942e-05)
(1.503631768 0.000168001332 -7.965406695e-05)
(1.50398712 4.205294487e-05 -3.857541351e-05)
(1.503990028 -4.035814907e-05 -9.806108519e-06)
(1.503781364 -0.0001344200178 2.469081426e-05)
(1.503352467 -0.0002006216484 4.873738547e-05)
(1.502788502 -0.0002299422098 5.665800209e-05)
(1.502188401 -0.0002241774389 4.890283234e-05)
(1.501645153 -0.0001941790426 3.073564386e-05)
(1.501214709 -0.0001582179561 1.17346116e-05)
(1.500881147 -0.0001266823954 -2.728090146e-06)
(1.500625926 -0.0001004427656 -1.309141443e-05)
(1.500431207 -7.82893052e-05 -2.089722767e-05)
(1.500293967 -6.169859065e-05 -2.609148966e-05)
(1.500193143 -4.952085062e-05 -2.942419826e-05)
(1.500125053 -4.17333013e-05 -3.160706598e-05)
(1.500072217 -3.525209597e-05 -3.294910363e-05)
(1.500039669 -3.142504529e-05 -3.332412298e-05)
(1.500012499 -2.924002476e-05 -3.3400446e-05)
(1.499997362 -2.807053463e-05 -3.33866851e-05)
(1.499981706 -2.747192097e-05 -3.32597827e-05)
(1.499974553 -2.733469646e-05 -3.313357306e-05)
(1.499961385 -2.750035929e-05 -3.291620041e-05)
(1.500009974 -1.126682671e-05 -1.276173527e-06)
(1.500055419 -3.425144909e-05 -4.015706133e-06)
(1.500165812 -5.998459103e-05 -7.77442162e-06)
(1.500345774 -9.02287611e-05 -1.330942642e-05)
(1.500602412 -0.0001256636006 -2.129516551e-05)
(1.500947875 -0.0001651879645 -3.212538633e-05)
(1.501388958 -0.0002053728926 -4.550448352e-05)
(1.501925331 -0.0002376626794 -5.963711361e-05)
(1.502513827 -0.0002538810232 -7.104512474e-05)
(1.503141392 -0.0002316943526 -7.350049803e-05)
(1.503636614 -0.0001788842792 -6.355246409e-05)
(1.503998456 -4.659606083e-05 -2.711690827e-05)
(1.50400253 4.036723309e-05 -1.685433817e-06)
(1.503789805 0.0001390715832 2.908992932e-05)
(1.50335337 0.0002080598618 5.116091613e-05)
(1.502781734 0.0002377545595 5.943381804e-05)
(1.502174936 0.0002299240017 5.412619583e-05)
(1.501629912 0.0001965514269 3.960507472e-05)
(1.501202216 0.0001581344236 2.41593544e-05)
(1.500873709 0.0001258684275 1.249652568e-05)
(1.500621827 9.937960851e-05 4.162116527e-06)
(1.500429684 7.706704019e-05 -2.099594833e-06)
(1.500294345 6.050349717e-05 -6.168368559e-06)
(1.500195207 4.895243468e-05 -9.024660958e-06)
(1.500128608 3.987668097e-05 -1.087592e-05)
(1.500076925 3.44131342e-05 -1.146245102e-05)
(1.500045003 3.093842053e-05 -1.173170446e-05)
(1.500018229 2.851740384e-05 -1.189340569e-05)
(1.500003332 2.69638763e-05 -1.195265351e-05)
(1.499987915 2.57763425e-05 -1.198184384e-05)
(1.499981134 2.501307669e-05 -1.197153292e-05)
(1.499968188 2.42617237e-05 -1.19422423e-05)
(1.500009428 -3.323847787e-05 -1.555298274e-06)
(1.500052371 -0.0001011332547 -4.914267612e-06)
(1.50015706 -0.0001776490604 -9.657878176e-06)
(1.500329276 -0.000268462855 -1.687281347e-05)
(1.500578555 -0.0003762096324 -2.764407627e-05)
(1.500920264 -0.0004982325266 -4.27622731e-05)
(1.50136738 -0.0006243102173 -6.220033477e-05)
(1.501921917 -0.0007301879142 -8.365031166e-05)
(1.502557248 -0.0007822185111 -0.0001019474093)
(1.503217226 -0.0007303907649 -0.0001078738419)
(1.503801502 -0.0005351284432 -9.017346656e-05)
(1.504154609 -0.000212264451 -4.884787458e-05)
(1.504204765 0.000124234885 -1.264166384e-06)
(1.503963508 0.0004374152398 4.509660299e-05)
(1.503469818 0.0006527987391 7.694214387e-05)
(1.502837514 0.0007423316697 8.84335418e-05)
(1.502175805 0.0007083994283 7.925625553e-05)
(1.501606947 0.0005904814749 5.692449452e-05)
(1.501178604 0.00045921885 3.592437314e-05)
(1.500862883 0.000350920535 2.243894275e-05)
(1.50061974 0.0002604840233 1.31502075e-05)
(1.500434946 0.0001831183721 5.964619039e-06)
(1.500307364 0.0001249247433 1.410487133e-06)
(1.500216782 7.991606508e-05 -1.447113532e-06)
(1.500154385 5.047230871e-05 -3.299317551e-06)
(1.500106579 2.686280723e-05 -4.628092263e-06)
(1.500075861 1.244102024e-05 -5.410190691e-06)
(1.500051296 5.639470114e-07 -5.933219565e-06)
(1.500036915 -5.7832805e-06 -6.22254545e-06)
(1.500022566 -1.06229092e-05 -6.427218185e-06)
(1.500015736 -1.252878631e-05 -6.444764274e-06)
(1.500004274 -1.278390596e-05 -6.37689356e-06)
(1.500008262 -5.344916333e-05 -2.144803687e-06)
(1.500045854 -0.0001629138152 -6.820601891e-06)
(1.50013823 -0.0002879269421 -1.371514238e-05)
(1.500293288 -0.000439250258 -2.469913845e-05)
(1.500525022 -0.0006233233094 -4.18912865e-05)
(1.500855746 -0.0008385152942 -6.723783389e-05)
(1.501310239 -0.001069812987 -0.0001016492333)
(1.50190398 -0.00127635088 -0.0001418421998)
(1.502626828 -0.001390259222 -0.0001786678715)
(1.503410708 -0.001313614136 -0.0001925376411)
(1.504121191 -0.0009736659712 -0.0001609053361)
(1.504576469 -0.0003855241539 -8.467243249e-05)
(1.504638859 0.0002374480896 5.661600066e-06)
(1.504321867 0.0008013955864 8.82080723e-05)
(1.503703787 0.001186635276 0.0001430976169)
(1.502936042 0.001338310861 0.0001596189115)
(1.502155112 0.001258559424 0.0001345752851)
(1.501529851 0.001031110183 8.341496593e-05)
(1.501108277 0.0008009154813 4.034837818e-05)
(1.500819294 0.0006232401692 1.542037316e-05)
(1.500596515 0.0004772928772 -8.877865516e-07)
(1.500428159 0.0003527879718 -1.276277312e-05)
(1.500318663 0.0002610192578 -2.016895138e-05)
(1.500243459 0.0001941949202 -2.292230423e-05)
(1.500192253 0.000147748944 -2.439910148e-05)
(1.500153437 0.0001110445789 -2.528553611e-05)
(1.500129332 8.650300576e-05 -2.548815327e-05)
(1.500110483 6.599268515e-05 -2.535014476e-05)
(1.500099967 5.39312629e-05 -2.511881778e-05)
(1.500089467 4.179808131e-05 -2.482972595e-05)
(1.500085048 3.59256385e-05 -2.472102347e-05)
(1.50007463 2.914788584e-05 -2.464047767e-05)
(1.500006335 -7.048961776e-05 -3.099594709e-06)
(1.500035102 -0.0002154474513 -9.927354469e-06)
(1.500106876 -0.0003843661964 -2.049065066e-05)
(1.500231995 -0.0005949473226 -3.81744526e-05)
(1.500430246 -0.0008610164931 -6.731668803e-05)
(1.500734211 -0.001186946025 -0.0001125976396)
(1.501188379 -0.001559253453 -0.0001779343696)
(1.501836614 -0.001919032242 -0.0002589076519)
(1.502699816 -0.002156163101 -0.0003394338225)
(1.503717758 -0.002074934795 -0.0003724429441)
(1.504667599 -0.001540389099 -0.0003093508695)
(1.505273952 -0.00061127337 -0.0001591591527)
(1.505340713 0.0003938867571 1.984026554e-05)
(1.50489749 0.00127955024 0.0001813179783)
(1.50407338 0.001869722556 0.0002909266156)
(1.503059383 0.002060316579 0.0003260296338)
(1.502101558 0.001847453528 0.000279381016)
(1.501400901 0.0014130911 0.0001845386576)
(1.501009079 0.00103443495 0.0001125711054)
(1.500769965 0.0007704495652 7.48219472e-05)
(1.500576694 0.0005521992544 4.840415563e-05)
(1.500435758 0.0003720341898 2.85315112e-05)
(1.500350332 0.0002430316223 1.62812934e-05)
(1.500296238 0.0001561437225 9.591848295e-06)
(1.500257166 9.709658166e-05 5.191139029e-06)
(1.500228909 5.657674238e-05 2.547167015e-06)
(1.500209318 2.964721763e-05 1.183205999e-06)
(1.500196584 1.36992632e-05 8.326880658e-07)
(1.50018715 3.720837431e-06 9.58769762e-07)
(1.500181295 -1.344553737e-06 1.555692259e-06)
(1.500174432 -1.802918727e-06 2.615024594e-06)
(1.500175381 -7.783169897e-07 3.470507718e-06)
(1.500003371 -8.26380519e-05 -4.477901995e-06)
(1.500019172 -0.0002536077276 -1.44701892e-05)
(1.500059945 -0.0004583310281 -3.070744956e-05)
(1.500137515 -0.0007237389619 -5.929970692e-05)
(1.50027705 -0.001076663481 -0.000109149193)
(1.500522868 -0.001536651571 -0.0001911394231)
(1.500950272 -0.002106647446 -0.000318168206)
(1.501652599 -0.002712198347 -0.0004861695667)
(1.502726885 -0.003194071822 -0.000670892023)
(1.50413443 -0.00315155351 -0.0007482583866)
(1.505497225 -0.002328381674 -0.0006106198182)
(1.506332907 -0.0009006882333 -0.0003029224857)
(1.506390194 0.0006486478325 4.862195356e-05)
(1.505728544 0.00201774288 0.0003629538406)
(1.504548076 0.002917588036 0.000563684605)
(1.503122982 0.003170824478 0.0005923203368)
(1.501869552 0.002739956357 0.0004373975101)
(1.501097812 0.001997474197 0.0002135689555)
(1.500800287 0.001450251128 8.328959844e-05)
(1.500645127 0.001106477393 2.673509178e-05)
(1.500505964 0.0008217525929 -1.063644404e-05)
(1.500413005 0.0005852853421 -3.646048346e-05)
(1.500372051 0.0004163074788 -4.884295122e-05)
(1.500351971 0.0002956659693 -5.264396702e-05)
(1.500337294 0.0002082984948 -5.327446659e-05)
(1.50032628 0.0001397102899 -5.302862572e-05)
(1.500320089 9.09224726e-05 -5.241437368e-05)
(1.500316085 5.155019506e-05 -5.151614629e-05)
(1.500313726 2.552290095e-05 -5.112926253e-05)
(1.500310935 1.561371307e-06 -5.133655863e-05)
(1.500310186 -1.244982964e-05 -5.170370093e-05)
(1.500300331 -2.823653194e-05 -5.257874764e-05)
(1.499999782 -8.797031678e-05 -6.240173608e-06)
(1.499997449 -0.0002713206538 -2.053451839e-05)
(1.499994864 -0.0004984909691 -4.499122415e-05)
(1.500001722 -0.0008076935663 -9.034503578e-05)
(1.500044403 -0.001246439655 -0.0001744639659)
(1.500174798 -0.0018641303 -0.0003220561103)
(1.500512538 -0.002711486926 -0.000571015006)
(1.501231633 -0.003714610526 -0.0009258796378)
(1.502612268 -0.004681682299 -0.00136821269)
(1.504678616 -0.004733846974 -0.001544322752)
(1.506718938 -0.003458865785 -0.00122699958)
(1.507909762 -0.001296250949 -0.0005686974256)
(1.507944224 0.001003431082 0.0001665284823)
(1.506972276 0.002998367281 0.000844736026)
(1.505220207 0.004245412342 0.001315783263)
(1.503208877 0.004449663444 0.001435578247)
(1.501442268 0.003523494209 0.001067128027)
(1.500648102 0.002289024182 0.0005712308432)
(1.500536018 0.001507017546 0.0003116881549)
(1.500499034 0.001053980231 0.0002048313655)
(1.500423622 0.0007007382474 0.0001289352679)
(1.500378379 0.0004491237494 7.82901616e-05)
(1.500383588 0.0002965219232 5.029925526e-05)
(1.500392297 0.0002039643863 3.857466791e-05)
(1.500396155 0.000146107435 3.310436127e-05)
(1.500399164 0.0001091220885 3.302121523e-05)
(1.500403417 8.738928512e-05 3.498315382e-05)
(1.500408165 7.35149781e-05 3.884623065e-05)
(1.500410778 6.776390196e-05 4.317976712e-05)
(1.500414537 6.531740465e-05 4.880100226e-05)
(1.500413592 6.554103417e-05 5.397980194e-05)
(1.500438922 6.81449746e-05 6.02661868e-05)
(1.499994652 -8.452312218e-05 -8.443472112e-06)
(1.499970205 -0.0002622124474 -2.792968907e-05)
(1.499911874 -0.0004912436692 -6.324592612e-05)
(1.499820573 -0.0008213386272 -0.0001326069248)
(1.499713427 -0.001328503393 -0.0002708898391)
(1.499632501 -0.002114784553 -0.0005316470978)
(1.499751469 -0.00333496618 -0.001020431594)
(1.500358912 -0.004958722761 -0.001778813532)
(1.50219127 -0.006880121168 -0.002874678115)
(1.505398115 -0.007059655782 -0.003244994098)
(1.508507964 -0.005015113856 -0.002532591602)
(1.510161029 -0.001703850179 -0.001177953066)
(1.510111036 0.001788438809 0.0002715234082)
(1.508579195 0.004866993392 0.001578031009)
(1.505915034 0.006700078873 0.002363940315)
(1.502906448 0.006750150184 0.002519940607)
(1.500436747 0.004846593832 0.001653009637)
(1.499820456 0.003002393991 0.0007352163877)
(1.500060642 0.00207016537 0.0003485778052)
(1.500235648 0.001454086069 0.0001760285722)
(1.50030228 0.0009280009659 6.268092141e-05)
(1.500374894 0.0005412335363 3.612486316e-06)
(1.500454338 0.000287248487 -1.627776782e-05)
(1.50050554 0.0001157024165 -2.001179236e-05)
(1.500536556 -2.31375188e-05 -2.085143241e-05)
(1.500560933 -0.0001194174628 -2.133847295e-05)
(1.500573709 -0.0001868553653 -2.272139523e-05)
(1.500581004 -0.000237535409 -2.554114522e-05)
(1.500586227 -0.0002762334686 -2.917869618e-05)
(1.50058883 -0.0003069764428 -3.353575482e-05)
(1.500592063 -0.0003301525255 -3.738386445e-05)
(1.500579934 -0.0003478769933 -4.323357937e-05)
(1.499989224 -7.091242768e-05 -1.070119825e-05)
(1.499940052 -0.0002213777121 -3.581352791e-05)
(1.499817447 -0.0004232551279 -8.383230243e-05)
(1.499602251 -0.0007323280258 -0.0001841585907)
(1.499280135 -0.001252644096 -0.0004002090537)
(1.498840227 -0.002159933707 -0.0008515867028)
(1.498508864 -0.003826383832 -0.001798443995)
(1.49866602 -0.006379910509 -0.003464654009)
(1.50120496 -0.01008859706 -0.006218242531)
(1.506454807 -0.01033777553 -0.006873478562)
(1.511264687 -0.007081160667 -0.005194164125)
(1.513605519 -0.002248107225 -0.002191446138)
(1.513470115 0.002936617721 0.001132096541)
(1.511130196 0.007735035548 0.004154568332)
(1.506870071 0.01069999532 0.005895923949)
(1.502136824 0.01030683535 0.005790058441)
(1.498799493 0.006118652375 0.003214060226)
(1.498796855 0.003127208028 0.001305805716)
(1.499529302 0.002115237104 0.0008014268021)
(1.499828555 0.001640347154 0.000561692888)
(1.499982228 0.001286800765 0.000356422783)
(1.500153101 0.001080502538 0.0002519487056)
(1.50031958 0.0009628838219 0.0002211042829)
(1.500429397 0.0008944274724 0.0002204483673)
(1.500498617 0.0008503651903 0.0002337105448)
(1.500546096 0.0008244130761 0.0002517890369)
(1.500584186 0.000807810136 0.0002743715517)
(1.500611991 0.0007977189773 0.0002982741532)
(1.500628941 0.0007922790452 0.0003200898346)
(1.50064601 0.00078938666 0.000345139529)
(1.500648628 0.0007891864903 0.0003611904029)
(1.500714604 0.0007918379548 0.0003846962182)
(1.499984326 -4.744947301e-05 -1.261725538e-05)
(1.499912783 -0.0001488275622 -4.265613046e-05)
(1.499729549 -0.0002892527676 -0.0001025911627)
(1.499383396 -0.0005157343831 -0.0002341638904)
(1.498800088 -0.0009289490511 -0.0005427072317)
(1.497792754 -0.001747390792 -0.001256289353)
(1.496636541 -0.003551274537 -0.003076728079)
(1.495440453 -0.007152134979 -0.006770401706)
(1.49989991 -0.0139653387 -0.01444284615)
(1.508240065 -0.01406438268 -0.01417311279)
(1.515343004 -0.009508998408 -0.009879511522)
(1.518514508 -0.003430729394 -0.003564543272)
(1.5183283 0.003068855346 0.003413263991)
(1.515110151 0.00943882996 0.009895482838)
(1.508084142 0.01451362006 0.01370336359)
(1.499817677 0.01536869988 0.01288691807)
(1.495345771 0.009158230411 0.006555228651)
(1.497026828 0.004957619252 0.002667716006)
(1.499052103 0.002677219215 0.001461357285)
(1.499839619 0.001512825735 0.001024802625)
(1.500141035 0.0007980230905 0.0008113447037)
(1.500376178 0.0004198989678 0.0007477163638)
(1.5005702 0.000192609775 0.0007192658978)
(1.500685484 5.348370463e-05 0.0006899063746)
(1.50074916 -4.687840909e-05 0.0006624865088)
(1.500788053 -0.0001193203484 0.0006374830999)
(1.5008132 -0.0001705262973 0.0006143039341)
(1.500829155 -0.0002084172004 0.0005924607853)
(1.500839121 -0.0002354844477 0.0005725175996)
(1.500845556 -0.0002574923793 0.0005534126466)
(1.500847964 -0.0002718912338 0.0005370101761)
(1.50083541 -0.0002863580448 0.0005235651766)
(1.499981432 -1.609400472e-05 -1.375002968e-05)
(1.499896617 -5.191708541e-05 -4.684684889e-05)
(1.499675265 -0.0001019951616 -0.000113482063)
(1.499242436 -0.0001853636685 -0.0002675176999)
(1.498445722 -0.0003437893581 -0.0006313058289)
(1.496898894 -0.0006887745492 -0.001594906215)
(1.494315689 -0.001524670231 -0.004228047088)
(1.490582606 -0.003560994483 -0.0132311953)
(1.49662362 -0.007768619749 -0.02819115755)
(1.509882101 -0.008056701903 -0.02565476236)
(1.520046628 -0.005469512036 -0.01650917635)
(1.523707382 -0.002350607887 -0.006127603026)
(1.523689319 0.001081535099 0.004869802512)
(1.520193188 0.004691058942 0.01542357545)
(1.511470516 0.007828600534 0.02368994559)
(1.498519441 0.00961427031 0.02240232178)
(1.489816917 0.005783212304 0.002952907818)
(1.492895501 0.00451715049 0.001910637404)
(1.496404311 0.003395355515 -0.0003686261586)
(1.498022392 0.002540786483 -0.001926530521)
(1.498852616 0.002044026063 -0.002473377352)
(1.49943174 0.001739211419 -0.00249292756)
(1.499795147 0.001546102054 -0.002444096301)
(1.500001203 0.001418242358 -0.002368839979)
(1.500124331 0.001329510272 -0.002287176776)
(1.50021511 0.001259418269 -0.002200291806)
(1.50027394 0.001211754526 -0.002128605302)
(1.500320182 0.001172572212 -0.002060061611)
(1.500347283 0.001147372492 -0.002008859793)
(1.500377102 0.001123048897 -0.001953088624)
(1.500380458 0.001110654147 -0.001919404811)
(1.500468359 0.00109591344 -0.001870365249)
(1.499981446 1.67424304e-05 -1.377579717e-05)
(1.49989671 5.392334949e-05 -4.693075575e-05)
(1.49967554 0.0001056798962 -0.0001136374634)
(1.499243427 0.0001913296737 -0.0002678916997)
(1.498448129 0.0003543100269 -0.0006316361621)
(1.496911128 0.000707511436 -0.001596417368)
(1.494351979 0.001576022809 -0.004215059773)
(1.490746895 0.003669376725 -0.01310647115)
(1.496760645 0.008160392604 -0.02778270236)
(1.509825191 0.008437767093 -0.02544519683)
(1.519989429 0.005796138903 -0.01624399923)
(1.523679079 0.002658965781 -0.006005445639)
(1.523719189 -0.0007615093606 0.004854200089)
(1.520266889 -0.00433526801 0.01530642333)
(1.511755686 -0.007362336894 0.02353354847)
(1.499042447 -0.008794870268 0.02283148389)
(1.490512846 -0.004126488076 0.004095899884)
(1.493537281 -0.00271806081 0.004012336858)
(1.496900236 -0.001127506012 0.003263008866)
(1.498323336 -0.0001743668956 0.002495635915)
(1.499073893 0.0003917062373 0.002098876044)
(1.499633321 0.000792547773 0.001969730102)
(1.499939184 0.001095421304 0.001884541693)
(1.500137823 0.00133434281 0.001798124509)
(1.500259436 0.001491776926 0.001725009282)
(1.500339477 0.001619807818 0.001658382073)
(1.500394023 0.001726419776 0.001597099357)
(1.500432349 0.001816086661 0.001540510772)
(1.500457883 0.001892450302 0.001489214468)
(1.500476869 0.001957751193 0.001440415029)
(1.500488384 0.002012660919 0.001403179603)
(1.5005059 0.002055638465 0.001347712548)
(1.499984368 4.805806924e-05 -1.268965139e-05)
(1.499913028 0.0001506905692 -4.288956205e-05)
(1.499730343 0.0002925698649 -0.0001030434768)
(1.499385782 0.0005210088824 -0.0002350557176)
(1.498805766 0.0009367354247 -0.0005439288437)
(1.497811197 0.001759679303 -0.001257899961)
(1.496669468 0.003561333567 -0.00306675417)
(1.495548134 0.007158102828 -0.00671875563)
(1.499940679 0.01380725733 -0.01422662164)
(1.508244535 0.01396082953 -0.01398719273)
(1.515365254 0.009472703625 -0.009597725474)
(1.518526331 0.003454060203 -0.003268836683)
(1.518335428 -0.003031366082 0.003701469629)
(1.515124236 -0.00944139374 0.01020370739)
(1.508216342 -0.01452821704 0.01401714741)
(1.500044436 -0.01564591906 0.01328174236)
(1.495478083 -0.009599008014 0.007319940927)
(1.496938674 -0.006073299771 0.003942953862)
(1.498841321 -0.004064974594 0.001976931167)
(1.499645594 -0.002963396296 0.0009074783925)
(1.500002184 -0.002356557864 0.0002604694162)
(1.50030859 -0.002006948554 1.614123021e-06)
(1.500521079 -0.001816350109 -0.0001122088944)
(1.500644693 -0.001711961737 -0.0001690266296)
(1.500717788 -0.001644289482 -0.0001934122354)
(1.50076509 -0.001598695088 -0.0001994851911)
(1.50079452 -0.001569142902 -0.0001958822254)
(1.500811841 -0.001550979219 -0.0001869939433)
(1.500821818 -0.001540988798 -0.0001751677666)
(1.500828658 -0.0015353269 -0.0001621533158)
(1.500833361 -0.001533172715 -0.0001493130958)
(1.500821713 -0.001531195916 -0.0001363878321)
(1.499989282 7.144193554e-05 -1.081055628e-05)
(1.499940378 0.0002229846268 -3.615715467e-05)
(1.499818491 0.0004260168543 -8.451452774e-05)
(1.499604937 0.0007363676539 -0.0001853477025)
(1.499285926 0.001257656634 -0.0004021845694)
(1.498853549 0.002164892203 -0.0008542135084)
(1.498532593 0.003822924728 -0.001799321735)
(1.498716922 0.006362617881 -0.003459061735)
(1.501254776 0.009998807266 -0.006161680773)
(1.506477537 0.01024833802 -0.006820749624)
(1.511281006 0.006985750243 -0.005130236066)
(1.513616083 0.00214633297 -0.002117109068)
(1.513481528 -0.003040865855 0.001218032)
(1.511155721 -0.007830637129 0.004251528995)
(1.506934647 -0.01081955739 0.006001482949)
(1.502211926 -0.01052474195 0.005949123663)
(1.498877263 -0.00645747669 0.003334026501)
(1.498852405 -0.003547320958 0.0013296397)
(1.499571522 -0.002408697215 0.0007014126861)
(1.499923075 -0.0017950802 0.00047737668)
(1.500096179 -0.001382711595 0.0003228593664)
(1.500261249 -0.001146033429 0.0002619468898)
(1.500406701 -0.001019333427 0.0002425967324)
(1.500507515 -0.0009430329149 0.0002298831685)
(1.500567017 -0.000899085317 0.0002165581329)
(1.500609275 -0.0008713162803 0.0002020942253)
(1.500637059 -0.0008557804131 0.000186612662)
(1.500659275 -0.0008445696343 0.0001705321534)
(1.500672796 -0.0008385359022 0.0001542358718)
(1.500686356 -0.0008330684918 0.0001374767294)
(1.500691844 -0.000830180823 0.0001218184744)
(1.500711162 -0.0008279958361 0.000108466586)
(1.499994713 8.495915165e-05 -8.577958294e-06)
(1.499970543 0.0002635250315 -2.834868004e-05)
(1.499912927 0.0004934150901 -6.405231117e-05)
(1.499823034 0.0008242944779 -0.0001339997235)
(1.49971828 0.001331708091 -0.0002731502736)
(1.499641907 0.002117136017 -0.0005351388636)
(1.499767285 0.003331736225 -0.001024794198)
(1.50038562 0.004946164334 -0.001782836241)
(1.502219384 0.006834192102 -0.002866676314)
(1.50541556 0.007006996627 -0.003236758241)
(1.508520602 0.004958688717 -0.002525493468)
(1.510175301 0.001640774419 -0.001169156679)
(1.510129568 -0.001842803201 0.000274883785)
(1.508603856 -0.004924189895 0.001577759952)
(1.505953208 -0.006765331094 0.002355456242)
(1.502960367 -0.006857092826 0.002514904748)
(1.500492637 -0.004952524725 0.001611638101)
(1.499879763 -0.003160450789 0.0007485222866)
(1.500080941 -0.002238647811 0.0003749994524)
(1.500231251 -0.001658974908 0.0001751829913)
(1.500286605 -0.001208064165 1.558401358e-05)
(1.500354298 -0.0008855337867 -9.054794821e-05)
(1.500429644 -0.0006844371388 -0.0001459053512)
(1.500487235 -0.0005479621646 -0.0001773655502)
(1.500521916 -0.0004555987263 -0.0001945970266)
(1.500544808 -0.0003904122322 -0.0002036370631)
(1.500561289 -0.0003450411552 -0.0002072242879)
(1.500572604 -0.0003124098942 -0.0002076741273)
(1.500579882 -0.0002889011531 -0.0002065287944)
(1.50058411 -0.0002722987349 -0.0002044917073)
(1.500590904 -0.000261249956 -0.0002022812638)
(1.500575938 -0.0002518809483 -0.0002003059735)
(1.499999812 8.83163979e-05 -6.386540033e-06)
(1.499997761 0.0002723496902 -2.098974605e-05)
(1.499995826 0.0005001469232 -4.585274232e-05)
(1.500003839 0.0008098366911 -9.179320769e-05)
(1.500048317 0.001248621444 -0.0001767686345)
(1.500181571 0.001865505758 -0.0003255842937)
(1.500522994 0.002709563188 -0.0005759501226)
(1.501246884 0.003706702221 -0.0009323077375)
(1.502629212 0.004659962858 -0.001373544595)
(1.504691717 0.004706074357 -0.001550169959)
(1.50672954 0.003429594124 -0.001235216144)
(1.507921242 0.001264400257 -0.0005790386874)
(1.507958277 -0.001035693461 0.0001530483498)
(1.506990249 -0.003036568201 0.0008283532161)
(1.505244738 -0.004290472384 0.001296330168)
(1.503241319 -0.00451435676 0.001413732779)
(1.501470195 -0.003600657378 0.001038901661)
(1.500672199 -0.002411832599 0.000549285598)
(1.500539362 -0.001651925267 0.0002773039937)
(1.500496112 -0.001188226297 0.0001478781458)
(1.500429185 -0.0008236707521 6.230817788e-05)
(1.500396389 -0.000556960436 9.374928575e-06)
(1.500400757 -0.0003888919643 -1.726207105e-05)
(1.500411458 -0.0002820182469 -3.159421128e-05)
(1.500417054 -0.0002153243328 -4.119571308e-05)
(1.500420587 -0.000171986247 -4.91763355e-05)
(1.50042401 -0.0001473222165 -5.609839803e-05)
(1.500427221 -0.0001338864061 -6.29605538e-05)
(1.500429289 -0.0001285005451 -6.883350103e-05)
(1.500431277 -0.0001275274223 -7.574985097e-05)
(1.500432382 -0.0001294422039 -8.108546058e-05)
(1.500434628 -0.0001368977183 -8.936620249e-05)
(1.500003436 8.290244179e-05 -4.627266595e-06)
(1.500019452 0.0002543868918 -1.493463786e-05)
(1.500060783 0.0004595610703 -3.15708739e-05)
(1.500139289 0.000725278543 -6.071581126e-05)
(1.500280181 0.001078176915 -0.0001113453669)
(1.500527884 0.001537546241 -0.0001944193964)
(1.500957549 0.002105619495 -0.0003228285542)
(1.501662373 0.002707854244 -0.0004924864291)
(1.50273798 0.003183713023 -0.0006784424406)
(1.504144437 0.003137029333 -0.0007571788475)
(1.505506134 0.002312589953 -0.0006215445677)
(1.506342449 0.0008837684511 -0.0003159358603)
(1.506401527 -0.0006675436629 3.343795101e-05)
(1.505743329 -0.00203885876 0.0003449199051)
(1.504565492 -0.002943765766 0.0005423616452)
(1.503144508 -0.00320694863 0.0005669401765)
(1.501888866 -0.002784197429 0.0004061851729)
(1.501117544 -0.002059120109 0.0001792495063)
(1.500812486 -0.001514794586 4.602516714e-05)
(1.500650242 -0.001160628655 -1.286591014e-05)
(1.500508806 -0.0008734460166 -5.247261271e-05)
(1.500414377 -0.0006455328454 -8.165261151e-05)
(1.500369787 -0.0004863573586 -9.831681663e-05)
(1.500346749 -0.0003784168571 -0.000106205953)
(1.500330441 -0.0003020471011 -0.0001104386781)
(1.500319013 -0.0002483108223 -0.0001122389205)
(1.500311985 -0.0002100372826 -0.0001128621004)
(1.50030804 -0.0001842711167 -0.0001122276338)
(1.500305695 -0.0001659883277 -0.0001112503583)
(1.500303432 -0.0001529877554 -0.0001094562633)
(1.500303228 -0.0001456116862 -0.000107484008)
(1.500295816 -0.0001422672102 -0.000105584099)
(1.500006378 7.068087285e-05 -3.247712975e-06)
(1.500035345 0.0002160125477 -1.038430409e-05)
(1.5001076 0.0003852480554 -2.13267416e-05)
(1.500233492 0.0005960270612 -3.951668266e-05)
(1.500432797 0.0008620595334 -6.93487394e-05)
(1.500738105 0.001187567284 -0.0001155576671)
(1.501193796 0.001558778391 -0.000182083985)
(1.501843557 0.001916722267 -0.0002645006228)
(1.50270776 0.002151001115 -0.0003465309265)
(1.503725693 0.002067328221 -0.0003810887495)
(1.5046753 0.001531732562 -0.0003196994591)
(1.505282241 0.0006019663749 -0.0001714858885)
(1.505350401 -0.0004045157318 5.578911114e-06)
(1.504908958 -0.001292073168 0.0001645786422)
(1.504086898 -0.00188557704 0.0002713568498)
(1.50307368 -0.002081494001 0.0003032161666)
(1.502116367 -0.001874227801 0.0002527817386)
(1.50141343 -0.001447367873 0.0001543822051)
(1.501017842 -0.001074785454 8.047660338e-05)
(1.500771306 -0.0008092554135 3.993033908e-05)
(1.500576672 -0.0005930620267 1.111399642e-05)
(1.500434764 -0.0004133974021 -1.099241374e-05)
(1.500350131 -0.0002856943348 -2.415142483e-05)
(1.500295165 -0.0001953796732 -3.147903168e-05)
(1.500257691 -0.0001348901698 -3.609863187e-05)
(1.500229016 -8.945854527e-05 -3.988877165e-05)
(1.500211605 -6.187093007e-05 -4.268355688e-05)
(1.500198514 -3.988065088e-05 -4.534292684e-05)
(1.500190069 -3.044514462e-05 -4.75202347e-05)
(1.500181617 -2.352605662e-05 -5.059038958e-05)
(1.500178403 -2.14859929e-05 -5.237831758e-05)
(1.500170566 -2.204287414e-05 -5.537547175e-05)
(1.5000083 5.357865319e-05 -2.288879753e-06)
(1.500046068 0.0001632955681 -7.26305249e-06)
(1.500138866 0.0002885176992 -1.451484146e-05)
(1.500294579 0.000439964173 -2.596089435e-05)
(1.500527173 0.000624008503 -4.376323173e-05)
(1.500858935 0.0008389371193 -6.99062485e-05)
(1.501314558 0.001069616883 -0.0001053242119)
(1.501909394 0.001275148415 -0.0001467275431)
(1.502633065 0.001387658398 -0.0001849111713)
(1.50341734 0.001309672829 -0.0002002031555)
(1.504127994 0.0009689924427 -0.0001700870827)
(1.504583887 0.0003803512925 -9.556262188e-05)
(1.504647289 -0.0002434575444 -6.927504756e-06)
(1.504331475 -0.0008086821019 7.36129507e-05)
(1.503714522 -0.001195905926 0.0001261787939)
(1.502947356 -0.001350431716 0.0001401430052)
(1.502166007 -0.001273934049 0.0001121219064)
(1.501539482 -0.001050673118 5.810455069e-05)
(1.501114746 -0.0008230888006 1.270378648e-05)
(1.500822677 -0.0006451079007 -1.381630505e-05)
(1.500597477 -0.0004973071703 -3.130033087e-05)
(1.500429029 -0.0003725642254 -4.397249961e-05)
(1.500317909 -0.0002802072333 -5.165149872e-05)
(1.500241876 -0.0002139808814 -5.554323815e-05)
(1.500189447 -0.0001680807164 -5.763697344e-05)
(1.50015028 -0.0001337828568 -5.902205529e-05)
(1.500124968 -0.0001110657553 -5.965689146e-05)
(1.50010567 -9.389247083e-05 -5.954443453e-05)
(1.500094494 -8.404275395e-05 -5.904380891e-05)
(1.500083717 -7.613007154e-05 -5.843050196e-05)
(1.500078864 -7.215839781e-05 -5.771710616e-05)
(1.500069617 -7.017119968e-05 -5.695488554e-05)
(1.500009463 3.331327549e-05 -1.695307985e-06)
(1.500052566 0.0001013533734 -5.343072347e-06)
(1.500157636 0.0001779881881 -1.042620862e-05)
(1.500330434 0.0002688699661 -1.807007667e-05)
(1.500580458 0.0003765998559 -2.939427963e-05)
(1.500923039 0.0004984797778 -4.521806417e-05)
(1.501371081 0.0006242425472 -6.553291019e-05)
(1.501926524 0.0007296159136 -8.802816629e-05)
(1.50256257 0.0007810029617 -0.0001075112436)
(1.503223159 0.0007284791063 -0.0001147193286)
(1.503807724 0.000532816602 -9.841941706e-05)
(1.504161497 0.0002095816165 -5.862379327e-05)
(1.504212405 -0.000127374752 -1.250800553e-05)
(1.503971986 -0.0004412647514 3.210241778e-05)
(1.503479005 -0.0006577155101 6.194861492e-05)
(1.502846827 -0.0007487147793 7.12235624e-05)
(1.502184927 -0.0007165661466 5.965686719e-05)
(1.501614412 -0.0006004625026 3.492935231e-05)
(1.501184345 -0.000470669618 1.198966253e-05)
(1.500865758 -0.0003622677452 -2.9198599e-06)
(1.500620882 -0.0002716625809 -1.322908643e-05)
(1.500434714 -0.000194560962 -2.121224062e-05)
(1.500306232 -0.0001363055327 -2.643365078e-05)
(1.500213711 -9.349372088e-05 -2.958847601e-05)
(1.500151848 -6.15901087e-05 -3.14576038e-05)
(1.500103477 -3.781308498e-05 -3.294094875e-05)
(1.500072782 -2.287459676e-05 -3.38179132e-05)
(1.500047844 -1.098012177e-05 -3.458827475e-05)
(1.500033398 -3.797421153e-06 -3.508559709e-05)
(1.500018835 9.911083931e-07 -3.584371116e-05)
(1.500012342 3.397889475e-06 -3.630557718e-05)
(1.499999125 4.769547509e-06 -3.7160065e-05)
(1.500010007 1.129127369e-05 -1.413754693e-06)
(1.500055604 3.432334539e-05 -4.436501567e-06)
(1.500166358 6.009515801e-05 -8.524984915e-06)
(1.500346866 9.036111819e-05 -1.447138291e-05)
(1.500604196 0.0001257904761 -2.298051419e-05)
(1.500950458 0.000165269644 -3.447050158e-05)
(1.501392381 0.0002053576619 -4.866029754e-05)
(1.501929591 0.0002374920181 -6.375814844e-05)
(1.502518735 0.0002535266838 -7.624386123e-05)
(1.503147057 0.0002311094378 -7.996636741e-05)
(1.503642464 0.0001782063473 -7.119849409e-05)
(1.5040052 4.574602549e-05 -3.666204827e-05)
(1.504009809 -4.13525145e-05 -1.22997489e-05)
(1.50379776 -0.0001402898989 1.691766905e-05)
(1.503361845 -0.0002096132548 3.716179499e-05)
(1.502790202 -0.0002397682697 4.34379097e-05)
(1.502183126 -0.0002324547755 3.59938514e-05)
(1.501636664 -0.0001996168954 1.936807196e-05)
(1.501207381 -0.0001616273193 2.154890987e-06)
(1.500876468 -0.0001293982057 -1.084590079e-05)
(1.500623161 -0.0001028605168 -2.011584005e-05)
(1.500429488 -8.044829652e-05 -2.704831996e-05)
(1.500293465 -6.375513753e-05 -3.161584358e-05)
(1.500193305 -5.186179212e-05 -3.472553988e-05)
(1.500125784 -4.334262736e-05 -3.666730057e-05)
(1.500073366 -3.724819247e-05 -3.759595587e-05)
(1.5000412 -3.386190591e-05 -3.786310537e-05)
(1.500014033 -3.172071445e-05 -3.803278774e-05)
(1.499998972 -3.056004176e-05 -3.811953103e-05)
(1.499983367 -2.997635206e-05 -3.816278543e-05)
(1.49997634 -2.984748747e-05 -3.817166487e-05)
(1.499962966 -2.999749325e-05 -3.81154912e-05)
(1.500009916 -1.134242559e-05 -8.378014595e-07)
(1.500055103 -3.449488896e-05 -2.635960091e-06)
(1.5001649 -6.049488855e-05 -5.111560112e-06)
(1.500343946 -9.119665259e-05 -8.772397106e-06)
(1.50059943 -0.0001273855067 -1.407418709e-05)
(1.500943711 -0.0001681031241 -2.129434458e-05)
(1.501384045 -0.0002099741792 -3.025797881e-05)
(1.501920842 -0.0002442950623 -3.980950686e-05)
(1.502511709 -0.000262515116 -4.762449015e-05)
(1.503144268 -0.0002410261341 -4.959835855e-05)
(1.503644907 -0.0001871048329 -4.316909997e-05)
(1.50401315 -4.950161986e-05 -1.893800313e-05)
(1.504018318 4.10751143e-05 -1.964671803e-06)
(1.503803022 0.0001436998303 1.862319133e-05)
(1.503361198 0.0002153216058 3.332791332e-05)
(1.502783643 0.0002458948557 3.870587068e-05)
(1.502171268 0.0002370216547 3.482200854e-05)
(1.501623787 0.0002015566849 2.462216579e-05)
(1.501196783 0.0001616785192 1.384011901e-05)
(1.500870376 0.0001289380238 5.636265416e-06)
(1.500619789 0.0001021358188 -2.703189813e-07)
(1.500428589 7.945818386e-05 -4.69141289e-06)
(1.500294001 6.272885285e-05 -7.470445275e-06)
(1.500195474 5.059853504e-05 -9.623929001e-06)
(1.500129365 4.145899075e-05 -1.073595799e-05)
(1.500077961 3.595031866e-05 -1.118999288e-05)
(1.500046091 3.234131647e-05 -1.138251171e-05)
(1.500019443 2.977632175e-05 -1.158555849e-05)
(1.50000461 2.812111541e-05 -1.167397495e-05)
(1.499989187 2.689241925e-05 -1.173237628e-05)
(1.499982496 2.610057871e-05 -1.17909414e-05)
(1.499969285 2.545255403e-05 -1.187145744e-05)
(1.500009351 -3.347382086e-05 -1.024207048e-06)
(1.500051945 -0.0001018932236 -3.235412993e-06)
(1.500155811 -0.0001792600607 -6.368329567e-06)
(1.500326718 -0.0002715557111 -1.115302743e-05)
(1.500574272 -0.0003818140105 -1.83258412e-05)
(1.500914068 -0.0005078150758 -2.843935594e-05)
(1.501359769 -0.0006396976268 -4.153111933e-05)
(1.50191441 -0.0007528631695 -5.61261946e-05)
(1.502553302 -0.0008121434014 -6.885659484e-05)
(1.503219985 -0.0007638599371 -7.345933133e-05)
(1.50381386 -0.0005632013139 -6.196585819e-05)
(1.504174826 -0.0002268621093 -3.446982077e-05)
(1.504227449 0.0001262540391 -2.302389245e-06)
(1.50398227 0.0004535124415 2.907798104e-05)
(1.503480818 0.0006781420057 5.071578225e-05)
(1.502839648 0.0007701628747 5.860923171e-05)
(1.502170168 0.0007308560529 5.235102496e-05)
(1.501598029 0.0006025854636 3.712985665e-05)
(1.501171734 0.000463731741 2.301254339e-05)
(1.500859146 0.0003520797396 1.387451526e-05)
(1.500617538 0.00025989179 7.353820349e-06)
(1.5004335 0.000181342608 2.110687685e-06)
(1.500306908 0.000123145097 -1.393770244e-06)
(1.500217302 7.779607142e-05 -3.865861399e-06)
(1.50015518 4.887285105e-05 -5.472126029e-06)
(1.50010732 2.639634913e-05 -6.680075222e-06)
(1.500077236 1.155942499e-05 -7.397498375e-06)
(1.500052141 1.581785649e-06 -7.9367253e-06)
(1.500038259 -4.12593704e-06 -8.242324214e-06)
(1.500023822 -8.581559143e-06 -8.463190412e-06)
(1.50001733 -1.004451847e-05 -8.530371156e-06)
(1.500005618 -1.019046478e-05 -8.474900524e-06)
(1.500008139 -5.38679498e-05 -1.418339146e-06)
(1.500045176 -0.0001642726383 -4.508397396e-06)
(1.500136202 -0.0002908670326 -9.078905814e-06)
(1.500289019 -0.0004450422293 -1.639023031e-05)
(1.500517603 -0.0006341419963 -2.788770272e-05)
(1.500844513 -0.0008576325155 -4.493717501e-05)
(1.501295611 -0.001101706191 -6.82945979e-05)
(1.501888621 -0.001325032948 -9.598674433e-05)
(1.502616856 -0.001457223252 -0.0001221659712)
(1.503416491 -0.001388851151 -0.0001332708128)
(1.504143794 -0.001038038858 -0.0001127730601)
(1.50461404 -0.0004189903509 -6.107005524e-05)
(1.504679541 0.0002417134449 1.212432091e-06)
(1.504354448 0.000838872512 5.736660425e-05)
(1.503721735 0.00124711889 9.487486721e-05)
(1.502936604 0.001406759854 0.00010603477)
(1.502139954 0.001317189996 8.7447325e-05)
(1.501509812 0.001069224358 5.007611811e-05)
(1.501094008 0.0008235794832 1.91615728e-05)
(1.500812891 0.0006386333396 1.278882326e-06)
(1.500592957 0.0004865268894 -9.734969386e-06)
(1.500427067 0.0003579205958 -1.723523776e-05)
(1.500318993 0.0002633816884 -2.155891536e-05)
(1.500245383 0.0001958271032 -2.318366349e-05)
(1.500194162 0.0001484116746 -2.430007698e-05)
(1.500156134 0.0001121321346 -2.493973991e-05)
(1.500131772 8.738555914e-05 -2.516669131e-05)
(1.500113509 6.817260559e-05 -2.536822701e-05)
(1.500102629 5.625279227e-05 -2.555665558e-05)
(1.500092439 4.593147875e-05 -2.595715069e-05)
(1.500088164 4.006586451e-05 -2.634105124e-05)
(1.500076509 3.586028976e-05 -2.707279852e-05)
(1.500006132 -7.112364985e-05 -2.05811616e-06)
(1.50003397 -0.0002175228603 -6.585271296e-06)
(1.500103413 -0.0003889838653 -1.361369514e-05)
(1.500224475 -0.0006043739415 -2.5430237e-05)
(1.500416644 -0.0008794191773 -4.502060404e-05)
(1.500712508 -0.001221037163 -7.568134627e-05)
(1.501158443 -0.001619437901 -0.0001205517878)
(1.501802517 -0.002016024185 -0.0001772411673)
(1.502675549 -0.002297686877 -0.0002364808903)
(1.503725893 -0.002237186725 -0.0002644816055)
(1.504716855 -0.00167216876 -0.000222871249)
(1.505349069 -0.0006826353195 -0.0001214568522)
(1.505420384 0.000402383293 6.776847976e-06)
(1.504962325 0.001354063458 0.0001205535942)
(1.504110852 0.001988556878 0.0002007270105)
(1.503060147 0.002185030122 0.0002307206338)
(1.502076424 0.001938311073 0.0002037912503)
(1.501363253 0.00145482059 0.0001397330412)
(1.500983663 0.001055101428 8.925660785e-05)
(1.500755801 0.0007864227438 5.951142735e-05)
(1.500567927 0.000565684235 3.667533928e-05)
(1.500430333 0.0003835024803 1.881914626e-05)
(1.500348592 0.0002555242011 7.083041775e-06)
(1.500296272 0.0001695512762 1.130726735e-07)
(1.500258976 0.0001130946531 -3.98077352e-06)
(1.500231136 7.376153603e-05 -6.7020782e-06)
(1.500212841 4.926062291e-05 -8.121183991e-06)
(1.500200128 3.441616405e-05 -8.772093241e-06)
(1.500191502 2.695163843e-05 -8.907101926e-06)
(1.500184722 2.391585458e-05 -8.668830897e-06)
(1.500181061 2.378963204e-05 -8.293238667e-06)
(1.500178128 2.675999581e-05 -7.454030365e-06)
(1.500002883 -8.349027068e-05 -2.985663934e-06)
(1.50001725 -0.0002564891476 -9.629241978e-06)
(1.500054047 -0.00046500236 -2.047013517e-05)
(1.500124245 -0.0007379950035 -3.965034411e-05)
(1.500251935 -0.001106123278 -7.337742267e-05)
(1.500480248 -0.001594739261 -0.0001293596012)
(1.50088739 -0.002217350448 -0.0002180079222)
(1.501574174 -0.002904038811 -0.000338915124)
(1.502667049 -0.003500211796 -0.000482257029)
(1.504149023 -0.00350536921 -0.0005481397885)
(1.505599587 -0.002606619414 -0.0004530032275)
(1.506483755 -0.001035590606 -0.0002445407871)
(1.506545939 0.0006845945267 -4.577333098e-07)
(1.505855163 0.002208054597 0.0002157934265)
(1.504598447 0.00322909854 0.0003589717651)
(1.503100401 0.003509241086 0.0003669588478)
(1.501796946 0.002980032217 0.0002432783452)
(1.501030901 0.00210520335 8.190855688e-05)
(1.500765983 0.001486146954 -4.834178209e-06)
(1.500632807 0.001123052384 -3.77613049e-05)
(1.500500535 0.0008207076212 -5.820461516e-05)
(1.500413544 0.0005804199567 -7.113651321e-05)
(1.500376252 0.0004087885968 -7.885271489e-05)
(1.500358656 0.000292373894 -8.208942097e-05)
(1.500344523 0.0002083960523 -8.437105145e-05)
(1.500334066 0.0001484955533 -8.678574877e-05)
(1.500327728 0.0001042816067 -8.909020855e-05)
(1.50032402 7.512022364e-05 -9.127721641e-05)
(1.500321554 5.300111458e-05 -9.371120878e-05)
(1.50031834 3.887709231e-05 -9.709193223e-05)
(1.500318339 3.181735111e-05 -0.0001000041929)
(1.500304487 2.628576164e-05 -0.0001033781887)
(1.49999948 -8.904552699e-05 -4.167922552e-06)
(1.499994365 -0.0002749816098 -1.370262585e-05)
(1.499985026 -0.0005073718342 -3.009884683e-05)
(1.499978703 -0.000827800714 -6.064673346e-05)
(1.499998474 -0.001291246128 -0.0001180497022)
(1.500090856 -0.001959679979 -0.0002199915458)
(1.500378364 -0.002913757862 -0.0003976167286)
(1.501044045 -0.004097670109 -0.0006620720796)
(1.502461089 -0.005367858077 -0.00103641768)
(1.504710723 -0.00552619263 -0.001199713468)
(1.506948967 -0.004085590797 -0.0009584648057)
(1.508236306 -0.001604282427 -0.0004618482035)
(1.508286457 0.001048747495 0.0001088097658)
(1.507241967 0.003383921969 0.0006266702083)
(1.505380551 0.004813576719 0.001054476694)
(1.503165412 0.005102719905 0.001222900354)
(1.501228156 0.003982289499 0.0009388410222)
(1.500463964 0.002547513671 0.0005270168822)
(1.500441708 0.001698704061 0.0002883992323)
(1.500452028 0.001204280588 0.0001641986099)
(1.500399101 0.0008341644144 8.080842696e-05)
(1.500372883 0.0005693774898 2.35784022e-05)
(1.500386276 0.0004182254516 -1.282146532e-06)
(1.500401186 0.0003254373337 -1.309030964e-05)
(1.500408253 0.0002712190199 -1.832604622e-05)
(1.500413494 0.0002330684427 -1.991675573e-05)
(1.500419137 0.0002111301151 -1.959297812e-05)
(1.50042447 0.0002004611161 -1.830083523e-05)
(1.500428592 0.0001965688033 -1.593754076e-05)
(1.500432072 0.0001967364118 -1.301670127e-05)
(1.500434379 0.0001992893969 -9.717428439e-06)
(1.50044304 0.0002023667184 -5.935907233e-06)
(1.499993791 -8.573631738e-05 -5.650359022e-06)
(1.499965392 -0.0002663780754 -1.868347303e-05)
(1.499896242 -0.0005018451064 -4.244958671e-05)
(1.499782005 -0.0008472125981 -8.937704562e-05)
(1.499631432 -0.00139138424 -0.0001849236898)
(1.499467354 -0.002266525318 -0.0003675463244)
(1.499462302 -0.003699592786 -0.0007319547691)
(1.499896592 -0.005758759128 -0.001333739719)
(1.501808374 -0.008473726198 -0.002318161542)
(1.505463137 -0.008830499615 -0.002656275577)
(1.509008214 -0.006393369706 -0.002288998034)
(1.510855136 -0.00233179414 -0.001409089172)
(1.510837808 0.001969239584 -0.000407633385)
(1.50904679 0.005967113487 0.0005036223457)
(1.506226194 0.00811801071 0.0008853132939)
(1.502832094 0.00808181959 0.001170874359)
(1.500051462 0.005393445179 0.0006166439136)
(1.499549951 0.003036580833 4.985934346e-06)
(1.499945786 0.002065634966 -0.0002185860961)
(1.500179111 0.001467972316 -0.0003219880837)
(1.500280841 0.0009222512847 -0.0004093000461)
(1.500371728 0.0005856668712 -0.0004616060787)
(1.500457861 0.0003409971104 -0.0004887053621)
(1.500518686 0.0002213310927 -0.0005067069089)
(1.500554286 0.0001402641404 -0.0005225662949)
(1.50057473 8.885642e-05 -0.0005367827274)
(1.500587103 5.910843435e-05 -0.0005495327817)
(1.500595837 4.229180601e-05 -0.0005629812698)
(1.500601341 3.526450117e-05 -0.0005749116016)
(1.50060398 3.407857322e-05 -0.000587705162)
(1.500608474 3.684355274e-05 -0.0005978204997)
(1.500590113 4.608827832e-05 -0.0006126244157)
(1.499987987 -7.204786942e-05 -7.178788862e-06)
(1.49993311 -0.0002253867626 -2.393783689e-05)
(1.499794119 -0.0004340164744 -5.660027074e-05)
(1.499541105 -0.0007602968682 -0.0001239483322)
(1.499138214 -0.001328742896 -0.0002771605829)
(1.498515509 -0.002369473433 -0.0005940467323)
(1.497875347 -0.004464358257 -0.001344235008)
(1.497436056 -0.008083653261 -0.002867465804)
(1.500564903 -0.01435813439 -0.005858521628)
(1.506783881 -0.01392680737 -0.005986316552)
(1.512518919 -0.009498949925 -0.004452751954)
(1.515339886 -0.003004011314 -0.001809846821)
(1.515269445 0.004068284958 0.001257654141)
(1.512390361 0.01094384052 0.004247339716)
(1.507370312 0.01492317288 0.005759824177)
(1.501558319 0.01413364095 0.005169842094)
(1.497762178 0.008175295168 0.002455529483)
(1.498328327 0.004077925588 0.0003434313205)
(1.499518935 0.002710968791 -0.0004058248394)
(1.499894945 0.002157808694 -0.00069999996)
(1.500074126 0.001765775407 -0.0008966570761)
(1.500281105 0.001535639874 -0.0009873750091)
(1.500485103 0.001419329492 -0.001015224622)
(1.500604799 0.001352627255 -0.001024870872)
(1.500674721 0.001305476465 -0.001025727741)
(1.500724229 0.001271310147 -0.001020696156)
(1.500759409 0.001246863223 -0.001012298948)
(1.500783395 0.001228810977 -0.001001486919)
(1.500800694 0.001214745635 -0.000990249965)
(1.50081162 0.001203674366 -0.0009782467492)
(1.500825293 0.001195950213 -0.0009672749695)
(1.500820916 0.001186029946 -0.0009574352816)
(1.499982716 -4.827839162e-05 -8.472283805e-06)
(1.499903723 -0.0001520011803 -2.878534622e-05)
(1.499698358 -0.0002967325805 -6.858757175e-05)
(1.499296146 -0.0005413763473 -0.0001610042298)
(1.498576706 -0.0009825499736 -0.0003663158126)
(1.497181327 -0.002005050916 -0.0009195217583)
(1.495156568 -0.004124874685 -0.002246451428)
(1.49209115 -0.0110308866 -0.007033788851)
(1.498624887 -0.02431306254 -0.0193118145)
(1.508094336 -0.02374877566 -0.01937880692)
(1.517758929 -0.01737983065 -0.01380951655)
(1.522396842 -0.008750838995 -0.008043352504)
(1.522654706 0.0002291489073 -0.001520849002)
(1.519836897 0.008511613681 0.004958604057)
(1.513133288 0.01464599154 0.01048040674)
(1.498157619 0.02299746698 0.01461666738)
(1.492360037 0.009366999272 0.005351250027)
(1.494924881 0.006716498225 0.002573113148)
(1.498359478 0.003907842959 0.00118372511)
(1.499421232 0.002470481469 0.0006271652529)
(1.499809027 0.001843758283 0.000409889685)
(1.50010696 0.00163324098 0.0003282608036)
(1.500318494 0.001562676531 0.0002931524115)
(1.500426715 0.001556788807 0.0002728026663)
(1.500483292 0.00157486691 0.0002587371647)
(1.500524661 0.001602522434 0.0002457830504)
(1.500554563 0.001633629237 0.0002328287457)
(1.500574754 0.001663744709 0.0002201080825)
(1.500588127 0.001692010008 0.0002080094929)
(1.500597058 0.001717029088 0.0001962481445)
(1.500603638 0.001739103634 0.0001859416253)
(1.500594936 0.001761700436 0.0001774008668)
(1.499979585 -1.635223299e-05 -9.260302056e-06)
(1.49988657 -5.316600592e-05 -3.143852648e-05)
(1.499637761 -0.000104713834 -7.685637393e-05)
(1.499142042 -0.0001960083462 -0.0001813901535)
(1.498142271 -0.0003636233567 -0.0004429552427)
(1.496069923 -0.0008044290777 -0.001122619821)
(1.491188113 -0.001803441895 -0.004127477528)
(1.487350477 -0.005148771471 -0.009247545303)
(1.48659404 -0.02068371625 -0.03239765371)
(1.506508866 -0.02169917672 -0.03583198351)
(1.521415013 -0.01367979909 -0.02486942677)
(1.527394389 -0.005299545695 -0.01098189292)
(1.52772434 0.002133211761 0.005408107079)
(1.524244014 0.009261861231 0.02228234533)
(1.514926481 0.01645887847 0.03698014485)
(1.498933836 0.02208521783 0.03940493768)
(1.483825701 0.008859627745 0.0144878563)
(1.492338824 0.003988599466 0.001525946013)
(1.496424859 0.003407715007 -0.0004108699768)
(1.498089196 0.002901967564 -0.001841091972)
(1.498967648 0.002648322607 -0.002492200866)
(1.499408447 0.002524903189 -0.002774699478)
(1.499595133 0.002465734591 -0.002885005955)
(1.499647604 0.002433818825 -0.00293090948)
(1.499636475 0.002412371392 -0.002943318239)
(1.499596043 0.00239517579 -0.002941850808)
(1.499539519 0.002380280426 -0.00293385994)
(1.499473875 0.002366678083 -0.002921661497)
(1.49940281 0.00235370641 -0.002905544428)
(1.499329908 0.002341354709 -0.002887471266)
(1.499256771 0.002330553879 -0.002869219235)
(1.499136212 0.002320081733 -0.002856553893)
(1.499979598 1.696858702e-05 -9.290779801e-06)
(1.499886652 5.506499586e-05 -3.152626009e-05)
(1.499637989 0.0001081776965 -7.708198802e-05)
(1.499142906 0.0002015366181 -0.0001817407271)
(1.498144389 0.0003732144369 -0.0004440317483)
(1.496083525 0.0008219779952 -0.001124998882)
(1.491245316 0.001855585145 -0.004123630514)
(1.485382836 0.003281759833 -0.01187537512)
(1.482742642 0.01264252778 -0.05341892537)
(1.510001372 0.013216314 -0.05302661536)
(1.526148727 0.008325082544 -0.03125063429)
(1.530399618 0.004572506067 -0.01015271053)
(1.530122192 0.002467573903 0.01147587178)
(1.526753114 0.000473366877 0.03316151002)
(1.518525561 -0.001814855286 0.05359564049)
(1.501790708 -0.004709420493 0.06558875986)
(1.479876894 0.001322163245 0.02927767011)
(1.494896365 -0.001517686693 0.004027548243)
(1.49780181 -0.0005203683082 0.002975962832)
(1.498839346 0.0002873857749 0.002473214113)
(1.499500136 0.0004866929969 0.00245058213)
(1.499894665 0.0004982931048 0.002540722052)
(1.500093745 0.0004337226884 0.002639204305)
(1.500194973 0.0003466999538 0.002728616339)
(1.500252937 0.0002593985175 0.002808864037)
(1.50029106 0.0001797420659 0.002876563362)
(1.500316427 0.0001092999943 0.002931442892)
(1.500332984 4.83519028e-05 0.002975039613)
(1.500343903 -4.828334662e-06 0.003011669173)
(1.500352333 -5.111542435e-05 0.003039966438)
(1.500356758 -8.68997641e-05 0.003066293764)
(1.500357102 -0.0001305943112 0.003083229795)
(1.499982751 4.885877122e-05 -8.556830704e-06)
(1.499903945 0.000153761034 -2.904522945e-05)
(1.499699002 0.0002999268509 -6.919405486e-05)
(1.499298366 0.0005460889997 -0.000161997022)
(1.498581467 0.000990845637 -0.0003695217367)
(1.497202874 0.002012017446 -0.0009225988866)
(1.495202365 0.00415148082 -0.002270432439)
(1.492285887 0.01092725957 -0.007028123644)
(1.498514809 0.02376636755 -0.0186224369)
(1.506034051 0.02356991927 -0.02451316499)
(1.517348264 0.01718279126 -0.01754816515)
(1.522237922 0.006784540253 -0.005650481638)
(1.522510969 -0.003645814172 0.006865123675)
(1.519202282 -0.01347737318 0.01864008393)
(1.51166316 -0.02165933491 0.02714925021)
(1.498624615 -0.02394397575 0.01522441213)
(1.492656306 -0.008226791619 0.005677784422)
(1.494842162 -0.006986567846 0.004651894486)
(1.497542399 -0.005770317599 0.003884886069)
(1.498679738 -0.004946196035 0.003388672426)
(1.499292328 -0.004509737616 0.003174104678)
(1.499758242 -0.004355103767 0.00311934306)
(1.500055473 -0.0043031418 0.003105531716)
(1.500234922 -0.00427458039 0.003104140455)
(1.500338565 -0.004255971132 0.003106467677)
(1.500417951 -0.004243284587 0.003108981819)
(1.500465423 -0.004233762007 0.003110272163)
(1.500507345 -0.004225421286 0.003110368976)
(1.500528799 -0.004217676969 0.00310942527)
(1.500556028 -0.004209725648 0.003107422976)
(1.500561651 -0.004202426558 0.003103705538)
(1.500612281 -0.00419217033 0.003097076203)
(1.499988036 7.255687386e-05 -7.305000757e-06)
(1.499933391 0.0002269326666 -2.433957416e-05)
(1.499795029 0.0004366574205 -5.742163219e-05)
(1.499543454 0.0007641844445 -0.000125541763)
(1.499143412 0.001333481274 -0.000280204324)
(1.498528581 0.002374141324 -0.0006004670886)
(1.497899187 0.004457501359 -0.001354870351)
(1.497506422 0.008040703766 -0.002888744309)
(1.500605789 0.01419166492 -0.005830875728)
(1.506797137 0.01378658129 -0.005945922348)
(1.512535146 0.009321082845 -0.004393735881)
(1.515354677 0.002825349514 -0.001762049694)
(1.51529032 -0.004240593849 0.00128096302)
(1.512418879 -0.01112597804 0.004249449032)
(1.507450847 -0.01512363067 0.005710137722)
(1.50164607 -0.01446213224 0.00517906436)
(1.497708106 -0.008683697375 0.002459791972)
(1.498169007 -0.005213410385 0.0005461181048)
(1.499390981 -0.003276378367 -0.0003981025983)
(1.499992678 -0.002157288174 -0.0007293369952)
(1.500224027 -0.001417797712 -0.0009172599086)
(1.500378676 -0.001003967568 -0.001008208362)
(1.500529477 -0.0007258772128 -0.00105461014)
(1.500630654 -0.0005444449566 -0.001080593669)
(1.500691769 -0.0004239349552 -0.001095751533)
(1.500731011 -0.0003422309482 -0.001104225879)
(1.500757755 -0.0002849157924 -0.001109139922)
(1.500775893 -0.0002435807215 -0.001111212184)
(1.500788312 -0.0002137991858 -0.001111518072)
(1.500796861 -0.0001920474532 -0.001110756956)
(1.500805118 -0.0001768861016 -0.001109861941)
(1.500808609 -0.0001676628631 -0.0011068077)
(1.499993844 8.616045433e-05 -5.803187666e-06)
(1.499965686 0.0002676539695 -1.916557314e-05)
(1.499897159 0.0005039643249 -4.340345779e-05)
(1.499784154 0.0008500971455 -9.111669098e-05)
(1.499635697 0.001394594042 -0.0001880079765)
(1.499475852 0.002268809757 -0.0003731887179)
(1.499477192 0.003695977782 -0.0007415268723)
(1.499925875 0.005743220155 -0.001350898195)
(1.501839258 0.008408135093 -0.002336942651)
(1.505479678 0.008762415405 -0.002674839404)
(1.509019716 0.006317412014 -0.002303153403)
(1.51086595 0.002245915555 -0.00141819898)
(1.510851839 -0.002059266569 -0.0004144306678)
(1.509060864 -0.006077167322 0.0005009891486)
(1.506263986 -0.008240579154 0.0008612059068)
(1.502865238 -0.00826450789 0.001165422195)
(1.500122228 -0.005588838586 0.000561058683)
(1.499627641 -0.003205649304 -4.906528694e-05)
(1.499966802 -0.002135952793 -0.0002399342439)
(1.500150066 -0.001551685779 -0.0002995272966)
(1.500215886 -0.001117647014 -0.0003399526393)
(1.500298466 -0.0008285107863 -0.000351979219)
(1.500386418 -0.000657190583 -0.0003387131601)
(1.500448917 -0.0005516923683 -0.0003178302778)
(1.500486958 -0.0004849635884 -0.000295854869)
(1.50051032 -0.0004420850847 -0.0002764456208)
(1.500529065 -0.000412940238 -0.0002585024925)
(1.500542717 -0.000396040438 -0.0002430624979)
(1.500551772 -0.0003877295494 -0.000228996947)
(1.500559819 -0.0003846531795 -0.0002166599616)
(1.50056057 -0.0003850310776 -0.000206228757)
(1.500587342 -0.0003874503458 -0.0001975624425)
(1.499999506 8.938676896e-05 -4.332834572e-06)
(1.499994639 0.0002759970745 -1.421947027e-05)
(1.499985867 0.0005090155945 -3.109414608e-05)
(1.499980552 0.0008299546226 -6.237212474e-05)
(1.500001896 0.001293517736 -0.0001209480553)
(1.50009685 0.001961300901 -0.0002248002334)
(1.500387754 0.002912285155 -0.0004054440697)
(1.501058734 0.004090081558 -0.0006744993087)
(1.502477804 0.005342178642 -0.001053227191)
(1.504722836 0.005494242895 -0.001219911398)
(1.50695783 0.004052363295 -0.0009807734934)
(1.508245957 0.001568268955 -0.0004875440496)
(1.508298409 -0.001083576611 8.128936081e-05)
(1.507257764 -0.00342265195 0.0005933957294)
(1.505403402 -0.004855506314 0.001015880331)
(1.503196019 -0.005165554633 0.00117837756)
(1.501251923 -0.004035997014 0.0008748134406)
(1.500483541 -0.002664356606 0.0004593682569)
(1.500431904 -0.001845123132 0.0002272903715)
(1.500434562 -0.001344357279 0.0001113643787)
(1.500392054 -0.0009260286439 2.722465193e-05)
(1.500376276 -0.0006220570325 -2.770888128e-05)
(1.500390848 -0.0004175302584 -6.198666686e-05)
(1.500406027 -0.0002859341345 -8.10283913e-05)
(1.500414459 -0.0001870278855 -9.691638883e-05)
(1.500418813 -0.000122633135 -0.0001080683459)
(1.500422989 -6.799542308e-05 -0.0001175383082)
(1.500426661 -2.939535728e-05 -0.0001252987445)
(1.500429284 -2.475088279e-06 -0.0001314354584)
(1.500431751 1.741277408e-05 -0.0001367561876)
(1.500432709 3.193651029e-05 -0.000140670511)
(1.500439253 4.24239001e-05 -0.0001448381537)
(1.500002939 8.375435007e-05 -3.153506652e-06)
(1.500017496 0.0002572694006 -1.015027709e-05)
(1.500054783 0.0004662460308 -2.144888733e-05)
(1.500125804 0.0007395834991 -4.128636363e-05)
(1.500254682 0.001107768615 -7.599625636e-05)
(1.50048466 0.001595927116 -0.0001334458161)
(1.500893815 0.002216858022 -0.0002242516944)
(1.501583021 0.002900531784 -0.0003481179993)
(1.502677293 0.003490117167 -0.0004950519719)
(1.504158102 0.003491018766 -0.0005643066072)
(1.505607466 0.002591212595 -0.0004716542884)
(1.506492028 0.001020524036 -0.0002657666537)
(1.506555639 -0.0007021090656 -2.357616012e-05)
(1.50586811 -0.002226489107 0.000189515741)
(1.504613768 -0.003252748166 0.0003287757842)
(1.503118248 -0.003542380437 0.0003315665011)
(1.501812641 -0.003020747965 0.0002012464788)
(1.501046508 -0.002164908835 3.060360953e-05)
(1.500777651 -0.001550787052 -6.032953616e-05)
(1.500635435 -0.001162348879 -9.404855936e-05)
(1.500500795 -0.0008528712431 -0.0001129271654)
(1.500409624 -0.0006107511641 -0.0001248952919)
(1.500368503 -0.0004467989627 -0.0001286889264)
(1.500346764 -0.0003339437128 -0.0001264003571)
(1.500330948 -0.0002566932915 -0.0001215539992)
(1.500318797 -0.0001995904174 -0.0001156102863)
(1.500311393 -0.0001618509964 -0.0001094065982)
(1.50030656 -0.0001330950928 -0.000102434118)
(1.500303805 -0.0001159890218 -9.666705188e-05)
(1.50030128 -0.0001015239371 -8.942257572e-05)
(1.500299277 -9.510424362e-05 -8.483010399e-05)
(1.500300294 -8.920355907e-05 -7.789575876e-05)
(1.50000617 7.131713234e-05 -2.222692664e-06)
(1.500034185 0.0002180965404 -7.093034131e-06)
(1.500104056 0.0003898903377 -1.454904246e-05)
(1.500225801 0.0006055138628 -2.694928044e-05)
(1.5004189 0.0008805935737 -4.73624873e-05)
(1.500715947 0.00122191768 -7.917641609e-05)
(1.501163228 0.001619421617 -0.0001256350132)
(1.501808693 0.002014453 -0.0001843905831)
(1.502682684 0.002293414081 -0.0002461253615)
(1.50373302 0.002230571794 -0.000276662588)
(1.504723692 0.00166471844 -0.0002372679039)
(1.505356405 0.0006747297443 -0.0001380846301)
(1.505428903 -0.0004113000511 -1.21092602e-05)
(1.504972387 -0.001364444217 9.888091387e-05)
(1.504122423 -0.002001555124 0.000175572345)
(1.503073372 -0.002202691098 0.0002012794339)
(1.502088047 -0.001959393485 0.0001694734533)
(1.501374863 -0.001483544067 9.897720551e-05)
(1.500990458 -0.001087345785 4.426066456e-05)
(1.500756795 -0.000818445474 1.375358872e-05)
(1.500565988 -0.0005969961808 -8.815080989e-06)
(1.500428536 -0.0004147065668 -2.627757596e-05)
(1.500346266 -0.0002830871668 -3.78415413e-05)
(1.50029413 -0.000192415863 -4.42538882e-05)
(1.500256374 -0.0001281598516 -4.877712545e-05)
(1.500229133 -8.252383353e-05 -5.261519258e-05)
(1.500210558 -5.027234815e-05 -5.583104022e-05)
(1.500197901 -2.781862446e-05 -5.868110348e-05)
(1.500189198 -1.259153059e-05 -6.117373962e-05)
(1.500182795 -1.939706953e-06 -6.361464875e-05)
(1.500178249 5.144354107e-06 -6.590312941e-05)
(1.500173526 9.019381738e-06 -6.885869224e-05)
(1.500008173 5.400036693e-05 -1.577400976e-06)
(1.500045367 0.0001646645153 -4.996952116e-06)
(1.500136771 0.0002914824192 -9.965434364e-06)
(1.500290172 0.0004458095658 -1.779870923e-05)
(1.500519523 0.0006349335711 -2.999912159e-05)
(1.500847353 0.0008582504297 -4.798847836e-05)
(1.501299455 0.001101843287 -7.257726816e-05)
(1.501893445 0.001324354613 -0.0001018056193)
(1.502622439 0.001455335206 -0.0001297967591)
(1.503422433 0.001385791154 -0.0001428248143)
(1.504149918 0.001034358693 -0.0001242003473)
(1.504620681 0.0004150310918 -7.446603876e-05)
(1.504687078 -0.000246326427 -1.417414129e-05)
(1.504362983 -0.0008444323172 3.969473979e-05)
(1.503731234 -0.001254275098 7.44834676e-05)
(1.502946391 -0.001416232767 8.249505263e-05)
(1.502149615 -0.001329371889 6.035050716e-05)
(1.501517622 -0.001084619275 1.904769803e-05)
(1.501099679 -0.0008417425791 -1.492531593e-05)
(1.500815378 -0.0006559375328 -3.388577584e-05)
(1.500593865 -0.0005019138104 -4.584387088e-05)
(1.500427059 -0.0003716478628 -5.419557304e-05)
(1.500317934 -0.0002762118603 -5.892571651e-05)
(1.500242837 -0.0002076587062 -6.075518939e-05)
(1.500190995 -0.0001602156772 -6.157524796e-05)
(1.500151786 -0.0001239175013 -6.165943066e-05)
(1.50012689 -9.989980061e-05 -6.115392651e-05)
(1.500107478 -8.089387743e-05 -5.980920292e-05)
(1.500096317 -6.993813724e-05 -5.861642037e-05)
(1.50008531 -6.018882018e-05 -5.678017275e-05)
(1.500080141 -5.571754498e-05 -5.547804132e-05)
(1.50007167 -5.143328784e-05 -5.312785017e-05)
(1.500009382 3.355089788e-05 -1.178168241e-06)
(1.50005212 0.0001021209663 -3.706897597e-06)
(1.50015633 0.0001796166371 -7.215137485e-06)
(1.500327761 0.0002719986623 -1.247826347e-05)
(1.500575984 0.0003822723414 -2.027510745e-05)
(1.50091656 0.0005081830312 -3.119606364e-05)
(1.501363091 0.0006398290474 -4.531019718e-05)
(1.501918545 0.0007525972421 -6.11465445e-05)
(1.502558089 0.0008113517021 -7.531680469e-05)
(1.50322533 0.000762492386 -8.148124831e-05)
(1.503819491 0.0005615216335 -7.164013875e-05)
(1.504181043 0.0002249251711 -4.587419074e-05)
(1.504234328 -0.0001285401829 -1.538123724e-05)
(1.503989863 -0.0004563635958 1.400892669e-05)
(1.503488984 -0.0006818588774 3.334700876e-05)
(1.502847831 -0.0007751003209 3.865386264e-05)
(1.502178125 -0.0007372206775 2.958479577e-05)
(1.501604359 -0.000610370904 1.143175543e-05)
(1.501176625 -0.0004726878625 -5.111338877e-06)
(1.500861539 -0.0003608611893 -1.58113329e-05)
(1.500618315 -0.0002683555288 -2.329357424e-05)
(1.500433095 -0.0001899224799 -2.923391276e-05)
(1.500305422 -0.0001314163104 -3.312767398e-05)
(1.500214547 -8.698112842e-05 -3.553816341e-05)
(1.500152176 -5.660216572e-05 -3.707853032e-05)
(1.500104183 -3.302714359e-05 -3.825314397e-05)
(1.500073408 -1.810343954e-05 -3.898279126e-05)
(1.500048744 -5.972159677e-06 -3.963086002e-05)
(1.50003418 1.297754668e-06 -4.007511315e-05)
(1.500019796 6.7769999e-06 -4.077439499e-05)
(1.500012991 9.699774363e-06 -4.118382433e-05)
(1.500000627 1.128991365e-05 -4.196944329e-05)
(1.500009946 1.136771754e-05 -9.887969685e-07)
(1.500055271 3.456958086e-05 -3.09767231e-06)
(1.500165394 6.061170329e-05 -5.936473649e-06)
(1.500344934 9.134154969e-05 -1.005340623e-05)
(1.500601043 0.0001275357331 -1.594018426e-05)
(1.500946044 0.0001682254008 -2.390454312e-05)
(1.501387134 0.0002100248902 -3.379343757e-05)
(1.501924684 0.0002442248839 -4.445779698e-05)
(1.502516147 0.0002622991753 -5.353212704e-05)
(1.503149385 0.0002406221363 -5.698353865e-05)
(1.503650225 0.0001866460894 -5.191050685e-05)
(1.504019243 4.891812781e-05 -2.982013147e-05)
(1.504024894 -4.17725178e-05 -1.404608507e-05)
(1.503810177 -0.0001445893847 4.778323855e-06)
(1.503368765 -0.0002164813886 1.741115126e-05)
(1.502791146 -0.0002474303359 2.04849072e-05)
(1.502178399 -0.0002389633167 1.414323037e-05)
(1.501629655 -0.000203921788 1.481285883e-06)
(1.501201143 -0.000164363047 -1.138631196e-05)
(1.500872728 -0.0001316332292 -2.106140834e-05)
(1.500620794 -0.000104749827 -2.790633922e-05)
(1.50042826 -8.193789561e-05 -3.299709109e-05)
(1.500292961 -6.491900367e-05 -3.62672341e-05)
(1.500193464 -5.291000406e-05 -3.880937326e-05)
(1.500126482 -4.354874302e-05 -4.001260332e-05)
(1.500074505 -3.755181772e-05 -4.042436905e-05)
(1.500042364 -3.38513787e-05 -4.052031492e-05)
(1.50001522 -3.134473459e-05 -4.05492282e-05)
(1.500000123 -2.982219307e-05 -4.043733868e-05)
(1.499984509 -2.882950896e-05 -4.032057204e-05)
(1.499977404 -2.835486547e-05 -4.022318651e-05)
(1.499964213 -2.810367288e-05 -3.999300835e-05)
(1.500009885 -1.138333072e-05 -2.57464416e-07)
(1.500054937 -3.462619738e-05 -8.347307676e-07)
(1.500164414 -6.076973775e-05 -1.637543285e-06)
(1.500342966 -9.171816365e-05 -2.844414464e-06)
(1.500597825 -0.0001283146934 -4.61605183e-06)
(1.500941459 -0.0001696806249 -7.056236234e-06)
(1.501381366 -0.0002124747259 -1.011805339e-05)
(1.50191836 -0.0002479202247 -1.342512527e-05)
(1.502510441 -0.0002672777185 -1.61921031e-05)
(1.503145738 -0.0002462456242 -1.704842059e-05)
(1.503649186 -0.000191697325 -1.503849546e-05)
(1.504021087 -5.119184746e-05 -7.102334181e-06)
(1.504026754 4.131293402e-05 -1.487942472e-06)
(1.503810027 0.0001460864428 5.244148231e-06)
(1.503365243 0.0002191767908 9.821045629e-06)
(1.502784422 0.0002502689311 1.110550232e-05)
(1.50216904 0.0002408966507 9.141885755e-06)
(1.50162011 0.0002043513631 5.015140507e-06)
(1.501193558 0.0001638633624 7.991198439e-07)
(1.500868242 0.0001310122779 -2.541895648e-06)
(1.500618414 0.0001041527694 -5.07215179e-06)
(1.50042772 8.126572814e-05 -6.994029542e-06)
(1.500293645 6.458293117e-05 -8.204068357e-06)
(1.500195418 5.126926362e-05 -9.190973959e-06)
(1.50012953 4.274378091e-05 -9.635732298e-06)
(1.500078266 3.721190991e-05 -1.00119008e-05)
(1.500046469 3.349194707e-05 -1.015363388e-05)
(1.500019743 3.08746888e-05 -1.042466547e-05)
(1.500004907 2.9200841e-05 -1.061229005e-05)
(1.499989553 2.793182052e-05 -1.075980842e-05)
(1.499982733 2.715796406e-05 -1.083370652e-05)
(1.499969862 2.639217265e-05 -1.097276724e-05)
(1.50000931 -3.360131628e-05 -3.191905436e-07)
(1.500051719 -0.0001023035427 -1.040497062e-06)
(1.500155143 -0.0001801287142 -2.069598137e-06)
(1.500325344 -0.0002732241423 -3.663113034e-06)
(1.500571961 -0.0003848434454 -6.079545481e-06)
(1.500910706 -0.0005130106412 -9.519308266e-06)
(1.501355603 -0.0006480837903 -1.401346241e-05)
(1.501910226 -0.0007653076695 -1.908099816e-05)
(1.502550963 -0.0008287883119 -2.359259387e-05)
(1.503221226 -0.0007827933747 -2.540541824e-05)
(1.503820407 -0.0005792735678 -2.167326952e-05)
(1.504185624 -0.0002355667809 -1.252758143e-05)
(1.504239649 0.0001269414842 -1.660972217e-06)
(1.503992346 0.0004618091479 8.838417971e-06)
(1.50348665 0.0006913252376 1.58380959e-05)
(1.502840656 0.0007844280475 1.802082301e-05)
(1.502166823 0.0007413737609 1.519790499e-05)
(1.501593234 0.0006064545218 9.408621158e-06)
(1.50116792 0.0004625097006 4.249742554e-06)
(1.500857083 0.000348387166 7.331773971e-07)
(1.500616134 0.0002546689245 -1.894284394e-06)
(1.500432477 0.0001751359884 -4.042315302e-06)
(1.500306428 0.0001165120677 -5.566673178e-06)
(1.500217234 7.045453863e-05 -6.670269587e-06)
(1.500155123 4.197828321e-05 -7.482697071e-06)
(1.500107571 1.825854782e-05 -8.091838003e-06)
(1.500077197 4.181227304e-06 -8.29931125e-06)
(1.500052838 -7.938719806e-06 -8.380189543e-06)
(1.500038653 -1.410709231e-05 -8.324675743e-06)
(1.500024485 -1.925519407e-05 -8.146640246e-06)
(1.500017771 -2.160753183e-05 -7.828799516e-06)
(1.500006338 -2.227299194e-05 -7.493601057e-06)
(1.500008074 -5.409536285e-05 -4.498031058e-07)
(1.500044816 -0.0001650075105 -1.478733698e-06)
(1.500135116 -0.00029245548 -3.004212714e-06)
(1.500286718 -0.0004481738193 -5.469503775e-06)
(1.500513585 -0.0006400086932 -9.380968662e-06)
(1.500838385 -0.0008680425186 -1.522631509e-05)
(1.501287547 -0.001119208356 -2.329885942e-05)
(1.50187993 -0.001352036175 -3.296989222e-05)
(1.502610881 -0.001495103496 -4.232262456e-05)
(1.503418967 -0.001432715205 -4.660754559e-05)
(1.504156607 -0.001075379224 -3.976964425e-05)
(1.504634439 -0.000441330846 -2.207356559e-05)
(1.504701672 0.000242236627 -3.220337726e-07)
(1.504371799 0.0008584088715 1.871892077e-05)
(1.503731022 0.001280400729 3.100795881e-05)
(1.502935444 0.001446008199 3.393472936e-05)
(1.502129985 0.001353076758 2.579391668e-05)
(1.501496596 0.001095080121 1.110156093e-05)
(1.501085105 0.000842255623 -6.868125994e-07)
(1.500807934 0.0006522986562 -8.838402736e-06)
(1.50059042 0.0004960697961 -1.346125859e-05)
(1.500425332 0.000363325796 -1.679472307e-05)
(1.50031863 0.0002669234632 -1.788639904e-05)
(1.500244904 0.0001972529026 -1.872262926e-05)
(1.500194363 0.0001492223243 -1.941422152e-05)
(1.500155793 0.0001112981994 -2.01171664e-05)
(1.500131936 8.630527519e-05 -2.068451167e-05)
(1.50011315 6.566725949e-05 -2.138668408e-05)
(1.50010253 5.362454505e-05 -2.197914868e-05)
(1.5000919 4.181622399e-05 -2.297005008e-05)
(1.500087303 3.617097992e-05 -2.382516081e-05)
(1.500077514 2.995394572e-05 -2.487124803e-05)
(1.500006025 -7.146920931e-05 -6.623127167e-07)
(1.500033368 -0.000218648085 -2.196730769e-06)
(1.500101553 -0.0003914859656 -4.574554687e-06)
(1.500220406 -0.0006094859372 -8.600893322e-06)
(1.50040924 -0.0008894492613 -1.532357468e-05)
(1.50070057 -0.001239714083 -2.591715034e-05)
(1.501141729 -0.001652824849 -4.155198166e-05)
(1.501782802 -0.002070888691 -6.15478049e-05)
(1.502660331 -0.002381154156 -8.302480404e-05)
(1.503728921 -0.002334503654 -9.401877301e-05)
(1.504742847 -0.001751740897 -7.977907979e-05)
(1.505391187 -0.000730373228 -4.526494198e-05)
(1.505465538 0.0003966888811 1.498358523e-06)
(1.504999653 0.001378597949 4.150705882e-05)
(1.504131106 0.002034964085 7.011467532e-05)
(1.503065956 0.002223591237 8.162238013e-05)
(1.502065823 0.001947264773 7.28485003e-05)
(1.501344459 0.001431231918 5.181955204e-05)
(1.500969732 0.001018125196 3.587100542e-05)
(1.500746588 0.0007460585646 2.457282386e-05)
(1.500560788 0.000522605334 1.463335929e-05)
(1.500425765 0.0003384646231 6.486775113e-06)
(1.500345841 0.0002078136817 9.576129578e-07)
(1.500295014 0.0001198481084 -1.586431629e-06)
(1.500258083 6.029810022e-05 -2.499511369e-06)
(1.500230892 1.822876822e-05 -2.443737589e-06)
(1.500212708 -9.5127067e-06 -1.743652799e-06)
(1.500200277 -2.707346537e-05 -7.603246269e-07)
(1.500191947 -3.82408973e-05 6.064488728e-07)
(1.500186009 -4.531956518e-05 2.230124835e-06)
(1.500179359 -4.780720285e-05 3.753705697e-06)
(1.500179735 -4.83233851e-05 5.188641054e-06)
(1.500002628 -8.39567053e-05 -9.704707101e-07)
(1.500016227 -0.0002580562026 -3.254643374e-06)
(1.500050867 -0.0004686347089 -6.961579157e-06)
(1.500117028 -0.0007457509654 -1.355133613e-05)
(1.500238175 -0.001122308172 -2.521759318e-05)
(1.500456545 -0.001626855446 -4.470320534e-05)
(1.500851501 -0.002279795887 -7.588657361e-05)
(1.501526524 -0.003015317621 -0.0001193516809)
(1.502628304 -0.003693683352 -0.0001732100966)
(1.504155191 -0.003737725581 -0.0001984091758)
(1.505655332 -0.002781156681 -0.0001632918451)
(1.506559905 -0.001140746172 -9.291467426e-05)
(1.506619135 0.0007329214584 -6.845112806e-06)
(1.50592354 0.002323019173 6.240779883e-05)
(1.504619049 0.003457402686 0.0001094290018)
(1.503056396 0.003790314786 0.0001001990567)
(1.501744819 0.003213471683 4.520963839e-05)
(1.500988637 0.002251317527 -2.64848459e-05)
(1.500746158 0.001578472095 -5.584904036e-05)
(1.500621822 0.0011752764 -6.438860563e-05)
(1.500494645 0.0008518128059 -6.753147235e-05)
(1.500408664 0.0005941127494 -6.978774646e-05)
(1.500372879 0.0004166362631 -7.198465682e-05)
(1.50035494 0.0002900600828 -7.510369145e-05)
(1.500341017 0.000202530822 -7.859321696e-05)
(1.500329879 0.0001329540566 -8.169863925e-05)
(1.500324011 8.676944402e-05 -8.482319888e-05)
(1.500319783 4.752825059e-05 -8.831745742e-05)
(1.500317106 2.379210981e-05 -9.173020652e-05)
(1.500313913 9.471141379e-07 -9.526638111e-05)
(1.500312528 -1.07288003e-05 -9.828881369e-05)
(1.500306446 -2.472316347e-05 -0.0001006739429)
(1.499999324 -8.963579421e-05 -1.353570622e-06)
(1.499992712 -0.0002769799447 -4.676598651e-06)
(1.499979706 -0.0005122289714 -1.03375749e-05)
(1.499966086 -0.0008387780164 -2.089857943e-05)
(1.499973085 -0.001316157478 -4.093006541e-05)
(1.500043401 -0.002013033646 -7.670866172e-05)
(1.500299909 -0.003032627321 -0.000139948148)
(1.500920823 -0.00433651528 -0.0002369444355)
(1.5023519 -0.005829419056 -0.0003855691691)
(1.504725817 -0.006051738351 -0.0004532403114)
(1.50709594 -0.004599704741 -0.0003571535603)
(1.508446832 -0.002039086798 -0.0001677242223)
(1.508499177 0.000770864138 6.187884956e-05)
(1.507422607 0.003185581955 0.0002510284964)
(1.505561675 0.00464466388 0.0004402486574)
(1.50318313 0.00493067419 0.0005449038515)
(1.501087081 0.003745395216 0.000435378187)
(1.500335345 0.002243708638 0.0002981841236)
(1.500356772 0.001387051783 0.0001990023936)
(1.500396432 0.0008817034858 0.0001280624268)
(1.500361179 0.0004884089305 7.69668256e-05)
(1.500352891 0.0002107643928 5.310040228e-05)
(1.50037328 4.35812743e-05 4.846879172e-05)
(1.500391355 -5.523699701e-05 4.769637759e-05)
(1.500399353 -0.0001237721515 4.894447337e-05)
(1.500405205 -0.000174239742 5.220608213e-05)
(1.500411132 -0.0002002971848 5.593604775e-05)
(1.500417031 -0.0002167958783 5.995496395e-05)
(1.500420769 -0.0002278044302 6.373140243e-05)
(1.500425737 -0.0002382972026 6.754130246e-05)
(1.500425271 -0.0002417663086 7.103479e-05)
(1.500446782 -0.0002451968815 7.350494448e-05)
(1.499993332 -8.640498211e-05 -1.844731829e-06)
(1.499962794 -0.0002686115644 -6.431283462e-06)
(1.499887765 -0.0005078021468 -1.469256542e-05)
(1.499760605 -0.0008609360488 -3.101889026e-05)
(1.499585798 -0.001427841096 -6.467638188e-05)
(1.499369871 -0.002349084734 -0.0001293292693)
(1.49928225 -0.003924583768 -0.0002630003973)
(1.499567332 -0.00634621414 -0.0004964601907)
(1.501582671 -0.009837093743 -0.0008935185933)
(1.505460167 -0.009711659754 -0.001010026313)
(1.509190233 -0.006823234818 -0.000957081974)
(1.511177075 -0.002351304872 -0.0007322892318)
(1.511121963 0.002833256249 -0.0004266028891)
(1.509300228 0.007192424627 -0.0002123912302)
(1.506408397 0.01062954595 -0.0001946253699)
(1.502903368 0.009853664866 -5.638428593e-05)
(1.499974462 0.006425472973 -0.0003080447163)
(1.499502917 0.00341733082 -0.000422310858)
(1.499956979 0.002220718137 -0.0003980077093)
(1.500221367 0.001487094658 -0.0004000731714)
(1.500326775 0.0008871607924 -0.0004248420672)
(1.500415729 0.0004708813629 -0.0004511470128)
(1.500503901 0.0002100749515 -0.0004734815623)
(1.500568762 3.435283324e-05 -0.0004927628885)
(1.500601397 -8.685805028e-05 -0.000508019694)
(1.500625061 -0.0001779184855 -0.000520378476)
(1.500638128 -0.0002390731599 -0.0005306733579)
(1.500646609 -0.0002908868077 -0.0005392054278)
(1.50065202 -0.0003233032115 -0.000546462961)
(1.500655745 -0.0003554590333 -0.0005531169216)
(1.500657438 -0.0003725290321 -0.0005581417933)
(1.500657617 -0.0003957415144 -0.0005619191122)
(1.49998733 -7.267620122e-05 -2.358628141e-06)
(1.49992926 -0.0002276351433 -8.252389869e-06)
(1.499781671 -0.000439819695 -1.985163552e-05)
(1.499506443 -0.0007761397185 -4.28680185e-05)
(1.499058987 -0.001370083844 -9.857771793e-05)
(1.498323439 -0.002487849823 -0.0002089365391)
(1.497378179 -0.004843995847 -0.0004884280316)
(1.496469594 -0.009339321433 -0.001189514062)
(1.500015357 -0.01777175199 -0.002372695312)
(1.50608024 -0.01807690145 -0.004125716959)
(1.512783298 -0.01482022969 -0.002770854593)
(1.516483659 -0.008775214443 -0.002206151409)
(1.516763604 -0.001835530812 -0.001425260322)
(1.514769872 0.004510446008 -0.0002729742306)
(1.510333563 0.008929096958 0.0008852507867)
(1.500774825 0.01398666367 0.002637527697)
(1.496546096 0.006526215248 0.001349456528)
(1.497434066 0.00175126815 0.000408215942)
(1.498991369 9.733853771e-05 -0.0002774662933)
(1.499546998 -0.0006557475186 -0.0004485881194)
(1.499809107 -0.001091995919 -0.0004911872207)
(1.500048836 -0.001316182234 -0.0004915493491)
(1.500256523 -0.001446778104 -0.0004833202997)
(1.500383651 -0.001527120586 -0.000471468114)
(1.500459131 -0.001579451698 -0.0004608323094)
(1.500513368 -0.001617417309 -0.0004529404292)
(1.500550283 -0.001643083832 -0.0004475316326)
(1.500577684 -0.001663348301 -0.0004433191471)
(1.500595755 -0.001677894445 -0.0004406507355)
(1.500611494 -0.001692128435 -0.000438015755)
(1.500617209 -0.001700223384 -0.0004370417459)
(1.500664082 -0.001711223132 -0.0004354625245)
(1.499981845 -4.875047485e-05 -2.748876571e-06)
(1.499899155 -0.0001530614119 -1.00686294e-05)
(1.499679977 -0.0003037323982 -2.395181254e-05)
(1.49925265 -0.0005439117144 -5.682770477e-05)
(1.498432911 -0.001065326774 -0.0001291394889)
(1.496891337 -0.001938903845 -0.0003238173011)
(1.493756505 -0.005374011349 -0.0008378560584)
(1.492133905 -0.01044196599 -0.001551484047)
(1.49196193 -0.02556649065 -0.006483696721)
(1.504894469 -0.03219329687 -0.01006226893)
(1.516696882 -0.02566065704 -0.01272793851)
(1.522775766 -0.01295975426 -0.008806079944)
(1.523415043 0.0008465083994 -0.003539893867)
(1.520433451 0.0134622181 0.0009926278159)
(1.512765817 0.02301312949 0.004363190213)
(1.500613811 0.02465655592 0.006715918355)
(1.491019462 0.01120016518 0.002494850623)
(1.492901625 0.002268763026 0.002094083692)
(1.498290815 -0.001178005025 0.00164741684)
(1.499029614 -0.003187195777 0.000929651852)
(1.499379477 -0.004138252634 0.0005475082482)
(1.499619023 -0.004659361827 0.0002941142677)
(1.499723219 -0.004914338602 0.000133184798)
(1.49973849 -0.005060541779 2.605047423e-05)
(1.499714304 -0.005148940229 -3.712763915e-05)
(1.499672175 -0.005206136908 -8.064235126e-05)
(1.499618441 -0.005243655242 -0.0001132396971)
(1.499556955 -0.005267956992 -0.0001383111126)
(1.499490286 -0.005282077554 -0.0001587731773)
(1.499420765 -0.005289139128 -0.0001759971728)
(1.499350591 -0.005290430204 -0.0001892126373)
(1.499261231 -0.005289289004 -0.0002041819351)
(1.499978608 -1.652824985e-05 -3.019028408e-06)
(1.499880764 -5.383854095e-05 -1.118838236e-05)
(1.499618302 -0.0001063944564 -2.642786423e-05)
(1.499079434 -0.0002021766849 -6.752204773e-05)
(1.497987349 -0.0003760576314 -0.000145404366)
(1.495587966 -0.0008864630106 -0.0004692657899)
(1.492252876 -0.001830588984 -0.000511034792)
(1.481103502 -0.01037478276 -0.006744323327)
(1.471271324 -0.06231554919 -0.04227821086)
(1.502290218 -0.06618855242 -0.04347129689)
(1.521099404 -0.04673074392 -0.04079348026)
(1.528926665 -0.02773651594 -0.0144049166)
(1.531495659 -0.01489279506 0.006531487886)
(1.528629018 -0.002455282851 0.02585146435)
(1.518416469 0.02204393228 0.03967994724)
(1.485051895 0.05159141953 0.06777356004)
(1.467349732 0.009958314137 0.02497374021)
(1.483913609 -0.006225802758 0.01317718282)
(1.456682224 0.002437438735 -0.001930467962)
(1.459486708 0.001588181376 -0.001084250362)
(1.461006664 0.001121221796 -0.0006024664365)
(1.461805281 0.0008684964157 -0.0003338699903)
(1.462242731 0.0007134899682 -0.0001950891931)
(1.462506523 0.0006093724815 -0.0001253062732)
(1.46268227 0.0005440525684 -9.331121857e-05)
(1.462811778 0.0004974316135 -7.59570923e-05)
(1.46291356 0.0004622390728 -6.646145356e-05)
(1.462997894 0.0004342214854 -6.15552704e-05)
(1.463070173 0.0004125412011 -5.991415e-05)
(1.463135203 0.0003893935407 -6.077437776e-05)
(1.463194865 0.0003799445019 -5.97838726e-05)
(1.463298437 0.0003466987029 -7.005112281e-05)
(1.499978619 1.710628414e-05 -3.051515848e-06)
(1.499880798 5.562159676e-05 -1.128958467e-05)
(1.499618593 0.0001095845252 -2.66666898e-05)
(1.499079695 0.0002071959769 -6.794759532e-05)
(1.497990349 0.0003843581264 -0.0001467604469)
(1.495591084 0.0008998685591 -0.0004727846831)
(1.491424565 0.001223213287 -0.0009485568998)
(1.474187184 0.005309273228 -0.009140758502)
(1.443326012 0.02389347519 -0.09920296172)
(1.520315404 0.003137506454 -0.08309833109)
(1.525114639 -0.001498563681 -0.03918696941)
(1.527539473 -0.003161205914 -0.003241351249)
(1.528922702 -0.005312904938 0.02606345408)
(1.52728678 -0.006782520085 0.05424924286)
(1.522349023 -0.009820597127 0.08942775436)
(1.50823708 -0.01581837956 0.1278313761)
(1.446712743 -0.003012608264 0.03308370302)
(1.480432303 0.003671557241 0.02270934071)
(1.473692961 -0.0133742805 0.01081873037)
(1.475948348 -0.0120248915 0.009146826914)
(1.477341184 -0.01111348593 0.00806577847)
(1.47824323 -0.01046993145 0.007350242765)
(1.478854957 -0.009996385315 0.006848965494)
(1.479312399 -0.009642096891 0.006483545944)
(1.479683206 -0.009366919722 0.006214942062)
(1.480007675 -0.00914225874 0.006011105463)
(1.480303092 -0.008951754908 0.005852773982)
(1.480580893 -0.008786496255 0.005722695735)
(1.480838823 -0.008641337048 0.005614498326)
(1.481109801 -0.008511324212 0.005522857895)
(1.481317389 -0.008396658686 0.005450441616)
(1.481665619 -0.008287471623 0.005379577819)
(1.499981874 4.929923852e-05 -2.840645172e-06)
(1.499899318 0.0001547344688 -1.035641642e-05)
(1.499680519 0.0003066520132 -2.462062345e-05)
(1.499254129 0.0005485166518 -5.808083595e-05)
(1.498436764 0.001071431142 -0.0001327457143)
(1.496903601 0.001950594303 -0.0003325156725)
(1.493800929 0.005370794175 -0.0008762759061)
(1.488458401 0.01133257551 -0.004044507627)
(1.484442704 0.03497685553 -0.02101848296)
(1.506341684 0.0447762872 -0.02804065837)
(1.523092704 0.03086768041 -0.02116430555)
(1.5296501 0.0122782592 -0.009961194185)
(1.52980256 -0.008802593338 0.003946215733)
(1.526001755 -0.02911149545 0.01661100453)
(1.515569473 -0.04784487799 0.02422748876)
(1.497880868 -0.05230629844 0.02751013478)
(1.48575058 -0.01852486354 0.009166365315)
(1.495187903 -0.001720998531 -0.002016640083)
(1.498797248 -0.0001096401019 -0.002182742572)
(1.499688049 0.0007385534923 -0.001879077708)
(1.500203986 0.00125210593 -0.001585782165)
(1.500539166 0.001427767545 -0.001358062669)
(1.500730585 0.001511192659 -0.001161494672)
(1.500830464 0.001545757532 -0.001003280818)
(1.500886103 0.001553788854 -0.0008775601628)
(1.500919386 0.001547476346 -0.0007767495178)
(1.500938775 0.001533402418 -0.0006946168854)
(1.500949082 0.001515882914 -0.0006264207659)
(1.500953533 0.001496169158 -0.0005695359168)
(1.500954759 0.00147714799 -0.0005191358943)
(1.500952887 0.001456356912 -0.0004805535424)
(1.500930174 0.001435575141 -0.0004267750548)
(1.49998737 7.316303404e-05 -2.492465261e-06)
(1.499929485 0.0002291112152 -8.692168571e-06)
(1.49978238 0.0004423321875 -2.077901754e-05)
(1.49950823 0.0007798493715 -4.471098932e-05)
(1.499062787 0.001374593831 -0.0001025919945)
(1.49833249 0.002493662975 -0.0002176806516)
(1.497397935 0.004839155248 -0.0005132326944)
(1.496526792 0.009321571163 -0.001239126045)
(1.500088482 0.01752064228 -0.002559543695)
(1.503848519 0.0198599487 -0.005474912996)
(1.512114794 0.01568284679 -0.00282777503)
(1.516579265 0.006659039614 0.00125759212)
(1.517095016 -0.00332384691 0.005154714941)
(1.514582822 -0.01252163323 0.009283522843)
(1.509101803 -0.01938105526 0.01118969678)
(1.500954333 -0.01470041043 0.002227464852)
(1.496474003 -0.006278949146 0.0005962306938)
(1.497285588 -0.003677533246 -0.0002066262706)
(1.49890291 -0.001997304129 -0.0006725140848)
(1.499584575 -0.00105891006 -0.0009950636652)
(1.499890892 -0.0005432696388 -0.001261712079)
(1.500128474 -0.000285917146 -0.001481271378)
(1.500322649 -0.0001330407167 -0.001653914446)
(1.50043993 -4.417765354e-05 -0.001777241058)
(1.500514452 1.23350919e-05 -0.001875953567)
(1.500568688 4.751727396e-05 -0.001952586677)
(1.500606163 6.955855139e-05 -0.002014018654)
(1.50062962 8.488012971e-05 -0.002063715608)
(1.500645713 9.627283032e-05 -0.002104729309)
(1.500657756 0.0001056299242 -0.002139016096)
(1.500666703 0.0001129660897 -0.002167463502)
(1.500676874 0.0001211372482 -0.002188784349)
(1.499993375 8.68168251e-05 -2.006546867e-06)
(1.499963034 0.0002698520628 -6.953575089e-06)
(1.499888493 0.0005098654947 -1.575807661e-05)
(1.499762315 0.0008638068804 -3.29755944e-05)
(1.499588971 0.001431148402 -6.848807549e-05)
(1.49937649 0.002352393246 -0.000136269995)
(1.49929195 0.003923346141 -0.0002783398329)
(1.499592555 0.006338019837 -0.0005238837308)
(1.501598212 0.00976842919 -0.0009635428783)
(1.50547722 0.009642834269 -0.001103699232)
(1.509205945 0.006747413814 -0.001068466907)
(1.511195641 0.002287269829 -0.0008609780529)
(1.511130841 -0.002934986189 -0.0005675752117)
(1.509336332 -0.007222703358 -0.0003657986107)
(1.506450163 -0.01074847371 -0.0003748068036)
(1.50294029 -0.01002166194 -0.0002855402797)
(1.499979261 -0.006585724067 -0.0004673387532)
(1.499574446 -0.003798748111 -0.0007461123226)
(1.500035503 -0.002488281248 -0.0008849454931)
(1.500277339 -0.001767881263 -0.0008925308816)
(1.500350882 -0.001214532643 -0.000882736438)
(1.500432736 -0.0008578900394 -0.0008553376376)
(1.500523949 -0.0006367472389 -0.000814136001)
(1.500583931 -0.0005013364905 -0.0007723168098)
(1.500614777 -0.0004034416153 -0.0007372202638)
(1.500642231 -0.0003420370708 -0.0007037554364)
(1.50065706 -0.0003032956142 -0.0006751924715)
(1.500665647 -0.0002773837761 -0.0006505766193)
(1.500670568 -0.0002610388033 -0.0006302764617)
(1.500673424 -0.0002502376288 -0.0006098498046)
(1.500673351 -0.0002453997805 -0.0005960747748)
(1.500651691 -0.0002435219919 -0.0005772285816)
(1.499999346 8.99724923e-05 -1.527122635e-06)
(1.499992937 0.0002779846381 -5.233404844e-06)
(1.499980393 0.0005138694319 -1.142544987e-05)
(1.49996758 0.0008409857592 -2.281227787e-05)
(1.499975786 0.001318630977 -4.428033503e-05)
(1.500048042 0.002015379461 -8.240184288e-05)
(1.500306876 0.003032793419 -0.0001503052727)
(1.500931938 0.004333570358 -0.0002539361615)
(1.502365257 0.00581149541 -0.0004173603714)
(1.504736484 0.006025547461 -0.0004975458455)
(1.507103977 0.004567379042 -0.0004091564508)
(1.508455819 0.002000705122 -0.0002261774373)
(1.508509328 -0.0008148364735 -4.962225957e-06)
(1.507435328 -0.003235696864 0.0001806811583)
(1.50558057 -0.004705080964 0.0003581478901)
(1.503206481 -0.005015999091 0.0004446088333)
(1.501106703 -0.003817464899 0.0003224679897)
(1.500355422 -0.002350867299 0.0001265503015)
(1.500364474 -0.001544665962 2.360078935e-05)
(1.500398027 -0.001069821636 -2.665874313e-05)
(1.500363162 -0.0006892742308 -6.709812081e-05)
(1.500360193 -0.0004205772996 -0.0001015199671)
(1.500384377 -0.0002638689963 -0.0001292310688)
(1.500402408 -0.0001698260523 -0.0001523926431)
(1.500411203 -0.0001127979402 -0.0001733571064)
(1.500417416 -7.911194801e-05 -0.00019269022)
(1.500422757 -6.170829702e-05 -0.0002094118768)
(1.500427531 -5.340757862e-05 -0.000225051589)
(1.500431091 -5.124219129e-05 -0.000239009849)
(1.500434388 -5.391248383e-05 -0.0002532010763)
(1.500436072 -5.835559447e-05 -0.0002638847378)
(1.500442323 -6.940157705e-05 -0.0002790956455)
(1.500002675 8.42213048e-05 -1.147173757e-06)
(1.500016433 0.0002588410447 -3.811454321e-06)
(1.500051482 0.0004699022278 -8.016501353e-06)
(1.500118318 0.0007474195548 -1.533446462e-05)
(1.500240417 0.001124169416 -2.813746984e-05)
(1.500460084 0.001628571558 -4.935736748e-05)
(1.500856557 0.002280482446 -8.336503962e-05)
(1.501533356 0.0030142774 -0.000130768542)
(1.502636262 0.003687788365 -0.0001909684523)
(1.504162609 0.003728215093 -0.000222730898)
(1.505662086 0.002770152764 -0.0001921517156)
(1.506567703 0.00112996458 -0.0001261148766)
(1.506627711 -0.0007486481097 -4.462887559e-05)
(1.505936292 -0.00233580567 2.007966664e-05)
(1.50463132 -0.003475651508 6.016436188e-05)
(1.503073832 -0.003816608788 4.13825735e-05)
(1.501756952 -0.003240625454 -2.26073283e-05)
(1.500999807 -0.002294280729 -0.0001021224657)
(1.500755194 -0.001631240884 -0.0001441415996)
(1.500628137 -0.00122432099 -0.0001605796955)
(1.500499252 -0.0008986786533 -0.0001733917199)
(1.500412804 -0.0006468906716 -0.0001813547372)
(1.500375459 -0.0004751350889 -0.0001822540249)
(1.500356692 -0.0003578132221 -0.0001796685794)
(1.50034225 -0.0002753113233 -0.0001753219707)
(1.500331452 -0.0002157194749 -0.0001717277086)
(1.500324935 -0.0001743228559 -0.0001671263614)
(1.500320888 -0.0001448773763 -0.000161214456)
(1.500318494 -0.0001249533574 -0.0001556995944)
(1.500315669 -0.0001101156348 -0.0001498811871)
(1.500315857 -0.0001015234956 -0.0001449687464)
(1.500302174 -9.765608783e-05 -0.0001389302925)
(1.500006058 7.166595298e-05 -8.3482787e-07)
(1.500033551 0.0002192334847 -2.735784929e-06)
(1.500102101 0.000392425473 -5.572686505e-06)
(1.500221529 0.0006107079154 -1.023434756e-05)
(1.500411132 0.0008908094898 -1.787444219e-05)
(1.500703423 0.001240982294 -2.977971445e-05)
(1.501145648 0.001653575699 -4.731274115e-05)
(1.501787793 0.002070694238 -6.983912179e-05)
(1.50266609 0.002379220109 -9.471470498e-05)
(1.503734803 0.002331031962 -0.0001093846275)
(1.504748686 0.001747589699 -9.825407954e-05)
(1.505397529 0.0007260442055 -6.646283559e-05)
(1.505472998 -0.0004024238503 -2.313485597e-05)
(1.505008326 -0.001385770051 1.369444672e-05)
(1.50414091 -0.002044786913 3.803344118e-05)
(1.50307645 -0.002237396504 4.379504875e-05)
(1.502075289 -0.001964767886 2.969672765e-05)
(1.50135246 -0.001453430001 -4.662115511e-07)
(1.500975101 -0.001043345049 -2.434478411e-05)
(1.500748464 -0.0007724235327 -3.729409931e-05)
(1.500561274 -0.0005513615 -4.617736014e-05)
(1.500425477 -0.0003693037182 -5.345904471e-05)
(1.500345706 -0.0002415807799 -5.843488717e-05)
(1.500294248 -0.0001546599096 -6.187739075e-05)
(1.500257566 -9.691481216e-05 -6.475762888e-05)
(1.500230053 -5.637632606e-05 -6.792832778e-05)
(1.500212362 -3.133994491e-05 -7.071868856e-05)
(1.500199378 -1.506267786e-05 -7.367178364e-05)
(1.50019141 -7.279932751e-06 -7.627836509e-05)
(1.500184017 -3.645345559e-06 -7.969212998e-05)
(1.500180487 -3.413650211e-06 -8.196584463e-05)
(1.500175255 -6.752712051e-06 -8.57702055e-05)
(1.500008104 5.423148744e-05 -6.160471436e-07)
(1.500044983 0.0001654119384 -1.994844045e-06)
(1.500135609 0.0002931015774 -3.943640162e-06)
(1.500287715 0.0004490088776 -6.96932141e-06)
(1.500515234 0.0006409392885 -1.164612827e-05)
(1.500840806 0.0008689259249 -1.852987504e-05)
(1.5012908 0.001119827276 -2.799617781e-05)
(1.501883987 0.001352165365 -3.94403548e-05)
(1.502615572 0.001494490072 -5.096512555e-05)
(1.503424006 0.00143138691 -5.762505911e-05)
(1.504161899 0.001073665648 -5.303402885e-05)
(1.504640199 0.0004395204036 -3.75569247e-05)
(1.504708244 -0.0002445977308 -1.819611096e-05)
(1.504379206 -0.0008615640468 -1.781584176e-06)
(1.503739167 -0.001284801006 7.355584056e-06)
(1.502943623 -0.00145220703 6.426422536e-06)
(1.502137873 -0.001361367458 -5.82735578e-06)
(1.501502873 -0.001105184555 -2.550017914e-05)
(1.501089484 -0.0008537839689 -4.134030722e-05)
(1.500810417 -0.0006640403274 -5.020826259e-05)
(1.500591181 -0.0005069842334 -5.600422963e-05)
(1.50042563 -0.0003743722136 -6.038404786e-05)
(1.500317877 -0.0002779310577 -6.39490797e-05)
(1.500243743 -0.000209021587 -6.543714075e-05)
(1.500192393 -0.0001614143395 -6.631079639e-05)
(1.500153608 -0.0001249199317 -6.659318929e-05)
(1.500129207 -0.000100939235 -6.649532628e-05)
(1.500110152 -8.205022708e-05 -6.59127262e-05)
(1.500099324 -7.128124532e-05 -6.524991251e-05)
(1.500088445 -6.17121746e-05 -6.413120861e-05)
(1.500084019 -5.700845365e-05 -6.322479297e-05)
(1.500072828 -5.354101244e-05 -6.165068508e-05)
(1.500009337 3.368115543e-05 -4.79809253e-07)
(1.500051874 0.000102540439 -1.536881011e-06)
(1.5001556 0.0001805063506 -2.962841385e-06)
(1.500326258 0.0002737109379 -5.065395462e-06)
(1.500573456 0.0003853870236 -8.151510846e-06)
(1.500912873 0.0005135338039 -1.246597201e-05)
(1.501358482 0.0006484823507 -1.808169703e-05)
(1.501913798 0.0007654708776 -2.452676862e-05)
(1.502555104 0.0008286349952 -3.06599649e-05)
(1.503225859 0.0007823003632 -3.424595344e-05)
(1.503825351 0.0005786235138 -3.237343769e-05)
(1.504191092 0.000234796282 -2.510564219e-05)
(1.504245688 -0.0001279350814 -1.608995588e-05)
(1.503998967 -0.000463246514 -7.799654063e-06)
(1.503493705 -0.0006934436531 -3.339542894e-06)
(1.502847549 -0.0007874703238 -4.089189353e-06)
(1.502173667 -0.0007455879606 -1.00452663e-05)
(1.501598125 -0.0006114722282 -1.917036853e-05)
(1.50117198 -0.000468478342 -2.71820625e-05)
(1.500858851 -0.0003542483735 -3.243814763e-05)
(1.500616935 -0.0002606112689 -3.612713023e-05)
(1.500431957 -0.000181057928 -3.90433742e-05)
(1.500305241 -0.0001228425012 -4.095524299e-05)
(1.500215304 -7.656550706e-05 -4.215973914e-05)
(1.500152963 -4.76010404e-05 -4.292787991e-05)
(1.500104794 -2.489150918e-05 -4.355715547e-05)
(1.500074454 -1.024674009e-05 -4.396764177e-05)
(1.500049396 5.022127562e-07 -4.437744908e-05)
(1.500035181 6.259893912e-06 -4.470531795e-05)
(1.500020519 1.062162872e-05 -4.530373424e-05)
(1.500014039 1.237754883e-05 -4.568864981e-05)
(1.500001499 1.29669835e-05 -4.641448594e-05)
(1.500009912 1.140963128e-05 -4.148454993e-07)
(1.500055086 3.470420208e-05 -1.31998907e-06)
(1.500164852 6.089398733e-05 -2.505737401e-06)
(1.50034384 9.187817262e-05 -4.195715541e-06)
(1.500599246 0.00012849358 -6.590766088e-06)
(1.500943509 0.0001698540318 -9.829248152e-06)
(1.501384074 0.0002126112116 -1.389150985e-05)
(1.501921722 0.0002479859257 -1.840999208e-05)
(1.502514339 0.0002672559167 -2.255922681e-05)
(1.50315021 0.0002461167759 -2.503853004e-05)
(1.503653913 0.0001915384125 -2.450723799e-05)
(1.50402644 5.100516467e-05 -1.88706673e-05)
(1.504032547 -4.159478829e-05 -1.454984816e-05)
(1.503816296 -0.0001465220293 -9.733528762e-06)
(1.503371801 -0.0002198179644 -7.412837967e-06)
(1.50279086 -0.0002511961912 -8.649551628e-06)
(1.502174975 -0.0002421163283 -1.332699094e-05)
(1.501624979 -0.0002058488275 -2.017501005e-05)
(1.50119705 -0.0001655350503 -2.673848064e-05)
(1.500870197 -0.0001326849046 -3.166557301e-05)
(1.500619169 -0.0001057394255 -3.517984413e-05)
(1.500427391 -8.277446546e-05 -3.77754226e-05)
(1.500292497 -6.591710265e-05 -3.950856271e-05)
(1.500193457 -5.297147099e-05 -4.103050438e-05)
(1.500126926 -4.40354724e-05 -4.16058725e-05)
(1.500075235 -3.84647588e-05 -4.19141857e-05)
(1.500043119 -3.480412112e-05 -4.199956398e-05)
(1.500016075 -3.227256676e-05 -4.21671223e-05)
(1.500001073 -3.069022947e-05 -4.214741023e-05)
(1.499985427 -2.961666038e-05 -4.219760545e-05)
(1.499978481 -2.904387545e-05 -4.221449247e-05)
(1.499964942 -2.876792959e-05 -4.22062924e-05)
(1.500009886 -1.138261309e-05 3.470082488e-07)
(1.500054941 -3.462390505e-05 1.108463578e-06)
(1.500164425 -6.076489228e-05 2.116938267e-06)
(1.500342987 -9.170890214e-05 3.565053515e-06)
(1.500597854 -0.0001282979692 5.617371163e-06)
(1.500941491 -0.0001696522471 8.365506609e-06)
(1.501381388 -0.0002124287542 1.172789631e-05)
(1.501918348 -0.0002478524405 1.525732649e-05)
(1.502510371 -0.0002671832661 1.806627278e-05)
(1.503145547 -0.0002461354007 1.859861136e-05)
(1.503648912 -0.0001915805995 1.589820346e-05)
(1.50402063 -5.113101027e-05 6.120957637e-06)
(1.504026275 4.136428612e-05 -6.45826793e-07)
(1.503809507 0.0001461172349 -9.09715902e-06)
(1.503364709 0.0002191692572 -1.562048408e-05)
(1.502783929 0.0002502378922 -1.883053604e-05)
(1.502168586 0.0002408249007 -1.862493631e-05)
(1.501619781 0.0002042902462 -1.593391326e-05)
(1.501193281 0.0001638392532 -1.276705163e-05)
(1.500867916 0.0001309789416 -1.057547387e-05)
(1.500618123 0.0001041274334 -9.194575896e-06)
(1.500427493 8.126378038e-05 -8.24368007e-06)
(1.500293526 6.456223416e-05 -7.536324351e-06)
(1.500195335 5.132583075e-05 -7.141078681e-06)
(1.500129462 4.270493292e-05 -6.96739029e-06)
(1.500078204 3.721252385e-05 -6.974087657e-06)
(1.500046481 3.360068791e-05 -6.936824353e-06)
(1.500019716 3.11369854e-05 -7.046318199e-06)
(1.500004953 2.962922239e-05 -7.099427357e-06)
(1.499989631 2.856825193e-05 -7.190193794e-06)
(1.499982917 2.798074788e-05 -7.255865262e-06)
(1.499969815 2.762826838e-05 -7.380480008e-06)
(1.500009311 -3.359926678e-05 4.130593008e-07)
(1.500051724 -0.0001022969663 1.328597272e-06)
(1.500155158 -0.0001801145418 2.579445807e-06)
(1.500325372 -0.0002731965141 4.441879207e-06)
(1.500572003 -0.0003847922103 7.185592299e-06)
(1.500910758 -0.0005129218996 1.100528715e-05)
(1.501355654 -0.0006479355685 1.590641101e-05)
(1.501910251 -0.0007650827968 2.133088455e-05)
(1.502550924 -0.0008284637862 2.602925795e-05)
(1.503221057 -0.0007823910642 2.766529524e-05)
(1.503820098 -0.0005788524911 2.308993035e-05)
(1.504185154 -0.0002352702184 1.24118182e-05)
(1.504239127 0.000127210132 -1.180402767e-07)
(1.503991769 0.0004619925667 -1.264903589e-05)
(1.503486073 0.0006914056066 -2.189710081e-05)
(1.502840086 0.0007844374078 -2.620927733e-05)
(1.502166457 0.0007413038513 -2.544669647e-05)
(1.501592806 0.0006064337858 -2.109287603e-05)
(1.501167779 0.0004627874226 -1.683683541e-05)
(1.500856715 0.000348497433 -1.45834062e-05)
(1.500615843 0.0002548391416 -1.319556236e-05)
(1.500432272 0.0001755892125 -1.205378737e-05)
(1.500306225 0.0001173205631 -1.132744908e-05)
(1.500217129 7.158048404e-05 -1.115513688e-05)
(1.50015514 4.285712271e-05 -1.106978905e-05)
(1.500107742 1.976509647e-05 -1.092213004e-05)
(1.500077531 5.383832812e-06 -1.072582465e-05)
(1.500053224 -5.988604256e-06 -1.046926249e-05)
(1.500039075 -1.238489265e-05 -1.020505357e-05)
(1.500024795 -1.679538379e-05 -9.735838186e-06)
(1.500018396 -1.832332833e-05 -9.351501595e-06)
(1.500006287 -1.888192353e-05 -8.68922892e-06)
(1.500008075 -5.409231501e-05 5.516406601e-07)
(1.500044823 -0.0001649976369 1.793649045e-06)
(1.500135137 -0.0002924332432 3.572554142e-06)
(1.500286762 -0.0004481285937 6.363417562e-06)
(1.500513657 -0.0006399198563 1.070215983e-05)
(1.500838487 -0.0008678818149 1.70882833e-05)
(1.501287672 -0.001118918838 2.582313012e-05)
(1.501880052 -0.001351576255 3.618556696e-05)
(1.502610946 -0.001494369208 4.614663088e-05)
(1.503418842 -0.00143174364 5.058039471e-05)
(1.504156274 -0.001074311149 4.287016135e-05)
(1.504633892 -0.0004404897602 2.330218644e-05)
(1.504701072 0.0002431935278 -5.152698128e-07)
(1.504371106 0.0008592029422 -2.213044772e-05)
(1.50373037 0.00128102159 -3.72577888e-05)
(1.502934714 0.001446557588 -4.28257489e-05)
(1.502129517 0.001353195726 -3.738100073e-05)
(1.501496444 0.00109548671 -2.381971936e-05)
(1.501084916 0.0008435312717 -1.247979035e-05)
(1.500807667 0.0006537295157 -6.106577654e-06)
(1.500590218 0.0004970975785 -3.208298797e-06)
(1.500425736 0.0003645411409 -9.420438935e-07)
(1.500318869 0.0002682043824 7.0070469e-07)
(1.50024525 0.0001993212754 1.109545525e-06)
(1.500194544 0.0001519575917 1.122341886e-06)
(1.500156162 0.0001154284502 8.862472958e-07)
(1.500132274 9.155489373e-05 4.383953342e-07)
(1.500113548 7.253477912e-05 -2.956838036e-07)
(1.500103012 6.176260097e-05 -1.097265628e-06)
(1.500092288 5.193976665e-05 -2.104127981e-06)
(1.500087948 4.765634807e-05 -3.095856031e-06)
(1.500077449 4.388170096e-05 -4.269942516e-06)
(1.500006027 -7.146578371e-05 7.742939527e-07)
(1.500033378 -0.0002186367857 2.546535211e-06)
(1.500101586 -0.0003914582376 5.223542872e-06)
(1.500220478 -0.0006094256621 9.662750377e-06)
(1.500409365 -0.0008893176988 1.698129288e-05)
(1.500700774 -0.001239461532 2.840099234e-05)
(1.50114201 -0.001652305166 4.52134224e-05)
(1.501783171 -0.002070021893 6.660573717e-05)
(1.502660698 -0.002379466946 8.980640193e-05)
(1.503728979 -0.002332092065 0.0001018296113)
(1.504742486 -0.001749089368 8.663920622e-05)
(1.50539063 -0.0007278414704 4.965353326e-05)
(1.505464854 0.0003998487097 4.335273192e-07)
(1.504998782 0.001381648326 -4.318749162e-05)
(1.504130203 0.002038044613 -7.563981946e-05)
(1.503065293 0.002227278259 -9.058865846e-05)
(1.502064672 0.001949823163 -8.636464499e-05)
(1.501344869 0.00143539275 -6.498360148e-05)
(1.500970477 0.001024246659 -4.675488845e-05)
(1.500745712 0.0007528713307 -3.807836136e-05)
(1.500560412 0.0005325811208 -3.252398366e-05)
(1.50042535 0.0003501426117 -2.812898269e-05)
(1.500346648 0.0002223674576 -2.48686815e-05)
(1.500295783 0.0001346802484 -2.271029153e-05)
(1.500259898 7.695955051e-05 -2.050038747e-05)
(1.500232584 3.549778879e-05 -1.774202212e-05)
(1.500215349 1.013030427e-05 -1.50570789e-05)
(1.500202557 -7.076620554e-06 -1.222172629e-05)
(1.500194799 -1.577624854e-05 -9.579657499e-06)
(1.500187677 -2.096750378e-05 -6.216604168e-06)
(1.500184373 -2.222614671e-05 -3.933847106e-06)
(1.500179627 -2.085980322e-05 -1.788358588e-07)
(1.500002631 -8.395404224e-05 1.09226225e-06)
(1.500016243 -0.00025804661 3.639980518e-06)
(1.500050917 -0.0004686061233 7.702207379e-06)
(1.500117144 -0.0007456822558 1.482204376e-05)
(1.50023839 -0.001122127105 2.73464949e-05)
(1.500456947 -0.001626490609 4.813089134e-05)
(1.500852107 -0.002278827893 8.152576374e-05)
(1.501527566 -0.003013731737 0.000127822603)
(1.502629604 -0.003689102578 0.0001865626397)
(1.50415581 -0.003730985217 0.0002151251807)
(1.505655176 -0.002773473173 0.0001786599474)
(1.506559951 -0.001133356982 0.0001056709385)
(1.506617975 0.0007442486196 1.641643299e-05)
(1.505924492 0.00232955319 -5.736822868e-05)
(1.504615964 0.003465380302 -0.0001097547777)
(1.503059659 0.003799579671 -0.0001046562461)
(1.501741367 0.003213589011 -5.674210991e-05)
(1.5009897 0.002264732067 1.420666422e-05)
(1.500749503 0.001601054011 5.029504439e-05)
(1.50062473 0.00119099493 5.902814735e-05)
(1.500497943 0.0008660354891 6.539789359e-05)
(1.500411949 0.0006129934428 6.909131635e-05)
(1.500375233 0.0004416431091 6.805217729e-05)
(1.500357041 0.0003247982595 6.376603219e-05)
(1.500342984 0.0002427276502 5.854952131e-05)
(1.50033253 0.0001835880946 5.348518877e-05)
(1.500326276 0.0001427780381 4.772019222e-05)
(1.50032227 0.0001141428234 4.210630165e-05)
(1.500319525 9.561326477e-05 3.690295931e-05)
(1.500316874 8.280485282e-05 3.126151219e-05)
(1.500316603 7.517853582e-05 2.640397315e-05)
(1.500306242 7.204331508e-05 2.01135997e-05)
(1.499999326 -8.963522028e-05 1.479716008e-06)
(1.499992735 -0.0002769773518 5.085739206e-06)
(1.499979777 -0.0005122064089 1.11612609e-05)
(1.499966271 -0.0008387202884 2.239100791e-05)
(1.499973438 -0.00131590815 4.36728715e-05)
(1.500044226 -0.002012585507 8.148066289e-05)
(1.500301155 -0.003030652118 0.0001491612072)
(1.50092408 -0.004333520556 0.000251877832)
(1.502356357 -0.005814781925 0.0004154946519)
(1.504728204 -0.006031890406 0.000491766214)
(1.507096425 -0.004574592281 0.0003938378477)
(1.50844723 -0.002008681919 0.0002012334854)
(1.508497862 0.0008065767443 -3.159740985e-05)
(1.507420436 0.003223227071 -0.0002291904558)
(1.505559587 0.004684484934 -0.0004260958355)
(1.503184571 0.004988283969 -0.0005349442257)
(1.501084751 0.003760335942 -0.0004430209644)
(1.500343752 0.002288598148 -0.0002641266144)
(1.500356616 0.001482427866 -0.0001733171604)
(1.500392537 0.001005355768 -0.0001330858807)
(1.500363492 0.0006203726189 -9.906008524e-05)
(1.500359711 0.0003421402282 -6.788785813e-05)
(1.500384467 0.0001762985046 -4.108705264e-05)
(1.500403525 7.364360077e-05 -1.782317364e-05)
(1.50041315 1.02372356e-05 3.127728452e-06)
(1.500420108 -3.147696744e-05 2.292831915e-05)
(1.500425978 -5.601592766e-05 3.981727018e-05)
(1.500431813 -7.271710888e-05 5.653873322e-05)
(1.500435563 -8.081306889e-05 6.951650549e-05)
(1.500439225 -8.475050707e-05 8.499442275e-05)
(1.500441473 -8.503500168e-05 9.55759796e-05)
(1.50044602 -8.216123046e-05 0.0001111225739)
(1.499993337 -8.64082962e-05 1.967742595e-06)
(1.499962827 -0.0002686215339 6.834235822e-06)
(1.499887856 -0.0005078020863 1.555913823e-05)
(1.499760908 -0.0008609127732 3.267803772e-05)
(1.49958629 -0.001427564099 6.817859861e-05)
(1.499371792 -0.002348510052 0.0001358525623)
(1.499284296 -0.003920497725 0.0002788110616)
(1.499581037 -0.006339259926 0.00052432439)
(1.50158675 -0.009775959651 0.0009714691877)
(1.50546637 -0.00965575887 0.001103314816)
(1.509196995 -0.006761633147 0.001052824136)
(1.511185136 -0.002299627392 0.000833529773)
(1.511118133 0.002912067699 0.0005251935667)
(1.509311169 0.007208458687 0.0003051593961)
(1.506418283 0.01070243996 0.0002719561468)
(1.50289487 0.009953609008 0.0001416157627)
(1.49994021 0.006475654722 0.000270256729)
(1.499557903 0.003676184599 0.0005272754837)
(1.500030837 0.002332606489 0.0006528676053)
(1.500266638 0.001607924996 0.0006416987623)
(1.500335649 0.001075989472 0.0006172463582)
(1.500417532 0.0007296913561 0.0005784269355)
(1.500509096 0.0005294673983 0.0005302274968)
(1.500566918 0.0003966827735 0.0004871700314)
(1.500603131 0.0003103121872 0.000446948117)
(1.500630418 0.000260542024 0.0004118864632)
(1.500645306 0.0002335578573 0.0003835879928)
(1.500654862 0.0002194716355 0.0003586094697)
(1.500660655 0.0002134130622 0.0003403543969)
(1.500664183 0.0002127993817 0.0003213911196)
(1.500665791 0.0002159216874 0.0003091428424)
(1.500654729 0.0002210861351 0.0002922841187)
(1.499987336 -7.26852407e-05 2.462496011e-06)
(1.499929296 -0.0002276677577 8.601894548e-06)
(1.499781787 -0.0004398459542 2.065288719e-05)
(1.499506832 -0.0007762721178 4.456076783e-05)
(1.499059911 -0.001369681257 0.0001027074934)
(1.498326832 -0.002488469217 0.0002180650301)
(1.497386591 -0.00483256083 0.000516548428)
(1.496510486 -0.009329606287 0.001245948284)
(1.50006695 -0.01752811774 0.002604888755)
(1.506231705 -0.01867303884 0.001475553366)
(1.512567325 -0.01531806246 0.0006741131285)
(1.516343318 -0.00879155271 0.0002998712325)
(1.516873718 -0.001750969289 -0.0003982264053)
(1.514966627 0.004474465732 -0.001379083088)
(1.510425392 0.009042084364 -0.002312230649)
(1.50087493 0.014557185 -0.002481625467)
(1.49639678 0.005897531507 -0.0009854750881)
(1.497186658 0.003491149427 -0.0002523693832)
(1.498860069 0.001621947325 0.0001728687633)
(1.499580994 0.0005401359581 0.0004861033915)
(1.499902696 -9.013500848e-05 0.0007888374046)
(1.500148503 -0.000428665734 0.001023688741)
(1.50034444 -0.0006296335519 0.001193570274)
(1.500463669 -0.000752945322 0.001320269871)
(1.500535028 -0.0008351612546 0.001419685204)
(1.500582479 -0.0008921016862 0.001498292478)
(1.500616919 -0.0009326360877 0.001562469895)
(1.50064148 -0.0009624325352 0.001615120023)
(1.500658335 -0.0009850487624 0.001659018667)
(1.500670465 -0.001003182895 0.00169606428)
(1.500680748 -0.001015848307 0.001726590135)
(1.500678296 -0.001031453656 0.001749796521)
(1.49998185 -4.876574669e-05 2.816966286e-06)
(1.499899186 -0.0001531099902 1.029221764e-05)
(1.499680084 -0.0003038235524 2.454494334e-05)
(1.499253034 -0.0005441345386 5.811177738e-05)
(1.498434276 -0.001065440481 0.0001331658288)
(1.496896932 -0.001940220062 0.0003348630019)
(1.493789049 -0.005359851678 0.0008838176515)
(1.491542144 -0.01104196231 0.001319779962)
(1.490185733 -0.02756921379 0.004282974981)
(1.503959034 -0.03568776697 0.00769085916)
(1.517348337 -0.02829558761 0.009087029193)
(1.524447642 -0.01523323501 0.007034744565)
(1.525157873 0.0005687361643 0.003958207287)
(1.521906105 0.01577238237 0.001438533139)
(1.512653716 0.0289317963 -0.0002231819572)
(1.500436879 0.03252091833 -0.0004957281322)
(1.48991807 0.01559296258 0.002240158872)
(1.495230745 0.0005826822137 0.001192188751)
(1.498524156 -0.0006677781486 0.0009976270923)
(1.499480238 -0.001194292353 0.0005015402205)
(1.500049651 -0.001522817566 0.000155492996)
(1.500440026 -0.001642197017 -7.54678344e-05)
(1.500663433 -0.001671034927 -0.0002967614319)
(1.500781265 -0.001663034503 -0.0004618182174)
(1.50084998 -0.001639677954 -0.0005815065898)
(1.500894864 -0.00160854877 -0.0006726512808)
(1.500924395 -0.001577444748 -0.0007391669695)
(1.500943518 -0.00154562187 -0.0007944351292)
(1.500955918 -0.001519170699 -0.0008350012574)
(1.500964629 -0.001491746551 -0.0008734392527)
(1.500970314 -0.001471420019 -0.0008980083993)
(1.500970797 -0.001445716641 -0.0009329097567)
(1.499978611 -1.654633855e-05 3.029922379e-06)
(1.499880768 -5.390437298e-05 1.123837751e-05)
(1.499618404 -0.0001065150673 2.662115941e-05)
(1.499079528 -0.0002025162912 6.801309282e-05)
(1.497988827 -0.0003765263234 0.0001477584942)
(1.495591345 -0.0008895390213 0.0004746545842)
(1.49192328 -0.002001229605 0.0006217908274)
(1.479063963 -0.01079542744 0.003192296445)
(1.45812135 -0.06470803231 0.01114075962)
(1.499407569 -0.1910166212 0.04335911049)
(1.50855511 -0.1571253445 0.03419666678)
(1.464145864 0.1035581682 -0.07143775065)
(1.477599124 0.125416935 -0.05161621901)
(1.455075622 0.03881976634 -0.01060440187)
(1.475540064 0.02643385578 -0.009172334381)
(1.475466226 0.005210979399 -0.006685935672)
(1.47730065 0.004136602034 -0.005046734802)
(1.478319995 0.003446709226 -0.004028312704)
(1.479002398 0.003065742014 -0.003339932155)
(1.479385123 0.002838919033 -0.002855790623)
(1.479654237 0.002664753104 -0.00250589925)
(1.479851082 0.002532338433 -0.002266065719)
(1.480006434 0.00242948032 -0.002097142161)
(1.480135951 0.002347529565 -0.001978099032)
(1.480249387 0.002280869301 -0.00187971156)
(1.480349737 0.002226298094 -0.001799485819)
(1.480451811 0.002178450247 -0.001729299751)
(1.480529697 0.002142653324 -0.001680587021)
(1.480644883 0.002096528002 -0.001615179548)
(1.499978618 1.708513469e-05 2.997511741e-06)
(1.499880816 5.555973816e-05 1.112919871e-05)
(1.499618519 0.0001094138134 2.638364293e-05)
(1.499079971 0.000206986424 6.751526847e-05)
(1.497989157 0.0003830545955 0.0001463648099)
(1.495594234 0.000899292936 0.0004704126686)
(1.491181519 0.001318546807 0.0008247196181)
(1.470005713 0.004823882685 0.003284069682)
(1.215955425 0.09794830517 0.1156762564)
(1.18564057 -0.07164919705 0.08979068915)
(1.391560458 -0.01584327604 0.03290752368)
(1.460730858 0.003198713079 0.003203506532)
(1.463434842 0.003715284835 0.002867767864)
(1.464913616 0.003732189535 0.002658673434)
(1.465685581 0.003663622947 0.002537415932)
(1.466109455 0.003577486876 0.002479365251)
(1.466371334 0.003485346935 0.00245407455)
(1.466552428 0.003392724361 0.002444334113)
(1.466688874 0.00330008363 0.002443603619)
(1.466797735 0.003209487216 0.002447262115)
(1.466888811 0.003122500231 0.002452472388)
(1.466968031 0.003039959141 0.002455705682)
(1.467040231 0.002959044608 0.002460600753)
(1.467106133 0.002891751814 0.002455087268)
(1.467198102 0.002785090261 0.002472526533)
(1.499981871 4.928009075e-05 2.72305957e-06)
(1.499899292 0.0001546758428 9.991591455e-06)
(1.499680474 0.0003065143544 2.38515092e-05)
(1.499253788 0.0005482716359 5.67525779e-05)
(1.498436281 0.001070760202 0.0001293383528)
(1.496897948 0.001949499504 0.0003251628981)
(1.493784534 0.005381078483 0.0008409827336)
(1.487530938 0.0120895046 0.001836050125)
(1.479617514 0.04405810446 0.005866503746)
(1.500892295 0.07097305096 0.01716121219)
(1.52002475 0.1234861764 0.02519937034)
(1.524435126 0.08716987915 0.009108039385)
(1.527000732 0.0570789789 -0.005414173358)
(1.520540608 0.03232069922 -0.01684788897)
(1.513341752 -0.03326582508 -0.02201629584)
(1.495896702 -0.041992251 -0.01102604983)
(1.479635188 -0.009208150287 -0.008481133744)
(1.493053451 -0.001924263141 -0.003467354188)
(1.498047876 0.001338829918 -0.003214229377)
(1.498834395 0.003272656484 -0.00277835021)
(1.49918728 0.004079433219 -0.002524721771)
(1.499404147 0.004565116584 -0.002368268893)
(1.499482308 0.004795480281 -0.002264893954)
(1.499470456 0.00491545863 -0.002194301156)
(1.499416764 0.004981556571 -0.002144174994)
(1.499343679 0.005018252983 -0.002105573494)
(1.499259258 0.005037396054 -0.002073522524)
(1.499167666 0.005045765017 -0.002045668214)
(1.49907192 0.005046703876 -0.002020731649)
(1.498973771 0.005043059561 -0.001997693561)
(1.498877691 0.005036029962 -0.001977197369)
(1.498757986 0.005029867995 -0.001959459483)
(1.499987364 7.314857351e-05 2.324484221e-06)
(1.499929454 0.0002290620933 8.149158988e-06)
(1.499782272 0.0004422571016 1.9678501e-05)
(1.499507909 0.0007796424955 4.263480384e-05)
(1.499061957 0.001374620594 9.833252826e-05)
(1.4983297 0.002492838859 0.0002087655672)
(1.497390684 0.004846102942 0.0004890751845)
(1.496498577 0.009330274762 0.001189001687)
(1.5000357 0.01769440108 0.002383792328)
(1.503787375 0.02090875056 0.002603494995)
(1.51241735 0.01766609397 0.00203275189)
(1.516894662 0.007605799681 0.001304942566)
(1.517233921 -0.003762571927 0.0008820684387)
(1.514752901 -0.01392473948 0.0004171633122)
(1.509131768 -0.02132144401 -6.783919924e-05)
(1.50078741 -0.01404623573 -0.002969630114)
(1.496527202 -0.006469986384 -0.001825531157)
(1.497391241 -0.001847950706 -0.0009875333993)
(1.498954736 1.333447917e-06 -0.000392133616)
(1.49954009 0.0009012352577 -0.0001761699963)
(1.499816715 0.001414858503 -9.803572694e-05)
(1.500059431 0.001687313052 -7.126984283e-05)
(1.500270107 0.001850548707 -5.881139384e-05)
(1.500398537 0.001951254108 -5.521226992e-05)
(1.500476688 0.002019107156 -5.661764537e-05)
(1.50052947 0.002067472599 -5.845292464e-05)
(1.500565527 0.002100897424 -5.923924329e-05)
(1.50059047 0.002124703824 -5.977507026e-05)
(1.500607188 0.002141107336 -6.009221116e-05)
(1.500619536 0.002152178447 -6.137097421e-05)
(1.500627487 0.002160016483 -6.213025623e-05)
(1.50065855 0.002163706961 -6.439278372e-05)
(1.499993369 8.680776179e-05 1.801913401e-06)
(1.499962999 0.0002698240624 6.29650699e-06)
(1.499888389 0.0005098221121 1.44541128e-05)
(1.499762011 0.0008637486266 3.062705222e-05)
(1.499588422 0.001431208093 6.413392465e-05)
(1.499374754 0.002352624322 0.000128385587)
(1.499289734 0.003926223849 0.0002620448994)
(1.499581251 0.006342889336 0.000493861451)
(1.501592001 0.009811887142 0.0008919696862)
(1.505464372 0.009692470872 0.0009969936015)
(1.509192611 0.006812053293 0.0009271810242)
(1.511179688 0.002339392999 0.0006894722461)
(1.511130373 -0.002826581595 0.0003696564337)
(1.509300769 -0.0072131509 0.0001367378598)
(1.506420694 -0.01061237928 7.770620294e-05)
(1.502915379 -0.009857079784 -0.0001087034293)
(1.499982618 -0.006424933239 8.232411166e-05)
(1.499508214 -0.003413353897 0.0001596516035)
(1.499954046 -0.002193591683 0.0001260496147)
(1.500203526 -0.00144981707 0.000111285756)
(1.500312438 -0.0008553064457 0.0001181488338)
(1.500396787 -0.0004428839537 0.0001246769763)
(1.500491689 -0.0001889598834 0.0001326353144)
(1.500554391 -1.857264381e-05 0.0001419307194)
(1.500587992 9.731856514e-05 0.0001497429035)
(1.500609242 0.0001822650023 0.0001562845522)
(1.500623006 0.0002373596734 0.0001616616145)
(1.500633408 0.0002818199885 0.0001664838915)
(1.50063916 0.0003086912654 0.0001699587648)
(1.500644033 0.0003337409212 0.0001740124317)
(1.500645565 0.0003460047968 0.0001763089064)
(1.500654349 0.0003609799919 0.0001780731118)
(1.499999344 8.996793274e-05 1.302455837e-06)
(1.499992907 0.000277971427 4.515431308e-06)
(1.499980296 0.0005138568818 1.004016712e-05)
(1.499967345 0.0008409825574 2.040411434e-05)
(1.499975326 0.001318738009 4.015640214e-05)
(1.500047072 0.002015632651 7.54408852e-05)
(1.500305255 0.003034108731 0.0001380361488)
(1.500928396 0.004335872175 0.0002334114451)
(1.502359798 0.005822210024 0.0003802424513)
(1.504730605 0.006043372345 0.000442450011)
(1.507098776 0.004592640858 0.0003365035848)
(1.508449708 0.002034440291 0.0001372174596)
(1.508504045 -0.0007772768161 -0.0001038647337)
(1.507429893 -0.003189444238 -0.0003063745445)
(1.505570509 -0.004650162024 -0.0005155604569)
(1.503191195 -0.004941616578 -0.0006453052829)
(1.501095724 -0.003757894289 -0.0005702138364)
(1.500338021 -0.002253695177 -0.0004521067439)
(1.50035558 -0.001402709814 -0.0003649806875)
(1.50039292 -0.0008866469655 -0.0003058312226)
(1.500359947 -0.0004838032407 -0.0002662373075)
(1.500350648 -0.0001953574296 -0.000241799253)
(1.500370495 -2.330074696e-05 -0.0002346558407)
(1.500388672 8.567194605e-05 -0.000232657706)
(1.500396837 0.0001592649744 -0.0002329034167)
(1.500402994 0.0002158360296 -0.000234996192)
(1.500409002 0.000251471741 -0.0002377663933)
(1.500414507 0.0002748972648 -0.000240547749)
(1.500418576 0.0002905282581 -0.0002433454514)
(1.500422939 0.0003012759383 -0.0002459726563)
(1.500423328 0.0003089053995 -0.0002483626719)
(1.500443452 0.0003154972493 -0.0002500044151)
(1.500002669 8.421992236e-05 9.123210604e-07)
(1.500016406 0.0002588382268 3.072169732e-06)
(1.500051399 0.0004699059647 6.622012041e-06)
(1.50011813 0.0007474459328 1.298545983e-05)
(1.500240061 0.001124272235 2.431575751e-05)
(1.500459441 0.001628822444 4.325895538e-05)
(1.500855511 0.002281210534 7.361950222e-05)
(1.501531635 0.003015656647 0.0001156373917)
(1.502633754 0.003691607382 0.000167396472)
(1.504159681 0.003734618411 0.0001888063067)
(1.505659017 0.002779378807 0.0001475528249)
(1.506563964 0.00113978681 7.002415366e-05)
(1.506624963 -0.0007310428903 -2.400644218e-05)
(1.505929482 -0.002323521135 -0.000102905581)
(1.504626987 -0.003457111346 -0.0001625076467)
(1.503064534 -0.003791645133 -0.000167783347)
(1.50175251 -0.003216677224 -0.0001295238842)
(1.500993143 -0.002253881939 -7.070853274e-05)
(1.500749355 -0.001580979517 -5.252005264e-05)
(1.500622755 -0.001173748081 -4.918931981e-05)
(1.500494035 -0.0008477669928 -4.868779345e-05)
(1.500407073 -0.0005887394661 -4.903049094e-05)
(1.500370358 -0.0004103118018 -4.910460386e-05)
(1.50035165 -0.0002831931384 -4.829627289e-05)
(1.500337316 -0.000195063875 -4.657022866e-05)
(1.500325741 -0.0001257611154 -4.48197883e-05)
(1.500319282 -7.943751479e-05 -4.269637002e-05)
(1.500314733 -4.069089021e-05 -4.004631609e-05)
(1.500312032 -1.6992106e-05 -3.74424741e-05)
(1.500308918 5.412841598e-06 -3.453164522e-05)
(1.500306985 1.660581714e-05 -3.233768605e-05)
(1.500302544 2.94465175e-05 -3.018242693e-05)
(1.500006054 7.166653621e-05 5.992763832e-07)
(1.500033529 0.0002192360762 1.999110586e-06)
(1.500102031 0.0003924369423 4.206927274e-06)
(1.500221377 0.0006107426848 7.991949003e-06)
(1.500410856 0.0008909013563 1.435775958e-05)
(1.500702959 0.001241186263 2.4403688e-05)
(1.50114493 0.001654027534 3.920929336e-05)
(1.501786732 0.00207154189 5.790825535e-05)
(1.502664647 0.002380895683 7.746040824e-05)
(1.50373306 0.002333785446 8.554540368e-05)
(1.50474678 0.001751443646 6.708449378e-05)
(1.5053953 0.0007308733014 2.731053999e-05)
(1.505470509 -0.0003960341411 -2.542675883e-05)
(1.505005309 -0.001378337924 -7.243027601e-05)
(1.504137892 -0.002035049776 -0.0001093787889)
(1.503071943 -0.002224860028 -0.0001304680551)
(1.502071935 -0.001950551428 -0.0001322735376)
(1.501348212 -0.001434531343 -0.0001204256301)
(1.50097205 -0.001021851929 -0.0001102966722)
(1.500747082 -0.0007492029004 -0.0001032895014)
(1.500560173 -0.0005250704117 -9.665968332e-05)
(1.500424417 -0.0003399416383 -9.076500623e-05)
(1.500344062 -0.0002087475171 -8.756943063e-05)
(1.500292414 -0.0001192752393 -8.641836726e-05)
(1.500255385 -5.900648204e-05 -8.603806899e-05)
(1.500227697 -1.553726964e-05 -8.643996436e-05)
(1.500209552 1.286913805e-05 -8.694891485e-05)
(1.50019675 3.235050179e-05 -8.802433198e-05)
(1.500187838 4.369113297e-05 -8.934246875e-05)
(1.500182012 5.230500613e-05 -9.063380568e-05)
(1.500175316 5.615928895e-05 -9.261326249e-05)
(1.500175462 5.750228e-05 -9.405235459e-05)
(1.500008101 5.423271529e-05 3.834994666e-07)
(1.500044964 0.0001654163113 1.271208883e-06)
(1.50013555 0.0002931142201 2.619675058e-06)
(1.50028759 0.0004490404271 4.837611311e-06)
(1.500515011 0.0006410107861 8.389074143e-06)
(1.500840448 0.0008690721808 1.370030759e-05)
(1.501290268 0.001120114052 2.098300575e-05)
(1.501883241 0.001352675974 2.948861274e-05)
(1.502614591 0.001495373198 3.716483577e-05)
(1.503422818 0.001432753162 3.910475384e-05)
(1.504160507 0.001075602279 2.90672844e-05)
(1.504638632 0.0004418644693 7.226978528e-06)
(1.50470641 -0.000241456662 -1.9037679e-05)
(1.504377094 -0.000857785076 -4.340132583e-05)
(1.503736673 -0.00128010547 -6.183137263e-05)
(1.502940968 -0.00144624264 -7.144634587e-05)
(1.502135213 -0.001354178422 -7.040272354e-05)
(1.501500265 -0.001096230493 -6.206440821e-05)
(1.50108795 -0.0008436067374 -5.484358463e-05)
(1.500809125 -0.0006529898086 -4.97686895e-05)
(1.500590498 -0.0004960394534 -4.774901216e-05)
(1.500424518 -0.0003626459841 -4.69267242e-05)
(1.500317127 -0.0002658241517 -4.684952558e-05)
(1.500242743 -0.0001956617776 -4.714056171e-05)
(1.500191728 -0.0001472164894 -4.73629116e-05)
(1.500152757 -0.0001089847427 -4.728344138e-05)
(1.50012859 -8.37888731e-05 -4.713143436e-05)
(1.500109438 -6.288836965e-05 -4.653194632e-05)
(1.500098585 -5.078180912e-05 -4.598185239e-05)
(1.500087648 -3.895950687e-05 -4.504880156e-05)
(1.500082776 -3.322736578e-05 -4.422125401e-05)
(1.500072971 -2.691884603e-05 -4.327449567e-05)
(1.500009335 3.368221706e-05 2.509467353e-07)
(1.500051857 0.0001025440709 8.272777171e-07)
(1.500155548 0.000180515657 1.676035299e-06)
(1.50032615 0.0002737323079 3.020677576e-06)
(1.500573268 0.0003854320395 5.080208841e-06)
(1.500912577 0.0005136216607 8.002296614e-06)
(1.501358052 0.0006486436661 1.174748534e-05)
(1.501913209 0.0007657488361 1.574737813e-05)
(1.502554347 0.0008290799923 1.876594077e-05)
(1.503224929 0.0007829769732 1.856674108e-05)
(1.50382427 0.0005795518544 1.208343418e-05)
(1.504189829 0.0002359893777 -5.153523928e-07)
(1.504244224 -0.0001264093079 -1.49347176e-05)
(1.503997297 -0.0004613724872 -2.974171529e-05)
(1.50349181 -0.0006911049688 -4.161113944e-05)
(1.502845634 -0.0007845306708 -4.897552847e-05)
(1.502171361 -0.0007419281738 -5.147819067e-05)
(1.501596706 -0.0006072149809 -5.056414216e-05)
(1.501170194 -0.0004634718097 -4.93031367e-05)
(1.500858182 -0.0003493436836 -4.878934065e-05)
(1.500616121 -0.0002553894823 -4.837122355e-05)
(1.500431583 -0.0001756176278 -4.793816031e-05)
(1.5003049 -0.0001168806957 -4.764413002e-05)
(1.50021491 -7.046579661e-05 -4.755612899e-05)
(1.500152389 -4.22718639e-05 -4.740529049e-05)
(1.500104392 -1.800392221e-05 -4.733280234e-05)
(1.500073734 -4.269965435e-06 -4.734373744e-05)
(1.500048971 8.443524073e-06 -4.740623195e-05)
(1.500034666 1.432027597e-05 -4.758321344e-05)
(1.500020186 1.994182525e-05 -4.787730022e-05)
(1.500013342 2.228801416e-05 -4.816308076e-05)
(1.500001622 2.343297482e-05 -4.857115595e-05)
(1.500009909 1.141003908e-05 1.883341195e-07)
(1.50005507 3.470557762e-05 6.189660337e-07)
(1.500164804 6.089736534e-05 1.240169513e-06)
(1.50034374 9.188568285e-05 2.198169019e-06)
(1.500599074 0.0001285089083 3.615879377e-06)
(1.500943241 0.0001698833747 5.548626409e-06)
(1.501383692 0.0002126633473 7.885966633e-06)
(1.501921196 0.0002480756334 1.017134813e-05)
(1.50251369 0.0002673896143 1.155945793e-05)
(1.503149327 0.0002463366095 1.04260081e-05)
(1.503653009 0.0001917891351 6.214074803e-06)
(1.504025205 5.143131445e-05 -5.896130662e-06)
(1.504031231 -4.111981946e-05 -1.398724956e-05)
(1.503814816 -0.0001459400839 -2.440069804e-05)
(1.503370181 -0.0002191012308 -3.324545511e-05)
(1.502789155 -0.0002502914666 -3.904602314e-05)
(1.502173339 -0.0002410367669 -4.165262178e-05)
(1.501623443 -0.0002045476248 -4.175376644e-05)
(1.501195789 -0.000164078674 -4.101076829e-05)
(1.500869422 -0.0001311576997 -4.043648399e-05)
(1.500618505 -0.0001041496971 -4.004234098e-05)
(1.500427084 -8.111163792e-05 -3.977104539e-05)
(1.500292131 -6.42795794e-05 -3.96548499e-05)
(1.500193294 -5.088969551e-05 -3.960066458e-05)
(1.500126902 -4.219875627e-05 -3.945813172e-05)
(1.500075226 -3.657815818e-05 -3.944744305e-05)
(1.500043089 -3.276867438e-05 -3.941369627e-05)
(1.500015997 -3.010151098e-05 -3.94840349e-05)
(1.500000959 -2.844903545e-05 -3.948715558e-05)
(1.499985297 -2.715598763e-05 -3.952106137e-05)
(1.499978239 -2.640031493e-05 -3.952820922e-05)
(1.49996506 -2.547719937e-05 -3.946945545e-05)
(1.500009918 -1.134033128e-05 9.240999271e-07)
(1.500055115 -3.448817544e-05 2.898275677e-06)
(1.500164933 -6.048069744e-05 5.570522292e-06)
(1.500344006 -9.116957331e-05 9.461108206e-06)
(1.500599515 -0.0001273368192 1.50282829e-05)
(1.500943803 -0.0001680208773 2.253621029e-05)
(1.501384106 -0.0002098420297 3.17741429e-05)
(1.501920798 -0.0002441019845 4.151612836e-05)
(1.50251149 -0.0002622493198 4.933955927e-05)
(1.503143695 -0.0002407244874 5.096023796e-05)
(1.503644079 -0.0001867960861 4.383192223e-05)
(1.504011804 -4.936175304e-05 1.782911664e-05)
(1.504016885 4.116276617e-05 -2.737684831e-07)
(1.503801462 0.0001436857877 -2.253700969e-05)
(1.503359589 0.0002151679626 -3.912194666e-05)
(1.502782152 0.0002456354631 -4.636627986e-05)
(1.502169849 0.0002366113529 -4.418485877e-05)
(1.501622802 0.0002011479387 -3.539682652e-05)
(1.501195812 0.0001613247771 -2.571729022e-05)
(1.500869414 0.0001285157165 -1.864361911e-05)
(1.500618752 0.0001016347161 -1.383171106e-05)
(1.500427845 7.890872189e-05 -1.035748221e-05)
(1.500293361 6.210655849e-05 -8.164919192e-06)
(1.500195054 4.962037098e-05 -6.515545782e-06)
(1.500128952 4.032426916e-05 -5.94576578e-06)
(1.50007753 3.47443568e-05 -5.801656742e-06)
(1.500045757 3.110341432e-05 -5.747681737e-06)
(1.500018916 2.87032098e-05 -5.859562264e-06)
(1.500004116 2.733068728e-05 -5.95974968e-06)
(1.499988765 2.640275762e-05 -6.184701469e-06)
(1.499981922 2.598565662e-05 -6.384159499e-06)
(1.499969153 2.557104288e-05 -6.699723792e-06)
(1.500009353 -3.346785023e-05 1.11469659e-06)
(1.500051959 -0.0001018739819 3.511215798e-06)
(1.500155853 -0.0001792186215 6.855720881e-06)
(1.500326799 -0.000271475043 1.189562543e-05)
(1.500574394 -0.0003816653026 1.937581777e-05)
(1.500914219 -0.0005075584687 2.984084487e-05)
(1.501359911 -0.0006392739575 4.329717162e-05)
(1.501914468 -0.0007522249194 5.819242607e-05)
(1.502553156 -0.0008112427989 7.103422631e-05)
(1.503219478 -0.0007627751275 7.537713124e-05)
(1.503812904 -0.0005621525651 6.299441634e-05)
(1.504173425 -0.0002261755992 3.401040142e-05)
(1.50422585 0.0001267016951 1.967722075e-07)
(1.503980496 0.0004535818493 -3.31841885e-05)
(1.503479021 0.0006777780126 -5.699933201e-05)
(1.502837889 0.0007694080772 -6.699082609e-05)
(1.502168923 0.0007296809068 -6.270913426e-05)
(1.501596667 0.0006013408896 -4.891693773e-05)
(1.50117122 0.000462981689 -3.589066267e-05)
(1.50085775 0.0003505055933 -2.80149084e-05)
(1.500616633 0.0002580359315 -2.278195477e-05)
(1.500432389 0.0001792938566 -1.856120353e-05)
(1.500306234 0.0001215240261 -1.580741325e-05)
(1.50021631 7.56094173e-05 -1.422597988e-05)
(1.500154212 4.769559926e-05 -1.323131102e-05)
(1.50010678 2.329599065e-05 -1.253039e-05)
(1.500076484 9.414704013e-06 -1.204267267e-05)
(1.500052198 -3.634480171e-06 -1.160341934e-05)
(1.500038116 -9.855514653e-06 -1.119142613e-05)
(1.500024078 -1.598470881e-05 -1.066108816e-05)
(1.500017498 -1.877082211e-05 -1.022761879e-05)
(1.500005481 -2.032970145e-05 -9.527898817e-06)
(1.500008142 -5.385910038e-05 1.516547094e-06)
(1.500045196 -0.0001642438115 4.809261897e-06)
(1.500136264 -0.0002908022716 9.620559511e-06)
(1.500289145 -0.0004449105186 1.723879229e-05)
(1.50051781 -0.0006338860073 2.913245111e-05)
(1.500844806 -0.0008571696389 4.667383446e-05)
(1.501295958 -0.001100890018 7.060566411e-05)
(1.501888941 -0.001323739297 9.886249657e-05)
(1.502616968 -0.001455235823 0.0001254344989)
(1.503416024 -0.00138637701 0.0001364135523)
(1.50414267 -0.001035621322 0.0001148847195)
(1.504612326 -0.0004173105015 6.133005994e-05)
(1.504677559 0.0002430285313 -3.136627171e-06)
(1.504352206 0.000839398553 -6.187012906e-05)
(1.503719457 0.001246829772 -0.0001021762863)
(1.502934387 0.001405743372 -0.0001160673433)
(1.502138324 0.001315062022 -0.0001000001747)
(1.501508671 0.001067681934 -6.410562633e-05)
(1.501093325 0.0008237766708 -3.429913192e-05)
(1.500810993 0.0006374116891 -1.8285257e-05)
(1.500591663 0.0004836304584 -8.189174257e-06)
(1.500426347 0.0003533259913 -1.974168964e-06)
(1.500318631 0.0002581384064 1.344425156e-06)
(1.500244244 0.0001897600432 1.95158309e-06)
(1.500192983 0.0001426322556 2.050782342e-06)
(1.500154443 0.0001066228527 1.742073908e-06)
(1.50013011 8.28844917e-05 1.026103303e-06)
(1.500111318 6.423087824e-05 -2.209571379e-07)
(1.500100373 5.338530931e-05 -1.39112626e-06)
(1.50008979 4.376188976e-05 -3.126435999e-06)
(1.500084864 3.94033982e-05 -4.253993372e-06)
(1.500076365 3.518272435e-05 -6.276834989e-06)
(1.500006137 -7.111377638e-05 2.166119014e-06)
(1.500034001 -0.0002174899512 6.918472592e-06)
(1.500103509 -0.0003889038641 1.422921276e-05)
(1.500224681 -0.000604198701 2.643132593e-05)
(1.500417003 -0.0008790458854 4.656318426e-05)
(1.500713079 -0.001220311206 7.796042475e-05)
(1.501159221 -0.001618010467 0.0001238030541)
(1.50180348 -0.002013608052 0.000181594736)
(1.502676333 -0.002293412114 0.0002418617111)
(1.503725638 -0.002231652806 0.0002700106493)
(1.504715307 -0.001667049647 0.0002269290453)
(1.505346849 -0.0006783738974 0.0001229297501)
(1.5054177 0.0004059682098 -8.475134347e-06)
(1.504959259 0.001356327662 -0.0001257528703)
(1.504107555 0.001989172891 -0.0002097454515)
(1.503057795 0.002184627566 -0.0002435611996)
(1.502073495 0.001934301723 -0.0002199062568)
(1.50136375 0.001453213323 -0.0001566492108)
(1.500983858 0.001055503044 -0.0001073344239)
(1.500751835 0.0007845028513 -8.054263963e-05)
(1.500564237 0.0005647769939 -6.112052093e-05)
(1.500427455 0.0003816881107 -4.565351332e-05)
(1.500347165 0.0002516185112 -3.63066652e-05)
(1.500295249 0.0001599637742 -3.052824807e-05)
(1.50025906 9.799352643e-05 -2.657031107e-05)
(1.50023167 5.198284084e-05 -2.321873741e-05)
(1.500214265 2.214965964e-05 -2.053889537e-05)
(1.500201271 -2.025325409e-07 -1.798075069e-05)
(1.500193283 -1.328975237e-05 -1.566259721e-05)
(1.500186028 -2.379004274e-05 -1.28678297e-05)
(1.500182281 -2.86072061e-05 -1.093903944e-05)
(1.500177972 -3.293677043e-05 -8.345048657e-06)
(1.500002894 -8.34827599e-05 3.103082992e-06)
(1.500017297 -0.0002564613443 9.994825016e-06)
(1.500054192 -0.0004649216733 2.116743532e-05)
(1.500124575 -0.0007377945894 4.08373141e-05)
(1.500252551 -0.001105626109 7.532066043e-05)
(1.500481352 -0.001593674601 0.0001324356335)
(1.500889057 -0.002214847863 0.0002227775882)
(1.501576738 -0.002899462721 0.0003458341756)
(1.502669627 -0.003490286557 0.000491520577)
(1.504149179 -0.003493030384 0.0005579714979)
(1.505597486 -0.002595265612 0.0004601836541)
(1.506480686 -0.001026783872 0.0002480366211)
(1.506541552 0.0006945958468 -1.479529764e-06)
(1.505851844 0.002214174292 -0.0002228237702)
(1.504591839 0.003234256054 -0.000372475492)
(1.503097971 0.00351384676 -0.00038708923)
(1.501790527 0.002977377476 -0.0002680330133)
(1.501031791 0.00211716229 -0.0001072235738)
(1.500768428 0.001500956869 -2.284058518e-05)
(1.500629917 0.001110226648 6.255763012e-06)
(1.500498532 0.0008016011556 2.173191503e-05)
(1.500408882 0.0005598727989 3.209500372e-05)
(1.500369122 0.0003973883793 3.530537862e-05)
(1.500348618 0.0002858958643 3.305696901e-05)
(1.500333832 0.0002100650168 2.874541741e-05)
(1.50032254 0.0001536009953 2.352226806e-05)
(1.500315991 0.0001165573756 1.813519568e-05)
(1.500311495 8.775257303e-05 1.203699259e-05)
(1.500308857 7.07150939e-05 7.135474863e-06)
(1.500306281 5.600953631e-05 1.309934671e-06)
(1.500304704 4.921489532e-05 -2.407482101e-06)
(1.500304398 4.245115934e-05 -7.865676615e-06)
(1.499999486 -8.904425856e-05 4.289992964e-06)
(1.499994431 -0.0002749729349 1.408874588e-05)
(1.499985236 -0.0005073156015 3.086588462e-05)
(1.499979218 -0.0008276157473 6.202454093e-05)
(1.4999995 -0.001290637165 0.0001204785512)
(1.500093006 -0.001958197104 0.0002241698658)
(1.500381932 -0.002909378392 0.0004047653796)
(1.501050902 -0.004088604331 0.0006735247234)
(1.502468131 -0.005341768395 0.001052211895)
(1.504711389 -0.005498165552 0.001215534001)
(1.506945531 -0.004060386465 0.0009686787325)
(1.508232476 -0.001578311583 0.0004666509841)
(1.508281651 0.001070002918 -0.0001115972039)
(1.507235231 0.003402135894 -0.0006352889761)
(1.505374656 0.004822744815 -0.001072629028)
(1.503161296 0.005113661562 -0.001250801091)
(1.501220821 0.00395281286 -0.0009652432946)
(1.500466033 0.002571298244 -0.0005634346387)
(1.500421108 0.001754787273 -0.0003396498803)
(1.500428282 0.001250080828 -0.0002273187814)
(1.500389895 0.0008386668146 -0.0001491480413)
(1.500376517 0.000529960863 -9.748878912e-05)
(1.500392598 0.0003339271878 -6.537450231e-05)
(1.500409153 0.000203230475 -4.693623373e-05)
(1.500417402 0.0001154274483 -3.46024785e-05)
(1.500422287 5.188444602e-05 -2.474395986e-05)
(1.500426307 9.179686455e-06 -1.742795986e-05)
(1.500430045 -2.312363026e-05 -1.133381292e-05)
(1.500432362 -4.32613128e-05 -7.104080813e-06)
(1.50043457 -6.068817636e-05 -3.250189181e-06)
(1.50043513 -7.276439151e-05 -4.965269963e-07)
(1.500442913 -8.012644609e-05 1.789720713e-06)
(1.499993806 -8.574637325e-05 5.768919881e-06)
(1.499965479 -0.000266405627 1.906319075e-05)
(1.499896524 -0.000501857617 4.323949604e-05)
(1.499782773 -0.0008471173555 9.090249755e-05)
(1.499633082 -0.001390769149 0.0001878395022)
(1.499471468 -0.002264502956 0.0003731915175)
(1.499470043 -0.003691483226 0.0007424340102)
(1.499916475 -0.0057417937 0.001352987622)
(1.501826246 -0.008401654928 0.002342684903)
(1.505463055 -0.008769140931 0.002676030231)
(1.509003803 -0.006332109246 0.002291831228)
(1.510849058 -0.002259530363 0.001394449577)
(1.510830022 0.002043134034 0.0003782588005)
(1.509024726 0.006054364927 -0.0005544225497)
(1.506222306 0.008193539166 -0.0009353865145)
(1.502805734 0.008177478847 -0.001267005068)
(1.500064204 0.005431391585 -0.000678134931)
(1.499605017 0.003057194167 -9.064429435e-05)
(1.499959291 0.001964293199 9.451284664e-05)
(1.500146354 0.001392410868 0.0001533949255)
(1.500214595 0.0009685731793 0.0002006095208)
(1.500300328 0.00068444185 0.0002230691411)
(1.500393485 0.0005124781962 0.0002223146763)
(1.500458881 0.0004055402861 0.0002121885056)
(1.50049815 0.0003344985793 0.0002002260265)
(1.500523263 0.0002878927044 0.0001887465836)
(1.500540731 0.0002545115102 0.0001790449124)
(1.500554311 0.0002315841867 0.0001700954816)
(1.500563545 0.0002171650663 0.000162115452)
(1.500571492 0.0002084970076 0.0001543658868)
(1.500573593 0.0002040367732 0.0001482994352)
(1.500590314 0.000201692011 0.0001421914964)
(1.499988003 -7.207429018e-05 7.279021965e-06)
(1.499933209 -0.0002254728504 2.42628066e-05)
(1.499794457 -0.0004341358986 5.732546572e-05)
(1.499542168 -0.0007605072991 0.0001254600735)
(1.499140754 -0.001328367733 0.0002804541941)
(1.498523952 -0.002368026863 0.0006013000068)
(1.497889744 -0.004449124409 0.001358723307)
(1.497499007 -0.008038072423 0.002898016841)
(1.500588485 -0.01417409313 0.005852279306)
(1.506766414 -0.01380088679 0.005966343987)
(1.512513699 -0.009349934857 0.00439823513)
(1.515336005 -0.002859509326 0.001756405044)
(1.515262862 0.004196303077 -0.001296284162)
(1.512362418 0.0110701682 -0.004283543397)
(1.507376827 0.0150097794 -0.005765574411)
(1.501535972 0.01426137333 -0.00527189696)
(1.497612622 0.008302923092 -0.002556921803)
(1.498122859 0.004907195382 -0.0007008751277)
(1.499374996 0.002956199838 0.0002758640728)
(1.500006307 0.001847483707 0.0005893613153)
(1.500221601 0.001144267189 0.0007444349519)
(1.500390285 0.0007639290161 0.0008010301091)
(1.500541196 0.0005399969432 0.000819909413)
(1.500636981 0.0003974529061 0.0008245956635)
(1.500691037 0.0003062747916 0.0008230256902)
(1.500728086 0.0002433932282 0.0008177867663)
(1.500751781 0.0002052410047 0.0008112583933)
(1.500770699 0.0001758447687 0.0008025632273)
(1.500780749 0.0001593672547 0.0007955214407)
(1.500792422 0.0001455960075 0.000786744638)
(1.500795455 0.0001388508124 0.0007808963849)
(1.50081041 0.0001344049458 0.0007700706658)
(1.499982729 -4.832283423e-05 8.536494015e-06)
(1.499903831 -0.0001521251879 2.898595907e-05)
(1.499698586 -0.0002970815603 6.914522206e-05)
(1.499297563 -0.0005416508046 0.0001620028448)
(1.498579056 -0.0009846436508 0.0003701797011)
(1.49720045 -0.0020016046 0.000924082701)
(1.49518746 -0.004138976742 0.002280860594)
(1.492298262 -0.01089018454 0.007063199622)
(1.498423601 -0.02362680225 0.01863416954)
(1.507979249 -0.02820616119 0.01786071153)
(1.517531596 -0.02189874934 0.01468857934)
(1.522445377 -0.01074915193 0.008252820686)
(1.52292746 0.0004586099364 0.001219929094)
(1.520107301 0.01074939781 -0.005416358159)
(1.513077104 0.01919109211 -0.01102777435)
(1.49836992 0.02337346768 -0.01518553417)
(1.492552904 0.007533209217 -0.005575452304)
(1.494831569 0.006243859107 -0.004627299665)
(1.497498804 0.005074520427 -0.003653371297)
(1.498712057 0.004224693271 -0.002929927491)
(1.499331496 0.003737593938 -0.002532861281)
(1.499798923 0.003510778705 -0.002340760675)
(1.500110802 0.003409468994 -0.00226510868)
(1.50028294 0.003347833701 -0.002229586428)
(1.500381321 0.003306451965 -0.00221037441)
(1.500452504 0.003278955005 -0.00219816104)
(1.500496588 0.00326067709 -0.002189807158)
(1.500531298 0.003247201848 -0.002183811356)
(1.500550032 0.003236668063 -0.002180057319)
(1.500569621 0.003228086925 -0.002177066311)
(1.50057812 0.003221288631 -0.002174898394)
(1.500600953 0.003214202025 -0.002170511331)
(1.499979593 -1.641208135e-05 9.271695677e-06)
(1.499886602 -5.333201602e-05 3.14753504e-05)
(1.499637975 -0.0001051751165 7.702492084e-05)
(1.499142474 -0.0001965973644 0.0001818103606)
(1.498145302 -0.0003665442468 0.0004444746225)
(1.496080283 -0.0008072656993 0.001127265654)
(1.491264246 -0.001840752522 0.00414906301)
(1.484914673 -0.006895476098 0.01016035249)
(1.481324766 -0.03173462602 0.0372020952)
(1.510572877 -0.03311646561 0.04583947774)
(1.526132026 -0.01970918905 0.03025916538)
(1.532622422 -0.006835000238 0.01288661035)
(1.533415709 0.005655642718 -0.005249010462)
(1.530045228 0.0180323874 -0.02323953211)
(1.519446294 0.03213431139 -0.04164045891)
(1.49626725 0.04476245157 -0.0474571526)
(1.477349841 0.02169702843 -0.006776053229)
(1.495140945 0.0003134434497 -0.001893820268)
(1.49782684 -0.0007163142927 -0.001415340046)
(1.498770377 -0.001379473642 -0.001415434479)
(1.499426187 -0.001561673774 -0.001600873786)
(1.499835276 -0.001584748076 -0.001813578145)
(1.500050254 -0.001566717273 -0.002006591402)
(1.500162961 -0.001532358501 -0.002147046629)
(1.500232835 -0.001491710616 -0.002243286258)
(1.500281057 -0.001453092474 -0.002307820069)
(1.500313571 -0.001417206192 -0.002354988936)
(1.500334554 -0.001384465296 -0.002389006906)
(1.500348696 -0.00135455683 -0.002413692495)
(1.50035936 -0.001327979746 -0.002430008453)
(1.500366763 -0.001305078507 -0.002442335731)
(1.500380075 -0.001277260385 -0.002443392994)
(1.499979598 1.691074918e-05 9.238382001e-06)
(1.499886611 5.486102975e-05 3.137004612e-05)
(1.499638097 0.000107774543 7.678645362e-05)
(1.499142399 0.0002004930607 0.0001813037634)
(1.498145762 0.0003714225465 0.0004432343105)
(1.496073045 0.0008126161277 0.001123083755)
(1.491234619 0.001833907198 0.004139948099)
(1.481694178 0.004063052058 0.01208633007)
(1.473673007 0.01726318619 0.07101966168)
(1.519389359 0.01421076381 0.06538634418)
(1.531184956 0.005723417577 0.04122971144)
(1.534864959 0.0001148335225 0.0232730599)
(1.534527634 -0.00360664344 0.004566398114)
(1.531601761 -0.006887766748 -0.01540578909)
(1.523938544 -0.01098142412 -0.03838074302)
(1.499176757 -0.01801914537 -0.05915518356)
(1.464924559 -0.008623045947 -0.002584066434)
(1.492666644 -0.001941859572 -0.0003713121851)
(1.496537414 -0.00152811813 0.001401150588)
(1.498027998 -0.0008757788774 0.00262377412)
(1.498823618 -0.0005428527644 0.003121770008)
(1.499220399 -0.0003522802923 0.003278111532)
(1.499370306 -0.0001959768083 0.003313802389)
(1.499387257 -7.289658438e-05 0.00331387308)
(1.499341734 1.436555811e-05 0.00329460476)
(1.499264468 8.981716373e-05 0.003267227224)
(1.499168336 0.0001535228935 0.003237345795)
(1.499060656 0.0002083106618 0.003206910266)
(1.498946594 0.000256133328 0.003176481432)
(1.498829646 0.0002998141734 0.003147379347)
(1.49871495 0.0003330946677 0.003121068632)
(1.498557277 0.0003832768285 0.003105657709)
(1.499982741 4.880350903e-05 8.443454796e-06)
(1.499903878 0.0001535838521 2.869307428e-05)
(1.499698815 0.0002995372042 6.845617536e-05)
(1.499297566 0.0005453771404 0.0001607521237)
(1.498579362 0.0009888245253 0.0003662147675)
(1.497191556 0.002010385026 0.0009185412606)
(1.495167396 0.004137779943 0.002245227759)
(1.49216343 0.01099158946 0.007013961571)
(1.498565483 0.02417516358 0.01917291025)
(1.504715733 0.02171853406 0.0200679292)
(1.517328462 0.0146032635 0.01715996585)
(1.523549845 0.001623651402 0.009113855033)
(1.523779539 -0.01259728896 -0.001451301227)
(1.520446718 -0.02649533251 -0.01096209242)
(1.511926651 -0.03788427861 -0.01768893165)
(1.498033244 -0.02253416938 -0.01493725053)
(1.492289927 -0.008602094871 -0.00571389305)
(1.494902395 -0.006022084688 -0.003021075794)
(1.498295495 -0.003385377375 -0.001400440887)
(1.499409552 -0.001974146655 -0.0006663413987)
(1.499822721 -0.001307489759 -0.0003658095281)
(1.50014297 -0.001025501264 -0.0002280706742)
(1.500357964 -0.0009272924356 -0.0001510038899)
(1.500464438 -0.0008901701423 -0.0001016659829)
(1.500522188 -0.0008834686196 -6.936934641e-05)
(1.500558083 -0.0008912377992 -4.64319313e-05)
(1.500580993 -0.0009053380947 -2.86103529e-05)
(1.500595116 -0.0009214680947 -1.447189725e-05)
(1.500603652 -0.000937406779 -3.172307031e-06)
(1.500608489 -0.0009525727955 5.576090562e-06)
(1.500611965 -0.0009659519072 1.342073041e-05)
(1.500589811 -0.0009800196061 1.425035996e-05)
(1.49998802 7.251450945e-05 7.140887289e-06)
(1.499933299 0.0002267972961 2.38203886e-05)
(1.499794712 0.0004364032402 5.638402458e-05)
(1.499542549 0.0007637327907 0.0001235883542)
(1.499141113 0.00133296202 0.0002765450313)
(1.498521902 0.002374304255 0.0005928775658)
(1.497885312 0.004464553197 0.001341709279)
(1.497462588 0.008081042655 0.002858240968)
(1.500568902 0.01430438785 0.005825798731)
(1.506761391 0.01390505566 0.005941821734)
(1.512499192 0.009492329288 0.004388744135)
(1.51532781 0.003000671996 0.001732351575)
(1.515256687 -0.00406626289 -0.001348498329)
(1.512367136 -0.01093639189 -0.00436062977)
(1.507345686 -0.0148866896 -0.005910384984)
(1.501513465 -0.01405454994 -0.005387689005)
(1.497709298 -0.00796004623 -0.002723161187)
(1.498302401 -0.003926043194 -0.0006606812529)
(1.499513577 -0.002512209634 9.936138152e-05)
(1.499918127 -0.001931408635 0.000392537748)
(1.500089058 -0.001558358296 0.0005665382361)
(1.500286799 -0.001359766388 0.0006546810585)
(1.500485896 -0.001272819244 0.0006671793155)
(1.500602076 -0.001227137879 0.0006636774694)
(1.500669139 -0.001198603707 0.0006514527303)
(1.500716629 -0.001180892739 0.0006350708128)
(1.500750329 -0.001169826073 0.0006172132326)
(1.500773268 -0.001162379284 0.0005980345775)
(1.500789141 -0.001156955073 0.0005791915943)
(1.500801234 -0.001152586794 0.0005599879476)
(1.500810847 -0.001149145849 0.0005426459205)
(1.500817962 -0.001146490727 0.0005272794352)
(1.499993826 8.613369276e-05 5.603738564e-06)
(1.499965588 0.0002675724165 1.853715259e-05)
(1.499896838 0.0005038302179 4.217377385e-05)
(1.499783346 0.0008499462282 8.889647884e-05)
(1.499633923 0.001394629627 0.0001841084445)
(1.499471915 0.002269781387 0.0003660594855)
(1.499469237 0.0037007465 0.0007291301192)
(1.499907759 0.005756532057 0.001327751498)
(1.50181623 0.008453387044 0.002304558504)
(1.505460133 0.008822572526 0.002631774104)
(1.509002626 0.006400074272 0.002249718692)
(1.510851877 0.002344026571 0.001355850034)
(1.510836091 -0.001950860831 0.0003408302816)
(1.509040012 -0.005942559082 -0.0005884230468)
(1.506228398 -0.008076032931 -0.00100150263)
(1.502821585 -0.008021799866 -0.001324864791)
(1.500038065 -0.00529328114 -0.0008109279603)
(1.499547899 -0.00292586766 -0.0002280627778)
(1.499941792 -0.001952030901 2.615966121e-07)
(1.500173653 -0.001360078674 9.705157992e-05)
(1.500276427 -0.0008314336151 0.0001893676596)
(1.500371261 -0.000498526283 0.0002472937703)
(1.500459712 -0.0002569790012 0.0002798551428)
(1.500522032 -0.0001343422758 0.0003045347294)
(1.500558517 -4.996122967e-05 0.0003261567737)
(1.500580633 6.437097127e-06 0.0003460196226)
(1.500593784 4.061995292e-05 0.0003632543802)
(1.500602431 6.232795238e-05 0.0003804057662)
(1.500607899 7.39914669e-05 0.0003958672968)
(1.50060962 7.991673444e-05 0.0004122439491)
(1.500615829 8.137295506e-05 0.0004270503499)
(1.500587145 7.811573301e-05 0.0004433566214)
(1.499999498 8.937308636e-05 4.113877471e-06)
(1.499994549 0.0002759590588 1.353330092e-05)
(1.499985579 0.0005089716359 2.977694931e-05)
(1.499979878 0.0008299575689 6.009122234e-05)
(1.50000054 0.001293744363 0.0001171172119)
(1.500094204 0.001962165786 0.0002183881722)
(1.500383057 0.002915081362 0.0003948498081)
(1.501050293 0.004097093809 0.0006570875327)
(1.502466476 0.005361693701 0.001027160305)
(1.504711473 0.005521989017 0.001184098337)
(1.506946797 0.004086891719 0.0009346486708)
(1.508234362 0.001609653166 0.0004291866928)
(1.508285399 -0.001041793656 -0.0001508800801)
(1.507241211 -0.003372591656 -0.0006825774106)
(1.505378233 -0.004799180424 -0.00112723644)
(1.50316169 -0.005084159125 -0.001317098256)
(1.501222203 -0.003948506151 -0.001058782891)
(1.500459938 -0.00251156728 -0.0006643068756)
(1.500436871 -0.001663016507 -0.0004346770653)
(1.500448428 -0.001164434515 -0.0003145659511)
(1.500398102 -0.000788595522 -0.0002333863452)
(1.500373191 -0.0005226343697 -0.0001806363052)
(1.500386108 -0.0003723157565 -0.0001568930995)
(1.500400658 -0.0002829877266 -0.000144692829)
(1.500407971 -0.0002312123991 -0.0001387834784)
(1.500412299 -0.0001986779797 -0.0001375441438)
(1.500417218 -0.0001820116767 -0.0001388417526)
(1.500422169 -0.0001768448224 -0.0001414741915)
(1.500425647 -0.0001777817356 -0.0001448734498)
(1.500428879 -0.000182137778 -0.0001489844857)
(1.500430684 -0.0001887312595 -0.0001531067201)
(1.50043975 -0.0001957961082 -0.0001587736301)
(1.500002922 8.375002787e-05 2.92553046e-06)
(1.500017417 0.0002572607879 9.442589553e-06)
(1.500054538 0.0004662545799 2.011724991e-05)
(1.500125257 0.0007396607668 3.905001017e-05)
(1.500253641 0.001108045619 7.238995249e-05)
(1.50048282 0.001596667021 0.0001277375309)
(1.500890822 0.002218737725 0.0002153499726)
(1.501578309 0.0029045198 0.0003345248837)
(1.502670878 0.003498754915 0.0004750782747)
(1.504150981 0.003504024432 0.0005368194448)
(1.505599947 0.002608351096 0.0004360712575)
(1.506484168 0.001039668443 0.0002208381077)
(1.506547162 -0.0006770403133 -3.081456659e-05)
(1.505855966 -0.002199481215 -0.0002567273521)
(1.504599532 -0.003217056612 -0.0004114152623)
(1.503101419 -0.003493951666 -0.0004333212906)
(1.501796856 -0.002959860206 -0.0003245779086)
(1.501030553 -0.002081613557 -0.000172660119)
(1.500766537 -0.001461736283 -8.960241014e-05)
(1.500631709 -0.00109239527 -6.24551097e-05)
(1.500499484 -0.0007904324316 -4.823196731e-05)
(1.50041163 -0.0005492608978 -3.783154083e-05)
(1.50037449 -0.0003809095562 -3.221706095e-05)
(1.500356224 -0.0002628105958 -2.978964953e-05)
(1.500342605 -0.0001822580429 -2.739667367e-05)
(1.50033176 -0.0001199903786 -2.496155639e-05)
(1.500325864 -7.897549916e-05 -2.199068465e-05)
(1.500321943 -4.649605954e-05 -1.888087983e-05)
(1.500319745 -2.756390547e-05 -1.524589431e-05)
(1.50031648 -1.089879298e-05 -1.15051924e-05)
(1.500316889 -3.587337922e-06 -8.034128717e-06)
(1.50030068 2.781356343e-06 -4.266524341e-06)
(1.500006158 7.131867653e-05 1.994139794e-06)
(1.500034118 0.0002181038916 6.386914823e-06)
(1.500103851 0.0003899229927 1.324144882e-05)
(1.500225355 0.0006056149418 2.480638233e-05)
(1.500418088 0.0008808547042 4.401598814e-05)
(1.500714596 0.00122250695 7.408544024e-05)
(1.501161146 0.001620678093 0.0001180399153)
(1.501805655 0.002016843223 0.0001733158596)
(1.502678655 0.002297847673 0.0002304391329)
(1.503728269 0.00223744831 0.0002554017971)
(1.504718489 0.001673779162 0.000209760129)
(1.505350476 0.0006861079647 0.0001033060533)
(1.505422132 -0.0003977165141 -3.052628963e-05)
(1.504964287 -0.001348300412 -0.0001511238515)
(1.504112758 -0.001981449484 -0.0002392832469)
(1.503061724 -0.002176620463 -0.0002783880495)
(1.502077556 -0.001928313487 -0.0002612620336)
(1.501363613 -0.00144293353 -0.0002055449643)
(1.500983483 -0.001042405799 -0.0001609141689)
(1.500754513 -0.0007727002113 -0.0001349679762)
(1.500566177 -0.0005514476466 -0.0001146554466)
(1.500428327 -0.0003684722671 -9.859392954e-05)
(1.500346523 -0.0002403217695 -8.865039115e-05)
(1.500293675 -0.0001536868491 -8.285920565e-05)
(1.50025643 -9.740565509e-05 -7.930907501e-05)
(1.500228298 -5.792046223e-05 -7.680294713e-05)
(1.500210024 -3.390929707e-05 -7.548234359e-05)
(1.500196977 -1.920180855e-05 -7.468334811e-05)
(1.500188412 -1.250235518e-05 -7.459954569e-05)
(1.500181334 -1.038116507e-05 -7.485994469e-05)
(1.500177423 -1.099878678e-05 -7.534930566e-05)
(1.500173949 -1.528776026e-05 -7.640625728e-05)
(1.500008163 5.40038693e-05 1.351886046e-06)
(1.50004531 0.0001646771916 4.302683823e-06)
(1.500136596 0.0002915191588 8.695821231e-06)
(1.500289802 0.0004459015912 1.575654404e-05)
(1.500518867 0.0006351404824 2.688524381e-05)
(1.500846304 0.0008586744982 4.338380579e-05)
(1.501297897 0.001102662465 6.592096169e-05)
(1.501891269 0.001325814217 9.240879683e-05)
(1.502619608 0.001457802159 0.0001168640767)
(1.503419002 0.001389529894 0.0001256100584)
(1.504146004 0.001039368496 0.0001020035369)
(1.504616141 0.0004213303786 4.633365602e-05)
(1.504681846 -0.0002385150493 -2.027064615e-05)
(1.504356935 -0.0008349688135 -8.161142235e-05)
(1.503724234 -0.001242449414 -0.0001250490935)
(1.502938825 -0.00140129199 -0.0001426519829)
(1.502141964 -0.001310894432 -0.0001308178237)
(1.501510766 -0.001061778183 -9.981626157e-05)
(1.501094826 -0.0008157678284 -7.175659437e-05)
(1.500812488 -0.0006295966874 -5.681415789e-05)
(1.500592411 -0.0004768800453 -4.89291662e-05)
(1.500425434 -0.0003470616664 -4.348353272e-05)
(1.500317354 -0.0002527360568 -4.124382938e-05)
(1.500242524 -0.000184239274 -4.058439064e-05)
(1.500191662 -0.0001372748967 -4.037231557e-05)
(1.500152869 -0.0001003964542 -4.014400707e-05)
(1.500128831 -7.621134651e-05 -4.01213651e-05)
(1.50010994 -5.656711504e-05 -3.981714964e-05)
(1.500099254 -4.52709421e-05 -3.973278662e-05)
(1.500088535 -3.479629815e-05 -3.906847066e-05)
(1.500084263 -2.941792597e-05 -3.841135747e-05)
(1.500072044 -2.500869922e-05 -3.76863244e-05)
(1.500009373 3.355396161e-05 9.56340914e-07)
(1.50005207 0.000102131552 3.025675988e-06)
(1.500156177 0.0001796438459 5.980010083e-06)
(1.50032744 0.0002720611848 1.051663067e-05)
(1.500575426 0.0003824035956 1.733168847e-05)
(1.500915687 0.00050843878 2.692444162e-05)
(1.501361827 0.0006402956351 3.926161952e-05)
(1.501916814 0.0007533984839 5.278368515e-05)
(1.502555874 0.0008126219563 6.402455196e-05)
(1.503222588 0.0007644083661 6.663619012e-05)
(1.503816345 0.0005640873696 5.247371815e-05)
(1.504177319 0.00022827268 2.164087753e-05)
(1.504230054 -0.0001243784491 -1.395620945e-05)
(1.503984985 -0.0004512713661 -4.950920719e-05)
(1.503483528 -0.0006755438925 -7.586135252e-05)
(1.50284211 -0.0007672144851 -8.875319304e-05)
(1.502172263 -0.0007275617873 -8.764533739e-05)
(1.501599346 -0.0005988646089 -7.709388833e-05)
(1.50117241 -0.0004597351898 -6.680442568e-05)
(1.500858911 -0.0003477117686 -6.057586498e-05)
(1.50061672 -0.0002552547253 -5.6130934e-05)
(1.500431914 -0.0001765032428 -5.246086252e-05)
(1.500304988 -0.0001181972862 -5.002164637e-05)
(1.50021455 -7.259986355e-05 -4.859148103e-05)
(1.500151963 -4.462784733e-05 -4.76086276e-05)
(1.500104019 -2.09086935e-05 -4.677225281e-05)
(1.500073411 -7.360784034e-06 -4.627650516e-05)
(1.500048591 4.468550446e-06 -4.585404994e-05)
(1.500034413 9.7842327e-06 -4.566185872e-05)
(1.500019721 1.403352113e-05 -4.546910528e-05)
(1.500013109 1.542428687e-05 -4.539136196e-05)
(1.500000978 1.533356347e-05 -4.545360111e-05)
(1.500009937 1.136889867e-05 7.693102535e-07)
(1.500055224 3.457359799e-05 2.424491006e-06)
(1.500165252 6.062160031e-05 4.721222401e-06)
(1.500344638 9.136355429e-05 8.13579135e-06)
(1.500600532 0.000127580554 1.308619487e-05)
(1.500945252 0.0001683109837 1.980146205e-05)
(1.501386004 0.0002101764039 2.80445632e-05)
(1.501923133 0.0002444842828 3.65816962e-05)
(1.502514231 0.0002626848882 4.303774576e-05)
(1.503146793 0.0002412497415 4.306188113e-05)
(1.503647554 0.0001873596749 3.448718311e-05)
(1.504015612 5.01194133e-05 6.250454738e-06)
(1.50402102 -4.043600305e-05 -1.313892424e-05)
(1.50380583 -0.000142973113 -3.729635885e-05)
(1.503363993 -0.0002144892922 -5.613344598e-05)
(1.502786208 -0.0002449552062 -6.588403836e-05)
(1.502173429 -0.0002359674536 -6.642568401e-05)
(1.501625296 -0.0002003613055 -6.029945038e-05)
(1.5011975 -0.000160359465 -5.289570487e-05)
(1.500870383 -0.0001274710154 -4.736890961e-05)
(1.500619031 -0.0001005201777 -4.362014729e-05)
(1.500427264 -7.768684536e-05 -4.035466767e-05)
(1.500292123 -6.086445149e-05 -3.886770683e-05)
(1.500193151 -4.828839508e-05 -3.769344697e-05)
(1.50012665 -3.920186699e-05 -3.714919826e-05)
(1.500074855 -3.36299579e-05 -3.681920193e-05)
(1.500042725 -2.994938382e-05 -3.680652605e-05)
(1.500015632 -2.742633365e-05 -3.676468086e-05)
(1.500000664 -2.588718471e-05 -3.679791051e-05)
(1.499984991 -2.465881258e-05 -3.684208441e-05)
(1.499978108 -2.396307712e-05 -3.688165844e-05)
(1.499964553 -2.307535048e-05 -3.683238843e-05)
(1.500009977 -1.126348965e-05 1.355244832e-06)
(1.500055437 -3.424072694e-05 4.256047021e-06)
(1.500165864 -5.996197856e-05 8.194175145e-06)
(1.500345869 -9.018581525e-05 1.393709886e-05)
(1.500602545 -0.0001255869732 2.215982399e-05)
(1.500948015 -0.0001650597297 3.324126204e-05)
(1.501389042 -0.0002051698253 4.684899661e-05)
(1.501925239 -0.0002373708887 6.111941116e-05)
(1.502513441 -0.0002534892311 7.248566173e-05)
(1.50314044 -0.0002312692668 7.455641617e-05)
(1.503635245 -0.0001784592587 6.392589629e-05)
(1.503996287 -4.643465165e-05 2.586477368e-05)
(1.504000198 4.042931901e-05 -6.239129933e-07)
(1.503787272 0.0001389654882 -3.294892891e-05)
(1.503350766 0.0002077414146 -5.67391994e-05)
(1.502779321 0.0002372683508 -6.672194969e-05)
(1.50217266 0.0002292318899 -6.297120338e-05)
(1.501628277 0.0001958624271 -4.977606752e-05)
(1.501200645 0.0001574979507 -3.54364841e-05)
(1.500872158 0.0001251275112 -2.478551455e-05)
(1.500620247 9.851610536e-05 -1.737882423e-05)
(1.500428521 7.617616327e-05 -1.18871172e-05)
(1.500293387 5.957499236e-05 -8.485524149e-06)
(1.500194531 4.778153092e-05 -5.751943058e-06)
(1.500128116 3.846772958e-05 -4.583631754e-06)
(1.500076428 3.300050401e-05 -4.14766231e-06)
(1.500044618 2.961748871e-05 -3.974181064e-06)
(1.500017739 2.75129098e-05 -3.896681327e-06)
(1.500002941 2.63485865e-05 -3.875926538e-06)
(1.499987571 2.579468484e-05 -3.941686692e-06)
(1.4999808 2.573737472e-05 -4.005079727e-06)
(1.49996797 2.585355557e-05 -4.144267323e-06)
(1.500009433 -3.322898493e-05 1.638067905e-06)
(1.500052394 -0.0001011025854 5.166505822e-06)
(1.500157127 -0.0001775832047 1.010244038e-05)
(1.500329404 -0.0002683353232 1.754678844e-05)
(1.500578746 -0.0003759767251 2.858913963e-05)
(1.500920494 -0.0004978345977 4.40082158e-05)
(1.501367582 -0.0006236649346 6.373917789e-05)
(1.501921968 -0.0007292333867 8.539779325e-05)
(1.502556947 -0.0007809186587 0.0001036957957)
(1.503216351 -0.0007288942253 0.0001092697815)
(1.503799909 -0.0005337629476 9.068568861e-05)
(1.504152337 -0.0002114462957 4.79939967e-05)
(1.504202162 0.0001246208622 -1.109900496e-06)
(1.503960643 0.0004372107622 -4.930059552e-05)
(1.503466917 0.0006519336975 -8.311202022e-05)
(1.502834719 0.0007408490888 -9.652888777e-05)
(1.502173716 0.0007063697284 -8.91052187e-05)
(1.5016049 0.0005883693827 -6.815446516e-05)
(1.501177469 0.0004576157078 -4.838864665e-05)
(1.500860881 0.000348485545 -3.598952905e-05)
(1.500618172 0.0002576511054 -2.774537942e-05)
(1.500433539 0.0001802248888 -2.134908804e-05)
(1.500306338 0.000122659029 -1.732845373e-05)
(1.500215684 7.758862772e-05 -1.504593648e-05)
(1.500153465 4.872814888e-05 -1.35729245e-05)
(1.500106006 2.471346466e-05 -1.25560303e-05)
(1.500075657 1.023132143e-05 -1.193517229e-05)
(1.5000514 -2.354398279e-06 -1.144166214e-05)
(1.500037282 -9.168163128e-06 -1.10102776e-05)
(1.50002316 -1.494193328e-05 -1.045086294e-05)
(1.500016814 -1.755410678e-05 -9.934829712e-06)
(1.500004045 -1.862932804e-05 -9.344047904e-06)
(1.500008268 -5.343516961e-05 2.234324649e-06)
(1.500045887 -0.0001628680672 7.094747674e-06)
(1.500138329 -0.000287824625 1.420649135e-05)
(1.500293486 -0.0004390434725 2.546274642e-05)
(1.500525341 -0.0006229265901 4.299617839e-05)
(1.500856186 -0.0008378060889 6.874876093e-05)
(1.501310737 -0.001068595187 0.0001035936079)
(1.501904385 -0.00127446142 0.000144148184)
(1.502626831 -0.001387522451 0.0001810795351)
(1.503409806 -0.001310387293 0.0001945542612)
(1.504119263 -0.0009707221566 0.0001618648182)
(1.504573684 -0.0003835942527 8.396073862e-05)
(1.504635639 0.0002386517515 -8.382633531e-06)
(1.504318291 0.0008015061396 -9.321866976e-05)
(1.503700128 0.001185534134 -0.0001505821636)
(1.502932657 0.001336116587 -0.0001695562619)
(1.502152274 0.001254982092 -0.0001465569487)
(1.50152835 0.001028359699 -9.709897059e-05)
(1.501106765 0.0007992524278 -5.540492426e-05)
(1.500816998 0.0006203689244 -3.158227781e-05)
(1.500594243 0.0004725324614 -1.635844777e-05)
(1.500427441 0.000347425822 -5.674307863e-06)
(1.500318289 0.0002553380782 1.727555242e-06)
(1.500242887 0.0001887260267 4.009469157e-06)
(1.500191406 0.00014306245 5.362309314e-06)
(1.50015257 0.0001083476663 6.207935375e-06)
(1.500128173 8.58395324e-05 6.470848007e-06)
(1.500109203 6.840645793e-05 6.196952561e-06)
(1.500098433 5.874264355e-05 5.746096776e-06)
(1.500087794 5.045202386e-05 4.896176909e-06)
(1.500083178 4.708493193e-05 4.130217442e-06)
(1.500074377 4.444436566e-05 3.203910158e-06)
(1.500006344 -7.047418503e-05 3.197505594e-06)
(1.500035152 -0.0002153957017 1.022927998e-05)
(1.500107027 -0.0003842411865 2.104419804e-05)
(1.500232314 -0.0005946755309 3.906330385e-05)
(1.500430794 -0.0008604483604 6.86554921e-05)
(1.500735052 -0.001185856338 0.0001145144738)
(1.501189481 -0.001557197157 0.0001805182486)
(1.501837831 -0.001915638409 0.0002621205505)
(1.502700555 -0.002150729199 0.0003428570894)
(1.503716934 -0.002068341371 0.0003753287147)
(1.504665003 -0.001534581 0.0003108031904)
(1.505270351 -0.0006067234618 0.0001584286985)
(1.505336502 0.0003970314581 -2.33713019e-05)
(1.50489272 0.001280928724 -0.000187782668)
(1.504068522 0.001868959435 -0.0003007082897)
(1.503054785 0.002057876204 -0.0003391369134)
(1.502098135 0.001842088763 -0.0002948689216)
(1.50140006 0.001409953636 -0.0002023404029)
(1.501008547 0.001034447198 -0.0001331486607)
(1.500765322 0.0007677763909 -9.608859024e-05)
(1.500573043 0.0005513383159 -7.019728611e-05)
(1.500433181 0.0003721725914 -5.030342634e-05)
(1.500349765 0.0002444082549 -3.879446316e-05)
(1.500295905 0.0001542402024 -3.283687613e-05)
(1.500259054 9.363900314e-05 -2.901788511e-05)
(1.500231307 4.906983402e-05 -2.611360342e-05)
(1.500213777 2.080996732e-05 -2.388649979e-05)
(1.500200754 3.855903802e-07 -2.168695075e-05)
(1.50019318 -1.083067664e-05 -1.974923587e-05)
(1.500185797 -1.90622608e-05 -1.72191866e-05)
(1.500182374 -2.153867671e-05 -1.534774303e-05)
(1.500175093 -2.204825533e-05 -1.252391327e-05)
(1.500003389 -8.262659629e-05 4.583405703e-06)
(1.500019247 -0.0002535650576 1.479869332e-05)
(1.500060172 -0.0004582077381 3.132666647e-05)
(1.500138019 -0.0007234347702 6.033298525e-05)
(1.500277974 -0.001075928562 0.0001107793754)
(1.500524448 -0.001535099509 0.0001935955671)
(1.500952563 -0.002103245384 0.0003216294064)
(1.501655655 -0.002706171936 0.000490651388)
(1.502729398 -0.00318299859 0.0006754057214)
(1.504133768 -0.003138396227 0.0007517520344)
(1.505493635 -0.002316951614 0.0006121507419)
(1.506328023 -0.0008910018571 0.0003012628116)
(1.50638397 0.00065741093 -5.432658413e-05)
(1.505722643 0.002022849004 -0.0003727174568)
(1.504539452 0.002919429525 -0.0005780646546)
(1.503118921 0.003170479046 -0.0006118977327)
(1.501862869 0.002732041839 -0.0004579897293)
(1.501099882 0.002000649044 -0.000238144169)
(1.500801065 0.001453572471 -0.0001102469362)
(1.500642712 0.001096409401 -5.535109234e-05)
(1.500505239 0.000808766944 -1.989128075e-05)
(1.500412499 0.0005783449177 6.834035484e-06)
(1.500369604 0.0004194484045 2.176241544e-05)
(1.500347354 0.000309597439 2.863198994e-05)
(1.500332072 0.0002345467236 3.155998395e-05)
(1.500320861 0.000179257506 3.239913993e-05)
(1.500314404 0.0001422284945 3.167413895e-05)
(1.500310378 0.000114956945 2.979126577e-05)
(1.500308043 9.832247313e-05 2.755274217e-05)
(1.500305731 8.551210628e-05 2.508305131e-05)
(1.500305321 7.98053715e-05 2.299485341e-05)
(1.500300002 7.559584916e-05 2.043145641e-05)
(1.499999792 -8.796902889e-05 6.349255244e-06)
(1.499997552 -0.0002713092387 2.087764152e-05)
(1.499995188 -0.0004984104693 4.565989995e-05)
(1.500002494 -0.0008074245013 9.151067612e-05)
(1.500045913 -0.001245581892 0.0001764002513)
(1.500177736 -0.001862080467 0.0003251398564)
(1.500517184 -0.002705940605 0.0005754586056)
(1.501238942 -0.003703931853 0.0009317205693)
(1.502618691 -0.0046574573 0.00137221655)
(1.504677966 -0.004707595972 0.001546182014)
(1.506713848 -0.00343704984 0.001226179854)
(1.507903775 -0.001274655563 0.0005628503461)
(1.507937037 0.001018603873 -0.0001765158733)
(1.506961343 0.003013112882 -0.0008619569385)
(1.505209483 0.004251256519 -0.001340324793)
(1.503200672 0.004454453942 -0.001468282101)
(1.501432677 0.003510386885 -0.00110091387)
(1.500650721 0.002313074322 -0.0006232898146)
(1.500525318 0.001550675607 -0.0003583997939)
(1.500486103 0.00108576938 -0.000234088358)
(1.500422669 0.0007245952603 -0.0001553536844)
(1.500392181 0.0004554641929 -0.000107797498)
(1.500398553 0.0002868369302 -8.556203112e-05)
(1.500410828 0.0001787610834 -7.447225681e-05)
(1.500417446 0.0001102715035 -6.6394621e-05)
(1.500421704 6.39848554e-05 -5.932899766e-05)
(1.500425705 3.59504244e-05 -5.293052243e-05)
(1.500429708 1.778538212e-05 -4.633453354e-05)
(1.500432343 9.039063363e-06 -4.023434839e-05)
(1.500434906 3.928467507e-06 -3.296175893e-05)
(1.500436567 2.697160054e-06 -2.721410637e-05)
(1.50043843 4.746691848e-06 -1.788441781e-05)
(1.499994676 -8.454008415e-05 8.548205533e-06)
(1.49997034 -0.0002622608789 2.826228722e-05)
(1.499912302 -0.0004912687666 6.391829488e-05)
(1.499821695 -0.0008212360284 0.0001338404519)
(1.499715772 -0.00132766856 0.000273052432)
(1.499637826 -0.002112378302 0.0005352763797)
(1.499760664 -0.003325966316 0.001025549609)
(1.500376895 -0.004941741688 0.001784626052)
(1.50220623 -0.006825237403 0.002868559782)
(1.505396004 -0.007007524225 0.00323729891)
(1.508499334 -0.004968703093 0.002519259328)
(1.510152906 -0.001652873907 0.001153182073)
(1.510101757 0.001822817286 -0.0002994076375)
(1.508562313 0.004894693544 -0.001614074502)
(1.505900043 0.00670948336 -0.002404879137)
(1.502894919 0.006765048245 -0.002576197749)
(1.50043146 0.004799128568 -0.001669847815)
(1.499852727 0.003006721837 -0.0008276328742)
(1.500067244 0.002063689571 -0.000460891344)
(1.500224149 0.001475626857 -0.000268341411)
(1.500281681 0.001016287233 -0.0001123802259)
(1.500349882 0.0006919154657 -1.044888814e-05)
(1.50042727 0.0004896330891 3.895529895e-05)
(1.500484678 0.0003567000409 6.169668622e-05)
(1.500518785 0.0002676558051 7.131345637e-05)
(1.500540959 0.0002063459404 7.321989295e-05)
(1.5005566 0.0001662242364 7.046766893e-05)
(1.500568215 0.0001384799635 6.506223499e-05)
(1.500575701 0.0001208358402 5.902003679e-05)
(1.500580633 0.000109404714 5.222195893e-05)
(1.500585305 0.0001039861078 4.662177769e-05)
(1.500579433 0.0001008965988 3.87868607e-05)
(1.49998925 -7.095543629e-05 1.078808864e-05)
(1.499940207 -0.0002215123718 3.609227002e-05)
(1.499817946 -0.0004234661727 8.443447431e-05)
(1.499603766 -0.0007326218301 0.0001853013333)
(1.499283539 -0.001252366622 0.0004023975127)
(1.498849762 -0.002158241473 0.0008551037813)
(1.498525163 -0.003813066361 0.001801981701)
(1.498710279 -0.006354923033 0.003466363394)
(1.501238827 -0.009971057412 0.006164294741)
(1.506447309 -0.01025496809 0.006831002126)
(1.511253587 -0.00701184193 0.005134216739)
(1.513589373 -0.002173458179 0.002105844468)
(1.513446499 0.003007112175 -0.001243138107)
(1.511093775 0.007786645976 -0.00429552962)
(1.506851624 0.01072827433 -0.006059550896)
(1.502102702 0.01036673161 -0.006005688835)
(1.498782973 0.006182836466 -0.003367889583)
(1.498802972 0.0033113032 -0.001385702363)
(1.499538271 0.002168994723 -0.0007853425717)
(1.499895294 0.001562544023 -0.0005730720107)
(1.500079165 0.001131563594 -0.0004595177624)
(1.500251465 0.0008752015863 -0.000408483092)
(1.500405296 0.0007280009141 -0.0003884000137)
(1.500508526 0.0006364566732 -0.0003712190497)
(1.500571225 0.0005762140019 -0.0003520032046)
(1.500614724 0.0005348907069 -0.0003308269881)
(1.500645072 0.000507187766 -0.0003090421255)
(1.5006673 0.0004864046503 -0.0002874664469)
(1.500682816 0.0004710622807 -0.0002661083313)
(1.500695069 0.0004582498002 -0.0002446270191)
(1.500703405 0.0004492669847 -0.0002243637237)
(1.500713103 0.0004393026424 -0.0002068063216)
(1.499984348 -4.752027011e-05 1.267107826e-05)
(1.499912923 -0.0001490570891 4.283808525e-05)
(1.499729978 -0.000289688486 0.0001029834135)
(1.49938509 -0.0005166548814 0.0002350889968)
(1.498803973 -0.000930117647 0.0005442102278)
(1.497809456 -0.001750706541 0.001259672857)
(1.496661208 -0.003544010501 0.00307000442)
(1.495556537 -0.007143660297 0.00673852536)
(1.499895188 -0.01369148293 0.01422300207)
(1.508175837 -0.01393130158 0.01401743259)
(1.515323716 -0.009492515939 0.009623296502)
(1.518497069 -0.003470506504 0.00329329985)
(1.518292613 0.003027484109 -0.003662035872)
(1.51502895 0.009453347162 -0.01016335268)
(1.508077466 0.01446714697 -0.01393041678)
(1.499850046 0.01544468629 -0.01314338558)
(1.495362393 0.009122996804 -0.007063388478)
(1.49690675 0.005527271948 -0.003786130193)
(1.498840208 0.003458502638 -0.001791429393)
(1.499638327 0.002370419875 -0.0007598529036)
(1.49997499 0.001780819209 -0.0001745995145)
(1.500275389 0.001457080806 1.564602666e-05)
(1.500490349 0.001296550058 6.646635379e-05)
(1.500615067 0.001216381006 7.63331688e-05)
(1.500685684 0.001172326455 6.409189838e-05)
(1.500736167 0.001145732056 4.140541509e-05)
(1.500768995 0.001132539586 1.492234791e-05)
(1.500789119 0.001127319984 -1.273560585e-05)
(1.500801764 0.0011265955 -3.912105263e-05)
(1.500810947 0.001127933057 -6.460900765e-05)
(1.500818292 0.001130566682 -8.667000567e-05)
(1.500823193 0.001133573813 -0.0001059263965)
(1.499981442 -1.618390187e-05 1.37572793e-05)
(1.499896697 -5.220694531e-05 4.686924626e-05)
(1.499675458 -0.0001026439392 0.0001135896405)
(1.499243502 -0.0001866226105 0.0002677816029)
(1.498447825 -0.0003470850695 0.0006320087682)
(1.496913792 -0.0006963410782 0.00159651873)
(1.49434942 -0.00155438953 0.004217782729)
(1.49081024 -0.003635828945 0.0130662456)
(1.496758552 -0.008028842526 0.02768592075)
(1.509682396 -0.008363071778 0.02548235116)
(1.519932293 -0.005764621875 0.01629579923)
(1.523654615 -0.002639937036 0.006155291865)
(1.523681942 0.00079871991 -0.004595587857)
(1.52015134 0.004397099502 -0.01495607792)
(1.511486231 0.007423879325 -0.02310990097)
(1.498610484 0.008845768422 -0.02192272112)
(1.490198071 0.004071311174 -0.002908326754)
(1.493343898 0.002627514429 -0.002938673638)
(1.496833804 0.001022753877 -0.002274365813)
(1.498290368 7.760662162e-05 -0.001491395894)
(1.49908437 -0.0004998865312 -0.001052676533)
(1.499640359 -0.000873802227 -0.0008180977871)
(1.499973934 -0.0011347741 -0.0006604948867)
(1.500157688 -0.001340008807 -0.0005354381784)
(1.500273513 -0.001482116093 -0.0004275822237)
(1.500349174 -0.001583590421 -0.0003391544199)
(1.500399287 -0.001663583875 -0.0002664352106)
(1.500433293 -0.001728598008 -0.0002023622539)
(1.500455268 -0.001781840632 -0.0001487436443)
(1.500471777 -0.001826560094 -9.659079498e-05)
(1.500482496 -0.001862824563 -5.985843896e-05)
(1.500482305 -0.001889941202 -6.626728879e-06)
(1.499981444 1.664646536e-05 1.372698533e-05)
(1.499896692 5.361169392e-05 4.676619095e-05)
(1.499675498 0.00010497265 0.0001133915415)
(1.499243256 0.0001899535733 0.0002672561915)
(1.498447464 0.0003505308415 0.0006312377593)
(1.496906274 0.0006992749256 0.001593331514)
(1.494327647 0.001539873193 0.004221783149)
(1.490667543 0.003592180559 0.01314438758)
(1.496642088 0.007751733467 0.02805761627)
(1.509723889 0.008097155222 0.02565501083)
(1.5199777 0.005538131458 0.01653351976)
(1.523685161 0.002430611386 0.006279179912)
(1.523667461 -0.001004360003 -0.004601219415)
(1.520110748 -0.004614538986 -0.01506649818)
(1.511275986 -0.007692223915 -0.02327355991)
(1.498211639 -0.009357534338 -0.02165681645)
(1.489613891 -0.005213163925 -0.00210129862)
(1.492790012 -0.003909273333 -0.001195475023)
(1.49637822 -0.002704443262 0.0008835015439)
(1.497959727 -0.001877082958 0.00239637786)
(1.498815046 -0.001391519241 0.002970035946)
(1.499404069 -0.001118494396 0.003068009584)
(1.499777409 -0.0009347404518 0.003075450677)
(1.499990441 -0.0008563067003 0.00304567874)
(1.500115679 -0.00080027884 0.002999605068)
(1.500202372 -0.000760962367 0.002950223956)
(1.500261619 -0.0007352014511 0.002904464397)
(1.500302891 -0.0007179715798 0.002863357587)
(1.500331027 -0.0007061793356 0.002826592231)
(1.500354703 -0.0006978442543 0.00279443225)
(1.500362017 -0.0006931720652 0.002768797177)
(1.500431322 -0.0006880130001 0.002738391788)
(1.499984351 4.796910024e-05 1.258577195e-05)
(1.499912932 0.0001504039574 4.25578893e-05)
(1.499729997 0.000291973037 0.0001024017603)
(1.499384719 0.0005197978471 0.0002338346979)
(1.498802628 0.0009343651127 0.0005418804221)
(1.497800706 0.001754805891 0.001254665439)
(1.49664582 0.003555625457 0.003067895986)
(1.495481381 0.00716060807 0.006759028391)
(1.499871688 0.01387161147 0.01434522535)
(1.508175577 0.0140771007 0.01410933814)
(1.515302643 0.0095929031 0.009818248651)
(1.518494058 0.003524796258 0.003507342539)
(1.518302561 -0.002981269898 -0.003454863897)
(1.515048107 -0.00936029861 -0.009945065971)
(1.508010274 -0.01436450056 -0.01373968875)
(1.499705078 -0.015103881 -0.01294047371)
(1.495271135 -0.008695793308 -0.006559024739)
(1.496999199 -0.004445343179 -0.002748813624)
(1.499011601 -0.002161053591 -0.001513562697)
(1.499793824 -0.000992565406 -0.001071349883)
(1.500104694 -0.0002629859877 -0.0009211365132)
(1.500345296 0.0001195552276 -0.0009155673595)
(1.500539288 0.0003416292287 -0.0009295931369)
(1.500659434 0.0004770729582 -0.0009361436009)
(1.500725449 0.0005680807375 -0.000938403158)
(1.500767486 0.0006325434896 -0.0009365003809)
(1.500794839 0.0006757689453 -0.0009306558677)
(1.500812639 0.0007075314282 -0.0009225669624)
(1.500824179 0.0007280784948 -0.0009127520385)
(1.500832003 0.0007454803152 -0.0009015683265)
(1.50083612 0.0007548466064 -0.0008903366527)
(1.500831994 0.0007651390206 -0.0008808351379)
(1.499989256 7.137368017e-05 1.066110957e-05)
(1.499940232 0.0002227708887 3.568566557e-05)
(1.499818 0.0004256022714 8.358336746e-05)
(1.4996036 0.0007356886008 0.0001836775364)
(1.499282735 0.001256738114 0.0003992730547)
(1.498845703 0.002164647637 0.0008494699229)
(1.498516737 0.003827710949 0.001793213767)
(1.498682295 0.00638009565 0.003452908941)
(1.501209909 0.01005811962 0.00618115224)
(1.506434119 0.01034524839 0.006838375741)
(1.511242208 0.007115339154 0.005156283819)
(1.513587922 0.002288225397 0.002142339669)
(1.513451094 -0.002889345337 -0.001195293467)
(1.511097758 -0.007674060904 -0.004238618568)
(1.506831293 -0.01060230684 -0.006006227619)
(1.502080028 -0.01016730047 -0.005932282671)
(1.498744389 -0.005892010448 -0.003359969112)
(1.498770846 -0.002917613709 -0.00148794498)
(1.499509465 -0.001890177793 -0.001005800167)
(1.499818266 -0.001388878023 -0.0007927586507)
(1.499975372 -0.001014584231 -0.0006130892461)
(1.500145115 -0.0007945230151 -0.0005210275743)
(1.500312916 -0.0006611391638 -0.000493186801)
(1.500424552 -0.0005796252785 -0.0004900926603)
(1.500494267 -0.0005263761354 -0.0004969665412)
(1.500544212 -0.0004910926931 -0.0005093490206)
(1.500583675 -0.0004678640485 -0.0005239872589)
(1.500611853 -0.0004513729995 -0.0005405428297)
(1.500628982 -0.0004410898864 -0.0005551245628)
(1.500648459 -0.0004330485662 -0.0005737956111)
(1.500650397 -0.0004305234474 -0.0005840497544)
(1.500711836 -0.0004298944592 -0.0005999167666)
(1.499994685 8.491581164e-05 8.396055862e-06)
(1.499970387 0.0002633925713 2.777824944e-05)
(1.499912424 0.0004931973989 6.29462153e-05)
(1.499821799 0.0008240299966 0.0001320575378)
(1.49971565 0.001331669999 0.0002698618726)
(1.499636419 0.002118076518 0.0005296750988)
(1.499756977 0.003336445311 0.001016277852)
(1.500366719 0.004958421621 0.00177068421)
(1.502194913 0.006868515864 0.00285711141)
(1.505390629 0.007057809554 0.003221095856)
(1.50849652 0.005027669399 0.002501111492)
(1.510151467 0.001723633169 0.00113567473)
(1.510101503 -0.00175954993 -0.0003251319592)
(1.508564239 -0.004828504148 -0.001647960297)
(1.505897246 -0.006642689485 -0.002456664542)
(1.502880895 -0.006669994871 -0.002640462314)
(1.500412 -0.004726227403 -0.001790863027)
(1.499810523 -0.002871635163 -0.0008961551661)
(1.500052265 -0.001933718704 -0.0005223064152)
(1.500229186 -0.001304949469 -0.00035066255)
(1.500294062 -0.0007852045438 -0.0002414663855)
(1.500368286 -0.0003889099871 -0.0001869364685)
(1.500445442 -0.0001385853571 -0.0001749034475)
(1.500501298 4.052064164e-05 -0.0001786403068)
(1.500529744 0.0001622221601 -0.0001848924536)
(1.500550285 0.0002643343068 -0.0001919524603)
(1.500564788 0.0003357965003 -0.0001983239283)
(1.50057321 0.0003867782365 -0.000203042779)
(1.500578459 0.0004238128034 -0.0002062400697)
(1.50058135 0.0004522339939 -0.0002080885002)
(1.500583635 0.0004728322967 -0.0002093498821)
(1.500577457 0.0004875568475 -0.000210630192)
(1.499999799 8.829400943e-05 6.186587727e-06)
(1.499997617 0.0002722869256 2.036461922e-05)
(1.499995369 0.000500070719 4.466002228e-05)
(1.500002784 0.0008098232518 8.975548787e-05)
(1.500046228 0.001248912988 0.0001734252954)
(1.500177659 0.001866645823 0.0003202118061)
(1.500516301 0.00271308205 0.0005676435008)
(1.501236061 0.003714974756 0.000919924739)
(1.502614964 0.00467851104 0.001357349497)
(1.504676257 0.004733622394 0.00152801469)
(1.506713331 0.003466076504 0.001205103422)
(1.50790384 0.001308728309 0.000539874914)
(1.50793821 -0.0009858000514 -0.0002035940618)
(1.506963822 -0.002975809837 -0.0008937300031)
(1.505209716 -0.004213773391 -0.001378794625)
(1.503195624 -0.004407000086 -0.001515183526)
(1.50142885 -0.003463518338 -0.001162993145)
(1.500639481 -0.002223029093 -0.0006805309834)
(1.500528852 -0.001440546233 -0.0004291222515)
(1.500492758 -0.0009826012315 -0.0003260786623)
(1.500419068 -0.0006269656993 -0.0002568420874)
(1.500376927 -0.0003700615083 -0.0002120298638)
(1.500380356 -0.0002141994819 -0.0001876900082)
(1.500389031 -0.0001183898705 -0.0001780463479)
(1.500393327 -5.665905116e-05 -0.0001757638188)
(1.500396132 -1.586415227e-05 -0.0001762262336)
(1.500399963 8.071045419e-06 -0.0001783485881)
(1.500404704 2.488225367e-05 -0.0001818655266)
(1.500407394 3.311237449e-05 -0.0001856381487)
(1.500411748 3.920860227e-05 -0.0001905501769)
(1.500410892 4.104529431e-05 -0.0001945435524)
(1.500435811 4.202857458e-05 -0.000199304112)
(1.500003406 8.289506261e-05 4.419149044e-06)
(1.500019325 0.0002543716104 1.428759507e-05)
(1.500060391 0.0004595708212 3.035739858e-05)
(1.50013842 0.0007253912365 5.869328584e-05)
(1.500278545 0.001078582523 0.0001081263504)
(1.500525048 0.001538623587 0.0001894255374)
(1.500953017 0.002108222293 0.0003152874354)
(1.501655569 0.002713202335 0.0004814142703)
(1.50272899 0.003194003356 0.0006631254232)
(1.504134148 0.003152563785 0.0007366233132)
(1.505494886 0.002333159731 0.0005944618082)
(1.506329946 0.000909364843 0.0002810964986)
(1.506387137 -0.0006365663767 -7.724923145e-05)
(1.505724768 -0.00200182377 -0.0004001516304)
(1.504543252 -0.002896117854 -0.000610676427)
(1.503117501 -0.003142624344 -0.0006520118543)
(1.501863736 -0.002703822333 -0.0005083484324)
(1.501092552 -0.001955515319 -0.0002939527263)
(1.500796898 -0.00140626948 -0.0001710026926)
(1.500641971 -0.001057784296 -0.0001190331164)
(1.500503666 -0.000771550341 -8.500349589e-05)
(1.500410799 -0.0005336991234 -6.138043616e-05)
(1.50036951 -0.0003642192426 -5.051552472e-05)
(1.500348863 -0.0002425662399 -4.791649668e-05)
(1.500333829 -0.0001543263818 -4.833073834e-05)
(1.500322758 -8.671475924e-05 -4.983737933e-05)
(1.500316211 -3.605553621e-05 -5.168657709e-05)
(1.500312288 2.425399725e-06 -5.36159524e-05)
(1.500309607 3.073841913e-05 -5.508382186e-05)
(1.500306704 5.312443857e-05 -5.618410532e-05)
(1.500305527 6.918041224e-05 -5.692612778e-05)
(1.500296662 8.343556814e-05 -5.763833354e-05)
(1.500006359 7.068299473e-05 3.038328153e-06)
(1.500035237 0.0002160235285 9.736861377e-06)
(1.500107269 0.0003852982992 2.013013061e-05)
(1.500232778 0.000596183227 3.756386986e-05)
(1.500431504 0.000862459245 6.632040415e-05)
(1.500735973 0.001188461184 0.0001109969249)
(1.501190544 0.001560634107 0.000175384834)
(1.501838907 0.001920193116 0.0002549148188)
(1.502701684 0.002157079874 0.0003333069559)
(1.503718483 0.002076495528 0.0003634346362)
(1.50466715 0.00154397956 0.0002968042272)
(1.505272934 0.0006173218708 0.0001421165256)
(1.505339565 -0.0003854633228 -4.188282813e-05)
(1.504895963 -0.001268870672 -0.0002095568632)
(1.50407129 -0.00185610657 -0.0003263067707)
(1.503056614 -0.002043289566 -0.0003693926754)
(1.502098882 -0.001826674695 -0.0003310204629)
(1.501397905 -0.001388603484 -0.0002431518251)
(1.501006775 -0.001008296572 -0.0001766622083)
(1.500767275 -0.0007426409042 -0.0001422251343)
(1.500573731 -0.0005233593918 -0.0001182131214)
(1.500433461 -0.0003433231962 -0.0001002520659)
(1.500347145 -0.0002127229881 -8.954724069e-05)
(1.50029356 -0.0001263602135 -8.42776126e-05)
(1.500253349 -6.512669779e-05 -8.111433339e-05)
(1.500226288 -2.564653858e-05 -7.909554911e-05)
(1.500205329 3.84436813e-06 -7.81546004e-05)
(1.500193841 1.843894165e-05 -7.804077629e-05)
(1.500183547 3.192935876e-05 -7.830640167e-05)
(1.500177477 3.492015146e-05 -7.888931281e-05)
(1.500170289 3.717091869e-05 -8.009839683e-05)
(1.5001713 3.674796805e-05 -8.098422085e-05)
(1.500008283 5.358408475e-05 2.08190398e-06)
(1.500045975 0.0001633155039 6.625389441e-06)
(1.500138583 0.0002885756378 1.334980341e-05)
(1.500293982 0.0004401090371 2.409117166e-05)
(1.500526121 0.0006243319413 4.092283577e-05)
(1.500857257 0.0008395956777 6.572761722e-05)
(1.501312081 0.001070869958 9.932950731e-05)
(1.501905958 0.001277356235 0.0001383400108)
(1.502628634 0.001391280179 0.0001734972921)
(1.503411936 0.001315084129 0.0001851424654)
(1.504121851 0.0009761567571 0.0001506575824)
(1.504576638 0.000389630537 7.083937541e-05)
(1.504638891 -0.0002319529481 -2.342414445e-05)
(1.504321724 -0.0007944305275 -0.0001107199992)
(1.503703358 -0.001177934681 -0.0001710107289)
(1.502935199 -0.001327669551 -0.0001933536994)
(1.502154208 -0.001245770575 -0.0001743265242)
(1.501528346 -0.001016252469 -0.0001286348202)
(1.501106852 -0.0007849419906 -8.91164764e-05)
(1.500817337 -0.0006058862292 -6.625485043e-05)
(1.500594851 -0.0004591294731 -5.252341611e-05)
(1.500426224 -0.0003335828823 -4.277861262e-05)
(1.500316646 -0.0002415317524 -3.804814199e-05)
(1.500240697 -0.0001739700201 -3.571274928e-05)
(1.500189232 -0.0001270952163 -3.463866903e-05)
(1.500150263 -9.010114898e-05 -3.428237804e-05)
(1.500125956 -6.524225498e-05 -3.436628607e-05)
(1.500106983 -4.475684522e-05 -3.478275899e-05)
(1.500096131 -3.247832532e-05 -3.517395553e-05)
(1.500085542 -2.044049335e-05 -3.557729079e-05)
(1.500080848 -1.432676984e-05 -3.574387912e-05)
(1.500070238 -7.388548105e-06 -3.604314062e-05)
(1.500009449 3.331810489e-05 1.491504002e-06)
(1.500052483 0.000101370187 4.716712251e-06)
(1.500157387 0.000178031468 9.290957835e-06)
(1.500329915 0.0002689692156 1.626935217e-05)
(1.500579558 0.000376807216 2.669775141e-05)
(1.500921633 0.0004988816384 4.13153629e-05)
(1.501369051 0.0006249691472 6.002755038e-05)
(1.501923752 0.0007308527485 8.044912714e-05)
(1.502559034 0.0007829371317 9.733146966e-05)
(1.503218783 0.0007313624498 0.0001013878057)
(1.503802693 0.0005366617294 8.122624529e-05)
(1.504155498 0.0002146398674 3.683302114e-05)
(1.504205514 -0.0001210718673 -1.3901127e-05)
(1.503964118 -0.0004334584286 -6.410678931e-05)
(1.503470233 -0.0006479619065 -0.0001002782307)
(1.502837609 -0.0007365346239 -0.0001163457698)
(1.502175678 -0.0007015846079 -0.0001118387307)
(1.50160628 -0.0005827039027 -9.371785286e-05)
(1.501177676 -0.0004506322441 -7.621387719e-05)
(1.500861567 -0.0003416045258 -6.539798904e-05)
(1.500617956 -0.000250578764 -5.805843879e-05)
(1.500432991 -0.00017316774 -5.233307913e-05)
(1.500304873 -0.0001147071226 -4.87264496e-05)
(1.500213847 -7.026807791e-05 -4.674373201e-05)
(1.500150742 -4.078958102e-05 -4.554218029e-05)
(1.500102794 -1.77000068e-05 -4.466543852e-05)
(1.500071926 -2.243332046e-06 -4.414733433e-05)
(1.500047202 9.44016564e-06 -4.381684738e-05)
(1.500032743 1.610852749e-05 -4.362865041e-05)
(1.500018368 2.106473873e-05 -4.350628102e-05)
(1.500011431 2.359712552e-05 -4.345084541e-05)
(1.499999702 2.397059589e-05 -4.360845584e-05)
(1.500009993 1.129314442e-05 1.212001855e-06)
(1.500055527 3.432974767e-05 3.817217836e-06)
(1.500166126 6.011095478e-05 7.407179228e-06)
(1.500346385 9.039616419e-05 1.270899197e-05)
(1.50060337 0.0001258616156 2.036101954e-05)
(1.500949179 0.0001654047213 3.071075766e-05)
(1.501390559 0.0002055954265 4.340501652e-05)
(1.501927095 0.0002378952592 5.657501612e-05)
(1.502515647 0.0002541248882 6.67065653e-05)
(1.503142925 0.0002320598133 6.733930078e-05)
(1.503638136 0.0001793340941 5.539993694e-05)
(1.503999393 4.756020448e-05 1.530293443e-05)
(1.504003562 -3.930205672e-05 -1.238476256e-05)
(1.503790745 -0.0001377897827 -4.646336272e-05)
(1.503354144 -0.0002065090987 -7.234050234e-05)
(1.502782261 -0.0002359115988 -8.46344248e-05)
(1.502175093 -0.0002277631434 -8.338398676e-05)
(1.501629684 -0.0001940829338 -7.258722556e-05)
(1.501201544 -0.0001554069016 -6.024604603e-05)
(1.500872575 -0.0001229094383 -5.105163393e-05)
(1.500620261 -9.627232063e-05 -4.461904128e-05)
(1.500427713 -7.384160654e-05 -3.982439013e-05)
(1.500292084 -5.724363222e-05 -3.677857968e-05)
(1.500192721 -4.504337931e-05 -3.458877632e-05)
(1.500125791 -3.599136492e-05 -3.356046018e-05)
(1.500073848 -3.051185156e-05 -3.299532892e-05)
(1.50004154 -2.699994252e-05 -3.288010988e-05)
(1.50001445 -2.460605863e-05 -3.279911316e-05)
(1.499999386 -2.32057381e-05 -3.285057061e-05)
(1.499983694 -2.180280873e-05 -3.300117648e-05)
(1.499976695 -2.108514093e-05 -3.31128368e-05)
(1.499963524 -2.008042338e-05 -3.324880889e-05)
(1.500010054 -1.116356608e-05 1.585474538e-06)
(1.500055856 -3.391901058e-05 4.979659174e-06)
(1.500167071 -5.92885039e-05 9.589271605e-06)
(1.500348281 -8.89113794e-05 1.631022978e-05)
(1.500606459 -0.0001233272629 2.592423607e-05)
(1.500953436 -0.000161253329 3.884997876e-05)
(1.501395349 -0.0001992059987 5.466340152e-05)
(1.50193086 -0.0002288508975 7.110789167e-05)
(1.502515711 -0.0002425580458 8.405767683e-05)
(1.503136312 -0.0002196098083 8.597406673e-05)
(1.50362359 -0.0001683336284 7.342126712e-05)
(1.503976953 -4.290665284e-05 2.931795805e-05)
(1.50397901 3.91922765e-05 -1.29248647e-06)
(1.50376932 0.0001327607111 -3.846019861e-05)
(1.503339749 0.0001983110612 -6.552310274e-05)
(1.502775938 0.000226876627 -7.657362762e-05)
(1.502176486 0.0002202962744 -7.192464403e-05)
(1.501635244 0.0001896494195 -5.66506622e-05)
(1.501206917 0.0001532584229 -4.010688279e-05)
(1.500875778 0.0001215024336 -2.767616785e-05)
(1.5006224 9.515382172e-05 -1.892077881e-05)
(1.500429573 7.301133368e-05 -1.23783227e-05)
(1.500293622 5.644268971e-05 -8.195847917e-06)
(1.500194034 4.445653053e-05 -5.204743386e-06)
(1.500127133 3.607904138e-05 -3.509767462e-06)
(1.500075172 2.965694743e-05 -2.904084569e-06)
(1.500043175 2.607269288e-05 -2.65990729e-06)
(1.500016259 2.402392263e-05 -2.58502707e-06)
(1.500001394 2.29025268e-05 -2.558827767e-06)
(1.499985996 2.229440384e-05 -2.680610639e-06)
(1.499979104 2.212651475e-05 -2.826743474e-06)
(1.499966445 2.231099538e-05 -3.042713233e-06)
(1.500009536 -3.291842182e-05 1.9177471e-06)
(1.500052958 -0.000100099773 6.048850827e-06)
(1.500158777 -0.0001754608266 1.182692976e-05)
(1.500332769 -0.0002642713203 2.053416518e-05)
(1.500584348 -0.0003686419726 3.342222556e-05)
(1.500928525 -0.0004853644152 5.135429179e-05)
(1.501377302 -0.0006038065386 7.4143295e-05)
(1.501931281 -0.0007003218473 9.888558728e-05)
(1.502561331 -0.0007433839959 0.0001192822321)
(1.503211945 -0.0006876816258 0.0001247392327)
(1.503783086 -0.0004999230827 0.0001027146599)
(1.504125577 -0.0001945373206 5.322398055e-05)
(1.504172214 0.0001207448832 -2.818610441e-06)
(1.503935776 0.0004156423835 -5.768692225e-05)
(1.503452098 0.0006190417469 -9.566123538e-05)
(1.502831223 0.0007051182678 -0.0001100757058)
(1.502180381 0.0006773303041 -0.0001008723165)
(1.501615481 0.0005717651925 -7.664007708e-05)
(1.501185736 0.0004506095251 -5.368344557e-05)
(1.500864791 0.0003461738704 -3.901070045e-05)
(1.500620234 0.0002584766489 -2.93593967e-05)
(1.500434466 0.0001834890633 -2.211728455e-05)
(1.500306325 0.0001267366536 -1.77316268e-05)
(1.500213852 8.397818401e-05 -1.515590586e-05)
(1.500151638 5.472650266e-05 -1.366984406e-05)
(1.500104071 3.035737525e-05 -1.265460956e-05)
(1.5000738 1.604216195e-05 -1.203592345e-05)
(1.500049242 2.892572339e-06 -1.155306104e-05)
(1.500035345 -3.692476141e-06 -1.115565855e-05)
(1.500021046 -1.012752727e-05 -1.06795949e-05)
(1.500014804 -1.295479631e-05 -1.027439576e-05)
(1.500002191 -1.575258367e-05 -9.8073156e-06)
(1.50000843 -5.288444227e-05 2.618004466e-06)
(1.500046782 -0.0001610795202 8.312551288e-06)
(1.500140995 -0.0002839634218 1.66356853e-05)
(1.500299074 -0.0004314621324 2.978363741e-05)
(1.500534982 -0.0006088430851 5.018656257e-05)
(1.500870635 -0.0008131000171 7.997191762e-05)
(1.501329167 -0.001027898008 0.0001198500664)
(1.501923263 -0.001213276146 0.0001654415424)
(1.502637411 -0.001305756209 0.0002056217824)
(1.503403011 -0.001220035731 0.0002182344971)
(1.504089568 -0.0008956933686 0.0001795173677)
(1.504525139 -0.0003472042489 9.050685499e-05)
(1.504583181 0.0002298665302 -1.322783544e-05)
(1.504276201 0.0007529679436 -0.0001086978128)
(1.503676803 0.001110795721 -0.0001722137338)
(1.502931186 0.001253993377 -0.000192310109)
(1.502169679 0.001186366839 -0.0001664185112)
(1.50155272 0.0009841493608 -0.0001123461552)
(1.50112448 0.0007713906627 -6.582807473e-05)
(1.500825957 0.0005993182662 -3.792775684e-05)
(1.500599464 0.0004564585765 -1.924179003e-05)
(1.50043038 0.0003351696964 -5.728426808e-06)
(1.500318784 0.0002446399565 3.311329787e-06)
(1.500241908 0.0001784029693 6.916231326e-06)
(1.500189691 0.0001326272258 8.607458771e-06)
(1.500150563 9.792779807e-05 9.437672356e-06)
(1.500125543 7.505565615e-05 9.392904904e-06)
(1.500106385 5.757565623e-05 8.874476972e-06)
(1.500095136 4.759048092e-05 8.034005552e-06)
(1.500084505 3.937250536e-05 6.982113203e-06)
(1.500079403 3.587116636e-05 5.842027596e-06)
(1.50007183 3.302652296e-05 4.417990173e-06)
(1.500006612 -6.964557972e-05 3.747756345e-06)
(1.500036641 -0.0002126748344 1.199195958e-05)
(1.500111556 -0.0003782033357 2.463830536e-05)
(1.500242094 -0.0005824033706 4.563847423e-05)
(1.500448328 -0.0008366791901 7.991317361e-05)
(1.500762601 -0.001142275608 0.000132563742)
(1.501226611 -0.001481738524 0.0002070655261)
(1.5018782 -0.001797001213 0.0002970587077)
(1.50272653 -0.001984581324 0.0003815093754)
(1.503702824 -0.0018828352 0.0004104240547)
(1.504601275 -0.001388015389 0.0003353277816)
(1.505176561 -0.0005345030653 0.0001632246477)
(1.50523837 0.0003722318264 -3.544376875e-05)
(1.504813691 0.00118146652 -0.0002158173173)
(1.504024709 0.001722489874 -0.0003351726272)
(1.50305582 0.001907736609 -0.0003710734282)
(1.502130302 0.001736846457 -0.0003180921463)
(1.50144158 0.001365416983 -0.0002173666211)
(1.501035459 0.001023634668 -0.0001428390749)
(1.500777597 0.0007686212122 -0.0001035884494)
(1.50058021 0.0005618448197 -7.727407817e-05)
(1.50043625 0.0003891392353 -5.690521138e-05)
(1.500349594 0.0002649346517 -4.504191485e-05)
(1.5002933 0.000175149112 -3.80886188e-05)
(1.500255934 0.0001145719538 -3.378509186e-05)
(1.500227579 6.798537213e-05 -3.053279221e-05)
(1.500210146 3.80745112e-05 -2.804595735e-05)
(1.500196784 1.426796636e-05 -2.576314115e-05)
(1.50018916 7.719535318e-07 -2.368300928e-05)
(1.500181694 -1.122026285e-05 -2.124745044e-05)
(1.500178322 -1.662569643e-05 -1.934369356e-05)
(1.500171432 -2.238617723e-05 -1.702957824e-05)
(1.500003939 -8.151288156e-05 5.367145861e-06)
(1.500021748 -0.0002498059388 1.734682797e-05)
(1.500067847 -0.0004495361283 3.664744622e-05)
(1.500155141 -0.0007050126511 7.034542342e-05)
(1.500310003 -0.001038281854 0.0001283884262)
(1.500577578 -0.001462024376 0.0002224786519)
(1.501028369 -0.001968010205 0.0003642278362)
(1.50174434 -0.002480915862 0.0005452668369)
(1.502790943 -0.002847097175 0.000729429294)
(1.50410775 -0.002760774835 0.0007954305625)
(1.505363833 -0.002025891064 0.0006373973456)
(1.506141561 -0.0007640601496 0.0002942962002)
(1.506194844 0.0005990802609 -9.139359689e-05)
(1.505580957 0.001790639441 -0.0004287855395)
(1.504481684 0.002576384733 -0.0006411261626)
(1.503149474 0.002808103626 -0.0006747569978)
(1.501958942 0.002464184602 -0.0005109111939)
(1.501193361 0.001850776212 -0.0002749326386)
(1.500853787 0.001359867353 -0.0001275318959)
(1.500668882 0.001021860947 -5.625341722e-05)
(1.500520548 0.0007468525694 -1.14814427e-05)
(1.500420207 0.0005236196246 2.163984587e-05)
(1.50037048 0.0003666432961 3.943997185e-05)
(1.50034388 0.0002581055415 4.334739882e-05)
(1.500326017 0.0001844411941 4.298651595e-05)
(1.500312921 0.0001308576402 4.08576986e-05)
(1.500305067 9.56288986e-05 3.759375812e-05)
(1.500299977 7.031264769e-05 3.348881634e-05)
(1.500296919 5.546788881e-05 2.908327068e-05)
(1.500294393 4.461089653e-05 2.328672993e-05)
(1.500292315 4.016779746e-05 1.960236104e-05)
(1.50029474 3.738405306e-05 1.323368686e-05)
(1.500000185 -8.656619164e-05 7.450873355e-06)
(1.500001552 -0.0002665577353 2.446251737e-05)
(1.500007888 -0.0004869439444 5.332562066e-05)
(1.500031885 -0.0007816680459 0.0001063506677)
(1.500103591 -0.001189204682 0.0002031456598)
(1.500279761 -0.001744624001 0.0003696209031)
(1.500672436 -0.002469420088 0.0006394083192)
(1.5014362 -0.003279852106 0.001005561382)
(1.502762841 -0.003971168632 0.001414543604)
(1.50462455 -0.003944422642 0.001557857276)
(1.506444274 -0.002871231225 0.001216979757)
(1.507523848 -0.001039966987 0.0005230713804)
(1.507552624 0.0009143200377 -0.0002396220129)
(1.506659263 0.002606896495 -0.0009218852141)
(1.505074169 0.003675825879 -0.001368090976)
(1.503236088 0.003882236882 -0.001462309682)
(1.50162924 0.003182355111 -0.001115179923)
(1.500817533 0.002201350007 -0.0006605799821)
(1.500609597 0.001530579979 -0.0004075560037)
(1.500525176 0.001107246566 -0.000287675501)
(1.500442279 0.000776077891 -0.0002049977192)
(1.50039905 0.0005157771057 -0.0001454307888)
(1.500397791 0.000341459441 -0.000111230369)
(1.50040711 0.0002193050951 -8.986786211e-05)
(1.500413 0.0001366882655 -7.476567104e-05)
(1.500417216 7.279868703e-05 -6.161810833e-05)
(1.500421106 2.95282221e-05 -5.134778074e-05)
(1.500425109 -5.875029721e-06 -4.157941751e-05)
(1.50042776 -2.805177098e-05 -3.419627088e-05)
(1.500430109 -4.880445528e-05 -2.592225114e-05)
(1.500431614 -5.996929341e-05 -2.055326765e-05)
(1.500431391 -7.342718657e-05 -1.333495843e-05)
(1.499995876 -8.297199809e-05 1.003447962e-05)
(1.499976554 -0.0002568958383 3.309829137e-05)
(1.499932324 -0.0004776207256 7.449629991e-05)
(1.499870252 -0.0007884900423 0.0001548906764)
(1.499816652 -0.00124950097 0.0003115305075)
(1.499830507 -0.001933233801 0.0005990229622)
(1.500077239 -0.002924891677 0.001106198387)
(1.500820437 -0.004157145504 0.001845355806)
(1.502535107 -0.005409634168 0.002766606488)
(1.505269611 -0.00547130589 0.003041763706)
(1.507943126 -0.003898052265 0.002297619856)
(1.509432451 -0.001305491581 0.0009386581259)
(1.509398834 0.00140139524 -0.0004651457002)
(1.508065726 0.003774302118 -0.001704877088)
(1.505721229 0.005217614874 -0.002442282433)
(1.503097701 0.005320486189 -0.002476953012)
(1.50089775 0.003976871213 -0.001601812229)
(1.500173863 0.002541260217 -0.0007191573651)
(1.500226033 0.001691209248 -0.0003007900705)
(1.500306848 0.001150411705 -0.0001072784848)
(1.500322113 0.000741588109 1.741520735e-05)
(1.500355405 0.0004599145799 8.422891979e-05)
(1.500409315 0.0002938724127 0.0001069664757)
(1.500455417 0.0001905245379 9.987469309e-05)
(1.500483829 0.0001274243426 8.837341319e-05)
(1.500503226 8.835523784e-05 7.339327141e-05)
(1.500517051 6.756645132e-05 5.792434369e-05)
(1.500529501 5.489117059e-05 4.388354948e-05)
(1.500537249 4.978429648e-05 3.147228416e-05)
(1.500545179 4.926974319e-05 1.732778726e-05)
(1.500546457 5.110192175e-05 6.678332064e-06)
(1.500570195 5.77753642e-05 -6.139575218e-06)
(1.499990841 -6.949738867e-05 1.265395818e-05)
(1.499949134 -0.0002163613861 4.22504373e-05)
(1.499847593 -0.0004097211687 9.829072244e-05)
(1.499679761 -0.0006972024572 0.000213390648)
(1.499453256 -0.001158935267 0.000454465264)
(1.499205075 -0.001915005505 0.0009336820303)
(1.49915885 -0.003172292879 0.001862629873)
(1.499715227 -0.004939832009 0.003327395258)
(1.501973977 -0.007107936903 0.005421358452)
(1.506106398 -0.007239750304 0.005874911819)
(1.510005334 -0.004889754343 0.00421440541)
(1.512008983 -0.001347105126 0.00142761391)
(1.511898172 0.002280071516 -0.001442032282)
(1.50996108 0.005495228966 -0.003971854389)
(1.506491728 0.007425317058 -0.005476463019)
(1.502625495 0.007236862194 -0.005400903837)
(1.499695387 0.004587367695 -0.003323908429)
(1.499297228 0.002551967659 -0.001706534426)
(1.499715811 0.001675444361 -0.001051247991)
(1.49999324 0.001128748158 -0.0006936856703)
(1.500152585 0.0006701392422 -0.0004168344036)
(1.500306794 0.0003456057501 -0.0002348642594)
(1.500440585 0.0001458207094 -0.0001314705494)
(1.500535675 5.806040564e-06 -6.353716803e-05)
(1.500588801 -8.854215582e-05 -1.307209314e-05)
(1.50062565 -0.0001685847284 2.597361116e-05)
(1.500657475 -0.0002244789697 5.227772923e-05)
(1.500676923 -0.0002632480196 7.0799236e-05)
(1.500687052 -0.0002909581432 8.560149227e-05)
(1.500693894 -0.0003114596112 9.722327589e-05)
(1.500700615 -0.0003252151059 0.0001059626281)
(1.500693264 -0.0003336188841 0.0001111323376)
(1.499986411 -4.646700098e-05 1.48732046e-05)
(1.499924527 -0.0001452839409 5.016732341e-05)
(1.499769502 -0.0002792777902 0.0001198228978)
(1.499493107 -0.0004883050372 0.0002702723949)
(1.499064769 -0.000848701746 0.000609458343)
(1.498442036 -0.001505999482 0.001347849932)
(1.497880774 -0.002766075292 0.002983001574)
(1.497892676 -0.004937018738 0.005815946401)
(1.500932724 -0.008220870894 0.01042618895)
(1.507272303 -0.008651890293 0.01102865323)
(1.51288631 -0.005798621386 0.007595369529)
(1.515359445 -0.001895801156 0.002522499657)
(1.515089529 0.002175709331 -0.002995763453)
(1.51241634 0.005853719967 -0.007982320343)
(1.507231329 0.00835512456 -0.01115244126)
(1.501255728 0.00855424495 -0.01056355726)
(1.497548097 0.004589930927 -0.00541659456)
(1.498126496 0.001785566388 -0.002296582089)
(1.499252305 0.000703509389 -0.001193555564)
(1.499695066 0.0002774788517 -0.0007937320463)
(1.499921419 3.752024388e-05 -0.0006176856242)
(1.500146014 -6.800405741e-05 -0.0005413067125)
(1.500350562 -9.769467986e-05 -0.0005305273523)
(1.500482071 -9.660447644e-05 -0.0005414377641)
(1.500557856 -8.829305059e-05 -0.0005557233116)
(1.500616162 -7.642054913e-05 -0.0005732347586)
(1.500657575 -6.371628632e-05 -0.0005888865748)
(1.500689714 -5.105057929e-05 -0.0006029803118)
(1.500712975 -3.946735836e-05 -0.0006144274591)
(1.500731402 -2.746823919e-05 -0.0006269372949)
(1.500737765 -1.979224302e-05 -0.0006335646416)
(1.500784138 -1.038321962e-05 -0.0006437936951)
(1.499983792 -1.585018314e-05 1.61600246e-05)
(1.499909896 -5.086173826e-05 5.479227259e-05)
(1.499721523 -9.882706454e-05 0.0001326215008)
(1.499372537 -0.0001758429239 0.0003061837343)
(1.498788845 -0.0003148821909 0.0007129813078)
(1.49781523 -0.0005870891948 0.001679814941)
(1.496584059 -0.001168596039 0.004043110999)
(1.495410855 -0.002299713243 0.009186982187)
(1.499564729 -0.004378242565 0.01865099598)
(1.508231371 -0.004717282849 0.01894565459)
(1.515712264 -0.003264576482 0.01253347926)
(1.518588358 -0.001357092845 0.004266224393)
(1.518238565 0.0006368080863 -0.004745014202)
(1.515117724 0.002496581241 -0.0134237252)
(1.508677509 0.003898720716 -0.02042812002)
(1.500134582 0.004277867724 -0.02039131832)
(1.494644327 0.001822672979 -0.01157378834)
(1.496235009 0.0002311718984 -0.006958059007)
(1.498671589 -0.0006525215805 -0.004099480868)
(1.499612487 -0.001048424089 -0.002643799725)
(1.50003632 -0.001290126661 -0.001907748827)
(1.500359659 -0.001378364796 -0.001567660812)
(1.500575063 -0.001395437155 -0.001393506553)
(1.500700246 -0.001393139366 -0.001306295079)
(1.500770728 -0.001382289183 -0.001264681194)
(1.50081149 -0.001366915227 -0.001243677138)
(1.500836048 -0.001348727063 -0.001232869631)
(1.500850028 -0.001327701229 -0.001227398616)
(1.500857877 -0.001306624603 -0.001224783194)
(1.500862804 -0.001282681973 -0.001223730068)
(1.500863178 -0.001266224598 -0.001223736929)
(1.500843948 -0.001237988584 -0.001224776912)
(1.499983791 1.628021837e-05 1.613385422e-05)
(1.499909876 5.215588935e-05 5.470311213e-05)
(1.499721509 0.0001009239977 0.0001324589292)
(1.499372179 0.0001786911579 0.0003057622437)
(1.498788275 0.0003175460781 0.0007126333654)
(1.497809403 0.0005884794478 0.001678150594)
(1.496572943 0.001157949219 0.00405243192)
(1.495341586 0.002267148574 0.009206862161)
(1.49954312 0.0042466619 0.01892338986)
(1.508241049 0.004570210589 0.01915114639)
(1.515728787 0.003134074778 0.0126595975)
(1.518596351 0.001229359736 0.004336860283)
(1.518236197 -0.0007635161381 -0.00466968693)
(1.515128468 -0.002621813856 -0.01333533671)
(1.508552273 -0.004060995322 -0.02018119018)
(1.499960824 -0.004523973282 -0.01998089001)
(1.494441559 -0.00233375397 -0.0108675749)
(1.496002376 -0.0009209370438 -0.005628351637)
(1.498340768 -0.000193419843 -0.002558413064)
(1.499265028 1.88932782e-05 -0.0009827803195)
(1.499730245 0.0001457843297 -0.0001508334282)
(1.500107083 0.0002037486522 0.0002781275915)
(1.500377323 0.0002237121608 0.000522647969)
(1.500536781 0.0002314407194 0.0006727006272)
(1.500631 0.0002367767003 0.0007664377797)
(1.50069814 0.0002420569537 0.000833072789)
(1.500744395 0.0002469736514 0.0008777628059)
(1.500777425 0.0002522047324 0.0009111692954)
(1.500798787 0.0002572466124 0.000933981097)
(1.500814895 0.0002635243751 0.0009525604673)
(1.500827978 0.0002680339951 0.0009642276715)
(1.500836941 0.0002753397617 0.0009790046726)
(1.499986408 4.688724634e-05 1.479911411e-05)
(1.499924498 0.0001465405417 4.992795541e-05)
(1.499769393 0.0002813746327 0.0001193339443)
(1.499492493 0.0004911349136 0.000269327152)
(1.499063001 0.0008523003607 0.0006080135534)
(1.498434965 0.0015094789 0.001345780215)
(1.4978671 0.002772872211 0.002987385041)
(1.497847197 0.004945994135 0.005824538488)
(1.500917509 0.008285854402 0.0105241407)
(1.507276508 0.008715656701 0.01111852186)
(1.512881991 0.005843655812 0.007709314793)
(1.515350534 0.00192844083 0.00264854223)
(1.515081689 -0.002146712603 -0.002874117885)
(1.512400345 -0.005827569698 -0.007879709858)
(1.507175646 -0.008335442001 -0.01105350423)
(1.501175362 -0.008493046962 -0.01038110984)
(1.497444482 -0.00443183029 -0.005145248259)
(1.49806362 -0.001460412452 -0.001982569239)
(1.499314445 -0.0002047490689 -0.001064843025)
(1.499848213 0.0004164792442 -0.0007017198635)
(1.50013048 0.0008526353534 -0.0004556476057)
(1.500350497 0.001081794001 -0.000339690639)
(1.500535681 0.001218050641 -0.0002822765105)
(1.500646285 0.001280499953 -0.0002495111311)
(1.500711963 0.001312452009 -0.0002251590763)
(1.500747957 0.001326800143 -0.0002084971744)
(1.500780017 0.00133135457 -0.0001938184366)
(1.500796281 0.001330732511 -0.0001802096789)
(1.500805581 0.00132784369 -0.0001682733429)
(1.500810392 0.001323301936 -0.0001568253745)
(1.500814754 0.001317828827 -0.0001482674031)
(1.50078022 0.001312213809 -0.0001370257844)
(1.499990838 6.989583037e-05 1.254357616e-05)
(1.499949111 0.0002175580965 4.189758207e-05)
(1.49984749 0.0004117457989 9.758292814e-05)
(1.499679267 0.0007000919454 0.0002120812764)
(1.499451827 0.001163014778 0.0004523116604)
(1.499200611 0.001920814739 0.0009301894156)
(1.499150072 0.003183645543 0.001859727051)
(1.499694655 0.004959755404 0.003324715063)
(1.501952665 0.007160426923 0.005444863486)
(1.506096588 0.007289832559 0.005899943669)
(1.509998544 0.004936235969 0.004247965395)
(1.512004427 0.001402879753 0.001465026218)
(1.511894704 -0.002222231176 -0.001416280315)
(1.509951829 -0.005431126192 -0.003954077576)
(1.506470031 -0.007345328784 -0.005470641002)
(1.502587854 -0.007111027245 -0.005379548532)
(1.499662314 -0.004440200418 -0.003341334964)
(1.499266071 -0.002319660377 -0.001684610905)
(1.499718585 -0.001437865449 -0.001016074461)
(1.499981492 -0.000971129433 -0.0006219616919)
(1.50010905 -0.0006288246655 -0.0002766914968)
(1.500243883 -0.0004269933631 -4.727618168e-05)
(1.50036878 -0.00032909539 9.745028664e-05)
(1.500465916 -0.0002719409505 0.0001876785288)
(1.500530181 -0.0002390288339 0.0002474713386)
(1.50057376 -0.0002228713914 0.0002870375719)
(1.500609188 -0.0002162525456 0.000314454007)
(1.500631991 -0.0002151000022 0.0003351626398)
(1.500647575 -0.0002168622189 0.000349933992)
(1.500662967 -0.0002210147881 0.0003613173566)
(1.500670731 -0.0002249861388 0.0003687488414)
(1.500692492 -0.0002313799846 0.0003749076587)
(1.499995878 8.333701223e-05 9.901620944e-06)
(1.499976553 0.0002579961085 3.267788767e-05)
(1.499932292 0.0004795003667 7.366920259e-05)
(1.49987002 0.0007912366593 0.000153413984)
(1.499815888 0.001253455509 0.000309062553)
(1.499828216 0.001938950284 0.0005950162677)
(1.500072572 0.002934768188 0.001100785514)
(1.500810907 0.004172830219 0.001838610838)
(1.502524347 0.005441916049 0.002764627859)
(1.505263981 0.005509564735 0.00303881573)
(1.507940783 0.003940422825 0.002294490354)
(1.5094314 0.001354144939 0.0009363920184)
(1.509398169 -0.00135343022 -0.0004713210078)
(1.508063824 -0.003720950782 -0.001713328812)
(1.505714886 -0.005156355297 -0.002459919029)
(1.5030813 -0.005237392882 -0.002496049165)
(1.500882836 -0.003890148082 -0.001636002197)
(1.5001421 -0.002410610613 -0.0007141895207)
(1.500212918 -0.001560078608 -0.0002929075155)
(1.500308064 -0.001026861474 -0.0001110748554)
(1.500336729 -0.0005951239588 4.123739043e-06)
(1.500383929 -0.0002755324002 7.419674656e-05)
(1.500450645 -6.442408403e-05 9.254297638e-05)
(1.500502109 7.580120458e-05 9.383063707e-05)
(1.500536747 0.0001699706799 9.565251523e-05)
(1.50055861 0.0002367505147 9.726967751e-05)
(1.500570576 0.0002804534617 9.960822596e-05)
(1.500579657 0.000310200502 0.000103344537)
(1.500586406 0.0003297985379 0.0001083153429)
(1.500589093 0.0003416181111 0.0001143886634)
(1.500595286 0.0003476984911 0.0001197356692)
(1.500567858 0.0003501790197 0.0001292116986)
(1.500000188 8.688745236e-05 7.308188029e-06)
(1.500001574 0.0002675269456 2.401481353e-05)
(1.500007935 0.0004886017394 5.24628247e-05)
(1.500031883 0.0007840993859 0.0001048605704)
(1.500103369 0.001192647908 0.0002007092633)
(1.500278865 0.001749487313 0.0003657716863)
(1.500670451 0.002476955364 0.0006338293075)
(1.501432391 0.003291284226 0.0009978903052)
(1.502758324 0.003990573673 0.001406121607)
(1.504621941 0.003968887011 0.001548009921)
(1.506443214 0.002898163419 0.001205499286)
(1.507523396 0.001069102132 0.0005108019296)
(1.507553297 -0.0008832729114 -0.0002542898639)
(1.506657421 -0.002574935031 -0.0009407702914)
(1.505073395 -0.003639764166 -0.00139223243)
(1.503225251 -0.003836449501 -0.00149093453)
(1.501621112 -0.003134295796 -0.001153394249)
(1.50080216 -0.002125613077 -0.0006935978707)
(1.500607153 -0.001443118569 -0.0004494424974)
(1.500530345 -0.001018585699 -0.0003388361057)
(1.500444781 -0.0006912223925 -0.0002549567703)
(1.500395372 -0.0004435819133 -0.000185814153)
(1.500389501 -0.0002916660529 -0.0001418935643)
(1.500395235 -0.0001977105254 -0.000112241516)
(1.500398235 -0.0001414277232 -9.257482491e-05)
(1.500400395 -0.0001039356219 -7.497350852e-05)
(1.500403575 -8.474637641e-05 -6.125457954e-05)
(1.500407774 -7.81171127e-05 -4.949272394e-05)
(1.500410331 -7.83152718e-05 -4.258615618e-05)
(1.500413942 -8.248263403e-05 -3.614309951e-05)
(1.500414537 -8.871984569e-05 -3.2585876e-05)
(1.500428709 -9.554738144e-05 -2.893665069e-05)
(1.500003946 8.178233155e-05 5.222972971e-06)
(1.500021789 0.0002506182654 1.689902784e-05)
(1.500067957 0.0004509226744 3.580333018e-05)
(1.500155309 0.0007070387211 6.893113452e-05)
(1.500310157 0.001041101233 0.0001261429554)
(1.50057753 0.001465898932 0.0002190414321)
(1.501027929 0.001973574595 0.0003592289419)
(1.501743269 0.002488849167 0.0005383515843)
(1.502789581 0.002858859938 0.0007207989171)
(1.504107154 0.00277581131 0.000785067751)
(1.505364196 0.002042882441 0.0006251213759)
(1.506142504 0.0007832229359 0.0002803058363)
(1.506196328 -0.0005783184983 -0.0001078023857)
(1.505582099 -0.001768222539 -0.0004484106339)
(1.504481807 -0.002551506047 -0.0006646839745)
(1.50314726 -0.002778034025 -0.0007028525787)
(1.50195557 -0.002430264196 -0.0005454622456)
(1.501186569 -0.001804561761 -0.0003108920783)
(1.500849585 -0.001306910138 -0.00016504939)
(1.500668518 -0.000973917721 -9.362139058e-05)
(1.500519834 -0.0007023511015 -5.00258235e-05)
(1.500419212 -0.0004773497987 -1.632442979e-05)
(1.50037216 -0.0003178878184 -2.262681054e-07)
(1.500348063 -0.0002016149924 3.200733304e-06)
(1.500332414 -0.0001212282202 3.627865854e-06)
(1.500320854 -5.813358325e-05 3.649081903e-06)
(1.500314723 -1.525909856e-05 3.020164747e-06)
(1.500311036 1.937683849e-05 2.553585478e-06)
(1.500309152 4.074163232e-05 2.491089058e-06)
(1.500306529 6.001623585e-05 3.19319509e-06)
(1.500306955 7.236829704e-05 4.235429473e-06)
(1.500291458 7.844931681e-05 5.890488885e-06)
(1.500006622 6.985787756e-05 3.607781687e-06)
(1.500036697 0.0002133148629 1.155943815e-05)
(1.500111712 0.0003792928279 2.383805122e-05)
(1.500242376 0.0005839872026 4.433264256e-05)
(1.500448722 0.0008388503475 7.789922175e-05)
(1.500763038 0.001145189451 0.0001295730233)
(1.501227009 0.00148570503 0.0002027992907)
(1.501878484 0.001802379368 0.0002912346863)
(1.502726827 0.001991954377 0.0003740322261)
(1.503703545 0.001892197215 0.0004012801246)
(1.504602583 0.001398823257 0.000324498776)
(1.505178295 0.0005465875907 0.0001505595149)
(1.505240329 -0.0003590665456 -4.996345433e-05)
(1.504815533 -0.001167378537 -0.0002329388163)
(1.504025795 -0.001707043056 -0.0003553147159)
(1.503055728 -0.001889897805 -0.0003947911225)
(1.502128873 -0.001716898239 -0.0003461692216)
(1.501438459 -0.001340074479 -0.0002480667985)
(1.50103243 -0.0009937077484 -0.0001753188195)
(1.500778468 -0.0007400282098 -0.000138926135)
(1.500580468 -0.0005315576613 -0.0001142613171)
(1.500436573 -0.0003582326905 -9.483479436e-05)
(1.50034846 -0.0002328285051 -8.247192232e-05)
(1.500291878 -0.0001461706131 -7.510197337e-05)
(1.500252658 -8.856643049e-05 -6.967942477e-05)
(1.500223635 -4.813214138e-05 -6.510622657e-05)
(1.500204416 -2.279514953e-05 -6.130625432e-05)
(1.500191018 -7.281359764e-06 -5.833863382e-05)
(1.500181747 2.056942678e-07 -5.571941525e-05)
(1.500174755 2.916394767e-06 -5.369660177e-05)
(1.500169841 1.810675277e-06 -5.202597079e-05)
(1.500167766 -1.574259953e-06 -5.043031173e-05)
(1.500008442 5.303709478e-05 2.483861059e-06)
(1.500046846 0.0001615395419 7.899791961e-06)
(1.500141181 0.0002847444267 1.588354706e-05)
(1.500299428 0.0004325919649 2.858263971e-05)
(1.500535519 0.0006103748731 4.837981288e-05)
(1.500871343 0.00081512041 7.735837798e-05)
(1.501330017 0.001030558846 0.0001162033451)
(1.501924236 0.001216763014 0.0001605432313)
(1.502638555 0.001310308593 0.0001993339697)
(1.503404473 0.001225717968 0.0002105077301)
(1.504091495 0.000902257981 0.0001703143847)
(1.504527348 0.000354557104 7.968564876e-05)
(1.504585537 -0.0002217429363 -2.568124134e-05)
(1.504278534 -0.0007441754344 -0.0001232451056)
(1.503678728 -0.001101136547 -0.0001892213455)
(1.502932281 -0.001243035596 -0.000212081115)
(1.502170041 -0.001173896149 -0.0001893617824)
(1.501551648 -0.0009686870653 -0.0001378612654)
(1.501123625 -0.0007535564272 -9.335688909e-05)
(1.500825711 -0.0005809689361 -6.633712047e-05)
(1.500599744 -0.0004387714866 -4.909227583e-05)
(1.500429275 -0.0003170895749 -3.529670948e-05)
(1.500317648 -0.0002271737992 -2.693928162e-05)
(1.500239994 -0.0001604945748 -2.383831864e-05)
(1.500188288 -0.0001148520605 -2.219754389e-05)
(1.500148686 -7.847316688e-05 -2.138266088e-05)
(1.500124495 -5.474664922e-05 -2.11014528e-05)
(1.500105227 -3.487988467e-05 -2.130085652e-05)
(1.500094723 -2.362091167e-05 -2.141285318e-05)
(1.500084002 -1.245246699e-05 -2.15827216e-05)
(1.500079787 -7.098504686e-06 -2.159181321e-05)
(1.500067827 -1.465955638e-06 -2.154802097e-05)
(1.500009548 3.301026933e-05 1.788723946e-06)
(1.500053028 0.0001003764248 5.653093325e-06)
(1.50015898 0.0001759296075 1.111351318e-05)
(1.500333163 0.0002649471443 1.941253288e-05)
(1.500584965 0.0003695518147 3.176535565e-05)
(1.500929375 0.0004865515822 4.900380333e-05)
(1.501378384 0.0006053400022 7.092162079e-05)
(1.50193259 0.0007022887395 9.462004785e-05)
(1.502562888 0.0007458755778 0.0001138424212)
(1.503213806 0.0006907481175 0.0001180420282)
(1.5037853 0.0005035127515 9.46827496e-05)
(1.504128087 0.0001985329503 4.371496093e-05)
(1.504174808 -0.0001163005172 -1.373490816e-05)
(1.503938355 -0.0004108231597 -7.034982564e-05)
(1.503454378 -0.0006137863669 -0.0001103526031)
(1.502832994 -0.0006992430658 -0.0001270095319)
(1.502181156 -0.0006706226928 -0.0001202380679)
(1.501615911 -0.0005639383497 -9.825971675e-05)
(1.501185204 -0.0004413592408 -7.701698835e-05)
(1.500865038 -0.0003368567965 -6.373691468e-05)
(1.50061979 -0.0002489310368 -5.498570611e-05)
(1.500433812 -0.0001739494351 -4.837057194e-05)
(1.500304932 -0.000116767443 -4.425349368e-05)
(1.500212382 -7.396811967e-05 -4.194296234e-05)
(1.500149644 -4.435446761e-05 -4.057242376e-05)
(1.500101311 -2.13847112e-05 -3.945101062e-05)
(1.500070754 -6.519949316e-06 -3.863882364e-05)
(1.500045599 4.988435031e-06 -3.791646526e-05)
(1.500031516 1.10731155e-05 -3.738790593e-05)
(1.500016828 1.561632667e-05 -3.674179589e-05)
(1.500010077 1.70702989e-05 -3.636021723e-05)
(1.499997989 1.709174589e-05 -3.585648914e-05)
(1.500010067 1.119420908e-05 1.459369561e-06)
(1.500055928 3.401128665e-05 4.593486856e-06)
(1.500167281 5.944470872e-05 8.897033046e-06)
(1.500348693 8.913620348e-05 1.523072318e-05)
(1.500607111 0.0001236288175 2.4345087e-05)
(1.500954348 0.0001616451047 3.663288656e-05)
(1.501396529 0.0001997072903 5.165572999e-05)
(1.501932301 0.0002294892655 6.71543635e-05)
(1.50251745 0.0002433484967 7.905661012e-05)
(1.503138278 0.0002205991872 7.974960317e-05)
(1.50362596 0.0001694372697 6.607769621e-05)
(1.503979458 4.429834486e-05 2.021267696e-05)
(1.503981685 -3.776003666e-05 -1.145388246e-05)
(1.503771992 -0.0001312271018 -5.015606296e-05)
(1.503342217 -0.0001966498353 -7.903319225e-05)
(1.5027779 -0.000225001368 -9.2075203e-05)
(1.502177922 -0.0002182032237 -8.956134683e-05)
(1.501635759 -0.000187156467 -7.628942535e-05)
(1.501207182 -0.0001504095266 -6.138117742e-05)
(1.500875728 -0.0001184909338 -5.018904163e-05)
(1.500622206 -9.21194272e-05 -4.230959875e-05)
(1.50042869 -6.988748738e-05 -3.630295939e-05)
(1.500292361 -5.324831288e-05 -3.241126603e-05)
(1.500192285 -4.137328797e-05 -2.984540171e-05)
(1.500124976 -3.239509834e-05 -2.842867454e-05)
(1.500072742 -2.655894484e-05 -2.765429361e-05)
(1.500040357 -2.310983953e-05 -2.734019729e-05)
(1.500013209 -2.086499418e-05 -2.71518837e-05)
(1.499998148 -1.945765846e-05 -2.710546906e-05)
(1.499982419 -1.815290611e-05 -2.711609149e-05)
(1.499975547 -1.75121011e-05 -2.714070785e-05)
(1.499962132 -1.659088543e-05 -2.711879454e-05)
(1.500010136 -1.105581843e-05 1.578009733e-06)
(1.500056306 -3.357234125e-05 4.955681583e-06)
(1.500168367 -5.856396107e-05 9.541809469e-06)
(1.500350869 -8.754350466e-05 1.622369616e-05)
(1.500610647 -0.000120910368 2.576821358e-05)
(1.500959214 -0.0001572028826 3.856218607e-05)
(1.50140201 -0.0001929094966 5.415083994e-05)
(1.501936737 -0.000219931488 7.021532738e-05)
(1.502517839 -0.0002312878891 8.273747845e-05)
(1.503132018 -0.0002076696343 8.41415889e-05)
(1.503610817 -0.0001582536246 7.166061006e-05)
(1.503957136 -3.922890364e-05 2.822793797e-05)
(1.503956676 3.773245175e-05 -1.754713125e-06)
(1.503750443 0.0001261883914 -3.811417273e-05)
(1.503328267 0.0001884990239 -6.432673211e-05)
(1.502772506 0.000216186405 -7.483975389e-05)
(1.502180471 0.0002111618694 -7.016564657e-05)
(1.501642561 0.0001833662216 -5.531686265e-05)
(1.501213385 0.0001490446004 -3.919819774e-05)
(1.500879657 0.0001180315111 -2.697232693e-05)
(1.500624612 9.199340719e-05 -1.830961419e-05)
(1.500430731 7.008471796e-05 -1.181492722e-05)
(1.500293775 5.362027998e-05 -7.589224022e-06)
(1.500193419 4.15225109e-05 -4.768595639e-06)
(1.500125992 3.381128158e-05 -3.148474176e-06)
(1.500073814 2.715646142e-05 -2.332235114e-06)
(1.500041644 2.373264927e-05 -2.016941257e-06)
(1.500014647 2.187476435e-05 -1.885322135e-06)
(1.499999753 2.098466557e-05 -1.832958625e-06)
(1.499984295 2.078434477e-05 -1.917519992e-06)
(1.49997743 2.102520523e-05 -1.978414533e-06)
(1.499964801 2.161705983e-05 -2.065742366e-06)
(1.500009646 -3.258364959e-05 1.909153482e-06)
(1.500053564 -9.901950111e-05 6.020634384e-06)
(1.500160546 -0.0001731790921 1.176703057e-05)
(1.50033637 -0.0002599141801 2.04153202e-05)
(1.50059032 -0.0003608122291 3.318238048e-05)
(1.500937026 -0.0004721315176 5.087447178e-05)
(1.501387483 -0.0005829202218 7.319575901e-05)
(1.501940821 -0.0006702652204 9.716118002e-05)
(1.502565514 -0.0007049435386 0.0001164649738)
(1.503206746 -0.0006461663638 0.0001209366332)
(1.503765247 -0.0004662050715 9.902029005e-05)
(1.504097518 -0.0001782581545 5.042680992e-05)
(1.504140818 0.000115966016 -3.871575755e-06)
(1.503909859 0.0003930234938 -5.702553887e-05)
(1.503436861 0.0005851657244 -9.343092718e-05)
(1.502827782 0.0006684994404 -0.0001068571117)
(1.502187465 0.0006472022645 -9.765798527e-05)
(1.501626524 0.0005535721937 -7.420313387e-05)
(1.501194447 0.0004417151829 -5.17082026e-05)
(1.500869027 0.000341923359 -3.699742343e-05)
(1.500622425 0.0002573010402 -2.73240561e-05)
(1.500435546 0.0001846112481 -2.013602974e-05)
(1.500306234 0.0001288793946 -1.569561939e-05)
(1.500212946 8.640250549e-05 -1.316289287e-05)
(1.500150313 5.721248888e-05 -1.170415912e-05)
(1.500102776 3.277609606e-05 -1.064580919e-05)
(1.500072281 1.848465394e-05 -9.942400539e-06)
(1.500047871 5.0513391e-06 -9.353533105e-06)
(1.500033823 -1.706349643e-06 -8.951835267e-06)
(1.500019817 -8.526249124e-06 -8.416722509e-06)
(1.500013515 -1.198605706e-05 -8.084848428e-06)
(1.500000194 -1.397254554e-05 -7.487080956e-06)
(1.500008604 -5.229140254e-05 2.606719462e-06)
(1.500047739 -0.0001591535471 8.274309675e-06)
(1.500143847 -0.000279817259 1.654453333e-05)
(1.50030503 -0.0004233524552 2.95784666e-05)
(1.500545195 -0.0005938686377 4.971870548e-05)
(1.500885789 -0.0007870435684 7.89306856e-05)
(1.501348178 -0.0009855230957 0.0001176143947)
(1.501942228 -0.00115054115 0.0001611112729)
(1.502647072 -0.001223821354 0.0001982805716)
(1.503395312 -0.00113092613 0.0002082176851)
(1.504058068 -0.0008233206157 0.0001701427606)
(1.504474996 -0.0003128320556 8.386501589e-05)
(1.504529182 0.0002187085295 -1.500944779e-05)
(1.504233052 0.0007027316431 -0.0001061258834)
(1.503653077 0.001035799581 -0.0001662415648)
(1.502929483 0.001172873257 -0.0001850238431)
(1.502186797 0.001119027013 -0.0001610197402)
(1.501576579 0.0009406815796 -0.0001110909824)
(1.501142062 0.0007443445044 -6.733410077e-05)
(1.500834916 0.0005794732919 -4.03531142e-05)
(1.50060454 0.0004421021066 -2.210430405e-05)
(1.500432994 0.000325687788 -8.719879833e-06)
(1.500318877 0.0002382037733 7.724792897e-08)
(1.500240389 0.0001739863438 3.671509086e-06)
(1.500187506 0.0001298645044 5.439741248e-06)
(1.500148066 9.685075363e-05 6.448573829e-06)
(1.500122679 7.52213177e-05 6.847079186e-06)
(1.500103424 5.922614942e-05 6.721300968e-06)
(1.500092074 5.029358701e-05 6.37741809e-06)
(1.500081471 4.363368535e-05 5.806065214e-06)
(1.500076417 4.106518087e-05 5.218196398e-06)
(1.500069083 3.977757964e-05 4.53881786e-06)
(1.5000069 -6.875594676e-05 3.730972052e-06)
(1.500038233 -0.0002097491254 1.193539322e-05)
(1.500116384 -0.0003717332506 2.448353328e-05)
(1.500252459 -0.0005693230922 4.524330247e-05)
(1.500466755 -0.000811569317 7.890207595e-05)
(1.500791117 -0.001096782917 0.0001301289183)
(1.501264217 -0.001404456902 0.0002014183072)
(1.501917479 -0.001678214386 0.0002856944069)
(1.502749819 -0.00182341522 0.0003611790219)
(1.503685557 -0.001707224553 0.0003834887708)
(1.504536411 -0.001250001688 0.0003105205019)
(1.505080947 -0.0004722926595 0.0001465696255)
(1.505138262 0.0003464532117 -4.014014662e-05)
(1.504735074 0.001080710555 -0.0002080421127)
(1.503982294 0.001575848943 -0.0003166435323)
(1.503058893 0.001756176507 -0.0003472286088)
(1.50216298 0.00162448167 -0.0002966563943)
(1.501483489 0.001308006517 -0.0002029773456)
(1.501062711 0.0009978335692 -0.0001320903351)
(1.500790937 0.0007546882834 -9.40559066e-05)
(1.500588458 0.0005556863464 -6.871080608e-05)
(1.500441784 0.0003886394819 -4.875632517e-05)
(1.500351623 0.0002656819346 -3.648363268e-05)
(1.500293691 0.0001767056202 -2.958458509e-05)
(1.50025508 0.0001153058979 -2.537077101e-05)
(1.500226862 6.952453103e-05 -2.212077315e-05)
(1.50020858 3.865283944e-05 -1.98204845e-05)
(1.500195667 1.606619177e-05 -1.791429229e-05)
(1.500187312 1.960553539e-06 -1.634661912e-05)
(1.500180881 -8.378566239e-06 -1.469473448e-05)
(1.50017734 -1.467725806e-05 -1.327582007e-05)
(1.500167497 -1.673681608e-05 -1.120276023e-05)
(1.500004417 -8.031210997e-05 5.339532944e-06)
(1.500024394 -0.000245770743 1.725100681e-05)
(1.50007599 -0.0004402773838 3.636505529e-05)
(1.50017316 -0.0006854867741 6.955344702e-05)
(1.500343292 -0.0009989036418 0.0001261495817)
(1.500631597 -0.001386928688 0.0002166770714)
(1.50110317 -0.001833031393 0.0003498199986)
(1.50182739 -0.002263311734 0.0005149792803)
(1.502843696 -0.002537534429 0.0006730378951)
(1.50407627 -0.002420618128 0.0007218659728)
(1.505233687 -0.001768957451 0.0005731242235)
(1.505957988 -0.0006540818652 0.0002548512083)
(1.506010139 0.0005292493666 -9.823712974e-05)
(1.50544034 0.00157515062 -0.0004078242094)
(1.504417646 0.002268233401 -0.0006009260288)
(1.503175096 0.002488211495 -0.0006336006635)
(1.502044247 0.002227928861 -0.0004936465525)
(1.501281062 0.001723004048 -0.0002849778754)
(1.500904192 0.001289639203 -0.0001472399144)
(1.500692415 0.0009781185739 -7.886057706e-05)
(1.500532803 0.0007268037475 -3.565596378e-05)
(1.5004248 0.0005221289111 -5.688262982e-06)
(1.500369244 0.0003765109979 9.482296228e-06)
(1.500339797 0.0002760662508 1.565889003e-05)
(1.500320801 0.0002076777486 1.806773109e-05)
(1.500307506 0.000159041453 1.902103892e-05)
(1.500299436 0.0001263510461 1.892401503e-05)
(1.50029471 0.000104339253 1.819387534e-05)
(1.500291856 9.03455157e-05 1.720132118e-05)
(1.500290003 8.193739808e-05 1.617358152e-05)
(1.500288742 7.750983737e-05 1.51623103e-05)
(1.500289025 7.663312918e-05 1.444599946e-05)
(1.500000598 -8.505186448e-05 7.42809546e-06)
(1.500005776 -0.0002614640182 2.430232448e-05)
(1.500021269 -0.0004747527052 5.279533747e-05)
(1.500062497 -0.0007545769598 0.0001047494396)
(1.500162615 -0.001131104569 0.000198219707)
(1.500380887 -0.001626709865 0.0003559377923)
(1.500820133 -0.002242196443 0.0006028327434)
(1.501611295 -0.002891317772 0.0009252195673)
(1.502879879 -0.003384476146 0.001257680599)
(1.504562687 -0.003303097372 0.001359353098)
(1.506184747 -0.002403279917 0.001053460063)
(1.507165885 -0.000859130258 0.0004333435659)
(1.507196363 0.0007823199662 -0.000238279173)
(1.506389577 0.002199746753 -0.0008225030663)
(1.504964827 0.003112334836 -0.001196156719)
(1.503278686 0.003323990731 -0.001262803551)
(1.501806399 0.002815436634 -0.0009696879838)
(1.500980178 0.002030574548 -0.0005760508139)
(1.500703179 0.001445778195 -0.0003458145657)
(1.500579847 0.001053013704 -0.0002313662824)
(1.50048016 0.0007420762134 -0.0001502738866)
(1.500423607 0.0004965871894 -9.102315141e-05)
(1.500411538 0.000329200846 -5.89097853e-05)
(1.500414324 0.0002150721234 -4.292584397e-05)
(1.500416865 0.000138554398 -3.414009061e-05)
(1.500418682 8.373371601e-05 -2.844162577e-05)
(1.500420945 4.802798496e-05 -2.497313099e-05)
(1.500423588 2.272170484e-05 -2.253196701e-05)
(1.500425559 8.014209582e-06 -2.061059283e-05)
(1.500427068 -2.745094815e-06 -1.807786411e-05)
(1.500428661 -6.984603638e-06 -1.641788577e-05)
(1.500423752 -9.212995905e-06 -1.339723643e-05)
(1.499997243 -8.128803241e-05 9.985761953e-06)
(1.499983104 -0.0002511426585 3.285825393e-05)
(1.499953264 -0.0004631623526 7.3573734e-05)
(1.499920152 -0.0007543262312 0.0001518085182)
(1.49991773 -0.00117056935 0.000301019017)
(1.500014925 -0.001759787399 0.0005677242936)
(1.500363596 -0.002561354709 0.001015585321)
(1.501186092 -0.003490362358 0.00163524345)
(1.502784963 -0.004321437202 0.002331369168)
(1.505138908 -0.004308881977 0.002524182995)
(1.507435812 -0.003104752792 0.001897727079)
(1.508764977 -0.001062525689 0.0007220333005)
(1.508747319 0.001075917554 -0.000493259618)
(1.50759456 0.002938801684 -0.001540864363)
(1.505550763 0.00411753181 -0.002173944282)
(1.503251731 0.004288948002 -0.002203465748)
(1.501282342 0.003404317224 -0.001512317206)
(1.500457939 0.002317735932 -0.0007527850832)
(1.50036568 0.001638715514 -0.0003830698895)
(1.500373055 0.001208609802 -0.0002221381754)
(1.500358582 0.0008739429465 -0.0001164505589)
(1.500372613 0.0006258647188 -4.601864812e-05)
(1.500415873 0.0004663476948 -1.081131869e-05)
(1.500457497 0.0003631620456 7.117376169e-06)
(1.500486327 0.0002929844961 1.846637718e-05)
(1.500506069 0.0002460700837 2.711047837e-05)
(1.500521959 0.0002139924689 3.368272193e-05)
(1.500533086 0.0001937227841 3.775759474e-05)
(1.500541604 0.0001796691506 4.151240892e-05)
(1.500548779 0.0001716340651 4.332460384e-05)
(1.500553325 0.000168426888 4.453659724e-05)
(1.500559815 0.0001678221444 4.570824297e-05)
(1.49999251 -6.793110756e-05 1.258073397e-05)
(1.499958484 -0.0002108433212 4.192158082e-05)
(1.499878379 -0.0003951343483 9.684141957e-05)
(1.499756562 -0.0006604952911 0.0002079818958)
(1.49961829 -0.001066143226 0.0004336515434)
(1.499528363 -0.001690126704 0.0008648313351)
(1.499695665 -0.002640130393 0.001646585325)
(1.500463913 -0.003873065772 0.002798541682)
(1.502482917 -0.005180453297 0.004230722162)
(1.505803711 -0.005247266307 0.00453805346)
(1.509006489 -0.003648135305 0.003257608561)
(1.51075849 -0.001098577028 0.001080374514)
(1.510692101 0.001499179053 -0.001114375919)
(1.509104837 0.003802221556 -0.003030359659)
(1.506235126 0.00527234657 -0.004173423802)
(1.503059761 0.005340431491 -0.004109830009)
(1.500510786 0.00381354552 -0.002621753747)
(1.499856289 0.002351795765 -0.001286920812)
(1.500033428 0.001589426333 -0.0006648882658)
(1.500192919 0.001126693414 -0.000350062353)
(1.500273288 0.0007661452521 -0.0001469248122)
(1.500362724 0.000521889001 -4.036064683e-05)
(1.500459483 0.000373687627 -1.55298613e-05)
(1.500535264 0.0002767373524 -1.589936263e-05)
(1.500581387 0.0002149608435 -2.331701249e-05)
(1.500614497 0.0001713815727 -3.326812675e-05)
(1.500637746 0.0001436339339 -4.239662365e-05)
(1.50065564 0.0001232040323 -4.945216352e-05)
(1.500667584 0.0001097292447 -5.331373132e-05)
(1.50067658 9.870125247e-05 -5.502169966e-05)
(1.500682993 9.177164827e-05 -5.510400228e-05)
(1.500682437 8.524538134e-05 -5.418389708e-05)
(1.499988575 -4.5328872e-05 1.47885918e-05)
(1.499936669 -0.0001412232761 4.975397754e-05)
(1.499810417 -0.0002682069892 0.000117949218)
(1.499600565 -0.0004587438614 0.0002622825495)
(1.499311276 -0.0007681196545 0.0005748406682)
(1.498973013 -0.001286034247 0.00121559197)
(1.498834292 -0.00217349419 0.002499436212)
(1.499371801 -0.00351668136 0.004536169764)
(1.501902148 -0.005314982762 0.007378343353)
(1.506578975 -0.00569495011 0.007769222469)
(1.510963983 -0.004041915189 0.005170144128)
(1.51308771 -0.001486084331 0.001374592404)
(1.512934603 0.001154943971 -0.002387195696)
(1.510838365 0.003605209613 -0.005699930639)
(1.50695075 0.00538827004 -0.007640051457)
(1.502454268 0.00576508078 -0.007202386098)
(1.499114609 0.003953096058 -0.003737650277)
(1.498947485 0.002424971468 -0.001626206564)
(1.499555574 0.001745753301 -0.0009270425199)
(1.499892545 0.001364224877 -0.000558282818)
(1.500084206 0.001050901754 -0.0002385044136)
(1.500270616 0.0008410762705 -3.90602128e-05)
(1.500431392 0.0007244828314 5.825036936e-05)
(1.500540324 0.0006478118664 0.000128944499)
(1.500607334 0.0005969641234 0.0001687582804)
(1.500659718 0.0005655165413 0.0001928532372)
(1.500692568 0.0005489642906 0.0002072281746)
(1.500719493 0.0005394877776 0.0002166242131)
(1.500733068 0.0005341688686 0.0002221983276)
(1.50074768 0.0005312339535 0.0002246641362)
(1.500753927 0.000530454856 0.0002248952868)
(1.500771418 0.0005298841062 0.0002238197579)
(1.499986258 -1.548518705e-05 1.607556443e-05)
(1.499923751 -4.939703273e-05 5.435808902e-05)
(1.499769049 -9.473359143e-05 0.0001305648572)
(1.499501546 -0.0001645094529 0.0002967670096)
(1.499101457 -0.0002822874819 0.0006699896446)
(1.498548784 -0.0004911170747 0.001486452791)
(1.498056848 -0.0008801962952 0.003250880488)
(1.498092439 -0.001536835364 0.006471794053)
(1.500894955 -0.00257579902 0.01151748943)
(1.506932585 -0.002919519659 0.01214668014)
(1.512567839 -0.002189234798 0.007889436788)
(1.515101683 -0.00101261563 0.002181780524)
(1.514973707 0.0002217226013 -0.003324426543)
(1.512639873 0.001423435419 -0.008307033841)
(1.508114959 0.00239118981 -0.01147227137)
(1.502279282 0.002735523962 -0.01133684611)
(1.498108589 0.00190299429 -0.005196631221)
(1.498252855 0.001101866436 -0.001078177176)
(1.499299963 0.0006854008274 -0.0001292709776)
(1.499779363 0.0004248450858 0.0001642421735)
(1.499996158 0.0002347936479 0.0002722052948)
(1.500227349 8.300239355e-05 0.0002567144685)
(1.500444742 -3.68520361e-05 0.0001742865338)
(1.500580284 -0.0001258428028 9.814552277e-05)
(1.500658877 -0.0001939537264 4.57404392e-05)
(1.500716884 -0.0002546928602 7.381121741e-06)
(1.500755034 -0.0003030125546 -1.652005372e-05)
(1.500783243 -0.000348576284 -3.142645343e-05)
(1.500800097 -0.00038349443 -3.778924686e-05)
(1.500814447 -0.0004209010442 -3.847190048e-05)
(1.500822748 -0.0004456897485 -3.707263336e-05)
(1.500824445 -0.0004816157507 -2.940943772e-05)
(1.499986255 1.588818339e-05 1.605460018e-05)
(1.499923726 5.059827765e-05 5.428697674e-05)
(1.499768987 9.665080455e-05 0.0001304418838)
(1.49950121 0.0001670048265 0.0002964824242)
(1.499100737 0.00028453288 0.0006698360238)
(1.498545253 0.0004920489535 0.0014860398)
(1.498049649 0.0008728285953 0.003256807817)
(1.498064415 0.00151662859 0.006488169995)
(1.500858407 0.002504924184 0.0116169882)
(1.506917779 0.002827246484 0.01224780459)
(1.512575522 0.002097239849 0.007955067525)
(1.515109887 0.0009227330127 0.002242128563)
(1.514979681 -0.0003112103432 -0.003273226354)
(1.512637617 -0.001511725889 -0.008251536267)
(1.508082196 -0.002504913513 -0.01142572741)
(1.502202899 -0.002903451631 -0.01121174996)
(1.497975335 -0.002200374342 -0.004933645223)
(1.498080548 -0.001535588906 -0.0006261945003)
(1.499081744 -0.001240393638 0.0005165852429)
(1.499575873 -0.001050819886 0.001055291902)
(1.499843151 -0.0008955258921 0.001375080106)
(1.50008845 -0.0007877923018 0.001545785824)
(1.500329566 -0.0006936724104 0.001541658266)
(1.500475818 -0.0006294427851 0.001525799603)
(1.500563078 -0.000581481076 0.001502761507)
(1.500625574 -0.0005414935396 0.00147448177)
(1.500673699 -0.0005130238098 0.001444111177)
(1.500707211 -0.0004928857765 0.001414451847)
(1.500731584 -0.0004777046313 0.001386407014)
(1.500752124 -0.0004658678924 0.001360312041)
(1.500765254 -0.0004571441047 0.001337021181)
(1.500829021 -0.0004507453467 0.001317185132)
(1.499988567 4.572506853e-05 1.47289788e-05)
(1.499936616 0.000142405424 4.956252388e-05)
(1.499810228 0.0002701503501 0.0001175794221)
(1.499599876 0.0004613334538 0.0002616171257)
(1.499309464 0.0007712308044 0.0005740402404)
(1.498967548 0.001289022094 0.001214944165)
(1.498823385 0.002177303889 0.002503569511)
(1.499347324 0.003520625871 0.004548575001)
(1.501880662 0.005336595809 0.007433999109)
(1.506575289 0.00572855868 0.007819156656)
(1.510966505 0.004069576745 0.00521324025)
(1.513081793 0.001511075234 0.001433609905)
(1.512927969 -0.001137692086 -0.002327598749)
(1.510822293 -0.003594496058 -0.005639147379)
(1.506926113 -0.005370480674 -0.007566535182)
(1.502398552 -0.00573037674 -0.007075594091)
(1.499061096 -0.003881386359 -0.003599068079)
(1.498912759 -0.002255746218 -0.001386888985)
(1.499595757 -0.001461399276 -0.0006836469199)
(1.49999393 -0.0009515465464 -0.0003870812521)
(1.500190308 -0.0005581612515 -0.0002058686893)
(1.500365203 -0.0002931537617 -0.0001581827929)
(1.500513822 -0.0001360825522 -0.000183753299)
(1.500613894 -3.215603588e-05 -0.0002203521764)
(1.500671656 3.792914218e-05 -0.0002507933396)
(1.50071089 8.837219202e-05 -0.0002777882877)
(1.500738133 0.0001237864449 -0.0002996949338)
(1.500756495 0.000149727857 -0.000315820735)
(1.500768189 0.0001685544079 -0.000327954647)
(1.500776085 0.0001840011532 -0.0003369380474)
(1.500782328 0.0001927947319 -0.000342362006)
(1.500770075 0.0002036530465 -0.0003456046348)
(1.499992501 6.831262062e-05 1.249160364e-05)
(1.499958428 0.0002119884435 4.163900977e-05)
(1.499878174 0.0003970600589 9.629260586e-05)
(1.499755894 0.0006632257127 0.0002070202627)
(1.499616616 0.001069892434 0.0004322406762)
(1.499524147 0.001695248379 0.0008629297118)
(1.499687863 0.002648960265 0.001646190289)
(1.500449323 0.003887396335 0.002800635647)
(1.502467669 0.005210980424 0.004249588719)
(1.505794926 0.005279187819 0.004559840544)
(1.509001191 0.003675740947 0.003280648968)
(1.510752479 0.001130497623 0.001105080094)
(1.510687382 -0.001463657565 -0.001093372746)
(1.509095839 -0.003762823715 -0.003010563049)
(1.506219026 -0.005222982578 -0.00415170808)
(1.503030863 -0.005268840871 -0.004072589558)
(1.500484837 -0.003722128039 -0.002584834822)
(1.499827022 -0.002214423952 -0.001215347123)
(1.500025679 -0.001454690932 -0.0005949370181)
(1.500173188 -0.001058431192 -0.0003028797467)
(1.500229194 -0.0007604202595 -8.188269714e-05)
(1.500301165 -0.0005745682883 4.558773897e-05)
(1.500389147 -0.0004716969269 0.0001132888427)
(1.500466087 -0.0004055648742 0.0001270725553)
(1.500516527 -0.000363353005 0.0001334002879)
(1.500551553 -0.0003380666128 0.000131448469)
(1.50058011 -0.0003197738041 0.0001239022333)
(1.500599238 -0.0003086832794 0.0001131307481)
(1.500612341 -0.0003025175279 0.0001015929976)
(1.500627767 -0.0002992413724 8.527085527e-05)
(1.50062931 -0.0002982695795 7.548569855e-05)
(1.500681355 -0.0002983792542 5.896118749e-05)
(1.499997237 8.164356997e-05 9.87782856e-06)
(1.499983067 0.0002522150595 3.251864566e-05)
(1.499953123 0.0004649941308 7.291958083e-05)
(1.499919701 0.0007570070737 0.0001506784242)
(1.499916608 0.001174394558 0.0002992431021)
(1.50001231 0.001765260195 0.0005650978919)
(1.500358806 0.002570170118 0.001012635395)
(1.501177888 0.003503880516 0.001632432971)
(1.502775813 0.004344882879 0.002333172596)
(1.505133428 0.004337312701 0.002527095125)
(1.507433096 0.003136515361 0.001899889664)
(1.508763135 0.001098927886 0.0007231612816)
(1.508745767 -0.001035820285 -0.0004943553487)
(1.507589585 -0.002896242928 -0.001544713144)
(1.505543107 -0.004068862917 -0.002181806138)
(1.50323365 -0.004226947679 -0.00220983049)
(1.501263988 -0.003335260322 -0.001525392239)
(1.500429519 -0.002225314729 -0.0007477129087)
(1.500350905 -0.001541430656 -0.0003742423571)
(1.500371571 -0.001111680309 -0.0002185374128)
(1.50036574 -0.0007542342883 -0.0001199499035)
(1.500388007 -0.0004696161269 -6.630826785e-05)
(1.500438537 -0.0002710976335 -5.305119645e-05)
(1.500484412 -0.0001275124555 -6.166017863e-05)
(1.500516086 -2.819938337e-05 -7.238589131e-05)
(1.500536194 5.098077287e-05 -8.441017275e-05)
(1.500548608 0.0001047335289 -9.535810008e-05)
(1.500558305 0.0001507261394 -0.0001050611711)
(1.500564292 0.0001804635523 -0.0001127834323)
(1.500568092 0.000209474331 -0.0001192823407)
(1.500571748 0.0002257709727 -0.0001241555643)
(1.500557784 0.0002458075482 -0.0001276912921)
(1.500000597 8.536977348e-05 7.311004347e-06)
(1.500005765 0.0002624245813 2.393876259e-05)
(1.500021214 0.0004764023189 5.210245277e-05)
(1.500062286 0.0007570147125 0.0001035757936)
(1.500162036 0.001134574759 0.0001963662378)
(1.500379524 0.001631631085 0.0003531523476)
(1.500817625 0.002249597647 0.0005991013144)
(1.501607275 0.002902253015 0.0009205430771)
(1.502875345 0.003401390862 0.001253272556)
(1.504559742 0.00332443617 0.0013546292)
(1.506183273 0.002426881996 0.001047678576)
(1.507164686 0.0008847058409 0.0004266121176)
(1.507195326 -0.0007546094024 -0.0002469209059)
(1.506386388 -0.002170363113 -0.0008343386882)
(1.504960821 -0.003078426673 -0.001211164307)
(1.503268103 -0.003281960135 -0.001279652482)
(1.501796005 -0.002768180615 -0.0009917685168)
(1.500965569 -0.001964335663 -0.0005928817999)
(1.500698113 -0.001367319156 -0.0003647422889)
(1.50058237 -0.0009723022669 -0.0002573025814)
(1.500481468 -0.000663660489 -0.0001806269636)
(1.500419215 -0.0004253166694 -0.0001219155222)
(1.500401687 -0.0002696676089 -8.791104611e-05)
(1.500399982 -0.0001735423632 -6.937945545e-05)
(1.500398724 -0.0001117136655 -5.796670678e-05)
(1.500397326 -7.300590498e-05 -5.060689185e-05)
(1.500397594 -4.893785531e-05 -4.682610211e-05)
(1.500398881 -3.62851651e-05 -4.57882138e-05)
(1.500400148 -2.982769094e-05 -4.667798554e-05)
(1.500401959 -2.877582842e-05 -4.821074696e-05)
(1.500400198 -2.972159942e-05 -5.083458577e-05)
(1.500421254 -3.334970289e-05 -5.538323708e-05)
(1.50000442 8.058227081e-05 5.221516524e-06)
(1.500024407 0.0002465867881 1.688521793e-05)
(1.500076013 0.0004416795675 3.568000309e-05)
(1.500173149 0.0006875584217 6.841834849e-05)
(1.50034314 0.001001821666 0.0001243820145)
(1.500631109 0.001390989437 0.000214045241)
(1.501102172 0.001838828947 0.0003461468254)
(1.501825777 0.002271497063 0.000510126268)
(1.502841852 0.002549129956 0.0006672766639)
(1.504075117 0.002435230245 0.0007151473639)
(1.505233399 0.001785557569 0.0005651667515)
(1.505958229 0.0006722526997 0.000245374595)
(1.506010472 -0.0005087301303 -0.000109412055)
(1.505440033 -0.001552651194 -0.0004216318584)
(1.50441562 -0.00224274629 -0.0006175740858)
(1.50317112 -0.002457548933 -0.0006532515364)
(1.502038898 -0.002192524739 -0.000517642976)
(1.501273308 -0.001677416721 -0.0003093354254)
(1.500899129 -0.001238143022 -0.000173066415)
(1.500690294 -0.0009281426277 -0.0001072025859)
(1.500531736 -0.0006809288353 -6.508367238e-05)
(1.500422595 -0.0004734514992 -3.513336582e-05)
(1.50036923 -0.0003257762828 -2.182278701e-05)
(1.500341243 -0.0002158736362 -1.851233264e-05)
(1.500324259 -0.0001402548105 -1.958604941e-05)
(1.500311795 -7.864224347e-05 -2.211158962e-05)
(1.500305185 -3.701420784e-05 -2.544525579e-05)
(1.500301078 -5.46343968e-07 -2.987252093e-05)
(1.500299158 2.213630689e-05 -3.331067918e-05)
(1.500296519 4.47883349e-05 -3.705901724e-05)
(1.500296233 5.666410703e-05 -3.927592018e-05)
(1.500285928 7.127892272e-05 -4.214045106e-05)
(1.500006906 6.897102505e-05 3.616063485e-06)
(1.500038265 0.0002103988533 1.158078657e-05)
(1.500116469 0.0003728478482 2.382987361e-05)
(1.500252596 0.0005709641122 4.418321985e-05)
(1.500466902 0.0008138544029 7.72841787e-05)
(1.500791191 0.001099902691 0.0001277626237)
(1.501264144 0.001408738658 0.0001981156447)
(1.501917226 0.001684031433 0.0002812968319)
(1.502749578 0.001831223168 0.0003556711542)
(1.503685671 0.00171705517 0.0003768639846)
(1.504537242 0.001261211543 0.0003026436392)
(1.505082029 0.0004848892468 0.0001372816154)
(1.505139327 -0.0003325374961 -5.092597259e-05)
(1.50473578 -0.001065507116 -0.0002208521253)
(1.503981997 -0.001558880903 -0.0003317842228)
(1.503057347 -0.001736439168 -0.000365027161)
(1.502160055 -0.00160177252 -0.0003175344202)
(1.501479498 -0.001280286534 -0.0002255139595)
(1.501058944 -0.0009656271679 -0.0001558415073)
(1.500790824 -0.0007227452899 -0.0001199983657)
(1.500588001 -0.0005218668431 -9.603714381e-05)
(1.500442055 -0.000354499706 -7.71964739e-05)
(1.500350197 -0.0002291056095 -6.543663347e-05)
(1.500292494 -0.0001424796429 -5.891614186e-05)
(1.500251365 -8.160987678e-05 -5.442593867e-05)
(1.500222802 -4.077005249e-05 -5.098909163e-05)
(1.500201766 -1.176539334e-05 -4.833524282e-05)
(1.500188975 4.364421359e-06 -4.679834246e-05)
(1.500178425 1.616775883e-05 -4.550127047e-05)
(1.500172086 1.965693465e-05 -4.480886893e-05)
(1.500164415 2.110018916e-05 -4.409028863e-05)
(1.500163981 1.981986426e-05 -4.436701912e-05)
(1.500008612 5.244716249e-05 2.496427225e-06)
(1.500047785 0.0001596239621 7.935257209e-06)
(1.500143975 0.0002806225474 1.592790026e-05)
(1.500305266 0.0004245331537 2.859696367e-05)
(1.500545536 0.0005954971752 4.825017255e-05)
(1.500886208 0.000789233358 7.682339133e-05)
(1.501348647 0.0009884506308 0.0001147075089)
(1.50194275 0.001154410585 0.0001572582842)
(1.502647726 0.00122885014 0.0001934014509)
(1.503396276 0.001137161998 0.0002022699163)
(1.504059467 0.000830535292 0.0001630615425)
(1.504476606 0.0003209027731 7.549807518e-05)
(1.504530797 -0.0002097423891 -2.468831016e-05)
(1.504234471 -0.0006928665863 -0.0001174734853)
(1.503653941 -0.001024786789 -0.0001795445107)
(1.502929403 -0.001160207513 -0.000200463353)
(1.502186066 -0.001104385814 -0.0001788617233)
(1.501574529 -0.0009229390269 -0.0001307625756)
(1.501140777 -0.0007243322276 -8.840504397e-05)
(1.50083394 -0.0005583137514 -6.264429306e-05)
(1.500604544 -0.0004215255188 -4.562680322e-05)
(1.500431551 -0.0003044786092 -3.165264417e-05)
(1.500317626 -0.0002175763446 -2.468294278e-05)
(1.500238287 -0.0001527996341 -2.100207834e-05)
(1.500185861 -0.000108739933 -1.937564926e-05)
(1.500145744 -7.371349767e-05 -1.874576884e-05)
(1.500121202 -5.089791674e-05 -1.890524333e-05)
(1.500101694 -3.169087613e-05 -1.972042315e-05)
(1.500091013 -2.073161938e-05 -2.048091333e-05)
(1.500080364 -9.703958316e-06 -2.162184545e-05)
(1.50007581 -4.300292886e-06 -2.233502537e-05)
(1.500065218 1.874800431e-06 -2.3482147e-05)
(1.500009656 3.267779363e-05 1.80299346e-06)
(1.500053617 9.930372044e-05 5.695214614e-06)
(1.500160701 0.0001736647919 1.11809888e-05)
(1.500336666 0.0002606240169 1.949540767e-05)
(1.500590776 0.0003617849424 3.18272452e-05)
(1.500937641 0.0004734265071 4.895996557e-05)
(1.501388252 0.0005846232055 7.058718737e-05)
(1.501941752 0.0006724778734 9.373131477e-05)
(1.502566652 0.0007077544626 0.000112123582)
(1.503208156 0.000649623367 0.0001156164706)
(1.503766996 0.0004702427638 9.264495545e-05)
(1.504099493 0.0001827685991 4.285486567e-05)
(1.504142777 -0.0001109267925 -1.258101062e-05)
(1.503911689 -0.0003874748095 -6.714928448e-05)
(1.503438288 -0.0005790059706 -0.0001051867257)
(1.502828626 -0.0006615084175 -0.0001203928554)
(1.502187333 -0.0006391300508 -0.0001130987639)
(1.501626182 -0.0005442217317 -9.136573554e-05)
(1.50119333 -0.000430926115 -7.016363904e-05)
(1.500868853 -0.0003309164076 -5.660840036e-05)
(1.500621668 -0.0002459846803 -4.772823067e-05)
(1.500434811 -0.0001732208152 -4.110167143e-05)
(1.500304749 -0.0001169504418 -3.696322539e-05)
(1.500211552 -7.442109789e-05 -3.465468315e-05)
(1.50014831 -4.459138272e-05 -3.341341835e-05)
(1.500100083 -2.149474862e-05 -3.240826193e-05)
(1.500069194 -6.152418848e-06 -3.170165222e-05)
(1.500044195 5.797587277e-06 -3.111416531e-05)
(1.500029775 1.251695687e-05 -3.070976028e-05)
(1.500015273 1.757629716e-05 -3.027606642e-05)
(1.500008332 2.022643899e-05 -3.003227926e-05)
(1.499996117 2.04978604e-05 -2.979953231e-05)
(1.500010147 1.108729707e-05 1.474221832e-06)
(1.500056364 3.366735303e-05 4.638010437e-06)
(1.500168535 5.872617295e-05 8.972699278e-06)
(1.500351193 8.778018706e-05 1.533699647e-05)
(1.500611155 0.0001212335716 2.447320467e-05)
(1.500959916 0.0001576313201 3.674840764e-05)
(1.501402913 0.000193468315 5.169923519e-05)
(1.501937841 0.0002206531643 6.700554666e-05)
(1.502519195 0.0002321884739 7.869873996e-05)
(1.503133576 0.0002087939899 7.912747547e-05)
(1.503612747 0.000159519755 6.575541261e-05)
(1.503959168 4.078871683e-05 2.089078339e-05)
(1.503958773 -3.608967754e-05 -9.9549395e-06)
(1.503752442 -0.0001244011911 -4.756932753e-05)
(1.503329977 -0.0001865274809 -7.525311963e-05)
(1.502773649 -0.0002139323451 -8.736702277e-05)
(1.502181124 -0.0002086145191 -8.439775385e-05)
(1.501642335 -0.0001803579395 -7.112166367e-05)
(1.501213147 -0.0001456633688 -5.628352355e-05)
(1.500879197 -0.0001144318633 -4.506616091e-05)
(1.500624204 -8.834400867e-05 -3.714137425e-05)
(1.500429737 -6.631215939e-05 -3.112528515e-05)
(1.500292484 -4.977912517e-05 -2.71737343e-05)
(1.500191681 -3.776833849e-05 -2.472082212e-05)
(1.500123931 -2.949035751e-05 -2.327075233e-05)
(1.500071412 -2.34270202e-05 -2.246672405e-05)
(1.500038852 -2.005996194e-05 -2.215120156e-05)
(1.500011617 -1.801928872e-05 -2.205210573e-05)
(1.499996491 -1.681291347e-05 -2.207149564e-05)
(1.499980738 -1.576310374e-05 -2.220352665e-05)
(1.499973768 -1.531113942e-05 -2.233517655e-05)
(1.499960607 -1.461101945e-05 -2.254335447e-05)
(1.500010212 -1.095660036e-05 1.333799201e-06)
(1.500056719 -3.325331916e-05 4.188284826e-06)
(1.500169558 -5.789807871e-05 8.062458519e-06)
(1.500353241 -8.629002633e-05 1.370192534e-05)
(1.500614474 -0.0001186997932 2.17459526e-05)
(1.500964474 -0.0001535305143 3.249675412e-05)
(1.501408022 -0.0001872288741 4.554958993e-05)
(1.501942 -0.0002119415544 5.889058089e-05)
(1.502519521 -0.0002213292988 6.921729541e-05)
(1.503128295 -0.0001971531968 7.00402955e-05)
(1.503598837 -0.0001495860126 5.959421357e-05)
(1.503939943 -3.580179152e-05 2.319070594e-05)
(1.503936517 3.634709664e-05 -1.728010628e-06)
(1.503733407 0.0001202698519 -3.204196349e-05)
(1.503317969 0.0001797604898 -5.371473835e-05)
(1.502769453 0.000206738008 -6.230207951e-05)
(1.502184024 0.0002031238686 -5.838176224e-05)
(1.501649096 0.0001778857256 -4.611374185e-05)
(1.501219175 0.0001454734628 -3.272692676e-05)
(1.500883258 0.0001152374713 -2.248808748e-05)
(1.500626593 8.950846065e-05 -1.519618695e-05)
(1.500431922 6.782661294e-05 -9.715233017e-06)
(1.50029391 5.136733309e-05 -6.087528555e-06)
(1.500192962 3.921875906e-05 -3.730218862e-06)
(1.500124998 3.130643891e-05 -2.332619717e-06)
(1.500072731 2.516605335e-05 -1.422479568e-06)
(1.500040269 2.129740983e-05 -1.149625691e-06)
(1.500013215 1.935238859e-05 -1.043099054e-06)
(1.499998253 1.843408575e-05 -9.958390105e-07)
(1.499982765 1.819890465e-05 -1.031656782e-06)
(1.499975862 1.828921292e-05 -1.061671416e-06)
(1.49996329 1.891841391e-05 -1.155037933e-06)
(1.500009748 -3.22754741e-05 1.613729606e-06)
(1.500054119 -9.802560162e-05 5.088155721e-06)
(1.500162168 -0.0001710840272 9.939888333e-06)
(1.500339662 -0.000255924287 1.723178528e-05)
(1.500595759 -0.0003536725043 2.79690833e-05)
(1.500944719 -0.0004601325921 4.279347981e-05)
(1.501396602 -0.0005641376985 6.137781219e-05)
(1.5019492 -0.0006435048916 8.113852162e-05)
(1.502568949 -0.0006711543302 9.676235522e-05)
(1.503201676 -0.0006101312163 9.991040883e-05)
(1.503749159 -0.0004370116166 8.155264499e-05)
(1.5040724 -0.0001643079796 4.101262431e-05)
(1.504112571 0.0001113901741 -3.833049093e-06)
(1.503886641 0.0003728806309 -4.77691716e-05)
(1.503423339 0.0005552722669 -7.761985754e-05)
(1.502824794 0.0006362494024 -8.841784821e-05)
(1.502193832 0.0006204401737 -8.073608364e-05)
(1.501636444 0.0005369493838 -6.142838404e-05)
(1.501202348 0.0004331946663 -4.266207463e-05)
(1.50087306 0.0003376900838 -3.016312871e-05)
(1.500624474 0.0002559737176 -2.196033491e-05)
(1.500436477 0.0001855353953 -1.592418814e-05)
(1.500306158 0.0001311156331 -1.221737188e-05)
(1.500211915 8.909743926e-05 -1.019333204e-05)
(1.500149029 6.012179614e-05 -9.111584744e-06)
(1.500100998 3.623083114e-05 -8.414107151e-06)
(1.500070633 2.168141621e-05 -7.958017574e-06)
(1.500045884 8.390800788e-06 -7.617907341e-06)
(1.500031943 1.600866129e-06 -7.41067331e-06)
(1.500017769 -5.758774357e-06 -7.183929299e-06)
(1.500011507 -8.52453168e-06 -7.018218312e-06)
(1.499998358 -1.162819277e-05 -6.828135679e-06)
(1.500008763 -5.174579437e-05 2.203180488e-06)
(1.500048615 -0.0001573827145 6.991646653e-06)
(1.500146452 -0.0002760153682 1.396706463e-05)
(1.500310452 -0.0004159437451 2.493566497e-05)
(1.50055444 -0.000580267466 4.181807912e-05)
(1.500899376 -0.0007635591559 6.616340065e-05)
(1.501364987 -0.0009477631063 9.80970281e-05)
(1.501958575 -0.001095374286 0.0001335227035)
(1.502654842 -0.001153010223 0.0001630283804)
(1.503387619 -0.001054957014 0.0001698628602)
(1.504030149 -0.0007618716993 0.0001383807249)
(1.50443055 -0.0002842958073 6.723839388e-05)
(1.504481271 0.0002078542845 -1.344600189e-05)
(1.504194857 0.000658710823 -8.790680662e-05)
(1.503632139 0.0009712830533 -0.0001367395191)
(1.502927782 0.001103700463 -0.0001518986152)
(1.502201472 0.001061748902 -0.0001328055022)
(1.501597208 0.0009038499221 -9.297567686e-05)
(1.501157706 0.000721900974 -5.739009324e-05)
(1.500843257 0.0005632703941 -3.492176497e-05)
(1.500609437 0.0004301463804 -1.956002168e-05)
(1.500435967 0.0003173769559 -7.956847342e-06)
(1.500319507 0.0002315565908 -6.248736968e-07)
(1.500239573 0.0001680142676 3.566184593e-06)
(1.500185841 0.0001238627097 5.461337306e-06)
(1.500146116 9.076139465e-05 6.362384529e-06)
(1.500120372 6.870634775e-05 6.811296628e-06)
(1.500100914 5.219391547e-05 6.754152404e-06)
(1.50008936 4.272646766e-05 6.549980545e-06)
(1.500078731 3.548725067e-05 6.156872124e-06)
(1.500073451 3.256901129e-05 5.736305506e-06)
(1.500066571 3.061453331e-05 5.115903753e-06)
(1.500007162 -6.793754645e-05 3.152724927e-06)
(1.500039685 -0.0002070642651 1.008161427e-05)
(1.500120778 -0.0003658148534 2.064977137e-05)
(1.500261844 -0.0005574179597 3.807298951e-05)
(1.500483305 -0.0007889059868 6.615420002e-05)
(1.500816379 -0.001056180513 0.00010854136)
(1.501296935 -0.00133658928 0.0001667165795)
(1.501950475 -0.001575860636 0.0002342962883)
(1.502768347 -0.001687643207 0.0002926763861)
(1.503668005 -0.001562568639 0.0003079755741)
(1.504483546 -0.001133018853 0.0002481453543)
(1.504998151 -0.0004213333625 0.0001147974718)
(1.505051384 0.0003218593885 -3.545645754e-05)
(1.50466753 0.000993179479 -0.0001699795981)
(1.503946369 0.001450752804 -0.0002557672203)
(1.503062201 0.001627134851 -0.0002791525459)
(1.502191442 0.001527064427 -0.0002385594361)
(1.501519894 0.001256476677 -0.0001637592634)
(1.501086744 0.000974988016 -0.0001060170282)
(1.500802051 0.0007435500598 -7.485587056e-05)
(1.500594876 0.0005526675427 -5.478650355e-05)
(1.500444918 0.0003912759357 -3.926846914e-05)
(1.500351965 0.0002715099398 -3.016331422e-05)
(1.500291261 0.0001826226893 -2.55858696e-05)
(1.500252209 0.0001224469086 -2.290978282e-05)
(1.50022274 7.563288508e-05 -2.118571709e-05)
(1.500204809 4.565160845e-05 -2.015585403e-05)
(1.500190885 2.113078402e-05 -1.947509256e-05)
(1.500183349 7.551912714e-06 -1.885836393e-05)
(1.50017568 -5.081080174e-06 -1.817691026e-05)
(1.500172546 -1.052872997e-05 -1.740702082e-05)
(1.500163906 -1.633502761e-05 -1.67145679e-05)
(1.500004851 -7.920214347e-05 4.513188707e-06)
(1.500026796 -0.0002420763953 1.455564356e-05)
(1.500083366 -0.0004318405108 3.062100321e-05)
(1.500189358 -0.0006678185165 5.837995645e-05)
(1.500372872 -0.0009637038112 0.0001052971596)
(1.5006787 -0.001320883943 0.0001794729237)
(1.501166796 -0.001717132571 0.0002864639932)
(1.501895145 -0.002081160841 0.0004161685004)
(1.502883728 -0.00228701477 0.0005346478128)
(1.504046204 -0.002149981604 0.0005669887974)
(1.505122027 -0.00156549475 0.0004494286128)
(1.505800958 -0.0005691452075 0.000195172131)
(1.505850942 0.0004734216763 -8.478844214e-05)
(1.505319741 0.001403464507 -0.0003296015773)
(1.504360145 0.002024468823 -0.0004801749571)
(1.503196106 0.002235922284 -0.0005068075043)
(1.502114517 0.002038466884 -0.0004016231854)
(1.501357806 0.001617072574 -0.0002394345925)
(1.500951294 0.001228256712 -0.0001270242707)
(1.500715552 0.0009331799997 -6.886009387e-05)
(1.50054603 0.000694008528 -3.137001673e-05)
(1.500431679 0.0004968525776 -4.55508781e-06)
(1.500370421 0.0003522238031 1.22921197e-05)
(1.500337481 0.0002494218519 1.883598241e-05)
(1.50031686 0.0001780397834 2.123239209e-05)
(1.500302579 0.0001264668048 2.220785772e-05)
(1.50029379 9.150395828e-05 2.195528763e-05)
(1.500288293 6.672042779e-05 2.092404312e-05)
(1.500284997 5.175991938e-05 1.933527061e-05)
(1.500282572 4.139159528e-05 1.720153792e-05)
(1.500280548 3.737774955e-05 1.506446945e-05)
(1.500283885 3.52822741e-05 1.239739549e-05)
(1.500001138 -8.366221498e-05 6.299756178e-06)
(1.500009539 -0.0002568026335 2.049042021e-05)
(1.500033292 -0.0004636862399 4.43527965e-05)
(1.500089729 -0.0007302517218 8.759660994e-05)
(1.500214296 -0.001079897874 0.0001644143246)
(1.500467134 -0.001525188008 0.000291933278)
(1.500942106 -0.002053308452 0.0004862065817)
(1.501748482 -0.002579601936 0.0007325861052)
(1.502965033 -0.002935146058 0.0009719806005)
(1.504506031 -0.00281662068 0.001037335717)
(1.505970212 -0.002050077211 0.0008045252423)
(1.506872401 -0.0007214620711 0.0003218575918)
(1.506907373 0.0006628627958 -0.0001908657419)
(1.506166649 0.001886641624 -0.0006377156392)
(1.50486914 0.002681883155 -0.0009149450877)
(1.503316254 0.002900679667 -0.0009626135504)
(1.501942169 0.002533505714 -0.0007505069918)
(1.501109276 0.001901440572 -0.0004567339233)
(1.500774943 0.001386583057 -0.0002797816088)
(1.500614241 0.001016478474 -0.0001941625132)
(1.500498166 0.0007236731249 -0.0001372935114)
(1.500429181 0.0004905989838 -9.684283732e-05)
(1.500407253 0.0003272889217 -7.615965023e-05)
(1.500404938 0.0002132256891 -6.717140531e-05)
(1.500405802 0.0001352382699 -6.244115293e-05)
(1.500407207 7.680907549e-05 -5.878942006e-05)
(1.500409534 3.722560216e-05 -5.60368554e-05)
(1.500412725 5.604323768e-06 -5.367731654e-05)
(1.50041535 -1.45821597e-05 -5.137442925e-05)
(1.50041766 -3.310522996e-05 -4.860510287e-05)
(1.50041959 -4.316133954e-05 -4.62038511e-05)
(1.50041681 -5.485651713e-05 -4.344994321e-05)
(1.499998427 -7.975147794e-05 8.423838055e-06)
(1.499989049 -0.0002458830336 2.766969689e-05)
(1.499971974 -0.0004500887584 6.16833122e-05)
(1.499964023 -0.0007239599382 0.0001263758811)
(1.500004603 -0.001102331465 0.0002475544232)
(1.500167681 -0.001615119691 0.0004594052183)
(1.500590859 -0.002272444606 0.0008019934985)
(1.501457647 -0.00298610144 0.001258419152)
(1.502960212 -0.003551526373 0.001734586394)
(1.505027579 -0.003484795155 0.001860444725)
(1.507039498 -0.002522802802 0.001401569648)
(1.508232506 -0.0008624119956 0.0005106623264)
(1.508237359 0.0008524781885 -0.0003975458568)
(1.50720964 0.002371273767 -0.001174408638)
(1.505437827 0.003338053408 -0.001635638826)
(1.503357835 0.003534074642 -0.001656954523)
(1.501575182 0.002926260898 -0.001170513723)
(1.500692184 0.002074812473 -0.0006058520118)
(1.500484061 0.001481516575 -0.0003112241976)
(1.500431028 0.001074417684 -0.0001746297773)
(1.500391559 0.0007455603516 -8.191631131e-05)
(1.50038677 0.0004907102446 -1.592771436e-05)
(1.500415635 0.0003191181715 1.988991239e-05)
(1.500449872 0.0002045392544 2.924954446e-05)
(1.50047396 0.0001305378694 3.194018274e-05)
(1.500491299 8.05380681e-05 3.085705275e-05)
(1.500503522 5.146589012e-05 2.689905094e-05)
(1.500514313 3.271927446e-05 2.110858382e-05)
(1.500520236 2.509891099e-05 1.589889127e-05)
(1.500527373 2.210776139e-05 6.864532152e-06)
(1.500528427 2.281110609e-05 4.667745185e-07)
(1.500550555 2.822911018e-05 -1.05351854e-05)
(1.499994006 -6.649549636e-05 1.060679452e-05)
(1.499966846 -0.0002058009037 3.527752083e-05)
(1.499905629 -0.0003819828891 8.098619398e-05)
(1.499823013 -0.0006281475315 0.000172170206)
(1.499756479 -0.0009877619078 0.0003527528699)
(1.49978612 -0.001510056274 0.0006869828005)
(1.500100384 -0.002244640197 0.001264016916)
(1.500980148 -0.003127218958 0.002072794718)
(1.502821372 -0.003949949444 0.002984308355)
(1.505581393 -0.003968402281 0.003199191663)
(1.508307321 -0.002799904442 0.002319346158)
(1.509828229 -0.0008745025876 0.0007784286905)
(1.509795217 0.001101100107 -0.0007833697443)
(1.50842299 0.002862139583 -0.002144636495)
(1.506042579 0.003979897333 -0.002956562835)
(1.503302121 0.004119887689 -0.002960460412)
(1.501031971 0.00313348188 -0.002012211551)
(1.500208147 0.001996376919 -0.001089891172)
(1.500186071 0.00132179383 -0.0006659933252)
(1.500249299 0.0009143869336 -0.0004763787164)
(1.500284962 0.0005959291 -0.0003478351275)
(1.500347111 0.000356721406 -0.0002688507085)
(1.500433113 0.0001941040636 -0.0002305958754)
(1.500506673 8.283366448e-05 -0.0002094120208)
(1.500560706 -1.352544669e-06 -0.000193522851)
(1.500595261 -6.051584992e-05 -0.000180068079)
(1.500628696 -0.0001061321346 -0.0001689193794)
(1.500646767 -0.0001400590937 -0.0001588209232)
(1.50066084 -0.0001681999471 -0.0001504102555)
(1.500670086 -0.00019167106 -0.0001420681292)
(1.500678364 -0.0002076652525 -0.0001343506364)
(1.500670661 -0.0002195307589 -0.0001242304176)
(1.499990508 -4.42826263e-05 1.246751796e-05)
(1.499947494 -0.0001375109789 4.185165988e-05)
(1.499846403 -0.0002581958674 9.846124199e-05)
(1.499692005 -0.0004328137992 0.0002161267247)
(1.499511724 -0.0007009313417 0.0004622072537)
(1.499374651 -0.001117564347 0.0009452513792)
(1.499509847 -0.00176278701 0.00184755864)
(1.500304345 -0.002643007103 0.003199062239)
(1.50250556 -0.003663001838 0.00486216562)
(1.506133007 -0.003913290023 0.005161380905)
(1.509748455 -0.002841328072 0.003493182859)
(1.511585406 -0.001057671356 0.0009994015533)
(1.511494739 0.0008162603374 -0.001473097661)
(1.50974199 0.002552209412 -0.003667431325)
(1.506628281 0.003749856086 -0.00499497708)
(1.503024445 0.004026723956 -0.004890295179)
(1.5000774 0.002960306521 -0.00292460576)
(1.499483972 0.001756671029 -0.001460837808)
(1.499776976 0.001027060098 -0.0008604791337)
(1.50002471 0.0005919045904 -0.0005475220321)
(1.500152862 0.0002967240816 -0.0003246305994)
(1.500279742 0.0001132900951 -0.0002025603592)
(1.500406241 1.968656305e-05 -0.000157574464)
(1.500506614 -2.674688219e-05 -0.0001440764809)
(1.500569087 -4.597415456e-05 -0.0001432274082)
(1.500614581 -5.097259693e-05 -0.0001501012536)
(1.500646977 -4.73789575e-05 -0.0001605393908)
(1.500674636 -3.895700368e-05 -0.0001729250377)
(1.500691962 -2.892914049e-05 -0.0001848926792)
(1.500708593 -1.600133194e-05 -0.0001991019402)
(1.50071317 -7.176166232e-06 -0.0002084253962)
(1.500759804 6.748656087e-06 -0.0002225390818)
(1.499988461 -1.514602052e-05 1.355497469e-05)
(1.499936104 -4.805234215e-05 4.571676714e-05)
(1.49981076 -9.10091173e-05 0.0001089754404)
(1.499610393 -0.0001545236257 0.0002439366903)
(1.499350276 -0.0002552509448 0.0005355931499)
(1.499077972 -0.000419061208 0.001136006443)
(1.499021835 -0.0006906814304 0.002329481376)
(1.49959857 -0.001097064376 0.004286790175)
(1.501956232 -0.0016508446 0.00705377298)
(1.506325763 -0.0018781346 0.007680169508)
(1.510769554 -0.00145559888 0.005243181108)
(1.512950062 -0.000680773932 0.0016935964)
(1.512883618 0.0001492170592 -0.001766651096)
(1.510930569 0.0009520889585 -0.004959946282)
(1.507322353 0.001553015104 -0.007174733227)
(1.50298135 0.001761721659 -0.007418328952)
(1.49930976 0.001295799064 -0.004518673839)
(1.498793014 0.0006434121244 -0.00244008415)
(1.499306647 0.0002846588903 -0.001878042835)
(1.499773767 -5.187940037e-06 -0.00149823299)
(1.500029416 -0.0002066351508 -0.001191467979)
(1.500252239 -0.0003444591649 -0.0009993501689)
(1.500453275 -0.0004298920567 -0.0008944217856)
(1.500592316 -0.0004793494962 -0.0008264070331)
(1.50067358 -0.0005096628745 -0.0007800992914)
(1.500728707 -0.0005301339203 -0.0007413786371)
(1.500766151 -0.0005379339985 -0.0007134974394)
(1.500793746 -0.0005404486587 -0.0006920451074)
(1.500808867 -0.0005401261056 -0.0006750868241)
(1.500823086 -0.0005375984233 -0.0006603689524)
(1.500827094 -0.0005334365959 -0.0006483192748)
(1.500803894 -0.0005277638874 -0.0006385326306)
(1.499988457 1.552814139e-05 1.35397701e-05)
(1.499936076 4.918313304e-05 4.566615223e-05)
(1.499810674 9.279746795e-05 0.0001088910207)
(1.499610088 0.0001567809304 0.0002437608162)
(1.499349572 0.0002573057126 0.0005355488169)
(1.4990757 0.0004198394675 0.001135933837)
(1.499017089 0.0006860990666 0.002333089197)
(1.499585069 0.001083375301 0.004294625672)
(1.501936063 0.001611880459 0.007098043304)
(1.506313509 0.001822131496 0.00774078464)
(1.51076873 0.001398432591 0.005297644682)
(1.512951464 0.0006244989543 0.001741556364)
(1.512884231 -0.0002055955082 -0.001727631913)
(1.510924939 -0.001011970542 -0.004928254619)
(1.507306653 -0.001628550619 -0.007131275016)
(1.502940554 -0.001867090702 -0.007335480404)
(1.499260592 -0.001473888836 -0.004371540632)
(1.498699401 -0.0009200565486 -0.002151925716)
(1.499208802 -0.0006111216928 -0.001450385487)
(1.499660274 -0.0003749730914 -0.0009537872748)
(1.499917236 -0.0002020488287 -0.0005433339144)
(1.500140703 -9.249549874e-05 -0.000283528654)
(1.500342991 -2.769473079e-05 -0.0001335500896)
(1.500487683 1.100499213e-05 -3.11790182e-05)
(1.500573413 3.268555025e-05 3.816631615e-05)
(1.500637885 4.615615235e-05 9.130980776e-05)
(1.500680238 5.342524844e-05 0.0001266900115)
(1.500715202 5.874305725e-05 0.0001574376253)
(1.500734881 6.1383613e-05 0.0001770668904)
(1.500756779 6.389043441e-05 0.000197875416)
(1.500764974 6.514331414e-05 0.0002092449788)
(1.500803897 6.702727634e-05 0.0002259680586)
(1.499990497 4.466026654e-05 1.242424446e-05)
(1.499947428 0.0001386357501 4.171443491e-05)
(1.499846173 0.0002600251649 9.820555264e-05)
(1.499691308 0.0004352261833 0.0002156993163)
(1.499510028 0.0007037193916 0.0004617876904)
(1.4993704 0.001120215523 0.0009451559112)
(1.499501799 0.001765197519 0.001850956961)
(1.500289104 0.0026448507 0.003208197749)
(1.50249069 0.003670280789 0.004893173676)
(1.50612825 0.003927856231 0.005192445724)
(1.509752091 0.002853982208 0.003518000749)
(1.511583152 0.001069476304 0.001032779746)
(1.511489914 -0.0008086979688 -0.001437028259)
(1.509731043 -0.002546932335 -0.003628927737)
(1.50660542 -0.003745512565 -0.004949268857)
(1.502984839 -0.004018715392 -0.004818168448)
(1.500046235 -0.002946063022 -0.002834082326)
(1.49945447 -0.001691159206 -0.001305224979)
(1.499780411 -0.0009245174558 -0.0007347935291)
(1.500066042 -0.0004207143016 -0.000487931986)
(1.500211805 -7.592994356e-05 -0.0003387664716)
(1.500353686 0.0001638412552 -0.000266968071)
(1.500489258 0.0003023278558 -0.0002461600549)
(1.500595523 0.0003909062928 -0.0002448083019)
(1.500656998 0.0004435461693 -0.0002432187597)
(1.500701265 0.0004828505885 -0.000241415998)
(1.500730897 0.0005053176307 -0.0002388229567)
(1.500757566 0.0005180697192 -0.0002345603883)
(1.500772944 0.0005253803678 -0.000229005388)
(1.500782216 0.0005292324944 -0.0002224852398)
(1.500784314 0.0005305363937 -0.0002160806779)
(1.500758229 0.0005306795041 -0.0002054962611)
(1.499993993 6.686373712e-05 1.05418604e-05)
(1.49996677 0.0002069050175 3.507297551e-05)
(1.499905365 0.0003838297549 8.059975654e-05)
(1.499822267 0.0006307466101 0.0001715242522)
(1.499754758 0.0009912311623 0.0003518939286)
(1.49978234 0.001514629862 0.0006860423391)
(1.500093776 0.002251559761 0.001264519018)
(1.500969391 0.003137666571 0.002075802283)
(1.502809982 0.00396859992 0.002996710449)
(1.505573932 0.003989759847 0.00321466864)
(1.50830335 0.002817348405 0.002335479311)
(1.509822883 0.000893159623 0.0007980425705)
(1.509790045 -0.001081132973 -0.0007646613342)
(1.508413926 -0.002839610351 -0.002127567759)
(1.506027937 -0.003951291729 -0.002939350843)
(1.50327656 -0.004078118875 -0.002934777153)
(1.501006598 -0.003079729429 -0.001984395908)
(1.500178965 -0.001919107702 -0.001043036479)
(1.500170985 -0.001244596243 -0.0006209583197)
(1.500236369 -0.0008586540008 -0.0004330973473)
(1.500261562 -0.0005730308875 -0.0002831034168)
(1.500313017 -0.0003706486963 -0.0001662043369)
(1.500389916 -0.000252748752 -9.442948197e-05)
(1.500462802 -0.000180074317 -4.414904553e-05)
(1.500512293 -0.0001361079603 -5.981397118e-06)
(1.50054959 -0.0001104155443 2.297355161e-05)
(1.500576854 -9.772690494e-05 4.422526672e-05)
(1.500598522 -9.166225842e-05 6.405402887e-05)
(1.500611989 -9.067926771e-05 7.697426552e-05)
(1.500627861 -9.311684616e-05 9.043250287e-05)
(1.500633297 -9.639405159e-05 9.783823276e-05)
(1.5006694 -0.0001039075063 0.0001087317888)
(1.49999842 8.009901609e-05 8.345092988e-06)
(1.499988979 0.0002469326834 2.742222857e-05)
(1.49997176 0.0004518783357 6.121381414e-05)
(1.499963444 0.0007265740263 0.0001255888559)
(1.500003307 0.001106009168 0.0002463819459)
(1.500165015 0.001620283987 0.0004578107027)
(1.500586319 0.002280232898 0.0008005052899)
(1.501450683 0.002997563121 0.001257592378)
(1.502952598 0.003569188779 0.001737052148)
(1.505022108 0.003506817329 0.001864452276)
(1.507037606 0.0025460215 0.001404404351)
(1.50823035 0.0008902273549 0.0005133522503)
(1.508234814 -0.0008220533773 -0.0003963684801)
(1.507204595 -0.002338127624 -0.001174564294)
(1.505427838 -0.003300003378 -0.001636891577)
(1.503342289 -0.003486147982 -0.001656203792)
(1.501557 -0.002870274277 -0.0011713361)
(1.500669856 -0.002003338166 -0.0005945718852)
(1.500470913 -0.001400938178 -0.0002927898315)
(1.500428299 -0.0009930427571 -0.0001591931812)
(1.500395006 -0.0006518044281 -7.104666985e-05)
(1.500396647 -0.0003790907127 -1.692900451e-05)
(1.500433822 -0.0001821279386 8.525534466e-06)
(1.500474256 -4.370885182e-05 6.635737095e-06)
(1.500506311 5.456766643e-05 3.661676944e-06)
(1.500526366 0.0001255431761 1.241463675e-06)
(1.500540571 0.0001785350614 -1.470211153e-06)
(1.500550866 0.0002145470516 -3.290914149e-06)
(1.500559627 0.0002431839613 -4.029130433e-06)
(1.500563445 0.0002610956011 -3.58488717e-06)
(1.500570292 0.0002764421379 -2.600193163e-06)
(1.500548508 0.0002835141943 1.05730248e-06)
(1.500001112 8.397717377e-05 6.213666203e-06)
(1.500009509 0.0002577554799 2.022289292e-05)
(1.500033168 0.0004653247209 4.384904474e-05)
(1.500089382 0.0007326799303 8.675822816e-05)
(1.500213502 0.001083346321 0.0001631291236)
(1.500465533 0.001530047913 0.0002900846258)
(1.500939409 0.002060391875 0.0004838884198)
(1.501744567 0.002589758862 0.0007299480731)
(1.502960726 0.002949826833 0.0009698483409)
(1.504502964 0.00283506803 0.00103529984)
(1.505968393 0.002070675274 0.0008017809261)
(1.506870782 0.0007440608675 0.0003183329612)
(1.506905302 -0.0006386629048 -0.0001954084422)
(1.506163173 -0.001860287555 -0.0006439830343)
(1.504862573 -0.002651837271 -0.0009227265523)
(1.50330683 -0.002864068405 -0.0009713091514)
(1.50192984 -0.002490007246 -0.0007615248776)
(1.501096087 -0.001845924689 -0.0004644355939)
(1.500767317 -0.001319919226 -0.0002872665068)
(1.500614257 -0.0009498236912 -0.0002076421725)
(1.500498199 -0.000655684514 -0.0001543152776)
(1.500426737 -0.000428239894 -0.0001133125678)
(1.50040119 -0.0002706505418 -8.786709754e-05)
(1.50039587 -0.0001730004303 -7.267233723e-05)
(1.500393436 -0.0001084124322 -6.058227547e-05)
(1.500391888 -6.991975073e-05 -5.104314335e-05)
(1.500392013 -4.397103883e-05 -4.237292065e-05)
(1.500393492 -3.155959144e-05 -3.542527334e-05)
(1.500394843 -2.850874536e-05 -3.007489944e-05)
(1.500397181 -3.064798813e-05 -2.457168704e-05)
(1.500396501 -3.54151335e-05 -2.131617849e-05)
(1.500414343 -4.116135276e-05 -1.671887049e-05)
(1.500004849 7.947295776e-05 4.425883431e-06)
(1.500026787 0.0002428943216 1.428540211e-05)
(1.500083327 0.0004332515812 3.011805325e-05)
(1.50018922 0.0006699155769 5.75551606e-05)
(1.500372513 0.000966670461 0.0001040343546)
(1.500677935 0.001325020487 0.0001776376594)
(1.501165481 0.001722965309 0.0002839864873)
(1.501893265 0.002089267975 0.000413023075)
(1.502881672 0.002298094463 0.0005310583356)
(1.504044736 0.0021638167 0.0005629090233)
(1.505121285 0.001581241344 0.0004445837861)
(1.505800613 0.000586500986 0.0001892017439)
(1.5058504 -0.0004540249927 -9.194395169e-05)
(1.505318457 -0.001381796271 -0.0003384960489)
(1.504357062 -0.001999735627 -0.0004908288037)
(1.503191237 -0.00220645357 -0.0005192877039)
(1.502107869 -0.002003740252 -0.0004165698662)
(1.501350078 -0.001574328089 -0.0002542672322)
(1.500945871 -0.001179640144 -0.0001423078746)
(1.500713401 -0.0008844875851 -8.550028023e-05)
(1.500545062 -0.0006472992144 -4.853657761e-05)
(1.500429781 -0.0004484415906 -2.105842033e-05)
(1.500369988 -0.0003026239176 -4.524432416e-06)
(1.500338554 -0.0001942803061 4.761294658e-07)
(1.500320099 -0.0001180717396 1.012673107e-06)
(1.500307296 -5.774807185e-05 6.678414529e-07)
(1.500300335 -1.571066099e-05 -4.060604395e-07)
(1.500296484 1.940064378e-05 -1.723626376e-06)
(1.500294983 4.167061149e-05 -2.926951149e-06)
(1.500292903 6.281619319e-05 -3.50054047e-06)
(1.500293572 7.386003965e-05 -3.527062233e-06)
(1.500280858 8.604956448e-05 -3.228304089e-06)
(1.500007165 6.815467201e-05 3.067454827e-06)
(1.500039699 0.0002077210038 9.818738061e-06)
(1.50012081 0.0003669471067 2.016687696e-05)
(1.500261874 0.0005590977952 3.729438915e-05)
(1.500483275 0.0007912640359 6.497707162e-05)
(1.500816203 0.001059422277 0.0001068426421)
(1.501296548 0.00134103449 0.0001643880308)
(1.501949886 0.001581864994 0.0002312577183)
(1.502767767 0.001695562836 0.000288945599)
(1.503667742 0.001572432547 0.0003035362332)
(1.504483928 0.00114431063 0.0002428682044)
(1.504998721 0.0004340013108 0.0001084729386)
(1.505051783 -0.0003077421502 -4.285039276e-05)
(1.504667448 -0.0009775551471 -0.0001787789122)
(1.503945055 -0.00143319643 -0.0002661562582)
(1.503060083 -0.001606738113 -0.0002912707716)
(1.502187172 -0.001503120806 -0.0002525917091)
(1.50151586 -0.001228423529 -0.0001788093936)
(1.501082273 -0.0009422107121 -0.0001216266045)
(1.500801521 -0.0007111427061 -9.193853396e-05)
(1.500593695 -0.0005182185675 -7.295339816e-05)
(1.500445068 -0.0003573590829 -5.834721456e-05)
(1.500350447 -0.0002349032796 -4.966981333e-05)
(1.500290488 -0.0001482209666 -4.513925957e-05)
(1.500249154 -8.799123648e-05 -4.205083691e-05)
(1.50021969 -4.638239267e-05 -3.931413532e-05)
(1.500199098 -1.830935137e-05 -3.701043994e-05)
(1.500185482 -1.122924174e-06 -3.514354824e-05)
(1.500175149 8.76741337e-06 -3.332583182e-05)
(1.500168462 1.256150886e-05 -3.175043448e-05)
(1.500162295 1.283466483e-05 -3.014660604e-05)
(1.500160478 1.023095093e-05 -2.896727419e-05)
(1.500008768 5.19039148e-05 2.121192486e-06)
(1.500048646 0.0001578609787 6.739780107e-06)
(1.500146536 0.0002768386359 1.350983641e-05)
(1.5003106 0.0004171611924 2.421014829e-05)
(1.500554635 0.0005819634848 4.073803032e-05)
(1.500899585 0.0007658619772 6.462479936e-05)
(1.501365185 0.0009508576119 9.599503679e-05)
(1.501958782 0.001099466679 0.0001307671637)
(1.502655159 0.001158288691 0.0001595746835)
(1.503388223 0.001061466947 0.0001656802788)
(1.504031164 0.0007693981401 0.0001333959373)
(1.504431704 0.0002927407856 6.131417255e-05)
(1.50448232 -0.0001984281472 -2.032259072e-05)
(1.504195592 -0.000648238582 -9.59824854e-05)
(1.503632224 -0.0009595057525 -0.0001462073083)
(1.502926879 -0.001090087669 -0.0001628536646)
(1.502199926 -0.001045904425 -0.0001453951679)
(1.50159463 -0.0008850394656 -0.0001067653896)
(1.50115597 -0.0007008341822 -7.212101644e-05)
(1.500841967 -0.0005409348845 -5.054884098e-05)
(1.500609208 -0.0004081145211 -3.596216904e-05)
(1.500434461 -0.0002945775119 -2.45714572e-05)
(1.500318483 -0.0002093059938 -1.740233647e-05)
(1.500237541 -0.0001451741101 -1.363971714e-05)
(1.500184333 -0.0001014499349 -1.172083733e-05)
(1.50014383 -6.681514153e-05 -1.071585099e-05)
(1.500119024 -4.415651681e-05 -1.037634358e-05)
(1.500099341 -2.502086488e-05 -1.056602215e-05)
(1.500088747 -1.420025314e-05 -1.077027476e-05)
(1.500078078 -3.373396005e-06 -1.115058498e-05)
(1.500073749 1.818197481e-06 -1.141768362e-05)
(1.5000628 7.72972821e-06 -1.166381698e-05)
(1.500009755 3.237138687e-05 1.53474226e-06)
(1.50005416 9.831561743e-05 4.846138235e-06)
(1.500162285 0.0001715825098 9.504462378e-06)
(1.500339883 0.0002566593731 1.65494021e-05)
(1.500596091 0.0003546907813 2.696654562e-05)
(1.500945155 0.0004615033366 4.138258073e-05)
(1.501397138 0.0005659552336 5.94654489e-05)
(1.501949853 0.000645875916 7.863881456e-05)
(1.502569779 0.0006741622576 9.36172547e-05)
(1.503202753 0.0006138189649 9.606986649e-05)
(1.503750563 0.0004413136276 7.695390687e-05)
(1.504073967 0.0001691295514 3.553158203e-05)
(1.504114037 -0.000105978615 -1.014853035e-05)
(1.503887895 -0.0003668679098 -5.512187402e-05)
(1.503424119 -0.0005485304948 -8.615818491e-05)
(1.502824948 -0.0006285458309 -9.823466634e-05)
(1.502193037 -0.0006115078403 -9.189958749e-05)
(1.501635552 -0.0005266902226 -7.378640958e-05)
(1.501200828 -0.0004214983591 -5.591466171e-05)
(1.500872572 -0.0003257033139 -4.424227293e-05)
(1.500623488 -0.0002436203667 -3.66291563e-05)
(1.500435691 -0.0001731276459 -3.099155192e-05)
(1.500304637 -0.0001182370783 -2.751418704e-05)
(1.50021054 -7.626323953e-05 -2.568220165e-05)
(1.500147083 -4.674293987e-05 -2.474549886e-05)
(1.50009857 -2.371849412e-05 -2.40064133e-05)
(1.500067833 -8.566206312e-06 -2.348118883e-05)
(1.500042502 3.526741704e-06 -2.298319038e-05)
(1.500028325 1.007322448e-05 -2.262471155e-05)
(1.500013576 1.528493447e-05 -2.214294054e-05)
(1.500006738 1.717531763e-05 -2.185374929e-05)
(1.499994373 1.768089828e-05 -2.141803996e-05)
(1.500010221 1.098872595e-05 1.256547989e-06)
(1.500056766 3.335043761e-05 3.951913179e-06)
(1.500169691 5.806486875e-05 7.639244994e-06)
(1.500353497 8.653559922e-05 1.304317307e-05)
(1.500614871 0.0001190389753 2.07854409e-05)
(1.500965015 0.0001539850617 3.115458579e-05)
(1.501408713 0.0001878276643 4.374155279e-05)
(1.501942851 0.0002127187975 5.653145e-05)
(1.502520585 0.0002223020263 6.626312302e-05)
(1.50312956 0.0001983604204 6.637787091e-05)
(1.503600418 0.0001509595808 5.529153131e-05)
(1.503941642 3.745348711e-05 1.782517387e-05)
(1.503938166 -3.456898263e-05 -7.726626786e-06)
(1.503734883 -0.0001183152109 -3.897097239e-05)
(1.503319097 -0.000177581429 -6.172163239e-05)
(1.502769968 -0.000204231464 -7.147659934e-05)
(1.502184107 -0.0002002783595 -6.878446449e-05)
(1.501648296 -0.0001745501867 -5.76346647e-05)
(1.501218606 -0.000141767121 -4.516504381e-05)
(1.500882427 -0.0001112755565 -3.565494301e-05)
(1.500626086 -8.549385083e-05 -2.892150867e-05)
(1.500430781 -6.365590402e-05 -2.379140425e-05)
(1.500292679 -4.717103449e-05 -2.036252167e-05)
(1.500191226 -3.49448077e-05 -1.822949939e-05)
(1.50012308 -2.71435102e-05 -1.694241152e-05)
(1.500070313 -2.065994659e-05 -1.61594704e-05)
(1.5000376 -1.723271134e-05 -1.58060774e-05)
(1.500010271 -1.522620362e-05 -1.564228414e-05)
(1.499995127 -1.406246239e-05 -1.558992364e-05)
(1.499979339 -1.309150036e-05 -1.558386482e-05)
(1.499972419 -1.269419811e-05 -1.562843665e-05)
(1.499959187 -1.205148915e-05 -1.563864195e-05)
(1.50001027 -1.088086113e-05 8.896069775e-07)
(1.500057034 -3.300990939e-05 2.793213269e-06)
(1.500170464 -5.739057637e-05 5.375800409e-06)
(1.500355045 -8.533716821e-05 9.132262995e-06)
(1.500617377 -0.0001170213401 1.448438334e-05)
(1.500968452 -0.0001507650644 2.162121415e-05)
(1.501412535 -0.0001829651207 3.026415152e-05)
(1.501945936 -0.0002059755755 3.904247153e-05)
(1.502520622 -0.0002139747577 4.581363414e-05)
(1.503125686 -0.0001893843752 4.618517902e-05)
(1.503589488 -0.0001433251483 3.930694172e-05)
(1.503927613 -3.308348354e-05 1.51413977e-05)
(1.503921369 3.529765301e-05 -1.235186952e-06)
(1.503720583 0.0001158545568 -2.127183217e-05)
(1.503310258 0.0001732830108 -3.550768144e-05)
(1.502767167 0.0001997638535 -4.109800016e-05)
(1.502186687 0.0001971926678 -3.850911218e-05)
(1.501653931 0.0001738422795 -3.046444309e-05)
(1.501223534 0.0001428687781 -2.165453364e-05)
(1.500885927 0.0001132355299 -1.488196224e-05)
(1.50062813 8.775518507e-05 -1.005367401e-05)
(1.500432752 6.622108688e-05 -6.422695551e-06)
(1.500294054 4.977143667e-05 -3.998267353e-06)
(1.500192564 3.755735814e-05 -2.460659688e-06)
(1.500124284 2.950439496e-05 -1.614915208e-06)
(1.500071835 2.376541116e-05 -8.917494994e-07)
(1.500039196 1.96937364e-05 -6.847040945e-07)
(1.500012079 1.779045519e-05 -6.326187321e-07)
(1.499997114 1.698019872e-05 -6.195538103e-07)
(1.499981617 1.694305053e-05 -6.22782831e-07)
(1.499974699 1.733503567e-05 -6.400101891e-07)
(1.499962134 1.806921156e-05 -6.848026754e-07)
(1.500009825 -3.204028275e-05 1.076261635e-06)
(1.500054541 -9.726737692e-05 3.393060932e-06)
(1.500163401 -0.0001694886241 6.625800528e-06)
(1.50034216 -0.0002528928628 1.147910105e-05)
(1.500599873 -0.0003482666825 1.861170633e-05)
(1.500950508 -0.0004510890593 2.843175064e-05)
(1.501403408 -0.0005500741388 4.068555013e-05)
(1.501955362 -0.0006236159889 5.362326335e-05)
(1.502571335 -0.0006462867816 6.372433897e-05)
(1.503197692 -0.0005838150717 6.554426329e-05)
(1.503737098 -0.0004157158439 5.341941147e-05)
(1.504053721 -0.0001540919215 2.664652681e-05)
(1.504091383 0.000107853351 -2.754328036e-06)
(1.503869275 0.0003579240293 -3.160101597e-05)
(1.503413287 0.000533225229 -5.109336574e-05)
(1.50282257 0.0006125059336 -5.80621592e-05)
(1.502198612 0.0006006017685 -5.301768114e-05)
(1.501643733 0.0005243149285 -4.040843616e-05)
(1.501208373 0.0004264655598 -2.803678005e-05)
(1.50087604 0.0003340515422 -1.970195566e-05)
(1.500626054 0.0002544971429 -1.423851333e-05)
(1.500437126 0.0001857140366 -1.023984558e-05)
(1.500306059 0.0001323106939 -7.78354201e-06)
(1.500211139 9.063857793e-05 -6.453193522e-06)
(1.500148023 6.180509067e-05 -5.74943813e-06)
(1.500099865 3.800349999e-05 -5.27315939e-06)
(1.500069472 2.350219515e-05 -4.920544632e-06)
(1.500044763 1.01592375e-05 -4.609328795e-06)
(1.500030784 3.351505298e-06 -4.396750345e-06)
(1.500016697 -3.870850763e-06 -4.106095164e-06)
(1.500010465 -7.29592565e-06 -3.924012151e-06)
(1.499996954 -1.005120649e-05 -3.562856833e-06)
(1.500008884 -5.13295209e-05 1.469190664e-06)
(1.500049281 -0.0001560325682 4.661471904e-06)
(1.500148427 -0.0002731233727 9.305188073e-06)
(1.500314552 -0.0004103259731 1.659462266e-05)
(1.500561399 -0.0005700021294 2.778099402e-05)
(1.500909526 -0.0007459469192 4.384358696e-05)
(1.50137741 -0.0009196868082 6.476806933e-05)
(1.501970418 -0.001054771953 8.776354417e-05)
(1.502660205 -0.00110147624 0.0001065714543)
(1.503381391 -0.001000304436 0.0001104950069)
(1.504009555 -0.0007173703861 8.987073968e-05)
(1.504397663 -0.0002636129237 4.327493566e-05)
(1.504445673 0.0001996820825 -9.212543863e-06)
(1.504166549 0.0006265195456 -5.771268079e-05)
(1.50361667 0.0009244786314 -8.934940169e-05)
(1.502926396 0.001053667689 -9.909557265e-05)
(1.50221199 0.001020137177 -8.69341804e-05)
(1.501612158 0.0008768447198 -6.150314326e-05)
(1.501169104 0.0007053419116 -3.847831551e-05)
(1.50084945 0.0005513345923 -2.377308563e-05)
(1.500612968 0.0004212132787 -1.367276087e-05)
(1.500438192 0.0003112766735 -6.003190988e-06)
(1.500319986 0.0002269890871 -9.761045033e-07)
(1.500238805 0.0001643807885 1.500944608e-06)
(1.500184439 0.0001209201511 2.747071651e-06)
(1.50014453 8.869836382e-05 3.415024284e-06)
(1.500118558 6.73343419e-05 3.787369175e-06)
(1.500099006 5.168565152e-05 3.841047712e-06)
(1.500087331 4.28968244e-05 3.776247939e-06)
(1.500076707 3.664259018e-05 3.53329766e-06)
(1.500071384 3.437571524e-05 3.379695285e-06)
(1.500064647 3.355380942e-05 2.994887532e-06)
(1.500007361 -6.73121707e-05 2.102032671e-06)
(1.500040784 -0.0002050215165 6.719073988e-06)
(1.500124098 -0.0003613239879 1.374653426e-05)
(1.500268908 -0.0005484194925 2.53014723e-05)
(1.50049568 -0.0007718913986 4.384255525e-05)
(1.500835074 -0.001025963888 7.165921751e-05)
(1.501320804 -0.001286699248 0.0001094704138)
(1.501973995 -0.001501621412 0.0001528473865)
(1.502780859 -0.001590770666 0.0001894619181)
(1.503654531 -0.001460420225 0.0001981571799)
(1.504445318 -0.001049741824 0.0001595347252)
(1.504937586 -0.0003849736162 7.300863147e-05)
(1.504987677 0.0003035799868 -2.378751442e-05)
(1.504618264 0.0009299991243 -0.0001104736932)
(1.503920262 0.001361239711 -0.0001652182655)
(1.503064783 0.001534166572 -0.0001798116098)
(1.502211828 0.001455030789 -0.0001538212271)
(1.501546373 0.001216236507 -0.0001060337156)
(1.501104405 0.0009554202597 -6.847567526e-05)
(1.500810161 0.0007326326819 -4.804603535e-05)
(1.500599419 0.0005476531536 -3.496478419e-05)
(1.500447684 0.0003910931049 -2.482348916e-05)
(1.500352546 0.0002732547632 -1.864472666e-05)
(1.500290655 0.0001852786557 -1.526840862e-05)
(1.500250942 0.0001251060995 -1.318619515e-05)
(1.500221674 7.906734584e-05 -1.142865535e-05)
(1.50020339 4.867404643e-05 -1.007142351e-05)
(1.500189783 2.476070201e-05 -8.785765488e-06)
(1.500181977 1.063533213e-05 -7.759153072e-06)
(1.500174619 -1.262554064e-06 -6.431084296e-06)
(1.500171711 -7.488279611e-06 -5.47081416e-06)
(1.500161153 -1.224744704e-05 -3.915037364e-06)
(1.500005174 -7.834518656e-05 3.010308846e-06)
(1.500028599 -0.0002392650851 9.691008331e-06)
(1.500088915 -0.0004254623044 2.035679143e-05)
(1.500201474 -0.0006545326475 3.871920357e-05)
(1.500394803 -0.0009374860696 6.955024982e-05)
(1.500713123 -0.00127230429 0.0001178843065)
(1.501212487 -0.001633336696 0.0001866623151)
(1.501942263 -0.001951917867 0.0002687600914)
(1.502910585 -0.002112818659 0.0003414145138)
(1.504021949 -0.001965428867 0.0003598272804)
(1.505049058 -0.001418474979 0.0002849890475)
(1.505688645 -0.0005100121121 0.0001222461258)
(1.505735814 0.0004341855479 -5.594192054e-05)
(1.50523304 0.001283113521 -0.0002118861388)
(1.504318311 0.001855929533 -0.0003064707784)
(1.503209425 0.002061177203 -0.000324704514)
(1.502162247 0.001904070047 -0.0002611431078)
(1.501412121 0.001539449459 -0.0001599927553)
(1.500985666 0.001183812771 -8.751597053e-05)
(1.500732296 0.0009019457178 -4.920411524e-05)
(1.500555587 0.0006737423185 -2.435088054e-05)
(1.500436795 0.0004866381234 -6.311076113e-06)
(1.500370964 0.0003477463819 3.626281653e-06)
(1.500335596 0.0002498106711 7.900700894e-06)
(1.500313957 0.0001825541801 9.796930075e-06)
(1.50029922 0.0001351340829 1.072383212e-05)
(1.500290072 0.0001035479923 1.092462912e-05)
(1.500284415 8.203908496e-05 1.06922424e-05)
(1.50028105 6.954358241e-05 1.027349764e-05)
(1.500278654 6.180391639e-05 9.757191792e-06)
(1.500276925 5.943574259e-05 9.389568376e-06)
(1.500279922 5.948701294e-05 8.999765845e-06)
(1.50000197 -8.260763096e-05 4.21286379e-06)
(1.500012526 -0.0002532672435 1.363684876e-05)
(1.500042294 -0.0004553366233 2.943149831e-05)
(1.500109932 -0.0007120740011 5.793090827e-05)
(1.500252161 -0.001042180129 0.0001080893837)
(1.500529107 -0.001451734799 0.0001903969774)
(1.501027803 -0.00191994923 0.0003134845765)
(1.50184115 -0.002365014472 0.0004666137891)
(1.503020487 -0.002634271851 0.0006094940412)
(1.504461566 -0.002496367594 0.0006464625635)
(1.505832672 -0.001802201818 0.0005006255163)
(1.506667132 -0.0006308838589 0.000198407695)
(1.506700971 0.0005844502981 -0.0001220847821)
(1.506011994 0.001671329793 -0.0004026525989)
(1.504796983 0.002386342036 -0.0005667932945)
(1.503342491 0.002605621429 -0.0005957224854)
(1.502031738 0.002324828877 -0.0004702081668)
(1.50120095 0.001795423005 -0.0002898307561)
(1.500828899 0.001334261146 -0.0001761298041)
(1.50064189 0.0009849935045 -0.0001198512065)
(1.500516646 0.000709636942 -8.169204242e-05)
(1.500441348 0.0004886992088 -5.208159264e-05)
(1.500413998 0.0003313688359 -3.417512342e-05)
(1.500408792 0.0002201862674 -2.380711277e-05)
(1.500408596 0.0001449644982 -1.664631785e-05)
(1.500409253 8.940564029e-05 -1.069784462e-05)
(1.5004109 5.189011065e-05 -6.183325687e-06)
(1.500413388 2.319327439e-05 -2.244346372e-06)
(1.500415613 5.16721672e-06 8.757839072e-07)
(1.500417118 -9.77533049e-06 4.314536086e-06)
(1.500419228 -1.725056437e-05 6.459533062e-06)
(1.500411374 -2.417090552e-05 9.655522181e-06)
(1.499999349 -7.859603007e-05 5.598067272e-06)
(1.499993381 -0.0002419001544 1.839233657e-05)
(1.49998588 -0.0004402635602 4.087671489e-05)
(1.499996248 -0.0007014607508 8.329483763e-05)
(1.50006737 -0.001052831547 0.0001617403204)
(1.500275172 -0.001512854725 0.0002967782862)
(1.500746196 -0.002075034751 0.0005097237844)
(1.501634646 -0.002652934979 0.0007866779138)
(1.50307099 -0.003061945755 0.001061389415)
(1.504945409 -0.002964735802 0.001133675234)
(1.506791293 -0.00212950394 0.0008518209882)
(1.507870081 -0.0007280075268 0.0003074354933)
(1.507880694 0.0007093897944 -0.0002506883291)
(1.506947061 0.001999108657 -0.000729855474)
(1.505330965 0.002830900503 -0.001013991381)
(1.503427168 0.003037507127 -0.001031603441)
(1.501760305 0.002597810041 -0.0007485517102)
(1.500856184 0.001912101422 -0.0004037076215)
(1.500575858 0.001397770529 -0.0002100320303)
(1.500479312 0.001030553524 -0.0001168551674)
(1.500421268 0.0007422504887 -5.616030932e-05)
(1.500402426 0.0005183885752 -1.513009866e-05)
(1.500420915 0.0003685750614 5.25148163e-06)
(1.500450108 0.0002698610232 1.427257484e-05)
(1.500472602 0.0002069720678 1.963448076e-05)
(1.500488938 0.0001652118249 2.344521114e-05)
(1.500500676 0.000140371028 2.587206181e-05)
(1.500511658 0.0001239422767 2.810655501e-05)
(1.500517754 0.0001168053517 2.97329987e-05)
(1.500525764 0.0001131038553 3.249134303e-05)
(1.500527904 0.0001138042236 3.371537363e-05)
(1.500543455 0.000115643599 3.67554468e-05)
(1.499995121 -6.540370624e-05 7.055745175e-06)
(1.499973073 -0.0002019791686 2.343826859e-05)
(1.499925749 -0.0003721447045 5.354982687e-05)
(1.499871241 -0.0006043959849 0.0001129917209)
(1.499854451 -0.0009319487248 0.0002286645056)
(1.499962604 -0.001386481488 0.0004382513747)
(1.500367301 -0.001986290694 0.0007883723289)
(1.501301505 -0.002661046525 0.00126428891)
(1.503027715 -0.003220621661 0.001767917848)
(1.505434539 -0.003201742701 0.001895761695)
(1.507876603 -0.002258088267 0.001374189331)
(1.509217073 -0.0007193269857 0.000458693719)
(1.509192288 0.0008431515036 -0.0004696943024)
(1.507974367 0.002253447765 -0.001278851284)
(1.505875732 0.003159297124 -0.001765968326)
(1.503438609 0.003328854228 -0.001773654046)
(1.50136042 0.002664818846 -0.001224853072)
(1.500469148 0.001803666327 -0.0006623965775)
(1.50033412 0.001250199997 -0.0003782486709)
(1.500343611 0.000892832041 -0.0002305278458)
(1.500355903 0.0006242598321 -0.0001221611897)
(1.500398483 0.0004113987698 -4.28698303e-05)
(1.500464743 0.0002730968753 -1.455200516e-06)
(1.500530833 0.0001747330056 2.193836855e-05)
(1.50057373 0.0001104011591 3.615480413e-05)
(1.500609726 6.268520795e-05 4.540651346e-05)
(1.500629986 3.007459133e-05 5.022919849e-05)
(1.500646148 4.37422969e-06 5.35634005e-05)
(1.500657138 -1.197776155e-05 5.535295023e-05)
(1.500665257 -2.64064616e-05 5.6650314e-05)
(1.500671344 -3.414772983e-05 5.723851503e-05)
(1.500661918 -4.308632178e-05 5.722283978e-05)
(1.499991944 -4.348617135e-05 8.293545858e-06)
(1.499955523 -0.0001346984139 2.779071587e-05)
(1.499872798 -0.000250710569 6.499661256e-05)
(1.499757517 -0.0004138860666 0.0001413009247)
(1.49965086 -0.0006538100673 0.0002971567691)
(1.499640525 -0.001005413052 0.0005945557246)
(1.499936064 -0.001507222757 0.001125689888)
(1.500852726 -0.002134114822 0.001891071016)
(1.502859937 -0.002766503665 0.002763193337)
(1.505868046 -0.002918731441 0.002960690368)
(1.509030519 -0.002125897964 0.002012755518)
(1.510619211 -0.0008074893975 0.0005598849666)
(1.510545588 0.0005611341171 -0.0008731183147)
(1.509028864 0.001849441304 -0.002144463343)
(1.506387098 0.002737740924 -0.00290409302)
(1.503322258 0.00297768398 -0.002853259044)
(1.500706528 0.002357279572 -0.001780144194)
(1.499917987 0.001504522214 -0.0008075547746)
(1.500003468 0.001007550523 -0.0004075226513)
(1.500157912 0.0007083194548 -0.0002104277795)
(1.500239837 0.0005189154332 -7.690188735e-05)
(1.500331034 0.0003868473034 1.352587534e-05)
(1.500436217 0.0003098363228 6.121947125e-05)
(1.500528571 0.0002612642954 9.302973218e-05)
(1.500586926 0.0002325899319 0.0001156763072)
(1.500630618 0.0002151294277 0.0001346413378)
(1.500660382 0.0002065278761 0.0001476747434)
(1.500684936 0.0002024555378 0.000161621047)
(1.50069961 0.0002009336421 0.000171771861)
(1.500715712 0.0002008265244 0.0001806712596)
(1.500720705 0.0002020554138 0.0001867989452)
(1.500750627 0.0002035233227 0.0001937263767)
(1.499990096 -1.488634157e-05 9.017261771e-06)
(1.499945254 -4.702972076e-05 3.035519706e-05)
(1.499841251 -8.821751136e-05 7.189118759e-05)
(1.499687773 -0.0001472380091 0.0001591570247)
(1.499520282 -0.0002364309485 0.0003425909014)
(1.499418508 -0.0003719486333 0.0007070355199)
(1.499603905 -0.0005764985397 0.001392682762)
(1.500428242 -0.000852228796 0.002453752895)
(1.502555472 -0.001174609673 0.003824566007)
(1.506009789 -0.001316310105 0.004225220585)
(1.509750939 -0.001031022068 0.002920271298)
(1.511602257 -0.000491228485 0.0008801519191)
(1.511543894 7.243618646e-05 -0.0010702968)
(1.509879143 0.0006338219242 -0.002863483628)
(1.506889736 0.001050876273 -0.00402649359)
(1.503403919 0.001211954186 -0.004118828672)
(1.500294107 0.0009629829143 -0.002570719482)
(1.499522189 0.0005769208501 -0.001119796539)
(1.499762063 0.0003549139178 -0.0005183697775)
(1.500060501 0.0001995992401 -0.0001246164302)
(1.500226088 9.294087322e-05 6.758919812e-05)
(1.500360131 2.152808189e-05 0.000173597381)
(1.50049993 -2.73589989e-05 0.0002119754002)
(1.500610849 -6.328011095e-05 0.0002192697696)
(1.500674982 -8.994081569e-05 0.0002150458354)
(1.500719248 -0.0001134972026 0.0002046782656)
(1.500750918 -0.0001337310744 0.0001921056669)
(1.500774431 -0.0001532883579 0.0001795207887)
(1.500789375 -0.000169659799 0.0001693240271)
(1.500800269 -0.0001870751292 0.0001598340916)
(1.500808872 -0.000199054272 0.0001534141853)
(1.500797355 -0.0002169759791 0.0001451932718)
(1.499990091 1.525426968e-05 9.008082882e-06)
(1.499945225 4.811390348e-05 3.032536196e-05)
(1.499841156 8.992221928e-05 7.184129737e-05)
(1.499687488 0.0001493561669 0.0001590667023)
(1.49951964 0.0002383864535 0.0003425694124)
(1.499416851 0.0003727731434 0.0007071071779)
(1.499600602 0.000573514864 0.001394407317)
(1.500420878 0.0008425826366 0.002457949548)
(1.50254416 0.001150828553 0.003843072333)
(1.506000663 0.001280287048 0.004254036711)
(1.50974654 0.0009916332179 0.002947409326)
(1.511599865 0.0004505856545 0.0009032346528)
(1.511541857 -0.000114888895 -0.001051811322)
(1.509874962 -0.0006802408265 -0.002846542346)
(1.506879226 -0.001108183038 -0.004005265494)
(1.503383328 -0.001290395025 -0.004085896949)
(1.500262251 -0.001083934032 -0.002506007633)
(1.499467426 -0.0007598246392 -0.001006886374)
(1.49970133 -0.0005759501229 -0.0003377994518)
(1.499996628 -0.0004508157228 7.99083735e-05)
(1.500144342 -0.0003707650063 0.0003438496502)
(1.500279287 -0.0003207582772 0.0005081224814)
(1.500417019 -0.0002894642376 0.000587221055)
(1.500527473 -0.0002640158114 0.0006372810669)
(1.500592903 -0.0002454642305 0.0006572139002)
(1.500641433 -0.000230318907 0.000663619086)
(1.500675028 -0.0002185219621 0.0006635792232)
(1.500703309 -0.0002087816685 0.0006601866124)
(1.500719733 -0.0002013225392 0.0006544918162)
(1.500737101 -0.0001951192479 0.0006468274878)
(1.500747104 -0.000190122127 0.0006384884371)
(1.500797397 -0.0001862849675 0.0006294535644)
(1.499991932 4.385128583e-05 8.267422651e-06)
(1.49995545 0.0001357843451 2.770864183e-05)
(1.49987255 0.0002524651537 6.484734012e-05)
(1.499756833 0.0004161817099 0.0001410657733)
(1.499649298 0.0006564120847 0.0002969557759)
(1.499637061 0.001007856783 0.0005946462538)
(1.499929826 0.00150909459 0.00112771506)
(1.50084225 0.002135023663 0.00189642245)
(1.502849068 0.002768373846 0.002778641278)
(1.505862978 0.002924130394 0.002978014642)
(1.509032668 0.002131870342 0.002025126406)
(1.510617717 0.0008143249191 0.000574840106)
(1.510541667 -0.0005562081438 -0.0008570610191)
(1.50902006 -0.001846602986 -0.002126783796)
(1.506370023 -0.002737725206 -0.002881657827)
(1.503293779 -0.002978854971 -0.002816884765)
(1.500677577 -0.002357688697 -0.001731444806)
(1.499891067 -0.001484890275 -0.0007329925686)
(1.499996972 -0.0009685809858 -0.0003424859244)
(1.500180115 -0.0006259152522 -0.0001652297845)
(1.500282854 -0.0003932092679 -5.862475943e-05)
(1.500387371 -0.0002204390306 -4.334954397e-07)
(1.50049995 -0.0001096068592 1.494473038e-05)
(1.500595138 -3.282073639e-05 1.246692217e-05)
(1.50065224 1.729590526e-05 6.60328138e-06)
(1.500693045 5.572704596e-05 -1.261230166e-06)
(1.500720401 8.165530141e-05 -9.399009298e-06)
(1.500743384 0.0001018221965 -1.733704795e-05)
(1.500755082 0.000116461311 -2.427497592e-05)
(1.500763391 0.0001291762979 -3.18354829e-05)
(1.500768704 0.0001361532069 -3.679004261e-05)
(1.500749518 0.0001445548365 -4.445931222e-05)
(1.499995106 6.576304885e-05 7.016442899e-06)
(1.499972985 0.0002030553875 2.331503503e-05)
(1.499925454 0.0003739367542 5.332122939e-05)
(1.499870466 0.0006069016311 0.0001126234554)
(1.499852759 0.0009352269709 0.0002282082079)
(1.499959197 0.001390666705 0.0004378463778)
(1.500361597 0.001992062085 0.000788910928)
(1.501293012 0.002669165747 0.001266496384)
(1.503018706 0.003233267213 0.001774894605)
(1.505428204 0.003216907347 0.001905010933)
(1.50787298 0.002270960333 0.001383744569)
(1.509211933 0.0007323017924 0.0004700153128)
(1.509186262 -0.0008296728053 -0.0004589347854)
(1.507965321 -0.00223819787 -0.001269200686)
(1.505860642 -0.003140452785 -0.001756209978)
(1.50341761 -0.003302320727 -0.001758638124)
(1.501336727 -0.002630281149 -0.001206401673)
(1.500445307 -0.001756799755 -0.0006321168615)
(1.500320231 -0.001198197993 -0.0003437083762)
(1.500334506 -0.0008521762087 -0.000195946298)
(1.500341045 -0.0006037308738 -7.851450748e-05)
(1.500372728 -0.0004228434137 1.445840096e-05)
(1.500430602 -0.000316553467 7.124582056e-05)
(1.500490132 -0.0002500765235 0.0001074988792)
(1.50052893 -0.0002119872117 0.0001296880007)
(1.500557885 -0.0001875905581 0.0001478647264)
(1.500576684 -0.0001757590474 0.0001569087127)
(1.500595609 -0.0001686325456 0.0001610041363)
(1.50060418 -0.0001665044774 0.0001617794853)
(1.500618771 -0.0001666933251 0.000160004193)
(1.500619094 -0.0001682132335 0.0001572878291)
(1.500660649 -0.000171628286 0.0001531636244)
(1.499999342 7.893834481e-05 5.550433099e-06)
(1.499993306 0.0002429331906 1.824262248e-05)
(1.499985627 0.0004420219921 4.059491839e-05)
(1.499995603 0.0007040213232 8.283357033e-05)
(1.500066003 0.001056390048 0.000161078936)
(1.500272556 0.001517760398 0.0002959368853)
(1.500741946 0.002082083572 0.0005090627531)
(1.501628575 0.002662935524 0.0007865861516)
(1.503064399 0.0030762408 0.001063209755)
(1.504940321 0.002982477143 0.001136606196)
(1.506788905 0.002148447336 0.0008542206351)
(1.507867639 0.000750021203 0.0003094748088)
(1.507877625 -0.0006844439002 -0.0002494380547)
(1.506941648 -0.001971139427 -0.0007294572317)
(1.505321224 -0.002798330889 -0.001013851858)
(1.503412237 -0.002997577962 -0.001030089035)
(1.501743282 -0.002551215068 -0.0007472051769)
(1.500836328 -0.001853579437 -0.0003950084331)
(1.500563377 -0.001333939457 -0.0001981011004)
(1.500474725 -0.0009639513208 -0.0001067244201)
(1.500422248 -0.00067154403 -4.961176918e-05)
(1.500408713 -0.0004330863239 -1.298957404e-05)
(1.500433045 -0.0002664861454 9.671638344e-08)
(1.500469028 -0.0001432094343 -2.401866849e-07)
(1.500494694 -6.007854776e-05 -5.50530426e-06)
(1.500514212 7.056388884e-06 -1.101676371e-05)
(1.500527926 5.172671946e-05 -1.622975792e-05)
(1.500539914 9.042788743e-05 -2.138119784e-05)
(1.500547415 0.0001153012684 -2.592261068e-05)
(1.500552588 0.0001395849896 -3.018920323e-05)
(1.500557795 0.0001529823346 -3.370708035e-05)
(1.500541512 0.0001689284741 -3.681376715e-05)
(1.500001958 8.29201896e-05 4.160777236e-06)
(1.500012475 0.0002542135736 1.347317369e-05)
(1.500042125 0.0004569653179 2.912652739e-05)
(1.500109502 0.000714488168 5.743005917e-05)
(1.500251249 0.001045593732 0.0001073379787)
(1.500527399 0.001456506057 0.0001893511356)
(1.501025073 0.001926730006 0.0003122360385)
(1.501837388 0.002374510748 0.0004653043766)
(1.503016451 0.002647365408 0.0006085643359)
(1.504458374 0.002512826112 0.0006457459816)
(1.505831095 0.001820295903 0.0004993975824)
(1.506665349 0.0006512002075 0.0001967777155)
(1.506698486 -0.0005624127083 -0.0001241773409)
(1.506007986 -0.001647169556 -0.0004058012823)
(1.50479007 -0.002358722125 -0.0005702536974)
(1.503332313 -0.002572365748 -0.0005996409467)
(1.502019379 -0.002285137083 -0.0004753467345)
(1.50118799 -0.001746075832 -0.0002929939339)
(1.500820785 -0.001276939961 -0.0001788524792)
(1.500640273 -0.0009257527345 -0.0001256066158)
(1.500516514 -0.0006487169594 -8.928333734e-05)
(1.500439917 -0.0004304890755 -5.935803655e-05)
(1.500409716 -0.000277474023 -3.929672303e-05)
(1.500401352 -0.0001774444664 -2.634175949e-05)
(1.500397418 -0.0001139852958 -1.654800947e-05)
(1.500394257 -7.264144515e-05 -7.838493822e-06)
(1.500392979 -4.771840402e-05 -1.251099293e-06)
(1.500393077 -3.406111542e-05 2.64309797e-06)
(1.500392983 -2.795456639e-05 6.075871145e-06)
(1.500393936 -2.813103517e-05 8.251402181e-06)
(1.500392082 -3.117167642e-05 9.199854787e-06)
(1.500408977 -3.533776841e-05 9.022776102e-06)
(1.500005171 7.86158599e-05 2.956808288e-06)
(1.500028577 0.0002400840401 9.52540359e-06)
(1.500088835 0.0004268775281 2.005010855e-05)
(1.500201257 0.0006566416781 3.822021784e-05)
(1.50039432 0.0009404716172 6.879565607e-05)
(1.500712201 0.001276458919 0.0001168069196)
(1.501211011 0.001639127252 0.0001852418701)
(1.501940265 0.001959855823 0.0002670095073)
(1.502908464 0.002123404406 0.0003394667497)
(1.504020276 0.001978588231 0.0003576663167)
(1.50504828 0.001433288659 0.0002823812097)
(1.505687962 0.0005265597209 0.0001189892656)
(1.505734761 -0.0004156547463 -5.987868892e-05)
(1.50523116 -0.001262252792 -0.0002168308427)
(1.504314548 -0.001832058424 -0.0003123720693)
(1.503204034 -0.002032772256 -0.0003316647812)
(1.502154949 -0.001870227327 -0.0002693587738)
(1.501404282 -0.001498670528 -0.0001681029094)
(1.500980278 -0.001137934792 -9.566730363e-05)
(1.50072962 -0.0008545089949 -5.830705746e-05)
(1.500554572 -0.0006279418577 -3.403433544e-05)
(1.500434688 -0.0004393830646 -1.578758743e-05)
(1.500370119 -0.0003006965601 -6.213719063e-06)
(1.50033568 -0.0001980130742 -3.059377591e-06)
(1.500316096 -0.0001273213096 -2.657417099e-06)
(1.500302471 -7.100035313e-05 -3.746413592e-06)
(1.500295166 -3.268156863e-05 -5.256746155e-06)
(1.500290882 7.685013431e-08 -7.477506025e-06)
(1.50028918 2.039030693e-05 -9.476506741e-06)
(1.500287145 4.068504004e-05 -1.20702695e-05)
(1.500287328 5.137981524e-05 -1.399056513e-05)
(1.500276982 6.404951672e-05 -1.5675064e-05)
(1.500007361 6.753057234e-05 2.049614588e-06)
(1.500040787 0.0002056827281 6.557588759e-06)
(1.500124096 0.0003624671606 1.345067511e-05)
(1.500268868 0.0005501225593 2.48265606e-05)
(1.500495538 0.0007742907163 4.312956516e-05)
(1.500834744 0.001029269072 7.064037373e-05)
(1.50132023 0.00129121579 0.0001080914616)
(1.501973212 0.001507681809 0.000151073918)
(1.502780088 0.001598664701 0.0001873120001)
(1.503654043 0.00147018035 0.0001956191887)
(1.504445437 0.001060911038 0.0001565146613)
(1.504937814 0.0003975301801 6.935328807e-05)
(1.504987646 -0.0002895062581 -2.808371168e-05)
(1.504617648 -0.0009142916411 -0.0001155917621)
(1.503918418 -0.00134351938 -0.0001712765992)
(1.503061842 -0.001513528816 -0.0001868156824)
(1.502207261 -0.001430770729 -0.0001618941549)
(1.501541767 -0.001187925182 -0.0001146477101)
(1.501100031 -0.0009231204124 -7.739137482e-05)
(1.500808806 -0.000699808732 -5.784067626e-05)
(1.500598134 -0.0005134358225 -4.550759316e-05)
(1.500447353 -0.0003568302008 -3.589904556e-05)
(1.500351236 -0.0002369620282 -3.001882438e-05)
(1.500289833 -0.0001500001427 -2.678087189e-05)
(1.500248464 -8.981411872e-05 -2.440723096e-05)
(1.500218783 -4.745615949e-05 -2.225180915e-05)
(1.50019811 -1.876272528e-05 -2.034879931e-05)
(1.500184276 -7.438067536e-07 -1.87963918e-05)
(1.500173833 1.013361523e-05 -1.739539946e-05)
(1.50016682 1.47995538e-05 -1.627684702e-05)
(1.500160394 1.619759661e-05 -1.524028925e-05)
(1.500157801 1.461060187e-05 -1.461852964e-05)
(1.500008887 5.148920762e-05 1.418713736e-06)
(1.500049301 0.0001565160203 4.506481727e-06)
(1.500148482 0.0002739583297 9.024230604e-06)
(1.500314641 0.0004115668135 1.614989235e-05)
(1.500561498 0.0005717397842 2.712147153e-05)
(1.500909598 0.0007483166553 4.290909641e-05)
(1.501377435 0.0009228742852 6.350022964e-05)
(1.501970428 0.001058978892 8.611434059e-05)
(1.502660311 0.001106867782 0.0001045189232)
(1.503381765 0.001006927792 0.0001080192843)
(1.504010323 0.0007250175208 8.691888584e-05)
(1.504398515 0.0002722111924 3.975145747e-05)
(1.504446345 -0.0001900419028 -1.330913595e-05)
(1.504166832 -0.0006157509789 -6.252841222e-05)
(1.503616247 -0.0009123067221 -9.499520901e-05)
(1.502924961 -0.001039576306 -0.0001056155712)
(1.502209943 -0.001003681207 -9.439646719e-05)
(1.501609203 -0.0008574989391 -6.967695758e-05)
(1.501167133 -0.0006838288015 -4.717911817e-05)
(1.500847833 -0.0005283674719 -3.305339033e-05)
(1.50061262 -0.0003983803247 -2.347448277e-05)
(1.500436661 -0.000287559002 -1.584976353e-05)
(1.500319015 -0.0002037870748 -1.110849102e-05)
(1.500236737 -0.0001405450879 -8.655200828e-06)
(1.500182963 -9.773205203e-05 -7.453222502e-06)
(1.500142092 -6.411891827e-05 -6.891340801e-06)
(1.500116998 -4.228196074e-05 -6.82610343e-06)
(1.500097144 -2.404722864e-05 -7.179145873e-06)
(1.500086434 -1.379810183e-05 -7.565432234e-06)
(1.500075749 -3.741564798e-06 -8.238781003e-06)
(1.500071239 1.086331295e-06 -8.674617969e-06)
(1.500060949 6.63759904e-06 -9.474235314e-06)
(1.500009831 3.213738732e-05 1.027594068e-06)
(1.500054574 9.756128104e-05 3.243986572e-06)
(1.500163493 0.0001699955828 6.357803136e-06)
(1.500342331 0.0002536444342 1.1059656e-05)
(1.500600122 0.000349314091 1.79967433e-05)
(1.500950825 0.0004525069146 2.756882848e-05)
(1.501403792 0.0005519604772 3.952038847e-05)
(1.501955834 0.0006260779591 5.210665002e-05)
(1.502571965 0.000649403213 6.182408751e-05)
(1.503198548 0.0005876252195 6.322923022e-05)
(1.503738274 0.0004201555157 5.064894137e-05)
(1.504055017 0.0001590793605 2.333506665e-05)
(1.504092514 -0.0001022353584 -6.573389448e-06)
(1.503870139 -0.0003516514011 -3.605184078e-05)
(1.503413634 -0.0005261517203 -5.626082701e-05)
(1.502822272 -0.0006043970361 -6.399808896e-05)
(1.502197371 -0.0005911831688 -5.975113999e-05)
(1.5016425 -0.0005135399444 -4.78500235e-05)
(1.501206567 -0.0004142703927 -3.600189252e-05)
(1.500875355 -0.0003214979667 -2.81751118e-05)
(1.500624876 -0.0002414991526 -2.308387672e-05)
(1.500436301 -0.0001727338526 -1.932847681e-05)
(1.500304476 -0.0001188520187 -1.704020454e-05)
(1.500209769 -7.724644592e-05 -1.586549281e-05)
(1.500146063 -4.784460583e-05 -1.523345923e-05)
(1.500097588 -2.487492422e-05 -1.475810477e-05)
(1.500066692 -9.578265701e-06 -1.440406887e-05)
(1.500041523 2.63447888e-06 -1.404106339e-05)
(1.50002714 9.49789611e-06 -1.377929749e-05)
(1.500012565 1.478966678e-05 -1.343142564e-05)
(1.500005651 1.761923228e-05 -1.322751245e-05)
(1.499993036 1.801145284e-05 -1.294809352e-05)
(1.500010277 1.091342487e-05 8.419932213e-07)
(1.500057073 3.310844942e-05 2.64755466e-06)
(1.500170575 5.756042323e-05 5.115134376e-06)
(1.500355256 8.558861241e-05 8.726847529e-06)
(1.500617698 0.0001173708461 1.389403463e-05)
(1.500968884 0.0001512363139 2.079774052e-05)
(1.501413083 0.0001835886231 2.91576966e-05)
(1.501946619 0.0002067857346 3.760220726e-05)
(1.502521489 0.0002149900694 4.401691373e-05)
(1.50312677 0.0001906363617 4.395857382e-05)
(1.503590823 0.0001447642098 3.669799903e-05)
(1.503929114 3.477475655e-05 1.187431432e-05)
(1.503922714 -3.344218224e-05 -4.884687257e-06)
(1.503721704 -0.0001138020883 -2.549350726e-05)
(1.50331099 -0.0001709806323 -4.03845627e-05)
(1.502767275 -0.000197109085 -4.668625165e-05)
(1.50218634 -0.0001941698164 -4.48306758e-05)
(1.501652808 -0.0001703199494 -3.745749021e-05)
(1.501222686 -0.0001389730846 -2.919811368e-05)
(1.500884904 -0.0001090679808 -2.286980864e-05)
(1.500627481 -8.351499025e-05 -1.839427491e-05)
(1.500431563 -6.182046504e-05 -1.497871692e-05)
(1.500292813 -4.533094753e-05 -1.26902248e-05)
(1.500190827 -3.300521201e-05 -1.127161365e-05)
(1.500122414 -2.512633876e-05 -1.045418648e-05)
(1.500069435 -1.86728327e-05 -9.923697476e-06)
(1.500036596 -1.534466406e-05 -9.696364636e-06)
(1.500009182 -1.335084961e-05 -9.615353635e-06)
(1.499994011 -1.239783169e-05 -9.614849576e-06)
(1.499978193 -1.164670544e-05 -9.649436383e-06)
(1.499971222 -1.138781753e-05 -9.754588003e-06)
(1.499958097 -1.09963638e-05 -9.864407762e-06)
(1.500010302 -1.083994058e-05 3.121203189e-07)
(1.500057204 -3.287843306e-05 9.799483574e-07)
(1.500170953 -5.711672355e-05 1.885761816e-06)
(1.500356018 -8.482360084e-05 3.202741743e-06)
(1.50061894 -0.0001161185197 5.077965035e-06)
(1.500970588 -0.0001492807216 7.575525261e-06)
(1.501414946 -0.0001806860855 1.059611821e-05)
(1.501948037 -0.000202797244 1.365346431e-05)
(1.502521147 -0.0002100857422 1.600912416e-05)
(1.503124395 -0.0001852672585 1.610630146e-05)
(1.503584333 -0.0001400667734 1.371460902e-05)
(1.503921286 -3.155569999e-05 5.250501007e-06)
(1.503913271 3.474047868e-05 -4.439626662e-07)
(1.503713713 0.0001135071701 -7.442711379e-06)
(1.503306141 0.0001698486776 -1.239841522e-05)
(1.502765943 0.0001960714292 -1.43343686e-05)
(1.502188127 0.0001940555869 -1.343166805e-05)
(1.501656466 0.000171701234 -1.063329662e-05)
(1.501225896 0.0001415151093 -7.564012358e-06)
(1.500887327 0.0001122175175 -5.196343832e-06)
(1.500628984 8.689403099e-05 -3.506163703e-06)
(1.500433184 6.544219594e-05 -2.230551098e-06)
(1.500294165 4.900395443e-05 -1.374497459e-06)
(1.500192345 3.673884331e-05 -8.250364193e-07)
(1.50012395 2.861359259e-05 -5.102932404e-07)
(1.500071376 2.292915755e-05 -2.296590901e-07)
(1.500038619 1.896059519e-05 -1.466829315e-07)
(1.500011463 1.688992687e-05 -1.331845995e-07)
(1.499996481 1.604313674e-05 -1.377027779e-07)
(1.499980986 1.602697682e-05 -1.539558154e-07)
(1.499974053 1.640689072e-05 -1.619020432e-07)
(1.499961511 1.711894332e-05 -1.967259334e-07)
(1.500009867 -3.191323162e-05 3.775927357e-07)
(1.500054769 -9.685792415e-05 1.190319692e-06)
(1.500164065 -0.0001686280919 2.3238683e-06)
(1.500343504 -0.0002512601675 4.024629652e-06)
(1.500602082 -0.000345361713 6.521566192e-06)
(1.500953606 -0.0004462433679 9.954066685e-06)
(1.501407033 -0.0005425705658 1.422695464e-05)
(1.501958614 -0.0006130526001 1.87216435e-05)
(1.502572546 -0.0006331598228 2.220881124e-05)
(1.503195517 -0.0005699777564 2.279884682e-05)
(1.503730653 -0.0004045327014 1.857023794e-05)
(1.504043821 -0.0001486757029 9.225285588e-06)
(1.504080059 0.00010594862 -9.950714884e-07)
(1.503860004 0.0003500007419 -1.103564318e-05)
(1.503407939 0.0005215938304 -1.780183914e-05)
(1.502821394 0.0006000076479 -2.020764924e-05)
(1.502201124 0.0005901175692 -1.845050376e-05)
(1.501647658 0.0005175691841 -1.40742908e-05)
(1.501211556 0.0004227986705 -9.750175387e-06)
(1.500877733 0.0003320735501 -6.818105736e-06)
(1.500626871 0.0002536549761 -4.887203102e-06)
(1.500437528 0.0001858229532 -3.475094025e-06)
(1.500305994 0.0001329513413 -2.607608756e-06)
(1.500210716 9.154613818e-05 -2.136342037e-06)
(1.5001475 6.267962072e-05 -1.901199369e-06)
(1.500098957 3.961176359e-05 -1.756982962e-06)
(1.500068743 2.46243944e-05 -1.663202521e-06)
(1.500043968 1.12974357e-05 -1.617738287e-06)
(1.500030023 4.35114727e-06 -1.603068658e-06)
(1.500015864 -3.025828521e-06 -1.626202838e-06)
(1.500009647 -6.220336856e-06 -1.64087399e-06)
(1.499996197 -9.32378614e-06 -1.717010144e-06)
(1.500008949 -5.110468052e-05 5.154002315e-07)
(1.500049639 -0.0001553039111 1.635061696e-06)
(1.50014949 -0.0002715647523 3.262571188e-06)
(1.500316753 -0.0004073043004 5.814955663e-06)
(1.500565124 -0.0005644974314 9.725686294e-06)
(1.500914933 -0.0007365398539 1.532835817e-05)
(1.501383985 -0.0009047727315 2.260092016e-05)
(1.501976609 -0.001033337352 3.055450508e-05)
(1.50266292 -0.001074456613 3.699990081e-05)
(1.503377945 -0.0009718171917 3.827143614e-05)
(1.503998664 -0.0006941027384 3.110491794e-05)
(1.504380276 -0.0002527069313 1.491174956e-05)
(1.504426763 0.0001953355122 -3.259607009e-06)
(1.504151538 0.0006095684469 -2.0067362e-05)
(1.503608501 0.0008999827159 -3.099489688e-05)
(1.502925623 0.001027637143 -3.433696877e-05)
(1.502217504 0.0009985629551 -3.017065111e-05)
(1.501619891 0.00086288627 -2.144597186e-05)
(1.501175227 0.0006970330297 -1.348261729e-05)
(1.500852677 0.0005454166632 -8.349449198e-06)
(1.500614996 0.0004169812896 -4.803403492e-06)
(1.500439373 0.0003083525613 -2.080821028e-06)
(1.500320341 0.0002248273232 -3.467176032e-07)
(1.500238483 0.0001624617393 5.870372162e-07)
(1.500183777 0.000119117023 1.106982781e-06)
(1.500143662 8.689078938e-05 1.327840527e-06)
(1.500117604 6.544814555e-05 1.460646888e-06)
(1.500097934 4.956891061e-05 1.42975938e-06)
(1.500086208 4.057044239e-05 1.383650151e-06)
(1.50007556 3.402349856e-05 1.236489231e-06)
(1.5000702 3.158838679e-05 1.158125761e-06)
(1.500063609 3.037944065e-05 9.643440225e-07)
(1.500007468 -6.697433287e-05 7.373327582e-07)
(1.500041375 -0.0002039207262 2.356141915e-06)
(1.500125881 -0.0003589072326 4.817565227e-06)
(1.50027269 -0.0005435894027 8.859017615e-06)
(1.500502277 -0.0007627978414 1.532865465e-05)
(1.500844976 -0.001009905246 2.500395901e-05)
(1.501333333 -0.001260383915 3.80901288e-05)
(1.501986165 -0.001462787679 5.300937778e-05)
(1.502787123 -0.001540570396 6.545338124e-05)
(1.503647255 -0.0014077979 6.826779005e-05)
(1.504425362 -0.001006594459 5.493666262e-05)
(1.504905761 -0.0003658718046 2.500084846e-05)
(1.504954063 0.0002941066424 -8.349836007e-06)
(1.504592362 0.0008971523758 -3.825442434e-05)
(1.503906696 0.001315137435 -5.701242488e-05)
(1.503066257 0.001486020313 -6.187620332e-05)
(1.502222695 0.001417297166 -5.286765852e-05)
(1.501560256 0.001194747488 -3.639628908e-05)
(1.50111393 0.0009451565228 -2.331162849e-05)
(1.500814418 0.0007271065248 -1.615500068e-05)
(1.500601814 0.0005455013556 -1.16012721e-05)
(1.500448923 0.0003913179837 -8.15198509e-06)
(1.500352687 0.0002746766298 -6.133710676e-06)
(1.500289756 0.000186690946 -5.191208154e-06)
(1.500249861 0.0001267908345 -4.781302033e-06)
(1.500220082 8.025328195e-05 -4.642204964e-06)
(1.500201895 5.014271846e-05 -4.708509075e-06)
(1.500187816 2.541654003e-05 -5.010655332e-06)
(1.500180274 1.165560738e-05 -5.348524909e-06)
(1.500172579 -1.197692111e-06 -5.914525057e-06)
(1.500169657 -6.772204651e-06 -6.301009032e-06)
(1.500159665 -1.257908579e-05 -6.788027172e-06)
(1.500005347 -7.78828539e-05 1.055931526e-06)
(1.500029565 -0.0002377526978 3.396280113e-06)
(1.500091885 -0.0004220368741 7.129151019e-06)
(1.500207935 -0.0006474242378 1.354270999e-05)
(1.500406429 -0.0009235450747 2.427379289e-05)
(1.500731215 -0.001246674237 4.102257998e-05)
(1.501236238 -0.001589589325 6.469263984e-05)
(1.501966315 -0.001885183113 9.272678525e-05)
(1.502923909 -0.002023981761 0.0001171582163)
(1.504008883 -0.001872006614 0.0001231219942)
(1.505012014 -0.001342952863 9.74632673e-05)
(1.505630392 -0.0004789442036 4.160033045e-05)
(1.505675671 0.0004146986611 -1.933051472e-05)
(1.505188019 0.00122139689 -7.282286647e-05)
(1.504296594 0.001773418339 -0.0001048067295)
(1.503215582 0.001976071609 -0.0001112882558)
(1.502186486 0.001838198397 -9.007903565e-05)
(1.50144041 0.001501471842 -5.563922874e-05)
(1.501004587 0.001163212507 -3.042387234e-05)
(1.500741326 0.0008870244129 -1.683484615e-05)
(1.500561022 0.0006638281323 -7.999292867e-06)
(1.500439425 0.0004797632545 -1.81739706e-06)
(1.500371425 0.000342419637 1.850540775e-06)
(1.500334422 0.0002436771206 3.072317091e-06)
(1.500312166 0.000175553708 3.499333846e-06)
(1.500297037 0.0001266597125 3.560587186e-06)
(1.500287695 9.373494133e-05 3.334085824e-06)
(1.500281864 7.056369138e-05 2.9326243e-06)
(1.500278448 5.688725016e-05 2.467940182e-06)
(1.500276001 4.78441962e-05 1.86083984e-06)
(1.500274029 4.463398409e-05 1.385497107e-06)
(1.500277798 4.358379435e-05 4.367417852e-07)
(1.500002348 -8.204481172e-05 1.477052484e-06)
(1.50001407 -0.000251363988 4.775905081e-06)
(1.500047088 -0.0004508596478 1.029794323e-05)
(1.500120646 -0.0007023887115 2.023195957e-05)
(1.500272092 -0.00102226707 3.763183369e-05)
(1.500561346 -0.001413378688 6.601301331e-05)
(1.501071765 -0.00185132523 0.0001080650338)
(1.501887676 -0.002256176772 0.0001598613133)
(1.503047587 -0.002484228725 0.0002072547982)
(1.504438011 -0.002337616578 0.0002191888766)
(1.505764277 -0.001677289902 0.0001696515133)
(1.506563083 -0.0005810129417 6.683334951e-05)
(1.506594378 0.0005466276307 -4.135216508e-05)
(1.505934809 0.001563913882 -0.0001373850745)
(1.504763461 0.002239127459 -0.0001890300379)
(1.503355153 0.002459700181 -0.0001980875282)
(1.502075346 0.002221635238 -0.000156907933)
(1.501246973 0.001743822848 -9.658435642e-05)
(1.500856934 0.001312542137 -5.786743848e-05)
(1.500654847 0.0009725385002 -3.912329037e-05)
(1.500523993 0.0007031821401 -2.739567717e-05)
(1.500444443 0.0004852870804 -1.90752789e-05)
(1.500413141 0.0003286043385 -1.538785342e-05)
(1.500405423 0.0002166303756 -1.502568962e-05)
(1.500404106 0.0001407799048 -1.67373828e-05)
(1.500404143 8.422663622e-05 -1.889514429e-05)
(1.500405474 4.59386888e-05 -2.130972423e-05)
(1.500407976 1.588377865e-05 -2.402245968e-05)
(1.500410334 -3.086920232e-06 -2.633660376e-05)
(1.500412148 -1.963308573e-05 -2.866929522e-05)
(1.500414178 -2.848690682e-05 -3.053582432e-05)
(1.500408497 -3.796839253e-05 -3.218743642e-05)
(1.499999567 -7.797460725e-05 1.956413181e-06)
(1.499995687 -0.0002397568313 6.441316705e-06)
(1.499993277 -0.000435012676 1.429135125e-05)
(1.500013252 -0.0006895431855 2.903733846e-05)
(1.50010013 -0.001026950518 5.61275098e-05)
(1.50033039 -0.001460206861 0.0001023933332)
(1.500824595 -0.001975434122 0.0001744495923)
(1.501721523 -0.00248792936 0.0002670391532)
(1.503124045 -0.002824941546 0.0003567104495)
(1.504903058 -0.002713529557 0.0003802659147)
(1.506671058 -0.001936047986 0.0002854057661)
(1.507689925 -0.0006511018316 0.000102980468)
(1.507698921 0.0006516931415 -8.388849039e-05)
(1.506814393 0.001805047367 -0.0002454046341)
(1.505276097 0.002678657853 -0.0003398971364)
(1.503469086 0.00282075721 -0.0003451953833)
(1.501852833 0.002442316618 -0.0002509465463)
(1.500939746 0.001829789768 -0.0001340931854)
(1.500624941 0.001356755081 -6.690784918e-05)
(1.500501694 0.001000922924 -3.527528399e-05)
(1.500432339 0.000720152149 -1.808477275e-05)
(1.500406086 0.0004960294262 -6.470388147e-06)
(1.500419351 0.0003398086752 -2.518760827e-06)
(1.50044608 0.0002324334414 -2.274035133e-06)
(1.50046757 0.0001629212248 -3.043502045e-06)
(1.500483475 0.0001149244634 -4.397304011e-06)
(1.500494709 8.621212977e-05 -6.140913901e-06)
(1.500505618 6.627728881e-05 -8.644815897e-06)
(1.500511325 5.815337231e-05 -1.043612363e-05)
(1.500519167 5.334216874e-05 -1.430732704e-05)
(1.50052012 5.337670233e-05 -1.640292522e-05)
(1.500539618 5.689299188e-05 -2.125458598e-05)
(1.499995715 -6.481075488e-05 2.471290958e-06)
(1.499976384 -0.0001999266761 8.205042924e-06)
(1.499936385 -0.0003669055341 1.869817962e-05)
(1.499896466 -0.0005918912198 3.929788553e-05)
(1.499904976 -0.0009031000005 7.902961324e-05)
(1.500051766 -0.001323964724 0.0001502457763)
(1.500499264 -0.001859368135 0.0002673102532)
(1.501455158 -0.00243776225 0.0004240341097)
(1.503124497 -0.00288194317 0.0005849919642)
(1.505362257 -0.002842281202 0.0006267451275)
(1.507674005 -0.002002363213 0.0004536518813)
(1.508930881 -0.0006084146689 0.0001490876078)
(1.508896521 0.0007386469127 -0.0001513828248)
(1.507754135 0.001985487101 -0.0004178514449)
(1.505790849 0.002800211589 -0.0005784353024)
(1.503508711 0.002985816776 -0.0005791998167)
(1.501513155 0.00246234311 -0.0004011478725)
(1.500591524 0.001713873382 -0.0002182063822)
(1.500401584 0.001209876114 -0.0001276087856)
(1.500373081 0.0008531916275 -8.597355119e-05)
(1.500366868 0.0005856711657 -6.393746595e-05)
(1.500393643 0.0003773509619 -5.664077944e-05)
(1.500451269 0.0002338266493 -6.334799438e-05)
(1.500513138 0.0001324259377 -7.586085094e-05)
(1.500558172 6.163959435e-05 -8.84593308e-05)
(1.500592922 1.077404834e-05 -9.966514435e-05)
(1.500617231 -2.78329595e-05 -0.0001090356698)
(1.500634817 -5.675615915e-05 -0.0001158759823)
(1.500648848 -7.866355055e-05 -0.0001207717025)
(1.500657176 -9.616985496e-05 -0.0001236276375)
(1.500665311 -0.0001099603044 -0.0001251122139)
(1.500657439 -0.0001197644839 -0.0001251207223)
(1.499992706 -4.30566195e-05 2.905096303e-06)
(1.499959776 -0.0001331877059 9.72522218e-06)
(1.499886687 -0.0002467303327 2.267243383e-05)
(1.499791511 -0.0004039585693 4.904454934e-05)
(1.49972173 -0.0006297030054 0.0001022667438)
(1.499772241 -0.0009495969661 0.0002024495361)
(1.500141301 -0.001384831595 0.0003772917108)
(1.501106428 -0.001900468757 0.000625049596)
(1.503022797 -0.00237385019 0.0008980537951)
(1.505745562 -0.002473775759 0.0009627445023)
(1.508701331 -0.001806974344 0.0006567420464)
(1.510207858 -0.0005914553779 0.0001559158687)
(1.51010023 0.0004901503743 -0.0002802113608)
(1.50869986 0.001569000334 -0.0006859351775)
(1.506276508 0.002359755899 -0.0009192698259)
(1.503470187 0.002566449747 -0.0008989985881)
(1.500963638 0.002082004084 -0.0005427443261)
(1.500085804 0.001373063932 -0.0002434254488)
(1.500077271 0.0009724740051 -0.0001446850126)
(1.500184264 0.0006383915431 -0.0001021934259)
(1.500252532 0.0004153220338 -7.893005101e-05)
(1.500330769 0.0002566846695 -6.751737977e-05)
(1.50042771 0.0001575238629 -6.828985931e-05)
(1.500518037 9.797608532e-05 -7.488786081e-05)
(1.500575713 6.649010754e-05 -8.222607326e-05)
(1.500617855 4.869527321e-05 -9.120496122e-05)
(1.50064658 4.210110427e-05 -9.930952094e-05)
(1.500671609 4.120023609e-05 -0.0001097972842)
(1.500685876 4.338949725e-05 -0.0001178543546)
(1.500702669 4.928680143e-05 -0.0001287344129)
(1.500706771 5.376769157e-05 -0.0001349652336)
(1.500745935 6.263451359e-05 -0.0001454404572)
(1.499990962 -1.474606713e-05 3.15854012e-06)
(1.499950091 -4.647907885e-05 1.062209339e-05)
(1.499857274 -8.673312436e-05 2.506520934e-05)
(1.499727659 -0.0001434187563 5.518133359e-05)
(1.499606412 -0.0002268614359 0.0001175854322)
(1.499583724 -0.000348703654 0.0002395745639)
(1.499881702 -0.0005226707346 0.0004629585848)
(1.500798595 -0.0007427043928 0.0007996744441)
(1.502817367 -0.0009750063127 0.001218672836)
(1.505890538 -0.001068765919 0.001336216749)
(1.509244585 -0.0008639869895 0.0009711137077)
(1.511194195 -0.0002749109833 0.0001422551812)
(1.510970481 8.605464368e-05 -0.0003479098652)
(1.509423146 0.0005289288653 -0.000886647108)
(1.506708939 0.0008698823914 -0.001227199109)
(1.503562379 0.001006637869 -0.001241481859)
(1.500619751 0.0008277331837 -0.0007704598059)
(1.499686555 0.0004744998085 -0.0002958016709)
(1.499824943 0.0003367739909 -0.0002113920524)
(1.500059112 0.0001731273276 -0.0002103960554)
(1.500184054 6.405496688e-05 -0.0002349958878)
(1.500311187 -2.445245798e-05 -0.0002667322912)
(1.500454641 -9.380665616e-05 -0.0003051614306)
(1.500577893 -0.000143802423 -0.000340392716)
(1.50065432 -0.0001743222725 -0.0003629624036)
(1.500705606 -0.0001959435697 -0.0003729110649)
(1.500744602 -0.0002122340935 -0.0003760385915)
(1.500770704 -0.0002240392943 -0.0003746817031)
(1.500790168 -0.000233643475 -0.0003707453513)
(1.500801187 -0.000241135054 -0.0003650836992)
(1.500810529 -0.0002466158125 -0.000358448309)
(1.500793079 -0.0002506545804 -0.0003513295461)
(1.499990957 1.510684631e-05 3.155475391e-06)
(1.499950061 4.754008691e-05 1.061222095e-05)
(1.499857177 8.839702771e-05 2.504886256e-05)
(1.499727384 0.0001454725277 5.515322996e-05)
(1.499605816 0.000228777196 0.0001175804817)
(1.499582304 0.0003495819415 0.0002396095377)
(1.499879195 0.0005204343673 0.0004634956831)
(1.500793508 0.0007349662122 0.0008009899783)
(1.502809543 0.0009572838843 0.001223785359)
(1.505883105 0.001041270965 0.001344530147)
(1.509239987 0.0008324024166 0.0009793265153)
(1.511191275 0.0002413345282 0.0001500840564)
(1.510968186 -0.0001211515708 -0.0003407993731)
(1.509418852 -0.0005674866382 -0.0008799189568)
(1.506702001 -0.0009176643476 -0.001219860174)
(1.503541517 -0.001071451097 -0.001230166346)
(1.500600582 -0.0009254126705 -0.0007490924801)
(1.499637176 -0.0006211595741 -0.0002502603221)
(1.499776171 -0.0005114264754 -0.0001584687975)
(1.500009736 -0.0003731909481 -0.0001302574275)
(1.500122921 -0.000281221935 -0.0001342942889)
(1.500244841 -0.0002100066384 -0.0001502172554)
(1.500384541 -0.0001577038622 -0.0001740407184)
(1.500506515 -0.0001214126394 -0.0001965996519)
(1.500578325 -0.0001000325706 -0.0002094533348)
(1.500633195 -8.396744774e-05 -0.0002165423569)
(1.500669759 -7.367161604e-05 -0.0002189856849)
(1.500701435 -6.467842652e-05 -0.0002177576548)
(1.50071887 -5.967624266e-05 -0.0002151554885)
(1.500737815 -5.515871611e-05 -0.0002100109115)
(1.500747732 -5.262168286e-05 -0.0002059287269)
(1.500793111 -4.956275106e-05 -0.0001981496667)
(1.499992693 4.341543188e-05 2.896375868e-06)
(1.4999597 0.0001342540833 9.697932388e-06)
(1.499886433 0.0002484479806 2.262350614e-05)
(1.499790839 0.0004061969213 4.89695858e-05)
(1.499720248 0.0006322202416 0.000102208547)
(1.499769157 0.0009519452252 0.0002024993692)
(1.500135926 0.001386519653 0.0003779571295)
(1.501097988 0.001900987787 0.0006267980784)
(1.503013771 0.002374276259 0.0009027658075)
(1.505740318 0.002474767206 0.0009682924342)
(1.508702749 0.001809726391 0.0006603965678)
(1.510206461 0.0005959408664 0.0001604812276)
(1.510096966 -0.0004873919312 -0.0002751943097)
(1.508692728 -0.001567835548 -0.0006801621378)
(1.506261267 -0.002363775762 -0.0009114786364)
(1.503450862 -0.002573276776 -0.0008875532595)
(1.500932867 -0.00208654317 -0.0005253930349)
(1.500063886 -0.001371253574 -0.0002195445985)
(1.50006851 -0.000960700483 -0.0001210478507)
(1.500197116 -0.0005991818898 -8.394350822e-05)
(1.500281647 -0.0003449270543 -7.207441607e-05)
(1.500373172 -0.0001529122549 -7.488097786e-05)
(1.500479319 -2.595334568e-05 -8.886123177e-05)
(1.500575514 6.127395222e-05 -0.0001059093944)
(1.500636372 0.0001165536483 -0.0001183366928)
(1.500681704 0.000156524289 -0.0001278255716)
(1.500709798 0.0001823143369 -0.0001333940243)
(1.500736155 0.000202043465 -0.0001363611694)
(1.500752422 0.0002152926222 -0.0001369913116)
(1.500762595 0.0002236984162 -0.0001357620383)
(1.500766208 0.0002289251936 -0.0001337025439)
(1.500744879 0.0002323113636 -0.000127905035)
(1.499995699 6.516555075e-05 2.458143298e-06)
(1.49997629 0.0002009885121 8.163912089e-06)
(1.499936076 0.00036866956 1.862264431e-05)
(1.499895684 0.0005943489341 3.917857375e-05)
(1.499903315 0.0009062813918 7.888729668e-05)
(1.500048562 0.001327955574 0.000150135815)
(1.500494036 0.001864608185 0.0002675214804)
(1.501447716 0.002444808381 0.0004248263829)
(1.503116626 0.002892074875 0.0005872435704)
(1.505356487 0.002854655596 0.0006298108725)
(1.507670361 0.002013447113 0.0004567554417)
(1.508925897 0.000619107823 0.0001527211143)
(1.50889045 -0.0007279708408 -0.000147785243)
(1.507745156 -0.001973722565 -0.0004143700384)
(1.505776607 -0.002785950715 -0.000574825752)
(1.503489544 -0.002966326431 -0.0005737678464)
(1.501490499 -0.002436398129 -0.000394485295)
(1.500569246 -0.001678793829 -0.0002073339573)
(1.500387898 -0.001172543063 -0.0001159644698)
(1.500364424 -0.0008208010377 -7.485725569e-05)
(1.500354595 -0.0005688040299 -5.028324485e-05)
(1.500373786 -0.0003807291009 -3.949106705e-05)
(1.500422953 -0.0002648921858 -3.917770056e-05)
(1.500479547 -0.0001890347776 -4.49761123e-05)
(1.500518458 -0.0001448685183 -5.064147385e-05)
(1.500548963 -0.0001161622545 -5.630118705e-05)
(1.500568954 -0.0001022009095 -6.016496376e-05)
(1.500589189 -9.421392331e-05 -6.309878045e-05)
(1.500599161 -9.211029661e-05 -6.413999066e-05)
(1.50061441 -9.324543182e-05 -6.375327353e-05)
(1.500616574 -9.529894676e-05 -6.292112455e-05)
(1.500656137 -0.0001011920502 -5.971854303e-05)
(1.49999956 7.831415499e-05 1.940418234e-06)
(1.499995605 0.0002407812011 6.391016148e-06)
(1.499993004 0.0004367545125 1.419759191e-05)
(1.50001258 0.0006920743625 2.888570938e-05)
(1.50009874 0.001030443747 5.591440378e-05)
(1.500327821 0.001464970188 0.0001021323551)
(1.500820523 0.001982105856 0.0001742651544)
(1.501715903 0.002497187013 0.0002670705593)
(1.503117991 0.002837670807 0.0003573609)
(1.504898149 0.00272924136 0.0003813328279)
(1.506668578 0.001952842423 0.0002862811449)
(1.507687296 0.0006706928544 0.0001037282314)
(1.507695597 -0.000629760853 -8.339029315e-05)
(1.506808967 -0.001778174214 -0.0002451651929)
(1.505266434 -0.002656302205 -0.000339591255)
(1.503455636 -0.002786657445 -0.0003443969817)
(1.501835567 -0.002400159261 -0.0002498888604)
(1.500921637 -0.001778447929 -0.0001307718961)
(1.500612764 -0.001300235852 -6.22224196e-05)
(1.500496764 -0.0009426062114 -3.119617285e-05)
(1.500432289 -0.0006574473033 -1.413280278e-05)
(1.500410527 -0.0004230324677 -5.342988693e-06)
(1.500429115 -0.000252021192 -3.386804508e-06)
(1.500461699 -0.0001260606934 -6.181389008e-06)
(1.500488332 -3.667825051e-05 -9.391898365e-06)
(1.500507498 3.114132657e-05 -1.219115247e-05)
(1.50052276 8.085660019e-05 -1.43875982e-05)
(1.500534674 0.0001179546441 -1.578849883e-05)
(1.500543836 0.0001460015205 -1.642715926e-05)
(1.500548611 0.0001669293575 -1.627063631e-05)
(1.500555227 0.0001828352653 -1.564321606e-05)
(1.500537687 0.0001946573686 -1.349268655e-05)
(1.500002334 8.235610364e-05 1.459477769e-06)
(1.500014013 0.0002523069022 4.720909671e-06)
(1.500046898 0.0004524825666 1.019585996e-05)
(1.500120179 0.0007047933544 2.006563839e-05)
(1.50027113 0.001025657181 3.738511413e-05)
(1.5005596 0.00141809139 6.567550434e-05)
(1.501069041 0.001857932761 0.0001076729409)
(1.50188402 0.002265302959 0.0001594676242)
(1.503043693 0.002496534106 0.0002070028245)
(1.50443484 0.002352984348 0.0002190177308)
(1.505762571 0.001694351158 0.0001693291151)
(1.506561206 0.0006001427128 6.636050965e-05)
(1.50659166 -0.0005257012635 -4.194701525e-05)
(1.505930721 -0.001540898305 -0.0001383822118)
(1.50475674 -0.002212863254 -0.0001898305767)
(1.503344457 -0.002428305747 -0.0001989194255)
(1.502063111 -0.002184235407 -0.0001581129927)
(1.501234005 -0.001697668861 -9.708899604e-05)
(1.50084882 -0.001260169233 -5.819302113e-05)
(1.500652392 -0.000917333692 -4.033169685e-05)
(1.500523568 -0.0006464361747 -2.932864855e-05)
(1.500443212 -0.0004300555587 -2.113585695e-05)
(1.500409594 -0.0002767460851 -1.702435187e-05)
(1.500399057 -0.000173549146 -1.581227422e-05)
(1.500394313 -0.0001081323826 -1.593510225e-05)
(1.500390663 -6.468823161e-05 -1.655871948e-05)
(1.500389315 -3.917467737e-05 -1.750127684e-05)
(1.500389343 -2.451468319e-05 -1.818191788e-05)
(1.500389661 -1.839185372e-05 -1.910573284e-05)
(1.50039063 -1.894812475e-05 -1.951807841e-05)
(1.500389 -2.242030701e-05 -1.987478659e-05)
(1.500406109 -2.752915e-05 -1.975764088e-05)
(1.500005342 7.815346106e-05 1.037909911e-06)
(1.500029536 0.0002385719951 3.340514937e-06)
(1.500091786 0.0004234536415 7.026151889e-06)
(1.50020768 0.0006495375264 1.337584994e-05)
(1.500405889 0.000926535701 2.402309497e-05)
(1.500730224 0.001250827846 4.066796028e-05)
(1.501234695 0.00159533988 6.423088e-05)
(1.501964277 0.001893003607 9.216629711e-05)
(1.502921767 0.002034286109 0.0001165433612)
(1.504007144 0.001884760956 0.0001224472221)
(1.505011119 0.001357342453 9.664116018e-05)
(1.505629532 0.0004950281552 4.056355897e-05)
(1.505674366 -0.0003966801046 -2.058907243e-05)
(1.505185867 -0.001200963018 -7.441436381e-05)
(1.504292553 -0.001750297782 -0.0001066762667)
(1.503209926 -0.001948580871 -0.0001134972434)
(1.502178855 -0.001805177794 -9.265058271e-05)
(1.501432715 -0.001462105091 -5.817386738e-05)
(1.500999056 -0.001118865578 -3.289332198e-05)
(1.500738641 -0.0008409963769 -1.964867561e-05)
(1.500559781 -0.0006185364514 -1.095887121e-05)
(1.50043752 -0.0004337089362 -4.554842624e-06)
(1.500370308 -0.0002962117554 -7.969294019e-07)
(1.500334228 -0.0001938977737 1.472616062e-08)
(1.500313799 -0.0001224932562 -2.161810788e-07)
(1.500299974 -6.609125976e-05 -6.959178012e-07)
(1.500292547 -2.672218313e-05 -1.181098844e-06)
(1.500288335 6.294966316e-06 -1.659554635e-06)
(1.500286781 2.726465242e-05 -2.055451514e-06)
(1.500285085 4.790384101e-05 -2.133970447e-06)
(1.500285602 5.883743815e-05 -1.926623553e-06)
(1.500274886 7.145314789e-05 -1.405178205e-06)
(1.500007467 6.719334823e-05 7.196521108e-07)
(1.500041371 0.0002045840986 2.301693048e-06)
(1.500125861 0.000360055563 4.717949662e-06)
(1.500272615 0.0005453031471 8.699503325e-06)
(1.50050208 0.0007652153063 1.509006156e-05)
(1.500844572 0.001013236336 2.466478281e-05)
(1.501332674 0.001264924438 3.763407485e-05)
(1.501985295 0.001468855674 5.242728649e-05)
(1.502786266 0.001548423247 6.47518973e-05)
(1.503646661 0.001417469588 6.744404461e-05)
(1.504425352 0.001017665882 5.395234754e-05)
(1.504905821 0.0003783249326 2.380315911e-05)
(1.504953819 -0.0002801013346 -9.759691108e-06)
(1.504591482 -0.000881451938 -3.993631944e-05)
(1.503904614 -0.00129742007 -5.900160264e-05)
(1.50306293 -0.001465359588 -6.415986774e-05)
(1.502217985 -0.001393000534 -5.54789275e-05)
(1.501555471 -0.001166500328 -3.917262019e-05)
(1.501109483 -0.0009131748966 -2.617000631e-05)
(1.500812868 -0.0006944438458 -1.929386573e-05)
(1.500600278 -0.000511369061 -1.49742132e-05)
(1.500448581 -0.0003573617919 -1.16796908e-05)
(1.500351242 -0.0002385142248 -9.765782311e-06)
(1.500289118 -0.0001516729091 -8.878708461e-06)
(1.500247399 -9.11338602e-05 -8.413805129e-06)
(1.500217606 -4.843175807e-05 -8.094963378e-06)
(1.500196747 -1.93056647e-05 -7.930522308e-06)
(1.500182851 -1.039211982e-06 -7.879717738e-06)
(1.500172343 1.010435896e-05 -7.896943913e-06)
(1.500165302 1.479001753e-05 -7.903548241e-06)
(1.500158942 1.600638448e-05 -7.91356159e-06)
(1.500156345 1.410572667e-05 -7.966914534e-06)
(1.500008952 5.126514507e-05 4.983605583e-07)
(1.500049655 0.0001557899323 1.582754174e-06)
(1.50014953 0.0002724054341 3.167825267e-06)
(1.500316813 0.0004085564183 5.665180398e-06)
(1.500565175 0.0005662547165 9.504028048e-06)
(1.500914939 0.0007389401664 1.501517836e-05)
(1.501383926 0.0009080007553 2.217755757e-05)
(1.501976524 0.001037590748 3.000598783e-05)
(1.502662925 0.00107988892 3.631962459e-05)
(1.503378208 0.0009784749498 3.745263708e-05)
(1.50399931 0.0007017882625 3.012806538e-05)
(1.504380978 0.0002613548949 1.374279047e-05)
(1.504427246 -0.0001856142663 -4.619598092e-06)
(1.504151595 -0.0005986801797 -2.166743667e-05)
(1.503607829 -0.0008876486461 -3.287063066e-05)
(1.502923932 -0.001013359743 -3.649934385e-05)
(1.502215212 -0.0009818815536 -3.26398435e-05)
(1.501616769 -0.0008433659987 -2.414729438e-05)
(1.501173114 -0.0006753880442 -1.635285178e-05)
(1.500850953 -0.0005222820174 -1.14108706e-05)
(1.500614523 -0.000393830964 -8.03530763e-06)
(1.500437884 -0.0002843590318 -5.33842188e-06)
(1.50031936 -0.0002012611831 -3.650311736e-06)
(1.5002364 -0.0001382808853 -2.738002558e-06)
(1.500182304 -9.56071589e-05 -2.27751405e-06)
(1.500141236 -6.212709758e-05 -2.03739288e-06)
(1.500116008 -4.032466207e-05 -1.98257448e-06)
(1.500096069 -2.206751401e-05 -2.0373913e-06)
(1.500085345 -1.177763669e-05 -2.118535217e-06)
(1.500074671 -1.6636918e-06 -2.206380248e-06)
(1.50007022 3.177124478e-06 -2.253499913e-06)
(1.500059945 8.788293456e-06 -2.214715553e-06)
(1.500009872 3.201093389e-05 3.611565905e-07)
(1.500054798 9.715377253e-05 1.139981281e-06)
(1.500164145 0.0001691392563 2.233412035e-06)
(1.500343649 0.0002520198301 3.883157553e-06)
(1.50060229 0.000346423213 6.314380472e-06)
(1.500953864 0.0004476835649 9.663795501e-06)
(1.50140734 0.0005444887339 1.383580141e-05)
(1.501958996 0.0006155552101 1.821361959e-05)
(1.502573078 0.0006363233527 2.157362881e-05)
(1.503196264 0.0005738391123 2.202592501e-05)
(1.503731717 0.0004090296102 1.764555433e-05)
(1.504044982 0.0001537329575 8.118120991e-06)
(1.504081021 -0.000100239941 -2.272420008e-06)
(1.503860674 -0.0003436125308 -1.252524459e-05)
(1.503408069 -0.0005143710467 -1.953117784e-05)
(1.502820874 -0.0005917189878 -2.21930866e-05)
(1.502199664 -0.0005804842831 -2.069982122e-05)
(1.50164625 -0.0005065679937 -1.655652334e-05)
(1.501209627 -0.000410398248 -1.24046597e-05)
(1.50087693 -0.0003192725919 -9.640791324e-06)
(1.500625614 -0.00024038549 -7.834818003e-06)
(1.500436677 -0.0001725949823 -6.500591603e-06)
(1.500304388 -0.0001192548176 -5.68970635e-06)
(1.500209346 -7.78826296e-05 -5.270869367e-06)
(1.500145524 -4.859499511e-05 -5.047081764e-06)
(1.500096975 -2.564387721e-05 -4.903476584e-06)
(1.500066071 -1.033478746e-05 -4.80668025e-06)
(1.500040862 1.944529812e-06 -4.722057716e-06)
(1.500026484 8.855951291e-06 -4.669504095e-06)
(1.500011875 1.421935653e-05 -4.608645953e-06)
(1.500004965 1.701942631e-05 -4.575378994e-06)
(1.499992311 1.743324714e-05 -4.533854008e-06)
(1.500010308 1.087272481e-05 2.960369576e-07)
(1.500057239 3.297768663e-05 9.307514545e-07)
(1.500171052 5.728809495e-05 1.797745233e-06)
(1.500356205 8.507794666e-05 3.065909748e-06)
(1.500619222 0.0001164730703 4.878859126e-06)
(1.500970966 0.0001497599971 7.298054997e-06)
(1.501415423 0.0001813212677 1.022381637e-05)
(1.501948637 0.0002036224427 1.316942389e-05)
(1.502521915 0.0002111206988 1.540658327e-05)
(1.503125397 0.0001865379762 1.53595277e-05)
(1.503585536 0.0001415373501 1.284120983e-05)
(1.503922703 3.325858325e-05 4.153507757e-06)
(1.503914462 -3.285039109e-05 -1.668166202e-06)
(1.503714653 -0.0001114098875 -8.860042939e-06)
(1.503306673 -0.0001674891174 -1.403555624e-05)
(1.50276585 -0.0001933489142 -1.621052332e-05)
(1.502187551 -0.0001909501412 -1.555065029e-05)
(1.501655209 -0.0001680974318 -1.29769493e-05)
(1.501224876 -0.0001375336375 -1.009037727e-05)
(1.500886245 -0.0001079644794 -7.871839935e-06)
(1.500628226 -8.255090753e-05 -6.300603976e-06)
(1.500432011 -6.094837178e-05 -5.096488461e-06)
(1.50029288 -4.445079388e-05 -4.285581445e-06)
(1.500190639 -3.208189934e-05 -3.778459169e-06)
(1.500122056 -2.41033692e-05 -3.486230545e-06)
(1.50006899 -1.786823484e-05 -3.276707577e-06)
(1.500036074 -1.439028905e-05 -3.182275717e-06)
(1.500008606 -1.238453069e-05 -3.14038233e-06)
(1.499993427 -1.143876481e-05 -3.129130085e-06)
(1.499977586 -1.072596172e-05 -3.1270195e-06)
(1.499970622 -1.045701179e-05 -3.146714899e-06)
(1.499957505 -1.012299072e-05 -3.136962031e-06)
(1.528046817 -0.001945456285 -0.00450873964)
(1.530643815 -0.003711652831 -0.009790046265)
(1.530875941 -0.002799629715 -0.001213888585)
(1.531972929 -0.006849546269 -0.01308297934)
(1.532970119 -0.001821323351 -0.00712025457)
(1.534068612 -0.0003962051497 -0.02144658353)
(1.534240976 0.0009028132934 -0.01650009244)
(1.526791773 0.005131424386 0.01160625634)
(1.530324664 -0.001920232241 0.01156268212)
(1.529321093 -0.0012096319 0.01942193826)
(1.532707994 0.005459335402 0.005241242282)
(1.531503483 0.01080048129 0.01230804754)
(1.533714337 0.003206256049 -0.002773057154)
(1.532604815 0.004479336269 0.003202591861)
(1.530650923 0.003534828936 -0.001444813655)
(1.527150163 0.005647030208 -0.01003136379)
(1.527835043 0.002399564199 -0.003414131062)
(1.534539064 0.000854594426 -0.02250116305)
(1.534725169 -0.0005505722304 -0.01765983754)
(1.532567775 0.006877546899 -0.01290663617)
(1.533528785 0.001779010133 -0.007022566789)
(1.529122547 0.0016774675 0.01939708266)
(1.527543619 -0.001562696527 0.006596258675)
(1.526606399 -0.00446404171 0.01283172206)
(1.534236658 -0.002808458422 -0.004025716632)
(1.533185793 -0.004047077012 0.00182162519)
(1.533246162 -0.005572920679 0.005285315774)
(1.531967251 -0.01099852598 0.01234809264)
(1.523530338 -0.0071673987 -0.006622893549)
(1.529057016 -0.01500606362 -0.009907357645)
(1.52951608 -0.007602389783 -0.005938974764)
(1.524339673 -0.01737828674 -0.005163073377)
(1.525196285 -0.01073667175 -0.00380096589)
(1.523644709 -0.08815334844 -0.008461805852)
(1.525419197 -0.06759509554 -0.0008244046043)
(1.52246033 0.006565099303 -0.001459781914)
(1.528967009 0.0063218445 0.003930040307)
(1.527418488 0.01483087987 0.008553840822)
(1.525034255 -0.001495520736 -0.002152709589)
(1.523955338 0.005363410847 -0.001027085338)
(1.526214535 -0.0577139149 0.005991892982)
(1.520341554 -0.0406678332 0.01294942637)
(1.517364436 -0.05020375542 -0.0405098023)
(1.526093298 -0.0009283466193 -0.07528108107)
(1.52537531 -0.00634248991 -0.05237248512)
(1.490222102 -0.2141382407 -0.03846141307)
(1.48204847 -0.1721351927 -0.03512302791)
(1.526381366 -0.03287166977 -0.02346644806)
(1.527130095 -0.006043837262 -0.03668480273)
(1.528611082 -0.006899049582 -0.01646529452)
(1.476731404 -0.1802465933 -0.0305907015)
(1.529838215 -0.01967715654 -0.004079799612)
(1.529590704 -0.005982347242 -0.0007821158244)
(1.530235366 -0.005048298222 0.01275211686)
(1.528920499 -0.007571215283 0.01549675943)
(1.530886713 -0.004120967198 0.02844332829)
(1.528981269 -0.00349200385 0.04201872886)
(1.523939526 0.01153996791 0.03325977066)
(1.529140415 -0.002807641054 0.05705844215)
(1.526226189 -0.001415765646 0.07128658423)
(1.502122561 0.07663441169 0.08756420996)
(1.503501461 0.0379301755 0.03457872851)
(1.523861686 0.0008012279033 0.09175781548)
(1.513866938 0.007799107393 0.1088689868)
(1.474257942 0.08223314001 0.0739014771)
(1.465213624 0.0809657541 0.05800493545)
(1.522985803 -0.0003930841222 -0.05554928008)
(1.502252647 0.0600643238 -0.04411528796)
(1.518539745 0.04489825936 -0.04047070431)
(1.498358069 0.1927638707 -0.04297881618)
(1.501003243 0.157967102 -0.03651745895)
(1.525909152 -0.001965997202 -0.01852612212)
(1.523805481 0.04179841599 -0.03972869062)
(1.529183403 0.02841206948 -0.02456103727)
(1.50757435 0.1576880913 -0.03411918091)
(1.527601119 -0.004478943265 0.01038526014)
(1.531790405 0.02340836767 -0.01517819434)
(1.53286397 0.01555236652 -0.004160784247)
(1.52646023 -0.006194691021 0.03979497817)
(1.534652325 0.01047624263 0.005937222157)
(1.532167909 0.00287182085 0.01512585752)
(1.524526912 -0.007846002387 0.06899022773)
(1.532402854 -0.002084126341 0.02464103908)
(1.526980896 -0.01583696372 0.03430089753)
(1.50220328 -0.1055421553 0.07056394155)
(1.514583113 -0.01366999889 0.1077006144)
(1.520661408 -0.02567161788 0.04048809781)
(1.50576486 -0.0417883709 0.03514518912)
(1.464011751 -0.1034392516 0.07140369138)
(1.467267886 -0.09644150021 0.06401086167)
(1.530317297 0.00506012281 -0.005874064986)
(1.522656962 0.01137973748 -0.008129444975)
(1.523398913 0.005536075145 -0.005878537507)
(1.52770774 0.07392888636 -0.00496172024)
(1.529703852 0.05595916991 0.002218715571)
(1.52444621 0.01522790184 -0.006981687864)
(1.525305154 0.00859700827 -0.005567184225)
(1.528293182 -0.01743160558 0.008684710028)
(1.523301812 -0.00246646046 -0.002710711574)
(1.522309385 -0.008184679253 -0.0005757731086)
(1.530406634 0.04538157594 0.009263955169)
(1.525003094 0.02955360284 0.01641373054)
(1.525163845 -0.0005863276715 -0.003911286653)
(1.524076807 -0.007457277795 -0.002758690805)
(1.52530281 -0.008603752663 0.005618846331)
(1.528097729 -0.07398805054 0.00515167775)
(1.53003687 -0.05599165259 -0.002093153179)
(1.522627566 -0.01148896681 0.008058439061)
(1.523366971 -0.005658382139 0.005799630823)
(1.529578902 -0.01240910804 0.009795575322)
(1.530233055 -0.005205449907 0.005697125402)
(1.52406571 0.007434298871 0.002781902178)
(1.53072899 -0.04540463426 -0.009155229049)
(1.525308725 -0.02955165428 -0.01640776323)
(1.523263972 0.002329531829 0.002615819771)
(1.52226418 0.008026162807 0.0004634518028)
(1.529701823 0.008676759236 -0.00415836678)
(1.528178573 0.01727107271 -0.008928752067)
(1.502238447 -0.1567642474 0.03665818375)
(1.501950864 -0.06060368396 0.04482427658)
(1.51849649 -0.04556757337 0.04085488892)
(1.523217776 -0.002586191135 0.08295973281)
(1.529232879 -0.001159671931 0.05470117529)
(1.523830535 -0.04247318186 0.0401063586)
(1.529317906 -0.02916600236 0.02497380743)
(1.53236661 -0.0002615200832 0.03769416651)
(1.534857398 -0.0002883319389 0.01714170596)
(1.53194437 -0.02415551982 0.0155709063)
(1.533046217 -0.01638674338 0.004477631196)
(1.534973801 0.0006411712375 0.001549261364)
(1.536111446 0.001917171861 -0.01190471307)
(1.534829655 -0.01129633501 -0.005573975931)
(1.532334123 -0.003762318824 -0.01488886987)
(1.535882986 0.002812064185 -0.02793875252)
(1.534051228 0.00374666378 -0.04140549408)
(1.502380935 0.1056506793 -0.07046567446)
(1.532441916 0.001194842036 -0.02433066321)
(1.527085204 0.01494802536 -0.03418770422)
(1.533831723 0.004435925818 -0.05620495129)
(1.530862743 0.005656336628 -0.07062959216)
(1.467212777 0.09647796501 -0.06455562665)
(1.520695766 0.02476239236 -0.04035845203)
(1.50536598 0.04066838004 -0.03521046373)
(1.528932292 0.007654169785 -0.09039968323)
(1.518976999 0.01167760515 -0.1085247674)
(1.491836812 0.2105988479 0.04069596069)
(1.482848229 0.1699973214 0.0364950735)
(1.527402212 -0.000460769187 0.07381303171)
(1.528744802 0.005937392116 0.05045741641)
(1.502185938 0.06683842759 0.04385017198)
(1.517458811 0.05110201462 0.04034095309)
(1.478950724 0.1785930375 0.03220485224)
(1.531045184 0.005838785944 0.03440080012)
(1.533136979 0.007193245785 0.01433137915)
(1.521288476 0.04757733601 0.0406937464)
(1.526669773 0.0337154277 0.02336898133)
(1.533616075 0.006375224935 -0.001411987131)
(1.534505936 0.005487243534 -0.01481193433)
(1.529233437 0.0286369869 0.01429836589)
(1.530173455 0.02076285883 0.00404871473)
(1.534747802 0.00464207666 -0.03062071307)
(1.532958199 0.003987485697 -0.04395225332)
(1.531819393 0.01587952906 -0.006625837658)
(1.529234946 0.008660199275 -0.01559471678)
(1.503317525 -0.07737414604 -0.08707548761)
(1.532782877 0.003347681853 -0.05886615081)
(1.529538195 0.001889272795 -0.07291761805)
(1.528889242 0.003555434138 -0.02598917075)
(1.524140514 -0.01045020055 -0.0334712803)
(1.475418091 -0.08298442096 -0.07357339454)
(1.46651121 -0.08167370654 -0.05841000701)
(1.52700216 -0.000331930244 -0.09311082264)
(1.516412076 -0.006982984276 -0.1095903221)
(1.518544204 -0.0208810765 -0.03994568422)
(1.503464219 -0.03650732831 -0.03509043973)
(1.526200341 0.06682334139 0.001423637693)
(1.524359886 0.01718854077 0.005086333227)
(1.525220577 0.01055704821 0.00371718554)
(1.52888469 0.01481007784 0.009634554699)
(1.529523415 0.007416987778 0.005660213314)
(1.522769352 0.0129997484 0.008531743395)
(1.523523542 0.00721531218 0.006347707343)
(1.521126097 0.04013135669 -0.01248101047)
(1.525053544 0.001324837671 0.00205100284)
(1.523973603 -0.005522301334 0.0009032472792)
(1.529006502 -0.006501684355 -0.004248221697)
(1.527450333 -0.01500336008 -0.008888958436)
(1.523402308 -0.0007742361793 0.003221244236)
(1.522444549 -0.006461469983 0.001122519911)
(1.533633024 -0.001720859734 0.007062811857)
(1.53579376 -0.0003736731015 0.02382207827)
(1.536092711 0.0009023978153 0.01896028887)
(1.527108747 -0.005860846869 0.0100968563)
(1.527781195 -0.002690280045 0.003480061127)
(1.530199243 -0.004790359004 0.009760265541)
(1.530453477 -0.003815133808 0.0009521077843)
(1.53231564 0.01106867198 -0.01229573782)
(1.535679029 0.003133979292 0.005318751753)
(1.534852883 0.004388069678 -0.0005669368246)
(1.52746039 0.001200328026 -0.006573375461)
(1.526495858 0.004036785432 -0.01277355965)
(1.529911435 -0.002894051127 -0.01209097037)
(1.528901222 -0.002125827318 -0.02001881318)
(1.535060191 -0.001181980696 0.01829751985)
(1.532011855 0.00705666771 0.01303717564)
(1.533056219 0.001995929732 0.007096520038)
(1.530515766 0.003982874652 0.009601197882)
(1.530765088 0.003106751588 0.0009078174646)
(1.527351608 0.005811856504 0.01082696275)
(1.528007863 0.002550970214 0.004327307741)
(1.533430659 -0.004796973939 -0.001496517649)
(1.532862607 -0.005316090275 -0.005233377727)
(1.531713958 -0.01066611318 -0.01228626243)
(1.530216175 0.002307721905 -0.01200699727)
(1.529209348 0.001658301809 -0.01989637069)
(1.527667262 -0.001440975694 -0.005631439583)
(1.526715389 -0.004363954796 -0.01178899079)
(1.516031082 -0.01768651696 -0.02838365102)
(1.510259367 -0.01219709912 -0.0530244952)
(1.521203323 -0.009748415574 -0.03935210408)
(1.511836978 -0.03300070736 -0.04776215011)
(1.519021012 -0.02736323462 -0.04285317373)
(1.519497411 -0.01443532381 -0.06458889436)
(1.525550893 -0.01141819613 -0.0556132762)
(1.525378589 -0.009667610817 -0.01893888548)
(1.526357866 -0.007197842371 -0.03055529955)
(1.529358391 -0.005441920058 -0.02121436078)
(1.525222111 -0.01958624761 -0.03108620921)
(1.529295289 -0.0142638356 -0.02462110213)
(1.530372034 -0.005965350997 -0.03959141359)
(1.533085217 -0.00370473172 -0.03388992702)
(1.52162608 0.01227869045 0.02724905849)
(1.526929532 -0.000135283399 0.0330916728)
(1.52449868 0.000909073653 0.03978013072)
(1.529455658 0.01790211467 0.02340536233)
(1.526131382 0.02484276423 0.03267835781)
(1.530794341 0.006630002951 0.01708629142)
(1.528262959 0.008362706217 0.02621701791)
(1.508641289 0.01895426901 0.03684374829)
(1.518660708 0.002225032984 0.05352254418)
(1.512598327 0.004005756382 0.05764154061)
(1.519190369 0.03235981505 0.04147662322)
(1.509541662 0.04047607069 0.04655085997)
(1.523446692 0.01084612949 0.03986233211)
(1.515393782 0.0146562319 0.05267775112)
(1.52088555 0.0107406017 -0.04026273774)
(1.506228778 0.02162955181 -0.03545532583)
(1.515997231 0.01777811896 -0.02828304709)
(1.517992614 0.01553271166 -0.06309173608)
(1.525240143 0.01170274244 -0.05527245147)
(1.510827881 0.0329687868 -0.04588066245)
(1.519193156 0.02754286724 -0.0418524965)
(1.529122267 0.006409601169 -0.02174470871)
(1.521388053 0.01384451729 -0.02420449891)
(1.525165018 0.009904701529 -0.01806344547)
(1.530676033 0.006334275739 -0.04005412787)
(1.533346476 0.003945222184 -0.03474082388)
(1.525991583 0.01964698498 -0.03032673506)
(1.529822591 0.01434661026 -0.02425247123)
(1.524306934 -0.0005635157715 0.0398588108)
(1.524136142 -0.008482347088 0.02347469127)
(1.521600198 -0.01138174147 0.02853559236)
(1.531538238 -0.006106999929 0.015580156)
(1.529099765 -0.007625567526 0.02479496624)
(1.529924342 -0.01800169372 0.02329839606)
(1.526184062 -0.02492884477 0.03326555746)
(1.512746737 -0.003366260956 0.05767167218)
(1.515019587 -0.01548096807 0.03809296712)
(1.508991248 -0.01792562692 0.03806347978)
(1.524096751 -0.01005545251 0.03838181117)
(1.516451655 -0.01329964671 0.05149921809)
(1.519556122 -0.03223694488 0.04168885382)
(1.510399723 -0.04096022513 0.0468732164)
(1.511549222 -0.03006371778 -0.01190575537)
(1.506523021 -0.04763953072 -0.02845471276)
(1.514928912 -0.04410956263 -0.02818568361)
(1.503842971 -0.03686760293 -0.006437839778)
(1.51161255 -0.03335120368 -0.006957942703)
(1.500781107 -0.07206201901 -0.01691437554)
(1.516579999 -0.0702512987 -0.02664732115)
(1.52056922 -0.020691319 -0.01163058198)
(1.521859535 -0.0341275282 -0.02147932589)
(1.525941882 -0.02789478722 -0.01798057669)
(1.517119596 -0.03012814276 -0.007306005249)
(1.521874174 -0.02505925687 -0.006568422902)
(1.519156532 -0.1248337188 -0.02437992833)
(1.521717338 -0.099636626 -0.01390001213)
(1.517419754 0.01843841809 0.003029768115)
(1.524837187 0.02703371753 0.01681681181)
(1.520563161 0.03799275153 0.02204684764)
(1.521771773 0.01376958439 0.0005900509364)
(1.518477542 0.02093304197 0.001464949467)
(1.519713557 -0.03285371774 0.01726970153)
(1.519779378 0.0218484485 0.02421727269)
(1.506991301 0.024515339 0.003871107792)
(1.514927566 0.04525844651 0.0240875219)
(1.507191459 0.04975678045 0.02522989813)
(1.512665253 0.0272520757 0.002022917256)
(1.507146944 0.03009308501 0.001688633798)
(1.512625822 0.03255157598 0.02200586102)
(1.502896861 0.03743277556 0.01301828171)
(1.487168716 -0.06756273854 -0.04295822565)
(1.443549202 -0.02283584008 -0.09838631762)
(1.51816814 -0.002051682347 -0.08310386914)
(1.455212622 -0.06933581544 -0.009026207965)
(1.476416331 -0.224830191 -0.03668278967)
(1.083829957 -0.1823624965 -0.1061028982)
(1.498840199 -0.03363336099 -0.05843346882)
(1.525251253 -0.03862301109 -0.02496344242)
(1.522403968 -0.02819804066 -0.04806979917)
(1.522013262 -0.05898653042 -0.04988057728)
(1.521418916 -0.0235462709 -0.03120703109)
(1.521710681 -0.0511668623 -0.0251672768)
(1.502050516 -0.0372916328 -0.06884798961)
(1.494651022 -0.01290187853 -0.0352786011)
(1.528828943 -0.02386812834 -0.007658662059)
(1.524367987 -0.0154750923 -0.008759103562)
(1.526771474 -0.0317391698 -0.0147351037)
(1.521961384 -0.01403818228 0.001713799517)
(1.522431341 -0.02550019953 -0.001470810312)
(1.502332844 -0.01709472194 -0.04229233843)
(1.493367471 -0.001338916983 -0.01219001276)
(1.530008605 -0.01212204246 0.01200993436)
(1.525200751 -0.009777626582 0.0225450068)
(1.527913678 -0.01011671671 0.02251244099)
(1.52209428 -0.0089460918 0.03184838905)
(1.522275419 -0.004770315611 0.03425929047)
(1.501821563 -0.004273314556 -0.01922231171)
(1.489612985 0.01247339959 0.01291568715)
(1.525672116 0.00132933647 0.02982045707)
(1.522913256 -0.005335583443 0.05063894339)
(1.523569067 0.01112615912 0.05619604351)
(1.518993387 -0.002774969996 0.06261601338)
(1.514978708 0.01728813581 0.06527365375)
(1.498512689 0.007767798732 0.004696107234)
(1.465918811 0.04361046798 0.04616116025)
(1.506629192 0.01353803035 0.1274047793)
(1.449103353 0.03160415907 0.09527897429)
(1.471282426 0.1067730396 0.05119586774)
(1.455451379 0.04159487714 0.03440970307)
(1.155286754 0.1819043795 0.1110247644)
(1.513368305 0.01165923359 -0.09169575399)
(1.472859695 0.05621086776 -0.04171679985)
(1.488990955 0.06037262938 -0.04459546591)
(1.05573431 0.1559617057 -0.08481045026)
(1.45808173 0.06519812654 -0.01014176348)
(1.488774342 0.1986814129 -0.0451333049)
(1.504404192 0.02723765766 -0.1096013336)
(1.520406205 0.001235509019 -0.06374790471)
(1.508914421 0.02808978885 -0.1077838915)
(1.498769086 0.007498810341 -0.09387329598)
(1.516506654 0.02014296243 -0.0874088005)
(1.497020136 0.01016753104 -0.08612220556)
(1.494707049 0.03686589504 -0.1213781835)
(1.503098844 0.002447225016 -0.0711517089)
(1.521984267 -0.001356379606 -0.02472923934)
(1.521810321 0.005123181539 -0.05556399641)
(1.505174313 0.01890103648 -0.06411641415)
(1.51835063 0.003079693207 -0.03931162651)
(1.496475392 0.0215828823 -0.05473185266)
(1.512563332 0.001433657553 -0.08193552639)
(1.500835587 -0.001493344845 -0.04113341278)
(1.524444951 -0.003787283268 0.006733527158)
(1.52249028 -0.001914208145 -0.01849963649)
(1.504764562 0.02149412896 -0.03450358288)
(1.519070566 -0.003163953858 -0.008579232054)
(1.496965567 0.02120883518 -0.02670686245)
(1.508868544 -0.001185647757 -0.04883241228)
(1.500130292 -0.00535248381 -0.01408392842)
(1.525198056 -0.005745535568 0.03571446106)
(1.523199114 -0.007720226295 0.01035017029)
(1.50566105 0.01974617625 -0.00727157329)
(1.519137417 -0.009307496421 0.02001865407)
(1.496873874 0.01945191847 0.001093580667)
(1.50910664 -0.004664796429 -0.0230915894)
(1.497976221 -0.009289275458 0.01226143737)
(1.52332968 -0.007617479341 0.06487779581)
(1.521053516 -0.01360810549 0.03880036445)
(1.504131833 0.01824792099 0.0190129061)
(1.517252679 -0.01589323432 0.04946513232)
(1.495558499 0.01743920288 0.03016871995)
(1.506497781 -0.008301174031 0.00290189594)
(1.490654574 -0.02108417286 0.04264833125)
(1.516526555 -0.0118162424 0.09722387184)
(1.516295532 -0.01908656615 0.0744027236)
(1.501670995 0.01410836535 0.05539900359)
(1.509444271 -0.02274230766 0.08075693248)
(1.490404674 0.01121026984 0.06487030351)
(1.500493947 -0.0117879513 0.03452231953)
(1.452902346 -0.01042755197 0.09422189398)
(1.49166338 -0.05760279277 0.07054418491)
(1.469200807 -0.06181581001 0.04874035983)
(1.153359883 -0.2578741137 0.1469305634)
(1.477891646 -0.1256402666 0.05086126194)
(1.462455722 -0.03745957295 0.01969056321)
(1.515297472 0.04150539183 -0.02831528798)
(1.504927883 0.03138748396 -0.009914068513)
(1.511535041 0.02930499718 -0.01158413655)
(1.502328078 0.06577263111 -0.02069282694)
(1.519519298 0.06815817369 -0.03125878485)
(1.50398458 0.03564830012 -0.007572397337)
(1.511604581 0.03225579465 -0.008165871878)
(1.527181919 0.02507467421 -0.01808940809)
(1.516791611 0.0244713566 -0.01223547441)
(1.520515086 0.01930036926 -0.01104089446)
(1.524092782 0.1055895682 -0.02626223511)
(1.525667553 0.08509832029 -0.01065098517)
(1.517344635 0.02829239947 -0.009013171863)
(1.522008528 0.02298748436 -0.008449068878)
(1.52101858 -0.04150560884 0.02274449644)
(1.520343373 -0.01495356679 0.001982734777)
(1.51737186 -0.02021692507 0.003782556696)
(1.52444553 0.02127360784 0.02026970048)
(1.526397646 -0.04100203158 0.02072075012)
(1.521927302 -0.01581032548 -0.001445544517)
(1.51861297 -0.02291098245 -0.000526301637)
(1.508061026 -0.05213270244 0.02530150825)
(1.512692844 -0.02441279098 0.005356886007)
(1.506971856 -0.02595609092 0.004653868081)
(1.517956565 -0.04301181122 0.01771605562)
(1.508406996 -0.04374768442 0.007194758805)
(1.512708211 -0.0290208527 0.0001101929774)
(1.507204353 -0.03177703906 -0.0002061196192)
(1.511604468 -0.03226779647 0.008244935327)
(1.50231526 -0.06575902754 0.02108417513)
(1.519572565 -0.06783223618 0.0315973664)
(1.504863909 -0.0314932074 0.009977689392)
(1.511494918 -0.02942857289 0.01159773656)
(1.506102424 -0.04477764655 0.02808248624)
(1.515178278 -0.04155445303 0.0282602446)
(1.522012885 -0.02298858708 0.008512176809)
(1.524615336 -0.105497414 0.02651909895)
(1.526090062 -0.08512561261 0.01084063765)
(1.516763819 -0.02458499442 0.01221703031)
(1.520485412 -0.0194148116 0.01099622043)
(1.523028229 -0.03096778784 0.021059037)
(1.527118236 -0.02520782571 0.01795090889)
(1.518579504 0.02285557326 0.0004816753248)
(1.524737303 -0.02129393403 -0.02028459174)
(1.526545987 0.04106140178 -0.02095569774)
(1.520287832 0.01476619275 -0.002122617387)
(1.517302606 0.02000479507 -0.00394741025)
(1.52587906 0.02892281242 -0.0168946105)
(1.520857195 0.04129693145 -0.02307414637)
(1.507114946 0.0316322011 7.718539209e-06)
(1.51808781 0.04297694825 -0.01802960414)
(1.508432492 0.04362308442 -0.007926108453)
(1.512597713 0.02417947063 -0.005556778338)
(1.506827971 0.02563433916 -0.004905916007)
(1.515359255 0.0475615123 -0.02458347399)
(1.507765092 0.05176941743 -0.02572286657)
(1.490004789 -0.1968490461 0.04626329902)
(1.20475045 -0.0815985872 0.09078765554)
(1.473089542 -0.05602322655 0.04224659171)
(1.48894639 -0.06068793347 0.0452500717)
(1.446517896 -0.02247894031 0.09020012718)
(1.513599809 -0.01052634331 0.0908400948)
(1.499093137 -0.08041031136 0.1135396595)
(1.499326949 -0.1733655138 0.03780830407)
(1.510949607 -0.0950094433 0.05445311794)
(1.514400449 -0.07080886162 0.04955053733)
(1.501477697 -0.1016743909 0.1478618237)
(1.523196068 -0.07160348784 0.05815536637)
(1.515888334 -0.06093923377 0.04125239938)
(1.511042059 -0.05926412872 0.09085764126)
(1.527129569 -0.05327147987 0.03686251239)
(1.515900628 -0.04379946947 0.02886014506)
(1.527983119 -0.02263155279 0.009731807148)
(1.514473046 -0.0126527511 0.001012485835)
(1.521554469 0.01004578166 -0.01669439481)
(1.501703339 0.02344002793 -0.02643777952)
(1.480776529 0.0675457352 -0.09102190681)
(1.457420837 0.100639344 -0.06926515006)
(1.512348905 0.06900039013 -0.06507671415)
(1.501589294 0.08346935334 -0.04741478421)
(1.497415389 0.05959045645 -0.09214119774)
(1.46185597 0.03412839017 -0.02244340755)
(1.212933686 0.1659873726 -0.1155951093)
(1.491397768 0.05645846261 -0.07066545444)
(1.468642138 0.05894425773 -0.0483969148)
(1.511195613 0.01418847713 -0.1277609782)
(1.450628324 0.007953089856 -0.08222896436)
(1.45644789 0.06632908301 0.009900309879)
(1.478416157 0.220936221 0.03971729724)
(1.44659817 0.02220130391 0.08905967924)
(1.516921653 -0.001070946983 0.08166787027)
(1.471569054 0.06201428952 0.04222286791)
(1.487438815 0.06803388557 0.04355177467)
(1.41422986 0.04412146757 0.1508672461)
(1.226385397 -0.1232568156 -0.08771334279)
(1.472496977 -0.107287397 -0.05188584646)
(1.455785479 -0.04211716158 -0.03716331062)
(1.50772071 -0.01262433031 -0.1268845463)
(1.447065637 -0.02654935369 -0.08531695538)
(1.485409284 -0.05038538051 -0.0684133271)
(1.465845802 -0.04191949775 -0.04739390946)
(1.516735876 0.06909831287 0.02705842854)
(1.503858779 0.03662945617 0.006438589796)
(1.511622834 0.03314875897 0.006926363606)
(1.506293308 0.0473208402 0.02816224311)
(1.514851249 0.04385651499 0.02783517441)
(1.504862232 0.03215993679 0.009961227744)
(1.511519588 0.03008803275 0.01173811736)
(1.522489463 0.09854078131 0.01456629762)
(1.517137612 0.02990936825 0.007254978447)
(1.521889857 0.02485926609 0.006501759522)
(1.521879134 0.03393643459 0.02119718742)
(1.526052144 0.02770996639 0.01772187666)
(1.516686032 0.02567827273 0.01251401677)
(1.520558194 0.02072258845 0.01138629405)
(1.529244633 0.01503441655 0.01209588736)
(1.518169426 0.07847176278 0.004888608482)
(1.527012576 0.03607951393 0.009738342434)
(1.53043929 0.0270933705 0.001019100337)
(1.526710042 0.02723359561 0.00967707841)
(1.526711257 0.01409761263 -0.00471767011)
(1.528558461 0.02232913343 0.01155922088)
(1.529752707 -0.007802818965 0.01073953415)
(1.517770638 0.04918352699 -0.01046355995)
(1.528807999 0.007687969986 0.007324184074)
(1.531439176 -0.01401942801 -0.01909013421)
(1.526482631 0.0002586924469 0.006986731669)
(1.526175304 -0.02638795756 -0.02534583137)
(1.530813784 -0.0008682612696 0.01022148994)
(1.520498799 -0.02246048516 -0.0241437268)
(1.521793736 -0.01392095219 -0.0007599020652)
(1.518490054 -0.02105735511 -0.00163166029)
(1.524901075 -0.02717968745 -0.01719917736)
(1.520587796 -0.03812920207 -0.02247155999)
(1.520424645 -0.01330665367 -0.001357020032)
(1.517403611 -0.01827772981 -0.00343316415)
(1.503594257 -0.0381512288 -0.01347160187)
(1.512671205 -0.02735393759 -0.002296633273)
(1.507168321 -0.03020524443 -0.002045326616)
(1.514952552 -0.04528147585 -0.02455609921)
(1.507193777 -0.04980340852 -0.02580063293)
(1.512747433 -0.02281371498 -0.00479578813)
(1.506967029 -0.02426528503 -0.004358541021)
(1.5191999 -0.02767646942 0.04176071954)
(1.518082495 -0.01539634783 0.06366465345)
(1.526053666 -0.01159761676 0.05619926315)
(1.506011981 -0.02152130878 0.03571573856)
(1.515888175 -0.01778519352 0.02847130897)
(1.5095986 -0.01312818404 0.05321548812)
(1.520629202 -0.01072989693 0.04038962358)
(1.530036722 -0.01438538286 0.02423593741)
(1.532044452 -0.006086955889 0.04104548495)
(1.534217553 -0.003743742883 0.03592512506)
(1.521319083 -0.01390233736 0.02433810272)
(1.525112852 -0.01004003302 0.01816348211)
(1.52594755 -0.008376141792 0.03116862096)
(1.528911421 -0.006534181839 0.02151497822)
(1.52626941 0.02493198343 -0.03323753936)
(1.532938284 0.006462193167 -0.01431642815)
(1.530165943 0.007964247354 -0.02360881617)
(1.523997016 0.007989902817 -0.0234014604)
(1.52142777 0.01085456877 -0.02845238992)
(1.526509256 -0.001037293484 -0.03378829336)
(1.524025212 1.104330368e-05 -0.04049367224)
(1.51008936 0.04067221571 -0.0468049736)
(1.524879168 0.01036336093 -0.03719092174)
(1.516689924 0.0135453807 -0.05033395736)
(1.514744502 0.01487544072 -0.0380207712)
(1.508620219 0.01723370015 -0.03792656143)
(1.518093186 0.00127402376 -0.05412300325)
(1.512180745 0.002727218391 -0.05810701199)
(1.526219884 0.01121049269 0.05700517136)
(1.511502378 0.03356317219 0.04729630158)
(1.518983076 0.02785129193 0.04249831545)
(1.509827009 0.01227830097 0.0534812299)
(1.520963168 0.009890829529 0.03977927752)
(1.506299187 0.02181376356 0.03586727235)
(1.515932946 0.01793030148 0.02838039159)
(1.53386305 0.00345126514 0.03566999697)
(1.525306951 0.01994958014 0.03091272244)
(1.529438852 0.01454324454 0.0245234518)
(1.526210295 0.007344242506 0.03072277562)
(1.529212036 0.005635364512 0.02118084247)
(1.521348639 0.01398940381 0.02481009697)
(1.525321315 0.01007038179 0.01880937041)
(1.52920258 -0.008601062502 -0.02466795114)
(1.529531052 -0.01774193116 -0.0234049474)
(1.526158396 -0.02462363914 -0.03271507102)
(1.526798199 0.0007254447398 -0.03364337477)
(1.524294751 -0.0002880441514 -0.04030053313)
(1.524143157 -0.008420838555 -0.02247000077)
(1.52151401 -0.01137619145 -0.02740748935)
(1.515464287 -0.01460113207 -0.05124408086)
(1.519145374 -0.03196515082 -0.04151822792)
(1.509420736 -0.04004497123 -0.04661658719)
(1.51834245 -0.001552650115 -0.05395514734)
(1.51217641 -0.003146076494 -0.05796655414)
(1.51474565 -0.01546699788 -0.03716878861)
(1.508428662 -0.01784227097 -0.03699519286)
(1.529091677 -0.01537776659 -0.01251396475)
(1.529609686 -0.02789147808 -0.0007587133826)
(1.526827661 -0.0371549525 -0.009818237901)
(1.517359141 -0.07937126013 -0.004257311935)
(1.528423909 -0.02267785045 -0.01197457271)
(1.525831862 -0.01500713896 0.005058454893)
(1.526497513 -0.02816415095 -0.00973968391)
(1.528973783 -0.01208979972 -0.01309427182)
(1.530812044 -0.006341955613 0.009298683378)
(1.528000263 -0.02110822944 -0.009271205797)
(1.516862565 -0.07316751586 -0.001907920927)
(1.529985095 -0.008269603208 -0.01226416388)
(1.524754007 -0.008762463695 0.007692375133)
(1.526369096 -0.02428851308 -0.009819665805)
(1.529603679 0.00744760875 -0.01114171727)
(1.530551002 0.01304187592 0.01953447262)
(1.528569321 -0.009107284426 -0.007384865136)
(1.516970366 -0.0498468311 0.01103681633)
(1.53063114 0.0005317602572 -0.01061468805)
(1.525235279 0.02533362116 0.02576080664)
(1.526146363 -0.001316546508 -0.007011708538)
(1.528397754 0.01057936503 -0.01134015934)
(1.526508064 0.03467003346 0.02978967793)
(1.524735565 0.00348041493 -0.006763219541)
(1.514429361 -0.04498817666 0.01290730233)
(1.528051468 0.01397148982 -0.01083633353)
(1.522757356 0.03155847952 0.02984087036)
(1.524480985 0.001661127678 -0.007114676627)
(1.479900456 -0.04869810539 -0.09911035914)
(1.508397079 -0.02821269305 -0.1147954088)
(1.523540013 -0.004442886773 -0.05914136043)
(1.498783131 -0.02148516114 -0.0831547739)
(1.512890581 -0.02389111036 -0.09269323793)
(1.472822011 -0.05681421986 -0.1119791222)
(1.495516291 -0.02496741609 -0.0761171086)
(1.47125804 -0.03547066946 -0.0923704338)
(1.511516787 -0.01687258559 -0.07720898095)
(1.521408946 -0.005970546465 -0.05384673834)
(1.500748504 -0.02971352367 -0.07141669058)
(1.509812752 -0.02034067054 -0.0820534266)
(1.480485743 -0.02989588014 -0.0890939873)
(1.490212869 -0.0283575929 -0.07097092933)
(1.463444314 -0.08991962528 -0.1146821039)
(1.506537293 -0.09298493118 -0.05557820828)
(1.490920332 -0.1935786896 -0.03565281671)
(1.507792171 -0.0712709861 -0.04824382848)
(1.473204376 -0.1125043324 -0.152852264)
(1.448454777 -0.08474571604 -0.1094499013)
(1.506461223 -0.05613875712 -0.04424679052)
(1.482903993 -0.1750998637 -0.03367598068)
(1.501921922 -0.06398329253 -0.04250229636)
(1.467364033 -0.08043953214 -0.1076493533)
(1.408819005 -0.04579988666 -0.1505998785)
(1.493648637 -0.02692352101 -0.05327652836)
(1.524819459 -0.03666731522 -0.02464267509)
(1.522837372 -0.01996375809 -0.02298767224)
(1.523040951 -0.04048727638 -0.03279525471)
(1.520260082 -0.02233999188 -0.02632032905)
(1.517160969 -0.04628391385 -0.02789836109)
(1.501124264 -0.02321108197 -0.05063705341)
(1.475367189 -0.02127102196 -0.06395612153)
(1.513496664 -0.01177141544 -0.06020124607)
(1.523993893 -0.006778764239 -0.02243589839)
(1.503961118 -0.03097178797 -0.05866302014)
(1.508903903 -0.01065030658 -0.04300860231)
(1.485414343 -0.02119588334 -0.07457922035)
(1.495292802 -0.03288859711 -0.04988525631)
(1.472766401 -0.02060900618 -0.05750320033)
(1.510974373 -0.009404520564 -0.03666869201)
(1.523937475 -0.007116243001 -0.02030945856)
(1.503973111 -0.0325643152 -0.04263908083)
(1.507923099 -0.01062363318 -0.04051638147)
(1.481099076 -0.01932341527 -0.05304024401)
(1.495424376 -0.0332436339 -0.04595211854)
(1.504671352 -0.0815928079 -0.05877945276)
(1.501402476 -0.06940822171 -0.04416373891)
(1.461458638 -0.06041345612 -0.08521331397)
(1.502422053 -0.06900849297 -0.04521988328)
(1.486384794 -0.07100920292 -0.04450308006)
(1.493298231 -0.01064874962 -0.03166291833)
(1.52829792 -0.02199030614 -0.006078204718)
(1.523935767 -0.01297196635 0.008424736996)
(1.52666272 -0.01835728743 0.0006287104665)
(1.521072751 -0.01368615194 0.006374920387)
(1.520263429 -0.02173560507 0.001250696808)
(1.501032855 -0.009423818004 -0.02896232216)
(1.473639695 -0.01675408698 -0.03466121346)
(1.512237649 -0.006834963777 -0.02176975867)
(1.526588349 -0.005531386397 0.008731657935)
(1.504048128 -0.03163229065 -0.03101198131)
(1.508718945 -0.005067185501 -0.01192364488)
(1.481376705 -0.01725298791 -0.04225585489)
(1.496386305 -0.03106430441 -0.02306312671)
(1.473050072 -0.01632033344 -0.03030365685)
(1.511349662 -0.0032486101 -0.00802698421)
(1.526078474 -0.005217171215 0.01113453966)
(1.504701241 -0.02980785872 -0.01672593051)
(1.508143542 -0.00422901827 -0.009780594033)
(1.481773382 -0.01573662718 -0.02697474397)
(1.49614677 -0.0304875709 -0.01826920079)
(1.507442648 -0.05774855835 -0.03506366718)
(1.496687535 -0.04783520689 -0.02666972549)
(1.507588297 -0.03762195299 -0.02077574549)
(1.49466216 -0.04231686093 -0.02295759417)
(1.491135704 0.001991937077 -0.00808475498)
(1.52837284 -0.01007962218 0.01373314875)
(1.522279431 -0.007876587175 0.03830490397)
(1.523804898 0.001983813839 0.03639071852)
(1.520284344 -0.008897094854 0.03641296724)
(1.519551337 -0.0009752927168 0.03618522581)
(1.498117258 0.002604226583 -0.004687376064)
(1.474039997 -0.01284420871 -0.007947162234)
(1.512665038 -0.0007223167486 0.006934248074)
(1.52723285 -0.003742920492 0.03748401188)
(1.505418754 -0.02894875886 -0.004075962966)
(1.508524877 0.001319539868 0.01668769681)
(1.482655058 -0.01376451581 -0.01670835999)
(1.496993567 -0.02847758405 0.0045114791)
(1.472388592 -0.01229663325 -0.004376640473)
(1.509328837 0.003464245086 0.02120738942)
(1.525882284 -0.003560557009 0.04071822194)
(1.503373815 -0.02751007002 0.01128363977)
(1.507006596 0.00230062694 0.01929735077)
(1.480124842 -0.01168080565 -0.001508956134)
(1.495620958 -0.02801742317 0.00895810618)
(1.508609428 -0.02519006575 -0.006955139339)
(1.495376596 -0.01526065696 0.001718338478)
(1.504060786 -0.004939386333 0.007454501546)
(1.492999713 -0.009886387676 0.00497042592)
(1.49374764 0.01847824869 0.01542370354)
(1.523611863 0.005257508953 0.02830186223)
(1.522630356 0.002721648215 0.07268199161)
(1.521963696 0.03098445025 0.06698926749)
(1.519355822 -0.0002148091475 0.06398197114)
(1.515021741 0.02364385139 0.05411483125)
(1.50536677 0.01335594813 0.04887208445)
(1.4730788 -0.008533904316 0.01797125519)
(1.510210567 0.005878666963 0.03535119728)
(1.52513788 -0.001984410455 0.0667226356)
(1.50462179 -0.02645514958 0.02261750107)
(1.506520642 0.008663748386 0.04623307863)
(1.481246258 -0.009935430886 0.009052752595)
(1.496202066 -0.02542381354 0.03409170263)
(1.472715721 -0.003282895364 0.02334519824)
(1.508782973 0.01006913892 0.05392876949)
(1.5232715 -0.001443839961 0.07126051528)
(1.503686669 -0.02463228087 0.04256956224)
(1.505781248 0.01084342385 0.0507278092)
(1.480033436 -0.01008296338 0.02731997042)
(1.494268507 -0.02492743392 0.03945902205)
(1.501957318 0.00842084621 0.0194458712)
(1.482207647 0.02239551373 0.02927216424)
(1.511869977 0.05123827306 0.05918973425)
(1.483950965 0.01471911262 0.01848688582)
(1.494101395 0.04037311654 0.08478294581)
(1.468038256 0.005156463862 0.04747339138)
(1.506907182 0.01326081354 0.07172233198)
(1.517786526 0.002778260154 0.09894276369)
(1.502825303 -0.02146884137 0.05921565297)
(1.500699862 0.01674275437 0.07751220538)
(1.477750192 -0.003605564751 0.04012989779)
(1.491576779 -0.01835021496 0.06927647474)
(1.474644667 0.01258169069 0.04801550203)
(1.502272812 0.02475251682 0.0959464584)
(1.51542713 0.006062009901 0.1023497798)
(1.500514309 -0.01296843549 0.09080407471)
(1.500625175 0.02068161042 0.08181664042)
(1.487649859 0.01535451819 0.09241281002)
(1.495173862 -0.01400227864 0.07829043924)
(1.455235023 0.05896059471 0.09265891548)
(1.502495455 0.06356781582 0.06116224198)
(1.461732122 0.08057950988 0.06195188817)
(1.487075431 0.07772978995 0.0510555286)
(1.473243297 0.05190793388 0.09325023984)
(1.468137653 0.06018884697 0.0812185334)
(1.489093282 0.09075735371 0.04583409913)
(1.468131826 0.08506385406 0.05485848624)
(1.489378424 0.07626749517 0.04907998565)
(1.481254479 0.09183548558 0.08842458746)
(1.458953741 0.05709230982 0.1445439657)
(1.49832073 0.0162244398 -0.1014019717)
(1.518780969 0.0005812858225 -0.05848089221)
(1.518567887 0.01122031489 -0.07291670878)
(1.501976401 0.0171357949 -0.07750065225)
(1.515643128 0.01530785842 -0.07776581152)
(1.491629891 0.01540537783 -0.07777453534)
(1.507541748 0.01091756469 -0.0970072563)
(1.453600055 0.03265164794 -0.1524072373)
(1.495253688 0.08138636181 -0.1121068218)
(1.511364544 0.0955448276 -0.05324710307)
(1.497883052 0.1742274728 -0.03735359978)
(1.498887322 0.1017809109 -0.1466936666)
(1.514528119 0.07166001601 -0.04859403512)
(1.482428796 0.07636352765 -0.1111085113)
(1.518260019 0.05716974334 -0.05409167185)
(1.490961322 0.1587968319 -0.03301654885)
(1.498318389 0.07162591291 -0.1088759051)
(1.510625358 0.06435254825 -0.04782930491)
(1.501093753 0.002773838251 -0.06513131832)
(1.521880246 -0.00138449311 -0.02235427694)
(1.520973106 0.0009979899534 -0.03333522414)
(1.504853895 0.02200274918 -0.04680688225)
(1.517635225 0.002671319317 -0.03695769974)
(1.496505697 0.02239621297 -0.0501595103)
(1.508721549 0.001148954365 -0.05988497629)
(1.520165135 0.02672344007 -0.05900164353)
(1.529704801 0.0263347171 -0.04358142636)
(1.528093331 0.03354796603 -0.02479803129)
(1.530612542 0.0515601219 -0.044593978)
(1.529105705 0.02197513473 -0.02736389859)
(1.523798543 0.03338629128 -0.07014473931)
(1.529447147 0.04335762107 -0.02461067052)
(1.516510271 0.02095420663 -0.05531915014)
(1.531449851 0.01795549717 -0.01928317063)
(1.527537897 0.03196423628 -0.02554272082)
(1.531137391 0.03231730478 -0.03561146648)
(1.528082721 0.02043125568 -0.02249692931)
(1.524330363 0.01685198436 -0.0529034255)
(1.525640925 0.03806048623 -0.02980810921)
(1.522636596 0.0727621361 -0.05727492426)
(1.506678375 0.06019273357 -0.08986531948)
(1.51485037 0.06200362932 -0.04059650757)
(1.520719645 0.06470140084 -0.04656227023)
(1.503376315 0.0660971939 -0.04507549373)
(1.500027482 -0.001959031711 -0.03674591561)
(1.523949604 -0.004120927281 0.008660112542)
(1.521838939 -0.004823539343 -0.004844200348)
(1.505215896 0.02042492659 -0.02032053188)
(1.518538376 -0.00403542076 -0.0064896392)
(1.496651829 0.02085443239 -0.02170294934)
(1.508481592 -0.002761412283 -0.03331974017)
(1.518326802 0.006713712481 -0.03616105123)
(1.532736322 0.01329244504 -0.004466760812)
(1.531677806 0.01947197341 -0.008121245208)
(1.536098635 0.02367185133 -0.01738251879)
(1.530467376 0.01184315491 0.005757082478)
(1.525902718 0.01090263641 -0.04391536117)
(1.531753801 0.01750231052 -0.003833596034)
(1.517232851 0.004393777105 -0.0326108477)
(1.533546323 0.01055733272 0.01230714613)
(1.531181763 0.01790103343 -0.006712051309)
(1.535422231 0.01051409589 -0.001405507348)
(1.529475577 0.01134143871 0.01037423123)
(1.525151598 0.003055221964 -0.03001284068)
(1.529577849 0.01382470349 -0.0008647105267)
(1.526044979 0.05410491154 -0.03632780627)
(1.514863699 0.04457310592 -0.02830039058)
(1.525887424 0.03553498087 -0.02264148455)
(1.512960955 0.03965262516 -0.02483155779)
(1.498234876 -0.00590830514 -0.01050739016)
(1.523707456 -0.005959459709 0.03824171403)
(1.52009123 -0.01127384161 0.02439891832)
(1.503058152 0.01887303169 0.00773339304)
(1.517681705 -0.01031477668 0.02264097167)
(1.495397395 0.01919828008 0.005595765543)
(1.505633066 -0.00669265855 -0.007642425192)
(1.517787499 -0.005338842259 -0.01273079505)
(1.533689435 0.007106207667 0.02682616559)
(1.533197229 0.007625736541 0.01128077913)
(1.537225245 0.002086273474 0.02131493126)
(1.530728799 0.006380007486 0.03592225886)
(1.526148384 -0.00205103239 -0.02019703622)
(1.532066039 -0.00319365033 0.03313877592)
(1.51575155 -0.007952553515 -0.008483913842)
(1.531532211 0.005372037612 0.0423098462)
(1.531604558 0.005458994742 0.01298971891)
(1.534346964 -0.01004412305 0.03556873245)
(1.528862256 0.00635192857 0.04053235589)
(1.5229238 -0.009315110151 -0.004984533368)
(1.528982146 -0.007086575926 0.03535817826)
(1.526984217 0.02326223721 -0.009187658019)
(1.513519579 0.01326517352 -0.0004900556741)
(1.522356732 0.003783052523 0.005398558321)
(1.511157146 0.008729783486 0.002715883711)
(1.497285348 -0.01359736571 0.01824981286)
(1.521388587 -0.007980451783 0.06830332092)
(1.518483872 -0.01636967311 0.05717663606)
(1.50260568 0.0168739682 0.0385409037)
(1.51613821 -0.01783201398 0.05428845987)
(1.493435399 0.01714456621 0.03555832016)
(1.503542386 -0.006312480486 0.02229845219)
(1.514598949 -0.01899679494 0.01316167398)
(1.531305801 0.002829956541 0.05473708232)
(1.528796218 -0.006071859917 0.02893407456)
(1.533193279 -0.01935559885 0.05615719398)
(1.527328027 0.0004561776551 0.06679179052)
(1.523581492 -0.01436266331 0.00468471551)
(1.524923706 -0.02576809587 0.06550949328)
(1.518304702 -0.02448672572 0.01600745159)
(1.529296924 -0.004274046905 0.0762286527)
(1.52708607 -0.009369694425 0.02743145233)
(1.53150708 -0.03904825962 0.06915844472)
(1.52755969 -0.001893213984 0.06746173052)
(1.525912241 -0.01914788542 0.05007345797)
(1.525647082 -0.03179174309 0.05442176623)
(1.520613904 -0.009480459775 0.0171129337)
(1.500812802 -0.02305849851 0.0269214918)
(1.525561894 -0.05736939602 0.07061279336)
(1.514045726 -0.04220470348 0.08515886521)
(1.504312224 -0.0150064276 0.0148968527)
(1.498659719 -0.02807478429 0.04322535749)
(1.514808553 -0.0141580449 0.1002917743)
(1.511571707 -0.02874888576 0.09971590505)
(1.502103502 0.007646480051 0.08617436471)
(1.509590281 -0.02580415273 0.08409005033)
(1.495682274 0.006023059002 0.07361836009)
(1.507220259 -0.02719743703 0.09119028441)
(1.489874052 -0.0653723239 0.1466104283)
(1.478229739 -0.06738854253 0.09095236056)
(1.512150455 -0.06887009325 0.06533878141)
(1.457293252 -0.1005498916 0.06909167843)
(1.494765623 -0.05935022472 0.09211271292)
(1.501506112 -0.08342752938 0.04761515685)
(1.492158425 -0.06866973751 0.08017696053)
(1.502506503 -0.100185283 0.04207947872)
(1.468673173 -0.1009213133 0.06541395969)
(1.504883463 -0.09536201901 0.08516403888)
(1.505424034 -0.08143858143 0.04487667938)
(1.529314388 0.01258429246 -0.01386301494)
(1.534909244 0.0232791906 -0.0004636531629)
(1.521505851 0.06585537665 -0.0006625228231)
(1.528643474 0.02940871055 -0.01424456073)
(1.53155711 0.009542896002 0.004487938948)
(1.528736745 0.02009976068 -0.01341872437)
(1.528193728 0.02096816073 -0.01412872629)
(1.52928029 0.009239621166 -0.0142412155)
(1.536046597 0.0004697021036 0.007868644772)
(1.521189971 0.06043941642 0.001782252235)
(1.530099282 0.01300381065 -0.01330280657)
(1.529638048 0.003024538236 0.006361792894)
(1.530171492 0.005189339599 -0.01329004473)
(1.527940136 0.01616829487 -0.01411304994)
(1.5299597 -0.01088654721 -0.01196394329)
(1.535911272 -0.01834992248 0.01751506412)
(1.521462402 0.03709076416 0.01478348625)
(1.530271998 0.001526888542 -0.01132936825)
(1.531379601 -0.03126378075 0.02317585388)
(1.530960394 -0.003637700048 -0.01157135042)
(1.528249031 -0.007265530327 -0.01095717916)
(1.528829058 -0.01415299124 -0.01211482151)
(1.532326566 -0.04129228643 0.02676796358)
(1.51900882 0.03321048656 0.01647601482)
(1.526830273 -0.01223519211 -0.01032294883)
(1.528296666 -0.03786716668 0.02685873094)
(1.528591574 -0.01776762428 -0.01155908569)
(1.526570043 -0.01036617396 -0.01093958239)
(1.529325062 -0.01240520007 0.01369081255)
(1.528826257 -0.02932996693 0.01425814102)
(1.521860189 -0.06583984402 0.0008132565755)
(1.53495594 -0.02283524706 0.0005159932709)
(1.528327719 -0.02100677656 0.01412680349)
(1.528747651 -0.01994224391 0.0132467956)
(1.531651723 -0.009089344342 -0.004384384105)
(1.529287736 -0.009050971193 0.01404172969)
(1.53031891 -0.01307043278 0.0132569884)
(1.521538764 -0.06021796007 -0.001702682454)
(1.536084062 -1.70409013e-05 -0.007734593543)
(1.528023614 -0.01619393373 0.01408621204)
(1.530170152 -0.004989587974 0.01308718571)
(1.529687109 -0.002577398784 -0.006229642792)
(1.529964366 0.0111050663 0.01174813359)
(1.530332384 -0.001418807945 0.01125439812)
(1.521775054 -0.03703077998 -0.01473898493)
(1.535961649 0.01885042745 -0.01737565071)
(1.528343965 0.007097711588 0.01085836731)
(1.530959704 0.003851584709 0.01137304848)
(1.531489009 0.03178943366 -0.02302745104)
(1.528835901 0.01436223888 0.01187518427)
(1.526929109 0.01207583991 0.01015739748)
(1.519323434 -0.03318238201 -0.01641947246)
(1.532356103 0.04175731856 -0.02668048807)
(1.526672977 0.01023567336 0.01081335033)
(1.528597049 0.01796478187 0.01129882257)
(1.528330071 0.03838200747 -0.02672912914)
(1.486241513 -0.0752624696 0.1121154947)
(1.492304777 -0.1575241473 0.0331765486)
(1.517270437 -0.05660199914 0.05508024369)
(1.51065041 -0.06362235669 0.04865504086)
(1.50277551 -0.0707689592 0.109869171)
(1.474942209 -0.03330004844 0.1564088794)
(1.514996081 -0.02712721643 0.1097907671)
(1.515433284 -0.007439430881 0.1015203856)
(1.512442729 -0.02779257586 0.1079976202)
(1.52653371 -0.001958811819 0.06331834753)
(1.504412692 -0.0368103132 0.1220494349)
(1.514068909 -0.009542387767 0.09100316691)
(1.521801427 -0.02056931574 0.08684271998)
(1.509289391 -0.01615372512 0.1016089989)
(1.519453808 -0.01612208885 0.08118127701)
(1.524624263 -0.01235964447 0.07263101311)
(1.525621224 -0.001793797124 0.0578765236)
(1.51829868 -0.01071088483 0.09721899096)
(1.509492393 -0.01449128756 0.08226698826)
(1.521441856 -0.01622156572 0.07738559798)
(1.521794705 -0.0638337157 0.04714542009)
(1.504446239 -0.06514669632 0.04568910017)
(1.523595823 -0.02634986472 0.05912071912)
(1.530703719 -0.05193802123 0.04478181845)
(1.528193604 -0.03421876571 0.02519619982)
(1.531095155 -0.02652388209 0.04393903103)
(1.529543754 -0.04342481463 0.02487690434)
(1.526949027 -0.03322538295 0.07047179617)
(1.530661522 -0.02211527227 0.0276396364)
(1.520029914 -0.02070139314 0.05543633811)
(1.531308091 -0.03244728972 0.03589397058)
(1.527644621 -0.03267948994 0.02596571973)
(1.53272183 -0.01811352746 0.01939842423)
(1.525755733 -0.03819032481 0.03010365727)
(1.52786087 -0.01656171521 0.05292537937)
(1.529774603 -0.02056735 0.02267599469)
(1.513498069 -0.00207139754 0.07135407647)
(1.522728889 -0.01784964339 0.06714698311)
(1.528144977 -0.006266198007 0.05520548433)
(1.529473774 -0.000577133743 0.02387600403)
(1.522865569 -0.0008249171707 0.08215184578)
(1.514149652 -0.0203205748 0.05784863073)
(1.525079539 -0.004356600768 0.03908595332)
(1.511735279 -0.002307400525 0.06532763421)
(1.522361388 -0.02082466228 0.04912688771)
(1.527863321 -0.002380857559 0.03311059153)
(1.529141743 -0.0007275609053 0.02077058333)
(1.519451415 -0.0007766729345 0.06006555044)
(1.51410807 -0.0211396214 0.05348550094)
(1.524443855 -0.00395707173 0.03669468499)
(1.52690518 -0.03486531597 0.02314160021)
(1.513993651 -0.03894049649 0.02536263726)
(1.521782852 -0.006342992303 0.03607250681)
(1.536274295 -0.02378480997 0.01769915328)
(1.53183624 -0.02024065393 0.008508821355)
(1.53441861 -0.01347044932 0.004541590353)
(1.531928218 -0.01754789454 0.004089088059)
(1.529406967 -0.01049920791 0.04382627907)
(1.532228458 -0.01202276574 -0.005758486223)
(1.520686793 -0.003920886076 0.0323949832)
(1.535283507 -0.01059937604 0.001645883122)
(1.531341837 -0.01869578387 0.007140619805)
(1.535222456 -0.01077942631 -0.0122271301)
(1.529815551 -0.01389804134 0.001117299132)
(1.52860992 -0.00264709431 0.02988940861)
(1.531116007 -0.01153396333 -0.01033581472)
(1.511687413 0.002112057621 0.04122640103)
(1.522388162 -0.02034739923 0.03703588111)
(1.529459865 0.0002683442512 0.01825410858)
(1.531938746 0.001289601823 -0.008180399193)
(1.519711368 0.001733683444 0.04897200217)
(1.514517611 -0.02011780197 0.02902389182)
(1.526075213 0.00158051833 0.008357326649)
(1.510910425 0.002691960006 0.03681382888)
(1.522512866 -0.01948426893 0.02242037551)
(1.528839704 0.003187062564 0.004739441586)
(1.531253142 0.001650282692 -0.01017232202)
(1.51941339 0.003274050863 0.03335371555)
(1.514069392 -0.01985296931 0.02382546354)
(1.525542236 0.002483388762 0.006301309286)
(1.523255801 -0.003182047776 -0.004984495921)
(1.512076587 -0.008177723289 -0.002178694658)
(1.521187773 0.005810286957 0.0123720437)
(1.537406921 -0.002128059462 -0.02112004991)
(1.533413946 -0.008548686924 -0.01086964354)
(1.53516755 -0.007439881949 -0.02692012579)
(1.532251377 0.003181055138 -0.03293434861)
(1.529604363 0.002484103101 0.01987866416)
(1.532436475 -0.006668978412 -0.03592965859)
(1.519128319 0.008412958509 0.008087684639)
(1.534466503 0.01003118193 -0.03540863296)
(1.531752814 -0.006344264689 -0.01264363696)
(1.533229091 -0.005695419292 -0.04226827741)
(1.529071196 0.00706876819 -0.03518519549)
(1.526288292 0.009773488044 0.004536545634)
(1.530441014 -0.006643224145 -0.04050843585)
(1.51115497 0.006154192751 0.01391552029)
(1.522971984 -0.0188789492 0.009162526723)
(1.530202939 0.005943189261 -0.01058558018)
(1.532284631 0.00324525886 -0.03730197973)
(1.520145351 0.005581174595 0.02318387377)
(1.514133077 -0.01862353822 0.0007412395108)
(1.526185529 0.007591113684 -0.02014720117)
(1.509252531 0.00677289822 0.01047931255)
(1.520088199 -0.01812623145 -0.006067533534)
(1.527120571 0.009456797595 -0.02452853189)
(1.530783838 0.003516202434 -0.03990956283)
(1.516641467 0.007655540982 0.007525542158)
(1.512534226 -0.01840471736 -0.00399550783)
(1.524707615 0.00865956136 -0.02287210229)
(1.525799144 0.05750522337 -0.07023584592)
(1.505183603 0.01530537667 -0.01450673674)
(1.516817803 0.04249407235 -0.08523728145)
(1.517935918 0.01961961629 -0.01375182214)
(1.533345863 0.01932461473 -0.05595884018)
(1.528959228 0.005109141745 -0.02859089895)
(1.532836647 -0.003206025144 -0.05476256752)
(1.525051981 0.02578488213 -0.06540485665)
(1.526942099 0.01480195758 -0.005189473708)
(1.528826821 -0.0008696976718 -0.06677163826)
(1.521461397 0.02490564266 -0.01641495675)
(1.531572389 0.03885753349 -0.06919744566)
(1.527231826 0.008478826557 -0.02719736552)
(1.530540148 0.003798758201 -0.07621367202)
(1.525693923 0.03173481819 -0.05426530102)
(1.528537212 0.01930010349 -0.0505315444)
(1.52885134 0.001466419207 -0.06746233346)
(1.509000138 0.01018373413 -0.01246948604)
(1.521190764 -0.01749609316 -0.01758051674)
(1.528071952 0.01182390087 -0.03917570252)
(1.529967175 0.00526182526 -0.06656580233)
(1.51758333 0.009134870484 -0.003036154304)
(1.512389078 -0.01673942953 -0.02857019055)
(1.524206183 0.01410472977 -0.04956326096)
(1.507895705 0.01432471526 -0.01857131101)
(1.519128031 -0.01635764884 -0.03734468528)
(1.524788736 0.01477379927 -0.05727730532)
(1.527986412 0.005722436935 -0.07018561365)
(1.514336604 0.006995994931 -0.02266020906)
(1.510140991 -0.0165761605 -0.03455531407)
(1.522788617 0.01620662866 -0.05466657863)
(1.494684218 0.06872062886 -0.08031276357)
(1.468734468 0.1009721332 -0.0657517502)
(1.502397088 0.0999734873 -0.04221517441)
(1.505469839 0.08130201836 -0.0448495349)
(1.507295093 0.09519683038 -0.08527578181)
(1.497661359 0.06550387149 -0.1476613111)
(1.500842844 0.02189414204 -0.043303288)
(1.517628609 -0.01365386437 -0.05433095883)
(1.522279847 0.01757255029 -0.07453261682)
(1.521926009 0.009865407951 -0.09901055701)
(1.510988829 0.01231347926 -0.03468883848)
(1.505773904 -0.01094617556 -0.06362733891)
(1.514930635 0.02121460396 -0.08090193008)
(1.508590354 0.02842701685 -0.04363213449)
(1.514844239 -0.007910354609 -0.08487008731)
(1.515969666 0.02719478622 -0.09962055294)
(1.520174824 0.0123173669 -0.1014768946)
(1.514876763 0.02671957439 -0.09192789461)
(1.509735909 -0.005946752329 -0.07247953291)
(1.514647393 0.0242278089 -0.08403229826)
(1.466243689 0.08693316778 0.1156731876)
(1.492449334 0.1906132057 0.03750314818)
(1.506924239 0.09198814541 0.05548731836)
(1.475798129 0.1105613412 0.1542591373)
(1.508563682 0.0699773532 0.04850538578)
(1.451381075 0.0816878601 0.1106350142)
(1.484585554 0.1730365834 0.03528987241)
(1.507427216 0.05497226903 0.04462668635)
(1.47012046 0.07741248476 0.108813075)
(1.50292814 0.06270431493 0.04291062013)
(1.485115609 0.0466748783 0.1016271056)
(1.51151516 0.02157354732 0.09239870459)
(1.526278672 0.003484490321 0.057456666)
(1.509480889 0.02883569944 0.1162535732)
(1.509043301 0.02517480063 0.08384388001)
(1.477634641 0.05449601334 0.1151081533)
(1.514567216 0.02492612932 0.09317787311)
(1.477087104 0.03374249358 0.09455336452)
(1.514669513 0.02996746166 0.07699610585)
(1.524774655 0.005273412237 0.05191545842)
(1.513756132 0.01831239878 0.07792178546)
(1.504315734 0.02860955142 0.07738597443)
(1.486384484 0.0280138632 0.09114897593)
(1.511892574 0.02168151887 0.08275390991)
(1.506382536 0.07993925016 0.05983666056)
(1.465154299 0.05716195737 0.08658724319)
(1.503125162 0.0677383548 0.04515687782)
(1.50427814 0.0674373759 0.0464355217)
(1.488278434 0.0694139857 0.04571213949)
(1.481399242 0.01919708965 0.06574441773)
(1.518030182 0.03119644249 0.06354268183)
(1.528025857 0.006696891875 0.02060314125)
(1.515850837 0.01313896628 0.06083202195)
(1.50954656 0.03297531624 0.05498957557)
(1.491268835 0.01924597748 0.07647452437)
(1.511383867 0.01194373664 0.04379388243)
(1.479089772 0.0187651968 0.05922645028)
(1.518053076 0.03275139824 0.04655459246)
(1.527882298 0.007213252922 0.01783896441)
(1.513519792 0.01083420935 0.03745888741)
(1.509578166 0.03332954116 0.0508698425)
(1.487526324 0.01755851315 0.05467463203)
(1.510421868 0.0119951097 0.04127958787)
(1.501105858 0.03117573295 0.05924883945)
(1.522637137 0.05849512714 0.05015444303)
(1.523165779 0.028098003 0.04828957623)
(1.525506216 0.03939995315 0.02486889192)
(1.503931867 0.03505305245 0.06973591273)
(1.522330296 0.05010072992 0.02557585177)
(1.522222376 0.02314745091 0.03141312163)
(1.496105217 0.02457140485 0.05393647534)
(1.52372206 0.03959808191 0.03320710041)
(1.52373593 0.01945883279 0.02302658658)
(1.525086815 0.03747189274 0.02456266794)
(1.503591858 0.02075145307 0.05126101533)
(1.517907006 0.04536211308 0.02834574312)
(1.521112544 0.02184718453 0.02639149798)
(1.50928627 0.05625476425 0.03622407466)
(1.498494206 0.04636842931 0.02789468423)
(1.509345638 0.03624653245 0.0219988916)
(1.496458982 0.04088713308 0.02419071245)
(1.480277793 0.01489456498 0.03610269071)
(1.518193134 0.03182450955 0.03520914195)
(1.530685231 0.005953086362 -0.01097149825)
(1.514827872 0.008329472753 0.02249152751)
(1.510377198 0.03122935507 0.02706347379)
(1.487932464 0.01545990952 0.04376494039)
(1.511316894 0.006623048344 0.0126167814)
(1.479802062 0.01445933896 0.0317427823)
(1.518436502 0.03005896796 0.0203091931)
(1.530144647 0.005594491197 -0.01330707442)
(1.513962518 0.004902976912 0.008778275782)
(1.510001516 0.03068170169 0.02191658262)
(1.488627461 0.01390274345 0.02836880057)
(1.510743086 0.005816837409 0.01047956072)
(1.497258496 0.01036307353 0.03556051607)
(1.527561701 0.03086303066 0.01511948585)
(1.525286858 0.01497023691 0.008742979945)
(1.529150736 0.02478876015 0.007519135773)
(1.504889542 0.01460520569 0.04272533446)
(1.523197917 0.02466078428 0.001786479808)
(1.52290375 0.01356950189 -0.001731379938)
(1.495973083 0.008098675285 0.03185617654)
(1.527626838 0.01758750791 -0.0003960646309)
(1.524885653 0.01257539215 -0.008379051622)
(1.528636867 0.02297149247 0.005964826782)
(1.503759583 0.006856136702 0.02907279892)
(1.521131469 0.02093036582 -0.001005840996)
(1.522021955 0.01324897561 -0.00636783124)
(1.510349348 0.02383979301 0.00822401444)
(1.497082272 0.01389066294 -0.0003737982014)
(1.505737733 0.003798247457 -0.006301183823)
(1.494680272 0.008635270587 -0.00372916398)
(1.481057622 0.01093980551 0.009253808374)
(1.519091602 0.02926336325 0.007536108238)
(1.531124085 0.00427192674 -0.03953889154)
(1.515277212 0.002421245503 -0.006318852143)
(1.510525887 0.02876525693 -0.001349549654)
(1.489606856 0.01192774915 0.01819363604)
(1.511150612 0.0005463371247 -0.01598760151)
(1.479488729 0.01038097513 0.005828526065)
(1.516657133 0.02787069302 -0.008464329601)
(1.529727399 0.004037404683 -0.04276164496)
(1.511950786 -0.001441696852 -0.02051642652)
(1.509013605 0.02833259468 -0.005780363429)
(1.487278848 0.00981232092 0.002920051866)
(1.509616921 -0.000397865965 -0.01866712436)
(1.49618185 -0.001344970898 0.01223227348)
(1.528785097 0.009342760709 -0.02233889067)
(1.526127304 0.009423307363 -0.0224959159)
(1.530333608 0.01313198333 -0.01204098685)
(1.504599374 0.001655061117 0.01937178526)
(1.523152139 0.004031476508 -0.03413851573)
(1.522996278 0.008621592227 -0.03178768657)
(1.493995699 -0.004700848473 0.008050583191)
(1.524824335 -0.002701303003 -0.03633907025)
(1.523164028 0.007723092621 -0.03822001485)
(1.528680648 0.01113142152 -0.01380486974)
(1.501020871 -0.00532405953 0.004611547709)
(1.520485924 0.000240434106 -0.03613331442)
(1.521171836 0.008733873437 -0.03634440588)
(1.503666056 -0.009463214746 -0.01816981287)
(1.483886863 -0.02352453041 -0.02788857675)
(1.513154768 -0.05202828717 -0.05847616577)
(1.496807689 -0.0422388335 -0.08436060193)
(1.4856732 -0.01568606119 -0.01723733079)
(1.480298485 0.00666572364 -0.01661855244)
(1.517823032 0.0268076906 -0.0197264382)
(1.528816496 0.002528285526 -0.06878286608)
(1.512825215 -0.003963493942 -0.03474870306)
(1.509075854 0.02571366366 -0.03115983969)
(1.488471408 0.007987332959 -0.007795449315)
(1.50901412 -0.00681688311 -0.04556540787)
(1.479781397 0.00148369763 -0.02212744663)
(1.516010682 0.02501310277 -0.04012426324)
(1.526722757 0.001945069767 -0.07296305095)
(1.510919152 -0.00839773983 -0.05328895761)
(1.50692694 0.02526801605 -0.03705941172)
(1.486929688 0.008520746484 -0.02606927925)
(1.508111686 -0.009187894029 -0.0501462663)
(1.492598722 -0.01514191722 -0.01308890113)
(1.524487214 -0.01186077805 -0.05625335234)
(1.523790939 0.005215367141 -0.05053380393)
(1.526014519 -0.0001896469367 -0.02989527463)
(1.501478744 -0.01053051814 -0.004823515189)
(1.515925554 -0.01791919884 -0.06538528782)
(1.519795339 0.002723148995 -0.06256246905)
(1.496624539 -0.02113580992 -0.01560005125)
(1.522756365 -0.03128014501 -0.0671678865)
(1.52317487 -0.002439205977 -0.07266549697)
(1.523877967 -0.004371525094 -0.02842699604)
(1.508073038 -0.01526025677 -0.04904090791)
(1.516068514 -0.02420493506 -0.05424607849)
(1.520161874 0.0003198169771 -0.06389735899)
(1.464429124 -0.05836128205 -0.1449167762)
(1.457925821 -0.06076953427 -0.09235179621)
(1.462866857 -0.08150988204 -0.06176370603)
(1.503738487 -0.06432309439 -0.06065451569)
(1.475953621 -0.05369206649 -0.09287785713)
(1.488307851 -0.07824798677 -0.05082247742)
(1.470848949 -0.0616829228 -0.08101571317)
(1.46926697 -0.08572859865 -0.05495823995)
(1.490348935 -0.09097184243 -0.04604750043)
(1.483954373 -0.09305178222 -0.08827795519)
(1.490620723 -0.07663389052 -0.04900886632)
(1.474720688 -0.006512525934 -0.04639489756)
(1.514668192 0.02171760194 -0.05694137674)
(1.520846201 -0.002318857999 -0.1007857005)
(1.508842461 -0.01163137528 -0.07118413648)
(1.502791306 0.01869923328 -0.0666771738)
(1.484530791 0.002157195073 -0.03889929316)
(1.50234998 -0.01514880453 -0.07705182033)
(1.480866767 -0.01353988061 -0.04677650157)
(1.509534829 0.01368427062 -0.08848550049)
(1.518032713 -0.005526434641 -0.1035399309)
(1.503296251 -0.02302612765 -0.0955755683)
(1.505304475 0.01454753485 -0.07583684251)
(1.493198949 -0.01521917748 -0.09165797664)
(1.502103951 -0.01900877676 -0.08125336908)
(1.529146069 0.0117450943 0.01268963271)
(1.5176611 0.07233793276 0.002507092294)
(1.528236541 0.02004686117 0.009219343411)
(1.531681374 0.005353636854 -0.008875881008)
(1.526591199 0.02319256576 0.009782256864)
(1.525587245 0.007789797183 -0.007313334222)
(1.530064856 0.007924449884 0.01186745521)
(1.528547238 -0.01093520327 0.01093832743)
(1.515209261 0.04439024319 -0.012373974)
(1.525069346 -0.004551420446 0.00671104758)
(1.527491549 -0.03575394732 -0.02953844617)
(1.524815685 -0.00266353507 0.007094015116)
(1.523662144 -0.03264199902 -0.02949497935)
(1.528217119 -0.01430909859 0.01043343438)
(1.494940855 -0.02331619842 -0.03601535399)
(1.482365263 -0.01156956356 -0.05471096729)
(1.495021528 -0.01315169127 -0.05881285793)
(1.480351757 -0.03273533991 -0.03839588421)
(1.494388326 -0.03925844918 -0.05205973026)
(1.473566885 -0.01777204286 -0.07312407768)
(1.495179127 -0.01872533826 -0.0825448217)
(1.488751156 0.01916656894 0.02899228979)
(1.500993678 0.006018936744 0.0639748276)
(1.485977494 0.006758305532 0.05433955848)
(1.496078672 0.04533053359 0.04620964302)
(1.481570716 0.04000436498 0.03095214063)
(1.499842359 0.01847538597 0.06065108004)
(1.47451476 0.02094365188 0.0531920884)
(1.495098363 0.0146248211 -0.05735410334)
(1.48699095 0.0207777053 -0.03140094355)
(1.494858905 0.02319076993 -0.03457893344)
(1.474470763 0.01981175959 -0.06980052244)
(1.494813174 0.02204712505 -0.07797635086)
(1.48134409 0.03268367633 -0.03743155843)
(1.493621915 0.03847181713 -0.04928000091)
(1.487341971 -0.004412419103 0.05757657471)
(1.499431612 -0.02109065323 0.04099554405)
(1.489057903 -0.01877916726 0.0306531671)
(1.502131583 -0.01543236062 0.06197874333)
(1.478070901 -0.01554188108 0.05991899081)
(1.496886487 -0.04540385062 0.0477980128)
(1.48135514 -0.04259711517 0.03265660481)
(1.496515771 -0.03145152153 -0.007127932283)
(1.483491443 -0.03595323588 -0.02124682098)
(1.49458806 -0.05045161213 -0.02954714779)
(1.489938599 -0.02807032244 -0.003738912684)
(1.49578293 -0.03729276223 -0.00530806605)
(1.47931611 -0.04475152267 -0.005713683053)
(1.494520883 -0.06262951542 -0.01092790604)
(1.494431341 0.01821341335 0.003644547697)
(1.497058521 0.0483848592 0.02715203993)
(1.487259078 0.03736056484 0.01997218018)
(1.500508641 0.03097632345 0.002180115641)
(1.493630334 0.0246230777 0.001063158337)
(1.495501592 0.04140692646 0.01013176597)
(1.483387782 0.0288410386 0.00894893241)
(1.47138784 -0.02095230217 -0.01483637788)
(1.473634607 -0.005078893955 -0.009148829359)
(1.451160825 -0.00889972841 -0.03450650288)
(1.479169947 -0.01074629566 -0.002157558196)
(1.461628038 -0.03461415082 -0.008496672316)
(1.469442588 -0.004676343292 -0.002686560999)
(1.343982333 -0.02031148161 0.03971606918)
(1.479302192 -0.002305489733 0.01732367614)
(1.438710391 0.01546245264 0.001092038071)
(1.460192303 0.01201794517 0.003200444651)
(1.440748145 -0.003299765482 0.0198528189)
(1.455970503 -0.01096051946 0.01217327344)
(1.103227024 0.1247322252 -0.07575157445)
(1.363596017 0.03235726543 -0.02694540621)
(1.451119925 0.009789360729 -0.03344759647)
(1.481546365 0.01034114542 -0.006824119307)
(1.472464405 0.02128836654 -0.0148171093)
(1.469894315 0.005053264593 -0.002555203119)
(1.337188645 0.02992340874 0.04478831355)
(1.479029933 0.01095948451 -0.002962367184)
(1.464479371 0.03238850084 -0.00692973209)
(1.500997837 -0.03895250841 0.1153421093)
(1.500748964 8.393741918e-06 0.1160654559)
(1.496986787 -0.03972125452 0.1096481497)
(1.489838896 -0.04387580295 0.1156705279)
(1.495736892 -0.01603496949 0.1222633059)
(1.493017709 -0.03942893377 0.1085063621)
(1.488241338 -0.004602825703 0.1320119975)
(1.469892526 0.001313353237 0.03013149108)
(1.468447861 -0.03269906593 0.02621542547)
(1.479738092 -0.02277509384 0.01790296672)
(1.127834282 -0.1899139974 0.01614218581)
(1.386944737 -0.02975275376 0.02814131674)
(1.455187479 -0.03944991004 0.005558421776)
(1.466924161 -0.03278105416 0.004379765664)
(1.494465753 0.04743995422 -0.02850836943)
(1.4922223 0.024989571 -0.006616749308)
(1.496684559 0.03043893398 -0.00716536099)
(1.480305395 0.04366495334 -0.007179152707)
(1.49551366 0.05867297474 -0.01452877543)
(1.490218844 0.02753097649 -0.004155485847)
(1.495869333 0.03600401304 -0.006213194687)
(1.488417761 -0.04108161556 0.02051430064)
(1.50060357 -0.02609718867 0.007461147858)
(1.494885795 -0.02046211487 0.004938470682)
(1.49848914 -0.04868530567 0.00670313671)
(1.486722746 -0.03806506605 0.005295774249)
(1.500573606 -0.03276012945 0.0001671084299)
(1.493970509 -0.02681918743 -0.0008090698997)
(1.495843987 -0.03605082973 0.006387337244)
(1.480264616 -0.04338006286 0.007565754299)
(1.495471658 -0.05886890983 0.01500094244)
(1.492198133 -0.02494987519 0.006690183956)
(1.496629299 -0.03042094879 0.00726381429)
(1.484387425 -0.03468914803 0.02112269222)
(1.494363801 -0.04726877422 0.02872469603)
(1.493819257 0.02644873144 0.0003031077521)
(1.49826261 0.04829141024 -0.007461657023)
(1.48642957 0.03729065997 -0.006460171252)
(1.500400618 0.02564877361 -0.007814394001)
(1.49465971 0.01982874621 -0.005384253178)
(1.497439183 0.0514703808 -0.02797266927)
(1.487912545 0.03973814945 -0.02095257017)
(1.464519202 -0.03258159978 0.007140311115)
(1.469957566 -0.004846169732 0.003304616566)
(1.362024176 -0.02110176103 0.007564902731)
(1.481577657 -0.01027136295 0.00691555832)
(1.472649257 -0.02135918039 0.0149399084)
(1.473920053 -0.005008272835 0.009540537359)
(1.45343555 -0.01071505779 0.03420616407)
(1.415092813 0.1890155757 -0.1252952015)
(1.494884738 0.1121379194 -0.04107686868)
(1.489364839 0.111831563 -0.1310074398)
(1.460543937 0.1184428261 -0.09768237335)
(1.468825757 0.1052715827 -0.03954397319)
(1.354861647 0.1476380248 -0.1142620967)
(1.479572409 0.0991943602 -0.02399745658)
(1.466981536 0.03231018191 -0.01015676465)
(1.198052854 0.09797150738 0.008848866812)
(1.393153769 0.006260535007 -0.009082748369)
(1.468658406 0.02846831982 -0.0245991093)
(1.479907057 0.0187488158 -0.01619537261)
(1.450000018 -0.003410347405 -0.03084430363)
(1.472941005 -0.008652927307 -0.02823251516)
(1.369759852 0.02058528815 0.01461670085)
(1.479211859 0.01077940823 0.002385124861)
(1.462658759 0.03415021825 0.008522458699)
(1.473548394 0.004948819481 0.009441810684)
(1.45379636 0.01025047371 0.03517025047)
(1.481249626 0.01026018 0.006766517243)
(1.471766428 0.0214207469 0.01477878907)
(1.358655175 0.149171225 0.3587958726)
(1.316758661 0.1326569624 -0.002430299783)
(1.382719672 0.0712197957 0.2369884272)
(0.9714632736 0.3312245274 0.1807833055)
(1.465361154 0.05430998914 0.2812060149)
(1.418934275 0.06823520137 0.08088271772)
(1.472888487 -0.01554451351 -0.1400548091)
(1.440212459 -0.04905516422 -0.1467799409)
(1.417719362 -0.05813194435 -0.12690298)
(1.448145369 -0.02520243753 -0.1450143278)
(1.37884707 -0.01850677685 0.03305712968)
(1.444609494 0.00164877269 -0.0232147749)
(1.455783088 0.008898119542 -0.017773481)
(1.441056417 -0.0056716576 -0.003919961377)
(1.461467237 -0.001940501383 -0.003374631568)
(1.467313172 -0.007880894429 -0.02537146916)
(1.478999163 0.003729220069 -0.01746288108)
(1.494574095 0.0620219993 0.0111273332)
(1.490035313 0.02784980762 0.003795532399)
(1.495820873 0.03700073595 0.005385345117)
(1.483643147 0.03562903927 0.02098984336)
(1.494493693 0.04998831962 0.02931110815)
(1.492030193 0.02538803302 0.006435473403)
(1.496526419 0.031261294 0.007083551415)
(1.522101945 0.115544052 0.0209372218)
(1.523129758 0.0651952961 0.03057284263)
(1.528490708 0.04856814073 0.02518234075)
(1.523372058 0.03909171532 0.0114796226)
(1.517669936 0.06447433738 0.0121342359)
(1.521865806 0.05502982699 0.01193755064)
(1.519167245 0.0514905853 0.01164374481)
(1.51104591 0.02570234726 -0.02012396416)
(1.524501927 -0.01298673725 0.005340100235)
(1.526208683 -0.05568166007 -0.03863528525)
(1.519148523 -0.06702908741 -0.04093818692)
(1.527691383 -0.02201683102 0.008862572981)
(1.525069336 -0.02804720137 0.009063923583)
(1.521092693 -0.02009004051 0.005550645993)
(1.483798156 -0.02941044995 -0.01036782319)
(1.500541409 -0.03108862675 -0.002685648198)
(1.493691869 -0.02487432241 -0.001786734138)
(1.497017653 -0.04793516618 -0.0279051793)
(1.48713095 -0.03697302022 -0.02096535246)
(1.500563063 -0.02434648642 -0.007339253897)
(1.494438759 -0.01793881967 -0.00446779404)
(1.493415337 -0.03805934013 0.04914545049)
(1.474753874 -0.01890399044 0.06804173254)
(1.494196767 -0.02154156097 0.07766992327)
(1.486972942 -0.02020339045 0.03113760549)
(1.494688048 -0.02280072831 0.03462604194)
(1.482774207 -0.01208711983 0.05188377869)
(1.494711584 -0.01431435588 0.05688351168)
(1.480655486 0.04093403718 -0.0317169791)
(1.501217858 0.01559404513 -0.0605000284)
(1.4767264 0.0150926942 -0.05604420231)
(1.498909691 0.02027103189 -0.040722679)
(1.488445175 0.01757077187 -0.03002331628)
(1.500881308 0.004022221846 -0.06507184526)
(1.486234407 0.003611488469 -0.05628034097)
(1.494399876 0.01839149242 0.08234261616)
(1.480404896 0.03188103874 0.03789115309)
(1.494351884 0.03918009709 0.05148166623)
(1.482333822 0.01124020911 0.05300703857)
(1.494564219 0.01306079428 0.05848445132)
(1.48664001 0.0202155664 0.03192583549)
(1.49480038 0.02311234362 0.0357748396)
(1.473808944 -0.01936570852 -0.05022315014)
(1.495835199 -0.04428664976 -0.04632548405)
(1.481158373 -0.03837869343 -0.03104860994)
(1.500330627 -0.004957782093 -0.06360469884)
(1.485228521 -0.005253689814 -0.05340885117)
(1.498657601 -0.02081003185 -0.03954312431)
(1.488407155 -0.01749895388 -0.02902033256)
(1.522577811 -0.06587483034 -0.03042907636)
(1.521292444 -0.1168108979 -0.02024192728)
(1.527766899 -0.04936525115 -0.02489598553)
(1.523280474 -0.03945359768 -0.01190563651)
(1.517590831 -0.06537177278 -0.01222434716)
(1.519105137 -0.05182407312 -0.01203258156)
(1.521760247 -0.05600568298 -0.01196244977)
(1.527746452 -0.04610835582 -0.009731180427)
(1.52491456 -0.04724298403 -0.01121661027)
(1.515603238 -0.1075732647 -0.01658572744)
(1.526454829 -0.03065958685 -0.01231419284)
(1.52358829 -0.04742006622 -0.01447982672)
(1.524677107 -0.03500843761 -0.01265624821)
(1.522729825 -0.05179196385 -0.0117951413)
(1.52539021 0.05463597481 0.03910554693)
(1.524165226 0.01154392295 -0.005404895829)
(1.5102281 -0.0261512598 0.02053681465)
(1.527513062 0.02168532279 -0.009285696746)
(1.518115226 0.06603715834 0.04114542736)
(1.524899993 0.02766084987 -0.009539624849)
(1.520627287 0.01916337764 -0.005643309387)
(1.519958763 0.07290818106 0.04160436404)
(1.509806209 -0.02194064871 0.02059664693)
(1.516864319 0.06097035946 0.04240842841)
(1.523035766 0.02934230143 -0.008367197179)
(1.519779035 0.0288541626 -0.003799130738)
(1.521750614 0.03292816115 -0.00452790692)
(1.519931508 0.02213734783 -0.006280313742)
(1.494025531 -0.03581189588 -0.1225822822)
(1.492705212 -0.02038641523 -0.08023899953)
(1.476958956 -0.07672007929 -0.1254778546)
(1.464894021 -0.07120339425 -0.1358364019)
(1.495259234 -0.01184288427 -0.1122236566)
(1.469598813 -0.040595811 -0.1305274553)
(1.506958242 -0.02272420992 -0.08543137793)
(1.490457017 -0.0965368521 -0.06125734247)
(1.39156523 -0.3069637271 -0.06409023336)
(1.463254521 -0.1350109236 -0.1709740006)
(1.472506968 -0.1136226817 -0.1358577753)
(1.468936127 -0.1079893056 -0.01632741439)
(1.479381639 -0.06529368007 -0.04690186588)
(1.417040623 -0.2890499618 -0.02585561689)
(1.36309739 -0.1690386365 -0.3574543828)
(1.352818985 -0.08448218473 -0.2870228375)
(1.296869664 -0.1743403971 0.01894012525)
(1.416251157 -0.08214923661 -0.09267068765)
(1.457598664 -0.07477394894 -0.3229244098)
(0.9541485988 -0.3759037744 -0.1618269156)
(1.472056304 -0.0419798217 -0.1854610013)
(1.450000668 -0.1081705881 -0.2567444834)
(1.443693055 -0.1427148599 -0.3217212669)
(1.485640312 -0.06462449388 -0.2752957278)
(1.492303612 0.03560223192 0.1093302075)
(1.497761048 -0.003313895345 0.1160177788)
(1.479647382 0.02925203941 0.1044715584)
(1.466684153 0.03553188585 0.1049137851)
(1.49260228 0.01889315407 0.1201493008)
(1.480963292 0.03723920222 0.1000838129)
(1.483695282 0.007427153969 0.1280449607)
(1.481449424 0.1077805395 0.04434266384)
(1.41617851 0.1643296307 0.1504667678)
(1.467394276 0.10013986 0.1193219228)
(1.440200765 0.1049097281 0.09420997028)
(1.462953103 0.09271346989 0.03936825915)
(1.469051188 0.09627534809 0.02762839315)
(1.349272535 0.1352689018 0.1076497666)
(1.467239937 0.01672253985 0.1407061461)
(1.435135213 0.04903666426 0.1465392027)
(1.411909705 0.05991548852 0.126697238)
(1.446192814 0.02915110052 0.1471828286)
(1.392368437 0.07778943989 0.1672910814)
(1.368470621 0.05282676494 0.1688036283)
(1.167578256 0.207119923 0.03969668516)
(1.348668881 0.07827654118 0.06614537014)
(1.406364465 0.03745690563 0.1461265352)
(1.232802402 0.2059438761 0.1990312399)
(1.494005696 0.03921519048 -0.1090345804)
(1.488738264 0.01305685799 -0.09242834014)
(1.487546153 0.05660173461 -0.1136924702)
(1.472977697 0.06569885598 -0.1109511169)
(1.493069805 0.02357765524 -0.1159587013)
(1.473081024 0.04682917737 -0.1150110511)
(1.501069978 0.03265210638 -0.09770884998)
(1.422031075 0.1365385113 -0.255302246)
(1.345961568 0.09123195839 -0.3264780073)
(1.338275693 0.173197837 -0.04003709219)
(1.448445688 0.08690929185 -0.3127103132)
(1.413967379 0.09175923198 -0.1053105601)
(1.239363826 0.2922187758 -0.1489070257)
(1.464831841 0.01481231696 -0.1896527802)
(1.471682363 0.06828748315 -0.2033187879)
(1.463879191 0.1035306464 -0.243236117)
(1.477949937 0.05943886037 -0.2702919237)
(1.502318484 0.09719859134 -0.05939312367)
(1.446874673 0.2499562361 -0.06404227675)
(1.488940027 0.1157117551 -0.1581645048)
(1.473677356 0.09176249707 -0.1142610281)
(1.472450565 0.100431275 -0.03321619294)
(1.479227289 0.06916226647 -0.04582329962)
(1.436553909 0.2164460054 -0.04290951281)
(1.476357544 -0.01128720487 0.1427562188)
(1.463378328 -0.0565185938 0.1510560475)
(1.474618521 -0.07567266012 0.1228328025)
(1.453949695 -0.01252860016 0.1528089781)
(1.438392008 -0.07302491778 0.2549580306)
(1.376991846 0.009109221419 0.1587219947)
(1.103437268 -0.2886623524 0.2069807541)
(1.416081581 0.02056331154 0.1560429585)
(1.38782631 -0.06409889487 0.1550282235)
(1.200720952 -0.3048292101 0.3410682786)
(1.495253798 -0.1124894984 0.04060063118)
(1.415021567 -0.1897365685 0.1237797527)
(1.487347831 -0.1127598845 0.1307098452)
(1.459831298 -0.1201358177 0.09718805896)
(1.469249158 -0.105844431 0.03854621896)
(1.480339193 -0.1002016809 0.02317585009)
(1.355324354 -0.1488124469 0.1121171336)
(1.52750992 0.05602002357 -0.03134973101)
(1.524802566 0.1005025314 -0.01971910839)
(1.530999197 0.04035368356 -0.02423121996)
(1.524139532 0.03608992019 -0.01379568981)
(1.519241483 0.05920575488 -0.01577381382)
(1.519943968 0.04850485664 -0.01389377315)
(1.523429544 0.04881151327 -0.01636085053)
(1.531474329 0.04066129913 -0.008653784742)
(1.519265055 0.09074238437 -0.01327629865)
(1.526366892 0.03998028893 -0.01570111917)
(1.527802251 0.04088546551 -0.01305130256)
(1.526807089 0.02826023401 -0.01392650573)
(1.525241586 0.03244229352 -0.01437331809)
(1.524362604 0.04437755093 -0.01635064474)
(1.531414692 -0.06002666426 0.03555721481)
(1.515488633 0.01355311093 0.02396866926)
(1.526333913 -0.02046288413 -0.008842713612)
(1.523947254 -0.07291339527 0.0376120989)
(1.52831727 -0.02565029456 -0.00990829602)
(1.525458322 -0.03224090681 -0.01011401549)
(1.523147343 -0.02860736965 -0.00941900135)
(1.525043445 -0.08137748277 0.039168567)
(1.515827182 0.01265623774 0.0224825289)
(1.522788268 -0.06748710232 0.03919678564)
(1.523728242 -0.03374273862 -0.009051931374)
(1.522044184 -0.0381197121 -0.007475951385)
(1.522398368 -0.03771136179 -0.005105891783)
(1.522418466 -0.03129538433 -0.009532285951)
(1.525240157 -0.1003864752 0.02005075076)
(1.527547509 -0.05567750903 0.03141773133)
(1.531065441 -0.03982160807 0.02437758716)
(1.524161977 -0.03605801312 0.01362870003)
(1.519309918 -0.05916529804 0.0158733486)
(1.523533003 -0.04878242309 0.01647780984)
(1.519964508 -0.04854861361 0.01375117772)
(1.526452521 -0.03996172379 0.01574438131)
(1.519690956 -0.09055260905 0.01348228708)
(1.531534409 -0.04026182606 0.008754296663)
(1.526819573 -0.02814250661 0.01375474347)
(1.527868632 -0.04046337168 0.01317006146)
(1.525259777 -0.03236500955 0.01420135418)
(1.524477495 -0.04434746941 0.01643098245)
(1.526433114 0.02044333811 0.008654193462)
(1.515766699 -0.01351967987 -0.02398668595)
(1.531488357 0.0604907371 -0.03541130503)
(1.528314938 0.02586500097 0.009633806169)
(1.523958801 0.07332503422 -0.03752357243)
(1.525456745 0.03241312056 0.009822268034)
(1.523203611 0.0284158086 0.009194390131)
(1.516099434 -0.01280400594 -0.02256535739)
(1.524990262 0.08162478781 -0.03927539778)
(1.522773704 0.06787021662 -0.03916100244)
(1.523718776 0.03389504253 0.008732564173)
(1.522038304 0.03796499069 0.007168379148)
(1.522499412 0.03114159843 0.00925877606)
(1.522365074 0.03782635287 0.004760314363)
(1.44944616 -0.2484730974 0.06694680522)
(1.501499896 -0.09658744187 0.06049342892)
(1.488613472 -0.1168355488 0.1587350628)
(1.473687431 -0.09524210593 0.1152919686)
(1.472259691 -0.09751437927 0.03526317832)
(1.440124253 -0.2133808529 0.04800040353)
(1.478641354 -0.06899695682 0.04591910613)
(1.414722186 -0.1220056029 0.247584673)
(1.352830862 -0.1363004877 0.0609041988)
(1.376778967 -0.08184656916 0.2776907507)
(1.261075384 -0.2615228438 0.1751118164)
(1.418965103 -0.07425604201 0.09763223744)
(1.46454525 -0.06575412069 0.2704577976)
(1.491121673 -0.01743973426 0.180741761)
(1.485649822 -0.07111335079 0.2065815925)
(1.477451052 -0.09267279302 0.2384601868)
(1.49615204 -0.04873177761 0.2383879227)
(1.502701118 -0.01450600288 0.1012883526)
(1.495941328 -0.03748633664 0.109090722)
(1.4938401 -0.05638621318 0.1177228113)
(1.475585645 -0.06110899588 0.1174964733)
(1.491216847 -0.02082889454 0.1111691905)
(1.504034514 -0.02986894057 0.1038417434)
(1.473744257 -0.04357503324 0.1147162229)
(1.485191003 0.01120859422 -0.1424677992)
(1.470511336 0.056646581 -0.1517933743)
(1.479901308 0.07454350192 -0.1235268073)
(1.458451856 0.01128043641 -0.1514401522)
(1.442471236 0.0655087213 -0.2550210509)
(1.108829137 0.2582074702 -0.2254365646)
(1.384321662 -0.01755660617 -0.1267090075)
(1.198694093 0.2933405195 -0.3446391307)
(1.392602141 0.04658512565 -0.149319961)
(1.415482284 -0.02355623215 -0.1500550252)
(1.509669729 -0.0006689399428 -0.1153874477)
(1.504487226 0.03730342375 -0.1149664275)
(1.503824185 0.03850460641 -0.1096803966)
(1.494968782 0.04164218665 -0.1151682301)
(1.496852003 0.01453601833 -0.1205915737)
(1.494657415 0.003011853639 -0.1296019498)
(1.495142857 0.0376315589 -0.1075093709)
(1.490367869 0.0453355395 0.1732245851)
(1.458533844 0.1035840386 0.2588511377)
(1.448097987 0.128491298 0.3221645662)
(1.496731896 0.05333615688 0.2512808952)
(1.396952035 0.2983263105 0.07056999443)
(1.490947013 0.09572746116 0.06086003008)
(1.465132887 0.1334590992 0.171999193)
(1.472966882 0.1151467755 0.132671532)
(1.469425714 0.1057649204 0.01831567132)
(1.41988173 0.2790046938 0.03206003766)
(1.478633728 0.06475028727 0.04493209239)
(1.504450238 0.01944708924 0.09170098675)
(1.494194402 0.0354523177 0.1243417943)
(1.480921721 0.07364212494 0.1317395148)
(1.464283994 0.0673634418 0.1449025609)
(1.493204049 0.007491136762 0.1082833243)
(1.508513741 0.01566815657 0.09360324612)
(1.47072907 0.03893948617 0.1320918071)
(1.397865476 -0.07197424384 -0.1696519102)
(1.181863172 -0.1874648914 -0.07576459668)
(1.37672985 -0.03981012271 -0.1359235458)
(1.23980132 -0.2027341408 -0.205993185)
(1.405099196 -0.02979193146 -0.1413996453)
(1.356200059 -0.05886983409 -0.07348705697)
(1.418303166 -0.1649269998 -0.1516346186)
(1.48268395 -0.1078034807 -0.0449791667)
(1.468688002 -0.1007986574 -0.1200923128)
(1.442501311 -0.1040843404 -0.09572442882)
(1.464062466 -0.0932833797 -0.04051697572)
(1.351736463 -0.1357625103 -0.109912468)
(1.469950994 -0.09622822849 -0.02884659846)
(1.503217492 0.004197081378 -0.114926585)
(1.492970032 -0.03374141106 -0.1090886503)
(1.483920895 -0.02822587721 -0.1038291375)
(1.469818936 -0.0331214233 -0.1040899503)
(1.492202827 -0.01735985042 -0.1183700036)
(1.487416858 -0.005384421918 -0.125123211)
(1.480919843 -0.03506630206 -0.09940259676)
(1.51639717 0.1063840105 0.01728314426)
(1.525071676 0.04625232491 0.01121114354)
(1.528488544 0.04533069671 0.01001550459)
(1.524352754 0.04662935613 0.01476520965)
(1.526568693 0.03030359245 0.01189407477)
(1.524779716 0.03464856732 0.01223717528)
(1.522869289 0.05077893715 0.01179033499)
(1.510612191 0.02143596932 -0.02025144611)
(1.520686426 -0.0737038378 -0.0417702348)
(1.51776897 -0.06191590311 -0.04233659958)
(1.523204286 -0.02968958153 0.007873686088)
(1.520170376 -0.02971520584 0.003610238736)
(1.520330587 -0.02331310832 0.006103378748)
(1.521896103 -0.0332174 0.004008308616)
(1.520480692 -0.01285092603 -0.0106733096)
(1.517189038 -0.01729287481 -0.01794085804)
(1.520413025 -0.01239262049 -0.0124718345)
(1.517497742 -0.02232220167 -0.01526329653)
(1.52043594 -0.01716356739 -0.01278972221)
(1.517309615 -0.0144487184 -0.01724496768)
(1.521357961 -0.009096710556 -0.01510618893)
(1.523037701 -0.00460659444 -0.005193133934)
(1.522145878 -0.006691402507 -0.006063879238)
(1.522725459 -0.001832693287 -0.0005927812769)
(1.522480774 -0.01123394902 -0.008777572892)
(1.523145127 -0.00618934833 -0.005778886182)
(1.523506756 -0.001466152566 -0.009216197169)
(1.52416345 0.004570688696 -0.005344582942)
(1.521850963 0.003709679443 0.0009411998236)
(1.522408335 0.003873598307 0.006642412306)
(1.521380684 0.008427255318 0.01147210094)
(1.522900986 6.815388845e-05 -0.001588410496)
(1.521921015 0.004758808037 0.001383685831)
(1.523758852 0.01272952968 0.001320772613)
(1.522639837 0.01892863308 0.005257564853)
(1.517688212 0.01098061288 0.006928547957)
(1.519158809 0.01361397448 0.01872847471)
(1.516323017 0.01777878975 0.02217892709)
(1.520055557 0.01048084909 0.00515941174)
(1.517440556 0.01459888423 0.007925838543)
(1.520437836 0.02668330084 0.01080915877)
(1.517170702 0.03287603305 0.01418880982)
(1.520511517 0.01236516365 -0.0120100029)
(1.517677021 0.01697553406 -0.01329971102)
(1.520390897 0.01243205259 -0.01015651854)
(1.517604243 0.01426503489 -0.01642183926)
(1.521460753 0.008811760905 -0.01400467014)
(1.517611521 0.0218532742 -0.01464552906)
(1.520521066 0.01664540198 -0.0121389541)
(1.522833508 0.00200472594 -0.0002514223101)
(1.522335648 0.008347185682 -0.007563978943)
(1.522899202 0.004194307766 -0.004742626553)
(1.523563662 0.001134316604 -0.007854930362)
(1.524177972 -0.004941886528 -0.003932249708)
(1.522555264 0.01074737759 -0.008226402969)
(1.523234587 0.005733772436 -0.005296032676)
(1.521490299 -0.008135318576 0.01170065527)
(1.522531041 -0.0006585187971 -0.001066755602)
(1.5217076 -0.004145997915 0.001415302179)
(1.523762689 -0.01313851222 0.002691073968)
(1.522582388 -0.01934631177 0.006560571994)
(1.52299201 -0.0004574392344 -0.00118653572)
(1.522024899 -0.005127721558 0.001793074172)
(1.516444163 -0.01755879308 0.02232906637)
(1.519685885 -0.008979243303 0.005504663571)
(1.517580134 -0.01145823833 0.007376601566)
(1.520549112 -0.02703931222 0.01200043795)
(1.517297525 -0.03325841551 0.01547056234)
(1.520201085 -0.0107611291 0.005432081058)
(1.517599489 -0.01493836949 0.008254121597)
(1.514902618 -0.01181911999 -0.002044296378)
(1.512037935 -0.01601440579 -0.002732382239)
(1.51487099 -0.01210040589 -0.0001303766105)
(1.512572939 -0.01554763616 -0.0004576398898)
(1.514753701 -0.01230046344 -0.0002889643727)
(1.512417964 -0.01776837915 -0.002083413737)
(1.515228959 -0.01355849641 -0.001715605404)
(1.517050388 -0.005509187174 -0.001865497705)
(1.516556724 -0.006963352785 0.001283969287)
(1.517211942 -0.002366308141 0.002925059078)
(1.51634709 -0.009099954385 -5.378168305e-05)
(1.517073616 -0.005785017002 0.000206490765)
(1.516894102 -0.00772442139 -0.001378566616)
(1.517536032 -0.002418376484 -0.001186290163)
(1.516105949 0.001084085625 -0.001216864644)
(1.517080878 0.003101633467 0.005101874364)
(1.51623822 0.007655850277 0.00624868714)
(1.51688682 -0.002094495043 0.0006184182696)
(1.516240262 0.0008821617079 0.001024945936)
(1.517234727 0.003618575537 -0.000980193847)
(1.51630092 0.008826320428 -0.0007415122567)
(1.513069298 0.006659030057 -0.0003441821333)
(1.514555777 0.01238186007 0.009205520917)
(1.512282294 0.01637515312 0.009154895429)
(1.514969502 0.004143373109 0.001569166103)
(1.513125142 0.006466731579 0.00193279037)
(1.514749027 0.01377989445 -0.0005769513967)
(1.512420151 0.01874116921 -0.0003689162946)
(1.501411246 -0.06881433656 -0.07027245548)
(1.513599744 -0.05627077626 -0.03808881785)
(1.504553486 -0.05687652792 -0.05990524275)
(1.504115377 -0.08129645864 -0.03577620519)
(1.516899333 -0.04628779874 -0.05264306729)
(1.514621324 -0.07257329709 -0.02661535603)
(1.49363828 -0.07578417928 -0.08330431647)
(1.488343118 0.02819457999 0.07232856767)
(1.51248121 0.02708826197 0.03615336543)
(1.51914218 0.008452985267 0.08648418077)
(1.516093738 0.04050362986 0.06599899163)
(1.51254067 0.01517804857 0.08381186485)
(1.506579858 0.04598215646 0.06002360901)
(1.49906416 0.01958666945 0.06671973922)
(1.445790752 0.06732750047 -0.1134173697)
(1.461796831 0.02877412612 -0.1205202001)
(1.446738979 0.03353029981 -0.06979767283)
(1.429719608 0.03830980265 -0.1330586222)
(1.452629293 0.04456573085 -0.09196970919)
(1.457237349 0.04450166402 -0.1400693617)
(1.432989687 0.04681285676 -0.07096351856)
(1.514913524 0.01174851371 -0.0002661102161)
(1.51279818 0.01454575702 -0.002898132687)
(1.514923875 0.01149896154 -0.002163095417)
(1.512455207 0.01720072816 -0.002660630023)
(1.515251586 0.01290067065 -0.002408276043)
(1.512576447 0.01529468061 -0.0007002715395)
(1.514766406 0.01200000863 -0.0005616101407)
(1.517229785 0.002091838798 0.002952482841)
(1.516504377 0.008460051616 -0.002315876214)
(1.517052369 0.005197049558 -0.001968047701)
(1.516905098 0.00704299297 -0.002135080349)
(1.517525492 0.001689963408 -0.001988748696)
(1.516349505 0.008778800079 -0.0003433054022)
(1.5170806 0.005446591002 -0.00010040936)
(1.516236703 -0.007881063505 0.006315682266)
(1.516769991 0.001528937289 -0.001519472452)
(1.516115352 -0.001385229016 -0.001299480355)
(1.517206092 -0.004427623534 -0.001805933265)
(1.516263228 -0.00965145319 -0.001644833978)
(1.516890602 0.001745943828 0.0003382029523)
(1.516253233 -0.001239341712 0.0007551565191)
(1.512325194 -0.01650933002 0.009235744459)
(1.514786956 -0.004777790339 -0.0003446670588)
(1.513090983 -0.006939906127 -0.0004187110946)
(1.514712639 -0.01475034206 -0.00141877879)
(1.512385724 -0.01941505114 -0.00125869308)
(1.514993427 -0.004472191208 0.001298264162)
(1.513142452 -0.006839073185 0.001671657015)
(1.514755775 -0.01201876443 0.0005234999876)
(1.512453344 -0.01723237262 0.002655314164)
(1.515249473 -0.01293055779 0.002391254538)
(1.512777202 -0.01457141087 0.002874439385)
(1.514902953 -0.01153599183 0.002124759603)
(1.512111802 -0.01575092425 0.002830144265)
(1.514914629 -0.01182364984 0.0002542940246)
(1.517065201 -0.005455646482 4.778883555e-05)
(1.516901094 -0.007070324449 0.00210553335)
(1.517516388 -0.001717028666 0.001948773517)
(1.516494443 -0.008499473287 0.00226491501)
(1.51702907 -0.005239658861 0.001915995076)
(1.516581364 -0.006740214356 -0.001290907029)
(1.517229194 -0.002181801798 -0.002993677462)
(1.516234027 0.001236158286 -0.0008282345108)
(1.517193735 0.004402024069 0.001747895165)
(1.516249619 0.009623579092 0.001573761503)
(1.516746503 -0.001574164533 0.001457606735)
(1.516086103 0.001333100009 0.001228718425)
(1.517088898 0.003227719102 -0.005212191365)
(1.516223958 0.007773870398 -0.006382337153)
(1.513111218 0.006837863025 -0.001780813618)
(1.514689464 0.01472343822 0.001301541436)
(1.512358781 0.01937690155 0.001107036463)
(1.514746437 0.004722354178 0.0002545967293)
(1.513045609 0.006869976323 0.0003075404498)
(1.514561618 0.0124056473 -0.00938482563)
(1.512295845 0.01637819907 -0.009343940913)
(1.454562453 -0.1116877246 0.082469218)
(1.45472828 -0.08241495106 0.02090158926)
(1.441542803 -0.0851584202 0.02339856108)
(1.463704628 -0.05655018116 0.01530952587)
(1.430398828 -0.209824912 0.03779790266)
(1.463905576 -0.0703410546 0.02759540429)
(1.451889952 -0.05992844864 0.02990600767)
(1.226575732 -0.1047057136 -0.03364413193)
(1.358905466 -0.01895725926 -0.01849604374)
(1.367066971 -0.01222432664 0.05622695368)
(1.409359175 0.02944661403 0.04173727106)
(1.233485755 -0.06602428317 0.09211760297)
(1.286484257 -0.06423956692 -0.02476488092)
(1.400444685 0.00087116244 0.03878982689)
(1.510305655 0.0654008062 0.0211782032)
(1.501909893 0.05917542459 0.0198262141)
(1.509123547 0.04826779767 0.01993501044)
(1.512137734 0.05531789363 0.008670377454)
(1.503378675 0.06438956294 0.008823357803)
(1.510469592 0.06309274902 0.008011805556)
(1.504106792 0.05984304855 0.01368787114)
(1.507565492 -0.03291147322 -0.01682684094)
(1.516634709 -0.07506706453 -0.03841216416)
(1.51078707 -0.0725554811 -0.03020002559)
(1.513932549 -0.03748547366 0.0005686960038)
(1.5164063 -0.03244767669 0.002124793151)
(1.511113915 -0.03075522442 0.002253392437)
(1.51803776 -0.03730752552 -4.393081289e-05)
(1.515228328 0.01344693093 0.001652798407)
(1.512563902 0.01548852338 0.0004162589387)
(1.51474931 0.0122379753 0.0002359722762)
(1.512041794 0.01597462369 0.002665319163)
(1.514878173 0.01206208649 5.767299035e-05)
(1.512765541 0.01477986661 0.002710208812)
(1.514891662 0.0117854237 0.001964199881)
(1.517536524 0.002289030104 0.00110178913)
(1.516339915 0.009039225249 -1.520112152e-05)
(1.517074211 0.005724744132 -0.0002717409097)
(1.516567998 0.006924501187 -0.001381340068)
(1.517224719 0.00232893615 -0.003036390194)
(1.516476894 0.008750569621 0.002110182136)
(1.517045372 0.005490244234 0.001760842758)
(1.516298211 -0.008969459616 0.0006153267642)
(1.516889112 0.00203624844 -0.0006983618207)
(1.516243017 -0.0009385103636 -0.001116970003)
(1.517091256 -0.003143043658 -0.005230451878)
(1.516249069 -0.007680377762 -0.006382982849)
(1.516762458 0.001825937459 0.001306436587)
(1.516102207 -0.001086959966 0.00108276605)
(1.512427234 -0.01890486532 0.0001759699265)
(1.514974062 -0.004194938223 -0.001680053742)
(1.513133963 -0.006527545661 -0.002065219125)
(1.514559556 -0.01242554149 -0.00937288561)
(1.512293025 -0.01636867228 -0.009334075115)
(1.514763959 -0.004502198701 0.0001197422256)
(1.513064333 -0.006645685145 0.0001587449409)
(1.520462408 -0.01667997539 0.01217386734)
(1.517636052 -0.01440219068 0.01654996593)
(1.521493305 -0.008968743468 0.01410271162)
(1.517618512 -0.01699431089 0.01330883034)
(1.520344755 -0.01245422192 0.01015175007)
(1.517334923 -0.01717483206 0.01766977104)
(1.52051168 -0.01237155435 0.01209127241)
(1.5231572 -0.0057363583 0.005329702376)
(1.523601821 -0.001275309028 0.007937515583)
(1.524195519 0.004810833798 0.004007878826)
(1.522303572 -0.008374603817 0.007558676115)
(1.52285412 -0.004237532556 0.004738699193)
(1.522238254 -0.006785005053 0.005689510555)
(1.522820146 -0.002013753729 0.000273178478)
(1.521948877 0.005122210947 -0.001765453363)
(1.523763824 0.01302382983 -0.002628522693)
(1.522534113 0.01922472085 -0.006516834891)
(1.522470985 0.0005997882682 0.001047581553)
(1.52164253 0.004053939147 -0.001433343252)
(1.522473954 0.003631697825 -0.006881368825)
(1.521432471 0.008095606983 -0.01172406713)
(1.517482165 0.01491063711 -0.008256240176)
(1.520508705 0.02688127599 -0.01197735243)
(1.517225998 0.03309421736 -0.0154891033)
(1.519600737 0.008843254291 -0.00553933317)
(1.517471375 0.01129188596 -0.007418502495)
(1.519117573 0.01340460977 -0.01869695298)
(1.51633449 0.01745628291 -0.02239844061)
(1.521389381 0.009249970025 0.01500955945)
(1.517442939 0.02239763504 0.01512056547)
(1.520403728 0.01723823407 0.01262346096)
(1.517173081 0.01735153452 0.01796670977)
(1.520411094 0.01247735819 0.01246859679)
(1.517683108 0.01742704552 0.01367485062)
(1.52042377 0.01290894447 0.0105127862)
(1.524196963 -0.004427997211 0.005218600181)
(1.52241926 0.01129930226 0.008597460285)
(1.523109856 0.006257213649 0.005593039116)
(1.522149803 0.006797066753 0.006043080186)
(1.522725915 0.001956790412 0.0005568877636)
(1.522355882 0.008828617899 0.007876669168)
(1.522989746 0.004707002565 0.00502086652)
(1.522627381 -0.01877795919 -0.005392756094)
(1.522877497 6.41481607e-06 0.001395125131)
(1.521891835 -0.00466714444 -0.001583617899)
(1.522389772 -0.00373906722 -0.006696816994)
(1.521352602 -0.008251572961 -0.01153452917)
(1.522601774 -0.0001085824117 0.001324239276)
(1.521794857 -0.003545732013 -0.001132833659)
(1.517164103 -0.03265177148 -0.0143906308)
(1.520021375 -0.01037818961 -0.005375593664)
(1.51740078 -0.01448213342 -0.008164699287)
(1.51909184 -0.01344371084 -0.01878007165)
(1.516260087 -0.01753836295 -0.02227926347)
(1.519765579 -0.008307673713 -0.005196796174)
(1.517612221 -0.01073621351 -0.007149135148)
(1.497092087 -0.05804214105 -0.07150736974)
(1.515393674 -0.05331730786 -0.0394907831)
(1.517956524 -0.03633841422 -0.05457279418)
(1.517718841 -0.06653080834 -0.03584844164)
(1.515998895 -0.04071409144 -0.05261845112)
(1.513973814 -0.07000968398 -0.02956803105)
(1.504747367 -0.04897634286 -0.07936286953)
(1.4879268 0.03544114095 0.06261847872)
(1.5064008 0.0330536797 0.03582958949)
(1.506018349 0.02971344478 0.09022134343)
(1.501839986 0.0573912362 0.05681088197)
(1.508922738 0.02076798945 0.08382950294)
(1.50376099 0.04880613833 0.05508610594)
(1.493068688 0.05081204123 0.0942212256)
(1.516194881 0.06223827483 -0.07297686146)
(1.506640992 0.05240865749 -0.06079347519)
(1.513336512 0.05081282357 -0.03774151953)
(1.506986794 0.07301301932 -0.03819272322)
(1.520185258 0.04286150293 -0.04998146649)
(1.507081568 0.06939696553 -0.08639434041)
(1.517345181 0.06277419747 -0.02975531575)
(1.512442808 0.05127058669 -0.07454687931)
(1.522757972 0.03415375689 -0.04997477915)
(1.515757726 0.04822668822 -0.03956727421)
(1.521862798 0.05660180026 -0.03771969867)
(1.52008988 0.03823820523 -0.0494499109)
(1.52106898 0.04204701306 -0.08117723541)
(1.517257106 0.06023958166 -0.0325038245)
(1.506655882 -0.03449774896 0.0722283403)
(1.525912273 -0.009669893162 0.0894851693)
(1.513666334 -0.03136090327 0.03639891266)
(1.523605259 -0.04787196843 0.06495881661)
(1.51795318 -0.01710326492 0.08651970261)
(1.51779414 -0.02506102741 0.06625055176)
(1.512714072 -0.05398455311 0.05697327771)
(1.50641465 -0.04164185512 0.06308539749)
(1.511550817 -0.03147290251 0.09266208405)
(1.508684282 -0.03692835623 0.03647145697)
(1.508412212 -0.06488820365 0.05787942579)
(1.51515464 -0.02269452873 0.08646953712)
(1.509782923 -0.05607026992 0.0959511778)
(1.511205717 -0.056244424 0.05458474653)
(1.51845223 -0.06256384537 0.07322199827)
(1.506643153 -0.07394629827 0.03887339763)
(1.51317357 -0.05137976662 0.03821151785)
(1.507287105 -0.05267119154 0.06156035995)
(1.516561712 -0.06355615105 0.029825167)
(1.508462056 -0.06971586167 0.0867930866)
(1.520698204 -0.04295972162 0.05034538168)
(1.514803207 -0.05144527775 0.07480861368)
(1.521658163 -0.05741830013 0.03768922731)
(1.515679838 -0.04884467403 0.04000976829)
(1.52402058 -0.03440676952 0.05052458244)
(1.517005882 -0.06083619663 0.03251297615)
(1.522748 -0.04223973984 0.08131151785)
(1.521061442 -0.03843017878 0.04997922389)
(1.509049816 0.03461946285 -0.07257444712)
(1.523609386 0.04757332476 -0.06496503007)
(1.513592879 0.030419642 -0.0362527691)
(1.527020518 0.009128177988 -0.08952399687)
(1.512660859 0.05352442877 -0.05701859337)
(1.520437585 0.02518428677 -0.06657334901)
(1.518821847 0.01647620269 -0.08651300721)
(1.508553921 0.04152546542 -0.06347866141)
(1.508453189 0.06421899516 -0.05811095444)
(1.508554602 0.03587217178 -0.03645658512)
(1.512090199 0.03063272621 -0.09256824589)
(1.510955511 0.05568261874 -0.05468546703)
(1.511830144 0.05503929905 -0.09654063258)
(1.515872602 0.02189080126 -0.08647068682)
(1.502590749 0.06751295345 0.07102010684)
(1.504189709 0.08171702703 0.03625155619)
(1.504762533 0.05723043179 0.06053609897)
(1.5135233 0.05702309798 0.03810311838)
(1.494678077 0.07479856478 0.0841757802)
(1.514679401 0.0726039305 0.02679697739)
(1.517114878 0.04660282787 0.05283147386)
(1.498329668 0.05654603519 0.07226949818)
(1.517858216 0.06652274954 0.0357216672)
(1.51840896 0.03650470573 0.05472631969)
(1.515464103 0.05414590621 0.03947620599)
(1.506083755 0.04745302643 0.07999976661)
(1.514068226 0.07013418733 0.02965959305)
(1.516378835 0.04099276429 0.05282451731)
(1.49066555 -0.02973683166 -0.07252259367)
(1.516736353 -0.04052071843 -0.06625657594)
(1.519772774 -0.008003676983 -0.08651473891)
(1.512568691 -0.02585725539 -0.03647033755)
(1.501612238 -0.02128004672 -0.06685309156)
(1.507109652 -0.04581178942 -0.06034606356)
(1.512850012 -0.01466311314 -0.08380748194)
(1.490228949 -0.03668975551 -0.06287243203)
(1.502210798 -0.05682405789 -0.05749508014)
(1.50605796 -0.02865803315 -0.09012392339)
(1.506473531 -0.03170900975 -0.03626964318)
(1.494742101 -0.05121755431 -0.09461822721)
(1.504231146 -0.04843966876 -0.05554777641)
(1.509333111 -0.01997272893 -0.08379957522)
(1.50190045 -0.05963931306 -0.01979645455)
(1.510143029 -0.06660239438 -0.02084607672)
(1.50901006 -0.04859719346 -0.02017441695)
(1.512269817 -0.05563247123 -0.008994709387)
(1.503299601 -0.06503074091 -0.008757930884)
(1.50417459 -0.06030514006 -0.01369366167)
(1.510381462 -0.06377638032 -0.008072966762)
(1.515862133 -0.04650726341 -0.02624189818)
(1.511170477 -0.06572179132 -0.02272360357)
(1.511226931 -0.04620943442 -0.0233787125)
(1.515366418 -0.05464723843 -0.008931501233)
(1.514645546 -0.06492792796 -0.01008608292)
(1.516603121 -0.05249947634 -0.008022988808)
(1.513688035 -0.06487896272 -0.008654539098)
(1.51600548 0.07438731589 0.03812643319)
(1.506818885 0.0322403311 0.0166648555)
(1.510170294 0.07193336026 0.02979813578)
(1.513807488 0.03727572152 -0.001227753422)
(1.516046793 0.03161628472 -0.002392478453)
(1.517907537 0.03707871089 -0.0005392836185)
(1.510775571 0.0299500434 -0.002612803534)
(1.504318178 0.07749007641 0.02883291126)
(1.505707308 0.03151283202 0.01474583592)
(1.507499559 0.06857140986 0.02789336724)
(1.509250657 0.03861004527 0.0007292993719)
(1.503418944 0.03052173172 -0.001946613987)
(1.505988829 0.0397332017 0.0003606320008)
(1.507227302 0.03027604056 -0.002309831863)
(1.437075446 -0.07022863733 -0.1577233748)
(1.442630855 -0.03058760599 -0.06839409)
(1.462451365 -0.02147427831 -0.1172650128)
(1.429453714 -0.03654669864 -0.1318335843)
(1.445164591 -0.04008532119 -0.1038334427)
(1.427529054 -0.04199794357 -0.07508961133)
(1.457792741 -0.03452343323 -0.1338573167)
(1.453708984 -0.1472092626 -0.1165066332)
(1.460482635 -0.06097903661 -0.01266171192)
(1.452081447 -0.09384780358 -0.01263552264)
(1.436928315 -0.1027319882 0.01192015749)
(1.460106395 -0.0732050053 -0.02736930312)
(1.457368043 -0.0585696565 -0.02012074099)
(1.394642942 -0.3013607381 -0.0010893041)
(1.441684225 0.04586391077 0.1194093139)
(1.440305046 0.04355766292 0.06507780017)
(1.4722006 0.02388440329 0.1190133118)
(1.428611256 0.02701893941 0.1327176245)
(1.462420709 0.04604433641 0.09732809857)
(1.410103048 0.0387152298 0.04458418503)
(1.457931655 0.01558609759 0.1474583346)
(1.425651713 0.1144115695 0.06467386565)
(1.456312594 0.06023174854 0.0218876143)
(1.45668653 0.0745429455 0.03464108431)
(1.354189672 0.09451273532 0.06263765734)
(1.460397999 0.08088768269 0.02572713429)
(1.42196932 0.06921716133 0.0009390171829)
(1.355539445 0.1727820162 0.07573681776)
(1.453380012 0.108595596 -0.07992233283)
(1.463476314 0.05681181844 -0.01549543537)
(1.438673214 0.09447801217 -0.01548021668)
(1.454989913 0.08408305134 -0.01871705074)
(1.451464117 0.06070836694 -0.02971756916)
(1.464017238 0.07041571647 -0.02746559822)
(1.425479129 0.2112214227 -0.03097776215)
(1.467488476 -0.05211234025 0.1622388908)
(1.475835765 -0.01323110469 0.1234271779)
(1.453778663 -0.0456522485 0.09517451096)
(1.431316139 0.005826338261 0.1354008056)
(1.476619706 -0.04462094128 0.1192145196)
(1.461473691 0.001632991495 0.1571268015)
(1.433735969 -0.04886101641 0.1135731579)
(1.44409348 -0.1622081946 0.05879472357)
(1.46604527 -0.05297989316 0.02708226263)
(1.372711049 -0.1925167323 0.001240599513)
(1.465760719 -0.09307471952 0.02798451563)
(1.434562089 -0.1361553087 -0.00794488384)
(1.472695854 -0.08977946754 0.02362285575)
(1.366982271 -0.2713634152 0.02038902926)
(1.50278523 0.05673975026 -0.02318475994)
(1.511246384 0.06126426584 -0.02377900638)
(1.51019748 0.04708054784 -0.02270162111)
(1.511850005 0.05355044491 -0.0110670045)
(1.504017283 0.060844262 -0.01215088634)
(1.503742559 0.05737621884 -0.01646888063)
(1.511263008 0.05949224811 -0.01088705444)
(1.519376655 0.04499704167 -0.02848783882)
(1.5126878 0.06210898568 -0.02649020363)
(1.512941116 0.045583887 -0.0256190144)
(1.514931676 0.0531183879 -0.01096290514)
(1.515796852 0.06079486631 -0.01280861257)
(1.516917508 0.05105362456 -0.009940407131)
(1.514208717 0.06055746414 -0.01118939167)
(1.51950588 -0.08005518478 0.03548289181)
(1.512669324 -0.03784442886 0.01276680248)
(1.513553053 -0.07703199552 0.02749001889)
(1.513944644 -0.04060623765 -0.001614241725)
(1.517941617 -0.04003891451 -0.006207109992)
(1.518210678 -0.0407596451 -0.000981342967)
(1.512092449 -0.03808229626 -0.005864000177)
(1.508712649 -0.08490086115 0.02747437148)
(1.511291382 -0.03673404056 0.01048862822)
(1.51182879 -0.0748846365 0.02602999676)
(1.509768289 -0.0422190877 2.821653513e-05)
(1.50504588 -0.03778155634 -0.005171903299)
(1.506471954 -0.04294776921 -0.0007480233766)
(1.508762617 -0.03881523739 -0.005278314675)
(1.511242807 -0.06108046509 0.02424514183)
(1.502675362 -0.05695799219 0.02344295331)
(1.510198608 -0.04710015398 0.02264601295)
(1.511800226 -0.05372051415 0.01103814892)
(1.504106473 -0.06095236604 0.01238585323)
(1.511388515 -0.05954466326 0.01097918044)
(1.503675121 -0.05754964795 0.01673875237)
(1.512747946 -0.06191097688 0.02685387554)
(1.519263187 -0.0449111422 0.02819772183)
(1.512897322 -0.0455734287 0.02541792676)
(1.514921231 -0.05325862318 0.01082769783)
(1.515878424 -0.06073625702 0.01286386957)
(1.514341408 -0.06052542652 0.01124441716)
(1.516929651 -0.05116283606 0.009764216847)
(1.512775127 0.0377769941 -0.01319340285)
(1.519392237 0.08021419718 -0.03567561239)
(1.513389718 0.07709968464 -0.02776605251)
(1.513855813 0.04060991888 0.001159226642)
(1.517960938 0.03986495979 0.005871725611)
(1.512104993 0.03788560693 0.005461965855)
(1.518152775 0.04080247622 0.0005778252051)
(1.511359402 0.03657248245 -0.01104522073)
(1.508461604 0.08485596624 -0.02792450836)
(1.51163824 0.0749117667 -0.02641902159)
(1.509643108 0.04217799783 -0.0005787704166)
(1.504971888 0.03756083304 0.004641345397)
(1.508737847 0.03860948468 0.004797351116)
(1.506296822 0.04287512729 0.0001373014351)
(1.44769735 -0.06307926195 0.1232631003)
(1.43285546 -0.03718964701 0.1199329169)
(1.448785579 -0.0314710609 0.06693500337)
(1.462089121 -0.02577685866 0.1115714776)
(1.435011537 -0.04269340694 0.07154768645)
(1.457884168 -0.04034268486 0.1344205178)
(1.453854484 -0.04119732386 0.09239837103)
(1.44379561 0.1594762799 -0.0599383681)
(1.4654069 0.09213745346 -0.02965281008)
(1.36972658 0.1900558897 -0.01042274811)
(1.464236343 0.04865663377 -0.028394583)
(1.365500388 0.2710921266 -0.02474775748)
(1.47195593 0.08858965335 -0.0249938585)
(1.435307175 0.128809079 0.009874789044)
(1.471285676 0.04817264997 -0.1610357625)
(1.434441397 -0.01135614836 -0.1151927589)
(1.45414552 0.04123645351 -0.09150026955)
(1.47533254 0.01160085888 -0.1201394375)
(1.436707734 0.04061365858 -0.1100128981)
(1.46482308 -0.003668032027 -0.151733696)
(1.477735187 0.04197498794 -0.1173715829)
(1.454550461 0.1478196732 0.1140582717)
(1.438661202 0.09287306242 -0.003305482578)
(1.453344127 0.09245981267 0.01479476169)
(1.461344207 0.05909446836 0.01256716395)
(1.399919065 0.2888203792 0.006968471448)
(1.457302257 0.05737067212 0.01996813659)
(1.460777015 0.07226621439 0.02659026696)
(1.435568399 0.06653084763 0.1672234721)
(1.433158839 0.03457793769 0.1185690343)
(1.462432458 0.01865506896 0.1093475263)
(1.444820326 0.02978588618 0.06443107974)
(1.457746134 0.02885163846 0.1294513494)
(1.429927391 0.03951110627 0.06972669896)
(1.445197522 0.03809079594 0.1047667946)
(1.42778656 -0.1133389562 -0.0668262929)
(1.354983652 -0.09622504216 -0.06829589381)
(1.457984857 -0.07554790004 -0.03663079634)
(1.456369775 -0.05962693009 -0.02451590984)
(1.358292823 -0.1739815197 -0.07946869683)
(1.423395926 -0.06857998605 -0.005138703676)
(1.46133092 -0.08100441856 -0.02761264862)
(1.444828876 -0.04158048406 -0.1191836514)
(1.430197123 -0.01684965435 -0.1143073272)
(1.470437391 -0.02104802232 -0.1154631243)
(1.44030708 -0.03828603342 -0.06516989805)
(1.459029893 -0.01194334604 -0.1424597322)
(1.413607806 -0.02912622502 -0.04867003878)
(1.462333272 -0.04197801342 -0.09688303638)
(1.511412056 0.06457191819 0.02287333179)
(1.516020317 0.0461031757 0.02582997821)
(1.511408343 0.04581436861 0.02312996937)
(1.515363592 0.05432208362 0.008540095827)
(1.51479535 0.06418389776 0.009938225737)
(1.513779996 0.06420031485 0.00849229734)
(1.516627745 0.05217887973 0.007622021179)
(1.506433028 -0.03221925592 -0.01504339674)
(1.505029874 -0.07806045863 -0.02954814069)
(1.508125961 -0.06921898834 -0.02841236768)
(1.509388398 -0.03881665802 -0.001485152427)
(1.503815179 -0.0310147176 0.00142978034)
(1.507599844 -0.03114143125 0.001858547233)
(1.506126597 -0.03987621215 -0.001211682509)
(1.408906754 -0.01391731141 -0.0334035009)
(1.397258393 -0.04821526282 0.002190039778)
(1.423831277 -0.03942087076 -0.02884464554)
(1.448612953 -0.0129005957 -0.006720763732)
(1.431667445 -0.01159212237 -0.01262201881)
(1.434486545 -0.01074259672 -0.01484658335)
(1.4439721 -0.01590870122 -0.00862982819)
(1.339010798 0.04277280846 0.05675771496)
(1.211711391 0.1221289268 -0.003321863699)
(1.354331306 0.03655765221 -0.05961624766)
(1.397188273 -0.01095603374 -0.04495808377)
(1.156108073 0.08954568287 -0.07208563394)
(1.384939657 0.02471780592 0.00113895804)
(1.285074282 0.06174131805 -0.007980513992)
(1.411207445 0.0161925729 -0.02839673233)
(1.410379347 0.05256042242 0.003100336627)
(1.434480457 0.03948531042 -0.02400880544)
(1.448794742 0.01358087804 -0.006938777105)
(1.432361083 0.01043797752 -0.01370557074)
(1.43409124 0.01090258512 -0.0168172815)
(1.443528884 0.01550596939 -0.009881367024)
(1.360567525 0.0379618267 0.05452626783)
(1.172246257 -0.1856547834 0.1224313039)
(1.409435067 -0.005060825267 0.03057644933)
(1.444306073 0.03473718314 0.02910537618)
(1.184626803 -0.1581723716 -0.005507873576)
(1.418654446 0.06629304192 -0.002471884121)
(1.271686431 -0.117788709 0.1030370211)
(1.410542748 -0.0465654704 0.0129249366)
(1.417467743 -0.01806456586 0.0511391586)
(1.432589905 -0.03915092778 0.02752561313)
(1.449949496 -0.01294167695 0.007693858358)
(1.434535937 -0.01161474722 0.01585123376)
(1.444693385 -0.01609844306 0.00924082412)
(1.437402178 -0.009891435681 0.01305464269)
(1.184817059 0.1538666966 -0.1320996716)
(1.377220457 -0.04945917766 -0.004086395016)
(1.418044579 -0.01190574603 -0.02245819461)
(1.450164516 -0.04416121613 -0.02390412574)
(1.243928707 0.06955612719 0.0506729332)
(1.27124116 0.1039634111 -0.1110905426)
(1.419503388 -0.06282834364 0.04070595592)
(1.404304273 0.04403778441 0.0127440153)
(1.414795373 0.01798095643 0.05250960125)
(1.425684475 0.03915939896 0.03076731569)
(1.450057338 0.01268302766 0.007129077611)
(1.433599213 0.01223514928 0.01531366635)
(1.444935277 0.01638439524 0.007934208557)
(1.438200391 0.009629870257 0.01259877521)
(1.514308244 -0.01985396939 -0.01482183463)
(1.506069826 -0.02379448701 -0.02477622571)
(1.512591216 -0.02118852251 -0.02094570379)
(1.508093708 -0.0285475296 -0.01831644756)
(1.513649899 -0.02570502357 -0.01727660903)
(1.504822431 -0.02161915869 -0.02008831481)
(1.51173665 -0.01844914366 -0.01975912868)
(1.50925033 0.0149324173 0.009819712215)
(1.51149013 0.02181749726 0.02703141354)
(1.505645953 0.02419286369 0.02937038188)
(1.513046146 0.0189307188 0.01068301262)
(1.507882616 0.01923419952 0.01137516397)
(1.511964592 0.03817775944 0.01743850336)
(1.50465276 0.04410295309 0.01932446126)
(1.484094625 -0.00972699825 -0.01632344656)
(1.485247199 -0.003137828072 -0.01191750535)
(1.478426398 -0.005156322372 -0.02282638252)
(1.484580545 -0.006850146508 -0.01010388774)
(1.478471104 -0.01474680323 -0.01915897108)
(1.481711917 -0.004033542697 -0.01214481469)
(1.469624858 -0.00711625972 -0.02779393765)
(1.486031118 0.003255266906 0.0124801614)
(1.478332223 0.002606898233 0.02372617139)
(1.483546694 -0.0006679070792 0.01086092278)
(1.478642518 0.02086760946 0.009887273301)
(1.484419648 0.01035598112 0.006045316781)
(1.464618732 0.01098081861 0.005739517253)
(1.474810033 0.005996191553 -0.007657718778)
(1.478739453 0.005562487226 -0.02266106299)
(1.48757578 0.005249505935 -0.00921851462)
(1.484454741 0.009825885979 -0.01592608105)
(1.481943601 0.004233423325 -0.01205027886)
(1.470230736 0.007791695 -0.02779480978)
(1.484901808 0.006955429987 -0.01014408249)
(1.47908751 0.01472973792 -0.01856050327)
(1.484351232 0.005184256458 0.02085978576)
(1.483429146 -0.009316262465 0.01412504998)
(1.485710073 -0.005271162905 0.01042807688)
(1.467718224 -0.0030308576 0.01536923151)
(1.477128218 0.004256452058 0.007554731594)
(1.477549524 -0.02429487718 0.008163889422)
(1.482893467 -0.01824537888 -0.0007177326663)
(1.512690595 0.02116103845 -0.02076333999)
(1.507960431 0.02338914112 -0.01880575492)
(1.514154867 0.01953214591 -0.01436396926)
(1.504669809 0.02177544286 -0.01965783483)
(1.511860849 0.01905883748 -0.01926045056)
(1.50808771 0.02818407648 -0.01776006487)
(1.513667838 0.02539454109 -0.01670341466)
(1.505908777 -0.02403887463 0.02955878765)
(1.512991589 -0.01520866095 0.01105739718)
(1.509210604 -0.01527986181 0.01038079943)
(1.512139337 -0.03841603581 0.01829332371)
(1.50495807 -0.04461726762 0.02029753078)
(1.513204525 -0.01925955959 0.0110168315)
(1.50811032 -0.01959703029 0.01155132256)
(1.510069523 -0.01635570563 -0.002117190915)
(1.503761457 -0.02006697724 -0.005271824625)
(1.508192037 -0.01878998268 -0.002763056631)
(1.506237697 -0.01885536738 -0.001218733422)
(1.509928763 -0.01722344333 -0.0005875766466)
(1.503775181 -0.0209906712 -0.002610582529)
(1.508533922 -0.01996267654 -0.002389140411)
(1.50747922 0.009307254164 -3.382797167e-05)
(1.509062932 0.01923948797 0.0111465152)
(1.505048808 0.0215563251 0.01040001607)
(1.510427692 0.008659193577 0.002434651092)
(1.507239757 0.008913678947 0.002463907256)
(1.509116691 0.0211758947 -0.0001743382819)
(1.50500245 0.02359920365 -0.0001489139157)
(1.491055754 -0.01600128797 -0.003022499926)
(1.488241629 -0.01132940079 -0.003943035477)
(1.483926069 -0.02040912688 -0.009672031739)
(1.491480586 -0.01108211086 -0.001190755034)
(1.489805744 -0.01747449673 -0.002108195075)
(1.487473597 -0.01212549492 -0.001778757977)
(1.482154499 -0.02296486941 -0.003087650922)
(1.490832534 0.003351617211 0.001446953278)
(1.484438467 0.018643997 0.008260479414)
(1.487471252 0.01392334472 0.0006521073719)
(1.489950699 0.0150517415 6.989473913e-05)
(1.490400403 0.006362119076 -0.0009179538892)
(1.47932217 0.008629883902 0.00637935958)
(1.484090763 -0.001414865458 0.004946545964)
(1.487959606 -0.004518703839 -0.002507343323)
(1.491381805 -0.001196471583 -0.000928350838)
(1.485508505 -0.001995551154 -0.004405022776)
(1.49193344 -0.001986289071 -0.0005557114307)
(1.486820995 -0.005129224292 -0.00137696917)
(1.491154525 -0.001293091734 -0.0007897320215)
(1.484369921 -0.00221555609 -0.001444770637)
(1.490143854 -0.01038406376 0.01198893111)
(1.470743821 0.009202396682 -0.001258470405)
(1.47676192 0.01037315862 -0.001183136765)
(1.464270271 -0.01531016173 0.005854775044)
(1.470532093 -0.01484733853 0.004413639823)
(1.37712657 0.02860526885 -0.02695972494)
(1.380797297 0.02823466684 -0.02567924852)
(1.485501799 0.00209400895 -0.004456807434)
(1.492299388 0.00185736668 -0.000528408016)
(1.488038548 0.004568978408 -0.002531313073)
(1.491194542 0.001331955132 -0.000785186066)
(1.484334547 0.002231320711 -0.001543656404)
(1.49192926 0.00202934151 -0.0006027652953)
(1.486983085 0.005123312004 -0.001320950498)
(1.487290949 0.006742311718 0.0204879333)
(1.486434621 -0.01802543113 0.01117470485)
(1.49348434 -0.0168600453 0.006865379122)
(1.409122695 -0.02618712484 0.02412896059)
(1.407739407 -0.0263069931 0.02544997642)
(1.475404618 -0.02662956204 0.003914101655)
(1.483611068 -0.02456807032 0.002689285475)
(1.484392471 0.01994325789 -0.009691861877)
(1.492251344 0.01040158112 -0.001640688135)
(1.491209853 0.01577873566 -0.003118226176)
(1.487620074 0.01211020721 -0.001931248922)
(1.482673447 0.02262987078 -0.00366729303)
(1.491574737 0.01105346291 -0.001296055775)
(1.489943977 0.01733039794 -0.00236130339)
(1.488748703 -0.01183570129 0.004987603049)
(1.490904081 -0.01182811164 0.003077809873)
(1.490911247 -0.007634368866 0.002752904808)
(1.482958296 -0.0176828667 0.0002092866426)
(1.488265178 -0.004425507879 -0.004517009285)
(1.490052667 -0.01629156454 -0.002874637624)
(1.490458667 -0.01136046291 -0.004399606986)
(1.508269761 0.01857893076 -0.002933712949)
(1.506101472 0.01781064615 -0.004276830838)
(1.510074783 0.01607806875 -0.002250137874)
(1.503847807 0.020626763 -0.002961992979)
(1.508536378 0.01956473946 -0.002817162648)
(1.506248659 0.01864397655 -0.001453767447)
(1.509918215 0.01700989601 -0.0008189634088)
(1.505124993 -0.02173901468 0.01041580434)
(1.510356734 -0.00921691089 0.000803141566)
(1.507560888 -0.009592265826 -0.0001102529657)
(1.509095546 -0.02211134796 -0.001061261151)
(1.505009074 -0.02466173359 -0.001045104004)
(1.510463439 -0.009043301409 0.002163602155)
(1.507308716 -0.009258997018 0.002130645924)
(1.509906816 -0.01703770831 0.0008119818489)
(1.503829883 -0.02065692752 0.003001601659)
(1.508531742 -0.01959922823 0.002829654782)
(1.506069978 -0.01782801724 0.004298672532)
(1.510048641 -0.01610586852 0.00224193602)
(1.503827875 -0.01991297543 0.005528667124)
(1.508258159 -0.01864477497 0.002961499676)
(1.507251388 0.009233655756 -0.002306830216)
(1.509054597 0.02206318938 0.0008636654148)
(1.504946747 0.02459810591 0.0007990737518)
(1.510302701 0.009136417627 -0.0009429531217)
(1.50748864 0.009489619708 -5.338624543e-05)
(1.509054639 0.01923477407 -0.01134513254)
(1.505062172 0.02153203854 -0.01058689686)
(1.489903056 -0.01734878541 0.002401799539)
(1.487579387 -0.01209274867 0.001995438028)
(1.482606739 -0.02259804599 0.003734339224)
(1.492226804 -0.01038181755 0.001658731992)
(1.491189843 -0.015771721 0.003155256377)
(1.488428698 -0.01129975685 0.00407211952)
(1.484392441 -0.01989270723 0.009781586733)
(1.490387121 0.01093246719 0.003563578239)
(1.482920417 0.01648059703 -0.001887857577)
(1.488108036 0.002476486156 0.002828724938)
(1.49071953 0.01090363885 -0.003606647632)
(1.490806051 0.006826902332 -0.003382350185)
(1.485491009 0.01679162273 -0.009539361495)
(1.48862267 0.01029613769 -0.005549253612)
(1.486960101 -0.00513439225 0.001338421775)
(1.491174612 -0.001306282158 0.000824974657)
(1.484383756 -0.002214962027 0.001462206162)
(1.49229394 -0.001833419185 0.0005389518785)
(1.48804057 -0.004551139593 0.002554423547)
(1.491402486 -0.001186935113 0.0009572204986)
(1.485583521 -0.002112012139 0.004407737419)
(1.483848012 0.02484635745 -0.008180228034)
(1.41188891 0.003658168755 -0.007485332042)
(1.409365961 0.004160447282 -0.008503763288)
(1.487429247 0.01321096169 -0.008542503198)
(1.49405738 0.01206508348 -0.003724181216)
(1.483948948 -0.0109795277 -0.02074415626)
(1.490493103 -0.01264932683 -0.01877957378)
(1.484386411 0.002249939962 0.001385079981)
(1.491941579 0.002013270064 0.0005712302495)
(1.486899429 0.005146037418 0.001385928335)
(1.491379034 0.001202079429 0.0009404671624)
(1.485625315 0.002093591387 0.004363317878)
(1.492272298 0.001842347236 0.0005168493477)
(1.488020078 0.004569193136 0.002511928331)
(1.395734302 -0.01927210678 0.03176275759)
(1.464659428 0.01476844825 -0.01234919584)
(1.470946325 0.01471047744 -0.0105582496)
(1.472103793 0.001534048782 0.003226369444)
(1.477216036 0.001961228504 0.004295338427)
(1.484890206 0.008711070612 -0.01235541674)
(1.490425151 0.01219945839 -0.01135842045)
(1.482346477 0.02285863177 0.003098157224)
(1.49152632 0.01106155625 0.001203533349)
(1.489885339 0.01743632773 0.002119891345)
(1.488291968 0.01129573818 0.003948969183)
(1.484064074 0.02029253848 0.009656647956)
(1.492177599 0.01041419938 0.001555015991)
(1.491129745 0.01596588816 0.003016906277)
(1.484912641 0.0020842988 -0.006938468803)
(1.489927576 -0.01482106545 -0.0008735451947)
(1.490286062 -0.00686081256 -0.0001931280904)
(1.484392368 -0.0176276491 -0.009385545791)
(1.487523591 -0.01259121472 -0.002046433504)
(1.490955126 -0.01062301659 -0.003448841642)
(1.49075 -0.002904666761 -0.002512937035)
(1.508528026 0.01987491623 0.002356187483)
(1.506232624 0.01879065265 0.001221121277)
(1.509916749 0.0171643035 0.0005660469508)
(1.503768309 0.02002256364 0.005262251967)
(1.508191831 0.0187548719 0.002719227382)
(1.50606717 0.01801303604 0.004105990297)
(1.510049404 0.01630768128 0.002073247991)
(1.50502143 -0.02375451086 -0.0001461591697)
(1.510444484 -0.008719538775 -0.002602429769)
(1.507256319 -0.008974198225 -0.002652972344)
(1.509075327 -0.01925068987 -0.01137607697)
(1.505071108 -0.02151724314 -0.01065658096)
(1.510335125 -0.00890675129 -0.001101277968)
(1.50747883 -0.009277342015 -0.0002190952244)
(1.513565416 -0.02545220696 0.01677418338)
(1.504574733 -0.02189463045 0.01986133118)
(1.511843695 -0.01921456752 0.01942254962)
(1.507867405 -0.02335679639 0.01884524071)
(1.514071839 -0.01954437032 0.01438719652)
(1.505941637 -0.02350100518 0.02468284311)
(1.512639675 -0.02114748232 0.02092613716)
(1.507902419 0.01948322681 -0.01161364223)
(1.511997202 0.03819937958 -0.01833561639)
(1.504749018 0.04430128564 -0.02039177774)
(1.512878909 0.01494714563 -0.01111994438)
(1.509024098 0.01505214259 -0.01045668059)
(1.511489114 0.02149534567 -0.02724390541)
(1.50569443 0.02379794586 -0.02961573778)
(1.479264354 -0.01483925655 0.01864225514)
(1.481870565 -0.004145272696 0.01201708691)
(1.471026923 -0.007904986962 0.02824344755)
(1.487582914 -0.005192928541 0.009238515133)
(1.484579399 -0.009807467662 0.01598311862)
(1.485382068 -0.003219341881 0.01185569403)
(1.479154472 -0.005543027051 0.02302684495)
(1.482887243 0.01576335819 0.001538324303)
(1.467377673 0.003003965728 -0.01075345701)
(1.478453285 -0.003942226529 -0.001257515905)
(1.483023611 0.007525345274 -0.0131147812)
(1.485476496 0.003413512736 -0.01023002217)
(1.47917369 -0.002312901353 -0.02639448182)
(1.483890226 -0.006016250187 -0.01896329074)
(1.470486123 0.007438719832 0.02790391498)
(1.484661518 0.006847718524 0.01006080265)
(1.478766013 0.01490962565 0.0190825287)
(1.485280167 0.003132166578 0.01185432167)
(1.478898117 0.005269788409 0.02310592279)
(1.487412751 0.005157885316 0.009214477124)
(1.484293834 0.009780104325 0.01627828151)
(1.47538546 -0.003666886302 0.01096469151)
(1.478503801 -0.01755580156 -0.009364527453)
(1.484109782 -0.008605788922 -0.005453326666)
(1.47798752 -0.0005848778555 -0.02175021785)
(1.483216693 0.002730718341 -0.01028430657)
(1.483544522 -0.006847281567 -0.01424835952)
(1.485840248 -0.001316193199 -0.01232895776)
(1.511709964 0.01862017436 0.01970938835)
(1.508021423 0.02856420025 0.0182317111)
(1.513566988 0.02578095122 0.01716309332)
(1.50597947 0.02374939254 0.02480399552)
(1.512534283 0.02123105612 0.02099622543)
(1.507998323 0.02372026072 0.01927588306)
(1.514205602 0.01988693983 0.01470550318)
(1.504595492 -0.0437782089 -0.01966154621)
(1.512985571 -0.01876256744 -0.01095134221)
(1.507800278 -0.0190492269 -0.01170202556)
(1.511387589 -0.02152334891 -0.02718627359)
(1.505549336 -0.02379985911 -0.02951331852)
(1.51304312 -0.01432879293 -0.01075248472)
(1.509132341 -0.01461960768 -0.01011810386)
)
;

boundaryField
{
    inlet
    {
        type            fixedValue;
        value           uniform (1.5 0 0);
    }
    outlet
    {
        type            inletOutlet;
        inletValue      uniform (1.5 0 0);
        value           nonuniform List<vector> 
320
(
(1.499961963 1.815626174e-05 -1.826057172e-06)
(1.499996662 5.819865303e-06 -8.77892488e-07)
(1.500064105 3.322863071e-05 -4.013058008e-06)
(1.500160181 4.855235499e-05 5.000447029e-07)
(1.500278323 1.781728692e-05 -7.47255807e-06)
(1.500408985 0.0001475836815 9.233443418e-06)
(1.500540027 -4.49065803e-05 3.639423907e-06)
(1.50065777 0.0002854445161 4.974910163e-05)
(1.500745856 -5.304999786e-05 0.0001292624941)
(1.500793356 0.0002117130788 0.0002005841589)
(1.500792381 0.0002541735979 0.0003569689137)
(1.500744416 -0.0001529281133 0.0001595394923)
(1.500654995 3.091740964e-05 0.00012676947)
(1.500536417 -0.0001708384764 1.965847439e-05)
(1.500404632 -4.481409718e-05 2.71719271e-05)
(1.500273473 -0.0001200250428 -6.068475995e-06)
(1.500154979 -3.898161789e-05 1.199370261e-06)
(1.500058671 -6.835013301e-05 -5.998920258e-06)
(1.499991097 -1.161540692e-05 -2.877714836e-06)
(1.49995633 -2.427663811e-05 -4.116129597e-06)
(1.499962569 1.874905887e-05 -4.767022218e-06)
(1.499997405 4.450420619e-06 -2.895943654e-06)
(1.500065125 3.409538103e-05 -9.00616907e-06)
(1.500161656 4.639298782e-05 -7.36210172e-06)
(1.500280441 2.330352338e-05 -1.067830072e-05)
(1.500411873 0.000154783526 -3.823797345e-05)
(1.50054384 -1.924453356e-05 6.867294145e-06)
(1.500662288 0.000362773888 -0.0001653117786)
(1.500750464 4.211749504e-05 5.601918424e-05)
(1.500797714 0.0003516054118 -0.0005235060502)
(1.50079653 0.0002282702294 2.25766251e-05)
(1.500749174 -0.0002961939905 -0.0001635591329)
(1.500659434 -5.55855245e-05 -3.74687316e-05)
(1.500540245 -0.0002333233394 -4.503770348e-05)
(1.500407515 -6.112818122e-05 -2.56222664e-05)
(1.500275609 -0.0001362778426 -2.551306904e-05)
(1.500156478 -3.893675751e-05 -1.279492413e-05)
(1.50005972 -7.090298919e-05 -1.766385333e-05)
(1.499991868 -1.043667675e-05 -1.006558834e-05)
(1.499956966 -2.505075708e-05 -1.213585061e-05)
(1.49996369 1.932639889e-05 -8.25756492e-06)
(1.499998774 3.163688616e-06 -4.497143401e-06)
(1.50006701 3.045288179e-05 -1.858146733e-05)
(1.500164369 4.750639091e-05 -7.259800124e-06)
(1.500284349 -1.289142935e-06 -4.018522915e-05)
(1.500417276 0.0001590303821 -3.349214295e-05)
(1.500550866 -0.0001237315761 -4.637336215e-05)
(1.500670985 0.0003148769743 -0.0001457944418)
(1.500759325 -0.0002776758965 0.0002430236148)
(1.500804231 0.000191547828 -0.0001260889493)
(1.500802622 0.0004832471218 0.000774253587)
(1.500758196 -0.0001904858487 0.0003352704961)
(1.500668196 0.0001067691545 0.0001350674759)
(1.500547305 -0.0001641968274 8.876604053e-06)
(1.50041297 -3.305546848e-05 1.636235463e-05)
(1.500279583 -0.0001122041624 -3.927795027e-05)
(1.500159253 -3.406803059e-05 -1.103632257e-05)
(1.500061669 -6.665994501e-05 -2.955095447e-05)
(1.499993295 -8.157428945e-06 -1.570484011e-05)
(1.499958146 -2.55715564e-05 -1.995354704e-05)
(1.499965155 2.110110276e-05 -9.750267384e-06)
(1.500000562 -2.004265532e-06 -5.536768785e-06)
(1.500069476 3.241263542e-05 -1.845153738e-05)
(1.500167923 3.293961758e-05 -7.149048636e-06)
(1.500289476 7.355495538e-06 -2.430789886e-05)
(1.500424229 0.0001515630848 -2.375363075e-05)
(1.500560199 -8.774959058e-05 2.484432838e-05)
(1.500682969 0.0005404145484 -0.0001242251035)
(1.500771042 6.510650523e-05 0.0002978706055)
(1.500829794 0.0006853222899 -0.001004764666)
(1.500824519 0.0005055664637 0.0005440046171)
(1.500770027 -0.0007012093415 -0.0002225165406)
(1.500679821 -0.0002553923078 7.16016829e-05)
(1.50055659 -0.000309229158 -9.526037135e-05)
(1.500419913 -9.178617836e-05 -3.726204312e-05)
(1.500284758 -0.000153822033 -6.001908288e-05)
(1.500162877 -3.290925729e-05 -3.040125017e-05)
(1.500064218 -7.386352522e-05 -3.921304859e-05)
(1.49999517 -4.435294778e-06 -2.383997286e-05)
(1.499959693 -2.770757735e-05 -2.692090846e-05)
(1.499966733 2.19637819e-05 -1.229571645e-05)
(1.500002493 -2.272188225e-06 -7.252378311e-06)
(1.500072145 2.953593894e-05 -2.955575002e-05)
(1.500171771 4.399626833e-05 -1.272389819e-05)
(1.500295064 -1.092669906e-05 -8.377143778e-05)
(1.500431741 0.0001908426729 -7.173320896e-05)
(1.500570242 -0.0001817612556 -0.0002195373178)
(1.500693769 0.0004814820237 -0.0005064835188)
(1.500782416 -0.000824540744 0.0002395591954)
(1.500829883 0.0003219416403 -0.0007741045605)
(1.500837239 0.0009873185142 0.001508969289)
(1.500782626 -0.0004923087683 0.0009939632433)
(1.500690962 0.0001893855567 -0.0001656710336)
(1.500566881 -0.0002366127824 4.273042465e-06)
(1.500427606 -1.196329706e-05 -5.594724897e-05)
(1.500290502 -0.0001086935681 -6.533455575e-05)
(1.500166857 -2.119521619e-05 -3.541286576e-05)
(1.50006701 -6.265241263e-05 -4.765685199e-05)
(1.499997212 -4.747757286e-07 -2.926223624e-05)
(1.499961385 -2.750035929e-05 -3.291620041e-05)
(1.499968188 2.42617237e-05 -1.19422423e-05)
(1.500004274 -1.278390596e-05 -6.37689356e-06)
(1.50007463 2.914788584e-05 -2.464047767e-05)
(1.500175381 -7.783169897e-07 3.470507718e-06)
(1.500300331 -2.823653194e-05 -5.257874764e-05)
(1.500438922 6.81449746e-05 6.02661868e-05)
(1.500579934 -0.0003478769933 -4.323357937e-05)
(1.500714604 0.0007918379548 0.0003846962182)
(1.50083541 -0.0002863580448 0.0005235651766)
(1.500468359 0.00109591344 -0.001870365249)
(1.5005059 0.002055638465 0.001347712548)
(1.500821713 -0.001531195916 -0.0001363878321)
(1.500711162 -0.0008279958361 0.000108466586)
(1.500575938 -0.0002518809483 -0.0002003059735)
(1.500434628 -0.0001368977183 -8.936620249e-05)
(1.500295816 -0.0001422672102 -0.000105584099)
(1.500170566 -2.204287414e-05 -5.537547175e-05)
(1.500069617 -7.017119968e-05 -5.695488554e-05)
(1.499999125 4.769547509e-06 -3.7160065e-05)
(1.499962966 -2.999749325e-05 -3.81154912e-05)
(1.499969285 2.545255403e-05 -1.187145744e-05)
(1.500005618 -1.019046478e-05 -8.474900524e-06)
(1.500076509 3.586028976e-05 -2.707279852e-05)
(1.500178128 2.675999581e-05 -7.454030365e-06)
(1.500304487 2.628576164e-05 -0.0001033781887)
(1.50044304 0.0002023667184 -5.935907233e-06)
(1.500590113 4.608827832e-05 -0.0006126244157)
(1.500820916 0.001186029946 -0.0009574352816)
(1.500594936 0.001761700436 0.0001774008668)
(1.499136212 0.002320081733 -0.002856553893)
(1.500357102 -0.0001305943112 0.003083229795)
(1.500612281 -0.00419217033 0.003097076203)
(1.500808609 -0.0001676628631 -0.0011068077)
(1.500587342 -0.0003874503458 -0.0001975624425)
(1.500439253 4.24239001e-05 -0.0001448381537)
(1.500300294 -8.920355907e-05 -7.789575876e-05)
(1.500173526 9.019381738e-06 -6.885869224e-05)
(1.50007167 -5.143328784e-05 -5.312785017e-05)
(1.500000627 1.128991365e-05 -4.196944329e-05)
(1.499964213 -2.810367288e-05 -3.999300835e-05)
(1.499969862 2.639217265e-05 -1.097276724e-05)
(1.500006338 -2.227299194e-05 -7.493601057e-06)
(1.500077514 2.995394572e-05 -2.487124803e-05)
(1.500179735 -4.83233851e-05 5.188641054e-06)
(1.500306446 -2.472316347e-05 -0.0001006739429)
(1.500446782 -0.0002451968815 7.350494448e-05)
(1.500657617 -0.0003957415144 -0.0005619191122)
(1.500664082 -0.001711223132 -0.0004354625245)
(1.499261231 -0.005289289004 -0.0002041819351)
(1.463298437 0.0003466987029 -7.005112281e-05)
(1.481665619 -0.008287471623 0.005379577819)
(1.500930174 0.001435575141 -0.0004267750548)
(1.500676874 0.0001211372482 -0.002188784349)
(1.500651691 -0.0002435219919 -0.0005772285816)
(1.500442323 -6.940157705e-05 -0.0002790956455)
(1.500302174 -9.765608783e-05 -0.0001389302925)
(1.500175255 -6.752712051e-06 -8.57702055e-05)
(1.500072828 -5.354101244e-05 -6.165068508e-05)
(1.500001499 1.29669835e-05 -4.641448594e-05)
(1.499964942 -2.876792959e-05 -4.22062924e-05)
(1.499969815 2.762826838e-05 -7.380480008e-06)
(1.500006287 -1.888192353e-05 -8.68922892e-06)
(1.500077449 4.388170096e-05 -4.269942516e-06)
(1.500179627 -2.085980322e-05 -1.788358588e-07)
(1.500306242 7.204331508e-05 2.01135997e-05)
(1.50044602 -8.216123046e-05 0.0001111225739)
(1.500654729 0.0002210861351 0.0002922841187)
(1.500678296 -0.001031453656 0.001749796521)
(1.500970797 -0.001445716641 -0.0009329097567)
(1.480644883 0.002096528002 -0.001615179548)
(1.467198102 0.002785090261 0.002472526533)
(1.498757986 0.005029867995 -0.001959459483)
(1.50065855 0.002163706961 -6.439278372e-05)
(1.500654349 0.0003609799919 0.0001780731118)
(1.500443452 0.0003154972493 -0.0002500044151)
(1.500302544 2.94465175e-05 -3.018242693e-05)
(1.500175462 5.750228e-05 -9.405235459e-05)
(1.500072971 -2.691884603e-05 -4.327449567e-05)
(1.500001622 2.343297482e-05 -4.857115595e-05)
(1.49996506 -2.547719937e-05 -3.946945545e-05)
(1.499969153 2.557104288e-05 -6.699723792e-06)
(1.500005481 -2.032970145e-05 -9.527898817e-06)
(1.500076365 3.518272435e-05 -6.276834989e-06)
(1.500177972 -3.293677043e-05 -8.345048657e-06)
(1.500304398 4.245115934e-05 -7.865676615e-06)
(1.500442913 -8.012644609e-05 1.789720713e-06)
(1.500590314 0.000201692011 0.0001421914964)
(1.50081041 0.0001344049458 0.0007700706658)
(1.500600953 0.003214202025 -0.002170511331)
(1.500380075 -0.001277260385 -0.002443392994)
(1.498557277 0.0003832768285 0.003105657709)
(1.500589811 -0.0009800196061 1.425035996e-05)
(1.500817962 -0.001146490727 0.0005272794352)
(1.500587145 7.811573301e-05 0.0004433566214)
(1.50043975 -0.0001957961082 -0.0001587736301)
(1.50030068 2.781356343e-06 -4.266524341e-06)
(1.500173949 -1.528776026e-05 -7.640625728e-05)
(1.500072044 -2.500869922e-05 -3.76863244e-05)
(1.500000978 1.533356347e-05 -4.545360111e-05)
(1.499964553 -2.307535048e-05 -3.683238843e-05)
(1.49996797 2.585355557e-05 -4.144267323e-06)
(1.500004045 -1.862932804e-05 -9.344047904e-06)
(1.500074377 4.444436566e-05 3.203910158e-06)
(1.500175093 -2.204825533e-05 -1.252391327e-05)
(1.500300002 7.559584916e-05 2.043145641e-05)
(1.50043843 4.746691848e-06 -1.788441781e-05)
(1.500579433 0.0001008965988 3.87868607e-05)
(1.500713103 0.0004393026424 -0.0002068063216)
(1.500823193 0.001133573813 -0.0001059263965)
(1.500482305 -0.001889941202 -6.626728879e-06)
(1.500431322 -0.0006880130001 0.002738391788)
(1.500831994 0.0007651390206 -0.0008808351379)
(1.500711836 -0.0004298944592 -0.0005999167666)
(1.500577457 0.0004875568475 -0.000210630192)
(1.500435811 4.202857458e-05 -0.000199304112)
(1.500296662 8.343556814e-05 -5.763833354e-05)
(1.5001713 3.674796805e-05 -8.098422085e-05)
(1.500070238 -7.388548105e-06 -3.604314062e-05)
(1.499999702 2.397059589e-05 -4.360845584e-05)
(1.499963524 -2.008042338e-05 -3.324880889e-05)
(1.499966445 2.231099538e-05 -3.042713233e-06)
(1.500002191 -1.575258367e-05 -9.8073156e-06)
(1.50007183 3.302652296e-05 4.417990173e-06)
(1.500171432 -2.238617723e-05 -1.702957824e-05)
(1.50029474 3.738405306e-05 1.323368686e-05)
(1.500431391 -7.342718657e-05 -1.333495843e-05)
(1.500570195 5.77753642e-05 -6.139575218e-06)
(1.500693264 -0.0003336188841 0.0001111323376)
(1.500784138 -1.038321962e-05 -0.0006437936951)
(1.500843948 -0.001237988584 -0.001224776912)
(1.500836941 0.0002753397617 0.0009790046726)
(1.50078022 0.001312213809 -0.0001370257844)
(1.500692492 -0.0002313799846 0.0003749076587)
(1.500567858 0.0003501790197 0.0001292116986)
(1.500428709 -9.554738144e-05 -2.893665069e-05)
(1.500291458 7.844931681e-05 5.890488885e-06)
(1.500167766 -1.574259953e-06 -5.043031173e-05)
(1.500067827 -1.465955638e-06 -2.154802097e-05)
(1.499997989 1.709174589e-05 -3.585648914e-05)
(1.499962132 -1.659088543e-05 -2.711879454e-05)
(1.499964801 2.161705983e-05 -2.065742366e-06)
(1.500000194 -1.397254554e-05 -7.487080956e-06)
(1.500069083 3.977757964e-05 4.53881786e-06)
(1.500167497 -1.673681608e-05 -1.120276023e-05)
(1.500289025 7.663312918e-05 1.444599946e-05)
(1.500423752 -9.212995905e-06 -1.339723643e-05)
(1.500559815 0.0001678221444 4.570824297e-05)
(1.500682437 8.524538134e-05 -5.418389708e-05)
(1.500771418 0.0005298841062 0.0002238197579)
(1.500824445 -0.0004816157507 -2.940943772e-05)
(1.500829021 -0.0004507453467 0.001317185132)
(1.500770075 0.0002036530465 -0.0003456046348)
(1.500681355 -0.0002983792542 5.896118749e-05)
(1.500557784 0.0002458075482 -0.0001276912921)
(1.500421254 -3.334970289e-05 -5.538323708e-05)
(1.500285928 7.127892272e-05 -4.214045106e-05)
(1.500163981 1.981986426e-05 -4.436701912e-05)
(1.500065218 1.874800431e-06 -2.3482147e-05)
(1.499996117 2.04978604e-05 -2.979953231e-05)
(1.499960607 -1.461101945e-05 -2.254335447e-05)
(1.49996329 1.891841391e-05 -1.155037933e-06)
(1.499998358 -1.162819277e-05 -6.828135679e-06)
(1.500066571 3.061453331e-05 5.115903753e-06)
(1.500163906 -1.633502761e-05 -1.67145679e-05)
(1.500283885 3.52822741e-05 1.239739549e-05)
(1.50041681 -5.485651713e-05 -4.344994321e-05)
(1.500550555 2.822911018e-05 -1.05351854e-05)
(1.500670661 -0.0002195307589 -0.0001242304176)
(1.500759804 6.748656087e-06 -0.0002225390818)
(1.500803894 -0.0005277638874 -0.0006385326306)
(1.500803897 6.702727634e-05 0.0002259680586)
(1.500758229 0.0005306795041 -0.0002054962611)
(1.5006694 -0.0001039075063 0.0001087317888)
(1.500548508 0.0002835141943 1.05730248e-06)
(1.500414343 -4.116135276e-05 -1.671887049e-05)
(1.500280858 8.604956448e-05 -3.228304089e-06)
(1.500160478 1.023095093e-05 -2.896727419e-05)
(1.5000628 7.72972821e-06 -1.166381698e-05)
(1.499994373 1.768089828e-05 -2.141803996e-05)
(1.499959187 -1.205148915e-05 -1.563864195e-05)
(1.499962134 1.806921156e-05 -6.848026754e-07)
(1.499996954 -1.005120649e-05 -3.562856833e-06)
(1.500064647 3.355380942e-05 2.994887532e-06)
(1.500161153 -1.224744704e-05 -3.915037364e-06)
(1.500279922 5.948701294e-05 8.999765845e-06)
(1.500411374 -2.417090552e-05 9.655522181e-06)
(1.500543455 0.000115643599 3.67554468e-05)
(1.500661918 -4.308632178e-05 5.722283978e-05)
(1.500750627 0.0002035233227 0.0001937263767)
(1.500797355 -0.0002169759791 0.0001451932718)
(1.500797397 -0.0001862849675 0.0006294535644)
(1.500749518 0.0001445548365 -4.445931222e-05)
(1.500660649 -0.000171628286 0.0001531636244)
(1.500541512 0.0001689284741 -3.681376715e-05)
(1.500408977 -3.533776841e-05 9.022776102e-06)
(1.500276982 6.404951672e-05 -1.5675064e-05)
(1.500157801 1.461060187e-05 -1.461852964e-05)
(1.500060949 6.63759904e-06 -9.474235314e-06)
(1.499993036 1.801145284e-05 -1.294809352e-05)
(1.499958097 -1.09963638e-05 -9.864407762e-06)
(1.499961511 1.711894332e-05 -1.967259334e-07)
(1.499996197 -9.32378614e-06 -1.717010144e-06)
(1.500063609 3.037944065e-05 9.643440225e-07)
(1.500159665 -1.257908579e-05 -6.788027172e-06)
(1.500277798 4.358379435e-05 4.367417852e-07)
(1.500408497 -3.796839253e-05 -3.218743642e-05)
(1.500539618 5.689299188e-05 -2.125458598e-05)
(1.500657439 -0.0001197644839 -0.0001251207223)
(1.500745935 6.263451359e-05 -0.0001454404572)
(1.500793079 -0.0002506545804 -0.0003513295461)
(1.500793111 -4.956275106e-05 -0.0001981496667)
(1.500744879 0.0002323113636 -0.000127905035)
(1.500656137 -0.0001011920502 -5.971854303e-05)
(1.500537687 0.0001946573686 -1.349268655e-05)
(1.500406109 -2.752915e-05 -1.975764088e-05)
(1.500274886 7.145314789e-05 -1.405178205e-06)
(1.500156345 1.410572667e-05 -7.966914534e-06)
(1.500059945 8.788293456e-06 -2.214715553e-06)
(1.499992311 1.743324714e-05 -4.533854008e-06)
(1.499957505 -1.012299072e-05 -3.136962031e-06)
)
;
    }
    sides
    {
        type            slip;
    }
    hull
    {
        type            noSlip;
    }
}


// ************************************************************************* //
