solid cfd_smoke_hull
  facet normal -0.82670042711 0.544185879928 0.142927016003
    outer loop
      vertex -1 0 0
      vertex -0.965925826289 0.0507691819449 0.00378698181397
      vertex -0.965925826289 0.0517638090205 0
    endloop
  endfacet
  facet normal -0.775494011516 0.490861210414 0.397069654108
    outer loop
      vertex -1 0 0
      vertex -0.965925826289 0.0478235236789 0.0074284320406
      vertex -0.965925826289 0.0507691819449 0.00378698181397
    endloop
  endfacet
  facet normal -0.701577949441 0.40926174306 0.583346557825
    outer loop
      vertex -1 0 0
      vertex -0.965925826289 0.0430400342176 0.0107844117898
      vertex -0.965925826289 0.0478235236789 0.0074284320406
    endloop
  endfacet
  facet normal -0.630748241111 0.322505272944 0.705795299827
    outer loop
      vertex -1 0 0
      vertex -0.965925826289 0.0366025403784 0.0137259526419
      vertex -0.965925826289 0.0430400342176 0.0107844117898
    endloop
  endfacet
  facet normal -0.573996151276 0.240859046021 0.782633591325
    outer loop
      vertex -1 0 0
      vertex -0.965925826289 0.0287584314395 0.0161400128316
      vertex -0.965925826289 0.0366025403784 0.0137259526419
    endloop
  endfacet
  facet normal -0.533223849396 0.166261441802 0.829475412177
    outer loop
      vertex -1 0 0
      vertex -0.965925826289 0.0198091521083 0.0179338213796
      vertex -0.965925826289 0.0287584314395 0.0161400128316
    endloop
  endfacet
  facet normal -0.507287305915 0.0974032642911 0.856254747936
    outer loop
      vertex -1 0 0
      vertex -0.965925826289 0.0100986181706 0.0190384432293
      vertex -0.965925826289 0.0198091521083 0.0179338213796
    endloop
  endfacet
  facet normal -0.494739488737 0.0320755423483 0.868449191298
    outer loop
      vertex -1 0 0
      vertex -0.965925826289 3.16961915143e-18 0.0194114283827
      vertex -0.965925826289 0.0100986181706 0.0190384432293
    endloop
  endfacet
  facet normal -0.494739488737 -0.0320755423483 0.868449191298
    outer loop
      vertex -1 0 0
      vertex -0.965925826289 -0.0100986181706 0.0190384432293
      vertex -0.965925826289 3.16961915143e-18 0.0194114283827
    endloop
  endfacet
  facet normal -0.507287305915 -0.0974032642911 0.856254747936
    outer loop
      vertex -1 0 0
      vertex -0.965925826289 -0.0198091521083 0.0179338213796
      vertex -0.965925826289 -0.0100986181706 0.0190384432293
    endloop
  endfacet
  facet normal -0.533223849396 -0.166261441802 0.829475412177
    outer loop
      vertex -1 0 0
      vertex -0.965925826289 -0.0287584314395 0.0161400128316
      vertex -0.965925826289 -0.0198091521083 0.0179338213796
    endloop
  endfacet
  facet normal -0.573996151276 -0.240859046021 0.782633591325
    outer loop
      vertex -1 0 0
      vertex -0.965925826289 -0.0366025403784 0.0137259526419
      vertex -0.965925826289 -0.0287584314395 0.0161400128316
    endloop
  endfacet
  facet normal -0.630748241111 -0.322505272944 0.705795299827
    outer loop
      vertex -1 0 0
      vertex -0.965925826289 -0.0430400342176 0.0107844117898
      vertex -0.965925826289 -0.0366025403784 0.0137259526419
    endloop
  endfacet
  facet normal -0.701577949441 -0.40926174306 0.583346557825
    outer loop
      vertex -1 0 0
      vertex -0.965925826289 -0.0478235236789 0.0074284320406
      vertex -0.965925826289 -0.0430400342176 0.0107844117898
    endloop
  endfacet
  facet normal -0.775494011516 -0.490861210414 0.397069654108
    outer loop
      vertex -1 0 0
      vertex -0.965925826289 -0.0507691819449 0.00378698181397
      vertex -0.965925826289 -0.0478235236789 0.0074284320406
    endloop
  endfacet
  facet normal -0.82670042711 -0.544185879928 0.142927016003
    outer loop
      vertex -1 0 0
      vertex -0.965925826289 -0.0517638090205 2.37721436357e-18
      vertex -0.965925826289 -0.0507691819449 0.00378698181397
    endloop
  endfacet
  facet normal -0.82670042711 -0.544185879928 -0.142927016003
    outer loop
      vertex -1 0 0
      vertex -0.965925826289 -0.0507691819449 -0.00378698181397
      vertex -0.965925826289 -0.0517638090205 2.37721436357e-18
    endloop
  endfacet
  facet normal -0.775494011516 -0.490861210414 -0.397069654108
    outer loop
      vertex -1 0 0
      vertex -0.965925826289 -0.0478235236789 -0.0074284320406
      vertex -0.965925826289 -0.0507691819449 -0.00378698181397
    endloop
  endfacet
  facet normal -0.701577949441 -0.40926174306 -0.583346557825
    outer loop
      vertex -1 0 0
      vertex -0.965925826289 -0.0430400342176 -0.0107844117898
      vertex -0.965925826289 -0.0478235236789 -0.0074284320406
    endloop
  endfacet
  facet normal -0.630748241111 -0.322505272944 -0.705795299827
    outer loop
      vertex -1 0 0
      vertex -0.965925826289 -0.0366025403784 -0.0137259526419
      vertex -0.965925826289 -0.0430400342176 -0.0107844117898
    endloop
  endfacet
  facet normal -0.573996151276 -0.240859046021 -0.782633591325
    outer loop
      vertex -1 0 0
      vertex -0.965925826289 -0.0287584314395 -0.0161400128316
      vertex -0.965925826289 -0.0366025403784 -0.0137259526419
    endloop
  endfacet
  facet normal -0.533223849396 -0.166261441802 -0.829475412177
    outer loop
      vertex -1 0 0
      vertex -0.965925826289 -0.0198091521083 -0.0179338213796
      vertex -0.965925826289 -0.0287584314395 -0.0161400128316
    endloop
  endfacet
  facet normal -0.507287305915 -0.0974032642911 -0.856254747936
    outer loop
      vertex -1 0 0
      vertex -0.965925826289 -0.0100986181706 -0.0190384432293
      vertex -0.965925826289 -0.0198091521083 -0.0179338213796
    endloop
  endfacet
  facet normal -0.494739488737 -0.0320755423483 -0.868449191298
    outer loop
      vertex -1 0 0
      vertex -0.965925826289 -9.5088574543e-18 -0.0194114283827
      vertex -0.965925826289 -0.0100986181706 -0.0190384432293
    endloop
  endfacet
  facet normal -0.494739488737 0.0320755423483 -0.868449191298
    outer loop
      vertex -1 0 0
      vertex -0.965925826289 0.0100986181706 -0.0190384432293
      vertex -0.965925826289 -9.5088574543e-18 -0.0194114283827
    endloop
  endfacet
  facet normal -0.507287305915 0.0974032642911 -0.856254747936
    outer loop
      vertex -1 0 0
      vertex -0.965925826289 0.0198091521083 -0.0179338213796
      vertex -0.965925826289 0.0100986181706 -0.0190384432293
    endloop
  endfacet
  facet normal -0.533223849396 0.166261441802 -0.829475412177
    outer loop
      vertex -1 0 0
      vertex -0.965925826289 0.0287584314395 -0.0161400128316
      vertex -0.965925826289 0.0198091521083 -0.0179338213796
    endloop
  endfacet
  facet normal -0.573996151276 0.240859046021 -0.782633591325
    outer loop
      vertex -1 0 0
      vertex -0.965925826289 0.0366025403784 -0.0137259526419
      vertex -0.965925826289 0.0287584314395 -0.0161400128316
    endloop
  endfacet
  facet normal -0.630748241111 0.322505272944 -0.705795299827
    outer loop
      vertex -1 0 0
      vertex -0.965925826289 0.0430400342176 -0.0107844117898
      vertex -0.965925826289 0.0366025403784 -0.0137259526419
    endloop
  endfacet
  facet normal -0.701577949441 0.40926174306 -0.583346557825
    outer loop
      vertex -1 0 0
      vertex -0.965925826289 0.0478235236789 -0.0074284320406
      vertex -0.965925826289 0.0430400342176 -0.0107844117898
    endloop
  endfacet
  facet normal -0.775494011516 0.490861210414 -0.397069654108
    outer loop
      vertex -1 0 0
      vertex -0.965925826289 0.0507691819449 -0.00378698181397
      vertex -0.965925826289 0.0478235236789 -0.0074284320406
    endloop
  endfacet
  facet normal -0.82670042711 0.544185879928 -0.142927016003
    outer loop
      vertex -1 0 0
      vertex -0.965925826289 0.0517638090205 0
      vertex -0.965925826289 0.0507691819449 -0.00378698181397
    endloop
  endfacet
  facet normal -0.423136386512 0.876344150135 0.230166307122
    outer loop
      vertex -0.965925826289 0.0517638090205 0
      vertex -0.965925826289 0.0507691819449 0.00378698181397
      vertex -0.866025403784 0.0980785280403 0.0073158870756
    endloop
  endfacet
  facet normal -0.423136386512 0.876344150135 0.230166307122
    outer loop
      vertex -0.965925826289 0.0517638090205 0
      vertex -0.866025403784 0.0980785280403 0.0073158870756
      vertex -0.866025403784 0.1 0
    endloop
  endfacet
  facet normal -0.363668569606 0.724237896502 0.585853770791
    outer loop
      vertex -0.965925826289 0.0507691819449 0.00378698181397
      vertex -0.965925826289 0.0478235236789 0.0074284320406
      vertex -0.866025403784 0.0923879532511 0.0143506287137
    endloop
  endfacet
  facet normal -0.363668569606 0.724237896502 0.585853770791
    outer loop
      vertex -0.965925826289 0.0507691819449 0.00378698181397
      vertex -0.866025403784 0.0923879532511 0.0143506287137
      vertex -0.866025403784 0.0980785280403 0.0073158870756
    endloop
  endfacet
  facet normal -0.29864391242 0.548118041762 0.781267192367
    outer loop
      vertex -0.965925826289 0.0478235236789 0.0074284320406
      vertex -0.965925826289 0.0430400342176 0.0107844117898
      vertex -0.866025403784 0.0831469612303 0.0208338837382
    endloop
  endfacet
  facet normal -0.29864391242 0.548118041762 0.781267192367
    outer loop
      vertex -0.965925826289 0.0478235236789 0.0074284320406
      vertex -0.866025403784 0.0831469612303 0.0208338837382
      vertex -0.866025403784 0.0923879532511 0.0143506287137
    endloop
  endfacet
  facet normal -0.250135877208 0.402394439839 0.880630886195
    outer loop
      vertex -0.965925826289 0.0430400342176 0.0107844117898
      vertex -0.965925826289 0.0366025403784 0.0137259526419
      vertex -0.866025403784 0.0707106781187 0.0265165042945
    endloop
  endfacet
  facet normal -0.250135877208 0.402394439839 0.880630886195
    outer loop
      vertex -0.965925826289 0.0430400342176 0.0107844117898
      vertex -0.866025403784 0.0707106781187 0.0265165042945
      vertex -0.866025403784 0.0831469612303 0.0208338837382
    endloop
  endfacet
  facet normal -0.217463059671 0.287100988506 0.932889511184
    outer loop
      vertex -0.965925826289 0.0366025403784 0.0137259526419
      vertex -0.965925826289 0.0287584314395 0.0161400128316
      vertex -0.866025403784 0.055557023302 0.0311801104613
    endloop
  endfacet
  facet normal -0.217463059671 0.287100988506 0.932889511184
    outer loop
      vertex -0.965925826289 0.0366025403784 0.0137259526419
      vertex -0.866025403784 0.055557023302 0.0311801104613
      vertex -0.866025403784 0.0707106781187 0.0265165042945
    endloop
  endfacet
  facet normal -0.196432143515 0.19270356293 0.961394689931
    outer loop
      vertex -0.965925826289 0.0287584314395 0.0161400128316
      vertex -0.965925826289 0.0198091521083 0.0179338213796
      vertex -0.866025403784 0.0382683432365 0.0346454824692
    endloop
  endfacet
  facet normal -0.196432143515 0.19270356293 0.961394689931
    outer loop
      vertex -0.965925826289 0.0287584314395 0.0161400128316
      vertex -0.866025403784 0.0382683432365 0.0346454824692
      vertex -0.866025403784 0.055557023302 0.0311801104613
    endloop
  endfacet
  facet normal -0.183904646169 0.111098304296 0.976645405406
    outer loop
      vertex -0.965925826289 0.0198091521083 0.0179338213796
      vertex -0.965925826289 0.0100986181706 0.0190384432293
      vertex -0.866025403784 0.0195090322016 0.0367794480151
    endloop
  endfacet
  facet normal -0.183904646169 0.111098304296 0.976645405406
    outer loop
      vertex -0.965925826289 0.0198091521083 0.0179338213796
      vertex -0.866025403784 0.0195090322016 0.0367794480151
      vertex -0.866025403784 0.0382683432365 0.0346454824692
    endloop
  endfacet
  facet normal -0.178051395336 0.0363193465352 0.983350703303
    outer loop
      vertex -0.965925826289 0.0100986181706 0.0190384432293
      vertex -0.965925826289 3.16961915143e-18 0.0194114283827
      vertex -0.866025403784 6.12323399574e-18 0.0375
    endloop
  endfacet
  facet normal -0.178051395336 0.0363193465352 0.983350703303
    outer loop
      vertex -0.965925826289 0.0100986181706 0.0190384432293
      vertex -0.866025403784 6.12323399574e-18 0.0375
      vertex -0.866025403784 0.0195090322016 0.0367794480151
    endloop
  endfacet
  facet normal -0.178051395336 -0.0363193465352 0.983350703303
    outer loop
      vertex -0.965925826289 3.16961915143e-18 0.0194114283827
      vertex -0.965925826289 -0.0100986181706 0.0190384432293
      vertex -0.866025403784 -0.0195090322016 0.0367794480151
    endloop
  endfacet
  facet normal -0.178051395336 -0.0363193465352 0.983350703303
    outer loop
      vertex -0.965925826289 3.16961915143e-18 0.0194114283827
      vertex -0.866025403784 -0.0195090322016 0.0367794480151
      vertex -0.866025403784 6.12323399574e-18 0.0375
    endloop
  endfacet
  facet normal -0.183904646169 -0.111098304296 0.976645405406
    outer loop
      vertex -0.965925826289 -0.0100986181706 0.0190384432293
      vertex -0.965925826289 -0.0198091521083 0.0179338213796
      vertex -0.866025403784 -0.0382683432365 0.0346454824692
    endloop
  endfacet
  facet normal -0.183904646169 -0.111098304296 0.976645405406
    outer loop
      vertex -0.965925826289 -0.0100986181706 0.0190384432293
      vertex -0.866025403784 -0.0382683432365 0.0346454824692
      vertex -0.866025403784 -0.0195090322016 0.0367794480151
    endloop
  endfacet
  facet normal -0.196432143515 -0.19270356293 0.961394689931
    outer loop
      vertex -0.965925826289 -0.0198091521083 0.0179338213796
      vertex -0.965925826289 -0.0287584314395 0.0161400128316
      vertex -0.866025403784 -0.055557023302 0.0311801104613
    endloop
  endfacet
  facet normal -0.196432143515 -0.19270356293 0.961394689931
    outer loop
      vertex -0.965925826289 -0.0198091521083 0.0179338213796
      vertex -0.866025403784 -0.055557023302 0.0311801104613
      vertex -0.866025403784 -0.0382683432365 0.0346454824692
    endloop
  endfacet
  facet normal -0.217463059671 -0.287100988506 0.932889511184
    outer loop
      vertex -0.965925826289 -0.0287584314395 0.0161400128316
      vertex -0.965925826289 -0.0366025403784 0.0137259526419
      vertex -0.866025403784 -0.0707106781187 0.0265165042945
    endloop
  endfacet
  facet normal -0.217463059671 -0.287100988506 0.932889511184
    outer loop
      vertex -0.965925826289 -0.0287584314395 0.0161400128316
      vertex -0.866025403784 -0.0707106781187 0.0265165042945
      vertex -0.866025403784 -0.055557023302 0.0311801104613
    endloop
  endfacet
  facet normal -0.250135877208 -0.402394439839 0.880630886195
    outer loop
      vertex -0.965925826289 -0.0366025403784 0.0137259526419
      vertex -0.965925826289 -0.0430400342176 0.0107844117898
      vertex -0.866025403784 -0.0831469612303 0.0208338837382
    endloop
  endfacet
  facet normal -0.250135877208 -0.402394439839 0.880630886195
    outer loop
      vertex -0.965925826289 -0.0366025403784 0.0137259526419
      vertex -0.866025403784 -0.0831469612303 0.0208338837382
      vertex -0.866025403784 -0.0707106781187 0.0265165042945
    endloop
  endfacet
  facet normal -0.29864391242 -0.548118041762 0.781267192367
    outer loop
      vertex -0.965925826289 -0.0430400342176 0.0107844117898
      vertex -0.965925826289 -0.0478235236789 0.0074284320406
      vertex -0.866025403784 -0.0923879532511 0.0143506287137
    endloop
  endfacet
  facet normal -0.29864391242 -0.548118041762 0.781267192367
    outer loop
      vertex -0.965925826289 -0.0430400342176 0.0107844117898
      vertex -0.866025403784 -0.0923879532511 0.0143506287137
      vertex -0.866025403784 -0.0831469612303 0.0208338837382
    endloop
  endfacet
  facet normal -0.363668569606 -0.724237896502 0.585853770791
    outer loop
      vertex -0.965925826289 -0.0478235236789 0.0074284320406
      vertex -0.965925826289 -0.0507691819449 0.00378698181397
      vertex -0.866025403784 -0.0980785280403 0.0073158870756
    endloop
  endfacet
  facet normal -0.363668569606 -0.724237896502 0.585853770791
    outer loop
      vertex -0.965925826289 -0.0478235236789 0.0074284320406
      vertex -0.866025403784 -0.0980785280403 0.0073158870756
      vertex -0.866025403784 -0.0923879532511 0.0143506287137
    endloop
  endfacet
  facet normal -0.423136386512 -0.876344150135 0.230166307122
    outer loop
      vertex -0.965925826289 -0.0507691819449 0.00378698181397
      vertex -0.965925826289 -0.0517638090205 2.37721436357e-18
      vertex -0.866025403784 -0.1 4.5924254968e-18
    endloop
  endfacet
  facet normal -0.423136386512 -0.876344150135 0.230166307122
    outer loop
      vertex -0.965925826289 -0.0507691819449 0.00378698181397
      vertex -0.866025403784 -0.1 4.5924254968e-18
      vertex -0.866025403784 -0.0980785280403 0.0073158870756
    endloop
  endfacet
  facet normal -0.423136386512 -0.876344150135 -0.230166307122
    outer loop
      vertex -0.965925826289 -0.0517638090205 2.37721436357e-18
      vertex -0.965925826289 -0.0507691819449 -0.00378698181397
      vertex -0.866025403784 -0.0980785280403 -0.0073158870756
    endloop
  endfacet
  facet normal -0.423136386512 -0.876344150135 -0.230166307122
    outer loop
      vertex -0.965925826289 -0.0517638090205 2.37721436357e-18
      vertex -0.866025403784 -0.0980785280403 -0.0073158870756
      vertex -0.866025403784 -0.1 4.5924254968e-18
    endloop
  endfacet
  facet normal -0.363668569606 -0.724237896502 -0.585853770791
    outer loop
      vertex -0.965925826289 -0.0507691819449 -0.00378698181397
      vertex -0.965925826289 -0.0478235236789 -0.0074284320406
      vertex -0.866025403784 -0.0923879532511 -0.0143506287137
    endloop
  endfacet
  facet normal -0.363668569606 -0.724237896502 -0.585853770791
    outer loop
      vertex -0.965925826289 -0.0507691819449 -0.00378698181397
      vertex -0.866025403784 -0.0923879532511 -0.0143506287137
      vertex -0.866025403784 -0.0980785280403 -0.0073158870756
    endloop
  endfacet
  facet normal -0.29864391242 -0.548118041762 -0.781267192367
    outer loop
      vertex -0.965925826289 -0.0478235236789 -0.0074284320406
      vertex -0.965925826289 -0.0430400342176 -0.0107844117898
      vertex -0.866025403784 -0.0831469612303 -0.0208338837382
    endloop
  endfacet
  facet normal -0.29864391242 -0.548118041762 -0.781267192367
    outer loop
      vertex -0.965925826289 -0.0478235236789 -0.0074284320406
      vertex -0.866025403784 -0.0831469612303 -0.0208338837382
      vertex -0.866025403784 -0.0923879532511 -0.0143506287137
    endloop
  endfacet
  facet normal -0.250135877208 -0.402394439839 -0.880630886195
    outer loop
      vertex -0.965925826289 -0.0430400342176 -0.0107844117898
      vertex -0.965925826289 -0.0366025403784 -0.0137259526419
      vertex -0.866025403784 -0.0707106781187 -0.0265165042945
    endloop
  endfacet
  facet normal -0.250135877208 -0.402394439839 -0.880630886195
    outer loop
      vertex -0.965925826289 -0.0430400342176 -0.0107844117898
      vertex -0.866025403784 -0.0707106781187 -0.0265165042945
      vertex -0.866025403784 -0.0831469612303 -0.0208338837382
    endloop
  endfacet
  facet normal -0.217463059671 -0.287100988506 -0.932889511184
    outer loop
      vertex -0.965925826289 -0.0366025403784 -0.0137259526419
      vertex -0.965925826289 -0.0287584314395 -0.0161400128316
      vertex -0.866025403784 -0.055557023302 -0.0311801104613
    endloop
  endfacet
  facet normal -0.217463059671 -0.287100988506 -0.932889511184
    outer loop
      vertex -0.965925826289 -0.0366025403784 -0.0137259526419
      vertex -0.866025403784 -0.055557023302 -0.0311801104613
      vertex -0.866025403784 -0.0707106781187 -0.0265165042945
    endloop
  endfacet
  facet normal -0.196432143515 -0.19270356293 -0.961394689931
    outer loop
      vertex -0.965925826289 -0.0287584314395 -0.0161400128316
      vertex -0.965925826289 -0.0198091521083 -0.0179338213796
      vertex -0.866025403784 -0.0382683432365 -0.0346454824692
    endloop
  endfacet
  facet normal -0.196432143515 -0.19270356293 -0.961394689931
    outer loop
      vertex -0.965925826289 -0.0287584314395 -0.0161400128316
      vertex -0.866025403784 -0.0382683432365 -0.0346454824692
      vertex -0.866025403784 -0.055557023302 -0.0311801104613
    endloop
  endfacet
  facet normal -0.183904646169 -0.111098304296 -0.976645405406
    outer loop
      vertex -0.965925826289 -0.0198091521083 -0.0179338213796
      vertex -0.965925826289 -0.0100986181706 -0.0190384432293
      vertex -0.866025403784 -0.0195090322016 -0.0367794480151
    endloop
  endfacet
  facet normal -0.183904646169 -0.111098304296 -0.976645405406
    outer loop
      vertex -0.965925826289 -0.0198091521083 -0.0179338213796
      vertex -0.866025403784 -0.0195090322016 -0.0367794480151
      vertex -0.866025403784 -0.0382683432365 -0.0346454824692
    endloop
  endfacet
  facet normal -0.178051395336 -0.0363193465352 -0.983350703303
    outer loop
      vertex -0.965925826289 -0.0100986181706 -0.0190384432293
      vertex -0.965925826289 -9.5088574543e-18 -0.0194114283827
      vertex -0.866025403784 -1.83697019872e-17 -0.0375
    endloop
  endfacet
  facet normal -0.178051395336 -0.0363193465352 -0.983350703303
    outer loop
      vertex -0.965925826289 -0.0100986181706 -0.0190384432293
      vertex -0.866025403784 -1.83697019872e-17 -0.0375
      vertex -0.866025403784 -0.0195090322016 -0.0367794480151
    endloop
  endfacet
  facet normal -0.178051395336 0.0363193465352 -0.983350703303
    outer loop
      vertex -0.965925826289 -9.5088574543e-18 -0.0194114283827
      vertex -0.965925826289 0.0100986181706 -0.0190384432293
      vertex -0.866025403784 0.0195090322016 -0.0367794480151
    endloop
  endfacet
  facet normal -0.178051395336 0.0363193465352 -0.983350703303
    outer loop
      vertex -0.965925826289 -9.5088574543e-18 -0.0194114283827
      vertex -0.866025403784 0.0195090322016 -0.0367794480151
      vertex -0.866025403784 -1.83697019872e-17 -0.0375
    endloop
  endfacet
  facet normal -0.183904646169 0.111098304296 -0.976645405406
    outer loop
      vertex -0.965925826289 0.0100986181706 -0.0190384432293
      vertex -0.965925826289 0.0198091521083 -0.0179338213796
      vertex -0.866025403784 0.0382683432365 -0.0346454824692
    endloop
  endfacet
  facet normal -0.183904646169 0.111098304296 -0.976645405406
    outer loop
      vertex -0.965925826289 0.0100986181706 -0.0190384432293
      vertex -0.866025403784 0.0382683432365 -0.0346454824692
      vertex -0.866025403784 0.0195090322016 -0.0367794480151
    endloop
  endfacet
  facet normal -0.196432143515 0.19270356293 -0.961394689931
    outer loop
      vertex -0.965925826289 0.0198091521083 -0.0179338213796
      vertex -0.965925826289 0.0287584314395 -0.0161400128316
      vertex -0.866025403784 0.055557023302 -0.0311801104613
    endloop
  endfacet
  facet normal -0.196432143515 0.19270356293 -0.961394689931
    outer loop
      vertex -0.965925826289 0.0198091521083 -0.0179338213796
      vertex -0.866025403784 0.055557023302 -0.0311801104613
      vertex -0.866025403784 0.0382683432365 -0.0346454824692
    endloop
  endfacet
  facet normal -0.217463059671 0.287100988506 -0.932889511184
    outer loop
      vertex -0.965925826289 0.0287584314395 -0.0161400128316
      vertex -0.965925826289 0.0366025403784 -0.0137259526419
      vertex -0.866025403784 0.0707106781187 -0.0265165042945
    endloop
  endfacet
  facet normal -0.217463059671 0.287100988506 -0.932889511184
    outer loop
      vertex -0.965925826289 0.0287584314395 -0.0161400128316
      vertex -0.866025403784 0.0707106781187 -0.0265165042945
      vertex -0.866025403784 0.055557023302 -0.0311801104613
    endloop
  endfacet
  facet normal -0.250135877208 0.402394439839 -0.880630886195
    outer loop
      vertex -0.965925826289 0.0366025403784 -0.0137259526419
      vertex -0.965925826289 0.0430400342176 -0.0107844117898
      vertex -0.866025403784 0.0831469612303 -0.0208338837382
    endloop
  endfacet
  facet normal -0.250135877208 0.402394439839 -0.880630886195
    outer loop
      vertex -0.965925826289 0.0366025403784 -0.0137259526419
      vertex -0.866025403784 0.0831469612303 -0.0208338837382
      vertex -0.866025403784 0.0707106781187 -0.0265165042945
    endloop
  endfacet
  facet normal -0.29864391242 0.548118041762 -0.781267192367
    outer loop
      vertex -0.965925826289 0.0430400342176 -0.0107844117898
      vertex -0.965925826289 0.0478235236789 -0.0074284320406
      vertex -0.866025403784 0.0923879532511 -0.0143506287137
    endloop
  endfacet
  facet normal -0.29864391242 0.548118041762 -0.781267192367
    outer loop
      vertex -0.965925826289 0.0430400342176 -0.0107844117898
      vertex -0.866025403784 0.0923879532511 -0.0143506287137
      vertex -0.866025403784 0.0831469612303 -0.0208338837382
    endloop
  endfacet
  facet normal -0.363668569606 0.724237896502 -0.585853770791
    outer loop
      vertex -0.965925826289 0.0478235236789 -0.0074284320406
      vertex -0.965925826289 0.0507691819449 -0.00378698181397
      vertex -0.866025403784 0.0980785280403 -0.0073158870756
    endloop
  endfacet
  facet normal -0.363668569606 0.724237896502 -0.585853770791
    outer loop
      vertex -0.965925826289 0.0478235236789 -0.0074284320406
      vertex -0.866025403784 0.0980785280403 -0.0073158870756
      vertex -0.866025403784 0.0923879532511 -0.0143506287137
    endloop
  endfacet
  facet normal -0.423136386512 0.876344150135 -0.230166307122
    outer loop
      vertex -0.965925826289 0.0507691819449 -0.00378698181397
      vertex -0.965925826289 0.0517638090205 0
      vertex -0.866025403784 0.1 0
    endloop
  endfacet
  facet normal -0.423136386512 0.876344150135 -0.230166307122
    outer loop
      vertex -0.965925826289 0.0507691819449 -0.00378698181397
      vertex -0.866025403784 0.1 0
      vertex -0.866025403784 0.0980785280403 -0.0073158870756
    endloop
  endfacet
  facet normal -0.244447178869 0.937854587408 0.246321638557
    outer loop
      vertex -0.866025403784 0.1 0
      vertex -0.866025403784 0.0980785280403 0.0073158870756
      vertex -0.707106781187 0.138703984532 0.0103462267231
    endloop
  endfacet
  facet normal -0.244447178869 0.937854587408 0.246321638557
    outer loop
      vertex -0.866025403784 0.1 0
      vertex -0.707106781187 0.138703984532 0.0103462267231
      vertex -0.707106781187 0.141421356237 0
    endloop
  endfacet
  facet normal -0.206213663741 0.760762460667 0.615399385217
    outer loop
      vertex -0.866025403784 0.0980785280403 0.0073158870756
      vertex -0.866025403784 0.0923879532511 0.0143506287137
      vertex -0.707106781187 0.130656296488 0.0202948537555
    endloop
  endfacet
  facet normal -0.206213663741 0.760762460667 0.615399385217
    outer loop
      vertex -0.866025403784 0.0980785280403 0.0073158870756
      vertex -0.707106781187 0.130656296488 0.0202948537555
      vertex -0.707106781187 0.138703984532 0.0103462267231
    endloop
  endfacet
  facet normal -0.166561185302 0.566304995049 0.807190203195
    outer loop
      vertex -0.866025403784 0.0923879532511 0.0143506287137
      vertex -0.866025403784 0.0831469612303 0.0208338837382
      vertex -0.707106781187 0.117587560242 0.0294635609395
    endloop
  endfacet
  facet normal -0.166561185302 0.566304995049 0.807190203195
    outer loop
      vertex -0.866025403784 0.0923879532511 0.0143506287137
      vertex -0.707106781187 0.117587560242 0.0294635609395
      vertex -0.707106781187 0.130656296488 0.0202948537555
    endloop
  endfacet
  facet normal -0.138123366504 0.411622681197 0.900826678085
    outer loop
      vertex -0.866025403784 0.0831469612303 0.0208338837382
      vertex -0.866025403784 0.0707106781187 0.0265165042945
      vertex -0.707106781187 0.1 0.0375
    endloop
  endfacet
  facet normal -0.138123366504 0.411622681197 0.900826678085
    outer loop
      vertex -0.866025403784 0.0831469612303 0.0208338837382
      vertex -0.707106781187 0.1 0.0375
      vertex -0.707106781187 0.117587560242 0.0294635609395
    endloop
  endfacet
  facet normal -0.119407230836 0.292035722709 0.948924153916
    outer loop
      vertex -0.866025403784 0.0707106781187 0.0265165042945
      vertex -0.866025403784 0.055557023302 0.0311801104613
      vertex -0.707106781187 0.0785694958387 0.0440953350907
    endloop
  endfacet
  facet normal -0.119407230836 0.292035722709 0.948924153916
    outer loop
      vertex -0.866025403784 0.0707106781187 0.0265165042945
      vertex -0.707106781187 0.0785694958387 0.0440953350907
      vertex -0.707106781187 0.1 0.0375
    endloop
  endfacet
  facet normal -0.10751678511 0.195393277242 0.974813627381
    outer loop
      vertex -0.866025403784 0.055557023302 0.0311801104613
      vertex -0.866025403784 0.0382683432365 0.0346454824692
      vertex -0.707106781187 0.0541196100146 0.0489961111829
    endloop
  endfacet
  facet normal -0.10751678511 0.195393277242 0.974813627381
    outer loop
      vertex -0.866025403784 0.055557023302 0.0311801104613
      vertex -0.707106781187 0.0541196100146 0.0489961111829
      vertex -0.707106781187 0.0785694958387 0.0440953350907
    endloop
  endfacet
  facet normal -0.100485632027 0.112453986531 0.988562966467
    outer loop
      vertex -0.866025403784 0.0382683432365 0.0346454824692
      vertex -0.866025403784 0.0195090322016 0.0367794480151
      vertex -0.707106781187 0.0275899379283 0.0520139941996
    endloop
  endfacet
  facet normal -0.100485632027 0.112453986531 0.988562966467
    outer loop
      vertex -0.866025403784 0.0382683432365 0.0346454824692
      vertex -0.707106781187 0.0275899379283 0.0520139941996
      vertex -0.707106781187 0.0541196100146 0.0489961111829
    endloop
  endfacet
  facet normal -0.0972126779554 0.0367342950631 0.994585484919
    outer loop
      vertex -0.866025403784 0.0195090322016 0.0367794480151
      vertex -0.866025403784 6.12323399574e-18 0.0375
      vertex -0.707106781187 8.65956056235e-18 0.053033008589
    endloop
  endfacet
  facet normal -0.0972126779554 0.0367342950631 0.994585484919
    outer loop
      vertex -0.866025403784 0.0195090322016 0.0367794480151
      vertex -0.707106781187 8.65956056235e-18 0.053033008589
      vertex -0.707106781187 0.0275899379283 0.0520139941996
    endloop
  endfacet
  facet normal -0.0972126779554 -0.0367342950631 0.994585484919
    outer loop
      vertex -0.866025403784 6.12323399574e-18 0.0375
      vertex -0.866025403784 -0.0195090322016 0.0367794480151
      vertex -0.707106781187 -0.0275899379283 0.0520139941996
    endloop
  endfacet
  facet normal -0.0972126779554 -0.0367342950631 0.994585484919
    outer loop
      vertex -0.866025403784 6.12323399574e-18 0.0375
      vertex -0.707106781187 -0.0275899379283 0.0520139941996
      vertex -0.707106781187 8.65956056235e-18 0.053033008589
    endloop
  endfacet
  facet normal -0.100485632027 -0.112453986531 0.988562966467
    outer loop
      vertex -0.866025403784 -0.0195090322016 0.0367794480151
      vertex -0.866025403784 -0.0382683432365 0.0346454824692
      vertex -0.707106781187 -0.0541196100146 0.0489961111829
    endloop
  endfacet
  facet normal -0.100485632027 -0.112453986531 0.988562966467
    outer loop
      vertex -0.866025403784 -0.0195090322016 0.0367794480151
      vertex -0.707106781187 -0.0541196100146 0.0489961111829
      vertex -0.707106781187 -0.0275899379283 0.0520139941996
    endloop
  endfacet
  facet normal -0.10751678511 -0.195393277242 0.974813627381
    outer loop
      vertex -0.866025403784 -0.0382683432365 0.0346454824692
      vertex -0.866025403784 -0.055557023302 0.0311801104613
      vertex -0.707106781187 -0.0785694958387 0.0440953350907
    endloop
  endfacet
  facet normal -0.10751678511 -0.195393277242 0.974813627381
    outer loop
      vertex -0.866025403784 -0.0382683432365 0.0346454824692
      vertex -0.707106781187 -0.0785694958387 0.0440953350907
      vertex -0.707106781187 -0.0541196100146 0.0489961111829
    endloop
  endfacet
  facet normal -0.119407230836 -0.292035722709 0.948924153916
    outer loop
      vertex -0.866025403784 -0.055557023302 0.0311801104613
      vertex -0.866025403784 -0.0707106781187 0.0265165042945
      vertex -0.707106781187 -0.1 0.0375
    endloop
  endfacet
  facet normal -0.119407230836 -0.292035722709 0.948924153916
    outer loop
      vertex -0.866025403784 -0.055557023302 0.0311801104613
      vertex -0.707106781187 -0.1 0.0375
      vertex -0.707106781187 -0.0785694958387 0.0440953350907
    endloop
  endfacet
  facet normal -0.138123366504 -0.411622681197 0.900826678085
    outer loop
      vertex -0.866025403784 -0.0707106781187 0.0265165042945
      vertex -0.866025403784 -0.0831469612303 0.0208338837382
      vertex -0.707106781187 -0.117587560242 0.0294635609395
    endloop
  endfacet
  facet normal -0.138123366504 -0.411622681197 0.900826678085
    outer loop
      vertex -0.866025403784 -0.0707106781187 0.0265165042945
      vertex -0.707106781187 -0.117587560242 0.0294635609395
      vertex -0.707106781187 -0.1 0.0375
    endloop
  endfacet
  facet normal -0.166561185302 -0.566304995049 0.807190203195
    outer loop
      vertex -0.866025403784 -0.0831469612303 0.0208338837382
      vertex -0.866025403784 -0.0923879532511 0.0143506287137
      vertex -0.707106781187 -0.130656296488 0.0202948537555
    endloop
  endfacet
  facet normal -0.166561185302 -0.566304995049 0.807190203195
    outer loop
      vertex -0.866025403784 -0.0831469612303 0.0208338837382
      vertex -0.707106781187 -0.130656296488 0.0202948537555
      vertex -0.707106781187 -0.117587560242 0.0294635609395
    endloop
  endfacet
  facet normal -0.206213663741 -0.760762460667 0.615399385217
    outer loop
      vertex -0.866025403784 -0.0923879532511 0.0143506287137
      vertex -0.866025403784 -0.0980785280403 0.0073158870756
      vertex -0.707106781187 -0.138703984532 0.0103462267231
    endloop
  endfacet
  facet normal -0.206213663741 -0.760762460667 0.615399385217
    outer loop
      vertex -0.866025403784 -0.0923879532511 0.0143506287137
      vertex -0.707106781187 -0.138703984532 0.0103462267231
      vertex -0.707106781187 -0.130656296488 0.0202948537555
    endloop
  endfacet
  facet normal -0.244447178869 -0.937854587408 0.246321638557
    outer loop
      vertex -0.866025403784 -0.0980785280403 0.0073158870756
      vertex -0.866025403784 -0.1 4.5924254968e-18
      vertex -0.707106781187 -0.141421356237 6.49467042177e-18
    endloop
  endfacet
  facet normal -0.244447178869 -0.937854587408 0.246321638557
    outer loop
      vertex -0.866025403784 -0.0980785280403 0.0073158870756
      vertex -0.707106781187 -0.141421356237 6.49467042177e-18
      vertex -0.707106781187 -0.138703984532 0.0103462267231
    endloop
  endfacet
  facet normal -0.244447178869 -0.937854587408 -0.246321638557
    outer loop
      vertex -0.866025403784 -0.1 4.5924254968e-18
      vertex -0.866025403784 -0.0980785280403 -0.0073158870756
      vertex -0.707106781187 -0.138703984532 -0.0103462267231
    endloop
  endfacet
  facet normal -0.244447178869 -0.937854587408 -0.246321638557
    outer loop
      vertex -0.866025403784 -0.1 4.5924254968e-18
      vertex -0.707106781187 -0.138703984532 -0.0103462267231
      vertex -0.707106781187 -0.141421356237 6.49467042177e-18
    endloop
  endfacet
  facet normal -0.206213663741 -0.760762460667 -0.615399385217
    outer loop
      vertex -0.866025403784 -0.0980785280403 -0.0073158870756
      vertex -0.866025403784 -0.0923879532511 -0.0143506287137
      vertex -0.707106781187 -0.130656296488 -0.0202948537555
    endloop
  endfacet
  facet normal -0.206213663741 -0.760762460667 -0.615399385217
    outer loop
      vertex -0.866025403784 -0.0980785280403 -0.0073158870756
      vertex -0.707106781187 -0.130656296488 -0.0202948537555
      vertex -0.707106781187 -0.138703984532 -0.0103462267231
    endloop
  endfacet
  facet normal -0.166561185302 -0.566304995049 -0.807190203195
    outer loop
      vertex -0.866025403784 -0.0923879532511 -0.0143506287137
      vertex -0.866025403784 -0.0831469612303 -0.0208338837382
      vertex -0.707106781187 -0.117587560242 -0.0294635609395
    endloop
  endfacet
  facet normal -0.166561185302 -0.566304995049 -0.807190203195
    outer loop
      vertex -0.866025403784 -0.0923879532511 -0.0143506287137
      vertex -0.707106781187 -0.117587560242 -0.0294635609395
      vertex -0.707106781187 -0.130656296488 -0.0202948537555
    endloop
  endfacet
  facet normal -0.138123366504 -0.411622681197 -0.900826678085
    outer loop
      vertex -0.866025403784 -0.0831469612303 -0.0208338837382
      vertex -0.866025403784 -0.0707106781187 -0.0265165042945
      vertex -0.707106781187 -0.1 -0.0375
    endloop
  endfacet
  facet normal -0.138123366504 -0.411622681197 -0.900826678085
    outer loop
      vertex -0.866025403784 -0.0831469612303 -0.0208338837382
      vertex -0.707106781187 -0.1 -0.0375
      vertex -0.707106781187 -0.117587560242 -0.0294635609395
    endloop
  endfacet
  facet normal -0.119407230836 -0.292035722709 -0.948924153916
    outer loop
      vertex -0.866025403784 -0.0707106781187 -0.0265165042945
      vertex -0.866025403784 -0.055557023302 -0.0311801104613
      vertex -0.707106781187 -0.0785694958387 -0.0440953350907
    endloop
  endfacet
  facet normal -0.119407230836 -0.292035722709 -0.948924153916
    outer loop
      vertex -0.866025403784 -0.0707106781187 -0.0265165042945
      vertex -0.707106781187 -0.0785694958387 -0.0440953350907
      vertex -0.707106781187 -0.1 -0.0375
    endloop
  endfacet
  facet normal -0.10751678511 -0.195393277242 -0.974813627381
    outer loop
      vertex -0.866025403784 -0.055557023302 -0.0311801104613
      vertex -0.866025403784 -0.0382683432365 -0.0346454824692
      vertex -0.707106781187 -0.0541196100146 -0.0489961111829
    endloop
  endfacet
  facet normal -0.10751678511 -0.195393277242 -0.974813627381
    outer loop
      vertex -0.866025403784 -0.055557023302 -0.0311801104613
      vertex -0.707106781187 -0.0541196100146 -0.0489961111829
      vertex -0.707106781187 -0.0785694958387 -0.0440953350907
    endloop
  endfacet
  facet normal -0.100485632027 -0.112453986531 -0.988562966467
    outer loop
      vertex -0.866025403784 -0.0382683432365 -0.0346454824692
      vertex -0.866025403784 -0.0195090322016 -0.0367794480151
      vertex -0.707106781187 -0.0275899379283 -0.0520139941996
    endloop
  endfacet
  facet normal -0.100485632027 -0.112453986531 -0.988562966467
    outer loop
      vertex -0.866025403784 -0.0382683432365 -0.0346454824692
      vertex -0.707106781187 -0.0275899379283 -0.0520139941996
      vertex -0.707106781187 -0.0541196100146 -0.0489961111829
    endloop
  endfacet
  facet normal -0.0972126779554 -0.0367342950631 -0.994585484919
    outer loop
      vertex -0.866025403784 -0.0195090322016 -0.0367794480151
      vertex -0.866025403784 -1.83697019872e-17 -0.0375
      vertex -0.707106781187 -2.59786816871e-17 -0.053033008589
    endloop
  endfacet
  facet normal -0.0972126779554 -0.0367342950631 -0.994585484919
    outer loop
      vertex -0.866025403784 -0.0195090322016 -0.0367794480151
      vertex -0.707106781187 -2.59786816871e-17 -0.053033008589
      vertex -0.707106781187 -0.0275899379283 -0.0520139941996
    endloop
  endfacet
  facet normal -0.0972126779554 0.0367342950631 -0.994585484919
    outer loop
      vertex -0.866025403784 -1.83697019872e-17 -0.0375
      vertex -0.866025403784 0.0195090322016 -0.0367794480151
      vertex -0.707106781187 0.0275899379283 -0.0520139941996
    endloop
  endfacet
  facet normal -0.0972126779554 0.0367342950631 -0.994585484919
    outer loop
      vertex -0.866025403784 -1.83697019872e-17 -0.0375
      vertex -0.707106781187 0.0275899379283 -0.0520139941996
      vertex -0.707106781187 -2.59786816871e-17 -0.053033008589
    endloop
  endfacet
  facet normal -0.100485632027 0.112453986531 -0.988562966467
    outer loop
      vertex -0.866025403784 0.0195090322016 -0.0367794480151
      vertex -0.866025403784 0.0382683432365 -0.0346454824692
      vertex -0.707106781187 0.0541196100146 -0.0489961111829
    endloop
  endfacet
  facet normal -0.100485632027 0.112453986531 -0.988562966467
    outer loop
      vertex -0.866025403784 0.0195090322016 -0.0367794480151
      vertex -0.707106781187 0.0541196100146 -0.0489961111829
      vertex -0.707106781187 0.0275899379283 -0.0520139941996
    endloop
  endfacet
  facet normal -0.10751678511 0.195393277242 -0.974813627381
    outer loop
      vertex -0.866025403784 0.0382683432365 -0.0346454824692
      vertex -0.866025403784 0.055557023302 -0.0311801104613
      vertex -0.707106781187 0.0785694958387 -0.0440953350907
    endloop
  endfacet
  facet normal -0.10751678511 0.195393277242 -0.974813627381
    outer loop
      vertex -0.866025403784 0.0382683432365 -0.0346454824692
      vertex -0.707106781187 0.0785694958387 -0.0440953350907
      vertex -0.707106781187 0.0541196100146 -0.0489961111829
    endloop
  endfacet
  facet normal -0.119407230836 0.292035722709 -0.948924153916
    outer loop
      vertex -0.866025403784 0.055557023302 -0.0311801104613
      vertex -0.866025403784 0.0707106781187 -0.0265165042945
      vertex -0.707106781187 0.1 -0.0375
    endloop
  endfacet
  facet normal -0.119407230836 0.292035722709 -0.948924153916
    outer loop
      vertex -0.866025403784 0.055557023302 -0.0311801104613
      vertex -0.707106781187 0.1 -0.0375
      vertex -0.707106781187 0.0785694958387 -0.0440953350907
    endloop
  endfacet
  facet normal -0.138123366504 0.411622681197 -0.900826678085
    outer loop
      vertex -0.866025403784 0.0707106781187 -0.0265165042945
      vertex -0.866025403784 0.0831469612303 -0.0208338837382
      vertex -0.707106781187 0.117587560242 -0.0294635609395
    endloop
  endfacet
  facet normal -0.138123366504 0.411622681197 -0.900826678085
    outer loop
      vertex -0.866025403784 0.0707106781187 -0.0265165042945
      vertex -0.707106781187 0.117587560242 -0.0294635609395
      vertex -0.707106781187 0.1 -0.0375
    endloop
  endfacet
  facet normal -0.166561185302 0.566304995049 -0.807190203195
    outer loop
      vertex -0.866025403784 0.0831469612303 -0.0208338837382
      vertex -0.866025403784 0.0923879532511 -0.0143506287137
      vertex -0.707106781187 0.130656296488 -0.0202948537555
    endloop
  endfacet
  facet normal -0.166561185302 0.566304995049 -0.807190203195
    outer loop
      vertex -0.866025403784 0.0831469612303 -0.0208338837382
      vertex -0.707106781187 0.130656296488 -0.0202948537555
      vertex -0.707106781187 0.117587560242 -0.0294635609395
    endloop
  endfacet
  facet normal -0.206213663741 0.760762460667 -0.615399385217
    outer loop
      vertex -0.866025403784 0.0923879532511 -0.0143506287137
      vertex -0.866025403784 0.0980785280403 -0.0073158870756
      vertex -0.707106781187 0.138703984532 -0.0103462267231
    endloop
  endfacet
  facet normal -0.206213663741 0.760762460667 -0.615399385217
    outer loop
      vertex -0.866025403784 0.0923879532511 -0.0143506287137
      vertex -0.707106781187 0.138703984532 -0.0103462267231
      vertex -0.707106781187 0.130656296488 -0.0202948537555
    endloop
  endfacet
  facet normal -0.244447178869 0.937854587408 -0.246321638557
    outer loop
      vertex -0.866025403784 0.0980785280403 -0.0073158870756
      vertex -0.866025403784 0.1 0
      vertex -0.707106781187 0.141421356237 0
    endloop
  endfacet
  facet normal -0.244447178869 0.937854587408 -0.246321638557
    outer loop
      vertex -0.866025403784 0.0980785280403 -0.0073158870756
      vertex -0.707106781187 0.141421356237 0
      vertex -0.707106781187 0.138703984532 -0.0103462267231
    endloop
  endfacet
  facet normal -0.146822669058 0.956715138123 0.251275244178
    outer loop
      vertex -0.707106781187 0.141421356237 0
      vertex -0.707106781187 0.138703984532 0.0103462267231
      vertex -0.5 0.169876993697 0.0126714881174
    endloop
  endfacet
  facet normal -0.146822669058 0.956715138123 0.251275244178
    outer loop
      vertex -0.707106781187 0.141421356237 0
      vertex -0.5 0.169876993697 0.0126714881174
      vertex -0.5 0.173205080757 0
    endloop
  endfacet
  facet normal -0.123139268686 0.771555656866 0.624130265943
    outer loop
      vertex -0.707106781187 0.138703984532 0.0103462267231
      vertex -0.707106781187 0.130656296488 0.0202948537555
      vertex -0.5 0.160020629038 0.0248560180527
    endloop
  endfacet
  facet normal -0.123139268686 0.771555656866 0.624130265943
    outer loop
      vertex -0.707106781187 0.138703984532 0.0103462267231
      vertex -0.5 0.160020629038 0.0248560180527
      vertex -0.5 0.169876993697 0.0126714881174
    endloop
  endfacet
  facet normal -0.0989706997015 0.571507960125 0.814606317257
    outer loop
      vertex -0.707106781187 0.130656296488 0.0202948537555
      vertex -0.707106781187 0.117587560242 0.0294635609395
      vertex -0.5 0.144014761346 0.0360853451536
    endloop
  endfacet
  facet normal -0.0989706997015 0.571507960125 0.814606317257
    outer loop
      vertex -0.707106781187 0.130656296488 0.0202948537555
      vertex -0.5 0.144014761346 0.0360853451536
      vertex -0.5 0.160020629038 0.0248560180527
    endloop
  endfacet
  facet normal -0.081837371881 0.414212184369 0.906493745639
    outer loop
      vertex -0.707106781187 0.117587560242 0.0294635609395
      vertex -0.707106781187 0.1 0.0375
      vertex -0.5 0.122474487139 0.0459279326772
    endloop
  endfacet
  facet normal -0.081837371881 0.414212184369 0.906493745639
    outer loop
      vertex -0.707106781187 0.117587560242 0.0294635609395
      vertex -0.5 0.122474487139 0.0459279326772
      vertex -0.5 0.144014761346 0.0360853451536
    endloop
  endfacet
  facet normal -0.0706356290526 0.293405481279 0.953374968973
    outer loop
      vertex -0.707106781187 0.1 0.0375
      vertex -0.707106781187 0.0785694958387 0.0440953350907
      vertex -0.5 0.0962275870763 0.0540055355047
    endloop
  endfacet
  facet normal -0.0706356290526 0.293405481279 0.953374968973
    outer loop
      vertex -0.707106781187 0.1 0.0375
      vertex -0.5 0.0962275870763 0.0540055355047
      vertex -0.5 0.122474487139 0.0459279326772
    endloop
  endfacet
  facet normal -0.0635452968298 0.196135322319 0.978515677232
    outer loop
      vertex -0.707106781187 0.0785694958387 0.0440953350907
      vertex -0.707106781187 0.0541196100146 0.0489961111829
      vertex -0.5 0.0662827148071 0.0600077358893
    endloop
  endfacet
  facet normal -0.0635452968298 0.196135322319 0.978515677232
    outer loop
      vertex -0.707106781187 0.0785694958387 0.0440953350907
      vertex -0.5 0.0662827148071 0.0600077358893
      vertex -0.5 0.0962275870763 0.0540055355047
    endloop
  endfacet
  facet normal -0.0593611289116 0.112826753712 0.991839896365
    outer loop
      vertex -0.707106781187 0.0541196100146 0.0489961111829
      vertex -0.707106781187 0.0275899379283 0.0520139941996
      vertex -0.5 0.0337906349797 0.0637038726365
    endloop
  endfacet
  facet normal -0.0593611289116 0.112826753712 0.991839896365
    outer loop
      vertex -0.707106781187 0.0541196100146 0.0489961111829
      vertex -0.5 0.0337906349797 0.0637038726365
      vertex -0.5 0.0662827148071 0.0600077358893
    endloop
  endfacet
  facet normal -0.057415440821 0.0368482239607 0.997670123611
    outer loop
      vertex -0.707106781187 0.0275899379283 0.0520139941996
      vertex -0.707106781187 8.65956056235e-18 0.053033008589
      vertex -0.5 1.06057523872e-17 0.0649519052838
    endloop
  endfacet
  facet normal -0.057415440821 0.0368482239607 0.997670123611
    outer loop
      vertex -0.707106781187 0.0275899379283 0.0520139941996
      vertex -0.5 1.06057523872e-17 0.0649519052838
      vertex -0.5 0.0337906349797 0.0637038726365
    endloop
  endfacet
  facet normal -0.057415440821 -0.0368482239607 0.997670123611
    outer loop
      vertex -0.707106781187 8.65956056235e-18 0.053033008589
      vertex -0.707106781187 -0.0275899379283 0.0520139941996
      vertex -0.5 -0.0337906349797 0.0637038726365
    endloop
  endfacet
  facet normal -0.057415440821 -0.0368482239607 0.997670123611
    outer loop
      vertex -0.707106781187 8.65956056235e-18 0.053033008589
      vertex -0.5 -0.0337906349797 0.0637038726365
      vertex -0.5 1.06057523872e-17 0.0649519052838
    endloop
  endfacet
  facet normal -0.0593611289116 -0.112826753712 0.991839896365
    outer loop
      vertex -0.707106781187 -0.0275899379283 0.0520139941996
      vertex -0.707106781187 -0.0541196100146 0.0489961111829
      vertex -0.5 -0.0662827148071 0.0600077358893
    endloop
  endfacet
  facet normal -0.0593611289116 -0.112826753712 0.991839896365
    outer loop
      vertex -0.707106781187 -0.0275899379283 0.0520139941996
      vertex -0.5 -0.0662827148071 0.0600077358893
      vertex -0.5 -0.0337906349797 0.0637038726365
    endloop
  endfacet
  facet normal -0.0635452968298 -0.196135322319 0.978515677232
    outer loop
      vertex -0.707106781187 -0.0541196100146 0.0489961111829
      vertex -0.707106781187 -0.0785694958387 0.0440953350907
      vertex -0.5 -0.0962275870763 0.0540055355047
    endloop
  endfacet
  facet normal -0.0635452968298 -0.196135322319 0.978515677232
    outer loop
      vertex -0.707106781187 -0.0541196100146 0.0489961111829
      vertex -0.5 -0.0962275870763 0.0540055355047
      vertex -0.5 -0.0662827148071 0.0600077358893
    endloop
  endfacet
  facet normal -0.0706356290526 -0.293405481279 0.953374968973
    outer loop
      vertex -0.707106781187 -0.0785694958387 0.0440953350907
      vertex -0.707106781187 -0.1 0.0375
      vertex -0.5 -0.122474487139 0.0459279326772
    endloop
  endfacet
  facet normal -0.0706356290526 -0.293405481279 0.953374968973
    outer loop
      vertex -0.707106781187 -0.0785694958387 0.0440953350907
      vertex -0.5 -0.122474487139 0.0459279326772
      vertex -0.5 -0.0962275870763 0.0540055355047
    endloop
  endfacet
  facet normal -0.081837371881 -0.414212184369 0.906493745639
    outer loop
      vertex -0.707106781187 -0.1 0.0375
      vertex -0.707106781187 -0.117587560242 0.0294635609395
      vertex -0.5 -0.144014761346 0.0360853451536
    endloop
  endfacet
  facet normal -0.081837371881 -0.414212184369 0.906493745639
    outer loop
      vertex -0.707106781187 -0.1 0.0375
      vertex -0.5 -0.144014761346 0.0360853451536
      vertex -0.5 -0.122474487139 0.0459279326772
    endloop
  endfacet
  facet normal -0.0989706997015 -0.571507960125 0.814606317257
    outer loop
      vertex -0.707106781187 -0.117587560242 0.0294635609395
      vertex -0.707106781187 -0.130656296488 0.0202948537555
      vertex -0.5 -0.160020629038 0.0248560180527
    endloop
  endfacet
  facet normal -0.0989706997015 -0.571507960125 0.814606317257
    outer loop
      vertex -0.707106781187 -0.117587560242 0.0294635609395
      vertex -0.5 -0.160020629038 0.0248560180527
      vertex -0.5 -0.144014761346 0.0360853451536
    endloop
  endfacet
  facet normal -0.123139268686 -0.771555656866 0.624130265943
    outer loop
      vertex -0.707106781187 -0.130656296488 0.0202948537555
      vertex -0.707106781187 -0.138703984532 0.0103462267231
      vertex -0.5 -0.169876993697 0.0126714881174
    endloop
  endfacet
  facet normal -0.123139268686 -0.771555656866 0.624130265943
    outer loop
      vertex -0.707106781187 -0.130656296488 0.0202948537555
      vertex -0.5 -0.169876993697 0.0126714881174
      vertex -0.5 -0.160020629038 0.0248560180527
    endloop
  endfacet
  facet normal -0.146822669058 -0.956715138123 0.251275244178
    outer loop
      vertex -0.707106781187 -0.138703984532 0.0103462267231
      vertex -0.707106781187 -0.141421356237 6.49467042177e-18
      vertex -0.5 -0.173205080757 7.95431429044e-18
    endloop
  endfacet
  facet normal -0.146822669058 -0.956715138123 0.251275244178
    outer loop
      vertex -0.707106781187 -0.138703984532 0.0103462267231
      vertex -0.5 -0.173205080757 7.95431429044e-18
      vertex -0.5 -0.169876993697 0.0126714881174
    endloop
  endfacet
  facet normal -0.146822669058 -0.956715138123 -0.251275244178
    outer loop
      vertex -0.707106781187 -0.141421356237 6.49467042177e-18
      vertex -0.707106781187 -0.138703984532 -0.0103462267231
      vertex -0.5 -0.169876993697 -0.0126714881174
    endloop
  endfacet
  facet normal -0.146822669058 -0.956715138123 -0.251275244178
    outer loop
      vertex -0.707106781187 -0.141421356237 6.49467042177e-18
      vertex -0.5 -0.169876993697 -0.0126714881174
      vertex -0.5 -0.173205080757 7.95431429044e-18
    endloop
  endfacet
  facet normal -0.123139268686 -0.771555656866 -0.624130265943
    outer loop
      vertex -0.707106781187 -0.138703984532 -0.0103462267231
      vertex -0.707106781187 -0.130656296488 -0.0202948537555
      vertex -0.5 -0.160020629038 -0.0248560180527
    endloop
  endfacet
  facet normal -0.123139268686 -0.771555656866 -0.624130265943
    outer loop
      vertex -0.707106781187 -0.138703984532 -0.0103462267231
      vertex -0.5 -0.160020629038 -0.0248560180527
      vertex -0.5 -0.169876993697 -0.0126714881174
    endloop
  endfacet
  facet normal -0.0989706997015 -0.571507960125 -0.814606317257
    outer loop
      vertex -0.707106781187 -0.130656296488 -0.0202948537555
      vertex -0.707106781187 -0.117587560242 -0.0294635609395
      vertex -0.5 -0.144014761346 -0.0360853451536
    endloop
  endfacet
  facet normal -0.0989706997015 -0.571507960125 -0.814606317257
    outer loop
      vertex -0.707106781187 -0.130656296488 -0.0202948537555
      vertex -0.5 -0.144014761346 -0.0360853451536
      vertex -0.5 -0.160020629038 -0.0248560180527
    endloop
  endfacet
  facet normal -0.081837371881 -0.414212184369 -0.906493745639
    outer loop
      vertex -0.707106781187 -0.117587560242 -0.0294635609395
      vertex -0.707106781187 -0.1 -0.0375
      vertex -0.5 -0.122474487139 -0.0459279326772
    endloop
  endfacet
  facet normal -0.081837371881 -0.414212184369 -0.906493745639
    outer loop
      vertex -0.707106781187 -0.117587560242 -0.0294635609395
      vertex -0.5 -0.122474487139 -0.0459279326772
      vertex -0.5 -0.144014761346 -0.0360853451536
    endloop
  endfacet
  facet normal -0.0706356290526 -0.293405481279 -0.953374968973
    outer loop
      vertex -0.707106781187 -0.1 -0.0375
      vertex -0.707106781187 -0.0785694958387 -0.0440953350907
      vertex -0.5 -0.0962275870763 -0.0540055355047
    endloop
  endfacet
  facet normal -0.0706356290526 -0.293405481279 -0.953374968973
    outer loop
      vertex -0.707106781187 -0.1 -0.0375
      vertex -0.5 -0.0962275870763 -0.0540055355047
      vertex -0.5 -0.122474487139 -0.0459279326772
    endloop
  endfacet
  facet normal -0.0635452968298 -0.196135322319 -0.978515677232
    outer loop
      vertex -0.707106781187 -0.0785694958387 -0.0440953350907
      vertex -0.707106781187 -0.0541196100146 -0.0489961111829
      vertex -0.5 -0.0662827148071 -0.0600077358893
    endloop
  endfacet
  facet normal -0.0635452968298 -0.196135322319 -0.978515677232
    outer loop
      vertex -0.707106781187 -0.0785694958387 -0.0440953350907
      vertex -0.5 -0.0662827148071 -0.0600077358893
      vertex -0.5 -0.0962275870763 -0.0540055355047
    endloop
  endfacet
  facet normal -0.0593611289116 -0.112826753712 -0.991839896365
    outer loop
      vertex -0.707106781187 -0.0541196100146 -0.0489961111829
      vertex -0.707106781187 -0.0275899379283 -0.0520139941996
      vertex -0.5 -0.0337906349797 -0.0637038726365
    endloop
  endfacet
  facet normal -0.0593611289116 -0.112826753712 -0.991839896365
    outer loop
      vertex -0.707106781187 -0.0541196100146 -0.0489961111829
      vertex -0.5 -0.0337906349797 -0.0637038726365
      vertex -0.5 -0.0662827148071 -0.0600077358893
    endloop
  endfacet
  facet normal -0.057415440821 -0.0368482239607 -0.997670123611
    outer loop
      vertex -0.707106781187 -0.0275899379283 -0.0520139941996
      vertex -0.707106781187 -2.59786816871e-17 -0.053033008589
      vertex -0.5 -3.18172571617e-17 -0.0649519052838
    endloop
  endfacet
  facet normal -0.057415440821 -0.0368482239607 -0.997670123611
    outer loop
      vertex -0.707106781187 -0.0275899379283 -0.0520139941996
      vertex -0.5 -3.18172571617e-17 -0.0649519052838
      vertex -0.5 -0.0337906349797 -0.0637038726365
    endloop
  endfacet
  facet normal -0.057415440821 0.0368482239607 -0.997670123611
    outer loop
      vertex -0.707106781187 -2.59786816871e-17 -0.053033008589
      vertex -0.707106781187 0.0275899379283 -0.0520139941996
      vertex -0.5 0.0337906349797 -0.0637038726365
    endloop
  endfacet
  facet normal -0.057415440821 0.0368482239607 -0.997670123611
    outer loop
      vertex -0.707106781187 -2.59786816871e-17 -0.053033008589
      vertex -0.5 0.0337906349797 -0.0637038726365
      vertex -0.5 -3.18172571617e-17 -0.0649519052838
    endloop
  endfacet
  facet normal -0.0593611289116 0.112826753712 -0.991839896365
    outer loop
      vertex -0.707106781187 0.0275899379283 -0.0520139941996
      vertex -0.707106781187 0.0541196100146 -0.0489961111829
      vertex -0.5 0.0662827148071 -0.0600077358893
    endloop
  endfacet
  facet normal -0.0593611289116 0.112826753712 -0.991839896365
    outer loop
      vertex -0.707106781187 0.0275899379283 -0.0520139941996
      vertex -0.5 0.0662827148071 -0.0600077358893
      vertex -0.5 0.0337906349797 -0.0637038726365
    endloop
  endfacet
  facet normal -0.0635452968298 0.196135322319 -0.978515677232
    outer loop
      vertex -0.707106781187 0.0541196100146 -0.0489961111829
      vertex -0.707106781187 0.0785694958387 -0.0440953350907
      vertex -0.5 0.0962275870763 -0.0540055355047
    endloop
  endfacet
  facet normal -0.0635452968298 0.196135322319 -0.978515677232
    outer loop
      vertex -0.707106781187 0.0541196100146 -0.0489961111829
      vertex -0.5 0.0962275870763 -0.0540055355047
      vertex -0.5 0.0662827148071 -0.0600077358893
    endloop
  endfacet
  facet normal -0.0706356290526 0.293405481279 -0.953374968973
    outer loop
      vertex -0.707106781187 0.0785694958387 -0.0440953350907
      vertex -0.707106781187 0.1 -0.0375
      vertex -0.5 0.122474487139 -0.0459279326772
    endloop
  endfacet
  facet normal -0.0706356290526 0.293405481279 -0.953374968973
    outer loop
      vertex -0.707106781187 0.0785694958387 -0.0440953350907
      vertex -0.5 0.122474487139 -0.0459279326772
      vertex -0.5 0.0962275870763 -0.0540055355047
    endloop
  endfacet
  facet normal -0.081837371881 0.414212184369 -0.906493745639
    outer loop
      vertex -0.707106781187 0.1 -0.0375
      vertex -0.707106781187 0.117587560242 -0.0294635609395
      vertex -0.5 0.144014761346 -0.0360853451536
    endloop
  endfacet
  facet normal -0.081837371881 0.414212184369 -0.906493745639
    outer loop
      vertex -0.707106781187 0.1 -0.0375
      vertex -0.5 0.144014761346 -0.0360853451536
      vertex -0.5 0.122474487139 -0.0459279326772
    endloop
  endfacet
  facet normal -0.0989706997015 0.571507960125 -0.814606317257
    outer loop
      vertex -0.707106781187 0.117587560242 -0.0294635609395
      vertex -0.707106781187 0.130656296488 -0.0202948537555
      vertex -0.5 0.160020629038 -0.0248560180527
    endloop
  endfacet
  facet normal -0.0989706997015 0.571507960125 -0.814606317257
    outer loop
      vertex -0.707106781187 0.117587560242 -0.0294635609395
      vertex -0.5 0.160020629038 -0.0248560180527
      vertex -0.5 0.144014761346 -0.0360853451536
    endloop
  endfacet
  facet normal -0.123139268686 0.771555656866 -0.624130265943
    outer loop
      vertex -0.707106781187 0.130656296488 -0.0202948537555
      vertex -0.707106781187 0.138703984532 -0.0103462267231
      vertex -0.5 0.169876993697 -0.0126714881174
    endloop
  endfacet
  facet normal -0.123139268686 0.771555656866 -0.624130265943
    outer loop
      vertex -0.707106781187 0.130656296488 -0.0202948537555
      vertex -0.5 0.169876993697 -0.0126714881174
      vertex -0.5 0.160020629038 -0.0248560180527
    endloop
  endfacet
  facet normal -0.146822669058 0.956715138123 -0.251275244178
    outer loop
      vertex -0.707106781187 0.138703984532 -0.0103462267231
      vertex -0.707106781187 0.141421356237 0
      vertex -0.5 0.173205080757 0
    endloop
  endfacet
  facet normal -0.146822669058 0.956715138123 -0.251275244178
    outer loop
      vertex -0.707106781187 0.138703984532 -0.0103462267231
      vertex -0.5 0.173205080757 0
      vertex -0.5 0.169876993697 -0.0126714881174
    endloop
  endfacet
  facet normal -0.0798692356022 0.964106959036 0.253216659685
    outer loop
      vertex -0.5 0.173205080757 0
      vertex -0.5 0.169876993697 0.0126714881174
      vertex -0.258819045103 0.189473166477 0.0141332085371
    endloop
  endfacet
  facet normal -0.0798692356022 0.964106959036 0.253216659685
    outer loop
      vertex -0.5 0.173205080757 0
      vertex -0.258819045103 0.189473166477 0.0141332085371
      vertex -0.258819045103 0.193185165258 0
    endloop
  endfacet
  facet normal -0.0668322715826 0.775734436332 0.62751058299
    outer loop
      vertex -0.5 0.169876993697 0.0126714881174
      vertex -0.5 0.160020629038 0.0248560180527
      vertex -0.258819045103 0.178479820167 0.0277232857961
    endloop
  endfacet
  facet normal -0.0668322715826 0.775734436332 0.62751058299
    outer loop
      vertex -0.5 0.169876993697 0.0126714881174
      vertex -0.258819045103 0.178479820167 0.0277232857961
      vertex -0.258819045103 0.189473166477 0.0141332085371
    endloop
  endfacet
  facet normal -0.0536121139862 0.573501732164 0.817448166209
    outer loop
      vertex -0.5 0.160020629038 0.0248560180527
      vertex -0.5 0.144014761346 0.0360853451536
      vertex -0.258819045103 0.16062759446 0.0402479727293
    endloop
  endfacet
  facet normal -0.0536121139862 0.573501732164 0.817448166209
    outer loop
      vertex -0.5 0.160020629038 0.0248560180527
      vertex -0.258819045103 0.16062759446 0.0402479727293
      vertex -0.258819045103 0.178479820167 0.0277232857961
    endloop
  endfacet
  facet normal -0.0442821293339 0.415198571281 0.908652430486
    outer loop
      vertex -0.5 0.144014761346 0.0360853451536
      vertex -0.5 0.122474487139 0.0459279326772
      vertex -0.258819045103 0.136602540378 0.0512259526419
    endloop
  endfacet
  facet normal -0.0442821293339 0.415198571281 0.908652430486
    outer loop
      vertex -0.5 0.144014761346 0.0360853451536
      vertex -0.258819045103 0.136602540378 0.0512259526419
      vertex -0.258819045103 0.16062759446 0.0402479727293
    endloop
  endfacet
  facet normal -0.0381976584185 0.293925526643 0.955064774599
    outer loop
      vertex -0.5 0.122474487139 0.0459279326772
      vertex -0.5 0.0962275870763 0.0540055355047
      vertex -0.258819045103 0.107327927278 0.0602353479223
    endloop
  endfacet
  facet normal -0.0381976584185 0.293925526643 0.955064774599
    outer loop
      vertex -0.5 0.122474487139 0.0459279326772
      vertex -0.258819045103 0.107327927278 0.0602353479223
      vertex -0.258819045103 0.136602540378 0.0512259526419
    endloop
  endfacet
  facet normal -0.0343517981975 0.196416530388 0.979918619351
    outer loop
      vertex -0.5 0.0962275870763 0.0540055355047
      vertex -0.5 0.0662827148071 0.0600077358893
      vertex -0.258819045103 0.0739287621229 0.0669299325624
    endloop
  endfacet
  facet normal -0.0343517981975 0.196416530388 0.979918619351
    outer loop
      vertex -0.5 0.0962275870763 0.0540055355047
      vertex -0.258819045103 0.0739287621229 0.0669299325624
      vertex -0.258819045103 0.107327927278 0.0602353479223
    endloop
  endfacet
  facet normal -0.0320840269442 0.112967878255 0.993080497089
    outer loop
      vertex -0.5 0.0662827148071 0.0600077358893
      vertex -0.5 0.0337906349797 0.0637038726365
      vertex -0.258819045103 0.0376885560989 0.0710524374289
    endloop
  endfacet
  facet normal -0.0320840269442 0.112967878255 0.993080497089
    outer loop
      vertex -0.5 0.0662827148071 0.0600077358893
      vertex -0.258819045103 0.0376885560989 0.0710524374289
      vertex -0.258819045103 0.0739287621229 0.0669299325624
    endloop
  endfacet
  facet normal -0.0310299001828 0.0368913368931 0.998837411472
    outer loop
      vertex -0.5 0.0337906349797 0.0637038726365
      vertex -0.5 1.06057523872e-17 0.0649519052838
      vertex -0.258819045103 1.18291797138e-17 0.0724444369717
    endloop
  endfacet
  facet normal -0.0310299001828 0.0368913368931 0.998837411472
    outer loop
      vertex -0.5 0.0337906349797 0.0637038726365
      vertex -0.258819045103 1.18291797138e-17 0.0724444369717
      vertex -0.258819045103 0.0376885560989 0.0710524374289
    endloop
  endfacet
  facet normal -0.0310299001828 -0.0368913368931 0.998837411472
    outer loop
      vertex -0.5 1.06057523872e-17 0.0649519052838
      vertex -0.5 -0.0337906349797 0.0637038726365
      vertex -0.258819045103 -0.0376885560989 0.0710524374289
    endloop
  endfacet
  facet normal -0.0310299001828 -0.0368913368931 0.998837411472
    outer loop
      vertex -0.5 1.06057523872e-17 0.0649519052838
      vertex -0.258819045103 -0.0376885560989 0.0710524374289
      vertex -0.258819045103 1.18291797138e-17 0.0724444369717
    endloop
  endfacet
  facet normal -0.0320840269442 -0.112967878255 0.993080497089
    outer loop
      vertex -0.5 -0.0337906349797 0.0637038726365
      vertex -0.5 -0.0662827148071 0.0600077358893
      vertex -0.258819045103 -0.0739287621229 0.0669299325624
    endloop
  endfacet
  facet normal -0.0320840269442 -0.112967878255 0.993080497089
    outer loop
      vertex -0.5 -0.0337906349797 0.0637038726365
      vertex -0.258819045103 -0.0739287621229 0.0669299325624
      vertex -0.258819045103 -0.0376885560989 0.0710524374289
    endloop
  endfacet
  facet normal -0.0343517981975 -0.196416530388 0.979918619351
    outer loop
      vertex -0.5 -0.0662827148071 0.0600077358893
      vertex -0.5 -0.0962275870763 0.0540055355047
      vertex -0.258819045103 -0.107327927278 0.0602353479223
    endloop
  endfacet
  facet normal -0.0343517981975 -0.196416530388 0.979918619351
    outer loop
      vertex -0.5 -0.0662827148071 0.0600077358893
      vertex -0.258819045103 -0.107327927278 0.0602353479223
      vertex -0.258819045103 -0.0739287621229 0.0669299325624
    endloop
  endfacet
  facet normal -0.0381976584185 -0.293925526643 0.955064774599
    outer loop
      vertex -0.5 -0.0962275870763 0.0540055355047
      vertex -0.5 -0.122474487139 0.0459279326772
      vertex -0.258819045103 -0.136602540378 0.0512259526419
    endloop
  endfacet
  facet normal -0.0381976584185 -0.293925526643 0.955064774599
    outer loop
      vertex -0.5 -0.0962275870763 0.0540055355047
      vertex -0.258819045103 -0.136602540378 0.0512259526419
      vertex -0.258819045103 -0.107327927278 0.0602353479223
    endloop
  endfacet
  facet normal -0.0442821293339 -0.415198571281 0.908652430486
    outer loop
      vertex -0.5 -0.122474487139 0.0459279326772
      vertex -0.5 -0.144014761346 0.0360853451536
      vertex -0.258819045103 -0.16062759446 0.0402479727293
    endloop
  endfacet
  facet normal -0.0442821293339 -0.415198571281 0.908652430486
    outer loop
      vertex -0.5 -0.122474487139 0.0459279326772
      vertex -0.258819045103 -0.16062759446 0.0402479727293
      vertex -0.258819045103 -0.136602540378 0.0512259526419
    endloop
  endfacet
  facet normal -0.0536121139862 -0.573501732164 0.817448166209
    outer loop
      vertex -0.5 -0.144014761346 0.0360853451536
      vertex -0.5 -0.160020629038 0.0248560180527
      vertex -0.258819045103 -0.178479820167 0.0277232857961
    endloop
  endfacet
  facet normal -0.0536121139862 -0.573501732164 0.817448166209
    outer loop
      vertex -0.5 -0.144014761346 0.0360853451536
      vertex -0.258819045103 -0.178479820167 0.0277232857961
      vertex -0.258819045103 -0.16062759446 0.0402479727293
    endloop
  endfacet
  facet normal -0.0668322715826 -0.775734436332 0.62751058299
    outer loop
      vertex -0.5 -0.160020629038 0.0248560180527
      vertex -0.5 -0.169876993697 0.0126714881174
      vertex -0.258819045103 -0.189473166477 0.0141332085371
    endloop
  endfacet
  facet normal -0.0668322715826 -0.775734436332 0.62751058299
    outer loop
      vertex -0.5 -0.160020629038 0.0248560180527
      vertex -0.258819045103 -0.189473166477 0.0141332085371
      vertex -0.258819045103 -0.178479820167 0.0277232857961
    endloop
  endfacet
  facet normal -0.0798692356022 -0.964106959036 0.253216659685
    outer loop
      vertex -0.5 -0.169876993697 0.0126714881174
      vertex -0.5 -0.173205080757 7.95431429044e-18
      vertex -0.258819045103 -0.193185165258 8.87188478534e-18
    endloop
  endfacet
  facet normal -0.0798692356022 -0.964106959036 0.253216659685
    outer loop
      vertex -0.5 -0.169876993697 0.0126714881174
      vertex -0.258819045103 -0.193185165258 8.87188478534e-18
      vertex -0.258819045103 -0.189473166477 0.0141332085371
    endloop
  endfacet
  facet normal -0.0798692356022 -0.964106959036 -0.253216659685
    outer loop
      vertex -0.5 -0.173205080757 7.95431429044e-18
      vertex -0.5 -0.169876993697 -0.0126714881174
      vertex -0.258819045103 -0.189473166477 -0.0141332085371
    endloop
  endfacet
  facet normal -0.0798692356022 -0.964106959036 -0.253216659685
    outer loop
      vertex -0.5 -0.173205080757 7.95431429044e-18
      vertex -0.258819045103 -0.189473166477 -0.0141332085371
      vertex -0.258819045103 -0.193185165258 8.87188478534e-18
    endloop
  endfacet
  facet normal -0.0668322715826 -0.775734436332 -0.62751058299
    outer loop
      vertex -0.5 -0.169876993697 -0.0126714881174
      vertex -0.5 -0.160020629038 -0.0248560180527
      vertex -0.258819045103 -0.178479820167 -0.0277232857961
    endloop
  endfacet
  facet normal -0.0668322715826 -0.775734436332 -0.62751058299
    outer loop
      vertex -0.5 -0.169876993697 -0.0126714881174
      vertex -0.258819045103 -0.178479820167 -0.0277232857961
      vertex -0.258819045103 -0.189473166477 -0.0141332085371
    endloop
  endfacet
  facet normal -0.0536121139862 -0.573501732164 -0.817448166209
    outer loop
      vertex -0.5 -0.160020629038 -0.0248560180527
      vertex -0.5 -0.144014761346 -0.0360853451536
      vertex -0.258819045103 -0.16062759446 -0.0402479727293
    endloop
  endfacet
  facet normal -0.0536121139862 -0.573501732164 -0.817448166209
    outer loop
      vertex -0.5 -0.160020629038 -0.0248560180527
      vertex -0.258819045103 -0.16062759446 -0.0402479727293
      vertex -0.258819045103 -0.178479820167 -0.0277232857961
    endloop
  endfacet
  facet normal -0.0442821293339 -0.415198571281 -0.908652430486
    outer loop
      vertex -0.5 -0.144014761346 -0.0360853451536
      vertex -0.5 -0.122474487139 -0.0459279326772
      vertex -0.258819045103 -0.136602540378 -0.0512259526419
    endloop
  endfacet
  facet normal -0.0442821293339 -0.415198571281 -0.908652430486
    outer loop
      vertex -0.5 -0.144014761346 -0.0360853451536
      vertex -0.258819045103 -0.136602540378 -0.0512259526419
      vertex -0.258819045103 -0.16062759446 -0.0402479727293
    endloop
  endfacet
  facet normal -0.0381976584185 -0.293925526643 -0.955064774599
    outer loop
      vertex -0.5 -0.122474487139 -0.0459279326772
      vertex -0.5 -0.0962275870763 -0.0540055355047
      vertex -0.258819045103 -0.107327927278 -0.0602353479223
    endloop
  endfacet
  facet normal -0.0381976584185 -0.293925526643 -0.955064774599
    outer loop
      vertex -0.5 -0.122474487139 -0.0459279326772
      vertex -0.258819045103 -0.107327927278 -0.0602353479223
      vertex -0.258819045103 -0.136602540378 -0.0512259526419
    endloop
  endfacet
  facet normal -0.0343517981975 -0.196416530388 -0.979918619351
    outer loop
      vertex -0.5 -0.0962275870763 -0.0540055355047
      vertex -0.5 -0.0662827148071 -0.0600077358893
      vertex -0.258819045103 -0.0739287621229 -0.0669299325624
    endloop
  endfacet
  facet normal -0.0343517981975 -0.196416530388 -0.979918619351
    outer loop
      vertex -0.5 -0.0962275870763 -0.0540055355047
      vertex -0.258819045103 -0.0739287621229 -0.0669299325624
      vertex -0.258819045103 -0.107327927278 -0.0602353479223
    endloop
  endfacet
  facet normal -0.0320840269442 -0.112967878255 -0.993080497089
    outer loop
      vertex -0.5 -0.0662827148071 -0.0600077358893
      vertex -0.5 -0.0337906349797 -0.0637038726365
      vertex -0.258819045103 -0.0376885560989 -0.0710524374289
    endloop
  endfacet
  facet normal -0.0320840269442 -0.112967878255 -0.993080497089
    outer loop
      vertex -0.5 -0.0662827148071 -0.0600077358893
      vertex -0.258819045103 -0.0376885560989 -0.0710524374289
      vertex -0.258819045103 -0.0739287621229 -0.0669299325624
    endloop
  endfacet
  facet normal -0.0310299001828 -0.0368913368931 -0.998837411472
    outer loop
      vertex -0.5 -0.0337906349797 -0.0637038726365
      vertex -0.5 -3.18172571617e-17 -0.0649519052838
      vertex -0.258819045103 -3.54875391414e-17 -0.0724444369717
    endloop
  endfacet
  facet normal -0.0310299001828 -0.0368913368931 -0.998837411472
    outer loop
      vertex -0.5 -0.0337906349797 -0.0637038726365
      vertex -0.258819045103 -3.54875391414e-17 -0.0724444369717
      vertex -0.258819045103 -0.0376885560989 -0.0710524374289
    endloop
  endfacet
  facet normal -0.0310299001828 0.0368913368931 -0.998837411472
    outer loop
      vertex -0.5 -3.18172571617e-17 -0.0649519052838
      vertex -0.5 0.0337906349797 -0.0637038726365
      vertex -0.258819045103 0.0376885560989 -0.0710524374289
    endloop
  endfacet
  facet normal -0.0310299001828 0.0368913368931 -0.998837411472
    outer loop
      vertex -0.5 -3.18172571617e-17 -0.0649519052838
      vertex -0.258819045103 0.0376885560989 -0.0710524374289
      vertex -0.258819045103 -3.54875391414e-17 -0.0724444369717
    endloop
  endfacet
  facet normal -0.0320840269442 0.112967878255 -0.993080497089
    outer loop
      vertex -0.5 0.0337906349797 -0.0637038726365
      vertex -0.5 0.0662827148071 -0.0600077358893
      vertex -0.258819045103 0.0739287621229 -0.0669299325624
    endloop
  endfacet
  facet normal -0.0320840269442 0.112967878255 -0.993080497089
    outer loop
      vertex -0.5 0.0337906349797 -0.0637038726365
      vertex -0.258819045103 0.0739287621229 -0.0669299325624
      vertex -0.258819045103 0.0376885560989 -0.0710524374289
    endloop
  endfacet
  facet normal -0.0343517981975 0.196416530388 -0.979918619351
    outer loop
      vertex -0.5 0.0662827148071 -0.0600077358893
      vertex -0.5 0.0962275870763 -0.0540055355047
      vertex -0.258819045103 0.107327927278 -0.0602353479223
    endloop
  endfacet
  facet normal -0.0343517981975 0.196416530388 -0.979918619351
    outer loop
      vertex -0.5 0.0662827148071 -0.0600077358893
      vertex -0.258819045103 0.107327927278 -0.0602353479223
      vertex -0.258819045103 0.0739287621229 -0.0669299325624
    endloop
  endfacet
  facet normal -0.0381976584185 0.293925526643 -0.955064774599
    outer loop
      vertex -0.5 0.0962275870763 -0.0540055355047
      vertex -0.5 0.122474487139 -0.0459279326772
      vertex -0.258819045103 0.136602540378 -0.0512259526419
    endloop
  endfacet
  facet normal -0.0381976584185 0.293925526643 -0.955064774599
    outer loop
      vertex -0.5 0.0962275870763 -0.0540055355047
      vertex -0.258819045103 0.136602540378 -0.0512259526419
      vertex -0.258819045103 0.107327927278 -0.0602353479223
    endloop
  endfacet
  facet normal -0.0442821293339 0.415198571281 -0.908652430486
    outer loop
      vertex -0.5 0.122474487139 -0.0459279326772
      vertex -0.5 0.144014761346 -0.0360853451536
      vertex -0.258819045103 0.16062759446 -0.0402479727293
    endloop
  endfacet
  facet normal -0.0442821293339 0.415198571281 -0.908652430486
    outer loop
      vertex -0.5 0.122474487139 -0.0459279326772
      vertex -0.258819045103 0.16062759446 -0.0402479727293
      vertex -0.258819045103 0.136602540378 -0.0512259526419
    endloop
  endfacet
  facet normal -0.0536121139862 0.573501732164 -0.817448166209
    outer loop
      vertex -0.5 0.144014761346 -0.0360853451536
      vertex -0.5 0.160020629038 -0.0248560180527
      vertex -0.258819045103 0.178479820167 -0.0277232857961
    endloop
  endfacet
  facet normal -0.0536121139862 0.573501732164 -0.817448166209
    outer loop
      vertex -0.5 0.144014761346 -0.0360853451536
      vertex -0.258819045103 0.178479820167 -0.0277232857961
      vertex -0.258819045103 0.16062759446 -0.0402479727293
    endloop
  endfacet
  facet normal -0.0668322715826 0.775734436332 -0.62751058299
    outer loop
      vertex -0.5 0.160020629038 -0.0248560180527
      vertex -0.5 0.169876993697 -0.0126714881174
      vertex -0.258819045103 0.189473166477 -0.0141332085371
    endloop
  endfacet
  facet normal -0.0668322715826 0.775734436332 -0.62751058299
    outer loop
      vertex -0.5 0.160020629038 -0.0248560180527
      vertex -0.258819045103 0.189473166477 -0.0141332085371
      vertex -0.258819045103 0.178479820167 -0.0277232857961
    endloop
  endfacet
  facet normal -0.0798692356022 0.964106959036 -0.253216659685
    outer loop
      vertex -0.5 0.169876993697 -0.0126714881174
      vertex -0.5 0.173205080757 0
      vertex -0.258819045103 0.193185165258 0
    endloop
  endfacet
  facet normal -0.0798692356022 0.964106959036 -0.253216659685
    outer loop
      vertex -0.5 0.169876993697 -0.0126714881174
      vertex -0.258819045103 0.193185165258 0
      vertex -0.258819045103 0.189473166477 -0.0141332085371
    endloop
  endfacet
  facet normal -0.0254585209525 0.966883326142 0.253945855132
    outer loop
      vertex -0.258819045103 0.193185165258 0
      vertex -0.258819045103 0.189473166477 0.0141332085371
      vertex 0 0.196157056081 0.0146317741512
    endloop
  endfacet
  facet normal -0.0254585209525 0.966883326142 0.253945855132
    outer loop
      vertex -0.258819045103 0.193185165258 0
      vertex 0 0.196157056081 0.0146317741512
      vertex 0 0.2 0
    endloop
  endfacet
  facet normal -0.0212845604363 0.777296560656 0.628774223612
    outer loop
      vertex -0.258819045103 0.189473166477 0.0141332085371
      vertex -0.258819045103 0.178479820167 0.0277232857961
      vertex 0 0.184775906502 0.0287012574274
    endloop
  endfacet
  facet normal -0.0212845604363 0.777296560656 0.628774223612
    outer loop
      vertex -0.258819045103 0.189473166477 0.0141332085371
      vertex 0 0.184775906502 0.0287012574274
      vertex 0 0.196157056081 0.0146317741512
    endloop
  endfacet
  facet normal -0.0170619841038 0.574244106607 0.818506319295
    outer loop
      vertex -0.258819045103 0.178479820167 0.0277232857961
      vertex -0.258819045103 0.16062759446 0.0402479727293
      vertex 0 0.166293922461 0.0416677674765
    endloop
  endfacet
  facet normal -0.0170619841038 0.574244106607 0.818506319295
    outer loop
      vertex -0.258819045103 0.178479820167 0.0277232857961
      vertex 0 0.166293922461 0.0416677674765
      vertex 0 0.184775906502 0.0287012574274
    endloop
  endfacet
  facet normal -0.014086931804 0.415565014996 0.909454384048
    outer loop
      vertex -0.258819045103 0.16062759446 0.0402479727293
      vertex -0.258819045103 0.136602540378 0.0512259526419
      vertex 0 0.141421356237 0.053033008589
    endloop
  endfacet
  facet normal -0.014086931804 0.415565014996 0.909454384048
    outer loop
      vertex -0.258819045103 0.16062759446 0.0402479727293
      vertex 0 0.141421356237 0.053033008589
      vertex 0 0.166293922461 0.0416677674765
    endloop
  endfacet
  facet normal -0.0121486085975 0.294118482544 0.955691754456
    outer loop
      vertex -0.258819045103 0.136602540378 0.0512259526419
      vertex -0.258819045103 0.107327927278 0.0602353479223
      vertex 0 0.111114046604 0.0623602209227
    endloop
  endfacet
  facet normal -0.0121486085975 0.294118482544 0.955691754456
    outer loop
      vertex -0.258819045103 0.136602540378 0.0512259526419
      vertex 0 0.111114046604 0.0623602209227
      vertex 0 0.141421356237 0.053033008589
    endloop
  endfacet
  facet normal -0.0109240767776 0.196520796332 0.980438800311
    outer loop
      vertex -0.258819045103 0.107327927278 0.0602353479223
      vertex -0.258819045103 0.0739287621229 0.0669299325624
      vertex 0 0.076536686473 0.0692909649383
    endloop
  endfacet
  facet normal -0.0109240767776 0.196520796332 0.980438800311
    outer loop
      vertex -0.258819045103 0.107327927278 0.0602353479223
      vertex 0 0.076536686473 0.0692909649383
      vertex 0 0.111114046604 0.0623602209227
    endloop
  endfacet
  facet normal -0.0102022203773 0.113020184561 0.993540312509
    outer loop
      vertex -0.258819045103 0.0739287621229 0.0669299325624
      vertex -0.258819045103 0.0376885560989 0.0710524374289
      vertex 0 0.0390180644032 0.0735588960302
    endloop
  endfacet
  facet normal -0.0102022203773 0.113020184561 0.993540312509
    outer loop
      vertex -0.258819045103 0.0739287621229 0.0669299325624
      vertex 0 0.0390180644032 0.0735588960302
      vertex 0 0.076536686473 0.0692909649383
    endloop
  endfacet
  facet normal -0.00986672917169 0.0369073135897 0.999269982467
    outer loop
      vertex -0.258819045103 0.0376885560989 0.0710524374289
      vertex -0.258819045103 1.18291797138e-17 0.0724444369717
      vertex 0 1.22464679915e-17 0.075
    endloop
  endfacet
  facet normal -0.00986672917169 0.0369073135897 0.999269982467
    outer loop
      vertex -0.258819045103 0.0376885560989 0.0710524374289
      vertex 0 1.22464679915e-17 0.075
      vertex 0 0.0390180644032 0.0735588960302
    endloop
  endfacet
  facet normal -0.00986672917169 -0.0369073135897 0.999269982467
    outer loop
      vertex -0.258819045103 1.18291797138e-17 0.0724444369717
      vertex -0.258819045103 -0.0376885560989 0.0710524374289
      vertex 0 -0.0390180644032 0.0735588960302
    endloop
  endfacet
  facet normal -0.00986672917169 -0.0369073135897 0.999269982467
    outer loop
      vertex -0.258819045103 1.18291797138e-17 0.0724444369717
      vertex 0 -0.0390180644032 0.0735588960302
      vertex 0 1.22464679915e-17 0.075
    endloop
  endfacet
  facet normal -0.0102022203773 -0.113020184561 0.993540312509
    outer loop
      vertex -0.258819045103 -0.0376885560989 0.0710524374289
      vertex -0.258819045103 -0.0739287621229 0.0669299325624
      vertex 0 -0.076536686473 0.0692909649383
    endloop
  endfacet
  facet normal -0.0102022203773 -0.113020184561 0.993540312509
    outer loop
      vertex -0.258819045103 -0.0376885560989 0.0710524374289
      vertex 0 -0.076536686473 0.0692909649383
      vertex 0 -0.0390180644032 0.0735588960302
    endloop
  endfacet
  facet normal -0.0109240767776 -0.196520796332 0.980438800311
    outer loop
      vertex -0.258819045103 -0.0739287621229 0.0669299325624
      vertex -0.258819045103 -0.107327927278 0.0602353479223
      vertex 0 -0.111114046604 0.0623602209227
    endloop
  endfacet
  facet normal -0.0109240767776 -0.196520796332 0.980438800311
    outer loop
      vertex -0.258819045103 -0.0739287621229 0.0669299325624
      vertex 0 -0.111114046604 0.0623602209227
      vertex 0 -0.076536686473 0.0692909649383
    endloop
  endfacet
  facet normal -0.0121486085975 -0.294118482544 0.955691754456
    outer loop
      vertex -0.258819045103 -0.107327927278 0.0602353479223
      vertex -0.258819045103 -0.136602540378 0.0512259526419
      vertex 0 -0.141421356237 0.053033008589
    endloop
  endfacet
  facet normal -0.0121486085975 -0.294118482544 0.955691754456
    outer loop
      vertex -0.258819045103 -0.107327927278 0.0602353479223
      vertex 0 -0.141421356237 0.053033008589
      vertex 0 -0.111114046604 0.0623602209227
    endloop
  endfacet
  facet normal -0.014086931804 -0.415565014996 0.909454384048
    outer loop
      vertex -0.258819045103 -0.136602540378 0.0512259526419
      vertex -0.258819045103 -0.16062759446 0.0402479727293
      vertex 0 -0.166293922461 0.0416677674765
    endloop
  endfacet
  facet normal -0.014086931804 -0.415565014996 0.909454384048
    outer loop
      vertex -0.258819045103 -0.136602540378 0.0512259526419
      vertex 0 -0.166293922461 0.0416677674765
      vertex 0 -0.141421356237 0.053033008589
    endloop
  endfacet
  facet normal -0.0170619841038 -0.574244106607 0.818506319295
    outer loop
      vertex -0.258819045103 -0.16062759446 0.0402479727293
      vertex -0.258819045103 -0.178479820167 0.0277232857961
      vertex 0 -0.184775906502 0.0287012574274
    endloop
  endfacet
  facet normal -0.0170619841038 -0.574244106607 0.818506319295
    outer loop
      vertex -0.258819045103 -0.16062759446 0.0402479727293
      vertex 0 -0.184775906502 0.0287012574274
      vertex 0 -0.166293922461 0.0416677674765
    endloop
  endfacet
  facet normal -0.0212845604363 -0.777296560656 0.628774223612
    outer loop
      vertex -0.258819045103 -0.178479820167 0.0277232857961
      vertex -0.258819045103 -0.189473166477 0.0141332085371
      vertex 0 -0.196157056081 0.0146317741512
    endloop
  endfacet
  facet normal -0.0212845604363 -0.777296560656 0.628774223612
    outer loop
      vertex -0.258819045103 -0.178479820167 0.0277232857961
      vertex 0 -0.196157056081 0.0146317741512
      vertex 0 -0.184775906502 0.0287012574274
    endloop
  endfacet
  facet normal -0.0254585209525 -0.966883326142 0.253945855132
    outer loop
      vertex -0.258819045103 -0.189473166477 0.0141332085371
      vertex -0.258819045103 -0.193185165258 8.87188478534e-18
      vertex 0 -0.2 9.18485099361e-18
    endloop
  endfacet
  facet normal -0.0254585209525 -0.966883326142 0.253945855132
    outer loop
      vertex -0.258819045103 -0.189473166477 0.0141332085371
      vertex 0 -0.2 9.18485099361e-18
      vertex 0 -0.196157056081 0.0146317741512
    endloop
  endfacet
  facet normal -0.0254585209525 -0.966883326142 -0.253945855132
    outer loop
      vertex -0.258819045103 -0.193185165258 8.87188478534e-18
      vertex -0.258819045103 -0.189473166477 -0.0141332085371
      vertex 0 -0.196157056081 -0.0146317741512
    endloop
  endfacet
  facet normal -0.0254585209525 -0.966883326142 -0.253945855132
    outer loop
      vertex -0.258819045103 -0.193185165258 8.87188478534e-18
      vertex 0 -0.196157056081 -0.0146317741512
      vertex 0 -0.2 9.18485099361e-18
    endloop
  endfacet
  facet normal -0.0212845604363 -0.777296560656 -0.628774223612
    outer loop
      vertex -0.258819045103 -0.189473166477 -0.0141332085371
      vertex -0.258819045103 -0.178479820167 -0.0277232857961
      vertex 0 -0.184775906502 -0.0287012574274
    endloop
  endfacet
  facet normal -0.0212845604363 -0.777296560656 -0.628774223612
    outer loop
      vertex -0.258819045103 -0.189473166477 -0.0141332085371
      vertex 0 -0.184775906502 -0.0287012574274
      vertex 0 -0.196157056081 -0.0146317741512
    endloop
  endfacet
  facet normal -0.0170619841038 -0.574244106607 -0.818506319295
    outer loop
      vertex -0.258819045103 -0.178479820167 -0.0277232857961
      vertex -0.258819045103 -0.16062759446 -0.0402479727293
      vertex 0 -0.166293922461 -0.0416677674765
    endloop
  endfacet
  facet normal -0.0170619841038 -0.574244106607 -0.818506319295
    outer loop
      vertex -0.258819045103 -0.178479820167 -0.0277232857961
      vertex 0 -0.166293922461 -0.0416677674765
      vertex 0 -0.184775906502 -0.0287012574274
    endloop
  endfacet
  facet normal -0.014086931804 -0.415565014996 -0.909454384048
    outer loop
      vertex -0.258819045103 -0.16062759446 -0.0402479727293
      vertex -0.258819045103 -0.136602540378 -0.0512259526419
      vertex 0 -0.141421356237 -0.053033008589
    endloop
  endfacet
  facet normal -0.014086931804 -0.415565014996 -0.909454384048
    outer loop
      vertex -0.258819045103 -0.16062759446 -0.0402479727293
      vertex 0 -0.141421356237 -0.053033008589
      vertex 0 -0.166293922461 -0.0416677674765
    endloop
  endfacet
  facet normal -0.0121486085975 -0.294118482544 -0.955691754456
    outer loop
      vertex -0.258819045103 -0.136602540378 -0.0512259526419
      vertex -0.258819045103 -0.107327927278 -0.0602353479223
      vertex 0 -0.111114046604 -0.0623602209227
    endloop
  endfacet
  facet normal -0.0121486085975 -0.294118482544 -0.955691754456
    outer loop
      vertex -0.258819045103 -0.136602540378 -0.0512259526419
      vertex 0 -0.111114046604 -0.0623602209227
      vertex 0 -0.141421356237 -0.053033008589
    endloop
  endfacet
  facet normal -0.0109240767776 -0.196520796332 -0.980438800311
    outer loop
      vertex -0.258819045103 -0.107327927278 -0.0602353479223
      vertex -0.258819045103 -0.0739287621229 -0.0669299325624
      vertex 0 -0.076536686473 -0.0692909649383
    endloop
  endfacet
  facet normal -0.0109240767776 -0.196520796332 -0.980438800311
    outer loop
      vertex -0.258819045103 -0.107327927278 -0.0602353479223
      vertex 0 -0.076536686473 -0.0692909649383
      vertex 0 -0.111114046604 -0.0623602209227
    endloop
  endfacet
  facet normal -0.0102022203773 -0.113020184561 -0.993540312509
    outer loop
      vertex -0.258819045103 -0.0739287621229 -0.0669299325624
      vertex -0.258819045103 -0.0376885560989 -0.0710524374289
      vertex 0 -0.0390180644032 -0.0735588960302
    endloop
  endfacet
  facet normal -0.0102022203773 -0.113020184561 -0.993540312509
    outer loop
      vertex -0.258819045103 -0.0739287621229 -0.0669299325624
      vertex 0 -0.0390180644032 -0.0735588960302
      vertex 0 -0.076536686473 -0.0692909649383
    endloop
  endfacet
  facet normal -0.00986672917169 -0.0369073135897 -0.999269982467
    outer loop
      vertex -0.258819045103 -0.0376885560989 -0.0710524374289
      vertex -0.258819045103 -3.54875391414e-17 -0.0724444369717
      vertex 0 -3.67394039744e-17 -0.075
    endloop
  endfacet
  facet normal -0.00986672917169 -0.0369073135897 -0.999269982467
    outer loop
      vertex -0.258819045103 -0.0376885560989 -0.0710524374289
      vertex 0 -3.67394039744e-17 -0.075
      vertex 0 -0.0390180644032 -0.0735588960302
    endloop
  endfacet
  facet normal -0.00986672917169 0.0369073135897 -0.999269982467
    outer loop
      vertex -0.258819045103 -3.54875391414e-17 -0.0724444369717
      vertex -0.258819045103 0.0376885560989 -0.0710524374289
      vertex 0 0.0390180644032 -0.0735588960302
    endloop
  endfacet
  facet normal -0.00986672917169 0.0369073135897 -0.999269982467
    outer loop
      vertex -0.258819045103 -3.54875391414e-17 -0.0724444369717
      vertex 0 0.0390180644032 -0.0735588960302
      vertex 0 -3.67394039744e-17 -0.075
    endloop
  endfacet
  facet normal -0.0102022203773 0.113020184561 -0.993540312509
    outer loop
      vertex -0.258819045103 0.0376885560989 -0.0710524374289
      vertex -0.258819045103 0.0739287621229 -0.0669299325624
      vertex 0 0.076536686473 -0.0692909649383
    endloop
  endfacet
  facet normal -0.0102022203773 0.113020184561 -0.993540312509
    outer loop
      vertex -0.258819045103 0.0376885560989 -0.0710524374289
      vertex 0 0.076536686473 -0.0692909649383
      vertex 0 0.0390180644032 -0.0735588960302
    endloop
  endfacet
  facet normal -0.0109240767776 0.196520796332 -0.980438800311
    outer loop
      vertex -0.258819045103 0.0739287621229 -0.0669299325624
      vertex -0.258819045103 0.107327927278 -0.0602353479223
      vertex 0 0.111114046604 -0.0623602209227
    endloop
  endfacet
  facet normal -0.0109240767776 0.196520796332 -0.980438800311
    outer loop
      vertex -0.258819045103 0.0739287621229 -0.0669299325624
      vertex 0 0.111114046604 -0.0623602209227
      vertex 0 0.076536686473 -0.0692909649383
    endloop
  endfacet
  facet normal -0.0121486085975 0.294118482544 -0.955691754456
    outer loop
      vertex -0.258819045103 0.107327927278 -0.0602353479223
      vertex -0.258819045103 0.136602540378 -0.0512259526419
      vertex 0 0.141421356237 -0.053033008589
    endloop
  endfacet
  facet normal -0.0121486085975 0.294118482544 -0.955691754456
    outer loop
      vertex -0.258819045103 0.107327927278 -0.0602353479223
      vertex 0 0.141421356237 -0.053033008589
      vertex 0 0.111114046604 -0.0623602209227
    endloop
  endfacet
  facet normal -0.014086931804 0.415565014996 -0.909454384048
    outer loop
      vertex -0.258819045103 0.136602540378 -0.0512259526419
      vertex -0.258819045103 0.16062759446 -0.0402479727293
      vertex 0 0.166293922461 -0.0416677674765
    endloop
  endfacet
  facet normal -0.014086931804 0.415565014996 -0.909454384048
    outer loop
      vertex -0.258819045103 0.136602540378 -0.0512259526419
      vertex 0 0.166293922461 -0.0416677674765
      vertex 0 0.141421356237 -0.053033008589
    endloop
  endfacet
  facet normal -0.0170619841038 0.574244106607 -0.818506319295
    outer loop
      vertex -0.258819045103 0.16062759446 -0.0402479727293
      vertex -0.258819045103 0.178479820167 -0.0277232857961
      vertex 0 0.184775906502 -0.0287012574274
    endloop
  endfacet
  facet normal -0.0170619841038 0.574244106607 -0.818506319295
    outer loop
      vertex -0.258819045103 0.16062759446 -0.0402479727293
      vertex 0 0.184775906502 -0.0287012574274
      vertex 0 0.166293922461 -0.0416677674765
    endloop
  endfacet
  facet normal -0.0212845604363 0.777296560656 -0.628774223612
    outer loop
      vertex -0.258819045103 0.178479820167 -0.0277232857961
      vertex -0.258819045103 0.189473166477 -0.0141332085371
      vertex 0 0.196157056081 -0.0146317741512
    endloop
  endfacet
  facet normal -0.0212845604363 0.777296560656 -0.628774223612
    outer loop
      vertex -0.258819045103 0.178479820167 -0.0277232857961
      vertex 0 0.196157056081 -0.0146317741512
      vertex 0 0.184775906502 -0.0287012574274
    endloop
  endfacet
  facet normal -0.0254585209525 0.966883326142 -0.253945855132
    outer loop
      vertex -0.258819045103 0.189473166477 -0.0141332085371
      vertex -0.258819045103 0.193185165258 0
      vertex 0 0.2 0
    endloop
  endfacet
  facet normal -0.0254585209525 0.966883326142 -0.253945855132
    outer loop
      vertex -0.258819045103 0.189473166477 -0.0141332085371
      vertex 0 0.2 0
      vertex 0 0.196157056081 -0.0146317741512
    endloop
  endfacet
  facet normal 0.0254585209525 0.966883326142 0.253945855132
    outer loop
      vertex 0 0.2 0
      vertex 0 0.196157056081 0.0146317741512
      vertex 0.258819045103 0.189473166477 0.0141332085371
    endloop
  endfacet
  facet normal 0.0254585209525 0.966883326142 0.253945855132
    outer loop
      vertex 0 0.2 0
      vertex 0.258819045103 0.189473166477 0.0141332085371
      vertex 0.258819045103 0.193185165258 0
    endloop
  endfacet
  facet normal 0.0212845604363 0.777296560656 0.628774223612
    outer loop
      vertex 0 0.196157056081 0.0146317741512
      vertex 0 0.184775906502 0.0287012574274
      vertex 0.258819045103 0.178479820167 0.0277232857961
    endloop
  endfacet
  facet normal 0.0212845604363 0.777296560656 0.628774223612
    outer loop
      vertex 0 0.196157056081 0.0146317741512
      vertex 0.258819045103 0.178479820167 0.0277232857961
      vertex 0.258819045103 0.189473166477 0.0141332085371
    endloop
  endfacet
  facet normal 0.0170619841038 0.574244106607 0.818506319295
    outer loop
      vertex 0 0.184775906502 0.0287012574274
      vertex 0 0.166293922461 0.0416677674765
      vertex 0.258819045103 0.16062759446 0.0402479727293
    endloop
  endfacet
  facet normal 0.0170619841038 0.574244106607 0.818506319295
    outer loop
      vertex 0 0.184775906502 0.0287012574274
      vertex 0.258819045103 0.16062759446 0.0402479727293
      vertex 0.258819045103 0.178479820167 0.0277232857961
    endloop
  endfacet
  facet normal 0.014086931804 0.415565014996 0.909454384048
    outer loop
      vertex 0 0.166293922461 0.0416677674765
      vertex 0 0.141421356237 0.053033008589
      vertex 0.258819045103 0.136602540378 0.0512259526419
    endloop
  endfacet
  facet normal 0.014086931804 0.415565014996 0.909454384048
    outer loop
      vertex 0 0.166293922461 0.0416677674765
      vertex 0.258819045103 0.136602540378 0.0512259526419
      vertex 0.258819045103 0.16062759446 0.0402479727293
    endloop
  endfacet
  facet normal 0.0121486085975 0.294118482544 0.955691754456
    outer loop
      vertex 0 0.141421356237 0.053033008589
      vertex 0 0.111114046604 0.0623602209227
      vertex 0.258819045103 0.107327927278 0.0602353479223
    endloop
  endfacet
  facet normal 0.0121486085975 0.294118482544 0.955691754456
    outer loop
      vertex 0 0.141421356237 0.053033008589
      vertex 0.258819045103 0.107327927278 0.0602353479223
      vertex 0.258819045103 0.136602540378 0.0512259526419
    endloop
  endfacet
  facet normal 0.0109240767776 0.196520796332 0.980438800311
    outer loop
      vertex 0 0.111114046604 0.0623602209227
      vertex 0 0.076536686473 0.0692909649383
      vertex 0.258819045103 0.0739287621229 0.0669299325624
    endloop
  endfacet
  facet normal 0.0109240767776 0.196520796332 0.980438800311
    outer loop
      vertex 0 0.111114046604 0.0623602209227
      vertex 0.258819045103 0.0739287621229 0.0669299325624
      vertex 0.258819045103 0.107327927278 0.0602353479223
    endloop
  endfacet
  facet normal 0.0102022203773 0.113020184561 0.993540312509
    outer loop
      vertex 0 0.076536686473 0.0692909649383
      vertex 0 0.0390180644032 0.0735588960302
      vertex 0.258819045103 0.0376885560989 0.0710524374289
    endloop
  endfacet
  facet normal 0.0102022203773 0.113020184561 0.993540312509
    outer loop
      vertex 0 0.076536686473 0.0692909649383
      vertex 0.258819045103 0.0376885560989 0.0710524374289
      vertex 0.258819045103 0.0739287621229 0.0669299325624
    endloop
  endfacet
  facet normal 0.00986672917169 0.0369073135897 0.999269982467
    outer loop
      vertex 0 0.0390180644032 0.0735588960302
      vertex 0 1.22464679915e-17 0.075
      vertex 0.258819045103 1.18291797138e-17 0.0724444369717
    endloop
  endfacet
  facet normal 0.00986672917169 0.0369073135897 0.999269982467
    outer loop
      vertex 0 0.0390180644032 0.0735588960302
      vertex 0.258819045103 1.18291797138e-17 0.0724444369717
      vertex 0.258819045103 0.0376885560989 0.0710524374289
    endloop
  endfacet
  facet normal 0.00986672917169 -0.0369073135897 0.999269982467
    outer loop
      vertex 0 1.22464679915e-17 0.075
      vertex 0 -0.0390180644032 0.0735588960302
      vertex 0.258819045103 -0.0376885560989 0.0710524374289
    endloop
  endfacet
  facet normal 0.00986672917169 -0.0369073135897 0.999269982467
    outer loop
      vertex 0 1.22464679915e-17 0.075
      vertex 0.258819045103 -0.0376885560989 0.0710524374289
      vertex 0.258819045103 1.18291797138e-17 0.0724444369717
    endloop
  endfacet
  facet normal 0.0102022203773 -0.113020184561 0.993540312509
    outer loop
      vertex 0 -0.0390180644032 0.0735588960302
      vertex 0 -0.076536686473 0.0692909649383
      vertex 0.258819045103 -0.0739287621229 0.0669299325624
    endloop
  endfacet
  facet normal 0.0102022203773 -0.113020184561 0.993540312509
    outer loop
      vertex 0 -0.0390180644032 0.0735588960302
      vertex 0.258819045103 -0.0739287621229 0.0669299325624
      vertex 0.258819045103 -0.0376885560989 0.0710524374289
    endloop
  endfacet
  facet normal 0.0109240767776 -0.196520796332 0.980438800311
    outer loop
      vertex 0 -0.076536686473 0.0692909649383
      vertex 0 -0.111114046604 0.0623602209227
      vertex 0.258819045103 -0.107327927278 0.0602353479223
    endloop
  endfacet
  facet normal 0.0109240767776 -0.196520796332 0.980438800311
    outer loop
      vertex 0 -0.076536686473 0.0692909649383
      vertex 0.258819045103 -0.107327927278 0.0602353479223
      vertex 0.258819045103 -0.0739287621229 0.0669299325624
    endloop
  endfacet
  facet normal 0.0121486085975 -0.294118482544 0.955691754456
    outer loop
      vertex 0 -0.111114046604 0.0623602209227
      vertex 0 -0.141421356237 0.053033008589
      vertex 0.258819045103 -0.136602540378 0.0512259526419
    endloop
  endfacet
  facet normal 0.0121486085975 -0.294118482544 0.955691754456
    outer loop
      vertex 0 -0.111114046604 0.0623602209227
      vertex 0.258819045103 -0.136602540378 0.0512259526419
      vertex 0.258819045103 -0.107327927278 0.0602353479223
    endloop
  endfacet
  facet normal 0.014086931804 -0.415565014996 0.909454384048
    outer loop
      vertex 0 -0.141421356237 0.053033008589
      vertex 0 -0.166293922461 0.0416677674765
      vertex 0.258819045103 -0.16062759446 0.0402479727293
    endloop
  endfacet
  facet normal 0.014086931804 -0.415565014996 0.909454384048
    outer loop
      vertex 0 -0.141421356237 0.053033008589
      vertex 0.258819045103 -0.16062759446 0.0402479727293
      vertex 0.258819045103 -0.136602540378 0.0512259526419
    endloop
  endfacet
  facet normal 0.0170619841038 -0.574244106607 0.818506319295
    outer loop
      vertex 0 -0.166293922461 0.0416677674765
      vertex 0 -0.184775906502 0.0287012574274
      vertex 0.258819045103 -0.178479820167 0.0277232857961
    endloop
  endfacet
  facet normal 0.0170619841038 -0.574244106607 0.818506319295
    outer loop
      vertex 0 -0.166293922461 0.0416677674765
      vertex 0.258819045103 -0.178479820167 0.0277232857961
      vertex 0.258819045103 -0.16062759446 0.0402479727293
    endloop
  endfacet
  facet normal 0.0212845604363 -0.777296560656 0.628774223612
    outer loop
      vertex 0 -0.184775906502 0.0287012574274
      vertex 0 -0.196157056081 0.0146317741512
      vertex 0.258819045103 -0.189473166477 0.0141332085371
    endloop
  endfacet
  facet normal 0.0212845604363 -0.777296560656 0.628774223612
    outer loop
      vertex 0 -0.184775906502 0.0287012574274
      vertex 0.258819045103 -0.189473166477 0.0141332085371
      vertex 0.258819045103 -0.178479820167 0.0277232857961
    endloop
  endfacet
  facet normal 0.0254585209525 -0.966883326142 0.253945855132
    outer loop
      vertex 0 -0.196157056081 0.0146317741512
      vertex 0 -0.2 9.18485099361e-18
      vertex 0.258819045103 -0.193185165258 8.87188478534e-18
    endloop
  endfacet
  facet normal 0.0254585209525 -0.966883326142 0.253945855132
    outer loop
      vertex 0 -0.196157056081 0.0146317741512
      vertex 0.258819045103 -0.193185165258 8.87188478534e-18
      vertex 0.258819045103 -0.189473166477 0.0141332085371
    endloop
  endfacet
  facet normal 0.0254585209525 -0.966883326142 -0.253945855132
    outer loop
      vertex 0 -0.2 9.18485099361e-18
      vertex 0 -0.196157056081 -0.0146317741512
      vertex 0.258819045103 -0.189473166477 -0.0141332085371
    endloop
  endfacet
  facet normal 0.0254585209525 -0.966883326142 -0.253945855132
    outer loop
      vertex 0 -0.2 9.18485099361e-18
      vertex 0.258819045103 -0.189473166477 -0.0141332085371
      vertex 0.258819045103 -0.193185165258 8.87188478534e-18
    endloop
  endfacet
  facet normal 0.0212845604363 -0.777296560656 -0.628774223612
    outer loop
      vertex 0 -0.196157056081 -0.0146317741512
      vertex 0 -0.184775906502 -0.0287012574274
      vertex 0.258819045103 -0.178479820167 -0.0277232857961
    endloop
  endfacet
  facet normal 0.0212845604363 -0.777296560656 -0.628774223612
    outer loop
      vertex 0 -0.196157056081 -0.0146317741512
      vertex 0.258819045103 -0.178479820167 -0.0277232857961
      vertex 0.258819045103 -0.189473166477 -0.0141332085371
    endloop
  endfacet
  facet normal 0.0170619841038 -0.574244106607 -0.818506319295
    outer loop
      vertex 0 -0.184775906502 -0.0287012574274
      vertex 0 -0.166293922461 -0.0416677674765
      vertex 0.258819045103 -0.16062759446 -0.0402479727293
    endloop
  endfacet
  facet normal 0.0170619841038 -0.574244106607 -0.818506319295
    outer loop
      vertex 0 -0.184775906502 -0.0287012574274
      vertex 0.258819045103 -0.16062759446 -0.0402479727293
      vertex 0.258819045103 -0.178479820167 -0.0277232857961
    endloop
  endfacet
  facet normal 0.014086931804 -0.415565014996 -0.909454384048
    outer loop
      vertex 0 -0.166293922461 -0.0416677674765
      vertex 0 -0.141421356237 -0.053033008589
      vertex 0.258819045103 -0.136602540378 -0.0512259526419
    endloop
  endfacet
  facet normal 0.014086931804 -0.415565014996 -0.909454384048
    outer loop
      vertex 0 -0.166293922461 -0.0416677674765
      vertex 0.258819045103 -0.136602540378 -0.0512259526419
      vertex 0.258819045103 -0.16062759446 -0.0402479727293
    endloop
  endfacet
  facet normal 0.0121486085975 -0.294118482544 -0.955691754456
    outer loop
      vertex 0 -0.141421356237 -0.053033008589
      vertex 0 -0.111114046604 -0.0623602209227
      vertex 0.258819045103 -0.107327927278 -0.0602353479223
    endloop
  endfacet
  facet normal 0.0121486085975 -0.294118482544 -0.955691754456
    outer loop
      vertex 0 -0.141421356237 -0.053033008589
      vertex 0.258819045103 -0.107327927278 -0.0602353479223
      vertex 0.258819045103 -0.136602540378 -0.0512259526419
    endloop
  endfacet
  facet normal 0.0109240767776 -0.196520796332 -0.980438800311
    outer loop
      vertex 0 -0.111114046604 -0.0623602209227
      vertex 0 -0.076536686473 -0.0692909649383
      vertex 0.258819045103 -0.0739287621229 -0.0669299325624
    endloop
  endfacet
  facet normal 0.0109240767776 -0.196520796332 -0.980438800311
    outer loop
      vertex 0 -0.111114046604 -0.0623602209227
      vertex 0.258819045103 -0.0739287621229 -0.0669299325624
      vertex 0.258819045103 -0.107327927278 -0.0602353479223
    endloop
  endfacet
  facet normal 0.0102022203773 -0.113020184561 -0.993540312509
    outer loop
      vertex 0 -0.076536686473 -0.0692909649383
      vertex 0 -0.0390180644032 -0.0735588960302
      vertex 0.258819045103 -0.0376885560989 -0.0710524374289
    endloop
  endfacet
  facet normal 0.0102022203773 -0.113020184561 -0.993540312509
    outer loop
      vertex 0 -0.076536686473 -0.0692909649383
      vertex 0.258819045103 -0.0376885560989 -0.0710524374289
      vertex 0.258819045103 -0.0739287621229 -0.0669299325624
    endloop
  endfacet
  facet normal 0.00986672917169 -0.0369073135897 -0.999269982467
    outer loop
      vertex 0 -0.0390180644032 -0.0735588960302
      vertex 0 -3.67394039744e-17 -0.075
      vertex 0.258819045103 -3.54875391414e-17 -0.0724444369717
    endloop
  endfacet
  facet normal 0.00986672917169 -0.0369073135897 -0.999269982467
    outer loop
      vertex 0 -0.0390180644032 -0.0735588960302
      vertex 0.258819045103 -3.54875391414e-17 -0.0724444369717
      vertex 0.258819045103 -0.0376885560989 -0.0710524374289
    endloop
  endfacet
  facet normal 0.00986672917169 0.0369073135897 -0.999269982467
    outer loop
      vertex 0 -3.67394039744e-17 -0.075
      vertex 0 0.0390180644032 -0.0735588960302
      vertex 0.258819045103 0.0376885560989 -0.0710524374289
    endloop
  endfacet
  facet normal 0.00986672917169 0.0369073135897 -0.999269982467
    outer loop
      vertex 0 -3.67394039744e-17 -0.075
      vertex 0.258819045103 0.0376885560989 -0.0710524374289
      vertex 0.258819045103 -3.54875391414e-17 -0.0724444369717
    endloop
  endfacet
  facet normal 0.0102022203773 0.113020184561 -0.993540312509
    outer loop
      vertex 0 0.0390180644032 -0.0735588960302
      vertex 0 0.076536686473 -0.0692909649383
      vertex 0.258819045103 0.0739287621229 -0.0669299325624
    endloop
  endfacet
  facet normal 0.0102022203773 0.113020184561 -0.993540312509
    outer loop
      vertex 0 0.0390180644032 -0.0735588960302
      vertex 0.258819045103 0.0739287621229 -0.0669299325624
      vertex 0.258819045103 0.0376885560989 -0.0710524374289
    endloop
  endfacet
  facet normal 0.0109240767776 0.196520796332 -0.980438800311
    outer loop
      vertex 0 0.076536686473 -0.0692909649383
      vertex 0 0.111114046604 -0.0623602209227
      vertex 0.258819045103 0.107327927278 -0.0602353479223
    endloop
  endfacet
  facet normal 0.0109240767776 0.196520796332 -0.980438800311
    outer loop
      vertex 0 0.076536686473 -0.0692909649383
      vertex 0.258819045103 0.107327927278 -0.0602353479223
      vertex 0.258819045103 0.0739287621229 -0.0669299325624
    endloop
  endfacet
  facet normal 0.0121486085975 0.294118482544 -0.955691754456
    outer loop
      vertex 0 0.111114046604 -0.0623602209227
      vertex 0 0.141421356237 -0.053033008589
      vertex 0.258819045103 0.136602540378 -0.0512259526419
    endloop
  endfacet
  facet normal 0.0121486085975 0.294118482544 -0.955691754456
    outer loop
      vertex 0 0.111114046604 -0.0623602209227
      vertex 0.258819045103 0.136602540378 -0.0512259526419
      vertex 0.258819045103 0.107327927278 -0.0602353479223
    endloop
  endfacet
  facet normal 0.014086931804 0.415565014996 -0.909454384048
    outer loop
      vertex 0 0.141421356237 -0.053033008589
      vertex 0 0.166293922461 -0.0416677674765
      vertex 0.258819045103 0.16062759446 -0.0402479727293
    endloop
  endfacet
  facet normal 0.014086931804 0.415565014996 -0.909454384048
    outer loop
      vertex 0 0.141421356237 -0.053033008589
      vertex 0.258819045103 0.16062759446 -0.0402479727293
      vertex 0.258819045103 0.136602540378 -0.0512259526419
    endloop
  endfacet
  facet normal 0.0170619841038 0.574244106607 -0.818506319295
    outer loop
      vertex 0 0.166293922461 -0.0416677674765
      vertex 0 0.184775906502 -0.0287012574274
      vertex 0.258819045103 0.178479820167 -0.0277232857961
    endloop
  endfacet
  facet normal 0.0170619841038 0.574244106607 -0.818506319295
    outer loop
      vertex 0 0.166293922461 -0.0416677674765
      vertex 0.258819045103 0.178479820167 -0.0277232857961
      vertex 0.258819045103 0.16062759446 -0.0402479727293
    endloop
  endfacet
  facet normal 0.0212845604363 0.777296560656 -0.628774223612
    outer loop
      vertex 0 0.184775906502 -0.0287012574274
      vertex 0 0.196157056081 -0.0146317741512
      vertex 0.258819045103 0.189473166477 -0.0141332085371
    endloop
  endfacet
  facet normal 0.0212845604363 0.777296560656 -0.628774223612
    outer loop
      vertex 0 0.184775906502 -0.0287012574274
      vertex 0.258819045103 0.189473166477 -0.0141332085371
      vertex 0.258819045103 0.178479820167 -0.0277232857961
    endloop
  endfacet
  facet normal 0.0254585209525 0.966883326142 -0.253945855132
    outer loop
      vertex 0 0.196157056081 -0.0146317741512
      vertex 0 0.2 0
      vertex 0.258819045103 0.193185165258 0
    endloop
  endfacet
  facet normal 0.0254585209525 0.966883326142 -0.253945855132
    outer loop
      vertex 0 0.196157056081 -0.0146317741512
      vertex 0.258819045103 0.193185165258 0
      vertex 0.258819045103 0.189473166477 -0.0141332085371
    endloop
  endfacet
  facet normal 0.0798692356022 0.964106959036 0.253216659685
    outer loop
      vertex 0.258819045103 0.193185165258 0
      vertex 0.258819045103 0.189473166477 0.0141332085371
      vertex 0.5 0.169876993697 0.0126714881174
    endloop
  endfacet
  facet normal 0.0798692356022 0.964106959036 0.253216659685
    outer loop
      vertex 0.258819045103 0.193185165258 0
      vertex 0.5 0.169876993697 0.0126714881174
      vertex 0.5 0.173205080757 0
    endloop
  endfacet
  facet normal 0.0668322715826 0.775734436332 0.62751058299
    outer loop
      vertex 0.258819045103 0.189473166477 0.0141332085371
      vertex 0.258819045103 0.178479820167 0.0277232857961
      vertex 0.5 0.160020629038 0.0248560180527
    endloop
  endfacet
  facet normal 0.0668322715826 0.775734436332 0.62751058299
    outer loop
      vertex 0.258819045103 0.189473166477 0.0141332085371
      vertex 0.5 0.160020629038 0.0248560180527
      vertex 0.5 0.169876993697 0.0126714881174
    endloop
  endfacet
  facet normal 0.0536121139862 0.573501732164 0.817448166209
    outer loop
      vertex 0.258819045103 0.178479820167 0.0277232857961
      vertex 0.258819045103 0.16062759446 0.0402479727293
      vertex 0.5 0.144014761346 0.0360853451536
    endloop
  endfacet
  facet normal 0.0536121139862 0.573501732164 0.817448166209
    outer loop
      vertex 0.258819045103 0.178479820167 0.0277232857961
      vertex 0.5 0.144014761346 0.0360853451536
      vertex 0.5 0.160020629038 0.0248560180527
    endloop
  endfacet
  facet normal 0.0442821293339 0.415198571281 0.908652430486
    outer loop
      vertex 0.258819045103 0.16062759446 0.0402479727293
      vertex 0.258819045103 0.136602540378 0.0512259526419
      vertex 0.5 0.122474487139 0.0459279326772
    endloop
  endfacet
  facet normal 0.0442821293339 0.415198571281 0.908652430486
    outer loop
      vertex 0.258819045103 0.16062759446 0.0402479727293
      vertex 0.5 0.122474487139 0.0459279326772
      vertex 0.5 0.144014761346 0.0360853451536
    endloop
  endfacet
  facet normal 0.0381976584185 0.293925526643 0.955064774599
    outer loop
      vertex 0.258819045103 0.136602540378 0.0512259526419
      vertex 0.258819045103 0.107327927278 0.0602353479223
      vertex 0.5 0.0962275870763 0.0540055355047
    endloop
  endfacet
  facet normal 0.0381976584185 0.293925526643 0.955064774599
    outer loop
      vertex 0.258819045103 0.136602540378 0.0512259526419
      vertex 0.5 0.0962275870763 0.0540055355047
      vertex 0.5 0.122474487139 0.0459279326772
    endloop
  endfacet
  facet normal 0.0343517981975 0.196416530388 0.979918619351
    outer loop
      vertex 0.258819045103 0.107327927278 0.0602353479223
      vertex 0.258819045103 0.0739287621229 0.0669299325624
      vertex 0.5 0.0662827148071 0.0600077358893
    endloop
  endfacet
  facet normal 0.0343517981975 0.196416530388 0.979918619351
    outer loop
      vertex 0.258819045103 0.107327927278 0.0602353479223
      vertex 0.5 0.0662827148071 0.0600077358893
      vertex 0.5 0.0962275870763 0.0540055355047
    endloop
  endfacet
  facet normal 0.0320840269442 0.112967878255 0.993080497089
    outer loop
      vertex 0.258819045103 0.0739287621229 0.0669299325624
      vertex 0.258819045103 0.0376885560989 0.0710524374289
      vertex 0.5 0.0337906349797 0.0637038726365
    endloop
  endfacet
  facet normal 0.0320840269442 0.112967878255 0.993080497089
    outer loop
      vertex 0.258819045103 0.0739287621229 0.0669299325624
      vertex 0.5 0.0337906349797 0.0637038726365
      vertex 0.5 0.0662827148071 0.0600077358893
    endloop
  endfacet
  facet normal 0.0310299001828 0.0368913368931 0.998837411472
    outer loop
      vertex 0.258819045103 0.0376885560989 0.0710524374289
      vertex 0.258819045103 1.18291797138e-17 0.0724444369717
      vertex 0.5 1.06057523872e-17 0.0649519052838
    endloop
  endfacet
  facet normal 0.0310299001828 0.0368913368931 0.998837411472
    outer loop
      vertex 0.258819045103 0.0376885560989 0.0710524374289
      vertex 0.5 1.06057523872e-17 0.0649519052838
      vertex 0.5 0.0337906349797 0.0637038726365
    endloop
  endfacet
  facet normal 0.0310299001828 -0.0368913368931 0.998837411472
    outer loop
      vertex 0.258819045103 1.18291797138e-17 0.0724444369717
      vertex 0.258819045103 -0.0376885560989 0.0710524374289
      vertex 0.5 -0.0337906349797 0.0637038726365
    endloop
  endfacet
  facet normal 0.0310299001828 -0.0368913368931 0.998837411472
    outer loop
      vertex 0.258819045103 1.18291797138e-17 0.0724444369717
      vertex 0.5 -0.0337906349797 0.0637038726365
      vertex 0.5 1.06057523872e-17 0.0649519052838
    endloop
  endfacet
  facet normal 0.0320840269442 -0.112967878255 0.993080497089
    outer loop
      vertex 0.258819045103 -0.0376885560989 0.0710524374289
      vertex 0.258819045103 -0.0739287621229 0.0669299325624
      vertex 0.5 -0.0662827148071 0.0600077358893
    endloop
  endfacet
  facet normal 0.0320840269442 -0.112967878255 0.993080497089
    outer loop
      vertex 0.258819045103 -0.0376885560989 0.0710524374289
      vertex 0.5 -0.0662827148071 0.0600077358893
      vertex 0.5 -0.0337906349797 0.0637038726365
    endloop
  endfacet
  facet normal 0.0343517981975 -0.196416530388 0.979918619351
    outer loop
      vertex 0.258819045103 -0.0739287621229 0.0669299325624
      vertex 0.258819045103 -0.107327927278 0.0602353479223
      vertex 0.5 -0.0962275870763 0.0540055355047
    endloop
  endfacet
  facet normal 0.0343517981975 -0.196416530388 0.979918619351
    outer loop
      vertex 0.258819045103 -0.0739287621229 0.0669299325624
      vertex 0.5 -0.0962275870763 0.0540055355047
      vertex 0.5 -0.0662827148071 0.0600077358893
    endloop
  endfacet
  facet normal 0.0381976584185 -0.293925526643 0.955064774599
    outer loop
      vertex 0.258819045103 -0.107327927278 0.0602353479223
      vertex 0.258819045103 -0.136602540378 0.0512259526419
      vertex 0.5 -0.122474487139 0.0459279326772
    endloop
  endfacet
  facet normal 0.0381976584185 -0.293925526643 0.955064774599
    outer loop
      vertex 0.258819045103 -0.107327927278 0.0602353479223
      vertex 0.5 -0.122474487139 0.0459279326772
      vertex 0.5 -0.0962275870763 0.0540055355047
    endloop
  endfacet
  facet normal 0.0442821293339 -0.415198571281 0.908652430486
    outer loop
      vertex 0.258819045103 -0.136602540378 0.0512259526419
      vertex 0.258819045103 -0.16062759446 0.0402479727293
      vertex 0.5 -0.144014761346 0.0360853451536
    endloop
  endfacet
  facet normal 0.0442821293339 -0.415198571281 0.908652430486
    outer loop
      vertex 0.258819045103 -0.136602540378 0.0512259526419
      vertex 0.5 -0.144014761346 0.0360853451536
      vertex 0.5 -0.122474487139 0.0459279326772
    endloop
  endfacet
  facet normal 0.0536121139862 -0.573501732164 0.817448166209
    outer loop
      vertex 0.258819045103 -0.16062759446 0.0402479727293
      vertex 0.258819045103 -0.178479820167 0.0277232857961
      vertex 0.5 -0.160020629038 0.0248560180527
    endloop
  endfacet
  facet normal 0.0536121139862 -0.573501732164 0.817448166209
    outer loop
      vertex 0.258819045103 -0.16062759446 0.0402479727293
      vertex 0.5 -0.160020629038 0.0248560180527
      vertex 0.5 -0.144014761346 0.0360853451536
    endloop
  endfacet
  facet normal 0.0668322715826 -0.775734436332 0.62751058299
    outer loop
      vertex 0.258819045103 -0.178479820167 0.0277232857961
      vertex 0.258819045103 -0.189473166477 0.0141332085371
      vertex 0.5 -0.169876993697 0.0126714881174
    endloop
  endfacet
  facet normal 0.0668322715826 -0.775734436332 0.62751058299
    outer loop
      vertex 0.258819045103 -0.178479820167 0.0277232857961
      vertex 0.5 -0.169876993697 0.0126714881174
      vertex 0.5 -0.160020629038 0.0248560180527
    endloop
  endfacet
  facet normal 0.0798692356022 -0.964106959036 0.253216659685
    outer loop
      vertex 0.258819045103 -0.189473166477 0.0141332085371
      vertex 0.258819045103 -0.193185165258 8.87188478534e-18
      vertex 0.5 -0.173205080757 7.95431429044e-18
    endloop
  endfacet
  facet normal 0.0798692356022 -0.964106959036 0.253216659685
    outer loop
      vertex 0.258819045103 -0.189473166477 0.0141332085371
      vertex 0.5 -0.173205080757 7.95431429044e-18
      vertex 0.5 -0.169876993697 0.0126714881174
    endloop
  endfacet
  facet normal 0.0798692356022 -0.964106959036 -0.253216659685
    outer loop
      vertex 0.258819045103 -0.193185165258 8.87188478534e-18
      vertex 0.258819045103 -0.189473166477 -0.0141332085371
      vertex 0.5 -0.169876993697 -0.0126714881174
    endloop
  endfacet
  facet normal 0.0798692356022 -0.964106959036 -0.253216659685
    outer loop
      vertex 0.258819045103 -0.193185165258 8.87188478534e-18
      vertex 0.5 -0.169876993697 -0.0126714881174
      vertex 0.5 -0.173205080757 7.95431429044e-18
    endloop
  endfacet
  facet normal 0.0668322715826 -0.775734436332 -0.62751058299
    outer loop
      vertex 0.258819045103 -0.189473166477 -0.0141332085371
      vertex 0.258819045103 -0.178479820167 -0.0277232857961
      vertex 0.5 -0.160020629038 -0.0248560180527
    endloop
  endfacet
  facet normal 0.0668322715826 -0.775734436332 -0.62751058299
    outer loop
      vertex 0.258819045103 -0.189473166477 -0.0141332085371
      vertex 0.5 -0.160020629038 -0.0248560180527
      vertex 0.5 -0.169876993697 -0.0126714881174
    endloop
  endfacet
  facet normal 0.0536121139862 -0.573501732164 -0.817448166209
    outer loop
      vertex 0.258819045103 -0.178479820167 -0.0277232857961
      vertex 0.258819045103 -0.16062759446 -0.0402479727293
      vertex 0.5 -0.144014761346 -0.0360853451536
    endloop
  endfacet
  facet normal 0.0536121139862 -0.573501732164 -0.817448166209
    outer loop
      vertex 0.258819045103 -0.178479820167 -0.0277232857961
      vertex 0.5 -0.144014761346 -0.0360853451536
      vertex 0.5 -0.160020629038 -0.0248560180527
    endloop
  endfacet
  facet normal 0.0442821293339 -0.415198571281 -0.908652430486
    outer loop
      vertex 0.258819045103 -0.16062759446 -0.0402479727293
      vertex 0.258819045103 -0.136602540378 -0.0512259526419
      vertex 0.5 -0.122474487139 -0.0459279326772
    endloop
  endfacet
  facet normal 0.0442821293339 -0.415198571281 -0.908652430486
    outer loop
      vertex 0.258819045103 -0.16062759446 -0.0402479727293
      vertex 0.5 -0.122474487139 -0.0459279326772
      vertex 0.5 -0.144014761346 -0.0360853451536
    endloop
  endfacet
  facet normal 0.0381976584185 -0.293925526643 -0.955064774599
    outer loop
      vertex 0.258819045103 -0.136602540378 -0.0512259526419
      vertex 0.258819045103 -0.107327927278 -0.0602353479223
      vertex 0.5 -0.0962275870763 -0.0540055355047
    endloop
  endfacet
  facet normal 0.0381976584185 -0.293925526643 -0.955064774599
    outer loop
      vertex 0.258819045103 -0.136602540378 -0.0512259526419
      vertex 0.5 -0.0962275870763 -0.0540055355047
      vertex 0.5 -0.122474487139 -0.0459279326772
    endloop
  endfacet
  facet normal 0.0343517981975 -0.196416530388 -0.979918619351
    outer loop
      vertex 0.258819045103 -0.107327927278 -0.0602353479223
      vertex 0.258819045103 -0.0739287621229 -0.0669299325624
      vertex 0.5 -0.0662827148071 -0.0600077358893
    endloop
  endfacet
  facet normal 0.0343517981975 -0.196416530388 -0.979918619351
    outer loop
      vertex 0.258819045103 -0.107327927278 -0.0602353479223
      vertex 0.5 -0.0662827148071 -0.0600077358893
      vertex 0.5 -0.0962275870763 -0.0540055355047
    endloop
  endfacet
  facet normal 0.0320840269442 -0.112967878255 -0.993080497089
    outer loop
      vertex 0.258819045103 -0.0739287621229 -0.0669299325624
      vertex 0.258819045103 -0.0376885560989 -0.0710524374289
      vertex 0.5 -0.0337906349797 -0.0637038726365
    endloop
  endfacet
  facet normal 0.0320840269442 -0.112967878255 -0.993080497089
    outer loop
      vertex 0.258819045103 -0.0739287621229 -0.0669299325624
      vertex 0.5 -0.0337906349797 -0.0637038726365
      vertex 0.5 -0.0662827148071 -0.0600077358893
    endloop
  endfacet
  facet normal 0.0310299001828 -0.0368913368931 -0.998837411472
    outer loop
      vertex 0.258819045103 -0.0376885560989 -0.0710524374289
      vertex 0.258819045103 -3.54875391414e-17 -0.0724444369717
      vertex 0.5 -3.18172571617e-17 -0.0649519052838
    endloop
  endfacet
  facet normal 0.0310299001828 -0.0368913368931 -0.998837411472
    outer loop
      vertex 0.258819045103 -0.0376885560989 -0.0710524374289
      vertex 0.5 -3.18172571617e-17 -0.0649519052838
      vertex 0.5 -0.0337906349797 -0.0637038726365
    endloop
  endfacet
  facet normal 0.0310299001828 0.0368913368931 -0.998837411472
    outer loop
      vertex 0.258819045103 -3.54875391414e-17 -0.0724444369717
      vertex 0.258819045103 0.0376885560989 -0.0710524374289
      vertex 0.5 0.0337906349797 -0.0637038726365
    endloop
  endfacet
  facet normal 0.0310299001828 0.0368913368931 -0.998837411472
    outer loop
      vertex 0.258819045103 -3.54875391414e-17 -0.0724444369717
      vertex 0.5 0.0337906349797 -0.0637038726365
      vertex 0.5 -3.18172571617e-17 -0.0649519052838
    endloop
  endfacet
  facet normal 0.0320840269442 0.112967878255 -0.993080497089
    outer loop
      vertex 0.258819045103 0.0376885560989 -0.0710524374289
      vertex 0.258819045103 0.0739287621229 -0.0669299325624
      vertex 0.5 0.0662827148071 -0.0600077358893
    endloop
  endfacet
  facet normal 0.0320840269442 0.112967878255 -0.993080497089
    outer loop
      vertex 0.258819045103 0.0376885560989 -0.0710524374289
      vertex 0.5 0.0662827148071 -0.0600077358893
      vertex 0.5 0.0337906349797 -0.0637038726365
    endloop
  endfacet
  facet normal 0.0343517981975 0.196416530388 -0.979918619351
    outer loop
      vertex 0.258819045103 0.0739287621229 -0.0669299325624
      vertex 0.258819045103 0.107327927278 -0.0602353479223
      vertex 0.5 0.0962275870763 -0.0540055355047
    endloop
  endfacet
  facet normal 0.0343517981975 0.196416530388 -0.979918619351
    outer loop
      vertex 0.258819045103 0.0739287621229 -0.0669299325624
      vertex 0.5 0.0962275870763 -0.0540055355047
      vertex 0.5 0.0662827148071 -0.0600077358893
    endloop
  endfacet
  facet normal 0.0381976584185 0.293925526643 -0.955064774599
    outer loop
      vertex 0.258819045103 0.107327927278 -0.0602353479223
      vertex 0.258819045103 0.136602540378 -0.0512259526419
      vertex 0.5 0.122474487139 -0.0459279326772
    endloop
  endfacet
  facet normal 0.0381976584185 0.293925526643 -0.955064774599
    outer loop
      vertex 0.258819045103 0.107327927278 -0.0602353479223
      vertex 0.5 0.122474487139 -0.0459279326772
      vertex 0.5 0.0962275870763 -0.0540055355047
    endloop
  endfacet
  facet normal 0.0442821293339 0.415198571281 -0.908652430486
    outer loop
      vertex 0.258819045103 0.136602540378 -0.0512259526419
      vertex 0.258819045103 0.16062759446 -0.0402479727293
      vertex 0.5 0.144014761346 -0.0360853451536
    endloop
  endfacet
  facet normal 0.0442821293339 0.415198571281 -0.908652430486
    outer loop
      vertex 0.258819045103 0.136602540378 -0.0512259526419
      vertex 0.5 0.144014761346 -0.0360853451536
      vertex 0.5 0.122474487139 -0.0459279326772
    endloop
  endfacet
  facet normal 0.0536121139862 0.573501732164 -0.817448166209
    outer loop
      vertex 0.258819045103 0.16062759446 -0.0402479727293
      vertex 0.258819045103 0.178479820167 -0.0277232857961
      vertex 0.5 0.160020629038 -0.0248560180527
    endloop
  endfacet
  facet normal 0.0536121139862 0.573501732164 -0.817448166209
    outer loop
      vertex 0.258819045103 0.16062759446 -0.0402479727293
      vertex 0.5 0.160020629038 -0.0248560180527
      vertex 0.5 0.144014761346 -0.0360853451536
    endloop
  endfacet
  facet normal 0.0668322715826 0.775734436332 -0.62751058299
    outer loop
      vertex 0.258819045103 0.178479820167 -0.0277232857961
      vertex 0.258819045103 0.189473166477 -0.0141332085371
      vertex 0.5 0.169876993697 -0.0126714881174
    endloop
  endfacet
  facet normal 0.0668322715826 0.775734436332 -0.62751058299
    outer loop
      vertex 0.258819045103 0.178479820167 -0.0277232857961
      vertex 0.5 0.169876993697 -0.0126714881174
      vertex 0.5 0.160020629038 -0.0248560180527
    endloop
  endfacet
  facet normal 0.0798692356022 0.964106959036 -0.253216659685
    outer loop
      vertex 0.258819045103 0.189473166477 -0.0141332085371
      vertex 0.258819045103 0.193185165258 0
      vertex 0.5 0.173205080757 0
    endloop
  endfacet
  facet normal 0.0798692356022 0.964106959036 -0.253216659685
    outer loop
      vertex 0.258819045103 0.189473166477 -0.0141332085371
      vertex 0.5 0.173205080757 0
      vertex 0.5 0.169876993697 -0.0126714881174
    endloop
  endfacet
  facet normal 0.146822669058 0.956715138123 0.251275244178
    outer loop
      vertex 0.5 0.173205080757 0
      vertex 0.5 0.169876993697 0.0126714881174
      vertex 0.707106781187 0.138703984532 0.0103462267231
    endloop
  endfacet
  facet normal 0.146822669058 0.956715138123 0.251275244178
    outer loop
      vertex 0.5 0.173205080757 0
      vertex 0.707106781187 0.138703984532 0.0103462267231
      vertex 0.707106781187 0.141421356237 0
    endloop
  endfacet
  facet normal 0.123139268686 0.771555656866 0.624130265943
    outer loop
      vertex 0.5 0.169876993697 0.0126714881174
      vertex 0.5 0.160020629038 0.0248560180527
      vertex 0.707106781187 0.130656296488 0.0202948537555
    endloop
  endfacet
  facet normal 0.123139268686 0.771555656866 0.624130265943
    outer loop
      vertex 0.5 0.169876993697 0.0126714881174
      vertex 0.707106781187 0.130656296488 0.0202948537555
      vertex 0.707106781187 0.138703984532 0.0103462267231
    endloop
  endfacet
  facet normal 0.0989706997015 0.571507960125 0.814606317257
    outer loop
      vertex 0.5 0.160020629038 0.0248560180527
      vertex 0.5 0.144014761346 0.0360853451536
      vertex 0.707106781187 0.117587560242 0.0294635609395
    endloop
  endfacet
  facet normal 0.0989706997015 0.571507960125 0.814606317257
    outer loop
      vertex 0.5 0.160020629038 0.0248560180527
      vertex 0.707106781187 0.117587560242 0.0294635609395
      vertex 0.707106781187 0.130656296488 0.0202948537555
    endloop
  endfacet
  facet normal 0.081837371881 0.414212184369 0.906493745639
    outer loop
      vertex 0.5 0.144014761346 0.0360853451536
      vertex 0.5 0.122474487139 0.0459279326772
      vertex 0.707106781187 0.1 0.0375
    endloop
  endfacet
  facet normal 0.081837371881 0.414212184369 0.906493745639
    outer loop
      vertex 0.5 0.144014761346 0.0360853451536
      vertex 0.707106781187 0.1 0.0375
      vertex 0.707106781187 0.117587560242 0.0294635609395
    endloop
  endfacet
  facet normal 0.0706356290526 0.293405481279 0.953374968973
    outer loop
      vertex 0.5 0.122474487139 0.0459279326772
      vertex 0.5 0.0962275870763 0.0540055355047
      vertex 0.707106781187 0.0785694958387 0.0440953350907
    endloop
  endfacet
  facet normal 0.0706356290526 0.293405481279 0.953374968973
    outer loop
      vertex 0.5 0.122474487139 0.0459279326772
      vertex 0.707106781187 0.0785694958387 0.0440953350907
      vertex 0.707106781187 0.1 0.0375
    endloop
  endfacet
  facet normal 0.0635452968298 0.196135322319 0.978515677232
    outer loop
      vertex 0.5 0.0962275870763 0.0540055355047
      vertex 0.5 0.0662827148071 0.0600077358893
      vertex 0.707106781187 0.0541196100146 0.0489961111829
    endloop
  endfacet
  facet normal 0.0635452968298 0.196135322319 0.978515677232
    outer loop
      vertex 0.5 0.0962275870763 0.0540055355047
      vertex 0.707106781187 0.0541196100146 0.0489961111829
      vertex 0.707106781187 0.0785694958387 0.0440953350907
    endloop
  endfacet
  facet normal 0.0593611289116 0.112826753712 0.991839896365
    outer loop
      vertex 0.5 0.0662827148071 0.0600077358893
      vertex 0.5 0.0337906349797 0.0637038726365
      vertex 0.707106781187 0.0275899379283 0.0520139941996
    endloop
  endfacet
  facet normal 0.0593611289116 0.112826753712 0.991839896365
    outer loop
      vertex 0.5 0.0662827148071 0.0600077358893
      vertex 0.707106781187 0.0275899379283 0.0520139941996
      vertex 0.707106781187 0.0541196100146 0.0489961111829
    endloop
  endfacet
  facet normal 0.057415440821 0.0368482239607 0.997670123611
    outer loop
      vertex 0.5 0.0337906349797 0.0637038726365
      vertex 0.5 1.06057523872e-17 0.0649519052838
      vertex 0.707106781187 8.65956056235e-18 0.053033008589
    endloop
  endfacet
  facet normal 0.057415440821 0.0368482239607 0.997670123611
    outer loop
      vertex 0.5 0.0337906349797 0.0637038726365
      vertex 0.707106781187 8.65956056235e-18 0.053033008589
      vertex 0.707106781187 0.0275899379283 0.0520139941996
    endloop
  endfacet
  facet normal 0.057415440821 -0.0368482239607 0.997670123611
    outer loop
      vertex 0.5 1.06057523872e-17 0.0649519052838
      vertex 0.5 -0.0337906349797 0.0637038726365
      vertex 0.707106781187 -0.0275899379283 0.0520139941996
    endloop
  endfacet
  facet normal 0.057415440821 -0.0368482239607 0.997670123611
    outer loop
      vertex 0.5 1.06057523872e-17 0.0649519052838
      vertex 0.707106781187 -0.0275899379283 0.0520139941996
      vertex 0.707106781187 8.65956056235e-18 0.053033008589
    endloop
  endfacet
  facet normal 0.0593611289116 -0.112826753712 0.991839896365
    outer loop
      vertex 0.5 -0.0337906349797 0.0637038726365
      vertex 0.5 -0.0662827148071 0.0600077358893
      vertex 0.707106781187 -0.0541196100146 0.0489961111829
    endloop
  endfacet
  facet normal 0.0593611289116 -0.112826753712 0.991839896365
    outer loop
      vertex 0.5 -0.0337906349797 0.0637038726365
      vertex 0.707106781187 -0.0541196100146 0.0489961111829
      vertex 0.707106781187 -0.0275899379283 0.0520139941996
    endloop
  endfacet
  facet normal 0.0635452968298 -0.196135322319 0.978515677232
    outer loop
      vertex 0.5 -0.0662827148071 0.0600077358893
      vertex 0.5 -0.0962275870763 0.0540055355047
      vertex 0.707106781187 -0.0785694958387 0.0440953350907
    endloop
  endfacet
  facet normal 0.0635452968298 -0.196135322319 0.978515677232
    outer loop
      vertex 0.5 -0.0662827148071 0.0600077358893
      vertex 0.707106781187 -0.0785694958387 0.0440953350907
      vertex 0.707106781187 -0.0541196100146 0.0489961111829
    endloop
  endfacet
  facet normal 0.0706356290526 -0.293405481279 0.953374968973
    outer loop
      vertex 0.5 -0.0962275870763 0.0540055355047
      vertex 0.5 -0.122474487139 0.0459279326772
      vertex 0.707106781187 -0.1 0.0375
    endloop
  endfacet
  facet normal 0.0706356290526 -0.293405481279 0.953374968973
    outer loop
      vertex 0.5 -0.0962275870763 0.0540055355047
      vertex 0.707106781187 -0.1 0.0375
      vertex 0.707106781187 -0.0785694958387 0.0440953350907
    endloop
  endfacet
  facet normal 0.081837371881 -0.414212184369 0.906493745639
    outer loop
      vertex 0.5 -0.122474487139 0.0459279326772
      vertex 0.5 -0.144014761346 0.0360853451536
      vertex 0.707106781187 -0.117587560242 0.0294635609395
    endloop
  endfacet
  facet normal 0.081837371881 -0.414212184369 0.906493745639
    outer loop
      vertex 0.5 -0.122474487139 0.0459279326772
      vertex 0.707106781187 -0.117587560242 0.0294635609395
      vertex 0.707106781187 -0.1 0.0375
    endloop
  endfacet
  facet normal 0.0989706997015 -0.571507960125 0.814606317257
    outer loop
      vertex 0.5 -0.144014761346 0.0360853451536
      vertex 0.5 -0.160020629038 0.0248560180527
      vertex 0.707106781187 -0.130656296488 0.0202948537555
    endloop
  endfacet
  facet normal 0.0989706997015 -0.571507960125 0.814606317257
    outer loop
      vertex 0.5 -0.144014761346 0.0360853451536
      vertex 0.707106781187 -0.130656296488 0.0202948537555
      vertex 0.707106781187 -0.117587560242 0.0294635609395
    endloop
  endfacet
  facet normal 0.123139268686 -0.771555656866 0.624130265943
    outer loop
      vertex 0.5 -0.160020629038 0.0248560180527
      vertex 0.5 -0.169876993697 0.0126714881174
      vertex 0.707106781187 -0.138703984532 0.0103462267231
    endloop
  endfacet
  facet normal 0.123139268686 -0.771555656866 0.624130265943
    outer loop
      vertex 0.5 -0.160020629038 0.0248560180527
      vertex 0.707106781187 -0.138703984532 0.0103462267231
      vertex 0.707106781187 -0.130656296488 0.0202948537555
    endloop
  endfacet
  facet normal 0.146822669058 -0.956715138123 0.251275244178
    outer loop
      vertex 0.5 -0.169876993697 0.0126714881174
      vertex 0.5 -0.173205080757 7.95431429044e-18
      vertex 0.707106781187 -0.141421356237 6.49467042177e-18
    endloop
  endfacet
  facet normal 0.146822669058 -0.956715138123 0.251275244178
    outer loop
      vertex 0.5 -0.169876993697 0.0126714881174
      vertex 0.707106781187 -0.141421356237 6.49467042177e-18
      vertex 0.707106781187 -0.138703984532 0.0103462267231
    endloop
  endfacet
  facet normal 0.146822669058 -0.956715138123 -0.251275244178
    outer loop
      vertex 0.5 -0.173205080757 7.95431429044e-18
      vertex 0.5 -0.169876993697 -0.0126714881174
      vertex 0.707106781187 -0.138703984532 -0.0103462267231
    endloop
  endfacet
  facet normal 0.146822669058 -0.956715138123 -0.251275244178
    outer loop
      vertex 0.5 -0.173205080757 7.95431429044e-18
      vertex 0.707106781187 -0.138703984532 -0.0103462267231
      vertex 0.707106781187 -0.141421356237 6.49467042177e-18
    endloop
  endfacet
  facet normal 0.123139268686 -0.771555656866 -0.624130265943
    outer loop
      vertex 0.5 -0.169876993697 -0.0126714881174
      vertex 0.5 -0.160020629038 -0.0248560180527
      vertex 0.707106781187 -0.130656296488 -0.0202948537555
    endloop
  endfacet
  facet normal 0.123139268686 -0.771555656866 -0.624130265943
    outer loop
      vertex 0.5 -0.169876993697 -0.0126714881174
      vertex 0.707106781187 -0.130656296488 -0.0202948537555
      vertex 0.707106781187 -0.138703984532 -0.0103462267231
    endloop
  endfacet
  facet normal 0.0989706997015 -0.571507960125 -0.814606317257
    outer loop
      vertex 0.5 -0.160020629038 -0.0248560180527
      vertex 0.5 -0.144014761346 -0.0360853451536
      vertex 0.707106781187 -0.117587560242 -0.0294635609395
    endloop
  endfacet
  facet normal 0.0989706997015 -0.571507960125 -0.814606317257
    outer loop
      vertex 0.5 -0.160020629038 -0.0248560180527
      vertex 0.707106781187 -0.117587560242 -0.0294635609395
      vertex 0.707106781187 -0.130656296488 -0.0202948537555
    endloop
  endfacet
  facet normal 0.081837371881 -0.414212184369 -0.906493745639
    outer loop
      vertex 0.5 -0.144014761346 -0.0360853451536
      vertex 0.5 -0.122474487139 -0.0459279326772
      vertex 0.707106781187 -0.1 -0.0375
    endloop
  endfacet
  facet normal 0.081837371881 -0.414212184369 -0.906493745639
    outer loop
      vertex 0.5 -0.144014761346 -0.0360853451536
      vertex 0.707106781187 -0.1 -0.0375
      vertex 0.707106781187 -0.117587560242 -0.0294635609395
    endloop
  endfacet
  facet normal 0.0706356290526 -0.293405481279 -0.953374968973
    outer loop
      vertex 0.5 -0.122474487139 -0.0459279326772
      vertex 0.5 -0.0962275870763 -0.0540055355047
      vertex 0.707106781187 -0.0785694958387 -0.0440953350907
    endloop
  endfacet
  facet normal 0.0706356290526 -0.293405481279 -0.953374968973
    outer loop
      vertex 0.5 -0.122474487139 -0.0459279326772
      vertex 0.707106781187 -0.0785694958387 -0.0440953350907
      vertex 0.707106781187 -0.1 -0.0375
    endloop
  endfacet
  facet normal 0.0635452968298 -0.196135322319 -0.978515677232
    outer loop
      vertex 0.5 -0.0962275870763 -0.0540055355047
      vertex 0.5 -0.0662827148071 -0.0600077358893
      vertex 0.707106781187 -0.0541196100146 -0.0489961111829
    endloop
  endfacet
  facet normal 0.0635452968298 -0.196135322319 -0.978515677232
    outer loop
      vertex 0.5 -0.0962275870763 -0.0540055355047
      vertex 0.707106781187 -0.0541196100146 -0.0489961111829
      vertex 0.707106781187 -0.0785694958387 -0.0440953350907
    endloop
  endfacet
  facet normal 0.0593611289116 -0.112826753712 -0.991839896365
    outer loop
      vertex 0.5 -0.0662827148071 -0.0600077358893
      vertex 0.5 -0.0337906349797 -0.0637038726365
      vertex 0.707106781187 -0.0275899379283 -0.0520139941996
    endloop
  endfacet
  facet normal 0.0593611289116 -0.112826753712 -0.991839896365
    outer loop
      vertex 0.5 -0.0662827148071 -0.0600077358893
      vertex 0.707106781187 -0.0275899379283 -0.0520139941996
      vertex 0.707106781187 -0.0541196100146 -0.0489961111829
    endloop
  endfacet
  facet normal 0.057415440821 -0.0368482239607 -0.997670123611
    outer loop
      vertex 0.5 -0.0337906349797 -0.0637038726365
      vertex 0.5 -3.18172571617e-17 -0.0649519052838
      vertex 0.707106781187 -2.59786816871e-17 -0.053033008589
    endloop
  endfacet
  facet normal 0.057415440821 -0.0368482239607 -0.997670123611
    outer loop
      vertex 0.5 -0.0337906349797 -0.0637038726365
      vertex 0.707106781187 -2.59786816871e-17 -0.053033008589
      vertex 0.707106781187 -0.0275899379283 -0.0520139941996
    endloop
  endfacet
  facet normal 0.057415440821 0.0368482239607 -0.997670123611
    outer loop
      vertex 0.5 -3.18172571617e-17 -0.0649519052838
      vertex 0.5 0.0337906349797 -0.0637038726365
      vertex 0.707106781187 0.0275899379283 -0.0520139941996
    endloop
  endfacet
  facet normal 0.057415440821 0.0368482239607 -0.997670123611
    outer loop
      vertex 0.5 -3.18172571617e-17 -0.0649519052838
      vertex 0.707106781187 0.0275899379283 -0.0520139941996
      vertex 0.707106781187 -2.59786816871e-17 -0.053033008589
    endloop
  endfacet
  facet normal 0.0593611289116 0.112826753712 -0.991839896365
    outer loop
      vertex 0.5 0.0337906349797 -0.0637038726365
      vertex 0.5 0.0662827148071 -0.0600077358893
      vertex 0.707106781187 0.0541196100146 -0.0489961111829
    endloop
  endfacet
  facet normal 0.0593611289116 0.112826753712 -0.991839896365
    outer loop
      vertex 0.5 0.0337906349797 -0.0637038726365
      vertex 0.707106781187 0.0541196100146 -0.0489961111829
      vertex 0.707106781187 0.0275899379283 -0.0520139941996
    endloop
  endfacet
  facet normal 0.0635452968298 0.196135322319 -0.978515677232
    outer loop
      vertex 0.5 0.0662827148071 -0.0600077358893
      vertex 0.5 0.0962275870763 -0.0540055355047
      vertex 0.707106781187 0.0785694958387 -0.0440953350907
    endloop
  endfacet
  facet normal 0.0635452968298 0.196135322319 -0.978515677232
    outer loop
      vertex 0.5 0.0662827148071 -0.0600077358893
      vertex 0.707106781187 0.0785694958387 -0.0440953350907
      vertex 0.707106781187 0.0541196100146 -0.0489961111829
    endloop
  endfacet
  facet normal 0.0706356290526 0.293405481279 -0.953374968973
    outer loop
      vertex 0.5 0.0962275870763 -0.0540055355047
      vertex 0.5 0.122474487139 -0.0459279326772
      vertex 0.707106781187 0.1 -0.0375
    endloop
  endfacet
  facet normal 0.0706356290526 0.293405481279 -0.953374968973
    outer loop
      vertex 0.5 0.0962275870763 -0.0540055355047
      vertex 0.707106781187 0.1 -0.0375
      vertex 0.707106781187 0.0785694958387 -0.0440953350907
    endloop
  endfacet
  facet normal 0.081837371881 0.414212184369 -0.906493745639
    outer loop
      vertex 0.5 0.122474487139 -0.0459279326772
      vertex 0.5 0.144014761346 -0.0360853451536
      vertex 0.707106781187 0.117587560242 -0.0294635609395
    endloop
  endfacet
  facet normal 0.081837371881 0.414212184369 -0.906493745639
    outer loop
      vertex 0.5 0.122474487139 -0.0459279326772
      vertex 0.707106781187 0.117587560242 -0.0294635609395
      vertex 0.707106781187 0.1 -0.0375
    endloop
  endfacet
  facet normal 0.0989706997015 0.571507960125 -0.814606317257
    outer loop
      vertex 0.5 0.144014761346 -0.0360853451536
      vertex 0.5 0.160020629038 -0.0248560180527
      vertex 0.707106781187 0.130656296488 -0.0202948537555
    endloop
  endfacet
  facet normal 0.0989706997015 0.571507960125 -0.814606317257
    outer loop
      vertex 0.5 0.144014761346 -0.0360853451536
      vertex 0.707106781187 0.130656296488 -0.0202948537555
      vertex 0.707106781187 0.117587560242 -0.0294635609395
    endloop
  endfacet
  facet normal 0.123139268686 0.771555656866 -0.624130265943
    outer loop
      vertex 0.5 0.160020629038 -0.0248560180527
      vertex 0.5 0.169876993697 -0.0126714881174
      vertex 0.707106781187 0.138703984532 -0.0103462267231
    endloop
  endfacet
  facet normal 0.123139268686 0.771555656866 -0.624130265943
    outer loop
      vertex 0.5 0.160020629038 -0.0248560180527
      vertex 0.707106781187 0.138703984532 -0.0103462267231
      vertex 0.707106781187 0.130656296488 -0.0202948537555
    endloop
  endfacet
  facet normal 0.146822669058 0.956715138123 -0.251275244178
    outer loop
      vertex 0.5 0.169876993697 -0.0126714881174
      vertex 0.5 0.173205080757 0
      vertex 0.707106781187 0.141421356237 0
    endloop
  endfacet
  facet normal 0.146822669058 0.956715138123 -0.251275244178
    outer loop
      vertex 0.5 0.169876993697 -0.0126714881174
      vertex 0.707106781187 0.141421356237 0
      vertex 0.707106781187 0.138703984532 -0.0103462267231
    endloop
  endfacet
  facet normal 0.244447178869 0.937854587408 0.246321638557
    outer loop
      vertex 0.707106781187 0.141421356237 0
      vertex 0.707106781187 0.138703984532 0.0103462267231
      vertex 0.866025403784 0.0980785280403 0.0073158870756
    endloop
  endfacet
  facet normal 0.244447178869 0.937854587408 0.246321638557
    outer loop
      vertex 0.707106781187 0.141421356237 0
      vertex 0.866025403784 0.0980785280403 0.0073158870756
      vertex 0.866025403784 0.1 0
    endloop
  endfacet
  facet normal 0.206213663741 0.760762460667 0.615399385217
    outer loop
      vertex 0.707106781187 0.138703984532 0.0103462267231
      vertex 0.707106781187 0.130656296488 0.0202948537555
      vertex 0.866025403784 0.0923879532511 0.0143506287137
    endloop
  endfacet
  facet normal 0.206213663741 0.760762460667 0.615399385217
    outer loop
      vertex 0.707106781187 0.138703984532 0.0103462267231
      vertex 0.866025403784 0.0923879532511 0.0143506287137
      vertex 0.866025403784 0.0980785280403 0.0073158870756
    endloop
  endfacet
  facet normal 0.166561185302 0.566304995049 0.807190203195
    outer loop
      vertex 0.707106781187 0.130656296488 0.0202948537555
      vertex 0.707106781187 0.117587560242 0.0294635609395
      vertex 0.866025403784 0.0831469612303 0.0208338837382
    endloop
  endfacet
  facet normal 0.166561185302 0.566304995049 0.807190203195
    outer loop
      vertex 0.707106781187 0.130656296488 0.0202948537555
      vertex 0.866025403784 0.0831469612303 0.0208338837382
      vertex 0.866025403784 0.0923879532511 0.0143506287137
    endloop
  endfacet
  facet normal 0.138123366504 0.411622681197 0.900826678085
    outer loop
      vertex 0.707106781187 0.117587560242 0.0294635609395
      vertex 0.707106781187 0.1 0.0375
      vertex 0.866025403784 0.0707106781187 0.0265165042945
    endloop
  endfacet
  facet normal 0.138123366504 0.411622681197 0.900826678085
    outer loop
      vertex 0.707106781187 0.117587560242 0.0294635609395
      vertex 0.866025403784 0.0707106781187 0.0265165042945
      vertex 0.866025403784 0.0831469612303 0.0208338837382
    endloop
  endfacet
  facet normal 0.119407230836 0.292035722709 0.948924153916
    outer loop
      vertex 0.707106781187 0.1 0.0375
      vertex 0.707106781187 0.0785694958387 0.0440953350907
      vertex 0.866025403784 0.055557023302 0.0311801104613
    endloop
  endfacet
  facet normal 0.119407230836 0.292035722709 0.948924153916
    outer loop
      vertex 0.707106781187 0.1 0.0375
      vertex 0.866025403784 0.055557023302 0.0311801104613
      vertex 0.866025403784 0.0707106781187 0.0265165042945
    endloop
  endfacet
  facet normal 0.10751678511 0.195393277242 0.974813627381
    outer loop
      vertex 0.707106781187 0.0785694958387 0.0440953350907
      vertex 0.707106781187 0.0541196100146 0.0489961111829
      vertex 0.866025403784 0.0382683432365 0.0346454824692
    endloop
  endfacet
  facet normal 0.10751678511 0.195393277242 0.974813627381
    outer loop
      vertex 0.707106781187 0.0785694958387 0.0440953350907
      vertex 0.866025403784 0.0382683432365 0.0346454824692
      vertex 0.866025403784 0.055557023302 0.0311801104613
    endloop
  endfacet
  facet normal 0.100485632027 0.112453986531 0.988562966467
    outer loop
      vertex 0.707106781187 0.0541196100146 0.0489961111829
      vertex 0.707106781187 0.0275899379283 0.0520139941996
      vertex 0.866025403784 0.0195090322016 0.0367794480151
    endloop
  endfacet
  facet normal 0.100485632027 0.112453986531 0.988562966467
    outer loop
      vertex 0.707106781187 0.0541196100146 0.0489961111829
      vertex 0.866025403784 0.0195090322016 0.0367794480151
      vertex 0.866025403784 0.0382683432365 0.0346454824692
    endloop
  endfacet
  facet normal 0.0972126779554 0.0367342950631 0.994585484919
    outer loop
      vertex 0.707106781187 0.0275899379283 0.0520139941996
      vertex 0.707106781187 8.65956056235e-18 0.053033008589
      vertex 0.866025403784 6.12323399574e-18 0.0375
    endloop
  endfacet
  facet normal 0.0972126779554 0.0367342950631 0.994585484919
    outer loop
      vertex 0.707106781187 0.0275899379283 0.0520139941996
      vertex 0.866025403784 6.12323399574e-18 0.0375
      vertex 0.866025403784 0.0195090322016 0.0367794480151
    endloop
  endfacet
  facet normal 0.0972126779554 -0.0367342950631 0.994585484919
    outer loop
      vertex 0.707106781187 8.65956056235e-18 0.053033008589
      vertex 0.707106781187 -0.0275899379283 0.0520139941996
      vertex 0.866025403784 -0.0195090322016 0.0367794480151
    endloop
  endfacet
  facet normal 0.0972126779554 -0.0367342950631 0.994585484919
    outer loop
      vertex 0.707106781187 8.65956056235e-18 0.053033008589
      vertex 0.866025403784 -0.0195090322016 0.0367794480151
      vertex 0.866025403784 6.12323399574e-18 0.0375
    endloop
  endfacet
  facet normal 0.100485632027 -0.112453986531 0.988562966467
    outer loop
      vertex 0.707106781187 -0.0275899379283 0.0520139941996
      vertex 0.707106781187 -0.0541196100146 0.0489961111829
      vertex 0.866025403784 -0.0382683432365 0.0346454824692
    endloop
  endfacet
  facet normal 0.100485632027 -0.112453986531 0.988562966467
    outer loop
      vertex 0.707106781187 -0.0275899379283 0.0520139941996
      vertex 0.866025403784 -0.0382683432365 0.0346454824692
      vertex 0.866025403784 -0.0195090322016 0.0367794480151
    endloop
  endfacet
  facet normal 0.10751678511 -0.195393277242 0.974813627381
    outer loop
      vertex 0.707106781187 -0.0541196100146 0.0489961111829
      vertex 0.707106781187 -0.0785694958387 0.0440953350907
      vertex 0.866025403784 -0.055557023302 0.0311801104613
    endloop
  endfacet
  facet normal 0.10751678511 -0.195393277242 0.974813627381
    outer loop
      vertex 0.707106781187 -0.0541196100146 0.0489961111829
      vertex 0.866025403784 -0.055557023302 0.0311801104613
      vertex 0.866025403784 -0.0382683432365 0.0346454824692
    endloop
  endfacet
  facet normal 0.119407230836 -0.292035722709 0.948924153916
    outer loop
      vertex 0.707106781187 -0.0785694958387 0.0440953350907
      vertex 0.707106781187 -0.1 0.0375
      vertex 0.866025403784 -0.0707106781187 0.0265165042945
    endloop
  endfacet
  facet normal 0.119407230836 -0.292035722709 0.948924153916
    outer loop
      vertex 0.707106781187 -0.0785694958387 0.0440953350907
      vertex 0.866025403784 -0.0707106781187 0.0265165042945
      vertex 0.866025403784 -0.055557023302 0.0311801104613
    endloop
  endfacet
  facet normal 0.138123366504 -0.411622681197 0.900826678085
    outer loop
      vertex 0.707106781187 -0.1 0.0375
      vertex 0.707106781187 -0.117587560242 0.0294635609395
      vertex 0.866025403784 -0.0831469612303 0.0208338837382
    endloop
  endfacet
  facet normal 0.138123366504 -0.411622681197 0.900826678085
    outer loop
      vertex 0.707106781187 -0.1 0.0375
      vertex 0.866025403784 -0.0831469612303 0.0208338837382
      vertex 0.866025403784 -0.0707106781187 0.0265165042945
    endloop
  endfacet
  facet normal 0.166561185302 -0.566304995049 0.807190203195
    outer loop
      vertex 0.707106781187 -0.117587560242 0.0294635609395
      vertex 0.707106781187 -0.130656296488 0.0202948537555
      vertex 0.866025403784 -0.0923879532511 0.0143506287137
    endloop
  endfacet
  facet normal 0.166561185302 -0.566304995049 0.807190203195
    outer loop
      vertex 0.707106781187 -0.117587560242 0.0294635609395
      vertex 0.866025403784 -0.0923879532511 0.0143506287137
      vertex 0.866025403784 -0.0831469612303 0.0208338837382
    endloop
  endfacet
  facet normal 0.206213663741 -0.760762460667 0.615399385217
    outer loop
      vertex 0.707106781187 -0.130656296488 0.0202948537555
      vertex 0.707106781187 -0.138703984532 0.0103462267231
      vertex 0.866025403784 -0.0980785280403 0.0073158870756
    endloop
  endfacet
  facet normal 0.206213663741 -0.760762460667 0.615399385217
    outer loop
      vertex 0.707106781187 -0.130656296488 0.0202948537555
      vertex 0.866025403784 -0.0980785280403 0.0073158870756
      vertex 0.866025403784 -0.0923879532511 0.0143506287137
    endloop
  endfacet
  facet normal 0.244447178869 -0.937854587408 0.246321638557
    outer loop
      vertex 0.707106781187 -0.138703984532 0.0103462267231
      vertex 0.707106781187 -0.141421356237 6.49467042177e-18
      vertex 0.866025403784 -0.1 4.5924254968e-18
    endloop
  endfacet
  facet normal 0.244447178869 -0.937854587408 0.246321638557
    outer loop
      vertex 0.707106781187 -0.138703984532 0.0103462267231
      vertex 0.866025403784 -0.1 4.5924254968e-18
      vertex 0.866025403784 -0.0980785280403 0.0073158870756
    endloop
  endfacet
  facet normal 0.244447178869 -0.937854587408 -0.246321638557
    outer loop
      vertex 0.707106781187 -0.141421356237 6.49467042177e-18
      vertex 0.707106781187 -0.138703984532 -0.0103462267231
      vertex 0.866025403784 -0.0980785280403 -0.0073158870756
    endloop
  endfacet
  facet normal 0.244447178869 -0.937854587408 -0.246321638557
    outer loop
      vertex 0.707106781187 -0.141421356237 6.49467042177e-18
      vertex 0.866025403784 -0.0980785280403 -0.0073158870756
      vertex 0.866025403784 -0.1 4.5924254968e-18
    endloop
  endfacet
  facet normal 0.206213663741 -0.760762460667 -0.615399385217
    outer loop
      vertex 0.707106781187 -0.138703984532 -0.0103462267231
      vertex 0.707106781187 -0.130656296488 -0.0202948537555
      vertex 0.866025403784 -0.0923879532511 -0.0143506287137
    endloop
  endfacet
  facet normal 0.206213663741 -0.760762460667 -0.615399385217
    outer loop
      vertex 0.707106781187 -0.138703984532 -0.0103462267231
      vertex 0.866025403784 -0.0923879532511 -0.0143506287137
      vertex 0.866025403784 -0.0980785280403 -0.0073158870756
    endloop
  endfacet
  facet normal 0.166561185302 -0.566304995049 -0.807190203195
    outer loop
      vertex 0.707106781187 -0.130656296488 -0.0202948537555
      vertex 0.707106781187 -0.117587560242 -0.0294635609395
      vertex 0.866025403784 -0.0831469612303 -0.0208338837382
    endloop
  endfacet
  facet normal 0.166561185302 -0.566304995049 -0.807190203195
    outer loop
      vertex 0.707106781187 -0.130656296488 -0.0202948537555
      vertex 0.866025403784 -0.0831469612303 -0.0208338837382
      vertex 0.866025403784 -0.0923879532511 -0.0143506287137
    endloop
  endfacet
  facet normal 0.138123366504 -0.411622681197 -0.900826678085
    outer loop
      vertex 0.707106781187 -0.117587560242 -0.0294635609395
      vertex 0.707106781187 -0.1 -0.0375
      vertex 0.866025403784 -0.0707106781187 -0.0265165042945
    endloop
  endfacet
  facet normal 0.138123366504 -0.411622681197 -0.900826678085
    outer loop
      vertex 0.707106781187 -0.117587560242 -0.0294635609395
      vertex 0.866025403784 -0.0707106781187 -0.0265165042945
      vertex 0.866025403784 -0.0831469612303 -0.0208338837382
    endloop
  endfacet
  facet normal 0.119407230836 -0.292035722709 -0.948924153916
    outer loop
      vertex 0.707106781187 -0.1 -0.0375
      vertex 0.707106781187 -0.0785694958387 -0.0440953350907
      vertex 0.866025403784 -0.055557023302 -0.0311801104613
    endloop
  endfacet
  facet normal 0.119407230836 -0.292035722709 -0.948924153916
    outer loop
      vertex 0.707106781187 -0.1 -0.0375
      vertex 0.866025403784 -0.055557023302 -0.0311801104613
      vertex 0.866025403784 -0.0707106781187 -0.0265165042945
    endloop
  endfacet
  facet normal 0.10751678511 -0.195393277242 -0.974813627381
    outer loop
      vertex 0.707106781187 -0.0785694958387 -0.0440953350907
      vertex 0.707106781187 -0.0541196100146 -0.0489961111829
      vertex 0.866025403784 -0.0382683432365 -0.0346454824692
    endloop
  endfacet
  facet normal 0.10751678511 -0.195393277242 -0.974813627381
    outer loop
      vertex 0.707106781187 -0.0785694958387 -0.0440953350907
      vertex 0.866025403784 -0.0382683432365 -0.0346454824692
      vertex 0.866025403784 -0.055557023302 -0.0311801104613
    endloop
  endfacet
  facet normal 0.100485632027 -0.112453986531 -0.988562966467
    outer loop
      vertex 0.707106781187 -0.0541196100146 -0.0489961111829
      vertex 0.707106781187 -0.0275899379283 -0.0520139941996
      vertex 0.866025403784 -0.0195090322016 -0.0367794480151
    endloop
  endfacet
  facet normal 0.100485632027 -0.112453986531 -0.988562966467
    outer loop
      vertex 0.707106781187 -0.0541196100146 -0.0489961111829
      vertex 0.866025403784 -0.0195090322016 -0.0367794480151
      vertex 0.866025403784 -0.0382683432365 -0.0346454824692
    endloop
  endfacet
  facet normal 0.0972126779554 -0.0367342950631 -0.994585484919
    outer loop
      vertex 0.707106781187 -0.0275899379283 -0.0520139941996
      vertex 0.707106781187 -2.59786816871e-17 -0.053033008589
      vertex 0.866025403784 -1.83697019872e-17 -0.0375
    endloop
  endfacet
  facet normal 0.0972126779554 -0.0367342950631 -0.994585484919
    outer loop
      vertex 0.707106781187 -0.0275899379283 -0.0520139941996
      vertex 0.866025403784 -1.83697019872e-17 -0.0375
      vertex 0.866025403784 -0.0195090322016 -0.0367794480151
    endloop
  endfacet
  facet normal 0.0972126779554 0.0367342950631 -0.994585484919
    outer loop
      vertex 0.707106781187 -2.59786816871e-17 -0.053033008589
      vertex 0.707106781187 0.0275899379283 -0.0520139941996
      vertex 0.866025403784 0.0195090322016 -0.0367794480151
    endloop
  endfacet
  facet normal 0.0972126779554 0.0367342950631 -0.994585484919
    outer loop
      vertex 0.707106781187 -2.59786816871e-17 -0.053033008589
      vertex 0.866025403784 0.0195090322016 -0.0367794480151
      vertex 0.866025403784 -1.83697019872e-17 -0.0375
    endloop
  endfacet
  facet normal 0.100485632027 0.112453986531 -0.988562966467
    outer loop
      vertex 0.707106781187 0.0275899379283 -0.0520139941996
      vertex 0.707106781187 0.0541196100146 -0.0489961111829
      vertex 0.866025403784 0.0382683432365 -0.0346454824692
    endloop
  endfacet
  facet normal 0.100485632027 0.112453986531 -0.988562966467
    outer loop
      vertex 0.707106781187 0.0275899379283 -0.0520139941996
      vertex 0.866025403784 0.0382683432365 -0.0346454824692
      vertex 0.866025403784 0.0195090322016 -0.0367794480151
    endloop
  endfacet
  facet normal 0.10751678511 0.195393277242 -0.974813627381
    outer loop
      vertex 0.707106781187 0.0541196100146 -0.0489961111829
      vertex 0.707106781187 0.0785694958387 -0.0440953350907
      vertex 0.866025403784 0.055557023302 -0.0311801104613
    endloop
  endfacet
  facet normal 0.10751678511 0.195393277242 -0.974813627381
    outer loop
      vertex 0.707106781187 0.0541196100146 -0.0489961111829
      vertex 0.866025403784 0.055557023302 -0.0311801104613
      vertex 0.866025403784 0.0382683432365 -0.0346454824692
    endloop
  endfacet
  facet normal 0.119407230836 0.292035722709 -0.948924153916
    outer loop
      vertex 0.707106781187 0.0785694958387 -0.0440953350907
      vertex 0.707106781187 0.1 -0.0375
      vertex 0.866025403784 0.0707106781187 -0.0265165042945
    endloop
  endfacet
  facet normal 0.119407230836 0.292035722709 -0.948924153916
    outer loop
      vertex 0.707106781187 0.0785694958387 -0.0440953350907
      vertex 0.866025403784 0.0707106781187 -0.0265165042945
      vertex 0.866025403784 0.055557023302 -0.0311801104613
    endloop
  endfacet
  facet normal 0.138123366504 0.411622681197 -0.900826678085
    outer loop
      vertex 0.707106781187 0.1 -0.0375
      vertex 0.707106781187 0.117587560242 -0.0294635609395
      vertex 0.866025403784 0.0831469612303 -0.0208338837382
    endloop
  endfacet
  facet normal 0.138123366504 0.411622681197 -0.900826678085
    outer loop
      vertex 0.707106781187 0.1 -0.0375
      vertex 0.866025403784 0.0831469612303 -0.0208338837382
      vertex 0.866025403784 0.0707106781187 -0.0265165042945
    endloop
  endfacet
  facet normal 0.166561185302 0.566304995049 -0.807190203195
    outer loop
      vertex 0.707106781187 0.117587560242 -0.0294635609395
      vertex 0.707106781187 0.130656296488 -0.0202948537555
      vertex 0.866025403784 0.0923879532511 -0.0143506287137
    endloop
  endfacet
  facet normal 0.166561185302 0.566304995049 -0.807190203195
    outer loop
      vertex 0.707106781187 0.117587560242 -0.0294635609395
      vertex 0.866025403784 0.0923879532511 -0.0143506287137
      vertex 0.866025403784 0.0831469612303 -0.0208338837382
    endloop
  endfacet
  facet normal 0.206213663741 0.760762460667 -0.615399385217
    outer loop
      vertex 0.707106781187 0.130656296488 -0.0202948537555
      vertex 0.707106781187 0.138703984532 -0.0103462267231
      vertex 0.866025403784 0.0980785280403 -0.0073158870756
    endloop
  endfacet
  facet normal 0.206213663741 0.760762460667 -0.615399385217
    outer loop
      vertex 0.707106781187 0.130656296488 -0.0202948537555
      vertex 0.866025403784 0.0980785280403 -0.0073158870756
      vertex 0.866025403784 0.0923879532511 -0.0143506287137
    endloop
  endfacet
  facet normal 0.244447178869 0.937854587408 -0.246321638557
    outer loop
      vertex 0.707106781187 0.138703984532 -0.0103462267231
      vertex 0.707106781187 0.141421356237 0
      vertex 0.866025403784 0.1 0
    endloop
  endfacet
  facet normal 0.244447178869 0.937854587408 -0.246321638557
    outer loop
      vertex 0.707106781187 0.138703984532 -0.0103462267231
      vertex 0.866025403784 0.1 0
      vertex 0.866025403784 0.0980785280403 -0.0073158870756
    endloop
  endfacet
  facet normal 0.423136386512 0.876344150135 0.230166307122
    outer loop
      vertex 0.866025403784 0.1 0
      vertex 0.866025403784 0.0980785280403 0.0073158870756
      vertex 0.965925826289 0.0507691819449 0.00378698181397
    endloop
  endfacet
  facet normal 0.423136386512 0.876344150135 0.230166307122
    outer loop
      vertex 0.866025403784 0.1 0
      vertex 0.965925826289 0.0507691819449 0.00378698181397
      vertex 0.965925826289 0.0517638090205 0
    endloop
  endfacet
  facet normal 0.363668569606 0.724237896502 0.585853770791
    outer loop
      vertex 0.866025403784 0.0980785280403 0.0073158870756
      vertex 0.866025403784 0.0923879532511 0.0143506287137
      vertex 0.965925826289 0.0478235236789 0.0074284320406
    endloop
  endfacet
  facet normal 0.363668569606 0.724237896502 0.585853770791
    outer loop
      vertex 0.866025403784 0.0980785280403 0.0073158870756
      vertex 0.965925826289 0.0478235236789 0.0074284320406
      vertex 0.965925826289 0.0507691819449 0.00378698181397
    endloop
  endfacet
  facet normal 0.29864391242 0.548118041762 0.781267192367
    outer loop
      vertex 0.866025403784 0.0923879532511 0.0143506287137
      vertex 0.866025403784 0.0831469612303 0.0208338837382
      vertex 0.965925826289 0.0430400342176 0.0107844117898
    endloop
  endfacet
  facet normal 0.29864391242 0.548118041762 0.781267192367
    outer loop
      vertex 0.866025403784 0.0923879532511 0.0143506287137
      vertex 0.965925826289 0.0430400342176 0.0107844117898
      vertex 0.965925826289 0.0478235236789 0.0074284320406
    endloop
  endfacet
  facet normal 0.250135877208 0.402394439839 0.880630886195
    outer loop
      vertex 0.866025403784 0.0831469612303 0.0208338837382
      vertex 0.866025403784 0.0707106781187 0.0265165042945
      vertex 0.965925826289 0.0366025403784 0.0137259526419
    endloop
  endfacet
  facet normal 0.250135877208 0.402394439839 0.880630886195
    outer loop
      vertex 0.866025403784 0.0831469612303 0.0208338837382
      vertex 0.965925826289 0.0366025403784 0.0137259526419
      vertex 0.965925826289 0.0430400342176 0.0107844117898
    endloop
  endfacet
  facet normal 0.217463059671 0.287100988506 0.932889511184
    outer loop
      vertex 0.866025403784 0.0707106781187 0.0265165042945
      vertex 0.866025403784 0.055557023302 0.0311801104613
      vertex 0.965925826289 0.0287584314395 0.0161400128316
    endloop
  endfacet
  facet normal 0.217463059671 0.287100988506 0.932889511184
    outer loop
      vertex 0.866025403784 0.0707106781187 0.0265165042945
      vertex 0.965925826289 0.0287584314395 0.0161400128316
      vertex 0.965925826289 0.0366025403784 0.0137259526419
    endloop
  endfacet
  facet normal 0.196432143515 0.19270356293 0.961394689931
    outer loop
      vertex 0.866025403784 0.055557023302 0.0311801104613
      vertex 0.866025403784 0.0382683432365 0.0346454824692
      vertex 0.965925826289 0.0198091521083 0.0179338213796
    endloop
  endfacet
  facet normal 0.196432143515 0.19270356293 0.961394689931
    outer loop
      vertex 0.866025403784 0.055557023302 0.0311801104613
      vertex 0.965925826289 0.0198091521083 0.0179338213796
      vertex 0.965925826289 0.0287584314395 0.0161400128316
    endloop
  endfacet
  facet normal 0.183904646169 0.111098304296 0.976645405406
    outer loop
      vertex 0.866025403784 0.0382683432365 0.0346454824692
      vertex 0.866025403784 0.0195090322016 0.0367794480151
      vertex 0.965925826289 0.0100986181706 0.0190384432293
    endloop
  endfacet
  facet normal 0.183904646169 0.111098304296 0.976645405406
    outer loop
      vertex 0.866025403784 0.0382683432365 0.0346454824692
      vertex 0.965925826289 0.0100986181706 0.0190384432293
      vertex 0.965925826289 0.0198091521083 0.0179338213796
    endloop
  endfacet
  facet normal 0.178051395336 0.0363193465352 0.983350703303
    outer loop
      vertex 0.866025403784 0.0195090322016 0.0367794480151
      vertex 0.866025403784 6.12323399574e-18 0.0375
      vertex 0.965925826289 3.16961915143e-18 0.0194114283827
    endloop
  endfacet
  facet normal 0.178051395336 0.0363193465352 0.983350703303
    outer loop
      vertex 0.866025403784 0.0195090322016 0.0367794480151
      vertex 0.965925826289 3.16961915143e-18 0.0194114283827
      vertex 0.965925826289 0.0100986181706 0.0190384432293
    endloop
  endfacet
  facet normal 0.178051395336 -0.0363193465352 0.983350703303
    outer loop
      vertex 0.866025403784 6.12323399574e-18 0.0375
      vertex 0.866025403784 -0.0195090322016 0.0367794480151
      vertex 0.965925826289 -0.0100986181706 0.0190384432293
    endloop
  endfacet
  facet normal 0.178051395336 -0.0363193465352 0.983350703303
    outer loop
      vertex 0.866025403784 6.12323399574e-18 0.0375
      vertex 0.965925826289 -0.0100986181706 0.0190384432293
      vertex 0.965925826289 3.16961915143e-18 0.0194114283827
    endloop
  endfacet
  facet normal 0.183904646169 -0.111098304296 0.976645405406
    outer loop
      vertex 0.866025403784 -0.0195090322016 0.0367794480151
      vertex 0.866025403784 -0.0382683432365 0.0346454824692
      vertex 0.965925826289 -0.0198091521083 0.0179338213796
    endloop
  endfacet
  facet normal 0.183904646169 -0.111098304296 0.976645405406
    outer loop
      vertex 0.866025403784 -0.0195090322016 0.0367794480151
      vertex 0.965925826289 -0.0198091521083 0.0179338213796
      vertex 0.965925826289 -0.0100986181706 0.0190384432293
    endloop
  endfacet
  facet normal 0.196432143515 -0.19270356293 0.961394689931
    outer loop
      vertex 0.866025403784 -0.0382683432365 0.0346454824692
      vertex 0.866025403784 -0.055557023302 0.0311801104613
      vertex 0.965925826289 -0.0287584314395 0.0161400128316
    endloop
  endfacet
  facet normal 0.196432143515 -0.19270356293 0.961394689931
    outer loop
      vertex 0.866025403784 -0.0382683432365 0.0346454824692
      vertex 0.965925826289 -0.0287584314395 0.0161400128316
      vertex 0.965925826289 -0.0198091521083 0.0179338213796
    endloop
  endfacet
  facet normal 0.217463059671 -0.287100988506 0.932889511184
    outer loop
      vertex 0.866025403784 -0.055557023302 0.0311801104613
      vertex 0.866025403784 -0.0707106781187 0.0265165042945
      vertex 0.965925826289 -0.0366025403784 0.0137259526419
    endloop
  endfacet
  facet normal 0.217463059671 -0.287100988506 0.932889511184
    outer loop
      vertex 0.866025403784 -0.055557023302 0.0311801104613
      vertex 0.965925826289 -0.0366025403784 0.0137259526419
      vertex 0.965925826289 -0.0287584314395 0.0161400128316
    endloop
  endfacet
  facet normal 0.250135877208 -0.402394439839 0.880630886195
    outer loop
      vertex 0.866025403784 -0.0707106781187 0.0265165042945
      vertex 0.866025403784 -0.0831469612303 0.0208338837382
      vertex 0.965925826289 -0.0430400342176 0.0107844117898
    endloop
  endfacet
  facet normal 0.250135877208 -0.402394439839 0.880630886195
    outer loop
      vertex 0.866025403784 -0.0707106781187 0.0265165042945
      vertex 0.965925826289 -0.0430400342176 0.0107844117898
      vertex 0.965925826289 -0.0366025403784 0.0137259526419
    endloop
  endfacet
  facet normal 0.29864391242 -0.548118041762 0.781267192367
    outer loop
      vertex 0.866025403784 -0.0831469612303 0.0208338837382
      vertex 0.866025403784 -0.0923879532511 0.0143506287137
      vertex 0.965925826289 -0.0478235236789 0.0074284320406
    endloop
  endfacet
  facet normal 0.29864391242 -0.548118041762 0.781267192367
    outer loop
      vertex 0.866025403784 -0.0831469612303 0.0208338837382
      vertex 0.965925826289 -0.0478235236789 0.0074284320406
      vertex 0.965925826289 -0.0430400342176 0.0107844117898
    endloop
  endfacet
  facet normal 0.363668569606 -0.724237896502 0.585853770791
    outer loop
      vertex 0.866025403784 -0.0923879532511 0.0143506287137
      vertex 0.866025403784 -0.0980785280403 0.0073158870756
      vertex 0.965925826289 -0.0507691819449 0.00378698181397
    endloop
  endfacet
  facet normal 0.363668569606 -0.724237896502 0.585853770791
    outer loop
      vertex 0.866025403784 -0.0923879532511 0.0143506287137
      vertex 0.965925826289 -0.0507691819449 0.00378698181397
      vertex 0.965925826289 -0.0478235236789 0.0074284320406
    endloop
  endfacet
  facet normal 0.423136386512 -0.876344150135 0.230166307122
    outer loop
      vertex 0.866025403784 -0.0980785280403 0.0073158870756
      vertex 0.866025403784 -0.1 4.5924254968e-18
      vertex 0.965925826289 -0.0517638090205 2.37721436357e-18
    endloop
  endfacet
  facet normal 0.423136386512 -0.876344150135 0.230166307122
    outer loop
      vertex 0.866025403784 -0.0980785280403 0.0073158870756
      vertex 0.965925826289 -0.0517638090205 2.37721436357e-18
      vertex 0.965925826289 -0.0507691819449 0.00378698181397
    endloop
  endfacet
  facet normal 0.423136386512 -0.876344150135 -0.230166307122
    outer loop
      vertex 0.866025403784 -0.1 4.5924254968e-18
      vertex 0.866025403784 -0.0980785280403 -0.0073158870756
      vertex 0.965925826289 -0.0507691819449 -0.00378698181397
    endloop
  endfacet
  facet normal 0.423136386512 -0.876344150135 -0.230166307122
    outer loop
      vertex 0.866025403784 -0.1 4.5924254968e-18
      vertex 0.965925826289 -0.0507691819449 -0.00378698181397
      vertex 0.965925826289 -0.0517638090205 2.37721436357e-18
    endloop
  endfacet
  facet normal 0.363668569606 -0.724237896502 -0.585853770791
    outer loop
      vertex 0.866025403784 -0.0980785280403 -0.0073158870756
      vertex 0.866025403784 -0.0923879532511 -0.0143506287137
      vertex 0.965925826289 -0.0478235236789 -0.0074284320406
    endloop
  endfacet
  facet normal 0.363668569606 -0.724237896502 -0.585853770791
    outer loop
      vertex 0.866025403784 -0.0980785280403 -0.0073158870756
      vertex 0.965925826289 -0.0478235236789 -0.0074284320406
      vertex 0.965925826289 -0.0507691819449 -0.00378698181397
    endloop
  endfacet
  facet normal 0.29864391242 -0.548118041762 -0.781267192367
    outer loop
      vertex 0.866025403784 -0.0923879532511 -0.0143506287137
      vertex 0.866025403784 -0.0831469612303 -0.0208338837382
      vertex 0.965925826289 -0.0430400342176 -0.0107844117898
    endloop
  endfacet
  facet normal 0.29864391242 -0.548118041762 -0.781267192367
    outer loop
      vertex 0.866025403784 -0.0923879532511 -0.0143506287137
      vertex 0.965925826289 -0.0430400342176 -0.0107844117898
      vertex 0.965925826289 -0.0478235236789 -0.0074284320406
    endloop
  endfacet
  facet normal 0.250135877208 -0.402394439839 -0.880630886195
    outer loop
      vertex 0.866025403784 -0.0831469612303 -0.0208338837382
      vertex 0.866025403784 -0.0707106781187 -0.0265165042945
      vertex 0.965925826289 -0.0366025403784 -0.0137259526419
    endloop
  endfacet
  facet normal 0.250135877208 -0.402394439839 -0.880630886195
    outer loop
      vertex 0.866025403784 -0.0831469612303 -0.0208338837382
      vertex 0.965925826289 -0.0366025403784 -0.0137259526419
      vertex 0.965925826289 -0.0430400342176 -0.0107844117898
    endloop
  endfacet
  facet normal 0.217463059671 -0.287100988506 -0.932889511184
    outer loop
      vertex 0.866025403784 -0.0707106781187 -0.0265165042945
      vertex 0.866025403784 -0.055557023302 -0.0311801104613
      vertex 0.965925826289 -0.0287584314395 -0.0161400128316
    endloop
  endfacet
  facet normal 0.217463059671 -0.287100988506 -0.932889511184
    outer loop
      vertex 0.866025403784 -0.0707106781187 -0.0265165042945
      vertex 0.965925826289 -0.0287584314395 -0.0161400128316
      vertex 0.965925826289 -0.0366025403784 -0.0137259526419
    endloop
  endfacet
  facet normal 0.196432143515 -0.19270356293 -0.961394689931
    outer loop
      vertex 0.866025403784 -0.055557023302 -0.0311801104613
      vertex 0.866025403784 -0.0382683432365 -0.0346454824692
      vertex 0.965925826289 -0.0198091521083 -0.0179338213796
    endloop
  endfacet
  facet normal 0.196432143515 -0.19270356293 -0.961394689931
    outer loop
      vertex 0.866025403784 -0.055557023302 -0.0311801104613
      vertex 0.965925826289 -0.0198091521083 -0.0179338213796
      vertex 0.965925826289 -0.0287584314395 -0.0161400128316
    endloop
  endfacet
  facet normal 0.183904646169 -0.111098304296 -0.976645405406
    outer loop
      vertex 0.866025403784 -0.0382683432365 -0.0346454824692
      vertex 0.866025403784 -0.0195090322016 -0.0367794480151
      vertex 0.965925826289 -0.0100986181706 -0.0190384432293
    endloop
  endfacet
  facet normal 0.183904646169 -0.111098304296 -0.976645405406
    outer loop
      vertex 0.866025403784 -0.0382683432365 -0.0346454824692
      vertex 0.965925826289 -0.0100986181706 -0.0190384432293
      vertex 0.965925826289 -0.0198091521083 -0.0179338213796
    endloop
  endfacet
  facet normal 0.178051395336 -0.0363193465352 -0.983350703303
    outer loop
      vertex 0.866025403784 -0.0195090322016 -0.0367794480151
      vertex 0.866025403784 -1.83697019872e-17 -0.0375
      vertex 0.965925826289 -9.5088574543e-18 -0.0194114283827
    endloop
  endfacet
  facet normal 0.178051395336 -0.0363193465352 -0.983350703303
    outer loop
      vertex 0.866025403784 -0.0195090322016 -0.0367794480151
      vertex 0.965925826289 -9.5088574543e-18 -0.0194114283827
      vertex 0.965925826289 -0.0100986181706 -0.0190384432293
    endloop
  endfacet
  facet normal 0.178051395336 0.0363193465352 -0.983350703303
    outer loop
      vertex 0.866025403784 -1.83697019872e-17 -0.0375
      vertex 0.866025403784 0.0195090322016 -0.0367794480151
      vertex 0.965925826289 0.0100986181706 -0.0190384432293
    endloop
  endfacet
  facet normal 0.178051395336 0.0363193465352 -0.983350703303
    outer loop
      vertex 0.866025403784 -1.83697019872e-17 -0.0375
      vertex 0.965925826289 0.0100986181706 -0.0190384432293
      vertex 0.965925826289 -9.5088574543e-18 -0.0194114283827
    endloop
  endfacet
  facet normal 0.183904646169 0.111098304296 -0.976645405406
    outer loop
      vertex 0.866025403784 0.0195090322016 -0.0367794480151
      vertex 0.866025403784 0.0382683432365 -0.0346454824692
      vertex 0.965925826289 0.0198091521083 -0.0179338213796
    endloop
  endfacet
  facet normal 0.183904646169 0.111098304296 -0.976645405406
    outer loop
      vertex 0.866025403784 0.0195090322016 -0.0367794480151
      vertex 0.965925826289 0.0198091521083 -0.0179338213796
      vertex 0.965925826289 0.0100986181706 -0.0190384432293
    endloop
  endfacet
  facet normal 0.196432143515 0.19270356293 -0.961394689931
    outer loop
      vertex 0.866025403784 0.0382683432365 -0.0346454824692
      vertex 0.866025403784 0.055557023302 -0.0311801104613
      vertex 0.965925826289 0.0287584314395 -0.0161400128316
    endloop
  endfacet
  facet normal 0.196432143515 0.19270356293 -0.961394689931
    outer loop
      vertex 0.866025403784 0.0382683432365 -0.0346454824692
      vertex 0.965925826289 0.0287584314395 -0.0161400128316
      vertex 0.965925826289 0.0198091521083 -0.0179338213796
    endloop
  endfacet
  facet normal 0.217463059671 0.287100988506 -0.932889511184
    outer loop
      vertex 0.866025403784 0.055557023302 -0.0311801104613
      vertex 0.866025403784 0.0707106781187 -0.0265165042945
      vertex 0.965925826289 0.0366025403784 -0.0137259526419
    endloop
  endfacet
  facet normal 0.217463059671 0.287100988506 -0.932889511184
    outer loop
      vertex 0.866025403784 0.055557023302 -0.0311801104613
      vertex 0.965925826289 0.0366025403784 -0.0137259526419
      vertex 0.965925826289 0.0287584314395 -0.0161400128316
    endloop
  endfacet
  facet normal 0.250135877208 0.402394439839 -0.880630886195
    outer loop
      vertex 0.866025403784 0.0707106781187 -0.0265165042945
      vertex 0.866025403784 0.0831469612303 -0.0208338837382
      vertex 0.965925826289 0.0430400342176 -0.0107844117898
    endloop
  endfacet
  facet normal 0.250135877208 0.402394439839 -0.880630886195
    outer loop
      vertex 0.866025403784 0.0707106781187 -0.0265165042945
      vertex 0.965925826289 0.0430400342176 -0.0107844117898
      vertex 0.965925826289 0.0366025403784 -0.0137259526419
    endloop
  endfacet
  facet normal 0.29864391242 0.548118041762 -0.781267192367
    outer loop
      vertex 0.866025403784 0.0831469612303 -0.0208338837382
      vertex 0.866025403784 0.0923879532511 -0.0143506287137
      vertex 0.965925826289 0.0478235236789 -0.0074284320406
    endloop
  endfacet
  facet normal 0.29864391242 0.548118041762 -0.781267192367
    outer loop
      vertex 0.866025403784 0.0831469612303 -0.0208338837382
      vertex 0.965925826289 0.0478235236789 -0.0074284320406
      vertex 0.965925826289 0.0430400342176 -0.0107844117898
    endloop
  endfacet
  facet normal 0.363668569606 0.724237896502 -0.585853770791
    outer loop
      vertex 0.866025403784 0.0923879532511 -0.0143506287137
      vertex 0.866025403784 0.0980785280403 -0.0073158870756
      vertex 0.965925826289 0.0507691819449 -0.00378698181397
    endloop
  endfacet
  facet normal 0.363668569606 0.724237896502 -0.585853770791
    outer loop
      vertex 0.866025403784 0.0923879532511 -0.0143506287137
      vertex 0.965925826289 0.0507691819449 -0.00378698181397
      vertex 0.965925826289 0.0478235236789 -0.0074284320406
    endloop
  endfacet
  facet normal 0.423136386512 0.876344150135 -0.230166307122
    outer loop
      vertex 0.866025403784 0.0980785280403 -0.0073158870756
      vertex 0.866025403784 0.1 0
      vertex 0.965925826289 0.0517638090205 0
    endloop
  endfacet
  facet normal 0.423136386512 0.876344150135 -0.230166307122
    outer loop
      vertex 0.866025403784 0.0980785280403 -0.0073158870756
      vertex 0.965925826289 0.0517638090205 0
      vertex 0.965925826289 0.0507691819449 -0.00378698181397
    endloop
  endfacet
  facet normal 0.82670042711 0.544185879928 0.142927016003
    outer loop
      vertex 0.965925826289 0.0517638090205 0
      vertex 0.965925826289 0.0507691819449 0.00378698181397
      vertex 1 0 0
    endloop
  endfacet
  facet normal 0.775494011516 0.490861210414 0.397069654108
    outer loop
      vertex 0.965925826289 0.0507691819449 0.00378698181397
      vertex 0.965925826289 0.0478235236789 0.0074284320406
      vertex 1 0 0
    endloop
  endfacet
  facet normal 0.701577949441 0.40926174306 0.583346557825
    outer loop
      vertex 0.965925826289 0.0478235236789 0.0074284320406
      vertex 0.965925826289 0.0430400342176 0.0107844117898
      vertex 1 0 0
    endloop
  endfacet
  facet normal 0.630748241111 0.322505272944 0.705795299827
    outer loop
      vertex 0.965925826289 0.0430400342176 0.0107844117898
      vertex 0.965925826289 0.0366025403784 0.0137259526419
      vertex 1 0 0
    endloop
  endfacet
  facet normal 0.573996151276 0.240859046021 0.782633591325
    outer loop
      vertex 0.965925826289 0.0366025403784 0.0137259526419
      vertex 0.965925826289 0.0287584314395 0.0161400128316
      vertex 1 0 0
    endloop
  endfacet
  facet normal 0.533223849396 0.166261441802 0.829475412177
    outer loop
      vertex 0.965925826289 0.0287584314395 0.0161400128316
      vertex 0.965925826289 0.0198091521083 0.0179338213796
      vertex 1 0 0
    endloop
  endfacet
  facet normal 0.507287305915 0.0974032642911 0.856254747936
    outer loop
      vertex 0.965925826289 0.0198091521083 0.0179338213796
      vertex 0.965925826289 0.0100986181706 0.0190384432293
      vertex 1 0 0
    endloop
  endfacet
  facet normal 0.494739488737 0.0320755423483 0.868449191298
    outer loop
      vertex 0.965925826289 0.0100986181706 0.0190384432293
      vertex 0.965925826289 3.16961915143e-18 0.0194114283827
      vertex 1 0 0
    endloop
  endfacet
  facet normal 0.494739488737 -0.0320755423483 0.868449191298
    outer loop
      vertex 0.965925826289 3.16961915143e-18 0.0194114283827
      vertex 0.965925826289 -0.0100986181706 0.0190384432293
      vertex 1 0 0
    endloop
  endfacet
  facet normal 0.507287305915 -0.0974032642911 0.856254747936
    outer loop
      vertex 0.965925826289 -0.0100986181706 0.0190384432293
      vertex 0.965925826289 -0.0198091521083 0.0179338213796
      vertex 1 0 0
    endloop
  endfacet
  facet normal 0.533223849396 -0.166261441802 0.829475412177
    outer loop
      vertex 0.965925826289 -0.0198091521083 0.0179338213796
      vertex 0.965925826289 -0.0287584314395 0.0161400128316
      vertex 1 0 0
    endloop
  endfacet
  facet normal 0.573996151276 -0.240859046021 0.782633591325
    outer loop
      vertex 0.965925826289 -0.0287584314395 0.0161400128316
      vertex 0.965925826289 -0.0366025403784 0.0137259526419
      vertex 1 0 0
    endloop
  endfacet
  facet normal 0.630748241111 -0.322505272944 0.705795299827
    outer loop
      vertex 0.965925826289 -0.0366025403784 0.0137259526419
      vertex 0.965925826289 -0.0430400342176 0.0107844117898
      vertex 1 0 0
    endloop
  endfacet
  facet normal 0.701577949441 -0.40926174306 0.583346557825
    outer loop
      vertex 0.965925826289 -0.0430400342176 0.0107844117898
      vertex 0.965925826289 -0.0478235236789 0.0074284320406
      vertex 1 0 0
    endloop
  endfacet
  facet normal 0.775494011516 -0.490861210414 0.397069654108
    outer loop
      vertex 0.965925826289 -0.0478235236789 0.0074284320406
      vertex 0.965925826289 -0.0507691819449 0.00378698181397
      vertex 1 0 0
    endloop
  endfacet
  facet normal 0.82670042711 -0.544185879928 0.142927016003
    outer loop
      vertex 0.965925826289 -0.0507691819449 0.00378698181397
      vertex 0.965925826289 -0.0517638090205 2.37721436357e-18
      vertex 1 0 0
    endloop
  endfacet
  facet normal 0.82670042711 -0.544185879928 -0.142927016003
    outer loop
      vertex 0.965925826289 -0.0517638090205 2.37721436357e-18
      vertex 0.965925826289 -0.0507691819449 -0.00378698181397
      vertex 1 0 0
    endloop
  endfacet
  facet normal 0.775494011516 -0.490861210414 -0.397069654108
    outer loop
      vertex 0.965925826289 -0.0507691819449 -0.00378698181397
      vertex 0.965925826289 -0.0478235236789 -0.0074284320406
      vertex 1 0 0
    endloop
  endfacet
  facet normal 0.701577949441 -0.40926174306 -0.583346557825
    outer loop
      vertex 0.965925826289 -0.0478235236789 -0.0074284320406
      vertex 0.965925826289 -0.0430400342176 -0.0107844117898
      vertex 1 0 0
    endloop
  endfacet
  facet normal 0.630748241111 -0.322505272944 -0.705795299827
    outer loop
      vertex 0.965925826289 -0.0430400342176 -0.0107844117898
      vertex 0.965925826289 -0.0366025403784 -0.0137259526419
      vertex 1 0 0
    endloop
  endfacet
  facet normal 0.573996151276 -0.240859046021 -0.782633591325
    outer loop
      vertex 0.965925826289 -0.0366025403784 -0.0137259526419
      vertex 0.965925826289 -0.0287584314395 -0.0161400128316
      vertex 1 0 0
    endloop
  endfacet
  facet normal 0.533223849396 -0.166261441802 -0.829475412177
    outer loop
      vertex 0.965925826289 -0.0287584314395 -0.0161400128316
      vertex 0.965925826289 -0.0198091521083 -0.0179338213796
      vertex 1 0 0
    endloop
  endfacet
  facet normal 0.507287305915 -0.0974032642911 -0.856254747936
    outer loop
      vertex 0.965925826289 -0.0198091521083 -0.0179338213796
      vertex 0.965925826289 -0.0100986181706 -0.0190384432293
      vertex 1 0 0
    endloop
  endfacet
  facet normal 0.494739488737 -0.0320755423483 -0.868449191298
    outer loop
      vertex 0.965925826289 -0.0100986181706 -0.0190384432293
      vertex 0.965925826289 -9.5088574543e-18 -0.0194114283827
      vertex 1 0 0
    endloop
  endfacet
  facet normal 0.494739488737 0.0320755423483 -0.868449191298
    outer loop
      vertex 0.965925826289 -9.5088574543e-18 -0.0194114283827
      vertex 0.965925826289 0.0100986181706 -0.0190384432293
      vertex 1 0 0
    endloop
  endfacet
  facet normal 0.507287305915 0.0974032642911 -0.856254747936
    outer loop
      vertex 0.965925826289 0.0100986181706 -0.0190384432293
      vertex 0.965925826289 0.0198091521083 -0.0179338213796
      vertex 1 0 0
    endloop
  endfacet
  facet normal 0.533223849396 0.166261441802 -0.829475412177
    outer loop
      vertex 0.965925826289 0.0198091521083 -0.0179338213796
      vertex 0.965925826289 0.0287584314395 -0.0161400128316
      vertex 1 0 0
    endloop
  endfacet
  facet normal 0.573996151276 0.240859046021 -0.782633591325
    outer loop
      vertex 0.965925826289 0.0287584314395 -0.0161400128316
      vertex 0.965925826289 0.0366025403784 -0.0137259526419
      vertex 1 0 0
    endloop
  endfacet
  facet normal 0.630748241111 0.322505272944 -0.705795299827
    outer loop
      vertex 0.965925826289 0.0366025403784 -0.0137259526419
      vertex 0.965925826289 0.0430400342176 -0.0107844117898
      vertex 1 0 0
    endloop
  endfacet
  facet normal 0.701577949441 0.40926174306 -0.583346557825
    outer loop
      vertex 0.965925826289 0.0430400342176 -0.0107844117898
      vertex 0.965925826289 0.0478235236789 -0.0074284320406
      vertex 1 0 0
    endloop
  endfacet
  facet normal 0.775494011516 0.490861210414 -0.397069654108
    outer loop
      vertex 0.965925826289 0.0478235236789 -0.0074284320406
      vertex 0.965925826289 0.0507691819449 -0.00378698181397
      vertex 1 0 0
    endloop
  endfacet
  facet normal 0.82670042711 0.544185879928 -0.142927016003
    outer loop
      vertex 0.965925826289 0.0507691819449 -0.00378698181397
      vertex 0.965925826289 0.0517638090205 0
      vertex 1 0 0
    endloop
  endfacet
endsolid cfd_smoke_hull
