 Variables = "X", "Y", "Z"
Zone i=   80 j=   61 f=point
-0.52494E+00   0.00000E+00  -0.34421E-01
-0.52483E+00   0.00000E+00  -0.35437E-01
-0.52468E+00   0.00000E+00  -0.36490E-01
-0.52448E+00   0.00000E+00  -0.37579E-01
-0.52424E+00   0.00000E+00  -0.38702E-01
-0.52393E+00   0.00000E+00  -0.39858E-01
-0.52355E+00   0.00000E+00  -0.41043E-01
-0.52310E+00   0.00000E+00  -0.42255E-01
-0.52256E+00   0.00000E+00  -0.43489E-01
-0.52194E+00   0.00000E+00  -0.44742E-01
-0.52122E+00   0.00000E+00  -0.46009E-01
-0.52041E+00   0.00000E+00  -0.47285E-01
-0.51949E+00   0.00000E+00  -0.48563E-01
-0.51846E+00   0.00000E+00  -0.49839E-01
-0.51734E+00   0.00000E+00  -0.51118E-01
-0.51611E+00   0.00000E+00  -0.52393E-01
-0.51477E+00   0.00000E+00  -0.53659E-01
-0.51331E+00   0.00000E+00  -0.54902E-01
-0.51171E+00   0.00000E+00  -0.56081E-01
-0.50995E+00   0.00000E+00  -0.57178E-01
-0.50806E+00   0.00000E+00  -0.58209E-01
-0.50605E+00   0.00000E+00  -0.59193E-01
-0.50392E+00   0.00000E+00  -0.60140E-01
-0.50166E+00   0.00000E+00  -0.61024E-01
-0.49927E+00   0.00000E+00  -0.61805E-01
-0.49673E+00   0.00000E+00  -0.62454E-01
-0.49406E+00   0.00000E+00  -0.63008E-01
-0.49127E+00   0.00000E+00  -0.63554E-01
-0.48838E+00   0.00000E+00  -0.64118E-01
-0.48535E+00   0.00000E+00  -0.64589E-01
-0.48218E+00   0.00000E+00  -0.64888E-01
-0.47886E+00   0.00000E+00  -0.64995E-01
-0.47541E+00   0.00000E+00  -0.65000E-01
-0.47182E+00   0.00000E+00  -0.65000E-01
-0.46809E+00   0.00000E+00  -0.65000E-01
-0.46421E+00   0.00000E+00  -0.65000E-01
-0.46017E+00   0.00000E+00  -0.65000E-01
-0.45598E+00   0.00000E+00  -0.65000E-01
-0.45161E+00   0.00000E+00  -0.65000E-01
-0.44707E+00   0.00000E+00  -0.65000E-01
-0.44235E+00   0.00000E+00  -0.65000E-01
-0.43744E+00   0.00000E+00  -0.65000E-01
-0.43233E+00   0.00000E+00  -0.65000E-01
-0.42702E+00   0.00000E+00  -0.65000E-01
-0.42150E+00   0.00000E+00  -0.65000E-01
-0.41576E+00   0.00000E+00  -0.65000E-01
-0.40978E+00   0.00000E+00  -0.65000E-01
-0.40357E+00   0.00000E+00  -0.65000E-01
-0.39711E+00   0.00000E+00  -0.65000E-01
-0.39039E+00   0.00000E+00  -0.65000E-01
-0.38340E+00   0.00000E+00  -0.65000E-01
-0.37613E+00   0.00000E+00  -0.65000E-01
-0.36857E+00   0.00000E+00  -0.65000E-01
-0.36071E+00   0.00000E+00  -0.65000E-01
-0.35253E+00   0.00000E+00  -0.65000E-01
-0.34403E+00   0.00000E+00  -0.65000E-01
-0.33519E+00   0.00000E+00  -0.65000E-01
-0.32599E+00   0.00000E+00  -0.65000E-01
-0.31643E+00   0.00000E+00  -0.65000E-01
-0.30648E+00   0.00000E+00  -0.65000E-01
-0.29613E+00   0.00000E+00  -0.65000E-01
-0.28537E+00   0.00000E+00  -0.65000E-01
-0.27419E+00   0.00000E+00  -0.65000E-01
-0.26255E+00   0.00000E+00  -0.65000E-01
-0.25045E+00   0.00000E+00  -0.65000E-01
-0.23786E+00   0.00000E+00  -0.65000E-01
-0.22477E+00   0.00000E+00  -0.65000E-01
-0.21116E+00   0.00000E+00  -0.65000E-01
-0.19700E+00   0.00000E+00  -0.65000E-01
-0.18227E+00   0.00000E+00  -0.65000E-01
-0.16696E+00   0.00000E+00  -0.65000E-01
-0.15103E+00   0.00000E+00  -0.65000E-01
-0.13447E+00   0.00000E+00  -0.65000E-01
-0.11725E+00   0.00000E+00  -0.65000E-01
-0.99332E-01   0.00000E+00  -0.65000E-01
-0.80701E-01   0.00000E+00  -0.65000E-01
-0.61324E-01   0.00000E+00  -0.65000E-01
-0.41173E-01   0.00000E+00  -0.65000E-01
-0.20216E-01   0.00000E+00  -0.65000E-01
 0.15800E-02   0.00000E+00  -0.65000E-01
-0.52497E+00   0.00000E+00  -0.34023E-01
-0.52482E+00   0.12086E-03  -0.35028E-01
-0.52466E+00   0.24148E-03  -0.36072E-01
-0.52446E+00   0.35583E-03  -0.37155E-01
-0.52422E+00   0.45631E-03  -0.38275E-01
-0.52391E+00   0.53404E-03  -0.39430E-01
-0.52354E+00   0.59438E-03  -0.40615E-01
-0.52310E+00   0.65086E-03  -0.41833E-01
-0.52259E+00   0.70371E-03  -0.43076E-01
-0.52198E+00   0.73501E-03  -0.44336E-01
-0.52129E+00   0.76559E-03  -0.45618E-01
-0.52049E+00   0.78154E-03  -0.46904E-01
-0.51953E+00   0.74781E-03  -0.48152E-01
-0.51853E+00   0.76422E-03  -0.49447E-01
-0.51742E+00   0.77217E-03  -0.50732E-01
-0.51618E+00   0.75889E-03  -0.52000E-01
-0.51484E+00   0.75104E-03  -0.53268E-01
-0.51336E+00   0.71442E-03  -0.54479E-01
-0.51174E+00   0.69049E-03  -0.55644E-01
-0.50999E+00   0.69036E-03  -0.56758E-01
-0.50812E+00   0.69846E-03  -0.57813E-01
-0.50620E+00   0.75523E-03  -0.58952E-01
-0.50405E+00   0.71495E-03  -0.59836E-01
-0.50178E+00   0.67671E-03  -0.60692E-01
-0.49939E+00   0.66172E-03  -0.61500E-01
-0.49689E+00   0.72266E-03  -0.62300E-01
-0.49423E+00   0.73736E-03  -0.62885E-01
-0.49144E+00   0.73288E-03  -0.63399E-01
-0.48853E+00   0.73078E-03  -0.63906E-01
-0.48550E+00   0.73191E-03  -0.64341E-01
-0.48232E+00   0.75033E-03  -0.64653E-01
-0.47901E+00   0.78754E-03  -0.64870E-01
-0.47556E+00   0.82075E-03  -0.64974E-01
-0.47197E+00   0.84258E-03  -0.64996E-01
-0.46824E+00   0.86774E-03  -0.65000E-01
-0.46436E+00   0.89416E-03  -0.65000E-01
-0.46032E+00   0.92200E-03  -0.65000E-01
-0.45612E+00   0.95076E-03  -0.65000E-01
-0.45176E+00   0.98024E-03  -0.65000E-01
-0.44722E+00   0.10102E-02  -0.65000E-01
-0.44249E+00   0.10401E-02  -0.65000E-01
-0.43758E+00   0.10703E-02  -0.65000E-01
-0.43247E+00   0.11009E-02  -0.65000E-01
-0.42716E+00   0.11322E-02  -0.65000E-01
-0.42164E+00   0.11640E-02  -0.65000E-01
-0.41589E+00   0.11963E-02  -0.65000E-01
-0.40991E+00   0.12288E-02  -0.65000E-01
-0.40370E+00   0.12613E-02  -0.65000E-01
-0.39723E+00   0.12937E-02  -0.65000E-01
-0.39051E+00   0.13255E-02  -0.65000E-01
-0.38352E+00   0.13567E-02  -0.65000E-01
-0.37625E+00   0.13875E-02  -0.65000E-01
-0.36869E+00   0.14180E-02  -0.65000E-01
-0.36083E+00   0.14485E-02  -0.65000E-01
-0.35265E+00   0.14793E-02  -0.65000E-01
-0.34414E+00   0.15104E-02  -0.65000E-01
-0.33530E+00   0.15418E-02  -0.65000E-01
-0.32610E+00   0.15737E-02  -0.65000E-01
-0.31653E+00   0.16056E-02  -0.65000E-01
-0.30658E+00   0.16379E-02  -0.65000E-01
-0.29623E+00   0.16712E-02  -0.65000E-01
-0.28547E+00   0.17056E-02  -0.65000E-01
-0.27427E+00   0.17411E-02  -0.65000E-01
-0.26263E+00   0.17764E-02  -0.65000E-01
-0.25053E+00   0.18114E-02  -0.65000E-01
-0.23794E+00   0.18448E-02  -0.65000E-01
-0.22484E+00   0.18760E-02  -0.65000E-01
-0.21122E+00   0.19048E-02  -0.65000E-01
-0.19706E+00   0.19314E-02  -0.65000E-01
-0.18233E+00   0.19576E-02  -0.65000E-01
-0.16701E+00   0.19846E-02  -0.65000E-01
-0.15108E+00   0.20124E-02  -0.65000E-01
-0.13451E+00   0.20416E-02  -0.65000E-01
-0.11728E+00   0.20720E-02  -0.65000E-01
-0.99364E-01   0.21037E-02  -0.65000E-01
-0.80727E-01   0.21366E-02  -0.65000E-01
-0.61344E-01   0.21708E-02  -0.65000E-01
-0.41187E-01   0.21905E-02  -0.65000E-01
-0.20223E-01   0.21905E-02  -0.65000E-01
 0.15800E-02   0.21905E-02  -0.65000E-01
-0.52500E+00   0.00000E+00  -0.33614E-01
-0.52484E+00   0.24110E-03  -0.34595E-01
-0.52466E+00   0.48137E-03  -0.35616E-01
-0.52445E+00   0.70837E-03  -0.36679E-01
-0.52420E+00   0.90624E-03  -0.37785E-01
-0.52389E+00   0.10568E-02  -0.38932E-01
-0.52353E+00   0.11700E-02  -0.40116E-01
-0.52310E+00   0.12693E-02  -0.41334E-01
-0.52259E+00   0.13579E-02  -0.42579E-01
-0.52199E+00   0.14131E-02  -0.43841E-01
-0.52131E+00   0.14693E-02  -0.45130E-01
-0.52053E+00   0.15126E-02  -0.46425E-01
-0.51956E+00   0.14748E-02  -0.47669E-01
-0.51857E+00   0.15001E-02  -0.48969E-01
-0.51747E+00   0.15219E-02  -0.50266E-01
-0.51623E+00   0.15008E-02  -0.51531E-01
-0.51490E+00   0.14896E-02  -0.52804E-01
-0.51340E+00   0.14259E-02  -0.53999E-01
-0.51178E+00   0.13831E-02  -0.55160E-01
-0.51004E+00   0.13860E-02  -0.56292E-01
-0.50818E+00   0.14045E-02  -0.57380E-01
-0.50632E+00   0.14926E-02  -0.58599E-01
-0.50416E+00   0.14324E-02  -0.59475E-01
-0.50189E+00   0.13641E-02  -0.60324E-01
-0.49950E+00   0.13471E-02  -0.61147E-01
-0.49704E+00   0.14431E-02  -0.62052E-01
-0.49440E+00   0.14817E-02  -0.62701E-01
-0.49160E+00   0.14817E-02  -0.63210E-01
-0.48869E+00   0.14790E-02  -0.63681E-01
-0.48565E+00   0.14831E-02  -0.64088E-01
-0.48247E+00   0.15202E-02  -0.64416E-01
-0.47917E+00   0.15885E-02  -0.64691E-01
-0.47572E+00   0.16568E-02  -0.64890E-01
-0.47213E+00   0.17059E-02  -0.64964E-01
-0.46840E+00   0.17568E-02  -0.64995E-01
-0.46452E+00   0.18102E-02  -0.65000E-01
-0.46048E+00   0.18664E-02  -0.65000E-01
-0.45628E+00   0.19245E-02  -0.65000E-01
-0.45191E+00   0.19841E-02  -0.65000E-01
-0.44737E+00   0.20445E-02  -0.65000E-01
-0.44264E+00   0.21049E-02  -0.65000E-01
-0.43773E+00   0.21658E-02  -0.65000E-01
-0.43262E+00   0.22276E-02  -0.65000E-01
-0.42731E+00   0.22906E-02  -0.65000E-01
-0.42178E+00   0.23548E-02  -0.65000E-01
-0.41603E+00   0.24199E-02  -0.65000E-01
-0.41005E+00   0.24853E-02  -0.65000E-01
-0.40384E+00   0.25508E-02  -0.65000E-01
-0.39737E+00   0.26159E-02  -0.65000E-01
-0.39065E+00   0.26800E-02  -0.65000E-01
-0.38366E+00   0.27427E-02  -0.65000E-01
-0.37638E+00   0.28044E-02  -0.65000E-01
-0.36882E+00   0.28657E-02  -0.65000E-01
-0.36095E+00   0.29269E-02  -0.65000E-01
-0.35277E+00   0.29886E-02  -0.65000E-01
-0.34426E+00   0.30508E-02  -0.65000E-01
-0.33541E+00   0.31137E-02  -0.65000E-01
-0.32621E+00   0.31774E-02  -0.65000E-01
-0.31664E+00   0.32413E-02  -0.65000E-01
-0.30669E+00   0.33058E-02  -0.65000E-01
-0.29633E+00   0.33724E-02  -0.65000E-01
-0.28557E+00   0.34411E-02  -0.65000E-01
-0.27437E+00   0.35121E-02  -0.65000E-01
-0.26273E+00   0.35823E-02  -0.65000E-01
-0.25062E+00   0.36523E-02  -0.65000E-01
-0.23802E+00   0.37187E-02  -0.65000E-01
-0.22492E+00   0.37809E-02  -0.65000E-01
-0.21130E+00   0.38380E-02  -0.65000E-01
-0.19713E+00   0.38906E-02  -0.65000E-01
-0.18240E+00   0.39425E-02  -0.65000E-01
-0.16707E+00   0.39957E-02  -0.65000E-01
-0.15114E+00   0.40508E-02  -0.65000E-01
-0.13456E+00   0.41084E-02  -0.65000E-01
-0.11733E+00   0.41686E-02  -0.65000E-01
-0.99399E-01   0.42313E-02  -0.65000E-01
-0.80756E-01   0.42964E-02  -0.65000E-01
-0.61367E-01   0.43640E-02  -0.65000E-01
-0.41202E-01   0.44030E-02  -0.65000E-01
-0.20230E-01   0.44029E-02  -0.65000E-01
 0.15800E-02   0.44030E-02  -0.65000E-01
-0.52504E+00   0.00000E+00  -0.33193E-01
-0.52486E+00   0.35895E-03  -0.34134E-01
-0.52466E+00   0.71621E-03  -0.35118E-01
-0.52444E+00   0.10524E-02  -0.36150E-01
-0.52419E+00   0.13425E-02  -0.37234E-01
-0.52388E+00   0.15575E-02  -0.38371E-01
-0.52351E+00   0.17100E-02  -0.39551E-01
-0.52308E+00   0.18290E-02  -0.40767E-01
-0.52257E+00   0.19253E-02  -0.42009E-01
-0.52196E+00   0.19898E-02  -0.43268E-01
-0.52127E+00   0.20531E-02  -0.44554E-01
-0.52050E+00   0.21287E-02  -0.45853E-01
-0.51956E+00   0.21593E-02  -0.47120E-01
-0.51857E+00   0.21885E-02  -0.48422E-01
-0.51748E+00   0.22277E-02  -0.49730E-01
-0.51625E+00   0.22145E-02  -0.51002E-01
-0.51492E+00   0.21974E-02  -0.52277E-01
-0.51342E+00   0.21279E-02  -0.53476E-01
-0.51180E+00   0.20720E-02  -0.54636E-01
-0.51008E+00   0.20786E-02  -0.55787E-01
-0.50824E+00   0.21142E-02  -0.56912E-01
-0.50636E+00   0.21830E-02  -0.58134E-01
-0.50423E+00   0.21446E-02  -0.59068E-01
-0.50196E+00   0.20619E-02  -0.59935E-01
-0.49958E+00   0.20394E-02  -0.60771E-01
-0.49714E+00   0.21535E-02  -0.61719E-01
-0.49451E+00   0.22261E-02  -0.62447E-01
-0.49173E+00   0.22435E-02  -0.62989E-01
-0.48881E+00   0.22437E-02  -0.63443E-01
-0.48576E+00   0.22545E-02  -0.63832E-01
-0.48259E+00   0.23113E-02  -0.64177E-01
-0.47929E+00   0.24062E-02  -0.64486E-01
-0.47584E+00   0.25062E-02  -0.64737E-01
-0.47226E+00   0.25879E-02  -0.64879E-01
-0.46852E+00   0.26677E-02  -0.64960E-01
-0.46464E+00   0.27493E-02  -0.64992E-01
-0.46060E+00   0.28345E-02  -0.65000E-01
-0.45640E+00   0.29225E-02  -0.65000E-01
-0.45203E+00   0.30126E-02  -0.65000E-01
-0.44749E+00   0.31042E-02  -0.65000E-01
-0.44276E+00   0.31957E-02  -0.65000E-01
-0.43785E+00   0.32878E-02  -0.65000E-01
-0.43274E+00   0.33812E-02  -0.65000E-01
-0.42742E+00   0.34765E-02  -0.65000E-01
-0.42190E+00   0.35735E-02  -0.65000E-01
-0.41615E+00   0.36718E-02  -0.65000E-01
-0.41017E+00   0.37706E-02  -0.65000E-01
-0.40395E+00   0.38694E-02  -0.65000E-01
-0.39748E+00   0.39678E-02  -0.65000E-01
-0.39076E+00   0.40644E-02  -0.65000E-01
-0.38376E+00   0.41589E-02  -0.65000E-01
-0.37649E+00   0.42519E-02  -0.65000E-01
-0.36892E+00   0.43441E-02  -0.65000E-01
-0.36105E+00   0.44361E-02  -0.65000E-01
-0.35287E+00   0.45288E-02  -0.65000E-01
-0.34436E+00   0.46223E-02  -0.65000E-01
-0.33551E+00   0.47166E-02  -0.65000E-01
-0.32630E+00   0.48123E-02  -0.65000E-01
-0.31673E+00   0.49081E-02  -0.65000E-01
-0.30677E+00   0.50047E-02  -0.65000E-01
-0.29642E+00   0.51045E-02  -0.65000E-01
-0.28565E+00   0.52072E-02  -0.65000E-01
-0.27445E+00   0.53135E-02  -0.65000E-01
-0.26280E+00   0.54187E-02  -0.65000E-01
-0.25069E+00   0.55232E-02  -0.65000E-01
-0.23809E+00   0.56224E-02  -0.65000E-01
-0.22499E+00   0.57151E-02  -0.65000E-01
-0.21136E+00   0.58002E-02  -0.65000E-01
-0.19719E+00   0.58781E-02  -0.65000E-01
-0.18245E+00   0.59551E-02  -0.65000E-01
-0.16712E+00   0.60340E-02  -0.65000E-01
-0.15118E+00   0.61156E-02  -0.65000E-01
-0.13460E+00   0.62009E-02  -0.65000E-01
-0.11736E+00   0.62902E-02  -0.65000E-01
-0.99429E-01   0.63830E-02  -0.65000E-01
-0.80780E-01   0.64795E-02  -0.65000E-01
-0.61385E-01   0.65797E-02  -0.65000E-01
-0.41215E-01   0.66375E-02  -0.65000E-01
-0.20237E-01   0.66375E-02  -0.65000E-01
 0.15800E-02   0.66376E-02  -0.65000E-01
-0.52506E+00   0.00000E+00  -0.32758E-01
-0.52487E+00   0.47387E-03  -0.33647E-01
-0.52467E+00   0.94456E-03  -0.34580E-01
-0.52444E+00   0.13846E-02  -0.35570E-01
-0.52417E+00   0.17572E-02  -0.36628E-01
-0.52386E+00   0.20198E-02  -0.37753E-01
-0.52349E+00   0.21913E-02  -0.38930E-01
-0.52305E+00   0.23118E-02  -0.40143E-01
-0.52252E+00   0.24050E-02  -0.41379E-01
-0.52191E+00   0.24784E-02  -0.42634E-01
-0.52121E+00   0.25467E-02  -0.43916E-01
-0.52044E+00   0.26538E-02  -0.45213E-01
-0.51953E+00   0.27673E-02  -0.46497E-01
-0.51854E+00   0.28154E-02  -0.47804E-01
-0.51746E+00   0.28682E-02  -0.49116E-01
-0.51624E+00   0.28868E-02  -0.50407E-01
-0.51491E+00   0.28661E-02  -0.51684E-01
-0.51343E+00   0.28091E-02  -0.52898E-01
-0.51181E+00   0.27529E-02  -0.54068E-01
-0.51010E+00   0.27665E-02  -0.55238E-01
-0.50828E+00   0.28144E-02  -0.56391E-01
-0.50638E+00   0.28307E-02  -0.57584E-01
-0.50428E+00   0.28427E-02  -0.58597E-01
-0.50203E+00   0.27661E-02  -0.59511E-01
-0.49966E+00   0.27378E-02  -0.60364E-01
-0.49721E+00   0.28418E-02  -0.61293E-01
-0.49460E+00   0.29596E-02  -0.62106E-01
-0.49183E+00   0.30148E-02  -0.62722E-01
-0.48892E+00   0.30232E-02  -0.63182E-01
-0.48587E+00   0.30466E-02  -0.63571E-01
-0.48270E+00   0.31242E-02  -0.63937E-01
-0.47940E+00   0.32428E-02  -0.64266E-01
-0.47596E+00   0.33708E-02  -0.64545E-01
-0.47237E+00   0.34873E-02  -0.64749E-01
-0.46864E+00   0.35988E-02  -0.64877E-01
-0.46476E+00   0.37112E-02  -0.64959E-01
-0.46072E+00   0.38266E-02  -0.64996E-01
-0.45652E+00   0.39451E-02  -0.65000E-01
-0.45215E+00   0.40664E-02  -0.65000E-01
-0.44760E+00   0.41897E-02  -0.65000E-01
-0.44288E+00   0.43127E-02  -0.65000E-01
-0.43796E+00   0.44367E-02  -0.65000E-01
-0.43285E+00   0.45622E-02  -0.65000E-01
-0.42753E+00   0.46902E-02  -0.65000E-01
-0.42201E+00   0.48206E-02  -0.65000E-01
-0.41626E+00   0.49525E-02  -0.65000E-01
-0.41028E+00   0.50852E-02  -0.65000E-01
-0.40406E+00   0.52178E-02  -0.65000E-01
-0.39759E+00   0.53497E-02  -0.65000E-01
-0.39086E+00   0.54792E-02  -0.65000E-01
-0.38386E+00   0.56058E-02  -0.65000E-01
-0.37659E+00   0.57303E-02  -0.65000E-01
-0.36902E+00   0.58536E-02  -0.65000E-01
-0.36115E+00   0.59766E-02  -0.65000E-01
-0.35296E+00   0.61004E-02  -0.65000E-01
-0.34445E+00   0.62252E-02  -0.65000E-01
-0.33560E+00   0.63511E-02  -0.65000E-01
-0.32639E+00   0.64786E-02  -0.65000E-01
-0.31682E+00   0.66063E-02  -0.65000E-01
-0.30686E+00   0.67349E-02  -0.65000E-01
-0.29650E+00   0.68678E-02  -0.65000E-01
-0.28573E+00   0.70046E-02  -0.65000E-01
-0.27452E+00   0.71459E-02  -0.65000E-01
-0.26287E+00   0.72858E-02  -0.65000E-01
-0.25076E+00   0.74247E-02  -0.65000E-01
-0.23816E+00   0.75564E-02  -0.65000E-01
-0.22505E+00   0.76792E-02  -0.65000E-01
-0.21142E+00   0.77916E-02  -0.65000E-01
-0.19724E+00   0.78944E-02  -0.65000E-01
-0.18250E+00   0.79959E-02  -0.65000E-01
-0.16717E+00   0.80997E-02  -0.65000E-01
-0.15122E+00   0.82071E-02  -0.65000E-01
-0.13464E+00   0.83195E-02  -0.65000E-01
-0.11739E+00   0.84370E-02  -0.65000E-01
-0.99458E-01   0.85592E-02  -0.65000E-01
-0.80804E-01   0.86862E-02  -0.65000E-01
-0.61403E-01   0.88181E-02  -0.65000E-01
-0.41227E-01   0.88944E-02  -0.65000E-01
-0.20243E-01   0.88944E-02  -0.65000E-01
 0.15800E-02   0.88945E-02  -0.65000E-01
-0.52507E+00   0.00000E+00  -0.32311E-01
-0.52488E+00   0.58382E-03  -0.33131E-01
-0.52467E+00   0.11628E-02  -0.34001E-01
-0.52444E+00   0.17000E-02  -0.34940E-01
-0.52416E+00   0.21427E-02  -0.35967E-01
-0.52384E+00   0.24318E-02  -0.37083E-01
-0.52346E+00   0.26024E-02  -0.38258E-01
-0.52301E+00   0.27194E-02  -0.39467E-01
-0.52247E+00   0.28234E-02  -0.40698E-01
-0.52185E+00   0.29291E-02  -0.41950E-01
-0.52116E+00   0.30295E-02  -0.43230E-01
-0.52037E+00   0.31473E-02  -0.44522E-01
-0.51947E+00   0.32868E-02  -0.45807E-01
-0.51850E+00   0.33779E-02  -0.47122E-01
-0.51741E+00   0.34527E-02  -0.48438E-01
-0.51621E+00   0.35032E-02  -0.49742E-01
-0.51489E+00   0.34991E-02  -0.51029E-01
-0.51342E+00   0.34671E-02  -0.52264E-01
-0.51182E+00   0.34233E-02  -0.53452E-01
-0.51012E+00   0.34390E-02  -0.54636E-01
-0.50831E+00   0.35016E-02  -0.55816E-01
-0.50640E+00   0.34681E-02  -0.56983E-01
-0.50433E+00   0.35272E-02  -0.58063E-01
-0.50211E+00   0.34740E-02  -0.59042E-01
-0.49974E+00   0.34389E-02  -0.59917E-01
-0.49728E+00   0.35242E-02  -0.60818E-01
-0.49469E+00   0.36764E-02  -0.61675E-01
-0.49194E+00   0.37813E-02  -0.62379E-01
-0.48903E+00   0.38181E-02  -0.62893E-01
-0.48599E+00   0.38602E-02  -0.63304E-01
-0.48282E+00   0.39595E-02  -0.63693E-01
-0.47952E+00   0.41006E-02  -0.64038E-01
-0.47608E+00   0.42543E-02  -0.64334E-01
-0.47250E+00   0.44039E-02  -0.64581E-01
-0.46877E+00   0.45488E-02  -0.64754E-01
-0.46489E+00   0.46950E-02  -0.64889E-01
-0.46085E+00   0.48425E-02  -0.64975E-01
-0.45665E+00   0.49923E-02  -0.65002E-01
-0.45228E+00   0.51454E-02  -0.64999E-01
-0.44773E+00   0.53010E-02  -0.65000E-01
-0.44301E+00   0.54563E-02  -0.65000E-01
-0.43809E+00   0.56126E-02  -0.65000E-01
-0.43298E+00   0.57708E-02  -0.65000E-01
-0.42766E+00   0.59320E-02  -0.65000E-01
-0.42213E+00   0.60962E-02  -0.65000E-01
-0.41638E+00   0.62624E-02  -0.65000E-01
-0.41040E+00   0.64294E-02  -0.65000E-01
-0.40418E+00   0.65963E-02  -0.65000E-01
-0.39771E+00   0.67622E-02  -0.65000E-01
-0.39098E+00   0.69249E-02  -0.65000E-01
-0.38398E+00   0.70839E-02  -0.65000E-01
-0.37670E+00   0.72401E-02  -0.65000E-01
-0.36913E+00   0.73948E-02  -0.65000E-01
-0.36126E+00   0.75489E-02  -0.65000E-01
-0.35307E+00   0.77039E-02  -0.65000E-01
-0.34456E+00   0.78601E-02  -0.65000E-01
-0.33570E+00   0.80176E-02  -0.65000E-01
-0.32649E+00   0.81770E-02  -0.65000E-01
-0.31691E+00   0.83366E-02  -0.65000E-01
-0.30695E+00   0.84971E-02  -0.65000E-01
-0.29659E+00   0.86630E-02  -0.65000E-01
-0.28582E+00   0.88336E-02  -0.65000E-01
-0.27461E+00   0.90099E-02  -0.65000E-01
-0.26296E+00   0.91842E-02  -0.65000E-01
-0.25084E+00   0.93572E-02  -0.65000E-01
-0.23823E+00   0.95211E-02  -0.65000E-01
-0.22512E+00   0.96736E-02  -0.65000E-01
-0.21149E+00   0.98130E-02  -0.65000E-01
-0.19731E+00   0.99400E-02  -0.65000E-01
-0.18256E+00   0.10065E-01  -0.65000E-01
-0.16722E+00   0.10193E-01  -0.65000E-01
-0.15127E+00   0.10326E-01  -0.65000E-01
-0.13468E+00   0.10464E-01  -0.65000E-01
-0.11743E+00   0.10609E-01  -0.65000E-01
-0.99490E-01   0.10760E-01  -0.65000E-01
-0.80830E-01   0.10917E-01  -0.65000E-01
-0.61424E-01   0.11080E-01  -0.65000E-01
-0.41241E-01   0.11174E-01  -0.65000E-01
-0.20250E-01   0.11174E-01  -0.65000E-01
 0.15800E-02   0.11174E-01  -0.65000E-01
-0.52509E+00   0.00000E+00  -0.31852E-01
-0.52489E+00   0.68326E-03  -0.32590E-01
-0.52468E+00   0.13610E-02  -0.33384E-01
-0.52444E+00   0.19873E-02  -0.34265E-01
-0.52415E+00   0.24899E-02  -0.35260E-01
-0.52382E+00   0.27913E-02  -0.36369E-01
-0.52342E+00   0.29555E-02  -0.37541E-01
-0.52296E+00   0.30837E-02  -0.38746E-01
-0.52242E+00   0.32215E-02  -0.39972E-01
-0.52180E+00   0.33656E-02  -0.41220E-01
-0.52111E+00   0.34984E-02  -0.42498E-01
-0.52032E+00   0.36449E-02  -0.43786E-01
-0.51941E+00   0.37943E-02  -0.45070E-01
-0.51844E+00   0.39030E-02  -0.46388E-01
-0.51737E+00   0.40149E-02  -0.47709E-01
-0.51618E+00   0.40863E-02  -0.49021E-01
-0.51487E+00   0.41056E-02  -0.50320E-01
-0.51342E+00   0.41025E-02  -0.51576E-01
-0.51183E+00   0.40792E-02  -0.52785E-01
-0.51013E+00   0.41009E-02  -0.53984E-01
-0.50834E+00   0.41654E-02  -0.55180E-01
-0.50643E+00   0.41172E-02  -0.56351E-01
-0.50438E+00   0.41987E-02  -0.57472E-01
-0.50219E+00   0.41780E-02  -0.58519E-01
-0.49984E+00   0.41505E-02  -0.59436E-01
-0.49737E+00   0.42285E-02  -0.60330E-01
-0.49479E+00   0.43989E-02  -0.61203E-01
-0.49206E+00   0.45452E-02  -0.61977E-01
-0.48916E+00   0.46248E-02  -0.62568E-01
-0.48613E+00   0.46932E-02  -0.63023E-01
-0.48296E+00   0.48151E-02  -0.63439E-01
-0.47966E+00   0.49789E-02  -0.63801E-01
-0.47622E+00   0.51576E-02  -0.64108E-01
-0.47264E+00   0.53375E-02  -0.64380E-01
-0.46891E+00   0.55173E-02  -0.64596E-01
-0.46503E+00   0.56994E-02  -0.64783E-01
-0.46100E+00   0.58814E-02  -0.64927E-01
-0.45680E+00   0.60641E-02  -0.64993E-01
-0.45243E+00   0.62496E-02  -0.64999E-01
-0.44788E+00   0.64382E-02  -0.65000E-01
-0.44315E+00   0.66264E-02  -0.65000E-01
-0.43824E+00   0.68156E-02  -0.65000E-01
-0.43312E+00   0.70070E-02  -0.65000E-01
-0.42781E+00   0.72021E-02  -0.65000E-01
-0.42228E+00   0.74006E-02  -0.65000E-01
-0.41652E+00   0.76015E-02  -0.65000E-01
-0.41054E+00   0.78033E-02  -0.65000E-01
-0.40432E+00   0.80049E-02  -0.65000E-01
-0.39785E+00   0.82052E-02  -0.65000E-01
-0.39112E+00   0.84017E-02  -0.65000E-01
-0.38412E+00   0.85935E-02  -0.65000E-01
-0.37684E+00   0.87817E-02  -0.65000E-01
-0.36927E+00   0.89679E-02  -0.65000E-01
-0.36139E+00   0.91533E-02  -0.65000E-01
-0.35320E+00   0.93397E-02  -0.65000E-01
-0.34468E+00   0.95274E-02  -0.65000E-01
-0.33583E+00   0.97165E-02  -0.65000E-01
-0.32661E+00   0.99078E-02  -0.65000E-01
-0.31703E+00   0.10099E-01  -0.65000E-01
-0.30707E+00   0.10292E-01  -0.65000E-01
-0.29670E+00   0.10490E-01  -0.65000E-01
-0.28592E+00   0.10695E-01  -0.65000E-01
-0.27471E+00   0.10906E-01  -0.65000E-01
-0.26306E+00   0.11114E-01  -0.65000E-01
-0.25093E+00   0.11321E-01  -0.65000E-01
-0.23832E+00   0.11517E-01  -0.65000E-01
-0.22521E+00   0.11699E-01  -0.65000E-01
-0.21157E+00   0.11865E-01  -0.65000E-01
-0.19738E+00   0.12015E-01  -0.65000E-01
-0.18263E+00   0.12163E-01  -0.65000E-01
-0.16729E+00   0.12315E-01  -0.65000E-01
-0.15133E+00   0.12472E-01  -0.65000E-01
-0.13474E+00   0.12636E-01  -0.65000E-01
-0.11748E+00   0.12808E-01  -0.65000E-01
-0.99528E-01   0.12986E-01  -0.65000E-01
-0.80861E-01   0.13172E-01  -0.65000E-01
-0.61448E-01   0.13364E-01  -0.65000E-01
-0.41257E-01   0.13476E-01  -0.65000E-01
-0.20259E-01   0.13476E-01  -0.65000E-01
 0.15800E-02   0.13476E-01  -0.65000E-01
-0.52508E+00   0.00000E+00  -0.31379E-01
-0.52489E+00   0.76892E-03  -0.32029E-01
-0.52468E+00   0.15338E-02  -0.32740E-01
-0.52443E+00   0.22414E-02  -0.33556E-01
-0.52414E+00   0.27995E-02  -0.34518E-01
-0.52379E+00   0.31137E-02  -0.35619E-01
-0.52339E+00   0.32828E-02  -0.36788E-01
-0.52292E+00   0.34421E-02  -0.37988E-01
-0.52237E+00   0.36179E-02  -0.39206E-01
-0.52174E+00   0.37783E-02  -0.40450E-01
-0.52105E+00   0.39377E-02  -0.41725E-01
-0.52027E+00   0.41311E-02  -0.43010E-01
-0.51937E+00   0.43072E-02  -0.44294E-01
-0.51839E+00   0.44194E-02  -0.45612E-01
-0.51733E+00   0.45571E-02  -0.46936E-01
-0.51615E+00   0.46580E-02  -0.48257E-01
-0.51484E+00   0.46956E-02  -0.49565E-01
-0.51341E+00   0.47212E-02  -0.50839E-01
-0.51184E+00   0.47269E-02  -0.52073E-01
-0.51015E+00   0.47519E-02  -0.53285E-01
-0.50836E+00   0.48180E-02  -0.54496E-01
-0.50646E+00   0.47771E-02  -0.55689E-01
-0.50443E+00   0.48678E-02  -0.56838E-01
-0.50227E+00   0.48725E-02  -0.57939E-01
-0.49994E+00   0.48687E-02  -0.58914E-01
-0.49747E+00   0.49506E-02  -0.59824E-01
-0.49489E+00   0.51346E-02  -0.60706E-01
-0.49218E+00   0.53124E-02  -0.61529E-01
-0.48930E+00   0.54371E-02  -0.62196E-01
-0.48627E+00   0.55412E-02  -0.62713E-01
-0.48311E+00   0.56875E-02  -0.63160E-01
-0.47981E+00   0.58752E-02  -0.63542E-01
-0.47638E+00   0.60809E-02  -0.63868E-01
-0.47280E+00   0.62897E-02  -0.64154E-01
-0.46907E+00   0.65053E-02  -0.64411E-01
-0.46520E+00   0.67244E-02  -0.64647E-01
-0.46116E+00   0.69427E-02  -0.64842E-01
-0.45696E+00   0.71600E-02  -0.64949E-01
-0.45259E+00   0.73793E-02  -0.64982E-01
-0.44805E+00   0.76017E-02  -0.64995E-01
-0.44332E+00   0.78234E-02  -0.65000E-01
-0.43840E+00   0.80462E-02  -0.65000E-01
-0.43329E+00   0.82714E-02  -0.65000E-01
-0.42797E+00   0.85008E-02  -0.65000E-01
-0.42244E+00   0.87342E-02  -0.65000E-01
-0.41668E+00   0.89704E-02  -0.65000E-01
-0.41070E+00   0.92076E-02  -0.65000E-01
-0.40448E+00   0.94443E-02  -0.65000E-01
-0.39800E+00   0.96796E-02  -0.65000E-01
-0.39127E+00   0.99102E-02  -0.65000E-01
-0.38427E+00   0.10135E-01  -0.65000E-01
-0.37699E+00   0.10356E-01  -0.65000E-01
-0.36941E+00   0.10574E-01  -0.65000E-01
-0.36154E+00   0.10791E-01  -0.65000E-01
-0.35334E+00   0.11008E-01  -0.65000E-01
-0.34482E+00   0.11228E-01  -0.65000E-01
-0.33596E+00   0.11448E-01  -0.65000E-01
-0.32674E+00   0.11672E-01  -0.65000E-01
-0.31716E+00   0.11895E-01  -0.65000E-01
-0.30719E+00   0.12119E-01  -0.65000E-01
-0.29682E+00   0.12350E-01  -0.65000E-01
-0.28604E+00   0.12588E-01  -0.65000E-01
-0.27483E+00   0.12834E-01  -0.65000E-01
-0.26317E+00   0.13077E-01  -0.65000E-01
-0.25104E+00   0.13317E-01  -0.65000E-01
-0.23842E+00   0.13544E-01  -0.65000E-01
-0.22530E+00   0.13755E-01  -0.65000E-01
-0.21166E+00   0.13947E-01  -0.65000E-01
-0.19747E+00   0.14121E-01  -0.65000E-01
-0.18271E+00   0.14291E-01  -0.65000E-01
-0.16736E+00   0.14466E-01  -0.65000E-01
-0.15139E+00   0.14646E-01  -0.65000E-01
-0.13479E+00   0.14835E-01  -0.65000E-01
-0.11753E+00   0.15032E-01  -0.65000E-01
-0.99571E-01   0.15238E-01  -0.65000E-01
-0.80896E-01   0.15451E-01  -0.65000E-01
-0.61475E-01   0.15673E-01  -0.65000E-01
-0.41276E-01   0.15801E-01  -0.65000E-01
-0.20268E-01   0.15801E-01  -0.65000E-01
 0.15800E-02   0.15802E-01  -0.65000E-01
-0.52508E+00   0.00000E+00  -0.30892E-01
-0.52488E+00   0.83878E-03  -0.31450E-01
-0.52467E+00   0.16768E-02  -0.32074E-01
-0.52442E+00   0.24568E-02  -0.32820E-01
-0.52412E+00   0.30689E-02  -0.33744E-01
-0.52376E+00   0.34070E-02  -0.34836E-01
-0.52335E+00   0.35976E-02  -0.36000E-01
-0.52288E+00   0.37920E-02  -0.37192E-01
-0.52232E+00   0.39971E-02  -0.38404E-01
-0.52168E+00   0.41715E-02  -0.39643E-01
-0.52099E+00   0.43539E-02  -0.40914E-01
-0.52021E+00   0.45885E-02  -0.42194E-01
-0.51932E+00   0.48140E-02  -0.43479E-01
-0.51835E+00   0.49408E-02  -0.44798E-01
-0.51728E+00   0.50880E-02  -0.46122E-01
-0.51611E+00   0.52244E-02  -0.47454E-01
-0.51482E+00   0.52844E-02  -0.48771E-01
-0.51340E+00   0.53319E-02  -0.50060E-01
-0.51185E+00   0.53722E-02  -0.51319E-01
-0.51017E+00   0.54058E-02  -0.52547E-01
-0.50839E+00   0.54658E-02  -0.53769E-01
-0.50651E+00   0.54490E-02  -0.54995E-01
-0.50449E+00   0.55364E-02  -0.56163E-01
-0.50234E+00   0.55589E-02  -0.57307E-01
-0.50004E+00   0.55865E-02  -0.58346E-01
-0.49759E+00   0.56847E-02  -0.59288E-01
-0.49501E+00   0.58823E-02  -0.60182E-01
-0.49231E+00   0.60851E-02  -0.61039E-01
-0.48945E+00   0.62535E-02  -0.61774E-01
-0.48643E+00   0.63995E-02  -0.62362E-01
-0.48328E+00   0.65744E-02  -0.62849E-01
-0.47998E+00   0.67877E-02  -0.63256E-01
-0.47655E+00   0.70222E-02  -0.63604E-01
-0.47297E+00   0.72622E-02  -0.63913E-01
-0.46925E+00   0.75137E-02  -0.64206E-01
-0.46538E+00   0.77699E-02  -0.64483E-01
-0.46134E+00   0.80249E-02  -0.64717E-01
-0.45714E+00   0.82788E-02  -0.64865E-01
-0.45277E+00   0.85336E-02  -0.64929E-01
-0.44823E+00   0.87913E-02  -0.64972E-01
-0.44350E+00   0.90475E-02  -0.64998E-01
-0.43858E+00   0.93045E-02  -0.65000E-01
-0.43347E+00   0.95641E-02  -0.65000E-01
-0.42815E+00   0.98284E-02  -0.65000E-01
-0.42262E+00   0.10097E-01  -0.65000E-01
-0.41686E+00   0.10369E-01  -0.65000E-01
-0.41088E+00   0.10642E-01  -0.65000E-01
-0.40465E+00   0.10915E-01  -0.65000E-01
-0.39818E+00   0.11186E-01  -0.65000E-01
-0.39144E+00   0.11451E-01  -0.65000E-01
-0.38444E+00   0.11709E-01  -0.65000E-01
-0.37715E+00   0.11962E-01  -0.65000E-01
-0.36958E+00   0.12212E-01  -0.65000E-01
-0.36170E+00   0.12461E-01  -0.65000E-01
-0.35350E+00   0.12710E-01  -0.65000E-01
-0.34498E+00   0.12961E-01  -0.65000E-01
-0.33611E+00   0.13214E-01  -0.65000E-01
-0.32689E+00   0.13469E-01  -0.65000E-01
-0.31730E+00   0.13724E-01  -0.65000E-01
-0.30733E+00   0.13980E-01  -0.65000E-01
-0.29696E+00   0.14244E-01  -0.65000E-01
-0.28617E+00   0.14515E-01  -0.65000E-01
-0.27495E+00   0.14795E-01  -0.65000E-01
-0.26329E+00   0.15072E-01  -0.65000E-01
-0.25115E+00   0.15346E-01  -0.65000E-01
-0.23853E+00   0.15604E-01  -0.65000E-01
-0.22541E+00   0.15843E-01  -0.65000E-01
-0.21176E+00   0.16060E-01  -0.65000E-01
-0.19756E+00   0.16257E-01  -0.65000E-01
-0.18279E+00   0.16449E-01  -0.65000E-01
-0.16744E+00   0.16645E-01  -0.65000E-01
-0.15147E+00   0.16848E-01  -0.65000E-01
-0.13486E+00   0.17061E-01  -0.65000E-01
-0.11758E+00   0.17283E-01  -0.65000E-01
-0.99618E-01   0.17515E-01  -0.65000E-01
-0.80935E-01   0.17755E-01  -0.65000E-01
-0.61505E-01   0.18005E-01  -0.65000E-01
-0.41296E-01   0.18150E-01  -0.65000E-01
-0.20279E-01   0.18150E-01  -0.65000E-01
 0.15800E-02   0.18150E-01  -0.65000E-01
-0.52506E+00   0.00000E+00  -0.30393E-01
-0.52487E+00   0.89587E-03  -0.30856E-01
-0.52465E+00   0.17951E-02  -0.31389E-01
-0.52440E+00   0.26383E-02  -0.32061E-01
-0.52409E+00   0.32987E-02  -0.32947E-01
-0.52372E+00   0.36654E-02  -0.34027E-01
-0.52331E+00   0.38885E-02  -0.35184E-01
-0.52283E+00   0.41229E-02  -0.36367E-01
-0.52226E+00   0.43552E-02  -0.37571E-01
-0.52162E+00   0.45466E-02  -0.38806E-01
-0.52092E+00   0.47530E-02  -0.40071E-01
-0.52014E+00   0.50161E-02  -0.41345E-01
-0.51926E+00   0.52946E-02  -0.42631E-01
-0.51831E+00   0.54677E-02  -0.43954E-01
-0.51723E+00   0.56140E-02  -0.45276E-01
-0.51608E+00   0.57808E-02  -0.46616E-01
-0.51480E+00   0.58770E-02  -0.47947E-01
-0.51339E+00   0.59456E-02  -0.49248E-01
-0.51186E+00   0.60176E-02  -0.50531E-01
-0.51020E+00   0.60701E-02  -0.51781E-01
-0.50842E+00   0.61231E-02  -0.53012E-01
-0.50656E+00   0.61279E-02  -0.54269E-01
-0.50454E+00   0.62117E-02  -0.55455E-01
-0.50242E+00   0.62465E-02  -0.56635E-01
-0.50014E+00   0.63016E-02  -0.57731E-01
-0.49771E+00   0.64239E-02  -0.58715E-01
-0.49514E+00   0.66396E-02  -0.59627E-01
-0.49244E+00   0.68656E-02  -0.60513E-01
-0.48960E+00   0.70754E-02  -0.61309E-01
-0.48660E+00   0.72651E-02  -0.61966E-01
-0.48345E+00   0.74710E-02  -0.62495E-01
-0.48016E+00   0.77149E-02  -0.62939E-01
-0.47673E+00   0.79812E-02  -0.63318E-01
-0.47316E+00   0.82540E-02  -0.63653E-01
-0.46944E+00   0.85416E-02  -0.63980E-01
-0.46557E+00   0.88349E-02  -0.64288E-01
-0.46154E+00   0.91273E-02  -0.64555E-01
-0.45734E+00   0.94191E-02  -0.64739E-01
-0.45297E+00   0.97115E-02  -0.64841E-01
-0.44842E+00   0.10006E-01  -0.64918E-01
-0.44370E+00   0.10299E-01  -0.64980E-01
-0.43878E+00   0.10590E-01  -0.65000E-01
-0.43366E+00   0.10885E-01  -0.65000E-01
-0.42834E+00   0.11185E-01  -0.65000E-01
-0.42281E+00   0.11490E-01  -0.65000E-01
-0.41705E+00   0.11798E-01  -0.65000E-01
-0.41107E+00   0.12108E-01  -0.65000E-01
-0.40484E+00   0.12416E-01  -0.65000E-01
-0.39836E+00   0.12723E-01  -0.65000E-01
-0.39163E+00   0.13023E-01  -0.65000E-01
-0.38462E+00   0.13316E-01  -0.65000E-01
-0.37733E+00   0.13602E-01  -0.65000E-01
-0.36975E+00   0.13884E-01  -0.65000E-01
-0.36187E+00   0.14165E-01  -0.65000E-01
-0.35367E+00   0.14446E-01  -0.65000E-01
-0.34514E+00   0.14729E-01  -0.65000E-01
-0.33628E+00   0.15013E-01  -0.65000E-01
-0.32705E+00   0.15300E-01  -0.65000E-01
-0.31746E+00   0.15587E-01  -0.65000E-01
-0.30748E+00   0.15874E-01  -0.65000E-01
-0.29711E+00   0.16171E-01  -0.65000E-01
-0.28631E+00   0.16475E-01  -0.65000E-01
-0.27509E+00   0.16790E-01  -0.65000E-01
-0.26342E+00   0.17100E-01  -0.65000E-01
-0.25128E+00   0.17407E-01  -0.65000E-01
-0.23865E+00   0.17696E-01  -0.65000E-01
-0.22552E+00   0.17964E-01  -0.65000E-01
-0.21186E+00   0.18205E-01  -0.65000E-01
-0.19766E+00   0.18423E-01  -0.65000E-01
-0.18289E+00   0.18636E-01  -0.65000E-01
-0.16752E+00   0.18854E-01  -0.65000E-01
-0.15154E+00   0.19079E-01  -0.65000E-01
-0.13493E+00   0.19315E-01  -0.65000E-01
-0.11764E+00   0.19561E-01  -0.65000E-01
-0.99671E-01   0.19817E-01  -0.65000E-01
-0.80978E-01   0.20084E-01  -0.65000E-01
-0.61538E-01   0.20360E-01  -0.65000E-01
-0.41319E-01   0.20522E-01  -0.65000E-01
-0.20290E-01   0.20522E-01  -0.65000E-01
 0.15800E-02   0.20522E-01  -0.65000E-01
-0.52502E+00   0.00000E+00  -0.29880E-01
-0.52483E+00   0.94105E-03  -0.30246E-01
-0.52462E+00   0.18902E-02  -0.30687E-01
-0.52437E+00   0.27864E-02  -0.31285E-01
-0.52405E+00   0.34865E-02  -0.32137E-01
-0.52368E+00   0.38851E-02  -0.33205E-01
-0.52326E+00   0.41513E-02  -0.34350E-01
-0.52277E+00   0.44302E-02  -0.35521E-01
-0.52220E+00   0.46914E-02  -0.36716E-01
-0.52155E+00   0.49080E-02  -0.37946E-01
-0.52085E+00   0.51404E-02  -0.39206E-01
-0.52006E+00   0.54234E-02  -0.40473E-01
-0.51919E+00   0.57373E-02  -0.41756E-01
-0.51825E+00   0.59859E-02  -0.43083E-01
-0.51718E+00   0.61544E-02  -0.44407E-01
-0.51603E+00   0.63303E-02  -0.45750E-01
-0.51478E+00   0.64782E-02  -0.47097E-01
-0.51338E+00   0.65729E-02  -0.48413E-01
-0.51186E+00   0.66679E-02  -0.49714E-01
-0.51022E+00   0.67450E-02  -0.50987E-01
-0.50845E+00   0.68028E-02  -0.52236E-01
-0.50660E+00   0.68132E-02  -0.53512E-01
-0.50460E+00   0.68974E-02  -0.54719E-01
-0.50249E+00   0.69437E-02  -0.55933E-01
-0.50024E+00   0.70196E-02  -0.57080E-01
-0.49782E+00   0.71669E-02  -0.58104E-01
-0.49526E+00   0.74053E-02  -0.59040E-01
-0.49257E+00   0.76576E-02  -0.59958E-01
-0.48975E+00   0.79046E-02  -0.60805E-01
-0.48676E+00   0.81387E-02  -0.61526E-01
-0.48362E+00   0.83788E-02  -0.62101E-01
-0.48034E+00   0.86573E-02  -0.62588E-01
-0.47692E+00   0.89576E-02  -0.63003E-01
-0.47335E+00   0.92661E-02  -0.63372E-01
-0.46963E+00   0.95905E-02  -0.63731E-01
-0.46576E+00   0.99206E-02  -0.64065E-01
-0.46174E+00   0.10251E-01  -0.64357E-01
-0.45754E+00   0.10582E-01  -0.64575E-01
-0.45317E+00   0.10914E-01  -0.64718E-01
-0.44863E+00   0.11248E-01  -0.64834E-01
-0.44390E+00   0.11577E-01  -0.64932E-01
-0.43898E+00   0.11906E-01  -0.64991E-01
-0.43387E+00   0.12236E-01  -0.65000E-01
-0.42855E+00   0.12572E-01  -0.65000E-01
-0.42301E+00   0.12913E-01  -0.65000E-01
-0.41725E+00   0.13259E-01  -0.65000E-01
-0.41127E+00   0.13605E-01  -0.65000E-01
-0.40504E+00   0.13951E-01  -0.65000E-01
-0.39856E+00   0.14294E-01  -0.65000E-01
-0.39182E+00   0.14630E-01  -0.65000E-01
-0.38481E+00   0.14957E-01  -0.65000E-01
-0.37752E+00   0.15276E-01  -0.65000E-01
-0.36994E+00   0.15591E-01  -0.65000E-01
-0.36205E+00   0.15904E-01  -0.65000E-01
-0.35385E+00   0.16217E-01  -0.65000E-01
-0.34532E+00   0.16531E-01  -0.65000E-01
-0.33645E+00   0.16847E-01  -0.65000E-01
-0.32722E+00   0.17166E-01  -0.65000E-01
-0.31762E+00   0.17485E-01  -0.65000E-01
-0.30764E+00   0.17804E-01  -0.65000E-01
-0.29726E+00   0.18133E-01  -0.65000E-01
-0.28647E+00   0.18470E-01  -0.65000E-01
-0.27524E+00   0.18818E-01  -0.65000E-01
-0.26356E+00   0.19162E-01  -0.65000E-01
-0.25141E+00   0.19502E-01  -0.65000E-01
-0.23878E+00   0.19822E-01  -0.65000E-01
-0.22564E+00   0.20117E-01  -0.65000E-01
-0.21198E+00   0.20383E-01  -0.65000E-01
-0.19777E+00   0.20622E-01  -0.65000E-01
-0.18299E+00   0.20855E-01  -0.65000E-01
-0.16761E+00   0.21093E-01  -0.65000E-01
-0.15163E+00   0.21339E-01  -0.65000E-01
-0.13500E+00   0.21597E-01  -0.65000E-01
-0.11771E+00   0.21866E-01  -0.65000E-01
-0.99725E-01   0.22147E-01  -0.65000E-01
-0.81023E-01   0.22438E-01  -0.65000E-01
-0.61572E-01   0.22741E-01  -0.65000E-01
-0.41342E-01   0.22918E-01  -0.65000E-01
-0.20302E-01   0.22918E-01  -0.65000E-01
 0.15800E-02   0.22918E-01  -0.65000E-01
-0.52498E+00   0.00000E+00  -0.29353E-01
-0.52480E+00   0.97443E-03  -0.29620E-01
-0.52459E+00   0.19616E-02  -0.29968E-01
-0.52433E+00   0.28984E-02  -0.30498E-01
-0.52400E+00   0.36234E-02  -0.31324E-01
-0.52362E+00   0.40525E-02  -0.32378E-01
-0.52319E+00   0.43719E-02  -0.33509E-01
-0.52269E+00   0.47044E-02  -0.34663E-01
-0.52211E+00   0.50014E-02  -0.35847E-01
-0.52147E+00   0.52520E-02  -0.37070E-01
-0.52076E+00   0.55158E-02  -0.38322E-01
-0.51996E+00   0.58152E-02  -0.39582E-01
-0.51910E+00   0.61485E-02  -0.40862E-01
-0.51817E+00   0.64592E-02  -0.42188E-01
-0.51712E+00   0.67003E-02  -0.43517E-01
-0.51597E+00   0.68779E-02  -0.44862E-01
-0.51473E+00   0.70725E-02  -0.46221E-01
-0.51336E+00   0.72110E-02  -0.47557E-01
-0.51185E+00   0.73243E-02  -0.48873E-01
-0.51023E+00   0.74240E-02  -0.50168E-01
-0.50848E+00   0.74958E-02  -0.51438E-01
-0.50663E+00   0.75102E-02  -0.52731E-01
-0.50464E+00   0.75973E-02  -0.53961E-01
-0.50255E+00   0.76503E-02  -0.55205E-01
-0.50032E+00   0.77404E-02  -0.56396E-01
-0.49792E+00   0.79135E-02  -0.57459E-01
-0.49537E+00   0.81801E-02  -0.58423E-01
-0.49270E+00   0.84603E-02  -0.59373E-01
-0.48989E+00   0.87412E-02  -0.60264E-01
-0.48692E+00   0.90206E-02  -0.61047E-01
-0.48379E+00   0.92994E-02  -0.61673E-01
-0.48052E+00   0.96135E-02  -0.62203E-01
-0.47710E+00   0.99503E-02  -0.62656E-01
-0.47354E+00   0.10297E-01  -0.63064E-01
-0.46982E+00   0.10659E-01  -0.63453E-01
-0.46596E+00   0.11027E-01  -0.63811E-01
-0.46194E+00   0.11395E-01  -0.64125E-01
-0.45774E+00   0.11767E-01  -0.64377E-01
-0.45338E+00   0.12141E-01  -0.64562E-01
-0.44884E+00   0.12515E-01  -0.64718E-01
-0.44411E+00   0.12884E-01  -0.64854E-01
-0.43919E+00   0.13250E-01  -0.64960E-01
-0.43408E+00   0.13617E-01  -0.64997E-01
-0.42875E+00   0.13990E-01  -0.65000E-01
-0.42322E+00   0.14369E-01  -0.65000E-01
-0.41746E+00   0.14751E-01  -0.65000E-01
-0.41147E+00   0.15136E-01  -0.65000E-01
-0.40524E+00   0.15519E-01  -0.65000E-01
-0.39876E+00   0.15899E-01  -0.65000E-01
-0.39202E+00   0.16271E-01  -0.65000E-01
-0.38501E+00   0.16632E-01  -0.65000E-01
-0.37772E+00   0.16985E-01  -0.65000E-01
-0.37013E+00   0.17333E-01  -0.65000E-01
-0.36224E+00   0.17678E-01  -0.65000E-01
-0.35404E+00   0.18023E-01  -0.65000E-01
-0.34550E+00   0.18369E-01  -0.65000E-01
-0.33663E+00   0.18717E-01  -0.65000E-01
-0.32740E+00   0.19068E-01  -0.65000E-01
-0.31779E+00   0.19419E-01  -0.65000E-01
-0.30781E+00   0.19769E-01  -0.65000E-01
-0.29742E+00   0.20130E-01  -0.65000E-01
-0.28662E+00   0.20500E-01  -0.65000E-01
-0.27539E+00   0.20882E-01  -0.65000E-01
-0.26370E+00   0.21259E-01  -0.65000E-01
-0.25155E+00   0.21632E-01  -0.65000E-01
-0.23891E+00   0.21982E-01  -0.65000E-01
-0.22577E+00   0.22304E-01  -0.65000E-01
-0.21210E+00   0.22593E-01  -0.65000E-01
-0.19788E+00   0.22853E-01  -0.65000E-01
-0.18309E+00   0.23105E-01  -0.65000E-01
-0.16771E+00   0.23363E-01  -0.65000E-01
-0.15171E+00   0.23629E-01  -0.65000E-01
-0.13508E+00   0.23908E-01  -0.65000E-01
-0.11777E+00   0.24199E-01  -0.65000E-01
-0.99781E-01   0.24503E-01  -0.65000E-01
-0.81069E-01   0.24818E-01  -0.65000E-01
-0.61607E-01   0.25145E-01  -0.65000E-01
-0.41367E-01   0.25338E-01  -0.65000E-01
-0.20314E-01   0.25337E-01  -0.65000E-01
 0.15800E-02   0.25338E-01  -0.65000E-01
-0.52490E+00   0.00000E+00  -0.28815E-01
-0.52473E+00   0.99822E-03  -0.28985E-01
-0.52452E+00   0.20138E-02  -0.29243E-01
-0.52426E+00   0.29785E-02  -0.29716E-01
-0.52392E+00   0.37112E-02  -0.30532E-01
-0.52353E+00   0.41737E-02  -0.31572E-01
-0.52310E+00   0.45582E-02  -0.32679E-01
-0.52259E+00   0.49497E-02  -0.33811E-01
-0.52201E+00   0.52889E-02  -0.34982E-01
-0.52136E+00   0.55811E-02  -0.36195E-01
-0.52064E+00   0.58770E-02  -0.37437E-01
-0.51984E+00   0.61983E-02  -0.38689E-01
-0.51897E+00   0.65399E-02  -0.39967E-01
-0.51806E+00   0.68894E-02  -0.41288E-01
-0.51703E+00   0.72131E-02  -0.42618E-01
-0.51589E+00   0.74358E-02  -0.43970E-01
-0.51466E+00   0.76479E-02  -0.45332E-01
-0.51331E+00   0.78437E-02  -0.46688E-01
-0.51182E+00   0.79863E-02  -0.48021E-01
-0.51021E+00   0.81058E-02  -0.49334E-01
-0.50847E+00   0.82006E-02  -0.50628E-01
-0.50664E+00   0.82207E-02  -0.51939E-01
-0.50467E+00   0.83099E-02  -0.53191E-01
-0.50259E+00   0.83673E-02  -0.54463E-01
-0.50038E+00   0.84681E-02  -0.55693E-01
-0.49799E+00   0.86698E-02  -0.56791E-01
-0.49546E+00   0.89645E-02  -0.57782E-01
-0.49280E+00   0.92740E-02  -0.58763E-01
-0.49000E+00   0.95876E-02  -0.59692E-01
-0.48705E+00   0.99117E-02  -0.60531E-01
-0.48394E+00   0.10234E-01  -0.61211E-01
-0.48067E+00   0.10585E-01  -0.61783E-01
-0.47726E+00   0.10961E-01  -0.62278E-01
-0.47370E+00   0.11348E-01  -0.62724E-01
-0.47000E+00   0.11749E-01  -0.63147E-01
-0.46614E+00   0.12155E-01  -0.63526E-01
-0.46212E+00   0.12563E-01  -0.63864E-01
-0.45793E+00   0.12976E-01  -0.64144E-01
-0.45357E+00   0.13393E-01  -0.64376E-01
-0.44903E+00   0.13811E-01  -0.64575E-01
-0.44430E+00   0.14220E-01  -0.64744E-01
-0.43939E+00   0.14625E-01  -0.64894E-01
-0.43427E+00   0.15030E-01  -0.64974E-01
-0.42895E+00   0.15440E-01  -0.65000E-01
-0.42341E+00   0.15857E-01  -0.65000E-01
-0.41765E+00   0.16278E-01  -0.65000E-01
-0.41166E+00   0.16700E-01  -0.65000E-01
-0.40543E+00   0.17121E-01  -0.65000E-01
-0.39895E+00   0.17538E-01  -0.65000E-01
-0.39221E+00   0.17947E-01  -0.65000E-01
-0.38520E+00   0.18344E-01  -0.65000E-01
-0.37790E+00   0.18731E-01  -0.65000E-01
-0.37032E+00   0.19111E-01  -0.65000E-01
-0.36242E+00   0.19489E-01  -0.65000E-01
-0.35421E+00   0.19866E-01  -0.65000E-01
-0.34568E+00   0.20244E-01  -0.65000E-01
-0.33680E+00   0.20624E-01  -0.65000E-01
-0.32756E+00   0.21007E-01  -0.65000E-01
-0.31796E+00   0.21389E-01  -0.65000E-01
-0.30796E+00   0.21770E-01  -0.65000E-01
-0.29757E+00   0.22163E-01  -0.65000E-01
-0.28677E+00   0.22566E-01  -0.65000E-01
-0.27553E+00   0.22982E-01  -0.65000E-01
-0.26384E+00   0.23392E-01  -0.65000E-01
-0.25168E+00   0.23796E-01  -0.65000E-01
-0.23904E+00   0.24176E-01  -0.65000E-01
-0.22589E+00   0.24525E-01  -0.65000E-01
-0.21221E+00   0.24838E-01  -0.65000E-01
-0.19798E+00   0.25117E-01  -0.65000E-01
-0.18319E+00   0.25387E-01  -0.65000E-01
-0.16780E+00   0.25663E-01  -0.65000E-01
-0.15179E+00   0.25949E-01  -0.65000E-01
-0.13515E+00   0.26248E-01  -0.65000E-01
-0.11784E+00   0.26560E-01  -0.65000E-01
-0.99836E-01   0.26886E-01  -0.65000E-01
-0.81113E-01   0.27224E-01  -0.65000E-01
-0.61642E-01   0.27575E-01  -0.65000E-01
-0.41390E-01   0.27781E-01  -0.65000E-01
-0.20326E-01   0.27781E-01  -0.65000E-01
 0.15800E-02   0.27782E-01  -0.65000E-01
-0.52482E+00   0.00000E+00  -0.28263E-01
-0.52465E+00   0.10103E-02  -0.28338E-01
-0.52444E+00   0.20420E-02  -0.28518E-01
-0.52416E+00   0.30159E-02  -0.28961E-01
-0.52381E+00   0.37454E-02  -0.29779E-01
-0.52342E+00   0.42584E-02  -0.30794E-01
-0.52298E+00   0.47245E-02  -0.31867E-01
-0.52246E+00   0.51750E-02  -0.32972E-01
-0.52187E+00   0.55553E-02  -0.34128E-01
-0.52122E+00   0.58910E-02  -0.35329E-01
-0.52050E+00   0.62236E-02  -0.36558E-01
-0.51969E+00   0.65679E-02  -0.37801E-01
-0.51882E+00   0.69212E-02  -0.39077E-01
-0.51790E+00   0.72945E-02  -0.40391E-01
-0.51689E+00   0.76781E-02  -0.41716E-01
-0.51577E+00   0.79788E-02  -0.43074E-01
-0.51455E+00   0.82170E-02  -0.44440E-01
-0.51321E+00   0.84580E-02  -0.45808E-01
-0.51175E+00   0.86443E-02  -0.47159E-01
-0.51015E+00   0.87902E-02  -0.48491E-01
-0.50843E+00   0.89071E-02  -0.49807E-01
-0.50662E+00   0.89452E-02  -0.51141E-01
-0.50465E+00   0.90380E-02  -0.52415E-01
-0.50259E+00   0.90970E-02  -0.53713E-01
-0.50040E+00   0.92036E-02  -0.54973E-01
-0.49803E+00   0.94319E-02  -0.56101E-01
-0.49550E+00   0.97597E-02  -0.57118E-01
-0.49286E+00   0.10099E-01  -0.58129E-01
-0.49008E+00   0.10445E-01  -0.59093E-01
-0.48715E+00   0.10813E-01  -0.59980E-01
-0.48405E+00   0.11181E-01  -0.60715E-01
-0.48079E+00   0.11574E-01  -0.61332E-01
-0.47739E+00   0.11990E-01  -0.61866E-01
-0.47384E+00   0.12418E-01  -0.62350E-01
-0.47014E+00   0.12858E-01  -0.62800E-01
-0.46629E+00   0.13306E-01  -0.63210E-01
-0.46227E+00   0.13755E-01  -0.63573E-01
-0.45808E+00   0.14212E-01  -0.63886E-01
-0.45373E+00   0.14674E-01  -0.64159E-01
-0.44919E+00   0.15134E-01  -0.64396E-01
-0.44447E+00   0.15586E-01  -0.64602E-01
-0.43956E+00   0.16032E-01  -0.64790E-01
-0.43444E+00   0.16477E-01  -0.64912E-01
-0.42912E+00   0.16926E-01  -0.64987E-01
-0.42359E+00   0.17380E-01  -0.65000E-01
-0.41783E+00   0.17840E-01  -0.65000E-01
-0.41184E+00   0.18301E-01  -0.65000E-01
-0.40561E+00   0.18760E-01  -0.65000E-01
-0.39913E+00   0.19215E-01  -0.65000E-01
-0.39238E+00   0.19660E-01  -0.65000E-01
-0.38537E+00   0.20093E-01  -0.65000E-01
-0.37807E+00   0.20514E-01  -0.65000E-01
-0.37048E+00   0.20928E-01  -0.65000E-01
-0.36259E+00   0.21338E-01  -0.65000E-01
-0.35437E+00   0.21747E-01  -0.65000E-01
-0.34583E+00   0.22158E-01  -0.65000E-01
-0.33695E+00   0.22569E-01  -0.65000E-01
-0.32771E+00   0.22984E-01  -0.65000E-01
-0.31810E+00   0.23398E-01  -0.65000E-01
-0.30811E+00   0.23810E-01  -0.65000E-01
-0.29771E+00   0.24234E-01  -0.65000E-01
-0.28690E+00   0.24670E-01  -0.65000E-01
-0.27566E+00   0.25118E-01  -0.65000E-01
-0.26397E+00   0.25561E-01  -0.65000E-01
-0.25181E+00   0.25997E-01  -0.65000E-01
-0.23916E+00   0.26406E-01  -0.65000E-01
-0.22600E+00   0.26781E-01  -0.65000E-01
-0.21231E+00   0.27116E-01  -0.65000E-01
-0.19808E+00   0.27414E-01  -0.65000E-01
-0.18328E+00   0.27702E-01  -0.65000E-01
-0.16788E+00   0.27996E-01  -0.65000E-01
-0.15187E+00   0.28299E-01  -0.65000E-01
-0.13522E+00   0.28617E-01  -0.65000E-01
-0.11790E+00   0.28950E-01  -0.65000E-01
-0.99885E-01   0.29296E-01  -0.65000E-01
-0.81154E-01   0.29656E-01  -0.65000E-01
-0.61673E-01   0.30029E-01  -0.65000E-01
-0.41412E-01   0.30250E-01  -0.65000E-01
-0.20337E-01   0.30250E-01  -0.65000E-01
 0.15800E-02   0.30250E-01  -0.65000E-01
-0.52471E+00   0.00000E+00  -0.27702E-01
-0.52453E+00   0.10134E-02  -0.27696E-01
-0.52431E+00   0.20509E-02  -0.27824E-01
-0.52402E+00   0.30102E-02  -0.28284E-01
-0.52367E+00   0.37479E-02  -0.29097E-01
-0.52327E+00   0.43379E-02  -0.30067E-01
-0.52282E+00   0.48881E-02  -0.31095E-01
-0.52229E+00   0.53876E-02  -0.32174E-01
-0.52169E+00   0.58130E-02  -0.33311E-01
-0.52103E+00   0.61927E-02  -0.34497E-01
-0.52030E+00   0.65618E-02  -0.35710E-01
-0.51949E+00   0.69329E-02  -0.36943E-01
-0.51862E+00   0.73050E-02  -0.38215E-01
-0.51769E+00   0.76989E-02  -0.39519E-01
-0.51668E+00   0.81148E-02  -0.40839E-01
-0.51559E+00   0.84844E-02  -0.42197E-01
-0.51438E+00   0.87834E-02  -0.43565E-01
-0.51305E+00   0.90532E-02  -0.44939E-01
-0.51161E+00   0.92913E-02  -0.46306E-01
-0.51003E+00   0.94729E-02  -0.47656E-01
-0.50833E+00   0.96162E-02  -0.48993E-01
-0.50653E+00   0.96794E-02  -0.50351E-01
-0.50458E+00   0.97782E-02  -0.51648E-01
-0.50254E+00   0.98360E-02  -0.52971E-01
-0.50036E+00   0.99506E-02  -0.54254E-01
-0.49800E+00   0.10206E-01  -0.55404E-01
-0.49549E+00   0.10571E-01  -0.56445E-01
-0.49286E+00   0.10938E-01  -0.57483E-01
-0.49009E+00   0.11318E-01  -0.58477E-01
-0.48717E+00   0.11726E-01  -0.59402E-01
-0.48409E+00   0.12145E-01  -0.60190E-01
-0.48085E+00   0.12583E-01  -0.60853E-01
-0.47746E+00   0.13041E-01  -0.61426E-01
-0.47392E+00   0.13508E-01  -0.61939E-01
-0.47022E+00   0.13992E-01  -0.62421E-01
-0.46638E+00   0.14482E-01  -0.62860E-01
-0.46237E+00   0.14976E-01  -0.63254E-01
-0.45819E+00   0.15477E-01  -0.63599E-01
-0.45384E+00   0.15984E-01  -0.63912E-01
-0.44931E+00   0.16489E-01  -0.64185E-01
-0.44459E+00   0.16984E-01  -0.64429E-01
-0.43968E+00   0.17472E-01  -0.64655E-01
-0.43457E+00   0.17957E-01  -0.64816E-01
-0.42925E+00   0.18447E-01  -0.64930E-01
-0.42371E+00   0.18941E-01  -0.64992E-01
-0.41796E+00   0.19440E-01  -0.65000E-01
-0.41197E+00   0.19940E-01  -0.65000E-01
-0.40574E+00   0.20437E-01  -0.65000E-01
-0.39926E+00   0.20930E-01  -0.65000E-01
-0.39251E+00   0.21413E-01  -0.65000E-01
-0.38550E+00   0.21881E-01  -0.65000E-01
-0.37820E+00   0.22336E-01  -0.65000E-01
-0.37061E+00   0.22783E-01  -0.65000E-01
-0.36271E+00   0.23226E-01  -0.65000E-01
-0.35450E+00   0.23667E-01  -0.65000E-01
-0.34596E+00   0.24110E-01  -0.65000E-01
-0.33707E+00   0.24553E-01  -0.65000E-01
-0.32783E+00   0.24999E-01  -0.65000E-01
-0.31822E+00   0.25445E-01  -0.65000E-01
-0.30822E+00   0.25888E-01  -0.65000E-01
-0.29783E+00   0.26344E-01  -0.65000E-01
-0.28701E+00   0.26811E-01  -0.65000E-01
-0.27577E+00   0.27293E-01  -0.65000E-01
-0.26407E+00   0.27767E-01  -0.65000E-01
-0.25190E+00   0.28235E-01  -0.65000E-01
-0.23925E+00   0.28673E-01  -0.65000E-01
-0.22609E+00   0.29072E-01  -0.65000E-01
-0.21240E+00   0.29429E-01  -0.65000E-01
-0.19816E+00   0.29745E-01  -0.65000E-01
-0.18335E+00   0.30050E-01  -0.65000E-01
-0.16795E+00   0.30360E-01  -0.65000E-01
-0.15193E+00   0.30681E-01  -0.65000E-01
-0.13527E+00   0.31017E-01  -0.65000E-01
-0.11794E+00   0.31369E-01  -0.65000E-01
-0.99925E-01   0.31735E-01  -0.65000E-01
-0.81187E-01   0.32115E-01  -0.65000E-01
-0.61699E-01   0.32510E-01  -0.65000E-01
-0.41429E-01   0.32743E-01  -0.65000E-01
-0.20346E-01   0.32743E-01  -0.65000E-01
 0.15800E-02   0.32743E-01  -0.65000E-01
-0.52457E+00   0.00000E+00  -0.27128E-01
-0.52439E+00   0.10098E-02  -0.27069E-01
-0.52415E+00   0.20413E-02  -0.27197E-01
-0.52384E+00   0.29792E-02  -0.27697E-01
-0.52348E+00   0.37644E-02  -0.28466E-01
-0.52308E+00   0.44460E-02  -0.29371E-01
-0.52261E+00   0.50547E-02  -0.30357E-01
-0.52207E+00   0.55934E-02  -0.31412E-01
-0.52146E+00   0.60646E-02  -0.32529E-01
-0.52080E+00   0.64848E-02  -0.33697E-01
-0.52005E+00   0.68959E-02  -0.34890E-01
-0.51924E+00   0.72983E-02  -0.36112E-01
-0.51837E+00   0.76926E-02  -0.37380E-01
-0.51744E+00   0.81094E-02  -0.38671E-01
-0.51643E+00   0.85434E-02  -0.39985E-01
-0.51534E+00   0.89583E-02  -0.41338E-01
-0.51415E+00   0.93263E-02  -0.42705E-01
-0.51284E+00   0.96378E-02  -0.44083E-01
-0.51141E+00   0.99228E-02  -0.45460E-01
-0.50985E+00   0.10147E-01  -0.46827E-01
-0.50817E+00   0.10323E-01  -0.48183E-01
-0.50639E+00   0.10419E-01  -0.49564E-01
-0.50446E+00   0.10530E-01  -0.50889E-01
-0.50243E+00   0.10586E-01  -0.52238E-01
-0.50025E+00   0.10712E-01  -0.53537E-01
-0.49791E+00   0.11000E-01  -0.54700E-01
-0.49541E+00   0.11399E-01  -0.55763E-01
-0.49279E+00   0.11795E-01  -0.56823E-01
-0.49003E+00   0.12207E-01  -0.57843E-01
-0.48713E+00   0.12653E-01  -0.58796E-01
-0.48407E+00   0.13125E-01  -0.59632E-01
-0.48085E+00   0.13612E-01  -0.60342E-01
-0.47747E+00   0.14115E-01  -0.60954E-01
-0.47393E+00   0.14626E-01  -0.61500E-01
-0.47025E+00   0.15152E-01  -0.62009E-01
-0.46641E+00   0.15688E-01  -0.62481E-01
-0.46241E+00   0.16227E-01  -0.62905E-01
-0.45824E+00   0.16774E-01  -0.63284E-01
-0.45389E+00   0.17328E-01  -0.63632E-01
-0.44937E+00   0.17878E-01  -0.63940E-01
-0.44466E+00   0.18418E-01  -0.64223E-01
-0.43975E+00   0.18948E-01  -0.64484E-01
-0.43464E+00   0.19476E-01  -0.64686E-01
-0.42933E+00   0.20006E-01  -0.64838E-01
-0.42380E+00   0.20542E-01  -0.64945E-01
-0.41804E+00   0.21081E-01  -0.64997E-01
-0.41205E+00   0.21620E-01  -0.65000E-01
-0.40583E+00   0.22156E-01  -0.65000E-01
-0.39934E+00   0.22688E-01  -0.65000E-01
-0.39260E+00   0.23207E-01  -0.65000E-01
-0.38559E+00   0.23711E-01  -0.65000E-01
-0.37829E+00   0.24201E-01  -0.65000E-01
-0.37070E+00   0.24681E-01  -0.65000E-01
-0.36280E+00   0.25156E-01  -0.65000E-01
-0.35459E+00   0.25630E-01  -0.65000E-01
-0.34604E+00   0.26104E-01  -0.65000E-01
-0.33716E+00   0.26579E-01  -0.65000E-01
-0.32792E+00   0.27057E-01  -0.65000E-01
-0.31830E+00   0.27533E-01  -0.65000E-01
-0.30830E+00   0.28007E-01  -0.65000E-01
-0.29791E+00   0.28494E-01  -0.65000E-01
-0.28709E+00   0.28993E-01  -0.65000E-01
-0.27584E+00   0.29507E-01  -0.65000E-01
-0.26414E+00   0.30013E-01  -0.65000E-01
-0.25197E+00   0.30511E-01  -0.65000E-01
-0.23932E+00   0.30977E-01  -0.65000E-01
-0.22615E+00   0.31402E-01  -0.65000E-01
-0.21246E+00   0.31779E-01  -0.65000E-01
-0.19821E+00   0.32112E-01  -0.65000E-01
-0.18340E+00   0.32432E-01  -0.65000E-01
-0.16800E+00   0.32758E-01  -0.65000E-01
-0.15197E+00   0.33095E-01  -0.65000E-01
-0.13531E+00   0.33447E-01  -0.65000E-01
-0.11798E+00   0.33817E-01  -0.65000E-01
-0.99955E-01   0.34201E-01  -0.65000E-01
-0.81211E-01   0.34601E-01  -0.65000E-01
-0.61718E-01   0.35015E-01  -0.65000E-01
-0.41442E-01   0.35261E-01  -0.65000E-01
-0.20353E-01   0.35261E-01  -0.65000E-01
 0.15800E-02   0.35261E-01  -0.65000E-01
-0.52441E+00   0.00000E+00  -0.26546E-01
-0.52420E+00   0.10048E-02  -0.26469E-01
-0.52394E+00   0.20228E-02  -0.26649E-01
-0.52363E+00   0.29734E-02  -0.27130E-01
-0.52327E+00   0.38240E-02  -0.27825E-01
-0.52285E+00   0.45623E-02  -0.28676E-01
-0.52236E+00   0.52044E-02  -0.29635E-01
-0.52181E+00   0.57876E-02  -0.30661E-01
-0.52120E+00   0.63047E-02  -0.31755E-01
-0.52053E+00   0.67757E-02  -0.32899E-01
-0.51978E+00   0.72298E-02  -0.34071E-01
-0.51896E+00   0.76584E-02  -0.35284E-01
-0.51809E+00   0.80774E-02  -0.36544E-01
-0.51715E+00   0.85152E-02  -0.37822E-01
-0.51614E+00   0.89679E-02  -0.39133E-01
-0.51506E+00   0.94152E-02  -0.40477E-01
-0.51388E+00   0.98390E-02  -0.41840E-01
-0.51258E+00   0.10204E-01  -0.43219E-01
-0.51117E+00   0.10535E-01  -0.44602E-01
-0.50963E+00   0.10808E-01  -0.45984E-01
-0.50797E+00   0.11022E-01  -0.47362E-01
-0.50621E+00   0.11156E-01  -0.48763E-01
-0.50430E+00   0.11284E-01  -0.50118E-01
-0.50229E+00   0.11343E-01  -0.51499E-01
-0.50012E+00   0.11485E-01  -0.52810E-01
-0.49778E+00   0.11810E-01  -0.53979E-01
-0.49530E+00   0.12240E-01  -0.55060E-01
-0.49269E+00   0.12664E-01  -0.56141E-01
-0.48995E+00   0.13109E-01  -0.57184E-01
-0.48706E+00   0.13593E-01  -0.58159E-01
-0.48401E+00   0.14117E-01  -0.59036E-01
-0.48081E+00   0.14655E-01  -0.59790E-01
-0.47744E+00   0.15206E-01  -0.60442E-01
-0.47392E+00   0.15764E-01  -0.61026E-01
-0.47025E+00   0.16334E-01  -0.61562E-01
-0.46642E+00   0.16917E-01  -0.62064E-01
-0.46242E+00   0.17504E-01  -0.62522E-01
-0.45826E+00   0.18099E-01  -0.62936E-01
-0.45393E+00   0.18699E-01  -0.63315E-01
-0.44941E+00   0.19297E-01  -0.63662E-01
-0.44470E+00   0.19882E-01  -0.63979E-01
-0.43980E+00   0.20457E-01  -0.64274E-01
-0.43470E+00   0.21028E-01  -0.64513E-01
-0.42939E+00   0.21601E-01  -0.64704E-01
-0.42386E+00   0.22179E-01  -0.64853E-01
-0.41811E+00   0.22759E-01  -0.64962E-01
-0.41212E+00   0.23339E-01  -0.65000E-01
-0.40590E+00   0.23914E-01  -0.65000E-01
-0.39942E+00   0.24484E-01  -0.65000E-01
-0.39268E+00   0.25041E-01  -0.65000E-01
-0.38566E+00   0.25581E-01  -0.65000E-01
-0.37837E+00   0.26105E-01  -0.65000E-01
-0.37077E+00   0.26619E-01  -0.65000E-01
-0.36288E+00   0.27126E-01  -0.65000E-01
-0.35466E+00   0.27632E-01  -0.65000E-01
-0.34612E+00   0.28139E-01  -0.65000E-01
-0.33723E+00   0.28645E-01  -0.65000E-01
-0.32799E+00   0.29154E-01  -0.65000E-01
-0.31837E+00   0.29662E-01  -0.65000E-01
-0.30838E+00   0.30165E-01  -0.65000E-01
-0.29797E+00   0.30683E-01  -0.65000E-01
-0.28716E+00   0.31214E-01  -0.65000E-01
-0.27591E+00   0.31760E-01  -0.65000E-01
-0.26421E+00   0.32297E-01  -0.65000E-01
-0.25204E+00   0.32826E-01  -0.65000E-01
-0.23938E+00   0.33319E-01  -0.65000E-01
-0.22621E+00   0.33767E-01  -0.65000E-01
-0.21251E+00   0.34164E-01  -0.65000E-01
-0.19827E+00   0.34513E-01  -0.65000E-01
-0.18345E+00   0.34848E-01  -0.65000E-01
-0.16804E+00   0.35189E-01  -0.65000E-01
-0.15201E+00   0.35540E-01  -0.65000E-01
-0.13534E+00   0.35909E-01  -0.65000E-01
-0.11801E+00   0.36295E-01  -0.65000E-01
-0.99982E-01   0.36697E-01  -0.65000E-01
-0.81233E-01   0.37114E-01  -0.65000E-01
-0.61735E-01   0.37547E-01  -0.65000E-01
-0.41454E-01   0.37804E-01  -0.65000E-01
-0.20359E-01   0.37804E-01  -0.65000E-01
 0.15800E-02   0.37804E-01  -0.65000E-01
-0.52422E+00   0.00000E+00  -0.25955E-01
-0.52398E+00   0.99801E-03  -0.26040E-01
-0.52371E+00   0.20215E-02  -0.26202E-01
-0.52339E+00   0.30299E-02  -0.26542E-01
-0.52301E+00   0.39247E-02  -0.27163E-01
-0.52257E+00   0.46706E-02  -0.28002E-01
-0.52208E+00   0.53491E-02  -0.28930E-01
-0.52152E+00   0.59801E-02  -0.29923E-01
-0.52091E+00   0.65444E-02  -0.30990E-01
-0.52022E+00   0.70712E-02  -0.32105E-01
-0.51946E+00   0.75631E-02  -0.33258E-01
-0.51865E+00   0.80185E-02  -0.34463E-01
-0.51778E+00   0.84633E-02  -0.35710E-01
-0.51683E+00   0.89233E-02  -0.36978E-01
-0.51582E+00   0.93923E-02  -0.38284E-01
-0.51474E+00   0.98704E-02  -0.39618E-01
-0.51357E+00   0.10338E-01  -0.40974E-01
-0.51228E+00   0.10754E-01  -0.42351E-01
-0.51088E+00   0.11130E-01  -0.43738E-01
-0.50937E+00   0.11454E-01  -0.45133E-01
-0.50773E+00   0.11709E-01  -0.46534E-01
-0.50598E+00   0.11889E-01  -0.47950E-01
-0.50410E+00   0.12040E-01  -0.49337E-01
-0.50211E+00   0.12105E-01  -0.50753E-01
-0.49995E+00   0.12273E-01  -0.52072E-01
-0.49762E+00   0.12636E-01  -0.53242E-01
-0.49514E+00   0.13098E-01  -0.54337E-01
-0.49255E+00   0.13548E-01  -0.55437E-01
-0.48982E+00   0.14026E-01  -0.56499E-01
-0.48694E+00   0.14549E-01  -0.57493E-01
-0.48391E+00   0.15124E-01  -0.58403E-01
-0.48073E+00   0.15715E-01  -0.59196E-01
-0.47738E+00   0.16317E-01  -0.59890E-01
-0.47387E+00   0.16925E-01  -0.60512E-01
-0.47021E+00   0.17543E-01  -0.61080E-01
-0.46639E+00   0.18174E-01  -0.61613E-01
-0.46241E+00   0.18810E-01  -0.62104E-01
-0.45825E+00   0.19454E-01  -0.62551E-01
-0.45393E+00   0.20103E-01  -0.62962E-01
-0.44942E+00   0.20749E-01  -0.63342E-01
-0.44472E+00   0.21381E-01  -0.63695E-01
-0.43983E+00   0.22000E-01  -0.64023E-01
-0.43473E+00   0.22616E-01  -0.64299E-01
-0.42942E+00   0.23233E-01  -0.64529E-01
-0.42390E+00   0.23854E-01  -0.64714E-01
-0.41815E+00   0.24478E-01  -0.64872E-01
-0.41217E+00   0.25100E-01  -0.64983E-01
-0.40595E+00   0.25715E-01  -0.65000E-01
-0.39947E+00   0.26324E-01  -0.65000E-01
-0.39273E+00   0.26919E-01  -0.65000E-01
-0.38572E+00   0.27494E-01  -0.65000E-01
-0.37842E+00   0.28053E-01  -0.65000E-01
-0.37083E+00   0.28600E-01  -0.65000E-01
-0.36293E+00   0.29140E-01  -0.65000E-01
-0.35472E+00   0.29678E-01  -0.65000E-01
-0.34618E+00   0.30216E-01  -0.65000E-01
-0.33729E+00   0.30754E-01  -0.65000E-01
-0.32805E+00   0.31294E-01  -0.65000E-01
-0.31843E+00   0.31833E-01  -0.65000E-01
-0.30843E+00   0.32366E-01  -0.65000E-01
-0.29803E+00   0.32915E-01  -0.65000E-01
-0.28721E+00   0.33476E-01  -0.65000E-01
-0.27596E+00   0.34054E-01  -0.65000E-01
-0.26426E+00   0.34622E-01  -0.65000E-01
-0.25209E+00   0.35180E-01  -0.65000E-01
-0.23943E+00   0.35700E-01  -0.65000E-01
-0.22626E+00   0.36171E-01  -0.65000E-01
-0.21256E+00   0.36587E-01  -0.65000E-01
-0.19831E+00   0.36951E-01  -0.65000E-01
-0.18349E+00   0.37299E-01  -0.65000E-01
-0.16807E+00   0.37654E-01  -0.65000E-01
-0.15204E+00   0.38019E-01  -0.65000E-01
-0.13537E+00   0.38402E-01  -0.65000E-01
-0.11804E+00   0.38803E-01  -0.65000E-01
-0.10000E+00   0.39221E-01  -0.65000E-01
-0.81251E-01   0.39655E-01  -0.65000E-01
-0.61748E-01   0.40105E-01  -0.65000E-01
-0.41463E-01   0.40372E-01  -0.65000E-01
-0.20364E-01   0.40372E-01  -0.65000E-01
 0.15800E-02   0.40373E-01  -0.65000E-01
-0.52399E+00   0.00000E+00  -0.25358E-01
-0.52375E+00   0.10003E-02  -0.25381E-01
-0.52347E+00   0.20258E-02  -0.25508E-01
-0.52314E+00   0.30215E-02  -0.25869E-01
-0.52275E+00   0.39143E-02  -0.26493E-01
-0.52231E+00   0.47118E-02  -0.27279E-01
-0.52180E+00   0.54463E-02  -0.28158E-01
-0.52124E+00   0.61216E-02  -0.29120E-01
-0.52062E+00   0.67448E-02  -0.30153E-01
-0.51993E+00   0.73295E-02  -0.31236E-01
-0.51917E+00   0.78647E-02  -0.32371E-01
-0.51836E+00   0.83516E-02  -0.33567E-01
-0.51748E+00   0.88231E-02  -0.34799E-01
-0.51653E+00   0.93043E-02  -0.36060E-01
-0.51553E+00   0.97911E-02  -0.37361E-01
-0.51445E+00   0.10297E-01  -0.38686E-01
-0.51328E+00   0.10802E-01  -0.40037E-01
-0.51201E+00   0.11274E-01  -0.41411E-01
-0.51063E+00   0.11697E-01  -0.42801E-01
-0.50913E+00   0.12071E-01  -0.44208E-01
-0.50753E+00   0.12369E-01  -0.45635E-01
-0.50580E+00   0.12605E-01  -0.47067E-01
-0.50394E+00   0.12787E-01  -0.48488E-01
-0.50198E+00   0.12870E-01  -0.49941E-01
-0.49983E+00   0.13064E-01  -0.51274E-01
-0.49750E+00   0.13465E-01  -0.52450E-01
-0.49504E+00   0.13954E-01  -0.53559E-01
-0.49245E+00   0.14433E-01  -0.54677E-01
-0.48973E+00   0.14942E-01  -0.55757E-01
-0.48687E+00   0.15505E-01  -0.56772E-01
-0.48386E+00   0.16127E-01  -0.57709E-01
-0.48069E+00   0.16772E-01  -0.58542E-01
-0.47736E+00   0.17429E-01  -0.59279E-01
-0.47387E+00   0.18090E-01  -0.59941E-01
-0.47022E+00   0.18761E-01  -0.60549E-01
-0.46642E+00   0.19441E-01  -0.61111E-01
-0.46245E+00   0.20129E-01  -0.61638E-01
-0.45830E+00   0.20824E-01  -0.62118E-01
-0.45399E+00   0.21523E-01  -0.62564E-01
-0.44949E+00   0.22218E-01  -0.62975E-01
-0.44480E+00   0.22899E-01  -0.63363E-01
-0.43991E+00   0.23566E-01  -0.63725E-01
-0.43482E+00   0.24228E-01  -0.64041E-01
-0.42952E+00   0.24891E-01  -0.64307E-01
-0.42400E+00   0.25558E-01  -0.64534E-01
-0.41826E+00   0.26226E-01  -0.64738E-01
-0.41228E+00   0.26893E-01  -0.64913E-01
-0.40606E+00   0.27549E-01  -0.64978E-01
-0.39958E+00   0.28198E-01  -0.65000E-01
-0.39284E+00   0.28831E-01  -0.65000E-01
-0.38583E+00   0.29443E-01  -0.65000E-01
-0.37853E+00   0.30037E-01  -0.65000E-01
-0.37094E+00   0.30619E-01  -0.65000E-01
-0.36305E+00   0.31192E-01  -0.65000E-01
-0.35483E+00   0.31762E-01  -0.65000E-01
-0.34629E+00   0.32332E-01  -0.65000E-01
-0.33740E+00   0.32901E-01  -0.65000E-01
-0.32815E+00   0.33473E-01  -0.65000E-01
-0.31854E+00   0.34042E-01  -0.65000E-01
-0.30853E+00   0.34605E-01  -0.65000E-01
-0.29813E+00   0.35184E-01  -0.65000E-01
-0.28731E+00   0.35776E-01  -0.65000E-01
-0.27606E+00   0.36385E-01  -0.65000E-01
-0.26435E+00   0.36984E-01  -0.65000E-01
-0.25218E+00   0.37572E-01  -0.65000E-01
-0.23951E+00   0.38118E-01  -0.65000E-01
-0.22634E+00   0.38612E-01  -0.65000E-01
-0.21263E+00   0.39046E-01  -0.65000E-01
-0.19838E+00   0.39424E-01  -0.65000E-01
-0.18355E+00   0.39785E-01  -0.65000E-01
-0.16813E+00   0.40152E-01  -0.65000E-01
-0.15210E+00   0.40530E-01  -0.65000E-01
-0.13542E+00   0.40926E-01  -0.65000E-01
-0.11808E+00   0.41342E-01  -0.65000E-01
-0.10004E+00   0.41774E-01  -0.65000E-01
-0.81281E-01   0.42223E-01  -0.65000E-01
-0.61772E-01   0.42690E-01  -0.65000E-01
-0.41479E-01   0.42967E-01  -0.65000E-01
-0.20372E-01   0.42966E-01  -0.65000E-01
 0.15800E-02   0.42967E-01  -0.65000E-01
-0.52374E+00   0.00000E+00  -0.24754E-01
-0.52348E+00   0.99767E-03  -0.24741E-01
-0.52319E+00   0.20171E-02  -0.24878E-01
-0.52284E+00   0.30050E-02  -0.25257E-01
-0.52245E+00   0.39271E-02  -0.25835E-01
-0.52199E+00   0.47673E-02  -0.26566E-01
-0.52147E+00   0.55386E-02  -0.27408E-01
-0.52091E+00   0.62655E-02  -0.28333E-01
-0.52029E+00   0.69485E-02  -0.29324E-01
-0.51960E+00   0.75849E-02  -0.30377E-01
-0.51885E+00   0.81628E-02  -0.31495E-01
-0.51804E+00   0.86877E-02  -0.32676E-01
-0.51715E+00   0.91881E-02  -0.33893E-01
-0.51621E+00   0.96881E-02  -0.35148E-01
-0.51520E+00   0.10193E-01  -0.36442E-01
-0.51412E+00   0.10726E-01  -0.37758E-01
-0.51296E+00   0.11264E-01  -0.39102E-01
-0.51170E+00   0.11788E-01  -0.40470E-01
-0.51034E+00   0.12263E-01  -0.41862E-01
-0.50886E+00   0.12682E-01  -0.43278E-01
-0.50728E+00   0.13018E-01  -0.44729E-01
-0.50557E+00   0.13311E-01  -0.46173E-01
-0.50374E+00   0.13532E-01  -0.47628E-01
-0.50181E+00   0.13636E-01  -0.49116E-01
-0.49967E+00   0.13867E-01  -0.50461E-01
-0.49735E+00   0.14310E-01  -0.51636E-01
-0.49489E+00   0.14824E-01  -0.52759E-01
-0.49232E+00   0.15331E-01  -0.53894E-01
-0.48961E+00   0.15873E-01  -0.54988E-01
-0.48676E+00   0.16475E-01  -0.56018E-01
-0.48377E+00   0.17145E-01  -0.56979E-01
-0.48062E+00   0.17843E-01  -0.57843E-01
-0.47731E+00   0.18557E-01  -0.58622E-01
-0.47383E+00   0.19273E-01  -0.59323E-01
-0.47020E+00   0.19999E-01  -0.59967E-01
-0.46641E+00   0.20733E-01  -0.60567E-01
-0.46245E+00   0.21474E-01  -0.61126E-01
-0.45832E+00   0.22223E-01  -0.61644E-01
-0.45401E+00   0.22973E-01  -0.62120E-01
-0.44952E+00   0.23719E-01  -0.62565E-01
-0.44484E+00   0.24450E-01  -0.62985E-01
-0.43996E+00   0.25164E-01  -0.63377E-01
-0.43488E+00   0.25875E-01  -0.63729E-01
-0.42958E+00   0.26585E-01  -0.64037E-01
-0.42407E+00   0.27300E-01  -0.64310E-01
-0.41833E+00   0.28015E-01  -0.64556E-01
-0.41236E+00   0.28726E-01  -0.64780E-01
-0.40614E+00   0.29426E-01  -0.64897E-01
-0.39967E+00   0.30117E-01  -0.64983E-01
-0.39293E+00   0.30789E-01  -0.65000E-01
-0.38592E+00   0.31438E-01  -0.65000E-01
-0.37863E+00   0.32067E-01  -0.65000E-01
-0.37104E+00   0.32682E-01  -0.65000E-01
-0.36314E+00   0.33288E-01  -0.65000E-01
-0.35492E+00   0.33890E-01  -0.65000E-01
-0.34638E+00   0.34493E-01  -0.65000E-01
-0.33749E+00   0.35093E-01  -0.65000E-01
-0.32824E+00   0.35696E-01  -0.65000E-01
-0.31862E+00   0.36295E-01  -0.65000E-01
-0.30862E+00   0.36888E-01  -0.65000E-01
-0.29822E+00   0.37497E-01  -0.65000E-01
-0.28739E+00   0.38120E-01  -0.65000E-01
-0.27614E+00   0.38760E-01  -0.65000E-01
-0.26443E+00   0.39388E-01  -0.65000E-01
-0.25225E+00   0.40005E-01  -0.65000E-01
-0.23959E+00   0.40577E-01  -0.65000E-01
-0.22641E+00   0.41092E-01  -0.65000E-01
-0.21270E+00   0.41544E-01  -0.65000E-01
-0.19844E+00   0.41935E-01  -0.65000E-01
-0.18361E+00   0.42308E-01  -0.65000E-01
-0.16819E+00   0.42685E-01  -0.65000E-01
-0.15215E+00   0.43075E-01  -0.65000E-01
-0.13547E+00   0.43483E-01  -0.65000E-01
-0.11812E+00   0.43912E-01  -0.65000E-01
-0.10007E+00   0.44358E-01  -0.65000E-01
-0.81308E-01   0.44820E-01  -0.65000E-01
-0.61792E-01   0.45301E-01  -0.65000E-01
-0.41494E-01   0.45587E-01  -0.65000E-01
-0.20379E-01   0.45587E-01  -0.65000E-01
 0.15800E-02   0.45587E-01  -0.65000E-01
-0.52344E+00   0.00000E+00  -0.24148E-01
-0.52317E+00   0.99017E-03  -0.24224E-01
-0.52286E+00   0.20073E-02  -0.24367E-01
-0.52251E+00   0.30217E-02  -0.24657E-01
-0.52209E+00   0.39693E-02  -0.25175E-01
-0.52163E+00   0.48265E-02  -0.25881E-01
-0.52111E+00   0.56358E-02  -0.26687E-01
-0.52054E+00   0.64115E-02  -0.27567E-01
-0.51991E+00   0.71481E-02  -0.28518E-01
-0.51923E+00   0.78366E-02  -0.29538E-01
-0.51848E+00   0.84613E-02  -0.30637E-01
-0.51767E+00   0.90316E-02  -0.31796E-01
-0.51678E+00   0.95655E-02  -0.32999E-01
-0.51584E+00   0.10078E-01  -0.34250E-01
-0.51483E+00   0.10604E-01  -0.35532E-01
-0.51375E+00   0.11159E-01  -0.36840E-01
-0.51259E+00   0.11729E-01  -0.38176E-01
-0.51134E+00   0.12300E-01  -0.39537E-01
-0.51000E+00   0.12829E-01  -0.40928E-01
-0.50854E+00   0.13295E-01  -0.42350E-01
-0.50699E+00   0.13669E-01  -0.43825E-01
-0.50530E+00   0.14013E-01  -0.45279E-01
-0.50350E+00   0.14272E-01  -0.46763E-01
-0.50159E+00   0.14412E-01  -0.48282E-01
-0.49946E+00   0.14685E-01  -0.49637E-01
-0.49714E+00   0.15170E-01  -0.50805E-01
-0.49470E+00   0.15709E-01  -0.51942E-01
-0.49214E+00   0.16245E-01  -0.53091E-01
-0.48944E+00   0.16822E-01  -0.54198E-01
-0.48661E+00   0.17466E-01  -0.55242E-01
-0.48363E+00   0.18180E-01  -0.56216E-01
-0.48050E+00   0.18930E-01  -0.57106E-01
-0.47720E+00   0.19700E-01  -0.57918E-01
-0.47375E+00   0.20473E-01  -0.58656E-01
-0.47014E+00   0.21256E-01  -0.59337E-01
-0.46636E+00   0.22046E-01  -0.59973E-01
-0.46241E+00   0.22843E-01  -0.60567E-01
-0.45830E+00   0.23647E-01  -0.61120E-01
-0.45400E+00   0.24451E-01  -0.61631E-01
-0.44952E+00   0.25250E-01  -0.62108E-01
-0.44485E+00   0.26031E-01  -0.62559E-01
-0.43998E+00   0.26796E-01  -0.62983E-01
-0.43491E+00   0.27556E-01  -0.63373E-01
-0.42962E+00   0.28316E-01  -0.63723E-01
-0.42412E+00   0.29079E-01  -0.64041E-01
-0.41839E+00   0.29841E-01  -0.64324E-01
-0.41242E+00   0.30598E-01  -0.64584E-01
-0.40620E+00   0.31343E-01  -0.64748E-01
-0.39974E+00   0.32077E-01  -0.64903E-01
-0.39300E+00   0.32790E-01  -0.64990E-01
-0.38599E+00   0.33476E-01  -0.65000E-01
-0.37870E+00   0.34141E-01  -0.65000E-01
-0.37111E+00   0.34790E-01  -0.65000E-01
-0.36321E+00   0.35429E-01  -0.65000E-01
-0.35500E+00   0.36063E-01  -0.65000E-01
-0.34645E+00   0.36697E-01  -0.65000E-01
-0.33756E+00   0.37329E-01  -0.65000E-01
-0.32831E+00   0.37962E-01  -0.65000E-01
-0.31870E+00   0.38592E-01  -0.65000E-01
-0.30869E+00   0.39214E-01  -0.65000E-01
-0.29828E+00   0.39853E-01  -0.65000E-01
-0.28746E+00   0.40505E-01  -0.65000E-01
-0.27621E+00   0.41176E-01  -0.65000E-01
-0.26450E+00   0.41834E-01  -0.65000E-01
-0.25232E+00   0.42479E-01  -0.65000E-01
-0.23965E+00   0.43076E-01  -0.65000E-01
-0.22647E+00   0.43612E-01  -0.65000E-01
-0.21276E+00   0.44081E-01  -0.65000E-01
-0.19849E+00   0.44484E-01  -0.65000E-01
-0.18366E+00   0.44866E-01  -0.65000E-01
-0.16823E+00   0.45254E-01  -0.65000E-01
-0.15219E+00   0.45654E-01  -0.65000E-01
-0.13550E+00   0.46073E-01  -0.65000E-01
-0.11815E+00   0.46513E-01  -0.65000E-01
-0.10010E+00   0.46971E-01  -0.65000E-01
-0.81330E-01   0.47446E-01  -0.65000E-01
-0.61809E-01   0.47939E-01  -0.65000E-01
-0.41505E-01   0.48233E-01  -0.65000E-01
-0.20385E-01   0.48233E-01  -0.65000E-01
 0.15800E-02   0.48234E-01  -0.65000E-01
-0.52312E+00   0.00000E+00  -0.23537E-01
-0.52284E+00   0.98964E-03  -0.23573E-01
-0.52252E+00   0.20042E-02  -0.23701E-01
-0.52214E+00   0.30048E-02  -0.24016E-01
-0.52172E+00   0.39565E-02  -0.24524E-01
-0.52125E+00   0.48516E-02  -0.25178E-01
-0.52072E+00   0.57005E-02  -0.25938E-01
-0.52015E+00   0.65187E-02  -0.26777E-01
-0.51952E+00   0.73054E-02  -0.27687E-01
-0.51884E+00   0.80504E-02  -0.28672E-01
-0.51810E+00   0.87307E-02  -0.29743E-01
-0.51729E+00   0.93515E-02  -0.30876E-01
-0.51641E+00   0.99268E-02  -0.32065E-01
-0.51547E+00   0.10464E-01  -0.33308E-01
-0.51445E+00   0.11009E-01  -0.34581E-01
-0.51337E+00   0.11578E-01  -0.35882E-01
-0.51222E+00   0.12184E-01  -0.37209E-01
-0.51099E+00   0.12792E-01  -0.38563E-01
-0.50966E+00   0.13376E-01  -0.39953E-01
-0.50823E+00   0.13896E-01  -0.41380E-01
-0.50671E+00   0.14315E-01  -0.42871E-01
-0.50504E+00   0.14705E-01  -0.44342E-01
-0.50326E+00   0.15003E-01  -0.45854E-01
-0.50138E+00   0.15192E-01  -0.47395E-01
-0.49926E+00   0.15507E-01  -0.48766E-01
-0.49695E+00   0.16035E-01  -0.49929E-01
-0.49452E+00   0.16602E-01  -0.51082E-01
-0.49197E+00   0.17168E-01  -0.52246E-01
-0.48929E+00   0.17779E-01  -0.53363E-01
-0.48646E+00   0.18463E-01  -0.54418E-01
-0.48350E+00   0.19220E-01  -0.55403E-01
-0.48038E+00   0.20019E-01  -0.56311E-01
-0.47711E+00   0.20844E-01  -0.57150E-01
-0.47367E+00   0.21678E-01  -0.57927E-01
-0.47008E+00   0.22520E-01  -0.58644E-01
-0.46632E+00   0.23369E-01  -0.59312E-01
-0.46239E+00   0.24225E-01  -0.59945E-01
-0.45829E+00   0.25087E-01  -0.60532E-01
-0.45401E+00   0.25950E-01  -0.61086E-01
-0.44954E+00   0.26803E-01  -0.61594E-01
-0.44488E+00   0.27637E-01  -0.62076E-01
-0.44002E+00   0.28452E-01  -0.62530E-01
-0.43496E+00   0.29263E-01  -0.62957E-01
-0.42968E+00   0.30075E-01  -0.63350E-01
-0.42418E+00   0.30891E-01  -0.63719E-01
-0.41846E+00   0.31701E-01  -0.64039E-01
-0.41250E+00   0.32504E-01  -0.64327E-01
-0.40629E+00   0.33296E-01  -0.64538E-01
-0.39982E+00   0.34077E-01  -0.64751E-01
-0.39309E+00   0.34833E-01  -0.64928E-01
-0.38609E+00   0.35558E-01  -0.64994E-01
-0.37879E+00   0.36258E-01  -0.65000E-01
-0.37120E+00   0.36942E-01  -0.65000E-01
-0.36331E+00   0.37614E-01  -0.65000E-01
-0.35509E+00   0.38280E-01  -0.65000E-01
-0.34655E+00   0.38946E-01  -0.65000E-01
-0.33766E+00   0.39609E-01  -0.65000E-01
-0.32841E+00   0.40273E-01  -0.65000E-01
-0.31879E+00   0.40933E-01  -0.65000E-01
-0.30878E+00   0.41584E-01  -0.65000E-01
-0.29837E+00   0.42252E-01  -0.65000E-01
-0.28755E+00   0.42934E-01  -0.65000E-01
-0.27629E+00   0.43635E-01  -0.65000E-01
-0.26458E+00   0.44322E-01  -0.65000E-01
-0.25240E+00   0.44995E-01  -0.65000E-01
-0.23972E+00   0.45616E-01  -0.65000E-01
-0.22654E+00   0.46173E-01  -0.65000E-01
-0.21282E+00   0.46657E-01  -0.65000E-01
-0.19856E+00   0.47071E-01  -0.65000E-01
-0.18372E+00   0.47462E-01  -0.65000E-01
-0.16829E+00   0.47859E-01  -0.65000E-01
-0.15224E+00   0.48268E-01  -0.65000E-01
-0.13555E+00   0.48696E-01  -0.65000E-01
-0.11819E+00   0.49146E-01  -0.65000E-01
-0.10013E+00   0.49614E-01  -0.65000E-01
-0.81357E-01   0.50100E-01  -0.65000E-01
-0.61830E-01   0.50605E-01  -0.65000E-01
-0.41520E-01   0.50906E-01  -0.65000E-01
-0.20392E-01   0.50906E-01  -0.65000E-01
 0.15800E-02   0.50906E-01  -0.65000E-01
-0.52276E+00   0.00000E+00  -0.22930E-01
-0.52246E+00   0.98804E-03  -0.22939E-01
-0.52212E+00   0.19945E-02  -0.23085E-01
-0.52174E+00   0.29919E-02  -0.23399E-01
-0.52131E+00   0.39594E-02  -0.23870E-01
-0.52083E+00   0.48801E-02  -0.24483E-01
-0.52030E+00   0.57564E-02  -0.25207E-01
-0.51972E+00   0.66066E-02  -0.26010E-01
-0.51909E+00   0.74421E-02  -0.26877E-01
-0.51842E+00   0.82421E-02  -0.27826E-01
-0.51769E+00   0.89831E-02  -0.28858E-01
-0.51688E+00   0.96656E-02  -0.29961E-01
-0.51601E+00   0.10285E-01  -0.31134E-01
-0.51507E+00   0.10858E-01  -0.32363E-01
-0.51405E+00   0.11424E-01  -0.33627E-01
-0.51297E+00   0.12006E-01  -0.34923E-01
-0.51182E+00   0.12636E-01  -0.36240E-01
-0.51060E+00   0.13280E-01  -0.37588E-01
-0.50929E+00   0.13909E-01  -0.38976E-01
-0.50788E+00   0.14485E-01  -0.40407E-01
-0.50638E+00   0.14963E-01  -0.41903E-01
-0.50474E+00   0.15394E-01  -0.43396E-01
-0.50300E+00   0.15728E-01  -0.44936E-01
-0.50113E+00   0.15979E-01  -0.46488E-01
-0.49903E+00   0.16341E-01  -0.47872E-01
-0.49673E+00   0.16915E-01  -0.49031E-01
-0.49431E+00   0.17509E-01  -0.50199E-01
-0.49177E+00   0.18108E-01  -0.51376E-01
-0.48910E+00   0.18755E-01  -0.52503E-01
-0.48628E+00   0.19476E-01  -0.53561E-01
-0.48333E+00   0.20274E-01  -0.54551E-01
-0.48023E+00   0.21122E-01  -0.55475E-01
-0.47697E+00   0.22001E-01  -0.56337E-01
-0.47356E+00   0.22892E-01  -0.57138E-01
-0.46999E+00   0.23796E-01  -0.57888E-01
-0.46625E+00   0.24707E-01  -0.58593E-01
-0.46234E+00   0.25623E-01  -0.59257E-01
-0.45825E+00   0.26546E-01  -0.59882E-01
-0.45399E+00   0.27467E-01  -0.60468E-01
-0.44954E+00   0.28380E-01  -0.61019E-01
-0.44489E+00   0.29270E-01  -0.61537E-01
-0.44004E+00   0.30139E-01  -0.62027E-01
-0.43498E+00   0.31003E-01  -0.62490E-01
-0.42972E+00   0.31867E-01  -0.62922E-01
-0.42423E+00   0.32735E-01  -0.63337E-01
-0.41851E+00   0.33596E-01  -0.63695E-01
-0.41256E+00   0.34447E-01  -0.64011E-01
-0.40635E+00   0.35288E-01  -0.64272E-01
-0.39990E+00   0.36116E-01  -0.64542E-01
-0.39317E+00   0.36918E-01  -0.64800E-01
-0.38617E+00   0.37684E-01  -0.64945E-01
-0.37888E+00   0.38421E-01  -0.64992E-01
-0.37129E+00   0.39139E-01  -0.65000E-01
-0.36339E+00   0.39844E-01  -0.65000E-01
-0.35518E+00   0.40543E-01  -0.65000E-01
-0.34663E+00   0.41241E-01  -0.65000E-01
-0.33774E+00   0.41934E-01  -0.65000E-01
-0.32849E+00   0.42629E-01  -0.65000E-01
-0.31887E+00   0.43319E-01  -0.65000E-01
-0.30886E+00   0.43998E-01  -0.65000E-01
-0.29845E+00   0.44696E-01  -0.65000E-01
-0.28763E+00   0.45407E-01  -0.65000E-01
-0.27637E+00   0.46138E-01  -0.65000E-01
-0.26466E+00   0.46853E-01  -0.65000E-01
-0.25247E+00   0.47553E-01  -0.65000E-01
-0.23979E+00   0.48198E-01  -0.65000E-01
-0.22661E+00   0.48774E-01  -0.65000E-01
-0.21289E+00   0.49272E-01  -0.65000E-01
-0.19862E+00   0.49696E-01  -0.65000E-01
-0.18377E+00   0.50096E-01  -0.65000E-01
-0.16834E+00   0.50500E-01  -0.65000E-01
-0.15228E+00   0.50916E-01  -0.65000E-01
-0.13559E+00   0.51353E-01  -0.65000E-01
-0.11822E+00   0.51811E-01  -0.65000E-01
-0.10016E+00   0.52289E-01  -0.65000E-01
-0.81382E-01   0.52784E-01  -0.65000E-01
-0.61850E-01   0.53299E-01  -0.65000E-01
-0.41533E-01   0.53606E-01  -0.65000E-01
-0.20399E-01   0.53605E-01  -0.65000E-01
 0.15800E-02   0.53606E-01  -0.65000E-01
-0.52236E+00   0.00000E+00  -0.22316E-01
-0.52204E+00   0.97768E-03  -0.22373E-01
-0.52169E+00   0.19826E-02  -0.22501E-01
-0.52129E+00   0.29884E-02  -0.22777E-01
-0.52086E+00   0.39670E-02  -0.23218E-01
-0.52037E+00   0.49027E-02  -0.23802E-01
-0.51983E+00   0.58032E-02  -0.24492E-01
-0.51925E+00   0.66877E-02  -0.25255E-01
-0.51863E+00   0.75608E-02  -0.26088E-01
-0.51796E+00   0.84124E-02  -0.26995E-01
-0.51723E+00   0.92149E-02  -0.27984E-01
-0.51643E+00   0.99592E-02  -0.29054E-01
-0.51557E+00   0.10633E-01  -0.30206E-01
-0.51463E+00   0.11254E-01  -0.31415E-01
-0.51362E+00   0.11847E-01  -0.32668E-01
-0.51254E+00   0.12446E-01  -0.33956E-01
-0.51139E+00   0.13091E-01  -0.35267E-01
-0.51017E+00   0.13765E-01  -0.36610E-01
-0.50888E+00   0.14433E-01  -0.37995E-01
-0.50750E+00   0.15055E-01  -0.39436E-01
-0.50602E+00   0.15602E-01  -0.40924E-01
-0.50441E+00   0.16076E-01  -0.42441E-01
-0.50270E+00   0.16445E-01  -0.44012E-01
-0.50085E+00   0.16767E-01  -0.45564E-01
-0.49876E+00   0.17191E-01  -0.46951E-01
-0.49647E+00   0.17811E-01  -0.48107E-01
-0.49406E+00   0.18428E-01  -0.49289E-01
-0.49154E+00   0.19060E-01  -0.50477E-01
-0.48888E+00   0.19747E-01  -0.51611E-01
-0.48607E+00   0.20510E-01  -0.52673E-01
-0.48313E+00   0.21348E-01  -0.53665E-01
-0.48004E+00   0.22243E-01  -0.54598E-01
-0.47681E+00   0.23175E-01  -0.55476E-01
-0.47341E+00   0.24123E-01  -0.56299E-01
-0.46986E+00   0.25085E-01  -0.57072E-01
-0.46614E+00   0.26057E-01  -0.57804E-01
-0.46225E+00   0.27037E-01  -0.58503E-01
-0.45818E+00   0.28022E-01  -0.59161E-01
-0.45394E+00   0.29008E-01  -0.59789E-01
-0.44950E+00   0.29983E-01  -0.60380E-01
-0.44487E+00   0.30931E-01  -0.60939E-01
-0.44003E+00   0.31856E-01  -0.61465E-01
-0.43499E+00   0.32773E-01  -0.61959E-01
-0.42973E+00   0.33693E-01  -0.62434E-01
-0.42426E+00   0.34615E-01  -0.62889E-01
-0.41855E+00   0.35527E-01  -0.63286E-01
-0.41260E+00   0.36428E-01  -0.63636E-01
-0.40640E+00   0.37321E-01  -0.63952E-01
-0.39995E+00   0.38198E-01  -0.64276E-01
-0.39324E+00   0.39047E-01  -0.64605E-01
-0.38624E+00   0.39856E-01  -0.64820E-01
-0.37895E+00   0.40631E-01  -0.64923E-01
-0.37136E+00   0.41385E-01  -0.64990E-01
-0.36346E+00   0.42123E-01  -0.65000E-01
-0.35525E+00   0.42854E-01  -0.65000E-01
-0.34670E+00   0.43583E-01  -0.65000E-01
-0.33781E+00   0.44308E-01  -0.65000E-01
-0.32857E+00   0.45033E-01  -0.65000E-01
-0.31894E+00   0.45753E-01  -0.65000E-01
-0.30894E+00   0.46460E-01  -0.65000E-01
-0.29853E+00   0.47186E-01  -0.65000E-01
-0.28770E+00   0.47926E-01  -0.65000E-01
-0.27644E+00   0.48686E-01  -0.65000E-01
-0.26472E+00   0.49429E-01  -0.65000E-01
-0.25254E+00   0.50155E-01  -0.65000E-01
-0.23986E+00   0.50823E-01  -0.65000E-01
-0.22667E+00   0.51417E-01  -0.65000E-01
-0.21295E+00   0.51929E-01  -0.65000E-01
-0.19867E+00   0.52362E-01  -0.65000E-01
-0.18382E+00   0.52768E-01  -0.65000E-01
-0.16838E+00   0.53178E-01  -0.65000E-01
-0.15233E+00   0.53601E-01  -0.65000E-01
-0.13562E+00   0.54044E-01  -0.65000E-01
-0.11825E+00   0.54510E-01  -0.65000E-01
-0.10019E+00   0.54995E-01  -0.65000E-01
-0.81405E-01   0.55498E-01  -0.65000E-01
-0.61867E-01   0.56020E-01  -0.65000E-01
-0.41545E-01   0.56332E-01  -0.65000E-01
-0.20405E-01   0.56332E-01  -0.65000E-01
 0.15800E-02   0.56333E-01  -0.65000E-01
-0.52191E+00   0.00000E+00  -0.21720E-01
-0.52158E+00   0.97729E-03  -0.21745E-01
-0.52122E+00   0.19759E-02  -0.21886E-01
-0.52081E+00   0.29762E-02  -0.22168E-01
-0.52036E+00   0.39626E-02  -0.22583E-01
-0.51987E+00   0.49187E-02  -0.23128E-01
-0.51933E+00   0.58415E-02  -0.23782E-01
-0.51874E+00   0.67506E-02  -0.24516E-01
-0.51813E+00   0.76584E-02  -0.25314E-01
-0.51746E+00   0.85521E-02  -0.26180E-01
-0.51673E+00   0.94148E-02  -0.27123E-01
-0.51595E+00   0.10222E-01  -0.28157E-01
-0.51510E+00   0.10961E-01  -0.29276E-01
-0.51417E+00   0.11641E-01  -0.30460E-01
-0.51316E+00   0.12271E-01  -0.31701E-01
-0.51208E+00   0.12894E-01  -0.32979E-01
-0.51093E+00   0.13551E-01  -0.34285E-01
-0.50973E+00   0.14248E-01  -0.35622E-01
-0.50845E+00   0.14951E-01  -0.37003E-01
-0.50710E+00   0.15609E-01  -0.38458E-01
-0.50563E+00   0.16223E-01  -0.39937E-01
-0.50405E+00   0.16746E-01  -0.41474E-01
-0.50239E+00   0.17145E-01  -0.43081E-01
-0.50054E+00   0.17544E-01  -0.44624E-01
-0.49846E+00   0.18049E-01  -0.45994E-01
-0.49618E+00   0.18714E-01  -0.47153E-01
-0.49379E+00   0.19358E-01  -0.48350E-01
-0.49127E+00   0.20026E-01  -0.49547E-01
-0.48863E+00   0.20756E-01  -0.50687E-01
-0.48583E+00   0.21560E-01  -0.51749E-01
-0.48290E+00   0.22439E-01  -0.52740E-01
-0.47983E+00   0.23380E-01  -0.53677E-01
-0.47661E+00   0.24362E-01  -0.54566E-01
-0.47323E+00   0.25367E-01  -0.55407E-01
-0.46970E+00   0.26389E-01  -0.56201E-01
-0.46600E+00   0.27422E-01  -0.56957E-01
-0.46213E+00   0.28463E-01  -0.57680E-01
-0.45809E+00   0.29514E-01  -0.58372E-01
-0.45386E+00   0.30563E-01  -0.59034E-01
-0.44944E+00   0.31603E-01  -0.59668E-01
-0.44483E+00   0.32615E-01  -0.60272E-01
-0.44001E+00   0.33601E-01  -0.60842E-01
-0.43498E+00   0.34574E-01  -0.61370E-01
-0.42973E+00   0.35547E-01  -0.61873E-01
-0.42427E+00   0.36524E-01  -0.62368E-01
-0.41857E+00   0.37492E-01  -0.62813E-01
-0.41263E+00   0.38446E-01  -0.63204E-01
-0.40644E+00   0.39393E-01  -0.63576E-01
-0.40000E+00   0.40320E-01  -0.63955E-01
-0.39329E+00   0.41217E-01  -0.64337E-01
-0.38630E+00   0.42070E-01  -0.64611E-01
-0.37901E+00   0.42885E-01  -0.64773E-01
-0.37143E+00   0.43677E-01  -0.64906E-01
-0.36353E+00   0.44450E-01  -0.64989E-01
-0.35532E+00   0.45213E-01  -0.65000E-01
-0.34677E+00   0.45974E-01  -0.65000E-01
-0.33788E+00   0.46729E-01  -0.65000E-01
-0.32864E+00   0.47484E-01  -0.65000E-01
-0.31901E+00   0.48233E-01  -0.65000E-01
-0.30901E+00   0.48969E-01  -0.65000E-01
-0.29859E+00   0.49723E-01  -0.65000E-01
-0.28777E+00   0.50491E-01  -0.65000E-01
-0.27650E+00   0.51279E-01  -0.65000E-01
-0.26479E+00   0.52050E-01  -0.65000E-01
-0.25260E+00   0.52802E-01  -0.65000E-01
-0.23992E+00   0.53492E-01  -0.65000E-01
-0.22673E+00   0.54104E-01  -0.65000E-01
-0.21300E+00   0.54628E-01  -0.65000E-01
-0.19872E+00   0.55069E-01  -0.65000E-01
-0.18387E+00   0.55480E-01  -0.65000E-01
-0.16843E+00   0.55895E-01  -0.65000E-01
-0.15236E+00   0.56322E-01  -0.65000E-01
-0.13566E+00   0.56770E-01  -0.65000E-01
-0.11829E+00   0.57242E-01  -0.65000E-01
-0.10022E+00   0.57732E-01  -0.65000E-01
-0.81427E-01   0.58241E-01  -0.65000E-01
-0.61884E-01   0.58770E-01  -0.65000E-01
-0.41556E-01   0.59086E-01  -0.65000E-01
-0.20411E-01   0.59086E-01  -0.65000E-01
 0.15800E-02   0.59087E-01  -0.65000E-01
-0.52143E+00   0.00000E+00  -0.21123E-01
-0.52108E+00   0.96780E-03  -0.21189E-01
-0.52070E+00   0.19640E-02  -0.21317E-01
-0.52029E+00   0.29704E-02  -0.21565E-01
-0.51983E+00   0.39672E-02  -0.21948E-01
-0.51933E+00   0.49354E-02  -0.22463E-01
-0.51879E+00   0.58784E-02  -0.23088E-01
-0.51820E+00   0.68096E-02  -0.23794E-01
-0.51758E+00   0.77432E-02  -0.24560E-01
-0.51692E+00   0.86752E-02  -0.25386E-01
-0.51620E+00   0.95834E-02  -0.26291E-01
-0.51543E+00   0.10452E-01  -0.27284E-01
-0.51459E+00   0.11266E-01  -0.28358E-01
-0.51367E+00   0.12009E-01  -0.29513E-01
-0.51267E+00   0.12688E-01  -0.30735E-01
-0.51159E+00   0.13343E-01  -0.32000E-01
-0.51045E+00   0.14022E-01  -0.33300E-01
-0.50925E+00   0.14734E-01  -0.34635E-01
-0.50798E+00   0.15465E-01  -0.36014E-01
-0.50665E+00   0.16158E-01  -0.37472E-01
-0.50520E+00   0.16827E-01  -0.38950E-01
-0.50366E+00   0.17402E-01  -0.40503E-01
-0.50204E+00   0.17835E-01  -0.42147E-01
-0.50019E+00   0.18314E-01  -0.43674E-01
-0.49812E+00   0.18919E-01  -0.45008E-01
-0.49585E+00   0.19629E-01  -0.46176E-01
-0.49347E+00   0.20304E-01  -0.47386E-01
-0.49097E+00   0.21006E-01  -0.48587E-01
-0.48834E+00   0.21779E-01  -0.49729E-01
-0.48556E+00   0.22629E-01  -0.50790E-01
-0.48264E+00   0.23551E-01  -0.51780E-01
-0.47958E+00   0.24538E-01  -0.52719E-01
-0.47637E+00   0.25568E-01  -0.53613E-01
-0.47302E+00   0.26628E-01  -0.54465E-01
-0.46950E+00   0.27708E-01  -0.55274E-01
-0.46582E+00   0.28803E-01  -0.56051E-01
-0.46198E+00   0.29907E-01  -0.56797E-01
-0.45795E+00   0.31020E-01  -0.57512E-01
-0.45375E+00   0.32136E-01  -0.58210E-01
-0.44935E+00   0.33244E-01  -0.58885E-01
-0.44476E+00   0.34321E-01  -0.59533E-01
-0.43995E+00   0.35370E-01  -0.60146E-01
-0.43494E+00   0.36403E-01  -0.60717E-01
-0.42970E+00   0.37432E-01  -0.61251E-01
-0.42425E+00   0.38461E-01  -0.61770E-01
-0.41857E+00   0.39490E-01  -0.62269E-01
-0.41264E+00   0.40501E-01  -0.62715E-01
-0.40647E+00   0.41502E-01  -0.63139E-01
-0.40003E+00   0.42481E-01  -0.63567E-01
-0.39333E+00   0.43425E-01  -0.63990E-01
-0.38634E+00   0.44323E-01  -0.64316E-01
-0.37906E+00   0.45182E-01  -0.64538E-01
-0.37148E+00   0.46013E-01  -0.64729E-01
-0.36359E+00   0.46823E-01  -0.64882E-01
-0.35538E+00   0.47621E-01  -0.64982E-01
-0.34683E+00   0.48413E-01  -0.65000E-01
-0.33794E+00   0.49199E-01  -0.65000E-01
-0.32870E+00   0.49984E-01  -0.65000E-01
-0.31907E+00   0.50762E-01  -0.65000E-01
-0.30906E+00   0.51525E-01  -0.65000E-01
-0.29865E+00   0.52307E-01  -0.65000E-01
-0.28782E+00   0.53103E-01  -0.65000E-01
-0.27656E+00   0.53919E-01  -0.65000E-01
-0.26485E+00   0.54717E-01  -0.65000E-01
-0.25266E+00   0.55494E-01  -0.65000E-01
-0.23997E+00   0.56205E-01  -0.65000E-01
-0.22678E+00   0.56833E-01  -0.65000E-01
-0.21305E+00   0.57369E-01  -0.65000E-01
-0.19877E+00   0.57816E-01  -0.65000E-01
-0.18392E+00   0.58230E-01  -0.65000E-01
-0.16847E+00   0.58649E-01  -0.65000E-01
-0.15240E+00   0.59080E-01  -0.65000E-01
-0.13569E+00   0.59532E-01  -0.65000E-01
-0.11831E+00   0.60007E-01  -0.65000E-01
-0.10024E+00   0.60502E-01  -0.65000E-01
-0.81446E-01   0.61015E-01  -0.65000E-01
-0.61898E-01   0.61548E-01  -0.65000E-01
-0.41566E-01   0.61868E-01  -0.65000E-01
-0.20416E-01   0.61867E-01  -0.65000E-01
 0.15800E-02   0.61868E-01  -0.65000E-01
-0.52090E+00   0.00000E+00  -0.20542E-01
-0.52054E+00   0.96359E-03  -0.20618E-01
-0.52015E+00   0.19573E-02  -0.20741E-01
-0.51973E+00   0.29665E-02  -0.20961E-01
-0.51926E+00   0.39692E-02  -0.21316E-01
-0.51876E+00   0.49485E-02  -0.21808E-01
-0.51821E+00   0.59052E-02  -0.22410E-01
-0.51763E+00   0.68579E-02  -0.23086E-01
-0.51700E+00   0.78156E-02  -0.23819E-01
-0.51634E+00   0.87757E-02  -0.24613E-01
-0.51563E+00   0.97206E-02  -0.25486E-01
-0.51486E+00   0.10648E-01  -0.26430E-01
-0.51403E+00   0.11532E-01  -0.27457E-01
-0.51313E+00   0.12346E-01  -0.28575E-01
-0.51214E+00   0.13086E-01  -0.29769E-01
-0.51107E+00   0.13786E-01  -0.31019E-01
-0.50993E+00   0.14494E-01  -0.32310E-01
-0.50874E+00   0.15223E-01  -0.33643E-01
-0.50749E+00   0.15969E-01  -0.35030E-01
-0.50617E+00   0.16710E-01  -0.36471E-01
-0.50475E+00   0.17417E-01  -0.37960E-01
-0.50324E+00   0.18041E-01  -0.39525E-01
-0.50165E+00   0.18528E-01  -0.41187E-01
-0.49981E+00   0.19091E-01  -0.42698E-01
-0.49773E+00   0.19795E-01  -0.43985E-01
-0.49549E+00   0.20547E-01  -0.45166E-01
-0.49313E+00   0.21256E-01  -0.46389E-01
-0.49064E+00   0.21995E-01  -0.47592E-01
-0.48801E+00   0.22817E-01  -0.48733E-01
-0.48525E+00   0.23717E-01  -0.49793E-01
-0.48234E+00   0.24686E-01  -0.50781E-01
-0.47930E+00   0.25717E-01  -0.51718E-01
-0.47611E+00   0.26795E-01  -0.52613E-01
-0.47277E+00   0.27908E-01  -0.53472E-01
-0.46928E+00   0.29047E-01  -0.54295E-01
-0.46562E+00   0.30201E-01  -0.55083E-01
-0.46179E+00   0.31367E-01  -0.55846E-01
-0.45779E+00   0.32544E-01  -0.56583E-01
-0.45360E+00   0.33722E-01  -0.57303E-01
-0.44923E+00   0.34895E-01  -0.58009E-01
-0.44466E+00   0.36045E-01  -0.58709E-01
-0.43987E+00   0.37161E-01  -0.59371E-01
-0.43488E+00   0.38262E-01  -0.59994E-01
-0.42966E+00   0.39350E-01  -0.60569E-01
-0.42422E+00   0.40435E-01  -0.61116E-01
-0.41855E+00   0.41521E-01  -0.61654E-01
-0.41263E+00   0.42592E-01  -0.62154E-01
-0.40647E+00   0.43649E-01  -0.62626E-01
-0.40005E+00   0.44680E-01  -0.63098E-01
-0.39335E+00   0.45670E-01  -0.63551E-01
-0.38637E+00   0.46616E-01  -0.63924E-01
-0.37910E+00   0.47521E-01  -0.64209E-01
-0.37152E+00   0.48393E-01  -0.64458E-01
-0.36363E+00   0.49242E-01  -0.64672E-01
-0.35543E+00   0.50077E-01  -0.64859E-01
-0.34688E+00   0.50904E-01  -0.64990E-01
-0.33799E+00   0.51720E-01  -0.65000E-01
-0.32875E+00   0.52535E-01  -0.65000E-01
-0.31913E+00   0.53342E-01  -0.65000E-01
-0.30912E+00   0.54131E-01  -0.65000E-01
-0.29871E+00   0.54941E-01  -0.65000E-01
-0.28788E+00   0.55764E-01  -0.65000E-01
-0.27661E+00   0.56608E-01  -0.65000E-01
-0.26490E+00   0.57432E-01  -0.65000E-01
-0.25271E+00   0.58232E-01  -0.65000E-01
-0.24002E+00   0.58964E-01  -0.65000E-01
-0.22682E+00   0.59608E-01  -0.65000E-01
-0.21309E+00   0.60153E-01  -0.65000E-01
-0.19881E+00   0.60605E-01  -0.65000E-01
-0.18395E+00   0.61022E-01  -0.65000E-01
-0.16850E+00   0.61443E-01  -0.65000E-01
-0.15243E+00   0.61875E-01  -0.65000E-01
-0.13572E+00   0.62329E-01  -0.65000E-01
-0.11834E+00   0.62807E-01  -0.65000E-01
-0.10026E+00   0.63304E-01  -0.65000E-01
-0.81463E-01   0.63820E-01  -0.65000E-01
-0.61912E-01   0.64356E-01  -0.65000E-01
-0.41575E-01   0.64677E-01  -0.65000E-01
-0.20421E-01   0.64676E-01  -0.65000E-01
 0.15800E-02   0.64677E-01  -0.65000E-01
-0.52033E+00   0.00000E+00  -0.19974E-01
-0.51996E+00   0.96391E-03  -0.20017E-01
-0.51956E+00   0.19539E-02  -0.20135E-01
-0.51913E+00   0.29573E-02  -0.20363E-01
-0.51866E+00   0.39638E-02  -0.20703E-01
-0.51815E+00   0.49578E-02  -0.21163E-01
-0.51760E+00   0.59287E-02  -0.21739E-01
-0.51701E+00   0.68952E-02  -0.22392E-01
-0.51639E+00   0.78732E-02  -0.23097E-01
-0.51572E+00   0.88550E-02  -0.23867E-01
-0.51501E+00   0.98361E-02  -0.24700E-01
-0.51425E+00   0.10811E-01  -0.25599E-01
-0.51344E+00   0.11755E-01  -0.26580E-01
-0.51254E+00   0.12643E-01  -0.27651E-01
-0.51157E+00   0.13453E-01  -0.28809E-01
-0.51051E+00   0.14210E-01  -0.30039E-01
-0.50939E+00   0.14957E-01  -0.31319E-01
-0.50820E+00   0.15710E-01  -0.32647E-01
-0.50697E+00   0.16468E-01  -0.34047E-01
-0.50565E+00   0.17250E-01  -0.35470E-01
-0.50426E+00   0.17993E-01  -0.36969E-01
-0.50279E+00   0.18657E-01  -0.38550E-01
-0.50120E+00   0.19231E-01  -0.40186E-01
-0.49938E+00   0.19871E-01  -0.41681E-01
-0.49731E+00   0.20668E-01  -0.42923E-01
-0.49509E+00   0.21467E-01  -0.44126E-01
-0.49275E+00   0.22221E-01  -0.45362E-01
-0.49027E+00   0.22999E-01  -0.46562E-01
-0.48765E+00   0.23866E-01  -0.47697E-01
-0.48490E+00   0.24816E-01  -0.48750E-01
-0.48201E+00   0.25835E-01  -0.49737E-01
-0.47898E+00   0.26916E-01  -0.50674E-01
-0.47581E+00   0.28044E-01  -0.51571E-01
-0.47249E+00   0.29209E-01  -0.52431E-01
-0.46902E+00   0.30403E-01  -0.53259E-01
-0.46538E+00   0.31616E-01  -0.54058E-01
-0.46157E+00   0.32843E-01  -0.54834E-01
-0.45759E+00   0.34081E-01  -0.55583E-01
-0.45343E+00   0.35323E-01  -0.56325E-01
-0.44907E+00   0.36562E-01  -0.57058E-01
-0.44452E+00   0.37778E-01  -0.57792E-01
-0.43976E+00   0.38968E-01  -0.58508E-01
-0.43479E+00   0.40138E-01  -0.59184E-01
-0.42959E+00   0.41295E-01  -0.59814E-01
-0.42417E+00   0.42441E-01  -0.60399E-01
-0.41851E+00   0.43584E-01  -0.60969E-01
-0.41261E+00   0.44713E-01  -0.61510E-01
-0.40646E+00   0.45825E-01  -0.62023E-01
-0.40004E+00   0.46908E-01  -0.62529E-01
-0.39336E+00   0.47947E-01  -0.63014E-01
-0.38638E+00   0.48941E-01  -0.63431E-01
-0.37912E+00   0.49895E-01  -0.63783E-01
-0.37155E+00   0.50812E-01  -0.64090E-01
-0.36367E+00   0.51703E-01  -0.64372E-01
-0.35546E+00   0.52579E-01  -0.64643E-01
-0.34692E+00   0.53444E-01  -0.64895E-01
-0.33804E+00   0.54292E-01  -0.64988E-01
-0.32879E+00   0.55136E-01  -0.65000E-01
-0.31917E+00   0.55971E-01  -0.65000E-01
-0.30916E+00   0.56787E-01  -0.65000E-01
-0.29875E+00   0.57624E-01  -0.65000E-01
-0.28792E+00   0.58474E-01  -0.65000E-01
-0.27666E+00   0.59344E-01  -0.65000E-01
-0.26494E+00   0.60193E-01  -0.65000E-01
-0.25275E+00   0.61017E-01  -0.65000E-01
-0.24007E+00   0.61768E-01  -0.65000E-01
-0.22687E+00   0.62426E-01  -0.65000E-01
-0.21313E+00   0.62981E-01  -0.65000E-01
-0.19885E+00   0.63437E-01  -0.65000E-01
-0.18399E+00   0.63855E-01  -0.65000E-01
-0.16853E+00   0.64276E-01  -0.65000E-01
-0.15246E+00   0.64709E-01  -0.65000E-01
-0.13574E+00   0.65163E-01  -0.65000E-01
-0.11836E+00   0.65641E-01  -0.65000E-01
-0.10028E+00   0.66139E-01  -0.65000E-01
-0.81478E-01   0.66656E-01  -0.65000E-01
-0.61923E-01   0.67192E-01  -0.65000E-01
-0.41583E-01   0.67514E-01  -0.65000E-01
-0.20425E-01   0.67514E-01  -0.65000E-01
 0.15800E-02   0.67515E-01  -0.65000E-01
-0.51972E+00   0.00000E+00  -0.19412E-01
-0.51934E+00   0.95806E-03  -0.19462E-01
-0.51893E+00   0.19465E-02  -0.19566E-01
-0.51849E+00   0.29527E-02  -0.19773E-01
-0.51802E+00   0.39630E-02  -0.20096E-01
-0.51751E+00   0.49635E-02  -0.20537E-01
-0.51695E+00   0.59508E-02  -0.21082E-01
-0.51636E+00   0.69319E-02  -0.21710E-01
-0.51574E+00   0.79213E-02  -0.22400E-01
-0.51507E+00   0.89249E-02  -0.23140E-01
-0.51436E+00   0.99380E-02  -0.23935E-01
-0.51361E+00   0.10950E-01  -0.24794E-01
-0.51279E+00   0.11949E-01  -0.25727E-01
-0.51191E+00   0.12914E-01  -0.26741E-01
-0.51095E+00   0.13793E-01  -0.27862E-01
-0.50991E+00   0.14612E-01  -0.29065E-01
-0.50881E+00   0.15400E-01  -0.30334E-01
-0.50764E+00   0.16183E-01  -0.31661E-01
-0.50642E+00   0.16972E-01  -0.33051E-01
-0.50511E+00   0.17779E-01  -0.34476E-01
-0.50375E+00   0.18558E-01  -0.35981E-01
-0.50232E+00   0.19246E-01  -0.37593E-01
-0.50071E+00   0.19925E-01  -0.39168E-01
-0.49889E+00   0.20663E-01  -0.40621E-01
-0.49683E+00   0.21539E-01  -0.41827E-01
-0.49464E+00   0.22384E-01  -0.43052E-01
-0.49232E+00   0.23187E-01  -0.44297E-01
-0.48986E+00   0.24013E-01  -0.45494E-01
-0.48725E+00   0.24928E-01  -0.46617E-01
-0.48452E+00   0.25932E-01  -0.47665E-01
-0.48164E+00   0.27003E-01  -0.48646E-01
-0.47863E+00   0.28132E-01  -0.49580E-01
-0.47548E+00   0.29311E-01  -0.50476E-01
-0.47218E+00   0.30532E-01  -0.51339E-01
-0.46872E+00   0.31783E-01  -0.52171E-01
-0.46511E+00   0.33053E-01  -0.52976E-01
-0.46132E+00   0.34338E-01  -0.53757E-01
-0.45736E+00   0.35637E-01  -0.54519E-01
-0.45321E+00   0.36940E-01  -0.55272E-01
-0.44888E+00   0.38241E-01  -0.56023E-01
-0.44435E+00   0.39520E-01  -0.56779E-01
-0.43962E+00   0.40779E-01  -0.57532E-01
-0.43467E+00   0.42024E-01  -0.58263E-01
-0.42949E+00   0.43256E-01  -0.58951E-01
-0.42409E+00   0.44470E-01  -0.59589E-01
-0.41845E+00   0.45673E-01  -0.60194E-01
-0.41256E+00   0.46861E-01  -0.60771E-01
-0.40642E+00   0.48027E-01  -0.61314E-01
-0.40002E+00   0.49162E-01  -0.61846E-01
-0.39334E+00   0.50253E-01  -0.62365E-01
-0.38638E+00   0.51299E-01  -0.62833E-01
-0.37912E+00   0.52305E-01  -0.63252E-01
-0.37156E+00   0.53269E-01  -0.63623E-01
-0.36368E+00   0.54205E-01  -0.63974E-01
-0.35548E+00   0.55125E-01  -0.64328E-01
-0.34695E+00   0.56030E-01  -0.64674E-01
-0.33807E+00   0.56914E-01  -0.64884E-01
-0.32883E+00   0.57790E-01  -0.64990E-01
-0.31921E+00   0.58653E-01  -0.65000E-01
-0.30920E+00   0.59495E-01  -0.65000E-01
-0.29879E+00   0.60358E-01  -0.65000E-01
-0.28796E+00   0.61234E-01  -0.65000E-01
-0.27670E+00   0.62131E-01  -0.65000E-01
-0.26498E+00   0.63004E-01  -0.65000E-01
-0.25279E+00   0.63851E-01  -0.65000E-01
-0.24010E+00   0.64620E-01  -0.65000E-01
-0.22690E+00   0.65292E-01  -0.65000E-01
-0.21317E+00   0.65854E-01  -0.65000E-01
-0.19888E+00   0.66312E-01  -0.65000E-01
-0.18402E+00   0.66730E-01  -0.65000E-01
-0.16856E+00   0.67150E-01  -0.65000E-01
-0.15248E+00   0.67581E-01  -0.65000E-01
-0.13577E+00   0.68034E-01  -0.65000E-01
-0.11838E+00   0.68511E-01  -0.65000E-01
-0.10030E+00   0.69008E-01  -0.65000E-01
-0.81491E-01   0.69523E-01  -0.65000E-01
-0.61933E-01   0.70058E-01  -0.65000E-01
-0.41590E-01   0.70380E-01  -0.65000E-01
-0.20428E-01   0.70379E-01  -0.65000E-01
 0.15800E-02   0.70380E-01  -0.65000E-01
-0.51906E+00   0.00000E+00  -0.18873E-01
-0.51867E+00   0.95616E-03  -0.18917E-01
-0.51826E+00   0.19440E-02  -0.19008E-01
-0.51782E+00   0.29516E-02  -0.19197E-01
-0.51734E+00   0.39650E-02  -0.19503E-01
-0.51682E+00   0.49738E-02  -0.19920E-01
-0.51627E+00   0.59737E-02  -0.20440E-01
-0.51568E+00   0.69676E-02  -0.21047E-01
-0.51505E+00   0.79714E-02  -0.21714E-01
-0.51438E+00   0.89954E-02  -0.22424E-01
-0.51367E+00   0.10034E-01  -0.23186E-01
-0.51292E+00   0.11083E-01  -0.24004E-01
-0.51212E+00   0.12141E-01  -0.24878E-01
-0.51125E+00   0.13163E-01  -0.25844E-01
-0.51030E+00   0.14104E-01  -0.26928E-01
-0.50928E+00   0.14984E-01  -0.28102E-01
-0.50819E+00   0.15822E-01  -0.29353E-01
-0.50705E+00   0.16632E-01  -0.30687E-01
-0.50582E+00   0.17466E-01  -0.32052E-01
-0.50455E+00   0.18296E-01  -0.33485E-01
-0.50321E+00   0.19106E-01  -0.34996E-01
-0.50182E+00   0.19820E-01  -0.36633E-01
-0.50019E+00   0.20594E-01  -0.38148E-01
-0.49835E+00   0.21448E-01  -0.39511E-01
-0.49631E+00   0.22396E-01  -0.40699E-01
-0.49415E+00   0.23292E-01  -0.41943E-01
-0.49185E+00   0.24152E-01  -0.43192E-01
-0.48940E+00   0.25033E-01  -0.44382E-01
-0.48681E+00   0.25996E-01  -0.45488E-01
-0.48409E+00   0.27054E-01  -0.46525E-01
-0.48124E+00   0.28181E-01  -0.47503E-01
-0.47825E+00   0.29363E-01  -0.48433E-01
-0.47511E+00   0.30597E-01  -0.49328E-01
-0.47183E+00   0.31874E-01  -0.50192E-01
-0.46840E+00   0.33181E-01  -0.51026E-01
-0.46480E+00   0.34509E-01  -0.51833E-01
-0.46104E+00   0.35854E-01  -0.52619E-01
-0.45709E+00   0.37210E-01  -0.53384E-01
-0.45297E+00   0.38570E-01  -0.54143E-01
-0.44866E+00   0.39930E-01  -0.54902E-01
-0.44415E+00   0.41269E-01  -0.55673E-01
-0.43943E+00   0.42593E-01  -0.56451E-01
-0.43450E+00   0.43909E-01  -0.57218E-01
-0.42936E+00   0.45218E-01  -0.57960E-01
-0.42397E+00   0.46507E-01  -0.58656E-01
-0.41835E+00   0.47778E-01  -0.59306E-01
-0.41248E+00   0.49028E-01  -0.59922E-01
-0.40636E+00   0.50252E-01  -0.60495E-01
-0.39996E+00   0.51439E-01  -0.61051E-01
-0.39330E+00   0.52584E-01  -0.61606E-01
-0.38634E+00   0.53684E-01  -0.62122E-01
-0.37910E+00   0.54744E-01  -0.62598E-01
-0.37154E+00   0.55760E-01  -0.63041E-01
-0.36368E+00   0.56742E-01  -0.63453E-01
-0.35549E+00   0.57707E-01  -0.63886E-01
-0.34696E+00   0.58654E-01  -0.64303E-01
-0.33809E+00   0.59581E-01  -0.64626E-01
-0.32885E+00   0.60495E-01  -0.64888E-01
-0.31923E+00   0.61388E-01  -0.65000E-01
-0.30922E+00   0.62256E-01  -0.65000E-01
-0.29882E+00   0.63144E-01  -0.65000E-01
-0.28799E+00   0.64046E-01  -0.65000E-01
-0.27673E+00   0.64969E-01  -0.65000E-01
-0.26501E+00   0.65866E-01  -0.65000E-01
-0.25282E+00   0.66734E-01  -0.65000E-01
-0.24013E+00   0.67521E-01  -0.65000E-01
-0.22693E+00   0.68205E-01  -0.65000E-01
-0.21319E+00   0.68773E-01  -0.65000E-01
-0.19890E+00   0.69231E-01  -0.65000E-01
-0.18404E+00   0.69647E-01  -0.65000E-01
-0.16858E+00   0.70064E-01  -0.65000E-01
-0.15250E+00   0.70492E-01  -0.65000E-01
-0.13578E+00   0.70943E-01  -0.65000E-01
-0.11839E+00   0.71417E-01  -0.65000E-01
-0.10031E+00   0.71911E-01  -0.65000E-01
-0.81501E-01   0.72423E-01  -0.65000E-01
-0.61941E-01   0.72955E-01  -0.65000E-01
-0.41595E-01   0.73274E-01  -0.65000E-01
-0.20431E-01   0.73274E-01  -0.65000E-01
 0.15800E-02   0.73275E-01  -0.65000E-01
-0.51837E+00   0.00000E+00  -0.18345E-01
-0.51798E+00   0.95553E-03  -0.18351E-01
-0.51756E+00   0.19407E-02  -0.18445E-01
-0.51711E+00   0.29463E-02  -0.18634E-01
-0.51663E+00   0.39634E-02  -0.18919E-01
-0.51611E+00   0.49801E-02  -0.19314E-01
-0.51555E+00   0.59914E-02  -0.19811E-01
-0.51496E+00   0.70018E-02  -0.20389E-01
-0.51433E+00   0.80222E-02  -0.21028E-01
-0.51366E+00   0.90635E-02  -0.21712E-01
-0.51295E+00   0.10127E-01  -0.22439E-01
-0.51221E+00   0.11220E-01  -0.23205E-01
-0.51141E+00   0.12330E-01  -0.24023E-01
-0.51055E+00   0.13392E-01  -0.24953E-01
-0.50962E+00   0.14383E-01  -0.26003E-01
-0.50862E+00   0.15318E-01  -0.27150E-01
-0.50755E+00   0.16204E-01  -0.28387E-01
-0.50642E+00   0.17064E-01  -0.29700E-01
-0.50521E+00   0.17930E-01  -0.31060E-01
-0.50396E+00   0.18793E-01  -0.32496E-01
-0.50265E+00   0.19625E-01  -0.34022E-01
-0.50125E+00   0.20418E-01  -0.35611E-01
-0.49963E+00   0.21265E-01  -0.37090E-01
-0.49777E+00   0.22228E-01  -0.38350E-01
-0.49575E+00   0.23224E-01  -0.39536E-01
-0.49362E+00   0.24177E-01  -0.40791E-01
-0.49135E+00   0.25101E-01  -0.42039E-01
-0.48891E+00   0.26049E-01  -0.43218E-01
-0.48634E+00   0.27067E-01  -0.44307E-01
-0.48363E+00   0.28173E-01  -0.45325E-01
-0.48079E+00   0.29355E-01  -0.46295E-01
-0.47782E+00   0.30596E-01  -0.47222E-01
-0.47471E+00   0.31886E-01  -0.48113E-01
-0.47145E+00   0.33221E-01  -0.48976E-01
-0.46804E+00   0.34590E-01  -0.49813E-01
-0.46447E+00   0.35980E-01  -0.50625E-01
-0.46073E+00   0.37384E-01  -0.51414E-01
-0.45680E+00   0.38797E-01  -0.52179E-01
-0.45270E+00   0.40214E-01  -0.52940E-01
-0.44840E+00   0.41628E-01  -0.53701E-01
-0.44391E+00   0.43025E-01  -0.54479E-01
-0.43921E+00   0.44407E-01  -0.55265E-01
-0.43431E+00   0.45790E-01  -0.56057E-01
-0.42918E+00   0.47170E-01  -0.56833E-01
-0.42383E+00   0.48538E-01  -0.57580E-01
-0.41823E+00   0.49881E-01  -0.58278E-01
-0.41238E+00   0.51201E-01  -0.58940E-01
-0.40627E+00   0.52492E-01  -0.59561E-01
-0.39989E+00   0.53737E-01  -0.60150E-01
-0.39324E+00   0.54936E-01  -0.60733E-01
-0.38629E+00   0.56091E-01  -0.61293E-01
-0.37906E+00   0.57203E-01  -0.61817E-01
-0.37151E+00   0.58270E-01  -0.62314E-01
-0.36366E+00   0.59303E-01  -0.62790E-01
-0.35548E+00   0.60313E-01  -0.63276E-01
-0.34696E+00   0.61301E-01  -0.63742E-01
-0.33809E+00   0.62276E-01  -0.64167E-01
-0.32886E+00   0.63236E-01  -0.64552E-01
-0.31925E+00   0.64168E-01  -0.64816E-01
-0.30924E+00   0.65067E-01  -0.64901E-01
-0.29884E+00   0.65984E-01  -0.65001E-01
-0.28801E+00   0.66910E-01  -0.65000E-01
-0.27675E+00   0.67858E-01  -0.65000E-01
-0.26503E+00   0.68778E-01  -0.65000E-01
-0.25284E+00   0.69667E-01  -0.65000E-01
-0.24015E+00   0.70470E-01  -0.65000E-01
-0.22695E+00   0.71164E-01  -0.65000E-01
-0.21321E+00   0.71738E-01  -0.65000E-01
-0.19892E+00   0.72196E-01  -0.65000E-01
-0.18406E+00   0.72608E-01  -0.65000E-01
-0.16860E+00   0.73021E-01  -0.65000E-01
-0.15252E+00   0.73444E-01  -0.65000E-01
-0.13580E+00   0.73889E-01  -0.65000E-01
-0.11841E+00   0.74359E-01  -0.65000E-01
-0.10032E+00   0.74848E-01  -0.65000E-01
-0.81509E-01   0.75355E-01  -0.65000E-01
-0.61947E-01   0.75881E-01  -0.65000E-01
-0.41599E-01   0.76197E-01  -0.65000E-01
-0.20433E-01   0.76197E-01  -0.65000E-01
 0.15800E-02   0.76198E-01  -0.65000E-01
-0.51765E+00   0.00000E+00  -0.17829E-01
-0.51725E+00   0.95303E-03  -0.17837E-01
-0.51683E+00   0.19374E-02  -0.17912E-01
-0.51637E+00   0.29446E-02  -0.18080E-01
-0.51589E+00   0.39645E-02  -0.18351E-01
-0.51537E+00   0.49879E-02  -0.18727E-01
-0.51481E+00   0.60117E-02  -0.19195E-01
-0.51421E+00   0.70385E-02  -0.19742E-01
-0.51358E+00   0.80761E-02  -0.20352E-01
-0.51292E+00   0.91384E-02  -0.21004E-01
-0.51221E+00   0.10234E-01  -0.21688E-01
-0.51147E+00   0.11362E-01  -0.22408E-01
-0.51069E+00   0.12501E-01  -0.23190E-01
-0.50984E+00   0.13599E-01  -0.24085E-01
-0.50891E+00   0.14635E-01  -0.25103E-01
-0.50793E+00   0.15624E-01  -0.26219E-01
-0.50688E+00   0.16555E-01  -0.27446E-01
-0.50576E+00   0.17468E-01  -0.28728E-01
-0.50458E+00   0.18366E-01  -0.30089E-01
-0.50335E+00   0.19262E-01  -0.31525E-01
-0.50209E+00   0.20105E-01  -0.33087E-01
-0.50064E+00   0.21000E-01  -0.34572E-01
-0.49900E+00   0.21932E-01  -0.35980E-01
-0.49713E+00   0.22980E-01  -0.37159E-01
-0.49514E+00   0.24026E-01  -0.38356E-01
-0.49304E+00   0.25036E-01  -0.39612E-01
-0.49079E+00   0.26029E-01  -0.40851E-01
-0.48838E+00   0.27046E-01  -0.42011E-01
-0.48582E+00   0.28124E-01  -0.43079E-01
-0.48313E+00   0.29283E-01  -0.44080E-01
-0.48031E+00   0.30518E-01  -0.45036E-01
-0.47736E+00   0.31815E-01  -0.45955E-01
-0.47427E+00   0.33163E-01  -0.46841E-01
-0.47104E+00   0.34559E-01  -0.47701E-01
-0.46766E+00   0.35990E-01  -0.48540E-01
-0.46411E+00   0.37442E-01  -0.49353E-01
-0.46039E+00   0.38908E-01  -0.50144E-01
-0.45649E+00   0.40381E-01  -0.50914E-01
-0.45240E+00   0.41856E-01  -0.51675E-01
-0.44813E+00   0.43323E-01  -0.52434E-01
-0.44365E+00   0.44771E-01  -0.53209E-01
-0.43897E+00   0.46207E-01  -0.53997E-01
-0.43408E+00   0.47650E-01  -0.54797E-01
-0.42898E+00   0.49094E-01  -0.55591E-01
-0.42364E+00   0.50535E-01  -0.56373E-01
-0.41807E+00   0.51953E-01  -0.57113E-01
-0.41224E+00   0.53344E-01  -0.57815E-01
-0.40615E+00   0.54708E-01  -0.58489E-01
-0.39979E+00   0.56020E-01  -0.59126E-01
-0.39315E+00   0.57276E-01  -0.59742E-01
-0.38622E+00   0.58484E-01  -0.60333E-01
-0.37899E+00   0.59650E-01  -0.60901E-01
-0.37146E+00   0.60766E-01  -0.61436E-01
-0.36361E+00   0.61846E-01  -0.61954E-01
-0.35544E+00   0.62898E-01  -0.62475E-01
-0.34692E+00   0.63928E-01  -0.62977E-01
-0.33806E+00   0.64947E-01  -0.63457E-01
-0.32884E+00   0.65954E-01  -0.63920E-01
-0.31924E+00   0.66936E-01  -0.64296E-01
-0.30924E+00   0.67879E-01  -0.64499E-01
-0.29884E+00   0.68840E-01  -0.64816E-01
-0.28802E+00   0.69799E-01  -0.64994E-01
-0.27676E+00   0.70771E-01  -0.65000E-01
-0.26504E+00   0.71713E-01  -0.65000E-01
-0.25285E+00   0.72622E-01  -0.65000E-01
-0.24017E+00   0.73440E-01  -0.65000E-01
-0.22696E+00   0.74143E-01  -0.65000E-01
-0.21323E+00   0.74721E-01  -0.65000E-01
-0.19893E+00   0.75176E-01  -0.65000E-01
-0.18407E+00   0.75583E-01  -0.65000E-01
-0.16861E+00   0.75989E-01  -0.65000E-01
-0.15253E+00   0.76406E-01  -0.65000E-01
-0.13580E+00   0.76845E-01  -0.65000E-01
-0.11841E+00   0.77308E-01  -0.65000E-01
-0.10032E+00   0.77790E-01  -0.65000E-01
-0.81513E-01   0.78290E-01  -0.65000E-01
-0.61950E-01   0.78809E-01  -0.65000E-01
-0.41601E-01   0.79120E-01  -0.65000E-01
-0.20434E-01   0.79120E-01  -0.65000E-01
 0.15800E-02   0.79121E-01  -0.65000E-01
-0.51691E+00   0.00000E+00  -0.17339E-01
-0.51650E+00   0.95114E-03  -0.17336E-01
-0.51608E+00   0.19348E-02  -0.17398E-01
-0.51562E+00   0.29427E-02  -0.17553E-01
-0.51513E+00   0.39658E-02  -0.17807E-01
-0.51461E+00   0.49960E-02  -0.18159E-01
-0.51405E+00   0.60312E-02  -0.18600E-01
-0.51345E+00   0.70742E-02  -0.19116E-01
-0.51282E+00   0.81331E-02  -0.19690E-01
-0.51216E+00   0.92205E-02  -0.20303E-01
-0.51146E+00   0.10339E-01  -0.20952E-01
-0.51073E+00   0.11494E-01  -0.21634E-01
-0.50994E+00   0.12657E-01  -0.22384E-01
-0.50910E+00   0.13786E-01  -0.23249E-01
-0.50819E+00   0.14867E-01  -0.24231E-01
-0.50723E+00   0.15896E-01  -0.25332E-01
-0.50619E+00   0.16882E-01  -0.26520E-01
-0.50509E+00   0.17835E-01  -0.27792E-01
-0.50394E+00   0.18772E-01  -0.29148E-01
-0.50273E+00   0.19692E-01  -0.30592E-01
-0.50148E+00   0.20586E-01  -0.32132E-01
-0.50001E+00   0.21552E-01  -0.33555E-01
-0.49833E+00   0.22590E-01  -0.34829E-01
-0.49647E+00   0.23693E-01  -0.35964E-01
-0.49451E+00   0.24785E-01  -0.37170E-01
-0.49243E+00   0.25860E-01  -0.38419E-01
-0.49021E+00   0.26932E-01  -0.39640E-01
-0.48782E+00   0.28021E-01  -0.40776E-01
-0.48527E+00   0.29160E-01  -0.41821E-01
-0.48259E+00   0.30369E-01  -0.42799E-01
-0.47979E+00   0.31652E-01  -0.43737E-01
-0.47686E+00   0.33004E-01  -0.44643E-01
-0.47380E+00   0.34409E-01  -0.45519E-01
-0.47059E+00   0.35864E-01  -0.46373E-01
-0.46723E+00   0.37356E-01  -0.47208E-01
-0.46371E+00   0.38872E-01  -0.48024E-01
-0.46002E+00   0.40402E-01  -0.48816E-01
-0.45614E+00   0.41938E-01  -0.49591E-01
-0.45208E+00   0.43473E-01  -0.50356E-01
-0.44782E+00   0.44997E-01  -0.51116E-01
-0.44336E+00   0.46495E-01  -0.51889E-01
-0.43870E+00   0.47980E-01  -0.52668E-01
-0.43382E+00   0.49471E-01  -0.53461E-01
-0.42874E+00   0.50973E-01  -0.54262E-01
-0.42342E+00   0.52476E-01  -0.55055E-01
-0.41787E+00   0.53964E-01  -0.55821E-01
-0.41206E+00   0.55425E-01  -0.56558E-01
-0.40599E+00   0.56860E-01  -0.57269E-01
-0.39965E+00   0.58244E-01  -0.57955E-01
-0.39303E+00   0.59562E-01  -0.58610E-01
-0.38611E+00   0.60828E-01  -0.59239E-01
-0.37890E+00   0.62047E-01  -0.59841E-01
-0.37137E+00   0.63216E-01  -0.60418E-01
-0.36353E+00   0.64343E-01  -0.60972E-01
-0.35537E+00   0.65432E-01  -0.61506E-01
-0.34686E+00   0.66500E-01  -0.62033E-01
-0.33801E+00   0.67562E-01  -0.62549E-01
-0.32879E+00   0.68610E-01  -0.63055E-01
-0.31920E+00   0.69642E-01  -0.63510E-01
-0.30921E+00   0.70642E-01  -0.63839E-01
-0.29881E+00   0.71648E-01  -0.64260E-01
-0.28800E+00   0.72667E-01  -0.64701E-01
-0.27675E+00   0.73679E-01  -0.64982E-01
-0.26504E+00   0.74642E-01  -0.65000E-01
-0.25285E+00   0.75569E-01  -0.65000E-01
-0.24017E+00   0.76400E-01  -0.65000E-01
-0.22696E+00   0.77112E-01  -0.65000E-01
-0.21323E+00   0.77691E-01  -0.65000E-01
-0.19893E+00   0.78142E-01  -0.65000E-01
-0.18407E+00   0.78543E-01  -0.65000E-01
-0.16861E+00   0.78942E-01  -0.65000E-01
-0.15253E+00   0.79350E-01  -0.65000E-01
-0.13580E+00   0.79781E-01  -0.65000E-01
-0.11841E+00   0.80235E-01  -0.65000E-01
-0.10032E+00   0.80709E-01  -0.65000E-01
-0.81513E-01   0.81199E-01  -0.65000E-01
-0.61950E-01   0.81709E-01  -0.65000E-01
-0.41601E-01   0.82015E-01  -0.65000E-01
-0.20434E-01   0.82014E-01  -0.65000E-01
 0.15800E-02   0.82015E-01  -0.65000E-01
-0.51615E+00   0.00000E+00  -0.16868E-01
-0.51574E+00   0.94990E-03  -0.16859E-01
-0.51531E+00   0.19330E-02  -0.16907E-01
-0.51485E+00   0.29414E-02  -0.17046E-01
-0.51436E+00   0.39672E-02  -0.17281E-01
-0.51383E+00   0.50033E-02  -0.17612E-01
-0.51327E+00   0.60486E-02  -0.18028E-01
-0.51268E+00   0.71096E-02  -0.18508E-01
-0.51205E+00   0.81925E-02  -0.19040E-01
-0.51139E+00   0.93014E-02  -0.19617E-01
-0.51070E+00   0.10442E-01  -0.20232E-01
-0.50997E+00   0.11615E-01  -0.20885E-01
-0.50919E+00   0.12797E-01  -0.21610E-01
-0.50836E+00   0.13960E-01  -0.22440E-01
-0.50747E+00   0.15079E-01  -0.23395E-01
-0.50652E+00   0.16147E-01  -0.24468E-01
-0.50549E+00   0.17178E-01  -0.25628E-01
-0.50441E+00   0.18171E-01  -0.26891E-01
-0.50328E+00   0.19144E-01  -0.28241E-01
-0.50213E+00   0.20080E-01  -0.29717E-01
-0.50082E+00   0.21070E-01  -0.31133E-01
-0.49934E+00   0.22103E-01  -0.32499E-01
-0.49762E+00   0.23228E-01  -0.33649E-01
-0.49578E+00   0.24378E-01  -0.34772E-01
-0.49385E+00   0.25518E-01  -0.35979E-01
-0.49180E+00   0.26656E-01  -0.37210E-01
-0.48960E+00   0.27802E-01  -0.38403E-01
-0.48722E+00   0.28965E-01  -0.39510E-01
-0.48470E+00   0.30168E-01  -0.40528E-01
-0.48203E+00   0.31428E-01  -0.41484E-01
-0.47925E+00   0.32756E-01  -0.42399E-01
-0.47633E+00   0.34152E-01  -0.43284E-01
-0.47329E+00   0.35611E-01  -0.44145E-01
-0.47010E+00   0.37124E-01  -0.44988E-01
-0.46677E+00   0.38678E-01  -0.45817E-01
-0.46328E+00   0.40260E-01  -0.46632E-01
-0.45962E+00   0.41858E-01  -0.47428E-01
-0.45577E+00   0.43457E-01  -0.48204E-01
-0.45173E+00   0.45053E-01  -0.48971E-01
-0.44750E+00   0.46635E-01  -0.49735E-01
-0.44306E+00   0.48190E-01  -0.50511E-01
-0.43840E+00   0.49723E-01  -0.51284E-01
-0.43354E+00   0.51257E-01  -0.52061E-01
-0.42847E+00   0.52804E-01  -0.52847E-01
-0.42317E+00   0.54361E-01  -0.53641E-01
-0.41763E+00   0.55913E-01  -0.54422E-01
-0.41185E+00   0.57442E-01  -0.55182E-01
-0.40580E+00   0.58941E-01  -0.55917E-01
-0.39947E+00   0.60391E-01  -0.56633E-01
-0.39287E+00   0.61777E-01  -0.57330E-01
-0.38597E+00   0.63104E-01  -0.57996E-01
-0.37877E+00   0.64382E-01  -0.58640E-01
-0.37126E+00   0.65606E-01  -0.59258E-01
-0.36343E+00   0.66785E-01  -0.59852E-01
-0.35527E+00   0.67919E-01  -0.60418E-01
-0.34677E+00   0.69029E-01  -0.60970E-01
-0.33792E+00   0.70126E-01  -0.61505E-01
-0.32871E+00   0.71209E-01  -0.62029E-01
-0.31913E+00   0.72285E-01  -0.62534E-01
-0.30915E+00   0.73345E-01  -0.62970E-01
-0.29876E+00   0.74391E-01  -0.63447E-01
-0.28796E+00   0.75465E-01  -0.64014E-01
-0.27673E+00   0.76554E-01  -0.64610E-01
-0.26503E+00   0.77558E-01  -0.64887E-01
-0.25284E+00   0.78507E-01  -0.64999E-01
-0.24016E+00   0.79351E-01  -0.65000E-01
-0.22696E+00   0.80069E-01  -0.65000E-01
-0.21322E+00   0.80648E-01  -0.65000E-01
-0.19893E+00   0.81094E-01  -0.65000E-01
-0.18406E+00   0.81487E-01  -0.65000E-01
-0.16860E+00   0.81876E-01  -0.65000E-01
-0.15252E+00   0.82275E-01  -0.65000E-01
-0.13580E+00   0.82696E-01  -0.65000E-01
-0.11841E+00   0.83140E-01  -0.64999E-01
-0.10032E+00   0.83603E-01  -0.64971E-01
-0.81510E-01   0.84080E-01  -0.64931E-01
-0.61947E-01   0.84570E-01  -0.64842E-01
-0.41599E-01   0.84864E-01  -0.64786E-01
-0.20433E-01   0.84864E-01  -0.64786E-01
 0.15800E-02   0.84865E-01  -0.64786E-01
-0.51537E+00   0.00000E+00  -0.16409E-01
-0.51496E+00   0.94823E-03  -0.16394E-01
-0.51453E+00   0.19300E-02  -0.16431E-01
-0.51407E+00   0.29384E-02  -0.16556E-01
-0.51357E+00   0.39661E-02  -0.16777E-01
-0.51305E+00   0.50079E-02  -0.17087E-01
-0.51249E+00   0.60661E-02  -0.17471E-01
-0.51190E+00   0.71440E-02  -0.17915E-01
-0.51128E+00   0.82453E-02  -0.18412E-01
-0.51062E+00   0.93757E-02  -0.18951E-01
-0.50993E+00   0.10537E-01  -0.19529E-01
-0.50920E+00   0.11723E-01  -0.20161E-01
-0.50843E+00   0.12922E-01  -0.20864E-01
-0.50761E+00   0.14114E-01  -0.21665E-01
-0.50674E+00   0.15265E-01  -0.22595E-01
-0.50579E+00   0.16379E-01  -0.23625E-01
-0.50479E+00   0.17450E-01  -0.24770E-01
-0.50373E+00   0.18484E-01  -0.26020E-01
-0.50264E+00   0.19486E-01  -0.27374E-01
-0.50149E+00   0.20470E-01  -0.28821E-01
-0.50014E+00   0.21525E-01  -0.30161E-01
-0.49861E+00   0.22649E-01  -0.31386E-01
-0.49689E+00   0.23842E-01  -0.32455E-01
-0.49507E+00   0.25038E-01  -0.33581E-01
-0.49317E+00   0.26230E-01  -0.34778E-01
-0.49114E+00   0.27430E-01  -0.35984E-01
-0.48895E+00   0.28643E-01  -0.37139E-01
-0.48660E+00   0.29873E-01  -0.38210E-01
-0.48409E+00   0.31135E-01  -0.39198E-01
-0.48145E+00   0.32448E-01  -0.40130E-01
-0.47867E+00   0.33821E-01  -0.41020E-01
-0.47577E+00   0.35261E-01  -0.41881E-01
-0.47275E+00   0.36770E-01  -0.42721E-01
-0.46959E+00   0.38337E-01  -0.43549E-01
-0.46628E+00   0.39952E-01  -0.44367E-01
-0.46282E+00   0.41597E-01  -0.45176E-01
-0.45918E+00   0.43258E-01  -0.45966E-01
-0.45536E+00   0.44919E-01  -0.46743E-01
-0.45135E+00   0.46578E-01  -0.47510E-01
-0.44714E+00   0.48219E-01  -0.48277E-01
-0.44272E+00   0.49830E-01  -0.49052E-01
-0.43808E+00   0.51415E-01  -0.49821E-01
-0.43323E+00   0.52996E-01  -0.50587E-01
-0.42817E+00   0.54585E-01  -0.51357E-01
-0.42289E+00   0.56190E-01  -0.52140E-01
-0.41737E+00   0.57800E-01  -0.52926E-01
-0.41160E+00   0.59390E-01  -0.53695E-01
-0.40557E+00   0.60951E-01  -0.54446E-01
-0.39926E+00   0.62459E-01  -0.55179E-01
-0.39267E+00   0.63902E-01  -0.55894E-01
-0.38579E+00   0.65288E-01  -0.56586E-01
-0.37860E+00   0.66623E-01  -0.57260E-01
-0.37110E+00   0.67906E-01  -0.57919E-01
-0.36329E+00   0.69142E-01  -0.58557E-01
-0.35514E+00   0.70332E-01  -0.59169E-01
-0.34665E+00   0.71488E-01  -0.59752E-01
-0.33781E+00   0.72628E-01  -0.60317E-01
-0.32861E+00   0.73754E-01  -0.60877E-01
-0.31903E+00   0.74872E-01  -0.61419E-01
-0.30906E+00   0.75985E-01  -0.61929E-01
-0.29869E+00   0.77073E-01  -0.62459E-01
-0.28789E+00   0.78179E-01  -0.63058E-01
-0.27667E+00   0.79311E-01  -0.63728E-01
-0.26498E+00   0.80390E-01  -0.64215E-01
-0.25281E+00   0.81401E-01  -0.64596E-01
-0.24013E+00   0.82281E-01  -0.64830E-01
-0.22693E+00   0.83012E-01  -0.64931E-01
-0.21320E+00   0.83592E-01  -0.64954E-01
-0.19891E+00   0.84030E-01  -0.64940E-01
-0.18404E+00   0.84408E-01  -0.64884E-01
-0.16858E+00   0.84782E-01  -0.64818E-01
-0.15250E+00   0.85153E-01  -0.64702E-01
-0.13578E+00   0.85542E-01  -0.64570E-01
-0.11839E+00   0.85945E-01  -0.64417E-01
-0.10031E+00   0.86362E-01  -0.64246E-01
-0.81501E-01   0.86777E-01  -0.64035E-01
-0.61940E-01   0.87197E-01  -0.63793E-01
-0.41594E-01   0.87436E-01  -0.63625E-01
-0.20430E-01   0.87435E-01  -0.63626E-01
 0.15800E-02   0.87436E-01  -0.63625E-01
-0.51459E+00   0.00000E+00  -0.15963E-01
-0.51418E+00   0.94594E-03  -0.15942E-01
-0.51374E+00   0.19264E-02  -0.15969E-01
-0.51327E+00   0.29345E-02  -0.16085E-01
-0.51278E+00   0.39642E-02  -0.16291E-01
-0.51225E+00   0.50121E-02  -0.16579E-01
-0.51170E+00   0.60819E-02  -0.16932E-01
-0.51111E+00   0.71757E-02  -0.17340E-01
-0.51049E+00   0.82947E-02  -0.17800E-01
-0.50984E+00   0.94439E-02  -0.18302E-01
-0.50915E+00   0.10618E-01  -0.18858E-01
-0.50843E+00   0.11814E-01  -0.19473E-01
-0.50766E+00   0.13030E-01  -0.20154E-01
-0.50686E+00   0.14246E-01  -0.20931E-01
-0.50599E+00   0.15438E-01  -0.21812E-01
-0.50506E+00   0.16587E-01  -0.22821E-01
-0.50408E+00   0.17699E-01  -0.23946E-01
-0.50305E+00   0.18771E-01  -0.25181E-01
-0.50201E+00   0.19794E-01  -0.26563E-01
-0.50078E+00   0.20868E-01  -0.27869E-01
-0.49942E+00   0.21984E-01  -0.29149E-01
-0.49785E+00   0.23190E-01  -0.30228E-01
-0.49613E+00   0.24430E-01  -0.31264E-01
-0.49435E+00   0.25670E-01  -0.32391E-01
-0.49247E+00   0.26917E-01  -0.33568E-01
-0.49046E+00   0.28179E-01  -0.34738E-01
-0.48829E+00   0.29456E-01  -0.35849E-01
-0.48595E+00   0.30744E-01  -0.36879E-01
-0.48345E+00   0.32055E-01  -0.37832E-01
-0.48082E+00   0.33415E-01  -0.38734E-01
-0.47807E+00   0.34839E-01  -0.39599E-01
-0.47518E+00   0.36325E-01  -0.40434E-01
-0.47218E+00   0.37880E-01  -0.41249E-01
-0.46904E+00   0.39500E-01  -0.42057E-01
-0.46576E+00   0.41170E-01  -0.42859E-01
-0.46232E+00   0.42872E-01  -0.43653E-01
-0.45871E+00   0.44592E-01  -0.44433E-01
-0.45492E+00   0.46316E-01  -0.45206E-01
-0.45093E+00   0.48035E-01  -0.45968E-01
-0.44674E+00   0.49731E-01  -0.46730E-01
-0.44234E+00   0.51394E-01  -0.47500E-01
-0.43773E+00   0.53037E-01  -0.48267E-01
-0.43290E+00   0.54670E-01  -0.49027E-01
-0.42785E+00   0.56306E-01  -0.49785E-01
-0.42258E+00   0.57958E-01  -0.50555E-01
-0.41708E+00   0.59622E-01  -0.51338E-01
-0.41133E+00   0.61269E-01  -0.52111E-01
-0.40531E+00   0.62883E-01  -0.52865E-01
-0.39902E+00   0.64445E-01  -0.53604E-01
-0.39245E+00   0.65938E-01  -0.54325E-01
-0.38557E+00   0.67372E-01  -0.55024E-01
-0.37840E+00   0.68753E-01  -0.55709E-01
-0.37091E+00   0.70082E-01  -0.56381E-01
-0.36311E+00   0.71370E-01  -0.57044E-01
-0.35498E+00   0.72614E-01  -0.57690E-01
-0.34650E+00   0.73823E-01  -0.58310E-01
-0.33767E+00   0.75008E-01  -0.58903E-01
-0.32848E+00   0.76176E-01  -0.59488E-01
-0.31891E+00   0.77334E-01  -0.60057E-01
-0.30895E+00   0.78491E-01  -0.60610E-01
-0.29858E+00   0.79622E-01  -0.61179E-01
-0.28779E+00   0.80747E-01  -0.61774E-01
-0.27657E+00   0.81884E-01  -0.62412E-01
-0.26490E+00   0.83026E-01  -0.62996E-01
-0.25273E+00   0.84097E-01  -0.63487E-01
-0.24007E+00   0.85032E-01  -0.63844E-01
-0.22688E+00   0.85792E-01  -0.64036E-01
-0.21314E+00   0.86376E-01  -0.64091E-01
-0.19886E+00   0.86790E-01  -0.64032E-01
-0.18400E+00   0.87128E-01  -0.63900E-01
-0.16854E+00   0.87431E-01  -0.63684E-01
-0.15247E+00   0.87720E-01  -0.63420E-01
-0.13575E+00   0.88029E-01  -0.63160E-01
-0.11836E+00   0.88335E-01  -0.62876E-01
-0.10028E+00   0.88647E-01  -0.62578E-01
-0.81479E-01   0.88935E-01  -0.62231E-01
-0.61923E-01   0.89221E-01  -0.61859E-01
-0.41582E-01   0.89373E-01  -0.61621E-01
-0.20424E-01   0.89373E-01  -0.61621E-01
 0.15800E-02   0.89375E-01  -0.61620E-01
-0.51380E+00   0.00000E+00  -0.15530E-01
-0.51338E+00   0.94443E-03  -0.15503E-01
-0.51294E+00   0.19235E-02  -0.15522E-01
-0.51247E+00   0.29306E-02  -0.15631E-01
-0.51198E+00   0.39618E-02  -0.15825E-01
-0.51145E+00   0.50171E-02  -0.16088E-01
-0.51090E+00   0.60972E-02  -0.16410E-01
-0.51032E+00   0.72042E-02  -0.16784E-01
-0.50970E+00   0.83387E-02  -0.17206E-01
-0.50905E+00   0.94990E-02  -0.17684E-01
-0.50837E+00   0.10683E-01  -0.18220E-01
-0.50765E+00   0.11893E-01  -0.18815E-01
-0.50690E+00   0.13124E-01  -0.19479E-01
-0.50609E+00   0.14362E-01  -0.20218E-01
-0.50524E+00   0.15583E-01  -0.21074E-01
-0.50433E+00   0.16775E-01  -0.22052E-01
-0.50338E+00   0.17929E-01  -0.23153E-01
-0.50239E+00   0.19028E-01  -0.24399E-01
-0.50132E+00   0.20117E-01  -0.25700E-01
-0.50007E+00   0.21245E-01  -0.26942E-01
-0.49865E+00   0.22447E-01  -0.28065E-01
-0.49706E+00   0.23717E-01  -0.29045E-01
-0.49538E+00   0.24999E-01  -0.30077E-01
-0.49362E+00   0.26282E-01  -0.31194E-01
-0.49176E+00   0.27577E-01  -0.32342E-01
-0.48976E+00   0.28892E-01  -0.33469E-01
-0.48760E+00   0.30228E-01  -0.34530E-01
-0.48528E+00   0.31571E-01  -0.35514E-01
-0.48279E+00   0.32930E-01  -0.36430E-01
-0.48017E+00   0.34332E-01  -0.37299E-01
-0.47743E+00   0.35797E-01  -0.38132E-01
-0.47457E+00   0.37332E-01  -0.38940E-01
-0.47158E+00   0.38935E-01  -0.39729E-01
-0.46846E+00   0.40601E-01  -0.40511E-01
-0.46521E+00   0.42320E-01  -0.41291E-01
-0.46179E+00   0.44080E-01  -0.42069E-01
-0.45821E+00   0.45858E-01  -0.42833E-01
-0.45444E+00   0.47639E-01  -0.43594E-01
-0.45048E+00   0.49406E-01  -0.44340E-01
-0.44631E+00   0.51152E-01  -0.45092E-01
-0.44193E+00   0.52872E-01  -0.45856E-01
-0.43734E+00   0.54573E-01  -0.46619E-01
-0.43254E+00   0.56264E-01  -0.47375E-01
-0.42750E+00   0.57953E-01  -0.48125E-01
-0.42225E+00   0.59655E-01  -0.48886E-01
-0.41677E+00   0.61369E-01  -0.49661E-01
-0.41104E+00   0.63068E-01  -0.50429E-01
-0.40504E+00   0.64733E-01  -0.51181E-01
-0.39876E+00   0.66341E-01  -0.51915E-01
-0.39220E+00   0.67878E-01  -0.52633E-01
-0.38534E+00   0.69353E-01  -0.53329E-01
-0.37817E+00   0.70770E-01  -0.54010E-01
-0.37070E+00   0.72137E-01  -0.54682E-01
-0.36290E+00   0.73457E-01  -0.55343E-01
-0.35478E+00   0.74743E-01  -0.55998E-01
-0.34632E+00   0.75989E-01  -0.56627E-01
-0.33750E+00   0.77207E-01  -0.57223E-01
-0.32831E+00   0.78400E-01  -0.57806E-01
-0.31875E+00   0.79589E-01  -0.58380E-01
-0.30880E+00   0.80774E-01  -0.58941E-01
-0.29844E+00   0.81935E-01  -0.59521E-01
-0.28766E+00   0.83083E-01  -0.60116E-01
-0.27644E+00   0.84214E-01  -0.60715E-01
-0.26477E+00   0.85367E-01  -0.61290E-01
-0.25262E+00   0.86453E-01  -0.61784E-01
-0.23996E+00   0.87395E-01  -0.62143E-01
-0.22677E+00   0.88148E-01  -0.62327E-01
-0.21305E+00   0.88683E-01  -0.62329E-01
-0.19876E+00   0.88991E-01  -0.62163E-01
-0.18391E+00   0.89193E-01  -0.61899E-01
-0.16846E+00   0.89387E-01  -0.61594E-01
-0.15239E+00   0.89594E-01  -0.61274E-01
-0.13569E+00   0.89770E-01  -0.60924E-01
-0.11831E+00   0.89948E-01  -0.60563E-01
-0.10024E+00   0.90098E-01  -0.60175E-01
-0.81440E-01   0.90247E-01  -0.59767E-01
-0.61893E-01   0.90371E-01  -0.59332E-01
-0.41562E-01   0.90441E-01  -0.59069E-01
-0.20414E-01   0.90441E-01  -0.59069E-01
 0.15800E-02   0.90445E-01  -0.59072E-01
-0.51299E+00   0.00000E+00  -0.15102E-01
-0.51258E+00   0.94238E-03  -0.15067E-01
-0.51214E+00   0.19199E-02  -0.15080E-01
-0.51167E+00   0.29260E-02  -0.15187E-01
-0.51117E+00   0.39576E-02  -0.15376E-01
-0.51065E+00   0.50184E-02  -0.15614E-01
-0.51010E+00   0.61079E-02  -0.15903E-01
-0.50952E+00   0.72247E-02  -0.16247E-01
-0.50891E+00   0.83682E-02  -0.16646E-01
-0.50826E+00   0.95399E-02  -0.17097E-01
-0.50759E+00   0.10737E-01  -0.17611E-01
-0.50688E+00   0.11959E-01  -0.18188E-01
-0.50612E+00   0.13205E-01  -0.18820E-01
-0.50533E+00   0.14463E-01  -0.19538E-01
-0.50449E+00   0.15712E-01  -0.20367E-01
-0.50361E+00   0.16938E-01  -0.21319E-01
-0.50269E+00   0.18127E-01  -0.22404E-01
-0.50174E+00   0.19271E-01  -0.23639E-01
-0.50059E+00   0.20434E-01  -0.24801E-01
-0.49932E+00   0.21628E-01  -0.25953E-01
-0.49785E+00   0.22899E-01  -0.26925E-01
-0.49627E+00   0.24210E-01  -0.27865E-01
-0.49462E+00   0.25536E-01  -0.28894E-01
-0.49289E+00   0.26867E-01  -0.29987E-01
-0.49104E+00   0.28207E-01  -0.31099E-01
-0.48904E+00   0.29571E-01  -0.32174E-01
-0.48689E+00   0.30955E-01  -0.33180E-01
-0.48458E+00   0.32343E-01  -0.34116E-01
-0.48211E+00   0.33748E-01  -0.34993E-01
-0.47950E+00   0.35194E-01  -0.35827E-01
-0.47678E+00   0.36704E-01  -0.36628E-01
-0.47394E+00   0.38285E-01  -0.37404E-01
-0.47096E+00   0.39923E-01  -0.38161E-01
-0.46786E+00   0.41626E-01  -0.38912E-01
-0.46462E+00   0.43392E-01  -0.39665E-01
-0.46124E+00   0.45204E-01  -0.40420E-01
-0.45768E+00   0.47037E-01  -0.41165E-01
-0.45395E+00   0.48877E-01  -0.41912E-01
-0.45000E+00   0.50692E-01  -0.42638E-01
-0.44586E+00   0.52487E-01  -0.43377E-01
-0.44150E+00   0.54260E-01  -0.44129E-01
-0.43694E+00   0.56021E-01  -0.44887E-01
-0.43215E+00   0.57769E-01  -0.45635E-01
-0.42714E+00   0.59512E-01  -0.46377E-01
-0.42191E+00   0.61264E-01  -0.47127E-01
-0.41645E+00   0.63024E-01  -0.47888E-01
-0.41073E+00   0.64773E-01  -0.48648E-01
-0.40475E+00   0.66483E-01  -0.49390E-01
-0.39849E+00   0.68135E-01  -0.50116E-01
-0.39194E+00   0.69710E-01  -0.50824E-01
-0.38509E+00   0.71219E-01  -0.51508E-01
-0.37793E+00   0.72662E-01  -0.52172E-01
-0.37047E+00   0.74048E-01  -0.52824E-01
-0.36268E+00   0.75388E-01  -0.53468E-01
-0.35457E+00   0.76691E-01  -0.54105E-01
-0.34611E+00   0.77960E-01  -0.54721E-01
-0.33730E+00   0.79196E-01  -0.55305E-01
-0.32812E+00   0.80401E-01  -0.55869E-01
-0.31856E+00   0.81590E-01  -0.56414E-01
-0.30862E+00   0.82771E-01  -0.56947E-01
-0.29827E+00   0.83935E-01  -0.57506E-01
-0.28749E+00   0.85076E-01  -0.58071E-01
-0.27628E+00   0.86184E-01  -0.58627E-01
-0.26461E+00   0.87272E-01  -0.59124E-01
-0.25245E+00   0.88276E-01  -0.59539E-01
-0.23979E+00   0.89107E-01  -0.59808E-01
-0.22661E+00   0.89740E-01  -0.59912E-01
-0.21289E+00   0.90133E-01  -0.59834E-01
-0.19862E+00   0.90301E-01  -0.59599E-01
-0.18377E+00   0.90380E-01  -0.59288E-01
-0.16833E+00   0.90468E-01  -0.58954E-01
-0.15228E+00   0.90536E-01  -0.58596E-01
-0.13558E+00   0.90587E-01  -0.58225E-01
-0.11822E+00   0.90625E-01  -0.57842E-01
-0.10016E+00   0.90625E-01  -0.57443E-01
-0.81378E-01   0.90625E-01  -0.57025E-01
-0.61845E-01   0.90625E-01  -0.56591E-01
-0.41529E-01   0.90625E-01  -0.56331E-01
-0.20397E-01   0.90625E-01  -0.56332E-01
 0.15800E-02   0.90625E-01  -0.56332E-01
-0.51219E+00   0.00000E+00  -0.14677E-01
-0.51177E+00   0.94057E-03  -0.14653E-01
-0.51133E+00   0.19164E-02  -0.14669E-01
-0.51086E+00   0.29226E-02  -0.14765E-01
-0.51036E+00   0.39565E-02  -0.14936E-01
-0.50984E+00   0.50216E-02  -0.15151E-01
-0.50929E+00   0.61174E-02  -0.15415E-01
-0.50872E+00   0.72417E-02  -0.15733E-01
-0.50811E+00   0.83941E-02  -0.16107E-01
-0.50747E+00   0.95754E-02  -0.16540E-01
-0.50680E+00   0.10783E-01  -0.17032E-01
-0.50609E+00   0.12018E-01  -0.17577E-01
-0.50535E+00   0.13278E-01  -0.18191E-01
-0.50457E+00   0.14551E-01  -0.18893E-01
-0.50375E+00   0.15827E-01  -0.19696E-01
-0.50289E+00   0.17085E-01  -0.20623E-01
-0.50203E+00   0.18305E-01  -0.21719E-01
-0.50099E+00   0.19519E-01  -0.22803E-01
-0.49985E+00   0.20740E-01  -0.23906E-01
-0.49851E+00   0.22014E-01  -0.24881E-01
-0.49703E+00   0.23330E-01  -0.25762E-01
-0.49548E+00   0.24675E-01  -0.26696E-01
-0.49386E+00   0.26039E-01  -0.27711E-01
-0.49214E+00   0.27412E-01  -0.28773E-01
-0.49030E+00   0.28800E-01  -0.29837E-01
-0.48831E+00   0.30212E-01  -0.30853E-01
-0.48616E+00   0.31634E-01  -0.31803E-01
-0.48385E+00   0.33060E-01  -0.32688E-01
-0.48140E+00   0.34509E-01  -0.33524E-01
-0.47881E+00   0.36001E-01  -0.34321E-01
-0.47611E+00   0.37560E-01  -0.35088E-01
-0.47328E+00   0.39182E-01  -0.35830E-01
-0.47032E+00   0.40851E-01  -0.36552E-01
-0.46723E+00   0.42579E-01  -0.37267E-01
-0.46401E+00   0.44374E-01  -0.37985E-01
-0.46065E+00   0.46234E-01  -0.38711E-01
-0.45713E+00   0.48133E-01  -0.39438E-01
-0.45341E+00   0.50020E-01  -0.40161E-01
-0.44950E+00   0.51898E-01  -0.40874E-01
-0.44538E+00   0.53746E-01  -0.41600E-01
-0.44105E+00   0.55568E-01  -0.42337E-01
-0.43651E+00   0.57381E-01  -0.43080E-01
-0.43175E+00   0.59183E-01  -0.43816E-01
-0.42676E+00   0.60975E-01  -0.44543E-01
-0.42154E+00   0.62769E-01  -0.45274E-01
-0.41610E+00   0.64573E-01  -0.46019E-01
-0.41040E+00   0.66364E-01  -0.46761E-01
-0.40444E+00   0.68120E-01  -0.47492E-01
-0.39819E+00   0.69809E-01  -0.48203E-01
-0.39165E+00   0.71416E-01  -0.48893E-01
-0.38481E+00   0.72953E-01  -0.49560E-01
-0.37767E+00   0.74418E-01  -0.50204E-01
-0.37021E+00   0.75814E-01  -0.50829E-01
-0.36243E+00   0.77153E-01  -0.51439E-01
-0.35432E+00   0.78452E-01  -0.52040E-01
-0.34587E+00   0.79721E-01  -0.52625E-01
-0.33707E+00   0.80961E-01  -0.53183E-01
-0.32789E+00   0.82162E-01  -0.53717E-01
-0.31834E+00   0.83333E-01  -0.54224E-01
-0.30840E+00   0.84475E-01  -0.54706E-01
-0.29805E+00   0.85587E-01  -0.55206E-01
-0.28728E+00   0.86663E-01  -0.55707E-01
-0.27607E+00   0.87685E-01  -0.56191E-01
-0.26439E+00   0.88653E-01  -0.56603E-01
-0.25223E+00   0.89487E-01  -0.56920E-01
-0.23957E+00   0.90111E-01  -0.57099E-01
-0.22639E+00   0.90503E-01  -0.57125E-01
-0.21268E+00   0.90625E-01  -0.57000E-01
-0.19842E+00   0.90625E-01  -0.56752E-01
-0.18359E+00   0.90625E-01  -0.56446E-01
-0.16817E+00   0.90625E-01  -0.56116E-01
-0.15213E+00   0.90625E-01  -0.55768E-01
-0.13545E+00   0.90625E-01  -0.55411E-01
-0.11810E+00   0.90625E-01  -0.55044E-01
-0.10006E+00   0.90625E-01  -0.54663E-01
-0.81296E-01   0.90625E-01  -0.54265E-01
-0.61783E-01   0.90625E-01  -0.53851E-01
-0.41486E-01   0.90625E-01  -0.53605E-01
-0.20375E-01   0.90625E-01  -0.53605E-01
 0.15800E-02   0.90619E-01  -0.53606E-01
-0.51138E+00   0.00000E+00  -0.14249E-01
-0.51096E+00   0.93869E-03  -0.14242E-01
-0.51052E+00   0.19126E-02  -0.14266E-01
-0.51005E+00   0.29181E-02  -0.14355E-01
-0.50955E+00   0.39531E-02  -0.14511E-01
-0.50904E+00   0.50211E-02  -0.14709E-01
-0.50849E+00   0.61221E-02  -0.14948E-01
-0.50792E+00   0.72536E-02  -0.15242E-01
-0.50732E+00   0.84144E-02  -0.15596E-01
-0.50668E+00   0.96049E-02  -0.16004E-01
-0.50602E+00   0.10823E-01  -0.16468E-01
-0.50532E+00   0.12068E-01  -0.16998E-01
-0.50459E+00   0.13343E-01  -0.17593E-01
-0.50382E+00   0.14633E-01  -0.18276E-01
-0.50302E+00   0.15928E-01  -0.19060E-01
-0.50222E+00   0.17211E-01  -0.19996E-01
-0.50130E+00   0.18482E-01  -0.20985E-01
-0.50024E+00   0.19746E-01  -0.21980E-01
-0.49904E+00   0.21036E-01  -0.22933E-01
-0.49767E+00   0.22365E-01  -0.23769E-01
-0.49620E+00   0.23724E-01  -0.24609E-01
-0.49468E+00   0.25106E-01  -0.25535E-01
-0.49308E+00   0.26505E-01  -0.26526E-01
-0.49138E+00   0.27918E-01  -0.27548E-01
-0.48954E+00   0.29350E-01  -0.28554E-01
-0.48756E+00   0.30802E-01  -0.29507E-01
-0.48541E+00   0.32262E-01  -0.30398E-01
-0.48311E+00   0.33729E-01  -0.31233E-01
-0.48067E+00   0.35217E-01  -0.32026E-01
-0.47810E+00   0.36751E-01  -0.32783E-01
-0.47542E+00   0.38358E-01  -0.33513E-01
-0.47261E+00   0.40017E-01  -0.34218E-01
-0.46966E+00   0.41714E-01  -0.34903E-01
-0.46658E+00   0.43467E-01  -0.35581E-01
-0.46337E+00   0.45280E-01  -0.36260E-01
-0.46003E+00   0.47185E-01  -0.36954E-01
-0.45654E+00   0.49146E-01  -0.37659E-01
-0.45286E+00   0.51087E-01  -0.38358E-01
-0.44899E+00   0.53040E-01  -0.39062E-01
-0.44489E+00   0.54933E-01  -0.39769E-01
-0.44058E+00   0.56796E-01  -0.40484E-01
-0.43606E+00   0.58651E-01  -0.41205E-01
-0.43132E+00   0.60499E-01  -0.41921E-01
-0.42635E+00   0.62334E-01  -0.42627E-01
-0.42115E+00   0.64162E-01  -0.43333E-01
-0.41572E+00   0.66002E-01  -0.44053E-01
-0.41004E+00   0.67830E-01  -0.44774E-01
-0.40409E+00   0.69622E-01  -0.45485E-01
-0.39786E+00   0.71338E-01  -0.46172E-01
-0.39133E+00   0.72965E-01  -0.46835E-01
-0.38450E+00   0.74515E-01  -0.47473E-01
-0.37736E+00   0.75986E-01  -0.48087E-01
-0.36991E+00   0.77385E-01  -0.48681E-01
-0.36213E+00   0.78720E-01  -0.49257E-01
-0.35403E+00   0.80004E-01  -0.49819E-01
-0.34558E+00   0.81263E-01  -0.50369E-01
-0.33679E+00   0.82496E-01  -0.50895E-01
-0.32762E+00   0.83684E-01  -0.51396E-01
-0.31808E+00   0.84823E-01  -0.51860E-01
-0.30814E+00   0.85907E-01  -0.52288E-01
-0.29779E+00   0.86928E-01  -0.52721E-01
-0.28701E+00   0.87894E-01  -0.53150E-01
-0.27580E+00   0.88788E-01  -0.53562E-01
-0.26412E+00   0.89583E-01  -0.53895E-01
-0.25196E+00   0.90198E-01  -0.54135E-01
-0.23931E+00   0.90573E-01  -0.54256E-01
-0.22614E+00   0.90625E-01  -0.54248E-01
-0.21244E+00   0.90625E-01  -0.54122E-01
-0.19819E+00   0.90625E-01  -0.53885E-01
-0.18338E+00   0.90625E-01  -0.53595E-01
-0.16798E+00   0.90625E-01  -0.53282E-01
-0.15196E+00   0.90625E-01  -0.52953E-01
-0.13529E+00   0.90623E-01  -0.52615E-01
-0.11797E+00   0.90618E-01  -0.52267E-01
-0.99945E-01   0.90613E-01  -0.51906E-01
-0.81203E-01   0.90613E-01  -0.51530E-01
-0.61710E-01   0.90613E-01  -0.51138E-01
-0.41437E-01   0.90613E-01  -0.50905E-01
-0.20350E-01   0.90613E-01  -0.50906E-01
 0.15800E-02   0.90625E-01  -0.50906E-01
-0.51058E+00   0.00000E+00  -0.13815E-01
-0.51015E+00   0.93741E-03  -0.13802E-01
-0.50971E+00   0.19074E-02  -0.13853E-01
-0.50924E+00   0.29096E-02  -0.13957E-01
-0.50875E+00   0.39453E-02  -0.14102E-01
-0.50823E+00   0.50158E-02  -0.14282E-01
-0.50769E+00   0.61209E-02  -0.14504E-01
-0.50712E+00   0.72585E-02  -0.14779E-01
-0.50652E+00   0.84266E-02  -0.15105E-01
-0.50589E+00   0.96254E-02  -0.15487E-01
-0.50524E+00   0.10853E-01  -0.15934E-01
-0.50455E+00   0.12112E-01  -0.16444E-01
-0.50384E+00   0.13398E-01  -0.17023E-01
-0.50309E+00   0.14704E-01  -0.17686E-01
-0.50233E+00   0.16018E-01  -0.18480E-01
-0.50151E+00   0.17332E-01  -0.19353E-01
-0.50053E+00   0.18644E-01  -0.20217E-01
-0.49945E+00   0.19964E-01  -0.21104E-01
-0.49819E+00   0.21308E-01  -0.21890E-01
-0.49682E+00   0.22676E-01  -0.22649E-01
-0.49538E+00   0.24074E-01  -0.23475E-01
-0.49389E+00   0.25495E-01  -0.24378E-01
-0.49230E+00   0.26932E-01  -0.25333E-01
-0.49061E+00   0.28385E-01  -0.26305E-01
-0.48877E+00   0.29856E-01  -0.27246E-01
-0.48679E+00   0.31342E-01  -0.28135E-01
-0.48465E+00   0.32838E-01  -0.28965E-01
-0.48236E+00   0.34344E-01  -0.29751E-01
-0.47993E+00   0.35872E-01  -0.30499E-01
-0.47738E+00   0.37449E-01  -0.31215E-01
-0.47472E+00   0.39097E-01  -0.31907E-01
-0.47193E+00   0.40792E-01  -0.32573E-01
-0.46900E+00   0.42524E-01  -0.33220E-01
-0.46593E+00   0.44303E-01  -0.33861E-01
-0.46272E+00   0.46135E-01  -0.34502E-01
-0.45941E+00   0.48079E-01  -0.35162E-01
-0.45594E+00   0.50077E-01  -0.35835E-01
-0.45230E+00   0.52092E-01  -0.36515E-01
-0.44847E+00   0.54113E-01  -0.37205E-01
-0.44439E+00   0.56035E-01  -0.37884E-01
-0.44009E+00   0.57927E-01  -0.38569E-01
-0.43558E+00   0.59811E-01  -0.39260E-01
-0.43086E+00   0.61699E-01  -0.39951E-01
-0.42591E+00   0.63576E-01  -0.40633E-01
-0.42073E+00   0.65444E-01  -0.41315E-01
-0.41531E+00   0.67311E-01  -0.42006E-01
-0.40964E+00   0.69158E-01  -0.42693E-01
-0.40370E+00   0.70968E-01  -0.43371E-01
-0.39748E+00   0.72701E-01  -0.44028E-01
-0.39096E+00   0.74338E-01  -0.44658E-01
-0.38413E+00   0.75886E-01  -0.45260E-01
-0.37700E+00   0.77352E-01  -0.45838E-01
-0.36956E+00   0.78743E-01  -0.46397E-01
-0.36179E+00   0.80065E-01  -0.46936E-01
-0.35369E+00   0.81335E-01  -0.47464E-01
-0.34525E+00   0.82573E-01  -0.47976E-01
-0.33646E+00   0.83785E-01  -0.48468E-01
-0.32730E+00   0.84952E-01  -0.48936E-01
-0.31776E+00   0.86059E-01  -0.49363E-01
-0.30783E+00   0.87082E-01  -0.49746E-01
-0.29748E+00   0.87988E-01  -0.50114E-01
-0.28670E+00   0.88799E-01  -0.50472E-01
-0.27548E+00   0.89512E-01  -0.50816E-01
-0.26381E+00   0.90108E-01  -0.51091E-01
-0.25166E+00   0.90537E-01  -0.51292E-01
-0.23901E+00   0.90625E-01  -0.51388E-01
-0.22585E+00   0.90625E-01  -0.51378E-01
-0.21218E+00   0.90625E-01  -0.51257E-01
-0.19795E+00   0.90609E-01  -0.51034E-01
-0.18315E+00   0.90612E-01  -0.50761E-01
-0.16777E+00   0.90616E-01  -0.50467E-01
-0.15177E+00   0.90619E-01  -0.50157E-01
-0.13513E+00   0.90621E-01  -0.49839E-01
-0.11782E+00   0.90624E-01  -0.49512E-01
-0.99820E-01   0.90625E-01  -0.49173E-01
-0.81100E-01   0.90625E-01  -0.48819E-01
-0.61632E-01   0.90625E-01  -0.48450E-01
-0.41383E-01   0.90625E-01  -0.48233E-01
-0.20323E-01   0.90625E-01  -0.48233E-01
 0.15800E-02   0.90625E-01  -0.48233E-01
-0.50977E+00   0.00000E+00  -0.13373E-01
-0.50935E+00   0.93518E-03  -0.13383E-01
-0.50890E+00   0.19028E-02  -0.13446E-01
-0.50843E+00   0.29031E-02  -0.13554E-01
-0.50794E+00   0.39384E-02  -0.13695E-01
-0.50743E+00   0.50105E-02  -0.13867E-01
-0.50689E+00   0.61185E-02  -0.14074E-01
-0.50633E+00   0.72597E-02  -0.14327E-01
-0.50573E+00   0.84336E-02  -0.14635E-01
-0.50511E+00   0.96412E-02  -0.14999E-01
-0.50447E+00   0.10880E-01  -0.15425E-01
-0.50380E+00   0.12150E-01  -0.15917E-01
-0.50309E+00   0.13449E-01  -0.16479E-01
-0.50238E+00   0.14772E-01  -0.17147E-01
-0.50163E+00   0.16108E-01  -0.17902E-01
-0.50073E+00   0.17445E-01  -0.18645E-01
-0.49974E+00   0.18795E-01  -0.19432E-01
-0.49859E+00   0.20161E-01  -0.20146E-01
-0.49732E+00   0.21541E-01  -0.20825E-01
-0.49597E+00   0.22948E-01  -0.21548E-01
-0.49456E+00   0.24384E-01  -0.22353E-01
-0.49309E+00   0.25842E-01  -0.23223E-01
-0.49152E+00   0.27316E-01  -0.24133E-01
-0.48983E+00   0.28809E-01  -0.25042E-01
-0.48799E+00   0.30318E-01  -0.25914E-01
-0.48601E+00   0.31838E-01  -0.26736E-01
-0.48387E+00   0.33366E-01  -0.27508E-01
-0.48160E+00   0.34908E-01  -0.28244E-01
-0.47919E+00   0.36476E-01  -0.28946E-01
-0.47666E+00   0.38094E-01  -0.29620E-01
-0.47402E+00   0.39777E-01  -0.30271E-01
-0.47125E+00   0.41514E-01  -0.30897E-01
-0.46834E+00   0.43290E-01  -0.31508E-01
-0.46529E+00   0.45106E-01  -0.32113E-01
-0.46210E+00   0.46976E-01  -0.32720E-01
-0.45877E+00   0.48902E-01  -0.33335E-01
-0.45534E+00   0.50950E-01  -0.33978E-01
-0.45175E+00   0.53050E-01  -0.34639E-01
-0.44793E+00   0.55095E-01  -0.35298E-01
-0.44386E+00   0.57043E-01  -0.35946E-01
-0.43957E+00   0.58946E-01  -0.36594E-01
-0.43507E+00   0.60847E-01  -0.37249E-01
-0.43037E+00   0.62771E-01  -0.37910E-01
-0.42545E+00   0.64703E-01  -0.38572E-01
-0.42028E+00   0.66609E-01  -0.39229E-01
-0.41488E+00   0.68497E-01  -0.39886E-01
-0.40921E+00   0.70354E-01  -0.40535E-01
-0.40328E+00   0.72165E-01  -0.41173E-01
-0.39706E+00   0.73900E-01  -0.41791E-01
-0.39055E+00   0.75533E-01  -0.42383E-01
-0.38373E+00   0.77078E-01  -0.42948E-01
-0.37660E+00   0.78529E-01  -0.43489E-01
-0.36916E+00   0.79898E-01  -0.44008E-01
-0.36139E+00   0.81196E-01  -0.44511E-01
-0.35330E+00   0.82439E-01  -0.45001E-01
-0.34486E+00   0.83643E-01  -0.45475E-01
-0.33608E+00   0.84820E-01  -0.45931E-01
-0.32693E+00   0.85946E-01  -0.46362E-01
-0.31739E+00   0.87003E-01  -0.46751E-01
-0.30746E+00   0.87963E-01  -0.47097E-01
-0.29712E+00   0.88785E-01  -0.47424E-01
-0.28635E+00   0.89464E-01  -0.47733E-01
-0.27513E+00   0.89999E-01  -0.48027E-01
-0.26346E+00   0.90392E-01  -0.48263E-01
-0.25132E+00   0.90622E-01  -0.48442E-01
-0.23869E+00   0.90625E-01  -0.48530E-01
-0.22555E+00   0.90625E-01  -0.48520E-01
-0.21189E+00   0.90625E-01  -0.48408E-01
-0.19769E+00   0.90625E-01  -0.48198E-01
-0.18291E+00   0.90625E-01  -0.47944E-01
-0.16755E+00   0.90625E-01  -0.47669E-01
-0.15156E+00   0.90625E-01  -0.47380E-01
-0.13495E+00   0.90625E-01  -0.47083E-01
-0.11766E+00   0.90625E-01  -0.46779E-01
-0.99685E-01   0.90625E-01  -0.46462E-01
-0.80990E-01   0.90625E-01  -0.46132E-01
-0.61548E-01   0.90625E-01  -0.45788E-01
-0.41326E-01   0.90625E-01  -0.45586E-01
-0.20294E-01   0.90625E-01  -0.45586E-01
 0.15800E-02   0.90625E-01  -0.45587E-01
-0.50897E+00   0.00000E+00  -0.12922E-01
-0.50855E+00   0.93354E-03  -0.12951E-01
-0.50810E+00   0.18986E-02  -0.13029E-01
-0.50763E+00   0.28965E-02  -0.13148E-01
-0.50714E+00   0.39306E-02  -0.13293E-01
-0.50663E+00   0.50024E-02  -0.13458E-01
-0.50610E+00   0.61120E-02  -0.13651E-01
-0.50554E+00   0.72571E-02  -0.13892E-01
-0.50496E+00   0.84367E-02  -0.14188E-01
-0.50435E+00   0.96520E-02  -0.14535E-01
-0.50371E+00   0.10902E-01  -0.14942E-01
-0.50305E+00   0.12183E-01  -0.15414E-01
-0.50239E+00   0.13498E-01  -0.15980E-01
-0.50169E+00   0.14836E-01  -0.16623E-01
-0.50085E+00   0.16182E-01  -0.17253E-01
-0.49994E+00   0.17545E-01  -0.17931E-01
-0.49889E+00   0.18925E-01  -0.18559E-01
-0.49771E+00   0.20319E-01  -0.19146E-01
-0.49644E+00   0.21738E-01  -0.19762E-01
-0.49513E+00   0.23187E-01  -0.20458E-01
-0.49375E+00   0.24661E-01  -0.21230E-01
-0.49229E+00   0.26151E-01  -0.22061E-01
-0.49073E+00   0.27658E-01  -0.22917E-01
-0.48904E+00   0.29186E-01  -0.23757E-01
-0.48721E+00   0.30731E-01  -0.24557E-01
-0.48523E+00   0.32284E-01  -0.25311E-01
-0.48310E+00   0.33846E-01  -0.26027E-01
-0.48084E+00   0.35422E-01  -0.26712E-01
-0.47844E+00   0.37027E-01  -0.27368E-01
-0.47593E+00   0.38679E-01  -0.28000E-01
-0.47330E+00   0.40395E-01  -0.28607E-01
-0.47056E+00   0.42175E-01  -0.29192E-01
-0.46768E+00   0.44002E-01  -0.29766E-01
-0.46466E+00   0.45869E-01  -0.30337E-01
-0.46150E+00   0.47789E-01  -0.30912E-01
-0.45813E+00   0.49648E-01  -0.31474E-01
-0.45477E+00   0.51799E-01  -0.32097E-01
-0.45120E+00   0.53934E-01  -0.32725E-01
-0.44737E+00   0.55965E-01  -0.33343E-01
-0.44332E+00   0.57935E-01  -0.33957E-01
-0.43903E+00   0.59850E-01  -0.34567E-01
-0.43454E+00   0.61767E-01  -0.35184E-01
-0.42986E+00   0.63730E-01  -0.35816E-01
-0.42496E+00   0.65708E-01  -0.36452E-01
-0.41981E+00   0.67645E-01  -0.37078E-01
-0.41442E+00   0.69544E-01  -0.37697E-01
-0.40876E+00   0.71401E-01  -0.38305E-01
-0.40283E+00   0.73212E-01  -0.38903E-01
-0.39662E+00   0.74943E-01  -0.39481E-01
-0.39010E+00   0.76568E-01  -0.40035E-01
-0.38329E+00   0.78090E-01  -0.40559E-01
-0.37616E+00   0.79517E-01  -0.41059E-01
-0.36872E+00   0.80859E-01  -0.41542E-01
-0.36096E+00   0.82122E-01  -0.42007E-01
-0.35287E+00   0.83326E-01  -0.42459E-01
-0.34444E+00   0.84491E-01  -0.42898E-01
-0.33566E+00   0.85612E-01  -0.43315E-01
-0.32651E+00   0.86679E-01  -0.43711E-01
-0.31698E+00   0.87678E-01  -0.44068E-01
-0.30706E+00   0.88573E-01  -0.44384E-01
-0.29672E+00   0.89319E-01  -0.44681E-01
-0.28596E+00   0.89891E-01  -0.44958E-01
-0.27476E+00   0.90295E-01  -0.45223E-01
-0.26310E+00   0.90538E-01  -0.45435E-01
-0.25097E+00   0.90625E-01  -0.45601E-01
-0.23836E+00   0.90619E-01  -0.45684E-01
-0.22524E+00   0.90623E-01  -0.45677E-01
-0.21160E+00   0.90625E-01  -0.45573E-01
-0.19741E+00   0.90625E-01  -0.45378E-01
-0.18266E+00   0.90625E-01  -0.45143E-01
-0.16731E+00   0.90625E-01  -0.44889E-01
-0.15135E+00   0.90625E-01  -0.44622E-01
-0.13476E+00   0.90625E-01  -0.44348E-01
-0.11750E+00   0.90625E-01  -0.44067E-01
-0.99544E-01   0.90625E-01  -0.43774E-01
-0.80875E-01   0.90625E-01  -0.43469E-01
-0.61459E-01   0.90625E-01  -0.43151E-01
-0.41266E-01   0.90625E-01  -0.42966E-01
-0.20263E-01   0.90625E-01  -0.42966E-01
 0.15800E-02   0.90625E-01  -0.42967E-01
-0.50818E+00   0.00000E+00  -0.12451E-01
-0.50776E+00   0.93039E-03  -0.12507E-01
-0.50731E+00   0.18920E-02  -0.12606E-01
-0.50684E+00   0.28867E-02  -0.12738E-01
-0.50635E+00   0.39191E-02  -0.12884E-01
-0.50585E+00   0.49910E-02  -0.13047E-01
-0.50532E+00   0.61022E-02  -0.13238E-01
-0.50477E+00   0.72506E-02  -0.13471E-01
-0.50419E+00   0.84355E-02  -0.13755E-01
-0.50360E+00   0.96578E-02  -0.14089E-01
-0.50298E+00   0.10916E-01  -0.14481E-01
-0.50235E+00   0.12213E-01  -0.14957E-01
-0.50170E+00   0.13541E-01  -0.15495E-01
-0.50092E+00   0.14880E-01  -0.16020E-01
-0.50007E+00   0.16244E-01  -0.16588E-01
-0.49910E+00   0.17625E-01  -0.17126E-01
-0.49800E+00   0.19019E-01  -0.17627E-01
-0.49682E+00   0.20439E-01  -0.18140E-01
-0.49559E+00   0.21898E-01  -0.18719E-01
-0.49431E+00   0.23390E-01  -0.19375E-01
-0.49295E+00   0.24899E-01  -0.20104E-01
-0.49150E+00   0.26419E-01  -0.20887E-01
-0.48994E+00   0.27956E-01  -0.21681E-01
-0.48824E+00   0.29516E-01  -0.22448E-01
-0.48641E+00   0.31092E-01  -0.23175E-01
-0.48444E+00   0.32680E-01  -0.23862E-01
-0.48233E+00   0.34276E-01  -0.24521E-01
-0.48008E+00   0.35884E-01  -0.25156E-01
-0.47770E+00   0.37514E-01  -0.25767E-01
-0.47520E+00   0.39191E-01  -0.26356E-01
-0.47259E+00   0.40939E-01  -0.26918E-01
-0.46986E+00   0.42762E-01  -0.27460E-01
-0.46702E+00   0.44640E-01  -0.27996E-01
-0.46404E+00   0.46569E-01  -0.28533E-01
-0.46090E+00   0.48520E-01  -0.29071E-01
-0.45756E+00   0.50426E-01  -0.29601E-01
-0.45420E+00   0.52594E-01  -0.30188E-01
-0.45061E+00   0.54691E-01  -0.30770E-01
-0.44679E+00   0.56722E-01  -0.31347E-01
-0.44274E+00   0.58713E-01  -0.31924E-01
-0.43847E+00   0.60651E-01  -0.32499E-01
-0.43400E+00   0.62593E-01  -0.33081E-01
-0.42933E+00   0.64587E-01  -0.33680E-01
-0.42445E+00   0.66592E-01  -0.34282E-01
-0.41931E+00   0.68548E-01  -0.34872E-01
-0.41392E+00   0.70453E-01  -0.35452E-01
-0.40826E+00   0.72306E-01  -0.36018E-01
-0.40234E+00   0.74116E-01  -0.36576E-01
-0.39614E+00   0.75850E-01  -0.37119E-01
-0.38963E+00   0.77465E-01  -0.37634E-01
-0.38282E+00   0.78966E-01  -0.38120E-01
-0.37569E+00   0.80362E-01  -0.38582E-01
-0.36825E+00   0.81665E-01  -0.39026E-01
-0.36049E+00   0.82886E-01  -0.39454E-01
-0.35241E+00   0.84045E-01  -0.39872E-01
-0.34398E+00   0.85161E-01  -0.40276E-01
-0.33521E+00   0.86233E-01  -0.40662E-01
-0.32606E+00   0.87242E-01  -0.41026E-01
-0.31654E+00   0.88165E-01  -0.41351E-01
-0.30663E+00   0.88979E-01  -0.41641E-01
-0.29630E+00   0.89634E-01  -0.41913E-01
-0.28555E+00   0.90110E-01  -0.42169E-01
-0.27436E+00   0.90416E-01  -0.42415E-01
-0.26271E+00   0.90578E-01  -0.42614E-01
-0.25060E+00   0.90625E-01  -0.42771E-01
-0.23801E+00   0.90625E-01  -0.42852E-01
-0.22491E+00   0.90625E-01  -0.42847E-01
-0.21129E+00   0.90625E-01  -0.42753E-01
-0.19712E+00   0.90625E-01  -0.42575E-01
-0.18239E+00   0.90625E-01  -0.42360E-01
-0.16707E+00   0.90625E-01  -0.42128E-01
-0.15113E+00   0.90625E-01  -0.41884E-01
-0.13456E+00   0.90625E-01  -0.41633E-01
-0.11732E+00   0.90625E-01  -0.41376E-01
-0.99397E-01   0.90625E-01  -0.41109E-01
-0.80755E-01   0.90625E-01  -0.40830E-01
-0.61367E-01   0.90625E-01  -0.40540E-01
-0.41203E-01   0.90625E-01  -0.40372E-01
-0.20231E-01   0.90625E-01  -0.40372E-01
 0.15800E-02   0.90625E-01  -0.40373E-01
-0.50740E+00   0.00000E+00  -0.11962E-01
-0.50697E+00   0.92631E-03  -0.12047E-01
-0.50653E+00   0.18842E-02  -0.12164E-01
-0.50606E+00   0.28756E-02  -0.12310E-01
-0.50558E+00   0.39063E-02  -0.12468E-01
-0.50508E+00   0.49783E-02  -0.12637E-01
-0.50455E+00   0.60914E-02  -0.12825E-01
-0.50401E+00   0.72433E-02  -0.13052E-01
-0.50345E+00   0.84316E-02  -0.13331E-01
-0.50286E+00   0.96585E-02  -0.13661E-01
-0.50229E+00   0.10931E-01  -0.14064E-01
-0.50167E+00   0.12237E-01  -0.14505E-01
-0.50093E+00   0.13558E-01  -0.14936E-01
-0.50013E+00   0.14907E-01  -0.15405E-01
-0.49923E+00   0.16278E-01  -0.15851E-01
-0.49821E+00   0.17664E-01  -0.16261E-01
-0.49710E+00   0.19077E-01  -0.16675E-01
-0.49595E+00   0.20531E-01  -0.17142E-01
-0.49475E+00   0.22027E-01  -0.17683E-01
-0.49349E+00   0.23551E-01  -0.18298E-01
-0.49215E+00   0.25089E-01  -0.18981E-01
-0.49071E+00   0.26642E-01  -0.19701E-01
-0.48914E+00   0.28212E-01  -0.20420E-01
-0.48745E+00   0.29799E-01  -0.21113E-01
-0.48562E+00   0.31402E-01  -0.21770E-01
-0.48366E+00   0.33020E-01  -0.22394E-01
-0.48156E+00   0.34649E-01  -0.22997E-01
-0.47932E+00   0.36286E-01  -0.23582E-01
-0.47695E+00   0.37938E-01  -0.24148E-01
-0.47446E+00   0.39635E-01  -0.24692E-01
-0.47186E+00   0.41409E-01  -0.25209E-01
-0.46916E+00   0.43261E-01  -0.25708E-01
-0.46634E+00   0.45180E-01  -0.26202E-01
-0.46339E+00   0.47154E-01  -0.26700E-01
-0.46029E+00   0.49163E-01  -0.27201E-01
-0.45702E+00   0.51197E-01  -0.27711E-01
-0.45360E+00   0.53261E-01  -0.28244E-01
-0.44999E+00   0.55331E-01  -0.28781E-01
-0.44618E+00   0.57381E-01  -0.29320E-01
-0.44215E+00   0.59392E-01  -0.29859E-01
-0.43790E+00   0.61362E-01  -0.30400E-01
-0.43344E+00   0.63334E-01  -0.30947E-01
-0.42878E+00   0.65336E-01  -0.31507E-01
-0.42390E+00   0.67347E-01  -0.32069E-01
-0.41878E+00   0.69314E-01  -0.32621E-01
-0.41339E+00   0.71229E-01  -0.33162E-01
-0.40774E+00   0.73085E-01  -0.33689E-01
-0.40183E+00   0.74898E-01  -0.34210E-01
-0.39563E+00   0.76634E-01  -0.34717E-01
-0.38913E+00   0.78241E-01  -0.35196E-01
-0.38232E+00   0.79725E-01  -0.35646E-01
-0.37520E+00   0.81094E-01  -0.36073E-01
-0.36777E+00   0.82357E-01  -0.36481E-01
-0.36001E+00   0.83532E-01  -0.36875E-01
-0.35193E+00   0.84644E-01  -0.37260E-01
-0.34351E+00   0.85713E-01  -0.37633E-01
-0.33474E+00   0.86732E-01  -0.37990E-01
-0.32560E+00   0.87676E-01  -0.38325E-01
-0.31609E+00   0.88525E-01  -0.38624E-01
-0.30618E+00   0.89252E-01  -0.38891E-01
-0.29586E+00   0.89822E-01  -0.39143E-01
-0.28512E+00   0.90225E-01  -0.39383E-01
-0.27395E+00   0.90474E-01  -0.39614E-01
-0.26232E+00   0.90595E-01  -0.39803E-01
-0.25023E+00   0.90625E-01  -0.39954E-01
-0.23765E+00   0.90625E-01  -0.40032E-01
-0.22457E+00   0.90625E-01  -0.40032E-01
-0.21097E+00   0.90625E-01  -0.39949E-01
-0.19683E+00   0.90625E-01  -0.39788E-01
-0.18211E+00   0.90625E-01  -0.39595E-01
-0.16681E+00   0.90625E-01  -0.39385E-01
-0.15090E+00   0.90625E-01  -0.39165E-01
-0.13435E+00   0.90625E-01  -0.38939E-01
-0.11714E+00   0.90625E-01  -0.38707E-01
-0.99246E-01   0.90625E-01  -0.38467E-01
-0.80632E-01   0.90625E-01  -0.38215E-01
-0.61273E-01   0.90625E-01  -0.37954E-01
-0.41139E-01   0.90625E-01  -0.37803E-01
-0.20198E-01   0.90625E-01  -0.37804E-01
 0.15800E-02   0.90625E-01  -0.37804E-01
-0.50663E+00   0.00000E+00  -0.11454E-01
-0.50620E+00   0.92191E-03  -0.11564E-01
-0.50576E+00   0.18761E-02  -0.11705E-01
-0.50530E+00   0.28641E-02  -0.11873E-01
-0.50482E+00   0.38930E-02  -0.12045E-01
-0.50432E+00   0.49652E-02  -0.12219E-01
-0.50381E+00   0.60790E-02  -0.12414E-01
-0.50328E+00   0.72316E-02  -0.12644E-01
-0.50273E+00   0.84239E-02  -0.12929E-01
-0.50219E+00   0.96644E-02  -0.13273E-01
-0.50159E+00   0.10937E-01  -0.13637E-01
-0.50089E+00   0.12227E-01  -0.13990E-01
-0.50014E+00   0.13552E-01  -0.14374E-01
-0.49929E+00   0.14902E-01  -0.14733E-01
-0.49834E+00   0.16269E-01  -0.15056E-01
-0.49730E+00   0.17665E-01  -0.15374E-01
-0.49622E+00   0.19105E-01  -0.15733E-01
-0.49510E+00   0.20594E-01  -0.16159E-01
-0.49393E+00   0.22120E-01  -0.16657E-01
-0.49268E+00   0.23669E-01  -0.17228E-01
-0.49135E+00   0.25235E-01  -0.17853E-01
-0.48991E+00   0.26818E-01  -0.18502E-01
-0.48835E+00   0.28417E-01  -0.19142E-01
-0.48665E+00   0.30030E-01  -0.19759E-01
-0.48483E+00   0.31657E-01  -0.20347E-01
-0.48287E+00   0.33299E-01  -0.20912E-01
-0.48079E+00   0.34956E-01  -0.21459E-01
-0.47856E+00   0.36622E-01  -0.21992E-01
-0.47620E+00   0.38301E-01  -0.22511E-01
-0.47372E+00   0.40020E-01  -0.23010E-01
-0.47114E+00   0.41817E-01  -0.23481E-01
-0.46845E+00   0.43690E-01  -0.23939E-01
-0.46565E+00   0.45635E-01  -0.24391E-01
-0.46271E+00   0.47630E-01  -0.24848E-01
-0.45965E+00   0.49704E-01  -0.25309E-01
-0.45642E+00   0.51777E-01  -0.25783E-01
-0.45298E+00   0.53812E-01  -0.26273E-01
-0.44938E+00   0.55895E-01  -0.26769E-01
-0.44558E+00   0.57960E-01  -0.27269E-01
-0.44156E+00   0.59990E-01  -0.27770E-01
-0.43733E+00   0.61994E-01  -0.28275E-01
-0.43288E+00   0.63987E-01  -0.28786E-01
-0.42822E+00   0.65981E-01  -0.29304E-01
-0.42334E+00   0.67979E-01  -0.29823E-01
-0.41822E+00   0.69956E-01  -0.30336E-01
-0.41285E+00   0.71887E-01  -0.30839E-01
-0.40721E+00   0.73757E-01  -0.31330E-01
-0.40131E+00   0.75574E-01  -0.31814E-01
-0.39511E+00   0.77304E-01  -0.32285E-01
-0.38862E+00   0.78904E-01  -0.32729E-01
-0.38182E+00   0.80376E-01  -0.33146E-01
-0.37470E+00   0.81721E-01  -0.33541E-01
-0.36727E+00   0.82956E-01  -0.33918E-01
-0.35952E+00   0.84092E-01  -0.34280E-01
-0.35144E+00   0.85159E-01  -0.34635E-01
-0.34303E+00   0.86178E-01  -0.34980E-01
-0.33426E+00   0.87142E-01  -0.35309E-01
-0.32513E+00   0.88024E-01  -0.35619E-01
-0.31563E+00   0.88799E-01  -0.35894E-01
-0.30573E+00   0.89448E-01  -0.36142E-01
-0.29542E+00   0.89950E-01  -0.36378E-01
-0.28470E+00   0.90298E-01  -0.36604E-01
-0.27354E+00   0.90507E-01  -0.36824E-01
-0.26193E+00   0.90603E-01  -0.37004E-01
-0.24985E+00   0.90625E-01  -0.37148E-01
-0.23730E+00   0.90625E-01  -0.37226E-01
-0.22424E+00   0.90625E-01  -0.37232E-01
-0.21065E+00   0.90625E-01  -0.37160E-01
-0.19653E+00   0.90625E-01  -0.37018E-01
-0.18184E+00   0.90625E-01  -0.36847E-01
-0.16656E+00   0.90625E-01  -0.36661E-01
-0.15068E+00   0.90625E-01  -0.36466E-01
-0.13415E+00   0.90625E-01  -0.36266E-01
-0.11697E+00   0.90625E-01  -0.36060E-01
-0.99095E-01   0.90625E-01  -0.35847E-01
-0.80509E-01   0.90625E-01  -0.35624E-01
-0.61179E-01   0.90625E-01  -0.35392E-01
-0.41074E-01   0.90625E-01  -0.35260E-01
-0.20165E-01   0.90625E-01  -0.35260E-01
 0.15800E-02   0.90625E-01  -0.35261E-01
-0.50587E+00   0.00000E+00  -0.10919E-01
-0.50545E+00   0.91668E-03  -0.11063E-01
-0.50501E+00   0.18669E-02  -0.11228E-01
-0.50455E+00   0.28517E-02  -0.11416E-01
-0.50408E+00   0.38783E-02  -0.11605E-01
-0.50359E+00   0.49497E-02  -0.11793E-01
-0.50309E+00   0.60628E-02  -0.11997E-01
-0.50258E+00   0.72205E-02  -0.12242E-01
-0.50207E+00   0.84234E-02  -0.12545E-01
-0.50149E+00   0.96540E-02  -0.12850E-01
-0.50081E+00   0.10905E-01  -0.13142E-01
-0.50010E+00   0.12197E-01  -0.13459E-01
-0.49930E+00   0.13514E-01  -0.13748E-01
-0.49840E+00   0.14850E-01  -0.13999E-01
-0.49743E+00   0.16216E-01  -0.14240E-01
-0.49640E+00   0.17630E-01  -0.14505E-01
-0.49535E+00   0.19099E-01  -0.14823E-01
-0.49426E+00   0.20617E-01  -0.15202E-01
-0.49311E+00   0.22169E-01  -0.15649E-01
-0.49187E+00   0.23744E-01  -0.16160E-01
-0.49055E+00   0.25339E-01  -0.16714E-01
-0.48911E+00   0.26947E-01  -0.17283E-01
-0.48755E+00   0.28569E-01  -0.17847E-01
-0.48585E+00   0.30204E-01  -0.18390E-01
-0.48403E+00   0.31854E-01  -0.18910E-01
-0.48209E+00   0.33519E-01  -0.19417E-01
-0.48001E+00   0.35201E-01  -0.19909E-01
-0.47780E+00   0.36897E-01  -0.20388E-01
-0.47546E+00   0.38602E-01  -0.20858E-01
-0.47299E+00   0.40351E-01  -0.21308E-01
-0.47043E+00   0.42174E-01  -0.21734E-01
-0.46775E+00   0.44067E-01  -0.22150E-01
-0.46496E+00   0.46029E-01  -0.22562E-01
-0.46204E+00   0.48045E-01  -0.22978E-01
-0.45899E+00   0.50139E-01  -0.23399E-01
-0.45577E+00   0.52222E-01  -0.23834E-01
-0.45235E+00   0.54300E-01  -0.24282E-01
-0.44877E+00   0.56402E-01  -0.24738E-01
-0.44498E+00   0.58480E-01  -0.25198E-01
-0.44097E+00   0.60530E-01  -0.25661E-01
-0.43675E+00   0.62555E-01  -0.26129E-01
-0.43231E+00   0.64553E-01  -0.26601E-01
-0.42765E+00   0.66536E-01  -0.27078E-01
-0.42277E+00   0.68523E-01  -0.27555E-01
-0.41766E+00   0.70505E-01  -0.28028E-01
-0.41230E+00   0.72454E-01  -0.28494E-01
-0.40668E+00   0.74345E-01  -0.28950E-01
-0.40078E+00   0.76164E-01  -0.29398E-01
-0.39459E+00   0.77879E-01  -0.29831E-01
-0.38810E+00   0.79469E-01  -0.30241E-01
-0.38130E+00   0.80930E-01  -0.30626E-01
-0.37420E+00   0.82266E-01  -0.30992E-01
-0.36677E+00   0.83483E-01  -0.31341E-01
-0.35903E+00   0.84593E-01  -0.31677E-01
-0.35095E+00   0.85622E-01  -0.32005E-01
-0.34255E+00   0.86592E-01  -0.32322E-01
-0.33379E+00   0.87501E-01  -0.32627E-01
-0.32467E+00   0.88313E-01  -0.32912E-01
-0.31517E+00   0.89019E-01  -0.33166E-01
-0.30528E+00   0.89603E-01  -0.33397E-01
-0.29499E+00   0.90048E-01  -0.33619E-01
-0.28427E+00   0.90352E-01  -0.33834E-01
-0.27313E+00   0.90531E-01  -0.34042E-01
-0.26154E+00   0.90609E-01  -0.34215E-01
-0.24948E+00   0.90625E-01  -0.34355E-01
-0.23694E+00   0.90625E-01  -0.34433E-01
-0.22390E+00   0.90625E-01  -0.34445E-01
-0.21034E+00   0.90625E-01  -0.34387E-01
-0.19624E+00   0.90625E-01  -0.34265E-01
-0.18157E+00   0.90625E-01  -0.34116E-01
-0.16632E+00   0.90625E-01  -0.33955E-01
-0.15045E+00   0.90625E-01  -0.33786E-01
-0.13395E+00   0.90625E-01  -0.33612E-01
-0.11679E+00   0.90625E-01  -0.33435E-01
-0.98947E-01   0.90625E-01  -0.33250E-01
-0.80387E-01   0.90625E-01  -0.33057E-01
-0.61085E-01   0.90625E-01  -0.32856E-01
-0.41011E-01   0.90625E-01  -0.32742E-01
-0.20133E-01   0.90625E-01  -0.32742E-01
 0.15800E-02   0.90625E-01  -0.32743E-01
-0.50514E+00   0.00000E+00  -0.10348E-01
-0.50472E+00   0.90884E-03  -0.10531E-01
-0.50429E+00   0.18531E-02  -0.10726E-01
-0.50384E+00   0.28344E-02  -0.10936E-01
-0.50337E+00   0.38576E-02  -0.11146E-01
-0.50289E+00   0.49281E-02  -0.11350E-01
-0.50242E+00   0.60471E-02  -0.11584E-01
-0.50193E+00   0.72079E-02  -0.11855E-01
-0.50136E+00   0.83910E-02  -0.12110E-01
-0.50072E+00   0.96013E-02  -0.12358E-01
-0.50004E+00   0.10854E-01  -0.12626E-01
-0.49928E+00   0.12130E-01  -0.12860E-01
-0.49842E+00   0.13427E-01  -0.13054E-01
-0.49749E+00   0.14755E-01  -0.13234E-01
-0.49652E+00   0.16130E-01  -0.13429E-01
-0.49553E+00   0.17563E-01  -0.13666E-01
-0.49450E+00   0.19053E-01  -0.13949E-01
-0.49342E+00   0.20591E-01  -0.14282E-01
-0.49229E+00   0.22168E-01  -0.14666E-01
-0.49107E+00   0.23774E-01  -0.15094E-01
-0.48975E+00   0.25397E-01  -0.15560E-01
-0.48831E+00   0.27027E-01  -0.16048E-01
-0.48674E+00   0.28668E-01  -0.16536E-01
-0.48506E+00   0.30322E-01  -0.17007E-01
-0.48324E+00   0.31993E-01  -0.17463E-01
-0.48131E+00   0.33682E-01  -0.17910E-01
-0.47925E+00   0.35392E-01  -0.18345E-01
-0.47705E+00   0.37117E-01  -0.18769E-01
-0.47473E+00   0.38856E-01  -0.19187E-01
-0.47229E+00   0.40648E-01  -0.19584E-01
-0.46975E+00   0.42504E-01  -0.19965E-01
-0.46709E+00   0.44418E-01  -0.20340E-01
-0.46431E+00   0.46395E-01  -0.20713E-01
-0.46140E+00   0.48430E-01  -0.21088E-01
-0.45835E+00   0.50512E-01  -0.21473E-01
-0.45514E+00   0.52623E-01  -0.21867E-01
-0.45176E+00   0.54745E-01  -0.22274E-01
-0.44818E+00   0.56859E-01  -0.22691E-01
-0.44440E+00   0.58949E-01  -0.23111E-01
-0.44040E+00   0.61011E-01  -0.23536E-01
-0.43619E+00   0.63042E-01  -0.23965E-01
-0.43175E+00   0.65040E-01  -0.24399E-01
-0.42709E+00   0.67016E-01  -0.24835E-01
-0.42222E+00   0.69003E-01  -0.25272E-01
-0.41712E+00   0.70997E-01  -0.25706E-01
-0.41177E+00   0.72961E-01  -0.26135E-01
-0.40615E+00   0.74865E-01  -0.26555E-01
-0.40026E+00   0.76679E-01  -0.26966E-01
-0.39407E+00   0.78379E-01  -0.27363E-01
-0.38759E+00   0.79957E-01  -0.27739E-01
-0.38080E+00   0.81411E-01  -0.28095E-01
-0.37370E+00   0.82740E-01  -0.28434E-01
-0.36629E+00   0.83945E-01  -0.28757E-01
-0.35855E+00   0.85038E-01  -0.29068E-01
-0.35048E+00   0.86036E-01  -0.29371E-01
-0.34208E+00   0.86961E-01  -0.29664E-01
-0.33333E+00   0.87807E-01  -0.29944E-01
-0.32421E+00   0.88556E-01  -0.30207E-01
-0.31472E+00   0.89203E-01  -0.30443E-01
-0.30484E+00   0.89731E-01  -0.30660E-01
-0.29456E+00   0.90128E-01  -0.30869E-01
-0.28387E+00   0.90393E-01  -0.31073E-01
-0.27274E+00   0.90547E-01  -0.31271E-01
-0.26116E+00   0.90614E-01  -0.31438E-01
-0.24912E+00   0.90625E-01  -0.31574E-01
-0.23660E+00   0.90625E-01  -0.31654E-01
-0.22358E+00   0.90625E-01  -0.31674E-01
-0.21004E+00   0.90625E-01  -0.31631E-01
-0.19596E+00   0.90625E-01  -0.31529E-01
-0.18131E+00   0.90625E-01  -0.31404E-01
-0.16608E+00   0.90625E-01  -0.31268E-01
-0.15023E+00   0.90625E-01  -0.31126E-01
-0.13376E+00   0.90625E-01  -0.30980E-01
-0.11662E+00   0.90625E-01  -0.30830E-01
-0.98804E-01   0.90625E-01  -0.30675E-01
-0.80270E-01   0.90625E-01  -0.30513E-01
-0.60996E-01   0.90625E-01  -0.30344E-01
-0.40950E-01   0.90625E-01  -0.30249E-01
-0.20102E-01   0.90625E-01  -0.30249E-01
 0.15800E-02   0.90625E-01  -0.30250E-01
-0.50444E+00   0.00000E+00  -0.97499E-02
-0.50402E+00   0.90055E-03  -0.99711E-02
-0.50359E+00   0.18378E-02  -0.10199E-01
-0.50314E+00   0.28142E-02  -0.10430E-01
-0.50269E+00   0.38358E-02  -0.10670E-01
-0.50225E+00   0.49095E-02  -0.10921E-01
-0.50177E+00   0.60237E-02  -0.11166E-01
-0.50121E+00   0.71599E-02  -0.11383E-01
-0.50060E+00   0.83277E-02  -0.11605E-01
-0.49995E+00   0.95360E-02  -0.11838E-01
-0.49922E+00   0.10766E-01  -0.12029E-01
-0.49840E+00   0.12019E-01  -0.12181E-01
-0.49752E+00   0.13304E-01  -0.12315E-01
-0.49659E+00   0.14635E-01  -0.12458E-01
-0.49565E+00   0.16026E-01  -0.12633E-01
-0.49467E+00   0.17476E-01  -0.12843E-01
-0.49366E+00   0.18981E-01  -0.13089E-01
-0.49260E+00   0.20535E-01  -0.13368E-01
-0.49147E+00   0.22131E-01  -0.13681E-01
-0.49026E+00   0.23757E-01  -0.14028E-01
-0.48894E+00   0.25400E-01  -0.14407E-01
-0.48750E+00   0.27055E-01  -0.14805E-01
-0.48595E+00   0.28720E-01  -0.15207E-01
-0.48426E+00   0.30396E-01  -0.15605E-01
-0.48246E+00   0.32090E-01  -0.15998E-01
-0.48054E+00   0.33805E-01  -0.16384E-01
-0.47850E+00   0.35544E-01  -0.16760E-01
-0.47633E+00   0.37299E-01  -0.17131E-01
-0.47403E+00   0.39084E-01  -0.17492E-01
-0.47163E+00   0.40923E-01  -0.17837E-01
-0.46911E+00   0.42815E-01  -0.18173E-01
-0.46647E+00   0.44760E-01  -0.18506E-01
-0.46371E+00   0.46761E-01  -0.18840E-01
-0.46081E+00   0.48808E-01  -0.19178E-01
-0.45776E+00   0.50888E-01  -0.19526E-01
-0.45457E+00   0.53021E-01  -0.19881E-01
-0.45119E+00   0.55155E-01  -0.20250E-01
-0.44762E+00   0.57272E-01  -0.20628E-01
-0.44384E+00   0.59365E-01  -0.21009E-01
-0.43985E+00   0.61429E-01  -0.21396E-01
-0.43564E+00   0.63458E-01  -0.21787E-01
-0.43121E+00   0.65455E-01  -0.22182E-01
-0.42655E+00   0.67434E-01  -0.22579E-01
-0.42169E+00   0.69432E-01  -0.22977E-01
-0.41660E+00   0.71436E-01  -0.23373E-01
-0.41126E+00   0.73415E-01  -0.23764E-01
-0.40565E+00   0.75328E-01  -0.24149E-01
-0.39976E+00   0.77135E-01  -0.24524E-01
-0.39358E+00   0.78824E-01  -0.24886E-01
-0.38710E+00   0.80393E-01  -0.25230E-01
-0.38032E+00   0.81834E-01  -0.25556E-01
-0.37323E+00   0.83151E-01  -0.25868E-01
-0.36582E+00   0.84344E-01  -0.26167E-01
-0.35809E+00   0.85419E-01  -0.26454E-01
-0.35003E+00   0.86390E-01  -0.26734E-01
-0.34163E+00   0.87267E-01  -0.27004E-01
-0.33289E+00   0.88056E-01  -0.27262E-01
-0.32378E+00   0.88750E-01  -0.27506E-01
-0.31430E+00   0.89342E-01  -0.27725E-01
-0.30443E+00   0.89822E-01  -0.27930E-01
-0.29416E+00   0.90180E-01  -0.28128E-01
-0.28348E+00   0.90420E-01  -0.28322E-01
-0.27237E+00   0.90559E-01  -0.28512E-01
-0.26081E+00   0.90615E-01  -0.28673E-01
-0.24878E+00   0.90625E-01  -0.28807E-01
-0.23628E+00   0.90625E-01  -0.28890E-01
-0.22328E+00   0.90625E-01  -0.28919E-01
-0.20975E+00   0.90625E-01  -0.28891E-01
-0.19569E+00   0.90625E-01  -0.28810E-01
-0.18106E+00   0.90625E-01  -0.28710E-01
-0.16585E+00   0.90625E-01  -0.28601E-01
-0.15003E+00   0.90625E-01  -0.28486E-01
-0.13357E+00   0.90625E-01  -0.28368E-01
-0.11646E+00   0.90625E-01  -0.28248E-01
-0.98667E-01   0.90625E-01  -0.28123E-01
-0.80159E-01   0.90625E-01  -0.27993E-01
-0.60910E-01   0.90625E-01  -0.27857E-01
-0.40892E-01   0.90625E-01  -0.27781E-01
-0.20072E-01   0.90625E-01  -0.27781E-01
 0.15800E-02   0.90625E-01  -0.27782E-01
-0.50376E+00   0.00000E+00  -0.91219E-02
-0.50335E+00   0.89515E-03  -0.93730E-02
-0.50292E+00   0.18194E-02  -0.96486E-02
-0.50249E+00   0.27890E-02  -0.99345E-02
-0.50207E+00   0.38137E-02  -0.10209E-01
-0.50160E+00   0.48756E-02  -0.10444E-01
-0.50104E+00   0.59607E-02  -0.10639E-01
-0.50046E+00   0.70865E-02  -0.10847E-01
-0.49984E+00   0.82500E-02  -0.11054E-01
-0.49913E+00   0.94342E-02  -0.11218E-01
-0.49835E+00   0.10639E-01  -0.11340E-01
-0.49750E+00   0.11877E-01  -0.11442E-01
-0.49662E+00   0.13162E-01  -0.11546E-01
-0.49572E+00   0.14508E-01  -0.11671E-01
-0.49480E+00   0.15914E-01  -0.11821E-01
-0.49384E+00   0.17378E-01  -0.11996E-01
-0.49284E+00   0.18896E-01  -0.12196E-01
-0.49179E+00   0.20461E-01  -0.12419E-01
-0.49066E+00   0.22067E-01  -0.12666E-01
-0.48945E+00   0.23705E-01  -0.12936E-01
-0.48813E+00   0.25366E-01  -0.13227E-01
-0.48671E+00   0.27044E-01  -0.13533E-01
-0.48516E+00   0.28733E-01  -0.13849E-01
-0.48350E+00   0.30437E-01  -0.14173E-01
-0.48171E+00   0.32159E-01  -0.14500E-01
-0.47981E+00   0.33904E-01  -0.14826E-01
-0.47779E+00   0.35671E-01  -0.15146E-01
-0.47564E+00   0.37465E-01  -0.15461E-01
-0.47338E+00   0.39296E-01  -0.15768E-01
-0.47101E+00   0.41176E-01  -0.16066E-01
-0.46852E+00   0.43104E-01  -0.16359E-01
-0.46590E+00   0.45081E-01  -0.16652E-01
-0.46316E+00   0.47107E-01  -0.16947E-01
-0.46027E+00   0.49169E-01  -0.17249E-01
-0.45723E+00   0.51261E-01  -0.17560E-01
-0.45405E+00   0.53395E-01  -0.17879E-01
-0.45067E+00   0.55526E-01  -0.18210E-01
-0.44710E+00   0.57640E-01  -0.18550E-01
-0.44332E+00   0.59726E-01  -0.18894E-01
-0.43933E+00   0.61785E-01  -0.19242E-01
-0.43512E+00   0.63812E-01  -0.19595E-01
-0.43069E+00   0.65811E-01  -0.19952E-01
-0.42605E+00   0.67803E-01  -0.20311E-01
-0.42119E+00   0.69813E-01  -0.20670E-01
-0.41611E+00   0.71831E-01  -0.21029E-01
-0.41078E+00   0.73820E-01  -0.21384E-01
-0.40518E+00   0.75737E-01  -0.21733E-01
-0.39930E+00   0.77547E-01  -0.22074E-01
-0.39312E+00   0.79232E-01  -0.22403E-01
-0.38665E+00   0.80790E-01  -0.22716E-01
-0.37987E+00   0.82221E-01  -0.23014E-01
-0.37278E+00   0.83520E-01  -0.23299E-01
-0.36538E+00   0.84692E-01  -0.23572E-01
-0.35766E+00   0.85741E-01  -0.23837E-01
-0.34960E+00   0.86679E-01  -0.24095E-01
-0.34121E+00   0.87511E-01  -0.24343E-01
-0.33247E+00   0.88254E-01  -0.24582E-01
-0.32337E+00   0.88894E-01  -0.24809E-01
-0.31390E+00   0.89432E-01  -0.25013E-01
-0.30404E+00   0.89868E-01  -0.25206E-01
-0.29379E+00   0.90196E-01  -0.25395E-01
-0.28312E+00   0.90423E-01  -0.25581E-01
-0.27202E+00   0.90557E-01  -0.25762E-01
-0.26047E+00   0.90613E-01  -0.25920E-01
-0.24847E+00   0.90625E-01  -0.26052E-01
-0.23598E+00   0.90625E-01  -0.26139E-01
-0.22299E+00   0.90625E-01  -0.26179E-01
-0.20949E+00   0.90625E-01  -0.26167E-01
-0.19544E+00   0.90625E-01  -0.26109E-01
-0.18083E+00   0.90625E-01  -0.26034E-01
-0.16564E+00   0.90625E-01  -0.25952E-01
-0.14984E+00   0.90625E-01  -0.25865E-01
-0.13340E+00   0.90625E-01  -0.25777E-01
-0.11631E+00   0.90625E-01  -0.25687E-01
-0.98540E-01   0.90625E-01  -0.25593E-01
-0.80055E-01   0.90625E-01  -0.25496E-01
-0.60831E-01   0.90625E-01  -0.25394E-01
-0.40838E-01   0.90625E-01  -0.25337E-01
-0.20045E-01   0.90625E-01  -0.25337E-01
 0.15800E-02   0.90625E-01  -0.25338E-01
-0.50312E+00   0.00000E+00  -0.84522E-02
-0.50271E+00   0.87092E-03  -0.87756E-02
-0.50231E+00   0.17905E-02  -0.91039E-02
-0.50190E+00   0.27588E-02  -0.94088E-02
-0.50141E+00   0.37616E-02  -0.96461E-02
-0.50087E+00   0.47965E-02  -0.98383E-02
-0.50032E+00   0.58793E-02  -0.10052E-01
-0.49972E+00   0.69967E-02  -0.10251E-01
-0.49904E+00   0.81327E-02  -0.10395E-01
-0.49828E+00   0.92914E-02  -0.10496E-01
-0.49747E+00   0.10482E-01  -0.10568E-01
-0.49663E+00   0.11721E-01  -0.10636E-01
-0.49577E+00   0.13021E-01  -0.10719E-01
-0.49489E+00   0.14382E-01  -0.10819E-01
-0.49399E+00   0.15802E-01  -0.10939E-01
-0.49304E+00   0.17276E-01  -0.11076E-01
-0.49205E+00   0.18801E-01  -0.11231E-01
-0.49100E+00   0.20372E-01  -0.11401E-01
-0.48988E+00   0.21986E-01  -0.11582E-01
-0.48867E+00   0.23635E-01  -0.11774E-01
-0.48737E+00   0.25312E-01  -0.11980E-01
-0.48595E+00   0.27007E-01  -0.12204E-01
-0.48442E+00   0.28719E-01  -0.12446E-01
-0.48277E+00   0.30450E-01  -0.12701E-01
-0.48101E+00   0.32204E-01  -0.12963E-01
-0.47913E+00   0.33980E-01  -0.13229E-01
-0.47714E+00   0.35781E-01  -0.13496E-01
-0.47502E+00   0.37612E-01  -0.13759E-01
-0.47279E+00   0.39482E-01  -0.14017E-01
-0.47045E+00   0.41397E-01  -0.14271E-01
-0.46798E+00   0.43358E-01  -0.14524E-01
-0.46539E+00   0.45363E-01  -0.14779E-01
-0.46266E+00   0.47407E-01  -0.15037E-01
-0.45979E+00   0.49484E-01  -0.15303E-01
-0.45676E+00   0.51589E-01  -0.15578E-01
-0.45356E+00   0.53714E-01  -0.15862E-01
-0.45019E+00   0.55837E-01  -0.16157E-01
-0.44661E+00   0.57945E-01  -0.16459E-01
-0.44283E+00   0.60024E-01  -0.16765E-01
-0.43884E+00   0.62079E-01  -0.17076E-01
-0.43464E+00   0.64110E-01  -0.17391E-01
-0.43022E+00   0.66123E-01  -0.17710E-01
-0.42559E+00   0.68128E-01  -0.18032E-01
-0.42074E+00   0.70153E-01  -0.18354E-01
-0.41567E+00   0.72181E-01  -0.18676E-01
-0.41034E+00   0.74177E-01  -0.18995E-01
-0.40476E+00   0.76105E-01  -0.19310E-01
-0.39888E+00   0.77925E-01  -0.19618E-01
-0.39271E+00   0.79614E-01  -0.19915E-01
-0.38624E+00   0.81168E-01  -0.20199E-01
-0.37947E+00   0.82586E-01  -0.20469E-01
-0.37239E+00   0.83869E-01  -0.20729E-01
-0.36499E+00   0.85017E-01  -0.20978E-01
-0.35727E+00   0.86036E-01  -0.21220E-01
-0.34922E+00   0.86938E-01  -0.21456E-01
-0.34083E+00   0.87732E-01  -0.21685E-01
-0.33210E+00   0.88420E-01  -0.21905E-01
-0.32301E+00   0.89007E-01  -0.22116E-01
-0.31354E+00   0.89493E-01  -0.22307E-01
-0.30369E+00   0.89885E-01  -0.22491E-01
-0.29345E+00   0.90188E-01  -0.22671E-01
-0.28279E+00   0.90405E-01  -0.22849E-01
-0.27170E+00   0.90543E-01  -0.23023E-01
-0.26017E+00   0.90611E-01  -0.23178E-01
-0.24818E+00   0.90625E-01  -0.23310E-01
-0.23571E+00   0.90625E-01  -0.23402E-01
-0.22273E+00   0.90625E-01  -0.23453E-01
-0.20924E+00   0.90625E-01  -0.23459E-01
-0.19521E+00   0.90625E-01  -0.23424E-01
-0.18062E+00   0.90625E-01  -0.23376E-01
-0.16544E+00   0.90625E-01  -0.23321E-01
-0.14966E+00   0.90625E-01  -0.23263E-01
-0.13325E+00   0.90625E-01  -0.23205E-01
-0.11618E+00   0.90625E-01  -0.23146E-01
-0.98424E-01   0.90625E-01  -0.23085E-01
-0.79961E-01   0.90625E-01  -0.23021E-01
-0.60759E-01   0.90625E-01  -0.22954E-01
-0.40789E-01   0.90625E-01  -0.22918E-01
-0.20020E-01   0.90625E-01  -0.22918E-01
 0.15800E-02   0.90625E-01  -0.22918E-01
-0.50252E+00   0.00000E+00  -0.77424E-02
-0.50216E+00   0.85900E-03  -0.81328E-02
-0.50173E+00   0.17588E-02  -0.84767E-02
-0.50123E+00   0.26979E-02  -0.87255E-02
-0.50070E+00   0.36827E-02  -0.89453E-02
-0.50018E+00   0.47190E-02  -0.91869E-02
-0.49960E+00   0.57873E-02  -0.93878E-02
-0.49894E+00   0.68768E-02  -0.95217E-02
-0.49821E+00   0.79893E-02  -0.95985E-02
-0.49743E+00   0.91353E-02  -0.96409E-02
-0.49663E+00   0.10330E-01  -0.96725E-02
-0.49581E+00   0.11585E-01  -0.97156E-02
-0.49498E+00   0.12901E-01  -0.97741E-02
-0.49412E+00   0.14276E-01  -0.98481E-02
-0.49323E+00   0.15705E-01  -0.99375E-02
-0.49230E+00   0.17184E-01  -0.10041E-01
-0.49131E+00   0.18713E-01  -0.10154E-01
-0.49026E+00   0.20289E-01  -0.10272E-01
-0.48914E+00   0.21909E-01  -0.10391E-01
-0.48794E+00   0.23566E-01  -0.10515E-01
-0.48664E+00   0.25253E-01  -0.10653E-01
-0.48524E+00   0.26963E-01  -0.10811E-01
-0.48372E+00   0.28697E-01  -0.10987E-01
-0.48210E+00   0.30456E-01  -0.11179E-01
-0.48037E+00   0.32238E-01  -0.11384E-01
-0.47852E+00   0.34043E-01  -0.11598E-01
-0.47655E+00   0.35876E-01  -0.11814E-01
-0.47446E+00   0.37742E-01  -0.12030E-01
-0.47226E+00   0.39644E-01  -0.12245E-01
-0.46993E+00   0.41586E-01  -0.12460E-01
-0.46749E+00   0.43572E-01  -0.12675E-01
-0.46491E+00   0.45594E-01  -0.12894E-01
-0.46219E+00   0.47650E-01  -0.13117E-01
-0.45933E+00   0.49737E-01  -0.13348E-01
-0.45630E+00   0.51843E-01  -0.13588E-01
-0.45310E+00   0.53959E-01  -0.13837E-01
-0.44973E+00   0.56078E-01  -0.14095E-01
-0.44615E+00   0.58183E-01  -0.14360E-01
-0.44238E+00   0.60264E-01  -0.14628E-01
-0.43839E+00   0.62327E-01  -0.14902E-01
-0.43420E+00   0.64370E-01  -0.15180E-01
-0.42979E+00   0.66398E-01  -0.15462E-01
-0.42517E+00   0.68425E-01  -0.15747E-01
-0.42033E+00   0.70461E-01  -0.16033E-01
-0.41526E+00   0.72495E-01  -0.16318E-01
-0.40995E+00   0.74498E-01  -0.16602E-01
-0.40437E+00   0.76435E-01  -0.16883E-01
-0.39850E+00   0.78269E-01  -0.17159E-01
-0.39234E+00   0.79964E-01  -0.17426E-01
-0.38588E+00   0.81522E-01  -0.17682E-01
-0.37911E+00   0.82934E-01  -0.17927E-01
-0.37203E+00   0.84202E-01  -0.18161E-01
-0.36464E+00   0.85330E-01  -0.18388E-01
-0.35692E+00   0.86322E-01  -0.18608E-01
-0.34888E+00   0.87190E-01  -0.18824E-01
-0.34049E+00   0.87939E-01  -0.19033E-01
-0.33176E+00   0.88576E-01  -0.19236E-01
-0.32268E+00   0.89109E-01  -0.19431E-01
-0.31322E+00   0.89547E-01  -0.19611E-01
-0.30338E+00   0.89897E-01  -0.19785E-01
-0.29314E+00   0.90174E-01  -0.19957E-01
-0.28250E+00   0.90385E-01  -0.20128E-01
-0.27142E+00   0.90529E-01  -0.20297E-01
-0.25990E+00   0.90606E-01  -0.20449E-01
-0.24792E+00   0.90625E-01  -0.20582E-01
-0.23546E+00   0.90625E-01  -0.20681E-01
-0.22250E+00   0.90625E-01  -0.20743E-01
-0.20903E+00   0.90625E-01  -0.20767E-01
-0.19501E+00   0.90625E-01  -0.20757E-01
-0.18043E+00   0.90625E-01  -0.20736E-01
-0.16527E+00   0.90625E-01  -0.20710E-01
-0.14951E+00   0.90625E-01  -0.20682E-01
-0.13311E+00   0.90625E-01  -0.20654E-01
-0.11606E+00   0.90625E-01  -0.20627E-01
-0.98321E-01   0.90625E-01  -0.20599E-01
-0.79877E-01   0.90625E-01  -0.20570E-01
-0.60695E-01   0.90625E-01  -0.20539E-01
-0.40745E-01   0.90625E-01  -0.20522E-01
-0.19997E-01   0.90625E-01  -0.20522E-01
 0.15800E-02   0.90625E-01  -0.20522E-01
-0.50197E+00   0.00000E+00  -0.69985E-02
-0.50158E+00   0.83471E-03  -0.74068E-02
-0.50108E+00   0.17207E-02  -0.76668E-02
-0.50056E+00   0.26522E-02  -0.79218E-02
-0.50005E+00   0.36296E-02  -0.82057E-02
-0.49948E+00   0.46443E-02  -0.84154E-02
-0.49884E+00   0.56879E-02  -0.85330E-02
-0.49815E+00   0.67606E-02  -0.85797E-02
-0.49741E+00   0.78680E-02  -0.85810E-02
-0.49664E+00   0.90219E-02  -0.85730E-02
-0.49586E+00   0.10233E-01  -0.85857E-02
-0.49507E+00   0.11502E-01  -0.86199E-02
-0.49426E+00   0.12828E-01  -0.86708E-02
-0.49341E+00   0.14209E-01  -0.87316E-02
-0.49253E+00   0.15643E-01  -0.87957E-02
-0.49160E+00   0.17128E-01  -0.88617E-02
-0.49062E+00   0.18662E-01  -0.89293E-02
-0.48958E+00   0.20241E-01  -0.89980E-02
-0.48846E+00   0.21863E-01  -0.90699E-02
-0.48726E+00   0.23523E-01  -0.91491E-02
-0.48597E+00   0.25214E-01  -0.92401E-02
-0.48458E+00   0.26936E-01  -0.93463E-02
-0.48308E+00   0.28687E-01  -0.94706E-02
-0.48148E+00   0.30466E-01  -0.96128E-02
-0.47977E+00   0.32272E-01  -0.97692E-02
-0.47795E+00   0.34104E-01  -0.99352E-02
-0.47600E+00   0.35966E-01  -0.10107E-01
-0.47394E+00   0.37861E-01  -0.10281E-01
-0.47176E+00   0.39789E-01  -0.10457E-01
-0.46946E+00   0.41755E-01  -0.10635E-01
-0.46703E+00   0.43757E-01  -0.10815E-01
-0.46446E+00   0.45790E-01  -0.11000E-01
-0.46175E+00   0.47853E-01  -0.11189E-01
-0.45889E+00   0.49941E-01  -0.11386E-01
-0.45586E+00   0.52043E-01  -0.11591E-01
-0.45266E+00   0.54155E-01  -0.11805E-01
-0.44928E+00   0.56269E-01  -0.12027E-01
-0.44571E+00   0.58376E-01  -0.12255E-01
-0.44194E+00   0.60467E-01  -0.12486E-01
-0.43797E+00   0.62544E-01  -0.12723E-01
-0.43379E+00   0.64607E-01  -0.12964E-01
-0.42939E+00   0.66658E-01  -0.13210E-01
-0.42478E+00   0.68704E-01  -0.13459E-01
-0.41995E+00   0.70752E-01  -0.13709E-01
-0.41489E+00   0.72788E-01  -0.13959E-01
-0.40958E+00   0.74790E-01  -0.14207E-01
-0.40400E+00   0.76728E-01  -0.14454E-01
-0.39814E+00   0.78565E-01  -0.14699E-01
-0.39199E+00   0.80264E-01  -0.14936E-01
-0.38553E+00   0.81821E-01  -0.15164E-01
-0.37877E+00   0.83231E-01  -0.15384E-01
-0.37169E+00   0.84491E-01  -0.15595E-01
-0.36430E+00   0.85602E-01  -0.15800E-01
-0.35659E+00   0.86571E-01  -0.16000E-01
-0.34855E+00   0.87412E-01  -0.16196E-01
-0.34017E+00   0.88120E-01  -0.16387E-01
-0.33145E+00   0.88716E-01  -0.16574E-01
-0.32237E+00   0.89204E-01  -0.16755E-01
-0.31292E+00   0.89599E-01  -0.16924E-01
-0.30309E+00   0.89913E-01  -0.17090E-01
-0.29286E+00   0.90171E-01  -0.17255E-01
-0.28222E+00   0.90374E-01  -0.17420E-01
-0.27116E+00   0.90520E-01  -0.17583E-01
-0.25965E+00   0.90604E-01  -0.17734E-01
-0.24768E+00   0.90625E-01  -0.17868E-01
-0.23523E+00   0.90625E-01  -0.17974E-01
-0.22229E+00   0.90625E-01  -0.18050E-01
-0.20882E+00   0.90625E-01  -0.18093E-01
-0.19482E+00   0.90625E-01  -0.18108E-01
-0.18026E+00   0.90625E-01  -0.18114E-01
-0.16511E+00   0.90625E-01  -0.18117E-01
-0.14936E+00   0.90625E-01  -0.18120E-01
-0.13298E+00   0.90625E-01  -0.18124E-01
-0.11594E+00   0.90625E-01  -0.18129E-01
-0.98225E-01   0.90625E-01  -0.18135E-01
-0.79798E-01   0.90625E-01  -0.18141E-01
-0.60634E-01   0.90625E-01  -0.18147E-01
-0.40704E-01   0.90625E-01  -0.18150E-01
-0.19977E-01   0.90625E-01  -0.18150E-01
 0.15800E-02   0.90625E-01  -0.18150E-01
-0.50147E+00   0.00000E+00  -0.62194E-02
-0.50099E+00   0.84181E-03  -0.64914E-02
-0.50048E+00   0.17124E-02  -0.67913E-02
-0.49994E+00   0.26218E-02  -0.70715E-02
-0.49936E+00   0.35799E-02  -0.72596E-02
-0.49874E+00   0.45810E-02  -0.73510E-02
-0.49808E+00   0.56211E-02  -0.73711E-02
-0.49740E+00   0.67010E-02  -0.73480E-02
-0.49669E+00   0.78247E-02  -0.73164E-02
-0.49596E+00   0.89969E-02  -0.73077E-02
-0.49520E+00   0.10220E-01  -0.73245E-02
-0.49442E+00   0.11494E-01  -0.73587E-02
-0.49361E+00   0.12823E-01  -0.74009E-02
-0.49277E+00   0.14207E-01  -0.74406E-02
-0.49190E+00   0.15646E-01  -0.74761E-02
-0.49098E+00   0.17136E-01  -0.75093E-02
-0.49001E+00   0.18674E-01  -0.75429E-02
-0.48897E+00   0.20255E-01  -0.75795E-02
-0.48785E+00   0.21875E-01  -0.76220E-02
-0.48665E+00   0.23531E-01  -0.76733E-02
-0.48536E+00   0.25221E-01  -0.77361E-02
-0.48397E+00   0.26944E-01  -0.78121E-02
-0.48248E+00   0.28703E-01  -0.79023E-02
-0.48090E+00   0.30496E-01  -0.80058E-02
-0.47921E+00   0.32320E-01  -0.81208E-02
-0.47740E+00   0.34175E-01  -0.82454E-02
-0.47548E+00   0.36060E-01  -0.83778E-02
-0.47345E+00   0.37978E-01  -0.85143E-02
-0.47129E+00   0.39931E-01  -0.86528E-02
-0.46900E+00   0.41917E-01  -0.87953E-02
-0.46658E+00   0.43932E-01  -0.89423E-02
-0.46403E+00   0.45975E-01  -0.90935E-02
-0.46132E+00   0.48044E-01  -0.92493E-02
-0.45846E+00   0.50131E-01  -0.94130E-02
-0.45544E+00   0.52235E-01  -0.95838E-02
-0.45224E+00   0.54347E-01  -0.97626E-02
-0.44887E+00   0.56462E-01  -0.99487E-02
-0.44530E+00   0.58574E-01  -0.10140E-01
-0.44154E+00   0.60675E-01  -0.10335E-01
-0.43758E+00   0.62768E-01  -0.10536E-01
-0.43341E+00   0.64850E-01  -0.10742E-01
-0.42903E+00   0.66921E-01  -0.10952E-01
-0.42442E+00   0.68981E-01  -0.11166E-01
-0.41960E+00   0.71037E-01  -0.11380E-01
-0.41454E+00   0.73071E-01  -0.11595E-01
-0.40923E+00   0.75063E-01  -0.11808E-01
-0.40365E+00   0.76988E-01  -0.12022E-01
-0.39780E+00   0.78811E-01  -0.12234E-01
-0.39164E+00   0.80501E-01  -0.12441E-01
-0.38519E+00   0.82050E-01  -0.12642E-01
-0.37843E+00   0.83450E-01  -0.12836E-01
-0.37136E+00   0.84701E-01  -0.13025E-01
-0.36398E+00   0.85803E-01  -0.13210E-01
-0.35627E+00   0.86756E-01  -0.13390E-01
-0.34823E+00   0.87567E-01  -0.13569E-01
-0.33986E+00   0.88257E-01  -0.13744E-01
-0.33114E+00   0.88822E-01  -0.13917E-01
-0.32207E+00   0.89278E-01  -0.14085E-01
-0.31263E+00   0.89641E-01  -0.14245E-01
-0.30280E+00   0.89930E-01  -0.14403E-01
-0.29259E+00   0.90171E-01  -0.14561E-01
-0.28196E+00   0.90368E-01  -0.14721E-01
-0.27090E+00   0.90515E-01  -0.14880E-01
-0.25941E+00   0.90603E-01  -0.15030E-01
-0.24745E+00   0.90625E-01  -0.15167E-01
-0.23501E+00   0.90625E-01  -0.15281E-01
-0.22208E+00   0.90625E-01  -0.15371E-01
-0.20863E+00   0.90625E-01  -0.15434E-01
-0.19464E+00   0.90625E-01  -0.15475E-01
-0.18009E+00   0.90625E-01  -0.15509E-01
-0.16496E+00   0.90625E-01  -0.15542E-01
-0.14922E+00   0.90625E-01  -0.15576E-01
-0.13285E+00   0.90625E-01  -0.15613E-01
-0.11583E+00   0.90625E-01  -0.15652E-01
-0.98132E-01   0.90625E-01  -0.15692E-01
-0.79722E-01   0.90625E-01  -0.15734E-01
-0.60576E-01   0.90625E-01  -0.15778E-01
-0.40665E-01   0.90625E-01  -0.15801E-01
-0.19956E-01   0.90625E-01  -0.15801E-01
 0.15800E-02   0.90625E-01  -0.15802E-01
-0.50107E+00   0.00000E+00  -0.53861E-02
-0.50049E+00   0.79926E-03  -0.55793E-02
-0.49989E+00   0.16466E-02  -0.57456E-02
-0.49929E+00   0.25529E-02  -0.58576E-02
-0.49869E+00   0.35155E-02  -0.59169E-02
-0.49809E+00   0.45293E-02  -0.59336E-02
-0.49746E+00   0.55896E-02  -0.59232E-02
-0.49682E+00   0.66923E-02  -0.59036E-02
-0.49614E+00   0.78333E-02  -0.58938E-02
-0.49542E+00   0.90144E-02  -0.58969E-02
-0.49467E+00   0.10240E-01  -0.59105E-02
-0.49389E+00   0.11515E-01  -0.59300E-02
-0.49309E+00   0.12846E-01  -0.59502E-02
-0.49226E+00   0.14235E-01  -0.59688E-02
-0.49140E+00   0.15679E-01  -0.59864E-02
-0.49049E+00   0.17171E-01  -0.60041E-02
-0.48951E+00   0.18708E-01  -0.60233E-02
-0.48847E+00   0.20284E-01  -0.60460E-02
-0.48734E+00   0.21897E-01  -0.60745E-02
-0.48613E+00   0.23546E-01  -0.61116E-02
-0.48483E+00   0.25229E-01  -0.61585E-02
-0.48345E+00   0.26951E-01  -0.62153E-02
-0.48197E+00   0.28712E-01  -0.62814E-02
-0.48039E+00   0.30514E-01  -0.63556E-02
-0.47872E+00   0.32354E-01  -0.64366E-02
-0.47694E+00   0.34228E-01  -0.65260E-02
-0.47504E+00   0.36133E-01  -0.66239E-02
-0.47302E+00   0.38072E-01  -0.67261E-02
-0.47088E+00   0.40045E-01  -0.68313E-02
-0.46861E+00   0.42048E-01  -0.69413E-02
-0.46621E+00   0.44077E-01  -0.70560E-02
-0.46366E+00   0.46132E-01  -0.71745E-02
-0.46096E+00   0.48211E-01  -0.72974E-02
-0.45811E+00   0.50308E-01  -0.74275E-02
-0.45510E+00   0.52424E-01  -0.75641E-02
-0.45191E+00   0.54548E-01  -0.77084E-02
-0.44854E+00   0.56671E-01  -0.78595E-02
-0.44499E+00   0.58789E-01  -0.80154E-02
-0.44123E+00   0.60897E-01  -0.81762E-02
-0.43728E+00   0.63000E-01  -0.83428E-02
-0.43311E+00   0.65094E-01  -0.85145E-02
-0.42874E+00   0.67176E-01  -0.86907E-02
-0.42415E+00   0.69246E-01  -0.88693E-02
-0.41933E+00   0.71306E-01  -0.90487E-02
-0.41427E+00   0.73336E-01  -0.92285E-02
-0.40896E+00   0.75317E-01  -0.94079E-02
-0.40338E+00   0.77227E-01  -0.95882E-02
-0.39752E+00   0.79029E-01  -0.97681E-02
-0.39137E+00   0.80703E-01  -0.99458E-02
-0.38491E+00   0.82238E-01  -0.10120E-01
-0.37816E+00   0.83629E-01  -0.10290E-01
-0.37109E+00   0.84869E-01  -0.10457E-01
-0.36371E+00   0.85957E-01  -0.10622E-01
-0.35601E+00   0.86900E-01  -0.10784E-01
-0.34797E+00   0.87692E-01  -0.10946E-01
-0.33961E+00   0.88360E-01  -0.11107E-01
-0.33089E+00   0.88901E-01  -0.11266E-01
-0.32182E+00   0.89332E-01  -0.11423E-01
-0.31239E+00   0.89670E-01  -0.11574E-01
-0.30257E+00   0.89941E-01  -0.11725E-01
-0.29236E+00   0.90170E-01  -0.11877E-01
-0.28174E+00   0.90366E-01  -0.12032E-01
-0.27069E+00   0.90512E-01  -0.12188E-01
-0.25921E+00   0.90600E-01  -0.12338E-01
-0.24726E+00   0.90625E-01  -0.12479E-01
-0.23483E+00   0.90625E-01  -0.12602E-01
-0.22191E+00   0.90625E-01  -0.12707E-01
-0.20847E+00   0.90625E-01  -0.12792E-01
-0.19449E+00   0.90625E-01  -0.12859E-01
-0.17995E+00   0.90625E-01  -0.12922E-01
-0.16483E+00   0.90625E-01  -0.12986E-01
-0.14910E+00   0.90625E-01  -0.13052E-01
-0.13275E+00   0.90625E-01  -0.13121E-01
-0.11574E+00   0.90625E-01  -0.13195E-01
-0.98055E-01   0.90625E-01  -0.13271E-01
-0.79660E-01   0.90625E-01  -0.13350E-01
-0.60529E-01   0.90625E-01  -0.13432E-01
-0.40633E-01   0.90625E-01  -0.13476E-01
-0.19940E-01   0.90625E-01  -0.13476E-01
 0.15800E-02   0.90625E-01  -0.13476E-01
-0.50074E+00   0.00000E+00  -0.45252E-02
-0.50021E+00   0.85260E-03  -0.46022E-02
-0.49965E+00   0.17396E-02  -0.46803E-02
-0.49907E+00   0.26628E-02  -0.47573E-02
-0.49847E+00   0.36239E-02  -0.48303E-02
-0.49785E+00   0.46251E-02  -0.48955E-02
-0.49721E+00   0.56682E-02  -0.49489E-02
-0.49654E+00   0.67554E-02  -0.49858E-02
-0.49584E+00   0.78886E-02  -0.50034E-02
-0.49513E+00   0.90696E-02  -0.50067E-02
-0.49439E+00   0.10301E-01  -0.50014E-02
-0.49362E+00   0.11584E-01  -0.49962E-02
-0.49283E+00   0.12921E-01  -0.49994E-02
-0.49201E+00   0.14312E-01  -0.50115E-02
-0.49114E+00   0.15754E-01  -0.50293E-02
-0.49023E+00   0.17242E-01  -0.50482E-02
-0.48925E+00   0.18773E-01  -0.50648E-02
-0.48820E+00   0.20344E-01  -0.50814E-02
-0.48706E+00   0.21952E-01  -0.51028E-02
-0.48585E+00   0.23594E-01  -0.51335E-02
-0.48454E+00   0.25272E-01  -0.51732E-02
-0.48315E+00   0.26991E-01  -0.52200E-02
-0.48167E+00   0.28753E-01  -0.52722E-02
-0.48010E+00   0.30559E-01  -0.53293E-02
-0.47844E+00   0.32405E-01  -0.53916E-02
-0.47666E+00   0.34288E-01  -0.54614E-02
-0.47478E+00   0.36202E-01  -0.55386E-02
-0.47277E+00   0.38152E-01  -0.56196E-02
-0.47064E+00   0.40135E-01  -0.57035E-02
-0.46838E+00   0.42147E-01  -0.57921E-02
-0.46599E+00   0.44186E-01  -0.58847E-02
-0.46345E+00   0.46250E-01  -0.59803E-02
-0.46076E+00   0.48336E-01  -0.60798E-02
-0.45791E+00   0.50443E-01  -0.61858E-02
-0.45491E+00   0.52574E-01  -0.62978E-02
-0.45174E+00   0.54710E-01  -0.64170E-02
-0.44837E+00   0.56842E-01  -0.65424E-02
-0.44482E+00   0.58963E-01  -0.66720E-02
-0.44107E+00   0.61073E-01  -0.68059E-02
-0.43711E+00   0.63175E-01  -0.69449E-02
-0.43295E+00   0.65267E-01  -0.70883E-02
-0.42858E+00   0.67351E-01  -0.72356E-02
-0.42399E+00   0.69423E-01  -0.73846E-02
-0.41917E+00   0.71483E-01  -0.75336E-02
-0.41411E+00   0.73513E-01  -0.76827E-02
-0.40880E+00   0.75489E-01  -0.78308E-02
-0.40322E+00   0.77391E-01  -0.79798E-02
-0.39736E+00   0.79186E-01  -0.81285E-02
-0.39121E+00   0.80853E-01  -0.82756E-02
-0.38476E+00   0.82381E-01  -0.84199E-02
-0.37800E+00   0.83764E-01  -0.85614E-02
-0.37094E+00   0.84998E-01  -0.87004E-02
-0.36356E+00   0.86084E-01  -0.88371E-02
-0.35586E+00   0.87017E-01  -0.89722E-02
-0.34783E+00   0.87801E-01  -0.91062E-02
-0.33946E+00   0.88448E-01  -0.92388E-02
-0.33075E+00   0.88968E-01  -0.93708E-02
-0.32168E+00   0.89375E-01  -0.95004E-02
-0.31225E+00   0.89692E-01  -0.96246E-02
-0.30244E+00   0.89945E-01  -0.97488E-02
-0.29223E+00   0.90166E-01  -0.98743E-02
-0.28161E+00   0.90359E-01  -0.10002E-01
-0.27057E+00   0.90509E-01  -0.10130E-01
-0.25909E+00   0.90602E-01  -0.10253E-01
-0.24715E+00   0.90625E-01  -0.10369E-01
-0.23473E+00   0.90625E-01  -0.10470E-01
-0.22181E+00   0.90625E-01  -0.10555E-01
-0.20837E+00   0.90625E-01  -0.10624E-01
-0.19440E+00   0.90625E-01  -0.10678E-01
-0.17987E+00   0.90625E-01  -0.10729E-01
-0.16475E+00   0.90625E-01  -0.10780E-01
-0.14904E+00   0.90625E-01  -0.10833E-01
-0.13269E+00   0.90625E-01  -0.10889E-01
-0.11569E+00   0.90625E-01  -0.10948E-01
-0.98011E-01   0.90625E-01  -0.11009E-01
-0.79624E-01   0.90625E-01  -0.11072E-01
-0.60501E-01   0.90625E-01  -0.11138E-01
-0.40614E-01   0.90625E-01  -0.11174E-01
-0.19930E-01   0.90625E-01  -0.11174E-01
 0.15800E-02   0.90625E-01  -0.11174E-01
-0.50047E+00   0.00000E+00  -0.36428E-02
-0.49995E+00   0.86043E-03  -0.37080E-02
-0.49941E+00   0.17554E-02  -0.37740E-02
-0.49884E+00   0.26864E-02  -0.38385E-02
-0.49825E+00   0.36551E-02  -0.38990E-02
-0.49764E+00   0.46631E-02  -0.39517E-02
-0.49700E+00   0.57121E-02  -0.39930E-02
-0.49634E+00   0.68038E-02  -0.40186E-02
-0.49565E+00   0.79400E-02  -0.40280E-02
-0.49494E+00   0.91227E-02  -0.40263E-02
-0.49420E+00   0.10354E-01  -0.40192E-02
-0.49344E+00   0.11638E-01  -0.40147E-02
-0.49265E+00   0.12975E-01  -0.40192E-02
-0.49182E+00   0.14364E-01  -0.40315E-02
-0.49095E+00   0.15802E-01  -0.40480E-02
-0.49003E+00   0.17286E-01  -0.40641E-02
-0.48905E+00   0.18812E-01  -0.40773E-02
-0.48799E+00   0.20378E-01  -0.40904E-02
-0.48685E+00   0.21979E-01  -0.41081E-02
-0.48562E+00   0.23616E-01  -0.41336E-02
-0.48431E+00   0.25290E-01  -0.41658E-02
-0.48292E+00   0.27008E-01  -0.42020E-02
-0.48145E+00   0.28772E-01  -0.42413E-02
-0.47988E+00   0.30582E-01  -0.42838E-02
-0.47822E+00   0.32434E-01  -0.43305E-02
-0.47646E+00   0.34323E-01  -0.43832E-02
-0.47458E+00   0.36248E-01  -0.44416E-02
-0.47259E+00   0.38209E-01  -0.45030E-02
-0.47047E+00   0.40202E-01  -0.45673E-02
-0.46822E+00   0.42224E-01  -0.46357E-02
-0.46583E+00   0.44274E-01  -0.47072E-02
-0.46330E+00   0.46350E-01  -0.47808E-02
-0.46062E+00   0.48448E-01  -0.48578E-02
-0.45779E+00   0.50571E-01  -0.49407E-02
-0.45480E+00   0.52716E-01  -0.50294E-02
-0.45163E+00   0.54865E-01  -0.51245E-02
-0.44828E+00   0.57007E-01  -0.52249E-02
-0.44473E+00   0.59133E-01  -0.53286E-02
-0.44097E+00   0.61241E-01  -0.54357E-02
-0.43702E+00   0.63343E-01  -0.55474E-02
-0.43286E+00   0.65434E-01  -0.56627E-02
-0.42848E+00   0.67514E-01  -0.57809E-02
-0.42389E+00   0.69587E-01  -0.59004E-02
-0.41908E+00   0.71647E-01  -0.60193E-02
-0.41402E+00   0.73678E-01  -0.61379E-02
-0.40871E+00   0.75652E-01  -0.62554E-02
-0.40313E+00   0.77554E-01  -0.63738E-02
-0.39727E+00   0.79350E-01  -0.64923E-02
-0.39112E+00   0.81012E-01  -0.66095E-02
-0.38467E+00   0.82539E-01  -0.67248E-02
-0.37791E+00   0.83922E-01  -0.68381E-02
-0.37085E+00   0.85155E-01  -0.69497E-02
-0.36347E+00   0.86237E-01  -0.70591E-02
-0.35577E+00   0.87164E-01  -0.71671E-02
-0.34774E+00   0.87941E-01  -0.72738E-02
-0.33938E+00   0.88567E-01  -0.73786E-02
-0.33067E+00   0.89060E-01  -0.74828E-02
-0.32160E+00   0.89436E-01  -0.75850E-02
-0.31217E+00   0.89722E-01  -0.76830E-02
-0.30236E+00   0.89949E-01  -0.77812E-02
-0.29215E+00   0.90156E-01  -0.78804E-02
-0.28154E+00   0.90345E-01  -0.79813E-02
-0.27050E+00   0.90499E-01  -0.80825E-02
-0.25902E+00   0.90600E-01  -0.81796E-02
-0.24708E+00   0.90625E-01  -0.82705E-02
-0.23466E+00   0.90625E-01  -0.83499E-02
-0.22175E+00   0.90625E-01  -0.84167E-02
-0.20832E+00   0.90625E-01  -0.84701E-02
-0.19435E+00   0.90625E-01  -0.85118E-02
-0.17982E+00   0.90625E-01  -0.85512E-02
-0.16471E+00   0.90625E-01  -0.85907E-02
-0.14900E+00   0.90625E-01  -0.86315E-02
-0.13266E+00   0.90625E-01  -0.86746E-02
-0.11566E+00   0.90625E-01  -0.87199E-02
-0.97985E-01   0.90625E-01  -0.87672E-02
-0.79602E-01   0.90625E-01  -0.88162E-02
-0.60485E-01   0.90625E-01  -0.88670E-02
-0.40602E-01   0.90625E-01  -0.88944E-02
-0.19925E-01   0.90625E-01  -0.88943E-02
 0.15800E-02   0.90625E-01  -0.88945E-02
-0.50027E+00   0.00000E+00  -0.27427E-02
-0.49976E+00   0.86926E-03  -0.27922E-02
-0.49923E+00   0.17732E-02  -0.28421E-02
-0.49868E+00   0.27131E-02  -0.28906E-02
-0.49811E+00   0.36902E-02  -0.29356E-02
-0.49751E+00   0.47058E-02  -0.29740E-02
-0.49688E+00   0.57612E-02  -0.30026E-02
-0.49622E+00   0.68577E-02  -0.30186E-02
-0.49554E+00   0.79969E-02  -0.30223E-02
-0.49483E+00   0.91811E-02  -0.30184E-02
-0.49410E+00   0.10413E-01  -0.30118E-02
-0.49333E+00   0.11695E-01  -0.30094E-02
-0.49253E+00   0.13030E-01  -0.30154E-02
-0.49170E+00   0.14415E-01  -0.30282E-02
-0.49083E+00   0.15849E-01  -0.30440E-02
-0.48990E+00   0.17326E-01  -0.30586E-02
-0.48890E+00   0.18845E-01  -0.30700E-02
-0.48783E+00   0.20404E-01  -0.30810E-02
-0.48668E+00   0.21999E-01  -0.30951E-02
-0.48545E+00   0.23632E-01  -0.31147E-02
-0.48414E+00   0.25306E-01  -0.31385E-02
-0.48275E+00   0.27025E-01  -0.31646E-02
-0.48128E+00   0.28792E-01  -0.31925E-02
-0.47972E+00   0.30604E-01  -0.32228E-02
-0.47807E+00   0.32460E-01  -0.32562E-02
-0.47631E+00   0.34355E-01  -0.32940E-02
-0.47444E+00   0.36288E-01  -0.33357E-02
-0.47245E+00   0.38259E-01  -0.33795E-02
-0.47035E+00   0.40263E-01  -0.34255E-02
-0.46811E+00   0.42299E-01  -0.34747E-02
-0.46573E+00   0.44363E-01  -0.35262E-02
-0.46322E+00   0.46452E-01  -0.35792E-02
-0.46055E+00   0.48566E-01  -0.36350E-02
-0.45773E+00   0.50706E-01  -0.36964E-02
-0.45475E+00   0.52862E-01  -0.37626E-02
-0.45159E+00   0.55022E-01  -0.38342E-02
-0.44824E+00   0.57173E-01  -0.39099E-02
-0.44469E+00   0.59303E-01  -0.39880E-02
-0.44093E+00   0.61412E-01  -0.40684E-02
-0.43698E+00   0.63510E-01  -0.41523E-02
-0.43282E+00   0.65599E-01  -0.42394E-02
-0.42844E+00   0.67676E-01  -0.43285E-02
-0.42385E+00   0.69746E-01  -0.44183E-02
-0.41903E+00   0.71806E-01  -0.45074E-02
-0.41398E+00   0.73837E-01  -0.45959E-02
-0.40867E+00   0.75816E-01  -0.46836E-02
-0.40309E+00   0.77721E-01  -0.47719E-02
-0.39723E+00   0.79518E-01  -0.48604E-02
-0.39108E+00   0.81184E-01  -0.49485E-02
-0.38463E+00   0.82711E-01  -0.50354E-02
-0.37788E+00   0.84092E-01  -0.51209E-02
-0.37081E+00   0.85324E-01  -0.52052E-02
-0.36344E+00   0.86402E-01  -0.52876E-02
-0.35574E+00   0.87324E-01  -0.53688E-02
-0.34771E+00   0.88089E-01  -0.54483E-02
-0.33934E+00   0.88697E-01  -0.55258E-02
-0.33063E+00   0.89160E-01  -0.56022E-02
-0.32156E+00   0.89504E-01  -0.56774E-02
-0.31213E+00   0.89753E-01  -0.57495E-02
-0.30232E+00   0.89952E-01  -0.58223E-02
-0.29212E+00   0.90142E-01  -0.58959E-02
-0.28151E+00   0.90328E-01  -0.59707E-02
-0.27047E+00   0.90489E-01  -0.60456E-02
-0.25899E+00   0.90598E-01  -0.61174E-02
-0.24705E+00   0.90625E-01  -0.61845E-02
-0.23463E+00   0.90625E-01  -0.62430E-02
-0.22172E+00   0.90625E-01  -0.62921E-02
-0.20829E+00   0.90625E-01  -0.63310E-02
-0.19432E+00   0.90625E-01  -0.63612E-02
-0.17980E+00   0.90625E-01  -0.63897E-02
-0.16469E+00   0.90625E-01  -0.64182E-02
-0.14898E+00   0.90625E-01  -0.64476E-02
-0.13264E+00   0.90625E-01  -0.64787E-02
-0.11564E+00   0.90625E-01  -0.65115E-02
-0.97972E-01   0.90625E-01  -0.65457E-02
-0.79592E-01   0.90625E-01  -0.65810E-02
-0.60477E-01   0.90625E-01  -0.66177E-02
-0.40597E-01   0.90625E-01  -0.66375E-02
-0.19922E-01   0.90625E-01  -0.66375E-02
 0.15800E-02   0.90625E-01  -0.66376E-02
-0.50015E+00   0.00000E+00  -0.18311E-02
-0.49965E+00   0.87767E-03  -0.18631E-02
-0.49913E+00   0.17902E-02  -0.18953E-02
-0.49859E+00   0.27385E-02  -0.19265E-02
-0.49803E+00   0.37238E-02  -0.19552E-02
-0.49744E+00   0.47469E-02  -0.19792E-02
-0.49683E+00   0.58088E-02  -0.19965E-02
-0.49618E+00   0.69103E-02  -0.20051E-02
-0.49551E+00   0.80532E-02  -0.20058E-02
-0.49480E+00   0.92395E-02  -0.20019E-02
-0.49406E+00   0.10472E-01  -0.19971E-02
-0.49329E+00   0.11753E-01  -0.19964E-02
-0.49249E+00   0.13083E-01  -0.20027E-02
-0.49165E+00   0.14463E-01  -0.20142E-02
-0.49076E+00   0.15889E-01  -0.20280E-02
-0.48982E+00   0.17359E-01  -0.20405E-02
-0.48881E+00   0.18869E-01  -0.20502E-02
-0.48773E+00   0.20420E-01  -0.20589E-02
-0.48658E+00   0.22011E-01  -0.20690E-02
-0.48535E+00   0.23644E-01  -0.20820E-02
-0.48404E+00   0.25319E-01  -0.20971E-02
-0.48265E+00   0.27040E-01  -0.21137E-02
-0.48118E+00   0.28809E-01  -0.21316E-02
-0.47962E+00   0.30623E-01  -0.21510E-02
-0.47797E+00   0.32482E-01  -0.21726E-02
-0.47622E+00   0.34382E-01  -0.21970E-02
-0.47435E+00   0.36322E-01  -0.22239E-02
-0.47238E+00   0.38303E-01  -0.22515E-02
-0.47028E+00   0.40321E-01  -0.22807E-02
-0.46806E+00   0.42372E-01  -0.23122E-02
-0.46570E+00   0.44451E-01  -0.23454E-02
-0.46319E+00   0.46558E-01  -0.23794E-02
-0.46054E+00   0.48691E-01  -0.24158E-02
-0.45773E+00   0.50843E-01  -0.24564E-02
-0.45476E+00   0.53011E-01  -0.25005E-02
-0.45160E+00   0.55179E-01  -0.25483E-02
-0.44826E+00   0.57336E-01  -0.25992E-02
-0.44471E+00   0.59470E-01  -0.26517E-02
-0.44096E+00   0.61580E-01  -0.27053E-02
-0.43700E+00   0.63677E-01  -0.27616E-02
-0.43283E+00   0.65759E-01  -0.28198E-02
-0.42846E+00   0.67832E-01  -0.28797E-02
-0.42386E+00   0.69898E-01  -0.29397E-02
-0.41904E+00   0.71958E-01  -0.29990E-02
-0.41399E+00   0.73995E-01  -0.30581E-02
-0.40868E+00   0.75979E-01  -0.31162E-02
-0.40311E+00   0.77891E-01  -0.31752E-02
-0.39725E+00   0.79691E-01  -0.32341E-02
-0.39110E+00   0.81358E-01  -0.32930E-02
-0.38465E+00   0.82883E-01  -0.33513E-02
-0.37789E+00   0.84259E-01  -0.34087E-02
-0.37083E+00   0.85483E-01  -0.34654E-02
-0.36345E+00   0.86548E-01  -0.35205E-02
-0.35575E+00   0.87457E-01  -0.35746E-02
-0.34771E+00   0.88208E-01  -0.36273E-02
-0.33935E+00   0.88796E-01  -0.36781E-02
-0.33063E+00   0.89237E-01  -0.37280E-02
-0.32157E+00   0.89556E-01  -0.37771E-02
-0.31213E+00   0.89783E-01  -0.38245E-02
-0.30232E+00   0.89962E-01  -0.38723E-02
-0.29212E+00   0.90139E-01  -0.39208E-02
-0.28151E+00   0.90320E-01  -0.39701E-02
-0.27047E+00   0.90481E-01  -0.40194E-02
-0.25899E+00   0.90594E-01  -0.40666E-02
-0.24705E+00   0.90625E-01  -0.41107E-02
-0.23463E+00   0.90625E-01  -0.41491E-02
-0.22172E+00   0.90625E-01  -0.41811E-02
-0.20829E+00   0.90625E-01  -0.42064E-02
-0.19432E+00   0.90625E-01  -0.42258E-02
-0.17980E+00   0.90625E-01  -0.42441E-02
-0.16469E+00   0.90625E-01  -0.42624E-02
-0.14898E+00   0.90625E-01  -0.42812E-02
-0.13264E+00   0.90625E-01  -0.43011E-02
-0.11565E+00   0.90625E-01  -0.43222E-02
-0.97972E-01   0.90625E-01  -0.43441E-02
-0.79592E-01   0.90625E-01  -0.43667E-02
-0.60477E-01   0.90625E-01  -0.43903E-02
-0.40597E-01   0.90625E-01  -0.44029E-02
-0.19922E-01   0.90625E-01  -0.44029E-02
 0.15800E-02   0.90625E-01  -0.44030E-02
-0.50006E+00   0.00000E+00  -0.91633E-03
-0.49958E+00   0.88766E-03  -0.93086E-03
-0.49908E+00   0.18103E-02  -0.94546E-03
-0.49856E+00   0.27688E-02  -0.95956E-03
-0.49801E+00   0.37639E-02  -0.97245E-03
-0.49744E+00   0.47961E-02  -0.98313E-03
-0.49683E+00   0.58659E-02  -0.99061E-03
-0.49620E+00   0.69738E-02  -0.99397E-03
-0.49553E+00   0.81211E-02  -0.99367E-03
-0.49483E+00   0.93100E-02  -0.99140E-03
-0.49409E+00   0.10542E-01  -0.98915E-03
-0.49332E+00   0.11821E-01  -0.98942E-03
-0.49251E+00   0.13147E-01  -0.99382E-03
-0.49166E+00   0.14520E-01  -0.10013E-02
-0.49076E+00   0.15937E-01  -0.10100E-02
-0.48980E+00   0.17398E-01  -0.10179E-02
-0.48877E+00   0.18899E-01  -0.10241E-02
-0.48768E+00   0.20443E-01  -0.10293E-02
-0.48652E+00   0.22031E-01  -0.10347E-02
-0.48529E+00   0.23663E-01  -0.10412E-02
-0.48399E+00   0.25341E-01  -0.10484E-02
-0.48260E+00   0.27065E-01  -0.10564E-02
-0.48114E+00   0.28835E-01  -0.10651E-02
-0.47958E+00   0.30652E-01  -0.10746E-02
-0.47793E+00   0.32514E-01  -0.10850E-02
-0.47618E+00   0.34419E-01  -0.10970E-02
-0.47433E+00   0.36365E-01  -0.11100E-02
-0.47236E+00   0.38356E-01  -0.11232E-02
-0.47028E+00   0.40387E-01  -0.11371E-02
-0.46807E+00   0.42452E-01  -0.11524E-02
-0.46572E+00   0.44547E-01  -0.11686E-02
-0.46323E+00   0.46673E-01  -0.11853E-02
-0.46059E+00   0.48822E-01  -0.12033E-02
-0.45779E+00   0.50989E-01  -0.12237E-02
-0.45482E+00   0.53165E-01  -0.12455E-02
-0.45167E+00   0.55341E-01  -0.12696E-02
-0.44833E+00   0.57502E-01  -0.12954E-02
-0.44478E+00   0.59639E-01  -0.13215E-02
-0.44103E+00   0.61751E-01  -0.13486E-02
-0.43707E+00   0.63846E-01  -0.13769E-02
-0.43290E+00   0.65923E-01  -0.14060E-02
-0.42852E+00   0.67991E-01  -0.14365E-02
-0.42392E+00   0.70050E-01  -0.14662E-02
-0.41910E+00   0.72112E-01  -0.14961E-02
-0.41405E+00   0.74151E-01  -0.15254E-02
-0.40874E+00   0.76144E-01  -0.15545E-02
-0.40317E+00   0.78062E-01  -0.15842E-02
-0.39731E+00   0.79867E-01  -0.16136E-02
-0.39116E+00   0.81533E-01  -0.16432E-02
-0.38471E+00   0.83052E-01  -0.16726E-02
-0.37795E+00   0.84416E-01  -0.17015E-02
-0.37088E+00   0.85622E-01  -0.17300E-02
-0.36350E+00   0.86669E-01  -0.17575E-02
-0.35579E+00   0.87551E-01  -0.17844E-02
-0.34776E+00   0.88278E-01  -0.18105E-02
-0.33939E+00   0.88847E-01  -0.18356E-02
-0.33067E+00   0.89275E-01  -0.18603E-02
-0.32160E+00   0.89585E-01  -0.18845E-02
-0.31217E+00   0.89804E-01  -0.19079E-02
-0.30236E+00   0.89977E-01  -0.19315E-02
-0.29215E+00   0.90151E-01  -0.19555E-02
-0.28154E+00   0.90327E-01  -0.19798E-02
-0.27050E+00   0.90484E-01  -0.20042E-02
-0.25902E+00   0.90595E-01  -0.20275E-02
-0.24708E+00   0.90625E-01  -0.20492E-02
-0.23466E+00   0.90625E-01  -0.20681E-02
-0.22174E+00   0.90625E-01  -0.20838E-02
-0.20831E+00   0.90625E-01  -0.20961E-02
-0.19434E+00   0.90625E-01  -0.21055E-02
-0.17982E+00   0.90625E-01  -0.21143E-02
-0.16471E+00   0.90625E-01  -0.21230E-02
-0.14899E+00   0.90625E-01  -0.21321E-02
-0.13265E+00   0.90625E-01  -0.21416E-02
-0.11566E+00   0.90625E-01  -0.21517E-02
-0.97983E-01   0.90625E-01  -0.21623E-02
-0.79601E-01   0.90625E-01  -0.21731E-02
-0.60483E-01   0.90625E-01  -0.21844E-02
-0.40602E-01   0.90625E-01  -0.21905E-02
-0.19924E-01   0.90625E-01  -0.21905E-02
 0.15800E-02   0.90625E-01  -0.21905E-02
-0.50000E+00   0.00000E+00   0.00000E+00
-0.49954E+00   0.89910E-03   0.00000E+00
-0.49907E+00   0.18335E-02   0.00000E+00
-0.49857E+00   0.28036E-02   0.00000E+00
-0.49804E+00   0.38101E-02   0.00000E+00
-0.49749E+00   0.48529E-02   0.00000E+00
-0.49690E+00   0.59321E-02   0.00000E+00
-0.49628E+00   0.70477E-02   0.00000E+00
-0.49562E+00   0.82001E-02   0.00000E+00
-0.49492E+00   0.93917E-02   0.00000E+00
-0.49418E+00   0.10624E-01   0.00000E+00
-0.49340E+00   0.11899E-01   0.00000E+00
-0.49258E+00   0.13220E-01   0.00000E+00
-0.49172E+00   0.14585E-01   0.00000E+00
-0.49080E+00   0.15994E-01   0.00000E+00
-0.48983E+00   0.17445E-01   0.00000E+00
-0.48879E+00   0.18939E-01   0.00000E+00
-0.48769E+00   0.20476E-01   0.00000E+00
-0.48653E+00   0.22061E-01   0.00000E+00
-0.48530E+00   0.23694E-01   0.00000E+00
-0.48400E+00   0.25375E-01   0.00000E+00
-0.48262E+00   0.27102E-01   0.00000E+00
-0.48115E+00   0.28875E-01   0.00000E+00
-0.47960E+00   0.30695E-01   0.00000E+00
-0.47796E+00   0.32561E-01   0.00000E+00
-0.47621E+00   0.34470E-01   0.00000E+00
-0.47436E+00   0.36422E-01   0.00000E+00
-0.47240E+00   0.38423E-01   0.00000E+00
-0.47033E+00   0.40465E-01   0.00000E+00
-0.46813E+00   0.42542E-01   0.00000E+00
-0.46579E+00   0.44652E-01   0.00000E+00
-0.46332E+00   0.46794E-01   0.00000E+00
-0.46069E+00   0.48959E-01   0.00000E+00
-0.45790E+00   0.51137E-01   0.00000E+00
-0.45493E+00   0.53323E-01   0.00000E+00
-0.45179E+00   0.55506E-01   0.00000E+00
-0.44845E+00   0.57672E-01   0.00000E+00
-0.44490E+00   0.59813E-01   0.00000E+00
-0.44115E+00   0.61927E-01   0.00000E+00
-0.43719E+00   0.64020E-01   0.00000E+00
-0.43301E+00   0.66094E-01   0.00000E+00
-0.42863E+00   0.68153E-01   0.00000E+00
-0.42403E+00   0.70210E-01   0.00000E+00
-0.41921E+00   0.72271E-01   0.00000E+00
-0.41416E+00   0.74316E-01   0.00000E+00
-0.40885E+00   0.76316E-01   0.00000E+00
-0.40328E+00   0.78238E-01   0.00000E+00
-0.39742E+00   0.80046E-01   0.00000E+00
-0.39126E+00   0.81709E-01   0.00000E+00
-0.38481E+00   0.83218E-01   0.00000E+00
-0.37804E+00   0.84567E-01   0.00000E+00
-0.37097E+00   0.85751E-01   0.00000E+00
-0.36358E+00   0.86773E-01   0.00000E+00
-0.35587E+00   0.87628E-01   0.00000E+00
-0.34783E+00   0.88327E-01   0.00000E+00
-0.33946E+00   0.88879E-01   0.00000E+00
-0.33074E+00   0.89294E-01   0.00000E+00
-0.32167E+00   0.89598E-01   0.00000E+00
-0.31224E+00   0.89817E-01   0.00000E+00
-0.30242E+00   0.89991E-01   0.00000E+00
-0.29221E+00   0.90163E-01   0.00000E+00
-0.28160E+00   0.90335E-01   0.00000E+00
-0.27056E+00   0.90490E-01   0.00000E+00
-0.25907E+00   0.90597E-01   0.00000E+00
-0.24713E+00   0.90625E-01   0.00000E+00
-0.23471E+00   0.90625E-01   0.00000E+00
-0.22179E+00   0.90625E-01   0.00000E+00
-0.20836E+00   0.90625E-01   0.00000E+00
-0.19439E+00   0.90625E-01   0.00000E+00
-0.17985E+00   0.90625E-01   0.00000E+00
-0.16474E+00   0.90625E-01   0.00000E+00
-0.14903E+00   0.90625E-01   0.00000E+00
-0.13268E+00   0.90625E-01   0.00000E+00
-0.11568E+00   0.90625E-01   0.00000E+00
-0.98004E-01   0.90625E-01   0.00000E+00
-0.79618E-01   0.90625E-01   0.00000E+00
-0.60497E-01   0.90625E-01   0.00000E+00
-0.40610E-01   0.90625E-01   0.00000E+00
-0.19929E-01   0.90625E-01   0.00000E+00
 0.15800E-02   0.90625E-01   0.00000E+00
