 Variables = "X", "Y", "Z"
Zone i=   31 j=   41 f=point
 0.46779E+00   0.00000E+00  -0.29062E-01
 0.46799E+00   0.00000E+00  -0.27662E-01
 0.46856E+00   0.00000E+00  -0.26309E-01
 0.46918E+00   0.00000E+00  -0.24910E-01
 0.47014E+00   0.00000E+00  -0.23646E-01
 0.47118E+00   0.00000E+00  -0.22357E-01
 0.47253E+00   0.00000E+00  -0.21279E-01
 0.47397E+00   0.00000E+00  -0.20224E-01
 0.47560E+00   0.00000E+00  -0.19317E-01
 0.47733E+00   0.00000E+00  -0.18469E-01
 0.47918E+00   0.00000E+00  -0.17654E-01
 0.48113E+00   0.00000E+00  -0.16899E-01
 0.48319E+00   0.00000E+00  -0.16174E-01
 0.48534E+00   0.00000E+00  -0.15472E-01
 0.48760E+00   0.00000E+00  -0.14785E-01
 0.48995E+00   0.00000E+00  -0.14087E-01
 0.49229E+00   0.00000E+00  -0.13386E-01
 0.49455E+00   0.00000E+00  -0.12710E-01
 0.49672E+00   0.00000E+00  -0.12061E-01
 0.49881E+00   0.00000E+00  -0.11444E-01
 0.50083E+00   0.00000E+00  -0.10861E-01
 0.50276E+00   0.00000E+00  -0.10307E-01
 0.50463E+00   0.00000E+00  -0.97822E-02
 0.50642E+00   0.00000E+00  -0.92784E-02
 0.50815E+00   0.00000E+00  -0.87946E-02
 0.50980E+00   0.00000E+00  -0.83271E-02
 0.51140E+00   0.00000E+00  -0.78775E-02
 0.51293E+00   0.00000E+00  -0.74462E-02
 0.51441E+00   0.00000E+00  -0.70315E-02
 0.51582E+00   0.00000E+00  -0.66331E-02
 0.51718E+00   0.00000E+00  -0.62500E-02
 0.46779E+00   0.10620E-03  -0.27443E-01
 0.46807E+00   0.25412E-03  -0.26084E-01
 0.46850E+00   0.42176E-03  -0.24709E-01
 0.46922E+00   0.61897E-03  -0.23399E-01
 0.47020E+00   0.83083E-03  -0.22190E-01
 0.47139E+00   0.10248E-02  -0.21096E-01
 0.47278E+00   0.11575E-02  -0.20129E-01
 0.47432E+00   0.12224E-02  -0.19263E-01
 0.47598E+00   0.12448E-02  -0.18468E-01
 0.47773E+00   0.12479E-02  -0.17720E-01
 0.47959E+00   0.12556E-02  -0.17011E-01
 0.48154E+00   0.12613E-02  -0.16333E-01
 0.48359E+00   0.12552E-02  -0.15677E-01
 0.48573E+00   0.12337E-02  -0.15023E-01
 0.48795E+00   0.12019E-02  -0.14357E-01
 0.49027E+00   0.11716E-02  -0.13666E-01
 0.49259E+00   0.11431E-02  -0.12983E-01
 0.49482E+00   0.11144E-02  -0.12325E-01
 0.49696E+00   0.10862E-02  -0.11692E-01
 0.49903E+00   0.10610E-02  -0.11089E-01
 0.50101E+00   0.10358E-02  -0.10503E-01
 0.50292E+00   0.10137E-02  -0.99500E-02
 0.50475E+00   0.99306E-03  -0.94197E-02
 0.50652E+00   0.97553E-03  -0.89195E-02
 0.50822E+00   0.95639E-03  -0.84453E-02
 0.50986E+00   0.93365E-03  -0.79976E-02
 0.51144E+00   0.91151E-03  -0.75755E-02
 0.51296E+00   0.89267E-03  -0.71749E-02
 0.51442E+00   0.87518E-03  -0.67940E-02
 0.51583E+00   0.86124E-03  -0.64423E-02
 0.51718E+00   0.85062E-03  -0.61170E-02
 0.46779E+00   0.40155E-03  -0.25829E-01
 0.46808E+00   0.73357E-03  -0.24522E-01
 0.46853E+00   0.10968E-02  -0.23214E-01
 0.46930E+00   0.14944E-02  -0.22004E-01
 0.47035E+00   0.18846E-02  -0.20930E-01
 0.47162E+00   0.22050E-02  -0.19994E-01
 0.47308E+00   0.24144E-02  -0.19193E-01
 0.47467E+00   0.25228E-02  -0.18483E-01
 0.47636E+00   0.25617E-02  -0.17813E-01
 0.47813E+00   0.25676E-02  -0.17162E-01
 0.47998E+00   0.25626E-02  -0.16511E-01
 0.48192E+00   0.25460E-02  -0.15865E-01
 0.48395E+00   0.25121E-02  -0.15224E-01
 0.48606E+00   0.24617E-02  -0.14579E-01
 0.48826E+00   0.24044E-02  -0.13929E-01
 0.49055E+00   0.23505E-02  -0.13265E-01
 0.49285E+00   0.22973E-02  -0.12608E-01
 0.49506E+00   0.22452E-02  -0.11982E-01
 0.49718E+00   0.21939E-02  -0.11379E-01
 0.49923E+00   0.21446E-02  -0.10797E-01
 0.50119E+00   0.20961E-02  -0.10230E-01
 0.50307E+00   0.20486E-02  -0.96829E-02
 0.50489E+00   0.20037E-02  -0.91601E-02
 0.50663E+00   0.19621E-02  -0.86658E-02
 0.50832E+00   0.19213E-02  -0.82050E-02
 0.50994E+00   0.18778E-02  -0.77699E-02
 0.51150E+00   0.18361E-02  -0.73605E-02
 0.51300E+00   0.17986E-02  -0.69736E-02
 0.51444E+00   0.17627E-02  -0.66036E-02
 0.51584E+00   0.17322E-02  -0.62686E-02
 0.51718E+00   0.17070E-02  -0.59660E-02
 0.46779E+00   0.93992E-03  -0.24266E-01
 0.46809E+00   0.14808E-02  -0.23048E-01
 0.46857E+00   0.20558E-02  -0.21848E-01
 0.46941E+00   0.26412E-02  -0.20786E-01
 0.47053E+00   0.31545E-02  -0.19870E-01
 0.47187E+00   0.35287E-02  -0.19085E-01
 0.47337E+00   0.37470E-02  -0.18403E-01
 0.47498E+00   0.38485E-02  -0.17780E-01
 0.47667E+00   0.38775E-02  -0.17178E-01
 0.47844E+00   0.38731E-02  -0.16579E-01
 0.48029E+00   0.38560E-02  -0.15978E-01
 0.48222E+00   0.38221E-02  -0.15374E-01
 0.48423E+00   0.37683E-02  -0.14767E-01
 0.48633E+00   0.36968E-02  -0.14153E-01
 0.48852E+00   0.36179E-02  -0.13529E-01
 0.49079E+00   0.35392E-02  -0.12888E-01
 0.49307E+00   0.34606E-02  -0.12254E-01
 0.49526E+00   0.33818E-02  -0.11647E-01
 0.49736E+00   0.33043E-02  -0.11059E-01
 0.49939E+00   0.32300E-02  -0.10490E-01
 0.50133E+00   0.31566E-02  -0.99336E-02
 0.50320E+00   0.30855E-02  -0.93988E-02
 0.50499E+00   0.30181E-02  -0.88892E-02
 0.50673E+00   0.29546E-02  -0.84085E-02
 0.50839E+00   0.28920E-02  -0.79583E-02
 0.51000E+00   0.28280E-02  -0.75354E-02
 0.51155E+00   0.27668E-02  -0.71376E-02
 0.51303E+00   0.27101E-02  -0.67606E-02
 0.51447E+00   0.26565E-02  -0.64029E-02
 0.51585E+00   0.26095E-02  -0.60827E-02
 0.51718E+00   0.25686E-02  -0.57959E-02
 0.46779E+00   0.17390E-02  -0.22798E-01
 0.46810E+00   0.25002E-02  -0.21722E-01
 0.46863E+00   0.32695E-02  -0.20670E-01
 0.46953E+00   0.39716E-02  -0.19760E-01
 0.47071E+00   0.45308E-02  -0.18973E-01
 0.47209E+00   0.49058E-02  -0.18296E-01
 0.47361E+00   0.51087E-02  -0.17697E-01
 0.47523E+00   0.51939E-02  -0.17137E-01
 0.47692E+00   0.52100E-02  -0.16591E-01
 0.47869E+00   0.51933E-02  -0.16037E-01
 0.48054E+00   0.51612E-02  -0.15477E-01
 0.48246E+00   0.51093E-02  -0.14910E-01
 0.48447E+00   0.50352E-02  -0.14334E-01
 0.48655E+00   0.49423E-02  -0.13747E-01
 0.48872E+00   0.48411E-02  -0.13147E-01
 0.49099E+00   0.47375E-02  -0.12527E-01
 0.49325E+00   0.46313E-02  -0.11907E-01
 0.49542E+00   0.45247E-02  -0.11313E-01
 0.49751E+00   0.44208E-02  -0.10738E-01
 0.49952E+00   0.43214E-02  -0.10181E-01
 0.50144E+00   0.42230E-02  -0.96335E-02
 0.50330E+00   0.41284E-02  -0.91104E-02
 0.50508E+00   0.40390E-02  -0.86147E-02
 0.50680E+00   0.39536E-02  -0.81461E-02
 0.50846E+00   0.38693E-02  -0.77059E-02
 0.51005E+00   0.37845E-02  -0.72926E-02
 0.51159E+00   0.37037E-02  -0.69051E-02
 0.51306E+00   0.36279E-02  -0.65374E-02
 0.51448E+00   0.35557E-02  -0.61876E-02
 0.51586E+00   0.34918E-02  -0.58795E-02
 0.51718E+00   0.34357E-02  -0.56090E-02
 0.46779E+00   0.28363E-02  -0.21515E-01
 0.46811E+00   0.37520E-02  -0.20584E-01
 0.46868E+00   0.46470E-02  -0.19676E-01
 0.46964E+00   0.54031E-02  -0.18891E-01
 0.47086E+00   0.59661E-02  -0.18203E-01
 0.47227E+00   0.63173E-02  -0.17599E-01
 0.47381E+00   0.64934E-02  -0.17055E-01
 0.47543E+00   0.65572E-02  -0.16540E-01
 0.47713E+00   0.65551E-02  -0.16032E-01
 0.47890E+00   0.65239E-02  -0.15515E-01
 0.48074E+00   0.64734E-02  -0.14985E-01
 0.48265E+00   0.64027E-02  -0.14450E-01
 0.48465E+00   0.63093E-02  -0.13904E-01
 0.48673E+00   0.61949E-02  -0.13342E-01
 0.48889E+00   0.60708E-02  -0.12762E-01
 0.49114E+00   0.59420E-02  -0.12162E-01
 0.49339E+00   0.58089E-02  -0.11559E-01
 0.49555E+00   0.56749E-02  -0.10978E-01
 0.49763E+00   0.55444E-02  -0.10415E-01
 0.49962E+00   0.54190E-02  -0.98649E-02
 0.50154E+00   0.52971E-02  -0.93324E-02
 0.50338E+00   0.51789E-02  -0.88195E-02
 0.50516E+00   0.50667E-02  -0.83344E-02
 0.50686E+00   0.49594E-02  -0.78774E-02
 0.50851E+00   0.48539E-02  -0.74489E-02
 0.51009E+00   0.47485E-02  -0.70447E-02
 0.51162E+00   0.46479E-02  -0.66666E-02
 0.51309E+00   0.45533E-02  -0.63085E-02
 0.51450E+00   0.44625E-02  -0.59663E-02
 0.51587E+00   0.43809E-02  -0.56660E-02
 0.51718E+00   0.43077E-02  -0.54035E-02
 0.46779E+00   0.41310E-02  -0.20406E-01
 0.46813E+00   0.51566E-02  -0.19616E-01
 0.46874E+00   0.61310E-02  -0.18837E-01
 0.46975E+00   0.69011E-02  -0.18149E-01
 0.47100E+00   0.74419E-02  -0.17529E-01
 0.47243E+00   0.77549E-02  -0.16970E-01
 0.47397E+00   0.78970E-02  -0.16457E-01
 0.47559E+00   0.79321E-02  -0.15964E-01
 0.47729E+00   0.79085E-02  -0.15480E-01
 0.47905E+00   0.78583E-02  -0.14987E-01
 0.48089E+00   0.77895E-02  -0.14485E-01
 0.48281E+00   0.76992E-02  -0.13975E-01
 0.48480E+00   0.75852E-02  -0.13454E-01
 0.48687E+00   0.74508E-02  -0.12919E-01
 0.48903E+00   0.73052E-02  -0.12364E-01
 0.49127E+00   0.71510E-02  -0.11782E-01
 0.49351E+00   0.69923E-02  -0.11199E-01
 0.49566E+00   0.68310E-02  -0.10633E-01
 0.49772E+00   0.66741E-02  -0.10081E-01
 0.49971E+00   0.65244E-02  -0.95452E-02
 0.50162E+00   0.63773E-02  -0.90202E-02
 0.50345E+00   0.62366E-02  -0.85216E-02
 0.50522E+00   0.61022E-02  -0.80497E-02
 0.50692E+00   0.59730E-02  -0.76042E-02
 0.50856E+00   0.58458E-02  -0.71842E-02
 0.51013E+00   0.57194E-02  -0.67883E-02
 0.51165E+00   0.55985E-02  -0.64169E-02
 0.51311E+00   0.54839E-02  -0.60642E-02
 0.51452E+00   0.53744E-02  -0.57287E-02
 0.51587E+00   0.52748E-02  -0.54350E-02
 0.51718E+00   0.51841E-02  -0.51780E-02
 0.46779E+00   0.55790E-02  -0.19471E-01
 0.46814E+00   0.66740E-02  -0.18800E-01
 0.46879E+00   0.76871E-02  -0.18121E-01
 0.46985E+00   0.84410E-02  -0.17498E-01
 0.47113E+00   0.89433E-02  -0.16919E-01
 0.47257E+00   0.92121E-02  -0.16385E-01
 0.47411E+00   0.93152E-02  -0.15884E-01
 0.47573E+00   0.93204E-02  -0.15403E-01
 0.47742E+00   0.92719E-02  -0.14932E-01
 0.47918E+00   0.92007E-02  -0.14457E-01
 0.48102E+00   0.91116E-02  -0.13976E-01
 0.48293E+00   0.90003E-02  -0.13487E-01
 0.48492E+00   0.88660E-02  -0.12988E-01
 0.48698E+00   0.87106E-02  -0.12477E-01
 0.48913E+00   0.85432E-02  -0.11944E-01
 0.49137E+00   0.83655E-02  -0.11387E-01
 0.49360E+00   0.81804E-02  -0.10822E-01
 0.49575E+00   0.79932E-02  -0.10275E-01
 0.49780E+00   0.78107E-02  -0.97371E-02
 0.49978E+00   0.76360E-02  -0.92127E-02
 0.50168E+00   0.74649E-02  -0.86997E-02
 0.50351E+00   0.73010E-02  -0.82134E-02
 0.50527E+00   0.71445E-02  -0.77546E-02
 0.50696E+00   0.69931E-02  -0.73195E-02
 0.50859E+00   0.68439E-02  -0.69075E-02
 0.51016E+00   0.66972E-02  -0.65218E-02
 0.51168E+00   0.65561E-02  -0.61582E-02
 0.51313E+00   0.64214E-02  -0.58100E-02
 0.51453E+00   0.62928E-02  -0.54799E-02
 0.51588E+00   0.61746E-02  -0.51908E-02
 0.51718E+00   0.60657E-02  -0.49371E-02
 0.46779E+00   0.71370E-02  -0.18695E-01
 0.46816E+00   0.82687E-02  -0.18108E-01
 0.46885E+00   0.92895E-02  -0.17495E-01
 0.46994E+00   0.10007E-01  -0.16906E-01
 0.47125E+00   0.10460E-01  -0.16346E-01
 0.47270E+00   0.10683E-01  -0.15823E-01
 0.47423E+00   0.10746E-01  -0.15325E-01
 0.47585E+00   0.10721E-01  -0.14850E-01
 0.47753E+00   0.10647E-01  -0.14387E-01
 0.47929E+00   0.10553E-01  -0.13926E-01
 0.48112E+00   0.10442E-01  -0.13459E-01
 0.48303E+00   0.10309E-01  -0.12988E-01
 0.48501E+00   0.10154E-01  -0.12510E-01
 0.48708E+00   0.99772E-02  -0.12021E-01
 0.48922E+00   0.97873E-02  -0.11510E-01
 0.49145E+00   0.95858E-02  -0.10976E-01
 0.49368E+00   0.93754E-02  -0.10433E-01
 0.49582E+00   0.91622E-02  -0.99049E-02
 0.49787E+00   0.89538E-02  -0.93800E-02
 0.49984E+00   0.87544E-02  -0.88683E-02
 0.50174E+00   0.85598E-02  -0.83697E-02
 0.50356E+00   0.83735E-02  -0.78982E-02
 0.50532E+00   0.81936E-02  -0.74480E-02
 0.50700E+00   0.80196E-02  -0.70221E-02
 0.50863E+00   0.78491E-02  -0.66207E-02
 0.51019E+00   0.76807E-02  -0.62408E-02
 0.51170E+00   0.75187E-02  -0.58823E-02
 0.51315E+00   0.73645E-02  -0.55413E-02
 0.51454E+00   0.72171E-02  -0.52180E-02
 0.51589E+00   0.70798E-02  -0.49319E-02
 0.51718E+00   0.69515E-02  -0.46777E-02
 0.46779E+00   0.87647E-02  -0.18028E-01
 0.46818E+00   0.99121E-02  -0.17495E-01
 0.46891E+00   0.10918E-01  -0.16915E-01
 0.47003E+00   0.11586E-01  -0.16336E-01
 0.47135E+00   0.11986E-01  -0.15782E-01
 0.47280E+00   0.12162E-01  -0.15263E-01
 0.47434E+00   0.12191E-01  -0.14774E-01
 0.47595E+00   0.12135E-01  -0.14302E-01
 0.47763E+00   0.12036E-01  -0.13848E-01
 0.47938E+00   0.11917E-01  -0.13393E-01
 0.48121E+00   0.11783E-01  -0.12941E-01
 0.48312E+00   0.11629E-01  -0.12488E-01
 0.48510E+00   0.11452E-01  -0.12028E-01
 0.48716E+00   0.11253E-01  -0.11556E-01
 0.48930E+00   0.11040E-01  -0.11066E-01
 0.49153E+00   0.10814E-01  -0.10553E-01
 0.49375E+00   0.10578E-01  -0.10031E-01
 0.49589E+00   0.10338E-01  -0.95213E-02
 0.49793E+00   0.10104E-01  -0.90117E-02
 0.49990E+00   0.98803E-02  -0.85132E-02
 0.50179E+00   0.96625E-02  -0.80301E-02
 0.50361E+00   0.94523E-02  -0.75687E-02
 0.50536E+00   0.92496E-02  -0.71302E-02
 0.50704E+00   0.90529E-02  -0.67135E-02
 0.50866E+00   0.88602E-02  -0.63196E-02
 0.51022E+00   0.86704E-02  -0.59467E-02
 0.51172E+00   0.84876E-02  -0.55938E-02
 0.51316E+00   0.83130E-02  -0.52574E-02
 0.51455E+00   0.81460E-02  -0.49387E-02
 0.51589E+00   0.79893E-02  -0.46550E-02
 0.51718E+00   0.78418E-02  -0.44011E-02
 0.46779E+00   0.10439E-01  -0.17433E-01
 0.46820E+00   0.11582E-01  -0.16914E-01
 0.46896E+00   0.12555E-01  -0.16336E-01
 0.47011E+00   0.13166E-01  -0.15751E-01
 0.47145E+00   0.13513E-01  -0.15200E-01
 0.47290E+00   0.13648E-01  -0.14696E-01
 0.47444E+00   0.13646E-01  -0.14220E-01
 0.47605E+00   0.13563E-01  -0.13759E-01
 0.47773E+00   0.13440E-01  -0.13313E-01
 0.47948E+00   0.13297E-01  -0.12868E-01
 0.48130E+00   0.13139E-01  -0.12427E-01
 0.48320E+00   0.12962E-01  -0.11988E-01
 0.48518E+00   0.12762E-01  -0.11544E-01
 0.48724E+00   0.12539E-01  -0.11088E-01
 0.48937E+00   0.12303E-01  -0.10618E-01
 0.49160E+00   0.12051E-01  -0.10123E-01
 0.49382E+00   0.11789E-01  -0.96203E-02
 0.49595E+00   0.11521E-01  -0.91247E-02
 0.49799E+00   0.11262E-01  -0.86296E-02
 0.49995E+00   0.11014E-01  -0.81472E-02
 0.50184E+00   0.10772E-01  -0.76774E-02
 0.50365E+00   0.10539E-01  -0.72296E-02
 0.50540E+00   0.10312E-01  -0.68006E-02
 0.50708E+00   0.10092E-01  -0.63913E-02
 0.50869E+00   0.98774E-02  -0.60051E-02
 0.51025E+00   0.96660E-02  -0.56386E-02
 0.51174E+00   0.94623E-02  -0.52917E-02
 0.51318E+00   0.92673E-02  -0.49603E-02
 0.51456E+00   0.90803E-02  -0.46446E-02
 0.51590E+00   0.89040E-02  -0.43627E-02
 0.51718E+00   0.87374E-02  -0.41102E-02
 0.46779E+00   0.12137E-01  -0.16853E-01
 0.46822E+00   0.13261E-01  -0.16314E-01
 0.46902E+00   0.14189E-01  -0.15721E-01
 0.47019E+00   0.14745E-01  -0.15139E-01
 0.47154E+00   0.15046E-01  -0.14605E-01
 0.47301E+00   0.15145E-01  -0.14122E-01
 0.47454E+00   0.15113E-01  -0.13662E-01
 0.47615E+00   0.15004E-01  -0.13214E-01
 0.47783E+00   0.14856E-01  -0.12778E-01
 0.47957E+00   0.14690E-01  -0.12346E-01
 0.48139E+00   0.14509E-01  -0.11918E-01
 0.48329E+00   0.14309E-01  -0.11493E-01
 0.48527E+00   0.14085E-01  -0.11064E-01
 0.48732E+00   0.13839E-01  -0.10625E-01
 0.48945E+00   0.13578E-01  -0.10168E-01
 0.49167E+00   0.13298E-01  -0.96890E-02
 0.49389E+00   0.13007E-01  -0.91990E-02
 0.49601E+00   0.12712E-01  -0.87171E-02
 0.49805E+00   0.12426E-01  -0.82355E-02
 0.50001E+00   0.12153E-01  -0.77639E-02
 0.50189E+00   0.11887E-01  -0.73102E-02
 0.50370E+00   0.11630E-01  -0.68738E-02
 0.50544E+00   0.11381E-01  -0.64555E-02
 0.50711E+00   0.11138E-01  -0.60559E-02
 0.50872E+00   0.10901E-01  -0.56768E-02
 0.51027E+00   0.10667E-01  -0.53159E-02
 0.51176E+00   0.10442E-01  -0.49745E-02
 0.51319E+00   0.10227E-01  -0.46490E-02
 0.51457E+00   0.10021E-01  -0.43388E-02
 0.51590E+00   0.98242E-02  -0.40575E-02
 0.51718E+00   0.96369E-02  -0.38013E-02
 0.46779E+00   0.13843E-01  -0.16242E-01
 0.46824E+00   0.14945E-01  -0.15680E-01
 0.46908E+00   0.15827E-01  -0.15079E-01
 0.47028E+00   0.16334E-01  -0.14515E-01
 0.47164E+00   0.16590E-01  -0.14004E-01
 0.47311E+00   0.16652E-01  -0.13541E-01
 0.47465E+00   0.16589E-01  -0.13096E-01
 0.47626E+00   0.16454E-01  -0.12662E-01
 0.47793E+00   0.16284E-01  -0.12240E-01
 0.47967E+00   0.16096E-01  -0.11823E-01
 0.48149E+00   0.15893E-01  -0.11411E-01
 0.48339E+00   0.15668E-01  -0.10998E-01
 0.48536E+00   0.15421E-01  -0.10584E-01
 0.48741E+00   0.15150E-01  -0.10156E-01
 0.48954E+00   0.14862E-01  -0.97133E-02
 0.49175E+00   0.14554E-01  -0.92461E-02
 0.49396E+00   0.14234E-01  -0.87685E-02
 0.49608E+00   0.13908E-01  -0.82923E-02
 0.49811E+00   0.13596E-01  -0.78233E-02
 0.50006E+00   0.13297E-01  -0.73654E-02
 0.50194E+00   0.13008E-01  -0.69248E-02
 0.50375E+00   0.12728E-01  -0.65032E-02
 0.50548E+00   0.12455E-01  -0.60962E-02
 0.50715E+00   0.12190E-01  -0.57060E-02
 0.50876E+00   0.11929E-01  -0.53335E-02
 0.51030E+00   0.11674E-01  -0.49796E-02
 0.51178E+00   0.11428E-01  -0.46435E-02
 0.51321E+00   0.11192E-01  -0.43214E-02
 0.51459E+00   0.10965E-01  -0.40139E-02
 0.51591E+00   0.10748E-01  -0.37332E-02
 0.51718E+00   0.10541E-01  -0.34758E-02
 0.46779E+00   0.15556E-01  -0.15595E-01
 0.46826E+00   0.16640E-01  -0.15025E-01
 0.46914E+00   0.17479E-01  -0.14431E-01
 0.47037E+00   0.17934E-01  -0.13886E-01
 0.47175E+00   0.18142E-01  -0.13394E-01
 0.47322E+00   0.18166E-01  -0.12946E-01
 0.47476E+00   0.18074E-01  -0.12519E-01
 0.47637E+00   0.17915E-01  -0.12102E-01
 0.47804E+00   0.17723E-01  -0.11696E-01
 0.47978E+00   0.17512E-01  -0.11293E-01
 0.48160E+00   0.17285E-01  -0.10895E-01
 0.48349E+00   0.17037E-01  -0.10496E-01
 0.48545E+00   0.16765E-01  -0.10092E-01
 0.48750E+00   0.16469E-01  -0.96793E-02
 0.48962E+00   0.16155E-01  -0.92466E-02
 0.49183E+00   0.15817E-01  -0.87892E-02
 0.49403E+00   0.15465E-01  -0.83151E-02
 0.49614E+00   0.15109E-01  -0.78462E-02
 0.49817E+00   0.14770E-01  -0.73915E-02
 0.50012E+00   0.14447E-01  -0.69487E-02
 0.50199E+00   0.14135E-01  -0.65254E-02
 0.50379E+00   0.13831E-01  -0.61172E-02
 0.50553E+00   0.13535E-01  -0.57222E-02
 0.50719E+00   0.13247E-01  -0.53419E-02
 0.50879E+00   0.12964E-01  -0.49780E-02
 0.51033E+00   0.12687E-01  -0.46295E-02
 0.51181E+00   0.12419E-01  -0.42972E-02
 0.51323E+00   0.12162E-01  -0.39795E-02
 0.51460E+00   0.11915E-01  -0.36772E-02
 0.51592E+00   0.11678E-01  -0.33973E-02
 0.51718E+00   0.11449E-01  -0.31365E-02
 0.46779E+00   0.17280E-01  -0.14926E-01
 0.46829E+00   0.18351E-01  -0.14359E-01
 0.46921E+00   0.19141E-01  -0.13775E-01
 0.47047E+00   0.19541E-01  -0.13244E-01
 0.47186E+00   0.19701E-01  -0.12771E-01
 0.47333E+00   0.19689E-01  -0.12342E-01
 0.47487E+00   0.19567E-01  -0.11930E-01
 0.47647E+00   0.19385E-01  -0.11530E-01
 0.47814E+00   0.19169E-01  -0.11139E-01
 0.47988E+00   0.18937E-01  -0.10753E-01
 0.48170E+00   0.18687E-01  -0.10368E-01
 0.48358E+00   0.18414E-01  -0.99813E-02
 0.48555E+00   0.18117E-01  -0.95879E-02
 0.48758E+00   0.17794E-01  -0.91826E-02
 0.48970E+00   0.17451E-01  -0.87575E-02
 0.49190E+00   0.17083E-01  -0.83039E-02
 0.49410E+00   0.16700E-01  -0.78390E-02
 0.49620E+00   0.16314E-01  -0.73813E-02
 0.49822E+00   0.15950E-01  -0.69411E-02
 0.50017E+00   0.15602E-01  -0.65135E-02
 0.50204E+00   0.15265E-01  -0.61049E-02
 0.50384E+00   0.14939E-01  -0.57118E-02
 0.50557E+00   0.14620E-01  -0.53310E-02
 0.50723E+00   0.14309E-01  -0.49622E-02
 0.50882E+00   0.14004E-01  -0.46062E-02
 0.51036E+00   0.13705E-01  -0.42652E-02
 0.51183E+00   0.13415E-01  -0.39383E-02
 0.51325E+00   0.13137E-01  -0.36249E-02
 0.51461E+00   0.12871E-01  -0.33267E-02
 0.51592E+00   0.12612E-01  -0.30461E-02
 0.51718E+00   0.12362E-01  -0.27807E-02
 0.46779E+00   0.19022E-01  -0.14255E-01
 0.46832E+00   0.20076E-01  -0.13686E-01
 0.46929E+00   0.20810E-01  -0.13108E-01
 0.47056E+00   0.21154E-01  -0.12592E-01
 0.47196E+00   0.21266E-01  -0.12133E-01
 0.47344E+00   0.21216E-01  -0.11718E-01
 0.47498E+00   0.21067E-01  -0.11323E-01
 0.47658E+00   0.20861E-01  -0.10940E-01
 0.47825E+00   0.20625E-01  -0.10568E-01
 0.47998E+00   0.20368E-01  -0.10192E-01
 0.48179E+00   0.20094E-01  -0.98200E-02
 0.48368E+00   0.19797E-01  -0.94450E-02
 0.48563E+00   0.19474E-01  -0.90605E-02
 0.48767E+00   0.19124E-01  -0.86614E-02
 0.48978E+00   0.18751E-01  -0.82405E-02
 0.49197E+00   0.18352E-01  -0.77951E-02
 0.49416E+00   0.17938E-01  -0.73390E-02
 0.49626E+00   0.17523E-01  -0.68942E-02
 0.49828E+00   0.17132E-01  -0.64670E-02
 0.50022E+00   0.16761E-01  -0.60586E-02
 0.50209E+00   0.16400E-01  -0.56659E-02
 0.50388E+00   0.16051E-01  -0.52891E-02
 0.50561E+00   0.15711E-01  -0.49228E-02
 0.50726E+00   0.15377E-01  -0.45652E-02
 0.50886E+00   0.15049E-01  -0.42187E-02
 0.51038E+00   0.14728E-01  -0.38835E-02
 0.51185E+00   0.14417E-01  -0.35628E-02
 0.51326E+00   0.14118E-01  -0.32555E-02
 0.51462E+00   0.13831E-01  -0.29602E-02
 0.51593E+00   0.13552E-01  -0.26798E-02
 0.51718E+00   0.13281E-01  -0.24133E-02
 0.46779E+00   0.20780E-01  -0.13572E-01
 0.46835E+00   0.21813E-01  -0.12998E-01
 0.46936E+00   0.22485E-01  -0.12427E-01
 0.47066E+00   0.22771E-01  -0.11922E-01
 0.47206E+00   0.22836E-01  -0.11479E-01
 0.47354E+00   0.22749E-01  -0.11074E-01
 0.47508E+00   0.22572E-01  -0.10695E-01
 0.47668E+00   0.22343E-01  -0.10330E-01
 0.47835E+00   0.22083E-01  -0.99703E-02
 0.48008E+00   0.21804E-01  -0.96095E-02
 0.48189E+00   0.21505E-01  -0.92479E-02
 0.48376E+00   0.21182E-01  -0.88792E-02
 0.48572E+00   0.20831E-01  -0.84997E-02
 0.48774E+00   0.20454E-01  -0.81077E-02
 0.48985E+00   0.20052E-01  -0.76938E-02
 0.49204E+00   0.19623E-01  -0.72589E-02
 0.49422E+00   0.19179E-01  -0.68145E-02
 0.49631E+00   0.18736E-01  -0.63853E-02
 0.49833E+00   0.18320E-01  -0.59753E-02
 0.50027E+00   0.17923E-01  -0.55805E-02
 0.50213E+00   0.17539E-01  -0.52055E-02
 0.50393E+00   0.17167E-01  -0.48445E-02
 0.50565E+00   0.16804E-01  -0.44928E-02
 0.50730E+00   0.16447E-01  -0.41468E-02
 0.50889E+00   0.16097E-01  -0.38083E-02
 0.51041E+00   0.15754E-01  -0.34816E-02
 0.51187E+00   0.15421E-01  -0.31667E-02
 0.51328E+00   0.15102E-01  -0.28644E-02
 0.51463E+00   0.14795E-01  -0.25750E-02
 0.51594E+00   0.14495E-01  -0.22962E-02
 0.51718E+00   0.14203E-01  -0.20275E-02
 0.46779E+00   0.22553E-01  -0.12874E-01
 0.46838E+00   0.23558E-01  -0.12288E-01
 0.46944E+00   0.24161E-01  -0.11720E-01
 0.47075E+00   0.24390E-01  -0.11230E-01
 0.47216E+00   0.24407E-01  -0.10797E-01
 0.47363E+00   0.24286E-01  -0.10408E-01
 0.47517E+00   0.24082E-01  -0.10043E-01
 0.47677E+00   0.23828E-01  -0.96917E-02
 0.47844E+00   0.23545E-01  -0.93440E-02
 0.48017E+00   0.23241E-01  -0.89930E-02
 0.48197E+00   0.22916E-01  -0.86378E-02
 0.48385E+00   0.22567E-01  -0.82765E-02
 0.48579E+00   0.22189E-01  -0.79043E-02
 0.48781E+00   0.21783E-01  -0.75195E-02
 0.48992E+00   0.21354E-01  -0.71177E-02
 0.49210E+00   0.20896E-01  -0.66941E-02
 0.49427E+00   0.20423E-01  -0.62659E-02
 0.49636E+00   0.19952E-01  -0.58520E-02
 0.49838E+00   0.19510E-01  -0.54574E-02
 0.50031E+00   0.19088E-01  -0.50793E-02
 0.50218E+00   0.18680E-01  -0.47194E-02
 0.50397E+00   0.18285E-01  -0.43758E-02
 0.50568E+00   0.17899E-01  -0.40382E-02
 0.50733E+00   0.17520E-01  -0.37034E-02
 0.50891E+00   0.17147E-01  -0.33745E-02
 0.51043E+00   0.16782E-01  -0.30568E-02
 0.51189E+00   0.16429E-01  -0.27497E-02
 0.51330E+00   0.16088E-01  -0.24537E-02
 0.51465E+00   0.15761E-01  -0.21687E-02
 0.51594E+00   0.15441E-01  -0.18923E-02
 0.51718E+00   0.15129E-01  -0.16246E-02
 0.46779E+00   0.24337E-01  -0.12153E-01
 0.46842E+00   0.25309E-01  -0.11554E-01
 0.46952E+00   0.25838E-01  -0.10989E-01
 0.47084E+00   0.26009E-01  -0.10509E-01
 0.47225E+00   0.25981E-01  -0.10090E-01
 0.47373E+00   0.25825E-01  -0.97123E-02
 0.47527E+00   0.25592E-01  -0.93606E-02
 0.47686E+00   0.25313E-01  -0.90188E-02
 0.47853E+00   0.25006E-01  -0.86813E-02
 0.48025E+00   0.24676E-01  -0.83378E-02
 0.48205E+00   0.24325E-01  -0.79899E-02
 0.48392E+00   0.23950E-01  -0.76371E-02
 0.48586E+00   0.23546E-01  -0.72754E-02
 0.48788E+00   0.23115E-01  -0.69027E-02
 0.48998E+00   0.22658E-01  -0.65122E-02
 0.49216E+00   0.22171E-01  -0.61044E-02
 0.49433E+00   0.21670E-01  -0.56922E-02
 0.49642E+00   0.21171E-01  -0.52967E-02
 0.49842E+00   0.20702E-01  -0.49170E-02
 0.50036E+00   0.20256E-01  -0.45545E-02
 0.50222E+00   0.19824E-01  -0.42112E-02
 0.50400E+00   0.19405E-01  -0.38804E-02
 0.50572E+00   0.18995E-01  -0.35569E-02
 0.50736E+00   0.18593E-01  -0.32336E-02
 0.50894E+00   0.18197E-01  -0.29134E-02
 0.51046E+00   0.17811E-01  -0.26049E-02
 0.51191E+00   0.17435E-01  -0.23036E-02
 0.51331E+00   0.17073E-01  -0.20124E-02
 0.51465E+00   0.16726E-01  -0.17342E-02
 0.51595E+00   0.16386E-01  -0.14632E-02
 0.51718E+00   0.16056E-01  -0.11992E-02
 0.46779E+00   0.26128E-01  -0.11401E-01
 0.46846E+00   0.27061E-01  -0.10785E-01
 0.46960E+00   0.27512E-01  -0.10226E-01
 0.47093E+00   0.27626E-01  -0.97568E-02
 0.47234E+00   0.27552E-01  -0.93488E-02
 0.47382E+00   0.27363E-01  -0.89829E-02
 0.47535E+00   0.27101E-01  -0.86384E-02
 0.47695E+00   0.26796E-01  -0.83074E-02
 0.47861E+00   0.26464E-01  -0.79782E-02
 0.48033E+00   0.26109E-01  -0.76437E-02
 0.48213E+00   0.25733E-01  -0.73059E-02
 0.48399E+00   0.25332E-01  -0.69620E-02
 0.48593E+00   0.24902E-01  -0.66104E-02
 0.48795E+00   0.24446E-01  -0.62528E-02
 0.49004E+00   0.23962E-01  -0.58776E-02
 0.49221E+00   0.23448E-01  -0.54873E-02
 0.49438E+00   0.22918E-01  -0.50933E-02
 0.49647E+00   0.22392E-01  -0.47149E-02
 0.49847E+00   0.21896E-01  -0.43509E-02
 0.50040E+00   0.21423E-01  -0.40018E-02
 0.50226E+00   0.20966E-01  -0.36716E-02
 0.50404E+00   0.20523E-01  -0.33547E-02
 0.50575E+00   0.20090E-01  -0.30439E-02
 0.50739E+00   0.19664E-01  -0.27320E-02
 0.50896E+00   0.19245E-01  -0.24215E-02
 0.51048E+00   0.18837E-01  -0.21207E-02
 0.51193E+00   0.18440E-01  -0.18288E-02
 0.51332E+00   0.18058E-01  -0.15459E-02
 0.51466E+00   0.17690E-01  -0.12725E-02
 0.51595E+00   0.17331E-01  -0.10069E-02
 0.51718E+00   0.16982E-01  -0.74960E-03
 0.46779E+00   0.27924E-01  -0.10609E-01
 0.46850E+00   0.28810E-01  -0.99746E-02
 0.46968E+00   0.29178E-01  -0.94215E-02
 0.47101E+00   0.29237E-01  -0.89633E-02
 0.47243E+00   0.29120E-01  -0.85670E-02
 0.47390E+00   0.28895E-01  -0.82101E-02
 0.47543E+00   0.28605E-01  -0.78758E-02
 0.47703E+00   0.28276E-01  -0.75553E-02
 0.47868E+00   0.27919E-01  -0.72359E-02
 0.48041E+00   0.27540E-01  -0.69137E-02
 0.48220E+00   0.27139E-01  -0.65872E-02
 0.48406E+00   0.26713E-01  -0.62544E-02
 0.48600E+00   0.26259E-01  -0.59170E-02
 0.48801E+00   0.25776E-01  -0.55717E-02
 0.49010E+00   0.25266E-01  -0.52138E-02
 0.49227E+00   0.24725E-01  -0.48412E-02
 0.49444E+00   0.24166E-01  -0.44669E-02
 0.49652E+00   0.23613E-01  -0.41064E-02
 0.49852E+00   0.23090E-01  -0.37572E-02
 0.50044E+00   0.22590E-01  -0.34209E-02
 0.50229E+00   0.22107E-01  -0.31024E-02
 0.50407E+00   0.21638E-01  -0.27966E-02
 0.50578E+00   0.21181E-01  -0.24979E-02
 0.50742E+00   0.20732E-01  -0.21965E-02
 0.50899E+00   0.20289E-01  -0.18941E-02
 0.51049E+00   0.19858E-01  -0.16010E-02
 0.51194E+00   0.19440E-01  -0.13165E-02
 0.51333E+00   0.19036E-01  -0.10404E-02
 0.51467E+00   0.18648E-01  -0.77341E-03
 0.51595E+00   0.18270E-01  -0.51644E-03
 0.51718E+00   0.17905E-01  -0.26948E-03
 0.46779E+00   0.29703E-01  -0.97790E-02
 0.46855E+00   0.30532E-01  -0.91235E-02
 0.46975E+00   0.30819E-01  -0.85808E-02
 0.47110E+00   0.30822E-01  -0.81316E-02
 0.47251E+00   0.30663E-01  -0.77470E-02
 0.47398E+00   0.30406E-01  -0.73998E-02
 0.47551E+00   0.30090E-01  -0.70782E-02
 0.47710E+00   0.29735E-01  -0.67687E-02
 0.47876E+00   0.29355E-01  -0.64614E-02
 0.48048E+00   0.28953E-01  -0.61526E-02
 0.48227E+00   0.28529E-01  -0.58395E-02
 0.48413E+00   0.28078E-01  -0.55189E-02
 0.48606E+00   0.27599E-01  -0.51942E-02
 0.48807E+00   0.27093E-01  -0.48670E-02
 0.49016E+00   0.26557E-01  -0.45276E-02
 0.49233E+00   0.25988E-01  -0.41739E-02
 0.49449E+00   0.25403E-01  -0.38201E-02
 0.49657E+00   0.24822E-01  -0.34783E-02
 0.49857E+00   0.24272E-01  -0.31418E-02
 0.50049E+00   0.23743E-01  -0.28135E-02
 0.50233E+00   0.23232E-01  -0.25056E-02
 0.50411E+00   0.22737E-01  -0.22086E-02
 0.50581E+00   0.22254E-01  -0.19178E-02
 0.50744E+00   0.21780E-01  -0.16258E-02
 0.50901E+00   0.21315E-01  -0.13331E-02
 0.51051E+00   0.20861E-01  -0.10492E-02
 0.51195E+00   0.20422E-01  -0.77274E-03
 0.51334E+00   0.19997E-01  -0.50355E-03
 0.51467E+00   0.19588E-01  -0.24338E-03
 0.51595E+00   0.19193E-01   0.47982E-05
 0.51718E+00   0.18811E-01   0.24155E-03
 0.46779E+00   0.31444E-01  -0.89158E-02
 0.46860E+00   0.32208E-01  -0.82378E-02
 0.46982E+00   0.32414E-01  -0.77057E-02
 0.47117E+00   0.32365E-01  -0.72681E-02
 0.47259E+00   0.32167E-01  -0.68971E-02
 0.47406E+00   0.31880E-01  -0.65636E-02
 0.47558E+00   0.31538E-01  -0.62527E-02
 0.47717E+00   0.31160E-01  -0.59547E-02
 0.47883E+00   0.30758E-01  -0.56618E-02
 0.48055E+00   0.30334E-01  -0.53687E-02
 0.48233E+00   0.29886E-01  -0.50685E-02
 0.48419E+00   0.29411E-01  -0.47604E-02
 0.48612E+00   0.28909E-01  -0.44517E-02
 0.48813E+00   0.28379E-01  -0.41411E-02
 0.49022E+00   0.27819E-01  -0.38209E-02
 0.49239E+00   0.27225E-01  -0.34887E-02
 0.49455E+00   0.26613E-01  -0.31577E-02
 0.49662E+00   0.26006E-01  -0.28350E-02
 0.49861E+00   0.25426E-01  -0.25071E-02
 0.50053E+00   0.24870E-01  -0.21885E-02
 0.50237E+00   0.24331E-01  -0.18877E-02
 0.50414E+00   0.23808E-01  -0.15964E-02
 0.50584E+00   0.23299E-01  -0.13124E-02
 0.50747E+00   0.22800E-01  -0.10274E-02
 0.50903E+00   0.22310E-01  -0.74223E-03
 0.51053E+00   0.21834E-01  -0.46606E-03
 0.51196E+00   0.21373E-01  -0.19817E-03
 0.51335E+00   0.20929E-01   0.62749E-04
 0.51468E+00   0.20500E-01   0.31485E-03
 0.51596E+00   0.20088E-01   0.55265E-03
 0.51718E+00   0.19690E-01   0.77730E-03
 0.46779E+00   0.33143E-01  -0.80135E-02
 0.46864E+00   0.33836E-01  -0.73170E-02
 0.46989E+00   0.33964E-01  -0.67985E-02
 0.47124E+00   0.33867E-01  -0.63769E-02
 0.47266E+00   0.33632E-01  -0.60197E-02
 0.47413E+00   0.33317E-01  -0.56991E-02
 0.47565E+00   0.32950E-01  -0.54015E-02
 0.47724E+00   0.32550E-01  -0.51183E-02
 0.47889E+00   0.32125E-01  -0.48372E-02
 0.48061E+00   0.31681E-01  -0.45610E-02
 0.48240E+00   0.31211E-01  -0.42757E-02
 0.48425E+00   0.30712E-01  -0.39793E-02
 0.48618E+00   0.30188E-01  -0.36870E-02
 0.48819E+00   0.29634E-01  -0.33930E-02
 0.49028E+00   0.29050E-01  -0.30926E-02
 0.49244E+00   0.28430E-01  -0.27802E-02
 0.49460E+00   0.27791E-01  -0.24689E-02
 0.49668E+00   0.27159E-01  -0.21672E-02
 0.49866E+00   0.26553E-01  -0.18523E-02
 0.50058E+00   0.25969E-01  -0.15444E-02
 0.50241E+00   0.25400E-01  -0.12464E-02
 0.50417E+00   0.24848E-01  -0.95890E-03
 0.50587E+00   0.24311E-01  -0.67748E-03
 0.50749E+00   0.23785E-01  -0.39693E-03
 0.50904E+00   0.23273E-01  -0.11985E-03
 0.51054E+00   0.22774E-01   0.14851E-03
 0.51197E+00   0.22292E-01   0.40922E-03
 0.51335E+00   0.21826E-01   0.66279E-03
 0.51468E+00   0.21379E-01   0.90603E-03
 0.51596E+00   0.20950E-01   0.11319E-02
 0.51718E+00   0.20538E-01   0.13428E-02
 0.46779E+00   0.34798E-01  -0.70708E-02
 0.46869E+00   0.35416E-01  -0.63627E-02
 0.46996E+00   0.35471E-01  -0.58644E-02
 0.47131E+00   0.35328E-01  -0.54589E-02
 0.47273E+00   0.35059E-01  -0.51166E-02
 0.47419E+00   0.34716E-01  -0.48107E-02
 0.47572E+00   0.34326E-01  -0.45267E-02
 0.47731E+00   0.33904E-01  -0.42558E-02
 0.47896E+00   0.33458E-01  -0.39893E-02
 0.48068E+00   0.32993E-01  -0.37282E-02
 0.48246E+00   0.32501E-01  -0.34566E-02
 0.48432E+00   0.31980E-01  -0.31746E-02
 0.48624E+00   0.31432E-01  -0.28974E-02
 0.48825E+00   0.30855E-01  -0.26204E-02
 0.49034E+00   0.30247E-01  -0.23376E-02
 0.49250E+00   0.29601E-01  -0.20443E-02
 0.49466E+00   0.28935E-01  -0.17516E-02
 0.49673E+00   0.28276E-01  -0.14654E-02
 0.49871E+00   0.27643E-01  -0.11637E-02
 0.50062E+00   0.27031E-01  -0.86372E-03
 0.50245E+00   0.26435E-01  -0.57322E-03
 0.50420E+00   0.25854E-01  -0.28990E-03
 0.50589E+00   0.25288E-01  -0.10923E-04
 0.50751E+00   0.24736E-01   0.26479E-03
 0.50906E+00   0.24199E-01   0.53495E-03
 0.51055E+00   0.23678E-01   0.79612E-03
 0.51198E+00   0.23175E-01   0.10479E-02
 0.51336E+00   0.22690E-01   0.12920E-02
 0.51468E+00   0.22224E-01   0.15259E-02
 0.51596E+00   0.21780E-01   0.17400E-02
 0.51718E+00   0.21354E-01   0.19374E-02
 0.46779E+00   0.36407E-01  -0.60872E-02
 0.46874E+00   0.36945E-01  -0.53751E-02
 0.47002E+00   0.36932E-01  -0.48995E-02
 0.47138E+00   0.36747E-01  -0.45135E-02
 0.47279E+00   0.36446E-01  -0.41877E-02
 0.47426E+00   0.36078E-01  -0.38966E-02
 0.47578E+00   0.35664E-01  -0.36256E-02
 0.47737E+00   0.35221E-01  -0.33690E-02
 0.47902E+00   0.34755E-01  -0.31173E-02
 0.48074E+00   0.34268E-01  -0.28699E-02
 0.48252E+00   0.33755E-01  -0.26134E-02
 0.48438E+00   0.33213E-01  -0.23480E-02
 0.48630E+00   0.32643E-01  -0.20853E-02
 0.48831E+00   0.32042E-01  -0.18230E-02
 0.49039E+00   0.31407E-01  -0.15542E-02
 0.49255E+00   0.30734E-01  -0.12754E-02
 0.49471E+00   0.30039E-01  -0.99775E-03
 0.49677E+00   0.29350E-01  -0.72317E-03
 0.49875E+00   0.28691E-01  -0.43432E-03
 0.50066E+00   0.28050E-01  -0.14278E-03
 0.50248E+00   0.27426E-01   0.13997E-03
 0.50423E+00   0.26817E-01   0.41930E-03
 0.50591E+00   0.26222E-01   0.69428E-03
 0.50752E+00   0.25645E-01   0.96360E-03
 0.50907E+00   0.25086E-01   0.12254E-02
 0.51056E+00   0.24543E-01   0.14779E-02
 0.51199E+00   0.24018E-01   0.17220E-02
 0.51336E+00   0.23513E-01   0.19569E-02
 0.51468E+00   0.23032E-01   0.21783E-02
 0.51596E+00   0.22572E-01   0.23799E-02
 0.51718E+00   0.22132E-01   0.25654E-02
 0.46779E+00   0.37966E-01  -0.50596E-02
 0.46879E+00   0.38427E-01  -0.43604E-02
 0.47008E+00   0.38352E-01  -0.39115E-02
 0.47144E+00   0.38126E-01  -0.35428E-02
 0.47285E+00   0.37795E-01  -0.32359E-02
 0.47432E+00   0.37402E-01  -0.29599E-02
 0.47585E+00   0.36967E-01  -0.27037E-02
 0.47743E+00   0.36503E-01  -0.24610E-02
 0.47908E+00   0.36014E-01  -0.22204E-02
 0.48080E+00   0.35506E-01  -0.19870E-02
 0.48258E+00   0.34972E-01  -0.17447E-02
 0.48444E+00   0.34409E-01  -0.14949E-02
 0.48636E+00   0.33817E-01  -0.12480E-02
 0.48837E+00   0.33191E-01  -0.99792E-03
 0.49045E+00   0.32530E-01  -0.74206E-03
 0.49260E+00   0.31825E-01  -0.47301E-03
 0.49475E+00   0.31095E-01  -0.20097E-03
 0.49681E+00   0.30375E-01   0.66057E-04
 0.49879E+00   0.29686E-01   0.34750E-03
 0.50069E+00   0.29018E-01   0.62729E-03
 0.50251E+00   0.28366E-01   0.90361E-03
 0.50425E+00   0.27730E-01   0.11756E-02
 0.50593E+00   0.27109E-01   0.14430E-02
 0.50754E+00   0.26508E-01   0.17036E-02
 0.50908E+00   0.25926E-01   0.19546E-02
 0.51057E+00   0.25364E-01   0.21953E-02
 0.51199E+00   0.24820E-01   0.24279E-02
 0.51336E+00   0.24298E-01   0.26514E-02
 0.51468E+00   0.23800E-01   0.28611E-02
 0.51596E+00   0.23325E-01   0.30504E-02
 0.51718E+00   0.22871E-01   0.32237E-02
 0.46779E+00   0.39477E-01  -0.39929E-02
 0.46884E+00   0.39855E-01  -0.33110E-02
 0.47014E+00   0.39721E-01  -0.28873E-02
 0.47150E+00   0.39458E-01  -0.25426E-02
 0.47291E+00   0.39101E-01  -0.22554E-02
 0.47438E+00   0.38686E-01  -0.19982E-02
 0.47591E+00   0.38230E-01  -0.17578E-02
 0.47749E+00   0.37746E-01  -0.15279E-02
 0.47914E+00   0.37236E-01  -0.13000E-02
 0.48086E+00   0.36705E-01  -0.10780E-02
 0.48264E+00   0.36151E-01  -0.85016E-03
 0.48450E+00   0.35568E-01  -0.61744E-03
 0.48642E+00   0.34953E-01  -0.38444E-03
 0.48842E+00   0.34302E-01  -0.14631E-03
 0.49050E+00   0.33610E-01   0.10227E-03
 0.49265E+00   0.32870E-01   0.36763E-03
 0.49479E+00   0.32104E-01   0.63528E-03
 0.49684E+00   0.31345E-01   0.90329E-03
 0.49881E+00   0.30625E-01   0.11774E-02
 0.50071E+00   0.29933E-01   0.14440E-02
 0.50253E+00   0.29253E-01   0.17116E-02
 0.50427E+00   0.28591E-01   0.19731E-02
 0.50594E+00   0.27947E-01   0.22293E-02
 0.50755E+00   0.27324E-01   0.24778E-02
 0.50909E+00   0.26722E-01   0.27168E-02
 0.51057E+00   0.26139E-01   0.29470E-02
 0.51200E+00   0.25577E-01   0.31672E-02
 0.51337E+00   0.25039E-01   0.33776E-02
 0.51469E+00   0.24524E-01   0.35753E-02
 0.51596E+00   0.24034E-01   0.37528E-02
 0.51718E+00   0.23566E-01   0.39142E-02
 0.46779E+00   0.40933E-01  -0.28838E-02
 0.46888E+00   0.41217E-01  -0.22158E-02
 0.47019E+00   0.41031E-01  -0.18207E-02
 0.47155E+00   0.40734E-01  -0.14995E-02
 0.47297E+00   0.40352E-01  -0.12329E-02
 0.47444E+00   0.39917E-01  -0.99538E-03
 0.47596E+00   0.39445E-01  -0.77473E-03
 0.47755E+00   0.38945E-01  -0.56435E-03
 0.47920E+00   0.38416E-01  -0.35252E-03
 0.48091E+00   0.37864E-01  -0.14322E-03
 0.48270E+00   0.37290E-01   0.68828E-04
 0.48455E+00   0.36688E-01   0.28507E-03
 0.48648E+00   0.36049E-01   0.50554E-03
 0.48848E+00   0.35368E-01   0.73725E-03
 0.49055E+00   0.34641E-01   0.98438E-03
 0.49269E+00   0.33864E-01   0.12486E-02
 0.49482E+00   0.33055E-01   0.15205E-02
 0.49686E+00   0.32256E-01   0.17884E-02
 0.49883E+00   0.31506E-01   0.20534E-02
 0.50072E+00   0.30787E-01   0.23082E-02
 0.50254E+00   0.30084E-01   0.25619E-02
 0.50428E+00   0.29399E-01   0.28098E-02
 0.50595E+00   0.28733E-01   0.30526E-02
 0.50755E+00   0.28090E-01   0.32872E-02
 0.50909E+00   0.27470E-01   0.35122E-02
 0.51057E+00   0.26868E-01   0.37289E-02
 0.51200E+00   0.26289E-01   0.39364E-02
 0.51337E+00   0.25733E-01   0.41347E-02
 0.51469E+00   0.25203E-01   0.43205E-02
 0.51596E+00   0.24697E-01   0.44855E-02
 0.51718E+00   0.24216E-01   0.46342E-02
 0.46779E+00   0.42319E-01  -0.17168E-02
 0.46892E+00   0.42500E-01  -0.10639E-02
 0.47023E+00   0.42265E-01  -0.69513E-03
 0.47159E+00   0.41936E-01  -0.39706E-03
 0.47301E+00   0.41530E-01  -0.15078E-03
 0.47448E+00   0.41077E-01   0.66653E-04
 0.47601E+00   0.40586E-01   0.27014E-03
 0.47760E+00   0.40068E-01   0.46487E-03
 0.47925E+00   0.39522E-01   0.65972E-03
 0.48096E+00   0.38950E-01   0.85434E-03
 0.48275E+00   0.38361E-01   0.10450E-02
 0.48461E+00   0.37745E-01   0.12381E-02
 0.48653E+00   0.37085E-01   0.14438E-02
 0.48853E+00   0.36376E-01   0.16670E-02
 0.49059E+00   0.35615E-01   0.19105E-02
 0.49273E+00   0.34799E-01   0.21743E-02
 0.49485E+00   0.33948E-01   0.24454E-02
 0.49688E+00   0.33109E-01   0.27136E-02
 0.49884E+00   0.32329E-01   0.29690E-02
 0.50073E+00   0.31585E-01   0.32100E-02
 0.50254E+00   0.30860E-01   0.34477E-02
 0.50428E+00   0.30154E-01   0.36807E-02
 0.50595E+00   0.29467E-01   0.39086E-02
 0.50756E+00   0.28805E-01   0.41281E-02
 0.50910E+00   0.28166E-01   0.43384E-02
 0.51058E+00   0.27548E-01   0.45405E-02
 0.51200E+00   0.26952E-01   0.47342E-02
 0.51337E+00   0.26381E-01   0.49193E-02
 0.51469E+00   0.25835E-01   0.50922E-02
 0.51596E+00   0.25315E-01   0.52450E-02
 0.51718E+00   0.24818E-01   0.53821E-02
 0.46779E+00   0.43621E-01  -0.48233E-03
 0.46895E+00   0.43697E-01   0.14701E-03
 0.47026E+00   0.43414E-01   0.49196E-03
 0.47162E+00   0.43052E-01   0.76880E-03
 0.47304E+00   0.42622E-01   0.99637E-03
 0.47451E+00   0.42150E-01   0.11960E-02
 0.47604E+00   0.41641E-01   0.13837E-02
 0.47763E+00   0.41104E-01   0.15636E-02
 0.47928E+00   0.40538E-01   0.17446E-02
 0.48099E+00   0.39946E-01   0.19255E-02
 0.48278E+00   0.39338E-01   0.20998E-02
 0.48464E+00   0.38706E-01   0.22728E-02
 0.48657E+00   0.38030E-01   0.24573E-02
 0.48856E+00   0.37301E-01   0.26627E-02
 0.49063E+00   0.36513E-01   0.28938E-02
 0.49276E+00   0.35664E-01   0.31493E-02
 0.49487E+00   0.34775E-01   0.34149E-02
 0.49689E+00   0.33898E-01   0.36791E-02
 0.49885E+00   0.33087E-01   0.39246E-02
 0.50074E+00   0.32322E-01   0.41474E-02
 0.50255E+00   0.31576E-01   0.43679E-02
 0.50429E+00   0.30852E-01   0.45831E-02
 0.50596E+00   0.30148E-01   0.47937E-02
 0.50756E+00   0.29468E-01   0.49967E-02
 0.50910E+00   0.28812E-01   0.51917E-02
 0.51058E+00   0.28177E-01   0.53794E-02
 0.51200E+00   0.27566E-01   0.55577E-02
 0.51337E+00   0.26979E-01   0.57292E-02
 0.51469E+00   0.26415E-01   0.58914E-02
 0.51596E+00   0.25880E-01   0.60320E-02
 0.51718E+00   0.25371E-01   0.61554E-02
 0.46779E+00   0.44812E-01   0.83536E-03
 0.46897E+00   0.44790E-01   0.14272E-02
 0.47029E+00   0.44467E-01   0.17428E-02
 0.47165E+00   0.44073E-01   0.19976E-02
 0.47307E+00   0.43620E-01   0.22063E-02
 0.47454E+00   0.43128E-01   0.23888E-02
 0.47607E+00   0.42601E-01   0.25601E-02
 0.47766E+00   0.42047E-01   0.27250E-02
 0.47931E+00   0.41460E-01   0.28922E-02
 0.48102E+00   0.40848E-01   0.30590E-02
 0.48281E+00   0.40219E-01   0.32196E-02
 0.48467E+00   0.39566E-01   0.33784E-02
 0.48659E+00   0.38871E-01   0.35453E-02
 0.48859E+00   0.38126E-01   0.37295E-02
 0.49065E+00   0.37320E-01   0.39385E-02
 0.49278E+00   0.36447E-01   0.41753E-02
 0.49489E+00   0.35528E-01   0.44282E-02
 0.49690E+00   0.34617E-01   0.46821E-02
 0.49885E+00   0.33779E-01   0.49134E-02
 0.50074E+00   0.32993E-01   0.51187E-02
 0.50255E+00   0.32230E-01   0.53198E-02
 0.50429E+00   0.31486E-01   0.55179E-02
 0.50596E+00   0.30765E-01   0.57106E-02
 0.50757E+00   0.30071E-01   0.58954E-02
 0.50911E+00   0.29400E-01   0.60730E-02
 0.51059E+00   0.28750E-01   0.62443E-02
 0.51201E+00   0.28124E-01   0.64076E-02
 0.51338E+00   0.27522E-01   0.65650E-02
 0.51469E+00   0.26944E-01   0.67133E-02
 0.51596E+00   0.26396E-01   0.68407E-02
 0.51718E+00   0.25874E-01   0.69517E-02
 0.46779E+00   0.45865E-01   0.22434E-02
 0.46901E+00   0.45782E-01   0.27639E-02
 0.47032E+00   0.45415E-01   0.30530E-02
 0.47168E+00   0.44994E-01   0.32829E-02
 0.47310E+00   0.44519E-01   0.34715E-02
 0.47457E+00   0.44007E-01   0.36377E-02
 0.47610E+00   0.43463E-01   0.37926E-02
 0.47768E+00   0.42889E-01   0.39430E-02
 0.47933E+00   0.42284E-01   0.40952E-02
 0.48104E+00   0.41650E-01   0.42486E-02
 0.48283E+00   0.40999E-01   0.43963E-02
 0.48468E+00   0.40321E-01   0.45422E-02
 0.48661E+00   0.39603E-01   0.46949E-02
 0.48860E+00   0.38838E-01   0.48609E-02
 0.49067E+00   0.38020E-01   0.50446E-02
 0.49280E+00   0.37137E-01   0.52524E-02
 0.49491E+00   0.36199E-01   0.54822E-02
 0.49691E+00   0.35262E-01   0.57199E-02
 0.49886E+00   0.34401E-01   0.59335E-02
 0.50075E+00   0.33598E-01   0.61182E-02
 0.50256E+00   0.32816E-01   0.63005E-02
 0.50430E+00   0.32058E-01   0.64783E-02
 0.50597E+00   0.31322E-01   0.66519E-02
 0.50757E+00   0.30613E-01   0.68184E-02
 0.50911E+00   0.29928E-01   0.69783E-02
 0.51059E+00   0.29265E-01   0.71330E-02
 0.51202E+00   0.28626E-01   0.72802E-02
 0.51338E+00   0.28010E-01   0.74226E-02
 0.51470E+00   0.27417E-01   0.75574E-02
 0.51596E+00   0.26854E-01   0.76722E-02
 0.51718E+00   0.26318E-01   0.77711E-02
 0.46779E+00   0.46773E-01   0.37286E-02
 0.46905E+00   0.46670E-01   0.41504E-02
 0.47035E+00   0.46260E-01   0.44125E-02
 0.47172E+00   0.45812E-01   0.46167E-02
 0.47313E+00   0.45318E-01   0.47838E-02
 0.47460E+00   0.44788E-01   0.49322E-02
 0.47613E+00   0.44225E-01   0.50715E-02
 0.47771E+00   0.43635E-01   0.52058E-02
 0.47936E+00   0.43010E-01   0.53432E-02
 0.48106E+00   0.42357E-01   0.54812E-02
 0.48284E+00   0.41682E-01   0.56156E-02
 0.48470E+00   0.40979E-01   0.57486E-02
 0.48662E+00   0.40235E-01   0.58875E-02
 0.48861E+00   0.39446E-01   0.60374E-02
 0.49067E+00   0.38609E-01   0.62000E-02
 0.49281E+00   0.37720E-01   0.63786E-02
 0.49492E+00   0.36778E-01   0.65763E-02
 0.49693E+00   0.35827E-01   0.67889E-02
 0.49888E+00   0.34949E-01   0.69817E-02
 0.50076E+00   0.34129E-01   0.71452E-02
 0.50258E+00   0.33333E-01   0.73066E-02
 0.50431E+00   0.32561E-01   0.74639E-02
 0.50598E+00   0.31814E-01   0.76164E-02
 0.50759E+00   0.31092E-01   0.77638E-02
 0.50913E+00   0.30393E-01   0.79057E-02
 0.51060E+00   0.29719E-01   0.80423E-02
 0.51203E+00   0.29068E-01   0.81727E-02
 0.51339E+00   0.28439E-01   0.82998E-02
 0.51470E+00   0.27833E-01   0.84202E-02
 0.51597E+00   0.27254E-01   0.85226E-02
 0.51718E+00   0.26701E-01   0.86106E-02
 0.46779E+00   0.47567E-01   0.52593E-02
 0.46908E+00   0.47443E-01   0.55813E-02
 0.47038E+00   0.46995E-01   0.58151E-02
 0.47174E+00   0.46526E-01   0.59913E-02
 0.47316E+00   0.46014E-01   0.61368E-02
 0.47462E+00   0.45466E-01   0.62671E-02
 0.47615E+00   0.44890E-01   0.63878E-02
 0.47773E+00   0.44281E-01   0.65068E-02
 0.47937E+00   0.43641E-01   0.66264E-02
 0.48108E+00   0.42971E-01   0.67475E-02
 0.48286E+00   0.42273E-01   0.68674E-02
 0.48470E+00   0.41544E-01   0.69872E-02
 0.48662E+00   0.40773E-01   0.71119E-02
 0.48860E+00   0.39960E-01   0.72448E-02
 0.49066E+00   0.39103E-01   0.73871E-02
 0.49280E+00   0.38201E-01   0.75397E-02
 0.49492E+00   0.37262E-01   0.77034E-02
 0.49694E+00   0.36313E-01   0.78837E-02
 0.49889E+00   0.35423E-01   0.80523E-02
 0.50078E+00   0.34586E-01   0.81950E-02
 0.50259E+00   0.33778E-01   0.83342E-02
 0.50432E+00   0.32995E-01   0.84698E-02
 0.50599E+00   0.32235E-01   0.86020E-02
 0.50760E+00   0.31502E-01   0.87294E-02
 0.50914E+00   0.30793E-01   0.88520E-02
 0.51062E+00   0.30107E-01   0.89704E-02
 0.51204E+00   0.29445E-01   0.90835E-02
 0.51340E+00   0.28806E-01   0.91938E-02
 0.51471E+00   0.28190E-01   0.92987E-02
 0.51597E+00   0.27595E-01   0.93882E-02
 0.51718E+00   0.27023E-01   0.94656E-02
 0.46779E+00   0.48265E-01   0.68176E-02
 0.46909E+00   0.48099E-01   0.70484E-02
 0.47039E+00   0.47622E-01   0.72521E-02
 0.47176E+00   0.47133E-01   0.74000E-02
 0.47317E+00   0.46605E-01   0.75236E-02
 0.47463E+00   0.46043E-01   0.76333E-02
 0.47616E+00   0.45451E-01   0.77365E-02
 0.47774E+00   0.44830E-01   0.78369E-02
 0.47938E+00   0.44174E-01   0.79394E-02
 0.48109E+00   0.43485E-01   0.80436E-02
 0.48286E+00   0.42767E-01   0.81471E-02
 0.48470E+00   0.42014E-01   0.82514E-02
 0.48661E+00   0.41221E-01   0.83591E-02
 0.48859E+00   0.40386E-01   0.84730E-02
 0.49065E+00   0.39508E-01   0.85942E-02
 0.49279E+00   0.38587E-01   0.87233E-02
 0.49491E+00   0.37647E-01   0.88562E-02
 0.49695E+00   0.36714E-01   0.90005E-02
 0.49890E+00   0.35818E-01   0.91424E-02
 0.50079E+00   0.34971E-01   0.92615E-02
 0.50260E+00   0.34148E-01   0.93793E-02
 0.50434E+00   0.33355E-01   0.94931E-02
 0.50600E+00   0.32586E-01   0.96038E-02
 0.50761E+00   0.31841E-01   0.97112E-02
 0.50915E+00   0.31122E-01   0.98145E-02
 0.51063E+00   0.30428E-01   0.99135E-02
 0.51205E+00   0.29757E-01   0.10009E-01
 0.51341E+00   0.29109E-01   0.10102E-01
 0.51472E+00   0.28483E-01   0.10190E-01
 0.51598E+00   0.27872E-01   0.10267E-01
 0.51718E+00   0.27278E-01   0.10334E-01
 0.46779E+00   0.48904E-01   0.83824E-02
 0.46909E+00   0.48630E-01   0.85470E-02
 0.47039E+00   0.48138E-01   0.87161E-02
 0.47175E+00   0.47630E-01   0.88356E-02
 0.47317E+00   0.47088E-01   0.89360E-02
 0.47463E+00   0.46513E-01   0.90257E-02
 0.47616E+00   0.45910E-01   0.91091E-02
 0.47774E+00   0.45274E-01   0.91917E-02
 0.47938E+00   0.44606E-01   0.92747E-02
 0.48108E+00   0.43904E-01   0.93597E-02
 0.48285E+00   0.43170E-01   0.94448E-02
 0.48469E+00   0.42397E-01   0.95310E-02
 0.48660E+00   0.41583E-01   0.96201E-02
 0.48858E+00   0.40730E-01   0.97135E-02
 0.49063E+00   0.39833E-01   0.98126E-02
 0.49277E+00   0.38891E-01   0.99185E-02
 0.49490E+00   0.37938E-01   0.10025E-01
 0.49694E+00   0.37021E-01   0.10135E-01
 0.49891E+00   0.36138E-01   0.10245E-01
 0.50079E+00   0.35277E-01   0.10342E-01
 0.50260E+00   0.34444E-01   0.10437E-01
 0.50434E+00   0.33639E-01   0.10529E-01
 0.50601E+00   0.32861E-01   0.10618E-01
 0.50762E+00   0.32109E-01   0.10704E-01
 0.50916E+00   0.31382E-01   0.10787E-01
 0.51064E+00   0.30680E-01   0.10867E-01
 0.51206E+00   0.30001E-01   0.10944E-01
 0.51343E+00   0.29348E-01   0.11018E-01
 0.51474E+00   0.28715E-01   0.11089E-01
 0.51599E+00   0.28085E-01   0.11153E-01
 0.51718E+00   0.27464E-01   0.11210E-01
 0.46779E+00   0.49500E-01   0.99465E-02
 0.46905E+00   0.49038E-01   0.10068E-01
 0.47036E+00   0.48546E-01   0.10199E-01
 0.47172E+00   0.48022E-01   0.10290E-01
 0.47313E+00   0.47468E-01   0.10366E-01
 0.47460E+00   0.46884E-01   0.10434E-01
 0.47612E+00   0.46269E-01   0.10498E-01
 0.47771E+00   0.45626E-01   0.10560E-01
 0.47935E+00   0.44946E-01   0.10624E-01
 0.48105E+00   0.44234E-01   0.10688E-01
 0.48282E+00   0.43486E-01   0.10754E-01
 0.48466E+00   0.42699E-01   0.10820E-01
 0.48657E+00   0.41873E-01   0.10888E-01
 0.48855E+00   0.41004E-01   0.10959E-01
 0.49061E+00   0.40092E-01   0.11035E-01
 0.49274E+00   0.39137E-01   0.11115E-01
 0.49487E+00   0.38162E-01   0.11197E-01
 0.49692E+00   0.37243E-01   0.11278E-01
 0.49890E+00   0.36381E-01   0.11357E-01
 0.50078E+00   0.35505E-01   0.11431E-01
 0.50260E+00   0.34665E-01   0.11502E-01
 0.50434E+00   0.33855E-01   0.11571E-01
 0.50601E+00   0.33070E-01   0.11638E-01
 0.50762E+00   0.32310E-01   0.11703E-01
 0.50916E+00   0.31577E-01   0.11765E-01
 0.51065E+00   0.30870E-01   0.11825E-01
 0.51207E+00   0.30183E-01   0.11883E-01
 0.51344E+00   0.29526E-01   0.11939E-01
 0.51475E+00   0.28890E-01   0.11992E-01
 0.51600E+00   0.28244E-01   0.12041E-01
 0.51718E+00   0.27597E-01   0.12087E-01
 0.46779E+00   0.50045E-01   0.11512E-01
 0.46893E+00   0.49335E-01   0.11602E-01
 0.47025E+00   0.48854E-01   0.11691E-01
 0.47162E+00   0.48314E-01   0.11754E-01
 0.47303E+00   0.47753E-01   0.11806E-01
 0.47450E+00   0.47164E-01   0.11852E-01
 0.47603E+00   0.46543E-01   0.11895E-01
 0.47762E+00   0.45893E-01   0.11937E-01
 0.47926E+00   0.45205E-01   0.11980E-01
 0.48097E+00   0.44486E-01   0.12023E-01
 0.48275E+00   0.43731E-01   0.12067E-01
 0.48459E+00   0.42935E-01   0.12111E-01
 0.48650E+00   0.42097E-01   0.12157E-01
 0.48848E+00   0.41219E-01   0.12205E-01
 0.49054E+00   0.40297E-01   0.12256E-01
 0.49268E+00   0.39331E-01   0.12310E-01
 0.49481E+00   0.38342E-01   0.12365E-01
 0.49687E+00   0.37412E-01   0.12420E-01
 0.49886E+00   0.36557E-01   0.12471E-01
 0.50075E+00   0.35674E-01   0.12520E-01
 0.50257E+00   0.34828E-01   0.12568E-01
 0.50432E+00   0.34010E-01   0.12614E-01
 0.50599E+00   0.33218E-01   0.12659E-01
 0.50760E+00   0.32453E-01   0.12702E-01
 0.50915E+00   0.31716E-01   0.12744E-01
 0.51064E+00   0.31005E-01   0.12784E-01
 0.51207E+00   0.30314E-01   0.12822E-01
 0.51344E+00   0.29653E-01   0.12860E-01
 0.51476E+00   0.29013E-01   0.12895E-01
 0.51600E+00   0.28354E-01   0.12929E-01
 0.51718E+00   0.27689E-01   0.12960E-01
 0.46779E+00   0.50498E-01   0.13088E-01
 0.46875E+00   0.49557E-01   0.13143E-01
 0.47008E+00   0.49072E-01   0.13189E-01
 0.47145E+00   0.48522E-01   0.13221E-01
 0.47287E+00   0.47956E-01   0.13248E-01
 0.47435E+00   0.47362E-01   0.13272E-01
 0.47588E+00   0.46736E-01   0.13293E-01
 0.47747E+00   0.46081E-01   0.13314E-01
 0.47912E+00   0.45389E-01   0.13336E-01
 0.48084E+00   0.44663E-01   0.13358E-01
 0.48262E+00   0.43904E-01   0.13380E-01
 0.48447E+00   0.43103E-01   0.13402E-01
 0.48639E+00   0.42260E-01   0.13425E-01
 0.48838E+00   0.41377E-01   0.13449E-01
 0.49045E+00   0.40447E-01   0.13475E-01
 0.49259E+00   0.39476E-01   0.13502E-01
 0.49473E+00   0.38479E-01   0.13529E-01
 0.49679E+00   0.37538E-01   0.13557E-01
 0.49879E+00   0.36677E-01   0.13582E-01
 0.50069E+00   0.35787E-01   0.13607E-01
 0.50251E+00   0.34935E-01   0.13631E-01
 0.50427E+00   0.34112E-01   0.13654E-01
 0.50595E+00   0.33315E-01   0.13676E-01
 0.50757E+00   0.32546E-01   0.13698E-01
 0.50912E+00   0.31804E-01   0.13719E-01
 0.51062E+00   0.31088E-01   0.13739E-01
 0.51205E+00   0.30393E-01   0.13758E-01
 0.51343E+00   0.29731E-01   0.13777E-01
 0.51475E+00   0.29088E-01   0.13794E-01
 0.51600E+00   0.28423E-01   0.13811E-01
 0.51718E+00   0.27749E-01   0.13828E-01
 0.46779E+00   0.50754E-01   0.14688E-01
 0.46861E+00   0.49682E-01   0.14688E-01
 0.46993E+00   0.49168E-01   0.14688E-01
 0.47130E+00   0.48614E-01   0.14688E-01
 0.47273E+00   0.48048E-01   0.14688E-01
 0.47421E+00   0.47450E-01   0.14688E-01
 0.47575E+00   0.46824E-01   0.14688E-01
 0.47734E+00   0.46166E-01   0.14688E-01
 0.47900E+00   0.45473E-01   0.14688E-01
 0.48072E+00   0.44745E-01   0.14688E-01
 0.48251E+00   0.43983E-01   0.14688E-01
 0.48436E+00   0.43182E-01   0.14688E-01
 0.48629E+00   0.42339E-01   0.14688E-01
 0.48829E+00   0.41453E-01   0.14688E-01
 0.49036E+00   0.40522E-01   0.14688E-01
 0.49251E+00   0.39548E-01   0.14688E-01
 0.49466E+00   0.38556E-01   0.14688E-01
 0.49673E+00   0.37605E-01   0.14688E-01
 0.49873E+00   0.36728E-01   0.14688E-01
 0.50063E+00   0.35838E-01   0.14688E-01
 0.50246E+00   0.34983E-01   0.14688E-01
 0.50422E+00   0.34156E-01   0.14688E-01
 0.50591E+00   0.33357E-01   0.14688E-01
 0.50753E+00   0.32585E-01   0.14688E-01
 0.50909E+00   0.31841E-01   0.14688E-01
 0.51059E+00   0.31124E-01   0.14688E-01
 0.51203E+00   0.30429E-01   0.14688E-01
 0.51341E+00   0.29764E-01   0.14688E-01
 0.51474E+00   0.29119E-01   0.14688E-01
 0.51599E+00   0.28457E-01   0.14688E-01
 0.51718E+00   0.27789E-01   0.14688E-01
Zone i=   80 j=   61 f=point
 0.15800E-02   0.00000E+00  -0.65000E-01
 0.21139E-01   0.00000E+00  -0.65000E-01
 0.39945E-01   0.00000E+00  -0.65000E-01
 0.58028E-01   0.00000E+00  -0.65000E-01
 0.75416E-01   0.00000E+00  -0.65000E-01
 0.92135E-01   0.00000E+00  -0.65000E-01
 0.10821E+00   0.00000E+00  -0.65000E-01
 0.12367E+00   0.00000E+00  -0.65000E-01
 0.13853E+00   0.00000E+00  -0.65000E-01
 0.15282E+00   0.00000E+00  -0.65000E-01
 0.16656E+00   0.00000E+00  -0.65000E-01
 0.17978E+00   0.00000E+00  -0.65000E-01
 0.19248E+00   0.00000E+00  -0.65000E-01
 0.20470E+00   0.00000E+00  -0.65000E-01
 0.21644E+00   0.00000E+00  -0.65000E-01
 0.22774E+00   0.00000E+00  -0.65000E-01
 0.23860E+00   0.00000E+00  -0.65000E-01
 0.24904E+00   0.00000E+00  -0.65000E-01
 0.25908E+00   0.00000E+00  -0.65000E-01
 0.26874E+00   0.00000E+00  -0.65000E-01
 0.27802E+00   0.00000E+00  -0.65000E-01
 0.28695E+00   0.00000E+00  -0.65000E-01
 0.29553E+00   0.00000E+00  -0.65000E-01
 0.30378E+00   0.00000E+00  -0.65000E-01
 0.31172E+00   0.00000E+00  -0.65000E-01
 0.31935E+00   0.00000E+00  -0.65000E-01
 0.32669E+00   0.00000E+00  -0.65000E-01
 0.33374E+00   0.00000E+00  -0.65000E-01
 0.34052E+00   0.00000E+00  -0.65000E-01
 0.34705E+00   0.00000E+00  -0.65000E-01
 0.35332E+00   0.00000E+00  -0.65000E-01
 0.35935E+00   0.00000E+00  -0.65000E-01
 0.36515E+00   0.00000E+00  -0.65000E-01
 0.37072E+00   0.00000E+00  -0.65000E-01
 0.37608E+00   0.00000E+00  -0.65000E-01
 0.38124E+00   0.00000E+00  -0.65000E-01
 0.38619E+00   0.00000E+00  -0.65000E-01
 0.39096E+00   0.00000E+00  -0.65000E-01
 0.39554E+00   0.00000E+00  -0.65000E-01
 0.39995E+00   0.00000E+00  -0.65000E-01
 0.40419E+00   0.00000E+00  -0.65000E-01
 0.40826E+00   0.00000E+00  -0.65000E-01
 0.41218E+00   0.00000E+00  -0.65000E-01
 0.41594E+00   0.00000E+00  -0.65000E-01
 0.41956E+00   0.00000E+00  -0.65000E-01
 0.42305E+00   0.00000E+00  -0.65000E-01
 0.42640E+00   0.00000E+00  -0.65000E-01
 0.42962E+00   0.00000E+00  -0.65000E-01
 0.43271E+00   0.00000E+00  -0.65000E-01
 0.43569E+00   0.00000E+00  -0.65000E-01
 0.43855E+00   0.00000E+00  -0.65000E-01
 0.44130E+00   0.00000E+00  -0.65000E-01
 0.44395E+00   0.00000E+00  -0.65000E-01
 0.44649E+00   0.00000E+00  -0.65000E-01
 0.44894E+00   0.00000E+00  -0.65000E-01
 0.45129E+00   0.00000E+00  -0.65000E-01
 0.45355E+00   0.00000E+00  -0.65000E-01
 0.45573E+00   0.00000E+00  -0.65000E-01
 0.45780E+00   0.00000E+00  -0.64814E-01
 0.45972E+00   0.00000E+00  -0.64206E-01
 0.46149E+00   0.00000E+00  -0.63435E-01
 0.46302E+00   0.00000E+00  -0.62380E-01
 0.46436E+00   0.00000E+00  -0.61205E-01
 0.46559E+00   0.00000E+00  -0.59999E-01
 0.46672E+00   0.00000E+00  -0.58792E-01
 0.46777E+00   0.00000E+00  -0.57600E-01
 0.46874E+00   0.00000E+00  -0.56420E-01
 0.46963E+00   0.00000E+00  -0.55250E-01
 0.47046E+00   0.00000E+00  -0.54110E-01
 0.47132E+00   0.00000E+00  -0.53055E-01
 0.47224E+00   0.00000E+00  -0.52130E-01
 0.47322E+00   0.00000E+00  -0.51350E-01
 0.47424E+00   0.00000E+00  -0.50706E-01
 0.47527E+00   0.00000E+00  -0.50158E-01
 0.47628E+00   0.00000E+00  -0.49699E-01
 0.47731E+00   0.00000E+00  -0.49373E-01
 0.47830E+00   0.00000E+00  -0.49146E-01
 0.47911E+00   0.00000E+00  -0.48573E-01
 0.47961E+00   0.00000E+00  -0.47772E-01
 0.47978E+00   0.00000E+00  -0.46875E-01
 0.15800E-02   0.24017E-02  -0.65000E-01
 0.21143E-01   0.23662E-02  -0.65000E-01
 0.39954E-01   0.23322E-02  -0.65000E-01
 0.58041E-01   0.23007E-02  -0.65000E-01
 0.75433E-01   0.22704E-02  -0.65000E-01
 0.92155E-01   0.22380E-02  -0.65000E-01
 0.10823E+00   0.21989E-02  -0.65000E-01
 0.12370E+00   0.21531E-02  -0.65000E-01
 0.13856E+00   0.21056E-02  -0.65000E-01
 0.15286E+00   0.20582E-02  -0.65000E-01
 0.16660E+00   0.20128E-02  -0.65000E-01
 0.17982E+00   0.19688E-02  -0.65000E-01
 0.19253E+00   0.19251E-02  -0.65000E-01
 0.20474E+00   0.18819E-02  -0.65000E-01
 0.21649E+00   0.18403E-02  -0.65000E-01
 0.22779E+00   0.18002E-02  -0.65000E-01
 0.23865E+00   0.17608E-02  -0.65000E-01
 0.24910E+00   0.17220E-02  -0.65000E-01
 0.25914E+00   0.16845E-02  -0.65000E-01
 0.26880E+00   0.16483E-02  -0.65000E-01
 0.27808E+00   0.16133E-02  -0.65000E-01
 0.28701E+00   0.15795E-02  -0.65000E-01
 0.29560E+00   0.15469E-02  -0.65000E-01
 0.30385E+00   0.15154E-02  -0.65000E-01
 0.31179E+00   0.14851E-02  -0.65000E-01
 0.31942E+00   0.14561E-02  -0.65000E-01
 0.32676E+00   0.14284E-02  -0.65000E-01
 0.33382E+00   0.14020E-02  -0.65000E-01
 0.34060E+00   0.13768E-02  -0.65000E-01
 0.34712E+00   0.13528E-02  -0.65000E-01
 0.35340E+00   0.13299E-02  -0.65000E-01
 0.35943E+00   0.13084E-02  -0.65000E-01
 0.36523E+00   0.12880E-02  -0.65000E-01
 0.37081E+00   0.12687E-02  -0.65000E-01
 0.37617E+00   0.12505E-02  -0.65000E-01
 0.38132E+00   0.12334E-02  -0.65000E-01
 0.38628E+00   0.12173E-02  -0.65000E-01
 0.39105E+00   0.12022E-02  -0.65000E-01
 0.39563E+00   0.11880E-02  -0.65000E-01
 0.40004E+00   0.11746E-02  -0.65000E-01
 0.40428E+00   0.11619E-02  -0.65000E-01
 0.40835E+00   0.11501E-02  -0.65000E-01
 0.41227E+00   0.11393E-02  -0.65000E-01
 0.41604E+00   0.11295E-02  -0.65000E-01
 0.41966E+00   0.11204E-02  -0.65000E-01
 0.42314E+00   0.11119E-02  -0.65000E-01
 0.42649E+00   0.11042E-02  -0.65000E-01
 0.42971E+00   0.10973E-02  -0.65000E-01
 0.43281E+00   0.10909E-02  -0.64998E-01
 0.43579E+00   0.10842E-02  -0.64980E-01
 0.43865E+00   0.10749E-02  -0.64938E-01
 0.44140E+00   0.10620E-02  -0.64884E-01
 0.44405E+00   0.10465E-02  -0.64827E-01
 0.44659E+00   0.10280E-02  -0.64770E-01
 0.44904E+00   0.10153E-02  -0.64735E-01
 0.45139E+00   0.10111E-02  -0.64732E-01
 0.45365E+00   0.10037E-02  -0.64724E-01
 0.45583E+00   0.98308E-03  -0.64625E-01
 0.45790E+00   0.95870E-03  -0.64346E-01
 0.45984E+00   0.94717E-03  -0.63811E-01
 0.46159E+00   0.94734E-03  -0.63001E-01
 0.46313E+00   0.95202E-03  -0.61961E-01
 0.46449E+00   0.95079E-03  -0.60802E-01
 0.46572E+00   0.93970E-03  -0.59598E-01
 0.46684E+00   0.92647E-03  -0.58385E-01
 0.46789E+00   0.91922E-03  -0.57189E-01
 0.46888E+00   0.91840E-03  -0.56022E-01
 0.46978E+00   0.90929E-03  -0.54863E-01
 0.47058E+00   0.88354E-03  -0.53703E-01
 0.47143E+00   0.87494E-03  -0.52638E-01
 0.47238E+00   0.88486E-03  -0.51742E-01
 0.47339E+00   0.91018E-03  -0.51007E-01
 0.47442E+00   0.95692E-03  -0.50368E-01
 0.47542E+00   0.10147E-02  -0.49790E-01
 0.47643E+00   0.11473E-02  -0.49329E-01
 0.47741E+00   0.13196E-02  -0.48942E-01
 0.47823E+00   0.11958E-02  -0.48335E-01
 0.47882E+00   0.85554E-03  -0.47621E-01
 0.47928E+00   0.43587E-03  -0.46898E-01
 0.47968E+00   0.00000E+00  -0.46194E-01
 0.15800E-02   0.48274E-02  -0.65000E-01
 0.21148E-01   0.47596E-02  -0.65000E-01
 0.39963E-01   0.46947E-02  -0.65000E-01
 0.58055E-01   0.46346E-02  -0.65000E-01
 0.75451E-01   0.45770E-02  -0.65000E-01
 0.92178E-01   0.45148E-02  -0.65000E-01
 0.10826E+00   0.44391E-02  -0.65000E-01
 0.12373E+00   0.43496E-02  -0.65000E-01
 0.13860E+00   0.42565E-02  -0.65000E-01
 0.15289E+00   0.41635E-02  -0.65000E-01
 0.16664E+00   0.40743E-02  -0.65000E-01
 0.17986E+00   0.39878E-02  -0.65000E-01
 0.19257E+00   0.39017E-02  -0.65000E-01
 0.20480E+00   0.38165E-02  -0.65000E-01
 0.21655E+00   0.37345E-02  -0.65000E-01
 0.22785E+00   0.36552E-02  -0.65000E-01
 0.23871E+00   0.35773E-02  -0.65000E-01
 0.24916E+00   0.35007E-02  -0.65000E-01
 0.25920E+00   0.34263E-02  -0.65000E-01
 0.26886E+00   0.33545E-02  -0.65000E-01
 0.27815E+00   0.32850E-02  -0.65000E-01
 0.28708E+00   0.32180E-02  -0.65000E-01
 0.29567E+00   0.31531E-02  -0.65000E-01
 0.30392E+00   0.30904E-02  -0.65000E-01
 0.31186E+00   0.30302E-02  -0.65000E-01
 0.31950E+00   0.29725E-02  -0.65000E-01
 0.32684E+00   0.29173E-02  -0.65000E-01
 0.33390E+00   0.28646E-02  -0.65000E-01
 0.34068E+00   0.28143E-02  -0.65000E-01
 0.34721E+00   0.27664E-02  -0.65000E-01
 0.35348E+00   0.27209E-02  -0.65000E-01
 0.35951E+00   0.26779E-02  -0.65000E-01
 0.36532E+00   0.26372E-02  -0.65000E-01
 0.37089E+00   0.25988E-02  -0.65000E-01
 0.37626E+00   0.25624E-02  -0.65000E-01
 0.38141E+00   0.25283E-02  -0.65000E-01
 0.38637E+00   0.24963E-02  -0.65000E-01
 0.39114E+00   0.24661E-02  -0.65000E-01
 0.39573E+00   0.24378E-02  -0.65000E-01
 0.40013E+00   0.24110E-02  -0.65000E-01
 0.40437E+00   0.23858E-02  -0.65000E-01
 0.40845E+00   0.23623E-02  -0.65000E-01
 0.41237E+00   0.23409E-02  -0.65000E-01
 0.41614E+00   0.23214E-02  -0.65000E-01
 0.41976E+00   0.23033E-02  -0.64999E-01
 0.42324E+00   0.22858E-02  -0.64979E-01
 0.42659E+00   0.22686E-02  -0.64943E-01
 0.42981E+00   0.22534E-02  -0.64913E-01
 0.43291E+00   0.22381E-02  -0.64876E-01
 0.43589E+00   0.22178E-02  -0.64799E-01
 0.43875E+00   0.21924E-02  -0.64695E-01
 0.44150E+00   0.21623E-02  -0.64588E-01
 0.44415E+00   0.21270E-02  -0.64483E-01
 0.44669E+00   0.20866E-02  -0.64380E-01
 0.44913E+00   0.20396E-02  -0.64283E-01
 0.45149E+00   0.19828E-02  -0.64196E-01
 0.45375E+00   0.19133E-02  -0.64098E-01
 0.45591E+00   0.18317E-02  -0.63921E-01
 0.45798E+00   0.17621E-02  -0.63587E-01
 0.45991E+00   0.17316E-02  -0.63032E-01
 0.46166E+00   0.17351E-02  -0.62224E-01
 0.46321E+00   0.17566E-02  -0.61200E-01
 0.46459E+00   0.17748E-02  -0.60059E-01
 0.46583E+00   0.17769E-02  -0.58868E-01
 0.46696E+00   0.17605E-02  -0.57658E-01
 0.46799E+00   0.17258E-02  -0.56453E-01
 0.46895E+00   0.16634E-02  -0.55259E-01
 0.46982E+00   0.16080E-02  -0.54080E-01
 0.47067E+00   0.16274E-02  -0.52947E-01
 0.47157E+00   0.16821E-02  -0.51934E-01
 0.47255E+00   0.17130E-02  -0.51075E-01
 0.47357E+00   0.17519E-02  -0.50337E-01
 0.47458E+00   0.18370E-02  -0.49675E-01
 0.47556E+00   0.19541E-02  -0.49068E-01
 0.47649E+00   0.21264E-02  -0.48477E-01
 0.47735E+00   0.22217E-02  -0.47841E-01
 0.47806E+00   0.19160E-02  -0.47176E-01
 0.47860E+00   0.13412E-02  -0.46572E-01
 0.47901E+00   0.67678E-03  -0.46029E-01
 0.47938E+00   0.00000E+00  -0.45527E-01
 0.15800E-02   0.72773E-02  -0.65000E-01
 0.21138E-01   0.71806E-02  -0.65000E-01
 0.39944E-01   0.70878E-02  -0.65000E-01
 0.58027E-01   0.70023E-02  -0.65000E-01
 0.75414E-01   0.69201E-02  -0.65000E-01
 0.92133E-01   0.68311E-02  -0.65000E-01
 0.10821E+00   0.67214E-02  -0.65000E-01
 0.12366E+00   0.65904E-02  -0.65000E-01
 0.13853E+00   0.64538E-02  -0.65000E-01
 0.15282E+00   0.63171E-02  -0.65000E-01
 0.16656E+00   0.61859E-02  -0.65000E-01
 0.17977E+00   0.60585E-02  -0.65000E-01
 0.19247E+00   0.59315E-02  -0.65000E-01
 0.20469E+00   0.58056E-02  -0.65000E-01
 0.21643E+00   0.56845E-02  -0.65000E-01
 0.22773E+00   0.55671E-02  -0.65000E-01
 0.23859E+00   0.54518E-02  -0.65000E-01
 0.24903E+00   0.53380E-02  -0.65000E-01
 0.25907E+00   0.52277E-02  -0.65000E-01
 0.26872E+00   0.51209E-02  -0.65000E-01
 0.27801E+00   0.50176E-02  -0.65000E-01
 0.28693E+00   0.49178E-02  -0.65000E-01
 0.29552E+00   0.48212E-02  -0.65000E-01
 0.30377E+00   0.47277E-02  -0.65000E-01
 0.31170E+00   0.46379E-02  -0.65000E-01
 0.31933E+00   0.45518E-02  -0.65000E-01
 0.32667E+00   0.44694E-02  -0.65000E-01
 0.33372E+00   0.43906E-02  -0.65000E-01
 0.34050E+00   0.43155E-02  -0.65000E-01
 0.34703E+00   0.42439E-02  -0.65000E-01
 0.35330E+00   0.41758E-02  -0.65000E-01
 0.35933E+00   0.41115E-02  -0.65000E-01
 0.36513E+00   0.40507E-02  -0.65000E-01
 0.37070E+00   0.39931E-02  -0.65000E-01
 0.37606E+00   0.39387E-02  -0.65000E-01
 0.38122E+00   0.38876E-02  -0.65000E-01
 0.38617E+00   0.38398E-02  -0.65000E-01
 0.39094E+00   0.37946E-02  -0.65000E-01
 0.39552E+00   0.37523E-02  -0.65000E-01
 0.39993E+00   0.37122E-02  -0.65000E-01
 0.40416E+00   0.36744E-02  -0.65000E-01
 0.40824E+00   0.36393E-02  -0.65002E-01
 0.41215E+00   0.36068E-02  -0.64983E-01
 0.41592E+00   0.35771E-02  -0.64960E-01
 0.41954E+00   0.35487E-02  -0.64926E-01
 0.42302E+00   0.35163E-02  -0.64841E-01
 0.42637E+00   0.34826E-02  -0.64747E-01
 0.42959E+00   0.34495E-02  -0.64658E-01
 0.43268E+00   0.34149E-02  -0.64562E-01
 0.43565E+00   0.33773E-02  -0.64446E-01
 0.43851E+00   0.33371E-02  -0.64317E-01
 0.44126E+00   0.32899E-02  -0.64174E-01
 0.44390E+00   0.32319E-02  -0.64024E-01
 0.44644E+00   0.31611E-02  -0.63866E-01
 0.44888E+00   0.30728E-02  -0.63702E-01
 0.45122E+00   0.29636E-02  -0.63539E-01
 0.45348E+00   0.28348E-02  -0.63371E-01
 0.45564E+00   0.26912E-02  -0.63145E-01
 0.45769E+00   0.25648E-02  -0.62795E-01
 0.45963E+00   0.24958E-02  -0.62258E-01
 0.46140E+00   0.24619E-02  -0.61485E-01
 0.46296E+00   0.24355E-02  -0.60482E-01
 0.46435E+00   0.24112E-02  -0.59356E-01
 0.46560E+00   0.23864E-02  -0.58182E-01
 0.46674E+00   0.23585E-02  -0.56987E-01
 0.46779E+00   0.23251E-02  -0.55792E-01
 0.46876E+00   0.22785E-02  -0.54609E-01
 0.46965E+00   0.22426E-02  -0.53446E-01
 0.47052E+00   0.23002E-02  -0.52335E-01
 0.47142E+00   0.23717E-02  -0.51317E-01
 0.47238E+00   0.23964E-02  -0.50433E-01
 0.47337E+00   0.24189E-02  -0.49663E-01
 0.47434E+00   0.24764E-02  -0.48942E-01
 0.47527E+00   0.25345E-02  -0.48245E-01
 0.47613E+00   0.25760E-02  -0.47541E-01
 0.47689E+00   0.25586E-02  -0.46786E-01
 0.47757E+00   0.22423E-02  -0.46087E-01
 0.47810E+00   0.15801E-02  -0.45585E-01
 0.47851E+00   0.79676E-03  -0.45231E-01
 0.47886E+00   0.00000E+00  -0.44943E-01
 0.15800E-02   0.97518E-02  -0.65000E-01
 0.21105E-01   0.96294E-02  -0.65000E-01
 0.39879E-01   0.95121E-02  -0.65000E-01
 0.57932E-01   0.94041E-02  -0.65000E-01
 0.75289E-01   0.93005E-02  -0.65000E-01
 0.91979E-01   0.91875E-02  -0.65000E-01
 0.10803E+00   0.90469E-02  -0.65000E-01
 0.12346E+00   0.88772E-02  -0.65000E-01
 0.13829E+00   0.86994E-02  -0.65000E-01
 0.15256E+00   0.85210E-02  -0.65000E-01
 0.16628E+00   0.83497E-02  -0.65000E-01
 0.17947E+00   0.81832E-02  -0.65000E-01
 0.19215E+00   0.80171E-02  -0.65000E-01
 0.20434E+00   0.78521E-02  -0.65000E-01
 0.21607E+00   0.76931E-02  -0.65000E-01
 0.22734E+00   0.75391E-02  -0.65000E-01
 0.23818E+00   0.73875E-02  -0.65000E-01
 0.24861E+00   0.72379E-02  -0.65000E-01
 0.25863E+00   0.70924E-02  -0.65000E-01
 0.26827E+00   0.69515E-02  -0.65000E-01
 0.27753E+00   0.68153E-02  -0.65000E-01
 0.28644E+00   0.66834E-02  -0.65000E-01
 0.29501E+00   0.65557E-02  -0.65000E-01
 0.30325E+00   0.64320E-02  -0.65000E-01
 0.31117E+00   0.63130E-02  -0.65000E-01
 0.31878E+00   0.61989E-02  -0.65000E-01
 0.32611E+00   0.60897E-02  -0.65000E-01
 0.33315E+00   0.59851E-02  -0.65000E-01
 0.33992E+00   0.58854E-02  -0.65000E-01
 0.34643E+00   0.57903E-02  -0.65000E-01
 0.35269E+00   0.56998E-02  -0.65000E-01
 0.35871E+00   0.56142E-02  -0.65000E-01
 0.36450E+00   0.55334E-02  -0.65000E-01
 0.37006E+00   0.54568E-02  -0.65000E-01
 0.37541E+00   0.53844E-02  -0.65000E-01
 0.38056E+00   0.53164E-02  -0.65000E-01
 0.38551E+00   0.52527E-02  -0.65000E-01
 0.39027E+00   0.51925E-02  -0.65000E-01
 0.39484E+00   0.51362E-02  -0.65000E-01
 0.39924E+00   0.50829E-02  -0.64999E-01
 0.40347E+00   0.50317E-02  -0.64969E-01
 0.40753E+00   0.49836E-02  -0.64935E-01
 0.41144E+00   0.49368E-02  -0.64876E-01
 0.41520E+00   0.48918E-02  -0.64805E-01
 0.41882E+00   0.48473E-02  -0.64719E-01
 0.42229E+00   0.47968E-02  -0.64587E-01
 0.42563E+00   0.47431E-02  -0.64438E-01
 0.42884E+00   0.46866E-02  -0.64290E-01
 0.43193E+00   0.46237E-02  -0.64132E-01
 0.43489E+00   0.45569E-02  -0.63963E-01
 0.43774E+00   0.44883E-02  -0.63787E-01
 0.44048E+00   0.44124E-02  -0.63601E-01
 0.44312E+00   0.43248E-02  -0.63407E-01
 0.44565E+00   0.42260E-02  -0.63211E-01
 0.44808E+00   0.41125E-02  -0.63013E-01
 0.45041E+00   0.39705E-02  -0.62807E-01
 0.45265E+00   0.37881E-02  -0.62586E-01
 0.45480E+00   0.35748E-02  -0.62325E-01
 0.45685E+00   0.33600E-02  -0.61981E-01
 0.45878E+00   0.31813E-02  -0.61493E-01
 0.46058E+00   0.30540E-02  -0.60813E-01
 0.46221E+00   0.29723E-02  -0.59917E-01
 0.46365E+00   0.29211E-02  -0.58867E-01
 0.46494E+00   0.28826E-02  -0.57744E-01
 0.46612E+00   0.28507E-02  -0.56591E-01
 0.46720E+00   0.28284E-02  -0.55430E-01
 0.46820E+00   0.28174E-02  -0.54276E-01
 0.46913E+00   0.28144E-02  -0.53138E-01
 0.47000E+00   0.28441E-02  -0.52034E-01
 0.47086E+00   0.28983E-02  -0.50986E-01
 0.47175E+00   0.29142E-02  -0.50028E-01
 0.47269E+00   0.28957E-02  -0.49202E-01
 0.47362E+00   0.28827E-02  -0.48439E-01
 0.47451E+00   0.28560E-02  -0.47692E-01
 0.47534E+00   0.27676E-02  -0.46954E-01
 0.47609E+00   0.25623E-02  -0.46223E-01
 0.47674E+00   0.21840E-02  -0.45521E-01
 0.47730E+00   0.15947E-02  -0.44965E-01
 0.47777E+00   0.81857E-03  -0.44673E-01
 0.47815E+00   0.00000E+00  -0.44533E-01
 0.15800E-02   0.12251E-01  -0.65000E-01
 0.21059E-01   0.12106E-01  -0.65000E-01
 0.39788E-01   0.11968E-01  -0.65000E-01
 0.57797E-01   0.11840E-01  -0.65000E-01
 0.75113E-01   0.11718E-01  -0.65000E-01
 0.91763E-01   0.11584E-01  -0.65000E-01
 0.10777E+00   0.11416E-01  -0.65000E-01
 0.12317E+00   0.11210E-01  -0.65000E-01
 0.13797E+00   0.10994E-01  -0.65000E-01
 0.15220E+00   0.10776E-01  -0.65000E-01
 0.16588E+00   0.10566E-01  -0.65000E-01
 0.17904E+00   0.10363E-01  -0.65000E-01
 0.19169E+00   0.10159E-01  -0.65000E-01
 0.20385E+00   0.99566E-02  -0.65000E-01
 0.21555E+00   0.97612E-02  -0.65000E-01
 0.22680E+00   0.95718E-02  -0.65000E-01
 0.23761E+00   0.93853E-02  -0.65000E-01
 0.24801E+00   0.92010E-02  -0.65000E-01
 0.25801E+00   0.90214E-02  -0.65000E-01
 0.26762E+00   0.88474E-02  -0.65000E-01
 0.27687E+00   0.86789E-02  -0.65000E-01
 0.28575E+00   0.85158E-02  -0.65000E-01
 0.29430E+00   0.83577E-02  -0.65000E-01
 0.30252E+00   0.82043E-02  -0.65000E-01
 0.31042E+00   0.80568E-02  -0.65000E-01
 0.31802E+00   0.79151E-02  -0.65000E-01
 0.32532E+00   0.77794E-02  -0.65000E-01
 0.33235E+00   0.76494E-02  -0.65000E-01
 0.33910E+00   0.75254E-02  -0.65000E-01
 0.34560E+00   0.74070E-02  -0.65000E-01
 0.35184E+00   0.72943E-02  -0.65000E-01
 0.35785E+00   0.71875E-02  -0.65000E-01
 0.36362E+00   0.70867E-02  -0.65000E-01
 0.36917E+00   0.69913E-02  -0.65000E-01
 0.37451E+00   0.69009E-02  -0.65000E-01
 0.37964E+00   0.68159E-02  -0.65000E-01
 0.38458E+00   0.67364E-02  -0.65000E-01
 0.38932E+00   0.66612E-02  -0.64999E-01
 0.39389E+00   0.65907E-02  -0.64983E-01
 0.39828E+00   0.65227E-02  -0.64935E-01
 0.40249E+00   0.64544E-02  -0.64850E-01
 0.40655E+00   0.63893E-02  -0.64767E-01
 0.41045E+00   0.63244E-02  -0.64662E-01
 0.41420E+00   0.62621E-02  -0.64552E-01
 0.41780E+00   0.61972E-02  -0.64418E-01
 0.42126E+00   0.61285E-02  -0.64253E-01
 0.42459E+00   0.60554E-02  -0.64065E-01
 0.42779E+00   0.59714E-02  -0.63855E-01
 0.43086E+00   0.58737E-02  -0.63629E-01
 0.43382E+00   0.57706E-02  -0.63399E-01
 0.43666E+00   0.56643E-02  -0.63167E-01
 0.43939E+00   0.55520E-02  -0.62931E-01
 0.44201E+00   0.54333E-02  -0.62697E-01
 0.44453E+00   0.53065E-02  -0.62468E-01
 0.44695E+00   0.51667E-02  -0.62241E-01
 0.44927E+00   0.49934E-02  -0.61999E-01
 0.45150E+00   0.47679E-02  -0.61734E-01
 0.45363E+00   0.44886E-02  -0.61441E-01
 0.45566E+00   0.41881E-02  -0.61103E-01
 0.45760E+00   0.39093E-02  -0.60679E-01
 0.45943E+00   0.36907E-02  -0.60119E-01
 0.46111E+00   0.35300E-02  -0.59378E-01
 0.46263E+00   0.34165E-02  -0.58452E-01
 0.46399E+00   0.33467E-02  -0.57413E-01
 0.46522E+00   0.33168E-02  -0.56326E-01
 0.46635E+00   0.33107E-02  -0.55220E-01
 0.46739E+00   0.33085E-02  -0.54107E-01
 0.46835E+00   0.33001E-02  -0.52998E-01
 0.46924E+00   0.33037E-02  -0.51907E-01
 0.47008E+00   0.33109E-02  -0.50850E-01
 0.47091E+00   0.32916E-02  -0.49844E-01
 0.47175E+00   0.32357E-02  -0.48920E-01
 0.47264E+00   0.31759E-02  -0.48116E-01
 0.47351E+00   0.30745E-02  -0.47363E-01
 0.47432E+00   0.28896E-02  -0.46627E-01
 0.47507E+00   0.25908E-02  -0.45928E-01
 0.47575E+00   0.21496E-02  -0.45293E-01
 0.47635E+00   0.15341E-02  -0.44813E-01
 0.47686E+00   0.78131E-03  -0.44540E-01
 0.47730E+00   0.00000E+00  -0.44377E-01
 0.15800E-02   0.14775E-01  -0.65000E-01
 0.21015E-01   0.14611E-01  -0.65000E-01
 0.39703E-01   0.14455E-01  -0.65000E-01
 0.57671E-01   0.14311E-01  -0.65000E-01
 0.74949E-01   0.14174E-01  -0.65000E-01
 0.91562E-01   0.14021E-01  -0.65000E-01
 0.10753E+00   0.13828E-01  -0.65000E-01
 0.12289E+00   0.13589E-01  -0.65000E-01
 0.13766E+00   0.13335E-01  -0.65000E-01
 0.15186E+00   0.13080E-01  -0.65000E-01
 0.16551E+00   0.12834E-01  -0.65000E-01
 0.17864E+00   0.12595E-01  -0.65000E-01
 0.19126E+00   0.12356E-01  -0.65000E-01
 0.20340E+00   0.12117E-01  -0.65000E-01
 0.21507E+00   0.11886E-01  -0.65000E-01
 0.22629E+00   0.11663E-01  -0.65000E-01
 0.23708E+00   0.11443E-01  -0.65000E-01
 0.24745E+00   0.11225E-01  -0.65000E-01
 0.25743E+00   0.11012E-01  -0.65000E-01
 0.26702E+00   0.10805E-01  -0.65000E-01
 0.27624E+00   0.10606E-01  -0.65000E-01
 0.28511E+00   0.10412E-01  -0.65000E-01
 0.29364E+00   0.10224E-01  -0.65000E-01
 0.30183E+00   0.10041E-01  -0.65000E-01
 0.30972E+00   0.98657E-02  -0.65000E-01
 0.31730E+00   0.96968E-02  -0.65000E-01
 0.32459E+00   0.95350E-02  -0.65000E-01
 0.33159E+00   0.93798E-02  -0.65000E-01
 0.33833E+00   0.92317E-02  -0.65000E-01
 0.34481E+00   0.90902E-02  -0.65000E-01
 0.35104E+00   0.89554E-02  -0.65000E-01
 0.35703E+00   0.88277E-02  -0.65000E-01
 0.36279E+00   0.87070E-02  -0.65000E-01
 0.36833E+00   0.85927E-02  -0.65000E-01
 0.37366E+00   0.84845E-02  -0.65000E-01
 0.37878E+00   0.83826E-02  -0.65000E-01
 0.38370E+00   0.82872E-02  -0.64997E-01
 0.38844E+00   0.81968E-02  -0.64973E-01
 0.39299E+00   0.81108E-02  -0.64918E-01
 0.39737E+00   0.80245E-02  -0.64803E-01
 0.40157E+00   0.79369E-02  -0.64657E-01
 0.40562E+00   0.78504E-02  -0.64518E-01
 0.40951E+00   0.77664E-02  -0.64375E-01
 0.41325E+00   0.76850E-02  -0.64227E-01
 0.41684E+00   0.75962E-02  -0.64042E-01
 0.42029E+00   0.75063E-02  -0.63841E-01
 0.42361E+00   0.74092E-02  -0.63610E-01
 0.42680E+00   0.72911E-02  -0.63336E-01
 0.42985E+00   0.71512E-02  -0.63034E-01
 0.43279E+00   0.70057E-02  -0.62740E-01
 0.43562E+00   0.68634E-02  -0.62459E-01
 0.43834E+00   0.67213E-02  -0.62187E-01
 0.44095E+00   0.65757E-02  -0.61920E-01
 0.44346E+00   0.64224E-02  -0.61660E-01
 0.44587E+00   0.62478E-02  -0.61396E-01
 0.44818E+00   0.60328E-02  -0.61113E-01
 0.45039E+00   0.57626E-02  -0.60806E-01
 0.45250E+00   0.54362E-02  -0.60484E-01
 0.45452E+00   0.50833E-02  -0.60141E-01
 0.45645E+00   0.47445E-02  -0.59759E-01
 0.45829E+00   0.44352E-02  -0.59280E-01
 0.46001E+00   0.41753E-02  -0.58660E-01
 0.46159E+00   0.40016E-02  -0.57875E-01
 0.46302E+00   0.39148E-02  -0.56947E-01
 0.46431E+00   0.38660E-02  -0.55935E-01
 0.46549E+00   0.38189E-02  -0.54883E-01
 0.46656E+00   0.37740E-02  -0.53811E-01
 0.46755E+00   0.37389E-02  -0.52735E-01
 0.46846E+00   0.37123E-02  -0.51664E-01
 0.46930E+00   0.36694E-02  -0.50611E-01
 0.47011E+00   0.35997E-02  -0.49599E-01
 0.47090E+00   0.35035E-02  -0.48640E-01
 0.47170E+00   0.33814E-02  -0.47750E-01
 0.47254E+00   0.32129E-02  -0.46977E-01
 0.47335E+00   0.29532E-02  -0.46271E-01
 0.47410E+00   0.25759E-02  -0.45608E-01
 0.47478E+00   0.20786E-02  -0.45029E-01
 0.47540E+00   0.14502E-02  -0.44590E-01
 0.47594E+00   0.73313E-03  -0.44295E-01
 0.47644E+00   0.00000E+00  -0.44074E-01
 0.15800E-02   0.17325E-01  -0.65000E-01
 0.20973E-01   0.17145E-01  -0.65000E-01
 0.39619E-01   0.16973E-01  -0.65000E-01
 0.57549E-01   0.16816E-01  -0.65000E-01
 0.74789E-01   0.16666E-01  -0.65000E-01
 0.91365E-01   0.16499E-01  -0.65000E-01
 0.10730E+00   0.16283E-01  -0.65000E-01
 0.12263E+00   0.16013E-01  -0.65000E-01
 0.13736E+00   0.15725E-01  -0.65000E-01
 0.15153E+00   0.15434E-01  -0.65000E-01
 0.16515E+00   0.15153E-01  -0.65000E-01
 0.17825E+00   0.14880E-01  -0.65000E-01
 0.19084E+00   0.14607E-01  -0.65000E-01
 0.20295E+00   0.14334E-01  -0.65000E-01
 0.21460E+00   0.14069E-01  -0.65000E-01
 0.22579E+00   0.13813E-01  -0.65000E-01
 0.23656E+00   0.13560E-01  -0.65000E-01
 0.24691E+00   0.13309E-01  -0.65000E-01
 0.25686E+00   0.13064E-01  -0.65000E-01
 0.26643E+00   0.12826E-01  -0.65000E-01
 0.27563E+00   0.12595E-01  -0.65000E-01
 0.28448E+00   0.12372E-01  -0.65000E-01
 0.29299E+00   0.12155E-01  -0.65000E-01
 0.30117E+00   0.11943E-01  -0.65000E-01
 0.30903E+00   0.11740E-01  -0.65000E-01
 0.31660E+00   0.11544E-01  -0.65000E-01
 0.32387E+00   0.11357E-01  -0.65000E-01
 0.33086E+00   0.11177E-01  -0.65000E-01
 0.33758E+00   0.11005E-01  -0.65000E-01
 0.34405E+00   0.10840E-01  -0.65000E-01
 0.35027E+00   0.10684E-01  -0.65000E-01
 0.35624E+00   0.10535E-01  -0.65000E-01
 0.36199E+00   0.10394E-01  -0.65000E-01
 0.36752E+00   0.10261E-01  -0.65001E-01
 0.37283E+00   0.10135E-01  -0.65006E-01
 0.37794E+00   0.10017E-01  -0.64996E-01
 0.38285E+00   0.99049E-02  -0.64968E-01
 0.38758E+00   0.97979E-02  -0.64895E-01
 0.39212E+00   0.96923E-02  -0.64776E-01
 0.39648E+00   0.95848E-02  -0.64598E-01
 0.40068E+00   0.94743E-02  -0.64388E-01
 0.40471E+00   0.93623E-02  -0.64187E-01
 0.40859E+00   0.92564E-02  -0.64003E-01
 0.41231E+00   0.91442E-02  -0.63790E-01
 0.41589E+00   0.90269E-02  -0.63555E-01
 0.41934E+00   0.89030E-02  -0.63296E-01
 0.42264E+00   0.87570E-02  -0.62986E-01
 0.42581E+00   0.85925E-02  -0.62645E-01
 0.42885E+00   0.84193E-02  -0.62299E-01
 0.43178E+00   0.82486E-02  -0.61973E-01
 0.43460E+00   0.80865E-02  -0.61671E-01
 0.43731E+00   0.79242E-02  -0.61377E-01
 0.43991E+00   0.77552E-02  -0.61084E-01
 0.44241E+00   0.75664E-02  -0.60785E-01
 0.44480E+00   0.73420E-02  -0.60472E-01
 0.44709E+00   0.70736E-02  -0.60142E-01
 0.44929E+00   0.67570E-02  -0.59798E-01
 0.45139E+00   0.63974E-02  -0.59449E-01
 0.45339E+00   0.60115E-02  -0.59102E-01
 0.45532E+00   0.56273E-02  -0.58737E-01
 0.45715E+00   0.52650E-02  -0.58319E-01
 0.45889E+00   0.49349E-02  -0.57797E-01
 0.46051E+00   0.46682E-02  -0.57140E-01
 0.46200E+00   0.45032E-02  -0.56335E-01
 0.46335E+00   0.44150E-02  -0.55413E-01
 0.46458E+00   0.43424E-02  -0.54426E-01
 0.46570E+00   0.42541E-02  -0.53407E-01
 0.46672E+00   0.41602E-02  -0.52371E-01
 0.46765E+00   0.40731E-02  -0.51331E-01
 0.46851E+00   0.39892E-02  -0.50297E-01
 0.46931E+00   0.38773E-02  -0.49286E-01
 0.47009E+00   0.37305E-02  -0.48324E-01
 0.47085E+00   0.35468E-02  -0.47419E-01
 0.47160E+00   0.33024E-02  -0.46580E-01
 0.47238E+00   0.29672E-02  -0.45869E-01
 0.47314E+00   0.25305E-02  -0.45270E-01
 0.47383E+00   0.20001E-02  -0.44734E-01
 0.47446E+00   0.14074E-02  -0.44268E-01
 0.47504E+00   0.73983E-03  -0.43925E-01
 0.47554E+00   0.00000E+00  -0.43752E-01
 0.15800E-02   0.19900E-01  -0.65000E-01
 0.20928E-01   0.19707E-01  -0.65000E-01
 0.39532E-01   0.19523E-01  -0.65000E-01
 0.57420E-01   0.19356E-01  -0.65000E-01
 0.74621E-01   0.19196E-01  -0.65000E-01
 0.91159E-01   0.19016E-01  -0.65000E-01
 0.10706E+00   0.18781E-01  -0.65000E-01
 0.12235E+00   0.18482E-01  -0.65000E-01
 0.13705E+00   0.18162E-01  -0.65000E-01
 0.15118E+00   0.17837E-01  -0.65000E-01
 0.16477E+00   0.17524E-01  -0.65000E-01
 0.17784E+00   0.17219E-01  -0.65000E-01
 0.19041E+00   0.16914E-01  -0.65000E-01
 0.20249E+00   0.16607E-01  -0.65000E-01
 0.21410E+00   0.16310E-01  -0.65000E-01
 0.22527E+00   0.16022E-01  -0.65000E-01
 0.23601E+00   0.15738E-01  -0.65000E-01
 0.24634E+00   0.15455E-01  -0.65000E-01
 0.25627E+00   0.15179E-01  -0.65000E-01
 0.26581E+00   0.14910E-01  -0.65000E-01
 0.27499E+00   0.14649E-01  -0.65000E-01
 0.28382E+00   0.14396E-01  -0.65000E-01
 0.29231E+00   0.14151E-01  -0.65000E-01
 0.30047E+00   0.13912E-01  -0.65000E-01
 0.30832E+00   0.13681E-01  -0.65000E-01
 0.31586E+00   0.13459E-01  -0.65000E-01
 0.32312E+00   0.13246E-01  -0.65000E-01
 0.33009E+00   0.13041E-01  -0.65000E-01
 0.33680E+00   0.12845E-01  -0.65000E-01
 0.34325E+00   0.12659E-01  -0.65000E-01
 0.34945E+00   0.12480E-01  -0.65000E-01
 0.35541E+00   0.12311E-01  -0.65000E-01
 0.36115E+00   0.12150E-01  -0.65002E-01
 0.36666E+00   0.11999E-01  -0.65002E-01
 0.37196E+00   0.11855E-01  -0.64988E-01
 0.37706E+00   0.11718E-01  -0.64945E-01
 0.38196E+00   0.11587E-01  -0.64861E-01
 0.38667E+00   0.11461E-01  -0.64733E-01
 0.39120E+00   0.11329E-01  -0.64532E-01
 0.39555E+00   0.11196E-01  -0.64296E-01
 0.39973E+00   0.11057E-01  -0.64015E-01
 0.40375E+00   0.10918E-01  -0.63757E-01
 0.40761E+00   0.10774E-01  -0.63497E-01
 0.41132E+00   0.10620E-01  -0.63209E-01
 0.41489E+00   0.10460E-01  -0.62909E-01
 0.41831E+00   0.10275E-01  -0.62562E-01
 0.42160E+00   0.10072E-01  -0.62185E-01
 0.42475E+00   0.98695E-02  -0.61805E-01
 0.42779E+00   0.96809E-02  -0.61446E-01
 0.43071E+00   0.94934E-02  -0.61104E-01
 0.43351E+00   0.93027E-02  -0.60774E-01
 0.43621E+00   0.91044E-02  -0.60447E-01
 0.43879E+00   0.88882E-02  -0.60112E-01
 0.44128E+00   0.86473E-02  -0.59768E-01
 0.44365E+00   0.83725E-02  -0.59415E-01
 0.44593E+00   0.80618E-02  -0.59054E-01
 0.44811E+00   0.77163E-02  -0.58692E-01
 0.45020E+00   0.73392E-02  -0.58331E-01
 0.45220E+00   0.69447E-02  -0.57982E-01
 0.45412E+00   0.65402E-02  -0.57631E-01
 0.45595E+00   0.61289E-02  -0.57250E-01
 0.45769E+00   0.57526E-02  -0.56806E-01
 0.45935E+00   0.54530E-02  -0.56270E-01
 0.46089E+00   0.52129E-02  -0.55605E-01
 0.46230E+00   0.50065E-02  -0.54791E-01
 0.46356E+00   0.48289E-02  -0.53875E-01
 0.46472E+00   0.46801E-02  -0.52913E-01
 0.46578E+00   0.45515E-02  -0.51934E-01
 0.46676E+00   0.44254E-02  -0.50944E-01
 0.46765E+00   0.42869E-02  -0.49949E-01
 0.46847E+00   0.41251E-02  -0.48961E-01
 0.46923E+00   0.39301E-02  -0.47998E-01
 0.46997E+00   0.36939E-02  -0.47092E-01
 0.47070E+00   0.33859E-02  -0.46260E-01
 0.47140E+00   0.29772E-02  -0.45512E-01
 0.47211E+00   0.24914E-02  -0.44890E-01
 0.47283E+00   0.19563E-02  -0.44401E-01
 0.47349E+00   0.13723E-02  -0.43966E-01
 0.47407E+00   0.71587E-03  -0.43626E-01
 0.47459E+00   0.00000E+00  -0.43414E-01
 0.15800E-02   0.22500E-01  -0.65000E-01
 0.20885E-01   0.22299E-01  -0.65000E-01
 0.39448E-01   0.22105E-01  -0.65000E-01
 0.57298E-01   0.21931E-01  -0.65000E-01
 0.74462E-01   0.21764E-01  -0.65000E-01
 0.90965E-01   0.21574E-01  -0.65000E-01
 0.10683E+00   0.21323E-01  -0.65000E-01
 0.12209E+00   0.20998E-01  -0.65000E-01
 0.13676E+00   0.20647E-01  -0.65000E-01
 0.15086E+00   0.20291E-01  -0.65000E-01
 0.16442E+00   0.19946E-01  -0.65000E-01
 0.17746E+00   0.19611E-01  -0.65000E-01
 0.19000E+00   0.19274E-01  -0.65000E-01
 0.20205E+00   0.18936E-01  -0.65000E-01
 0.21364E+00   0.18607E-01  -0.65000E-01
 0.22479E+00   0.18289E-01  -0.65000E-01
 0.23550E+00   0.17974E-01  -0.65000E-01
 0.24581E+00   0.17662E-01  -0.65000E-01
 0.25571E+00   0.17354E-01  -0.65000E-01
 0.26524E+00   0.17056E-01  -0.65000E-01
 0.27440E+00   0.16766E-01  -0.65000E-01
 0.28320E+00   0.16484E-01  -0.65000E-01
 0.29167E+00   0.16210E-01  -0.65000E-01
 0.29982E+00   0.15944E-01  -0.65000E-01
 0.30764E+00   0.15686E-01  -0.65000E-01
 0.31517E+00   0.15438E-01  -0.65000E-01
 0.32241E+00   0.15200E-01  -0.65000E-01
 0.32937E+00   0.14971E-01  -0.65000E-01
 0.33606E+00   0.14752E-01  -0.65000E-01
 0.34250E+00   0.14543E-01  -0.64999E-01
 0.34869E+00   0.14343E-01  -0.64986E-01
 0.35464E+00   0.14152E-01  -0.64972E-01
 0.36036E+00   0.13972E-01  -0.64959E-01
 0.36586E+00   0.13800E-01  -0.64923E-01
 0.37115E+00   0.13635E-01  -0.64854E-01
 0.37623E+00   0.13475E-01  -0.64757E-01
 0.38112E+00   0.13320E-01  -0.64612E-01
 0.38582E+00   0.13163E-01  -0.64407E-01
 0.39033E+00   0.13002E-01  -0.64146E-01
 0.39467E+00   0.12836E-01  -0.63842E-01
 0.39883E+00   0.12669E-01  -0.63515E-01
 0.40284E+00   0.12489E-01  -0.63178E-01
 0.40668E+00   0.12292E-01  -0.62826E-01
 0.41038E+00   0.12084E-01  -0.62462E-01
 0.41392E+00   0.11849E-01  -0.62061E-01
 0.41732E+00   0.11595E-01  -0.61640E-01
 0.42059E+00   0.11347E-01  -0.61225E-01
 0.42374E+00   0.11110E-01  -0.60818E-01
 0.42676E+00   0.10878E-01  -0.60424E-01
 0.42966E+00   0.10649E-01  -0.60048E-01
 0.43246E+00   0.10411E-01  -0.59682E-01
 0.43514E+00   0.10162E-01  -0.59317E-01
 0.43771E+00   0.99004E-02  -0.58953E-01
 0.44018E+00   0.96221E-02  -0.58586E-01
 0.44255E+00   0.93127E-02  -0.58214E-01
 0.44481E+00   0.89639E-02  -0.57835E-01
 0.44698E+00   0.85806E-02  -0.57456E-01
 0.44905E+00   0.81776E-02  -0.57086E-01
 0.45104E+00   0.77625E-02  -0.56729E-01
 0.45295E+00   0.73351E-02  -0.56382E-01
 0.45478E+00   0.69072E-02  -0.56027E-01
 0.45652E+00   0.64968E-02  -0.55638E-01
 0.45819E+00   0.61285E-02  -0.55183E-01
 0.45976E+00   0.58134E-02  -0.54630E-01
 0.46122E+00   0.55403E-02  -0.53949E-01
 0.46254E+00   0.52999E-02  -0.53139E-01
 0.46374E+00   0.50875E-02  -0.52251E-01
 0.46484E+00   0.48980E-02  -0.51327E-01
 0.46586E+00   0.47190E-02  -0.50391E-01
 0.46679E+00   0.45330E-02  -0.49449E-01
 0.46765E+00   0.43264E-02  -0.48505E-01
 0.46842E+00   0.40826E-02  -0.47570E-01
 0.46915E+00   0.37841E-02  -0.46670E-01
 0.46985E+00   0.34124E-02  -0.45846E-01
 0.47055E+00   0.29632E-02  -0.45122E-01
 0.47121E+00   0.24319E-02  -0.44487E-01
 0.47186E+00   0.18497E-02  -0.43961E-01
 0.47253E+00   0.12595E-02  -0.43562E-01
 0.47315E+00   0.64232E-03  -0.43217E-01
 0.47369E+00   0.00000E+00  -0.42879E-01
 0.15800E-02   0.25127E-01  -0.65000E-01
 0.20845E-01   0.24919E-01  -0.65000E-01
 0.39369E-01   0.24720E-01  -0.65000E-01
 0.57182E-01   0.24540E-01  -0.65000E-01
 0.74310E-01   0.24370E-01  -0.65000E-01
 0.90778E-01   0.24173E-01  -0.65000E-01
 0.10661E+00   0.23908E-01  -0.65000E-01
 0.12183E+00   0.23558E-01  -0.65000E-01
 0.13647E+00   0.23180E-01  -0.65000E-01
 0.15054E+00   0.22793E-01  -0.65000E-01
 0.16408E+00   0.22419E-01  -0.65000E-01
 0.17709E+00   0.22055E-01  -0.65000E-01
 0.18960E+00   0.21690E-01  -0.65000E-01
 0.20163E+00   0.21321E-01  -0.65000E-01
 0.21319E+00   0.20962E-01  -0.65000E-01
 0.22431E+00   0.20614E-01  -0.65000E-01
 0.23500E+00   0.20270E-01  -0.65000E-01
 0.24529E+00   0.19928E-01  -0.65000E-01
 0.25517E+00   0.19591E-01  -0.65000E-01
 0.26468E+00   0.19263E-01  -0.65000E-01
 0.27382E+00   0.18945E-01  -0.65000E-01
 0.28260E+00   0.18635E-01  -0.65000E-01
 0.29105E+00   0.18334E-01  -0.65000E-01
 0.29918E+00   0.18041E-01  -0.65000E-01
 0.30699E+00   0.17757E-01  -0.65000E-01
 0.31450E+00   0.17483E-01  -0.65000E-01
 0.32172E+00   0.17220E-01  -0.65000E-01
 0.32867E+00   0.16967E-01  -0.65000E-01
 0.33535E+00   0.16725E-01  -0.64990E-01
 0.34177E+00   0.16492E-01  -0.64956E-01
 0.34794E+00   0.16269E-01  -0.64896E-01
 0.35388E+00   0.16055E-01  -0.64826E-01
 0.35959E+00   0.15851E-01  -0.64762E-01
 0.36507E+00   0.15654E-01  -0.64680E-01
 0.37035E+00   0.15461E-01  -0.64557E-01
 0.37542E+00   0.15270E-01  -0.64385E-01
 0.38029E+00   0.15077E-01  -0.64164E-01
 0.38498E+00   0.14883E-01  -0.63891E-01
 0.38947E+00   0.14681E-01  -0.63563E-01
 0.39380E+00   0.14474E-01  -0.63197E-01
 0.39795E+00   0.14263E-01  -0.62809E-01
 0.40193E+00   0.14028E-01  -0.62388E-01
 0.40576E+00   0.13778E-01  -0.61968E-01
 0.40943E+00   0.13483E-01  -0.61502E-01
 0.41295E+00   0.13171E-01  -0.61026E-01
 0.41633E+00   0.12861E-01  -0.60559E-01
 0.41959E+00   0.12561E-01  -0.60107E-01
 0.42271E+00   0.12268E-01  -0.59663E-01
 0.42572E+00   0.11992E-01  -0.59240E-01
 0.42861E+00   0.11724E-01  -0.58838E-01
 0.43139E+00   0.11455E-01  -0.58453E-01
 0.43406E+00   0.11180E-01  -0.58076E-01
 0.43662E+00   0.10882E-01  -0.57694E-01
 0.43908E+00   0.10547E-01  -0.57300E-01
 0.44142E+00   0.10173E-01  -0.56899E-01
 0.44367E+00   0.97699E-02  -0.56501E-01
 0.44582E+00   0.93489E-02  -0.56110E-01
 0.44789E+00   0.89164E-02  -0.55733E-01
 0.44987E+00   0.84727E-02  -0.55370E-01
 0.45176E+00   0.80208E-02  -0.55022E-01
 0.45358E+00   0.75686E-02  -0.54680E-01
 0.45533E+00   0.71312E-02  -0.54325E-01
 0.45699E+00   0.67198E-02  -0.53932E-01
 0.45858E+00   0.63416E-02  -0.53471E-01
 0.46007E+00   0.60045E-02  -0.52913E-01
 0.46145E+00   0.57173E-02  -0.52235E-01
 0.46271E+00   0.54751E-02  -0.51446E-01
 0.46385E+00   0.52518E-02  -0.50593E-01
 0.46491E+00   0.50232E-02  -0.49715E-01
 0.46588E+00   0.47740E-02  -0.48830E-01
 0.46677E+00   0.44964E-02  -0.47945E-01
 0.46759E+00   0.41824E-02  -0.47066E-01
 0.46832E+00   0.38256E-02  -0.46204E-01
 0.46901E+00   0.33988E-02  -0.45394E-01
 0.46967E+00   0.29042E-02  -0.44669E-01
 0.47033E+00   0.23558E-02  -0.44056E-01
 0.47097E+00   0.17610E-02  -0.43536E-01
 0.47158E+00   0.11451E-02  -0.43077E-01
 0.47218E+00   0.55376E-03  -0.42662E-01
 0.47278E+00   0.00000E+00  -0.42276E-01
 0.15800E-02   0.27780E-01  -0.65000E-01
 0.20804E-01   0.27569E-01  -0.65000E-01
 0.39289E-01   0.27366E-01  -0.65000E-01
 0.57064E-01   0.27185E-01  -0.65000E-01
 0.74155E-01   0.27014E-01  -0.65000E-01
 0.90588E-01   0.26812E-01  -0.65000E-01
 0.10639E+00   0.26536E-01  -0.65000E-01
 0.12158E+00   0.26165E-01  -0.65000E-01
 0.13618E+00   0.25760E-01  -0.65000E-01
 0.15023E+00   0.25346E-01  -0.65000E-01
 0.16373E+00   0.24944E-01  -0.65000E-01
 0.17671E+00   0.24553E-01  -0.65000E-01
 0.18919E+00   0.24160E-01  -0.65000E-01
 0.20120E+00   0.23762E-01  -0.65000E-01
 0.21274E+00   0.23374E-01  -0.65000E-01
 0.22383E+00   0.22998E-01  -0.65000E-01
 0.23450E+00   0.22626E-01  -0.65000E-01
 0.24476E+00   0.22256E-01  -0.65000E-01
 0.25462E+00   0.21890E-01  -0.65000E-01
 0.26411E+00   0.21534E-01  -0.65000E-01
 0.27323E+00   0.21188E-01  -0.65000E-01
 0.28199E+00   0.20850E-01  -0.65000E-01
 0.29043E+00   0.20523E-01  -0.65000E-01
 0.29853E+00   0.20203E-01  -0.65000E-01
 0.30633E+00   0.19893E-01  -0.65000E-01
 0.31382E+00   0.19594E-01  -0.65000E-01
 0.32103E+00   0.19306E-01  -0.64993E-01
 0.32796E+00   0.19029E-01  -0.64964E-01
 0.33462E+00   0.18762E-01  -0.64903E-01
 0.34102E+00   0.18505E-01  -0.64820E-01
 0.34718E+00   0.18256E-01  -0.64705E-01
 0.35310E+00   0.18014E-01  -0.64570E-01
 0.35880E+00   0.17778E-01  -0.64436E-01
 0.36427E+00   0.17547E-01  -0.64281E-01
 0.36953E+00   0.17317E-01  -0.64079E-01
 0.37459E+00   0.17083E-01  -0.63828E-01
 0.37944E+00   0.16842E-01  -0.63523E-01
 0.38411E+00   0.16594E-01  -0.63167E-01
 0.38859E+00   0.16341E-01  -0.62774E-01
 0.39289E+00   0.16083E-01  -0.62346E-01
 0.39702E+00   0.15815E-01  -0.61894E-01
 0.40099E+00   0.15528E-01  -0.61417E-01
 0.40479E+00   0.15193E-01  -0.60906E-01
 0.40844E+00   0.14835E-01  -0.60387E-01
 0.41194E+00   0.14477E-01  -0.59877E-01
 0.41531E+00   0.14119E-01  -0.59379E-01
 0.41855E+00   0.13759E-01  -0.58888E-01
 0.42166E+00   0.13409E-01  -0.58410E-01
 0.42464E+00   0.13067E-01  -0.57950E-01
 0.42752E+00   0.12751E-01  -0.57524E-01
 0.43029E+00   0.12432E-01  -0.57114E-01
 0.43294E+00   0.12087E-01  -0.56705E-01
 0.43548E+00   0.11713E-01  -0.56295E-01
 0.43791E+00   0.11303E-01  -0.55877E-01
 0.44024E+00   0.10876E-01  -0.55463E-01
 0.44248E+00   0.10436E-01  -0.55057E-01
 0.44462E+00   0.99812E-02  -0.54662E-01
 0.44667E+00   0.95182E-02  -0.54282E-01
 0.44864E+00   0.90483E-02  -0.53918E-01
 0.45052E+00   0.85745E-02  -0.53570E-01
 0.45234E+00   0.81064E-02  -0.53236E-01
 0.45408E+00   0.76528E-02  -0.52904E-01
 0.45574E+00   0.72209E-02  -0.52555E-01
 0.45734E+00   0.68173E-02  -0.52165E-01
 0.45885E+00   0.64475E-02  -0.51707E-01
 0.46027E+00   0.61131E-02  -0.51158E-01
 0.46159E+00   0.58142E-02  -0.50498E-01
 0.46279E+00   0.55392E-02  -0.49741E-01
 0.46388E+00   0.52620E-02  -0.48934E-01
 0.46489E+00   0.49607E-02  -0.48113E-01
 0.46582E+00   0.46239E-02  -0.47294E-01
 0.46667E+00   0.42441E-02  -0.46486E-01
 0.46745E+00   0.38220E-02  -0.45695E-01
 0.46816E+00   0.33523E-02  -0.44930E-01
 0.46881E+00   0.28318E-02  -0.44216E-01
 0.46943E+00   0.22652E-02  -0.43580E-01
 0.47006E+00   0.16760E-02  -0.43042E-01
 0.47068E+00   0.10926E-02  -0.42570E-01
 0.47127E+00   0.53341E-03  -0.42107E-01
 0.47184E+00   0.00000E+00  -0.41646E-01
 0.15800E-02   0.30459E-01  -0.65000E-01
 0.20773E-01   0.30248E-01  -0.65000E-01
 0.39228E-01   0.30045E-01  -0.65000E-01
 0.56974E-01   0.29865E-01  -0.65000E-01
 0.74038E-01   0.29695E-01  -0.65000E-01
 0.90444E-01   0.29492E-01  -0.65000E-01
 0.10622E+00   0.29206E-01  -0.65000E-01
 0.12138E+00   0.28816E-01  -0.65000E-01
 0.13596E+00   0.28387E-01  -0.65000E-01
 0.14998E+00   0.27946E-01  -0.65000E-01
 0.16346E+00   0.27518E-01  -0.65000E-01
 0.17642E+00   0.27101E-01  -0.65000E-01
 0.18888E+00   0.26682E-01  -0.65000E-01
 0.20087E+00   0.26256E-01  -0.65000E-01
 0.21239E+00   0.25840E-01  -0.65000E-01
 0.22346E+00   0.25437E-01  -0.65000E-01
 0.23412E+00   0.25038E-01  -0.65000E-01
 0.24436E+00   0.24639E-01  -0.65000E-01
 0.25420E+00   0.24245E-01  -0.65000E-01
 0.26367E+00   0.23862E-01  -0.65000E-01
 0.27277E+00   0.23488E-01  -0.65000E-01
 0.28153E+00   0.23124E-01  -0.65000E-01
 0.28994E+00   0.22770E-01  -0.65000E-01
 0.29803E+00   0.22424E-01  -0.65000E-01
 0.30581E+00   0.22088E-01  -0.65000E-01
 0.31330E+00   0.21763E-01  -0.64970E-01
 0.32049E+00   0.21450E-01  -0.64908E-01
 0.32741E+00   0.21146E-01  -0.64820E-01
 0.33406E+00   0.20852E-01  -0.64705E-01
 0.34045E+00   0.20565E-01  -0.64559E-01
 0.34659E+00   0.20285E-01  -0.64379E-01
 0.35250E+00   0.20011E-01  -0.64186E-01
 0.35818E+00   0.19739E-01  -0.63973E-01
 0.36364E+00   0.19462E-01  -0.63720E-01
 0.36889E+00   0.19176E-01  -0.63413E-01
 0.37392E+00   0.18884E-01  -0.63067E-01
 0.37876E+00   0.18583E-01  -0.62678E-01
 0.38341E+00   0.18279E-01  -0.62254E-01
 0.38788E+00   0.17974E-01  -0.61806E-01
 0.39216E+00   0.17665E-01  -0.61330E-01
 0.39628E+00   0.17329E-01  -0.60811E-01
 0.40022E+00   0.16958E-01  -0.60254E-01
 0.40400E+00   0.16562E-01  -0.59693E-01
 0.40763E+00   0.16139E-01  -0.59128E-01
 0.41111E+00   0.15697E-01  -0.58563E-01
 0.41445E+00   0.15234E-01  -0.58001E-01
 0.41765E+00   0.14768E-01  -0.57454E-01
 0.42074E+00   0.14334E-01  -0.56937E-01
 0.42372E+00   0.13937E-01  -0.56455E-01
 0.42658E+00   0.13554E-01  -0.56003E-01
 0.42932E+00   0.13159E-01  -0.55570E-01
 0.43196E+00   0.12737E-01  -0.55144E-01
 0.43448E+00   0.12292E-01  -0.54722E-01
 0.43690E+00   0.11836E-01  -0.54302E-01
 0.43922E+00   0.11370E-01  -0.53886E-01
 0.44144E+00   0.10890E-01  -0.53479E-01
 0.44357E+00   0.10400E-01  -0.53086E-01
 0.44561E+00   0.99035E-02  -0.52708E-01
 0.44757E+00   0.94062E-02  -0.52347E-01
 0.44945E+00   0.89164E-02  -0.52003E-01
 0.45126E+00   0.84406E-02  -0.51674E-01
 0.45299E+00   0.79837E-02  -0.51355E-01
 0.45466E+00   0.75483E-02  -0.51031E-01
 0.45626E+00   0.71371E-02  -0.50684E-01
 0.45779E+00   0.67541E-02  -0.50291E-01
 0.45923E+00   0.63997E-02  -0.49830E-01
 0.46059E+00   0.60616E-02  -0.49282E-01
 0.46183E+00   0.57273E-02  -0.48633E-01
 0.46296E+00   0.53831E-02  -0.47911E-01
 0.46400E+00   0.50146E-02  -0.47158E-01
 0.46496E+00   0.46112E-02  -0.46409E-01
 0.46584E+00   0.41673E-02  -0.45674E-01
 0.46666E+00   0.36881E-02  -0.44957E-01
 0.46740E+00   0.31731E-02  -0.44260E-01
 0.46807E+00   0.26282E-02  -0.43587E-01
 0.46869E+00   0.20568E-02  -0.42957E-01
 0.46929E+00   0.14744E-02  -0.42381E-01
 0.46988E+00   0.92981E-03  -0.41832E-01
 0.47047E+00   0.44509E-03  -0.41291E-01
 0.47105E+00   0.00000E+00  -0.40765E-01
 0.15800E-02   0.33166E-01  -0.65000E-01
 0.20744E-01   0.32957E-01  -0.65000E-01
 0.39170E-01   0.32757E-01  -0.65000E-01
 0.56889E-01   0.32580E-01  -0.65000E-01
 0.73926E-01   0.32415E-01  -0.65000E-01
 0.90308E-01   0.32212E-01  -0.65000E-01
 0.10606E+00   0.31920E-01  -0.65000E-01
 0.12120E+00   0.31512E-01  -0.65000E-01
 0.13576E+00   0.31061E-01  -0.65000E-01
 0.14975E+00   0.30596E-01  -0.65000E-01
 0.16321E+00   0.30143E-01  -0.65000E-01
 0.17615E+00   0.29702E-01  -0.65000E-01
 0.18859E+00   0.29257E-01  -0.65000E-01
 0.20055E+00   0.28805E-01  -0.65000E-01
 0.21206E+00   0.28363E-01  -0.65000E-01
 0.22312E+00   0.27933E-01  -0.65000E-01
 0.23375E+00   0.27508E-01  -0.65000E-01
 0.24397E+00   0.27082E-01  -0.65000E-01
 0.25380E+00   0.26661E-01  -0.65000E-01
 0.26325E+00   0.26250E-01  -0.65000E-01
 0.27234E+00   0.25849E-01  -0.65000E-01
 0.28108E+00   0.25459E-01  -0.65000E-01
 0.28948E+00   0.25079E-01  -0.65000E-01
 0.29756E+00   0.24707E-01  -0.64984E-01
 0.30533E+00   0.24344E-01  -0.64905E-01
 0.31280E+00   0.23991E-01  -0.64810E-01
 0.31998E+00   0.23649E-01  -0.64697E-01
 0.32688E+00   0.23316E-01  -0.64558E-01
 0.33352E+00   0.22989E-01  -0.64375E-01
 0.33990E+00   0.22668E-01  -0.64163E-01
 0.34603E+00   0.22351E-01  -0.63911E-01
 0.35192E+00   0.22034E-01  -0.63630E-01
 0.35758E+00   0.21706E-01  -0.63310E-01
 0.36303E+00   0.21368E-01  -0.62949E-01
 0.36825E+00   0.21025E-01  -0.62559E-01
 0.37327E+00   0.20673E-01  -0.62134E-01
 0.37810E+00   0.20319E-01  -0.61688E-01
 0.38273E+00   0.19960E-01  -0.61211E-01
 0.38718E+00   0.19597E-01  -0.60708E-01
 0.39144E+00   0.19191E-01  -0.60138E-01
 0.39552E+00   0.18766E-01  -0.59543E-01
 0.39944E+00   0.18310E-01  -0.58924E-01
 0.40320E+00   0.17819E-01  -0.58298E-01
 0.40680E+00   0.17294E-01  -0.57674E-01
 0.41025E+00   0.16746E-01  -0.57055E-01
 0.41357E+00   0.16217E-01  -0.56465E-01
 0.41676E+00   0.15719E-01  -0.55909E-01
 0.41983E+00   0.15236E-01  -0.55378E-01
 0.42278E+00   0.14740E-01  -0.54861E-01
 0.42561E+00   0.14250E-01  -0.54375E-01
 0.42834E+00   0.13762E-01  -0.53920E-01
 0.43095E+00   0.13272E-01  -0.53486E-01
 0.43346E+00   0.12774E-01  -0.53062E-01
 0.43587E+00   0.12263E-01  -0.52643E-01
 0.43817E+00   0.11737E-01  -0.52230E-01
 0.44038E+00   0.11200E-01  -0.51828E-01
 0.44249E+00   0.10658E-01  -0.51439E-01
 0.44452E+00   0.10119E-01  -0.51067E-01
 0.44647E+00   0.95904E-02  -0.50713E-01
 0.44834E+00   0.90787E-02  -0.50375E-01
 0.45014E+00   0.85905E-02  -0.50052E-01
 0.45188E+00   0.81284E-02  -0.49741E-01
 0.45354E+00   0.76927E-02  -0.49433E-01
 0.45515E+00   0.72811E-02  -0.49116E-01
 0.45668E+00   0.68905E-02  -0.48772E-01
 0.45814E+00   0.65182E-02  -0.48381E-01
 0.45952E+00   0.61548E-02  -0.47928E-01
 0.46081E+00   0.57799E-02  -0.47397E-01
 0.46198E+00   0.53778E-02  -0.46786E-01
 0.46305E+00   0.49461E-02  -0.46124E-01
 0.46404E+00   0.44868E-02  -0.45448E-01
 0.46495E+00   0.39990E-02  -0.44784E-01
 0.46580E+00   0.34889E-02  -0.44137E-01
 0.46658E+00   0.29594E-02  -0.43501E-01
 0.46729E+00   0.24173E-02  -0.42872E-01
 0.46794E+00   0.18670E-02  -0.42249E-01
 0.46854E+00   0.13202E-02  -0.41646E-01
 0.46913E+00   0.79786E-03  -0.41073E-01
 0.46970E+00   0.34763E-03  -0.40485E-01
 0.47023E+00   0.00000E+00  -0.39852E-01
 0.15800E-02   0.35899E-01  -0.65000E-01
 0.20721E-01   0.35696E-01  -0.65000E-01
 0.39126E-01   0.35501E-01  -0.65000E-01
 0.56824E-01   0.35331E-01  -0.65000E-01
 0.73842E-01   0.35172E-01  -0.65000E-01
 0.90204E-01   0.34973E-01  -0.65000E-01
 0.10594E+00   0.34677E-01  -0.65000E-01
 0.12106E+00   0.34253E-01  -0.65000E-01
 0.13560E+00   0.33782E-01  -0.65000E-01
 0.14958E+00   0.33293E-01  -0.65000E-01
 0.16302E+00   0.32818E-01  -0.65000E-01
 0.17594E+00   0.32353E-01  -0.65000E-01
 0.18837E+00   0.31885E-01  -0.65000E-01
 0.20031E+00   0.31407E-01  -0.65000E-01
 0.21180E+00   0.30939E-01  -0.65000E-01
 0.22285E+00   0.30483E-01  -0.65000E-01
 0.23347E+00   0.30033E-01  -0.65000E-01
 0.24368E+00   0.29581E-01  -0.65000E-01
 0.25349E+00   0.29133E-01  -0.65000E-01
 0.26293E+00   0.28696E-01  -0.65000E-01
 0.27201E+00   0.28269E-01  -0.65000E-01
 0.28074E+00   0.27852E-01  -0.64994E-01
 0.28913E+00   0.27446E-01  -0.64956E-01
 0.29719E+00   0.27046E-01  -0.64859E-01
 0.30495E+00   0.26651E-01  -0.64694E-01
 0.31241E+00   0.26268E-01  -0.64543E-01
 0.31958E+00   0.25894E-01  -0.64373E-01
 0.32647E+00   0.25525E-01  -0.64163E-01
 0.33309E+00   0.25161E-01  -0.63906E-01
 0.33946E+00   0.24797E-01  -0.63611E-01
 0.34557E+00   0.24431E-01  -0.63269E-01
 0.35145E+00   0.24053E-01  -0.62875E-01
 0.35710E+00   0.23661E-01  -0.62451E-01
 0.36252E+00   0.23260E-01  -0.62002E-01
 0.36773E+00   0.22859E-01  -0.61543E-01
 0.37274E+00   0.22449E-01  -0.61057E-01
 0.37754E+00   0.22027E-01  -0.60539E-01
 0.38215E+00   0.21578E-01  -0.59976E-01
 0.38657E+00   0.21092E-01  -0.59359E-01
 0.39080E+00   0.20592E-01  -0.58723E-01
 0.39486E+00   0.20065E-01  -0.58062E-01
 0.39875E+00   0.19521E-01  -0.57393E-01
 0.40248E+00   0.18927E-01  -0.56716E-01
 0.40606E+00   0.18324E-01  -0.56058E-01
 0.40950E+00   0.17733E-01  -0.55428E-01
 0.41280E+00   0.17142E-01  -0.54819E-01
 0.41597E+00   0.16551E-01  -0.54233E-01
 0.41901E+00   0.15967E-01  -0.53674E-01
 0.42194E+00   0.15391E-01  -0.53139E-01
 0.42475E+00   0.14815E-01  -0.52636E-01
 0.42745E+00   0.14242E-01  -0.52167E-01
 0.43005E+00   0.13669E-01  -0.51727E-01
 0.43254E+00   0.13094E-01  -0.51304E-01
 0.43492E+00   0.12515E-01  -0.50892E-01
 0.43721E+00   0.11926E-01  -0.50488E-01
 0.43940E+00   0.11333E-01  -0.50095E-01
 0.44150E+00   0.10745E-01  -0.49716E-01
 0.44352E+00   0.10170E-01  -0.49352E-01
 0.44546E+00   0.96112E-02  -0.49006E-01
 0.44732E+00   0.90748E-02  -0.48676E-01
 0.44912E+00   0.85676E-02  -0.48361E-01
 0.45085E+00   0.80930E-02  -0.48057E-01
 0.45251E+00   0.76506E-02  -0.47761E-01
 0.45412E+00   0.72371E-02  -0.47462E-01
 0.45565E+00   0.68470E-02  -0.47148E-01
 0.45712E+00   0.64665E-02  -0.46806E-01
 0.45852E+00   0.60797E-02  -0.46423E-01
 0.45982E+00   0.56725E-02  -0.45987E-01
 0.46104E+00   0.52324E-02  -0.45489E-01
 0.46214E+00   0.47551E-02  -0.44932E-01
 0.46316E+00   0.42511E-02  -0.44339E-01
 0.46409E+00   0.37300E-02  -0.43734E-01
 0.46497E+00   0.32016E-02  -0.43135E-01
 0.46578E+00   0.26712E-02  -0.42543E-01
 0.46653E+00   0.21454E-02  -0.41953E-01
 0.46723E+00   0.16287E-02  -0.41360E-01
 0.46787E+00   0.11267E-02  -0.40761E-01
 0.46846E+00   0.66968E-03  -0.40141E-01
 0.46901E+00   0.30078E-03  -0.39482E-01
 0.46952E+00   0.00000E+00  -0.38809E-01
 0.15800E-02   0.38660E-01  -0.65000E-01
 0.20706E-01   0.38465E-01  -0.65000E-01
 0.39097E-01   0.38279E-01  -0.65000E-01
 0.56782E-01   0.38118E-01  -0.65000E-01
 0.73787E-01   0.37969E-01  -0.65000E-01
 0.90137E-01   0.37774E-01  -0.65000E-01
 0.10586E+00   0.37476E-01  -0.65000E-01
 0.12097E+00   0.37039E-01  -0.65000E-01
 0.13549E+00   0.36548E-01  -0.65000E-01
 0.14946E+00   0.36038E-01  -0.65000E-01
 0.16289E+00   0.35540E-01  -0.65000E-01
 0.17580E+00   0.35054E-01  -0.65000E-01
 0.18822E+00   0.34563E-01  -0.65000E-01
 0.20016E+00   0.34061E-01  -0.65000E-01
 0.21163E+00   0.33567E-01  -0.65000E-01
 0.22267E+00   0.33087E-01  -0.65000E-01
 0.23328E+00   0.32612E-01  -0.65000E-01
 0.24348E+00   0.32135E-01  -0.65000E-01
 0.25329E+00   0.31660E-01  -0.65000E-01
 0.26272E+00   0.31197E-01  -0.65001E-01
 0.27179E+00   0.30744E-01  -0.64975E-01
 0.28051E+00   0.30300E-01  -0.64899E-01
 0.28889E+00   0.29864E-01  -0.64785E-01
 0.29695E+00   0.29432E-01  -0.64614E-01
 0.30469E+00   0.29005E-01  -0.64382E-01
 0.31214E+00   0.28586E-01  -0.64164E-01
 0.31930E+00   0.28173E-01  -0.63914E-01
 0.32618E+00   0.27761E-01  -0.63613E-01
 0.33279E+00   0.27344E-01  -0.63255E-01
 0.33914E+00   0.26920E-01  -0.62848E-01
 0.34524E+00   0.26486E-01  -0.62392E-01
 0.35110E+00   0.26039E-01  -0.61897E-01
 0.35673E+00   0.25584E-01  -0.61393E-01
 0.36214E+00   0.25120E-01  -0.60876E-01
 0.36733E+00   0.24643E-01  -0.60335E-01
 0.37232E+00   0.24141E-01  -0.59757E-01
 0.37709E+00   0.23596E-01  -0.59127E-01
 0.38167E+00   0.23034E-01  -0.58473E-01
 0.38606E+00   0.22446E-01  -0.57793E-01
 0.39027E+00   0.21850E-01  -0.57103E-01
 0.39431E+00   0.21214E-01  -0.56390E-01
 0.39817E+00   0.20560E-01  -0.55675E-01
 0.40188E+00   0.19898E-01  -0.54975E-01
 0.40544E+00   0.19222E-01  -0.54298E-01
 0.40885E+00   0.18546E-01  -0.53644E-01
 0.41213E+00   0.17875E-01  -0.53017E-01
 0.41528E+00   0.17204E-01  -0.52416E-01
 0.41830E+00   0.16537E-01  -0.51844E-01
 0.42121E+00   0.15878E-01  -0.51300E-01
 0.42400E+00   0.15225E-01  -0.50788E-01
 0.42668E+00   0.14575E-01  -0.50314E-01
 0.42925E+00   0.13925E-01  -0.49874E-01
 0.43172E+00   0.13274E-01  -0.49457E-01
 0.43409E+00   0.12625E-01  -0.49055E-01
 0.43636E+00   0.11976E-01  -0.48664E-01
 0.43854E+00   0.11330E-01  -0.48284E-01
 0.44062E+00   0.10695E-01  -0.47917E-01
 0.44263E+00   0.10078E-01  -0.47566E-01
 0.44456E+00   0.94835E-02  -0.47230E-01
 0.44641E+00   0.89193E-02  -0.46910E-01
 0.44820E+00   0.83919E-02  -0.46602E-01
 0.44993E+00   0.79063E-02  -0.46306E-01
 0.45160E+00   0.74641E-02  -0.46015E-01
 0.45320E+00   0.70595E-02  -0.45725E-01
 0.45474E+00   0.66706E-02  -0.45429E-01
 0.45622E+00   0.62768E-02  -0.45122E-01
 0.45761E+00   0.58622E-02  -0.44793E-01
 0.45893E+00   0.54164E-02  -0.44432E-01
 0.46016E+00   0.49404E-02  -0.44027E-01
 0.46130E+00   0.44396E-02  -0.43568E-01
 0.46235E+00   0.39220E-02  -0.43055E-01
 0.46332E+00   0.33968E-02  -0.42507E-01
 0.46421E+00   0.28730E-02  -0.41941E-01
 0.46505E+00   0.23561E-02  -0.41367E-01
 0.46583E+00   0.18558E-02  -0.40789E-01
 0.46656E+00   0.13804E-02  -0.40207E-01
 0.46725E+00   0.93688E-03  -0.39619E-01
 0.46790E+00   0.53179E-03  -0.39026E-01
 0.46848E+00   0.20173E-03  -0.38377E-01
 0.46894E+00   0.00000E+00  -0.37631E-01
 0.15800E-02   0.41448E-01  -0.65000E-01
 0.20689E-01   0.41265E-01  -0.65000E-01
 0.39064E-01   0.41090E-01  -0.65000E-01
 0.56731E-01   0.40941E-01  -0.65000E-01
 0.73720E-01   0.40804E-01  -0.65000E-01
 0.90053E-01   0.40618E-01  -0.65000E-01
 0.10576E+00   0.40320E-01  -0.65000E-01
 0.12085E+00   0.39871E-01  -0.65000E-01
 0.13537E+00   0.39363E-01  -0.65000E-01
 0.14932E+00   0.38834E-01  -0.65000E-01
 0.16273E+00   0.38316E-01  -0.65000E-01
 0.17563E+00   0.37809E-01  -0.65000E-01
 0.18804E+00   0.37297E-01  -0.65000E-01
 0.19996E+00   0.36772E-01  -0.65000E-01
 0.21143E+00   0.36255E-01  -0.65000E-01
 0.22245E+00   0.35751E-01  -0.65000E-01
 0.23305E+00   0.35252E-01  -0.65000E-01
 0.24324E+00   0.34751E-01  -0.65000E-01
 0.25304E+00   0.34250E-01  -0.64996E-01
 0.26246E+00   0.33760E-01  -0.64932E-01
 0.27151E+00   0.33278E-01  -0.64813E-01
 0.28022E+00   0.32803E-01  -0.64665E-01
 0.28859E+00   0.32334E-01  -0.64478E-01
 0.29664E+00   0.31866E-01  -0.64231E-01
 0.30437E+00   0.31405E-01  -0.63944E-01
 0.31180E+00   0.30943E-01  -0.63635E-01
 0.31895E+00   0.30476E-01  -0.63272E-01
 0.32581E+00   0.30001E-01  -0.62849E-01
 0.33240E+00   0.29515E-01  -0.62374E-01
 0.33874E+00   0.29020E-01  -0.61859E-01
 0.34482E+00   0.28514E-01  -0.61309E-01
 0.35066E+00   0.28001E-01  -0.60741E-01
 0.35627E+00   0.27471E-01  -0.60155E-01
 0.36165E+00   0.26916E-01  -0.59545E-01
 0.36682E+00   0.26328E-01  -0.58902E-01
 0.37177E+00   0.25706E-01  -0.58225E-01
 0.37652E+00   0.25048E-01  -0.57518E-01
 0.38107E+00   0.24373E-01  -0.56800E-01
 0.38543E+00   0.23678E-01  -0.56068E-01
 0.38961E+00   0.22961E-01  -0.55328E-01
 0.39362E+00   0.22237E-01  -0.54587E-01
 0.39746E+00   0.21501E-01  -0.53851E-01
 0.40114E+00   0.20763E-01  -0.53134E-01
 0.40468E+00   0.20017E-01  -0.52443E-01
 0.40807E+00   0.19265E-01  -0.51778E-01
 0.41133E+00   0.18519E-01  -0.51140E-01
 0.41446E+00   0.17778E-01  -0.50532E-01
 0.41746E+00   0.17040E-01  -0.49954E-01
 0.42034E+00   0.16304E-01  -0.49407E-01
 0.42311E+00   0.15574E-01  -0.48892E-01
 0.42577E+00   0.14851E-01  -0.48416E-01
 0.42833E+00   0.14133E-01  -0.47978E-01
 0.43078E+00   0.13422E-01  -0.47568E-01
 0.43313E+00   0.12715E-01  -0.47178E-01
 0.43538E+00   0.12011E-01  -0.46802E-01
 0.43754E+00   0.11313E-01  -0.46437E-01
 0.43961E+00   0.10627E-01  -0.46086E-01
 0.44160E+00   0.99627E-02  -0.45749E-01
 0.44352E+00   0.93273E-02  -0.45426E-01
 0.44536E+00   0.87290E-02  -0.45118E-01
 0.44715E+00   0.81768E-02  -0.44819E-01
 0.44887E+00   0.76812E-02  -0.44527E-01
 0.45053E+00   0.72396E-02  -0.44240E-01
 0.45214E+00   0.68379E-02  -0.43957E-01
 0.45368E+00   0.64492E-02  -0.43677E-01
 0.45515E+00   0.60389E-02  -0.43401E-01
 0.45655E+00   0.55955E-02  -0.43122E-01
 0.45788E+00   0.51304E-02  -0.42823E-01
 0.45913E+00   0.46527E-02  -0.42491E-01
 0.46030E+00   0.41610E-02  -0.42115E-01
 0.46139E+00   0.36538E-02  -0.41686E-01
 0.46240E+00   0.31364E-02  -0.41206E-01
 0.46333E+00   0.26261E-02  -0.40690E-01
 0.46419E+00   0.21353E-02  -0.40150E-01
 0.46501E+00   0.16736E-02  -0.39595E-01
 0.46578E+00   0.12481E-02  -0.39027E-01
 0.46651E+00   0.86594E-03  -0.38441E-01
 0.46719E+00   0.53125E-03  -0.37839E-01
 0.46783E+00   0.24676E-03  -0.37222E-01
 0.46843E+00   0.00000E+00  -0.36605E-01
 0.15800E-02   0.44264E-01  -0.65000E-01
 0.20685E-01   0.44095E-01  -0.65000E-01
 0.39055E-01   0.43935E-01  -0.65000E-01
 0.56719E-01   0.43800E-01  -0.65000E-01
 0.73703E-01   0.43678E-01  -0.65000E-01
 0.90034E-01   0.43502E-01  -0.65000E-01
 0.10573E+00   0.43205E-01  -0.65000E-01
 0.12083E+00   0.42747E-01  -0.65000E-01
 0.13533E+00   0.42223E-01  -0.65000E-01
 0.14928E+00   0.41675E-01  -0.65000E-01
 0.16270E+00   0.41138E-01  -0.65000E-01
 0.17559E+00   0.40612E-01  -0.65000E-01
 0.18799E+00   0.40079E-01  -0.65000E-01
 0.19991E+00   0.39531E-01  -0.65000E-01
 0.21137E+00   0.38991E-01  -0.65000E-01
 0.22239E+00   0.38464E-01  -0.65000E-01
 0.23299E+00   0.37942E-01  -0.65000E-01
 0.24318E+00   0.37416E-01  -0.64996E-01
 0.25297E+00   0.36886E-01  -0.64871E-01
 0.26238E+00   0.36364E-01  -0.64696E-01
 0.27143E+00   0.35849E-01  -0.64505E-01
 0.28014E+00   0.35339E-01  -0.64286E-01
 0.28850E+00   0.34832E-01  -0.64021E-01
 0.29654E+00   0.34322E-01  -0.63690E-01
 0.30426E+00   0.33814E-01  -0.63314E-01
 0.31169E+00   0.33293E-01  -0.62886E-01
 0.31882E+00   0.32755E-01  -0.62394E-01
 0.32566E+00   0.32207E-01  -0.61854E-01
 0.33224E+00   0.31646E-01  -0.61275E-01
 0.33856E+00   0.31076E-01  -0.60668E-01
 0.34462E+00   0.30495E-01  -0.60036E-01
 0.35045E+00   0.29892E-01  -0.59375E-01
 0.35603E+00   0.29255E-01  -0.58685E-01
 0.36139E+00   0.28576E-01  -0.57966E-01
 0.36652E+00   0.27860E-01  -0.57225E-01
 0.37144E+00   0.27114E-01  -0.56469E-01
 0.37616E+00   0.26340E-01  -0.55701E-01
 0.38068E+00   0.25549E-01  -0.54930E-01
 0.38502E+00   0.24748E-01  -0.54158E-01
 0.38917E+00   0.23935E-01  -0.53390E-01
 0.39316E+00   0.23129E-01  -0.52630E-01
 0.39698E+00   0.22310E-01  -0.51879E-01
 0.40065E+00   0.21495E-01  -0.51148E-01
 0.40417E+00   0.20676E-01  -0.50447E-01
 0.40754E+00   0.19856E-01  -0.49777E-01
 0.41078E+00   0.19037E-01  -0.49134E-01
 0.41389E+00   0.18222E-01  -0.48522E-01
 0.41687E+00   0.17413E-01  -0.47942E-01
 0.41973E+00   0.16610E-01  -0.47396E-01
 0.42248E+00   0.15812E-01  -0.46882E-01
 0.42512E+00   0.15027E-01  -0.46407E-01
 0.42766E+00   0.14251E-01  -0.45972E-01
 0.43010E+00   0.13484E-01  -0.45570E-01
 0.43243E+00   0.12724E-01  -0.45190E-01
 0.43467E+00   0.11967E-01  -0.44827E-01
 0.43681E+00   0.11215E-01  -0.44477E-01
 0.43887E+00   0.10480E-01  -0.44140E-01
 0.44085E+00   0.97741E-02  -0.43815E-01
 0.44275E+00   0.91106E-02  -0.43502E-01
 0.44459E+00   0.84942E-02  -0.43199E-01
 0.44637E+00   0.79241E-02  -0.42907E-01
 0.44809E+00   0.74045E-02  -0.42623E-01
 0.44975E+00   0.69345E-02  -0.42347E-01
 0.45134E+00   0.64915E-02  -0.42082E-01
 0.45288E+00   0.60530E-02  -0.41829E-01
 0.45434E+00   0.56082E-02  -0.41581E-01
 0.45574E+00   0.51521E-02  -0.41330E-01
 0.45707E+00   0.46860E-02  -0.41065E-01
 0.45834E+00   0.42136E-02  -0.40774E-01
 0.45953E+00   0.37367E-02  -0.40447E-01
 0.46065E+00   0.32551E-02  -0.40071E-01
 0.46169E+00   0.27699E-02  -0.39636E-01
 0.46266E+00   0.22953E-02  -0.39152E-01
 0.46356E+00   0.18500E-02  -0.38628E-01
 0.46441E+00   0.14475E-02  -0.38079E-01
 0.46522E+00   0.10942E-02  -0.37515E-01
 0.46599E+00   0.78274E-03  -0.36945E-01
 0.46673E+00   0.50192E-03  -0.36379E-01
 0.46743E+00   0.24333E-03  -0.35825E-01
 0.46811E+00   0.00000E+00  -0.35288E-01
 0.15800E-02   0.47108E-01  -0.65000E-01
 0.20690E-01   0.46957E-01  -0.65000E-01
 0.39064E-01   0.46813E-01  -0.65000E-01
 0.56732E-01   0.46696E-01  -0.65000E-01
 0.73720E-01   0.46591E-01  -0.65000E-01
 0.90055E-01   0.46428E-01  -0.65000E-01
 0.10576E+00   0.46134E-01  -0.65000E-01
 0.12085E+00   0.45666E-01  -0.65000E-01
 0.13537E+00   0.45128E-01  -0.65000E-01
 0.14932E+00   0.44563E-01  -0.65000E-01
 0.16273E+00   0.44008E-01  -0.65000E-01
 0.17563E+00   0.43464E-01  -0.65000E-01
 0.18803E+00   0.42911E-01  -0.65000E-01
 0.19995E+00   0.42341E-01  -0.65000E-01
 0.21142E+00   0.41779E-01  -0.65000E-01
 0.22244E+00   0.41230E-01  -0.65000E-01
 0.23303E+00   0.40684E-01  -0.64999E-01
 0.24322E+00   0.40133E-01  -0.64924E-01
 0.25301E+00   0.39568E-01  -0.64619E-01
 0.26242E+00   0.39010E-01  -0.64347E-01
 0.27147E+00   0.38457E-01  -0.64073E-01
 0.28017E+00   0.37907E-01  -0.63771E-01
 0.28853E+00   0.37352E-01  -0.63406E-01
 0.29656E+00   0.36791E-01  -0.62976E-01
 0.30428E+00   0.36215E-01  -0.62470E-01
 0.31169E+00   0.35620E-01  -0.61912E-01
 0.31881E+00   0.35007E-01  -0.61309E-01
 0.32564E+00   0.34381E-01  -0.60666E-01
 0.33220E+00   0.33736E-01  -0.59986E-01
 0.33850E+00   0.33078E-01  -0.59282E-01
 0.34455E+00   0.32397E-01  -0.58550E-01
 0.35034E+00   0.31676E-01  -0.57779E-01
 0.35590E+00   0.30910E-01  -0.56986E-01
 0.36122E+00   0.30101E-01  -0.56175E-01
 0.36633E+00   0.29259E-01  -0.55357E-01
 0.37122E+00   0.28394E-01  -0.54540E-01
 0.37591E+00   0.27507E-01  -0.53724E-01
 0.38041E+00   0.26609E-01  -0.52915E-01
 0.38472E+00   0.25711E-01  -0.52116E-01
 0.38886E+00   0.24811E-01  -0.51328E-01
 0.39282E+00   0.23919E-01  -0.50552E-01
 0.39663E+00   0.23028E-01  -0.49792E-01
 0.40028E+00   0.22139E-01  -0.49053E-01
 0.40378E+00   0.21249E-01  -0.48347E-01
 0.40714E+00   0.20359E-01  -0.47672E-01
 0.41036E+00   0.19470E-01  -0.47028E-01
 0.41345E+00   0.18589E-01  -0.46415E-01
 0.41641E+00   0.17717E-01  -0.45836E-01
 0.41926E+00   0.16858E-01  -0.45292E-01
 0.42200E+00   0.16010E-01  -0.44781E-01
 0.42462E+00   0.15177E-01  -0.44308E-01
 0.42715E+00   0.14360E-01  -0.43876E-01
 0.42957E+00   0.13553E-01  -0.43478E-01
 0.43190E+00   0.12750E-01  -0.43105E-01
 0.43412E+00   0.11952E-01  -0.42750E-01
 0.43625E+00   0.11171E-01  -0.42407E-01
 0.43831E+00   0.10420E-01  -0.42075E-01
 0.44028E+00   0.97084E-02  -0.41752E-01
 0.44219E+00   0.90351E-02  -0.41442E-01
 0.44402E+00   0.83978E-02  -0.41144E-01
 0.44579E+00   0.77940E-02  -0.40860E-01
 0.44749E+00   0.72211E-02  -0.40590E-01
 0.44913E+00   0.66760E-02  -0.40335E-01
 0.45071E+00   0.61555E-02  -0.40095E-01
 0.45223E+00   0.56558E-02  -0.39867E-01
 0.45369E+00   0.51707E-02  -0.39643E-01
 0.45508E+00   0.46929E-02  -0.39416E-01
 0.45642E+00   0.42200E-02  -0.39175E-01
 0.45769E+00   0.37555E-02  -0.38909E-01
 0.45890E+00   0.33025E-02  -0.38608E-01
 0.46005E+00   0.28614E-02  -0.38262E-01
 0.46112E+00   0.24321E-02  -0.37857E-01
 0.46213E+00   0.20182E-02  -0.37395E-01
 0.46306E+00   0.16300E-02  -0.36886E-01
 0.46394E+00   0.12759E-02  -0.36346E-01
 0.46477E+00   0.96207E-03  -0.35787E-01
 0.46556E+00   0.68661E-03  -0.35217E-01
 0.46630E+00   0.43955E-03  -0.34650E-01
 0.46702E+00   0.21288E-03  -0.34092E-01
 0.46770E+00   0.00000E+00  -0.33550E-01
 0.15800E-02   0.49981E-01  -0.65000E-01
 0.20712E-01   0.49850E-01  -0.65000E-01
 0.39109E-01   0.49725E-01  -0.65000E-01
 0.56797E-01   0.49629E-01  -0.65000E-01
 0.73806E-01   0.49543E-01  -0.65000E-01
 0.90160E-01   0.49395E-01  -0.65000E-01
 0.10588E+00   0.49105E-01  -0.65000E-01
 0.12099E+00   0.48629E-01  -0.65000E-01
 0.13552E+00   0.48076E-01  -0.65000E-01
 0.14949E+00   0.47494E-01  -0.65000E-01
 0.16292E+00   0.46923E-01  -0.65000E-01
 0.17583E+00   0.46361E-01  -0.65000E-01
 0.18825E+00   0.45788E-01  -0.65000E-01
 0.20018E+00   0.45197E-01  -0.65000E-01
 0.21166E+00   0.44612E-01  -0.65000E-01
 0.22269E+00   0.44041E-01  -0.65002E-01
 0.23330E+00   0.43471E-01  -0.64969E-01
 0.24350E+00   0.42889E-01  -0.64725E-01
 0.25329E+00   0.42284E-01  -0.64271E-01
 0.26271E+00   0.41685E-01  -0.63895E-01
 0.27176E+00   0.41087E-01  -0.63512E-01
 0.28046E+00   0.40482E-01  -0.63086E-01
 0.28882E+00   0.39865E-01  -0.62592E-01
 0.29685E+00   0.39230E-01  -0.62024E-01
 0.30455E+00   0.38576E-01  -0.61391E-01
 0.31196E+00   0.37900E-01  -0.60718E-01
 0.31906E+00   0.37203E-01  -0.60007E-01
 0.32589E+00   0.36482E-01  -0.59254E-01
 0.33243E+00   0.35739E-01  -0.58469E-01
 0.33871E+00   0.34966E-01  -0.57654E-01
 0.34474E+00   0.34159E-01  -0.56812E-01
 0.35051E+00   0.33307E-01  -0.55941E-01
 0.35604E+00   0.32410E-01  -0.55061E-01
 0.36134E+00   0.31471E-01  -0.54176E-01
 0.36642E+00   0.30505E-01  -0.53297E-01
 0.37129E+00   0.29521E-01  -0.52430E-01
 0.37595E+00   0.28527E-01  -0.51578E-01
 0.38043E+00   0.27533E-01  -0.50742E-01
 0.38473E+00   0.26548E-01  -0.49923E-01
 0.38885E+00   0.25571E-01  -0.49121E-01
 0.39280E+00   0.24602E-01  -0.48335E-01
 0.39659E+00   0.23637E-01  -0.47566E-01
 0.40022E+00   0.22674E-01  -0.46821E-01
 0.40371E+00   0.21711E-01  -0.46111E-01
 0.40705E+00   0.20749E-01  -0.45434E-01
 0.41025E+00   0.19796E-01  -0.44790E-01
 0.41333E+00   0.18855E-01  -0.44178E-01
 0.41629E+00   0.17931E-01  -0.43602E-01
 0.41913E+00   0.17027E-01  -0.43062E-01
 0.42185E+00   0.16141E-01  -0.42554E-01
 0.42447E+00   0.15270E-01  -0.42084E-01
 0.42699E+00   0.14413E-01  -0.41655E-01
 0.42940E+00   0.13570E-01  -0.41261E-01
 0.43172E+00   0.12741E-01  -0.40892E-01
 0.43395E+00   0.11933E-01  -0.40539E-01
 0.43608E+00   0.11150E-01  -0.40197E-01
 0.43814E+00   0.10394E-01  -0.39866E-01
 0.44011E+00   0.96633E-02  -0.39546E-01
 0.44200E+00   0.89561E-02  -0.39240E-01
 0.44383E+00   0.82738E-02  -0.38949E-01
 0.44558E+00   0.76212E-02  -0.38675E-01
 0.44727E+00   0.70018E-02  -0.38416E-01
 0.44890E+00   0.64166E-02  -0.38173E-01
 0.45047E+00   0.58639E-02  -0.37944E-01
 0.45199E+00   0.53394E-02  -0.37725E-01
 0.45344E+00   0.48326E-02  -0.37511E-01
 0.45483E+00   0.43281E-02  -0.37297E-01
 0.45616E+00   0.38239E-02  -0.37074E-01
 0.45743E+00   0.33422E-02  -0.36824E-01
 0.45865E+00   0.29030E-02  -0.36533E-01
 0.45981E+00   0.25033E-02  -0.36193E-01
 0.46091E+00   0.21291E-02  -0.35794E-01
 0.46194E+00   0.17708E-02  -0.35339E-01
 0.46290E+00   0.14332E-02  -0.34836E-01
 0.46380E+00   0.11236E-02  -0.34300E-01
 0.46465E+00   0.84756E-03  -0.33742E-01
 0.46545E+00   0.60493E-03  -0.33171E-01
 0.46620E+00   0.38727E-03  -0.32599E-01
 0.46692E+00   0.18756E-03  -0.32037E-01
 0.46760E+00   0.00000E+00  -0.31490E-01
 0.15800E-02   0.52883E-01  -0.65000E-01
 0.20753E-01   0.52774E-01  -0.65000E-01
 0.39188E-01   0.52672E-01  -0.65000E-01
 0.56914E-01   0.52599E-01  -0.65000E-01
 0.73958E-01   0.52535E-01  -0.65000E-01
 0.90347E-01   0.52403E-01  -0.65000E-01
 0.10610E+00   0.52118E-01  -0.65000E-01
 0.12125E+00   0.51633E-01  -0.65000E-01
 0.13581E+00   0.51068E-01  -0.65000E-01
 0.14980E+00   0.50469E-01  -0.65000E-01
 0.16326E+00   0.49882E-01  -0.65000E-01
 0.17620E+00   0.49303E-01  -0.65000E-01
 0.18864E+00   0.48710E-01  -0.65000E-01
 0.20060E+00   0.48096E-01  -0.65000E-01
 0.21210E+00   0.47490E-01  -0.65001E-01
 0.22315E+00   0.46896E-01  -0.64989E-01
 0.23378E+00   0.46299E-01  -0.64817E-01
 0.24399E+00   0.45674E-01  -0.64366E-01
 0.25379E+00   0.45026E-01  -0.63787E-01
 0.26322E+00   0.44377E-01  -0.63287E-01
 0.27228E+00   0.43720E-01  -0.62770E-01
 0.28099E+00   0.43046E-01  -0.62200E-01
 0.28935E+00   0.42350E-01  -0.61561E-01
 0.29737E+00   0.41630E-01  -0.60854E-01
 0.30508E+00   0.40888E-01  -0.60099E-01
 0.31248E+00   0.40116E-01  -0.59307E-01
 0.31958E+00   0.39316E-01  -0.58477E-01
 0.32639E+00   0.38487E-01  -0.57612E-01
 0.33292E+00   0.37627E-01  -0.56719E-01
 0.33918E+00   0.36727E-01  -0.55797E-01
 0.34518E+00   0.35784E-01  -0.54854E-01
 0.35093E+00   0.34799E-01  -0.53898E-01
 0.35644E+00   0.33768E-01  -0.52943E-01
 0.36172E+00   0.32703E-01  -0.51998E-01
 0.36678E+00   0.31618E-01  -0.51071E-01
 0.37163E+00   0.30528E-01  -0.50169E-01
 0.37628E+00   0.29446E-01  -0.49292E-01
 0.38075E+00   0.28372E-01  -0.48439E-01
 0.38503E+00   0.27311E-01  -0.47604E-01
 0.38914E+00   0.26261E-01  -0.46791E-01
 0.39308E+00   0.25212E-01  -0.45992E-01
 0.39686E+00   0.24170E-01  -0.45214E-01
 0.40047E+00   0.23127E-01  -0.44462E-01
 0.40394E+00   0.22089E-01  -0.43749E-01
 0.40728E+00   0.21067E-01  -0.43072E-01
 0.41048E+00   0.20063E-01  -0.42430E-01
 0.41355E+00   0.19077E-01  -0.41821E-01
 0.41650E+00   0.18112E-01  -0.41248E-01
 0.41933E+00   0.17170E-01  -0.40710E-01
 0.42205E+00   0.16243E-01  -0.40206E-01
 0.42466E+00   0.15333E-01  -0.39741E-01
 0.42718E+00   0.14446E-01  -0.39316E-01
 0.42959E+00   0.13584E-01  -0.38925E-01
 0.43191E+00   0.12745E-01  -0.38558E-01
 0.43414E+00   0.11928E-01  -0.38205E-01
 0.43627E+00   0.11123E-01  -0.37864E-01
 0.43832E+00   0.10327E-01  -0.37534E-01
 0.44027E+00   0.95445E-02  -0.37218E-01
 0.44215E+00   0.87847E-02  -0.36918E-01
 0.44396E+00   0.80575E-02  -0.36635E-01
 0.44571E+00   0.73739E-02  -0.36367E-01
 0.44740E+00   0.67438E-02  -0.36114E-01
 0.44904E+00   0.61734E-02  -0.35873E-01
 0.45063E+00   0.56440E-02  -0.35645E-01
 0.45214E+00   0.51216E-02  -0.35429E-01
 0.45360E+00   0.45961E-02  -0.35218E-01
 0.45498E+00   0.40755E-02  -0.35006E-01
 0.45631E+00   0.35709E-02  -0.34782E-01
 0.45759E+00   0.30982E-02  -0.34529E-01
 0.45882E+00   0.26685E-02  -0.34232E-01
 0.45998E+00   0.22785E-02  -0.33885E-01
 0.46109E+00   0.19206E-02  -0.33479E-01
 0.46213E+00   0.15890E-02  -0.33018E-01
 0.46310E+00   0.12856E-02  -0.32509E-01
 0.46401E+00   0.10115E-02  -0.31964E-01
 0.46486E+00   0.76738E-03  -0.31391E-01
 0.46565E+00   0.55033E-03  -0.30803E-01
 0.46640E+00   0.35351E-03  -0.30212E-01
 0.46711E+00   0.17155E-03  -0.29629E-01
 0.46779E+00   0.00000E+00  -0.29062E-01
 0.15800E-02   0.55813E-01  -0.65000E-01
 0.20775E-01   0.55693E-01  -0.65000E-01
 0.39232E-01   0.55579E-01  -0.65000E-01
 0.56979E-01   0.55497E-01  -0.65000E-01
 0.74043E-01   0.55424E-01  -0.65000E-01
 0.90450E-01   0.55279E-01  -0.65000E-01
 0.10622E+00   0.54971E-01  -0.65000E-01
 0.12139E+00   0.54453E-01  -0.65000E-01
 0.13596E+00   0.53851E-01  -0.65000E-01
 0.14997E+00   0.53215E-01  -0.65000E-01
 0.16344E+00   0.52590E-01  -0.65000E-01
 0.17640E+00   0.51976E-01  -0.65000E-01
 0.18885E+00   0.51346E-01  -0.65000E-01
 0.20082E+00   0.50693E-01  -0.64999E-01
 0.21233E+00   0.50050E-01  -0.64968E-01
 0.22340E+00   0.49416E-01  -0.64857E-01
 0.23403E+00   0.48770E-01  -0.64523E-01
 0.24424E+00   0.48088E-01  -0.63925E-01
 0.25404E+00   0.47385E-01  -0.63257E-01
 0.26347E+00   0.46673E-01  -0.62645E-01
 0.27253E+00   0.45946E-01  -0.62015E-01
 0.28123E+00   0.45195E-01  -0.61329E-01
 0.28959E+00   0.44417E-01  -0.60579E-01
 0.29761E+00   0.43613E-01  -0.59773E-01
 0.30530E+00   0.42784E-01  -0.58926E-01
 0.31269E+00   0.41921E-01  -0.58045E-01
 0.31978E+00   0.41028E-01  -0.57133E-01
 0.32657E+00   0.40103E-01  -0.56193E-01
 0.33309E+00   0.39138E-01  -0.55223E-01
 0.33933E+00   0.38133E-01  -0.54234E-01
 0.34531E+00   0.37084E-01  -0.53229E-01
 0.35104E+00   0.35989E-01  -0.52218E-01
 0.35653E+00   0.34857E-01  -0.51222E-01
 0.36179E+00   0.33703E-01  -0.50247E-01
 0.36683E+00   0.32544E-01  -0.49302E-01
 0.37167E+00   0.31391E-01  -0.48388E-01
 0.37632E+00   0.30253E-01  -0.47505E-01
 0.38077E+00   0.29126E-01  -0.46646E-01
 0.38505E+00   0.28010E-01  -0.45806E-01
 0.38915E+00   0.26903E-01  -0.44988E-01
 0.39307E+00   0.25797E-01  -0.44185E-01
 0.39684E+00   0.24692E-01  -0.43403E-01
 0.40044E+00   0.23600E-01  -0.42651E-01
 0.40391E+00   0.22521E-01  -0.41940E-01
 0.40723E+00   0.21458E-01  -0.41266E-01
 0.41043E+00   0.20422E-01  -0.40627E-01
 0.41349E+00   0.19412E-01  -0.40022E-01
 0.41644E+00   0.18418E-01  -0.39453E-01
 0.41927E+00   0.17442E-01  -0.38918E-01
 0.42198E+00   0.16483E-01  -0.38416E-01
 0.42459E+00   0.15551E-01  -0.37955E-01
 0.42710E+00   0.14657E-01  -0.37533E-01
 0.42952E+00   0.13797E-01  -0.37147E-01
 0.43185E+00   0.12960E-01  -0.36783E-01
 0.43407E+00   0.12134E-01  -0.36433E-01
 0.43620E+00   0.11302E-01  -0.36093E-01
 0.43823E+00   0.10465E-01  -0.35765E-01
 0.44017E+00   0.96411E-02  -0.35451E-01
 0.44204E+00   0.88457E-02  -0.35155E-01
 0.44385E+00   0.80920E-02  -0.34876E-01
 0.44559E+00   0.73938E-02  -0.34613E-01
 0.44728E+00   0.67630E-02  -0.34363E-01
 0.44893E+00   0.62077E-02  -0.34126E-01
 0.45052E+00   0.57003E-02  -0.33901E-01
 0.45205E+00   0.51860E-02  -0.33688E-01
 0.45350E+00   0.46533E-02  -0.33481E-01
 0.45489E+00   0.41296E-02  -0.33273E-01
 0.45623E+00   0.36332E-02  -0.33053E-01
 0.45751E+00   0.31678E-02  -0.32806E-01
 0.45874E+00   0.27351E-02  -0.32518E-01
 0.45991E+00   0.23367E-02  -0.32181E-01
 0.46102E+00   0.19754E-02  -0.31787E-01
 0.46206E+00   0.16509E-02  -0.31338E-01
 0.46305E+00   0.13610E-02  -0.30839E-01
 0.46397E+00   0.11008E-02  -0.30304E-01
 0.46483E+00   0.86661E-03  -0.29741E-01
 0.46563E+00   0.65476E-03  -0.29161E-01
 0.46639E+00   0.46003E-03  -0.28578E-01
 0.46710E+00   0.27833E-03  -0.28003E-01
 0.46779E+00   0.10620E-03  -0.27443E-01
 0.15800E-02   0.58773E-01  -0.65000E-01
 0.20796E-01   0.58641E-01  -0.65000E-01
 0.39273E-01   0.58516E-01  -0.65000E-01
 0.57040E-01   0.58423E-01  -0.65000E-01
 0.74123E-01   0.58342E-01  -0.65000E-01
 0.90549E-01   0.58184E-01  -0.65000E-01
 0.10634E+00   0.57852E-01  -0.65000E-01
 0.12152E+00   0.57301E-01  -0.65000E-01
 0.13611E+00   0.56662E-01  -0.65000E-01
 0.15013E+00   0.55987E-01  -0.65000E-01
 0.16361E+00   0.55326E-01  -0.65000E-01
 0.17658E+00   0.54674E-01  -0.65000E-01
 0.18905E+00   0.54007E-01  -0.65000E-01
 0.20103E+00   0.53315E-01  -0.64929E-01
 0.21255E+00   0.52626E-01  -0.64765E-01
 0.22362E+00   0.51940E-01  -0.64498E-01
 0.23425E+00   0.51233E-01  -0.64024E-01
 0.24446E+00   0.50496E-01  -0.63339E-01
 0.25427E+00   0.49736E-01  -0.62596E-01
 0.26370E+00   0.48955E-01  -0.61876E-01
 0.27275E+00   0.48152E-01  -0.61136E-01
 0.28145E+00   0.47321E-01  -0.60344E-01
 0.28979E+00   0.46459E-01  -0.59494E-01
 0.29780E+00   0.45570E-01  -0.58597E-01
 0.30549E+00   0.44653E-01  -0.57666E-01
 0.31286E+00   0.43700E-01  -0.56708E-01
 0.31993E+00   0.42713E-01  -0.55722E-01
 0.32672E+00   0.41693E-01  -0.54713E-01
 0.33321E+00   0.40630E-01  -0.53679E-01
 0.33944E+00   0.39524E-01  -0.52630E-01
 0.34540E+00   0.38370E-01  -0.51569E-01
 0.35110E+00   0.37178E-01  -0.50516E-01
 0.35657E+00   0.35961E-01  -0.49488E-01
 0.36182E+00   0.34736E-01  -0.48494E-01
 0.36685E+00   0.33521E-01  -0.47539E-01
 0.37169E+00   0.32323E-01  -0.46622E-01
 0.37633E+00   0.31134E-01  -0.45733E-01
 0.38078E+00   0.29962E-01  -0.44871E-01
 0.38504E+00   0.28794E-01  -0.44025E-01
 0.38913E+00   0.27628E-01  -0.43198E-01
 0.39304E+00   0.26468E-01  -0.42390E-01
 0.39680E+00   0.25315E-01  -0.41605E-01
 0.40039E+00   0.24177E-01  -0.40852E-01
 0.40385E+00   0.23071E-01  -0.40145E-01
 0.40718E+00   0.21985E-01  -0.39475E-01
 0.41036E+00   0.20921E-01  -0.38838E-01
 0.41342E+00   0.19872E-01  -0.38233E-01
 0.41636E+00   0.18842E-01  -0.37664E-01
 0.41918E+00   0.17837E-01  -0.37131E-01
 0.42189E+00   0.16858E-01  -0.36632E-01
 0.42450E+00   0.15914E-01  -0.36173E-01
 0.42702E+00   0.15016E-01  -0.35755E-01
 0.42944E+00   0.14154E-01  -0.35372E-01
 0.43176E+00   0.13312E-01  -0.35012E-01
 0.43399E+00   0.12474E-01  -0.34663E-01
 0.43611E+00   0.11620E-01  -0.34323E-01
 0.43813E+00   0.10755E-01  -0.33995E-01
 0.44007E+00   0.99078E-02  -0.33682E-01
 0.44193E+00   0.90965E-02  -0.33386E-01
 0.44373E+00   0.83335E-02  -0.33110E-01
 0.44548E+00   0.76298E-02  -0.32850E-01
 0.44717E+00   0.69941E-02  -0.32603E-01
 0.44882E+00   0.64321E-02  -0.32370E-01
 0.45042E+00   0.59195E-02  -0.32149E-01
 0.45194E+00   0.54023E-02  -0.31940E-01
 0.45339E+00   0.48664E-02  -0.31736E-01
 0.45478E+00   0.43402E-02  -0.31532E-01
 0.45612E+00   0.38434E-02  -0.31317E-01
 0.45741E+00   0.33788E-02  -0.31076E-01
 0.45864E+00   0.29462E-02  -0.30798E-01
 0.45982E+00   0.25476E-02  -0.30472E-01
 0.46093E+00   0.21875E-02  -0.30090E-01
 0.46199E+00   0.18664E-02  -0.29654E-01
 0.46298E+00   0.15829E-02  -0.29169E-01
 0.46391E+00   0.13313E-02  -0.28646E-01
 0.46478E+00   0.11080E-02  -0.28094E-01
 0.46560E+00   0.90880E-03  -0.27523E-01
 0.46636E+00   0.72765E-03  -0.26949E-01
 0.46709E+00   0.55988E-03  -0.26382E-01
 0.46779E+00   0.40155E-03  -0.25829E-01
 0.15800E-02   0.61762E-01  -0.65000E-01
 0.20815E-01   0.61618E-01  -0.65000E-01
 0.39311E-01   0.61481E-01  -0.65000E-01
 0.57095E-01   0.61379E-01  -0.65000E-01
 0.74195E-01   0.61288E-01  -0.65000E-01
 0.90637E-01   0.61117E-01  -0.65000E-01
 0.10644E+00   0.60762E-01  -0.65000E-01
 0.12163E+00   0.60178E-01  -0.65000E-01
 0.13624E+00   0.59501E-01  -0.65000E-01
 0.15027E+00   0.58787E-01  -0.65000E-01
 0.16377E+00   0.58089E-01  -0.65000E-01
 0.17675E+00   0.57400E-01  -0.65000E-01
 0.18922E+00   0.56694E-01  -0.64983E-01
 0.20121E+00   0.55956E-01  -0.64721E-01
 0.21273E+00   0.55211E-01  -0.64385E-01
 0.22381E+00   0.54458E-01  -0.63957E-01
 0.23444E+00   0.53687E-01  -0.63365E-01
 0.24465E+00   0.52893E-01  -0.62611E-01
 0.25446E+00   0.52070E-01  -0.61790E-01
 0.26388E+00   0.51218E-01  -0.60979E-01
 0.27293E+00   0.50341E-01  -0.60148E-01
 0.28162E+00   0.49429E-01  -0.59264E-01
 0.28995E+00   0.48483E-01  -0.58323E-01
 0.29795E+00   0.47507E-01  -0.57344E-01
 0.30562E+00   0.46503E-01  -0.56339E-01
 0.31298E+00   0.45463E-01  -0.55313E-01
 0.32004E+00   0.44390E-01  -0.54266E-01
 0.32681E+00   0.43278E-01  -0.53196E-01
 0.33329E+00   0.42121E-01  -0.52104E-01
 0.33949E+00   0.40920E-01  -0.51003E-01
 0.34543E+00   0.39677E-01  -0.49901E-01
 0.35112E+00   0.38407E-01  -0.48817E-01
 0.35658E+00   0.37129E-01  -0.47773E-01
 0.36182E+00   0.35855E-01  -0.46772E-01
 0.36685E+00   0.34597E-01  -0.45814E-01
 0.37168E+00   0.33359E-01  -0.44895E-01
 0.37631E+00   0.32132E-01  -0.44003E-01
 0.38075E+00   0.30905E-01  -0.43130E-01
 0.38500E+00   0.29693E-01  -0.42279E-01
 0.38908E+00   0.28477E-01  -0.41444E-01
 0.39298E+00   0.27268E-01  -0.40629E-01
 0.39673E+00   0.26085E-01  -0.39846E-01
 0.40032E+00   0.24923E-01  -0.39096E-01
 0.40378E+00   0.23783E-01  -0.38387E-01
 0.40709E+00   0.22671E-01  -0.37719E-01
 0.41028E+00   0.21581E-01  -0.37083E-01
 0.41333E+00   0.20502E-01  -0.36476E-01
 0.41626E+00   0.19437E-01  -0.35904E-01
 0.41907E+00   0.18398E-01  -0.35368E-01
 0.42178E+00   0.17405E-01  -0.34872E-01
 0.42439E+00   0.16458E-01  -0.34417E-01
 0.42691E+00   0.15560E-01  -0.34004E-01
 0.42933E+00   0.14699E-01  -0.33625E-01
 0.43166E+00   0.13847E-01  -0.33266E-01
 0.43388E+00   0.12988E-01  -0.32915E-01
 0.43600E+00   0.12117E-01  -0.32574E-01
 0.43801E+00   0.11243E-01  -0.32246E-01
 0.43995E+00   0.10386E-01  -0.31932E-01
 0.44181E+00   0.95668E-02  -0.31638E-01
 0.44362E+00   0.88002E-02  -0.31364E-01
 0.44536E+00   0.80899E-02  -0.31107E-01
 0.44705E+00   0.74392E-02  -0.30862E-01
 0.44869E+00   0.68531E-02  -0.30630E-01
 0.45028E+00   0.63161E-02  -0.30409E-01
 0.45180E+00   0.57870E-02  -0.30201E-01
 0.45326E+00   0.52495E-02  -0.30000E-01
 0.45465E+00   0.47218E-02  -0.29800E-01
 0.45599E+00   0.42193E-02  -0.29590E-01
 0.45728E+00   0.37484E-02  -0.29357E-01
 0.45851E+00   0.33129E-02  -0.29088E-01
 0.45969E+00   0.29143E-02  -0.28775E-01
 0.46081E+00   0.25547E-02  -0.28409E-01
 0.46188E+00   0.22338E-02  -0.27989E-01
 0.46288E+00   0.19531E-02  -0.27519E-01
 0.46382E+00   0.17109E-02  -0.27012E-01
 0.46471E+00   0.15066E-02  -0.26476E-01
 0.46554E+00   0.13362E-02  -0.25920E-01
 0.46633E+00   0.11899E-02  -0.25359E-01
 0.46707E+00   0.10599E-02  -0.24805E-01
 0.46779E+00   0.93992E-03  -0.24266E-01
 0.15800E-02   0.64782E-01  -0.65000E-01
 0.20832E-01   0.64625E-01  -0.65000E-01
 0.39343E-01   0.64477E-01  -0.65000E-01
 0.57143E-01   0.64365E-01  -0.65000E-01
 0.74257E-01   0.64265E-01  -0.65000E-01
 0.90713E-01   0.64080E-01  -0.65000E-01
 0.10653E+00   0.63702E-01  -0.65000E-01
 0.12173E+00   0.63083E-01  -0.65000E-01
 0.13635E+00   0.62369E-01  -0.65000E-01
 0.15039E+00   0.61616E-01  -0.65000E-01
 0.16390E+00   0.60880E-01  -0.65000E-01
 0.17688E+00   0.60154E-01  -0.64998E-01
 0.18937E+00   0.59407E-01  -0.64870E-01
 0.20136E+00   0.58613E-01  -0.64393E-01
 0.21288E+00   0.57804E-01  -0.63892E-01
 0.22395E+00   0.56984E-01  -0.63325E-01
 0.23459E+00   0.56149E-01  -0.62634E-01
 0.24479E+00   0.55283E-01  -0.61775E-01
 0.25459E+00   0.54394E-01  -0.60880E-01
 0.26401E+00   0.53473E-01  -0.59994E-01
 0.27305E+00   0.52519E-01  -0.59077E-01
 0.28173E+00   0.51522E-01  -0.58099E-01
 0.29005E+00   0.50491E-01  -0.57078E-01
 0.29804E+00   0.49433E-01  -0.56029E-01
 0.30570E+00   0.48349E-01  -0.54965E-01
 0.31304E+00   0.47230E-01  -0.53884E-01
 0.32009E+00   0.46072E-01  -0.52782E-01
 0.32683E+00   0.44875E-01  -0.51659E-01
 0.33329E+00   0.43632E-01  -0.50519E-01
 0.33948E+00   0.42351E-01  -0.49379E-01
 0.34541E+00   0.41040E-01  -0.48251E-01
 0.35109E+00   0.39711E-01  -0.47150E-01
 0.35654E+00   0.38394E-01  -0.46104E-01
 0.36178E+00   0.37091E-01  -0.45107E-01
 0.36680E+00   0.35801E-01  -0.44150E-01
 0.37163E+00   0.34524E-01  -0.43226E-01
 0.37625E+00   0.33259E-01  -0.42331E-01
 0.38068E+00   0.31993E-01  -0.41451E-01
 0.38493E+00   0.30733E-01  -0.40589E-01
 0.38900E+00   0.29484E-01  -0.39752E-01
 0.39289E+00   0.28246E-01  -0.38936E-01
 0.39663E+00   0.27029E-01  -0.38149E-01
 0.40023E+00   0.25847E-01  -0.37402E-01
 0.40367E+00   0.24684E-01  -0.36693E-01
 0.40698E+00   0.23545E-01  -0.36023E-01
 0.41016E+00   0.22423E-01  -0.35382E-01
 0.41321E+00   0.21320E-01  -0.34774E-01
 0.41613E+00   0.20239E-01  -0.34203E-01
 0.41894E+00   0.19191E-01  -0.33670E-01
 0.42165E+00   0.18187E-01  -0.33175E-01
 0.42426E+00   0.17228E-01  -0.32722E-01
 0.42678E+00   0.16317E-01  -0.32308E-01
 0.42920E+00   0.15438E-01  -0.31926E-01
 0.43152E+00   0.14567E-01  -0.31563E-01
 0.43373E+00   0.13691E-01  -0.31209E-01
 0.43585E+00   0.12814E-01  -0.30868E-01
 0.43787E+00   0.11947E-01  -0.30545E-01
 0.43982E+00   0.11101E-01  -0.30238E-01
 0.44169E+00   0.10289E-01  -0.29949E-01
 0.44349E+00   0.95235E-02  -0.29679E-01
 0.44524E+00   0.88070E-02  -0.29424E-01
 0.44692E+00   0.81404E-02  -0.29179E-01
 0.44855E+00   0.75238E-02  -0.28942E-01
 0.45013E+00   0.69487E-02  -0.28714E-01
 0.45164E+00   0.63923E-02  -0.28499E-01
 0.45309E+00   0.58428E-02  -0.28299E-01
 0.45448E+00   0.53082E-02  -0.28101E-01
 0.45582E+00   0.47974E-02  -0.27895E-01
 0.45711E+00   0.43176E-02  -0.27668E-01
 0.45834E+00   0.38746E-02  -0.27410E-01
 0.45953E+00   0.34716E-02  -0.27111E-01
 0.46066E+00   0.31117E-02  -0.26762E-01
 0.46173E+00   0.27950E-02  -0.26363E-01
 0.46275E+00   0.25250E-02  -0.25914E-01
 0.46371E+00   0.23016E-02  -0.25429E-01
 0.46461E+00   0.21259E-02  -0.24915E-01
 0.46547E+00   0.19943E-02  -0.24383E-01
 0.46628E+00   0.18929E-02  -0.23846E-01
 0.46705E+00   0.18108E-02  -0.23315E-01
 0.46779E+00   0.17390E-02  -0.22798E-01
 0.15800E-02   0.67831E-01  -0.65000E-01
 0.20844E-01   0.67662E-01  -0.65000E-01
 0.39368E-01   0.67502E-01  -0.65000E-01
 0.57179E-01   0.67380E-01  -0.65000E-01
 0.74305E-01   0.67271E-01  -0.65000E-01
 0.90771E-01   0.67073E-01  -0.65000E-01
 0.10660E+00   0.66671E-01  -0.65000E-01
 0.12181E+00   0.66019E-01  -0.65000E-01
 0.13643E+00   0.65267E-01  -0.65000E-01
 0.15049E+00   0.64474E-01  -0.65000E-01
 0.16400E+00   0.63700E-01  -0.65000E-01
 0.17699E+00   0.62935E-01  -0.64937E-01
 0.18947E+00   0.62141E-01  -0.64627E-01
 0.20146E+00   0.61288E-01  -0.63987E-01
 0.21298E+00   0.60416E-01  -0.63343E-01
 0.22405E+00   0.59530E-01  -0.62656E-01
 0.23467E+00   0.58615E-01  -0.61821E-01
 0.24487E+00   0.57676E-01  -0.60862E-01
 0.25466E+00   0.56717E-01  -0.59891E-01
 0.26407E+00   0.55724E-01  -0.58931E-01
 0.27310E+00   0.54687E-01  -0.57924E-01
 0.28176E+00   0.53607E-01  -0.56867E-01
 0.29007E+00   0.52498E-01  -0.55781E-01
 0.29805E+00   0.51365E-01  -0.54678E-01
 0.30570E+00   0.50209E-01  -0.53567E-01
 0.31303E+00   0.49015E-01  -0.52440E-01
 0.32006E+00   0.47782E-01  -0.51292E-01
 0.32679E+00   0.46507E-01  -0.50126E-01
 0.33323E+00   0.45198E-01  -0.48956E-01
 0.33941E+00   0.43856E-01  -0.47792E-01
 0.34532E+00   0.42492E-01  -0.46648E-01
 0.35100E+00   0.41125E-01  -0.45545E-01
 0.35645E+00   0.39779E-01  -0.44502E-01
 0.36168E+00   0.38452E-01  -0.43513E-01
 0.36671E+00   0.37139E-01  -0.42562E-01
 0.37153E+00   0.35834E-01  -0.41638E-01
 0.37614E+00   0.34531E-01  -0.40735E-01
 0.38057E+00   0.33234E-01  -0.39853E-01
 0.38481E+00   0.31941E-01  -0.38985E-01
 0.38887E+00   0.30664E-01  -0.38147E-01
 0.39276E+00   0.29405E-01  -0.37332E-01
 0.39650E+00   0.28164E-01  -0.36543E-01
 0.40008E+00   0.26950E-01  -0.35789E-01
 0.40353E+00   0.25773E-01  -0.35084E-01
 0.40684E+00   0.24620E-01  -0.34417E-01
 0.41001E+00   0.23483E-01  -0.33777E-01
 0.41305E+00   0.22361E-01  -0.33167E-01
 0.41597E+00   0.21271E-01  -0.32598E-01
 0.41879E+00   0.20226E-01  -0.32075E-01
 0.42150E+00   0.19216E-01  -0.31584E-01
 0.42410E+00   0.18245E-01  -0.31129E-01
 0.42661E+00   0.17313E-01  -0.30707E-01
 0.42902E+00   0.16403E-01  -0.30312E-01
 0.43133E+00   0.15500E-01  -0.29935E-01
 0.43354E+00   0.14603E-01  -0.29573E-01
 0.43565E+00   0.13721E-01  -0.29231E-01
 0.43769E+00   0.12863E-01  -0.28914E-01
 0.43964E+00   0.12030E-01  -0.28617E-01
 0.44151E+00   0.11231E-01  -0.28338E-01
 0.44333E+00   0.10473E-01  -0.28078E-01
 0.44507E+00   0.97605E-02  -0.27831E-01
 0.44676E+00   0.90916E-02  -0.27592E-01
 0.44839E+00   0.84632E-02  -0.27356E-01
 0.44996E+00   0.78672E-02  -0.27123E-01
 0.45146E+00   0.72847E-02  -0.26898E-01
 0.45290E+00   0.67060E-02  -0.26685E-01
 0.45428E+00   0.61444E-02  -0.26478E-01
 0.45561E+00   0.56142E-02  -0.26270E-01
 0.45689E+00   0.51226E-02  -0.26048E-01
 0.45813E+00   0.46732E-02  -0.25801E-01
 0.45932E+00   0.42679E-02  -0.25520E-01
 0.46046E+00   0.39098E-02  -0.25193E-01
 0.46154E+00   0.35986E-02  -0.24819E-01
 0.46257E+00   0.33396E-02  -0.24397E-01
 0.46355E+00   0.31364E-02  -0.23942E-01
 0.46449E+00   0.29934E-02  -0.23464E-01
 0.46537E+00   0.29093E-02  -0.22971E-01
 0.46621E+00   0.28653E-02  -0.22477E-01
 0.46702E+00   0.28453E-02  -0.21989E-01
 0.46779E+00   0.28363E-02  -0.21515E-01
 0.15800E-02   0.70911E-01  -0.65000E-01
 0.20855E-01   0.70729E-01  -0.65000E-01
 0.39388E-01   0.70557E-01  -0.65000E-01
 0.57209E-01   0.70426E-01  -0.65000E-01
 0.74344E-01   0.70307E-01  -0.65000E-01
 0.90818E-01   0.70096E-01  -0.65000E-01
 0.10665E+00   0.69671E-01  -0.65000E-01
 0.12187E+00   0.68984E-01  -0.65000E-01
 0.13650E+00   0.68194E-01  -0.65000E-01
 0.15056E+00   0.67362E-01  -0.65000E-01
 0.16407E+00   0.66547E-01  -0.64920E-01
 0.17707E+00   0.65734E-01  -0.64678E-01
 0.18955E+00   0.64886E-01  -0.64235E-01
 0.20153E+00   0.63981E-01  -0.63515E-01
 0.21305E+00   0.63042E-01  -0.62733E-01
 0.22410E+00   0.62077E-01  -0.61886E-01
 0.23471E+00   0.61074E-01  -0.60904E-01
 0.24490E+00   0.60060E-01  -0.59855E-01
 0.25469E+00   0.59035E-01  -0.58824E-01
 0.26408E+00   0.57964E-01  -0.57783E-01
 0.27310E+00   0.56845E-01  -0.56698E-01
 0.28175E+00   0.55690E-01  -0.55580E-01
 0.29005E+00   0.54513E-01  -0.54450E-01
 0.29801E+00   0.53314E-01  -0.53307E-01
 0.30565E+00   0.52092E-01  -0.52158E-01
 0.31297E+00   0.50831E-01  -0.50993E-01
 0.31998E+00   0.49531E-01  -0.49811E-01
 0.32670E+00   0.48199E-01  -0.48621E-01
 0.33313E+00   0.46834E-01  -0.47431E-01
 0.33930E+00   0.45444E-01  -0.46253E-01
 0.34521E+00   0.44047E-01  -0.45110E-01
 0.35088E+00   0.42657E-01  -0.44017E-01
 0.35633E+00   0.41289E-01  -0.42983E-01
 0.36157E+00   0.39939E-01  -0.41999E-01
 0.36659E+00   0.38601E-01  -0.41052E-01
 0.37141E+00   0.37270E-01  -0.40129E-01
 0.37602E+00   0.35937E-01  -0.39222E-01
 0.38044E+00   0.34613E-01  -0.38338E-01
 0.38467E+00   0.33302E-01  -0.37474E-01
 0.38872E+00   0.31999E-01  -0.36631E-01
 0.39261E+00   0.30718E-01  -0.35816E-01
 0.39634E+00   0.29459E-01  -0.35028E-01
 0.39993E+00   0.28231E-01  -0.34277E-01
 0.40337E+00   0.27038E-01  -0.33573E-01
 0.40668E+00   0.25878E-01  -0.32914E-01
 0.40985E+00   0.24737E-01  -0.32283E-01
 0.41290E+00   0.23616E-01  -0.31683E-01
 0.41582E+00   0.22523E-01  -0.31121E-01
 0.41864E+00   0.21468E-01  -0.30599E-01
 0.42134E+00   0.20445E-01  -0.30105E-01
 0.42395E+00   0.19459E-01  -0.29645E-01
 0.42645E+00   0.18506E-01  -0.29214E-01
 0.42885E+00   0.17572E-01  -0.28804E-01
 0.43115E+00   0.16650E-01  -0.28416E-01
 0.43335E+00   0.15743E-01  -0.28050E-01
 0.43547E+00   0.14858E-01  -0.27707E-01
 0.43750E+00   0.13999E-01  -0.27392E-01
 0.43946E+00   0.13173E-01  -0.27102E-01
 0.44134E+00   0.12386E-01  -0.26837E-01
 0.44316E+00   0.11641E-01  -0.26591E-01
 0.44492E+00   0.10939E-01  -0.26359E-01
 0.44661E+00   0.10276E-01  -0.26133E-01
 0.44824E+00   0.96507E-02  -0.25908E-01
 0.44981E+00   0.90527E-02  -0.25681E-01
 0.45131E+00   0.84610E-02  -0.25454E-01
 0.45274E+00   0.78620E-02  -0.25229E-01
 0.45411E+00   0.72705E-02  -0.25004E-01
 0.45542E+00   0.67051E-02  -0.24776E-01
 0.45669E+00   0.61807E-02  -0.24541E-01
 0.45792E+00   0.57090E-02  -0.24293E-01
 0.45911E+00   0.52963E-02  -0.24026E-01
 0.46026E+00   0.49430E-02  -0.23725E-01
 0.46136E+00   0.46439E-02  -0.23382E-01
 0.46240E+00   0.44021E-02  -0.22996E-01
 0.46341E+00   0.42216E-02  -0.22580E-01
 0.46437E+00   0.41083E-02  -0.22146E-01
 0.46528E+00   0.40627E-02  -0.21703E-01
 0.46615E+00   0.40637E-02  -0.21261E-01
 0.46699E+00   0.40916E-02  -0.20827E-01
 0.46779E+00   0.41310E-02  -0.20406E-01
 0.15800E-02   0.74022E-01  -0.65000E-01
 0.20861E-01   0.73828E-01  -0.65000E-01
 0.39401E-01   0.73643E-01  -0.65000E-01
 0.57229E-01   0.73502E-01  -0.65000E-01
 0.74371E-01   0.73373E-01  -0.65000E-01
 0.90852E-01   0.73149E-01  -0.65000E-01
 0.10669E+00   0.72700E-01  -0.65000E-01
 0.12192E+00   0.71979E-01  -0.65000E-01
 0.13655E+00   0.71151E-01  -0.65000E-01
 0.15061E+00   0.70278E-01  -0.64968E-01
 0.16412E+00   0.69409E-01  -0.64613E-01
 0.17712E+00   0.68537E-01  -0.64214E-01
 0.18960E+00   0.67630E-01  -0.63665E-01
 0.20157E+00   0.66665E-01  -0.62857E-01
 0.21307E+00   0.65651E-01  -0.61941E-01
 0.22411E+00   0.64595E-01  -0.60941E-01
 0.23471E+00   0.63511E-01  -0.59854E-01
 0.24489E+00   0.62433E-01  -0.58753E-01
 0.25467E+00   0.61344E-01  -0.57673E-01
 0.26405E+00   0.60193E-01  -0.56556E-01
 0.27305E+00   0.59000E-01  -0.55413E-01
 0.28169E+00   0.57783E-01  -0.54259E-01
 0.28998E+00   0.56546E-01  -0.53096E-01
 0.29794E+00   0.55292E-01  -0.51931E-01
 0.30556E+00   0.54013E-01  -0.50756E-01
 0.31287E+00   0.52691E-01  -0.49563E-01
 0.31988E+00   0.51337E-01  -0.48359E-01
 0.32658E+00   0.49953E-01  -0.47149E-01
 0.33301E+00   0.48543E-01  -0.45947E-01
 0.33917E+00   0.47118E-01  -0.44770E-01
 0.34508E+00   0.45695E-01  -0.43635E-01
 0.35075E+00   0.44288E-01  -0.42556E-01
 0.35620E+00   0.42901E-01  -0.41534E-01
 0.36143E+00   0.41528E-01  -0.40556E-01
 0.36645E+00   0.40166E-01  -0.39611E-01
 0.37126E+00   0.38812E-01  -0.38691E-01
 0.37587E+00   0.37459E-01  -0.37788E-01
 0.38029E+00   0.36116E-01  -0.36907E-01
 0.38452E+00   0.34787E-01  -0.36047E-01
 0.38857E+00   0.33472E-01  -0.35211E-01
 0.39246E+00   0.32170E-01  -0.34394E-01
 0.39619E+00   0.30899E-01  -0.33612E-01
 0.39977E+00   0.29664E-01  -0.32871E-01
 0.40322E+00   0.28470E-01  -0.32182E-01
 0.40653E+00   0.27306E-01  -0.31533E-01
 0.40971E+00   0.26160E-01  -0.30910E-01
 0.41275E+00   0.25038E-01  -0.30322E-01
 0.41568E+00   0.23944E-01  -0.29769E-01
 0.41850E+00   0.22888E-01  -0.29255E-01
 0.42120E+00   0.21858E-01  -0.28764E-01
 0.42380E+00   0.20859E-01  -0.28298E-01
 0.42629E+00   0.19888E-01  -0.27854E-01
 0.42869E+00   0.18937E-01  -0.27433E-01
 0.43098E+00   0.18005E-01  -0.27042E-01
 0.43319E+00   0.17097E-01  -0.26677E-01
 0.43531E+00   0.16214E-01  -0.26339E-01
 0.43734E+00   0.15358E-01  -0.26030E-01
 0.43930E+00   0.14533E-01  -0.25744E-01
 0.44119E+00   0.13746E-01  -0.25482E-01
 0.44301E+00   0.13006E-01  -0.25248E-01
 0.44478E+00   0.12314E-01  -0.25033E-01
 0.44648E+00   0.11662E-01  -0.24827E-01
 0.44811E+00   0.11045E-01  -0.24621E-01
 0.44969E+00   0.10454E-01  -0.24410E-01
 0.45119E+00   0.98676E-02  -0.24196E-01
 0.45263E+00   0.92705E-02  -0.23977E-01
 0.45399E+00   0.86727E-02  -0.23750E-01
 0.45529E+00   0.80904E-02  -0.23511E-01
 0.45655E+00   0.75412E-02  -0.23258E-01
 0.45777E+00   0.70432E-02  -0.22996E-01
 0.45895E+00   0.66086E-02  -0.22724E-01
 0.46009E+00   0.62427E-02  -0.22433E-01
 0.46120E+00   0.59428E-02  -0.22116E-01
 0.46227E+00   0.57122E-02  -0.21767E-01
 0.46329E+00   0.55498E-02  -0.21396E-01
 0.46427E+00   0.54579E-02  -0.21011E-01
 0.46521E+00   0.54356E-02  -0.20619E-01
 0.46611E+00   0.54614E-02  -0.20228E-01
 0.46696E+00   0.55147E-02  -0.19844E-01
 0.46779E+00   0.55790E-02  -0.19471E-01
 0.15800E-02   0.77164E-01  -0.65000E-01
 0.20867E-01   0.76957E-01  -0.65000E-01
 0.39411E-01   0.76760E-01  -0.65000E-01
 0.57244E-01   0.76609E-01  -0.65000E-01
 0.74392E-01   0.76471E-01  -0.65000E-01
 0.90878E-01   0.76232E-01  -0.65000E-01
 0.10672E+00   0.75761E-01  -0.65000E-01
 0.12195E+00   0.75005E-01  -0.65000E-01
 0.13658E+00   0.74138E-01  -0.64998E-01
 0.15064E+00   0.73209E-01  -0.64665E-01
 0.16415E+00   0.72272E-01  -0.64100E-01
 0.17713E+00   0.71332E-01  -0.63556E-01
 0.18960E+00   0.70349E-01  -0.62873E-01
 0.20157E+00   0.69310E-01  -0.61958E-01
 0.21306E+00   0.68213E-01  -0.60927E-01
 0.22408E+00   0.67070E-01  -0.59817E-01
 0.23467E+00   0.65924E-01  -0.58683E-01
 0.24485E+00   0.64800E-01  -0.57573E-01
 0.25461E+00   0.63638E-01  -0.56434E-01
 0.26398E+00   0.62416E-01  -0.55264E-01
 0.27297E+00   0.61161E-01  -0.54085E-01
 0.28160E+00   0.59888E-01  -0.52906E-01
 0.28989E+00   0.58602E-01  -0.51732E-01
 0.29783E+00   0.57299E-01  -0.50552E-01
 0.30545E+00   0.55965E-01  -0.49355E-01
 0.31275E+00   0.54594E-01  -0.48145E-01
 0.31974E+00   0.53191E-01  -0.46925E-01
 0.32644E+00   0.51759E-01  -0.45701E-01
 0.33286E+00   0.50312E-01  -0.44496E-01
 0.33902E+00   0.48863E-01  -0.43328E-01
 0.34493E+00   0.47417E-01  -0.42205E-01
 0.35060E+00   0.45996E-01  -0.41145E-01
 0.35605E+00   0.44592E-01  -0.40136E-01
 0.36128E+00   0.43198E-01  -0.39165E-01
 0.36630E+00   0.41814E-01  -0.38225E-01
 0.37111E+00   0.40441E-01  -0.37311E-01
 0.37571E+00   0.39076E-01  -0.36421E-01
 0.38013E+00   0.37720E-01  -0.35550E-01
 0.38436E+00   0.36379E-01  -0.34699E-01
 0.38842E+00   0.35054E-01  -0.33875E-01
 0.39230E+00   0.33745E-01  -0.33070E-01
 0.39603E+00   0.32466E-01  -0.32298E-01
 0.39962E+00   0.31226E-01  -0.31570E-01
 0.40307E+00   0.30035E-01  -0.30902E-01
 0.40639E+00   0.28872E-01  -0.30270E-01
 0.40957E+00   0.27725E-01  -0.29661E-01
 0.41262E+00   0.26600E-01  -0.29082E-01
 0.41555E+00   0.25505E-01  -0.28541E-01
 0.41837E+00   0.24445E-01  -0.28035E-01
 0.42107E+00   0.23417E-01  -0.27557E-01
 0.42367E+00   0.22418E-01  -0.27101E-01
 0.42617E+00   0.21444E-01  -0.26663E-01
 0.42856E+00   0.20492E-01  -0.26245E-01
 0.43086E+00   0.19553E-01  -0.25850E-01
 0.43306E+00   0.18638E-01  -0.25482E-01
 0.43518E+00   0.17753E-01  -0.25146E-01
 0.43721E+00   0.16896E-01  -0.24839E-01
 0.43917E+00   0.16067E-01  -0.24552E-01
 0.44106E+00   0.15274E-01  -0.24287E-01
 0.44288E+00   0.14530E-01  -0.24050E-01
 0.44464E+00   0.13835E-01  -0.23841E-01
 0.44635E+00   0.13187E-01  -0.23649E-01
 0.44799E+00   0.12576E-01  -0.23462E-01
 0.44957E+00   0.11992E-01  -0.23271E-01
 0.45108E+00   0.11415E-01  -0.23076E-01
 0.45252E+00   0.10828E-01  -0.22879E-01
 0.45389E+00   0.10238E-01  -0.22671E-01
 0.45520E+00   0.96588E-02  -0.22445E-01
 0.45646E+00   0.91061E-02  -0.22198E-01
 0.45767E+00   0.85978E-02  -0.21934E-01
 0.45884E+00   0.81473E-02  -0.21658E-01
 0.45998E+00   0.77653E-02  -0.21367E-01
 0.46109E+00   0.74546E-02  -0.21060E-01
 0.46217E+00   0.72213E-02  -0.20737E-01
 0.46320E+00   0.70622E-02  -0.20402E-01
 0.46420E+00   0.69766E-02  -0.20059E-01
 0.46516E+00   0.69625E-02  -0.19710E-01
 0.46607E+00   0.69980E-02  -0.19364E-01
 0.46695E+00   0.70619E-02  -0.19024E-01
 0.46779E+00   0.71370E-02  -0.18695E-01
 0.15800E-02   0.80337E-01  -0.65000E-01
 0.20871E-01   0.80117E-01  -0.65000E-01
 0.39420E-01   0.79908E-01  -0.65000E-01
 0.57256E-01   0.79747E-01  -0.65000E-01
 0.74407E-01   0.79599E-01  -0.65000E-01
 0.90897E-01   0.79347E-01  -0.65000E-01
 0.10675E+00   0.78852E-01  -0.65000E-01
 0.12197E+00   0.78061E-01  -0.65000E-01
 0.13660E+00   0.77149E-01  -0.64831E-01
 0.15065E+00   0.76142E-01  -0.64150E-01
 0.16414E+00   0.75130E-01  -0.63409E-01
 0.17712E+00   0.74104E-01  -0.62701E-01
 0.18957E+00   0.73025E-01  -0.61855E-01
 0.20153E+00   0.71899E-01  -0.60830E-01
 0.21300E+00   0.70719E-01  -0.59712E-01
 0.22402E+00   0.69517E-01  -0.58565E-01
 0.23460E+00   0.68332E-01  -0.57438E-01
 0.24477E+00   0.67145E-01  -0.56292E-01
 0.25453E+00   0.65914E-01  -0.55105E-01
 0.26389E+00   0.64632E-01  -0.53907E-01
 0.27287E+00   0.63324E-01  -0.52710E-01
 0.28150E+00   0.62006E-01  -0.51525E-01
 0.28977E+00   0.60674E-01  -0.50342E-01
 0.29771E+00   0.59323E-01  -0.49151E-01
 0.30532E+00   0.57941E-01  -0.47941E-01
 0.31261E+00   0.56521E-01  -0.46716E-01
 0.31959E+00   0.55068E-01  -0.45479E-01
 0.32628E+00   0.53596E-01  -0.44250E-01
 0.33270E+00   0.52122E-01  -0.43054E-01
 0.33885E+00   0.50652E-01  -0.41902E-01
 0.34476E+00   0.49196E-01  -0.40804E-01
 0.35044E+00   0.47765E-01  -0.39770E-01
 0.35589E+00   0.46346E-01  -0.38777E-01
 0.36112E+00   0.44933E-01  -0.37816E-01
 0.36613E+00   0.43530E-01  -0.36883E-01
 0.37094E+00   0.42140E-01  -0.35977E-01
 0.37555E+00   0.40765E-01  -0.35103E-01
 0.37997E+00   0.39401E-01  -0.34249E-01
 0.38420E+00   0.38055E-01  -0.33416E-01
 0.38826E+00   0.36726E-01  -0.32611E-01
 0.39215E+00   0.35418E-01  -0.31830E-01
 0.39589E+00   0.34138E-01  -0.31078E-01
 0.39947E+00   0.32893E-01  -0.30365E-01
 0.40293E+00   0.31701E-01  -0.29716E-01
 0.40625E+00   0.30536E-01  -0.29099E-01
 0.40944E+00   0.29391E-01  -0.28509E-01
 0.41249E+00   0.28269E-01  -0.27952E-01
 0.41543E+00   0.27174E-01  -0.27425E-01
 0.41825E+00   0.26113E-01  -0.26930E-01
 0.42096E+00   0.25088E-01  -0.26471E-01
 0.42357E+00   0.24094E-01  -0.26036E-01
 0.42607E+00   0.23123E-01  -0.25613E-01
 0.42846E+00   0.22170E-01  -0.25206E-01
 0.43076E+00   0.21232E-01  -0.24818E-01
 0.43296E+00   0.20316E-01  -0.24455E-01
 0.43508E+00   0.19428E-01  -0.24117E-01
 0.43711E+00   0.18566E-01  -0.23805E-01
 0.43907E+00   0.17732E-01  -0.23514E-01
 0.44095E+00   0.16932E-01  -0.23243E-01
 0.44277E+00   0.16179E-01  -0.22999E-01
 0.44453E+00   0.15477E-01  -0.22784E-01
 0.44623E+00   0.14823E-01  -0.22592E-01
 0.44788E+00   0.14210E-01  -0.22413E-01
 0.44946E+00   0.13628E-01  -0.22236E-01
 0.45098E+00   0.13057E-01  -0.22060E-01
 0.45242E+00   0.12481E-01  -0.21889E-01
 0.45380E+00   0.11903E-01  -0.21712E-01
 0.45512E+00   0.11334E-01  -0.21516E-01
 0.45639E+00   0.10789E-01  -0.21296E-01
 0.45760E+00   0.10283E-01  -0.21053E-01
 0.45878E+00   0.98288E-02  -0.20790E-01
 0.45992E+00   0.94401E-02  -0.20509E-01
 0.46103E+00   0.91217E-02  -0.20216E-01
 0.46211E+00   0.88814E-02  -0.19912E-01
 0.46315E+00   0.87160E-02  -0.19601E-01
 0.46416E+00   0.86244E-02  -0.19284E-01
 0.46512E+00   0.86045E-02  -0.18964E-01
 0.46605E+00   0.86348E-02  -0.18645E-01
 0.46694E+00   0.86940E-02  -0.18332E-01
 0.46779E+00   0.87647E-02  -0.18028E-01
 0.15800E-02   0.83541E-01  -0.64974E-01
 0.20874E-01   0.83309E-01  -0.64987E-01
 0.39426E-01   0.83088E-01  -0.65000E-01
 0.57265E-01   0.82916E-01  -0.65000E-01
 0.74419E-01   0.82759E-01  -0.65000E-01
 0.90910E-01   0.82493E-01  -0.65000E-01
 0.10676E+00   0.81973E-01  -0.64985E-01
 0.12199E+00   0.81134E-01  -0.64751E-01
 0.13661E+00   0.80136E-01  -0.64238E-01
 0.15063E+00   0.79041E-01  -0.63352E-01
 0.16412E+00   0.77942E-01  -0.62459E-01
 0.17707E+00   0.76813E-01  -0.61583E-01
 0.18951E+00   0.75630E-01  -0.60597E-01
 0.20145E+00   0.74419E-01  -0.59493E-01
 0.21292E+00   0.73180E-01  -0.58346E-01
 0.22393E+00   0.71939E-01  -0.57208E-01
 0.23451E+00   0.70698E-01  -0.56061E-01
 0.24467E+00   0.69447E-01  -0.54882E-01
 0.25442E+00   0.68161E-01  -0.53677E-01
 0.26377E+00   0.66830E-01  -0.52470E-01
 0.27275E+00   0.65479E-01  -0.51273E-01
 0.28137E+00   0.64120E-01  -0.50090E-01
 0.28964E+00   0.62746E-01  -0.48906E-01
 0.29757E+00   0.61350E-01  -0.47709E-01
 0.30517E+00   0.59922E-01  -0.46491E-01
 0.31245E+00   0.58451E-01  -0.45249E-01
 0.31942E+00   0.56953E-01  -0.44003E-01
 0.32611E+00   0.55455E-01  -0.42786E-01
 0.33253E+00   0.53960E-01  -0.41608E-01
 0.33869E+00   0.52480E-01  -0.40484E-01
 0.34460E+00   0.51019E-01  -0.39420E-01
 0.35029E+00   0.49578E-01  -0.38412E-01
 0.35574E+00   0.48142E-01  -0.37434E-01
 0.36096E+00   0.46713E-01  -0.36486E-01
 0.36598E+00   0.45297E-01  -0.35568E-01
 0.37078E+00   0.43897E-01  -0.34682E-01
 0.37539E+00   0.42512E-01  -0.33823E-01
 0.37981E+00   0.41142E-01  -0.32988E-01
 0.38405E+00   0.39790E-01  -0.32176E-01
 0.38812E+00   0.38463E-01  -0.31398E-01
 0.39202E+00   0.37158E-01  -0.30647E-01
 0.39576E+00   0.35880E-01  -0.29923E-01
 0.39935E+00   0.34637E-01  -0.29235E-01
 0.40281E+00   0.33440E-01  -0.28600E-01
 0.40613E+00   0.32273E-01  -0.28001E-01
 0.40932E+00   0.31128E-01  -0.27429E-01
 0.41238E+00   0.30006E-01  -0.26889E-01
 0.41532E+00   0.28911E-01  -0.26379E-01
 0.41814E+00   0.27849E-01  -0.25898E-01
 0.42086E+00   0.26828E-01  -0.25459E-01
 0.42348E+00   0.25841E-01  -0.25052E-01
 0.42598E+00   0.24876E-01  -0.24656E-01
 0.42838E+00   0.23927E-01  -0.24267E-01
 0.43068E+00   0.22992E-01  -0.23896E-01
 0.43289E+00   0.22077E-01  -0.23543E-01
 0.43501E+00   0.21187E-01  -0.23209E-01
 0.43704E+00   0.20322E-01  -0.22898E-01
 0.43899E+00   0.19485E-01  -0.22605E-01
 0.44087E+00   0.18682E-01  -0.22331E-01
 0.44269E+00   0.17922E-01  -0.22080E-01
 0.44445E+00   0.17211E-01  -0.21856E-01
 0.44614E+00   0.16548E-01  -0.21657E-01
 0.44778E+00   0.15927E-01  -0.21473E-01
 0.44937E+00   0.15340E-01  -0.21298E-01
 0.45088E+00   0.14770E-01  -0.21132E-01
 0.45234E+00   0.14200E-01  -0.20979E-01
 0.45373E+00   0.13631E-01  -0.20829E-01
 0.45505E+00   0.13073E-01  -0.20669E-01
 0.45633E+00   0.12538E-01  -0.20489E-01
 0.45756E+00   0.12040E-01  -0.20284E-01
 0.45874E+00   0.11590E-01  -0.20053E-01
 0.45989E+00   0.11200E-01  -0.19797E-01
 0.46100E+00   0.10878E-01  -0.19524E-01
 0.46208E+00   0.10630E-01  -0.19238E-01
 0.46313E+00   0.10454E-01  -0.18942E-01
 0.46414E+00   0.10351E-01  -0.18639E-01
 0.46511E+00   0.10318E-01  -0.18332E-01
 0.46604E+00   0.10335E-01  -0.18026E-01
 0.46693E+00   0.10381E-01  -0.17725E-01
 0.46779E+00   0.10439E-01  -0.17433E-01
 0.15800E-02   0.86607E-01  -0.64131E-01
 0.20875E-01   0.86375E-01  -0.64184E-01
 0.39429E-01   0.86150E-01  -0.64227E-01
 0.57267E-01   0.86031E-01  -0.64517E-01
 0.74420E-01   0.85899E-01  -0.64714E-01
 0.90911E-01   0.85589E-01  -0.64536E-01
 0.10676E+00   0.85007E-01  -0.64288E-01
 0.12197E+00   0.84079E-01  -0.63823E-01
 0.13657E+00   0.82942E-01  -0.63040E-01
 0.15059E+00   0.81749E-01  -0.62031E-01
 0.16406E+00   0.80575E-01  -0.61069E-01
 0.17700E+00   0.79352E-01  -0.60097E-01
 0.18943E+00   0.78092E-01  -0.59058E-01
 0.20136E+00   0.76831E-01  -0.57947E-01
 0.21283E+00   0.75556E-01  -0.56815E-01
 0.22384E+00   0.74272E-01  -0.55681E-01
 0.23441E+00   0.72980E-01  -0.54525E-01
 0.24457E+00   0.71683E-01  -0.53344E-01
 0.25431E+00   0.70349E-01  -0.52136E-01
 0.26366E+00   0.68980E-01  -0.50938E-01
 0.27264E+00   0.67599E-01  -0.49759E-01
 0.28125E+00   0.66203E-01  -0.48585E-01
 0.28952E+00   0.64790E-01  -0.47406E-01
 0.29744E+00   0.63354E-01  -0.46211E-01
 0.30503E+00   0.61880E-01  -0.44984E-01
 0.31230E+00   0.60365E-01  -0.43736E-01
 0.31927E+00   0.58842E-01  -0.42505E-01
 0.32596E+00   0.57324E-01  -0.41309E-01
 0.33238E+00   0.55820E-01  -0.40163E-01
 0.33854E+00   0.54339E-01  -0.39080E-01
 0.34447E+00   0.52872E-01  -0.38049E-01
 0.35015E+00   0.51420E-01  -0.37066E-01
 0.35560E+00   0.49971E-01  -0.36108E-01
 0.36083E+00   0.48528E-01  -0.35177E-01
 0.36584E+00   0.47100E-01  -0.34276E-01
 0.37065E+00   0.45691E-01  -0.33409E-01
 0.37526E+00   0.44296E-01  -0.32568E-01
 0.37968E+00   0.42921E-01  -0.31755E-01
 0.38393E+00   0.41568E-01  -0.30968E-01
 0.38800E+00   0.40241E-01  -0.30217E-01
 0.39190E+00   0.38938E-01  -0.29497E-01
 0.39565E+00   0.37665E-01  -0.28807E-01
 0.39925E+00   0.36427E-01  -0.28152E-01
 0.40272E+00   0.35229E-01  -0.27538E-01
 0.40604E+00   0.34057E-01  -0.26953E-01
 0.40923E+00   0.32910E-01  -0.26398E-01
 0.41230E+00   0.31787E-01  -0.25875E-01
 0.41524E+00   0.30692E-01  -0.25382E-01
 0.41806E+00   0.29629E-01  -0.24914E-01
 0.42078E+00   0.28609E-01  -0.24494E-01
 0.42340E+00   0.27625E-01  -0.24110E-01
 0.42592E+00   0.26667E-01  -0.23739E-01
 0.42833E+00   0.25726E-01  -0.23381E-01
 0.43063E+00   0.24796E-01  -0.23035E-01
 0.43284E+00   0.23884E-01  -0.22700E-01
 0.43496E+00   0.22996E-01  -0.22378E-01
 0.43700E+00   0.22131E-01  -0.22074E-01
 0.43895E+00   0.21292E-01  -0.21784E-01
 0.44083E+00   0.20485E-01  -0.21508E-01
 0.44264E+00   0.19720E-01  -0.21253E-01
 0.44439E+00   0.19002E-01  -0.21020E-01
 0.44609E+00   0.18330E-01  -0.20810E-01
 0.44773E+00   0.17701E-01  -0.20618E-01
 0.44930E+00   0.17106E-01  -0.20437E-01
 0.45082E+00   0.16531E-01  -0.20270E-01
 0.45227E+00   0.15960E-01  -0.20122E-01
 0.45366E+00   0.15395E-01  -0.19988E-01
 0.45500E+00   0.14843E-01  -0.19853E-01
 0.45628E+00   0.14316E-01  -0.19707E-01
 0.45752E+00   0.13825E-01  -0.19539E-01
 0.45871E+00   0.13380E-01  -0.19343E-01
 0.45986E+00   0.12993E-01  -0.19119E-01
 0.46098E+00   0.12668E-01  -0.18872E-01
 0.46207E+00   0.12414E-01  -0.18607E-01
 0.46312E+00   0.12229E-01  -0.18327E-01
 0.46413E+00   0.12113E-01  -0.18037E-01
 0.46510E+00   0.12066E-01  -0.17738E-01
 0.46604E+00   0.12066E-01  -0.17438E-01
 0.46693E+00   0.12096E-01  -0.17141E-01
 0.46779E+00   0.12137E-01  -0.16853E-01
 0.15800E-02   0.89026E-01  -0.62116E-01
 0.20873E-01   0.88879E-01  -0.62305E-01
 0.39423E-01   0.88745E-01  -0.62494E-01
 0.57260E-01   0.88522E-01  -0.62646E-01
 0.74412E-01   0.88304E-01  -0.62795E-01
 0.90904E-01   0.88263E-01  -0.62951E-01
 0.10675E+00   0.87682E-01  -0.62725E-01
 0.12195E+00   0.86630E-01  -0.62121E-01
 0.13653E+00   0.85373E-01  -0.61218E-01
 0.15054E+00   0.84140E-01  -0.60215E-01
 0.16400E+00   0.82921E-01  -0.59251E-01
 0.17694E+00   0.81657E-01  -0.58284E-01
 0.18937E+00   0.80370E-01  -0.57269E-01
 0.20130E+00   0.79086E-01  -0.56192E-01
 0.21276E+00   0.77789E-01  -0.55091E-01
 0.22377E+00   0.76474E-01  -0.53976E-01
 0.23434E+00   0.75150E-01  -0.52838E-01
 0.24449E+00   0.73813E-01  -0.51665E-01
 0.25423E+00   0.72451E-01  -0.50481E-01
 0.26358E+00   0.71063E-01  -0.49315E-01
 0.27255E+00   0.69655E-01  -0.48159E-01
 0.28117E+00   0.68232E-01  -0.47004E-01
 0.28943E+00   0.66789E-01  -0.45840E-01
 0.29735E+00   0.65318E-01  -0.44652E-01
 0.30493E+00   0.63803E-01  -0.43424E-01
 0.31219E+00   0.62260E-01  -0.42190E-01
 0.31916E+00   0.60722E-01  -0.40987E-01
 0.32585E+00   0.59200E-01  -0.39830E-01
 0.33228E+00   0.57696E-01  -0.38728E-01
 0.33845E+00   0.56211E-01  -0.37683E-01
 0.34438E+00   0.54737E-01  -0.36683E-01
 0.35006E+00   0.53273E-01  -0.35723E-01
 0.35551E+00   0.51809E-01  -0.34782E-01
 0.36074E+00   0.50356E-01  -0.33872E-01
 0.36575E+00   0.48919E-01  -0.32994E-01
 0.37056E+00   0.47503E-01  -0.32149E-01
 0.37517E+00   0.46102E-01  -0.31330E-01
 0.37960E+00   0.44723E-01  -0.30542E-01
 0.38384E+00   0.43369E-01  -0.29782E-01
 0.38792E+00   0.42041E-01  -0.29057E-01
 0.39183E+00   0.40741E-01  -0.28368E-01
 0.39559E+00   0.39472E-01  -0.27710E-01
 0.39920E+00   0.38238E-01  -0.27089E-01
 0.40266E+00   0.37040E-01  -0.26500E-01
 0.40599E+00   0.35868E-01  -0.25938E-01
 0.40918E+00   0.34721E-01  -0.25404E-01
 0.41225E+00   0.33598E-01  -0.24900E-01
 0.41519E+00   0.32502E-01  -0.24423E-01
 0.41802E+00   0.31438E-01  -0.23971E-01
 0.42074E+00   0.30416E-01  -0.23563E-01
 0.42336E+00   0.29433E-01  -0.23193E-01
 0.42588E+00   0.28477E-01  -0.22843E-01
 0.42829E+00   0.27542E-01  -0.22509E-01
 0.43061E+00   0.26618E-01  -0.22191E-01
 0.43282E+00   0.25713E-01  -0.21883E-01
 0.43495E+00   0.24829E-01  -0.21583E-01
 0.43699E+00   0.23967E-01  -0.21293E-01
 0.43894E+00   0.23129E-01  -0.21014E-01
 0.44082E+00   0.22322E-01  -0.20745E-01
 0.44263E+00   0.21554E-01  -0.20490E-01
 0.44438E+00   0.20831E-01  -0.20252E-01
 0.44607E+00   0.20151E-01  -0.20032E-01
 0.44770E+00   0.19513E-01  -0.19829E-01
 0.44928E+00   0.18910E-01  -0.19639E-01
 0.45079E+00   0.18329E-01  -0.19466E-01
 0.45224E+00   0.17754E-01  -0.19317E-01
 0.45363E+00   0.17186E-01  -0.19185E-01
 0.45497E+00   0.16636E-01  -0.19061E-01
 0.45625E+00   0.16112E-01  -0.18933E-01
 0.45749E+00   0.15625E-01  -0.18789E-01
 0.45869E+00   0.15182E-01  -0.18619E-01
 0.45985E+00   0.14795E-01  -0.18420E-01
 0.46097E+00   0.14468E-01  -0.18197E-01
 0.46206E+00   0.14208E-01  -0.17951E-01
 0.46311E+00   0.14014E-01  -0.17687E-01
 0.46413E+00   0.13886E-01  -0.17408E-01
 0.46510E+00   0.13824E-01  -0.17117E-01
 0.46603E+00   0.13808E-01  -0.16822E-01
 0.46693E+00   0.13820E-01  -0.16528E-01
 0.46779E+00   0.13843E-01  -0.16242E-01
 0.15800E-02   0.90392E-01  -0.59315E-01
 0.20865E-01   0.90336E-01  -0.59554E-01
 0.39408E-01   0.90269E-01  -0.59782E-01
 0.57238E-01   0.90174E-01  -0.60031E-01
 0.74382E-01   0.90083E-01  -0.60278E-01
 0.90867E-01   0.90029E-01  -0.60417E-01
 0.10671E+00   0.89527E-01  -0.60272E-01
 0.12191E+00   0.88506E-01  -0.59714E-01
 0.13649E+00   0.87322E-01  -0.58906E-01
 0.15051E+00   0.86150E-01  -0.58000E-01
 0.16398E+00   0.84959E-01  -0.57107E-01
 0.17691E+00   0.83720E-01  -0.56212E-01
 0.18934E+00   0.82442E-01  -0.55256E-01
 0.20127E+00   0.81159E-01  -0.54232E-01
 0.21274E+00   0.79853E-01  -0.53175E-01
 0.22374E+00   0.78527E-01  -0.52099E-01
 0.23431E+00   0.77182E-01  -0.50990E-01
 0.24445E+00   0.75831E-01  -0.49856E-01
 0.25419E+00   0.74466E-01  -0.48719E-01
 0.26354E+00   0.73067E-01  -0.47594E-01
 0.27252E+00   0.71645E-01  -0.46474E-01
 0.28113E+00   0.70202E-01  -0.45347E-01
 0.28938E+00   0.68734E-01  -0.44203E-01
 0.29729E+00   0.67230E-01  -0.43025E-01
 0.30487E+00   0.65690E-01  -0.41815E-01
 0.31213E+00   0.64134E-01  -0.40611E-01
 0.31910E+00   0.62596E-01  -0.39452E-01
 0.32580E+00   0.61078E-01  -0.38345E-01
 0.33223E+00   0.59577E-01  -0.37290E-01
 0.33841E+00   0.58087E-01  -0.36281E-01
 0.34434E+00   0.56607E-01  -0.35315E-01
 0.35002E+00   0.55131E-01  -0.34378E-01
 0.35547E+00   0.53660E-01  -0.33464E-01
 0.36069E+00   0.52197E-01  -0.32576E-01
 0.36571E+00   0.50751E-01  -0.31719E-01
 0.37052E+00   0.49327E-01  -0.30895E-01
 0.37513E+00   0.47923E-01  -0.30103E-01
 0.37956E+00   0.46542E-01  -0.29342E-01
 0.38381E+00   0.45187E-01  -0.28611E-01
 0.38788E+00   0.43861E-01  -0.27917E-01
 0.39180E+00   0.42561E-01  -0.27255E-01
 0.39556E+00   0.41294E-01  -0.26626E-01
 0.39917E+00   0.40063E-01  -0.26037E-01
 0.40264E+00   0.38866E-01  -0.25475E-01
 0.40597E+00   0.37697E-01  -0.24940E-01
 0.40917E+00   0.36550E-01  -0.24430E-01
 0.41224E+00   0.35428E-01  -0.23947E-01
 0.41518E+00   0.34332E-01  -0.23489E-01
 0.41801E+00   0.33268E-01  -0.23054E-01
 0.42073E+00   0.32245E-01  -0.22657E-01
 0.42335E+00   0.31259E-01  -0.22296E-01
 0.42587E+00   0.30304E-01  -0.21960E-01
 0.42829E+00   0.29371E-01  -0.21644E-01
 0.43060E+00   0.28451E-01  -0.21346E-01
 0.43282E+00   0.27551E-01  -0.21062E-01
 0.43495E+00   0.26673E-01  -0.20788E-01
 0.43700E+00   0.25816E-01  -0.20521E-01
 0.43895E+00   0.24982E-01  -0.20260E-01
 0.44084E+00   0.24178E-01  -0.20006E-01
 0.44265E+00   0.23410E-01  -0.19759E-01
 0.44439E+00   0.22684E-01  -0.19522E-01
 0.44608E+00   0.22000E-01  -0.19298E-01
 0.44771E+00   0.21355E-01  -0.19088E-01
 0.44928E+00   0.20745E-01  -0.18889E-01
 0.45079E+00   0.20156E-01  -0.18708E-01
 0.45223E+00   0.19576E-01  -0.18552E-01
 0.45362E+00   0.19004E-01  -0.18417E-01
 0.45495E+00   0.18451E-01  -0.18294E-01
 0.45624E+00   0.17926E-01  -0.18172E-01
 0.45748E+00   0.17439E-01  -0.18037E-01
 0.45868E+00   0.16996E-01  -0.17880E-01
 0.45984E+00   0.16606E-01  -0.17697E-01
 0.46097E+00   0.16274E-01  -0.17488E-01
 0.46205E+00   0.16007E-01  -0.17255E-01
 0.46311E+00   0.15802E-01  -0.17002E-01
 0.46412E+00   0.15662E-01  -0.16732E-01
 0.46509E+00   0.15584E-01  -0.16449E-01
 0.46603E+00   0.15552E-01  -0.16161E-01
 0.46693E+00   0.15548E-01  -0.15875E-01
 0.46779E+00   0.15556E-01  -0.15595E-01
 0.15800E-02   0.90625E-01  -0.56223E-01
 0.20852E-01   0.90625E-01  -0.56472E-01
 0.39383E-01   0.90625E-01  -0.56714E-01
 0.57201E-01   0.90625E-01  -0.56982E-01
 0.74333E-01   0.90622E-01  -0.57247E-01
 0.90808E-01   0.90616E-01  -0.57402E-01
 0.10665E+00   0.90302E-01  -0.57314E-01
 0.12185E+00   0.89590E-01  -0.56876E-01
 0.13646E+00   0.88709E-01  -0.56233E-01
 0.15049E+00   0.87747E-01  -0.55484E-01
 0.16397E+00   0.86684E-01  -0.54717E-01
 0.17691E+00   0.85512E-01  -0.53912E-01
 0.18934E+00   0.84274E-01  -0.53032E-01
 0.20127E+00   0.83013E-01  -0.52073E-01
 0.21273E+00   0.81722E-01  -0.51074E-01
 0.22374E+00   0.80408E-01  -0.50053E-01
 0.23430E+00   0.79079E-01  -0.49005E-01
 0.24445E+00   0.77745E-01  -0.47935E-01
 0.25419E+00   0.76387E-01  -0.46856E-01
 0.26354E+00   0.74994E-01  -0.45785E-01
 0.27251E+00   0.73565E-01  -0.44706E-01
 0.28112E+00   0.72107E-01  -0.43610E-01
 0.28937E+00   0.70618E-01  -0.42490E-01
 0.29727E+00   0.69089E-01  -0.41330E-01
 0.30485E+00   0.67539E-01  -0.40154E-01
 0.31211E+00   0.65989E-01  -0.39001E-01
 0.31909E+00   0.64458E-01  -0.37895E-01
 0.32580E+00   0.62950E-01  -0.36843E-01
 0.33223E+00   0.61450E-01  -0.35833E-01
 0.33841E+00   0.59959E-01  -0.34864E-01
 0.34433E+00   0.58474E-01  -0.33931E-01
 0.35002E+00   0.56990E-01  -0.33021E-01
 0.35546E+00   0.55512E-01  -0.32136E-01
 0.36069E+00   0.54044E-01  -0.31277E-01
 0.36570E+00   0.52593E-01  -0.30446E-01
 0.37051E+00   0.51163E-01  -0.29646E-01
 0.37512E+00   0.49757E-01  -0.28882E-01
 0.37955E+00   0.48374E-01  -0.28150E-01
 0.38380E+00   0.47021E-01  -0.27450E-01
 0.38788E+00   0.45696E-01  -0.26784E-01
 0.39180E+00   0.44397E-01  -0.26152E-01
 0.39556E+00   0.43131E-01  -0.25552E-01
 0.39918E+00   0.41902E-01  -0.24991E-01
 0.40265E+00   0.40705E-01  -0.24453E-01
 0.40598E+00   0.39536E-01  -0.23942E-01
 0.40918E+00   0.38393E-01  -0.23461E-01
 0.41225E+00   0.37273E-01  -0.23002E-01
 0.41520E+00   0.36179E-01  -0.22568E-01
 0.41803E+00   0.35115E-01  -0.22149E-01
 0.42075E+00   0.34090E-01  -0.21764E-01
 0.42337E+00   0.33103E-01  -0.21412E-01
 0.42588E+00   0.32146E-01  -0.21085E-01
 0.42830E+00   0.31213E-01  -0.20781E-01
 0.43062E+00   0.30296E-01  -0.20500E-01
 0.43284E+00   0.29399E-01  -0.20235E-01
 0.43497E+00   0.28526E-01  -0.19980E-01
 0.43702E+00   0.27674E-01  -0.19734E-01
 0.43898E+00   0.26845E-01  -0.19495E-01
 0.44086E+00   0.26046E-01  -0.19261E-01
 0.44268E+00   0.25281E-01  -0.19029E-01
 0.44442E+00   0.24554E-01  -0.18801E-01
 0.44611E+00   0.23868E-01  -0.18579E-01
 0.44773E+00   0.23219E-01  -0.18366E-01
 0.44930E+00   0.22603E-01  -0.18164E-01
 0.45080E+00   0.22008E-01  -0.17978E-01
 0.45225E+00   0.21422E-01  -0.17816E-01
 0.45363E+00   0.20846E-01  -0.17675E-01
 0.45496E+00   0.20289E-01  -0.17546E-01
 0.45624E+00   0.19760E-01  -0.17419E-01
 0.45748E+00   0.19269E-01  -0.17284E-01
 0.45868E+00   0.18823E-01  -0.17130E-01
 0.45984E+00   0.18429E-01  -0.16954E-01
 0.46096E+00   0.18091E-01  -0.16754E-01
 0.46205E+00   0.17814E-01  -0.16529E-01
 0.46310E+00   0.17599E-01  -0.16285E-01
 0.46411E+00   0.17445E-01  -0.16025E-01
 0.46509E+00   0.17353E-01  -0.15752E-01
 0.46602E+00   0.17307E-01  -0.15474E-01
 0.46692E+00   0.17287E-01  -0.15197E-01
 0.46779E+00   0.17280E-01  -0.14926E-01
 0.15800E-02   0.90624E-01  -0.53143E-01
 0.20837E-01   0.90623E-01  -0.53394E-01
 0.39354E-01   0.90622E-01  -0.53637E-01
 0.57159E-01   0.90622E-01  -0.53904E-01
 0.74279E-01   0.90622E-01  -0.54169E-01
 0.90741E-01   0.90623E-01  -0.54329E-01
 0.10657E+00   0.90494E-01  -0.54261E-01
 0.12178E+00   0.90152E-01  -0.53897E-01
 0.13640E+00   0.89630E-01  -0.53377E-01
 0.15044E+00   0.88937E-01  -0.52765E-01
 0.16393E+00   0.88044E-01  -0.52112E-01
 0.17687E+00   0.86981E-01  -0.51404E-01
 0.18931E+00   0.85826E-01  -0.50612E-01
 0.20124E+00   0.84628E-01  -0.49734E-01
 0.21271E+00   0.83398E-01  -0.48818E-01
 0.22372E+00   0.82133E-01  -0.47877E-01
 0.23429E+00   0.80850E-01  -0.46908E-01
 0.24444E+00   0.79555E-01  -0.45916E-01
 0.25419E+00   0.78226E-01  -0.44908E-01
 0.26354E+00   0.76840E-01  -0.43890E-01
 0.27251E+00   0.75411E-01  -0.42855E-01
 0.28111E+00   0.73944E-01  -0.41795E-01
 0.28935E+00   0.72436E-01  -0.40699E-01
 0.29725E+00   0.70900E-01  -0.39575E-01
 0.30483E+00   0.69356E-01  -0.38448E-01
 0.31210E+00   0.67821E-01  -0.37354E-01
 0.31909E+00   0.66304E-01  -0.36307E-01
 0.32580E+00   0.64807E-01  -0.35310E-01
 0.33224E+00   0.63313E-01  -0.34348E-01
 0.33841E+00   0.61824E-01  -0.33422E-01
 0.34434E+00   0.60335E-01  -0.32524E-01
 0.35002E+00   0.58848E-01  -0.31648E-01
 0.35547E+00   0.57366E-01  -0.30792E-01
 0.36069E+00   0.55893E-01  -0.29962E-01
 0.36570E+00   0.54440E-01  -0.29162E-01
 0.37051E+00   0.53011E-01  -0.28396E-01
 0.37513E+00   0.51604E-01  -0.27661E-01
 0.37956E+00   0.50221E-01  -0.26959E-01
 0.38381E+00   0.48870E-01  -0.26291E-01
 0.38789E+00   0.47545E-01  -0.25655E-01
 0.39181E+00   0.46248E-01  -0.25052E-01
 0.39558E+00   0.44983E-01  -0.24480E-01
 0.39919E+00   0.43754E-01  -0.23942E-01
 0.40267E+00   0.42558E-01  -0.23430E-01
 0.40600E+00   0.41390E-01  -0.22944E-01
 0.40920E+00   0.40248E-01  -0.22487E-01
 0.41227E+00   0.39131E-01  -0.22054E-01
 0.41522E+00   0.38040E-01  -0.21643E-01
 0.41805E+00   0.36979E-01  -0.21249E-01
 0.42077E+00   0.35954E-01  -0.20878E-01
 0.42339E+00   0.34964E-01  -0.20533E-01
 0.42590E+00   0.34006E-01  -0.20214E-01
 0.42832E+00   0.33072E-01  -0.19919E-01
 0.43064E+00   0.32156E-01  -0.19650E-01
 0.43286E+00   0.31261E-01  -0.19398E-01
 0.43499E+00   0.30391E-01  -0.19157E-01
 0.43704E+00   0.29544E-01  -0.18929E-01
 0.43900E+00   0.28719E-01  -0.18709E-01
 0.44089E+00   0.27923E-01  -0.18491E-01
 0.44270E+00   0.27161E-01  -0.18275E-01
 0.44445E+00   0.26437E-01  -0.18061E-01
 0.44614E+00   0.25751E-01  -0.17850E-01
 0.44776E+00   0.25100E-01  -0.17643E-01
 0.44932E+00   0.24481E-01  -0.17443E-01
 0.45082E+00   0.23882E-01  -0.17257E-01
 0.45226E+00   0.23291E-01  -0.17090E-01
 0.45364E+00   0.22710E-01  -0.16941E-01
 0.45497E+00   0.22148E-01  -0.16804E-01
 0.45625E+00   0.21615E-01  -0.16671E-01
 0.45748E+00   0.21119E-01  -0.16532E-01
 0.45868E+00   0.20668E-01  -0.16377E-01
 0.45983E+00   0.20268E-01  -0.16201E-01
 0.46095E+00   0.19922E-01  -0.16005E-01
 0.46204E+00   0.19637E-01  -0.15788E-01
 0.46309E+00   0.19410E-01  -0.15554E-01
 0.46410E+00   0.19244E-01  -0.15305E-01
 0.46508E+00   0.19139E-01  -0.15044E-01
 0.46602E+00   0.19078E-01  -0.14778E-01
 0.46692E+00   0.19044E-01  -0.14513E-01
 0.46779E+00   0.19022E-01  -0.14255E-01
 0.15800E-02   0.90625E-01  -0.50094E-01
 0.20823E-01   0.90625E-01  -0.50343E-01
 0.39325E-01   0.90625E-01  -0.50586E-01
 0.57116E-01   0.90625E-01  -0.50850E-01
 0.74222E-01   0.90625E-01  -0.51112E-01
 0.90671E-01   0.90625E-01  -0.51274E-01
 0.10649E+00   0.90604E-01  -0.51221E-01
 0.12169E+00   0.90486E-01  -0.50898E-01
 0.13631E+00   0.90213E-01  -0.50447E-01
 0.15035E+00   0.89731E-01  -0.49916E-01
 0.16384E+00   0.89017E-01  -0.49350E-01
 0.17680E+00   0.88112E-01  -0.48734E-01
 0.18924E+00   0.87095E-01  -0.48038E-01
 0.20118E+00   0.86009E-01  -0.47254E-01
 0.21265E+00   0.84876E-01  -0.46432E-01
 0.22367E+00   0.83707E-01  -0.45590E-01
 0.23425E+00   0.82504E-01  -0.44717E-01
 0.24441E+00   0.81264E-01  -0.43809E-01
 0.25416E+00   0.79967E-01  -0.42869E-01
 0.26351E+00   0.78598E-01  -0.41908E-01
 0.27248E+00   0.77175E-01  -0.40920E-01
 0.28108E+00   0.75703E-01  -0.39896E-01
 0.28932E+00   0.74191E-01  -0.38837E-01
 0.29722E+00   0.72664E-01  -0.37762E-01
 0.30481E+00   0.71138E-01  -0.36694E-01
 0.31209E+00   0.69629E-01  -0.35668E-01
 0.31908E+00   0.68131E-01  -0.34682E-01
 0.32580E+00   0.66645E-01  -0.33739E-01
 0.33224E+00   0.65160E-01  -0.32827E-01
 0.33842E+00   0.63674E-01  -0.31944E-01
 0.34435E+00   0.62188E-01  -0.31087E-01
 0.35003E+00   0.60700E-01  -0.30246E-01
 0.35547E+00   0.59216E-01  -0.29424E-01
 0.36070E+00   0.57744E-01  -0.28628E-01
 0.36571E+00   0.56291E-01  -0.27862E-01
 0.37052E+00   0.54862E-01  -0.27127E-01
 0.37514E+00   0.53455E-01  -0.26425E-01
 0.37957E+00   0.52074E-01  -0.25754E-01
 0.38382E+00   0.50725E-01  -0.25118E-01
 0.38791E+00   0.49404E-01  -0.24515E-01
 0.39183E+00   0.48108E-01  -0.23941E-01
 0.39560E+00   0.46845E-01  -0.23397E-01
 0.39921E+00   0.45617E-01  -0.22886E-01
 0.40269E+00   0.44421E-01  -0.22397E-01
 0.40602E+00   0.43255E-01  -0.21935E-01
 0.40922E+00   0.42114E-01  -0.21502E-01
 0.41230E+00   0.41000E-01  -0.21094E-01
 0.41525E+00   0.39911E-01  -0.20706E-01
 0.41808E+00   0.38854E-01  -0.20336E-01
 0.42080E+00   0.37830E-01  -0.19982E-01
 0.42341E+00   0.36839E-01  -0.19647E-01
 0.42593E+00   0.35880E-01  -0.19338E-01
 0.42834E+00   0.34946E-01  -0.19051E-01
 0.43066E+00   0.34030E-01  -0.18791E-01
 0.43288E+00   0.33136E-01  -0.18551E-01
 0.43501E+00   0.32269E-01  -0.18323E-01
 0.43706E+00   0.31425E-01  -0.18109E-01
 0.43903E+00   0.30604E-01  -0.17902E-01
 0.44092E+00   0.29811E-01  -0.17698E-01
 0.44273E+00   0.29051E-01  -0.17495E-01
 0.44448E+00   0.28329E-01  -0.17294E-01
 0.44616E+00   0.27643E-01  -0.17094E-01
 0.44779E+00   0.26991E-01  -0.16896E-01
 0.44935E+00   0.26371E-01  -0.16706E-01
 0.45085E+00   0.25771E-01  -0.16527E-01
 0.45229E+00   0.25177E-01  -0.16362E-01
 0.45366E+00   0.24592E-01  -0.16209E-01
 0.45499E+00   0.24026E-01  -0.16065E-01
 0.45626E+00   0.23489E-01  -0.15926E-01
 0.45749E+00   0.22988E-01  -0.15780E-01
 0.45868E+00   0.22531E-01  -0.15621E-01
 0.45983E+00   0.22124E-01  -0.15444E-01
 0.46095E+00   0.21771E-01  -0.15252E-01
 0.46204E+00   0.21477E-01  -0.15042E-01
 0.46309E+00   0.21240E-01  -0.14818E-01
 0.46410E+00   0.21062E-01  -0.14581E-01
 0.46508E+00   0.20943E-01  -0.14331E-01
 0.46602E+00   0.20867E-01  -0.14075E-01
 0.46692E+00   0.20817E-01  -0.13821E-01
 0.46779E+00   0.20780E-01  -0.13572E-01
 0.15800E-02   0.90625E-01  -0.47075E-01
 0.20807E-01   0.90625E-01  -0.47321E-01
 0.39295E-01   0.90625E-01  -0.47559E-01
 0.57071E-01   0.90625E-01  -0.47819E-01
 0.74164E-01   0.90625E-01  -0.48076E-01
 0.90600E-01   0.90625E-01  -0.48237E-01
 0.10640E+00   0.90625E-01  -0.48196E-01
 0.12160E+00   0.90625E-01  -0.47899E-01
 0.13620E+00   0.90530E-01  -0.47487E-01
 0.15024E+00   0.90216E-01  -0.47009E-01
 0.16373E+00   0.89678E-01  -0.46506E-01
 0.17669E+00   0.88945E-01  -0.45965E-01
 0.18914E+00   0.88086E-01  -0.45352E-01
 0.20109E+00   0.87156E-01  -0.44664E-01
 0.21257E+00   0.86168E-01  -0.43944E-01
 0.22360E+00   0.85122E-01  -0.43203E-01
 0.23420E+00   0.84011E-01  -0.42423E-01
 0.24436E+00   0.82835E-01  -0.41595E-01
 0.25411E+00   0.81581E-01  -0.40725E-01
 0.26347E+00   0.80244E-01  -0.39827E-01
 0.27243E+00   0.78829E-01  -0.38884E-01
 0.28103E+00   0.77365E-01  -0.37905E-01
 0.28928E+00   0.75871E-01  -0.36899E-01
 0.29718E+00   0.74368E-01  -0.35884E-01
 0.30478E+00   0.72878E-01  -0.34887E-01
 0.31207E+00   0.71399E-01  -0.33929E-01
 0.31907E+00   0.69925E-01  -0.33008E-01
 0.32579E+00   0.68455E-01  -0.32121E-01
 0.33224E+00   0.66980E-01  -0.31258E-01
 0.33842E+00   0.65503E-01  -0.30423E-01
 0.34435E+00   0.64020E-01  -0.29605E-01
 0.35003E+00   0.62534E-01  -0.28802E-01
 0.35548E+00   0.61053E-01  -0.28018E-01
 0.36071E+00   0.59585E-01  -0.27260E-01
 0.36572E+00   0.58136E-01  -0.26532E-01
 0.37053E+00   0.56710E-01  -0.25833E-01
 0.37515E+00   0.55305E-01  -0.25163E-01
 0.37958E+00   0.53927E-01  -0.24525E-01
 0.38384E+00   0.52582E-01  -0.23923E-01
 0.38793E+00   0.51263E-01  -0.23351E-01
 0.39185E+00   0.49972E-01  -0.22810E-01
 0.39562E+00   0.48712E-01  -0.22294E-01
 0.39923E+00   0.47484E-01  -0.21806E-01
 0.40271E+00   0.46291E-01  -0.21344E-01
 0.40605E+00   0.45125E-01  -0.20907E-01
 0.40925E+00   0.43988E-01  -0.20498E-01
 0.41232E+00   0.42875E-01  -0.20112E-01
 0.41527E+00   0.41790E-01  -0.19748E-01
 0.41811E+00   0.40736E-01  -0.19401E-01
 0.42083E+00   0.39714E-01  -0.19064E-01
 0.42344E+00   0.38724E-01  -0.18745E-01
 0.42596E+00   0.37765E-01  -0.18447E-01
 0.42837E+00   0.36831E-01  -0.18171E-01
 0.43068E+00   0.35915E-01  -0.17920E-01
 0.43291E+00   0.35023E-01  -0.17690E-01
 0.43504E+00   0.34158E-01  -0.17473E-01
 0.43709E+00   0.33317E-01  -0.17271E-01
 0.43905E+00   0.32499E-01  -0.17076E-01
 0.44094E+00   0.31708E-01  -0.16884E-01
 0.44276E+00   0.30951E-01  -0.16693E-01
 0.44451E+00   0.30230E-01  -0.16503E-01
 0.44619E+00   0.29546E-01  -0.16315E-01
 0.44781E+00   0.28894E-01  -0.16129E-01
 0.44938E+00   0.28273E-01  -0.15947E-01
 0.45087E+00   0.27670E-01  -0.15774E-01
 0.45231E+00   0.27074E-01  -0.15614E-01
 0.45369E+00   0.26488E-01  -0.15464E-01
 0.45501E+00   0.25920E-01  -0.15320E-01
 0.45628E+00   0.25379E-01  -0.15176E-01
 0.45750E+00   0.24875E-01  -0.15025E-01
 0.45869E+00   0.24413E-01  -0.14865E-01
 0.45984E+00   0.24001E-01  -0.14691E-01
 0.46096E+00   0.23641E-01  -0.14503E-01
 0.46204E+00   0.23338E-01  -0.14299E-01
 0.46309E+00   0.23090E-01  -0.14082E-01
 0.46410E+00   0.22899E-01  -0.13852E-01
 0.46508E+00   0.22765E-01  -0.13610E-01
 0.46602E+00   0.22673E-01  -0.13362E-01
 0.46692E+00   0.22606E-01  -0.13115E-01
 0.46779E+00   0.22553E-01  -0.12874E-01
 0.15800E-02   0.90625E-01  -0.44085E-01
 0.20791E-01   0.90625E-01  -0.44325E-01
 0.39263E-01   0.90625E-01  -0.44558E-01
 0.57025E-01   0.90625E-01  -0.44810E-01
 0.74104E-01   0.90625E-01  -0.45060E-01
 0.90526E-01   0.90625E-01  -0.45219E-01
 0.10632E+00   0.90625E-01  -0.45186E-01
 0.12150E+00   0.90625E-01  -0.44909E-01
 0.13609E+00   0.90625E-01  -0.44525E-01
 0.15013E+00   0.90492E-01  -0.44084E-01
 0.16361E+00   0.90089E-01  -0.43624E-01
 0.17657E+00   0.89533E-01  -0.43140E-01
 0.18902E+00   0.88854E-01  -0.42599E-01
 0.20098E+00   0.88090E-01  -0.41993E-01
 0.21247E+00   0.87251E-01  -0.41361E-01
 0.22351E+00   0.86331E-01  -0.40708E-01
 0.23411E+00   0.85320E-01  -0.40011E-01
 0.24428E+00   0.84225E-01  -0.39263E-01
 0.25404E+00   0.83032E-01  -0.38465E-01
 0.26339E+00   0.81737E-01  -0.37629E-01
 0.27236E+00   0.80359E-01  -0.36747E-01
 0.28097E+00   0.78924E-01  -0.35825E-01
 0.28922E+00   0.77469E-01  -0.34884E-01
 0.29714E+00   0.76009E-01  -0.33940E-01
 0.30474E+00   0.74566E-01  -0.33021E-01
 0.31204E+00   0.73123E-01  -0.32133E-01
 0.31905E+00   0.71677E-01  -0.31276E-01
 0.32578E+00   0.70227E-01  -0.30445E-01
 0.33223E+00   0.68764E-01  -0.29632E-01
 0.33841E+00   0.67295E-01  -0.28841E-01
 0.34434E+00   0.65820E-01  -0.28066E-01
 0.35003E+00   0.64339E-01  -0.27302E-01
 0.35548E+00   0.62866E-01  -0.26561E-01
 0.36071E+00   0.61408E-01  -0.25847E-01
 0.36573E+00   0.59967E-01  -0.25161E-01
 0.37054E+00   0.58547E-01  -0.24500E-01
 0.37516E+00   0.57147E-01  -0.23864E-01
 0.37960E+00   0.55774E-01  -0.23262E-01
 0.38386E+00   0.54432E-01  -0.22690E-01
 0.38795E+00   0.53119E-01  -0.22152E-01
 0.39187E+00   0.51831E-01  -0.21641E-01
 0.39564E+00   0.50576E-01  -0.21158E-01
 0.39926E+00   0.49352E-01  -0.20698E-01
 0.40273E+00   0.48160E-01  -0.20262E-01
 0.40607E+00   0.46999E-01  -0.19851E-01
 0.40927E+00   0.45862E-01  -0.19464E-01
 0.41235E+00   0.44753E-01  -0.19101E-01
 0.41530E+00   0.43671E-01  -0.18760E-01
 0.41814E+00   0.42621E-01  -0.18435E-01
 0.42086E+00   0.41602E-01  -0.18119E-01
 0.42348E+00   0.40615E-01  -0.17818E-01
 0.42599E+00   0.39658E-01  -0.17535E-01
 0.42840E+00   0.38726E-01  -0.17271E-01
 0.43071E+00   0.37810E-01  -0.17032E-01
 0.43294E+00   0.36920E-01  -0.16811E-01
 0.43507E+00   0.36058E-01  -0.16606E-01
 0.43712E+00   0.35218E-01  -0.16413E-01
 0.43908E+00   0.34403E-01  -0.16228E-01
 0.44097E+00   0.33615E-01  -0.16047E-01
 0.44279E+00   0.32861E-01  -0.15868E-01
 0.44454E+00   0.32142E-01  -0.15691E-01
 0.44622E+00   0.31458E-01  -0.15513E-01
 0.44784E+00   0.30806E-01  -0.15336E-01
 0.44941E+00   0.30184E-01  -0.15164E-01
 0.45090E+00   0.29580E-01  -0.14999E-01
 0.45234E+00   0.28982E-01  -0.14845E-01
 0.45371E+00   0.28395E-01  -0.14698E-01
 0.45503E+00   0.27826E-01  -0.14555E-01
 0.45630E+00   0.27283E-01  -0.14411E-01
 0.45752E+00   0.26776E-01  -0.14261E-01
 0.45871E+00   0.26311E-01  -0.14102E-01
 0.45986E+00   0.25895E-01  -0.13930E-01
 0.46097E+00   0.25528E-01  -0.13746E-01
 0.46205E+00   0.25215E-01  -0.13548E-01
 0.46309E+00   0.24956E-01  -0.13336E-01
 0.46410E+00   0.24752E-01  -0.13111E-01
 0.46508E+00   0.24601E-01  -0.12874E-01
 0.46602E+00   0.24492E-01  -0.12632E-01
 0.46692E+00   0.24408E-01  -0.12390E-01
 0.46779E+00   0.24337E-01  -0.12153E-01
 0.15800E-02   0.90625E-01  -0.41125E-01
 0.20775E-01   0.90625E-01  -0.41357E-01
 0.39232E-01   0.90625E-01  -0.41581E-01
 0.56979E-01   0.90625E-01  -0.41824E-01
 0.74043E-01   0.90625E-01  -0.42064E-01
 0.90452E-01   0.90625E-01  -0.42219E-01
 0.10623E+00   0.90625E-01  -0.42192E-01
 0.12140E+00   0.90625E-01  -0.41933E-01
 0.13598E+00   0.90625E-01  -0.41571E-01
 0.15000E+00   0.90609E-01  -0.41158E-01
 0.16348E+00   0.90414E-01  -0.40738E-01
 0.17644E+00   0.90020E-01  -0.40302E-01
 0.18889E+00   0.89475E-01  -0.39814E-01
 0.20085E+00   0.88836E-01  -0.39268E-01
 0.21234E+00   0.88120E-01  -0.38701E-01
 0.22338E+00   0.87311E-01  -0.38116E-01
 0.23398E+00   0.86413E-01  -0.37495E-01
 0.24416E+00   0.85420E-01  -0.36824E-01
 0.25393E+00   0.84308E-01  -0.36100E-01
 0.26329E+00   0.83074E-01  -0.35330E-01
 0.27227E+00   0.81752E-01  -0.34514E-01
 0.28088E+00   0.80372E-01  -0.33659E-01
 0.28914E+00   0.78977E-01  -0.32793E-01
 0.29707E+00   0.77581E-01  -0.31930E-01
 0.30469E+00   0.76191E-01  -0.31088E-01
 0.31200E+00   0.74789E-01  -0.30271E-01
 0.31902E+00   0.73373E-01  -0.29476E-01
 0.32575E+00   0.71942E-01  -0.28697E-01
 0.33220E+00   0.70496E-01  -0.27934E-01
 0.33839E+00   0.69041E-01  -0.27190E-01
 0.34432E+00   0.67574E-01  -0.26457E-01
 0.35001E+00   0.66104E-01  -0.25736E-01
 0.35547E+00   0.64645E-01  -0.25042E-01
 0.36071E+00   0.63202E-01  -0.24376E-01
 0.36573E+00   0.61775E-01  -0.23735E-01
 0.37055E+00   0.60364E-01  -0.23115E-01
 0.37517E+00   0.58973E-01  -0.22520E-01
 0.37961E+00   0.57607E-01  -0.21953E-01
 0.38387E+00   0.56270E-01  -0.21414E-01
 0.38796E+00   0.54963E-01  -0.20909E-01
 0.39189E+00   0.53682E-01  -0.20432E-01
 0.39566E+00   0.52433E-01  -0.19980E-01
 0.39928E+00   0.51213E-01  -0.19549E-01
 0.40276E+00   0.50027E-01  -0.19142E-01
 0.40610E+00   0.48867E-01  -0.18755E-01
 0.40930E+00   0.47735E-01  -0.18393E-01
 0.41238E+00   0.46629E-01  -0.18054E-01
 0.41533E+00   0.45552E-01  -0.17735E-01
 0.41817E+00   0.44505E-01  -0.17431E-01
 0.42089E+00   0.43491E-01  -0.17137E-01
 0.42351E+00   0.42507E-01  -0.16855E-01
 0.42602E+00   0.41554E-01  -0.16590E-01
 0.42843E+00   0.40625E-01  -0.16345E-01
 0.43075E+00   0.39714E-01  -0.16122E-01
 0.43297E+00   0.38826E-01  -0.15914E-01
 0.43510E+00   0.37966E-01  -0.15718E-01
 0.43715E+00   0.37130E-01  -0.15536E-01
 0.43912E+00   0.36317E-01  -0.15362E-01
 0.44101E+00   0.35533E-01  -0.15193E-01
 0.44283E+00   0.34781E-01  -0.15025E-01
 0.44458E+00   0.34064E-01  -0.14858E-01
 0.44626E+00   0.33381E-01  -0.14692E-01
 0.44788E+00   0.32730E-01  -0.14526E-01
 0.44944E+00   0.32106E-01  -0.14361E-01
 0.45094E+00   0.31499E-01  -0.14200E-01
 0.45237E+00   0.30900E-01  -0.14048E-01
 0.45374E+00   0.30310E-01  -0.13903E-01
 0.45506E+00   0.29740E-01  -0.13761E-01
 0.45632E+00   0.29195E-01  -0.13616E-01
 0.45755E+00   0.28686E-01  -0.13467E-01
 0.45873E+00   0.28218E-01  -0.13309E-01
 0.45988E+00   0.27796E-01  -0.13140E-01
 0.46099E+00   0.27423E-01  -0.12959E-01
 0.46206E+00   0.27101E-01  -0.12765E-01
 0.46310E+00   0.26831E-01  -0.12558E-01
 0.46411E+00   0.26612E-01  -0.12339E-01
 0.46508E+00   0.26446E-01  -0.12107E-01
 0.46602E+00   0.26319E-01  -0.11870E-01
 0.46692E+00   0.26217E-01  -0.11633E-01
 0.46779E+00   0.26128E-01  -0.11401E-01
 0.15800E-02   0.90625E-01  -0.38195E-01
 0.20759E-01   0.90625E-01  -0.38415E-01
 0.39200E-01   0.90625E-01  -0.38629E-01
 0.56932E-01   0.90625E-01  -0.38859E-01
 0.73981E-01   0.90625E-01  -0.39088E-01
 0.90376E-01   0.90625E-01  -0.39236E-01
 0.10614E+00   0.90617E-01  -0.39213E-01
 0.12130E+00   0.90599E-01  -0.38970E-01
 0.13587E+00   0.90594E-01  -0.38629E-01
 0.14988E+00   0.90625E-01  -0.38239E-01
 0.16335E+00   0.90578E-01  -0.37847E-01
 0.17630E+00   0.90321E-01  -0.37445E-01
 0.18874E+00   0.89920E-01  -0.37001E-01
 0.20070E+00   0.89417E-01  -0.36506E-01
 0.21219E+00   0.88814E-01  -0.35992E-01
 0.22323E+00   0.88098E-01  -0.35459E-01
 0.23384E+00   0.87295E-01  -0.34896E-01
 0.24402E+00   0.86410E-01  -0.34293E-01
 0.25380E+00   0.85399E-01  -0.33641E-01
 0.26317E+00   0.84246E-01  -0.32938E-01
 0.27216E+00   0.83001E-01  -0.32191E-01
 0.28078E+00   0.81709E-01  -0.31417E-01
 0.28906E+00   0.80395E-01  -0.30631E-01
 0.29700E+00   0.79070E-01  -0.29849E-01
 0.30463E+00   0.77736E-01  -0.29080E-01
 0.31195E+00   0.76376E-01  -0.28328E-01
 0.31897E+00   0.74993E-01  -0.27592E-01
 0.32571E+00   0.73586E-01  -0.26867E-01
 0.33216E+00   0.72162E-01  -0.26155E-01
 0.33836E+00   0.70725E-01  -0.25458E-01
 0.34430E+00   0.69275E-01  -0.24771E-01
 0.34999E+00   0.67823E-01  -0.24100E-01
 0.35545E+00   0.66383E-01  -0.23455E-01
 0.36069E+00   0.64958E-01  -0.22839E-01
 0.36572E+00   0.63549E-01  -0.22246E-01
 0.37055E+00   0.62154E-01  -0.21672E-01
 0.37518E+00   0.60775E-01  -0.21118E-01
 0.37962E+00   0.59418E-01  -0.20589E-01
 0.38388E+00   0.58091E-01  -0.20088E-01
 0.38798E+00   0.56792E-01  -0.19616E-01
 0.39191E+00   0.55518E-01  -0.19172E-01
 0.39568E+00   0.54275E-01  -0.18750E-01
 0.39930E+00   0.53062E-01  -0.18350E-01
 0.40278E+00   0.51881E-01  -0.17972E-01
 0.40612E+00   0.50727E-01  -0.17613E-01
 0.40933E+00   0.49600E-01  -0.17276E-01
 0.41241E+00   0.48499E-01  -0.16960E-01
 0.41536E+00   0.47426E-01  -0.16665E-01
 0.41820E+00   0.46384E-01  -0.16381E-01
 0.42092E+00   0.45374E-01  -0.16109E-01
 0.42354E+00   0.44397E-01  -0.15850E-01
 0.42606E+00   0.43449E-01  -0.15606E-01
 0.42847E+00   0.42526E-01  -0.15381E-01
 0.43079E+00   0.41619E-01  -0.15177E-01
 0.43301E+00   0.40737E-01  -0.14986E-01
 0.43515E+00   0.39881E-01  -0.14806E-01
 0.43719E+00   0.39048E-01  -0.14634E-01
 0.43916E+00   0.38239E-01  -0.14472E-01
 0.44105E+00   0.37459E-01  -0.14316E-01
 0.44287E+00   0.36710E-01  -0.14161E-01
 0.44462E+00   0.35995E-01  -0.14004E-01
 0.44630E+00   0.35312E-01  -0.13845E-01
 0.44792E+00   0.34659E-01  -0.13684E-01
 0.44948E+00   0.34033E-01  -0.13523E-01
 0.45097E+00   0.33423E-01  -0.13365E-01
 0.45240E+00   0.32821E-01  -0.13215E-01
 0.45377E+00   0.32230E-01  -0.13072E-01
 0.45509E+00   0.31658E-01  -0.12930E-01
 0.45635E+00   0.31112E-01  -0.12786E-01
 0.45757E+00   0.30601E-01  -0.12637E-01
 0.45875E+00   0.30129E-01  -0.12481E-01
 0.45990E+00   0.29703E-01  -0.12314E-01
 0.46100E+00   0.29323E-01  -0.12136E-01
 0.46208E+00   0.28992E-01  -0.11945E-01
 0.46311E+00   0.28710E-01  -0.11742E-01
 0.46412E+00   0.28478E-01  -0.11528E-01
 0.46509E+00   0.28295E-01  -0.11301E-01
 0.46602E+00   0.28151E-01  -0.11068E-01
 0.46692E+00   0.28031E-01  -0.10836E-01
 0.46779E+00   0.27924E-01  -0.10609E-01
 0.15800E-02   0.90625E-01  -0.35293E-01
 0.20743E-01   0.90625E-01  -0.35501E-01
 0.39168E-01   0.90625E-01  -0.35703E-01
 0.56885E-01   0.90625E-01  -0.35921E-01
 0.73920E-01   0.90625E-01  -0.36137E-01
 0.90302E-01   0.90625E-01  -0.36277E-01
 0.10605E+00   0.90613E-01  -0.36256E-01
 0.12120E+00   0.90599E-01  -0.36028E-01
 0.13576E+00   0.90603E-01  -0.35707E-01
 0.14976E+00   0.90625E-01  -0.35338E-01
 0.16322E+00   0.90604E-01  -0.34968E-01
 0.17616E+00   0.90464E-01  -0.34592E-01
 0.18860E+00   0.90215E-01  -0.34184E-01
 0.20055E+00   0.89853E-01  -0.33734E-01
 0.21204E+00   0.89354E-01  -0.33264E-01
 0.22308E+00   0.88740E-01  -0.32778E-01
 0.23368E+00   0.88026E-01  -0.32264E-01
 0.24387E+00   0.87222E-01  -0.31714E-01
 0.25365E+00   0.86306E-01  -0.31121E-01
 0.26303E+00   0.85253E-01  -0.30485E-01
 0.27203E+00   0.84114E-01  -0.29813E-01
 0.28066E+00   0.82927E-01  -0.29119E-01
 0.28896E+00   0.81703E-01  -0.28413E-01
 0.29691E+00   0.80457E-01  -0.27708E-01
 0.30455E+00   0.79176E-01  -0.27006E-01
 0.31188E+00   0.77860E-01  -0.26316E-01
 0.31891E+00   0.76514E-01  -0.25637E-01
 0.32565E+00   0.75139E-01  -0.24966E-01
 0.33211E+00   0.73742E-01  -0.24307E-01
 0.33831E+00   0.72331E-01  -0.23662E-01
 0.34426E+00   0.70906E-01  -0.23026E-01
 0.34996E+00   0.69477E-01  -0.22405E-01
 0.35543E+00   0.68060E-01  -0.21810E-01
 0.36067E+00   0.66657E-01  -0.21243E-01
 0.36571E+00   0.65267E-01  -0.20698E-01
 0.37054E+00   0.63891E-01  -0.20171E-01
 0.37518E+00   0.62528E-01  -0.19662E-01
 0.37962E+00   0.61187E-01  -0.19175E-01
 0.38389E+00   0.59870E-01  -0.18710E-01
 0.38799E+00   0.58581E-01  -0.18274E-01
 0.39192E+00   0.57316E-01  -0.17863E-01
 0.39570E+00   0.56082E-01  -0.17474E-01
 0.39932E+00   0.54877E-01  -0.17105E-01
 0.40280E+00   0.53704E-01  -0.16756E-01
 0.40614E+00   0.52556E-01  -0.16426E-01
 0.40935E+00   0.51434E-01  -0.16113E-01
 0.41243E+00   0.50339E-01  -0.15822E-01
 0.41539E+00   0.49272E-01  -0.15549E-01
 0.41823E+00   0.48237E-01  -0.15289E-01
 0.42095E+00   0.47233E-01  -0.15040E-01
 0.42357E+00   0.46262E-01  -0.14804E-01
 0.42609E+00   0.45321E-01  -0.14583E-01
 0.42851E+00   0.44403E-01  -0.14377E-01
 0.43083E+00   0.43502E-01  -0.14192E-01
 0.43305E+00   0.42626E-01  -0.14020E-01
 0.43519E+00   0.41775E-01  -0.13854E-01
 0.43724E+00   0.40947E-01  -0.13696E-01
 0.43920E+00   0.40143E-01  -0.13548E-01
 0.44110E+00   0.39367E-01  -0.13406E-01
 0.44291E+00   0.38622E-01  -0.13263E-01
 0.44466E+00   0.37908E-01  -0.13114E-01
 0.44634E+00   0.37224E-01  -0.12961E-01
 0.44796E+00   0.36570E-01  -0.12805E-01
 0.44952E+00   0.35941E-01  -0.12647E-01
 0.45101E+00   0.35329E-01  -0.12491E-01
 0.45244E+00   0.34724E-01  -0.12343E-01
 0.45380E+00   0.34131E-01  -0.12200E-01
 0.45512E+00   0.33558E-01  -0.12059E-01
 0.45638E+00   0.33011E-01  -0.11917E-01
 0.45760E+00   0.32498E-01  -0.11770E-01
 0.45878E+00   0.32023E-01  -0.11615E-01
 0.45992E+00   0.31592E-01  -0.11449E-01
 0.46102E+00   0.31205E-01  -0.11274E-01
 0.46209E+00   0.30864E-01  -0.11087E-01
 0.46313E+00   0.30571E-01  -0.10888E-01
 0.46413E+00   0.30325E-01  -0.10678E-01
 0.46510E+00   0.30127E-01  -0.10457E-01
 0.46603E+00   0.29966E-01  -0.10229E-01
 0.46692E+00   0.29827E-01  -0.10002E-01
 0.46779E+00   0.29703E-01  -0.97790E-02
 0.15800E-02   0.90625E-01  -0.32421E-01
 0.20727E-01   0.90625E-01  -0.32617E-01
 0.39138E-01   0.90625E-01  -0.32806E-01
 0.56840E-01   0.90625E-01  -0.33011E-01
 0.73862E-01   0.90625E-01  -0.33215E-01
 0.90230E-01   0.90625E-01  -0.33347E-01
 0.10597E+00   0.90625E-01  -0.33329E-01
 0.12110E+00   0.90625E-01  -0.33115E-01
 0.13565E+00   0.90625E-01  -0.32813E-01
 0.14964E+00   0.90623E-01  -0.32466E-01
 0.16309E+00   0.90605E-01  -0.32118E-01
 0.17602E+00   0.90550E-01  -0.31765E-01
 0.18845E+00   0.90413E-01  -0.31386E-01
 0.20040E+00   0.90158E-01  -0.30971E-01
 0.21189E+00   0.89770E-01  -0.30541E-01
 0.22292E+00   0.89259E-01  -0.30098E-01
 0.23353E+00   0.88639E-01  -0.29631E-01
 0.24371E+00   0.87910E-01  -0.29126E-01
 0.25349E+00   0.87074E-01  -0.28584E-01
 0.26288E+00   0.86128E-01  -0.28010E-01
 0.27189E+00   0.85104E-01  -0.27409E-01
 0.28054E+00   0.84022E-01  -0.26789E-01
 0.28884E+00   0.82893E-01  -0.26158E-01
 0.29681E+00   0.81716E-01  -0.25520E-01
 0.30446E+00   0.80494E-01  -0.24881E-01
 0.31179E+00   0.79228E-01  -0.24251E-01
 0.31883E+00   0.77921E-01  -0.23628E-01
 0.32558E+00   0.76585E-01  -0.23013E-01
 0.33205E+00   0.75225E-01  -0.22409E-01
 0.33826E+00   0.73847E-01  -0.21818E-01
 0.34421E+00   0.72450E-01  -0.21233E-01
 0.34991E+00   0.71051E-01  -0.20665E-01
 0.35539E+00   0.69661E-01  -0.20122E-01
 0.36065E+00   0.68281E-01  -0.19603E-01
 0.36569E+00   0.66912E-01  -0.19104E-01
 0.37053E+00   0.65555E-01  -0.18621E-01
 0.37517E+00   0.64212E-01  -0.18157E-01
 0.37962E+00   0.62887E-01  -0.17712E-01
 0.38389E+00   0.61587E-01  -0.17288E-01
 0.38799E+00   0.60309E-01  -0.16888E-01
 0.39193E+00   0.59057E-01  -0.16513E-01
 0.39571E+00   0.57833E-01  -0.16156E-01
 0.39934E+00   0.56637E-01  -0.15817E-01
 0.40282E+00   0.55471E-01  -0.15497E-01
 0.40616E+00   0.54331E-01  -0.15194E-01
 0.40937E+00   0.53216E-01  -0.14908E-01
 0.41245E+00   0.52128E-01  -0.14642E-01
 0.41541E+00   0.51067E-01  -0.14391E-01
 0.41825E+00   0.50039E-01  -0.14155E-01
 0.42098E+00   0.49044E-01  -0.13930E-01
 0.42360E+00   0.48080E-01  -0.13716E-01
 0.42612E+00   0.47145E-01  -0.13515E-01
 0.42854E+00   0.46235E-01  -0.13332E-01
 0.43086E+00   0.45341E-01  -0.13167E-01
 0.43309E+00   0.44469E-01  -0.13010E-01
 0.43522E+00   0.43624E-01  -0.12859E-01
 0.43728E+00   0.42801E-01  -0.12715E-01
 0.43925E+00   0.42002E-01  -0.12581E-01
 0.44114E+00   0.41230E-01  -0.12451E-01
 0.44296E+00   0.40488E-01  -0.12316E-01
 0.44470E+00   0.39775E-01  -0.12175E-01
 0.44639E+00   0.39092E-01  -0.12030E-01
 0.44800E+00   0.38437E-01  -0.11880E-01
 0.44955E+00   0.37806E-01  -0.11727E-01
 0.45104E+00   0.37191E-01  -0.11574E-01
 0.45247E+00   0.36585E-01  -0.11428E-01
 0.45383E+00   0.35991E-01  -0.11287E-01
 0.45515E+00   0.35416E-01  -0.11149E-01
 0.45641E+00   0.34869E-01  -0.11009E-01
 0.45763E+00   0.34354E-01  -0.10865E-01
 0.45880E+00   0.33877E-01  -0.10712E-01
 0.45994E+00   0.33441E-01  -0.10549E-01
 0.46104E+00   0.33047E-01  -0.10376E-01
 0.46211E+00   0.32697E-01  -0.10193E-01
 0.46314E+00   0.32392E-01  -0.99984E-02
 0.46414E+00   0.32133E-01  -0.97929E-02
 0.46510E+00   0.31920E-01  -0.95764E-02
 0.46603E+00   0.31741E-01  -0.93544E-02
 0.46693E+00   0.31586E-01  -0.91327E-02
 0.46779E+00   0.31444E-01  -0.89158E-02
 0.15800E-02   0.90625E-01  -0.29576E-01
 0.20714E-01   0.90625E-01  -0.29760E-01
 0.39112E-01   0.90625E-01  -0.29939E-01
 0.56800E-01   0.90625E-01  -0.30131E-01
 0.73808E-01   0.90625E-01  -0.30322E-01
 0.90164E-01   0.90625E-01  -0.30446E-01
 0.10589E+00   0.90625E-01  -0.30431E-01
 0.12101E+00   0.90625E-01  -0.30230E-01
 0.13555E+00   0.90625E-01  -0.29947E-01
 0.14952E+00   0.90623E-01  -0.29622E-01
 0.16296E+00   0.90622E-01  -0.29295E-01
 0.17589E+00   0.90614E-01  -0.28965E-01
 0.18831E+00   0.90537E-01  -0.28611E-01
 0.20025E+00   0.90360E-01  -0.28226E-01
 0.21173E+00   0.90070E-01  -0.27829E-01
 0.22277E+00   0.89665E-01  -0.27426E-01
 0.23337E+00   0.89141E-01  -0.27000E-01
 0.24356E+00   0.88503E-01  -0.26541E-01
 0.25334E+00   0.87754E-01  -0.26048E-01
 0.26273E+00   0.86910E-01  -0.25530E-01
 0.27175E+00   0.85992E-01  -0.24992E-01
 0.28041E+00   0.85003E-01  -0.24436E-01
 0.28872E+00   0.83960E-01  -0.23870E-01
 0.29670E+00   0.82854E-01  -0.23294E-01
 0.30435E+00   0.81693E-01  -0.22715E-01
 0.31169E+00   0.80480E-01  -0.22143E-01
 0.31874E+00   0.79220E-01  -0.21575E-01
 0.32549E+00   0.77927E-01  -0.21016E-01
 0.33197E+00   0.76608E-01  -0.20467E-01
 0.33819E+00   0.75266E-01  -0.19928E-01
 0.34415E+00   0.73907E-01  -0.19398E-01
 0.34986E+00   0.72541E-01  -0.18882E-01
 0.35535E+00   0.71181E-01  -0.18390E-01
 0.36061E+00   0.69827E-01  -0.17919E-01
 0.36566E+00   0.68481E-01  -0.17464E-01
 0.37050E+00   0.67144E-01  -0.17024E-01
 0.37515E+00   0.65821E-01  -0.16603E-01
 0.37960E+00   0.64516E-01  -0.16201E-01
 0.38388E+00   0.63233E-01  -0.15817E-01
 0.38799E+00   0.61973E-01  -0.15456E-01
 0.39193E+00   0.60735E-01  -0.15117E-01
 0.39571E+00   0.59521E-01  -0.14791E-01
 0.39934E+00   0.58336E-01  -0.14485E-01
 0.40283E+00   0.57178E-01  -0.14191E-01
 0.40618E+00   0.56045E-01  -0.13913E-01
 0.40939E+00   0.54939E-01  -0.13653E-01
 0.41247E+00   0.53858E-01  -0.13410E-01
 0.41543E+00   0.52805E-01  -0.13182E-01
 0.41827E+00   0.51785E-01  -0.12969E-01
 0.42100E+00   0.50797E-01  -0.12765E-01
 0.42363E+00   0.49840E-01  -0.12573E-01
 0.42615E+00   0.48914E-01  -0.12394E-01
 0.42857E+00   0.48011E-01  -0.12230E-01
 0.43089E+00   0.47124E-01  -0.12085E-01
 0.43312E+00   0.46260E-01  -0.11946E-01
 0.43526E+00   0.45421E-01  -0.11809E-01
 0.43731E+00   0.44604E-01  -0.11681E-01
 0.43928E+00   0.43810E-01  -0.11560E-01
 0.44117E+00   0.43042E-01  -0.11439E-01
 0.44299E+00   0.42302E-01  -0.11312E-01
 0.44474E+00   0.41591E-01  -0.11180E-01
 0.44642E+00   0.40908E-01  -0.11041E-01
 0.44804E+00   0.40253E-01  -0.10898E-01
 0.44959E+00   0.39621E-01  -0.10751E-01
 0.45108E+00   0.39004E-01  -0.10604E-01
 0.45250E+00   0.38397E-01  -0.10463E-01
 0.45386E+00   0.37803E-01  -0.10326E-01
 0.45517E+00   0.37228E-01  -0.10191E-01
 0.45644E+00   0.36680E-01  -0.10054E-01
 0.45765E+00   0.36164E-01  -0.99131E-02
 0.45883E+00   0.35684E-01  -0.97641E-02
 0.45996E+00   0.35245E-01  -0.96054E-02
 0.46106E+00   0.34845E-01  -0.94376E-02
 0.46213E+00   0.34487E-01  -0.92594E-02
 0.46316E+00   0.34172E-01  -0.90707E-02
 0.46415E+00   0.33900E-01  -0.88709E-02
 0.46511E+00   0.33671E-01  -0.86597E-02
 0.46604E+00   0.33475E-01  -0.84427E-02
 0.46693E+00   0.33302E-01  -0.82259E-02
 0.46779E+00   0.33143E-01  -0.80135E-02
 0.15800E-02   0.90625E-01  -0.26760E-01
 0.20699E-01   0.90625E-01  -0.26932E-01
 0.39083E-01   0.90625E-01  -0.27099E-01
 0.56759E-01   0.90625E-01  -0.27279E-01
 0.73755E-01   0.90625E-01  -0.27458E-01
 0.90098E-01   0.90625E-01  -0.27575E-01
 0.10581E+00   0.90625E-01  -0.27561E-01
 0.12092E+00   0.90625E-01  -0.27374E-01
 0.13545E+00   0.90624E-01  -0.27109E-01
 0.14942E+00   0.90625E-01  -0.26805E-01
 0.16285E+00   0.90625E-01  -0.26499E-01
 0.17576E+00   0.90625E-01  -0.26191E-01
 0.18817E+00   0.90606E-01  -0.25861E-01
 0.20011E+00   0.90490E-01  -0.25503E-01
 0.21158E+00   0.90290E-01  -0.25137E-01
 0.22261E+00   0.89976E-01  -0.24767E-01
 0.23322E+00   0.89547E-01  -0.24380E-01
 0.24340E+00   0.88999E-01  -0.23963E-01
 0.25318E+00   0.88344E-01  -0.23516E-01
 0.26258E+00   0.87606E-01  -0.23052E-01
 0.27160E+00   0.86777E-01  -0.22568E-01
 0.28027E+00   0.85878E-01  -0.22069E-01
 0.28859E+00   0.84913E-01  -0.21560E-01
 0.29657E+00   0.83877E-01  -0.21041E-01
 0.30423E+00   0.82779E-01  -0.20518E-01
 0.31158E+00   0.81622E-01  -0.20001E-01
 0.31863E+00   0.80411E-01  -0.19486E-01
 0.32540E+00   0.79167E-01  -0.18982E-01
 0.33189E+00   0.77893E-01  -0.18486E-01
 0.33811E+00   0.76594E-01  -0.18000E-01
 0.34408E+00   0.75272E-01  -0.17522E-01
 0.34980E+00   0.73944E-01  -0.17058E-01
 0.35529E+00   0.72615E-01  -0.16614E-01
 0.36056E+00   0.71289E-01  -0.16189E-01
 0.36562E+00   0.69967E-01  -0.15778E-01
 0.37047E+00   0.68652E-01  -0.15379E-01
 0.37512E+00   0.67351E-01  -0.15000E-01
 0.37958E+00   0.66066E-01  -0.14637E-01
 0.38387E+00   0.64805E-01  -0.14295E-01
 0.38798E+00   0.63562E-01  -0.13971E-01
 0.39192E+00   0.62341E-01  -0.13669E-01
 0.39571E+00   0.61144E-01  -0.13379E-01
 0.39934E+00   0.59968E-01  -0.13100E-01
 0.40283E+00   0.58818E-01  -0.12831E-01
 0.40618E+00   0.57693E-01  -0.12577E-01
 0.40939E+00   0.56595E-01  -0.12343E-01
 0.41248E+00   0.55523E-01  -0.12122E-01
 0.41544E+00   0.54477E-01  -0.11915E-01
 0.41828E+00   0.53465E-01  -0.11723E-01
 0.42102E+00   0.52484E-01  -0.11539E-01
 0.42364E+00   0.51536E-01  -0.11367E-01
 0.42617E+00   0.50618E-01  -0.11208E-01
 0.42859E+00   0.49723E-01  -0.11064E-01
 0.43091E+00   0.48843E-01  -0.10936E-01
 0.43314E+00   0.47988E-01  -0.10815E-01
 0.43528E+00   0.47157E-01  -0.10696E-01
 0.43734E+00   0.46346E-01  -0.10581E-01
 0.43931E+00   0.45557E-01  -0.10470E-01
 0.44120E+00   0.44793E-01  -0.10359E-01
 0.44302E+00   0.44057E-01  -0.10243E-01
 0.44477E+00   0.43348E-01  -0.10120E-01
 0.44645E+00   0.42667E-01  -0.99899E-02
 0.44806E+00   0.42012E-01  -0.98539E-02
 0.44961E+00   0.41380E-01  -0.97133E-02
 0.45110E+00   0.40762E-01  -0.95733E-02
 0.45253E+00   0.40155E-01  -0.94385E-02
 0.45389E+00   0.39562E-01  -0.93079E-02
 0.45520E+00   0.38988E-01  -0.91791E-02
 0.45646E+00   0.38441E-01  -0.90488E-02
 0.45768E+00   0.37925E-01  -0.89134E-02
 0.45885E+00   0.37444E-01  -0.87704E-02
 0.45999E+00   0.37001E-01  -0.86175E-02
 0.46108E+00   0.36596E-01  -0.84551E-02
 0.46214E+00   0.36230E-01  -0.82818E-02
 0.46317E+00   0.35904E-01  -0.80979E-02
 0.46416E+00   0.35619E-01  -0.79032E-02
 0.46512E+00   0.35375E-01  -0.76977E-02
 0.46604E+00   0.35164E-01  -0.74871E-02
 0.46693E+00   0.34974E-01  -0.72767E-02
 0.46779E+00   0.34798E-01  -0.70708E-02
 0.15800E-02   0.90625E-01  -0.23972E-01
 0.20685E-01   0.90625E-01  -0.24132E-01
 0.39056E-01   0.90625E-01  -0.24288E-01
 0.56720E-01   0.90625E-01  -0.24456E-01
 0.73704E-01   0.90625E-01  -0.24623E-01
 0.90035E-01   0.90625E-01  -0.24731E-01
 0.10574E+00   0.90622E-01  -0.24719E-01
 0.12084E+00   0.90619E-01  -0.24546E-01
 0.13535E+00   0.90619E-01  -0.24299E-01
 0.14931E+00   0.90625E-01  -0.24016E-01
 0.16273E+00   0.90625E-01  -0.23731E-01
 0.17563E+00   0.90625E-01  -0.23444E-01
 0.18804E+00   0.90625E-01  -0.23137E-01
 0.19997E+00   0.90569E-01  -0.22804E-01
 0.21144E+00   0.90434E-01  -0.22466E-01
 0.22246E+00   0.90202E-01  -0.22126E-01
 0.23306E+00   0.89860E-01  -0.21773E-01
 0.24324E+00   0.89407E-01  -0.21394E-01
 0.25303E+00   0.88844E-01  -0.20990E-01
 0.26243E+00   0.88204E-01  -0.20574E-01
 0.27146E+00   0.87465E-01  -0.20139E-01
 0.28012E+00   0.86646E-01  -0.19691E-01
 0.28845E+00   0.85755E-01  -0.19233E-01
 0.29644E+00   0.84788E-01  -0.18767E-01
 0.30411E+00   0.83755E-01  -0.18297E-01
 0.31146E+00   0.82655E-01  -0.17831E-01
 0.31852E+00   0.81501E-01  -0.17369E-01
 0.32529E+00   0.80306E-01  -0.16915E-01
 0.33179E+00   0.79079E-01  -0.16471E-01
 0.33802E+00   0.77824E-01  -0.16036E-01
 0.34400E+00   0.76546E-01  -0.15609E-01
 0.34973E+00   0.75255E-01  -0.15195E-01
 0.35523E+00   0.73960E-01  -0.14797E-01
 0.36050E+00   0.72660E-01  -0.14413E-01
 0.36556E+00   0.71364E-01  -0.14044E-01
 0.37042E+00   0.70077E-01  -0.13689E-01
 0.37508E+00   0.68800E-01  -0.13350E-01
 0.37955E+00   0.67539E-01  -0.13029E-01
 0.38384E+00   0.66297E-01  -0.12722E-01
 0.38795E+00   0.65073E-01  -0.12434E-01
 0.39190E+00   0.63867E-01  -0.12164E-01
 0.39569E+00   0.62686E-01  -0.11906E-01
 0.39933E+00   0.61524E-01  -0.11657E-01
 0.40282E+00   0.60384E-01  -0.11415E-01
 0.40617E+00   0.59268E-01  -0.11185E-01
 0.40939E+00   0.58178E-01  -0.10972E-01
 0.41247E+00   0.57114E-01  -0.10773E-01
 0.41544E+00   0.56079E-01  -0.10589E-01
 0.41828E+00   0.55074E-01  -0.10416E-01
 0.42102E+00   0.54102E-01  -0.10252E-01
 0.42365E+00   0.53161E-01  -0.10096E-01
 0.42617E+00   0.52250E-01  -0.99532E-02
 0.42860E+00   0.51363E-01  -0.98262E-02
 0.43092E+00   0.50491E-01  -0.97148E-02
 0.43315E+00   0.49644E-01  -0.96095E-02
 0.43530E+00   0.48821E-01  -0.95061E-02
 0.43735E+00   0.48018E-01  -0.94055E-02
 0.43933E+00   0.47235E-01  -0.93061E-02
 0.44122E+00   0.46476E-01  -0.92046E-02
 0.44304E+00   0.45743E-01  -0.90970E-02
 0.44479E+00   0.45037E-01  -0.89823E-02
 0.44647E+00   0.44358E-01  -0.88609E-02
 0.44808E+00   0.43703E-01  -0.87329E-02
 0.44963E+00   0.43071E-01  -0.85996E-02
 0.45112E+00   0.42454E-01  -0.84674E-02
 0.45254E+00   0.41849E-01  -0.83418E-02
 0.45391E+00   0.41258E-01  -0.82203E-02
 0.45522E+00   0.40687E-01  -0.80986E-02
 0.45648E+00   0.40140E-01  -0.79735E-02
 0.45769E+00   0.39624E-01  -0.78437E-02
 0.45887E+00   0.39143E-01  -0.77081E-02
 0.46000E+00   0.38698E-01  -0.75643E-02
 0.46110E+00   0.38289E-01  -0.74116E-02
 0.46216E+00   0.37918E-01  -0.72479E-02
 0.46318E+00   0.37583E-01  -0.70735E-02
 0.46417E+00   0.37287E-01  -0.68878E-02
 0.46513E+00   0.37030E-01  -0.66909E-02
 0.46605E+00   0.36804E-01  -0.64884E-02
 0.46693E+00   0.36599E-01  -0.62857E-02
 0.46779E+00   0.36407E-01  -0.60872E-02
 0.15800E-02   0.90625E-01  -0.21211E-01
 0.20672E-01   0.90625E-01  -0.21360E-01
 0.39030E-01   0.90625E-01  -0.21504E-01
 0.56681E-01   0.90625E-01  -0.21660E-01
 0.73654E-01   0.90625E-01  -0.21815E-01
 0.89974E-01   0.90625E-01  -0.21916E-01
 0.10567E+00   0.90622E-01  -0.21906E-01
 0.12075E+00   0.90619E-01  -0.21745E-01
 0.13526E+00   0.90619E-01  -0.21517E-01
 0.14921E+00   0.90625E-01  -0.21254E-01
 0.16262E+00   0.90625E-01  -0.20990E-01
 0.17551E+00   0.90625E-01  -0.20723E-01
 0.18791E+00   0.90625E-01  -0.20439E-01
 0.19983E+00   0.90607E-01  -0.20131E-01
 0.21130E+00   0.90528E-01  -0.19818E-01
 0.22232E+00   0.90361E-01  -0.19506E-01
 0.23291E+00   0.90096E-01  -0.19183E-01
 0.24309E+00   0.89729E-01  -0.18840E-01
 0.25287E+00   0.89260E-01  -0.18475E-01
 0.26227E+00   0.88703E-01  -0.18100E-01
 0.27130E+00   0.88051E-01  -0.17710E-01
 0.27998E+00   0.87316E-01  -0.17309E-01
 0.28830E+00   0.86495E-01  -0.16898E-01
 0.29630E+00   0.85597E-01  -0.16479E-01
 0.30397E+00   0.84626E-01  -0.16058E-01
 0.31133E+00   0.83588E-01  -0.15641E-01
 0.31840E+00   0.82489E-01  -0.15229E-01
 0.32518E+00   0.81347E-01  -0.14824E-01
 0.33168E+00   0.80164E-01  -0.14426E-01
 0.33792E+00   0.78954E-01  -0.14038E-01
 0.34390E+00   0.77718E-01  -0.13659E-01
 0.34964E+00   0.76469E-01  -0.13293E-01
 0.35515E+00   0.75207E-01  -0.12938E-01
 0.36043E+00   0.73938E-01  -0.12596E-01
 0.36550E+00   0.72672E-01  -0.12268E-01
 0.37036E+00   0.71415E-01  -0.11955E-01
 0.37503E+00   0.70165E-01  -0.11656E-01
 0.37950E+00   0.68927E-01  -0.11373E-01
 0.38380E+00   0.67706E-01  -0.11101E-01
 0.38792E+00   0.66498E-01  -0.10844E-01
 0.39187E+00   0.65307E-01  -0.10603E-01
 0.39566E+00   0.64138E-01  -0.10372E-01
 0.39930E+00   0.62991E-01  -0.10151E-01
 0.40280E+00   0.61866E-01  -0.99368E-02
 0.40615E+00   0.60761E-01  -0.97310E-02
 0.40937E+00   0.59682E-01  -0.95407E-02
 0.41246E+00   0.58627E-01  -0.93628E-02
 0.41542E+00   0.57600E-01  -0.91975E-02
 0.41827E+00   0.56604E-01  -0.90424E-02
 0.42101E+00   0.55640E-01  -0.88944E-02
 0.42364E+00   0.54706E-01  -0.87562E-02
 0.42616E+00   0.53803E-01  -0.86296E-02
 0.42859E+00   0.52924E-01  -0.85162E-02
 0.43092E+00   0.52060E-01  -0.84200E-02
 0.43315E+00   0.51221E-01  -0.83290E-02
 0.43530E+00   0.50406E-01  -0.82379E-02
 0.43735E+00   0.49609E-01  -0.81488E-02
 0.43933E+00   0.48833E-01  -0.80602E-02
 0.44122E+00   0.48080E-01  -0.79692E-02
 0.44304E+00   0.47353E-01  -0.78727E-02
 0.44479E+00   0.46651E-01  -0.77690E-02
 0.44647E+00   0.45975E-01  -0.76572E-02
 0.44809E+00   0.45322E-01  -0.75382E-02
 0.44964E+00   0.44691E-01  -0.74143E-02
 0.45112E+00   0.44077E-01  -0.72914E-02
 0.45255E+00   0.43474E-01  -0.71745E-02
 0.45391E+00   0.42885E-01  -0.70610E-02
 0.45523E+00   0.42316E-01  -0.69461E-02
 0.45649E+00   0.41771E-01  -0.68278E-02
 0.45770E+00   0.41257E-01  -0.67060E-02
 0.45888E+00   0.40777E-01  -0.65803E-02
 0.46001E+00   0.40332E-01  -0.64483E-02
 0.46111E+00   0.39922E-01  -0.63082E-02
 0.46217E+00   0.39546E-01  -0.61576E-02
 0.46319E+00   0.39206E-01  -0.59960E-02
 0.46418E+00   0.38901E-01  -0.58223E-02
 0.46513E+00   0.38632E-01  -0.56362E-02
 0.46605E+00   0.38392E-01  -0.54434E-02
 0.46694E+00   0.38173E-01  -0.52497E-02
 0.46779E+00   0.37966E-01  -0.50596E-02
 0.15800E-02   0.90625E-01  -0.18478E-01
 0.20659E-01   0.90625E-01  -0.18615E-01
 0.39004E-01   0.90625E-01  -0.18749E-01
 0.56644E-01   0.90625E-01  -0.18892E-01
 0.73605E-01   0.90625E-01  -0.19035E-01
 0.89914E-01   0.90625E-01  -0.19129E-01
 0.10560E+00   0.90623E-01  -0.19120E-01
 0.12067E+00   0.90622E-01  -0.18972E-01
 0.13517E+00   0.90622E-01  -0.18762E-01
 0.14911E+00   0.90625E-01  -0.18520E-01
 0.16251E+00   0.90625E-01  -0.18275E-01
 0.17540E+00   0.90625E-01  -0.18029E-01
 0.18779E+00   0.90625E-01  -0.17767E-01
 0.19970E+00   0.90622E-01  -0.17483E-01
 0.21116E+00   0.90579E-01  -0.17195E-01
 0.22217E+00   0.90465E-01  -0.16908E-01
 0.23276E+00   0.90266E-01  -0.16613E-01
 0.24293E+00   0.89974E-01  -0.16301E-01
 0.25272E+00   0.89589E-01  -0.15972E-01
 0.26212E+00   0.89111E-01  -0.15635E-01
 0.27115E+00   0.88542E-01  -0.15285E-01
 0.27982E+00   0.87883E-01  -0.14926E-01
 0.28815E+00   0.87136E-01  -0.14558E-01
 0.29615E+00   0.86308E-01  -0.14185E-01
 0.30383E+00   0.85401E-01  -0.13809E-01
 0.31120E+00   0.84423E-01  -0.13438E-01
 0.31827E+00   0.83381E-01  -0.13072E-01
 0.32505E+00   0.82288E-01  -0.12711E-01
 0.33156E+00   0.81155E-01  -0.12358E-01
 0.33781E+00   0.79988E-01  -0.12014E-01
 0.34380E+00   0.78793E-01  -0.11679E-01
 0.34955E+00   0.77582E-01  -0.11354E-01
 0.35506E+00   0.76357E-01  -0.11042E-01
 0.36035E+00   0.75124E-01  -0.10742E-01
 0.36542E+00   0.73891E-01  -0.10455E-01
 0.37029E+00   0.72662E-01  -0.10180E-01
 0.37496E+00   0.71441E-01  -0.99202E-02
 0.37944E+00   0.70225E-01  -0.96702E-02
 0.38374E+00   0.69024E-01  -0.94299E-02
 0.38787E+00   0.67836E-01  -0.92038E-02
 0.39182E+00   0.66659E-01  -0.89895E-02
 0.39562E+00   0.65504E-01  -0.87841E-02
 0.39926E+00   0.64368E-01  -0.85860E-02
 0.40276E+00   0.63254E-01  -0.83948E-02
 0.40611E+00   0.62162E-01  -0.82129E-02
 0.40933E+00   0.61093E-01  -0.80427E-02
 0.41242E+00   0.60050E-01  -0.78853E-02
 0.41539E+00   0.59032E-01  -0.77381E-02
 0.41824E+00   0.58046E-01  -0.76008E-02
 0.42098E+00   0.57091E-01  -0.74703E-02
 0.42361E+00   0.56167E-01  -0.73481E-02
 0.42614E+00   0.55272E-01  -0.72361E-02
 0.42857E+00   0.54402E-01  -0.71387E-02
 0.43090E+00   0.53551E-01  -0.70610E-02
 0.43314E+00   0.52721E-01  -0.69845E-02
 0.43528E+00   0.51912E-01  -0.69028E-02
 0.43734E+00   0.51121E-01  -0.68227E-02
 0.43932E+00   0.50352E-01  -0.67441E-02
 0.44121E+00   0.49606E-01  -0.66638E-02
 0.44304E+00   0.48884E-01  -0.65775E-02
 0.44479E+00   0.48187E-01  -0.64839E-02
 0.44647E+00   0.47516E-01  -0.63833E-02
 0.44808E+00   0.46867E-01  -0.62758E-02
 0.44963E+00   0.46240E-01  -0.61629E-02
 0.45112E+00   0.45628E-01  -0.60502E-02
 0.45255E+00   0.45028E-01  -0.59422E-02
 0.45391E+00   0.44443E-01  -0.58369E-02
 0.45523E+00   0.43877E-01  -0.57303E-02
 0.45649E+00   0.43335E-01  -0.56207E-02
 0.45771E+00   0.42824E-01  -0.55083E-02
 0.45888E+00   0.42345E-01  -0.53932E-02
 0.46002E+00   0.41902E-01  -0.52732E-02
 0.46111E+00   0.41491E-01  -0.51467E-02
 0.46217E+00   0.41113E-01  -0.50112E-02
 0.46320E+00   0.40768E-01  -0.48651E-02
 0.46418E+00   0.40457E-01  -0.47064E-02
 0.46514E+00   0.40179E-01  -0.45341E-02
 0.46605E+00   0.39927E-01  -0.43539E-02
 0.46694E+00   0.39695E-01  -0.41719E-02
 0.46779E+00   0.39477E-01  -0.39929E-02
 0.15800E-02   0.90625E-01  -0.15772E-01
 0.20646E-01   0.90625E-01  -0.15898E-01
 0.38979E-01   0.90625E-01  -0.16020E-01
 0.56607E-01   0.90625E-01  -0.16152E-01
 0.73557E-01   0.90625E-01  -0.16283E-01
 0.89855E-01   0.90625E-01  -0.16369E-01
 0.10553E+00   0.90625E-01  -0.16362E-01
 0.12059E+00   0.90625E-01  -0.16227E-01
 0.13508E+00   0.90625E-01  -0.16034E-01
 0.14901E+00   0.90625E-01  -0.15812E-01
 0.16241E+00   0.90625E-01  -0.15587E-01
 0.17528E+00   0.90625E-01  -0.15362E-01
 0.18767E+00   0.90625E-01  -0.15122E-01
 0.19957E+00   0.90625E-01  -0.14861E-01
 0.21102E+00   0.90605E-01  -0.14597E-01
 0.22203E+00   0.90528E-01  -0.14334E-01
 0.23261E+00   0.90381E-01  -0.14065E-01
 0.24278E+00   0.90152E-01  -0.13782E-01
 0.25256E+00   0.89838E-01  -0.13485E-01
 0.26196E+00   0.89433E-01  -0.13181E-01
 0.27099E+00   0.88943E-01  -0.12868E-01
 0.27967E+00   0.88361E-01  -0.12548E-01
 0.28800E+00   0.87690E-01  -0.12221E-01
 0.29600E+00   0.86930E-01  -0.11890E-01
 0.30369E+00   0.86089E-01  -0.11556E-01
 0.31106E+00   0.85171E-01  -0.11228E-01
 0.31814E+00   0.84185E-01  -0.10905E-01
 0.32493E+00   0.83142E-01  -0.10586E-01
 0.33144E+00   0.82055E-01  -0.10275E-01
 0.33769E+00   0.80929E-01  -0.99705E-02
 0.34369E+00   0.79778E-01  -0.96767E-02
 0.34944E+00   0.78604E-01  -0.93914E-02
 0.35496E+00   0.77412E-01  -0.91167E-02
 0.36025E+00   0.76213E-01  -0.88549E-02
 0.36533E+00   0.75013E-01  -0.86054E-02
 0.37021E+00   0.73815E-01  -0.83674E-02
 0.37488E+00   0.72618E-01  -0.81396E-02
 0.37937E+00   0.71429E-01  -0.79236E-02
 0.38367E+00   0.70246E-01  -0.77124E-02
 0.38780E+00   0.69079E-01  -0.75155E-02
 0.39176E+00   0.67922E-01  -0.73302E-02
 0.39556E+00   0.66780E-01  -0.71480E-02
 0.39921E+00   0.65657E-01  -0.69726E-02
 0.40271E+00   0.64557E-01  -0.68049E-02
 0.40606E+00   0.63474E-01  -0.66409E-02
 0.40928E+00   0.62415E-01  -0.64892E-02
 0.41238E+00   0.61380E-01  -0.63485E-02
 0.41535E+00   0.60372E-01  -0.62176E-02
 0.41820E+00   0.59396E-01  -0.60965E-02
 0.42094E+00   0.58451E-01  -0.59826E-02
 0.42357E+00   0.57537E-01  -0.58759E-02
 0.42611E+00   0.56652E-01  -0.57789E-02
 0.42854E+00   0.55794E-01  -0.56982E-02
 0.43087E+00   0.54958E-01  -0.56401E-02
 0.43311E+00   0.54139E-01  -0.55791E-02
 0.43526E+00   0.53339E-01  -0.55080E-02
 0.43732E+00   0.52556E-01  -0.54383E-02
 0.43930E+00   0.51794E-01  -0.53699E-02
 0.44120E+00   0.51054E-01  -0.52992E-02
 0.44302E+00   0.50338E-01  -0.52219E-02
 0.44477E+00   0.49646E-01  -0.51378E-02
 0.44645E+00   0.48980E-01  -0.50484E-02
 0.44807E+00   0.48336E-01  -0.49524E-02
 0.44962E+00   0.47712E-01  -0.48499E-02
 0.45111E+00   0.47104E-01  -0.47470E-02
 0.45254E+00   0.46509E-01  -0.46494E-02
 0.45391E+00   0.45929E-01  -0.45546E-02
 0.45522E+00   0.45368E-01  -0.44583E-02
 0.45649E+00   0.44832E-01  -0.43589E-02
 0.45770E+00   0.44324E-01  -0.42570E-02
 0.45888E+00   0.43849E-01  -0.41531E-02
 0.46002E+00   0.43406E-01  -0.40453E-02
 0.46112E+00   0.42995E-01  -0.39321E-02
 0.46217E+00   0.42616E-01  -0.38110E-02
 0.46320E+00   0.42267E-01  -0.36800E-02
 0.46418E+00   0.41950E-01  -0.35368E-02
 0.46514E+00   0.41664E-01  -0.33800E-02
 0.46605E+00   0.41403E-01  -0.32152E-02
 0.46694E+00   0.41161E-01  -0.30482E-02
 0.46779E+00   0.40933E-01  -0.28838E-02
 0.15800E-02   0.90625E-01  -0.13092E-01
 0.20635E-01   0.90625E-01  -0.13207E-01
 0.38956E-01   0.90625E-01  -0.13319E-01
 0.56573E-01   0.90625E-01  -0.13439E-01
 0.73513E-01   0.90625E-01  -0.13559E-01
 0.89801E-01   0.90625E-01  -0.13637E-01
 0.10546E+00   0.90625E-01  -0.13630E-01
 0.12052E+00   0.90625E-01  -0.13508E-01
 0.13500E+00   0.90625E-01  -0.13332E-01
 0.14892E+00   0.90625E-01  -0.13130E-01
 0.16231E+00   0.90623E-01  -0.12926E-01
 0.17518E+00   0.90622E-01  -0.12720E-01
 0.18755E+00   0.90622E-01  -0.12501E-01
 0.19945E+00   0.90625E-01  -0.12264E-01
 0.21089E+00   0.90616E-01  -0.12023E-01
 0.22190E+00   0.90563E-01  -0.11784E-01
 0.23247E+00   0.90452E-01  -0.11540E-01
 0.24264E+00   0.90274E-01  -0.11283E-01
 0.25242E+00   0.90023E-01  -0.11015E-01
 0.26181E+00   0.89690E-01  -0.10743E-01
 0.27084E+00   0.89274E-01  -0.10464E-01
 0.27952E+00   0.88771E-01  -0.10180E-01
 0.28785E+00   0.88174E-01  -0.98920E-02
 0.29586E+00   0.87486E-01  -0.96006E-02
 0.30355E+00   0.86710E-01  -0.93077E-02
 0.31092E+00   0.85848E-01  -0.90193E-02
 0.31800E+00   0.84913E-01  -0.87353E-02
 0.32480E+00   0.83917E-01  -0.84553E-02
 0.33132E+00   0.82872E-01  -0.81813E-02
 0.33757E+00   0.81791E-01  -0.79162E-02
 0.34358E+00   0.80678E-01  -0.76588E-02
 0.34933E+00   0.79538E-01  -0.74096E-02
 0.35486E+00   0.78384E-01  -0.71720E-02
 0.36016E+00   0.77216E-01  -0.69447E-02
 0.36524E+00   0.76044E-01  -0.67280E-02
 0.37012E+00   0.74873E-01  -0.65216E-02
 0.37480E+00   0.73698E-01  -0.63234E-02
 0.37929E+00   0.72527E-01  -0.61336E-02
 0.38360E+00   0.71366E-01  -0.59499E-02
 0.38773E+00   0.70223E-01  -0.57829E-02
 0.39170E+00   0.69087E-01  -0.56254E-02
 0.39550E+00   0.67962E-01  -0.54670E-02
 0.39915E+00   0.66854E-01  -0.53143E-02
 0.40265E+00   0.65766E-01  -0.51670E-02
 0.40601E+00   0.64697E-01  -0.50241E-02
 0.40923E+00   0.63648E-01  -0.48900E-02
 0.41233E+00   0.62621E-01  -0.47637E-02
 0.41530E+00   0.61621E-01  -0.46468E-02
 0.41815E+00   0.60655E-01  -0.45408E-02
 0.42090E+00   0.59720E-01  -0.44413E-02
 0.42353E+00   0.58814E-01  -0.43477E-02
 0.42606E+00   0.57939E-01  -0.42638E-02
 0.42850E+00   0.57092E-01  -0.41972E-02
 0.43084E+00   0.56269E-01  -0.41552E-02
 0.43308E+00   0.55463E-01  -0.41084E-02
 0.43523E+00   0.54671E-01  -0.40482E-02
 0.43729E+00   0.53898E-01  -0.39893E-02
 0.43927E+00   0.53145E-01  -0.39317E-02
 0.44117E+00   0.52414E-01  -0.38718E-02
 0.44300E+00   0.51706E-01  -0.38058E-02
 0.44475E+00   0.51022E-01  -0.37329E-02
 0.44644E+00   0.50361E-01  -0.36537E-02
 0.44805E+00   0.49722E-01  -0.35683E-02
 0.44961E+00   0.49103E-01  -0.34776E-02
 0.45110E+00   0.48501E-01  -0.33870E-02
 0.45253E+00   0.47912E-01  -0.33010E-02
 0.45390E+00   0.47339E-01  -0.32175E-02
 0.45522E+00   0.46785E-01  -0.31325E-02
 0.45648E+00   0.46255E-01  -0.30445E-02
 0.45771E+00   0.45753E-01  -0.29542E-02
 0.45888E+00   0.45281E-01  -0.28618E-02
 0.46002E+00   0.44841E-01  -0.27657E-02
 0.46112E+00   0.44430E-01  -0.26647E-02
 0.46218E+00   0.44048E-01  -0.25567E-02
 0.46320E+00   0.43695E-01  -0.24394E-02
 0.46419E+00   0.43371E-01  -0.23104E-02
 0.46514E+00   0.43078E-01  -0.21685E-02
 0.46606E+00   0.42808E-01  -0.20187E-02
 0.46694E+00   0.42557E-01  -0.18667E-02
 0.46779E+00   0.42319E-01  -0.17168E-02
 0.15800E-02   0.90625E-01  -0.10439E-01
 0.20624E-01   0.90625E-01  -0.10543E-01
 0.38935E-01   0.90625E-01  -0.10644E-01
 0.56542E-01   0.90625E-01  -0.10752E-01
 0.73472E-01   0.90625E-01  -0.10861E-01
 0.89751E-01   0.90625E-01  -0.10932E-01
 0.10540E+00   0.90625E-01  -0.10926E-01
 0.12045E+00   0.90625E-01  -0.10816E-01
 0.13492E+00   0.90625E-01  -0.10657E-01
 0.14884E+00   0.90625E-01  -0.10475E-01
 0.16222E+00   0.90625E-01  -0.10290E-01
 0.17508E+00   0.90625E-01  -0.10104E-01
 0.18745E+00   0.90624E-01  -0.99066E-02
 0.19934E+00   0.90625E-01  -0.96924E-02
 0.21078E+00   0.90619E-01  -0.94747E-02
 0.22177E+00   0.90583E-01  -0.92586E-02
 0.23234E+00   0.90505E-01  -0.90381E-02
 0.24251E+00   0.90370E-01  -0.88075E-02
 0.25228E+00   0.90172E-01  -0.85671E-02
 0.26167E+00   0.89906E-01  -0.83242E-02
 0.27070E+00   0.89562E-01  -0.80775E-02
 0.27938E+00   0.89130E-01  -0.78277E-02
 0.28772E+00   0.88604E-01  -0.75754E-02
 0.29572E+00   0.87986E-01  -0.73218E-02
 0.30341E+00   0.87277E-01  -0.70684E-02
 0.31079E+00   0.86465E-01  -0.68162E-02
 0.31788E+00   0.85569E-01  -0.65662E-02
 0.32468E+00   0.84618E-01  -0.63221E-02
 0.33120E+00   0.83613E-01  -0.60833E-02
 0.33746E+00   0.82568E-01  -0.58515E-02
 0.34347E+00   0.81490E-01  -0.56283E-02
 0.34923E+00   0.80386E-01  -0.54129E-02
 0.35476E+00   0.79262E-01  -0.52069E-02
 0.36006E+00   0.78122E-01  -0.50100E-02
 0.36515E+00   0.76976E-01  -0.48229E-02
 0.37003E+00   0.75830E-01  -0.46458E-02
 0.37472E+00   0.74676E-01  -0.44741E-02
 0.37921E+00   0.73524E-01  -0.43089E-02
 0.38352E+00   0.72381E-01  -0.41493E-02
 0.38766E+00   0.71259E-01  -0.40074E-02
 0.39163E+00   0.70145E-01  -0.38752E-02
 0.39543E+00   0.69038E-01  -0.37402E-02
 0.39909E+00   0.67948E-01  -0.36108E-02
 0.40259E+00   0.66876E-01  -0.34845E-02
 0.40595E+00   0.65825E-01  -0.33639E-02
 0.40918E+00   0.64787E-01  -0.32468E-02
 0.41228E+00   0.63774E-01  -0.31382E-02
 0.41525E+00   0.62784E-01  -0.30362E-02
 0.41811E+00   0.61824E-01  -0.29415E-02
 0.42085E+00   0.60897E-01  -0.28543E-02
 0.42349E+00   0.60002E-01  -0.27748E-02
 0.42602E+00   0.59137E-01  -0.27034E-02
 0.42846E+00   0.58298E-01  -0.26466E-02
 0.43080E+00   0.57484E-01  -0.26156E-02
 0.43304E+00   0.56687E-01  -0.25798E-02
 0.43520E+00   0.55905E-01  -0.25296E-02
 0.43726E+00   0.55143E-01  -0.24816E-02
 0.43925E+00   0.54401E-01  -0.24355E-02
 0.44115E+00   0.53681E-01  -0.23870E-02
 0.44298E+00   0.52982E-01  -0.23325E-02
 0.44473E+00   0.52307E-01  -0.22717E-02
 0.44642E+00   0.51655E-01  -0.22054E-02
 0.44804E+00   0.51024E-01  -0.21328E-02
 0.44960E+00   0.50412E-01  -0.20542E-02
 0.45109E+00   0.49816E-01  -0.19753E-02
 0.45252E+00   0.49235E-01  -0.19012E-02
 0.45390E+00   0.48671E-01  -0.18303E-02
 0.45522E+00   0.48126E-01  -0.17585E-02
 0.45649E+00   0.47605E-01  -0.16841E-02
 0.45771E+00   0.47110E-01  -0.16069E-02
 0.45890E+00   0.46644E-01  -0.15268E-02
 0.46003E+00   0.46206E-01  -0.14424E-02
 0.46113E+00   0.45794E-01  -0.13526E-02
 0.46219E+00   0.45409E-01  -0.12555E-02
 0.46321E+00   0.45050E-01  -0.11492E-02
 0.46420E+00   0.44718E-01  -0.10313E-02
 0.46514E+00   0.44415E-01  -0.90058E-03
 0.46606E+00   0.44134E-01  -0.76215E-03
 0.46694E+00   0.43871E-01  -0.62132E-03
 0.46779E+00   0.43621E-01  -0.48233E-03
 0.15800E-02   0.90625E-01  -0.78126E-02
 0.20614E-01   0.90625E-01  -0.79056E-02
 0.38917E-01   0.90625E-01  -0.79957E-02
 0.56515E-01   0.90625E-01  -0.80928E-02
 0.73436E-01   0.90625E-01  -0.81900E-02
 0.89707E-01   0.90625E-01  -0.82535E-02
 0.10535E+00   0.90625E-01  -0.82490E-02
 0.12039E+00   0.90625E-01  -0.81503E-02
 0.13486E+00   0.90625E-01  -0.80085E-02
 0.14877E+00   0.90625E-01  -0.78452E-02
 0.16214E+00   0.90625E-01  -0.76798E-02
 0.17500E+00   0.90625E-01  -0.75137E-02
 0.18736E+00   0.90625E-01  -0.73371E-02
 0.19925E+00   0.90625E-01  -0.71454E-02
 0.21068E+00   0.90622E-01  -0.69506E-02
 0.22167E+00   0.90605E-01  -0.67573E-02
 0.23223E+00   0.90554E-01  -0.65604E-02
 0.24239E+00   0.90457E-01  -0.63549E-02
 0.25216E+00   0.90309E-01  -0.61416E-02
 0.26155E+00   0.90098E-01  -0.59269E-02
 0.27058E+00   0.89817E-01  -0.57104E-02
 0.27926E+00   0.89447E-01  -0.54921E-02
 0.28759E+00   0.88984E-01  -0.52731E-02
 0.29560E+00   0.88424E-01  -0.50535E-02
 0.30329E+00   0.87774E-01  -0.48354E-02
 0.31068E+00   0.87011E-01  -0.46174E-02
 0.31776E+00   0.86152E-01  -0.43992E-02
 0.32456E+00   0.85237E-01  -0.41870E-02
 0.33109E+00   0.84270E-01  -0.39803E-02
 0.33735E+00   0.83259E-01  -0.37802E-02
 0.34336E+00   0.82213E-01  -0.35873E-02
 0.34913E+00   0.81137E-01  -0.34013E-02
 0.35466E+00   0.80039E-01  -0.32235E-02
 0.35997E+00   0.78928E-01  -0.30555E-02
 0.36506E+00   0.77808E-01  -0.28960E-02
 0.36995E+00   0.76683E-01  -0.27441E-02
 0.37464E+00   0.75550E-01  -0.25971E-02
 0.37913E+00   0.74417E-01  -0.24552E-02
 0.38344E+00   0.73293E-01  -0.23186E-02
 0.38759E+00   0.72188E-01  -0.21974E-02
 0.39156E+00   0.71091E-01  -0.20867E-02
 0.39537E+00   0.70000E-01  -0.19713E-02
 0.39903E+00   0.68927E-01  -0.18623E-02
 0.40253E+00   0.67871E-01  -0.17553E-02
 0.40590E+00   0.66835E-01  -0.16541E-02
 0.40913E+00   0.65817E-01  -0.15578E-02
 0.41223E+00   0.64821E-01  -0.14679E-02
 0.41521E+00   0.63848E-01  -0.13845E-02
 0.41807E+00   0.62901E-01  -0.13049E-02
 0.42082E+00   0.61984E-01  -0.12299E-02
 0.42346E+00   0.61098E-01  -0.11617E-02
 0.42599E+00   0.60241E-01  -0.11008E-02
 0.42843E+00   0.59408E-01  -0.10520E-02
 0.43077E+00   0.58596E-01  -0.10254E-02
 0.43301E+00   0.57803E-01  -0.99558E-03
 0.43517E+00   0.57031E-01  -0.95468E-03
 0.43724E+00   0.56281E-01  -0.91778E-03
 0.43922E+00   0.55551E-01  -0.88234E-03
 0.44113E+00   0.54841E-01  -0.84386E-03
 0.44296E+00   0.54153E-01  -0.80065E-03
 0.44472E+00   0.53488E-01  -0.75210E-03
 0.44641E+00   0.52846E-01  -0.69819E-03
 0.44804E+00   0.52225E-01  -0.63929E-03
 0.44960E+00   0.51625E-01  -0.57653E-03
 0.45110E+00   0.51042E-01  -0.51414E-03
 0.45253E+00   0.50473E-01  -0.45577E-03
 0.45391E+00   0.49921E-01  -0.40001E-03
 0.45524E+00   0.49389E-01  -0.34393E-03
 0.45652E+00   0.48880E-01  -0.28522E-03
 0.45774E+00   0.48395E-01  -0.22222E-03
 0.45893E+00   0.47934E-01  -0.15379E-03
 0.46007E+00   0.47497E-01  -0.79095E-04
 0.46116E+00   0.47084E-01   0.15497E-05
 0.46222E+00   0.46694E-01   0.89630E-04
 0.46324E+00   0.46328E-01   0.18780E-03
 0.46422E+00   0.45985E-01   0.29905E-03
 0.46516E+00   0.45666E-01   0.42499E-03
 0.46607E+00   0.45366E-01   0.56006E-03
 0.46695E+00   0.45082E-01   0.69841E-03
 0.46779E+00   0.44812E-01   0.83536E-03
 0.15800E-02   0.90625E-01  -0.52119E-02
 0.20606E-01   0.90625E-01  -0.52942E-02
 0.38901E-01   0.90625E-01  -0.53738E-02
 0.56492E-01   0.90625E-01  -0.54597E-02
 0.73406E-01   0.90625E-01  -0.55456E-02
 0.89670E-01   0.90625E-01  -0.56018E-02
 0.10531E+00   0.90625E-01  -0.55981E-02
 0.12035E+00   0.90625E-01  -0.55110E-02
 0.13480E+00   0.90625E-01  -0.53857E-02
 0.14870E+00   0.90625E-01  -0.52414E-02
 0.16207E+00   0.90625E-01  -0.50953E-02
 0.17492E+00   0.90625E-01  -0.49484E-02
 0.18728E+00   0.90625E-01  -0.47924E-02
 0.19917E+00   0.90625E-01  -0.46230E-02
 0.21059E+00   0.90625E-01  -0.44509E-02
 0.22158E+00   0.90622E-01  -0.42801E-02
 0.23214E+00   0.90598E-01  -0.41064E-02
 0.24230E+00   0.90534E-01  -0.39255E-02
 0.25206E+00   0.90426E-01  -0.37381E-02
 0.26145E+00   0.90264E-01  -0.35505E-02
 0.27048E+00   0.90035E-01  -0.33622E-02
 0.27915E+00   0.89717E-01  -0.31733E-02
 0.28749E+00   0.89307E-01  -0.29845E-02
 0.29550E+00   0.88792E-01  -0.27952E-02
 0.30319E+00   0.88184E-01  -0.26074E-02
 0.31058E+00   0.87468E-01  -0.24210E-02
 0.31767E+00   0.86652E-01  -0.22343E-02
 0.32447E+00   0.85773E-01  -0.20519E-02
 0.33100E+00   0.84839E-01  -0.18750E-02
 0.33726E+00   0.83858E-01  -0.17033E-02
 0.34328E+00   0.82839E-01  -0.15379E-02
 0.34905E+00   0.81790E-01  -0.13786E-02
 0.35458E+00   0.80716E-01  -0.12269E-02
 0.35989E+00   0.79625E-01  -0.10829E-02
 0.36499E+00   0.78527E-01  -0.94746E-03
 0.36988E+00   0.77427E-01  -0.82042E-03
 0.37457E+00   0.76313E-01  -0.69573E-03
 0.37907E+00   0.75202E-01  -0.57696E-03
 0.38339E+00   0.74099E-01  -0.46236E-03
 0.38753E+00   0.73006E-01  -0.35892E-03
 0.39150E+00   0.71918E-01  -0.26440E-03
 0.39532E+00   0.70845E-01  -0.16828E-03
 0.39898E+00   0.69785E-01  -0.75832E-04
 0.40249E+00   0.68746E-01   0.12979E-04
 0.40586E+00   0.67725E-01   0.97372E-04
 0.40910E+00   0.66722E-01   0.17703E-03
 0.41220E+00   0.65743E-01   0.24964E-03
 0.41518E+00   0.64789E-01   0.31610E-03
 0.41805E+00   0.63862E-01   0.37770E-03
 0.42080E+00   0.62963E-01   0.43552E-03
 0.42344E+00   0.62089E-01   0.49095E-03
 0.42598E+00   0.61239E-01   0.54340E-03
 0.42842E+00   0.60407E-01   0.58768E-03
 0.43075E+00   0.59586E-01   0.61741E-03
 0.43300E+00   0.58794E-01   0.64464E-03
 0.43516E+00   0.58035E-01   0.67505E-03
 0.43723E+00   0.57294E-01   0.70392E-03
 0.43922E+00   0.56574E-01   0.73151E-03
 0.44113E+00   0.55875E-01   0.76030E-03
 0.44296E+00   0.55199E-01   0.79332E-03
 0.44473E+00   0.54545E-01   0.83119E-03
 0.44642E+00   0.53913E-01   0.87334E-03
 0.44805E+00   0.53303E-01   0.91948E-03
 0.44961E+00   0.52714E-01   0.96852E-03
 0.45111E+00   0.52144E-01   0.10156E-02
 0.45256E+00   0.51592E-01   0.10566E-02
 0.45395E+00   0.51060E-01   0.10924E-02
 0.45528E+00   0.50551E-01   0.11258E-02
 0.45657E+00   0.50064E-01   0.11616E-02
 0.45780E+00   0.49594E-01   0.12058E-02
 0.45899E+00   0.49140E-01   0.12620E-02
 0.46012E+00   0.48703E-01   0.13291E-02
 0.46122E+00   0.48286E-01   0.14037E-02
 0.46228E+00   0.47889E-01   0.14861E-02
 0.46329E+00   0.47512E-01   0.15802E-02
 0.46426E+00   0.47152E-01   0.16900E-02
 0.46520E+00   0.46809E-01   0.18179E-02
 0.46610E+00   0.46481E-01   0.19570E-02
 0.46696E+00   0.46166E-01   0.21007E-02
 0.46779E+00   0.45865E-01   0.22434E-02
 0.15800E-02   0.90625E-01  -0.26370E-02
 0.20600E-01   0.90625E-01  -0.27086E-02
 0.38889E-01   0.90625E-01  -0.27779E-02
 0.56474E-01   0.90625E-01  -0.28526E-02
 0.73383E-01   0.90625E-01  -0.29274E-02
 0.89641E-01   0.90625E-01  -0.29764E-02
 0.10527E+00   0.90625E-01  -0.29733E-02
 0.12031E+00   0.90625E-01  -0.28976E-02
 0.13476E+00   0.90625E-01  -0.27887E-02
 0.14866E+00   0.90625E-01  -0.26632E-02
 0.16202E+00   0.90625E-01  -0.25359E-02
 0.17487E+00   0.90625E-01  -0.24082E-02
 0.18722E+00   0.90625E-01  -0.22724E-02
 0.19910E+00   0.90625E-01  -0.21252E-02
 0.21052E+00   0.90625E-01  -0.19753E-02
 0.22151E+00   0.90625E-01  -0.18267E-02
 0.23207E+00   0.90625E-01  -0.16758E-02
 0.24222E+00   0.90595E-01  -0.15189E-02
 0.25198E+00   0.90520E-01  -0.13567E-02
 0.26137E+00   0.90397E-01  -0.11948E-02
 0.27039E+00   0.90207E-01  -0.10329E-02
 0.27907E+00   0.89933E-01  -0.87124E-03
 0.28740E+00   0.89563E-01  -0.70992E-03
 0.29541E+00   0.89089E-01  -0.54874E-03
 0.30311E+00   0.88509E-01  -0.38780E-03
 0.31049E+00   0.87826E-01  -0.22880E-03
 0.31759E+00   0.87056E-01  -0.71712E-04
 0.32439E+00   0.86213E-01   0.82359E-04
 0.33092E+00   0.85311E-01   0.23210E-03
 0.33719E+00   0.84357E-01   0.37764E-03
 0.34321E+00   0.83364E-01   0.51761E-03
 0.34898E+00   0.82339E-01   0.65199E-03
 0.35452E+00   0.81286E-01   0.78024E-03
 0.35983E+00   0.80217E-01   0.90086E-03
 0.36493E+00   0.79137E-01   0.10149E-02
 0.36983E+00   0.78049E-01   0.11235E-02
 0.37452E+00   0.76956E-01   0.12266E-02
 0.37902E+00   0.75867E-01   0.13241E-02
 0.38335E+00   0.74792E-01   0.14155E-02
 0.38749E+00   0.73705E-01   0.15049E-02
 0.39146E+00   0.72622E-01   0.15864E-02
 0.39528E+00   0.71565E-01   0.16657E-02
 0.39894E+00   0.70520E-01   0.17419E-02
 0.40246E+00   0.69493E-01   0.18154E-02
 0.40583E+00   0.68486E-01   0.18848E-02
 0.40907E+00   0.67499E-01   0.19492E-02
 0.41218E+00   0.66536E-01   0.20073E-02
 0.41517E+00   0.65596E-01   0.20602E-02
 0.41804E+00   0.64686E-01   0.21074E-02
 0.42079E+00   0.63807E-01   0.21497E-02
 0.42344E+00   0.62956E-01   0.21880E-02
 0.42599E+00   0.62124E-01   0.22260E-02
 0.42842E+00   0.61294E-01   0.22659E-02
 0.43075E+00   0.60456E-01   0.23024E-02
 0.43299E+00   0.59658E-01   0.23308E-02
 0.43516E+00   0.58911E-01   0.23529E-02
 0.43723E+00   0.58180E-01   0.23744E-02
 0.43922E+00   0.57469E-01   0.23953E-02
 0.44114E+00   0.56780E-01   0.24168E-02
 0.44297E+00   0.56113E-01   0.24422E-02
 0.44474E+00   0.55467E-01   0.24720E-02
 0.44644E+00   0.54844E-01   0.25054E-02
 0.44807E+00   0.54242E-01   0.25419E-02
 0.44963E+00   0.53663E-01   0.25801E-02
 0.45114E+00   0.53104E-01   0.26159E-02
 0.45259E+00   0.52563E-01   0.26456E-02
 0.45398E+00   0.52044E-01   0.26686E-02
 0.45532E+00   0.51554E-01   0.26858E-02
 0.45662E+00   0.51088E-01   0.27029E-02
 0.45786E+00   0.50638E-01   0.27283E-02
 0.45905E+00   0.50200E-01   0.27671E-02
 0.46019E+00   0.49773E-01   0.28187E-02
 0.46129E+00   0.49361E-01   0.28800E-02
 0.46234E+00   0.48963E-01   0.29522E-02
 0.46336E+00   0.48576E-01   0.30400E-02
 0.46432E+00   0.48199E-01   0.31485E-02
 0.46525E+00   0.47827E-01   0.32798E-02
 0.46613E+00   0.47465E-01   0.34255E-02
 0.46697E+00   0.47113E-01   0.35772E-02
 0.46779E+00   0.46773E-01   0.37286E-02
 0.15800E-02   0.90625E-01  -0.87604E-04
 0.20594E-01   0.90625E-01  -0.14864E-03
 0.38878E-01   0.90625E-01  -0.20774E-03
 0.56458E-01   0.90625E-01  -0.27139E-03
 0.73361E-01   0.90625E-01  -0.33517E-03
 0.89615E-01   0.90625E-01  -0.37698E-03
 0.10524E+00   0.90625E-01  -0.37448E-03
 0.12027E+00   0.90625E-01  -0.31007E-03
 0.13472E+00   0.90625E-01  -0.21719E-03
 0.14861E+00   0.90625E-01  -0.11025E-03
 0.16197E+00   0.90625E-01  -0.17881E-05
 0.17482E+00   0.90625E-01   0.10712E-03
 0.18717E+00   0.90625E-01   0.22276E-03
 0.19904E+00   0.90625E-01   0.34830E-03
 0.21046E+00   0.90625E-01   0.47605E-03
 0.22144E+00   0.90625E-01   0.60271E-03
 0.23200E+00   0.90625E-01   0.73136E-03
 0.24215E+00   0.90624E-01   0.86484E-03
 0.25191E+00   0.90582E-01   0.10026E-02
 0.26130E+00   0.90491E-01   0.11398E-02
 0.27032E+00   0.90332E-01   0.12767E-02
 0.27899E+00   0.90089E-01   0.14131E-02
 0.28733E+00   0.89751E-01   0.15489E-02
 0.29534E+00   0.89309E-01   0.16844E-02
 0.30303E+00   0.88756E-01   0.18198E-02
 0.31042E+00   0.88102E-01   0.19534E-02
 0.31751E+00   0.87367E-01   0.20842E-02
 0.32432E+00   0.86561E-01   0.22120E-02
 0.33086E+00   0.85687E-01   0.23365E-02
 0.33713E+00   0.84762E-01   0.24573E-02
 0.34315E+00   0.83792E-01   0.25737E-02
 0.34892E+00   0.82787E-01   0.26855E-02
 0.35446E+00   0.81756E-01   0.27917E-02
 0.35978E+00   0.80704E-01   0.28921E-02
 0.36488E+00   0.79637E-01   0.29870E-02
 0.36977E+00   0.78564E-01   0.30769E-02
 0.37447E+00   0.77485E-01   0.31623E-02
 0.37898E+00   0.76411E-01   0.32420E-02
 0.38330E+00   0.75360E-01   0.33139E-02
 0.38745E+00   0.74289E-01   0.33871E-02
 0.39142E+00   0.73200E-01   0.34596E-02
 0.39524E+00   0.72161E-01   0.35225E-02
 0.39891E+00   0.71130E-01   0.35841E-02
 0.40243E+00   0.70119E-01   0.36433E-02
 0.40581E+00   0.69126E-01   0.36989E-02
 0.40905E+00   0.68155E-01   0.37494E-02
 0.41216E+00   0.67205E-01   0.37953E-02
 0.41515E+00   0.66279E-01   0.38366E-02
 0.41802E+00   0.65380E-01   0.38738E-02
 0.42078E+00   0.64513E-01   0.39054E-02
 0.42344E+00   0.63679E-01   0.39315E-02
 0.42599E+00   0.62870E-01   0.39549E-02
 0.42843E+00   0.62058E-01   0.39830E-02
 0.43075E+00   0.61209E-01   0.40222E-02
 0.43299E+00   0.60403E-01   0.40519E-02
 0.43516E+00   0.59667E-01   0.40670E-02
 0.43723E+00   0.58948E-01   0.40820E-02
 0.43923E+00   0.58244E-01   0.40976E-02
 0.44114E+00   0.57564E-01   0.41137E-02
 0.44298E+00   0.56905E-01   0.41326E-02
 0.44475E+00   0.56268E-01   0.41551E-02
 0.44645E+00   0.55652E-01   0.41814E-02
 0.44808E+00   0.55058E-01   0.42102E-02
 0.44965E+00   0.54486E-01   0.42399E-02
 0.45116E+00   0.53934E-01   0.42672E-02
 0.45261E+00   0.53401E-01   0.42892E-02
 0.45401E+00   0.52890E-01   0.43052E-02
 0.45535E+00   0.52407E-01   0.43156E-02
 0.45665E+00   0.51950E-01   0.43250E-02
 0.45789E+00   0.51510E-01   0.43406E-02
 0.45909E+00   0.51083E-01   0.43666E-02
 0.46024E+00   0.50669E-01   0.44029E-02
 0.46134E+00   0.50269E-01   0.44472E-02
 0.46240E+00   0.49880E-01   0.45025E-02
 0.46341E+00   0.49496E-01   0.45763E-02
 0.46438E+00   0.49109E-01   0.46758E-02
 0.46529E+00   0.48717E-01   0.48039E-02
 0.46616E+00   0.48325E-01   0.49500E-02
 0.46699E+00   0.47941E-01   0.51045E-02
 0.46779E+00   0.47567E-01   0.52593E-02
 0.15800E-02   0.90625E-01   0.24366E-02
 0.20589E-01   0.90625E-01   0.23860E-02
 0.38866E-01   0.90625E-01   0.23370E-02
 0.56441E-01   0.90625E-01   0.22842E-02
 0.73339E-01   0.90625E-01   0.22314E-02
 0.89588E-01   0.90625E-01   0.21967E-02
 0.10521E+00   0.90625E-01   0.21986E-02
 0.12023E+00   0.90625E-01   0.22519E-02
 0.13468E+00   0.90625E-01   0.23289E-02
 0.14857E+00   0.90625E-01   0.24175E-02
 0.16192E+00   0.90625E-01   0.25074E-02
 0.17477E+00   0.90625E-01   0.25977E-02
 0.18711E+00   0.90625E-01   0.26935E-02
 0.19899E+00   0.90625E-01   0.27975E-02
 0.21040E+00   0.90625E-01   0.29033E-02
 0.22138E+00   0.90625E-01   0.30083E-02
 0.23193E+00   0.90625E-01   0.31149E-02
 0.24208E+00   0.90625E-01   0.32255E-02
 0.25184E+00   0.90615E-01   0.33395E-02
 0.26122E+00   0.90546E-01   0.34528E-02
 0.27024E+00   0.90409E-01   0.35659E-02
 0.27891E+00   0.90191E-01   0.36782E-02
 0.28725E+00   0.89877E-01   0.37900E-02
 0.29526E+00   0.89462E-01   0.39012E-02
 0.30295E+00   0.88935E-01   0.40123E-02
 0.31034E+00   0.88309E-01   0.41215E-02
 0.31743E+00   0.87603E-01   0.42282E-02
 0.32424E+00   0.86828E-01   0.43318E-02
 0.33078E+00   0.85978E-01   0.44333E-02
 0.33705E+00   0.85079E-01   0.45310E-02
 0.34308E+00   0.84131E-01   0.46254E-02
 0.34885E+00   0.83150E-01   0.47155E-02
 0.35439E+00   0.82132E-01   0.48021E-02
 0.35971E+00   0.81095E-01   0.48833E-02
 0.36481E+00   0.80044E-01   0.49600E-02
 0.36971E+00   0.78981E-01   0.50332E-02
 0.37441E+00   0.77917E-01   0.51017E-02
 0.37891E+00   0.76852E-01   0.51664E-02
 0.38324E+00   0.75813E-01   0.52234E-02
 0.38740E+00   0.74761E-01   0.52805E-02
 0.39137E+00   0.73677E-01   0.53411E-02
 0.39519E+00   0.72648E-01   0.53916E-02
 0.39886E+00   0.71629E-01   0.54405E-02
 0.40238E+00   0.70631E-01   0.54869E-02
 0.40576E+00   0.69650E-01   0.55307E-02
 0.40900E+00   0.68688E-01   0.55710E-02
 0.41212E+00   0.67750E-01   0.56067E-02
 0.41511E+00   0.66835E-01   0.56386E-02
 0.41799E+00   0.65944E-01   0.56675E-02
 0.42075E+00   0.65084E-01   0.56923E-02
 0.42340E+00   0.64253E-01   0.57129E-02
 0.42596E+00   0.63455E-01   0.57284E-02
 0.42840E+00   0.62667E-01   0.57447E-02
 0.43073E+00   0.61828E-01   0.57777E-02
 0.43297E+00   0.61028E-01   0.58030E-02
 0.43514E+00   0.60303E-01   0.58125E-02
 0.43722E+00   0.59591E-01   0.58232E-02
 0.43921E+00   0.58895E-01   0.58344E-02
 0.44113E+00   0.58224E-01   0.58452E-02
 0.44297E+00   0.57574E-01   0.58589E-02
 0.44475E+00   0.56944E-01   0.58761E-02
 0.44645E+00   0.56334E-01   0.58960E-02
 0.44808E+00   0.55747E-01   0.59179E-02
 0.44965E+00   0.55181E-01   0.59406E-02
 0.45116E+00   0.54635E-01   0.59617E-02
 0.45261E+00   0.54106E-01   0.59786E-02
 0.45401E+00   0.53598E-01   0.59908E-02
 0.45535E+00   0.53116E-01   0.59986E-02
 0.45665E+00   0.52658E-01   0.60060E-02
 0.45789E+00   0.52216E-01   0.60188E-02
 0.45909E+00   0.51788E-01   0.60403E-02
 0.46024E+00   0.51375E-01   0.60687E-02
 0.46134E+00   0.50982E-01   0.61008E-02
 0.46240E+00   0.50604E-01   0.61395E-02
 0.46342E+00   0.50229E-01   0.61955E-02
 0.46439E+00   0.49846E-01   0.62785E-02
 0.46530E+00   0.49450E-01   0.63930E-02
 0.46617E+00   0.49049E-01   0.65277E-02
 0.46700E+00   0.48652E-01   0.66720E-02
 0.46779E+00   0.48265E-01   0.68176E-02
 0.15800E-02   0.90625E-01   0.49358E-02
 0.20582E-01   0.90625E-01   0.48955E-02
 0.38853E-01   0.90625E-01   0.48565E-02
 0.56422E-01   0.90625E-01   0.48146E-02
 0.73315E-01   0.90625E-01   0.47725E-02
 0.89558E-01   0.90625E-01   0.47448E-02
 0.10518E+00   0.90625E-01   0.47463E-02
 0.12019E+00   0.90625E-01   0.47887E-02
 0.13463E+00   0.90625E-01   0.48498E-02
 0.14852E+00   0.90625E-01   0.49203E-02
 0.16187E+00   0.90625E-01   0.49918E-02
 0.17471E+00   0.90625E-01   0.50636E-02
 0.18705E+00   0.90625E-01   0.51398E-02
 0.19892E+00   0.90625E-01   0.52226E-02
 0.21033E+00   0.90625E-01   0.53068E-02
 0.22130E+00   0.90625E-01   0.53903E-02
 0.23185E+00   0.90625E-01   0.54751E-02
 0.24200E+00   0.90625E-01   0.55630E-02
 0.25175E+00   0.90624E-01   0.56536E-02
 0.26113E+00   0.90574E-01   0.57437E-02
 0.27015E+00   0.90454E-01   0.58335E-02
 0.27882E+00   0.90253E-01   0.59226E-02
 0.28715E+00   0.89959E-01   0.60111E-02
 0.29516E+00   0.89564E-01   0.60991E-02
 0.30285E+00   0.89063E-01   0.61867E-02
 0.31024E+00   0.88461E-01   0.62727E-02
 0.31734E+00   0.87779E-01   0.63566E-02
 0.32415E+00   0.87029E-01   0.64377E-02
 0.33069E+00   0.86201E-01   0.65173E-02
 0.33696E+00   0.85321E-01   0.65940E-02
 0.34298E+00   0.84395E-01   0.66676E-02
 0.34876E+00   0.83428E-01   0.67383E-02
 0.35430E+00   0.82430E-01   0.68054E-02
 0.35962E+00   0.81406E-01   0.68689E-02
 0.36473E+00   0.80365E-01   0.69289E-02
 0.36962E+00   0.79317E-01   0.69855E-02
 0.37432E+00   0.78259E-01   0.70395E-02
 0.37883E+00   0.77205E-01   0.70897E-02
 0.38316E+00   0.76163E-01   0.71353E-02
 0.38731E+00   0.75127E-01   0.71783E-02
 0.39129E+00   0.74060E-01   0.72251E-02
 0.39511E+00   0.73041E-01   0.72639E-02
 0.39878E+00   0.72033E-01   0.73014E-02
 0.40230E+00   0.71044E-01   0.73369E-02
 0.40568E+00   0.70072E-01   0.73705E-02
 0.40893E+00   0.69121E-01   0.74011E-02
 0.41205E+00   0.68191E-01   0.74282E-02
 0.41504E+00   0.67283E-01   0.74526E-02
 0.41792E+00   0.66400E-01   0.74744E-02
 0.42068E+00   0.65543E-01   0.74935E-02
 0.42333E+00   0.64712E-01   0.75100E-02
 0.42588E+00   0.63913E-01   0.75222E-02
 0.42833E+00   0.63133E-01   0.75331E-02
 0.43067E+00   0.62324E-01   0.75547E-02
 0.43291E+00   0.61545E-01   0.75722E-02
 0.43508E+00   0.60823E-01   0.75792E-02
 0.43716E+00   0.60118E-01   0.75864E-02
 0.43916E+00   0.59431E-01   0.75939E-02
 0.44108E+00   0.58767E-01   0.76013E-02
 0.44293E+00   0.58124E-01   0.76108E-02
 0.44470E+00   0.57500E-01   0.76231E-02
 0.44640E+00   0.56897E-01   0.76376E-02
 0.44804E+00   0.56315E-01   0.76539E-02
 0.44961E+00   0.55754E-01   0.76711E-02
 0.45112E+00   0.55212E-01   0.76871E-02
 0.45258E+00   0.54687E-01   0.76999E-02
 0.45397E+00   0.54181E-01   0.77093E-02
 0.45531E+00   0.53696E-01   0.77161E-02
 0.45661E+00   0.53232E-01   0.77230E-02
 0.45785E+00   0.52783E-01   0.77345E-02
 0.45904E+00   0.52350E-01   0.77529E-02
 0.46019E+00   0.51933E-01   0.77759E-02
 0.46129E+00   0.51536E-01   0.78001E-02
 0.46235E+00   0.51157E-01   0.78280E-02
 0.46337E+00   0.50784E-01   0.78695E-02
 0.46434E+00   0.50410E-01   0.79343E-02
 0.46527E+00   0.50029E-01   0.80273E-02
 0.46614E+00   0.49647E-01   0.81390E-02
 0.46698E+00   0.49270E-01   0.82599E-02
 0.46779E+00   0.48904E-01   0.83824E-02
 0.15800E-02   0.90625E-01   0.74102E-02
 0.20575E-01   0.90625E-01   0.73802E-02
 0.38840E-01   0.90625E-01   0.73511E-02
 0.56402E-01   0.90625E-01   0.73198E-02
 0.73289E-01   0.90625E-01   0.72884E-02
 0.89526E-01   0.90625E-01   0.72678E-02
 0.10514E+00   0.90625E-01   0.72688E-02
 0.12015E+00   0.90625E-01   0.73003E-02
 0.13459E+00   0.90625E-01   0.73459E-02
 0.14847E+00   0.90625E-01   0.73984E-02
 0.16181E+00   0.90625E-01   0.74518E-02
 0.17464E+00   0.90625E-01   0.75054E-02
 0.18698E+00   0.90625E-01   0.75622E-02
 0.19885E+00   0.90625E-01   0.76238E-02
 0.21026E+00   0.90625E-01   0.76867E-02
 0.22122E+00   0.90625E-01   0.77489E-02
 0.23177E+00   0.90625E-01   0.78122E-02
 0.24191E+00   0.90625E-01   0.78778E-02
 0.25167E+00   0.90625E-01   0.79453E-02
 0.26104E+00   0.90586E-01   0.80125E-02
 0.27006E+00   0.90476E-01   0.80794E-02
 0.27872E+00   0.90290E-01   0.81457E-02
 0.28705E+00   0.90008E-01   0.82116E-02
 0.29506E+00   0.89632E-01   0.82770E-02
 0.30275E+00   0.89150E-01   0.83420E-02
 0.31014E+00   0.88571E-01   0.84056E-02
 0.31723E+00   0.87908E-01   0.84677E-02
 0.32404E+00   0.87173E-01   0.85276E-02
 0.33058E+00   0.86366E-01   0.85863E-02
 0.33686E+00   0.85503E-01   0.86428E-02
 0.34288E+00   0.84593E-01   0.86969E-02
 0.34866E+00   0.83640E-01   0.87489E-02
 0.35420E+00   0.82653E-01   0.87983E-02
 0.35952E+00   0.81640E-01   0.88450E-02
 0.36462E+00   0.80607E-01   0.88893E-02
 0.36952E+00   0.79564E-01   0.89313E-02
 0.37422E+00   0.78513E-01   0.89711E-02
 0.37873E+00   0.77463E-01   0.90082E-02
 0.38305E+00   0.76420E-01   0.90423E-02
 0.38720E+00   0.75386E-01   0.90741E-02
 0.39119E+00   0.74348E-01   0.91068E-02
 0.39501E+00   0.73334E-01   0.91353E-02
 0.39868E+00   0.72334E-01   0.91625E-02
 0.40220E+00   0.71352E-01   0.91883E-02
 0.40559E+00   0.70389E-01   0.92126E-02
 0.40883E+00   0.69446E-01   0.92345E-02
 0.41195E+00   0.68525E-01   0.92539E-02
 0.41495E+00   0.67624E-01   0.92711E-02
 0.41782E+00   0.66748E-01   0.92866E-02
 0.42059E+00   0.65892E-01   0.93010E-02
 0.42324E+00   0.65060E-01   0.93136E-02
 0.42579E+00   0.64255E-01   0.93235E-02
 0.42823E+00   0.63471E-01   0.93321E-02
 0.43058E+00   0.62696E-01   0.93438E-02
 0.43283E+00   0.61946E-01   0.93534E-02
 0.43500E+00   0.61227E-01   0.93582E-02
 0.43709E+00   0.60529E-01   0.93627E-02
 0.43909E+00   0.59850E-01   0.93674E-02
 0.44101E+00   0.59191E-01   0.93721E-02
 0.44285E+00   0.58555E-01   0.93782E-02
 0.44463E+00   0.57939E-01   0.93862E-02
 0.44633E+00   0.57342E-01   0.93960E-02
 0.44797E+00   0.56765E-01   0.94073E-02
 0.44954E+00   0.56208E-01   0.94195E-02
 0.45106E+00   0.55670E-01   0.94310E-02
 0.45251E+00   0.55148E-01   0.94403E-02
 0.45390E+00   0.54642E-01   0.94475E-02
 0.45525E+00   0.54154E-01   0.94533E-02
 0.45653E+00   0.53683E-01   0.94596E-02
 0.45777E+00   0.53229E-01   0.94693E-02
 0.45896E+00   0.52791E-01   0.94838E-02
 0.46011E+00   0.52369E-01   0.95018E-02
 0.46121E+00   0.51961E-01   0.95207E-02
 0.46226E+00   0.51566E-01   0.95417E-02
 0.46328E+00   0.51185E-01   0.95721E-02
 0.46425E+00   0.50820E-01   0.96188E-02
 0.46519E+00   0.50469E-01   0.96862E-02
 0.46609E+00   0.50133E-01   0.97678E-02
 0.46696E+00   0.49810E-01   0.98565E-02
 0.46779E+00   0.49500E-01   0.99465E-02
 0.15800E-02   0.90625E-01   0.98602E-02
 0.20569E-01   0.90625E-01   0.98402E-02
 0.38828E-01   0.90625E-01   0.98210E-02
 0.56385E-01   0.90625E-01   0.98002E-02
 0.73266E-01   0.90625E-01   0.97794E-02
 0.89498E-01   0.90625E-01   0.97657E-02
 0.10511E+00   0.90625E-01   0.97663E-02
 0.12011E+00   0.90625E-01   0.97872E-02
 0.13454E+00   0.90625E-01   0.98174E-02
 0.14842E+00   0.90625E-01   0.98522E-02
 0.16176E+00   0.90625E-01   0.98876E-02
 0.17459E+00   0.90625E-01   0.99231E-02
 0.18692E+00   0.90625E-01   0.99608E-02
 0.19879E+00   0.90625E-01   0.10002E-01
 0.21019E+00   0.90625E-01   0.10043E-01
 0.22116E+00   0.90625E-01   0.10085E-01
 0.23170E+00   0.90625E-01   0.10126E-01
 0.24184E+00   0.90625E-01   0.10170E-01
 0.25159E+00   0.90625E-01   0.10215E-01
 0.26096E+00   0.90590E-01   0.10259E-01
 0.26997E+00   0.90490E-01   0.10304E-01
 0.27864E+00   0.90312E-01   0.10348E-01
 0.28697E+00   0.90042E-01   0.10391E-01
 0.29497E+00   0.89674E-01   0.10434E-01
 0.30266E+00   0.89207E-01   0.10477E-01
 0.31005E+00   0.88647E-01   0.10519E-01
 0.31714E+00   0.87996E-01   0.10560E-01
 0.32395E+00   0.87272E-01   0.10600E-01
 0.33049E+00   0.86480E-01   0.10638E-01
 0.33676E+00   0.85632E-01   0.10675E-01
 0.34279E+00   0.84731E-01   0.10711E-01
 0.34856E+00   0.83789E-01   0.10745E-01
 0.35411E+00   0.82807E-01   0.10778E-01
 0.35942E+00   0.81799E-01   0.10809E-01
 0.36453E+00   0.80773E-01   0.10838E-01
 0.36942E+00   0.79737E-01   0.10865E-01
 0.37412E+00   0.78691E-01   0.10891E-01
 0.37863E+00   0.77643E-01   0.10916E-01
 0.38295E+00   0.76597E-01   0.10939E-01
 0.38710E+00   0.75561E-01   0.10960E-01
 0.39109E+00   0.74542E-01   0.10981E-01
 0.39491E+00   0.73530E-01   0.10999E-01
 0.39858E+00   0.72535E-01   0.11017E-01
 0.40211E+00   0.71557E-01   0.11034E-01
 0.40549E+00   0.70599E-01   0.11050E-01
 0.40874E+00   0.69660E-01   0.11064E-01
 0.41186E+00   0.68742E-01   0.11077E-01
 0.41485E+00   0.67845E-01   0.11088E-01
 0.41773E+00   0.66972E-01   0.11098E-01
 0.42049E+00   0.66122E-01   0.11108E-01
 0.42314E+00   0.65291E-01   0.11116E-01
 0.42569E+00   0.64481E-01   0.11123E-01
 0.42813E+00   0.63694E-01   0.11129E-01
 0.43048E+00   0.62942E-01   0.11135E-01
 0.43275E+00   0.62212E-01   0.11140E-01
 0.43491E+00   0.61496E-01   0.11143E-01
 0.43700E+00   0.60803E-01   0.11146E-01
 0.43900E+00   0.60130E-01   0.11148E-01
 0.44092E+00   0.59477E-01   0.11151E-01
 0.44277E+00   0.58845E-01   0.11155E-01
 0.44454E+00   0.58234E-01   0.11159E-01
 0.44625E+00   0.57642E-01   0.11166E-01
 0.44789E+00   0.57069E-01   0.11173E-01
 0.44946E+00   0.56516E-01   0.11180E-01
 0.45098E+00   0.55982E-01   0.11188E-01
 0.45243E+00   0.55464E-01   0.11194E-01
 0.45383E+00   0.54962E-01   0.11198E-01
 0.45517E+00   0.54474E-01   0.11202E-01
 0.45645E+00   0.54001E-01   0.11207E-01
 0.45769E+00   0.53545E-01   0.11213E-01
 0.45888E+00   0.53108E-01   0.11223E-01
 0.46003E+00   0.52684E-01   0.11235E-01
 0.46112E+00   0.52266E-01   0.11248E-01
 0.46217E+00   0.51855E-01   0.11263E-01
 0.46318E+00   0.51464E-01   0.11283E-01
 0.46416E+00   0.51107E-01   0.11312E-01
 0.46511E+00   0.50796E-01   0.11353E-01
 0.46604E+00   0.50523E-01   0.11403E-01
 0.46693E+00   0.50275E-01   0.11457E-01
 0.46779E+00   0.50045E-01   0.11512E-01
 0.15800E-02   0.90625E-01   0.12286E-01
 0.20565E-01   0.90625E-01   0.12276E-01
 0.38820E-01   0.90625E-01   0.12266E-01
 0.56372E-01   0.90625E-01   0.12256E-01
 0.73250E-01   0.90625E-01   0.12246E-01
 0.89478E-01   0.90625E-01   0.12239E-01
 0.10508E+00   0.90625E-01   0.12239E-01
 0.12009E+00   0.90625E-01   0.12249E-01
 0.13451E+00   0.90625E-01   0.12265E-01
 0.14839E+00   0.90625E-01   0.12282E-01
 0.16172E+00   0.90625E-01   0.12299E-01
 0.17455E+00   0.90625E-01   0.12317E-01
 0.18688E+00   0.90625E-01   0.12336E-01
 0.19874E+00   0.90625E-01   0.12356E-01
 0.21014E+00   0.90625E-01   0.12377E-01
 0.22111E+00   0.90625E-01   0.12397E-01
 0.23165E+00   0.90622E-01   0.12418E-01
 0.24178E+00   0.90622E-01   0.12440E-01
 0.25153E+00   0.90625E-01   0.12462E-01
 0.26090E+00   0.90596E-01   0.12484E-01
 0.26991E+00   0.90500E-01   0.12506E-01
 0.27857E+00   0.90327E-01   0.12528E-01
 0.28690E+00   0.90062E-01   0.12550E-01
 0.29490E+00   0.89703E-01   0.12571E-01
 0.30259E+00   0.89246E-01   0.12593E-01
 0.30998E+00   0.88693E-01   0.12613E-01
 0.31707E+00   0.88050E-01   0.12634E-01
 0.32388E+00   0.87329E-01   0.12653E-01
 0.33042E+00   0.86550E-01   0.12672E-01
 0.33669E+00   0.85707E-01   0.12691E-01
 0.34271E+00   0.84815E-01   0.12708E-01
 0.34849E+00   0.83874E-01   0.12725E-01
 0.35403E+00   0.82897E-01   0.12741E-01
 0.35935E+00   0.81893E-01   0.12757E-01
 0.36445E+00   0.80868E-01   0.12771E-01
 0.36935E+00   0.79832E-01   0.12785E-01
 0.37405E+00   0.78788E-01   0.12798E-01
 0.37855E+00   0.77744E-01   0.12810E-01
 0.38288E+00   0.76696E-01   0.12821E-01
 0.38702E+00   0.75657E-01   0.12832E-01
 0.39101E+00   0.74644E-01   0.12842E-01
 0.39483E+00   0.73632E-01   0.12852E-01
 0.39850E+00   0.72638E-01   0.12860E-01
 0.40203E+00   0.71663E-01   0.12869E-01
 0.40541E+00   0.70708E-01   0.12877E-01
 0.40866E+00   0.69770E-01   0.12884E-01
 0.41178E+00   0.68855E-01   0.12890E-01
 0.41477E+00   0.67960E-01   0.12896E-01
 0.41765E+00   0.67090E-01   0.12901E-01
 0.42041E+00   0.66242E-01   0.12905E-01
 0.42306E+00   0.65415E-01   0.12909E-01
 0.42561E+00   0.64605E-01   0.12913E-01
 0.42805E+00   0.63818E-01   0.12916E-01
 0.43041E+00   0.63072E-01   0.12918E-01
 0.43267E+00   0.62352E-01   0.12921E-01
 0.43484E+00   0.61641E-01   0.12922E-01
 0.43692E+00   0.60952E-01   0.12923E-01
 0.43893E+00   0.60285E-01   0.12924E-01
 0.44085E+00   0.59637E-01   0.12925E-01
 0.44270E+00   0.59010E-01   0.12927E-01
 0.44448E+00   0.58404E-01   0.12929E-01
 0.44618E+00   0.57816E-01   0.12932E-01
 0.44782E+00   0.57247E-01   0.12935E-01
 0.44940E+00   0.56697E-01   0.12939E-01
 0.45091E+00   0.56166E-01   0.12943E-01
 0.45237E+00   0.55652E-01   0.12945E-01
 0.45376E+00   0.55153E-01   0.12947E-01
 0.45510E+00   0.54667E-01   0.12949E-01
 0.45639E+00   0.54196E-01   0.12952E-01
 0.45763E+00   0.53744E-01   0.12955E-01
 0.45882E+00   0.53311E-01   0.12959E-01
 0.45997E+00   0.52890E-01   0.12965E-01
 0.46106E+00   0.52467E-01   0.12972E-01
 0.46210E+00   0.52042E-01   0.12980E-01
 0.46311E+00   0.51642E-01   0.12990E-01
 0.46409E+00   0.51295E-01   0.13004E-01
 0.46506E+00   0.51023E-01   0.13022E-01
 0.46600E+00   0.50814E-01   0.13043E-01
 0.46691E+00   0.50646E-01   0.13065E-01
 0.46779E+00   0.50498E-01   0.13088E-01
 0.15800E-02   0.90625E-01   0.14688E-01
 0.20563E-01   0.90625E-01   0.14688E-01
 0.38815E-01   0.90625E-01   0.14688E-01
 0.56366E-01   0.90625E-01   0.14688E-01
 0.73242E-01   0.90625E-01   0.14688E-01
 0.89468E-01   0.90625E-01   0.14688E-01
 0.10507E+00   0.90625E-01   0.14688E-01
 0.12007E+00   0.90625E-01   0.14688E-01
 0.13450E+00   0.90625E-01   0.14688E-01
 0.14837E+00   0.90625E-01   0.14688E-01
 0.16171E+00   0.90625E-01   0.14688E-01
 0.17453E+00   0.90625E-01   0.14688E-01
 0.18686E+00   0.90625E-01   0.14688E-01
 0.19872E+00   0.90625E-01   0.14688E-01
 0.21012E+00   0.90625E-01   0.14688E-01
 0.22108E+00   0.90625E-01   0.14688E-01
 0.23162E+00   0.90625E-01   0.14688E-01
 0.24176E+00   0.90625E-01   0.14688E-01
 0.25150E+00   0.90625E-01   0.14688E-01
 0.26087E+00   0.90595E-01   0.14688E-01
 0.26988E+00   0.90502E-01   0.14688E-01
 0.27854E+00   0.90329E-01   0.14688E-01
 0.28687E+00   0.90066E-01   0.14688E-01
 0.29487E+00   0.89711E-01   0.14688E-01
 0.30256E+00   0.89255E-01   0.14688E-01
 0.30994E+00   0.88702E-01   0.14688E-01
 0.31704E+00   0.88063E-01   0.14688E-01
 0.32385E+00   0.87346E-01   0.14688E-01
 0.33038E+00   0.86567E-01   0.14688E-01
 0.33666E+00   0.85724E-01   0.14688E-01
 0.34268E+00   0.84830E-01   0.14688E-01
 0.34845E+00   0.83892E-01   0.14688E-01
 0.35400E+00   0.82914E-01   0.14688E-01
 0.35931E+00   0.81906E-01   0.14688E-01
 0.36441E+00   0.80880E-01   0.14688E-01
 0.36931E+00   0.79844E-01   0.14688E-01
 0.37400E+00   0.78797E-01   0.14688E-01
 0.37851E+00   0.77750E-01   0.14688E-01
 0.38283E+00   0.76702E-01   0.14688E-01
 0.38698E+00   0.75662E-01   0.14688E-01
 0.39096E+00   0.74644E-01   0.14688E-01
 0.39479E+00   0.73630E-01   0.14688E-01
 0.39845E+00   0.72635E-01   0.14688E-01
 0.40198E+00   0.71657E-01   0.14688E-01
 0.40536E+00   0.70699E-01   0.14688E-01
 0.40861E+00   0.69760E-01   0.14688E-01
 0.41172E+00   0.68845E-01   0.14688E-01
 0.41472E+00   0.67951E-01   0.14688E-01
 0.41759E+00   0.67081E-01   0.14688E-01
 0.42036E+00   0.66234E-01   0.14688E-01
 0.42301E+00   0.65410E-01   0.14688E-01
 0.42556E+00   0.64607E-01   0.14688E-01
 0.42800E+00   0.63825E-01   0.14688E-01
 0.43036E+00   0.63078E-01   0.14688E-01
 0.43262E+00   0.62357E-01   0.14688E-01
 0.43479E+00   0.61651E-01   0.14688E-01
 0.43688E+00   0.60965E-01   0.14688E-01
 0.43888E+00   0.60302E-01   0.14688E-01
 0.44081E+00   0.59658E-01   0.14688E-01
 0.44265E+00   0.59035E-01   0.14688E-01
 0.44443E+00   0.58431E-01   0.14688E-01
 0.44614E+00   0.57846E-01   0.14688E-01
 0.44778E+00   0.57281E-01   0.14688E-01
 0.44936E+00   0.56734E-01   0.14688E-01
 0.45087E+00   0.56205E-01   0.14688E-01
 0.45233E+00   0.55694E-01   0.14688E-01
 0.45372E+00   0.55197E-01   0.14688E-01
 0.45507E+00   0.54715E-01   0.14688E-01
 0.45635E+00   0.54247E-01   0.14688E-01
 0.45759E+00   0.53798E-01   0.14688E-01
 0.45879E+00   0.53371E-01   0.14688E-01
 0.45993E+00   0.52953E-01   0.14688E-01
 0.46103E+00   0.52530E-01   0.14688E-01
 0.46207E+00   0.52100E-01   0.14688E-01
 0.46307E+00   0.51696E-01   0.14688E-01
 0.46406E+00   0.51357E-01   0.14688E-01
 0.46503E+00   0.51115E-01   0.14688E-01
 0.46598E+00   0.50953E-01   0.14688E-01
 0.46690E+00   0.50842E-01   0.14688E-01
 0.46779E+00   0.50754E-01   0.14688E-01
