/*--------------------------------*- C++ -*----------------------------------*\
  =========                 |
  \\      /  F ield         | OpenFOAM: The Open Source CFD Toolbox
   \\    /   O peration     | Website:  https://openfoam.org
    \\  /    A nd           | Version:  11
     \\/     M anipulation  |
\*---------------------------------------------------------------------------*/
FoamFile
{
    format      ascii;
    class       labelList;
    note        "nPoints:15592  nCells:12920  nFaces:41311  nInternalFaces:37852";
    location    "constant/polyMesh";
    object      neighbour;
}
// * * * * * * * * * * * * * * * * * * * * * * * * * * * * * * * * * * * * * //


37852
(
1
32
640
2
33
641
3
34
642
4
35
643
5
36
644
6
37
645
7
38
646
8
39
647
9
40
648
10
41
649
11
42
650
12
43
651
13
44
652
14
45
653
15
46
654
16
47
655
17
48
656
18
49
657
19
50
658
20
51
659
21
52
660
22
53
661
23
54
662
24
55
663
25
56
664
26
57
665
27
58
666
28
59
667
29
60
668
30
61
669
31
62
670
63
671
33
64
672
34
65
673
35
66
674
36
67
675
37
68
676
38
69
677
39
70
678
40
71
679
41
72
680
42
73
681
43
74
682
44
75
683
45
76
684
46
77
685
47
78
686
48
79
687
49
80
688
50
81
689
51
82
690
52
83
691
53
84
692
54
85
693
55
86
694
56
87
695
57
88
696
58
89
697
59
90
698
60
91
699
61
92
700
62
93
701
63
94
702
95
703
65
96
704
66
97
705
67
98
706
68
99
707
69
100
708
70
101
709
71
102
710
72
103
711
73
104
712
74
105
713
75
106
714
76
107
715
77
108
716
78
109
717
79
110
718
80
111
719
81
112
720
82
113
721
83
114
722
84
115
723
85
116
724
86
117
725
87
118
726
88
119
727
89
120
728
90
121
729
91
122
730
92
123
731
93
124
732
94
125
733
95
126
734
127
735
97
128
736
98
129
737
99
130
738
100
131
739
101
132
740
102
133
741
103
134
742
104
135
743
105
136
744
106
137
745
107
138
746
108
139
747
109
140
748
110
141
749
111
142
750
112
143
751
113
144
752
114
145
753
115
146
754
116
147
755
117
148
756
118
149
757
119
150
758
120
151
759
121
152
760
122
153
761
123
154
762
124
155
763
125
156
764
126
157
765
127
158
766
159
767
129
160
768
130
161
769
131
162
770
132
163
771
133
164
772
134
165
773
135
166
774
136
167
775
137
168
776
138
169
777
139
170
778
140
171
779
141
172
780
142
173
781
143
174
782
144
175
783
145
176
784
146
177
785
147
178
786
148
179
787
149
180
788
150
181
789
151
182
790
152
183
791
153
184
792
154
185
793
155
186
794
156
187
795
157
188
796
158
189
797
159
190
798
191
799
161
192
800
162
193
801
163
194
802
164
195
803
165
196
804
166
197
805
167
198
806
168
199
807
169
200
808
170
201
809
171
202
810
172
203
811
173
204
812
174
205
813
175
206
814
176
207
815
177
208
816
178
209
817
179
210
818
180
211
819
181
212
820
182
213
821
183
214
822
184
215
823
185
216
824
186
217
825
187
218
826
188
219
827
189
220
828
190
221
829
191
222
830
223
831
193
224
832
194
225
833
195
226
834
196
227
835
197
228
836
198
229
837
199
230
838
200
231
839
201
232
840
202
233
841
203
234
842
204
235
843
205
236
844
206
237
845
207
238
846
208
239
847
209
240
848
210
241
849
211
242
850
212
243
851
213
244
852
214
245
853
215
246
854
216
247
855
217
248
856
218
249
857
219
250
858
220
251
859
221
252
860
222
253
861
223
254
862
255
863
225
256
864
226
257
865
227
258
866
228
259
867
229
260
868
230
261
869
231
262
870
232
263
871
233
264
872
234
265
873
235
266
874
236
267
875
237
268
876
238
269
877
239
270
878
240
271
879
241
272
880
242
273
881
243
274
882
244
275
883
245
276
884
246
277
885
247
278
886
248
279
887
249
280
888
250
281
889
251
282
890
252
283
891
253
284
892
254
285
893
255
286
894
287
895
257
288
896
258
289
897
259
290
898
260
291
899
261
292
900
262
293
901
263
294
902
264
295
903
265
296
904
266
297
905
267
298
906
268
299
907
269
300
908
270
301
909
271
302
910
272
303
911
273
304
912
274
305
913
275
306
914
276
307
915
277
308
916
278
309
917
279
310
918
280
311
919
281
312
920
282
313
921
283
314
922
284
315
923
285
316
924
286
317
925
287
318
926
319
927
289
320
928
290
321
929
291
322
930
292
323
931
293
324
932
294
325
933
295
326
934
296
327
935
297
328
936
298
329
937
299
330
938
300
331
939
301
332
940
302
333
941
303
334
942
304
335
943
305
336
944
306
337
945
307
338
946
308
339
947
309
340
948
310
341
949
311
342
950
312
343
951
313
344
952
314
345
953
315
346
954
316
347
955
317
348
956
318
349
957
319
350
958
351
959
321
352
960
322
353
961
323
354
962
324
355
963
325
356
964
326
357
965
327
358
966
328
359
967
329
360
968
330
361
969
331
362
970
332
363
971
333
364
972
334
365
973
335
366
974
336
367
975
337
368
976
338
369
977
339
370
978
340
371
979
341
372
980
342
373
981
343
374
982
344
375
983
345
376
984
346
377
985
347
378
986
348
379
987
349
380
988
350
381
989
351
382
990
383
991
353
384
992
354
385
993
355
386
994
356
387
995
357
388
996
358
389
997
359
390
998
360
391
999
361
392
1000
362
393
1001
363
394
1002
364
395
1003
365
396
1004
366
397
1005
367
398
1006
368
399
1007
369
400
1008
370
401
1009
371
402
1010
372
403
1011
373
404
1012
374
405
1013
375
406
1014
376
407
1015
377
408
1016
378
409
1017
379
410
1018
380
411
1019
381
412
1020
382
413
1021
383
414
1022
415
1023
385
416
1024
386
417
1025
387
418
1026
388
419
1027
389
420
1028
390
421
1029
391
422
1030
392
423
1031
393
424
1032
394
425
1033
395
426
1034
396
427
1035
397
428
1036
398
429
1037
399
430
1038
400
431
1039
401
432
1040
402
433
1041
403
434
1042
404
435
1043
405
436
1044
406
437
1045
407
438
1046
408
439
1047
409
440
1048
410
441
1049
411
442
1050
412
443
1051
413
444
1052
414
445
1053
415
446
1054
447
1055
417
448
1056
418
449
1057
419
450
1058
420
451
1059
421
452
1060
422
453
1061
423
454
1062
424
455
1063
425
456
1064
426
457
1065
427
458
1066
428
459
1067
429
460
1068
430
461
1069
431
462
1070
432
463
1071
433
464
1072
434
465
1073
435
466
1074
436
467
1075
437
468
1076
438
469
1077
439
470
1078
440
471
1079
441
472
1080
442
473
1081
443
474
1082
444
475
1083
445
476
1084
446
477
1085
447
478
1086
479
1087
449
480
1088
450
481
1089
451
482
1090
452
483
1091
453
484
1092
454
485
1093
455
486
1094
456
487
1095
457
488
1096
458
489
1097
459
490
1098
460
491
1099
461
492
1100
462
493
1101
463
494
1102
464
495
1103
465
496
1104
466
497
1105
467
498
1106
468
499
1107
469
500
1108
470
501
1109
471
502
1110
472
503
1111
473
504
1112
474
505
1113
475
506
1114
476
507
1115
477
508
1116
478
509
1117
479
510
1118
511
1119
481
512
1120
482
513
1121
483
514
1122
484
515
1123
485
516
1124
486
517
1125
487
518
1126
488
519
1127
489
520
1128
490
521
1129
491
522
1130
492
523
1131
493
524
1132
494
525
1133
495
526
1134
496
527
1135
497
528
1136
498
529
1137
499
530
1138
500
531
1139
501
532
1140
502
533
1141
503
534
1142
504
535
1143
505
536
1144
506
537
1145
507
538
1146
508
539
1147
509
540
1148
510
541
1149
511
542
1150
543
1151
513
544
1152
514
545
1153
515
546
1154
516
547
1155
517
548
1156
518
549
1157
519
550
1158
520
551
1159
521
552
1160
522
553
1161
523
554
1162
524
555
1163
525
556
1164
526
557
1165
527
558
1166
528
559
1167
529
560
1168
530
561
1169
531
562
1170
532
563
1171
533
564
1172
534
565
1173
535
566
1174
536
567
1175
537
568
1176
538
569
1177
539
570
1178
540
571
1179
541
572
1180
542
573
1181
543
574
1182
575
1183
545
576
1184
546
577
1185
547
578
1186
548
579
1187
549
580
1188
550
581
1189
551
582
1190
552
583
1191
553
584
1192
554
585
1193
555
586
1194
556
587
1195
557
588
1196
558
589
1197
559
590
1198
560
591
1199
561
592
1200
562
593
1201
563
594
1202
564
595
1203
565
596
1204
566
597
1205
567
598
1206
568
599
1207
569
600
1208
570
601
1209
571
602
1210
572
603
1211
573
604
1212
574
605
1213
575
606
1214
607
1215
577
608
1216
578
609
1217
579
610
1218
580
611
1219
581
612
1220
582
613
1221
583
614
1222
584
615
1223
585
616
1224
586
617
1225
587
618
1226
588
619
1227
589
620
1228
590
621
1229
591
622
1230
592
623
1231
593
624
1232
594
625
1233
595
626
1234
596
627
1235
597
628
1236
598
629
1237
599
630
1238
600
631
1239
601
632
1240
602
633
1241
603
634
1242
604
635
1243
605
636
1244
606
637
1245
607
638
1246
639
1247
609
1248
610
1249
611
1250
612
1251
613
1252
614
1253
615
1254
616
1255
617
1256
618
1257
619
1258
620
1259
621
1260
622
1261
623
1262
624
1263
625
1264
626
1265
627
1266
628
1267
629
1268
630
1269
631
1270
632
1271
633
1272
634
1273
635
1274
636
1275
637
1276
638
1277
639
1278
1279
641
672
1280
642
673
1281
643
674
1282
644
675
1283
645
676
1284
646
677
1285
647
678
1286
648
679
1287
649
680
1288
650
681
1289
651
682
1290
652
683
1291
653
684
1292
654
685
1293
655
686
1294
656
687
1295
657
688
1296
658
689
1297
659
690
1298
660
691
1299
661
692
1300
662
693
1301
663
694
1302
664
695
1303
665
696
1304
666
697
1305
667
698
1306
668
699
1307
669
700
1308
670
701
1309
671
702
1310
703
1311
673
704
1312
674
705
1313
675
706
1314
676
707
1315
677
708
1316
678
709
1317
679
710
1318
680
711
1319
681
712
1320
682
713
1321
683
714
1322
684
715
1323
685
716
1324
686
717
1325
687
718
1326
688
719
1327
689
720
1328
690
721
1329
691
722
1330
692
723
1331
693
724
1332
694
725
1333
695
726
1334
696
727
1335
697
728
1336
698
729
1337
699
730
1338
700
731
1339
701
732
1340
702
733
1341
703
734
1342
735
1343
705
736
1344
706
737
1345
707
738
1346
708
739
1347
709
740
1348
710
741
1349
711
742
1350
712
743
1351
713
744
1352
714
745
1353
715
746
1354
716
747
1355
717
748
1356
718
749
1357
719
750
1358
720
751
1359
721
752
1360
722
753
1361
723
754
1362
724
755
1363
725
756
1364
726
757
1365
727
758
1366
728
759
1367
729
760
1368
730
761
1369
731
762
1370
732
763
1371
733
764
1372
734
765
1373
735
766
1374
767
1375
737
768
1376
738
769
1377
739
770
1378
740
771
1379
741
772
1380
742
773
1381
743
774
1382
744
775
1383
745
776
1384
746
777
1385
747
778
1386
748
779
1387
749
780
1388
750
781
1389
751
782
1390
752
783
1391
753
784
1392
754
785
1393
755
786
1394
756
787
1395
757
788
1396
758
789
1397
759
790
1398
760
791
1399
761
792
1400
762
793
1401
763
794
1402
764
795
1403
765
796
1404
766
797
1405
767
798
1406
799
1407
769
800
1408
770
801
1409
771
802
1410
772
803
1411
773
804
1412
774
805
1413
775
806
1414
776
807
1415
777
808
1416
778
809
1417
779
810
1418
780
811
1419
781
812
1420
782
813
1421
783
814
1422
784
815
1423
785
816
1424
786
817
1425
787
818
1426
788
819
1427
789
820
1428
790
821
1429
791
822
1430
792
823
1431
793
824
1432
794
825
1433
795
826
1434
796
827
1435
797
828
1436
798
829
1437
799
830
1438
831
1439
801
832
1440
802
833
1441
803
834
1442
804
835
1443
805
836
1444
806
837
1445
807
838
1446
808
839
1447
809
840
1448
810
841
1449
811
842
1450
812
843
1451
813
844
1452
814
845
1453
815
846
1454
816
847
1455
817
848
1456
818
849
1457
819
850
1458
820
851
1459
821
852
1460
822
853
1461
823
854
1462
824
855
1463
825
856
1464
826
857
1465
827
858
1466
828
859
1467
829
860
1468
830
861
1469
831
862
1470
863
1471
833
864
1472
834
865
1473
835
866
1474
836
867
1475
837
868
1476
838
869
1477
839
870
1478
840
871
1479
841
872
1480
842
873
1481
843
874
1482
844
875
1483
845
876
1484
846
877
1485
847
878
1486
848
879
1487
849
880
1488
850
881
1489
851
882
1490
852
883
1491
853
884
1492
854
885
1493
855
886
1494
856
887
1495
857
888
1496
858
889
1497
859
890
1498
860
891
1499
861
892
1500
862
893
1501
863
894
1502
895
1503
865
896
1504
866
897
1505
867
898
1506
868
899
1507
869
900
1508
870
901
1509
871
902
1510
872
903
1511
873
904
1512
874
905
1513
875
906
1514
876
907
1515
877
908
1516
878
909
1517
879
910
1518
880
911
1519
881
912
1520
882
913
1521
883
914
1522
884
915
1523
885
916
1524
886
917
1525
887
918
1526
888
919
1527
889
920
1528
890
921
1529
891
922
1530
892
923
1531
893
924
1532
894
925
1533
895
926
1534
927
1535
897
928
1536
898
929
1537
899
930
1538
900
931
1539
901
932
1540
902
933
1541
903
934
1542
904
935
1543
905
936
1544
906
937
1545
907
938
1546
908
939
1547
909
940
1548
910
941
1549
911
942
1550
912
943
1551
913
944
1552
914
945
1553
915
946
1554
916
947
1555
917
948
1556
918
949
1557
919
950
1558
920
951
1559
921
952
1560
922
953
1561
923
954
1562
924
955
1563
925
956
1564
926
957
1565
927
958
1566
959
1567
929
960
1568
930
961
1569
931
962
1570
932
963
1571
933
964
1572
934
965
1573
935
966
1574
936
967
1575
937
968
1576
938
969
1577
939
970
1578
940
971
1579
941
972
1580
942
973
1581
943
974
1582
944
975
1583
945
976
1584
946
977
1585
947
978
1586
948
979
1587
949
980
1588
950
981
1589
951
982
1590
952
983
1591
953
984
1592
954
985
1593
955
986
1594
956
987
1595
957
988
1596
958
989
1597
959
990
1598
991
1599
961
992
1600
962
993
1601
963
994
1602
964
995
1603
965
996
1604
966
997
1605
967
998
1606
968
999
1607
969
1000
1608
970
1001
1609
971
1002
1610
972
1003
1611
973
1004
1612
974
1005
1613
975
1006
1614
976
1007
1615
977
1008
1616
978
1009
1617
979
1010
1618
980
1011
1619
981
1012
1620
982
1013
1621
983
1014
1622
984
1015
1623
985
1016
1624
986
1017
1625
987
1018
1626
988
1019
1627
989
1020
1628
990
1021
1629
991
1022
1630
1023
1631
993
1024
1632
994
1025
1633
995
1026
1634
996
1027
1635
997
1028
1636
998
1029
1637
999
1030
1638
1000
1031
1639
1001
1032
1640
1002
1033
1641
1003
1034
1642
1004
1035
1643
1005
1036
1644
1006
1037
1645
1007
1038
1646
1008
1039
1647
1009
1040
1648
1010
1041
1649
1011
1042
1650
1012
1043
1651
1013
1044
1652
1014
1045
1653
1015
1046
1654
1016
1047
1655
1017
1048
1656
1018
1049
1657
1019
1050
1658
1020
1051
1659
1021
1052
1660
1022
1053
1661
1023
1054
1662
1055
1663
1025
1056
1664
1026
1057
1665
1027
1058
1666
1028
1059
1667
1029
1060
1668
1030
1061
1669
1031
1062
1670
1032
1063
1671
1033
1064
1672
1034
1065
1673
1035
1066
1674
1036
1067
1675
1037
1068
1676
1038
1069
1677
1039
1070
1678
1040
1071
1679
1041
1072
1680
1042
1073
1681
1043
1074
1682
1044
1075
1683
1045
1076
1684
1046
1077
1685
1047
1078
1686
1048
1079
1687
1049
1080
1688
1050
1081
1689
1051
1082
1690
1052
1083
1691
1053
1084
1692
1054
1085
1693
1055
1086
1694
1087
1695
1057
1088
1696
1058
1089
1697
1059
1090
1698
1060
1091
1699
1061
1092
1700
1062
1093
1701
1063
1094
1702
1064
1095
1703
1065
1096
1704
1066
1097
1705
1067
1098
1706
1068
1099
1707
1069
1100
1708
1070
1101
1709
1071
1102
1710
1072
1103
1711
1073
1104
1712
1074
1105
1713
1075
1106
1714
1076
1107
1715
1077
1108
1716
1078
1109
1717
1079
1110
1718
1080
1111
1719
1081
1112
1720
1082
1113
1721
1083
1114
1722
1084
1115
1723
1085
1116
1724
1086
1117
1725
1087
1118
1726
1119
1727
1089
1120
1728
1090
1121
1729
1091
1122
1730
1092
1123
1731
1093
1124
1732
1094
1125
1733
1095
1126
1734
1096
1127
1735
1097
1128
1736
1098
1129
1737
1099
1130
1738
1100
1131
1739
1101
1132
1740
1102
1133
1741
1103
1134
1742
1104
1135
1743
1105
1136
1744
1106
1137
1745
1107
1138
1746
1108
1139
1747
1109
1140
1748
1110
1141
1749
1111
1142
1750
1112
1143
1751
1113
1144
1752
1114
1145
1753
1115
1146
1754
1116
1147
1755
1117
1148
1756
1118
1149
1757
1119
1150
1758
1151
1759
1121
1152
1760
1122
1153
1761
1123
1154
1762
1124
1155
1763
1125
1156
1764
1126
1157
1765
1127
1158
1766
1128
1159
1767
1129
1160
1768
1130
1161
1769
1131
1162
1770
1132
1163
1771
1133
1164
1772
1134
1165
1773
1135
1166
1774
1136
1167
1775
1137
1168
1776
1138
1169
1777
1139
1170
1778
1140
1171
1779
1141
1172
1780
1142
1173
1781
1143
1174
1782
1144
1175
1783
1145
1176
1784
1146
1177
1785
1147
1178
1786
1148
1179
1787
1149
1180
1788
1150
1181
1789
1151
1182
1790
1183
1791
1153
1184
1792
1154
1185
1793
1155
1186
1794
1156
1187
1795
1157
1188
1796
1158
1189
1797
1159
1190
1798
1160
1191
1799
1161
1192
1800
1162
1193
1801
1163
1194
1802
1164
1195
1803
1165
1196
1804
1166
1197
1805
1167
1198
1806
1168
1199
1807
1169
1200
1808
1170
1201
1809
1171
1202
1810
1172
1203
1811
1173
1204
1812
1174
1205
1813
1175
1206
1814
1176
1207
1815
1177
1208
1816
1178
1209
1817
1179
1210
1818
1180
1211
1819
1181
1212
1820
1182
1213
1821
1183
1214
1822
1215
1823
1185
1216
1824
1186
1217
1825
1187
1218
1826
1188
1219
1827
1189
1220
1828
1190
1221
1829
1191
1222
1830
1192
1223
1831
1193
1224
1832
1194
1225
1833
1195
1226
1834
1196
1227
1835
1197
1228
1836
1198
1229
1837
1199
1230
1838
1200
1231
1839
1201
1232
1840
1202
1233
1841
1203
1234
1842
1204
1235
1843
1205
1236
1844
1206
1237
1845
1207
1238
1846
1208
1239
1847
1209
1240
1848
1210
1241
1849
1211
1242
1850
1212
1243
1851
1213
1244
1852
1214
1245
1853
1215
1246
1854
1247
1855
1217
1248
1856
1218
1249
1857
1219
1250
1858
1220
1251
1859
1221
1252
1860
1222
1253
1861
1223
1254
1862
1224
1255
1863
1225
1256
1864
1226
1257
1865
1227
1258
1866
1228
1259
1867
1229
1260
1868
1230
1261
1869
1231
1262
1870
1232
1263
1871
1233
1264
1872
1234
1265
1873
1235
1266
1874
1236
1267
1875
1237
1268
1876
1238
1269
1877
1239
1270
1878
1240
1271
1879
1241
1272
1880
1242
1273
1881
1243
1274
1882
1244
1275
1883
1245
1276
1884
1246
1277
1885
1247
1278
1886
1279
1887
1249
1888
1250
1889
1251
1890
1252
1891
1253
1892
1254
1893
1255
1894
1256
1895
1257
1896
1258
1897
1259
1898
1260
1899
1261
1900
1262
1901
1263
1902
1264
1903
1265
1904
1266
1905
1267
1906
1268
1907
1269
1908
1270
1909
1271
1910
1272
1911
1273
1912
1274
1913
1275
1914
1276
1915
1277
1916
1278
1917
1279
1918
1919
1281
1312
1920
1282
1313
1921
1283
1314
1922
1284
1315
1923
1285
1316
1924
1286
1317
1925
1287
1318
1926
1288
1319
1927
1289
1320
1928
1290
1321
1929
1291
1322
1930
1292
1323
1931
1293
1324
1932
1294
1325
1933
1295
1326
1934
1296
1327
1935
1297
1328
1936
1298
1329
1937
1299
1330
1938
1300
1331
1939
1301
1332
1940
1302
1333
1941
1303
1334
1942
1304
1335
1943
1305
1336
1944
1306
1337
1945
1307
1338
1946
1308
1339
1947
1309
1340
1948
1310
1341
1949
1311
1342
1950
1343
1951
1313
1344
1952
1314
1345
1953
1315
1346
1954
1316
1347
1955
1317
1348
1956
1318
1349
1957
1319
1350
1958
1320
1351
1959
1321
1352
1960
1322
1353
1961
1323
1354
1962
1324
1355
1963
1325
1356
1964
1326
1357
1965
1327
1358
1966
1328
1359
1967
1329
1360
1968
1330
1361
1969
1331
1362
1970
1332
1363
1971
1333
1364
1972
1334
1365
1973
1335
1366
1974
1336
1367
1975
1337
1368
1976
1338
1369
1977
1339
1370
1978
1340
1371
1979
1341
1372
1980
1342
1373
1981
1343
1374
1982
1375
1983
1345
1376
1984
1346
1377
1985
1347
1378
1986
1348
1379
1987
1349
1380
1988
1350
1381
1989
1351
1382
1990
1352
1383
1991
1353
1384
1992
1354
1385
1993
1355
1386
1994
1356
1387
1995
1357
1388
1996
1358
1389
1997
1359
1390
1998
1360
1391
1999
1361
1392
2000
1362
1393
2001
1363
1394
2002
1364
1395
2003
1365
1396
2004
1366
1397
2005
1367
1398
2006
1368
1399
2007
1369
1400
2008
1370
1401
2009
1371
1402
2010
1372
1403
2011
1373
1404
2012
1374
1405
2013
1375
1406
2014
1407
2015
1377
1408
2016
1378
1409
2017
1379
1410
2018
1380
1411
2019
1381
1412
2020
1382
1413
2021
1383
1414
2022
1384
1415
2023
1385
1416
2024
1386
1417
2025
1387
1418
2026
1388
1419
2027
1389
1420
2028
1390
1421
2029
1391
1422
2030
1392
1423
2031
1393
1424
2032
1394
1425
2033
1395
1426
2034
1396
1427
2035
1397
1428
2036
1398
1429
2037
1399
1430
2038
1400
1431
2039
1401
1432
2040
1402
1433
2041
1403
1434
2042
1404
1435
2043
1405
1436
2044
1406
1437
2045
1407
1438
2046
1439
2047
1409
1440
2048
1410
1441
2049
1411
1442
2050
1412
1443
2051
1413
1444
2052
1414
1445
2053
1415
1446
2054
1416
1447
2055
1417
1448
2056
1418
1449
2057
1419
1450
2058
1420
1451
2059
1421
1452
2060
1422
1453
2061
1423
1454
2062
1424
1455
2063
1425
1456
2064
1426
1457
2065
1427
1458
2066
1428
1459
2067
1429
1460
2068
1430
1461
2069
1431
1462
2070
1432
1463
2071
1433
1464
2072
1434
1465
2073
1435
1466
2074
1436
1467
2075
1437
1468
2076
1438
1469
2077
1439
1470
2078
1471
2079
1441
1472
2080
1442
1473
2081
1443
1474
2082
1444
1475
2083
1445
1476
2084
1446
1477
2085
1447
1478
2086
1448
1479
2087
1449
1480
2088
1450
1481
2089
1451
1482
2090
1452
1483
2091
1453
1484
2092
1454
1485
2093
1455
1486
2094
1456
1487
2095
1457
1488
2096
1458
1489
2097
1459
1490
2098
1460
1491
2099
1461
1492
2100
1462
1493
2101
1463
1494
2102
1464
1495
2103
1465
1496
2104
1466
1497
2105
1467
1498
2106
1468
1499
2107
1469
1500
2108
1470
1501
2109
1471
1502
2110
1503
2111
1473
1504
2112
1474
1505
2113
1475
1506
2114
1476
1507
2115
1477
1508
2116
1478
1509
2117
1479
1510
2118
1480
1511
2119
1481
1512
2120
1482
1513
2121
1483
1514
2122
1484
1515
2123
1485
1516
2124
1486
1517
2125
1487
1518
2126
1488
1519
2127
1489
1520
2128
1490
1521
2129
1491
1522
2130
1492
1523
2131
1493
1524
2132
1494
1525
2133
1495
1526
2134
1496
1527
2135
1497
1528
2136
1498
1529
2137
1499
1530
2138
1500
1531
2139
1501
1532
2140
1502
1533
2141
1503
1534
2142
1535
2143
1505
1536
2144
1506
1537
2145
1507
1538
2146
1508
1539
2147
1509
1540
2148
1510
1541
2149
1511
1542
2150
1512
1543
2151
1513
1544
2152
1514
1545
2153
1515
1546
2154
1516
1547
2155
1517
1548
2156
1518
1549
2157
1519
1550
2158
1520
1551
2159
1521
1552
2160
1522
1553
2161
1523
1554
2162
1524
1555
2163
1525
1556
2164
1526
1557
2165
1527
1558
2166
1528
1559
2167
1529
1560
2168
1530
1561
2169
1531
1562
2170
1532
1563
2171
1533
1564
2172
1534
1565
2173
1535
1566
2174
1567
2175
1537
1568
2176
1538
1569
2177
1539
1570
2178
1540
1571
2179
1541
1572
2180
1542
1573
2181
1543
1574
2182
1544
1575
2183
1545
1576
2184
1546
1577
2185
1547
1578
2186
1548
1579
2187
1549
1580
2188
1550
1581
2189
1551
1582
2190
1552
1583
2191
1553
1584
2192
1554
1585
2193
1555
1586
2194
1556
1587
2195
1557
1588
2196
1558
1589
2197
1559
1590
2198
1560
1591
2199
1561
1592
2200
1562
1593
2201
1563
1594
2202
1564
1595
2203
1565
1596
2204
1566
1597
2205
1567
1598
2206
1599
2207
1569
1600
2208
1570
1601
2209
1571
1602
2210
1572
1603
2211
1573
1604
2212
1574
1605
2213
1575
1606
2214
1576
1607
2215
1577
1608
2216
1578
1609
2217
1579
1610
2218
1580
1611
2219
1581
1612
2220
1582
1613
2221
1583
1614
2222
1584
1615
2223
1585
1616
2224
1586
1617
2225
1587
1618
2226
1588
1619
2227
1589
1620
2228
1590
1621
2229
1591
1622
2230
1592
1623
2231
1593
1624
2232
1594
1625
2233
1595
1626
2234
1596
1627
2235
1597
1628
2236
1598
1629
2237
1599
1630
2238
1631
2239
1601
1632
2240
1602
1633
2241
1603
1634
2242
1604
1635
2243
1605
1636
2244
1606
1637
2245
1607
1638
2246
1608
1639
2247
1609
1640
2248
1610
1641
2249
1611
1642
2250
1612
1643
2251
1613
1644
2252
1614
1645
2253
1615
1646
2254
1616
1647
2255
1617
1648
2256
1618
1649
2257
1619
1650
2258
1620
1651
2259
1621
1652
2260
1622
1653
2261
1623
1654
2262
1624
1655
2263
1625
1656
2264
1626
1657
2265
1627
1658
2266
1628
1659
2267
1629
1660
2268
1630
1661
2269
1631
1662
2270
1663
2271
1633
1664
2272
1634
1665
2273
1635
1666
2274
1636
1667
2275
1637
1668
2276
1638
1669
2277
1639
1670
2278
1640
1671
2279
1641
1672
2280
1642
1673
2281
1643
1674
2282
1644
1675
2283
1645
1676
2284
1646
1677
2285
1647
1678
2286
1648
1679
2287
1649
1680
2288
1650
1681
2289
1651
1682
2290
1652
1683
2291
1653
1684
2292
1654
1685
2293
1655
1686
2294
1656
1687
2295
1657
1688
2296
1658
1689
2297
1659
1690
2298
1660
1691
2299
1661
1692
2300
1662
1693
2301
1663
1694
2302
1695
2303
1665
1696
2304
1666
1697
2305
1667
1698
2306
1668
1699
2307
1669
1700
2308
1670
1701
2309
1671
1702
2310
1672
1703
2311
1673
1704
2312
1674
1705
2313
1675
1706
2314
1676
1707
2315
1677
1708
2316
1678
1709
2317
1679
1710
2318
1680
1711
2319
1681
1712
2320
1682
1713
2321
1683
1714
2322
1684
1715
2323
1685
1716
2324
1686
1717
2325
1687
1718
2326
1688
1719
2327
1689
1720
2328
1690
1721
2329
1691
1722
2330
1692
1723
2331
1693
1724
2332
1694
1725
2333
1695
1726
2334
1727
2335
1697
1728
2336
1698
1729
2337
1699
1730
2338
1700
1731
2339
1701
1732
2340
1702
1733
2341
1703
1734
2342
1704
1735
2343
1705
1736
2344
1706
1737
2345
1707
1738
2346
1708
1739
2347
1709
1740
2348
1710
1741
2349
1711
1742
2350
1712
1743
2351
1713
1744
2352
1714
1745
2353
1715
1746
2354
1716
1747
2355
1717
1748
2356
1718
1749
2357
1719
1750
2358
1720
1751
2359
1721
1752
2360
1722
1753
2361
1723
1754
2362
1724
1755
2363
1725
1756
2364
1726
1757
2365
1727
1758
2366
1759
2367
1729
1760
2368
1730
1761
2369
1731
1762
2370
1732
1763
2371
1733
1764
2372
1734
1765
2373
1735
1766
2374
1736
1767
2375
1737
1768
2376
1738
1769
2377
1739
1770
2378
1740
1771
2379
1741
1772
2380
1742
1773
2381
1743
1774
2382
1744
1775
2383
1745
1776
2384
1746
1777
2385
1747
1778
2386
1748
1779
2387
1749
1780
2388
1750
1781
2389
1751
1782
2390
1752
1783
2391
1753
1784
2392
1754
1785
2393
1755
1786
2394
1756
1787
2395
1757
1788
2396
1758
1789
2397
1759
1790
2398
1791
2399
1761
1792
2400
1762
1793
2401
1763
1794
2402
1764
1795
2403
1765
1796
2404
1766
1797
2405
1767
1798
2406
1768
1799
2407
1769
1800
2408
1770
1801
2409
1771
1802
2410
1772
1803
2411
1773
1804
2412
1774
1805
2413
1775
1806
2414
1776
1807
2415
1777
1808
2416
1778
1809
2417
1779
1810
2418
1780
1811
2419
1781
1812
2420
1782
1813
2421
1783
1814
2422
1784
1815
2423
1785
1816
2424
1786
1817
2425
1787
1818
2426
1788
1819
2427
1789
1820
2428
1790
1821
2429
1791
1822
2430
1823
2431
1793
1824
2432
1794
1825
2433
1795
1826
2434
1796
1827
2435
1797
1828
2436
1798
1829
2437
1799
1830
2438
1800
1831
2439
1801
1832
2440
1802
1833
2441
1803
1834
2442
1804
1835
2443
1805
1836
2444
1806
1837
2445
1807
1838
2446
1808
1839
2447
1809
1840
2448
1810
1841
2449
1811
1842
2450
1812
1843
2451
1813
1844
2452
1814
1845
2453
1815
1846
2454
1816
1847
2455
1817
1848
2456
1818
1849
2457
1819
1850
2458
1820
1851
2459
1821
1852
2460
1822
1853
2461
1823
1854
2462
1855
2463
1825
1856
2464
1826
1857
2465
1827
1858
2466
1828
1859
2467
1829
1860
2468
1830
1861
2469
1831
1862
2470
1832
1863
2471
1833
1864
2472
1834
1865
2473
1835
1866
2474
1836
1867
2475
1837
1868
2476
1838
1869
2477
1839
1870
2478
1840
1871
2479
1841
1872
2480
1842
1873
2481
1843
1874
2482
1844
1875
2483
1845
1876
2484
1846
1877
2485
1847
1878
2486
1848
1879
2487
1849
1880
2488
1850
1881
2489
1851
1882
2490
1852
1883
2491
1853
1884
2492
1854
1885
2493
1855
1886
2494
1887
2495
1857
1888
2496
1858
1889
2497
1859
1890
2498
1860
1891
2499
1861
1892
2500
1862
1893
2501
1863
1894
2502
1864
1895
2503
1865
1896
2504
1866
1897
2505
1867
1898
2506
1868
1899
2507
1869
1900
2508
1870
1901
2509
1871
1902
2510
1872
1903
2511
1873
1904
2512
1874
1905
2513
1875
1906
2514
1876
1907
2515
1877
1908
2516
1878
1909
2517
1879
1910
2518
1880
1911
2519
1881
1912
2520
1882
1913
2521
1883
1914
2522
1884
1915
2523
1885
1916
2524
1886
1917
2525
1887
1918
2526
1919
2527
1889
2528
1890
2529
1891
2530
1892
2531
1893
2532
1894
2533
1895
2534
1896
2535
1897
2536
1898
2537
1899
2538
1900
2539
1901
2540
1902
2541
1903
2542
1904
2543
1905
2544
1906
2545
1907
2546
1908
2547
1909
2548
1910
2549
1911
2550
1912
2551
1913
2552
1914
2553
1915
2554
1916
2555
1917
2556
1918
2557
1919
2558
2559
1921
1952
2560
1922
1953
2561
1923
1954
2562
1924
1955
2563
1925
1956
2564
1926
1957
2565
1927
1958
2566
1928
1959
2567
1929
1960
2568
1930
1961
2569
1931
1962
2570
1932
1963
2571
1933
1964
2572
1934
1965
2573
1935
1966
2574
1936
1967
2575
1937
1968
2576
1938
1969
2577
1939
1970
2578
1940
1971
2579
1941
1972
2580
1942
1973
2581
1943
1974
2582
1944
1975
2583
1945
1976
2584
1946
1977
2585
1947
1978
2586
1948
1979
2587
1949
1980
2588
1950
1981
2589
1951
1982
2590
1983
2591
1953
1984
2592
1954
1985
2593
1955
1986
2594
1956
1987
2595
1957
1988
2596
1958
1989
2597
1959
1990
2598
1960
1991
2599
1961
1992
2600
1962
1993
2601
1963
1994
2602
1964
1995
2603
1965
1996
2604
1966
1997
2605
1967
1998
2606
1968
1999
2607
1969
2000
2608
1970
2001
2609
1971
2002
2610
1972
2003
2611
1973
2004
2612
1974
2005
2613
1975
2006
2614
1976
2007
2615
1977
2008
2616
1978
2009
2617
1979
2010
2618
1980
2011
2619
1981
2012
2620
1982
2013
2621
1983
2014
2622
2015
2623
1985
2016
2624
1986
2017
2625
1987
2018
2626
1988
2019
2627
1989
2020
2628
1990
2021
2629
1991
2022
2630
1992
2023
2631
1993
2024
2632
1994
2025
2633
1995
2026
2634
1996
2027
2635
1997
2028
2636
1998
2029
2637
1999
2030
2638
2000
2031
2639
2001
2032
2640
2002
2033
2641
2003
2034
2642
2004
2035
2643
2005
2036
2644
2006
2037
2645
2007
2038
2646
2008
2039
2647
2009
2040
2648
2010
2041
2649
2011
2042
2650
2012
2043
2651
2013
2044
2652
2014
2045
2653
2015
2046
2654
2047
2655
2017
2048
2656
2018
2049
2657
2019
2050
2658
2020
2051
2659
2021
2052
2660
2022
2053
2661
2023
2054
2662
2024
2055
2663
2025
2056
2664
2026
2057
2665
2027
2058
2666
2028
2059
2667
2029
2060
2668
2030
2061
2669
2031
2062
2670
2032
2063
2671
2033
2064
2672
2034
2065
2673
2035
2066
2674
2036
2067
2675
2037
2068
2676
2038
2069
2677
2039
2070
2678
2040
2071
2679
2041
2072
2680
2042
2073
2681
2043
2074
2682
2044
2075
2683
2045
2076
2684
2046
2077
2685
2047
2078
2686
2079
2687
2049
2080
2688
2050
2081
2689
2051
2082
2690
2052
2083
2691
2053
2084
2692
2054
2085
2693
2055
2086
2694
2056
2087
2695
2057
2088
2696
2058
2089
2697
2059
2090
2698
2060
2091
2699
2061
2092
2700
2062
2093
2701
2063
2094
2702
2064
2095
2703
2065
2096
2704
2066
2097
2705
2067
2098
2706
2068
2099
2707
2069
2100
2708
2070
2101
2709
2071
2102
2710
2072
2103
2711
2073
2104
2712
2074
2105
2713
2075
2106
2714
2076
2107
2715
2077
2108
2716
2078
2109
2717
2079
2110
2718
2111
2719
2081
2112
2720
2082
2113
2721
2083
2114
2722
2084
2115
2723
2085
2116
2724
2086
2117
2725
2087
2118
2726
2088
2119
2727
2089
2120
2728
2090
2121
2729
2091
2122
2730
2092
2123
2731
2093
2124
2732
2094
2125
2733
2095
2126
2734
2096
2127
2735
2097
2128
2736
2098
2129
2737
2099
2130
2738
2100
2131
2739
2101
2132
2740
2102
2133
2741
2103
2134
2742
2104
2135
2743
2105
2136
2744
2106
2137
2745
2107
2138
2746
2108
2139
2747
2109
2140
2748
2110
2141
2749
2111
2142
2750
2143
2751
2113
2144
2752
2114
2145
2753
2115
2146
2754
2116
2147
2755
2117
2148
2756
2118
2149
2757
2119
2150
2758
2120
2151
2759
2121
2152
2760
2122
2153
2761
2123
2154
2762
2124
2155
2763
2125
2156
2764
2126
2157
2765
2127
2158
2766
2128
2159
2767
2129
2160
2768
2130
2161
2769
2131
2162
2770
2132
2163
2771
2133
2164
2772
2134
2165
2773
2135
2166
2774
2136
2167
2775
2137
2168
2776
2138
2169
2777
2139
2170
2778
2140
2171
2779
2141
2172
2780
2142
2173
2781
2143
2174
2782
2175
2783
2145
2176
2784
2146
2177
2785
2147
2178
2786
2148
2179
2787
2149
2180
2788
2150
2181
2789
2151
2182
2790
2152
2183
2791
2153
2184
2792
2154
2185
2793
2155
2186
2794
2156
2187
2795
2157
2188
2796
2158
2189
2797
2159
2190
2798
2160
2191
2799
2161
2192
2800
2162
2193
2801
2163
2194
2802
2164
2195
2803
2165
2196
2804
2166
2197
2805
2167
2198
2806
2168
2199
2807
2169
2200
2808
2170
2201
2809
2171
2202
2810
2172
2203
2811
2173
2204
2812
2174
2205
2813
2175
2206
2814
2207
2815
2177
2208
2816
2178
2209
2817
2179
2210
2818
2180
2211
2819
2181
2212
2820
2182
2213
2821
2183
2214
2822
2184
2215
2823
2185
2216
2824
2186
2217
2825
2187
2218
2826
2188
2219
2827
2189
2220
2828
2190
2221
2829
2191
2222
2830
2192
2223
2831
2193
2224
2832
2194
2225
2833
2195
2226
2834
2196
2227
2835
2197
2228
2836
2198
2229
2837
2199
2230
2838
2200
2231
2839
2201
2232
2840
2202
2233
2841
2203
2234
2842
2204
2235
2843
2205
2236
2844
2206
2237
2845
2207
2238
2846
2239
2847
2209
2240
2848
2210
2241
2849
2211
2242
2850
2212
2243
2851
2213
2244
2852
2214
2245
2853
2215
2246
2854
2216
2247
2855
2217
2248
2856
2218
2249
2857
2219
2250
2858
2220
2251
2859
2221
2252
2860
2222
2253
2861
2223
2254
2862
2224
2255
2863
2225
2256
2864
2226
2257
2865
2227
2258
2866
2228
2259
2867
2229
2260
2868
2230
2261
2869
2231
2262
2870
2232
2263
2871
2233
2264
2872
2234
2265
2873
2235
2266
2874
2236
2267
2875
2237
2268
2876
2238
2269
2877
2239
2270
2878
2271
2879
2241
2272
2880
2242
2273
2881
2243
2274
2882
2244
2275
2883
2245
2276
2884
2246
2277
2885
2247
2278
2886
2248
2279
2887
2249
2280
2888
2250
2281
2889
2251
2282
2890
2252
2283
2891
2253
2284
2892
2254
2285
2893
2255
2286
2894
2256
2287
2895
2257
2288
2896
2258
2289
2897
2259
2290
2898
2260
2291
2899
2261
2292
2900
2262
2293
2901
2263
2294
2902
2264
2295
2903
2265
2296
2904
2266
2297
2905
2267
2298
2906
2268
2299
2907
2269
2300
2908
2270
2301
2909
2271
2302
2910
2303
2911
2273
2304
2912
2274
2305
2913
2275
2306
2914
2276
2307
2915
2277
2308
2916
2278
2309
2917
2279
2310
2918
2280
2311
2919
2281
2312
2920
2282
2313
2921
2283
2314
2922
2284
2315
2923
2285
2316
2924
2286
2317
2925
2287
2318
2926
2288
2319
2927
2289
2320
2928
2290
2321
2929
2291
2322
2930
2292
2323
2931
2293
2324
2932
2294
2325
2933
2295
2326
2934
2296
2327
2935
2297
2328
2936
2298
2329
2937
2299
2330
2938
2300
2331
2939
2301
2332
2940
2302
2333
2941
2303
2334
2942
2335
2943
2305
2336
2944
2306
2337
2945
2307
2338
2946
2308
2339
2947
2309
2340
2948
2310
2341
2949
2311
2342
2950
2312
2343
2951
2313
2344
2952
2314
2345
2953
2315
2346
2954
2316
2347
2955
2317
2348
2956
2318
2349
2957
2319
2350
2958
2320
2351
2959
2321
2352
2960
2322
2353
2961
2323
2354
2962
2324
2355
2963
2325
2356
2964
2326
2357
2965
2327
2358
2966
2328
2359
2967
2329
2360
2968
2330
2361
2969
2331
2362
2970
2332
2363
2971
2333
2364
2972
2334
2365
2973
2335
2366
2974
2367
2975
2337
2368
2976
2338
2369
2977
2339
2370
2978
2340
2371
2979
2341
2372
2980
2342
2373
2981
2343
2374
2982
2344
2375
2983
2345
2376
2984
2346
2377
2985
2347
2378
2986
2348
2379
2987
2349
2380
2988
2350
2381
2989
2351
2382
2990
2352
2383
2991
2353
2384
2992
2354
2385
2993
2355
2386
2994
2356
2387
2995
2357
2388
2996
2358
2389
2997
2359
2390
2998
2360
2391
2999
2361
2392
3000
2362
2393
3001
2363
2394
3002
2364
2395
3003
2365
2396
3004
2366
2397
3005
2367
2398
3006
2399
3007
2369
2400
3008
2370
2401
3009
2371
2402
3010
2372
2403
3011
2373
2404
3012
2374
2405
3013
2375
2406
3014
2376
2407
3015
2377
2408
3016
2378
2409
3017
2379
2410
3018
2380
2411
3019
2381
2412
3020
2382
2413
3021
2383
2414
3022
2384
2415
3023
2385
2416
3024
2386
2417
3025
2387
2418
3026
2388
2419
3027
2389
2420
3028
2390
2421
3029
2391
2422
3030
2392
2423
3031
2393
2424
3032
2394
2425
3033
2395
2426
3034
2396
2427
3035
2397
2428
3036
2398
2429
3037
2399
2430
3038
2431
3039
2401
2432
3040
2402
2433
3041
2403
2434
3042
2404
2435
3043
2405
2436
3044
2406
2437
3045
2407
2438
3046
2408
2439
3047
2409
2440
3048
2410
2441
3049
2411
2442
3050
2412
2443
3051
2413
2444
3052
2414
2445
3053
2415
2446
3054
2416
2447
3055
2417
2448
3056
2418
2449
3057
2419
2450
3058
2420
2451
3059
2421
2452
3060
2422
2453
3061
2423
2454
3062
2424
2455
3063
2425
2456
3064
2426
2457
3065
2427
2458
3066
2428
2459
3067
2429
2460
3068
2430
2461
3069
2431
2462
3070
2463
3071
2433
2464
3072
2434
2465
3073
2435
2466
3074
2436
2467
3075
2437
2468
3076
2438
2469
3077
2439
2470
3078
2440
2471
3079
2441
2472
3080
2442
2473
3081
2443
2474
3082
2444
2475
3083
2445
2476
3084
2446
2477
3085
2447
2478
3086
2448
2479
3087
2449
2480
3088
2450
2481
3089
2451
2482
3090
2452
2483
3091
2453
2484
3092
2454
2485
3093
2455
2486
3094
2456
2487
3095
2457
2488
3096
2458
2489
3097
2459
2490
3098
2460
2491
3099
2461
2492
3100
2462
2493
3101
2463
2494
3102
2495
3103
2465
2496
3104
2466
2497
3105
2467
2498
3106
2468
2499
3107
2469
2500
3108
2470
2501
3109
2471
2502
3110
2472
2503
3111
2473
2504
3112
2474
2505
3113
2475
2506
3114
2476
2507
3115
2477
2508
3116
2478
2509
3117
2479
2510
3118
2480
2511
3119
2481
2512
3120
2482
2513
3121
2483
2514
3122
2484
2515
3123
2485
2516
3124
2486
2517
3125
2487
2518
3126
2488
2519
3127
2489
2520
3128
2490
2521
3129
2491
2522
3130
2492
2523
3131
2493
2524
3132
2494
2525
3133
2495
2526
3134
2527
3135
2497
2528
3136
2498
2529
3137
2499
2530
3138
2500
2531
3139
2501
2532
3140
2502
2533
3141
2503
2534
3142
2504
2535
3143
2505
2536
3144
2506
2537
3145
2507
2538
3146
2508
2539
3147
2509
2540
3148
2510
2541
3149
2511
2542
3150
2512
2543
3151
2513
2544
3152
2514
2545
3153
2515
2546
3154
2516
2547
3155
2517
2548
3156
2518
2549
3157
2519
2550
3158
2520
2551
3159
2521
2552
3160
2522
2553
3161
2523
2554
3162
2524
2555
3163
2525
2556
3164
2526
2557
3165
2527
2558
3166
2559
3167
2529
3168
2530
3169
2531
3170
2532
3171
2533
3172
2534
3173
2535
3174
2536
3175
2537
3176
2538
3177
2539
3178
2540
3179
2541
3180
2542
3181
2543
3182
2544
3183
2545
3184
2546
3185
2547
3186
2548
3187
2549
3188
2550
3189
2551
3190
2552
3191
2553
3192
2554
3193
2555
3194
2556
3195
2557
3196
2558
3197
2559
3198
3199
2561
2592
3200
2562
2593
3201
2563
2594
3202
2564
2595
3203
2565
2596
3204
2566
2597
3205
2567
2598
3206
2568
2599
3207
2569
2600
3208
2570
2601
3209
2571
2602
3210
2572
2603
3211
2573
2604
3212
2574
2605
3213
2575
2606
3214
2576
2607
3215
2577
2608
3216
2578
2609
3217
2579
2610
3218
2580
2611
3219
2581
2612
3220
2582
2613
3221
2583
2614
3222
2584
2615
3223
2585
2616
3224
2586
2617
3225
2587
2618
3226
2588
2619
3227
2589
2620
3228
2590
2621
3229
2591
2622
3230
2623
3231
2593
2624
3232
2594
2625
3233
2595
2626
3234
2596
2627
3235
2597
2628
3236
2598
2629
3237
2599
2630
3238
2600
2631
3239
2601
2632
3240
2602
2633
3241
2603
2634
3242
2604
2635
3243
2605
2636
3244
2606
2637
3245
2607
2638
3246
2608
2639
3247
2609
2640
3248
2610
2641
3249
2611
2642
3250
2612
2643
3251
2613
2644
3252
2614
2645
3253
2615
2646
3254
2616
2647
3255
2617
2648
3256
2618
2649
3257
2619
2650
3258
2620
2651
3259
2621
2652
3260
2622
2653
3261
2623
2654
3262
2655
3263
2625
2656
3264
2626
2657
3265
2627
2658
3266
2628
2659
3267
2629
2660
3268
2630
2661
3269
2631
2662
3270
2632
2663
3271
2633
2664
3272
2634
2665
3273
2635
2666
3274
2636
2667
3275
2637
2668
3276
2638
2669
3277
2639
2670
3278
2640
2671
3279
2641
2672
3280
2642
2673
3281
2643
2674
3282
2644
2675
3283
2645
2676
3284
2646
2677
3285
2647
2678
3286
2648
2679
3287
2649
2680
3288
2650
2681
3289
2651
2682
3290
2652
2683
3291
2653
2684
3292
2654
2685
3293
2655
2686
3294
2687
3295
2657
2688
3296
2658
2689
3297
2659
2690
3298
2660
2691
3299
2661
2692
3300
2662
2693
3301
2663
2694
3302
2664
2695
3303
2665
2696
3304
2666
2697
3305
2667
2698
3306
2668
2699
3307
2669
2700
3308
2670
2701
3309
2671
2702
3310
2672
2703
3311
2673
2704
3312
2674
2705
3313
2675
2706
3314
2676
2707
3315
2677
2708
3316
2678
2709
3317
2679
2710
3318
2680
2711
3319
2681
2712
3320
2682
2713
3321
2683
2714
3322
2684
2715
3323
2685
2716
3324
2686
2717
3325
2687
2718
3326
2719
3327
2689
2720
3328
2690
2721
3329
2691
2722
3330
2692
2723
3331
2693
2724
3332
2694
2725
3333
2695
2726
3334
2696
2727
3335
2697
2728
3336
2698
2729
3337
2699
2730
3338
2700
2731
3339
2701
2732
3340
2702
2733
3341
2703
2734
3342
2704
2735
3343
2705
2736
3344
2706
2737
3345
2707
2738
3346
2708
2739
3347
2709
2740
3348
2710
2741
3349
2711
2742
3350
2712
2743
3351
2713
2744
3352
2714
2745
3353
2715
2746
3354
2716
2747
3355
2717
2748
3356
2718
2749
3357
2719
2750
3358
2751
3359
2721
2752
3360
2722
2753
3361
2723
2754
3362
2724
2755
3363
2725
2756
3364
2726
2757
3365
2727
2758
3366
2728
2759
3367
2729
2760
3368
2730
2761
3369
2731
2762
3370
2732
2763
3371
2733
2764
3372
2734
2765
3373
2735
2766
3374
2736
2767
3375
2737
2768
3376
2738
2769
3377
2739
2770
3378
2740
2771
3379
2741
2772
3380
2742
2773
3381
2743
2774
3382
2744
2775
3383
2745
2776
3384
2746
2777
3385
2747
2778
3386
2748
2779
3387
2749
2780
3388
2750
2781
3389
2751
2782
3390
2783
3391
2753
2784
3392
2754
2785
3393
2755
2786
3394
2756
2787
3395
2757
2788
3396
2758
2789
3397
2759
2790
3398
2760
2791
3399
2761
2792
3400
2762
2793
3401
2763
2794
3402
2764
2795
3403
2765
2796
3404
2766
2797
3405
2767
2798
3406
2768
2799
3407
2769
2800
3408
2770
2801
3409
2771
2802
3410
2772
2803
3411
2773
2804
3412
2774
2805
3413
2775
2806
3414
2776
2807
3415
2777
2808
3416
2778
2809
3417
2779
2810
3418
2780
2811
3419
2781
2812
3420
2782
2813
3421
2783
2814
3422
2815
3423
2785
2816
3424
2786
2817
3425
2787
2818
3426
2788
2819
3427
2789
2820
3428
2790
2821
3429
2791
2822
3430
2792
2823
3431
2793
2824
3432
2794
2825
3433
2795
2826
3434
2796
2827
3435
2797
2828
3436
2798
2829
3437
2799
2830
3438
2800
2831
3439
2801
2832
3440
2802
2833
3441
2803
2834
3442
2804
2835
3443
2805
2836
3444
2806
2837
3445
2807
2838
3446
2808
2839
3447
2809
2840
3448
2810
2841
3449
2811
2842
3450
2812
2843
3451
2813
2844
3452
2814
2845
3453
2815
2846
3454
2847
3455
2817
2848
3456
2818
2849
3457
2819
2850
3458
2820
2851
3459
2821
2852
3460
2822
2853
3461
2823
2854
3462
2824
2855
3463
2825
2856
3464
2826
2857
3465
2827
2858
3466
2828
2859
3467
2829
2860
3468
2830
2861
3469
2831
2862
3470
2832
2863
3471
2833
2864
3472
2834
2865
3473
2835
2866
3474
2836
2867
3475
2837
2868
3476
2838
2869
3477
2839
2870
3478
2840
2871
3479
2841
2872
3480
2842
2873
3481
2843
2874
3482
2844
2875
3483
2845
2876
3484
2846
2877
3485
2847
2878
3486
2879
3487
2849
2880
3488
2850
2881
3489
2851
2882
3490
2852
2883
3491
2853
2884
3492
2854
2885
3493
2855
2886
3494
2856
2887
3495
2857
2888
3496
2858
2889
3497
2859
2890
3498
2860
2891
3499
2861
2892
3500
2862
2893
3501
2863
2894
3502
2864
2895
3503
2865
2896
3504
2866
2897
3505
2867
2898
3506
2868
2899
3507
2869
2900
3508
2870
2901
3509
2871
2902
3510
2872
2903
3511
2873
2904
3512
2874
2905
3513
2875
2906
3514
2876
2907
3515
2877
2908
3516
2878
2909
3517
2879
2910
3518
2911
3519
2881
2912
3520
2882
2913
3521
2883
2914
3522
2884
2915
3523
2885
2916
3524
2886
2917
3525
2887
2918
3526
2888
2919
3527
2889
2920
3528
2890
2921
3529
2891
2922
3530
2892
2923
3531
2893
2924
3532
2894
2925
3533
2895
2926
3534
2896
2927
3535
2897
2928
3536
2898
2929
3537
2899
2930
3538
2900
2931
3539
2901
2932
3540
2902
2933
3541
2903
2934
3542
2904
2935
3543
2905
2936
3544
2906
2937
3545
2907
2938
3546
2908
2939
3547
2909
2940
3548
2910
2941
3549
2911
2942
3550
2943
3551
2913
2944
3552
2914
2945
3553
2915
2946
3554
2916
2947
3555
2917
2948
3556
2918
2949
3557
2919
2950
3558
2920
2951
3559
2921
2952
3560
2922
2953
3561
2923
2954
3562
2924
2955
3563
2925
2956
3564
2926
2957
3565
2927
2958
3566
2928
2959
3567
2929
2960
3568
2930
2961
3569
2931
2962
3570
2932
2963
3571
2933
2964
3572
2934
2965
3573
2935
2966
3574
2936
2967
3575
2937
2968
3576
2938
2969
3577
2939
2970
3578
2940
2971
3579
2941
2972
3580
2942
2973
3581
2943
2974
3582
2975
3583
2945
2976
3584
2946
2977
3585
2947
2978
3586
2948
2979
3587
2949
2980
3588
2950
2981
3589
2951
2982
3590
2952
2983
3591
2953
2984
3592
2954
2985
3593
2955
2986
3594
2956
2987
3595
2957
2988
3596
2958
2989
3597
2959
2990
3598
2960
2991
3599
2961
2992
3600
2962
2993
3601
2963
2994
3602
2964
2995
3603
2965
2996
3604
2966
2997
3605
2967
2998
3606
2968
2999
3607
2969
3000
3608
2970
3001
3609
2971
3002
3610
2972
3003
3611
2973
3004
3612
2974
3005
3613
2975
3006
3614
3007
3615
2977
3008
3616
2978
3009
3617
2979
3010
3618
2980
3011
3619
2981
3012
3620
2982
3013
3621
2983
3014
3622
2984
3015
3623
2985
3016
3624
2986
3017
3625
2987
3018
3626
2988
3019
3627
2989
3020
3628
2990
3021
3629
2991
3022
3630
2992
3023
3631
2993
3024
3632
2994
3025
3633
2995
3026
3634
2996
3027
3635
2997
3028
3636
2998
3029
3637
2999
3030
3638
3000
3031
3639
3001
3032
3640
3002
3033
3641
3003
3034
3642
3004
3035
3643
3005
3036
3644
3006
3037
3645
3007
3038
3646
3039
3647
3009
3040
3648
3010
3041
3649
3011
3042
3650
3012
3043
3651
3013
3044
3652
3014
3045
3653
3015
3046
3654
3016
3047
3655
3017
3048
3656
3018
3049
3657
3019
3050
3658
3020
3051
3659
3021
3052
3660
3022
3053
3661
3023
3054
3662
3024
3055
3663
3025
3056
3664
3026
3057
3665
3027
3058
3666
3028
3059
3667
3029
3060
3668
3030
3061
3669
3031
3062
3670
3032
3063
3671
3033
3064
3672
3034
3065
3673
3035
3066
3674
3036
3067
3675
3037
3068
3676
3038
3069
3677
3039
3070
3678
3071
3679
3041
3072
3680
3042
3073
3681
3043
3074
3682
3044
3075
3683
3045
3076
3684
3046
3077
3685
3047
3078
3686
3048
3079
3687
3049
3080
3688
3050
3081
3689
3051
3082
3690
3052
3083
3691
3053
3084
3692
3054
3085
3693
3055
3086
3694
3056
3087
3695
3057
3088
3696
3058
3089
3697
3059
3090
3698
3060
3091
3699
3061
3092
3700
3062
3093
3701
3063
3094
3702
3064
3095
3703
3065
3096
3704
3066
3097
3705
3067
3098
3706
3068
3099
3707
3069
3100
3708
3070
3101
3709
3071
3102
3710
3103
3711
3073
3104
3712
3074
3105
3713
3075
3106
3714
3076
3107
3715
3077
3108
3716
3078
3109
3717
3079
3110
3718
3080
3111
3719
3081
3112
3720
3082
3113
3721
3083
3114
3722
3084
3115
3723
3085
3116
3724
3086
3117
3725
3087
3118
3726
3088
3119
3727
3089
3120
3728
3090
3121
3729
3091
3122
3730
3092
3123
3731
3093
3124
3732
3094
3125
3733
3095
3126
3734
3096
3127
3735
3097
3128
3736
3098
3129
3737
3099
3130
3738
3100
3131
3739
3101
3132
3740
3102
3133
3741
3103
3134
3742
3135
3743
3105
3136
3744
3106
3137
3745
3107
3138
3746
3108
3139
3747
3109
3140
3748
3110
3141
3749
3111
3142
3750
3112
3143
3751
3113
3144
3752
3114
3145
3753
3115
3146
3754
3116
3147
3755
3117
3148
3756
3118
3149
3757
3119
3150
3758
3120
3151
3759
3121
3152
3760
3122
3153
3761
3123
3154
3762
3124
3155
3763
3125
3156
3764
3126
3157
3765
3127
3158
3766
3128
3159
3767
3129
3160
3768
3130
3161
3769
3131
3162
3770
3132
3163
3771
3133
3164
3772
3134
3165
3773
3135
3166
3774
3167
3775
3137
3168
3776
3138
3169
3777
3139
3170
3778
3140
3171
3779
3141
3172
3780
3142
3173
3781
3143
3174
3782
3144
3175
3783
3145
3176
3784
3146
3177
3785
3147
3178
3786
3148
3179
3787
3149
3180
3788
3150
3181
3789
3151
3182
3790
3152
3183
3791
3153
3184
3792
3154
3185
3793
3155
3186
3794
3156
3187
3795
3157
3188
3796
3158
3189
3797
3159
3190
3798
3160
3191
3799
3161
3192
3800
3162
3193
3801
3163
3194
3802
3164
3195
3803
3165
3196
3804
3166
3197
3805
3167
3198
3806
3199
3807
3169
3808
3170
3809
3171
3810
3172
3811
3173
3812
3174
3813
3175
3814
3176
3815
3177
3816
3178
3817
3179
3818
3180
3819
3181
3820
3182
3821
3183
3822
3184
3823
3185
3824
3186
3825
3187
3826
3188
3827
3189
3828
3190
3829
3191
3830
3192
3831
3193
3832
3194
3833
3195
3834
3196
3835
3197
3836
3198
3837
3199
3838
3839
3201
3232
3840
3202
3233
3841
3203
3234
3842
3204
3235
3843
3205
3236
3844
3206
3237
3845
3207
3238
3846
3208
3239
3847
3209
3240
3848
3210
3241
3849
3211
3242
3850
3212
3243
3851
3213
3244
3852
3214
3245
3853
3215
3246
3854
3216
3247
3855
3217
3248
3856
3218
3249
3857
3219
3250
3858
3220
3251
3859
3221
3252
3860
3222
3253
3861
3223
3254
3862
3224
3255
3863
3225
3256
3864
3226
3257
3865
3227
3258
3866
3228
3259
3867
3229
3260
3868
3230
3261
3869
3231
3262
3870
3263
3871
3233
3264
3872
3234
3265
3873
3235
3266
3874
3236
3267
3875
3237
3268
3876
3238
3269
3877
3239
3270
3878
3240
3271
3879
3241
3272
3880
3242
3273
3881
3243
3274
3882
3244
3275
3883
3245
3276
3884
3246
3277
3885
3247
3278
3886
3248
3279
3887
3249
3280
3888
3250
3281
3889
3251
3282
3890
3252
3283
3891
3253
3284
3892
3254
3285
3893
3255
3286
3894
3256
3287
3895
3257
3288
3896
3258
3289
3897
3259
3290
3898
3260
3291
3899
3261
3292
3900
3262
3293
3901
3263
3294
3902
3295
3903
3265
3296
3904
3266
3297
3905
3267
3298
3906
3268
3299
3907
3269
3300
3908
3270
3301
3909
3271
3302
3910
3272
3303
3911
3273
3304
3912
3274
3305
3913
3275
3306
3914
3276
3307
3915
3277
3308
3916
3278
3309
3917
3279
3310
3918
3280
3311
3919
3281
3312
3920
3282
3313
3921
3283
3314
3922
3284
3315
3923
3285
3316
3924
3286
3317
3925
3287
3318
3926
3288
3319
3927
3289
3320
3928
3290
3321
3929
3291
3322
3930
3292
3323
3931
3293
3324
3932
3294
3325
3933
3295
3326
3934
3327
3935
3297
3328
3936
3298
3329
3937
3299
3330
3938
3300
3331
3939
3301
3332
3940
3302
3333
3941
3303
3334
3942
3304
3335
3943
3305
3336
3944
3306
3337
3945
3307
3338
3946
3308
3339
3947
3309
3340
3948
3310
3341
3949
3311
3342
3950
3312
3343
3951
3313
3344
3952
3314
3345
3953
3315
3346
3954
3316
3347
3955
3317
3348
3956
3318
3349
3957
3319
3350
3958
3320
3351
3959
3321
3352
3960
3322
3353
3961
3323
3354
3962
3324
3355
3963
3325
3356
3964
3326
3357
3965
3327
3358
3966
3359
3967
3329
3360
3968
3330
3361
3969
3331
3362
3970
3332
3363
3971
3333
3364
3972
3334
3365
3973
3335
3366
3974
3336
3367
3975
3337
3368
3976
3338
3369
3977
3339
3370
3978
3340
3371
3979
3341
3372
3980
3342
3373
3981
3343
3374
3982
3344
3375
3983
3345
3376
3984
3346
3377
3985
3347
3378
3986
3348
3379
3987
3349
3380
3988
3350
3381
3989
3351
3382
3990
3352
3383
3991
3353
3384
3992
3354
3385
3993
3355
3386
3994
3356
3387
3995
3357
3388
3996
3358
3389
3997
3359
3390
3998
3391
3999
3361
3392
4000
3362
3393
4001
3363
3394
4002
3364
3395
4003
3365
3396
4004
3366
3397
4005
3367
3398
4006
3368
3399
4007
3369
3400
4008
3370
3401
4009
3371
3402
4010
3372
3403
4011
3373
3404
4012
3374
3405
4013
3375
3406
4014
3376
3407
4015
3377
3408
4016
3378
3409
4017
3379
3410
4018
3380
3411
4019
3381
3412
4020
3382
3413
4021
3383
3414
4022
3384
3415
4023
3385
3416
4024
3386
3417
4025
3387
3418
4026
3388
3419
4027
3389
3420
4028
3390
3421
4029
3391
3422
4030
3423
4031
3393
3424
4032
3394
3425
4033
3395
3426
4034
3396
3427
4035
3397
3428
4036
3398
3429
4037
3399
3430
4038
3400
3431
4039
3401
3432
4040
3402
3433
4041
3403
3434
4042
3404
3435
4043
3405
3436
4044
3406
3437
4045
3407
3438
4046
3408
3439
4047
3409
3440
4048
3410
3441
4049
3411
3442
4050
3412
3443
4051
3413
3444
4052
3414
3445
4053
3415
3446
4054
3416
3447
4055
3417
3448
4056
3418
3449
4057
3419
3450
4058
3420
3451
4059
3421
3452
4060
3422
3453
4061
3423
3454
4062
3455
4063
3425
3456
4064
3426
3457
4065
3427
3458
4066
3428
3459
4067
3429
3460
4068
3430
3461
4069
3431
3462
4070
3432
3463
4071
3433
3464
4072
3434
3465
4073
3435
3466
4074
3436
3467
4075
3437
3468
4076
3438
3469
4077
3439
3470
4078
3440
3471
4079
3441
3472
4080
3442
3473
4081
3443
3474
4082
3444
3475
4083
3445
3476
4084
3446
3477
4085
3447
3478
4086
3448
3479
4087
3449
3480
4088
3450
3481
4089
3451
3482
4090
3452
3483
4091
3453
3484
4092
3454
3485
4093
3455
3486
4094
3487
4095
3457
3488
4096
3458
3489
4097
3459
3490
4098
3460
3491
4099
3461
3492
4100
3462
3493
4101
3463
3494
4102
3464
3495
4103
3465
3496
4104
3466
3497
4105
12640
12641
12642
3467
3498
4106
12024
12025
12026
3468
3499
4107
12031
12032
12033
3469
3500
4108
12038
12039
12040
3470
3501
4109
12045
12046
12047
3471
3502
4110
12647
12648
12649
3472
3503
4111
3473
3504
4112
3474
3505
4113
3475
3506
4114
3476
3507
4115
3477
3508
4116
3478
3509
4117
3479
3510
4118
3480
3511
4119
3481
3512
4120
3482
3513
4121
3483
3514
4122
3484
3515
4123
3485
3516
4124
3486
3517
4125
3487
3518
4126
3519
4127
3489
3520
4128
3490
3521
4129
3491
3522
4130
3492
3523
4131
3493
3524
4132
3494
3525
4133
3495
3526
4134
3496
3527
4135
12654
12655
12656
3497
3528
4136
11552
11553
11554
3498
3529
4137
10447
10448
10449
3499
3530
4138
10454
10455
10456
3500
3531
4139
10230
10231
10232
3501
3532
4140
10237
10238
10239
3502
3533
4141
10461
10462
10463
3503
3534
4142
10468
10469
10470
3504
3535
4143
11559
11560
11561
3505
3536
4144
12661
12662
12663
3506
3537
4145
3507
3538
4146
3508
3539
4147
3509
3540
4148
3510
3541
4149
3511
3542
4150
3512
3543
4151
3513
3544
4152
3514
3545
4153
3515
3546
4154
3516
3547
4155
3517
3548
4156
3518
3549
4157
3519
3550
4158
3551
4159
3521
3552
4160
3522
3553
4161
3523
3554
4162
3524
3555
4163
3525
3556
4164
3526
3557
4165
3527
3558
4166
3528
3559
4167
12668
12669
12670
3529
3560
4168
11566
11567
11568
3530
3561
4169
10475
10476
10477
3531
3562
4170
10482
10483
10484
3532
3563
4171
10244
10245
10246
3533
3564
4172
10251
10252
10253
3534
3565
4173
10489
10490
10491
3535
3566
4174
10496
10497
10498
3536
3567
4175
11573
11574
11575
3537
3568
4176
12675
12676
12677
3538
3569
4177
3539
3570
4178
3540
3571
4179
3541
3572
4180
3542
3573
4181
3543
3574
4182
3544
3575
4183
3545
3576
4184
3546
3577
4185
3547
3578
4186
3548
3579
4187
3549
3580
4188
3550
3581
4189
3551
3582
4190
3583
4191
3553
3584
4192
3554
3585
4193
3555
3586
4194
3556
3587
4195
3557
3588
4196
3558
3589
4197
3559
3590
4198
3560
3591
4199
3561
3592
4200
3562
3593
4201
12682
12683
12684
3563
3594
4202
12052
12053
12054
3564
3595
4203
12059
12060
12061
3565
3596
4204
12066
12067
12068
3566
3597
4205
12073
12074
12075
3567
3598
4206
12689
12690
12691
3568
3599
4207
3569
3600
4208
3570
3601
4209
3571
3602
4210
3572
3603
4211
3573
3604
4212
3574
3605
4213
3575
3606
4214
3576
3607
4215
3577
3608
4216
3578
3609
4217
3579
3610
4218
3580
3611
4219
3581
3612
4220
3582
3613
4221
3583
3614
4222
3615
4223
3585
3616
4224
3586
3617
4225
3587
3618
4226
3588
3619
4227
3589
3620
4228
3590
3621
4229
3591
3622
4230
3592
3623
4231
3593
3624
4232
3594
3625
4233
3595
3626
4234
3596
3627
4235
3597
3628
4236
3598
3629
4237
3599
3630
4238
3600
3631
4239
3601
3632
4240
3602
3633
4241
3603
3634
4242
3604
3635
4243
3605
3636
4244
3606
3637
4245
3607
3638
4246
3608
3639
4247
3609
3640
4248
3610
3641
4249
3611
3642
4250
3612
3643
4251
3613
3644
4252
3614
3645
4253
3615
3646
4254
3647
4255
3617
3648
4256
3618
3649
4257
3619
3650
4258
3620
3651
4259
3621
3652
4260
3622
3653
4261
3623
3654
4262
3624
3655
4263
3625
3656
4264
3626
3657
4265
3627
3658
4266
3628
3659
4267
3629
3660
4268
3630
3661
4269
3631
3662
4270
3632
3663
4271
3633
3664
4272
3634
3665
4273
3635
3666
4274
3636
3667
4275
3637
3668
4276
3638
3669
4277
3639
3670
4278
3640
3671
4279
3641
3672
4280
3642
3673
4281
3643
3674
4282
3644
3675
4283
3645
3676
4284
3646
3677
4285
3647
3678
4286
3679
4287
3649
3680
4288
3650
3681
4289
3651
3682
4290
3652
3683
4291
3653
3684
4292
3654
3685
4293
3655
3686
4294
3656
3687
4295
3657
3688
4296
3658
3689
4297
3659
3690
4298
3660
3691
4299
3661
3692
4300
3662
3693
4301
3663
3694
4302
3664
3695
4303
3665
3696
4304
3666
3697
4305
3667
3698
4306
3668
3699
4307
3669
3700
4308
3670
3701
4309
3671
3702
4310
3672
3703
4311
3673
3704
4312
3674
3705
4313
3675
3706
4314
3676
3707
4315
3677
3708
4316
3678
3709
4317
3679
3710
4318
3711
4319
3681
3712
4320
3682
3713
4321
3683
3714
4322
3684
3715
4323
3685
3716
4324
3686
3717
4325
3687
3718
4326
3688
3719
4327
3689
3720
4328
3690
3721
4329
3691
3722
4330
3692
3723
4331
3693
3724
4332
3694
3725
4333
3695
3726
4334
3696
3727
4335
3697
3728
4336
3698
3729
4337
3699
3730
4338
3700
3731
4339
3701
3732
4340
3702
3733
4341
3703
3734
4342
3704
3735
4343
3705
3736
4344
3706
3737
4345
3707
3738
4346
3708
3739
4347
3709
3740
4348
3710
3741
4349
3711
3742
4350
3743
4351
3713
3744
4352
3714
3745
4353
3715
3746
4354
3716
3747
4355
3717
3748
4356
3718
3749
4357
3719
3750
4358
3720
3751
4359
3721
3752
4360
3722
3753
4361
3723
3754
4362
3724
3755
4363
3725
3756
4364
3726
3757
4365
3727
3758
4366
3728
3759
4367
3729
3760
4368
3730
3761
4369
3731
3762
4370
3732
3763
4371
3733
3764
4372
3734
3765
4373
3735
3766
4374
3736
3767
4375
3737
3768
4376
3738
3769
4377
3739
3770
4378
3740
3771
4379
3741
3772
4380
3742
3773
4381
3743
3774
4382
3775
4383
3745
3776
4384
3746
3777
4385
3747
3778
4386
3748
3779
4387
3749
3780
4388
3750
3781
4389
3751
3782
4390
3752
3783
4391
3753
3784
4392
3754
3785
4393
3755
3786
4394
3756
3787
4395
3757
3788
4396
3758
3789
4397
3759
3790
4398
3760
3791
4399
3761
3792
4400
3762
3793
4401
3763
3794
4402
3764
3795
4403
3765
3796
4404
3766
3797
4405
3767
3798
4406
3768
3799
4407
3769
3800
4408
3770
3801
4409
3771
3802
4410
3772
3803
4411
3773
3804
4412
3774
3805
4413
3775
3806
4414
3807
4415
3777
3808
4416
3778
3809
4417
3779
3810
4418
3780
3811
4419
3781
3812
4420
3782
3813
4421
3783
3814
4422
3784
3815
4423
3785
3816
4424
3786
3817
4425
3787
3818
4426
3788
3819
4427
3789
3820
4428
3790
3821
4429
3791
3822
4430
3792
3823
4431
3793
3824
4432
3794
3825
4433
3795
3826
4434
3796
3827
4435
3797
3828
4436
3798
3829
4437
3799
3830
4438
3800
3831
4439
3801
3832
4440
3802
3833
4441
3803
3834
4442
3804
3835
4443
3805
3836
4444
3806
3837
4445
3807
3838
4446
3839
4447
3809
4448
3810
4449
3811
4450
3812
4451
3813
4452
3814
4453
3815
4454
3816
4455
3817
4456
3818
4457
3819
4458
3820
4459
3821
4460
3822
4461
3823
4462
3824
4463
3825
4464
3826
4465
3827
4466
3828
4467
3829
4468
3830
4469
3831
4470
3832
4471
3833
4472
3834
4473
3835
4474
3836
4475
3837
4476
3838
4477
3839
4478
4479
3841
3872
4480
3842
3873
4481
3843
3874
4482
3844
3875
4483
3845
3876
4484
3846
3877
4485
3847
3878
4486
3848
3879
4487
3849
3880
4488
3850
3881
4489
3851
3882
4490
3852
3883
4491
3853
3884
4492
3854
3885
4493
3855
3886
4494
3856
3887
4495
3857
3888
4496
3858
3889
4497
3859
3890
4498
3860
3891
4499
3861
3892
4500
3862
3893
4501
3863
3894
4502
3864
3895
4503
3865
3896
4504
3866
3897
4505
3867
3898
4506
3868
3899
4507
3869
3900
4508
3870
3901
4509
3871
3902
4510
3903
4511
3873
3904
4512
3874
3905
4513
3875
3906
4514
3876
3907
4515
3877
3908
4516
3878
3909
4517
3879
3910
4518
3880
3911
4519
3881
3912
4520
3882
3913
4521
3883
3914
4522
3884
3915
4523
3885
3916
4524
3886
3917
4525
3887
3918
4526
3888
3919
4527
3889
3920
4528
3890
3921
4529
3891
3922
4530
3892
3923
4531
3893
3924
4532
3894
3925
4533
3895
3926
4534
3896
3927
4535
3897
3928
4536
3898
3929
4537
3899
3930
4538
3900
3931
4539
3901
3932
4540
3902
3933
4541
3903
3934
4542
3935
4543
3905
3936
4544
3906
3937
4545
3907
3938
4546
3908
3939
4547
3909
3940
4548
3910
3941
4549
3911
3942
4550
3912
3943
4551
3913
3944
4552
3914
3945
4553
3915
3946
4554
3916
3947
4555
3917
3948
4556
3918
3949
4557
3919
3950
4558
3920
3951
4559
3921
3952
4560
3922
3953
4561
3923
3954
4562
3924
3955
4563
3925
3956
4564
3926
3957
4565
3927
3958
4566
3928
3959
4567
3929
3960
4568
3930
3961
4569
3931
3962
4570
3932
3963
4571
3933
3964
4572
3934
3965
4573
3935
3966
4574
3967
4575
3937
3968
4576
3938
3969
4577
3939
3970
4578
3940
3971
4579
3941
3972
4580
3942
3973
4581
3943
3974
4582
3944
3975
4583
3945
3976
4584
3946
3977
4585
3947
3978
4586
3948
3979
4587
3949
3980
4588
3950
3981
4589
3951
3982
4590
3952
3983
4591
3953
3984
4592
3954
3985
4593
3955
3986
4594
3956
3987
4595
3957
3988
4596
3958
3989
4597
3959
3990
4598
3960
3991
4599
3961
3992
4600
3962
3993
4601
3963
3994
4602
3964
3995
4603
3965
3996
4604
3966
3997
4605
3967
3998
4606
3999
4607
3969
4000
4608
3970
4001
4609
3971
4002
4610
3972
4003
4611
3973
4004
4612
3974
4005
4613
3975
4006
4614
3976
4007
4615
3977
4008
4616
3978
4009
4617
3979
4010
4618
3980
4011
4619
3981
4012
4620
3982
4013
4621
3983
4014
4622
3984
4015
4623
3985
4016
4624
3986
4017
4625
3987
4018
4626
3988
4019
4627
3989
4020
4628
3990
4021
4629
3991
4022
4630
3992
4023
4631
3993
4024
4632
3994
4025
4633
3995
4026
4634
3996
4027
4635
3997
4028
4636
3998
4029
4637
3999
4030
4638
4031
4639
4001
4032
4640
4002
4033
4641
4003
4034
4642
4004
4035
4643
4005
4036
4644
4006
4037
4645
4007
4038
4646
4008
4039
4647
4009
4040
4648
4010
4041
4649
4011
4042
4650
4012
4043
4651
4013
4044
4652
4014
4045
4653
4015
4046
4654
4016
4047
4655
4017
4048
4656
4018
4049
4657
4019
4050
4658
4020
4051
4659
4021
4052
4660
4022
4053
4661
4023
4054
4662
4024
4055
4663
4025
4056
4664
4026
4057
4665
4027
4058
4666
4028
4059
4667
4029
4060
4668
4030
4061
4669
4031
4062
4670
4063
4671
4033
4064
4672
4034
4065
4673
4035
4066
4674
4036
4067
4675
4037
4068
4676
4038
4069
4677
4039
4070
4678
4040
4071
4679
4041
4072
4680
4042
4073
4681
4043
4074
4682
4044
4075
4683
4045
4076
4684
4046
4077
4685
4047
4078
4686
4048
4079
4687
4049
4080
4688
4050
4081
4689
4051
4082
4690
4052
4083
4691
4053
4084
4692
4054
4085
4693
4055
4086
4694
4056
4087
4695
4057
4088
4696
4058
4089
4697
4059
4090
4698
4060
4091
4699
4061
4092
4700
4062
4093
4701
4063
4094
4702
4095
4703
4065
4096
4704
4066
4097
4705
4067
4098
4706
4068
4099
4707
4069
4100
4708
4070
4101
4709
4071
4102
4710
4072
4103
4711
4073
4104
4712
4074
4105
4713
12640
12643
12644
12696
12697
12698
4075
4106
4714
12024
12027
12028
12080
12081
12082
4076
4107
4715
12031
12034
12035
12087
12088
12089
4077
4108
4716
12038
12041
12042
12094
12095
12096
4078
4109
4717
12045
12048
12049
12101
12102
12103
4079
4110
4718
12647
12650
12651
12703
12704
12705
4080
4111
4719
4081
4112
4720
4082
4113
4721
4083
4114
4722
4084
4115
4723
4085
4116
4724
4086
4117
4725
4087
4118
4726
4088
4119
4727
4089
4120
4728
4090
4121
4729
4091
4122
4730
4092
4123
4731
4093
4124
4732
4094
4125
4733
4095
4126
4734
4127
4735
4097
4128
4736
4098
4129
4737
4099
4130
4738
4100
4131
4739
4101
4132
4740
4102
4133
4741
4103
4134
4742
4104
4135
4743
12654
12657
12658
12710
12711
12712
4105
4136
4744
11552
11555
11556
11580
11581
11582
12641
12643
12645
12640
12641
12643
12024
12025
12027
12640
12024
12031
12032
12034
12031
12038
12039
12041
12038
12045
12046
12048
12045
12647
12648
12650
4112
4143
4751
11559
11562
11563
11587
11588
11589
12647
12649
12651
12653
4113
4144
4752
12661
12664
12665
12717
12718
12719
4114
4145
4753
4115
4146
4754
4116
4147
4755
4117
4148
4756
4118
4149
4757
4119
4150
4758
4120
4151
4759
4121
4152
4760
4122
4153
4761
4123
4154
4762
4124
4155
4763
4125
4156
4764
4126
4157
4765
4127
4158
4766
4159
4767
4129
4160
4768
4130
4161
4769
4131
4162
4770
4132
4163
4771
4133
4164
4772
4134
4165
4773
4135
4166
4774
12655
12657
12659
12724
12725
12726
12654
12655
12657
11552
11553
11555
12654
10447
10448
10450
11552
12641
10447
10454
10455
10457
12025
10230
10231
10233
10454
12032
10230
10237
10238
10240
12039
10237
10461
10462
10464
12046
10461
10468
10469
10471
12648
10468
11559
11560
11562
11559
12661
12662
12664
4146
4177
4785
12661
12663
12665
12667
12731
12732
12733
4147
4178
4786
4148
4179
4787
4149
4180
4788
4150
4181
4789
4151
4182
4790
4152
4183
4791
4153
4184
4792
4154
4185
4793
4155
4186
4794
4156
4187
4795
4157
4188
4796
4158
4189
4797
4159
4190
4798
4191
4799
4161
4192
4800
4162
4193
4801
4163
4194
4802
4164
4195
4803
4165
4196
4804
4166
4197
4805
4167
4198
4806
12669
12671
12673
12738
12739
12740
12655
12668
12669
12671
11553
11566
11567
11569
12668
10448
10475
10476
10478
11566
10455
10475
10482
10483
10485
10231
10244
10245
10247
10482
10238
10244
10251
10252
10254
10251
10462
10489
10490
10492
10469
10489
10496
10497
10499
10496
11560
11573
11574
11576
11573
12662
12675
12676
12678
4178
4209
4817
12675
12677
12679
12681
12745
12746
12747
4179
4210
4818
4180
4211
4819
4181
4212
4820
4182
4213
4821
4183
4214
4822
4184
4215
4823
4185
4216
4824
4186
4217
4825
4187
4218
4826
4188
4219
4827
4189
4220
4828
4190
4221
4829
4191
4222
4830
4223
4831
4193
4224
4832
4194
4225
4833
4195
4226
4834
4196
4227
4835
4197
4228
4836
4198
4229
4837
4199
4230
4838
4200
4231
4839
12669
12670
12673
12674
12752
12753
12754
4201
4232
4840
11567
11568
11571
11572
11629
11630
11631
12683
12685
12687
10476
12682
12683
12685
10483
12052
12053
12055
12682
10245
12052
12059
12060
12062
10252
12059
12066
12067
12069
10490
12066
12073
12074
12076
10497
12073
12689
12690
12692
4208
4239
4847
11574
11575
11578
11579
11636
11637
11638
12689
12691
12693
12695
4209
4240
4848
12676
12677
12680
12681
12759
12760
12761
4210
4241
4849
4211
4242
4850
4212
4243
4851
4213
4244
4852
4214
4245
4853
4215
4246
4854
4216
4247
4855
4217
4248
4856
4218
4249
4857
4219
4250
4858
4220
4251
4859
4221
4252
4860
4222
4253
4861
4223
4254
4862
4255
4863
4225
4256
4864
4226
4257
4865
4227
4258
4866
4228
4259
4867
4229
4260
4868
4230
4261
4869
4231
4262
4870
4232
4263
4871
4233
4264
4872
4234
4265
4873
12683
12684
12687
12688
12766
12767
12768
4235
4266
4874
12053
12054
12057
12058
12129
12130
12131
4236
4267
4875
12060
12061
12064
12065
12136
12137
12138
4237
4268
4876
12067
12068
12071
12072
12143
12144
12145
4238
4269
4877
12074
12075
12078
12079
12150
12151
12152
4239
4270
4878
12690
12691
12694
12695
12773
12774
12775
4240
4271
4879
4241
4272
4880
4242
4273
4881
4243
4274
4882
4244
4275
4883
4245
4276
4884
4246
4277
4885
4247
4278
4886
4248
4279
4887
4249
4280
4888
4250
4281
4889
4251
4282
4890
4252
4283
4891
4253
4284
4892
4254
4285
4893
4255
4286
4894
4287
4895
4257
4288
4896
4258
4289
4897
4259
4290
4898
4260
4291
4899
4261
4292
4900
4262
4293
4901
4263
4294
4902
4264
4295
4903
4265
4296
4904
4266
4297
4905
4267
4298
4906
4268
4299
4907
4269
4300
4908
4270
4301
4909
4271
4302
4910
4272
4303
4911
4273
4304
4912
4274
4305
4913
4275
4306
4914
4276
4307
4915
4277
4308
4916
4278
4309
4917
4279
4310
4918
4280
4311
4919
4281
4312
4920
4282
4313
4921
4283
4314
4922
4284
4315
4923
4285
4316
4924
4286
4317
4925
4287
4318
4926
4319
4927
4289
4320
4928
4290
4321
4929
4291
4322
4930
4292
4323
4931
4293
4324
4932
4294
4325
4933
4295
4326
4934
4296
4327
4935
4297
4328
4936
4298
4329
4937
4299
4330
4938
4300
4331
4939
4301
4332
4940
4302
4333
4941
4303
4334
4942
4304
4335
4943
4305
4336
4944
4306
4337
4945
4307
4338
4946
4308
4339
4947
4309
4340
4948
4310
4341
4949
4311
4342
4950
4312
4343
4951
4313
4344
4952
4314
4345
4953
4315
4346
4954
4316
4347
4955
4317
4348
4956
4318
4349
4957
4319
4350
4958
4351
4959
4321
4352
4960
4322
4353
4961
4323
4354
4962
4324
4355
4963
4325
4356
4964
4326
4357
4965
4327
4358
4966
4328
4359
4967
4329
4360
4968
4330
4361
4969
4331
4362
4970
4332
4363
4971
4333
4364
4972
4334
4365
4973
4335
4366
4974
4336
4367
4975
4337
4368
4976
4338
4369
4977
4339
4370
4978
4340
4371
4979
4341
4372
4980
4342
4373
4981
4343
4374
4982
4344
4375
4983
4345
4376
4984
4346
4377
4985
4347
4378
4986
4348
4379
4987
4349
4380
4988
4350
4381
4989
4351
4382
4990
4383
4991
4353
4384
4992
4354
4385
4993
4355
4386
4994
4356
4387
4995
4357
4388
4996
4358
4389
4997
4359
4390
4998
4360
4391
4999
4361
4392
5000
4362
4393
5001
4363
4394
5002
4364
4395
5003
4365
4396
5004
4366
4397
5005
4367
4398
5006
4368
4399
5007
4369
4400
5008
4370
4401
5009
4371
4402
5010
4372
4403
5011
4373
4404
5012
4374
4405
5013
4375
4406
5014
4376
4407
5015
4377
4408
5016
4378
4409
5017
4379
4410
5018
4380
4411
5019
4381
4412
5020
4382
4413
5021
4383
4414
5022
4415
5023
4385
4416
5024
4386
4417
5025
4387
4418
5026
4388
4419
5027
4389
4420
5028
4390
4421
5029
4391
4422
5030
4392
4423
5031
4393
4424
5032
4394
4425
5033
4395
4426
5034
4396
4427
5035
4397
4428
5036
4398
4429
5037
4399
4430
5038
4400
4431
5039
4401
4432
5040
4402
4433
5041
4403
4434
5042
4404
4435
5043
4405
4436
5044
4406
4437
5045
4407
4438
5046
4408
4439
5047
4409
4440
5048
4410
4441
5049
4411
4442
5050
4412
4443
5051
4413
4444
5052
4414
4445
5053
4415
4446
5054
4447
5055
4417
4448
5056
4418
4449
5057
4419
4450
5058
4420
4451
5059
4421
4452
5060
4422
4453
5061
4423
4454
5062
4424
4455
5063
4425
4456
5064
4426
4457
5065
4427
4458
5066
4428
4459
5067
4429
4460
5068
4430
4461
5069
4431
4462
5070
4432
4463
5071
4433
4464
5072
4434
4465
5073
4435
4466
5074
4436
4467
5075
4437
4468
5076
4438
4469
5077
4439
4470
5078
4440
4471
5079
4441
4472
5080
4442
4473
5081
4443
4474
5082
4444
4475
5083
4445
4476
5084
4446
4477
5085
4447
4478
5086
4479
5087
4449
5088
4450
5089
4451
5090
4452
5091
4453
5092
4454
5093
4455
5094
4456
5095
4457
5096
4458
5097
4459
5098
4460
5099
4461
5100
4462
5101
4463
5102
4464
5103
4465
5104
4466
5105
4467
5106
4468
5107
4469
5108
4470
5109
4471
5110
4472
5111
4473
5112
4474
5113
4475
5114
4476
5115
4477
5116
4478
5117
4479
5118
5119
4481
4512
5120
4482
4513
5121
4483
4514
5122
4484
4515
5123
4485
4516
5124
4486
4517
5125
4487
4518
5126
4488
4519
5127
4489
4520
5128
4490
4521
5129
4491
4522
5130
4492
4523
5131
4493
4524
5132
4494
4525
5133
4495
4526
5134
4496
4527
5135
4497
4528
5136
4498
4529
5137
4499
4530
5138
4500
4531
5139
4501
4532
5140
4502
4533
5141
4503
4534
5142
4504
4535
5143
4505
4536
5144
4506
4537
5145
4507
4538
5146
4508
4539
5147
4509
4540
5148
4510
4541
5149
4511
4542
5150
4543
5151
4513
4544
5152
4514
4545
5153
4515
4546
5154
4516
4547
5155
4517
4548
5156
4518
4549
5157
4519
4550
5158
4520
4551
5159
4521
4552
5160
4522
4553
5161
4523
4554
5162
4524
4555
5163
4525
4556
5164
4526
4557
5165
4527
4558
5166
4528
4559
5167
4529
4560
5168
4530
4561
5169
4531
4562
5170
4532
4563
5171
4533
4564
5172
4534
4565
5173
4535
4566
5174
4536
4567
5175
4537
4568
5176
4538
4569
5177
4539
4570
5178
4540
4571
5179
4541
4572
5180
4542
4573
5181
4543
4574
5182
4575
5183
4545
4576
5184
4546
4577
5185
4547
4578
5186
4548
4579
5187
4549
4580
5188
4550
4581
5189
4551
4582
5190
4552
4583
5191
4553
4584
5192
4554
4585
5193
4555
4586
5194
4556
4587
5195
4557
4588
5196
4558
4589
5197
4559
4590
5198
4560
4591
5199
4561
4592
5200
4562
4593
5201
4563
4594
5202
4564
4595
5203
4565
4596
5204
4566
4597
5205
4567
4598
5206
4568
4599
5207
4569
4600
5208
4570
4601
5209
4571
4602
5210
4572
4603
5211
4573
4604
5212
4574
4605
5213
4575
4606
5214
4607
5215
4577
4608
5216
4578
4609
5217
4579
4610
5218
4580
4611
5219
4581
4612
5220
4582
4613
5221
4583
4614
5222
4584
4615
5223
4585
4616
5224
4586
4617
5225
4587
4618
5226
4588
4619
5227
4589
4620
5228
4590
4621
5229
4591
4622
5230
4592
4623
5231
4593
4624
5232
4594
4625
5233
4595
4626
5234
4596
4627
5235
4597
4628
5236
4598
4629
5237
4599
4630
5238
4600
4631
5239
4601
4632
5240
4602
4633
5241
4603
4634
5242
4604
4635
5243
4605
4636
5244
4606
4637
5245
4607
4638
5246
4639
5247
4609
4640
5248
4610
4641
5249
4611
4642
5250
4612
4643
5251
4613
4644
5252
4614
4645
5253
4615
4646
5254
4616
4647
5255
4617
4648
5256
4618
4649
5257
4619
4650
5258
4620
4651
5259
4621
4652
5260
4622
4653
5261
4623
4654
5262
4624
4655
5263
4625
4656
5264
4626
4657
5265
4627
4658
5266
4628
4659
5267
4629
4660
5268
4630
4661
5269
4631
4662
5270
4632
4663
5271
4633
4664
5272
4634
4665
5273
4635
4666
5274
4636
4667
5275
4637
4668
5276
4638
4669
5277
4639
4670
5278
4671
5279
4641
4672
5280
4642
4673
5281
4643
4674
5282
4644
4675
5283
4645
4676
5284
4646
4677
5285
4647
4678
5286
4648
4679
5287
4649
4680
5288
4650
4681
5289
4651
4682
5290
4652
4683
5291
4653
4684
5292
4654
4685
5293
4655
4686
5294
4656
4687
5295
4657
4688
5296
4658
4689
5297
4659
4690
5298
4660
4691
5299
4661
4692
5300
4662
4693
5301
4663
4694
5302
4664
4695
5303
4665
4696
5304
4666
4697
5305
4667
4698
5306
4668
4699
5307
4669
4700
5308
4670
4701
5309
4671
4702
5310
4703
5311
4673
4704
5312
4674
4705
5313
4675
4706
5314
4676
4707
5315
4677
4708
5316
4678
4709
5317
4679
4710
5318
4680
4711
5319
4681
4712
5320
4682
4713
5321
12696
12699
12700
4683
4714
5322
12080
12083
12084
4684
4715
5323
12087
12090
12091
4685
4716
5324
12094
12097
12098
4686
4717
5325
12101
12104
12105
4687
4718
5326
12703
12706
12707
4688
4719
5327
4689
4720
5328
4690
4721
5329
4691
4722
5330
4692
4723
5331
4693
4724
5332
4694
4725
5333
4695
4726
5334
4696
4727
5335
4697
4728
5336
4698
4729
5337
4699
4730
5338
4700
4731
5339
4701
4732
5340
4702
4733
5341
4703
4734
5342
4735
5343
4705
4736
5344
4706
4737
5345
4707
4738
5346
4708
4739
5347
4709
4740
5348
4710
4741
5349
4711
4742
5350
4712
4743
5351
12710
12713
12714
4713
4744
5352
11580
11583
11584
12697
12699
12701
12696
12697
12699
12080
12081
12083
12696
12080
12087
12088
12090
12087
12094
12095
12097
12094
12101
12102
12104
12101
12703
12704
12706
4720
4751
5359
11587
11590
11591
12703
12705
12707
12709
4721
4752
5360
12717
12720
12721
4722
4753
5361
4723
4754
5362
4724
4755
5363
4725
4756
5364
4726
4757
5365
4727
4758
5366
4728
4759
5367
4729
4760
5368
4730
4761
5369
4731
4762
5370
4732
4763
5371
4733
4764
5372
4734
4765
5373
4735
4766
5374
4767
5375
4737
4768
5376
4738
4769
5377
4739
4770
5378
4740
4771
5379
4741
4772
5380
4742
4773
5381
4743
4774
5382
12711
12713
12715
12724
12727
12728
12710
12711
12713
11580
11581
11583
12710
10503
10504
10506
11580
12643
12697
10503
10510
10511
10513
12027
12081
10258
10259
10261
10510
12034
12088
10258
10265
10266
10268
12041
12095
10265
10517
10518
10520
12048
12102
10517
10524
10525
10527
12650
12704
10524
11587
11588
11590
11587
12717
12718
12720
4754
4785
5393
12717
12719
12721
12723
12731
12734
12735
4755
4786
5394
4756
4787
5395
4757
4788
5396
4758
4789
5397
4759
4790
5398
4760
4791
5399
4761
4792
5400
4762
4793
5401
4763
4794
5402
4764
4795
5403
4765
4796
5404
4766
4797
5405
4767
4798
5406
4799
5407
4769
4800
5408
4770
4801
5409
4771
4802
5410
4772
4803
5411
4773
4804
5412
4774
4805
5413
12725
12727
12729
12724
12725
12727
11594
11595
11597
12657
12711
12724
10531
11555
11581
11594
12423
12424
12427
12428
12430
12431
12434
12435
10450
10504
10531
12109
12110
12111
10272
10457
10511
10538
10539
10540
10233
10259
10277
10545
10546
10547
10240
10266
10281
10552
10553
10554
10284
10464
10518
10559
10560
10561
10287
10471
10525
12116
12117
12118
10291
10565
11562
11588
11810
11812
11813
11815
11817
11819
11820
11822
12306
12307
12310
10565
11601
11602
11604
12664
12718
11601
12731
12732
12734
4787
4818
5423
12731
12733
12735
12737
4788
4819
5424
4789
4820
5425
4790
4821
5426
4791
4822
5427
4792
4823
5428
4793
4824
5429
4794
4825
5430
4795
4826
5431
4796
4827
5432
4797
4828
5433
4798
4829
5434
4799
4830
5435
4831
5436
4801
4832
5437
4802
4833
5438
4803
4834
5439
4804
4835
5440
4805
4836
5441
4806
4837
5442
12739
12741
12743
12725
12738
12739
12741
11595
11608
11609
11611
12671
12738
10532
11569
11608
12123
12124
12125
10273
10478
10571
10578
10579
10580
10278
10296
10485
10585
10586
10587
10247
10282
10301
10592
10593
10594
10254
10285
10305
10599
10600
10601
10288
10308
10492
10606
10607
10608
10292
10311
10499
10613
10614
10615
10315
10566
11576
11615
11616
11619
10619
11602
11622
11623
12460
12461
12464
12612
12614
12615
12617
12678
11622
12732
12745
12746
12748
4819
4850
5448
12745
12747
12749
12751
4820
4851
5449
4821
4852
5450
4822
4853
5451
4823
4854
5452
4824
4855
5453
4825
4856
5454
4826
4857
5455
4827
4858
5456
4828
4859
5457
4829
4860
5458
4830
4861
5459
4831
4862
5460
4863
5461
4833
4864
5462
4834
4865
5463
4835
4866
5464
4836
4867
5465
4837
4868
5466
4838
4869
5467
4839
4870
5468
12739
12740
12743
12744
12753
12755
12757
11609
12752
12753
12755
10572
11629
11630
11632
12752
10297
10625
10626
11629
12313
12314
12317
12472
12474
12475
12477
12685
10302
10625
10632
10633
11031
11032
11035
11875
11877
11878
11880
12055
10306
10320
10321
10632
11057
11058
11061
11142
11143
11146
11147
12062
10309
10320
10327
10328
11082
11083
11086
11156
11157
11160
11161
12069
10312
10327
10639
10640
11107
11108
11111
11889
11892
11893
11894
12076
10316
10639
10646
10647
12327
12328
12331
12486
12488
12489
12491
12692
10620
10646
11636
11637
11639
11623
11636
12759
12760
12762
4850
4881
5479
12746
12747
12750
12751
12759
12761
12763
12765
4851
4882
5480
4852
4883
5481
4853
4884
5482
4854
4885
5483
4855
4886
5484
4856
4887
5485
4857
4888
5486
4858
4889
5487
4859
4890
5488
4860
4891
5489
4861
4892
5490
4862
4893
5491
4863
4894
5492
4895
5493
4865
4896
5494
4866
4897
5495
4867
4898
5496
4868
4899
5497
4869
4900
5498
4870
4901
5499
4871
4902
5500
4872
4903
5501
12753
12754
12757
12758
4873
4904
5502
11630
11631
11634
11635
12767
12769
12771
10626
12766
12767
12769
10633
12129
12130
12132
12766
10321
12129
12136
12137
12139
10328
12136
12143
12144
12146
10640
12143
12150
12151
12153
10647
12150
12773
12774
12776
4880
4911
5509
11637
11638
11641
11642
12773
12775
12777
12779
4881
4912
5510
12760
12761
12764
12765
4882
4913
5511
4883
4914
5512
4884
4915
5513
4885
4916
5514
4886
4917
5515
4887
4918
5516
4888
4919
5517
4889
4920
5518
4890
4921
5519
4891
4922
5520
4892
4923
5521
4893
4924
5522
4894
4925
5523
4895
4926
5524
4927
5525
4897
4928
5526
4898
4929
5527
4899
4930
5528
4900
4931
5529
4901
4932
5530
4902
4933
5531
4903
4934
5532
4904
4935
5533
4905
4936
5534
4906
4937
5535
12767
12768
12771
12772
4907
4938
5536
12130
12131
12134
12135
4908
4939
5537
12137
12138
12141
12142
4909
4940
5538
12144
12145
12148
12149
4910
4941
5539
12151
12152
12155
12156
4911
4942
5540
12774
12775
12778
12779
4912
4943
5541
4913
4944
5542
4914
4945
5543
4915
4946
5544
4916
4947
5545
4917
4948
5546
4918
4949
5547
4919
4950
5548
4920
4951
5549
4921
4952
5550
4922
4953
5551
4923
4954
5552
4924
4955
5553
4925
4956
5554
4926
4957
5555
4927
4958
5556
4959
5557
4929
4960
5558
4930
4961
5559
4931
4962
5560
4932
4963
5561
4933
4964
5562
4934
4965
5563
4935
4966
5564
4936
4967
5565
4937
4968
5566
4938
4969
5567
4939
4970
5568
4940
4971
5569
4941
4972
5570
4942
4973
5571
4943
4974
5572
4944
4975
5573
4945
4976
5574
4946
4977
5575
4947
4978
5576
4948
4979
5577
4949
4980
5578
4950
4981
5579
4951
4982
5580
4952
4983
5581
4953
4984
5582
4954
4985
5583
4955
4986
5584
4956
4987
5585
4957
4988
5586
4958
4989
5587
4959
4990
5588
4991
5589
4961
4992
5590
4962
4993
5591
4963
4994
5592
4964
4995
5593
4965
4996
5594
4966
4997
5595
4967
4998
5596
4968
4999
5597
4969
5000
5598
4970
5001
5599
4971
5002
5600
4972
5003
5601
4973
5004
5602
4974
5005
5603
4975
5006
5604
4976
5007
5605
4977
5008
5606
4978
5009
5607
4979
5010
5608
4980
5011
5609
4981
5012
5610
4982
5013
5611
4983
5014
5612
4984
5015
5613
4985
5016
5614
4986
5017
5615
4987
5018
5616
4988
5019
5617
4989
5020
5618
4990
5021
5619
4991
5022
5620
5023
5621
4993
5024
5622
4994
5025
5623
4995
5026
5624
4996
5027
5625
4997
5028
5626
4998
5029
5627
4999
5030
5628
5000
5031
5629
5001
5032
5630
5002
5033
5631
5003
5034
5632
5004
5035
5633
5005
5036
5634
5006
5037
5635
5007
5038
5636
5008
5039
5637
5009
5040
5638
5010
5041
5639
5011
5042
5640
5012
5043
5641
5013
5044
5642
5014
5045
5643
5015
5046
5644
5016
5047
5645
5017
5048
5646
5018
5049
5647
5019
5050
5648
5020
5051
5649
5021
5052
5650
5022
5053
5651
5023
5054
5652
5055
5653
5025
5056
5654
5026
5057
5655
5027
5058
5656
5028
5059
5657
5029
5060
5658
5030
5061
5659
5031
5062
5660
5032
5063
5661
5033
5064
5662
5034
5065
5663
5035
5066
5664
5036
5067
5665
5037
5068
5666
5038
5069
5667
5039
5070
5668
5040
5071
5669
5041
5072
5670
5042
5073
5671
5043
5074
5672
5044
5075
5673
5045
5076
5674
5046
5077
5675
5047
5078
5676
5048
5079
5677
5049
5080
5678
5050
5081
5679
5051
5082
5680
5052
5083
5681
5053
5084
5682
5054
5085
5683
5055
5086
5684
5087
5685
5057
5088
5686
5058
5089
5687
5059
5090
5688
5060
5091
5689
5061
5092
5690
5062
5093
5691
5063
5094
5692
5064
5095
5693
5065
5096
5694
5066
5097
5695
5067
5098
5696
5068
5099
5697
5069
5100
5698
5070
5101
5699
5071
5102
5700
5072
5103
5701
5073
5104
5702
5074
5105
5703
5075
5106
5704
5076
5107
5705
5077
5108
5706
5078
5109
5707
5079
5110
5708
5080
5111
5709
5081
5112
5710
5082
5113
5711
5083
5114
5712
5084
5115
5713
5085
5116
5714
5086
5117
5715
5087
5118
5716
5119
5717
5089
5718
5090
5719
5091
5720
5092
5721
5093
5722
5094
5723
5095
5724
5096
5725
5097
5726
5098
5727
5099
5728
5100
5729
5101
5730
5102
5731
5103
5732
5104
5733
5105
5734
5106
5735
5107
5736
5108
5737
5109
5738
5110
5739
5111
5740
5112
5741
5113
5742
5114
5743
5115
5744
5116
5745
5117
5746
5118
5747
5119
5748
5749
5121
5152
5750
5122
5153
5751
5123
5154
5752
5124
5155
5753
5125
5156
5754
5126
5157
5755
5127
5158
5756
5128
5159
5757
5129
5160
5758
5130
5161
5759
5131
5162
5760
5132
5163
5761
5133
5164
5762
5134
5165
5763
5135
5166
5764
5136
5167
5765
5137
5168
5766
5138
5169
5767
5139
5170
5768
5140
5171
5769
5141
5172
5770
5142
5173
5771
5143
5174
5772
5144
5175
5773
5145
5176
5774
5146
5177
5775
5147
5178
5776
5148
5179
5777
5149
5180
5778
5150
5181
5779
5151
5182
5780
5183
5781
5153
5184
5782
5154
5185
5783
5155
5186
5784
5156
5187
5785
5157
5188
5786
5158
5189
5787
5159
5190
5788
5160
5191
5789
5161
5192
5790
5162
5193
5791
5163
5194
5792
5164
5195
5793
5165
5196
5794
5166
5197
5795
5167
5198
5796
5168
5199
5797
5169
5200
5798
5170
5201
5799
5171
5202
5800
5172
5203
5801
5173
5204
5802
5174
5205
5803
5175
5206
5804
5176
5207
5805
5177
5208
5806
5178
5209
5807
5179
5210
5808
5180
5211
5809
5181
5212
5810
5182
5213
5811
5183
5214
5812
5215
5813
5185
5216
5814
5186
5217
5815
5187
5218
5816
5188
5219
5817
5189
5220
5818
5190
5221
5819
5191
5222
5820
5192
5223
5821
5193
5224
5822
5194
5225
5823
5195
5226
5824
5196
5227
5825
5197
5228
5826
5198
5229
5827
5199
5230
5828
5200
5231
5829
5201
5232
5830
5202
5233
5831
5203
5234
5832
5204
5235
5833
5205
5236
5834
5206
5237
5835
5207
5238
5836
5208
5239
5837
5209
5240
5838
5210
5241
5839
5211
5242
5840
5212
5243
5841
5213
5244
5842
5214
5245
5843
5215
5246
5844
5247
5845
5217
5248
5846
5218
5249
5847
5219
5250
5848
5220
5251
5849
5221
5252
5850
5222
5253
5851
5223
5254
5852
5224
5255
5853
5225
5256
5854
5226
5257
5855
5227
5258
5856
5228
5259
5857
5229
5260
5858
5230
5261
5859
5231
5262
5860
5232
5263
5861
5233
5264
5862
5234
5265
5863
5235
5266
5864
5236
5267
5865
5237
5268
5866
5238
5269
5867
5239
5270
5868
5240
5271
5869
5241
5272
5870
5242
5273
5871
5243
5274
5872
5244
5275
5873
5245
5276
5874
5246
5277
5875
5247
5278
5876
5279
5877
5249
5280
5878
5250
5281
5879
5251
5282
5880
5252
5283
5881
5253
5284
5882
5254
5285
5883
5255
5286
5884
5256
5287
5885
5257
5288
5886
5258
5289
5887
5259
5290
5888
5260
5291
5889
5261
5292
5890
5262
5293
5891
5263
5294
5892
5264
5295
5893
5265
5296
5894
5266
5297
5895
5267
5298
5896
5268
5299
5897
5269
5300
5898
5270
5301
5899
5271
5302
5900
5272
5303
5901
5273
5304
5902
5274
5305
5903
5275
5306
5904
5276
5307
5905
5277
5308
5906
5278
5309
5907
5279
5310
5908
5311
5909
5281
5312
5910
5282
5313
5911
5283
5314
5912
5284
5315
5913
5285
5316
5914
5286
5317
5915
5287
5318
5916
5288
5319
5917
5289
5320
5918
5290
5321
5919
5291
5322
5920
5292
5323
5921
5293
5324
5922
5294
5325
5923
5295
5326
5924
5296
5327
5925
5297
5328
5926
5298
5329
5927
5299
5330
5928
5300
5331
5929
5301
5332
5930
5302
5333
5931
5303
5334
5932
5304
5335
5933
5305
5336
5934
5306
5337
5935
5307
5338
5936
5308
5339
5937
5309
5340
5938
5310
5341
5939
5311
5342
5940
5343
5941
5313
5344
5942
5314
5345
5943
5315
5346
5944
5316
5347
5945
5317
5348
5946
5318
5349
5947
5319
5350
5948
5320
5351
5949
5321
5352
5950
5322
5353
5951
12780
12783
12784
5323
5354
5952
12157
12160
12161
5324
5355
5953
12164
12167
12168
5325
5356
5954
12171
12174
12175
5326
5357
5955
12178
12181
12182
5327
5358
5956
12787
12790
12791
5328
5359
5957
5329
5360
5958
5330
5361
5959
5331
5362
5960
5332
5363
5961
5333
5364
5962
5334
5365
5963
5335
5366
5964
5336
5367
5965
5337
5368
5966
5338
5369
5967
5339
5370
5968
5340
5371
5969
5341
5372
5970
5342
5373
5971
5343
5374
5972
5375
5973
5345
5376
5974
5346
5377
5975
5347
5378
5976
5348
5379
5977
5349
5380
5978
5350
5381
5979
5351
5382
5980
5352
5383
5981
12794
12797
12798
5353
5384
5982
11643
11646
11647
12781
12783
12785
12699
12780
12781
12783
12083
12157
12158
12160
12780
12090
12157
12164
12165
12167
12097
12164
12171
12172
12174
12104
12171
12178
12179
12181
12178
12706
12787
12788
12790
5360
5391
5989
11650
11653
11654
12787
12789
12791
12793
5361
5392
5990
12801
12804
12805
5362
5393
5991
5363
5394
5992
5364
5395
5993
5365
5396
5994
5366
5397
5995
5367
5398
5996
5368
5399
5997
5369
5400
5998
5370
5401
5999
5371
5402
6000
5372
5403
6001
5373
5404
6002
5374
5405
6003
5375
5406
6004
5407
6005
5377
5408
6006
5378
5409
6007
5379
5410
6008
5380
5411
6009
5381
5412
6010
5382
5413
6011
5383
5414
6012
12795
12797
12799
12808
12811
12812
12713
12794
12795
12797
11583
11643
11644
11646
12794
10506
10653
10656
11643
12503
12504
12505
12506
12781
10513
10653
10660
10663
11906
11907
11908
11909
12158
10261
10334
10337
10660
11170
11171
11174
11175
12165
10268
10334
10341
10344
11184
11185
11188
11189
12172
10341
10520
10667
10670
11917
11920
11922
11923
12179
10527
10667
10674
10677
12517
12518
12519
12520
12788
10674
11590
11650
11651
11653
11650
12720
12801
12802
12804
5394
5422
6023
12801
12803
12805
12807
12815
12818
12819
5395
5423
6024
5396
5424
6025
5397
5425
6026
5398
5426
6027
5399
5427
6028
5400
5428
6029
5401
5429
6030
5402
5430
6031
5403
5431
6032
5404
5432
6033
5405
5433
6034
5406
5434
6035
5407
5435
6036
5436
6037
5409
5437
6038
5410
5438
6039
5411
5439
6040
5412
5440
6041
5413
5441
6042
5414
5442
6043
12809
12811
12813
12727
12808
12809
12811
11597
11657
11658
11660
12795
12808
10534
11644
11657
12186
12187
12188
10275
10654
10681
10688
10689
10280
10348
10661
10692
10294
10365
10675
10702
10703
10370
10568
11651
11664
11665
11668
10706
11604
11671
11674
12537
12538
12541
12626
12628
12629
12631
12802
11671
12734
12815
12816
12818
5424
5448
6056
12815
12817
12819
12821
5425
5449
6057
5426
5450
6058
5427
5451
6059
5428
5452
6060
5429
5453
6061
5430
5454
6062
5431
5455
6063
5432
5456
6064
5433
5457
6065
5434
5458
6066
5435
5459
6067
5436
5460
6068
5461
6069
5438
5462
6070
5439
5463
6071
5440
5464
6072
5441
5465
6073
5442
5466
6074
5443
5467
6075
12823
12825
12827
12741
12809
12822
12823
12825
11611
11658
11679
11681
12636
12637
12638
12639
12822
10682
11678
11686
11687
10719
11625
11672
12192
12193
12196
11695
12748
12816
12829
12830
12832
5449
5480
6088
12829
12831
12833
12835
5450
5481
6089
5451
5482
6090
5452
5483
6091
5453
5484
6092
5454
5485
6093
5455
5486
6094
5456
5487
6095
5457
5488
6096
5458
5489
6097
5459
5490
6098
5460
5491
6099
5461
5492
6100
5493
6101
5463
5494
6102
5464
5495
6103
5465
5496
6104
5466
5497
6105
5467
5498
6106
5468
5499
6107
5469
5500
6108
12823
12824
12827
12828
12837
12839
12841
11679
12755
12836
12837
12839
10712
11632
11702
11703
11705
12551
12552
12555
12836
10375
10628
11702
12199
12200
12203
10381
10635
10726
11709
11710
11713
10323
10733
10741
10742
10743
10330
10405
10748
10749
10750
10412
10642
11716
11717
11718
10399
10649
10754
12206
12207
12210
10720
10761
11639
11723
11724
11726
11997
12000
12002
12585
12588
12590
11696
11723
12762
12843
12844
12846
5480
5511
6119
12830
12831
12834
12835
12843
12845
12847
12849
5481
5512
6120
5482
5513
6121
5483
5514
6122
5484
5515
6123
5485
5516
6124
5486
5517
6125
5487
5518
6126
5488
5519
6127
5489
5520
6128
5490
5521
6129
5491
5522
6130
5492
5523
6131
5493
5524
6132
5525
6133
5495
5526
6134
5496
5527
6135
5497
5528
6136
5498
5529
6137
5499
5530
6138
5500
5531
6139
5501
5532
6140
5502
5533
6141
12837
12838
12841
12842
5503
5534
6142
11703
11704
11707
11708
12851
12853
12855
10727
12769
12850
12851
12853
10734
12132
12213
12214
12216
12850
10406
12139
12213
12220
12221
12223
10413
12146
12220
12227
12228
12230
10755
12153
12227
12234
12235
12237
10762
12234
12776
12857
12858
12860
5510
5541
6149
11724
11725
11728
11729
12857
12859
12861
12863
5511
5542
6150
12844
12845
12848
12849
5512
5543
6151
5513
5544
6152
5514
5545
6153
5515
5546
6154
5516
5547
6155
5517
5548
6156
5518
5549
6157
5519
5550
6158
5520
5551
6159
5521
5552
6160
5522
5553
6161
5523
5554
6162
5524
5555
6163
5525
5556
6164
5557
6165
5527
5558
6166
5528
5559
6167
5529
5560
6168
5530
5561
6169
5531
5562
6170
5532
5563
6171
5533
5564
6172
5534
5565
6173
5535
5566
6174
5536
5567
6175
12851
12852
12855
12856
5537
5568
6176
12214
12215
12218
12219
5538
5569
6177
12221
12222
12225
12226
5539
5570
6178
12228
12229
12232
12233
5540
5571
6179
12235
12236
12239
12240
5541
5572
6180
12858
12859
12862
12863
5542
5573
6181
5543
5574
6182
5544
5575
6183
5545
5576
6184
5546
5577
6185
5547
5578
6186
5548
5579
6187
5549
5580
6188
5550
5581
6189
5551
5582
6190
5552
5583
6191
5553
5584
6192
5554
5585
6193
5555
5586
6194
5556
5587
6195
5557
5588
6196
5589
6197
5559
5590
6198
5560
5591
6199
5561
5592
6200
5562
5593
6201
5563
5594
6202
5564
5595
6203
5565
5596
6204
5566
5597
6205
5567
5598
6206
5568
5599
6207
5569
5600
6208
5570
5601
6209
5571
5602
6210
5572
5603
6211
5573
5604
6212
5574
5605
6213
5575
5606
6214
5576
5607
6215
5577
5608
6216
5578
5609
6217
5579
5610
6218
5580
5611
6219
5581
5612
6220
5582
5613
6221
5583
5614
6222
5584
5615
6223
5585
5616
6224
5586
5617
6225
5587
5618
6226
5588
5619
6227
5589
5620
6228
5621
6229
5591
5622
6230
5592
5623
6231
5593
5624
6232
5594
5625
6233
5595
5626
6234
5596
5627
6235
5597
5628
6236
5598
5629
6237
5599
5630
6238
5600
5631
6239
5601
5632
6240
5602
5633
6241
5603
5634
6242
5604
5635
6243
5605
5636
6244
5606
5637
6245
5607
5638
6246
5608
5639
6247
5609
5640
6248
5610
5641
6249
5611
5642
6250
5612
5643
6251
5613
5644
6252
5614
5645
6253
5615
5646
6254
5616
5647
6255
5617
5648
6256
5618
5649
6257
5619
5650
6258
5620
5651
6259
5621
5652
6260
5653
6261
5623
5654
6262
5624
5655
6263
5625
5656
6264
5626
5657
6265
5627
5658
6266
5628
5659
6267
5629
5660
6268
5630
5661
6269
5631
5662
6270
5632
5663
6271
5633
5664
6272
5634
5665
6273
5635
5666
6274
5636
5667
6275
5637
5668
6276
5638
5669
6277
5639
5670
6278
5640
5671
6279
5641
5672
6280
5642
5673
6281
5643
5674
6282
5644
5675
6283
5645
5676
6284
5646
5677
6285
5647
5678
6286
5648
5679
6287
5649
5680
6288
5650
5681
6289
5651
5682
6290
5652
5683
6291
5653
5684
6292
5685
6293
5655
5686
6294
5656
5687
6295
5657
5688
6296
5658
5689
6297
5659
5690
6298
5660
5691
6299
5661
5692
6300
5662
5693
6301
5663
5694
6302
5664
5695
6303
5665
5696
6304
5666
5697
6305
5667
5698
6306
5668
5699
6307
5669
5700
6308
5670
5701
6309
5671
5702
6310
5672
5703
6311
5673
5704
6312
5674
5705
6313
5675
5706
6314
5676
5707
6315
5677
5708
6316
5678
5709
6317
5679
5710
6318
5680
5711
6319
5681
5712
6320
5682
5713
6321
5683
5714
6322
5684
5715
6323
5685
5716
6324
5717
6325
5687
5718
6326
5688
5719
6327
5689
5720
6328
5690
5721
6329
5691
5722
6330
5692
5723
6331
5693
5724
6332
5694
5725
6333
5695
5726
6334
5696
5727
6335
5697
5728
6336
5698
5729
6337
5699
5730
6338
5700
5731
6339
5701
5732
6340
5702
5733
6341
5703
5734
6342
5704
5735
6343
5705
5736
6344
5706
5737
6345
5707
5738
6346
5708
5739
6347
5709
5740
6348
5710
5741
6349
5711
5742
6350
5712
5743
6351
5713
5744
6352
5714
5745
6353
5715
5746
6354
5716
5747
6355
5717
5748
6356
5749
6357
5719
6358
5720
6359
5721
6360
5722
6361
5723
6362
5724
6363
5725
6364
5726
6365
5727
6366
5728
6367
5729
6368
5730
6369
5731
6370
5732
6371
5733
6372
5734
6373
5735
6374
5736
6375
5737
6376
5738
6377
5739
6378
5740
6379
5741
6380
5742
6381
5743
6382
5744
6383
5745
6384
5746
6385
5747
6386
5748
6387
5749
6388
6389
5751
5782
6390
5752
5783
6391
5753
5784
6392
5754
5785
6393
5755
5786
6394
5756
5787
6395
5757
5788
6396
5758
5789
6397
5759
5790
6398
5760
5791
6399
5761
5792
6400
5762
5793
6401
5763
5794
6402
5764
5795
6403
5765
5796
6404
5766
5797
6405
5767
5798
6406
5768
5799
6407
5769
5800
6408
5770
5801
6409
5771
5802
6410
5772
5803
6411
5773
5804
6412
5774
5805
6413
5775
5806
6414
5776
5807
6415
5777
5808
6416
5778
5809
6417
5779
5810
6418
5780
5811
6419
5781
5812
6420
5813
6421
5783
5814
6422
5784
5815
6423
5785
5816
6424
5786
5817
6425
5787
5818
6426
5788
5819
6427
5789
5820
6428
5790
5821
6429
5791
5822
6430
5792
5823
6431
5793
5824
6432
5794
5825
6433
5795
5826
6434
5796
5827
6435
5797
5828
6436
5798
5829
6437
5799
5830
6438
5800
5831
6439
5801
5832
6440
5802
5833
6441
5803
5834
6442
5804
5835
6443
5805
5836
6444
5806
5837
6445
5807
5838
6446
5808
5839
6447
5809
5840
6448
5810
5841
6449
5811
5842
6450
5812
5843
6451
5813
5844
6452
5845
6453
5815
5846
6454
5816
5847
6455
5817
5848
6456
5818
5849
6457
5819
5850
6458
5820
5851
6459
5821
5852
6460
5822
5853
6461
5823
5854
6462
5824
5855
6463
5825
5856
6464
5826
5857
6465
5827
5858
6466
5828
5859
6467
5829
5860
6468
5830
5861
6469
5831
5862
6470
5832
5863
6471
5833
5864
6472
5834
5865
6473
5835
5866
6474
5836
5867
6475
5837
5868
6476
5838
5869
6477
5839
5870
6478
5840
5871
6479
5841
5872
6480
5842
5873
6481
5843
5874
6482
5844
5875
6483
5845
5876
6484
5877
6485
5847
5878
6486
5848
5879
6487
5849
5880
6488
5850
5881
6489
5851
5882
6490
5852
5883
6491
5853
5884
6492
5854
5885
6493
5855
5886
6494
5856
5887
6495
5857
5888
6496
5858
5889
6497
5859
5890
6498
5860
5891
6499
5861
5892
6500
5862
5893
6501
5863
5894
6502
5864
5895
6503
5865
5896
6504
5866
5897
6505
5867
5898
6506
5868
5899
6507
5869
5900
6508
5870
5901
6509
5871
5902
6510
5872
5903
6511
5873
5904
6512
5874
5905
6513
5875
5906
6514
5876
5907
6515
5877
5908
6516
5909
6517
5879
5910
6518
5880
5911
6519
5881
5912
6520
5882
5913
6521
5883
5914
6522
5884
5915
6523
5885
5916
6524
5886
5917
6525
5887
5918
6526
5888
5919
6527
5889
5920
6528
5890
5921
6529
5891
5922
6530
5892
5923
6531
5893
5924
6532
5894
5925
6533
5895
5926
6534
5896
5927
6535
5897
5928
6536
5898
5929
6537
5899
5930
6538
5900
5931
6539
5901
5932
6540
5902
5933
6541
5903
5934
6542
5904
5935
6543
5905
5936
6544
5906
5937
6545
5907
5938
6546
5908
5939
6547
5909
5940
6548
5941
6549
5911
5942
6550
5912
5943
6551
5913
5944
6552
5914
5945
6553
5915
5946
6554
5916
5947
6555
5917
5948
6556
5918
5949
6557
5919
5950
6558
5920
5951
6559
5921
5952
6560
5922
5953
6561
5923
5954
6562
5924
5955
6563
5925
5956
6564
5926
5957
6565
5927
5958
6566
5928
5959
6567
5929
5960
6568
5930
5961
6569
5931
5962
6570
5932
5963
6571
5933
5964
6572
5934
5965
6573
5935
5966
6574
5936
5967
6575
5937
5968
6576
5938
5969
6577
5939
5970
6578
5940
5971
6579
5941
5972
6580
5973
6581
5943
5974
6582
5944
5975
6583
5945
5976
6584
5946
5977
6585
5947
5978
6586
5948
5979
6587
5949
5980
6588
5950
5981
6589
5951
5982
6590
5952
5983
6591
5953
5984
6592
5954
5985
6593
5955
5986
6594
5956
5987
6595
5957
5988
6596
5958
5989
6597
5959
5990
6598
5960
5991
6599
5961
5992
6600
5962
5993
6601
5963
5994
6602
5964
5995
6603
5965
5996
6604
5966
5997
6605
5967
5998
6606
5968
5999
6607
5969
6000
6608
5970
6001
6609
5971
6002
6610
5972
6003
6611
5973
6004
6612
6005
6613
5975
6006
6614
5976
6007
6615
5977
6008
6616
5978
6009
6617
5979
6010
6618
5980
6011
6619
5981
6012
6620
5982
6013
6621
5983
6014
6622
5984
6015
6623
12783
12784
12785
12786
12864
12867
12868
5985
6016
6624
12160
12161
12162
12163
12241
12244
12245
5986
6017
6625
12167
12168
12169
12170
12248
12251
12252
5987
6018
6626
12174
12175
12176
12177
12255
12258
12259
5988
6019
6627
12181
12182
12183
12184
12262
12265
12266
5989
6020
6628
12790
12791
12792
12793
12871
12874
12875
5990
6021
6629
5991
6022
6630
5992
6023
6631
5993
6024
6632
5994
6025
6633
5995
6026
6634
5996
6027
6635
5997
6028
6636
5998
6029
6637
5999
6030
6638
6000
6031
6639
6001
6032
6640
6002
6033
6641
6003
6034
6642
6004
6035
6643
6005
6036
6644
6037
6645
6007
6038
6646
6008
6039
6647
6009
6040
6648
6010
6041
6649
6011
6042
6650
6012
6043
6651
6013
6044
6652
6014
6045
6653
12797
12798
12799
12800
12878
12881
12882
6015
6046
6654
11646
11647
11648
11649
11730
11733
11734
12865
12867
12869
10656
12864
12865
12867
10663
12241
12242
12244
12864
10337
12241
12248
12249
12251
10344
12248
12255
12256
12258
10670
12255
12262
12263
12265
10677
12262
12871
12872
12874
6022
6053
6661
11653
11654
11655
11656
11737
11740
11741
12871
12873
12875
12877
6023
6054
6662
12804
12805
12806
12807
12885
12888
12889
6024
6055
6663
6025
6056
6664
6026
6057
6665
6027
6058
6666
6028
6059
6667
6029
6060
6668
6030
6061
6669
6031
6062
6670
6032
6063
6671
6033
6064
6672
6034
6065
6673
6035
6066
6674
6036
6067
6675
6037
6068
6676
6069
6677
6039
6070
6678
6040
6071
6679
6041
6072
6680
6042
6073
6681
6043
6074
6682
6044
6075
6683
6045
6076
6684
12811
12812
12813
12814
12879
12881
12883
11660
12878
12879
12881
10683
11730
11731
11733
12878
10349
10768
10769
10771
11730
12341
12342
12345
12865
10353
10768
10775
10776
10778
11222
11223
11226
12242
10357
10419
10420
10422
10775
11252
11253
11256
12249
10361
10419
10426
10427
10429
11282
11283
11286
12256
10366
10426
10782
10783
10785
11313
11314
11317
12263
10371
10782
10789
10790
10792
12355
12356
12359
12872
10708
10789
11737
11738
11740
11674
11737
12885
12886
12888
6056
6087
6695
12818
12819
12820
12821
12885
12887
12889
12891
6057
6088
6696
6058
6089
6697
6059
6090
6698
6060
6091
6699
6061
6092
6700
6062
6093
6701
6063
6094
6702
6064
6095
6703
6065
6096
6704
6066
6097
6705
6067
6098
6706
6068
6099
6707
6069
6100
6708
6101
6709
6071
6102
6710
6072
6103
6711
6073
6104
6712
6074
6105
6713
6075
6106
6714
6076
6107
6715
6077
6108
6716
12825
12826
12827
12828
12893
12895
12897
11681
12879
12892
12893
12895
10714
11731
11744
11745
11747
12558
12559
12562
12892
10377
10769
10796
10797
10799
11371
11372
11375
11744
10382
10776
10796
10803
10804
10806
11390
11391
11394
10386
10420
10433
10434
10436
10803
11422
11423
11426
10390
10427
10433
10440
10441
10443
11454
11455
11458
10395
10440
10783
10810
10811
10813
11487
11488
11491
10401
10790
10810
10817
10818
10820
11526
11527
11530
10722
10817
11738
11751
11752
11754
12004
12007
12009
11698
11751
12886
12899
12900
12902
6088
6119
6727
12832
12833
12834
12835
12899
12901
12903
12905
6089
6120
6728
6090
6121
6729
6091
6122
6730
6092
6123
6731
6093
6124
6732
6094
6125
6733
6095
6126
6734
6096
6127
6735
6097
6128
6736
6098
6129
6737
6099
6130
6738
6100
6131
6739
6101
6132
6740
6133
6741
6103
6134
6742
6104
6135
6743
6105
6136
6744
6106
6137
6745
6107
6138
6746
6108
6139
6747
6109
6140
6748
6110
6141
6749
12839
12840
12841
12842
12893
12894
12897
12898
6111
6142
6750
11705
11706
11707
11708
11745
11746
11749
11750
12907
12909
12911
10729
10797
12906
12907
12909
10736
10804
12269
12270
12272
12906
10408
10434
12269
12276
12277
12279
10415
10441
12276
12283
12284
12286
10757
10811
12283
12290
12291
12293
10764
10818
12290
12913
12914
12916
6118
6149
6757
11726
11727
11728
11729
11752
11753
11756
11757
12913
12915
12917
12919
6119
6150
6758
12846
12847
12848
12849
12900
12901
12904
12905
6120
6151
6759
6121
6152
6760
6122
6153
6761
6123
6154
6762
6124
6155
6763
6125
6156
6764
6126
6157
6765
6127
6158
6766
6128
6159
6767
6129
6160
6768
6130
6161
6769
6131
6162
6770
6132
6163
6771
6133
6164
6772
6165
6773
6135
6166
6774
6136
6167
6775
6137
6168
6776
6138
6169
6777
6139
6170
6778
6140
6171
6779
6141
6172
6780
6142
6173
6781
6143
6174
6782
6144
6175
6783
12853
12854
12855
12856
12907
12908
12911
12912
6145
6176
6784
12216
12217
12218
12219
12270
12271
12274
12275
6146
6177
6785
12223
12224
12225
12226
12277
12278
12281
12282
6147
6178
6786
12230
12231
12232
12233
12284
12285
12288
12289
6148
6179
6787
12237
12238
12239
12240
12291
12292
12295
12296
6149
6180
6788
12860
12861
12862
12863
12914
12915
12918
12919
6150
6181
6789
6151
6182
6790
6152
6183
6791
6153
6184
6792
6154
6185
6793
6155
6186
6794
6156
6187
6795
6157
6188
6796
6158
6189
6797
6159
6190
6798
6160
6191
6799
6161
6192
6800
6162
6193
6801
6163
6194
6802
6164
6195
6803
6165
6196
6804
6197
6805
6167
6198
6806
6168
6199
6807
6169
6200
6808
6170
6201
6809
6171
6202
6810
6172
6203
6811
6173
6204
6812
6174
6205
6813
6175
6206
6814
6176
6207
6815
6177
6208
6816
6178
6209
6817
6179
6210
6818
6180
6211
6819
6181
6212
6820
6182
6213
6821
6183
6214
6822
6184
6215
6823
6185
6216
6824
6186
6217
6825
6187
6218
6826
6188
6219
6827
6189
6220
6828
6190
6221
6829
6191
6222
6830
6192
6223
6831
6193
6224
6832
6194
6225
6833
6195
6226
6834
6196
6227
6835
6197
6228
6836
6229
6837
6199
6230
6838
6200
6231
6839
6201
6232
6840
6202
6233
6841
6203
6234
6842
6204
6235
6843
6205
6236
6844
6206
6237
6845
6207
6238
6846
6208
6239
6847
6209
6240
6848
6210
6241
6849
6211
6242
6850
6212
6243
6851
6213
6244
6852
6214
6245
6853
6215
6246
6854
6216
6247
6855
6217
6248
6856
6218
6249
6857
6219
6250
6858
6220
6251
6859
6221
6252
6860
6222
6253
6861
6223
6254
6862
6224
6255
6863
6225
6256
6864
6226
6257
6865
6227
6258
6866
6228
6259
6867
6229
6260
6868
6261
6869
6231
6262
6870
6232
6263
6871
6233
6264
6872
6234
6265
6873
6235
6266
6874
6236
6267
6875
6237
6268
6876
6238
6269
6877
6239
6270
6878
6240
6271
6879
6241
6272
6880
6242
6273
6881
6243
6274
6882
6244
6275
6883
6245
6276
6884
6246
6277
6885
6247
6278
6886
6248
6279
6887
6249
6280
6888
6250
6281
6889
6251
6282
6890
6252
6283
6891
6253
6284
6892
6254
6285
6893
6255
6286
6894
6256
6287
6895
6257
6288
6896
6258
6289
6897
6259
6290
6898
6260
6291
6899
6261
6292
6900
6293
6901
6263
6294
6902
6264
6295
6903
6265
6296
6904
6266
6297
6905
6267
6298
6906
6268
6299
6907
6269
6300
6908
6270
6301
6909
6271
6302
6910
6272
6303
6911
6273
6304
6912
6274
6305
6913
6275
6306
6914
6276
6307
6915
6277
6308
6916
6278
6309
6917
6279
6310
6918
6280
6311
6919
6281
6312
6920
6282
6313
6921
6283
6314
6922
6284
6315
6923
6285
6316
6924
6286
6317
6925
6287
6318
6926
6288
6319
6927
6289
6320
6928
6290
6321
6929
6291
6322
6930
6292
6323
6931
6293
6324
6932
6325
6933
6295
6326
6934
6296
6327
6935
6297
6328
6936
6298
6329
6937
6299
6330
6938
6300
6331
6939
6301
6332
6940
6302
6333
6941
6303
6334
6942
6304
6335
6943
6305
6336
6944
6306
6337
6945
6307
6338
6946
6308
6339
6947
6309
6340
6948
6310
6341
6949
6311
6342
6950
6312
6343
6951
6313
6344
6952
6314
6345
6953
6315
6346
6954
6316
6347
6955
6317
6348
6956
6318
6349
6957
6319
6350
6958
6320
6351
6959
6321
6352
6960
6322
6353
6961
6323
6354
6962
6324
6355
6963
6325
6356
6964
6357
6965
6327
6358
6966
6328
6359
6967
6329
6360
6968
6330
6361
6969
6331
6362
6970
6332
6363
6971
6333
6364
6972
6334
6365
6973
6335
6366
6974
6336
6367
6975
6337
6368
6976
6338
6369
6977
6339
6370
6978
6340
6371
6979
6341
6372
6980
6342
6373
6981
6343
6374
6982
6344
6375
6983
6345
6376
6984
6346
6377
6985
6347
6378
6986
6348
6379
6987
6349
6380
6988
6350
6381
6989
6351
6382
6990
6352
6383
6991
6353
6384
6992
6354
6385
6993
6355
6386
6994
6356
6387
6995
6357
6388
6996
6389
6997
6359
6998
6360
6999
6361
7000
6362
7001
6363
7002
6364
7003
6365
7004
6366
7005
6367
7006
6368
7007
6369
7008
6370
7009
6371
7010
6372
7011
6373
7012
6374
7013
6375
7014
6376
7015
6377
7016
6378
7017
6379
7018
6380
7019
6381
7020
6382
7021
6383
7022
6384
7023
6385
7024
6386
7025
6387
7026
6388
7027
6389
7028
7029
6391
6422
7030
6392
6423
7031
6393
6424
7032
6394
6425
7033
6395
6426
7034
6396
6427
7035
6397
6428
7036
6398
6429
7037
6399
6430
7038
6400
6431
7039
6401
6432
7040
6402
6433
7041
6403
6434
7042
6404
6435
7043
6405
6436
7044
6406
6437
7045
6407
6438
7046
6408
6439
7047
6409
6440
7048
6410
6441
7049
6411
6442
7050
6412
6443
7051
6413
6444
7052
6414
6445
7053
6415
6446
7054
6416
6447
7055
6417
6448
7056
6418
6449
7057
6419
6450
7058
6420
6451
7059
6421
6452
7060
6453
7061
6423
6454
7062
6424
6455
7063
6425
6456
7064
6426
6457
7065
6427
6458
7066
6428
6459
7067
6429
6460
7068
6430
6461
7069
6431
6462
7070
6432
6463
7071
6433
6464
7072
6434
6465
7073
6435
6466
7074
6436
6467
7075
6437
6468
7076
6438
6469
7077
6439
6470
7078
6440
6471
7079
6441
6472
7080
6442
6473
7081
6443
6474
7082
6444
6475
7083
6445
6476
7084
6446
6477
7085
6447
6478
7086
6448
6479
7087
6449
6480
7088
6450
6481
7089
6451
6482
7090
6452
6483
7091
6453
6484
7092
6485
7093
6455
6486
7094
6456
6487
7095
6457
6488
7096
6458
6489
7097
6459
6490
7098
6460
6491
7099
6461
6492
7100
6462
6493
7101
6463
6494
7102
6464
6495
7103
6465
6496
7104
6466
6497
7105
6467
6498
7106
6468
6499
7107
6469
6500
7108
6470
6501
7109
6471
6502
7110
6472
6503
7111
6473
6504
7112
6474
6505
7113
6475
6506
7114
6476
6507
7115
6477
6508
7116
6478
6509
7117
6479
6510
7118
6480
6511
7119
6481
6512
7120
6482
6513
7121
6483
6514
7122
6484
6515
7123
6485
6516
7124
6517
7125
6487
6518
7126
6488
6519
7127
6489
6520
7128
6490
6521
7129
6491
6522
7130
6492
6523
7131
6493
6524
7132
6494
6525
7133
6495
6526
7134
6496
6527
7135
6497
6528
7136
6498
6529
7137
6499
6530
7138
6500
6531
7139
6501
6532
7140
6502
6533
7141
6503
6534
7142
6504
6535
7143
6505
6536
7144
6506
6537
7145
6507
6538
7146
6508
6539
7147
6509
6540
7148
6510
6541
7149
6511
6542
7150
6512
6543
7151
6513
6544
7152
6514
6545
7153
6515
6546
7154
6516
6547
7155
6517
6548
7156
6549
7157
6519
6550
7158
6520
6551
7159
6521
6552
7160
6522
6553
7161
6523
6554
7162
6524
6555
7163
6525
6556
7164
6526
6557
7165
6527
6558
7166
6528
6559
7167
6529
6560
7168
6530
6561
7169
6531
6562
7170
6532
6563
7171
6533
6564
7172
6534
6565
7173
6535
6566
7174
6536
6567
7175
6537
6568
7176
6538
6569
7177
6539
6570
7178
6540
6571
7179
6541
6572
7180
6542
6573
7181
6543
6574
7182
6544
6575
7183
6545
6576
7184
6546
6577
7185
6547
6578
7186
6548
6579
7187
6549
6580
7188
6581
7189
6551
6582
7190
6552
6583
7191
6553
6584
7192
6554
6585
7193
6555
6586
7194
6556
6587
7195
6557
6588
7196
6558
6589
7197
6559
6590
7198
6560
6591
7199
6561
6592
7200
6562
6593
7201
6563
6594
7202
6564
6595
7203
6565
6596
7204
6566
6597
7205
6567
6598
7206
6568
6599
7207
6569
6600
7208
6570
6601
7209
6571
6602
7210
6572
6603
7211
6573
6604
7212
6574
6605
7213
6575
6606
7214
6576
6607
7215
6577
6608
7216
6578
6609
7217
6579
6610
7218
6580
6611
7219
6581
6612
7220
6613
7221
6583
6614
7222
6584
6615
7223
6585
6616
7224
6586
6617
7225
6587
6618
7226
6588
6619
7227
6589
6620
7228
6590
6621
7229
6591
6622
7230
6592
6623
7231
6593
6624
7232
6594
6625
7233
6595
6626
7234
6596
6627
7235
6597
6628
7236
6598
6629
7237
6599
6630
7238
6600
6631
7239
6601
6632
7240
6602
6633
7241
6603
6634
7242
6604
6635
7243
6605
6636
7244
6606
6637
7245
6607
6638
7246
6608
6639
7247
6609
6640
7248
6610
6641
7249
6611
6642
7250
6612
6643
7251
6613
6644
7252
6645
7253
6615
6646
7254
6616
6647
7255
6617
6648
7256
6618
6649
7257
6619
6650
7258
6620
6651
7259
6621
6652
7260
6622
6653
7261
6623
6654
7262
6624
6655
7263
6625
6656
7264
6626
6657
7265
6627
6658
7266
6628
6659
7267
6629
6660
7268
6630
6661
7269
6631
6662
7270
6632
6663
7271
6633
6664
7272
6634
6665
7273
6635
6666
7274
6636
6667
7275
6637
6668
7276
6638
6669
7277
6639
6670
7278
6640
6671
7279
6641
6672
7280
6642
6673
7281
6643
6674
7282
6644
6675
7283
6645
6676
7284
6677
7285
6647
6678
7286
6648
6679
7287
6649
6680
7288
6650
6681
7289
6651
6682
7290
6652
6683
7291
6653
6684
7292
6654
6685
7293
6655
6686
7294
6656
6687
7295
12867
12868
12869
12870
6657
6688
7296
12244
12245
12246
12247
6658
6689
7297
12251
12252
12253
12254
6659
6690
7298
12258
12259
12260
12261
6660
6691
7299
12265
12266
12267
12268
6661
6692
7300
12874
12875
12876
12877
6662
6693
7301
6663
6694
7302
6664
6695
7303
6665
6696
7304
6666
6697
7305
6667
6698
7306
6668
6699
7307
6669
6700
7308
6670
6701
7309
6671
6702
7310
6672
6703
7311
6673
6704
7312
6674
6705
7313
6675
6706
7314
6676
6707
7315
6677
6708
7316
6709
7317
6679
6710
7318
6680
6711
7319
6681
6712
7320
6682
6713
7321
6683
6714
7322
6684
6715
7323
6685
6716
7324
6686
6717
7325
12881
12882
12883
12884
6687
6718
7326
11733
11734
11735
11736
6688
6719
7327
10771
10772
10773
10774
6689
6720
7328
10778
10779
10780
10781
6690
6721
7329
10422
10423
10424
10425
6691
6722
7330
10429
10430
10431
10432
6692
6723
7331
10785
10786
10787
10788
6693
6724
7332
10792
10793
10794
10795
6694
6725
7333
11740
11741
11742
11743
6695
6726
7334
12888
12889
12890
12891
6696
6727
7335
6697
6728
7336
6698
6729
7337
6699
6730
7338
6700
6731
7339
6701
6732
7340
6702
6733
7341
6703
6734
7342
6704
6735
7343
6705
6736
7344
6706
6737
7345
6707
6738
7346
6708
6739
7347
6709
6740
7348
6741
7349
6711
6742
7350
6712
6743
7351
6713
6744
7352
6714
6745
7353
6715
6746
7354
6716
6747
7355
6717
6748
7356
6718
6749
7357
12895
12896
12897
12898
6719
6750
7358
11747
11748
11749
11750
6720
6751
7359
10799
10800
10801
10802
6721
6752
7360
10806
10807
10808
10809
6722
6753
7361
10436
10437
10438
10439
6723
6754
7362
10443
10444
10445
10446
6724
6755
7363
10813
10814
10815
10816
6725
6756
7364
10820
10821
10822
10823
6726
6757
7365
11754
11755
11756
11757
6727
6758
7366
12902
12903
12904
12905
6728
6759
7367
6729
6760
7368
6730
6761
7369
6731
6762
7370
6732
6763
7371
6733
6764
7372
6734
6765
7373
6735
6766
7374
6736
6767
7375
6737
6768
7376
6738
6769
7377
6739
6770
7378
6740
6771
7379
6741
6772
7380
6773
7381
6743
6774
7382
6744
6775
7383
6745
6776
7384
6746
6777
7385
6747
6778
7386
6748
6779
7387
6749
6780
7388
6750
6781
7389
6751
6782
7390
6752
6783
7391
12909
12910
12911
12912
6753
6784
7392
12272
12273
12274
12275
6754
6785
7393
12279
12280
12281
12282
6755
6786
7394
12286
12287
12288
12289
6756
6787
7395
12293
12294
12295
12296
6757
6788
7396
12916
12917
12918
12919
6758
6789
7397
6759
6790
7398
6760
6791
7399
6761
6792
7400
6762
6793
7401
6763
6794
7402
6764
6795
7403
6765
6796
7404
6766
6797
7405
6767
6798
7406
6768
6799
7407
6769
6800
7408
6770
6801
7409
6771
6802
7410
6772
6803
7411
6773
6804
7412
6805
7413
6775
6806
7414
6776
6807
7415
6777
6808
7416
6778
6809
7417
6779
6810
7418
6780
6811
7419
6781
6812
7420
6782
6813
7421
6783
6814
7422
6784
6815
7423
6785
6816
7424
6786
6817
7425
6787
6818
7426
6788
6819
7427
6789
6820
7428
6790
6821
7429
6791
6822
7430
6792
6823
7431
6793
6824
7432
6794
6825
7433
6795
6826
7434
6796
6827
7435
6797
6828
7436
6798
6829
7437
6799
6830
7438
6800
6831
7439
6801
6832
7440
6802
6833
7441
6803
6834
7442
6804
6835
7443
6805
6836
7444
6837
7445
6807
6838
7446
6808
6839
7447
6809
6840
7448
6810
6841
7449
6811
6842
7450
6812
6843
7451
6813
6844
7452
6814
6845
7453
6815
6846
7454
6816
6847
7455
6817
6848
7456
6818
6849
7457
6819
6850
7458
6820
6851
7459
6821
6852
7460
6822
6853
7461
6823
6854
7462
6824
6855
7463
6825
6856
7464
6826
6857
7465
6827
6858
7466
6828
6859
7467
6829
6860
7468
6830
6861
7469
6831
6862
7470
6832
6863
7471
6833
6864
7472
6834
6865
7473
6835
6866
7474
6836
6867
7475
6837
6868
7476
6869
7477
6839
6870
7478
6840
6871
7479
6841
6872
7480
6842
6873
7481
6843
6874
7482
6844
6875
7483
6845
6876
7484
6846
6877
7485
6847
6878
7486
6848
6879
7487
6849
6880
7488
6850
6881
7489
6851
6882
7490
6852
6883
7491
6853
6884
7492
6854
6885
7493
6855
6886
7494
6856
6887
7495
6857
6888
7496
6858
6889
7497
6859
6890
7498
6860
6891
7499
6861
6892
7500
6862
6893
7501
6863
6894
7502
6864
6895
7503
6865
6896
7504
6866
6897
7505
6867
6898
7506
6868
6899
7507
6869
6900
7508
6901
7509
6871
6902
7510
6872
6903
7511
6873
6904
7512
6874
6905
7513
6875
6906
7514
6876
6907
7515
6877
6908
7516
6878
6909
7517
6879
6910
7518
6880
6911
7519
6881
6912
7520
6882
6913
7521
6883
6914
7522
6884
6915
7523
6885
6916
7524
6886
6917
7525
6887
6918
7526
6888
6919
7527
6889
6920
7528
6890
6921
7529
6891
6922
7530
6892
6923
7531
6893
6924
7532
6894
6925
7533
6895
6926
7534
6896
6927
7535
6897
6928
7536
6898
6929
7537
6899
6930
7538
6900
6931
7539
6901
6932
7540
6933
7541
6903
6934
7542
6904
6935
7543
6905
6936
7544
6906
6937
7545
6907
6938
7546
6908
6939
7547
6909
6940
7548
6910
6941
7549
6911
6942
7550
6912
6943
7551
6913
6944
7552
6914
6945
7553
6915
6946
7554
6916
6947
7555
6917
6948
7556
6918
6949
7557
6919
6950
7558
6920
6951
7559
6921
6952
7560
6922
6953
7561
6923
6954
7562
6924
6955
7563
6925
6956
7564
6926
6957
7565
6927
6958
7566
6928
6959
7567
6929
6960
7568
6930
6961
7569
6931
6962
7570
6932
6963
7571
6933
6964
7572
6965
7573
6935
6966
7574
6936
6967
7575
6937
6968
7576
6938
6969
7577
6939
6970
7578
6940
6971
7579
6941
6972
7580
6942
6973
7581
6943
6974
7582
6944
6975
7583
6945
6976
7584
6946
6977
7585
6947
6978
7586
6948
6979
7587
6949
6980
7588
6950
6981
7589
6951
6982
7590
6952
6983
7591
6953
6984
7592
6954
6985
7593
6955
6986
7594
6956
6987
7595
6957
6988
7596
6958
6989
7597
6959
6990
7598
6960
6991
7599
6961
6992
7600
6962
6993
7601
6963
6994
7602
6964
6995
7603
6965
6996
7604
6997
7605
6967
6998
7606
6968
6999
7607
6969
7000
7608
6970
7001
7609
6971
7002
7610
6972
7003
7611
6973
7004
7612
6974
7005
7613
6975
7006
7614
6976
7007
7615
6977
7008
7616
6978
7009
7617
6979
7010
7618
6980
7011
7619
6981
7012
7620
6982
7013
7621
6983
7014
7622
6984
7015
7623
6985
7016
7624
6986
7017
7625
6987
7018
7626
6988
7019
7627
6989
7020
7628
6990
7021
7629
6991
7022
7630
6992
7023
7631
6993
7024
7632
6994
7025
7633
6995
7026
7634
6996
7027
7635
6997
7028
7636
7029
7637
6999
7638
7000
7639
7001
7640
7002
7641
7003
7642
7004
7643
7005
7644
7006
7645
7007
7646
7008
7647
7009
7648
7010
7649
7011
7650
7012
7651
7013
7652
7014
7653
7015
7654
7016
7655
7017
7656
7018
7657
7019
7658
7020
7659
7021
7660
7022
7661
7023
7662
7024
7663
7025
7664
7026
7665
7027
7666
7028
7667
7029
7668
7669
7031
7062
7670
7032
7063
7671
7033
7064
7672
7034
7065
7673
7035
7066
7674
7036
7067
7675
7037
7068
7676
7038
7069
7677
7039
7070
7678
7040
7071
7679
7041
7072
7680
7042
7073
7681
7043
7074
7682
7044
7075
7683
7045
7076
7684
7046
7077
7685
7047
7078
7686
7048
7079
7687
7049
7080
7688
7050
7081
7689
7051
7082
7690
7052
7083
7691
7053
7084
7692
7054
7085
7693
7055
7086
7694
7056
7087
7695
7057
7088
7696
7058
7089
7697
7059
7090
7698
7060
7091
7699
7061
7092
7700
7093
7701
7063
7094
7702
7064
7095
7703
7065
7096
7704
7066
7097
7705
7067
7098
7706
7068
7099
7707
7069
7100
7708
7070
7101
7709
7071
7102
7710
7072
7103
7711
7073
7104
7712
7074
7105
7713
7075
7106
7714
7076
7107
7715
7077
7108
7716
7078
7109
7717
7079
7110
7718
7080
7111
7719
7081
7112
7720
7082
7113
7721
7083
7114
7722
7084
7115
7723
7085
7116
7724
7086
7117
7725
7087
7118
7726
7088
7119
7727
7089
7120
7728
7090
7121
7729
7091
7122
7730
7092
7123
7731
7093
7124
7732
7125
7733
7095
7126
7734
7096
7127
7735
7097
7128
7736
7098
7129
7737
7099
7130
7738
7100
7131
7739
7101
7132
7740
7102
7133
7741
7103
7134
7742
7104
7135
7743
7105
7136
7744
7106
7137
7745
7107
7138
7746
7108
7139
7747
7109
7140
7748
7110
7141
7749
7111
7142
7750
7112
7143
7751
7113
7144
7752
7114
7145
7753
7115
7146
7754
7116
7147
7755
7117
7148
7756
7118
7149
7757
7119
7150
7758
7120
7151
7759
7121
7152
7760
7122
7153
7761
7123
7154
7762
7124
7155
7763
7125
7156
7764
7157
7765
7127
7158
7766
7128
7159
7767
7129
7160
7768
7130
7161
7769
7131
7162
7770
7132
7163
7771
7133
7164
7772
7134
7165
7773
7135
7166
7774
7136
7167
7775
7137
7168
7776
7138
7169
7777
7139
7170
7778
7140
7171
7779
7141
7172
7780
7142
7173
7781
7143
7174
7782
7144
7175
7783
7145
7176
7784
7146
7177
7785
7147
7178
7786
7148
7179
7787
7149
7180
7788
7150
7181
7789
7151
7182
7790
7152
7183
7791
7153
7184
7792
7154
7185
7793
7155
7186
7794
7156
7187
7795
7157
7188
7796
7189
7797
7159
7190
7798
7160
7191
7799
7161
7192
7800
7162
7193
7801
7163
7194
7802
7164
7195
7803
7165
7196
7804
7166
7197
7805
7167
7198
7806
7168
7199
7807
7169
7200
7808
7170
7201
7809
7171
7202
7810
7172
7203
7811
7173
7204
7812
7174
7205
7813
7175
7206
7814
7176
7207
7815
7177
7208
7816
7178
7209
7817
7179
7210
7818
7180
7211
7819
7181
7212
7820
7182
7213
7821
7183
7214
7822
7184
7215
7823
7185
7216
7824
7186
7217
7825
7187
7218
7826
7188
7219
7827
7189
7220
7828
7221
7829
7191
7222
7830
7192
7223
7831
7193
7224
7832
7194
7225
7833
7195
7226
7834
7196
7227
7835
7197
7228
7836
7198
7229
7837
7199
7230
7838
7200
7231
7839
7201
7232
7840
7202
7233
7841
7203
7234
7842
7204
7235
7843
7205
7236
7844
7206
7237
7845
7207
7238
7846
7208
7239
7847
7209
7240
7848
7210
7241
7849
7211
7242
7850
7212
7243
7851
7213
7244
7852
7214
7245
7853
7215
7246
7854
7216
7247
7855
7217
7248
7856
7218
7249
7857
7219
7250
7858
7220
7251
7859
7221
7252
7860
7253
7861
7223
7254
7862
7224
7255
7863
7225
7256
7864
7226
7257
7865
7227
7258
7866
7228
7259
7867
7229
7260
7868
7230
7261
7869
7231
7262
7870
7232
7263
7871
7233
7264
7872
7234
7265
7873
7235
7266
7874
7236
7267
7875
7237
7268
7876
7238
7269
7877
7239
7270
7878
7240
7271
7879
7241
7272
7880
7242
7273
7881
7243
7274
7882
7244
7275
7883
7245
7276
7884
7246
7277
7885
7247
7278
7886
7248
7279
7887
7249
7280
7888
7250
7281
7889
7251
7282
7890
7252
7283
7891
7253
7284
7892
7285
7893
7255
7286
7894
7256
7287
7895
7257
7288
7896
7258
7289
7897
7259
7290
7898
7260
7291
7899
7261
7292
7900
7262
7293
7901
7263
7294
7902
7264
7295
7903
7265
7296
7904
7266
7297
7905
7267
7298
7906
7268
7299
7907
7269
7300
7908
7270
7301
7909
7271
7302
7910
7272
7303
7911
7273
7304
7912
7274
7305
7913
7275
7306
7914
7276
7307
7915
7277
7308
7916
7278
7309
7917
7279
7310
7918
7280
7311
7919
7281
7312
7920
7282
7313
7921
7283
7314
7922
7284
7315
7923
7285
7316
7924
7317
7925
7287
7318
7926
7288
7319
7927
7289
7320
7928
7290
7321
7929
7291
7322
7930
7292
7323
7931
7293
7324
7932
7294
7325
7933
7295
7326
7934
7296
7327
7935
7297
7328
7936
7298
7329
7937
7299
7330
7938
7300
7331
7939
7301
7332
7940
7302
7333
7941
7303
7334
7942
7304
7335
7943
7305
7336
7944
7306
7337
7945
7307
7338
7946
7308
7339
7947
7309
7340
7948
7310
7341
7949
7311
7342
7950
7312
7343
7951
7313
7344
7952
7314
7345
7953
7315
7346
7954
7316
7347
7955
7317
7348
7956
7349
7957
7319
7350
7958
7320
7351
7959
7321
7352
7960
7322
7353
7961
7323
7354
7962
7324
7355
7963
7325
7356
7964
7326
7357
7965
7327
7358
7966
7328
7359
7967
7329
7360
7968
7330
7361
7969
7331
7362
7970
7332
7363
7971
7333
7364
7972
7334
7365
7973
7335
7366
7974
7336
7367
7975
7337
7368
7976
7338
7369
7977
7339
7370
7978
7340
7371
7979
7341
7372
7980
7342
7373
7981
7343
7374
7982
7344
7375
7983
7345
7376
7984
7346
7377
7985
7347
7378
7986
7348
7379
7987
7349
7380
7988
7381
7989
7351
7382
7990
7352
7383
7991
7353
7384
7992
7354
7385
7993
7355
7386
7994
7356
7387
7995
7357
7388
7996
7358
7389
7997
7359
7390
7998
7360
7391
7999
7361
7392
8000
7362
7393
8001
7363
7394
8002
7364
7395
8003
7365
7396
8004
7366
7397
8005
7367
7398
8006
7368
7399
8007
7369
7400
8008
7370
7401
8009
7371
7402
8010
7372
7403
8011
7373
7404
8012
7374
7405
8013
7375
7406
8014
7376
7407
8015
7377
7408
8016
7378
7409
8017
7379
7410
8018
7380
7411
8019
7381
7412
8020
7413
8021
7383
7414
8022
7384
7415
8023
7385
7416
8024
7386
7417
8025
7387
7418
8026
7388
7419
8027
7389
7420
8028
7390
7421
8029
7391
7422
8030
7392
7423
8031
7393
7424
8032
7394
7425
8033
7395
7426
8034
7396
7427
8035
7397
7428
8036
7398
7429
8037
7399
7430
8038
7400
7431
8039
7401
7432
8040
7402
7433
8041
7403
7434
8042
7404
7435
8043
7405
7436
8044
7406
7437
8045
7407
7438
8046
7408
7439
8047
7409
7440
8048
7410
7441
8049
7411
7442
8050
7412
7443
8051
7413
7444
8052
7445
8053
7415
7446
8054
7416
7447
8055
7417
7448
8056
7418
7449
8057
7419
7450
8058
7420
7451
8059
7421
7452
8060
7422
7453
8061
7423
7454
8062
7424
7455
8063
7425
7456
8064
7426
7457
8065
7427
7458
8066
7428
7459
8067
7429
7460
8068
7430
7461
8069
7431
7462
8070
7432
7463
8071
7433
7464
8072
7434
7465
8073
7435
7466
8074
7436
7467
8075
7437
7468
8076
7438
7469
8077
7439
7470
8078
7440
7471
8079
7441
7472
8080
7442
7473
8081
7443
7474
8082
7444
7475
8083
7445
7476
8084
7477
8085
7447
7478
8086
7448
7479
8087
7449
7480
8088
7450
7481
8089
7451
7482
8090
7452
7483
8091
7453
7484
8092
7454
7485
8093
7455
7486
8094
7456
7487
8095
7457
7488
8096
7458
7489
8097
7459
7490
8098
7460
7491
8099
7461
7492
8100
7462
7493
8101
7463
7494
8102
7464
7495
8103
7465
7496
8104
7466
7497
8105
7467
7498
8106
7468
7499
8107
7469
7500
8108
7470
7501
8109
7471
7502
8110
7472
7503
8111
7473
7504
8112
7474
7505
8113
7475
7506
8114
7476
7507
8115
7477
7508
8116
7509
8117
7479
7510
8118
7480
7511
8119
7481
7512
8120
7482
7513
8121
7483
7514
8122
7484
7515
8123
7485
7516
8124
7486
7517
8125
7487
7518
8126
7488
7519
8127
7489
7520
8128
7490
7521
8129
7491
7522
8130
7492
7523
8131
7493
7524
8132
7494
7525
8133
7495
7526
8134
7496
7527
8135
7497
7528
8136
7498
7529
8137
7499
7530
8138
7500
7531
8139
7501
7532
8140
7502
7533
8141
7503
7534
8142
7504
7535
8143
7505
7536
8144
7506
7537
8145
7507
7538
8146
7508
7539
8147
7509
7540
8148
7541
8149
7511
7542
8150
7512
7543
8151
7513
7544
8152
7514
7545
8153
7515
7546
8154
7516
7547
8155
7517
7548
8156
7518
7549
8157
7519
7550
8158
7520
7551
8159
7521
7552
8160
7522
7553
8161
7523
7554
8162
7524
7555
8163
7525
7556
8164
7526
7557
8165
7527
7558
8166
7528
7559
8167
7529
7560
8168
7530
7561
8169
7531
7562
8170
7532
7563
8171
7533
7564
8172
7534
7565
8173
7535
7566
8174
7536
7567
8175
7537
7568
8176
7538
7569
8177
7539
7570
8178
7540
7571
8179
7541
7572
8180
7573
8181
7543
7574
8182
7544
7575
8183
7545
7576
8184
7546
7577
8185
7547
7578
8186
7548
7579
8187
7549
7580
8188
7550
7581
8189
7551
7582
8190
7552
7583
8191
7553
7584
8192
7554
7585
8193
7555
7586
8194
7556
7587
8195
7557
7588
8196
7558
7589
8197
7559
7590
8198
7560
7591
8199
7561
7592
8200
7562
7593
8201
7563
7594
8202
7564
7595
8203
7565
7596
8204
7566
7597
8205
7567
7598
8206
7568
7599
8207
7569
7600
8208
7570
7601
8209
7571
7602
8210
7572
7603
8211
7573
7604
8212
7605
8213
7575
7606
8214
7576
7607
8215
7577
7608
8216
7578
7609
8217
7579
7610
8218
7580
7611
8219
7581
7612
8220
7582
7613
8221
7583
7614
8222
7584
7615
8223
7585
7616
8224
7586
7617
8225
7587
7618
8226
7588
7619
8227
7589
7620
8228
7590
7621
8229
7591
7622
8230
7592
7623
8231
7593
7624
8232
7594
7625
8233
7595
7626
8234
7596
7627
8235
7597
7628
8236
7598
7629
8237
7599
7630
8238
7600
7631
8239
7601
7632
8240
7602
7633
8241
7603
7634
8242
7604
7635
8243
7605
7636
8244
7637
8245
7607
7638
8246
7608
7639
8247
7609
7640
8248
7610
7641
8249
7611
7642
8250
7612
7643
8251
7613
7644
8252
7614
7645
8253
7615
7646
8254
7616
7647
8255
7617
7648
8256
7618
7649
8257
7619
7650
8258
7620
7651
8259
7621
7652
8260
7622
7653
8261
7623
7654
8262
7624
7655
8263
7625
7656
8264
7626
7657
8265
7627
7658
8266
7628
7659
8267
7629
7660
8268
7630
7661
8269
7631
7662
8270
7632
7663
8271
7633
7664
8272
7634
7665
8273
7635
7666
8274
7636
7667
8275
7637
7668
8276
7669
8277
7639
8278
7640
8279
7641
8280
7642
8281
7643
8282
7644
8283
7645
8284
7646
8285
7647
8286
7648
8287
7649
8288
7650
8289
7651
8290
7652
8291
7653
8292
7654
8293
7655
8294
7656
8295
7657
8296
7658
8297
7659
8298
7660
8299
7661
8300
7662
8301
7663
8302
7664
8303
7665
8304
7666
8305
7667
8306
7668
8307
7669
8308
8309
7671
7702
8310
7672
7703
8311
7673
7704
8312
7674
7705
8313
7675
7706
8314
7676
7707
8315
7677
7708
8316
7678
7709
8317
7679
7710
8318
7680
7711
8319
7681
7712
8320
7682
7713
8321
7683
7714
8322
7684
7715
8323
7685
7716
8324
7686
7717
8325
7687
7718
8326
7688
7719
8327
7689
7720
8328
7690
7721
8329
7691
7722
8330
7692
7723
8331
7693
7724
8332
7694
7725
8333
7695
7726
8334
7696
7727
8335
7697
7728
8336
7698
7729
8337
7699
7730
8338
7700
7731
8339
7701
7732
8340
7733
8341
7703
7734
8342
7704
7735
8343
7705
7736
8344
7706
7737
8345
7707
7738
8346
7708
7739
8347
7709
7740
8348
7710
7741
8349
7711
7742
8350
7712
7743
8351
7713
7744
8352
7714
7745
8353
7715
7746
8354
7716
7747
8355
7717
7748
8356
7718
7749
8357
7719
7750
8358
7720
7751
8359
7721
7752
8360
7722
7753
8361
7723
7754
8362
7724
7755
8363
7725
7756
8364
7726
7757
8365
7727
7758
8366
7728
7759
8367
7729
7760
8368
7730
7761
8369
7731
7762
8370
7732
7763
8371
7733
7764
8372
7765
8373
7735
7766
8374
7736
7767
8375
7737
7768
8376
7738
7769
8377
7739
7770
8378
7740
7771
8379
7741
7772
8380
7742
7773
8381
7743
7774
8382
7744
7775
8383
7745
7776
8384
7746
7777
8385
7747
7778
8386
7748
7779
8387
7749
7780
8388
7750
7781
8389
7751
7782
8390
7752
7783
8391
7753
7784
8392
7754
7785
8393
7755
7786
8394
7756
7787
8395
7757
7788
8396
7758
7789
8397
7759
7790
8398
7760
7791
8399
7761
7792
8400
7762
7793
8401
7763
7794
8402
7764
7795
8403
7765
7796
8404
7797
8405
7767
7798
8406
7768
7799
8407
7769
7800
8408
7770
7801
8409
7771
7802
8410
7772
7803
8411
7773
7804
8412
7774
7805
8413
7775
7806
8414
7776
7807
8415
7777
7808
8416
7778
7809
8417
7779
7810
8418
7780
7811
8419
7781
7812
8420
7782
7813
8421
7783
7814
8422
7784
7815
8423
7785
7816
8424
7786
7817
8425
7787
7818
8426
7788
7819
8427
7789
7820
8428
7790
7821
8429
7791
7822
8430
7792
7823
8431
7793
7824
8432
7794
7825
8433
7795
7826
8434
7796
7827
8435
7797
7828
8436
7829
8437
7799
7830
8438
7800
7831
8439
7801
7832
8440
7802
7833
8441
7803
7834
8442
7804
7835
8443
7805
7836
8444
7806
7837
8445
7807
7838
8446
7808
7839
8447
7809
7840
8448
7810
7841
8449
7811
7842
8450
7812
7843
8451
7813
7844
8452
7814
7845
8453
7815
7846
8454
7816
7847
8455
7817
7848
8456
7818
7849
8457
7819
7850
8458
7820
7851
8459
7821
7852
8460
7822
7853
8461
7823
7854
8462
7824
7855
8463
7825
7856
8464
7826
7857
8465
7827
7858
8466
7828
7859
8467
7829
7860
8468
7861
8469
7831
7862
8470
7832
7863
8471
7833
7864
8472
7834
7865
8473
7835
7866
8474
7836
7867
8475
7837
7868
8476
7838
7869
8477
7839
7870
8478
7840
7871
8479
7841
7872
8480
7842
7873
8481
7843
7874
8482
7844
7875
8483
7845
7876
8484
7846
7877
8485
7847
7878
8486
7848
7879
8487
7849
7880
8488
7850
7881
8489
7851
7882
8490
7852
7883
8491
7853
7884
8492
7854
7885
8493
7855
7886
8494
7856
7887
8495
7857
7888
8496
7858
7889
8497
7859
7890
8498
7860
7891
8499
7861
7892
8500
7893
8501
7863
7894
8502
7864
7895
8503
7865
7896
8504
7866
7897
8505
7867
7898
8506
7868
7899
8507
7869
7900
8508
7870
7901
8509
7871
7902
8510
7872
7903
8511
7873
7904
8512
7874
7905
8513
7875
7906
8514
7876
7907
8515
7877
7908
8516
7878
7909
8517
7879
7910
8518
7880
7911
8519
7881
7912
8520
7882
7913
8521
7883
7914
8522
7884
7915
8523
7885
7916
8524
7886
7917
8525
7887
7918
8526
7888
7919
8527
7889
7920
8528
7890
7921
8529
7891
7922
8530
7892
7923
8531
7893
7924
8532
7925
8533
7895
7926
8534
7896
7927
8535
7897
7928
8536
7898
7929
8537
7899
7930
8538
7900
7931
8539
7901
7932
8540
7902
7933
8541
7903
7934
8542
7904
7935
8543
7905
7936
8544
7906
7937
8545
7907
7938
8546
7908
7939
8547
7909
7940
8548
7910
7941
8549
7911
7942
8550
7912
7943
8551
7913
7944
8552
7914
7945
8553
7915
7946
8554
7916
7947
8555
7917
7948
8556
7918
7949
8557
7919
7950
8558
7920
7951
8559
7921
7952
8560
7922
7953
8561
7923
7954
8562
7924
7955
8563
7925
7956
8564
7957
8565
7927
7958
8566
7928
7959
8567
7929
7960
8568
7930
7961
8569
7931
7962
8570
7932
7963
8571
7933
7964
8572
7934
7965
8573
7935
7966
8574
7936
7967
8575
7937
7968
8576
7938
7969
8577
7939
7970
8578
7940
7971
8579
7941
7972
8580
7942
7973
8581
7943
7974
8582
7944
7975
8583
7945
7976
8584
7946
7977
8585
7947
7978
8586
7948
7979
8587
7949
7980
8588
7950
7981
8589
7951
7982
8590
7952
7983
8591
7953
7984
8592
7954
7985
8593
7955
7986
8594
7956
7987
8595
7957
7988
8596
7989
8597
7959
7990
8598
7960
7991
8599
7961
7992
8600
7962
7993
8601
7963
7994
8602
7964
7995
8603
7965
7996
8604
7966
7997
8605
7967
7998
8606
7968
7999
8607
7969
8000
8608
7970
8001
8609
7971
8002
8610
7972
8003
8611
7973
8004
8612
7974
8005
8613
7975
8006
8614
7976
8007
8615
7977
8008
8616
7978
8009
8617
7979
8010
8618
7980
8011
8619
7981
8012
8620
7982
8013
8621
7983
8014
8622
7984
8015
8623
7985
8016
8624
7986
8017
8625
7987
8018
8626
7988
8019
8627
7989
8020
8628
8021
8629
7991
8022
8630
7992
8023
8631
7993
8024
8632
7994
8025
8633
7995
8026
8634
7996
8027
8635
7997
8028
8636
7998
8029
8637
7999
8030
8638
8000
8031
8639
8001
8032
8640
8002
8033
8641
8003
8034
8642
8004
8035
8643
8005
8036
8644
8006
8037
8645
8007
8038
8646
8008
8039
8647
8009
8040
8648
8010
8041
8649
8011
8042
8650
8012
8043
8651
8013
8044
8652
8014
8045
8653
8015
8046
8654
8016
8047
8655
8017
8048
8656
8018
8049
8657
8019
8050
8658
8020
8051
8659
8021
8052
8660
8053
8661
8023
8054
8662
8024
8055
8663
8025
8056
8664
8026
8057
8665
8027
8058
8666
8028
8059
8667
8029
8060
8668
8030
8061
8669
8031
8062
8670
8032
8063
8671
8033
8064
8672
8034
8065
8673
8035
8066
8674
8036
8067
8675
8037
8068
8676
8038
8069
8677
8039
8070
8678
8040
8071
8679
8041
8072
8680
8042
8073
8681
8043
8074
8682
8044
8075
8683
8045
8076
8684
8046
8077
8685
8047
8078
8686
8048
8079
8687
8049
8080
8688
8050
8081
8689
8051
8082
8690
8052
8083
8691
8053
8084
8692
8085
8693
8055
8086
8694
8056
8087
8695
8057
8088
8696
8058
8089
8697
8059
8090
8698
8060
8091
8699
8061
8092
8700
8062
8093
8701
8063
8094
8702
8064
8095
8703
8065
8096
8704
8066
8097
8705
8067
8098
8706
8068
8099
8707
8069
8100
8708
8070
8101
8709
8071
8102
8710
8072
8103
8711
8073
8104
8712
8074
8105
8713
8075
8106
8714
8076
8107
8715
8077
8108
8716
8078
8109
8717
8079
8110
8718
8080
8111
8719
8081
8112
8720
8082
8113
8721
8083
8114
8722
8084
8115
8723
8085
8116
8724
8117
8725
8087
8118
8726
8088
8119
8727
8089
8120
8728
8090
8121
8729
8091
8122
8730
8092
8123
8731
8093
8124
8732
8094
8125
8733
8095
8126
8734
8096
8127
8735
8097
8128
8736
8098
8129
8737
8099
8130
8738
8100
8131
8739
8101
8132
8740
8102
8133
8741
8103
8134
8742
8104
8135
8743
8105
8136
8744
8106
8137
8745
8107
8138
8746
8108
8139
8747
8109
8140
8748
8110
8141
8749
8111
8142
8750
8112
8143
8751
8113
8144
8752
8114
8145
8753
8115
8146
8754
8116
8147
8755
8117
8148
8756
8149
8757
8119
8150
8758
8120
8151
8759
8121
8152
8760
8122
8153
8761
8123
8154
8762
8124
8155
8763
8125
8156
8764
8126
8157
8765
8127
8158
8766
8128
8159
8767
8129
8160
8768
8130
8161
8769
8131
8162
8770
8132
8163
8771
8133
8164
8772
8134
8165
8773
8135
8166
8774
8136
8167
8775
8137
8168
8776
8138
8169
8777
8139
8170
8778
8140
8171
8779
8141
8172
8780
8142
8173
8781
8143
8174
8782
8144
8175
8783
8145
8176
8784
8146
8177
8785
8147
8178
8786
8148
8179
8787
8149
8180
8788
8181
8789
8151
8182
8790
8152
8183
8791
8153
8184
8792
8154
8185
8793
8155
8186
8794
8156
8187
8795
8157
8188
8796
8158
8189
8797
8159
8190
8798
8160
8191
8799
8161
8192
8800
8162
8193
8801
8163
8194
8802
8164
8195
8803
8165
8196
8804
8166
8197
8805
8167
8198
8806
8168
8199
8807
8169
8200
8808
8170
8201
8809
8171
8202
8810
8172
8203
8811
8173
8204
8812
8174
8205
8813
8175
8206
8814
8176
8207
8815
8177
8208
8816
8178
8209
8817
8179
8210
8818
8180
8211
8819
8181
8212
8820
8213
8821
8183
8214
8822
8184
8215
8823
8185
8216
8824
8186
8217
8825
8187
8218
8826
8188
8219
8827
8189
8220
8828
8190
8221
8829
8191
8222
8830
8192
8223
8831
8193
8224
8832
8194
8225
8833
8195
8226
8834
8196
8227
8835
8197
8228
8836
8198
8229
8837
8199
8230
8838
8200
8231
8839
8201
8232
8840
8202
8233
8841
8203
8234
8842
8204
8235
8843
8205
8236
8844
8206
8237
8845
8207
8238
8846
8208
8239
8847
8209
8240
8848
8210
8241
8849
8211
8242
8850
8212
8243
8851
8213
8244
8852
8245
8853
8215
8246
8854
8216
8247
8855
8217
8248
8856
8218
8249
8857
8219
8250
8858
8220
8251
8859
8221
8252
8860
8222
8253
8861
8223
8254
8862
8224
8255
8863
8225
8256
8864
8226
8257
8865
8227
8258
8866
8228
8259
8867
8229
8260
8868
8230
8261
8869
8231
8262
8870
8232
8263
8871
8233
8264
8872
8234
8265
8873
8235
8266
8874
8236
8267
8875
8237
8268
8876
8238
8269
8877
8239
8270
8878
8240
8271
8879
8241
8272
8880
8242
8273
8881
8243
8274
8882
8244
8275
8883
8245
8276
8884
8277
8885
8247
8278
8886
8248
8279
8887
8249
8280
8888
8250
8281
8889
8251
8282
8890
8252
8283
8891
8253
8284
8892
8254
8285
8893
8255
8286
8894
8256
8287
8895
8257
8288
8896
8258
8289
8897
8259
8290
8898
8260
8291
8899
8261
8292
8900
8262
8293
8901
8263
8294
8902
8264
8295
8903
8265
8296
8904
8266
8297
8905
8267
8298
8906
8268
8299
8907
8269
8300
8908
8270
8301
8909
8271
8302
8910
8272
8303
8911
8273
8304
8912
8274
8305
8913
8275
8306
8914
8276
8307
8915
8277
8308
8916
8309
8917
8279
8918
8280
8919
8281
8920
8282
8921
8283
8922
8284
8923
8285
8924
8286
8925
8287
8926
8288
8927
8289
8928
8290
8929
8291
8930
8292
8931
8293
8932
8294
8933
8295
8934
8296
8935
8297
8936
8298
8937
8299
8938
8300
8939
8301
8940
8302
8941
8303
8942
8304
8943
8305
8944
8306
8945
8307
8946
8308
8947
8309
8948
8949
8311
8342
8950
8312
8343
8951
8313
8344
8952
8314
8345
8953
8315
8346
8954
8316
8347
8955
8317
8348
8956
8318
8349
8957
8319
8350
8958
8320
8351
8959
8321
8352
8960
8322
8353
8961
8323
8354
8962
8324
8355
8963
8325
8356
8964
8326
8357
8965
8327
8358
8966
8328
8359
8967
8329
8360
8968
8330
8361
8969
8331
8362
8970
8332
8363
8971
8333
8364
8972
8334
8365
8973
8335
8366
8974
8336
8367
8975
8337
8368
8976
8338
8369
8977
8339
8370
8978
8340
8371
8979
8341
8372
8980
8373
8981
8343
8374
8982
8344
8375
8983
8345
8376
8984
8346
8377
8985
8347
8378
8986
8348
8379
8987
8349
8380
8988
8350
8381
8989
8351
8382
8990
8352
8383
8991
8353
8384
8992
8354
8385
8993
8355
8386
8994
8356
8387
8995
8357
8388
8996
8358
8389
8997
8359
8390
8998
8360
8391
8999
8361
8392
9000
8362
8393
9001
8363
8394
9002
8364
8395
9003
8365
8396
9004
8366
8397
9005
8367
8398
9006
8368
8399
9007
8369
8400
9008
8370
8401
9009
8371
8402
9010
8372
8403
9011
8373
8404
9012
8405
9013
8375
8406
9014
8376
8407
9015
8377
8408
9016
8378
8409
9017
8379
8410
9018
8380
8411
9019
8381
8412
9020
8382
8413
9021
8383
8414
9022
8384
8415
9023
8385
8416
9024
8386
8417
9025
8387
8418
9026
8388
8419
9027
8389
8420
9028
8390
8421
9029
8391
8422
9030
8392
8423
9031
8393
8424
9032
8394
8425
9033
8395
8426
9034
8396
8427
9035
8397
8428
9036
8398
8429
9037
8399
8430
9038
8400
8431
9039
8401
8432
9040
8402
8433
9041
8403
8434
9042
8404
8435
9043
8405
8436
9044
8437
9045
8407
8438
9046
8408
8439
9047
8409
8440
9048
8410
8441
9049
8411
8442
9050
8412
8443
9051
8413
8444
9052
8414
8445
9053
8415
8446
9054
8416
8447
9055
8417
8448
9056
8418
8449
9057
8419
8450
9058
8420
8451
9059
8421
8452
9060
8422
8453
9061
8423
8454
9062
8424
8455
9063
8425
8456
9064
8426
8457
9065
8427
8458
9066
8428
8459
9067
8429
8460
9068
8430
8461
9069
8431
8462
9070
8432
8463
9071
8433
8464
9072
8434
8465
9073
8435
8466
9074
8436
8467
9075
8437
8468
9076
8469
9077
8439
8470
9078
8440
8471
9079
8441
8472
9080
8442
8473
9081
8443
8474
9082
8444
8475
9083
8445
8476
9084
8446
8477
9085
8447
8478
9086
8448
8479
9087
8449
8480
9088
8450
8481
9089
8451
8482
9090
8452
8483
9091
8453
8484
9092
8454
8485
9093
8455
8486
9094
8456
8487
9095
8457
8488
9096
8458
8489
9097
8459
8490
9098
8460
8491
9099
8461
8492
9100
8462
8493
9101
8463
8494
9102
8464
8495
9103
8465
8496
9104
8466
8497
9105
8467
8498
9106
8468
8499
9107
8469
8500
9108
8501
9109
8471
8502
9110
8472
8503
9111
8473
8504
9112
8474
8505
9113
8475
8506
9114
8476
8507
9115
8477
8508
9116
8478
8509
9117
8479
8510
9118
8480
8511
9119
8481
8512
9120
8482
8513
9121
8483
8514
9122
8484
8515
9123
8485
8516
9124
8486
8517
9125
8487
8518
9126
8488
8519
9127
8489
8520
9128
8490
8521
9129
8491
8522
9130
8492
8523
9131
8493
8524
9132
8494
8525
9133
8495
8526
9134
8496
8527
9135
8497
8528
9136
8498
8529
9137
8499
8530
9138
8500
8531
9139
8501
8532
9140
8533
9141
8503
8534
9142
8504
8535
9143
8505
8536
9144
8506
8537
9145
8507
8538
9146
8508
8539
9147
8509
8540
9148
8510
8541
9149
8511
8542
9150
8512
8543
9151
8513
8544
9152
8514
8545
9153
8515
8546
9154
8516
8547
9155
8517
8548
9156
8518
8549
9157
8519
8550
9158
8520
8551
9159
8521
8552
9160
8522
8553
9161
8523
8554
9162
8524
8555
9163
8525
8556
9164
8526
8557
9165
8527
8558
9166
8528
8559
9167
8529
8560
9168
8530
8561
9169
8531
8562
9170
8532
8563
9171
8533
8564
9172
8565
9173
8535
8566
9174
8536
8567
9175
8537
8568
9176
8538
8569
9177
8539
8570
9178
8540
8571
9179
8541
8572
9180
8542
8573
9181
8543
8574
9182
8544
8575
9183
8545
8576
9184
8546
8577
9185
8547
8578
9186
8548
8579
9187
8549
8580
9188
8550
8581
9189
8551
8582
9190
8552
8583
9191
8553
8584
9192
8554
8585
9193
8555
8586
9194
8556
8587
9195
8557
8588
9196
8558
8589
9197
8559
8590
9198
8560
8591
9199
8561
8592
9200
8562
8593
9201
8563
8594
9202
8564
8595
9203
8565
8596
9204
8597
9205
8567
8598
9206
8568
8599
9207
8569
8600
9208
8570
8601
9209
8571
8602
9210
8572
8603
9211
8573
8604
9212
8574
8605
9213
8575
8606
9214
8576
8607
9215
8577
8608
9216
8578
8609
9217
8579
8610
9218
8580
8611
9219
8581
8612
9220
8582
8613
9221
8583
8614
9222
8584
8615
9223
8585
8616
9224
8586
8617
9225
8587
8618
9226
8588
8619
9227
8589
8620
9228
8590
8621
9229
8591
8622
9230
8592
8623
9231
8593
8624
9232
8594
8625
9233
8595
8626
9234
8596
8627
9235
8597
8628
9236
8629
9237
8599
8630
9238
8600
8631
9239
8601
8632
9240
8602
8633
9241
8603
8634
9242
8604
8635
9243
8605
8636
9244
8606
8637
9245
8607
8638
9246
8608
8639
9247
8609
8640
9248
8610
8641
9249
8611
8642
9250
8612
8643
9251
8613
8644
9252
8614
8645
9253
8615
8646
9254
8616
8647
9255
8617
8648
9256
8618
8649
9257
8619
8650
9258
8620
8651
9259
8621
8652
9260
8622
8653
9261
8623
8654
9262
8624
8655
9263
8625
8656
9264
8626
8657
9265
8627
8658
9266
8628
8659
9267
8629
8660
9268
8661
9269
8631
8662
9270
8632
8663
9271
8633
8664
9272
8634
8665
9273
8635
8666
9274
8636
8667
9275
8637
8668
9276
8638
8669
9277
8639
8670
9278
8640
8671
9279
8641
8672
9280
8642
8673
9281
8643
8674
9282
8644
8675
9283
8645
8676
9284
8646
8677
9285
8647
8678
9286
8648
8679
9287
8649
8680
9288
8650
8681
9289
8651
8682
9290
8652
8683
9291
8653
8684
9292
8654
8685
9293
8655
8686
9294
8656
8687
9295
8657
8688
9296
8658
8689
9297
8659
8690
9298
8660
8691
9299
8661
8692
9300
8693
9301
8663
8694
9302
8664
8695
9303
8665
8696
9304
8666
8697
9305
8667
8698
9306
8668
8699
9307
8669
8700
9308
8670
8701
9309
8671
8702
9310
8672
8703
9311
8673
8704
9312
8674
8705
9313
8675
8706
9314
8676
8707
9315
8677
8708
9316
8678
8709
9317
8679
8710
9318
8680
8711
9319
8681
8712
9320
8682
8713
9321
8683
8714
9322
8684
8715
9323
8685
8716
9324
8686
8717
9325
8687
8718
9326
8688
8719
9327
8689
8720
9328
8690
8721
9329
8691
8722
9330
8692
8723
9331
8693
8724
9332
8725
9333
8695
8726
9334
8696
8727
9335
8697
8728
9336
8698
8729
9337
8699
8730
9338
8700
8731
9339
8701
8732
9340
8702
8733
9341
8703
8734
9342
8704
8735
9343
8705
8736
9344
8706
8737
9345
8707
8738
9346
8708
8739
9347
8709
8740
9348
8710
8741
9349
8711
8742
9350
8712
8743
9351
8713
8744
9352
8714
8745
9353
8715
8746
9354
8716
8747
9355
8717
8748
9356
8718
8749
9357
8719
8750
9358
8720
8751
9359
8721
8752
9360
8722
8753
9361
8723
8754
9362
8724
8755
9363
8725
8756
9364
8757
9365
8727
8758
9366
8728
8759
9367
8729
8760
9368
8730
8761
9369
8731
8762
9370
8732
8763
9371
8733
8764
9372
8734
8765
9373
8735
8766
9374
8736
8767
9375
8737
8768
9376
8738
8769
9377
8739
8770
9378
8740
8771
9379
8741
8772
9380
8742
8773
9381
8743
8774
9382
8744
8775
9383
8745
8776
9384
8746
8777
9385
8747
8778
9386
8748
8779
9387
8749
8780
9388
8750
8781
9389
8751
8782
9390
8752
8783
9391
8753
8784
9392
8754
8785
9393
8755
8786
9394
8756
8787
9395
8757
8788
9396
8789
9397
8759
8790
9398
8760
8791
9399
8761
8792
9400
8762
8793
9401
8763
8794
9402
8764
8795
9403
8765
8796
9404
8766
8797
9405
8767
8798
9406
8768
8799
9407
8769
8800
9408
8770
8801
9409
8771
8802
9410
8772
8803
9411
8773
8804
9412
8774
8805
9413
8775
8806
9414
8776
8807
9415
8777
8808
9416
8778
8809
9417
8779
8810
9418
8780
8811
9419
8781
8812
9420
8782
8813
9421
8783
8814
9422
8784
8815
9423
8785
8816
9424
8786
8817
9425
8787
8818
9426
8788
8819
9427
8789
8820
9428
8821
9429
8791
8822
9430
8792
8823
9431
8793
8824
9432
8794
8825
9433
8795
8826
9434
8796
8827
9435
8797
8828
9436
8798
8829
9437
8799
8830
9438
8800
8831
9439
8801
8832
9440
8802
8833
9441
8803
8834
9442
8804
8835
9443
8805
8836
9444
8806
8837
9445
8807
8838
9446
8808
8839
9447
8809
8840
9448
8810
8841
9449
8811
8842
9450
8812
8843
9451
8813
8844
9452
8814
8845
9453
8815
8846
9454
8816
8847
9455
8817
8848
9456
8818
8849
9457
8819
8850
9458
8820
8851
9459
8821
8852
9460
8853
9461
8823
8854
9462
8824
8855
9463
8825
8856
9464
8826
8857
9465
8827
8858
9466
8828
8859
9467
8829
8860
9468
8830
8861
9469
8831
8862
9470
8832
8863
9471
8833
8864
9472
8834
8865
9473
8835
8866
9474
8836
8867
9475
8837
8868
9476
8838
8869
9477
8839
8870
9478
8840
8871
9479
8841
8872
9480
8842
8873
9481
8843
8874
9482
8844
8875
9483
8845
8876
9484
8846
8877
9485
8847
8878
9486
8848
8879
9487
8849
8880
9488
8850
8881
9489
8851
8882
9490
8852
8883
9491
8853
8884
9492
8885
9493
8855
8886
9494
8856
8887
9495
8857
8888
9496
8858
8889
9497
8859
8890
9498
8860
8891
9499
8861
8892
9500
8862
8893
9501
8863
8894
9502
8864
8895
9503
8865
8896
9504
8866
8897
9505
8867
8898
9506
8868
8899
9507
8869
8900
9508
8870
8901
9509
8871
8902
9510
8872
8903
9511
8873
8904
9512
8874
8905
9513
8875
8906
9514
8876
8907
9515
8877
8908
9516
8878
8909
9517
8879
8910
9518
8880
8911
9519
8881
8912
9520
8882
8913
9521
8883
8914
9522
8884
8915
9523
8885
8916
9524
8917
9525
8887
8918
9526
8888
8919
9527
8889
8920
9528
8890
8921
9529
8891
8922
9530
8892
8923
9531
8893
8924
9532
8894
8925
9533
8895
8926
9534
8896
8927
9535
8897
8928
9536
8898
8929
9537
8899
8930
9538
8900
8931
9539
8901
8932
9540
8902
8933
9541
8903
8934
9542
8904
8935
9543
8905
8936
9544
8906
8937
9545
8907
8938
9546
8908
8939
9547
8909
8940
9548
8910
8941
9549
8911
8942
9550
8912
8943
9551
8913
8944
9552
8914
8945
9553
8915
8946
9554
8916
8947
9555
8917
8948
9556
8949
9557
8919
9558
8920
9559
8921
9560
8922
9561
8923
9562
8924
9563
8925
9564
8926
9565
8927
9566
8928
9567
8929
9568
8930
9569
8931
9570
8932
9571
8933
9572
8934
9573
8935
9574
8936
9575
8937
9576
8938
9577
8939
9578
8940
9579
8941
9580
8942
9581
8943
9582
8944
9583
8945
9584
8946
9585
8947
9586
8948
9587
8949
9588
9589
8951
8982
9590
8952
8983
9591
8953
8984
9592
8954
8985
9593
8955
8986
9594
8956
8987
9595
8957
8988
9596
8958
8989
9597
8959
8990
9598
8960
8991
9599
8961
8992
9600
8962
8993
9601
8963
8994
9602
8964
8995
9603
8965
8996
9604
8966
8997
9605
8967
8998
9606
8968
8999
9607
8969
9000
9608
8970
9001
9609
8971
9002
9610
8972
9003
9611
8973
9004
9612
8974
9005
9613
8975
9006
9614
8976
9007
9615
8977
9008
9616
8978
9009
9617
8979
9010
9618
8980
9011
9619
8981
9012
9620
9013
9621
8983
9014
9622
8984
9015
9623
8985
9016
9624
8986
9017
9625
8987
9018
9626
8988
9019
9627
8989
9020
9628
8990
9021
9629
8991
9022
9630
8992
9023
9631
8993
9024
9632
8994
9025
9633
8995
9026
9634
8996
9027
9635
8997
9028
9636
8998
9029
9637
8999
9030
9638
9000
9031
9639
9001
9032
9640
9002
9033
9641
9003
9034
9642
9004
9035
9643
9005
9036
9644
9006
9037
9645
9007
9038
9646
9008
9039
9647
9009
9040
9648
9010
9041
9649
9011
9042
9650
9012
9043
9651
9013
9044
9652
9045
9653
9015
9046
9654
9016
9047
9655
9017
9048
9656
9018
9049
9657
9019
9050
9658
9020
9051
9659
9021
9052
9660
9022
9053
9661
9023
9054
9662
9024
9055
9663
9025
9056
9664
9026
9057
9665
9027
9058
9666
9028
9059
9667
9029
9060
9668
9030
9061
9669
9031
9062
9670
9032
9063
9671
9033
9064
9672
9034
9065
9673
9035
9066
9674
9036
9067
9675
9037
9068
9676
9038
9069
9677
9039
9070
9678
9040
9071
9679
9041
9072
9680
9042
9073
9681
9043
9074
9682
9044
9075
9683
9045
9076
9684
9077
9685
9047
9078
9686
9048
9079
9687
9049
9080
9688
9050
9081
9689
9051
9082
9690
9052
9083
9691
9053
9084
9692
9054
9085
9693
9055
9086
9694
9056
9087
9695
9057
9088
9696
9058
9089
9697
9059
9090
9698
9060
9091
9699
9061
9092
9700
9062
9093
9701
9063
9094
9702
9064
9095
9703
9065
9096
9704
9066
9097
9705
9067
9098
9706
9068
9099
9707
9069
9100
9708
9070
9101
9709
9071
9102
9710
9072
9103
9711
9073
9104
9712
9074
9105
9713
9075
9106
9714
9076
9107
9715
9077
9108
9716
9109
9717
9079
9110
9718
9080
9111
9719
9081
9112
9720
9082
9113
9721
9083
9114
9722
9084
9115
9723
9085
9116
9724
9086
9117
9725
9087
9118
9726
9088
9119
9727
9089
9120
9728
9090
9121
9729
9091
9122
9730
9092
9123
9731
9093
9124
9732
9094
9125
9733
9095
9126
9734
9096
9127
9735
9097
9128
9736
9098
9129
9737
9099
9130
9738
9100
9131
9739
9101
9132
9740
9102
9133
9741
9103
9134
9742
9104
9135
9743
9105
9136
9744
9106
9137
9745
9107
9138
9746
9108
9139
9747
9109
9140
9748
9141
9749
9111
9142
9750
9112
9143
9751
9113
9144
9752
9114
9145
9753
9115
9146
9754
9116
9147
9755
9117
9148
9756
9118
9149
9757
9119
9150
9758
9120
9151
9759
9121
9152
9760
9122
9153
9761
9123
9154
9762
9124
9155
9763
9125
9156
9764
9126
9157
9765
9127
9158
9766
9128
9159
9767
9129
9160
9768
9130
9161
9769
9131
9162
9770
9132
9163
9771
9133
9164
9772
9134
9165
9773
9135
9166
9774
9136
9167
9775
9137
9168
9776
9138
9169
9777
9139
9170
9778
9140
9171
9779
9141
9172
9780
9173
9781
9143
9174
9782
9144
9175
9783
9145
9176
9784
9146
9177
9785
9147
9178
9786
9148
9179
9787
9149
9180
9788
9150
9181
9789
9151
9182
9790
9152
9183
9791
9153
9184
9792
9154
9185
9793
9155
9186
9794
9156
9187
9795
9157
9188
9796
9158
9189
9797
9159
9190
9798
9160
9191
9799
9161
9192
9800
9162
9193
9801
9163
9194
9802
9164
9195
9803
9165
9196
9804
9166
9197
9805
9167
9198
9806
9168
9199
9807
9169
9200
9808
9170
9201
9809
9171
9202
9810
9172
9203
9811
9173
9204
9812
9205
9813
9175
9206
9814
9176
9207
9815
9177
9208
9816
9178
9209
9817
9179
9210
9818
9180
9211
9819
9181
9212
9820
9182
9213
9821
9183
9214
9822
9184
9215
9823
9185
9216
9824
9186
9217
9825
9187
9218
9826
9188
9219
9827
9189
9220
9828
9190
9221
9829
9191
9222
9830
9192
9223
9831
9193
9224
9832
9194
9225
9833
9195
9226
9834
9196
9227
9835
9197
9228
9836
9198
9229
9837
9199
9230
9838
9200
9231
9839
9201
9232
9840
9202
9233
9841
9203
9234
9842
9204
9235
9843
9205
9236
9844
9237
9845
9207
9238
9846
9208
9239
9847
9209
9240
9848
9210
9241
9849
9211
9242
9850
9212
9243
9851
9213
9244
9852
9214
9245
9853
9215
9246
9854
9216
9247
9855
9217
9248
9856
9218
9249
9857
9219
9250
9858
9220
9251
9859
9221
9252
9860
9222
9253
9861
9223
9254
9862
9224
9255
9863
9225
9256
9864
9226
9257
9865
9227
9258
9866
9228
9259
9867
9229
9260
9868
9230
9261
9869
9231
9262
9870
9232
9263
9871
9233
9264
9872
9234
9265
9873
9235
9266
9874
9236
9267
9875
9237
9268
9876
9269
9877
9239
9270
9878
9240
9271
9879
9241
9272
9880
9242
9273
9881
9243
9274
9882
9244
9275
9883
9245
9276
9884
9246
9277
9885
9247
9278
9886
9248
9279
9887
9249
9280
9888
9250
9281
9889
9251
9282
9890
9252
9283
9891
9253
9284
9892
9254
9285
9893
9255
9286
9894
9256
9287
9895
9257
9288
9896
9258
9289
9897
9259
9290
9898
9260
9291
9899
9261
9292
9900
9262
9293
9901
9263
9294
9902
9264
9295
9903
9265
9296
9904
9266
9297
9905
9267
9298
9906
9268
9299
9907
9269
9300
9908
9301
9909
9271
9302
9910
9272
9303
9911
9273
9304
9912
9274
9305
9913
9275
9306
9914
9276
9307
9915
9277
9308
9916
9278
9309
9917
9279
9310
9918
9280
9311
9919
9281
9312
9920
9282
9313
9921
9283
9314
9922
9284
9315
9923
9285
9316
9924
9286
9317
9925
9287
9318
9926
9288
9319
9927
9289
9320
9928
9290
9321
9929
9291
9322
9930
9292
9323
9931
9293
9324
9932
9294
9325
9933
9295
9326
9934
9296
9327
9935
9297
9328
9936
9298
9329
9937
9299
9330
9938
9300
9331
9939
9301
9332
9940
9333
9941
9303
9334
9942
9304
9335
9943
9305
9336
9944
9306
9337
9945
9307
9338
9946
9308
9339
9947
9309
9340
9948
9310
9341
9949
9311
9342
9950
9312
9343
9951
9313
9344
9952
9314
9345
9953
9315
9346
9954
9316
9347
9955
9317
9348
9956
9318
9349
9957
9319
9350
9958
9320
9351
9959
9321
9352
9960
9322
9353
9961
9323
9354
9962
9324
9355
9963
9325
9356
9964
9326
9357
9965
9327
9358
9966
9328
9359
9967
9329
9360
9968
9330
9361
9969
9331
9362
9970
9332
9363
9971
9333
9364
9972
9365
9973
9335
9366
9974
9336
9367
9975
9337
9368
9976
9338
9369
9977
9339
9370
9978
9340
9371
9979
9341
9372
9980
9342
9373
9981
9343
9374
9982
9344
9375
9983
9345
9376
9984
9346
9377
9985
9347
9378
9986
9348
9379
9987
9349
9380
9988
9350
9381
9989
9351
9382
9990
9352
9383
9991
9353
9384
9992
9354
9385
9993
9355
9386
9994
9356
9387
9995
9357
9388
9996
9358
9389
9997
9359
9390
9998
9360
9391
9999
9361
9392
10000
9362
9393
10001
9363
9394
10002
9364
9395
10003
9365
9396
10004
9397
10005
9367
9398
10006
9368
9399
10007
9369
9400
10008
9370
9401
10009
9371
9402
10010
9372
9403
10011
9373
9404
10012
9374
9405
10013
9375
9406
10014
9376
9407
10015
9377
9408
10016
9378
9409
10017
9379
9410
10018
9380
9411
10019
9381
9412
10020
9382
9413
10021
9383
9414
10022
9384
9415
10023
9385
9416
10024
9386
9417
10025
9387
9418
10026
9388
9419
10027
9389
9420
10028
9390
9421
10029
9391
9422
10030
9392
9423
10031
9393
9424
10032
9394
9425
10033
9395
9426
10034
9396
9427
10035
9397
9428
10036
9429
10037
9399
9430
10038
9400
9431
10039
9401
9432
10040
9402
9433
10041
9403
9434
10042
9404
9435
10043
9405
9436
10044
9406
9437
10045
9407
9438
10046
9408
9439
10047
9409
9440
10048
9410
9441
10049
9411
9442
10050
9412
9443
10051
9413
9444
10052
9414
9445
10053
9415
9446
10054
9416
9447
10055
9417
9448
10056
9418
9449
10057
9419
9450
10058
9420
9451
10059
9421
9452
10060
9422
9453
10061
9423
9454
10062
9424
9455
10063
9425
9456
10064
9426
9457
10065
9427
9458
10066
9428
9459
10067
9429
9460
10068
9461
10069
9431
9462
10070
9432
9463
10071
9433
9464
10072
9434
9465
10073
9435
9466
10074
9436
9467
10075
9437
9468
10076
9438
9469
10077
9439
9470
10078
9440
9471
10079
9441
9472
10080
9442
9473
10081
9443
9474
10082
9444
9475
10083
9445
9476
10084
9446
9477
10085
9447
9478
10086
9448
9479
10087
9449
9480
10088
9450
9481
10089
9451
9482
10090
9452
9483
10091
9453
9484
10092
9454
9485
10093
9455
9486
10094
9456
9487
10095
9457
9488
10096
9458
9489
10097
9459
9490
10098
9460
9491
10099
9461
9492
10100
9493
10101
9463
9494
10102
9464
9495
10103
9465
9496
10104
9466
9497
10105
9467
9498
10106
9468
9499
10107
9469
9500
10108
9470
9501
10109
9471
9502
10110
9472
9503
10111
9473
9504
10112
9474
9505
10113
9475
9506
10114
9476
9507
10115
9477
9508
10116
9478
9509
10117
9479
9510
10118
9480
9511
10119
9481
9512
10120
9482
9513
10121
9483
9514
10122
9484
9515
10123
9485
9516
10124
9486
9517
10125
9487
9518
10126
9488
9519
10127
9489
9520
10128
9490
9521
10129
9491
9522
10130
9492
9523
10131
9493
9524
10132
9525
10133
9495
9526
10134
9496
9527
10135
9497
9528
10136
9498
9529
10137
9499
9530
10138
9500
9531
10139
9501
9532
10140
9502
9533
10141
9503
9534
10142
9504
9535
10143
9505
9536
10144
9506
9537
10145
9507
9538
10146
9508
9539
10147
9509
9540
10148
9510
9541
10149
9511
9542
10150
9512
9543
10151
9513
9544
10152
9514
9545
10153
9515
9546
10154
9516
9547
10155
9517
9548
10156
9518
9549
10157
9519
9550
10158
9520
9551
10159
9521
9552
10160
9522
9553
10161
9523
9554
10162
9524
9555
10163
9525
9556
10164
9557
10165
9527
9558
10166
9528
9559
10167
9529
9560
10168
9530
9561
10169
9531
9562
10170
9532
9563
10171
9533
9564
10172
9534
9565
10173
9535
9566
10174
9536
9567
10175
9537
9568
10176
9538
9569
10177
9539
9570
10178
9540
9571
10179
9541
9572
10180
9542
9573
10181
9543
9574
10182
9544
9575
10183
9545
9576
10184
9546
9577
10185
9547
9578
10186
9548
9579
10187
9549
9580
10188
9550
9581
10189
9551
9582
10190
9552
9583
10191
9553
9584
10192
9554
9585
10193
9555
9586
10194
9556
9587
10195
9557
9588
10196
9589
10197
9559
10198
9560
10199
9561
10200
9562
10201
9563
10202
9564
10203
9565
10204
9566
10205
9567
10206
9568
10207
9569
10208
9570
10209
9571
10210
9572
10211
9573
10212
9574
10213
9575
10214
9576
10215
9577
10216
9578
10217
9579
10218
9580
10219
9581
10220
9582
10221
9583
10222
9584
10223
9585
10224
9586
10225
9587
10226
9588
10227
9589
10228
10229
9591
9622
9592
9623
9593
9624
9594
9625
9595
9626
9596
9627
9597
9628
9598
9629
9599
9630
9600
9631
9601
9632
9602
9633
9603
9634
9604
9635
9605
9636
9606
9637
9607
9638
9608
9639
9609
9640
9610
9641
9611
9642
9612
9643
9613
9644
9614
9645
9615
9646
9616
9647
9617
9648
9618
9649
9619
9650
9620
9651
9621
9652
9653
9623
9654
9624
9655
9625
9656
9626
9657
9627
9658
9628
9659
9629
9660
9630
9661
9631
9662
9632
9663
9633
9664
9634
9665
9635
9666
9636
9667
9637
9668
9638
9669
9639
9670
9640
9671
9641
9672
9642
9673
9643
9674
9644
9675
9645
9676
9646
9677
9647
9678
9648
9679
9649
9680
9650
9681
9651
9682
9652
9683
9653
9684
9685
9655
9686
9656
9687
9657
9688
9658
9689
9659
9690
9660
9691
9661
9692
9662
9693
9663
9694
9664
9695
9665
9696
9666
9697
9667
9698
9668
9699
9669
9700
9670
9701
9671
9702
9672
9703
9673
9704
9674
9705
9675
9706
9676
9707
9677
9708
9678
9709
9679
9710
9680
9711
9681
9712
9682
9713
9683
9714
9684
9715
9685
9716
9717
9687
9718
9688
9719
9689
9720
9690
9721
9691
9722
9692
9723
9693
9724
9694
9725
9695
9726
9696
9727
9697
9728
9698
9729
9699
9730
9700
9731
9701
9732
9702
9733
9703
9734
9704
9735
9705
9736
9706
9737
9707
9738
9708
9739
9709
9740
9710
9741
9711
9742
9712
9743
9713
9744
9714
9745
9715
9746
9716
9747
9717
9748
9749
9719
9750
9720
9751
9721
9752
9722
9753
9723
9754
9724
9755
9725
9756
9726
9757
9727
9758
9728
9759
9729
9760
9730
9761
9731
9762
9732
9763
9733
9764
9734
9765
9735
9766
9736
9767
9737
9768
9738
9769
9739
9770
9740
9771
9741
9772
9742
9773
9743
9774
9744
9775
9745
9776
9746
9777
9747
9778
9748
9779
9749
9780
9781
9751
9782
9752
9783
9753
9784
9754
9785
9755
9786
9756
9787
9757
9788
9758
9789
9759
9790
9760
9791
9761
9792
9762
9793
9763
9794
9764
9795
9765
9796
9766
9797
9767
9798
9768
9799
9769
9800
9770
9801
9771
9802
9772
9803
9773
9804
9774
9805
9775
9806
9776
9807
9777
9808
9778
9809
9779
9810
9780
9811
9781
9812
9813
9783
9814
9784
9815
9785
9816
9786
9817
9787
9818
9788
9819
9789
9820
9790
9821
9791
9822
9792
9823
9793
9824
9794
9825
9795
9826
9796
9827
9797
9828
9798
9829
9799
9830
9800
9831
9801
9832
9802
9833
9803
9834
9804
9835
9805
9836
9806
9837
9807
9838
9808
9839
9809
9840
9810
9841
9811
9842
9812
9843
9813
9844
9845
9815
9846
9816
9847
9817
9848
9818
9849
9819
9850
9820
9851
9821
9852
9822
9853
9823
9854
9824
9855
9825
9856
9826
9857
9827
9858
9828
9859
9829
9860
9830
9861
9831
9862
9832
9863
9833
9864
9834
9865
9835
9866
9836
9867
9837
9868
9838
9869
9839
9870
9840
9871
9841
9872
9842
9873
9843
9874
9844
9875
9845
9876
9877
9847
9878
9848
9879
9849
9880
9850
9881
9851
9882
9852
9883
9853
9884
9854
9885
9855
9886
9856
9887
9857
9888
9858
9889
9859
9890
9860
9891
9861
9892
9862
9893
9863
9894
9864
9895
9865
9896
9866
9897
9867
9898
9868
9899
9869
9900
9870
9901
9871
9902
9872
9903
9873
9904
9874
9905
9875
9906
9876
9907
9877
9908
9909
9879
9910
9880
9911
9881
9912
9882
9913
9883
9914
9884
9915
9885
9916
9886
9917
9887
9918
9888
9919
9889
9920
9890
9921
9891
9922
9892
9923
9893
9924
9894
9925
9895
9926
9896
9927
9897
9928
9898
9929
9899
9930
9900
9931
9901
9932
9902
9933
9903
9934
9904
9935
9905
9936
9906
9937
9907
9938
9908
9939
9909
9940
9941
9911
9942
9912
9943
9913
9944
9914
9945
9915
9946
9916
9947
9917
9948
9918
9949
9919
9950
9920
9951
9921
9952
9922
9953
9923
9954
9924
9955
9925
9956
9926
9957
9927
9958
9928
9959
9929
9960
9930
9961
9931
9962
9932
9963
9933
9964
9934
9965
9935
9966
9936
9967
9937
9968
9938
9969
9939
9970
9940
9971
9941
9972
9973
9943
9974
9944
9975
9945
9976
9946
9977
9947
9978
9948
9979
9949
9980
9950
9981
9951
9982
9952
9983
9953
9984
9954
9985
9955
9986
9956
9987
9957
9988
9958
9989
9959
9990
9960
9991
9961
9992
9962
9993
9963
9994
9964
9995
9965
9996
9966
9997
9967
9998
9968
9999
9969
10000
9970
10001
9971
10002
9972
10003
9973
10004
10005
9975
10006
9976
10007
9977
10008
9978
10009
9979
10010
9980
10011
9981
10012
9982
10013
9983
10014
9984
10015
9985
10016
9986
10017
9987
10018
9988
10019
9989
10020
9990
10021
9991
10022
9992
10023
9993
10024
9994
10025
9995
10026
9996
10027
9997
10028
9998
10029
9999
10030
10000
10031
10001
10032
10002
10033
10003
10034
10004
10035
10005
10036
10037
10007
10038
10008
10039
10009
10040
10010
10041
10011
10042
10012
10043
10013
10044
10014
10045
10015
10046
10016
10047
10017
10048
10018
10049
10019
10050
10020
10051
10021
10052
10022
10053
10023
10054
10024
10055
10025
10056
10026
10057
10027
10058
10028
10059
10029
10060
10030
10061
10031
10062
10032
10063
10033
10064
10034
10065
10035
10066
10036
10067
10037
10068
10069
10039
10070
10040
10071
10041
10072
10042
10073
10043
10074
10044
10075
10045
10076
10046
10077
10047
10078
10048
10079
10049
10080
10050
10081
10051
10082
10052
10083
10053
10084
10054
10085
10055
10086
10056
10087
10057
10088
10058
10089
10059
10090
10060
10091
10061
10092
10062
10093
10063
10094
10064
10095
10065
10096
10066
10097
10067
10098
10068
10099
10069
10100
10101
10071
10102
10072
10103
10073
10104
10074
10105
10075
10106
10076
10107
10077
10108
10078
10109
10079
10110
10080
10111
10081
10112
10082
10113
10083
10114
10084
10115
10085
10116
10086
10117
10087
10118
10088
10119
10089
10120
10090
10121
10091
10122
10092
10123
10093
10124
10094
10125
10095
10126
10096
10127
10097
10128
10098
10129
10099
10130
10100
10131
10101
10132
10133
10103
10134
10104
10135
10105
10136
10106
10137
10107
10138
10108
10139
10109
10140
10110
10141
10111
10142
10112
10143
10113
10144
10114
10145
10115
10146
10116
10147
10117
10148
10118
10149
10119
10150
10120
10151
10121
10152
10122
10153
10123
10154
10124
10155
10125
10156
10126
10157
10127
10158
10128
10159
10129
10160
10130
10161
10131
10162
10132
10163
10133
10164
10165
10135
10166
10136
10167
10137
10168
10138
10169
10139
10170
10140
10171
10141
10172
10142
10173
10143
10174
10144
10175
10145
10176
10146
10177
10147
10178
10148
10179
10149
10180
10150
10181
10151
10182
10152
10183
10153
10184
10154
10185
10155
10186
10156
10187
10157
10188
10158
10189
10159
10190
10160
10191
10161
10192
10162
10193
10163
10194
10164
10195
10165
10196
10197
10167
10198
10168
10199
10169
10200
10170
10201
10171
10202
10172
10203
10173
10204
10174
10205
10175
10206
10176
10207
10177
10208
10178
10209
10179
10210
10180
10211
10181
10212
10182
10213
10183
10214
10184
10215
10185
10216
10186
10217
10187
10218
10188
10219
10189
10220
10190
10221
10191
10222
10192
10223
10193
10224
10194
10225
10195
10226
10196
10227
10197
10228
10229
10199
10200
10201
10202
10203
10204
10205
10206
10207
10208
10209
10210
10211
10212
10213
10214
10215
10216
10217
10218
10219
10220
10221
10222
10223
10224
10225
10226
10227
10228
10229
10232
10234
12033
10232
10235
10456
10236
10238
10244
10234
10235
10458
10545
10546
10548
12036
10236
10240
10281
10904
10905
10907
12037
10236
10247
10282
10460
10911
10912
10914
10242
10248
10283
10918
10919
10921
10239
10241
12040
10239
10242
10243
10251
10462
10241
10242
10552
10553
10555
12043
10243
10284
10464
10929
10930
10932
12044
10243
10254
10285
10936
10937
10939
10255
10286
10466
10943
10944
10946
10246
10248
10246
10249
10484
10250
10252
12059
10248
10249
10486
10592
10593
10595
10250
10254
10305
11049
11050
11052
10250
10306
10488
11056
11057
11059
12062
10256
10307
11063
11064
11066
12063
10253
10255
10253
10256
10257
10490
12066
10255
10256
10599
10600
10602
10257
10308
10492
11074
11075
11077
10257
10309
11081
11082
11084
12069
10310
10494
11088
11089
11091
12070
10260
10262
12035
12089
10260
10512
10545
10547
10549
10824
10825
10828
10829
12036
10266
10281
10831
10832
10835
10836
10904
10906
10908
12037
10262
10514
10824
10826
10828
10830
12092
10268
10334
10831
10833
10835
10837
12093
10335
10516
10825
10826
10827
10270
10336
10832
10833
10834
10267
10269
12042
12096
10267
10552
10554
10556
10838
10839
10842
10843
12043
10284
10518
10845
10846
10849
10850
10929
10931
10933
12044
10269
10838
10840
10842
10844
12099
10341
10520
10845
10847
10849
10851
12100
10342
10839
10840
10841
10343
10522
10846
10847
10848
10451
10505
12298
12299
12300
10452
10533
10853
10854
10855
10278
10296
10453
10860
10861
10862
10508
10535
10867
10868
10280
10348
10509
10872
10873
10458
10512
10878
10879
10880
10459
10885
10886
10887
10282
10301
10460
10892
10893
10894
10515
10898
10904
10905
10906
10911
10912
10913
10285
10305
10918
10919
10920
10929
10930
10931
10936
10937
10938
10288
10308
10943
10944
10945
10465
10519
10954
10955
10956
10466
10961
10962
10963
10292
10311
10467
10968
10969
10970
10294
10365
10523
10976
10472
10526
12305
12306
12307
10473
10980
10981
10982
10315
10474
10566
10987
10988
10989
10529
10994
10995
10370
10530
10568
10999
11000
10479
11005
11006
11007
10480
10573
12312
12313
12314
10302
10481
10625
12319
12320
12321
10375
10576
10628
11013
11014
10304
10376
10629
11018
11019
10486
11023
11024
11025
10487
11030
11031
11032
10306
10488
10632
11037
11038
11039
10381
10635
11043
11049
11050
11051
11056
11057
11058
10309
10320
11063
11064
11065
11074
11075
11076
11081
11082
11083
10312
10327
11088
11089
11090
10493
11099
11100
11101
10494
11106
11107
11108
10316
10495
10639
11113
11114
11115
10318
10394
10643
11121
10500
11125
11126
11127
10501
12326
12327
12328
10502
10620
10646
12333
12334
12335
10399
10649
11133
11134
10400
10623
10650
11138
11139
10322
11064
11065
11068
11149
11150
11153
11154
12063
10322
10325
10634
12064
10326
10328
12065
12136
10636
11143
11144
11145
10330
10405
11150
11151
11152
10326
10406
10638
11142
11145
11147
11148
12139
10332
10407
11149
11152
11154
11155
12140
10329
11089
11090
11093
11163
11164
11167
11168
12070
10329
10332
12071
10333
10640
12072
12143
11157
11158
11159
10412
10642
11164
11165
11166
10333
10413
11156
11159
11161
11162
12146
10414
10644
11163
11166
11168
11169
12147
10338
11177
11178
11181
11182
12166
10662
11171
11172
11173
10342
11178
11179
11180
10338
10339
10664
12169
10340
10344
12170
12248
10340
10357
10666
11170
11173
11175
11176
11251
11252
11254
12249
10346
10358
11177
11180
11182
11183
11258
11259
11261
12250
10345
11191
11192
11195
11196
12173
11185
11186
11187
10668
11192
11193
11194
10345
10346
12176
10347
10670
12177
12255
10347
10361
11184
11187
11189
11190
11281
11282
11284
12256
10362
10672
11191
11194
11196
11197
11288
11289
11291
12257
10655
11199
11200
10658
10684
12340
12341
12342
10353
10659
10768
12347
12348
12349
10377
10686
10769
11205
11206
11207
10355
10378
10770
11212
11213
11214
10665
11221
11222
11223
10357
10666
10775
11228
11229
11230
10382
10776
11235
11236
11237
10359
10383
10777
11242
11243
11244
11251
11252
11253
10361
10419
11258
11259
11260
10386
10420
11265
11266
11267
10363
10387
10421
11272
11273
11274
11281
11282
11283
10366
10426
11288
11289
11290
10390
10427
11295
11296
11297
10368
10391
10428
11302
11303
11304
10669
11308
10672
11312
11313
11314
10371
10673
10782
11319
11320
11321
10395
10783
11326
11327
11328
10373
10396
10784
11333
11334
11335
10676
11340
11341
10679
12354
12355
12356
10680
10708
10789
12361
12362
12363
10401
10790
11346
11347
11348
10402
10710
10791
11353
11354
11355
10713
11360
11361
10381
10726
11365
11366
10715
11370
11371
11372
10382
10796
11377
11378
11379
10717
10729
10797
12368
12369
12370
10384
10730
10798
12375
12376
12377
11383
11389
11390
11391
10386
10803
11396
11397
11398
10736
10804
11403
11404
11405
10388
10737
10805
11410
11411
11412
11421
11422
11423
10390
10433
11428
11429
11430
10408
10434
11435
11436
11437
10392
10409
10435
11442
11443
11444
11453
11454
11455
10395
10440
11460
11461
11462
10415
10441
11467
11468
11469
10397
10416
10442
11474
11475
11476
10399
10754
11482
11486
11487
11488
10401
10810
11493
11494
11495
10757
10811
11500
11501
11502
10403
10758
10812
11507
11508
11509
11515
11516
10720
10761
11520
11521
11525
11526
11527
10722
10817
11532
11533
11534
10764
10818
12382
12383
12384
10724
10765
10819
12389
12390
12391
11539
11540
11541
10407
10410
10735
10740
10742
10744
10746
10411
10413
11538
11540
11542
11544
12220
10409
10410
10737
10740
10743
10745
10746
11435
11437
11439
10411
10415
11442
11444
11446
11538
11541
11543
11544
12276
10411
10739
12223
12277
10417
12224
12278
11546
11547
11548
10414
10417
10747
10749
10751
10753
10418
10755
11545
11547
11549
11551
12227
10416
10417
10747
10750
10752
10753
11467
11469
11471
10418
10757
11474
11476
11478
11545
11548
11550
11551
12283
10418
12230
12284
10759
12231
12285
10421
10423
11259
11260
11263
12250
10421
10424
10777
11266
11267
11270
10425
10427
10433
11273
11274
11277
10423
10424
10779
12253
10425
10429
12254
10425
10436
10781
10431
10437
10428
10430
11289
11290
11293
12257
10428
10431
11296
11297
11300
10432
10440
10783
11303
11304
11307
10430
10431
12260
10432
10785
12261
10432
10443
10444
10787
10435
10437
11429
11430
11433
10435
10438
10805
11436
11437
11440
10439
10441
11443
11444
11447
12276
10437
10438
10807
10439
10443
10439
10809
12279
10445
12280
10442
10444
11461
11462
11465
10442
10445
11468
11469
11472
10446
10811
11475
11476
11479
12283
10444
10445
10446
10813
10446
12286
10815
12287
10449
10451
12642
10449
10452
11554
10453
10455
10475
10451
10452
11556
12109
12110
12112
12645
10453
10457
12298
12299
12301
12646
10453
10478
10853
10854
10856
11558
10459
10479
10860
10861
10863
10456
10458
12026
10456
10459
10460
10482
10458
10459
10538
10539
10541
12029
10460
10878
10879
10881
12030
10460
10485
10885
10886
10888
10486
10892
10893
10895
10463
10465
12047
10463
10466
10467
10469
10489
10465
10466
10559
10560
10562
12050
10467
10471
10954
10955
10957
12051
10467
10492
10961
10962
10964
10473
10493
10968
10969
10971
10470
10472
12649
10470
10473
10474
10496
11560
10472
10473
12116
12117
12119
12652
10474
11562
12305
12306
12308
12653
10474
10499
10980
10981
10983
10500
10987
10988
10990
11564
10477
10479
10477
10480
11568
10481
10483
12682
10479
10480
10578
10579
10581
11570
10481
10485
11005
11006
11008
10481
11572
12312
12313
12315
12685
10487
12319
12320
12322
12686
10484
10486
10484
10487
10488
12052
10486
10487
10585
10586
10588
10488
11023
11024
11026
10488
11030
11031
11033
12055
11037
11038
11040
12056
10491
10493
10491
10494
10495
10497
12073
10493
10494
10606
10607
10609
10495
10499
11099
11100
11102
10495
11106
11107
11109
12076
10501
11113
11114
11116
12077
10498
10500
10498
10501
10502
11574
12689
10500
10501
10613
10614
10616
10502
11125
11126
11128
11576
10502
12326
12327
12329
12692
11578
12333
12334
12336
12693
10505
10507
12644
12698
10505
11582
12109
12111
12113
12395
12397
12398
12400
12645
10511
12298
12300
12302
12402
12404
12405
12407
12646
10507
11584
12398
12399
12400
12401
12701
10513
10653
12405
12406
12407
12408
12702
10654
11586
12395
12396
12399
10515
10655
12402
12403
12406
10512
10514
12028
12082
10512
10538
10540
10542
11758
11760
11761
11763
12029
10878
10880
10882
11765
11768
11769
11770
12030
10514
11761
11762
11763
11764
12085
10660
11766
11768
11770
11771
12086
10661
11758
11759
11762
10662
11765
11766
11767
10519
10521
12049
12103
10519
10559
10561
10563
11772
11775
11776
11777
12050
10525
10954
10956
10958
11779
11781
11782
11784
12051
10521
11773
11775
11777
11778
12106
10527
10667
11782
11783
11784
11785
12107
10668
11772
11773
11774
10529
10669
11779
11780
11783
10526
10528
12651
12705
10526
12116
12118
12120
12409
12411
12412
12414
12652
11588
12305
12307
12309
12416
12418
12419
12421
12653
10528
12412
12413
12414
12415
12708
10674
11590
12419
12420
12421
12422
12709
10675
12409
12410
12413
10676
11592
12416
12417
12420
11556
11582
11786
11788
11789
11791
11793
11795
11796
11798
12110
12111
12114
11557
11596
12424
12425
12426
10571
11558
11786
11787
11790
11585
11598
12431
12432
12433
10681
11586
11793
11794
11797
10574
11600
11801
11802
10541
10542
10543
10877
10884
10541
10542
10878
10541
10543
10885
12299
10542
10543
10898
12300
10881
10888
10882
10899
10889
10900
12303
10548
10549
10550
10903
10910
10548
10549
10904
10548
10550
10879
10911
10549
10550
10880
10924
10907
10914
10908
10925
10883
10915
10555
10556
10557
10928
10935
10555
10556
10929
10555
10557
10905
10936
10556
10557
10906
10949
10932
10939
10933
10950
10909
10940
10562
10563
10564
10953
10960
10562
10563
10954
10562
10564
10930
10961
10563
10564
10931
10974
10957
10964
10958
10975
10934
10965
11563
11589
12437
12438
12441
12442
12444
12445
12448
12449
11564
11810
11811
11814
10619
11565
11602
12438
12439
12440
11592
11817
11818
11821
10706
11593
11604
12445
12446
12447
10622
11606
11829
11830
11570
11834
11835
11838
10573
11571
11610
12122
12124
12126
12128
12451
12452
12455
12456
11572
11629
11834
11836
11837
11839
11851
11853
11854
11856
12312
12314
12316
11612
11842
11843
10712
11614
11632
12452
12453
12454
10713
11633
11851
11852
11855
10581
10582
10583
11004
12311
10581
10582
10854
11005
10581
10583
11834
12312
10582
10583
10855
11835
11008
12315
10858
11009
11011
11836
12316
10588
10589
10590
11022
11029
10588
10589
10886
11023
10588
10590
11006
11030
10589
10590
10887
11007
11026
11033
10890
11027
11010
11034
10595
10596
10597
11048
11055
10595
10596
10912
11049
10595
10597
11024
11056
10596
10597
10913
11025
11052
11059
10916
11053
11028
11060
10602
10603
10604
11073
11080
10602
10603
10937
11074
10602
10604
11050
11081
10603
10604
10938
11051
11077
11084
10941
11078
11054
11085
10609
10610
10611
11098
11105
10609
10610
10962
11099
10609
10611
11075
11106
10610
10611
10963
11076
11102
11109
10966
11103
11079
11110
10616
10617
10618
11124
12325
10616
10617
10981
11125
10616
10618
11100
12326
10617
10618
10982
11101
11128
12329
10985
11129
11104
12330
11577
12459
12460
12461
10621
11578
11615
11617
11618
11620
11868
11870
11871
11873
12333
12335
12337
11579
11623
11636
12458
12460
12462
12464
12465
12466
12469
12470
11625
11863
11864
10720
11639
11868
11869
11872
10721
11627
11640
12466
12467
12468
10627
12320
12321
12324
12479
12481
12482
12484
12686
10627
10630
11631
12687
10631
10633
12688
12766
11633
12472
12473
12476
10635
10726
12479
12480
12483
10631
10727
11635
12475
12476
12477
12478
12769
10637
10728
12482
12483
12484
12485
12770
10634
11038
11039
11042
11882
11885
11886
11887
12056
10634
10637
12057
10638
12058
12129
11875
11876
11879
10733
11882
11883
11884
10638
10734
11878
11879
11880
11881
12132
10735
11884
11886
11887
11888
12133
10641
11114
11115
11118
11896
11898
11899
11901
12077
10641
10644
12078
10645
10647
12079
12150
11889
11890
11891
10649
10754
11896
11897
11900
10645
10755
11891
11893
11894
11895
12153
10651
10756
11899
11900
11901
11902
12154
10648
12334
12335
12338
12493
12495
12496
12498
12693
10648
10651
12694
10652
11637
12695
12773
12486
12487
12490
10761
11639
12493
12494
12497
10652
10762
12489
12490
12491
12492
12776
10763
11641
12496
12497
12498
12499
12777
10657
12510
12511
12512
12513
12782
11645
12500
12501
12504
10661
12507
12508
12511
10657
10658
11647
12785
10659
10663
12786
12864
10659
11649
12340
12341
12343
12501
12502
12503
12506
12865
10665
12347
12348
12350
12508
12509
12510
12513
12866
10664
11910
11913
11915
11916
12159
11903
11904
11907
11910
11911
11912
10664
10665
12162
10666
12163
12241
10666
11221
11222
11224
11904
11905
11906
11909
12242
11228
11229
11231
11912
11913
11914
11915
12243
10671
11927
11928
11929
11930
12180
11917
11918
11919
10675
11924
11925
11928
10671
10672
12183
10673
10677
12184
12262
10673
11312
11313
11315
11919
11920
11921
11922
12263
10679
11319
11320
11322
11925
11926
11927
11930
12264
10678
12524
12525
12526
12527
12789
12514
12515
12518
11651
12521
12522
12525
10678
10679
12792
10680
11653
12793
12871
10680
12354
12355
12357
12515
12516
12517
12520
12872
11655
12361
12362
12364
12522
12523
12524
12527
12873
11645
11931
11932
11935
11659
11939
11940
10684
11648
11661
12185
12188
12190
12191
12528
12530
12532
12534
11649
11730
11932
11933
11934
11937
11949
11950
11951
11954
12340
12342
12344
10714
11663
11731
12529
12530
12531
10715
11732
11948
11949
11952
10690
10691
11198
12339
10690
10868
11199
12500
10690
10691
11932
12340
12501
11201
12343
12502
11203
11933
12344
10693
10694
11200
11221
11904
11219
11224
11905
11202
11225
10696
11173
11218
11251
11176
11249
11254
10698
11187
11248
11281
11190
11279
11284
10700
11278
11312
11919
11309
11315
11921
10704
10705
11339
12353
10704
10995
11340
12514
10704
10705
11308
12354
12515
11342
12357
12516
11310
12358
11652
12536
12537
12538
10719
11672
11960
11961
10709
11655
11665
11666
11667
11670
11966
11967
11968
11971
12361
12363
12365
11656
11674
11737
12535
12538
12540
12541
12542
12544
12546
12548
10722
11738
11965
11966
11969
10723
11676
11739
12543
12544
12545
11680
12550
12551
12552
11702
11976
11977
11980
11682
12557
12558
12559
11744
11983
11984
11987
10717
11684
11705
11745
12549
12552
12554
12555
12556
12559
12561
12562
11706
11746
11977
11978
11979
11982
11984
11985
11986
11989
12368
12369
12371
11362
11374
11973
11991
11992
11996
11997
12000
11696
11723
12564
12565
12566
12003
12004
12007
11698
11751
12571
12572
12573
10725
11726
11752
11997
11998
11999
12002
12004
12005
12006
12009
12389
12390
12392
11700
11727
11753
12563
12566
12568
12569
12570
12573
12575
12576
12577
12578
12581
10728
10731
11704
12202
12203
12204
12205
10732
10734
12580
12581
12582
12583
12850
10730
10731
11706
12200
12201
12202
12205
12368
12370
12372
10732
10736
12375
12377
12379
12578
12579
12580
12583
12906
10732
11708
12853
12907
10738
12854
12908
12010
12011
12012
10735
10738
11712
11713
11714
11715
10739
12011
12014
12015
12016
12213
10737
10738
11403
11405
11407
11710
11711
11712
11715
10739
11410
11412
11414
12012
12013
12014
12015
12269
10739
12216
12270
12217
12271
10744
10745
10746
11538
10744
10745
11144
11539
10744
10746
11145
12011
10745
10746
11416
12012
11148
11542
11417
11543
12014
10751
10752
10753
11545
10751
10752
11158
11546
10751
10753
11159
11540
10752
10753
11448
11541
11162
11549
11449
11550
11544
12017
12018
12021
10756
10759
11717
11720
11721
11722
10760
10762
12020
12021
12022
12023
12234
10758
10759
11500
11502
11504
11718
11719
11720
11721
10760
10764
11507
11509
11511
12018
12019
12020
12023
12290
10760
12237
12291
10766
12238
12292
12584
12585
12588
10763
10766
12209
12210
12211
12212
10767
11724
12587
12588
12589
12590
12857
10765
10766
12207
12208
12209
12212
12382
12384
12386
10767
11726
12389
12391
12393
12585
12586
12587
12590
12913
10767
12860
12914
11728
12861
12915
10770
10772
12348
12349
12352
12866
10770
10773
11206
11207
11210
11732
10774
10776
10796
11213
11214
11217
10772
10773
11734
12869
10774
10778
12870
10774
10799
11736
10780
10800
10777
10779
11229
11230
11233
12243
10777
10780
11236
11237
11240
10781
10803
11243
11244
11247
10779
10780
12246
10781
12247
10781
10806
10807
10784
10786
11320
11321
11324
12264
10784
10787
11327
11328
11331
10788
10790
10810
11334
11335
11338
10786
10787
12267
10788
10792
12268
10788
10813
10794
10814
10791
10793
12362
12363
12366
12873
10791
10794
11347
11348
11351
10795
10817
11354
11355
11358
11738
10793
10794
12876
10795
11740
12877
10795
10820
10821
11742
10798
10800
11378
11379
11382
10798
10801
11746
12369
12370
12373
10802
10804
12376
12377
12380
12906
10800
10801
11748
10802
10806
10802
11750
12909
10808
12910
10805
10807
11397
11398
11401
10805
10808
11404
11405
11408
10809
11411
11412
11415
12269
10807
10808
10809
10809
12272
12273
10812
10814
11494
11495
11498
10812
10815
11501
11502
11505
10816
10818
11508
11509
11512
12290
10814
10815
10816
10820
10816
12293
10822
12294
10819
10821
11533
11534
11537
10819
10822
12383
12384
12387
10823
11752
12390
12391
12394
12913
10821
10822
10823
11754
10823
12916
11756
12917
10828
10829
10830
10831
10828
10829
10924
11765
10828
10830
11171
11766
10829
10830
10834
11172
11768
10836
10925
10837
11174
10835
10836
10837
10835
10836
10839
10926
10835
10837
10840
11178
10836
10837
11179
10842
10927
11181
10842
10843
10844
10845
10842
10843
10949
10842
10844
11185
10843
10844
10848
11186
10850
10950
10851
11188
10849
10850
10851
10849
10850
10951
11772
10849
10851
11192
11773
10850
10851
11193
11775
10952
11195
10856
10857
10858
10859
12108
10856
10857
11786
12110
10856
10858
10861
10857
10858
11787
10863
12112
10876
11788
12114
10865
10863
10864
10865
12297
10863
10864
10885
12299
10863
10865
11005
10864
10865
10887
11007
12301
10889
12303
11009
10869
10870
10871
12108
10869
10870
11793
12111
12395
10869
10873
12396
10874
12113
12397
10876
11795
12114
10874
10875
12297
10874
10875
10898
12300
12402
10874
11199
12403
12302
12404
10900
12303
11807
10881
10882
10883
10891
10881
10882
10881
10883
10892
10882
10883
10901
10895
10902
10896
10888
10889
10890
10891
10888
10889
10888
10890
10893
10889
10890
10895
10897
10895
10896
10897
10895
10896
10911
10895
10897
11023
10896
10897
10913
11025
10915
11027
10899
10900
11758
10902
11760
10902
10924
11765
11769
10907
10908
10909
10917
10907
10908
10907
10909
10918
10908
10909
10926
10921
10927
10922
10914
10915
10916
10917
10914
10915
10914
10916
10919
10915
10916
10921
10923
10921
10922
10923
10921
10922
10936
10921
10923
11049
10922
10923
10938
11051
10940
11053
10925
10927
10927
10949
10932
10933
10934
10942
10932
10933
10932
10934
10943
10933
10934
10951
10946
10952
10947
10939
10940
10941
10942
10939
10940
10939
10941
10944
10940
10941
10946
10948
10946
10947
10948
10946
10947
10961
10946
10948
11074
10947
10948
10963
11076
10965
11078
10950
10952
10952
10974
10957
10958
10959
10967
10957
10958
10957
10959
10968
12117
10958
10959
10976
12118
10971
10977
10972
10978
12121
10964
10965
10966
10967
10964
10965
10964
10966
10969
10965
10966
10971
10973
10971
10972
10973
10971
10972
10980
10971
10973
11099
10972
10973
10982
11101
10984
11103
10975
11772
10977
11776
10977
10978
10994
11779
11781
10997
10983
10984
10985
10986
12115
10983
10984
12117
10983
10985
10988
10984
10985
10990
12119
12121
10992
10990
10991
10992
12304
10990
10991
11810
12306
10990
10992
11125
10991
10992
11127
11811
12308
11003
11812
12310
11129
10996
10997
10998
12115
10996
10997
12118
12409
10996
11000
12410
11001
12120
12411
12121
11001
11002
12304
11001
11002
11817
12307
12416
11001
11340
12417
12309
12418
11003
11819
12310
11825
11008
11009
11010
12318
11008
11009
11008
11010
12319
11009
11010
12322
12323
11015
11848
11015
11016
11017
12311
11015
11016
11851
12314
12472
11016
11019
11360
12473
11853
12316
11021
12317
12474
11020
11021
12318
11020
11021
11043
12321
12479
11021
11365
12480
11044
12323
12324
12481
11026
11027
11028
11036
11026
11027
11026
11028
11037
11027
11028
11040
11041
11033
11034
11035
11036
11033
11034
12319
11033
11035
11038
11034
11035
11043
12321
11040
11044
12323
11042
11045
11040
11041
11042
11040
11041
11056
11040
11042
11041
11042
11046
11058
11060
11047
11044
11045
11875
11047
11877
11047
11069
11882
11885
11052
11053
11054
11062
11052
11053
11052
11054
11063
11053
11054
11066
11067
11059
11060
11061
11062
11059
11060
11059
11061
11064
11060
11061
11069
11066
11068
11070
11066
11067
11068
11066
11067
11081
11066
11068
11067
11068
11071
11083
11085
11072
11070
11143
11072
11146
11072
11094
11150
11153
11077
11078
11079
11087
11077
11078
11077
11079
11088
11078
11079
11091
11092
11084
11085
11086
11087
11084
11085
11084
11086
11089
11085
11086
11094
11091
11093
11095
11091
11092
11093
11091
11092
11106
11091
11093
11092
11093
11096
11108
11110
11097
11095
11157
11097
11160
11097
11119
11164
11167
11102
11103
11104
11112
11102
11103
11102
11104
11113
11103
11104
11116
11117
11109
11110
11111
11112
11109
11110
11109
11111
11114
11110
11111
11119
11116
11118
11120
11116
11117
11118
11116
11117
12326
11116
11118
11117
11118
11121
12328
11122
12330
11123
11120
11889
11123
11892
11122
11123
11133
11896
11135
11898
11128
11129
11130
12332
11128
11129
11128
11130
11615
12333
11129
11130
11616
12336
11131
11617
12337
11140
11859
11135
11136
11137
12325
11135
11136
12328
12486
11136
11139
11515
12487
12330
11141
12331
12488
11140
11141
12332
11140
11141
11868
12335
12493
11141
11520
12494
11870
12337
12338
12495
11146
11147
11148
11149
11146
11147
11882
11146
11148
11151
11147
11148
11884
11153
11886
11155
11153
11154
11155
11153
11154
11157
11153
11155
11539
11154
11155
11159
11540
11161
11542
11160
11161
11162
11163
11160
11161
11160
11162
11165
11161
11162
11167
11169
11167
11168
11169
11167
11168
11889
11167
11169
11546
11168
11169
11547
11891
11893
11549
11174
11175
11176
11177
11174
11175
11910
11174
11176
11179
11175
11176
11912
11181
11913
11183
11181
11182
11183
11181
11182
11185
11181
11183
11182
11183
11187
11248
11189
11249
11188
11189
11190
11191
11188
11189
11188
11190
11193
11189
11190
11195
11197
11195
11196
11197
11195
11196
11917
11195
11197
11196
11197
11278
11919
11920
11279
11201
11202
12346
11201
12507
11201
11202
12347
12508
12350
12509
12351
11208
11945
11208
11209
11210
11211
12339
11208
11209
11370
11948
11208
11210
11949
12342
11209
11210
11214
11371
11950
12344
11216
11373
11217
12345
11215
11216
11217
12346
11215
11216
11235
11377
11215
11217
11236
12349
11216
11217
11378
11238
12351
11380
12352
11219
11228
11912
11231
11914
11224
11225
11226
11227
11234
11224
11225
12347
11224
11226
11229
11225
11226
11236
12349
11231
11238
12351
11233
11240
11231
11232
11233
11241
11231
11232
11251
11231
11233
11232
11233
11243
11253
11245
11255
11247
11238
11239
11240
11241
11238
11239
11389
11238
11240
11239
11240
11244
11390
11246
11392
11247
11245
11246
11247
11245
11246
11265
11396
11245
11247
11266
11246
11247
11397
11268
11399
11249
11258
11261
11254
11255
11256
11257
11264
11254
11255
11254
11256
11259
11255
11256
11266
11261
11268
11263
11270
11261
11262
11263
11271
11261
11262
11281
11261
11263
11262
11263
11273
11283
11275
11285
11277
11268
11269
11270
11271
11268
11269
11421
11268
11270
11269
11270
11274
11422
11276
11424
11277
11275
11276
11277
11275
11276
11295
11428
11275
11277
11296
11276
11277
11429
11298
11431
11279
11288
11291
11284
11285
11286
11287
11294
11284
11285
11284
11286
11289
11285
11286
11296
11291
11298
11293
11300
11291
11292
11293
11301
11291
11292
11312
11291
11293
11292
11293
11303
11314
11305
11316
11307
11298
11299
11300
11301
11298
11299
11453
11298
11300
11299
11300
11304
11454
11306
11456
11307
11305
11306
11307
11305
11306
11326
11460
11305
11307
11327
11306
11307
11461
11329
11463
11309
11310
11319
11925
11322
11926
11323
11315
11316
11317
11318
11325
11315
11316
11315
11317
11320
11316
11317
11327
11322
11329
11324
11331
11322
11323
11324
11332
11322
11323
12354
11322
11324
11323
11324
11334
12356
11336
12358
11338
11329
11330
11331
11332
11329
11330
11486
11329
11331
11330
11331
11335
11487
11337
11489
11338
11336
11337
11338
11336
11337
11346
11493
11336
11338
11347
11337
11338
11494
11349
11496
11342
11343
12360
11342
12521
11342
11343
11665
12361
12522
12364
12523
11344
11666
12365
11356
11956
11349
11350
11351
11352
12353
11349
11350
11525
11349
11351
12356
11350
11351
11355
11526
12358
11357
11528
11358
12359
11356
11357
11358
12360
11356
11357
11532
11965
11356
11358
11966
12363
11357
11358
11533
11967
12365
11535
12366
11362
11363
11364
12367
11363
11365
12199
11362
11363
11977
12200
12368
11978
12371
11368
12201
12372
11367
11368
12374
11368
12577
11367
11368
11383
12375
12578
11384
12378
12379
12579
11373
11374
11375
11376
12367
11373
11374
11983
11373
11375
11378
11374
11375
11984
12369
11380
11985
12371
11382
12373
11380
11381
11382
12374
11380
11381
11389
11380
11382
11381
11382
11391
12376
11393
12378
12380
11384
11385
11403
11710
11406
11387
11407
11711
11387
11410
11416
12012
11414
12013
11392
11393
11394
11395
11402
11392
11393
11392
11394
11397
11393
11394
11404
11399
11406
11401
11408
11399
11400
11401
11409
11399
11400
11421
11399
11401
11400
11401
11411
11423
11413
11425
11415
11406
11407
11408
11409
11406
11407
12375
11406
11408
12376
11407
11408
11412
12378
11414
11415
11413
11414
11415
11413
11414
11435
11413
11415
11436
11414
11415
11438
11417
11435
11419
11439
11419
11442
11448
11541
11446
11543
11424
11425
11426
11427
11434
11424
11425
11424
11426
11429
11425
11426
11436
11431
11438
11433
11440
11431
11432
11433
11441
11431
11432
11453
11431
11433
11432
11433
11443
11455
11445
11457
11447
11438
11439
11440
11441
11438
11439
11438
11440
11439
11440
11444
11446
11447
11445
11446
11447
11445
11446
11467
11445
11447
11468
11446
11447
11470
11449
11467
11451
11471
11451
11474
11480
11548
11478
11550
11456
11457
11458
11459
11466
11456
11457
11456
11458
11461
11457
11458
11468
11463
11470
11465
11472
11463
11464
11465
11473
11463
11464
11486
11463
11465
11464
11465
11475
11488
11477
11490
11479
11470
11471
11472
11473
11470
11471
11470
11472
11471
11472
11476
11478
11479
11477
11478
11479
11477
11478
11500
11477
11479
11501
11478
11479
11503
11481
11500
11718
11484
11504
11719
11483
11484
11507
11516
12018
11510
11517
11511
12019
11489
11490
11491
11492
11499
11489
11490
11489
11491
11494
11490
11491
11501
11496
11503
11498
11505
11496
11497
11498
11506
11496
11497
11525
11496
11498
11497
11498
11508
11527
11510
11529
11512
11503
11504
11505
11506
11503
11504
11503
11505
11504
11505
11509
11511
11512
11510
11511
11512
11510
11511
12382
11510
11512
12383
11511
11512
12385
11522
11536
11692
11517
11518
11519
12381
11518
11520
12206
11517
11518
12207
12382
12385
11523
12208
12386
11522
11523
12388
11523
12584
11522
11523
11997
12389
12585
11998
12392
12393
12586
11528
11529
11530
11531
12381
11528
11529
11528
11530
11533
11529
11530
12383
11535
12385
11537
12387
11535
11536
11537
12388
11535
11536
12003
11535
11537
11536
11537
12004
12390
12005
12392
12394
11542
11543
11544
11542
11543
11542
11544
11543
11544
11549
11550
11551
11549
11550
11549
11551
11717
11550
11551
11718
11720
11554
11556
11554
11557
12656
11558
11566
11556
11557
12658
11558
11558
11569
12424
12425
12427
12660
11570
11786
11790
11791
11561
11563
11561
11564
11565
11573
12662
11563
11564
11565
12664
11565
11576
11810
11814
11815
11577
12438
12439
12441
12666
11568
11570
11568
11571
12670
11572
11570
11571
12123
12124
12126
12672
11572
11834
11838
11839
11572
12674
11575
11577
11575
11578
11579
12676
11577
11578
11615
11619
11620
11579
12459
12460
12462
12678
11579
12680
11582
11584
11582
11585
12712
11586
11584
11585
12714
11586
11643
11586
11644
12431
12432
12434
12716
11645
11793
11797
11798
12395
12399
12400
11589
11591
11589
11592
11593
12718
11591
11592
11593
11650
12720
11593
11651
11817
11821
11822
12416
12420
12421
11652
12445
12446
12448
12722
11596
11598
12658
12712
11596
11599
12659
12726
11608
12424
12426
12428
12591
12593
12594
12596
12660
11598
11599
12715
12728
11657
12431
12433
12435
12592
12593
12594
12597
12716
11611
11658
12594
12595
12596
12597
12730
11612
11659
12591
12592
12595
11603
11605
12665
12719
11603
12438
12440
12442
12598
12600
12601
12603
12666
11607
11622
12667
12732
11605
12445
12447
12449
12599
12600
12601
12604
12722
11607
11671
12723
12734
11625
11672
12598
12599
12602
11626
11673
12601
12602
12603
12604
12736
11610
12124
12125
12128
12605
12607
12608
12610
12672
11610
11613
12673
12740
11614
12674
12752
11613
12608
12609
12610
12611
12742
11678
12605
12606
12609
11614
11679
12744
12755
11680
12452
12453
12455
12606
12607
12608
12611
12756
11617
11620
11617
11621
11811
11858
11618
11859
11620
11621
11860
12458
11620
11621
11814
12459
12462
11816
11861
12463
11624
11626
12679
11624
11627
12680
11628
12681
12746
12759
12612
12613
12616
11628
11695
12615
12616
12617
12618
12748
11628
11696
12466
12467
12469
12613
12614
12615
12618
12762
11697
12750
12763
11631
11633
11631
11634
12754
11635
11633
11634
12452
12454
12456
12756
11635
11702
11851
11855
11856
12472
12476
12477
11635
11703
12758
11704
11638
11640
11638
11641
11642
12760
11640
11641
11868
11872
11873
12493
12497
12498
11642
11723
12466
12468
12470
12762
11642
11724
11725
12764
11645
11647
11645
11648
12186
12188
12190
12796
11649
11932
11935
11937
12501
12504
12506
11647
11648
12798
11649
11649
12800
11652
11654
11652
11655
11665
11668
11670
12522
12525
12527
11656
12536
12538
12540
12802
11654
11655
11656
12804
11656
12806
11661
12187
12188
12191
12619
12621
12622
12624
12796
11662
12622
12623
12624
12625
12810
11678
12619
12620
12623
11661
11662
12799
12812
11663
12800
12878
11663
11681
12814
12879
11682
12529
12530
12532
12620
12621
12622
12625
12880
11666
11669
11818
11666
11670
11667
11956
11669
11670
11957
12535
11669
11670
11821
12536
11823
12539
12540
11673
11675
12803
12626
12627
12630
11677
11695
12629
12630
12631
12632
12816
11675
11676
12806
11677
12807
12818
12885
11677
11698
12543
12544
12546
12627
12628
12629
12632
12886
11699
12820
12887
12633
12634
12637
11680
11683
12824
11684
12550
12552
12554
12633
12635
12636
12638
12836
11682
11683
12826
11684
12557
12559
12561
12634
12635
12636
12639
12892
11684
12828
12839
12893
12840
12894
11688
11689
11690
11974
12549
12556
11688
11690
11843
12550
12633
11689
11690
11940
12557
12634
12553
11943
11975
12560
12554
12561
12635
11692
11694
11955
12003
11693
11998
12005
11694
11990
11999
12006
11958
11994
12008
11697
11699
12195
12196
12197
12198
11697
11700
12192
12194
12195
12197
12564
12566
12568
11701
12830
12843
11699
11700
12193
12194
12195
12198
12571
12573
12575
11701
12832
12899
11701
12846
12900
12834
12847
12901
11704
11706
11977
11980
11982
12200
12203
12205
11704
11707
12838
11708
11706
11707
12840
11708
11708
12842
11711
11714
11876
12010
11711
11715
12578
11712
12013
11714
11715
12015
11714
11715
11879
12581
11881
12016
12583
11719
11722
11890
12017
11720
11722
11891
11719
11720
11721
12019
11721
11722
12020
11895
12022
11725
11727
12565
12566
12569
11725
11728
11729
12844
11727
11728
11729
12846
11729
12848
11732
11734
11732
11735
12530
12531
12534
12880
11736
11744
11949
11952
11954
11734
11735
12882
11736
11736
11747
12884
11748
11739
11741
11739
11742
11966
11969
11971
11743
11751
12544
12545
12548
12886
11741
11742
11743
12888
11743
11754
11755
12890
11746
11748
11984
11987
11989
11746
11749
12894
11750
11748
11749
12896
11750
11750
12898
11753
11755
12572
12573
12576
11753
11756
11757
12900
11755
11756
11757
12902
11757
12904
11760
11763
12402
11760
11764
11767
11903
11761
11769
11763
11764
11770
11763
11764
11907
12406
12407
11771
11908
11768
11769
11768
11771
11910
11769
11771
11911
11770
11770
11771
11916
11775
11776
11775
11778
11917
11776
11778
11780
11918
11777
11777
11781
11778
11782
11785
11923
11781
11784
12409
11781
11785
11924
11782
11784
11785
11784
11785
11928
12413
12414
11929
11788
11791
11788
11792
11806
11835
11789
11807
11791
11792
11808
12423
11791
11792
11838
12425
12427
11809
11840
12429
11795
11798
11795
11799
11931
11796
11807
11798
11799
11808
12430
11798
11799
11935
12432
12434
11936
12436
11803
11804
11805
11808
12423
12430
11803
11804
11842
12426
12591
11803
11805
11939
12433
12592
12428
12435
12593
11809
11844
12429
12436
11807
11809
11847
11808
11809
11850
11812
11815
11812
11816
11824
11813
11825
11815
11816
11826
12437
11815
11816
12439
12441
11827
12443
11819
11822
11819
11823
11820
11825
11822
11823
11826
12444
11822
11823
12446
12448
12450
11825
11827
11858
11826
11827
11828
11832
11861
11831
11832
11833
12437
12444
11831
11832
11863
12440
12598
11831
11833
11960
12447
12599
12442
12449
12600
11865
12443
12450
11836
11839
11836
11840
11847
11837
11848
11839
11840
11849
12122
11839
11840
12123
12126
11850
12127
11844
11845
11846
11849
12122
12451
11844
11845
12125
12605
11845
11846
12453
12606
11850
12127
12128
12455
12607
12457
11848
11850
11849
11853
11850
11854
11853
11856
11853
11857
11976
11854
11856
11857
12451
11856
11857
11980
12454
12456
11981
12457
11859
11861
11860
11870
11861
11862
11871
11865
11865
11866
11867
12458
12465
11865
11866
12461
12612
11866
11867
11991
12467
12613
12463
12464
12469
12614
12471
11870
11873
11870
11874
11996
11871
11873
11874
12465
11873
11874
12000
12468
12470
12001
12471
11877
11880
12479
11877
11881
11883
11878
11885
11880
11881
11887
11880
11881
12483
12484
11888
11885
11886
11885
11888
12010
11886
11888
12011
11887
11887
11888
12016
11892
11893
11892
11895
11897
11893
11895
11894
11898
11894
11895
11899
11902
11898
11901
12486
11898
11902
12017
11899
11901
11902
11901
11902
12021
12490
12491
12022
11905
11908
11911
11905
11909
12508
11906
11914
11908
11909
11915
11908
11909
12511
11916
12513
11913
11916
11914
11916
11913
11914
11915
11915
11916
11920
11923
11921
11923
11924
11920
11921
11922
11922
11926
11923
11927
11929
11926
11929
11926
11930
12515
11927
11929
11930
11929
11930
12518
12520
11933
11936
11933
11937
11934
11945
11936
11937
11946
12185
11936
11937
12186
12189
12190
11941
11942
11943
11946
12185
12528
11941
11942
12187
12619
11942
11943
12529
12620
12189
12191
12532
12621
11947
12533
11945
11947
11948
11972
11946
11950
11947
11951
11953
11975
11950
11953
11983
11950
11954
11951
11953
11954
12528
11953
11954
11987
12531
11988
12533
12534
11956
11958
11965
11957
11967
11958
11959
11968
11964
11970
11962
11963
11964
12535
12542
11962
11963
12537
12626
11963
11964
11992
12543
12627
12539
12541
12546
12628
11994
12547
11967
11970
12003
11967
11971
11968
11970
11971
12542
11970
11971
12007
12545
12008
12547
12548
11973
11975
11983
11974
11978
11985
11975
11979
11986
11988
11978
11981
11978
11982
11979
11981
11982
12549
11981
11982
12551
12553
12555
11985
11988
11985
11989
11986
11988
11989
12556
11988
11989
12558
12560
12562
11993
11994
11995
12563
12570
11993
11995
12192
12564
11994
11995
12193
12571
12567
12574
12194
12568
12575
11998
12001
11998
12002
11999
12001
12002
12563
12001
12002
12565
12567
12569
12005
12008
12005
12009
12006
12008
12009
12570
12008
12009
12572
12574
12576
12013
12016
12014
12016
12013
12014
12015
12015
12016
12019
12022
12019
12023
12207
12020
12022
12023
12022
12023
12210
12212
12026
12028
12026
12029
12642
12030
12032
12028
12029
12644
12030
12034
12030
12646
12036
12033
12035
12033
12036
12037
12039
12035
12036
12037
12041
12037
12043
12040
12042
12040
12043
12044
12046
12042
12043
12044
12048
12044
12050
12047
12049
12047
12050
12051
12648
12049
12050
12051
12650
12051
12652
12054
12056
12054
12057
12684
12058
12060
12056
12057
12686
12058
12062
12058
12688
12064
12061
12063
12061
12064
12065
12067
12063
12064
12065
12069
12065
12071
12068
12070
12068
12071
12072
12074
12070
12071
12072
12076
12072
12078
12075
12077
12075
12078
12079
12690
12077
12078
12079
12692
12079
12694
12082
12084
12082
12085
12698
12086
12088
12084
12085
12700
12086
12090
12157
12086
12158
12702
12092
12159
12089
12091
12089
12092
12093
12095
12091
12092
12093
12097
12164
12093
12165
12099
12166
12096
12098
12096
12099
12100
12102
12098
12099
12100
12104
12171
12100
12172
12106
12173
12103
12105
12103
12106
12107
12704
12105
12106
12107
12178
12706
12107
12179
12180
12708
12112
12113
12114
12297
12112
12113
12298
12112
12114
12113
12114
12301
12302
12119
12120
12121
12304
12119
12120
12305
12119
12121
12120
12121
12308
12309
12126
12127
12128
12126
12127
12425
12126
12128
12127
12128
12426
12429
12131
12133
12131
12134
12768
12135
12137
12133
12134
12770
12135
12139
12213
12135
12214
12772
12141
12215
12138
12140
12138
12141
12142
12144
12140
12141
12142
12146
12220
12142
12221
12148
12222
12145
12147
12145
12148
12149
12151
12147
12148
12149
12153
12227
12149
12228
12155
12229
12152
12154
12152
12155
12156
12774
12154
12155
12156
12234
12776
12156
12235
12236
12778
12159
12161
12159
12162
12782
12163
12165
12161
12162
12784
12163
12167
12163
12786
12169
12166
12168
12166
12169
12170
12172
12168
12169
12170
12174
12170
12176
12173
12175
12173
12176
12177
12179
12175
12176
12177
12181
12177
12183
12180
12182
12180
12183
12184
12788
12182
12183
12184
12790
12184
12792
12189
12190
12191
12189
12190
12432
12189
12191
12433
12190
12191
12436
12194
12197
12613
12194
12198
12627
12195
12197
12198
12197
12198
12616
12630
12618
12632
12201
12204
12473
12577
12201
12205
12202
12579
12204
12205
12580
12204
12205
12476
12478
12582
12208
12211
12487
12584
12208
12212
12209
12586
12211
12212
12587
12211
12212
12490
12492
12589
12215
12217
12215
12218
12852
12219
12221
12217
12218
12854
12219
12223
12219
12856
12225
12222
12224
12222
12225
12226
12228
12224
12225
12226
12230
12226
12232
12229
12231
12229
12232
12233
12235
12231
12232
12233
12237
12233
12239
12236
12238
12236
12239
12240
12858
12238
12239
12240
12860
12240
12862
12243
12245
12243
12246
12866
12247
12249
12245
12246
12868
12247
12251
12247
12870
12253
12250
12252
12250
12253
12254
12256
12252
12253
12254
12258
12254
12260
12257
12259
12257
12260
12261
12263
12259
12260
12261
12265
12261
12267
12264
12266
12264
12267
12268
12872
12266
12267
12268
12874
12268
12876
12271
12273
12271
12274
12908
12275
12277
12273
12274
12910
12275
12279
12275
12912
12281
12278
12280
12278
12281
12282
12284
12280
12281
12282
12286
12282
12288
12285
12287
12285
12288
12289
12291
12287
12288
12289
12293
12289
12295
12292
12294
12292
12295
12296
12914
12294
12295
12296
12916
12296
12918
12301
12302
12303
12301
12302
12301
12303
12302
12303
12308
12309
12310
12308
12309
12308
12310
12309
12310
12315
12316
12317
12318
12315
12316
12315
12317
12320
12316
12317
12322
12324
12322
12323
12324
12322
12323
12322
12324
12323
12324
12329
12330
12331
12332
12329
12330
12329
12331
12334
12330
12331
12336
12338
12336
12337
12338
12336
12337
12336
12338
12337
12338
12343
12344
12345
12346
12343
12344
12343
12345
12348
12344
12345
12350
12352
12350
12351
12352
12350
12351
12350
12352
12351
12352
12357
12358
12359
12360
12357
12358
12357
12359
12362
12358
12359
12364
12366
12364
12365
12366
12364
12365
12364
12366
12365
12366
12371
12372
12373
12374
12371
12372
12371
12373
12372
12373
12377
12379
12380
12378
12379
12380
12378
12379
12378
12380
12379
12380
12385
12386
12387
12388
12385
12386
12385
12387
12386
12387
12391
12393
12394
12392
12393
12394
12392
12393
12392
12394
12393
12394
12397
12400
12397
12401
12403
12500
12398
12404
12400
12401
12405
12400
12401
12504
12408
12505
12404
12407
12404
12408
12507
12405
12407
12408
12407
12408
12511
12512
12411
12414
12411
12415
12417
12514
12412
12418
12414
12415
12419
12414
12415
12518
12422
12519
12418
12421
12418
12422
12521
12419
12421
12422
12421
12422
12525
12526
12427
12428
12429
12427
12428
12427
12429
12428
12429
12434
12435
12436
12434
12435
12434
12436
12435
12436
12441
12442
12443
12441
12442
12441
12443
12459
12442
12443
12461
12463
12448
12449
12450
12448
12449
12448
12450
12536
12449
12450
12537
12539
12455
12456
12457
12455
12456
12455
12457
12550
12456
12457
12551
12553
12462
12463
12464
12462
12463
12462
12464
12463
12464
12469
12470
12471
12469
12470
12469
12471
12564
12470
12471
12565
12567
12474
12477
12474
12478
12480
12475
12481
12477
12478
12482
12477
12478
12485
12481
12484
12481
12485
12577
12482
12484
12485
12484
12485
12581
12582
12488
12491
12488
12492
12494
12489
12495
12491
12492
12496
12491
12492
12499
12495
12498
12495
12499
12584
12496
12498
12499
12498
12499
12588
12589
12502
12505
12507
12502
12506
12503
12509
12505
12506
12510
12505
12506
12512
12509
12512
12509
12513
12510
12512
12513
12512
12513
12516
12519
12521
12516
12520
12517
12523
12519
12520
12524
12519
12520
12526
12523
12526
12523
12527
12524
12526
12527
12526
12527
12532
12533
12534
12532
12533
12557
12532
12534
12533
12534
12558
12560
12539
12540
12541
12539
12540
12539
12541
12540
12541
12546
12547
12548
12546
12547
12571
12546
12548
12547
12548
12572
12574
12553
12554
12555
12553
12554
12553
12555
12554
12555
12560
12561
12562
12560
12561
12560
12562
12561
12562
12567
12568
12569
12567
12568
12567
12569
12568
12569
12574
12575
12576
12574
12575
12574
12576
12575
12576
12579
12582
12579
12583
12580
12582
12583
12582
12583
12586
12589
12586
12590
12587
12589
12590
12589
12590
12593
12596
12605
12593
12597
12619
12594
12596
12597
12596
12597
12609
12623
12610
12624
12600
12603
12612
12600
12604
12626
12601
12603
12604
12603
12604
12616
12630
12617
12631
12607
12610
12607
12611
12633
12608
12610
12611
12610
12611
12637
12638
12614
12617
12614
12618
12615
12617
12618
12617
12618
12621
12624
12621
12625
12634
12622
12624
12625
12624
12625
12637
12639
12628
12631
12628
12632
12629
12631
12632
12631
12632
12635
12638
12635
12639
12636
12638
12639
12638
12639
12642
12644
12642
12645
12646
12644
12645
12646
12646
12649
12651
12649
12652
12653
12651
12652
12653
12653
12656
12658
12656
12659
12660
12668
12658
12659
12660
12660
12671
12672
12663
12665
12663
12666
12667
12675
12665
12666
12667
12667
12678
12679
12670
12672
12670
12673
12674
12672
12673
12674
12674
12677
12679
12677
12680
12681
12679
12680
12681
12681
12684
12686
12684
12687
12688
12686
12687
12688
12688
12691
12693
12691
12694
12695
12693
12694
12695
12695
12698
12700
12698
12701
12702
12700
12701
12702
12780
12702
12781
12782
12705
12707
12705
12708
12709
12707
12708
12709
12787
12709
12788
12789
12712
12714
12712
12715
12716
12714
12715
12716
12794
12716
12795
12796
12719
12721
12719
12722
12723
12721
12722
12723
12801
12723
12802
12803
12726
12728
12726
12729
12730
12738
12728
12729
12730
12808
12730
12741
12809
12742
12810
12733
12735
12733
12736
12737
12745
12735
12736
12737
12815
12737
12748
12816
12749
12817
12740
12742
12740
12743
12744
12742
12743
12744
12822
12744
12823
12824
12747
12749
12747
12750
12751
12749
12750
12751
12829
12751
12830
12831
12754
12756
12754
12757
12758
12756
12757
12758
12836
12758
12837
12838
12761
12763
12761
12764
12765
12763
12764
12765
12843
12765
12844
12845
12768
12770
12768
12771
12772
12770
12771
12772
12850
12772
12851
12852
12775
12777
12775
12778
12779
12777
12778
12779
12857
12779
12858
12859
12782
12784
12782
12785
12786
12784
12785
12786
12786
12789
12791
12789
12792
12793
12791
12792
12793
12793
12796
12798
12796
12799
12800
12798
12799
12800
12800
12803
12805
12803
12806
12807
12805
12806
12807
12807
12810
12812
12810
12813
12814
12822
12812
12813
12814
12814
12825
12826
12817
12819
12817
12820
12821
12829
12819
12820
12821
12821
12832
12833
12824
12826
12824
12827
12828
12826
12827
12828
12828
12831
12833
12831
12834
12835
12833
12834
12835
12835
12838
12840
12838
12841
12842
12840
12841
12842
12842
12845
12847
12845
12848
12849
12847
12848
12849
12849
12852
12854
12852
12855
12856
12854
12855
12856
12856
12859
12861
12859
12862
12863
12861
12862
12863
12863
12866
12868
12866
12869
12870
12868
12869
12870
12870
12873
12875
12873
12876
12877
12875
12876
12877
12877
12880
12882
12880
12883
12884
12892
12882
12883
12884
12884
12895
12896
12887
12889
12887
12890
12891
12899
12889
12890
12891
12891
12902
12903
12894
12896
12894
12897
12898
12896
12897
12898
12898
12901
12903
12901
12904
12905
12903
12904
12905
12905
12908
12910
12908
12911
12912
12910
12911
12912
12912
12915
12917
12915
12918
12919
12917
12918
12919
12919
)


// ************************************************************************* //
