/*--------------------------------*- C++ -*----------------------------------*\
  =========                 |
  \\      /  F ield         | OpenFOAM: The Open Source CFD Toolbox
   \\    /   O peration     | Website:  https://openfoam.org
    \\  /    A nd           | Version:  11
     \\/     M anipulation  |
\*---------------------------------------------------------------------------*/
FoamFile
{
    format      ascii;
    class       surfaceScalarField;
    location    "50";
    object      phi;
}
// * * * * * * * * * * * * * * * * * * * * * * * * * * * * * * * * * * * * * //

dimensions      [0 3 -1 0 0 0 0];

internalField   nonuniform List<scalar> 
37852
(
0.01250023791
-2.276242527e-07
-1.028256248e-08
0.01250095046
-6.812899807e-07
-3.126048949e-08
0.01250219198
-1.181516717e-06
-6.000691277e-08
0.01250404997
-1.755940753e-06
-1.020498416e-07
0.01250662043
-2.40835212e-06
-1.621086669e-07
0.01250996824
-3.105528941e-06
-2.422823491e-07
0.01251407905
-3.771415986e-06
-3.393942014e-07
0.01251877335
-4.256374588e-06
-4.379246869e-07
0.0125237027
-4.41547095e-06
-5.13872057e-07
0.01252817945
-3.958874693e-06
-5.178771974e-07
0.01253151241
-2.891552548e-06
-4.414114155e-07
0.01253271761
-1.030208166e-06
-1.749897066e-07
0.01253196274
7.464739678e-07
8.395178183e-09
0.01252931087
2.425678998e-06
2.261946934e-07
0.01252532098
3.612623148e-06
3.772680548e-07
0.01252071262
4.176725073e-06
4.316291173e-07
0.0125161824
4.134938829e-06
3.952801561e-07
0.01251223553
3.648077085e-06
2.987999253e-07
0.01250904525
2.994931175e-06
1.953410291e-07
0.01250655681
2.372333418e-06
1.161048266e-07
0.01250466005
1.837396165e-06
5.936658237e-08
0.01250326572
1.378443662e-06
1.588391899e-08
0.01250225795
1.021281289e-06
-1.35160646e-08
0.01250154327
7.470247097e-07
-3.234335825e-08
0.01250103057
5.561800308e-07
-4.34827004e-08
0.01250067243
4.104366765e-07
-5.229502669e-08
0.01250041781
3.107959094e-07
-5.617632309e-08
0.01250024338
2.308552341e-07
-5.642783589e-08
0.01250011405
1.856230971e-07
-5.629227711e-08
0.01250002023
1.496267861e-07
-5.580102755e-08
0.01249994386
1.31935014e-07
-5.556485747e-08
1.225753527e-07
-5.50390944e-08
0.01250022755
-4.426863968e-07
-1.248873119e-08
0.01250090933
-1.324936044e-06
-3.813286469e-08
0.01250210695
-2.304874481e-06
-7.426387447e-08
0.01250392188
-3.442096551e-06
-1.287671273e-07
0.01250647229
-4.749749253e-06
-2.090180516e-07
0.01250985576
-6.169448452e-06
-3.19550801e-07
0.01251408856
-7.546826437e-06
-4.573836921e-07
0.01251902384
-8.589044187e-06
-6.026125892e-07
0.01252424397
-8.919881538e-06
-7.157190141e-07
0.01252910673
-8.086072429e-06
-7.355639144e-07
0.01253261464
-5.798988477e-06
-6.004721139e-07
0.01253401176
-2.125900789e-06
-3.014308857e-07
0.01253321167
1.521836154e-06
2.472625933e-08
0.01253032572
4.971648885e-06
3.399835617e-07
0.01252597061
7.419249932e-06
5.484875679e-07
0.0125209918
8.538943403e-06
6.165839968e-07
0.0125162043
8.371002854e-06
5.514362034e-07
0.01251215326
7.296340606e-06
4.027754093e-07
0.01250896278
5.927296065e-06
2.581134454e-07
0.01250651386
4.65945167e-06
1.618047372e-07
0.01250467057
3.58293616e-06
9.775157203e-08
0.01250333664
2.662288704e-06
5.008080154e-08
0.01250238715
1.950170371e-06
2.060214984e-08
0.01250171991
1.409783527e-06
4.477834563e-09
0.01250124574
1.035548877e-06
-5.20387671e-09
0.01250091689
7.50474155e-07
-1.11862644e-08
0.01250068294
5.60207152e-07
-1.545798313e-08
0.01250051932
4.134799487e-07
-1.900169724e-08
0.01250039529
3.318551093e-07
-2.220626672e-08
0.01250030476
2.656361469e-07
-2.548251466e-08
0.0125002293
2.356199078e-07
-2.821978487e-08
2.140282998e-07
-3.054954281e-08
0.01250020573
-6.312848588e-07
-1.713617847e-08
0.01250082279
-1.889317338e-06
-5.267824546e-08
0.01250192649
-3.303717077e-06
-1.048514728e-07
0.01250364489
-4.973448312e-06
-1.87051226e-07
0.01250614154
-6.933095921e-06
-3.132971114e-07
0.01250958019
-9.113639239e-06
-4.944637238e-07
0.01251405613
-1.129269056e-05
-7.300756457e-07
0.01251947627
-1.302094792e-05
-9.882313067e-07
0.01252541554
-1.366071842e-05
-1.198440515e-06
0.0125310348
-1.246393574e-05
-1.241393516e-06
0.01253519658
-8.950408754e-06
-1.010362271e-06
0.01253687398
-3.315527226e-06
-4.877660153e-07
0.01253583107
2.469632956e-06
9.510501623e-08
0.01253235203
7.822971929e-06
6.27720262e-07
0.01252721908
1.158370701e-05
9.684903881e-07
0.01252147836
1.321514953e-05
1.064514103e-06
0.0125161672
1.276369319e-05
9.184702188e-07
0.01251192216
1.091746134e-05
6.239193625e-07
0.01250874223
8.748818731e-06
3.584100734e-07
0.01250637148
6.839342366e-06
1.908608991e-07
0.01250463255
5.246027887e-06
7.583510817e-08
0.01250341041
3.900336582e-06
-1.590618186e-08
0.01250256744
2.866304663e-06
-7.316979491e-08
0.0125019858
2.096854373e-06
-1.054306508e-07
0.01250158355
1.558641916e-06
-1.208445282e-07
0.01250130709
1.155732842e-06
-1.288000543e-07
0.01250111947
8.78519673e-07
-1.306864145e-07
0.01250098927
6.730355254e-07
-1.293578047e-07
0.0125009002
5.462435008e-07
-1.253195189e-07
0.01250083634
4.510686724e-07
-1.215691756e-07
0.01250078501
4.034635258e-07
-1.165162217e-07
3.855197819e-07
-1.107441109e-07
0.01250017062
-7.772767204e-07
-2.463041155e-08
0.01250068373
-2.326123378e-06
-7.630097265e-08
0.01250163261
-4.09697653e-06
-1.556231869e-07
0.0125031819
-6.236383105e-06
-2.863556073e-07
0.01250556269
-8.817805121e-06
-4.960748563e-07
0.01250904543
-1.178616473e-05
-8.102142662e-07
0.01251386203
-1.487316155e-05
-1.236128538e-06
0.0125200322
-1.746819565e-05
-1.722928869e-06
0.01252711356
-1.861020535e-05
-2.13186732e-06
0.01253404402
-1.716642665e-05
-2.22797567e-06
0.01253924855
-1.235915384e-05
-1.795777317e-06
0.01254125638
-4.501278924e-06
-8.220774008e-07
0.01253983578
3.63695925e-06
2.532709274e-07
0.01253539617
1.105442691e-05
1.208158387e-06
0.01252900338
1.61775431e-05
1.798952374e-06
0.01252205252
1.822417462e-05
1.941840211e-06
0.01251595809
1.722073317e-05
1.637382371e-06
0.01251148717
1.430189281e-05
1.086495022e-06
0.01250837805
1.120397967e-05
6.539589383e-07
0.01250616939
8.622020034e-06
4.259811912e-07
0.01250462365
6.510773284e-06
2.80988953e-07
0.01250360029
4.756592983e-06
1.671084294e-07
0.01250293003
3.435448822e-06
1.011105608e-07
0.0125024813
2.482133882e-06
6.345229494e-08
0.0125021735
1.82654626e-06
3.988790839e-08
0.01250196271
1.34985764e-06
1.667467947e-08
0.01250181639
1.025222997e-06
-3.926402677e-10
0.01250171348
7.92107163e-07
-1.615728965e-08
0.01250163681
6.502940231e-07
-2.738150997e-08
0.01250157906
5.475293475e-07
-3.87068063e-08
0.01250154378
4.820324629e-07
-4.328395693e-08
4.340797331e-07
-5.452280644e-08
0.01250012055
-8.624209256e-07
-3.540769467e-08
0.01250048549
-2.580625043e-06
-1.104375583e-07
0.01250120667
-4.586848251e-06
-2.313058778e-07
0.01250248961
-7.079785268e-06
-4.395414371e-07
0.01250465227
-1.019175142e-05
-7.887080117e-07
0.01250811595
-1.391517113e-05
-1.334680251e-06
0.01251333151
-1.797976268e-05
-2.108951666e-06
0.01252051574
-2.162314665e-05
-3.029279874e-06
0.01252928114
-2.353532733e-05
-3.840278769e-06
0.01253816685
-2.20042652e-05
-4.047868436e-06
0.01254482877
-1.580900215e-05
-3.212073605e-06
0.01254726884
-5.558695029e-06
-1.382651193e-06
0.01254529422
5.014024307e-06
5.975495614e-07
0.01253945965
1.456877674e-05
2.320223342e-06
0.01253117266
2.112331316e-05
3.341224541e-06
0.01252247486
2.338545687e-05
3.536518798e-06
0.01251534276
2.153960405e-05
2.813224631e-06
0.01251065737
1.73416557e-05
1.645633305e-06
0.01250768621
1.336438833e-05
8.107504688e-07
0.01250570155
1.022278601e-05
3.838880185e-07
0.01250440825
7.702431378e-06
1.016431687e-07
0.01250364318
5.632710041e-06
-1.110518779e-07
0.01250320298
4.096676432e-06
-2.210224876e-07
0.01250294471
3.001849599e-06
-2.614507845e-07
0.01250278996
2.244817428e-06
-2.635201594e-07
0.01250270217
1.691019826e-06
-2.533665848e-07
0.01250265501
1.309258069e-06
-2.36880105e-07
0.0125026283
1.035159169e-06
-2.163363929e-07
0.01250261717
8.611142671e-07
-1.996896646e-07
0.01250261129
7.346826809e-07
-1.812709639e-07
0.01250258537
6.794013916e-07
-1.714477215e-07
6.955391449e-07
-1.631370836e-07
0.01250005391
-8.666588653e-07
-4.967552379e-08
0.01250022713
-2.598016533e-06
-1.558259642e-07
0.01250064133
-4.665742312e-06
-3.353051924e-07
0.01250153907
-7.318594487e-06
-6.589252499e-07
0.01250333598
-1.07615556e-05
-1.227109283e-06
0.0125066475
-1.507075768e-05
-2.15593928e-06
0.0125122469
-2.003999647e-05
-3.539158936e-06
0.01252068256
-2.480690211e-05
-5.251908218e-06
0.01253172434
-2.773175743e-05
-6.845347706e-06
0.01254336135
-2.637015357e-05
-7.271122909e-06
0.0125519964
-1.879470109e-05
-5.649344653e-06
0.01255495685
-6.256718896e-06
-2.262426994e-06
0.0125521825
6.496417808e-06
1.291952157e-06
0.01254450199
1.784751618e-05
4.401769799e-06
0.01253355745
2.599363572e-05
6.074225929e-06
0.01252250645
2.798389241e-05
6.452566937e-06
0.01251414718
2.482396526e-05
5.074906327e-06
0.01250942459
1.906854466e-05
2.995700116e-06
0.01250680097
1.429103559e-05
1.696974265e-06
0.01250520852
1.070215085e-05
1.113083018e-06
0.01250429075
7.894469483e-06
7.257379072e-07
0.01250385135
5.663994248e-06
4.081119565e-07
0.01250365211
4.082803934e-06
2.131113211e-07
0.01250355177
3.00823916e-06
9.395392592e-08
0.01250350234
2.285508154e-06
8.736564592e-09
0.01250347907
1.783031381e-06
-6.874381388e-08
0.01250347491
1.432264042e-06
-1.18843029e-07
0.01250346868
1.209198779e-06
-1.678107052e-07
0.0125034748
1.049869724e-06
-1.948729408e-07
0.01250347399
9.511233126e-07
-2.156304586e-07
0.01250351528
8.700885636e-07
-2.319768593e-07
7.853863677e-07
-2.458572942e-07
0.01249997768
-7.784427277e-07
-6.589341861e-08
0.01249992163
-2.330965585e-06
-2.110069596e-07
0.0124999574
-4.234938701e-06
-4.665686526e-07
0.01250034769
-6.760564675e-06
-9.483206675e-07
0.01250159975
-1.017755099e-05
-1.836060398e-06
0.0125045528
-1.466756738e-05
-3.356244877e-06
0.01251041774
-2.016390858e-05
-5.741024315e-06
0.0125202509
-2.581366915e-05
-8.826397154e-06
0.01253419675
-2.979131228e-05
-1.188629406e-05
0.01254946914
-2.889265724e-05
-1.274989007e-05
0.01256064539
-2.034306069e-05
-9.627881504e-06
0.01256421937
-6.272932587e-06
-3.55776561e-06
0.01256045543
7.586104821e-06
2.674247496e-06
0.01255020689
2.01344892e-05
7.961570201e-06
0.01253608923
2.905441852e-05
1.105688421e-05
0.01252190799
3.093364691e-05
1.123147955e-05
0.01251208765
2.653259606e-05
8.111714971e-06
0.01250742871
1.961649263e-05
4.110991156e-06
0.01250524842
1.46102475e-05
1.861074151e-06
0.01250416788
1.090423093e-05
8.784612965e-07
0.01250376668
8.018268032e-06
2.774018134e-07
0.01250381389
5.724265634e-06
-1.074805278e-07
0.01250400387
4.134524273e-06
-2.416986268e-07
0.01250420732
3.018806322e-06
-2.140162792e-07
0.01250438163
2.267324637e-06
-1.56121546e-07
0.01250452978
1.733068637e-06
-9.819292871e-08
0.01250464053
1.371929103e-06
-5.04120576e-08
0.01250472252
1.135132343e-06
-7.916590284e-09
0.01250478284
9.661154411e-07
2.342762521e-08
0.0125048324
8.576420085e-07
4.393172426e-08
0.01250481718
8.281379279e-07
5.717156811e-08
9.133063691e-07
6.261868271e-08
0.01249989487
-5.898883331e-07
-8.342495108e-08
0.01249960259
-1.769550064e-06
-2.6913169e-07
0.01249922822
-3.248666046e-06
-6.119075292e-07
0.0124990272
-5.273055566e-06
-1.286489493e-06
0.01249956883
-8.126795132e-06
-2.592379231e-06
0.01250191097
-1.206853681e-05
-4.94117856e-06
0.01250780745
-1.721906144e-05
-8.841327027e-06
0.0125190318
-2.292866941e-05
-1.410934249e-05
0.01253645042
-2.751092463e-05
-1.96990123e-05
0.01255608663
-2.723396125e-05
-2.129490687e-05
0.01257012295
-1.880924987e-05
-1.557013105e-05
0.01257430273
-5.004794228e-06
-5.447915949e-06
0.01256939361
7.619206574e-06
4.876024545e-06
0.01255620226
1.954193671e-05
1.378390446e-05
0.01253825336
2.776764404e-05
1.923567385e-05
0.01252046073
2.939958583e-05
1.932669879e-05
0.0125095287
2.405914375e-05
1.340547516e-05
0.0125054425
1.6714965e-05
6.987733951e-06
0.01250384962
1.24086112e-05
3.79451298e-06
0.01250327207
9.104155733e-06
2.377628167e-06
0.01250329672
6.713117055e-06
1.280497631e-06
0.01250365752
4.957500095e-06
4.059669496e-07
0.01250405418
3.833923554e-06
-9.605331116e-08
0.01250439179
3.087770397e-06
-4.065725188e-07
0.01250465906
2.616569526e-06
-6.165140348e-07
0.01250488049
2.295117447e-06
-7.834735739e-07
0.01250504217
2.09407953e-06
-8.83831067e-07
0.01250516779
1.952145748e-06
-9.426309584e-07
0.01250526868
1.854792525e-06
-9.895682838e-07
0.01250534528
1.797824334e-06
-1.016779285e-06
0.01250547309
1.728203151e-06
-1.027878092e-06
1.617182634e-06
-1.024412568e-06
0.01249982549
-3.17151297e-07
-9.822334478e-08
0.01249932893
-9.534403838e-07
-3.195506528e-07
0.01249858741
-1.763861573e-06
-7.432861682e-07
0.01249782099
-2.898744035e-06
-1.607887544e-06
0.01249760549
-4.550640027e-06
-3.360655323e-06
0.01249913605
-6.927749045e-06
-6.671350116e-06
0.01250468982
-1.023896791e-05
-1.253386118e-05
0.0125169395
-1.425118071e-05
-2.092717143e-05
0.01253806345
-1.804733964e-05
-3.058753954e-05
0.0125626914
-1.864429963e-05
-3.321760269e-05
0.01257982266
-1.314198374e-05
-2.279853089e-05
0.01258458034
-3.187522517e-06
-6.574944423e-06
0.01257844074
4.637947637e-06
9.120854792e-06
0.01256225554
1.281911457e-05
2.2908021e-05
0.01253990691
1.883012009e-05
3.12861667e-05
0.01251770161
2.050186426e-05
3.110302338e-05
0.01250552111
1.680459037e-05
1.943504636e-05
0.01250244177
1.134479067e-05
8.44951569e-06
0.01250189655
8.672722951e-06
4.281109553e-06
0.01250220091
6.141129553e-06
2.658666518e-06
0.01250300221
4.216972942e-06
1.694845065e-06
0.01250392988
2.85469052e-06
1.175139522e-06
0.01250471379
1.938608768e-06
1.111409591e-06
0.01250529166
1.306163098e-06
1.203739325e-06
0.01250572851
8.971019131e-07
1.282619498e-06
0.01250603699
6.276544471e-07
1.358988295e-06
0.01250625916
4.605474874e-07
1.411360106e-06
0.0125064271
3.395309859e-07
1.4446852e-06
0.01250653702
2.822783013e-07
1.462589038e-06
0.01250659946
2.527793337e-07
1.482617023e-06
0.0125065653
2.821651028e-07
1.48019802e-06
3.917588763e-07
1.484289564e-06
0.01249978591
3.88711918e-09
-1.06950005e-07
0.01249917016
1.185508308e-08
-3.495406909e-07
0.0124982075
2.154377526e-08
-8.227457107e-07
0.01249708443
3.459878e-08
-1.810279426e-06
0.01249634524
5.419892926e-08
-3.86564817e-06
0.01249722925
8.380357291e-08
-7.895560834e-06
0.01250223779
1.338756319e-07
-1.538137894e-05
0.01251457665
2.068823505e-07
-2.679692037e-05
0.01253803252
3.2023574e-07
-4.1823446e-05
0.01256618696
4.191886331e-07
-4.72179284e-05
0.01258618645
4.56733243e-07
-3.359821274e-05
0.01259222898
4.814641722e-07
-9.711511848e-06
0.01258523868
5.107453192e-07
1.111750235e-05
0.01256721508
5.759039104e-07
3.026681437e-05
0.01254214475
7.248268047e-07
4.317563002e-05
0.01251649879
9.130422492e-07
4.523478577e-05
0.01250272851
1.295333981e-06
2.927953311e-05
0.01249981039
1.728697846e-06
1.253421988e-05
0.01249996723
2.011994238e-06
6.50387915e-06
0.01250067201
2.281701894e-06
3.154649205e-06
0.01250177705
2.467525498e-06
6.444101099e-07
0.01250299014
2.659764497e-06
-1.018156929e-06
0.01250398757
2.785738709e-06
-1.844556752e-06
0.01250470843
2.870431458e-06
-2.285127509e-06
0.01250525429
2.940648785e-06
-2.58940303e-06
0.01250564274
2.982455231e-06
-2.743245227e-06
0.01250592184
3.008940297e-06
-2.827492402e-06
0.01250612352
3.011812809e-06
-2.873955373e-06
0.01250627305
3.012492896e-06
-2.879738629e-06
0.01250639984
3.003319608e-06
-2.877332462e-06
0.01250657149
2.955470785e-06
-2.84495102e-06
2.835479541e-06
-2.815201629e-06
0.01249978627
3.246274814e-07
-1.070148453e-07
0.01249917169
9.761762773e-07
-3.49738468e-07
0.0124982114
1.804786983e-06
-8.229525776e-07
0.01249709273
2.96361516e-06
-1.810347352e-06
0.01249636122
4.649390883e-06
-3.86368111e-06
0.01249725844
7.075724377e-06
-7.889143534e-06
0.01250228567
1.045759007e-05
-1.535094357e-05
0.01251465974
1.456082213e-05
-2.672800889e-05
0.01253811606
1.845607233e-05
-4.159215514e-05
0.01256623819
1.913635965e-05
-4.683929508e-05
0.01258622778
1.371348583e-05
-3.324634377e-05
0.0125922693
3.847064727e-06
-9.407120246e-06
0.01258528637
-3.867633117e-06
1.136131033e-05
0.01256730624
-1.193648356e-05
3.049251865e-05
0.01254231718
-1.768801815e-05
4.340191356e-05
0.01251674453
-1.918326887e-05
4.566895962e-05
0.01250310198
-1.52830117e-05
3.022089631e-05
0.01250030344
-9.671733063e-06
1.419896962e-05
0.01250043309
-7.035803488e-06
8.918147216e-06
0.01250122317
-4.662721845e-06
6.154351928e-06
0.01250235636
-3.084305505e-06
4.418636422e-06
0.01250360705
-1.92672471e-06
3.335804615e-06
0.01250462036
-1.188306605e-06
2.960735046e-06
0.01250535418
-7.121542706e-07
2.848770493e-06
0.01250588954
-4.137103888e-07
2.818998474e-06
0.01250627036
-2.202560797e-07
2.821895684e-06
0.01250654357
-1.026050631e-07
2.838341305e-06
0.01250672602
-3.842162786e-08
2.867791292e-06
0.01250685461
3.806259221e-09
2.88009662e-06
0.01250694042
1.96656555e-08
2.897846332e-06
0.01250694097
6.680718181e-08
2.888123416e-06
1.449258152e-07
2.933058793e-06
0.0124998265
5.96539036e-07
-9.841272641e-08
0.01249933313
1.789659938e-06
-3.201141941e-07
0.01249859791
3.28402013e-06
-7.440134828e-07
0.01249784279
5.326919263e-06
-1.608178633e-06
0.01249764583
8.20358211e-06
-3.35723033e-06
0.01249920554
1.21737022e-05
-6.657690783e-06
0.01250479216
1.735569274e-05
-1.248472104e-05
0.01251707191
2.309947467e-05
-2.081840174e-05
0.0125381587
2.770888917e-05
-3.033960865e-05
0.01256272603
2.748170343e-05
-3.291267238e-05
0.01257987548
1.91341888e-05
-2.25701536e-05
0.01258466417
5.354564168e-06
-6.296184967e-06
0.01257856748
-7.205315254e-06
9.434369718e-06
0.01256246155
-1.909938501e-05
2.326883595e-05
0.01254020036
-2.717801683e-05
3.175118836e-05
0.01251804836
-2.883367161e-05
3.180240861e-05
0.0125058549
-2.348366962e-05
2.039411323e-05
0.01250259887
-1.61300759e-05
9.714375483e-06
0.0125018528
-1.176032204e-05
5.470588111e-06
0.01250200397
-8.369904713e-06
3.556014038e-06
0.01250265661
-5.856641489e-06
2.119691862e-06
0.01250349019
-3.953069981e-06
1.192766349e-06
0.01250420244
-2.675972755e-06
7.754236836e-07
0.01250474326
-1.810558093e-06
5.575799374e-07
0.01250515498
-1.234331245e-06
4.089092154e-07
0.01250546048
-8.51347096e-07
3.255944842e-07
0.01250568678
-6.048276629e-07
2.759235313e-07
0.01250584583
-4.438132812e-07
2.463450421e-07
0.01250597184
-3.434620753e-07
2.212692711e-07
0.01250605878
-2.834131333e-07
2.161413091e-07
0.0125061996
-2.655758548e-07
1.91559716e-07
-3.512480053e-07
1.857495302e-07
0.01249989633
7.839311062e-07
-8.372014073e-08
0.01249960844
2.347594092e-06
-2.700432194e-07
0.01249924247
4.26324623e-06
-6.132598476e-07
0.01249905562
6.801484952e-06
-1.287715256e-06
0.01249961871
1.023137493e-05
-2.590878832e-06
0.01250199065
1.473338407e-05
-4.931627736e-06
0.01250791703
2.023681888e-05
-8.807498354e-06
0.01251916378
2.588860793e-05
-1.403589135e-05
0.01253656047
2.98595341e-05
-1.954732984e-05
0.01255617369
2.89636065e-05
-2.109512616e-05
0.01257022977
2.045034635e-05
-1.537223262e-05
0.01257442538
6.387381322e-06
-5.228425974e-06
0.01256955502
-7.43862054e-06
5.103661191e-06
0.01255642261
-1.998608537e-05
1.4019119e-05
0.01253854608
-2.882207891e-05
1.952058838e-05
0.01252077926
-3.078457307e-05
1.971772789e-05
0.01250983402
-2.64428989e-05
1.39044618e-05
0.01250564049
-1.958475395e-05
7.648208528e-06
0.01250396798
-1.459350293e-05
4.505696794e-06
0.01250339287
-1.088833348e-05
3.0935345e-06
0.01250346068
-8.016456815e-06
2.092000609e-06
0.01250387056
-5.787825502e-06
1.42487765e-06
0.01250432001
-4.228641439e-06
1.103224704e-06
0.01250469734
-3.173516467e-06
9.856301895e-07
0.01250501195
-2.465105662e-06
9.161629803e-07
0.01250525823
-1.967574104e-06
8.699495907e-07
0.01250543354
-1.625666712e-06
8.455315959e-07
0.01250555288
-1.385445801e-06
8.222966826e-07
0.01250564341
-1.235144124e-06
8.011547463e-07
0.01250571002
-1.12043243e-06
7.704182661e-07
0.01250572938
-1.029216433e-06
7.442795813e-07
-9.389782678e-07
7.115055771e-07
0.01249997916
8.710355208e-07
-6.626304993e-08
0.01249992801
2.610926475e-06
-2.121828862e-07
0.01249997265
4.687163138e-06
-4.685550667e-07
0.01250037699
7.347919991e-06
-9.507737173e-07
0.01250164905
1.079690357e-05
-1.837596524e-06
0.01250462784
1.510838057e-05
-3.353776971e-06
0.01251051807
2.007261659e-05
-5.72603311e-06
0.01252036955
2.4826813e-05
-8.78968166e-06
0.01253430773
2.773128531e-05
-1.180993893e-05
0.01254956157
2.635528753e-05
-1.264551847e-05
0.01256074451
1.879474891e-05
-9.527334816e-06
0.01256433457
6.254704316e-06
-3.457386937e-06
0.01256060547
-6.488060611e-06
2.778536843e-06
0.0125504067
-1.786533633e-05
8.078027983e-06
0.01253634718
-2.59698083e-05
1.12072476e-05
0.01252218843
-2.80616324e-05
1.143581223e-05
0.01251236309
-2.498837567e-05
8.370817531e-06
0.01250762694
-1.932375527e-05
4.475143637e-06
0.01250535527
-1.459634503e-05
2.274513082e-06
0.01250420479
-1.101051319e-05
1.272661083e-06
0.01250373692
-8.183904862e-06
6.353176955e-07
0.01250371836
-5.923465351e-06
1.542049209e-07
0.01250385865
-4.31331916e-06
-5.561173619e-08
0.01250401072
-3.189158163e-06
-1.364309808e-07
0.01250414738
-2.432287066e-06
-1.694795197e-07
0.01250426032
-1.889463273e-06
-1.91046296e-07
0.01250434988
-1.529903108e-06
-1.853236342e-07
0.01250441787
-1.268101579e-06
-1.853305628e-07
0.01250446961
-1.114671541e-06
-1.722065433e-07
0.01250450572
-1.006896524e-06
-1.496476199e-07
0.01250457153
-9.617522015e-07
-1.332756104e-07
-9.765876368e-07
-1.18791806e-07
0.01250005551
8.656352576e-07
-5.010578904e-08
0.01250023336
2.590340975e-06
-1.572644581e-07
0.0125006558
4.602414703e-06
-3.376993139e-07
0.0125015661
7.099943274e-06
-6.623199923e-07
0.01250338006
1.021391736e-05
-1.230974971e-06
0.01250671233
1.393498723e-05
-2.15887142e-06
0.01251233178
1.799043508e-05
-3.537271393e-06
0.01252078168
2.161760747e-05
-5.240693609e-06
0.01253182258
2.350829664e-05
-6.817915703e-06
0.01254345079
2.195884553e-05
-7.231767574e-06
0.01255209333
1.576303127e-05
-5.61082152e-06
0.01255506989
5.505422136e-06
-2.227278799e-06
0.01255232465
-5.073347096e-06
1.330528275e-06
0.01254466837
-1.464711187e-05
4.438055052e-06
0.01253377754
-2.122387807e-05
6.144899868e-06
0.01252273627
-2.355150096e-05
6.531147048e-06
0.0125143628
-2.177981941e-05
5.164913197e-06
0.01250957607
-1.765898284e-05
3.121957922e-06
0.01250687514
-1.372661948e-05
1.831204649e-06
0.01250523467
-1.058609638e-05
1.216044922e-06
0.01250430324
-8.054138408e-06
8.016650902e-07
0.01250386327
-5.973317725e-06
4.898251386e-07
0.01250367462
-4.442590493e-06
3.179258635e-07
0.01250359668
-3.350510218e-06
2.392932426e-07
0.01250357028
-2.598202731e-06
1.923075484e-07
0.01250357234
-2.052733897e-06
1.612167263e-07
0.01250358404
-1.678405952e-06
1.367970916e-07
0.01250360093
-1.406957038e-06
1.219750293e-07
0.01250361298
-1.23317018e-06
1.064471888e-07
0.01250362498
-1.108398502e-06
8.949828833e-08
0.01250361746
-1.028959876e-06
7.473500025e-08
-9.552400119e-07
4.642150058e-08
0.01250012194
7.795927836e-07
-3.589827773e-08
0.01250049116
2.333074455e-06
-1.119488648e-07
0.01250121967
4.107844935e-06
-2.339411565e-07
0.01250251332
6.249769627e-06
-4.434773963e-07
0.01250468992
8.831231728e-06
-7.939166186e-07
0.01250816985
1.179579893e-05
-1.340737516e-06
0.01251340104
1.48736726e-05
-2.114425969e-06
0.01252059683
1.745414434e-05
-3.032331463e-06
0.01252936554
1.857799355e-05
-3.838408045e-06
0.01253824955
1.711712994e-05
-4.042295497e-06
0.0125449179
1.230289451e-05
-3.208208289e-06
0.01254737104
4.436148108e-06
-1.383869674e-06
0.0125454163
-3.712270711e-06
5.936603033e-07
0.0125396045
-1.114918117e-05
2.313868538e-06
0.01253134444
-1.63016606e-05
3.337849345e-06
0.01252265252
-1.839474113e-05
3.535159629e-06
0.01251550836
-1.745085889e-05
2.815202669e-06
0.01251078108
-1.459272619e-05
1.661016628e-06
0.01250775934
-1.153543778e-05
8.305650662e-07
0.01250574114
-8.962862856e-06
3.949612085e-07
0.01250442895
-6.848275876e-06
1.063262933e-07
0.01250364477
-5.08849305e-06
-1.006408318e-07
0.01250318451
-3.765330697e-06
-2.169998113e-07
0.01250290294
-2.802657757e-06
-2.6628355e-07
0.01250272894
-2.134554653e-06
-2.8964824e-07
0.01250261964
-1.645907247e-06
-2.975271141e-07
0.01250255369
-1.312823614e-06
-2.996340003e-07
0.01250250897
-1.070530193e-06
-2.916988594e-07
0.012502482
-9.205303637e-07
-2.856766619e-07
0.01250245923
-8.141930864e-07
-2.714332451e-07
0.01250245743
-7.65478631e-07
-2.61681788e-07
-7.568857684e-07
-2.469381661e-07
0.01250017187
6.328611161e-07
-2.513686382e-08
0.01250068875
1.894033052e-06
-7.784035654e-08
0.012501644
3.310943967e-06
-1.583470309e-07
0.01250320229
4.981977677e-06
-2.905003765e-07
0.01250559443
6.940942084e-06
-5.018462828e-07
0.01250909001
9.117900335e-06
-8.176798582e-07
0.01251391902
1.128961835e-05
-1.244964064e-06
0.01252009901
1.300674845e-05
-1.732587801e-06
0.01252718547
1.363313076e-05
-2.141595881e-06
0.01253411803
1.242289136e-05
-2.238326952e-06
0.01253932846
8.901545563e-06
-1.809082509e-06
0.0125413472
3.258115232e-06
-8.407016529e-07
0.0125399416
-2.53732264e-06
2.306503532e-07
0.01253551818
-7.907102069e-06
1.181343639e-06
0.01252913966
-1.169220975e-05
1.769059952e-06
0.012522193
-1.335766313e-05
1.909585951e-06
0.01251608741
-1.294817556e-05
1.602904752e-06
0.01251158754
-1.114511017e-05
1.052260405e-06
0.01250843981
-9.006197456e-06
6.184878354e-07
0.01250619964
-7.104608384e-06
3.819214137e-07
0.01250463341
-5.509031321e-06
2.269812339e-07
0.01250359331
-4.15780904e-06
1.094139847e-07
0.01250291319
-3.122315396e-06
3.710496417e-08
0.01250245856
-2.348989595e-06
9.674136032e-10
0.01250215313
-1.807725718e-06
-2.140707273e-08
0.0125019465
-1.403345703e-06
-3.592692665e-08
0.01250180802
-1.128278932e-06
-4.607016376e-08
0.01250171198
-9.217268408e-07
-5.27606418e-08
0.01250164767
-7.957105342e-07
-6.050964972e-08
0.01250160011
-7.000874772e-07
-6.654231424e-08
0.01250154862
-6.413680102e-07
-7.262100252e-08
-6.033476116e-07
-8.266269154e-08
0.01250020684
4.436589767e-07
-1.76415336e-08
0.01250082725
1.327841308e-06
-5.421079682e-08
0.0125019365
2.309259138e-06
-1.075658053e-07
0.01250366257
3.447104773e-06
-1.912029074e-07
0.01250616866
4.754033962e-06
-3.19182348e-07
0.0125096178
6.171112512e-06
-5.023529828e-07
0.01251410399
7.54353673e-06
-7.401056996e-07
0.01251953272
8.578443374e-06
-1.000420108e-06
0.01252547791
8.900696221e-06
-1.212755988e-06
0.01253110131
8.057650162e-06
-1.25815769e-06
0.01253526889
5.764713746e-06
-1.030753123e-06
0.01253695543
2.084744742e-06
-5.131717091e-07
0.01253592362
-1.570719729e-06
6.520711464e-08
0.01253245557
-5.031930371e-06
5.928784922e-07
0.01252733093
-7.496123973e-06
9.285516351e-07
0.01252159089
-8.637572681e-06
1.019952255e-06
0.01251627069
-8.496515681e-06
8.685433256e-07
0.01251200366
-7.448788088e-06
5.707034107e-07
0.01250879472
-6.097971264e-06
3.00719185e-07
0.01250639974
-4.837700632e-06
1.280688594e-07
0.0125046439
-3.759624632e-06
6.4381344e-09
0.0125034095
-2.838590784e-06
-8.482098501e-08
0.01250255653
-2.125059604e-06
-1.442836604e-07
0.01250196612
-1.583661572e-06
-1.749123903e-07
0.01250155617
-1.205003271e-06
-1.927725861e-07
0.01250127221
-9.176686732e-07
-2.01724012e-07
0.01250107744
-7.282394599e-07
-2.052715529e-07
0.0125009393
-5.767464413e-07
-2.068408013e-07
0.01250084139
-4.897484418e-07
-2.080501766e-07
0.01250076911
-4.227479726e-07
-2.050584126e-07
0.0125007193
-3.907565969e-07
-2.008057018e-07
-3.850919043e-07
-1.944248978e-07
0.01250022856
2.280870276e-07
-1.298769808e-08
0.01250091337
6.826711633e-07
-3.964428126e-08
0.01250211599
1.18358162e-06
-7.693680641e-08
0.0125039377
1.758251296e-06
-1.328550946e-07
0.01250649634
2.410234363e-06
-2.14839627e-07
0.01250988884
3.1060537e-06
-3.274460636e-07
0.01251413056
3.769474062e-06
-4.676573906e-07
0.01251907367
4.250844024e-06
-6.155135431e-07
0.01252430004
4.405774094e-06
-7.314475439e-07
0.01252916764
3.944503895e-06
-7.544536852e-07
0.01253268152
2.874117924e-06
-6.232798172e-07
0.01253408664
1.008747398e-06
-3.291291092e-07
0.01253329514
-7.717896799e-07
-7.429195947e-09
0.01253041711
-2.456681476e-06
3.027860674e-07
0.01252606709
-3.65194826e-06
5.058421733e-07
0.01252108774
-4.226804644e-06
5.68581634e-07
0.0125162915
-4.19773664e-06
4.974678054e-07
0.01251222279
-3.723720074e-06
3.436377826e-07
0.01250900996
-3.079645651e-06
1.945021471e-07
0.01250654001
-2.460845223e-06
9.310156303e-08
0.01250468102
-1.925684632e-06
2.504859455e-08
0.01250333376
-1.466296635e-06
-2.503630201e-08
0.0125023737
-1.108326504e-06
-5.66690124e-08
0.01250169709
-8.328017776e-07
-7.425031063e-08
0.01250121696
-6.407293735e-07
-8.414501186e-08
0.01250088176
-4.922223914e-07
-9.02515678e-08
0.01250064622
-3.98219123e-07
-9.448091456e-08
0.01250048203
-3.144198063e-07
-9.813555828e-08
0.01250035893
-2.670513861e-07
-9.959551818e-08
0.01250026968
-2.321638816e-07
-1.01336712e-07
0.01250019377
-2.127511732e-07
-1.020958761e-07
-2.004643797e-07
-1.050623663e-07
0.01250023886
-1.077668348e-08
0.01250095429
-3.275616325e-08
0.01250220052
-6.26485694e-08
0.01250406486
-1.060855475e-07
0.01250664295
-1.678576986e-07
0.01250999911
-2.501056486e-07
0.01251411822
-3.49635765e-07
0.01251882001
-4.509415071e-07
0.01252375558
-5.298036761e-07
0.01252823756
-5.374775128e-07
0.01253157609
-4.644039721e-07
0.01253278914
-2.043104871e-07
0.01253204165
-2.430012394e-08
0.01252939634
1.886332102e-07
0.01252541008
3.343080184e-07
0.01252080031
3.829663761e-07
0.01251626184
3.407378596e-07
0.01251229938
2.387400477e-07
0.0125090893
1.304321087e-07
0.01250658181
4.664523039e-08
0.01250466972
-1.359645479e-08
0.01250326301
-5.958712474e-08
0.01250224508
-9.039356093e-08
0.01250152235
-1.100740967e-07
0.01250100334
-1.217108647e-07
0.01250064117
-1.300567829e-07
0.01250037958
-1.366289259e-07
0.01250020237
-1.372129399e-07
0.01250007146
-1.361446894e-07
0.01249997479
-1.354924249e-07
0.01249989696
-1.349214413e-07
-1.343825475e-07
0.01250023717
-2.284644942e-07
-1.898956524e-08
0.01250094769
-6.840423177e-07
-5.774039188e-08
0.01250218584
-1.187280892e-06
-1.108719447e-07
0.01250403926
-1.766824393e-06
-1.886480344e-07
0.01250660467
-2.427639323e-06
-2.998741166e-07
0.01250994862
-3.137604343e-06
-4.486250318e-07
0.0125140595
-3.821105787e-06
-6.2917753e-07
0.01251876146
-4.326637834e-06
-8.132380961e-07
0.01252370637
-4.503379436e-06
-9.554041047e-07
0.01252820761
-4.053523995e-06
-9.655992837e-07
0.0125315587
-2.969903348e-06
-8.225900875e-07
0.01253278068
-1.069298317e-06
-3.27672281e-07
0.01253202083
7.547778976e-07
1.346597175e-08
0.01252935291
2.475139065e-06
4.189748498e-07
0.01252534042
3.688391772e-06
7.013667929e-07
0.01252070935
4.259569618e-06
8.031320325e-07
0.0125161643
4.205620729e-06
7.347094365e-07
0.01251221499
3.694571922e-06
5.535363804e-07
0.01250902993
3.020426056e-06
3.599730697e-07
0.0125065464
2.387322789e-06
2.123116007e-07
0.01250465352
1.84569118e-06
1.065493136e-07
0.01250326284
1.38088062e-06
2.567868724e-08
0.0125022579
1.020316758e-06
-2.888797307e-08
0.012501545
7.443909178e-07
-6.383604666e-08
0.01250103325
5.528513697e-07
-8.458900755e-08
0.01250067651
4.068978408e-07
-1.024546482e-07
0.01250042265
3.057484544e-07
-1.080606994e-07
0.01250024829
2.257516441e-07
-1.078237423e-07
0.01250011916
1.806763614e-07
-1.07832373e-07
0.01250002517
1.449147955e-07
-1.067221645e-07
0.0124999488
1.271043323e-07
-1.063013018e-07
1.185306627e-07
-1.062786999e-07
0.01250022658
-4.444599853e-07
-2.307113746e-08
0.01250090561
-1.330746694e-06
-7.045686992e-08
0.01250209854
-2.317197975e-06
-1.372769644e-07
0.01250390688
-3.465750917e-06
-2.381850236e-07
0.01250644966
-4.792423344e-06
-3.870109232e-07
0.01250982673
-6.241764971e-06
-5.924628143e-07
0.01251405866
-7.660859327e-06
-8.495607651e-07
0.01251900402
-8.752726335e-06
-1.12187829e-06
0.01252424845
-9.127691964e-06
-1.335837643e-06
0.01252914464
-8.308696169e-06
-1.376586431e-06
0.01253268374
-5.98508022e-06
-1.124396589e-06
0.0125341007
-2.22045156e-06
-5.672304086e-07
0.01253329274
1.544765706e-06
4.269978925e-08
0.01253038247
5.09305191e-06
6.323338523e-07
0.01252599426
7.601544468e-06
1.023546196e-06
0.01252098267
8.735654296e-06
1.152095011e-06
0.01251617555
8.534793037e-06
1.029378222e-06
0.01251212464
7.398411826e-06
7.498418115e-07
0.01250894346
5.979444676e-06
4.802763371e-07
0.01250650191
4.688571579e-06
3.021035832e-07
0.01250466393
3.598147506e-06
1.832744504e-07
0.01250333484
2.665493275e-06
9.455582112e-08
0.01250238874
1.947659229e-06
3.936343034e-08
0.0125017234
1.405948642e-06
8.257837306e-09
0.01250125019
1.030677613e-06
-9.819137389e-09
0.01250092175
7.468134947e-07
-2.266584043e-08
0.01250068828
5.556453449e-07
-3.188466203e-08
0.01250052459
4.102963149e-07
-3.985228613e-08
0.01250040094
3.275817994e-07
-4.546136454e-08
0.0125003103
2.631274591e-07
-5.305236799e-08
0.01250023534
2.300503396e-07
-5.620546776e-08
2.110192349e-07
-6.226941729e-08
0.01250020423
-6.341533513e-07
-3.167157043e-08
0.0125008169
-1.898718667e-06
-9.738212955e-08
0.01250191287
-3.324053671e-06
-1.939638592e-07
0.01250361993
-5.01349842e-06
-3.463627371e-07
0.0125061026
-7.007396416e-06
-5.809904334e-07
0.01250952834
-9.24315179e-06
-9.188167034e-07
0.01251400053
-1.15026879e-05
-1.360434926e-06
0.01251943683
-1.332962243e-05
-1.847637375e-06
0.01252542006
-1.405989123e-05
-2.249474017e-06
0.01253109944
-1.289179757e-05
-2.337668094e-06
0.01253531854
-9.310929883e-06
-1.903614976e-06
0.01253702367
-3.489564239e-06
-9.23782235e-07
0.01253596616
2.523953133e-06
1.734281095e-07
0.01253244319
8.06796661e-06
1.17577248e-06
0.01252725134
1.1942201e-05
1.819685358e-06
0.01252145299
1.359711419e-05
2.00141091e-06
0.0125161089
1.307746379e-05
1.719887927e-06
0.01251186844
1.11058422e-05
1.156941472e-06
0.01250870568
8.844870064e-06
6.557442602e-07
0.01250634664
6.895233319e-06
3.432384766e-07
0.01250461703
5.276218117e-06
1.273745401e-07
0.01250340338
3.904976242e-06
-4.174021227e-08
0.01250256675
2.860917575e-06
-1.497980184e-07
0.01250198912
2.084918537e-06
-2.067682109e-07
0.0125015896
1.546511651e-06
-2.371597487e-07
0.01250131448
1.142500471e-06
-2.493725394e-07
0.0125011279
8.674498365e-07
-2.559033769e-07
0.01250099834
6.631706629e-07
-2.526710729e-07
0.01250090877
5.388779066e-07
-2.470529775e-07
0.0125008464
4.414475612e-07
-2.375161135e-07
0.01250079339
3.95454797e-07
-2.289060338e-07
3.798765256e-07
-2.19468319e-07
0.01250016818
-7.814170736e-07
-4.55426607e-08
0.01250067397
-2.339659527e-06
-1.41149696e-07
0.01250160952
-4.127086149e-06
-2.881461846e-07
0.01250313829
-6.29764959e-06
-5.309724089e-07
0.01250549234
-8.935633836e-06
-9.218845185e-07
0.01250894814
-1.199900897e-05
-1.510158741e-06
0.01251375392
-1.523110317e-05
-2.313490753e-06
0.01251995123
-1.800994272e-05
-3.239918143e-06
0.01252712152
-1.933090646e-05
-4.031147642e-06
0.01253416977
-1.793885742e-05
-4.229166881e-06
0.01253947362
-1.30020654e-05
-3.408492505e-06
0.01254152505
-4.792479637e-06
-1.570583732e-06
0.01254007516
3.758630186e-06
4.68485674e-07
0.01253555252
1.151961421e-05
2.27914963e-06
0.01252904594
1.683559408e-05
3.412135692e-06
0.01252199108
1.890075077e-05
3.693067278e-06
0.01251585079
1.774388707e-05
3.111243881e-06
0.01251140061
1.458392891e-05
2.058589821e-06
0.01250832486
1.132955479e-05
1.245025881e-06
0.01250613667
8.690731532e-06
8.186725192e-07
0.01250460576
6.547875604e-06
5.402401079e-07
0.01250359574
4.75828757e-06
3.238204957e-07
0.01250293169
3.436026414e-06
1.900513947e-07
0.01250248758
2.475919499e-06
1.165535342e-07
0.01250218155
1.832925387e-06
5.950324821e-08
0.0125019728
1.353144013e-06
1.478062202e-08
0.01250182698
1.038626389e-06
-2.574511602e-08
0.01250172526
8.028587968e-07
-5.412334368e-08
0.01250165039
6.690124886e-07
-8.264816069e-08
0.01250159551
5.59867009e-07
-1.022473346e-07
0.01250155684
5.139065177e-07
-1.230589759e-07
4.470857133e-07
-1.27213736e-07
0.01250011664
-8.679767391e-07
-6.54907326e-08
0.0125004694
-2.598346571e-06
-2.045110217e-07
0.01250116777
-4.627947088e-06
-4.288117306e-07
0.01250241381
-7.166762444e-06
-8.1646991e-07
0.01250452561
-1.036631282e-05
-1.46982981e-06
0.01250793398
-1.424405814e-05
-2.498000264e-06
0.01251312176
-1.855704e-05
-3.97079163e-06
0.01252035083
-2.252745812e-05
-5.740839538e-06
0.01252929125
-2.477572019e-05
-7.335880395e-06
0.01253840691
-2.333878248e-05
-7.763603195e-06
0.01254524288
-1.689380764e-05
-6.156298728e-06
0.01254775699
-6.023603329e-06
-2.665640824e-06
0.01254572256
5.266292691e-06
1.124322503e-06
0.01253972571
1.541998652e-05
4.416696731e-06
0.01253123117
2.226281764e-05
6.408541621e-06
0.01252232579
2.460534633e-05
6.737309629e-06
0.01251512041
2.245991785e-05
5.302570422e-06
0.01251048619
1.782333624e-05
3.040446492e-06
0.01250757503
1.357959399e-05
1.471870502e-06
0.01250562901
1.034793357e-05
6.727037067e-07
0.01250436997
7.766941759e-06
1.416241037e-07
0.01250363166
5.647578506e-06
-2.620367411e-07
0.01250320724
4.107082295e-06
-4.676608025e-07
0.0125029587
3.014845734e-06
-5.51836888e-07
0.01250280891
2.277150096e-06
-5.57950861e-07
0.01250272335
1.72925783e-06
-5.439294306e-07
0.01250267604
1.363835332e-06
-5.147789231e-07
0.01250264882
1.096464157e-06
-4.82712571e-07
0.01250263557
9.315856523e-07
-4.490193878e-07
0.01250262686
8.063128455e-07
-4.19006922e-07
0.01250260021
7.698165398e-07
-4.00700389e-07
7.638430786e-07
-3.874094818e-07
0.01250004739
-8.729523052e-07
-9.209434901e-08
0.01250020142
-2.619712297e-06
-2.884840575e-07
0.01250057785
-4.717118233e-06
-6.225605941e-07
0.01250141113
-7.431973861e-06
-1.226996972e-06
0.012503114
-1.100062957e-05
-2.295660549e-06
0.01250631523
-1.554332204e-05
-4.057906184e-06
0.01251184921
-2.09116105e-05
-6.718566306e-06
0.0125203559
-2.622727352e-05
-1.005878295e-05
0.01253174434
-2.975264818e-05
-1.325686681e-05
0.01254381774
-2.854518797e-05
-1.413811573e-05
0.01255274699
-2.049954915e-05
-1.097284621e-05
0.01255582875
-6.953734799e-06
-4.414063306e-06
0.01255295379
6.938770069e-06
2.494442393e-06
0.01254492447
1.937004791e-05
8.481026883e-06
0.01253366167
2.748566823e-05
1.211417572e-05
0.01252222369
2.981532412e-05
1.268056795e-05
0.01251378108
2.612677931e-05
9.850656753e-06
0.01250916775
1.967992709e-05
5.752446906e-06
0.01250664112
1.452577588e-05
3.277413446e-06
0.01250510592
1.08476336e-05
2.148588491e-06
0.01250424045
7.992173895e-06
1.365974043e-06
0.01250383962
5.728636052e-06
7.278805261e-07
0.01250365832
4.175197313e-06
3.263014615e-07
0.01250356996
3.123245111e-06
7.391085086e-08
0.01250352533
2.440686585e-06
-1.101697457e-07
0.01250350875
1.94172879e-06
-2.646335449e-07
0.01250350341
1.619633652e-06
-3.692985634e-07
0.01250350067
1.388325898e-06
-4.569376756e-07
0.01250350352
1.248503613e-06
-5.146375322e-07
0.01250350163
1.144615922e-06
-5.520437624e-07
0.01250353921
1.070407601e-06
-5.701497093e-07
9.477984991e-07
-5.879098098e-07
0.01249996922
-7.853316512e-07
-1.227300929e-07
0.01249988297
-2.353604037e-06
-3.908724046e-07
0.01249985835
-4.291510895e-06
-8.675563179e-07
0.01250014094
-6.891789445e-06
-1.771092619e-06
0.0125012265
-1.046997405e-05
-3.452272664e-06
0.0125039694
-1.527785524e-05
-6.364608129e-06
0.01250969082
-2.135472389e-05
-1.101933976e-05
0.01251962536
-2.784116298e-05
-1.714704675e-05
0.01253424772
-3.280838637e-05
-2.345291165e-05
0.01255030972
-3.214182722e-05
-2.521525158e-05
0.01256194857
-2.275622466e-05
-1.901005762e-05
0.01256574077
-7.304123892e-06
-6.999569108e-06
0.01256177686
8.397503968e-06
5.179417347e-06
0.01255100782
2.254306703e-05
1.555759988e-05
0.01253611662
3.169226736e-05
2.174147942e-05
0.01252127149
3.387469773e-05
2.201723745e-05
0.01251140072
2.849816622e-05
1.561110303e-05
0.01250695366
2.055559299e-05
7.682380359e-06
0.01250495679
1.49781173e-05
3.405603716e-06
0.01250399434
1.118370667e-05
1.50484284e-06
0.01250370955
8.277879932e-06
2.764867241e-07
0.01250382193
5.986539371e-06
-4.77767829e-07
0.01250404763
4.475636436e-06
-7.678347602e-07
0.01250425573
3.422075593e-06
-7.209457707e-07
0.01250443183
2.742681641e-06
-6.342167457e-07
0.0125045766
2.242019007e-06
-5.432550657e-07
0.01250468367
1.927344171e-06
-4.651929362e-07
0.01250476348
1.684368765e-06
-3.837672135e-07
0.01250481844
1.540552898e-06
-3.235791878e-07
0.01250486308
1.424135467e-06
-2.802278711e-07
0.01250484253
1.402798722e-06
-2.546759974e-07
1.438699217e-06
-2.511307043e-07
0.0124998817
-5.957170408e-07
-1.547426118e-07
0.01249954774
-1.789276416e-06
-4.994972045e-07
0.01249908423
-3.299716535e-06
-1.140185915e-06
0.01249871473
-5.397430244e-06
-2.411356036e-06
0.01249897864
-8.421113467e-06
-4.905146679e-06
0.01250094459
-1.272322183e-05
-9.461765946e-06
0.01250655163
-1.858877212e-05
-1.721431665e-05
0.01251790204
-2.538729784e-05
-2.791361228e-05
0.01253658298
-3.135149844e-05
-3.983684677e-05
0.01255754684
-3.134308275e-05
-4.305750745e-05
0.01257220689
-2.164071207e-05
-3.13456963e-05
0.01257678681
-6.585528529e-06
-1.074642525e-05
0.01257158253
8.577332776e-06
9.900475949e-06
0.01255756876
2.242537468e-05
2.791537217e-05
0.01253825476
3.143269501e-05
3.880924498e-05
0.012519416
3.310617533e-05
3.893398053e-05
0.01250855136
2.631452026e-05
2.645376099e-05
0.01250477212
1.782801217e-05
1.349455145e-05
0.01250343456
1.279001988e-05
7.320171867e-06
0.01250302782
9.561174749e-06
4.406902836e-06
0.01250322238
7.293125425e-06
2.070691951e-06
0.01250367724
5.643658973e-06
2.939879355e-07
0.01250411567
4.651137405e-06
-7.099896687e-07
0.01250446371
3.983370172e-06
-1.315898313e-06
0.0125047379
3.568581217e-06
-1.716611858e-06
0.0125049454
3.263643994e-06
-2.012595574e-06
0.0125051003
3.07698223e-06
-2.188371796e-06
0.01250521362
2.931056139e-06
-2.302636339e-06
0.01250530699
2.82449524e-06
-2.366878161e-06
0.01250537149
2.741578035e-06
-2.398719131e-06
0.01250549787
2.663773712e-06
-2.415232457e-06
2.504688078e-06
-2.435743924e-06
0.01249980878
-3.205283129e-07
-1.82187593e-07
0.0124992586
-9.650868325e-07
-5.935647452e-07
0.01249839765
-1.794755726e-06
-1.387296346e-06
0.012497393
-2.977172415e-06
-3.023493851e-06
0.01249675641
-4.744903397e-06
-6.400272573e-06
0.01249766437
-7.392246857e-06
-1.291029396e-05
0.01250266293
-1.128516401e-05
-2.48360222e-05
0.01251502154
-1.630742028e-05
-4.236565886e-05
0.01253840325
-2.154479572e-05
-6.377595208e-05
0.01256511108
-2.236522362e-05
-6.890329612e-05
0.01258287062
-1.538042293e-05
-4.681835102e-05
0.01258822436
-5.003267751e-06
-1.351094798e-05
0.01258172857
5.435009594e-06
1.875896502e-05
0.01256424598
1.528297259e-05
4.753301815e-05
0.01253968281
2.212238125e-05
6.515965747e-05
0.01251574653
2.398812863e-05
6.415735161e-05
0.01250413873
1.893015972e-05
3.842720294e-05
0.01250164041
1.24651823e-05
1.631066769e-05
0.01250147169
9.073170523e-06
8.166681624e-06
0.01250202856
6.77354319e-06
4.889428739e-06
0.01250305472
5.068283933e-06
2.893520704e-06
0.01250406874
3.853983863e-06
1.950797153e-06
0.01250485997
3.123760971e-06
1.847562258e-06
0.01250542907
2.602919588e-06
2.015091396e-06
0.01250584205
2.264479758e-06
2.173736864e-06
0.01250613268
2.01000479e-06
2.321999348e-06
0.01250633695
1.840647507e-06
2.443424686e-06
0.0125064779
1.700825582e-06
2.533970405e-06
0.01250656316
1.61043642e-06
2.591387085e-06
0.0125066213
1.533572661e-06
2.632486667e-06
0.01250659171
1.528903557e-06
2.644655283e-06
1.592337093e-06
2.627087578e-06
0.01249976708
3.861245905e-09
-1.984169106e-07
0.01249909013
1.178114998e-08
-6.494644399e-07
0.01249798814
2.146151143e-08
-1.536964536e-06
0.01249657637
3.460733603e-08
-3.410295847e-06
0.01249530263
5.4945922e-08
-7.39175376e-06
0.01249531513
8.665803651e-08
-1.538697001e-05
0.01249938174
1.450326148e-07
-3.087818427e-05
0.01251157487
2.33112138e-07
-5.553057684e-05
0.01253820179
3.890635079e-07
-9.038423392e-05
0.01256953679
4.937447821e-07
-0.0001014118889
0.01258979699
5.040578759e-07
-6.974289472e-05
0.01259638419
5.147673402e-07
-2.181673971e-05
0.01258951475
5.55301192e-07
2.286664827e-05
0.012570148
6.340914534e-07
6.42824466e-05
0.0125422596
7.897535218e-07
9.239666302e-05
0.01251400571
1.06083729e-06
9.641596547e-05
0.01250109747
1.538190411e-06
5.957974426e-05
0.01249917505
2.10333812e-06
2.48184883e-05
0.01249951459
2.488691489e-06
1.274881891e-05
0.01250052484
2.809343082e-06
6.108602923e-06
0.01250195997
3.050191161e-06
1.227364194e-06
0.01250324855
3.213524991e-06
-1.666274152e-06
0.01250418094
3.306612754e-06
-2.959792439e-06
0.01250485195
3.370546392e-06
-3.723767727e-06
0.01250534431
3.403345076e-06
-4.220623627e-06
0.01250569776
3.427144982e-06
-4.513837819e-06
0.01250594738
3.437162496e-06
-4.673620889e-06
0.01250612861
3.448671111e-06
-4.803028843e-06
0.01250626618
3.447195701e-06
-4.85406435e-06
0.01250638275
3.464228552e-06
-4.924555405e-06
0.01250656949
3.427825171e-06
-4.930614039e-06
3.371832073e-06
-5.034146208e-06
0.01249976744
3.279548556e-07
-1.985512721e-07
0.01249909169
9.876817795e-07
-6.49887035e-07
0.01249799214
1.835486099e-06
-1.537430351e-06
0.01249658521
3.041941987e-06
-3.410743625e-06
0.01249532018
4.844241299e-06
-7.387946854e-06
0.01249535102
7.542552451e-06
-1.537588216e-05
0.012499445
1.15105861e-05
-3.081047654e-05
0.01251169646
1.662852843e-05
-5.537488113e-05
0.01253830134
2.19690785e-05
-8.977704914e-05
0.01256958546
2.287393884e-05
-0.0001005036111
0.01258983506
1.599454164e-05
-6.898642891e-05
0.01259641515
5.721939307e-06
-2.119437593e-05
0.01258956126
-4.602157816e-06
2.337265762e-05
0.01257024629
-1.431595319e-05
6.475753795e-05
0.01254246074
-2.09697875e-05
9.294701031e-05
0.0125143254
-2.262517048e-05
9.749031029e-05
0.01250155694
-1.735066401e-05
6.187820747e-05
0.0124997329
-1.075933671e-05
2.88856811e-05
0.01250009225
-7.508756525e-06
1.855625201e-05
0.01250121479
-5.524846028e-06
1.336599412e-05
0.01250270309
-4.130057096e-06
1.011059121e-05
0.01250397803
-3.170877806e-06
8.445263603e-06
0.01250490336
-2.54600342e-06
7.888023317e-06
0.01250555495
-2.092274535e-06
7.660003493e-06
0.01250601999
-1.781660265e-06
7.538971982e-06
0.01250634013
-1.544846084e-06
7.473743148e-06
0.01250656299
-1.361299969e-06
7.413948582e-06
0.01250671587
-1.199044028e-06
7.362636473e-06
0.01250682029
-1.067099665e-06
7.289972266e-06
0.01250690106
-9.340672231e-07
7.215372297e-06
0.01250690949
-8.110194617e-07
7.11854264e-06
-6.018956533e-07
7.025753053e-06
0.0124998098
6.02325131e-07
-1.825803448e-07
0.01249926286
1.809253405e-06
-5.947436623e-07
0.01249840843
3.334822123e-06
-1.388925098e-06
0.01249741591
5.450912181e-06
-3.024624676e-06
0.01249680022
8.497143662e-06
-6.394441873e-06
0.01249774322
1.282678183e-05
-1.288492031e-05
0.01250278312
1.872048118e-05
-2.473451593e-05
0.01251518434
2.554777643e-05
-4.213887532e-05
0.01253849762
3.152693523e-05
-6.321074733e-05
0.01256514231
3.156240846e-05
-6.824582638e-05
0.0125829267
2.194414159e-05
-4.630413871e-05
0.01258830862
6.918877074e-06
-1.28750479e-05
0.01258186885
-8.197707241e-06
1.946968835e-05
0.0125644823
-2.199898071e-05
4.833842131e-05
0.01254005172
-3.096542159e-05
6.617740758e-05
0.01251614291
-3.263290583e-05
6.571895586e-05
0.01250449788
-2.580978363e-05
4.049826099e-05
0.01250179171
-1.738591491e-05
1.90471173e-05
0.0125013585
-1.229542231e-05
1.069046527e-05
0.01250171856
-9.001457503e-06
6.672569151e-06
0.01250259253
-6.565635733e-06
3.681294921e-06
0.01250350751
-4.756569971e-06
1.863482603e-06
0.01250424976
-3.610136145e-06
1.097310522e-06
0.0125048217
-2.849365088e-06
7.427322682e-07
0.01250525216
-2.36409466e-06
5.608828764e-07
0.01250557056
-2.042944643e-06
5.052969055e-07
0.01250580059
-1.843552028e-06
5.281562588e-07
0.01250596747
-1.706869418e-06
5.872883251e-07
0.01250609115
-1.630424737e-06
6.609164891e-07
0.01250618618
-1.57013679e-06
7.571857567e-07
0.01250630664
-1.576285032e-06
8.363703568e-07
-1.623517845e-06
1.008258528e-06
0.01249988316
7.907977123e-07
-1.553477438e-07
0.01249955363
2.370107699e-06
-5.013761134e-07
0.01249909872
4.31957198e-06
-1.143093305e-06
0.0124987441
6.932232851e-06
-2.414414264e-06
0.01249903124
1.052265005e-05
-4.903524432e-06
0.0125010309
1.534105533e-05
-9.445565264e-06
0.01250667266
2.142084326e-05
-1.714961919e-05
0.01251805208
2.790291802e-05
-2.777045062e-05
0.0125366994
3.284885986e-05
-3.951658215e-05
0.01255763561
3.217800099e-05
-4.264692109e-05
0.01257231496
2.282961931e-05
-3.093706558e-05
0.01257690929
7.391811973e-06
-1.029568668e-05
0.01257174883
-8.28528368e-06
1.035170141e-05
0.01255780732
-2.241685326e-05
2.837850371e-05
0.0125385744
-3.157712388e-05
3.936520896e-05
0.01251975007
-3.381516283e-05
3.972431471e-05
0.01250888037
-2.849988132e-05
2.746425684e-05
0.01250497279
-2.065069232e-05
1.482056599e-05
0.01250355706
-1.50999532e-05
8.725963891e-06
0.01250317163
-1.131669017e-05
5.794188952e-06
0.0125034303
-8.412317421e-06
3.680016432e-06
0.01250393881
-6.18821851e-06
2.348013151e-06
0.01250443013
-4.701988347e-06
1.703765107e-06
0.01250482327
-3.697785093e-06
1.440914781e-06
0.01250514196
-3.042629353e-06
1.276004448e-06
0.01250537915
-2.585216062e-06
1.175036821e-06
0.0125055324
-2.278521208e-06
1.127255202e-06
0.01250563341
-2.063581726e-06
1.077999859e-06
0.01250570925
-1.929802438e-06
1.024693357e-06
0.01250576555
-1.825252385e-06
9.692376879e-07
0.01250576559
-1.756507425e-06
9.244627677e-07
-1.656173702e-06
8.576324043e-07
0.01249997065
8.772983606e-07
-1.234153212e-07
0.01249988934
2.632534072e-06
-3.933001578e-07
0.0124998737
4.738372674e-06
-8.717137496e-07
0.01250017073
7.460927622e-06
-1.776501189e-06
0.01250127729
1.103506281e-05
-3.456565765e-06
0.01250404808
1.557883157e-05
-6.362345186e-06
0.01250979751
2.093906696e-05
-1.099368503e-05
0.01251975373
2.623712713e-05
-1.708011327e-05
0.01253436294
2.973292735e-05
-2.330321283e-05
0.01255040312
2.850580743e-05
-2.501350244e-05
0.01256204816
2.047374694e-05
-1.881650265e-05
0.01256585642
6.929883322e-06
-6.80372177e-06
0.01256193083
-6.961096101e-06
5.37993818e-06
0.01255121772
-1.940489838e-05
1.577918879e-05
0.01253639061
-2.756029651e-05
2.201753137e-05
0.01252156559
-2.996158107e-05
2.240724869e-05
0.01251169356
-2.635794845e-05
1.610091488e-05
0.01250715807
-2.002534142e-05
8.385287042e-06
0.01250506017
-1.492695803e-05
4.199412888e-06
0.01250402749
-1.125958687e-05
2.248239225e-06
0.0125036707
-8.360591634e-06
9.403856931e-07
0.01250371867
-6.077605106e-06
-4.383468378e-09
0.01250387725
-4.474556424e-06
-4.416152904e-07
0.01250404343
-3.401184861e-06
-5.992156682e-07
0.01250418837
-2.670904753e-06
-6.861429543e-07
0.01250430893
-2.177688624e-06
-7.191357319e-07
0.01250439883
-1.837066664e-06
-7.166736001e-07
0.01250447359
-1.623152938e-06
-7.005193402e-07
0.01250452769
-1.475277426e-06
-6.808204563e-07
0.01250457199
-1.39716276e-06
-6.220378065e-07
0.0125046335
-1.375742606e-06
-5.755538868e-07
-1.399653214e-06
-4.794355794e-07
0.01250004894
8.711688818e-07
-9.291532086e-08
0.01250020763
2.608036746e-06
-2.914537325e-07
0.0125005923
4.643416809e-06
-6.274213253e-07
0.01250143832
7.186697181e-06
-1.234108248e-06
0.0125031587
1.038792833e-05
-2.304215827e-06
0.01250638169
1.426258928e-05
-4.065619585e-06
0.01251193697
1.856468185e-05
-6.718169164e-06
0.01252045923
2.251605478e-05
-1.004188134e-05
0.01253184477
2.473802874e-05
-1.320855267e-05
0.0125439074
2.327912255e-05
-1.406771894e-05
0.01255284365
1.683232035e-05
-1.090563712e-05
0.01255594242
5.955731989e-06
-4.351900839e-06
0.01255309608
-5.342400255e-06
2.558167513e-06
0.01254510185
-1.551553014e-05
8.542924929e-06
0.01253388327
-2.239304247e-05
1.219622577e-05
0.01252245574
-2.480228895e-05
1.27993851e-05
0.01251400268
-2.273516412e-05
9.995184484e-06
0.01250931745
-1.818945633e-05
5.971301979e-06
0.01250670954
-1.399230973e-05
3.504466721e-06
0.01250512957
-1.076767612e-05
2.304112551e-06
0.01250425321
-8.157020303e-06
1.474446183e-06
0.01250385635
-6.048366174e-06
8.574511282e-07
0.01250368916
-4.493864235e-06
5.044204383e-07
0.01250362518
-3.420266008e-06
3.223583847e-07
0.01250360805
-2.665409576e-06
2.039441316e-07
0.01250361589
-2.145330653e-06
1.210189472e-07
0.01250362763
-1.769165813e-06
5.715849928e-08
0.01250364391
-1.528303825e-06
1.084742593e-08
0.01250365407
-1.344662919e-06
-3.432744312e-08
0.01250366647
-1.240813315e-06
-7.924689974e-08
0.01250365417
-1.17544173e-06
-1.13271094e-07
-1.119507092e-06
-1.456092094e-07
0.01250011801
7.837279709e-07
-6.647205881e-08
0.01250047502
2.34659593e-06
-2.07517826e-07
0.01250118069
4.13791972e-06
-4.341119984e-07
0.01250243747
6.310946798e-06
-8.245065285e-07
0.01250456338
8.94881428e-06
-1.480705655e-06
0.01250798838
1.20080326e-05
-2.511185192e-06
0.01251319229
1.523015055e-05
-3.983808005e-06
0.01252043348
1.799300408e-05
-5.750462652e-06
0.0125293765
1.929350974e-05
-7.3369096e-06
0.01253848955
1.788246764e-05
-7.758695646e-06
0.01254533133
1.293769097e-05
-6.155359273e-06
0.0125478588
4.720034171e-06
-2.675638313e-06
0.01254584429
-3.842377523e-06
1.108143185e-06
0.01253987213
-1.162333518e-05
4.393832289e-06
0.01253140278
-1.69717044e-05
6.385859564e-06
0.01252250408
-1.908801554e-05
6.719594784e-06
0.01251528912
-1.799280801e-05
5.287801759e-06
0.01251060996
-1.489962263e-05
3.050347556e-06
0.01250764785
-1.168587387e-05
1.486235803e-06
0.01250566837
-9.061372458e-06
6.681434614e-07
0.01250439146
-6.902470993e-06
1.286886616e-07
0.01250363179
-5.121195835e-06
-2.681462397e-07
0.01250318683
-3.780696043e-06
-4.852027993e-07
0.01250291249
-2.824564846e-06
-5.87651527e-07
0.01250274441
-2.155959128e-06
-6.31012451e-07
0.01250263706
-1.677992068e-06
-6.575215997e-07
0.01250257403
-1.347700326e-06
-6.580665717e-07
0.01250252905
-1.12002779e-06
-6.549995314e-07
0.01250250426
-9.716856112e-07
-6.338573396e-07
0.01250248363
-8.75622958e-07
-6.159976117e-07
0.01250248118
-8.354757718e-07
-5.991934305e-07
-8.38530046e-07
-5.659945304e-07
0.01250016941
6.357306429e-07
-4.65481124e-08
0.01250067893
1.903435092e-06
-1.44204194e-07
0.0125016208
3.33128078e-06
-2.935766367e-07
0.01250315853
5.022016172e-06
-5.392986794e-07
0.01250552394
7.015177411e-06
-9.336135799e-07
0.01250899268
9.247202102e-06
-1.525591982e-06
0.01251381104
1.149904599e-05
-2.332217676e-06
0.01252001832
1.331422791e-05
-3.261094583e-06
0.01252719344
1.403012e-05
-4.053324989e-06
0.01253424334
1.284770729e-05
-4.253466332e-06
0.0125395527
9.258405358e-06
-3.439163974e-06
0.01254161515
3.428908e-06
-1.612017125e-06
0.01254018016
-2.595251332e-06
4.185105736e-07
0.01253567407
-8.156025276e-06
2.220123953e-06
0.01252918245
-1.205561632e-05
3.344593683e-06
0.01252213083
-1.374591005e-05
3.619100512e-06
0.01251598081
-1.32692098e-05
3.029319898e-06
0.0125115001
-1.134373379e-05
1.977091273e-06
0.0125083854
-9.111757144e-06
1.159066885e-06
0.01250616499
-7.17345493e-06
7.144129477e-07
0.01250461465
-5.544337629e-06
4.191887862e-07
0.01250358788
-4.175904327e-06
1.908994634e-07
0.01250291537
-3.122607016e-06
5.152648641e-08
0.01250246571
-2.350359108e-06
-2.358516643e-08
0.01250216329
-1.803490604e-06
-7.145256732e-08
0.0125019588
-1.402195588e-06
-1.072398828e-07
0.01250182241
-1.124858814e-06
-1.32513427e-07
0.01250172856
-9.238684554e-07
-1.550774679e-07
0.0125016643
-7.956380581e-07
-1.722961681e-07
0.0125016165
-7.011713329e-07
-1.931905073e-07
0.01250156511
-6.48355756e-07
-2.083507084e-07
-6.166852494e-07
-2.264811301e-07
0.01250020532
4.454353855e-07
-3.267067067e-08
0.0125008213
1.333659081e-06
-1.004133723e-07
0.01250192277
2.321595948e-06
-1.993453741e-07
0.01250363743
3.470778296e-06
-3.546289837e-07
0.01250612949
4.796720278e-06
-5.927808631e-07
0.01250956569
6.243399364e-06
-9.347546592e-07
0.01251404814
7.657415338e-06
-1.380918688e-06
0.01251949304
8.741734654e-06
-1.872833808e-06
0.01252548203
9.107739016e-06
-2.279363992e-06
0.01253116533
8.279168106e-06
-2.372913317e-06
0.01253538996
5.949422983e-06
-1.946409102e-06
0.01253710423
2.178075767e-06
-9.766020499e-07
0.0125360577
-1.594881944e-06
1.113680068e-07
0.01253254578
-5.154679408e-06
1.103443481e-06
0.01252736226
-7.680026125e-06
1.736487797e-06
0.01252156477
-8.836307868e-06
1.907833582e-06
0.01251621187
-8.663025209e-06
1.615259956e-06
0.01251194887
-7.554053518e-06
1.044028008e-06
0.0125087575
-6.154220539e-06
5.345540836e-07
0.01250637361
-4.870585054e-06
2.09090066e-07
0.01250462869
-3.777400931e-06
-1.558015033e-08
0.01250340236
-2.845619328e-06
-1.88773181e-07
0.01250255616
-2.125356274e-06
-2.953303045e-07
0.01250196928
-1.582912247e-06
-3.554859081e-07
0.01250156216
-1.203272718e-06
-3.85863556e-07
0.01250127966
-9.164628369e-07
-4.04962818e-07
0.01250108548
-7.254146206e-07
-4.105369225e-07
0.01250094781
-5.761890772e-07
-4.168455483e-07
0.01250085055
-4.901603638e-07
-4.162696023e-07
0.01250077886
-4.247859918e-07
-4.097615388e-07
0.01250072912
-3.949072919e-07
-4.045087961e-07
-3.917235122e-07
-3.935600395e-07
0.01250022757
2.289293217e-07
-2.405544005e-08
0.0125009096
6.85429109e-07
-7.343926748e-08
0.01250210746
1.189356588e-06
-1.425592551e-07
0.01250392252
1.769152488e-06
-2.46283531e-07
0.01250647344
2.429543633e-06
-3.985840413e-07
0.01250985947
3.138145079e-06
-6.082297159e-07
0.01251410028
3.819148692e-06
-8.70195106e-07
0.01251905342
4.321016827e-06
-1.147934481e-06
0.01252430397
4.493494293e-06
-1.367758042e-06
0.01252920491
4.038817829e-06
-1.415041826e-06
0.01253274979
2.952094261e-06
-1.170832207e-06
0.01253417463
1.047496236e-06
-6.233906281e-07
0.01253337516
-7.804350871e-07
-2.24080306e-08
0.01253047278
-2.506503951e-06
5.569952648e-07
0.01252608959
-3.728098055e-06
9.371074872e-07
0.01252107778
-4.310197597e-06
1.054272368e-06
0.01251626174
-4.269078402e-06
9.195692536e-07
0.01251219325
-3.770925935e-06
6.290000294e-07
0.01250898977
-3.106382457e-06
3.501433353e-07
0.01250652719
-2.476540306e-06
1.616372635e-07
0.01250467416
-1.934757034e-06
3.543671427e-08
0.01250333153
-1.469303023e-06
-5.872575109e-08
0.01250237514
-1.108040877e-06
-1.175943575e-07
0.01250170055
-8.307865332e-07
-1.517797872e-07
0.01250122156
-6.380256319e-07
-1.704092982e-07
0.01250088774
-4.896869077e-07
-1.832013349e-07
0.01250065303
-3.932058052e-07
-1.919842058e-07
0.01250048829
-3.095670477e-07
-2.000215457e-07
0.01250036524
-2.631586958e-07
-2.035444891e-07
0.01250027624
-2.286389001e-07
-2.084846335e-07
0.01250020041
-2.096913992e-07
-2.114820518e-07
-1.981489389e-07
-2.186538204e-07
0.01250023812
-1.996328705e-08
0.01250095148
-6.068836758e-08
0.01250219427
-1.1608435e-07
0.01250405396
-1.966246061e-07
0.01250662691
-3.112642089e-07
0.01250997912
-4.641706382e-07
0.01251409824
-6.496034695e-07
0.0125188076
-8.392867753e-07
0.01252375871
-9.874230915e-07
0.01252826506
-1.005008166e-06
0.01253162168
-8.689289226e-07
0.01253285136
-3.864976222e-07
0.01253209876
-5.213052514e-08
0.01252943725
3.43637921e-07
0.01252542836
6.151008425e-07
0.0125207958
7.053314115e-07
0.01251624258
6.248809826e-07
0.01251227798
4.324144587e-07
0.01250907303
2.289965774e-07
0.01250657078
7.23553814e-08
0.01250466285
-4.042017018e-08
0.01250325997
-1.260114188e-07
0.01250224508
-1.835485786e-07
0.01250152422
-2.199962086e-07
0.01250100641
-2.419308918e-07
0.01250064457
-2.578976449e-07
0.01250038476
-2.700304788e-07
0.01250020774
-2.697634182e-07
0.01250007688
-2.684425159e-07
0.0124999803
-2.675477384e-07
0.01249990238
-2.666899092e-07
-2.662808557e-07
0.01250023581
-2.300183876e-07
-2.478395968e-08
0.01250094258
-6.89134651e-07
-7.53692781e-08
0.01250217446
-1.197956943e-06
-1.447986398e-07
0.01250401939
-1.787008023e-06
-2.465725026e-07
0.01250657536
-2.463478746e-06
-3.92361554e-07
0.01250991199
-3.197352402e-06
-5.87907156e-07
0.01251402288
-3.914044115e-06
-8.260146026e-07
0.01251873875
-4.458603143e-06
-1.070509256e-06
0.01252371326
-4.669602608e-06
-1.260313046e-06
0.0125282599
-4.232997021e-06
-1.279243388e-06
0.01253164651
-3.119375069e-06
-1.089826705e-06
0.01253289933
-1.142737074e-06
-4.37752924e-07
0.01253212981
7.702514927e-07
1.273560664e-08
0.0125294314
2.56839507e-06
5.48994324e-07
0.01252537664
3.831714154e-06
9.244073463e-07
0.0125207029
4.416882212e-06
1.059991793e-06
0.01251613006
4.339854035e-06
9.677001369e-07
0.01251217641
3.782339152e-06
7.248458507e-07
0.01250900117
3.068429689e-06
4.667783961e-07
0.0125065269
2.415812233e-06
2.707715517e-07
0.0125046414
1.861606873e-06
1.304401694e-07
0.01250325762
1.386351076e-06
2.310055851e-08
0.01250225793
1.01946768e-06
-4.866759271e-08
0.01250154845
7.405033449e-07
-9.485633581e-08
0.01250103807
5.493844603e-07
-1.235939516e-07
0.01250068448
3.95012535e-07
-1.438829783e-07
0.01250043197
2.945373826e-07
-1.500860878e-07
0.01250025778
2.178132344e-07
-1.514477906e-07
0.01250012926
1.720295163e-07
-1.513387325e-07
0.01250003529
1.398279194e-07
-1.525831646e-07
0.01249995865
1.228049919e-07
-1.524679601e-07
1.124293995e-07
-1.506212784e-07
0.01250022478
-4.477409547e-07
-3.012623603e-08
0.01250089871
-1.341501503e-06
-9.201740137e-08
0.01250208293
-2.340038934e-06
-1.794153063e-07
0.01250387902
-3.509660807e-06
-3.116223474e-07
0.01250640748
-4.871837603e-06
-5.071160121e-07
0.01250977238
-6.376794705e-06
-7.779239747e-07
0.01251400231
-7.874809187e-06
-1.118723913e-06
0.01251896604
-9.061557812e-06
-1.48265495e-06
0.01252425594
-9.522497808e-06
-1.772843319e-06
0.0125292156
-8.734254634e-06
-1.834985082e-06
0.01253281362
-6.340827907e-06
-1.500966018e-06
0.01253426721
-2.399478936e-06
-7.640722889e-07
0.01253344472
1.587191858e-06
4.824877872e-08
0.01253048897
5.322799881e-06
8.336771535e-07
0.0125260386
7.948380198e-06
1.357249027e-06
0.01252096536
9.111495344e-06
1.530727567e-06
0.01251612146
8.847831338e-06
1.365298748e-06
0.01251207118
7.592737782e-06
9.897236811e-07
0.01250890776
6.080110258e-06
6.320083346e-07
0.01250647981
4.747772419e-06
3.980991398e-07
0.01250465196
3.63127395e-06
2.414513569e-07
0.01250333165
2.677560775e-06
1.236544862e-07
0.01250239177
1.948213932e-06
5.049447693e-08
0.01250172971
1.402182077e-06
8.643897964e-09
0.01250125982
1.026499201e-06
-1.704381939e-08
0.01250093279
7.32999296e-07
-3.362455622e-08
0.0125006975
5.449033816e-07
-4.6960112e-08
0.01250053386
3.979871299e-07
-5.638646898e-08
0.01250040971
3.147085291e-07
-6.399070893e-08
0.01250031953
2.489021947e-07
-7.194500907e-08
0.01250024514
2.190371108e-07
-7.805557806e-08
1.914649274e-07
-8.304584181e-08
0.01250020144
-6.394611142e-07
-4.138830996e-08
0.01250080597
-1.916133712e-06
-1.272851647e-07
0.01250188757
-3.3617932e-06
-2.538044424e-07
0.01250357342
-5.087970507e-06
-4.539057513e-07
0.01250602975
-7.146031127e-06
-7.63128349e-07
0.01250943073
-9.485930361e-06
-1.210657147e-06
0.01251389493
-1.189894229e-05
-1.800500021e-06
0.01251936061
-1.391647163e-05
-2.458407169e-06
0.01252542667
-1.482557107e-05
-3.012463572e-06
0.01253122155
-1.371871139e-05
-3.14808807e-06
0.01253554891
-1.000530039e-05
-2.566506982e-06
0.01253730622
-3.822619418e-06
-1.257943775e-06
0.01253622123
2.626724858e-06
2.188796609e-07
0.01253261589
8.536246615e-06
1.567670106e-06
0.01252731216
1.263443737e-05
2.437361242e-06
0.01252140363
1.434006794e-05
2.681365887e-06
0.01251599716
1.368447962e-05
2.289704107e-06
0.01251176642
1.146688616e-05
1.513541578e-06
0.0125086372
9.029487486e-06
8.355804118e-07
0.0125063002
7.009755596e-06
4.182537047e-07
0.01250458919
5.337327291e-06
1.323329973e-07
0.0125033913
3.924165973e-06
-9.045438324e-08
0.01250256651
2.85051961e-06
-2.273200848e-07
0.01250199633
2.06570905e-06
-3.001170537e-07
0.0125016026
1.517649976e-06
-3.345804909e-07
0.01250132951
1.109446127e-06
-3.527288591e-07
0.01250114568
8.305961037e-07
-3.577700752e-07
0.01250101698
6.284093877e-07
-3.543931981e-07
0.0125009285
5.033581886e-07
-3.472171412e-07
0.01250086604
4.104917586e-07
-3.366504452e-07
0.01250081289
3.708122574e-07
-3.27528885e-07
3.568142012e-07
-3.180438666e-07
0.01250016362
-7.890708657e-07
-5.955774916e-08
0.01250065581
-2.364803214e-06
-1.846679352e-07
0.0125015665
-4.183046687e-06
-3.775770262e-07
0.01250305673
-6.411852064e-06
-6.973233259e-07
0.01250536006
-9.156386004e-06
-1.21485473e-06
0.01250876372
-1.240041169e-05
-1.999341332e-06
0.01251354667
-1.591223811e-05
-3.083148557e-06
0.01251979287
-1.905138892e-05
-4.351195523e-06
0.01252713394
-2.073323773e-05
-5.464557292e-06
0.01253441315
-1.945534291e-05
-5.771744624e-06
0.01253990274
-1.425366795e-05
-4.649714565e-06
0.01254203827
-5.352251787e-06
-2.176474063e-06
0.01254053204
3.998778556e-06
6.026583745e-07
0.01253585409
1.241918912e-05
3.074158874e-06
0.01252913108
1.813155551e-05
4.638030327e-06
0.01252187531
2.025676823e-05
5.032131263e-06
0.01251564833
1.879309528e-05
4.229615691e-06
0.01251123861
1.515281181e-05
2.782377167e-06
0.01250822543
1.159927259e-05
1.688423057e-06
0.01250607394
8.860706892e-06
1.119207956e-06
0.01250457183
6.635220064e-06
7.444637304e-07
0.01250358287
4.786965748e-06
4.499737459e-07
0.01250293097
3.418595947e-06
2.738805511e-07
0.01250249115
2.451970401e-06
1.701065714e-07
0.01250218886
1.779395529e-06
1.000515724e-07
0.01250198016
1.293595964e-06
3.9327429e-08
0.0125018373
9.53626698e-07
-5.917318265e-09
0.0125017352
7.193570108e-07
-4.296989424e-08
0.01250166199
5.654009028e-07
-7.148529156e-08
0.01250160708
4.58368983e-07
-9.521114706e-08
0.01250157332
3.920127618e-07
-1.105013746e-07
3.424578016e-07
-1.255902764e-07
0.01250010931
-8.782768479e-07
-8.559221557e-08
0.01250043945
-2.631355296e-06
-2.680994876e-07
0.01250109507
-4.704476455e-06
-5.630001604e-07
0.0125022714
-7.32946005e-06
-1.075196415e-06
0.01250428593
-1.069530522e-05
-1.945434985e-06
0.01250758595
-1.486964658e-05
-3.328786558e-06
0.01251271527
-1.966927703e-05
-5.343075462e-06
0.01252002488
-2.429302875e-05
-7.808809155e-06
0.01252930876
-2.723785768e-05
-1.011513706e-05
0.01253888563
-2.601407475e-05
-1.078174851e-05
0.01254605215
-1.904416075e-05
-8.532321941e-06
0.01254870588
-6.901064275e-06
-3.770557368e-06
0.01254655521
5.791373817e-06
1.482398478e-06
0.01254025396
1.710955424e-05
6.027579997e-06
0.01253133256
2.465374963e-05
8.807754507e-06
0.01252202923
2.708659435e-05
9.210806311e-06
0.01251469471
2.431322202e-05
7.116968219e-06
0.01251016702
1.878975145e-05
3.931199545e-06
0.01250737038
1.405117513e-05
1.816610852e-06
0.01250549666
1.063471079e-05
7.724189301e-07
0.01250430086
7.888857366e-06
8.377878618e-08
0.01250361318
5.635841421e-06
-4.232328018e-07
0.01250321809
4.016222193e-06
-6.701978361e-07
0.01250298596
2.893617977e-06
-7.613554393e-07
0.0125028457
2.126956357e-06
-7.652509297e-07
0.01250276747
1.570241626e-06
-7.423483329e-07
0.01250272109
1.195169262e-06
-7.099369311e-07
0.01250269781
9.284095823e-07
-6.684893905e-07
0.01250268348
7.662310686e-07
-6.355214212e-07
0.01250267628
6.531261743e-07
-6.065620611e-07
0.01250264609
6.140891788e-07
-5.925880082e-07
6.441763962e-07
-5.74506785e-07
0.01250003403
-8.848865785e-07
-1.195114738e-07
0.01250015305
-2.659756177e-06
-3.791065685e-07
0.01250045865
-4.813022134e-06
-8.196162547e-07
0.01250116935
-7.645223258e-06
-1.62192981e-06
0.01250269032
-1.145504351e-05
-3.05689576e-06
0.01250567239
-1.645308573e-05
-5.456534576e-06
0.0125110677
-2.262010545e-05
-9.163050772e-06
0.01251970145
-2.90602326e-05
-1.392533032e-05
0.01253179195
-3.387483828e-05
-1.87103774e-05
0.01254475813
-3.301685868e-05
-2.010151771e-05
0.01255426074
-2.395557786e-05
-1.556403378e-05
0.01255756715
-8.240874237e-06
-6.380664887e-06
0.01255449103
7.949424309e-06
3.412507159e-06
0.01254589387
2.228049018e-05
1.190725273e-05
0.01253384524
3.156388801e-05
1.725267424e-05
0.0125216587
3.387482217e-05
1.807888061e-05
0.01251305775
2.890555176e-05
1.385928173e-05
0.01250866613
2.097495309e-05
7.958857258e-06
0.01250631726
1.510846765e-05
4.568997038e-06
0.01250487918
1.118950393e-05
3.031874442e-06
0.01250410068
8.076731975e-06
1.956596511e-06
0.01250375556
5.616828938e-06
1.092010491e-06
0.01250359966
3.930707988e-06
5.677155977e-07
0.01250352852
2.795032588e-06
2.436370843e-07
0.01250349889
2.034862216e-06
1.155339036e-08
0.01250349539
1.484557308e-06
-1.75456341e-07
0.01250350204
1.121778511e-06
-3.025552183e-07
0.01250350951
8.662771521e-07
-4.022778599e-07
0.01250352221
6.968170075e-07
-4.579249614e-07
0.01250353135
6.012104064e-07
-5.09269793e-07
0.01250358159
5.280212749e-07
-5.343214037e-07
4.491193762e-07
-5.495371903e-07
0.01249995129
-7.978966128e-07
-1.610061621e-07
0.01249981023
-2.39593678e-06
-5.136321383e-07
0.01249967181
-4.397616899e-06
-1.14454573e-06
0.01249974766
-7.14022991e-06
-2.351936426e-06
0.01250050676
-1.103210969e-05
-4.634305333e-06
0.01250282463
-1.647204336e-05
-8.663520896e-06
0.01250823581
-2.3742614e-05
-1.530800559e-05
0.0125183486
-3.200062803e-05
-2.431944791e-05
0.01253439927
-3.919895474e-05
-3.417945925e-05
0.01255211755
-3.903207492e-05
-3.691831638e-05
0.01256468896
-2.781688296e-05
-2.772016175e-05
0.01256882991
-8.92911698e-06
-1.0452279e-05
0.01256450019
1.041959099e-05
7.038970598e-06
0.01255269316
2.760541851e-05
2.203970036e-05
0.0125362744
3.859705026e-05
3.112708341e-05
0.01252006703
4.067178162e-05
3.142765259e-05
0.01251007434
3.28781589e-05
2.163117757e-05
0.01250605321
2.249038151e-05
1.018808376e-05
0.0125043714
1.569859583e-05
4.497286462e-06
0.01250362419
1.1376753e-05
2.064802115e-06
0.01250354759
7.947342831e-06
4.824791538e-07
0.01250379522
5.341488153e-06
-4.500674434e-07
0.0125040758
3.62891899e-06
-7.466251772e-07
0.01250432438
2.510080148e-06
-6.845741886e-07
0.01250453431
1.772394525e-06
-5.816746321e-07
0.01250468169
1.277638927e-06
-4.837179272e-07
0.01250478071
9.5620306e-07
-3.986474336e-07
0.01250485131
7.426730384e-07
-3.307616494e-07
0.01250490415
6.061358886e-07
-2.857329463e-07
0.01250494927
5.395114735e-07
-2.636490121e-07
0.01250492572
5.482987773e-07
-2.514043642e-07
6.765524151e-07
-2.597292387e-07
0.0124998571
-6.065366482e-07
-2.032029336e-07
0.01249944463
-1.826000879e-06
-6.56961035e-07
0.01249881126
-3.395776563e-06
-1.508654221e-06
0.01249811468
-5.634643812e-06
-3.220364719e-06
0.01249782453
-8.994944868e-06
-6.652163526e-06
0.0124990134
-1.403207368e-05
-1.309060519e-05
0.0125039802
-2.141920888e-05
-2.450452506e-05
0.01251554167
-3.061776465e-05
-4.085793577e-05
0.01253702692
-3.988538536e-05
-6.063567543e-05
0.01256080657
-4.037147374e-05
-6.549775772e-05
0.01257686049
-2.795113964e-05
-4.726535769e-05
0.01258206416
-8.570394655e-06
-1.630881306e-05
0.01257632777
1.132703094e-05
1.472942173e-05
0.01256052323
2.930319304e-05
4.202214435e-05
0.01253843716
4.083708196e-05
5.86552842e-05
0.01251725279
4.229724462e-05
5.849288264e-05
0.01250650637
3.161662109e-05
3.84617197e-05
0.01250333725
2.015224769e-05
1.900180547e-05
0.01250234763
1.357390082e-05
1.043449111e-05
0.01250219085
9.471785486e-06
6.468646668e-06
0.01250266292
6.442808003e-06
3.10315449e-06
0.01250328544
4.305220315e-06
7.077320797e-07
0.01250383772
3.028115528e-06
-6.614675104e-07
0.01250427564
2.177843708e-06
-1.421575212e-06
0.01250463625
1.641388553e-06
-1.946222999e-06
0.01250490783
1.264724398e-06
-2.271258098e-06
0.01250511069
1.041040474e-06
-2.476071135e-06
0.01250525595
9.006984998e-07
-2.605917286e-06
0.01250537451
8.085813183e-07
-2.687887479e-06
0.01250546345
7.553314059e-07
-2.703481744e-06
0.01250561334
6.986286687e-07
-2.715448423e-06
5.991850305e-07
-2.618604519e-06
0.01249977741
-3.268023493e-07
-2.39330672e-07
0.01249912611
-9.867849521e-07
-7.81478494e-07
0.01249803612
-1.85302502e-06
-1.840050994e-06
0.01249656385
-3.127485585e-06
-4.058387341e-06
0.01249507059
-5.128602915e-06
-8.773358021e-06
0.01249465352
-8.339237214e-06
-1.818605287e-05
0.01249837761
-1.352123164e-05
-3.645808801e-05
0.01251089104
-2.094407138e-05
-6.455278843e-05
0.01253956269
-2.9795053e-05
-0.0001025379354
0.0125706585
-3.063315884e-05
-0.0001097374098
0.01259008715
-2.040224146e-05
-7.379590582e-05
0.01259636723
-6.076514735e-06
-2.228490783e-05
0.01258921736
8.311398069e-06
2.892446687e-05
0.0125689429
2.174670034e-05
7.53639738e-05
0.01253951658
3.105089445e-05
0.0001043721727
0.01251139523
3.288520155e-05
0.0001016907465
0.01250066706
2.357166079e-05
5.720032757e-05
0.0124994204
1.371292243e-05
2.39966556e-05
0.01249996322
8.5038245e-06
1.269393495e-05
0.01250115321
4.886408042e-06
8.284816618e-06
0.01250268242
2.369376874e-06
5.437742532e-06
0.01250392523
7.270815783e-07
4.286126884e-06
0.01250481127
-1.345532995e-07
4.124186428e-06
0.01250544723
-6.759668835e-07
4.232946674e-06
0.01250589202
-9.556843982e-07
4.326011678e-06
0.01250619636
-1.126608734e-06
4.408992871e-06
0.01250641915
-1.190130146e-06
4.451812336e-06
0.01250658466
-1.186183335e-06
4.455343614e-06
0.01250668776
-1.144281186e-06
4.441149395e-06
0.01250674145
-1.081265444e-06
4.415389423e-06
0.01250669927
-9.866578476e-07
4.372123112e-06
-8.093086396e-07
4.331424761e-06
0.01249973168
3.807922852e-09
-2.606964761e-07
0.01249893934
1.162269318e-08
-8.55528887e-07
0.01249756879
2.126554444e-08
-2.040711298e-06
0.01249558832
3.451619338e-08
-4.591825821e-06
0.01249320678
5.630055797e-08
-1.019511232e-05
0.01249136075
9.209008145e-08
-2.197226559e-05
0.01249315588
1.696652472e-07
-4.636421716e-05
0.01250476568
2.945137761e-07
-8.837895938e-05
0.01253941261
5.66701739e-07
-0.0001553929178
0.01257709296
6.551772724e-07
-0.000170380577
0.0125994451
5.875412246e-07
-0.000113084813
0.01260729309
5.815475875e-07
-3.632279613e-05
0.01259995288
6.339637134e-07
3.788429232e-05
0.01257738199
7.437161562e-07
0.0001078563254
0.0125425519
9.637887631e-07
0.0001573138665
0.01250720956
1.397502064e-06
0.0001632460019
0.01249521014
2.201240585e-06
9.294958679e-05
0.01249468441
3.07758072e-06
3.597956372e-05
0.01249585967
3.537177339e-06
1.654020557e-05
0.01249810096
3.951481982e-06
4.802236963e-06
0.01250053757
4.132761006e-06
-2.972631857e-06
0.01250241941
4.423687924e-06
-7.244722377e-06
0.01250368733
4.498981714e-06
-8.861241823e-06
0.01250460426
4.507164793e-06
-9.8238271e-06
0.01250525588
4.494982925e-06
-1.032291475e-05
0.01250570968
4.461555023e-06
-1.055580267e-05
0.01250603362
4.412235363e-06
-1.059992349e-05
0.01250626316
4.353623402e-06
-1.057236975e-05
0.0125064377
4.289293174e-06
-1.046217859e-05
0.01250657012
4.214609917e-06
-1.035284495e-05
0.01250673052
4.104577664e-06
-1.018224631e-05
3.92604365e-06
-1.00116601e-05
0.01249973205
3.341262503e-07
-2.609084231e-07
0.01249894092
1.009081175e-06
-8.562170558e-07
0.012497573
1.893325904e-06
-2.041569504e-06
0.01249559803
3.191917752e-06
-4.593180005e-06
0.01249322788
5.228755556e-06
-1.019024479e-05
0.01249140925
8.493605135e-06
-2.195877033e-05
0.01249325474
1.375863216e-05
-4.624492775e-05
0.01250499144
2.128280533e-05
-8.80998808e-05
0.01253953643
3.023254229e-05
-0.0001539878745
0.01257711299
3.119618731e-05
-0.0001686211852
0.01259944728
2.114846596e-05
-0.0001118816372
0.01260729052
6.95663817e-06
-3.541270975e-05
0.01260000199
-7.318743092e-06
3.861389592e-05
0.01257751868
-2.065325973e-05
0.0001086378266
0.0125429116
-2.976487188e-05
0.0001582827485
0.01250776032
-3.141254123e-05
0.0001654516419
0.01249598094
-2.18824494e-05
9.774127255e-05
0.01249557873
-1.19764534e-05
4.434193211e-05
0.01249682772
-7.013950827e-06
2.785838992e-05
0.01249909431
-3.78052295e-06
1.883140724e-05
0.01250149634
-1.543444383e-06
1.338476554e-05
0.01250331874
-8.735828686e-08
1.113391379e-05
0.01250458701
6.229941132e-07
1.049573751e-05
0.01250545323
9.963270635e-07
1.030462476e-05
0.01250605507
1.181726389e-06
1.025038719e-05
0.01250646031
1.249763661e-06
1.028029772e-05
0.01250673582
1.251875525e-06
1.029880743e-05
0.01250691688
1.21105119e-06
1.032414939e-05
0.01250704821
1.148603823e-06
1.029933416e-05
0.01250713338
1.068300662e-06
1.027651226e-05
0.01250708355
1.028935823e-06
1.024401156e-05
1.018016897e-06
1.027160106e-05
0.01249977844
6.130552704e-07
-2.399476536e-07
0.01249913043
1.845723158e-06
-7.833702532e-07
0.01249804737
3.430378456e-06
-1.842920071e-06
0.01249658878
5.687316173e-06
-4.061429853e-06
0.01249512139
9.069263766e-06
-8.767560337e-06
0.01249475218
1.413188384e-05
-1.815399121e-05
0.01249853811
2.153860354e-05
-3.630041261e-05
0.01251112556
3.075396273e-05
-6.419748389e-05
0.01253964644
3.999596736e-05
-0.0001014950511
0.01257068177
4.052948271e-05
-0.0001086144502
0.01259015034
2.820344774e-05
-7.282769874e-05
0.01259645919
8.837907129e-06
-2.106516327e-05
0.01258938632
-1.100882246e-05
3.023263955e-05
0.01256925349
-2.893965875e-05
7.675765198e-05
0.01254001823
-4.045916084e-05
0.0001061069529
0.01251188397
-4.198371371e-05
0.0001044243955
0.0125010712
-3.134701493e-05
6.077559691e-05
0.01249949065
-2.005662205e-05
2.870783596e-05
0.01249968172
-1.343724003e-05
1.692268061e-05
0.01250069266
-9.223349096e-06
1.110445531e-05
0.01250205641
-5.988903774e-06
6.763001365e-06
0.01250319755
-3.709744111e-06
4.344736301e-06
0.01250404127
-2.291949163e-06
3.168532286e-06
0.01250466501
-1.403636031e-06
2.518963235e-06
0.01250511669
-8.325773875e-07
2.123500638e-06
0.01250543962
-4.634437812e-07
1.895576651e-06
0.01250568718
-2.409984191e-07
1.773473729e-06
0.0125058684
-8.452501233e-08
1.701653486e-06
0.01250599964
4.196868387e-09
1.674085695e-06
0.0125060906
4.286987285e-08
1.691655122e-06
0.01250624717
3.477895476e-08
1.673962381e-06
-8.012142765e-08
1.675666e-06
0.01249985854
8.033347239e-07
-2.041661164e-07
0.01249945057
2.412216637e-06
-6.598956253e-07
0.01249882613
4.425188218e-06
-1.513463393e-06
0.0124981457
7.179754549e-06
-3.226426393e-06
0.0124978823
1.108251875e-05
-6.653381872e-06
0.01249911303
1.653003044e-05
-1.307443835e-05
0.01250412531
2.379440866e-05
-2.441770724e-05
0.01251573205
3.203437913e-05
-4.065760631e-05
0.01253715162
3.9175394e-05
-6.01155738e-05
0.01256090052
3.898941369e-05
-6.485575996e-05
0.01257697082
2.781993072e-05
-4.662384848e-05
0.01258218314
8.944008362e-06
-1.561410511e-05
0.01257650098
-1.037749788e-05
1.540253635e-05
0.01256079279
-2.755575707e-05
4.270279876e-05
0.01253881025
-3.858399924e-05
5.947258635e-05
0.01251762586
-4.077066949e-05
5.969566496e-05
0.0125068913
-3.309098614e-05
3.994278706e-05
0.0125035526
-2.286732368e-05
2.096996514e-05
0.01250249885
-1.614294642e-05
1.248541464e-05
0.01250240713
-1.180111116e-05
8.463669291e-06
0.01250294354
-8.39508153e-06
5.54979019e-06
0.01250361795
-5.855853507e-06
3.819709246e-06
0.01250419308
-4.154188197e-06
2.990876252e-06
0.01250465676
-3.014621497e-06
2.588226109e-06
0.01250502061
-2.235235344e-06
2.314811296e-06
0.01250530247
-1.692122474e-06
2.121855305e-06
0.01250551367
-1.328942582e-06
2.004004901e-06
0.01250564928
-1.051753316e-06
1.909620669e-06
0.01250574814
-8.690777311e-07
1.799108671e-06
0.01250582201
-7.430524878e-07
1.681292098e-06
0.0125058457
-6.48483142e-07
1.584043566e-06
-5.649489005e-07
1.480676624e-06
0.01249995301
8.891736704e-07
-1.622628468e-07
0.01249981692
2.67239054e-06
-5.173840617e-07
0.01249968735
4.833990857e-06
-1.150942524e-06
0.01249977828
7.673499165e-06
-2.361185328e-06
0.01250056024
1.148778502e-05
-4.643785514e-06
0.0125029103
1.648465795e-05
-8.667036923e-06
0.01250835521
2.263744574e-05
-1.528162837e-05
0.01251849715
2.905008904e-05
-2.423776519e-05
0.01253452146
3.381461331e-05
-3.396674327e-05
0.01255221006
3.292627302e-05
-3.663895861e-05
0.01256478752
2.387818527e-05
-2.745221597e-05
0.01256894739
8.162078724e-06
-1.018166552e-05
0.01256466125
-8.030818286e-06
7.319403611e-06
0.01255292145
-2.238003302e-05
2.234326297e-05
0.01253657331
-3.17114674e-05
3.149313677e-05
0.01252038214
-3.412458186e-05
3.195233258e-05
0.01251040704
-2.926741862e-05
2.225244566e-05
0.01250626489
-2.149322291e-05
1.115334065e-05
0.01250446512
-1.572353036e-05
5.579767076e-06
0.01250363743
-1.177405702e-05
3.04887185e-06
0.01250348276
-8.632392814e-06
1.332367794e-06
0.01250364366
-6.136360172e-06
1.152214723e-07
0.01250385344
-4.419379269e-06
-3.862023266e-07
0.01250404406
-3.23125739e-06
-5.731931081e-07
0.01250420629
-2.436977051e-06
-6.466272244e-07
0.01250433245
-1.854047387e-06
-6.833740297e-07
0.01250441997
-1.48478092e-06
-6.483555996e-07
0.01250448781
-1.206014432e-06
-6.140941593e-07
0.01250453788
-1.047929715e-06
-5.520320874e-07
0.01250456722
-9.256636926e-07
-4.687715647e-07
0.01250463858
-8.798458939e-07
-4.155457232e-07
-8.785572418e-07
-3.634718751e-07
0.01250003593
8.814160412e-07
-1.210863553e-07
0.01250015902
2.640998587e-06
-3.831570257e-07
0.01250047294
4.719766998e-06
-8.271119691e-07
0.01250119663
7.349019813e-06
-1.633315951e-06
0.01250273596
1.071597118e-05
-3.071737448e-06
0.01250574175
1.488592381e-05
-5.472675117e-06
0.01251116086
1.967132312e-05
-9.171157572e-06
0.01251981316
2.427059553e-05
-1.391468585e-05
0.01253189585
2.717901812e-05
-1.865565045e-05
0.01254484872
2.592661345e-05
-2.002092996e-05
0.01255435951
1.895017622e-05
-1.548841128e-05
0.01255768186
6.803080232e-06
-6.31525693e-06
0.01255463458
-5.900376586e-06
3.47500736e-06
0.01254607876
-1.724044671e-05
1.195915906e-05
0.012534073
-2.482755207e-05
1.731806578e-05
0.01252189648
-2.733908261e-05
1.819040735e-05
0.01251329131
-2.465471401e-05
1.398765081e-05
0.01250881102
-1.924435582e-05
8.202723758e-06
0.01250637315
-1.457316933e-05
4.791980352e-06
0.01250489974
-1.113911164e-05
3.14257622e-06
0.01250412184
-8.379134552e-06
1.99909168e-06
0.01250378249
-6.119593957e-06
1.180033613e-06
0.01250364534
-4.515619751e-06
7.378104696e-07
0.01250359346
-3.376326958e-06
5.19315319e-07
0.0125035867
-2.60431157e-06
3.780363416e-07
0.01250359995
-2.023240051e-06
2.769638982e-07
0.0125036164
-1.64345276e-06
1.993757653e-07
0.01250363632
-1.347056449e-06
1.319686167e-07
0.01250365228
-1.16630718e-06
6.809512655e-08
0.01250366661
-1.01722224e-06
-2.019814033e-09
0.01250366867
-9.376318632e-07
-5.753792217e-08
-8.454326525e-07
-1.390384091e-07
0.01250011065
7.913742836e-07
-8.708089866e-08
0.01250044497
2.371708717e-06
-2.725435985e-07
0.0125011078
4.193822856e-06
-5.710006633e-07
0.01250229487
6.425019399e-06
-1.087578049e-06
0.01250432374
9.169185607e-06
-1.962789595e-06
0.01250764111
1.24084438e-05
-3.351070037e-06
0.0125127875
1.590876398e-05
-5.367647331e-06
0.01252011034
1.902931177e-05
-7.832010197e-06
0.01252939521
2.068618785e-05
-1.012895863e-05
0.01253896827
1.938568132e-05
-1.079081473e-05
0.01254613997
1.417354373e-05
-8.55043221e-06
0.01254880688
5.265782163e-06
-3.805252433e-06
0.01254667605
-4.098189877e-06
1.436785144e-06
0.01254040151
-1.254027121e-05
5.96820394e-06
0.01253150566
-1.8288717e-05
8.742870898e-06
0.0125222086
-2.047047633e-05
9.148048523e-06
0.01251486754
-1.907302889e-05
7.047180617e-06
0.01251029105
-1.550795021e-05
3.890428165e-06
0.01250744053
-1.200751059e-05
1.771096166e-06
0.01250553651
-9.268877721e-06
7.019316123e-07
0.01250432177
-7.03645531e-06
7.516212776e-10
0.01250360881
-5.180420603e-06
-4.943603033e-07
0.01250318992
-3.811499066e-06
-7.704295323e-07
0.01250293084
-2.827848443e-06
-8.770544066e-07
0.01250276982
-2.147125477e-06
-9.27175703e-07
0.0125026691
-1.642758037e-06
-9.372800404e-07
0.01250260613
-1.301592135e-06
-9.369557284e-07
0.01250256501
-1.051070222e-06
-9.098671246e-07
0.01250253603
-8.973100423e-07
-8.738762342e-07
0.01250251509
-7.821932212e-07
-8.300866626e-07
0.01250250935
-7.270754649e-07
-8.04010647e-07
-7.042956124e-07
-7.550265384e-07
0.01250016483
6.410418292e-07
-6.104504054e-08
0.01250066067
1.920855785e-06
-1.891891225e-07
0.01250157755
3.369030519e-06
-3.856630231e-07
0.01250307663
5.096494232e-06
-7.098582943e-07
0.01250539128
7.1537505e-06
-1.232831808e-06
0.01250880804
9.489700725e-06
-2.023604035e-06
0.01251360384
1.189442115e-05
-3.113677549e-06
0.01251986032
1.389910886e-05
-4.387368234e-06
0.01252720566
1.47920085e-05
-5.504491096e-06
0.01253448569
1.366921002e-05
-5.817021107e-06
0.01253998007
9.946379963e-06
-4.706376684e-06
0.01254212683
3.756132276e-06
-2.249127482e-06
0.01254063522
-2.704369186e-06
5.16290889e-07
0.01253597436
-8.631235414e-06
2.971951726e-06
0.0125292659
-1.275590792e-05
4.520243853e-06
0.0125220142
-1.449913584e-05
4.899465409e-06
0.01251577785
-1.388847062e-05
4.081111291e-06
0.01251133728
-1.171959832e-05
2.62931287e-06
0.01250828199
-9.317749267e-06
1.524589166e-06
0.01250609903
-7.300577809e-06
9.29077423e-07
0.01250457832
-5.623592046e-06
5.270380687e-07
0.01250357376
-4.204487177e-06
2.195196134e-07
0.01250291479
-3.13228866e-06
3.129006333e-08
0.01250247176
-2.341998957e-06
-6.640795428e-08
0.01250217262
-1.792132047e-06
-1.273031814e-07
0.01250196925
-1.379037134e-06
-1.675911565e-07
0.01250183192
-1.098786844e-06
-1.979876196e-07
0.01250173586
-8.895937454e-07
-2.204927967e-07
0.0125016713
-7.614831091e-07
-2.435666551e-07
0.01250162418
-6.622236642e-07
-2.660440331e-07
0.01250157569
-6.02474321e-07
-2.844604493e-07
-5.599048513e-07
-3.13860396e-07
0.01250020251
4.487227102e-07
-4.285650245e-08
0.01250081026
1.344430968e-06
-1.317436684e-07
0.01250189722
2.34447001e-06
-2.617486626e-07
0.01250359053
3.514742684e-06
-4.661860612e-07
0.01250605612
4.876196087e-06
-7.808099663e-07
0.01250946749
6.37844636e-06
-1.234871307e-06
0.01251394191
7.871198518e-06
-1.832117334e-06
0.0125194162
9.050018868e-06
-2.498033355e-06
0.01252548775
9.501344506e-06
-3.06025682e-06
0.01253128613
8.70292688e-06
-3.205001163e-06
0.0125356186
6.302947e-06
-2.635451765e-06
0.01253738492
2.355159687e-06
-1.341949974e-06
0.01253631066
-1.639233813e-06
1.204961416e-07
0.01253271635
-5.386499651e-06
1.453018213e-06
0.01252742107
-8.029251251e-06
2.305108373e-06
0.01252151317
-9.215173766e-06
2.531773803e-06
0.01251609854
-8.979793818e-06
2.121206941e-06
0.01251184543
-7.753339098e-06
1.330880989e-06
0.01250868608
-6.26106155e-06
6.372157555e-07
0.01250632617
-4.934446202e-06
2.028693931e-07
0.01250460002
-3.814814325e-06
-9.820333271e-08
0.01250339065
-2.861167098e-06
-3.227202793e-07
0.01250255574
-2.130060633e-06
-4.626541714e-07
0.01250197643
-1.582726475e-06
-5.354457116e-07
0.0125015736
-1.200048654e-06
-5.751144899e-07
0.0125012945
-9.124066705e-07
-5.924915875e-07
0.01250110046
-7.115996998e-07
-6.036881823e-07
0.01250096439
-5.641063538e-07
-6.062616795e-07
0.01250086794
-4.766520745e-07
-6.046478283e-07
0.01250079634
-4.087291354e-07
-5.916584936e-07
0.01250074611
-3.776825129e-07
-5.790781144e-07
-3.643960282e-07
-5.622930333e-07
0.01250022575
2.304876458e-07
-3.156781466e-08
0.01250090259
6.905338984e-07
-9.638736219e-08
0.01250209162
1.200057238e-06
-1.871735336e-07
0.01250389426
1.789378319e-06
-3.235612945e-07
0.0125064307
2.465443069e-06
-5.242686134e-07
0.01250980442
3.197957915e-06
-8.014607544e-07
0.01251404308
3.912116532e-06
-1.149770572e-06
0.01251901449
4.452903438e-06
-1.522232034e-06
0.01252431032
4.659477796e-06
-1.821721192e-06
0.01252927452
4.217816241e-06
-1.894131516e-06
0.01253287798
3.101039744e-06
-1.572381217e-06
0.01253433922
1.120488026e-06
-8.499625455e-07
0.01253352503
-7.963263622e-07
-5.112607585e-08
0.01253057701
-2.600175004e-06
7.186877184e-07
0.01252613155
-3.871838854e-06
1.225159205e-06
0.01252105829
-4.468045925e-06
1.380400049e-06
0.01251620567
-4.404079083e-06
1.196480331e-06
0.01251213767
-3.859607122e-06
8.032672356e-07
0.01250895235
-3.155821888e-06
4.302260166e-07
0.0125065035
-2.505937932e-06
1.819825593e-07
0.01250466132
-1.950999104e-06
1.379373361e-08
0.01250332771
-1.475343673e-06
-1.109373589e-07
0.01250237765
-1.107098945e-06
-1.904916864e-07
0.01250170686
-8.278095163e-07
-2.359102399e-07
0.01250122953
-6.322822759e-07
-2.608453018e-07
0.01250089895
-4.863751376e-07
-2.786557811e-07
0.01250066407
-3.785391145e-07
-2.901571855e-07
0.01250049839
-2.995733531e-07
-2.988780563e-07
0.01250037517
-2.534452e-07
-3.035316668e-07
0.01250028592
-2.190005158e-07
-3.089631426e-07
0.01250020975
-2.002911442e-07
-3.127114509e-07
-1.866652304e-07
-3.210656215e-07
0.01250023673
-2.620775056e-08
0.01250094626
-7.96812132e-08
0.01250218267
-1.524357217e-07
0.01250403371
-2.582900135e-07
0.01250659705
-4.09154745e-07
0.01250994176
-6.109320268e-07
0.01251406072
-8.564386477e-07
0.01251878385
-1.10951708e-06
0.01252376447
-1.308562081e-06
0.01252831599
-1.338717343e-06
0.01253170804
-1.159933642e-06
0.01253296827
-5.262420097e-07
0.01253220573
-8.591524589e-08
0.01252951346
4.357286609e-07
0.01252546216
7.945632158e-07
0.01252078707
9.1237806e-07
0.01251620605
8.018142972e-07
0.0125122375
5.413603975e-07
0.01250904252
2.68161147e-07
0.01250654995
5.898322548e-08
0.01250465006
-9.152565139e-08
0.01250325432
-2.056137969e-07
0.01250224523
-2.815634577e-07
0.01250152773
-3.303049076e-07
0.01250101219
-3.586672945e-07
0.01250065124
-3.833306163e-07
0.01250039471
-3.920394581e-07
0.01250021768
-3.923063276e-07
0.01250008701
-3.912163345e-07
0.01249999052
-3.900603924e-07
0.01249991216
-3.886155433e-07
-3.869205897e-07
0.01250023403
-2.320518523e-07
-2.676399837e-08
0.01250093587
-6.958015901e-07
-8.14051973e-08
0.01250215953
-1.211953167e-06
-1.565054473e-07
0.01250399327
-1.813524918e-06
-2.667889763e-07
0.0125065367
-2.510686211e-06
-4.251084734e-07
0.01250986345
-3.276438968e-06
-6.382118893e-07
0.01251397397
-4.037750923e-06
-8.987858405e-07
0.0125187076
-4.635434042e-06
-1.168708601e-06
0.0125237221
-4.894707772e-06
-1.380097004e-06
0.01252832879
-4.477585993e-06
-1.408346848e-06
0.01253176524
-3.324765652e-06
-1.201514139e-06
0.01253305831
-1.24231448e-06
-4.885086941e-07
0.0125322754
7.901058359e-07
5.543393506e-09
0.01252953567
2.693857013e-06
5.948646351e-07
0.01252542453
4.025868814e-06
1.009674926e-06
0.01252069384
4.630962083e-06
1.159717806e-06
0.01251608362
4.522129607e-06
1.055798812e-06
0.01251212461
3.899580805e-06
7.842741702e-07
0.01250896248
3.131387825e-06
4.975175381e-07
0.01250650058
2.451370385e-06
2.812958439e-07
0.01250462489
1.879899244e-06
1.262334356e-07
0.01250325025
1.389360731e-06
8.373818695e-09
0.0125022575
1.014364674e-06
-7.027673135e-08
0.01250155202
7.311315003e-07
-1.205072416e-07
0.0125010447
5.400090047e-07
-1.562839568e-07
0.01250069442
3.781487803e-07
-1.717616583e-07
0.01250044324
2.795103194e-07
-1.784135616e-07
0.01250026944
2.009352877e-07
-1.785867362e-07
0.01250014048
1.560439569e-07
-1.784178046e-07
0.01250004664
1.202819786e-07
-1.790253257e-07
0.01249997029
1.026930535e-07
-1.788076486e-07
9.498203324e-08
-1.783457293e-07
0.01250022242
-4.520367292e-07
-3.25569736e-08
0.01250088965
-1.355587343e-06
-9.946392872e-08
0.01250206241
-2.370013689e-06
-1.941133592e-07
0.01250384229
-3.567426817e-06
-3.37600927e-07
0.01250635165
-4.97670872e-06
-5.504589846e-07
0.01250969995
-6.556063021e-06
-8.465924621e-07
0.01251392635
-8.160962945e-06
-1.221911398e-06
0.01251891356
-9.478414821e-06
-1.626884463e-06
0.01252426375
-1.006135954e-05
-1.956381773e-06
0.01252931003
-9.321941303e-06
-2.036912839e-06
0.01253298744
-6.831752852e-06
-1.671388961e-06
0.01253448941
-2.645543889e-06
-8.628089176e-07
0.01253364794
1.641308201e-06
3.851102476e-08
0.01253063173
5.634187209e-06
9.095604183e-07
0.01252609782
8.422906256e-06
1.494116706e-06
0.01252094197
9.62742077e-06
1.69012393e-06
0.01251604826
9.275216835e-06
1.505922212e-06
0.01251199964
7.852234385e-06
1.08568663e-06
0.01250886009
6.211641791e-06
6.913056871e-07
0.01250644977
4.822291034e-06
4.374941284e-07
0.01250463531
3.670833749e-06
2.649733433e-07
0.01250332668
2.687006089e-06
1.34639359e-07
0.01250239511
1.944482021e-06
5.195342701e-08
0.0125017374
1.393740869e-06
3.738317977e-09
0.01250127089
1.017046858e-06
-2.75742541e-08
0.01250094459
7.204241858e-07
-4.959445947e-08
0.0125007103
5.326828004e-07
-6.584378366e-08
0.01250054665
3.853961317e-07
-7.719933357e-08
0.01250042332
3.008867529e-07
-8.551020647e-08
0.01250033343
2.323188682e-07
-9.408919406e-08
0.01250025919
1.985208681e-07
-9.964171566e-08
1.730547529e-07
-1.042364856e-07
0.01250019777
-6.464164846e-07
-4.477696619e-08
0.01250079159
-1.938948866e-06
-1.377457095e-07
0.01250185421
-3.411415654e-06
-2.750237642e-07
0.01250351187
-5.186202805e-06
-4.927825012e-07
0.01250593273
-7.329863333e-06
-8.308397604e-07
0.01250929949
-9.810189597e-06
-1.323290473e-06
0.01251375085
-1.243373101e-05
-1.979085801e-06
0.01251925371
-1.471827989e-05
-2.721404065e-06
0.01252543106
-1.588755941e-05
-3.363614656e-06
0.01253138707
-1.488210645e-05
-3.543936445e-06
0.01253586062
-1.097563878e-05
-2.896167651e-06
0.01253768878
-4.288966052e-06
-1.442679453e-06
0.01253656674
2.762099468e-06
2.201282982e-07
0.01253285056
9.18166136e-06
1.736369951e-06
0.01252739379
1.359912861e-05
2.717915023e-06
0.01252133329
1.53770988e-05
2.992183835e-06
0.01251584198
1.452056599e-05
2.535669634e-06
0.01251162692
1.194306352e-05
1.637768441e-06
0.01250854269
9.262204184e-06
8.692489921e-07
0.01250623649
7.139423142e-06
4.073190557e-07
0.01250455043
5.399087342e-06
9.014219615e-08
0.012503374
3.923881922e-06
-1.509027369e-07
0.01250256491
2.82389929e-06
-2.976493128e-07
0.01250200354
2.024152569e-06
-3.691585052e-07
0.01250161584
1.472131159e-06
-4.019703017e-07
0.01250134571
1.057677398e-06
-4.198495209e-07
0.01250116396
7.793764479e-07
-4.227123781e-07
0.01250103637
5.751950897e-07
-4.166010469e-07
0.01250094787
4.509439068e-07
-4.087843728e-07
0.01250088575
3.524181679e-07
-3.946237404e-07
0.01250083086
3.111532746e-07
-3.852746278e-07
2.940376502e-07
-3.774888564e-07
0.01250015763
-7.990918999e-07
-6.451087501e-08
0.01250063187
-2.397756632e-06
-2.001000527e-07
0.01250150958
-4.256809464e-06
-4.09893668e-07
0.0125029482
-6.563082284e-06
-7.590633839e-07
0.01250518251
-9.450977785e-06
-1.328050883e-06
0.01250851297
-1.294158046e-05
-2.198406769e-06
0.0125132599
-1.684429678e-05
-3.419513074e-06
0.01251956673
-2.050085475e-05
-4.875451782e-06
0.01252714494
-2.27248427e-05
-6.205487218e-06
0.01253475806
-2.165217752e-05
-6.614792673e-06
0.01254049357
-1.600441927e-05
-5.356442081e-06
0.01254274982
-6.160147939e-06
-2.561543482e-06
0.0125411656
4.329388243e-06
6.195897644e-07
0.01253627594
1.368249385e-05
3.462986487e-06
0.01252925034
1.997356211e-05
5.28919535e-06
0.01252171475
2.217856488e-05
5.766254682e-06
0.0125153689
2.024849989e-05
4.84753326e-06
0.01251101801
1.589676923e-05
3.179563583e-06
0.01250808715
1.194097267e-05
1.940512442e-06
0.01250598677
9.059685403e-06
1.299329532e-06
0.01250452595
6.74913461e-06
8.552352896e-07
0.01250356973
4.819742298e-06
5.103303146e-07
0.01250293488
3.441110573e-06
2.915192738e-07
0.01250250501
2.46173846e-06
1.623865241e-07
0.01250220752
1.800148425e-06
6.952282401e-08
0.01250200353
1.300271096e-06
7.220102351e-10
0.01250186171
9.698342368e-07
-5.454953399e-08
0.0125017615
7.20188076e-07
-8.77544088e-08
0.01250169066
5.714681404e-07
-1.211690007e-07
0.01250163526
4.49117459e-07
-1.365183228e-07
0.0125015992
3.853231291e-07
-1.486036863e-07
3.028116525e-07
-1.534640023e-07
0.01250009946
-8.913592658e-07
-9.27869431e-08
0.01250039982
-2.675147129e-06
-2.91066613e-07
0.01250099838
-4.805773828e-06
-6.125948818e-07
0.01250208054
-7.546074335e-06
-1.174368647e-06
0.01250396091
-1.113838108e-05
-2.138397507e-06
0.01250710606
-1.572472187e-05
-3.690797516e-06
0.01251214199
-2.122194624e-05
-6.001350252e-06
0.01251955116
-2.681577469e-05
-8.903064244e-06
0.01252932732
-3.085498877e-05
-1.176115235e-05
0.01253961913
-3.00413458e-05
-1.268438957e-05
0.01254724704
-2.210175982e-05
-1.006288652e-05
0.01255006368
-8.209769208e-06
-4.537572821e-06
0.01254774947
6.572138492e-06
1.553858725e-06
0.01254101781
1.956557504e-05
6.876159639e-06
0.01253146727
2.817003724e-05
1.016181595e-05
0.01252159122
3.067643102e-05
1.058898913e-05
0.01251409075
2.688254169e-05
7.98339962e-06
0.01250972378
2.001116488e-05
4.183769422e-06
0.01250708159
1.461999812e-05
1.779775115e-06
0.01250531043
1.097121975e-05
6.32053343e-07
0.01250420376
8.075357246e-06
-1.357795628e-07
0.01250358129
5.691368572e-06
-6.723874299e-07
0.01250322369
4.050492351e-06
-9.219821883e-07
0.01250300873
2.918890798e-06
-1.003556e-06
0.01250287992
2.165883668e-06
-1.002179133e-06
0.01250280591
1.608153043e-06
-9.762207566e-07
0.01250276061
1.246221186e-06
-9.41026936e-07
0.01250273532
9.734508977e-07
-8.964561426e-07
0.01250271759
8.175729055e-07
-8.638952748e-07
0.01250270556
6.918142423e-07
-8.372342381e-07
0.01250267592
6.49049428e-07
-8.26678622e-07
6.460558605e-07
-8.265147743e-07
0.01250001967
-9.010957571e-07
-1.294423992e-07
0.01250008978
-2.71214056e-06
-4.122260583e-07
0.01250029906
-4.940192835e-06
-8.944751681e-07
0.0125008421
-7.931343966e-06
-1.779699936e-06
0.01250210769
-1.207509621e-05
-3.385776346e-06
0.01250476886
-1.772088853e-05
-6.121536755e-06
0.01250993878
-2.507388275e-05
-1.048103198e-05
0.0125187262
-3.325625748e-05
-1.627226176e-05
0.01253188369
-4.022269929e-05
-2.250016063e-05
0.01254627066
-4.004424559e-05
-2.44855927e-05
0.01255661237
-2.908402795e-05
-1.892347154e-05
0.01256014708
-1.020518596e-05
-7.919955406e-06
0.01255680963
9.464281785e-06
3.857816142e-06
0.01254737847
2.659536564e-05
1.430861577e-05
0.01253410986
3.765629347e-05
2.103503189e-05
0.01252081892
3.987854882e-05
2.216770116e-05
0.01251203265
3.279542697e-05
1.673267357e-05
0.01250798297
2.264497463e-05
9.374728815e-06
0.01250588814
1.595670712e-05
5.327115194e-06
0.01250461368
1.18258828e-05
3.451666063e-06
0.01250398157
8.583447663e-06
2.080614969e-06
0.01250372425
6.027932342e-06
1.012771928e-06
0.01250360701
4.361106563e-06
3.743316475e-07
0.01250355627
3.222256578e-06
-8.993214083e-09
0.01250353929
2.458222028e-06
-2.638044151e-07
0.01250354154
1.878246952e-06
-4.478056852e-07
0.01250354889
1.500733824e-06
-5.64411304e-07
0.0125035587
1.203247532e-06
-6.418880651e-07
0.01250356717
1.024393493e-06
-6.732163562e-07
0.0125035708
8.658542845e-07
-6.869400632e-07
0.0125036195
7.555709009e-07
-6.895439338e-07
5.914400159e-07
-6.88069443e-07
0.01249992725
-8.143988678e-07
-1.749567184e-07
0.01249971288
-2.45198581e-06
-5.594124966e-07
0.01249942046
-4.539257768e-06
-1.253063843e-06
0.01249920981
-7.476925769e-06
-2.595704795e-06
0.01249950048
-1.181308729e-05
-5.186979243e-06
0.0125011766
-1.818114463e-05
-9.879383809e-06
0.01250606786
-2.730687565e-05
-1.796627149e-05
0.0125163901
-3.847024149e-05
-2.9427703e-05
0.0125347829
-4.969299703e-05
-4.310196073e-05
0.01255519543
-5.043433738e-05
-4.694076143e-05
0.01256915917
-3.570393909e-05
-3.506398716e-05
0.01257362491
-1.132209376e-05
-1.380111301e-05
0.01256883922
1.354213484e-05
7.746808044e-06
0.01255530706
3.541535848e-05
2.675186929e-05
0.01253647605
4.942410752e-05
3.819027905e-05
0.01251821428
5.119838476e-05
3.836959197e-05
0.01250813185
3.927933591e-05
2.522969011e-05
0.01250481521
2.546685899e-05
1.068284224e-05
0.01250357723
1.766931839e-05
4.022653271e-06
0.0125031619
1.310767089e-05
1.198341817e-06
0.01250337348
9.436296522e-06
-5.819510705e-07
0.01250379005
6.776478232e-06
-1.615181818e-06
0.01250412277
5.130328141e-06
-1.848574509e-06
0.0125044017
4.033506585e-06
-1.77475822e-06
0.01250461898
3.329523265e-06
-1.670252147e-06
0.01250476327
2.819101594e-06
-1.568870692e-06
0.01250485827
2.490067901e-06
-1.482982202e-06
0.0125049205
2.238058156e-06
-1.427798045e-06
0.01250496316
2.09649025e-06
-1.40049132e-06
0.01250499652
1.964612199e-06
-1.3957701e-06
0.01250496968
1.937929289e-06
-1.406920685e-06
1.951718468e-06
-1.461927608e-06
0.0124998243
-6.207763816e-07
-2.211250109e-07
0.01249930648
-1.874597353e-06
-7.165254894e-07
0.01249844048
-3.524559333e-06
-1.657355129e-06
0.01249728246
-5.959844854e-06
-3.579419157e-06
0.0124961742
-9.810672356e-06
-7.546325783e-06
0.01249614528
-1.597438898e-05
-1.526843505e-05
0.01249997964
-2.586895001e-05
-2.977681344e-05
0.01251176486
-3.927531614e-05
-5.183807736e-05
0.01253829436
-5.506441019e-05
-8.179376467e-05
0.01256672077
-5.624220632e-05
-8.811629535e-05
0.0125848077
-3.843463658e-05
-6.262159076e-05
0.01259063545
-1.182807624e-05
-2.163058194e-05
0.012584327
1.515041718e-05
1.942958784e-05
0.01256549706
3.970311093e-05
5.656432936e-05
0.01253876451
5.565730534e-05
7.915463902e-05
0.01251387355
5.674391418e-05
7.783831283e-05
0.01250365786
3.973907764e-05
4.821767179e-05
0.0125016782
2.465696716e-05
2.179134795e-05
0.01250129244
1.755727068e-05
1.09323005e-05
0.0125016003
1.356900406e-05
5.699452953e-06
0.01250245381
1.037857994e-05
1.307360922e-06
0.01250322456
8.191589971e-06
-1.478136058e-06
0.01250382498
6.874462599e-06
-3.0060198e-06
0.01250430027
5.941796886e-06
-3.805159154e-06
0.01250466477
5.30429572e-06
-4.285502821e-06
0.01250493474
4.827222166e-06
-4.549348547e-06
0.01250513651
4.493389928e-06
-4.681161934e-06
0.01250526848
4.244856938e-06
-4.744689511e-06
0.01250537884
4.05699567e-06
-4.758746182e-06
0.0125054458
3.906373777e-06
-4.712204966e-06
0.01250560352
3.775020558e-06
-4.710262047e-06
3.569443419e-06
-4.68809387e-06
0.01249973556
-3.350528583e-07
-2.606004032e-07
0.0124989482
-1.015468177e-06
-8.53242113e-07
0.01249754149
-1.931242391e-06
-2.026663147e-06
0.01249539754
-3.335147534e-06
-4.539130109e-06
0.01249259545
-5.685509057e-06
-1.009643404e-05
0.01248999885
-9.806589896e-06
-2.175725623e-05
0.01249132427
-1.727759251e-05
-4.637486369e-05
0.01250387962
-2.934698628e-05
-8.703646586e-05
0.01254300522
-4.565086189e-05
-0.0001510770861
0.01258115656
-4.539877403e-05
-0.0001587321835
0.01260248135
-2.872149062e-05
-0.0001048338316
0.01260950423
-8.046285303e-06
-3.308958747e-05
0.01260188129
1.228296311e-05
3.941486774e-05
0.01257745207
3.192604215e-05
0.0001075702613
0.01253945802
4.629786831e-05
0.0001517256592
0.01250444584
4.841195821e-05
0.0001450348869
0.01249625455
3.120452374e-05
7.392617616e-05
0.01249682624
2.009595379e-05
2.798598312e-05
0.01249844173
1.509770817e-05
1.353800661e-05
0.01250058798
1.109310898e-05
8.614460918e-06
0.01250267278
8.308574452e-06
5.422940193e-06
0.01250407004
6.705713245e-06
4.37474937e-06
0.01250498248
5.725657079e-06
4.360545019e-06
0.01250560519
5.038144665e-06
4.513888144e-06
0.01250603066
4.561846589e-06
4.642985514e-06
0.01250630819
4.204082626e-06
4.754607144e-06
0.01250649007
3.937488427e-06
4.825832938e-06
0.01250661094
3.713192067e-06
4.866137569e-06
0.01250669651
3.539952732e-06
4.872628408e-06
0.01250675445
3.406203308e-06
4.85762102e-06
0.01250673879
3.349289239e-06
4.813514152e-06
3.36893575e-06
4.71669404e-06
0.0124996845
3.724338397e-09
-2.839434066e-07
0.01249873683
1.135820134e-08
-9.346882282e-07
0.01249699351
2.088405427e-08
-2.24951979e-06
0.0124941877
3.404562544e-08
-5.155205852e-06
0.01249007017
5.785208032e-08
-1.182094248e-05
0.01248503135
9.933638518e-08
-2.68393738e-05
0.01248220781
2.154240885e-07
-6.103369492e-05
0.01249236496
4.086992248e-07
-0.0001282917901
0.01254431865
9.435545009e-07
-0.0002539410297
0.01259166627
9.06639409e-07
-0.0002640336093
0.01261519167
7.471765979e-07
-0.0001660788847
0.01262409445
7.651052745e-07
-5.403696004e-05
0.01261704071
8.227103365e-07
5.639828278e-05
0.01259130051
9.122055494e-07
0.000164610353
0.01254452303
1.320253141e-06
0.0002490689669
0.01249695499
2.185532979e-06
0.0002570404738
0.0124912594
3.624754593e-06
0.0001262249475
0.01249193462
4.86824978e-06
5.053203696e-05
0.01249382246
5.904872391e-06
2.384520414e-05
0.01249721906
6.324254002e-06
6.174490461e-06
0.01250012423
6.291196452e-06
-3.860427254e-06
0.01250210142
6.241558676e-06
-8.757756545e-06
0.01250354337
6.228842954e-06
-1.080638064e-05
0.01250451001
6.233329574e-06
-1.198564547e-05
0.01250516697
6.227837582e-06
-1.264586957e-05
0.01250561808
6.247859761e-06
-1.305068963e-05
0.01250594552
6.272519604e-06
-1.326239345e-05
0.0125061789
6.309492161e-06
-1.340204613e-05
0.01250636925
6.338363847e-06
-1.34509375e-05
0.01250650431
6.414862712e-06
-1.349655904e-05
0.01250674976
6.427410046e-06
-1.350581657e-05
6.472845169e-06
-1.369350519e-05
0.01249968487
3.42215298e-07
-2.842413121e-07
0.0124987384
1.037280763e-06
-9.356747124e-07
0.01249699792
1.970771016e-06
-2.250973897e-06
0.01249419831
3.398686334e-06
-5.158206451e-06
0.01249009693
5.785840104e-06
-1.181685834e-05
0.01248510332
9.964169224e-06
-2.682998713e-05
0.01248238112
1.752496271e-05
-6.083227331e-05
0.01249281856
2.96961034e-05
-0.0001278247206
0.01254441641
4.607357873e-05
-0.0002507157517
0.0125916414
4.607975362e-05
-0.0002610192871
0.01261510684
2.971259936e-05
-0.0001643125028
0.0126240056
9.21058058e-06
-5.275694413e-05
0.01261703635
-1.098298942e-05
5.738884387e-05
0.01259151877
-3.058006563e-05
0.0001656476774
0.01254523813
-4.484985918e-05
0.0002507335013
0.01249816902
-4.691545556e-05
0.0002616217478
0.01249284745
-2.959562713e-05
0.0001362832244
0.01249382193
-1.866723407e-05
6.690295218e-05
0.01249572242
-1.43913739e-05
4.625414599e-05
0.01249878888
-1.108975105e-05
3.317895195e-05
0.0125014191
-8.283846174e-06
2.532959595e-05
0.01250318945
-6.438205909e-06
2.204332977e-05
0.01250445187
-5.181942137e-06
2.064410213e-05
0.01250530828
-4.217274426e-06
1.989881828e-05
0.01250588285
-3.506720489e-06
1.941037509e-05
0.01250626947
-2.937811943e-06
1.907934893e-05
0.01250653978
-2.50792958e-06
1.880895158e-05
0.0125067275
-2.134913819e-06
1.858083809e-05
0.01250686165
-1.851601669e-06
1.835515102e-05
0.01250696048
-1.562744293e-06
1.815529747e-05
0.01250701705
-1.353422774e-06
1.796826635e-05
-1.038777897e-06
1.770185389e-05
0.01249973658
6.271598778e-07
-2.614607411e-07
0.01249895253
1.893900269e-06
-8.559331394e-07
0.01249755323
3.5583788e-06
-2.031225487e-06
0.01249542492
6.011223118e-06
-4.545663384e-06
0.01249265647
9.881858161e-06
-1.009512366e-05
0.0124901297
1.606757177e-05
-2.17306216e-05
0.01249155743
2.596295953e-05
-4.616614797e-05
0.01250425438
3.93638224e-05
-8.656215184e-05
0.01254303427
5.502502304e-05
-0.0001492263799
0.01258119551
5.626924859e-05
-0.0001569651834
0.01260255273
3.85382852e-05
-0.0001030106037
0.01260960726
1.192557942e-05
-3.083469278e-05
0.01260211206
-1.498452609e-05
4.172937499e-05
0.01257787194
-3.947472963e-05
0.0001098924306
0.01254015559
-5.547439022e-05
0.0001544478389
0.01250514603
-5.676022026e-05
0.0001492787137
0.01249683645
-4.001649282e-05
7.950604472e-05
0.01249666316
-2.536951779e-05
3.558341609e-05
0.01249768379
-1.834226725e-05
1.985295014e-05
0.01249970516
-1.411248541e-05
1.210581296e-05
0.01250179133
-1.074914662e-05
7.142135255e-06
0.01250324904
-8.532195231e-06
4.981022268e-06
0.0125042373
-7.25615444e-06
4.254482336e-06
0.01250497045
-6.40412893e-06
3.972676866e-06
0.01250550127
-5.866398531e-06
3.952352792e-06
0.01250587037
-5.515213067e-06
4.10388833e-06
0.01250612623
-5.295824466e-06
4.305503609e-06
0.01250630213
-5.143128373e-06
4.533974058e-06
0.01250641858
-5.045632409e-06
4.751670665e-06
0.01250651863
-4.969411743e-06
4.998269937e-06
0.01250659161
-4.942058558e-06
5.189619553e-06
-4.934767086e-06
5.54938427e-06
0.01249982572
8.197269643e-07
-2.224439642e-07
0.01249931241
2.467913794e-06
-7.206002283e-07
0.01249845569
4.566192533e-06
-1.664553697e-06
0.01249731538
7.515186797e-06
-3.590085898e-06
0.01249623894
1.186024003e-05
-7.555319153e-06
0.01249626461
1.823168147e-05
-1.526421623e-05
0.01250016442
2.733580157e-05
-2.969035629e-05
0.01251202713
3.845850471e-05
-5.16150075e-05
0.01253841585
4.954857294e-05
-8.102783589e-05
0.01256682078
5.02566362e-05
-8.724808019e-05
0.01258491823
3.557043202e-05
-6.175344856e-05
0.01259075208
1.120315061e-05
-2.07255284e-05
0.01258452334
-1.365310504e-05
2.029986109e-05
0.01256581682
-3.552841536e-05
5.746300473e-05
0.01253922833
-4.961590135e-05
8.020258714e-05
0.01251430343
-5.159491964e-05
7.945526406e-05
0.01250408708
-3.983722948e-05
4.997986802e-05
0.01250183862
-2.633681069e-05
2.41857231e-05
0.01250147884
-1.862785153e-05
1.313078262e-05
0.01250197929
-1.399857631e-05
7.849307457e-06
0.0125029506
-1.034024179e-05
4.169581257e-06
0.01250379283
-7.740612307e-06
2.185896799e-06
0.0125044066
-6.110489161e-06
1.231441758e-06
0.01250485431
-5.051937283e-06
7.883229445e-07
0.01250518715
-4.343878194e-06
4.594528045e-07
0.01250541654
-3.851458199e-06
2.287104199e-07
0.01250557868
-3.522986108e-06
6.903263394e-08
0.01250569522
-3.29011811e-06
-5.992564228e-08
0.01250577796
-3.136903449e-06
-1.923642239e-07
0.0125058371
-3.036842362e-06
-3.104126963e-07
0.01250587009
-2.969981137e-06
-4.210227299e-07
-2.920329477e-06
-5.24224067e-07
0.01249992883
9.052539408e-07
-1.766171003e-07
0.01249971917
2.724681482e-06
-5.644934924e-07
0.01249943591
4.96071725e-06
-1.262202797e-06
0.01249924113
7.958758659e-06
-2.609979945e-06
0.01249955715
1.210566935e-05
-5.20523379e-06
0.01250127179
1.774738268e-05
-9.897373472e-06
0.01250620623
2.507704366e-05
-1.795731069e-05
0.01251657109
3.32172121e-05
-2.936133477e-05
0.01253490882
4.00968508e-05
-4.285275611e-05
0.0125552883
3.987272161e-05
-4.663451469e-05
0.01256926295
2.891947005e-05
-3.477591076e-05
0.0125737437
1.004290712e-05
-1.350217409e-05
0.01256901434
-9.64781193e-06
8.043476462e-06
0.01255555717
-2.680094269e-05
2.707296283e-05
0.01253681961
-3.793065525e-05
3.854544146e-05
0.01251856095
-4.030239302e-05
3.891846932e-05
0.01250852667
-3.334287921e-05
2.579237413e-05
0.01250505089
-2.346958261e-05
1.17618917e-05
0.0125036662
-1.686358982e-05
5.200196756e-06
0.01250315002
-1.269163184e-05
2.258109747e-06
0.01250326342
-9.366497047e-06
2.452232757e-07
0.01250359009
-6.829695739e-06
-1.122364315e-06
0.0125038742
-5.156552237e-06
-1.624241958e-06
0.0125041206
-4.080435291e-06
-1.79110147e-06
0.01250432054
-3.328640636e-06
-1.861802078e-06
0.01250447996
-2.839609633e-06
-1.854640043e-06
0.01250458678
-2.485667975e-06
-1.792486594e-06
0.01250467859
-2.265971992e-06
-1.730054338e-06
0.01250474313
-2.139203913e-06
-1.61426211e-06
0.01250479684
-2.055790307e-06
-1.503541599e-06
0.01250483967
-2.031037958e-06
-1.397310183e-06
-2.043235517e-06
-1.230767254e-06
0.01250002097
8.94533655e-07
-1.313355224e-07
0.01250009572
2.684624061e-06
-4.178511876e-07
0.01250031323
4.820857235e-06
-9.047573207e-07
0.01250086943
7.565224707e-06
-1.795989073e-06
0.01250215429
1.115798573e-05
-3.408913317e-06
0.0125048418
1.573839432e-05
-6.151188779e-06
0.01251003923
2.121697711e-05
-1.050852955e-05
0.01251885003
2.677890523e-05
-1.628717155e-05
0.01253199092
3.076586489e-05
-2.246555989e-05
0.01254635935
2.991262754e-05
-2.442926009e-05
0.01255670999
2.196399121e-05
-1.888357989e-05
0.01256026039
8.070241927e-06
-7.892984895e-06
0.01255695565
-6.731422415e-06
3.863352231e-06
0.01254756882
-1.974643396e-05
1.429147957e-05
0.01253435076
-2.840677769e-05
2.101224812e-05
0.01252106394
-3.101473384e-05
2.218956783e-05
0.01251228503
-2.731503491e-05
1.673872118e-05
0.01250811509
-2.0611729e-05
9.514807941e-06
0.0125059199
-1.527573164e-05
5.399319261e-06
0.01250462573
-1.162279159e-05
3.367904689e-06
0.01250401066
-8.678749054e-06
1.926415761e-06
0.01250377837
-6.334044685e-06
9.166652742e-07
0.01250369308
-4.678413894e-06
3.44963316e-07
0.01250367041
-3.577306207e-06
3.886627042e-08
0.01250367754
-2.790092301e-06
-1.676484074e-07
0.01250369479
-2.266234566e-06
-3.136608268e-07
0.01250370913
-1.874990407e-06
-4.256377082e-07
0.01250372419
-1.631279676e-06
-5.177854919e-07
0.01250373683
-1.482537324e-06
-6.012031148e-07
0.01250374699
-1.383428665e-06
-6.845471577e-07
0.01250373702
-1.334994171e-06
-7.436111215e-07
-1.308567462e-06
-8.207567095e-07
0.01250010078
8.013944476e-07
-9.471981901e-08
0.01250040515
2.404646203e-06
-2.969391954e-07
0.01250101076
4.267541609e-06
-6.232889965e-07
0.01250210355
6.576154428e-06
-1.191306688e-06
0.01250399843
9.46345892e-06
-2.163136492e-06
0.01250716175
1.294867575e-05
-3.724670519e-06
0.01251221602
1.683807099e-05
-6.04301178e-06
0.01251964008
2.047277374e-05
-8.949941497e-06
0.01252941467
2.266544871e-05
-1.180313e-05
0.01253969962
2.15647557e-05
-1.272789583e-05
0.01254733227
1.590523121e-05
-1.012432013e-05
0.0125501618
6.055925608e-06
-4.620466096e-06
0.01254786808
-4.450356732e-06
1.449434981e-06
0.01254116617
-1.382577649e-05
6.749463894e-06
0.01253164243
-2.015670615e-05
1.001653413e-05
0.01252177004
-2.242708436e-05
1.043278833e-05
0.01251426964
-2.05660018e-05
7.798550522e-06
0.01250984527
-1.631242388e-05
4.015493905e-06
0.0125071511
-1.240833046e-05
1.597862012e-06
0.01250535168
-9.534259155e-06
4.128207627e-07
0.01250422645
-7.191692448e-06
-3.610751983e-07
0.01250357098
-5.274162414e-06
-8.987638126e-07
0.01250319138
-3.869080567e-06
-1.200169549e-06
0.0125029501
-2.901529159e-06
-1.311546527e-06
0.01250280614
-2.226313356e-06
-1.346999995e-06
0.01250271152
-1.747298681e-06
-1.361591925e-06
0.01250265858
-1.416586093e-06
-1.342420097e-06
0.01250262421
-1.192549657e-06
-1.314223432e-06
0.01250260133
-1.050503794e-06
-1.283035256e-06
0.01250258695
-9.579397271e-07
-1.241195031e-06
0.01250257975
-9.24377551e-07
-1.207425986e-06
-9.260222178e-07
-1.137057413e-06
0.01250015879
6.480054143e-07
-6.644271513e-08
0.01250063654
1.943693713e-06
-2.059883696e-07
0.01250152024
3.41869557e-06
-4.205136794e-07
0.01250296749
5.194801962e-06
-7.757619825e-07
0.01250521298
7.337647408e-06
-1.352506171e-06
0.01250855662
9.813873869e-06
-2.232444805e-06
0.01251331667
1.24285247e-05
-3.464185365e-06
0.01251963419
1.469903238e-05
-4.931144932e-06
0.01252721585
1.584983283e-05
-6.270537038e-06
0.01253482834
1.482625003e-05
-6.691001369e-06
0.01254056798
1.090971931e-05
-5.450501434e-06
0.01254283569
4.215838951e-06
-2.676756937e-06
0.01254126567
-2.846769906e-06
4.827215984e-07
0.01253639321
-9.283900513e-06
3.302538594e-06
0.01252938399
-1.37289122e-05
5.101671037e-06
0.01252184996
-1.554712563e-05
5.553534688e-06
0.01251549818
-1.473649209e-05
4.603382521e-06
0.01251111389
-1.221726984e-05
2.918454295e-06
0.01250813902
-9.569396694e-06
1.660525814e-06
0.01250600706
-7.453663198e-06
9.804433138e-07
0.01250452919
-5.695433649e-06
5.086512367e-07
0.01250355897
-4.22763507e-06
1.432043115e-07
0.01250292021
-3.119089006e-06
-7.993223365e-08
0.01250249072
-2.325150183e-06
-2.133020993e-07
0.01250219965
-1.765716129e-06
-2.968293877e-07
0.01250200113
-1.356855946e-06
-3.595113705e-07
0.01250187007
-1.075786145e-06
-4.077321973e-07
0.01250177931
-8.734344424e-07
-4.48842752e-07
0.01250170987
-7.421626373e-07
-4.824725253e-07
0.01250166038
-6.521821039e-07
-5.223116633e-07
0.01250161284
-6.108493614e-07
-5.504509642e-07
-5.85154101e-07
-5.855222164e-07
0.01250019879
4.53029692e-07
-4.667367872e-08
0.01250079571
1.358548781e-06
-1.435115207e-07
0.01250186349
2.37451052e-06
-2.853485282e-07
0.01250352835
3.572627981e-06
-5.088721224e-07
0.01250595821
4.981244394e-06
-8.54266969e-07
0.01250933518
6.557917888e-06
-1.355881302e-06
0.01251379666
8.157438449e-06
-2.022517777e-06
0.01251930809
9.466624416e-06
-2.777051775e-06
0.01252549056
1.00392467e-05
-3.432139695e-06
0.01253144943
9.288952145e-06
-3.62657892e-06
0.01253592763
6.791878022e-06
-2.995811387e-06
0.0125377645
2.599658413e-06
-1.562639356e-06
0.01253665275
-1.694761004e-06
8.024480831e-08
0.01253294748
-5.699252648e-06
1.57363318e-06
0.01252749918
-8.50521742e-06
2.529715958e-06
0.01252143908
-9.733255031e-06
2.778006251e-06
0.01251594076
-9.409369132e-06
2.29240537e-06
0.01251170261
-8.017502435e-06
1.369257421e-06
0.01250858863
-6.397288379e-06
5.790939592e-07
0.01250626004
-5.01394843e-06
9.174006624e-08
0.01250456143
-3.856311466e-06
-2.38710765e-07
0.01250337354
-2.875175486e-06
-4.872853677e-07
0.01250255453
-2.128684993e-06
-6.340470336e-07
0.01250198388
-1.577021738e-06
-7.129301138e-07
0.01250158837
-1.194050086e-06
-7.512655829e-07
0.01250131124
-8.989595534e-07
-7.732597977e-07
0.0125011198
-7.052439812e-07
-7.827933849e-07
0.01250098522
-5.626153965e-07
-7.824954444e-07
0.01250089105
-4.774673523e-07
-7.751811056e-07
0.01250082199
-4.150626485e-07
-7.597147764e-07
0.01250077137
-3.872520493e-07
-7.520562661e-07
-3.826673195e-07
-7.30839591e-07
0.01250022335
2.325284672e-07
-3.44119583e-08
0.01250089338
6.972221629e-07
-1.050907277e-07
0.01250207075
1.214097248e-06
-2.041325198e-07
0.01250385693
1.815974693e-06
-3.530904185e-07
0.01250637399
2.512776198e-06
-5.728595312e-07
0.01250973082
3.277217693e-06
-8.775909613e-07
0.01251396574
4.036007509e-06
-1.263256486e-06
0.01251896045
4.629857459e-06
-1.68017542e-06
0.01252431628
4.88456395e-06
-2.022876398e-06
0.0125293668
4.462166959e-06
-2.117860679e-06
0.0125330492
3.306190298e-06
-1.769092504e-06
0.01253455848
1.219983119e-06
-9.795740167e-07
0.01253372499
-8.161423892e-07
-9.624719813e-08
0.01253071616
-2.725475836e-06
7.53736086e-07
0.01252618716
-4.065701507e-06
1.314643315e-06
0.01252103017
-4.681787069e-06
1.485923593e-06
0.01251612896
-4.585914523e-06
1.274240474e-06
0.01251206334
-3.977245903e-06
8.286268012e-07
0.01250890166
-3.218743913e-06
4.13367094e-07
0.01250647175
-2.541696337e-06
1.396408111e-07
0.01250464342
-1.968334903e-06
-4.585930397e-08
0.01250332204
-1.47784164e-06
-1.86886586e-07
0.01250238047
-1.101312092e-06
-2.762921739e-07
0.01250171474
-8.174680584e-07
-3.297406369e-07
0.01250124301
-6.233483625e-07
-3.598165427e-07
0.01250091466
-4.659075793e-07
-3.833565019e-07
0.01250067892
-3.616094468e-07
-3.980521739e-07
0.01250051387
-2.851063959e-07
-4.113323191e-07
0.01250039073
-2.393523291e-07
-4.185072703e-07
0.01250030164
-2.054086325e-07
-4.295280771e-07
0.01250022621
-1.882739887e-07
-4.362634252e-07
-1.776244505e-07
-4.491635821e-07
0.01250023491
-2.859253284e-08
0.0125009394
-8.694554114e-08
0.0125021674
-1.663389231e-07
0.01250400701
-2.819249265e-07
0.01250655753
-4.468989272e-07
0.01250989207
-6.682561861e-07
0.0125140104
-9.387627568e-07
0.01251875106
-1.220317091e-06
0.01252377147
-1.444409016e-06
0.01252838277
-1.487848446e-06
0.01253182442
-1.295391916e-06
0.01253312452
-6.063604254e-07
0.0125323482
-1.257396364e-07
0.01252961423
4.442224258e-07
0.01252550632
8.367777624e-07
0.0125207742
9.627033366e-07
0.01251615628
8.338281501e-07
0.01251218259
5.378056908e-07
0.01250900134
2.306595719e-07
0.01250652181
-3.179001623e-09
0.01250463255
-1.706042193e-07
0.01250324661
-2.975142241e-07
0.01250224487
-3.811342007e-07
0.01250153229
-4.351935635e-07
0.01250101833
-4.680526971e-07
0.01250066147
-4.923796943e-07
0.01250040719
-4.99364215e-07
0.01250023064
-5.008645592e-07
0.01250010007
-5.000047454e-07
0.01250000382
-4.992193843e-07
0.01249992551
-4.985762564e-07
-4.976489777e-07
0.0125002321
-2.342563116e-07
-2.460506899e-08
0.01250092859
-7.030339579e-07
-7.48600312e-08
0.0125021433
-1.227159701e-06
-1.440544304e-07
0.0125039648
-1.84240502e-06
-2.458889122e-07
0.01250649441
-2.562265855e-06
-3.924503585e-07
0.01250980999
-3.363340762e-06
-5.904562123e-07
0.01251391959
-4.174642146e-06
-8.337355862e-07
0.01251867188
-4.83287818e-06
-1.088129639e-06
0.01252373088
-5.149400013e-06
-1.28969082e-06
0.0125284039
-4.757380177e-06
-1.323983102e-06
0.01253189806
-3.562347335e-06
-1.133331752e-06
0.01253323533
-1.357403177e-06
-4.68377082e-07
0.0125324371
8.098131791e-07
-6.036171993e-09
0.01252965091
2.83412886e-06
5.469201836e-07
0.01252547711
4.24571862e-06
9.377580711e-07
0.01252068328
4.874742838e-06
1.078803588e-06
0.01251603112
4.729421201e-06
9.785460487e-07
0.01251206632
4.031598659e-06
7.174690823e-07
0.01250891953
3.200828843e-06
4.434794585e-07
0.01250647132
2.491719776e-06
2.377856594e-07
0.012504607
1.900273677e-06
9.027995806e-08
0.01250324245
1.394396224e-06
-2.147758613e-08
0.01250225728
1.009719183e-06
-9.482193328e-08
0.01250155655
7.263150386e-07
-1.460979908e-07
0.01250105438
5.249239999e-07
-1.790370775e-07
0.01250070586
3.685312527e-07
-1.917732982e-07
0.01250045682
2.673860186e-07
-1.967663884e-07
0.01250028359
1.960229374e-07
-2.013721857e-07
0.01250015457
1.535769264e-07
-2.029766136e-07
0.0125000613
1.183968141e-07
-2.041548841e-07
0.01249998466
1.024376853e-07
-2.046102402e-07
9.506145589e-08
-2.039991472e-07
0.01250021985
-4.56696636e-07
-2.99630743e-08
0.0125008798
-1.370877195e-06
-9.157122347e-08
0.01250204005
-2.402619008e-06
-1.789048684e-07
0.01250380213
-3.630443599e-06
-3.116442364e-07
0.0125062903
-5.091641931e-06
-5.092551794e-07
0.01250961961
-6.753790094e-06
-7.854523475e-07
0.01251384091
-8.47961967e-06
-1.13823309e-06
0.01251885256
-9.94815217e-06
-1.523259426e-06
0.01252426908
-1.067822995e-05
-1.844074987e-06
0.01252941412
-1.000587031e-05
-1.93346375e-06
0.0125331809
-7.40448878e-06
-1.596025156e-06
0.01253473661
-2.937874164e-06
-8.380421395e-07
0.01253387456
1.693027453e-06
1.734099608e-08
0.01253079163
5.98412751e-06
8.425000408e-07
0.01252616439
8.966495013e-06
1.400573772e-06
0.01252091481
1.022363292e-05
1.590820787e-06
0.01251596625
9.768533917e-06
1.415368907e-06
0.01251192068
8.150009361e-06
1.012845203e-06
0.01250880817
6.364090774e-06
6.405480307e-07
0.01250641708
4.916778372e-06
4.035268259e-07
0.01250461708
3.724060809e-06
2.41184583e-07
0.01250332073
2.709550027e-06
1.158355188e-07
0.0125023978
1.94645645e-06
3.814430234e-08
0.01250174649
1.393702793e-06
-1.234289694e-08
0.01250128241
1.004151295e-06
-4.272492604e-08
0.0125009563
7.120312353e-07
-6.698387744e-08
0.01250072175
5.174780684e-07
-8.138710385e-08
0.01250055765
3.765345209e-07
-9.361349963e-08
0.012500436
2.911708323e-07
-1.014504526e-07
0.01250034693
2.231863335e-07
-1.098099789e-07
0.01250027434
1.884261625e-07
-1.130395361e-07
1.635678684e-07
-1.169395158e-07
0.01250019377
-6.539699834e-07
-4.127470738e-08
0.01250077591
-1.963735697e-06
-1.270230267e-07
0.01250181775
-3.465506566e-06
-2.539741679e-07
0.01250344424
-5.293693295e-06
-4.560270973e-07
0.01250582532
-7.532326738e-06
-7.712386708e-07
0.0125091524
-1.017054097e-05
-1.23361314e-06
0.01251358622
-1.303614108e-05
-1.856386286e-06
0.01251912694
-1.563665289e-05
-2.573623663e-06
0.01252542928
-1.713063205e-05
-3.213552635e-06
0.01253157563
-1.627464071e-05
-3.42151185e-06
0.01253621354
-1.212411042e-05
-2.814456294e-06
0.01253812463
-4.86043726e-06
-1.431213581e-06
0.0125369597
2.899356016e-06
1.787309027e-07
0.01253311879
9.92562161e-06
1.635785349e-06
0.01252748572
1.473323553e-05
2.584246155e-06
0.01252124925
1.660508193e-05
2.847203205e-06
0.01251566198
1.550520303e-05
2.386277888e-06
0.01251146873
1.24942784e-05
1.486748883e-06
0.0125084385
9.527932131e-06
7.356308641e-07
0.01250616755
7.29912066e-06
2.959262025e-07
0.01250451218
5.471247125e-06
-1.673999457e-09
0.01250335993
3.935627426e-06
-2.247261773e-07
0.01250257024
2.799729495e-06
-3.612327286e-07
0.01250201894
1.997621589e-06
-4.217773426e-07
0.01250163735
1.438968236e-06
-4.552013648e-07
0.01250137182
1.031604791e-06
-4.738924875e-07
0.01250119203
7.555967872e-07
-4.810502723e-07
0.01250106596
5.643962353e-07
-4.783921837e-07
0.01250097877
4.456029628e-07
-4.760233502e-07
0.01250091787
3.631226036e-07
-4.736620438e-07
0.01250086067
3.309136372e-07
-4.705672747e-07
3.286644345e-07
-4.686291089e-07
0.01250015108
-8.099845256e-07
-5.957928063e-08
0.01250060568
-2.433621625e-06
-1.848062803e-07
0.01250144707
-4.337450052e-06
-3.793481033e-07
0.0125028282
-6.729325807e-06
-7.04557287e-07
0.01250498403
-9.777920362e-06
-1.238291657e-06
0.01250822782
-1.354996096e-05
-2.062768866e-06
0.01251292565
-1.791350799e-05
-3.239976978e-06
0.01251929219
-2.220273235e-05
-4.675909801e-06
0.01252714652
-2.513840186e-05
-6.05205105e-06
0.01253517813
-2.438332257e-05
-6.537716368e-06
0.01254120738
-1.817661258e-05
-5.33319353e-06
0.0125435911
-7.187169046e-06
-2.618535222e-06
0.01254192024
4.689137917e-06
5.006691532e-07
0.01253678439
1.520118235e-05
3.323277268e-06
0.0125294012
2.223438573e-05
5.171238342e-06
0.01252153248
2.455279412e-05
5.687263645e-06
0.01251505087
2.203669537e-05
4.797653874e-06
0.01251076819
1.680896891e-05
3.147544732e-06
0.01250792776
1.236938965e-05
1.939489258e-06
0.01250587903
9.327998423e-06
1.319177887e-06
0.01250446304
6.865551448e-06
8.769258944e-07
0.01250353878
4.837902144e-06
5.323072649e-07
0.01250292515
3.391695365e-06
3.131822787e-07
0.01250250469
2.3994528e-06
1.810121098e-07
0.01250221585
1.707484048e-06
8.98462212e-08
0.01250201641
1.210469821e-06
2.129614806e-08
0.01250188073
8.632008301e-07
-2.647132809e-08
0.01250178224
6.336992708e-07
-5.85696848e-08
0.01250171542
4.700578615e-07
-7.880922853e-08
0.01250166708
3.71008684e-07
-9.606161468e-08
0.01250163606
3.182095382e-07
-1.048829024e-07
2.758694212e-07
-1.114035303e-07
0.01250008862
-9.054445685e-07
-8.595035798e-08
0.01250035633
-2.723114408e-06
-2.692754097e-07
0.01250089163
-4.916975813e-06
-5.683732371e-07
0.01250186767
-7.785686598e-06
-1.094046165e-06
0.01250359282
-1.163569286e-05
-2.005777867e-06
0.01250654986
-1.670281766e-05
-3.494980767e-06
0.01251145639
-2.305141004e-05
-5.769978443e-06
0.01251895598
-2.988527482e-05
-8.720106695e-06
0.01252934687
-3.546851589e-05
-1.182193633e-05
0.01254053247
-3.530305773e-05
-1.295025316e-05
0.01254872949
-2.61124987e-05
-1.032401233e-05
0.01255171647
-9.907534244e-06
-4.804188643e-06
0.01254923566
7.464370973e-06
1.259435832e-06
0.0125419613
2.272828391e-05
6.623416199e-06
0.01253162983
3.275341993e-05
9.974254677e-06
0.01252105787
3.537196615e-05
1.034177371e-05
0.01251340102
3.015343834e-05
7.523509443e-06
0.01250923916
2.151862523e-05
3.635977028e-06
0.01250677847
1.526786313e-05
1.341988596e-06
0.0125051244
1.131242058e-05
3.017020417e-07
0.01250412907
8.13782423e-06
-4.127246842e-07
0.01250358112
5.613652774e-06
-9.001916798e-07
0.01250326309
3.916206863e-06
-1.128461784e-06
0.01250306839
2.797701502e-06
-1.207110569e-06
0.01250295101
2.04281358e-06
-1.220129989e-06
0.01250288271
1.518531494e-06
-1.215982627e-06
0.01250283986
1.166604858e-06
-1.201586422e-06
0.01250281535
9.492480788e-07
-1.187493848e-06
0.01250279542
8.072525557e-07
-1.181169436e-06
0.01250278434
7.313025499e-07
-1.186442141e-06
0.01250274535
7.249894797e-07
-1.194473968e-06
7.741852571e-07
-1.196754135e-06
0.0125000038
-9.189078014e-07
-1.197826896e-07
0.01250001991
-2.769255226e-06
-3.821872105e-07
0.01250012145
-5.080393068e-06
-8.326012365e-07
0.01250047295
-8.250759928e-06
-1.666125042e-06
0.01250143598
-1.278226988e-05
-3.202230986e-06
0.01250369396
-1.920809635e-05
-5.874233603e-06
0.01250854038
-2.808004452e-05
-1.029882069e-05
0.01251744895
-3.8625367e-05
-1.644074526e-05
0.01253204391
-4.890288219e-05
-2.366075353e-05
0.01254832981
-4.988808394e-05
-2.618646496e-05
0.012559772
-3.620462192e-05
-2.027353102e-05
0.01256358874
-1.287132082e-05
-8.772912385e-06
0.01255998614
1.137857466e-05
3.546217546e-06
0.01254938476
3.275056269e-05
1.488771055e-05
0.01253451643
4.621089952e-05
2.244588786e-05
0.01251975049
4.826215129e-05
2.404345751e-05
0.01251075288
3.795750225e-05
1.792621254e-05
0.01250711669
2.461419246e-05
9.915356534e-06
0.01250526746
1.669488845e-05
5.749319894e-06
0.01250417652
1.198750805e-05
3.86751314e-06
0.01250372331
8.265936425e-06
2.405713013e-06
0.01250358086
5.446786514e-06
1.32208042e-06
0.01250352895
3.661885364e-06
6.805645942e-07
0.01250352505
2.479480185e-06
3.131220686e-07
0.01250354147
1.720295032e-06
4.22941593e-08
0.01250357394
1.156166377e-06
-1.17914175e-07
0.01250360369
8.04673387e-07
-2.322357239e-07
0.01250363129
5.822300341e-07
-3.024676141e-07
0.01250365595
4.505686066e-07
-3.411954934e-07
0.0125036744
3.837491718e-07
-3.578354762e-07
0.0125037236
3.389866946e-07
-3.527471409e-07
2.80775e-07
-3.135453687e-07
0.01249990062
-8.324377456e-07
-1.620385679e-07
0.01249960518
-2.513398655e-06
-5.198308748e-07
0.01249913863
-4.696271205e-06
-1.170632958e-06
0.01249859477
-7.857206936e-06
-2.445399701e-06
0.01249831361
-1.27239371e-05
-4.964151969e-06
0.0124991455
-2.025825295e-05
-9.661115184e-06
0.01250324125
-3.191346721e-05
-1.822860062e-05
0.01251369103
-4.736625133e-05
-3.113659848e-05
0.01253557063
-6.549699912e-05
-4.838744243e-05
0.01255984208
-6.78548641e-05
-5.324543075e-05
0.01257572192
-4.724972106e-05
-3.989872808e-05
0.01258052389
-1.438891476e-05
-1.708548801e-05
0.01257532321
1.871629451e-05
5.609768271e-06
0.01255936571
4.834923256e-05
2.711070499e-05
0.01253707972
6.660439608e-05
4.0082769e-05
0.01251581227
6.705477199e-05
4.084442097e-05
0.01250578429
4.713100822e-05
2.608416525e-05
0.01250340134
2.705764093e-05
1.062233477e-05
0.01250265289
1.738592434e-05
4.080065259e-06
0.01250267493
1.196417174e-05
1.199641028e-06
0.01250325423
7.777857737e-06
-6.731815213e-07
0.01250382627
4.97658658e-06
-1.71701985e-06
0.01250423284
3.415718824e-06
-2.008980677e-06
0.01250454627
2.43934468e-06
-2.04806289e-06
0.01250477723
1.864732066e-06
-2.045646398e-06
0.0125049195
1.485524166e-06
-2.040503632e-06
0.0125050039
1.293057689e-06
-2.055765576e-06
0.01250506305
1.183609158e-06
-2.088326457e-06
0.01250510291
1.142675178e-06
-2.132463177e-06
0.01250513586
1.14703543e-06
-2.19200331e-06
0.01250509502
1.208437158e-06
-2.235539053e-06
1.34699506e-06
-2.302932625e-06
0.01249978803
-6.36308808e-07
-2.052520005e-07
0.01249915282
-1.927886599e-06
-6.668265875e-07
0.01249802082
-3.667751791e-06
-1.553878446e-06
0.01249631358
-6.331635499e-06
-3.397747177e-06
0.0124941656
-1.078936612e-05
-7.332917632e-06
0.01249245241
-1.846121102e-05
-1.535228301e-05
0.01249436341
-3.20430673e-05
-3.155821661e-05
0.01250608679
-5.233949017e-05
-5.858821696e-05
0.01254121742
-8.115608701e-05
-0.0001012653085
0.01257683041
-8.316861962e-05
-0.0001084155338
0.01259797377
-5.447670461e-05
-7.653795876e-05
0.012603892
-1.45564582e-05
-2.738127729e-05
0.01259725914
2.469786859e-05
2.008087326e-05
0.0125738867
6.094514533e-05
6.734085844e-05
0.01253951669
8.290942235e-05
9.721962491e-05
0.01250847147
8.046178914e-05
9.547652106e-05
0.01249920447
4.887684047e-05
5.573883727e-05
0.01249859301
2.431401029e-05
2.514643613e-05
0.01249897801
1.383609535e-05
1.409713185e-05
0.01250017676
8.33861256e-06
8.12625775e-06
0.0125017334
4.306284946e-06
3.222288541e-06
0.01250288321
1.92564369e-06
4.230025554e-07
0.01250368579
5.806769131e-07
-9.735646715e-07
0.01250431647
-2.583036044e-07
-1.738192112e-06
0.01250479221
-7.647064954e-07
-2.131813717e-06
0.01250513039
-1.059703052e-06
-2.342295878e-06
0.01250537842
-1.222120385e-06
-2.414017037e-06
0.01250554801
-1.313587377e-06
-2.417081419e-06
0.01250568176
-1.364684592e-06
-2.38514128e-06
0.01250579034
-1.380008257e-06
-2.293741419e-06
0.01250590348
-1.404887593e-06
-2.210072564e-06
-1.455018931e-06
-1.983019105e-06
0.01249968929
-3.440348247e-07
-2.421097332e-07
0.01249875035
-1.046946893e-06
-7.952405602e-07
0.01249697817
-2.017861323e-06
-1.904372687e-06
0.01249401729
-3.573668607e-06
-4.336214471e-06
0.0124894595
-6.368226046e-06
-9.959787898e-06
0.01248364097
-1.181381728e-05
-2.258612393e-05
0.01248049363
-2.312325886e-05
-5.214732626e-05
0.01249224319
-4.4276803e-05
-0.000106848711
0.01255179933
-7.498917283e-05
-0.0002168001444
0.01260080188
-6.883037511e-05
-0.0002220729773
0.01262480334
-3.965791272e-05
-0.0001436540838
0.01263055137
-7.775803726e-06
-4.56182721e-05
0.01262392475
2.236149982e-05
4.837786094e-05
0.01259292454
5.277646635e-05
0.000146739146
0.01253904076
7.327868879e-05
0.0002152401736
0.01249211295
7.178858163e-05
0.0002006359063
0.01248986111
2.859481157e-05
9.64600605e-05
0.01249253819
1.005068521e-05
3.957221289e-05
0.01249589161
3.213134132e-06
2.080754735e-05
0.01249962856
-9.180460058e-07
1.413417112e-05
0.01250244596
-3.256402027e-06
1.016822192e-05
0.01250407712
-3.999815486e-06
8.669046448e-06
0.01250510735
-4.251418757e-06
8.162407764e-06
0.01250580409
-4.238540952e-06
7.797389069e-06
0.01250624672
-4.071053911e-06
7.506700806e-06
0.01250652173
-3.838516633e-06
7.258409617e-06
0.01250669915
-3.618884563e-06
7.045177902e-06
0.01250681204
-3.406314911e-06
6.84598e-06
0.01250688522
-3.234852251e-06
6.669613053e-06
0.01250694142
-3.068858371e-06
6.490274887e-06
0.0125069031
-2.913655521e-06
6.360601654e-06
-2.704776028e-06
6.260504445e-06
0.01249963239
3.605145799e-09
-2.638841789e-07
0.01249851233
1.096221756e-08
-8.725440095e-07
0.01249633864
2.017085872e-08
-2.11385547e-06
0.01249252337
3.272251824e-08
-4.946329652e-06
0.01248599148
5.782762234e-08
-1.171510832e-05
0.01247588015
1.069069515e-07
-2.864876777e-05
0.01246295212
2.880092038e-07
-7.151692786e-05
0.01247212328
6.650579882e-07
-0.0001824048127
0.01256221451
1.643577737e-06
-0.0004206650124
0.01262018709
1.027290357e-06
-0.0003918638559
0.0126409705
7.770930603e-07
-0.0002272973014
0.01264695353
1.06709888e-06
-6.886288807e-05
0.01264258601
1.242630156e-06
8.188466982e-05
0.01261374332
1.161629278e-06
0.0002450678745
0.01254449043
1.652348381e-06
0.0003899482067
0.01246802758
3.433759044e-06
0.0004018581534
0.01247653592
6.018997431e-06
0.0001402924094
0.01248113445
7.168224679e-06
4.881600147e-05
0.01248772876
8.67187556e-06
1.179215222e-05
0.01249511064
1.012987781e-05
-1.225531029e-05
0.01249966912
1.041685079e-05
-2.209215941e-05
0.01250221327
1.013546054e-05
-2.543718884e-05
0.01250391743
9.787323105e-06
-2.654927574e-05
0.01250502974
9.429495729e-06
-2.676599971e-05
0.01250576526
9.086875332e-06
-2.653931035e-05
0.01250624089
8.756758119e-06
-2.612159932e-05
0.01250657267
8.450733912e-06
-2.566378377e-05
0.01250679238
8.159028249e-06
-2.518709848e-05
0.01250695522
7.905030312e-06
-2.47536558e-05
0.01250707186
7.629655424e-06
-2.431171571e-05
0.0125071543
7.422998862e-06
-2.392491434e-05
7.057346216e-06
-2.336526361e-05
0.01249963276
3.509728718e-07
-2.642791512e-07
0.01249851379
1.068058078e-06
-8.738038431e-07
0.01249634308
2.056090953e-06
-2.116186622e-06
0.01249253389
3.635193744e-06
-4.951483132e-06
0.01248602566
6.466164408e-06
-1.171696872e-05
0.012475984
1.196931791e-05
-2.865073166e-05
0.01246335304
2.335446595e-05
-7.126777217e-05
0.01247286408
4.456070437e-05
-0.0001812314107
0.0125617858
7.531992201e-05
-0.0004133138136
0.01262003471
6.998985358e-05
-0.0003882307597
0.01264078784
4.110124972e-05
-0.00022538979
0.01264683504
9.322961272e-06
-6.706001059e-05
0.01264271501
-2.07621942e-05
8.351368995e-05
0.01261401752
-5.11220313e-05
0.0002466288357
0.01254585856
-7.143193265e-05
0.0003919767414
0.01247007624
-7.040917693e-05
0.0004112470088
0.01247859507
-2.699472752e-05
0.0001607781309
0.01248384403
-8.432858846e-06
7.725509038e-05
0.01249068636
-2.852638639e-06
5.093634156e-05
0.01249780771
1.178340814e-07
3.606965325e-05
0.01250199387
2.053918009e-06
2.950637176e-05
0.01250412667
2.86176127e-06
2.718422989e-05
0.01250547449
3.095832727e-06
2.598777375e-05
0.01250638747
3.132033023e-06
2.528329832e-05
0.01250690314
3.122805971e-06
2.485877265e-05
0.01250717602
3.030737086e-06
2.453249427e-05
0.01250732254
2.876377606e-06
2.42367932e-05
0.01250740369
2.691905286e-06
2.39668072e-05
0.01250744379
2.509574159e-06
2.371051017e-05
0.01250746586
2.295866252e-06
2.346702174e-05
0.01250737551
2.176000153e-06
2.330561472e-05
2.007429608e-06
2.308539624e-05
0.01249969028
6.425113381e-07
-2.432234891e-07
0.01249875452
1.946634055e-06
-7.987465629e-07
0.01249699003
3.700456857e-06
-1.91110453e-06
0.01249404654
6.381105314e-06
-4.348087757e-06
0.01248953389
1.085541926e-05
-9.971722165e-06
0.01248381022
1.854322249e-05
-2.258086081e-05
0.01248086914
3.209396619e-05
-5.196456652e-05
0.01249281306
5.234721687e-05
-0.0001062925876
0.01255155867
8.072735364e-05
-0.0002133794216
0.01260084506
8.291686462e-05
-0.0002191785855
0.01262485571
5.430649528e-05
-0.0001402264959
0.01263063589
1.444227489e-05
-4.173419122e-05
0.01262424532
-2.472006506e-05
5.207781919e-05
0.01259367188
-6.095201768e-05
0.0001502958547
0.01254023487
-8.303779299e-05
0.000219490706
0.01249311429
-8.103912146e-05
0.0002070292356
0.01249092009
-4.993701389e-05
0.0001046425336
0.01249219107
-2.68334812e-05
5.271306846e-05
0.01249480473
-1.614775574e-05
3.053441415e-05
0.01249810749
-1.017211479e-05
1.909300827e-05
0.01250069404
-5.983879271e-06
1.259337954e-05
0.01250235532
-3.716795221e-06
9.898305434e-06
0.01250354291
-2.507779444e-06
8.670506083e-06
0.01250438401
-1.866141074e-06
8.129754495e-06
0.0125049642
-1.421988664e-06
7.916959425e-06
0.01250538273
-1.170786765e-06
7.886876831e-06
0.01250569328
-1.049327718e-06
7.920665451e-06
0.01250592858
-1.008109971e-06
7.998695366e-06
0.01250610597
-1.001871038e-06
8.085724995e-06
0.01250622737
-1.02623471e-06
8.198975226e-06
0.01250641335
-1.066727774e-06
8.246366919e-06
-1.208281075e-06
8.268430097e-06
0.01249978939
8.376282943e-07
-2.06933641e-07
0.01249915856
2.528929762e-06
-6.720618576e-07
0.01249803597
4.722410498e-06
-1.563919854e-06
0.01249634783
7.893950219e-06
-3.414784568e-06
0.01249423774
1.276722993e-05
-7.357037937e-06
0.01249259543
2.029970089e-05
-1.537839105e-05
0.01249460803
3.191210282e-05
-3.152108888e-05
0.01250647371
4.729173438e-05
-5.842520695e-05
0.01254129131
6.513807629e-05
-0.0001002561586
0.0125769075
6.744835317e-05
-0.0001073957618
0.01259804562
4.690435551e-05
-7.54894225e-05
0.0126039986
1.406348905e-05
-2.629973036e-05
0.01259751105
-1.903240769e-05
2.109975335e-05
0.01257433558
-4.871704074e-05
6.840350416e-05
0.01254016913
-6.711845422e-05
9.844969141e-05
0.01250900686
-6.797629885e-05
9.755471118e-05
0.01249978579
-4.82760414e-05
5.753996861e-05
0.01249863432
-2.878337229e-05
2.728708355e-05
0.01249913132
-1.917008767e-05
1.5656117e-05
0.01250054291
-1.372917405e-05
9.99477862e-06
0.01250219639
-9.415487444e-06
5.947715319e-06
0.01250341517
-6.459401072e-06
3.709722286e-06
0.01250424496
-4.572815055e-06
2.466687049e-06
0.01250482171
-3.377434614e-06
1.722867832e-06
0.01250524173
-2.478801642e-06
1.096252174e-06
0.01250554422
-1.848818565e-06
6.042557188e-07
0.01250576225
-1.414721115e-06
2.163949355e-07
0.0125059032
-1.112553915e-06
-9.643403694e-08
0.01250598647
-9.023342155e-07
-3.751639885e-07
0.01250604457
-7.598152596e-07
-6.349343203e-07
0.01250605371
-6.51449483e-07
-8.454363878e-07
-5.849703499e-07
-9.805637056e-07
0.01249990216
9.229797123e-07
-1.641243706e-07
0.01249961124
2.781588743e-06
-5.26226663e-07
0.01249915371
5.10045299e-06
-1.182718892e-06
0.01249862619
8.277325482e-06
-2.465840859e-06
0.01249837293
1.281075004e-05
-4.995488986e-06
0.01249925115
1.922960994e-05
-9.705503316e-06
0.0125034042
2.806723171e-05
-1.826549183e-05
0.01251391667
3.855306381e-05
-3.113513469e-05
0.01253568592
4.86852393e-05
-4.816917011e-05
0.01255991583
4.959766519e-05
-5.301373609e-05
0.01257581738
3.592281549e-05
-3.96959124e-05
0.01258064618
1.257980976e-05
-1.684730422e-05
0.0125755182
-1.167405541e-05
5.813107055e-06
0.01255965253
-3.307874413e-05
2.730034138e-05
0.01253748503
-4.662262088e-05
4.0217108e-05
0.01251617229
-4.890457526e-05
4.115947947e-05
0.01250622982
-3.873990267e-05
2.619870146e-05
0.01250362025
-2.5843593e-05
1.143169168e-05
0.01250272929
-1.802148235e-05
4.942545768e-06
0.01250261866
-1.319285397e-05
1.832425319e-06
0.01250304576
-9.330315505e-06
-2.670478519e-07
0.01250348795
-6.453946776e-06
-1.570008617e-06
0.01250382922
-4.602023592e-06
-1.936306101e-06
0.01250408022
-3.399594779e-06
-2.01993431e-06
0.01250427778
-2.594548289e-06
-1.943613334e-06
0.01250442138
-2.037805013e-06
-1.809257066e-06
0.0125045276
-1.681518404e-06
-1.631905879e-06
0.01250459766
-1.436125337e-06
-1.47653691e-06
0.01250466061
-1.291225177e-06
-1.28832808e-06
0.01250469279
-1.173818944e-06
-1.121712661e-06
0.01250476675
-1.117366873e-06
-1.005350967e-06
-1.13114006e-06
-9.424819973e-07
0.01250000509
9.086089369e-07
-1.220594434e-07
0.01250002556
2.732464979e-06
-3.891949175e-07
0.01250013506
4.931878827e-06
-8.45678457e-07
0.01250049965
7.804554695e-06
-1.687806334e-06
0.01250148267
1.165453697e-05
-3.235720353e-06
0.0125037698
1.671453008e-05
-5.923244043e-06
0.01250864832
2.304000133e-05
-1.035981721e-05
0.01251758676
2.983429251e-05
-1.650684238e-05
0.01253214963
3.534395886e-05
-2.3687145e-05
0.01254840984
3.512370713e-05
-2.621551596e-05
0.01255986606
2.592304785e-05
-2.034002933e-05
0.01256369551
9.71175274e-06
-8.85438354e-06
0.01256013372
-7.674171465e-06
3.42525698e-06
0.01254958178
-2.296334154e-05
1.47280244e-05
0.01253477332
-3.305098774e-05
2.224906993e-05
0.01252000176
-3.579625885e-05
2.385281697e-05
0.01251102308
-3.068334926e-05
1.766084656e-05
0.01250722651
-2.226496308e-05
9.732745779e-06
0.01250527704
-1.608807817e-05
5.415384575e-06
0.01250418154
-1.207976231e-05
3.350312695e-06
0.01250374452
-8.886080071e-06
1.919198865e-06
0.01250361793
-6.36184402e-06
9.511526752e-07
0.01250359343
-4.638932908e-06
4.06377161e-07
0.01250360723
-3.449540439e-06
7.501461814e-08
0.01250364302
-2.635914315e-06
-1.620697987e-07
0.01250367692
-2.021496201e-06
-3.638662549e-07
0.01250370787
-1.609360713e-06
-5.287503328e-07
0.0125037305
-1.287643401e-06
-6.888997587e-07
0.01250375007
-1.088767988e-06
-8.232291008e-07
0.01250376477
-9.147459166e-07
-9.58313255e-07
0.01250377459
-8.042602461e-07
-1.066540749e-06
-7.134518091e-07
-1.224200148e-06
0.01250008987
8.122879493e-07
-8.827083715e-08
0.01250036136
2.440505807e-06
-2.76472713e-07
0.01250090338
4.348192169e-06
-5.816141484e-07
0.01250188974
6.742455572e-06
-1.115567433e-06
0.01250362929
9.790423648e-06
-2.03857441e-06
0.01250660511
1.355680486e-05
-3.542770478e-06
0.01251153127
1.790558072e-05
-5.834747354e-06
0.01251904774
2.217005397e-05
-8.802168991e-06
0.0125294328
2.506730053e-05
-1.191153453e-05
0.01254060778
2.427800505e-05
-1.305717605e-05
0.01254881116
1.805851477e-05
-1.046316635e-05
0.01255181078
7.061217594e-06
-4.969555346e-06
0.01254935143
-4.828598539e-06
1.063209996e-06
0.01254210726
-1.536445853e-05
6.39475815e-06
0.01253180302
-2.243867027e-05
9.708458546e-06
0.01252123171
-2.482746644e-05
1.003530455e-05
0.01251358032
-2.238507098e-05
7.151664336e-06
0.01250935342
-1.726793835e-05
3.245363932e-06
0.01250684063
-1.289943983e-05
9.220127636e-07
0.0125051646
-9.836233591e-06
-1.546750754e-07
0.01250414479
-7.357401571e-06
-8.69941764e-07
0.0125035604
-5.312952228e-06
-1.363268308e-06
0.01250320981
-3.853531653e-06
-1.634977178e-06
0.01250298711
-2.828823707e-06
-1.709560721e-06
0.01250284761
-2.123714606e-06
-1.719696187e-06
0.01250275753
-1.605745568e-06
-1.687262204e-06
0.01250269987
-1.25529661e-06
-1.638832682e-06
0.01250266187
-1.004111192e-06
-1.559755121e-06
0.01250263198
-8.476697707e-07
-1.494237346e-06
0.01250261019
-7.334288432e-07
-1.400721266e-06
0.01250260351
-6.674187564e-07
-1.337587036e-06
-6.354013285e-07
-1.258181879e-06
0.01250015217
6.555738736e-07
-6.190075187e-08
0.01250061008
1.968524291e-06
-1.919098613e-07
0.01250145713
3.472887021e-06
-3.922679626e-07
0.0125028465
5.302502469e-06
-7.251721167e-07
0.01250501314
7.540456226e-06
-1.269178666e-06
0.01250826996
1.017467712e-05
-2.107137038e-06
0.01251298102
1.303114586e-05
-3.30081396e-06
0.01251935861
1.56168653e-05
-4.755546603e-06
0.01252721512
1.709029013e-05
-6.150033051e-06
0.01253524481
1.621410851e-05
-6.656795563e-06
0.01254127847
1.205280517e-05
-5.47845815e-06
0.01254367272
4.782327615e-06
-2.79211329e-06
0.01254201557
-2.988534745e-06
2.998094783e-07
0.0125368968
-1.00317987e-05
3.088647533e-06
0.0125295279
-1.486644388e-05
4.898348591e-06
0.01252166165
-1.677969988e-05
5.372010801e-06
0.01251517579
-1.57275384e-05
4.43171573e-06
0.01251085896
-1.277482626e-05
2.74217023e-06
0.01250797072
-9.851873488e-06
1.501203153e-06
0.01250589441
-7.61168239e-06
8.3220056e-07
0.0125044626
-5.776797905e-06
3.598626571e-07
0.01250352629
-4.235138562e-06
1.700092281e-09
0.01250290861
-3.104253095e-06
-2.115295578e-07
0.01250248879
-2.289587253e-06
-3.327252871e-07
0.01250220403
-1.726089792e-06
-4.096935855e-07
0.01250200787
-1.302436874e-06
-4.666569043e-07
0.01250187499
-1.016217863e-06
-5.139298606e-07
0.01250178146
-8.04402797e-07
-5.550257931e-07
0.01250171605
-6.694230921e-07
-5.953064477e-07
0.01250166955
-5.703437332e-07
-6.388937016e-07
0.01250162744
-5.049817571e-07
-6.707824983e-07
-4.590367706e-07
-7.232175685e-07
0.01250019473
4.577068551e-07
-4.354137558e-08
0.01250077978
1.37388966e-06
-1.339237599e-07
0.01250182649
2.407226982e-06
-2.663961464e-07
0.0125034598
3.635861496e-06
-4.755425293e-07
0.01250584946
5.096548159e-06
-8.000156011e-07
0.01250918636
6.756204789e-06
-1.274315618e-06
0.01251363005
8.476780051e-06
-1.911833016e-06
0.01251917918
9.937022304e-06
-2.646341549e-06
0.01252548622
1.065636727e-05
-3.305262417e-06
0.01253163473
9.972625764e-06
-3.533605819e-06
0.01253627675
7.364402191e-06
-2.949423418e-06
0.0125381962
2.892237341e-06
-1.59200292e-06
0.01253704088
-1.745847002e-06
-7.125742076e-09
0.01253321047
-6.048008616e-06
1.42025482e-06
0.01252758554
-9.047069159e-06
2.335272668e-06
0.01252134933
-1.0327181e-05
2.561701458e-06
0.01251575518
-9.900594939e-06
2.059605601e-06
0.01251154003
-8.311803295e-06
1.121392389e-06
0.0125084786
-6.5496816e-06
3.383318337e-07
0.01250618919
-5.101887447e-06
-1.286463564e-07
0.01250452129
-3.906225311e-06
-4.413809084e-07
0.01250335986
-2.889044378e-06
-6.719491994e-07
0.01250255744
-2.127602873e-06
-8.082824635e-07
0.01250199753
-1.563938373e-06
-8.786601096e-07
0.01250160744
-1.178063285e-06
-9.092081875e-07
0.01250133337
-8.70527374e-07
-9.310956443e-07
0.01250114401
-6.753073976e-07
-9.343417291e-07
0.01250101138
-5.250449253e-07
-9.292327481e-07
0.01250091723
-4.386496297e-07
-9.118054828e-07
0.01250084561
-3.678931814e-07
-8.905454936e-07
0.01250079427
-3.352167822e-07
-8.704805093e-07
-3.12867241e-07
-8.44590104e-07
0.01250022072
2.347437273e-07
-3.217058908e-08
0.01250088331
7.044866761e-07
-9.827416869e-08
0.01250204791
1.229372208e-06
-1.908776763e-07
0.01250381594
1.844985066e-06
-3.302450736e-07
0.01250631139
2.564579871e-06
-5.363454993e-07
0.01250964884
3.36446702e-06
-8.232973403e-07
0.01251387827
4.173374204e-06
-1.189280844e-06
0.01251889712
4.827873315e-06
-1.58987813e-06
0.01252431896
5.139835733e-06
-1.928185621e-06
0.01252946785
4.742492569e-06
-2.03661318e-06
0.01253323914
3.544429917e-06
-1.720413435e-06
0.01253480174
1.336006747e-06
-9.859478517e-07
0.0125339471
-8.346644213e-07
-1.527921947e-07
0.01253087116
-2.864263456e-06
6.459371128e-07
0.01252624817
-4.283611539e-06
1.174175652e-06
0.01252099868
-4.923379874e-06
1.331612358e-06
0.01251604164
-4.790607577e-06
1.121294112e-06
0.01251197992
-4.105649318e-06
6.841912522e-07
0.01250884578
-3.285956204e-06
2.83787036e-07
0.01250643628
-2.577129222e-06
2.438309643e-08
0.01250462335
-1.984756697e-06
-1.543971024e-07
0.01250331496
-1.476897641e-06
-2.906467192e-07
0.01250238241
-1.092747273e-06
-3.785969775e-07
0.01250172186
-8.043072417e-07
-4.288180906e-07
0.01250125368
-6.113530545e-07
-4.583545134e-07
0.0125009266
-4.451696094e-07
-4.816265548e-07
0.01250069069
-3.431575757e-07
-4.942939732e-07
0.01250052606
-2.662907455e-07
-5.054579105e-07
0.01250040325
-2.224199658e-07
-5.119248137e-07
0.01250031398
-1.865200873e-07
-5.216358984e-07
0.01250023848
-1.676737653e-07
-5.283042045e-07
-1.525835559e-07
-5.408602987e-07
0.01250023293
-2.677659645e-08
0.01250093191
-8.144496754e-08
0.01250215072
-1.557679418e-07
0.01250397776
-2.639808463e-07
0.01250651406
-4.186220708e-07
0.01250983703
-6.26764233e-07
0.01251395404
-8.823968788e-07
0.01251871303
-1.151431352e-06
0.01252377767
-1.369209044e-06
0.01252845497
-1.422657388e-06
0.01253195397
-1.249969011e-06
0.01253329782
-6.142050501e-07
0.01253250567
-1.682521735e-07
0.01252972472
3.609088752e-07
0.01252555386
7.240317918e-07
0.01252075806
8.351240839e-07
0.01251609869
7.025887314e-07
0.01251212027
4.105752811e-07
0.01250895474
1.102395837e-07
0.01250649032
-1.158873144e-07
0.0125046131
-2.781486752e-07
0.01250323835
-3.996569865e-07
0.01250224461
-4.801426528e-07
0.01250153714
-5.320323464e-07
0.01250102663
-5.688917622e-07
0.01250067391
-5.848281389e-07
0.01250042084
-5.894551388e-07
0.0125002451
-5.914132887e-07
0.01250011451
-5.918380451e-07
0.01250001808
-5.893050227e-07
0.01249993919
-5.873621566e-07
-5.843299009e-07
0.0125002303
-2.362946825e-07
-1.86142225e-08
0.01250092184
-7.097270682e-07
-5.666783881e-08
0.01250212824
-1.241254264e-06
-1.091980865e-07
0.01250393833
-1.869234586e-06
-1.867456103e-07
0.01250645493
-2.610356063e-06
-2.986935541e-07
0.01250975976
-3.444766357e-06
-4.505205832e-07
0.0125138679
-4.303917821e-06
-6.379578865e-07
0.01251863677
-5.021239939e-06
-8.357617308e-07
0.01252373773
-5.396112626e-06
-9.945414777e-07
0.01252847339
-5.032348487e-06
-1.027291777e-06
0.01253202384
-3.800132763e-06
-8.83646569e-07
0.01253340335
-1.474874919e-06
-3.730101596e-07
0.01253259026
8.237546127e-07
-1.670178226e-08
0.01252975977
2.967145942e-06
4.102643211e-07
0.01252552664
4.458813132e-06
7.12078384e-07
0.0125206719
5.113454585e-06
8.200846063e-07
0.01251597989
4.931839319e-06
7.387213625e-07
0.01251200957
4.157140127e-06
5.306448323e-07
0.0125088774
3.26211764e-06
3.135327054e-07
0.01250644254
2.522161166e-06
1.504846629e-07
0.0125045889
1.910300516e-06
3.361176711e-08
0.01250323433
1.387346107e-06
-5.424994608e-08
0.01250225442
9.953589519e-07
-1.102694074e-07
0.01250156074
6.986883574e-07
-1.511091868e-07
0.01250106185
4.947679444e-07
-1.749207121e-07
0.01250071525
3.378941144e-07
-1.830660233e-07
0.01250046657
2.396198181e-07
-1.877054684e-07
0.01250029374
1.599261183e-07
-1.884729051e-07
0.01250016477
1.151816166e-07
-1.891864682e-07
0.01250007153
7.862805489e-08
-1.895493592e-07
0.01249999527
6.132538558e-08
-1.896709598e-07
5.336117939e-08
-1.904682135e-07
0.01250021746
-4.610083525e-07
-2.271052164e-08
0.01250087066
-1.385038974e-06
-6.945481085e-08
0.01250201926
-2.432873206e-06
-1.358933645e-07
0.01250376468
-3.689088048e-06
-2.372019787e-07
0.01250623276
-5.1991056e-06
-3.885851893e-07
0.01250954356
-6.939871806e-06
-6.011540674e-07
0.01251375871
-8.782636507e-06
-8.746612533e-07
0.01251879166
-1.040091134e-05
-1.17653323e-06
0.01252427024
-1.128465097e-05
-1.434124501e-06
0.01252951098
-1.069164826e-05
-1.514896191e-06
0.01253336472
-7.989719186e-06
-1.260186971e-06
0.01253497218
-3.244779062e-06
-6.755956876e-07
0.01253409102
1.729587199e-06
-7.331673803e-09
0.01253094548
6.317524809e-06
6.37661948e-07
0.01252622869
9.499350101e-06
1.076830631e-06
0.01252088848
1.081503018e-05
1.229455512e-06
0.01251588666
1.025669846e-05
1.092326297e-06
0.01251184499
8.435662869e-06
7.759954868e-07
0.01250875771
6.504027703e-06
4.859155407e-07
0.01250638511
4.997905974e-06
3.00386468e-07
0.01250459899
3.768235385e-06
1.693613428e-07
0.01250331438
2.720968193e-06
6.682052527e-08
0.01250240208
1.944905762e-06
9.048503365e-10
0.01250175679
1.373760509e-06
-4.212827581e-08
0.01250129225
9.873059902e-07
-7.073084429e-08
0.01250096675
6.865746626e-07
-9.016538375e-08
0.01250073347
4.94137778e-07
-1.026243366e-07
0.01250057157
3.381036144e-07
-1.098934765e-07
0.01250044882
2.505854286e-07
-1.141010939e-07
0.01250036053
1.731951528e-07
-1.16088503e-07
0.0125002871
1.390740933e-07
-1.173555191e-07
1.038322646e-07
-1.15223882e-07
0.01250019005
-6.609703972e-07
-3.136622973e-08
0.01250076132
-1.986722178e-06
-9.660373016e-08
0.01250178374
-3.515798237e-06
-1.934707371e-07
0.01250338085
-5.394031652e-06
-3.481963165e-07
0.01250572379
-7.722555152e-06
-5.907220429e-07
0.01250901143
-1.051230961e-05
-9.488209477e-07
0.01251342502
-1.36163348e-05
-1.4362725e-06
0.01251899676
-1.653848274e-05
-2.007795251e-06
0.01252542067
-1.838847735e-05
-2.53363329e-06
0.01253175805
-1.772134577e-05
-2.729201444e-06
0.01253655493
-1.333502422e-05
-2.266030801e-06
0.01253855355
-5.497977368e-06
-1.176632194e-06
0.01253734503
3.016326456e-06
1.005132262e-07
0.01253338436
1.066067685e-05
1.253307276e-06
0.01252757461
1.587968148e-05
2.013664418e-06
0.0125211608
1.785145517e-05
2.22458326e-06
0.01251547659
1.648536555e-05
1.841823042e-06
0.01251130825
1.299330512e-05
1.097446755e-06
0.01250833089
9.723423471e-06
4.935936842e-07
0.01250609606
7.380793199e-06
1.478690232e-07
0.01250446936
5.467446511e-06
-7.418410194e-08
0.01250334084
3.858470626e-06
-2.337077278e-07
0.0125025675
2.683908349e-06
-3.268983265e-07
0.01250202311
1.860050809e-06
-3.636844801e-07
0.01250164679
1.291297975e-06
-3.828714584e-07
0.01250138412
8.703237071e-07
-3.949710811e-07
0.01250120621
5.863782743e-07
-3.95390447e-07
0.01250108018
3.819379872e-07
-3.961908704e-07
0.01250099305
2.552481009e-07
-3.935647857e-07
0.01250092953
1.548369293e-07
-3.917859391e-07
0.01250087382
1.189546483e-07
-3.947290907e-07
9.674733191e-08
-4.006705124e-07
0.01250014501
-8.201508907e-07
-4.540389965e-08
0.01250058124
-2.466871605e-06
-1.408906636e-07
0.01250138854
-4.412639085e-06
-2.898079602e-07
0.01250271497
-6.88519054e-06
-5.398256627e-07
0.01250479454
-1.008754405e-05
-9.52872076e-07
0.0125079501
-1.41339505e-05
-1.596689676e-06
0.0125125899
-1.896429115e-05
-2.531819739e-06
0.01251899976
-2.392401839e-05
-3.700231972e-06
0.01252713087
-2.769070573e-05
-4.880932241e-06
0.01253560068
-2.736935354e-05
-5.359518969e-06
0.0125419351
-2.059399524e-05
-4.408645187e-06
0.0125444364
-8.371572375e-06
-2.246243254e-06
0.01254269591
4.943296455e-06
3.14191102e-07
0.01253731617
1.674532069e-05
2.618375393e-06
0.01252956735
2.461645243e-05
4.183290721e-06
0.01252135625
2.707957493e-05
4.670240547e-06
0.01251473403
2.39143674e-05
3.990874829e-06
0.012510522
1.77178122e-05
2.635070012e-06
0.01250777223
1.278460623e-05
1.628072646e-06
0.01250577896
9.604955399e-06
1.088288435e-06
0.01250441036
7.022003912e-06
6.909661862e-07
0.01250351693
4.895939035e-06
3.882624396e-07
0.01250292339
3.393770995e-06
1.968545158e-07
0.01250251127
2.363263116e-06
8.992058828e-08
0.01250222832
1.638974226e-06
2.512014261e-08
0.01250203219
1.100065277e-06
-1.231657186e-08
0.0125018973
7.260732064e-07
-3.128340622e-08
0.01250180264
4.515288335e-07
-3.349710351e-08
0.01250173732
2.743848588e-07
-3.262880011e-08
0.01250168387
1.303162659e-07
-1.809811255e-08
0.01250165235
4.892276512e-08
-3.325337848e-09
-5.476117336e-08
7.596596861e-09
0.01250007806
-9.184229043e-07
-6.573773298e-08
0.01250031552
-2.767846571e-06
-2.057608561e-07
0.01250079112
-5.021101929e-06
-4.355075597e-07
0.01250166517
-8.011772352e-06
-8.415119974e-07
0.01250323646
-1.21120084e-05
-1.552603153e-06
0.01250599555
-1.765878742e-05
-2.729237641e-06
0.0125107427
-2.49053951e-05
-4.576021387e-06
0.01251828752
-3.312852829e-05
-7.060424801e-06
0.01252933618
-4.068688848e-05
-9.874413895e-06
0.01254151014
-4.148669494e-05
-1.100686624e-05
0.0125503376
-3.090848889e-05
-8.836974597e-06
0.01255350075
-1.200920262e-05
-4.329709477e-06
0.01255086173
8.198093077e-06
6.436576124e-07
0.01254295425
2.610035501e-05
5.175860128e-06
0.01253175448
3.776947776e-05
8.021002184e-06
0.01252043494
4.051681213e-05
8.224075018e-06
0.01251264975
3.349615623e-05
5.726908313e-06
0.01250871569
2.28253169e-05
2.462538507e-06
0.01250643367
1.569191736e-05
7.166955336e-07
0.01250489966
1.144752526e-05
-6.862837014e-09
0.01250401465
7.980661686e-06
-4.863704082e-07
0.01250353431
5.286000436e-06
-8.099169244e-07
0.01250325286
3.518478291e-06
-9.717179274e-07
0.01250307476
2.36088257e-06
-1.026639211e-06
0.01250296625
1.571096554e-06
-1.043739569e-06
0.01250290257
1.007952727e-06
-1.060196602e-06
0.01250285838
6.411689889e-07
-1.07248981e-06
0.01250283055
3.707419319e-07
-1.078884485e-06
0.01250280891
2.102788937e-07
-1.095424091e-06
0.01250279301
8.064043329e-08
-1.120868408e-06
0.0125027612
3.324069442e-08
-1.146978438e-06
2.158244666e-08
-1.192396614e-06
0.01249998883
-9.354381244e-07
-9.159510444e-08
0.01249995418
-2.822551273e-06
-2.928248525e-07
0.01249995305
-5.212290493e-06
-6.402836661e-07
0.01250011774
-8.554564059e-06
-1.2880317e-06
0.01250077281
-1.347037861e-05
-2.498924788e-06
0.01250258699
-2.070012037e-05
-4.64708618e-06
0.01250700521
-3.127183204e-05
-8.350595616e-06
0.01251590045
-4.467009265e-05
-1.379442056e-05
0.01253216316
-5.968565701e-05
-2.092469656e-05
0.01255073193
-6.266766685e-05
-2.357426434e-05
0.01256351546
-4.573252871e-05
-1.823301577e-05
0.01256763968
-1.689827334e-05
-8.008064176e-06
0.01256390842
1.289777339e-05
2.577791395e-06
0.0125519028
3.990676877e-05
1.308691886e-05
0.01253509616
5.660198434e-05
2.042002119e-05
0.01251855933
5.875107278e-05
2.234603256e-05
0.01250942791
4.421368383e-05
1.634010262e-05
0.01250631969
2.71409611e-05
8.707931624e-06
0.01250472742
1.816677455e-05
4.866732518e-06
0.01250381614
1.309400805e-05
3.132307853e-06
0.01250351713
8.834952052e-06
1.850421829e-06
0.01250345626
5.673926738e-06
9.950305161e-07
0.01250346756
3.617337563e-06
5.703925626e-07
0.01250347647
2.258161637e-06
4.069377242e-07
0.01250351133
1.225753185e-06
3.527742333e-07
0.01250355151
4.999984934e-07
3.498500973e-07
0.01250358881
-6.636450743e-09
3.782676579e-07
0.01250361513
-3.806805869e-07
4.22634089e-07
0.0125036413
-6.448424617e-07
4.877584266e-07
0.0125036514
-8.491555536e-07
5.618532251e-07
0.01250372161
-1.019282833e-06
6.29570001e-07
-1.193374631e-06
6.804233019e-07
0.0124998759
-8.493082652e-07
-1.24052181e-07
0.01249950359
-2.57067522e-06
-3.993909941e-07
0.01249886931
-4.844603063e-06
-9.040409606e-07
0.01249799463
-8.222484696e-06
-1.902798539e-06
0.01249711136
-1.362972455e-05
-3.921537251e-06
0.01249695817
-2.241986761e-05
-7.788178222e-06
0.01249988753
-3.713016837e-05
-1.529962383e-05
0.01251004989
-5.837263447e-05
-2.759641953e-05
0.01253643382
-8.791956278e-05
-4.653746782e-05
0.01256585475
-9.366839648e-05
-5.166562881e-05
0.01258445921
-6.527243596e-05
-3.896327581e-05
0.01258922519
-2.065529655e-05
-1.809444989e-05
0.01258397583
2.328698428e-05
4.699224595e-07
0.01256461709
6.563659015e-05
2.073961676e-05
0.01253759769
9.202392177e-05
3.168023849e-05
0.01251251398
9.195066584e-05
3.27285309e-05
0.012502935
6.110013706e-05
1.877669885e-05
0.01250171788
3.322729972e-05
5.753107519e-06
0.01250150247
2.145583247e-05
1.00641479e-06
0.01250205584
1.488780132e-05
-1.147515361e-06
0.0125030348
9.921389422e-06
-2.738584732e-06
0.01250375382
6.866392616e-06
-3.628514248e-06
0.01250421387
5.101617206e-06
-3.953307516e-06
0.01250452632
4.00162911e-06
-4.103991305e-06
0.01250477178
3.181320676e-06
-4.246671882e-06
0.01250493376
2.664523456e-06
-4.36700815e-06
0.01250502113
2.329479128e-06
-4.479259644e-06
0.01250507137
2.095464311e-06
-4.614706466e-06
0.01250510467
1.937812552e-06
-4.748418919e-06
0.01250513084
1.823942953e-06
-4.891269305e-06
0.01250510936
1.785098228e-06
-5.018447149e-06
1.836190637e-06
-5.217450091e-06
0.01249975384
-6.507548223e-07
-1.575868397e-07
0.0124990075
-1.977755479e-06
-5.134099222e-07
0.01249761756
-3.802631701e-06
-1.205904136e-06
0.0124953522
-6.691978718e-06
-2.662900697e-06
0.01249205311
-1.178247025e-05
-5.881080803e-06
0.01248823952
-2.12102059e-05
-1.274835314e-05
0.01248697046
-3.969923534e-05
-2.772008374e-05
0.01249724163
-7.041640337e-05
-5.681562155e-05
0.01254510003
-0.0001261139527
-0.000110929323
0.01259213251
-0.0001316771011
-0.0001174393056
0.01261999361
-8.823860663e-05
-8.143288573e-05
0.01262412671
-2.59726485e-05
-2.619702791e-05
0.01261918526
3.07375337e-05
1.757177706e-05
0.01258792332
9.15237062e-05
7.271567831e-05
0.01254072939
0.0001312852893
0.00010515219
0.01250144389
0.0001275090462
9.920363728e-05
0.01249510091
7.696163307e-05
4.622033668e-05
0.01249600186
4.302822019e-05
1.444455409e-05
0.01249683929
2.896607983e-05
5.749449548e-06
0.01249885102
2.024220934e-05
7.601194556e-07
0.01250089029
1.395716294e-05
-2.852747943e-06
0.01250229915
1.035931976e-05
-4.478789397e-06
0.01250329645
8.111740123e-06
-4.98099741e-06
0.01250403461
6.668288693e-06
-5.143014413e-06
0.0125045485
5.63746994e-06
-5.101847512e-06
0.01250491212
4.907239972e-06
-4.948635449e-06
0.01250518711
4.384326994e-06
-4.743854314e-06
0.01250537708
3.998697878e-06
-4.510289149e-06
0.01250551278
3.713943191e-06
-4.296973878e-06
0.01250560157
3.490173593e-06
-4.048761525e-06
0.01250578555
3.300562139e-06
-3.909512912e-06
3.078801949e-06
-3.816479179e-06
0.01249964577
-3.52362078e-07
-1.861324285e-07
0.01249856453
-1.076239706e-06
-6.155168675e-07
0.0124964364
-2.099482145e-06
-1.47938961e-06
0.01249264769
-3.80105942e-06
-3.438426678e-06
0.01248598705
-7.062528497e-06
-8.019089038e-06
0.01247580631
-1.415346796e-05
-1.946211955e-05
0.01246371829
-3.145866974e-05
-4.829987332e-05
0.01247291383
-7.090643669e-05
-0.0001155542206
0.01257204672
-0.0001341849047
-0.0003078620805
0.01263501206
-0.0001133759779
-7.52147348e-05
-6.169291752e-05
-8.878633214e-05
-7.764545052e-05
0.01266906319
-6.659099152e-05
-5.543595009e-05
-3.866119167e-05
-6.353138178e-05
-4.172430117e-05
0.01266802022
-1.201009608e-05
-2.414703203e-05
-1.469416276e-05
-1.61640293e-05
-3.532638425e-06
0.01267059084
3.176695661e-05
-3.693846151e-06
6.33862831e-06
1.437605332e-05
2.775697986e-05
0.01262818384
9.211237439e-05
2.123812074e-05
3.9057041e-05
5.12858599e-05
7.69764542e-05
0.0125457945
0.000135832947
4.743844275e-05
5.160785924e-05
8.648902925e-05
0.0001075465333
0.01247312015
0.0001361718734
0.0002646474425
0.01248132564
6.082924257e-05
0.0001043869625
0.01248716866
3.734182606e-05
3.941561023e-05
0.01249342488
2.18221771e-05
2.169522375e-05
0.01249932147
1.406915331e-05
1.44106383e-05
0.01250250833
1.008107445e-05
1.085744982e-05
0.01250423173
7.795623265e-06
9.509335739e-06
0.01250537458
6.32750576e-06
8.803793611e-06
0.01250614312
5.420962087e-06
8.276173254e-06
0.01250660501
4.776002409e-06
7.906279788e-06
0.01250688029
4.295501634e-06
7.59486595e-06
0.0125070481
3.972074146e-06
7.28962371e-06
0.01250715962
3.729364307e-06
7.003790316e-06
0.01250722632
3.581306692e-06
6.735556253e-06
0.01250727162
3.45012747e-06
6.485017467e-06
0.01250725252
3.426170448e-06
6.254096808e-06
3.450327128e-06
6.03806491e-06
0.01249958373
3.440721539e-09
-2.031958623e-07
0.01249830154
1.042361677e-08
-6.770225823e-07
0.01249572016
1.890125979e-08
-1.650859942e-06
0.01249087939
2.980841134e-08
-3.936429526e-06
0.01248154464
5.225754506e-08
-9.49513665e-06
0.01246354203
1.036817481e-07
-2.490331518e-05
0.01242885305
3.775324004e-07
-6.866414898e-05
0.01242847679
1.141039994e-06
-4.43763691e-05
-7.140700895e-05
-5.423307046e-05
-8.405957929e-05
0.01260187811
3.467111832e-06
-0.0001371107845
-0.0001565382091
-0.0001972039398
-0.0002408654148
0.01266923751
1.129994901e-06
-0.0001401632551
-0.0001101993757
-0.0001900383701
-0.0001333282258
0.01267408406
6.125204258e-07
-8.429717726e-05
-5.997031229e-05
-9.305818161e-05
-6.202169226e-05
0.01266492398
1.484392361e-06
-2.487496538e-05
-1.491451682e-05
-2.20541789e-05
-1.135363716e-05
0.01268326483
2.372744341e-06
1.149491e-05
2.461736414e-05
2.233452421e-05
3.449122889e-05
0.01267669765
2.078183275e-06
6.053884381e-05
9.229535539e-05
7.798542338e-05
0.0001108496245
0.01257011138
3.30761174e-06
0.0001217228583
0.0001485646987
0.000154824555
0.0002039477141
0.01242979373
7.658180376e-06
0.0001505363108
0.0001140522466
0.000214118635
0.0001919823071
0.0124546051
1.258503706e-05
3.799496934e-05
3.367779764e-05
6.849354081e-05
2.355895589e-05
0.01245779661
1.40662213e-05
6.890009704e-05
0.01247441481
1.524756365e-05
1.748563873e-06
0.01248653017
1.451135495e-05
-2.481287037e-05
0.01249307953
1.430946908e-05
-3.28699124e-05
0.01249692296
1.448676648e-05
-3.597175943e-05
0.01249923875
1.48761529e-05
-3.741372078e-05
0.01250066382
1.524776189e-05
-3.801786439e-05
0.01250160676
1.546562796e-05
-3.817187458e-05
0.01250223649
1.566556583e-05
-3.812139118e-05
0.01250267811
1.589852593e-05
-3.803184903e-05
0.01250298443
1.609679432e-05
-3.786085024e-05
0.0125032195
1.630945531e-05
-3.771687519e-05
0.0125033623
1.647369026e-05
-3.747807775e-05
0.01250361718
1.663328399e-05
-3.738690873e-05
1.666704259e-05
-3.733724477e-05
0.01249958404
3.590042266e-07
-2.03667538e-07
0.0124983028
1.096379038e-06
-6.785159111e-07
0.01249572404
2.135641876e-06
-1.654166453e-06
0.01249088789
3.858310648e-06
-3.943835626e-06
0.01248157994
7.152476705e-06
-9.509241162e-06
0.01246367831
1.429138064e-05
-2.493679709e-05
0.01242965541
3.163602103e-05
-6.850336465e-05
0.01243048255
7.086007605e-05
-5.38542493e-05
-8.362892082e-05
-4.409791993e-05
-7.019649132e-05
0.012600847
0.0001339844526
-0.0001928396357
-0.000234540014
-0.0001346965106
-0.0001521194432
0.01266889733
0.0001157034345
-0.0001886913107
-0.0001348599482
-0.0001381729877
-0.0001091302919
0.01267313913
6.905306025e-05
-9.458492354e-05
-6.38524406e-05
-8.214840159e-05
-5.748635771e-05
0.0126647156
1.4493382e-05
-2.388178739e-05
-1.277729988e-05
-2.269644622e-05
-1.228994273e-05
0.01268409687
-2.976639691e-05
2.113821286e-05
3.343074237e-05
1.424536488e-05
2.745723949e-05
0.01267816971
-9.092159052e-05
7.699090134e-05
0.0001100914038
6.310093284e-05
9.537252623e-05
0.01257456818
-0.0001345468745
0.0001542251943
0.0002030148872
0.000124698043
0.0001514946454
0.01243459336
-0.0001371774088
0.0002195029466
0.0002015519246
0.0001547441063
0.0001202584414
0.01246068026
-5.915324418e-05
8.677009241e-05
5.659728135e-05
3.747981618e-05
2.558233914e-05
0.01246194072
-3.997825199e-05
0.0001300391416
0.01247769533
-2.257526152e-05
7.300456213e-05
0.01248884446
-1.316679337e-05
5.259867553e-05
0.01249486682
-8.378645595e-06
4.617212128e-05
0.01249832501
-5.181181169e-06
4.339399532e-05
0.01250040356
-2.891468548e-06
4.167684015e-05
0.01250178645
-1.327426811e-06
4.047559825e-05
0.0125026827
-2.621068737e-07
3.969025766e-05
0.01250325328
5.533224983e-07
3.907416343e-05
0.01250364327
1.184891798e-06
3.856044359e-05
0.01250391197
1.687256686e-06
3.810763909e-05
0.01250409992
2.089323836e-06
3.774269856e-05
0.01250423647
2.420570781e-06
3.738359473e-05
0.01250434133
2.693977717e-06
3.714006353e-05
2.931736761e-06
3.671661902e-05
0.01249964665
6.567272526e-07
-1.874551607e-07
0.01249856827
1.995766865e-06
-6.197567812e-07
0.01249644756
3.83388915e-06
-1.488635687e-06
0.01249267566
6.73858347e-06
-3.456462028e-06
0.01248607553
1.184154643e-05
-8.060664925e-06
0.01247601875
2.127366809e-05
-1.950636933e-05
0.01246429445
3.967942372e-05
-4.828367125e-05
0.01247390914
7.034124569e-05
-0.0001153884422
0.01257130236
0.0001248593744
-0.0003016475653
0.01263486171
0.0001305128104
-8.743523613e-05
-7.690852728e-05
-7.321112767e-05
-5.999241553e-05
0.01266885597
8.720766367e-05
-6.209881206e-05
-3.992135201e-05
-5.353448348e-05
-3.682071113e-05
0.01266799154
2.537497509e-05
-1.436284471e-05
-1.822371904e-06
-2.246688773e-05
-1.309925428e-05
0.01267087492
-3.10213602e-05
1.574477508e-05
2.900592474e-05
-2.151931022e-06
7.850623453e-06
0.01262940043
-9.194727087e-05
5.159656546e-05
7.786349916e-05
2.290807808e-05
4.042788968e-05
0.01254800409
-0.000132094213
8.71931327e-05
0.0001084749117
4.920018959e-05
5.356614316e-05
0.01247463939
-0.0001299672501
0.000273183773
0.01248158419
-8.077133584e-05
0.0001193158368
0.01248546658
-4.950283247e-05
5.835526977e-05
0.01249197113
-3.530318172e-05
3.675777992e-05
0.01249812536
-2.616331549e-05
2.593529908e-05
0.01250165042
-2.054234591e-05
2.123202845e-05
0.01250369834
-1.738050844e-05
2.004970629e-05
0.01250499842
-1.556345492e-05
2.00424139e-05
0.01250585082
-1.446547259e-05
2.04153997e-05
0.01250637842
-1.377475079e-05
2.090200656e-05
0.01250670431
-1.329728881e-05
2.141160153e-05
0.01250689885
-1.298124913e-05
2.189227002e-05
0.01250701424
-1.275654282e-05
2.232710694e-05
0.01250708295
-1.261023152e-05
2.27165723e-05
0.01250713858
-1.249367732e-05
2.305759357e-05
0.01250714479
-1.242188386e-05
2.335602219e-05
-1.235453975e-05
2.372436124e-05
0.01249975509
8.543342042e-07
-1.595796398e-07
0.01249901279
2.585744996e-06
-5.197383568e-07
0.01249763187
4.869837376e-06
-1.218945185e-06
0.01249538584
8.257620775e-06
-2.687788795e-06
0.01249213034
1.366926748e-05
-5.929258605e-06
0.01248840579
2.245325032e-05
-1.283342312e-05
0.01248730055
3.709390191e-05
-2.783033567e-05
0.01249782645
5.823014798e-05
-5.684000382e-05
0.01254499963
8.723820476e-05
-0.0001098081704
0.01259207607
9.288083633e-05
-0.000116840233
0.01261998405
6.446658468e-05
-8.065632246e-05
0.01262421093
1.983699541e-05
-2.498862995e-05
0.01261947326
-2.405182384e-05
1.886788539e-05
0.0125886085
-6.642648182e-05
7.3747468e-05
0.01254165874
-9.290866648e-05
0.00010621391
0.0125019217
-9.341116623e-05
0.0001007356659
0.01249589709
-6.299663409e-05
4.578988196e-05
0.01249617358
-3.617434381e-05
1.368210185e-05
0.01249755433
-2.434088942e-05
3.31308037e-06
0.01249977802
-1.776754937e-05
-6.24675926e-07
0.01250175652
-1.303670806e-05
-3.536421784e-06
0.0125030762
-1.003444559e-05
-4.956023287e-06
0.0125039898
-8.350307609e-06
-5.660063598e-06
0.01250464771
-7.269100802e-06
-6.131410525e-06
0.012505092
-6.588496146e-06
-6.534290495e-06
0.01250539273
-6.133011089e-06
-6.860749316e-06
0.01250560112
-5.842636085e-06
-7.130606583e-06
0.01250575188
-5.636696275e-06
-7.367038881e-06
0.0125058666
-5.516759537e-06
-7.583349363e-06
0.01250594895
-5.429091634e-06
-7.781867699e-06
0.01250603194
-5.383602763e-06
-7.966704676e-06
-5.364160344e-06
-8.114455973e-06
0.01249987727
9.394382354e-07
-1.264774247e-07
0.01249950915
2.834631481e-06
-4.070014426e-07
0.0124988834
5.231916292e-06
-9.190463279e-07
0.01249802472
8.580510242e-06
-1.930046017e-06
0.01249717084
1.349754185e-05
-3.969883916e-06
0.01249707225
2.071894966e-05
-7.872607908e-06
0.01250008017
3.124608416e-05
-1.542560182e-05
0.01251032743
4.456925034e-05
-2.772149854e-05
0.01253648421
5.936093241e-05
-4.644867156e-05
0.01256585688
6.223591972e-05
-5.174149631e-05
0.0125845353
4.529308408e-05
-3.920082632e-05
0.0125893711
1.639683154e-05
-1.824294625e-05
0.0125842197
-1.337476621e-05
2.874505816e-07
0.01256499921
-4.042800884e-05
2.052235954e-05
0.01253810895
-5.717116441e-05
3.13698673e-05
0.01251293812
-5.962791751e-05
3.254705436e-05
0.01250356763
-4.525872354e-05
1.783128689e-05
0.01250190303
-2.878078607e-05
5.702734088e-06
0.01250155607
-1.988364925e-05
8.322677448e-07
0.01250200899
-1.466161722e-05
-1.726430312e-06
0.01250288859
-1.051026719e-05
-3.673084833e-06
0.01250355703
-7.524095262e-06
-4.74880489e-06
0.01250404175
-5.659886818e-06
-5.111439755e-06
0.0125043924
-4.437231775e-06
-5.20244971e-06
0.01250464436
-3.630690546e-06
-5.153379634e-06
0.01250481768
-3.073876475e-06
-5.041711384e-06
0.01250493451
-2.714921853e-06
-4.876450782e-06
0.01250500598
-2.473264832e-06
-4.711434837e-06
0.01250505807
-2.314067659e-06
-4.54311027e-06
0.01250510703
-2.211784968e-06
-4.38797939e-06
0.01250510401
-2.152215017e-06
-4.233717497e-06
-2.117744877e-06
-4.014638182e-06
0.01249999003
9.21573048e-07
-9.421977234e-08
0.01249995937
2.777110085e-06
-3.010091873e-07
0.01249996564
5.035911761e-06
-6.559472486e-07
0.0125001428
8.030607448e-06
-1.315064557e-06
0.01250081778
1.213087364e-05
-2.544030447e-06
0.01250266327
1.767048247e-05
-4.720268171e-06
0.01250711877
2.489140419e-05
-8.460641157e-06
0.01251604967
3.306970312e-05
-1.393819079e-05
0.01253224988
4.053050754e-05
-2.105693056e-05
0.01255078288
4.126145174e-05
-2.377405233e-05
0.01256360119
3.067359894e-05
-1.853884578e-05
0.01256774776
1.175217058e-05
-8.35629222e-06
0.01256406422
-8.46243855e-06
2.196463947e-06
0.01255212048
-2.640402055e-05
1.264777909e-05
0.01253537336
-3.81342304e-05
1.995925291e-05
0.01251880324
-4.102490598e-05
2.181992541e-05
0.0125096898
-3.41079486e-05
1.562351281e-05
0.0125063631
-2.371526913e-05
7.993926972e-06
0.01250471601
-1.668964556e-05
3.868470535e-06
0.01250386573
-1.236810598e-05
1.907084564e-06
0.01250362436
-8.925796452e-06
5.760929289e-07
0.01250359473
-6.290074234e-06
-2.532373975e-07
0.01250361315
-4.547817955e-06
-7.241092582e-07
0.01250364533
-3.408384018e-06
-9.860109813e-07
0.01250368852
-2.646491221e-06
-1.189453306e-06
0.01250372285
-2.126612029e-06
-1.345467535e-06
0.01250375226
-1.790170314e-06
-1.482902983e-06
0.01250377084
-1.577394479e-06
-1.603349367e-06
0.01250378904
-1.450855624e-06
-1.704648251e-06
0.01250380195
-1.376399524e-06
-1.806605994e-06
0.01250381508
-1.349049219e-06
-1.882835298e-06
-1.377639365e-06
-1.980253572e-06
0.01250007926
8.224552456e-07
-6.84154194e-08
0.01250032015
2.473787021e-06
-2.140347909e-07
0.01250080193
4.423487306e-06
-4.509710683e-07
0.01250168557
6.898624469e-06
-8.672288848e-07
0.01250327062
1.010067507e-05
-1.593421766e-06
0.01250604848
1.414187755e-05
-2.792029398e-06
0.01251081614
1.895739969e-05
-4.66839682e-06
0.01251837925
2.389143076e-05
-7.187012129e-06
0.01252941464
2.761365564e-05
-1.003007297e-05
0.01254157326
2.725342715e-05
-1.120777001e-05
0.01255041259
2.046583963e-05
-9.094731367e-06
0.01255358902
8.234982634e-06
-4.628799569e-06
0.01255097672
-5.096935389e-06
3.100024153e-07
0.01254309975
-1.692172902e-05
4.789440905e-06
0.01253192629
-2.483540547e-05
7.583087368e-06
0.01252059934
-2.737155159e-05
7.708897826e-06
0.01251282762
-2.427679705e-05
5.092236314e-06
0.01250882837
-1.821430551e-05
1.743654504e-06
0.0125064968
-1.335772259e-05
-7.83456944e-08
0.01250494395
-1.013043682e-05
-8.394863955e-07
0.01250403416
-7.524894076e-06
-1.361055575e-06
0.01250352661
-5.411257149e-06
-1.734538741e-06
0.01250321809
-3.934303988e-06
-1.939964316e-06
0.01250302558
-2.918762917e-06
-2.006675355e-06
0.01250291137
-2.224734682e-06
-2.027236613e-06
0.0125028358
-1.724135673e-06
-2.014172545e-06
0.01250279338
-1.394020782e-06
-1.992562289e-06
0.01250276307
-1.15643038e-06
-1.950405001e-06
0.0125027446
-1.022434003e-06
-1.904191828e-06
0.01250273307
-9.249412996e-07
-1.840649305e-06
0.01250271379
-8.796537288e-07
-1.787705371e-06
-8.669779048e-07
-1.699690903e-06
0.012500146
6.625977875e-07
-4.804167458e-08
0.01250058527
1.991582099e-06
-1.489806657e-07
0.01250139779
3.523358928e-06
-3.046514224e-07
0.01250273182
5.40323833e-06
-5.638208967e-07
0.01250482149
7.731448253e-06
-9.896176494e-07
0.01250798951
1.051773834e-05
-1.651020899e-06
0.01251264224
1.361323118e-05
-2.609371046e-06
0.01251906314
1.652105352e-05
-3.806078301e-06
0.01252719467
1.834958276e-05
-5.017489115e-06
0.01253566077
1.766139527e-05
-5.53085633e-06
0.01254200028
1.326488556e-05
-4.617017549e-06
0.01254451231
5.422486967e-06
-2.491651443e-06
0.01254278486
-3.103496542e-06
3.381694586e-08
0.01253742255
-1.076330537e-05
2.292538508e-06
0.01252968529
-1.600857833e-05
3.808777994e-06
0.01252147502
-1.8021426e-05
4.232157841e-06
0.01251485281
-1.670162188e-05
3.478749224e-06
0.01251060457
-1.327046649e-05
2.046570826e-06
0.01250780442
-1.004628071e-05
9.899181698e-07
0.01250578725
-7.685434524e-06
4.043692766e-07
0.01250440946
-5.764137061e-06
-2.310180901e-08
0.01250351101
-4.160790563e-06
-3.50322823e-07
0.01250291696
-3.000761614e-06
-5.510193549e-07
0.01250250927
-2.178319139e-06
-6.654743899e-07
0.01250223209
-1.615937137e-06
-7.41309531e-07
0.0125020406
-1.193139126e-06
-8.061702528e-07
0.01250191478
-9.251546316e-07
-8.569726518e-07
0.01250182202
-7.145384171e-07
-9.041543875e-07
0.01250175223
-6.068711511e-07
-9.410819365e-07
0.01250170132
-5.247193354e-07
-9.88208523e-07
0.01250166216
-4.888632957e-07
-1.022407181e-06
-4.764270793e-07
-1.067836949e-06
0.01250019094
4.620427548e-07
-3.392420262e-08
0.01250076488
1.388124715e-06
-1.044101543e-07
0.01250179178
2.437648088e-06
-2.075883194e-07
0.01250339519
3.694846194e-06
-3.705535673e-07
0.01250574606
5.204640982e-06
-6.240766754e-07
0.01250904286
6.943355487e-06
-9.967383145e-07
0.01251346572
8.781422005e-06
-1.502885418e-06
0.01251904555
1.039203156e-05
-2.097144169e-06
0.01252547338
1.126536254e-05
-2.64887042e-06
0.01253181218
1.066130196e-05
-2.872319568e-06
0.01253661301
7.952919191e-06
-2.438287338e-06
0.01253861973
3.20365778e-06
-1.379890121e-06
0.01253741996
-1.777274706e-06
-1.335832021e-07
0.01253346918
-6.375286189e-06
9.830161462e-07
0.01252766673
-9.572632702e-06
1.701780632e-06
0.01252125215
-1.091025566e-05
1.865115132e-06
0.01251556222
-1.037825032e-05
1.42615692e-06
0.01251137303
-8.586928616e-06
6.270460785e-07
0.01250836645
-6.678349354e-06
-2.301956765e-08
0.01250611553
-5.172215882e-06
-3.909374666e-07
0.01250447844
-3.934970294e-06
-6.334626515e-07
0.01250334139
-2.888968772e-06
-8.067193053e-07
0.01250255516
-2.1100486e-06
-9.127617722e-07
0.01250200664
-1.547469163e-06
-9.609916767e-07
0.01250162113
-1.14823581e-06
-9.914023024e-07
0.01250135355
-8.518962011e-07
-1.004755489e-06
0.01250116654
-6.615817269e-07
-1.010901e-06
0.01250103903
-5.157144114e-07
-1.000554953e-06
0.01250094611
-4.325583523e-07
-9.931971597e-07
0.01250087896
-3.715482009e-07
-9.765671696e-07
0.0125008266
-3.426701383e-07
-9.64310512e-07
-3.310592472e-07
-9.387299302e-07
0.01250021827
2.367966452e-07
-2.519179957e-08
0.0125008739
7.112240463e-07
-7.700299693e-08
0.01250202652
1.243563739e-06
-1.494141327e-07
0.01250377742
1.872005991e-06
-2.58310095e-07
0.01250625223
2.613017081e-06
-4.195296497e-07
0.01250957057
3.446474241e-06
-6.447571426e-07
0.0125137933
4.303543354e-06
-9.341269052e-07
0.01251883301
5.017500428e-06
-1.255055179e-06
0.01252431649
5.388137005e-06
-1.534447087e-06
0.01252956069
5.01938106e-06
-1.638895291e-06
0.01253341851
3.784411562e-06
-1.409717477e-06
0.01253503232
1.456330703e-06
-8.524390852e-07
0.0125341579
-8.453223169e-07
-2.103266297e-07
0.01253101861
-2.993459596e-06
4.034094008e-07
0.01252630556
-4.492186409e-06
8.067749049e-07
0.01252096418
-5.156641329e-06
9.193796509e-07
0.01251595512
-4.986644609e-06
7.387475985e-07
0.01251189855
-4.224245664e-06
3.780781644e-07
0.0125087911
-3.3394767e-06
5.236342384e-08
0.01250640138
-2.599980554e-06
-1.581322591e-07
0.01250460336
-1.985595941e-06
-3.057496967e-07
0.01250330798
-1.462215821e-06
-4.220118098e-07
0.01250238439
-1.067745854e-06
-4.973086568e-07
0.01250173338
-7.80822143e-07
-5.444576751e-07
0.01250126891
-5.691151326e-07
-5.730019874e-07
0.01250094112
-4.105231911e-07
-5.952182728e-07
0.01250070614
-3.11570525e-07
-6.093212482e-07
0.01250054267
-2.356398554e-07
-6.220597325e-07
0.01250041943
-1.902156766e-07
-6.310322807e-07
0.01250033034
-1.596853074e-07
-6.444097643e-07
0.01250025563
-1.443592249e-07
-6.518982727e-07
-1.352432975e-07
-6.657546273e-07
0.01250023107
-2.105030139e-08
0.01250092492
-6.406663308e-08
0.0125021351
-1.223860358e-07
0.01250395031
-2.071818203e-07
0.01250647309
-3.28391442e-07
0.01250978476
-4.919538095e-07
0.0125138998
-6.93895336e-07
0.0125186749
-9.090329007e-07
0.01252378112
-1.087291598e-06
0.01252852076
-1.142918738e-06
0.01253207561
-1.020405373e-06
0.01253346112
-5.433899615e-07
0.0125326535
-2.059559457e-07
0.01252982763
1.933187059e-07
0.0125255968
4.626776757e-07
0.01252074041
5.348752965e-07
0.01251604104
4.153155997e-07
0.01251205815
1.692186269e-07
0.01250890866
-7.974684742e-08
0.01250645886
-2.660614645e-07
0.01250459369
-3.985811551e-07
0.01250322944
-4.976168663e-07
0.01250224355
-5.620046379e-07
0.01250153974
-6.090422217e-07
0.01250103534
-6.336096219e-07
0.01250068502
-6.450236777e-07
0.01250043327
-6.492831852e-07
0.01250025806
-6.518391974e-07
0.01250012835
-6.523480128e-07
0.01250003239
-6.530291548e-07
0.01249995381
-6.531418309e-07
-6.509821772e-07
0.01250022894
-2.378531654e-07
-9.697069511e-09
0.01250091668
-7.148465222e-07
-2.956261135e-08
0.0125021167
-1.252048178e-06
-5.717226997e-08
0.012503918
-1.889824724e-06
-9.821907785e-08
0.0125064245
-2.647378089e-06
-1.57812241e-07
0.01250972078
-3.507728044e-06
-2.390744544e-07
0.01251382735
-4.404555939e-06
-3.399789068e-07
0.01251860828
-5.169259734e-06
-4.474286466e-07
0.01252374176
-5.593066089e-06
-5.34949716e-07
0.01252852602
-5.255159551e-06
-5.563917743e-07
0.01253212123
-3.997162802e-06
-4.816942464e-07
0.01253353448
-1.575558798e-06
-2.107036184e-07
0.01253270933
8.288341788e-07
-2.038976259e-08
0.01252984405
3.06863285e-06
2.069099243e-07
0.01252556478
4.626587335e-06
3.647648777e-07
0.01252066241
5.305514771e-06
4.169440877e-07
0.01251593865
5.097360843e-06
3.651226044e-07
0.01251196442
4.260707985e-06
2.44159429e-07
0.01250884381
3.314541863e-06
1.196000255e-07
0.01250641983
2.549894128e-06
2.457794641e-08
0.01250457523
1.923126097e-06
-4.491930346e-08
0.01250322882
1.389481482e-06
-9.732234231e-08
0.01250225345
9.950874623e-07
-1.299900024e-07
0.01250156556
6.936919918e-07
-1.569155353e-07
0.01250106922
4.906484812e-07
-1.692233476e-07
0.01250072369
3.394186942e-07
-1.769624182e-07
0.01250047635
2.386410065e-07
-1.790034653e-07
0.01250030413
1.686940371e-07
-1.849526043e-07
0.01250017537
1.27050851e-07
-1.874769601e-07
0.01250008257
9.296943413e-08
-1.897167744e-07
0.01250000608
7.835088735e-08
-1.915348263e-07
7.243805154e-08
-1.931378876e-07
0.01250021564
-4.643075396e-07
-1.189576953e-08
0.01250086366
-1.395880573e-06
-3.643588357e-08
0.01250200331
-2.456067047e-06
-7.15290573e-08
0.01250373584
-3.734165872e-06
-1.253889471e-07
0.01250618823
-5.282051421e-06
-2.063014361e-07
0.01250948417
-7.084298052e-06
-3.205282954e-07
0.01251369349
-9.02001472e-06
-4.685233046e-07
0.01251874141
-1.076020948e-05
-6.334998278e-07
0.01252426792
-1.177639898e-05
-7.772985877e-07
0.0125295843
-1.125901278e-05
-8.274243426e-07
0.01253350716
-8.487511476e-06
-6.926992763e-07
0.01253515652
-3.518765805e-06
-3.817476153e-07
0.01253426104
1.736940224e-06
-1.996279169e-08
0.01253106757
6.571708307e-06
3.280590772e-07
0.01252628044
9.927469173e-06
5.630769172e-07
0.01252086931
1.130426486e-05
6.41840533e-07
0.0125158252
1.067209383e-05
5.617016976e-07
0.01251178626
8.690067179e-06
3.855752718e-07
0.01250871783
6.641434067e-06
2.274587657e-07
0.01250635819
5.086684433e-06
1.232364313e-07
0.01250458272
3.821614803e-06
4.633973943e-08
0.01250330716
2.748181029e-06
-1.632629581e-08
0.01250240259
1.958908459e-06
-5.833927381e-08
0.01250176175
1.380522775e-06
-8.812845817e-08
0.01250129866
9.918313753e-07
-1.088263784e-07
0.01250097555
6.973987361e-07
-1.25034052e-07
0.01250074279
5.01393323e-07
-1.326156781e-07
0.01250058063
3.598865393e-07
-1.389326551e-07
0.01250045975
2.757068792e-07
-1.418746786e-07
0.01250037225
2.081243828e-07
-1.437467375e-07
0.01250030049
1.745704903e-07
-1.418134402e-07
1.528917995e-07
-1.39134439e-07
0.01250018721
-6.663368384e-07
-1.65476539e-08
0.01250075012
-2.004340332e-06
-5.104832421e-08
0.01250175755
-3.554426851e-06
-1.025449482e-07
0.01250333179
-5.471336986e-06
-1.852652072e-07
0.01250564468
-7.870043814e-06
-3.156167997e-07
0.01250890001
-1.077926321e-05
-5.091926517e-07
0.01251329489
-1.407617746e-05
-7.749807024e-07
0.0125188848
-1.726695559e-05
-1.090959424e-06
0.01252540967
-1.944343395e-05
-1.391469247e-06
0.01253190639
-1.897106622e-05
-1.513873291e-06
0.01253682551
-1.440792417e-05
-1.264731364e-06
0.0125388943
-6.094107333e-06
-6.700840698e-07
0.01253765164
3.045466889e-06
3.46444803e-08
0.0125336002
1.122386156e-05
6.525971917e-07
0.01252764739
1.683243711e-05
1.061504112e-06
0.01252108784
1.892544665e-05
1.16295566e-06
0.01251532647
1.735513364e-05
9.201495881e-07
0.01251118426
1.345073127e-05
4.789929527e-07
0.01250825255
9.935722575e-06
1.31019169e-07
0.0125060494
7.513206498e-06
-7.550896772e-08
0.01250444766
5.552876613e-06
-2.037037928e-07
0.01250333946
3.915032133e-06
-2.923625128e-07
0.01250257652
2.734165626e-06
-3.392168681e-07
0.01250203854
1.915232025e-06
-3.604160755e-07
0.01250166552
1.359548246e-06
-3.775655906e-07
0.01250140621
9.514724683e-07
-3.897421427e-07
0.01250122862
6.830594804e-07
-3.994634237e-07
0.01250110416
4.9505719e-07
-4.069033251e-07
0.01250101677
3.855291413e-07
-4.160048631e-07
0.01250095472
3.087753422e-07
-4.303868725e-07
0.01250089754
2.773377659e-07
-4.403167741e-07
2.796091088e-07
-4.529412155e-07
0.01250014037
-8.279981719e-07
-2.41094838e-08
0.01250056242
-2.492347507e-06
-7.493561313e-08
0.01250134327
-4.470508912e-06
-1.54579487e-07
0.0125026269
-7.005806747e-06
-2.889783164e-07
0.01250464549
-1.032913095e-05
-5.123783495e-07
0.01250772731
-1.459483109e-05
-8.629379204e-07
0.01251231059
-1.981248435e-05
-1.37879284e-06
0.01251873561
-2.535605619e-05
-2.036150595e-06
0.01252708679
-2.994111151e-05
-2.73444387e-06
0.0125359269
-3.011928388e-05
-3.051411077e-06
0.01254251963
-2.288797758e-05
-2.521314054e-06
0.01254513231
-9.60396828e-06
-1.349068019e-06
0.01254333649
5.005636778e-06
1.49846619e-07
0.01253777258
1.798582953e-05
1.420312533e-06
0.01252972033
2.673192039e-05
2.336065664e-06
0.01252122639
2.942952359e-05
2.660095209e-06
0.01251446915
2.576557844e-05
2.33767434e-06
0.01251029843
1.865773971e-05
1.598786156e-06
0.01250761708
1.321242183e-05
1.032714723e-06
0.01250567191
9.868585645e-06
6.780856306e-07
0.01250434948
7.164189779e-06
4.020770214e-07
0.01250348917
4.97970682e-06
1.839022501e-07
0.01250291631
3.45964575e-06
4.422924739e-08
0.01250251769
2.44196673e-06
-3.819513014e-08
0.01250224512
1.7398922e-06
-8.266618419e-08
0.012502056
1.239399065e-06
-1.111231163e-07
0.01250192732
8.98188126e-07
-1.177312599e-07
0.01250183448
6.755301997e-07
-1.211371519e-07
0.01250177048
5.290276029e-07
-1.121256205e-07
0.01250172609
4.405886663e-07
-1.055202611e-07
0.01250169703
3.949190614e-07
-9.184717287e-08
3.571374794e-07
-6.826171224e-08
0.0125000697
-9.283342097e-07
-3.509559296e-08
0.01250028395
-2.802304653e-06
-1.100543493e-07
0.01250071313
-5.101567692e-06
-2.336262311e-07
0.01250150649
-8.187545865e-06
-4.531333517e-07
0.01250295264
-1.24870317e-05
-8.408590089e-07
0.01250553966
-1.842381395e-05
-1.487270194e-06
0.01251011975
-2.644488662e-05
-2.5237079e-06
0.01251763287
-3.595771374e-05
-3.971885311e-06
0.01252922277
-4.567072194e-05
-5.734708131e-06
0.01254225241
-4.770990552e-05
-6.445881968e-06
0.01255162172
-3.593715652e-05
-5.157102615e-06
0.01255495081
-1.451322803e-05
-2.749539709e-06
0.01255225581
8.391624878e-06
-4.732898605e-08
0.01254380266
2.921702843e-05
2.397808749e-06
0.01253182398
4.271486487e-05
4.016737339e-06
0.0125199439
4.579267977e-05
3.740996926e-06
0.01251210978
3.711110235e-05
2.21550494e-06
0.01250838848
2.4495784e-05
3.457973708e-07
0.01250623493
1.664511414e-05
-5.624512123e-07
0.01250479897
1.219411005e-05
-8.964245032e-07
0.01250399095
8.586948758e-06
-1.101114471e-06
0.01250355832
5.840254064e-06
-1.237832756e-06
0.01250329818
4.080837871e-06
-1.332778388e-06
0.01250313177
2.97163953e-06
-1.389902313e-06
0.01250302833
2.247110811e-06
-1.447525584e-06
0.0125029675
1.740565534e-06
-1.500536746e-06
0.0125029245
1.409303911e-06
-1.540607818e-06
0.01250289605
1.214572105e-06
-1.589476518e-06
0.01250287279
1.096087245e-06
-1.639227867e-06
0.01250285904
1.036294106e-06
-1.702816402e-06
0.0125028201
1.038037246e-06
-1.751160098e-06
1.075974446e-06
-1.790047372e-06
0.01249997727
-9.481126468e-07
-4.906991364e-08
0.01249990322
-2.863710417e-06
-1.573669339e-07
0.01249982152
-5.314459636e-06
-3.456913271e-07
0.0124998369
-8.792561025e-06
-6.983980931e-07
0.01250023568
-1.401732661e-05
-1.367411718e-06
0.01250164759
-2.192024726e-05
-2.562566606e-06
0.01250556354
-3.402370353e-05
-4.687729308e-06
0.01251417007
-5.034897237e-05
-8.009689565e-06
0.01253184
-7.129242549e-05
-1.297292165e-05
0.01255254537
-7.723353721e-05
-1.475600336e-05
0.0125666492
-5.733780816e-05
-1.093619177e-05
0.01257097326
-2.236806374e-05
-4.477283144e-06
0.0125673281
1.277470043e-05
1.839867836e-06
0.01255410969
4.732245305e-05
8.199910273e-06
0.01253537256
6.760686987e-05
1.426514427e-05
0.01251704051
7.072267668e-05
1.574808235e-05
0.01250793742
5.120759754e-05
1.134669742e-05
0.01250538441
2.934269584e-05
6.414026743e-06
0.01250411517
1.915756465e-05
3.623522335e-06
0.01250345454
1.392826669e-05
2.058783014e-06
0.01250339867
9.479821821e-06
1.013418049e-06
0.012503445
6.42560317e-06
3.633464635e-07
0.01250351735
4.451079332e-06
1.277990299e-07
0.01250356308
3.32976911e-06
3.0695963e-09
0.01250362108
2.585040299e-06
-4.315563789e-08
0.01250367704
2.07098636e-06
-3.653208632e-08
0.01250372193
1.752962596e-06
-1.028541407e-08
0.01250375924
1.570467183e-06
2.942917462e-08
0.01250378938
1.479971782e-06
7.372765174e-08
0.01250381377
1.446718959e-06
1.270366974e-07
0.01250385788
1.433823236e-06
1.896737228e-07
1.432096903e-06
2.739097405e-07
0.01249985701
-8.623566058e-07
-6.678166635e-08
0.0124994247
-2.614874474e-06
-2.159257181e-07
0.01249865772
-4.959573562e-06
-4.919410384e-07
0.0124975158
-8.510524819e-06
-1.042912807e-06
0.01249611557
-1.435804678e-05
-2.180589326e-06
0.0124950201
-2.423614644e-05
-4.376807632e-06
0.01249646676
-4.184325461e-05
-8.926734747e-06
0.01250532204
-6.984146192e-05
-1.695920781e-05
0.01253521331
-0.0001174178485
-3.030332001e-05
0.01257002934
-0.0001291313532
-3.458383747e-05
0.01259259265
-8.843409321e-05
-3.043030471e-05
0.01259680049
-2.733228079e-05
-1.733806391e-05
0.01259216941
2.722010691e-05
-9.344407033e-06
0.01256888812
8.850545469e-05
2.837899596e-06
0.01253766066
0.0001234969961
7.017578048e-06
0.01250919068
0.0001194796964
1.244148927e-05
0.01250074589
7.47740679e-05
3.655020559e-06
0.01250047074
3.889437029e-05
-3.523423408e-06
0.01250063263
2.523910378e-05
-5.237022324e-06
0.0125016577
1.798764876e-05
-6.231963702e-06
0.01250294591
1.264785596e-05
-7.194826517e-06
0.01250376738
9.822747838e-06
-7.847140357e-06
0.01250428142
8.248803072e-06
-8.265070416e-06
0.01250465492
7.443739755e-06
-8.591465388e-06
0.01250490736
6.930032689e-06
-8.844109666e-06
0.01250504984
6.618198306e-06
-9.056699029e-06
0.01250514032
6.439542468e-06
-9.256324018e-06
0.01250519781
6.335022903e-06
-9.43675377e-06
0.0125052329
6.283169602e-06
-9.586702109e-06
0.01250526442
6.265131547e-06
-9.741202264e-06
0.01250523445
6.293770004e-06
-9.848423926e-06
6.355421805e-06
-9.958850936e-06
0.01249972737
-6.618227123e-07
-8.539247316e-08
0.01249889485
-2.017121231e-06
-2.786455005e-07
0.01249730047
-3.903496389e-06
-6.675996226e-07
0.01249458663
-6.988405686e-06
-1.471176405e-06
0.01249025439
-1.252538095e-05
-3.381508121e-06
0.01248432117
-2.383232409e-05
-7.218952696e-06
0.01247814294
-4.622837239e-05
-1.715674015e-05
0.01248589212
-9.375129841e-05
-4.065496563e-05
0.01255052143
-0.0002083369338
-8.463955104e-05
0.01261563329
-5.352855139e-05
-1.83912685e-05
-4.95232667e-05
-5.898141816e-05
-6.227225745e-05
-1.447122763e-05
-2.696941209e-05
-2.754511118e-05
0.01266144416
-4.300138389e-05
-1.396066104e-05
-2.984466003e-05
-5.393748636e-05
-3.69183536e-05
-7.993786829e-06
-2.175159309e-05
-8.269923903e-06
0.01265567307
-1.660367753e-05
-4.362066519e-06
-8.221859581e-06
-1.64665864e-05
-9.42124992e-06
-2.961120125e-06
4.277248844e-06
6.0010885e-06
0.01266086164
1.873557897e-06
-2.071997614e-06
9.648358932e-06
9.78870853e-07
8.338249892e-06
6.256779114e-07
8.671382101e-06
1.153921524e-05
0.01261019843
2.307759972e-05
5.476728168e-06
3.426711487e-05
2.699127076e-05
4.554545695e-05
1.243881323e-05
2.513106089e-05
3.895630414e-05
0.01254221818
4.119354922e-05
1.363919408e-05
4.175719476e-05
5.306721126e-05
5.169547814e-05
1.236821435e-05
4.157594547e-05
4.133264026e-05
0.01249119765
0.000201770877
6.793299799e-05
0.01249089714
9.370860224e-05
2.758631433e-05
0.0124947383
4.914959067e-05
3.481809234e-07
0.01249628342
3.816393703e-05
-8.720514221e-06
0.0124994575
2.776461594e-05
-1.219091909e-05
0.01250188439
2.126831024e-05
-1.390010235e-05
0.01250353077
1.823519791e-05
-1.45376166e-05
0.01250469903
1.672068736e-05
-1.462115154e-05
0.01250550462
1.597669953e-05
-1.448156078e-05
0.01250603521
1.55942718e-05
-1.429667202e-05
0.01250639089
1.54117308e-05
-1.409784808e-05
0.01250663853
1.534566539e-05
-1.389762332e-05
0.01250681086
1.533786904e-05
-1.368546779e-05
0.01250692609
1.536169188e-05
-1.349071911e-05
0.01250703647
1.539942766e-05
-1.329344405e-05
0.01250709282
1.543340249e-05
-1.310548989e-05
1.545454235e-05
-1.281861654e-05
0.01249961214
-3.586610728e-07
-1.012014289e-07
0.01249842091
-1.100697982e-06
-3.407059707e-07
0.01249601779
-2.156250719e-06
-8.235166609e-07
0.01249158521
-4.004827141e-06
-1.989427383e-06
0.01248314169
-7.49205519e-06
-4.608891919e-06
0.01246804923
-1.647539991e-05
-1.172658081e-05
0.01244167902
-3.856664215e-05
-2.959139738e-05
0.01244113015
-2.034430287e-05
-1.541477478e-05
-3.09153155e-05
-2.357445936e-05
-3.600830788e-05
-2.613478102e-05
-2.177999614e-05
-3.458470886e-05
0.003147352526
-5.963606706e-05
-5.317569845e-05
-6.788712692e-05
-7.701327876e-05
-0.0001061570306
-6.37824174e-05
-9.223151844e-05
-0.0001542910052
0.003149571637
0.003146241201
0.003155939912
0.003157607679
-6.359782648e-05
-7.540061214e-05
0.003185745199
-4.925157138e-05
-6.100531175e-05
-0.003173925649
-0.00318975625
0.003185858232
-1.535831384e-05
-2.149437846e-05
-0.003183657162
0.003185038969
3.665463232e-06
-6.867558457e-06
-0.003188301349
0.00318491825
2.761705205e-05
2.008176671e-05
-0.003172220165
0.003157424406
5.127187593e-05
5.21558756e-05
0.01244636218
5.987870279e-05
4.963543436e-05
4.962142724e-05
0.00010216338
9.045303311e-05
3.339330957e-05
0.0001203035473
9.243546366e-05
-0.0031446959
-0.003144135171
-0.003138612025
-0.003150385047
0.01246545529
2.071036491e-05
9.629649936e-06
1.373819343e-05
5.109636485e-05
2.827589484e-05
1.109036662e-05
3.579960674e-05
8.662024834e-06
0.01247707339
5.258544705e-05
2.436165414e-05
0.01248742256
2.45266996e-05
2.498329427e-05
0.01249615593
1.970331165e-05
1.373856974e-05
0.01250000019
1.964809538e-05
8.633400358e-06
0.0125020049
1.987224219e-05
5.86758332e-06
0.01250322512
2.017141126e-05
4.132844272e-06
0.01250395732
2.052294068e-05
2.997734152e-06
0.01250439779
2.077828921e-05
2.281797471e-06
0.01250470288
2.096667994e-05
1.734824214e-06
0.01250490799
2.11179773e-05
1.31220186e-06
0.01250504959
2.123235132e-05
9.677072693e-07
0.01250513953
2.132554442e-05
6.817603386e-07
0.01250521265
2.138728085e-05
4.240502657e-07
0.01250521474
2.145359671e-05
2.31811483e-07
2.151886337e-05
8.886060435e-08
0.01249954715
3.234133799e-09
-1.11862262e-07
0.01249813714
9.709759497e-09
-3.774177653e-07
0.01249525484
1.704505601e-08
-9.418581667e-07
0.01248964472
2.456807707e-08
-2.355701048e-06
0.01247845579
3.593194171e-08
-5.834192288e-06
0.01245266801
6.337682969e-08
-1.565431337e-05
0.003101208673
2.725450918e-07
-9.117117021e-06
0.003098569753
0.00309866746
0.003098293528
-1.399573833e-05
-1.226039186e-05
-1.620149227e-05
0.003092363352
-1.265475624e-05
-4.322059433e-05
0.003107030875
-4.91117384e-05
-0.0001638467683
-0.00309081922
0.003179942574
-4.373765336e-05
-0.0001862992186
-0.003152147968
6.207901299e-05
-0.003188062327
0.003196219783
-2.750430356e-05
-0.0001133105911
4.836026507e-05
0.003181319008
-8.916367839e-06
-1.674020111e-05
-0.003190781452
1.024404658e-05
-0.003176156834
0.003180309291
-1.821303314e-06
1.61700887e-05
-7.006333578e-06
-0.003189211816
0.003194675829
9.10058306e-06
7.559425879e-05
-2.962001326e-05
-0.003187986614
0.003181170023
2.520086565e-05
0.0001592943249
-5.595573985e-05
-0.003155422342
0.003108907923
4.008661439e-05
0.0002168428222
-0.003092991305
0.003095125389
7.105880178e-06
4.946537616e-05
0.01243826102
2.516521187e-05
4.664166357e-05
-0.003104259314
-0.003103712513
-0.003100651586
-0.003088036762
3.132876055e-05
-3.027307412e-06
-2.022360212e-05
0.01247751824
2.835921255e-05
-4.134118619e-05
0.01248777916
2.34633714e-05
-3.883384987e-05
0.01249302295
1.971631837e-05
-3.818193124e-05
0.01249564537
1.754442328e-05
-3.62663567e-05
0.01249664589
1.596402538e-05
-3.420685513e-05
0.01249683201
1.480008188e-05
-3.248112519e-05
0.01249661771
1.39336613e-05
-3.111294314e-05
0.0124961907
1.327235997e-05
-3.000006197e-05
0.01249564277
1.273520841e-05
-2.910114795e-05
0.01249504612
1.229940316e-05
-2.833125682e-05
0.01249440218
1.192546535e-05
-2.767285737e-05
0.0124937809
1.161453363e-05
-2.708404255e-05
0.01249302484
1.136304166e-05
-2.654029732e-05
1.105337956e-05
-2.604206357e-05
0.01249954742
3.649366583e-07
-1.124163535e-07
0.01249813812
1.119515658e-06
-3.790202716e-07
0.01249525758
2.189698373e-06
-9.462857991e-07
0.01248964808
4.053202706e-06
-2.362964739e-06
0.01247847026
7.568476308e-06
-5.8639614e-06
0.0124527879
1.654318923e-05
-1.573425093e-05
0.003098805648
3.867728849e-05
-1.231992333e-05
0.003101506227
0.003098521749
0.003098982594
-1.632510716e-05
-9.204224198e-06
-1.408717358e-05
-2.342669531e-07
0.003084274943
1.288041746e-05
-5.196969525e-05
-1.953556913e-06
0.003104820675
5.025024833e-05
-0.0002698845884
-0.003076072414
-9.933542383e-07
0.003195707076
4.504477247e-05
-0.0002665687298
-0.003161881076
-1.104046442e-06
-0.003194948519
0.003184505979
2.92689628e-05
-0.0001123072999
-8.505398856e-07
0.003158352014
1.057133353e-05
-2.18673356e-05
-0.003170087263
-1.257237194e-06
-0.003151374951
0.003157396948
4.014750229e-06
1.235869807e-05
-0.003167202867
-9.999873332e-08
0.003181220981
-7.6317426e-06
7.07045301e-05
-3.112963263e-07
-0.003191447887
0.003198276822
-2.321638019e-05
0.0001709239369
-0.003169354036
-2.575592498e-06
0.003107401113
-3.782945876e-05
0.0003218609254
-0.003081722587
-8.283266387e-06
0.003092606073
-7.384029595e-06
9.155390438e-05
0.01245301149
-5.692260007e-05
7.457813433e-05
-0.003105945628
-0.003108135361
-0.003093323734
-0.003102276286
5.262532892e-05
3.240113672e-05
9.191876484e-06
0.01248468328
-4.019371462e-05
0.0001098856979
0.0124936561
-2.84874827e-05
9.55767053e-05
0.01249769507
-2.422661392e-05
8.607608111e-05
0.01250003763
-2.259777409e-05
8.119363248e-05
0.01250133639
-2.198210008e-05
7.832420201e-05
0.01250204226
-2.180827653e-05
7.637809303e-05
0.01250247277
-2.182429539e-05
7.501771123e-05
0.01250273737
-2.194025288e-05
7.402217248e-05
0.01250290715
-2.209358881e-05
7.321946476e-05
0.01250302261
-2.224861887e-05
7.254020375e-05
0.01250309608
-2.240060433e-05
7.199530213e-05
0.01250316206
-2.253705613e-05
7.146920121e-05
0.01250315645
-2.263637177e-05
7.114509373e-05
-2.271634211e-05
7.04836996e-05
0.01249961292
6.675157859e-07
-1.027238966e-07
0.01249842394
2.034192879e-06
-3.454514207e-07
0.01249602704
3.933095028e-06
-8.351331576e-07
0.01249160602
7.030187453e-06
-2.012424247e-06
0.01248321881
1.258093399e-05
-4.685917547e-06
0.01246829585
2.385437323e-05
-1.189459264e-05
0.01244293457
4.621127424e-05
-3.045636971e-05
0.01244265576
9.341174659e-05
-2.193109738e-05
-2.031237857e-05
-3.057979422e-05
-2.339594384e-05
-3.559025567e-05
-3.48711522e-05
-1.576921627e-05
-2.607154909e-05
0.003148868405
0.0002047662643
-8.965542493e-05
-5.9163681e-05
-6.749423566e-05
-7.638625033e-05
-0.0001043218025
-0.0001488434671
-5.189442892e-05
-6.155147934e-05
0.003146661298
0.003154732958
0.003145290042
-6.204068609e-05
0.003162726642
6.283707487e-05
-0.0001020898624
-4.821379153e-05
0.003193615565
4.84999086e-05
-7.945330852e-05
-0.003176547185
-1.099680429e-05
-0.003192981569
0.003185893219
1.488004441e-05
-1.115773574e-05
5.628130908e-06
-0.003181553924
0.003185082569
-3.978075913e-06
1.056607217e-05
2.838068899e-05
-0.003191261717
0.003191769025
-2.819233982e-05
5.090090785e-05
5.467059422e-05
-0.003175930329
0.003160572764
-5.183710982e-05
9.971721132e-05
0.01245170539
-0.0002084216946
0.0001215941482
5.948892411e-05
4.893597686e-05
0.000102830447
9.338755295e-05
9.489908261e-05
5.301452436e-05
3.757558187e-05
-0.00314504109
-0.003145264159
-0.003151713191
-0.003139807719
0.01246622727
-9.841617091e-05
4.312604999e-05
1.728164553e-05
1.221371671e-05
5.026560049e-05
3.606552269e-05
2.239109613e-05
1.012467676e-05
1.174182902e-05
0.01247115602
-5.382721532e-05
5.033114151e-05
0.01248233936
-4.16127919e-05
2.699350568e-05
0.01249142485
-3.289981285e-05
2.126214235e-05
0.01249632428
-2.802561499e-05
2.013159381e-05
0.01249941122
-2.590137431e-05
2.026636268e-05
0.01250134831
-2.467236283e-05
2.079558868e-05
0.0125025608
-2.392187257e-05
2.131651256e-05
0.01250334885
-2.34715314e-05
2.176118875e-05
0.01250388371
-2.318242835e-05
2.211891847e-05
0.01250425594
-2.298048779e-05
2.240694636e-05
0.01250452193
-2.282907908e-05
2.264157498e-05
0.01250472204
-2.271427542e-05
2.283013923e-05
0.01250485956
-2.261943914e-05
2.300245894e-05
0.01250504132
-2.255378729e-05
2.309167172e-05
-2.253695991e-05
2.317138965e-05
0.01249972845
8.672070761e-07
-8.761731257e-08
0.01249889938
2.629414766e-06
-2.858883705e-07
0.01249731283
4.983837907e-06
-6.831393964e-07
0.01249461548
8.544052538e-06
-1.504309203e-06
0.01249032877
1.439538454e-05
-3.456993512e-06
0.0124844885
2.426490756e-05
-7.403688733e-06
0.01247863551
4.180629397e-05
-1.75723666e-05
0.01248675419
6.96176389e-05
-4.116457865e-05
0.01254924907
0.0001161962091
-8.37329892e-05
0.01261399918
0.0001279855563
-2.660539268e-05
-5.266758199e-05
-4.887141767e-05
-5.817795572e-05
-6.18214292e-05
-2.79673124e-05
-1.850157478e-05
-1.496323486e-05
0.01266118869
8.71504784e-05
-2.275957552e-05
-4.209764774e-05
-2.887615796e-05
-5.302398472e-05
-3.582257625e-05
-9.166053816e-06
-1.457794378e-05
-8.672374991e-06
0.0126560351
2.584269684e-05
3.90054901e-06
-1.576539101e-05
-7.427368475e-06
-1.544966912e-05
-8.460106992e-06
5.920302796e-06
-4.939071465e-06
-3.456983342e-06
0.01266154054
-2.867681121e-05
8.741546497e-06
2.660073465e-06
1.047120113e-05
1.876669434e-06
9.212366212e-06
1.147240783e-05
-2.5331854e-06
1.381748217e-07
0.01261260609
-9.014601023e-05
2.473691554e-05
2.395440784e-05
3.515370894e-05
2.772078153e-05
4.633950865e-05
3.836312478e-05
4.782155846e-06
1.177732292e-05
0.01254436463
-0.0001252544178
4.147353416e-05
4.228696942e-05
4.243767034e-05
5.393411953e-05
5.249774879e-05
4.174405052e-05
1.311637328e-05
1.221931226e-05
0.01249106372
-0.0001219913762
6.76062629e-05
0.0124901814
-7.669311464e-05
2.494914636e-05
0.01249333756
-4.431417737e-05
1.012903863e-06
0.01249657185
-2.976333886e-05
-1.177066746e-05
0.01250044595
-2.091690049e-05
-1.648169163e-05
0.01250279732
-1.428605658e-05
-1.962734866e-05
0.01250408056
-1.034681286e-05
-2.179383191e-05
0.01250500866
-7.897652728e-06
-2.336286828e-05
0.01250568117
-6.296615577e-06
-2.442918188e-05
0.01250612591
-5.229341768e-06
-2.522121834e-05
0.01250641123
-4.50604009e-06
-2.582245408e-05
0.01250659831
-3.998904119e-06
-2.629927036e-05
0.0125067256
-3.655225034e-06
-2.666817352e-05
0.01250681459
-3.430001961e-06
-2.695661905e-05
0.0125068874
-3.28160595e-06
-2.719250707e-05
0.01250694239
-3.186820733e-06
-2.738865713e-05
-3.119074077e-06
-2.75236089e-05
0.01249985818
9.520404069e-07
-6.945469819e-08
0.01249942955
2.875528586e-06
-2.24482481e-07
0.01249867001
5.333737688e-06
-5.094111812e-07
0.01249754225
8.818157809e-06
-1.076392443e-06
0.0124961698
1.404481117e-05
-2.246858004e-06
0.01249512987
2.194057437e-05
-4.508341473e-06
0.01249668594
3.40005708e-05
-9.175949646e-06
0.01250566406
5.024572043e-05
-1.732770397e-05
0.01253506764
7.0861989e-05
-3.051803304e-05
0.01256976563
7.668078558e-05
-3.513471299e-05
0.0125926024
5.679197646e-05
-3.167909072e-05
0.01259695466
2.175199583e-05
-1.850450677e-05
0.01259243315
-1.339316082e-05
-1.047469408e-05
0.0125695045
-4.805633186e-05
1.361327561e-06
0.01253827386
-6.837979536e-05
5.725886333e-06
0.01250949205
-7.187555098e-05
1.121303759e-05
0.0125017312
-5.255208068e-05
1.451104601e-06
0.01250064811
-3.149954512e-05
-6.028813758e-06
0.01250055338
-2.074590529e-05
-8.090440755e-06
0.01250130042
-1.48435099e-05
-8.546855545e-06
0.01250239993
-1.026989074e-05
-8.788762954e-06
0.0125031618
-7.206394243e-06
-8.651090255e-06
0.0125036968
-5.314386955e-06
-8.22970606e-06
0.01250409029
-4.129736242e-06
-7.762814853e-06
0.01250435911
-3.306332082e-06
-7.345212137e-06
0.01250454569
-2.774693772e-06
-6.959639314e-06
0.0125046796
-2.364459532e-06
-6.644800503e-06
0.01250477037
-2.092504952e-06
-6.364920815e-06
0.01250484331
-1.918733385e-06
-6.127326529e-06
0.01250487977
-1.805191749e-06
-5.900851862e-06
0.0125049526
-1.735124527e-06
-5.758239895e-06
-1.702041544e-06
-5.66470421e-06
0.01249997831
9.314643098e-07
-5.194507917e-08
0.01249990778
2.811485462e-06
-1.664321422e-07
0.01249983256
5.116405969e-06
-3.633979674e-07
0.01249985889
8.206725918e-06
-7.299600687e-07
0.01250027589
1.250704477e-05
-1.423259518e-06
0.01250171775
1.843839648e-05
-2.659955808e-06
0.01250567458
2.643650151e-05
-4.853400786e-06
0.01251432217
3.590853161e-05
-8.248596658e-06
0.01253187873
4.550337734e-05
-1.325487886e-05
0.01255252311
4.746098622e-05
-1.519863301e-05
0.01256670414
3.568737576e-05
-1.161527464e-05
0.01257107875
1.424871425e-05
-5.227617993e-06
0.01256749011
-8.666615696e-06
1.058553675e-06
0.01255438065
-2.951656068e-05
7.217468622e-06
0.01253566959
-4.306577106e-05
1.335629391e-05
0.01251726771
-4.628990332e-05
1.463615101e-05
0.01250819345
-3.764670248e-05
9.792396131e-06
0.01250531962
-2.530766045e-05
4.675874368e-06
0.01250398726
-1.757556447e-05
2.030482531e-06
0.01250340798
-1.302728354e-05
6.70139811e-07
0.0125033891
-9.314062159e-06
-3.608487685e-07
0.01250347141
-6.475388958e-06
-1.066559651e-06
0.01250354526
-4.549126041e-06
-1.563217701e-06
0.01250360959
-3.272136745e-06
-1.907940447e-06
0.01250367055
-2.348887376e-06
-2.207858328e-06
0.0125037115
-1.711660236e-06
-2.449441987e-06
0.01250374696
-1.22841384e-06
-2.654408144e-06
0.01250376918
-8.763520826e-07
-2.84172757e-06
0.01250379186
-6.454398693e-07
-3.000619187e-06
0.01250380631
-4.672935745e-07
-3.158956831e-06
0.01250383065
-3.618996286e-07
-3.280403948e-06
-2.797867431e-07
-3.454373514e-06
0.01250007076
8.303200531e-07
-3.802314343e-08
0.01250028799
2.499323495e-06
-1.191090928e-07
0.01250072262
4.481569657e-06
-2.50759844e-07
0.01250152447
7.019797178e-06
-4.821519237e-07
0.01250298287
1.034365279e-05
-8.884293518e-07
0.01250558699
1.460567362e-05
-1.563428265e-06
0.01251018662
1.981088122e-05
-2.642408616e-06
0.01251771793
2.533248503e-05
-4.142267242e-06
0.01252928582
2.987221692e-05
-5.966804825e-06
0.01254229448
3.00092332e-05
-6.764682755e-06
0.01255168359
2.276726726e-05
-5.56373139e-06
0.01255502993
9.482561792e-06
-3.208982729e-06
0.01255236308
-5.143750856e-06
-5.460146901e-07
0.0125439449
-1.813670289e-05
1.82776141e-06
0.01253198149
-2.691850987e-05
3.399239284e-06
0.01252007645
-2.968487865e-05
3.008907691e-06
0.01251225855
-2.606723103e-05
1.330668508e-06
0.0125084812
-1.910164909e-05
-6.850145356e-07
0.01250629038
-1.375594855e-05
-1.707131417e-06
0.01250481734
-1.031785868e-05
-2.075879943e-06
0.01250397819
-7.531214283e-06
-2.30474254e-06
0.01250350461
-5.29253188e-06
-2.443823085e-06
0.01250321526
-3.746503105e-06
-2.453237726e-06
0.01250302563
-2.696226087e-06
-2.392956433e-06
0.01250291359
-1.968428643e-06
-2.295650602e-06
0.01250283258
-1.443711974e-06
-2.201113942e-06
0.01250278509
-1.083152401e-06
-2.090329973e-06
0.01250275038
-8.223510036e-07
-1.96969551e-06
0.01250272844
-6.596394666e-07
-1.868051425e-06
0.012502708
-5.334157024e-07
-1.754091646e-06
0.0125026983
-4.642090949e-07
-1.675696544e-06
-4.112693848e-07
-1.589560827e-06
0.01250014125
6.679971085e-07
-2.696674588e-08
0.012500566
2.009304277e-06
-8.371691982e-08
0.01250135148
3.562252476e-06
-1.708065649e-07
0.0125026418
5.481145182e-06
-3.154915574e-07
0.01250466933
7.880182152e-06
-5.536815676e-07
0.01250776228
1.078706669e-05
-9.253592286e-07
0.01251235724
1.407717752e-05
-1.470624498e-06
0.01251879248
1.725624842e-05
-2.165087489e-06
0.01252714257
1.941333663e-05
-2.908700917e-06
0.0125359778
1.892107478e-05
-3.277928088e-06
0.01254257634
1.434910559e-05
-2.79739407e-06
0.01254520035
6.032532865e-06
-1.665636237e-06
0.0125434156
-3.116356041e-06
-2.08828896e-07
0.01253786812
-1.130576821e-05
1.009089705e-06
0.01252982709
-1.693575949e-05
1.867055887e-06
0.01252132709
-1.906350713e-05
2.110785499e-06
0.01251457054
-1.752696287e-05
1.695028484e-06
0.01251037166
-1.367813652e-05
8.219467621e-07
0.01250763878
-1.019987996e-05
1.667278817e-07
0.01250567012
-7.757679119e-06
-1.871501669e-07
0.01250433692
-5.776211936e-06
-4.449027212e-07
0.01250347237
-4.134846903e-06
-6.43455634e-07
0.01250289626
-2.947079235e-06
-7.743371678e-07
0.01250249815
-2.112312411e-06
-8.512783364e-07
0.0125022267
-1.526955583e-06
-9.113343726e-07
0.01250203734
-1.094670534e-06
-9.658511198e-07
0.01250190802
-7.983263938e-07
-1.01247656e-06
0.01250181627
-5.783037721e-07
-1.056454412e-06
0.01250175296
-4.38204906e-07
-1.099197229e-06
0.01250170526
-3.285609377e-07
-1.14536875e-06
0.01250166846
-2.660718187e-07
-1.183739624e-06
-2.225194427e-07
-1.241465495e-06
0.012500188
4.653729939e-07
-1.929919803e-08
0.0125007533
1.399062782e-06
-5.947378845e-08
0.01250176475
2.461065929e-06
-1.178434573e-07
0.01250334458
3.740393739e-06
-2.096373248e-07
0.01250566452
5.288497666e-06
-3.523338983e-07
0.01250892801
7.089427457e-06
-5.625841944e-07
0.01251333114
9.021561058e-06
-8.503970176e-07
0.01251892838
1.07556504e-05
-1.193787011e-06
0.01252545662
1.176311951e-05
-1.526901324e-06
0.01253195449
1.123619202e-05
-1.685302485e-06
0.01253687738
8.45926002e-06
-1.471330997e-06
0.01253895368
3.487812511e-06
-9.114721632e-07
0.01253771865
-1.772968661e-06
-2.419373061e-07
0.01253367585
-6.61560025e-06
3.356439883e-07
0.01252772837
-9.983666091e-06
6.97171817e-07
0.01252116729
-1.137855615e-05
7.412420407e-07
0.01251539946
-1.07675525e-05
4.345797885e-07
0.01251123831
-8.808276129e-06
-8.166565593e-08
0.01250828216
-6.780518354e-06
-4.862304683e-07
0.01250606419
-5.224765692e-06
-7.058787904e-07
0.01250445354
-3.951342166e-06
-8.47683631e-07
0.01250333375
-2.872106047e-06
-9.496702716e-07
0.01250256059
-2.074044298e-06
-1.012632612e-06
0.01250201524
-1.491875553e-06
-1.036082971e-06
0.01250163433
-1.090991274e-06
-1.046458455e-06
0.01250136762
-7.860698939e-07
-1.046643563e-06
0.01250118288
-5.884796257e-07
-1.036004038e-06
0.01250105361
-4.326097331e-07
-1.016985442e-06
0.01250096065
-3.417800118e-07
-9.966630256e-07
0.01250089097
-2.675887465e-07
-9.678537831e-07
0.01250083846
-2.323373233e-07
-9.455314757e-07
-2.056995267e-07
-9.13915551e-07
0.01250021636
2.383733001e-07
-1.455613624e-08
0.01250086658
7.163997432e-07
-4.455122776e-08
0.01250200984
1.254483243e-06
-8.60987805e-08
0.01250374729
1.89285004e-06
-1.48217079e-07
0.01250620572
2.650515795e-06
-2.399719759e-07
0.0125095084
3.510272965e-06
-3.682839406e-07
0.01251372451
4.405553204e-06
-5.342302745e-07
0.01251877853
5.167627634e-06
-7.210535171e-07
0.0125243095
5.588021828e-06
-8.903142622e-07
0.0125296291
5.245999283e-06
-9.683042128e-07
0.01253355567
3.985867073e-06
-8.628997316e-07
0.01253521075
1.562290602e-06
-5.819942797e-07
0.01253432112
-8.444383277e-07
-2.492245942e-07
0.01253113281
-3.08806114e-06
6.417696606e-08
0.01252634838
-4.651669981e-06
2.592115663e-07
0.01252093543
-5.33867055e-06
2.924378485e-07
0.0125158839
-5.139880574e-06
1.62612579e-07
0.01251183188
-4.312656116e-06
-6.552539187e-08
0.01250874601
-3.374852052e-06
-2.674269233e-07
0.01250637102
-2.609972812e-06
-3.979338538e-07
0.01250458459
-1.98007779e-06
-4.905826452e-07
0.01250329881
-1.444781117e-06
-5.635630025e-07
0.01250238455
-1.046779517e-06
-6.103147408e-07
0.01250173783
-7.507348037e-07
-6.388692536e-07
0.01250127308
-5.415858124e-07
-6.57665701e-07
0.01250094679
-3.835054448e-07
-6.71484911e-07
0.01250071242
-2.833734176e-07
-6.800584206e-07
0.0125005497
-2.042720094e-07
-6.876798276e-07
0.01250042645
-1.567563674e-07
-6.928087643e-07
0.01250033723
-1.205069399e-07
-7.022730387e-07
0.01250026259
-1.013574231e-07
-7.082379429e-07
-8.936505673e-08
-7.207540559e-07
0.01250022963
-1.230477576e-08
0.01250091946
-3.750202892e-08
0.01250212291
-7.134696613e-08
0.01250392882
-1.202458152e-07
0.01250644089
-1.899478406e-07
0.01250974332
-2.841028891e-07
0.0125138561
-4.011232614e-07
0.01251864267
-5.279748237e-07
0.01252378094
-6.37544332e-07
0.01252856888
-6.848588742e-07
0.01253216809
-6.337526007e-07
0.01253358664
-3.99650397e-07
0.0125327663
-2.300493261e-07
0.01252990482
-3.326413781e-08
0.01252562712
8.870661361e-08
0.0125207225
1.008250123e-07
0.0125159917
6.238094223e-09
0.01251200609
-1.578274883e-07
0.01250887031
-3.188166649e-07
0.01250643313
-4.38853836e-07
0.0125045781
-5.236301446e-07
0.01250322272
-5.8701726e-07
0.01250224143
-6.274900421e-07
0.01250154382
-6.62169913e-07
0.01250104321
-6.745802763e-07
0.01250069428
-6.796074285e-07
0.0125004429
-6.812707116e-07
0.01250026798
-6.811963899e-07
0.01250013778
-6.789017624e-07
0.01250004164
-6.773997847e-07
0.01249996304
-6.75897423e-07
-6.738117399e-07
0.01250022823
-2.386960157e-07
7.737526578e-10
0.01250091393
-7.176088063e-07
2.339665633e-09
0.01250211053
-1.257863594e-06
4.092362865e-09
0.01250390708
-1.900921633e-06
6.152144361e-09
0.01250640808
-2.667364218e-06
8.554631369e-09
0.01250969961
-3.541807605e-06
1.120220483e-08
0.0125138051
-4.45927412e-06
1.380978854e-08
0.01251859212
-5.250237551e-06
1.578165893e-08
0.01252374292
-5.70201197e-06
1.626186319e-08
0.0125285534
-5.380600336e-06
1.373368596e-08
0.01253217295
-4.109395352e-06
8.145995902e-09
0.01253360499
-1.635826829e-06
-6.914038171e-09
0.01253277283
8.280735628e-07
-1.629967119e-08
0.01252988816
3.121936558e-06
-3.035956744e-08
0.01252558361
4.715615765e-06
-4.630369619e-08
0.01252065516
5.407393088e-06
-6.19936437e-08
0.0125159138
5.182781727e-06
-7.630208692e-08
0.01251193739
4.308475353e-06
-8.790592063e-08
0.01250882299
3.330382999e-06
-9.63819531e-08
0.01250640503
2.548429411e-06
-1.058881801e-07
0.01250456559
1.909868675e-06
-1.153489803e-07
0.0125032241
1.367235061e-06
-1.230650286e-07
0.01250225115
9.699789804e-07
-1.270273415e-07
0.01250156652
6.591184952e-07
-1.314065731e-07
0.01250107078
4.611857782e-07
-1.346670118e-07
0.0125007269
3.035535493e-07
-1.366390018e-07
0.01250047862
2.070131004e-07
-1.377377232e-07
0.01250030689
1.263099599e-07
-1.395341985e-07
0.01250017814
8.264999466e-08
-1.41378325e-07
0.012500085
4.531008026e-08
-1.418895973e-07
0.01250000868
2.676180428e-08
-1.41980412e-07
1.718632549e-08
-1.444195494e-07
0.01250021469
-4.660950061e-07
8.113372857e-10
0.01250085992
-1.4017387e-06
2.461819576e-09
0.01250199476
-2.468581891e-06
4.350666157e-09
0.01250372031
-3.758501052e-06
6.644390315e-09
0.0125061641
-5.326901123e-06
9.441456164e-09
0.01250945177
-7.162703306e-06
1.27009261e-08
0.01251365743
-9.149671918e-06
1.62194656e-08
0.01251871258
-1.095822065e-05
1.932771257e-08
0.01252426425
-1.205198732e-05
2.101228403e-08
0.01252962232
-1.15858776e-05
1.977792354e-08
0.01253358207
-8.774931451e-06
1.308990221e-08
0.01253525508
-3.691073517e-06
4.906166755e-10
0.01253435177
1.724331965e-06
-1.291460821e-08
0.01253113237
6.698924717e-06
-2.953347024e-08
0.01252630705
1.015209626e-05
-4.807694891e-08
0.01252085676
1.156486863e-05
-6.534634727e-08
0.01251579093
1.089243129e-05
-8.212139185e-08
0.01251175453
8.824048462e-06
-9.359069156e-08
0.01250869533
6.717745176e-06
-1.007096991e-07
0.01250634257
5.135431041e-06
-1.109985126e-07
0.01250457198
3.847665788e-06
-1.208673277e-07
0.0125033013
2.750361043e-06
-1.28772878e-07
0.01250240041
1.947877641e-06
-1.353542869e-07
0.01250176099
1.352842619e-06
-1.424379472e-07
0.01250129926
9.618398784e-07
-1.477474415e-07
0.01250097672
6.513543197e-07
-1.503007291e-07
0.01250074522
4.556475419e-07
-1.497537944e-07
0.0125005852
2.949835359e-07
-1.475867087e-07
0.01250046393
2.061844113e-07
-1.441376952e-07
0.01250037695
1.259641914e-07
-1.374225857e-07
0.01250030443
8.844221031e-08
-1.309711452e-07
5.360129577e-08
-1.226080621e-07
0.01250018573
-6.692526328e-07
8.805826138e-10
0.01250074413
-2.013879178e-06
2.688870825e-09
0.01250174349
-3.575322286e-06
4.842889758e-09
0.01250330528
-5.513162167e-06
7.606464111e-09
0.0125056017
-7.950176975e-06
1.123309489e-08
0.01250883881
-1.09248462e-05
1.58409374e-08
0.01251322182
-1.432921668e-05
2.155946679e-08
0.01251881827
-1.767313202e-05
2.749737815e-08
0.01252539555
-2.005338405e-05
3.264776949e-08
0.01253198322
-1.972189102e-05
3.44679891e-08
0.01253696901
-1.505372955e-05
2.827728628e-08
0.01253907495
-6.480112974e-06
1.301331815e-08
0.01253780937
3.027844795e-06
-3.280821717e-09
0.01253371156
1.147411417e-05
-2.478339977e-08
0.01252767677
1.729704757e-05
-4.866017294e-08
0.01252103205
1.944241045e-05
-6.986044324e-08
0.01251522775
1.770834773e-05
-9.146456607e-08
0.0125111032
1.352660224e-05
-9.901476991e-08
0.01250819896
9.854393125e-06
-1.013903086e-07
0.01250601534
7.360505365e-06
-1.169622925e-07
0.01250442927
5.357678022e-06
-1.276464678e-07
0.01250333091
3.690750547e-06
-1.343971024e-07
0.01250257293
2.49599949e-06
-1.293585446e-07
0.01250203685
1.660752331e-06
-1.322537236e-07
0.01250166503
1.091404751e-06
-1.353074576e-07
0.01250140534
6.627056545e-07
-1.414107952e-07
0.01250122809
3.798004362e-07
-1.463660816e-07
0.01250110231
1.710790727e-07
-1.572181858e-07
0.0125010137
4.417354538e-08
-1.653829191e-07
0.01250094903
-6.038245498e-08
-1.793763084e-07
0.01250089445
-1.03141268e-07
-1.941515917e-07
-1.302932205e-07
-2.139578038e-07
0.01250013795
-8.322811931e-07
9.675512987e-10
0.01250055234
-2.506173732e-06
2.976337342e-09
0.01250131886
-4.501913281e-06
5.489820259e-09
0.01250257905
-7.071241176e-06
8.907505821e-09
0.01250456373
-1.046102635e-05
1.378969127e-08
0.01250760309
-1.484774695e-05
2.060839269e-08
0.0125121496
-2.028535993e-05
3.08367716e-08
0.01251856804
-2.61706759e-05
4.295396186e-08
0.01252703009
-3.130693985e-05
5.706592698e-08
0.01253606944
-3.188030619e-05
6.765439769e-08
0.01254279263
-2.436338382e-05
6.514795946e-08
0.01254549643
-1.057836266e-05
4.537922386e-08
0.01254364933
4.997970619e-06
2.682476657e-08
0.01253800518
1.854537787e-05
-6.798576886e-09
0.01252980827
2.787205897e-05
-4.204407224e-08
0.01252118371
3.079786241e-05
-7.079553489e-08
0.01251434133
2.699912106e-05
-1.107185375e-07
0.01251018332
1.938204917e-05
-9.864727347e-08
0.01250752161
1.361871905e-05
-6.989804412e-08
0.01250559929
1.005355677e-05
-9.265134606e-08
0.0125042996
7.190221852e-06
-1.307735629e-07
0.01250346117
4.870854436e-06
-1.577754157e-07
0.01250289847
3.276466259e-06
-1.735417921e-07
0.01250250813
2.183523938e-06
-1.70635205e-07
0.01250223939
1.434897663e-06
-1.574145135e-07
0.01250205501
8.639308702e-07
-1.279762775e-07
0.01250192621
4.909587829e-07
-1.000876847e-07
0.0125018376
2.016547162e-07
-6.310367476e-08
0.0125017765
2.17930834e-08
-2.864841841e-08
0.01250172391
-1.342026899e-07
2.08808407e-08
0.0125016928
-2.15652835e-07
5.177887129e-08
-3.154947965e-07
9.255915014e-08
0.01250006535
-9.337695646e-07
1.042859353e-09
0.01250026694
-2.821040128e-06
3.220464451e-09
0.01250067086
-5.145490035e-06
6.035824104e-09
0.01250141961
-8.283033176e-06
9.91007881e-09
0.01250279544
-1.269357285e-05
1.58486488e-08
0.01250528013
-1.884477817e-05
2.507643425e-08
0.01250974005
-2.731357185e-05
4.45804364e-08
0.0125171725
-3.764693034e-05
7.192012126e-08
0.01252904105
-4.902128876e-05
1.110906825e-07
0.01254247447
-5.190371257e-05
1.441096505e-07
0.01255202691
-3.923342426e-05
1.605000515e-07
0.01255542909
-1.686875675e-05
1.386714988e-07
0.01255270956
7.558117149e-06
1.1205513e-07
0.01254407792
2.950318764e-05
7.164210472e-08
0.01253155824
4.439938426e-05
9.087459645e-09
0.01251946716
4.665884554e-05
-2.890389515e-08
0.01251174594
3.702527376e-05
-8.943291285e-08
0.01250817313
2.336121405e-05
-6.055362967e-08
0.012506099
1.512101078e-05
9.382267122e-09
0.01250471478
1.051283454e-05
2.851822871e-08
0.01250394294
6.792414592e-06
6.853009398e-08
0.01250352438
3.965126216e-06
8.645583212e-08
0.01250326913
2.134399058e-06
6.453188061e-08
0.01250310045
9.573263728e-07
4.973087877e-09
0.01250299615
1.484534615e-07
-5.677977061e-08
0.01250293639
-4.648609605e-07
-1.119920906e-07
0.01250289094
-8.172559197e-07
-1.86948697e-07
0.0125028602
-1.098089445e-06
-2.589919722e-07
0.0125028348
-1.264854142e-06
-3.271785993e-07
0.01250281688
-1.422850448e-06
-3.962541493e-07
0.01250278855
-1.478707524e-06
-4.597709039e-07
-1.523021079e-06
-5.417969182e-07
0.0124999712
-9.550722956e-07
1.028529419e-09
0.01249987566
-2.886003801e-06
3.144151498e-09
0.01249974972
-5.370852834e-06
5.609829972e-09
0.01249968109
-8.920759413e-06
7.956099066e-09
0.01249993374
-1.432442701e-05
1.079373101e-08
0.01250110215
-2.259237538e-05
1.662093557e-08
0.01250463074
-3.558606461e-05
5.61716372e-08
0.01251274999
-5.390918573e-05
1.333155607e-07
0.0125311076
-8.061101214e-05
2.591965802e-07
0.01255263826
-8.851673549e-05
3.263608317e-07
0.01256716058
-6.513652061e-05
4.445802614e-07
0.01257171505
-2.627500606e-05
3.744955701e-07
0.01256793175
1.285046114e-05
3.308291208e-07
0.01255505607
5.033474583e-05
2.440296908e-07
0.01253552099
7.811074881e-05
8.885798672e-08
0.01251596143
8.197343946e-05
-6.955926022e-09
0.01250695409
5.752676933e-05
-1.474524562e-07
0.01250459468
3.154954953e-05
5.851007831e-07
0.01250350582
1.941986766e-05
4.135167582e-07
0.01250305186
1.298195225e-05
4.362431666e-08
0.01250315315
7.779855596e-06
-7.530995555e-08
0.01250330648
4.145182306e-06
2.995984099e-08
0.01250341261
1.912577303e-06
2.434864356e-07
0.01250348236
4.511928669e-07
4.394419527e-07
0.01250354917
-5.959677246e-07
6.344581598e-07
0.01250360649
-1.396623575e-06
8.379048775e-07
0.01250365743
-1.901168235e-06
1.022687349e-06
0.01250369577
-2.312367133e-06
1.205368179e-06
0.01250372949
-2.57612516e-06
1.351277257e-06
0.0125037484
-2.832074915e-06
1.517346711e-06
0.01250380822
-2.979762544e-06
1.630914022e-06
-3.18757148e-06
1.75166229e-06
0.01249984694
-8.695637596e-07
7.965553918e-10
0.01249938182
-2.638840696e-06
2.02712815e-09
0.01249854073
-5.023259407e-06
1.559384861e-09
0.01249724773
-8.664332258e-06
-6.348069532e-09
0.01249554606
-1.477564547e-05
-2.769968097e-08
0.01249383386
-2.519222238e-05
-6.475372982e-08
0.01249409611
-4.479088253e-05
1.582781487e-08
0.01250151181
-7.860055673e-05
3.164621919e-07
0.01253325576
-0.0001433872879
7.29006403e-07
0.01256727539
-3.909569004e-05
7.145576566e-07
-3.84065499e-05
-3.954334628e-05
-4.078917251e-05
0.01259142098
-3.433047953e-05
1.490110463e-06
-2.467682511e-05
-3.625819324e-05
-2.59370264e-05
0.0125949251
-1.578581691e-05
1.255458964e-06
-8.627125782e-06
-1.522022659e-05
-8.739477894e-06
0.0125907507
-1.71923722e-06
1.079018858e-06
5.279192291e-06
-1.688317665e-06
4.729800271e-06
0.01256669634
1.391391057e-05
1.329954477e-06
2.346508364e-05
1.395180853e-05
2.456624672e-05
0.01253785324
2.789880793e-05
5.269374061e-07
2.862348712e-05
2.832450636e-05
2.859768417e-05
0.01250696192
0.0001248046683
5.015828792e-07
0.01250064657
6.847199667e-05
-9.748581201e-07
0.01250052317
2.626907008e-05
1.880455726e-06
0.01250071995
1.066787856e-05
3.318185666e-06
0.01250199173
2.616481995e-06
2.861721104e-06
0.01250334048
-2.987559422e-06
2.223839562e-06
0.01250414838
-6.102205222e-06
1.592348898e-06
0.01250467757
-7.835969211e-06
9.542806787e-07
0.01250505866
-8.946478933e-06
4.251098697e-07
0.01250531484
-9.659638163e-06
-3.662338821e-08
0.01250547142
-1.017030225e-05
-4.396014581e-07
0.01250556605
-1.049145202e-05
-7.606692003e-07
0.01250562256
-1.076441663e-05
-1.041212957e-06
0.01250565936
-1.093618349e-05
-1.263446681e-06
0.01250568424
-1.111246368e-05
-1.485696825e-06
0.01250568744
-1.118045961e-05
-1.650917942e-06
-1.126692113e-05
-1.878901874e-06
0.012499713
-6.679170799e-07
3.409011752e-11
0.01249883275
-2.035700247e-06
-1.539676337e-09
0.01249712582
-3.971344054e-06
-1.258203671e-08
0.0124941413
-7.093424104e-06
-5.756453618e-08
0.01248932863
-1.315783914e-05
-1.866396218e-07
0.0124816694
-2.430823429e-05
-4.437159112e-07
0.01247126869
-5.117368002e-05
-3.732285806e-07
0.01247554623
-2.524579784e-05
1.272425864e-06
-3.546894293e-05
-2.661899374e-05
-3.747175549e-05
0.003135706045
-5.762019051e-05
1.885663444e-06
-7.49943159e-05
-6.074834075e-05
-8.710832666e-05
0.003130482799
0.003133914085
0.003126001972
0.003142499403
-5.383257178e-05
-1.04477444e-05
0.003162195405
-4.848942852e-05
-8.199175765e-06
-0.003153797941
-0.003166386092
0.003165116253
-1.756203765e-05
-1.316006609e-06
-0.0031642901
0.003164549984
-2.530035997e-06
-1.521082821e-06
-0.003165617208
0.003162266584
1.951276125e-05
3.228502053e-06
-0.003153549664
0.003144023428
4.16819905e-05
9.382246937e-06
0.01248094526
5.933165608e-05
1.95599705e-07
4.864889934e-05
7.004127489e-05
5.940639592e-05
-0.003135714534
-0.003131066292
-0.003133098676
-0.003125951909
0.01248318691
2.732021697e-05
4.787514372e-06
1.116210798e-05
3.427733669e-05
1.626949251e-05
0.0124895946
1.66218425e-05
3.587718177e-06
0.01249223673
8.571926577e-07
-1.551965404e-06
0.01249681698
-1.520626334e-05
1.051574882e-06
0.0124997605
-2.363201697e-05
3.80083868e-06
0.01250156697
-2.824195306e-05
5.795659176e-06
0.01250280927
-3.093924662e-05
7.239823952e-06
0.01250367089
-3.264295801e-05
8.353291761e-06
0.01250424803
-3.374499181e-05
9.211539955e-06
0.01250463135
-3.451268488e-05
9.86121704e-06
0.0125049021
-3.504035888e-05
1.038052953e-05
0.01250508825
-3.542730973e-05
1.079127357e-05
0.01250522763
-3.569403086e-05
1.112775186e-05
0.01250531755
-3.590259595e-05
1.140677394e-05
0.01250546068
-3.603765766e-05
1.160857801e-05
-3.618850018e-05
1.167478662e-05
0.01249959507
-3.625256163e-07
-1.484639114e-09
0.01249833782
-1.110078281e-06
-9.083907529e-09
0.01249579207
-2.204563944e-06
-4.45403104e-08
0.01249095142
-4.054927396e-06
-1.872820866e-07
0.01248187467
-8.032976443e-06
-6.569981135e-07
0.01246410023
-1.634299009e-05
-1.917386242e-06
0.003109941009
-8.4534238e-06
-5.206959396e-06
0.003106513806
0.003108842994
0.003106822567
-1.296230735e-05
-9.15068516e-06
-1.301184843e-05
0.003106264576
-2.894161636e-05
-8.042522467e-06
0.003108893784
-8.32668304e-05
-3.019326382e-05
-0.003106229579
0.003135642214
-0.0001081230319
-4.006935135e-05
-0.003131201075
7.328315059e-05
7.046809356e-05
-0.003171407392
0.00322918745
-0.0001286581082
-8.013581035e-05
7.878237569e-05
7.223148528e-05
0.003196895786
-1.176989241e-05
-2.211668681e-06
-0.003218071951
2.178942347e-05
1.336830229e-05
-0.003186563538
0.003196731515
-8.564100872e-06
-2.249323388e-05
2.090186104e-05
-1.250374988e-08
-0.003217661862
0.00322818587
3.401163385e-05
-8.932257204e-06
-3.507118942e-06
-3.20962663e-05
-0.003169130638
0.00313334648
0.0001140960623
3.7015227e-05
-4.376818212e-05
-7.15589513e-05
-0.003133408852
0.003115796676
9.987570225e-05
2.670356783e-05
-0.003108506269
0.003106803683
3.893601259e-05
-2.835520421e-07
0.01246750426
-2.61743293e-06
6.2747393e-05
-0.003109577242
-0.003104551813
-0.003109856044
-0.003100086086
-1.534083421e-05
-2.065948011e-05
-2.657921948e-05
0.01248397531
-1.193460755e-05
2.1304033e-05
0.0124925479
-1.958537892e-05
9.545094768e-06
0.01249572949
-2.262815188e-05
4.447935188e-06
0.01249693851
-2.45284317e-05
9.450402437e-07
0.01249733811
-2.538666579e-05
-1.819332417e-06
0.01249730822
-2.580319817e-05
-3.812144922e-06
0.01249702686
-2.601061843e-05
-5.171209949e-06
0.01249659486
-2.614712633e-05
-6.198732882e-06
0.01249607378
-2.623719747e-05
-6.969879278e-06
0.0124955052
-2.629117018e-05
-7.599852551e-06
0.01249489481
-2.630841028e-05
-8.093469337e-06
0.01249428275
-2.632806059e-05
-8.538428034e-06
0.01249360189
-2.626764006e-05
-8.857343255e-06
-2.62954031e-05
-9.32364419e-06
0.01249952624
2.989469805e-09
-3.316579794e-09
0.01249804786
8.959512664e-09
-1.807520979e-08
0.01249497253
1.478994928e-08
-8.588115122e-08
0.01248891503
1.877673135e-08
-3.719087728e-07
0.01247649509
1.281894909e-08
-1.460049138e-06
0.003113093934
-4.395751489e-08
-5.846496657e-06
0.003112870005
0.003112152211
0.003112272094
0.003106153095
-4.335497425e-06
-6.29420371e-06
0.003078965424
-2.220445335e-05
-2.210616401e-05
3.507214226e-05
2.868876053e-05
-0.003098415709
0.003047983831
0.0001856903174
0.0001211279675
-0.00305197894
-5.40347966e-05
-2.699077323e-05
-3.971729642e-05
-3.316841889e-05
-8.029400275e-05
-2.128757869e-05
-3.82365502e-05
-9.093759149e-06
5.997604482e-05
3.721332021e-05
-0.0007974608978
0.0008015331991
-4.225803562e-05
-5.900363082e-05
-0.0007876909649
6.481467849e-05
4.902918965e-05
0.0008235528071
-4.421033879e-05
-0.0001054953713
4.210435336e-06
7.125709148e-06
-0.0008212695863
0.0008144384985
-7.095828168e-06
2.590768974e-06
-1.52104756e-08
5.367275636e-06
-0.0008113046604
0.000812427569
-1.080064192e-05
4.325667208e-06
-0.0008217806159
-3.774474103e-06
2.597484312e-06
0.0008244488012
-1.194744691e-05
1.045625058e-05
-0.0007877482193
-4.273053518e-05
-2.91461274e-05
0.000783438175
1.416759759e-05
6.201910773e-05
-0.0007956729365
0.003025460054
-0.0003256993914
-0.0001527109109
3.636093962e-05
3.713296082e-05
2.614945205e-05
2.943002336e-05
0.0001053792673
0.0001688477927
9.40909503e-05
5.629884171e-05
-0.000782097387
-0.0007848295462
-0.0007381401069
-0.003047925934
0.003081195862
-8.907916595e-07
7.448262354e-05
-6.010224485e-05
-4.675949116e-05
-0.003089698896
0.003097120066
-2.964810476e-06
3.956788148e-05
0.01213436456
-4.366717032e-05
-3.393857974e-05
-0.00308117537
-0.003061590387
-0.003049326477
-0.00291794238
0.01215080944
-4.622958038e-05
-2.863453785e-05
0.01216065993
-4.670686315e-05
-2.395371335e-05
0.01216583228
-4.617097798e-05
-1.979615893e-05
0.01216887475
-4.546757487e-05
-1.716842052e-05
0.01217078574
-4.480945721e-05
-1.53858587e-05
0.01217212515
-4.414305625e-05
-1.431991132e-05
0.01217312807
-4.351294669e-05
-1.363715975e-05
0.01217392892
-4.291646676e-05
-1.322272573e-05
0.01217460924
-4.236366214e-05
-1.293909265e-05
0.0121751983
-4.184517193e-05
-1.272514758e-05
0.0121757547
-4.139943649e-05
-1.256906682e-05
0.01217630918
-4.091720574e-05
-1.244521278e-05
-4.070699198e-05
-1.248545543e-05
0.01249952634
3.683884316e-07
-3.865783451e-09
0.01249804869
1.127581402e-06
-1.999127237e-08
0.01249497319
2.23417584e-06
-9.01700319e-08
0.01248891687
4.095332402e-06
-3.832048605e-07
0.01247648319
8.075520982e-06
-1.492979892e-06
0.003112900266
1.633573906e-05
-5.980730214e-06
0.003113087555
0.003112284281
0.003112077867
6.286831559e-08
0.003104999719
4.268610061e-06
-8.750854268e-06
1.331050404e-08
0.003070951975
2.197959275e-05
-3.958461965e-05
4.346080788e-05
-0.003096821066
-1.166666518e-07
8.719522519e-05
-0.0007451716466
0.0007441875112
2.238222638e-05
-0.0001084766492
-1.223653534e-07
0.0001129082112
-0.000812592943
0.0008162752824
1.270489647e-05
-0.0001291730844
2.744359022e-06
-0.0007888578445
1.882447945e-05
0.0007769014534
1.631970138e-06
-1.124442127e-05
-7.064499222e-06
3.132107857e-06
-0.0007583910579
0.0007591732026
-3.001185146e-06
6.151428527e-06
-1.083672161e-05
3.591905416e-07
-0.0007537158063
0.0007601290939
-2.88618767e-06
6.950430056e-06
3.293500019e-06
-0.0007605484003
-1.509154378e-05
0.0007668055147
-4.336899451e-06
9.877829075e-06
3.005672113e-06
-0.0007882888105
-3.332287572e-05
0.0008032846456
-7.589206169e-06
2.291057344e-05
-0.0008092592013
8.701884449e-07
-0.0001598791335
-2.327999017e-05
0.0002313988657
0.0007601492716
-0.000751776085
-2.701971935e-05
0.003090380347
-3.270714507e-05
-0.0007494656214
-0.0007612445129
-0.00075163096
2.508314231e-05
2.311289342e-05
2.779889482e-05
-1.859927215e-06
-9.06712927e-05
-0.003076382595
-2.151522173e-05
0.00309244109
-2.033445502e-05
0.0001003693113
0.01227287789
-6.872205895e-05
0.0001017037816
-0.003088203538
-0.003099441885
-0.002970213158
-0.003081782521
0.01229178643
-5.8359051e-05
8.879762884e-05
0.01230156833
-5.127904342e-05
8.086635445e-05
0.01230799404
-4.708018806e-05
7.567713401e-05
0.01231268708
-4.410556752e-05
7.22691486e-05
0.01231632991
-4.203737712e-05
6.996318462e-05
0.01231939459
-4.053397369e-05
6.834395065e-05
0.01232211725
-3.938231713e-05
6.716888738e-05
0.01232463384
-3.846025964e-05
6.624666724e-05
0.01232699621
-3.769080975e-05
6.550498241e-05
0.01232931463
-3.704246288e-05
6.487416835e-05
0.01233147734
-3.645846644e-05
6.436552734e-05
0.01233388663
-3.59998076e-05
6.381840478e-05
-3.544228458e-05
6.372051969e-05
0.01249959562
6.733054316e-07
-3.103456779e-09
0.01249834014
2.05185641e-06
-1.424784462e-08
0.01249579794
3.998467861e-06
-5.721892419e-08
0.01249096368
7.132426717e-06
-2.152634551e-07
0.01248190227
1.319822361e-05
-7.472080242e-07
0.01246418019
2.43570936e-05
-2.193866468e-06
0.003106773228
5.107043253e-05
-6.880318431e-06
-8.403708387e-06
-1.293317514e-05
-9.113269629e-06
-1.287467441e-05
0.00311019525
0.003106919312
0.003108970744
-2.846737938e-05
0.003096855655
2.882900214e-05
-1.237514747e-05
-0.0001155036919
0.003096262307
8.100598408e-05
-6.350426043e-05
-0.003087915764
-3.384212439e-05
0.003126092198
0.0001034261131
-0.003155647026
-2.593749379e-05
-3.474884814e-05
-2.721987375e-05
-2.754428723e-05
-1.314363659e-05
-9.568109587e-06
-1.843217732e-05
0.0001165652649
-4.592834747e-05
-0.003146818206
0.003313227347
0.0001219225257
-2.554489641e-05
-7.601082811e-05
-3.459359997e-05
-0.0001112651559
-3.84820887e-05
-2.508476095e-05
-5.918197278e-05
0.0001277599823
-4.753307574e-06
0.003233446558
5.519549173e-06
-0.003265438999
-3.214136153e-06
1.253578696e-06
1.022283089e-08
1.458368232e-06
1.430234786e-05
1.599553886e-05
-1.630563649e-06
3.050840807e-06
-3.026507203e-06
-0.003214099358
0.003231910599
3.18174594e-06
-3.130615905e-06
-2.426482562e-06
-3.207826659e-06
-1.296298174e-05
2.960283441e-06
2.98893309e-06
-1.123102471e-05
9.04323268e-06
-4.64693664e-08
-0.003263335179
0.003310280529
-3.881259372e-05
1.109057057e-05
-1.643788028e-06
1.123694224e-05
-1.200038935e-06
1.906962855e-05
-1.940390719e-05
-3.884091343e-07
-2.684728654e-05
3.118662434e-05
-0.003156605036
0.003137968891
-0.0001197372085
2.287440401e-05
4.556823972e-05
2.726267498e-05
5.445271454e-05
1.871868727e-05
9.959832523e-06
2.724605972e-05
-9.889588686e-05
0.0001641677036
-0.003161897856
0.003097483786
-0.000106442899
0.0001282834145
6.440459553e-05
-0.003095519988
0.00310175985
-4.366073648e-05
1.614232895e-05
0.01246999591
-4.155615311e-05
-7.195786312e-05
2.974087425e-05
2.444644168e-05
4.523467597e-05
3.76453234e-05
-0.003108995091
-0.003113375337
-0.003107814393
-0.003113033262
0.01249174279
-1.314313011e-05
-5.033231952e-05
0.01249942716
-2.437043715e-06
-4.234424048e-05
0.01250318489
2.751739969e-06
-3.765691333e-05
0.01250527578
5.040867392e-06
-3.394558957e-05
0.01250645784
6.486260025e-06
-3.097830452e-05
0.01250714039
7.302763246e-06
-2.870617621e-05
0.0125075354
7.770588846e-06
-2.693837656e-05
0.01250775998
8.026266011e-06
-2.551425175e-05
0.01250788194
8.157718985e-06
-2.433298385e-05
0.01250794272
8.221799983e-06
-2.333182195e-05
0.01250796323
8.243918353e-06
-2.247675028e-05
0.01250796496
8.248267203e-06
-2.170600595e-05
0.01250790419
8.237547946e-06
-2.108491141e-05
8.202802745e-06
-2.021845288e-05
0.01249971384
8.742304319e-07
-2.327852207e-09
0.01249883625
2.652822042e-06
-9.264405307e-09
0.01249713488
5.046496513e-06
-2.979786723e-08
0.01249416133
8.696752789e-06
-9.507780844e-08
0.01248937336
1.481142823e-05
-2.822340839e-07
0.01248178584
2.523103127e-05
-6.901057307e-07
0.01247167905
4.476287013e-05
-1.158010453e-06
0.01247679503
7.854923676e-05
-4.945818646e-07
-2.518125492e-05
-3.525325762e-05
-2.655198679e-05
-3.734871428e-05
0.003129882169
0.0001418413196
1.306595172e-06
-5.683187981e-05
-7.304353972e-05
-6.00252846e-05
-8.470794057e-05
0.003135342792
0.003125512049
0.003133785758
-6.89925746e-05
0.003136845866
5.306636485e-05
-1.76428807e-05
-7.029443918e-05
0.003176178726
4.767536163e-05
-2.259580796e-05
-0.003153723417
-1.120294161e-05
-0.003177421223
0.003171804826
1.66844585e-05
4.035428708e-06
2.286083274e-06
-0.003168160557
0.003171523117
1.780584324e-06
1.312317761e-06
3.406310295e-05
-0.003176956713
0.003176874997
-2.008244452e-05
1.083797188e-05
7.370390299e-05
-0.003156998109
0.003139439846
-4.228203995e-05
2.760993374e-05
0.01248104476
-0.0001296453208
-7.073776362e-06
6.209005154e-05
5.285843816e-05
7.35447973e-05
6.373485013e-05
-0.003132188454
-0.003136401055
-0.003126852132
-0.003133505893
0.01248253401
-6.823707106e-05
-1.327202027e-05
2.778001093e-05
1.727742463e-05
3.608018673e-05
2.383135638e-05
0.01248801168
-3.411095956e-05
-1.190996859e-05
0.01249256026
-2.130811878e-05
-8.154266491e-06
0.01249728477
-1.349062387e-05
-1.015262349e-05
0.01250036759
-7.846090429e-06
-1.211234046e-05
0.01250214928
-4.796125743e-06
-1.373852526e-05
0.01250332079
-3.051341133e-06
-1.499677895e-05
0.01250413455
-2.024211655e-06
-1.591597014e-05
0.01250469495
-1.32820428e-06
-1.668282419e-05
0.01250508317
-9.183249417e-07
-1.726608098e-05
0.0125053426
-6.774562897e-07
-1.772351684e-05
0.01250550923
-5.254194349e-07
-1.808759201e-05
0.01250562851
-4.37263518e-07
-1.839471731e-05
0.01250571913
-3.820451757e-07
-1.86528122e-05
0.01250579875
-3.676448482e-07
-1.886308343e-05
-3.869096699e-07
-1.898128487e-05
0.0124998479
9.589225111e-07
-2.027278092e-09
0.01249938566
2.897590283e-06
-7.015035853e-09
0.01249855036
5.389832371e-06
-1.744275319e-08
0.01249726742
8.946527235e-06
-4.323206046e-08
0.01249558554
1.435320173e-05
-1.067441996e-07
0.01249391037
2.262061907e-05
-2.227660209e-07
0.01249426302
3.558319756e-05
-3.489182694e-07
0.01250180378
5.388544738e-05
-2.046810172e-07
0.01253296766
8.022161209e-05
-6.220717198e-08
0.01256674418
8.795771594e-05
-6.966979534e-07
-3.865700245e-05
-3.793078889e-05
-3.918266949e-05
-4.040178363e-05
0.01259145393
6.452438763e-05
-1.837468445e-06
-3.385064164e-05
-2.40797964e-05
-3.5783674e-05
-2.536165277e-05
0.01259515488
2.565980064e-05
-1.818562432e-06
-1.52227849e-05
-8.085322838e-06
-1.462216101e-05
-8.116431622e-06
0.01259111
-1.367631765e-05
-1.901780267e-06
-1.15036467e-06
5.850811013e-06
-9.972884566e-07
5.445125304e-06
0.01256770645
-5.082942904e-05
-2.500140552e-06
1.438872759e-05
2.390053987e-05
1.458506339e-05
2.52201183e-05
0.01253866767
-7.904376933e-05
-2.397711587e-06
2.848140533e-05
2.92115181e-05
2.914534296e-05
2.936787533e-05
0.01250685254
-8.315196097e-05
-3.465193454e-06
0.01250132513
-5.831488672e-05
-2.943672163e-06
0.01250101941
-3.425048912e-05
-5.583570802e-06
0.01250121658
-2.225010094e-05
-7.345631845e-06
0.01250233567
-1.56066949e-05
-7.549872863e-06
0.01250353254
-1.04629819e-05
-7.368738443e-06
0.012504297
-7.127477474e-06
-7.084201665e-06
0.0125048198
-5.147993012e-06
-6.655857788e-06
0.01250517979
-3.924935929e-06
-6.222071836e-06
0.01250544126
-3.081828868e-06
-5.853056763e-06
0.01250562222
-2.555277159e-06
-5.503651231e-06
0.01250572249
-2.227059594e-06
-5.195468093e-06
0.01250577626
-2.015829276e-06
-4.92828037e-06
0.01250580966
-1.889819796e-06
-4.708171528e-06
0.01250582555
-1.819161435e-06
-4.479625767e-06
0.01250578228
-1.784055376e-06
-4.298558917e-06
-1.77537933e-06
-4.01928344e-06
0.01249997207
9.368849624e-07
-1.97469757e-09
0.0124998794
2.830208276e-06
-6.385482489e-09
0.01249975867
5.160427619e-06
-1.326306732e-08
0.01249969847
8.302933688e-06
-2.616192707e-08
0.01249996454
1.271569497e-05
-5.182034102e-08
0.01250115423
1.8865574e-05
-9.460757689e-08
0.01250471191
2.731951356e-05
-1.473972682e-07
0.01251287185
3.763178609e-05
-1.548727304e-07
0.01253112007
4.891685817e-05
-1.983494013e-07
0.01255257849
5.172070125e-05
-4.200342781e-07
0.01256719973
3.902419969e-05
-7.363226924e-07
0.0125718275
1.663338113e-05
-8.289747121e-07
0.01256806156
-7.856726293e-06
-9.950998899e-07
0.01255534163
-2.979988304e-05
-1.092149501e-06
0.01253578049
-4.479459071e-05
-1.331744574e-06
0.01251611135
-4.719067267e-05
-1.655996809e-06
0.01250719663
-3.758127469e-05
-2.02649657e-06
0.01250464622
-2.407844885e-05
-2.945758323e-06
0.01250352775
-1.607203042e-05
-3.029115619e-06
0.01250309208
-1.160424132e-05
-2.896649997e-06
0.01250320232
-8.015206869e-06
-2.918861384e-06
0.0125033779
-5.320530347e-06
-3.049081189e-06
0.01250350032
-3.606816937e-06
-3.226822124e-06
0.01250357829
-2.50982735e-06
-3.401016698e-06
0.01250365035
-1.788021966e-06
-3.573722229e-06
0.01250370489
-1.309969292e-06
-3.749286774e-06
0.01250374838
-1.014900516e-06
-3.910061075e-06
0.01250378054
-8.285407404e-07
-4.061176215e-06
0.01250380904
-7.230816409e-07
-4.195858665e-06
0.01250383105
-6.695259619e-07
-4.330604031e-06
0.0125038596
-6.656492266e-07
-4.42735835e-06
-7.379742666e-07
-4.535282376e-06
0.01250006623
8.346334089e-07
-1.996725581e-09
0.01250027032
2.513242764e-06
-6.241461718e-09
0.0125006787
4.513283257e-06
-1.198782219e-08
0.01250143431
7.086087839e-06
-2.091664194e-08
0.01250281966
1.04775954e-05
-3.568733375e-08
0.01250531724
1.486322168e-05
-5.865361144e-08
0.0125097914
2.029339832e-05
-9.0448341e-08
0.01251723735
2.616598185e-05
-1.224201072e-07
0.01252908815
3.127260605e-05
-1.733479829e-07
0.01254250499
3.181454033e-05
-2.753585859e-07
0.01255208059
2.428421705e-05
-3.993488406e-07
0.01255550338
1.049721821e-05
-4.956132328e-07
0.01255280895
-5.110888339e-06
-5.974208316e-07
0.0125442094
-1.865789688e-05
-7.146753883e-07
0.01253170013
-2.801901387e-05
-8.670742284e-07
0.01251958724
-3.100639143e-05
-1.062481158e-06
0.01251184715
-2.723703328e-05
-1.273486503e-06
0.01250824819
-1.969476311e-05
-1.469735701e-06
0.01250616142
-1.402738924e-05
-1.665002386e-06
0.01250476207
-1.048068746e-05
-1.800090715e-06
0.01250398109
-7.60937551e-06
-1.929585639e-06
0.01250355052
-5.313646736e-06
-2.020142161e-06
0.01250328526
-3.749516261e-06
-2.045277906e-06
0.01250311329
-2.701931308e-06
-2.028875488e-06
0.01250301077
-1.98572845e-06
-1.995423416e-06
0.01250294306
-1.474795942e-06
-1.96858519e-06
0.01250290018
-1.136693009e-06
-1.925649344e-06
0.0125028705
-9.04392259e-07
-1.86416385e-06
0.01250284919
-7.653708782e-07
-1.804453547e-06
0.01250283727
-6.723791567e-07
-1.73932616e-06
0.01250280148
-6.229109135e-07
-1.682636329e-06
-6.030351243e-07
-1.601052258e-06
0.0125001387
6.709554475e-07
-1.987364044e-09
0.01250055539
2.018976381e-06
-6.145522007e-09
0.01250132581
3.583487726e-06
-1.142933881e-08
0.01250259157
5.523754508e-06
-1.891829668e-08
0.01250458352
7.961992613e-06
-3.002948304e-08
0.01250763168
1.093600753e-05
-4.63048878e-08
0.01251218722
1.433652372e-05
-6.92898597e-08
0.01251861344
1.767338311e-05
-9.870743734e-08
0.01252707521
2.004159842e-05
-1.394631965e-07
0.01253611192
1.969731776e-05
-1.974102595e-07
0.01254284104
1.502292861e-05
-2.652299376e-07
0.01254555574
6.448558881e-06
-3.316760828e-07
0.01254371799
-3.06932521e-06
-4.126452875e-07
0.01253808659
-1.152592738e-05
-4.914794606e-07
0.0125298964
-1.73674535e-05
-5.943156043e-07
0.01252126528
-1.954193141e-05
-7.225569291e-07
0.01251441318
-1.783810717e-05
-8.517906141e-07
0.01251023797
-1.36887015e-05
-1.00890653e-06
0.01250754704
-1.004174967e-05
-1.127981167e-06
0.01250560851
-7.548625664e-06
-1.180677096e-06
0.01250430301
-5.548108218e-06
-1.200675094e-06
0.01250345917
-3.895179655e-06
-1.21808043e-06
0.01250289415
-2.719926812e-06
-1.238904494e-06
0.01250250247
-1.898689863e-06
-1.262843674e-06
0.01250223489
-1.342959662e-06
-1.286519672e-06
0.01250204894
-9.331632194e-07
-1.32153234e-06
0.01250192175
-6.710469791e-07
-1.350936019e-06
0.01250183132
-4.811594278e-07
-1.389256044e-06
0.0125017672
-3.788756287e-07
-1.421572147e-06
0.01250171941
-3.042603873e-07
-1.465696261e-06
0.01250168778
-2.757739526e-07
-1.499246482e-06
-2.805881168e-07
-1.538689328e-06
0.01250018642
4.671982e-07
-1.958653397e-09
0.0125007469
1.405038218e-06
-6.023038266e-09
0.01250174971
2.473854363e-06
-1.101626225e-08
0.01250331628
3.765311161e-06
-1.776572448e-08
0.01250561865
5.334506315e-06
-2.721835064e-08
0.01250886254
7.169989007e-06
-4.04511657e-08
0.01251325232
9.155029718e-06
-5.868109591e-08
0.01251885471
1.095992426e-05
-8.272173219e-08
0.01252543512
1.204839903e-05
-1.141146314e-07
0.01253202447
1.157658681e-05
-1.539201859e-07
0.01253701387
8.762501877e-06
-2.003023096e-07
0.01253912645
3.67771994e-06
-2.532110596e-07
0.01253786773
-1.741569827e-06
-3.109827516e-07
0.01253377654
-6.722937826e-06
-3.761495328e-07
0.01252774517
-1.01858504e-05
-4.530675307e-07
0.01252109791
-1.161242176e-05
-5.410067181e-07
0.01251528548
-1.095732278e-05
-6.337728305e-07
0.01251114661
-8.902538869e-06
-7.289539984e-07
0.01250822497
-6.808504371e-06
-7.978391379e-07
0.01250602863
-5.227973858e-06
-8.30184409e-07
0.01250443477
-3.937503292e-06
-8.644235165e-07
0.01250332843
-2.841575484e-06
-8.969429736e-07
0.01250256465
-2.040218221e-06
-9.285567617e-07
0.01250202388
-1.447604002e-06
-9.463993597e-07
0.01250164763
-1.054819529e-06
-9.583478869e-07
0.01250138517
-7.549157715e-07
-9.624310583e-07
0.01250120367
-5.607897277e-07
-9.647643324e-07
0.01250107705
-4.142136303e-07
-9.573020569e-07
0.01250098613
-3.339423167e-07
-9.506860232e-07
0.01250092071
-2.678391071e-07
-9.388499449e-07
0.01250086467
-2.386309259e-07
-9.266339297e-07
-2.194811255e-07
-9.049942752e-07
0.01250021533
2.392377502e-07
-1.926747701e-09
0.01250086249
7.192289106e-07
-5.904420499e-09
0.0125020005
1.260448765e-06
-1.069560783e-08
0.01250373033
1.904254345e-06
-1.699793362e-08
0.01250617932
2.671090938e-06
-2.554609878e-08
0.01250947276
3.545412405e-06
-3.714840704e-08
0.01251368421
4.462072717e-06
-5.271456099e-08
0.01251874457
5.251484102e-06
-7.298189183e-08
0.01252430021
5.70120433e-06
-9.876056381e-08
0.01252966141
5.377383906e-06
-1.302937791e-07
0.0125336247
4.105046247e-06
-1.687375487e-07
0.01253530259
1.630702801e-06
-2.128644759e-07
0.01253440429
-8.347172847e-07
-2.577846831e-07
0.01253118887
-3.131575168e-06
-3.117624558e-07
0.01252636489
-4.729669574e-06
-3.72985805e-07
0.01252091294
-5.427541199e-06
-4.404977033e-07
0.01251583872
-5.210272338e-06
-5.102141089e-07
0.01251179085
-4.341693381e-06
-5.785046292e-07
0.0125087182
-3.369288663e-06
-6.339928284e-07
0.01250635274
-2.587062041e-06
-6.733828867e-07
0.01250457329
-1.947780202e-06
-7.00846856e-07
0.01250329395
-1.404110402e-06
-7.216955467e-07
0.01250238712
-1.007803744e-06
-7.358938783e-07
0.01250174394
-6.975469808e-07
-7.45750802e-07
0.01250127889
-4.958572788e-07
-7.515688737e-07
0.01250095369
-3.436707569e-07
-7.575376747e-07
0.01250071946
-2.447970206e-07
-7.618182888e-07
0.01250055657
-1.72076312e-07
-7.66929443e-07
0.01250043348
-1.313679119e-07
-7.72286406e-07
0.01250034475
-9.980795363e-08
-7.815749345e-07
0.01250027116
-8.568320875e-08
-7.8760288e-07
-7.930859708e-08
-7.969851491e-07
0.01250022884
-1.906681178e-09
0.0125009164
-5.833006568e-09
0.01250211602
-1.051725526e-08
0.01250391663
-1.659774915e-08
0.01250642249
-2.472048232e-08
0.01250971937
-3.557590644e-08
0.01251383024
-4.991398003e-08
0.01251862221
-6.846110139e-08
0.01252377725
-9.138186337e-08
0.01252859114
-1.213656087e-07
0.01253221435
-1.519155207e-07
0.01253365081
-2.054067047e-07
0.01253282277
-2.367337134e-07
0.01252994107
-2.831315237e-07
0.01252563722
-3.371205811e-07
0.01252070591
-3.953998779e-07
0.01251595765
-4.557724207e-07
0.01251197137
-5.132422916e-07
0.01250884463
-5.613711022e-07
0.01250641575
-5.970309288e-07
0.0125045673
-6.229607026e-07
0.01250321766
-6.414875003e-07
0.01250223832
-6.55954137e-07
0.01250154687
-6.682585938e-07
0.01250104782
-6.713907198e-07
0.01250070017
-6.756265949e-07
0.01250044955
-6.754472043e-07
0.01250027577
-6.795004283e-07
0.0125001453
-6.797944929e-07
0.01250005009
-6.819948059e-07
0.01249997139
-6.828837853e-07
-6.825194214e-07
0.01250022824
-2.386806539e-07
1.121376447e-08
0.012500914
-7.175614458e-07
3.414455582e-08
0.01250211067
-1.257763535e-06
6.518292604e-08
0.0125039073
-1.90072944e-06
1.102504515e-07
0.01250640835
-2.667013545e-06
1.745163706e-07
0.01250969987
-3.541208015e-06
2.608980898e-07
0.01251380517
-4.458288545e-06
3.667924854e-07
0.0125185918
-5.248754916e-06
4.77904864e-07
0.01252374187
-5.699898348e-06
5.660920747e-07
0.01252855139
-5.377986628e-06
5.822026945e-07
0.0125321699
-4.106552616e-06
4.961918052e-07
0.01253360125
-1.633933413e-06
1.956705081e-07
0.01253276867
8.296888982e-07
-1.341648081e-08
0.01252988383
3.123134748e-06
-2.68652349e-07
0.01252557942
4.716044318e-06
-4.579388457e-07
0.01252065129
5.40737153e-06
-5.412293829e-07
0.01251591066
5.182063358e-06
-5.17738808e-07
0.01251193501
4.307826602e-06
-4.200816374e-07
0.01250882023
3.331573662e-06
-3.131673712e-07
0.01250640246
2.549354315e-06
-2.374744372e-07
0.01250456354
1.91041678e-06
-1.868520194e-07
0.01250322261
1.368714829e-06
-1.508520596e-07
0.01250225044
9.72752787e-07
-1.276122692e-07
0.01250156564
6.639374138e-07
-1.10537559e-07
0.01250107031
4.649378967e-07
-1.042825782e-07
0.01250072676
3.115083611e-07
-1.045958843e-07
0.01250047841
2.142275932e-07
-1.036225052e-07
0.01250030698
1.388176446e-07
-1.069220885e-07
0.01250017873
9.487750307e-08
-1.080110002e-07
0.01250008616
6.297068794e-08
-1.122902485e-07
0.01250000968
4.999561932e-08
-1.154897376e-07
4.322417579e-08
-1.192862066e-07
0.01250021471
-4.66066408e-07
1.348578314e-08
0.01250086001
-1.401650433e-06
4.125503219e-08
0.01250199494
-2.468389937e-06
8.004036377e-08
0.01250372061
-3.758121351e-06
1.383671905e-07
0.01250616452
-5.326179819e-06
2.247049288e-07
0.01250945223
-7.161429702e-06
3.452055863e-07
0.01251365777
-9.147467725e-06
4.998605271e-07
0.01251871255
-1.095478145e-05
6.705773551e-07
0.01252426334
-1.204676947e-05
8.17095115e-07
0.01252962014
-1.157890757e-05
8.638963555e-07
0.01253357875
-8.767199222e-06
7.151242663e-07
0.01253525118
-3.685199892e-06
3.793267369e-07
0.01253434728
1.730503837e-06
-9.826922092e-09
0.0125311277
6.704357097e-06
-3.911771195e-07
0.01252630252
1.01559069e-05
-6.627537438e-07
0.01252085275
1.156808181e-05
-7.762929516e-07
0.01251578797
1.089392231e-05
-7.291942712e-07
0.0125117523
8.825870775e-06
-5.759688391e-07
0.01250869267
6.724582288e-06
-4.340807204e-07
0.01250634003
5.142974652e-06
-3.519824685e-07
0.01250457005
3.856246059e-06
-2.967203287e-07
0.01250329952
2.762611932e-06
-2.521407357e-07
0.01250239891
1.961682835e-06
-2.23669606e-07
0.01250176076
1.370442305e-06
-2.10803765e-07
0.01250130008
9.798462568e-07
-2.019751254e-07
0.01250097888
6.780477379e-07
-1.956459526e-07
0.0125007481
4.860762843e-07
-1.908242496e-07
0.01250058855
3.363643106e-07
-1.855869921e-07
0.01250046709
2.528278121e-07
-1.806285787e-07
0.01250038092
1.851776116e-07
-1.734568132e-07
0.01250030834
1.589977369e-07
-1.673969979e-07
1.376777615e-07
-1.564268296e-07
0.01250018576
-6.692155303e-07
1.82729671e-08
0.01250074425
-2.013764653e-06
5.630991288e-08
0.01250174375
-3.575057563e-06
1.120062993e-07
0.01250330575
-5.512611092e-06
2.001002298e-07
0.01250560241
-7.949045897e-06
3.374430464e-07
0.01250883973
-1.09227508e-05
5.398421907e-07
0.01251322275
-1.432519493e-05
8.162658636e-07
0.01251881899
-1.766660022e-05
1.143077807e-06
0.01252539484
-2.004192956e-05
1.451956013e-06
0.01253198033
-1.970481616e-05
1.574882588e-06
0.01253696504
-1.503437969e-05
1.310753576e-06
0.01253907085
-6.463275735e-06
6.852721916e-07
0.01253780426
3.049177246e-06
-5.536166329e-08
0.01253370686
1.149319383e-05
-7.162136252e-07
0.01252767171
1.73151671e-05
-1.172778206e-06
0.01252102656
1.946265977e-05
-1.319286895e-06
0.01251522621
1.772175803e-05
-1.118948903e-06
0.01251110191
1.354827149e-05
-6.971156412e-07
0.01250819481
9.894547103e-06
-3.642511551e-07
0.01250601476
7.397783023e-06
-1.917230428e-07
0.01250443051
5.40178523e-06
-8.893884728e-08
0.01250333346
3.746667071e-06
-2.139834243e-08
0.01250257471
2.572127925e-06
1.893687671e-08
0.01250203932
1.749701268e-06
2.388088832e-08
0.01250166718
1.195987865e-06
2.068686621e-08
0.01250140867
7.810746853e-07
1.406789173e-08
0.01250123068
5.170634659e-07
6.302981483e-10
0.0125011064
3.214787426e-07
-1.804842726e-08
0.01250101716
2.143368797e-07
-3.765259158e-08
0.01250095345
1.325948351e-07
-6.30858687e-08
0.01250089836
1.018559839e-07
-8.192668147e-08
9.549126385e-08
-1.090277526e-07
0.01250013799
-8.322433715e-07
2.600757754e-08
0.01250055251
-2.506059296e-06
8.075221713e-08
0.01250131925
-4.501611873e-06
1.653001809e-07
0.01250257972
-7.070533235e-06
3.063596613e-07
0.01250456476
-1.045945264e-05
5.391575392e-07
0.01250760449
-1.484465302e-05
9.027756966e-07
0.01251215115
-2.027814112e-05
1.437123358e-06
0.0125185702
-2.615904718e-05
2.116353013e-06
0.01252702864
-3.127954617e-05
2.8362491e-06
0.01253606306
-3.183418192e-05
3.162600814e-06
0.01254278731
-2.430998573e-05
2.616495556e-06
0.01254549378
-1.052546662e-05
1.401100193e-06
0.01254364389
5.073945717e-06
-1.480489975e-07
0.01253800349
1.860240775e-05
-1.475610472e-06
0.01252980486
2.793264631e-05
-2.460890282e-06
0.01252117293
3.087169349e-05
-2.847905833e-06
0.01251434188
2.702195214e-05
-2.579860329e-06
0.01251018823
1.9439967e-05
-1.836689215e-06
0.01250751611
1.377033897e-05
-1.273571555e-06
0.01250559481
1.021001652e-05
-9.835857823e-07
0.01250429741
7.345588652e-06
-7.771808727e-07
0.01250346277
5.039348493e-06
-6.158220099e-07
0.01250290505
3.471745525e-06
-5.154436695e-07
0.01250251859
2.41946355e-06
-4.539335179e-07
0.01250225477
1.705134322e-06
-4.027485074e-07
0.01250207218
1.190890795e-06
-3.552076983e-07
0.01250194705
8.543896763e-07
-3.122841666e-07
0.01250185827
6.189553397e-07
-2.717965276e-07
0.01250179663
4.794174562e-07
-2.320944387e-07
0.01250175107
3.856108514e-07
-1.865740706e-07
0.01250172114
3.350408083e-07
-1.51481713e-07
3.092892265e-07
-9.984254091e-08
0.0125000654
-9.337478453e-07
3.714710724e-08
0.01250026713
-2.820932171e-06
1.163661294e-07
0.01250067131
-5.145241038e-06
2.454802849e-07
0.01250142027
-8.282354228e-06
4.72769183e-07
0.01250279577
-1.269135297e-05
8.722576127e-07
0.01250527979
-1.884068878e-05
1.537086441e-06
0.01250973889
-2.729986341e-05
2.607205286e-06
0.01251717638
-3.762750023e-05
4.102878581e-06
0.01252903056
-4.893974811e-05
5.917113787e-06
0.0125424495
-5.176575974e-05
6.656753708e-06
0.01255202044
-3.907805001e-05
5.357623336e-06
0.01255543088
-1.669040362e-05
2.893163579e-06
0.01255271859
7.792804533e-06
1.054905288e-07
0.01254409683
2.97094186e-05
-2.413607444e-06
0.01253157565
4.463780988e-05
-4.174893063e-06
0.01251945407
4.69700722e-05
-4.005711937e-06
0.01251174584
3.718145857e-05
-2.540709465e-06
0.01250817901
2.361638623e-05
-6.701377936e-07
0.01250612268
1.559089076e-05
2.451553292e-07
0.01250474377
1.110273463e-05
5.147102786e-07
0.01250396886
7.514589645e-06
6.744398656e-07
0.01250354685
4.7757056e-06
7.721061396e-07
0.0125032859
3.024743987e-06
7.724820657e-07
0.01250311856
1.88563889e-06
7.061260579e-07
0.01250301763
1.132070201e-06
6.172122151e-07
0.01250295499
6.197659444e-07
5.217749283e-07
0.01250291061
2.913720279e-07
4.20448763e-07
0.01250288075
7.06864639e-08
3.19133202e-07
0.012502858
-5.587016939e-08
2.308526183e-07
0.01250284609
-1.301764344e-07
1.314450907e-07
0.01250281512
-1.538087495e-07
6.004614262e-08
-1.237981961e-07
-1.844830719e-08
0.01249997123
-9.550769461e-07
5.111760885e-08
0.01249987582
-2.886030707e-06
1.636581252e-07
0.01249974969
-5.370696859e-06
3.571944043e-07
0.01249967952
-8.920298202e-06
7.160729978e-07
0.01249992684
-1.432157131e-05
1.393687465e-06
0.01250108421
-2.25879847e-05
2.606544797e-06
0.01250460194
-3.55573572e-05
4.795937532e-06
0.01251275445
-5.388754754e-05
8.240852805e-06
0.01253103941
-8.027517549e-05
1.330966968e-05
0.01255251451
-8.805622276e-05
1.514171927e-05
0.0125671341
-6.464089558e-05
1.138783989e-05
0.01257174206
-2.576930716e-05
4.845436384e-06
0.01256795498
1.351412898e-05
-1.603416572e-06
0.01255518925
5.069107724e-05
-7.971897952e-06
0.01253559265
7.871644516e-05
-1.439318059e-05
0.0125158963
8.268845763e-05
-1.60289929e-05
0.01250705792
5.741842744e-05
-1.154604174e-05
0.01250452882
3.336553197e-05
-6.634948408e-06
0.01250346337
2.119670201e-05
-4.126837003e-06
0.01250307328
1.440122809e-05
-2.864785203e-06
0.01250319364
9.269783022e-06
-1.950861962e-06
0.0125033806
5.910774113e-06
-1.292077645e-06
0.01250350429
3.983370597e-06
-8.388275079e-07
0.01250359056
2.74565157e-06
-5.068465401e-07
0.01250366905
1.937864763e-06
-2.498290163e-07
0.0125037294
1.424616348e-06
-2.729149822e-08
0.01250377956
1.1175186e-06
1.463732772e-07
0.01250381654
9.281631273e-07
3.109100505e-07
0.01250384727
8.292059209e-07
4.354724601e-07
0.0125038733
7.816590924e-07
5.79480232e-07
0.01250390132
7.683806645e-07
6.80703271e-07
7.661927306e-07
8.382585866e-07
0.01249984686
-8.696230965e-07
6.846341031e-08
0.01249938133
-2.63904185e-06
2.205684987e-07
0.01249853792
-5.023344431e-06
4.976179883e-07
0.01249723462
-8.664633171e-06
1.041284668e-06
0.01249550118
-1.477156333e-05
2.155731492e-06
0.0124937143
-2.519117482e-05
4.325311498e-06
0.01249390857
-4.472390825e-05
8.98811163e-06
0.01250147886
-7.857010072e-05
1.742873235e-05
0.0125328376
-0.0001419033054
3.099838746e-05
0.01256666961
-3.923800481e-05
3.521527527e-05
-4.046523734e-05
-3.869541498e-05
-3.799028555e-05
0.01259137234
-3.584015159e-05
3.144663471e-05
-2.540596584e-05
-3.390403436e-05
-2.414999896e-05
0.01259505787
-1.465776054e-05
1.807569198e-05
-8.148335675e-06
-1.529932927e-05
-8.16964192e-06
0.01259095212
-1.027549161e-06
9.813246403e-06
5.416568172e-06
-1.246972849e-06
5.743606222e-06
0.01256747602
1.456975793e-05
-2.311808394e-06
2.519928124e-05
1.42745475e-05
2.376534967e-05
0.01253831283
2.909783531e-05
-7.27732065e-06
2.92806199e-05
2.830678141e-05
2.899864991e-05
0.01250632483
0.000128704034
-1.352599242e-05
0.01250101264
6.576429179e-05
-4.008533142e-06
0.01250079187
3.2287317e-05
3.179445578e-06
0.01250110632
1.90262383e-05
5.174190854e-06
0.01250221143
1.060415794e-05
5.553679587e-06
0.01250339633
4.507392129e-06
5.801327718e-06
0.01250417837
9.876446294e-07
5.733444647e-06
0.01250469492
-9.865621608e-07
5.407658746e-06
0.01250506181
-2.23422505e-06
5.038092913e-06
0.01250534356
-3.044321451e-06
4.663807963e-06
0.01250552557
-3.535294835e-06
4.338300072e-06
0.01250563166
-3.827402392e-06
4.078161614e-06
0.01250569241
-4.010675631e-06
3.836876916e-06
0.01250573154
-4.124732258e-06
3.651353149e-06
0.01250575583
-4.191076453e-06
3.462751536e-06
0.01250573599
-4.21015477e-06
3.347460294e-06
-4.222633422e-06
3.238147316e-06
0.01249971251
-6.68047295e-07
8.587935901e-08
0.01249883019
-2.036127594e-06
2.778663548e-07
0.01249711322
-3.971894574e-06
6.529431982e-07
0.01249408669
-7.095116567e-06
1.399445606e-06
0.01248913048
-1.315434217e-05
3.152347529e-06
0.01248108292
-2.430963761e-05
6.722311064e-06
0.01247022237
-5.103601997e-05
1.679942788e-05
0.01247561697
-2.655253803e-05
4.162567239e-05
-3.736118913e-05
-2.516247878e-05
-3.524173665e-05
0.003133716604
-6.003985361e-05
8.58754282e-05
-8.478759908e-05
-5.677001966e-05
-7.295334471e-05
0.00312545851
0.003135286827
0.003129812777
-2.173039771e-07
0.003139473201
-5.557932943e-05
1.080203195e-05
-1.055275563e-06
0.003156753142
-5.312070139e-05
9.406783975e-06
-0.0031478241
-7.884210695e-07
-0.003160042528
0.003160444171
-1.636666996e-05
2.095688733e-06
-5.42670597e-07
-0.00315961737
0.003160200163
-2.951116705e-06
1.883445107e-06
-8.473206429e-07
-0.003160257788
0.003157657897
2.0659933e-05
-2.642962051e-06
-0.003149841916
-3.575901775e-07
0.003141654238
4.709972323e-05
-9.456621398e-06
0.01247985907
7.301955875e-05
-7.158015257e-05
6.301827287e-05
6.120648944e-05
5.170652571e-05
-0.003133355551
-0.003126697408
-0.003136255242
-0.003132021926
0.01248090252
3.453951877e-05
-2.905114046e-05
2.267610438e-05
2.584433931e-05
1.549953157e-05
0.01248685972
3.469792772e-05
-4.780088862e-06
0.01249229587
4.126112899e-06
7.912009698e-06
0.01249724131
-4.92240792e-06
1.163269798e-05
0.01250046343
-9.163760191e-06
1.424987122e-05
0.01250231886
-1.110212016e-05
1.602998811e-05
0.01250350986
-1.218554859e-05
1.724780901e-05
0.01250431185
-1.277119539e-05
1.808827508e-05
0.0125048401
-1.30884141e-05
1.872737516e-05
0.01250518894
-1.323965269e-05
1.921674282e-05
0.01250543461
-1.33059196e-05
1.961337071e-05
0.0125056071
-1.331112263e-05
1.991923258e-05
0.01250573091
-1.330257715e-05
2.018178563e-05
0.01250582845
-1.326483799e-05
2.038299049e-05
0.0125058883
-1.323742229e-05
2.057599973e-05
-1.317686342e-05
2.071726765e-05
0.01249959372
-3.627098518e-07
9.932986077e-08
0.01249833063
-1.110668173e-06
3.285432694e-07
0.01249575572
-2.205719755e-06
7.641922469e-07
0.01249078603
-4.057435918e-06
1.744731553e-06
0.01248118872
-8.035288547e-06
3.821263126e-06
0.01246167267
-1.634860681e-05
9.637634028e-06
0.003108374196
-9.154719779e-06
2.504310324e-05
0.003104213846
0.003108589598
0.003102709408
-1.29825099e-05
-8.418684677e-06
-1.294455166e-05
1.143858537e-08
0.003103851056
-3.027709062e-05
8.236254537e-06
-2.834019212e-06
0.003101696646
-8.854977838e-05
3.286423529e-05
-0.003103216938
2.293207889e-06
0.003107340546
3.756694454e-05
-0.003115796841
-2.633902912e-05
-2.796900877e-05
-2.625289019e-05
-2.920454231e-05
7.836161258e-05
-1.275253004e-05
-0.003121395888
0.003164470217
8.782350411e-05
-3.307919905e-05
-6.996889557e-05
-4.481862884e-05
-6.087633454e-05
9.059775578e-05
-4.834597987e-06
0.003153883286
4.608041867e-06
-0.003159629734
4.906739847e-06
-4.055907408e-06
1.819481127e-06
-3.893276478e-06
7.195968272e-06
-3.097145716e-06
-0.003151737829
0.003153679694
2.307732113e-05
-2.479236197e-06
-8.302362101e-06
-7.662610214e-06
-4.819758815e-06
1.341927672e-06
-0.003159873257
-6.372093682e-06
0.003165953223
1.175239302e-05
-8.782779482e-06
-3.913445562e-06
2.12273639e-05
1.491240879e-05
-3.49038111e-05
-3.122840249e-06
-0.003135734418
0.003118538108
-3.648718172e-05
2.775220611e-05
4.786218879e-05
2.585801924e-05
4.46140274e-05
-8.928011142e-05
-0.003124391213
-9.447790855e-07
0.003107206143
0.0001207245162
-2.957510546e-05
-0.003107421056
-6.082044256e-06
0.003104633774
4.444787035e-05
-1.039018023e-06
0.01246613995
4.305480672e-05
-5.152348501e-05
-0.003112626475
-0.003105307097
-0.003112104446
-0.003105596838
3.641420973e-05
2.195374204e-05
1.704094947e-05
0.01248975791
2.826510771e-05
-2.645293037e-05
0.0124977523
1.904023461e-05
-2.241194336e-05
0.01250215493
1.256660103e-05
-2.168505914e-05
0.01250459612
9.175000185e-06
-2.1773269e-05
0.01250597658
7.330322893e-06
-2.271566693e-05
0.01250679289
6.164682105e-06
-2.356433286e-05
0.01250730211
5.403190146e-06
-2.417203706e-05
0.01250761712
4.889153553e-06
-2.464255488e-05
0.01250781828
4.521394948e-06
-2.499835145e-05
0.01250794878
4.256064818e-06
-2.529754444e-05
0.01250803586
4.044383014e-06
-2.55275069e-05
0.01250809892
3.882360311e-06
-2.574868378e-05
0.01250812507
3.764971326e-06
-2.588588745e-05
3.575720389e-06
-2.604537128e-05
0.01249952387
2.779694357e-09
1.071282959e-07
0.01249803496
8.27073162e-09
3.519022053e-07
0.01249490422
1.340237698e-08
8.257363758e-07
0.01248857779
1.596481916e-08
1.881115429e-06
0.01247491468
5.666073572e-09
4.162107966e-06
0.003111614554
-6.206548113e-08
9.357823811e-06
0.003110991632
0.003110918096
0.003109899541
3.934930314e-06
0.003102205743
-4.57997023e-06
8.99130621e-07
9.34064813e-06
0.003059712756
-1.924892462e-05
9.814570034e-06
2.944593932e-05
-0.003089064989
-6.817734862e-06
3.450639464e-05
-0.0007680376838
0.0007718653553
-5.141914623e-05
1.990281512e-05
6.039075604e-07
5.802091866e-05
-0.0008148111616
0.0007820045427
-2.581820706e-05
-5.34480383e-05
-0.0006221291249
0.0004066196107
0.000268957553
1.587554631e-05
-0.0007613290996
-7.352040803e-05
0.0008471648261
-2.819086869e-05
-0.0007901947393
-2.314995372e-05
-8.453778866e-05
0.0004111557006
-0.0002510429553
0.0007377697303
-0.0007674844174
6.764941804e-06
0.003041376844
-6.226158063e-05
-0.0007452938573
-0.0007620751232
-0.0007577187502
7.528597731e-05
3.957098142e-06
-6.728844076e-06
5.602421185e-05
-8.184647537e-05
-0.003058936581
8.757436419e-06
0.003077243178
3.987817583e-05
-2.38873917e-05
0.01228148935
2.833664574e-05
-6.832117123e-05
-0.003083253741
-0.002972733764
-0.003099439241
-0.003091751559
0.01229979869
3.156787545e-05
-5.947153353e-05
0.01230750029
3.182880748e-05
-5.091751897e-05
0.01231194359
3.114686783e-05
-4.621133706e-05
0.01231481468
3.060673541e-05
-4.33159244e-05
0.01231687757
2.995611516e-05
-4.12401774e-05
0.01231844226
2.928632947e-05
-3.97677455e-05
0.01231969987
2.861282782e-05
-3.861844065e-05
0.01232077068
2.796696955e-05
-3.773911286e-05
0.01232172497
2.735813935e-05
-3.699545576e-05
0.01232260915
2.679049917e-05
-3.635545025e-05
0.01232343843
2.622742453e-05
-3.574340608e-05
0.01232429648
2.577299571e-05
-3.53112934e-05
2.510432217e-05
-3.4493944e-05
0.012499524
3.681649171e-07
1.065460381e-07
0.01249803526
1.126949498e-06
3.500697531e-07
0.01249490475
2.232493018e-06
8.212480935e-07
0.01248857276
4.093129253e-06
1.871622867e-06
0.01247489016
8.064471478e-06
4.130815496e-06
0.003110962537
1.63341378e-05
9.251638251e-06
0.003111580218
0.003109859559
0.003110859274
6.962260678e-06
1.282540587e-07
0.003099767703
4.456798001e-06
-3.524792208e-07
4.593733841e-05
1.049744328e-06
1.844709861e-05
-7.879712534e-06
0.0007516042928
0.0007604806031
0.0007601489928
0.0007480772069
-0.003077865564
-1.027313689e-05
-0.0005733109047
9.184582082e-05
0.0004917382209
-0.0005007463012
-5.419625475e-05
-5.941808237e-06
-0.0001649989906
7.449495205e-05
0.0006513883951
-0.002852630437
-0.0001391653688
1.589797974e-05
0.002893201898
1.809302864e-06
8.088662815e-05
0.01216530353
3.970898223e-05
6.134323046e-05
-0.002940668958
-0.003051436754
-0.003062209869
-0.003081999741
0.01218265246
4.57681629e-05
5.724840835e-05
0.01219241543
4.613682824e-05
5.679535605e-05
0.01219748202
4.64416806e-05
5.53157258e-05
0.01220048426
4.611871169e-05
5.375493511e-05
0.01220242005
4.553211761e-05
5.245139094e-05
0.01220380743
4.48987263e-05
5.134416828e-05
0.01220487721
4.427559317e-05
5.04363472e-05
0.01220574396
4.366921674e-05
4.967766998e-05
0.01220648572
4.308957205e-05
4.903178043e-05
0.0122071442
4.254571907e-05
4.846047518e-05
0.01220776354
4.200173471e-05
4.797187703e-05
0.01220834684
4.153645737e-05
4.747163891e-05
4.090471686e-05
4.724564056e-05
0.01249959407
6.731249355e-07
9.770979765e-08
0.0124983321
2.051280558e-06
3.233921197e-07
0.01249575833
3.997381583e-06
7.516700987e-07
0.0124907876
7.130083379e-06
1.71850812e-06
0.01248117237
1.319637256e-05
3.736124392e-06
0.01246152436
2.435313765e-05
9.435141763e-06
0.003103878372
5.11888366e-05
2.401194371e-05
-9.090243544e-06
-1.292241396e-05
-8.388647163e-06
-1.296504284e-05
0.003108223192
0.003102368935
0.00310833911
-2.936377771e-05
3.181610049e-06
0.003091540196
3.030834075e-05
8.212002758e-06
-3.476504988e-05
3.071876361e-06
0.00307794134
8.99906289e-05
6.936485147e-05
-4.414550213e-05
-3.223494686e-05
-4.458765605e-05
-0.003084635542
-6.50375239e-05
5.253215823e-07
-0.0007557407772
0.000765198481
1.531172629e-05
3.974277217e-05
-0.0004374652359
4.445712176e-05
-0.0007447806231
0.0007511231108
0.0002628008883
0.0001238647389
-3.025484127e-06
-0.0007078579219
0.0007230172686
1.362661856e-05
-2.576048115e-05
-9.187400056e-06
-0.0007622643012
0.0007540623545
2.597552576e-05
-8.586180147e-06
-0.0007062304354
-1.9652554e-06
0.000672732269
3.165117388e-05
3.812247086e-06
6.084014209e-05
2.159710058e-06
-0.0006952754464
0.0007296908923
-4.956101692e-05
-4.785428451e-05
7.585427311e-05
-0.0007565212701
3.429062446e-06
0.003085252784
-0.0001111559065
-0.0001333319491
7.26330955e-05
5.613698058e-05
5.939957103e-05
-0.0007935606077
-0.0007718602267
-0.0007862758088
3.218605202e-05
-0.003090359235
2.869250936e-05
0.003092086751
-3.003462872e-05
-3.257143527e-05
0.01246383186
-1.456280168e-05
-3.456681407e-05
-1.946370864e-05
-2.522414283e-05
-6.582710963e-06
-1.776551177e-05
-0.003098781943
-0.00310938328
-0.003101128734
-0.003108330076
0.01248213517
2.857130188e-06
-3.178377707e-05
0.01249079659
1.855611269e-05
-2.379362034e-05
0.01249386468
2.609252997e-05
-2.068070749e-05
0.0124949237
3.051135906e-05
-1.90742888e-05
0.01249509758
3.305676025e-05
-1.809023645e-05
0.01249480567
3.45901251e-05
-1.747227061e-05
0.01249424789
3.557438461e-05
-1.705625775e-05
0.01249354017
3.623100557e-05
-1.676194395e-05
0.01249274948
3.665886229e-05
-1.653194244e-05
0.01249191262
3.693980659e-05
-1.634519488e-05
0.01249105187
3.711453042e-05
-1.618481052e-05
0.01249018161
3.721712151e-05
-1.605113866e-05
0.01248926917
3.728508397e-05
-1.592109988e-05
3.731156938e-05
-1.599097961e-05
0.01249971311
8.741066691e-07
8.350120957e-08
0.01249883252
2.652430843e-06
2.701714712e-07
0.01249711826
5.045907666e-06
6.359418662e-07
0.01249409439
8.695593597e-06
1.363275365e-06
0.0124891303
1.481230727e-05
3.065920965e-06
0.01248104678
2.522960383e-05
6.516953768e-06
0.01246998057
4.48041239e-05
1.629291009e-05
0.01247470772
7.856273184e-05
4.082826135e-05
-2.656830257e-05
-3.74421885e-05
-2.51902646e-05
-3.541196999e-05
0.003126009796
0.0001428704282
8.58861581e-05
-6.041414303e-05
-8.650072244e-05
-5.732200424e-05
-7.454697734e-05
0.00313387214
0.003130470737
0.003135688902
-8.008228188e-05
-6.20347148e-07
0.00313210816
5.613540141e-05
1.846886379e-05
-9.313850928e-05
3.566411937e-06
0.003159979976
5.38870108e-05
1.907917911e-05
-0.003143374069
-1.038855391e-05
2.308794233e-06
-0.003160978552
0.003157940266
1.742194032e-05
-6.303895066e-06
-4.730388024e-06
1.840979653e-06
-0.003155323526
0.003157217948
4.138824833e-06
-3.143840085e-06
3.132595916e-05
2.988664786e-06
-0.003159795798
0.003158781461
-1.931479229e-05
-1.398549623e-05
8.592759276e-05
-0.003141956298
2.181404613e-06
0.003129863264
-4.576657758e-05
-3.024938553e-05
0.01248024035
-0.0001250894853
-7.368858978e-05
7.027052869e-05
5.98880827e-05
5.885800218e-05
4.836643036e-05
-0.003125984684
-0.003133110887
-0.003131092351
-0.003135731173
0.01248182608
-6.817991196e-05
-3.411000068e-05
3.392004641e-05
1.692018407e-05
2.637184762e-05
1.022007781e-05
0.01248866183
-2.657816302e-05
-6.730360817e-06
0.01249191183
-1.051737924e-05
1.97023816e-06
0.01249677509
-1.639033222e-06
5.179255584e-06
0.0124998108
4.426432497e-06
6.518041679e-06
0.0125016706
7.837093856e-06
7.075940189e-06
0.01250293775
9.73313834e-06
7.05969852e-06
0.01250381555
1.095361146e-05
6.842740495e-06
0.01250438954
1.175169295e-05
6.565876618e-06
0.0125047608
1.23089287e-05
6.284730369e-06
0.01250501496
1.26602199e-05
6.020967089e-06
0.01250518468
1.292616256e-05
5.75632795e-06
0.01250530482
1.308509534e-05
5.514583045e-06
0.01250538826
1.321657923e-05
5.2642872e-06
0.01250550133
1.326752129e-05
5.041408844e-06
1.329769627e-05
4.751290071e-06
0.01249984756
9.588577792e-07
6.563225772e-08
0.01249938408
2.897379915e-06
2.115144915e-07
0.01249854413
5.389570386e-06
4.788452879e-07
0.01249724556
8.946235553e-06
1.004700546e-06
0.01249551509
1.435415163e-05
2.081880712e-06
0.01249372361
2.262219376e-05
4.176120528e-06
0.01249388453
3.560175411e-05
8.692532288e-06
0.01250138712
5.390189431e-05
1.695356515e-05
0.01253323156
8.04600502e-05
3.050373114e-05
0.0125673037
8.834009354e-05
3.432487105e-05
-3.943979917e-05
-4.068870834e-05
-3.898543067e-05
-3.831986847e-05
0.01259145311
6.50221671e-05
2.983341098e-05
-3.615428891e-05
-2.58235632e-05
-3.425504802e-05
-2.460955776e-05
0.01259496866
2.61750676e-05
1.653352017e-05
-1.510707345e-05
-8.624438431e-06
-1.573001673e-05
-8.581169064e-06
0.01259077875
-1.285738735e-05
8.319569954e-06
-1.587165206e-06
4.826361726e-06
-1.699384044e-06
5.286134447e-06
0.01256676349
-5.046279618e-05
-4.149633738e-06
1.405622465e-05
2.468689724e-05
1.39226754e-05
2.346174736e-05
0.01253794336
-7.808159549e-05
-9.030001728e-06
2.842409307e-05
2.868980877e-05
2.785944241e-05
2.856066614e-05
0.01250685962
-8.208529144e-05
-1.538565156e-05
0.01250051944
-5.760523859e-05
-7.178167068e-06
0.01250038995
-3.16579113e-05
-3.743425739e-07
0.01250055897
-1.942505697e-05
1.39302334e-06
0.01250185434
-1.276293661e-05
2.278661629e-06
0.01250320809
-7.491048174e-06
3.194996111e-06
0.01250401894
-3.82489598e-06
3.766930774e-06
0.01250456106
-1.604423555e-06
4.139584098e-06
0.01250494418
-1.106447301e-07
4.459067736e-06
0.01250519384
9.395076198e-07
4.709466245e-06
0.01250534508
1.73112634e-06
4.922912866e-06
0.01250544688
2.255447375e-06
5.107500548e-06
0.01250551305
2.653410954e-06
5.278308049e-06
0.01250555653
2.910428739e-06
5.423012576e-06
0.01250558714
3.13170081e-06
5.574639541e-06
0.01250560702
3.272662505e-06
5.676419343e-06
3.448245614e-06
5.740686557e-06
0.0124999719
9.368560503e-07
4.811402454e-08
0.01249987862
2.830134394e-06
1.541427194e-07
0.01249975614
5.16039056e-06
3.383963626e-07
0.01249969103
8.30306715e-06
6.821110172e-07
0.01249994421
1.271674756e-05
1.33241258e-06
0.01250110591
1.886809203e-05
2.497793868e-06
0.01250462582
2.732910221e-05
4.605344949e-06
0.01251277214
3.764789803e-05
7.952803809e-06
0.01253113736
4.897846893e-05
1.291800739e-05
0.01255266109
5.184016652e-05
1.455616479e-05
0.01256718993
3.919114177e-05
1.056585457e-05
0.01257174365
1.684387951e-05
3.94849381e-06
0.01256799123
-7.573855447e-06
-2.526209344e-06
0.01255510851
-2.953293885e-05
-9.139289094e-06
0.01253559761
-4.440756592e-05
-1.549487592e-05
0.01251599414
-4.671362863e-05
-1.742418799e-05
0.0125069574
-3.710817752e-05
-1.348681933e-05
0.01250457075
-2.341472767e-05
-8.802298533e-06
0.01250347046
-1.519646219e-05
-6.157417883e-06
0.01250303526
-1.053106785e-05
-4.693318543e-06
0.0125031412
-6.763966795e-06
-3.751883484e-06
0.01250328387
-3.882546788e-06
-3.134097929e-06
0.01250338959
-2.023247903e-06
-2.913719669e-06
0.01250346132
-8.002191649e-07
-2.783174953e-06
0.01250353035
3.943680969e-08
-2.742678153e-06
0.01250358823
6.796676847e-07
-2.755709927e-06
0.01250363724
1.090840753e-06
-2.794466146e-06
0.01250367503
1.397137206e-06
-2.842693101e-06
0.0125037086
1.583569162e-06
-2.902568816e-06
0.01250372929
1.743346253e-06
-2.962937564e-06
0.01250378973
1.817702294e-06
-3.032839788e-06
1.876373479e-06
-3.13405936e-06
0.01250006611
8.346347641e-07
3.411110428e-08
0.01250026982
2.513244172e-06
1.069433565e-07
0.01250067733
4.513367116e-06
2.275215242e-07
0.01250143106
7.086409693e-06
4.420086204e-07
0.01250281247
1.047859471e-05
8.210628526e-07
0.01250530257
1.486550739e-05
1.453825355e-06
0.01250976746
2.029913835e-05
2.474624982e-06
0.0125172088
2.61766397e-05
3.907501695e-06
0.01252907657
3.129712716e-05
5.640224974e-06
0.01254250416
3.185977952e-05
6.277432545e-06
0.01255205972
2.435055273e-05
4.885686335e-06
0.01255547165
1.057397302e-05
2.362356166e-06
0.01255275873
-4.989915588e-06
-4.684344582e-07
0.01254413281
-1.854684909e-05
-3.074846107e-06
0.01253162594
-2.787550415e-05
-4.892270353e-06
0.01251952798
-3.081417846e-05
-4.863973608e-06
0.01251178148
-2.703865045e-05
-3.596517814e-06
0.01250820392
-1.941610512e-05
-1.890796884e-06
0.01250611094
-1.36630565e-05
-1.105422143e-06
0.01250471476
-1.007701589e-05
-8.57965174e-07
0.01250393455
-7.189152883e-06
-7.24184443e-07
0.01250350716
-4.852769425e-06
-6.225350284e-07
0.01250324426
-3.246619258e-06
-5.590032057e-07
0.01250307171
-2.141057829e-06
-5.154859096e-07
0.01250296459
-1.38344161e-06
-4.654247174e-07
0.01250289701
-8.0526832e-07
-4.160700189e-07
0.01250285126
-4.23257681e-07
-3.658047528e-07
0.01250281866
-1.259974125e-07
-3.084256896e-07
0.01250279426
5.429794992e-08
-2.507792726e-07
0.01250277231
2.141555256e-07
-1.881877519e-07
0.01250274507
3.008876043e-07
-1.385828929e-07
3.995902667e-07
-1.036781695e-07
0.01250013862
6.709679711e-07
2.306283623e-08
0.012500555
2.019015274e-06
7.169581214e-08
0.01250132486
3.583615874e-06
1.484694717e-07
0.01250258961
5.524100141e-06
2.786324825e-07
0.01250457987
7.96283009e-06
4.954822309e-07
0.01250762532
1.093778315e-05
8.359696581e-07
0.01251217755
1.434021182e-05
1.337408038e-06
0.01251860107
1.768012549e-05
1.974280129e-06
0.01252706373
2.005400548e-05
2.640995559e-06
0.01253610091
1.971785535e-05
2.907342127e-06
0.01254282603
1.505238824e-05
2.307806476e-06
0.0125455337
6.484591076e-06
1.050037587e-06
0.01254369449
-3.019575803e-06
-5.43773653e-07
0.01253805534
-1.146945652e-05
-1.929722689e-06
0.01252986136
-1.729557969e-05
-2.980266364e-06
0.01252123309
-1.944843399e-05
-3.460025016e-06
0.01251437773
-1.772885035e-05
-3.306230582e-06
0.01251020827
-1.354854234e-05
-2.707005379e-06
0.01250753084
-9.87594449e-06
-2.237669574e-06
0.012505598
-7.375790491e-06
-1.949054464e-06
0.01250429262
-5.365766597e-06
-1.718688494e-06
0.01250344808
-3.693227899e-06
-1.533073155e-06
0.01250287947
-2.494507461e-06
-1.422410725e-06
0.01250248638
-1.649613766e-06
-1.361192524e-06
0.01250221513
-1.075208502e-06
-1.323504547e-06
0.01250202839
-6.386302367e-07
-1.301428197e-06
0.01250189847
-3.525540409e-07
-1.291719641e-06
0.01250180668
-1.330595062e-07
-1.290409188e-06
0.01250174316
-6.278321214e-09
-1.2974761e-06
0.01250168995
1.068504859e-07
-1.305175318e-06
0.01250165817
1.569468732e-07
-1.323528761e-06
1.885318239e-07
-1.351336945e-06
0.01250018634
4.672121983e-07
1.545510159e-08
0.01250074658
1.405081634e-06
4.767671808e-08
0.01250174894
2.473969714e-06
9.62686835e-08
0.01250331481
3.765585727e-06
1.748760383e-07
0.01250561615
5.335104852e-06
2.991664463e-07
0.01250885859
7.171183444e-06
4.837133388e-07
0.0125132466
9.157295435e-06
7.362239353e-07
0.01251884717
1.096389898e-05
1.032932165e-06
0.01252542638
1.205503187e-05
1.305644091e-06
0.01253201447
1.158688449e-05
1.388959711e-06
0.01253700204
8.777122122e-06
1.087399375e-06
0.01253911189
3.695955116e-06
4.255723939e-07
0.01253785123
-1.717911182e-06
-3.519902938e-07
0.01253375634
-6.693721869e-06
-1.056988263e-06
0.01252772298
-1.014980174e-05
-1.565491763e-06
0.01252107612
-1.156690727e-05
-1.775673268e-06
0.01251526251
-1.090132056e-05
-1.64769388e-06
0.01251113056
-8.83516643e-06
-1.310370465e-06
0.01250821409
-6.732136707e-06
-1.025184552e-06
0.01250601988
-5.146703992e-06
-8.650528126e-07
0.01250442676
-3.853224903e-06
-7.838441735e-07
0.01250332091
-2.751448659e-06
-7.328740572e-07
0.01250255752
-1.945428569e-06
-7.142491157e-07
0.01250201678
-1.346447549e-06
-7.088183595e-07
0.01250164167
-9.539671507e-07
-7.044829773e-07
0.01250137861
-6.389210871e-07
-6.99072979e-07
0.01250119871
-4.433832233e-07
-6.940416532e-07
0.01250107071
-2.779892605e-07
-6.843703231e-07
0.01250097956
-1.901817993e-07
-6.756290368e-07
0.01250091248
-1.065824859e-07
-6.583417121e-07
0.01250085648
-6.861401643e-08
-6.450761218e-07
-3.055606487e-08
-6.323587811e-07
0.01250021527
2.392464306e-07
1.077335005e-08
0.01250086221
7.192557526e-07
3.297784608e-08
0.01250199983
1.260515174e-06
6.513906192e-08
0.0125037291
1.904404065e-06
1.149180581e-07
0.0125061773
2.671401284e-06
1.899479742e-07
0.01250946971
3.546011771e-06
2.956218021e-07
0.01251367991
4.463156013e-06
4.312219426e-07
0.01251873891
5.253347852e-06
5.785723692e-07
0.01252429329
5.704107306e-06
6.977819168e-07
0.01252965313
5.381954541e-06
7.147914614e-07
0.01253361517
4.111094735e-06
5.352472806e-07
0.01253529119
1.638964226e-06
1.681126069e-07
0.01253439121
-8.244348179e-07
-2.512864825e-07
0.01253117398
-3.118890377e-06
-6.693595242e-07
0.0125263488
-4.714085742e-06
-9.835243167e-07
0.01252089563
-5.407886414e-06
-1.14634901e-06
0.01251582303
-5.186090395e-06
-1.15284426e-06
0.01251177789
-4.313317472e-06
-1.055215233e-06
0.01250870838
-3.335778161e-06
-9.608340609e-07
0.01250634657
-2.553357832e-06
-9.04925568e-07
0.01250456824
-1.912730109e-06
-8.63008066e-07
0.01250329105
-1.367929523e-06
-8.280231893e-07
0.01250238404
-9.696755726e-07
-8.046358649e-07
0.01250174004
-6.564646399e-07
-7.917328113e-07
0.01250127467
-4.592661789e-07
-7.809001467e-07
0.0125009491
-2.986155539e-07
-7.722659499e-07
0.01250071469
-2.032949937e-07
-7.674991013e-07
0.0125005527
-1.196826453e-07
-7.632449359e-07
0.01250042968
-7.724362885e-08
-7.622104367e-07
0.01250034058
-3.787341428e-08
-7.611806462e-07
0.01250026674
-1.98793513e-08
-7.625024057e-07
-7.224729933e-09
-7.65929991e-07
0.01250022878
8.561101675e-09
0.01250091614
2.60661964e-08
0.0125021154
5.072875339e-08
0.01250391549
8.771664748e-08
0.01250642066
1.41510759e-07
0.01250971666
2.144416743e-07
0.01251382646
3.034366585e-07
0.01251861727
3.940842953e-07
0.01252377099
4.590028149e-07
0.01252858367
4.479080094e-07
0.01253220557
3.372791313e-07
0.0125336403
-1.171540857e-09
0.01253281107
-2.319376165e-07
0.01252992821
-5.191693225e-07
0.01252562339
-7.463788036e-07
0.01252069205
-8.71951589e-07
0.01251594455
-8.943595601e-07
0.01251195986
-8.418671975e-07
0.01250883649
-7.7378487e-07
0.01250640976
-7.236571587e-07
0.01250456341
-6.893386469e-07
0.0125032147
-6.607073134e-07
0.01250223586
-6.467903767e-07
0.01250154684
-6.356977124e-07
0.01250104704
-6.308557967e-07
0.01250070047
-6.276788625e-07
0.01250044858
-6.268434647e-07
0.01250027543
-6.260320404e-07
0.01250014395
-6.255663937e-07
0.01250004866
-6.245750112e-07
0.01249997003
-6.241316841e-07
-6.231823364e-07
0.01250022898
-2.378083134e-07
2.003886411e-08
0.01250091687
-7.147078352e-07
6.096433547e-08
0.01250211711
-1.251755247e-06
1.166988632e-07
0.01250391864
-1.889262872e-06
1.979808434e-07
0.01250642529
-2.646358051e-06
3.142252357e-07
0.0125097215
-3.505990582e-06
4.706813387e-07
0.01251382753
-4.401726949e-06
6.624875555e-07
0.01251860727
-5.165037329e-06
8.632046975e-07
0.01252373857
-5.587133009e-06
1.021922237e-06
0.01252852
-5.248005162e-06
1.048783208e-06
0.01253211218
-3.989889772e-06
8.939005181e-07
0.01253352333
-1.571031316e-06
3.555482857e-07
0.0125326969
8.31703913e-07
-1.868643814e-08
0.01252983102
3.069263659e-06
-4.720342391e-07
0.01252555211
4.624233961e-06
-8.032635456e-07
0.01252065055
5.300791725e-06
-9.404569602e-07
0.01251592898
5.089462915e-06
-8.856343005e-07
0.01251195667
4.252055198e-06
-6.998254913e-07
0.01250883507
3.309368011e-06
-5.009376171e-07
0.01250641154
2.541449894e-06
-3.553960143e-07
0.01250456805
1.911767281e-06
-2.551272148e-07
0.01250322305
1.375336822e-06
-1.811925346e-07
0.01250224895
9.818360591e-07
-1.353498136e-07
0.01250156228
6.754026084e-07
-9.926877411e-08
0.01250106501
4.785145414e-07
-8.552721954e-08
0.01250072145
3.189919615e-07
-8.002859778e-08
0.01250047162
2.244905232e-07
-7.829228576e-08
0.01250030055
1.416440118e-07
-7.749827717e-08
0.01250017137
9.965645492e-08
-7.848927658e-08
0.0125000784
6.036731943e-08
-7.968969142e-08
0.01250000204
4.196832116e-08
-8.108963412e-08
2.924804001e-08
-8.389781828e-08
0.0125002157
-4.642242463e-07
2.420255604e-08
0.0125008639
-1.395622459e-06
7.396731897e-08
0.01250200385
-2.455506588e-06
1.438461452e-07
0.01250373672
-3.733057884e-06
2.49286604e-07
0.01250618942
-5.279963431e-06
4.056100168e-07
0.0125094855
-7.080618588e-06
6.237620163e-07
0.01251369443
-9.013743516e-06
9.029427241e-07
0.0125187412
-1.075047703e-05
1.209247865e-06
0.01252426518
-1.176196869e-05
1.467950098e-06
0.01252957782
-1.124056612e-05
1.543813004e-06
0.0125334973
-8.469014669e-06
1.274774692e-06
0.01253514456
-3.50591485e-06
6.669541721e-07
0.01253424715
1.746513899e-06
-2.72306772e-08
0.01253105295
6.575726113e-06
-7.034372279e-07
0.01252626614
9.92471276e-06
-1.176425481e-06
0.01252085661
1.129588723e-05
-1.361851285e-06
0.01251581539
1.065629741e-05
-1.254808471e-06
0.01251177885
8.674005899e-06
-9.613872279e-07
0.0125087084
6.636514371e-06
-6.907671075e-07
0.01250634916
5.073020613e-06
-5.243194977e-07
0.01250457463
3.801963898e-06
-4.123870064e-07
0.01250329977
2.721496231e-06
-3.234445261e-07
0.01250239489
1.930142164e-06
-2.670934239e-07
0.01250175411
1.340367384e-06
-2.349907058e-07
0.01250129223
9.526262159e-07
-2.142155824e-07
0.01250097049
6.45174024e-07
-2.000829973e-07
0.0125007395
4.550021867e-07
-1.903547208e-07
0.01250058031
2.972769021e-07
-1.820249416e-07
0.01250046017
2.132658068e-07
-1.741000546e-07
0.0125003742
1.368193602e-07
-1.639404147e-07
0.01250030071
1.035782349e-07
-1.555161844e-07
7.642735014e-08
-1.448384692e-07
0.0125001873
-6.662292374e-07
3.298195775e-08
0.01250075047
-2.004006161e-06
1.015164044e-07
0.01250175835
-3.553658688e-06
2.022773001e-07
0.0125033332
-5.469732309e-06
3.619253688e-07
0.01250564676
-7.866804448e-06
6.107270825e-07
0.01250890273
-1.077322593e-05
9.764807169e-07
0.01251329762
-1.406491685e-05
1.472551559e-06
0.01251888678
-1.724855055e-05
2.051994383e-06
0.01252540766
-1.941274946e-05
2.581851863e-06
0.01253189821
-1.892948871e-05
2.773255029e-06
0.01253681345
-1.43673532e-05
2.293857957e-06
0.0125388801
-6.063402813e-06
1.176102711e-06
0.01253763436
3.072455632e-06
-1.35561459e-07
0.01253358262
1.123892567e-05
-1.327669417e-06
0.01252762961
1.683639602e-05
-2.1314486e-06
0.01252107077
1.891994673e-05
-2.384514771e-06
0.01251531801
1.732723847e-05
-2.037128299e-06
0.01251117669
1.343781382e-05
-1.319597057e-06
0.01250823687
9.947494674e-06
-7.354157506e-07
0.0125060386
7.491550944e-06
-4.119861565e-07
0.01250444055
5.517200039e-06
-2.061196849e-07
0.012503335
3.871098085e-06
-6.544936733e-08
0.01250256874
2.690414743e-06
2.4918312e-08
0.01250202899
1.852546764e-06
5.144442619e-08
0.01250165384
1.281903956e-06
6.6559396e-08
0.01250139223
8.483723309e-07
7.247352913e-08
0.0125012124
5.640931334e-07
7.136581273e-08
0.01250108617
3.444491348e-07
6.10136155e-08
0.01250099563
2.152243924e-07
5.092326232e-08
0.01250093028
1.065469296e-07
3.253765635e-08
0.01250087645
5.640845817e-08
1.906877789e-08
1.154212098e-08
-3.601315755e-09
0.01250014049
-8.278895366e-07
4.717537728e-08
0.01250056295
-2.492014427e-06
1.463067738e-07
0.01250134449
-4.46964745e-06
2.997482136e-07
0.01250262909
-7.003800969e-06
5.558245433e-07
0.01250464894
-1.032468099e-05
9.771841837e-07
0.01250773227
-1.458581944e-05
1.632040163e-06
0.01251231657
-1.979320108e-05
2.581109851e-06
0.01251874252
-2.532229537e-05
3.764150431e-06
0.01252708513
-2.987284824e-05
4.953735065e-06
0.01253591282
-3.002419956e-05
5.429622015e-06
0.01254250279
-2.279975418e-05
4.45893027e-06
0.01254511536
-9.534408583e-06
2.259530586e-06
0.01254331367
5.076628003e-06
-3.505318543e-07
0.01253775277
1.802958172e-05
-2.70536136e-06
0.01252969965
2.676144196e-05
-4.332819256e-06
0.01252119932
2.945006551e-05
-4.877695241e-06
0.01251446921
2.571809549e-05
-4.240610811e-06
0.01251029946
1.868713309e-05
-2.916252314e-06
0.01250758972
1.332719719e-05
-1.943539316e-06
0.01250564382
9.87200094e-06
-1.418130251e-06
0.01250432375
7.102046305e-06
-1.041961866e-06
0.01250347216
4.858725252e-06
-7.518620512e-07
0.01250290443
3.327063643e-06
-5.843632449e-07
0.0125025145
2.279125697e-06
-4.905908607e-07
0.01250224766
1.573779124e-06
-4.277871626e-07
0.01250206399
1.052323039e-06
-3.754842628e-07
0.01250193684
7.133769144e-07
-3.344200734e-07
0.01250184723
4.547053924e-07
-2.924512285e-07
0.012501783
3.035296635e-07
-2.561655682e-07
0.01250173619
1.771372613e-07
-2.103590856e-07
0.01250170258
1.168434078e-07
-1.783109493e-07
5.821645678e-08
-1.348113494e-07
0.01250006988
-9.282744902e-07
6.76466196e-08
0.01250028464
-2.802045832e-06
2.116430352e-07
0.01250071477
-5.100840501e-06
4.465389552e-07
0.01250150943
-8.185490906e-06
8.598037667e-07
0.01250295681
-1.248130246e-05
1.581498747e-06
0.0125055455
-1.841101316e-05
2.773586751e-06
0.01251012771
-2.641138598e-05
4.643184184e-06
0.01251764903
-3.589576937e-05
7.155027898e-06
0.01252921328
-4.550272499e-05
9.982745089e-06
0.01254221574
-4.748494404e-05
1.111503502e-05
0.01255159743
-3.574865559e-05
8.924833591e-06
0.0125549254
-1.433202703e-05
4.362816024e-06
0.01255223561
8.562444239e-06
-6.905360435e-07
0.01254378616
2.935749856e-05
-5.292074926e-06
0.01253180281
4.280870457e-05
-8.23880944e-06
0.01251988923
4.589610224e-05
-8.53816355e-06
0.01251211101
3.702151058e-05
-6.065910671e-06
0.01250837675
2.459904945e-05
-2.847789103e-06
0.01250622599
1.684898425e-05
-1.125880547e-06
0.01250478803
1.22672527e-05
-4.42578983e-07
0.012503961
8.597649222e-06
5.8687596e-09
0.01250350546
5.739918499e-06
3.464427048e-07
0.01250322453
3.858762274e-06
5.21717999e-07
0.01250304713
2.586373903e-06
5.76269264e-07
0.01250293898
1.720154826e-06
5.78989016e-07
0.01250286962
1.08710883e-06
5.563456014e-07
0.01250282349
6.620737807e-07
5.17873388e-07
0.0125027918
3.411186027e-07
4.644086034e-07
0.01250277008
1.436627948e-07
4.124373206e-07
0.01250275108
-2.303200813e-08
3.506137885e-07
0.01250274183
-1.177076212e-07
3.038464595e-07
-1.866637697e-07
2.222303711e-07
0.01249997743
-9.48131367e-07
9.35281231e-08
0.01249990399
-2.863773039e-06
2.988239916e-07
0.01249982292
-5.314135208e-06
6.515644642e-07
0.01249983794
-8.790966648e-06
1.306523212e-06
0.01250023318
-1.401082879e-05
2.527976197e-06
0.01250163844
-2.190351792e-05
4.693787254e-06
0.01250555259
-3.396262621e-05
8.433034688e-06
0.01251419582
-5.023066449e-05
1.393251267e-05
0.01253177494
-7.084072028e-05
2.106854707e-05
0.01255242314
-7.671241563e-05
2.372099207e-05
0.01256660335
-5.69129868e-05
1.837196513e-05
0.01257095269
-2.189052932e-05
8.054591214e-06
0.01256732906
1.322574296e-05
-2.643084151e-06
0.01255416236
4.782602921e-05
-1.327373005e-05
0.01253539345
6.79834249e-05
-2.079898699e-05
0.0125169463
7.119876779e-05
-2.288451355e-05
0.01250799409
5.129596061e-05
-1.686828575e-05
0.01250515637
3.024927391e-05
-9.447455125e-06
0.01250390386
1.942436266e-05
-5.449708059e-06
0.01250337223
1.352031407e-05
-3.586215959e-06
0.01250337575
9.03426265e-06
-2.390996763e-06
0.01250348065
5.990847964e-06
-1.647909295e-06
0.01250356471
4.170465568e-06
-1.23459248e-06
0.01250363394
3.010559105e-06
-1.000266256e-06
0.01250369691
2.235812669e-06
-8.284556486e-07
0.01250373955
1.697891783e-06
-6.807227369e-07
0.01250377421
1.325863074e-06
-5.520732868e-07
0.01250379667
1.05949879e-06
-4.299353177e-07
0.01250381571
8.914372479e-07
-3.313397405e-07
0.01250382761
7.655257588e-07
-2.209800258e-07
0.01250385338
6.811433126e-07
-1.43912997e-07
6.298397439e-07
-4.302643692e-08
0.01249985705
-8.625332849e-07
1.257721955e-07
0.01249942474
-2.615413311e-06
4.045178706e-07
0.01249865574
-4.960114638e-06
9.126033132e-07
0.01249750346
-8.510456032e-06
1.913051612e-06
0.01249607056
-1.435177052e-05
3.929570922e-06
0.01249491008
-2.421591711e-05
7.798192199e-06
0.01249632396
-4.174715124e-05
1.535875317e-05
0.01250533418
-6.958914094e-05
2.77769904e-05
0.01253489276
-0.0001160540726
4.665316504e-05
0.01256964398
-0.0001280714142
5.182304707e-05
0.0125924786
-8.736409522e-05
3.906312972e-05
0.01259678926
-2.603642162e-05
1.791092244e-05
0.01259219492
2.841027875e-05
-7.769485898e-07
0.0125691856
8.977354776e-05
-2.125000963e-05
0.0125378103
0.0001244965812
-3.241517725e-05
0.01250880943
0.0001206140139
-3.394037188e-05
0.01250129321
7.403842138e-05
-1.923477303e-05
0.01250035983
4.17841327e-05
-7.422034873e-06
0.01250044683
2.720877279e-05
-2.697219491e-06
0.01250125784
1.852030788e-05
-2.573278003e-07
0.01250239108
1.206558685e-05
1.636761405e-06
0.01250320613
8.249003676e-06
2.660233704e-06
0.01250376679
6.003761368e-06
3.013699863e-06
0.01250417645
4.573379384e-06
3.065613014e-06
0.012504458
3.626655373e-06
2.991412573e-06
0.01250464347
2.988747837e-06
2.861976554e-06
0.01250477636
2.568258822e-06
2.702867691e-06
0.01250486824
2.263656966e-06
2.540844812e-06
0.01250493997
2.084178686e-06
2.386879605e-06
0.01250498225
1.953695386e-06
2.232302478e-06
0.01250503645
1.885957437e-06
2.088437163e-06
1.84569301e-06
1.886993824e-06
0.01249972683
-6.621937305e-07
1.585911757e-07
0.01249889202
-2.018228097e-06
5.154961528e-07
0.01249728605
-3.905789772e-06
1.204584504e-06
0.0124945243
-6.990453752e-06
2.641195933e-06
0.01249004958
-1.25289175e-05
5.804218078e-06
0.01248376571
-2.378811104e-05
1.257836877e-05
0.01247736592
-4.612634042e-05
2.757841307e-05
0.01248574327
-9.339283174e-05
5.705201266e-05
0.01254887396
-0.0002038134408
0.0001105041089
0.01261387167
-5.821219798e-05
0.000117322899
-1.866347494e-05
-1.499289205e-05
-2.689001301e-05
-2.81212141e-05
-6.19801027e-05
-5.261476107e-05
-4.891736817e-05
0.01266104588
-5.314834993e-05
8.070897352e-05
-1.453103863e-05
-8.577814475e-06
-2.280445238e-05
-9.164016815e-06
-3.593624502e-05
-4.214807669e-05
-2.893728266e-05
0.01265582461
-1.551040305e-05
2.473847881e-05
-4.816291819e-06
-3.331024248e-06
3.964569629e-06
6.008883408e-06
-8.503643294e-06
-1.584355205e-05
-7.522174503e-06
0.01266119727
1.828725953e-06
-1.927875774e-05
-2.366267209e-06
3.341249505e-07
8.88637176e-06
1.165115406e-05
9.160252321e-06
2.530560505e-06
1.02914524e-05
0.01261208247
2.763942615e-05
-7.441707359e-05
5.033763324e-06
1.211466171e-05
2.503784046e-05
3.872141177e-05
4.624054986e-05
2.368062524e-05
3.483714904e-05
0.01254346713
5.371113693e-05
-0.0001072534955
1.356989339e-05
1.27605165e-05
4.20016225e-05
4.238353632e-05
5.22112765e-05
4.175602421e-05
4.197140882e-05
0.01248957952
0.0002050982372
-0.0001021767666
0.01248887491
9.256093726e-05
-4.686904488e-05
0.01249243573
4.877858353e-05
-1.533536076e-05
0.01249642618
3.626632066e-05
-5.135992066e-06
0.01250038442
2.784491808e-05
-1.650150609e-06
0.01250280278
2.3127623e-05
7.694692191e-07
0.01250417659
2.090572771e-05
1.999450493e-06
0.01250508184
1.972991708e-05
2.616403236e-06
0.01250570327
1.897950656e-05
3.060712026e-06
0.01250611173
1.850825432e-05
3.437321966e-06
0.01250637414
1.818677471e-05
3.756301118e-06
0.01250655275
1.798445635e-05
4.018560717e-06
0.01250667238
1.78264597e-05
4.23680144e-06
0.01250676442
1.772861338e-05
4.445310526e-06
0.01250682715
1.764781471e-05
4.626134348e-06
0.01250688806
1.759978247e-05
4.801265141e-06
1.757090284e-05
4.888516237e-06
0.01249961041
-3.592328673e-07
1.857236566e-07
0.01249841145
-1.102228349e-06
6.115024843e-07
0.01249597401
-2.160559088e-06
1.456402103e-06
0.01249139481
-4.009215063e-06
3.342698481e-06
0.01248247851
-7.517843932e-06
7.726482043e-06
0.01246602151
-1.645064795e-05
1.875717765e-05
0.01243616604
-3.862571971e-05
4.739795417e-05
0.01243707959
-2.317825337e-05
0.0001161177199
-1.535244909e-05
-2.732339844e-05
-2.077416915e-05
-3.747826944e-05
-3.567671373e-05
-2.014949059e-05
-3.049135585e-05
0.003144837006
-7.515104659e-05
0.0003033102464
-5.338308e-05
-6.282908486e-05
-9.343606267e-05
-0.0001514199798
-0.0001030738946
-5.812635769e-05
-6.661048913e-05
0.00315430059
0.003146382132
0.003148466164
-7.083097012e-05
0.003155918651
-7.206073878e-05
7.359786578e-05
-7.79915459e-05
0.003205766518
-6.354406592e-05
5.935341615e-05
-0.003176732672
-1.991374563e-05
-0.003205149159
0.003195737557
-5.746414482e-06
1.956136073e-05
-1.876556435e-05
-0.003190009582
0.003195271132
1.043278003e-05
4.899960552e-06
4.805559388e-06
-0.003204460283
0.003206056803
4.314030657e-05
-2.190296092e-05
4.645040897e-05
-0.003178622878
0.003156802056
8.362863474e-05
-5.454708258e-05
0.01244604509
0.0001012734668
-0.0002732297595
5.433481499e-05
3.93761871e-05
0.0001240819971
9.870573393e-05
9.041292996e-05
5.748991301e-05
4.628039984e-05
-0.003139246307
-0.003151118106
-0.003144833012
-0.0031444751
0.01246111022
4.570485919e-05
-0.0001159071567
1.219195919e-05
1.317395077e-05
4.597432887e-05
2.281936045e-05
3.123735264e-05
1.363571805e-05
8.665446106e-06
0.01246845189
4.657639552e-05
-5.666295051e-05
0.01248193482
3.025790239e-05
-3.39274494e-05
0.01249148465
1.862208208e-05
-2.273894364e-05
0.01249660527
1.385558788e-05
-1.753365145e-05
0.01249980914
1.178839238e-05
-1.585980715e-05
0.01250176051
1.076460454e-05
-1.570172498e-05
0.01250292843
1.02468786e-05
-1.599962296e-05
0.01250367075
1.000298883e-05
-1.64091006e-05
0.01250415314
9.91073945e-06
-1.684890986e-05
0.01250448535
9.920795593e-06
-1.726689998e-05
0.01250470499
9.967704973e-06
-1.765843036e-05
0.01250486949
1.003497883e-05
-1.799837007e-05
0.0125049829
1.010415377e-05
-1.83184382e-05
0.01250510629
1.017322241e-05
-1.858271496e-05
1.024787929e-05
-1.884245617e-05
0.01249954389
2.581438477e-09
2.010655785e-07
0.01249812029
7.763909969e-09
6.655134888e-07
0.01249517192
1.256742727e-08
1.600972113e-06
0.012489282
1.6791934e-08
3.745037337e-06
0.01247702353
1.220505948e-08
8.890521144e-06
0.01244655716
-1.674330421e-08
2.339028924e-05
0.003093360177
-2.471040168e-07
6.564579811e-05
-5.443156316e-06
-1.043978065e-05
-6.975826991e-06
-8.84048525e-06
0.003088406117
0.003098299042
0.003094166663
-3.114321401e-05
0.003075652593
-1.659010569e-05
4.226265029e-05
-0.000185002556
0.003087038666
-7.350822497e-05
0.0001611228302
-0.003064801761
-6.073610915e-05
0.003222413464
-6.567083291e-05
0.0001852132999
-0.003184169465
-3.323265507e-05
-8.527161755e-05
-4.888095677e-05
7.033487251e-05
-6.472591755e-05
-0.00321094502
0.003253983939
-3.681185382e-05
0.0001089505022
-2.894066764e-05
-5.4841961e-05
-3.26715427e-05
6.600252484e-05
-5.521438588e-06
0.003214210281
-1.598024744e-06
1.350929628e-05
-0.003236507792
6.289771313e-06
4.416755039e-06
1.100471106e-05
-5.803557763e-06
-1.008342029e-06
-0.003204030135
0.003214215993
6.370383897e-06
-1.939273663e-05
3.337241885e-06
1.093903256e-05
1.211906889e-05
-2.255050798e-05
2.582633544e-06
-0.003237467812
0.003254122341
2.570380107e-05
-7.796554941e-05
2.984485254e-05
1.87383421e-05
4.166261956e-05
-5.722122437e-05
4.276355854e-05
-0.003214038484
0.003223388916
5.466316063e-05
-0.0001624238628
3.699344704e-05
6.144705369e-05
6.313227398e-05
-0.0001059260657
0.0003376381229
-0.0031850463
0.003078559639
9.343120567e-05
-0.0002233092019
4.93242243e-05
-0.003065875217
0.003081683318
2.363280506e-05
-4.306025781e-05
0.012448611
-1.982047426e-05
-0.0001045943284
2.209610191e-05
-1.553538908e-06
5.564932256e-05
3.609756573e-05
-0.003097424463
-0.003085854996
-0.003105164255
-0.003101465525
0.01248316766
-2.378638477e-05
-4.883354214e-05
0.0124927342
-1.807916111e-05
-3.233683447e-05
0.01249719099
-1.406496148e-05
-2.745376337e-05
0.01249967838
-1.174018638e-05
-2.517015113e-05
0.01250106389
-1.000774107e-05
-2.39290933e-05
0.01250187382
-8.711083395e-06
-2.309215248e-05
0.012502394
-7.766376244e-06
-2.251856387e-05
0.01250273
-7.032054718e-06
-2.20116443e-05
0.01250294784
-6.441284e-06
-2.159487727e-05
0.01250309047
-5.949073247e-06
-2.122130822e-05
0.01250319289
-5.526474806e-06
-2.089642086e-05
0.01250326841
-5.156939429e-06
-2.055783712e-05
0.01250331851
-4.859762207e-06
-2.032840387e-05
-4.420949877e-06
-1.993962832e-05
0.01249954391
3.643232837e-07
2.005254093e-07
0.01249812058
1.11746047e-06
6.637062561e-07
0.01249517173
2.185495485e-06
1.597173096e-06
0.01248928156
4.043489112e-06
3.735095303e-06
0.01247700541
7.548388384e-06
8.870784888e-06
0.0124464278
1.648813334e-05
2.332437023e-05
0.003088141509
3.861668052e-05
6.564572957e-05
-6.890713861e-06
-8.7163387e-06
-5.318681275e-06
-1.027341714e-05
0.003092976788
0.00309397254
0.003098026598
-3.44554681e-05
2.056008821e-07
0.003055572199
1.643642447e-05
5.038275228e-05
-8.410793558e-05
3.311635801e-06
0.00306949239
7.281673124e-05
0.0002729947741
-0.0001224815662
-6.880730365e-05
-0.0001189804989
-0.003024238226
-0.0001066290498
-8.094113719e-07
0.003266765111
6.2752537e-05
0.0002706694451
-6.38918689e-05
-0.0001340130567
-8.717256931e-05
-0.003207671138
-1.559190937e-05
-2.31421192e-07
-0.003213002815
0.003173103927
3.635475865e-05
0.0001135232327
-1.058226245e-05
-4.641912498e-05
-3.715439095e-05
9.880129764e-06
2.405391686e-07
0.003111820673
1.83206954e-06
2.223674204e-05
-0.00313698131
6.956963778e-06
-9.285700584e-06
-6.700113627e-06
1.371299081e-05
2.87182144e-06
-0.003100701236
0.003107406847
-7.481778244e-06
-1.231432377e-05
7.357663505e-06
-4.999835872e-06
-5.852154301e-06
1.802162038e-05
-0.003131785459
-1.371221668e-07
0.003167373387
-2.556481856e-05
-7.114449339e-05
2.39345852e-05
1.97802656e-06
1.732427664e-05
3.571295921e-05
6.897262475e-07
-0.003210254263
0.003265391704
-5.510109515e-05
-0.0001715359229
5.931656541e-05
2.945456918e-05
4.632575152e-05
0.0001590052444
-0.003205116129
5.679441805e-06
0.00305546131
-9.354104259e-05
-0.0003132670768
0.0001416526356
0.0001339628319
0.0001161627806
1.57222407e-06
-0.003016965728
1.376539233e-05
0.003064947323
-1.550377072e-05
-4.781542104e-05
0.0124346021
-3.896248859e-05
-5.414106292e-05
-1.646420041e-05
-3.471436107e-05
4.068771889e-05
2.515355618e-05
-0.003079814106
-0.003095415322
-0.003099235834
-0.003101516448
0.01247598295
-1.369646768e-05
9.872455201e-06
0.01248657235
-7.041013741e-06
3.562086282e-05
0.01249155665
-5.742941589e-06
4.34890257e-05
0.01249380419
-5.053593003e-06
4.638158959e-05
0.0124944912
-4.635072224e-06
4.769524865e-05
0.01249436138
-4.378365977e-06
4.824849623e-05
0.01249382317
-4.22388954e-06
4.833988607e-05
0.01249304765
-4.075927968e-06
4.825573945e-05
0.01249213713
-3.940991269e-06
4.808789832e-05
0.01249115406
-3.817209707e-06
4.78829793e-05
0.01249013026
-3.703574644e-06
4.766137633e-05
0.01248911046
-3.588575793e-06
4.742330581e-05
0.01248798463
-3.525000269e-06
4.726270799e-05
-3.402722798e-06
4.713720218e-05
0.0124996106
6.669868401e-07
1.842082803e-07
0.01249841233
2.032541024e-06
6.065834083e-07
0.01249597444
3.929726998e-06
1.445327794e-06
0.01249139269
7.024472175e-06
3.319271974e-06
0.01248243831
1.257089083e-05
7.667999746e-06
0.01246583708
2.38657749e-05
1.865873471e-05
0.0124350065
4.626003174e-05
4.719917379e-05
0.01243586231
9.37443603e-05
0.0001156693251
-2.043510392e-05
-3.700414468e-05
-1.485859232e-05
-2.714653771e-05
-2.338033516e-05
-3.625233559e-05
-2.024253919e-05
-3.094990627e-05
0.003155453154
0.0002071384405
0.000307459594
-9.481222155e-05
-0.0001554152069
-5.410250192e-05
-6.44999925e-05
-7.592969615e-05
-0.0001053530107
-5.879352917e-05
-6.731467005e-05
0.003145822973
0.003149135093
0.003147073883
-0.0001203509908
-6.982197227e-05
0.003168826449
7.276662575e-05
0.0001040330426
-0.0001280880086
-6.722061804e-05
0.003236884153
6.454045467e-05
8.114476151e-05
-0.00318726074
-5.915683549e-06
5.004810097e-06
-0.003227655194
0.003207959486
6.873285127e-06
1.373329512e-05
-1.148023913e-05
2.164732404e-05
-0.003199326978
0.003206835178
-9.462153943e-06
-8.213132572e-06
2.638849027e-05
5.618301666e-05
-0.003225759434
0.003235022814
-4.215679542e-05
-4.967808952e-05
9.819704059e-05
0.0001051434052
-0.003186684858
0.003164587279
-8.265812621e-05
-9.858474027e-05
0.01244107412
-0.000199360294
-0.0002686955807
0.0001240081902
9.817791974e-05
5.232719722e-05
3.705300487e-05
0.0001002453381
8.787693408e-05
5.739346305e-05
4.655080002e-05
-0.003150095418
-0.003138302676
-0.003143818833
-0.003144434172
0.01245994863
-8.882365268e-05
-0.0001069461768
4.163785658e-05
1.258875114e-05
1.348248672e-05
1.432179215e-05
4.45511058e-05
2.419180481e-05
1.652136344e-05
9.600169946e-06
0.01247422821
-4.469982096e-05
-4.310905368e-05
0.01248669199
-3.358753596e-05
-2.435649056e-05
0.01249601436
-2.377104284e-05
-1.638597269e-05
0.01250015989
-1.761582989e-05
-1.295335377e-05
0.01250229963
-1.456872086e-05
-1.169890379e-05
0.01250355405
-1.308953334e-05
-1.089019647e-05
0.01250427656
-1.231182832e-05
-1.026132013e-05
0.01250469764
-1.187989581e-05
-9.821336898e-06
0.01250494764
-1.163643794e-05
-9.451428903e-06
0.01250509998
-1.1514168e-05
-9.111111429e-06
0.01250519471
-1.14589324e-05
-8.798208692e-06
0.01250525188
-1.143591722e-05
-8.509631691e-06
0.01250529031
-1.143385118e-05
-8.244302685e-06
0.01250525488
-1.141725564e-05
-7.993417416e-06
-1.138956571e-05
-7.751743467e-06
0.01249972719
8.668433713e-07
1.563379273e-07
0.01249889332
2.628305988e-06
5.082824432e-07
0.01249728801
4.981906868e-06
1.189067205e-06
0.01249452428
8.541405842e-06
2.610074994e-06
0.01249002839
1.439409626e-05
5.738605101e-06
0.01248369091
2.427301497e-05
1.244719586e-05
0.01247705272
4.184870081e-05
2.734242475e-05
0.01248510167
6.981584177e-05
5.670783575e-05
0.0125501888
0.0001170648494
0.0001108726162
0.01261554606
0.0001289874112
0.0001170480076
-2.697421388e-05
-2.740093071e-05
-1.834978256e-05
-1.432222055e-05
-5.894003727e-05
-6.240995542e-05
-5.343195876e-05
-4.956358556e-05
0.01266135208
8.849585511e-05
8.063684227e-05
-2.1505043e-05
-7.994455215e-06
-1.371123545e-05
-7.683419647e-06
-5.405335905e-05
-3.703445043e-05
-4.304965844e-05
-2.990708807e-05
0.01265555396
2.740646115e-05
2.511563555e-05
4.621001811e-06
6.382037319e-06
-3.992009482e-06
-2.577022597e-06
-1.656885491e-05
-9.525828122e-06
-1.670413221e-05
-8.359179578e-06
0.0126607033
-2.708915355e-05
-1.886392841e-05
9.117856919e-06
1.200807072e-05
-1.61972823e-06
1.117570348e-06
8.680102357e-07
8.202484309e-06
1.701264586e-06
9.408215194e-06
0.01261001899
-8.829848746e-05
-7.431104876e-05
2.571555684e-05
3.959854329e-05
6.048887183e-06
1.309988478e-05
2.682011822e-05
4.536080252e-05
2.27623894e-05
3.388766151e-05
0.01254188172
-0.0001230687539
-0.0001073336454
4.242787781e-05
4.231260668e-05
1.446060587e-05
1.330718095e-05
5.276341469e-05
5.137134504e-05
4.065951224e-05
4.123712342e-05
0.01249003222
-0.000118806615
-0.000102392771
0.01248973606
-7.317591399e-05
-4.946158134e-05
0.01249399316
-3.738482983e-05
-1.830245751e-05
0.01249616706
-2.37486681e-05
-1.004253102e-05
0.01249953984
-1.645310712e-05
-5.511462859e-06
0.01250192724
-1.118746726e-05
-2.29773099e-06
0.01250356088
-8.452122832e-06
-6.743000083e-07
0.01250469166
-6.943481288e-06
-2.171318008e-07
0.01250546972
-6.212609439e-06
-3.453479645e-08
0.01250598105
-5.757053576e-06
-6.830159258e-08
0.01250632253
-5.49790197e-06
-1.952851353e-07
0.01250655738
-5.363702568e-06
-3.643492178e-07
0.0125067212
-5.294254261e-06
-5.721757013e-07
0.01250683424
-5.270048591e-06
-7.643229984e-07
0.01250693343
-5.267279146e-06
-1.00148391e-06
0.01250700607
-5.306910071e-06
-1.141575306e-06
-5.397046921e-06
-1.240406392e-06
0.0124998575
9.518473517e-07
1.230878148e-07
0.01249942642
2.874920879e-06
3.959760541e-07
0.01249865909
5.332872452e-06
8.952123876e-07
0.01249750752
8.817508693e-06
1.880167846e-06
0.01249606969
1.404623831e-05
3.867571556e-06
0.01249488756
2.194893869e-05
7.682324068e-06
0.01249623647
3.403552805e-05
1.515679534e-05
0.0125051696
5.034058466e-05
2.749569134e-05
0.0125351511
7.117308445e-05
4.641399753e-05
0.01256999824
7.713200548e-05
5.133313483e-05
0.01259257835
5.736103542e-05
3.838812178e-05
0.01259677539
2.244707385e-05
1.729586767e-05
0.01259213185
-1.265854934e-05
-1.467501101e-06
0.01256887778
-4.71621789e-05
-2.203186845e-05
0.01253760456
-6.736779754e-05
-3.345774663e-05
0.0125088721
-7.037880773e-05
-3.508099604e-05
0.01250052379
-5.054565978e-05
-2.146011271e-05
0.01250027784
-2.865027716e-05
-8.862954939e-06
0.01250051684
-1.83977189e-05
-4.196926325e-06
0.01250160534
-1.312052923e-05
-2.142418341e-06
0.01250292575
-8.690048287e-06
-6.22835273e-07
0.01250377226
-5.721816747e-06
1.901173991e-07
0.01250429518
-3.771024347e-06
4.442111395e-07
0.0125046817
-2.686818884e-06
5.467476123e-07
0.012504948
-1.957750014e-06
6.438680234e-07
0.01250510222
-1.464780867e-06
7.355675378e-07
0.01250519316
-1.163868858e-06
8.16729977e-07
0.01250525105
-9.888938527e-07
9.150563269e-07
0.01250528354
-9.013977154e-07
1.021866042e-06
0.01250531898
-8.668588567e-07
1.138775197e-06
0.01250527197
-8.518509221e-07
1.268370237e-06
-8.321898129e-07
1.460709802e-06
0.0124999779
9.313758819e-07
9.066900485e-08
0.01249990588
2.811269673e-06
2.8981767e-07
0.01249982699
5.116250908e-06
6.339112984e-07
0.01249984434
8.20717422e-06
1.275088955e-06
0.01250024019
1.250966188e-05
2.473142088e-06
0.01250164035
1.84464291e-05
4.600142611e-06
0.01250554177
2.645945239e-05
8.279999874e-06
0.01251416839
3.595937894e-05
1.37073929e-05
0.01253183923
4.563472812e-05
2.078551827e-05
0.01255252965
4.767188254e-05
2.332587086e-05
0.01256664022
3.595235237e-05
1.786396674e-05
0.0125709619
1.456728487e-05
7.506597868e-06
0.01256732282
-8.312880053e-06
-3.232797565e-06
0.01255408939
-2.911467837e-05
-1.395335462e-05
0.01253534339
-4.256768026e-05
-2.154900156e-05
0.01251695255
-4.561623083e-05
-2.379592575e-05
0.01250786304
-3.684000601e-05
-1.810296635e-05
0.01250530527
-2.417738571e-05
-1.071742132e-05
0.01250406255
-1.630774871e-05
-7.004662161e-06
0.01250343957
-1.181875567e-05
-5.37211386e-06
0.01250339464
-8.204321583e-06
-4.192686307e-06
0.01250344056
-5.452131693e-06
-3.449697596e-06
0.01250351411
-3.704107898e-06
-3.054189746e-06
0.01250355944
-2.600239982e-06
-2.915085965e-06
0.01250361572
-1.898309043e-06
-2.858399847e-06
0.01250366294
-1.402191968e-06
-2.865518635e-06
0.01250370565
-1.105764801e-06
-2.89527758e-06
0.01250373675
-9.199827052e-07
-2.942705555e-06
0.01250376462
-8.354350633e-07
-2.996401725e-06
0.0125037858
-7.83216431e-07
-3.067765025e-06
0.01250382607
-8.037572035e-07
-3.121197117e-06
-8.600461508e-07
-3.166359496e-06
0.0125000704
8.30321932e-07
6.475628346e-08
0.01250028659
2.499324729e-06
2.027019469e-07
0.012500719
4.481798298e-06
4.295615892e-07
0.01250151655
7.020738264e-06
8.308933568e-07
0.01250296674
1.034642552e-05
1.534109401e-06
0.01250555666
1.461237684e-05
2.697959175e-06
0.01251013816
1.982632858e-05
4.526252844e-06
0.01251765629
2.536342418e-05
6.985329809e-06
0.01252923966
2.993578504e-05
9.755788403e-06
0.01254225689
3.011168545e-05
1.082040755e-05
0.01255162677
2.290235371e-05
8.565800809e-06
0.01255495957
9.641829302e-06
3.955010229e-06
0.01255226395
-4.946115149e-06
-1.139576373e-06
0.01254380808
-1.791341793e-05
-5.820239187e-06
0.0125318323
-2.663906073e-05
-8.845114163e-06
0.0125199374
-2.931540767e-05
-9.269894784e-06
0.01251209863
-2.561661884e-05
-6.981135083e-06
0.01250838506
-1.848022543e-05
-3.874386569e-06
0.01250622735
-1.30291991e-05
-2.226268431e-06
0.01250478921
-9.654860365e-06
-1.583715128e-06
0.01250397819
-6.937435261e-06
-1.180050102e-06
0.0125035426
-4.741370881e-06
-8.977002801e-07
0.01250328019
-3.23295225e-06
-7.677543147e-07
0.01250311381
-2.204458097e-06
-7.448854682e-07
0.01250301095
-1.521155033e-06
-7.397168248e-07
0.01250294919
-1.012122261e-06
-7.443794306e-07
0.01250290801
-6.892354943e-07
-7.411592896e-07
0.01250288028
-4.557102734e-07
-7.449693936e-07
0.01250285713
-3.302980144e-07
-7.327646834e-07
0.01250284556
-2.373430735e-07
-7.22494118e-07
0.01250280162
-1.960220703e-07
-7.023711904e-07
-1.595305209e-07
-6.619261288e-07
0.01250014098
6.680325217e-07
4.437542324e-08
0.01250056487
2.009416398e-06
1.377108718e-07
0.01250134873
3.562622028e-06
2.837896033e-07
0.01250263635
5.482152334e-06
5.295959736e-07
0.01250465955
7.882588346e-06
9.361151677e-07
0.01250774595
1.079221352e-05
1.569738696e-06
0.01251233268
1.408761169e-05
2.48939326e-06
0.0125187599
1.727552278e-05
3.634964821e-06
0.01252710778
1.944764448e-05
4.781256403e-06
0.0125359412
1.897503627e-05
5.210566486e-06
0.01254253254
1.442158429e-05
4.197230523e-06
0.01254514569
6.123058415e-06
1.955665096e-06
0.01254335243
-3.004679605e-06
-6.919516681e-07
0.0125377875
-1.117436655e-05
-3.103850614e-06
0.01252973445
-1.677207207e-05
-4.794203508e-06
0.0125212351
-1.885368656e-05
-5.422393675e-06
0.01251447327
-1.727076651e-05
-4.890252569e-06
0.01251029908
-1.335104268e-05
-3.661993902e-06
0.01250760774
-9.827794574e-06
-2.747733806e-06
0.01250565933
-7.390919662e-06
-2.264586315e-06
0.01250433396
-5.423619446e-06
-1.907137492e-06
0.01250347323
-3.776715386e-06
-1.636990373e-06
0.01250289514
-2.600363899e-06
-1.476915411e-06
0.01250249714
-1.772769127e-06
-1.394875071e-06
0.01250222217
-1.221383426e-06
-1.348305213e-06
0.01250203292
-8.081521729e-07
-1.316154025e-06
0.01250190182
-5.458276395e-07
-1.304018794e-06
0.01250180979
-3.543283381e-07
-1.299765799e-06
0.01250174287
-2.530127599e-07
-1.307842583e-06
0.01250169679
-1.783014747e-07
-1.318132457e-06
0.0125016654
-1.521231518e-07
-1.3360399e-06
-1.604099589e-07
-1.344819196e-06
0.01250018777
4.654133318e-07
3.030140622e-08
0.01250075235
1.399189083e-06
9.332684223e-08
0.01250176249
2.461402366e-06
1.873458001e-07
0.01250334031
3.741196276e-06
3.380147775e-07
0.01250565732
5.290237716e-06
5.745121627e-07
0.01250891679
7.092900383e-06
9.235538829e-07
0.01251331501
9.028084912e-06
1.397532644e-06
0.01251890693
1.076707274e-05
1.94946082e-06
0.01252543093
1.178194326e-05
2.447336912e-06
0.01253192494
1.126502199e-05
2.60496453e-06
0.012536843
8.498326816e-06
2.092604491e-06
0.01253891271
3.537988278e-06
9.409271556e-07
0.0125376717
-1.711166248e-06
-4.044982334e-07
0.01253362027
-6.540556378e-06
-1.639364409e-06
0.01252766669
-9.890734331e-06
-2.493248906e-06
0.01252110451
-1.126177752e-05
-2.805403306e-06
0.01251533765
-1.062377608e-05
-2.527826756e-06
0.01251119138
-8.633907403e-06
-1.881234787e-06
0.01250825309
-6.581464976e-06
-1.333224662e-06
0.01250604503
-5.019778091e-06
-1.028129167e-06
0.01250443936
-3.750193191e-06
-8.516018481e-07
0.01250332495
-2.6703146e-06
-7.248616018e-07
0.01250255757
-1.879420534e-06
-6.678096931e-07
0.01250201621
-1.294965028e-06
-6.452573477e-07
0.01250164201
-9.123960569e-07
-6.392724656e-07
0.01250137978
-6.093324189e-07
-6.356656476e-07
0.01250120207
-4.217579829e-07
-6.404033795e-07
0.01250107498
-2.695750483e-07
-6.420308815e-07
0.01250098672
-1.902102055e-07
-6.501707813e-07
0.01250092211
-1.231555391e-07
-6.488769568e-07
0.01250086385
-9.242607665e-08
-6.465138822e-07
-7.112830111e-08
-6.422468437e-07
0.01250021616
2.383984559e-07
2.162506324e-08
0.01250086573
7.164780827e-07
6.612046787e-08
0.01250200788
1.254677664e-06
1.297139168e-07
0.01250374366
1.89328855e-06
2.270435543e-07
0.01250619976
2.651422354e-06
3.726672495e-07
0.01250949945
3.512020532e-06
5.768081733e-07
0.01251371196
4.408696891e-06
8.381015721e-07
0.01251876196
5.173014089e-06
1.122635474e-06
0.01252428906
5.596369075e-06
1.356252652e-06
0.01252960476
5.259042275e-06
1.405067539e-06
0.01253352754
4.002733235e-06
1.108058854e-06
0.01253517748
1.585649979e-06
4.70512916e-07
0.01253428303
-8.159484641e-07
-2.520496463e-07
0.01253108975
-3.053423653e-06
-9.632149172e-07
0.01252630158
-4.609088054e-06
-1.477000672e-06
0.01252088766
-5.2855994e-06
-1.708603519e-06
0.01251583853
-5.074973475e-06
-1.65252115e-06
0.01251179423
-4.235302977e-06
-1.40952256e-06
0.01250871881
-3.286865971e-06
-1.180003567e-06
0.01250635361
-2.519299815e-06
-1.040201534e-06
0.01250457254
-1.890237797e-06
-9.418978291e-07
0.01250329253
-1.354204968e-06
-8.641182979e-07
0.01250238262
-9.591264959e-07
-8.15018448e-07
0.01250173727
-6.536608259e-07
-7.876865492e-07
0.01250127137
-4.562941624e-07
-7.711051171e-07
0.01250094608
-2.984692796e-07
-7.578419759e-07
0.01250071196
-2.042507154e-07
-7.508813815e-07
0.01250054993
-1.252204647e-07
-7.455671968e-07
0.01250042694
-8.570657338e-08
-7.437286328e-07
0.01250033765
-5.294337138e-08
-7.420966419e-07
0.01250026413
-3.959145426e-08
-7.418208913e-07
-3.367698705e-08
-7.441660963e-07
0.01250022944
1.751969716e-08
0.01250091868
5.330907807e-08
0.01250212109
1.029952049e-07
0.01250392548
1.766095735e-07
0.01250643549
2.829246607e-07
0.01250973532
4.266303668e-07
0.01251384497
6.024815176e-07
0.01251862811
7.839621702e-07
0.01252376251
9.20972441e-07
0.0125285469
9.225549137e-07
0.01253214217
7.447469601e-07
0.01253355576
1.708872704e-07
0.01253273189
-2.240139534e-07
0.01252986705
-7.077603135e-07
0.01252558669
-1.075104156e-06
0.01252068152
-1.252380621e-06
0.01251595315
-1.240965117e-06
0.01251197321
-1.097229276e-06
0.01250884622
-9.33653319e-07
0.01250641633
-8.130735151e-07
0.0125045664
-7.296385088e-07
0.01250321532
-6.638376069e-07
0.01250223576
-6.263471469e-07
0.01250154477
-5.983777884e-07
0.01250104457
-5.8693993e-07
0.01250069737
-5.789479805e-07
0.01250044564
-5.793710349e-07
0.01250027261
-5.782218059e-07
0.01250014151
-5.801660782e-07
0.01250004684
-5.828568972e-07
0.01249996835
-5.852275427e-07
-5.856844787e-07
0.01250023038
-2.362231579e-07
2.588030426e-08
0.01250092215
-7.095056402e-07
7.870110515e-08
0.01250212889
-1.240787758e-06
1.507446101e-07
0.01250393935
-1.868344045e-06
2.558693727e-07
0.01250645617
-2.608752678e-06
4.061588115e-07
0.01250976083
-3.442059766e-06
6.080767634e-07
0.01251386805
-4.299579449e-06
8.54848533e-07
0.01251863491
-5.014872073e-06
1.111221668e-06
0.01252373235
-5.38742174e-06
1.311899832e-06
0.0125284635
-5.022342448e-06
1.339977116e-06
0.01253200916
-3.790509979e-06
1.138748748e-06
0.01253338522
-1.469428293e-06
4.48919949e-07
0.01253257005
8.262642086e-07
-2.97798607e-08
0.01252973865
2.965993914e-06
-6.066255293e-07
0.01252550607
4.453205468e-06
-1.023887201e-06
0.01252065285
5.104033107e-06
-1.191272706e-06
0.01251596415
4.918092497e-06
-1.115028999e-06
0.01251199666
4.142761676e-06
-8.750885161e-07
0.01250886356
3.251110006e-06
-6.189474012e-07
0.01250642951
2.507505994e-06
-4.288580867e-07
0.01250457783
1.891996009e-06
-2.954370636e-07
0.01250322552
1.367175182e-06
-1.960642729e-07
0.0125022473
9.766536537e-07
-1.337819633e-07
0.01250155635
6.779749101e-07
-8.63014332e-08
0.01250105691
4.768722535e-07
-6.2957445e-08
0.01250071224
3.204094982e-07
-5.576771074e-08
0.01250046204
2.242379003e-07
-5.23420478e-08
0.01250029064
1.454405539e-07
-5.153385293e-08
0.0125001615
1.017454576e-07
-5.109557449e-08
0.01250006871
6.657531076e-08
-5.348085464e-08
0.01249999278
5.068283026e-08
-5.584284981e-08
4.228764116e-08
-6.025926576e-08
0.01250021756
-4.608759524e-07
3.129630334e-08
0.01250087105
-1.384628142e-06
9.55968462e-08
0.01250202012
-2.431984186e-06
1.859757865e-07
0.01250376608
-3.687340112e-06
3.223266125e-07
0.01250623462
-5.195847263e-06
5.241612995e-07
0.01250954554
-6.934187197e-06
8.049694857e-07
0.01251375997
-8.773152662e-06
1.162086866e-06
0.01251879086
-1.038645874e-05
1.549942097e-06
0.0125242654
-1.126416841e-05
1.870156561e-06
0.01252950028
-1.066695384e-05
1.953547817e-06
0.01253334869
-7.966584916e-06
1.602437319e-06
0.01253495253
-3.229813039e-06
8.234955079e-07
0.01253406845
1.738453002e-06
-5.533526404e-08
0.01253092175
6.317969435e-06
-9.087148461e-07
0.01252620556
9.490087149e-06
-1.497115804e-06
0.0125208681
1.079693134e-05
-1.717286029e-06
0.0125158709
1.022937935e-05
-1.568894253e-06
0.01251183215
8.409380007e-06
-1.189249921e-06
0.01250874284
6.487120225e-06
-8.374756523e-07
0.01250637078
4.971753408e-06
-6.165052168e-07
0.01250458723
3.732769347e-06
-4.696112158e-07
0.01250330426
2.684488608e-06
-3.577898112e-07
0.01250239227
1.91170138e-06
-2.901489696e-07
0.01250174882
1.337149765e-06
-2.507195549e-07
0.01250128595
9.528294556e-07
-2.273043984e-07
0.01250096373
6.532842395e-07
-2.107406919e-07
0.01250073277
4.662249666e-07
-2.013835878e-07
0.01250057347
3.16532029e-07
-1.93819855e-07
0.01250045306
2.356845737e-07
-1.876341739e-07
0.01250036745
1.677868288e-07
-1.795393465e-07
0.01250029348
1.412486605e-07
-1.721178787e-07
1.272702936e-07
-1.62868402e-07
0.01250019019
-6.608005734e-07
4.271329116e-08
0.01250076189
-1.986193472e-06
1.313867578e-07
0.01250178501
-3.514589489e-06
2.617576006e-07
0.01250338307
-5.391522682e-06
4.680486795e-07
0.01250572704
-7.717567868e-06
7.884785212e-07
0.01250901555
-1.050311508e-05
1.256900984e-06
0.01251342895
-1.359976103e-05
1.885760758e-06
0.01251899889
-1.651186513e-05
2.607460144e-06
0.01252541665
-1.834746252e-05
3.247391352e-06
0.01253174493
-1.766995547e-05
3.447974671e-06
0.01253653538
-1.328798486e-05
2.824805891e-06
0.01253852977
-5.463887375e-06
1.415790414e-06
0.01253731696
3.040955852e-06
-2.252581325e-07
0.01253335504
1.066990585e-05
-1.717688884e-06
0.01252754594
1.587245398e-05
-2.7047146e-06
0.01252113451
1.782949534e-05
-3.005641379e-06
0.01251546204
1.644172513e-05
-2.577008977e-06
0.01251129578
1.296416109e-05
-1.708114732e-06
0.01250830971
9.718612415e-06
-9.808399359e-07
0.01250607934
7.346989363e-06
-5.568490155e-07
0.01250445833
5.423526125e-06
-2.758680572e-07
0.01250333707
3.818071356e-06
-7.77738197e-08
0.01250256111
2.658333492e-06
5.42383665e-08
0.01250201794
1.832219851e-06
9.954945373e-08
0.01250163925
1.274258338e-06
1.238107819e-07
0.01250137621
8.531520847e-07
1.3564228e-07
0.01250119528
5.83726572e-07
1.347945925e-07
0.01250106934
3.785732077e-07
1.249057515e-07
0.0125009792
2.656744396e-07
1.110762852e-07
0.01250091463
1.734319122e-07
9.14569158e-08
0.01250086264
1.391303125e-07
7.31772119e-08
1.18681204e-07
5.116559667e-08
0.01250014521
-8.199822953e-07
6.114717987e-08
0.01250058208
-2.466350995e-06
1.89594908e-07
0.01250139049
-4.411304143e-06
3.880488284e-07
0.01250271855
-6.882150479e-06
7.183924385e-07
0.01250480019
-1.008080161e-05
1.258785306e-06
0.01250795816
-1.412051425e-05
2.091469485e-06
0.01251259923
-1.893704791e-05
3.277327295e-06
0.01251900853
-2.387713116e-05
4.720115879e-06
0.01252712822
-2.76085692e-05
6.095151186e-06
0.01253558182
-2.72642986e-05
6.570364257e-06
0.01254190948
-2.050207362e-05
5.345356973e-06
0.01254440656
-8.297660254e-06
2.596222429e-06
0.01254265907
5.005347266e-06
-5.674333565e-07
0.01253727943
1.678120023e-05
-3.437009284e-06
0.01252952955
2.462695006e-05
-5.337439617e-06
0.01252131916
2.706755465e-05
-5.905365648e-06
0.01251472773
2.384573393e-05
-5.053188842e-06
0.0125105126
1.771299248e-05
-3.4499538e-06
0.0125077402
1.282980934e-05
-2.282330975e-06
0.01250574887
9.585517647e-06
-1.665330988e-06
0.01250438654
6.982580528e-06
-1.238686817e-06
0.0125035038
4.859286946e-06
-9.103421508e-07
0.01250291763
3.381524627e-06
-7.213905404e-07
0.01250251881
2.35661234e-06
-6.16159481e-07
0.01250224667
1.667336361e-06
-5.487375199e-07
0.01250206014
1.16128881e-06
-4.970867846e-07
0.01250193285
8.331780185e-07
-4.565921887e-07
0.01250184444
5.932864207e-07
-4.18751509e-07
0.01250178161
4.562236154e-07
-3.838857551e-07
0.01250173583
3.511211118e-07
-3.422753572e-07
0.01250169586
3.102457889e-07
-3.094568556e-07
2.860984816e-07
-2.621407672e-07
0.01250007837
-9.183338987e-07
8.762938062e-08
0.01250031672
-2.767506433e-06
2.744432774e-07
0.01250079395
-5.019964833e-06
5.779694554e-07
0.01250167056
-8.008696797e-06
1.109743959e-06
0.01250324527
-1.210371585e-05
2.029703648e-06
0.01250600912
-1.764039452e-05
3.529618925e-06
0.0125107602
-2.48608894e-05
5.815946625e-06
0.01251830995
-3.304729643e-05
8.775440137e-06
0.012529332
-4.051541461e-05
1.186754494e-05
0.01254147632
-4.127093907e-05
1.297735049e-05
0.01255030407
-3.073111125e-05
1.032612454e-05
0.01255345721
-1.183962047e-05
4.75163819e-06
0.01255081719
8.325115693e-06
-1.370287167e-06
0.01254290474
2.620706531e-05
-6.805492262e-06
0.01253170896
3.781464256e-05
-1.023072037e-05
0.01252037697
4.054278659e-05
-1.06814016e-05
0.01251265712
3.33914234e-05
-7.891751957e-06
0.01250870487
2.291343062e-05
-4.095980111e-06
0.01250641536
1.584905183e-05
-1.855615662e-06
0.01250490015
1.149466263e-05
-8.365172035e-07
0.01250400941
8.064204649e-06
-1.850193215e-07
0.01250351776
5.410278181e-06
2.871030174e-07
0.0125032198
3.669324196e-06
5.318746475e-07
0.01250303569
2.519445447e-06
5.975418793e-07
0.01250292469
1.759826225e-06
5.974948714e-07
0.01250285485
1.222504282e-06
5.649677228e-07
0.01250281228
8.788804549e-07
5.147432879e-07
0.0125027829
6.402786818e-07
4.467928587e-07
0.01250276404
5.079853063e-07
3.79526995e-07
0.01250275121
4.177298721e-07
2.968408282e-07
0.01250273577
3.857175586e-07
2.438139398e-07
3.831840957e-07
1.731145482e-07
0.01249998917
-9.354769974e-07
1.214974113e-07
0.01249995569
-2.82268763e-06
3.874836494e-07
0.01249995658
-5.211867605e-06
8.425795044e-07
0.01250012416
-8.552395765e-06
1.682637128e-06
0.01250078239
-1.346136642e-05
3.22740081e-06
0.01250260201
-2.067741376e-05
5.911184604e-06
0.01250702632
-3.119849293e-05
1.0346333e-05
0.01251594516
-4.453284847e-05
1.649922e-05
0.01253213567
-5.931016326e-05
2.367278787e-05
0.01255065795
-6.223433706e-05
2.616211387e-05
0.01256347208
-4.538837978e-05
2.02150987e-05
0.01256758598
-1.652200393e-05
8.623081641e-06
0.01256385763
1.317966338e-05
-3.769291276e-06
0.0125518476
4.015450506e-05
-1.521113197e-05
0.01253504694
5.669010162e-05
-2.287378717e-05
0.01251844895
5.886577083e-05
-2.460951497e-05
0.01250946223
4.400749841e-05
-1.849764108e-05
0.01250618919
2.74841635e-05
-1.074514852e-05
0.01250460686
1.851479061e-05
-6.533127891e-06
0.01250379536
1.325123276e-05
-4.531282664e-06
0.01250357709
9.059101678e-06
-3.167622966e-06
0.01250356892
6.012215565e-06
-2.241682064e-06
0.01250360115
4.130739096e-06
-1.728239519e-06
0.01250364448
2.899968001e-06
-1.424118695e-06
0.01250369421
2.087734749e-06
-1.206094129e-06
0.0125037344
1.522165427e-06
-1.020585677e-06
0.01250376992
1.160238218e-06
-8.689518493e-07
0.01250379369
9.128598171e-07
-7.262849747e-07
0.01250381723
7.638808935e-07
-6.10779932e-07
0.01250383298
6.628430115e-07
-4.818447002e-07
0.01250385157
6.130190734e-07
-3.898079596e-07
5.867325266e-07
-2.514072173e-07
0.01249987625
-8.496007488e-07
1.636276878e-07
0.01249950496
-2.571559411e-06
5.246733858e-07
0.01249887184
-4.845603093e-06
1.179465689e-06
0.0124979963
-8.222803769e-06
2.459002196e-06
0.01249710516
-1.362223455e-05
4.981576194e-06
0.01249693943
-2.239693849e-05
9.68344611e-06
0.01249986837
-3.701695516e-05
1.824827847e-05
0.01251012043
-5.817194644e-05
3.116402409e-05
0.01253629635
-8.705093005e-05
4.821801849e-05
0.01256568831
-9.284041746e-05
5.30371595e-05
0.01258437078
-6.464108951e-05
3.963336872e-05
0.01258915933
-2.004319359e-05
1.664356593e-05
0.01258393375
2.377451991e-05
-6.146220356e-06
0.01256459431
6.605569805e-05
-2.781177164e-05
0.01253757783
9.217886243e-05
-4.088745351e-05
0.01251230063
9.21719435e-05
-4.196934879e-05
0.01250317933
6.081281971e-05
-2.691880282e-05
0.01250163872
3.402999258e-05
-1.242725546e-05
0.01250143997
2.203354483e-05
-6.017224328e-06
0.012501947
1.551500517e-05
-3.028133828e-06
0.01250283516
1.073753568e-05
-9.298337643e-07
0.0125035381
7.696844792e-06
2.726637978e-07
0.01250401771
5.921684551e-06
7.431431812e-07
0.01250436883
4.806038692e-06
8.084172169e-07
0.01250461495
4.07610139e-06
7.569242597e-07
0.01250478193
3.589232019e-06
6.279326983e-07
0.01250489823
3.272170601e-06
4.746266407e-07
0.01250497375
3.050292671e-06
3.278952802e-07
0.01250502643
2.907774075e-06
1.903023824e-07
0.01250506733
2.811276756e-06
4.296857571e-08
0.01250507962
2.758994071e-06
-6.983218187e-08
2.71560394e-06
-1.568059281e-07
0.01249975386
-6.513509816e-07
2.064093529e-07
0.01249900735
-1.979650128e-06
6.700967398e-07
0.01249761383
-3.80587513e-06
1.558384052e-06
0.01249533043
-6.697432181e-06
3.399217508e-06
0.01249197648
-1.178241234e-05
7.318354064e-06
0.01248804838
-2.119937815e-05
1.5308902e-05
0.01248670119
-3.954892222e-05
3.145757125e-05
0.01249731948
-7.027072582e-05
5.853250487e-05
0.01254464475
-0.0001242626353
0.0001003905463
0.01259188627
-0.0001303308877
0.0001075718495
0.01261978676
-8.740973725e-05
7.557712959e-05
0.01262394131
-2.562871916e-05
2.616945236e-05
0.01261907601
3.075588078e-05
-2.13948191e-05
0.01258799458
9.170609345e-05
-6.898603593e-05
0.01254075304
0.0001313350142
-9.916810974e-05
0.01250072207
0.0001283006691
-9.827452096e-05
0.01249505447
7.731804414e-05
-5.770668065e-05
0.01249547567
4.60543404e-05
-2.778090629e-05
0.01249721275
3.130147975e-05
-1.614101218e-05
0.01249955231
2.196216503e-05
-1.043687273e-05
0.01250163639
1.613556746e-05
-6.712639313e-06
0.01250302979
1.288043767e-05
-4.577545451e-06
0.01250398697
1.108714182e-05
-3.506236461e-06
0.01250466491
1.001294116e-05
-2.824131482e-06
0.01250513352
9.356335809e-06
-2.311524443e-06
0.01250544652
8.918227478e-06
-1.885697229e-06
0.0125056682
8.63624958e-06
-1.567197128e-06
0.01250582487
8.44454426e-06
-1.314122351e-06
0.01250594418
8.314824839e-06
-1.081052496e-06
0.01250602983
8.215993522e-06
-8.642370979e-07
0.01250610827
8.159205052e-06
-6.77381318e-07
8.111166171e-06
-5.471989526e-07
0.012499645
-3.532390436e-07
2.424561177e-07
0.01249856038
-1.079006672e-06
7.954848184e-07
0.01249641651
-2.105271506e-06
1.89966385e-06
0.01249256302
-3.81283134e-06
4.311588846e-06
0.01248572226
-7.085460905e-06
9.870296054e-06
0.01247509368
-1.419775195e-05
2.238412617e-05
0.01246265434
-3.14430415e-05
5.17314112e-05
0.01247249302
-7.052161649e-05
0.0001065299306
0.01257035476
-0.000132288731
0.000213474606
0.01263466751
-0.0001155151447
0.0002199758089
-7.347534233e-05
-6.012864045e-05
-8.801345833e-05
-7.74868594e-05
0.01266858542
-6.903186259e-05
0.0001408408711
-5.357152734e-05
-3.684156628e-05
-6.248317746e-05
-4.024038318e-05
0.01266765682
-1.435681196e-05
4.198721278e-05
-2.248473314e-05
-1.315792171e-05
-1.462737323e-05
-2.060482887e-06
0.01267031389
3.00773137e-05
-5.19452159e-05
-2.189235919e-06
7.807309028e-06
1.552439903e-05
2.88242377e-05
0.01262841706
9.133102956e-05
-0.0001503556748
2.288206751e-05
4.04436876e-05
5.148348185e-05
7.781833309e-05
0.01254637634
0.000134159802
-0.0002192575714
4.919822927e-05
5.363484499e-05
8.7173398e-05
0.0001084670252
0.01247217995
0.0001353144596
-0.0002060471571
0.01248006777
5.503728522e-05
-0.0001015142135
0.01248436188
3.56576681e-05
-5.056039801e-05
0.01249163005
1.848454668e-05
-2.837868701e-05
0.01249786482
9.736977551e-06
-1.674853183e-05
0.01250136976
5.249155079e-06
-1.015218147e-05
0.0125034535
2.365187897e-06
-7.428303699e-06
0.01250474112
5.22752899e-07
-6.424962604e-06
0.0125055895
-8.316352449e-07
-6.00342566e-06
0.01250613217
-1.670533906e-06
-5.924902973e-06
0.01250648159
-2.292959895e-06
-5.987148041e-06
0.0125067024
-2.746799822e-06
-6.104661489e-06
0.0125068388
-3.095432768e-06
-6.25485671e-06
0.0125069301
-3.368765559e-06
-6.406079351e-06
0.01250700221
-3.592779756e-06
-6.581774383e-06
0.01250705395
-3.781434481e-06
-6.69381366e-06
-3.955427506e-06
-6.783873116e-06
0.01249958199
2.404249861e-09
2.631937303e-07
0.01249829246
7.224664279e-09
8.688119401e-07
0.01249567877
1.170200807e-08
2.097691647e-06
0.01249070701
1.603477263e-08
4.887930392e-06
0.01248096595
1.249707944e-08
1.153362554e-05
0.01246190744
-5.075898367e-09
2.825611973e-05
0.01242557332
-1.87411498e-07
7.07242907e-05
0.01242758939
-6.927170475e-07
0.0001813137793
-4.352189672e-05
-7.110130182e-05
-5.281868903e-05
-8.571686412e-05
0.01259856511
-2.761312011e-06
0.0004111061999
-0.0001343675346
-0.0001534720645
-0.0001901762312
-0.0002335935076
0.012668834
-6.847051387e-07
0.0003892558637
-0.0001393619909
-0.0001094985407
-0.0001898197064
-0.0001356749586
0.0126728521
-2.744916187e-07
0.0002263239608
-8.241627767e-05
-5.788442562e-05
-9.485852639e-05
-6.394019886e-05
0.01266441225
-1.047453928e-06
6.749334368e-05
-2.319302949e-05
-1.287853054e-05
-2.381885944e-05
-1.247243027e-05
0.01268352539
-1.745082805e-06
-8.318829623e-05
1.349755601e-05
2.665490794e-05
2.167710934e-05
3.406797821e-05
0.01267653817
-1.277684057e-06
-0.0002455208093
6.212056575e-05
9.442963226e-05
7.766214058e-05
0.0001109044029
0.01257091605
-2.047288574e-06
-0.000391025593
0.0001237526142
0.0001505593517
0.0001547867283
0.0002037560989
0.01242813684
-5.471958484e-06
-0.0004029650893
0.0001534772518
0.0001176010088
0.0002176065878
0.0001978458721
0.01245554279
-9.072041129e-06
-0.0001465866158
3.366767231e-05
2.31884429e-05
7.84648001e-05
4.796909025e-05
0.01245916921
-1.07638283e-05
-6.179924573e-05
0.01247674583
-1.172383045e-05
-3.620179608e-05
0.01248851419
-1.169024323e-05
-2.267797295e-05
0.01249487866
-1.170434129e-05
-1.686475049e-05
0.012498495
-1.194435268e-05
-1.447694481e-05
0.01250058412
-1.213393487e-05
-1.336152827e-05
0.01250192656
-1.262838071e-05
-1.263785803e-05
0.01250276535
-1.285631368e-05
-1.217157508e-05
0.01250330252
-1.303977302e-05
-1.180200153e-05
0.01250365601
-1.321591063e-05
-1.147925777e-05
0.0125038934
-1.337519952e-05
-1.117893498e-05
0.01250405838
-1.351788128e-05
-1.091228314e-05
0.01250417971
-1.364062646e-05
-1.063133183e-05
0.01250423686
-1.373075395e-05
-1.043623422e-05
-1.371781944e-05
-1.013127703e-05
0.01249958198
3.579915338e-07
2.627141991e-07
0.01249829256
1.093159217e-06
8.671909881e-07
0.01249567825
2.128627325e-06
2.094558877e-06
0.01249070549
3.843992806e-06
4.879897164e-06
0.01248094536
7.119456503e-06
1.15239586e-05
0.01246181422
1.422715794e-05
2.822328104e-05
0.01242489408
3.15162291e-05
7.086222832e-05
0.0124256937
7.094444969e-05
0.0001819508077
-5.302407969e-05
-8.579995127e-05
-4.35921072e-05
-7.197145501e-05
0.0125994997
0.000133282694
0.0004176187274
-0.0001939124422
-0.0002402793467
-0.0001361473389
-0.0001571296123
0.01266908026
0.0001142425211
0.0003925734854
-0.0001917800548
-0.0001350046601
-0.0001404992649
-0.0001097972919
0.01267378367
6.765815348e-05
0.0002282011167
-9.428877313e-05
-6.288923689e-05
-8.396012834e-05
-5.969903081e-05
0.01266470772
1.289995493e-05
6.935564244e-05
-2.27937951e-05
-1.176106984e-05
-2.482276494e-05
-1.484948278e-05
0.01268284375
-3.106926143e-05
-8.153255693e-05
2.224327973e-05
3.455752253e-05
1.144990969e-05
2.446999012e-05
0.01267549051
-9.1386423e-05
-0.0002443296913
7.827565607e-05
0.0001112369453
6.025433999e-05
9.202472556e-05
0.01256742603
-0.0001341744365
-0.0003891377658
0.0001550475816
0.0002043329711
0.0001215336886
0.0001484151365
0.01242426913
-0.0001331233393
-0.0003958154031
0.000212874165
0.0001895953517
0.0001505355462
0.0001136186136
0.01245008078
-5.510655269e-05
-0.0001314227306
6.310880542e-05
1.991136365e-05
3.693444056e-05
3.169100224e-05
0.0124556468
-3.131665379e-05
-3.915425143e-05
0.01247333236
-1.590275597e-05
-3.63418738e-06
0.01248598068
-8.111519312e-06
1.939381392e-05
0.01249279633
-4.043077435e-06
2.901211382e-05
0.01249672263
-1.929997902e-06
3.244092809e-05
0.01249911941
-5.6683044e-07
3.373136599e-05
0.01250057395
6.279603544e-08
3.410277117e-05
0.01250150995
4.844925316e-07
3.406308289e-05
0.01250212702
7.592269214e-07
3.383966144e-05
0.01250254982
9.248322484e-07
3.352435535e-05
0.01250283845
1.028495874e-06
3.31906497e-05
0.01250305311
1.077577821e-06
3.285125732e-05
0.01250318709
1.11547713e-06
3.253321711e-05
0.01250340651
1.081006575e-06
3.223152985e-05
1.005599258e-06
3.182331786e-05
0.01249964506
6.558737554e-07
2.411029157e-07
0.01249856059
1.993118715e-06
7.910951759e-07
0.01249641545
3.828583556e-06
1.890509451e-06
0.01249255644
6.729237045e-06
4.293041202e-06
0.01248567818
1.182750469e-05
9.838211566e-06
0.01247496847
2.126323679e-05
2.233236095e-05
0.01246224338
3.970910919e-05
5.173138506e-05
0.01247170233
7.048579616e-05
0.0001066690259
0.01257108175
0.0001255716932
0.0002157911771
0.01263486036
0.0001316835083
0.0002216770396
-8.883981071e-05
-7.778655235e-05
-7.49595056e-05
-6.13107703e-05
0.0126688528
8.876207216e-05
0.0001431827718
-6.353178108e-05
-4.168016945e-05
-5.49468906e-05
-3.812028657e-05
0.01266779006
2.664638078e-05
4.477769503e-05
-1.617097214e-05
-3.527428357e-06
-2.36021102e-05
-1.416087608e-05
0.01267020991
-2.999435913e-05
-4.940688961e-05
1.436403377e-05
2.775959515e-05
-3.107663452e-06
6.896176345e-06
0.01262763088
-9.07645851e-05
-0.0001480620214
5.126339362e-05
7.710982388e-05
2.193566306e-05
3.971033647e-05
0.01254486867
-0.0001301130936
-0.0002167102138
8.679456748e-05
0.0001079210492
4.820434401e-05
5.249111867e-05
0.01247106521
-0.0001256701264
-0.0002023453289
0.01247985352
-7.371561793e-05
-9.712542338e-05
0.01248587061
-3.96218748e-05
-4.082091299e-05
0.01249277384
-2.503981168e-05
-2.212266565e-05
0.01249892365
-1.607109677e-05
-1.457621486e-05
0.01250221213
-9.626444639e-06
-1.065846178e-05
0.01250395604
-5.966752886e-06
-9.406063644e-06
0.01250514517
-3.638383055e-06
-9.007777447e-06
0.01250593155
-2.154074461e-06
-8.830832469e-06
0.01250642049
-1.132484918e-06
-8.693307944e-06
0.01250671748
-3.912500696e-07
-8.597941342e-06
0.01250690373
1.261949653e-07
-8.498723603e-06
0.01250702733
5.072310915e-07
-8.400551598e-06
0.01250711019
7.789589624e-07
-8.293868525e-06
0.0125071619
9.954881499e-07
-8.176026478e-06
0.01250717434
1.164787357e-06
-8.089641521e-06
1.363643722e-06
-8.044233358e-06
0.012499754
8.537466517e-07
2.043966555e-07
0.01249900776
2.583962361e-06
6.636791565e-07
0.01249761351
4.866678527e-06
1.545215148e-06
0.01249532542
8.253199586e-06
3.374203193e-06
0.01249195231
1.366582494e-05
7.27340136e-06
0.01248797358
2.245871331e-05
1.523044317e-05
0.01248651611
3.714322187e-05
3.136577945e-05
0.01249692141
5.837391088e-05
5.841442999e-05
0.01254482439
8.770843297e-05
0.0001008328935
0.01259199718
9.362164306e-05
0.000107937079
0.01261986771
6.552115431e-05
7.600723402e-05
0.01262396251
2.099540794e-05
2.66717981e-05
0.01261896911
-2.286942531e-05
-2.099545713e-05
0.0125876236
-6.511889708e-05
-6.861123149e-05
0.0125402581
-9.122613619e-05
-9.885509964e-05
0.01250057673
-9.08272564e-05
-9.755428026e-05
0.0124944457
-5.930423138e-05
-5.774193759e-05
0.01249547686
-3.136675385e-05
-2.758873435e-05
0.01249661938
-1.957584826e-05
-1.664901819e-05
0.01249874906
-1.289101444e-05
-1.082122403e-05
0.01250080583
-7.877651847e-06
-6.103299358e-06
0.01250224136
-4.676313703e-06
-3.400267028e-06
0.01250325083
-2.854594783e-06
-2.010400372e-06
0.01250399023
-1.64852917e-06
-1.27948104e-06
0.0125045264
-8.696686283e-07
-8.672906797e-07
0.0125049037
-2.792281793e-07
-6.846055191e-07
0.01250518273
1.064952116e-07
-6.236816318e-07
0.01250537682
3.712959037e-07
-6.303279579e-07
0.01250552295
5.406805795e-07
-6.721839345e-07
0.01250561908
6.694648226e-07
-7.71584948e-07
0.01250579738
7.050168655e-07
-8.601157635e-07
6.640196407e-07
-1.064479686e-06
0.01249987647
9.391239723e-07
1.612132818e-07
0.01249950572
2.83363502e-06
5.170572551e-07
0.01249887283
5.230466499e-06
1.164311503e-06
0.01249799556
8.57924779e-06
2.431390758e-06
0.01249709653
1.349905445e-05
4.933370958e-06
0.01249690663
2.072949728e-05
9.60143949e-06
0.01249979154
3.128730251e-05
1.812780258e-05
0.01250998545
4.467186361e-05
3.10038301e-05
0.01253634787
5.961912365e-05
4.814088377e-05
0.01256576827
6.263676053e-05
5.289762193e-05
0.01258439484
4.582946761e-05
3.945323725e-05
0.01258914493
1.706057194e-05
1.648060927e-05
0.01258387171
-1.267000689e-05
-6.393702225e-06
0.01256447485
-3.960904652e-05
-2.814485702e-05
0.01253738905
-5.616978878e-05
-4.142830216e-05
0.01251218836
-5.81522135e-05
-4.255534566e-05
0.01250273229
-4.331617839e-05
-2.799209827e-05
0.01250154528
-2.6158664e-05
-1.288403353e-05
0.01250140331
-1.715758888e-05
-6.473219811e-06
0.01250198447
-1.197268234e-05
-3.641916342e-06
0.01250296905
-7.704889171e-06
-1.780177596e-06
0.01250369249
-4.462475648e-06
-7.47156934e-07
0.01250415679
-2.410954731e-06
-4.637327337e-07
0.01250447795
-9.87788544e-07
-4.351542603e-07
0.01250470058
-1.297400976e-08
-4.354570595e-07
0.01250485374
7.598647778e-07
-4.56686038e-07
0.01250495001
1.29622662e-06
-4.692767496e-07
0.01250500628
1.692044534e-06
-4.619578667e-07
0.01250504171
1.965385251e-06
-4.382722902e-07
0.01250506384
2.18094772e-06
-3.948405948e-07
0.01250505408
2.351866192e-06
-3.687230377e-07
2.524905356e-06
-3.428941163e-07
0.01249998945
9.214265866e-07
1.189106083e-07
0.01249995674
2.776744856e-06
3.794110354e-07
0.01249995858
5.035613763e-06
8.269282703e-07
0.01250012642
8.031185059e-06
1.655308945e-06
0.01250078237
1.213456121e-05
3.181687644e-06
0.01250259326
1.768180198e-05
5.836948078e-06
0.01250700379
2.492209877e-05
1.023467561e-05
0.01251590459
3.313666601e-05
1.634178403e-05
0.01253214464
4.067222909e-05
2.349236421e-05
0.01255068946
4.148269741e-05
2.593511622e-05
0.01256347648
3.096596296e-05
1.994045182e-05
0.01256759149
1.211872302e-05
8.333436213e-06
0.01256384845
-8.042917298e-06
-4.11685389e-06
0.01255181858
-2.590148818e-05
-1.563103593e-05
0.01253499043
-3.74938084e-05
-2.33968337e-05
0.01251841911
-4.015336375e-05
-2.522346091e-05
0.01250932785
-3.300479147e-05
-1.932309372e-05
0.01250623081
-2.226474929e-05
-1.151429807e-05
0.01250465755
-1.511034953e-05
-7.478635629e-06
0.01250377552
-1.081476556e-05
-5.64800014e-06
0.0125034883
-7.337448891e-06
-4.272910284e-06
0.0125034339
-4.61926804e-06
-3.238509557e-06
0.01250343717
-2.831078474e-06
-2.637335978e-06
0.01250345549
-1.654907162e-06
-2.266278018e-06
0.01250348534
-8.491183638e-07
-2.052111391e-06
0.0125035237
-2.694539168e-07
-1.874561862e-06
0.01250356098
1.228540563e-07
-1.759189081e-06
0.01250358714
4.020598772e-07
-1.678872528e-06
0.01250361595
5.864673204e-07
-1.64629704e-06
0.01250362957
7.226754271e-07
-1.623111242e-06
0.01250369831
7.887742048e-07
-1.62685269e-06
8.115959091e-07
-1.669589857e-06
0.01250007871
8.224532335e-07
8.501511922e-08
0.01250031799
2.473778733e-06
2.663966694e-07
0.01250079658
4.423823576e-06
5.627616063e-07
0.01250167449
6.900050871e-06
1.084110324e-06
0.01250324977
1.010484774e-05
1.988546821e-06
0.01250601194
1.415191984e-05
3.465676005e-06
0.01251075942
1.897975192e-05
5.721118824e-06
0.01251830368
2.393548462e-05
8.642242021e-06
0.0125293384
2.769560654e-05
1.169769306e-05
0.01254149451
2.7380368e-05
1.276662506e-05
0.01255031788
2.063467545e-05
1.007372672e-05
0.01255347775
8.447042979e-06
4.466812739e-06
0.01255083314
-4.839078527e-06
-1.698801369e-06
0.01254291655
-1.661113322e-05
-7.194003017e-06
0.0125317104
-2.444094659e-05
-1.069183575e-05
0.01252038032
-2.685417381e-05
-1.123900369e-05
0.01251260293
-2.362735376e-05
-8.581181961e-06
0.01250867517
-1.737662869e-05
-4.83473996e-06
0.01250640408
-1.24236521e-05
-2.641883739e-06
0.01250487753
-9.219748108e-06
-1.652180927e-06
0.01250399478
-6.622698055e-06
-1.01204489e-06
0.01250351529
-4.4888646e-06
-5.486125418e-07
0.01250322686
-2.974325521e-06
-3.360803685e-07
0.01250304918
-1.937242777e-06
-2.848668003e-07
0.01250293609
-1.195297386e-06
-2.804508112e-07
0.01250287233
-6.637110226e-07
-2.863613022e-07
0.01250282585
-2.682733625e-07
-3.035516591e-07
0.01250279906
-3.459538243e-09
-3.126545854e-07
0.01250277273
2.016377674e-07
-3.216071985e-07
0.01250275696
3.30488347e-07
-3.145370689e-07
0.0125027234
4.298516503e-07
-3.098949214e-07
5.311969735e-07
-3.143231098e-07
0.01250014556
6.62652046e-07
5.861331738e-08
0.01250058346
1.99175596e-06
1.818341109e-07
0.01250139345
3.523936396e-06
3.736879407e-07
0.0125027234
5.40481259e-06
6.948824635e-07
0.01250480684
7.735179847e-06
1.222343328e-06
0.0125079659
1.052567001e-05
2.036932668e-06
0.01251260733
1.362898887e-05
3.198727792e-06
0.01251901626
1.654979316e-05
4.611726658e-06
0.01252714021
1.839860877e-05
5.954301306e-06
0.01253559968
1.773603658e-05
6.395424506e-06
0.01254192934
1.336484558e-05
5.13739816e-06
0.01254442835
5.549423183e-06
2.35428337e-06
0.01254268489
-2.945159791e-06
-8.424195436e-07
0.0125373002
-1.05703687e-05
-3.759923322e-06
0.01252954662
-1.576570218e-05
-5.715866992e-06
0.01252133148
-1.770977927e-05
-6.351650304e-06
0.01251471052
-1.631292638e-05
-5.583720735e-06
0.01251050023
-1.279081734e-05
-4.037509176e-06
0.01250774918
-9.507975209e-06
-2.912360023e-06
0.01250575577
-7.146837862e-06
-2.344081356e-06
0.01250438823
-5.220778501e-06
-1.941524593e-06
0.01250349497
-3.605739861e-06
-1.626845536e-06
0.01250289727
-2.423101712e-06
-1.430443573e-06
0.0125024849
-1.599638588e-06
-1.320107144e-06
0.01250220152
-1.019380256e-06
-1.240838735e-06
0.01250200455
-6.028336865e-07
-1.180068621e-06
0.0125018697
-3.051584608e-07
-1.132283645e-06
0.01250177588
-1.075399037e-07
-1.101857145e-06
0.01250170682
3.665139276e-08
-1.073796389e-06
0.01250164973
1.26596277e-07
-1.057151918e-06
0.01250161916
1.739132752e-07
-1.049532353e-06
1.985316474e-07
-1.043878397e-06
0.01250019056
4.621062284e-07
4.028679756e-08
0.01250076333
1.388324534e-06
1.239864811e-07
0.01250178815
2.438181502e-06
2.48283095e-07
0.01250338835
3.696116229e-06
4.465106113e-07
0.01250573466
5.207378897e-06
7.559998572e-07
0.01250902535
6.948789911e-06
1.209744844e-06
0.01251344074
8.791512102e-06
1.819622748e-06
0.01251901234
1.04095404e-05
2.518111986e-06
0.01252543278
1.129361155e-05
3.131892002e-06
0.01253176483
1.070380886e-05
3.305142293e-06
0.01253655815
8.009822226e-06
2.654309278e-06
0.01253855466
3.277937636e-06
1.21590304e-06
0.01253734468
-1.685300325e-06
-4.543743e-07
0.01253338145
-6.261885599e-06
-1.984625784e-06
0.01252756893
-9.430527522e-06
-3.015903514e-06
0.01252115279
-1.073146138e-05
-3.367574616e-06
0.01251546664
-1.015708931e-05
-2.99752097e-06
0.01251129513
-8.32031543e-06
-2.180225807e-06
0.01250831617
-6.376293212e-06
-1.485941383e-06
0.0125060809
-4.860169537e-06
-1.079520909e-06
0.01250445499
-3.624262673e-06
-8.222136073e-07
0.01250332421
-2.573754644e-06
-6.260614096e-07
0.01250254659
-1.795152889e-06
-5.181356536e-07
0.01250199898
-1.222158574e-06
-4.75133351e-07
0.01250162157
-8.321176855e-07
-4.491155116e-07
0.0125013563
-5.32772189e-07
-4.404637883e-07
0.01250117847
-3.324052521e-07
-4.353255397e-07
0.01250104862
-1.781239484e-07
-4.415917917e-07
0.01250096197
-8.675391427e-08
-4.401196181e-07
0.01250089497
-9.746969465e-09
-4.455326322e-07
0.01250083836
2.944111824e-08
-4.45431715e-07
6.636258541e-08
-4.486101437e-07
0.01250021793
2.368365194e-07
2.896322803e-08
0.01250087252
7.113487635e-07
8.850437581e-08
0.01250202334
1.243873685e-06
1.732062565e-07
0.01250377155
1.872703672e-06
3.022492248e-07
0.01250624267
2.614453594e-06
4.94472609e-07
0.01250955625
3.44922964e-06
7.627882463e-07
0.01251377327
4.308464557e-06
1.104127465e-06
0.01251880661
5.025862067e-06
1.472968187e-06
0.01252428386
5.400977636e-06
1.771643334e-06
0.01252952171
5.039109652e-06
1.831910768e-06
0.01253337315
3.809981753e-06
1.456462199e-06
0.0125349789
1.491704579e-06
6.509916903e-07
0.01253409656
-8.02006456e-07
-2.530065988e-07
0.01253094945
-2.940351234e-06
-1.137631771e-06
0.01252623048
-4.426232361e-06
-1.762333273e-06
0.01252088786
-5.074431415e-06
-2.023011473e-06
0.0125158829
-4.885809297e-06
-1.918836337e-06
0.01251183815
-4.104285312e-06
-1.580803792e-06
0.01250874773
-3.204099219e-06
-1.261773661e-06
0.01250637223
-2.459096333e-06
-1.065772724e-06
0.01250458319
-1.843235973e-06
-9.338906836e-07
0.01250329583
-1.318624246e-06
-8.318838282e-07
0.01250237901
-9.245097478e-07
-7.688435471e-07
0.01250172968
-6.268525962e-07
-7.336630436e-07
0.01250126135
-4.235125545e-07
-7.113749495e-07
0.01250093465
-2.693087631e-07
-6.946015064e-07
0.01250070009
-1.662644968e-07
-6.824637865e-07
0.01250053714
-8.76922781e-08
-6.730495139e-07
0.01250041439
-4.222726356e-08
-6.655029599e-07
0.01250032503
-4.26102647e-09
-6.58224928e-07
0.01250025042
1.557551752e-08
-6.533411605e-07
2.537649172e-08
-6.497789687e-07
0.01250023076
2.360029772e-08
0.01250092363
7.178155219e-08
0.01250213214
1.383585804e-07
0.0125039449
2.365592902e-07
0.01250646437
3.779024669e-07
0.01250977186
5.683760308e-07
0.01251388188
8.009181048e-07
0.0125186515
1.040212241e-06
0.01252375156
1.221882726e-06
0.01252848544
1.227787453e-06
0.01253203383
1.006334514e-06
0.01253341154
2.848813802e-07
0.01253259807
-2.125448402e-07
0.01252976669
-8.167312232e-07
0.01252553172
-1.266367135e-06
0.01252067434
-1.469434053e-06
0.01251597911
-1.43154147e-06
0.01251200549
-1.227900654e-06
0.01250886942
-1.001677972e-06
0.01250643109
-8.338335821e-07
0.01250457381
-7.156020209e-07
0.01250321675
-6.254014447e-07
0.01250223455
-5.686507644e-07
0.01250153855
-5.292283053e-07
0.01250103743
-5.09329881e-07
0.01250068778
-4.986115536e-07
0.01250043628
-4.941309014e-07
0.01250026207
-4.917018408e-07
0.0125001308
-4.911285908e-07
0.01250003544
-4.917556577e-07
0.01249995747
-4.91677239e-07
-4.930330438e-07
0.0125002322
-2.341617976e-07
2.784096872e-08
0.012500929
-7.027418488e-07
8.464642051e-08
0.01250214416
-1.226547466e-06
1.621349027e-07
0.01250396612
-1.841244509e-06
2.751466586e-07
0.01250649598
-2.560198711e-06
4.365010709e-07
0.01250981127
-3.359895752e-06
6.526859174e-07
0.01251391952
-4.169227305e-06
9.158260327e-07
0.01251866902
-4.825113354e-06
1.186828225e-06
0.01252372331
-5.139166063e-06
1.396779292e-06
0.0125283904
-4.746104827e-06
1.418989113e-06
0.01253187836
-3.552068501e-06
1.202860595e-06
0.01253321098
-1.352342202e-06
4.686439869e-07
0.01253240994
8.106917464e-07
-3.942847507e-08
0.01252962252
2.829969674e-06
-6.491743867e-07
0.01252544939
4.235605e-06
-1.086365111e-06
0.01252065753
4.859230593e-06
-1.258640473e-06
0.01251600966
4.708298361e-06
-1.175452205e-06
0.01251204811
4.008945869e-06
-9.22483853e-07
0.01250890098
3.179887398e-06
-6.517090952e-07
0.012506454
2.466616231e-06
-4.484936512e-07
0.01250459204
1.871330502e-06
-3.048030696e-07
0.01250323034
1.36282118e-06
-1.971909765e-07
0.01250224652
9.782166851e-07
-1.281840802e-07
0.01250155017
6.911163029e-07
-8.106652349e-08
0.01250104732
4.934967355e-07
-5.360381246e-08
0.0125007013
3.320536784e-07
-4.180235641e-08
0.01250044981
2.36041856e-07
-3.690145024e-08
0.0125002782
1.553065856e-07
-3.523419989e-08
0.01250014829
1.133956712e-07
-3.458304394e-08
0.01250005519
7.561747654e-08
-3.60007392e-08
0.01249997864
5.841268407e-08
-3.770390885e-08
4.177519284e-08
-3.882471058e-08
0.01250021998
-4.565223059e-07
3.368043982e-08
0.01250088032
-1.370337412e-06
1.028524289e-07
0.01250204116
-2.401458384e-06
2.000408971e-07
0.01250380393
-3.628180419e-06
3.464943169e-07
0.01250629264
-5.08748071e-06
5.627299269e-07
0.01250962197
-6.746639119e-06
8.623870586e-07
0.01251384212
-8.467989868e-06
1.240702424e-06
0.0125188508
-9.930911017e-06
1.64705985e-06
0.01252426195
-1.065491078e-05
1.974753612e-06
0.01252939949
-9.979081439e-06
2.048982424e-06
0.01253315933
-7.380819411e-06
1.671342908e-06
0.01253471002
-2.924321327e-06
8.447876744e-07
0.01253384417
1.6976569e-06
-7.645223745e-08
0.0125307596
5.977316811e-06
-9.71483252e-07
0.01252613318
8.946461967e-06
-1.581553002e-06
0.01252088696
1.019116228e-05
-1.802997891e-06
0.0125159439
9.724316645e-06
-1.641850979e-06
0.01251190207
8.103965852e-06
-1.242438161e-06
0.01250878793
6.32352619e-06
-8.669764115e-07
0.0125063981
4.865679736e-06
-6.257422162e-07
0.01250460133
3.664622361e-06
-4.661260489e-07
0.01250330703
2.645903473e-06
-3.465762881e-07
0.01250238461
1.883640507e-06
-2.731591144e-07
0.01250173393
1.321373718e-06
-2.302944033e-07
0.01250127077
9.34651029e-07
-2.053040083e-07
0.01250094775
6.312133732e-07
-1.868876965e-07
0.0125007162
4.415081755e-07
-1.752992058e-07
0.01250055639
2.866815011e-07
-1.653889237e-07
0.0125004364
2.037682158e-07
-1.580212169e-07
0.01250035018
1.30955643e-07
-1.486587706e-07
0.01250027724
1.01652489e-07
-1.424165171e-07
7.785432617e-08
-1.332040365e-07
0.01250019396
-6.537481507e-07
4.598382811e-08
0.01250077665
-1.963046825e-06
1.41400229e-07
0.0125018194
-3.463945477e-06
2.814979662e-07
0.01250344708
-5.290484578e-06
5.026738929e-07
0.01250582938
-7.526070799e-06
8.447619378e-07
0.01250915731
-1.01592168e-05
1.341556242e-06
0.01251359051
-1.301651739e-05
2.00108264e-06
0.0125191281
-1.560608251e-05
2.745040432e-06
0.01252542289
-1.708673025e-05
3.384426785e-06
0.01253155828
-1.622262993e-05
3.556130664e-06
0.01253618723
-1.207867085e-05
2.893712047e-06
0.01253809218
-4.831801832e-06
1.418318429e-06
0.01253692188
2.913302622e-06
-2.705980971e-07
0.0125330787
9.91943801e-06
-1.816637299e-06
0.01252744683
1.470370295e-05
-2.830079913e-06
0.01252121408
1.655461879e-05
-3.136346937e-06
0.01251563887
1.543010027e-05
-2.707587327e-06
0.01251144954
1.242403651e-05
-1.83885385e-06
0.01250841121
9.474982359e-06
-1.093965868e-06
0.0125061449
7.218119733e-06
-6.429741834e-07
0.01250449469
5.377496312e-06
-3.385367909e-07
0.01250334946
3.830482748e-06
-1.171231271e-07
0.01250255865
2.701064384e-06
2.762021854e-08
0.01250200827
1.883283994e-06
8.801971409e-08
0.01250162382
1.327015233e-06
1.158902391e-07
0.01250135667
9.015516528e-07
1.324519344e-07
0.01250117249
6.254275138e-07
1.350521116e-07
0.01250104389
4.081611756e-07
1.320189001e-07
0.01250095177
2.842648368e-07
1.227031098e-07
0.01250088495
1.772979748e-07
1.119320191e-07
0.01250083363
1.281225533e-07
9.80201087e-08
7.846267391e-08
8.305544273e-08
0.01250015135
-8.097705698e-07
6.581778831e-08
0.01250060677
-2.432951818e-06
2.040774943e-07
0.01250144959
-4.335761736e-06
4.170480912e-07
0.01250283278
-6.725520645e-06
7.702386497e-07
0.01250499112
-9.76972289e-06
1.344098296e-06
0.0125082375
-1.353395501e-05
2.219826244e-06
0.01251293605
-1.788288521e-05
3.445147211e-06
0.01251929997
-2.215205101e-05
4.902166654e-06
0.01252714121
-2.505803523e-05
6.225217914e-06
0.01253515446
-2.428610967e-05
6.620593198e-06
0.01254117292
-1.809534046e-05
5.34356132e-06
0.01254354892
-7.131017128e-06
2.519443788e-06
0.01254186971
4.722741466e-06
-6.976665306e-07
0.01253673135
1.520142693e-05
-3.580634298e-06
0.0125293492
2.219763465e-05
-5.449221266e-06
0.01252148558
2.448278973e-05
-5.969917196e-06
0.01251503115
2.191434963e-05
-5.083004791e-06
0.01251075001
1.671710784e-05
-3.46189144e-06
0.01250789317
1.231206025e-05
-2.262565395e-06
0.01250584453
9.225604739e-06
-1.624184058e-06
0.01250443246
6.740268278e-06
-1.189388753e-06
0.01250351251
4.688770581e-06
-8.486820473e-07
0.01250290623
3.229503655e-06
-6.435537239e-07
0.01250249679
2.201902601e-06
-5.253411923e-07
0.01250221897
1.508028997e-06
-4.519320232e-07
0.01250202969
9.898689596e-07
-3.961262559e-07
0.01250190134
6.53171757e-07
-3.559900454e-07
0.01250181181
3.990527103e-07
-3.201162804e-07
0.01250174821
2.538778701e-07
-2.899001076e-07
0.0125017019
1.35899815e-07
-2.545732384e-07
0.01250166311
8.760990831e-08
-2.301542004e-07
4.925277188e-08
-1.966414448e-07
0.01250008901
-9.053313967e-07
9.417964474e-08
0.0125003579
-2.722704543e-06
2.953105506e-07
0.01250089535
-4.915611257e-06
6.203675662e-07
0.01250187481
-7.781985064e-06
1.186749587e-06
0.01250360458
-1.162614414e-05
2.156355063e-06
0.01250656748
-1.668204635e-05
3.714803284e-06
0.01251147753
-2.300528953e-05
6.028300249e-06
0.01251897756
-2.980427345e-05
8.927639561e-06
0.01252934273
-3.532054232e-05
1.176487758e-05
0.01254049714
-3.512546729e-05
1.266229945e-05
0.01254868351
-2.597286775e-05
1.001728383e-05
0.01255165809
-9.805547692e-06
4.451586705e-06
0.01254916532
7.53316969e-06
-1.687942743e-06
0.01254188654
2.274013699e-05
-7.065423838e-06
0.01253155963
3.27047818e-05
-1.041095621e-05
0.01252098598
3.52812286e-05
-1.090618833e-05
0.0125133885
2.994879093e-05
-8.328716566e-06
0.01250921062
2.142138541e-05
-4.622387052e-06
0.01250674097
1.51951368e-05
-2.269042051e-06
0.01250510526
1.115011281e-05
-1.125318221e-06
0.01250410979
7.954056476e-06
-4.03336443e-07
0.01250354785
5.424964744e-06
1.128441093e-07
0.01250320939
3.710191508e-06
3.896499685e-07
0.01250299834
2.526884232e-06
4.836094619e-07
0.01250286655
1.725932479e-06
5.1137242e-07
0.01250278324
1.125255381e-06
5.128872556e-07
0.01250272978
7.248002211e-07
4.965765416e-07
0.0125026943
4.142767023e-07
4.670395936e-07
0.0125026699
2.247101394e-07
4.330958485e-07
0.01250265044
6.373913644e-08
3.884644311e-07
0.0125026437
-1.84109967e-08
3.565666317e-07
-1.117357847e-07
3.003292485e-07
0.01250000427
-9.189727359e-07
1.308678685e-07
0.01250002199
-2.769479409e-06
4.165380974e-07
0.01250012655
-5.080043193e-06
9.024581813e-07
0.01250048308
-8.248418895e-06
1.792540699e-06
0.01250145334
-1.277293819e-05
3.403926952e-06
0.01250372225
-1.918443396e-05
6.144663379e-06
0.01250857703
-2.801351253e-05
1.049977669e-05
0.01251749662
-3.850201814e-05
1.627737352e-05
0.0125320317
-4.862495323e-05
2.244212457e-05
0.0125482688
-4.958152054e-05
2.438106787e-05
0.01255971277
-3.599317256e-05
1.879143284e-05
0.012563502
-1.269456404e-05
7.722864158e-06
0.01255989605
1.149075718e-05
-4.120921529e-06
0.01254927415
3.279223259e-05
-1.464132858e-05
0.01253442239
4.612852075e-05
-2.14457759e-05
0.0125196476
4.813484641e-05
-2.26883394e-05
0.01251077267
3.757943457e-05
-1.725336001e-05
0.01250704012
2.454740601e-05
-1.013862518e-05
0.01250514846
1.665395745e-05
-6.100285858e-06
0.0125040971
1.177977334e-05
-4.109586549e-06
0.0125036903
7.906864467e-06
-2.71363447e-06
0.01250359258
5.008013682e-06
-1.727015038e-06
0.01250358732
3.191439832e-06
-1.204233725e-06
0.01250361556
1.996652972e-06
-9.221239949e-07
0.01250365852
1.226227384e-06
-7.493578235e-07
0.01250369846
6.790730358e-07
-6.143434985e-07
0.01250373253
3.420160367e-07
-5.202347896e-07
0.01250375755
9.773673052e-08
-4.347674112e-07
0.01250377915
-3.833205601e-08
-3.693419654e-07
0.0125037946
-1.4398963e-07
-2.895709391e-07
0.01250380412
-1.81443562e-07
-2.362877486e-07
-1.87232805e-07
-1.64618583e-07
0.01249990123
-8.328434077e-07
1.762553187e-07
0.01249960761
-2.51460434e-06
5.634224036e-07
0.01249914453
-4.697832546e-06
1.260333168e-06
0.01249860632
-7.858263689e-06
2.607058567e-06
0.01249833268
-1.271826256e-05
5.200535883e-06
0.01249917799
-2.023828297e-05
9.891987528e-06
0.0125032887
-3.182843619e-05
1.795249822e-05
0.01251378571
-4.720559137e-05
2.93705808e-05
0.01253551132
-6.497857764e-05
4.284603774e-05
0.01255972669
-6.73879455e-05
4.662821104e-05
0.0125756279
-4.700344756e-05
3.474243213e-05
0.01258040027
-1.418800832e-05
1.336464281e-05
0.01257519349
1.881512791e-05
-8.263805028e-06
0.01255920824
4.837581032e-05
-2.741010754e-05
0.01253694124
6.642938023e-05
-3.892131579e-05
0.01251558762
6.681141859e-05
-3.929229795e-05
0.01250585903
4.641077009e-05
-2.602155383e-05
0.01250337024
2.672379913e-05
-1.211486803e-05
0.01250259253
1.706894449e-05
-5.654505387e-06
0.01250255172
1.159277195e-05
-2.800321171e-06
0.01250300655
7.365702693e-06
-8.435066944e-07
0.01250347983
4.400013749e-06
4.073856936e-07
0.01250383495
2.600063147e-06
9.793944894e-07
0.01250410981
1.393910305e-06
1.136304816e-06
0.0125043151
5.960356722e-07
1.181823747e-06
0.01250446322
-1.283994211e-08
1.171722789e-06
0.01250457526
-4.201371403e-07
1.124739625e-06
0.01250465599
-7.076896781e-07
1.05258576e-06
0.01250472059
-8.966780556e-07
9.840515945e-07
0.01250475737
-1.020274581e-06
8.824642375e-07
0.0125048314
-1.109619142e-06
7.843160461e-07
-1.171826754e-06
6.35675104e-07
0.01249978852
-6.371084024e-07
2.221231516e-07
0.01249915484
-1.930403479e-06
7.19576022e-07
0.01249802521
-3.67217236e-06
1.662359377e-06
0.01249631966
-6.339040926e-06
3.585540199e-06
0.01249416901
-1.079442587e-05
7.545169889e-06
0.01249245175
-1.846224991e-05
1.525012501e-05
0.01249436927
-3.196271241e-05
2.967432767e-05
0.01250624755
-5.220601139e-05
5.16546446e-05
0.01254099711
-8.034631491e-05
8.100872302e-05
0.01257667439
-8.279112784e-05
8.729775146e-05
0.01259782101
-5.440016004e-05
6.182722244e-05
0.01260369283
-1.453141171e-05
2.064103767e-05
0.01259706638
2.451204977e-05
-2.046528764e-05
0.01257368975
6.051765816e-05
-5.775125682e-05
0.01253931765
8.204599906e-05
-8.041262619e-05
0.01250805543
7.925230067e-05
-7.945319292e-05
0.0124991344
4.707327988e-05
-4.944815787e-05
0.01249815264
2.358038596e-05
-2.365573952e-05
0.01249884304
1.289731992e-05
-1.265978937e-05
0.01250041397
6.938300403e-06
-7.353339361e-06
0.01250214869
2.773560676e-06
-3.855217539e-06
0.01250340629
4.712065066e-07
-1.906343119e-06
0.01250426705
-6.653716345e-07
-1.101563354e-06
0.01250485669
-1.319057301e-06
-7.008000063e-07
0.01250525747
-1.684806682e-06
-4.314700106e-07
0.01250555165
-1.946340557e-06
-2.463777514e-07
0.01250576475
-2.08505307e-06
-1.153785111e-07
0.01250588751
-2.138408608e-06
-6.169187858e-09
0.01250596253
-2.152916098e-06
1.001641037e-07
0.01250601972
-2.137956984e-06
1.962547541e-07
0.01250604058
-2.100433532e-06
2.925775614e-07
-1.989553193e-06
3.804695383e-07
0.0124996894
-3.451929943e-07
2.610833197e-07
0.01249875051
-1.050623499e-06
8.545899844e-07
0.01249697611
-2.025482216e-06
2.027376094e-06
0.01249400174
-3.588715314e-06
4.535637803e-06
0.01248940679
-6.396845353e-06
1.006766481e-05
0.01248351218
-1.186905814e-05
2.168554181e-05
0.01248036261
-2.316982787e-05
4.608809314e-05
0.01249232207
-4.42644828e-05
8.662894583e-05
0.0125508777
-7.448173685e-05
0.000149054398
0.0126005547
-6.975095917e-05
0.0001572586351
0.01262457239
-4.104522685e-05
0.0001034682556
0.01263022276
-9.222391458e-06
3.102781582e-05
0.01262361061
2.075912078e-05
-4.158013485e-05
0.01259263358
5.086692719e-05
-0.0001097279142
0.01253871833
7.053438831e-05
-0.0001538307105
0.01249155756
6.831077492e-05
-0.0001479448711
0.01249013193
2.369593413e-05
-7.671124212e-05
0.01249174344
4.737456806e-06
-3.33289789e-05
0.01249459105
-3.532717441e-07
-1.797571646e-05
0.01249797519
-2.88238706e-06
-1.031197947e-05
0.01250066018
-4.758165739e-06
-5.305453652e-06
0.01250239527
-5.686591119e-06
-3.005592199e-06
0.01250364939
-6.059852829e-06
-2.284606501e-06
0.01250450976
-6.249198226e-06
-1.933659035e-06
0.01250510858
-6.35029944e-06
-1.858228288e-06
0.0125055256
-6.389512738e-06
-1.961004211e-06
0.01250583052
-6.37559901e-06
-2.119032335e-06
0.01250606057
-6.320684783e-06
-2.302635292e-06
0.01250623078
-6.250656455e-06
-2.478542546e-06
0.01250633851
-6.148484955e-06
-2.678983348e-06
0.01250649742
-6.110969153e-06
-2.842191818e-06
-6.049454064e-06
-3.085974998e-06
0.01249963193
2.235251825e-09
2.837398815e-07
0.01249850969
6.688775372e-09
9.337413561e-07
0.01249632645
1.068724963e-08
2.244764837e-06
0.01249247113
1.424951e-08
5.140279706e-06
0.0124858323
1.087955635e-08
1.176473636e-05
0.01247548972
-3.385284627e-09
2.673302537e-05
0.01246254251
-1.158844813e-07
6.061755497e-05
0.01247212563
-3.606775106e-07
0.0001278268583
0.01256047875
-1.224129389e-06
0.0002494954719
0.01261972011
-6.636387214e-07
0.0002609271793
0.01264045147
-4.124209575e-07
0.0001649597935
0.01264633106
-6.581707078e-07
5.304953806e-05
0.01264184181
-7.568551675e-07
-5.718307378e-05
0.01261277361
-5.976292149e-07
-0.0001649880537
0.01254353629
-9.144391089e-07
-0.0002503394537
0.01246714931
-2.095307721e-06
-0.0002561720275
0.01247682461
-4.068976571e-06
-0.0001284970107
0.0124829357
-5.149995596e-06
-5.802288185e-05
0.01249048262
-6.64311324e-06
-3.74588823e-05
0.01249780841
-8.119915811e-06
-2.476623864e-05
0.01250199223
-8.514779863e-06
-1.729195652e-05
0.01250415704
-8.210068632e-06
-1.411828145e-05
0.01250543705
-7.843750639e-06
-1.285763814e-05
0.01250628882
-7.478685359e-06
-1.226014767e-05
0.01250680223
-7.133172872e-06
-1.190210748e-05
0.0125070833
-6.805133605e-06
-1.166745557e-05
0.01250723839
-6.517806379e-06
-1.149214111e-05
0.01250733192
-6.244842809e-06
-1.134831041e-05
0.01250738328
-6.007091691e-06
-1.120720777e-05
0.01250741823
-5.760321316e-06
-1.105445455e-05
0.01250736489
-5.567641887e-06
-1.092622295e-05
-5.246085226e-06
-1.071932602e-05
0.01249963189
3.496249798e-07
2.833424079e-07
0.01249850958
1.063791299e-06
9.323956737e-07
0.01249632546
2.046966011e-06
2.242398255e-06
0.01249246814
3.617036873e-06
5.13443349e-06
0.01248581424
6.427340248e-06
1.17613964e-05
0.01247542382
1.189317993e-05
2.671713631e-05
0.01246222989
2.319462069e-05
6.074565733e-05
0.01247143969
4.433311335e-05
0.0001280472113
0.01256085478
7.4726547e-05
0.0002522529645
0.01261983501
6.93362891e-05
0.0002635933254
0.01264061563
4.039424403e-05
0.0001666138346
0.01264644586
8.503087718e-06
5.436415489e-05
0.01264179374
-2.146772141e-05
-5.616958112e-05
0.01261234884
-5.144001403e-05
-0.0001640424047
0.01254213093
-7.123015226e-05
-0.0002486041513
0.01246550968
-6.845740697e-05
-0.0002528320549
0.01247509568
-2.388985651e-05
-0.0001211878432
0.01248054735
-4.884959254e-06
-4.48709495e-05
0.01248757176
1.657870634e-06
-1.895958451e-05
0.01249519372
5.452742336e-06
-1.800805411e-06
0.01249975159
7.782763555e-06
8.156693103e-06
0.01250227681
8.620874574e-06
1.308476078e-05
0.01250394498
9.024407874e-06
1.519503403e-05
0.01250503131
9.098631792e-06
1.643912325e-05
0.01250575145
9.0553982e-06
1.715437434e-05
0.01250622889
8.95901396e-06
1.75980706e-05
0.01250655701
8.85694667e-06
1.782147569e-05
0.0125067832
8.759210011e-06
1.796040554e-05
0.01250694114
8.677053313e-06
1.800916921e-05
0.01250706407
8.605866781e-06
1.804409806e-05
0.01250716339
8.514466687e-06
1.805009896e-05
8.387746683e-06
1.819085938e-05
0.01249968933
6.41382248e-07
2.599530068e-07
0.01249875012
1.943116369e-06
8.509778182e-07
0.01249697385
3.693508766e-06
2.020243049e-06
0.01249399279
6.368818826e-06
4.522315591e-06
0.01248937276
1.083569682e-05
1.004988359e-05
0.01248341758
1.851770495e-05
2.16630155e-05
0.01248010612
3.207642527e-05
4.616104102e-05
0.01249189837
5.238945066e-05
8.682043787e-05
0.01255116223
8.095777951e-05
0.000150296083
0.01260055815
8.330258584e-05
0.0001583148287
0.01262458975
5.491133344e-05
0.0001046340822
0.01263023511
1.504551045e-05
3.258990314e-05
0.01262344317
-2.405530939e-05
-4.002736224e-05
0.01259220002
-6.000619376e-05
-0.0001082526855
0.01253797415
-8.141329599e-05
-0.0001523012056
0.01249086805
-7.8231313e-05
-0.0001454653283
0.01248907479
-4.563236403e-05
-7.35896486e-05
0.01249202998
-2.072156999e-05
-2.793949309e-05
0.0124955604
-9.966809663e-06
-1.402840327e-05
0.0124994398
-4.448566814e-06
-8.554308255e-06
0.01250231147
-4.390326804e-07
-5.308334015e-06
0.01250398367
1.856507861e-06
-4.313904268e-06
0.01250509231
3.21489522e-06
-4.306897163e-06
0.01250582456
3.996687608e-06
-4.461141081e-06
0.01250628495
4.476982408e-06
-4.575291488e-06
0.0125065778
4.764974704e-06
-4.696749226e-06
0.01250677541
4.928368009e-06
-4.767756218e-06
0.01250688464
5.022475124e-06
-4.773056827e-06
0.01250694648
5.076372621e-06
-4.755028453e-06
0.01250698824
5.095586935e-06
-4.707509979e-06
0.01250692505
5.130300024e-06
-4.642277884e-06
5.196933548e-06
-4.486667413e-06
0.01249978848
8.368368988e-07
2.204364708e-07
0.01249915447
2.526545095e-06
7.142517528e-07
0.01249802318
4.718149813e-06
1.651870191e-06
0.01249631181
7.887733633e-06
3.566657354e-06
0.01249414454
1.27606161e-05
7.515755227e-06
0.01249238744
2.029918002e-05
1.520606139e-05
0.01249423994
3.193922133e-05
2.965048843e-05
0.01250600068
4.738417635e-05
5.165896595e-05
0.01254100226
6.541513945e-05
8.137394641e-05
0.01257665203
6.789716696e-05
8.769272677e-05
0.01259781661
4.750695216e-05
6.224703495e-05
0.01260368065
1.472836165e-05
2.112491078e-05
0.01259696274
-1.827294431e-05
-2.005991627e-05
0.01257347723
-4.775443161e-05
-5.737747912e-05
0.01253897028
-6.568881688e-05
-8.007263264e-05
0.0125077893
-6.575112671e-05
-7.885349171e-05
0.01249872576
-4.52428814e-05
-4.906788311e-05
0.01249820898
-2.498515384e-05
-2.280836471e-05
0.01249877531
-1.519553588e-05
-1.198662273e-05
0.01250010244
-9.739642e-06
-6.857281836e-06
0.01250170638
-5.518479986e-06
-2.627789223e-06
0.01250287805
-2.726498446e-06
1.106033417e-08
0.01250368861
-1.153343656e-06
1.547282132e-06
0.01250432628
-1.991066676e-07
2.278638807e-06
0.01250480378
3.892936931e-07
2.742894722e-06
0.01250513919
7.423488521e-07
3.002609206e-06
0.01250538036
9.350231123e-07
3.128498317e-06
0.01250554252
1.03384477e-06
3.196134459e-06
0.01250566819
1.069721928e-06
3.20880004e-06
0.01250576868
1.060523524e-06
3.162986335e-06
0.01250587993
1.000139218e-06
3.158790156e-06
8.655046556e-07
3.145895114e-06
0.01249990127
9.225561726e-07
1.742176538e-07
0.01249960757
2.780237971e-06
5.570578278e-07
0.01249914366
5.098421191e-06
1.247949946e-06
0.01249860218
8.275316962e-06
2.585294045e-06
0.01249831963
1.281130771e-05
5.165228601e-06
0.01249914398
1.923906405e-05
9.83720264e-06
0.01250322368
2.81027256e-05
1.788460157e-05
0.01251367531
3.864079099e-05
2.92955821e-05
0.0125354877
4.888584751e-05
4.285778755e-05
0.01255972953
4.991514653e-05
4.66378107e-05
0.01257562269
3.63454793e-05
3.472154804e-05
0.012580399
1.308887655e-05
1.334378124e-05
0.01257515901
-1.108831801e-05
-8.338335043e-06
0.01255914178
-3.235908485e-05
-2.75229696e-05
0.01253680162
-4.564827809e-05
-3.912869e-05
0.01251548267
-4.749558351e-05
-3.949193888e-05
0.01250557066
-3.689471219e-05
-2.642825378e-05
0.01250325103
-2.34362531e-05
-1.211330747e-05
0.0125025504
-1.542042049e-05
-5.547707317e-06
0.01250259922
-1.064587134e-05
-2.784503651e-06
0.01250319332
-6.867747211e-06
-1.025007614e-06
0.01250377915
-4.037383469e-06
-2.210772553e-08
0.01250419467
-2.244301328e-06
2.117035894e-07
0.01250451708
-1.074956991e-06
1.18288632e-07
0.01250476375
-3.072883333e-07
1.444938757e-08
0.0125049127
2.361179768e-07
-9.940384153e-08
0.01250500246
5.740687823e-07
-1.980841761e-07
0.01250506572
7.788082344e-07
-2.701766294e-07
0.0125051084
8.967470818e-07
-3.079783551e-07
0.01250514525
9.560593878e-07
-3.272364728e-07
0.01250510394
9.973830028e-07
-3.246530843e-07
1.05412247e-06
-2.560224625e-07
0.01250000438
9.084149262e-07
1.286729878e-07
0.01250002234
2.731947563e-06
4.097379027e-07
0.01250012685
4.931396152e-06
8.894425491e-07
0.01250048212
7.805082794e-06
1.770275953e-06
0.01250144845
1.165852465e-05
3.368145137e-06
0.0125037079
1.672706812e-05
6.089494321e-06
0.01250855003
2.307227429e-05
1.042299356e-05
0.01251745331
2.990242946e-05
1.617686193e-05
0.012532014
3.547687416e-05
2.234064895e-05
0.01254826859
3.533186377e-05
2.426380683e-05
0.01255970575
2.620268088e-05
1.864608937e-05
0.01256350543
1.006148391e-05
7.561151126e-06
0.01255988353
-7.260390854e-06
-4.32288129e-06
0.01254924971
-2.245426897e-05
-1.490202825e-05
0.01253435814
-3.23841249e-05
-2.176942286e-05
0.01251957918
-3.488402295e-05
-2.305605392e-05
0.01251062582
-2.951767295e-05
-1.774677599e-05
0.01250700687
-2.079184054e-05
-1.053976363e-05
0.01250517807
-1.449307206e-05
-6.577177649e-06
0.0125041111
-1.048417432e-05
-4.742735853e-06
0.01250367863
-7.290852239e-06
-3.417333233e-06
0.01250354396
-4.74041528e-06
-2.400798909e-06
0.01250350439
-3.043682245e-06
-1.798392922e-06
0.01250350658
-1.900751327e-06
-1.442670207e-06
0.01250352694
-1.159832893e-06
-1.219922515e-06
0.01250355712
-6.167289973e-07
-1.05189726e-06
0.01250359002
-2.820301762e-07
-9.359902658e-07
0.01250361338
-6.403256936e-08
-8.593954878e-07
0.01250363985
4.838636309e-08
-8.244023365e-07
0.01250365692
1.220294328e-07
-8.061513984e-07
0.0125037025
1.319677914e-07
-8.070223606e-07
7.59991349e-08
-8.048953202e-07
0.01250008919
8.122756991e-07
9.196199051e-08
0.01250035857
2.440480697e-06
2.884893837e-07
0.01250089657
4.348586333e-06
6.075675867e-07
0.01250187613
6.744202371e-06
1.165433977e-06
0.01250360486
9.795498545e-06
2.122844716e-06
0.01250656451
1.356889158e-05
3.664200304e-06
0.01251147
1.79315977e-05
5.95630444e-06
0.01251896437
2.221983997e-05
8.830459426e-06
0.01252933689
2.515527436e-05
1.164677226e-05
0.01254050094
2.441306076e-05
1.252138003e-05
0.01254868831
1.824029733e-05
9.848738425e-06
0.01255166784
7.293076896e-06
4.255694463e-06
0.01254917503
-4.547120369e-06
-1.91927144e-06
0.0125418862
-1.501397796e-05
-7.345458391e-06
0.01253154667
-2.199080969e-05
-1.074562477e-05
0.0125209669
-2.42405899e-05
-1.130266284e-05
0.01251332598
-2.164227708e-05
-8.815653652e-06
0.01250917992
-1.635539183e-05
-5.125136911e-06
0.01250673038
-1.18798189e-05
-2.805589537e-06
0.01250509099
-8.809839275e-06
-1.687125514e-06
0.01250409913
-6.330038461e-06
-9.809982229e-07
0.01250355514
-4.279916756e-06
-4.651209512e-07
0.01250323568
-2.832844076e-06
-2.274580869e-07
0.01250304263
-1.816679789e-06
-1.758902829e-07
0.01250292348
-1.13394664e-06
-1.871856924e-07
0.01250285704
-6.227455764e-07
-2.139062597e-07
0.01250281539
-2.910967232e-07
-2.528253575e-07
0.01250279107
-4.88029091e-08
-3.035713426e-07
0.01250277125
8.563001517e-08
-3.390324392e-07
0.01250276225
1.898495457e-07
-3.733515739e-07
0.01250272122
2.491407108e-07
-3.860449098e-07
2.886855725e-07
-3.892975518e-07
0.01250015159
6.556429061e-07
6.366056045e-08
0.01250060768
1.968745021e-06
1.97477593e-07
0.01250145145
3.473625961e-06
4.048782859e-07
0.01250283557
5.304515898e-06
7.504490261e-07
0.01250499448
7.545185518e-06
1.313746846e-06
0.01250824057
1.018462292e-05
2.17510468e-06
0.0125129383
1.305050715e-05
3.382091726e-06
0.01251930118
1.56514676e-05
4.817214724e-06
0.01252714558
1.714765895e-05
6.117523251e-06
0.01253516411
1.630031066e-05
6.489642449e-06
0.01254118528
1.216885373e-05
5.187670694e-06
0.01254356339
4.932424047e-06
2.33682398e-06
0.01254188535
-2.802358209e-06
-9.091366007e-07
0.01253674166
-9.800130184e-06
-3.830086083e-06
0.01252935162
-1.45732516e-05
-5.743386334e-06
0.01252147983
-1.640502967e-05
-6.315412087e-06
0.01251500407
-1.526079363e-05
-5.489450157e-06
0.01251072755
-1.221173695e-05
-3.904639957e-06
0.01250789073
-9.22462481e-06
-2.730730808e-06
0.01250584629
-6.97460974e-06
-2.134871944e-06
0.01250443257
-5.135162344e-06
-1.722680118e-06
0.01250351077
-3.582705642e-06
-1.402250883e-06
0.01250289554
-2.446354429e-06
-1.201706399e-06
0.01250247716
-1.630161177e-06
-1.088241631e-06
0.01250218773
-1.076928981e-06
-1.00843035e-06
0.01250199035
-6.59420649e-07
-9.460124739e-07
0.01250185365
-3.894375585e-07
-8.972373247e-07
0.01250175778
-1.892605944e-07
-8.655300009e-07
0.01250168801
-8.001615929e-08
-8.383867137e-07
0.01250163697
6.103004489e-09
-8.223577162e-07
0.01250160674
3.357318721e-08
-8.037362339e-07
3.626382168e-08
-7.972836628e-07
0.01250019422
4.577899011e-07
4.391485007e-08
0.01250077771
1.374150657e-06
1.350960838e-07
0.01250182166
2.407923118e-06
2.700391543e-07
0.01250345075
3.637513337e-06
4.844167355e-07
0.01250583448
5.100084656e-06
8.173778712e-07
0.01250916356
6.763167604e-06
1.302115722e-06
0.01251359775
8.489544646e-06
1.946397334e-06
0.01251913635
9.958891892e-06
2.672086828e-06
0.01252543344
1.069101494e-05
3.29144901e-06
0.01253157247
1.002422808e-05
3.442193711e-06
0.01253620405
7.433569367e-06
2.75800917e-06
0.01253811049
2.983476787e-06
1.258411267e-06
0.01253694123
-1.632345942e-06
-4.551235678e-07
0.01253309559
-5.906735399e-06
-2.032382081e-06
0.01252745836
-8.869407561e-06
-3.082520587e-06
0.0125212196
-1.010454775e-05
-3.429300298e-06
0.01251563318
-9.625253181e-06
-3.046636923e-06
0.01251144099
-7.985355524e-06
-2.21441752e-06
0.01250841063
-6.182889961e-06
-1.49731434e-06
0.01250614329
-4.721698351e-06
-1.065085961e-06
0.01250449044
-3.521943776e-06
-7.825846075e-07
0.01250333956
-2.501241908e-06
-5.566392199e-07
0.01250254682
-1.737949318e-06
-4.338047955e-07
0.01250199397
-1.175251088e-06
-3.771864995e-07
0.01250161045
-7.897406287e-07
-3.527924956e-07
0.01250134429
-4.923524772e-07
-3.413671225e-07
0.01250116409
-3.008187783e-07
-3.43744883e-07
0.0125010365
-1.502961258e-07
-3.529631541e-07
0.01250094898
-6.832615212e-08
-3.642846236e-07
0.01250088451
1.526620817e-09
-3.764864805e-07
0.01250082684
2.992028277e-08
-3.841108008e-07
5.750701839e-08
-3.932974106e-07
0.01250022027
2.347962727e-07
3.168981159e-08
0.01250088147
7.046508925e-07
9.68051127e-08
0.01250204365
1.229779634e-06
1.891620337e-07
0.0125038081
1.845899035e-06
3.294144513e-07
0.01250629866
2.566452167e-06
5.375442894e-07
0.01250962985
3.368034145e-06
8.267385095e-07
0.01251385181
4.179691362e-06
1.192014131e-06
0.01251886236
4.838496795e-06
1.582820134e-06
0.01252427584
5.155997218e-06
1.893177797e-06
0.0125294162
4.76703445e-06
1.948745057e-06
0.01253317871
3.576338633e-06
1.551180567e-06
0.01253473058
1.380231252e-06
7.023678956e-07
0.01253386539
-7.801348812e-07
-2.400303104e-07
0.01253077931
-2.796970228e-06
-1.161311908e-06
0.0125261491
-4.19975905e-06
-1.801778721e-06
0.01252089702
-4.818909254e-06
-2.056569895e-06
0.01251594718
-4.66289451e-06
-1.931347205e-06
0.01251190126
-3.95541776e-06
-1.564823082e-06
0.01250878795
-3.117138991e-06
-1.214217819e-06
0.01250639694
-2.401797561e-06
-9.946565037e-07
0.0125045958
-1.805800668e-06
-8.488910957e-07
0.0125032986
-1.296767232e-06
-7.391592553e-07
0.01250237292
-9.105516333e-07
-6.705601003e-07
0.01250171965
-6.238310958e-07
-6.318144969e-07
0.01250125069
-4.218468309e-07
-6.103084057e-07
0.01250092367
-2.676166669e-07
-5.923165679e-07
0.01250068839
-1.680809826e-07
-5.799161787e-07
0.01250052563
-9.127059304e-08
-5.693208134e-07
0.01250040275
-4.866753919e-08
-5.622791199e-07
0.01250031315
-1.322725051e-08
-5.538638076e-07
0.01250023833
1.01679406e-09
-5.496165182e-07
8.975989689e-09
-5.440892173e-07
0.0125002325
2.589516743e-08
0.01250093019
7.874451194e-08
0.01250214675
1.515751558e-07
0.01250397051
2.58696749e-07
0.0125065024
4.124659961e-07
0.01250981982
6.189924886e-07
0.01251393021
8.702151223e-07
0.01251868192
1.127005513e-06
0.01252373846
1.321336805e-06
0.01252840807
1.325212315e-06
0.01253189839
1.092349806e-06
0.01253323194
3.315642239e-07
0.01253243174
-1.924804348e-07
0.01252964343
-8.253884097e-07
0.01252546716
-1.289857538e-06
0.01252067075
-1.491931687e-06
0.01251601687
-1.440553371e-06
0.01251205072
-1.217170666e-06
0.0125089024
-9.704945412e-07
0.01250645279
-7.860261546e-07
0.012504587
-6.556076048e-07
0.01250322132
-5.564898973e-07
0.0125022344
-4.922757046e-07
0.01250153301
-4.516717077e-07
0.01250102952
-4.276834411e-07
0.01250067832
-4.150344131e-07
0.01250042633
-4.10216378e-07
0.01250025163
-4.08274212e-07
0.01250012031
-4.084735047e-07
0.01250002548
-4.101550083e-07
0.01249994743
-4.126042541e-07
-4.139281909e-07
0.01250023416
-2.319388313e-07
2.562408579e-08
0.01250093636
-6.954532492e-07
7.789614825e-08
0.01250216055
-1.211227545e-06
1.491748869e-07
0.01250399482
-1.812160336e-06
2.530382066e-07
0.01250653849
-2.508283781e-06
4.011084207e-07
0.01250986478
-3.272491983e-06
5.988895466e-07
0.01251397357
-4.031676733e-06
8.387180539e-07
0.01251870371
-4.626937082e-06
1.083626002e-06
0.01252371254
-4.883897191e-06
1.271847117e-06
0.01252831221
-4.466192799e-06
1.285510965e-06
0.01253174136
-3.314960351e-06
1.088667489e-06
0.01253302872
-1.238542967e-06
4.198320752e-07
0.01253224237
7.886153952e-07
-4.170163735e-08
0.01252950112
2.686170164e-06
-5.940845746e-07
0.01252539069
4.011060365e-06
-9.869974843e-07
0.01252066267
4.6094917e-06
-1.140111058e-06
0.01251605712
4.494213225e-06
-1.064109797e-06
0.01251210176
3.869296525e-06
-8.364288947e-07
0.01250894021
3.101183805e-06
-5.913369262e-07
0.01250647981
2.417657897e-06
-4.057534059e-07
0.01250460695
1.841963564e-06
-2.73903649e-07
0.0125032354
1.349172189e-06
-1.748135207e-07
0.01250224453
9.728536276e-07
-1.101680217e-07
0.01250154298
6.88272903e-07
-6.779415787e-08
0.01250103701
4.954937867e-07
-4.313042397e-08
0.01250068926
3.339527544e-07
-2.80070615e-08
0.01250043673
2.396749815e-07
-2.40520525e-08
0.01250026473
1.590042455e-07
-2.224085201e-08
0.01250013421
1.176349956e-07
-2.169846969e-08
0.01250004109
8.037263327e-08
-2.325419492e-08
0.01249996499
6.201169776e-08
-2.36209332e-08
5.090721745e-08
-2.621131137e-08
0.01250022257
-4.518290631e-07
3.100065547e-08
0.01250089026
-1.354946403e-06
9.46524917e-08
0.01250206372
-2.368646287e-06
1.840059943e-07
0.01250384437
-3.564785314e-06
3.184622904e-07
0.0125063543
-4.971922886e-06
5.164481266e-07
0.01250970243
-6.547978979e-06
7.897351879e-07
0.01251392723
-8.148160048e-06
1.132386726e-06
0.01251891064
-9.45999157e-06
1.496703814e-06
0.01252425435
-1.003749087e-05
1.784645508e-06
0.01252929197
-9.295927588e-06
1.841097168e-06
0.01253296115
-6.810052219e-06
1.497253189e-06
0.0125344569
-2.635719562e-06
7.462091818e-07
0.01253361097
1.639842138e-06
-8.174245111e-08
0.01253059272
5.618919477e-06
-8.859800948e-07
0.01252605982
8.391909073e-06
-1.429505299e-06
0.01252090768
9.581434412e-06
-1.622795223e-06
0.01251602027
9.215766506e-06
-1.475990878e-06
0.01251197595
7.788818389e-06
-1.117647945e-06
0.01250883602
6.149674495e-06
-7.755345158e-07
0.01250642714
4.752465647e-06
-5.516703152e-07
0.01250461654
3.590967847e-06
-4.045260858e-07
0.01250331027
2.604373831e-06
-2.955089195e-07
0.0125023804
1.858529989e-06
-2.28969966e-07
0.01250172488
1.305682927e-06
-1.921884138e-07
0.01250126027
9.266016822e-07
-1.717996852e-07
0.01250093585
6.299733132e-07
-1.584993463e-07
0.0125007042
4.454673568e-07
-1.494379168e-07
0.0125005443
2.962964629e-07
-1.427850862e-07
0.0125004251
2.171071677e-07
-1.382958988e-07
0.01250033954
1.50155647e-07
-1.328801259e-07
0.01250026504
1.22705631e-07
-1.286127227e-07
1.134428568e-07
-1.225514213e-07
0.01250019799
-6.461543675e-07
4.2323353e-08
0.01250079247
-1.938138033e-06
1.301126936e-07
0.01250185614
-3.409599114e-06
2.587794047e-07
0.01250351512
-5.182511543e-06
4.614200031e-07
0.01250593726
-7.322811043e-06
7.735059847e-07
0.01250930465
-9.797697611e-06
1.223886235e-06
0.01251375479
-1.24128747e-05
1.815659907e-06
0.01251925334
-1.468694413e-05
2.473440255e-06
0.01252542181
-1.584513374e-05
3.023600908e-06
0.0125313656
-1.483468479e-05
3.151096363e-06
0.01253582845
-1.093672618e-05
2.557533888e-06
0.01253764903
-4.269956927e-06
1.231981381e-06
0.01253652083
2.762656501e-06
-2.652153549e-07
0.01253280178
9.158728687e-06
-1.637396344e-06
0.01252734651
1.354881059e-05
-2.531707821e-06
0.01252129073
1.530154034e-05
-2.800674022e-06
0.01251581169
1.441844092e-05
-2.431215744e-06
0.01251160163
1.184001494e-05
-1.679990779e-06
0.01250851223
9.167112896e-06
-1.022008071e-06
0.01250620946
7.026499358e-06
-6.142396518e-07
0.01250452913
5.268573292e-06
-3.358117447e-07
0.01250335843
3.787274602e-06
-1.293230475e-07
0.01250255275
2.68782173e-06
4.007285679e-09
0.0125019938
1.886444485e-06
6.620367543e-08
0.01250160469
1.33542703e-06
9.616839572e-08
0.01250133386
9.230433839e-07
1.102113272e-07
0.01250114835
6.48582329e-07
1.174400415e-07
0.0125010184
4.445844368e-07
1.136797572e-07
0.01250092669
3.224198609e-07
1.090950233e-07
0.01250085908
2.307651107e-07
9.893160195e-08
0.01250081011
1.791273146e-07
9.057018599e-08
1.51703786e-07
7.683737698e-08
0.01250015794
-7.988429829e-07
6.056353325e-08
0.01250063315
-2.396984728e-06
1.877204928e-07
0.01250151248
-4.254893015e-06
3.830091891e-07
0.01250295338
-6.558817917e-06
7.056453711e-07
0.0125051903
-9.442056488e-06
1.226420056e-06
0.01250852304
-1.292461383e-05
2.01400378e-06
0.01251326973
-1.681352418e-05
3.099105958e-06
0.0125195719
-2.045201743e-05
4.365077886e-06
0.01252713586
-2.265351052e-05
5.469634525e-06
0.01253472941
-2.157108136e-05
5.76343445e-06
0.01254045116
-1.594097158e-05
4.626054799e-06
0.01254269777
-6.12802152e-06
2.130898704e-06
0.01254110435
4.33480159e-06
-6.763881236e-07
0.01253621106
1.365016284e-05
-3.17877564e-06
0.01252918793
1.989830383e-05
-4.775584613e-06
0.01252165966
2.206299362e-05
-5.203104971e-06
0.01251533805
2.008412793e-05
-4.427077427e-06
0.01251099239
1.574323316e-05
-3.019453446e-06
0.01250805053
1.18057763e-05
-1.959364738e-06
0.01250594908
8.898840564e-06
-1.395079392e-06
0.01250449365
6.558066716e-06
-1.023452483e-06
0.01250354071
4.624907114e-06
-7.333760359e-07
0.01250291603
3.231846504e-06
-5.629000559e-07
0.01250249635
2.254513197e-06
-4.737340484e-07
0.012502213
1.588516152e-06
-4.216766452e-07
0.01250201982
1.103931985e-06
-3.838372847e-07
0.01250189027
7.805400577e-07
-3.584062035e-07
0.01250179921
5.537411535e-07
-3.382168257e-07
0.01250173779
4.144980203e-07
-3.2055452e-07
0.01250169373
3.217840983e-07
-3.015360576e-07
0.01250164772
2.751400461e-07
-2.801608144e-07
2.732018756e-07
-2.537694144e-07
0.01250009991
-8.912277118e-07
8.665893857e-08
0.01250040164
-2.674719178e-06
2.713128172e-07
0.01250100265
-4.804319778e-06
5.687868708e-07
0.01250208856
-7.542135957e-06
1.084155212e-06
0.01250397378
-1.112862656e-05
1.957702928e-06
0.01250712437
-1.570407908e-05
3.343678189e-06
0.01251216226
-2.117942319e-05
5.356309372e-06
0.0125195675
-2.674394396e-05
7.814329982e-06
0.01252931866
-3.073840325e-05
1.009860911e-05
0.01253957879
-2.990971855e-05
1.074080772e-05
0.01254719021
-2.20066951e-05
8.471583109e-06
0.01254999269
-8.160846309e-06
3.681930914e-06
0.0125476625
6.587593044e-06
-1.610535106e-06
0.01254092659
1.951469947e-05
-6.194057182e-06
0.01253138013
2.8053742e-05
-9.019931029e-06
0.01252151041
3.050068411e-05
-9.474162545e-06
0.01251406193
2.660933253e-05
-7.40544444e-06
0.01250968958
1.979225324e-05
-4.299059993e-06
0.01250704044
1.441521644e-05
-2.229340518e-06
0.01250528252
1.072476266e-05
-1.193325378e-06
0.01250418441
7.783291575e-06
-5.304494564e-07
0.01250355656
5.425231037e-06
-5.963144359e-08
0.01250318831
3.78905876e-06
2.006783069e-07
0.01250296148
2.666179663e-06
2.98775011e-07
0.01250282237
1.906931628e-06
3.320630257e-07
0.01250273656
1.360553593e-06
3.42067109e-07
0.01250268365
9.987531751e-07
3.312792048e-07
0.01250265074
7.446915002e-07
3.089949581e-07
0.01250263015
5.897224834e-07
2.784558007e-07
0.01250261641
4.82443333e-07
2.415404797e-07
0.01250261113
4.292296601e-07
2.07759373e-07
3.946055712e-07
1.736966043e-07
0.01250002019
-9.011994023e-07
1.206530779e-07
0.01250009221
-2.71245931e-06
3.822593127e-07
0.01250030496
-4.940030085e-06
8.254175473e-07
0.01250085377
-7.92925897e-06
1.630855507e-06
0.01250212755
-1.206676336e-05
3.068276857e-06
0.01250479975
-1.769980411e-05
5.468186995e-06
0.01250997607
-2.502008574e-05
9.164125444e-06
0.01251876378
-3.315880528e-05
1.390452319e-05
0.01253187061
-4.00360441e-05
1.863293897e-05
0.01254620779
-3.984786539e-05
1.998202774e-05
0.0125565378
-2.89677074e-05
1.542244315e-05
0.0125600477
-1.014370765e-05
6.195820858e-06
0.0125566938
9.477191344e-06
-3.656622227e-06
0.01254724709
2.651732967e-05
-1.219724432e-05
0.01253398904
3.746516589e-05
-1.759914845e-05
0.01252070469
3.959757513e-05
-1.850088936e-05
0.01251201697
3.233412759e-05
-1.429043417e-05
0.01250792252
2.231821868e-05
-8.570143851e-06
0.0125057829
1.56799895e-05
-5.225444991e-06
0.01250453689
1.147072818e-05
-3.609544177e-06
0.01250395168
8.153643774e-06
-2.498782783e-06
0.01250374259
5.605530653e-06
-1.698224874e-06
0.01250367663
3.930310153e-06
-1.279525093e-06
0.01250366526
2.831177973e-06
-1.075757592e-06
0.01250368103
2.095152689e-06
-9.533511912e-07
0.01250370321
1.584965891e-06
-8.609363335e-07
0.01250372443
1.248483578e-06
-7.911848501e-07
0.01250374207
1.024121021e-06
-7.318408009e-07
0.01250375604
8.85945339e-07
-6.795351543e-07
0.01250377003
7.956727474e-07
-6.167919085e-07
0.01250376456
7.689694737e-07
-5.705596729e-07
7.762533218e-07
-4.979795388e-07
0.01249992798
-8.149068653e-07
1.619834735e-07
0.01249971583
-2.453489586e-06
5.16602059e-07
0.01249942784
-4.541409636e-06
1.149706916e-06
0.01249922509
-7.478985082e-06
2.359533347e-06
0.01249952773
-1.181040725e-05
4.641541645e-06
0.01250122256
-1.816768181e-05
8.665032977e-06
0.01250612785
-2.725063487e-05
1.527775436e-05
0.01251646713
-3.836402288e-05
2.423651982e-05
0.01253474872
-4.941919859e-05
3.394760028e-05
0.01255509158
-5.018131271e-05
3.661879905e-05
0.0125690527
-3.561797826e-05
2.743158651e-05
0.01257347275
-1.129308127e-05
1.009397122e-05
0.01256866797
1.347808935e-05
-7.459923291e-06
0.01255510188
3.521619732e-05
-2.254289047e-05
0.012536294
4.904703989e-05
-3.169531584e-05
0.01251803786
5.067579769e-05
-3.21143886e-05
0.01250816948
3.845931757e-05
-2.22783615e-05
0.01250481173
2.480472001e-05
-1.124362897e-05
0.01250352361
1.708302951e-05
-5.769428556e-06
0.01250307605
1.242899024e-05
-3.31102665e-06
0.01250323056
8.801981892e-06
-1.64635211e-06
0.01250356744
6.205563336e-06
-5.295254583e-07
0.01250387613
4.582479389e-06
1.852528433e-08
0.01250412984
3.51348893e-06
2.002916276e-07
0.01250433647
2.797318761e-06
2.730183714e-07
0.01250449231
2.302119937e-06
2.987310029e-07
0.01250460626
1.976132446e-06
2.831357044e-07
0.01250468654
1.751154389e-06
2.452728834e-07
0.01250475088
1.597842075e-06
2.078128126e-07
0.0125048013
1.4918571e-06
1.358624023e-07
0.01250484699
1.422190237e-06
8.540502097e-08
1.356921258e-06
3.328132227e-08
0.01249982502
-6.217475035e-07
2.03938876e-07
0.01249930948
-1.877622205e-06
6.592476571e-07
0.01249844817
-3.53004241e-06
1.512300843e-06
0.01249729883
-5.968900917e-06
3.224798561e-06
0.01249620435
-9.82091154e-06
6.650150354e-06
0.01249620032
-1.598500472e-05
1.307148059e-05
0.01250005427
-2.583890728e-05
2.440865498e-05
0.01251189632
-3.921601129e-05
4.066458037e-05
0.01253818783
-5.477607764e-05
6.007409595e-05
0.01256657075
-5.612079664e-05
6.485431164e-05
0.01258466262
-3.855701226e-05
4.667439083e-05
0.01259041555
-1.196994536e-05
1.556497e-05
0.01258406948
1.485563323e-05
-1.549676202e-05
0.01256520494
3.916253481e-05
-4.283305256e-05
0.01253846924
5.488774002e-05
-5.951762946e-05
0.01251353343
5.569396113e-05
-5.953555488e-05
0.01250358715
3.834441682e-05
-3.938698364e-05
0.01250148149
2.365673916e-05
-2.040210212e-05
0.01250123927
1.663348487e-05
-1.196802607e-05
0.01250184082
1.239305087e-05
-7.918961195e-06
0.01250284673
9.00344589e-06
-5.06259004e-06
0.01250372122
6.751923937e-06
-3.327193142e-06
0.01250436038
5.447438249e-06
-2.605683609e-06
0.01250482967
4.587380253e-06
-2.243981999e-06
0.01250517532
4.034680553e-06
-2.014481585e-06
0.01250542086
3.665193405e-06
-1.854990797e-06
0.0125055915
3.445319315e-06
-1.75520829e-06
0.01250571481
3.294934098e-06
-1.673260735e-06
0.01250580424
3.201852362e-06
-1.593278308e-06
0.01250586924
3.126757107e-06
-1.503641361e-06
0.01250590355
3.103667716e-06
-1.423213958e-06
3.09869274e-06
-1.328741027e-06
0.01249973605
-3.364439594e-07
2.397145737e-07
0.01249895024
-1.019879122e-06
7.826544046e-07
0.01249754658
-1.940240184e-06
1.841240851e-06
0.01249540742
-3.352378703e-06
4.058267228e-06
0.01249261299
-5.717361317e-06
8.758544597e-06
0.01249003877
-9.866178395e-06
1.8140944e-05
0.01249139121
-1.736403705e-05
3.626078112e-05
0.01250408367
-2.947006027e-05
6.419053327e-05
0.01254264792
-4.56202101e-05
0.0001013342761
0.0125808709
-4.577437303e-05
0.000108689235
0.0126022444
-2.958880853e-05
7.312655635e-05
0.01260918699
-9.089434851e-06
2.120471123e-05
0.01260151469
1.108197332e-05
-3.013417755e-05
0.01257701281
3.052419201e-05
-7.658768624e-05
0.01253898633
4.471636983e-05
-0.0001056328642
0.01250412071
4.58782159e-05
-0.0001032635122
0.01249629676
2.821728049e-05
-5.876016137e-05
0.0124963803
1.72000311e-05
-2.695582671e-05
0.01249754892
1.293714247e-05
-1.544799773e-05
0.01249963197
9.728300358e-06
-9.730276796e-06
0.0125017411
7.022365426e-06
-5.433509846e-06
0.01250323687
5.174756697e-06
-2.924196e-06
0.0125042434
3.954971715e-06
-1.798667474e-06
0.01250495512
3.057846413e-06
-1.115846293e-06
0.01250547988
2.406157847e-06
-7.54466498e-07
0.01250584283
1.905826994e-06
-5.645835138e-07
0.01250608984
1.549442765e-06
-4.701720726e-07
0.01250626058
1.244219067e-06
-4.226605507e-07
0.01250637439
1.018862935e-06
-4.093655217e-07
0.01250646973
7.949945441e-07
-4.425534811e-07
0.01250655147
6.307210708e-07
-4.509891714e-07
3.729391288e-07
-4.692932259e-07
0.01249968457
2.089904888e-09
2.606137691e-07
0.01249873699
6.205496436e-09
8.552316816e-07
0.01249699284
9.798334555e-09
2.038880332e-06
0.01249418106
1.256891333e-08
4.587109568e-06
0.0124900473
9.753901085e-09
1.017138567e-05
0.01248498956
-9.686819187e-10
2.192554846e-05
0.01248217324
-6.78200223e-08
4.613766529e-05
0.01249269037
-1.835802e-07
8.802324628e-05
0.01254386328
-6.355246138e-07
0.0001533378729
0.01259122423
-5.820022781e-07
0.0001683738659
0.01261473271
-4.290297845e-07
0.0001122915345
0.01262351638
-4.283093378e-07
3.560473889e-05
0.01261637124
-4.417398294e-07
-3.85142241e-05
0.01259058993
-4.434156822e-07
-0.0001082391404
0.01254330122
-7.344298771e-07
-0.0001575999472
0.01249676407
-1.242518015e-06
-0.0001625141526
0.01249182113
-2.309683961e-06
-9.302710524e-05
0.01249326175
-3.415319948e-06
-3.884815335e-05
0.01249543548
-4.35704238e-06
-2.233842982e-05
0.01249859548
-4.78773725e-06
-1.341020522e-05
0.01250126329
-4.802883099e-06
-8.134525731e-06
0.01250311058
-4.834550011e-06
-5.956256877e-06
0.01250442204
-4.813423631e-06
-5.400706868e-06
0.01250531242
-4.823606401e-06
-5.269079819e-06
0.01250592529
-4.837102607e-06
-5.271709687e-06
0.01250633031
-4.866273975e-06
-5.30037749e-06
0.01250660514
-4.902425398e-06
-5.315109512e-06
0.01250679492
-4.974731586e-06
-5.319139757e-06
0.01250692741
-5.030001805e-06
-5.290829399e-06
0.01250702885
-5.114374311e-06
-5.246530932e-06
0.01250707187
-5.136114081e-06
-5.202403751e-06
-5.16476811e-06
-5.171009675e-06
0.0124996845
3.406003718e-07
2.603097346e-07
0.01249873669
1.03218869e-06
8.542191795e-07
0.01249699163
1.960077729e-06
2.037181413e-06
0.01249417719
3.37807119e-06
4.583370329e-06
0.01249003416
5.744087029e-06
1.017009307e-05
0.01248494429
9.884887644e-06
2.192114888e-05
0.01248205036
1.736085924e-05
4.621091065e-05
0.0124922916
2.94475476e-05
8.817483681e-05
0.01254377192
4.564693228e-05
0.0001544901957
0.0125912323
4.56523176e-05
0.0001698986258
0.0126147963
2.923604365e-05
0.000113384753
0.01262359855
8.63173413e-06
3.650186491e-05
0.01261638841
-1.159586437e-05
-3.78053244e-05
0.01259041201
-3.097887712e-05
-0.0001075305444
0.01254284549
-4.508574225e-05
-0.0001566863219
0.01249584347
-4.622845695e-05
-0.0001608440947
0.01249048314
-2.856672153e-05
-8.957047746e-05
0.01249166264
-1.721869409e-05
-3.224707251e-05
0.01249370408
-1.224919548e-05
-1.310887065e-05
0.01249714332
-8.37963088e-06
-1.648158711e-06
0.01250006543
-5.557940432e-06
5.989644925e-06
0.01250205789
-3.900053004e-06
1.015779979e-05
0.01250351167
-2.850410635e-06
1.177823694e-05
0.01250448314
-2.146097728e-06
1.279015304e-05
0.01250515191
-1.672162956e-06
1.332065694e-05
0.01250561539
-1.32865248e-06
1.35969669e-05
0.01250595642
-1.095061681e-06
1.367308005e-05
0.01250619493
-9.419293296e-07
1.368909889e-05
0.01250638723
-8.341575291e-07
1.362102303e-05
0.01250652443
-7.598845678e-07
1.355240872e-05
0.01250676369
-7.506120461e-07
1.342532919e-05
-8.149840464e-07
1.329990012e-05
0.01249973588
6.258068719e-07
2.388491262e-07
0.01249894944
1.889694419e-06
7.799196014e-07
0.01249754358
3.550101564e-06
1.836076982e-06
0.01249539793
5.99668929e-06
4.049340468e-06
0.01249258539
9.857664147e-06
8.748856065e-06
0.01248996577
1.603213777e-05
1.813537728e-05
0.01249124319
2.591899316e-05
3.632549223e-05
0.01250381417
3.933672968e-05
6.436027132e-05
0.01254267561
5.505185179e-05
0.0001020297248
0.01258086764
5.638374241e-05
0.0001093913772
0.01260222521
3.881076707e-05
7.370179004e-05
0.01260916921
1.227943694e-05
2.199819797e-05
0.01260141264
-1.455861308e-05
-2.930804379e-05
0.01257680799
-3.886750941e-05
-7.575940635e-05
0.01253859489
-5.450503335e-05
-0.000104668821
0.0125036616
-5.509327231e-05
-0.0001016672199
0.01249578606
-3.750453037e-05
-5.677630094e-05
0.01249659509
-2.221840535e-05
-2.374881567e-05
0.0124981842
-1.516741777e-05
-1.269929135e-05
0.01250042954
-1.110812553e-05
-8.071150939e-06
0.01250255563
-7.851042847e-06
-5.141320974e-06
0.01250396044
-5.651959159e-06
-3.966812734e-06
0.01250489126
-4.297872908e-06
-3.79024975e-06
0.01250552306
-3.33793031e-06
-3.90111473e-06
0.01250595648
-2.669586228e-06
-4.011283734e-06
0.012506244
-2.18854271e-06
-4.124377051e-06
0.0125064318
-1.836710523e-06
-4.213908178e-06
0.01250655649
-1.573622267e-06
-4.266064194e-06
0.01250664177
-1.381474453e-06
-4.292992789e-06
0.01250670387
-1.226888555e-06
-4.302603777e-06
0.01250669967
-1.097242415e-06
-4.291449223e-06
-8.944454401e-07
-4.275566515e-06
0.01249982483
8.187638929e-07
2.026409366e-07
0.01249930857
2.465027242e-06
6.551842636e-07
0.01249844501
4.560986424e-06
1.504546003e-06
0.01249728948
7.507335471e-06
3.211540036e-06
0.01249618068
1.185049605e-05
6.631718311e-06
0.01249614589
1.822418841e-05
1.304880274e-05
0.01249995948
2.734409893e-05
2.441179243e-05
0.01251173895
3.850794303e-05
4.070828251e-05
0.01253814027
4.969750219e-05
6.032697502e-05
0.01256652435
5.051910083e-05
6.517329348e-05
0.01258461566
3.596066556e-05
4.700582136e-05
0.01259038965
1.167023289e-05
1.596012996e-05
0.01258400189
-1.308031066e-05
-1.515045949e-05
0.01256507527
-3.478981067e-05
-4.252856672e-05
0.01253824308
-4.853971613e-05
-5.920575622e-05
0.01251332477
-4.999438458e-05
-5.903407295e-05
0.01250328849
-3.767344581e-05
-3.886268905e-05
0.01250142353
-2.368811953e-05
-1.947369025e-05
0.01250112448
-1.584503659e-05
-1.100995002e-05
0.01250152001
-1.127435715e-05
-7.086583374e-06
0.01250240559
-7.568768773e-06
-3.795644762e-06
0.01250318231
-4.908265107e-06
-1.50935536e-06
0.01250379601
-3.222365793e-06
-1.419232413e-07
0.01250427515
-2.106728524e-06
5.683012871e-07
0.01250464901
-1.373260506e-06
1.07270841e-06
0.01250491998
-8.521283237e-07
1.395223036e-06
0.01250512113
-5.016127131e-07
1.592246793e-06
0.01250525297
-2.340881037e-07
1.724762513e-06
0.01250536988
-7.777440832e-08
1.788186969e-06
0.01250544043
6.047783896e-08
1.805075327e-06
0.01250560094
9.315786164e-08
1.807877822e-06
7.819839832e-08
1.74175358e-06
0.01249992785
9.04724478e-07
1.604021619e-07
0.0124997152
2.723038442e-06
5.11697214e-07
0.01249942564
4.958144417e-06
1.140355968e-06
0.01249921871
7.955920531e-06
2.343635717e-06
0.01249951238
1.210479091e-05
4.617268415e-06
0.01250118932
1.775391964e-05
8.630535354e-06
0.01250607162
2.510412884e-05
1.524226237e-05
0.01251638059
3.328586272e-05
2.420869525e-05
0.01253470521
4.024513144e-05
3.398553515e-05
0.01255507088
4.011131342e-05
3.667993545e-05
0.01256903175
2.925021703e-05
2.747112043e-05
0.01257346417
1.045371855e-05
1.012788277e-05
0.01256863465
-9.134343622e-06
-7.454785562e-06
0.01255503903
-2.61486318e-05
-2.256852236e-05
0.0125361707
-3.704376025e-05
-3.17563169e-05
0.01251790343
-3.906815653e-05
-3.215089543e-05
0.01250791834
-3.173253135e-05
-2.238407899e-05
0.01250466796
-2.145890969e-05
-1.109214419e-05
0.0125034758
-1.469873873e-05
-5.501838044e-06
0.0125030881
-1.053550179e-05
-3.135660621e-06
0.01250331898
-7.247269921e-06
-1.577388349e-06
0.01250373819
-4.684094884e-06
-6.654825348e-07
0.01250407935
-2.99384827e-06
-3.579813716e-07
0.01250436107
-1.842926105e-06
-4.272293041e-07
0.01250458101
-1.058240079e-06
-5.205064979e-07
0.01250472646
-4.745950794e-07
-6.223963715e-07
0.01250482082
-8.525270055e-08
-7.088041421e-07
0.01250488371
2.141055585e-07
-7.812600038e-07
0.01250492678
4.047640451e-07
-8.335829229e-07
0.01250495814
5.680988818e-07
-8.662147427e-07
0.0125049357
6.812816175e-07
-8.903430453e-07
8.482835506e-07
-8.921163249e-07
0.01250002017
8.943041759e-07
1.189236139e-07
0.012500092
2.683948089e-06
3.769969844e-07
0.012500304
4.820166017e-06
8.154267734e-07
0.01250085054
7.565548551e-06
1.614105881e-06
0.01250211945
1.116176762e-05
3.042254533e-06
0.01250478235
1.575060095e-05
5.429911846e-06
0.01250994743
2.124750435e-05
9.114540097e-06
0.01251872285
2.684220997e-05
1.384509265e-05
0.01253184431
3.088386912e-05
1.858045669e-05
0.01254619602
3.009669032e-05
1.992671983e-05
0.01255652453
2.221650366e-05
1.535128877e-05
0.01256003925
8.390441087e-06
6.109709898e-06
0.01255667542
-6.331210621e-06
-3.762179458e-06
0.01254721139
-1.92417345e-05
-1.234490025e-05
0.01253392124
-2.774164325e-05
-1.778138559e-05
0.0125206238
-3.01201466e-05
-1.870662983e-05
0.01251188156
-2.617646409e-05
-1.456059646e-05
0.01250786452
-1.921369183e-05
-8.767938635e-06
0.01250579195
-1.376092326e-05
-5.442425219e-06
0.01250454219
-1.008322365e-05
-3.945257518e-06
0.01250393031
-7.153316112e-06
-2.899405562e-06
0.0125036842
-4.765079685e-06
-2.073703663e-06
0.01250357596
-3.107098582e-06
-1.576900542e-06
0.01250353227
-1.968363868e-06
-1.273545171e-06
0.01250351605
-1.204731687e-06
-1.057209991e-06
0.01250351863
-6.435609391e-07
-8.855114941e-07
0.01250352608
-2.722946155e-07
-7.563890985e-07
0.0125035351
4.428346246e-09
-6.58741898e-07
0.01250354514
1.708291171e-07
-6.005126588e-07
0.01250354559
3.03123488e-07
-5.416257797e-07
0.01250359586
3.482497352e-07
-5.242536004e-07
3.614803158e-07
-5.095399404e-07
0.01250009997
8.013740012e-07
8.492277222e-08
0.01250040183
2.404592002e-06
2.659864275e-07
0.01250100276
4.267943897e-06
5.588578426e-07
0.01250208789
6.578059785e-06
1.067795848e-06
0.01250397103
9.468988483e-06
1.932482659e-06
0.01250711755
1.296169998e-05
3.306577486e-06
0.01251215059
1.686536319e-05
5.305411042e-06
0.01251955102
2.052388435e-05
7.748355487e-06
0.01252930699
2.275302152e-05
1.002164653e-05
0.01253957516
2.169838991e-05
1.065150944e-05
0.01254718926
1.608628919e-05
8.364854274e-06
0.01254999449
6.2879176e-06
3.552991715e-06
0.01254766295
-4.156548541e-06
-1.762394226e-06
0.01254091434
-1.345633268e-05
-6.382249347e-06
0.01253135226
-1.968052606e-05
-9.244666164e-06
0.01252147354
-2.180586672e-05
-9.738220904e-06
0.01251399445
-1.978724542e-05
-7.725780385e-06
0.01250964597
-1.536954511e-05
-4.620798174e-06
0.01250701782
-1.1370626e-05
-2.567743181e-06
0.01250526422
-8.4588671e-06
-1.557882906e-06
0.01250416575
-6.125473045e-06
-9.10369906e-07
0.01250355058
-4.185300422e-06
-4.297295034e-07
0.01250319623
-2.792759624e-06
-1.874433163e-07
0.01250298232
-1.810617512e-06
-1.197210992e-07
0.0125028531
-1.138844543e-06
-1.23857046e-07
0.01250277849
-6.401804638e-07
-1.426786087e-07
0.01250273365
-3.019882665e-07
-1.782909162e-07
0.01250270785
-5.363999687e-08
-2.196975463e-07
0.01250268741
1.040071894e-07
-2.517676752e-07
0.01250267483
2.225522746e-07
-2.802035112e-07
0.01250264382
2.890429966e-07
-2.958298268e-07
3.765994706e-07
-3.183692729e-07
0.01250015808
6.480849317e-07
5.887059963e-08
0.01250063366
1.943946912e-06
1.825451519e-07
0.01250151343
3.419545443e-06
3.735020491e-07
0.01250295454
5.197118671e-06
6.902796021e-07
0.01250519113
7.343044589e-06
1.203103935e-06
0.0125085227
9.825098074e-06
1.980135225e-06
0.01251326788
1.244998423e-05
3.052286287e-06
0.01251956887
1.473676419e-05
4.303347455e-06
0.01252713524
1.591116503e-05
5.393014791e-06
0.01253473393
1.491784394e-05
5.671498263e-06
0.01254045885
1.103257162e-05
4.516465147e-06
0.01254270596
4.37698287e-06
2.000646084e-06
0.01254111168
-2.643721741e-06
-8.276776126e-07
0.0125362118
-9.02819481e-06
-3.358347107e-06
0.01252917851
-1.34034853e-05
-4.987134151e-06
0.01252164101
-1.513296497e-05
-5.450819378e-06
0.01251530361
-1.422384167e-05
-4.715453428e-06
0.01251096225
-1.160315833e-05
-3.329657039e-06
0.01250803936
-8.893830535e-06
-2.284639166e-06
0.01250594569
-6.75029852e-06
-1.749768259e-06
0.01250449017
-4.991629142e-06
-1.400999777e-06
0.01250353761
-3.507860476e-06
-1.127137795e-06
0.01250290496
-2.397406731e-06
-9.644078097e-07
0.01250247613
-1.594985389e-06
-8.750390985e-07
0.0125021791
-1.036430845e-06
-8.138120461e-07
0.01250197576
-6.229247647e-07
-7.599324979e-07
0.01250183362
-3.391767338e-07
-7.179059699e-07
0.0125017356
-1.360362422e-07
-6.851098242e-07
0.01250166181
-5.368411496e-09
-6.552199615e-07
0.01250160378
8.83454008e-08
-6.301172385e-07
0.01250156514
1.320716127e-07
-6.081296356e-07
1.542909277e-07
-5.962325365e-07
0.01250019818
4.531280564e-07
4.069664071e-08
0.0125007932
1.35885694e-06
1.251588521e-07
0.01250185766
2.375330207e-06
2.497926958e-07
0.01250351749
3.574566066e-06
4.47148203e-07
0.01250594032
4.985365723e-06
7.522178835e-07
0.01250930812
6.565962706e-06
1.193453093e-06
0.01251375858
8.172012446e-06
1.773914386e-06
0.01251925773
9.49129839e-06
2.418403943e-06
0.01252542826
1.007783767e-05
2.95423938e-06
0.01253137547
9.346076943e-06
3.066750676e-06
0.01253584059
6.868518122e-06
2.456939028e-06
0.01253766184
2.701304011e-06
1.112840114e-06
0.01253653323
-1.567049389e-06
-4.031808204e-07
0.01253281064
-5.538937506e-06
-1.799054359e-06
0.01252734873
-8.303043157e-06
-2.721043762e-06
0.01252128651
-9.480187268e-06
-3.019865687e-06
0.01251579801
-9.098309311e-06
-2.683660124e-06
0.01251158754
-7.649995693e-06
-1.957112349e-06
0.01250850602
-5.990251913e-06
-1.319368422e-06
0.01250620457
-4.585947138e-06
-9.279933737e-07
0.01250452182
-3.424509723e-06
-6.669516904e-07
0.01250334708
-2.43353044e-06
-4.562256771e-07
0.01250253965
-1.685972979e-06
-3.378103701e-07
0.0125019775
-1.131878191e-06
-2.781344042e-07
0.01250158851
-7.511672245e-07
-2.490652865e-07
0.01250131793
-4.582368078e-07
-2.354832334e-07
0.01250113573
-2.677487153e-07
-2.329658654e-07
0.01250100624
-1.186751758e-07
-2.408359037e-07
0.01250091832
-3.491579886e-08
-2.468108855e-07
0.01250085262
3.572252551e-08
-2.581687578e-07
0.01250079638
6.97045239e-08
-2.654987132e-07
9.896265174e-08
-2.761983375e-07
0.01250022279
2.325911808e-07
2.943400814e-08
0.01250089114
6.97417647e-07
8.989495827e-08
0.0125020656
1.214581011e-06
1.754560636e-07
0.01250384746
1.817055842e-06
3.050613355e-07
0.01250635865
2.514979608e-06
4.9674256e-07
0.01250970801
3.2813854e-06
7.619546543e-07
0.01251393405
4.043329251e-06
1.094657819e-06
0.01251891888
4.642045959e-06
1.447243308e-06
0.01252426467
4.902996786e-06
1.722229121e-06
0.01252930489
4.489877716e-06
1.764721729e-06
0.01253297637
3.342449322e-06
1.405767194e-06
0.01253447262
1.27005004e-06
6.373740471e-07
0.0125336264
-7.53872712e-07
-2.069847951e-07
0.01253060579
-2.648106462e-06
-1.031536015e-06
0.01252606831
-3.968942527e-06
-1.598401775e-06
0.01252091
-4.561459201e-06
-1.816982716e-06
0.01251601679
-4.439425303e-06
-1.697025488e-06
0.01251196973
-3.805077455e-06
-1.362680476e-06
0.01250883163
-3.02758539e-06
-1.038778354e-06
0.0125064232
-2.341032703e-06
-8.311462477e-07
0.01250460933
-1.764003017e-06
-6.955194783e-07
0.01250330122
-1.270304651e-06
-5.942807622e-07
0.01250236856
-8.919453713e-07
-5.319249166e-07
0.01250171096
-6.074712614e-07
-4.986129325e-07
0.0125012404
-4.094680084e-07
-4.814509457e-07
0.012500912
-2.552455096e-07
-4.669056205e-07
0.01250067595
-1.547444106e-07
-4.568670757e-07
0.01250051263
-7.682482612e-08
-4.478540562e-07
0.01250038898
-3.232738737e-08
-4.41219705e-07
0.0125002994
4.63620763e-09
-4.331925568e-07
0.01250022302
2.445128272e-08
-4.279802143e-07
3.367281573e-08
-4.216631142e-07
0.01250023439
2.409209917e-08
0.01250093731
7.32507175e-08
0.01250216259
1.408683371e-07
0.01250399824
2.401110079e-07
0.01250654343
3.8225216e-07
0.01250987129
5.725197405e-07
0.01251398169
8.03145904e-07
0.01251871359
1.037144165e-06
0.01252372442
1.213509225e-06
0.01252832637
1.213135636e-06
0.01253175762
1.003550962e-06
0.01253304526
3.139674015e-07
0.01253225899
-1.600745842e-07
0.01252951607
-7.305781128e-07
0.01252540189
-1.144619795e-06
0.01252066915
-1.32065183e-06
0.01251605813
-1.26895326e-06
0.01251209934
-1.063462962e-06
0.01250893782
-8.365543043e-07
0.0125064761
-6.653424763e-07
0.01250460065
-5.441557122e-07
0.01250322571
-4.518546016e-07
0.01250223236
-3.908716973e-07
0.01250152644
-3.532240704e-07
0.01250101949
-3.301941611e-07
0.0125006666
-3.173970842e-07
0.01250041349
-3.118504938e-07
0.01250023807
-3.096792939e-07
0.01250010641
-3.091323831e-07
0.01250001091
-3.100198356e-07
0.01249993322
-3.104660278e-07
-3.126819198e-07
0.01250023595
-2.29891653e-07
1.956470692e-08
0.01250094312
-6.887451561e-07
5.946944734e-08
0.01250217559
-1.197150288e-06
1.138592382e-07
0.01250402109
-1.78550253e-06
1.930434883e-07
0.01250657727
-2.460856846e-06
3.057820706e-07
0.01250991329
-3.193103848e-06
4.559687092e-07
0.0125140221
-3.907631592e-06
6.375449562e-07
0.01251873391
-4.449835936e-06
8.216525757e-07
0.01252370206
-4.65881249e-06
9.625075724e-07
0.01252824087
-4.222080712e-06
9.687880655e-07
0.01253161947
-3.110591713e-06
8.206521145e-07
0.0125328657
-1.140490156e-06
3.140982541e-07
0.01253209224
7.664062587e-07
-3.464763434e-08
0.01252939203
2.557448737e-06
-4.513204744e-07
0.01252533803
3.812721204e-06
-7.457244092e-07
0.01252066718
4.390300918e-06
-8.595591605e-07
0.01251609938
4.30607647e-06
-8.023836388e-07
0.01251214985
3.745037942e-06
-6.31938755e-07
0.01250897588
3.030135909e-06
-4.47502638e-07
0.01250650341
2.373746283e-06
-3.070207672e-07
0.01250462096
1.815509878e-06
-2.069650266e-07
0.01250324058
1.33719761e-06
-1.316375521e-07
0.01250224306
9.691402987e-07
-8.178854345e-08
0.01250153693
6.881647901e-07
-4.982829375e-08
0.01250102889
4.963165234e-07
-3.141431191e-08
0.01250067856
3.405288452e-07
-1.820203324e-08
0.01250042523
2.435562055e-07
-1.428067891e-08
0.01250025261
1.63308384e-07
-1.294129598e-08
0.01250012137
1.217614804e-07
-1.221446148e-08
0.01250002843
8.182755678e-08
-1.214687643e-08
0.01249995171
6.617355314e-08
-1.307445062e-08
4.967970827e-08
-1.367629957e-08
0.01250022495
-4.475089212e-07
2.366858769e-08
0.01250089939
-1.340787707e-06
7.225607877e-08
0.01250208437
-2.338527364e-06
1.404006405e-07
0.01250388129
-3.506767173e-06
2.4281175e-07
0.01250641028
-4.866666144e-06
3.932635521e-07
0.01250977486
-6.368202366e-06
6.002562349e-07
0.01251400276
-7.861525697e-06
8.583768921e-07
0.01251896202
-9.042966151e-06
1.130581318e-06
0.0125242446
-9.499330992e-06
1.342574663e-06
0.0125291948
-8.710236883e-06
1.379056513e-06
0.01253278365
-6.322150036e-06
1.119962018e-06
0.01253423007
-2.393738516e-06
5.530432416e-07
0.01253340261
1.579777094e-06
-6.765015769e-08
0.01253044456
5.29974704e-06
-6.702344302e-07
0.01252599518
7.907698323e-06
-1.075099024e-06
0.0125209264
9.053616519e-06
-1.217328817e-06
0.01251608876
8.775205276e-06
-1.107484024e-06
0.01251204321
7.513098779e-06
-8.40157048e-07
0.0125088805
5.999178644e-06
-5.818602405e-07
0.01250645424
4.658707638e-06
-4.103788348e-07
0.0125046304
3.532753609e-06
-2.979270862e-07
0.01250331312
2.573973392e-06
-2.150042043e-07
0.01250237562
1.841907553e-06
-1.642388983e-07
0.01250171566
1.292688708e-06
-1.367624625e-07
0.01250124761
9.141331582e-07
-1.21567862e-07
0.01250092175
6.192443822e-07
-1.113576013e-07
0.01250068896
4.308047303e-07
-1.038979884e-07
0.01250052834
2.788129614e-07
-9.766974901e-08
0.01250040871
1.96688414e-07
-9.359192216e-08
0.01250032281
1.232124052e-07
-8.837431355e-08
0.01250024849
9.718532681e-08
-8.530582488e-08
7.82626689e-08
-8.012645437e-08
0.01250020168
-6.391704221e-07
3.230787019e-08
0.01250080694
-1.915237761e-06
9.930396673e-08
0.01250188967
-3.359808879e-06
1.973267331e-07
0.01250357691
-5.083984129e-06
3.51392496e-07
0.01250603449
-7.138555562e-06
5.878247253e-07
0.01250943583
-9.472964562e-06
9.273025595e-07
0.01251389821
-1.187799921e-05
1.369750728e-06
0.01251935862
-1.388606729e-05
1.856138277e-06
0.01252541489
-1.478651097e-05
2.2545094e-06
0.01253119675
-1.367748722e-05
2.336488714e-06
0.01253551219
-9.97405728e-06
1.893996654e-06
0.01253726078
-3.812910278e-06
9.025644535e-07
0.0125361691
2.614857783e-06
-2.086072548e-07
0.01253256044
8.498041448e-06
-1.227034697e-06
0.01252725827
1.256582358e-05
-1.88766164e-06
0.01252135517
1.424244372e-05
-2.086398673e-06
0.01251596045
1.355909415e-05
-1.82038724e-06
0.01251173592
1.133255193e-05
-1.274909728e-06
0.01250860352
8.898321144e-06
-7.887596281e-07
0.01250626977
6.860591859e-06
-4.823726557e-07
0.01250456387
5.174591922e-06
-2.717503556e-07
0.01250337212
3.748066288e-06
-1.116727912e-07
0.01250255115
2.676832339e-06
-9.939904724e-09
0.01250198476
1.881765708e-06
4.351049064e-08
0.01250158952
1.336635492e-06
6.889892676e-08
0.01250131652
9.193679963e-07
8.308594787e-08
0.01250112772
6.475547833e-07
8.949288666e-08
0.01250099701
4.328221081e-07
9.036936046e-08
0.01250090365
3.116614591e-07
8.748333631e-08
0.01250083558
2.074876507e-07
8.272010115e-08
0.01250078563
1.600961084e-07
7.761189428e-08
1.109197614e-07
6.971686136e-08
0.01250016397
-7.887977983e-07
4.622218064e-08
0.01250065721
-2.363965169e-06
1.432092873e-07
0.01250156963
-4.181002934e-06
2.917782679e-07
0.01250306222
-6.407367973e-06
5.364457904e-07
0.01250536805
-9.147249498e-06
9.292780334e-07
0.01250877349
-1.238348819e-05
1.519087543e-06
0.01251355523
-1.588293462e-05
2.322306724e-06
0.0125197951
-1.9006766e-05
3.245909163e-06
0.01252712116
-2.067260361e-05
4.02966312e-06
0.01253438037
-1.939070781e-05
4.217448712e-06
0.01253985451
-1.420803083e-05
3.385887431e-06
0.01254197872
-5.339705373e-06
1.533481278e-06
0.01254046269
3.979169292e-06
-5.246628992e-07
0.01253578032
1.235823618e-05
-2.356602214e-06
0.0125290595
1.802265087e-05
-3.511591372e-06
0.01252181347
2.010098177e-05
-3.815612365e-06
0.01251560717
1.859067005e-05
-3.25236294e-06
0.0125112058
1.494185569e-05
-2.22738642e-06
0.01250818529
1.139834466e-05
-1.438881197e-06
0.01250603439
8.631833698e-06
-1.015415497e-06
0.01250453743
6.387827627e-06
-7.397313696e-07
0.01250355201
4.524112364e-06
-5.240094821e-07
0.01250290711
3.15433096e-06
-3.954996592e-07
0.01250247563
2.165866131e-06
-3.263560397e-07
0.01250218453
1.488932016e-06
-2.828724828e-07
0.01250198704
9.827805204e-07
-2.497631505e-07
0.01250185482
6.47902309e-07
-2.265427061e-07
0.01250176311
3.93724356e-07
-2.074058606e-07
0.0125016998
2.464981664e-07
-1.920827745e-07
0.01250165277
1.270355181e-07
-1.740619426e-07
0.01250161037
8.270750812e-08
-1.603754497e-07
5.293925803e-08
-1.434710588e-07
0.01250010978
-8.781142587e-07
6.619687008e-08
0.01250044141
-2.63095752e-06
2.06670114e-07
0.01250109961
-4.703026194e-06
4.326186157e-07
0.01250227974
-7.32554458e-06
8.221949047e-07
0.01250429886
-1.068593867e-05
1.477273172e-06
0.01250760329
-1.485038361e-05
2.506142139e-06
0.0125127328
-1.963206812e-05
3.975941398e-06
0.01252003513
-2.423287928e-05
5.738104774e-06
0.01252929477
-2.714952772e-05
7.315896678e-06
0.0125388402
-2.592061602e-05
7.725287512e-06
0.0125459874
-1.898753871e-05
6.103892704e-06
0.01254862484
-6.89007184e-06
2.594856055e-06
0.01254645799
5.756371525e-06
-1.220886518e-06
0.01254014978
1.701150622e-05
-4.539116158e-06
0.01253123227
2.448006645e-05
-6.559842386e-06
0.01252194083
2.684061034e-05
-6.922350694e-06
0.01251464806
2.398563739e-05
-5.507647957e-06
0.01251012513
1.846543369e-05
-3.299706588e-06
0.01250732072
1.373952796e-05
-1.76611961e-06
0.01250545709
1.027444759e-05
-9.723028881e-07
0.01250427414
7.492104763e-06
-4.517794408e-07
0.01250358505
5.231987299e-06
-7.842105778e-08
0.01250318387
3.617263576e-06
1.389264934e-07
0.01250293766
2.483913942e-06
2.269299993e-07
0.01250278632
1.70841043e-06
2.639233984e-07
0.01250269211
1.13849448e-06
2.80563119e-07
0.01250263356
7.561661972e-07
2.815616977e-07
0.01250259558
4.68342665e-07
2.723479925e-07
0.01250257037
2.92067012e-07
2.580986265e-07
0.01250255175
1.476002508e-07
2.395955091e-07
0.01250254793
7.231593197e-08
2.219702458e-07
-1.34307496e-08
1.984850538e-07
0.01250003485
-8.850531357e-07
9.274608809e-08
0.01250015559
-2.660133551e-06
2.906925316e-07
0.0125004648
-4.813102569e-06
6.26279265e-07
0.01250118127
-7.643605631e-06
1.232452249e-06
0.01250270996
-1.144822608e-05
2.301873115e-06
0.01250570106
-1.643574019e-05
4.062441718e-06
0.01251109947
-2.257919417e-05
6.71284437e-06
0.01251972627
-2.89887167e-05
1.003356001e-05
0.01253177337
-3.37551413e-05
1.319145177e-05
0.01254469001
-3.289591093e-05
1.404068821e-05
0.01255417424
-2.391371958e-05
1.08643912e-05
0.0125574569
-8.252523636e-06
4.275613698e-06
0.01255435642
7.871333114e-06
-2.671103471e-06
0.01254574737
2.211436903e-05
-8.69106425e-06
0.01253370581
3.128033358e-05
-1.235785801e-05
0.01252153435
3.348180912e-05
-1.297063079e-05
0.01251301146
2.837364464e-05
-1.015555236e-05
0.01250860752
2.046463552e-05
-6.16540509e-06
0.01250622649
1.46359129e-05
-3.740807231e-06
0.01250480071
1.065391982e-05
-2.563238692e-06
0.01250405334
7.489743497e-06
-1.749055706e-06
0.01250373992
4.987063384e-06
-1.139884855e-06
0.01250362221
3.255082321e-06
-7.996265911e-07
0.0125035857
2.070523746e-06
-6.25868101e-07
0.01250358903
1.272951859e-06
-5.212237294e-07
0.01250360912
7.001426298e-07
-4.426727919e-07
0.01250363272
3.297370285e-07
-3.883545561e-07
0.01250365579
5.916588152e-08
-3.457358282e-07
0.01250367607
-9.654443047e-08
-3.112030153e-07
0.01250369306
-2.147427385e-07
-2.714459474e-07
0.01250369748
-2.575611581e-07
-2.450998492e-07
-2.59748181e-07
-2.156918846e-07
0.01249995212
-7.984899353e-07
1.233024721e-07
0.01249981351
-2.397710583e-06
3.927829212e-07
0.01249967961
-4.400303902e-06
8.708100128e-07
0.01249976343
-7.143298943e-06
1.775407818e-06
0.01250053414
-1.103246039e-05
3.455065814e-06
0.01250286784
-1.646518067e-05
6.360773412e-06
0.01250828724
-2.371067331e-05
1.0989832e-05
0.01251839864
-3.193900385e-05
1.707541001e-05
0.01253436889
-3.906361459e-05
2.328582299e-05
0.01255200774
-3.891142798e-05
2.499547307e-05
0.01256455871
-2.783780076e-05
1.880469774e-05
0.01256866321
-9.015991608e-06
6.752934972e-06
0.01256430205
1.023608986e-05
-5.463517232e-06
0.01255247355
2.728824843e-05
-1.588827635e-05
0.01253606702
3.811178919e-05
-2.212024564e-05
0.01251987999
4.001819265e-05
-2.246373909e-05
0.01251003852
3.198787042e-05
-1.605112423e-05
0.0125060117
2.160497685e-05
-8.357154613e-06
0.01250429743
1.481248619e-05
-4.231741087e-06
0.01250354107
1.042204598e-05
-2.322788977e-06
0.01250342834
7.005716552e-06
-1.049603367e-06
0.01250361327
4.448004546e-06
-1.753920465e-07
0.01250384868
2.761641634e-06
2.765529046e-07
0.0125040515
1.638964791e-06
4.290291899e-07
0.01250422566
8.619823541e-07
5.09823306e-07
0.01250435349
3.309301287e-07
5.401186921e-07
0.01250445388
-2.81505758e-08
5.406332808e-07
0.01250451949
-2.815367632e-07
5.203617256e-07
0.01250457491
-4.509059232e-07
5.067583037e-07
0.01250460776
-5.770759271e-07
4.653389309e-07
0.01250467717
-6.689097644e-07
4.273525581e-07
-7.514870386e-07
3.480984514e-07
0.01249985788
-6.076396453e-07
1.55210367e-07
0.01249944791
-1.829432878e-06
5.009385409e-07
0.01249881965
-3.402086756e-06
1.142346243e-06
0.01249813272
-5.645054087e-06
2.413480307e-06
0.01249785781
-9.009130105e-06
4.901726448e-06
0.01249907069
-1.405026626e-05
9.443694529e-06
0.01250405078
-2.142402353e-05
1.714190954e-05
0.0125156242
-3.061328388e-05
2.776544524e-05
0.01253695645
-3.980427949e-05
3.948251316e-05
0.01256065016
-4.038587821e-05
4.263504987e-05
0.01257670324
-2.818388143e-05
3.096738722e-05
0.01258183744
-8.858606563e-06
1.027338639e-05
0.01257604702
1.093424655e-05
-1.040449086e-05
0.0125601989
2.873198e-05
-2.842867617e-05
0.01253811825
4.002792658e-05
-3.935311975e-05
0.01251695507
4.120072514e-05
-3.955490739e-05
0.01250641317
3.014546722e-05
-2.700269349e-05
0.01250320296
1.875285193e-05
-1.433977267e-05
0.0125022478
1.206512717e-05
-8.265509057e-06
0.01250223844
7.815132078e-06
-5.302686357e-06
0.01250282415
4.558769171e-06
-3.201358812e-06
0.01250354619
2.264711503e-06
-1.865936603e-06
0.01250415056
8.418180028e-07
-1.290227335e-06
0.01250463713
-5.877243949e-08
-1.032812579e-06
0.01250501499
-6.415550418e-07
-8.888042337e-07
0.01250530367
-1.005407906e-06
-8.073389646e-07
0.01250551913
-1.233203609e-06
-7.656114475e-07
0.01250565218
-1.364781426e-06
-7.230660263e-07
0.01250575285
-1.452170652e-06
-6.926809161e-07
0.01250582654
-1.496961723e-06
-6.574517443e-07
0.01250585349
-1.495637357e-06
-6.234323797e-07
-1.395634251e-06
-5.684779812e-07
0.01249977802
-3.283706383e-07
1.824246752e-07
0.01249912869
-9.91735618e-07
5.942845344e-07
0.0124980429
-1.86300233e-06
1.387948681e-06
0.01249657917
-3.146078655e-06
3.023017493e-06
0.01249510094
-5.162221866e-06
6.389870733e-06
0.01249471365
-8.39989869e-06
1.287786828e-05
0.01249846115
-1.361930199e-05
2.470855569e-05
0.01251101762
-2.109388492e-05
4.211465938e-05
0.01253937377
-2.993126321e-05
6.310511238e-05
0.01257035955
-3.093164084e-05
6.824922237e-05
0.01258984216
-2.101289215e-05
4.647295107e-05
0.01259605173
-6.831086555e-06
1.296762379e-05
0.01258882143
7.437121744e-06
-1.940675131e-05
0.01256848489
2.068163037e-05
-4.820079899e-05
0.0125390495
2.966372394e-05
-6.583328206e-05
0.01251099872
3.089059257e-05
-6.490260065e-05
0.01250051968
2.107923998e-05
-3.921489874e-05
0.01249915968
1.096591937e-05
-1.780890901e-05
0.0124994923
5.911380817e-06
-9.626874019e-06
0.01250057742
2.711540576e-06
-5.711806176e-06
0.01250199594
4.891191855e-07
-2.782382378e-06
0.01250317606
-8.576008931e-07
-9.819936499e-07
0.01250402562
-1.576550237e-06
-2.29865841e-07
0.01250467049
-1.964164006e-06
1.446792709e-07
0.01250513669
-2.180446512e-06
3.182263515e-07
0.01250547215
-2.295376515e-06
3.899283078e-07
0.01250572114
-2.327290267e-06
3.74916943e-07
0.01250590653
-2.321088415e-06
3.482653885e-07
0.01250604472
-2.297723236e-06
2.979969478e-07
0.01250613867
-2.249996148e-06
2.165280716e-07
0.01250628802
-2.244073044e-06
1.480909107e-07
-2.265925985e-06
2.354254094e-08
0.01249973191
1.975787787e-09
1.983469353e-07
0.01249894031
5.830559323e-09
6.492645532e-07
0.01249757118
9.135853427e-09
1.535873796e-06
0.01249559319
1.136095544e-08
3.407657213e-06
0.01249321486
9.332023331e-09
7.378168933e-06
0.01249138169
4.327282029e-10
1.535838461e-05
0.01249319174
-3.886370712e-08
3.074717658e-05
0.01250493356
-1.100119796e-07
5.529754821e-05
0.01253921007
-3.214113481e-07
8.945151509e-05
0.01257671586
-3.804067717e-07
0.0001003168461
0.0125991087
-3.024941152e-07
6.918829669e-05
0.01260685293
-2.795829235e-07
2.130900303e-05
0.01259936559
-2.829214515e-07
-2.330684045e-05
0.01257663473
-3.206660668e-07
-6.450599604e-05
0.0125415905
-4.473067188e-07
-9.244468846e-05
0.0125066408
-6.916846406e-07
-9.598218465e-05
0.01249509862
-1.271939328e-06
-5.913375042e-05
0.01249503564
-2.000622242e-06
-2.581862921e-05
0.01249648977
-2.398630545e-06
-1.548255359e-05
0.01249887656
-2.806997587e-06
-1.027846353e-05
0.01250138056
-3.015678595e-06
-7.133720571e-06
0.01250326448
-3.223297185e-06
-5.474480693e-06
0.01250455179
-3.31175463e-06
-4.952814678e-06
0.01250543616
-3.339811928e-06
-4.777795414e-06
0.01250604067
-3.353419665e-06
-4.703250699e-06
0.01250643559
-3.345653228e-06
-4.645018607e-06
0.01250670574
-3.298766417e-06
-4.613779031e-06
0.01250688533
-3.232029588e-06
-4.587793559e-06
0.01250700925
-3.164609441e-06
-4.547863853e-06
0.01250709451
-3.084274607e-06
-4.497509891e-06
0.01250705995
-2.979509835e-06
-4.432406952e-06
-2.795495172e-06
-4.363599085e-06
0.01249973182
3.323132929e-07
1.981426403e-07
0.0124989399
1.00337572e-06
6.485979788e-07
0.01249756985
1.881584955e-06
1.534774392e-06
0.01249558932
3.169763548e-06
3.405506275e-06
0.01249320466
5.186388686e-06
7.377694658e-06
0.01249135227
8.415789208e-06
1.535817507e-05
0.01249312488
1.361197236e-05
3.07874696e-05
0.01250474624
2.105587561e-05
5.538759382e-05
0.01253910276
2.988068577e-05
8.993157444e-05
0.01257669333
3.08404089e-05
0.0001010872379
0.01259910117
2.081319754e-05
6.986122484e-05
0.01260686702
6.567004667e-06
2.188942261e-05
0.0125993422
-7.737787413e-06
-2.282564434e-05
0.0125765446
-2.097916897e-05
-6.407443656e-05
0.01254136025
-3.000716411e-05
-9.194212488e-05
0.01250624265
-3.129651429e-05
-9.51216625e-05
0.01249446531
-2.158133024e-05
-5.748375363e-05
0.01249427842
-1.141368044e-05
-2.264712114e-05
0.01249561151
-6.114186098e-06
-1.072640784e-05
0.01249794631
-2.523466107e-06
-4.266497287e-06
0.01250044161
1.384250441e-08
4.648263813e-07
0.01250236205
1.669475087e-06
3.344590912e-06
0.01250366733
2.542683174e-06
4.618524523e-06
0.0125045873
3.082438473e-06
5.447926707e-06
0.01250525278
3.383171327e-06
5.918596475e-06
0.01250570697
3.579264667e-06
6.217851412e-06
0.01250602749
3.666748729e-06
6.387046303e-06
0.01250625466
3.699242807e-06
6.530653917e-06
0.01250642679
3.690478137e-06
6.593803605e-06
0.0125065565
3.664825259e-06
6.673602656e-06
0.01250671667
3.599281011e-06
6.686367024e-06
3.45949443e-06
6.783328228e-06
0.01249977778
6.115301981e-07
1.818432131e-07
0.01249912763
1.840990299e-06
5.924636309e-07
0.01249803954
3.421139695e-06
1.384610868e-06
0.01249656984
5.671176737e-06
3.017624582e-06
0.01249507776
9.042355741e-06
6.384972343e-06
0.01249465986
1.409087574e-05
1.2878183e-05
0.01249836359
2.148120632e-05
2.475252968e-05
0.0125108565
3.069263631e-05
4.223060638e-05
0.01253934032
3.994827903e-05
6.347831012e-05
0.01257037075
4.053142523e-05
6.866992945e-05
0.0125898279
2.829335333e-05
4.67644864e-05
0.01259603583
9.000453955e-06
1.33568172e-05
0.0125887595
-1.079055032e-05
-1.897895765e-05
0.01256833427
-2.85761007e-05
-4.773724203e-05
0.0125387626
-3.983282785e-05
-6.527149624e-05
0.01251070791
-4.089917313e-05
-6.400987467e-05
0.01250020997
-2.978583574e-05
-3.80738548e-05
0.01249912155
-1.810379658e-05
-1.597027779e-05
0.01249970453
-1.143765926e-05
-7.958798034e-06
0.01250097347
-7.214590255e-06
-4.64896293e-06
0.01250254924
-4.11987012e-06
-2.583382209e-06
0.01250382159
-1.94192399e-06
-1.627766585e-06
0.01250474123
-6.504110743e-07
-1.516793858e-06
0.01250539338
2.172548843e-07
-1.688079782e-06
0.01250585589
7.57668581e-07
-1.848288497e-06
0.01250617756
1.136251289e-06
-2.003035405e-06
0.0125064103
1.354146267e-06
-2.13404436e-06
0.01250658336
1.490103844e-06
-2.229984519e-06
0.01250668902
1.577950905e-06
-2.286120731e-06
0.01250674429
1.628848018e-06
-2.321903736e-06
0.01250669632
1.686567498e-06
-2.330764144e-06
1.787907347e-06
-2.295420157e-06
0.0124998576
8.022376494e-07
1.543364332e-07
0.01249944665
2.408913675e-06
4.982089348e-07
0.01249881583
4.419253275e-06
1.13725332e-06
0.01249812279
7.170601633e-06
2.405157442e-06
0.01249783552
1.107024354e-05
4.891096514e-06
0.01249902495
1.651713862e-05
9.433112692e-06
0.01250397758
2.378914241e-05
1.715122581e-05
0.01251551602
3.20538453e-05
2.780862899e-05
0.01253689913
3.925191304e-05
3.96402355e-05
0.01256061012
3.914711655e-05
4.284661261e-05
0.01257665563
2.807257772e-05
3.118107839e-05
0.01258180435
9.280793361e-06
1.053107898e-05
0.01257598837
-9.962054435e-06
-1.016297911e-05
0.01256008951
-2.699296595e-05
-2.821284646e-05
0.01253793344
-3.775857808e-05
-3.912393784e-05
0.01251675765
-3.954885867e-05
-3.920858755e-05
0.01250614157
-3.142953257e-05
-2.660291785e-05
0.01250307114
-2.084150587e-05
-1.366554668e-05
0.01250214541
-1.397087303e-05
-7.551004913e-06
0.0125020606
-9.578174529e-06
-4.638187892e-06
0.0125025795
-6.097515037e-06
-2.33690276e-06
0.01250322092
-3.469696596e-06
-6.230039859e-07
0.01250380335
-1.728518616e-06
3.537583907e-07
0.01250425485
-6.001644701e-07
9.342177704e-07
0.0125046235
1.463315553e-07
1.315403938e-06
0.01250490415
6.409378577e-07
1.609886374e-06
0.01250510749
9.700309658e-07
1.773019522e-06
0.0125052534
1.172348268e-06
1.896605683e-06
0.01250537284
1.299585922e-06
1.947110845e-06
0.0125054638
1.35477891e-06
1.988181722e-06
0.01250560452
1.362134434e-06
1.991589948e-06
1.242103333e-06
2.032649897e-06
0.01249995187
8.885217548e-07
1.222495139e-07
0.01249981245
2.670570217e-06
3.894634689e-07
0.01249967654
4.830950713e-06
8.645623372e-07
0.01249975579
7.669905658e-06
1.765088599e-06
0.01250051781
1.148546343e-05
3.440023199e-06
0.01250283635
1.648815926e-05
6.34097477e-06
0.01250823814
2.26568435e-05
1.097277217e-05
0.01251833025
2.910177415e-05
1.706865562e-05
0.01253432166
3.392433776e-05
2.33216961e-05
0.01255198396
3.310953413e-05
2.505522054e-05
0.01256453825
2.414022343e-05
1.88491905e-05
0.01256864709
8.507143728e-06
6.792692212e-06
0.01256426972
-7.596290836e-06
-5.443181221e-06
0.01255240658
-2.181133514e-05
-1.588700915e-05
0.01253595297
-3.093304013e-05
-2.212824372e-05
0.0125197479
-3.305092359e-05
-2.2443757e-05
0.0125098378
-2.786008714e-05
-1.604342108e-05
0.01250588693
-1.979359053e-05
-8.189192125e-06
0.01250424734
-1.384748099e-05
-3.985638331e-06
0.01250353456
-9.881203679e-06
-2.119850747e-06
0.01250347842
-6.709688099e-06
-9.090800791e-07
0.01250373733
-4.231137416e-06
-1.629472644e-07
0.01250402858
-2.506341499e-06
1.28588793e-07
0.01250428627
-1.366992807e-06
8.191443824e-08
0.01250449962
-5.79503288e-07
-8.025331779e-09
0.01250465382
-4.269392126e-08
-9.295684703e-08
0.0125047572
3.402893654e-07
-1.824428531e-07
0.01250483358
5.786035237e-07
-2.638940231e-07
0.01250488893
7.356091416e-07
-3.249584213e-07
0.01250493332
8.188568892e-07
-3.746806584e-07
0.01250491153
8.995711039e-07
-4.059890054e-07
9.833489883e-07
-4.040436091e-07
0.01250003466
8.81189575e-07
9.159212548e-08
0.012500155
2.640156779e-06
2.870713746e-07
0.01250046296
4.718878034e-06
6.19540615e-07
0.01250117657
7.349074186e-06
1.221330394e-06
0.01250269996
1.071929784e-05
2.285026069e-06
0.01250568227
1.489714716e-05
4.038619077e-06
0.01251107089
1.969907571e-05
6.683681601e-06
0.01251968879
2.432749321e-05
1.00014733e-05
0.01253174472
2.728231063e-05
1.316655671e-05
0.01254467371
2.608843269e-05
1.401883479e-05
0.01255415761
1.917643395e-05
1.08311731e-05
0.01255744166
7.099566275e-06
4.233241311e-06
0.01255433372
-5.52562922e-06
-2.72489934e-06
0.01254570374
-1.67576743e-05
-8.768579101e-06
0.0125336344
-2.419213566e-05
-1.245294357e-05
0.01252144603
-2.649385561e-05
-1.307533029e-05
0.0125128877
-2.357511617e-05
-1.028723164e-05
0.01250853345
-1.795354704e-05
-6.253734212e-06
0.01250621057
-1.314710517e-05
-3.819923564e-06
0.01250479471
-9.69216552e-06
-2.718429765e-06
0.01250403789
-6.906190478e-06
-1.946090472e-06
0.01250370418
-4.637925215e-06
-1.33320047e-06
0.01250356081
-2.997467629e-06
-9.424041339e-07
0.01250349593
-1.865919553e-06
-7.09737992e-07
0.01250347425
-1.084495689e-06
-5.305315068e-07
0.01250347207
-5.316384153e-07
-3.943851312e-07
0.01250348252
-1.457933926e-07
-2.807619596e-07
0.0125034907
1.243122692e-07
-2.126244877e-07
0.0125035053
2.75438672e-07
-1.549442344e-07
0.01250350988
3.863947669e-07
-1.137468812e-07
0.0125035626
4.122926487e-07
-8.969596152e-08
4.005363055e-07
-7.453354112e-08
0.01250010976
7.913471506e-07
6.500895796e-08
0.01250044125
2.371627687e-06
2.030202943e-07
0.01250109893
4.194204179e-06
4.258578042e-07
0.01250227766
6.426966778e-06
8.111648604e-07
0.01250429408
9.174861441e-06
1.460503655e-06
0.0125075941
1.242170322e-05
2.482005065e-06
0.01251271881
1.593603964e-05
3.943737016e-06
0.01252001731
1.907959635e-05
5.697745399e-06
0.01252928042
2.077063841e-05
7.270206642e-06
0.01253883248
1.951409586e-05
7.673794998e-06
0.01254598212
1.434939728e-05
6.0422458e-06
0.01254862063
5.4960763e-06
2.517976505e-06
0.01254645065
-3.805263449e-06
-1.312780225e-06
0.01254013055
-1.216591527e-05
-4.653909205e-06
0.01253119633
-1.780519169e-05
-6.697383467e-06
0.01252189308
-1.984539415e-05
-7.083434205e-06
0.01251458075
-1.828961766e-05
-5.698951693e-06
0.01251007539
-1.457937702e-05
-3.48960305e-06
0.01250729711
-1.097728122e-05
-1.959285838e-06
0.0125054406
-8.205715028e-06
-1.187827917e-06
0.01250425805
-5.957014769e-06
-6.769936667e-07
0.01250357632
-4.089442769e-06
-2.964780883e-07
0.01250318883
-2.712684912e-06
-8.473967144e-08
0.01250295601
-1.730417885e-06
-2.239621962e-08
0.01250281902
-1.054928472e-06
-1.643893481e-08
0.01250273822
-5.589131331e-07
-3.459439283e-08
0.0125026949
-2.222069261e-07
-5.855655714e-08
0.01250267127
2.256106187e-08
-9.431529909e-08
0.01250265582
1.668669621e-07
-1.277507553e-07
0.01250264846
2.752079464e-07
-1.616537917e-07
0.01250261818
3.276153223e-07
-1.808747447e-07
3.930897122e-07
-1.946532385e-07
0.01250016403
6.41127975e-07
4.505861447e-08
0.01250065742
1.921129336e-06
1.396541679e-07
0.01250156991
3.369948446e-06
2.85267581e-07
0.01250306218
5.098997684e-06
5.259812599e-07
0.01250536707
7.159544725e-06
9.135246738e-07
0.0125087708
9.50163574e-06
1.496472817e-06
0.01251355069
1.191692638e-05
2.291510466e-06
0.01251978945
1.393818191e-05
3.206000114e-06
0.01252711754
1.485469421e-05
3.980874624e-06
0.01253438123
1.376240636e-05
4.159495707e-06
0.01253985812
1.007199944e-05
3.316970318e-06
0.01254198218
3.92234732e-06
1.450317553e-06
0.01254046379
-2.492603571e-06
-6.21946298e-07
0.01253577398
-8.362281964e-06
-2.472171599e-06
0.01252904329
-1.241340495e-05
-3.648231297e-06
0.01252178635
-1.406526058e-05
-3.97401124e-06
0.01251556893
-1.335203243e-05
-3.435616677e-06
0.01251117161
-1.108811268e-05
-2.423601971e-06
0.01250816882
-8.617048291e-06
-1.642075009e-06
0.01250602666
-6.57435737e-06
-1.238962018e-06
0.01250453088
-4.883863009e-06
-9.783715257e-07
0.01250354736
-3.458599972e-06
-7.744662126e-07
0.01250289793
-2.376285822e-06
-6.513732715e-07
0.01250245989
-1.582735305e-06
-5.846806264e-07
0.01250215797
-1.031531238e-06
-5.352914008e-07
0.01250195116
-6.185788998e-07
-4.934477619e-07
0.01250180821
-3.402154073e-07
-4.569452969e-07
0.01250170793
-1.327014799e-07
-4.295690605e-07
0.01250163422
-1.036783075e-08
-4.042781401e-07
0.01250157999
8.410874506e-08
-3.847861866e-07
0.01250154273
1.222042305e-07
-3.654594269e-07
1.385047945e-07
-3.542918516e-07
0.0125002018
4.488320698e-07
3.118767172e-08
0.01250080743
1.344772413e-06
9.589398911e-08
0.01250189064
2.345375749e-06
1.911511916e-07
0.0125035783
3.516877148e-06
3.416128773e-07
0.01250603605
4.880708183e-06
5.73302489e-07
0.01250943727
6.387187634e-06
9.066794067e-07
0.01251389956
7.88688124e-06
1.341670633e-06
0.01251936034
9.076322475e-06
1.819481841e-06
0.01252541847
9.54210508e-06
2.208696286e-06
0.01253120349
8.763081487e-06
2.281058161e-06
0.01253552089
6.383643322e-06
1.82789871e-06
0.01253726939
2.462844397e-06
8.238387256e-07
0.01253617622
-1.5026186e-06
-2.999911104e-07
0.01253256328
-5.214137763e-06
-1.3342643e-06
0.0125272538
-7.811675711e-06
-2.013289684e-06
0.01252134388
-8.943681319e-06
-2.231528027e-06
0.01251594186
-8.646888619e-06
-1.986779141e-06
0.01251171761
-7.363632483e-06
-1.45734571e-06
0.01250859388
-5.829534961e-06
-9.831448045e-07
0.01250626276
-4.481537429e-06
-6.896906381e-07
0.01250455543
-3.354019575e-06
-4.894643848e-07
0.01250336166
-2.390421739e-06
-3.306347589e-07
0.01250253926
-1.657490679e-06
-2.342033972e-07
0.01250196902
-1.106531596e-06
-1.841007395e-07
0.01250157435
-7.27421599e-07
-1.584992509e-07
0.01250130096
-4.343915602e-07
-1.462810973e-07
0.01250111653
-2.449218898e-07
-1.438261291e-07
0.01250098735
-9.487930957e-08
-1.49478077e-07
0.01250089921
-1.312215347e-08
-1.559153243e-07
0.01250083441
5.704017887e-08
-1.663049784e-07
0.01250077911
8.522821858e-08
-1.732197664e-07
1.128359581e-07
-1.831741904e-07
0.01250022512
2.305578598e-07
2.258869132e-08
0.01250090006
6.907521406e-07
6.897749013e-08
0.01250208578
1.200595979e-06
1.34513993e-07
0.01250388354
1.790578293e-06
2.335990395e-07
0.01250641337
2.467876876e-06
3.797491209e-07
0.0125097787
3.202534066e-06
5.812721893e-07
0.01251400744
3.920101307e-06
8.326969041e-07
0.01251896783
4.466079069e-06
1.097094287e-06
0.01252425228
4.679352679e-06
1.300530582e-06
0.01252920492
4.247419066e-06
1.327748681e-06
0.01253279574
3.140037785e-06
1.058551659e-06
0.01253424203
1.174172287e-06
4.797543264e-07
0.01253341358
-7.290429658e-07
-1.521107179e-07
0.01253045254
-2.516127674e-06
-7.685056256e-07
0.0125259981
-3.766511493e-06
-1.189124666e-06
0.01252092296
-4.337265141e-06
-1.348260959e-06
0.0125160805
-4.24528963e-06
-1.256160948e-06
0.01251203313
-3.674316091e-06
-1.004624313e-06
0.01250887298
-2.950137183e-06
-7.580262712e-07
0.01250644819
-2.290152922e-06
-5.977379433e-07
0.01250462208
-1.730209924e-06
-4.932206722e-07
0.01250330376
-1.250839376e-06
-4.155385358e-07
0.01250236366
-8.810545957e-07
-3.682601574e-07
0.0125017019
-5.997701747e-07
-3.436104841e-07
0.01250122943
-4.064135339e-07
-3.299896025e-07
0.01250089998
-2.522757453e-07
-3.195678866e-07
0.01250066315
-1.530968322e-07
-3.118636723e-07
0.01250049968
-7.497758566e-08
-3.042886835e-07
0.01250037581
-3.144677449e-08
-2.990235246e-07
0.01250028574
5.874606778e-09
-2.919550904e-07
0.01250020939
2.179441991e-08
-2.88191001e-07
3.250097759e-08
-2.82625349e-07
0.01250023614
1.850825975e-08
0.01250094388
5.62665351e-08
0.01250217721
1.081354e-07
0.01250402375
1.841437607e-07
0.01250658106
2.928199936e-07
0.01250991824
4.378786776e-07
0.01251402827
6.132142734e-07
0.01251874154
7.899509066e-07
0.01252371152
9.228881724e-07
0.0125282524
9.196729584e-07
0.01253163295
7.630347851e-07
0.01253287889
2.422041485e-07
0.01253210487
-1.151049025e-07
0.01252940237
-5.442062599e-07
0.01252534419
-8.529451159e-07
0.01252066864
-9.823644474e-07
0.01251609577
-9.413749231e-07
0.01251214376
-7.857691587e-07
0.01250897055
-6.134839163e-07
0.01250649781
-4.827493029e-07
0.01250461369
-3.902504279e-07
0.01250323053
-3.195329434e-07
0.01250223105
-2.724438769e-07
0.01250152146
-2.434038038e-07
0.01250101117
-2.263168603e-07
0.0125006569
-2.154029085e-07
0.01250040267
-2.107175862e-07
0.01250022685
-2.0883687e-07
0.01250009481
-2.085370276e-07
0.01249999956
-2.088865054e-07
0.01249992185
-2.109697277e-07
-2.116953334e-07
0.01250023732
-2.283288026e-07
1.057457529e-08
0.01250094828
-6.836262536e-07
3.213807472e-08
0.01250218704
-1.186423114e-06
6.15206832e-08
0.01250404104
-1.765232806e-06
1.042710231e-07
0.01250660664
-2.424891097e-06
1.650813141e-07
0.01250994985
-3.133197439e-06
2.459522871e-07
0.01251405842
-3.814555187e-06
3.43533697e-07
0.0125187559
-4.317840195e-06
4.420105439e-07
0.01252369402
-4.492841188e-06
5.172263028e-07
0.01252818687
-4.043198675e-06
5.191373722e-07
0.01253152959
-2.962140345e-06
4.40072352e-07
0.01253274432
-1.068308028e-06
1.676782707e-07
0.01253198016
7.490939532e-07
-1.958351522e-08
0.01252931023
2.461706539e-06
-2.430918429e-07
0.01252529851
3.666274083e-06
-4.00280932e-07
0.01252067047
4.229230105e-06
-4.607460504e-07
0.01251613078
4.167527135e-06
-4.302177723e-07
0.0125121858
3.652291051e-06
-3.392463915e-07
0.01250900259
2.976221626e-06
-2.40515168e-07
0.01250652113
2.339389365e-06
-1.649549136e-07
0.01250463141
1.793836967e-06
-1.110827444e-07
0.0125032444
1.325806143e-06
-7.043320802e-08
0.01250224189
9.641100218e-07
-4.338512035e-08
0.01250153237
6.858485809e-07
-2.61608777e-08
0.01250102249
4.950391548e-07
-1.657303438e-08
0.01250067002
3.423050565e-07
-8.042932145e-09
0.01250041615
2.457487074e-07
-6.161981302e-09
0.01250024319
1.658467768e-07
-5.832346855e-09
0.01250011184
1.250162051e-07
-5.88006621e-09
0.01250001869
8.71148009e-08
-6.120162024e-09
0.01249994208
6.973152921e-08
-6.189216592e-09
5.565527194e-08
-7.116499923e-09
0.01250022676
-4.442122617e-07
1.279166998e-08
0.01250090633
-1.329986757e-06
3.90447398e-08
0.01250210006
-2.315597743e-06
7.584340503e-08
0.01250390926
-3.462709082e-06
1.310974019e-07
0.01250645252
-4.787044176e-06
2.121471443e-07
0.01250982911
-6.232942711e-06
3.234118757e-07
0.01251405873
-7.64747192e-06
4.61678708e-07
0.01251899913
-8.734396562e-06
6.067355137e-07
0.01252423569
-9.105543529e-06
7.187173437e-07
0.01252912195
-8.286674927e-06
7.362780274e-07
0.01253265128
-5.96914525e-06
5.976304682e-07
0.01253406037
-2.217965097e-06
2.936192661e-07
0.0125332471
1.532735719e-06
-3.802346913e-08
0.01253033436
5.064100167e-06
-3.598869726e-07
0.01252594713
7.553712415e-06
-5.753078011e-07
0.01252094026
8.669207788e-06
-6.50434352e-07
0.0125161395
8.452600826e-06
-5.9179687e-07
0.01251209375
7.30742915e-06
-4.495425533e-07
0.01250891405
5.884771755e-06
-3.10716669e-07
0.01250647441
4.58655283e-06
-2.179050434e-07
0.01250464076
3.486482532e-06
-1.56917283e-07
0.01250331493
2.548943101e-06
-1.123177658e-07
0.01250237173
1.828182709e-06
-8.51136275e-08
0.01250170863
1.282616377e-06
-7.042641595e-08
0.01250123875
9.06408567e-07
-6.305844152e-08
0.01250091234
6.154248758e-07
-5.807031412e-08
0.01250067937
4.294010512e-07
-5.458495359e-08
0.01250051885
2.80730195e-07
-5.203433995e-08
0.01250039948
2.012155308e-07
-5.042819383e-08
0.01250031396
1.329110864e-07
-4.864973182e-08
0.01250023913
1.06548056e-07
-4.729324801e-08
9.570537824e-08
-4.516298063e-08
0.01250020448
-6.33844884e-07
1.745794546e-08
0.01250081792
-1.897771956e-06
5.364938545e-08
0.01250191508
-3.321972132e-06
1.06544529e-07
0.01250362355
-5.009354638e-06
1.895666095e-07
0.01250610739
-6.999737502e-06
3.166775019e-07
0.01250953325
-9.23008975e-06
4.985864086e-07
0.01251400319
-1.148211922e-05
7.344587144e-07
0.01251943354
-1.330058294e-05
9.919807882e-07
0.01252540641
-1.402410959e-05
1.200200052e-06
0.01253107231
-1.285589111e-05
1.239808387e-06
0.01253527875
-9.286015194e-06
1.00442669e-06
0.01253697431
-3.486924623e-06
4.759645523e-07
0.01253590976
2.502686021e-06
-1.140033709e-07
0.01253238325
8.018386644e-06
-6.548113329e-07
0.01252719292
1.186040574e-05
-1.004028663e-06
0.01252140039
1.348400697e-05
-1.108666596e-06
0.01251606778
1.293542573e-05
-9.706042672e-07
0.01251183396
1.095151724e-05
-6.851775693e-07
0.01250867025
8.687139387e-06
-4.274095459e-07
0.01250631392
6.724038494e-06
-2.635338374e-07
0.0125045895
5.089387578e-06
-1.50239296e-07
0.01250338243
3.708539295e-06
-6.420291951e-08
0.01250254919
2.660156294e-06
-8.670923383e-09
0.01250197646
1.879369853e-06
1.948773288e-08
0.01250157733
1.340502378e-06
3.392951292e-08
0.01250130239
9.337102616e-07
3.973764869e-08
0.01250111206
6.650064825e-07
4.420947947e-08
0.01250098056
4.591212672e-07
4.347720844e-08
0.01250088671
3.397159177e-07
4.283322608e-08
0.01250081847
2.448933206e-07
3.897856087e-08
0.01250076855
1.966201384e-07
3.745645083e-08
1.567353029e-07
3.239521567e-08
0.01250016854
-7.811319894e-07
2.497240085e-08
0.01250067543
-2.338790448e-06
7.733723258e-08
0.01250161278
-4.124983295e-06
1.574384766e-07
0.0125031439
-6.293086802e-06
2.890599253e-07
0.01250550031
-8.926528852e-06
4.996559943e-07
0.01250895743
-1.198250876e-05
8.143892105e-07
0.01251376122
-1.520353993e-05
1.239939963e-06
0.01251995107
-1.796942427e-05
1.724895163e-06
0.01252710594
-1.927893872e-05
2.129627301e-06
0.01253413408
-1.788683994e-05
2.220254485e-06
0.0125394215
-1.297004747e-05
1.782498256e-06
0.01254146036
-4.793830812e-06
8.015312263e-07
0.01254000034
3.721470018e-06
-2.83425442e-07
0.01253547274
1.143852601e-05
-1.249138415e-06
0.01252896894
1.670373035e-05
-1.851117287e-06
0.01252192428
1.871863332e-05
-2.005577965e-06
0.01251580286
1.751560497e-05
-1.711127369e-06
0.01251136259
1.433872459e-05
-1.174322291e-06
0.01250828302
1.10824467e-05
-7.546211215e-07
0.01250609599
8.424954863e-06
-5.29307452e-07
0.01250457106
6.258801176e-06
-3.842129509e-07
0.01250356355
4.465002567e-06
-2.729713915e-07
0.01250290674
3.127851706e-06
-2.063883793e-07
0.01250246896
2.163790737e-06
-1.729946039e-07
0.01250217519
1.505508285e-06
-1.54112405e-07
0.01250197667
1.023039834e-06
-1.405698809e-07
0.01250184426
7.026408368e-07
-1.317726362e-07
0.01250175284
4.684858217e-07
-1.253526269e-07
0.01250168972
3.310525323e-07
-1.203001651e-07
0.01250164503
2.302325645e-07
-1.147174368e-07
0.01250159868
1.919210173e-07
-1.093238463e-07
1.839104801e-07
-9.970507991e-08
0.01250011713
-8.678300884e-07
3.576031948e-08
0.01250047144
-2.597946645e-06
1.115181392e-07
0.01250117243
-4.626540526e-06
2.331866827e-07
0.0125024222
-7.16297266e-06
4.423124957e-07
0.01250453826
-1.035748205e-05
7.921714735e-07
0.01250795007
-1.422634131e-05
1.338165394e-06
0.0125131366
-1.852451532e-05
2.110380115e-06
0.0125203563
-2.247696892e-05
3.025955979e-06
0.01252927305
-2.470747542e-05
3.827677186e-06
0.01253835773
-2.327178797e-05
4.025556718e-06
0.01254517288
-1.686416572e-05
3.182862838e-06
0.01254766934
-6.039443832e-06
1.344011658e-06
0.01254561879
5.200082932e-06
-6.489550726e-07
0.01253961365
1.528927817e-05
-2.384720439e-06
0.01253112238
2.205470553e-05
-3.419555258e-06
0.0125222315
2.431901893e-05
-3.631855146e-06
0.0125150624
2.209736216e-05
-2.920305631e-06
0.01251043776
1.744219769e-05
-1.778543644e-06
0.0125075218
1.319638207e-05
-9.6410241e-07
0.01250558442
9.928860182e-06
-5.388296126e-07
0.01250433966
7.313498552e-06
-2.617134903e-07
0.01250360409
5.186386527e-06
-6.423643683e-08
0.01250317817
3.645639655e-06
4.705714601e-08
0.0125029197
2.558863562e-06
9.03201271e-08
0.01250276056
1.82117589e-06
1.07391507e-07
0.01250266214
1.287545954e-06
1.144767316e-07
0.01250260158
9.316579739e-07
1.1310241e-07
0.01250256269
6.722652046e-07
1.074576573e-07
0.01250253727
5.154866416e-07
9.90808668e-08
0.01250252027
3.980369212e-07
8.87899086e-08
0.0125025176
3.374307161e-07
7.913390457e-08
2.780807078e-07
6.799686504e-08
0.01250004806
-8.731516265e-07
5.000859348e-08
0.0125002041
-2.620195584e-06
1.569003051e-07
0.01250058411
-4.717388652e-06
3.371155389e-07
0.01250142292
-7.43080795e-06
6.614769217e-07
0.01250313273
-1.099516905e-05
1.229754172e-06
0.01250634095
-1.552929033e-05
2.157168579e-06
0.01251187536
-2.088044296e-05
3.534359931e-06
0.01252037079
-2.617486322e-05
5.236032738e-06
0.01253172052
-2.967461071e-05
6.808851131e-06
0.01254374513
-2.847375388e-05
7.218051695e-06
0.01255265066
-2.049668042e-05
5.591376417e-06
0.01255570911
-7.011923009e-06
2.189641168e-06
0.0125528108
6.811132971e-06
-1.383843e-06
0.01254476837
1.915209505e-05
-4.511456583e-06
0.01253351089
2.715268563e-05
-6.198362997e-06
0.01252209391
2.936627213e-05
-6.600900978e-06
0.01251371446
2.555432387e-05
-5.2330736e-06
0.01250910758
1.908860242e-05
-3.204934902e-06
0.01250655806
1.394135997e-05
-1.936263872e-06
0.01250502793
1.022810043e-05
-1.332352814e-06
0.01250418529
7.334310525e-06
-9.272251588e-07
0.01250381248
5.040364785e-06
-6.210561843e-07
0.01250366696
3.447206724e-06
-4.556800781e-07
0.01250361664
2.363202216e-06
-3.798888862e-07
0.01250360943
1.648110365e-06
-3.409434146e-07
0.01250362299
1.143264134e-06
-3.119510265e-07
0.01250364041
8.192996155e-07
-2.934217711e-07
0.01250365974
5.858222617e-07
-2.786232206e-07
0.01250367436
4.558202794e-07
-2.661603842e-07
0.01250368921
3.623218753e-07
-2.505776376e-07
0.01250367995
3.425698622e-07
-2.409747738e-07
3.573920025e-07
-2.15734547e-07
0.01249996993
-7.859636637e-07
6.618796059e-08
0.01249988615
-2.355563841e-06
2.119298197e-07
0.01249986609
-4.294618895e-06
4.680953398e-07
0.01250015617
-6.895681755e-06
9.502011251e-07
0.01250125193
-1.047261859e-05
1.836764098e-06
0.01250400685
-1.527621073e-05
3.352766638e-06
0.01250973149
-2.133881792e-05
5.723574129e-06
0.01251965485
-2.780898598e-05
8.786171964e-06
0.01253421298
-3.274705065e-05
1.180012829e-05
0.01255020132
-3.21025778e-05
1.263595571e-05
0.01256181274
-2.282487636e-05
9.52147933e-06
0.01256556656
-7.446613865e-06
3.433804688e-06
0.01256156669
8.164856722e-06
-2.817365066e-06
0.01255077513
2.218137296e-05
-8.125997676e-06
0.01253589327
3.116133365e-05
-1.124704476e-05
0.01252107773
3.316803048e-05
-1.144995573e-05
0.01251132263
2.759049596e-05
-8.332203747e-06
0.01250689832
1.959291499e-05
-4.437166806e-06
0.0125048868
1.398814443e-05
-2.267003324e-06
0.01250392474
1.015679235e-05
-1.289420959e-06
0.01250361816
7.260360767e-06
-6.69075964e-07
0.01250369017
5.021732641e-06
-2.287731453e-07
0.01250387385
3.559022213e-06
-1.894136282e-08
0.01250405191
2.557289382e-06
5.688322218e-08
0.01250420841
1.910306791e-06
9.112085765e-08
0.01250433066
1.450739243e-06
1.103959307e-07
0.01250442892
1.150525149e-06
1.111505997e-07
0.01250449762
9.307573014e-07
1.067208386e-07
0.01250455628
8.050755992e-07
9.884486911e-08
0.01250459745
7.036223155e-07
8.286960395e-08
0.01250465833
6.407754025e-07
6.826627662e-08
5.414141682e-07
5.632160201e-08
0.01249988251
-5.969110844e-07
8.364844505e-08
0.01249955104
-1.792977363e-06
2.698206614e-07
0.0124990925
-3.306590245e-06
6.128599001e-07
0.0124987319
-5.408818779e-06
1.287212789e-06
0.01249900896
-8.43781422e-06
2.589868985e-06
0.01250099287
-1.274675416e-05
4.930320738e-06
0.01250660571
-1.861252507e-05
8.80277699e-06
0.01251794659
-2.541511604e-05
1.40307037e-05
0.0125365182
-3.136535858e-05
1.952921182e-05
0.01255739026
-3.142719124e-05
2.108759506e-05
0.01257204087
-2.189352966e-05
1.538543247e-05
0.0125765623
-6.915036843e-06
5.220379822e-06
0.01257129687
8.153312787e-06
-5.127518198e-06
0.01255723895
2.184350682e-05
-1.403288691e-05
0.01253792818
3.063307939e-05
-1.951409812e-05
0.01251912579
3.203787278e-05
-1.962236948e-05
0.01250841471
2.497341562e-05
-1.367453975e-05
0.01250464319
1.641578971e-05
-7.391128481e-06
0.01250332488
1.130063374e-05
-4.259693264e-06
0.01250301532
7.998853909e-06
-2.835193428e-06
0.01250332445
5.59135907e-06
-1.841486565e-06
0.01250387561
3.775958197e-06
-1.171323125e-06
0.01250438763
2.644933489e-06
-8.881580306e-07
0.01250479864
1.878910716e-06
-7.654428628e-07
0.0125051255
1.397360852e-06
-7.027137514e-07
0.01250536465
1.068120171e-06
-6.638757179e-07
0.01250552376
8.709800152e-07
-6.451681703e-07
0.01250563324
7.274862942e-07
-6.292774321e-07
0.01250571575
6.485686839e-07
-6.186874832e-07
0.01250577531
5.845516451e-07
-5.979366901e-07
0.0125057816
5.874812026e-07
-5.764265419e-07
6.281438347e-07
-5.469946297e-07
0.0124998094
-3.222149231e-07
9.833212575e-08
0.01249926122
-9.703925142e-07
3.198747684e-07
0.01249840442
-1.805347365e-06
7.435026253e-07
0.01249740786
-2.996576073e-06
1.607339997e-06
0.01249678431
-4.779299653e-06
3.354903647e-06
0.01249771423
-7.452572439e-06
6.653764645e-06
0.0125027232
-1.138393293e-05
1.247100061e-05
0.01251508274
-1.64616486e-05
2.08016528e-05
0.01253827395
-2.174042255e-05
3.028896331e-05
0.01256483863
-2.264791127e-05
3.290525949e-05
0.01258261362
-1.583718132e-05
2.264162001e-05
0.01258790566
-5.584970711e-06
6.345511739e-06
0.01258132334
4.730513012e-06
-9.401632611e-06
0.01256377669
1.438459847e-05
-2.319524332e-05
0.01253920267
2.094862789e-05
-3.157481385e-05
0.01251534206
2.239599409e-05
-3.14001128e-05
0.01250396717
1.69106504e-05
-1.977725737e-05
0.01250147149
1.01978454e-05
-9.095290666e-06
0.01250118168
6.890612599e-06
-4.92704499e-06
0.01250162164
4.922322878e-06
-3.075234916e-06
0.01250254505
3.564652341e-06
-1.679090617e-06
0.01250349815
2.606519867e-06
-7.656508018e-07
0.01250425834
2.010838054e-06
-3.559550562e-07
0.01250483777
1.582333123e-06
-1.381740317e-07
0.0125052717
1.277921619e-06
3.735386378e-09
0.01250558938
1.043856401e-06
9.6516247e-08
0.01250581641
8.683304682e-07
1.505311901e-07
0.01250597901
7.211276535e-07
1.920275489e-07
0.01250610345
6.030757031e-07
2.190463722e-07
0.01250619568
4.895428201e-07
2.193103457e-07
0.01250631055
3.845457143e-07
2.361588429e-07
1.977139133e-07
2.386160299e-07
0.01249976733
1.897725466e-09
1.069090323e-07
0.0124990912
5.581688847e-09
3.494137995e-07
0.01249799088
8.702237046e-09
8.221486375e-07
0.01249658251
1.065264983e-08
1.808799551e-06
0.0124953134
9.108813718e-09
3.858865799e-06
0.01249533705
1.766235887e-09
7.880402721e-06
0.01249940416
-2.416100321e-08
1.532028861e-05
0.01251162637
-7.039312651e-08
2.668407984e-05
0.01253805992
-1.789142563e-07
4.145645958e-05
0.01256923548
-2.495066452e-07
4.674288152e-05
0.01258949615
-2.368264394e-07
3.332727655e-05
0.01259598393
-2.250133467e-07
9.461259298e-06
0.01258896208
-2.27918032e-07
-1.132655671e-05
0.0125694639
-2.498324828e-07
-3.037339515e-05
0.01254144823
-3.247322978e-07
-4.315565603e-05
0.01251336672
-4.834864662e-07
-4.502119786e-05
0.01250088534
-8.035669085e-07
-2.893816018e-05
0.01249930951
-1.254821748e-06
-1.279014453e-05
0.0124998371
-1.59042105e-06
-7.529108876e-06
0.01250104219
-1.85986925e-06
-4.701362189e-06
0.01250258259
-2.097291916e-06
-3.012178527e-06
0.01250389469
-2.260595808e-06
-1.919460474e-06
0.01250485078
-2.359881222e-06
-1.538181659e-06
0.01250552681
-2.411641742e-06
-1.459850578e-06
0.01250600056
-2.439510853e-06
-1.459569462e-06
0.01250632984
-2.460560622e-06
-1.469876871e-06
0.01250655903
-2.475653547e-06
-1.498980659e-06
0.01250671812
-2.499285496e-06
-1.526471259e-06
0.01250682797
-2.513091528e-06
-1.541548728e-06
0.01250691389
-2.539519783e-06
-1.554364663e-06
0.01250692444
-2.5137609e-06
-1.544655612e-06
-2.460449669e-06
-1.570342177e-06
0.01249976722
3.260109574e-07
1.06806696e-07
0.01249909074
9.815818417e-07
3.490852115e-07
0.0124979895
1.823102535e-06
8.2160678e-07
0.01249657884
3.018985035e-06
1.807841401e-06
0.01249530494
4.802020885e-06
3.858679128e-06
0.01249531599
7.467663189e-06
7.881226892e-06
0.01249936323
1.137816485e-05
1.533790556e-05
0.01251153181
1.642366098e-05
2.672495469e-05
0.0125379786
2.167119853e-05
4.163467413e-05
0.01256919502
2.25637305e-05
4.705757759e-05
0.01258946399
1.571773512e-05
3.363769239e-05
0.01259596606
5.426358989e-06
9.735984938e-06
0.012588938
-4.927325216e-06
-1.109818475e-05
0.01256940397
-1.461718171e-05
-3.017306159e-05
0.01254131782
-2.124376262e-05
-4.29369425e-05
0.01251314641
-2.276913177e-05
-4.466461537e-05
0.0125005067
-1.738079978e-05
-2.826681408e-05
0.01249883219
-1.071894021e-05
-1.150849294e-05
0.01249933098
-7.262656199e-06
-5.552964629e-06
0.01250043207
-4.972600069e-06
-2.254856845e-06
0.01250190953
-3.292000157e-06
1.820784369e-07
0.01250322412
-2.08123152e-06
1.850640399e-06
0.01250416309
-1.342079051e-06
2.661755286e-06
0.01250484165
-8.025501682e-07
3.16027294e-06
0.01250533957
-4.424607073e-07
3.423624935e-06
0.01250569593
-1.749035171e-07
3.575838525e-06
0.01250595011
1.23245327e-09
3.655979101e-06
0.01250613656
1.345500352e-07
3.710369179e-06
0.01250627439
2.163492553e-07
3.726533395e-06
0.0125063929
2.823157999e-07
3.733259831e-06
0.01250657479
2.792298314e-07
3.711477558e-06
2.050925776e-07
3.691539293e-06
0.01249980913
6.006861943e-07
9.804095301e-08
0.01249926002
1.804183292e-06
3.189676074e-07
0.0124984009
3.32496296e-06
7.418731874e-07
0.01249739891
5.433779487e-06
1.604817393e-06
0.01249676426
8.468779998e-06
3.352870111e-06
0.01249767215
1.278300128e-05
6.654954348e-06
0.01250265262
1.865744967e-05
1.249276777e-05
0.01251497653
2.547164963e-05
2.085870966e-05
0.01253822524
3.144969329e-05
3.045110785e-05
0.01256484251
3.151452788e-05
3.310186195e-05
0.01258260151
2.195150131e-05
2.277171324e-05
0.01258788738
6.989403362e-06
6.507904984e-06
0.012581274
-8.072675863e-06
-9.220227967e-06
0.01256366595
-2.175139521e-05
-2.299497847e-05
0.01253899786
-3.052477857e-05
-3.132239581e-05
0.0125151108
-3.188079745e-05
-3.101114832e-05
0.01250369515
-2.478882015e-05
-1.925019127e-05
0.0125013635
-1.610122171e-05
-8.256342614e-06
0.01250127284
-1.098259849e-05
-4.148195188e-06
0.01250189312
-7.709016826e-06
-2.532827757e-06
0.01250295528
-5.407075705e-06
-1.530460466e-06
0.01250399298
-3.742795822e-06
-1.003903825e-06
0.0125047986
-2.731548367e-06
-9.329406458e-07
0.01250537804
-2.051239193e-06
-1.018833103e-06
0.01250579893
-1.623338613e-06
-1.088303222e-06
0.01250609719
-1.312504093e-06
-1.163687119e-06
0.01250630602
-1.118548456e-06
-1.223098215e-06
0.01250644627
-9.698227743e-07
-1.265859617e-06
0.01250653372
-8.623058333e-07
-1.294913722e-06
0.01250659714
-7.76937479e-07
-1.326073228e-06
0.01250657098
-6.933569051e-07
-1.332020733e-06
-5.391532596e-07
-1.343870219e-06
0.01249988217
7.896424932e-07
8.320916839e-08
0.01249954958
2.366532667e-06
2.684531921e-07
0.01249908833
4.313113141e-06
6.103471142e-07
0.01249872187
6.922186579e-06
1.283217461e-06
0.01249898802
1.050868102e-05
2.585038848e-06
0.01250095325
1.532461552e-05
4.92627167e-06
0.01250654543
2.140730004e-05
8.809193464e-06
0.01251786536
2.790471919e-05
1.405562761e-05
0.01253646381
3.288727559e-05
1.960420762e-05
0.01255735572
3.227684141e-05
2.119238814e-05
0.01257199555
2.300352376e-05
1.548922624e-05
0.01257652079
7.64846723e-06
5.346770627e-06
0.01257123635
-7.947857365e-06
-5.003354182e-06
0.01255713313
-2.194356561e-05
-1.391745755e-05
0.01253776892
-3.088229825e-05
-1.94022114e-05
0.01251894606
-3.281561426e-05
-1.945090503e-05
0.0125081905
-2.716960391e-05
-1.346657101e-05
0.01250451687
-1.904945095e-05
-7.043685664e-06
0.0125032455
-1.338636972e-05
-3.875860826e-06
0.01250290361
-9.536004908e-06
-2.469310081e-06
0.01250314436
-6.600834564e-06
-1.383901392e-06
0.01250362469
-4.301120881e-06
-5.449995178e-07
0.01250408471
-2.780764107e-06
-5.705171574e-08
0.01250444337
-1.718022827e-06
2.423437484e-07
0.01250472417
-1.034377182e-06
4.456503124e-07
0.01250493682
-5.226309649e-07
6.073632898e-07
0.01250509259
-2.053212745e-07
7.040185478e-07
0.01250520712
4.727577927e-08
7.649800119e-07
0.01250529821
1.903062865e-07
8.034101592e-07
0.01250536545
3.155746604e-07
8.284311319e-07
0.01250548676
3.387001763e-07
8.382146885e-07
3.061829793e-07
8.453821023e-07
0.01249996966
8.765812185e-07
6.565224833e-08
0.01249988488
2.630514039e-06
2.102607112e-07
0.01249986254
4.735033659e-06
4.649802998e-07
0.0125001479
7.456769708e-06
9.45142925e-07
0.01250123536
1.103164278e-05
1.829603368e-06
0.01250397713
1.558000467e-05
3.343815933e-06
0.01250968741
2.095291758e-05
5.716875678e-06
0.01251959768
2.627710558e-05
8.785998061e-06
0.01253416763
2.981842347e-05
1.182060294e-05
0.01255017497
2.8654387e-05
1.267033045e-05
0.01256178932
2.06897593e-05
9.548603766e-06
0.01256554571
7.227301527e-06
3.457473768e-06
0.01256153171
-6.574918445e-06
-2.802118219e-06
0.01255070953
-1.888901494e-05
-8.11938017e-06
0.0125357853
-2.684591422e-05
-1.124039177e-05
0.01252094727
-2.899252767e-05
-1.142881599e-05
0.01251115263
-2.510868024e-05
-8.309702283e-06
0.0125067764
-1.85243073e-05
-4.338103298e-06
0.0125048278
-1.329775476e-05
-2.125646921e-06
0.01250390405
-9.564828112e-06
-1.167278354e-06
0.01250364498
-6.676097472e-06
-5.747540502e-07
0.01250377059
-4.389524426e-06
-2.001470876e-07
0.01250400738
-2.821663724e-06
-6.730010821e-08
0.01250422143
-1.754516525e-06
-9.564034925e-08
0.01250440054
-1.06709598e-06
-1.544147666e-07
0.01250454994
-5.568557805e-07
-2.081323489e-07
0.01250465794
-2.382076645e-07
-2.575540863e-07
0.01250473699
2.902429295e-09
-2.985729452e-07
0.01250479149
1.42153432e-07
-3.313049232e-07
0.01250483528
2.519674804e-07
-3.548689417e-07
0.01250481734
3.220154436e-07
-3.71356495e-07
4.468722831e-07
-3.769398177e-07
0.01250004786
8.708945435e-07
4.942068564e-08
0.01250020324
2.60712733e-06
1.550734847e-07
0.01250058172
4.642372134e-06
3.337262036e-07
0.01250141736
7.186512779e-06
6.559415745e-07
0.01250312172
1.03908054e-05
1.221509294e-06
0.01250632171
1.42728379e-05
2.145794936e-06
0.01251184741
1.858995455e-05
3.520948778e-06
0.01252033615
2.256766314e-05
5.222176106e-06
0.01253169154
2.483030237e-05
6.799282951e-06
0.01254372807
2.342573765e-05
7.210953093e-06
0.01255263497
1.703519735e-05
5.578836637e-06
0.01255569139
6.231874652e-06
2.172249991e-06
0.01255278365
-4.986394069e-06
-1.405677413e-06
0.01254472274
-1.505122324e-05
-4.545464085e-06
0.01253343484
-2.178389073e-05
-6.227059278e-06
0.01252200028
-2.399391461e-05
-6.639387981e-06
0.01251359941
-2.17100137e-05
-5.285027405e-06
0.01250902672
-1.697011474e-05
-3.235230732e-06
0.0125065291
-1.266149131e-05
-1.958570447e-06
0.01250501882
-9.384740494e-06
-1.38823494e-06
0.01250417492
-6.770659226e-06
-1.007624519e-06
0.01250378806
-4.633969447e-06
-7.019017778e-07
0.01250361911
-3.080625304e-06
-5.144863237e-07
0.0125035385
-1.978922266e-06
-4.047180494e-07
0.01250350013
-1.234258955e-06
-3.249981512e-07
0.01250348584
-6.840321044e-07
-2.529168449e-07
0.01250348405
-3.169643417e-07
-2.002216896e-07
0.01250348115
-4.492076283e-08
-1.618992641e-07
0.01250348246
1.192717863e-07
-1.333673548e-07
0.01250347894
2.465504782e-07
-1.048155542e-07
0.01250351755
2.871520947e-07
-9.343637654e-08
2.982436358e-07
-8.021606054e-08
0.01250011705
7.836921644e-07
3.515702327e-08
0.01250047105
2.346484933e-06
1.096651926e-07
0.01250117124
4.138271963e-06
2.297675231e-07
0.01250241927
6.312885538e-06
4.367683269e-07
0.01250453226
8.954488507e-06
7.838234744e-07
0.01250793958
1.202121951e-05
1.32630908e-06
0.01251312148
1.525695362e-05
2.09483543e-06
0.01252033807
1.80419201e-05
3.006902332e-06
0.01252925742
1.937462543e-05
3.806528487e-06
0.01253834869
1.800615144e-05
4.002115237e-06
0.012545166
1.31057572e-05
3.154374513e-06
0.01254766178
4.945684577e-06
1.308381556e-06
0.01254560655
-3.551901825e-06
-6.920382426e-07
0.01253958976
-1.124952321e-05
-2.438818106e-06
0.01253108124
-1.648946987e-05
-3.48327679e-06
0.01252217803
-1.84665225e-05
-3.707614015e-06
0.01251499495
-1.721692272e-05
-3.008964795e-06
0.01251038577
-1.398411078e-05
-1.866425913e-06
0.01250749489
-1.067907021e-05
-1.050830266e-06
0.01250556734
-8.007181166e-06
-6.37832155e-07
0.01250432301
-5.837336424e-06
-3.659865541e-07
0.01250359201
-4.034524765e-06
-1.649200219e-07
0.01250317668
-2.695160487e-06
-5.487550939e-08
0.01250293007
-1.730167254e-06
-2.453987011e-08
0.01250278216
-1.07852178e-06
-2.426307706e-08
0.0125026968
-5.968268918e-07
-3.643823055e-08
0.01250264971
-2.774793909e-07
-5.09522411e-08
0.01250262325
-4.197736069e-08
-7.079942107e-08
0.01250260761
9.509450429e-08
-8.793485287e-08
0.01250259836
1.999518571e-07
-1.058056516e-07
0.01250257031
2.516684606e-07
-1.173378465e-07
3.19124848e-07
-1.257671994e-07
0.01250016855
6.358202378e-07
2.438026307e-08
0.01250067544
1.903717254e-06
7.552856004e-08
0.01250161261
3.332235205e-06
1.541332052e-07
0.01250314309
5.024621221e-06
2.837660046e-07
0.0125054982
7.021178122e-06
4.917290488e-07
0.01250895332
9.259477699e-06
8.03096871e-07
0.0125137551
1.152197726e-05
1.224706964e-06
0.01251994396
1.335370139e-05
1.705354491e-06
0.01252710057
1.409291914e-05
2.105975541e-06
0.01253413289
1.294098287e-05
2.192343007e-06
0.01253942253
9.383939955e-06
1.749150109e-06
0.01254146073
3.596672778e-06
7.611296911e-07
0.01253999733
-2.379568053e-06
-3.308837756e-07
0.01253546204
-7.880769115e-06
-1.30562981e-06
0.01252894715
-1.170502134e-05
-1.917792019e-06
0.01252189203
-1.330319229e-05
-2.08222518e-06
0.0125157623
-1.272351539e-05
-1.799286312e-06
0.01251132604
-1.070285125e-05
-1.268602669e-06
0.0125082627
-8.405994777e-06
-8.518064023e-07
0.01250608482
-6.431991646e-06
-6.362782555e-07
0.01250456241
-4.793943545e-06
-4.993493127e-07
0.0125035575
-3.410495843e-06
-3.935807524e-07
0.01250289827
-2.356336793e-06
-3.30970436e-07
0.01250245583
-1.573361746e-06
-2.990458207e-07
0.0125021515
-1.03189567e-06
-2.775799898e-07
0.01250194323
-6.241816149e-07
-2.578256643e-07
0.01250179883
-3.48600706e-07
-2.414278893e-07
0.01250169746
-1.423197775e-07
-2.278530396e-07
0.01250162199
-1.789843522e-08
-2.158103719e-07
0.012501565
7.748472566e-08
-2.053266026e-07
0.012501524
1.220585461e-07
-1.948554805e-07
1.449680605e-07
-1.880118318e-07
0.01250020457
4.455516645e-07
1.688713806e-08
0.01250081825
1.334020966e-06
5.191221416e-08
0.01250191568
2.322554406e-06
1.034020861e-07
0.01250362428
3.473031997e-06
1.845997524e-07
0.01250610797
4.801464057e-06
3.093237066e-07
0.0125095334
6.252538677e-06
4.881859588e-07
0.01251400297
7.673702027e-06
7.203763896e-07
0.01251943359
8.768874789e-06
9.736940233e-07
0.01252540819
9.149544611e-06
1.177464299e-06
0.01253107705
8.340797721e-06
1.212387277e-06
0.01253528516
6.03202326e-06
9.717064696e-07
0.01253698013
2.288673828e-06
4.368685337e-07
0.01253591339
-1.453377864e-06
-1.594401434e-07
0.01253238209
-4.975549673e-06
-7.081865701e-07
0.01252718414
-7.453829771e-06
-1.06652563e-06
0.01252138468
-8.554564657e-06
-1.180703272e-06
0.0125160459
-8.318528184e-06
-1.052980772e-06
0.01251181326
-7.152161449e-06
-7.753909332e-07
0.01250865772
-5.710264763e-06
-5.233406192e-07
0.01250630528
-4.40331842e-06
-3.659184503e-07
0.01250458101
-3.300774212e-06
-2.583612861e-07
0.01250337156
-2.35878984e-06
-1.728954385e-07
0.01250253753
-1.636299575e-06
-1.20204203e-07
0.01250196089
-1.088475907e-06
-9.234220454e-08
0.01250156145
-7.12052651e-07
-7.890609812e-08
0.0125012853
-4.220190486e-07
-7.229125047e-08
0.01250109874
-2.344175197e-07
-7.145274844e-08
0.01250096871
-8.725617909e-08
-7.450301641e-08
0.01250087972
-6.569605922e-09
-7.825289191e-08
0.01250081424
6.044437168e-08
-8.378333222e-08
0.01250075938
9.094940835e-08
-8.725036922e-08
1.145919018e-07
-9.286944802e-08
0.01250022689
2.290044057e-07
1.224101274e-08
0.01250090686
6.856619348e-07
3.737317626e-08
0.01250210115
1.189930281e-06
7.284403394e-08
0.01250391095
1.770427118e-06
1.264081775e-07
0.01250645476
2.432120157e-06
2.052794112e-07
0.01250983182
3.142966173e-06
3.13786249e-07
0.012514062
3.827523996e-06
4.486981124e-07
0.01251900336
4.33474664e-06
5.898586368e-07
0.01252424164
4.514202037e-06
6.97590698e-07
0.01252913023
4.069419728e-06
7.105437422e-07
0.0125326613
2.992659655e-06
5.668436984e-07
0.01253406979
1.103142864e-06
2.567955607e-07
0.01253325508
-7.102844809e-07
-8.050115427e-08
0.01253033892
-2.418545805e-06
-4.093446588e-07
0.01252594635
-3.617701486e-06
-6.326799728e-07
0.01252093311
-4.173332137e-06
-7.162598881e-07
0.01251612813
-4.103301063e-06
-6.664005036e-07
0.01251208114
-3.577877506e-06
-5.319215968e-07
0.01250890439
-2.89267536e-06
-3.988608819e-07
0.01250646682
-2.251841416e-06
-3.116498181e-07
0.01250463162
-1.704018437e-06
-2.547745082e-07
0.01250330506
-1.235003297e-06
-2.127588919e-07
0.01250235952
-8.715528978e-07
-1.874722779e-07
0.01250169484
-5.929343507e-07
-1.744625999e-07
0.01250122126
-4.009206481e-07
-1.675447807e-07
0.01250089114
-2.48631333e-07
-1.628353343e-07
0.0125006543
-1.502881175e-07
-1.591457805e-07
0.01250049068
-7.237300906e-08
-1.555508358e-07
0.01250036673
-2.859776381e-08
-1.530480015e-07
0.01250027702
7.857503013e-09
-1.496576251e-07
0.01250019955
2.777845428e-08
-1.475475108e-07
3.722560211e-08
-1.446239948e-07
0.01250023748
1.003571005e-08
0.0125009489
3.050451593e-08
0.01250218836
5.860258208e-08
0.0125040432
9.973667573e-08
0.01250660965
1.584840088e-07
0.01250995374
2.367575252e-07
0.01251406329
3.3119131e-07
0.01251876203
4.259575533e-07
0.01252370189
4.972233672e-07
0.01252819665
4.943405103e-07
0.01253154129
4.11046327e-07
0.01253275528
1.313631187e-07
0.01253199013
-6.024264736e-08
0.01252931745
-2.900696855e-07
0.01252530129
-4.544883156e-07
0.01252066843
-5.228296281e-07
0.0125161241
-5.003465028e-07
0.01251217728
-4.168280972e-07
0.01250899526
-3.241376268e-07
0.01250651418
-2.53513382e-07
0.01250462343
-2.035217329e-07
0.01250323411
-1.652088047e-07
0.01250222977
-1.396578114e-07
0.01250151727
-1.238390883e-07
0.01250100476
-1.14722985e-07
0.01250064905
-1.083258488e-07
0.01250039396
-1.059099581e-07
0.01250021771
-1.049641915e-07
0.01250008544
-1.048590959e-07
0.01249998955
-1.051433114e-07
0.01249991232
-1.059612341e-07
-1.067031847e-07
0.01250023806
-2.274841601e-07
0.01250095106
-6.808609767e-07
0.01250219321
-1.180634417e-06
0.01250405179
-1.754308896e-06
0.01250662242
-2.405547569e-06
0.01250996943
-3.101057573e-06
0.01251407779
-3.764825283e-06
0.01251876741
-4.247609423e-06
0.01252368977
-4.405134702e-06
0.01252815783
-3.948924645e-06
0.01253148231
-2.88440764e-06
0.0125326799
-1.029908131e-06
0.01253192052
7.397974599e-07
0.01252926651
2.410916929e-06
0.01252527737
3.58885828e-06
0.01252067224
4.144384809e-06
0.01251614743
4.094598737e-06
0.01251220496
3.603218049e-06
0.01250901688
2.947563651e-06
0.01250653062
2.32130828e-06
0.0125046371
1.7824413e-06
0.01250324652
1.320139977e-06
0.01250224138
9.617596162e-07
0.01250153009
6.851237622e-07
0.01250101943
4.940912991e-07
0.01250066543
3.459554466e-07
0.01250041127
2.479919193e-07
0.01250023802
1.674192197e-07
0.01250010655
1.255879955e-07
0.01250001341
8.701891097e-08
0.01249993663
7.059422148e-08
5.462726918e-08
0.01250022774
-4.424310307e-07
0.01250091008
-1.324153929e-06
0.01250210852
-2.303232418e-06
0.01250392429
-3.438987453e-06
0.01250647518
-4.744282967e-06
0.01250985808
-6.16054746e-06
0.01251408839
-7.533456775e-06
0.01251901848
-8.570962171e-06
0.01252423047
-8.898408572e-06
0.01252908307
-8.065245387e-06
0.01253258093
-5.784642074e-06
0.0125339698
-2.125160292e-06
0.01253316425
1.507326742e-06
0.01253027572
4.939565882e-06
0.01252592161
7.367661618e-06
0.01252094749
8.468069786e-06
0.01251616653
8.283756872e-06
0.01251212086
7.199348784e-06
0.01250893221
5.82549258e-06
0.01250648549
4.550128713e-06
0.0125046464
3.464614474e-06
0.01250331608
2.53813851e-06
0.0125023696
1.823118978e-06
0.01250170484
1.279464199e-06
0.01250123282
9.030457461e-07
0.01250090558
6.151250632e-07
0.01250067294
4.260517161e-07
0.01250051243
2.758880786e-07
0.01250039282
1.947683386e-07
0.01250030716
1.240270359e-07
0.01250023236
9.81013281e-08
8.367450818e-08
0.01250020599
-6.309679645e-07
0.01250082384
-1.888346873e-06
0.01250192874
-3.301591511e-06
0.01250364856
-4.969239297e-06
0.01250614633
-6.925378358e-06
0.01250958497
-9.100600398e-06
0.01251405842
-1.127244378e-05
0.01251947225
-1.299281385e-05
0.01252540091
-1.362687165e-05
0.0125310065
-1.24310236e-05
0.01253515529
-8.929006625e-06
0.01253682264
-3.316541918e-06
0.01253577252
2.443446422e-06
0.01253228981
7.767460479e-06
0.01252715838
1.149506653e-05
0.01252142367
1.309410849e-05
0.01251612365
1.261317195e-05
0.01251188576
1.075206232e-05
0.01250870561
8.578228364e-06
0.01250633775
6.654461925e-06
0.01250460373
5.048387657e-06
0.01250338818
3.689483168e-06
0.0125025491
2.653529958e-06
0.01250197285
1.875203485e-06
0.0125015707
1.33912251e-06
0.01250129521
9.303492865e-07
0.01250110325
6.622191519e-07
0.01250097166
4.509578581e-07
0.01250087703
3.322305921e-07
0.01250080893
2.31103772e-07
0.01250075882
1.856686446e-07
1.379218686e-07
0.01250017099
-7.769866285e-07
0.01250068522
-2.325239813e-06
0.01250163592
-4.094851507e-06
0.01250318755
-6.231804956e-06
0.0125055706
-8.80877361e-06
0.01250905439
-1.177000072e-05
0.01251386858
-1.484669594e-05
0.01252003075
-1.743009375e-05
0.01252709648
-1.856297392e-05
0.01253400689
-1.712117967e-05
0.01253919448
-1.233409301e-05
0.0125411891
-4.509629124e-06
0.01253975819
3.590929295e-06
0.01253531345
1.096306549e-05
0.01252892314
1.60342516e-05
0.01252198316
1.802851439e-05
0.01251590657
1.697862883e-05
0.01251144638
1.40379304e-05
0.01250833485
1.093513718e-05
0.01250612848
8.331529369e-06
0.0125045877
6.20494804e-06
0.01250356825
4.435964854e-06
0.01250290324
3.112147993e-06
0.01250246142
2.144025671e-06
0.01250216419
1.482238237e-06
0.01250196385
9.901234066e-07
0.01250182975
6.645447838e-07
0.0125017378
4.175526279e-07
0.01250167405
2.75678649e-07
0.01250162831
1.621338793e-07
0.01250158245
1.222051961e-07
1.025587e-07
0.01250012105
-8.622808278e-07
0.01250048756
-2.580227539e-06
0.01250121137
-4.585474454e-06
0.01250249797
-7.076095956e-06
0.01250466465
-1.018327521e-05
0.01250813123
-1.389841804e-05
0.0125133448
-1.794988136e-05
0.01252051863
-2.15779745e-05
0.01252926066
-2.347731966e-05
0.01253811598
-2.195094338e-05
0.01254475637
-1.579162234e-05
0.01254717795
-5.587197834e-06
0.01254518725
4.932669494e-06
0.01253934366
1.442194173e-05
0.01253106005
2.089830591e-05
0.01252237782
2.307888677e-05
0.01251527828
2.115786363e-05
0.01251060552
1.693214392e-05
0.01250763078
1.294577238e-05
0.01250565411
9.769365299e-06
0.0125043751
7.222243813e-06
0.01250361519
5.13163561e-06
0.01250317501
3.599387449e-06
0.01250290834
2.501020362e-06
0.01250274437
1.753599197e-06
0.01250264296
1.206006392e-06
0.01250258114
8.394673866e-07
0.01250254119
5.649628587e-07
0.01250251559
4.003575948e-07
0.01250249651
2.700048022e-07
0.01250249512
2.027202605e-07
1.262899494e-07
0.0125000546
-8.668759425e-07
0.01250022983
-2.598553637e-06
0.0125006476
-4.666129045e-06
0.01250155068
-7.317699192e-06
0.01250335403
-1.07568748e-05
0.01250667139
-1.505860933e-05
0.01251226982
-2.001394281e-05
0.01252069228
-2.47644102e-05
0.01253169743
-2.767361002e-05
0.01254328743
-2.632289641e-05
0.01255189666
-1.880947898e-05
0.0125548328
-6.333691741e-06
0.01255203543
6.346193993e-06
0.01254434143
1.760448785e-05
0.0125334008
2.564057364e-05
0.01252237286
2.750592267e-05
0.01251407006
2.422758724e-05
0.0125093616
1.843567172e-05
0.01250672015
1.365095573e-05
0.01250513103
1.002612461e-05
0.0125042316
7.19445133e-06
0.01250381808
4.924098299e-06
0.01250364902
3.31277163e-06
0.01250358619
2.183957587e-06
0.01250356987
1.428970424e-06
0.01250357936
8.845700114e-07
0.01250359559
5.298114271e-07
0.01250361598
2.659529385e-07
0.01250363193
1.182484816e-07
0.01250364768
3.673234667e-09
0.01250364413
-3.469955477e-08
-2.857779198e-08
0.01249997841
-7.790990514e-07
0.01249992482
-2.333027943e-06
0.01249996505
-4.238269966e-06
0.01250036246
-6.764908863e-06
0.01250162377
-1.018141588e-05
0.01250458662
-1.466869413e-05
0.01251045208
-2.015583421e-05
0.01252026983
-2.579597847e-05
0.01253415862
-2.976227407e-05
0.01254936182
-2.889014516e-05
0.01256050647
-2.043264822e-05
0.01256404164
-6.435052823e-06
0.01256023952
7.330947777e-06
0.01254996715
1.975085471e-05
0.01253585811
2.850256874e-05
0.01252171028
3.020379626e-05
0.01251198995
2.561570809e-05
0.01250736274
1.862571493e-05
0.01250517558
1.35711109e-05
0.01250409402
9.81826849e-06
0.01250368342
6.935970806e-06
0.01250369581
4.68293932e-06
0.01250385128
3.138353485e-06
0.01250401671
2.075415195e-06
0.01250416527
1.371526186e-06
0.01250428243
8.778132126e-07
0.01250437964
5.437487355e-07
0.01250444599
3.063241544e-07
0.01250450244
1.606456256e-07
0.01250453686
5.212373535e-08
0.01250460273
-3.230978336e-08
-1.205701674e-07
0.01249989568
-5.911277281e-07
0.01249960586
-1.773390693e-06
0.01249923628
-3.255827915e-06
0.01249904353
-5.284943357e-06
0.01249959671
-8.144733476e-06
0.012501953
-1.209465633e-05
0.01250785102
-1.725107969e-05
0.01251905743
-2.297168503e-05
0.01253638454
-2.756017041e-05
0.01255593311
-2.735111808e-05
0.01256995323
-1.906734325e-05
0.01257407757
-5.339013537e-06
0.01256910599
7.175013252e-06
0.01255586099
1.896296459e-05
0.01253792316
2.692629589e-05
0.01252017062
2.833397248e-05
0.01250937321
2.27385712e-05
0.01250531623
1.52915615e-05
0.0125037351
1.089255048e-05
0.01250323122
7.486949384e-06
0.01250334689
4.978813633e-06
0.01250379364
3.064869906e-06
0.01250426471
1.779130596e-06
0.01250466685
9.078311596e-07
0.01250499181
3.438526973e-07
0.01250524322
-3.747156954e-08
0.01250542538
-2.835845115e-07
0.01250555189
-4.4946476e-07
0.01250564902
-5.551714179e-07
0.01250571727
-6.140620305e-07
0.01250574171
-6.331686242e-07
-5.558853714e-07
0.0124998261
-3.18896798e-07
0.0124993315
-9.58919461e-07
0.01249859393
-1.77475351e-06
0.01249783484
-2.918514395e-06
0.01249763035
-4.585330956e-06
0.01249917704
-6.987589224e-06
0.01250473387
-1.03369099e-05
0.01251696863
-1.440478347e-05
0.01253795314
-1.825572666e-05
0.0125624358
-1.892851615e-05
0.01257956051
-1.355042642e-05
0.01258426234
-3.695340634e-06
0.01257803479
4.000935027e-06
0.01256178506
1.201745193e-05
0.01253941465
1.772189072e-05
0.01251729664
1.905186611e-05
0.0125053163
1.49416458e-05
0.01250227037
9.242200863e-06
0.0125016464
6.589473117e-06
0.01250188178
4.176333123e-06
0.01250258852
2.592984205e-06
0.01250345085
1.436888527e-06
0.01250418782
6.862108495e-07
0.01250475202
2.054605848e-07
0.01250517159
-7.199031386e-08
0.01250548023
-2.495892431e-07
0.0125057048
-3.576279547e-07
0.01250586686
-4.194984522e-07
0.01250599475
-4.640096629e-07
0.01250608361
-4.836111355e-07
0.01250622001
-5.334146026e-07
-6.150227062e-07
0.01249978615
1.858325309e-09
0.01249917119
5.458093669e-09
0.01249821009
8.490957382e-09
0.01249709005
1.032626127e-08
0.01249635455
9.035210708e-09
0.01249724482
2.542881411e-09
0.01250224585
-1.764855913e-08
0.01251457877
-5.362701862e-08
0.01253790465
-1.251423298e-07
0.01256590846
-1.894469739e-07
0.01258588459
-1.992800752e-07
0.01259184436
-1.938512331e-07
0.01258471257
-1.938292071e-07
0.01256656611
-2.094886348e-07
0.0125414048
-2.724523265e-07
0.01251581992
-3.844537616e-07
0.01250244395
-6.205519089e-07
0.01249986242
-9.664139618e-07
0.01250013077
-1.207981501e-06
0.01250101696
-1.411222198e-06
0.01250220965
-1.611880924e-06
0.01250349829
-1.771211464e-06
0.01250454632
-1.90000549e-06
0.01250530946
-2.017522218e-06
0.01250585918
-2.081279876e-06
0.01250624811
-2.108403669e-06
0.01250652104
-2.129529951e-06
0.01250670772
-2.132654961e-06
0.01250683834
-2.136181987e-06
0.01250692792
-2.127556267e-06
0.01250693419
-2.084333215e-06
-1.964809629e-06
0.01249978605
3.226192451e-07
0.01249917071
9.698836175e-07
0.0124982087
1.792103359e-06
0.01249708656
2.940312307e-06
0.01249634684
4.607426888e-06
0.01249722813
7.002486569e-06
0.0125022157
1.033267866e-05
0.01251451756
1.436947501e-05
0.01253783952
1.81875709e-05
0.01256586715
1.884050176e-05
0.01258585268
1.345287951e-05
0.01259182226
3.572550127e-06
0.01258468772
-4.157473437e-06
0.01256651713
-1.221196616e-05
0.01254129134
-1.798360521e-05
0.01251565073
-1.94084571e-05
0.01250214529
-1.538193073e-05
0.0124994511
-9.780717152e-06
0.01249974522
-7.055062662e-06
0.01250053831
-4.459172511e-06
0.01250168512
-2.576609104e-06
0.01250293928
-1.174726707e-06
0.01250395513
-2.540989582e-07
0.0125047015
3.963802241e-07
0.01250524799
7.958532505e-07
0.01250564115
1.074275235e-06
0.01250592435
1.243254392e-06
0.01250612735
1.374706298e-06
0.01250627648
1.441227197e-06
0.0125064028
1.479382586e-06
0.01250657221
1.457728192e-06
1.359443107e-06
0.01249982582
5.948446077e-07
0.01249933025
1.784417656e-06
0.01249859037
3.273858318e-06
0.01249782618
5.309320254e-06
0.01249761188
8.174598629e-06
0.01249914049
1.212882879e-05
0.01250467519
1.729074307e-05
0.01251688551
2.301787003e-05
0.01253790135
2.762283013e-05
0.01256243348
2.741023745e-05
0.0125795509
1.910716996e-05
0.01258424434
5.387020742e-06
0.01257799369
-7.127057861e-06
0.01256169129
-1.89045404e-05
0.01253926012
-2.68748379e-05
0.01251709011
-2.824959117e-05
0.01250507566
-2.261767026e-05
0.01250215715
-1.511855637e-05
0.01250168948
-1.073558521e-05
0.01250205197
-7.354485698e-06
0.0125028851
-4.940200378e-06
0.01250383985
-3.133376677e-06
0.01250464161
-1.98880486e-06
0.01250523779
-1.21862845e-06
0.01250568627
-7.409269762e-07
0.0125060056
-4.08744585e-07
0.01250623437
-2.086171984e-07
0.01250640657
-6.334749621e-08
0.01250652018
3.269991132e-08
0.01250658535
8.814352174e-08
0.012506553
1.580540459e-07
2.68255983e-07
0.01249989531
7.827414525e-07
0.01249960431
2.343874449e-06
0.01249923199
4.256526242e-06
0.01249903353
6.79099108e-06
0.0124995766
1.021657325e-05
0.01250191648
1.471522295e-05
0.01250779697
2.021943909e-05
0.01251898812
2.5882354e-05
0.01253633362
2.988153161e-05
0.01255589976
2.903648538e-05
0.01256991009
2.05860658e-05
0.01257403391
6.609970578e-06
0.01256904637
-7.142868949e-06
0.012555759
-1.953462041e-05
0.01253777971
-2.829775996e-05
0.01251999677
-2.991755473e-05
0.01250917126
-2.525872966e-05
0.01250518573
-1.817671932e-05
0.01250365719
-1.308290082e-05
0.01250313721
-9.303813581e-06
0.01250320352
-6.390412701e-06
0.01250359217
-4.067027365e-06
0.01250401099
-2.464682212e-06
0.01250436369
-1.328977852e-06
0.01250464284
-5.744247703e-07
0.01250486884
-2.738588008e-08
0.01250503576
3.284818058e-07
0.01250516049
5.769023681e-07
0.01250526022
7.363769185e-07
0.01250533902
8.377796328e-07
0.0125054646
8.706916387e-07
8.019317414e-07
0.01249997811
8.702847159e-07
0.01249992343
2.608811106e-06
0.01249996128
4.683660762e-06
0.01250035395
7.343462712e-06
0.01250160723
1.079289911e-05
0.01250455796
1.510831138e-05
0.01251041063
2.00836362e-05
0.01252021806
2.486092439e-05
0.01253411498
2.780521228e-05
0.01254933476
2.64870369e-05
0.01256048256
1.898687698e-05
0.01256401819
6.531812147e-06
0.01256020359
-6.130386309e-06
0.01254990278
-1.735318683e-05
0.01253575694
-2.539231066e-05
0.01252158257
-2.717200019e-05
0.01251183262
-2.381848538e-05
0.01250724546
-1.792766302e-05
0.01250511376
-1.307684628e-05
0.01250407103
-9.428364408e-06
0.01250369752
-6.591653185e-06
0.01250375793
-4.327589532e-06
0.01250395988
-2.733930472e-06
0.01250416884
-1.633575978e-06
0.01250434719
-9.071909982e-07
0.01250449997
-3.882976923e-07
0.01250461518
-4.427678592e-08
0.01250470037
1.931348825e-07
0.01250476032
3.45119989e-07
0.0125048086
4.346325229e-07
0.01250479513
5.128077039e-07
6.122307415e-07
0.01250005437
8.653401188e-07
0.01250022885
2.589396365e-06
0.01250064495
4.601288653e-06
0.01250154474
7.099618582e-06
0.01250334262
1.021652488e-05
0.01250665208
1.394465027e-05
0.01251224235
1.801431017e-05
0.01252065915
2.166630291e-05
0.01253166872
2.359492216e-05
0.01254326949
2.20972185e-05
0.01255188031
1.595489983e-05
0.01255481375
5.770616271e-06
0.01255200585
-4.728154999e-06
0.01254429919
-1.41919928e-05
0.01253332108
-2.06412614e-05
0.01252227716
-2.276746406e-05
0.01251395903
-2.078538538e-05
0.01250927864
-1.648250565e-05
0.01250668539
-1.244216293e-05
0.01250511897
-9.250184022e-06
0.01250422152
-6.701817607e-06
0.01250379709
-4.605062439e-06
0.01250360897
-3.060301171e-06
0.01250351792
-1.947241667e-06
0.0125034729
-1.187166106e-06
0.01250345506
-6.233778507e-07
0.01250345468
-2.441186736e-07
0.01250345071
3.520702394e-08
0.01250345634
2.061269422e-07
0.01250345165
3.345049457e-07
0.01250349461
3.764082356e-07
3.809956686e-07
0.01250012095
7.795518335e-07
0.01250048706
2.332949397e-06
0.01250120993
4.108179687e-06
0.01250249463
6.251690165e-06
0.01250465811
8.836872028e-06
0.01250812019
1.180887729e-05
0.01251332923
1.49001029e-05
0.0125205003
1.750213797e-05
0.0125292446
1.865714535e-05
0.01253810603
1.72379096e-05
0.01254474827
1.24670297e-05
0.01254716864
4.658627093e-06
0.01254517263
-3.424174406e-06
0.01253931794
-1.077612934e-05
0.01253101623
-1.582282735e-05
0.01252232166
-1.77805053e-05
0.01251521131
-1.668399861e-05
0.01251055302
-1.369063788e-05
0.01250760201
-1.054198714e-05
0.01250563733
-7.923332868e-06
0.01250435843
-5.788902926e-06
0.01250360262
-4.014178337e-06
0.01250317065
-2.683206237e-06
0.01250291583
-1.71695692e-06
0.01250276233
-1.057928863e-06
0.01250267581
-5.732957711e-07
0.01250262819
-2.474451184e-07
0.01250260232
-9.721969044e-09
0.01250258969
1.308206808e-07
0.0125025826
2.357891497e-07
0.01250255574
2.859320592e-07
3.509307805e-07
0.01250017098
6.329521149e-07
0.01250068514
1.894318539e-06
0.01250163554
3.311914375e-06
0.01250318637
4.984625799e-06
0.01250556794
6.947026518e-06
0.01250904961
9.13030321e-06
0.01251386175
1.13126777e-05
0.01252002297
1.304627279e-05
0.01252709032
1.369576229e-05
0.01253400469
1.251588745e-05
0.01253919427
9.026601911e-06
0.01254118793
3.426094028e-06
0.01253975314
-2.320272394e-06
0.01253530069
-7.629300203e-06
0.01252889883
-1.133876416e-05
0.01252194851
-1.291241213e-05
0.0125158652
-1.239996923e-05
0.01251140871
-1.050275244e-05
0.01250831292
-8.29800394e-06
0.01250611565
-6.362342694e-06
0.01250457828
-4.750880379e-06
0.01250356123
-3.390709106e-06
0.01250289517
-2.348117346e-06
0.01250244906
-1.569886663e-06
0.01250214245
-1.02889771e-06
0.01250193253
-6.212073871e-07
0.01250178725
-3.435883977e-07
0.01250168533
-1.356591749e-07
0.01250160964
-9.292360173e-09
0.01250155266
8.74346742e-08
0.01250151175
1.319893572e-07
1.546203038e-07
0.01250020606
4.437785791e-07
0.01250082408
1.328212802e-06
0.01250192915
2.310242559e-06
0.01250364896
3.449414191e-06
0.01250614643
4.758883815e-06
0.01250958449
6.180428783e-06
0.01251405746
7.560081795e-06
0.01251947151
8.605922169e-06
0.01252540183
8.942904005e-06
0.01253101026
8.11984156e-06
0.01253516054
5.848032957e-06
0.01253682705
2.196453532e-06
0.0125357744
-1.427069305e-06
0.01253228668
-4.849764048e-06
0.0125271475
-7.266104598e-06
0.01252140582
-8.351437039e-06
0.0125161002
-8.147330394e-06
0.01251186386
-7.041805464e-06
0.01250869176
-5.649244005e-06
0.01250632828
-4.364779989e-06
0.01250459515
-3.276107554e-06
0.01250337724
-2.345694079e-06
0.01250253736
-1.628442105e-06
0.01250195714
-1.082010088e-06
0.01250155523
-7.058898955e-07
0.01250127756
-4.158331795e-07
0.01250109014
-2.276164822e-07
0.01250095968
-7.970799078e-08
0.01250087073
1.413647171e-09
0.01250080545
6.893127049e-08
0.0125007512
9.898031338e-08
1.223232332e-07
0.01250022786
2.28164496e-07
0.01250091053
6.829110481e-07
0.01250210944
1.184172199e-06
0.01250392571
1.759561674e-06
0.01250647699
2.412878402e-06
0.01250986022
3.110988167e-06
0.01251409097
3.778027863e-06
0.01251902193
4.26481626e-06
0.01252423557
4.426862776e-06
0.01252909044
3.975514616e-06
0.01253258992
2.915395579e-06
0.01253397794
1.06522488e-06
0.01253317073
-7.003597001e-07
0.01253027856
-2.366935752e-06
0.01252591898
-3.539210119e-06
0.01252093849
-4.087202528e-06
0.01251615358
-4.028823929e-06
0.01251210706
-3.527207238e-06
0.01250892147
-2.862511301e-06
0.01250647712
-2.23207498e-06
0.01250463691
-1.690678502e-06
0.01250330592
-1.227457202e-06
0.01250235729
-8.672879794e-07
0.01250169106
-5.902453446e-07
0.01250121648
-3.98846242e-07
0.01250088606
-2.482568526e-07
0.01250064893
-1.496294414e-07
0.0125004852
-7.152196455e-08
0.01250036114
-2.757368693e-08
0.01250027129
9.119367947e-09
0.01250019372
2.900497526e-08
3.866994149e-08
0.0125002382
0.01250095162
0.01250219439
0.01250405369
0.01250662505
0.0125099728
0.01251408202
0.01251877279
0.01252369688
0.01252816673
0.01253149317
0.01253268976
0.01253192916
0.01252927215
0.01252527845
0.01252066842
0.01251613925
0.01251219522
0.01250900857
0.01250652298
0.01250462878
0.01250323611
0.01250222917
0.01250151508
0.01250100152
0.01250064493
0.01250038939
0.01250021291
0.01250008048
0.01249998445
0.0124999075
-5.390380198e-06
-4.874699204e-06
5.127351923e-07
0.003159556598
-2.021279622e-05
-0.003171164893
-1.043182759e-05
0.003152151723
1.092682314e-06
0.003213447152
-2.028046831e-06
-0.003235327168
7.340303312e-06
1.419189517e-06
8.131434786e-06
-5.512635466e-06
1.55093535e-06
0.003202927207
1.625339399e-06
1.795486056e-06
4.754049795e-06
9.382817818e-06
-1.346338387e-05
0.003110150129
4.341414083e-07
9.428016991e-06
-0.003135364981
-7.911891414e-06
6.394933594e-06
-5.371199094e-06
0.00309906827
1.234460205e-06
1.624420815e-06
-9.47188425e-06
1.286399603e-05
-4.050025287e-06
9.810881021e-07
3.027672089e-05
-1.554297463e-05
0.003157331096
1.407660832e-05
2.524840984e-05
5.204207371e-07
0.003167034581
0.003212161762
7.081991756e-06
4.429729353e-06
8.062986038e-06
9.333449108e-06
-2.198783425e-05
1.116448689e-05
5.294576306e-06
0.003235496167
-1.345411044e-06
1.101809302e-05
1.077574537e-05
-2.996517662e-05
0.00310575953
2.791888682e-06
1.312572636e-05
-3.685133723e-06
6.765964167e-06
-4.531108914e-06
5.410622426e-07
5.596095503e-06
0.003130125786
-4.536438311e-06
1.355270733e-05
-3.106785624e-06
7.481706549e-06
-1.218926105e-05
0.003180499918
-1.360060469e-05
-0.003190021233
-1.511128804e-06
0.003175579678
1.623131264e-06
0.003108618002
2.409798953e-06
-0.003134133313
4.304280976e-06
-6.129349485e-06
-3.567116473e-06
-6.091048865e-07
0.00309861275
-6.582277576e-07
1.046263993e-05
-7.83323789e-06
-2.311617735e-06
0.003214058636
-5.246868746e-06
-0.003236160825
4.469564407e-06
6.589024673e-06
1.108993782e-05
-5.990278324e-06
0.003203718305
1.207455817e-06
7.576501225e-06
1.069077579e-06
1.244953755e-05
-1.408247589e-05
8.219912165e-07
2.332324993e-05
0.003180172596
1.929532576e-05
3.339587272e-05
0.003189196511
-1.414055959e-05
0.00310898058
-5.819902274e-06
4.851842778e-06
-2.086716176e-06
-2.999192944e-06
-1.077166543e-05
3.488776836e-06
0.003133525878
1.120245503e-05
-3.056450942e-06
-1.544103455e-06
0.003213694376
-6.895652543e-07
1.094506814e-05
3.662815538e-06
1.218025905e-05
-2.259922723e-05
4.754289199e-06
0.003236923868
1.380043847e-05
-2.046685496e-06
1.372921006e-05
-3.084253939e-05
-8.058654658e-06
-6.202464901e-06
1.971502392e-05
4.878343978e-06
0.003231940742
-0.003263451409
-5.467206022e-06
-2.960347161e-06
-3.916175694e-06
3.016495634e-06
1.354082294e-05
1.218409411e-07
1.600269783e-05
6.528354217e-06
0.003211709969
-6.182888715e-06
-2.580319317e-06
1.290205573e-05
-2.602656275e-06
1.592483652e-05
-6.169032475e-06
-3.83648708e-06
-3.251498847e-06
7.968109712e-06
0.003153316346
-0.003159448053
3.277872019e-06
-7.885182982e-06
-5.359963168e-06
-1.77241105e-06
1.082512585e-05
0.003149199796
5.617554031e-06
-7.52954239e-07
-6.576758373e-06
-1.093762646e-06
-3.451477808e-06
4.171487203e-06
-2.733315121e-06
-0.0007074958146
-2.663320224e-05
1.423655142e-05
0.0007226257819
0.0007618767576
4.294000403e-06
-2.623527676e-05
1.586000971e-05
-0.0007557954897
-3.81119704e-06
-2.720686085e-05
1.870225015e-05
-8.614541183e-06
0.00322991543
-5.540240627e-06
-6.25465062e-06
-7.050816384e-06
-1.230017913e-05
3.822672393e-06
-1.035753894e-05
4.164274469e-06
1.211419181e-05
-5.070756365e-06
0.003261060192
-1.792531749e-05
4.194195554e-06
-1.283972268e-05
4.808759415e-06
-6.243633566e-06
-7.821219318e-06
-6.291653272e-06
1.223338729e-05
0.003153073857
-4.337832059e-06
-1.207618542e-05
-6.527205482e-06
-1.170963142e-05
5.186413104e-06
4.307513106e-06
0.003159523228
-8.508536648e-06
-1.13040047e-05
-2.470036004e-06
-1.369933037e-05
-1.98183684e-06
-8.950141058e-06
-9.447533379e-06
2.66165086e-05
0.0007536579225
-2.176763748e-06
0.0007058485079
-9.540065057e-06
2.888539028e-05
-0.0007230170686
3.962842702e-05
3.893201984e-05
-0.000785274001
-3.381562956e-05
-4.716178104e-05
0.0001057213222
-0.0008153160364
1.205647992e-05
0.0008185816669
-0.0001211658
0.0007900586283
-2.39353798e-06
1.845128699e-05
5.990264547e-06
-0.0008066099239
-5.496727432e-06
6.630090275e-05
-0.0008140847771
-3.14251172e-05
0.0007798128988
0.0007685648616
-1.208051237e-05
0.0001039402907
-3.392383422e-06
-0.0008570322574
1.759697795e-06
1.015365397e-05
-0.0008236590012
-1.034524955e-05
8.213093909e-07
1.605512755e-05
6.364475116e-06
0.0007782745447
-7.891162232e-06
0.0007615561673
-3.205421793e-06
2.325630421e-06
3.344878024e-06
-0.0007686090419
4.587787779e-06
0.0004378793474
0.0002772374761
-0.0008118723533
-1.024173358e-05
6.25187618e-06
2.779741792e-06
0.0007625572772
8.779270536e-06
0.0007569116866
-2.506178924e-06
1.999097361e-06
-0.0007624086423
7.628458571e-06
-0.0008145772262
-1.428295382e-05
7.303383785e-06
1.602308994e-06
0.0007592539644
9.540329733e-06
0.0007596577797
-3.190204215e-06
1.690800578e-06
-0.0007612955153
8.733234569e-06
-6.256233629e-05
-3.737185688e-05
-0.0008240835667
2.398742817e-05
0.0001122821096
-1.753907654e-05
1.444472982e-06
0.0007663210451
1.272483871e-05
0.0007890742007
-3.208194649e-06
-3.009289581e-05
-2.696895749e-06
-0.0007792703174
2.619410314e-05
0.0006081139416
5.472292662e-05
-0.0003670194429
-0.0002958174272
-5.621588994e-05
-2.712250552e-05
-0.0007996063529
2.306676284e-05
6.420504715e-05
-3.545421845e-05
-2.51535532e-06
0.0008040748462
2.597459989e-05
-2.017161946e-06
-0.0001284835734
0.0008087383983
-1.26526352e-05
-0.0008148932844
0.0001493082511
-6.035757284e-05
-3.475380618e-05
0.0007191008641
-3.394922824e-06
-2.534640548e-05
0.0007848605203
5.817244877e-06
-0.0007619364442
2.16201771e-05
-0.0008052127128
1.779117706e-06
-9.437970041e-06
6.008943033e-05
-0.0007970816706
-3.855799703e-05
0.000800996974
-5.928886143e-05
0.0007879347423
4.031679795e-05
3.622219866e-05
-3.116523847e-05
-0.0007847248373
-4.858366208e-05
1.768146123e-06
-0.0008143866781
5.846157248e-05
-2.722338753e-05
0.0007813803472
0.0006216570948
1.235875413e-05
9.202819229e-05
6.009023045e-06
-0.000732053063
4.639533493e-06
-0.0007658791146
-2.318601562e-06
1.961703273e-06
6.448465658e-05
-4.211131487e-05
0.0008248353521
-0.0001052023
0.0008227912206
2.958601385e-06
7.744399224e-06
-7.907176895e-06
-0.0008251559268
-4.311201708e-07
-5.32827123e-05
0.0004066564421
0.0002682833651
-0.0007586195909
-3.097450254e-06
4.836829317e-06
-4.678939826e-06
0.0008158582746
1.611708339e-06
0.0008129158751
4.039246424e-06
-7.926690853e-06
-0.0008133641978
5.543221218e-06
-0.0007623943014
-3.985850698e-06
6.130323699e-06
-8.433013346e-06
0.0008141299026
3.502911991e-06
0.000823707307
2.487378619e-06
-1.176834271e-05
-0.000816360676
6.688620819e-06
-2.796339075e-05
-0.0007786327439
-7.998077283e-06
2.309720727e-05
-2.861414366e-06
-9.490662339e-06
0.0008263058202
9.707092523e-06
0.000789749061
-6.284081462e-05
-4.055346358e-05
2.594557159e-05
-0.000826199569
0.0001138992164
0.0007612548833
-5.461502038e-05
-0.0004019566228
-0.0003046832409
-0.0001272428026
-0.0008149287102
-1.596416926e-05
0.0001468593177
-4.289434248e-05
1.580736767e-05
0.0007852046477
6.281801289e-05
-5.699883196e-05
0.0007980136194
-2.931638199e-05
2.485070699e-05
-0.0008012537831
6.470467097e-05
1.597962675e-05
-7.348869768e-05
-2.831089214e-05
0.0008470748456
2.804790279e-06
0.0007902990681
-3.232154518e-05
4.065474303e-06
-0.0007648477894
2.213272065e-06
-4.02465552e-06
-9.108085235e-08
5.83807001e-07
-3.9610202e-06
1.233971686e-05
1.544281965e-05
-3.745337076e-06
4.628923179e-06
0.003196829721
-4.720033044e-06
-0.003217769062
1.997598138e-05
-8.178820406e-06
0.003186845466
1.780996783e-05
2.566379123e-06
-0.0007092705816
-2.612083369e-05
0.0007245018165
7.864114432e-06
0.0007776191271
-4.015289689e-06
-2.519391346e-05
-0.0007582411186
9.831194992e-06
0.003153893138
-4.800472888e-06
-0.003159643137
4.837925303e-06
-4.060297132e-06
-3.950074775e-06
1.851937346e-06
7.15094728e-06
0.00315175612
-5.586697477e-06
8.070841097e-07
-2.672212876e-06
5.613624395e-07
5.037915623e-07
3.44870659e-07
-1.780552069e-06
-3.740837894e-06
-3.942896677e-06
-2.411199952e-06
-1.86261737e-05
2.482345565e-06
3.179193701e-06
-1.356792417e-05
9.470842162e-06
0.003196725556
-2.325769944e-05
1.884543808e-05
-2.82856754e-05
0.003217479558
1.672720849e-05
-1.09760898e-05
-8.406294494e-06
0.0007561238878
2.071413249e-05
2.360587502e-06
0.0007079388369
-8.233214941e-06
-0.0007251313805
2.306517156e-05
0.003153706464
-3.111258557e-06
-2.568329525e-06
-8.331737411e-06
-4.900544243e-06
-7.584787825e-06
1.288613191e-06
-4.471550464e-06
0.003159914416
-6.653718782e-06
-7.253381621e-06
-5.030080811e-07
-9.626142924e-06
-5.985826356e-06
8.038012511e-06
8.893695367e-07
-2.704250059e-06
5.029843104e-07
6.433051356e-07
3.935889942e-07
-0.0007094522705
7.869587543e-06
0.000724673885
-2.582451653e-05
0.0007777774429
9.861979298e-06
-0.0007584137207
-2.493170024e-05
0.003196768415
-5.826887018e-06
-0.003217713963
1.146673088e-05
-2.576318899e-06
0.003186771542
2.84440709e-06
1.776680002e-05
0.00323328454
-5.107173966e-06
-0.003265298726
1.658768617e-06
1.438874796e-05
-1.41953387e-06
1.605291271e-05
1.167422491e-06
-3.573285304e-06
-5.765528896e-08
3.077098865e-06
0.003213916638
-4.420727136e-06
-3.734062855e-06
1.237099754e-05
-3.509960649e-06
1.547981681e-05
-1.729550179e-07
-4.389264309e-06
5.133174687e-07
4.654422126e-06
2.803854032e-05
-6.566209584e-06
-7.329950338e-06
-9.690233791e-06
-4.222116739e-07
-5.915985488e-06
2.068880245e-05
0.0007562793
-8.140801398e-06
0.0007080699483
2.311441808e-05
-0.0007252799486
-8.081182226e-06
0.003196638528
-3.571332561e-06
-1.983896978e-06
1.343055129e-06
0.003217374368
-1.0634736e-05
1.659437819e-05
0.00323169391
-3.401445966e-06
-1.269457265e-05
2.993828369e-06
-1.098300987e-05
3.03137416e-06
-2.477971219e-06
-3.555508083e-06
-3.245584735e-06
8.984284033e-06
-2.914263871e-06
0.003263094398
-1.833654389e-05
2.565017577e-06
-1.325650651e-05
3.219673713e-06
-4.003096606e-06
-4.161318548e-06
-2.470555285e-06
9.300160253e-06
9.161249894e-05
-0.0007327197616
6.897625864e-06
3.413149563e-05
-0.0007969928035
-6.008705855e-05
0.0008009280908
-3.871583347e-05
0.0007879266706
3.651018876e-05
4.052452467e-05
-4.88023009e-05
-0.0007846959514
-3.146313118e-05
-5.535291355e-07
-0.0008135193989
0.0001144556954
-0.0001319287485
1.271553594e-05
0.0008188304441
0.0007922913839
1.702457457e-06
2.19291458e-05
-1.005760532e-05
2.774414247e-06
-0.0008086398013
4.626296e-05
-0.0001055408975
0.0008248790861
-4.240039523e-05
0.0008228723493
8.104030481e-06
3.250353286e-06
-7.902985291e-07
-0.0008252311888
-8.205247103e-06
2.069757866e-06
1.849087836e-05
-1.152508688e-05
2.652229823e-06
0.0007806036034
0.000762387377
2.557568476e-06
4.28119355e-06
1.802022264e-06
-1.127677914e-06
-0.0007699004852
1.268101014e-06
0.0008159420206
-4.9663844e-06
0.0008130152024
-9.671590844e-07
5.264565302e-06
-0.0008134538461
-8.279490479e-06
2.462255008e-06
-7.359222113e-06
6.031655079e-06
-1.622729109e-06
0.0007628754159
0.0007574079949
1.837183153e-06
3.060652421e-07
4.625743386e-06
-1.728077927e-06
-0.0007624489072
3.188340312e-06
0.000814239184
-8.822110772e-06
0.0008237765885
-4.545378586e-06
6.472653915e-06
-0.0008164450164
-1.217311218e-05
-2.604281039e-07
-1.136671423e-05
6.903103841e-06
-1.480033481e-06
0.0007636120663
0.0007639793577
2.596769649e-06
-3.902012894e-06
5.88635802e-06
-2.592662336e-06
-0.0007659678107
-0.0004020587727
-0.0003045474041
4.829165256e-07
9.430389614e-06
0.0008263725871
-9.926671404e-06
0.0007897810553
-4.012233063e-05
-6.274322621e-05
0.0001138620556
-0.0008262732906
2.549573529e-05
2.74970138e-06
-1.579735402e-05
9.873470453e-06
-2.95838872e-06
0.0007701119295
0.0007915143129
2.663646214e-06
-2.853339826e-05
2.298731455e-05
-6.751658092e-06
-0.0007818802174
-3.228683472e-05
-0.0007648680501
3.565222959e-06
-3.072938409e-05
6.274892542e-05
0.0007851935412
1.53315302e-05
-2.874864732e-05
0.0007979091424
-5.711298026e-05
6.488155563e-05
-0.0008011428046
2.42137319e-05
2.466503962e-06
-3.349037342e-05
2.25701484e-05
-6.375011798e-06
0.0008063430487
1.629551284e-06
0.0008114674915
-0.0001276720115
0.0001467723958
-1.467108708e-05
-0.0008175263376
-0.0008143672865
0.0007805720655
-2.947415687e-05
0.0007693596016
0.0001029633356
-0.0008577602918
-2.203891352e-06
-0.0008153647786
-0.000123917796
0.0008197799152
1.232008039e-05
0.0007918844177
1.837842568e-05
-6.711260718e-06
-0.0008083552254
6.506095442e-06
-0.0007974747252
3.747100834e-05
6.026556156e-05
-5.925619727e-05
-4.252091367e-05
0.0008015152664
0.0007877451303
3.925254446e-05
3.945928568e-05
-4.69147245e-05
-3.421279905e-05
-0.0007853294368
0.000278611654
-8.770578268e-06
0.000780252233
6.880608583e-06
0.0007636283502
1.837969688e-06
3.830715548e-06
-0.00077072894
3.9894718e-06
4.937733268e-05
6.473518042e-05
-0.0001055442768
-4.450426615e-05
0.0008236811606
0.0008214270369
1.047263172e-05
1.68611097e-06
7.100992898e-07
-1.049591065e-05
-0.0008237999713
7.954676028e-06
0.0007645550813
3.460975532e-06
0.0007588772096
-2.14108172e-06
6.829793218e-06
-0.0007644493064
2.720569892e-06
7.464605431e-06
4.147485102e-06
2.476459187e-06
-7.263472108e-06
0.0008146019583
0.0008114739742
6.591790058e-06
-1.657981948e-06
6.139264097e-06
-1.049615232e-05
-0.0008120508941
8.823348192e-06
0.0007611598281
2.3465957e-06
0.0007615080043
-6.196165898e-06
7.998046884e-06
-0.0007632151642
2.502048166e-06
5.733128547e-06
-7.659491792e-08
4.256169883e-06
-1.104044666e-05
0.0008126017173
0.000821938915
5.485006341e-06
-5.344371604e-06
7.301569476e-06
-1.463840005e-05
-0.0008147427212
0.0006086027796
-0.0003676196156
-0.0002955981872
1.191331292e-05
0.0007681144772
2.251536004e-06
0.0007907818907
-3.063541471e-05
2.548044564e-05
-0.0007809709883
-1.992288382e-06
3.023563582e-06
-3.907455019e-06
1.052065267e-05
-1.231258152e-05
0.0008246147344
0.0007878248787
-3.694113154e-05
-6.272219615e-05
0.0001125286157
2.352572081e-05
-0.0008242158888
0.0007196580821
-3.423553318e-05
0.0007856373243
-2.57986142e-05
-0.0007625957807
5.561856736e-06
2.512285262e-05
0.0008056896086
-1.851107441e-06
0.0008099917704
-0.0001288378521
0.0001486362639
-0.0008163869533
-1.17736806e-05
-2.866786478e-05
-4.291305942e-05
6.229023922e-05
1.361962654e-05
0.0007834959381
0.0007958036582
-2.654373397e-05
-5.671225728e-05
6.485786632e-05
2.223602794e-05
-0.0007996415628
-0.0007561864184
1.529243906e-05
-2.538561114e-05
0.003153364947
1.404694394e-06
-0.003159490287
3.460151078e-06
-7.401245494e-06
-1.350239821e-06
-5.177047427e-06
5.373209593e-06
0.003149247018
-5.791596614e-07
-6.108651581e-06
-2.968258998e-06
-9.117940487e-07
3.725886141e-06
0.003231799693
1.163474319e-05
-0.00326341217
3.434764479e-06
1.35038315e-05
1.591719492e-05
5.221590116e-07
-2.530050288e-06
-5.815599577e-06
-3.505645859e-06
7.947847964e-06
0.003211747346
-3.458889574e-06
-6.53187681e-06
-2.85572161e-06
-2.173829617e-06
1.277171411e-05
1.58145813e-05
-2.189154553e-06
7.319466159e-06
0.003196883839
-0.003218057846
1.334800583e-05
2.086543828e-05
0.003186537814
4.867757902e-06
1.879932353e-05
-0.0007233841138
2.840377875e-05
-8.889513054e-06
0.0031531029
2.15142848e-05
-4.159155634e-06
-1.145631087e-05
-1.124503507e-05
-6.351312709e-06
2.618343176e-05
0.003159582001
-8.328726714e-06
-1.084279665e-05
-1.326365972e-05
-2.293922837e-06
-2.404978414e-06
0.003229973781
8.53453146e-06
-1.185858893e-05
3.701333689e-06
4.061191389e-06
-9.917266993e-06
-5.89282766e-06
-5.910824029e-06
-6.691094618e-06
3.833303205e-06
0.003261142923
-7.463104518e-06
-6.636406913e-06
-5.924698622e-06
-1.748344025e-05
4.142061059e-06
4.720023268e-06
-1.239654356e-05
1.152467089e-05
0.003196701872
-9.781513834e-09
1.989453903e-05
0.003217634057
-8.548148635e-06
1.763269902e-05
1.193269453e-06
1.469496836e-06
7.410306558e-07
7.414207642e-06
1.235902705e-05
-1.396404385e-05
0.003111212808
2.24650798e-05
-0.003136295963
-6.64411988e-06
4.602124921e-06
-4.056641213e-06
1.27595552e-05
0.003101424969
-1.144155574e-06
-8.449235823e-06
1.094152981e-05
-2.820516047e-06
0.003180385205
-1.12792431e-05
-0.003189957287
1.116759181e-05
-8.373410969e-06
0.003175444136
1.905446365e-06
0.003157950883
-8.658273249e-07
-0.003169718078
0.0031509846
-1.120003295e-06
1.131984901e-05
-3.338299681e-05
-2.328530389e-06
1.369224821e-05
1.365248795e-05
-3.075025412e-05
0.003112086076
-1.187459662e-05
-2.636251913e-06
5.296651693e-06
-3.571421302e-06
-2.274335479e-05
-4.683540364e-07
0.003136684695
-3.663410414e-06
1.176781995e-05
-2.073483566e-06
0.003179963014
-5.175578046e-06
-5.238480941e-06
-2.082195703e-06
0.003188931837
-1.361471533e-05
0.003156963005
-1.351471369e-06
-5.497327073e-07
0.003166755164
-1.747639447e-06
1.228607925e-05
1.3502454e-05
-1.084262734e-05
-5.364065067e-06
0.003213577708
1.612021918e-05
-0.003235516026
1.31529098e-06
7.435665475e-06
8.051504452e-06
4.225188957e-06
0.003203162424
4.659412414e-06
1.882466338e-06
9.303661485e-06
-1.306106841e-05
0.003159305106
1.01700502e-05
-0.003170898037
6.786100577e-06
0.00315192401
0.003181233506
-0.003190696705
1.093070272e-05
0.003176060038
1.335273773e-06
-1.1493056e-05
-2.356108158e-05
1.420232571e-05
-5.833514313e-06
-4.357808993e-06
0.003212511701
-1.681436999e-05
7.917606779e-06
4.450373412e-06
9.186061812e-06
-3.076452449e-05
0.003235796111
1.08684102e-05
-1.286264954e-06
1.063247851e-05
-2.957193925e-05
0.003157094123
3.407370809e-06
7.48426682e-07
0.003166792404
0.003180160842
-6.057893787e-06
0.003189033466
-1.441873046e-05
-3.369709732e-05
-0.0001407171711
5.609514112e-05
0.003196000219
-0.000268200241
-0.003162569358
-0.00016767964
0.003195646218
1.008315553e-06
0.003222465734
-6.211755607e-05
-0.003187978106
-3.344916107e-05
-8.387280232e-05
-5.025235131e-05
6.888106831e-05
-4.343106937e-05
0.003210581629
-3.438430384e-05
-4.107444352e-05
-3.923736223e-05
6.892253979e-05
0.003265692883
-9.915892789e-07
-0.0001322027364
-6.337519738e-05
-8.632518714e-05
-0.003207394649
0.003211722884
-5.107654148e-07
-4.409805542e-05
-3.556202653e-05
-5.851858039e-05
-1.767467555e-05
-6.26906942e-05
2.583338588e-05
0.003185444213
-0.0001114645286
-6.627809305e-05
8.610451583e-07
0.003253354286
-3.647475485e-05
-2.901620521e-05
-5.726664695e-05
-3.492999248e-05
6.641902976e-05
-1.71025139e-05
-2.323769335e-05
-4.616516839e-06
-1.940172095e-05
2.145456402e-05
0.003171527503
-1.308844849e-07
-4.517516736e-05
-1.061736939e-05
-3.57653555e-05
-2.915626542e-07
-1.527066326e-05
-3.345300585e-06
-2.598492814e-05
1.917111833e-05
0.0001282676481
-4.845419498e-05
0.003181277719
7.274287188e-05
0.0001195350336
0.003191728012
3.541766228e-08
0.003252889137
2.534811822e-05
3.09037107e-05
1.606317624e-05
3.878838437e-05
-5.66765748e-05
4.999397158e-05
0.003213298426
3.368682325e-05
7.077425355e-05
5.309671339e-05
-0.0001022557403
0.003165537756
4.117681539e-08
3.2103754e-06
2.33083158e-05
1.858007638e-05
0.003208695653
3.251790415e-07
3.252181096e-05
3.299009343e-05
3.044113041e-05
3.399043531e-05
0.0001997531446
-5.943119922e-05
0.003198214952
0.0001732271851
0.0002667930589
9.566594202e-07
0.003168403385
0.0032215074
5.550611521e-05
3.754787499e-05
5.963607993e-05
6.166702224e-05
-0.000106002276
8.362486326e-05
0.003183257337
3.449164633e-05
0.0001059433793
6.939745518e-05
-0.0001116700279
0.003264641685
9.181881964e-07
3.050592009e-05
5.864325603e-05
4.726568679e-05
2.3561039e-06
0.0001196829225
8.723782532e-05
7.170424047e-05
0.003205594937
3.537466704e-05
-0.0001684677448
0.003179898111
-0.0001838989458
-0.003151168066
-0.0001374293967
0.003187586478
5.598540608e-05
0.00326516425
6.546117518e-05
-6.804667145e-05
-0.0001286681062
-8.45035868e-05
-0.00320405917
4.496546608e-05
0.003211454174
-3.980562163e-05
-4.215728768e-05
-5.665081685e-05
0.003222384749
-0.003184426722
-8.4775862e-05
-3.289532337e-05
-4.864788167e-05
7.001269978e-05
0.003210826315
-3.823554654e-05
-3.464185992e-05
-3.736456224e-05
6.965327008e-05
1.909474917e-05
-6.766742873e-05
0.003195358977
-0.0001088657291
-5.926037168e-05
2.620650654e-05
0.003170839247
3.721429195e-05
-1.317834345e-05
-4.299927453e-05
-3.403545354e-05
1.694994362e-05
-5.741145923e-06
-1.349633358e-05
-2.432598715e-05
0.003253656573
-5.449785539e-05
-2.868718447e-05
-3.242629124e-05
6.561429136e-05
-2.024016363e-06
-2.414293425e-05
-1.687105925e-05
2.118192839e-05
-1.742175071e-05
0.0001173216658
0.003194922408
7.812397984e-05
0.0001316951703
0.00318829128
-4.711326446e-05
0.003168116737
-2.516684531e-05
2.143450627e-05
4.737209094e-06
2.005843369e-05
-4.92645409e-05
0.003210291788
3.043800489e-05
3.406754982e-05
3.2267389e-05
0.003253880206
1.880519717e-05
3.009055425e-05
4.168987116e-05
-5.744624131e-05
0.003214148928
7.369312801e-05
3.297447871e-05
5.575145725e-05
-0.0001030979692
-3.184547589e-05
0.0002647398093
0.003181987216
0.0001624563212
0.0002030539474
0.003156672218
-5.808977746e-05
0.003266422122
-5.445484018e-05
5.684033795e-05
3.13839681e-05
4.861945083e-05
-8.301739448e-05
8.535108847e-05
0.000121763558
7.297552305e-05
0.003209202458
0.003223756924
6.151377128e-05
3.713460204e-05
6.317590682e-05
-0.000106325139
0.003185835727
0.0001080187187
3.478266189e-05
7.134814049e-05
-0.0001131906033
-0.0001288985246
-6.333955843e-05
7.889131692e-05
7.758158831e-05
0.003134884144
-0.003160144974
-2.870071345e-05
-3.900932026e-05
-3.182265254e-05
-2.542803641e-05
-1.340473604e-05
-9.72972395e-06
-1.787214655e-05
0.000120318447
0.00315599421
-3.030651869e-05
-5.282457936e-05
-3.305449763e-05
-5.083075455e-05
-1.45033968e-05
-1.428531146e-05
-3.177776979e-05
0.0001165062603
0.003115397297
-0.003117354433
-2.743159711e-05
-2.993922568e-05
-3.062519299e-05
-2.836073095e-05
8.053773938e-05
0.003131811446
2.000462425e-06
-3.28457453e-05
-5.728724959e-05
-4.920361658e-05
-3.532581122e-05
9.290825388e-05
1.14865084e-06
-0.0007556505238
1.53278271e-05
0.0007651266531
4.034829534e-05
0.0007445259242
4.01902688e-06
4.979209257e-05
-0.0007703472421
7.595048949e-05
-5.217709081e-05
-1.985968604e-05
4.474356808e-05
3.840870993e-05
0.003311867958
-2.847623533e-05
-7.942153183e-05
-3.856514337e-05
-0.0001049612716
-3.643048931e-05
-2.134231296e-05
-5.508141059e-05
0.00012877573
-2.115773881e-05
-6.687275523e-06
-2.039652654e-05
1.678669326e-05
6.227875327e-06
-3.819929071e-06
-1.240665417e-05
4.784666726e-05
0.003165539225
-3.548930703e-05
-7.324801355e-05
-6.294110903e-05
-4.852887474e-05
9.359118462e-05
6.231253892e-06
-6.935150656e-06
-1.687665536e-06
-2.453844346e-05
-2.786334542e-05
4.102483691e-05
4.503250049e-05
0.0002619164259
0.0007509093169
0.0001245470291
-2.569715533e-06
-3.997822589e-05
1.151032687e-05
-0.0006764581993
0.0001130552189
5.321135047e-05
-4.134368722e-05
-6.586765012e-05
0.003307257437
8.428743815e-06
-5.598445612e-06
7.122742207e-06
1.187487261e-06
-1.822339858e-05
2.188053258e-05
1.215494174e-06
-2.560128154e-05
0.003145008463
1.722169344e-05
6.926107994e-05
2.841987754e-05
0.0001173107743
5.244661528e-05
1.25864092e-05
4.987918159e-05
-0.0001091932964
0.003164265572
-1.278774895e-05
-5.976453276e-06
1.887365197e-05
1.076012606e-05
-3.091627029e-05
0.003124873379
1.289221252e-05
2.760694037e-05
5.40595085e-05
5.157476145e-05
3.026104837e-05
-8.379092683e-05
-1.800295391e-06
3.062644151e-06
3.222340222e-05
0.0006723627551
0.0006949507003
4.491559111e-05
-0.0002939469806
-0.0007303061599
-8.263259493e-05
9.217894336e-05
1.11489232e-05
-3.854483416e-05
-6.484540498e-05
0.003126223257
2.082599128e-05
4.173269185e-05
2.361688583e-05
5.808008089e-05
1.827020227e-05
7.936358477e-06
3.012858374e-05
-9.685565621e-05
0.003156860414
2.038572844e-05
3.062244263e-05
2.222412856e-05
3.291993105e-05
1.552966017e-05
3.687265301e-06
1.07712085e-05
-0.0001017210818
0.003110403424
2.594296129e-05
4.362769938e-05
4.226434531e-05
2.212415961e-05
-8.55968254e-05
-1.707970835e-06
0.003122814883
1.981677667e-05
1.69898127e-05
2.159987913e-05
1.481378566e-05
-7.277481808e-05
1.983308823e-06
-4.93653083e-05
0.0007293297417
-4.735461737e-05
6.60617335e-07
0.0007562092615
-9.915933522e-06
-0.0007600814297
-1.221892143e-05
0.0003404618915
0.0001906305167
-3.835207196e-05
-6.064487594e-05
-4.99418805e-05
-3.625896748e-05
-9.542342538e-05
-0.0001720752895
-8.224235873e-05
-5.477582688e-05
0.0007832809925
0.0007879052078
0.0007379590213
8.65196803e-05
-0.000745891062
2.046750807e-05
0.0007443460548
-0.0001055588477
1.776050441e-06
0.0001348217313
1.545014722e-05
-0.0002049880379
-0.000762375928
3.607939729e-05
-0.0007656738666
1.181372055e-05
0.0007657294895
-5.476647562e-05
2.912759121e-05
0.0001267919549
0.0002454660949
-0.0004693587216
-0.0007461116969
-9.905825199e-06
-0.0005680686267
0.0004239976775
0.0001539767747
5.882663693e-05
9.430006608e-06
-0.0008386976312
0.0008206008029
-5.015981663e-05
-2.631163494e-05
-4.226737834e-05
0.0008346393793
0.0007991494946
-9.482234876e-05
-1.661654267e-05
-0.0007891875886
0.001065950194
-0.0001788434512
-0.000337305512
-0.0007347181336
0.0008101889502
-1.345444653e-05
0.001001125895
-6.578214682e-06
6.315567241e-05
-0.0002821550475
-0.000893364056
-2.849005969e-06
8.994357461e-06
-0.0007986804241
0.0007988579854
-6.322915263e-06
-9.437266901e-06
1.011667473e-05
0.0008156321869
0.0008003242216
-1.195721756e-06
-0.0008003829776
-4.422162819e-06
0.0009626425637
2.781759877e-07
-0.0009657151833
2.424862634e-06
0.0007996046434
-3.435260398e-06
0.0009659436605
1.189375894e-05
-0.0007926140792
-6.983891489e-06
1.719745969e-07
4.849354639e-06
-0.0007974083531
0.0007974014935
-5.014470545e-06
-1.175690673e-05
7.194885022e-06
0.0008158790795
0.0007979222382
-1.068412223e-06
-0.0007956298946
-3.961587624e-06
0.0009678804676
-5.465000738e-06
-0.0009695155575
5.171106145e-06
0.0007991544806
-3.483725679e-06
0.0009657078349
7.166056756e-06
-0.0007986002707
-5.341495454e-06
-2.741974978e-05
5.968288126e-06
-0.0007929452586
0.0008165842962
-2.187575349e-06
-4.815523042e-06
3.437301725e-05
0.0008342237614
0.0008040793461
3.340200754e-06
-0.000799654103
-3.649714344e-06
0.0009708558285
-4.98587922e-06
-0.0009644246675
3.412523023e-06
0.0008093157437
1.316713994e-06
0.00100016734
1.815253706e-05
-0.0007899571225
-4.633814572e-06
-0.0001646034777
-9.959588932e-05
2.444075049e-05
2.416842529e-05
3.022237908e-05
2.497115582e-05
5.179793339e-05
2.936820075e-05
3.957581413e-05
1.718884002e-05
-0.0001591536882
-2.13061758e-05
0.0002308764996
0.0007591919546
5.684101579e-06
-8.217242245e-05
0.0007479068866
-2.687497495e-05
-0.0007455413926
0.0001009978059
-7.541097249e-05
-0.0002579108675
0.0003862752857
0.0007087571211
1.097954962e-05
-2.718730113e-05
0.0007626631932
-2.515642571e-05
-0.0007718789688
5.057995753e-05
-2.533873808e-05
0.0004907570617
-0.0003429524907
-0.0001224658387
0.0001425925208
2.104878344e-05
-0.0002135253629
-0.0007609328341
0.003052263841
0.0001766469153
-0.003055473932
-4.643752945e-05
-2.677248358e-05
-3.601370177e-05
-3.398566062e-05
-6.315864187e-05
-2.316046307e-05
-2.194146776e-05
-3.747056793e-05
0.0003238545912
0.0001762493874
-3.790753607e-05
-5.05988999e-05
-4.390271844e-05
-3.564629982e-05
-9.490591145e-05
-0.0001650601218
-7.775569098e-05
-5.502217534e-05
0.0007839338498
0.0007889175565
0.0007430261382
-0.0005469225467
0.0004294611128
0.0001075556089
1.685827536e-06
-0.0007674740352
3.507417987e-05
1.404585975e-05
-5.46132225e-05
0.0007712813907
-2.67003739e-05
0.0001137711208
0.000258903617
-0.0004366715122
-0.0007236895304
9.870484442e-05
-3.687791604e-05
-0.0008691105099
0.0008239461539
-1.666257238e-05
8.824787141e-06
-8.411299749e-05
1.436849486e-06
0.0008220799713
0.0008176478796
-0.0001695632517
-0.0007985950534
3.454721671e-05
0.0008686347118
-0.0001136773051
4.467179977e-06
-0.0008885976713
0.0008237381689
1.693575528e-05
4.357872739e-06
0.0007432859251
-0.0002965856563
-0.001001654773
0.0001458893628
5.067780228e-05
-3.577239966e-06
-0.0008032714129
0.0007147037437
4.146710578e-05
4.875590872e-07
-1.092506771e-05
3.088856415e-06
0.0007710717612
0.0007819060833
-4.628745764e-05
-0.0007908394619
1.385353051e-05
0.0006817891277
-3.284208129e-06
3.562561818e-06
-0.0006933119044
0.0007885818012
1.04541898e-05
3.658626893e-06
0.000663628193
-0.0007787471449
-7.409593351e-05
5.848303709e-06
-4.526461222e-06
-0.0006842675453
0.0006845887434
-1.643042848e-06
-3.325926665e-06
7.61513308e-06
3.058423933e-06
0.0007561298504
0.0007752237052
-7.98280219e-06
-0.0007772070479
8.356088715e-07
0.0006440802025
4.612743052e-06
2.866231979e-06
-0.00064540775
0.0007740726929
1.062726662e-07
2.777593019e-06
0.0006443912808
-0.0006865699558
-1.0676489e-06
7.484474965e-06
-4.980399904e-06
-0.0006831983992
0.0006835931143
-2.898791533e-06
-3.504518787e-06
7.434060041e-06
2.56411512e-06
0.0007584872785
0.0007737577041
-8.625572081e-06
-0.0007708600768
7.550402395e-07
0.0006485462208
5.305492555e-06
-3.016007197e-06
-0.0006438852764
0.0007744445641
2.939030558e-07
2.494078691e-06
0.000648505802
-0.0006840611014
-2.457377511e-06
-1.216589562e-05
-3.839700441e-06
-0.0006885639428
0.0007104035354
-5.833996792e-06
-6.182989474e-06
1.915863256e-05
3.49124903e-06
0.0007717731291
0.0007818015002
-4.482737475e-06
-0.0007772197963
3.013424437e-07
0.0006499918442
5.228933165e-06
2.873592017e-06
-0.0006482165404
0.0007880296927
-4.518644052e-06
2.904779463e-06
0.000662405997
-0.0006845056628
-3.312084679e-06
-2.95533654e-05
-2.992171123e-06
-0.0007918760438
0.0008179287336
6.492845893e-06
-9.40358236e-06
4.614529809e-05
3.096260246e-06
0.0008202870076
0.0008045605711
1.484980566e-05
-0.0007886678431
-6.947773209e-06
0.0007000939347
1.046766496e-05
2.148426125e-06
-0.000689799453
0.000820926283
-6.703208895e-06
2.186666519e-06
0.0007410603952
-0.0007713394758
4.780902143e-06
-8.338425113e-05
-0.0007472430901
-1.767988823e-05
0.0001022152435
0.003035069596
-0.0003360979688
3.980024997e-05
4.340002542e-05
3.137236219e-05
3.302432571e-05
0.0001031409005
0.0001726728588
0.0001014942142
5.795871969e-05
-0.0007854455989
-0.0007891169482
-0.0007450914127
-0.0001710123864
0.00305297307
-0.000114610373
3.804257662e-05
3.467753084e-05
3.86849494e-05
4.095894654e-05
3.817279963e-05
3.561682882e-05
-1.789135035e-07
4.174456832e-05
0.0005285016274
-0.0003284407278
-0.0002253996398
-2.423362621e-05
-8.471036805e-05
-0.0002500361698
0.0004113329967
0.0007379462326
-1.699356418e-05
0.0007666280159
-3.049760164e-05
-1.978230986e-05
7.411206936e-05
-0.0007734666085
0.000123470618
-2.779063375e-05
-4.8183241e-05
-2.860701756e-05
-5.451517243e-05
-1.417165568e-05
-1.38648885e-05
-3.570794928e-05
0.0001148661321
0.003130709472
-3.698793321e-05
-0.003129548678
7.026067752e-05
-6.516732047e-05
0.003166375117
7.66463739e-05
7.632591968e-05
-0.0007550763601
1.514416981e-05
0.0007623605686
3.65585155e-05
0.0007006068575
-3.629968878e-06
5.487706313e-05
-0.0007317634207
7.193766172e-05
0.003107334419
2.830136321e-06
-0.003115873072
-2.624607597e-05
-2.792812349e-05
-2.911606767e-05
-2.622842467e-05
7.823927507e-05
0.003121396741
-1.797464463e-06
-3.176543086e-05
-5.518628677e-05
-4.823778048e-05
-3.307194435e-05
9.082926434e-05
4.558946684e-05
-1.873975273e-05
-2.545669343e-06
-1.639720585e-05
1.745639142e-05
-3.738945494e-06
4.266348395e-06
-1.517817416e-05
4.482028799e-05
0.003227833218
-8.776651092e-05
7.793649523e-05
-2.400916667e-05
4.328372168e-05
3.637906796e-05
0.0002849609745
0.0007491228953
0.0001176365518
2.893281482e-06
-3.952657509e-05
-0.000678026487
5.389199459e-06
0.003164471427
-1.259956615e-05
-3.308944649e-05
-6.99780261e-05
-6.084389504e-05
-4.486735345e-05
9.053708999e-05
-6.134509746e-06
-3.352105402e-06
-2.664159733e-07
-2.279081334e-05
-2.415993515e-05
3.752290115e-05
-0.0001196854403
1.988002518e-05
7.481037304e-05
3.297225029e-05
0.0001104214046
4.923143024e-05
9.998121017e-06
4.632521814e-05
-0.0001108313503
0.003229455742
-1.213184343e-05
-4.593833051e-06
4.568822203e-05
0.003174124124
-4.163701078e-05
-6.840503306e-05
4.997780768e-06
0.0006745727148
2.640308557e-05
0.0007426426586
-4.505914919e-05
-0.0002723261972
-0.0007363207371
-9.089319878e-05
0.003166023101
-6.675725906e-06
-8.756065951e-06
-3.990956758e-06
2.116291013e-05
1.500148562e-05
-3.498217618e-05
0.003135823489
-1.332894203e-05
2.985307775e-05
5.837356968e-05
5.420204918e-05
3.434177652e-05
-8.755369431e-05
-9.739090851e-05
2.250297574e-05
3.420661939e-05
2.583877979e-05
3.300312013e-05
1.678496588e-05
5.226696498e-06
1.189681299e-05
-0.0001053144102
0.003138333074
3.578376846e-05
-4.602602405e-05
1.401921578e-05
0.003135039494
-4.129283589e-05
-6.682370989e-05
-4.50027164e-05
0.0007718629608
-5.554657533e-05
-1.299736096e-06
0.0007600328134
-8.546508825e-06
-0.0007661011087
-1.640700594e-05
0.003118692723
-3.939200814e-06
2.776747589e-05
4.795975688e-05
4.461266114e-05
2.596560692e-05
-8.94517664e-05
3.861575256e-07
0.00312462177
2.167178924e-05
2.044079813e-05
2.340945771e-05
1.866896322e-05
-7.648699975e-05
6.535670295e-05
-3.182770913e-05
-5.514779308e-05
-3.305929043e-05
-4.828793144e-05
9.091114191e-05
-0.0007551117742
0.0007623414089
1.539412088e-05
3.654581367e-05
0.0007007172164
-0.000731785621
5.489291989e-05
7.180701087e-05
0.003130658251
-0.0001036785329
-0.00312938552
6.91417765e-05
-0.0001236942124
0.00316630549
7.656957523e-05
7.683410088e-05
0.003125924155
-0.003155405767
-3.521436822e-05
-2.617196196e-05
-2.76070543e-05
-2.769889561e-05
-1.305141594e-05
-9.533124215e-06
-1.868993184e-05
0.0001179013263
0.003146590637
-4.855488954e-05
-2.804975941e-05
-2.887185547e-05
-5.430276027e-05
-1.400010263e-05
-1.374574573e-05
-3.556856567e-05
0.000115243175
2.397068526e-05
-3.342958785e-06
-2.353587402e-07
-2.275799609e-05
-2.41311923e-05
3.756855747e-05
0.0007493321174
0.0002854319442
0.0001176052666
5.391358435e-06
-0.0006782221999
-3.919114474e-05
0.003227760322
-0.0001221571618
7.053428907e-05
-4.589679261e-05
3.664030717e-05
4.327352972e-05
0.003313093569
-7.627846432e-05
-2.587843666e-05
-3.471124319e-05
-0.0001111592062
-3.844893517e-05
-2.490568276e-05
-5.902625945e-05
0.0001280110961
-2.647307723e-06
-1.908454987e-05
-1.652189302e-05
1.75259128e-05
4.455759495e-06
-3.677196568e-06
-1.498148431e-05
4.493284056e-05
-4.616801159e-05
2.990661169e-05
5.829001035e-05
3.42645035e-05
5.423897313e-05
-8.742107033e-05
2.641757981e-05
0.0006746934893
5.158582855e-06
0.0007427310614
-0.0007364172825
-0.0002725921539
-9.086480676e-05
0.003229326526
3.827180777e-05
-3.366601337e-05
0.0001190958432
0.003173962321
-6.795511028e-05
-4.194453643e-05
0.003310002692
-1.706906934e-06
1.063076557e-05
1.118886709e-05
-1.1345956e-06
-1.907069448e-05
1.914501876e-05
-4.398131894e-08
-2.716204052e-05
0.003156225522
7.467615794e-05
1.943206052e-05
3.288646385e-05
0.0001106780151
4.935883943e-05
1.037011134e-05
4.670709438e-05
-0.0001113580578
-1.514006656e-05
2.162291947e-05
2.030655502e-05
1.853523952e-05
2.334710586e-05
-7.623282876e-05
0.0007719435121
-4.525692714e-05
-5.549262434e-05
0.0007600103368
-0.0007661311756
-9.187083005e-06
-1.631829566e-05
0.003138100415
0.0001190433729
-7.321824049e-05
9.651140503e-05
0.003134679936
-6.614203673e-05
-4.208895551e-05
0.003137485227
4.53610506e-05
2.242007626e-05
2.70178823e-05
5.469212762e-05
1.90440638e-05
1.042654777e-05
2.76588632e-05
-9.956632965e-05
0.00316132231
3.38171497e-05
2.197813486e-05
2.552515745e-05
3.354062021e-05
1.722024686e-05
5.780065191e-06
1.254841407e-05
-0.0001064841156
0.0001133921518
-0.0004362600914
0.0002610751693
-0.0007238907999
-0.0005688617619
6.895759539e-05
0.0004896310298
0.003052367871
0.0001142546478
-0.003041842001
-6.966634719e-05
-2.748755636e-05
-4.091060508e-05
-3.336582598e-05
-4.450479924e-05
-2.604704386e-05
-3.272706474e-05
-3.50738306e-05
0.0001758398529
0.0003267902543
-9.696923523e-05
-0.0001662775757
-7.941406187e-05
-5.716586018e-05
-3.738327597e-05
-5.048963793e-05
-4.148682837e-05
-3.448416359e-05
0.0007887004277
0.0007842001828
0.0007435149887
3.004156402e-07
-0.000735119883
8.549995358e-05
-0.0001123073788
2.007007757e-05
0.0007415568151
-2.430032392e-06
0.0001438633912
-0.0002144182332
2.029555328e-05
-0.0007608300777
-1.042952542e-05
-0.000539156906
0.0005220621089
2.752432299e-05
-3.332906407e-05
3.01658445e-05
0.0007549344053
3.023335727e-05
0.0009833789772
1.653859905e-05
-0.001114998718
5.841955783e-05
3.08433769e-05
0.0009140099047
8.769830201e-06
1.684065294e-05
-0.0001492807533
-0.0007266504306
0.000353312877
0.0005675285109
-0.0001498498477
-0.0007533746074
0.0003401341927
0.0002645193044
0.0005531268899
9.718915243e-06
4.682705937e-06
-0.0004427372864
0.0002928874385
0.0005377644638
6.809309984e-06
-0.0005460678025
1.494028716e-06
4.514432988e-06
0.0005412364042
-7.986373562e-06
0.0005428060662
9.031307453e-06
-0.0005501213654
-1.716009608e-06
6.273867527e-06
0.000540032084
-3.49988316e-06
0.0005375834349
-0.0005435618077
-3.288353828e-07
6.307206771e-06
0.0005493120804
-1.496793231e-05
3.239290767e-06
-7.811326109e-06
-0.0004898963345
0.0005212186807
-2.351101974e-05
1.741805286e-05
3.938881759e-05
0.0007969227288
-6.56477555e-06
0.0008560143381
4.400211679e-06
-0.0007508585818
-7.026080074e-05
-6.748603817e-05
0.000914746491
-1.728733703e-05
-3.183809024e-05
-0.0004392210013
-4.627512144e-05
-2.929744973e-05
-0.0007739741534
7.26579435e-05
-2.589120602e-05
8.952110833e-06
0.0005419338489
-0.0001750607373
-0.0003758252277
0.003034248797
-0.0001615835769
0.0001038234711
0.0001733795089
0.0001028594005
5.922943661e-05
3.87958277e-05
4.273647654e-05
3.025166143e-05
3.190739485e-05
-0.0007889623954
-0.0007855851914
-0.0007455535472
-0.000109462427
0.003043446266
-0.0001748817654
4.238335352e-05
3.91741619e-05
4.45285502e-05
7.702727175e-06
3.581265512e-05
3.196293181e-05
3.674457992e-05
3.683777065e-05
6.039989565e-07
-0.0001600740237
0.0002319635198
-2.214781472e-05
0.0007611218107
-5.093133588e-06
0.0007407741345
-7.820399288e-05
0.0001005691956
-1.451996016e-05
-0.0007435262415
-0.0007665319922
-5.152082473e-05
0.0007673837936
1.75898011e-05
0.0001249212978
-0.0004668739074
0.0002477444343
-0.0007468594852
-0.000735561726
-0.0001091859983
0.0007415243911
1.941581339e-05
0.0001356933139
-0.0002060295874
1.452225506e-05
-0.0007619807923
0.003048593453
-0.003037756858
0.0001198253796
0.0001921220735
-8.307331211e-05
-2.535402152e-05
-2.100191409e-05
-4.128012714e-05
-5.293943811e-05
-2.663558242e-05
-3.277686992e-05
-3.972278353e-05
0.0001896226372
0.0003408684367
-9.690736491e-05
-0.0001736462179
-8.100922345e-05
-5.566334116e-05
-3.848553731e-05
-5.938033129e-05
-4.802412962e-05
-3.610368153e-05
0.0007879551579
0.0007834418227
0.0007384505011
0.0001484103657
0.0002837283557
-0.0004321387213
-0.0001000067977
-0.0003917873926
0.0003870788796
-0.0002591807026
0.0007093597942
0.0007642941282
-2.765650346e-05
5.139365001e-05
-0.0007731453571
-3.187947901e-05
0.000230768018
-2.048530527e-05
0.0007593182991
0.0007367200918
-7.880808079e-05
0.0001011154833
-0.0007414346219
-2.268600224e-05
0.003026151965
-0.0001508846473
-0.0003293587813
0.0001064027493
0.0001700881215
9.643680944e-05
5.811774122e-05
3.527855993e-05
3.638381529e-05
2.495818318e-05
2.829368003e-05
-0.0007850534204
-0.0007822067226
-0.0007388043968
0.003036861409
-9.671671676e-05
-0.0001733520047
5.714648969e-05
3.479120942e-05
2.827181229e-05
4.334693989e-05
2.295511194e-05
2.238884557e-05
2.20532519e-05
2.840562212e-05
-0.0007704805808
4.972302199e-05
7.531030288e-05
0.003115441354
4.002829393e-05
-0.003117399703
-2.727106836e-05
-2.962967787e-05
-2.802870668e-05
-3.039263803e-05
6.29271274e-05
0.00313184738
-3.266804991e-05
-5.69338149e-05
-3.499078571e-05
-4.903116443e-05
9.249319783e-05
0.003134809037
0.0001079116889
-0.003159890248
-2.542080357e-05
-1.312940548e-05
-9.418482808e-06
-1.786106353e-05
-3.91487731e-05
-2.896122032e-05
-3.177071138e-05
0.000128646609
0.003155902028
-5.272958321e-05
-3.061054459e-05
-3.303528592e-05
-5.043995444e-05
-1.416197823e-05
-1.389026442e-05
-3.139652129e-05
0.0001157770792
0.003135635902
-0.003131125539
7.028515593e-05
7.314446316e-05
0.003171373322
7.7529107e-05
7.830720978e-05
-0.0006768032233
1.090631853e-05
-3.906773636e-05
0.003165560162
7.953640313e-05
-3.530695844e-05
-7.283202831e-05
-4.810160535e-05
-6.274666897e-05
1.915234985e-05
-6.495713884e-06
-1.512658181e-06
-2.436568963e-05
-2.742722839e-05
4.058430393e-05
0.00331196636
0.0001284525866
-7.920611851e-05
-2.878699545e-05
-3.806110461e-05
-0.0001049982523
-3.65250379e-05
-2.094068621e-05
-5.470939816e-05
5.204655761e-05
-6.245737013e-06
-2.146551834e-05
-1.993964357e-05
1.672306089e-05
-3.901800392e-06
6.601588386e-06
-1.202806224e-05
4.723637426e-05
0.003229146686
7.217382966e-05
7.804179609e-05
3.837914972e-05
4.390859802e-05
-8.767779841e-07
4.615646953e-06
-0.0007910636004
0.0007942196466
1.268135484e-05
-2.670529727e-05
-2.867649682e-06
0.0007399088602
0.0007567985925
-1.550904945e-06
2.762294745e-06
-0.0007517846096
0.0009470862201
-5.415787013e-07
-9.470025651e-06
-0.0009493312659
2.739250602e-06
0.0007645136788
-7.338700994e-06
0.0009482524655
-0.0007978109725
-1.883861639e-05
-1.592500692e-06
-0.0007897789347
0.0007941923073
2.807568699e-05
-1.007027806e-05
-3.009196569e-06
0.0007390661421
0.0007679245787
1.487050876e-05
5.447942532e-07
-0.0007688206677
0.0009462550282
2.936070847e-06
-1.133860237e-05
-0.0009427373429
1.900942308e-06
0.0007640156719
-8.724094627e-06
0.0009473775361
-0.0007882409348
-0.0007307705505
-0.0002940634167
-8.312024401e-05
0.003164299681
7.744258563e-06
-1.218982232e-05
-5.82624685e-06
1.90563419e-05
1.114802325e-05
-5.444395382e-05
0.003124887631
2.777694613e-05
5.444958111e-05
3.075600071e-05
5.172925801e-05
-8.41847228e-05
0.003307365705
-3.387349098e-05
-5.253132067e-06
7.96465051e-06
7.422664736e-06
1.059816873e-06
2.191888494e-05
-1.777223692e-05
1.722116663e-06
-0.0001129568153
0.003145036357
6.944351126e-05
1.686068853e-05
2.869192267e-05
0.0001176032033
5.253811461e-05
1.310453119e-05
5.041446365e-05
-0.0001103114019
0.003228167936
-3.198584632e-05
-4.677263998e-06
0.003169088351
-6.567437149e-05
-4.264680995e-05
-0.0007604570723
-1.056277748e-05
-1.259977176e-05
0.003110435865
-3.852188457e-05
2.606710388e-05
4.400994034e-05
2.249017843e-05
4.239481943e-05
-1.305576724e-05
0.00312289026
1.994240153e-05
1.723820968e-05
1.521578565e-05
2.170337693e-05
-7.311224598e-05
0.003126273323
-0.0001138193632
5.844215958e-05
1.869479018e-05
8.579353808e-06
3.071630645e-05
4.175936925e-05
2.033873841e-05
2.358085222e-05
-9.187658345e-05
0.003157039961
3.042373057e-05
1.983754485e-05
2.21027062e-05
3.364170826e-05
1.609463219e-05
4.447658046e-06
1.165404009e-05
-0.0001036358125
0.003133332063
-7.134900972e-05
-4.523594964e-05
0.003133308569
-6.451043811e-05
-4.039841996e-05
-4.479595653e-05
0.0001377771238
-3.487896791e-05
-3.860329568e-05
-3.767705149e-05
7.017111687e-05
0.003266641036
0.0002682432383
-0.0001293112693
-6.879608092e-05
-8.422439716e-05
-0.003204577076
0.0001693532971
0.003213501231
4.579338602e-07
-4.230455974e-05
-4.047554501e-05
-5.675813182e-05
0.003179674748
-4.498221819e-05
-0.003150581668
6.174044777e-05
-3.539931508e-05
0.003187404597
5.594804894e-05
0.003195277823
-7.942023655e-07
-0.003161042307
0.003194399372
-8.425259122e-07
-1.657061767e-05
5.940645473e-05
-2.443128902e-05
-2.158585246e-06
-1.70948151e-05
2.157535287e-05
0.003173077033
0.0001129308811
-4.324324471e-05
-1.342217453e-05
-3.439366235e-05
6.831939622e-05
2.663467228e-07
-1.390483349e-05
-5.426257949e-06
-2.476300648e-05
0.003195203355
-2.948228253e-05
4.821775021e-05
-1.955062313e-05
2.631872085e-05
0.00318403562
-1.046176551e-06
-8.538836569e-07
4.97479083e-05
-0.0001316696951
3.277536664e-05
7.364861565e-05
5.569713462e-05
-0.0001028586984
0.00317075952
-6.996216575e-05
4.26432444e-06
2.191406212e-05
1.947828039e-05
-0.0001167835196
0.00321224725
-1.985987005e-07
3.357945205e-05
3.123155303e-05
3.189789149e-05
0.003194630066
6.162879531e-06
-2.770609273e-05
1.591022267e-05
0.003187832921
-4.635314e-05
0.00318071201
-9.399026626e-08
0.003190726742
1.63735015e-08
8.276653925e-05
-0.0002031416091
3.468807682e-05
0.000108014555
7.12932681e-05
-0.0001123912008
0.00326766382
-0.0001700316173
3.080720139e-05
5.748286465e-05
4.818749464e-05
-0.0002638570405
-1.910565979e-06
0.0001215195402
8.57602225e-05
7.253974823e-05
0.003208706442
0.003181288825
2.159384173e-05
-5.372099499e-05
2.994565832e-05
0.003155652962
-5.689205384e-05
0.003197236221
-1.605281496e-07
-6.7655997e-07
0.003167757497
4.346300408e-05
0.0001697439107
-3.559572955e-05
-4.531649836e-05
-5.969603329e-05
0.003222474148
0.0001865597257
-0.003187674199
-8.435764214e-05
-3.343707369e-05
-5.03688326e-05
0.0001399959339
0.003210566048
-4.12780624e-05
-3.435069811e-05
-3.94786811e-05
6.994189768e-05
0.003195542682
4.424532255e-05
-0.003161692817
3.430038209e-05
0.003195139025
0.00317977291
-0.003151571198
6.210407154e-05
0.003187871719
5.640021509e-05
1.692969003e-05
6.822778398e-05
-2.822785532e-06
-1.668678839e-05
-2.742096736e-05
0.003253539819
0.0001126387035
-5.757214528e-05
-2.894369372e-05
-3.522731494e-05
6.20635798e-05
-4.767198801e-06
-2.318025032e-05
-1.958481911e-05
2.210828134e-05
0.003185069889
2.825741853e-05
1.865651621e-05
0.003196049574
4.875813876e-05
2.637393454e-05
-5.001637563e-05
-0.0001180229761
3.353204362e-05
3.143965975e-05
2.935275782e-05
0.003253005553
-7.610399229e-05
1.590649003e-05
3.099610228e-05
3.870270285e-05
-0.0001288429238
0.003213274383
7.072704779e-05
3.378522268e-05
5.298760543e-05
-0.0001016643556
0.003180929783
-7.100206195e-06
-1.702479678e-05
0.003191184922
0.003194468651
-2.838504336e-05
0.003187675847
-4.70501908e-05
-8.280333946e-05
-0.0002651556915
8.762298654e-05
0.0001190607689
7.080242516e-05
0.003221388676
-0.0001599600156
5.956290359e-05
3.77823087e-05
6.16297588e-05
-0.0002006591002
0.003183054626
0.0001060189617
3.480767757e-05
6.937459484e-05
-0.0001107236844
0.003197409891
-2.287383904e-05
-3.12378118e-05
0.003167148421
0.003180739698
-5.43640168e-05
0.003154806488
-5.754856684e-05
-0.0007909860779
4.227484388e-06
-1.082108513e-06
0.0007941350695
-1.661273292e-07
0.0009465472248
-1.063374639e-05
-0.0009488397309
-1.351254976e-06
0.0007566905831
2.708800007e-06
-0.0007516967589
-2.756207586e-05
1.323617837e-05
0.0007395187825
-2.567103573e-06
-0.0007977415823
0.0009477166167
-8.501285849e-06
0.0007644065213
2.665720667e-06
0.0007895269031
4.617778699e-06
-3.34288554e-06
-2.524000226e-06
-0.0009477541975
0.0009421917765
-5.246800072e-06
4.892140838e-06
-0.0007682761782
0.0007686994534
3.967835946e-06
-2.746897532e-05
1.352409439e-05
-2.331825486e-06
0.0007881986248
-6.963940857e-06
2.86007438e-06
-0.0007896950636
-2.032136169e-06
-1.902383659e-05
0.0007941130255
3.336528229e-06
0.0009456764479
-1.244606103e-05
1.504465504e-05
0.0007677729569
4.22163713e-07
-1.088658253e-05
2.861276669e-05
0.0007386858311
-2.754091544e-06
0.0009467983561
-9.876352029e-06
0.0007638458184
1.806437593e-06
0.0007908394334
-1.955283503e-06
-2.12049778e-05
1.449165294e-06
-0.0009466062623
-6.800004745e-06
0.0009466112325
2.091159767e-05
-0.00075613546
1.94015709e-06
0.0007508650898
-1.120334455e-05
2.918385498e-05
-2.311746016e-06
0.0007978904376
-8.157774354e-06
1.989905521e-06
9.835705359e-05
-0.0008516127085
-5.140196063e-05
0.0008094932847
-4.835668441e-06
0.0008161873013
-0.0001728121923
-0.0007987529276
3.523156189e-05
1.14182068e-05
-7.833911557e-05
0.0008235642277
-9.769463212e-05
0.0008678265055
-0.0008868304937
0.0008210474492
1.858992547e-05
-0.0002815649315
-0.0009937667191
0.0001532121167
0.0007424433016
4.713971314e-05
0.0007863604559
-1.737357378e-05
-6.633311772e-06
-0.00080441049
-3.414505173e-05
0.0007869300818
1.351766669e-05
7.22762467e-06
-2.385987649e-05
-1.975473393e-06
1.000763401e-05
-0.0007048134231
0.0006927313958
-3.422337024e-06
1.248571673e-05
0.0007649444303
-2.721392693e-06
-3.603572292e-06
-5.487388278e-06
-0.0005271458913
0.0005089578206
2.367545998e-05
0.0009809949646
1.116276691e-05
-0.001110714871
5.588938139e-05
3.124264049e-05
-3.661487336e-05
0.0008084962937
3.80973234e-05
0.0009140926303
7.590744431e-06
1.720932841e-05
-0.0001487835963
-0.0007146034919
0.0003474039634
3.763920727e-06
0.0004814776111
2.371628948e-05
-0.000855022222
-2.67070767e-06
0.0007520258267
4.718644753e-05
5.508827156e-05
-4.727271191e-05
-3.724160469e-05
3.597835357e-05
-1.378642168e-06
1.694025962e-05
0.0004296440202
4.916288229e-05
-0.0004303485278
2.335768805e-05
8.57165514e-06
0.0007984367392
-9.765280061e-06
-1.835490436e-05
-1.506014973e-05
-0.0008054564429
-4.467406103e-06
-5.42089628e-06
-0.0009739295283
-8.297574913e-06
1.064595189e-05
-9.666429974e-06
3.113452814e-07
-6.942321091e-06
4.996048871e-05
-0.0007887262046
-1.253544174e-05
0.0007011413402
0.0007774977332
-4.59948872e-05
5.760401741e-06
-8.009980165e-06
0.0007729956091
6.620989064e-06
0.0006817818058
0.0007839988216
0.0006648950109
2.510216316e-05
0.0006806753601
-1.440146296e-05
-0.0007781627957
-1.189274453e-05
0.0007727088583
4.713169017e-06
-4.532590943e-07
-3.218642743e-06
1.223537069e-05
-0.0006535483187
0.0006492342752
-3.333539715e-06
0.0006740756649
-3.50802967e-06
0.000562384293
-0.0001474889727
0.0002770624709
0.0005462409573
9.565121481e-06
-0.0005369096743
0.000539200869
8.354757102e-06
9.642628401e-06
-3.721045631e-06
8.333043409e-06
0.0007998331011
-5.587113262e-06
-1.021939929e-05
9.605686669e-06
-0.0007986062895
1.168650042e-06
-3.679938934e-06
-0.0009693307019
-7.558645246e-06
9.789177901e-06
-3.559273239e-06
1.130018998e-05
-5.157164706e-06
5.429079761e-06
-0.0006718980084
-1.217038225e-05
0.0006723163935
0.0007707713218
-7.616777546e-06
2.224409784e-06
1.015345968e-05
0.0007596327628
1.24230126e-05
0.0006484567644
0.0007696183519
0.0006492174348
5.420350943e-06
0.0006733174888
-1.200855961e-05
-0.0007695047305
-7.746952882e-06
0.0007660989578
2.075326203e-06
1.103862674e-05
-3.025836453e-06
1.16230673e-05
-0.0006509112877
0.0006492567938
-2.340114483e-06
0.0006720364385
-2.663785786e-06
0.0005309919851
0.0005343844582
-0.0005387207073
0.0005432630851
-7.747136578e-07
3.83278603e-06
0.0007983557939
-4.012371755e-06
-1.268437482e-05
6.397184469e-06
-0.0008002950144
1.20570708e-06
-3.829656679e-06
-0.0009633200913
-1.363764076e-05
1.201522946e-05
-3.823876746e-06
6.326061907e-06
-4.03326218e-06
6.795374802e-06
-0.0006709790066
-1.216862797e-05
0.0006713377889
0.0007680545202
-7.99997507e-06
1.588499064e-06
9.753778326e-06
0.0007572417656
1.22840387e-05
0.0006434970774
0.0007684235596
0.0006435763065
6.996215193e-06
0.0006724430699
-1.211386743e-05
-0.0007701532909
-7.698863993e-06
0.0007711768607
1.664178447e-06
1.075655249e-05
-2.921772972e-06
1.191454537e-05
-0.0006448214
0.0006442355356
-2.595446414e-06
0.0006726254892
-2.602408453e-06
0.0005359881303
0.0005332778351
-0.0005314461227
0.0005366613475
-6.074117533e-05
2.244222092e-06
0.0008383754222
3.670582768e-05
4.626619762e-06
5.642209152e-05
-0.0008001080657
9.866134613e-05
8.008149437e-06
0.0007882002541
-0.001065590618
0.0001602988691
0.0003565303154
0.0007303046236
6.18983589e-06
2.166291254e-05
-8.010998648e-05
0.0002904724159
0.00088697321
-1.290141132e-05
-0.0006767695254
-1.103485522e-05
0.0006985182173
0.0007758680701
-3.686074924e-06
-5.080776871e-07
2.176628156e-05
0.0007718624068
1.246392566e-05
0.0006473700408
0.0007823553715
0.0006610062467
-3.992961352e-05
0.0007880204711
-1.286681222e-05
-0.0007768343565
3.086101038e-05
0.0007838064117
-2.222367725e-06
3.118328205e-05
-3.378731181e-06
2.032380412e-05
-0.0006820674497
0.0006903764402
-2.438691163e-06
0.000759095299
-2.744733173e-06
0.0005307457937
9.328076954e-06
0.0005422160907
6.682240109e-06
-0.0005597967625
0.0001420879924
0.000740098532
-0.0002616768735
4.082240792e-06
0.000432560408
-3.076005738e-05
-0.0007798502369
-1.075997328e-05
0.0008054416776
1.592859084e-05
0.0007998549895
1.66053258e-05
-4.663339016e-06
-4.219680243e-06
4.92416736e-05
0.0008207923704
1.762662007e-05
0.0007008728462
0.0008162392688
-4.098330173e-06
1.347700765e-05
0.0007415412129
-7.668985342e-05
0.0008520622393
1.814550278e-05
1.192378645e-05
-0.000812876455
0.0001524767155
0.0007956485327
-2.82185092e-05
-9.434293989e-06
0.0001053434608
-2.772256753e-06
0.0001291034283
-0.0008674903875
-1.684141691e-06
0.0008893793506
-1.105709333e-05
0.000289084366
0.0009854475619
-0.0001408895501
-2.460211354e-06
-2.460832414e-06
-0.0004819714001
0.0005122066951
-2.777446288e-05
0.0008399917487
-4.927988425e-07
-7.023340607e-05
-6.39208201e-05
1.646580651e-05
0.000740381717
1.642156971e-06
0.0009004721747
-1.82101154e-05
-2.826533729e-05
-4.990379201e-05
4.583719817e-06
0.0005322822165
-2.465924402e-05
-0.0009686576903
-8.357451062e-06
0.001094543929
-7.276298826e-05
-3.894855773e-05
1.153446169e-05
-3.272605229e-05
-3.631387343e-07
-2.638114342e-05
-2.568619112e-05
0.0001525811448
0.0007096137316
-0.0003382701151
0.0004416655106
4.750193745e-05
-5.812124842e-06
0.0008007951093
-1.853876977e-05
3.527295458e-06
-2.844113381e-05
-0.0008077612136
-3.468897949e-05
1.123255997e-05
-0.0007054290942
-7.431181417e-07
1.035537131e-05
-1.338413311e-05
0.0001480906557
-0.0004446763118
-0.0005380740281
-9.318681509e-06
0.0005207663063
2.662640357e-05
1.607544282e-05
0.0009834848532
-0.00111513924
5.750528289e-05
3.085027412e-05
-3.453602631e-05
0.0007542905334
3.106730765e-05
3.05585325e-05
-0.000725814849
0.0003519069197
0.0009140962135
8.455883507e-06
1.707804828e-05
0.0004931315199
-6.131257561e-07
2.824791201e-05
7.288103288e-07
-0.0008530740622
0.0007536089375
5.093105038e-05
5.381428796e-05
-4.37238367e-05
3.772464113e-05
2.823666635e-05
0.000441470728
5.238960259e-05
7.051245002e-08
1.661467661e-05
2.566473818e-05
-6.210409823e-06
0.0006935305582
1.718856914e-06
-8.123808302e-07
-2.954760462e-06
-0.000782730529
-1.225339865e-05
1.961944511e-06
-0.0006509549931
4.175406734e-06
6.377642042e-06
-1.117389953e-06
5.699346141e-05
-0.000851603326
3.324042615e-06
0.000832752927
0.0008030999274
-9.379584093e-05
-0.0007920597253
-2.398716936e-05
-4.146420378e-05
0.0008360546436
-0.0001761350644
0.00107022468
-0.0003395378781
-0.0007357648647
0.0008141341178
-0.0002914406168
-0.0009041895471
0.001006556969
-9.066049445e-06
2.189977727e-05
0.000810753305
1.818700637e-06
-0.00080965287
-2.956194667e-06
0.0008046398145
-1.588760784e-05
-1.60963628e-05
-1.753404805e-06
-0.0009795282911
7.010077895e-06
0.0009712948265
0.0008049263153
-3.646190274e-06
-0.0001500301112
0.0005672003553
0.0002651841808
0.0005527075977
5.426708429e-06
-0.0005432778163
0.0005456576219
4.630272149e-06
5.783591511e-06
5.919578276e-06
-4.442311348e-06
0.0006854292888
-2.317811918e-06
-3.399945662e-06
8.347008736e-06
-0.0007740079147
-8.333409844e-06
5.505601295e-07
-0.0006456321924
4.243631056e-06
2.727930331e-07
-2.721591546e-06
-4.901887809e-06
-0.0008112364936
2.895780355e-06
0.0008115995569
0.0008044641751
8.018718696e-07
-6.96483678e-06
9.076208126e-06
0.0008171217909
6.575955284e-06
0.0009684858258
-9.01669038e-07
0.000803793661
0.0009719031783
8.564858207e-06
-5.655565269e-06
0.0008126384003
2.29890997e-06
-0.0008030238465
3.057620329e-06
0.000800166596
-7.836579831e-06
8.638595037e-06
-1.519897692e-06
-0.0009754492224
6.673218076e-06
0.0009757480401
0.0008114545312
7.975268084e-06
0.0005373680253
7.387927357e-06
0.0005408460422
5.086841226e-06
-0.0005451947803
0.0005497387694
2.129228648e-06
3.62653014e-06
7.666457431e-06
-4.823771282e-06
0.0006844813012
-3.73087364e-06
-3.807184746e-06
8.180843591e-06
-0.0007762284243
-8.526712903e-06
4.930386454e-07
-0.0006492604659
4.578802647e-06
5.31308877e-07
-3.972272072e-06
-1.804665487e-06
-0.0008105127766
-1.240539578e-06
0.00081065919
0.0008024727302
9.609601628e-07
-9.318166514e-06
6.342251863e-06
0.0008176380174
5.546627318e-07
0.0009740365665
2.23323861e-06
0.0008038240601
0.0009719074432
4.023010511e-06
-2.773123874e-06
0.0008116751338
-1.973693202e-06
-0.0008051487102
3.207549767e-06
0.0008044662941
-1.016274502e-05
5.652564432e-06
-7.656583849e-06
-0.0009697862733
9.227112487e-06
0.0009709614688
0.0008032538275
3.388842893e-06
0.0005424368507
9.535157074e-06
0.0005396783793
6.781482017e-06
-0.0005378156489
0.0005432157204
3.827041088e-06
5.251573616e-06
-3.968991818e-05
-5.642259282e-06
0.0008012080231
-4.547230956e-05
-7.816513913e-06
2.8016173e-05
-0.0007820135247
2.995558676e-05
-1.054042972e-05
-0.0006820351776
1.289424141e-05
-9.222875014e-06
7.27183771e-05
-2.972818715e-05
-0.0008063959755
8.797782336e-08
0.0008302021873
0.0008086541355
5.428035212e-06
-2.355811792e-06
3.386280235e-05
0.0008359799535
1.026197467e-06
0.0009772156553
7.829190989e-07
0.0008137413637
0.001007018143
1.538523478e-05
-6.308247342e-05
0.0008506905823
-2.878229738e-06
-0.000804055791
0.0001015213492
0.0007916327142
6.868318502e-06
5.576657049e-05
0.0001665811074
-0.001074685989
0.0003610298063
0.0007357846671
0.0002928504886
0.0008986609299
1.819274631e-05
0.0005372424222
6.756217118e-06
0.0005489993883
3.628268912e-06
0.0001455516279
-0.0005663186155
0.0007507381962
-0.0002736246421
0.000438402116
8.735194022e-07
-7.553745121e-05
2.733824545e-05
0.0008631833465
2.944590907e-06
-1.405322003e-05
0.0001019903482
-0.0008177441707
0.0001540379692
0.0007999572538
-3.045166515e-05
-0.0008679287775
0.0001235106196
0.0008895933332
-1.343303604e-05
0.0002931609989
0.0009982736268
-0.000150702692
-0.0001578498338
0.0004510108323
-0.000488981746
-7.802239513e-06
0.0005202763181
-2.349233461e-05
4.328162079e-06
0.0008559155453
-7.041428343e-05
-6.740212151e-05
1.739239253e-05
0.0007968660541
3.937006216e-05
-6.553665919e-06
-4.625147075e-05
0.000914673915
-1.737182474e-05
-3.179639272e-05
0.000541336454
1.865793892e-07
-2.124671776e-05
-4.486766571e-06
-0.0009791242076
0.00110545977
-7.30881224e-05
-4.46952003e-05
6.786436367e-06
3.248358685e-05
-7.251761513e-06
0.0007185724134
-0.0003395725609
-2.732611227e-05
-3.015116487e-05
7.048079144e-06
-0.000791177676
-3.934076245e-06
0.0007943599665
0.0009499585604
-2.701828497e-06
-0.0009516872905
-2.701076703e-05
7.14462563e-06
0.0007415003081
1.522127656e-06
0.0007574925712
-0.0007524485869
0.0009510782526
-0.0007979380153
0.0007652943086
7.57985095e-06
0.0007899327677
-6.306588075e-06
-0.0009511611245
-5.601524926e-06
0.0009460376813
-2.656632882e-05
7.252383943e-06
2.573134873e-06
7.999767685e-06
-0.0007696630206
0.0007728815902
-4.059355328e-06
0.0007891470357
-2.919124583e-06
1.080387981e-06
-0.0007901672747
-2.083508277e-05
0.0007943906581
0.0009494998166
6.270105018e-07
-9.905854463e-06
2.22047443e-05
0.0007408158015
1.652479752e-05
0.0007692839815
0.0009504447654
0.0007649697976
1.327174608e-06
0.0007911304598
-2.33468684e-05
-0.0009502413173
-1.997872985e-06
0.000950315362
-9.96139002e-06
2.308863382e-05
2.55717805e-06
2.316710597e-05
-0.000757192935
-2.098530277e-06
0.0007519361486
0.0007982287605
-2.107514831e-06
-3.884201316e-06
-0.0007911852836
7.263496662e-06
0.0007943714968
0.0007576267433
1.454346117e-06
-0.0007525586091
7.153557499e-06
-2.671420208e-05
0.000741667426
-2.906232214e-06
0.0009500071159
-0.0009517273423
0.0007653813014
-0.0007979499801
0.0009511237564
-6.204411655e-06
0.0007899386065
7.792609258e-06
-0.0007697441585
7.899886034e-06
0.000772969838
7.204210088e-06
-2.628232963e-05
-5.820572847e-06
-0.0009511944276
0.0009460705153
-1.616217884e-06
0.000789151264
-3.080574878e-06
-2.071004475e-05
-0.0007901784222
1.314418141e-06
0.0007944002404
0.0007693505259
1.64279159e-05
2.224523719e-05
-9.685396103e-06
0.0007409653682
4.020109885e-07
0.0009495528387
0.0007650295458
0.0009504871024
-2.320072668e-05
0.0007911425172
1.555696627e-06
-0.0007572532897
2.298867185e-05
0.0007519892422
2.31247989e-05
-9.751125349e-06
-2.216507457e-06
-0.0009502787809
-3.376233206e-06
0.0009503553558
0.0007982359633
-4.76743272e-06
-1.527396784e-06
0.0004945051818
2.908432394e-05
-4.286652415e-05
2.783956361e-05
-0.00085276691
1.405804745e-06
5.126036085e-05
5.36237633e-05
4.244064607e-07
1.642466758e-05
5.317369999e-05
0.0003009205493
-0.0004502013029
-0.0008751124391
-3.652987387e-05
9.848319224e-05
0.0008298162444
-1.665712335e-05
-0.0001155611733
0.0008787215345
4.256842875e-06
-0.0008993459528
-0.0001709667302
0.0008200579021
-0.0008001808723
3.449396689e-05
-8.558603029e-05
9.41457191e-06
0.0008254985184
7.073034922e-07
-0.001007320522
0.0001466007289
0.0007520886189
4.517011812e-06
0.0008267202232
1.701104599e-05
0.0008065380913
-5.146799413e-06
4.704493956e-05
-1.861998709e-05
-1.415755586e-06
-0.0007137575856
0.0007013622699
3.753464584e-06
-3.431308647e-05
-0.0008108513089
0.000794006945
1.162730486e-05
-2.932187012e-05
4.440808233e-06
1.264234564e-06
0.0007841703725
-1.336112332e-05
3.862363849e-06
1.059653019e-05
-0.0005436835491
-6.414547806e-06
4.030292374e-06
4.313509778e-06
5.129830925e-06
3.091466469e-06
-0.0008534969867
5.71427678e-05
0.0008346994703
-4.143671843e-05
0.001070348694
-0.0001763103137
-0.0007357235498
-4.181862554e-05
-2.424966173e-05
0.0008361282692
-9.41300387e-05
0.0008038880043
-1.425058651e-05
-0.0007927497353
0.001006629207
7.470251841e-05
-0.0009057524191
0.0008150102312
-1.090066363e-05
1.664636248e-06
0.0008126633506
2.189147451e-05
-1.519991339e-06
-0.0009796406484
-1.626971141e-06
0.000971415465
-1.644481199e-05
-1.617394659e-05
-2.900615469e-06
-0.0008104434606
-2.440882879e-06
0.0008054211256
1.31784683e-06
0.0008068179168
-6.810516613e-06
-0.0008088079935
-2.914726154e-06
5.055913768e-05
0.0007197268631
-4.02104523e-06
0.0006899289761
3.929251458e-06
-4.604385224e-05
0.0007852091958
-1.152106757e-05
1.575994754e-06
0.0007747379828
2.388517807e-06
0.0006714808295
4.012352363e-06
0.0007920500022
0.0006984439433
-5.626323563e-06
2.538925149e-05
3.696343412e-06
-0.0006585817841
0.000652995981
3.69148136e-06
-1.196936864e-05
-0.0007861954257
0.0007806913991
-3.433813886e-06
3.296951204e-07
2.515357889e-06
0.0006914887648
3.838907867e-06
-0.0005455782248
-6.159359448e-06
-7.422395391e-06
2.748287825e-06
-0.0008131178048
-5.052896516e-06
0.0008134796852
1.942727991e-06
0.0009686002432
6.744773949e-06
8.726515417e-06
-7.283313861e-06
0.000817215305
9.190438171e-07
0.0008053550339
-1.402581824e-06
0.0009720310176
1.363929563e-06
0.0008046931732
-6.696387929e-07
2.142220556e-06
0.0008145076166
-5.832339098e-06
2.662187724e-06
-0.000975540664
-1.378913153e-06
0.0009758518277
8.276503788e-06
-8.163278427e-06
3.180560871e-06
-0.0008039084429
-1.150910681e-06
0.00080101351
2.989487111e-06
0.0008133197774
-8.518600071e-07
-0.0006892242559
-3.991570774e-06
5.600144119e-06
0.0006895584098
4.086939059e-06
0.0006517066711
3.234025221e-06
-7.715377447e-06
0.000778737345
7.34751966e-06
-2.02097916e-06
0.0007597814899
2.369508909e-06
0.0006519613678
3.101251936e-06
0.0007775902301
0.0006904169698
-3.912327071e-06
5.715955664e-06
3.813262214e-06
-0.0006531494018
0.0006513059893
2.655894266e-06
-8.174569269e-06
-0.00077750641
0.0007743527556
8.070925221e-06
-2.127399683e-06
2.330588141e-06
0.0006890451498
2.970564297e-06
-0.0005381498917
-8.788149726e-06
-2.885239355e-06
-1.403892787e-06
-0.0008123757578
-1.99051793e-06
0.0008125050948
3.265074526e-06
0.0009741534168
6.927706914e-07
5.99269549e-06
-9.713516352e-06
0.0008177417402
1.247458454e-06
0.0008033110201
-1.428046773e-06
0.0009719967519
2.884248678e-06
0.000804689658
-9.636033299e-07
-2.133394258e-06
0.0008135062764
-2.97141428e-06
4.103628269e-06
-0.0009698586911
-7.518088498e-06
0.0009710581871
5.351128072e-06
-1.054425236e-05
3.442367757e-06
-0.0008060301819
-1.209313879e-06
0.0008053162645
4.374600718e-06
0.000805055955
-1.203702381e-06
-0.000688239949
-4.496591734e-06
7.367121259e-06
0.0006886344938
4.813255837e-06
0.0006561259579
-2.730120712e-06
-8.502705346e-06
0.0007773111287
7.170440643e-06
-2.155185167e-06
0.000761958634
1.934827921e-06
0.0006560039122
2.795894363e-06
0.0007779880402
0.0006895204368
-4.34779575e-06
7.565481455e-06
4.095971886e-06
-0.0006567083238
0.0006555891218
2.909588149e-06
-8.456254184e-06
-0.0007797717948
0.0007807626625
7.973809003e-06
-2.504540977e-06
2.2893754e-06
0.0006895347553
2.921601623e-06
-0.0005665594689
0.000145776181
-0.0003608124554
-0.0002738102432
-1.782322239e-05
5.758357374e-07
-0.0002934448199
-6.007569332e-08
-0.0008082163229
-3.000895225e-05
0.0008320199585
6.265395352e-06
0.0009773150321
1.13780297e-06
3.359071177e-05
-2.809665069e-06
0.0008360671611
5.708733681e-06
0.000809451614
-1.03241201e-06
0.001007066603
3.686168816e-06
0.0008145226037
3.773012927e-06
-2.973759345e-06
0.000852368332
-6.336608388e-05
4.599147079e-05
-0.001074728945
0.0001666512032
0.0007358035001
5.557285924e-05
6.428439537e-06
0.0001017900367
-0.0008047476499
9.858165207e-06
0.000792243799
-7.278721401e-05
0.0009001519659
8.534443984e-06
-0.0006936822311
-3.350520968e-06
-1.225264981e-05
0.0007155507979
4.794086665e-06
0.000657450192
3.218313731e-06
-4.332779704e-06
0.0007853689663
1.894365438e-05
-4.849302912e-06
0.0007750355436
2.896097253e-06
0.0006698634334
3.179892308e-06
0.0007915183069
0.000806919578
-5.27723989e-06
-4.010006952e-05
1.257713977e-05
-0.0006896418276
0.0006973330493
2.718953428e-06
3.016897203e-05
-0.0007853089604
0.0007918259476
2.810153365e-05
-6.541612406e-06
2.826958307e-06
0.000776878476
3.045899593e-06
3.4260937e-07
0.0005423119994
-2.143593176e-05
6.535425264e-06
-7.206800182e-06
-0.0009791466187
-4.695911634e-06
0.001105384241
-7.339702342e-05
-4.457946862e-05
-2.73920419e-05
-3.013005197e-05
0.0001583806611
0.0007197882142
-0.0003405527891
-0.0002950282539
0.0004534089162
-0.0007973773504
-2.674203133e-06
-2.984662733e-05
0.000823478663
6.419518991e-06
1.014893914e-05
0.0007073905068
2.363752384e-06
1.491508097e-05
0.0008075829597
-6.239902457e-06
4.60950382e-05
-8.133437064e-06
0.0008232839792
2.580332754e-06
4.565145616e-06
0.0007484153591
2.395982331e-06
0.0008237581508
-5.967761268e-06
0.0008684047635
2.771106027e-05
-7.574445351e-05
3.107291431e-06
0.0001246519046
-0.0008754943996
1.897009084e-06
0.0008957178816
0.0001546884972
-0.000820302567
0.0008021137148
-2.965119193e-05
0.0001020479543
-1.285282724e-05
2.322736144e-06
0.001003248723
-0.0001505318126
2.679973662e-06
-1.260194906e-05
-0.0005278160473
-7.437806474e-06
0.0005099206407
2.533321352e-05
-3.465867826e-05
0.0008093826562
3.691539555e-05
1.27274306e-05
0.0009813828331
-0.001111025473
3.093222674e-05
5.650882588e-05
-0.0007163083714
0.0003496301207
0.0009146246202
1.677120206e-05
7.89052622e-06
0.0004824479207
1.948145327e-06
2.552457428e-05
-4.56502096e-05
3.49972153e-05
-1.125716015e-06
-0.0008556223231
0.0007526467966
4.729007836e-05
5.460727302e-05
0.0004305585341
5.076366969e-05
-1.137581226e-06
1.643781426e-05
-5.066448251e-05
-0.0008549858264
9.959197685e-05
0.0008126902359
-6.631903001e-06
0.0008759760724
-9.96527375e-05
-0.0008959842878
-8.037732975e-05
1.177952972e-05
0.0008251931508
-0.0001747236216
0.0008168558632
-0.0007992274563
3.540223857e-05
0.000749451272
-0.0009971845474
0.0001515507177
0.0008221259598
1.892884073e-05
-1.665789865e-05
0.0007894971764
4.826174315e-05
-8.410785503e-06
-0.0007114533085
9.312343692e-06
0.0006991831676
-2.520242873e-05
7.70885925e-06
-3.528533273e-05
-0.000805541121
0.0007880912523
1.39247963e-05
0.000767909634
-4.385447414e-06
1.285940792e-05
-0.0001465412602
0.000563073765
0.0003385509758
0.0002761749704
0.0002840172731
0.0005469285389
7.762240123e-06
8.38298711e-06
-0.0005375813136
-9.43429626e-06
0.000539864207
7.15139955e-06
9.665971654e-07
8.380627738e-06
-1.192680426e-05
-0.0007918865103
5.109573812e-05
0.0007041299497
4.858762483e-05
0.0006883426509
5.999188864e-06
-9.190919884e-06
6.285852668e-06
0.0007749635538
-4.710006431e-05
0.0007787125654
1.694023246e-05
0.0006712372791
-6.507775206e-05
0.0007852684261
1.367133894e-05
-1.394605892e-05
0.0006836288248
2.613911244e-05
8.308070705e-06
-0.0006597267488
1.18529061e-05
0.0006553960391
-1.403379239e-06
5.330565071e-06
-1.291477599e-05
-0.0007794351278
5.662876588e-06
0.000773989709
5.505092377e-06
0.0006770618618
9.882008316e-06
-0.0008402421254
7.79625382e-06
5.910998499e-05
0.0008219235112
-0.0001777629505
0.001066440205
-0.000734876674
-9.521544737e-05
0.0007995644524
-0.0007894851847
-4.23598688e-05
-2.647946596e-05
0.0008347898064
-0.0008942810023
0.001001577725
0.0008106389953
0.0007997643332
6.996547213e-06
2.347070043e-05
-6.763761823e-06
-0.0009744338503
0.0009662276772
-4.555223531e-06
-0.0008059183263
0.0008008733156
-1.516737562e-05
-1.848855857e-05
0.0007939504401
0.0005316432114
-1.249030632e-06
0.0005350305473
-1.072603735e-05
-0.0005393629023
-8.655898523e-06
0.0005438963443
4.122456975e-06
-1.01436799e-05
5.81132527e-06
-1.172651277e-05
-0.0006749344007
6.383144361e-06
0.0006754103175
4.867450149e-06
0.0006545895503
1.199518951e-05
9.332123097e-06
2.919866762e-06
0.0007616295629
-8.57178933e-06
0.0007720511654
4.685606596e-06
0.0006552964127
5.550861044e-06
0.0007709039395
3.750123317e-06
-1.158826263e-05
0.0006764518356
6.410186475e-06
4.136559222e-06
-0.0006569335356
1.122714864e-05
0.0006551920748
1.025482127e-05
2.758478146e-06
-8.755218888e-06
-0.0007708024537
4.06204914e-06
0.000767373567
3.722373813e-06
0.0006752013916
3.906085426e-06
-0.0008000677652
7.537244614e-06
-2.88998192e-06
0.0008002879521
1.768352402e-06
0.0009631567027
-1.201888293e-06
0.0008008126288
1.003152552e-05
-9.620839959e-06
0.0008158113381
0.0009664937897
0.0008001034347
0.00080128966
6.905550761e-06
-3.770699235e-06
-6.152925887e-06
-0.0009699441581
0.0009701215603
1.219810493e-06
-0.0007991092969
0.0007961147958
9.544219231e-06
-1.043318548e-05
0.0008000789184
0.0005366072305
-4.049488121e-06
0.0005338777668
-5.994630098e-06
-0.000532039328
-1.099110694e-05
0.0005372611866
5.769246791e-06
-5.227384694e-06
7.065823182e-06
-1.175261283e-05
-0.0006741960875
7.812222358e-06
0.0006746004853
3.535992358e-06
0.0006493908909
1.189441115e-05
8.975918923e-06
2.373571834e-06
0.0007591028279
-9.007382661e-06
0.0007693511228
4.376586299e-06
0.0006494100914
3.892332625e-06
0.0007697109065
3.973856245e-06
-1.169740144e-05
0.0006757278464
8.050091902e-06
2.519948633e-06
-0.0006505727927
1.153853834e-05
0.0006499418894
9.938501129e-06
2.440863692e-06
-8.782984214e-06
-0.0007714558316
4.437571544e-06
0.0007724697779
2.552679787e-06
0.0006759307206
4.388221437e-06
-0.0007989092242
3.415909859e-06
9.200634918e-08
0.0007989373009
-4.030782474e-06
0.0009684661971
-1.031244374e-06
0.0007983997867
7.119364215e-06
-1.202563262e-05
0.0008160475357
0.0009663157464
0.0007996260785
0.0007999104385
2.414196728e-06
-8.673860618e-07
-1.224916837e-05
-0.0009639803593
0.0009650768852
1.310969748e-06
-0.0008007590352
0.0008001156467
6.402499549e-06
-1.302035717e-05
0.0007915249196
0.0005313477344
-2.402369644e-06
8.315820845e-06
0.0005427923583
-1.707050762e-05
5.625883927e-06
0.000142856203
-0.0005603598969
-0.0003562904456
0.0007407377986
-0.0002625418483
-0.0002905172382
0.0004333734407
-2.072078711e-05
3.153247989e-06
-1.061143998e-05
-0.0006801382378
-1.187522401e-05
0.0007019224345
7.024682685e-07
0.0006530415823
1.203193385e-05
2.106598641e-05
2.738652129e-07
0.0007736053089
-4.690834538e-06
0.000777137825
4.252349991e-06
0.0006666760211
3.133582014e-06
0.0007835651164
-7.043735726e-07
-1.246508793e-05
0.0007918728651
-3.906250359e-05
-3.842284012e-05
-0.000687761336
1.999586877e-05
0.0006959648662
3.05045032e-05
-1.511180473e-06
2.993292312e-05
-0.0007779472698
-7.351212036e-06
0.000784812929
7.902834231e-05
0.0007627733144
-5.603079905e-06
-0.0007945444342
4.604856373e-06
-2.756276239e-05
0.0008182048083
-3.547716206e-06
0.0009714897523
3.43364882e-06
0.0008045282561
3.44127629e-05
-5.226566673e-06
0.0008343892909
0.001000859528
0.0008097372561
0.0008397409648
9.556203591e-07
-6.09146181e-05
0.0001613704512
-0.001066335105
0.0007306463351
9.888445605e-05
-0.000800477655
0.0007884947549
5.6548821e-05
4.270491436e-06
0.0008885069762
-0.0001535672683
-0.0002898834116
0.0004434506751
-0.0004828825524
-3.270061409e-06
0.0005131761397
-2.702352765e-05
1.690579593e-05
0.0007409677677
1.154578356e-06
3.032197044e-07
0.0008407087189
-6.438955305e-05
-7.012011954e-05
-4.920589154e-05
0.0009012361213
-2.865220943e-05
-1.823945948e-05
0.0005333508094
3.957887535e-06
-2.41325594e-05
1.165360544e-05
-7.980335186e-07
-7.981009833e-06
-0.000969497119
0.001095622655
-7.334628537e-05
-3.923638506e-05
0.0007105745927
-0.0003387720627
-2.659187004e-05
-2.605763569e-05
-1.036939973e-05
-0.0007834497166
-2.992974704e-05
0.0008090309426
1.471791853e-05
0.0007061874829
1.72639881e-05
4.860731154e-05
-3.485886848e-06
0.000822465081
1.562915093e-05
0.0008007419143
-3.954674612e-06
0.0007468213768
1.221673698e-05
0.0008170458176
-3.393786077e-06
1.850457868e-05
0.0008553034531
-7.580389948e-05
1.102680679e-05
-0.0008727192722
0.0001298818568
0.0008933706856
0.0001047133431
-8.689494134e-06
0.0001520693114
-0.0008135544432
0.0007960406623
-2.726844694e-05
0.0009887451966
-0.0001413739878
-1.019959434e-05
-3.146783258e-06
5.035615247e-06
0.0007895778254
1.291888096e-05
-2.662330403e-05
-0.0007683983929
4.702157532e-06
-0.0009482906833
-2.938099591e-06
-2.103338841e-05
-1.510945959e-06
0.0007909244748
2.869362253e-05
-1.045441613e-05
-0.0007563047314
2.073066838e-05
0.0007510365146
-0.0009471980204
1.018322108e-06
0.0009472014931
0.0007979829988
-5.199992856e-05
-0.0002175425003
0.003104369305
-0.0002773927649
-0.003075245776
-0.0003534677454
2.402349498e-06
0.003088828428
-7.546689259e-05
-0.003068531265
-8.238731712e-05
0.003075101038
3.957605166e-06
-6.896693897e-05
-0.0001256772746
-0.0001146450535
-0.003036109353
4.242486671e-06
-0.0001639310931
-0.0001274800281
-0.0001461583067
3.387319957e-05
0.0001457170947
0.003104602692
0.0003154303508
0.0002461017462
5.60239047e-06
0.003078754065
0.00308066299
9.590115838e-05
7.93669573e-05
0.003072862684
0.003059704636
6.584974934e-06
0.000141591932
0.0001339148932
0.0001159763284
1.336966685e-05
6.022520123e-05
0.0001068524351
9.369456062e-05
0.003028859061
5.324901733e-05
-0.0003424470842
0.003107263826
-0.0001592234176
-0.003091650352
-0.0002102689027
0.003075116116
7.738460765e-05
-0.0001250770991
-6.839416036e-05
-9.979525171e-05
-0.003037965971
8.624946949e-05
-0.0001506075654
-0.0001303608622
-0.0001298361723
0.003088913367
-0.003070491512
-3.361982423e-05
0.0002664526648
0.003109818278
0.000223257513
0.0001524814188
0.003092911453
0.003067147883
-9.468632533e-05
0.0001470871691
0.000136189736
0.0001220307646
-8.460288475e-05
0.0001128015114
8.727791013e-05
0.0001112722899
0.003036837133
0.003081139393
0.003071393094
-0.0001153863291
-4.569769508e-05
0.003094875423
-6.391693316e-05
-0.003085328871
-0.0001443163692
0.003100066985
-9.111098472e-05
-0.003102731624
-0.0001507240408
6.305705362e-07
0.003077704916
1.306634871e-05
-3.304664019e-05
-4.557476302e-05
-4.545394559e-05
-0.003085644437
3.938228404e-06
-7.38749229e-05
-7.186202805e-05
-5.748185111e-05
0.0007932224209
0.0007725216473
0.0007873424427
7.606582984e-05
1.326678977e-05
0.003096017876
0.0001283108784
7.281555604e-05
0.003092107732
0.003108375045
0.000110239902
7.077080822e-05
2.964968313e-06
0.003107312463
0.003084130011
-1.214757838e-06
7.24250988e-05
5.574608995e-05
5.927018723e-05
-0.0007932043064
-0.0007716804825
-0.0007861227691
7.209982493e-06
3.474785323e-05
2.892990463e-05
3.961544919e-05
0.003090025893
-5.374175824e-05
-3.709291468e-05
6.468640284e-05
5.313475498e-05
0.003070404935
-3.961530611e-05
4.372223569e-05
-0.003096703007
1.556891638e-06
0.0007483148769
0.000756773045
0.0007508701285
-2.063068638e-05
-1.994941384e-05
-1.539643553e-05
-2.871615094e-05
9.794985977e-05
0.003074716595
-1.921766669e-05
2.955761723e-05
-0.003097822061
1.524473626e-05
0.0007639453541
0.0007552934617
0.0007605742091
-3.265094218e-05
-2.896376922e-05
-1.350467741e-05
-1.519633799e-05
6.720777964e-05
-7.978379913e-07
-4.612448633e-05
0.000768221327
0.000780932535
0.0007756996218
0.0007645574907
-0.003101321623
-8.774177893e-07
3.136013338e-05
3.08055032e-05
0.0001660016318
-0.0007953584773
4.264108654e-07
5.830734272e-05
-4.817095939e-05
-1.906579715e-05
0.003070079126
-0.0007446772579
-0.0007567545204
-0.0007408874787
4.431166407e-06
-5.394463531e-05
-3.485016166e-05
-1.459690308e-05
-8.802936853e-06
-2.346213227e-05
2.33936309e-05
1.612481627e-05
0.003054449255
0.003023986019
-0.0007577436404
-0.0007243077987
-0.000746217759
4.825836534e-05
1.207290584e-05
-4.631537125e-06
2.539173055e-05
-3.289751275e-05
2.378012847e-05
7.504801987e-08
1.732606378e-05
0.00304111214
-2.30960334e-05
-2.357795346e-05
3.663707426e-05
-0.0001799210037
0.0006807149774
5.053425493e-06
-4.59918418e-05
-0.0007255630245
-0.0006520186639
-0.0007368895503
-0.0006799335972
0.00283566127
5.492968064e-05
0.0007483881311
0.0007551917402
0.0007506026349
-1.704616779e-05
-1.639047437e-05
-1.445032936e-05
-3.011337798e-05
9.622538235e-05
0.003080729967
-2.408491139e-05
3.543058245e-05
-0.003098563424
-3.460243165e-05
6.235718418e-05
5.243096293e-05
1.921408314e-05
0.0007675237729
0.0007807618935
0.0007754283358
0.0007635484763
-0.003100921681
3.687623395e-05
3.013117553e-05
0.0001766491261
-0.0007914565001
0.003076790138
-1.384263492e-05
-0.003097367235
2.954890373e-05
1.481930149e-05
0.0007656313743
0.0007574601004
0.0007597512346
-3.336710667e-05
-2.765981638e-05
-1.289578906e-05
-1.425457038e-05
6.522894283e-05
0.0002018582265
0.0007617064569
-9.701816034e-05
0.0007153692821
2.095839126e-06
0.0005005452405
0.0007281012655
0.0004184124541
-0.0001426999989
1.73990339e-05
0.0001413879541
0.0007433866428
-1.943337496e-05
0.0001670107343
-1.416863006e-06
0.0007501785137
0.0007546281732
-2.564564733e-06
0.0001766331695
0.0007257104476
-2.64492339e-05
0.0001399215097
-7.608087016e-05
0.003087076798
4.808545428e-05
-5.049171804e-05
4.048620164e-05
-3.159715891e-05
0.003093128315
-4.138977653e-05
-1.363113084e-05
-0.000224232566
0.0006890730376
-8.092148332e-05
0.0001671640083
-0.0007479460968
-0.0006632010544
-0.0007522039886
-0.0006774791673
0.002899562744
0.003053512992
-4.948153394e-05
-0.0007628147792
-0.0007393380143
-0.0007581591826
8.891468692e-05
1.085331676e-05
-3.615305751e-06
6.285619951e-05
-8.801488863e-05
-1.17055737e-05
0.0030655138
-4.073050084e-05
0.0001104049208
-0.0001423837196
0.003109568335
-3.026961241e-05
-0.003107019047
-4.417044107e-05
0.00308785755
8.877164147e-05
-3.182959964e-05
-3.921780995e-05
-4.157172934e-05
-0.003089368256
0.0001440784158
-3.493943867e-07
-7.203360352e-05
-6.336019432e-05
-5.529025524e-05
0.0007925273063
0.0007726155789
0.0007859807368
0.003101822118
3.877337319e-07
-0.003103733107
1.149079518e-06
-8.469700578e-05
6.694951348e-05
0.003116259295
2.7441876e-05
1.302016681e-05
0.003108976144
0.003082208051
-0.0001214581691
7.692384359e-05
6.470176452e-05
6.245905793e-05
-0.0007967231122
-0.0007731072563
-0.0007879692589
-8.378044932e-05
-1.791123337e-05
3.638324071e-05
3.976071064e-05
4.596026481e-05
0.003098247432
0.003107508636
-3.358362244e-06
-7.345056896e-06
0.003107828262
-0.0001439142274
4.565700446e-05
0.003087903251
7.056922743e-05
-3.875282644e-05
-3.139747586e-05
-4.154168858e-05
-0.003087757522
0.0001454068187
-7.215262634e-05
-6.243643456e-05
-5.571800606e-05
0.0007925260795
0.0007725944959
0.0007859873021
0.0031092788
-8.062589325e-05
-0.003105941772
-0.0001102321444
0.00309581122
-0.0030850493
8.238114226e-05
-1.661280896e-05
0.003081827521
-0.0001322985364
7.665592245e-05
6.438528632e-05
6.196226266e-05
-0.0007965990097
-0.0007730324652
-0.000787918674
-7.48645229e-05
3.938540576e-05
3.438436307e-05
4.532858231e-05
0.003097887373
0.003115743703
0.000104902433
8.228975025e-05
0.003107923858
0.003096424628
0.003093093163
4.697083194e-05
0.0007608592281
0.0007647624993
0.0007562190185
-3.199348163e-05
-2.821671671e-05
-1.244042606e-05
-1.448160921e-05
6.524046467e-05
-7.48025556e-06
0.0007516029921
0.0007616213847
0.0007602679469
0.0007481194109
-0.003078455146
-1.171566089e-06
0.0001576526655
2.903302018e-05
-0.0007230157481
0.00305985539
-2.169993401e-05
2.83051925e-05
-0.003087789293
-5.480675623e-05
5.227808606e-05
6.751289138e-05
0.003011803277
-3.359760434e-07
-0.003075217185
3.456969448e-05
-5.440344501e-07
0.0007250038716
0.0007417999127
0.0007377976162
-3.873742806e-05
-3.22232384e-05
-7.068062788e-06
-1.049716337e-05
0.0001063451647
-0.0002972462741
0.0007552366607
-4.683468563e-05
0.0002714966022
0.000763324077
0.0009243339325
-5.691588131e-05
4.455449193e-05
-7.53838184e-05
7.780592335e-06
0.001050242067
8.970954338e-05
-4.619227947e-05
2.500432252e-05
0.000733633428
0.000102982959
0.0007865177366
0.0007629396786
5.228098865e-05
-3.31465657e-05
-3.661910195e-05
-0.0001851558716
3.859511471e-05
0.0006589748486
-5.654930568e-05
-1.743511092e-05
-0.0007373296223
-0.0006694494639
-0.0006763272221
-0.0007286047563
0.002891984658
0.003070514497
1.689221855e-05
-5.689779731e-05
1.083929087e-05
-3.474160417e-05
0.003085277088
-2.400683024e-05
0.003044342486
-1.945515467e-05
-0.0007331807154
-0.0007435947031
-0.0007425070193
5.56717224e-06
3.267363018e-05
2.228756061e-05
-3.977852171e-05
-6.868835343e-05
-1.803115866e-05
0.003063800301
-4.713664774e-05
0.0001546079265
2.784509093e-05
-0.0007200592543
0.003056428087
7.60974102e-06
-0.003088797142
4.850157904e-05
0.0007584246673
0.0007631886818
0.0007567804207
-3.246113282e-05
-2.965984362e-05
-1.263409185e-05
-1.482107433e-05
6.739619006e-05
0.003010687233
2.140918046e-05
-0.00307476757
5.451674475e-05
0.0007257044846
0.0007418458282
0.0007379473441
-3.955741413e-05
-3.500104618e-05
-7.455921222e-06
-1.018384041e-05
0.0001067652932
0.003057553222
-0.003087351457
2.830857395e-05
3.050858194e-05
5.37032046e-05
6.911148412e-05
-0.0003846089451
0.0001054343777
-0.0009703543553
0.0008436065794
0.0002167731401
0.0001891492037
0.0005650998331
0.0002124565067
-0.000101812304
0.0002790445881
-0.0008629428028
0.0008907535085
0.0001517946948
1.215588541e-06
0.0001438245042
-0.0006958500747
0.0001804908881
2.173173538e-07
0.0008324942455
0.0001634763236
5.557743517e-05
6.517771617e-05
-0.000726858305
-9.392467731e-05
0.0005946893576
-5.950183664e-07
-0.000500169664
0.0006970547718
6.259794717e-05
-0.0004101267242
2.266137068e-05
0.0008006839393
9.625001932e-06
-0.0001359155413
8.167895761e-06
0.0007807588604
-0.0001715760268
-6.569681402e-06
8.193237517e-05
-0.0007177034705
-0.0006640030003
-0.0006782035493
-0.0007183541828
0.003013847782
-9.098106949e-05
4.108392021e-05
3.483698635e-06
-1.098632206e-05
2.613879548e-05
-0.0007314320324
-0.0007580929624
-0.0007460631529
-5.491134079e-05
0.003034165793
1.631808775e-05
0.003019273177
1.311790124e-05
-3.331732575e-06
-3.240330024e-05
-3.207635887e-05
-4.973472514e-05
-0.0007271630743
-0.0007379352582
-0.0007309094542
1.401223897e-05
0.003038094942
3.106722866e-05
0.003063300698
-4.152690651e-05
-6.277554973e-05
0.003081004415
-1.482126199e-05
-4.37815547e-05
0.0001493416638
0.0001459382561
-7.360235242e-05
-7.066119931e-05
-5.740760743e-05
0.0007932695596
0.0007725201171
0.0007873740284
0.003100072413
3.229255694e-05
-0.00310240075
4.666273081e-05
0.003094521659
8.259533346e-05
-0.003082738983
0.0001147770965
0.003108732681
-0.003105269297
-5.680162487e-06
7.641319719e-05
2.203085008e-07
0.00068016977
0.001082319955
9.175814311e-05
-0.0007401004915
4.58344881e-05
0.001002663254
-1.957667994e-05
-0.0008051705808
0.0008143341033
0.0007437287878
5.289829436e-05
1.218751161e-05
-0.0007577818835
5.243633158e-06
0.0007472200663
-0.0007779702104
-1.002449858e-05
1.074541267e-05
-1.81489833e-06
0.0006738262548
2.56080336e-05
0.0007426453197
2.244512544e-06
0.0009610500694
-6.606915808e-07
-2.192067426e-05
0.001000491014
0.0007993318573
-1.560271388e-05
0.0008137923568
2.936749851e-06
0.000745999293
-7.192314095e-05
-8.262110872e-05
2.942144692e-05
3.471250074e-05
3.973611615e-05
0.003108468998
-2.982247791e-05
-1.809341875e-05
0.003107182305
0.003095800069
-9.896851386e-05
-7.530967049e-05
0.003089949835
0.003115702777
0.003107719124
-8.564497362e-05
0.0002122305342
0.00307007837
0.000266429635
-6.92907941e-05
-0.0001211984636
-0.0001041917519
-0.003026523631
0.0003428021707
-4.414463746e-06
-0.0001521818175
-0.0001299889714
-0.0001324972061
0.003105906633
-4.824010246e-05
-0.003089037592
-5.252705468e-05
0.003102129737
-1.594583557e-06
-0.003072521852
-2.230961411e-06
8.002939556e-05
-0.0001518138071
0.003061814715
-0.0003194111307
0.0001469970973
0.000136335099
0.0001220072838
-0.0002599916931
-1.134775694e-05
8.651202177e-05
0.0001128546641
0.0001119623859
0.003023650501
0.003107726621
3.558430451e-05
3.025511635e-05
0.003089539107
0.00310361457
-2.077312528e-06
-4.460208879e-06
0.003076184075
8.321399527e-05
0.0003548365047
-0.0001667134921
-0.0001279874321
-0.0001502494731
0.003087165027
0.0001646904599
-0.003062846378
0.0002182202493
0.003101435199
4.768964524e-05
-0.003071637096
5.206857901e-05
0.003105726652
-0.003088287415
-7.458257796e-05
-0.0002422097655
0.0001071659582
6.238410483e-05
9.558202872e-05
0.003078892654
-0.0002184925162
-0.0001482948456
0.003067129848
0.003101509435
-3.683123946e-05
-2.940602022e-05
0.003073840832
0.003107411741
0.003089880289
0.001081888848
9.207062892e-05
-0.0007399418511
-6.637301249e-06
7.703678766e-05
0.0006798297741
6.800584628e-07
4.620242397e-05
0.001002183755
-0.0008051358022
-1.977840132e-05
0.0008142850073
5.314484922e-05
0.0007436913179
1.217950652e-05
-0.000757716658
-0.0007779428437
0.0007471627117
5.258117738e-06
8.898964234e-07
-0.0009645664026
-6.52159205e-06
-0.0007435044734
2.904483319e-06
-2.620136731e-05
3.202344697e-05
-2.450504242e-06
-0.0007988330682
1.723868411e-05
-4.254474586e-06
3.563865206e-06
-2.413414601e-07
0.0009604307822
2.579116023e-05
0.0007424455448
2.064037166e-06
-1.063253088e-05
1.115492508e-05
0.0006734708271
-1.630463079e-06
0.0007992404047
-2.147682488e-05
0.0009998378493
-1.584643753e-05
0.0008136991651
0.0007457855342
2.728625635e-06
-0.001078614369
-8.684881656e-05
0.0007271501055
-2.505568896e-05
-3.245562647e-05
6.759845652e-07
-4.730335235e-05
0.0008044124328
2.17673031e-06
-4.613378908e-05
-0.0007417777341
1.171359781e-05
0.0007476248392
0.00077288377
3.989953123e-06
-0.00023059257
-0.000754993376
0.0001164654888
-0.0007190260386
-0.0004846977168
-4.560266069e-06
-0.0007188854594
-0.0004496532174
0.0001834050566
-2.30753448e-05
-0.0001989302388
-0.0007302268128
1.169363294e-05
-0.000155191798
2.505231403e-06
-0.0007488630222
-0.0007423119606
-0.0001685843605
3.261057367e-06
-0.0007319698784
-0.0002683265165
-0.0007662206077
0.0002801443891
-0.0007824482658
3.294515505e-05
-0.0009249023925
5.004148348e-05
6.393947631e-05
-2.048753114e-05
1.659869424e-05
-0.001067195391
5.366232727e-05
-0.000127093519
-1.502080187e-05
-0.0007295217312
-0.0007608764821
-0.0001034046123
-0.0008266247035
-0.000971156871
9.569547605e-05
-0.0003622868601
0.0008377944412
0.0001761562047
0.0002237976094
0.0001689168458
0.0008976790706
2.687619163e-06
0.0001152820345
-0.0007605678922
0.0001681232401
0.000557001806
-4.08388363e-05
0.0002994910038
-0.0008298004386
4.622192228e-05
5.906345657e-05
-0.0007394021638
0.0008269714732
-7.007421789e-08
0.000166473148
0.0001947149459
0.0001198111138
-0.0005996064808
-4.902350028e-06
-0.0007101491479
-5.468625127e-05
4.094380623e-06
0.0001955078181
0.0007567874092
-9.085434876e-05
0.0007145181442
0.0004986878944
0.0007181812793
0.0004090527116
-0.0001342416784
1.721467419e-05
0.0001349622986
0.0007263954404
-2.041747162e-05
0.0001641777063
0.0007479297519
0.0007475346114
0.0001724128926
0.0007209330684
0.0002622782327
0.0007521591947
-0.0002987768912
0.0006382174911
0.0009044398175
-6.24769523e-05
-7.14471392e-05
4.254597665e-05
-8.341450716e-06
0.001035773381
-3.673430611e-05
7.880630398e-05
0.0007474355354
0.0007595467787
0.0008625527308
-9.387070889e-05
0.0005929423937
-3.837903239e-07
0.0006943705614
2.493804896e-05
0.0007960533597
0.0007814199151
8.873421125e-06
0.0009165545969
-8.518143594e-05
0.00026716634
-0.0001186913887
-0.0001837947517
-0.0001832096916
-0.0008183465157
1.987627669e-05
-9.02217413e-05
0.0007289491818
-0.0001022921421
-0.0003657355504
-0.0001658790162
-0.0002323743502
0.000743815213
-3.310358802e-05
-4.093665544e-05
0.0007050930088
1.396899166e-05
-0.0001360770276
-9.856921031e-05
-0.0002103778941
-0.0007556834778
0.000105950922
-0.0007178222016
-0.0004948120213
-0.0007234386303
-0.0004332420149
0.0001566434158
-2.673581757e-05
-0.0001672725951
-0.0007299763519
2.072135996e-05
-0.0001621692887
-0.0007473405362
-0.0007438011741
-0.0001764155853
-0.0007270506652
8.626211328e-05
-0.0009832703818
-0.000262828945
0.0008318600089
0.0001277529108
0.0002002242942
0.000888976166
0.0001777599642
0.0001234280641
-0.0007580154621
0.0001711896734
0.0004031952749
0.0002783654395
-0.0008470070826
0.0008073803921
0.0001677878132
5.06263807e-05
5.801845475e-05
-0.0007429655795
0.0001403663299
9.947414946e-05
-0.0005991885209
-0.0007198987847
-5.854539257e-05
-3.587066654e-05
-1.944070445e-05
-0.0002583971422
-0.0007647779964
0.0002765606383
-0.0006815605171
-3.167163358e-05
-0.0009312568673
6.198226457e-05
-3.088270794e-05
-0.001059552819
4.918822272e-05
-0.0001051096266
1.762764387e-05
-0.0007487559647
-0.0007639199396
0.0001076201852
-0.0009251730368
-9.444625468e-05
0.0005946077054
0.0007187905566
5.618647594e-05
2.033772276e-05
0.0008488848861
-9.044097519e-06
0.0008004520184
-0.0001355618645
0.0009505892148
0.0004304987106
-0.0001774167821
-0.0002192243909
-0.0008250151873
-0.0001358736754
-9.305241434e-05
0.0007453768237
-0.0002623836865
-0.0005846154976
0.0001300743487
-0.0002932181652
0.0007847433606
-0.0001461560422
-0.0001114816415
-7.276532738e-05
0.0007365788202
-0.0001541167868
0.0002720025896
0.0007634857547
-0.0002962253268
0.0007552984699
-4.774014475e-05
0.0009232090108
-7.61336519e-05
4.260695708e-05
0.001049185825
-4.478071605e-05
9.01782895e-05
2.353990739e-05
0.0007337105156
0.0007629891644
0.0001002632232
0.0007878204945
0.001082534076
8.774065339e-05
-0.0007313947303
-2.215351729e-06
7.067465103e-05
0.0006808839055
4.228241363e-05
0.001004980931
-0.0008043133785
-2.592591666e-05
0.0008143475014
6.462665815e-05
0.000742628961
-0.000747409582
-0.0007719719348
0.000747753975
-0.0009673091868
-1.818015031e-06
-2.539904568e-05
2.544614638e-05
2.810320358e-06
-3.295927746e-06
-0.0007442196516
-2.895914663e-06
1.431734467e-05
-0.0007990520254
-8.356167251e-06
-3.535633127e-06
0.0009642200803
-3.350759389e-06
-8.447071259e-06
4.927119202e-06
0.0006762777692
2.817371628e-05
0.0007436539644
-2.536650227e-05
0.001003837409
0.0007996568536
-1.925230859e-05
0.000814317162
0.0007472670107
-0.001083617757
-9.171429177e-05
0.0007398026141
-2.151133721e-05
-3.793776278e-05
-5.938658435e-07
-5.118673504e-05
0.0008060360044
-3.054377758e-06
-3.538526975e-05
-0.0007448999754
-1.199166755e-05
0.0007597572839
0.00077946371
-4.283327861e-06
-1.678331153e-06
7.061650612e-05
0.0006810740016
0.001082549706
8.763263502e-05
-0.0007313902989
4.207925506e-05
0.001005025891
-2.593557762e-05
-0.0008043371556
0.0008143671065
0.0007426370482
6.462544863e-05
-0.0007474466191
0.0007477574656
-0.000771981666
-3.345511216e-06
-0.0007442602149
-2.49842433e-05
2.538554085e-05
-1.995436607e-06
-0.0009673668452
-0.0007990705272
1.41274367e-05
-8.315464445e-06
2.798555919e-05
0.0007437025203
-8.318819941e-06
4.981822785e-06
0.0006764000259
-3.572192386e-06
0.0009642587425
0.0007996651903
-2.554379129e-05
0.001003868024
-1.901842125e-05
0.0008143232042
0.0007473069565
-2.148902481e-05
-3.785224564e-05
-0.001083667383
-9.182520092e-05
0.0007397682019
-5.135370802e-05
-2.784764537e-06
0.0008060309846
-0.0007449244029
-3.570566359e-05
0.0007597688679
0.0007794461874
0.0002796599978
-0.0006829749341
-0.0002584751948
-0.0007645702152
-0.0009312360941
5.949289076e-05
-3.618973996e-05
6.251670702e-05
2.494936726e-05
-0.00106192649
-0.0001033586474
5.086346759e-05
-0.0007488528564
-0.0009259279338
-0.0007640739069
-0.0002833301418
-0.0009836453166
9.439258352e-05
0.0008370091212
0.0001964312392
0.0001391425149
0.0004117589817
0.0002293476076
0.0002596139452
-0.0008726017752
0.0001540186022
0.0008843134797
0.0001497244241
-0.0006972098876
0.0001284288399
5.47884897e-05
7.452484645e-05
-0.0007295924428
0.0008154927823
0.0001634305985
0.0001028602679
-0.0006094061527
0.0005015803873
4.965497362e-06
-0.0007263117861
0.0004384636416
-3.472399578e-05
0.0001703706984
0.0001752949798
-3.932345713e-06
0.0001065451537
-0.0007225115894
3.782637049e-06
-0.0002130349926
-0.0007564154201
-0.0007258363574
-2.527185414e-05
0.0001605948533
-0.0007322754863
-0.000160480342
1.886278597e-05
-3.088477291e-06
-0.0007461130154
-4.695099538e-06
-0.0007282737061
-0.0007439391505
-9.498548781e-05
0.0005977112211
-0.0005033207517
0.0007220540445
-0.0004205464969
1.925285903e-05
0.0008533396631
-0.000142757887
0.0008016128836
-0.0001764809077
0.0004352199692
0.0009564575837
-0.0001410433709
-0.0002151654311
-0.0001821290891
-0.0005854784178
-0.0002993571528
-0.0002789534653
0.0008228492797
-0.0001163424391
-0.0008210679382
-1.881727049e-05
-0.0001113969947
0.0006917994142
-0.0001502584486
-6.568038717e-05
-0.0001282829268
0.0007347213069
-1.250326215e-05
-0.0001479951616
-9.667464167e-05
0.0007187975705
2.237720283e-06
0.0002026585648
0.0007631002603
0.0007314226254
1.597408694e-05
-0.0001436772048
0.0007466195174
0.0001671779113
-1.818503745e-05
-1.484555856e-06
0.0007499485919
-2.508945488e-06
0.0007279776069
0.0007551526968
0.0001215913424
-0.0006062402486
0.0004896144039
-0.0007129405729
-5.41960503e-05
0.0004565892442
-5.109129813e-05
-2.399436409e-05
0.000205751669
0.0001712303533
0.0002859829832
-0.0007845285242
-0.000267489316
-0.0007663014399
-0.0009256569723
-2.572205218e-05
6.40784721e-05
-0.00106901698
-0.0001242123773
5.417215491e-05
-0.0007298528182
-0.0008268427685
-0.0007611217615
0.0001144090244
-0.0007230258587
-0.0002344147079
-0.0007554895227
-0.0007199813178
-2.064232375e-05
0.0001895767329
-0.0007311881874
-0.000155565768
9.967049619e-06
-0.0007474579829
-0.0007326986966
-0.0007422988948
0.0002744403317
-9.287914577e-05
0.0009256310469
-0.0001817683643
-0.0001247399304
-0.000371443594
-0.0001620877746
0.0007879270381
-0.0002243281184
-0.0008136704707
-0.0001587896798
0.0006720278857
-0.0001101723957
-9.700326236e-05
-0.0001382940166
0.0007026530406
-3.845566997e-05
-5.944377567e-05
-0.0002999870375
0.0006393257722
0.0002626321084
0.0007528456881
0.0009059057325
4.489578272e-05
-7.147076961e-05
0.001038542531
7.938758994e-05
-3.85426929e-05
0.0007481917849
0.0008638723681
0.000760349538
-9.041400181e-05
0.000716620761
0.0001957346235
0.0007567519273
0.0007203229092
1.562586201e-05
-0.0001350247535
0.0007287644424
0.0001639172003
-1.917817877e-05
0.0007470575546
0.0007220788514
0.0007470054559
-2.522103202e-05
3.139789964e-05
-6.692538879e-06
-0.0007435773812
-0.000965049131
5.245892512e-07
1.687191798e-05
-0.0007988899922
-4.077723205e-06
-2.457875589e-05
-3.295940477e-05
-0.001079311397
-8.720031013e-05
0.000727509645
-4.77077752e-05
2.46641435e-06
0.0008044996455
-0.0007419789754
-4.649101834e-05
0.0007478076635
0.0007729520386
-3.147265288e-05
-4.104424799e-05
0.003193793964
-8.136539994e-05
-0.00317685125
-4.650958902e-05
0.003192939985
0.003206473525
-6.423902604e-05
-0.00317839492
-3.207989284e-05
0.003205334384
0.003236855801
-0.003187265467
0.00322756755
-6.058230823e-06
-1.46567212e-05
0.003185798951
-1.413726259e-05
-4.649529322e-06
0.003181370347
0.003195734709
-6.57186611e-06
1.552285726e-06
0.003189819476
0.00320787414
0.003199281623
1.217164478e-05
5.529604936e-07
0.003184760887
7.644641811e-06
1.820370978e-05
0.003190942826
0.003195062288
9.770361341e-06
1.845800232e-05
0.003204197746
0.003206822983
0.003225752906
4.297013425e-05
4.305210671e-05
0.003191237958
4.898776749e-05
8.757727854e-05
0.003175153074
0.003205221403
4.254226109e-05
7.561390525e-05
0.003176861374
0.003235005078
0.003186747225
3.084233606e-05
-4.392318499e-05
0.003185249178
-5.925343331e-05
-0.003173127968
-3.905636479e-05
0.003189451011
0.003236477057
6.335501482e-05
-0.003185911106
3.099374701e-05
0.003227562341
0.003205925355
-0.003176911263
0.003205323883
5.663513517e-06
-1.523459921e-06
0.003185614148
-1.951537278e-05
-1.267261092e-05
0.00318342365
0.003207867216
5.597951077e-06
-2.446376613e-06
0.00319933658
0.003195932773
0.003190163646
-1.242997034e-05
2.111618595e-05
0.003184837394
-4.883678686e-06
2.593945213e-06
0.003188135301
0.003206928497
-1.058183999e-05
-1.931396051e-05
0.003225986946
0.003195420235
0.003204639794
-4.347100426e-05
9.005993581e-05
0.003184954188
2.185125903e-05
4.45231851e-05
0.003172541597
0.003235937799
-4.33434733e-05
-7.66292628e-05
0.003188697677
0.003206274528
0.003178870948
-3.23260774e-05
-4.535221009e-06
0.003176814783
-1.936954496e-05
-0.003155454774
-2.877953477e-06
0.003177505445
0.003157002779
-5.409135566e-05
-0.003148424068
-3.453764845e-05
0.003160101427
9.667531526e-07
0.003159982695
3.519309879e-06
-0.003143371721
0.003160980535
2.611395812e-06
-9.436938153e-06
-1.325154913e-06
0.003171675726
5.913232692e-06
5.249327907e-06
0.003167868893
0.003160424376
-1.764760299e-05
-9.890822373e-06
0.003159524309
7.262566583e-07
0.003157937963
2.133327919e-06
0.003155324921
2.143034179e-06
5.396969283e-06
-5.593240987e-07
0.003171355729
2.642005145e-06
2.949378454e-06
0.003176727995
0.003160155093
-4.382854819e-06
3.56719947e-06
0.003160175986
5.823835809e-07
0.003157223984
1.546500651e-06
0.003159792094
1.966631386e-06
3.570849816e-05
8.9123191e-06
0.003176010374
1.326517701e-05
2.980819795e-05
0.003154999328
0.003157441077
1.906789889e-05
4.07911583e-05
8.672985115e-07
0.003149261186
0.003158769616
2.439284516e-06
3.638924192e-06
0.003141939121
6.068393759e-05
3.538951519e-05
-0.001057987752
0.000980754091
-3.092375205e-05
-2.980188025e-05
0.0008001089573
0.0008225303718
-0.0001301486554
0.0007962203325
-5.043869437e-05
0.0008206281316
0.0007775760593
-4.917559164e-05
-9.848725445e-06
-0.0009286743915
0.0009758528361
9.745635257e-06
3.458640313e-05
0.0007974800028
0.0008003450166
5.699557539e-05
0.0007426906264
2.113239046e-05
0.0008184837521
0.0007728350744
0.0001153310996
-2.916772179e-05
-0.0007348243481
2.197172716e-05
-0.000148922325
-1.279525847e-06
0.0007423073008
-6.670358716e-05
0.0007356349221
3.428458025e-05
2.236528806e-07
-1.717976596e-06
3.139163665e-05
-5.421119563e-06
0.003161951412
-9.521953982e-06
-0.003153182682
-5.749426271e-06
0.003166340304
0.003159334936
5.305505266e-05
-0.003140882295
3.32600198e-05
0.00316089123
-2.714532276e-06
0.003156772401
-1.175845233e-06
-0.003147847131
0.003160059899
-1.138557501e-06
8.598811102e-06
3.532139559e-06
0.003165163792
-2.30088672e-06
-2.180708366e-06
0.003164401005
0.003158067614
1.631878583e-05
8.513204595e-06
0.003155799724
-2.368305506e-06
0.003160469016
-1.013379402e-06
0.003159648336
-9.632557317e-07
-6.10553668e-06
1.168257431e-06
0.003164642411
-2.144372536e-06
-1.254216014e-06
0.003165780076
0.003157326752
2.914882224e-06
-5.035794086e-06
0.003159896448
-2.351471539e-06
0.003160238303
-8.167462033e-07
0.003160305644
-9.122269949e-07
-3.63085754e-05
2.614355491e-05
0.003162590941
2.277573849e-06
7.702000696e-06
0.003154258227
0.003159430577
-2.068966817e-05
-4.209359373e-05
-4.334584115e-06
0.003144448615
0.00315771903
-1.240416988e-06
-1.362465995e-06
0.00314991002
-3.331557086e-05
5.586972153e-06
0.003159331497
2.253598798e-05
-0.003140871121
5.312946607e-06
0.003160882933
0.003161909681
-4.78019442e-05
-0.003153136026
-3.153889608e-05
0.003166307736
0.003176175217
-0.003153711336
0.003177425558
-8.552137943e-06
1.956859941e-06
0.003158053924
-4.208364179e-06
-3.739334326e-06
0.003155777744
0.003165128919
-1.68411149e-05
-8.768325116e-06
0.003164353438
0.003171807379
0.00316815301
5.002057034e-06
9.39269353e-07
0.00315730183
-1.586774824e-06
-1.501511775e-06
0.003159856045
0.003164588228
-1.964585096e-06
5.900690164e-06
0.003165704538
0.003171504125
0.003176919722
4.205213281e-05
-8.169571984e-06
0.003159381043
-1.132959115e-05
-2.672837884e-05
0.003144379408
0.003162504969
1.986491833e-05
3.605637018e-05
0.003154159038
0.003176826876
0.003156921169
-0.0002073498022
4.593321341e-05
-0.0007737450093
-3.462410911e-05
3.392400603e-05
-1.504022444e-05
0.0009757174651
3.699202585e-05
-4.365546366e-05
0.0007666689811
-4.088869881e-05
-6.375554001e-05
4.135464082e-05
0.000659957116
-3.729978407e-05
3.43251981e-06
0.0007168177207
2.294086648e-05
0.0007185205998
-2.218935416e-05
-2.005618828e-05
-2.321677607e-05
9.139859863e-05
-8.01531099e-05
-6.43305049e-07
-3.751376192e-05
2.00712246e-05
9.45322712e-06
3.080230194e-05
-9.353276863e-06
0.0007712116244
0.000780101265
3.399144411e-05
2.649731807e-05
0.0007666989707
-5.967432664e-06
-0.0007821359923
0.0007779111918
0.0007735211747
9.024221368e-06
8.781510572e-08
-2.596021573e-06
0.0007729233588
2.504993605e-06
-1.160878347e-05
-1.128261407e-05
0.000751231872
0.000734221332
-6.222009767e-05
-3.362719717e-05
0.0007603961031
-5.511670166e-06
-0.0007657235464
0.0007722544761
0.0007577277142
-1.811952039e-05
4.355123573e-06
-2.948014478e-06
0.0007660454525
3.43168652e-05
2.554329759e-06
0.00315698783
7.975294323e-06
-0.003148406248
4.255664156e-06
0.00316008691
0.003176824355
4.839288216e-05
-0.003155469272
3.223876777e-05
0.003177524611
0.003162167184
-0.003153765291
0.003166368638
9.660369812e-06
-5.686049434e-06
0.003160418887
9.695107722e-07
9.649856427e-07
0.003159526577
0.003171701789
1.748793477e-05
9.374723124e-06
0.003167890812
0.003165104057
0.003164285574
-3.813162639e-06
-3.521138465e-06
0.003160159862
1.101627006e-06
8.062699077e-08
0.003160180206
0.003171378287
2.476759621e-06
-5.422409166e-06
0.003176739479
0.003164544848
0.003165606771
-4.107633749e-05
-3.061780692e-05
0.003157456188
-3.774966752e-06
-9.584618348e-06
0.0031492889
0.003176031442
-1.954774906e-05
-3.567999148e-05
0.003155017799
0.003162255618
0.00315355264
-3.118520541e-05
3.913985099e-05
0.003236531152
7.986757466e-05
-0.00318592917
4.419472286e-05
0.003227659418
0.00318513695
-4.850321583e-05
-0.003172999921
-3.087485958e-05
0.003189372812
0.003193598391
-0.003176499459
0.003192996592
2.286175259e-06
1.270495627e-05
0.003207922869
1.126367603e-05
1.539907793e-06
0.003199359515
0.003185531905
-1.492601766e-05
-5.755042178e-06
0.003183311807
0.003185874469
0.003181504299
1.916781377e-05
-2.602334531e-06
0.003206881184
-1.065511257e-05
-2.129831352e-05
0.003225897217
0.003184705186
3.847906554e-06
1.222391484e-05
0.003187977698
0.003184983011
0.003191118134
7.637680754e-05
-4.4646869e-05
0.003235840541
-5.118628193e-05
-9.048256866e-05
0.003188483161
0.003184759108
2.787832183e-05
4.307531299e-05
0.003172317763
0.003191587563
0.003175645501
3.238599769e-05
4.61876167e-05
0.003206369029
6.043032773e-05
-0.003178270465
4.039067433e-05
0.0032052385
0.00319376028
4.94061364e-05
-0.003176795297
3.168877386e-05
0.003192952888
0.003185604239
-0.003173764324
0.003189656313
-1.252027104e-06
4.142931642e-06
0.003195634492
2.077387583e-05
1.390136327e-05
0.003189754597
0.003185805477
1.564043619e-05
6.405824231e-06
0.00318135043
0.003185764382
0.003183551514
-1.811831893e-05
-1.885320403e-05
0.003195009228
6.045764304e-06
-1.402296326e-06
0.003204128389
0.003184709396
-3.265958442e-06
-1.165616362e-05
0.003190853221
0.003184924921
0.003188170853
-7.516786673e-05
-8.84699321e-05
0.003205153932
-2.103948272e-05
-4.40491198e-05
0.003176749179
0.003191112653
-2.705917057e-05
-4.227111611e-05
0.00317497347
0.003184770253
0.003172048015
3.469918329e-05
2.762669112e-05
0.0009355111944
-2.722397508e-05
-2.263189075e-05
-0.0008013516943
-4.920830129e-05
-0.0007481377199
-3.938032671e-05
-6.903949444e-05
-1.554062495e-05
0.001047697496
1.344873106e-05
3.930229279e-05
-0.0008212333506
0.0001399275942
-0.0007924397273
2.96746816e-05
5.785124047e-05
-0.001067454106
2.917477075e-05
0.0009903919256
0.0008240486164
-0.0001289014086
-2.762105555e-05
-2.973274413e-05
0.0007995179565
-4.446690641e-05
0.0007968520363
0.0008225666749
0.0007775300727
3.249922931e-05
0.0009457264751
2.187536349e-05
-0.0008036101877
-4.66177625e-05
-2.444652557e-05
-2.319284876e-05
-3.392463494e-05
-0.0007476760824
-5.03966452e-05
-0.0009405965151
-1.432481105e-05
0.0009883184816
0.0008037010269
5.830505128e-05
1.202613539e-05
3.393031631e-05
0.0007992572021
2.510110251e-05
0.0007486555331
0.0008218032149
0.0007781518885
-7.068780734e-05
0.001060398078
-1.969391623e-05
-0.0008245439154
0.0001415160761
1.551340336e-05
3.977565273e-05
3.345251185e-05
-0.0007967462925
2.957842208e-05
-0.001068900239
5.831298548e-05
0.0009918760315
0.0007966229471
-4.480438833e-05
-3.009671536e-05
-2.784762533e-05
0.0007994678146
-0.0001297239671
0.0008244306659
0.0007772674298
0.0008230261153
2.219174304e-05
0.0009471648464
3.298377885e-05
-0.0007475721176
-3.424826182e-05
-2.343960622e-05
-2.471725769e-05
-4.697674224e-05
-0.0008042121152
-1.414954548e-05
-0.0009420067704
-5.068573504e-05
0.000989750549
0.0007486364057
2.501626951e-05
3.38759205e-05
1.152599741e-05
0.0007992051456
5.854851083e-05
0.0008042339693
0.0007780933258
0.0008222387441
-1.941955984e-05
0.00106176845
-7.092698373e-05
-0.0007966281236
3.296740906e-05
3.982124217e-05
1.490730916e-05
0.0001419022896
-0.0008249103886
-0.001058736426
3.499215862e-05
6.089042975e-05
0.0009815551485
-5.02119743e-05
0.0007962709878
-0.0001306829391
0.0008226484448
-2.974855839e-05
-3.127052719e-05
0.0008001360582
0.0007776344029
0.0008208283555
0.0009363729378
2.72931687e-05
3.500283059e-05
-3.900556747e-05
-0.000748225336
-4.94645903e-05
-0.0008015866601
-2.252936846e-05
-2.762525282e-05
-0.0009302026538
-1.019326823e-05
-4.92926848e-05
0.000977382997
2.157482138e-05
0.0007430010027
5.711001074e-05
0.0008006125999
3.494717889e-05
9.153562393e-06
0.0007975162433
0.0007730963059
0.00081870945
0.001049214772
-1.573386975e-05
-6.920365952e-05
2.95608816e-05
-0.000792678991
0.0001401747933
-0.0008213949741
3.980571867e-05
1.271418313e-05
0.0007800476996
3.431715243e-05
9.480454849e-06
3.145661628e-05
0.0007711072181
-8.82031271e-06
2.672103039e-05
0.0007666117165
-0.000782175403
-6.194093509e-06
0.0007779292057
9.013147358e-06
0.0007734843624
4.332069821e-07
0.0007728769499
-2.490795709e-06
-0.0007457321434
5.983990196e-05
9.029006621e-06
3.831428389e-05
-1.060496021e-05
3.234544263e-05
0.0007724641463
-9.320554326e-06
2.662018183e-05
-0.0007695394013
3.865801715e-06
-2.994532884e-06
0.0007338695831
-6.192552555e-05
2.816565847e-06
-1.113624928e-05
0.0007508694743
-1.15778941e-05
-3.337123627e-05
0.00076006225
-0.000765659395
-6.020858188e-06
0.0007721883358
-1.769177844e-05
0.0007575512255
4.038471831e-06
0.0007658658337
-3.347556706e-06
-0.0007782655223
-3.088334419e-05
3.405435851e-06
-3.718793328e-06
-9.261736791e-06
-2.495436742e-05
0.0007801559084
-9.41789806e-06
4.479117349e-06
-0.0007708167148
-5.719937925e-07
-3.273786996e-06
0.0001444115863
-0.0007293813625
-2.313562836e-05
0.0007375719676
-6.474729475e-05
1.469075658e-05
-0.0001461645241
3.02050253e-05
0.0007365148595
5.366105026e-05
-0.0007731151769
-0.0002042376572
0.0007622058007
-4.078094494e-05
2.870012693e-05
-5.310735606e-05
3.352215349e-06
0.0009530103109
-0.0001072581205
0.0007219715153
1.743140987e-05
-0.0007426858214
5.552721733e-05
-2.150760921e-05
0.0001273941345
3.354270595e-06
-2.847882167e-05
-0.0007255943629
8.094729203e-06
4.087222047e-06
-4.649663049e-05
0.0007494148006
0.000200858394
-0.0007640192269
4.52352152e-05
-2.82221846e-05
2.021986334e-05
1.248879528e-05
-2.468444135e-05
-0.0009166239494
3.520619834e-05
6.843782855e-05
-0.0007713374326
4.621482561e-05
-0.0001973645599
-4.158298372e-05
0.0007662701551
1.709219473e-05
0.0009689091962
-4.789073215e-06
3.047725622e-05
-3.760586726e-05
-9.563772752e-06
-5.086793782e-05
-0.0001385771555
8.827371607e-06
0.0007337622199
-1.588415941e-05
0.0001349753641
-0.0007501240976
0.0001049340272
-0.0007274443632
-1.654259216e-05
0.0007550499035
-5.656013474e-05
0.0001696444668
5.841580055e-05
-0.0007690128199
1.763771945e-05
-0.0009189649871
-5.711684011e-05
-2.512104281e-05
4.067088705e-05
-1.554522602e-05
-7.49459255e-05
0.0007785761639
3.240129895e-05
3.67942823e-06
2.745101057e-05
0.0007524353854
2.539702565e-05
0.0007607929781
-0.0007801213172
-3.325510196e-06
0.0007730296674
9.287526478e-06
0.0007720462593
0.0007673473135
-0.0007355955627
5.837701112e-05
3.716440511e-06
3.42788273e-05
1.091336378e-05
3.135687693e-05
0.000765719638
-6.963412909e-06
3.182101545e-05
-0.0007586025736
-3.876648609e-06
2.988210099e-06
0.0007476284186
-6.577792848e-05
-2.14104568e-06
-1.669330493e-05
0.0007728610298
-3.653942563e-05
0.0007689490928
-0.0007724388817
-3.459101763e-06
0.000777085865
-1.310562069e-05
0.0007696312086
0.0007724963942
-0.0007828395419
-3.412215934e-05
-9.196432685e-07
-8.375043336e-06
8.802845493e-06
-2.817629147e-05
0.0007823007157
-6.492656734e-06
4.484431921e-06
-0.0007735276297
-3.026725462e-08
2.770027228e-06
3.881879722e-06
2.741146351e-05
0.0007524611104
0.0007785688782
3.249580345e-05
2.545474534e-05
0.0007607852495
-3.337174598e-06
-0.0007801052671
0.0007730250336
0.000772087872
9.516635659e-06
0.0007674184751
3.73501804e-06
3.417507501e-05
-0.000735560047
5.83836711e-05
3.138478562e-05
-6.882258779e-06
0.0007657186234
-0.000758657468
3.173586856e-05
-2.493529759e-06
-1.662594382e-05
0.0007729203151
0.0007475609376
-6.584357376e-05
-3.657691758e-05
0.0007688502987
-3.029535292e-06
-0.0007724076742
0.0007770390449
0.0007696447334
-1.34678301e-05
0.0007724997168
-1.404073087e-06
-8.275324364e-06
-0.0007827203627
-3.410457833e-05
-2.818394227e-05
-5.979793667e-06
0.0007822378808
-0.0007735060513
3.889851642e-06
-0.0007348725452
-2.598300152e-05
0.0001232177763
2.958082146e-05
0.0007324481032
3.919924598e-07
-7.430367418e-05
0.0007408358266
-0.0001437551861
1.915113004e-05
-1.150607545e-06
-2.133191853e-06
0.0001757814583
-5.532060738e-05
0.000756999139
4.004235415e-05
-2.850887739e-05
-0.000920520929
4.137748662e-06
-0.0007689673264
5.455952257e-05
0.0007353622829
6.124791295e-06
-0.0001411839898
-1.043666042e-05
-0.0007261523683
-7.419485001e-06
0.0001091197437
-0.0007487594529
0.0001363056213
-1.400941067e-05
-3.019194039e-06
-3.739509802e-06
-0.0002133931345
-0.0007747320657
5.280804865e-05
0.0009579049364
2.325442118e-05
-4.729198365e-05
3.111368424e-05
-3.98782972e-05
0.0007630678118
-1.975800677e-05
-0.0007280768395
0.0001528564247
0.0007332436333
2.749134977e-05
-0.0001421300616
1.256429639e-05
-6.976270056e-05
0.0007355814562
0.0002080077004
0.0007522620098
-4.6349053e-05
-0.0009209932575
-4.049008202e-05
2.106237689e-05
-3.213972768e-05
4.447508276e-05
-0.0007649438134
1.42656576e-05
0.0007236838971
-0.0001109699287
-0.000723182273
-2.045719759e-05
0.0001288712905
-1.910159159e-05
6.507327846e-05
-0.0007409215864
8.94429095e-06
3.769733202e-05
-0.0007458181528
5.960800195e-05
3.210094505e-05
-9.013124193e-06
0.000772466947
-0.000769604991
2.632294718e-05
2.983457724e-06
-4.203846783e-06
-0.0007786287265
-3.108933586e-05
-2.521216934e-05
-8.806406241e-06
0.000780238772
-0.0007710210123
3.7689557e-06
1.893786872e-05
-0.0007687144364
-6.165077422e-07
1.337366452e-05
-0.0007475289884
3.770557495e-05
-0.0007560038137
-6.403915556e-06
-1.027968408e-05
2.763770123e-05
2.637152643e-06
-1.700986021e-06
-4.299981014e-05
-4.971798848e-07
-5.810367074e-06
-1.147090273e-05
0.0007504872607
3.100106638e-05
7.211909549e-05
0.0006596040219
-0.0001195705386
0.0007238694742
-7.111528027e-06
-3.40637138e-05
4.087881563e-05
-2.741853493e-05
-1.902446169e-05
3.426051045e-05
3.276809615e-05
-5.642008924e-05
2.197402671e-05
-0.0007675209888
7.129450176e-06
-0.0007470856153
3.623110182e-05
-0.0007579123934
-6.511739693e-06
-1.122299923e-05
2.921495054e-05
1.948313319e-06
-4.355885646e-05
-7.066395279e-06
2.230675755e-05
0.0007655231445
-3.947262118e-05
0.0006515983194
0.0007533791688
-4.239138092e-05
7.20080491e-05
-1.835943966e-06
-7.146963885e-05
2.932029351e-05
-0.0007385573099
1.883403743e-05
-0.0007261522367
4.03903836e-07
-0.000741878067
-3.846955878e-06
-5.936607784e-06
2.428295122e-06
-5.911718363e-06
-9.107502852e-07
-3.783153914e-07
-5.648123174e-05
0.0006498900825
3.063153458e-05
0.0007282710353
0.000745502339
6.668328596e-05
-4.295184705e-05
-3.985026894e-05
6.299286515e-05
3.365154104e-05
-0.0007382164483
1.809179929e-05
-0.0007252502934
-0.0007397758544
-2.592727315e-06
-5.668847383e-06
2.547652426e-06
-6.59591034e-06
-5.831339371e-05
-6.922076079e-05
0.003162999435
-0.0001037329434
-9.371551747e-05
0.003157750476
-7.260815432e-05
-7.324614585e-05
0.00316879833
5.231395655e-05
5.377960444e-05
0.003159455135
9.750310464e-05
0.0001157492559
0.003155049108
8.326717097e-05
8.336733187e-05
0.003164659569
-2.323192086e-05
-7.754627138e-05
0.003083859647
-5.241198754e-05
-9.936048685e-05
6.828579895e-07
0.003083446857
-1.650230909e-05
-3.395258398e-05
0.003072829919
2.715479318e-07
1.357354511e-06
-1.600341244e-06
3.988241596e-05
0.003090299686
5.577054137e-05
-5.182565525e-07
9.06404968e-06
0.003091368305
2.195387897e-05
1.070407284e-05
0.003079612982
1.816756317e-05
1.788685451e-05
2.390638029e-05
-9.864991375e-05
0.003093094547
-4.311820102e-05
-7.542570967e-05
0.003073596453
1.668795635e-05
3.456330526e-05
0.003084586988
-1.548315067e-07
5.247661558e-05
0.003093964617
4.63242728e-05
2.34704902e-05
0.00308409917
-2.821185961e-05
-1.494196056e-05
0.003089279392
5.778846765e-05
-9.253213168e-05
0.003156763634
-7.314397006e-05
-6.743969952e-05
0.003167325964
7.189509604e-05
7.340212839e-05
0.003156123889
-5.259138571e-05
0.0001185081929
0.003157798779
5.439286616e-05
5.594704604e-05
0.00316720081
-8.40069477e-05
-8.450920229e-05
0.003157164962
-5.464388673e-05
-9.532428855e-06
0.003138584534
-1.843562546e-05
-2.147764961e-05
0.003140055776
-5.635008552e-05
-5.922392419e-05
5.340318331e-07
0.003132115572
-3.61572005e-07
9.505315187e-07
4.173852058e-05
7.56207269e-06
0.003137468003
2.923030871e-05
2.462746641e-05
0.003141099831
4.55105175e-05
4.411411337e-05
4.679795996e-08
0.003129818204
1.264917078e-06
-1.669441083e-07
-4.841724447e-05
-1.315148232e-05
0.003095893053
-1.141209845e-05
-1.930301658e-05
0.003104586559
-3.03936424e-05
-5.098890414e-05
2.220601714e-06
0.00309613242
-1.557976099e-06
7.403841795e-06
2.144046204e-05
-1.961540245e-06
0.003099493391
2.059047837e-05
5.978270206e-06
0.003106134162
2.909004551e-05
4.11533614e-06
6.470730506e-06
0.003094168054
1.264085406e-05
2.150164342e-05
-8.497439511e-06
-1.072322102e-05
0.003105057994
-8.721010131e-06
-1.627917594e-05
-6.476871604e-08
0.003105197935
-4.555682549e-06
-8.259975603e-06
-8.099219651e-06
0.003106047349
-1.052128557e-07
-6.946734816e-06
-3.894361043e-07
-1.94239892e-05
-3.288896041e-06
3.522151861e-05
0.0030704748
-4.35328903e-05
-4.068273356e-05
2.605463459e-05
0.003053000222
1.577775236e-05
2.022714997e-05
-7.911120718e-06
0.002868081843
2.653129984e-06
-6.282884467e-05
1.222317844e-06
-7.15384405e-05
8.44022291e-06
-1.66514454e-05
0.003106213533
-6.465300598e-06
-1.093001652e-05
0.00310590967
4.480803794e-06
7.821899051e-06
-1.987479089e-05
0.003105212422
-4.23232094e-06
-8.13760484e-06
-1.611316995e-05
9.903068559e-05
0.003103957925
3.097794931e-05
2.204118314e-05
0.002931062916
-6.76430987e-05
-6.788454707e-05
0.0001289873063
0.003079746948
-5.663620161e-06
-1.023361852e-05
4.75827884e-05
-2.108308619e-05
0.003106727905
-8.654123918e-06
-1.403316055e-05
0.003096971558
3.03031206e-05
5.038677474e-05
1.362383222e-06
0.003104985005
-9.172506155e-07
2.567975507e-07
-2.690864799e-05
6.747283056e-07
0.003106195788
-2.975694429e-06
-5.068943159e-06
0.003101583288
-4.651590651e-05
-2.129993987e-05
-2.498693249e-05
0.003105497639
-1.108078693e-05
-1.00731547e-05
5.39462153e-05
-2.246515824e-05
0.003141935844
-1.068526451e-05
-1.01946467e-05
0.003129985852
5.550224444e-05
5.837157827e-05
-9.039148919e-07
0.003139505491
-8.542340842e-08
-5.664917253e-07
-4.234225053e-05
2.451398202e-05
0.003144716114
8.857851139e-06
7.403638162e-06
0.003131949053
-4.71608672e-05
-4.585633053e-05
-1.019766146e-06
0.003141753565
-1.001217907e-06
-8.371460269e-07
-5.844841397e-05
1.016630922e-05
0.003129973176
1.790604491e-05
2.251531493e-05
0.003141879522
-5.314955313e-05
-5.40733721e-05
0.003136821032
4.575579176e-05
-8.12968681e-06
0.003131842679
-2.837874239e-05
-2.549870981e-05
0.003144585647
4.199344379e-05
4.195988453e-05
0.003139319252
-5.042775997e-05
1.592129083e-05
0.003092582511
9.242207613e-06
2.704153558e-05
0.003105069576
-2.875865091e-05
-4.75160398e-05
0.003090723988
1.868755992e-05
2.466576143e-06
0.003098604323
-2.547469624e-05
-3.132670616e-06
0.003104789408
4.013173212e-05
2.382502082e-05
0.003096826731
-8.211617381e-06
2.706422465e-07
0.003099909135
-3.159537528e-07
-5.844572836e-06
-3.370446598e-07
0.003102256994
-4.301608294e-06
-8.645989231e-06
0.003098367609
-6.145780083e-08
-1.806230811e-07
4.078695356e-05
-1.829442786e-05
0.002929869234
-4.49372602e-05
-5.43581106e-05
-1.925790371e-05
0.003102478783
2.960759255e-06
2.325261072e-07
0.003093243057
-1.576993314e-05
-1.653652056e-05
7.878782134e-06
-6.188478711e-06
0.003102010613
7.038383604e-07
3.22348086e-08
0.003098309865
4.245043093e-06
8.456854778e-06
0.003102100827
-6.90926281e-06
6.917160235e-05
0.003051493552
-4.064578449e-05
-4.231022857e-05
0.003066262234
2.048520245e-05
2.197308522e-05
0.00309494884
5.09318129e-05
2.473141485e-05
0.00310350153
7.544449699e-06
1.484720196e-05
0.003089624154
2.883025383e-05
4.831564595e-05
0.003104664957
-4.583191131e-06
-1.078084649e-05
0.003105036182
-5.049246895e-06
-2.083262155e-06
0.003094658926
-3.716957512e-05
-1.948316684e-05
0.003105354635
5.903114282e-05
2.129223062e-05
0.003140032016
1.045030289e-05
9.401710224e-06
0.00313858623
5.366431258e-05
5.453736513e-05
0.003142468304
-4.438685379e-05
-2.586657924e-05
0.003141135785
-1.019058774e-05
-8.509293523e-06
0.00313750645
-4.165916893e-05
-4.165031183e-05
0.003144022931
-7.364852032e-05
6.768849832e-05
0.003167353932
0.0001031221189
9.319053377e-05
0.003156581872
-6.26919767e-05
-5.777555969e-05
0.003162623296
8.397096829e-05
-5.629289822e-05
0.00316682578
-0.0001002063789
-0.0001191966739
0.003157484242
5.124069228e-05
5.196458535e-05
0.003160132217
-3.459382017e-05
7.728082932e-05
0.00305647386
5.011744703e-05
0.0001026077777
-9.062038262e-07
0.003089623413
-1.273310807e-05
-2.372600729e-05
0.003078909499
-1.771865441e-07
-4.474465179e-07
1.226523746e-05
-2.077585112e-05
0.003070429092
-7.806874032e-05
-3.637618603e-05
-1.392111833e-05
0.003090420779
3.361462064e-06
-3.665435751e-06
0.003086509825
-6.568225872e-06
-7.028230085e-06
3.446363441e-05
0.0001027294284
0.003074416231
4.212522808e-05
7.889263603e-05
0.003078526283
1.262774299e-05
2.337121799e-05
0.003088944922
-6.031987592e-06
8.311319644e-06
0.003083156346
-4.975471393e-05
-3.788071319e-05
0.003084586076
-2.02008505e-06
6.544695228e-06
0.003091561294
7.357447561e-05
9.37102107e-05
0.003157601632
7.519239188e-05
6.880289718e-05
0.003162904954
6.352744243e-05
5.84335298e-05
0.003157402253
-8.272494721e-05
-0.0001171426901
0.003154909542
-5.329102412e-05
-5.514515669e-05
0.00315922912
-5.040983935e-05
-5.135992063e-05
0.003157211007
)
;

boundaryField
{
    inlet
    {
        type            calculated;
        value           nonuniform List<scalar> 
320
(
-0.0125
-0.0125
-0.0125
-0.0125
-0.0125
-0.0125
-0.0125
-0.0125
-0.0125
-0.0125
-0.0125
-0.0125
-0.0125
-0.0125
-0.0125
-0.0125
-0.0125
-0.0125
-0.0125
-0.0125
-0.0125
-0.0125
-0.0125
-0.0125
-0.0125
-0.0125
-0.0125
-0.0125
-0.0125
-0.0125
-0.0125
-0.0125
-0.0125
-0.0125
-0.0125
-0.0125
-0.0125
-0.0125
-0.0125
-0.0125
-0.0125
-0.0125
-0.0125
-0.0125
-0.0125
-0.0125
-0.0125
-0.0125
-0.01250000001
-0.01250000001
-0.01250000001
-0.01250000001
-0.0125
-0.0125
-0.0125
-0.0125
-0.0125
-0.0125
-0.0125
-0.0125
-0.0125
-0.0125
-0.0125
-0.0125
-0.0125
-0.0125
-0.0125
-0.0125
-0.01250000002
-0.01250000003
-0.01250000002
-0.01250000002
-0.01250000001
-0.01250000001
-0.0125
-0.0125
-0.0125
-0.0125
-0.0125
-0.0125
-0.0125
-0.0125
-0.0125
-0.0125
-0.0125
-0.0125
-0.01250000001
-0.01250000003
-0.01250000005
-0.01250000009
-0.01250000009
-0.01250000005
-0.01250000002
-0.01250000001
-0.0125
-0.0125
-0.0125
-0.0125
-0.0125
-0.0125
-0.0125
-0.0125
-0.0125
-0.0125
-0.0125
-0.0125
-0.01250000002
-0.01250000006
-0.01250000014
-0.01250000022
-0.01250000022
-0.01250000014
-0.01250000005
-0.01250000002
-0.0125
-0.0125
-0.0125
-0.0125
-0.0125
-0.0125
-0.0125
-0.0125
-0.0125
-0.0125
-0.0125
-0.01250000001
-0.01250000003
-0.0125000001
-0.01250000023
-0.01250000038
-0.01250000037
-0.01250000023
-0.0125000001
-0.01250000003
-0.01250000001
-0.0125
-0.0125
-0.0125
-0.0125
-0.0125
-0.0125
-0.0125
-0.0125
-0.0125
-0.0125
-0.0125
-0.01250000002
-0.01250000007
-0.01250000017
-0.0125000003
-0.01250000029
-0.01250000016
-0.01250000006
-0.01250000002
-0.0125
-0.0125
-0.0125
-0.0125
-0.0125
-0.0125
-0.0125
-0.0125
-0.0125
-0.0125
-0.0125
-0.01249999999
-0.01249999998
-0.01249999993
-0.01249999987
-0.01249999981
-0.0124999998
-0.01249999985
-0.01249999992
-0.01249999997
-0.01249999999
-0.0125
-0.0125
-0.0125
-0.0125
-0.0125
-0.0125
-0.0125
-0.0125
-0.0125
-0.01249999999
-0.01249999998
-0.01249999996
-0.01249999988
-0.01249999977
-0.01249999964
-0.01249999963
-0.01249999976
-0.01249999989
-0.01249999996
-0.01249999999
-0.01249999999
-0.0125
-0.0125
-0.0125
-0.0125
-0.0125
-0.0125
-0.0125
-0.0125
-0.0125
-0.01249999999
-0.01249999998
-0.01249999993
-0.01249999985
-0.01249999976
-0.01249999976
-0.01249999984
-0.01249999993
-0.01249999997
-0.01249999999
-0.0125
-0.0125
-0.0125
-0.0125
-0.0125
-0.0125
-0.0125
-0.0125
-0.0125
-0.0125
-0.0125
-0.01249999999
-0.01249999997
-0.01249999994
-0.01249999991
-0.01249999991
-0.01249999994
-0.01249999997
-0.01249999999
-0.0125
-0.0125
-0.0125
-0.0125
-0.0125
-0.0125
-0.0125
-0.0125
-0.0125
-0.0125
-0.0125
-0.0125
-0.0125
-0.01249999999
-0.01249999998
-0.01249999998
-0.01249999997
-0.01249999998
-0.01249999999
-0.0125
-0.0125
-0.0125
-0.0125
-0.0125
-0.0125
-0.0125
-0.0125
-0.0125
-0.0125
-0.0125
-0.0125
-0.0125
-0.0125
-0.0125
-0.0125
-0.01249999999
-0.01249999999
-0.0125
-0.0125
-0.0125
-0.0125
-0.0125
-0.0125
-0.0125
-0.0125
-0.0125
-0.0125
-0.0125
-0.0125
-0.0125
-0.0125
-0.0125
-0.0125
-0.0125
-0.0125
-0.0125
-0.0125
-0.0125
-0.0125
-0.0125
-0.0125
-0.0125
-0.0125
-0.0125
-0.0125
-0.0125
-0.0125
-0.0125
-0.0125
-0.0125
-0.0125
-0.0125
-0.0125
-0.0125
-0.0125
-0.0125
-0.0125
-0.0125
-0.0125
-0.0125
-0.0125
-0.0125
-0.0125
-0.0125
-0.0125
-0.0125
)
;
    }
    outlet
    {
        type            calculated;
        value           nonuniform List<scalar> 
320
(
0.01249987632
0.0125001684
0.01250072426
0.01250154974
0.01250248704
0.01250367129
0.01250462664
0.01250579363
0.01250630643
0.01250694297
0.01250669846
0.01250651003
0.01250560561
0.01250472794
0.01250354969
0.01250250601
0.01250147774
0.01250069547
0.01250011421
0.01249983088
0.01249988151
0.01250017457
0.01250073325
0.01250156232
0.01250250772
0.01250369731
0.01250466538
0.01250584321
0.01250636127
0.01250700894
0.01250679052
0.01250650575
0.01250565212
0.01250473763
0.01250356606
0.01250251926
0.01250148708
0.01250070329
0.01250012043
0.01249983613
0.01249989057
0.01250018689
0.01250074612
0.01250158605
0.01250253147
0.01250373828
0.01250470688
0.01250587357
0.01250640343
0.01250697268
0.01250674573
0.0125066779
0.01250570748
0.01250483622
0.01250362897
0.01250255725
0.01250151868
0.01250071934
0.01250013444
0.01249984613
0.01249990303
0.01250020231
0.01250076932
0.01250161829
0.01250258469
0.01250381265
0.0125048116
0.01250605528
0.01250655403
0.01250732769
0.01250709842
0.01250661388
0.01250586055
0.01250482987
0.01250368407
0.01250257924
0.01250154364
0.01250073743
0.01250014927
0.01249985861
0.01249991526
0.01250021854
0.01250078672
0.0125016468
0.01250261727
0.01250384249
0.01250486981
0.01250600042
0.01250660905
0.01250706394
0.01250704189
0.01250691001
0.01250588674
0.01250502463
0.01250376035
0.01250264658
0.01250158877
0.01250076185
0.01250016989
0.01249987329
0.01249992838
0.01250023491
0.01250081294
0.01250168486
0.0125026805
0.0125039426
0.01250499431
0.0125063764
0.01250710344
0.01250437245
0.01250444541
0.01250697514
0.01250617545
0.01250492975
0.01250383103
0.01250264464
0.01250161622
0.01250077537
0.0125001847
0.01249988522
0.01249993631
0.01250024394
0.01250082309
0.01250169536
0.01250269891
0.01250390827
0.01250505252
0.01250699584
0.01250509963
0.01249219515
0.01250315909
0.01250541491
0.01250693365
0.01250518563
0.01250388252
0.01250271966
0.01250165333
0.01250079682
0.01250020126
0.01249989651
0.01249994278
0.01250025148
0.01250083936
0.01250171718
0.01250274782
0.01250399501
0.01250568684
0.01250588885
0.0124931213
0.01217716416
0.0123353851
0.01250764895
0.01250584614
0.01250552533
0.0125039031
0.01250267803
0.01250166255
0.01250079464
0.01250020722
0.01249990079
0.01249994132
0.01250024771
0.01250083562
0.01250169975
0.01250272486
0.01250392473
0.01250560777
0.01250580005
0.01250809421
0.01232477637
0.01220902132
0.01248863485
0.01250578263
0.0125056965
0.01250396038
0.01250272448
0.01250168187
0.01250080294
0.01250021236
0.01249990347
0.0124999374
0.01250024194
0.01250083591
0.01250169088
0.01250274603
0.01250391816
0.01250517175
0.0125069916
0.01250522639
0.01250343302
0.01248707484
0.01250500249
0.01250700525
0.01250498709
0.01250388622
0.01250265935
0.01250165976
0.01250078446
0.01250020492
0.01249989717
0.01249992685
0.01250022653
0.01250081646
0.01250165577
0.0125026878
0.01250385641
0.01250499455
0.01250614842
0.01250706196
0.0125041909
0.01250399697
0.01250710878
0.01250632108
0.0125049968
0.01250391485
0.0125026562
0.01250165088
0.01250077689
0.01250019702
0.01249989019
0.01249991543
0.0125002115
0.01250080113
0.01250162682
0.01250267748
0.01250379282
0.01250502351
0.01250593064
0.01250685943
0.01250714957
0.01250716202
0.01250655829
0.01250600099
0.01250482845
0.01250381593
0.01250258351
0.01250161257
0.01250075028
0.01250018117
0.0124998773
0.01249990147
0.01250019185
0.01250077807
0.01250158335
0.01250261636
0.01250371627
0.01250486872
0.01250587099
0.01250666054
0.01250706126
0.01250730487
0.01250656803
0.01250603243
0.01250480171
0.0125037873
0.01250255777
0.0125015864
0.01250073461
0.01250016588
0.01249986565
0.01249988949
0.01250017749
0.01250076009
0.01250155806
0.01250258951
0.01250366151
0.01250485409
0.01250573737
0.01250666548
0.0125067821
0.01250697825
0.01250638776
0.01250585943
0.01250468221
0.01250371041
0.01250250191
0.01250155538
0.01250071176
0.01250015068
0.01249985337
0.01249987986
0.01250016411
0.01250074484
0.01250152774
0.01250255392
0.01250360068
0.01250476609
0.01250567338
0.0125065259
0.01250678935
0.01250700104
0.01250636368
0.0125058287
0.01250464954
0.01250367186
0.01250248054
0.01250153188
0.01250069945
0.01250013891
0.01249984456
0.01249987488
0.01250015815
0.01250073697
0.0125015181
0.01250253939
0.01250358326
0.01250475105
0.01250563003
0.01250651777
0.01250671363
0.0125069395
0.01250630032
0.0125057763
0.01250460789
0.01250364563
0.01250246003
0.01250152005
0.01250069063
0.01250013275
0.01249983946
)
;
    }
    sides
    {
        type            calculated;
        value           uniform 0;
    }
    hull
    {
        type            calculated;
        value           uniform 0;
    }
}


// ************************************************************************* //
