/*--------------------------------*- C++ -*----------------------------------*\
  =========                 |
  \\      /  F ield         | OpenFOAM: The Open Source CFD Toolbox
   \\    /   O peration     | Website:  https://openfoam.org
    \\  /    A nd           | Version:  11
     \\/     M anipulation  |
\*---------------------------------------------------------------------------*/
FoamFile
{
    format      ascii;
    class       volScalarField;
    location    "50";
    object      p;
}
// * * * * * * * * * * * * * * * * * * * * * * * * * * * * * * * * * * * * * //

dimensions      [0 2 -2 0 0 0 0];

internalField   nonuniform List<scalar> 
12920
(
-2.138257904e-05
-4.884833504e-05
-0.0001237220497
-0.0002465760057
-0.0004203033665
-0.000652989781
-0.000950366847
-0.001307282609
-0.001706220994
-0.002097782866
-0.002429259587
-0.002637235679
-0.002665204805
-0.002544437477
-0.002266133704
-0.001886605757
-0.001487621414
-0.001132647492
-0.0008447448843
-0.0006193794169
-0.0004462604765
-0.0003163274101
-0.0002222619982
-0.0001554757032
-0.0001082462739
-7.446955514e-05
-5.086473009e-05
-3.42099095e-05
-2.276318177e-05
-1.421589797e-05
-7.737239631e-06
-3.048044363e-06
1.766448786e-06
-2.453487146e-05
-9.631663745e-05
-0.000215081943
-0.0003853860335
-0.00061748479
-0.0009197161843
-0.001290088869
-0.001710921035
-0.002135689515
-0.002497505659
-0.00272413319
-0.00276921986
-0.002625731291
-0.002313209463
-0.001899832947
-0.001473358935
-0.001102670914
-0.0008112452657
-0.0005896671056
-0.0004212964999
-0.0002958830738
-0.0002067395589
-0.0001445635017
-0.0001009069932
-6.979927937e-05
-4.809387916e-05
-3.265150921e-05
-2.181439582e-05
-1.365377151e-05
-7.38522016e-06
-2.752875684e-06
4.676712359e-05
2.292320409e-05
-4.233354155e-05
-0.0001523051489
-0.0003148135698
-0.0005444709822
-0.000855380271
-0.001252183863
-0.001720472422
-0.002211871983
-0.002643067311
-0.002919956372
-0.002970354403
-0.002784727778
-0.002407024363
-0.001923575715
-0.00143923562
-0.001037094865
-0.0007406029529
-0.0005275224851
-0.0003684482959
-0.0002515499103
-0.0001713955582
-0.0001176016283
-8.037047717e-05
-5.420207885e-05
-3.627445753e-05
-2.424565994e-05
-1.591038257e-05
-1.010111079e-05
-5.712383575e-06
-2.724040237e-06
0.0001108919894
9.101264579e-05
3.629260032e-05
-5.908873522e-05
-0.000207608236
-0.0004304661306
-0.0007512300021
-0.001186375857
-0.001728791368
-0.002328230177
-0.002874318229
-0.003225659618
-0.003277112651
-0.003029430068
-0.002550300741
-0.001953919533
-0.001377554724
-0.000929527282
-0.0006325639943
-0.0004371921466
-0.0002950536515
-0.0001933211607
-0.0001285469477
-8.817362567e-05
-6.067654787e-05
-4.073992951e-05
-2.693088591e-05
-1.747693258e-05
-1.083905306e-05
-5.644999279e-06
-1.710110789e-06
3.948430784e-07
0.0001897639475
0.000175557852
0.0001359545777
6.22059653e-05
-6.37397424e-05
-0.0002717071452
-0.0005991202104
-0.001081534525
-0.001726929245
-0.002483060941
-0.003197598162
-0.003655021498
-0.003705923772
-0.003369721524
-0.002743824893
-0.00198081948
-0.001272278209
-0.0007650896156
-0.0004771206302
-0.0003095086689
-0.0001893984315
-0.0001062718096
-6.090841878e-05
-3.848272609e-05
-2.528436278e-05
-1.62738154e-05
-1.103809602e-05
-8.658561651e-06
-7.463953142e-06
-7.051498338e-06
-6.217510136e-06
-4.823993105e-06
0.0002771497216
0.0002703847877
0.0002505915233
0.0002062696291
0.0001137453829
-6.684538202e-05
-0.000391329157
-0.0009242255854
-0.001699997379
-0.002671273012
-0.003622419553
-0.004221732458
-0.004267135142
-0.003807921534
-0.002987760687
-0.001992854132
-0.001107239662
-0.0005387153834
-0.0002838797006
-0.000165221232
-8.012313522e-05
-2.310978905e-05
-5.346901385e-07
4.491095803e-06
7.188438474e-06
1.007354229e-05
1.167860432e-05
1.157542321e-05
1.163674035e-05
1.129134139e-05
1.011520613e-05
7.749617551e-06
0.0003648512125
0.0003671059338
0.000370890912
0.0003630466427
0.0003155107476
0.000178317207
-0.0001263786371
-0.0007038091641
-0.001630271015
-0.002880488792
-0.004143397153
-0.004922834477
-0.004959755969
-0.004347990153
-0.003265010592
-0.001984009654
-0.0008695952315
-0.0002361751528
-3.343034743e-05
2.599721625e-05
6.887478506e-05
8.944241596e-05
7.567994546e-05
5.048843176e-05
3.15890498e-05
1.951718022e-05
9.604663997e-06
1.521021494e-06
-4.496427717e-06
-8.653873162e-06
-1.059952529e-05
-9.696386944e-06
0.000443468502
0.0004549940899
0.0004836832579
0.0005159471037
0.0005219694457
0.0004440144739
0.0001815990296
-0.0004226993038
-0.001505962542
-0.003093382306
-0.004731440588
-0.005706110265
-0.005724159391
-0.004941500899
-0.003559856859
-0.001938016135
-0.0005671378155
9.395541016e-05
0.0001975834269
0.0001843398084
0.000194097501
0.0001924375037
0.0001579819433
0.0001181312873
9.071338465e-05
7.322743507e-05
5.833436271e-05
4.653446909e-05
3.746997168e-05
3.091981799e-05
2.396420407e-05
1.589438001e-05
0.0005029726451
0.0005225045624
0.0005728078515
0.0006413576041
0.0006997462613
0.0006875184414
0.0004882730899
-0.0001089831194
-0.001319736545
-0.003273499384
-0.005338362467
-0.006513589286
-0.006511382841
-0.005558885688
-0.003874369516
-0.001851815458
-0.0001664067738
0.0005115840218
0.0004769356793
0.0003511377306
0.0002995415131
0.000249542359
0.0001752044517
0.00010950472
6.83278598e-05
4.109231023e-05
2.043596911e-05
5.533157417e-06
-3.964361171e-06
-1.047681347e-05
-1.471054779e-05
-1.39872389e-05
0.0005350520336
0.0005591920373
0.0006222073084
0.0007128265252
0.0008050217772
0.0008395362661
0.0006964458735
0.0001361323264
-0.001111805419
-0.003295992998
-0.005699086824
-0.007045074127
-0.00706272279
-0.006042018462
-0.004177845421
-0.001891211921
5.598950061e-05
0.0007879804632
0.0006869811274
0.0005074471039
0.0004355410282
0.000365918138
0.000269537648
0.0001903693988
0.0001422681143
0.0001076448301
8.138697478e-05
6.247098389e-05
4.895638816e-05
3.874610222e-05
2.882886218e-05
1.890196871e-05
0.0005346513566
0.000558748105
0.0006216344037
0.0007120110338
0.0008037608496
0.0008375483951
0.0006930995958
0.000131009493
-0.001119624549
-0.003303586492
-0.005703416294
-0.007047656676
-0.007065622726
-0.006046607069
-0.004187580377
-0.001905654318
3.258607877e-05
0.0007552428603
0.0006495815065
0.000468510184
0.0003895855513
0.0003167351517
0.0002182573725
0.0001378583902
8.917888584e-05
5.51464892e-05
3.005104937e-05
1.222171798e-05
4.665156956e-07
-7.694705219e-06
-1.263101443e-05
-1.302193983e-05
0.000501804677
0.0005212161187
0.0005711727248
0.0006390792282
0.000696361905
0.0006823899645
0.0004805095594
-0.0001194629019
-0.001332211991
-0.00328206443
-0.005341901187
-0.006518562434
-0.006519559035
-0.00557215183
-0.003894650175
-0.001880185905
-0.0001964312368
0.000485375381
0.0004655235537
0.0003603017131
0.0003219294498
0.0002816180699
0.0002132300119
0.0001520166552
0.0001133265002
8.700582493e-05
6.633588393e-05
5.060710609e-05
3.96025932e-05
3.143712852e-05
2.378937231e-05
1.536803589e-05
0.0004416203935
0.0004529753884
0.0004811913861
0.0005126092672
0.0005172749961
0.000437346856
0.0001723120686
-0.0004344041313
-0.001519072934
-0.003104155623
-0.004739852573
-0.005716358589
-0.005736700282
-0.004957843992
-0.003581521433
-0.001965473967
-0.0005953829338
6.878541136e-05
0.0001817870915
0.0001759367468
0.0001842158194
0.0001761026815
0.0001362780544
9.236540488e-05
6.199397782e-05
4.168519822e-05
2.628512066e-05
1.386215098e-05
5.092202939e-06
-1.351672053e-06
-5.362891674e-06
-6.533452878e-06
0.0003624390505
0.0003645027963
0.0003677780174
0.0003590538499
0.0003101921975
0.000171187322
-0.0001357380579
-0.0007151970935
-0.001642842184
-0.002891939813
-0.00415317991
-0.004933326717
-0.004972067994
-0.004363786413
-0.003285368128
-0.002009079642
-0.0008957047711
-0.0002600431056
-5.002485358e-05
1.771108518e-05
6.637145863e-05
9.076048075e-05
8.157753506e-05
6.170913781e-05
4.692549757e-05
3.751268479e-05
3.002361205e-05
2.376674175e-05
1.86901321e-05
1.517692989e-05
1.192931932e-05
7.862637643e-06
0.0002742879414
0.0002673477177
0.000247059586
0.000201916058
0.0001082191035
-7.389525182e-05
-0.0004001525958
-0.0009346456665
-0.001711353961
-0.002682222645
-0.003632513655
-0.004232551329
-0.004279677109
-0.003823273622
-0.003005428755
-0.002014466511
-0.001129305781
-0.0005582934624
-0.0002972883187
-0.000171708264
-8.294223271e-05
-2.584558516e-05
-4.281363837e-06
-4.964746972e-07
2.012877132e-07
9.88632955e-07
5.463137724e-07
-8.174237427e-07
-2.41587274e-06
-3.461152794e-06
-3.835919903e-06
-3.455799302e-06
0.0001865691253
0.0001722016159
0.0001321504697
5.767751827e-05
-6.925892812e-05
-0.0002784597056
-0.0006072498215
-0.001090906746
-0.001737101246
-0.002493287367
-0.003207607485
-0.003665622063
-0.003717829423
-0.003383528029
-0.002759641883
-0.001998612393
-0.001290156478
-0.000781066643
-0.0004889745496
-0.0003168569466
-0.0001942863071
-0.0001103714859
-6.392504053e-05
-3.981543508e-05
-2.462965697e-05
-1.40104504e-05
-7.124145482e-06
-3.230085466e-06
-6.574864333e-07
1.009755189e-06
2.219137204e-06
2.522857595e-06
0.0001074570242
8.743361241e-05
3.231922331e-05
-6.368799873e-05
-0.0002130354547
-0.0004368892776
-0.0007587351299
-0.001194871101
-0.001737996023
-0.002337715073
-0.00288392733
-0.003235791408
-0.003288257865
-0.00304196948
-0.002564224
-0.001968856044
-0.001392413161
-0.0009429215905
-0.0006430073776
-0.0004442700654
-0.0002997637936
-0.0001967939963
-0.0001310012408
-8.987445224e-05
-6.201958855e-05
-4.243551659e-05
-2.908478106e-05
-2.032844606e-05
-1.418572872e-05
-9.824816651e-06
-6.211742939e-06
-3.329270144e-06
4.316837004e-05
1.919655645e-05
-4.640862422e-05
-0.0001569251268
-0.0003201363016
-0.000550617693
-0.0008624079515
-0.001260031478
-0.00172896747
-0.002220746079
-0.002652249444
-0.00292964998
-0.002980843641
-0.002796215301
-0.002419417023
-0.001936511521
-0.001451956836
-0.001048549189
-0.0007499025526
-0.0005343266882
-0.0003734100204
-0.0002554539504
-0.0001745184324
-0.0001199803935
-8.211902138e-05
-5.539503755e-05
-3.689864465e-05
-2.433602248e-05
-1.527982084e-05
-8.725660522e-06
-3.854809623e-06
-8.612998287e-07
-1.933529291e-06
-2.83510393e-05
-0.0001004486785
-0.000219702856
-0.0003906268217
-0.0006234402818
-0.000926429821
-0.001297519293
-0.001718959271
-0.002144145879
-0.002506350162
-0.002733496239
-0.002779229247
-0.002636493507
-0.002324598324
-0.001911525847
-0.001484713594
-0.001112937076
-0.0008198219169
-0.0005963348605
-0.0004263534081
-0.0002998559207
-0.000209776238
-0.0001468171204
-0.0001024928505
-7.09395016e-05
-4.89437002e-05
-3.337892062e-05
-2.242434412e-05
-1.44203541e-05
-8.230877478e-06
-3.651556608e-06
-2.513076731e-05
-5.270667413e-05
-0.0001278795193
-0.0002511940204
-0.000425500393
-0.0006588488969
-0.0009569261798
-0.001314510606
-0.001714036422
-0.002106030542
-0.002437919364
-0.002646377235
-0.002674975804
-0.002554852707
-0.002277039054
-0.001897695883
-0.00149833099
-0.001142338291
-0.0008529737462
-0.0006259365017
-0.000451340362
-0.0003203077818
-0.0002253622671
-0.0001578478146
-0.0001100390528
-7.581963173e-05
-5.190748894e-05
-3.474654534e-05
-2.309049551e-05
-1.445303331e-05
-7.775173156e-06
-2.965054096e-06
-2.097773488e-05
-4.836068421e-05
-0.0001230228466
-0.0002455503509
-0.0004188699856
-0.0006511439548
-0.0009482617894
-0.001305343438
-0.001705114933
-0.002098409092
-0.00243202601
-0.002641542612
-0.002670698096
-0.00254886119
-0.002268472492
-0.00188679937
-0.001486141203
-0.001130393736
-0.0008426867568
-0.0006179468058
-0.0004452378479
-0.0003155543742
-0.000221743944
-0.0001551630173
-0.0001080414497
-7.432380581e-05
-5.081503843e-05
-3.421379243e-05
-2.275964118e-05
-1.421404291e-05
-7.724595374e-06
-3.033879018e-06
2.258176719e-06
-2.393265802e-05
-9.542649642e-05
-0.000213735683
-0.0003834471853
-0.0006149108363
-0.000916691108
-0.001287207842
-0.00170921077
-0.00213649367
-0.002501567698
-0.002730821813
-0.002776864772
-0.002631723568
-0.002316314762
-0.001899880499
-0.001470987021
-0.001099307434
-0.0008084909275
-0.0005880018822
-0.0004201689149
-0.0002950496904
-0.0002062469594
-0.0001443197227
-0.0001007679712
-6.969175198e-05
-4.800689807e-05
-3.259358799e-05
-2.175630426e-05
-1.3616072e-05
-7.346366351e-06
-2.742570863e-06
4.74418901e-05
2.377080586e-05
-4.102449691e-05
-0.0001502392846
-0.0003117134706
-0.0005401851666
-0.0008501355371
-0.001246992977
-0.001717236976
-0.002213195937
-0.002650401996
-0.00293199585
-0.002983250637
-0.002794583002
-0.002411910087
-0.001923128922
-0.00143445831
-0.00103067134
-0.0007357117849
-0.0005246699329
-0.0003663737695
-0.0002499184375
-0.0001704143663
-0.0001170943279
-8.01186544e-05
-5.408082861e-05
-3.6235645e-05
-2.426638726e-05
-1.596995466e-05
-1.012397688e-05
-5.766614886e-06
-2.707375706e-06
0.0001118619281
9.226632552e-05
3.832140059e-05
-5.574377404e-05
-0.0002023710536
-0.0004229177685
-0.0007416126825
-0.001176485026
-0.00172242547
-0.002330567185
-0.00288827043
-0.003248117523
-0.003300280157
-0.003046772927
-0.002558440291
-0.001952341185
-0.001368210181
-0.0009179361098
-0.0006249738691
-0.0004335446366
-0.0002925455588
-0.0001913696151
-0.0001275300785
-8.766676606e-05
-6.038474041e-05
-4.048831149e-05
-2.679333079e-05
-1.738345066e-05
-1.083275177e-05
-5.637599242e-06
-1.863572675e-06
3.604825254e-07
0.0001911583465
0.0001774117035
0.0001391059424
6.763151135e-05
-5.487257506e-05
-0.0002583735895
-0.0005814037125
-0.001062612267
-0.001714165198
-0.002487345283
-0.003224557045
-0.003696753195
-0.003747817596
-0.003400417646
-0.002757072841
-0.00197619692
-0.001252175246
-0.0007417661288
-0.0004626814011
-0.0003024983273
-0.000184375455
-0.0001026695352
-5.929750192e-05
-3.808290726e-05
-2.541987085e-05
-1.655327457e-05
-1.140178014e-05
-8.942700618e-06
-7.67382596e-06
-7.088151147e-06
-6.04790435e-06
-4.539789509e-06
0.0002791065408
0.0002730543125
0.0002553649398
0.0002148604833
0.0001284258079
-4.376954106e-05
-0.0003592607623
-0.000888590156
-0.001674766026
-0.002679478132
-0.003673636619
-0.004297738053
-0.004341512326
-0.003862504387
-0.003007000162
-0.001983619326
-0.001070629828
-0.0004994777917
-0.0002625161404
-0.0001565167185
-7.391082562e-05
-1.845265897e-05
1.512407974e-06
5.053159448e-06
7.180344853e-06
9.95790739e-06
1.116892393e-05
1.1103663e-05
1.099045053e-05
1.086892006e-05
9.897137478e-06
7.805206715e-06
0.0003674488687
0.0003708354215
0.0003778244037
0.000376085983
0.0003388639345
0.0002167756508
-7.03385322e-05
-0.0006387758231
-0.001581597619
-0.002895877325
-0.004237947513
-0.005056314292
-0.005088798278
-0.004440450309
-0.003301984941
-0.001956749533
-0.0007928589119
-0.0001636317139
4.714489328e-06
4.098003027e-05
7.777455574e-05
9.378309158e-05
7.569629993e-05
4.827404621e-05
2.947365442e-05
1.783990605e-05
8.448554415e-06
7.895476784e-07
-4.739417772e-06
-8.483748414e-06
-1.014964225e-05
-9.030092429e-06
0.0004467555468
0.000459866265
0.0004931552686
0.0005345744402
0.000556986454
0.0005046205556
0.0002744418699
-0.0003101883293
-0.00141712173
-0.003122156104
-0.004894961372
-0.005923952583
-0.005937385549
-0.00509598424
-0.003624365275
-0.001885019375
-0.0004331968467
0.0002026024236
0.0002489186757
0.0002040660006
0.0002066918041
0.0001980072182
0.0001569889608
0.0001144214892
8.738724797e-05
6.997554604e-05
5.596337441e-05
4.508321472e-05
3.708759255e-05
3.133019995e-05
2.511467165e-05
1.71480334e-05
0.0005068427941
0.000528407724
0.000584705816
0.0006656892397
0.0007476693069
0.0007749339748
0.0006303128055
7.316202402e-05
-0.001167416464
-0.003328979838
-0.005610980002
-0.006850764792
-0.006837898897
-0.005794703668
-0.00396335549
-0.001748152216
7.585357737e-05
0.0006825299087
0.0005376965861
0.0003621157201
0.0003029134825
0.0002453039934
0.0001649648838
9.954118646e-05
6.086845556e-05
3.574794618e-05
1.695825e-05
3.916882246e-06
-4.232358225e-06
-9.872713696e-06
-1.328308392e-05
-1.230312206e-05
0.000539266172
0.0005657180068
0.0006356253937
0.0007409340949
0.0008620528603
0.0009479567323
0.0008817334137
0.0003923610875
-0.0008676868888
-0.003348292862
-0.006065417112
-0.007497655106
-0.007512774516
-0.00637406267
-0.004329128549
-0.001783572152
0.0003827696769
0.001037758464
0.000771860501
0.000513729226
0.0004307260901
0.0003547031999
0.0002544365369
0.0001792265173
0.0001351558868
0.000104423969
8.084527248e-05
6.379545729e-05
5.141176594e-05
4.201367447e-05
3.26089495e-05
2.234654031e-05
0.0005388681017
0.0005652761033
0.0006350511462
0.0007401048361
0.0008607280378
0.0009457634172
0.0008777361774
0.0003858236851
-0.0008787660323
-0.003357380507
-0.006068707158
-0.007499429883
-0.007515338415
-0.006379026691
-0.004339517135
-0.001803660048
0.0003494941126
0.0009925229177
0.0007183558787
0.0004574452378
0.0003705077572
0.000292987817
0.0001942950609
0.0001209615406
7.892681267e-05
5.029276415e-05
2.916355817e-05
1.432715805e-05
4.58936888e-06
-2.015842333e-06
-6.247914646e-06
-6.589224463e-06
0.0005056824363
0.0005271255557
0.000583069503
0.000663381378
0.0007441577643
0.000769435402
0.0006216002593
6.102314959e-05
-0.001182398908
-0.003337494431
-0.00561347314
-0.00685621489
-0.006847300917
-0.005809506288
-0.003986814082
-0.001781729179
4.093985879e-05
0.0006524665992
0.0005277244492
0.0003781051124
0.0003354942996
0.0002875026665
0.0002115920275
0.0001474283535
0.0001076338121
8.048139639e-05
5.941793741e-05
4.372129716e-05
3.258262348e-05
2.456451094e-05
1.699419486e-05
9.673365566e-06
0.0004449192693
0.0004578592598
0.0004906679687
0.0005312167465
0.0005521941353
0.0004976771406
0.0002645069809
-0.0003229497875
-0.001431750312
-0.003133438787
-0.004903314296
-0.005934401354
-0.005950197224
-0.005112874027
-0.003647719593
-0.00191493886
-0.000463437474
0.0001748406849
0.0002325251506
0.0001954626054
0.0001946217137
0.0001774720867
0.0001307231291
8.460878203e-05
5.443307399e-05
3.486453898e-05
2.05264039e-05
9.483494414e-06
1.991482017e-06
-3.184995121e-06
-6.143575707e-06
-6.110153963e-06
0.0003650510458
0.0003682505522
0.0003747245686
0.0003720927972
0.0003335014444
0.0002095015922
-8.004560881e-05
-0.0006507409038
-0.001594973686
-0.002907661045
-0.004247593693
-0.005066721146
-0.005101273933
-0.004456675872
-0.003323321957
-0.001983071859
-0.0008202450851
-0.0001893132996
-1.254345647e-05
3.337749877e-05
7.589778005e-05
9.662064547e-05
8.368364464e-05
6.186103555e-05
4.635382173e-05
3.660744217e-05
2.858098003e-05
2.219842231e-05
1.665628802e-05
1.282710931e-05
9.285543383e-06
5.257683505e-06
0.0002762621743
0.0002700381943
0.000251852768
0.0002105229839
0.0001228971009
-5.086892419e-05
-0.0003682295163
-0.0008992621727
-0.001686464199
-0.002690580979
-0.003683671521
-0.00430847828
-0.004354136509
-0.003877942454
-0.003025567501
-0.002005534833
-0.001092967217
-0.0005196486813
-0.0002758440401
-0.0001622909166
-7.639348985e-05
-2.13689031e-05
-2.701855121e-06
-7.351796929e-07
-7.516971516e-07
-3.962597404e-07
-1.157880495e-06
-2.485271078e-06
-3.983778064e-06
-4.897325115e-06
-5.140622616e-06
-4.490313254e-06
0.0001879831479
0.0001740767493
0.0001353258996
6.312926791e-05
-6.036979755e-05
-0.0002651210459
-0.0005895659861
-0.001072061117
-0.001724448672
-0.002497617861
-0.003234502451
-0.003707243717
-0.00375967804
-0.003414210086
-0.002772999354
-0.001994065099
-0.001270170406
-0.0007580073767
-0.0004745685878
-0.0003096519084
-0.0001892261378
-0.0001068696214
-6.216848223e-05
-3.92246666e-05
-2.436224191e-05
-1.39868693e-05
-7.213612746e-06
-3.497180865e-06
-9.183226197e-07
6.077590935e-07
1.708840714e-06
1.998573103e-06
0.0001084471758
8.870901439e-05
3.437371101e-05
-6.031257837e-05
-0.0002077649632
-0.0004293096769
-0.0007490973031
-0.001184974212
-0.001731634241
-0.002340029525
-0.002897805446
-0.003258138605
-0.00331134427
-0.003059236573
-0.00257231848
-0.001967253046
-0.001383053749
-0.0009313478864
-0.0006353656149
-0.0004404256082
-0.0002970874141
-0.0001947836214
-0.0001298941498
-8.941661747e-05
-6.178535146e-05
-4.235611135e-05
-2.914235378e-05
-2.050334392e-05
-1.437414831e-05
-1.008673935e-05
-6.503807605e-06
-3.670136106e-06
4.386328498e-05
2.006582359e-05
-4.507381925e-05
-0.0001548277715
-0.0003169989177
-0.000546290362
-0.0008571208296
-0.001254799439
-0.001725690432
-0.002222016623
-0.002659505231
-0.002941587258
-0.002993642359
-0.002805970206
-0.002424204797
-0.00193597707
-0.001447085523
-0.001042065152
-0.0007449240115
-0.0005313621355
-0.0003712390582
-0.0002538395223
-0.0001735138121
-0.0001194990559
-8.182276488e-05
-5.525915571e-05
-3.684879672e-05
-2.431311353e-05
-1.527685602e-05
-8.779861697e-06
-3.959828701e-06
-9.672093463e-07
-1.421916252e-06
-2.77274709e-05
-9.953319051e-05
-0.0002183253649
-0.0003886500238
-0.0006208218219
-0.0009233548902
-0.001294584328
-0.001717190894
-0.002144884253
-0.002510333404
-0.0027400873
-0.002786771422
-0.002642379847
-0.002327593568
-0.001911465597
-0.001482228376
-0.001109480641
-0.0008169790983
-0.000594575252
-0.0004251555222
-0.000298983653
-0.0002092465336
-0.0001465449943
-0.0001023321422
-7.08472571e-05
-4.887311056e-05
-3.333840743e-05
-2.242690641e-05
-1.443471346e-05
-8.256932696e-06
-3.676604616e-06
-2.470623511e-05
-5.219790789e-05
-0.0001271553145
-0.0002501375399
-0.0004240292747
-0.0006569580796
-0.0009547694323
-0.00131251381
-0.001712868238
-0.002106586085
-0.002440607968
-0.002650598223
-0.002680361091
-0.00255916717
-0.002279265516
-0.001897773212
-0.00149673719
-0.001139981979
-0.0008508246667
-0.0006244198187
-0.0004502553503
-0.0003194961991
-0.0002248222276
-0.0001575217743
-0.0001098322826
-7.567559444e-05
-5.179108801e-05
-3.476022601e-05
-2.311682217e-05
-1.446362969e-05
-7.786517314e-06
-2.973466835e-06
-2.023006449e-05
-4.745962431e-05
-0.0001217299399
-0.0002436519093
-0.0004162131143
-0.0006477152743
-0.0009443399263
-0.001301711019
-0.001703024851
-0.002099525158
-0.002437188226
-0.00264965518
-0.002680848724
-0.002557087439
-0.002272856496
-0.001887169031
-0.001483363596
-0.001126162761
-0.0008388366905
-0.0006152764346
-0.0004433369181
-0.0003141276809
-0.0002207989293
-0.0001545983798
-0.0001076816115
-7.404008767e-05
-5.075083208e-05
-3.426298312e-05
-2.279134196e-05
-1.427023836e-05
-7.784596149e-06
-3.074583651e-06
3.166577333e-06
-2.281943674e-05
-9.377935752e-05
-0.0002112412195
-0.0003798475269
-0.0006101181579
-0.0009110332624
-0.001281781856
-0.001705937402
-0.002137928546
-0.0025091858
-0.002743360322
-0.002791120029
-0.002642937637
-0.002322162397
-0.001899990047
-0.001466522876
-0.001092991793
-0.0008033770295
-0.0005849400622
-0.0004181012431
-0.0002935294186
-0.0002053504523
-0.0001438744139
-0.0001005154358
-6.947295212e-05
-4.779861922e-05
-3.241470603e-05
-2.159406007e-05
-1.344640915e-05
-7.234263723e-06
-2.637540454e-06
4.86889913e-05
2.533877469e-05
-3.85993165e-05
-0.0001464048429
-0.0003059425572
-0.0005321732022
-0.00084026934
-0.001237137848
-0.001710966249
-0.002215556022
-0.002664271729
-0.002954664491
-0.003007489202
-0.002813161394
-0.002421197072
-0.001922305058
-0.001425298696
-0.001018412833
-0.0007265060309
-0.0005193802696
-0.000362547571
-0.0002469863946
-0.0001686410215
-0.0001162573513
-7.969052012e-05
-5.399680174e-05
-3.625408511e-05
-2.446708591e-05
-1.623565438e-05
-1.044850738e-05
-6.141814007e-06
-3.047161765e-06
0.000113655323
9.458800106e-05
4.208540416e-05
-4.952083146e-05
-0.0001925868805
-0.0004087331739
-0.0007233861882
-0.001157519898
-0.001709916995
-0.002334734849
-0.002914988448
-0.003290623076
-0.00334414869
-0.003079729047
-0.002574227086
-0.001949648074
-0.00135047517
-0.0008959837135
-0.0006108560244
-0.0004267838643
-0.0002877955423
-0.0001876221106
-0.0001252697565
-8.63572586e-05
-5.916790467e-05
-3.932376528e-05
-2.566075088e-05
-1.642982742e-05
-9.912642435e-06
-4.856456036e-06
-1.156090734e-06
6.867257716e-07
0.0001937370809
0.0001808517682
0.0001449620103
7.775436446e-05
-3.822831733e-05
-0.0002331445502
-0.0005475013958
-0.001025869162
-0.001688661236
-0.002495122105
-0.003276891794
-0.003776623276
-0.003827930365
-0.003459345051
-0.002783294596
-0.001966357273
-0.001212474553
-0.000697172345
-0.0004361030691
-0.0002897092036
-0.0001752462683
-9.599434061e-05
-5.62566053e-05
-3.747280559e-05
-2.568952375e-05
-1.719594038e-05
-1.244109445e-05
-1.007749506e-05
-8.975047574e-06
-8.322397849e-06
-7.204394184e-06
-5.583658467e-06
0.000282729806
0.0002780142179
0.000264257086
0.0002309533178
0.0001561547443
2.930332008e-07
-0.0002971122655
-0.0008182613083
-0.001623307726
-0.002694782801
-0.003774876225
-0.004445530914
-0.004485653268
-0.00396884198
-0.003054265767
-0.001964430531
-0.0009954665062
-0.0004223267576
-0.0002214821053
-0.0001382228014
-5.905605204e-05
-5.542787827e-06
1.068971262e-05
1.212757207e-05
1.338629375e-05
1.531340379e-05
1.549870004e-05
1.444610432e-05
1.343285449e-05
1.249767633e-05
1.076705619e-05
7.809859798e-06
0.0003722818903
0.0003777474948
0.0003907806337
0.0004006469061
0.0003833385998
0.0002910789028
4.004300227e-05
-0.0005077275233
-0.00147973712
-0.002926226229
-0.004429194925
-0.005321814507
-0.005340100999
-0.004622412133
-0.003377804368
-0.001903349921
-0.0006385219196
-2.349068742e-05
7.55314988e-05
7.244490799e-05
9.951151984e-05
0.0001066739001
7.909661556e-05
4.762422907e-05
2.804469896e-05
1.601506559e-05
6.427242079e-06
-1.563623369e-06
-7.055993844e-06
-1.077111613e-05
-1.232179274e-05
-1.102717634e-05
0.0004528511404
0.0004689370483
0.0005109244436
0.0005698830673
0.0006243571804
0.0006234876955
0.0004610101047
-7.774717975e-05
-0.001225535485
-0.003183220443
-0.005235370568
-0.006373216794
-0.00636407941
-0.005411705864
-0.003754563586
-0.001776321238
-0.0001511748391
0.0004254979921
0.0003559059333
0.0002663004389
0.0002653183132
0.0002448795992
0.0001895750021
0.0001373144284
0.0001044363302
8.16000376e-05
6.368615383e-05
4.930477092e-05
3.827638192e-05
2.986434398e-05
2.198875785e-05
1.296398527e-05
0.0005140196736
0.0005394174325
0.0006070961183
0.0007120995364
0.0008408899893
0.000949383804
0.0009230608425
0.0004617081827
-0.0008286187058
-0.003459182633
-0.006196573294
-0.007563674627
-0.007506484168
-0.006302194387
-0.00416869505
-0.001523328364
0.0006104183295
0.001058190982
0.0006867997642
0.0004290716558
0.000353729894
0.0002740455513
0.0001764054384
0.0001052572478
6.411484212e-05
3.67029785e-05
1.621619554e-05
2.008875048e-06
-7.04585659e-06
-1.328329459e-05
-1.696364781e-05
-1.585653213e-05
0.0005470823016
0.0005778972579
0.0006609218354
0.0007947512328
0.0009738340827
0.00116699795
0.001272046045
0.0009612937264
-0.0002999318722
-0.003493088804
-0.006899742413
-0.008506280279
-0.008457374323
-0.007124404259
-0.00469310271
-0.001529419459
0.001166343104
0.001649850892
0.001091016827
0.0007214884906
0.0005859721121
0.0004510461435
0.0003063741735
0.0002098754456
0.0001522435641
0.0001116675873
8.132575333e-05
5.944553137e-05
4.401309537e-05
3.246883674e-05
2.205807573e-05
1.205869004e-05
0.0005466896283
0.0005774600401
0.0006603466128
0.0007938984006
0.0009723823382
0.001164375981
0.001266543912
0.0009511610143
-0.0003198826991
-0.003504381517
-0.006898917946
-0.00850432767
-0.008457791125
-0.007130434062
-0.004708743684
-0.001564309567
0.001107887756
0.001572551536
0.001010768164
0.0006419247604
0.0005065688924
0.0003700404396
0.0002296499132
0.0001362222544
8.222907346e-05
4.557743693e-05
1.970860223e-05
2.166319276e-06
-8.97038859e-06
-1.568765256e-05
-1.980258152e-05
-1.827945251e-05
0.0005128750787
0.0005381491595
0.0006054615868
0.0007097417093
0.0008371363254
0.0009431294892
0.0009123012445
0.0004458450624
-0.000849571505
-0.003466889014
-0.006197350181
-0.007570466952
-0.00751772231
-0.006319726387
-0.004198788472
-0.001569077861
0.0005639800867
0.001022045873
0.0006850286422
0.0004616309376
0.000400099664
0.0003296215564
0.0002381827979
0.0001687971232
0.0001269432874
9.795382167e-05
7.57997821e-05
5.929277084e-05
4.760666294e-05
3.903691088e-05
3.054446501e-05
2.174686663e-05
0.0004510391853
0.0004669546434
0.0005084513162
0.0005664972174
0.0006193898153
0.0006160165749
0.0004497649221
-9.271429467e-05
-0.001243558404
-0.003195288344
-0.00524380003
-0.006384113045
-0.00637689846
-0.005429146686
-0.003780766404
-0.001811543965
-0.0001860797362
0.0003927798696
0.000338125018
0.0002555944404
0.0002468475926
0.0002173796434
0.0001574139708
0.0001047493558
7.101216328e-05
4.748867821e-05
2.957701526e-05
1.609032045e-05
6.402222314e-06
-7.006520533e-07
-5.311892123e-06
-7.116371711e-06
0.0003699119825
0.0003752004669
0.0003877122852
0.0003966637866
0.0003779084398
0.0002835490433
2.967307733e-05
-0.0005208353421
-0.001494793091
-0.002938570448
-0.004438604296
-0.005332140394
-0.005352821232
-0.004639331448
-0.003400720164
-0.00193214571
-0.0006683635937
-5.296892938e-05
5.726835079e-05
6.647490794e-05
0.0001001020147
0.0001121897709
9.119639835e-05
6.5939223e-05
4.990744166e-05
3.965108469e-05
3.136976518e-05
2.52392995e-05
2.036508595e-05
1.688461421e-05
1.382814531e-05
9.862469774e-06
0.000279919548
0.0002750397468
0.0002607879769
0.0002266558699
0.0001506358599
-6.87993804e-06
-0.0003063366148
-0.000829401621
-0.00163567269
-0.002706166032
-0.003784742269
-0.004456165066
-0.004498361991
-0.003984413851
-0.003073426674
-0.001987001184
-0.001018506335
-0.0004437911267
-0.0002344402898
-0.0001424995837
-6.106808215e-05
-9.374677955e-06
5.267631699e-06
5.136894446e-06
4.728193478e-06
4.758162493e-06
3.577102651e-06
1.902205643e-06
1.711940093e-07
-1.118633907e-06
-1.837660601e-06
-2.039625189e-06
0.000190601144
0.0001775590849
0.0001412316893
7.330875242e-05
-4.367286272e-05
-0.0002398657879
-0.000555704688
-0.001035441976
-0.001699143546
-0.002505463199
-0.003286695707
-0.003786898475
-0.00383967631
-0.003473060469
-0.002799297054
-0.001984349618
-0.001230639107
-0.000713879413
-0.0004479267151
-0.0002964670548
-0.0001800303893
-0.0001002395556
-5.877120332e-05
-3.78143736e-05
-2.374055152e-05
-1.358650498e-05
-7.168117292e-06
-3.4650609e-06
-1.076918714e-06
7.844821431e-07
1.934914126e-06
2.456037338e-06
0.0001102806808
9.107394507e-05
3.818951454e-05
-5.402681967e-05
-0.0001979096378
-0.0004150539598
-0.0007308160388
-0.001165979148
-0.001719116584
-0.00234413639
-0.002924368405
-0.003300426067
-0.003355038046
-0.003092020947
-0.002587960583
-0.001964449132
-0.001365209837
-0.0009094168297
-0.0006210787152
-0.0004332610636
-0.0002919989034
-0.0001908364198
-0.0001275431579
-8.806641102e-05
-6.075145546e-05
-4.133672906e-05
-2.814423417e-05
-1.944616542e-05
-1.331145964e-05
-8.923520419e-06
-5.374190496e-06
-2.64535664e-06
4.515021235e-05
2.167675667e-05
-4.259721684e-05
-0.0001509297419
-0.0003111515152
-0.000538191354
-0.0008471631214
-0.001244852844
-0.001719327053
-0.002224261526
-0.002673211798
-0.00296405249
-0.003017680592
-0.002824338122
-0.002433279065
-0.001934950761
-0.001437727857
-0.001029657264
-0.0007355443817
-0.0005258080442
-0.0003672690938
-0.0002508537402
-0.000171763
-0.0001185925681
-8.136011549e-05
-5.499560347e-05
-3.678221232e-05
-2.423566872e-05
-1.533093874e-05
-8.935768739e-06
-4.101056743e-06
-1.028452029e-06
-4.742935713e-07
-2.65720403e-05
-9.78357432e-05
-0.0002157685308
-0.0003849739457
-0.0006159385853
-0.0009175944038
-0.001289046236
-0.001713796646
-0.002146183555
-0.002517790854
-0.0027524317
-0.002800821198
-0.002653378405
-0.002333214361
-0.001911345493
-0.0014775347
-0.001102967011
-0.0008116807952
-0.0005913209083
-0.0004229519075
-0.0002973673453
-0.0002082779975
-0.0001460235881
-0.0001020244662
-7.062460555e-05
-4.867821986e-05
-3.315942063e-05
-2.229294404e-05
-1.427157879e-05
-8.072323916e-06
-3.455371258e-06
-2.391977086e-05
-5.125517882e-05
-0.0001258129205
-0.0002481778294
-0.0004212969871
-0.0006534389034
-0.0009507428445
-0.001308764041
-0.001710650906
-0.002107559369
-0.00244561289
-0.002658535102
-0.00269030046
-0.002567175258
-0.002283421343
-0.001897907716
-0.001493725559
-0.00113554131
-0.0008467897409
-0.0006215842434
-0.0004482284848
-0.0003179903011
-0.0002238254057
-0.000156933125
-0.0001094518047
-7.541737052e-05
-5.160412287e-05
-3.480262542e-05
-2.316095747e-05
-1.4482025e-05
-7.806977276e-06
-2.967010072e-06
-1.925427127e-05
-4.628275585e-05
-0.0001200392882
-0.0002411655435
-0.000412725889
-0.0006431996036
-0.0009391509784
-0.001296864054
-0.001700191067
-0.002100895032
-0.002444026761
-0.002660517431
-0.002694146837
-0.002567961724
-0.002278712005
-0.001887672649
-0.001479636706
-0.001120490351
-0.0008336981158
-0.0006117193184
-0.0004407967295
-0.0003122140623
-0.0002195281636
-0.0001538183523
-0.0001071498149
-7.369438699e-05
-5.064500232e-05
-3.423997466e-05
-2.274970669e-05
-1.418316286e-05
-7.7142661e-06
-3.032072096e-06
4.352727146e-06
-2.136447163e-05
-9.16231469e-05
-0.0002079690339
-0.0003751108768
-0.0006037836297
-0.0009035020654
-0.001274478596
-0.001701413413
-0.002139680086
-0.00251935267
-0.002760084834
-0.002810042932
-0.002657905121
-0.002330044723
-0.001900178343
-0.00146050624
-0.001084495897
-0.0007965769053
-0.0005808862408
-0.0004153233512
-0.0002914624192
-0.0002041211762
-0.0001432519529
-0.0001001306348
-6.919650631e-05
-4.756314554e-05
-3.225865758e-05
-2.146327414e-05
-1.332514059e-05
-7.122308897e-06
-2.564309689e-06
5.031861544e-05
2.739029369e-05
-3.54187218e-05
-0.0001413614146
-0.0002983177357
-0.0005215174617
-0.0008270157475
-0.001223701437
-0.001702123017
-0.002218408026
-0.002683043347
-0.002985131757
-0.003040056687
-0.002838219972
-0.002433828006
-0.001921149451
-0.001412607373
-0.001001512623
-0.0007140072092
-0.0005122059323
-0.0003573578947
-0.0002430149708
-0.0001662714387
-0.0001150405618
-7.899901857e-05
-5.355863398e-05
-3.600923392e-05
-2.434677188e-05
-1.616669619e-05
-1.036447861e-05
-6.025508935e-06
-2.811071079e-06
0.0001160004788
9.762986973e-05
4.703299949e-05
-4.13064525e-05
-0.0001795877892
-0.0003897128495
-0.000698609039
-0.00113123589
-0.00169187315
-0.002339705879
-0.002951952949
-0.003348295878
-0.003403903072
-0.003124922618
-0.002596206055
-0.001946005424
-0.001325725833
-0.0008657106075
-0.0005916941877
-0.000417510927
-0.0002813218044
-0.0001827320582
-0.0001227116461
-8.511639889e-05
-5.835114355e-05
-3.862088309e-05
-2.523958528e-05
-1.611831955e-05
-9.686997123e-06
-4.675595147e-06
-1.108740789e-06
8.905451912e-07
0.0001971077777
0.0001853756688
0.0001526799512
9.117609151e-05
-1.595172901e-05
-0.0001989429455
-0.0005006831504
-0.0009738693799
-0.001650763178
-0.002504774004
-0.003350668797
-0.003886722534
-0.00393848816
-0.003541386156
-0.002820070761
-0.001950783509
-0.001154333602
-0.0006344725882
-0.0003998007459
-0.0002721250226
-0.0001627565906
-8.712221167e-05
-5.199555176e-05
-3.60137375e-05
-2.500997836e-05
-1.680198886e-05
-1.224636371e-05
-9.856820317e-06
-8.558008183e-06
-7.568305511e-06
-6.173215064e-06
-4.456285322e-06
0.0002874377838
0.0002845852051
0.0002760284525
0.0002524218885
0.0001936342536
6.090967939e-05
-0.0002094867537
-0.0007160136436
-0.001544106202
-0.002714802453
-0.003921161048
-0.004654801554
-0.004688307524
-0.004120936458
-0.003124653487
-0.001934317721
-0.000882368774
-0.0003131438142
-0.0001673447108
-0.0001158646077
-4.330213393e-05
5.361267891e-06
1.566530434e-05
1.432271837e-05
1.487544845e-05
1.641802354e-05
1.624304712e-05
1.525634874e-05
1.424012233e-05
1.364028333e-05
1.214798516e-05
9.472287703e-06
0.0003786221455
0.0003868602482
0.000408004243
0.0004336904674
0.0004442497209
0.0003952942558
0.000199962151
-0.0003104417273
-0.001316639149
-0.002970273688
-0.004714884791
-0.005706574108
-0.005698952968
-0.004884766495
-0.003484400228
-0.001815527713
-0.0003996138137
0.0001778570071
0.000167146472
0.0001108891788
0.0001250755338
0.0001205720394
8.128025916e-05
4.657767742e-05
2.700066579e-05
1.531908551e-05
6.264464771e-06
-9.648773835e-07
-5.609422332e-06
-8.573984213e-06
-9.702639834e-06
-8.1415659e-06
0.0004608532625
0.0004809255043
0.000534677101
0.0006178707619
0.0007181856045
0.000794453517
0.0007407117779
0.0002881446137
-0.0009034857542
-0.003286751087
-0.005767954511
-0.007043045846
-0.006993657287
-0.005885679065
-0.003945839883
-0.001600619617
0.0002807625195
0.000729957656
0.0004657812042
0.0003086611784
0.0002997245269
0.0002654049547
0.0001974590371
0.0001424214402
0.0001097603151
8.662169844e-05
6.933031739e-05
5.570735087e-05
4.561377639e-05
3.826946039e-05
3.098376504e-05
2.204215835e-05
0.0005234446369
0.0005539986382
0.0006371641321
0.0007758190919
0.0009731619367
0.001207957205
0.001381229746
0.001107219937
-0.0002261315251
-0.003716761508
-0.007156664774
-0.008642512383
-0.008509359569
-0.007082743062
-0.004479962073
-0.001135964198
0.001439214829
0.00152427739
0.0008154084096
0.0004714226745
0.0003780084089
0.0002735826984
0.000165472447
9.676147653e-05
5.952333663e-05
3.473116827e-05
1.701638508e-05
5.258936879e-06
-2.20413225e-06
-7.442081108e-06
-1.027006006e-05
-9.695639175e-06
0.000557348562
0.0005940401423
0.0006949726543
0.0008690921964
0.00113452466
0.001499796214
0.001908119856
0.001966168172
0.0007716291388
-0.003847102827
-0.008335083967
-0.01004853158
-0.009899494838
-0.008332140281
-0.005346046367
-0.001141875837
0.002423045363
0.002222790915
0.001192124978
0.0008050148976
0.0006684748754
0.0004889545879
0.0003281303284
0.0002319090964
0.0001747603687
0.0001333509533
0.0001029031846
8.072765415e-05
6.546525962e-05
5.313994968e-05
4.227615057e-05
2.942472688e-05
0.0005569643887
0.0005936114268
0.0006944006028
0.0008682154358
0.001132889488
0.001496457428
0.001899604528
0.001948690734
0.0007320610839
-0.003858228343
-0.00832806384
-0.01004230197
-0.009895521573
-0.008336917162
-0.005374826986
-0.001215700145
0.002304153728
0.002072932335
0.001035005031
0.0006643846911
0.0005510797898
0.0003918332527
0.0002460841719
0.0001599724838
0.0001108644257
7.621479412e-05
5.091730873e-05
3.296165805e-05
2.077619992e-05
1.232291672e-05
5.808263351e-06
3.024305039e-06
0.0005223247662
0.0005527546878
0.0006355427476
0.0007734109487
0.0009690832513
0.001200569143
0.001367034216
0.001084699195
-0.0002588814504
-0.003721132255
-0.007157416246
-0.008652994088
-0.008523339085
-0.007104247382
-0.004521211649
-0.001202647089
0.001371915474
0.001473507599
0.0008362284476
0.0005493791047
0.0004586270449
0.0003439501728
0.0002256485296
0.000147636212
0.0001018427019
7.012771353e-05
4.679587107e-05
3.06274095e-05
1.954419771e-05
1.208943999e-05
5.336505113e-06
7.133865902e-07
0.0004590798267
0.0004789824303
0.0005322369681
0.0006144722002
0.000713014887
0.000786275821
0.00072751641
0.0002696113228
-0.0009275445396
-0.003299310056
-0.005776626904
-0.007054728686
-0.007006737064
-0.005904455311
-0.003976362733
-0.001644022722
0.0002395169701
0.0006926450501
0.0004511096519
0.0002941734368
0.0002651697474
0.000217255753
0.000146733179
9.400289748e-05
6.426057508e-05
4.425207104e-05
2.902420432e-05
1.792620722e-05
1.015773157e-05
4.687896694e-06
1.00764444e-06
-8.387895774e-07
0.0003763022485
0.0003843634549
0.0004049907746
0.0004297479376
0.0004387710127
0.0003874723126
0.0001887104997
-0.0003252057428
-0.001334353988
-0.002983256621
-0.004723883014
-0.005716877345
-0.00571198427
-0.004902681211
-0.003509536922
-0.001848143769
-0.0004328006982
0.0001426973333
0.0001469262066
0.0001063733342
0.0001289470171
0.0001304770233
9.770225193e-05
6.685717202e-05
4.792222216e-05
3.537861167e-05
2.443519901e-05
1.627662182e-05
9.940671251e-06
5.543988157e-06
2.111598491e-06
-5.278512664e-07
0.0002846888815
0.0002816644807
0.0002726291506
0.0002482017846
0.0001881664192
5.369285283e-05
-0.0002189952637
-0.0007277441364
-0.001557424881
-0.002726490411
-0.003930770087
-0.004665237841
-0.00470093704
-0.004136547522
-0.003144469453
-0.001958059055
-0.0009064153154
-0.0003364780044
-0.0001792860395
-0.0001175443226
-4.43195274e-05
2.904476102e-07
7.497745005e-06
3.522833269e-06
1.965804357e-06
1.684813976e-06
4.651492173e-07
-9.920083147e-07
-2.232851457e-06
-3.092689318e-06
-3.383874102e-06
-2.804935065e-06
0.0001940310863
0.0001821458401
0.0001490271746
8.682455496e-05
-2.129658459e-05
-0.0002055854368
-0.0005088850742
-0.0009835484112
-0.001661475961
-0.002515147163
-0.003360202346
-0.003896682493
-0.003949980513
-0.003554901305
-0.002836085209
-0.001968909046
-0.001172618198
-0.0006517670668
-0.0004113969418
-0.0002784849179
-0.000167616062
-9.165372731e-05
-5.405271645e-05
-3.593128522e-05
-2.279060835e-05
-1.345911197e-05
-7.44070331e-06
-4.438851341e-06
-2.626406055e-06
-1.15018957e-06
-1.679938431e-07
1.207433371e-07
0.0001126851155
9.418037459e-05
4.321562006e-05
-4.571425003e-05
-0.0001847936146
-0.0003959066367
-0.0007059231191
-0.001139605046
-0.001701013104
-0.002348978119
-0.002961069472
-0.00335777324
-0.003414500512
-0.003136899596
-0.002609650539
-0.001960543536
-0.001340247064
-0.0008791076517
-0.0006016649446
-0.0004234589149
-0.0002850726272
-0.0001857157931
-0.0001248065079
-8.697836012e-05
-6.038171398e-05
-4.138691736e-05
-2.846453857e-05
-1.996542639e-05
-1.38829726e-05
-9.589896829e-06
-6.071775091e-06
-3.288609029e-06
4.683834371e-05
2.379174948e-05
-3.933988952e-05
-0.0001457898507
-0.0003034078918
-0.0005273960109
-0.0008337564664
-0.001231257106
-0.001710321112
-0.002226920818
-0.002691726031
-0.002994214725
-0.003049933845
-0.002849055315
-0.00244555646
-0.001933450795
-0.001424698102
-0.001012508432
-0.0007227522166
-0.0005183007926
-0.0003618703218
-0.0002468870165
-0.0001693776659
-0.0001173892448
-8.064619943e-05
-5.467446698e-05
-3.655592174e-05
-2.41576776e-05
-1.538167109e-05
-9.180378667e-06
-4.470435557e-06
-1.395825444e-06
7.6928878e-07
-2.505506448e-05
-9.560514295e-05
-0.0002124032596
-0.0003801217969
-0.0006094650215
-0.0009099027759
-0.001281565139
-0.001709080353
-0.002147722624
-0.002527710867
-0.002768867284
-0.002819435301
-0.002668013473
-0.00234074242
-0.001911161375
-0.001471160074
-0.001094154134
-0.000804595846
-0.0005870032912
-0.0004199807585
-0.0002951881857
-0.0002069416396
-0.0001453204435
-0.0001016324443
-7.037098571e-05
-4.852355756e-05
-3.311334985e-05
-2.231903664e-05
-1.432826691e-05
-8.136947478e-06
-3.541609931e-06
-2.288726086e-05
-5.001724506e-05
-0.0001240494104
-0.000245600684
-0.0004176970913
-0.0006487866878
-0.0009453941275
-0.001303736571
-0.001707619955
-0.002108711784
-0.002452212549
-0.002669129541
-0.002703290501
-0.002577722215
-0.002288927742
-0.001898046687
-0.001489639662
-0.001129544161
-0.000841370718
-0.0006177886731
-0.0004455116625
-0.000315969934
-0.0002224897904
-0.0001561233572
-0.0001089346314
-7.498596332e-05
-5.145727971e-05
-3.484177799e-05
-2.319211447e-05
-1.449537073e-05
-7.838218396e-06
-3.00959492e-06
-1.820054673e-05
-4.501056672e-05
-0.0001182089005
-0.0002384683564
-0.0004089327259
-0.0006382671905
-0.0009334496712
-0.001291480451
-0.001696970731
-0.002102243526
-0.002451528227
-0.002672556239
-0.00270864076
-0.00257993333
-0.002285224367
-0.0018882422
-0.001475461259
-0.001114145478
-0.0008279892921
-0.0006078072355
-0.0004380188793
-0.000310154567
-0.0002181759488
-0.0001530097796
-0.0001066383352
-7.351323742e-05
-5.060446475e-05
-3.431296395e-05
-2.284293914e-05
-1.426800336e-05
-7.829446404e-06
-3.139961081e-06
5.634529555e-06
-1.979017776e-05
-8.928550128e-05
-0.0002044123364
-0.0003699425951
-0.0005968335184
-0.0008951643032
-0.001266275859
-0.00169614861
-0.002141365603
-0.002530595442
-0.002778616534
-0.002830982106
-0.002674558228
-0.002338928759
-0.001900467605
-0.001453789206
-0.001075008172
-0.0007891294921
-0.0005765389941
-0.0004123187287
-0.000289214418
-0.0002027360806
-0.000142541289
-9.9626376e-05
-6.878126238e-05
-4.722171763e-05
-3.201429321e-05
-2.127244411e-05
-1.316743851e-05
-7.015462963e-06
-2.519263437e-06
5.208155033e-05
2.961328805e-05
-3.196267632e-05
-0.0001358614764
-0.0002899563309
-0.0005097351983
-0.0008121708967
-0.001208350437
-0.001691561406
-0.002221022645
-0.00270421353
-0.003019305285
-0.003076731969
-0.002866493839
-0.002448182295
-0.001919773484
-0.00139788834
-0.0009820811224
-0.0007000200766
-0.0005044609217
-0.0003518733747
-0.0002390220077
-0.0001640821738
-0.0001143105812
-7.883783038e-05
-5.367376967e-05
-3.639834522e-05
-2.490485018e-05
-1.678577493e-05
-1.110913038e-05
-6.763574955e-06
-3.424744657e-06
0.0001185404602
0.0001009314533
5.242430056e-05
-3.230936685e-05
-0.0001652355259
-0.0003684640411
-0.0006704208506
-0.001100544379
-0.001669572239
-0.002344167551
-0.002994101363
-0.003414012602
-0.003472519917
-0.003177576253
-0.002622520221
-0.001942377408
-0.001297163476
-0.0008310909282
-0.0005702092414
-0.0004069569922
-0.0002733398613
-0.0001763658091
-0.000118638472
-8.266231075e-05
-5.630480757e-05
-3.696761467e-05
-2.391704014e-05
-1.526097003e-05
-8.937006669e-06
-4.330164286e-06
-1.090888167e-06
6.252576718e-07
0.0002007616565
0.0001902999189
0.0001611177649
0.0001059587653
8.871485952e-06
-0.0001601924416
-0.0004462983134
-0.0009113569966
-0.001601997642
-0.002513333355
-0.003437149064
-0.004016245298
-0.004066720232
-0.003638282723
-0.002864501116
-0.001931890641
-0.001083625711
-0.0005620956436
-0.000360521631
-0.0002544061467
-0.0001507454237
-7.994545948e-05
-5.011892263e-05
-3.712807958e-05
-2.699576016e-05
-1.90814845e-05
-1.479343272e-05
-1.251397671e-05
-1.110557948e-05
-9.935760386e-06
-8.377673275e-06
-6.240198548e-06
0.0002925349163
0.000291772952
0.0002889575898
0.000276244956
0.0002359219578
0.0001309335347
-0.0001047798001
-0.0005883695386
-0.001437009967
-0.002733880814
-0.004100300387
-0.004909878188
-0.004934540888
-0.004310951476
-0.00321599025
-0.001898476797
-0.0007367553374
-0.0001768031677
-9.92434886e-05
-8.089006403e-05
-1.416507478e-05
2.755611599e-05
2.928349809e-05
2.292694467e-05
2.064719906e-05
2.030230552e-05
1.768454847e-05
1.493187384e-05
1.268991471e-05
1.097361585e-05
8.892100285e-06
5.935053348e-06
0.000385509973
0.0003968353651
0.0004270291364
0.0004707372465
0.0005141517692
0.0005188596282
0.0003985189019
-5.126313123e-05
-0.001083326078
-0.003022763654
-0.005080459372
-0.006185346522
-0.006148135707
-0.005227492422
-0.003629114141
-0.001706165122
-9.072554731e-05
0.000425387515
0.0002695082024
0.0001516124437
0.0001504282083
0.0001297818588
7.983357501e-05
4.162463898e-05
2.159129393e-05
9.762278421e-06
8.710343412e-07
-5.931872061e-06
-1.019624289e-05
-1.280798254e-05
-1.351278773e-05
-1.12922161e-05
0.0004695582839
0.0004940767708
0.0005610810314
0.0006723706526
0.0008283183259
0.001004477814
0.00110508261
0.0008030886896
-0.0004036319478
-0.003449299883
-0.00651480365
-0.007945440487
-0.007832926961
-0.006523870707
-0.004188901598
-0.001305910599
0.0009356589952
0.001179928954
0.0006682691859
0.0004333214187
0.0003919248644
0.0003157409157
0.0002176193412
0.000148913544
0.0001084044227
7.895258303e-05
5.731228978e-05
4.092434572e-05
2.859650609e-05
1.974160186e-05
1.185504686e-05
4.756599774e-06
0.0005337023564
0.0005700210467
0.0006707509532
0.0008490831449
0.001132496687
0.001540287779
0.002017709934
0.002088875571
0.0008023266958
-0.004175697878
-0.008624996206
-0.01026945848
-0.01001564216
-0.008238797059
-0.004863226873
-0.000346265615
0.002871869298
0.002200034074
0.0009890069382
0.0005604445871
0.0004365241607
0.0002904028932
0.0001617326373
8.886593754e-05
5.074037391e-05
2.544650633e-05
8.013579506e-06
-3.272409878e-06
-1.02832745e-05
-1.489459892e-05
-1.690185927e-05
-1.483206421e-05
0.0005685236646
0.0006117919198
0.0007330689787
0.0009551290923
0.001331422647
0.001944663915
0.002856164963
0.003672728587
0.002642908577
-0.004778402904
-0.01078799782
-0.01253826316
-0.01216951977
-0.01014121271
-0.006072994495
4.06623951e-05
0.005417489792
0.003715531649
0.001631907696
0.001027212666
0.0007772942098
0.0005027770693
0.0003063242834
0.0001968407207
0.0001326279537
8.721076237e-05
5.590110023e-05
3.440090793e-05
2.087628508e-05
1.046700492e-05
2.797440773e-06
-3.649569549e-06
0.0005681514147
0.0006113768707
0.0007325100579
0.0009542463052
0.001329590074
0.001940236812
0.002842032466
0.003637001754
0.002567920348
-0.004763172977
-0.01076173561
-0.01253137191
-0.01216893649
-0.01014482508
-0.006111144466
-0.0001053847803
0.005209578271
0.003508007038
0.001397817747
0.000783815947
0.0005625073875
0.0003299296913
0.0001636903593
8.192246949e-05
4.127443722e-05
1.518970688e-05
-2.29508176e-06
-1.258058406e-05
-1.823186261e-05
-2.099107172e-05
-2.276250243e-05
-1.851097759e-05
0.0005326168647
0.0005688151052
0.0006691665769
0.0008466611552
0.001128084737
0.001531445374
0.001998663667
0.002054978293
0.0007476230225
-0.004171163279
-0.008626674014
-0.01028486711
-0.01003062494
-0.008265067783
-0.004924976765
-0.0004514988957
0.002783942436
0.002115768895
0.001019423707
0.0006848101294
0.0005857581662
0.0004330005795
0.0002926486956
0.0002094466274
0.000158574561
0.0001216338364
9.380816052e-05
7.344791284e-05
5.851118719e-05
4.713578751e-05
3.674518538e-05
2.59651299e-05
0.0004678377325
0.0004921914686
0.00055870595
0.0006690109041
0.000823006113
0.0009955752694
0.001089534409
0.0007794695554
-0.0004380092235
-0.003461245757
-0.006523101081
-0.007955464543
-0.007844767429
-0.006545238989
-0.004226782821
-0.001363370316
0.0008851160107
0.001130715979
0.000661773741
0.0004242078092
0.0003564463805
0.0002673395009
0.0001696171164
0.0001040716544
6.631337804e-05
4.141764408e-05
2.347390891e-05
1.129109136e-05
3.03108174e-06
-2.90961641e-06
-6.951957523e-06
-8.467436169e-06
0.0003832569447
0.0003944098672
0.0004241055169
0.000466892681
0.0005087114751
0.0005108416613
0.0003863790643
-6.798008436e-05
-0.001104689099
-0.003036178255
-0.005089044344
-0.006195536013
-0.006160985251
-0.005245805075
-0.00365548784
-0.001743020941
-0.0001275807756
0.000384298782
0.0002504819909
0.0001502979857
0.0001593202124
0.0001488383742
0.0001090440005
7.563217394e-05
5.787786045e-05
4.628299157e-05
3.668637645e-05
2.896937396e-05
2.379471731e-05
1.989249181e-05
1.633300279e-05
1.264165838e-05
0.0002898614543
0.0002889314501
0.0002856619429
0.0002721548151
0.0002305864094
0.0001237847779
-0.0001144584675
-0.0006006208646
-0.001451408614
-0.002745812358
-0.004109538904
-0.004920055256
-0.004946483903
-0.004326058099
-0.003235795898
-0.001923233729
-0.0007615285859
-0.0002018758933
-0.0001094347992
-8.008329462e-05
-1.442695342e-05
2.287857812e-05
2.251894519e-05
1.41561173e-05
1.059539177e-05
8.757212188e-06
6.44325281e-06
3.897875896e-06
2.0958883e-06
6.780368309e-07
-2.398787203e-07
-7.99307338e-07
0.0001977619596
0.0001871549824
0.0001575726652
0.0001017465049
3.694277671e-06
-0.0001666595589
-0.0004543785709
-0.0009210164921
-0.001612859087
-0.002523617147
-0.003446273833
-0.004025803908
-0.004077719501
-0.003651332709
-0.002880177746
-0.001949771607
-0.001101570319
-0.0005796116715
-0.0003715023377
-0.0002599359552
-0.0001554434484
-8.388002855e-05
-5.103916892e-05
-3.494693585e-05
-2.251454144e-05
-1.313020901e-05
-7.225274181e-06
-3.828046854e-06
-1.577498774e-06
4.400839261e-07
1.746558579e-06
2.26803572e-06
0.0001153020674
9.75667938e-05
4.871240386e-05
-3.658051336e-05
-0.0001702693124
-0.0003744544146
-0.0006775208971
-0.001108709933
-0.001678540583
-0.002353196869
-0.003002830299
-0.003423075459
-0.003482660289
-0.003189041324
-0.002635406912
-0.00195637897
-0.001311136537
-0.0008441807166
-0.0005796620882
-0.0004120837108
-0.0002766052941
-0.0001790262619
-0.0001205427323
-8.419401156e-05
-5.805800716e-05
-3.919512876e-05
-2.641496258e-05
-1.79610215e-05
-1.198939236e-05
-7.655916573e-06
-4.199892395e-06
-1.745096359e-06
4.867683881e-05
2.609725803e-05
-3.578275579e-05
-0.0001401603638
-0.0002948824337
-0.0005154135859
-0.000818681388
-0.001215655335
-0.001699499404
-0.002229242311
-0.0027125397
-0.003027982345
-0.003086174987
-0.002876840449
-0.002459382345
-0.001931535835
-0.00140942625
-0.0009926075862
-0.000708327722
-0.000510051531
-0.0003561611808
-0.0002427606866
-0.0001671396635
-0.000116380574
-8.022133335e-05
-5.447178358e-05
-3.651122268e-05
-2.424977723e-05
-1.561063904e-05
-9.384186161e-06
-4.517262092e-06
-1.321729704e-06
2.124977188e-06
-2.340065917e-05
-9.317063605e-05
-0.0002087239912
-0.000374799087
-0.0006023253805
-0.0009013414692
-0.001273109971
-0.001703540835
-0.002149110262
-0.002538617585
-0.002787019221
-0.002839964616
-0.002684214496
-0.002349131595
-0.001910938029
-0.001463905441
-0.001084195805
-0.0007967478928
-0.0005822870233
-0.0004167295784
-0.000292747631
-0.0002054283077
-0.0001444528319
-0.0001010541759
-6.987994387e-05
-4.813494218e-05
-3.275545776e-05
-2.199671862e-05
-1.394484206e-05
-7.733672045e-06
-3.13296801e-06
-2.176070976e-05
-4.866639958e-05
-0.0001221246593
-0.0002427850125
-0.0004137553729
-0.0006436720781
-0.0009394766687
-0.001298106138
-0.001704127829
-0.002109765548
-0.002459393001
-0.002680811351
-0.002717386176
-0.00258925906
-0.002294968596
-0.001898116294
-0.001484970769
-0.001122743122
-0.0008352846872
-0.0006135546549
-0.0004425113885
-0.0003137527071
-0.000221052013
-0.000155252711
-0.0001083777837
-7.46470858e-05
-5.140665418e-05
-3.48686996e-05
-2.322907354e-05
-1.451354355e-05
-7.835228939e-06
-2.964502349e-06
-1.723182971e-05
-4.383928482e-05
-0.0001165202887
-0.0002359743478
-0.0004054148271
-0.0006336726846
-0.0009281039427
-0.001286371467
-0.001693829365
-0.002103331279
-0.002458507601
-0.002683879938
-0.002722160998
-0.002591208887
-0.002291413874
-0.001888790297
-0.001471459019
-0.001108031578
-0.0008224914838
-0.000604027806
-0.0004353272466
-0.0003081508741
-0.0002168443791
-0.0001520688909
-0.0001061365468
-7.326323445e-05
-5.044308965e-05
-3.413653157e-05
-2.268229119e-05
-1.411026622e-05
-7.68535718e-06
-3.017200698e-06
6.814178734e-06
-1.833890535e-05
-8.712543213e-05
-0.0002011162894
-0.000365133513
-0.00059032772
-0.0008872830064
-0.001258395339
-0.001690879167
-0.002142645037
-0.002541101877
-0.002796146664
-0.002850859443
-0.002690435861
-0.002347520698
-0.001900847619
-0.001447347023
-0.001065851908
-0.0007820135551
-0.000572390069
-0.0004094331519
-0.0002870387402
-0.0002014374126
-0.0001418057796
-9.91419072e-05
-6.835416749e-05
-4.69312723e-05
-3.176025019e-05
-2.106213622e-05
-1.293166484e-05
-6.853900604e-06
-2.349241889e-06
5.370651051e-05
3.166638809e-05
-2.876101048e-05
-0.000130746583
-0.0002821347507
-0.0004986156832
-0.0007979592731
-0.001193308114
-0.00168067445
-0.002222714014
-0.00272435865
-0.003052116355
-0.003112355558
-0.002893957982
-0.002462285313
-0.00191835034
-0.001382958268
-0.0009623512431
-0.000685960808
-0.0004966669143
-0.0003463195911
-0.0002348322441
-0.0001615422954
-0.0001130040378
-7.7854382e-05
-5.289627875e-05
-3.578637867e-05
-2.442377311e-05
-1.629214916e-05
-1.05472995e-05
-6.174170696e-06
-2.810970211e-06
0.0001208859972
0.0001039856797
5.743443369e-05
-2.390341397e-05
-0.0001517133409
-0.000348187364
-0.0006429581044
-0.001069679591
-0.001645538623
-0.002346589483
-0.003034902714
-0.0034788319
-0.003540193809
-0.003230548073
-0.002650065907
-0.001939733639
-0.001268612547
-0.0007963251795
-0.0005490098804
-0.0003969798686
-0.0002661929474
-0.0001709828741
-0.0001153702203
-8.087658259e-05
-5.490544428e-05
-3.572154168e-05
-2.281947015e-05
-1.427430338e-05
-8.051171709e-06
-3.425418086e-06
-2.162319046e-07
1.504119637e-06
0.0002041451699
0.0001948620402
0.0001689867716
0.0001198517228
3.248808752e-05
-0.0001226377155
-0.0003920048383
-0.0008462112504
-0.00154673041
-0.002517556182
-0.003524002538
-0.004147765197
-0.004196352336
-0.003736833642
-0.002909393281
-0.001909701712
-0.001005062711
-0.0004847587076
-0.0003193770359
-0.0002346189529
-0.0001359070148
-6.960512628e-05
-4.457785472e-05
-3.436307226e-05
-2.482606776e-05
-1.705151368e-05
-1.290189102e-05
-1.054737728e-05
-8.880794246e-06
-7.430823241e-06
-5.75470497e-06
-3.906954912e-06
0.0002972502527
0.0002984644846
0.0003010730282
0.0002988075622
0.0002766913248
0.0002002931995
3.408723655e-06
-0.000448616109
-0.001307540635
-0.002745259046
-0.004289136896
-0.005178732168
-0.005198568228
-0.004522663332
-0.003324206388
-0.00186680939
-0.0005759360701
-3.435229107e-05
-3.867454591e-05
-5.56252579e-05
8.348779771e-06
4.514809827e-05
4.096025707e-05
3.076435621e-05
2.814443708e-05
2.707379661e-05
2.407833985e-05
2.079960652e-05
1.854913339e-05
1.682320123e-05
1.476227718e-05
1.090965457e-05
0.0003918877812
0.0004061532002
0.0004449587589
0.000506195431
0.0005828126629
0.0006450280464
0.0006136487758
0.0002526558963
-0.0007767763119
-0.003072355456
-0.005488860419
-0.006706060768
-0.006629529357
-0.005596956003
-0.003780477448
-0.00157343875
0.0002812138505
0.000706947203
0.0003820018859
0.0002018646278
0.0001847358234
0.0001462034146
8.658690937e-05
4.590052091e-05
2.587130955e-05
1.440360876e-05
6.263085465e-06
2.984912185e-08
-4.029749425e-06
-6.441544607e-06
-7.37164372e-06
-5.962809586e-06
0.0004776342723
0.0005063786956
0.0005861150385
0.0007251953943
0.0009393710869
0.001228763553
0.001526000957
0.00146280324
0.0003337584811
-0.003643726925
-0.00743286493
-0.009085235891
-0.008902595429
-0.007349617459
-0.004544774243
-0.0009736892356
0.001733779413
0.001614852332
0.0008112470424
0.0005529214963
0.0005015092042
0.000388728873
0.000266117358
0.0001893459546
0.000144043192
0.00011211792
8.856088153e-05
7.124196408e-05
5.806712766e-05
4.848014125e-05
3.891031693e-05
2.894638462e-05
0.0005432235707
0.0005850337713
0.0007026793274
0.0009208953378
0.001297357436
0.0019177939
0.002826106779
0.003502174639
0.002478586926
-0.004760332661
-0.01039528944
-0.01243112339
-0.01219842566
-0.0100722969
-0.005711685131
0.0006297519387
0.004895221038
0.003057522662
0.001154496006
0.0006450444206
0.0004956697936
0.0003200596397
0.0001786069142
0.0001042073282
6.4641625e-05
3.828021946e-05
1.977801391e-05
7.842288244e-06
-1.291759646e-07
-5.008278253e-06
-8.422561729e-06
-8.202736502e-06
0.0005788968998
0.0006284283178
0.0007693250418
0.001039587345
0.001537957245
0.002471518316
0.004187745633
0.006603891611
0.00609054881
-0.006411697836
-0.01407389743
-0.01620680981
-0.0159966006
-0.01384413791
-0.00855853163
0.0008270658899
0.008851014096
0.005291282044
0.002599895906
0.001614683914
0.001091213906
0.0007034672712
0.0004558690398
0.0003174253325
0.0002347062276
0.0001764643085
0.0001349718671
0.00010519404
8.377656818e-05
6.755301235e-05
5.270195332e-05
3.737252207e-05
0.0005785401971
0.0006280320352
0.0007687970874
0.001038735578
0.001536063885
0.002465746425
0.004165259253
0.006527293781
0.005918226312
-0.006330199529
-0.01399986816
-0.01617370946
-0.0160148912
-0.01389451088
-0.008686476596
0.0004205677246
0.008412494907
0.00481467387
0.002299907127
0.001434740263
0.0009474636184
0.0005785740595
0.0003503969237
0.0002266020106
0.0001547355779
0.00010499174
6.995979424e-05
4.603425795e-05
2.983108817e-05
1.822288508e-05
8.993994624e-06
3.825501298e-06
0.0005421820777
0.0005838812283
0.0007011718405
0.0009185480825
0.001292812427
0.001907337436
0.002800860827
0.003452005674
0.002382917846
-0.004752711956
-0.01041132006
-0.01244770223
-0.01220707782
-0.01009027224
-0.005792620863
0.000452250684
0.004747528395
0.003008263841
0.001269219423
0.0007628841376
0.000557051501
0.0003504840022
0.0002008938557
0.0001201206259
7.363378852e-05
4.334494514e-05
2.320640723e-05
1.042299102e-05
2.465102442e-06
-2.470024458e-06
-6.623707905e-06
-8.700761903e-06
0.0004759805498
0.0005045726013
0.0005838497793
0.0007219747883
0.0009341218407
0.001219441306
0.001508296247
0.001433128671
0.0002841172745
-0.003654214545
-0.007445105414
-0.009094724008
-0.008910108569
-0.007368389838
-0.004583618493
-0.001042675839
0.001692201609
0.001556190869
0.0007852667336
0.0004960099006
0.0004184637964
0.0003125180074
0.0002048775386
0.000136347423
9.606976228e-05
6.889697706e-05
4.909895565e-05
3.509398347e-05
2.500170323e-05
1.738107954e-05
1.117213453e-05
6.515588364e-06
0.0003897178866
0.0004038223487
0.0004421672254
0.0005025349834
0.0005775858836
0.0006371312736
0.0006010183861
0.0002341262584
-0.0008021576746
-0.003085304934
-0.005497912928
-0.006716908591
-0.00664272978
-0.005615803095
-0.003806904378
-0.001614068853
0.0002391874006
0.0006501988163
0.0003633289024
0.0002068165093
0.0001940585356
0.0001579710571
0.0001008768213
5.862992185e-05
3.559980861e-05
2.104587247e-05
1.000180117e-05
2.04032963e-06
-2.581060703e-06
-6.024418739e-06
-8.476995335e-06
-8.740840112e-06
0.0002946675227
0.0002957267584
0.0002979177767
0.0002949143106
0.0002716148165
0.0001934348897
-6.106897575e-06
-0.0004610213014
-0.001322763824
-0.002757005785
-0.00429783817
-0.005188779612
-0.005209958216
-0.004537210145
-0.003343351194
-0.001891657058
-0.0006009139286
-5.976601059e-05
-4.386204032e-05
-5.236964395e-05
2.964592828e-06
3.238605389e-05
2.611667377e-05
1.544772846e-05
1.15850181e-05
9.728803357e-06
7.533806139e-06
5.181325904e-06
3.66165923e-06
2.355259033e-06
1.341690757e-06
6.240289831e-07
0.0002012380385
0.0001918234798
0.0001655802539
0.0001158299063
2.756655197e-05
-0.0001287835146
-0.0003997405291
-0.0008555746521
-0.001557477635
-0.002527479011
-0.003532494181
-0.004156818118
-0.004206718196
-0.003749276392
-0.002924400479
-0.001926936665
-0.001022248305
-0.0005022802678
-0.000330130651
-0.0002401490064
-0.0001413051311
-7.424737781e-05
-4.672587038e-05
-3.385077665e-05
-2.318442825e-05
-1.535402557e-05
-1.049780059e-05
-8.170405902e-06
-6.437315159e-06
-5.245077972e-06
-4.133394553e-06
-3.24989189e-06
0.0001177400793
0.0001007243988
5.385401419e-05
-2.799830528e-05
-0.0001565129809
-0.0003538785494
-0.0006497039408
-0.001077462084
-0.001654144433
-0.002355195063
-0.003043086337
-0.003487329586
-0.003549745774
-0.003241306993
-0.002662188646
-0.001952911963
-0.001281711186
-0.0008088908802
-0.0005578492174
-0.0004011506678
-0.0002688805215
-0.0001737264589
-0.0001179633775
-8.342429479e-05
-5.78456539e-05
-3.931193118e-05
-2.665335482e-05
-1.834463039e-05
-1.231982914e-05
-8.017826585e-06
-4.580469171e-06
-2.144369709e-06
5.039207021e-05
2.824969576e-05
-3.245767535e-05
-0.0001348842006
-0.0002868507349
-0.0005040277697
-0.0008041478668
-0.001200246439
-0.001688221229
-0.002230517175
-0.002732214613
-0.003060274372
-0.003121246553
-0.002903667959
-0.002472785507
-0.001929359971
-0.001393720574
-0.0009722112066
-0.0006937433056
-0.000501813585
-0.0003504317591
-0.0002385633512
-0.0001646687068
-0.0001151196039
-7.960216962e-05
-5.40811629e-05
-3.651165257e-05
-2.448910136e-05
-1.619320511e-05
-1.010132016e-05
-5.41109474e-06
-2.25025918e-06
3.392534547e-06
-2.185358509e-05
-9.089376726e-05
-0.0002052784201
-0.0003697985969
-0.0005955798974
-0.0008931706311
-0.001264895482
-0.001697904206
-0.002149999002
-0.002548700319
-0.002804080983
-0.002859332386
-0.002699519935
-0.002357091059
-0.001910635616
-0.00145677655
-0.001074418783
-0.000789138668
-0.0005777633343
-0.00041356572
-0.0002903896512
-0.0002039831291
-0.0001437358404
-0.0001006483955
-6.961872007e-05
-4.805186024e-05
-3.275878302e-05
-2.205589559e-05
-1.401544912e-05
-7.817201251e-06
-3.249332241e-06
-2.070552091e-05
-4.740135522e-05
-0.000120322905
-0.0002401477985
-0.0004100560272
-0.0006388521959
-0.0009338596009
-0.001292683502
-0.001700637911
-0.002110481167
-0.002465972714
-0.002691696826
-0.002730423904
-0.002599996816
-0.002300566197
-0.001898039176
-0.00148032998
-0.001116052609
-0.0008293141333
-0.0006094241379
-0.0004395722274
-0.0003115939486
-0.0002196185222
-0.0001543646841
-0.0001077060581
-7.439024749e-05
-5.135671656e-05
-3.485143528e-05
-2.323035227e-05
-1.45895204e-05
-7.947866171e-06
-3.097554058e-06
-1.649878529e-05
-4.295158957e-05
-0.0001152363124
-0.0002340718952
-0.0004027223473
-0.0006301407623
-0.0009239680583
-0.00128237201
-0.001691298553
-0.002104023529
-0.002463829401
-0.002692611206
-0.002732572847
-0.00259994727
-0.002296221691
-0.001889206331
-0.001468295885
-0.001103194755
-0.0008181604112
-0.0006010593517
-0.0004332513305
-0.0003066591109
-0.000215913629
-0.0001514629949
-0.0001059075615
-7.321863618e-05
-5.04354993e-05
-3.420889432e-05
-2.280223937e-05
-1.42489262e-05
-7.838502933e-06
-3.158828595e-06
7.70853134e-06
-1.723687784e-05
-8.547953866e-05
-0.0001985958694
-0.0003614408007
-0.0005853037251
-0.0008811406155
-0.001252155633
-0.00168653419
-0.002143363236
-0.002549123746
-0.002809751675
-0.002866404643
-0.002702931084
-0.002354408254
-0.001901323655
-0.001442389997
-0.001058736934
-0.0007765138588
-0.0005691236693
-0.0004070567447
-0.000285201
-0.0002002762999
-0.0001411344379
-9.866567024e-05
-6.804537417e-05
-4.675688473e-05
-3.170233905e-05
-2.108885365e-05
-1.303681918e-05
-6.998988651e-06
-2.559093715e-06
5.49417135e-05
3.322955163e-05
-2.631403161e-05
-0.0001268209222
-0.0002760986169
-0.0004899646772
-0.0007867546942
-0.001181161408
-0.001671430923
-0.002223267207
-0.002739962213
-0.003078094372
-0.003140718077
-0.002915800093
-0.002473910728
-0.001917557146
-0.00137100532
-0.0009464642239
-0.000675099519
-0.000491156706
-0.0003429084227
-0.0002326311032
-0.0001607143867
-0.0001129362153
-7.808449835e-05
-5.328050841e-05
-3.639095583e-05
-2.506073202e-05
-1.698675491e-05
-1.126721736e-05
-6.828565333e-06
-3.44360219e-06
0.0001226739206
0.0001063161381
6.127669631e-05
-1.742295109e-05
-0.0001412091673
-0.000332252654
-0.0006209421843
-0.001044102902
-0.001624040473
-0.002346375107
-0.003067085745
-0.003531263868
-0.003596219871
-0.003274695008
-0.002674892816
-0.001940061026
-0.001246545695
-0.0007673414728
-0.0005299171038
-0.0003865672393
-0.0002585860265
-0.0001655716983
-0.0001122842427
-7.935741272e-05
-5.414469548e-05
-3.558476403e-05
-2.315662584e-05
-1.505420702e-05
-9.025771995e-06
-4.763424594e-06
-1.75437324e-06
5.112662772e-08
0.0002067332073
0.0001983487629
0.0001750431092
0.0001306203986
5.099315552e-05
-9.270734775e-05
-0.0003473877786
-0.0007900096831
-0.001494541942
-0.002516411602
-0.003594186326
-0.0042548099
-0.004305157593
-0.003823522501
-0.002952647338
-0.001894856734
-0.0009434196582
-0.000426421123
-0.0002933800298
-0.0002257193394
-0.0001307152913
-6.690881271e-05
-4.480090595e-05
-3.619489736e-05
-2.715641353e-05
-1.943560779e-05
-1.533433634e-05
-1.306368067e-05
-1.121599184e-05
-9.680624858e-06
-8.013536148e-06
-5.879842964e-06
0.0003008565194
0.0003036022496
0.0003104384679
0.0003164181402
0.0003090095271
0.0002566939426
9.540616242e-05
-0.0003204203659
-0.001174012463
-0.002746279871
-0.004454383296
-0.005414564081
-0.005432852557
-0.004721682173
-0.003441043777
-0.001845498223
-0.0004102999299
0.0001164528812
3.112074619e-05
-2.665276411e-05
2.687998861e-05
5.371345321e-05
4.304052087e-05
2.800228599e-05
2.258833705e-05
1.987420953e-05
1.601882892e-05
1.226643569e-05
9.391894255e-06
7.398689759e-06
5.362537804e-06
2.579688948e-06
0.0003967699647
0.0004133326584
0.0004588858559
0.0005341259759
0.0006381714984
0.0007508416812
0.0008063874348
0.0005527777526
-0.0004249281347
-0.00308840394
-0.005854199943
-0.0072100719
-0.007117608913
-0.005984422843
-0.00397968904
-0.00155004517
0.0005990291121
0.000940918809
0.00046332978
0.0002368620321
0.0002074016776
0.000155237721
8.553694368e-05
4.156640795e-05
2.153318581e-05
1.010138313e-05
2.082086295e-06
-3.822363662e-06
-7.665015181e-06
-1.000474434e-05
-1.082304589e-05
-9.140956659e-06
0.0004838290808
0.0005158752001
0.0006056289959
0.0007672386301
0.001030730604
0.001426631188
0.001936075857
0.002205792967
0.001224413206
-0.003788912155
-0.008276719462
-0.01024729891
-0.01007565036
-0.008262981502
-0.004890937613
-0.0005658486097
0.002740108367
0.002116582057
0.0008732032114
0.0005769452441
0.0005073602302
0.0003628331706
0.0002230115232
0.0001431397356
9.658517118e-05
6.397006265e-05
4.094494888e-05
2.479359408e-05
1.353812273e-05
5.729226234e-06
-9.18483735e-07
-4.633181433e-06
0.0005505283497
0.0005966342136
0.0007276294071
0.0009781986416
0.001434984738
0.00226680926
0.00372303659
0.005487325738
0.004801523057
-0.003273107372
-0.009598143013
-0.0126057982
-0.01298059478
-0.01126208319
-0.007240157071
0.001764719699
0.007094895322
0.004159798292
0.001371489938
0.000740612958
0.000529647523
0.0003229859677
0.0001794250599
0.0001082377664
6.878053901e-05
4.179594094e-05
2.321529272e-05
1.109868212e-05
2.866666894e-06
-2.324101474e-06
-6.169037452e-06
-6.157269245e-06
0.0005868602971
0.0006413153038
0.0007976477447
0.001107302078
0.001708563661
0.002963556901
0.005752352554
0.007796940555
0.01019057268
-0.005371998178
-0.01448723012
-0.01848297412
-0.0186407741
-0.01664226135
-0.01140383235
-0.0003907128096
0.01205534472
0.004973901083
0.003049374216
0.001783594665
0.0009718455691
0.0005120876497
0.0002640223843
0.000137152552
7.019825861e-05
3.084863887e-05
6.537884281e-06
-7.735562227e-06
-1.676560963e-05
-2.112690664e-05
-2.534553747e-05
-2.476282448e-05
0.0005865224146
0.0006409434483
0.000797163272
0.001106545936
0.001706862556
0.002957519105
0.005721304453
0.009545382644
0.01536624966
-0.007636515717
-0.01725043037
-0.01973187746
-0.01948645428
-0.01749798492
-0.01275893167
-0.002135908845
0.0166996149
0.003720979286
0.0019238087
0.001262878008
0.0007294912093
0.0003937493509
0.0002197539233
0.0001322840743
8.460594151e-05
5.382220833e-05
3.31300212e-05
1.990058969e-05
1.117477292e-05
5.462641207e-06
7.009268166e-08
-3.046576642e-07
0.0005495394184
0.0005955506886
0.0007262375253
0.0009760883537
0.00143078496
0.002256251066
0.003689288897
0.00540096943
0.004683075252
-0.003870644109
-0.01238476706
-0.01558508084
-0.01575135842
-0.01367116299
-0.008757488534
0.001539473404
0.006619104047
0.004057648884
0.001958188654
0.001261388688
0.0008633999793
0.0005604671122
0.0003618895619
0.0002465503322
0.0001751141463
0.0001263911137
9.219350744e-05
6.839584005e-05
5.153437281e-05
3.938265631e-05
2.909675443e-05
1.834952387e-05
0.0004822543954
0.0005141686135
0.0006035254075
0.0007642915917
0.00102596743
0.001417742255
0.00191820794
0.002169797866
0.001159179042
-0.003790123169
-0.008293593462
-0.010264109
-0.01009427156
-0.008292793984
-0.004942720917
-0.0006538079301
0.002735442689
0.002149003308
0.0009284535732
0.0005281126882
0.0004231919924
0.0002966268627
0.0001802663681
0.0001119896878
7.484638019e-05
5.07280159e-05
3.347733519e-05
2.161346042e-05
1.360337141e-05
7.792182057e-06
3.146840907e-06
-2.631183098e-07
0.0003946964118
0.0004111188508
0.0004562713573
0.0005307524463
0.0006334175644
0.0007436468628
0.0007945729485
0.0005337023353
-0.0004541535122
-0.003099599044
-0.00586213463
-0.007219555144
-0.007127635953
-0.005999157973
-0.004002069817
-0.001584900189
0.000573216344
0.0008653373137
0.0004417241366
0.0002620146379
0.0002508426306
0.0002033649082
0.0001366039361
9.122637512e-05
6.650814965e-05
5.043501695e-05
3.780825799e-05
2.870656952e-05
2.288009472e-05
1.857581382e-05
1.49967537e-05
1.140357624e-05
0.0002983781857
0.000300988659
0.0003074598011
0.0003127944743
0.0003043514704
0.0002504533786
8.671216221e-05
-0.0003320878258
-0.001189280729
-0.002757257703
-0.004461745145
-0.005423087838
-0.005442861081
-0.004734524056
-0.003459001717
-0.00186821206
-0.0004339382658
9.008516933e-05
3.368439685e-05
-1.19232369e-05
3.032337361e-05
4.897510488e-05
3.545797006e-05
2.14791573e-05
1.627699515e-05
1.359858048e-05
1.09341137e-05
8.210412724e-06
6.534286735e-06
5.118670411e-06
3.804452566e-06
2.462292933e-06
0.0002039327222
0.0001954334773
0.0001718035566
0.0001268403302
4.642484801e-05
-9.835129159e-05
-0.0003544512063
-0.000798587439
-0.0015046241
-0.0025256462
-0.00360184852
-0.004262990609
-0.004314497516
-0.003834554658
-0.002965884418
-0.001909952818
-0.000957787414
-0.0004417426747
-0.0003024308823
-0.0002302643947
-0.0001338382189
-6.826601666e-05
-4.277359342e-05
-3.128864265e-05
-2.055270635e-05
-1.248485689e-05
-7.098304347e-06
-4.272173734e-06
-2.275418239e-06
-8.342311321e-07
4.368162321e-07
1.180503331e-06
0.0001196330846
0.0001031733895
5.785048954e-05
-2.130470953e-05
-0.0001457124668
-0.000337540573
-0.0006271624538
-0.001051252564
-0.00163198659
-0.002354336364
-0.003074604665
-0.003539012255
-0.003604937634
-0.003284347493
-0.002685770683
-0.001951772995
-0.001258003769
-0.0007784383935
-0.0005380072935
-0.0003899646566
-0.0002602264614
-0.0001670514235
-0.0001136942644
-8.049925564e-05
-5.537187594e-05
-3.701754137e-05
-2.452542971e-05
-1.630742399e-05
-1.039508698e-05
-6.05035921e-06
-2.646287467e-06
-5.480984348e-07
5.172916924e-05
2.992573711e-05
-2.986858337e-05
-0.0001307694458
-0.0002805619061
-0.0004950455483
-0.000792524419
-0.001187599748
-0.001678426897
-0.002230510615
-0.002747245161
-0.003085638074
-0.003148921973
-0.002924699794
-0.002483467644
-0.001927503439
-0.001380585104
-0.0009552180119
-0.0006820424686
-0.0004958322796
-0.0003465737454
-0.0002359412321
-0.0001632033775
-0.0001145593017
-7.91398103e-05
-5.3781891e-05
-3.629563794e-05
-2.439370088e-05
-1.596535188e-05
-9.797431359e-06
-5.011899597e-06
-1.783936014e-06
4.385721541e-06
-2.064337783e-05
-8.911487484e-05
-0.0002025858345
-0.0003658822759
-0.0005902707567
-0.000886675921
-0.001258240311
-0.001693094991
-0.002150231979
-0.002556219928
-0.002817146474
-0.002874277975
-0.002711329461
-0.002363197994
-0.001910250875
-0.001450926326
-0.001066444891
-0.0007829792506
-0.0005740626116
-0.0004108815256
-0.0002882642069
-0.0002025922603
-0.0001428394499
-9.997802279e-05
-6.907918478e-05
-4.761165679e-05
-3.233942657e-05
-2.161874928e-05
-1.351773124e-05
-7.332094514e-06
-2.778251717e-06
-1.987544576e-05
-4.640810133e-05
-0.0001189107686
-0.0002380818544
-0.0004071543911
-0.0006350574585
-0.0009294029626
-0.001288308676
-0.001697685495
-0.002110728733
-0.002470824679
-0.002699924962
-0.002740281489
-0.002608106286
-0.002304673211
-0.001897696812
-0.00147639475
-0.001110491406
-0.0008243930621
-0.0006060464703
-0.0004372151588
-0.0003098872442
-0.0002185082922
-0.0001535867337
-0.0001073417359
-7.429846527e-05
-5.131314001e-05
-3.479088046e-05
-2.317845679e-05
-1.449971216e-05
-7.844494579e-06
-2.994765041e-06
-1.611475058e-05
-4.248664147e-05
-0.0001145590174
-0.0002330616441
-0.0004012846329
-0.0006282442725
-0.0009217319902
-0.001280185234
-0.001689873611
-0.002104305941
-0.002466631361
-0.002697250923
-0.002738126358
-0.002604595384
-0.00229870579
-0.00188928611
-0.00146640247
-0.001100380181
-0.0008156272928
-0.0005992544591
-0.0004319430569
-0.0003056999688
-0.0002152895093
-0.000150989865
-0.00010565048
-7.302189311e-05
-5.031367959e-05
-3.401048662e-05
-2.262612658e-05
-1.407373239e-05
-7.646578561e-06
-2.969782851e-06
8.179844719e-06
-1.665673821e-05
-8.460746725e-05
-0.0001972521046
-0.0003594612561
-0.0005825948316
-0.0008778020967
-0.001248718867
-0.001684055491
-0.002143590366
-0.002553385228
-0.002817017829
-0.002874793193
-0.002709662477
-0.00235807465
-0.001901483343
-0.00143957261
-0.001054806857
-0.0007735427153
-0.0005673030361
-0.000405661371
-0.0002840551731
-0.0001994636942
-0.0001405760607
-9.821294414e-05
-6.766603036e-05
-4.649467505e-05
-3.145558225e-05
-2.086724568e-05
-1.281449086e-05
-6.82015684e-06
-2.383416255e-06
5.559778236e-05
3.405784914e-05
-2.501001745e-05
-0.0001247170089
-0.0002728453689
-0.0004852711791
-0.0007806139587
-0.00117438306
-0.001666009872
-0.002223148827
-0.002748365272
-0.003092318838
-0.003156355192
-0.002927390327
-0.002479895265
-0.001916504329
-0.001363300273
-0.0009365136719
-0.0006681358571
-0.0004872970483
-0.0003403806465
-0.000230937108
-0.0001596397173
-0.0001121685861
-7.734958287e-05
-5.257157269e-05
-3.564377814e-05
-2.430363662e-05
-1.614046331e-05
-1.0259644e-05
-5.807267032e-06
-2.503403244e-06
0.0001236304586
0.0001075579662
6.333533659e-05
-1.393186527e-05
-0.0001355137175
-0.0003235399166
-0.0006087269712
-0.00102954515
-0.001610943167
-0.002344931822
-0.003084497547
-0.003559698752
-0.003628923466
-0.003299341301
-0.002689825745
-0.001942052735
-0.001236352179
-0.0007527040395
-0.0005197984675
-0.0003796439544
-0.0002529064135
-0.0001611176964
-0.0001094353383
-7.73315752e-05
-5.254079903e-05
-3.41611638e-05
-2.202989372e-05
-1.391800611e-05
-8.032147262e-06
-3.610434629e-06
-5.70238875e-07
1.077116732e-06
0.0002081265828
0.0002002152147
0.0001783036062
0.0001364512685
6.109840201e-05
-7.619053947e-05
-0.0003221647014
-0.000756690256
-0.001460819816
-0.002514161671
-0.003633959723
-0.004310594563
-0.004361642083
-0.003865009868
-0.002971224941
-0.001872809392
-0.0008984391052
-0.000390071381
-0.0002770172288
-0.0002189478148
-0.0001260019706
-6.278139527e-05
-4.118406651e-05
-3.271925373e-05
-2.338540858e-05
-1.549249054e-05
-1.145249546e-05
-9.069857135e-06
-7.099071661e-06
-5.28053842e-06
-3.720004316e-06
-1.967027274e-06
0.0003028082572
0.0003063648082
0.0003155057308
0.0003260024022
0.0003268362907
0.0002882118122
0.0001486574335
-0.0002401830018
-0.001076552842
-0.002741718208
-0.004563687851
-0.005563798017
-0.005585428186
-0.004842556556
-0.003557515743
-0.001866623519
-0.0003083538579
0.0002154430742
9.156965843e-05
1.254098392e-05
5.28072041e-05
7.063086421e-05
5.409077977e-05
3.752658042e-05
3.116781146e-05
2.758067599e-05
2.355763224e-05
1.966343236e-05
1.680947007e-05
1.477230634e-05
1.250118939e-05
9.157896197e-06
0.0003994227635
0.0004172092626
0.0004664514555
0.0005494347803
0.0006690727441
0.0008113910376
0.0009256113515
0.0007548889573
-0.0001723518451
-0.003083068796
-0.005944675474
-0.007399873417
-0.007314375865
-0.00608325287
-0.0039499626
-0.001622941421
0.0007535665803
0.001047930826
0.0004933624873
0.0002597622591
0.0002317562834
0.0001745279246
0.0001010050288
5.607308802e-05
3.523465755e-05
2.309473135e-05
1.498982514e-05
8.850609415e-06
4.544626461e-06
1.860557199e-06
8.54356462e-08
-1.286978553e-07
0.0004872075037
0.0005210038712
0.0006163211181
0.0007901680783
0.001083013692
0.001539012619
0.002225335951
0.002839359928
0.001879197476
-0.002869402234
-0.007319593129
-0.009726068444
-0.01004916306
-0.008753663556
-0.005871800701
6.56368951e-05
0.003572111967
0.002699926119
0.001120734538
0.0007211229375
0.0006008732277
0.000431856378
0.0002822257004
0.0001955895446
0.000144654067
0.0001087960966
8.293460595e-05
6.400772474e-05
5.056199438e-05
4.045197703e-05
3.162649455e-05
2.257419303e-05
0.0005545217616
0.0006029487049
0.0007412301959
0.001010065657
0.001510848994
0.002472541323
0.004328566266
0.005089512967
0.005762666885
-0.003099822462
-0.01119319515
-0.01533807657
-0.01567547647
-0.01371859015
-0.00876890058
-0.0005340252512
0.00664878588
0.004942788371
0.00157085514
0.0009043078296
0.0006040097621
0.000348421566
0.0001921240632
0.0001151202775
7.356798955e-05
4.630211013e-05
2.770167127e-05
1.563221894e-05
7.282840152e-06
2.099101971e-06
-2.493225968e-06
-5.358143292e-06
0.0005912459669
0.0006483083729
0.0008133279754
0.001145265132
0.001807933583
0.003218783551
0.005116103195
0.01230032649
0.02210496339
-0.005818173426
-0.01784558349
-0.02416760105
-0.02602179308
-0.02465688947
-0.01788351302
0.001931857805
0.02189576008
0.006128763371
0.003847108327
0.002270831661
0.001360825123
0.0008255066904
0.000525605147
0.0003537802138
0.0002503556622
0.0001824628116
0.0001364948272
0.0001039498999
7.992139275e-05
6.233580042e-05
4.719959913e-05
3.559821985e-05
0.0005909299125
0.0006479624767
0.0008129032732
0.001144594694
0.001806720455
0.003214416151
0.005720009136
0.01633738128
0.04209501152
-0.01934027165
-0.02633397143
-0.0279143261
-0.02862876866
-0.02722170709
-0.02516926185
-0.01366390416
0.0412405285
0.008093210503
0.002651588892
0.001563467825
0.0008903451146
0.0004869327084
0.0002740375676
0.0001599097181
9.483448963e-05
5.385730153e-05
2.711512278e-05
9.876249006e-06
-1.880682754e-06
-8.693743356e-06
-1.707493071e-05
-1.024182873e-05
0.0005535930304
0.000601943708
0.0007399890813
0.001008287105
0.001507694362
0.002465113278
0.004304315941
0.008094518807
0.01199188628
-0.003643314813
-0.01488746895
-0.01985117657
-0.01997706412
-0.01730311221
-0.01043657461
0.001027576715
0.0117406787
0.003660245366
0.001665370099
0.001034468398
0.0006468662466
0.0003686538098
0.0002010752637
0.0001129250365
6.402148045e-05
3.356705638e-05
1.414293093e-05
2.201733158e-06
-5.047029088e-06
-9.298545729e-06
-1.233831811e-05
-1.252944832e-05
0.0004857221162
0.0005194132123
0.0006144185817
0.0007876342224
0.001079165021
0.001532406567
0.002211602854
0.002807933746
0.001814337782
-0.002291956675
-0.008612432844
-0.01160786514
-0.01191416682
-0.01022810139
-0.006572353039
-5.197451634e-05
0.00346167205
0.002617470376
0.001162722706
0.0006870755137
0.0005367046055
0.0003709256721
0.0002303694743
0.0001490946481
0.0001021651533
7.09165502e-05
4.889589995e-05
3.322463932e-05
2.216522599e-05
1.404061452e-05
7.509530127e-06
2.419576541e-06
0.0003974567362
0.0004151295107
0.0004640508
0.0005464438059
0.0006650382147
0.0008056299907
0.000916448076
0.0007410251141
-0.0001977555952
-0.003097135383
-0.005957415308
-0.007413669583
-0.007329328059
-0.006100638003
-0.003974895732
-0.001662435875
0.0007473115122
0.0009827478363
0.000440149884
0.0002315532994
0.0002141881911
0.000158631541
8.756074165e-05
4.372695618e-05
2.173433824e-05
8.228524318e-06
-1.020045473e-06
-7.579352749e-06
-1.150243671e-05
-1.386826379e-05
-1.515645986e-05
-1.376266381e-05
0.0003004454503
0.0003038903477
0.0003127325266
0.000322711888
0.0003227388041
0.0002829351828
0.0001416030292
-0.0002492938644
-0.001089072346
-0.002751592533
-0.004570973719
-0.005571498024
-0.005595423856
-0.00485247967
-0.00357320905
-0.001884966212
-0.0003236087308
0.0001910570795
8.163591559e-05
1.15925111e-05
4.810719527e-05
6.113855865e-05
4.337261269e-05
2.719027261e-05
2.077185791e-05
1.702107725e-05
1.325988049e-05
9.743523844e-06
7.312791037e-06
5.498837384e-06
3.747523646e-06
2.041017126e-06
0.0002054433137
0.0001974354941
0.0001752529729
0.0001329553692
5.696743342e-05
-8.116174507e-05
-0.0003282126817
-0.0007638410376
-0.001469102269
-0.002522020595
-0.003640926471
-0.004318113003
-0.004370502516
-0.003875136955
-0.002983231615
-0.001886167635
-0.0009109691749
-0.0004017254161
-0.0002855034548
-0.0002255418994
-0.0001321105247
-6.864411879e-05
-4.6057001e-05
-3.65668394e-05
-2.698459524e-05
-1.943100646e-05
-1.493322661e-05
-1.252678821e-05
-1.072069955e-05
-9.326699352e-06
-7.809171622e-06
-5.959871485e-06
0.0001207040501
0.0001045443187
6.008014047e-05
-1.757155221e-05
-0.0001396695542
-0.0003283342118
-0.0006142610288
-0.001035797779
-0.001617805745
-0.002351891719
-0.003091253421
-0.003566735429
-0.003636843757
-0.003308025404
-0.002699361998
-0.001952188866
-0.001245982118
-0.0007611988876
-0.0005265486211
-0.0003839565603
-0.0002559580544
-0.000164074262
-0.0001122197055
-7.987956148e-05
-5.502120227e-05
-3.682400873e-05
-2.458198144e-05
-1.654325616e-05
-1.065920838e-05
-6.331729052e-06
-2.979681449e-06
-1.056559153e-06
5.24954965e-05
3.087610481e-05
-2.840919211e-05
-0.0001284556446
-0.0002770227508
-0.0004899680679
-0.0007858814043
-0.001180199239
-0.001672282543
-0.002229657637
-0.002754975129
-0.003099188267
-0.003163804618
-0.00293545174
-0.002488432386
-0.001925272896
-0.001371660282
-0.0009439165405
-0.0006742599355
-0.0004918721157
-0.0003440495249
-0.0002342005666
-0.0001623835146
-0.0001144452094
-7.928352644e-05
-5.420866404e-05
-3.706298801e-05
-2.542977294e-05
-1.717593958e-05
-1.117492046e-05
-6.555015299e-06
-3.205269467e-06
4.963550523e-06
-1.994682512e-05
-8.80986664e-05
-0.0002010536488
-0.0003636551694
-0.0005872417966
-0.0008829349969
-0.001254320669
-0.001690065534
-0.002149883027
-0.002559906012
-0.002823821822
-0.002882003519
-0.002717313122
-0.002366009774
-0.001909460408
-0.001447125999
-0.001061543888
-0.0007792486366
-0.0005718430921
-0.0004092848702
-0.0002870305857
-0.0002018556275
-0.0001424637545
-9.975824577e-05
-6.898535753e-05
-4.761172798e-05
-3.239996314e-05
-2.171215339e-05
-1.361354194e-05
-7.465353621e-06
-2.92133443e-06
-1.938704815e-05
-4.582983685e-05
-0.0001180951654
-0.0002368938851
-0.0004054875109
-0.0006328704129
-0.0009268085393
-0.001285698467
-0.001695780144
-0.00211050629
-0.002473101186
-0.002704014418
-0.002745225495
-0.002612060419
-0.002306385142
-0.001896933494
-0.001473649764
-0.001106870388
-0.0008212106926
-0.0006038406379
-0.0004356807837
-0.0003087718504
-0.000217772388
-0.0001529895937
-0.0001071665997
-7.429088791e-05
-5.133872326e-05
-3.486043511e-05
-2.333227953e-05
-1.465668857e-05
-8.039825634e-06
-3.197405914e-06
-1.614532372e-05
-4.251896125e-05
-0.0001145963009
-0.0002331058134
-0.0004013353169
-0.0006282979171
-0.0009217804529
-0.001280213836
-0.001689860307
-0.002104228435
-0.00246646212
-0.002697005424
-0.002737846129
-0.002604277543
-0.002298374852
-0.00188897763
-0.001466142806
-0.00110018547
-0.0008154774502
-0.0005990703043
-0.000431773226
-0.0003055886222
-0.000215227782
-0.0001509787375
-0.00010562512
-7.302225343e-05
-5.034416074e-05
-3.40365675e-05
-2.267983542e-05
-1.417660214e-05
-7.784512083e-06
-3.096389108e-06
8.147735513e-06
-1.669107843e-05
-8.464823953e-05
-0.0001973023052
-0.0003595218474
-0.000582663491
-0.0008778718877
-0.001248773019
-0.001684069282
-0.002143524927
-0.002553203201
-0.002816740346
-0.002874480806
-0.002709309149
-0.002357705652
-0.001901151446
-0.001439284072
-0.001054636303
-0.0007734273119
-0.0005671073181
-0.0004055057151
-0.0002839650296
-0.0001993883211
-0.0001405018793
-9.82147464e-05
-6.775382342e-05
-4.666338546e-05
-3.166216805e-05
-2.112922723e-05
-1.315536798e-05
-7.214325905e-06
-2.769235308e-06
5.556282249e-05
3.401963643e-05
-2.505780673e-05
-0.0001247798356
-0.0002729276978
-0.0004853744682
-0.0007807363924
-0.001174504245
-0.001666103173
-0.002223131929
-0.002748154344
-0.003091982911
-0.003156009985
-0.002926960665
-0.002479459684
-0.001916128847
-0.001362979918
-0.0009365035424
-0.0006681611779
-0.0004869759383
-0.0003403495652
-0.0002311906178
-0.0001599633428
-0.0001124054376
-7.761145597e-05
-5.284876656e-05
-3.600076615e-05
-2.462665615e-05
-1.654312971e-05
-1.066161367e-05
-6.21906144e-06
-2.880620784e-06
0.0001235918241
0.0001075144519
6.327703e-05
-1.401497846e-05
-0.0001356339431
-0.0003237080672
-0.0006089605421
-0.001029819955
-0.001611267121
-0.002345071256
-0.00308427029
-0.003559321815
-0.003628640523
-0.003298734024
-0.002689301203
-0.001941580586
-0.001235716791
-0.0007531517448
-0.0005205136121
-0.0003793417041
-0.0002525027909
-0.0001610976855
-0.0001098057386
-7.806648345e-05
-5.36063982e-05
-3.562766059e-05
-2.362375203e-05
-1.571327996e-05
-9.953536458e-06
-5.840344971e-06
-2.726912945e-06
-9.014159371e-07
0.0002080842861
0.0002001657385
0.000178231664
0.0001363390177
6.091633744e-05
-7.64752302e-05
-0.0003226323696
-0.0007573288967
-0.001461885926
-0.002514756594
-0.003633773045
-0.004310456239
-0.004361593377
-0.003864468953
-0.002971007909
-0.001872812013
-0.0008975219058
-0.0003920742936
-0.0002786367658
-0.0002207398775
-0.0001287337043
-6.540582975e-05
-4.32117665e-05
-3.407920913e-05
-2.484770659e-05
-1.740337761e-05
-1.323445523e-05
-1.076001093e-05
-8.889054781e-06
-7.362637301e-06
-5.981286496e-06
-4.333590961e-06
0.0003027639107
0.0003063097837
0.0003154182513
0.0003258514901
0.0003265577966
0.0002877165894
0.000147665304
-0.0002417520144
-0.0010804638
-0.002743578836
-0.004563779091
-0.0055638804
-0.005585722493
-0.004840310563
-0.003557269473
-0.00186589551
-0.0003050083537
0.0002005953304
8.93511195e-05
1.751680385e-05
5.178411894e-05
6.461018776e-05
4.532981716e-05
2.853336484e-05
2.174739197e-05
1.767125555e-05
1.34909893e-05
9.541171388e-06
6.785253731e-06
4.765262646e-06
2.838096109e-06
1.055711522e-06
0.0003993792068
0.0004171523475
0.0004663492901
0.0005492391453
0.0006686424872
0.0008105382024
0.0009232987584
0.0007504752752
-0.0001867650992
-0.003087301834
-0.005949971667
-0.007405618732
-0.007318265377
-0.006084658319
-0.003952831632
-0.00163105213
0.0007832053016
0.0009939978672
0.0004475362858
0.0002397867226
0.0002250790621
0.0001719720145
9.988661764e-05
5.420061912e-05
3.162881526e-05
1.833850196e-05
9.013941461e-06
1.901582561e-06
-2.675497511e-06
-5.551926319e-06
-7.308229394e-06
-6.749763863e-06
0.0004871701961
0.0005209514801
0.0006162149055
0.0007899272295
0.001082391353
0.001537327322
0.002219935464
0.002821140612
0.001828891833
-0.003088262065
-0.007361667704
-0.009873812923
-0.01035500059
-0.009106220036
-0.006085810442
8.333383607e-06
0.003516614385
0.002652003039
0.00118947035
0.0006836241898
0.0005244053067
0.0003587082829
0.000217870765
0.0001364539592
9.100041835e-05
6.05268125e-05
3.872162564e-05
2.330599011e-05
1.274575785e-05
5.064469753e-06
-8.688413841e-07
-4.757356436e-06
0.0005544974705
0.0006029118566
0.0007411432134
0.001009842143
0.00151009081
0.002469698144
0.00431353108
0.005475330743
0.006941222678
-0.002430103086
-0.01131100165
-0.01639691241
-0.01673615673
-0.01459203973
-0.008982391763
-0.0007505259687
0.007323527763
0.003671542169
0.001863271519
0.001182993877
0.0007662668044
0.0004516919111
0.0002595935488
0.0001587989513
0.0001028434755
6.632144823e-05
4.18442508e-05
2.584070269e-05
1.532050904e-05
8.079836313e-06
2.439147143e-06
-7.927287164e-07
0.0005912412321
0.0006482954425
0.000813293401
0.001145123809
0.001807480041
0.003216159299
0.005359664266
0.01369934604
0.02487403354
-0.01393567851
-0.02669506238
-0.01239912215
-0.006133476921
0.02826790412
0.009373985445
0.002253511198
0.001324269072
0.0007753097724
0.0004135816034
0.0002247482493
0.0001267655196
7.175115914e-05
3.718015822e-05
1.573662132e-05
3.273658429e-06
-4.265684217e-06
-8.172519247e-06
-1.250470219e-05
-7.88636568e-06
0.0005909473001
0.0006479815238
0.0008129203913
0.001144624328
0.001806728439
0.0032150689
0.006100603581
0.01882055709
0.1487281182
0.1377749234
0.009839461666
0.003703591669
0.002170544244
0.001280235267
0.0007640690521
0.0004793071053
0.0003160284531
0.0002164574344
0.0001513081934
0.0001074365297
7.752366035e-05
5.661332619e-05
4.182248294e-05
2.974077878e-05
2.263035572e-05
0.0005536330069
0.000601991977
0.0007400701946
0.001008450175
0.001508210866
0.0024670885
0.004315227402
0.008987494063
0.01498674703
0.001668220013
-0.020703467
-0.0311613498
-0.03346255794
-0.02911772779
-0.01161684333
0.000735189488
0.01523299612
0.004938175456
0.001769746354
0.001034407419
0.0006767225433
0.0004018397132
0.0002329318773
0.0001448782903
9.525588381e-05
6.260214437e-05
4.024684439e-05
2.504120753e-05
1.459507729e-05
7.115917812e-06
1.848533768e-06
-4.501960048e-06
0.0004857803816
0.0005194855869
0.0006145381725
0.0007878714191
0.001079711281
0.001533903281
0.002216074183
0.002821620787
0.001853394496
-0.002162229301
-0.008827022357
-0.01178107445
-0.01204128723
-0.01031705447
-0.006596791003
5.653264202e-05
0.003574201381
0.002708553611
0.001136166042
0.000724443066
0.0005953198688
0.0004250633156
0.0002752371439
0.0001885317915
0.0001369020809
0.000100670283
7.468980833e-05
5.588029084e-05
4.258947331e-05
3.260860333e-05
2.41978449e-05
1.585821169e-05
0.0003975276016
0.0004152155352
0.0004641855905
0.0005466785649
0.0006654983897
0.0008065189796
0.0009185663353
0.0007451733082
-0.0001854922845
-0.00308787092
-0.005947108901
-0.007404385444
-0.007319941911
-0.006089817631
-0.003961532611
-0.001636270967
0.0007475048353
0.001039882458
0.0004917720909
0.000267348962
0.0002404326129
0.0001816391826
0.0001080123767
6.39324062e-05
4.265045161e-05
2.957156212e-05
2.055073104e-05
1.416718413e-05
1.003691013e-05
7.344862914e-06
5.180667386e-06
4.436998033e-06
0.0003005230886
0.0003039824649
0.0003128675154
0.000322929536
0.0003231105577
0.0002835762849
0.0001427946654
-0.0002473126789
-0.001084916792
-0.002747496702
-0.004567124622
-0.00556804783
-0.005590629886
-0.004850197787
-0.003564662614
-0.001876121609
-0.0003162052214
0.0002102755444
8.954848695e-05
1.286501244e-05
5.258743449e-05
6.978890515e-05
5.33237335e-05
3.691186347e-05
3.044995625e-05
2.66889863e-05
2.272065071e-05
1.89120641e-05
1.609278815e-05
1.40002655e-05
1.163314624e-05
8.328541283e-06
0.0002055239413
0.0001975280723
0.0001753823097
0.000133151082
5.727387727e-05
-8.068124449e-05
-0.0003274453004
-0.0007626951863
-0.00146730613
-0.002519921503
-0.003638783384
-0.004315728307
-0.004367824798
-0.003872107299
-0.002978789064
-0.001881190687
-0.0009063682308
-0.0003956866922
-0.0002817756985
-0.000222171089
-0.0001281644469
-6.434195631e-05
-4.219168873e-05
-3.309193412e-05
-2.348824817e-05
-1.543035929e-05
-1.086003838e-05
-8.278307604e-06
-6.27068606e-06
-4.589094021e-06
-2.847763967e-06
-1.000395751e-06
0.0001207846743
0.0001046351605
6.020177801e-05
-1.739659236e-05
-0.0001394125639
-0.0003279575111
-0.0006137113901
-0.00103503147
-0.001616755343
-0.002350629485
-0.003089874724
-0.00356524289
-0.003634952321
-0.003306111669
-0.002696881504
-0.001949307224
-0.001243198457
-0.0007581685273
-0.000524247337
-0.000382799158
-0.0002552108078
-0.0001631049973
-0.0001110411308
-7.847690051e-05
-5.347256221e-05
-3.495691503e-05
-2.26427317e-05
-1.438628439e-05
-8.47655913e-06
-3.906898534e-06
-6.614922548e-07
1.058877785e-06
5.257490819e-05
3.096428886e-05
-2.829495122e-05
-0.0001282975643
-0.0002768007532
-0.0004896577705
-0.000785453588
-0.001179629436
-0.001671549028
-0.002228777178
-0.002753975892
-0.003098068929
-0.00316248541
-0.002933980798
-0.002486701277
-0.001923337775
-0.001369754818
-0.0009420691419
-0.0006729928666
-0.0004911226864
-0.0003433888148
-0.0002334525872
-0.0001616473629
-0.0001137526081
-7.860091724e-05
-5.359786126e-05
-3.64218617e-05
-2.486987875e-05
-1.654790651e-05
-1.046075323e-05
-5.818553577e-06
-2.415179885e-06
5.041575362e-06
-1.98610504e-05
-8.799001441e-05
-0.0002009072474
-0.0003634555907
-0.0005869715127
-0.0008825747647
-0.001253854642
-0.001689481198
-0.002149187964
-0.002559096886
-0.002822914562
-0.002880953859
-0.002716117572
-0.002364679025
-0.001908024636
-0.001445723722
-0.001060244875
-0.0007782251859
-0.0005711298038
-0.0004087729343
-0.0002866228938
-0.0002015373418
-0.0001422027129
-9.953729349e-05
-6.8742839e-05
-4.735103197e-05
-3.210067909e-05
-2.134975247e-05
-1.315782609e-05
-6.996984172e-06
-2.450433781e-06
-1.930988931e-05
-4.574544677e-05
-0.0001179894855
-0.0002367534308
-0.0004052988893
-0.0006326190158
-0.0009264786426
-0.001285277901
-0.001695255293
-0.00210989186
-0.002472375203
-0.002703193084
-0.00274429802
-0.002610997086
-0.00230522011
-0.001895709268
-0.001472448094
-0.001105784848
-0.0008203175883
-0.0006031985702
-0.0004352161766
-0.0003084445269
-0.0002174890617
-0.000152758272
-0.0001070970189
-7.417986715e-05
-5.126575685e-05
-3.470264704e-05
-2.320197316e-05
-1.446144958e-05
-7.840212191e-06
-3.001450276e-06
-1.658911187e-05
-4.304720411e-05
-0.000115346494
-0.0002342021539
-0.0004028713447
-0.0006302976266
-0.0009241081326
-0.001282451496
-0.00169125217
-0.002103785581
-0.002463321327
-0.002691881164
-0.002731731143
-0.002598990264
-0.002295224897
-0.001888268742
-0.001467497697
-0.001102577356
-0.0008176599925
-0.0006004605718
-0.0004326841127
-0.0003062257016
-0.0002155968566
-0.0001512358561
-0.0001057437054
-7.299534289e-05
-5.032261793e-05
-3.392912995e-05
-2.258772998e-05
-1.401915049e-05
-7.595527051e-06
-2.910834188e-06
7.613722154e-06
-1.733842862e-05
-8.559992371e-05
-0.0001987436784
-0.0003616184095
-0.0005855036229
-0.0008813408544
-0.001252305835
-0.00168655948
-0.002143147926
-0.002548563784
-0.002808916816
-0.002865437955
-0.00270183602
-0.002353267023
-0.00190027142
-0.001441472635
-0.00105815541
-0.0007760613922
-0.0005684222053
-0.0004064193835
-0.0002847072968
-0.0001998167931
-0.0001406022037
-9.827063975e-05
-6.776642341e-05
-4.663783977e-05
-3.161838448e-05
-2.108069661e-05
-1.311185616e-05
-7.160038909e-06
-2.679832703e-06
5.483860621e-05
3.311664141e-05
-2.645487906e-05
-0.0001270053531
-0.0002763386519
-0.0004902632507
-0.0007871016798
-0.001181495496
-0.001671656391
-0.002223140076
-0.002739264853
-0.003077026932
-0.003139526344
-0.002914385402
-0.002472452828
-0.001916204745
-0.001369838805
-0.0009460959309
-0.000674687231
-0.0004898123471
-0.0003419881856
-0.0002323126224
-0.000160552164
-0.0001124149559
-7.734407021e-05
-5.240857849e-05
-3.534395513e-05
-2.380375036e-05
-1.558724738e-05
-9.588709036e-06
-5.114380418e-06
-1.798957516e-06
0.000122560165
0.0001061877239
6.11053495e-05
-1.766590349e-05
-0.0001415568999
-0.0003327346328
-0.0006215917674
-0.001044853445
-0.001624807566
-0.002346477242
-0.003066094489
-0.003529766654
-0.003594690282
-0.003272626067
-0.002672916364
-0.001938153516
-0.00124481979
-0.0007681250946
-0.0005303548122
-0.0003841016252
-0.0002559378973
-0.0001636034659
-0.0001110905253
-7.855640553e-05
-5.402681799e-05
-3.598666541e-05
-2.389194016e-05
-1.581431057e-05
-1.001593609e-05
-5.744533967e-06
-2.577423068e-06
-4.681702719e-07
0.0002066089506
0.0001982030014
0.0001748326315
0.0001302938909
5.047289161e-05
-9.35167263e-05
-0.0003486526742
-0.0007917060493
-0.001496816614
-0.002517010708
-0.003592468535
-0.004252900417
-0.004302896732
-0.003820516498
-0.002949535806
-0.001891913831
-0.0009399871166
-0.0004288703607
-0.000293268566
-0.0002238690404
-0.0001299209672
-6.5027288e-05
-4.049080249e-05
-2.968890379e-05
-1.985300039e-05
-1.211670486e-05
-7.520787033e-06
-4.869853311e-06
-2.951135066e-06
-1.483179472e-06
-2.324181724e-07
3.761089656e-07
0.0003007266511
0.0003034405499
0.0003101840135
0.000315982152
0.0003082254786
0.0002553019465
9.282227136e-05
-0.0003244192565
-0.001180541886
-0.002747219517
-0.00445095867
-0.005412084115
-0.005429632147
-0.004717713857
-0.003436846773
-0.001841993473
-0.0004082578475
0.0001033198028
4.340923179e-05
-5.234391891e-06
3.402368601e-05
5.139097774e-05
3.650138733e-05
2.193121827e-05
1.654900948e-05
1.389202498e-05
1.12806721e-05
8.662029397e-06
6.949361442e-06
5.732958809e-06
4.515789634e-06
3.125695689e-06
0.0003966428983
0.0004131655928
0.0004585920469
0.0005335614617
0.0006369998323
0.000748441131
0.0008010209913
0.0005423321096
-0.0004444283987
-0.003085532852
-0.005848990852
-0.007207235793
-0.00711107206
-0.005975900468
-0.003969446534
-0.001540479959
0.0006181291953
0.0008819013098
0.0004501504183
0.0002667295697
0.000253682865
0.0002047431307
0.0001340758747
8.639289264e-05
6.081609153e-05
4.460162562e-05
3.233482245e-05
2.3074639e-05
1.698762969e-05
1.269779599e-05
9.31621404e-06
6.565401145e-06
0.000483720572
0.0005157220075
0.0006053248777
0.0007665526718
0.001029045425
0.001422250478
0.001925060321
0.002179371097
0.001165076453
-0.003762596109
-0.008278200944
-0.01025503365
-0.01007686319
-0.008261180048
-0.004890160161
-0.0005692275446
0.002805933734
0.002169795195
0.000941885826
0.0005223103425
0.0004190910632
0.0002968340612
0.0001819151823
0.0001151836382
7.96981598e-05
5.628483352e-05
3.934219522e-05
2.74206407e-05
1.942157796e-05
1.365484774e-05
9.073772451e-06
5.126895063e-06
0.0005504575936
0.0005965273184
0.0007273793561
0.0009775659625
0.001432875477
0.002259749918
0.003695016417
0.005412445856
0.004682437189
-0.00408736061
-0.01103101965
-0.01429469826
-0.01471600783
-0.01289630162
-0.008384187764
0.00172011548
0.006757286754
0.004028811381
0.001975015847
0.001238776102
0.0008324464406
0.0005226509064
0.0003197858924
0.0002077780356
0.0001416058226
9.648568752e-05
6.585864544e-05
4.500785374e-05
3.128036389e-05
2.091654885e-05
1.314796811e-05
5.834758046e-06
0.0005868465762
0.0006412807435
0.0007975424964
0.00110696074
0.001707360334
0.002957384663
0.005720420883
0.009873315255
0.01490298211
-0.007434598005
-0.01751959611
-0.02223314006
-0.02302118479
-0.02116495121
-0.01495545319
-0.00057930026
0.01764016337
0.003691921906
0.001903946697
0.001290390085
0.0007945535447
0.000453895
0.0002672447167
0.000172682959
0.0001174968133
7.958096282e-05
5.293762536e-05
3.590236959e-05
2.490239024e-05
1.695682782e-05
1.05614198e-05
6.804966138e-06
0.0005865757391
0.0006409966328
0.0007972339901
0.001106591833
0.001707175756
0.002958798196
0.005738098227
0.01299150278
0.02387178647
-0.01403051086
-0.02172441409
-0.02461488716
-0.02486640482
-0.02322057672
-0.0183936887
-0.003263169132
0.02964069845
0.004877890786
0.002925387924
0.001766291492
0.001005029134
0.0005531174686
0.0003062244678
0.0001760400169
0.000103028625
5.769205736e-05
2.914358501e-05
1.179158994e-05
1.275699154e-06
-5.308311398e-06
-1.029399962e-05
-1.456491153e-05
0.0005496572556
0.0005956943561
0.0007264767528
0.0009765773246
0.001432234396
0.002261343588
0.003710423589
0.005463780171
0.004751702833
-0.003813095212
-0.01351833048
-0.01770005192
-0.01787134745
-0.01561565634
-0.01000689107
0.001848006112
0.007178244748
0.004142975419
0.001413041426
0.000746578842
0.0005091281275
0.0002941571892
0.0001518963788
8.160799943e-05
4.449182698e-05
2.073449899e-05
5.138176006e-06
-4.395754247e-06
-1.000409245e-05
-1.32428882e-05
-1.477163388e-05
-1.316018644e-05
0.0004824257005
0.0005143821832
0.0006038764212
0.0007649746591
0.00102749169
0.001421545446
0.001927488717
0.002191609666
0.001202832921
-0.00376962638
-0.008262512168
-0.01024392012
-0.01007099628
-0.008252652537
-0.004875224602
-0.0005373262339
0.002775884783
0.002124991555
0.000873117857
0.0005645522408
0.0004940687662
0.0003564718982
0.0002209367466
0.0001441655907
9.96223217e-05
6.777510863e-05
4.50608628e-05
2.941860045e-05
1.848120543e-05
1.102526342e-05
4.298427415e-06
-2.835226603e-07
0.0003949047454
0.0004113731357
0.0004566654457
0.0005314390814
0.0006347072992
0.0007461783472
0.0007997581536
0.000544240007
-0.0004352195415
-0.003087343939
-0.005850227152
-0.007209986395
-0.007118029099
-0.005984074442
-0.003978796217
-0.001545356502
0.0006100050352
0.0009390004029
0.000462819838
0.0002400972369
0.0002089517004
0.0001539059255
8.208798055e-05
3.760989587e-05
1.671010031e-05
4.196009011e-06
-4.519256625e-06
-1.035386702e-05
-1.389818875e-05
-1.604951385e-05
-1.661536247e-05
-1.420311793e-05
0.000298606692
0.0003012609362
0.0003078569313
0.0003134322071
0.0003054242142
0.0002523004164
8.995926769e-05
-0.0003266930116
-0.001180785887
-0.002749302316
-0.004454263997
-0.005415323674
-0.005434502759
-0.004723566246
-0.003441401834
-0.001845445976
-0.0004086190162
0.0001162008288
3.199410335e-05
-2.555308833e-05
2.514598739e-05
5.110271736e-05
4.06133511e-05
2.600836053e-05
2.094977846e-05
1.846919271e-05
1.515552272e-05
1.164600304e-05
9.230008386e-06
7.379215677e-06
5.48992172e-06
3.01517334e-06
0.0002041703491
0.000195707372
0.000172185128
0.0001274160968
4.731914896e-05
-9.695334432e-05
-0.0003522713797
-0.0007953473177
-0.001499971295
-0.002520474923
-0.003596682527
-0.004257386464
-0.004308412225
-0.003826932428
-0.002955798071
-0.001897952344
-0.000945734679
-0.0004285351132
-0.0002957625155
-0.0002276769186
-0.0001324833807
-6.842076104e-05
-4.6079157e-05
-3.722894765e-05
-2.821903743e-05
-2.061014007e-05
-1.647805532e-05
-1.428449082e-05
-1.262401745e-05
-1.111131229e-05
-9.406503651e-06
-6.96816416e-06
0.0001198709205
0.0001034422963
5.821002475e-05
-2.078867145e-05
-0.0001449573171
-0.0003364368743
-0.0006255672637
-0.001049036006
-0.001629029416
-0.002350874222
-0.003070862199
-0.003534939046
-0.003600129883
-0.003278879762
-0.002678959975
-0.001943977312
-0.001250016788
-0.0007703548912
-0.0005326898332
-0.000388481144
-0.0002601437717
-0.0001670260057
-0.0001137333137
-8.045096248e-05
-5.522810812e-05
-3.653361429e-05
-2.408654017e-05
-1.577929111e-05
-9.812504206e-06
-5.282652026e-06
-2.043197924e-06
-1.214751195e-07
5.196358511e-05
3.018687349e-05
-2.953054437e-05
-0.0001303023665
-0.0002799071851
-0.0004941321754
-0.000791269819
-0.001185933702
-0.001676297913
-0.002227977147
-0.002744370551
-0.003082409572
-0.003145195262
-0.002920470322
-0.002478561914
-0.001922085375
-0.001375205822
-0.0009501774039
-0.000678431716
-0.0004939171342
-0.0003452745074
-0.0002347683608
-0.0001623729197
-0.0001142286483
-7.916923886e-05
-5.429616033e-05
-3.722416035e-05
-2.583643032e-05
-1.759682376e-05
-1.175226416e-05
-7.155366873e-06
-3.68201201e-06
4.616144596e-06
-2.038931906e-05
-8.879318738e-05
-0.0002021528203
-0.0003652925658
-0.0005894729946
-0.0008856143927
-0.001256869234
-0.001691379312
-0.002148195814
-0.002553853498
-0.002814475827
-0.002871214177
-0.002707845134
-0.002359322378
-0.001906106127
-0.001446850718
-0.001062717808
-0.0007800274642
-0.0005720753266
-0.0004095523355
-0.000287301809
-0.0002020020874
-0.0001424934108
-9.98425606e-05
-6.902958043e-05
-4.760456273e-05
-3.235562409e-05
-2.158406876e-05
-1.341974444e-05
-7.24853701e-06
-2.689729332e-06
-1.964753077e-05
-4.615811764e-05
-0.0001185978023
-0.0002376662372
-0.0004065966077
-0.0006343145386
-0.000928428965
-0.001287068023
-0.001696139301
-0.00210891792
-0.002468687388
-0.002697498968
-0.002737548172
-0.002604979211
-0.002301250727
-0.001894105432
-0.001472888565
-0.001107328265
-0.0008218056939
-0.0006041771784
-0.000435902217
-0.0003089118847
-0.000217806166
-0.0001530456721
-0.0001072531651
-7.42841314e-05
-5.135086062e-05
-3.481209024e-05
-2.333201838e-05
-1.463375882e-05
-8.048276892e-06
-3.22633223e-06
-1.737809955e-05
-4.39942119e-05
-0.0001166984401
-0.0002361841908
-0.0004056534867
-0.0006339214686
-0.0009283213535
-0.00128648552
-0.001693734268
-0.002102923564
-0.002457671864
-0.00268269339
-0.002720785308
-0.00258965258
-0.002289801895
-0.001887272686
-0.001470170774
-0.001107024799
-0.0008216540032
-0.0006030906786
-0.0004344552891
-0.0003074926539
-0.0002163725814
-0.000151729414
-0.0001059680598
-7.30619969e-05
-5.034481856e-05
-3.39454202e-05
-2.258671324e-05
-1.402568309e-05
-7.619636662e-06
-2.969624756e-06
6.660765856e-06
-1.85033179e-05
-8.731975557e-05
-0.0002013536882
-0.0003654165205
-0.0005906421489
-0.0008875897042
-0.001258610346
-0.001690877187
-0.002142249232
-0.002540169135
-0.002794793181
-0.002849278166
-0.002688663874
-0.002345688823
-0.001899153736
-0.001445901005
-0.001064890263
-0.0007812149761
-0.0005713048454
-0.0004084588711
-0.0002863579154
-0.0002008797428
-0.0001412155307
-9.873790389e-05
-6.815427621e-05
-4.696983811e-05
-3.194316667e-05
-2.142898495e-05
-1.352678155e-05
-7.586106622e-06
-3.084601561e-06
5.353991923e-05
3.1483886e-05
-2.89875998e-05
-0.0001310410982
-0.0002825136117
-0.0004990786918
-0.0007984794209
-0.001193778645
-0.001680917968
-0.002222379091
-0.002723186628
-0.003050393628
-0.003110387861
-0.002891710094
-0.002459965809
-0.001916204162
-0.00138122425
-0.0009616151954
-0.0006852260621
-0.0004949404054
-0.0003450605433
-0.0002344171361
-0.0001616052044
-0.0001127944485
-7.759841612e-05
-5.254040774e-05
-3.537381155e-05
-2.377574052e-05
-1.559115136e-05
-9.657584965e-06
-5.24301622e-06
-2.062082945e-06
0.0001207026214
0.0001037786333
5.716021178e-05
-2.428808677e-05
-0.0001522548121
-0.0003489206258
-0.0006439036878
-0.001070701818
-0.001646391602
-0.002346412977
-0.003033239713
-0.003476479345
-0.003537639782
-0.003227480047
-0.00264695203
-0.001936829352
-0.001266285575
-0.0007966966123
-0.0005487191426
-0.0003941470247
-0.0002636831798
-0.0001695832009
-0.0001147790261
-8.082916063e-05
-5.588926352e-05
-3.772690646e-05
-2.552388377e-05
-1.744775632e-05
-1.167621024e-05
-7.432465035e-06
-4.236416505e-06
-1.867903371e-06
0.0002039455177
0.0001946278553
0.0001686523592
0.0001193407724
3.169265578e-05
-0.0001238364434
-0.0003937740042
-0.0008483940083
-0.001549097625
-0.002517694511
-0.003521335449
-0.00414463589
-0.004192667264
-0.003732482521
-0.002904833473
-0.001905593814
-0.001001590774
-0.0004874139924
-0.0003194732507
-0.0002324234296
-0.0001361734552
-7.036432771e-05
-4.371487159e-05
-3.154867594e-05
-2.149105343e-05
-1.384919782e-05
-9.348971339e-06
-7.000585382e-06
-5.322446503e-06
-4.128748233e-06
-3.021036085e-06
-2.210604641e-06
0.0002970422997
0.0002982062971
0.0003006726165
0.0002981360817
0.0002755201149
0.0001983091954
8.72659796e-09
-0.0004532838283
-0.001313606316
-0.002745456957
-0.004284576503
-0.005175104073
-0.005193479789
-0.004516474331
-0.003316703946
-0.001861010953
-0.0005717709717
-4.310007812e-05
-3.208908837e-05
-4.339354127e-05
9.758334857e-06
3.779883098e-05
3.008892268e-05
1.834559306e-05
1.372382545e-05
1.14660557e-05
8.858785492e-06
6.036008912e-06
4.089475463e-06
2.424105154e-06
1.26143041e-06
1.348605282e-07
0.0003916852066
0.0004058883364
0.0004445026325
0.0005053442848
0.0005811210645
0.000641782189
0.0006071045573
0.0002423363866
-0.0007926382222
-0.003069687175
-0.005480719036
-0.006700719563
-0.006622428782
-0.005588103278
-0.003767903627
-0.001565703134
0.00028504234
0.0006705810435
0.0003748777487
0.0002131795827
0.000198789349
0.0001636665658
0.0001047651806
6.252489688e-05
3.984042457e-05
2.590147919e-05
1.543369315e-05
7.482947186e-06
2.402751578e-06
-9.71948446e-07
-3.265192535e-06
-4.207178913e-06
0.0004774623496
0.0005061380465
0.0005856468921
0.0007241981748
0.0009370331747
0.001223541206
0.001513882099
0.001441347271
0.0002906117769
-0.003628860731
-0.007423744555
-0.009077980491
-0.008885813709
-0.00733058888
-0.004524023957
-0.0009617048175
0.00176390884
0.00158390583
0.000811006747
0.0005139416147
0.0004309136737
0.0003198109072
0.0002075643319
0.000135890861
9.452137345e-05
6.591430136e-05
4.524511438e-05
3.028703554e-05
1.973894161e-05
1.171220412e-05
5.75999081e-06
1.39501876e-06
0.0005431126676
0.0005848654247
0.0007023021312
0.0009199592827
0.001294656333
0.001910088814
0.002804457504
0.003457915401
0.002380423216
-0.004689497826
-0.01038233904
-0.01243380121
-0.01217918353
-0.01003623473
-0.005695281439
0.0005961840715
0.004859968239
0.003009034991
0.00127166043
0.0007745586592
0.0005809683124
0.0003780920585
0.0002238788048
0.0001411120967
9.466953217e-05
6.260935558e-05
4.084442612e-05
2.655040359e-05
1.722772662e-05
1.069314197e-05
5.252871762e-06
1.055206524e-06
0.0005788759716
0.000628378715
0.0007691637155
0.001039118156
0.001536322502
0.002465699876
0.004163195313
0.006513626335
0.005850040581
-0.006183246094
-0.01395061051
-0.01617596682
-0.0160075881
-0.01384169514
-0.008527337887
0.0007159284366
0.008701706626
0.004927331086
0.002342396089
0.001434562247
0.0009378544426
0.0005622115199
0.0003250682966
0.0002011693361
0.0001309239757
8.383464245e-05
5.113569861e-05
2.987293602e-05
1.599566509e-05
6.503036627e-06
-4.50514265e-07
-3.381004541e-06
0.00057862647
0.0006281247925
0.0007689122174
0.001038897572
0.001536505631
0.002467920424
0.004177597823
0.006572286468
0.006009777886
-0.00624839943
-0.01400740358
-0.016205352
-0.01599805432
-0.0138065849
-0.008440925011
0.001030673897
0.009045077784
0.005345296397
0.002603099383
0.001630080069
0.001104395277
0.0007069689008
0.0004533278294
0.0003116511325
0.00022662677
0.0001671054403
0.0001249991062
9.543905993e-05
7.448973708e-05
5.883909196e-05
4.496348275e-05
3.0540685e-05
0.0005423722902
0.0005841161378
0.0007015536546
0.0009193282263
0.001294756138
0.00191309083
0.002816281876
0.003487026391
0.002450679589
-0.004700388403
-0.01036735802
-0.01242554051
-0.01218505268
-0.01004075664
-0.005658609192
0.0007074937788
0.004965599576
0.00305593714
0.00117737776
0.0006752290132
0.0005189096523
0.0003385634044
0.0001966985774
0.0001195227346
7.80986632e-05
4.995681649e-05
3.006207147e-05
1.684664454e-05
8.042539011e-06
1.963904172e-06
-1.967755969e-06
-3.430074607e-06
0.0004762567672
0.00050491688
0.0005844073295
0.0007230192718
0.0009363082497
0.001224222956
0.001518726907
0.001453240383
0.0003200919364
-0.003627248947
-0.007415656215
-0.009076477871
-0.00889201345
-0.007332566431
-0.004517413483
-0.0009349770322
0.001773482598
0.001627366129
0.0008228026131
0.0005585480305
0.0005035936458
0.0003919101657
0.0002685685886
0.0001908288509
0.0001453612588
0.0001117717836
8.66856297e-05
6.876637417e-05
5.515101111e-05
4.53346039e-05
3.554745584e-05
2.534693325e-05
0.0003900539129
0.0004042321396
0.0004427954737
0.0005036083504
0.0005795374794
0.0006407706964
0.0006079149136
0.0002460855463
-0.0007836237463
-0.003068759822
-0.005480904289
-0.006701541426
-0.006625220074
-0.005589954212
-0.003768917114
-0.001557458295
0.0002982716143
0.0007109291203
0.0003846298953
0.0002049750653
0.0001879588111
0.0001496836904
8.9564283e-05
4.931319493e-05
2.959905597e-05
1.75662641e-05
8.962461271e-06
2.983260405e-06
-8.304668635e-07
-3.08447046e-06
-3.920060826e-06
-3.066379804e-06
0.0002950363667
0.0002961667013
0.0002985551836
0.0002959263658
0.0002732878716
0.0001962336621
-1.423294287e-06
-0.0004537531786
-0.001312371565
-0.002746158238
-0.004286704732
-0.00517686993
-0.005196793489
-0.004519764759
-0.003318891636
-0.001859888346
-0.0005685122116
-3.120687071e-05
-3.622329249e-05
-5.310621474e-05
8.975218806e-06
4.51475147e-05
4.086932192e-05
3.09984717e-05
2.773293734e-05
2.681015312e-05
2.422863488e-05
2.096040551e-05
1.863431847e-05
1.678992169e-05
1.453152905e-05
1.067427038e-05
0.0002016219835
0.0001922671408
0.0001661954938
0.0001167520333
2.898448364e-05
-0.0001265994233
-0.0003964146049
-0.00085077236
-0.00155096058
-0.002520087038
-0.003524644112
-0.00414813703
-0.004196885079
-0.003736955192
-0.00290859297
-0.001908274727
-0.001003116773
-0.0004838794433
-0.0003192139936
-0.000235003653
-0.0001369443027
-7.064067482e-05
-4.550549673e-05
-3.465271548e-05
-2.507455073e-05
-1.706643904e-05
-1.28574777e-05
-1.035308158e-05
-8.754338819e-06
-6.970550952e-06
-5.256855123e-06
-3.273307493e-06
0.0001181248507
0.0001011604587
5.443547574e-05
-2.716704528e-05
-0.0001553031817
-0.0003521234016
-0.0006471970863
-0.001074026022
-0.001649671532
-0.002349943871
-0.003037258837
-0.003480808174
-0.003542163081
-0.003232342627
-0.002651413804
-0.001940679572
-0.00126922133
-0.000797154207
-0.0005501440418
-0.000397888639
-0.0002671300366
-0.0001719234312
-0.00011631482
-8.145985838e-05
-5.545907169e-05
-3.62626462e-05
-2.333531134e-05
-1.474994532e-05
-8.407260835e-06
-3.669609108e-06
-1.5774941e-07
1.51168013e-06
5.077162361e-05
2.86734685e-05
-3.190992951e-05
-0.0001341291657
-0.0002857954931
-0.0005025613054
-0.0008021449848
-0.001197602969
-0.001684873741
-0.00222654045
-0.002727652992
-0.003055109814
-0.003115286618
-0.002896822606
-0.002464928763
-0.001920749428
-0.001385116081
-0.0009643759061
-0.0006877612576
-0.0004982823985
-0.0003479576612
-0.0002365521565
-0.0001630785775
-0.0001141204637
-7.873113916e-05
-5.372195839e-05
-3.645615793e-05
-2.505781065e-05
-1.664047706e-05
-1.088595176e-05
-6.269413425e-06
-2.81704376e-06
3.765813892e-06
-2.144110199e-05
-9.037195928e-05
-0.0002045770965
-0.0003688450271
-0.0005942924551
-0.0008914621463
-0.001262694932
-0.001695160387
-0.002146745384
-0.002544909369
-0.002799768898
-0.002854394027
-0.002693896398
-0.002350846897
-0.001903985204
-0.001450236754
-0.001068478703
-0.0007844139553
-0.0005745119401
-0.000411355891
-0.0002887301931
-0.000202871827
-0.0001429474321
-0.0001001316201
-6.920428598e-05
-4.764652958e-05
-3.231529416e-05
-2.146760662e-05
-1.325163527e-05
-7.027095222e-06
-2.408011661e-06
-2.033621355e-05
-4.699540085e-05
-0.0001198150046
-0.0002394740719
-0.00040915279
-0.0006376505856
-0.0009322867687
-0.001290682969
-0.001698150619
-0.002107564875
-0.002462530283
-0.002687772697
-0.002726001462
-0.002594946589
-0.002295042279
-0.001892252988
-0.001474687293
-0.001110973636
-0.0008251473277
-0.0006063656721
-0.0004373853006
-0.0003099355107
-0.0002184402043
-0.0001534862713
-0.0001073665497
-7.430742463e-05
-5.124372547e-05
-3.472071126e-05
-2.316839355e-05
-1.443332091e-05
-7.824628172e-06
-3.029126099e-06
-1.839688342e-05
-4.521839148e-05
-0.0001184472144
-0.000238747788
-0.0004092481945
-0.0006385917853
-0.0009337253421
-0.001291609218
-0.001696812249
-0.002101665677
-0.0024503937
-0.002670960903
-0.002706778584
-0.002577836348
-0.002283058723
-0.001886196343
-0.00147371558
-0.001112749616
-0.0008268023319
-0.0006065604578
-0.0004368669061
-0.0003092572527
-0.0002174994485
-0.000152457374
-0.0001063770051
-7.321403825e-05
-5.041700263e-05
-3.396301447e-05
-2.259059299e-05
-1.396848291e-05
-7.538522869e-06
-2.842477896e-06
5.428761818e-06
-2.001047763e-05
-8.954486757e-05
-0.0002047272191
-0.0003703141619
-0.0005972393616
-0.0008955466157
-0.001266519104
-0.001696083892
-0.002140778581
-0.002529323314
-0.002776800268
-0.00282884389
-0.002672172868
-0.002336465259
-0.001898170652
-0.001451835302
-0.001073606669
-0.0007879283856
-0.0005751115798
-0.0004110367615
-0.0002882766725
-0.0002019509627
-0.000141727294
-9.898832665e-05
-6.83125219e-05
-4.700729549e-05
-3.192582414e-05
-2.137622599e-05
-1.348588579e-05
-7.524856141e-06
-3.029475778e-06
5.185844975e-05
2.93693115e-05
-3.226375389e-05
-0.0001362491777
-0.0002904476212
-0.0005103217069
-0.0008128018327
-0.001208873816
-0.001691734306
-0.002220441395
-0.002702617004
-0.003016996154
-0.003074055889
-0.002863481252
-0.00244505099
-0.001916861931
-0.001395528562
-0.0009807452108
-0.0006987939408
-0.000502380496
-0.0003501922367
-0.0002381086999
-0.0001636007555
-0.0001136907889
-7.818622012e-05
-5.2846416e-05
-3.538398757e-05
-2.352892045e-05
-1.51669129e-05
-9.084687809e-06
-4.543110691e-06
-1.375315557e-06
0.0001182954797
0.0001006556059
5.206244118e-05
-3.281011662e-05
-0.0001659252932
-0.0003693696879
-0.0006715263282
-0.001101641319
-0.001670288708
-0.002343640733
-0.002991883558
-0.003410867542
-0.003468970315
-0.003173474521
-0.002618259541
-0.001938433568
-0.001294035065
-0.0008304080275
-0.0005691731929
-0.000404043738
-0.0002705591763
-0.0001743588991
-0.0001169328253
-8.142267039e-05
-5.599903589e-05
-3.76796098e-05
-2.535329181e-05
-1.723117591e-05
-1.150273413e-05
-7.30800608e-06
-4.067860078e-06
-1.682522143e-06
0.0002004960003
0.0001899893568
0.0001606806902
0.000105303808
7.882787226e-06
-0.0001616229446
-0.0004482688735
-0.0009135750984
-0.001603958619
-0.002512926399
-0.003433765367
-0.004011850043
-0.004061737487
-0.003632303998
-0.002858295509
-0.001926240176
-0.001078998274
-0.0005627615493
-0.0003591771677
-0.0002507358348
-0.0001491329718
-7.930709753e-05
-4.786311652e-05
-3.264856792e-05
-2.099728448e-05
-1.214502471e-05
-6.71610387e-06
-3.597545424e-06
-1.507763469e-06
9.547245752e-08
1.236425883e-06
1.785575708e-06
0.0002922588568
0.0002914336499
0.0002884412806
0.0002754018656
0.000234513624
0.0001286755989
-0.0001083151835
-0.000592773582
-0.001441744419
-0.002733270392
-0.004094624753
-0.00490413792
-0.004927465833
-0.004302379093
-0.003206453323
-0.001890450203
-0.0007305245598
-0.0001819345366
-9.555397103e-05
-6.951243985e-05
-6.638253993e-06
2.86152014e-05
2.619625579e-05
1.637984938e-05
1.190811082e-05
9.682042383e-06
7.034653208e-06
4.301993101e-06
2.342807775e-06
8.571168946e-07
-7.193993556e-08
-6.516912879e-07
0.0003852423687
0.000396490817
0.0004264518241
0.0004696987543
0.0005122076337
0.0005153852479
0.0003922860928
-5.994151943e-05
-0.001094630341
-0.003020068245
-0.005069959331
-0.006176835583
-0.006137650016
-0.005214725569
-0.003613509742
-0.001693567221
-8.115867189e-05
0.0004098960299
0.0002653280888
0.0001591815404
0.0001644800397
0.0001529150468
0.0001113409137
7.659773451e-05
5.710366083e-05
4.499553428e-05
3.519199392e-05
2.71021062e-05
2.134709036e-05
1.709218587e-05
1.359090261e-05
9.542293113e-06
0.0004693330278
0.0004937667495
0.0005605017393
0.0006712022838
0.0008258033381
0.0009993882046
0.001094577545
0.0007871479356
-0.0004294325902
-0.003438369494
-0.006499518617
-0.007934907615
-0.007816720937
-0.00650351107
-0.004165945415
-0.001287275744
0.0009543032212
0.001167922111
0.0006861480969
0.0004411741578
0.0003638446194
0.0002696588526
0.0001703152571
0.0001040799562
6.700726952e-05
4.227751391e-05
2.495891538e-05
1.325428671e-05
5.325695398e-06
-4.443441395e-07
-4.093869162e-06
-5.592870588e-06
0.0005335589206
0.0005698071763
0.0006702918949
0.0008480327071
0.001129782036
0.00153379056
0.002001216477
0.002060214774
0.0007524248588
-0.004126847382
-0.008596789196
-0.01026545796
-0.009995539439
-0.008203553092
-0.004827195083
-0.0003240670757
0.002882481842
0.002139845104
0.001025583934
0.0006920468765
0.0005921865364
0.000434085587
0.0002887445354
0.0002008678823
0.0001494292431
0.0001114242553
8.32900106e-05
6.306509609e-05
4.841096903e-05
3.747285755e-05
2.748021784e-05
1.802012542e-05
0.0005684993589
0.0006117343397
0.000732882163
0.0009546243935
0.001329814401
0.00194008289
0.002839307417
0.003630597078
0.002549275581
-0.004684439527
-0.01072018682
-0.01251345455
-0.01212585342
-0.01006010768
-0.005965146245
0.0001234582354
0.005413194954
0.003584856059
0.001409413365
0.0007805174897
0.0005624393452
0.0003387506801
0.0001752884148
9.427252362e-05
5.429215041e-05
2.79901786e-05
9.756894274e-06
-1.145347963e-06
-7.686317334e-06
-1.12904852e-05
-1.404786799e-05
-1.180413457e-05
0.0005682689246
0.0006115065266
0.0007326794771
0.0009544988781
0.001330141728
0.001941875535
0.002848321353
0.003656918125
0.002617306108
-0.00469498077
-0.01074158254
-0.01251976272
-0.01212943581
-0.01005939555
-0.005944362626
0.0002246089381
0.005571802674
0.003765668209
0.001622607189
0.001015390855
0.0007695232536
0.0005015812419
0.000307355624
0.0002000417732
0.0001374241987
9.29661615e-05
6.155895422e-05
4.052588999e-05
2.653343157e-05
1.647782677e-05
8.085953856e-06
1.028928075e-06
0.0005328723559
0.0005691300422
0.0006696699947
0.0008476217444
0.001130192574
0.001536514951
0.002010495425
0.002080511868
0.0007911715749
-0.004137700198
-0.008598814471
-0.01025793211
-0.00999253484
-0.008194745576
-0.004796864348
-0.0002613620133
0.002942623561
0.002222414549
0.001003989977
0.0005824491899
0.0004490603498
0.0002942072758
0.0001616345029
8.625067125e-05
4.636142486e-05
1.993228048e-05
1.739547541e-06
-9.314889451e-06
-1.609388341e-05
-2.021411858e-05
-2.177741962e-05
-1.895859124e-05
0.0004682075109
0.0004926494394
0.0005594319574
0.0006703156501
0.0008255400634
0.001000629547
0.001099479976
0.0007970324393
-0.0004101572696
-0.003435384939
-0.006496730648
-0.007932720893
-0.007816993778
-0.006499204275
-0.004152569639
-0.001260141685
0.000979941939
0.00120272372
0.000684391322
0.0004419775908
0.000392910192
0.0003142587973
0.000215441701
0.0001467335787
0.0001064137876
7.750714366e-05
5.592105011e-05
4.029135836e-05
2.875459988e-05
2.045417168e-05
1.301943305e-05
6.002768575e-06
0.0003837071555
0.0003949548769
0.0004249306025
0.0004682704243
0.0005111205434
0.0005151077719
0.0003938492372
-5.595005918e-05
-0.001086995104
-0.003017855706
-0.005070703001
-0.006177676301
-0.006139613241
-0.005215005422
-0.003610663024
-0.001683672658
-6.906159643e-05
0.0004357096926
0.0002752879727
0.0001559295787
0.0001540059264
0.0001325363281
8.169137419e-05
4.26429942e-05
2.178166385e-05
8.925061366e-06
-6.410040982e-07
-7.683350131e-06
-1.219442957e-05
-1.510793803e-05
-1.584619717e-05
-1.373820549e-05
0.0002903558431
0.000289518823
0.0002865063573
0.0002734778416
0.0002327254802
0.000127254421
-0.0001089154976
-0.0005923618316
-0.001440046477
-0.002733172556
-0.004096220098
-0.00490563864
-0.004929714835
-0.004304112587
-0.003206193669
-0.001886809339
-0.0007251503356
-0.0001700552943
-9.433398575e-05
-7.671944288e-05
-1.151458114e-05
2.844630969e-05
2.964903853e-05
2.248342535e-05
1.98100737e-05
1.897991751e-05
1.687096174e-05
1.406395786e-05
1.206846207e-05
1.027651608e-05
8.296875891e-06
5.629454217e-06
0.0001982764741
0.0001877497098
0.0001583926605
0.0001029656837
5.545972854e-06
-0.0001638547254
-0.000450209409
-0.0009151408242
-0.001605092085
-0.002514570968
-0.003436332064
-0.00401469859
-0.00406493167
-0.003635496537
-0.002860435899
-0.001926961173
-0.001078543162
-0.0005588904249
-0.0003587477677
-0.0002533937102
-0.0001507197042
-8.02747745e-05
-5.052943458e-05
-3.740160303e-05
-2.734923336e-05
-1.938741535e-05
-1.516720644e-05
-1.305804554e-05
-1.175205375e-05
-1.048614358e-05
-8.960877883e-06
-6.735289351e-06
0.0001158185384
9.815211636e-05
4.949033639e-05
-3.547346488e-05
-0.0001686688147
-0.000372153154
-0.00067427566
-0.001104320164
-0.001672901409
-0.002346513891
-0.002995250583
-0.003414518657
-0.003472738776
-0.003177270509
-0.00262152788
-0.001940837235
-0.001295447367
-0.0008300836619
-0.0005698791476
-0.0004069012117
-0.000273524855
-0.0001767390262
-0.0001190873565
-8.303136884e-05
-5.679762257e-05
-3.74681747e-05
-2.453164762e-05
-1.583576541e-05
-9.627704515e-06
-4.836497955e-06
-1.300277601e-06
4.764440343e-07
4.918672037e-05
2.666667328e-05
-3.504810851e-05
-0.0001391503579
-0.000293475877
-0.000513468112
-0.000816041256
-0.001212193118
-0.001695144249
-0.002224053683
-0.002706529844
-0.003021123751
-0.003078287101
-0.002867752514
-0.00244905372
-0.001920316315
-0.001398302036
-0.0009826396172
-0.0007007015993
-0.0005051814004
-0.0003528353714
-0.000240248033
-0.0001652852428
-0.0001152665095
-7.962941856e-05
-5.43652592e-05
-3.7060041e-05
-2.552628116e-05
-1.729768289e-05
-1.154482065e-05
-7.024834081e-06
-3.562158362e-06
2.62666422e-06
-2.28460343e-05
-9.246978651e-05
-0.0002077835154
-0.0003735228172
-0.0006006064861
-0.0008990676385
-0.00127019057
-0.001699911735
-0.002144804858
-0.002533580364
-0.002781252645
-0.002833369656
-0.002676714252
-0.002340839127
-0.001902143361
-0.001455300281
-0.001076445769
-0.0007905563859
-0.0005779176575
-0.0004136918486
-0.0002905094793
-0.000203903982
-0.0001434763207
-0.0001005072788
-6.949916322e-05
-4.78902418e-05
-3.251197794e-05
-2.169523855e-05
-1.347076928e-05
-7.257135709e-06
-2.602199144e-06
-2.1264252e-05
-4.812038201e-05
-0.0001214420602
-0.000241880544
-0.0004125442792
-0.000642063296
-0.0009373749877
-0.001295437479
-0.001700818471
-0.002105877561
-0.002454804718
-0.002675556815
-0.002711450666
-0.002582506392
-0.002287598859
-0.001890421587
-0.001477472074
-0.00111602539
-0.000829762077
-0.000609458471
-0.0004395486929
-0.0003115738668
-0.0002194928264
-0.0001541988013
-0.0001077466981
-7.450798459e-05
-5.137101241e-05
-3.483956668e-05
-2.326347213e-05
-1.453423761e-05
-7.964754003e-06
-3.173442084e-06
-1.949289575e-05
-4.653505939e-05
-0.0001203277585
-0.0002415021622
-0.0004131029115
-0.000643582069
-0.0009394657067
-0.001296990854
-0.001699962985
-0.00210015933
-0.002442636554
-0.00265857711
-0.002691862791
-0.002565403084
-0.002276078001
-0.001885180803
-0.001477495872
-0.001118751994
-0.0008322089883
-0.0006102355353
-0.0004394324265
-0.0003111330476
-0.000218689926
-0.0001531416927
-0.0001067531129
-7.340477498e-05
-5.04957666e-05
-3.398617775e-05
-2.259584164e-05
-1.393714024e-05
-7.507616561e-06
-2.850780475e-06
4.102834825e-06
-2.163158486e-05
-9.193633664e-05
-0.0002083467515
-0.0003755517335
-0.0006042563204
-0.0009039306872
-0.001274720743
-0.001701266955
-0.002138910239
-0.002517789653
-0.002757873793
-0.002807426921
-0.002654999071
-0.002327050625
-0.001897374118
-0.001458121532
-0.001082702485
-0.0007950394625
-0.0005792291952
-0.0004138130067
-0.0002903361276
-0.0002031827479
-0.0001424185879
-9.944947318e-05
-6.872117644e-05
-4.734900155e-05
-3.224587879e-05
-2.169720549e-05
-1.384062415e-05
-7.866942724e-06
-3.370538547e-06
5.004809699e-05
2.709522583e-05
-3.57805034e-05
-0.0001418226946
-0.0002988929114
-0.0005221869244
-0.0008277029307
-0.001224216758
-0.001702175371
-0.002217581071
-0.002681082533
-0.002982325804
-0.003036781606
-0.002834568477
-0.002430034821
-0.001917612651
-0.001409720687
-0.0009996397694
-0.0007123895575
-0.0005099729333
-0.000355417349
-0.0002418074653
-0.0001654833856
-0.0001144837381
-7.857826712e-05
-5.303129207e-05
-3.534755038e-05
-2.340136543e-05
-1.496967571e-05
-8.940388674e-06
-4.355220192e-06
-1.324999667e-06
0.0001157041362
9.729758556e-05
4.66014367e-05
-4.189503498e-05
-0.0001803799737
-0.0003907187063
-0.0006997681208
-0.001132281794
-0.001692350345
-0.002338812314
-0.002949265122
-0.003344475649
-0.003399540181
-0.00311999078
-0.00259107511
-0.001941271243
-0.001321974015
-0.0008641161575
-0.0005901494506
-0.0004146107298
-0.000278438099
-0.0001806326609
-0.0001209520223
-8.402856673e-05
-5.815793665e-05
-3.965322538e-05
-2.71295826e-05
-1.892286668e-05
-1.316167825e-05
-9.046183487e-06
-5.624729894e-06
-3.019277568e-06
0.0001967873986
0.0001850039917
0.0001521641162
9.041904346e-05
-1.705769877e-05
-0.0002004749752
-0.000502650475
-0.0009758833418
-0.001652139926
-0.002503777727
-0.003346698226
-0.003881399732
-0.003932468281
-0.003534250224
-0.002812642293
-0.001943989095
-0.001148951746
-0.0006335447255
-0.0003979904201
-0.0002684553854
-0.0001606164363
-8.655334394e-05
-5.079411696e-05
-3.34710096e-05
-2.123259111e-05
-1.224024071e-05
-6.779629213e-06
-3.764571473e-06
-1.947843945e-06
-7.302204579e-07
8.12219604e-08
3.570165878e-07
0.0002871055516
0.0002841835508
0.0002754280584
0.0002514693252
0.0001921139482
5.860627941e-05
-0.000212794243
-0.0007197557981
-0.001547311074
-0.002713323922
-0.003914778725
-0.004647559927
-0.004680139664
-0.004110890133
-0.003113791748
-0.001924533061
-0.0008748706922
-0.0003146098139
-0.0001643513163
-0.0001064062937
-3.625280156e-05
6.369733414e-06
1.20504173e-05
6.803326426e-06
4.437564855e-06
3.624406872e-06
2.153503514e-06
3.126381614e-07
-1.163245218e-06
-2.180332578e-06
-2.806064458e-06
-2.579062507e-06
0.0003783024475
0.0003864561981
0.0004073464591
0.0004325538227
0.0004422481424
0.0003919655372
0.0001945848821
-0.0003171274599
-0.001323692536
-0.00296723575
-0.004704017695
-0.005696102716
-0.00568646697
-0.004869640055
-0.00346756508
-0.001800530472
-0.0003884990502
0.0001697961129
0.0001629618073
0.0001162637708
0.0001347072132
0.0001337329331
0.0001008003028
6.847756582e-05
4.889798629e-05
3.602366687e-05
2.578228637e-05
1.760220359e-05
1.165261745e-05
7.325755049e-06
3.895408173e-06
9.914708214e-07
0.0004605864894
0.0004805664139
0.0005340344799
0.0006166470539
0.0007157588797
0.000789965869
0.000732465761
0.0002772553656
-0.0009173046389
-0.003278725552
-0.00575255827
-0.007031707583
-0.006976347364
-0.00586184057
-0.003919232365
-0.001576611768
0.0003007659976
0.0007271273204
0.000472425104
0.0003101636582
0.0002756604086
0.0002250601394
0.0001525284281
9.831614967e-05
6.700323804e-05
4.599195784e-05
2.991322193e-05
1.816528844e-05
9.95541704e-06
3.985115813e-06
-5.280238833e-08
-2.054120799e-06
0.000523277259
0.0005537551693
0.0006366713348
0.0007747701445
0.0009707492562
0.001202827098
0.001369823411
0.001090466595
-0.0002510176278
-0.003689602299
-0.007125899535
-0.008627855726
-0.008487437904
-0.007048190319
-0.004441821446
-0.001103124542
0.001448159438
0.00150044267
0.0008431899464
0.0005541983654
0.0004637300356
0.0003482924872
0.0002292916646
0.0001512365689
0.0001057154698
7.418261394e-05
5.121779359e-05
3.542529905e-05
2.453472388e-05
1.714929953e-05
1.030774884e-05
5.10203537e-06
0.0005573244818
0.0005939817963
0.0006947883768
0.0008686239932
0.00113319091
0.00149660941
0.00189849687
0.001948870873
0.0007280334841
-0.003816346147
-0.008286573063
-0.01001465892
-0.009857553496
-0.008272693849
-0.005283962437
-0.001052996174
0.002415673994
0.002125368239
0.001056263011
0.0006782616473
0.0005631715485
0.0004012418948
0.0002507630962
0.0001609595494
0.000109273954
7.202171336e-05
4.538743202e-05
2.748713144e-05
1.542956093e-05
6.978003729e-06
7.195053939e-07
-1.508764377e-06
0.0005571098837
0.0005937751686
0.0006946185056
0.0008685516122
0.001133501586
0.001497893869
0.001903644474
0.001961015531
0.0007621494706
-0.003805899295
-0.00829152953
-0.01001958317
-0.009862426399
-0.008271932098
-0.005262221919
-0.001004089513
0.002505268043
0.002253816129
0.001192829108
0.0008053613566
0.0006731446315
0.0004945635817
0.0003321726125
0.0002341114411
0.0001759590789
0.0001330879626
0.0001016138041
7.913431457e-05
6.355707401e-05
5.1126765e-05
4.010505494e-05
2.749977038e-05
0.0005226356975
0.0005531358538
0.0006361378539
0.0007744851165
0.000971211225
0.001205090143
0.001376589525
0.001103267758
-0.0002291730174
-0.00369136907
-0.007128867062
-0.008623582374
-0.008483526731
-0.007041008951
-0.004422404668
-0.001065314545
0.001493743672
0.001547015459
0.0008213093465
0.0004850811272
0.0003896959055
0.0002811199941
0.0001722125457
0.0001027737325
6.491738006e-05
3.956503385e-05
2.111817756e-05
8.845570554e-06
1.051558259e-06
-4.220501075e-06
-7.316949567e-06
-7.015438599e-06
0.0004595281289
0.0004795329145
0.000533091558
0.000615950981
0.0007157203111
0.0007913039838
0.0007366737821
0.0002847746597
-0.0009050728981
-0.003274817214
-0.005750253756
-0.007027888049
-0.006974535896
-0.005858108505
-0.003908775579
-0.001556776263
0.000321312715
0.0007527883891
0.0004783299252
0.0003169119466
0.0003031756253
0.0002665641003
0.0001989189458
0.0001433891476
0.0001102893902
8.696364289e-05
6.911045043e-05
5.53159093e-05
4.530369236e-05
3.776373729e-05
3.043258951e-05
2.116029609e-05
0.000376848386
0.0003850187751
0.0004059710486
0.0004313485301
0.0004414740564
0.0003920501883
0.0001963024623
-0.000313507687
-0.001317847534
-0.002964743041
-0.004704319176
-0.005696336332
-0.005687059069
-0.004868508084
-0.003462759141
-0.001790546759
-0.0003762416564
0.0001909135149
0.0001740814475
0.0001153035876
0.0001283430978
0.0001227878221
8.342436852e-05
4.826669645e-05
2.832969058e-05
1.633883059e-05
7.211899524e-06
2.19812262e-07
-4.359690304e-06
-7.299318807e-06
-8.315972566e-06
-6.89719757e-06
0.0002852898959
0.0002823723749
0.0002736410629
0.0002497665895
0.0001906437918
5.760374344e-05
-0.0002129587359
-0.0007189902092
-0.001545674945
-0.00271291335
-0.003915920101
-0.00464865246
-0.004681155712
-0.004111232639
-0.003112001614
-0.001919852055
-0.0008684804479
-0.0003040777195
-0.0001613386635
-0.0001112747098
-4.029616461e-05
6.784598045e-06
1.636263446e-05
1.44588181e-05
1.456820743e-05
1.605876275e-05
1.604481146e-05
1.505827351e-05
1.410895759e-05
1.347298756e-05
1.218318482e-05
9.441214602e-06
0.0001946561508
0.0001828663263
0.0001500159455
8.82830628e-05
-1.910790743e-05
-0.0002023213319
-0.0005041285845
-0.0009769576758
-0.001652888252
-0.002504979311
-0.00334872984
-0.003883690645
-0.003934790726
-0.003536316719
-0.002813552579
-0.001943312925
-0.001147038818
-0.0006294698845
-0.0003966144608
-0.0002699711179
-0.0001618758713
-8.692561508e-05
-5.214084458e-05
-3.634181156e-05
-2.534267535e-05
-1.707198769e-05
-1.24103352e-05
-1.004744604e-05
-8.723713306e-06
-7.486887048e-06
-6.039811002e-06
-4.217751629e-06
0.0001133130554
9.489124578e-05
4.41574421e-05
-4.438006151e-05
-0.0001828775023
-0.0003931753839
-0.0007021138343
-0.001134503862
-0.001694509046
-0.00234122522
-0.002952130678
-0.003347594804
-0.003402650192
-0.003122918516
-0.002593359363
-0.001942541133
-0.001322274631
-0.0008632344099
-0.0005902278963
-0.0004166292983
-0.0002809587189
-0.0001827235605
-0.00012290311
-8.545012373e-05
-5.873442191e-05
-3.901913688e-05
-2.566738008e-05
-1.65349698e-05
-1.007464746e-05
-4.914056411e-06
-1.233419198e-06
9.068552225e-07
4.745871502e-05
2.448418668e-05
-3.844812151e-05
-0.0001445669842
-0.0003017110715
-0.0005250600721
-0.0008306050195
-0.001227146525
-0.001705172574
-0.00222077094
-0.002684555584
-0.002985970535
-0.003040449417
-0.002838142788
-0.002433243469
-0.001920193373
-0.001411618906
-0.00100088906
-0.0007138243689
-0.0005122807629
-0.0003577671559
-0.0002436791614
-0.0001670037884
-0.0001158908184
-7.974176467e-05
-5.418929725e-05
-3.659315271e-05
-2.490319759e-05
-1.65664803e-05
-1.077469433e-05
-6.259438656e-06
-2.844095995e-06
1.379967162e-06
-2.438010156e-05
-9.475310289e-05
-0.0002112616119
-0.000378575613
-0.00060738784
-0.0009071633728
-0.001278058048
-0.001704730616
-0.002142557979
-0.002521649182
-0.00276188895
-0.002811454482
-0.002658961139
-0.002330772081
-0.001900642422
-0.001460879256
-0.001084949577
-0.0007972088198
-0.0005816449623
-0.0004162097306
-0.0002923967774
-0.0002050347286
-0.0001440919143
-0.0001009083323
-6.984713513e-05
-4.816470213e-05
-3.271415985e-05
-2.186659192e-05
-1.359191343e-05
-7.32495106e-06
-2.599121004e-06
-2.228281773e-05
-4.935252487e-05
-0.0001232189944
-0.0002445014612
-0.0004162271033
-0.0006468370097
-0.0009428521358
-0.001300514005
-0.001703633526
-0.002104017169
-0.002446676535
-0.002662768479
-0.002696068918
-0.00256954598
-0.002280031379
-0.001888778775
-0.001480624013
-0.001121480009
-0.0008347339718
-0.0006127982961
-0.0004418846293
-0.0003133059494
-0.000220578759
-0.0001548219017
-0.0001080997032
-7.464003563e-05
-5.138798616e-05
-3.47985005e-05
-2.317916759e-05
-1.441689298e-05
-7.811867166e-06
-3.04233318e-06
-2.050168132e-05
-4.774648729e-05
-0.0001220570449
-0.0002440319311
-0.0004166356418
-0.0006481382829
-0.0009446777715
-0.001301826196
-0.001702732033
-0.0020986569
-0.002435596933
-0.00264744962
-0.002678225505
-0.002554164136
-0.002269856996
-0.001884324859
-0.001480908723
-0.001124141335
-0.0008371005015
-0.0006136013755
-0.0004418052919
-0.0003128881819
-0.0002198272517
-0.0001538062322
-0.0001071333896
-7.368187284e-05
-5.05946369e-05
-3.40308324e-05
-2.261294688e-05
-1.390427213e-05
-7.493287874e-06
-2.79801935e-06
2.882335872e-06
-2.312278549e-05
-9.413369843e-05
-0.000211665981
-0.000380338325
-0.000610635442
-0.0009114857278
-0.001282006477
-0.001705709148
-0.002137003356
-0.002507393463
-0.002740841166
-0.00278812677
-0.002639624001
-0.002318754212
-0.001896789319
-0.001463782009
-0.001090863415
-0.0008015547037
-0.0005830902765
-0.0004164024094
-0.0002922277653
-0.0002042888052
-0.0001429735455
-9.976193281e-05
-6.889697827e-05
-4.744910954e-05
-3.225858507e-05
-2.167402269e-05
-1.378232271e-05
-7.804898573e-06
-3.275105628e-06
4.838172548e-05
2.500446769e-05
-3.900679374e-05
-0.0001469196767
-0.0003065750861
-0.0005328923175
-0.0008409756544
-0.00123761358
-0.001710889835
-0.002214516418
-0.00266202591
-0.002951478084
-0.003003744787
-0.002809009174
-0.002416889735
-0.001918272644
-0.001421972334
-0.001016056503
-0.0007245276686
-0.0005169895152
-0.0003603962548
-0.0002454681114
-0.0001676163125
-0.0001154757189
-7.91623228e-05
-5.333227054e-05
-3.550547564e-05
-2.334718904e-05
-1.486238341e-05
-8.737943398e-06
-4.133193137e-06
-1.02137038e-06
0.0001133194405
9.421292215e-05
4.160267405e-05
-5.017040649e-05
-0.0001934427803
-0.0004097866461
-0.0007245365465
-0.001158459309
-0.001710141963
-0.002333520242
-0.002911941727
-0.003286305755
-0.003339153325
-0.003074140962
-0.00256840082
-0.001944266464
-0.001346155195
-0.0008935448575
-0.000608775528
-0.0004237752241
-0.0002848404473
-0.000185390518
-0.000123378346
-8.489467552e-05
-5.836911894e-05
-3.952483751e-05
-2.673482229e-05
-1.837234653e-05
-1.255865768e-05
-8.448973894e-06
-5.11144154e-06
-2.484782031e-06
0.0001933748085
0.0001804349455
0.0001443906261
7.693169544e-05
-3.939465883e-05
-0.0002346961704
-0.000549367394
-0.001027598563
-0.001689478877
-0.002493616817
-0.003272490707
-0.003770656706
-0.003821054185
-0.003451373126
-0.002774867217
-0.001958635459
-0.001206390466
-0.0006946602708
-0.0004336151391
-0.0002857229218
-0.0001722353735
-9.466778935e-05
-5.480943008e-05
-3.50635083e-05
-2.191184768e-05
-1.241306974e-05
-6.412003885e-06
-2.98385758e-06
-8.027348717e-07
7.735156077e-07
1.777459748e-06
2.155240492e-06
0.0002823533584
0.0002775694553
0.0002636015264
0.0002299399931
0.0001546031547
-1.938419298e-06
-0.0003000664008
-0.0008212782542
-0.001625222963
-0.002692612222
-0.003768036606
-0.004437276096
-0.00447630744
-0.003957650444
-0.003042122076
-0.001953282388
-0.0009869231148
-0.00042060852
-0.0002182626706
-0.0001305200833
-5.227302093e-05
-2.613136926e-06
1.042217807e-05
8.858597883e-06
7.330650838e-06
6.674437029e-06
5.094550245e-06
2.949718881e-06
9.588825654e-07
-6.07202454e-07
-1.536347892e-06
-1.87777059e-06
0.0003719237184
0.0003773024704
0.0003900758916
0.0003994730863
0.0003813841774
0.0002880353503
3.559315035e-05
-0.0005126582905
-0.00148371345
-0.002922649883
-0.004418381929
-0.005309955349
-0.005326137973
-0.004605576251
-0.00335946619
-0.001886410167
-0.0006257288903
-2.405837675e-05
7.57493044e-05
7.87311143e-05
0.0001076109287
0.0001169638874
9.470968652e-05
6.783970053e-05
5.086650234e-05
3.985990422e-05
3.154547968e-05
2.461003113e-05
1.9807445e-05
1.604234015e-05
1.27954826e-05
8.818469994e-06
0.000452554827
0.0004685463757
0.0005102533679
0.0005686691803
0.0006221265761
0.0006196903077
0.0004548122523
-8.496760099e-05
-0.001232407467
-0.003176170454
-0.00521959649
-0.006359294623
-0.00634566232
-0.005386933368
-0.003726939316
-0.001750179285
-0.0001299510229
0.0004286466237
0.0003619564528
0.0002734842325
0.0002596047438
0.0002265494906
0.0001634459524
0.0001085945376
7.33894305e-05
4.903645523e-05
3.083095399e-05
1.707062367e-05
7.291565273e-06
1.34447289e-07
-4.363030613e-06
-6.066736676e-06
0.0005138363984
0.0005391580275
0.0006065989864
0.0007111107479
0.0008388413578
0.0009454828834
0.0009155730926
0.0004520277727
-0.0008396539624
-0.003441792482
-0.006166589233
-0.007543295846
-0.007482511099
-0.006267634565
-0.00412834691
-0.001484993569
0.0006345587133
0.001059009161
0.0007028293049
0.0004720198726
0.0004077590015
0.0003342421365
0.0002398466139
0.0001700701214
0.0001269947346
9.706673613e-05
7.409991195e-05
5.703352712e-05
4.473634734e-05
3.583471142e-05
2.729878926e-05
1.869736694e-05
0.0005470605675
0.0005778430981
0.0006607564969
0.0007943543953
0.0009728409888
0.001164954423
0.001267021394
0.0009537341868
-0.0003159278394
-0.003475613064
-0.006860903931
-0.008475407653
-0.008421817778
-0.007072080052
-0.004626722491
-0.00144974502
0.00120002701
0.001633183225
0.001045152346
0.0006610452394
0.0005195284721
0.0003793441668
0.0002360988985
0.0001408434709
8.617324454e-05
4.919110145e-05
2.330822503e-05
6.195847601e-06
-4.797290263e-06
-1.16988132e-05
-1.600912022e-05
-1.501305154e-05
0.0005468580937
0.0005776517535
0.0006606069897
0.0007943062174
0.000973097687
0.001165886822
0.001270060377
0.0009603514946
-0.0002998537029
-0.003466006267
-0.006861489843
-0.00847722322
-0.00842314914
-0.007069649145
-0.004616580168
-0.00142742804
0.001243391527
0.001697558057
0.001113626234
0.0007329845379
0.0005937218261
0.0004561613568
0.0003092259134
0.0002102504936
0.0001525472573
0.0001116146784
8.129790173e-05
5.977734688e-05
4.460365781e-05
3.326585005e-05
2.29511105e-05
1.3000829e-05
0.0005132293434
0.0005385807641
0.0006061233641
0.000710889816
0.000839267929
0.0009472894121
0.0009203376767
0.0004604374715
-0.0008267200932
-0.003439787707
-0.006169904032
-0.00754227929
-0.00748009278
-0.006262031346
-0.004114520335
-0.001459833034
0.0006639696345
0.001088630921
0.0007028488284
0.00044454061
0.0003663130384
0.0002827074137
0.0001825022428
0.0001091890933
6.659458592e-05
3.781212888e-05
1.624671227e-05
1.412929967e-06
-7.977378923e-06
-1.420298824e-05
-1.810765451e-05
-1.674135935e-05
0.0004515481956
0.0004675752204
0.0005093978112
0.000568088431
0.0006221763893
0.0006209349362
0.0004582246553
-7.925934475e-05
-0.001224207785
-0.003172332082
-0.005217989044
-0.006356275743
-0.006343327919
-0.005382959253
-0.00371738325
-0.001733809127
-0.0001119157144
0.0004511374309
0.0003718769951
0.0002782809294
0.0002728165058
0.0002488426835
0.0001921571191
0.0001382677404
0.0001043130156
8.102987171e-05
6.250387072e-05
4.82074828e-05
3.744494896e-05
2.929200811e-05
2.146945712e-05
1.271055265e-05
0.0003705326179
0.0003759395882
0.0003888057116
0.0003984171608
0.0003807905372
0.0002882722039
3.721132482e-05
-0.000509572162
-0.001479276198
-0.00292022849
-0.00441821584
-0.005309849602
-0.005326073567
-0.004603996999
-0.003354484801
-0.001877160756
-0.0006141033402
-7.606288128e-06
8.48757871e-05
7.882688024e-05
0.0001039176063
0.0001098029211
8.162412375e-05
4.945500119e-05
2.924748703e-05
1.686814676e-05
6.656230945e-06
-1.488641197e-06
-7.071721577e-06
-1.0967274e-05
-1.262499484e-05
-1.152453895e-05
0.000280606384
0.000275837348
0.0002619248503
0.0002283952864
0.0001533436538
-2.693361472e-06
-0.0003000325236
-0.0008204356079
-0.001623798978
-0.002692068955
-0.003768812023
-0.004438029981
-0.004476753469
-0.003957235356
-0.003039770765
-0.00194821934
-0.0009800760517
-0.0004114619437
-0.0002141569727
-0.0001328040689
-5.510789976e-05
-3.139405247e-06
1.230320054e-05
1.287833562e-05
1.366779214e-05
1.506687201e-05
1.520303389e-05
1.39116721e-05
1.283434918e-05
1.183534009e-05
1.05526055e-05
7.471873637e-06
0.0001913126776
0.0001783764012
0.0001423491685
7.494594827e-05
-4.124059427e-05
-0.0002362833111
-0.0005505605408
-0.001028398902
-0.001690041963
-0.002494564843
-0.003274134512
-0.003772500053
-0.003822784602
-0.003452672663
-0.002775047824
-0.001957163836
-0.001203680266
-0.0006907404663
-0.0004318049532
-0.0002868883684
-0.000173635046
-9.537046082e-05
-5.596433279e-05
-3.760065889e-05
-2.579564094e-05
-1.744750002e-05
-1.250980228e-05
-1.029603752e-05
-9.253598454e-06
-8.496965898e-06
-7.313253861e-06
-5.668205707e-06
0.0001109957553
9.188248191e-05
3.925778659e-05
-5.251956047e-05
-0.0001957572546
-0.0004120078196
-0.000726603491
-0.001160378689
-0.00171201
-0.002335623961
-0.002914442375
-0.003289001465
-0.003341770297
-0.003076444455
-0.002570009252
-0.001944790238
-0.001345762807
-0.0008924008668
-0.0006085033864
-0.0004252818583
-0.0002869501939
-0.0001872493889
-0.0001251813684
-8.644706039e-05
-5.934396981e-05
-3.953435701e-05
-2.596183865e-05
-1.676669182e-05
-1.033909286e-05
-5.286406944e-06
-1.553922488e-06
6.72210705e-07
4.585709755e-05
2.246525098e-05
-4.158334194e-05
-0.0001495425897
-0.0003092328289
-0.0005355605119
-0.0008436303871
-0.001240263836
-0.00171359456
-0.002217403557
-0.002665166822
-0.002954748955
-0.003006976387
-0.002812057783
-0.002419509314
-0.001920226315
-0.001423258497
-0.00101689178
-0.0007256119572
-0.0005189730189
-0.0003625284146
-0.0002472631043
-0.0001691832748
-0.0001169446506
-8.033551797e-05
-5.451476849e-05
-3.675171027e-05
-2.493708263e-05
-1.666319607e-05
-1.089816737e-05
-6.43037191e-06
-3.101846458e-06
2.218285413e-07
-2.58029126e-05
-9.686569967e-05
-0.0002144704853
-0.0003832190666
-0.0006135862211
-0.0009144999469
-0.001285093553
-0.001708902278
-0.002140368059
-0.002510950861
-0.002744516956
-0.002791762972
-0.002643138164
-0.002321977877
-0.001899529167
-0.001466018534
-0.001092688629
-0.000803391247
-0.0005852206675
-0.0004186019192
-0.0002941727027
-0.0002060764793
-0.0001445971538
-0.0001011799814
-7.0072715e-05
-4.833035493e-05
-3.283038982e-05
-2.198045968e-05
-1.36930899e-05
-7.426115016e-06
-2.679757718e-06
-2.323062355e-05
-5.049747873e-05
-0.0001248669128
-0.0002469267046
-0.000419625806
-0.0006512253961
-0.0009478618404
-0.001305116499
-0.001706148571
-0.002102244483
-0.002439353038
-0.002651330838
-0.002682060053
-0.002557894705
-0.002273357591
-0.001887442893
-0.001483560805
-0.001126461319
-0.0008393007857
-0.000615906271
-0.000444078726
-0.0003149529549
-0.000221653932
-0.0001554561723
-0.0001085191741
-7.485750291e-05
-5.149832489e-05
-3.485202197e-05
-2.321681198e-05
-1.44394384e-05
-7.854386932e-06
-3.090163641e-06
-2.12719405e-05
-4.867112927e-05
-0.0001233761155
-0.0002459593907
-0.0004193222367
-0.000651592155
-0.0009486114526
-0.001305445271
-0.00170477268
-0.002097445099
-0.002430296605
-0.002639160764
-0.002667834752
-0.002545684161
-0.002265221745
-0.001883712359
-0.001483467231
-0.001128172385
-0.0008407783003
-0.0006161433613
-0.0004435971043
-0.0003142132425
-0.0002206888782
-0.0001543094142
-0.0001074279546
-7.387544844e-05
-5.064777424e-05
-3.404495146e-05
-2.262288311e-05
-1.391087641e-05
-7.483911481e-06
-2.794678451e-06
1.950462479e-06
-2.426065138e-05
-9.580852814e-05
-0.000214191524
-0.0003839698704
-0.0006154544974
-0.0009171533689
-0.001287411875
-0.001708917723
-0.002135456119
-0.002499617722
-0.002728092898
-0.002773609139
-0.002628128411
-0.002312622312
-0.001896405266
-0.00146799779
-0.001096941581
-0.0008064691345
-0.0005860302652
-0.0004183547107
-0.0002936431838
-0.0002051165222
-0.0001433793828
-0.0001000135873
-6.907991978e-05
-4.762438787e-05
-3.241382283e-05
-2.183291443e-05
-1.396056117e-05
-7.985399834e-06
-3.46123522e-06
4.710961128e-05
2.340999859e-05
-4.146232305e-05
-0.0001507886222
-0.0003123808248
-0.0005409302451
-0.0008508422814
-0.001247425219
-0.001717056709
-0.002212001648
-0.00264796172
-0.002928553087
-0.002979179606
-0.002790084026
-0.002407251447
-0.001918758608
-0.001430830589
-0.001027981056
-0.0007334705532
-0.000522198118
-0.0003641018031
-0.0002482399515
-0.0001692538222
-0.0001162007533
-7.953970163e-05
-5.355127744e-05
-3.56217293e-05
-2.336499801e-05
-1.482311738e-05
-8.672198056e-06
-4.054930313e-06
-9.359526029e-07
0.0001114993141
9.186269034e-05
3.780541684e-05
-5.643096913e-05
-0.000203261941
-0.0004239881229
-0.0007427324313
-0.001177320596
-0.001722451124
-0.00232911929
-0.002884984452
-0.003243475167
-0.003294845374
-0.003040727649
-0.002552143295
-0.001946518802
-0.001363515162
-0.0009149268452
-0.0006225339245
-0.0004305271286
-0.0002896006544
-0.0001891193201
-0.0001255727816
-8.615629438e-05
-5.940370855e-05
-4.053139289e-05
-2.772123248e-05
-1.935506087e-05
-1.357985258e-05
-9.510282506e-06
-6.182228388e-06
-3.403668901e-06
0.000190768247
0.0001769649382
0.0001384997711
6.67715729e-05
-5.606419305e-05
-0.0002599093575
-0.0005831551943
-0.001064094097
-0.001714566618
-0.002485475657
-0.003219868982
-0.00369036196
-0.003740361137
-0.003391887637
-0.002748001461
-0.001967939748
-0.001245615797
-0.0007381575934
-0.0004596950994
-0.0002984523059
-0.0001810800852
-0.000100991751
-5.792013803e-05
-3.630741954e-05
-2.259838928e-05
-1.283712222e-05
-6.600698597e-06
-3.036252837e-06
-8.223895691e-07
7.157713996e-07
1.625443926e-06
1.894651575e-06
0.0002787038693
0.000272578938
0.0002546767986
0.0002138188126
0.0001268804764
-4.590187563e-05
-0.0003619007853
-0.0008910364474
-0.001675797007
-0.002676803418
-0.003666578032
-0.004288827289
-0.004331298422
-0.003850612068
-0.00299398643
-0.001971900911
-0.001061584738
-0.0004957313912
-0.0002589414108
-0.000149957483
-6.749222768e-05
-1.46692575e-05
2.429109163e-06
2.979947435e-06
1.930506073e-06
1.663739672e-06
5.5512745e-07
-1.101171829e-06
-2.77959479e-06
-3.973749764e-06
-4.466433404e-06
-4.05493378e-06
0.0003670679877
0.0003703624631
0.0003770951131
0.0003749067611
0.0003369839677
0.0002140001963
-7.406648147e-05
-0.0006424743253
-0.00158363082
-0.002891826346
-0.004227271304
-0.005043715783
-0.005073977941
-0.004422692171
-0.003282614641
-0.001938805925
-0.0007791863757
-0.0001598244171
6.960047787e-06
4.62629972e-05
8.379875137e-05
0.0001011753971
8.690632553e-05
6.362400852e-05
4.723737773e-05
3.676388872e-05
2.871164005e-05
2.186937402e-05
1.673657212e-05
1.273604005e-05
9.32991406e-06
5.435714725e-06
0.000446440904
0.0004594573631
0.0004924752643
0.0005333928995
0.0005549433229
0.000501376391
0.000269676522
-0.0003150874099
-0.001420124582
-0.003115134066
-0.004879393486
-0.005908541138
-0.005918646816
-0.005071348662
-0.003596264216
-0.001857878083
-0.0004117692216
0.0002104596808
0.0002560755438
0.0002119771611
0.0002061478978
0.0001857177848
0.0001361889264
8.877179507e-05
5.753349873e-05
3.732565424e-05
2.277722123e-05
1.126704889e-05
3.289895554e-06
-2.357210234e-06
-5.517520048e-06
-5.84038392e-06
0.000506650239
0.0005281413073
0.000584216789
0.0006647681565
0.0007459181569
0.0007719117725
0.0006252546187
6.759181218e-05
-0.001171443604
-0.003315744904
-0.005584504862
-0.006827725
-0.006812035576
-0.005759946268
-0.003922625419
-0.001708495991
0.0001042080846
0.0006902804283
0.0005476051843
0.0003880173669
0.0003411638197
0.0002904303043
0.0002129631202
0.0001482690767
0.0001076424007
8.02640527e-05
5.942960803e-05
4.387762386e-05
3.276168552e-05
2.490075333e-05
1.76610885e-05
1.054665927e-05
0.0005392472441
0.0005656696312
0.0006354814116
0.000740608122
0.0008613278757
0.0009466822211
0.0008791834144
0.0003898051781
-0.0008710459004
-0.003334452225
-0.006035697044
-0.007469393735
-0.00747895162
-0.006325180771
-0.004268155421
-0.001716025702
0.0004282328995
0.001042728895
0.0007465910455
0.0004729230305
0.0003808277062
0.0003010502917
0.0002001658417
0.0001245637772
8.095591975e-05
5.194527314e-05
3.03662859e-05
1.509869684e-05
4.815285886e-06
-2.267159013e-06
-6.853129768e-06
-7.393270412e-06
0.0005390529245
0.000565488019
0.0006353434367
0.000740569204
0.0008615405657
0.0009473953121
0.0008811792343
0.0003937294382
-0.0008628671088
-0.003327366105
-0.006033326971
-0.007468381643
-0.007478087537
-0.006323094343
-0.004262201333
-0.001702814119
0.0004519645649
0.001079793882
0.000791771212
0.0005219424049
0.0004348031223
0.0003573739025
0.0002558160849
0.0001795187885
0.0001350139711
0.0001043519536
8.053791949e-05
6.332840195e-05
5.084454582e-05
4.140102978e-05
3.197009925e-05
2.175833515e-05
0.0005060663918
0.0005275912046
0.0005837752991
0.0006645766801
0.0007462927627
0.0007733796911
0.0006288002486
7.354092304e-05
-0.001163035187
-0.003312635866
-0.005586417416
-0.0068275776
-0.006810210396
-0.0057553148
-0.003912290474
-0.001690615737
0.000125034102
0.0007134466882
0.0005543434371
0.000373198151
0.0003112193268
0.0002514470206
0.0001694726529
0.0001031895812
6.38578193e-05
3.813862981e-05
1.886302133e-05
5.449626874e-06
-2.902520565e-06
-8.587470752e-06
-1.215391713e-05
-1.112240468e-05
0.0004454691471
0.0004585272673
0.0004916736596
0.0005328751654
0.0005550175223
0.0005024943867
0.0002724981982
-0.0003105461662
-0.001414176462
-0.003111726165
-0.004878080456
-0.005905944106
-0.005915690622
-0.005066782193
-0.003587503833
-0.001844224528
-0.0003961429011
0.0002285319347
0.0002652635911
0.0002152109778
0.0002135461493
0.0002015500865
0.0001588594173
0.0001151343067
8.735802379e-05
6.955758188e-05
5.530889267e-05
4.45204719e-05
3.658411813e-05
3.094408708e-05
2.456506075e-05
1.688688005e-05
0.0003657189511
0.0003690501866
0.000375892604
0.0003739405218
0.0003364845954
0.0002142851174
-7.259723583e-05
-0.0006398189417
-0.001580105272
-0.002889584921
-0.00422682281
-0.005043347507
-0.005073452171
-0.004420760799
-0.003277676782
-0.001930127763
-0.0007681874508
-0.000146449063
1.528312904e-05
4.779800667e-05
8.200806179e-05
9.640089211e-05
7.759960808e-05
4.960182378e-05
3.036313765e-05
1.855279055e-05
8.893387389e-06
1.186568676e-06
-4.205871625e-06
-7.855119139e-06
-9.492853631e-06
-8.547063011e-06
0.0002770030364
0.0002709009818
0.000253072887
0.0002123743761
0.0001257465453
-4.65245603e-05
-0.0003617917453
-0.0008902175481
-0.001674560631
-0.00267624461
-0.003667093705
-0.004289372593
-0.004331444355
-0.003849737121
-0.002991328765
-0.001966538495
-0.001054510719
-0.0004875403061
-0.0002544602038
-0.0001507473567
-6.984553915e-05
-1.587205678e-05
3.130212871e-06
5.83265263e-06
7.414745179e-06
9.781201246e-06
1.088253648e-05
1.064462803e-05
1.047773614e-05
1.049613378e-05
9.815241243e-06
7.675465429e-06
0.000188753442
0.0001749603404
0.0001365299442
6.488446046e-05
-5.778048942e-05
-0.000261339806
-0.0005841888048
-0.00106475537
-0.001715047009
-0.002486294586
-0.003221282179
-0.00369189906
-0.003741716535
-0.003392700993
-0.002747722835
-0.001965966464
-0.001242462946
-0.0007343700964
-0.0004577079075
-0.0002991672269
-0.000182377195
-0.0001017241894
-5.879013925e-05
-3.817215331e-05
-2.564539592e-05
-1.6827041e-05
-1.162594181e-05
-9.166105573e-06
-7.932401746e-06
-7.157801496e-06
-6.029811152e-06
-4.414706723e-06
0.0001092219617
8.958421836e-05
3.552783576e-05
-5.868902472e-05
-0.0002054560128
-0.0004260583394
-0.0007446265872
-0.001179058555
-0.001724148063
-0.002331034728
-0.002887255742
-0.003245881804
-0.003297131793
-0.003042630114
-0.002553312764
-0.001946592474
-0.00136269038
-0.0009136238287
-0.0006220482033
-0.0004316344431
-0.0002913834783
-0.0001907948091
-0.0001272631767
-8.772596609e-05
-6.055491598e-05
-4.072271727e-05
-2.706044891e-05
-1.772947042e-05
-1.120457938e-05
-6.046568059e-06
-2.106779548e-06
3.958385521e-07
4.46295803e-05
2.092013079e-05
-4.397658166e-05
-0.0001533291114
-0.0003149307951
-0.0005434626923
-0.0008533360065
-0.001249896467
-0.001719575483
-0.002214693907
-0.002650883406
-0.00293157078
-0.002982116375
-0.002792783894
-0.002409482939
-0.001920306897
-0.001431725903
-0.00102854051
-0.0007343361288
-0.0005239172713
-0.0003660693649
-0.0002500218758
-0.0001707718312
-0.0001176370388
-8.068057118e-05
-5.461156439e-05
-3.667234388e-05
-2.47060793e-05
-1.638362724e-05
-1.055259252e-05
-6.069458465e-06
-2.744475535e-06
-6.670564321e-07
-2.689369686e-05
-9.848231809e-05
-0.0002169205422
-0.0003867532849
-0.0006182833565
-0.0009200216154
-0.001290333218
-0.001711932602
-0.002138633222
-0.002502972929
-0.00273153807
-0.002776976011
-0.00263133911
-0.002315512195
-0.001898793845
-0.001469892674
-0.001098489326
-0.0008080866886
-0.0005879585244
-0.0004204091444
-0.0002955040301
-0.0002068328271
-0.0001449468685
-0.0001014016995
-7.026485127e-05
-4.850669793e-05
-3.299352291e-05
-2.214307195e-05
-1.384935361e-05
-7.558352019e-06
-2.770317986e-06
-2.395882936e-05
-5.137631912e-05
-0.0001261300047
-0.000248782431
-0.0004222207718
-0.0006545650973
-0.0009516587456
-0.001308579054
-0.001708019767
-0.002100850571
-0.002433861581
-0.002642835297
-0.002671408696
-0.002549131555
-0.002268416174
-0.001886506098
-0.001485803537
-0.001130220354
-0.0008427607873
-0.0006182695659
-0.0004457408961
-0.0003162007184
-0.0002224662268
-0.0001559196616
-0.0001088002717
-7.500626415e-05
-5.155430931e-05
-3.485392447e-05
-2.319914155e-05
-1.440716959e-05
-7.779359962e-06
-3.0445541e-06
-2.168825428e-05
-4.917072905e-05
-0.0001240885072
-0.0002469995447
-0.0004207702326
-0.0006534499222
-0.0009507212085
-0.00130737594
-0.001705852156
-0.002096768623
-0.002427459971
-0.002634767248
-0.002662216146
-0.002541129898
-0.002262755077
-0.001883395771
-0.001484833492
-0.001130323376
-0.0008427472859
-0.0006175107359
-0.0004445639917
-0.0003149333237
-0.0002211619384
-0.0001545935248
-0.0001076052845
-7.400749419e-05
-5.068083066e-05
-3.404819296e-05
-2.261799882e-05
-1.390050684e-05
-7.476757013e-06
-2.77498443e-06
1.446831476e-06
-2.487532494e-05
-9.671256847e-05
-0.000215553188
-0.0003859241471
-0.0006180404908
-0.0009201813369
-0.001290279768
-0.00171059247
-0.00213459313
-0.002495475533
-0.002721298713
-0.002765829311
-0.002621992286
-0.002309372561
-0.001896216379
-0.001470243089
-0.001100180291
-0.0008091193149
-0.0005876313504
-0.0004194248091
-0.0002944162462
-0.0002055688204
-0.0001435993168
-0.0001001313745
-6.915199751e-05
-4.767773539e-05
-3.243136719e-05
-2.183362963e-05
-1.394242384e-05
-7.964306652e-06
-3.42602951e-06
4.642219416e-05
2.254905841e-05
-4.278646908e-05
-0.0001528712875
-0.0003154971558
-0.0005452266746
-0.0008560833003
-0.001252589081
-0.001720235005
-0.002210596543
-0.002640528566
-0.0029163859
-0.002966115906
-0.002780051979
-0.002402186411
-0.001919031587
-0.001435455205
-0.001034230257
-0.0007382223888
-0.000524999367
-0.0003661220961
-0.0002497664391
-0.0001701619071
-0.0001166524821
-7.979389512e-05
-5.364152143e-05
-3.567690617e-05
-2.332233699e-05
-1.477123747e-05
-8.579915939e-06
-3.980119651e-06
-8.51202133e-07
0.0001105159174
9.059472891e-05
3.576031467e-05
-5.979366602e-05
-0.0002085141155
-0.0004315401469
-0.0007523268002
-0.001187149816
-0.001728708699
-0.002326660258
-0.002870913995
-0.003220858829
-0.00327145196
-0.003023152615
-0.002543756912
-0.001947861025
-0.001372652308
-0.0009262276053
-0.0006299237508
-0.0004341517908
-0.0002921124837
-0.000190999219
-0.000126590915
-8.655041464e-05
-5.957981328e-05
-4.055362214e-05
-2.761333496e-05
-1.913545685e-05
-1.332352406e-05
-9.227823871e-06
-5.917035506e-06
-3.103728716e-06
0.0001893599533
0.0001750961789
0.0001353318535
6.132961316e-05
-6.493918163e-05
-0.0002732260251
-0.0006008007304
-0.001082876385
-0.001727112007
-0.002481001878
-0.003192777101
-0.003648426973
-0.003698170979
-0.00336090141
-0.002734398139
-0.001972322818
-0.001265466088
-0.0007609246442
-0.0004738044391
-0.0003054512273
-0.0001859118355
-0.0001043089155
-5.95354385e-05
-3.683164325e-05
-2.273236762e-05
-1.27853179e-05
-6.387636915e-06
-2.744748826e-06
-4.776762241e-07
1.082823528e-06
2.073623483e-06
2.292207213e-06
0.0002767338484
0.0002698943369
0.0002498887945
0.0002052178656
0.000112211579
-6.89131178e-05
-0.0003937908783
-0.0009263650081
-0.001700580821
-0.002668345954
-0.003615262244
-0.004212528195
-0.004256459325
-0.003795684626
-0.002973833146
-0.00198095409
-0.001098060103
-0.0005339973483
-0.0002799743298
-0.0001591221154
-7.390331974e-05
-1.892570579e-05
1.03971673e-06
3.456844043e-06
3.044879111e-06
3.155580731e-06
2.256744731e-06
6.334948538e-07
-1.204815072e-06
-2.535422355e-06
-3.220257552e-06
-3.119010203e-06
0.0003644589652
0.0003666198032
0.0003701520567
0.0003618709038
0.0003136807071
0.0001756972962
-0.0001297217722
-0.0007068776046
-0.001631377525
-0.002876153245
-0.004132883531
-0.00490992699
-0.004944465593
-0.004329744024
-0.003245028402
-0.001965624977
-0.0008555160855
-0.0002303294621
-2.990882075e-05
3.121477687e-05
7.47937498e-05
9.606283237e-05
8.535530584e-05
6.390107949e-05
4.796533134e-05
3.777238878e-05
3.008036175e-05
2.337871536e-05
1.842121e-05
1.467670448e-05
1.157012711e-05
7.503629997e-06
0.0004431451176
0.0004545770607
0.0004830020517
0.0005147895404
0.0005200357252
0.0004410690069
0.0001775570788
-0.0004264681819
-0.001507250661
-0.003086241514
-0.0047162013
-0.005689965155
-0.005704978216
-0.004916749006
-0.003531425829
-0.001910411996
-0.0005454254212
0.0001042506878
0.000205537426
0.000192585479
0.0001962415454
0.000185098452
0.0001428178265
9.737942812e-05
6.542839849e-05
4.422061128e-05
2.837058725e-05
1.544202494e-05
6.321717638e-06
-4.626080864e-07
-4.594723274e-06
-5.941215728e-06
0.0005027759267
0.0005222358105
0.000572326344
0.0006404783101
0.0006981581492
0.0006849412941
0.0004843753827
-0.0001126794204
-0.001320860525
-0.003261743084
-0.005313970537
-0.006489389009
-0.006484243445
-0.00552407221
-0.003833746548
-0.001811744586
-0.0001369642881
0.0005245733237
0.0004880411788
0.0003725914837
0.0003294212139
0.0002862238286
0.0002160891087
0.0001533464515
0.0001130178936
8.623563555e-05
6.564614383e-05
5.007052363e-05
3.892506007e-05
3.05888033e-05
2.293614308e-05
1.472458418e-05
0.0005350349386
0.000559147522
0.0006220768892
0.0007125420365
0.0008044414074
0.0008386368951
0.0006950341462
0.0001356594481
-0.001110561864
-0.003282892454
-0.005672747474
-0.007017027704
-0.007029004881
-0.005995360169
-0.004120760595
-0.001827296639
0.0001046796867
0.000803046846
0.0006789507932
0.0004872912338
0.0004032695547
0.000326879658
0.0002255880201
0.0001422108781
9.151258331e-05
5.747141464e-05
3.227352702e-05
1.412169111e-05
2.080589047e-06
-6.231461637e-06
-1.139413515e-05
-1.188006427e-05
0.0005348447064
0.0005589706212
0.0006219440585
0.0007125060289
0.0008046300895
0.0008392437056
0.0006965790631
0.0001385319443
-0.001105237051
-0.003277332457
-0.005669788809
-0.007015454946
-0.007027760741
-0.005993437909
-0.004115765526
-0.001817898852
0.000121333071
0.0008289466186
0.0007106026374
0.0005202912387
0.0004435874378
0.0003712946677
0.0002722835236
0.0001919057629
0.000142217424
0.0001075892792
8.12158671e-05
6.1974185e-05
4.83931874e-05
3.82848834e-05
2.847128182e-05
1.86825352e-05
0.0005022037092
0.0005216989837
0.0005719005295
0.000640297816
0.0006984993199
0.0006862377056
0.0004873495902
-0.000107833271
-0.001314351236
-0.003258386848
-0.005314949648
-0.006489589633
-0.006483006428
-0.005520222632
-0.003825256852
-0.001796987348
-0.0001191464556
0.0005432892834
0.0004957258859
0.0003632603044
0.0003086519284
0.0002570779934
0.0001808980023
0.0001138027955
7.141647978e-05
4.328366824e-05
2.203811613e-05
6.580747313e-06
-3.206009724e-06
-9.881935843e-06
-1.431546417e-05
-1.369554837e-05
0.0004421908934
0.0004536672744
0.0004822260048
0.0005142991268
0.000520112662
0.0004421083474
0.0001800742299
-0.000422501486
-0.001502303064
-0.003083135609
-0.004714908983
-0.005687624854
-0.005701927447
-0.004912187148
-0.003523064767
-0.001898119068
-0.0005308446896
0.0001199288177
0.000214533901
0.0001959969899
0.0002018789344
0.0001973033301
0.0001609146383
0.0001196657226
9.124257951e-05
7.293909074e-05
5.775913e-05
4.580761125e-05
3.695634976e-05
3.050162858e-05
2.337782862e-05
1.540429901e-05
0.0003631312395
0.0003653327844
0.0003689823593
0.0003609463235
0.0003132207222
0.0001759913257
-0.0001283468753
-0.0007044549776
-0.001628293157
-0.002874047221
-0.004132271456
-0.004909426991
-0.00494372592
-0.004327695877
-0.003240265173
-0.001957325665
-0.0008449268632
-0.0002184071463
-2.212445888e-05
3.328645371e-05
7.356734352e-05
9.243058513e-05
7.787592908e-05
5.208962795e-05
3.265464242e-05
2.025621746e-05
1.016347834e-05
1.891900957e-06
-4.013003956e-06
-8.16796163e-06
-1.025432612e-05
-9.531225157e-06
0.0002750564724
0.0002682436416
0.0002483208405
0.0002038217889
0.0001111357175
-6.947948731e-05
-0.0003936600589
-0.0009255771052
-0.001699451628
-0.002667790485
-0.003615661891
-0.004212965154
-0.004256468994
-0.003794596028
-0.002971378656
-0.001975469785
-0.001090869854
-0.0005262525484
-0.0002754259562
-0.0001592099465
-7.589037481e-05
-2.023349295e-05
1.337258858e-06
5.592913695e-06
7.638913841e-06
1.021744834e-05
1.150504613e-05
1.112666704e-05
1.102751417e-05
1.077645492e-05
1.00326855e-05
7.588504885e-06
0.0001873691862
0.0001731188895
0.0001333978992
5.949118563e-05
-6.659288575e-05
-0.0002745832648
-0.0006017636968
-0.001083480481
-0.001727562368
-0.002481764937
-0.003194076921
-0.003649813959
-0.003699340954
-0.003361483448
-0.002733933075
-0.001970118105
-0.001262134492
-0.0007572230392
-0.0004717940771
-0.0003059139639
-0.0001871814452
-0.0001050891511
-6.034250647e-05
-3.843157705e-05
-2.548080495e-05
-1.647797205e-05
-1.127441321e-05
-8.845374072e-06
-7.685029208e-06
-7.170600887e-06
-6.220032015e-06
-4.706544223e-06
0.0001082621472
8.834264305e-05
3.351671389e-05
-6.200612229e-05
-0.0002106486634
-0.0004335369738
-0.0007541387459
-0.001188803265
-0.001730326583
-0.002328487183
-0.002873070251
-0.003223120601
-0.003273572885
-0.003024857562
-0.002544717575
-0.001947736362
-0.001371638372
-0.0009248547649
-0.000629355072
-0.0004350661808
-0.0002937418587
-0.0001926040914
-0.000128209501
-8.812302328e-05
-6.07923999e-05
-4.089132889e-05
-2.71331345e-05
-1.774020459e-05
-1.118715271e-05
-6.045214881e-06
-2.098375104e-06
4.245219989e-07
4.396488991e-05
2.00843012e-05
-4.526913125e-05
-0.0001553701676
-0.0003179930987
-0.0005476916896
-0.0008584979151
-0.001254973232
-0.001722663638
-0.002213193601
-0.002643341076
-0.002919276135
-0.00296890372
-0.002782577358
-0.002404226131
-0.001920383652
-0.001436161961
-0.001034656076
-0.0007389864535
-0.0005265853705
-0.0003680098685
-0.0002515388877
-0.0001716553187
-0.0001180616861
-8.090690416e-05
-5.471122848e-05
-3.667490295e-05
-2.465564969e-05
-1.631991581e-05
-1.050603238e-05
-6.048380515e-06
-2.770093644e-06
-1.148765761e-06
-2.748438213e-05
-9.935675079e-05
-0.0002182439139
-0.0003886583832
-0.0006208080609
-0.0009229766425
-0.001293118743
-0.001713519011
-0.002137676918
-0.002498729612
-0.002724627492
-0.002769058627
-0.002625049624
-0.002312095099
-0.001898430003
-0.001471969839
-0.001101592256
-0.0008106293834
-0.0005894589708
-0.0004214064406
-0.0002962381801
-0.0002072481344
-0.0001451404843
-0.0001015174302
-7.033965622e-05
-4.856811618e-05
-3.303922572e-05
-2.218015695e-05
-1.388023439e-05
-7.582965309e-06
-2.786048016e-06
-2.435369203e-05
-5.185256904e-05
-0.0001268138896
-0.0002497861164
-0.000423622302
-0.0006563651561
-0.0009536996577
-0.001310431202
-0.001709014722
-0.00210008247
-0.00243092898
-0.002638339713
-0.002665655053
-0.002544432877
-0.002265795161
-0.001886026428
-0.001487012842
-0.001132235033
-0.0008446214177
-0.0006195462442
-0.0004466419084
-0.0003168827729
-0.0002229140785
-0.000156179215
-0.0001089608731
-7.511189827e-05
-5.159842598e-05
-3.48672062e-05
-2.320293801e-05
-1.440428396e-05
-7.767357754e-06
-3.052884248e-06
-0.01883026338
-0.01984264548
-0.01972302561
-0.02222978479
-0.02211931381
-0.02456562888
-0.0238715872
-0.01800519049
-0.0195681144
-0.01874862175
-0.02299831149
-0.02165420577
-0.02484660675
-0.02324009457
-0.01961732968
-0.01837840888
-0.01876930469
-0.02461313364
-0.02391064916
-0.02222485669
-0.0221693416
-0.01866350449
-0.01859845255
-0.01797219541
-0.02489556396
-0.02326545447
-0.02302955432
-0.02168074263
-0.01555662278
-0.01972075403
-0.0190299004
-0.01636780839
-0.01652005075
-0.03122371917
-0.02462733943
-0.01488425707
-0.01999628574
-0.01797539918
-0.01667346034
-0.01571646538
-0.03349866312
-0.02258277751
-0.01610607378
-0.02143717638
-0.02211952115
-0.0154385587
-0.0110640087
-0.02193453639
-0.02662860301
-0.02532093686
-0.01352619214
-0.02424232882
-0.0280560482
-0.02549566745
-0.0237797143
-0.02863556411
-0.02456020717
-0.02101320906
-0.02724625728
-0.02267214796
-0.0454480911
-0.005620218854
-0.02518392803
-0.0173779385
-0.01819579243
-0.01264699719
-0.02167768407
-0.005172388103
-0.01593195703
-0.01402137625
-0.01010281792
-0.02508438375
-0.01819364698
-0.02160907635
-0.02684051289
-0.02541165453
-0.02394595168
-0.02401504885
-0.02447855869
-0.02588864879
-0.02365190912
-0.02261987157
-0.02466530641
-0.02159698581
-0.05705416355
-0.01798637402
-0.01771390301
-0.006309532059
-0.01249772226
-0.01396300914
-0.01906039955
-0.01527060292
-0.01550913388
-0.03086173083
-0.02461920694
-0.01640142154
-0.01658720626
-0.01794668243
-0.01563353259
-0.0148629466
-0.03302504345
-0.02249765559
-0.0167447449
-0.01580956726
-0.01658017977
-0.03085463832
-0.02460258644
-0.01525349487
-0.01549074771
-0.01983793883
-0.0190330725
-0.01579675761
-0.03299981247
-0.02247725543
-0.01561149072
-0.01483442796
-0.01994087657
-0.01789789304
-0.0100444963
-0.004903667017
-0.01592965694
-0.01779415931
-0.02141296902
-0.01816943785
-0.02158976188
-0.02616929403
-0.02492830683
-0.02393801406
-0.02399610832
-0.02774392982
-0.02528395917
-0.02587732629
-0.02358296396
-0.02847630326
-0.02433087691
-0.05700347079
-0.02459485722
-0.0215176502
-0.02706928512
-0.02248066433
-0.01378195756
-0.0175883564
-0.005996287072
-0.02502425697
-0.01741084404
-0.0151826243
-0.01093150007
-0.01968320854
-0.02179751943
-0.005566073292
-0.01604903778
-0.01327975437
-0.02640577125
-0.02511849367
-0.01777862839
-0.02191088243
-0.02787550471
-0.02535869196
-0.02415777851
-0.02425401414
-0.02850211679
-0.02445724829
-0.0260158374
-0.02376052217
-0.04547001864
-0.02714145674
-0.0225423359
-0.0246430442
-0.02097847515
-0.01824061281
-0.01275895119
-0.02506168974
-0.016901467
-0.01781791033
-0.005522669445
-0.02459631539
-0.01638039919
-0.01653792082
-0.01970343678
-0.01901507475
-0.01533785668
-0.0155594697
-0.02255682732
-0.01668987608
-0.01572546624
-0.01995329544
-0.01792738281
-0.01567258973
-0.01487876021
-0.02216839376
-0.0246801905
-0.02394647819
-0.01836874299
-0.01874438938
-0.01962570969
-0.01950277449
-0.02163113549
-0.0249014865
-0.02322352837
-0.01855964417
-0.01790665775
-0.01936656252
-0.01852939486
-0.02391687908
-0.02223009467
-0.02213281418
-0.01970245965
-0.01959083265
-0.018461883
-0.01881139118
-0.02322478558
-0.02299367271
-0.02161884337
-0.01943938127
-0.01861290897
-0.01861405742
-0.01795579918
-0.01104465624
-0.00790216728
-0.01386003455
-0.008779877102
-0.01358655181
-0.01455337067
-0.01827954107
-0.01743812233
-0.01725904197
-0.0190977622
-0.01708036738
-0.02014373449
-0.02159234869
-0.02281536929
-0.01470311958
-0.01757541969
-0.01578131052
-0.0212003216
-0.01842382832
-0.02326103402
-0.02060561153
-0.006243134261
-0.01278376904
-0.008194042742
-0.01507919586
-0.007550852603
-0.01858277254
-0.01225415226
-0.01379533279
-0.005013403513
-0.01111996786
-0.01318039816
-0.01799011255
-0.007685266125
-0.01363951903
-0.01900022952
-0.01463170369
-0.01733730366
-0.0217238882
-0.02285919376
-0.0175255897
-0.02012737487
-0.01572078824
-0.01661015789
-0.01478088131
-0.0232976045
-0.02061572839
-0.02123487767
-0.01855234511
-0.008349148309
-0.01150448137
-0.006513988408
-0.01860067209
-0.01265135502
-0.01510801713
-0.007942154244
-0.00812665269
-0.003991249815
-0.01016970391
-0.00238130135
-0.007830450731
0.001685458104
-0.009711272833
-0.01389403938
-0.01451787148
-0.01721025879
-0.01111602289
-0.01472014394
-0.02070187941
-0.0235147695
-0.01174241173
-0.01729424853
-0.01394237003
-0.01453921135
-0.01223059787
-0.02910751459
-0.0209957711
-0.004694859076
-0.01057652715
-0.004867440025
-0.008931941263
-0.004464244536
-0.01160893502
-0.005072886069
0.01043690083
0.04181203553
-0.01277972132
0.02542953957
-0.006787223694
0.1911961517
-0.0307992013
-0.02193330634
-0.02138758154
-0.02131057072
-0.02345015692
-0.02810723326
-0.02866164984
-0.02832516728
-0.02453106309
-0.0263187126
-0.03020170514
-0.02395247778
-0.0261668303
-0.03445297609
-0.02847900804
-0.02559068282
-0.02685187545
-0.03162102744
-0.02420751357
-0.0264645351
-0.03494977853
-0.02736648719
-0.02313347613
-0.02544978209
-0.02954184615
-0.02253942571
-0.0236412261
-0.03372349474
0.02103751067
-0.01257348733
0.02868400224
-0.004503602421
0.02403605388
0.01310486697
-0.01045138571
0.02110033478
0.009489354042
0.200995181
0.02524455002
-0.008246244243
-0.03276339812
-0.02202986479
-0.01327909632
-0.0249118326
-0.02162725056
-0.02836363337
-0.01952477333
-0.03024459423
-0.02325125609
-0.0256354163
-0.03574363384
-0.02374241789
-0.02772742369
-0.03791546488
-0.02848696132
-0.02464225338
-0.02745154158
-0.03544757586
-0.02449681777
-0.02819652875
-0.03565097618
-0.02901871522
-0.0251292715
-0.02820643747
-0.03634936053
-0.02511598306
-0.02871784502
-0.03646602429
-0.02887011373
-0.02435681944
-0.02706400331
-0.03491393649
-0.02420538618
-0.0287464334
-0.03501373563
-0.02221131805
-0.0197794659
-0.02331697289
-0.03482002489
-0.01782449505
-0.0246827517
-0.03205761766
0.02744872289
0.0005576100742
0.02137586011
0.03338757667
-0.006421023781
0.02123931655
-0.01030789222
-0.003084875472
-0.008156095612
0.001324204836
-0.01043791122
-0.002455191257
-0.007876664237
-0.01740021387
-0.01132103559
-0.01386884372
-0.02215131369
-0.02307826597
-0.01131208101
-0.01478443999
-0.01404105196
-0.01365224777
-0.01180609403
-0.02911548302
-0.02275774387
-0.01461080063
-0.01239756565
-0.005106003483
-0.008769819674
-0.004733195885
-0.01152794909
-0.005372622809
-0.009020149906
-0.0045588122
-0.007872922461
0.001234418059
-0.01046289817
-0.003032811506
-0.008135690294
-0.003484522558
-0.01028769032
-0.01478305637
-0.0221047297
-0.02308560597
-0.01131056016
-0.01385312247
-0.0148858081
-0.01739089045
-0.0123682439
-0.02907972055
-0.02271391364
-0.01361558749
-0.01175933763
-0.0172445883
-0.01397054601
-0.00449622738
-0.01146880734
-0.00524629614
-0.008707530462
-0.004637302981
-0.01032917115
-0.004937811199
-0.007766967582
0.1590684794
0.02091360117
0.009548973826
0.03895260266
-0.008496021483
-0.03272634795
-0.01947046411
-0.01314480329
-0.0179179481
-0.01368473058
-0.02661995328
-0.03613112861
-0.03673706007
-0.03954091351
-0.02999428398
-0.0417562263
-0.03016805474
-0.03950043939
-0.02760650298
-0.01637445567
-0.004004010882
-0.01578207139
-0.007958870792
-0.02919731097
0.02166732904
0.06114373387
0.001165448357
0.02227126858
-0.01295513603
0.03097387329
0.02496344753
-0.006698161653
0.0386964949
-0.0108145396
0.02180497671
0.01028567046
-0.03943150125
0.03986568863
-0.00470962198
0.02384686159
-0.01200849611
0.0317232183
0.002099711352
0.02140312892
-0.009719643405
-0.00238286121
-0.007835310798
-0.003794045201
-0.01011963233
-0.003063977931
-0.00811300764
-0.02344856843
-0.01112972933
-0.01472894634
-0.01450273348
-0.01718150278
-0.01119391707
-0.0138890708
-0.01957020282
-0.02565110396
-0.01963142214
-0.02709498602
-0.01932348827
-0.02360803452
-0.0189107096
-0.02022227383
-0.02596237575
-0.02108314786
-0.02856030056
-0.01960820431
-0.02381836428
-0.02042239012
-0.02101166578
-0.01455531213
-0.01224504319
-0.01725173628
-0.01391001507
-0.01371508872
-0.01173913971
-0.00514757505
-0.008945772592
-0.004488275699
-0.01052733076
-0.004810400314
-0.008759914211
-0.004689008189
-0.01359710108
-0.01270682922
-0.01807446761
-0.004837702787
-0.01105330217
-0.007276558745
-0.01369394118
-0.02010178474
-0.0218191062
-0.0229149283
-0.01461318735
-0.01731028626
-0.01717648136
-0.01888499059
-0.018477858
-0.02323000001
-0.02052798513
-0.01652597312
-0.01467875405
-0.01735772713
-0.01556030518
-0.0076833173
-0.0183811806
-0.01224868659
-0.01134599059
-0.006271303051
-0.01253083019
-0.008013813799
-0.01839583034
-0.008445000201
-0.01352353126
-0.007521476765
-0.0137461932
-0.005182695263
-0.01098288665
-0.02289273785
-0.01707546545
-0.02013032096
-0.01715754937
-0.01895016263
-0.01446401972
-0.01740268803
-0.0205137585
-0.02115612243
-0.01837002418
-0.01743317519
-0.01561627393
-0.01657852974
-0.01462848341
-0.01191143358
-0.01498595379
-0.007406873746
-0.01257202245
-0.007895360637
-0.0112969848
-0.006093825229
-0.01956256015
-0.02710274592
-0.01964844026
-0.02567431554
-0.01891950816
-0.02359796031
-0.01932700257
-0.01890559413
-0.02358641675
-0.01990299072
-0.02223462626
-0.01966997562
-0.02126584798
-0.0186398531
-0.02022799262
-0.02856209568
-0.02109764616
-0.02596481189
-0.02042199282
-0.02381230146
-0.0196172978
-0.01872316003
-0.02222211677
-0.01860767193
-0.02100339509
-0.01877441991
-0.02051235949
-0.01804606958
-0.03321555111
-0.01659234355
-0.02339938469
-0.02550047701
-0.02421856387
-0.02344625804
-0.02790449524
-0.02542838444
-0.02148826698
-0.02090094863
-0.0232169137
-0.02100838876
-0.02515188391
-0.02164100854
-0.03316173347
-0.01453693353
-0.02256306192
-0.01949599162
-0.0159718282
-0.01509450086
-0.01158828333
-0.01531780092
-0.01301715985
-0.0162385138
-0.03881391159
-0.02400959874
-0.02113288702
-0.02360540059
-0.0232712286
-0.02182240614
-0.02061834455
-0.02630185598
-0.03007924481
-0.02600164709
-0.02351441845
-0.03552439533
-0.02398223471
-0.03761574831
-0.02758087039
-0.0248990476
-0.02491201654
-0.02230999875
-0.02828836273
-0.02243607154
-0.02815991265
-0.0240645499
-0.02215639589
-0.04021788125
-0.03576963253
-0.02318057046
-0.01833332077
-0.02442662768
-0.02315743868
-0.02418044838
-0.02582068635
-0.02224540855
-0.02310870356
-0.02682755651
-0.0284049448
-0.02756583834
-0.02480634705
-0.03550038903
-0.02461563881
-0.03547428083
-0.02828233857
-0.02495352512
-0.02537564448
-0.02329987096
-0.02780783725
-0.02310313254
-0.02762161997
-0.02493565732
-0.03929664672
-0.03015239388
-0.02770494013
-0.02452163869
-0.0239916838
-0.02336249751
-0.02323694776
-0.02511665424
-0.02182302654
-0.02286256238
-0.02596393587
-0.0289524167
-0.02829478186
-0.02527609192
-0.03618579962
-0.02524902835
-0.03619172248
-0.02884671063
-0.02473983707
-0.0245883905
-0.02294126789
-0.02692130484
-0.02295555635
-0.02687538389
-0.02469072364
-0.04153992521
-0.03017550403
-0.02781855544
-0.02435867151
-0.02211765423
-0.01930275288
-0.02332634201
-0.02567259107
-0.01945318598
-0.01753251609
-0.03128481658
-0.02873637815
-0.02715004217
-0.02446499338
-0.03492785138
-0.02425883556
-0.03479850416
-0.02886614178
-0.02388608692
-0.02278851638
-0.02115257216
-0.02564032302
-0.02133387273
-0.02609137706
-0.02330907057
-0.03923343134
-0.02741211091
-0.03347610706
-0.01380778293
-0.04182011992
-0.02225578127
-0.02345229078
-0.01982222198
-0.03484960717
-0.01791148162
-0.0319243861
-0.02475477967
-0.01886007918
-0.01676373921
-0.01548575849
-0.02640570154
-0.01353983967
-0.02939429824
-0.01949793815
-0.0166458354
-0.01908130017
-0.007327942242
-0.008623430611
-0.02996502394
-0.009638288903
-0.01127096888
-0.006177573212
-0.006425804467
-0.0312063918
-0.04507384859
-0.02552656425
-0.02024974952
-0.02077557836
-0.02351109113
-0.01967433161
-0.02214305332
-0.02513815493
-0.02520820174
-0.03248724851
-0.01328015346
-0.0193613292
-0.01363268703
-0.01779365538
-0.01450320572
-0.01309960514
-0.01167825074
-0.01707572673
-0.01212862879
-0.02499067979
-0.02204889893
-0.02466999261
-0.02827515552
-0.02210408529
-0.02413223076
-0.02812306607
-0.03077550944
-0.02131158446
-0.02202387539
-0.02177012648
-0.02349579573
-0.02859859884
-0.02735843179
-0.02384487141
-0.02348846217
-0.02079646092
-0.02326813331
-0.02164425467
-0.02630977052
-0.01981700502
-0.02656923514
-0.03658301113
-0.03616309537
-0.02273866971
-0.01602989858
-0.02499867103
-0.02315633791
-0.02527812846
-0.0277872371
-0.02298891358
-0.02487708479
-0.02769140476
-0.02834835716
-0.02633985729
-0.02422742263
-0.03049132325
-0.02399231063
-0.03469572642
-0.02608423727
-0.0244332033
-0.02424809022
-0.02289663538
-0.02573676891
-0.02236200996
-0.02690640879
-0.02296273323
-0.03952377016
-0.03000186645
-0.02763264253
-0.02429242217
-0.02481212736
-0.02281697034
-0.0244648376
-0.02684099456
-0.02282822964
-0.02461050799
-0.02690783106
-0.02859103679
-0.02689436059
-0.02545430114
-0.0316758829
-0.02427059928
-0.03518434141
-0.02645564404
-0.02402843018
-0.02325434727
-0.02320432891
-0.02502240188
-0.02188236391
-0.02598975825
-0.0227374145
-0.04173982858
-0.03018733305
-0.02771094679
-0.02422561079
-0.02392155068
-0.02111247901
-0.02273176388
-0.02559632482
-0.02129047333
-0.02334786402
-0.02600754213
-0.02751004472
-0.02552995331
-0.02318705695
-0.02965753853
-0.0226516212
-0.03397993553
-0.02379126372
-0.02215409495
-0.02371763424
-0.01936240679
-0.02769671082
-0.01957958243
-0.03192280554
-0.01771207342
-0.03955122755
-0.0276432475
-0.03590373423
-0.04193227384
-0.01412089481
-0.01920773512
-0.01565788142
-0.0182658667
-0.02765702611
-0.01385879507
-0.01975578872
-0.03209925018
-0.04987643367
-0.01659537844
-0.01591214376
-0.004102326358
-0.02935552478
-0.008101408446
-0.01020280814
-0.01298411012
-0.00627797968
-0.03307531708
-0.008343191356
-0.01948503753
-0.02743890238
-0.02537014303
-0.01977378848
-0.02378745097
-0.01879230627
-0.01945585771
-0.01881152441
-0.0238428832
-0.02196442203
-0.0200018573
-0.02143142671
-0.01958739709
-0.01874168949
-0.02012171235
-0.02863712731
-0.02577244305
-0.02118097804
-0.02400407468
-0.02027225363
-0.01973129967
-0.01862230633
-0.02239818813
-0.02086782203
-0.0186757709
-0.02063228014
-0.018715226
-0.01811661033
-0.0194784429
-0.01976710546
-0.02534411414
-0.02746953155
-0.01943399626
-0.01878862206
-0.02380330802
-0.01880884658
-0.01998417921
-0.02193098928
-0.02385056817
-0.01874559431
-0.01957621844
-0.02143655583
-0.02011655679
-0.02115276445
-0.02574354531
-0.02864121985
-0.01971758335
-0.02025759397
-0.02400075502
-0.01861109266
-0.01865432974
-0.02083669234
-0.02238441498
-0.01809750627
-0.01870083139
-0.02061092698
-0.01446318908
-0.01165162047
-0.01316112599
-0.01214057611
-0.01715857284
-0.02660232653
-0.03281097523
-0.02469466975
-0.01277388359
-0.02132226109
-0.01918001224
-0.02858890927
-0.02151717627
-0.025560905
-0.02360020897
-0.02077101698
-0.0197809831
-0.02510606076
-0.02239041587
-0.01967161126
-0.02273472461
-0.01598171269
-0.03082248892
-0.02172447553
-0.02199182202
-0.0212995049
-0.02730650976
-0.0287213282
-0.02345548262
-0.02386808415
-0.02325791848
-0.02076056535
-0.02344495978
-0.0197727206
-0.02633100752
-0.02156837638
-0.03025452282
-0.03589682678
-0.02564255008
-0.02306842921
-0.03801272654
-0.02792251549
-0.02369173665
-0.02497319683
-0.02822064877
-0.02460596497
-0.02184686996
-0.02810136909
-0.02417289022
-0.02202779079
-0.02763014629
-0.02427469925
-0.02835194035
-0.03050016333
-0.02421058787
-0.02633640726
-0.02606499163
-0.03475698991
-0.02394144926
-0.02441457084
-0.0257187733
-0.02287556972
-0.02419144559
-0.02292548516
-0.02690110562
-0.02231128662
-0.028508773
-0.03555873263
-0.02741989055
-0.02457677015
-0.03572711878
-0.02828896348
-0.02445046016
-0.02496300366
-0.02776391984
-0.02520659059
-0.02311539189
-0.02766809217
-0.02488314619
-0.0229244083
-0.0276398959
-0.02418018464
-0.02857661159
-0.03168737953
-0.02542498373
-0.02685843878
-0.02642191518
-0.03521762995
-0.02423460201
-0.02398500274
-0.0249489402
-0.02315392503
-0.0231648813
-0.02267459193
-0.02593615287
-0.0218156632
-0.0290226318
-0.03638846522
-0.02815019792
-0.02508300141
-0.03653092604
-0.02878065042
-0.02506399445
-0.02475083984
-0.02676146144
-0.02434597433
-0.02274368796
-0.02683370915
-0.02456810494
-0.02272129266
-0.03582598373
-0.01403390853
-0.04185697667
-0.02744632072
-0.02959455295
-0.02312858142
-0.02543414373
-0.02373358805
-0.03393919991
-0.02256320749
-0.02208069578
-0.02762350813
-0.01928475914
-0.02360703701
-0.01763167493
-0.03184262988
-0.01947600468
-0.02883546681
-0.03492418203
-0.02694788253
-0.02427226549
-0.03500645948
-0.02879129707
-0.02409196469
-0.02380939139
-0.02546753924
-0.02256442032
-0.02096969337
-0.02586359497
-0.02319279477
-0.02114069092
-0.009918103587
-0.006161432921
-0.01274024385
-0.008180029157
-0.03288287298
-0.04970493974
-0.02190534031
-0.03489515656
-0.02309608082
-0.01934074187
-0.03203617237
-0.02427030082
-0.01749805676
-0.0187551669
-0.02695735625
-0.0178221675
-0.0152243258
-0.03177455751
-0.01926525782
-0.01344770918
-0.0331775386
-0.02228036648
-0.01417652623
-0.016133941
-0.01933334103
-0.01498980772
-0.01512473404
-0.01159983403
-0.01625813611
-0.01294584017
-0.03331735003
-0.02508167896
-0.02237201644
-0.01620413061
-0.02793317621
-0.02399171412
-0.02387237377
-0.02553550153
-0.02325979975
-0.02031902587
-0.02149095111
-0.02172117573
-0.02527161392
-0.02092801991
-0.02200697491
-0.03570135515
-0.04015538109
-0.02318161781
-0.01831155771
-0.03018225009
-0.03565350342
-0.02325131193
-0.02600780428
-0.02771990844
-0.0377618444
-0.02395544031
-0.02496641509
-0.02819368801
-0.02201266715
-0.02486682161
-0.0240242531
-0.02820132124
-0.02239155645
-0.03086881747
-0.02123229254
-0.02126601271
-0.02189813005
-0.02864851052
-0.02810169933
-0.02335284741
-0.02405483169
-0.02326892319
-0.02351146722
-0.02110061729
-0.02631610159
-0.0206082601
-0.02173300815
-0.03931595499
-0.03016565644
-0.02770699373
-0.0245234443
-0.02844778573
-0.03560557997
-0.02467325151
-0.027540932
-0.02832601592
-0.03556979428
-0.02458207399
-0.02497043576
-0.02777400449
-0.02318539895
-0.02535088355
-0.02490058901
-0.02764551131
-0.02307014718
-0.02830859655
-0.0302105485
-0.02624531723
-0.0245266959
-0.03446696414
-0.02615899591
-0.02388565103
-0.02440856193
-0.02581535402
-0.02414311219
-0.02316871782
-0.02681406894
-0.02310615943
-0.02219375096
-0.04154422029
-0.03017169498
-0.02777471023
-0.02432213604
-0.02896264013
-0.03624579092
-0.02521156278
-0.02825424926
-0.02886364259
-0.0362619036
-0.02519933339
-0.0247194239
-0.02684287901
-0.02284458803
-0.02450344788
-0.02465433695
-0.02684057929
-0.02287597336
-0.02844942319
-0.03159556402
-0.0267958132
-0.02558203105
-0.03494731141
-0.02643691366
-0.02413098852
-0.02394857638
-0.02508924223
-0.02314441771
-0.02334781979
-0.02591042973
-0.02283758271
-0.02173766885
-0.03921904554
-0.02740272851
-0.03347638726
-0.04173840802
-0.01375223349
-0.02869782466
-0.03497591731
-0.02435250211
-0.02706303303
-0.02886018928
-0.03478927806
-0.02414615638
-0.02377240779
-0.02552357151
-0.02101176857
-0.02264915691
-0.02318386141
-0.02599710889
-0.02119564762
-0.02731516674
-0.02950849535
-0.02536509527
-0.02311947658
-0.03368570032
-0.02360249143
-0.02245592416
-0.02205849058
-0.02567060925
-0.02323734999
-0.01926789406
-0.03126208254
-0.01748446743
-0.01935122192
-0.04517332518
-0.01648377189
-0.007361362097
-0.0190723758
-0.0298456389
-0.008619715646
-0.009420502016
-0.006241681374
-0.01130725743
-0.03111955211
-0.006429042519
-0.02199959969
-0.03485025227
-0.01942410575
-0.02327136886
-0.02437312562
-0.03187736592
-0.01763234857
-0.01853747857
-0.02574409122
-0.01510137324
-0.01642419323
-0.01907120861
-0.02909976328
-0.01320870673
-0.01890882002
-0.02221389482
-0.0198928333
-0.02359175788
-0.01862354244
-0.02127601343
-0.01967836855
-0.01871427611
-0.02099203323
-0.01859355309
-0.0221919682
-0.01803235241
-0.02049916707
-0.0187668184
0.004355375025
0.01565823116
0.004944905589
0.01564929129
0.005541868972
0.02477962406
0.003977016132
0.008053598013
-0.00161921945
0.01012548409
-0.0002923248682
0.01271328047
-0.00391203742
0.0151369212
0.004776305599
0.009945141173
0.004358550082
0.02410090695
0.004139070453
0.01506293249
0.005571372505
0.008942734855
-0.0008595009752
0.007748713812
-0.005273407119
0.01232313395
-0.001012566704
0.01265961872
0.00330970212
0.01254117192
0.006322662776
0.007043311283
0.004291626602
0.01522386277
0.008169836804
0.003970630792
0.001359941844
0.009762225976
-0.0006925691583
0.004909078685
0.000806450223
0.01095646593
0.01887714029
0.01645617917
0.03066853815
0.01382459358
0.02289035598
0.01898151753
0.09259836879
0.01157498675
0.04453693194
0.017887092
0.02578723123
0.01368556501
0.1461552618
0.01433208832
0.03008037161
0.01213049452
0.01813026123
0.01892467065
0.09413322001
0.01368851812
0.02233770064
-0.01152874261
-0.02468311754
-0.01954395783
-0.004486792807
-0.002731100036
-0.002357653997
-0.006232912506
0.01628733811
0.02466794695
0.0135616323
0.1409181419
0.01473612312
0.02747278583
0.01558140903
0.00600002098
0.005640776224
0.003165159955
0.01456604024
0.007670103479
0.006918024278
0.004124833072
0.009395318907
-0.0006209484189
0.003790563331
0.0003152269246
0.01054867416
-0.0008460724279
0.004689349981
0.004140683749
0.01460238228
0.007676847465
0.005647897273
0.003193720373
0.01197715192
0.00608545081
0.00480919841
0.0005095384863
0.01083284425
-0.0004791324891
0.003957497996
0.001283412264
0.009748576146
0.02226806866
0.01882913675
0.08495979697
0.01211384931
0.01805277219
0.01630942633
0.02976516718
-0.04460718206
-0.003860655244
-0.01938291731
0.01299754813
0.01477776839
0.02712643153
0.009166667522
0.01592174025
0.1308625748
0.01467922257
0.02493083627
0.01341505876
0.04208839625
0.0165493492
0.08406034492
0.01373337082
0.02262156179
0.01635555253
0.03011008066
0.01220934726
0.01867415395
0.04507351128
0.1004115538
0.06333751976
0.205181729
0.004316635063
0.05633158033
-0.02957087776
-0.01951377926
0.0006710846056
-0.005790852615
0.01533186419
0.02644128848
0.01421979963
0.04454283223
0.01795296038
0.02250889569
0.01176524827
0.008153841735
0.006973279398
0.004260726581
0.01238001937
0.006362253299
0.005704986702
0.003295670714
-0.03104210947
-0.01823221551
-0.02708431839
-0.01556472139
-0.01164667863
-0.01611232364
-0.01216111454
-0.02237499385
-0.01903880938
-0.02586571173
-0.02103644731
-0.01885229193
-0.01793285624
-0.01729845307
0.0108940379
-0.0007329523077
0.004861527834
0.001413424584
0.009874503883
-0.0005077102104
0.003986783887
0.005791056808
0.02315226035
0.004972676059
0.009829204063
0.004461639423
0.01492787336
0.005095595879
0.01328123369
-0.004454469693
0.01389541507
-0.0005373161003
0.008191178222
-0.001660265229
0.009790439727
0.0050146152
0.01540486149
0.00572049983
0.0152105552
0.005326208985
0.01002667454
0.004442621579
0.01623183687
-9.142858073e-05
0.01303190019
-0.001222361041
0.01076491909
-0.0002131436859
0.008296142406
-0.0182776302
-0.03109272736
-0.02710517416
-0.01558357338
-0.01164014714
-0.01216260871
-0.01613642769
-0.02174957211
-0.01784901487
-0.02357957639
-0.01749819064
-0.02093545411
-0.0164869998
-0.01659302005
-0.02585917833
-0.01904309953
-0.0223397649
-0.01885718923
-0.02101134266
-0.0179351854
-0.01729737616
-0.01933254876
-0.01679822558
-0.01617352235
-0.01531806457
-0.01644858536
-0.01511686485
-0.01501531077
-0.00204115065
-0.01721557286
-0.005685757968
0.01720730961
0.001540060061
0.01767962588
-0.003927612233
-0.004536994571
0.01803378961
-0.01096858996
-0.005491401471
0.02258068089
0.01529680587
0.0137191168
0.03731761778
0.07267946296
0.1087536112
0.05805059939
-0.008206224991
0.1855293821
-0.04817183284
-0.04624420656
-0.03343052229
-0.04878896746
-0.009173249507
-0.02281650267
-0.01602458023
0.002729694451
-0.0008260061784
0.002158795291
-0.003053808576
-0.002533109563
-0.03676923887
-0.01859725502
0.01551842661
0.01551927823
0.0101139063
0.02388328392
-0.03012238614
-0.0197724577
-0.0001529472418
-0.008764756805
0.01158039794
0.05112672693
0.1144829915
0.0805165192
-0.0001106496791
-0.02247061351
-0.001765433313
-0.01573387559
-0.003695342131
0.01570900102
0.003228001269
0.01349107997
-0.002012453878
0.03041770443
0.07089449388
0.07903200754
-0.002882856275
0.04763424438
0.09449450579
-0.04547606521
-0.02541517806
-0.01156499629
-0.04406604536
-0.005558007892
0.01957070528
-0.009151959054
0.007622742154
0.02130654233
0.0146948764
0.02825023577
-0.03289783817
-0.02494035254
-0.01418420549
-0.01417201234
-0.02839819979
0.0532726405
0.106253864
-0.004487003065
0.06845537687
-0.1294801242
-0.00421815347
-0.04503641842
-0.01982546509
0.01207705318
0.01434365551
0.008617551001
0.02637575643
-0.01975547588
-0.03047259708
-0.0259382499
-0.0159620102
-0.01225438169
-0.01279783215
-0.01653907759
-0.0218455566
-0.02291828527
-0.01798970306
-0.02019172564
-0.01741322215
-0.01655653996
-0.01683432417
-0.0261117741
-0.02245327578
-0.019119537
-0.02130146748
-0.01873960788
-0.01785730079
-0.01737950406
-0.02008270469
-0.01707993936
-0.01653793007
-0.01528047255
-0.01684605541
-0.01528528882
-0.01506442509
-0.03046710099
-0.01981390853
-0.02599243821
-0.01597583597
-0.01224886631
-0.01654602459
-0.01280161083
-0.01799030629
-0.02291708874
-0.02188924308
-0.01741309836
-0.02023467272
-0.01656234005
-0.01684215427
-0.0190847165
-0.02239786784
-0.02609384375
-0.01871648217
-0.02126231391
-0.01783080878
-0.01734655273
-0.01703366892
-0.02003200195
-0.016489053
-0.01524909441
-0.01680680237
-0.01502821961
-0.01524304502
0.01990011626
-0.005007079983
-0.00897062864
0.007100567445
0.02153643689
0.02799793622
0.01519952238
0.03644537501
0.07935469924
0.06011548235
0.1042297984
0.0493964237
0.008380120593
-0.03818143175
-0.026637718
-0.01179317393
-0.03222814712
-0.01481926666
-0.000701137924
-0.003582328197
0.01552259231
0.005153978703
0.0001446673169
0.01461641265
-0.03217363853
-0.0242407992
-0.01253149222
-0.0109427095
-0.02620688814
0.1146306092
0.06434309631
-0.127591606
0.07149285236
0.001711989003
-0.02387977993
-0.01081302576
-0.01889388576
-0.002914865087
-0.0009317550942
-0.00378965155
-0.001037352615
-0.04041856971
-0.04705368889
-0.03320596102
-0.03764316829
0.01989260382
-0.003979148793
-0.01044700226
-0.005429284831
0.02261988812
0.01516230409
0.01561230439
-0.01673599074
-0.001045409084
-0.006153686862
0.01751184241
0.003831963551
-0.001295615783
0.01920909911
0.01117000447
0.1151852998
0.06085513946
-0.02427708531
0.005350296635
0.0792261305
-0.03694903048
-0.002623648316
-0.01863741941
0.01543572663
0.01532158329
0.02352630434
0.01012879914
-0.02216126308
-0.008719633851
-0.01561346745
0.003641549289
0.0007537205747
-0.0008584665793
0.002958531381
-0.02352070853
-0.01782504042
-0.021734485
-0.02091184938
-0.0174738228
-0.0164591523
-0.01656474955
-0.01679087925
-0.0193184094
-0.01615163319
-0.01531503491
-0.01646168091
-0.01500978449
-0.01511821968
-0.01170775456
-0.01227793614
-0.01463965747
-0.01098912408
-0.01321626119
-0.01352614283
-0.01620502904
-0.01334069878
-0.01557830758
-0.01597168173
-0.01432326721
-0.01485179853
-0.01770314906
-0.01766388838
-0.01271598122
-0.01572199905
-0.0151043112
-0.01471992235
-0.01424081454
-0.01788755806
-0.01685787
-0.009833917979
-0.01364538138
-0.01172530842
-0.01290896632
-0.011191371
-0.01563438447
-0.01335266914
-0.0146504039
-0.009648946511
-0.01175141904
-0.01371453676
-0.01620917105
-0.01104853846
-0.01322502752
-0.01600240795
-0.01262234593
-0.01334259965
-0.01765422843
-0.01762117865
-0.01430991735
-0.01485137313
-0.01512546964
-0.0129777134
-0.01270975433
-0.01784652731
-0.0168334696
-0.01473555922
-0.01427158899
-0.01180820846
-0.0112572347
-0.0098460317
-0.01563600542
-0.01345398563
-0.01293463023
-0.01126534251
-0.008924970554
-0.008567080866
-0.01060561385
-0.00735136584
-0.009048862022
-0.008824990274
-0.0108462232
-0.0103115083
-0.01160599802
-0.01206125677
-0.009864003899
-0.01053587996
-0.01177840367
-0.0121495561
-0.009824689541
-0.01191137859
-0.01142782144
-0.01034685289
-0.01012876607
-0.0120371337
-0.01153234231
-0.007701240785
-0.01023458471
-0.008760299324
-0.009092680936
-0.007965788464
-0.01030968303
-0.008827036611
-0.01934140799
-0.01384520893
-0.006656114593
-0.005594700441
-0.01686684683
-0.01343305684
-0.002797781595
-0.01536638561
-0.01245197316
-0.02132276048
-0.01926146027
-0.01581627551
-0.01105206695
-0.02512499327
0.03796410422
0.0289798126
0.03031078791
0.05774830736
0.02988657231
0.03181702981
0.0395065205
-0.01062129517
-0.007321007468
-0.008930350195
-0.008882746107
-0.01089572555
-0.007365789572
-0.009067767516
-0.01206545699
-0.009724648654
-0.0103032808
-0.0118120088
-0.01217985685
-0.009878679459
-0.01054976029
-0.01142329577
-0.01004233189
-0.009820930414
-0.0120625561
-0.01155050063
-0.01036375684
-0.01014829854
-0.008795040083
-0.008756420208
-0.007701766775
-0.01033152263
-0.008860937896
-0.009120726245
-0.007984538637
-0.009064314197
-0.008882869339
-0.01089612529
-0.007309674348
-0.008922489904
-0.008599038005
-0.01061034847
-0.01054146791
-0.01181008328
-0.01217525462
-0.009716216527
-0.01029260944
-0.01159709513
-0.01205295098
-0.01013713157
-0.0120559516
-0.01154183615
-0.01002937291
-0.00980391968
-0.01189801147
-0.01140251928
-0.00796561746
-0.01031740382
-0.008842825293
-0.00873271882
-0.007674838432
-0.01020113728
-0.008763412979
0.02449684512
0.03110972592
0.04289959629
0.02138198708
0.03319021628
0.02403155997
0.03413779402
0.0952123894
0.09190563424
0.06196454502
0.03302184753
0.05684989158
0.0326625142
0.05101793945
-0.00592818452
-0.002272726502
-0.008139218001
-0.007929890468
-0.002993953873
-0.00842186525
-0.002554165608
-0.00692085549
-0.01410156677
-0.009482357904
-0.009635370078
-0.01324613998
-0.009525383466
-0.01276547485
-0.01084937608
-0.007351400596
-0.009050997498
-0.008556824565
-0.01059847453
-0.007311706538
-0.00892164295
-0.01215397095
-0.009867061167
-0.01054209677
-0.01160123613
-0.01205840079
-0.009725953649
-0.0103130503
-0.01153608467
-0.01035459963
-0.01013675235
-0.01190698033
-0.01142251847
-0.01005207006
-0.009826570974
-0.008837358403
-0.009100009512
-0.007977072326
-0.01022798323
-0.00875688551
-0.008753997265
-0.007702068884
-0.01320681363
-0.01372159691
-0.01621217496
-0.009623719604
-0.01173344621
-0.01236187993
-0.01462896654
-0.01483796707
-0.01766025636
-0.01761634005
-0.01260822749
-0.01332544318
-0.01556596214
-0.01596999949
-0.0142430236
-0.0178311994
-0.01680318564
-0.01295398259
-0.01267589056
-0.01570605402
-0.01506219829
-0.01121620697
-0.01559430192
-0.01339698651
-0.01121152673
-0.009788430408
-0.01359328577
-0.01171303765
-0.01619428635
-0.01097749093
-0.0132079689
-0.01224738152
-0.0146099558
-0.009577144393
-0.01169781256
-0.01766215479
-0.0143215664
-0.01485372381
-0.01555298901
-0.01594298498
-0.01260265537
-0.01333805302
-0.01683538333
-0.01471850715
-0.01423680631
-0.01568282989
-0.01505064198
-0.0129748421
-0.01270439634
-0.01333043723
-0.01290140347
-0.01118315256
-0.01358516197
-0.01165742649
-0.01124531931
-0.009811744473
-0.01411483638
-0.01484650406
-0.01659105176
-0.01400454423
-0.01594205551
-0.01241049656
-0.01551233209
-0.01155758415
-0.00797334555
-0.0113880174
-0.008209257083
-0.01101344393
-0.007928349421
-0.01669195293
-0.02021916886
-0.005361738534
-0.01263218352
-0.005713347532
-0.01559792173
-0.003908423405
-0.0127772152
-0.01445475742
-0.01651194064
-0.01408180834
-0.01423946325
-0.01523992052
-0.01640035022
-0.01182541283
-0.0154116485
-0.02128095001
-0.01183689309
-0.01886070599
-0.01572641647
-0.02512994946
-0.0106309531
-0.01211099728
-0.01243116818
-0.007964270812
-0.008880750844
-0.01138004253
-0.01755369493
-0.008431145816
-0.02017730804
-0.005454634459
-0.01248972685
-0.005168122524
-0.01268551504
-0.003750614369
-0.01547210829
-0.01433361908
-0.01423684976
-0.0140420937
-0.01650859322
-0.01179075561
-0.01643631162
-0.01518834783
-0.01520003621
-0.01873894399
-0.01166241467
-0.02110373934
-0.01046833016
-0.02500085383
-0.01547308573
-0.01181635812
-0.008558641516
-0.007739074411
-0.01205665808
-0.008239336478
-0.01722034186
-0.0110613792
-0.01936162987
-0.005491225469
-0.006465477695
-0.01355991494
-0.003045303752
-0.01330611777
-0.01654815696
-0.01402345501
-0.01403220012
-0.01646611189
-0.01468570727
-0.01551813394
-0.01234955266
-0.01571879957
-0.01520481234
-0.01921652328
-0.02117172057
-0.01237584023
-0.025018675
-0.01101165425
-0.01561858591
-0.01134659108
-0.008142650324
-0.01118146754
-0.00786818286
-0.01647684913
-0.007868273179
-0.01078090934
-0.002422023197
-0.005950434203
-0.008252313297
-0.008030834492
-0.003009854942
-0.002649094691
-0.008450084156
-0.0116405823
-0.00745134994
-0.009657740873
-0.01051431985
-0.01174659151
-0.01182878384
-0.01036708677
-0.0141284503
-0.006892798947
-0.009498776482
-0.00962852601
-0.01323006158
-0.01276567841
-0.009497432473
-0.006128298596
-0.005980913101
-0.007249866632
-0.006507994778
-0.004554291568
-0.004272969703
-0.006773826422
0.04668754467
0.03102481567
0.02915919409
0.05654405497
0.03733489814
0.04099775481
0.0315513221
0.01847629335
0.0216443911
0.03339390048
0.04661121665
0.02585872077
0.03526320003
0.03252916362
0.01560700349
0.03211628595
0.01076062353
0.04050707599
0.01309098209
0.0468719276
0.0117726333
0.02909095344
0.02187516565
0.01917454963
0.05394076722
0.01662041886
0.04108639156
0.03844533102
0.02454631429
0.0216733318
0.04334166643
0.03098148235
0.03416926218
0.02384917277
0.03470934623
-0.001388511333
0.008200515763
0.02390280993
0.04000721115
0.005383451734
0.008399294937
0.03640969265
0.02787924907
0.0197987882
0.05698299177
0.01654874899
0.04580938016
0.01512439492
0.03440876518
-0.001701997674
-0.006053158423
-0.007393694162
-0.007604422623
-0.003125871067
-0.002360481896
-0.008470793897
-0.01210750603
-0.007514920294
-0.009129130206
-0.01028934512
-0.01186827324
-0.01192011835
-0.01039351015
-0.01330925339
-0.007020929535
-0.009295815732
-0.009405382689
-0.01345402636
-0.01270281382
-0.009430287508
-0.006511923922
-0.006292510472
-0.007606682956
-0.006475294894
-0.004718785776
-0.00458849088
-0.006723479213
-0.006119791828
-0.00167665734
-0.007405277189
-0.007563840399
-0.003165142119
-0.008498276399
-0.002309402925
-0.007596020457
-0.01212865432
-0.009154723477
-0.01028497652
-0.0118916351
-0.01042899083
-0.0119236293
-0.006951351235
-0.0132217605
-0.009198956465
-0.009329394113
-0.01341061784
-0.00936979708
-0.01264554392
-0.006209856518
-0.006354387359
-0.007485420656
-0.006375846686
-0.004604434698
-0.006641864215
-0.004459026263
0.03880645951
0.05174395707
0.02951350449
0.02813299623
0.03886192519
0.03170892111
0.03051107006
0.02929433707
0.01703075057
0.05936184274
0.02059160618
0.03600718689
0.01582205377
0.04741153506
0.0006501133118
0.04544245331
0.02571500531
0.01084448638
0.03888373358
0.01258063932
0.007008350514
0.01933838301
0.04490214419
0.03245478717
0.02130027442
0.03317101992
0.0344884041
0.02563215761
0.04871701168
0.05107670528
0.0285658028
0.02978077168
0.03205323543
0.03957697747
0.03834877128
0.0290573857
0.05390865621
0.01900768962
0.02200356886
0.03793244685
0.04150464611
0.01675857456
0.01616763726
0.04530402333
0.01288839333
0.03247968677
0.01522273523
0.04686828203
0.01390775642
-0.007404214043
-0.01161629284
-0.009611158222
-0.01047023977
-0.01174093244
-0.01034364482
-0.01180644323
-0.006006896569
-0.006134335258
-0.007233777406
-0.006518877955
-0.004626465037
-0.006814014024
-0.004309198062
0.06619219293
0.06046700364
0.04602536706
0.0302007014
0.04142826623
0.03633869694
0.03253701566
0.0972194898
0.09484254524
0.06513329975
0.03579415435
0.06409543283
0.05656508789
0.03377176009
0.06655315199
0.05741955599
0.04293197526
0.0295197076
0.04126044828
0.0360869397
0.03208157132
0.09074332932
0.09254655187
0.05910409276
0.03385920175
0.05849606553
0.05268379796
0.0288934769
0.05666410754
0.0615627723
0.04287916291
0.0289833776
0.04036423372
0.03187040377
0.03535875226
0.09019515422
0.08517605175
0.05692461707
0.03155662927
0.05245747394
0.02877536144
0.04817001319
0.05855386802
0.06141045191
0.0450184229
0.02918101255
0.04014333602
0.03166901702
0.03538254232
-0.007123000709
-0.003989757343
-0.009276271857
-0.004214504943
-0.008615870314
-0.003963831228
-0.009947542594
-0.004185384438
-0.008703362526
-0.004518415035
-0.008389269571
-0.004774504808
-0.01005636701
-0.004993814949
0.0104740793
0.009613974595
0.01418580825
0.01004180919
0.01453319004
0.01302948034
0.02054799415
0.01012859151
0.01792449638
0.0135780207
0.01644250797
0.01065518642
0.02952916457
0.01703622888
0.01403877156
0.00769405211
0.01022454292
0.01292002425
0.02018045727
0.009885747993
0.01406853149
0.01246557091
0.01218107763
0.01052747642
0.02678330483
0.01556449851
0.0173859443
0.0114931903
-0.009319000887
-0.003280860878
-0.00712680622
-0.003710370828
-0.009991990784
-0.004147042085
-0.008571703617
-0.004688694679
-0.00726932575
-0.004276701129
-0.01007264254
-0.00520798797
-0.00845291678
-0.004900573166
-0.00538766221
-0.002236906117
-0.00602653638
-0.003080422345
-0.005707297011
-0.002149913529
-0.006298221926
-0.003904976749
-0.006553664153
-0.003816490472
-0.006073596594
-0.003924404504
-0.00658488449
-0.003756544092
0.006350480015
0.008214583062
0.01145436595
0.005493637524
0.007233840247
0.009028533509
0.01279054216
0.006814433052
0.01260087539
0.009556542138
0.007667780994
0.007375118879
0.0152276102
0.01116130108
0.008203124315
0.005728517374
0.009846398903
0.005365235347
0.008891288444
0.006102225359
0.01046473024
0.005129911288
0.009447225425
0.006319436262
0.00777868579
0.005628098664
0.009275758411
0.004609666452
0.009807460719
0.005099041902
0.008133351644
0.006098047859
0.01043648941
0.005351869265
0.008853652938
0.004881302195
0.007642663361
0.00549665436
0.01005950829
0.005146597912
0.009077091172
0.005795988529
0.01112561183
0.005030757902
0.006243548443
0.008949511657
0.01252180283
0.005454744905
0.00715016474
0.009141717665
0.006367172841
0.006721770481
0.01388043641
0.0104189425
0.007229742398
0.007219442581
-0.006040903168
-0.002876884191
-0.005376883822
-0.002222712137
-0.006332101771
-0.003097523056
-0.005712976421
-0.003853892631
-0.005885710125
-0.003946417967
-0.006608572975
-0.003796084929
-0.00610852693
-0.00398143124
-0.005707664345
-0.002208070302
-0.006329892474
-0.00285819614
-0.005360762825
-0.002263599012
-0.006020122385
-0.003948560935
-0.006582782728
-0.003757398577
-0.00585399526
-0.003903530408
-0.006531066307
-0.003796745499
0.007184000133
0.008973190699
0.01257858855
0.00504553935
0.006263041112
0.008103284849
0.01114553455
0.007257559614
0.01403568517
0.01038630652
0.006508965351
0.006784214515
0.01195851485
0.009156569534
0.008864847575
0.006101311179
0.01044301706
0.005102553476
0.00813588153
0.005719558214
0.009806158232
0.006103607173
0.01004145545
0.005186452411
0.007335908398
0.004991156757
0.008606987102
0.005308268131
0.01043565732
0.005354185477
0.008864318611
0.005721749736
0.009820410436
0.005103336443
0.008169336037
0.004919690475
0.007829142802
0.005202130478
0.009655209291
0.006375329878
0.005990146687
0.004831256955
0.01270162207
0.00546855502
0.007189090394
0.008166979624
0.01139025125
0.005065861809
0.006309938429
0.0110852428
0.007618927463
0.00739665145
0.01273341087
0.009521640511
0.00668384194
0.006849512792
-0.00629693233
-0.003083980357
-0.005704355995
-0.002230763903
-0.006009642555
-0.002864675025
-0.005375728054
-0.00377702246
-0.006090614454
-0.003945085061
-0.006548869579
-0.003816427446
-0.005877266917
-0.003910013152
-0.008532073226
-0.003586132076
-0.009963010464
-0.003230163089
-0.007078166949
-0.003775714406
-0.009262237997
-0.00479017103
-0.009972690613
-0.005047053844
-0.007192842706
-0.004164470028
-0.00863025382
-0.004511631873
0.01400556789
0.0129231524
0.0200520077
0.007683035158
0.01018012001
0.009523540371
0.01392349072
0.01143600505
0.02742499912
0.01535889418
0.0124920382
0.01061326863
0.01718304032
0.01265774551
0.02036740494
0.009979276883
0.01439856399
0.009574383721
0.01404528439
0.007753731279
0.0103849465
0.01676259658
0.0167280249
0.01073020447
0.01820817444
0.01361911142
0.01227045604
0.01023392287
-0.009895327276
-0.004169101955
-0.008578704539
-0.003888034244
-0.009209759867
-0.003236976069
-0.007077177376
-0.00493303877
-0.008368939469
-0.004745695942
-0.008617868626
-0.004419447772
-0.007208977797
-0.004141385905
)
;

boundaryField
{
    inlet
    {
        type            zeroGradient;
    }
    outlet
    {
        type            fixedValue;
        value           uniform 0;
    }
    sides
    {
        type            zeroGradient;
    }
    hull
    {
        type            zeroGradient;
    }
}


// ************************************************************************* //
