time,n,e,d,u,v,w,p,q,r,max_penetration
0.0,1.043649535928416,0.017353973303506656,0.953120533929867,0.9895739705314275,0.29621932618543795,0.1911289491248174,0.04826881450886902,-0.03375489375154199,-0.006615228479758897,0.34999999999999987
0.02,1.045649535928416,0.017353973303506656,0.9533205339298669,0.9935739705314275,0.29621932618543795,0.1911289491248174,0.04826881450886902,-0.03375489375154199,-0.006615228479758897,0.34999999999999987
0.04,1.047649535928416,0.017353973303506656,0.9535205339298669,0.9975739705314275,0.29621932618543795,0.1911289491248174,0.04826881450886902,-0.03375489375154199,-0.006615228479758897,0.34999999999999987
0.06,1.049649535928416,0.017353973303506656,0.9537205339298669,1.0,0.29621932618543795,0.1911289491248174,0.04826881450886902,-0.03375489375154199,-0.006615228479758897,0.34999999999999987
0.08,1.051649535928416,0.017353973303506656,0.9539205339298669,1.0,0.29621932618543795,0.1911289491248174,0.04826881450886902,-0.03375489375154199,-0.006615228479758897,0.34999999999999987
0.1,1.053649535928416,0.017353973303506656,0.9541205339298668,1.0,0.29621932618543795,0.1911289491248174,0.04826881450886902,-0.03375489375154199,-0.006615228479758897,0.34999999999999987
0.12,1.055649535928416,0.017353973303506656,0.9543205339298668,1.0,0.29621932618543795,0.1911289491248174,0.04826881450886902,-0.03375489375154199,-0.006615228479758897,0.34999999999999987
0.14,1.057649535928416,0.017353973303506656,0.9545205339298668,1.0,0.29621932618543795,0.1911289491248174,0.04826881450886902,-0.03375489375154199,-0.006615228479758897,0.34999999999999987
0.16,1.059649535928416,0.017353973303506656,0.9547205339298668,1.0,0.29621932618543795,0.1911289491248174,0.04826881450886902,-0.03375489375154199,-0.006615228479758897,0.34999999999999987
0.18,1.061649535928416,0.017353973303506656,0.9549205339298668,1.0,0.29621932618543795,0.1911289491248174,0.04826881450886902,-0.03375489375154199,-0.006615228479758897,0.34999999999999987
0.2,1.063649535928416,0.017353973303506656,0.9551205339298667,1.0,0.29621932618543795,0.1911289491248174,0.04826881450886902,-0.03375489375154199,-0.006615228479758897,0.34999999999999987
0.22,1.065649535928416,0.017353973303506656,0.9553205339298667,1.0,0.29621932618543795,0.1911289491248174,0.04826881450886902,-0.03375489375154199,-0.006615228479758897,0.34999999999999987
0.24,1.067649535928416,0.017353973303506656,0.9555205339298667,1.0,0.29621932618543795,0.1911289491248174,0.04826881450886902,-0.03375489375154199,-0.006615228479758897,0.34999999999999987
0.26,1.069649535928416,0.017353973303506656,0.9557205339298667,1.0,0.29621932618543795,0.1911289491248174,0.04826881450886902,-0.03375489375154199,-0.006615228479758897,0.34999999999999987
0.28,1.071649535928416,0.017353973303506656,0.9559205339298666,1.0,0.29621932618543795,0.1911289491248174,0.04826881450886902,-0.03375489375154199,-0.006615228479758897,0.34999999999999987
0.3,1.073649535928416,0.017353973303506656,0.9561205339298666,1.0,0.29621932618543795,0.1911289491248174,0.04826881450886902,-0.03375489375154199,-0.006615228479758897,0.34999999999999987
0.32,1.075649535928416,0.017353973303506656,0.9563205339298666,1.0,0.29621932618543795,0.1911289491248174,0.04826881450886902,-0.03375489375154199,-0.006615228479758897,0.34999999999999987
0.34,1.077649535928416,0.017353973303506656,0.9565205339298666,1.0,0.29621932618543795,0.1911289491248174,0.04826881450886902,-0.03375489375154199,-0.006615228479758897,0.34999999999999987
0.36,1.079649535928416,0.017353973303506656,0.9567205339298666,1.0,0.29621932618543795,0.1911289491248174,0.04826881450886902,-0.03375489375154199,-0.006615228479758897,0.34999999999999987
0.38,1.081649535928416,0.017353973303506656,0.9569205339298665,1.0,0.29621932618543795,0.1911289491248174,0.04826881450886902,-0.03375489375154199,-0.006615228479758897,0.34999999999999987
0.4,1.083649535928416,0.017353973303506656,0.9571205339298665,1.0,0.29621932618543795,0.1911289491248174,0.04826881450886902,-0.03375489375154199,-0.006615228479758897,0.34999999999999987
0.42,1.085649535928416,0.017353973303506656,0.9573205339298665,1.0,0.29621932618543795,0.1911289491248174,0.04826881450886902,-0.03375489375154199,-0.006615228479758897,0.34999999999999987
0.44,1.087649535928416,0.017353973303506656,0.9575205339298665,1.0,0.29621932618543795,0.1911289491248174,0.04826881450886902,-0.03375489375154199,-0.006615228479758897,0.34999999999999987
0.46,1.089649535928416,0.017353973303506656,0.9577205339298664,1.0,0.29621932618543795,0.1911289491248174,0.04826881450886902,-0.03375489375154199,-0.006615228479758897,0.34999999999999987
0.48,1.091649535928416,0.017353973303506656,0.9579205339298664,1.0,0.29621932618543795,0.1911289491248174,0.04826881450886902,-0.03375489375154199,-0.006615228479758897,0.34999999999999987
0.5,1.093649535928416,0.017353973303506656,0.9581205339298664,1.0,0.29621932618543795,0.1911289491248174,0.04826881450886902,-0.03375489375154199,-0.006615228479758897,0.34999999999999987
0.52,1.095649535928416,0.017353973303506656,0.9583205339298664,1.0,0.29621932618543795,0.1911289491248174,0.04826881450886902,-0.03375489375154199,-0.006615228479758897,0.34999999999999987
0.54,1.097649535928416,0.017353973303506656,0.9585205339298664,1.0,0.29621932618543795,0.1911289491248174,0.04826881450886902,-0.03375489375154199,-0.006615228479758897,0.34999999999999987
0.56,1.099649535928416,0.017353973303506656,0.9587205339298663,1.0,0.29621932618543795,0.1911289491248174,0.04826881450886902,-0.03375489375154199,-0.006615228479758897,0.34999999999999987
0.58,1.101649535928416,0.017353973303506656,0.9589205339298663,1.0,0.29621932618543795,0.1911289491248174,0.04826881450886902,-0.03375489375154199,-0.006615228479758897,0.34999999999999987
0.6,1.103649535928416,0.017353973303506656,0.9591205339298663,1.0,0.29621932618543795,0.1911289491248174,0.04826881450886902,-0.03375489375154199,-0.006615228479758897,0.34999999999999987
0.62,1.105649535928416,0.017353973303506656,0.9593205339298663,1.0,0.29621932618543795,0.1911289491248174,0.04826881450886902,-0.03375489375154199,-0.006615228479758897,0.34999999999999987
0.64,1.107649535928416,0.017353973303506656,0.9595205339298662,1.0,0.29621932618543795,0.1911289491248174,0.04826881450886902,-0.03375489375154199,-0.006615228479758897,0.34999999999999987
0.66,1.109649535928416,0.017353973303506656,0.9597205339298662,1.0,0.29621932618543795,0.1911289491248174,0.04826881450886902,-0.03375489375154199,-0.006615228479758897,0.34999999999999987
0.68,1.111649535928416,0.017353973303506656,0.9599205339298662,1.0,0.29621932618543795,0.1911289491248174,0.04826881450886902,-0.03375489375154199,-0.006615228479758897,0.34999999999999987
0.7000000000000001,1.113649535928416,0.017353973303506656,0.9601205339298662,1.0,0.29621932618543795,0.1911289491248174,0.04826881450886902,-0.03375489375154199,-0.006615228479758897,0.34999999999999987
0.72,1.115649535928416,0.017353973303506656,0.9603205339298662,1.0,0.29621932618543795,0.1911289491248174,0.04826881450886902,-0.03375489375154199,-0.006615228479758897,0.34999999999999987
0.74,1.117649535928416,0.017353973303506656,0.9605205339298661,1.0,0.29621932618543795,0.1911289491248174,0.04826881450886902,-0.03375489375154199,-0.006615228479758897,0.34999999999999987
0.76,1.119649535928416,0.017353973303506656,0.9607205339298661,1.0,0.29621932618543795,0.1911289491248174,0.04826881450886902,-0.03375489375154199,-0.006615228479758897,0.34999999999999987
0.78,1.121649535928416,0.017353973303506656,0.9609205339298661,1.0,0.29621932618543795,0.1911289491248174,0.04826881450886902,-0.03375489375154199,-0.006615228479758897,0.34999999999999987
0.8,1.123649535928416,0.017353973303506656,0.9611205339298661,1.0,0.29621932618543795,0.1911289491248174,0.04826881450886902,-0.03375489375154199,-0.006615228479758897,0.34999999999999987
0.8200000000000001,1.125649535928416,0.017353973303506656,0.961320533929866,1.0,0.29621932618543795,0.1911289491248174,0.04826881450886902,-0.03375489375154199,-0.006615228479758897,0.34999999999999987
0.84,1.127649535928416,0.017353973303506656,0.961520533929866,1.0,0.29621932618543795,0.1911289491248174,0.04826881450886902,-0.03375489375154199,-0.006615228479758897,0.34999999999999987
0.86,1.129649535928416,0.017353973303506656,0.961720533929866,1.0,0.29621932618543795,0.1911289491248174,0.04826881450886902,-0.03375489375154199,-0.006615228479758897,0.34999999999999987
0.88,1.131649535928416,0.017353973303506656,0.961920533929866,1.0,0.29621932618543795,0.1911289491248174,0.04826881450886902,-0.03375489375154199,-0.006615228479758897,0.34999999999999987
0.9,1.133649535928416,0.017353973303506656,0.962120533929866,1.0,0.29621932618543795,0.1911289491248174,0.04826881450886902,-0.03375489375154199,-0.006615228479758897,0.34999999999999987
0.92,1.135649535928416,0.017353973303506656,0.9623205339298659,1.0,0.29621932618543795,0.1911289491248174,0.04826881450886902,-0.03375489375154199,-0.006615228479758897,0.34999999999999987
0.9400000000000001,1.137649535928416,0.017353973303506656,0.9625205339298659,1.0,0.29621932618543795,0.1911289491248174,0.04826881450886902,-0.03375489375154199,-0.006615228479758897,0.34999999999999987
0.96,1.139649535928416,0.017353973303506656,0.9627205339298659,1.0,0.29621932618543795,0.1911289491248174,0.04826881450886902,-0.03375489375154199,-0.006615228479758897,0.34999999999999987
0.98,1.141649535928416,0.017353973303506656,0.9629205339298659,1.0,0.29621932618543795,0.1911289491248174,0.04826881450886902,-0.03375489375154199,-0.006615228479758897,0.34999999999999987
1.0,1.143649535928416,0.017353973303506656,0.9631205339298659,1.0,0.29621932618543795,0.1911289491248174,0.04826881450886902,-0.03375489375154199,-0.006615228479758897,0.34999999999999987
1.02,1.145649535928416,0.017353973303506656,0.9633205339298658,1.0,0.29621932618543795,0.1911289491248174,0.04826881450886902,-0.03375489375154199,-0.006615228479758897,0.34999999999999987
1.04,1.147649535928416,0.017353973303506656,0.9635205339298658,1.0,0.29621932618543795,0.1911289491248174,0.04826881450886902,-0.03375489375154199,-0.006615228479758897,0.34999999999999987
1.06,1.149649535928416,0.017353973303506656,0.9637205339298658,1.0,0.29621932618543795,0.1911289491248174,0.04826881450886902,-0.03375489375154199,-0.006615228479758897,0.34999999999999987
1.08,1.151649535928416,0.017353973303506656,0.9639205339298658,1.0,0.29621932618543795,0.1911289491248174,0.04826881450886902,-0.03375489375154199,-0.006615228479758897,0.34999999999999987
1.1,1.153649535928416,0.017353973303506656,0.9641205339298657,1.0,0.29621932618543795,0.1911289491248174,0.04826881450886902,-0.03375489375154199,-0.006615228479758897,0.34999999999999987
1.12,1.155649535928416,0.017353973303506656,0.9643205339298657,1.0,0.29621932618543795,0.1911289491248174,0.04826881450886902,-0.03375489375154199,-0.006615228479758897,0.34999999999999987
1.1400000000000001,1.157649535928416,0.017353973303506656,0.9645205339298657,1.0,0.29621932618543795,0.1911289491248174,0.04826881450886902,-0.03375489375154199,-0.006615228479758897,0.34999999999999987
1.16,1.159649535928416,0.017353973303506656,0.9647205339298657,1.0,0.29621932618543795,0.1911289491248174,0.04826881450886902,-0.03375489375154199,-0.006615228479758897,0.34999999999999987
1.18,1.161649535928416,0.017353973303506656,0.9649205339298657,1.0,0.29621932618543795,0.1911289491248174,0.04826881450886902,-0.03375489375154199,-0.006615228479758897,0.34999999999999987
1.2,1.163649535928416,0.017353973303506656,0.9651205339298656,1.0,0.29621932618543795,0.1911289491248174,0.04826881450886902,-0.03375489375154199,-0.006615228479758897,0.34999999999999987
1.22,1.165649535928416,0.017353973303506656,0.9653205339298656,1.0,0.29621932618543795,0.1911289491248174,0.04826881450886902,-0.03375489375154199,-0.006615228479758897,0.34999999999999987
1.24,1.167649535928416,0.017353973303506656,0.9655205339298656,1.0,0.29621932618543795,0.1911289491248174,0.04826881450886902,-0.03375489375154199,-0.006615228479758897,0.34999999999999987
1.26,1.169649535928416,0.017353973303506656,0.9657205339298656,1.0,0.29621932618543795,0.1911289491248174,0.04826881450886902,-0.03375489375154199,-0.006615228479758897,0.34999999999999987
1.28,1.171649535928416,0.017353973303506656,0.9659205339298655,1.0,0.29621932618543795,0.1911289491248174,0.04826881450886902,-0.03375489375154199,-0.006615228479758897,0.34999999999999987
1.3,1.173649535928416,0.017353973303506656,0.9661205339298655,1.0,0.29621932618543795,0.1911289491248174,0.04826881450886902,-0.03375489375154199,-0.006615228479758897,0.34999999999999987
1.32,1.175649535928416,0.017353973303506656,0.9663205339298655,1.0,0.29621932618543795,0.1911289491248174,0.04826881450886902,-0.03375489375154199,-0.006615228479758897,0.34999999999999987
1.34,1.177649535928416,0.017353973303506656,0.9665205339298655,1.0,0.29621932618543795,0.1911289491248174,0.04826881450886902,-0.03375489375154199,-0.006615228479758897,0.34999999999999987
1.36,1.179649535928416,0.017353973303506656,0.9667205339298655,1.0,0.29621932618543795,0.1911289491248174,0.04826881450886902,-0.03375489375154199,-0.006615228479758897,0.34999999999999987
1.3800000000000001,1.181649535928416,0.017353973303506656,0.9669205339298654,1.0,0.29621932618543795,0.1911289491248174,0.04826881450886902,-0.03375489375154199,-0.006615228479758897,0.34999999999999987
1.4000000000000001,1.183649535928416,0.017353973303506656,0.9671205339298654,1.0,0.29621932618543795,0.1911289491248174,0.04826881450886902,-0.03375489375154199,-0.006615228479758897,0.34999999999999987
1.42,1.185649535928416,0.017353973303506656,0.9673205339298654,1.0,0.29621932618543795,0.1911289491248174,0.04826881450886902,-0.03375489375154199,-0.006615228479758897,0.34999999999999987
1.44,1.187649535928416,0.017353973303506656,0.9675205339298654,1.0,0.29621932618543795,0.1911289491248174,0.04826881450886902,-0.03375489375154199,-0.006615228479758897,0.34999999999999987
1.46,1.189649535928416,0.017353973303506656,0.9677205339298653,1.0,0.29621932618543795,0.1911289491248174,0.04826881450886902,-0.03375489375154199,-0.006615228479758897,0.34999999999999987
1.48,1.191649535928416,0.017353973303506656,0.9679205339298653,1.0,0.29621932618543795,0.1911289491248174,0.04826881450886902,-0.03375489375154199,-0.006615228479758897,0.34999999999999987
1.5,1.193649535928416,0.017353973303506656,0.9681205339298653,1.0,0.29621932618543795,0.1911289491248174,0.04826881450886902,-0.03375489375154199,-0.006615228479758897,0.34999999999999987
1.52,1.195649535928416,0.017353973303506656,0.9683205339298653,1.0,0.29621932618543795,0.1911289491248174,0.04826881450886902,-0.03375489375154199,-0.006615228479758897,0.34999999999999987
1.54,1.197649535928416,0.017353973303506656,0.9685205339298653,1.0,0.29621932618543795,0.1911289491248174,0.04826881450886902,-0.03375489375154199,-0.006615228479758897,0.34999999999999987
1.56,1.199649535928416,0.017353973303506656,0.9687205339298652,1.0,0.29621932618543795,0.1911289491248174,0.04826881450886902,-0.03375489375154199,-0.006615228479758897,0.34999999999999987
1.58,1.201649535928416,0.017353973303506656,0.9689205339298652,1.0,0.29621932618543795,0.1911289491248174,0.04826881450886902,-0.03375489375154199,-0.006615228479758897,0.34999999999999987
1.6,1.203649535928416,0.017353973303506656,0.9691205339298652,1.0,0.29621932618543795,0.1911289491248174,0.04826881450886902,-0.03375489375154199,-0.006615228479758897,0.34999999999999987
1.62,1.205649535928416,0.017353973303506656,0.9693205339298652,1.0,0.29621932618543795,0.1911289491248174,0.04826881450886902,-0.03375489375154199,-0.006615228479758897,0.34999999999999987
1.6400000000000001,1.207649535928416,0.017353973303506656,0.9695205339298651,1.0,0.29621932618543795,0.1911289491248174,0.04826881450886902,-0.03375489375154199,-0.006615228479758897,0.34999999999999987
1.6600000000000001,1.209649535928416,0.017353973303506656,0.9697205339298651,1.0,0.29621932618543795,0.1911289491248174,0.04826881450886902,-0.03375489375154199,-0.006615228479758897,0.34999999999999987
1.68,1.211649535928416,0.017353973303506656,0.9699205339298651,1.0,0.29621932618543795,0.1911289491248174,0.04826881450886902,-0.03375489375154199,-0.006615228479758897,0.34999999999999987
1.7,1.213649535928416,0.017353973303506656,0.9701205339298651,1.0,0.29621932618543795,0.1911289491248174,0.04826881450886902,-0.03375489375154199,-0.006615228479758897,0.34999999999999987
1.72,1.215649535928416,0.017353973303506656,0.9703205339298651,1.0,0.29621932618543795,0.1911289491248174,0.04826881450886902,-0.03375489375154199,-0.006615228479758897,0.34999999999999987
1.74,1.217649535928416,0.017353973303506656,0.970520533929865,1.0,0.29621932618543795,0.1911289491248174,0.04826881450886902,-0.03375489375154199,-0.006615228479758897,0.34999999999999987
1.76,1.219649535928416,0.017353973303506656,0.970720533929865,1.0,0.29621932618543795,0.1911289491248174,0.04826881450886902,-0.03375489375154199,-0.006615228479758897,0.34999999999999987
1.78,1.221649535928416,0.017353973303506656,0.970920533929865,1.0,0.29621932618543795,0.1911289491248174,0.04826881450886902,-0.03375489375154199,-0.006615228479758897,0.34999999999999987
1.8,1.223649535928416,0.017353973303506656,0.971120533929865,1.0,0.29621932618543795,0.1911289491248174,0.04826881450886902,-0.03375489375154199,-0.006615228479758897,0.34999999999999987
1.82,1.225649535928416,0.017353973303506656,0.971320533929865,1.0,0.29621932618543795,0.1911289491248174,0.04826881450886902,-0.03375489375154199,-0.006615228479758897,0.34999999999999987
1.84,1.227649535928416,0.017353973303506656,0.9715205339298649,1.0,0.29621932618543795,0.1911289491248174,0.04826881450886902,-0.03375489375154199,-0.006615228479758897,0.34999999999999987
1.86,1.229649535928416,0.017353973303506656,0.9717205339298649,1.0,0.29621932618543795,0.1911289491248174,0.04826881450886902,-0.03375489375154199,-0.006615228479758897,0.34999999999999987
1.8800000000000001,1.231649535928416,0.017353973303506656,0.9719205339298649,1.0,0.29621932618543795,0.1911289491248174,0.04826881450886902,-0.03375489375154199,-0.006615228479758897,0.34999999999999987
1.9000000000000001,1.233649535928416,0.017353973303506656,0.9721205339298649,1.0,0.29621932618543795,0.1911289491248174,0.04826881450886902,-0.03375489375154199,-0.006615228479758897,0.34999999999999987
1.92,1.235649535928416,0.017353973303506656,0.9723205339298648,1.0,0.29621932618543795,0.1911289491248174,0.04826881450886902,-0.03375489375154199,-0.006615228479758897,0.34999999999999987
1.94,1.237649535928416,0.017353973303506656,0.9725205339298648,1.0,0.29621932618543795,0.1911289491248174,0.04826881450886902,-0.03375489375154199,-0.006615228479758897,0.34999999999999987
1.96,1.239649535928416,0.017353973303506656,0.9727205339298648,1.0,0.29621932618543795,0.1911289491248174,0.04826881450886902,-0.03375489375154199,-0.006615228479758897,0.34999999999999987
1.98,1.241649535928416,0.017353973303506656,0.9729205339298648,1.0,0.29621932618543795,0.1911289491248174,0.04826881450886902,-0.03375489375154199,-0.006615228479758897,0.34999999999999987
2.0,1.243649535928416,0.017353973303506656,0.9731205339298648,1.0,0.29621932618543795,0.1911289491248174,0.04826881450886902,-0.03375489375154199,-0.006615228479758897,0.34999999999999987
2.02,1.245649535928416,0.017353973303506656,0.9733205339298647,1.0,0.29621932618543795,0.1911289491248174,0.04826881450886902,-0.03375489375154199,-0.006615228479758897,0.34999999999999987
2.04,1.247649535928416,0.017353973303506656,0.9735205339298647,1.0,0.29621932618543795,0.1911289491248174,0.04826881450886902,-0.03375489375154199,-0.006615228479758897,0.34999999999999987
2.06,1.249649535928416,0.017353973303506656,0.9737205339298647,1.0,0.29621932618543795,0.1911289491248174,0.04826881450886902,-0.03375489375154199,-0.006615228479758897,0.34999999999999987
2.08,1.251649535928416,0.017353973303506656,0.9739205339298647,1.0,0.29621932618543795,0.1911289491248174,0.04826881450886902,-0.03375489375154199,-0.006615228479758897,0.34999999999999987
2.1,1.253649535928416,0.017353973303506656,0.9741205339298646,1.0,0.29621932618543795,0.1911289491248174,0.04826881450886902,-0.03375489375154199,-0.006615228479758897,0.34999999999999987
2.12,1.255649535928416,0.017353973303506656,0.9743205339298646,1.0,0.29621932618543795,0.1911289491248174,0.04826881450886902,-0.03375489375154199,-0.006615228479758897,0.34999999999999987
2.14,1.257649535928416,0.017353973303506656,0.9745205339298646,1.0,0.29621932618543795,0.1911289491248174,0.04826881450886902,-0.03375489375154199,-0.006615228479758897,0.34999999999999987
2.16,1.259649535928416,0.017353973303506656,0.9747205339298646,1.0,0.29621932618543795,0.1911289491248174,0.04826881450886902,-0.03375489375154199,-0.006615228479758897,0.34999999999999987
2.18,1.261649535928416,0.017353973303506656,0.9749205339298646,1.0,0.29621932618543795,0.1911289491248174,0.04826881450886902,-0.03375489375154199,-0.006615228479758897,0.34999999999999987
2.2,1.2636495359284161,0.017353973303506656,0.9751205339298645,1.0,0.29621932618543795,0.1911289491248174,0.04826881450886902,-0.03375489375154199,-0.006615228479758897,0.34999999999999987
2.22,1.2656495359284161,0.017353973303506656,0.9753205339298645,1.0,0.29621932618543795,0.1911289491248174,0.04826881450886902,-0.03375489375154199,-0.006615228479758897,0.34999999999999987
2.24,1.2676495359284161,0.017353973303506656,0.9755205339298645,1.0,0.29621932618543795,0.1911289491248174,0.04826881450886902,-0.03375489375154199,-0.006615228479758897,0.34999999999999987
2.2600000000000002,1.2696495359284161,0.017353973303506656,0.9757205339298645,1.0,0.29621932618543795,0.1911289491248174,0.04826881450886902,-0.03375489375154199,-0.006615228479758897,0.34999999999999987
2.2800000000000002,1.2716495359284161,0.017353973303506656,0.9759205339298644,1.0,0.29621932618543795,0.1911289491248174,0.04826881450886902,-0.03375489375154199,-0.006615228479758897,0.34999999999999987
2.3000000000000003,1.2736495359284161,0.017353973303506656,0.9761205339298644,1.0,0.29621932618543795,0.1911289491248174,0.04826881450886902,-0.03375489375154199,-0.006615228479758897,0.34999999999999987
2.32,1.2756495359284161,0.017353973303506656,0.9763205339298644,1.0,0.29621932618543795,0.1911289491248174,0.04826881450886902,-0.03375489375154199,-0.006615228479758897,0.34999999999999987
2.34,1.2776495359284161,0.017353973303506656,0.9765205339298644,1.0,0.29621932618543795,0.1911289491248174,0.04826881450886902,-0.03375489375154199,-0.006615228479758897,0.34999999999999987
2.36,1.2796495359284161,0.017353973303506656,0.9767205339298644,1.0,0.29621932618543795,0.1911289491248174,0.04826881450886902,-0.03375489375154199,-0.006615228479758897,0.34999999999999987
2.38,1.2816495359284161,0.017353973303506656,0.9769205339298643,1.0,0.29621932618543795,0.1911289491248174,0.04826881450886902,-0.03375489375154199,-0.006615228479758897,0.34999999999999987
2.4,1.2836495359284161,0.017353973303506656,0.9771205339298643,1.0,0.29621932618543795,0.1911289491248174,0.04826881450886902,-0.03375489375154199,-0.006615228479758897,0.34999999999999987
2.42,1.2856495359284161,0.017353973303506656,0.9773205339298643,1.0,0.29621932618543795,0.1911289491248174,0.04826881450886902,-0.03375489375154199,-0.006615228479758897,0.34999999999999987
2.44,1.2876495359284161,0.017353973303506656,0.9775205339298643,1.0,0.29621932618543795,0.1911289491248174,0.04826881450886902,-0.03375489375154199,-0.006615228479758897,0.34999999999999987
2.46,1.2896495359284161,0.017353973303506656,0.9777205339298642,1.0,0.29621932618543795,0.1911289491248174,0.04826881450886902,-0.03375489375154199,-0.006615228479758897,0.34999999999999987
2.48,1.2916495359284161,0.017353973303506656,0.9779205339298642,1.0,0.29621932618543795,0.1911289491248174,0.04826881450886902,-0.03375489375154199,-0.006615228479758897,0.34999999999999987
2.5,1.2936495359284161,0.017353973303506656,0.9781205339298642,1.0,0.29621932618543795,0.1911289491248174,0.04826881450886902,-0.03375489375154199,-0.006615228479758897,0.34999999999999987
2.52,1.2956495359284161,0.017353973303506656,0.9783205339298642,1.0,0.29621932618543795,0.1911289491248174,0.04826881450886902,-0.03375489375154199,-0.006615228479758897,0.34999999999999987
2.54,1.2976495359284161,0.017353973303506656,0.9785205339298642,1.0,0.29621932618543795,0.1911289491248174,0.04826881450886902,-0.03375489375154199,-0.006615228479758897,0.34999999999999987
2.56,1.2996495359284161,0.017353973303506656,0.9787205339298641,1.0,0.29621932618543795,0.1911289491248174,0.04826881450886902,-0.03375489375154199,-0.006615228479758897,0.34999999999999987
2.58,1.3016495359284161,0.017353973303506656,0.9789205339298641,1.0,0.29621932618543795,0.1911289491248174,0.04826881450886902,-0.03375489375154199,-0.006615228479758897,0.34999999999999987
2.6,1.3036495359284161,0.017353973303506656,0.9791205339298641,1.0,0.29621932618543795,0.1911289491248174,0.04826881450886902,-0.03375489375154199,-0.006615228479758897,0.34999999999999987
2.62,1.3056495359284161,0.017353973303506656,0.9793205339298641,1.0,0.29621932618543795,0.1911289491248174,0.04826881450886902,-0.03375489375154199,-0.006615228479758897,0.34999999999999987
2.64,1.3076495359284162,0.017353973303506656,0.979520533929864,1.0,0.29621932618543795,0.1911289491248174,0.04826881450886902,-0.03375489375154199,-0.006615228479758897,0.34999999999999987
2.66,1.3096495359284162,0.017353973303506656,0.979720533929864,1.0,0.29621932618543795,0.1911289491248174,0.04826881450886902,-0.03375489375154199,-0.006615228479758897,0.34999999999999987
2.68,1.3116495359284162,0.017353973303506656,0.979920533929864,1.0,0.29621932618543795,0.1911289491248174,0.04826881450886902,-0.03375489375154199,-0.006615228479758897,0.34999999999999987
2.7,1.3136495359284162,0.017353973303506656,0.980120533929864,1.0,0.29621932618543795,0.1911289491248174,0.04826881450886902,-0.03375489375154199,-0.006615228479758897,0.34999999999999987
2.72,1.3156495359284162,0.017353973303506656,0.980320533929864,1.0,0.29621932618543795,0.1911289491248174,0.04826881450886902,-0.03375489375154199,-0.006615228479758897,0.34999999999999987
2.74,1.3176495359284162,0.017353973303506656,0.9805205339298639,1.0,0.29621932618543795,0.1911289491248174,0.04826881450886902,-0.03375489375154199,-0.006615228479758897,0.34999999999999987
2.7600000000000002,1.3196495359284162,0.017353973303506656,0.9807205339298639,1.0,0.29621932618543795,0.1911289491248174,0.04826881450886902,-0.03375489375154199,-0.006615228479758897,0.34999999999999987
2.7800000000000002,1.3216495359284162,0.017353973303506656,0.9809205339298639,1.0,0.29621932618543795,0.1911289491248174,0.04826881450886902,-0.03375489375154199,-0.006615228479758897,0.34999999999999987
2.8000000000000003,1.3236495359284162,0.017353973303506656,0.9811205339298639,1.0,0.29621932618543795,0.1911289491248174,0.04826881450886902,-0.03375489375154199,-0.006615228479758897,0.34999999999999987
2.82,1.3256495359284162,0.017353973303506656,0.9813205339298638,1.0,0.29621932618543795,0.1911289491248174,0.04826881450886902,-0.03375489375154199,-0.006615228479758897,0.34999999999999987
2.84,1.3276495359284162,0.017353973303506656,0.9815205339298638,1.0,0.29621932618543795,0.1911289491248174,0.04826881450886902,-0.03375489375154199,-0.006615228479758897,0.34999999999999987
2.86,1.3296495359284162,0.017353973303506656,0.9817205339298638,1.0,0.29621932618543795,0.1911289491248174,0.04826881450886902,-0.03375489375154199,-0.006615228479758897,0.34999999999999987
2.88,1.3316495359284162,0.017353973303506656,0.9819205339298638,1.0,0.29621932618543795,0.1911289491248174,0.04826881450886902,-0.03375489375154199,-0.006615228479758897,0.34999999999999987
2.9,1.3336495359284162,0.017353973303506656,0.9821205339298638,1.0,0.29621932618543795,0.1911289491248174,0.04826881450886902,-0.03375489375154199,-0.006615228479758897,0.34999999999999987
2.92,1.3356495359284162,0.017353973303506656,0.9823205339298637,1.0,0.29621932618543795,0.1911289491248174,0.04826881450886902,-0.03375489375154199,-0.006615228479758897,0.34999999999999987
2.94,1.3376495359284162,0.017353973303506656,0.9825205339298637,1.0,0.29621932618543795,0.1911289491248174,0.04826881450886902,-0.03375489375154199,-0.006615228479758897,0.34999999999999987
2.96,1.3396495359284162,0.017353973303506656,0.9827205339298637,1.0,0.29621932618543795,0.1911289491248174,0.04826881450886902,-0.03375489375154199,-0.006615228479758897,0.34999999999999987
2.98,1.3416495359284162,0.017353973303506656,0.9829205339298637,1.0,0.29621932618543795,0.1911289491248174,0.04826881450886902,-0.03375489375154199,-0.006615228479758897,0.34999999999999987
3.0,1.3436495359284162,0.017353973303506656,0.9831205339298636,1.0,0.29621932618543795,0.1911289491248174,0.04826881450886902,-0.03375489375154199,-0.006615228479758897,0.34999999999999987
3.02,1.3456495359284162,0.017353973303506656,0.9833205339298636,1.0,0.29621932618543795,0.1911289491248174,0.04826881450886902,-0.03375489375154199,-0.006615228479758897,0.34999999999999987
3.04,1.3476495359284162,0.017353973303506656,0.9835205339298636,1.0,0.29621932618543795,0.1911289491248174,0.04826881450886902,-0.03375489375154199,-0.006615228479758897,0.34999999999999987
3.06,1.3496495359284162,0.017353973303506656,0.9837205339298636,1.0,0.29621932618543795,0.1911289491248174,0.04826881450886902,-0.03375489375154199,-0.006615228479758897,0.34999999999999987
3.08,1.3516495359284162,0.017353973303506656,0.9839205339298636,1.0,0.29621932618543795,0.1911289491248174,0.04826881450886902,-0.03375489375154199,-0.006615228479758897,0.34999999999999987
3.1,1.3536495359284162,0.017353973303506656,0.9841205339298635,1.0,0.29621932618543795,0.1911289491248174,0.04826881450886902,-0.03375489375154199,-0.006615228479758897,0.34999999999999987
3.12,1.3556495359284162,0.017353973303506656,0.9843205339298635,1.0,0.29621932618543795,0.1911289491248174,0.04826881450886902,-0.03375489375154199,-0.006615228479758897,0.34999999999999987
3.14,1.3576495359284162,0.017353973303506656,0.9845205339298635,1.0,0.29621932618543795,0.1911289491248174,0.04826881450886902,-0.03375489375154199,-0.006615228479758897,0.34999999999999987
3.16,1.3596495359284162,0.017353973303506656,0.9847205339298635,1.0,0.29621932618543795,0.1911289491248174,0.04826881450886902,-0.03375489375154199,-0.006615228479758897,0.34999999999999987
3.18,1.3616495359284162,0.017353973303506656,0.9849205339298635,1.0,0.29621932618543795,0.1911289491248174,0.04826881450886902,-0.03375489375154199,-0.006615228479758897,0.34999999999999987
3.2,1.3636495359284162,0.017353973303506656,0.9851205339298634,1.0,0.29621932618543795,0.1911289491248174,0.04826881450886902,-0.03375489375154199,-0.006615228479758897,0.34999999999999987
3.22,1.3656495359284162,0.017353973303506656,0.9853205339298634,1.0,0.29621932618543795,0.1911289491248174,0.04826881450886902,-0.03375489375154199,-0.006615228479758897,0.34999999999999987
3.24,1.3676495359284162,0.017353973303506656,0.9855205339298634,1.0,0.29621932618543795,0.1911289491248174,0.04826881450886902,-0.03375489375154199,-0.006615228479758897,0.34999999999999987
3.2600000000000002,1.3696495359284162,0.017353973303506656,0.9857205339298634,1.0,0.29621932618543795,0.1911289491248174,0.04826881450886902,-0.03375489375154199,-0.006615228479758897,0.34999999999999987
3.2800000000000002,1.3716495359284162,0.017353973303506656,0.9859205339298633,1.0,0.29621932618543795,0.1911289491248174,0.04826881450886902,-0.03375489375154199,-0.006615228479758897,0.34999999999999987
3.3000000000000003,1.3736495359284162,0.017353973303506656,0.9861205339298633,1.0,0.29621932618543795,0.1911289491248174,0.04826881450886902,-0.03375489375154199,-0.006615228479758897,0.34999999999999987
3.3200000000000003,1.3756495359284162,0.017353973303506656,0.9863205339298633,1.0,0.29621932618543795,0.1911289491248174,0.04826881450886902,-0.03375489375154199,-0.006615228479758897,0.34999999999999987
3.34,1.3776495359284162,0.017353973303506656,0.9865205339298633,1.0,0.29621932618543795,0.1911289491248174,0.04826881450886902,-0.03375489375154199,-0.006615228479758897,0.34999999999999987
3.36,1.3796495359284162,0.017353973303506656,0.9867205339298633,1.0,0.29621932618543795,0.1911289491248174,0.04826881450886902,-0.03375489375154199,-0.006615228479758897,0.34999999999999987
3.38,1.3816495359284162,0.017353973303506656,0.9869205339298632,1.0,0.29621932618543795,0.1911289491248174,0.04826881450886902,-0.03375489375154199,-0.006615228479758897,0.34999999999999987
3.4,1.3836495359284162,0.017353973303506656,0.9871205339298632,1.0,0.29621932618543795,0.1911289491248174,0.04826881450886902,-0.03375489375154199,-0.006615228479758897,0.34999999999999987
3.42,1.3856495359284162,0.017353973303506656,0.9873205339298632,1.0,0.29621932618543795,0.1911289491248174,0.04826881450886902,-0.03375489375154199,-0.006615228479758897,0.34999999999999987
3.44,1.3876495359284162,0.017353973303506656,0.9875205339298632,1.0,0.29621932618543795,0.1911289491248174,0.04826881450886902,-0.03375489375154199,-0.006615228479758897,0.34999999999999987
3.46,1.3896495359284162,0.017353973303506656,0.9877205339298631,1.0,0.29621932618543795,0.1911289491248174,0.04826881450886902,-0.03375489375154199,-0.006615228479758897,0.34999999999999987
3.48,1.3916495359284162,0.017353973303506656,0.9879205339298631,1.0,0.29621932618543795,0.1911289491248174,0.04826881450886902,-0.03375489375154199,-0.006615228479758897,0.34999999999999987
3.5,1.3936495359284162,0.017353973303506656,0.9881205339298631,1.0,0.29621932618543795,0.1911289491248174,0.04826881450886902,-0.03375489375154199,-0.006615228479758897,0.34999999999999987
3.52,1.3956495359284162,0.017353973303506656,0.9883205339298631,1.0,0.29621932618543795,0.1911289491248174,0.04826881450886902,-0.03375489375154199,-0.006615228479758897,0.34999999999999987
3.54,1.3976495359284162,0.017353973303506656,0.988520533929863,1.0,0.29621932618543795,0.1911289491248174,0.04826881450886902,-0.03375489375154199,-0.006615228479758897,0.34999999999999987
3.56,1.3996495359284162,0.017353973303506656,0.988720533929863,1.0,0.29621932618543795,0.1911289491248174,0.04826881450886902,-0.03375489375154199,-0.006615228479758897,0.34999999999999987
3.58,1.4016495359284162,0.017353973303506656,0.988920533929863,1.0,0.29621932618543795,0.1911289491248174,0.04826881450886902,-0.03375489375154199,-0.006615228479758897,0.34999999999999987
3.6,1.4036495359284162,0.017353973303506656,0.989120533929863,1.0,0.29621932618543795,0.1911289491248174,0.04826881450886902,-0.03375489375154199,-0.006615228479758897,0.34999999999999987
3.62,1.4056495359284162,0.017353973303506656,0.989320533929863,1.0,0.29621932618543795,0.1911289491248174,0.04826881450886902,-0.03375489375154199,-0.006615228479758897,0.34999999999999987
3.64,1.4076495359284162,0.017353973303506656,0.9895205339298629,1.0,0.29621932618543795,0.1911289491248174,0.04826881450886902,-0.03375489375154199,-0.006615228479758897,0.34999999999999987
3.66,1.4096495359284162,0.017353973303506656,0.9897205339298629,1.0,0.29621932618543795,0.1911289491248174,0.04826881450886902,-0.03375489375154199,-0.006615228479758897,0.34999999999999987
3.68,1.4116495359284162,0.017353973303506656,0.9899205339298629,1.0,0.29621932618543795,0.1911289491248174,0.04826881450886902,-0.03375489375154199,-0.006615228479758897,0.34999999999999987
3.7,1.4136495359284162,0.017353973303506656,0.9901205339298629,1.0,0.29621932618543795,0.1911289491248174,0.04826881450886902,-0.03375489375154199,-0.006615228479758897,0.34999999999999987
3.72,1.4156495359284162,0.017353973303506656,0.9903205339298629,1.0,0.29621932618543795,0.1911289491248174,0.04826881450886902,-0.03375489375154199,-0.006615228479758897,0.34999999999999987
3.74,1.4176495359284162,0.017353973303506656,0.9905205339298628,1.0,0.29621932618543795,0.1911289491248174,0.04826881450886902,-0.03375489375154199,-0.006615228479758897,0.34999999999999987
3.7600000000000002,1.4196495359284163,0.017353973303506656,0.9907205339298628,1.0,0.29621932618543795,0.1911289491248174,0.04826881450886902,-0.03375489375154199,-0.006615228479758897,0.34999999999999987
3.7800000000000002,1.4216495359284163,0.017353973303506656,0.9909205339298628,1.0,0.29621932618543795,0.1911289491248174,0.04826881450886902,-0.03375489375154199,-0.006615228479758897,0.34999999999999987
3.8000000000000003,1.4236495359284163,0.017353973303506656,0.9911205339298628,1.0,0.29621932618543795,0.1911289491248174,0.04826881450886902,-0.03375489375154199,-0.006615228479758897,0.34999999999999987
3.8200000000000003,1.4256495359284163,0.017353973303506656,0.9913205339298627,1.0,0.29621932618543795,0.1911289491248174,0.04826881450886902,-0.03375489375154199,-0.006615228479758897,0.34999999999999987
3.84,1.4276495359284163,0.017353973303506656,0.9915205339298627,1.0,0.29621932618543795,0.1911289491248174,0.04826881450886902,-0.03375489375154199,-0.006615228479758897,0.34999999999999987
3.86,1.4296495359284163,0.017353973303506656,0.9917205339298627,1.0,0.29621932618543795,0.1911289491248174,0.04826881450886902,-0.03375489375154199,-0.006615228479758897,0.34999999999999987
3.88,1.4316495359284163,0.017353973303506656,0.9919205339298627,1.0,0.29621932618543795,0.1911289491248174,0.04826881450886902,-0.03375489375154199,-0.006615228479758897,0.34999999999999987
3.9,1.4336495359284163,0.017353973303506656,0.9921205339298627,1.0,0.29621932618543795,0.1911289491248174,0.04826881450886902,-0.03375489375154199,-0.006615228479758897,0.34999999999999987
3.92,1.4356495359284163,0.017353973303506656,0.9923205339298626,1.0,0.29621932618543795,0.1911289491248174,0.04826881450886902,-0.03375489375154199,-0.006615228479758897,0.34999999999999987
3.94,1.4376495359284163,0.017353973303506656,0.9925205339298626,1.0,0.29621932618543795,0.1911289491248174,0.04826881450886902,-0.03375489375154199,-0.006615228479758897,0.34999999999999987
3.96,1.4396495359284163,0.017353973303506656,0.9927205339298626,1.0,0.29621932618543795,0.1911289491248174,0.04826881450886902,-0.03375489375154199,-0.006615228479758897,0.34999999999999987
3.98,1.4416495359284163,0.017353973303506656,0.9929205339298626,1.0,0.29621932618543795,0.1911289491248174,0.04826881450886902,-0.03375489375154199,-0.006615228479758897,0.34999999999999987
4.0,1.4436495359284163,0.017353973303506656,0.9931205339298625,1.0,0.29621932618543795,0.1911289491248174,0.04826881450886902,-0.03375489375154199,-0.006615228479758897,0.34999999999999987
4.0200000000000005,1.4456495359284163,0.017353973303506656,0.9933205339298625,1.0,0.29621932618543795,0.1911289491248174,0.04826881450886902,-0.03375489375154199,-0.006615228479758897,0.34999999999999987
4.04,1.4476495359284163,0.017353973303506656,0.9935205339298625,1.0,0.29621932618543795,0.1911289491248174,0.04826881450886902,-0.03375489375154199,-0.006615228479758897,0.34999999999999987
4.0600000000000005,1.4496495359284163,0.017353973303506656,0.9937205339298625,1.0,0.29621932618543795,0.1911289491248174,0.04826881450886902,-0.03375489375154199,-0.006615228479758897,0.34999999999999987
4.08,1.4516495359284163,0.017353973303506656,0.9939205339298625,1.0,0.29621932618543795,0.1911289491248174,0.04826881450886902,-0.03375489375154199,-0.006615228479758897,0.34999999999999987
4.1,1.4536495359284163,0.017353973303506656,0.9941205339298624,1.0,0.29621932618543795,0.1911289491248174,0.04826881450886902,-0.03375489375154199,-0.006615228479758897,0.34999999999999987
4.12,1.4556495359284163,0.017353973303506656,0.9943205339298624,1.0,0.29621932618543795,0.1911289491248174,0.04826881450886902,-0.03375489375154199,-0.006615228479758897,0.34999999999999987
4.14,1.4576495359284163,0.017353973303506656,0.9945205339298624,1.0,0.29621932618543795,0.1911289491248174,0.04826881450886902,-0.03375489375154199,-0.006615228479758897,0.34999999999999987
4.16,1.4596495359284163,0.017353973303506656,0.9947205339298624,1.0,0.29621932618543795,0.1911289491248174,0.04826881450886902,-0.03375489375154199,-0.006615228479758897,0.34999999999999987
4.18,1.4616495359284163,0.017353973303506656,0.9949205339298623,1.0,0.29621932618543795,0.1911289491248174,0.04826881450886902,-0.03375489375154199,-0.006615228479758897,0.34999999999999987
4.2,1.4636495359284163,0.017353973303506656,0.9951205339298623,1.0,0.29621932618543795,0.1911289491248174,0.04826881450886902,-0.03375489375154199,-0.006615228479758897,0.34999999999999987
4.22,1.4656495359284163,0.017353973303506656,0.9953205339298623,1.0,0.29621932618543795,0.1911289491248174,0.04826881450886902,-0.03375489375154199,-0.006615228479758897,0.34999999999999987
4.24,1.4676495359284163,0.017353973303506656,0.9955205339298623,1.0,0.29621932618543795,0.1911289491248174,0.04826881450886902,-0.03375489375154199,-0.006615228479758897,0.34999999999999987
4.26,1.4696495359284163,0.017353973303506656,0.9957205339298623,1.0,0.29621932618543795,0.1911289491248174,0.04826881450886902,-0.03375489375154199,-0.006615228479758897,0.34999999999999987
4.28,1.4716495359284163,0.017353973303506656,0.9959205339298622,1.0,0.29621932618543795,0.1911289491248174,0.04826881450886902,-0.03375489375154199,-0.006615228479758897,0.34999999999999987
4.3,1.4736495359284163,0.017353973303506656,0.9961205339298622,1.0,0.29621932618543795,0.1911289491248174,0.04826881450886902,-0.03375489375154199,-0.006615228479758897,0.34999999999999987
4.32,1.4756495359284163,0.017353973303506656,0.9963205339298622,1.0,0.29621932618543795,0.1911289491248174,0.04826881450886902,-0.03375489375154199,-0.006615228479758897,0.34999999999999987
4.34,1.4776495359284163,0.017353973303506656,0.9965205339298622,1.0,0.29621932618543795,0.1911289491248174,0.04826881450886902,-0.03375489375154199,-0.006615228479758897,0.34999999999999987
4.36,1.4796495359284163,0.017353973303506656,0.9967205339298622,1.0,0.29621932618543795,0.1911289491248174,0.04826881450886902,-0.03375489375154199,-0.006615228479758897,0.34999999999999987
4.38,1.4816495359284163,0.017353973303506656,0.9969205339298621,1.0,0.29621932618543795,0.1911289491248174,0.04826881450886902,-0.03375489375154199,-0.006615228479758897,0.34999999999999987
4.4,1.4836495359284163,0.017353973303506656,0.9971205339298621,1.0,0.29621932618543795,0.1911289491248174,0.04826881450886902,-0.03375489375154199,-0.006615228479758897,0.34999999999999987
4.42,1.4856495359284163,0.017353973303506656,0.9973205339298621,1.0,0.29621932618543795,0.1911289491248174,0.04826881450886902,-0.03375489375154199,-0.006615228479758897,0.34999999999999987
4.44,1.4876495359284163,0.017353973303506656,0.9975205339298621,1.0,0.29621932618543795,0.1911289491248174,0.04826881450886902,-0.03375489375154199,-0.006615228479758897,0.34999999999999987
4.46,1.4896495359284163,0.017353973303506656,0.997720533929862,1.0,0.29621932618543795,0.1911289491248174,0.04826881450886902,-0.03375489375154199,-0.006615228479758897,0.34999999999999987
4.48,1.4916495359284163,0.017353973303506656,0.997920533929862,1.0,0.29621932618543795,0.1911289491248174,0.04826881450886902,-0.03375489375154199,-0.006615228479758897,0.34999999999999987
4.5,1.4936495359284163,0.017353973303506656,0.998120533929862,1.0,0.29621932618543795,0.1911289491248174,0.04826881450886902,-0.03375489375154199,-0.006615228479758897,0.34999999999999987
4.5200000000000005,1.4956495359284163,0.017353973303506656,0.998320533929862,1.0,0.29621932618543795,0.1911289491248174,0.04826881450886902,-0.03375489375154199,-0.006615228479758897,0.34999999999999987
4.54,1.4976495359284163,0.017353973303506656,0.998520533929862,1.0,0.29621932618543795,0.1911289491248174,0.04826881450886902,-0.03375489375154199,-0.006615228479758897,0.34999999999999987
4.5600000000000005,1.4996495359284163,0.017353973303506656,0.9987205339298619,1.0,0.29621932618543795,0.1911289491248174,0.04826881450886902,-0.03375489375154199,-0.006615228479758897,0.34999999999999987
4.58,1.5016495359284163,0.017353973303506656,0.9989205339298619,1.0,0.29621932618543795,0.1911289491248174,0.04826881450886902,-0.03375489375154199,-0.006615228479758897,0.34999999999999987
4.6000000000000005,1.5036495359284163,0.017353973303506656,0.9991205339298619,1.0,0.29621932618543795,0.1911289491248174,0.04826881450886902,-0.03375489375154199,-0.006615228479758897,0.34999999999999987
4.62,1.5056495359284163,0.017353973303506656,0.9993205339298619,1.0,0.29621932618543795,0.1911289491248174,0.04826881450886902,-0.03375489375154199,-0.006615228479758897,0.34999999999999987
4.64,1.5076495359284163,0.017353973303506656,0.9995205339298618,1.0,0.29621932618543795,0.1911289491248174,0.04826881450886902,-0.03375489375154199,-0.006615228479758897,0.34999999999999987
4.66,1.5096495359284163,0.017353973303506656,0.9997205339298618,1.0,0.29621932618543795,0.1911289491248174,0.04826881450886902,-0.03375489375154199,-0.006615228479758897,0.34999999999999987
4.68,1.5116495359284163,0.017353973303506656,0.9999205339298618,1.0,0.29621932618543795,0.1911289491248174,0.04826881450886902,-0.03375489375154199,-0.006615228479758897,0.34999999999999987
4.7,1.5136495359284163,0.017353973303506656,1.0001205339298618,1.0,0.29621932618543795,0.1911289491248174,0.04826881450886902,-0.03375489375154199,-0.006615228479758897,0.34999999999999987
4.72,1.5156495359284163,0.017353973303506656,1.0003205339298618,1.0,0.29621932618543795,0.1911289491248174,0.04826881450886902,-0.03375489375154199,-0.006615228479758897,0.34999999999999987
4.74,1.5176495359284163,0.017353973303506656,1.0005205339298617,1.0,0.29621932618543795,0.1911289491248174,0.04826881450886902,-0.03375489375154199,-0.006615228479758897,0.34999999999999987
4.76,1.5196495359284163,0.017353973303506656,1.0007205339298617,1.0,0.29621932618543795,0.1911289491248174,0.04826881450886902,-0.03375489375154199,-0.006615228479758897,0.34999999999999987
4.78,1.5216495359284163,0.017353973303506656,1.0009205339298617,1.0,0.29621932618543795,0.1911289491248174,0.04826881450886902,-0.03375489375154199,-0.006615228479758897,0.34999999999999987
4.8,1.5236495359284163,0.017353973303506656,1.0011205339298617,1.0,0.29621932618543795,0.1911289491248174,0.04826881450886902,-0.03375489375154199,-0.006615228479758897,0.34999999999999987
4.82,1.5256495359284163,0.017353973303506656,1.0013205339298616,1.0,0.29621932618543795,0.1911289491248174,0.04826881450886902,-0.03375489375154199,-0.006615228479758897,0.34999999999999987
4.84,1.5276495359284163,0.017353973303506656,1.0015205339298616,1.0,0.29621932618543795,0.1911289491248174,0.04826881450886902,-0.03375489375154199,-0.006615228479758897,0.34999999999999987
4.86,1.5296495359284163,0.017353973303506656,1.0017205339298616,1.0,0.29621932618543795,0.1911289491248174,0.04826881450886902,-0.03375489375154199,-0.006615228479758897,0.34999999999999987
4.88,1.5316495359284164,0.017353973303506656,1.0019205339298616,1.0,0.29621932618543795,0.1911289491248174,0.04826881450886902,-0.03375489375154199,-0.006615228479758897,0.34999999999999987
4.9,1.5336495359284164,0.017353973303506656,1.0021205339298616,1.0,0.29621932618543795,0.1911289491248174,0.04826881450886902,-0.03375489375154199,-0.006615228479758897,0.34999999999999987
4.92,1.5356495359284164,0.017353973303506656,1.0023205339298615,1.0,0.29621932618543795,0.1911289491248174,0.04826881450886902,-0.03375489375154199,-0.006615228479758897,0.34999999999999987
4.94,1.5376495359284164,0.017353973303506656,1.0025205339298615,1.0,0.29621932618543795,0.1911289491248174,0.04826881450886902,-0.03375489375154199,-0.006615228479758897,0.34999999999999987
4.96,1.5396495359284164,0.017353973303506656,1.0027205339298615,1.0,0.29621932618543795,0.1911289491248174,0.04826881450886902,-0.03375489375154199,-0.006615228479758897,0.34999999999999987
4.98,1.5416495359284164,0.017353973303506656,1.0029205339298615,1.0,0.29621932618543795,0.1911289491248174,0.04826881450886902,-0.03375489375154199,-0.006615228479758897,0.34999999999999987
5.0,1.5436495359284164,0.017353973303506656,1.0031205339298614,1.0,0.29621932618543795,0.1911289491248174,0.04826881450886902,-0.03375489375154199,-0.006615228479758897,0.34999999999999987
5.0200000000000005,1.5456495359284164,0.017353973303506656,1.0033205339298614,1.0,0.29621932618543795,0.1911289491248174,0.04826881450886902,-0.03375489375154199,-0.006615228479758897,0.34999999999999987
5.04,1.5476495359284164,0.017353973303506656,1.0035205339298614,1.0,0.29621932618543795,0.1911289491248174,0.04826881450886902,-0.03375489375154199,-0.006615228479758897,0.34999999999999987
5.0600000000000005,1.5496495359284164,0.017353973303506656,1.0037205339298614,1.0,0.29621932618543795,0.1911289491248174,0.04826881450886902,-0.03375489375154199,-0.006615228479758897,0.34999999999999987
5.08,1.5516495359284164,0.017353973303506656,1.0039205339298614,1.0,0.29621932618543795,0.1911289491248174,0.04826881450886902,-0.03375489375154199,-0.006615228479758897,0.34999999999999987
5.1000000000000005,1.5536495359284164,0.017353973303506656,1.0041205339298613,1.0,0.29621932618543795,0.1911289491248174,0.04826881450886902,-0.03375489375154199,-0.006615228479758897,0.34999999999999987
5.12,1.5556495359284164,0.017353973303506656,1.0043205339298613,1.0,0.29621932618543795,0.1911289491248174,0.04826881450886902,-0.03375489375154199,-0.006615228479758897,0.34999999999999987
5.14,1.5576495359284164,0.017353973303506656,1.0045205339298613,1.0,0.29621932618543795,0.1911289491248174,0.04826881450886902,-0.03375489375154199,-0.006615228479758897,0.34999999999999987
5.16,1.5596495359284164,0.017353973303506656,1.0047205339298613,1.0,0.29621932618543795,0.1911289491248174,0.04826881450886902,-0.03375489375154199,-0.006615228479758897,0.34999999999999987
5.18,1.5616495359284164,0.017353973303506656,1.0049205339298612,1.0,0.29621932618543795,0.1911289491248174,0.04826881450886902,-0.03375489375154199,-0.006615228479758897,0.34999999999999987
5.2,1.5636495359284164,0.017353973303506656,1.0051205339298612,1.0,0.29621932618543795,0.1911289491248174,0.04826881450886902,-0.03375489375154199,-0.006615228479758897,0.34999999999999987
5.22,1.5656495359284164,0.017353973303506656,1.0053205339298612,1.0,0.29621932618543795,0.1911289491248174,0.04826881450886902,-0.03375489375154199,-0.006615228479758897,0.34999999999999987
5.24,1.5676495359284164,0.017353973303506656,1.0055205339298612,1.0,0.29621932618543795,0.1911289491248174,0.04826881450886902,-0.03375489375154199,-0.006615228479758897,0.34999999999999987
5.26,1.5696495359284164,0.017353973303506656,1.0057205339298612,1.0,0.29621932618543795,0.1911289491248174,0.04826881450886902,-0.03375489375154199,-0.006615228479758897,0.34999999999999987
5.28,1.5716495359284164,0.017353973303506656,1.0059205339298611,1.0,0.29621932618543795,0.1911289491248174,0.04826881450886902,-0.03375489375154199,-0.006615228479758897,0.34999999999999987
5.3,1.5736495359284164,0.017353973303506656,1.0061205339298611,1.0,0.29621932618543795,0.1911289491248174,0.04826881450886902,-0.03375489375154199,-0.006615228479758897,0.34999999999999987
5.32,1.5756495359284164,0.017353973303506656,1.006320533929861,1.0,0.29621932618543795,0.1911289491248174,0.04826881450886902,-0.03375489375154199,-0.006615228479758897,0.34999999999999987
5.34,1.5776495359284164,0.017353973303506656,1.006520533929861,1.0,0.29621932618543795,0.1911289491248174,0.04826881450886902,-0.03375489375154199,-0.006615228479758897,0.34999999999999987
5.36,1.5796495359284164,0.017353973303506656,1.006720533929861,1.0,0.29621932618543795,0.1911289491248174,0.04826881450886902,-0.03375489375154199,-0.006615228479758897,0.34999999999999987
5.38,1.5816495359284164,0.017353973303506656,1.006920533929861,1.0,0.29621932618543795,0.1911289491248174,0.04826881450886902,-0.03375489375154199,-0.006615228479758897,0.34999999999999987
5.4,1.5836495359284164,0.017353973303506656,1.007120533929861,1.0,0.29621932618543795,0.1911289491248174,0.04826881450886902,-0.03375489375154199,-0.006615228479758897,0.34999999999999987
5.42,1.5856495359284164,0.017353973303506656,1.007320533929861,1.0,0.29621932618543795,0.1911289491248174,0.04826881450886902,-0.03375489375154199,-0.006615228479758897,0.34999999999999987
5.44,1.5876495359284164,0.017353973303506656,1.007520533929861,1.0,0.29621932618543795,0.1911289491248174,0.04826881450886902,-0.03375489375154199,-0.006615228479758897,0.34999999999999987
5.46,1.5896495359284164,0.017353973303506656,1.007720533929861,1.0,0.29621932618543795,0.1911289491248174,0.04826881450886902,-0.03375489375154199,-0.006615228479758897,0.34999999999999987
5.48,1.5916495359284164,0.017353973303506656,1.007920533929861,1.0,0.29621932618543795,0.1911289491248174,0.04826881450886902,-0.03375489375154199,-0.006615228479758897,0.34999999999999987
5.5,1.5936495359284164,0.017353973303506656,1.008120533929861,1.0,0.29621932618543795,0.1911289491248174,0.04826881450886902,-0.03375489375154199,-0.006615228479758897,0.34999999999999987
5.5200000000000005,1.5956495359284164,0.017353973303506656,1.0083205339298609,1.0,0.29621932618543795,0.1911289491248174,0.04826881450886902,-0.03375489375154199,-0.006615228479758897,0.34999999999999987
5.54,1.5976495359284164,0.017353973303506656,1.0085205339298609,1.0,0.29621932618543795,0.1911289491248174,0.04826881450886902,-0.03375489375154199,-0.006615228479758897,0.34999999999999987
5.5600000000000005,1.5996495359284164,0.017353973303506656,1.0087205339298608,1.0,0.29621932618543795,0.1911289491248174,0.04826881450886902,-0.03375489375154199,-0.006615228479758897,0.34999999999999987
5.58,1.6016495359284164,0.017353973303506656,1.0089205339298608,1.0,0.29621932618543795,0.1911289491248174,0.04826881450886902,-0.03375489375154199,-0.006615228479758897,0.34999999999999987
5.6000000000000005,1.6036495359284164,0.017353973303506656,1.0091205339298608,1.0,0.29621932618543795,0.1911289491248174,0.04826881450886902,-0.03375489375154199,-0.006615228479758897,0.34999999999999987
5.62,1.6056495359284164,0.017353973303506656,1.0093205339298608,1.0,0.29621932618543795,0.1911289491248174,0.04826881450886902,-0.03375489375154199,-0.006615228479758897,0.34999999999999987
5.64,1.6076495359284164,0.017353973303506656,1.0095205339298607,1.0,0.29621932618543795,0.1911289491248174,0.04826881450886902,-0.03375489375154199,-0.006615228479758897,0.34999999999999987
5.66,1.6096495359284164,0.017353973303506656,1.0097205339298607,1.0,0.29621932618543795,0.1911289491248174,0.04826881450886902,-0.03375489375154199,-0.006615228479758897,0.34999999999999987
5.68,1.6116495359284164,0.017353973303506656,1.0099205339298607,1.0,0.29621932618543795,0.1911289491248174,0.04826881450886902,-0.03375489375154199,-0.006615228479758897,0.34999999999999987
5.7,1.6136495359284164,0.017353973303506656,1.0101205339298607,1.0,0.29621932618543795,0.1911289491248174,0.04826881450886902,-0.03375489375154199,-0.006615228479758897,0.34999999999999987
5.72,1.6156495359284164,0.017353973303506656,1.0103205339298607,1.0,0.29621932618543795,0.1911289491248174,0.04826881450886902,-0.03375489375154199,-0.006615228479758897,0.34999999999999987
5.74,1.6176495359284164,0.017353973303506656,1.0105205339298606,1.0,0.29621932618543795,0.1911289491248174,0.04826881450886902,-0.03375489375154199,-0.006615228479758897,0.34999999999999987
5.76,1.6196495359284164,0.017353973303506656,1.0107205339298606,1.0,0.29621932618543795,0.1911289491248174,0.04826881450886902,-0.03375489375154199,-0.006615228479758897,0.34999999999999987
5.78,1.6216495359284164,0.017353973303506656,1.0109205339298606,1.0,0.29621932618543795,0.1911289491248174,0.04826881450886902,-0.03375489375154199,-0.006615228479758897,0.34999999999999987
5.8,1.6236495359284164,0.017353973303506656,1.0111205339298606,1.0,0.29621932618543795,0.1911289491248174,0.04826881450886902,-0.03375489375154199,-0.006615228479758897,0.34999999999999987
5.82,1.6256495359284164,0.017353973303506656,1.0113205339298605,1.0,0.29621932618543795,0.1911289491248174,0.04826881450886902,-0.03375489375154199,-0.006615228479758897,0.34999999999999987
5.84,1.6276495359284164,0.017353973303506656,1.0115205339298605,1.0,0.29621932618543795,0.1911289491248174,0.04826881450886902,-0.03375489375154199,-0.006615228479758897,0.34999999999999987
5.86,1.6296495359284164,0.017353973303506656,1.0117205339298605,1.0,0.29621932618543795,0.1911289491248174,0.04826881450886902,-0.03375489375154199,-0.006615228479758897,0.34999999999999987
5.88,1.6316495359284164,0.017353973303506656,1.0119205339298605,1.0,0.29621932618543795,0.1911289491248174,0.04826881450886902,-0.03375489375154199,-0.006615228479758897,0.34999999999999987
5.9,1.6336495359284164,0.017353973303506656,1.0121205339298605,1.0,0.29621932618543795,0.1911289491248174,0.04826881450886902,-0.03375489375154199,-0.006615228479758897,0.34999999999999987
5.92,1.6356495359284164,0.017353973303506656,1.0123205339298604,1.0,0.29621932618543795,0.1911289491248174,0.04826881450886902,-0.03375489375154199,-0.006615228479758897,0.34999999999999987
5.94,1.6376495359284164,0.017353973303506656,1.0125205339298604,1.0,0.29621932618543795,0.1911289491248174,0.04826881450886902,-0.03375489375154199,-0.006615228479758897,0.34999999999999987
5.96,1.6396495359284164,0.017353973303506656,1.0127205339298604,1.0,0.29621932618543795,0.1911289491248174,0.04826881450886902,-0.03375489375154199,-0.006615228479758897,0.34999999999999987
5.98,1.6416495359284164,0.017353973303506656,1.0129205339298604,1.0,0.29621932618543795,0.1911289491248174,0.04826881450886902,-0.03375489375154199,-0.006615228479758897,0.34999999999999987
6.0,1.6436495359284164,0.017353973303506656,1.0131205339298603,1.0,0.29621932618543795,0.1911289491248174,0.04826881450886902,-0.03375489375154199,-0.006615228479758897,0.34999999999999987
6.0200000000000005,1.6456495359284165,0.017353973303506656,1.0133205339298603,1.0,0.29621932618543795,0.1911289491248174,0.04826881450886902,-0.03375489375154199,-0.006615228479758897,0.34999999999999987
6.04,1.6476495359284165,0.017353973303506656,1.0135205339298603,1.0,0.29621932618543795,0.1911289491248174,0.04826881450886902,-0.03375489375154199,-0.006615228479758897,0.34999999999999987
6.0600000000000005,1.6496495359284165,0.017353973303506656,1.0137205339298603,1.0,0.29621932618543795,0.1911289491248174,0.04826881450886902,-0.03375489375154199,-0.006615228479758897,0.34999999999999987
6.08,1.6516495359284165,0.017353973303506656,1.0139205339298603,1.0,0.29621932618543795,0.1911289491248174,0.04826881450886902,-0.03375489375154199,-0.006615228479758897,0.34999999999999987
6.1000000000000005,1.6536495359284165,0.017353973303506656,1.0141205339298602,1.0,0.29621932618543795,0.1911289491248174,0.04826881450886902,-0.03375489375154199,-0.006615228479758897,0.34999999999999987
6.12,1.6556495359284165,0.017353973303506656,1.0143205339298602,1.0,0.29621932618543795,0.1911289491248174,0.04826881450886902,-0.03375489375154199,-0.006615228479758897,0.34999999999999987
6.140000000000001,1.6576495359284165,0.017353973303506656,1.0145205339298602,1.0,0.29621932618543795,0.1911289491248174,0.04826881450886902,-0.03375489375154199,-0.006615228479758897,0.34999999999999987
6.16,1.6596495359284165,0.017353973303506656,1.0147205339298602,1.0,0.29621932618543795,0.1911289491248174,0.04826881450886902,-0.03375489375154199,-0.006615228479758897,0.34999999999999987
6.18,1.6616495359284165,0.017353973303506656,1.0149205339298601,1.0,0.29621932618543795,0.1911289491248174,0.04826881450886902,-0.03375489375154199,-0.006615228479758897,0.34999999999999987
6.2,1.6636495359284165,0.017353973303506656,1.0151205339298601,1.0,0.29621932618543795,0.1911289491248174,0.04826881450886902,-0.03375489375154199,-0.006615228479758897,0.34999999999999987
6.22,1.6656495359284165,0.017353973303506656,1.01532053392986,1.0,0.29621932618543795,0.1911289491248174,0.04826881450886902,-0.03375489375154199,-0.006615228479758897,0.34999999999999987
6.24,1.6676495359284165,0.017353973303506656,1.01552053392986,1.0,0.29621932618543795,0.1911289491248174,0.04826881450886902,-0.03375489375154199,-0.006615228479758897,0.34999999999999987
6.26,1.6696495359284165,0.017353973303506656,1.01572053392986,1.0,0.29621932618543795,0.1911289491248174,0.04826881450886902,-0.03375489375154199,-0.006615228479758897,0.34999999999999987
6.28,1.6716495359284165,0.017353973303506656,1.01592053392986,1.0,0.29621932618543795,0.1911289491248174,0.04826881450886902,-0.03375489375154199,-0.006615228479758897,0.34999999999999987
6.3,1.6736495359284165,0.017353973303506656,1.01612053392986,1.0,0.29621932618543795,0.1911289491248174,0.04826881450886902,-0.03375489375154199,-0.006615228479758897,0.34999999999999987
6.32,1.6756495359284165,0.017353973303506656,1.01632053392986,1.0,0.29621932618543795,0.1911289491248174,0.04826881450886902,-0.03375489375154199,-0.006615228479758897,0.34999999999999987
6.34,1.6776495359284165,0.017353973303506656,1.01652053392986,1.0,0.29621932618543795,0.1911289491248174,0.04826881450886902,-0.03375489375154199,-0.006615228479758897,0.34999999999999987
6.36,1.6796495359284165,0.017353973303506656,1.01672053392986,1.0,0.29621932618543795,0.1911289491248174,0.04826881450886902,-0.03375489375154199,-0.006615228479758897,0.34999999999999987
6.38,1.6816495359284165,0.017353973303506656,1.01692053392986,1.0,0.29621932618543795,0.1911289491248174,0.04826881450886902,-0.03375489375154199,-0.006615228479758897,0.34999999999999987
6.4,1.6836495359284165,0.017353973303506656,1.01712053392986,1.0,0.29621932618543795,0.1911289491248174,0.04826881450886902,-0.03375489375154199,-0.006615228479758897,0.34999999999999987
6.42,1.6856495359284165,0.017353973303506656,1.0173205339298599,1.0,0.29621932618543795,0.1911289491248174,0.04826881450886902,-0.03375489375154199,-0.006615228479758897,0.34999999999999987
6.44,1.6876495359284165,0.017353973303506656,1.0175205339298599,1.0,0.29621932618543795,0.1911289491248174,0.04826881450886902,-0.03375489375154199,-0.006615228479758897,0.34999999999999987
6.46,1.6896495359284165,0.017353973303506656,1.0177205339298598,1.0,0.29621932618543795,0.1911289491248174,0.04826881450886902,-0.03375489375154199,-0.006615228479758897,0.34999999999999987
6.48,1.6916495359284165,0.017353973303506656,1.0179205339298598,1.0,0.29621932618543795,0.1911289491248174,0.04826881450886902,-0.03375489375154199,-0.006615228479758897,0.34999999999999987
6.5,1.6936495359284165,0.017353973303506656,1.0181205339298598,1.0,0.29621932618543795,0.1911289491248174,0.04826881450886902,-0.03375489375154199,-0.006615228479758897,0.34999999999999987
6.5200000000000005,1.6956495359284165,0.017353973303506656,1.0183205339298598,1.0,0.29621932618543795,0.1911289491248174,0.04826881450886902,-0.03375489375154199,-0.006615228479758897,0.34999999999999987
6.54,1.6976495359284165,0.017353973303506656,1.0185205339298598,1.0,0.29621932618543795,0.1911289491248174,0.04826881450886902,-0.03375489375154199,-0.006615228479758897,0.34999999999999987
6.5600000000000005,1.6996495359284165,0.017353973303506656,1.0187205339298597,1.0,0.29621932618543795,0.1911289491248174,0.04826881450886902,-0.03375489375154199,-0.006615228479758897,0.34999999999999987
6.58,1.7016495359284165,0.017353973303506656,1.0189205339298597,1.0,0.29621932618543795,0.1911289491248174,0.04826881450886902,-0.03375489375154199,-0.006615228479758897,0.34999999999999987
6.6000000000000005,1.7036495359284165,0.017353973303506656,1.0191205339298597,1.0,0.29621932618543795,0.1911289491248174,0.04826881450886902,-0.03375489375154199,-0.006615228479758897,0.34999999999999987
6.62,1.7056495359284165,0.017353973303506656,1.0193205339298597,1.0,0.29621932618543795,0.1911289491248174,0.04826881450886902,-0.03375489375154199,-0.006615228479758897,0.34999999999999987
6.640000000000001,1.7076495359284165,0.017353973303506656,1.0195205339298596,1.0,0.29621932618543795,0.1911289491248174,0.04826881450886902,-0.03375489375154199,-0.006615228479758897,0.34999999999999987
6.66,1.7096495359284165,0.017353973303506656,1.0197205339298596,1.0,0.29621932618543795,0.1911289491248174,0.04826881450886902,-0.03375489375154199,-0.006615228479758897,0.34999999999999987
6.68,1.7116495359284165,0.017353973303506656,1.0199205339298596,1.0,0.29621932618543795,0.1911289491248174,0.04826881450886902,-0.03375489375154199,-0.006615228479758897,0.34999999999999987
6.7,1.7136495359284165,0.017353973303506656,1.0201205339298596,1.0,0.29621932618543795,0.1911289491248174,0.04826881450886902,-0.03375489375154199,-0.006615228479758897,0.34999999999999987
6.72,1.7156495359284165,0.017353973303506656,1.0203205339298596,1.0,0.29621932618543795,0.1911289491248174,0.04826881450886902,-0.03375489375154199,-0.006615228479758897,0.34999999999999987
6.74,1.7176495359284165,0.017353973303506656,1.0205205339298595,1.0,0.29621932618543795,0.1911289491248174,0.04826881450886902,-0.03375489375154199,-0.006615228479758897,0.34999999999999987
6.76,1.7196495359284165,0.017353973303506656,1.0207205339298595,1.0,0.29621932618543795,0.1911289491248174,0.04826881450886902,-0.03375489375154199,-0.006615228479758897,0.34999999999999987
6.78,1.7216495359284165,0.017353973303506656,1.0209205339298595,1.0,0.29621932618543795,0.1911289491248174,0.04826881450886902,-0.03375489375154199,-0.006615228479758897,0.34999999999999987
6.8,1.7236495359284165,0.017353973303506656,1.0211205339298595,1.0,0.29621932618543795,0.1911289491248174,0.04826881450886902,-0.03375489375154199,-0.006615228479758897,0.34999999999999987
6.82,1.7256495359284165,0.017353973303506656,1.0213205339298594,1.0,0.29621932618543795,0.1911289491248174,0.04826881450886902,-0.03375489375154199,-0.006615228479758897,0.34999999999999987
6.84,1.7276495359284165,0.017353973303506656,1.0215205339298594,1.0,0.29621932618543795,0.1911289491248174,0.04826881450886902,-0.03375489375154199,-0.006615228479758897,0.34999999999999987
6.86,1.7296495359284165,0.017353973303506656,1.0217205339298594,1.0,0.29621932618543795,0.1911289491248174,0.04826881450886902,-0.03375489375154199,-0.006615228479758897,0.34999999999999987
6.88,1.7316495359284165,0.017353973303506656,1.0219205339298594,1.0,0.29621932618543795,0.1911289491248174,0.04826881450886902,-0.03375489375154199,-0.006615228479758897,0.34999999999999987
6.9,1.7336495359284165,0.017353973303506656,1.0221205339298594,1.0,0.29621932618543795,0.1911289491248174,0.04826881450886902,-0.03375489375154199,-0.006615228479758897,0.34999999999999987
6.92,1.7356495359284165,0.017353973303506656,1.0223205339298593,1.0,0.29621932618543795,0.1911289491248174,0.04826881450886902,-0.03375489375154199,-0.006615228479758897,0.34999999999999987
6.94,1.7376495359284165,0.017353973303506656,1.0225205339298593,1.0,0.29621932618543795,0.1911289491248174,0.04826881450886902,-0.03375489375154199,-0.006615228479758897,0.34999999999999987
6.96,1.7396495359284165,0.017353973303506656,1.0227205339298593,1.0,0.29621932618543795,0.1911289491248174,0.04826881450886902,-0.03375489375154199,-0.006615228479758897,0.34999999999999987
6.98,1.7416495359284165,0.017353973303506656,1.0229205339298593,1.0,0.29621932618543795,0.1911289491248174,0.04826881450886902,-0.03375489375154199,-0.006615228479758897,0.34999999999999987
7.0,1.7436495359284165,0.017353973303506656,1.0231205339298592,1.0,0.29621932618543795,0.1911289491248174,0.04826881450886902,-0.03375489375154199,-0.006615228479758897,0.34999999999999987
7.0200000000000005,1.7456495359284165,0.017353973303506656,1.0233205339298592,1.0,0.29621932618543795,0.1911289491248174,0.04826881450886902,-0.03375489375154199,-0.006615228479758897,0.34999999999999987
7.04,1.7476495359284165,0.017353973303506656,1.0235205339298592,1.0,0.29621932618543795,0.1911289491248174,0.04826881450886902,-0.03375489375154199,-0.006615228479758897,0.34999999999999987
7.0600000000000005,1.7496495359284165,0.017353973303506656,1.0237205339298592,1.0,0.29621932618543795,0.1911289491248174,0.04826881450886902,-0.03375489375154199,-0.006615228479758897,0.34999999999999987
7.08,1.7516495359284165,0.017353973303506656,1.0239205339298592,1.0,0.29621932618543795,0.1911289491248174,0.04826881450886902,-0.03375489375154199,-0.006615228479758897,0.34999999999999987
7.1000000000000005,1.7536495359284165,0.017353973303506656,1.0241205339298591,1.0,0.29621932618543795,0.1911289491248174,0.04826881450886902,-0.03375489375154199,-0.006615228479758897,0.34999999999999987
7.12,1.7556495359284165,0.017353973303506656,1.0243205339298591,1.0,0.29621932618543795,0.1911289491248174,0.04826881450886902,-0.03375489375154199,-0.006615228479758897,0.34999999999999987
7.140000000000001,1.7576495359284166,0.017353973303506656,1.024520533929859,1.0,0.29621932618543795,0.1911289491248174,0.04826881450886902,-0.03375489375154199,-0.006615228479758897,0.34999999999999987
7.16,1.7596495359284166,0.017353973303506656,1.024720533929859,1.0,0.29621932618543795,0.1911289491248174,0.04826881450886902,-0.03375489375154199,-0.006615228479758897,0.34999999999999987
7.18,1.7616495359284166,0.017353973303506656,1.024920533929859,1.0,0.29621932618543795,0.1911289491248174,0.04826881450886902,-0.03375489375154199,-0.006615228479758897,0.34999999999999987
7.2,1.7636495359284166,0.017353973303506656,1.025120533929859,1.0,0.29621932618543795,0.1911289491248174,0.04826881450886902,-0.03375489375154199,-0.006615228479758897,0.34999999999999987
7.22,1.7656495359284166,0.017353973303506656,1.025320533929859,1.0,0.29621932618543795,0.1911289491248174,0.04826881450886902,-0.03375489375154199,-0.006615228479758897,0.34999999999999987
7.24,1.7676495359284166,0.017353973303506656,1.025520533929859,1.0,0.29621932618543795,0.1911289491248174,0.04826881450886902,-0.03375489375154199,-0.006615228479758897,0.34999999999999987
7.26,1.7696495359284166,0.017353973303506656,1.025720533929859,1.0,0.29621932618543795,0.1911289491248174,0.04826881450886902,-0.03375489375154199,-0.006615228479758897,0.34999999999999987
7.28,1.7716495359284166,0.017353973303506656,1.025920533929859,1.0,0.29621932618543795,0.1911289491248174,0.04826881450886902,-0.03375489375154199,-0.006615228479758897,0.34999999999999987
7.3,1.7736495359284166,0.017353973303506656,1.026120533929859,1.0,0.29621932618543795,0.1911289491248174,0.04826881450886902,-0.03375489375154199,-0.006615228479758897,0.34999999999999987
7.32,1.7756495359284166,0.017353973303506656,1.026320533929859,1.0,0.29621932618543795,0.1911289491248174,0.04826881450886902,-0.03375489375154199,-0.006615228479758897,0.34999999999999987
7.34,1.7776495359284166,0.017353973303506656,1.0265205339298589,1.0,0.29621932618543795,0.1911289491248174,0.04826881450886902,-0.03375489375154199,-0.006615228479758897,0.34999999999999987
7.36,1.7796495359284166,0.017353973303506656,1.0267205339298588,1.0,0.29621932618543795,0.1911289491248174,0.04826881450886902,-0.03375489375154199,-0.006615228479758897,0.34999999999999987
7.38,1.7816495359284166,0.017353973303506656,1.0269205339298588,1.0,0.29621932618543795,0.1911289491248174,0.04826881450886902,-0.03375489375154199,-0.006615228479758897,0.34999999999999987
7.4,1.7836495359284166,0.017353973303506656,1.0271205339298588,1.0,0.29621932618543795,0.1911289491248174,0.04826881450886902,-0.03375489375154199,-0.006615228479758897,0.34999999999999987
7.42,1.7856495359284166,0.017353973303506656,1.0273205339298588,1.0,0.29621932618543795,0.1911289491248174,0.04826881450886902,-0.03375489375154199,-0.006615228479758897,0.34999999999999987
7.44,1.7876495359284166,0.017353973303506656,1.0275205339298588,1.0,0.29621932618543795,0.1911289491248174,0.04826881450886902,-0.03375489375154199,-0.006615228479758897,0.34999999999999987
7.46,1.7896495359284166,0.017353973303506656,1.0277205339298587,1.0,0.29621932618543795,0.1911289491248174,0.04826881450886902,-0.03375489375154199,-0.006615228479758897,0.34999999999999987
7.48,1.7916495359284166,0.017353973303506656,1.0279205339298587,1.0,0.29621932618543795,0.1911289491248174,0.04826881450886902,-0.03375489375154199,-0.006615228479758897,0.34999999999999987
7.5,1.7936495359284166,0.017353973303506656,1.0281205339298587,1.0,0.29621932618543795,0.1911289491248174,0.04826881450886902,-0.03375489375154199,-0.006615228479758897,0.34999999999999987
7.5200000000000005,1.7956495359284166,0.017353973303506656,1.0283205339298587,1.0,0.29621932618543795,0.1911289491248174,0.04826881450886902,-0.03375489375154199,-0.006615228479758897,0.34999999999999987
7.54,1.7976495359284166,0.017353973303506656,1.0285205339298586,1.0,0.29621932618543795,0.1911289491248174,0.04826881450886902,-0.03375489375154199,-0.006615228479758897,0.34999999999999987
7.5600000000000005,1.7996495359284166,0.017353973303506656,1.0287205339298586,1.0,0.29621932618543795,0.1911289491248174,0.04826881450886902,-0.03375489375154199,-0.006615228479758897,0.34999999999999987
7.58,1.8016495359284166,0.017353973303506656,1.0289205339298586,1.0,0.29621932618543795,0.1911289491248174,0.04826881450886902,-0.03375489375154199,-0.006615228479758897,0.34999999999999987
7.6000000000000005,1.8036495359284166,0.017353973303506656,1.0291205339298586,1.0,0.29621932618543795,0.1911289491248174,0.04826881450886902,-0.03375489375154199,-0.006615228479758897,0.34999999999999987
7.62,1.8056495359284166,0.017353973303506656,1.0293205339298586,1.0,0.29621932618543795,0.1911289491248174,0.04826881450886902,-0.03375489375154199,-0.006615228479758897,0.34999999999999987
7.640000000000001,1.8076495359284166,0.017353973303506656,1.0295205339298585,1.0,0.29621932618543795,0.1911289491248174,0.04826881450886902,-0.03375489375154199,-0.006615228479758897,0.34999999999999987
7.66,1.8096495359284166,0.017353973303506656,1.0297205339298585,1.0,0.29621932618543795,0.1911289491248174,0.04826881450886902,-0.03375489375154199,-0.006615228479758897,0.34999999999999987
7.68,1.8116495359284166,0.017353973303506656,1.0299205339298585,1.0,0.29621932618543795,0.1911289491248174,0.04826881450886902,-0.03375489375154199,-0.006615228479758897,0.34999999999999987
7.7,1.8136495359284166,0.017353973303506656,1.0301205339298585,1.0,0.29621932618543795,0.1911289491248174,0.04826881450886902,-0.03375489375154199,-0.006615228479758897,0.34999999999999987
7.72,1.8156495359284166,0.017353973303506656,1.0303205339298585,1.0,0.29621932618543795,0.1911289491248174,0.04826881450886902,-0.03375489375154199,-0.006615228479758897,0.34999999999999987
7.74,1.8176495359284166,0.017353973303506656,1.0305205339298584,1.0,0.29621932618543795,0.1911289491248174,0.04826881450886902,-0.03375489375154199,-0.006615228479758897,0.34999999999999987
7.76,1.8196495359284166,0.017353973303506656,1.0307205339298584,1.0,0.29621932618543795,0.1911289491248174,0.04826881450886902,-0.03375489375154199,-0.006615228479758897,0.34999999999999987
7.78,1.8216495359284166,0.017353973303506656,1.0309205339298584,1.0,0.29621932618543795,0.1911289491248174,0.04826881450886902,-0.03375489375154199,-0.006615228479758897,0.34999999999999987
7.8,1.8236495359284166,0.017353973303506656,1.0311205339298584,1.0,0.29621932618543795,0.1911289491248174,0.04826881450886902,-0.03375489375154199,-0.006615228479758897,0.34999999999999987
7.82,1.8256495359284166,0.017353973303506656,1.0313205339298583,1.0,0.29621932618543795,0.1911289491248174,0.04826881450886902,-0.03375489375154199,-0.006615228479758897,0.34999999999999987
7.84,1.8276495359284166,0.017353973303506656,1.0315205339298583,1.0,0.29621932618543795,0.1911289491248174,0.04826881450886902,-0.03375489375154199,-0.006615228479758897,0.34999999999999987
7.86,1.8296495359284166,0.017353973303506656,1.0317205339298583,1.0,0.29621932618543795,0.1911289491248174,0.04826881450886902,-0.03375489375154199,-0.006615228479758897,0.34999999999999987
7.88,1.8316495359284166,0.017353973303506656,1.0319205339298583,1.0,0.29621932618543795,0.1911289491248174,0.04826881450886902,-0.03375489375154199,-0.006615228479758897,0.34999999999999987
7.9,1.8336495359284166,0.017353973303506656,1.0321205339298583,1.0,0.29621932618543795,0.1911289491248174,0.04826881450886902,-0.03375489375154199,-0.006615228479758897,0.34999999999999987
7.92,1.8356495359284166,0.017353973303506656,1.0323205339298582,1.0,0.29621932618543795,0.1911289491248174,0.04826881450886902,-0.03375489375154199,-0.006615228479758897,0.34999999999999987
7.94,1.8376495359284166,0.017353973303506656,1.0325205339298582,1.0,0.29621932618543795,0.1911289491248174,0.04826881450886902,-0.03375489375154199,-0.006615228479758897,0.34999999999999987
7.96,1.8396495359284166,0.017353973303506656,1.0327205339298582,1.0,0.29621932618543795,0.1911289491248174,0.04826881450886902,-0.03375489375154199,-0.006615228479758897,0.34999999999999987
7.98,1.8416495359284166,0.017353973303506656,1.0329205339298582,1.0,0.29621932618543795,0.1911289491248174,0.04826881450886902,-0.03375489375154199,-0.006615228479758897,0.34999999999999987
8.0,1.8436495359284166,0.017353973303506656,1.0331205339298581,1.0,0.29621932618543795,0.1911289491248174,0.04826881450886902,-0.03375489375154199,-0.006615228479758897,0.34999999999999987
8.02,1.8456495359284166,0.017353973303506656,1.0333205339298581,1.0,0.29621932618543795,0.1911289491248174,0.04826881450886902,-0.03375489375154199,-0.006615228479758897,0.34999999999999987
8.040000000000001,1.8476495359284166,0.017353973303506656,1.033520533929858,1.0,0.29621932618543795,0.1911289491248174,0.04826881450886902,-0.03375489375154199,-0.006615228479758897,0.34999999999999987
8.06,1.8496495359284166,0.017353973303506656,1.033720533929858,1.0,0.29621932618543795,0.1911289491248174,0.04826881450886902,-0.03375489375154199,-0.006615228479758897,0.34999999999999987
8.08,1.8516495359284166,0.017353973303506656,1.033920533929858,1.0,0.29621932618543795,0.1911289491248174,0.04826881450886902,-0.03375489375154199,-0.006615228479758897,0.34999999999999987
8.1,1.8536495359284166,0.017353973303506656,1.034120533929858,1.0,0.29621932618543795,0.1911289491248174,0.04826881450886902,-0.03375489375154199,-0.006615228479758897,0.34999999999999987
8.120000000000001,1.8556495359284166,0.017353973303506656,1.034320533929858,1.0,0.29621932618543795,0.1911289491248174,0.04826881450886902,-0.03375489375154199,-0.006615228479758897,0.34999999999999987
8.14,1.8576495359284166,0.017353973303506656,1.034520533929858,1.0,0.29621932618543795,0.1911289491248174,0.04826881450886902,-0.03375489375154199,-0.006615228479758897,0.34999999999999987
8.16,1.8596495359284166,0.017353973303506656,1.034720533929858,1.0,0.29621932618543795,0.1911289491248174,0.04826881450886902,-0.03375489375154199,-0.006615228479758897,0.34999999999999987
8.18,1.8616495359284166,0.017353973303506656,1.034920533929858,1.0,0.29621932618543795,0.1911289491248174,0.04826881450886902,-0.03375489375154199,-0.006615228479758897,0.34999999999999987
8.2,1.8636495359284166,0.017353973303506656,1.035120533929858,1.0,0.29621932618543795,0.1911289491248174,0.04826881450886902,-0.03375489375154199,-0.006615228479758897,0.34999999999999987
8.22,1.8656495359284166,0.017353973303506656,1.035320533929858,1.0,0.29621932618543795,0.1911289491248174,0.04826881450886902,-0.03375489375154199,-0.006615228479758897,0.34999999999999987
8.24,1.8676495359284166,0.017353973303506656,1.0355205339298579,1.0,0.29621932618543795,0.1911289491248174,0.04826881450886902,-0.03375489375154199,-0.006615228479758897,0.34999999999999987
8.26,1.8696495359284167,0.017353973303506656,1.0357205339298579,1.0,0.29621932618543795,0.1911289491248174,0.04826881450886902,-0.03375489375154199,-0.006615228479758897,0.34999999999999987
8.28,1.8716495359284167,0.017353973303506656,1.0359205339298578,1.0,0.29621932618543795,0.1911289491248174,0.04826881450886902,-0.03375489375154199,-0.006615228479758897,0.34999999999999987
8.3,1.8736495359284167,0.017353973303506656,1.0361205339298578,1.0,0.29621932618543795,0.1911289491248174,0.04826881450886902,-0.03375489375154199,-0.006615228479758897,0.34999999999999987
8.32,1.8756495359284167,0.017353973303506656,1.0363205339298578,1.0,0.29621932618543795,0.1911289491248174,0.04826881450886902,-0.03375489375154199,-0.006615228479758897,0.34999999999999987
8.34,1.8776495359284167,0.017353973303506656,1.0365205339298578,1.0,0.29621932618543795,0.1911289491248174,0.04826881450886902,-0.03375489375154199,-0.006615228479758897,0.34999999999999987
8.36,1.8796495359284167,0.017353973303506656,1.0367205339298577,1.0,0.29621932618543795,0.1911289491248174,0.04826881450886902,-0.03375489375154199,-0.006615228479758897,0.34999999999999987
8.38,1.8816495359284167,0.017353973303506656,1.0369205339298577,1.0,0.29621932618543795,0.1911289491248174,0.04826881450886902,-0.03375489375154199,-0.006615228479758897,0.34999999999999987
8.4,1.8836495359284167,0.017353973303506656,1.0371205339298577,1.0,0.29621932618543795,0.1911289491248174,0.04826881450886902,-0.03375489375154199,-0.006615228479758897,0.34999999999999987
8.42,1.8856495359284167,0.017353973303506656,1.0373205339298577,1.0,0.29621932618543795,0.1911289491248174,0.04826881450886902,-0.03375489375154199,-0.006615228479758897,0.34999999999999987
8.44,1.8876495359284167,0.017353973303506656,1.0375205339298577,1.0,0.29621932618543795,0.1911289491248174,0.04826881450886902,-0.03375489375154199,-0.006615228479758897,0.34999999999999987
8.46,1.8896495359284167,0.017353973303506656,1.0377205339298576,1.0,0.29621932618543795,0.1911289491248174,0.04826881450886902,-0.03375489375154199,-0.006615228479758897,0.34999999999999987
8.48,1.8916495359284167,0.017353973303506656,1.0379205339298576,1.0,0.29621932618543795,0.1911289491248174,0.04826881450886902,-0.03375489375154199,-0.006615228479758897,0.34999999999999987
8.5,1.8936495359284167,0.017353973303506656,1.0381205339298576,1.0,0.29621932618543795,0.1911289491248174,0.04826881450886902,-0.03375489375154199,-0.006615228479758897,0.34999999999999987
8.52,1.8956495359284167,0.017353973303506656,1.0383205339298576,1.0,0.29621932618543795,0.1911289491248174,0.04826881450886902,-0.03375489375154199,-0.006615228479758897,0.34999999999999987
8.540000000000001,1.8976495359284167,0.017353973303506656,1.0385205339298575,1.0,0.29621932618543795,0.1911289491248174,0.04826881450886902,-0.03375489375154199,-0.006615228479758897,0.34999999999999987
8.56,1.8996495359284167,0.017353973303506656,1.0387205339298575,1.0,0.29621932618543795,0.1911289491248174,0.04826881450886902,-0.03375489375154199,-0.006615228479758897,0.34999999999999987
8.58,1.9016495359284167,0.017353973303506656,1.0389205339298575,1.0,0.29621932618543795,0.1911289491248174,0.04826881450886902,-0.03375489375154199,-0.006615228479758897,0.34999999999999987
8.6,1.9036495359284167,0.017353973303506656,1.0391205339298575,1.0,0.29621932618543795,0.1911289491248174,0.04826881450886902,-0.03375489375154199,-0.006615228479758897,0.34999999999999987
8.620000000000001,1.9056495359284167,0.017353973303506656,1.0393205339298575,1.0,0.29621932618543795,0.1911289491248174,0.04826881450886902,-0.03375489375154199,-0.006615228479758897,0.34999999999999987
8.64,1.9076495359284167,0.017353973303506656,1.0395205339298574,1.0,0.29621932618543795,0.1911289491248174,0.04826881450886902,-0.03375489375154199,-0.006615228479758897,0.34999999999999987
8.66,1.9096495359284167,0.017353973303506656,1.0397205339298574,1.0,0.29621932618543795,0.1911289491248174,0.04826881450886902,-0.03375489375154199,-0.006615228479758897,0.34999999999999987
8.68,1.9116495359284167,0.017353973303506656,1.0399205339298574,1.0,0.29621932618543795,0.1911289491248174,0.04826881450886902,-0.03375489375154199,-0.006615228479758897,0.34999999999999987
8.700000000000001,1.9136495359284167,0.017353973303506656,1.0401205339298574,1.0,0.29621932618543795,0.1911289491248174,0.04826881450886902,-0.03375489375154199,-0.006615228479758897,0.34999999999999987
8.72,1.9156495359284167,0.017353973303506656,1.0403205339298573,1.0,0.29621932618543795,0.1911289491248174,0.04826881450886902,-0.03375489375154199,-0.006615228479758897,0.34999999999999987
8.74,1.9176495359284167,0.017353973303506656,1.0405205339298573,1.0,0.29621932618543795,0.1911289491248174,0.04826881450886902,-0.03375489375154199,-0.006615228479758897,0.34999999999999987
8.76,1.9196495359284167,0.017353973303506656,1.0407205339298573,1.0,0.29621932618543795,0.1911289491248174,0.04826881450886902,-0.03375489375154199,-0.006615228479758897,0.34999999999999987
8.78,1.9216495359284167,0.017353973303506656,1.0409205339298573,1.0,0.29621932618543795,0.1911289491248174,0.04826881450886902,-0.03375489375154199,-0.006615228479758897,0.34999999999999987
8.8,1.9236495359284167,0.017353973303506656,1.0411205339298573,1.0,0.29621932618543795,0.1911289491248174,0.04826881450886902,-0.03375489375154199,-0.006615228479758897,0.34999999999999987
8.82,1.9256495359284167,0.017353973303506656,1.0413205339298572,1.0,0.29621932618543795,0.1911289491248174,0.04826881450886902,-0.03375489375154199,-0.006615228479758897,0.34999999999999987
8.84,1.9276495359284167,0.017353973303506656,1.0415205339298572,1.0,0.29621932618543795,0.1911289491248174,0.04826881450886902,-0.03375489375154199,-0.006615228479758897,0.34999999999999987
8.86,1.9296495359284167,0.017353973303506656,1.0417205339298572,1.0,0.29621932618543795,0.1911289491248174,0.04826881450886902,-0.03375489375154199,-0.006615228479758897,0.34999999999999987
8.88,1.9316495359284167,0.017353973303506656,1.0419205339298572,1.0,0.29621932618543795,0.1911289491248174,0.04826881450886902,-0.03375489375154199,-0.006615228479758897,0.34999999999999987
8.9,1.9336495359284167,0.017353973303506656,1.0421205339298572,1.0,0.29621932618543795,0.1911289491248174,0.04826881450886902,-0.03375489375154199,-0.006615228479758897,0.34999999999999987
8.92,1.9356495359284167,0.017353973303506656,1.0423205339298571,1.0,0.29621932618543795,0.1911289491248174,0.04826881450886902,-0.03375489375154199,-0.006615228479758897,0.34999999999999987
8.94,1.9376495359284167,0.017353973303506656,1.042520533929857,1.0,0.29621932618543795,0.1911289491248174,0.04826881450886902,-0.03375489375154199,-0.006615228479758897,0.34999999999999987
8.96,1.9396495359284167,0.017353973303506656,1.042720533929857,1.0,0.29621932618543795,0.1911289491248174,0.04826881450886902,-0.03375489375154199,-0.006615228479758897,0.34999999999999987
8.98,1.9416495359284167,0.017353973303506656,1.042920533929857,1.0,0.29621932618543795,0.1911289491248174,0.04826881450886902,-0.03375489375154199,-0.006615228479758897,0.34999999999999987
9.0,1.9436495359284167,0.017353973303506656,1.043120533929857,1.0,0.29621932618543795,0.1911289491248174,0.04826881450886902,-0.03375489375154199,-0.006615228479758897,0.34999999999999987
9.02,1.9456495359284167,0.017353973303506656,1.043320533929857,1.0,0.29621932618543795,0.1911289491248174,0.04826881450886902,-0.03375489375154199,-0.006615228479758897,0.34999999999999987
9.040000000000001,1.9476495359284167,0.017353973303506656,1.043520533929857,1.0,0.29621932618543795,0.1911289491248174,0.04826881450886902,-0.03375489375154199,-0.006615228479758897,0.34999999999999987
9.06,1.9496495359284167,0.017353973303506656,1.043720533929857,1.0,0.29621932618543795,0.1911289491248174,0.04826881450886902,-0.03375489375154199,-0.006615228479758897,0.34999999999999987
9.08,1.9516495359284167,0.017353973303506656,1.043920533929857,1.0,0.29621932618543795,0.1911289491248174,0.04826881450886902,-0.03375489375154199,-0.006615228479758897,0.34999999999999987
9.1,1.9536495359284167,0.017353973303506656,1.044120533929857,1.0,0.29621932618543795,0.1911289491248174,0.04826881450886902,-0.03375489375154199,-0.006615228479758897,0.34999999999999987
9.120000000000001,1.9556495359284167,0.017353973303506656,1.044320533929857,1.0,0.29621932618543795,0.1911289491248174,0.04826881450886902,-0.03375489375154199,-0.006615228479758897,0.34999999999999987
9.14,1.9576495359284167,0.017353973303506656,1.0445205339298569,1.0,0.29621932618543795,0.1911289491248174,0.04826881450886902,-0.03375489375154199,-0.006615228479758897,0.34999999999999987
9.16,1.9596495359284167,0.017353973303506656,1.0447205339298569,1.0,0.29621932618543795,0.1911289491248174,0.04826881450886902,-0.03375489375154199,-0.006615228479758897,0.34999999999999987
9.18,1.9616495359284167,0.017353973303506656,1.0449205339298568,1.0,0.29621932618543795,0.1911289491248174,0.04826881450886902,-0.03375489375154199,-0.006615228479758897,0.34999999999999987
9.200000000000001,1.9636495359284167,0.017353973303506656,1.0451205339298568,1.0,0.29621932618543795,0.1911289491248174,0.04826881450886902,-0.03375489375154199,-0.006615228479758897,0.34999999999999987
9.22,1.9656495359284167,0.017353973303506656,1.0453205339298568,1.0,0.29621932618543795,0.1911289491248174,0.04826881450886902,-0.03375489375154199,-0.006615228479758897,0.34999999999999987
9.24,1.9676495359284167,0.017353973303506656,1.0455205339298568,1.0,0.29621932618543795,0.1911289491248174,0.04826881450886902,-0.03375489375154199,-0.006615228479758897,0.34999999999999987
9.26,1.9696495359284167,0.017353973303506656,1.0457205339298568,1.0,0.29621932618543795,0.1911289491248174,0.04826881450886902,-0.03375489375154199,-0.006615228479758897,0.34999999999999987
9.28,1.9716495359284167,0.017353973303506656,1.0459205339298567,1.0,0.29621932618543795,0.1911289491248174,0.04826881450886902,-0.03375489375154199,-0.006615228479758897,0.34999999999999987
9.3,1.9736495359284167,0.017353973303506656,1.0461205339298567,1.0,0.29621932618543795,0.1911289491248174,0.04826881450886902,-0.03375489375154199,-0.006615228479758897,0.34999999999999987
9.32,1.9756495359284167,0.017353973303506656,1.0463205339298567,1.0,0.29621932618543795,0.1911289491248174,0.04826881450886902,-0.03375489375154199,-0.006615228479758897,0.34999999999999987
9.34,1.9776495359284167,0.017353973303506656,1.0465205339298567,1.0,0.29621932618543795,0.1911289491248174,0.04826881450886902,-0.03375489375154199,-0.006615228479758897,0.34999999999999987
9.36,1.9796495359284167,0.017353973303506656,1.0467205339298566,1.0,0.29621932618543795,0.1911289491248174,0.04826881450886902,-0.03375489375154199,-0.006615228479758897,0.34999999999999987
9.38,1.9816495359284167,0.017353973303506656,1.0469205339298566,1.0,0.29621932618543795,0.1911289491248174,0.04826881450886902,-0.03375489375154199,-0.006615228479758897,0.34999999999999987
9.4,1.9836495359284168,0.017353973303506656,1.0471205339298566,1.0,0.29621932618543795,0.1911289491248174,0.04826881450886902,-0.03375489375154199,-0.006615228479758897,0.34999999999999987
9.42,1.9856495359284168,0.017353973303506656,1.0473205339298566,1.0,0.29621932618543795,0.1911289491248174,0.04826881450886902,-0.03375489375154199,-0.006615228479758897,0.34999999999999987
9.44,1.9876495359284168,0.017353973303506656,1.0475205339298566,1.0,0.29621932618543795,0.1911289491248174,0.04826881450886902,-0.03375489375154199,-0.006615228479758897,0.34999999999999987
9.46,1.9896495359284168,0.017353973303506656,1.0477205339298565,1.0,0.29621932618543795,0.1911289491248174,0.04826881450886902,-0.03375489375154199,-0.006615228479758897,0.34999999999999987
9.48,1.9916495359284168,0.017353973303506656,1.0479205339298565,1.0,0.29621932618543795,0.1911289491248174,0.04826881450886902,-0.03375489375154199,-0.006615228479758897,0.34999999999999987
9.5,1.9936495359284168,0.017353973303506656,1.0481205339298565,1.0,0.29621932618543795,0.1911289491248174,0.04826881450886902,-0.03375489375154199,-0.006615228479758897,0.34999999999999987
9.52,1.9956495359284168,0.017353973303506656,1.0483205339298565,1.0,0.29621932618543795,0.1911289491248174,0.04826881450886902,-0.03375489375154199,-0.006615228479758897,0.34999999999999987
9.540000000000001,1.9976495359284168,0.017353973303506656,1.0485205339298564,1.0,0.29621932618543795,0.1911289491248174,0.04826881450886902,-0.03375489375154199,-0.006615228479758897,0.34999999999999987
9.56,1.9996495359284168,0.017353973303506656,1.0487205339298564,1.0,0.29621932618543795,0.1911289491248174,0.04826881450886902,-0.03375489375154199,-0.006615228479758897,0.34999999999999987
9.58,2.0016495359284168,0.017353973303506656,1.0489205339298564,1.0,0.29621932618543795,0.1911289491248174,0.04826881450886902,-0.03375489375154199,-0.006615228479758897,0.34999999999999987
9.6,2.0036495359284165,0.017353973303506656,1.0491205339298564,1.0,0.29621932618543795,0.1911289491248174,0.04826881450886902,-0.03375489375154199,-0.006615228479758897,0.34999999999999987
9.620000000000001,2.0056495359284163,0.017353973303506656,1.0493205339298564,1.0,0.29621932618543795,0.1911289491248174,0.04826881450886902,-0.03375489375154199,-0.006615228479758897,0.34999999999999987
9.64,2.007649535928416,0.017353973303506656,1.0495205339298563,1.0,0.29621932618543795,0.1911289491248174,0.04826881450886902,-0.03375489375154199,-0.006615228479758897,0.34999999999999987
9.66,2.009649535928416,0.017353973303506656,1.0497205339298563,1.0,0.29621932618543795,0.1911289491248174,0.04826881450886902,-0.03375489375154199,-0.006615228479758897,0.34999999999999987
9.68,2.0116495359284157,0.017353973303506656,1.0499205339298563,1.0,0.29621932618543795,0.1911289491248174,0.04826881450886902,-0.03375489375154199,-0.006615228479758897,0.34999999999999987
9.700000000000001,2.0136495359284154,0.017353973303506656,1.0501205339298563,1.0,0.29621932618543795,0.1911289491248174,0.04826881450886902,-0.03375489375154199,-0.006615228479758897,0.34999999999999987
9.72,2.0156495359284152,0.017353973303506656,1.0503205339298562,1.0,0.29621932618543795,0.1911289491248174,0.04826881450886902,-0.03375489375154199,-0.006615228479758897,0.34999999999999987
9.74,2.017649535928415,0.017353973303506656,1.0505205339298562,1.0,0.29621932618543795,0.1911289491248174,0.04826881450886902,-0.03375489375154199,-0.006615228479758897,0.34999999999999987
9.76,2.019649535928415,0.017353973303506656,1.0507205339298562,1.0,0.29621932618543795,0.1911289491248174,0.04826881450886902,-0.03375489375154199,-0.006615228479758897,0.34999999999999987
9.78,2.0216495359284146,0.017353973303506656,1.0509205339298562,1.0,0.29621932618543795,0.1911289491248174,0.04826881450886902,-0.03375489375154199,-0.006615228479758897,0.34999999999999987
9.8,2.0236495359284143,0.017353973303506656,1.0511205339298562,1.0,0.29621932618543795,0.1911289491248174,0.04826881450886902,-0.03375489375154199,-0.006615228479758897,0.34999999999999987
9.82,2.025649535928414,0.017353973303506656,1.0513205339298561,1.0,0.29621932618543795,0.1911289491248174,0.04826881450886902,-0.03375489375154199,-0.006615228479758897,0.34999999999999987
9.84,2.027649535928414,0.017353973303506656,1.0515205339298561,1.0,0.29621932618543795,0.1911289491248174,0.04826881450886902,-0.03375489375154199,-0.006615228479758897,0.34999999999999987
9.86,2.0296495359284137,0.017353973303506656,1.051720533929856,1.0,0.29621932618543795,0.1911289491248174,0.04826881450886902,-0.03375489375154199,-0.006615228479758897,0.34999999999999987
9.88,2.0316495359284135,0.017353973303506656,1.051920533929856,1.0,0.29621932618543795,0.1911289491248174,0.04826881450886902,-0.03375489375154199,-0.006615228479758897,0.34999999999999987
9.9,2.0336495359284132,0.017353973303506656,1.052120533929856,1.0,0.29621932618543795,0.1911289491248174,0.04826881450886902,-0.03375489375154199,-0.006615228479758897,0.34999999999999987
9.92,2.035649535928413,0.017353973303506656,1.052320533929856,1.0,0.29621932618543795,0.1911289491248174,0.04826881450886902,-0.03375489375154199,-0.006615228479758897,0.34999999999999987
9.94,2.037649535928413,0.017353973303506656,1.052520533929856,1.0,0.29621932618543795,0.1911289491248174,0.04826881450886902,-0.03375489375154199,-0.006615228479758897,0.34999999999999987
9.96,2.0396495359284126,0.017353973303506656,1.052720533929856,1.0,0.29621932618543795,0.1911289491248174,0.04826881450886902,-0.03375489375154199,-0.006615228479758897,0.34999999999999987
9.98,2.0416495359284124,0.017353973303506656,1.052920533929856,1.0,0.29621932618543795,0.1911289491248174,0.04826881450886902,-0.03375489375154199,-0.006615228479758897,0.34999999999999987
10.0,2.043649535928412,0.017353973303506656,1.053120533929856,1.0,0.29621932618543795,0.1911289491248174,0.04826881450886902,-0.03375489375154199,-0.006615228479758897,0.34999999999999987
10.02,2.045649535928412,0.017353973303506656,1.053320533929856,1.0,0.29621932618543795,0.1911289491248174,0.04826881450886902,-0.03375489375154199,-0.006615228479758897,0.34999999999999987
10.040000000000001,2.0476495359284117,0.017353973303506656,1.053520533929856,1.0,0.29621932618543795,0.1911289491248174,0.04826881450886902,-0.03375489375154199,-0.006615228479758897,0.34999999999999987
10.06,2.0496495359284115,0.017353973303506656,1.0537205339298559,1.0,0.29621932618543795,0.1911289491248174,0.04826881450886902,-0.03375489375154199,-0.006615228479758897,0.34999999999999987
10.08,2.0516495359284113,0.017353973303506656,1.0539205339298559,1.0,0.29621932618543795,0.1911289491248174,0.04826881450886902,-0.03375489375154199,-0.006615228479758897,0.34999999999999987
10.1,2.053649535928411,0.017353973303506656,1.0541205339298558,1.0,0.29621932618543795,0.1911289491248174,0.04826881450886902,-0.03375489375154199,-0.006615228479758897,0.34999999999999987
10.120000000000001,2.055649535928411,0.017353973303506656,1.0543205339298558,1.0,0.29621932618543795,0.1911289491248174,0.04826881450886902,-0.03375489375154199,-0.006615228479758897,0.34999999999999987
10.14,2.0576495359284106,0.017353973303506656,1.0545205339298558,1.0,0.29621932618543795,0.1911289491248174,0.04826881450886902,-0.03375489375154199,-0.006615228479758897,0.34999999999999987
10.16,2.0596495359284104,0.017353973303506656,1.0547205339298558,1.0,0.29621932618543795,0.1911289491248174,0.04826881450886902,-0.03375489375154199,-0.006615228479758897,0.34999999999999987
10.18,2.06164953592841,0.017353973303506656,1.0549205339298557,1.0,0.29621932618543795,0.1911289491248174,0.04826881450886902,-0.03375489375154199,-0.006615228479758897,0.34999999999999987
10.200000000000001,2.06364953592841,0.017353973303506656,1.0551205339298557,1.0,0.29621932618543795,0.1911289491248174,0.04826881450886902,-0.03375489375154199,-0.006615228479758897,0.34999999999999987
10.22,2.0656495359284097,0.017353973303506656,1.0553205339298557,1.0,0.29621932618543795,0.1911289491248174,0.04826881450886902,-0.03375489375154199,-0.006615228479758897,0.34999999999999987
10.24,2.0676495359284095,0.017353973303506656,1.0555205339298557,1.0,0.29621932618543795,0.1911289491248174,0.04826881450886902,-0.03375489375154199,-0.006615228479758897,0.34999999999999987
10.26,2.0696495359284093,0.017353973303506656,1.0557205339298557,1.0,0.29621932618543795,0.1911289491248174,0.04826881450886902,-0.03375489375154199,-0.006615228479758897,0.34999999999999987
10.28,2.071649535928409,0.017353973303506656,1.0559205339298556,1.0,0.29621932618543795,0.1911289491248174,0.04826881450886902,-0.03375489375154199,-0.006615228479758897,0.34999999999999987
10.3,2.073649535928409,0.017353973303506656,1.0561205339298556,1.0,0.29621932618543795,0.1911289491248174,0.04826881450886902,-0.03375489375154199,-0.006615228479758897,0.34999999999999987
10.32,2.0756495359284086,0.017353973303506656,1.0563205339298556,1.0,0.29621932618543795,0.1911289491248174,0.04826881450886902,-0.03375489375154199,-0.006615228479758897,0.34999999999999987
10.34,2.0776495359284084,0.017353973303506656,1.0565205339298556,1.0,0.29621932618543795,0.1911289491248174,0.04826881450886902,-0.03375489375154199,-0.006615228479758897,0.34999999999999987
10.36,2.079649535928408,0.017353973303506656,1.0567205339298555,1.0,0.29621932618543795,0.1911289491248174,0.04826881450886902,-0.03375489375154199,-0.006615228479758897,0.34999999999999987
10.38,2.081649535928408,0.017353973303506656,1.0569205339298555,1.0,0.29621932618543795,0.1911289491248174,0.04826881450886902,-0.03375489375154199,-0.006615228479758897,0.34999999999999987
10.4,2.0836495359284077,0.017353973303506656,1.0571205339298555,1.0,0.29621932618543795,0.1911289491248174,0.04826881450886902,-0.03375489375154199,-0.006615228479758897,0.34999999999999987
10.42,2.0856495359284075,0.017353973303506656,1.0573205339298555,1.0,0.29621932618543795,0.1911289491248174,0.04826881450886902,-0.03375489375154199,-0.006615228479758897,0.34999999999999987
10.44,2.0876495359284073,0.017353973303506656,1.0575205339298555,1.0,0.29621932618543795,0.1911289491248174,0.04826881450886902,-0.03375489375154199,-0.006615228479758897,0.34999999999999987
10.46,2.089649535928407,0.017353973303506656,1.0577205339298554,1.0,0.29621932618543795,0.1911289491248174,0.04826881450886902,-0.03375489375154199,-0.006615228479758897,0.34999999999999987
10.48,2.091649535928407,0.017353973303506656,1.0579205339298554,1.0,0.29621932618543795,0.1911289491248174,0.04826881450886902,-0.03375489375154199,-0.006615228479758897,0.34999999999999987
10.5,2.0936495359284066,0.017353973303506656,1.0581205339298554,1.0,0.29621932618543795,0.1911289491248174,0.04826881450886902,-0.03375489375154199,-0.006615228479758897,0.34999999999999987
10.52,2.0956495359284064,0.017353973303506656,1.0583205339298554,1.0,0.29621932618543795,0.1911289491248174,0.04826881450886902,-0.03375489375154199,-0.006615228479758897,0.34999999999999987
10.540000000000001,2.097649535928406,0.017353973303506656,1.0585205339298553,1.0,0.29621932618543795,0.1911289491248174,0.04826881450886902,-0.03375489375154199,-0.006615228479758897,0.34999999999999987
10.56,2.099649535928406,0.017353973303506656,1.0587205339298553,1.0,0.29621932618543795,0.1911289491248174,0.04826881450886902,-0.03375489375154199,-0.006615228479758897,0.34999999999999987
10.58,2.1016495359284058,0.017353973303506656,1.0589205339298553,1.0,0.29621932618543795,0.1911289491248174,0.04826881450886902,-0.03375489375154199,-0.006615228479758897,0.34999999999999987
10.6,2.1036495359284055,0.017353973303506656,1.0591205339298553,1.0,0.29621932618543795,0.1911289491248174,0.04826881450886902,-0.03375489375154199,-0.006615228479758897,0.34999999999999987
10.620000000000001,2.1056495359284053,0.017353973303506656,1.0593205339298553,1.0,0.29621932618543795,0.1911289491248174,0.04826881450886902,-0.03375489375154199,-0.006615228479758897,0.34999999999999987
10.64,2.107649535928405,0.017353973303506656,1.0595205339298552,1.0,0.29621932618543795,0.1911289491248174,0.04826881450886902,-0.03375489375154199,-0.006615228479758897,0.34999999999999987
10.66,2.109649535928405,0.017353973303506656,1.0597205339298552,1.0,0.29621932618543795,0.1911289491248174,0.04826881450886902,-0.03375489375154199,-0.006615228479758897,0.34999999999999987
10.68,2.1116495359284047,0.017353973303506656,1.0599205339298552,1.0,0.29621932618543795,0.1911289491248174,0.04826881450886902,-0.03375489375154199,-0.006615228479758897,0.34999999999999987
10.700000000000001,2.1136495359284044,0.017353973303506656,1.0601205339298552,1.0,0.29621932618543795,0.1911289491248174,0.04826881450886902,-0.03375489375154199,-0.006615228479758897,0.34999999999999987
10.72,2.115649535928404,0.017353973303506656,1.0603205339298551,1.0,0.29621932618543795,0.1911289491248174,0.04826881450886902,-0.03375489375154199,-0.006615228479758897,0.34999999999999987
10.74,2.117649535928404,0.017353973303506656,1.0605205339298551,1.0,0.29621932618543795,0.1911289491248174,0.04826881450886902,-0.03375489375154199,-0.006615228479758897,0.34999999999999987
10.76,2.1196495359284038,0.017353973303506656,1.060720533929855,1.0,0.29621932618543795,0.1911289491248174,0.04826881450886902,-0.03375489375154199,-0.006615228479758897,0.34999999999999987
10.78,2.1216495359284036,0.017353973303506656,1.060920533929855,1.0,0.29621932618543795,0.1911289491248174,0.04826881450886902,-0.03375489375154199,-0.006615228479758897,0.34999999999999987
10.8,2.1236495359284033,0.017353973303506656,1.061120533929855,1.0,0.29621932618543795,0.1911289491248174,0.04826881450886902,-0.03375489375154199,-0.006615228479758897,0.34999999999999987
10.82,2.125649535928403,0.017353973303506656,1.061320533929855,1.0,0.29621932618543795,0.1911289491248174,0.04826881450886902,-0.03375489375154199,-0.006615228479758897,0.34999999999999987
10.84,2.127649535928403,0.017353973303506656,1.061520533929855,1.0,0.29621932618543795,0.1911289491248174,0.04826881450886902,-0.03375489375154199,-0.006615228479758897,0.34999999999999987
10.86,2.1296495359284027,0.017353973303506656,1.061720533929855,1.0,0.29621932618543795,0.1911289491248174,0.04826881450886902,-0.03375489375154199,-0.006615228479758897,0.34999999999999987
10.88,2.1316495359284025,0.017353973303506656,1.061920533929855,1.0,0.29621932618543795,0.1911289491248174,0.04826881450886902,-0.03375489375154199,-0.006615228479758897,0.34999999999999987
10.9,2.1336495359284022,0.017353973303506656,1.062120533929855,1.0,0.29621932618543795,0.1911289491248174,0.04826881450886902,-0.03375489375154199,-0.006615228479758897,0.34999999999999987
10.92,2.135649535928402,0.017353973303506656,1.062320533929855,1.0,0.29621932618543795,0.1911289491248174,0.04826881450886902,-0.03375489375154199,-0.006615228479758897,0.34999999999999987
10.94,2.137649535928402,0.017353973303506656,1.062520533929855,1.0,0.29621932618543795,0.1911289491248174,0.04826881450886902,-0.03375489375154199,-0.006615228479758897,0.34999999999999987
10.96,2.1396495359284016,0.017353973303506656,1.0627205339298549,1.0,0.29621932618543795,0.1911289491248174,0.04826881450886902,-0.03375489375154199,-0.006615228479758897,0.34999999999999987
10.98,2.1416495359284013,0.017353973303506656,1.0629205339298549,1.0,0.29621932618543795,0.1911289491248174,0.04826881450886902,-0.03375489375154199,-0.006615228479758897,0.34999999999999987
11.0,2.143649535928401,0.017353973303506656,1.0631205339298548,1.0,0.29621932618543795,0.1911289491248174,0.04826881450886902,-0.03375489375154199,-0.006615228479758897,0.34999999999999987
11.02,2.145649535928401,0.017353973303506656,1.0633205339298548,1.0,0.29621932618543795,0.1911289491248174,0.04826881450886902,-0.03375489375154199,-0.006615228479758897,0.34999999999999987
11.040000000000001,2.1476495359284007,0.017353973303506656,1.0635205339298548,1.0,0.29621932618543795,0.1911289491248174,0.04826881450886902,-0.03375489375154199,-0.006615228479758897,0.34999999999999987
11.06,2.1496495359284005,0.017353973303506656,1.0637205339298548,1.0,0.29621932618543795,0.1911289491248174,0.04826881450886902,-0.03375489375154199,-0.006615228479758897,0.34999999999999987
11.08,2.1516495359284002,0.017353973303506656,1.0639205339298548,1.0,0.29621932618543795,0.1911289491248174,0.04826881450886902,-0.03375489375154199,-0.006615228479758897,0.34999999999999987
11.1,2.1536495359284,0.017353973303506656,1.0641205339298547,1.0,0.29621932618543795,0.1911289491248174,0.04826881450886902,-0.03375489375154199,-0.006615228479758897,0.34999999999999987
11.120000000000001,2.1556495359284,0.017353973303506656,1.0643205339298547,1.0,0.29621932618543795,0.1911289491248174,0.04826881450886902,-0.03375489375154199,-0.006615228479758897,0.34999999999999987
11.14,2.1576495359283996,0.017353973303506656,1.0645205339298547,1.0,0.29621932618543795,0.1911289491248174,0.04826881450886902,-0.03375489375154199,-0.006615228479758897,0.34999999999999987
11.16,2.1596495359283994,0.017353973303506656,1.0647205339298547,1.0,0.29621932618543795,0.1911289491248174,0.04826881450886902,-0.03375489375154199,-0.006615228479758897,0.34999999999999987
11.18,2.161649535928399,0.017353973303506656,1.0649205339298546,1.0,0.29621932618543795,0.1911289491248174,0.04826881450886902,-0.03375489375154199,-0.006615228479758897,0.34999999999999987
11.200000000000001,2.163649535928399,0.017353973303506656,1.0651205339298546,1.0,0.29621932618543795,0.1911289491248174,0.04826881450886902,-0.03375489375154199,-0.006615228479758897,0.34999999999999987
11.22,2.1656495359283987,0.017353973303506656,1.0653205339298546,1.0,0.29621932618543795,0.1911289491248174,0.04826881450886902,-0.03375489375154199,-0.006615228479758897,0.34999999999999987
11.24,2.1676495359283985,0.017353973303506656,1.0655205339298546,1.0,0.29621932618543795,0.1911289491248174,0.04826881450886902,-0.03375489375154199,-0.006615228479758897,0.34999999999999987
11.26,2.1696495359283983,0.017353973303506656,1.0657205339298546,1.0,0.29621932618543795,0.1911289491248174,0.04826881450886902,-0.03375489375154199,-0.006615228479758897,0.34999999999999987
11.28,2.171649535928398,0.017353973303506656,1.0659205339298545,1.0,0.29621932618543795,0.1911289491248174,0.04826881450886902,-0.03375489375154199,-0.006615228479758897,0.34999999999999987
11.3,2.173649535928398,0.017353973303506656,1.0661205339298545,1.0,0.29621932618543795,0.1911289491248174,0.04826881450886902,-0.03375489375154199,-0.006615228479758897,0.34999999999999987
11.32,2.1756495359283976,0.017353973303506656,1.0663205339298545,1.0,0.29621932618543795,0.1911289491248174,0.04826881450886902,-0.03375489375154199,-0.006615228479758897,0.34999999999999987
11.34,2.1776495359283974,0.017353973303506656,1.0665205339298545,1.0,0.29621932618543795,0.1911289491248174,0.04826881450886902,-0.03375489375154199,-0.006615228479758897,0.34999999999999987
11.36,2.179649535928397,0.017353973303506656,1.0667205339298544,1.0,0.29621932618543795,0.1911289491248174,0.04826881450886902,-0.03375489375154199,-0.006615228479758897,0.34999999999999987
11.38,2.181649535928397,0.017353973303506656,1.0669205339298544,1.0,0.29621932618543795,0.1911289491248174,0.04826881450886902,-0.03375489375154199,-0.006615228479758897,0.34999999999999987
11.4,2.1836495359283967,0.017353973303506656,1.0671205339298544,1.0,0.29621932618543795,0.1911289491248174,0.04826881450886902,-0.03375489375154199,-0.006615228479758897,0.34999999999999987
11.42,2.1856495359283965,0.017353973303506656,1.0673205339298544,1.0,0.29621932618543795,0.1911289491248174,0.04826881450886902,-0.03375489375154199,-0.006615228479758897,0.34999999999999987
11.44,2.1876495359283963,0.017353973303506656,1.0675205339298544,1.0,0.29621932618543795,0.1911289491248174,0.04826881450886902,-0.03375489375154199,-0.006615228479758897,0.34999999999999987
11.46,2.189649535928396,0.017353973303506656,1.0677205339298543,1.0,0.29621932618543795,0.1911289491248174,0.04826881450886902,-0.03375489375154199,-0.006615228479758897,0.34999999999999987
11.48,2.191649535928396,0.017353973303506656,1.0679205339298543,1.0,0.29621932618543795,0.1911289491248174,0.04826881450886902,-0.03375489375154199,-0.006615228479758897,0.34999999999999987
11.5,2.1936495359283956,0.017353973303506656,1.0681205339298543,1.0,0.29621932618543795,0.1911289491248174,0.04826881450886902,-0.03375489375154199,-0.006615228479758897,0.34999999999999987
11.52,2.1956495359283954,0.017353973303506656,1.0683205339298543,1.0,0.29621932618543795,0.1911289491248174,0.04826881450886902,-0.03375489375154199,-0.006615228479758897,0.34999999999999987
11.540000000000001,2.197649535928395,0.017353973303506656,1.0685205339298542,1.0,0.29621932618543795,0.1911289491248174,0.04826881450886902,-0.03375489375154199,-0.006615228479758897,0.34999999999999987
11.56,2.199649535928395,0.017353973303506656,1.0687205339298542,1.0,0.29621932618543795,0.1911289491248174,0.04826881450886902,-0.03375489375154199,-0.006615228479758897,0.34999999999999987
11.58,2.2016495359283947,0.017353973303506656,1.0689205339298542,1.0,0.29621932618543795,0.1911289491248174,0.04826881450886902,-0.03375489375154199,-0.006615228479758897,0.34999999999999987
11.6,2.2036495359283945,0.017353973303506656,1.0691205339298542,1.0,0.29621932618543795,0.1911289491248174,0.04826881450886902,-0.03375489375154199,-0.006615228479758897,0.34999999999999987
11.620000000000001,2.2056495359283943,0.017353973303506656,1.0693205339298542,1.0,0.29621932618543795,0.1911289491248174,0.04826881450886902,-0.03375489375154199,-0.006615228479758897,0.34999999999999987
11.64,2.207649535928394,0.017353973303506656,1.0695205339298541,1.0,0.29621932618543795,0.1911289491248174,0.04826881450886902,-0.03375489375154199,-0.006615228479758897,0.34999999999999987
11.66,2.209649535928394,0.017353973303506656,1.0697205339298541,1.0,0.29621932618543795,0.1911289491248174,0.04826881450886902,-0.03375489375154199,-0.006615228479758897,0.34999999999999987
11.68,2.2116495359283936,0.017353973303506656,1.069920533929854,1.0,0.29621932618543795,0.1911289491248174,0.04826881450886902,-0.03375489375154199,-0.006615228479758897,0.34999999999999987
11.700000000000001,2.2136495359283934,0.017353973303506656,1.070120533929854,1.0,0.29621932618543795,0.1911289491248174,0.04826881450886902,-0.03375489375154199,-0.006615228479758897,0.34999999999999987
11.72,2.215649535928393,0.017353973303506656,1.070320533929854,1.0,0.29621932618543795,0.1911289491248174,0.04826881450886902,-0.03375489375154199,-0.006615228479758897,0.34999999999999987
11.74,2.217649535928393,0.017353973303506656,1.070520533929854,1.0,0.29621932618543795,0.1911289491248174,0.04826881450886902,-0.03375489375154199,-0.006615228479758897,0.34999999999999987
11.76,2.2196495359283928,0.017353973303506656,1.070720533929854,1.0,0.29621932618543795,0.1911289491248174,0.04826881450886902,-0.03375489375154199,-0.006615228479758897,0.34999999999999987
11.78,2.2216495359283925,0.017353973303506656,1.070920533929854,1.0,0.29621932618543795,0.1911289491248174,0.04826881450886902,-0.03375489375154199,-0.006615228479758897,0.34999999999999987
11.8,2.2236495359283923,0.017353973303506656,1.071120533929854,1.0,0.29621932618543795,0.1911289491248174,0.04826881450886902,-0.03375489375154199,-0.006615228479758897,0.34999999999999987
11.82,2.225649535928392,0.017353973303506656,1.071320533929854,1.0,0.29621932618543795,0.1911289491248174,0.04826881450886902,-0.03375489375154199,-0.006615228479758897,0.34999999999999987
11.84,2.227649535928392,0.017353973303506656,1.071520533929854,1.0,0.29621932618543795,0.1911289491248174,0.04826881450886902,-0.03375489375154199,-0.006615228479758897,0.34999999999999987
11.86,2.2296495359283917,0.017353973303506656,1.071720533929854,1.0,0.29621932618543795,0.1911289491248174,0.04826881450886902,-0.03375489375154199,-0.006615228479758897,0.34999999999999987
11.88,2.2316495359283914,0.017353973303506656,1.0719205339298539,1.0,0.29621932618543795,0.1911289491248174,0.04826881450886902,-0.03375489375154199,-0.006615228479758897,0.34999999999999987
11.9,2.233649535928391,0.017353973303506656,1.0721205339298538,1.0,0.29621932618543795,0.1911289491248174,0.04826881450886902,-0.03375489375154199,-0.006615228479758897,0.34999999999999987
11.92,2.235649535928391,0.017353973303506656,1.0723205339298538,1.0,0.29621932618543795,0.1911289491248174,0.04826881450886902,-0.03375489375154199,-0.006615228479758897,0.34999999999999987
11.94,2.2376495359283908,0.017353973303506656,1.0725205339298538,1.0,0.29621932618543795,0.1911289491248174,0.04826881450886902,-0.03375489375154199,-0.006615228479758897,0.34999999999999987
11.96,2.2396495359283906,0.017353973303506656,1.0727205339298538,1.0,0.29621932618543795,0.1911289491248174,0.04826881450886902,-0.03375489375154199,-0.006615228479758897,0.34999999999999987
11.98,2.2416495359283903,0.017353973303506656,1.0729205339298538,1.0,0.29621932618543795,0.1911289491248174,0.04826881450886902,-0.03375489375154199,-0.006615228479758897,0.34999999999999987
12.0,2.24364953592839,0.017353973303506656,1.0731205339298537,1.0,0.29621932618543795,0.1911289491248174,0.04826881450886902,-0.03375489375154199,-0.006615228479758897,0.34999999999999987
12.02,2.24564953592839,0.017353973303506656,1.0733205339298537,1.0,0.29621932618543795,0.1911289491248174,0.04826881450886902,-0.03375489375154199,-0.006615228479758897,0.34999999999999987
12.040000000000001,2.2476495359283897,0.017353973303506656,1.0735205339298537,1.0,0.29621932618543795,0.1911289491248174,0.04826881450886902,-0.03375489375154199,-0.006615228479758897,0.34999999999999987
12.06,2.2496495359283895,0.017353973303506656,1.0737205339298537,1.0,0.29621932618543795,0.1911289491248174,0.04826881450886902,-0.03375489375154199,-0.006615228479758897,0.34999999999999987
12.08,2.2516495359283892,0.017353973303506656,1.0739205339298536,1.0,0.29621932618543795,0.1911289491248174,0.04826881450886902,-0.03375489375154199,-0.006615228479758897,0.34999999999999987
12.1,2.253649535928389,0.017353973303506656,1.0741205339298536,1.0,0.29621932618543795,0.1911289491248174,0.04826881450886902,-0.03375489375154199,-0.006615228479758897,0.34999999999999987
12.120000000000001,2.255649535928389,0.017353973303506656,1.0743205339298536,1.0,0.29621932618543795,0.1911289491248174,0.04826881450886902,-0.03375489375154199,-0.006615228479758897,0.34999999999999987
12.14,2.2576495359283886,0.017353973303506656,1.0745205339298536,1.0,0.29621932618543795,0.1911289491248174,0.04826881450886902,-0.03375489375154199,-0.006615228479758897,0.34999999999999987
12.16,2.2596495359283884,0.017353973303506656,1.0747205339298536,1.0,0.29621932618543795,0.1911289491248174,0.04826881450886902,-0.03375489375154199,-0.006615228479758897,0.34999999999999987
12.18,2.261649535928388,0.017353973303506656,1.0749205339298535,1.0,0.29621932618543795,0.1911289491248174,0.04826881450886902,-0.03375489375154199,-0.006615228479758897,0.34999999999999987
12.200000000000001,2.263649535928388,0.017353973303506656,1.0751205339298535,1.0,0.29621932618543795,0.1911289491248174,0.04826881450886902,-0.03375489375154199,-0.006615228479758897,0.34999999999999987
12.22,2.2656495359283877,0.017353973303506656,1.0753205339298535,1.0,0.29621932618543795,0.1911289491248174,0.04826881450886902,-0.03375489375154199,-0.006615228479758897,0.34999999999999987
12.24,2.2676495359283875,0.017353973303506656,1.0755205339298535,1.0,0.29621932618543795,0.1911289491248174,0.04826881450886902,-0.03375489375154199,-0.006615228479758897,0.34999999999999987
12.26,2.2696495359283873,0.017353973303506656,1.0757205339298535,1.0,0.29621932618543795,0.1911289491248174,0.04826881450886902,-0.03375489375154199,-0.006615228479758897,0.34999999999999987
12.280000000000001,2.271649535928387,0.017353973303506656,1.0759205339298534,1.0,0.29621932618543795,0.1911289491248174,0.04826881450886902,-0.03375489375154199,-0.006615228479758897,0.34999999999999987
12.3,2.273649535928387,0.017353973303506656,1.0761205339298534,1.0,0.29621932618543795,0.1911289491248174,0.04826881450886902,-0.03375489375154199,-0.006615228479758897,0.34999999999999987
12.32,2.2756495359283866,0.017353973303506656,1.0763205339298534,1.0,0.29621932618543795,0.1911289491248174,0.04826881450886902,-0.03375489375154199,-0.006615228479758897,0.34999999999999987
12.34,2.2776495359283864,0.017353973303506656,1.0765205339298534,1.0,0.29621932618543795,0.1911289491248174,0.04826881450886902,-0.03375489375154199,-0.006615228479758897,0.34999999999999987
12.36,2.279649535928386,0.017353973303506656,1.0767205339298533,1.0,0.29621932618543795,0.1911289491248174,0.04826881450886902,-0.03375489375154199,-0.006615228479758897,0.34999999999999987
12.38,2.281649535928386,0.017353973303506656,1.0769205339298533,1.0,0.29621932618543795,0.1911289491248174,0.04826881450886902,-0.03375489375154199,-0.006615228479758897,0.34999999999999987
12.4,2.2836495359283857,0.017353973303506656,1.0771205339298533,1.0,0.29621932618543795,0.1911289491248174,0.04826881450886902,-0.03375489375154199,-0.006615228479758897,0.34999999999999987
12.42,2.2856495359283855,0.017353973303506656,1.0773205339298533,1.0,0.29621932618543795,0.1911289491248174,0.04826881450886902,-0.03375489375154199,-0.006615228479758897,0.34999999999999987
12.44,2.2876495359283853,0.017353973303506656,1.0775205339298533,1.0,0.29621932618543795,0.1911289491248174,0.04826881450886902,-0.03375489375154199,-0.006615228479758897,0.34999999999999987
12.46,2.289649535928385,0.017353973303506656,1.0777205339298532,1.0,0.29621932618543795,0.1911289491248174,0.04826881450886902,-0.03375489375154199,-0.006615228479758897,0.34999999999999987
12.48,2.291649535928385,0.017353973303506656,1.0779205339298532,1.0,0.29621932618543795,0.1911289491248174,0.04826881450886902,-0.03375489375154199,-0.006615228479758897,0.34999999999999987
12.5,2.2936495359283846,0.017353973303506656,1.0781205339298532,1.0,0.29621932618543795,0.1911289491248174,0.04826881450886902,-0.03375489375154199,-0.006615228479758897,0.34999999999999987
12.52,2.2956495359283844,0.017353973303506656,1.0783205339298532,1.0,0.29621932618543795,0.1911289491248174,0.04826881450886902,-0.03375489375154199,-0.006615228479758897,0.34999999999999987
12.540000000000001,2.297649535928384,0.017353973303506656,1.0785205339298531,1.0,0.29621932618543795,0.1911289491248174,0.04826881450886902,-0.03375489375154199,-0.006615228479758897,0.34999999999999987
12.56,2.299649535928384,0.017353973303506656,1.0787205339298531,1.0,0.29621932618543795,0.1911289491248174,0.04826881450886902,-0.03375489375154199,-0.006615228479758897,0.34999999999999987
12.58,2.3016495359283837,0.017353973303506656,1.078920533929853,1.0,0.29621932618543795,0.1911289491248174,0.04826881450886902,-0.03375489375154199,-0.006615228479758897,0.34999999999999987
12.6,2.3036495359283835,0.017353973303506656,1.079120533929853,1.0,0.29621932618543795,0.1911289491248174,0.04826881450886902,-0.03375489375154199,-0.006615228479758897,0.34999999999999987
12.620000000000001,2.3056495359283833,0.017353973303506656,1.079320533929853,1.0,0.29621932618543795,0.1911289491248174,0.04826881450886902,-0.03375489375154199,-0.006615228479758897,0.34999999999999987
12.64,2.307649535928383,0.017353973303506656,1.079520533929853,1.0,0.29621932618543795,0.1911289491248174,0.04826881450886902,-0.03375489375154199,-0.006615228479758897,0.34999999999999987
12.66,2.309649535928383,0.017353973303506656,1.079720533929853,1.0,0.29621932618543795,0.1911289491248174,0.04826881450886902,-0.03375489375154199,-0.006615228479758897,0.34999999999999987
12.68,2.3116495359283826,0.017353973303506656,1.079920533929853,1.0,0.29621932618543795,0.1911289491248174,0.04826881450886902,-0.03375489375154199,-0.006615228479758897,0.34999999999999987
12.700000000000001,2.3136495359283824,0.017353973303506656,1.080120533929853,1.0,0.29621932618543795,0.1911289491248174,0.04826881450886902,-0.03375489375154199,-0.006615228479758897,0.34999999999999987
12.72,2.315649535928382,0.017353973303506656,1.080320533929853,1.0,0.29621932618543795,0.1911289491248174,0.04826881450886902,-0.03375489375154199,-0.006615228479758897,0.34999999999999987
12.74,2.317649535928382,0.017353973303506656,1.080520533929853,1.0,0.29621932618543795,0.1911289491248174,0.04826881450886902,-0.03375489375154199,-0.006615228479758897,0.34999999999999987
12.76,2.3196495359283817,0.017353973303506656,1.080720533929853,1.0,0.29621932618543795,0.1911289491248174,0.04826881450886902,-0.03375489375154199,-0.006615228479758897,0.34999999999999987
12.780000000000001,2.3216495359283815,0.017353973303506656,1.0809205339298529,1.0,0.29621932618543795,0.1911289491248174,0.04826881450886902,-0.03375489375154199,-0.006615228479758897,0.34999999999999987
12.8,2.3236495359283813,0.017353973303506656,1.0811205339298529,1.0,0.29621932618543795,0.1911289491248174,0.04826881450886902,-0.03375489375154199,-0.006615228479758897,0.34999999999999987
12.82,2.325649535928381,0.017353973303506656,1.0813205339298528,1.0,0.29621932618543795,0.1911289491248174,0.04826881450886902,-0.03375489375154199,-0.006615228479758897,0.34999999999999987
12.84,2.327649535928381,0.017353973303506656,1.0815205339298528,1.0,0.29621932618543795,0.1911289491248174,0.04826881450886902,-0.03375489375154199,-0.006615228479758897,0.34999999999999987
12.86,2.3296495359283806,0.017353973303506656,1.0817205339298528,1.0,0.29621932618543795,0.1911289491248174,0.04826881450886902,-0.03375489375154199,-0.006615228479758897,0.34999999999999987
12.88,2.3316495359283804,0.017353973303506656,1.0819205339298528,1.0,0.29621932618543795,0.1911289491248174,0.04826881450886902,-0.03375489375154199,-0.006615228479758897,0.34999999999999987
12.9,2.33364953592838,0.017353973303506656,1.0821205339298527,1.0,0.29621932618543795,0.1911289491248174,0.04826881450886902,-0.03375489375154199,-0.006615228479758897,0.34999999999999987
12.92,2.33564953592838,0.017353973303506656,1.0823205339298527,1.0,0.29621932618543795,0.1911289491248174,0.04826881450886902,-0.03375489375154199,-0.006615228479758897,0.34999999999999987
12.94,2.3376495359283798,0.017353973303506656,1.0825205339298527,1.0,0.29621932618543795,0.1911289491248174,0.04826881450886902,-0.03375489375154199,-0.006615228479758897,0.34999999999999987
12.96,2.3396495359283795,0.017353973303506656,1.0827205339298527,1.0,0.29621932618543795,0.1911289491248174,0.04826881450886902,-0.03375489375154199,-0.006615228479758897,0.34999999999999987
12.98,2.3416495359283793,0.017353973303506656,1.0829205339298527,1.0,0.29621932618543795,0.1911289491248174,0.04826881450886902,-0.03375489375154199,-0.006615228479758897,0.34999999999999987
13.0,2.343649535928379,0.017353973303506656,1.0831205339298526,1.0,0.29621932618543795,0.1911289491248174,0.04826881450886902,-0.03375489375154199,-0.006615228479758897,0.34999999999999987
13.02,2.345649535928379,0.017353973303506656,1.0833205339298526,1.0,0.29621932618543795,0.1911289491248174,0.04826881450886902,-0.03375489375154199,-0.006615228479758897,0.34999999999999987
13.040000000000001,2.3476495359283787,0.017353973303506656,1.0835205339298526,1.0,0.29621932618543795,0.1911289491248174,0.04826881450886902,-0.03375489375154199,-0.006615228479758897,0.34999999999999987
13.06,2.3496495359283784,0.017353973303506656,1.0837205339298526,1.0,0.29621932618543795,0.1911289491248174,0.04826881450886902,-0.03375489375154199,-0.006615228479758897,0.34999999999999987
13.08,2.351649535928378,0.017353973303506656,1.0839205339298525,1.0,0.29621932618543795,0.1911289491248174,0.04826881450886902,-0.03375489375154199,-0.006615228479758897,0.34999999999999987
13.1,2.353649535928378,0.017353973303506656,1.0841205339298525,1.0,0.29621932618543795,0.1911289491248174,0.04826881450886902,-0.03375489375154199,-0.006615228479758897,0.34999999999999987
13.120000000000001,2.355649535928378,0.017353973303506656,1.0843205339298525,1.0,0.29621932618543795,0.1911289491248174,0.04826881450886902,-0.03375489375154199,-0.006615228479758897,0.34999999999999987
13.14,2.3576495359283776,0.017353973303506656,1.0845205339298525,1.0,0.29621932618543795,0.1911289491248174,0.04826881450886902,-0.03375489375154199,-0.006615228479758897,0.34999999999999987
13.16,2.3596495359283773,0.017353973303506656,1.0847205339298525,1.0,0.29621932618543795,0.1911289491248174,0.04826881450886902,-0.03375489375154199,-0.006615228479758897,0.34999999999999987
13.18,2.361649535928377,0.017353973303506656,1.0849205339298524,1.0,0.29621932618543795,0.1911289491248174,0.04826881450886902,-0.03375489375154199,-0.006615228479758897,0.34999999999999987
13.200000000000001,2.363649535928377,0.017353973303506656,1.0851205339298524,1.0,0.29621932618543795,0.1911289491248174,0.04826881450886902,-0.03375489375154199,-0.006615228479758897,0.34999999999999987
13.22,2.3656495359283767,0.017353973303506656,1.0853205339298524,1.0,0.29621932618543795,0.1911289491248174,0.04826881450886902,-0.03375489375154199,-0.006615228479758897,0.34999999999999987
13.24,2.3676495359283765,0.017353973303506656,1.0855205339298524,1.0,0.29621932618543795,0.1911289491248174,0.04826881450886902,-0.03375489375154199,-0.006615228479758897,0.34999999999999987
13.26,2.3696495359283762,0.017353973303506656,1.0857205339298523,1.0,0.29621932618543795,0.1911289491248174,0.04826881450886902,-0.03375489375154199,-0.006615228479758897,0.34999999999999987
13.280000000000001,2.371649535928376,0.017353973303506656,1.0859205339298523,1.0,0.29621932618543795,0.1911289491248174,0.04826881450886902,-0.03375489375154199,-0.006615228479758897,0.34999999999999987
13.3,2.373649535928376,0.017353973303506656,1.0861205339298523,1.0,0.29621932618543795,0.1911289491248174,0.04826881450886902,-0.03375489375154199,-0.006615228479758897,0.34999999999999987
13.32,2.3756495359283756,0.017353973303506656,1.0863205339298523,1.0,0.29621932618543795,0.1911289491248174,0.04826881450886902,-0.03375489375154199,-0.006615228479758897,0.34999999999999987
13.34,2.3776495359283754,0.017353973303506656,1.0865205339298523,1.0,0.29621932618543795,0.1911289491248174,0.04826881450886902,-0.03375489375154199,-0.006615228479758897,0.34999999999999987
13.36,2.379649535928375,0.017353973303506656,1.0867205339298522,1.0,0.29621932618543795,0.1911289491248174,0.04826881450886902,-0.03375489375154199,-0.006615228479758897,0.34999999999999987
13.38,2.381649535928375,0.017353973303506656,1.0869205339298522,1.0,0.29621932618543795,0.1911289491248174,0.04826881450886902,-0.03375489375154199,-0.006615228479758897,0.34999999999999987
13.4,2.3836495359283747,0.017353973303506656,1.0871205339298522,1.0,0.29621932618543795,0.1911289491248174,0.04826881450886902,-0.03375489375154199,-0.006615228479758897,0.34999999999999987
13.42,2.3856495359283745,0.017353973303506656,1.0873205339298522,1.0,0.29621932618543795,0.1911289491248174,0.04826881450886902,-0.03375489375154199,-0.006615228479758897,0.34999999999999987
13.44,2.3876495359283743,0.017353973303506656,1.0875205339298522,1.0,0.29621932618543795,0.1911289491248174,0.04826881450886902,-0.03375489375154199,-0.006615228479758897,0.34999999999999987
13.46,2.389649535928374,0.017353973303506656,1.0877205339298521,1.0,0.29621932618543795,0.1911289491248174,0.04826881450886902,-0.03375489375154199,-0.006615228479758897,0.34999999999999987
13.48,2.391649535928374,0.017353973303506656,1.087920533929852,1.0,0.29621932618543795,0.1911289491248174,0.04826881450886902,-0.03375489375154199,-0.006615228479758897,0.34999999999999987
13.5,2.3936495359283736,0.017353973303506656,1.088120533929852,1.0,0.29621932618543795,0.1911289491248174,0.04826881450886902,-0.03375489375154199,-0.006615228479758897,0.34999999999999987
13.52,2.3956495359283734,0.017353973303506656,1.088320533929852,1.0,0.29621932618543795,0.1911289491248174,0.04826881450886902,-0.03375489375154199,-0.006615228479758897,0.34999999999999987
13.540000000000001,2.397649535928373,0.017353973303506656,1.088520533929852,1.0,0.29621932618543795,0.1911289491248174,0.04826881450886902,-0.03375489375154199,-0.006615228479758897,0.34999999999999987
13.56,2.399649535928373,0.017353973303506656,1.088720533929852,1.0,0.29621932618543795,0.1911289491248174,0.04826881450886902,-0.03375489375154199,-0.006615228479758897,0.34999999999999987
13.58,2.4016495359283727,0.017353973303506656,1.088920533929852,1.0,0.29621932618543795,0.1911289491248174,0.04826881450886902,-0.03375489375154199,-0.006615228479758897,0.34999999999999987
13.6,2.4036495359283725,0.017353973303506656,1.089120533929852,1.0,0.29621932618543795,0.1911289491248174,0.04826881450886902,-0.03375489375154199,-0.006615228479758897,0.34999999999999987
13.620000000000001,2.4056495359283723,0.017353973303506656,1.089320533929852,1.0,0.29621932618543795,0.1911289491248174,0.04826881450886902,-0.03375489375154199,-0.006615228479758897,0.34999999999999987
13.64,2.407649535928372,0.017353973303506656,1.089520533929852,1.0,0.29621932618543795,0.1911289491248174,0.04826881450886902,-0.03375489375154199,-0.006615228479758897,0.34999999999999987
13.66,2.409649535928372,0.017353973303506656,1.089720533929852,1.0,0.29621932618543795,0.1911289491248174,0.04826881450886902,-0.03375489375154199,-0.006615228479758897,0.34999999999999987
13.68,2.4116495359283716,0.017353973303506656,1.0899205339298519,1.0,0.29621932618543795,0.1911289491248174,0.04826881450886902,-0.03375489375154199,-0.006615228479758897,0.34999999999999987
13.700000000000001,2.4136495359283714,0.017353973303506656,1.0901205339298519,1.0,0.29621932618543795,0.1911289491248174,0.04826881450886902,-0.03375489375154199,-0.006615228479758897,0.34999999999999987
13.72,2.415649535928371,0.017353973303506656,1.0903205339298518,1.0,0.29621932618543795,0.1911289491248174,0.04826881450886902,-0.03375489375154199,-0.006615228479758897,0.34999999999999987
13.74,2.417649535928371,0.017353973303506656,1.0905205339298518,1.0,0.29621932618543795,0.1911289491248174,0.04826881450886902,-0.03375489375154199,-0.006615228479758897,0.34999999999999987
13.76,2.4196495359283707,0.017353973303506656,1.0907205339298518,1.0,0.29621932618543795,0.1911289491248174,0.04826881450886902,-0.03375489375154199,-0.006615228479758897,0.34999999999999987
13.780000000000001,2.4216495359283705,0.017353973303506656,1.0909205339298518,1.0,0.29621932618543795,0.1911289491248174,0.04826881450886902,-0.03375489375154199,-0.006615228479758897,0.34999999999999987
13.8,2.4236495359283703,0.017353973303506656,1.0911205339298518,1.0,0.29621932618543795,0.1911289491248174,0.04826881450886902,-0.03375489375154199,-0.006615228479758897,0.34999999999999987
13.82,2.42564953592837,0.017353973303506656,1.0913205339298517,1.0,0.29621932618543795,0.1911289491248174,0.04826881450886902,-0.03375489375154199,-0.006615228479758897,0.34999999999999987
13.84,2.42764953592837,0.017353973303506656,1.0915205339298517,1.0,0.29621932618543795,0.1911289491248174,0.04826881450886902,-0.03375489375154199,-0.006615228479758897,0.34999999999999987
13.86,2.4296495359283696,0.017353973303506656,1.0917205339298517,1.0,0.29621932618543795,0.1911289491248174,0.04826881450886902,-0.03375489375154199,-0.006615228479758897,0.34999999999999987
13.88,2.4316495359283694,0.017353973303506656,1.0919205339298517,1.0,0.29621932618543795,0.1911289491248174,0.04826881450886902,-0.03375489375154199,-0.006615228479758897,0.34999999999999987
13.9,2.433649535928369,0.017353973303506656,1.0921205339298516,1.0,0.29621932618543795,0.1911289491248174,0.04826881450886902,-0.03375489375154199,-0.006615228479758897,0.34999999999999987
13.92,2.435649535928369,0.017353973303506656,1.0923205339298516,1.0,0.29621932618543795,0.1911289491248174,0.04826881450886902,-0.03375489375154199,-0.006615228479758897,0.34999999999999987
13.94,2.4376495359283687,0.017353973303506656,1.0925205339298516,1.0,0.29621932618543795,0.1911289491248174,0.04826881450886902,-0.03375489375154199,-0.006615228479758897,0.34999999999999987
13.96,2.4396495359283685,0.017353973303506656,1.0927205339298516,1.0,0.29621932618543795,0.1911289491248174,0.04826881450886902,-0.03375489375154199,-0.006615228479758897,0.34999999999999987
13.98,2.4416495359283683,0.017353973303506656,1.0929205339298516,1.0,0.29621932618543795,0.1911289491248174,0.04826881450886902,-0.03375489375154199,-0.006615228479758897,0.34999999999999987
14.0,2.443649535928368,0.017353973303506656,1.0931205339298515,1.0,0.29621932618543795,0.1911289491248174,0.04826881450886902,-0.03375489375154199,-0.006615228479758897,0.34999999999999987
14.02,2.445649535928368,0.017353973303506656,1.0933205339298515,1.0,0.29621932618543795,0.1911289491248174,0.04826881450886902,-0.03375489375154199,-0.006615228479758897,0.34999999999999987
14.040000000000001,2.4476495359283676,0.017353973303506656,1.0935205339298515,1.0,0.29621932618543795,0.1911289491248174,0.04826881450886902,-0.03375489375154199,-0.006615228479758897,0.34999999999999987
14.06,2.4496495359283674,0.017353973303506656,1.0937205339298515,1.0,0.29621932618543795,0.1911289491248174,0.04826881450886902,-0.03375489375154199,-0.006615228479758897,0.34999999999999987
14.08,2.451649535928367,0.017353973303506656,1.0939205339298514,1.0,0.29621932618543795,0.1911289491248174,0.04826881450886902,-0.03375489375154199,-0.006615228479758897,0.34999999999999987
14.1,2.453649535928367,0.017353973303506656,1.0941205339298514,1.0,0.29621932618543795,0.1911289491248174,0.04826881450886902,-0.03375489375154199,-0.006615228479758897,0.34999999999999987
14.120000000000001,2.4556495359283668,0.017353973303506656,1.0943205339298514,1.0,0.29621932618543795,0.1911289491248174,0.04826881450886902,-0.03375489375154199,-0.006615228479758897,0.34999999999999987
14.14,2.4576495359283665,0.017353973303506656,1.0945205339298514,1.0,0.29621932618543795,0.1911289491248174,0.04826881450886902,-0.03375489375154199,-0.006615228479758897,0.34999999999999987
14.16,2.4596495359283663,0.017353973303506656,1.0947205339298514,1.0,0.29621932618543795,0.1911289491248174,0.04826881450886902,-0.03375489375154199,-0.006615228479758897,0.34999999999999987
14.18,2.461649535928366,0.017353973303506656,1.0949205339298513,1.0,0.29621932618543795,0.1911289491248174,0.04826881450886902,-0.03375489375154199,-0.006615228479758897,0.34999999999999987
14.200000000000001,2.463649535928366,0.017353973303506656,1.0951205339298513,1.0,0.29621932618543795,0.1911289491248174,0.04826881450886902,-0.03375489375154199,-0.006615228479758897,0.34999999999999987
14.22,2.4656495359283657,0.017353973303506656,1.0953205339298513,1.0,0.29621932618543795,0.1911289491248174,0.04826881450886902,-0.03375489375154199,-0.006615228479758897,0.34999999999999987
14.24,2.4676495359283654,0.017353973303506656,1.0955205339298513,1.0,0.29621932618543795,0.1911289491248174,0.04826881450886902,-0.03375489375154199,-0.006615228479758897,0.34999999999999987
14.26,2.4696495359283652,0.017353973303506656,1.0957205339298512,1.0,0.29621932618543795,0.1911289491248174,0.04826881450886902,-0.03375489375154199,-0.006615228479758897,0.34999999999999987
14.280000000000001,2.471649535928365,0.017353973303506656,1.0959205339298512,1.0,0.29621932618543795,0.1911289491248174,0.04826881450886902,-0.03375489375154199,-0.006615228479758897,0.34999999999999987
14.3,2.473649535928365,0.017353973303506656,1.0961205339298512,1.0,0.29621932618543795,0.1911289491248174,0.04826881450886902,-0.03375489375154199,-0.006615228479758897,0.34999999999999987
14.32,2.4756495359283646,0.017353973303506656,1.0963205339298512,1.0,0.29621932618543795,0.1911289491248174,0.04826881450886902,-0.03375489375154199,-0.006615228479758897,0.34999999999999987
14.34,2.4776495359283643,0.017353973303506656,1.0965205339298512,1.0,0.29621932618543795,0.1911289491248174,0.04826881450886902,-0.03375489375154199,-0.006615228479758897,0.34999999999999987
14.36,2.479649535928364,0.017353973303506656,1.0967205339298511,1.0,0.29621932618543795,0.1911289491248174,0.04826881450886902,-0.03375489375154199,-0.006615228479758897,0.34999999999999987
14.38,2.481649535928364,0.017353973303506656,1.0969205339298511,1.0,0.29621932618543795,0.1911289491248174,0.04826881450886902,-0.03375489375154199,-0.006615228479758897,0.34999999999999987
14.4,2.4836495359283637,0.017353973303506656,1.097120533929851,1.0,0.29621932618543795,0.1911289491248174,0.04826881450886902,-0.03375489375154199,-0.006615228479758897,0.34999999999999987
14.42,2.4856495359283635,0.017353973303506656,1.097320533929851,1.0,0.29621932618543795,0.1911289491248174,0.04826881450886902,-0.03375489375154199,-0.006615228479758897,0.34999999999999987
14.44,2.4876495359283632,0.017353973303506656,1.097520533929851,1.0,0.29621932618543795,0.1911289491248174,0.04826881450886902,-0.03375489375154199,-0.006615228479758897,0.34999999999999987
14.46,2.489649535928363,0.017353973303506656,1.097720533929851,1.0,0.29621932618543795,0.1911289491248174,0.04826881450886902,-0.03375489375154199,-0.006615228479758897,0.34999999999999987
14.48,2.491649535928363,0.017353973303506656,1.097920533929851,1.0,0.29621932618543795,0.1911289491248174,0.04826881450886902,-0.03375489375154199,-0.006615228479758897,0.34999999999999987
14.5,2.4936495359283626,0.017353973303506656,1.098120533929851,1.0,0.29621932618543795,0.1911289491248174,0.04826881450886902,-0.03375489375154199,-0.006615228479758897,0.34999999999999987
14.52,2.4956495359283624,0.017353973303506656,1.098320533929851,1.0,0.29621932618543795,0.1911289491248174,0.04826881450886902,-0.03375489375154199,-0.006615228479758897,0.34999999999999987
14.540000000000001,2.497649535928362,0.017353973303506656,1.098520533929851,1.0,0.29621932618543795,0.1911289491248174,0.04826881450886902,-0.03375489375154199,-0.006615228479758897,0.34999999999999987
14.56,2.499649535928362,0.017353973303506656,1.098720533929851,1.0,0.29621932618543795,0.1911289491248174,0.04826881450886902,-0.03375489375154199,-0.006615228479758897,0.34999999999999987
14.58,2.5016495359283617,0.017353973303506656,1.098920533929851,1.0,0.29621932618543795,0.1911289491248174,0.04826881450886902,-0.03375489375154199,-0.006615228479758897,0.34999999999999987
14.6,2.5036495359283615,0.017353973303506656,1.0991205339298509,1.0,0.29621932618543795,0.1911289491248174,0.04826881450886902,-0.03375489375154199,-0.006615228479758897,0.34999999999999987
14.620000000000001,2.5056495359283613,0.017353973303506656,1.0993205339298509,1.0,0.29621932618543795,0.1911289491248174,0.04826881450886902,-0.03375489375154199,-0.006615228479758897,0.34999999999999987
14.64,2.507649535928361,0.017353973303506656,1.0995205339298508,1.0,0.29621932618543795,0.1911289491248174,0.04826881450886902,-0.03375489375154199,-0.006615228479758897,0.34999999999999987
14.66,2.509649535928361,0.017353973303506656,1.0997205339298508,1.0,0.29621932618543795,0.1911289491248174,0.04826881450886902,-0.03375489375154199,-0.006615228479758897,0.34999999999999987
14.68,2.5116495359283606,0.017353973303506656,1.0999205339298508,1.0,0.29621932618543795,0.1911289491248174,0.04826881450886902,-0.03375489375154199,-0.006615228479758897,0.34999999999999987
14.700000000000001,2.5136495359283604,0.017353973303506656,1.1001205339298508,1.0,0.29621932618543795,0.1911289491248174,0.04826881450886902,-0.03375489375154199,-0.006615228479758897,0.34999999999999987
14.72,2.51564953592836,0.017353973303506656,1.1003205339298507,1.0,0.29621932618543795,0.1911289491248174,0.04826881450886902,-0.03375489375154199,-0.006615228479758897,0.34999999999999987
14.74,2.51764953592836,0.017353973303506656,1.1005205339298507,1.0,0.29621932618543795,0.1911289491248174,0.04826881450886902,-0.03375489375154199,-0.006615228479758897,0.34999999999999987
14.76,2.5196495359283597,0.017353973303506656,1.1007205339298507,1.0,0.29621932618543795,0.1911289491248174,0.04826881450886902,-0.03375489375154199,-0.006615228479758897,0.34999999999999987
14.780000000000001,2.5216495359283595,0.017353973303506656,1.1009205339298507,1.0,0.29621932618543795,0.1911289491248174,0.04826881450886902,-0.03375489375154199,-0.006615228479758897,0.34999999999999987
14.8,2.5236495359283593,0.017353973303506656,1.1011205339298507,1.0,0.29621932618543795,0.1911289491248174,0.04826881450886902,-0.03375489375154199,-0.006615228479758897,0.34999999999999987
14.82,2.525649535928359,0.017353973303506656,1.1013205339298506,1.0,0.29621932618543795,0.1911289491248174,0.04826881450886902,-0.03375489375154199,-0.006615228479758897,0.34999999999999987
14.84,2.527649535928359,0.017353973303506656,1.1015205339298506,1.0,0.29621932618543795,0.1911289491248174,0.04826881450886902,-0.03375489375154199,-0.006615228479758897,0.34999999999999987
14.86,2.5296495359283586,0.017353973303506656,1.1017205339298506,1.0,0.29621932618543795,0.1911289491248174,0.04826881450886902,-0.03375489375154199,-0.006615228479758897,0.34999999999999987
14.88,2.5316495359283584,0.017353973303506656,1.1019205339298506,1.0,0.29621932618543795,0.1911289491248174,0.04826881450886902,-0.03375489375154199,-0.006615228479758897,0.34999999999999987
14.9,2.533649535928358,0.017353973303506656,1.1021205339298505,1.0,0.29621932618543795,0.1911289491248174,0.04826881450886902,-0.03375489375154199,-0.006615228479758897,0.34999999999999987
14.92,2.535649535928358,0.017353973303506656,1.1023205339298505,1.0,0.29621932618543795,0.1911289491248174,0.04826881450886902,-0.03375489375154199,-0.006615228479758897,0.34999999999999987
14.94,2.5376495359283577,0.017353973303506656,1.1025205339298505,1.0,0.29621932618543795,0.1911289491248174,0.04826881450886902,-0.03375489375154199,-0.006615228479758897,0.34999999999999987
14.96,2.5396495359283575,0.017353973303506656,1.1027205339298505,1.0,0.29621932618543795,0.1911289491248174,0.04826881450886902,-0.03375489375154199,-0.006615228479758897,0.34999999999999987
14.98,2.5416495359283573,0.017353973303506656,1.1029205339298505,1.0,0.29621932618543795,0.1911289491248174,0.04826881450886902,-0.03375489375154199,-0.006615228479758897,0.34999999999999987
15.0,2.543649535928357,0.017353973303506656,1.1031205339298504,1.0,0.29621932618543795,0.1911289491248174,0.04826881450886902,-0.03375489375154199,-0.006615228479758897,0.34999999999999987
15.02,2.545649535928357,0.017353973303506656,1.1033205339298504,1.0,0.29621932618543795,0.1911289491248174,0.04826881450886902,-0.03375489375154199,-0.006615228479758897,0.34999999999999987
15.040000000000001,2.5476495359283566,0.017353973303506656,1.1035205339298504,1.0,0.29621932618543795,0.1911289491248174,0.04826881450886902,-0.03375489375154199,-0.006615228479758897,0.34999999999999987
15.06,2.5496495359283564,0.017353973303506656,1.1037205339298504,1.0,0.29621932618543795,0.1911289491248174,0.04826881450886902,-0.03375489375154199,-0.006615228479758897,0.34999999999999987
15.08,2.551649535928356,0.017353973303506656,1.1039205339298503,1.0,0.29621932618543795,0.1911289491248174,0.04826881450886902,-0.03375489375154199,-0.006615228479758897,0.34999999999999987
15.1,2.553649535928356,0.017353973303506656,1.1041205339298503,1.0,0.29621932618543795,0.1911289491248174,0.04826881450886902,-0.03375489375154199,-0.006615228479758897,0.34999999999999987
15.120000000000001,2.5556495359283558,0.017353973303506656,1.1043205339298503,1.0,0.29621932618543795,0.1911289491248174,0.04826881450886902,-0.03375489375154199,-0.006615228479758897,0.34999999999999987
15.14,2.5576495359283555,0.017353973303506656,1.1045205339298503,1.0,0.29621932618543795,0.1911289491248174,0.04826881450886902,-0.03375489375154199,-0.006615228479758897,0.34999999999999987
15.16,2.5596495359283553,0.017353973303506656,1.1047205339298503,1.0,0.29621932618543795,0.1911289491248174,0.04826881450886902,-0.03375489375154199,-0.006615228479758897,0.34999999999999987
15.18,2.561649535928355,0.017353973303506656,1.1049205339298502,1.0,0.29621932618543795,0.1911289491248174,0.04826881450886902,-0.03375489375154199,-0.006615228479758897,0.34999999999999987
15.200000000000001,2.563649535928355,0.017353973303506656,1.1051205339298502,1.0,0.29621932618543795,0.1911289491248174,0.04826881450886902,-0.03375489375154199,-0.006615228479758897,0.34999999999999987
15.22,2.5656495359283547,0.017353973303506656,1.1053205339298502,1.0,0.29621932618543795,0.1911289491248174,0.04826881450886902,-0.03375489375154199,-0.006615228479758897,0.34999999999999987
15.24,2.5676495359283544,0.017353973303506656,1.1055205339298502,1.0,0.29621932618543795,0.1911289491248174,0.04826881450886902,-0.03375489375154199,-0.006615228479758897,0.34999999999999987
15.26,2.569649535928354,0.017353973303506656,1.1057205339298501,1.0,0.29621932618543795,0.1911289491248174,0.04826881450886902,-0.03375489375154199,-0.006615228479758897,0.34999999999999987
15.280000000000001,2.571649535928354,0.017353973303506656,1.1059205339298501,1.0,0.29621932618543795,0.1911289491248174,0.04826881450886902,-0.03375489375154199,-0.006615228479758897,0.34999999999999987
15.3,2.5736495359283538,0.017353973303506656,1.10612053392985,1.0,0.29621932618543795,0.1911289491248174,0.04826881450886902,-0.03375489375154199,-0.006615228479758897,0.34999999999999987
15.32,2.5756495359283536,0.017353973303506656,1.10632053392985,1.0,0.29621932618543795,0.1911289491248174,0.04826881450886902,-0.03375489375154199,-0.006615228479758897,0.34999999999999987
15.34,2.5776495359283533,0.017353973303506656,1.10652053392985,1.0,0.29621932618543795,0.1911289491248174,0.04826881450886902,-0.03375489375154199,-0.006615228479758897,0.34999999999999987
15.36,2.579649535928353,0.017353973303506656,1.10672053392985,1.0,0.29621932618543795,0.1911289491248174,0.04826881450886902,-0.03375489375154199,-0.006615228479758897,0.34999999999999987
15.38,2.581649535928353,0.017353973303506656,1.10692053392985,1.0,0.29621932618543795,0.1911289491248174,0.04826881450886902,-0.03375489375154199,-0.006615228479758897,0.34999999999999987
15.4,2.5836495359283527,0.017353973303506656,1.10712053392985,1.0,0.29621932618543795,0.1911289491248174,0.04826881450886902,-0.03375489375154199,-0.006615228479758897,0.34999999999999987
15.42,2.5856495359283524,0.017353973303506656,1.10732053392985,1.0,0.29621932618543795,0.1911289491248174,0.04826881450886902,-0.03375489375154199,-0.006615228479758897,0.34999999999999987
15.44,2.5876495359283522,0.017353973303506656,1.10752053392985,1.0,0.29621932618543795,0.1911289491248174,0.04826881450886902,-0.03375489375154199,-0.006615228479758897,0.34999999999999987
15.46,2.589649535928352,0.017353973303506656,1.10772053392985,1.0,0.29621932618543795,0.1911289491248174,0.04826881450886902,-0.03375489375154199,-0.006615228479758897,0.34999999999999987
15.48,2.591649535928352,0.017353973303506656,1.10792053392985,1.0,0.29621932618543795,0.1911289491248174,0.04826881450886902,-0.03375489375154199,-0.006615228479758897,0.34999999999999987
15.5,2.5936495359283516,0.017353973303506656,1.1081205339298499,1.0,0.29621932618543795,0.1911289491248174,0.04826881450886902,-0.03375489375154199,-0.006615228479758897,0.34999999999999987
15.52,2.5956495359283513,0.017353973303506656,1.1083205339298499,1.0,0.29621932618543795,0.1911289491248174,0.04826881450886902,-0.03375489375154199,-0.006615228479758897,0.34999999999999987
15.540000000000001,2.597649535928351,0.017353973303506656,1.1085205339298498,1.0,0.29621932618543795,0.1911289491248174,0.04826881450886902,-0.03375489375154199,-0.006615228479758897,0.34999999999999987
15.56,2.599649535928351,0.017353973303506656,1.1087205339298498,1.0,0.29621932618543795,0.1911289491248174,0.04826881450886902,-0.03375489375154199,-0.006615228479758897,0.34999999999999987
15.58,2.6016495359283507,0.017353973303506656,1.1089205339298498,1.0,0.29621932618543795,0.1911289491248174,0.04826881450886902,-0.03375489375154199,-0.006615228479758897,0.34999999999999987
15.6,2.6036495359283505,0.017353973303506656,1.1091205339298498,1.0,0.29621932618543795,0.1911289491248174,0.04826881450886902,-0.03375489375154199,-0.006615228479758897,0.34999999999999987
15.620000000000001,2.6056495359283502,0.017353973303506656,1.1093205339298498,1.0,0.29621932618543795,0.1911289491248174,0.04826881450886902,-0.03375489375154199,-0.006615228479758897,0.34999999999999987
15.64,2.60764953592835,0.017353973303506656,1.1095205339298497,1.0,0.29621932618543795,0.1911289491248174,0.04826881450886902,-0.03375489375154199,-0.006615228479758897,0.34999999999999987
15.66,2.60964953592835,0.017353973303506656,1.1097205339298497,1.0,0.29621932618543795,0.1911289491248174,0.04826881450886902,-0.03375489375154199,-0.006615228479758897,0.34999999999999987
15.68,2.6116495359283496,0.017353973303506656,1.1099205339298497,1.0,0.29621932618543795,0.1911289491248174,0.04826881450886902,-0.03375489375154199,-0.006615228479758897,0.34999999999999987
15.700000000000001,2.6136495359283494,0.017353973303506656,1.1101205339298497,1.0,0.29621932618543795,0.1911289491248174,0.04826881450886902,-0.03375489375154199,-0.006615228479758897,0.34999999999999987
15.72,2.615649535928349,0.017353973303506656,1.1103205339298496,1.0,0.29621932618543795,0.1911289491248174,0.04826881450886902,-0.03375489375154199,-0.006615228479758897,0.34999999999999987
15.74,2.617649535928349,0.017353973303506656,1.1105205339298496,1.0,0.29621932618543795,0.1911289491248174,0.04826881450886902,-0.03375489375154199,-0.006615228479758897,0.34999999999999987
15.76,2.6196495359283487,0.017353973303506656,1.1107205339298496,1.0,0.29621932618543795,0.1911289491248174,0.04826881450886902,-0.03375489375154199,-0.006615228479758897,0.34999999999999987
15.780000000000001,2.6216495359283485,0.017353973303506656,1.1109205339298496,1.0,0.29621932618543795,0.1911289491248174,0.04826881450886902,-0.03375489375154199,-0.006615228479758897,0.34999999999999987
15.8,2.6236495359283483,0.017353973303506656,1.1111205339298496,1.0,0.29621932618543795,0.1911289491248174,0.04826881450886902,-0.03375489375154199,-0.006615228479758897,0.34999999999999987
15.82,2.625649535928348,0.017353973303506656,1.1113205339298495,1.0,0.29621932618543795,0.1911289491248174,0.04826881450886902,-0.03375489375154199,-0.006615228479758897,0.34999999999999987
15.84,2.627649535928348,0.017353973303506656,1.1115205339298495,1.0,0.29621932618543795,0.1911289491248174,0.04826881450886902,-0.03375489375154199,-0.006615228479758897,0.34999999999999987
15.860000000000001,2.6296495359283476,0.017353973303506656,1.1117205339298495,1.0,0.29621932618543795,0.1911289491248174,0.04826881450886902,-0.03375489375154199,-0.006615228479758897,0.34999999999999987
15.88,2.6316495359283474,0.017353973303506656,1.1119205339298495,1.0,0.29621932618543795,0.1911289491248174,0.04826881450886902,-0.03375489375154199,-0.006615228479758897,0.34999999999999987
15.9,2.633649535928347,0.017353973303506656,1.1121205339298494,1.0,0.29621932618543795,0.1911289491248174,0.04826881450886902,-0.03375489375154199,-0.006615228479758897,0.34999999999999987
15.92,2.635649535928347,0.017353973303506656,1.1123205339298494,1.0,0.29621932618543795,0.1911289491248174,0.04826881450886902,-0.03375489375154199,-0.006615228479758897,0.34999999999999987
15.94,2.6376495359283467,0.017353973303506656,1.1125205339298494,1.0,0.29621932618543795,0.1911289491248174,0.04826881450886902,-0.03375489375154199,-0.006615228479758897,0.34999999999999987
15.96,2.6396495359283465,0.017353973303506656,1.1127205339298494,1.0,0.29621932618543795,0.1911289491248174,0.04826881450886902,-0.03375489375154199,-0.006615228479758897,0.34999999999999987
15.98,2.6416495359283463,0.017353973303506656,1.1129205339298494,1.0,0.29621932618543795,0.1911289491248174,0.04826881450886902,-0.03375489375154199,-0.006615228479758897,0.34999999999999987
16.0,2.643649535928346,0.017353973303506656,1.1131205339298493,1.0,0.29621932618543795,0.1911289491248174,0.04826881450886902,-0.03375489375154199,-0.006615228479758897,0.34999999999999987
16.02,2.645649535928346,0.017353973303506656,1.1133205339298493,1.0,0.29621932618543795,0.1911289491248174,0.04826881450886902,-0.03375489375154199,-0.006615228479758897,0.34999999999999987
16.04,2.6476495359283456,0.017353973303506656,1.1135205339298493,1.0,0.29621932618543795,0.1911289491248174,0.04826881450886902,-0.03375489375154199,-0.006615228479758897,0.34999999999999987
16.06,2.6496495359283454,0.017353973303506656,1.1137205339298493,1.0,0.29621932618543795,0.1911289491248174,0.04826881450886902,-0.03375489375154199,-0.006615228479758897,0.34999999999999987
16.080000000000002,2.651649535928345,0.017353973303506656,1.1139205339298492,1.0,0.29621932618543795,0.1911289491248174,0.04826881450886902,-0.03375489375154199,-0.006615228479758897,0.34999999999999987
16.1,2.653649535928345,0.017353973303506656,1.1141205339298492,1.0,0.29621932618543795,0.1911289491248174,0.04826881450886902,-0.03375489375154199,-0.006615228479758897,0.34999999999999987
16.12,2.6556495359283447,0.017353973303506656,1.1143205339298492,1.0,0.29621932618543795,0.1911289491248174,0.04826881450886902,-0.03375489375154199,-0.006615228479758897,0.34999999999999987
16.14,2.6576495359283445,0.017353973303506656,1.1145205339298492,1.0,0.29621932618543795,0.1911289491248174,0.04826881450886902,-0.03375489375154199,-0.006615228479758897,0.34999999999999987
16.16,2.6596495359283443,0.017353973303506656,1.1147205339298492,1.0,0.29621932618543795,0.1911289491248174,0.04826881450886902,-0.03375489375154199,-0.006615228479758897,0.34999999999999987
16.18,2.661649535928344,0.017353973303506656,1.1149205339298491,1.0,0.29621932618543795,0.1911289491248174,0.04826881450886902,-0.03375489375154199,-0.006615228479758897,0.34999999999999987
16.2,2.663649535928344,0.017353973303506656,1.1151205339298491,1.0,0.29621932618543795,0.1911289491248174,0.04826881450886902,-0.03375489375154199,-0.006615228479758897,0.34999999999999987
16.22,2.6656495359283436,0.017353973303506656,1.115320533929849,1.0,0.29621932618543795,0.1911289491248174,0.04826881450886902,-0.03375489375154199,-0.006615228479758897,0.34999999999999987
16.240000000000002,2.6676495359283434,0.017353973303506656,1.115520533929849,1.0,0.29621932618543795,0.1911289491248174,0.04826881450886902,-0.03375489375154199,-0.006615228479758897,0.34999999999999987
16.26,2.669649535928343,0.017353973303506656,1.115720533929849,1.0,0.29621932618543795,0.1911289491248174,0.04826881450886902,-0.03375489375154199,-0.006615228479758897,0.34999999999999987
16.28,2.671649535928343,0.017353973303506656,1.115920533929849,1.0,0.29621932618543795,0.1911289491248174,0.04826881450886902,-0.03375489375154199,-0.006615228479758897,0.34999999999999987
16.3,2.6736495359283428,0.017353973303506656,1.116120533929849,1.0,0.29621932618543795,0.1911289491248174,0.04826881450886902,-0.03375489375154199,-0.006615228479758897,0.34999999999999987
16.32,2.6756495359283425,0.017353973303506656,1.116320533929849,1.0,0.29621932618543795,0.1911289491248174,0.04826881450886902,-0.03375489375154199,-0.006615228479758897,0.34999999999999987
16.34,2.6776495359283423,0.017353973303506656,1.116520533929849,1.0,0.29621932618543795,0.1911289491248174,0.04826881450886902,-0.03375489375154199,-0.006615228479758897,0.34999999999999987
16.36,2.679649535928342,0.017353973303506656,1.116720533929849,1.0,0.29621932618543795,0.1911289491248174,0.04826881450886902,-0.03375489375154199,-0.006615228479758897,0.34999999999999987
16.38,2.681649535928342,0.017353973303506656,1.116920533929849,1.0,0.29621932618543795,0.1911289491248174,0.04826881450886902,-0.03375489375154199,-0.006615228479758897,0.34999999999999987
16.4,2.6836495359283417,0.017353973303506656,1.117120533929849,1.0,0.29621932618543795,0.1911289491248174,0.04826881450886902,-0.03375489375154199,-0.006615228479758897,0.34999999999999987
16.42,2.6856495359283414,0.017353973303506656,1.1173205339298489,1.0,0.29621932618543795,0.1911289491248174,0.04826881450886902,-0.03375489375154199,-0.006615228479758897,0.34999999999999987
16.44,2.687649535928341,0.017353973303506656,1.1175205339298488,1.0,0.29621932618543795,0.1911289491248174,0.04826881450886902,-0.03375489375154199,-0.006615228479758897,0.34999999999999987
16.46,2.689649535928341,0.017353973303506656,1.1177205339298488,1.0,0.29621932618543795,0.1911289491248174,0.04826881450886902,-0.03375489375154199,-0.006615228479758897,0.34999999999999987
16.48,2.6916495359283408,0.017353973303506656,1.1179205339298488,1.0,0.29621932618543795,0.1911289491248174,0.04826881450886902,-0.03375489375154199,-0.006615228479758897,0.34999999999999987
16.5,2.6936495359283406,0.017353973303506656,1.1181205339298488,1.0,0.29621932618543795,0.1911289491248174,0.04826881450886902,-0.03375489375154199,-0.006615228479758897,0.34999999999999987
16.52,2.6956495359283403,0.017353973303506656,1.1183205339298488,1.0,0.29621932618543795,0.1911289491248174,0.04826881450886902,-0.03375489375154199,-0.006615228479758897,0.34999999999999987
16.54,2.69764953592834,0.017353973303506656,1.1185205339298487,1.0,0.29621932618543795,0.1911289491248174,0.04826881450886902,-0.03375489375154199,-0.006615228479758897,0.34999999999999987
16.56,2.69964953592834,0.017353973303506656,1.1187205339298487,1.0,0.29621932618543795,0.1911289491248174,0.04826881450886902,-0.03375489375154199,-0.006615228479758897,0.34999999999999987
16.580000000000002,2.7016495359283397,0.017353973303506656,1.1189205339298487,1.0,0.29621932618543795,0.1911289491248174,0.04826881450886902,-0.03375489375154199,-0.006615228479758897,0.34999999999999987
16.6,2.7036495359283395,0.017353973303506656,1.1191205339298487,1.0,0.29621932618543795,0.1911289491248174,0.04826881450886902,-0.03375489375154199,-0.006615228479758897,0.34999999999999987
16.62,2.7056495359283392,0.017353973303506656,1.1193205339298486,1.0,0.29621932618543795,0.1911289491248174,0.04826881450886902,-0.03375489375154199,-0.006615228479758897,0.34999999999999987
16.64,2.707649535928339,0.017353973303506656,1.1195205339298486,1.0,0.29621932618543795,0.1911289491248174,0.04826881450886902,-0.03375489375154199,-0.006615228479758897,0.34999999999999987
16.66,2.709649535928339,0.017353973303506656,1.1197205339298486,1.0,0.29621932618543795,0.1911289491248174,0.04826881450886902,-0.03375489375154199,-0.006615228479758897,0.34999999999999987
16.68,2.7116495359283386,0.017353973303506656,1.1199205339298486,1.0,0.29621932618543795,0.1911289491248174,0.04826881450886902,-0.03375489375154199,-0.006615228479758897,0.34999999999999987
16.7,2.7136495359283384,0.017353973303506656,1.1201205339298486,1.0,0.29621932618543795,0.1911289491248174,0.04826881450886902,-0.03375489375154199,-0.006615228479758897,0.34999999999999987
16.72,2.715649535928338,0.017353973303506656,1.1203205339298485,1.0,0.29621932618543795,0.1911289491248174,0.04826881450886902,-0.03375489375154199,-0.006615228479758897,0.34999999999999987
16.740000000000002,2.717649535928338,0.017353973303506656,1.1205205339298485,1.0,0.29621932618543795,0.1911289491248174,0.04826881450886902,-0.03375489375154199,-0.006615228479758897,0.34999999999999987
16.76,2.7196495359283377,0.017353973303506656,1.1207205339298485,1.0,0.29621932618543795,0.1911289491248174,0.04826881450886902,-0.03375489375154199,-0.006615228479758897,0.34999999999999987
16.78,2.7216495359283375,0.017353973303506656,1.1209205339298485,1.0,0.29621932618543795,0.1911289491248174,0.04826881450886902,-0.03375489375154199,-0.006615228479758897,0.34999999999999987
16.8,2.7236495359283373,0.017353973303506656,1.1211205339298485,1.0,0.29621932618543795,0.1911289491248174,0.04826881450886902,-0.03375489375154199,-0.006615228479758897,0.34999999999999987
16.82,2.725649535928337,0.017353973303506656,1.1213205339298484,1.0,0.29621932618543795,0.1911289491248174,0.04826881450886902,-0.03375489375154199,-0.006615228479758897,0.34999999999999987
16.84,2.727649535928337,0.017353973303506656,1.1215205339298484,1.0,0.29621932618543795,0.1911289491248174,0.04826881450886902,-0.03375489375154199,-0.006615228479758897,0.34999999999999987
16.86,2.7296495359283366,0.017353973303506656,1.1217205339298484,1.0,0.29621932618543795,0.1911289491248174,0.04826881450886902,-0.03375489375154199,-0.006615228479758897,0.34999999999999987
16.88,2.7316495359283364,0.017353973303506656,1.1219205339298484,1.0,0.29621932618543795,0.1911289491248174,0.04826881450886902,-0.03375489375154199,-0.006615228479758897,0.34999999999999987
16.9,2.733649535928336,0.017353973303506656,1.1221205339298483,1.0,0.29621932618543795,0.1911289491248174,0.04826881450886902,-0.03375489375154199,-0.006615228479758897,0.34999999999999987
16.92,2.735649535928336,0.017353973303506656,1.1223205339298483,1.0,0.29621932618543795,0.1911289491248174,0.04826881450886902,-0.03375489375154199,-0.006615228479758897,0.34999999999999987
16.94,2.7376495359283357,0.017353973303506656,1.1225205339298483,1.0,0.29621932618543795,0.1911289491248174,0.04826881450886902,-0.03375489375154199,-0.006615228479758897,0.34999999999999987
16.96,2.7396495359283355,0.017353973303506656,1.1227205339298483,1.0,0.29621932618543795,0.1911289491248174,0.04826881450886902,-0.03375489375154199,-0.006615228479758897,0.34999999999999987
16.98,2.7416495359283353,0.017353973303506656,1.1229205339298483,1.0,0.29621932618543795,0.1911289491248174,0.04826881450886902,-0.03375489375154199,-0.006615228479758897,0.34999999999999987
17.0,2.743649535928335,0.017353973303506656,1.1231205339298482,1.0,0.29621932618543795,0.1911289491248174,0.04826881450886902,-0.03375489375154199,-0.006615228479758897,0.34999999999999987
17.02,2.745649535928335,0.017353973303506656,1.1233205339298482,1.0,0.29621932618543795,0.1911289491248174,0.04826881450886902,-0.03375489375154199,-0.006615228479758897,0.34999999999999987
17.04,2.7476495359283346,0.017353973303506656,1.1235205339298482,1.0,0.29621932618543795,0.1911289491248174,0.04826881450886902,-0.03375489375154199,-0.006615228479758897,0.34999999999999987
17.06,2.7496495359283344,0.017353973303506656,1.1237205339298482,1.0,0.29621932618543795,0.1911289491248174,0.04826881450886902,-0.03375489375154199,-0.006615228479758897,0.34999999999999987
17.080000000000002,2.751649535928334,0.017353973303506656,1.1239205339298481,1.0,0.29621932618543795,0.1911289491248174,0.04826881450886902,-0.03375489375154199,-0.006615228479758897,0.34999999999999987
17.1,2.753649535928334,0.017353973303506656,1.1241205339298481,1.0,0.29621932618543795,0.1911289491248174,0.04826881450886902,-0.03375489375154199,-0.006615228479758897,0.34999999999999987
17.12,2.7556495359283337,0.017353973303506656,1.124320533929848,1.0,0.29621932618543795,0.1911289491248174,0.04826881450886902,-0.03375489375154199,-0.006615228479758897,0.34999999999999987
17.14,2.7576495359283335,0.017353973303506656,1.124520533929848,1.0,0.29621932618543795,0.1911289491248174,0.04826881450886902,-0.03375489375154199,-0.006615228479758897,0.34999999999999987
17.16,2.7596495359283333,0.017353973303506656,1.124720533929848,1.0,0.29621932618543795,0.1911289491248174,0.04826881450886902,-0.03375489375154199,-0.006615228479758897,0.34999999999999987
17.18,2.761649535928333,0.017353973303506656,1.124920533929848,1.0,0.29621932618543795,0.1911289491248174,0.04826881450886902,-0.03375489375154199,-0.006615228479758897,0.34999999999999987
17.2,2.763649535928333,0.017353973303506656,1.125120533929848,1.0,0.29621932618543795,0.1911289491248174,0.04826881450886902,-0.03375489375154199,-0.006615228479758897,0.34999999999999987
17.22,2.7656495359283326,0.017353973303506656,1.125320533929848,1.0,0.29621932618543795,0.1911289491248174,0.04826881450886902,-0.03375489375154199,-0.006615228479758897,0.34999999999999987
17.240000000000002,2.7676495359283324,0.017353973303506656,1.125520533929848,1.0,0.29621932618543795,0.1911289491248174,0.04826881450886902,-0.03375489375154199,-0.006615228479758897,0.34999999999999987
17.26,2.769649535928332,0.017353973303506656,1.125720533929848,1.0,0.29621932618543795,0.1911289491248174,0.04826881450886902,-0.03375489375154199,-0.006615228479758897,0.34999999999999987
17.28,2.771649535928332,0.017353973303506656,1.125920533929848,1.0,0.29621932618543795,0.1911289491248174,0.04826881450886902,-0.03375489375154199,-0.006615228479758897,0.34999999999999987
17.3,2.7736495359283317,0.017353973303506656,1.126120533929848,1.0,0.29621932618543795,0.1911289491248174,0.04826881450886902,-0.03375489375154199,-0.006615228479758897,0.34999999999999987
17.32,2.7756495359283315,0.017353973303506656,1.1263205339298479,1.0,0.29621932618543795,0.1911289491248174,0.04826881450886902,-0.03375489375154199,-0.006615228479758897,0.34999999999999987
17.34,2.7776495359283313,0.017353973303506656,1.1265205339298479,1.0,0.29621932618543795,0.1911289491248174,0.04826881450886902,-0.03375489375154199,-0.006615228479758897,0.34999999999999987
17.36,2.779649535928331,0.017353973303506656,1.1267205339298478,1.0,0.29621932618543795,0.1911289491248174,0.04826881450886902,-0.03375489375154199,-0.006615228479758897,0.34999999999999987
17.38,2.781649535928331,0.017353973303506656,1.1269205339298478,1.0,0.29621932618543795,0.1911289491248174,0.04826881450886902,-0.03375489375154199,-0.006615228479758897,0.34999999999999987
17.400000000000002,2.7836495359283306,0.017353973303506656,1.1271205339298478,1.0,0.29621932618543795,0.1911289491248174,0.04826881450886902,-0.03375489375154199,-0.006615228479758897,0.34999999999999987
17.42,2.7856495359283304,0.017353973303506656,1.1273205339298478,1.0,0.29621932618543795,0.1911289491248174,0.04826881450886902,-0.03375489375154199,-0.006615228479758897,0.34999999999999987
17.44,2.78764953592833,0.017353973303506656,1.1275205339298477,1.0,0.29621932618543795,0.1911289491248174,0.04826881450886902,-0.03375489375154199,-0.006615228479758897,0.34999999999999987
17.46,2.78964953592833,0.017353973303506656,1.1277205339298477,1.0,0.29621932618543795,0.1911289491248174,0.04826881450886902,-0.03375489375154199,-0.006615228479758897,0.34999999999999987
17.48,2.7916495359283298,0.017353973303506656,1.1279205339298477,1.0,0.29621932618543795,0.1911289491248174,0.04826881450886902,-0.03375489375154199,-0.006615228479758897,0.34999999999999987
17.5,2.7936495359283295,0.017353973303506656,1.1281205339298477,1.0,0.29621932618543795,0.1911289491248174,0.04826881450886902,-0.03375489375154199,-0.006615228479758897,0.34999999999999987
17.52,2.7956495359283293,0.017353973303506656,1.1283205339298477,1.0,0.29621932618543795,0.1911289491248174,0.04826881450886902,-0.03375489375154199,-0.006615228479758897,0.34999999999999987
17.54,2.797649535928329,0.017353973303506656,1.1285205339298476,1.0,0.29621932618543795,0.1911289491248174,0.04826881450886902,-0.03375489375154199,-0.006615228479758897,0.34999999999999987
17.56,2.799649535928329,0.017353973303506656,1.1287205339298476,1.0,0.29621932618543795,0.1911289491248174,0.04826881450886902,-0.03375489375154199,-0.006615228479758897,0.34999999999999987
17.580000000000002,2.8016495359283287,0.017353973303506656,1.1289205339298476,1.0,0.29621932618543795,0.1911289491248174,0.04826881450886902,-0.03375489375154199,-0.006615228479758897,0.34999999999999987
17.6,2.8036495359283284,0.017353973303506656,1.1291205339298476,1.0,0.29621932618543795,0.1911289491248174,0.04826881450886902,-0.03375489375154199,-0.006615228479758897,0.34999999999999987
17.62,2.805649535928328,0.017353973303506656,1.1293205339298475,1.0,0.29621932618543795,0.1911289491248174,0.04826881450886902,-0.03375489375154199,-0.006615228479758897,0.34999999999999987
17.64,2.807649535928328,0.017353973303506656,1.1295205339298475,1.0,0.29621932618543795,0.1911289491248174,0.04826881450886902,-0.03375489375154199,-0.006615228479758897,0.34999999999999987
17.66,2.809649535928328,0.017353973303506656,1.1297205339298475,1.0,0.29621932618543795,0.1911289491248174,0.04826881450886902,-0.03375489375154199,-0.006615228479758897,0.34999999999999987
17.68,2.8116495359283276,0.017353973303506656,1.1299205339298475,1.0,0.29621932618543795,0.1911289491248174,0.04826881450886902,-0.03375489375154199,-0.006615228479758897,0.34999999999999987
17.7,2.8136495359283273,0.017353973303506656,1.1301205339298475,1.0,0.29621932618543795,0.1911289491248174,0.04826881450886902,-0.03375489375154199,-0.006615228479758897,0.34999999999999987
17.72,2.815649535928327,0.017353973303506656,1.1303205339298474,1.0,0.29621932618543795,0.1911289491248174,0.04826881450886902,-0.03375489375154199,-0.006615228479758897,0.34999999999999987
17.740000000000002,2.817649535928327,0.017353973303506656,1.1305205339298474,1.0,0.29621932618543795,0.1911289491248174,0.04826881450886902,-0.03375489375154199,-0.006615228479758897,0.34999999999999987
17.76,2.8196495359283267,0.017353973303506656,1.1307205339298474,1.0,0.29621932618543795,0.1911289491248174,0.04826881450886902,-0.03375489375154199,-0.006615228479758897,0.34999999999999987
17.78,2.8216495359283265,0.017353973303506656,1.1309205339298474,1.0,0.29621932618543795,0.1911289491248174,0.04826881450886902,-0.03375489375154199,-0.006615228479758897,0.34999999999999987
17.8,2.8236495359283262,0.017353973303506656,1.1311205339298473,1.0,0.29621932618543795,0.1911289491248174,0.04826881450886902,-0.03375489375154199,-0.006615228479758897,0.34999999999999987
17.82,2.825649535928326,0.017353973303506656,1.1313205339298473,1.0,0.29621932618543795,0.1911289491248174,0.04826881450886902,-0.03375489375154199,-0.006615228479758897,0.34999999999999987
17.84,2.827649535928326,0.017353973303506656,1.1315205339298473,1.0,0.29621932618543795,0.1911289491248174,0.04826881450886902,-0.03375489375154199,-0.006615228479758897,0.34999999999999987
17.86,2.8296495359283256,0.017353973303506656,1.1317205339298473,1.0,0.29621932618543795,0.1911289491248174,0.04826881450886902,-0.03375489375154199,-0.006615228479758897,0.34999999999999987
17.88,2.8316495359283254,0.017353973303506656,1.1319205339298473,1.0,0.29621932618543795,0.1911289491248174,0.04826881450886902,-0.03375489375154199,-0.006615228479758897,0.34999999999999987
17.900000000000002,2.833649535928325,0.017353973303506656,1.1321205339298472,1.0,0.29621932618543795,0.1911289491248174,0.04826881450886902,-0.03375489375154199,-0.006615228479758897,0.34999999999999987
17.92,2.835649535928325,0.017353973303506656,1.1323205339298472,1.0,0.29621932618543795,0.1911289491248174,0.04826881450886902,-0.03375489375154199,-0.006615228479758897,0.34999999999999987
17.94,2.8376495359283247,0.017353973303506656,1.1325205339298472,1.0,0.29621932618543795,0.1911289491248174,0.04826881450886902,-0.03375489375154199,-0.006615228479758897,0.34999999999999987
17.96,2.8396495359283245,0.017353973303506656,1.1327205339298472,1.0,0.29621932618543795,0.1911289491248174,0.04826881450886902,-0.03375489375154199,-0.006615228479758897,0.34999999999999987
17.98,2.8416495359283243,0.017353973303506656,1.1329205339298472,1.0,0.29621932618543795,0.1911289491248174,0.04826881450886902,-0.03375489375154199,-0.006615228479758897,0.34999999999999987
18.0,2.843649535928324,0.017353973303506656,1.1331205339298471,1.0,0.29621932618543795,0.1911289491248174,0.04826881450886902,-0.03375489375154199,-0.006615228479758897,0.34999999999999987
18.02,2.845649535928324,0.017353973303506656,1.133320533929847,1.0,0.29621932618543795,0.1911289491248174,0.04826881450886902,-0.03375489375154199,-0.006615228479758897,0.34999999999999987
18.04,2.8476495359283236,0.017353973303506656,1.133520533929847,1.0,0.29621932618543795,0.1911289491248174,0.04826881450886902,-0.03375489375154199,-0.006615228479758897,0.34999999999999987
18.06,2.8496495359283234,0.017353973303506656,1.133720533929847,1.0,0.29621932618543795,0.1911289491248174,0.04826881450886902,-0.03375489375154199,-0.006615228479758897,0.34999999999999987
18.080000000000002,2.851649535928323,0.017353973303506656,1.133920533929847,1.0,0.29621932618543795,0.1911289491248174,0.04826881450886902,-0.03375489375154199,-0.006615228479758897,0.34999999999999987
18.1,2.853649535928323,0.017353973303506656,1.134120533929847,1.0,0.29621932618543795,0.1911289491248174,0.04826881450886902,-0.03375489375154199,-0.006615228479758897,0.34999999999999987
18.12,2.8556495359283227,0.017353973303506656,1.134320533929847,1.0,0.29621932618543795,0.1911289491248174,0.04826881450886902,-0.03375489375154199,-0.006615228479758897,0.34999999999999987
18.14,2.8576495359283225,0.017353973303506656,1.134520533929847,1.0,0.29621932618543795,0.1911289491248174,0.04826881450886902,-0.03375489375154199,-0.006615228479758897,0.34999999999999987
18.16,2.8596495359283223,0.017353973303506656,1.134720533929847,1.0,0.29621932618543795,0.1911289491248174,0.04826881450886902,-0.03375489375154199,-0.006615228479758897,0.34999999999999987
18.18,2.861649535928322,0.017353973303506656,1.134920533929847,1.0,0.29621932618543795,0.1911289491248174,0.04826881450886902,-0.03375489375154199,-0.006615228479758897,0.34999999999999987
18.2,2.863649535928322,0.017353973303506656,1.135120533929847,1.0,0.29621932618543795,0.1911289491248174,0.04826881450886902,-0.03375489375154199,-0.006615228479758897,0.34999999999999987
18.22,2.8656495359283216,0.017353973303506656,1.1353205339298469,1.0,0.29621932618543795,0.1911289491248174,0.04826881450886902,-0.03375489375154199,-0.006615228479758897,0.34999999999999987
18.240000000000002,2.8676495359283214,0.017353973303506656,1.1355205339298469,1.0,0.29621932618543795,0.1911289491248174,0.04826881450886902,-0.03375489375154199,-0.006615228479758897,0.34999999999999987
18.26,2.869649535928321,0.017353973303506656,1.1357205339298468,1.0,0.29621932618543795,0.1911289491248174,0.04826881450886902,-0.03375489375154199,-0.006615228479758897,0.34999999999999987
18.28,2.871649535928321,0.017353973303506656,1.1359205339298468,1.0,0.29621932618543795,0.1911289491248174,0.04826881450886902,-0.03375489375154199,-0.006615228479758897,0.34999999999999987
18.3,2.8736495359283207,0.017353973303506656,1.1361205339298468,1.0,0.29621932618543795,0.1911289491248174,0.04826881450886902,-0.03375489375154199,-0.006615228479758897,0.34999999999999987
18.32,2.8756495359283205,0.017353973303506656,1.1363205339298468,1.0,0.29621932618543795,0.1911289491248174,0.04826881450886902,-0.03375489375154199,-0.006615228479758897,0.34999999999999987
18.34,2.8776495359283203,0.017353973303506656,1.1365205339298468,1.0,0.29621932618543795,0.1911289491248174,0.04826881450886902,-0.03375489375154199,-0.006615228479758897,0.34999999999999987
18.36,2.87964953592832,0.017353973303506656,1.1367205339298467,1.0,0.29621932618543795,0.1911289491248174,0.04826881450886902,-0.03375489375154199,-0.006615228479758897,0.34999999999999987
18.38,2.88164953592832,0.017353973303506656,1.1369205339298467,1.0,0.29621932618543795,0.1911289491248174,0.04826881450886902,-0.03375489375154199,-0.006615228479758897,0.34999999999999987
18.400000000000002,2.8836495359283196,0.017353973303506656,1.1371205339298467,1.0,0.29621932618543795,0.1911289491248174,0.04826881450886902,-0.03375489375154199,-0.006615228479758897,0.34999999999999987
18.42,2.8856495359283194,0.017353973303506656,1.1373205339298467,1.0,0.29621932618543795,0.1911289491248174,0.04826881450886902,-0.03375489375154199,-0.006615228479758897,0.34999999999999987
18.44,2.887649535928319,0.017353973303506656,1.1375205339298466,1.0,0.29621932618543795,0.1911289491248174,0.04826881450886902,-0.03375489375154199,-0.006615228479758897,0.34999999999999987
18.46,2.889649535928319,0.017353973303506656,1.1377205339298466,1.0,0.29621932618543795,0.1911289491248174,0.04826881450886902,-0.03375489375154199,-0.006615228479758897,0.34999999999999987
18.48,2.8916495359283187,0.017353973303506656,1.1379205339298466,1.0,0.29621932618543795,0.1911289491248174,0.04826881450886902,-0.03375489375154199,-0.006615228479758897,0.34999999999999987
18.5,2.8936495359283185,0.017353973303506656,1.1381205339298466,1.0,0.29621932618543795,0.1911289491248174,0.04826881450886902,-0.03375489375154199,-0.006615228479758897,0.34999999999999987
18.52,2.8956495359283183,0.017353973303506656,1.1383205339298466,1.0,0.29621932618543795,0.1911289491248174,0.04826881450886902,-0.03375489375154199,-0.006615228479758897,0.34999999999999987
18.54,2.897649535928318,0.017353973303506656,1.1385205339298465,1.0,0.29621932618543795,0.1911289491248174,0.04826881450886902,-0.03375489375154199,-0.006615228479758897,0.34999999999999987
18.56,2.899649535928318,0.017353973303506656,1.1387205339298465,1.0,0.29621932618543795,0.1911289491248174,0.04826881450886902,-0.03375489375154199,-0.006615228479758897,0.34999999999999987
18.580000000000002,2.9016495359283176,0.017353973303506656,1.1389205339298465,1.0,0.29621932618543795,0.1911289491248174,0.04826881450886902,-0.03375489375154199,-0.006615228479758897,0.34999999999999987
18.6,2.9036495359283174,0.017353973303506656,1.1391205339298465,1.0,0.29621932618543795,0.1911289491248174,0.04826881450886902,-0.03375489375154199,-0.006615228479758897,0.34999999999999987
18.62,2.905649535928317,0.017353973303506656,1.1393205339298464,1.0,0.29621932618543795,0.1911289491248174,0.04826881450886902,-0.03375489375154199,-0.006615228479758897,0.34999999999999987
18.64,2.907649535928317,0.017353973303506656,1.1395205339298464,1.0,0.29621932618543795,0.1911289491248174,0.04826881450886902,-0.03375489375154199,-0.006615228479758897,0.34999999999999987
18.66,2.9096495359283168,0.017353973303506656,1.1397205339298464,1.0,0.29621932618543795,0.1911289491248174,0.04826881450886902,-0.03375489375154199,-0.006615228479758897,0.34999999999999987
18.68,2.9116495359283165,0.017353973303506656,1.1399205339298464,1.0,0.29621932618543795,0.1911289491248174,0.04826881450886902,-0.03375489375154199,-0.006615228479758897,0.34999999999999987
18.7,2.9136495359283163,0.017353973303506656,1.1401205339298464,1.0,0.29621932618543795,0.1911289491248174,0.04826881450886902,-0.03375489375154199,-0.006615228479758897,0.34999999999999987
18.72,2.915649535928316,0.017353973303506656,1.1403205339298463,1.0,0.29621932618543795,0.1911289491248174,0.04826881450886902,-0.03375489375154199,-0.006615228479758897,0.34999999999999987
18.740000000000002,2.917649535928316,0.017353973303506656,1.1405205339298463,1.0,0.29621932618543795,0.1911289491248174,0.04826881450886902,-0.03375489375154199,-0.006615228479758897,0.34999999999999987
18.76,2.9196495359283157,0.017353973303506656,1.1407205339298463,1.0,0.29621932618543795,0.1911289491248174,0.04826881450886902,-0.03375489375154199,-0.006615228479758897,0.34999999999999987
18.78,2.9216495359283154,0.017353973303506656,1.1409205339298463,1.0,0.29621932618543795,0.1911289491248174,0.04826881450886902,-0.03375489375154199,-0.006615228479758897,0.34999999999999987
18.8,2.9236495359283152,0.017353973303506656,1.1411205339298462,1.0,0.29621932618543795,0.1911289491248174,0.04826881450886902,-0.03375489375154199,-0.006615228479758897,0.34999999999999987
18.82,2.925649535928315,0.017353973303506656,1.1413205339298462,1.0,0.29621932618543795,0.1911289491248174,0.04826881450886902,-0.03375489375154199,-0.006615228479758897,0.34999999999999987
18.84,2.927649535928315,0.017353973303506656,1.1415205339298462,1.0,0.29621932618543795,0.1911289491248174,0.04826881450886902,-0.03375489375154199,-0.006615228479758897,0.34999999999999987
18.86,2.9296495359283146,0.017353973303506656,1.1417205339298462,1.0,0.29621932618543795,0.1911289491248174,0.04826881450886902,-0.03375489375154199,-0.006615228479758897,0.34999999999999987
18.88,2.9316495359283143,0.017353973303506656,1.1419205339298462,1.0,0.29621932618543795,0.1911289491248174,0.04826881450886902,-0.03375489375154199,-0.006615228479758897,0.34999999999999987
18.900000000000002,2.933649535928314,0.017353973303506656,1.1421205339298461,1.0,0.29621932618543795,0.1911289491248174,0.04826881450886902,-0.03375489375154199,-0.006615228479758897,0.34999999999999987
18.92,2.935649535928314,0.017353973303506656,1.1423205339298461,1.0,0.29621932618543795,0.1911289491248174,0.04826881450886902,-0.03375489375154199,-0.006615228479758897,0.34999999999999987
18.94,2.9376495359283137,0.017353973303506656,1.142520533929846,1.0,0.29621932618543795,0.1911289491248174,0.04826881450886902,-0.03375489375154199,-0.006615228479758897,0.34999999999999987
18.96,2.9396495359283135,0.017353973303506656,1.142720533929846,1.0,0.29621932618543795,0.1911289491248174,0.04826881450886902,-0.03375489375154199,-0.006615228479758897,0.34999999999999987
18.98,2.9416495359283132,0.017353973303506656,1.142920533929846,1.0,0.29621932618543795,0.1911289491248174,0.04826881450886902,-0.03375489375154199,-0.006615228479758897,0.34999999999999987
19.0,2.943649535928313,0.017353973303506656,1.143120533929846,1.0,0.29621932618543795,0.1911289491248174,0.04826881450886902,-0.03375489375154199,-0.006615228479758897,0.34999999999999987
19.02,2.945649535928313,0.017353973303506656,1.143320533929846,1.0,0.29621932618543795,0.1911289491248174,0.04826881450886902,-0.03375489375154199,-0.006615228479758897,0.34999999999999987
19.04,2.9476495359283126,0.017353973303506656,1.143520533929846,1.0,0.29621932618543795,0.1911289491248174,0.04826881450886902,-0.03375489375154199,-0.006615228479758897,0.34999999999999987
19.06,2.9496495359283124,0.017353973303506656,1.143720533929846,1.0,0.29621932618543795,0.1911289491248174,0.04826881450886902,-0.03375489375154199,-0.006615228479758897,0.34999999999999987
19.080000000000002,2.951649535928312,0.017353973303506656,1.143920533929846,1.0,0.29621932618543795,0.1911289491248174,0.04826881450886902,-0.03375489375154199,-0.006615228479758897,0.34999999999999987
19.1,2.953649535928312,0.017353973303506656,1.144120533929846,1.0,0.29621932618543795,0.1911289491248174,0.04826881450886902,-0.03375489375154199,-0.006615228479758897,0.34999999999999987
19.12,2.9556495359283117,0.017353973303506656,1.144320533929846,1.0,0.29621932618543795,0.1911289491248174,0.04826881450886902,-0.03375489375154199,-0.006615228479758897,0.34999999999999987
19.14,2.9576495359283115,0.017353973303506656,1.1445205339298459,1.0,0.29621932618543795,0.1911289491248174,0.04826881450886902,-0.03375489375154199,-0.006615228479758897,0.34999999999999987
19.16,2.9596495359283113,0.017353973303506656,1.1447205339298459,1.0,0.29621932618543795,0.1911289491248174,0.04826881450886902,-0.03375489375154199,-0.006615228479758897,0.34999999999999987
19.18,2.961649535928311,0.017353973303506656,1.1449205339298458,1.0,0.29621932618543795,0.1911289491248174,0.04826881450886902,-0.03375489375154199,-0.006615228479758897,0.34999999999999987
19.2,2.963649535928311,0.017353973303506656,1.1451205339298458,1.0,0.29621932618543795,0.1911289491248174,0.04826881450886902,-0.03375489375154199,-0.006615228479758897,0.34999999999999987
19.22,2.9656495359283106,0.017353973303506656,1.1453205339298458,1.0,0.29621932618543795,0.1911289491248174,0.04826881450886902,-0.03375489375154199,-0.006615228479758897,0.34999999999999987
19.240000000000002,2.9676495359283104,0.017353973303506656,1.1455205339298458,1.0,0.29621932618543795,0.1911289491248174,0.04826881450886902,-0.03375489375154199,-0.006615228479758897,0.34999999999999987
19.26,2.96964953592831,0.017353973303506656,1.1457205339298457,1.0,0.29621932618543795,0.1911289491248174,0.04826881450886902,-0.03375489375154199,-0.006615228479758897,0.34999999999999987
19.28,2.97164953592831,0.017353973303506656,1.1459205339298457,1.0,0.29621932618543795,0.1911289491248174,0.04826881450886902,-0.03375489375154199,-0.006615228479758897,0.34999999999999987
19.3,2.9736495359283097,0.017353973303506656,1.1461205339298457,1.0,0.29621932618543795,0.1911289491248174,0.04826881450886902,-0.03375489375154199,-0.006615228479758897,0.34999999999999987
19.32,2.9756495359283095,0.017353973303506656,1.1463205339298457,1.0,0.29621932618543795,0.1911289491248174,0.04826881450886902,-0.03375489375154199,-0.006615228479758897,0.34999999999999987
19.34,2.9776495359283093,0.017353973303506656,1.1465205339298457,1.0,0.29621932618543795,0.1911289491248174,0.04826881450886902,-0.03375489375154199,-0.006615228479758897,0.34999999999999987
19.36,2.979649535928309,0.017353973303506656,1.1467205339298456,1.0,0.29621932618543795,0.1911289491248174,0.04826881450886902,-0.03375489375154199,-0.006615228479758897,0.34999999999999987
19.38,2.981649535928309,0.017353973303506656,1.1469205339298456,1.0,0.29621932618543795,0.1911289491248174,0.04826881450886902,-0.03375489375154199,-0.006615228479758897,0.34999999999999987
19.400000000000002,2.9836495359283086,0.017353973303506656,1.1471205339298456,1.0,0.29621932618543795,0.1911289491248174,0.04826881450886902,-0.03375489375154199,-0.006615228479758897,0.34999999999999987
19.42,2.9856495359283084,0.017353973303506656,1.1473205339298456,1.0,0.29621932618543795,0.1911289491248174,0.04826881450886902,-0.03375489375154199,-0.006615228479758897,0.34999999999999987
19.44,2.987649535928308,0.017353973303506656,1.1475205339298455,1.0,0.29621932618543795,0.1911289491248174,0.04826881450886902,-0.03375489375154199,-0.006615228479758897,0.34999999999999987
19.46,2.989649535928308,0.017353973303506656,1.1477205339298455,1.0,0.29621932618543795,0.1911289491248174,0.04826881450886902,-0.03375489375154199,-0.006615228479758897,0.34999999999999987
19.48,2.9916495359283077,0.017353973303506656,1.1479205339298455,1.0,0.29621932618543795,0.1911289491248174,0.04826881450886902,-0.03375489375154199,-0.006615228479758897,0.34999999999999987
19.5,2.9936495359283075,0.017353973303506656,1.1481205339298455,1.0,0.29621932618543795,0.1911289491248174,0.04826881450886902,-0.03375489375154199,-0.006615228479758897,0.34999999999999987
19.52,2.9956495359283073,0.017353973303506656,1.1483205339298455,1.0,0.29621932618543795,0.1911289491248174,0.04826881450886902,-0.03375489375154199,-0.006615228479758897,0.34999999999999987
19.54,2.997649535928307,0.017353973303506656,1.1485205339298454,1.0,0.29621932618543795,0.1911289491248174,0.04826881450886902,-0.03375489375154199,-0.006615228479758897,0.34999999999999987
19.56,2.999649535928307,0.017353973303506656,1.1487205339298454,1.0,0.29621932618543795,0.1911289491248174,0.04826881450886902,-0.03375489375154199,-0.006615228479758897,0.34999999999999987
19.580000000000002,3.0016495359283066,0.017353973303506656,1.1489205339298454,1.0,0.29621932618543795,0.1911289491248174,0.04826881450886902,-0.03375489375154199,-0.006615228479758897,0.34999999999999987
19.6,3.0036495359283064,0.017353973303506656,1.1491205339298454,1.0,0.29621932618543795,0.1911289491248174,0.04826881450886902,-0.03375489375154199,-0.006615228479758897,0.34999999999999987
19.62,3.005649535928306,0.017353973303506656,1.1493205339298453,1.0,0.29621932618543795,0.1911289491248174,0.04826881450886902,-0.03375489375154199,-0.006615228479758897,0.34999999999999987
19.64,3.007649535928306,0.017353973303506656,1.1495205339298453,1.0,0.29621932618543795,0.1911289491248174,0.04826881450886902,-0.03375489375154199,-0.006615228479758897,0.34999999999999987
19.66,3.0096495359283058,0.017353973303506656,1.1497205339298453,1.0,0.29621932618543795,0.1911289491248174,0.04826881450886902,-0.03375489375154199,-0.006615228479758897,0.34999999999999987
19.68,3.0116495359283055,0.017353973303506656,1.1499205339298453,1.0,0.29621932618543795,0.1911289491248174,0.04826881450886902,-0.03375489375154199,-0.006615228479758897,0.34999999999999987
19.7,3.0136495359283053,0.017353973303506656,1.1501205339298453,1.0,0.29621932618543795,0.1911289491248174,0.04826881450886902,-0.03375489375154199,-0.006615228479758897,0.34999999999999987
19.72,3.015649535928305,0.017353973303506656,1.1503205339298452,1.0,0.29621932618543795,0.1911289491248174,0.04826881450886902,-0.03375489375154199,-0.006615228479758897,0.34999999999999987
19.740000000000002,3.017649535928305,0.017353973303506656,1.1505205339298452,1.0,0.29621932618543795,0.1911289491248174,0.04826881450886902,-0.03375489375154199,-0.006615228479758897,0.34999999999999987
19.76,3.0196495359283047,0.017353973303506656,1.1507205339298452,1.0,0.29621932618543795,0.1911289491248174,0.04826881450886902,-0.03375489375154199,-0.006615228479758897,0.34999999999999987
19.78,3.0216495359283044,0.017353973303506656,1.1509205339298452,1.0,0.29621932618543795,0.1911289491248174,0.04826881450886902,-0.03375489375154199,-0.006615228479758897,0.34999999999999987
19.8,3.023649535928304,0.017353973303506656,1.1511205339298451,1.0,0.29621932618543795,0.1911289491248174,0.04826881450886902,-0.03375489375154199,-0.006615228479758897,0.34999999999999987
19.82,3.025649535928304,0.017353973303506656,1.1513205339298451,1.0,0.29621932618543795,0.1911289491248174,0.04826881450886902,-0.03375489375154199,-0.006615228479758897,0.34999999999999987
19.84,3.0276495359283038,0.017353973303506656,1.151520533929845,1.0,0.29621932618543795,0.1911289491248174,0.04826881450886902,-0.03375489375154199,-0.006615228479758897,0.34999999999999987
19.86,3.0296495359283035,0.017353973303506656,1.151720533929845,1.0,0.29621932618543795,0.1911289491248174,0.04826881450886902,-0.03375489375154199,-0.006615228479758897,0.34999999999999987
19.88,3.0316495359283033,0.017353973303506656,1.151920533929845,1.0,0.29621932618543795,0.1911289491248174,0.04826881450886902,-0.03375489375154199,-0.006615228479758897,0.34999999999999987
19.900000000000002,3.033649535928303,0.017353973303506656,1.152120533929845,1.0,0.29621932618543795,0.1911289491248174,0.04826881450886902,-0.03375489375154199,-0.006615228479758897,0.34999999999999987
19.92,3.035649535928303,0.017353973303506656,1.152320533929845,1.0,0.29621932618543795,0.1911289491248174,0.04826881450886902,-0.03375489375154199,-0.006615228479758897,0.34999999999999987
19.94,3.0376495359283027,0.017353973303506656,1.152520533929845,1.0,0.29621932618543795,0.1911289491248174,0.04826881450886902,-0.03375489375154199,-0.006615228479758897,0.34999999999999987
19.96,3.0396495359283024,0.017353973303506656,1.152720533929845,1.0,0.29621932618543795,0.1911289491248174,0.04826881450886902,-0.03375489375154199,-0.006615228479758897,0.34999999999999987
19.98,3.0416495359283022,0.017353973303506656,1.152920533929845,1.0,0.29621932618543795,0.1911289491248174,0.04826881450886902,-0.03375489375154199,-0.006615228479758897,0.34999999999999987
20.0,3.043649535928302,0.017353973303506656,1.153120533929845,1.0,0.29621932618543795,0.1911289491248174,0.04826881450886902,-0.03375489375154199,-0.006615228479758897,0.34999999999999987
20.02,3.045649535928302,0.017353973303506656,1.153320533929845,1.0,0.29621932618543795,0.1911289491248174,0.04826881450886902,-0.03375489375154199,-0.006615228479758897,0.34999999999999987
20.04,3.0476495359283016,0.017353973303506656,1.1535205339298449,1.0,0.29621932618543795,0.1911289491248174,0.04826881450886902,-0.03375489375154199,-0.006615228479758897,0.34999999999999987
20.06,3.0496495359283013,0.017353973303506656,1.1537205339298449,1.0,0.29621932618543795,0.1911289491248174,0.04826881450886902,-0.03375489375154199,-0.006615228479758897,0.34999999999999987
20.080000000000002,3.051649535928301,0.017353973303506656,1.1539205339298448,1.0,0.29621932618543795,0.1911289491248174,0.04826881450886902,-0.03375489375154199,-0.006615228479758897,0.34999999999999987
20.1,3.053649535928301,0.017353973303506656,1.1541205339298448,1.0,0.29621932618543795,0.1911289491248174,0.04826881450886902,-0.03375489375154199,-0.006615228479758897,0.34999999999999987
20.12,3.0556495359283007,0.017353973303506656,1.1543205339298448,1.0,0.29621932618543795,0.1911289491248174,0.04826881450886902,-0.03375489375154199,-0.006615228479758897,0.34999999999999987
20.14,3.0576495359283005,0.017353973303506656,1.1545205339298448,1.0,0.29621932618543795,0.1911289491248174,0.04826881450886902,-0.03375489375154199,-0.006615228479758897,0.34999999999999987
20.16,3.0596495359283002,0.017353973303506656,1.1547205339298448,1.0,0.29621932618543795,0.1911289491248174,0.04826881450886902,-0.03375489375154199,-0.006615228479758897,0.34999999999999987
20.18,3.0616495359283,0.017353973303506656,1.1549205339298447,1.0,0.29621932618543795,0.1911289491248174,0.04826881450886902,-0.03375489375154199,-0.006615228479758897,0.34999999999999987
20.2,3.0636495359283,0.017353973303506656,1.1551205339298447,1.0,0.29621932618543795,0.1911289491248174,0.04826881450886902,-0.03375489375154199,-0.006615228479758897,0.34999999999999987
20.22,3.0656495359282996,0.017353973303506656,1.1553205339298447,1.0,0.29621932618543795,0.1911289491248174,0.04826881450886902,-0.03375489375154199,-0.006615228479758897,0.34999999999999987
20.240000000000002,3.0676495359282994,0.017353973303506656,1.1555205339298447,1.0,0.29621932618543795,0.1911289491248174,0.04826881450886902,-0.03375489375154199,-0.006615228479758897,0.34999999999999987
20.26,3.069649535928299,0.017353973303506656,1.1557205339298446,1.0,0.29621932618543795,0.1911289491248174,0.04826881450886902,-0.03375489375154199,-0.006615228479758897,0.34999999999999987
20.28,3.071649535928299,0.017353973303506656,1.1559205339298446,1.0,0.29621932618543795,0.1911289491248174,0.04826881450886902,-0.03375489375154199,-0.006615228479758897,0.34999999999999987
20.3,3.0736495359282987,0.017353973303506656,1.1561205339298446,1.0,0.29621932618543795,0.1911289491248174,0.04826881450886902,-0.03375489375154199,-0.006615228479758897,0.34999999999999987
20.32,3.0756495359282985,0.017353973303506656,1.1563205339298446,1.0,0.29621932618543795,0.1911289491248174,0.04826881450886902,-0.03375489375154199,-0.006615228479758897,0.34999999999999987
20.34,3.0776495359282983,0.017353973303506656,1.1565205339298446,1.0,0.29621932618543795,0.1911289491248174,0.04826881450886902,-0.03375489375154199,-0.006615228479758897,0.34999999999999987
20.36,3.079649535928298,0.017353973303506656,1.1567205339298445,1.0,0.29621932618543795,0.1911289491248174,0.04826881450886902,-0.03375489375154199,-0.006615228479758897,0.34999999999999987
20.38,3.081649535928298,0.017353973303506656,1.1569205339298445,1.0,0.29621932618543795,0.1911289491248174,0.04826881450886902,-0.03375489375154199,-0.006615228479758897,0.34999999999999987
20.400000000000002,3.0836495359282976,0.017353973303506656,1.1571205339298445,1.0,0.29621932618543795,0.1911289491248174,0.04826881450886902,-0.03375489375154199,-0.006615228479758897,0.34999999999999987
20.42,3.0856495359282974,0.017353973303506656,1.1573205339298445,1.0,0.29621932618543795,0.1911289491248174,0.04826881450886902,-0.03375489375154199,-0.006615228479758897,0.34999999999999987
20.44,3.087649535928297,0.017353973303506656,1.1575205339298444,1.0,0.29621932618543795,0.1911289491248174,0.04826881450886902,-0.03375489375154199,-0.006615228479758897,0.34999999999999987
20.46,3.089649535928297,0.017353973303506656,1.1577205339298444,1.0,0.29621932618543795,0.1911289491248174,0.04826881450886902,-0.03375489375154199,-0.006615228479758897,0.34999999999999987
20.48,3.0916495359282967,0.017353973303506656,1.1579205339298444,1.0,0.29621932618543795,0.1911289491248174,0.04826881450886902,-0.03375489375154199,-0.006615228479758897,0.34999999999999987
20.5,3.0936495359282965,0.017353973303506656,1.1581205339298444,1.0,0.29621932618543795,0.1911289491248174,0.04826881450886902,-0.03375489375154199,-0.006615228479758897,0.34999999999999987
20.52,3.0956495359282963,0.017353973303506656,1.1583205339298444,1.0,0.29621932618543795,0.1911289491248174,0.04826881450886902,-0.03375489375154199,-0.006615228479758897,0.34999999999999987
20.54,3.097649535928296,0.017353973303506656,1.1585205339298443,1.0,0.29621932618543795,0.1911289491248174,0.04826881450886902,-0.03375489375154199,-0.006615228479758897,0.34999999999999987
20.56,3.099649535928296,0.017353973303506656,1.1587205339298443,1.0,0.29621932618543795,0.1911289491248174,0.04826881450886902,-0.03375489375154199,-0.006615228479758897,0.34999999999999987
20.580000000000002,3.1016495359282956,0.017353973303506656,1.1589205339298443,1.0,0.29621932618543795,0.1911289491248174,0.04826881450886902,-0.03375489375154199,-0.006615228479758897,0.34999999999999987
20.6,3.1036495359282954,0.017353973303506656,1.1591205339298443,1.0,0.29621932618543795,0.1911289491248174,0.04826881450886902,-0.03375489375154199,-0.006615228479758897,0.34999999999999987
20.62,3.105649535928295,0.017353973303506656,1.1593205339298442,1.0,0.29621932618543795,0.1911289491248174,0.04826881450886902,-0.03375489375154199,-0.006615228479758897,0.34999999999999987
20.64,3.107649535928295,0.017353973303506656,1.1595205339298442,1.0,0.29621932618543795,0.1911289491248174,0.04826881450886902,-0.03375489375154199,-0.006615228479758897,0.34999999999999987
20.66,3.1096495359282947,0.017353973303506656,1.1597205339298442,1.0,0.29621932618543795,0.1911289491248174,0.04826881450886902,-0.03375489375154199,-0.006615228479758897,0.34999999999999987
20.68,3.1116495359282945,0.017353973303506656,1.1599205339298442,1.0,0.29621932618543795,0.1911289491248174,0.04826881450886902,-0.03375489375154199,-0.006615228479758897,0.34999999999999987
20.7,3.1136495359282943,0.017353973303506656,1.1601205339298442,1.0,0.29621932618543795,0.1911289491248174,0.04826881450886902,-0.03375489375154199,-0.006615228479758897,0.34999999999999987
20.72,3.115649535928294,0.017353973303506656,1.1603205339298441,1.0,0.29621932618543795,0.1911289491248174,0.04826881450886902,-0.03375489375154199,-0.006615228479758897,0.34999999999999987
20.740000000000002,3.117649535928294,0.017353973303506656,1.1605205339298441,1.0,0.29621932618543795,0.1911289491248174,0.04826881450886902,-0.03375489375154199,-0.006615228479758897,0.34999999999999987
20.76,3.1196495359282936,0.017353973303506656,1.160720533929844,1.0,0.29621932618543795,0.1911289491248174,0.04826881450886902,-0.03375489375154199,-0.006615228479758897,0.34999999999999987
20.78,3.1216495359282934,0.017353973303506656,1.160920533929844,1.0,0.29621932618543795,0.1911289491248174,0.04826881450886902,-0.03375489375154199,-0.006615228479758897,0.34999999999999987
20.8,3.123649535928293,0.017353973303506656,1.161120533929844,1.0,0.29621932618543795,0.1911289491248174,0.04826881450886902,-0.03375489375154199,-0.006615228479758897,0.34999999999999987
20.82,3.125649535928293,0.017353973303506656,1.161320533929844,1.0,0.29621932618543795,0.1911289491248174,0.04826881450886902,-0.03375489375154199,-0.006615228479758897,0.34999999999999987
20.84,3.1276495359282928,0.017353973303506656,1.161520533929844,1.0,0.29621932618543795,0.1911289491248174,0.04826881450886902,-0.03375489375154199,-0.006615228479758897,0.34999999999999987
20.86,3.1296495359282925,0.017353973303506656,1.161720533929844,1.0,0.29621932618543795,0.1911289491248174,0.04826881450886902,-0.03375489375154199,-0.006615228479758897,0.34999999999999987
20.88,3.1316495359282923,0.017353973303506656,1.161920533929844,1.0,0.29621932618543795,0.1911289491248174,0.04826881450886902,-0.03375489375154199,-0.006615228479758897,0.34999999999999987
20.900000000000002,3.133649535928292,0.017353973303506656,1.162120533929844,1.0,0.29621932618543795,0.1911289491248174,0.04826881450886902,-0.03375489375154199,-0.006615228479758897,0.34999999999999987
20.92,3.135649535928292,0.017353973303506656,1.162320533929844,1.0,0.29621932618543795,0.1911289491248174,0.04826881450886902,-0.03375489375154199,-0.006615228479758897,0.34999999999999987
20.94,3.1376495359282917,0.017353973303506656,1.162520533929844,1.0,0.29621932618543795,0.1911289491248174,0.04826881450886902,-0.03375489375154199,-0.006615228479758897,0.34999999999999987
20.96,3.1396495359282914,0.017353973303506656,1.1627205339298439,1.0,0.29621932618543795,0.1911289491248174,0.04826881450886902,-0.03375489375154199,-0.006615228479758897,0.34999999999999987
20.98,3.141649535928291,0.017353973303506656,1.1629205339298438,1.0,0.29621932618543795,0.1911289491248174,0.04826881450886902,-0.03375489375154199,-0.006615228479758897,0.34999999999999987
21.0,3.143649535928291,0.017353973303506656,1.1631205339298438,1.0,0.29621932618543795,0.1911289491248174,0.04826881450886902,-0.03375489375154199,-0.006615228479758897,0.34999999999999987
21.02,3.1456495359282908,0.017353973303506656,1.1633205339298438,1.0,0.29621932618543795,0.1911289491248174,0.04826881450886902,-0.03375489375154199,-0.006615228479758897,0.34999999999999987
21.04,3.1476495359282906,0.017353973303506656,1.1635205339298438,1.0,0.29621932618543795,0.1911289491248174,0.04826881450886902,-0.03375489375154199,-0.006615228479758897,0.34999999999999987
21.06,3.1496495359282903,0.017353973303506656,1.1637205339298438,1.0,0.29621932618543795,0.1911289491248174,0.04826881450886902,-0.03375489375154199,-0.006615228479758897,0.34999999999999987
21.080000000000002,3.15164953592829,0.017353973303506656,1.1639205339298437,1.0,0.29621932618543795,0.1911289491248174,0.04826881450886902,-0.03375489375154199,-0.006615228479758897,0.34999999999999987
21.1,3.15364953592829,0.017353973303506656,1.1641205339298437,1.0,0.29621932618543795,0.1911289491248174,0.04826881450886902,-0.03375489375154199,-0.006615228479758897,0.34999999999999987
21.12,3.1556495359282897,0.017353973303506656,1.1643205339298437,1.0,0.29621932618543795,0.1911289491248174,0.04826881450886902,-0.03375489375154199,-0.006615228479758897,0.34999999999999987
21.14,3.1576495359282895,0.017353973303506656,1.1645205339298437,1.0,0.29621932618543795,0.1911289491248174,0.04826881450886902,-0.03375489375154199,-0.006615228479758897,0.34999999999999987
21.16,3.1596495359282892,0.017353973303506656,1.1647205339298436,1.0,0.29621932618543795,0.1911289491248174,0.04826881450886902,-0.03375489375154199,-0.006615228479758897,0.34999999999999987
21.18,3.161649535928289,0.017353973303506656,1.1649205339298436,1.0,0.29621932618543795,0.1911289491248174,0.04826881450886902,-0.03375489375154199,-0.006615228479758897,0.34999999999999987
21.2,3.163649535928289,0.017353973303506656,1.1651205339298436,1.0,0.29621932618543795,0.1911289491248174,0.04826881450886902,-0.03375489375154199,-0.006615228479758897,0.34999999999999987
21.22,3.1656495359282886,0.017353973303506656,1.1653205339298436,1.0,0.29621932618543795,0.1911289491248174,0.04826881450886902,-0.03375489375154199,-0.006615228479758897,0.34999999999999987
21.240000000000002,3.1676495359282884,0.017353973303506656,1.1655205339298436,1.0,0.29621932618543795,0.1911289491248174,0.04826881450886902,-0.03375489375154199,-0.006615228479758897,0.34999999999999987
21.26,3.169649535928288,0.017353973303506656,1.1657205339298435,1.0,0.29621932618543795,0.1911289491248174,0.04826881450886902,-0.03375489375154199,-0.006615228479758897,0.34999999999999987
21.28,3.171649535928288,0.017353973303506656,1.1659205339298435,1.0,0.29621932618543795,0.1911289491248174,0.04826881450886902,-0.03375489375154199,-0.006615228479758897,0.34999999999999987
21.3,3.1736495359282877,0.017353973303506656,1.1661205339298435,1.0,0.29621932618543795,0.1911289491248174,0.04826881450886902,-0.03375489375154199,-0.006615228479758897,0.34999999999999987
21.32,3.1756495359282875,0.017353973303506656,1.1663205339298435,1.0,0.29621932618543795,0.1911289491248174,0.04826881450886902,-0.03375489375154199,-0.006615228479758897,0.34999999999999987
21.34,3.1776495359282872,0.017353973303506656,1.1665205339298435,1.0,0.29621932618543795,0.1911289491248174,0.04826881450886902,-0.03375489375154199,-0.006615228479758897,0.34999999999999987
21.36,3.179649535928287,0.017353973303506656,1.1667205339298434,1.0,0.29621932618543795,0.1911289491248174,0.04826881450886902,-0.03375489375154199,-0.006615228479758897,0.34999999999999987
21.38,3.181649535928287,0.017353973303506656,1.1669205339298434,1.0,0.29621932618543795,0.1911289491248174,0.04826881450886902,-0.03375489375154199,-0.006615228479758897,0.34999999999999987
21.400000000000002,3.1836495359282866,0.017353973303506656,1.1671205339298434,1.0,0.29621932618543795,0.1911289491248174,0.04826881450886902,-0.03375489375154199,-0.006615228479758897,0.34999999999999987
21.42,3.1856495359282864,0.017353973303506656,1.1673205339298434,1.0,0.29621932618543795,0.1911289491248174,0.04826881450886902,-0.03375489375154199,-0.006615228479758897,0.34999999999999987
21.44,3.187649535928286,0.017353973303506656,1.1675205339298433,1.0,0.29621932618543795,0.1911289491248174,0.04826881450886902,-0.03375489375154199,-0.006615228479758897,0.34999999999999987
21.46,3.189649535928286,0.017353973303506656,1.1677205339298433,1.0,0.29621932618543795,0.1911289491248174,0.04826881450886902,-0.03375489375154199,-0.006615228479758897,0.34999999999999987
21.48,3.1916495359282857,0.017353973303506656,1.1679205339298433,1.0,0.29621932618543795,0.1911289491248174,0.04826881450886902,-0.03375489375154199,-0.006615228479758897,0.34999999999999987
21.5,3.1936495359282855,0.017353973303506656,1.1681205339298433,1.0,0.29621932618543795,0.1911289491248174,0.04826881450886902,-0.03375489375154199,-0.006615228479758897,0.34999999999999987
21.52,3.1956495359282853,0.017353973303506656,1.1683205339298433,1.0,0.29621932618543795,0.1911289491248174,0.04826881450886902,-0.03375489375154199,-0.006615228479758897,0.34999999999999987
21.54,3.197649535928285,0.017353973303506656,1.1685205339298432,1.0,0.29621932618543795,0.1911289491248174,0.04826881450886902,-0.03375489375154199,-0.006615228479758897,0.34999999999999987
21.56,3.199649535928285,0.017353973303506656,1.1687205339298432,1.0,0.29621932618543795,0.1911289491248174,0.04826881450886902,-0.03375489375154199,-0.006615228479758897,0.34999999999999987
21.580000000000002,3.2016495359282846,0.017353973303506656,1.1689205339298432,1.0,0.29621932618543795,0.1911289491248174,0.04826881450886902,-0.03375489375154199,-0.006615228479758897,0.34999999999999987
21.6,3.2036495359282844,0.017353973303506656,1.1691205339298432,1.0,0.29621932618543795,0.1911289491248174,0.04826881450886902,-0.03375489375154199,-0.006615228479758897,0.34999999999999987
21.62,3.205649535928284,0.017353973303506656,1.1693205339298431,1.0,0.29621932618543795,0.1911289491248174,0.04826881450886902,-0.03375489375154199,-0.006615228479758897,0.34999999999999987
21.64,3.207649535928284,0.017353973303506656,1.1695205339298431,1.0,0.29621932618543795,0.1911289491248174,0.04826881450886902,-0.03375489375154199,-0.006615228479758897,0.34999999999999987
21.66,3.2096495359282837,0.017353973303506656,1.169720533929843,1.0,0.29621932618543795,0.1911289491248174,0.04826881450886902,-0.03375489375154199,-0.006615228479758897,0.34999999999999987
21.68,3.2116495359282835,0.017353973303506656,1.169920533929843,1.0,0.29621932618543795,0.1911289491248174,0.04826881450886902,-0.03375489375154199,-0.006615228479758897,0.34999999999999987
21.7,3.2136495359282833,0.017353973303506656,1.170120533929843,1.0,0.29621932618543795,0.1911289491248174,0.04826881450886902,-0.03375489375154199,-0.006615228479758897,0.34999999999999987
21.72,3.215649535928283,0.017353973303506656,1.170320533929843,1.0,0.29621932618543795,0.1911289491248174,0.04826881450886902,-0.03375489375154199,-0.006615228479758897,0.34999999999999987
21.740000000000002,3.217649535928283,0.017353973303506656,1.170520533929843,1.0,0.29621932618543795,0.1911289491248174,0.04826881450886902,-0.03375489375154199,-0.006615228479758897,0.34999999999999987
21.76,3.2196495359282826,0.017353973303506656,1.170720533929843,1.0,0.29621932618543795,0.1911289491248174,0.04826881450886902,-0.03375489375154199,-0.006615228479758897,0.34999999999999987
21.78,3.2216495359282824,0.017353973303506656,1.170920533929843,1.0,0.29621932618543795,0.1911289491248174,0.04826881450886902,-0.03375489375154199,-0.006615228479758897,0.34999999999999987
21.8,3.223649535928282,0.017353973303506656,1.171120533929843,1.0,0.29621932618543795,0.1911289491248174,0.04826881450886902,-0.03375489375154199,-0.006615228479758897,0.34999999999999987
21.82,3.225649535928282,0.017353973303506656,1.171320533929843,1.0,0.29621932618543795,0.1911289491248174,0.04826881450886902,-0.03375489375154199,-0.006615228479758897,0.34999999999999987
21.84,3.2276495359282817,0.017353973303506656,1.171520533929843,1.0,0.29621932618543795,0.1911289491248174,0.04826881450886902,-0.03375489375154199,-0.006615228479758897,0.34999999999999987
21.86,3.2296495359282815,0.017353973303506656,1.1717205339298429,1.0,0.29621932618543795,0.1911289491248174,0.04826881450886902,-0.03375489375154199,-0.006615228479758897,0.34999999999999987
21.88,3.2316495359282813,0.017353973303506656,1.1719205339298429,1.0,0.29621932618543795,0.1911289491248174,0.04826881450886902,-0.03375489375154199,-0.006615228479758897,0.34999999999999987
21.900000000000002,3.233649535928281,0.017353973303506656,1.1721205339298428,1.0,0.29621932618543795,0.1911289491248174,0.04826881450886902,-0.03375489375154199,-0.006615228479758897,0.34999999999999987
21.92,3.235649535928281,0.017353973303506656,1.1723205339298428,1.0,0.29621932618543795,0.1911289491248174,0.04826881450886902,-0.03375489375154199,-0.006615228479758897,0.34999999999999987
21.94,3.2376495359282806,0.017353973303506656,1.1725205339298428,1.0,0.29621932618543795,0.1911289491248174,0.04826881450886902,-0.03375489375154199,-0.006615228479758897,0.34999999999999987
21.96,3.2396495359282804,0.017353973303506656,1.1727205339298428,1.0,0.29621932618543795,0.1911289491248174,0.04826881450886902,-0.03375489375154199,-0.006615228479758897,0.34999999999999987
21.98,3.24164953592828,0.017353973303506656,1.1729205339298427,1.0,0.29621932618543795,0.1911289491248174,0.04826881450886902,-0.03375489375154199,-0.006615228479758897,0.34999999999999987
22.0,3.24364953592828,0.017353973303506656,1.1731205339298427,1.0,0.29621932618543795,0.1911289491248174,0.04826881450886902,-0.03375489375154199,-0.006615228479758897,0.34999999999999987
22.02,3.2456495359282798,0.017353973303506656,1.1733205339298427,1.0,0.29621932618543795,0.1911289491248174,0.04826881450886902,-0.03375489375154199,-0.006615228479758897,0.34999999999999987
22.04,3.2476495359282795,0.017353973303506656,1.1735205339298427,1.0,0.29621932618543795,0.1911289491248174,0.04826881450886902,-0.03375489375154199,-0.006615228479758897,0.34999999999999987
22.06,3.2496495359282793,0.017353973303506656,1.1737205339298427,1.0,0.29621932618543795,0.1911289491248174,0.04826881450886902,-0.03375489375154199,-0.006615228479758897,0.34999999999999987
22.080000000000002,3.251649535928279,0.017353973303506656,1.1739205339298426,1.0,0.29621932618543795,0.1911289491248174,0.04826881450886902,-0.03375489375154199,-0.006615228479758897,0.34999999999999987
22.1,3.253649535928279,0.017353973303506656,1.1741205339298426,1.0,0.29621932618543795,0.1911289491248174,0.04826881450886902,-0.03375489375154199,-0.006615228479758897,0.34999999999999987
22.12,3.2556495359282787,0.017353973303506656,1.1743205339298426,1.0,0.29621932618543795,0.1911289491248174,0.04826881450886902,-0.03375489375154199,-0.006615228479758897,0.34999999999999987
22.14,3.2576495359282784,0.017353973303506656,1.1745205339298426,1.0,0.29621932618543795,0.1911289491248174,0.04826881450886902,-0.03375489375154199,-0.006615228479758897,0.34999999999999987
22.16,3.259649535928278,0.017353973303506656,1.1747205339298425,1.0,0.29621932618543795,0.1911289491248174,0.04826881450886902,-0.03375489375154199,-0.006615228479758897,0.34999999999999987
22.18,3.261649535928278,0.017353973303506656,1.1749205339298425,1.0,0.29621932618543795,0.1911289491248174,0.04826881450886902,-0.03375489375154199,-0.006615228479758897,0.34999999999999987
22.2,3.263649535928278,0.017353973303506656,1.1751205339298425,1.0,0.29621932618543795,0.1911289491248174,0.04826881450886902,-0.03375489375154199,-0.006615228479758897,0.34999999999999987
22.22,3.2656495359282776,0.017353973303506656,1.1753205339298425,1.0,0.29621932618543795,0.1911289491248174,0.04826881450886902,-0.03375489375154199,-0.006615228479758897,0.34999999999999987
22.240000000000002,3.2676495359282773,0.017353973303506656,1.1755205339298425,1.0,0.29621932618543795,0.1911289491248174,0.04826881450886902,-0.03375489375154199,-0.006615228479758897,0.34999999999999987
22.26,3.269649535928277,0.017353973303506656,1.1757205339298424,1.0,0.29621932618543795,0.1911289491248174,0.04826881450886902,-0.03375489375154199,-0.006615228479758897,0.34999999999999987
22.28,3.271649535928277,0.017353973303506656,1.1759205339298424,1.0,0.29621932618543795,0.1911289491248174,0.04826881450886902,-0.03375489375154199,-0.006615228479758897,0.34999999999999987
22.3,3.2736495359282767,0.017353973303506656,1.1761205339298424,1.0,0.29621932618543795,0.1911289491248174,0.04826881450886902,-0.03375489375154199,-0.006615228479758897,0.34999999999999987
22.32,3.2756495359282765,0.017353973303506656,1.1763205339298424,1.0,0.29621932618543795,0.1911289491248174,0.04826881450886902,-0.03375489375154199,-0.006615228479758897,0.34999999999999987
22.34,3.2776495359282762,0.017353973303506656,1.1765205339298423,1.0,0.29621932618543795,0.1911289491248174,0.04826881450886902,-0.03375489375154199,-0.006615228479758897,0.34999999999999987
22.36,3.279649535928276,0.017353973303506656,1.1767205339298423,1.0,0.29621932618543795,0.1911289491248174,0.04826881450886902,-0.03375489375154199,-0.006615228479758897,0.34999999999999987
22.38,3.281649535928276,0.017353973303506656,1.1769205339298423,1.0,0.29621932618543795,0.1911289491248174,0.04826881450886902,-0.03375489375154199,-0.006615228479758897,0.34999999999999987
22.400000000000002,3.2836495359282756,0.017353973303506656,1.1771205339298423,1.0,0.29621932618543795,0.1911289491248174,0.04826881450886902,-0.03375489375154199,-0.006615228479758897,0.34999999999999987
22.42,3.2856495359282754,0.017353973303506656,1.1773205339298423,1.0,0.29621932618543795,0.1911289491248174,0.04826881450886902,-0.03375489375154199,-0.006615228479758897,0.34999999999999987
22.44,3.287649535928275,0.017353973303506656,1.1775205339298422,1.0,0.29621932618543795,0.1911289491248174,0.04826881450886902,-0.03375489375154199,-0.006615228479758897,0.34999999999999987
22.46,3.289649535928275,0.017353973303506656,1.1777205339298422,1.0,0.29621932618543795,0.1911289491248174,0.04826881450886902,-0.03375489375154199,-0.006615228479758897,0.34999999999999987
22.48,3.2916495359282747,0.017353973303506656,1.1779205339298422,1.0,0.29621932618543795,0.1911289491248174,0.04826881450886902,-0.03375489375154199,-0.006615228479758897,0.34999999999999987
22.5,3.2936495359282745,0.017353973303506656,1.1781205339298422,1.0,0.29621932618543795,0.1911289491248174,0.04826881450886902,-0.03375489375154199,-0.006615228479758897,0.34999999999999987
22.52,3.2956495359282743,0.017353973303506656,1.1783205339298422,1.0,0.29621932618543795,0.1911289491248174,0.04826881450886902,-0.03375489375154199,-0.006615228479758897,0.34999999999999987
22.54,3.297649535928274,0.017353973303506656,1.1785205339298421,1.0,0.29621932618543795,0.1911289491248174,0.04826881450886902,-0.03375489375154199,-0.006615228479758897,0.34999999999999987
22.56,3.299649535928274,0.017353973303506656,1.178720533929842,1.0,0.29621932618543795,0.1911289491248174,0.04826881450886902,-0.03375489375154199,-0.006615228479758897,0.34999999999999987
22.580000000000002,3.3016495359282736,0.017353973303506656,1.178920533929842,1.0,0.29621932618543795,0.1911289491248174,0.04826881450886902,-0.03375489375154199,-0.006615228479758897,0.34999999999999987
22.6,3.3036495359282734,0.017353973303506656,1.179120533929842,1.0,0.29621932618543795,0.1911289491248174,0.04826881450886902,-0.03375489375154199,-0.006615228479758897,0.34999999999999987
22.62,3.305649535928273,0.017353973303506656,1.179320533929842,1.0,0.29621932618543795,0.1911289491248174,0.04826881450886902,-0.03375489375154199,-0.006615228479758897,0.34999999999999987
22.64,3.307649535928273,0.017353973303506656,1.179520533929842,1.0,0.29621932618543795,0.1911289491248174,0.04826881450886902,-0.03375489375154199,-0.006615228479758897,0.34999999999999987
22.66,3.3096495359282727,0.017353973303506656,1.179720533929842,1.0,0.29621932618543795,0.1911289491248174,0.04826881450886902,-0.03375489375154199,-0.006615228479758897,0.34999999999999987
22.68,3.3116495359282725,0.017353973303506656,1.179920533929842,1.0,0.29621932618543795,0.1911289491248174,0.04826881450886902,-0.03375489375154199,-0.006615228479758897,0.34999999999999987
22.7,3.3136495359282723,0.017353973303506656,1.180120533929842,1.0,0.29621932618543795,0.1911289491248174,0.04826881450886902,-0.03375489375154199,-0.006615228479758897,0.34999999999999987
22.72,3.315649535928272,0.017353973303506656,1.180320533929842,1.0,0.29621932618543795,0.1911289491248174,0.04826881450886902,-0.03375489375154199,-0.006615228479758897,0.34999999999999987
22.740000000000002,3.317649535928272,0.017353973303506656,1.180520533929842,1.0,0.29621932618543795,0.1911289491248174,0.04826881450886902,-0.03375489375154199,-0.006615228479758897,0.34999999999999987
22.76,3.3196495359282716,0.017353973303506656,1.1807205339298419,1.0,0.29621932618543795,0.1911289491248174,0.04826881450886902,-0.03375489375154199,-0.006615228479758897,0.34999999999999987
22.78,3.3216495359282714,0.017353973303506656,1.1809205339298419,1.0,0.29621932618543795,0.1911289491248174,0.04826881450886902,-0.03375489375154199,-0.006615228479758897,0.34999999999999987
22.8,3.323649535928271,0.017353973303506656,1.1811205339298418,1.0,0.29621932618543795,0.1911289491248174,0.04826881450886902,-0.03375489375154199,-0.006615228479758897,0.34999999999999987
22.82,3.325649535928271,0.017353973303506656,1.1813205339298418,1.0,0.29621932618543795,0.1911289491248174,0.04826881450886902,-0.03375489375154199,-0.006615228479758897,0.34999999999999987
22.84,3.3276495359282707,0.017353973303506656,1.1815205339298418,1.0,0.29621932618543795,0.1911289491248174,0.04826881450886902,-0.03375489375154199,-0.006615228479758897,0.34999999999999987
22.86,3.3296495359282705,0.017353973303506656,1.1817205339298418,1.0,0.29621932618543795,0.1911289491248174,0.04826881450886902,-0.03375489375154199,-0.006615228479758897,0.34999999999999987
22.88,3.3316495359282703,0.017353973303506656,1.1819205339298418,1.0,0.29621932618543795,0.1911289491248174,0.04826881450886902,-0.03375489375154199,-0.006615228479758897,0.34999999999999987
22.900000000000002,3.33364953592827,0.017353973303506656,1.1821205339298417,1.0,0.29621932618543795,0.1911289491248174,0.04826881450886902,-0.03375489375154199,-0.006615228479758897,0.34999999999999987
22.92,3.33564953592827,0.017353973303506656,1.1823205339298417,1.0,0.29621932618543795,0.1911289491248174,0.04826881450886902,-0.03375489375154199,-0.006615228479758897,0.34999999999999987
22.94,3.3376495359282696,0.017353973303506656,1.1825205339298417,1.0,0.29621932618543795,0.1911289491248174,0.04826881450886902,-0.03375489375154199,-0.006615228479758897,0.34999999999999987
22.96,3.3396495359282694,0.017353973303506656,1.1827205339298417,1.0,0.29621932618543795,0.1911289491248174,0.04826881450886902,-0.03375489375154199,-0.006615228479758897,0.34999999999999987
22.98,3.341649535928269,0.017353973303506656,1.1829205339298416,1.0,0.29621932618543795,0.1911289491248174,0.04826881450886902,-0.03375489375154199,-0.006615228479758897,0.34999999999999987
23.0,3.343649535928269,0.017353973303506656,1.1831205339298416,1.0,0.29621932618543795,0.1911289491248174,0.04826881450886902,-0.03375489375154199,-0.006615228479758897,0.34999999999999987
23.02,3.3456495359282687,0.017353973303506656,1.1833205339298416,1.0,0.29621932618543795,0.1911289491248174,0.04826881450886902,-0.03375489375154199,-0.006615228479758897,0.34999999999999987
23.04,3.3476495359282685,0.017353973303506656,1.1835205339298416,1.0,0.29621932618543795,0.1911289491248174,0.04826881450886902,-0.03375489375154199,-0.006615228479758897,0.34999999999999987
23.06,3.3496495359282683,0.017353973303506656,1.1837205339298416,1.0,0.29621932618543795,0.1911289491248174,0.04826881450886902,-0.03375489375154199,-0.006615228479758897,0.34999999999999987
23.080000000000002,3.351649535928268,0.017353973303506656,1.1839205339298415,1.0,0.29621932618543795,0.1911289491248174,0.04826881450886902,-0.03375489375154199,-0.006615228479758897,0.34999999999999987
23.1,3.353649535928268,0.017353973303506656,1.1841205339298415,1.0,0.29621932618543795,0.1911289491248174,0.04826881450886902,-0.03375489375154199,-0.006615228479758897,0.34999999999999987
23.12,3.3556495359282676,0.017353973303506656,1.1843205339298415,1.0,0.29621932618543795,0.1911289491248174,0.04826881450886902,-0.03375489375154199,-0.006615228479758897,0.34999999999999987
23.14,3.3576495359282674,0.017353973303506656,1.1845205339298415,1.0,0.29621932618543795,0.1911289491248174,0.04826881450886902,-0.03375489375154199,-0.006615228479758897,0.34999999999999987
23.16,3.359649535928267,0.017353973303506656,1.1847205339298414,1.0,0.29621932618543795,0.1911289491248174,0.04826881450886902,-0.03375489375154199,-0.006615228479758897,0.34999999999999987
23.18,3.361649535928267,0.017353973303506656,1.1849205339298414,1.0,0.29621932618543795,0.1911289491248174,0.04826881450886902,-0.03375489375154199,-0.006615228479758897,0.34999999999999987
23.2,3.3636495359282668,0.017353973303506656,1.1851205339298414,1.0,0.29621932618543795,0.1911289491248174,0.04826881450886902,-0.03375489375154199,-0.006615228479758897,0.34999999999999987
23.22,3.3656495359282665,0.017353973303506656,1.1853205339298414,1.0,0.29621932618543795,0.1911289491248174,0.04826881450886902,-0.03375489375154199,-0.006615228479758897,0.34999999999999987
23.240000000000002,3.3676495359282663,0.017353973303506656,1.1855205339298414,1.0,0.29621932618543795,0.1911289491248174,0.04826881450886902,-0.03375489375154199,-0.006615228479758897,0.34999999999999987
23.26,3.369649535928266,0.017353973303506656,1.1857205339298413,1.0,0.29621932618543795,0.1911289491248174,0.04826881450886902,-0.03375489375154199,-0.006615228479758897,0.34999999999999987
23.28,3.371649535928266,0.017353973303506656,1.1859205339298413,1.0,0.29621932618543795,0.1911289491248174,0.04826881450886902,-0.03375489375154199,-0.006615228479758897,0.34999999999999987
23.3,3.3736495359282657,0.017353973303506656,1.1861205339298413,1.0,0.29621932618543795,0.1911289491248174,0.04826881450886902,-0.03375489375154199,-0.006615228479758897,0.34999999999999987
23.32,3.3756495359282654,0.017353973303506656,1.1863205339298413,1.0,0.29621932618543795,0.1911289491248174,0.04826881450886902,-0.03375489375154199,-0.006615228479758897,0.34999999999999987
23.34,3.3776495359282652,0.017353973303506656,1.1865205339298412,1.0,0.29621932618543795,0.1911289491248174,0.04826881450886902,-0.03375489375154199,-0.006615228479758897,0.34999999999999987
23.36,3.379649535928265,0.017353973303506656,1.1867205339298412,1.0,0.29621932618543795,0.1911289491248174,0.04826881450886902,-0.03375489375154199,-0.006615228479758897,0.34999999999999987
23.38,3.381649535928265,0.017353973303506656,1.1869205339298412,1.0,0.29621932618543795,0.1911289491248174,0.04826881450886902,-0.03375489375154199,-0.006615228479758897,0.34999999999999987
23.400000000000002,3.3836495359282646,0.017353973303506656,1.1871205339298412,1.0,0.29621932618543795,0.1911289491248174,0.04826881450886902,-0.03375489375154199,-0.006615228479758897,0.34999999999999987
23.42,3.3856495359282643,0.017353973303506656,1.1873205339298412,1.0,0.29621932618543795,0.1911289491248174,0.04826881450886902,-0.03375489375154199,-0.006615228479758897,0.34999999999999987
23.44,3.387649535928264,0.017353973303506656,1.1875205339298411,1.0,0.29621932618543795,0.1911289491248174,0.04826881450886902,-0.03375489375154199,-0.006615228479758897,0.34999999999999987
23.46,3.389649535928264,0.017353973303506656,1.1877205339298411,1.0,0.29621932618543795,0.1911289491248174,0.04826881450886902,-0.03375489375154199,-0.006615228479758897,0.34999999999999987
23.48,3.3916495359282637,0.017353973303506656,1.187920533929841,1.0,0.29621932618543795,0.1911289491248174,0.04826881450886902,-0.03375489375154199,-0.006615228479758897,0.34999999999999987
23.5,3.3936495359282635,0.017353973303506656,1.188120533929841,1.0,0.29621932618543795,0.1911289491248174,0.04826881450886902,-0.03375489375154199,-0.006615228479758897,0.34999999999999987
23.52,3.3956495359282632,0.017353973303506656,1.188320533929841,1.0,0.29621932618543795,0.1911289491248174,0.04826881450886902,-0.03375489375154199,-0.006615228479758897,0.34999999999999987
23.54,3.397649535928263,0.017353973303506656,1.188520533929841,1.0,0.29621932618543795,0.1911289491248174,0.04826881450886902,-0.03375489375154199,-0.006615228479758897,0.34999999999999987
23.56,3.399649535928263,0.017353973303506656,1.188720533929841,1.0,0.29621932618543795,0.1911289491248174,0.04826881450886902,-0.03375489375154199,-0.006615228479758897,0.34999999999999987
23.580000000000002,3.4016495359282626,0.017353973303506656,1.188920533929841,1.0,0.29621932618543795,0.1911289491248174,0.04826881450886902,-0.03375489375154199,-0.006615228479758897,0.34999999999999987
23.6,3.4036495359282624,0.017353973303506656,1.189120533929841,1.0,0.29621932618543795,0.1911289491248174,0.04826881450886902,-0.03375489375154199,-0.006615228479758897,0.34999999999999987
23.62,3.405649535928262,0.017353973303506656,1.189320533929841,1.0,0.29621932618543795,0.1911289491248174,0.04826881450886902,-0.03375489375154199,-0.006615228479758897,0.34999999999999987
23.64,3.407649535928262,0.017353973303506656,1.189520533929841,1.0,0.29621932618543795,0.1911289491248174,0.04826881450886902,-0.03375489375154199,-0.006615228479758897,0.34999999999999987
23.66,3.4096495359282617,0.017353973303506656,1.189720533929841,1.0,0.29621932618543795,0.1911289491248174,0.04826881450886902,-0.03375489375154199,-0.006615228479758897,0.34999999999999987
23.68,3.4116495359282615,0.017353973303506656,1.1899205339298409,1.0,0.29621932618543795,0.1911289491248174,0.04826881450886902,-0.03375489375154199,-0.006615228479758897,0.34999999999999987
23.7,3.4136495359282613,0.017353973303506656,1.1901205339298409,1.0,0.29621932618543795,0.1911289491248174,0.04826881450886902,-0.03375489375154199,-0.006615228479758897,0.34999999999999987
23.72,3.415649535928261,0.017353973303506656,1.1903205339298408,1.0,0.29621932618543795,0.1911289491248174,0.04826881450886902,-0.03375489375154199,-0.006615228479758897,0.34999999999999987
23.740000000000002,3.417649535928261,0.017353973303506656,1.1905205339298408,1.0,0.29621932618543795,0.1911289491248174,0.04826881450886902,-0.03375489375154199,-0.006615228479758897,0.34999999999999987
23.76,3.4196495359282606,0.017353973303506656,1.1907205339298408,1.0,0.29621932618543795,0.1911289491248174,0.04826881450886902,-0.03375489375154199,-0.006615228479758897,0.34999999999999987
23.78,3.4216495359282604,0.017353973303506656,1.1909205339298408,1.0,0.29621932618543795,0.1911289491248174,0.04826881450886902,-0.03375489375154199,-0.006615228479758897,0.34999999999999987
23.8,3.42364953592826,0.017353973303506656,1.1911205339298407,1.0,0.29621932618543795,0.1911289491248174,0.04826881450886902,-0.03375489375154199,-0.006615228479758897,0.34999999999999987
23.82,3.42564953592826,0.017353973303506656,1.1913205339298407,1.0,0.29621932618543795,0.1911289491248174,0.04826881450886902,-0.03375489375154199,-0.006615228479758897,0.34999999999999987
23.84,3.4276495359282597,0.017353973303506656,1.1915205339298407,1.0,0.29621932618543795,0.1911289491248174,0.04826881450886902,-0.03375489375154199,-0.006615228479758897,0.34999999999999987
23.86,3.4296495359282595,0.017353973303506656,1.1917205339298407,1.0,0.29621932618543795,0.1911289491248174,0.04826881450886902,-0.03375489375154199,-0.006615228479758897,0.34999999999999987
23.88,3.4316495359282593,0.017353973303506656,1.1919205339298407,1.0,0.29621932618543795,0.1911289491248174,0.04826881450886902,-0.03375489375154199,-0.006615228479758897,0.34999999999999987
23.900000000000002,3.433649535928259,0.017353973303506656,1.1921205339298406,1.0,0.29621932618543795,0.1911289491248174,0.04826881450886902,-0.03375489375154199,-0.006615228479758897,0.34999999999999987
23.92,3.435649535928259,0.017353973303506656,1.1923205339298406,1.0,0.29621932618543795,0.1911289491248174,0.04826881450886902,-0.03375489375154199,-0.006615228479758897,0.34999999999999987
23.94,3.4376495359282586,0.017353973303506656,1.1925205339298406,1.0,0.29621932618543795,0.1911289491248174,0.04826881450886902,-0.03375489375154199,-0.006615228479758897,0.34999999999999987
23.96,3.4396495359282584,0.017353973303506656,1.1927205339298406,1.0,0.29621932618543795,0.1911289491248174,0.04826881450886902,-0.03375489375154199,-0.006615228479758897,0.34999999999999987
23.98,3.441649535928258,0.017353973303506656,1.1929205339298405,1.0,0.29621932618543795,0.1911289491248174,0.04826881450886902,-0.03375489375154199,-0.006615228479758897,0.34999999999999987
24.0,3.443649535928258,0.017353973303506656,1.1931205339298405,1.0,0.29621932618543795,0.1911289491248174,0.04826881450886902,-0.03375489375154199,-0.006615228479758897,0.34999999999999987
24.02,3.4456495359282577,0.017353973303506656,1.1933205339298405,1.0,0.29621932618543795,0.1911289491248174,0.04826881450886902,-0.03375489375154199,-0.006615228479758897,0.34999999999999987
24.04,3.4476495359282575,0.017353973303506656,1.1935205339298405,1.0,0.29621932618543795,0.1911289491248174,0.04826881450886902,-0.03375489375154199,-0.006615228479758897,0.34999999999999987
24.060000000000002,3.4496495359282573,0.017353973303506656,1.1937205339298405,1.0,0.29621932618543795,0.1911289491248174,0.04826881450886902,-0.03375489375154199,-0.006615228479758897,0.34999999999999987
24.080000000000002,3.451649535928257,0.017353973303506656,1.1939205339298404,1.0,0.29621932618543795,0.1911289491248174,0.04826881450886902,-0.03375489375154199,-0.006615228479758897,0.34999999999999987
24.1,3.453649535928257,0.017353973303506656,1.1941205339298404,1.0,0.29621932618543795,0.1911289491248174,0.04826881450886902,-0.03375489375154199,-0.006615228479758897,0.34999999999999987
24.12,3.4556495359282566,0.017353973303506656,1.1943205339298404,1.0,0.29621932618543795,0.1911289491248174,0.04826881450886902,-0.03375489375154199,-0.006615228479758897,0.34999999999999987
24.14,3.4576495359282564,0.017353973303506656,1.1945205339298404,1.0,0.29621932618543795,0.1911289491248174,0.04826881450886902,-0.03375489375154199,-0.006615228479758897,0.34999999999999987
24.16,3.459649535928256,0.017353973303506656,1.1947205339298403,1.0,0.29621932618543795,0.1911289491248174,0.04826881450886902,-0.03375489375154199,-0.006615228479758897,0.34999999999999987
24.18,3.461649535928256,0.017353973303506656,1.1949205339298403,1.0,0.29621932618543795,0.1911289491248174,0.04826881450886902,-0.03375489375154199,-0.006615228479758897,0.34999999999999987
24.2,3.4636495359282558,0.017353973303506656,1.1951205339298403,1.0,0.29621932618543795,0.1911289491248174,0.04826881450886902,-0.03375489375154199,-0.006615228479758897,0.34999999999999987
24.22,3.4656495359282555,0.017353973303506656,1.1953205339298403,1.0,0.29621932618543795,0.1911289491248174,0.04826881450886902,-0.03375489375154199,-0.006615228479758897,0.34999999999999987
24.240000000000002,3.4676495359282553,0.017353973303506656,1.1955205339298403,1.0,0.29621932618543795,0.1911289491248174,0.04826881450886902,-0.03375489375154199,-0.006615228479758897,0.34999999999999987
24.26,3.469649535928255,0.017353973303506656,1.1957205339298402,1.0,0.29621932618543795,0.1911289491248174,0.04826881450886902,-0.03375489375154199,-0.006615228479758897,0.34999999999999987
24.28,3.471649535928255,0.017353973303506656,1.1959205339298402,1.0,0.29621932618543795,0.1911289491248174,0.04826881450886902,-0.03375489375154199,-0.006615228479758897,0.34999999999999987
24.3,3.4736495359282547,0.017353973303506656,1.1961205339298402,1.0,0.29621932618543795,0.1911289491248174,0.04826881450886902,-0.03375489375154199,-0.006615228479758897,0.34999999999999987
24.32,3.4756495359282544,0.017353973303506656,1.1963205339298402,1.0,0.29621932618543795,0.1911289491248174,0.04826881450886902,-0.03375489375154199,-0.006615228479758897,0.34999999999999987
24.34,3.477649535928254,0.017353973303506656,1.1965205339298401,1.0,0.29621932618543795,0.1911289491248174,0.04826881450886902,-0.03375489375154199,-0.006615228479758897,0.34999999999999987
24.36,3.479649535928254,0.017353973303506656,1.1967205339298401,1.0,0.29621932618543795,0.1911289491248174,0.04826881450886902,-0.03375489375154199,-0.006615228479758897,0.34999999999999987
24.38,3.4816495359282538,0.017353973303506656,1.19692053392984,1.0,0.29621932618543795,0.1911289491248174,0.04826881450886902,-0.03375489375154199,-0.006615228479758897,0.34999999999999987
24.400000000000002,3.4836495359282535,0.017353973303506656,1.19712053392984,1.0,0.29621932618543795,0.1911289491248174,0.04826881450886902,-0.03375489375154199,-0.006615228479758897,0.34999999999999987
24.42,3.4856495359282533,0.017353973303506656,1.19732053392984,1.0,0.29621932618543795,0.1911289491248174,0.04826881450886902,-0.03375489375154199,-0.006615228479758897,0.34999999999999987
24.44,3.487649535928253,0.017353973303506656,1.19752053392984,1.0,0.29621932618543795,0.1911289491248174,0.04826881450886902,-0.03375489375154199,-0.006615228479758897,0.34999999999999987
24.46,3.489649535928253,0.017353973303506656,1.19772053392984,1.0,0.29621932618543795,0.1911289491248174,0.04826881450886902,-0.03375489375154199,-0.006615228479758897,0.34999999999999987
24.48,3.4916495359282527,0.017353973303506656,1.19792053392984,1.0,0.29621932618543795,0.1911289491248174,0.04826881450886902,-0.03375489375154199,-0.006615228479758897,0.34999999999999987
24.5,3.4936495359282524,0.017353973303506656,1.19812053392984,1.0,0.29621932618543795,0.1911289491248174,0.04826881450886902,-0.03375489375154199,-0.006615228479758897,0.34999999999999987
24.52,3.4956495359282522,0.017353973303506656,1.19832053392984,1.0,0.29621932618543795,0.1911289491248174,0.04826881450886902,-0.03375489375154199,-0.006615228479758897,0.34999999999999987
24.54,3.497649535928252,0.017353973303506656,1.19852053392984,1.0,0.29621932618543795,0.1911289491248174,0.04826881450886902,-0.03375489375154199,-0.006615228479758897,0.34999999999999987
24.560000000000002,3.499649535928252,0.017353973303506656,1.19872053392984,1.0,0.29621932618543795,0.1911289491248174,0.04826881450886902,-0.03375489375154199,-0.006615228479758897,0.34999999999999987
24.580000000000002,3.5016495359282516,0.017353973303506656,1.1989205339298399,1.0,0.29621932618543795,0.1911289491248174,0.04826881450886902,-0.03375489375154199,-0.006615228479758897,0.34999999999999987
24.6,3.5036495359282513,0.017353973303506656,1.1991205339298399,1.0,0.29621932618543795,0.1911289491248174,0.04826881450886902,-0.03375489375154199,-0.006615228479758897,0.34999999999999987
24.62,3.505649535928251,0.017353973303506656,1.1993205339298398,1.0,0.29621932618543795,0.1911289491248174,0.04826881450886902,-0.03375489375154199,-0.006615228479758897,0.34999999999999987
24.64,3.507649535928251,0.017353973303506656,1.1995205339298398,1.0,0.29621932618543795,0.1911289491248174,0.04826881450886902,-0.03375489375154199,-0.006615228479758897,0.34999999999999987
24.66,3.5096495359282507,0.017353973303506656,1.1997205339298398,1.0,0.29621932618543795,0.1911289491248174,0.04826881450886902,-0.03375489375154199,-0.006615228479758897,0.34999999999999987
24.68,3.5116495359282505,0.017353973303506656,1.1999205339298398,1.0,0.29621932618543795,0.1911289491248174,0.04826881450886902,-0.03375489375154199,-0.006615228479758897,0.34999999999999987
24.7,3.5136495359282502,0.017353973303506656,1.2001205339298398,1.0,0.29621932618543795,0.1911289491248174,0.04826881450886902,-0.03375489375154199,-0.006615228479758897,0.34999999999999987
24.72,3.51564953592825,0.017353973303506656,1.2003205339298397,1.0,0.29621932618543795,0.1911289491248174,0.04826881450886902,-0.03375489375154199,-0.006615228479758897,0.34999999999999987
24.740000000000002,3.51764953592825,0.017353973303506656,1.2005205339298397,1.0,0.29621932618543795,0.1911289491248174,0.04826881450886902,-0.03375489375154199,-0.006615228479758897,0.34999999999999987
24.76,3.5196495359282496,0.017353973303506656,1.2007205339298397,1.0,0.29621932618543795,0.1911289491248174,0.04826881450886902,-0.03375489375154199,-0.006615228479758897,0.34999999999999987
24.78,3.5216495359282494,0.017353973303506656,1.2009205339298397,1.0,0.29621932618543795,0.1911289491248174,0.04826881450886902,-0.03375489375154199,-0.006615228479758897,0.34999999999999987
24.8,3.523649535928249,0.017353973303506656,1.2011205339298396,1.0,0.29621932618543795,0.1911289491248174,0.04826881450886902,-0.03375489375154199,-0.006615228479758897,0.34999999999999987
24.82,3.525649535928249,0.017353973303506656,1.2013205339298396,1.0,0.29621932618543795,0.1911289491248174,0.04826881450886902,-0.03375489375154199,-0.006615228479758897,0.34999999999999987
24.84,3.5276495359282487,0.017353973303506656,1.2015205339298396,1.0,0.29621932618543795,0.1911289491248174,0.04826881450886902,-0.03375489375154199,-0.006615228479758897,0.34999999999999987
24.86,3.5296495359282485,0.017353973303506656,1.2017205339298396,1.0,0.29621932618543795,0.1911289491248174,0.04826881450886902,-0.03375489375154199,-0.006615228479758897,0.34999999999999987
24.88,3.5316495359282483,0.017353973303506656,1.2019205339298396,1.0,0.29621932618543795,0.1911289491248174,0.04826881450886902,-0.03375489375154199,-0.006615228479758897,0.34999999999999987
24.900000000000002,3.533649535928248,0.017353973303506656,1.2021205339298395,1.0,0.29621932618543795,0.1911289491248174,0.04826881450886902,-0.03375489375154199,-0.006615228479758897,0.34999999999999987
24.92,3.535649535928248,0.017353973303506656,1.2023205339298395,1.0,0.29621932618543795,0.1911289491248174,0.04826881450886902,-0.03375489375154199,-0.006615228479758897,0.34999999999999987
24.94,3.5376495359282476,0.017353973303506656,1.2025205339298395,1.0,0.29621932618543795,0.1911289491248174,0.04826881450886902,-0.03375489375154199,-0.006615228479758897,0.34999999999999987
24.96,3.5396495359282474,0.017353973303506656,1.2027205339298395,1.0,0.29621932618543795,0.1911289491248174,0.04826881450886902,-0.03375489375154199,-0.006615228479758897,0.34999999999999987
24.98,3.541649535928247,0.017353973303506656,1.2029205339298394,1.0,0.29621932618543795,0.1911289491248174,0.04826881450886902,-0.03375489375154199,-0.006615228479758897,0.34999999999999987
25.0,3.543649535928247,0.017353973303506656,1.2031205339298394,1.0,0.29621932618543795,0.1911289491248174,0.04826881450886902,-0.03375489375154199,-0.006615228479758897,0.34999999999999987
25.02,3.5456495359282467,0.017353973303506656,1.2033205339298394,1.0,0.29621932618543795,0.1911289491248174,0.04826881450886902,-0.03375489375154199,-0.006615228479758897,0.34999999999999987
25.04,3.5476495359282465,0.017353973303506656,1.2035205339298394,1.0,0.29621932618543795,0.1911289491248174,0.04826881450886902,-0.03375489375154199,-0.006615228479758897,0.34999999999999987
25.060000000000002,3.5496495359282463,0.017353973303506656,1.2037205339298394,1.0,0.29621932618543795,0.1911289491248174,0.04826881450886902,-0.03375489375154199,-0.006615228479758897,0.34999999999999987
25.080000000000002,3.551649535928246,0.017353973303506656,1.2039205339298393,1.0,0.29621932618543795,0.1911289491248174,0.04826881450886902,-0.03375489375154199,-0.006615228479758897,0.34999999999999987
25.1,3.553649535928246,0.017353973303506656,1.2041205339298393,1.0,0.29621932618543795,0.1911289491248174,0.04826881450886902,-0.03375489375154199,-0.006615228479758897,0.34999999999999987
25.12,3.5556495359282456,0.017353973303506656,1.2043205339298393,1.0,0.29621932618543795,0.1911289491248174,0.04826881450886902,-0.03375489375154199,-0.006615228479758897,0.34999999999999987
25.14,3.5576495359282454,0.017353973303506656,1.2045205339298393,1.0,0.29621932618543795,0.1911289491248174,0.04826881450886902,-0.03375489375154199,-0.006615228479758897,0.34999999999999987
25.16,3.559649535928245,0.017353973303506656,1.2047205339298392,1.0,0.29621932618543795,0.1911289491248174,0.04826881450886902,-0.03375489375154199,-0.006615228479758897,0.34999999999999987
25.18,3.561649535928245,0.017353973303506656,1.2049205339298392,1.0,0.29621932618543795,0.1911289491248174,0.04826881450886902,-0.03375489375154199,-0.006615228479758897,0.34999999999999987
25.2,3.5636495359282447,0.017353973303506656,1.2051205339298392,1.0,0.29621932618543795,0.1911289491248174,0.04826881450886902,-0.03375489375154199,-0.006615228479758897,0.34999999999999987
25.22,3.5656495359282445,0.017353973303506656,1.2053205339298392,1.0,0.29621932618543795,0.1911289491248174,0.04826881450886902,-0.03375489375154199,-0.006615228479758897,0.34999999999999987
25.240000000000002,3.5676495359282443,0.017353973303506656,1.2055205339298392,1.0,0.29621932618543795,0.1911289491248174,0.04826881450886902,-0.03375489375154199,-0.006615228479758897,0.34999999999999987
25.26,3.569649535928244,0.017353973303506656,1.2057205339298391,1.0,0.29621932618543795,0.1911289491248174,0.04826881450886902,-0.03375489375154199,-0.006615228479758897,0.34999999999999987
25.28,3.571649535928244,0.017353973303506656,1.2059205339298391,1.0,0.29621932618543795,0.1911289491248174,0.04826881450886902,-0.03375489375154199,-0.006615228479758897,0.34999999999999987
25.3,3.5736495359282436,0.017353973303506656,1.206120533929839,1.0,0.29621932618543795,0.1911289491248174,0.04826881450886902,-0.03375489375154199,-0.006615228479758897,0.34999999999999987
25.32,3.5756495359282434,0.017353973303506656,1.206320533929839,1.0,0.29621932618543795,0.1911289491248174,0.04826881450886902,-0.03375489375154199,-0.006615228479758897,0.34999999999999987
25.34,3.577649535928243,0.017353973303506656,1.206520533929839,1.0,0.29621932618543795,0.1911289491248174,0.04826881450886902,-0.03375489375154199,-0.006615228479758897,0.34999999999999987
25.36,3.579649535928243,0.017353973303506656,1.206720533929839,1.0,0.29621932618543795,0.1911289491248174,0.04826881450886902,-0.03375489375154199,-0.006615228479758897,0.34999999999999987
25.38,3.5816495359282428,0.017353973303506656,1.206920533929839,1.0,0.29621932618543795,0.1911289491248174,0.04826881450886902,-0.03375489375154199,-0.006615228479758897,0.34999999999999987
25.400000000000002,3.5836495359282425,0.017353973303506656,1.207120533929839,1.0,0.29621932618543795,0.1911289491248174,0.04826881450886902,-0.03375489375154199,-0.006615228479758897,0.34999999999999987
25.42,3.5856495359282423,0.017353973303506656,1.207320533929839,1.0,0.29621932618543795,0.1911289491248174,0.04826881450886902,-0.03375489375154199,-0.006615228479758897,0.34999999999999987
25.44,3.587649535928242,0.017353973303506656,1.207520533929839,1.0,0.29621932618543795,0.1911289491248174,0.04826881450886902,-0.03375489375154199,-0.006615228479758897,0.34999999999999987
25.46,3.589649535928242,0.017353973303506656,1.207720533929839,1.0,0.29621932618543795,0.1911289491248174,0.04826881450886902,-0.03375489375154199,-0.006615228479758897,0.34999999999999987
25.48,3.5916495359282417,0.017353973303506656,1.207920533929839,1.0,0.29621932618543795,0.1911289491248174,0.04826881450886902,-0.03375489375154199,-0.006615228479758897,0.34999999999999987
25.5,3.5936495359282414,0.017353973303506656,1.2081205339298389,1.0,0.29621932618543795,0.1911289491248174,0.04826881450886902,-0.03375489375154199,-0.006615228479758897,0.34999999999999987
25.52,3.595649535928241,0.017353973303506656,1.2083205339298388,1.0,0.29621932618543795,0.1911289491248174,0.04826881450886902,-0.03375489375154199,-0.006615228479758897,0.34999999999999987
25.54,3.597649535928241,0.017353973303506656,1.2085205339298388,1.0,0.29621932618543795,0.1911289491248174,0.04826881450886902,-0.03375489375154199,-0.006615228479758897,0.34999999999999987
25.560000000000002,3.5996495359282408,0.017353973303506656,1.2087205339298388,1.0,0.29621932618543795,0.1911289491248174,0.04826881450886902,-0.03375489375154199,-0.006615228479758897,0.34999999999999987
25.580000000000002,3.6016495359282406,0.017353973303506656,1.2089205339298388,1.0,0.29621932618543795,0.1911289491248174,0.04826881450886902,-0.03375489375154199,-0.006615228479758897,0.34999999999999987
25.6,3.6036495359282403,0.017353973303506656,1.2091205339298388,1.0,0.29621932618543795,0.1911289491248174,0.04826881450886902,-0.03375489375154199,-0.006615228479758897,0.34999999999999987
25.62,3.60564953592824,0.017353973303506656,1.2093205339298387,1.0,0.29621932618543795,0.1911289491248174,0.04826881450886902,-0.03375489375154199,-0.006615228479758897,0.34999999999999987
25.64,3.60764953592824,0.017353973303506656,1.2095205339298387,1.0,0.29621932618543795,0.1911289491248174,0.04826881450886902,-0.03375489375154199,-0.006615228479758897,0.34999999999999987
25.66,3.6096495359282397,0.017353973303506656,1.2097205339298387,1.0,0.29621932618543795,0.1911289491248174,0.04826881450886902,-0.03375489375154199,-0.006615228479758897,0.34999999999999987
25.68,3.6116495359282395,0.017353973303506656,1.2099205339298387,1.0,0.29621932618543795,0.1911289491248174,0.04826881450886902,-0.03375489375154199,-0.006615228479758897,0.34999999999999987
25.7,3.6136495359282392,0.017353973303506656,1.2101205339298386,1.0,0.29621932618543795,0.1911289491248174,0.04826881450886902,-0.03375489375154199,-0.006615228479758897,0.34999999999999987
25.72,3.615649535928239,0.017353973303506656,1.2103205339298386,1.0,0.29621932618543795,0.1911289491248174,0.04826881450886902,-0.03375489375154199,-0.006615228479758897,0.34999999999999987
25.740000000000002,3.617649535928239,0.017353973303506656,1.2105205339298386,1.0,0.29621932618543795,0.1911289491248174,0.04826881450886902,-0.03375489375154199,-0.006615228479758897,0.34999999999999987
25.76,3.6196495359282386,0.017353973303506656,1.2107205339298386,1.0,0.29621932618543795,0.1911289491248174,0.04826881450886902,-0.03375489375154199,-0.006615228479758897,0.34999999999999987
25.78,3.6216495359282384,0.017353973303506656,1.2109205339298386,1.0,0.29621932618543795,0.1911289491248174,0.04826881450886902,-0.03375489375154199,-0.006615228479758897,0.34999999999999987
25.8,3.623649535928238,0.017353973303506656,1.2111205339298385,1.0,0.29621932618543795,0.1911289491248174,0.04826881450886902,-0.03375489375154199,-0.006615228479758897,0.34999999999999987
25.82,3.625649535928238,0.017353973303506656,1.2113205339298385,1.0,0.29621932618543795,0.1911289491248174,0.04826881450886902,-0.03375489375154199,-0.006615228479758897,0.34999999999999987
25.84,3.6276495359282377,0.017353973303506656,1.2115205339298385,1.0,0.29621932618543795,0.1911289491248174,0.04826881450886902,-0.03375489375154199,-0.006615228479758897,0.34999999999999987
25.86,3.6296495359282375,0.017353973303506656,1.2117205339298385,1.0,0.29621932618543795,0.1911289491248174,0.04826881450886902,-0.03375489375154199,-0.006615228479758897,0.34999999999999987
25.88,3.6316495359282372,0.017353973303506656,1.2119205339298385,1.0,0.29621932618543795,0.1911289491248174,0.04826881450886902,-0.03375489375154199,-0.006615228479758897,0.34999999999999987
25.900000000000002,3.633649535928237,0.017353973303506656,1.2121205339298384,1.0,0.29621932618543795,0.1911289491248174,0.04826881450886902,-0.03375489375154199,-0.006615228479758897,0.34999999999999987
25.92,3.635649535928237,0.017353973303506656,1.2123205339298384,1.0,0.29621932618543795,0.1911289491248174,0.04826881450886902,-0.03375489375154199,-0.006615228479758897,0.34999999999999987
25.94,3.6376495359282366,0.017353973303506656,1.2125205339298384,1.0,0.29621932618543795,0.1911289491248174,0.04826881450886902,-0.03375489375154199,-0.006615228479758897,0.34999999999999987
25.96,3.6396495359282364,0.017353973303506656,1.2127205339298384,1.0,0.29621932618543795,0.1911289491248174,0.04826881450886902,-0.03375489375154199,-0.006615228479758897,0.34999999999999987
25.98,3.641649535928236,0.017353973303506656,1.2129205339298383,1.0,0.29621932618543795,0.1911289491248174,0.04826881450886902,-0.03375489375154199,-0.006615228479758897,0.34999999999999987
26.0,3.643649535928236,0.017353973303506656,1.2131205339298383,1.0,0.29621932618543795,0.1911289491248174,0.04826881450886902,-0.03375489375154199,-0.006615228479758897,0.34999999999999987
26.02,3.6456495359282357,0.017353973303506656,1.2133205339298383,1.0,0.29621932618543795,0.1911289491248174,0.04826881450886902,-0.03375489375154199,-0.006615228479758897,0.34999999999999987
26.04,3.6476495359282355,0.017353973303506656,1.2135205339298383,1.0,0.29621932618543795,0.1911289491248174,0.04826881450886902,-0.03375489375154199,-0.006615228479758897,0.34999999999999987
26.060000000000002,3.6496495359282353,0.017353973303506656,1.2137205339298383,1.0,0.29621932618543795,0.1911289491248174,0.04826881450886902,-0.03375489375154199,-0.006615228479758897,0.34999999999999987
26.080000000000002,3.651649535928235,0.017353973303506656,1.2139205339298382,1.0,0.29621932618543795,0.1911289491248174,0.04826881450886902,-0.03375489375154199,-0.006615228479758897,0.34999999999999987
26.1,3.653649535928235,0.017353973303506656,1.2141205339298382,1.0,0.29621932618543795,0.1911289491248174,0.04826881450886902,-0.03375489375154199,-0.006615228479758897,0.34999999999999987
26.12,3.6556495359282346,0.017353973303506656,1.2143205339298382,1.0,0.29621932618543795,0.1911289491248174,0.04826881450886902,-0.03375489375154199,-0.006615228479758897,0.34999999999999987
26.14,3.6576495359282344,0.017353973303506656,1.2145205339298382,1.0,0.29621932618543795,0.1911289491248174,0.04826881450886902,-0.03375489375154199,-0.006615228479758897,0.34999999999999987
26.16,3.659649535928234,0.017353973303506656,1.2147205339298381,1.0,0.29621932618543795,0.1911289491248174,0.04826881450886902,-0.03375489375154199,-0.006615228479758897,0.34999999999999987
26.18,3.661649535928234,0.017353973303506656,1.2149205339298381,1.0,0.29621932618543795,0.1911289491248174,0.04826881450886902,-0.03375489375154199,-0.006615228479758897,0.34999999999999987
26.2,3.6636495359282337,0.017353973303506656,1.215120533929838,1.0,0.29621932618543795,0.1911289491248174,0.04826881450886902,-0.03375489375154199,-0.006615228479758897,0.34999999999999987
26.22,3.6656495359282335,0.017353973303506656,1.215320533929838,1.0,0.29621932618543795,0.1911289491248174,0.04826881450886902,-0.03375489375154199,-0.006615228479758897,0.34999999999999987
26.240000000000002,3.6676495359282333,0.017353973303506656,1.215520533929838,1.0,0.29621932618543795,0.1911289491248174,0.04826881450886902,-0.03375489375154199,-0.006615228479758897,0.34999999999999987
26.26,3.669649535928233,0.017353973303506656,1.215720533929838,1.0,0.29621932618543795,0.1911289491248174,0.04826881450886902,-0.03375489375154199,-0.006615228479758897,0.34999999999999987
26.28,3.671649535928233,0.017353973303506656,1.215920533929838,1.0,0.29621932618543795,0.1911289491248174,0.04826881450886902,-0.03375489375154199,-0.006615228479758897,0.34999999999999987
26.3,3.6736495359282326,0.017353973303506656,1.216120533929838,1.0,0.29621932618543795,0.1911289491248174,0.04826881450886902,-0.03375489375154199,-0.006615228479758897,0.34999999999999987
26.32,3.6756495359282324,0.017353973303506656,1.216320533929838,1.0,0.29621932618543795,0.1911289491248174,0.04826881450886902,-0.03375489375154199,-0.006615228479758897,0.34999999999999987
26.34,3.677649535928232,0.017353973303506656,1.216520533929838,1.0,0.29621932618543795,0.1911289491248174,0.04826881450886902,-0.03375489375154199,-0.006615228479758897,0.34999999999999987
26.36,3.679649535928232,0.017353973303506656,1.216720533929838,1.0,0.29621932618543795,0.1911289491248174,0.04826881450886902,-0.03375489375154199,-0.006615228479758897,0.34999999999999987
26.38,3.6816495359282317,0.017353973303506656,1.216920533929838,1.0,0.29621932618543795,0.1911289491248174,0.04826881450886902,-0.03375489375154199,-0.006615228479758897,0.34999999999999987
26.400000000000002,3.6836495359282315,0.017353973303506656,1.2171205339298379,1.0,0.29621932618543795,0.1911289491248174,0.04826881450886902,-0.03375489375154199,-0.006615228479758897,0.34999999999999987
26.42,3.6856495359282313,0.017353973303506656,1.2173205339298379,1.0,0.29621932618543795,0.1911289491248174,0.04826881450886902,-0.03375489375154199,-0.006615228479758897,0.34999999999999987
26.44,3.687649535928231,0.017353973303506656,1.2175205339298378,1.0,0.29621932618543795,0.1911289491248174,0.04826881450886902,-0.03375489375154199,-0.006615228479758897,0.34999999999999987
26.46,3.689649535928231,0.017353973303506656,1.2177205339298378,1.0,0.29621932618543795,0.1911289491248174,0.04826881450886902,-0.03375489375154199,-0.006615228479758897,0.34999999999999987
26.48,3.6916495359282306,0.017353973303506656,1.2179205339298378,1.0,0.29621932618543795,0.1911289491248174,0.04826881450886902,-0.03375489375154199,-0.006615228479758897,0.34999999999999987
26.5,3.6936495359282304,0.017353973303506656,1.2181205339298378,1.0,0.29621932618543795,0.1911289491248174,0.04826881450886902,-0.03375489375154199,-0.006615228479758897,0.34999999999999987
26.52,3.69564953592823,0.017353973303506656,1.2183205339298377,1.0,0.29621932618543795,0.1911289491248174,0.04826881450886902,-0.03375489375154199,-0.006615228479758897,0.34999999999999987
26.54,3.69764953592823,0.017353973303506656,1.2185205339298377,1.0,0.29621932618543795,0.1911289491248174,0.04826881450886902,-0.03375489375154199,-0.006615228479758897,0.34999999999999987
26.560000000000002,3.6996495359282298,0.017353973303506656,1.2187205339298377,1.0,0.29621932618543795,0.1911289491248174,0.04826881450886902,-0.03375489375154199,-0.006615228479758897,0.34999999999999987
26.580000000000002,3.7016495359282295,0.017353973303506656,1.2189205339298377,1.0,0.29621932618543795,0.1911289491248174,0.04826881450886902,-0.03375489375154199,-0.006615228479758897,0.34999999999999987
26.6,3.7036495359282293,0.017353973303506656,1.2191205339298377,1.0,0.29621932618543795,0.1911289491248174,0.04826881450886902,-0.03375489375154199,-0.006615228479758897,0.34999999999999987
26.62,3.705649535928229,0.017353973303506656,1.2193205339298376,1.0,0.29621932618543795,0.1911289491248174,0.04826881450886902,-0.03375489375154199,-0.006615228479758897,0.34999999999999987
26.64,3.707649535928229,0.017353973303506656,1.2195205339298376,1.0,0.29621932618543795,0.1911289491248174,0.04826881450886902,-0.03375489375154199,-0.006615228479758897,0.34999999999999987
26.66,3.7096495359282287,0.017353973303506656,1.2197205339298376,1.0,0.29621932618543795,0.1911289491248174,0.04826881450886902,-0.03375489375154199,-0.006615228479758897,0.34999999999999987
26.68,3.7116495359282284,0.017353973303506656,1.2199205339298376,1.0,0.29621932618543795,0.1911289491248174,0.04826881450886902,-0.03375489375154199,-0.006615228479758897,0.34999999999999987
26.7,3.713649535928228,0.017353973303506656,1.2201205339298375,1.0,0.29621932618543795,0.1911289491248174,0.04826881450886902,-0.03375489375154199,-0.006615228479758897,0.34999999999999987
26.72,3.715649535928228,0.017353973303506656,1.2203205339298375,1.0,0.29621932618543795,0.1911289491248174,0.04826881450886902,-0.03375489375154199,-0.006615228479758897,0.34999999999999987
26.740000000000002,3.7176495359282278,0.017353973303506656,1.2205205339298375,1.0,0.29621932618543795,0.1911289491248174,0.04826881450886902,-0.03375489375154199,-0.006615228479758897,0.34999999999999987
26.76,3.7196495359282276,0.017353973303506656,1.2207205339298375,1.0,0.29621932618543795,0.1911289491248174,0.04826881450886902,-0.03375489375154199,-0.006615228479758897,0.34999999999999987
26.78,3.7216495359282273,0.017353973303506656,1.2209205339298375,1.0,0.29621932618543795,0.1911289491248174,0.04826881450886902,-0.03375489375154199,-0.006615228479758897,0.34999999999999987
26.8,3.723649535928227,0.017353973303506656,1.2211205339298374,1.0,0.29621932618543795,0.1911289491248174,0.04826881450886902,-0.03375489375154199,-0.006615228479758897,0.34999999999999987
26.82,3.725649535928227,0.017353973303506656,1.2213205339298374,1.0,0.29621932618543795,0.1911289491248174,0.04826881450886902,-0.03375489375154199,-0.006615228479758897,0.34999999999999987
26.84,3.7276495359282267,0.017353973303506656,1.2215205339298374,1.0,0.29621932618543795,0.1911289491248174,0.04826881450886902,-0.03375489375154199,-0.006615228479758897,0.34999999999999987
26.86,3.7296495359282265,0.017353973303506656,1.2217205339298374,1.0,0.29621932618543795,0.1911289491248174,0.04826881450886902,-0.03375489375154199,-0.006615228479758897,0.34999999999999987
26.88,3.7316495359282262,0.017353973303506656,1.2219205339298373,1.0,0.29621932618543795,0.1911289491248174,0.04826881450886902,-0.03375489375154199,-0.006615228479758897,0.34999999999999987
26.900000000000002,3.733649535928226,0.017353973303506656,1.2221205339298373,1.0,0.29621932618543795,0.1911289491248174,0.04826881450886902,-0.03375489375154199,-0.006615228479758897,0.34999999999999987
26.92,3.735649535928226,0.017353973303506656,1.2223205339298373,1.0,0.29621932618543795,0.1911289491248174,0.04826881450886902,-0.03375489375154199,-0.006615228479758897,0.34999999999999987
26.94,3.7376495359282256,0.017353973303506656,1.2225205339298373,1.0,0.29621932618543795,0.1911289491248174,0.04826881450886902,-0.03375489375154199,-0.006615228479758897,0.34999999999999987
26.96,3.7396495359282254,0.017353973303506656,1.2227205339298373,1.0,0.29621932618543795,0.1911289491248174,0.04826881450886902,-0.03375489375154199,-0.006615228479758897,0.34999999999999987
26.98,3.741649535928225,0.017353973303506656,1.2229205339298372,1.0,0.29621932618543795,0.1911289491248174,0.04826881450886902,-0.03375489375154199,-0.006615228479758897,0.34999999999999987
27.0,3.743649535928225,0.017353973303506656,1.2231205339298372,1.0,0.29621932618543795,0.1911289491248174,0.04826881450886902,-0.03375489375154199,-0.006615228479758897,0.34999999999999987
27.02,3.7456495359282247,0.017353973303506656,1.2233205339298372,1.0,0.29621932618543795,0.1911289491248174,0.04826881450886902,-0.03375489375154199,-0.006615228479758897,0.34999999999999987
27.04,3.7476495359282245,0.017353973303506656,1.2235205339298372,1.0,0.29621932618543795,0.1911289491248174,0.04826881450886902,-0.03375489375154199,-0.006615228479758897,0.34999999999999987
27.060000000000002,3.7496495359282243,0.017353973303506656,1.2237205339298372,1.0,0.29621932618543795,0.1911289491248174,0.04826881450886902,-0.03375489375154199,-0.006615228479758897,0.34999999999999987
27.080000000000002,3.751649535928224,0.017353973303506656,1.2239205339298371,1.0,0.29621932618543795,0.1911289491248174,0.04826881450886902,-0.03375489375154199,-0.006615228479758897,0.34999999999999987
27.1,3.753649535928224,0.017353973303506656,1.224120533929837,1.0,0.29621932618543795,0.1911289491248174,0.04826881450886902,-0.03375489375154199,-0.006615228479758897,0.34999999999999987
27.12,3.7556495359282236,0.017353973303506656,1.224320533929837,1.0,0.29621932618543795,0.1911289491248174,0.04826881450886902,-0.03375489375154199,-0.006615228479758897,0.34999999999999987
27.14,3.7576495359282234,0.017353973303506656,1.224520533929837,1.0,0.29621932618543795,0.1911289491248174,0.04826881450886902,-0.03375489375154199,-0.006615228479758897,0.34999999999999987
27.16,3.759649535928223,0.017353973303506656,1.224720533929837,1.0,0.29621932618543795,0.1911289491248174,0.04826881450886902,-0.03375489375154199,-0.006615228479758897,0.34999999999999987
27.18,3.761649535928223,0.017353973303506656,1.224920533929837,1.0,0.29621932618543795,0.1911289491248174,0.04826881450886902,-0.03375489375154199,-0.006615228479758897,0.34999999999999987
27.2,3.7636495359282227,0.017353973303506656,1.225120533929837,1.0,0.29621932618543795,0.1911289491248174,0.04826881450886902,-0.03375489375154199,-0.006615228479758897,0.34999999999999987
27.22,3.7656495359282225,0.017353973303506656,1.225320533929837,1.0,0.29621932618543795,0.1911289491248174,0.04826881450886902,-0.03375489375154199,-0.006615228479758897,0.34999999999999987
27.240000000000002,3.7676495359282223,0.017353973303506656,1.225520533929837,1.0,0.29621932618543795,0.1911289491248174,0.04826881450886902,-0.03375489375154199,-0.006615228479758897,0.34999999999999987
27.26,3.769649535928222,0.017353973303506656,1.225720533929837,1.0,0.29621932618543795,0.1911289491248174,0.04826881450886902,-0.03375489375154199,-0.006615228479758897,0.34999999999999987
27.28,3.771649535928222,0.017353973303506656,1.225920533929837,1.0,0.29621932618543795,0.1911289491248174,0.04826881450886902,-0.03375489375154199,-0.006615228479758897,0.34999999999999987
27.3,3.7736495359282216,0.017353973303506656,1.2261205339298369,1.0,0.29621932618543795,0.1911289491248174,0.04826881450886902,-0.03375489375154199,-0.006615228479758897,0.34999999999999987
27.32,3.7756495359282214,0.017353973303506656,1.2263205339298369,1.0,0.29621932618543795,0.1911289491248174,0.04826881450886902,-0.03375489375154199,-0.006615228479758897,0.34999999999999987
27.34,3.777649535928221,0.017353973303506656,1.2265205339298368,1.0,0.29621932618543795,0.1911289491248174,0.04826881450886902,-0.03375489375154199,-0.006615228479758897,0.34999999999999987
27.36,3.779649535928221,0.017353973303506656,1.2267205339298368,1.0,0.29621932618543795,0.1911289491248174,0.04826881450886902,-0.03375489375154199,-0.006615228479758897,0.34999999999999987
27.38,3.7816495359282207,0.017353973303506656,1.2269205339298368,1.0,0.29621932618543795,0.1911289491248174,0.04826881450886902,-0.03375489375154199,-0.006615228479758897,0.34999999999999987
27.400000000000002,3.7836495359282205,0.017353973303506656,1.2271205339298368,1.0,0.29621932618543795,0.1911289491248174,0.04826881450886902,-0.03375489375154199,-0.006615228479758897,0.34999999999999987
27.42,3.7856495359282203,0.017353973303506656,1.2273205339298368,1.0,0.29621932618543795,0.1911289491248174,0.04826881450886902,-0.03375489375154199,-0.006615228479758897,0.34999999999999987
27.44,3.78764953592822,0.017353973303506656,1.2275205339298367,1.0,0.29621932618543795,0.1911289491248174,0.04826881450886902,-0.03375489375154199,-0.006615228479758897,0.34999999999999987
27.46,3.78964953592822,0.017353973303506656,1.2277205339298367,1.0,0.29621932618543795,0.1911289491248174,0.04826881450886902,-0.03375489375154199,-0.006615228479758897,0.34999999999999987
27.48,3.7916495359282196,0.017353973303506656,1.2279205339298367,1.0,0.29621932618543795,0.1911289491248174,0.04826881450886902,-0.03375489375154199,-0.006615228479758897,0.34999999999999987
27.5,3.7936495359282194,0.017353973303506656,1.2281205339298367,1.0,0.29621932618543795,0.1911289491248174,0.04826881450886902,-0.03375489375154199,-0.006615228479758897,0.34999999999999987
27.52,3.795649535928219,0.017353973303506656,1.2283205339298366,1.0,0.29621932618543795,0.1911289491248174,0.04826881450886902,-0.03375489375154199,-0.006615228479758897,0.34999999999999987
27.54,3.797649535928219,0.017353973303506656,1.2285205339298366,1.0,0.29621932618543795,0.1911289491248174,0.04826881450886902,-0.03375489375154199,-0.006615228479758897,0.34999999999999987
27.560000000000002,3.7996495359282187,0.017353973303506656,1.2287205339298366,1.0,0.29621932618543795,0.1911289491248174,0.04826881450886902,-0.03375489375154199,-0.006615228479758897,0.34999999999999987
27.580000000000002,3.8016495359282185,0.017353973303506656,1.2289205339298366,1.0,0.29621932618543795,0.1911289491248174,0.04826881450886902,-0.03375489375154199,-0.006615228479758897,0.34999999999999987
27.6,3.8036495359282183,0.017353973303506656,1.2291205339298366,1.0,0.29621932618543795,0.1911289491248174,0.04826881450886902,-0.03375489375154199,-0.006615228479758897,0.34999999999999987
27.62,3.805649535928218,0.017353973303506656,1.2293205339298365,1.0,0.29621932618543795,0.1911289491248174,0.04826881450886902,-0.03375489375154199,-0.006615228479758897,0.34999999999999987
27.64,3.807649535928218,0.017353973303506656,1.2295205339298365,1.0,0.29621932618543795,0.1911289491248174,0.04826881450886902,-0.03375489375154199,-0.006615228479758897,0.34999999999999987
27.66,3.8096495359282176,0.017353973303506656,1.2297205339298365,1.0,0.29621932618543795,0.1911289491248174,0.04826881450886902,-0.03375489375154199,-0.006615228479758897,0.34999999999999987
27.68,3.8116495359282174,0.017353973303506656,1.2299205339298365,1.0,0.29621932618543795,0.1911289491248174,0.04826881450886902,-0.03375489375154199,-0.006615228479758897,0.34999999999999987
27.7,3.813649535928217,0.017353973303506656,1.2301205339298364,1.0,0.29621932618543795,0.1911289491248174,0.04826881450886902,-0.03375489375154199,-0.006615228479758897,0.34999999999999987
27.72,3.815649535928217,0.017353973303506656,1.2303205339298364,1.0,0.29621932618543795,0.1911289491248174,0.04826881450886902,-0.03375489375154199,-0.006615228479758897,0.34999999999999987
27.740000000000002,3.8176495359282168,0.017353973303506656,1.2305205339298364,1.0,0.29621932618543795,0.1911289491248174,0.04826881450886902,-0.03375489375154199,-0.006615228479758897,0.34999999999999987
27.76,3.8196495359282165,0.017353973303506656,1.2307205339298364,1.0,0.29621932618543795,0.1911289491248174,0.04826881450886902,-0.03375489375154199,-0.006615228479758897,0.34999999999999987
27.78,3.8216495359282163,0.017353973303506656,1.2309205339298364,1.0,0.29621932618543795,0.1911289491248174,0.04826881450886902,-0.03375489375154199,-0.006615228479758897,0.34999999999999987
27.8,3.823649535928216,0.017353973303506656,1.2311205339298363,1.0,0.29621932618543795,0.1911289491248174,0.04826881450886902,-0.03375489375154199,-0.006615228479758897,0.34999999999999987
27.82,3.825649535928216,0.017353973303506656,1.2313205339298363,1.0,0.29621932618543795,0.1911289491248174,0.04826881450886902,-0.03375489375154199,-0.006615228479758897,0.34999999999999987
27.84,3.8276495359282157,0.017353973303506656,1.2315205339298363,1.0,0.29621932618543795,0.1911289491248174,0.04826881450886902,-0.03375489375154199,-0.006615228479758897,0.34999999999999987
27.86,3.8296495359282154,0.017353973303506656,1.2317205339298363,1.0,0.29621932618543795,0.1911289491248174,0.04826881450886902,-0.03375489375154199,-0.006615228479758897,0.34999999999999987
27.88,3.8316495359282152,0.017353973303506656,1.2319205339298362,1.0,0.29621932618543795,0.1911289491248174,0.04826881450886902,-0.03375489375154199,-0.006615228479758897,0.34999999999999987
27.900000000000002,3.833649535928215,0.017353973303506656,1.2321205339298362,1.0,0.29621932618543795,0.1911289491248174,0.04826881450886902,-0.03375489375154199,-0.006615228479758897,0.34999999999999987
27.92,3.835649535928215,0.017353973303506656,1.2323205339298362,1.0,0.29621932618543795,0.1911289491248174,0.04826881450886902,-0.03375489375154199,-0.006615228479758897,0.34999999999999987
27.94,3.8376495359282146,0.017353973303506656,1.2325205339298362,1.0,0.29621932618543795,0.1911289491248174,0.04826881450886902,-0.03375489375154199,-0.006615228479758897,0.34999999999999987
27.96,3.8396495359282143,0.017353973303506656,1.2327205339298362,1.0,0.29621932618543795,0.1911289491248174,0.04826881450886902,-0.03375489375154199,-0.006615228479758897,0.34999999999999987
27.98,3.841649535928214,0.017353973303506656,1.2329205339298361,1.0,0.29621932618543795,0.1911289491248174,0.04826881450886902,-0.03375489375154199,-0.006615228479758897,0.34999999999999987
28.0,3.843649535928214,0.017353973303506656,1.2331205339298361,1.0,0.29621932618543795,0.1911289491248174,0.04826881450886902,-0.03375489375154199,-0.006615228479758897,0.34999999999999987
28.02,3.8456495359282137,0.017353973303506656,1.233320533929836,1.0,0.29621932618543795,0.1911289491248174,0.04826881450886902,-0.03375489375154199,-0.006615228479758897,0.34999999999999987
28.04,3.8476495359282135,0.017353973303506656,1.233520533929836,1.0,0.29621932618543795,0.1911289491248174,0.04826881450886902,-0.03375489375154199,-0.006615228479758897,0.34999999999999987
28.060000000000002,3.8496495359282132,0.017353973303506656,1.233720533929836,1.0,0.29621932618543795,0.1911289491248174,0.04826881450886902,-0.03375489375154199,-0.006615228479758897,0.34999999999999987
28.080000000000002,3.851649535928213,0.017353973303506656,1.233920533929836,1.0,0.29621932618543795,0.1911289491248174,0.04826881450886902,-0.03375489375154199,-0.006615228479758897,0.34999999999999987
28.1,3.853649535928213,0.017353973303506656,1.234120533929836,1.0,0.29621932618543795,0.1911289491248174,0.04826881450886902,-0.03375489375154199,-0.006615228479758897,0.34999999999999987
28.12,3.8556495359282126,0.017353973303506656,1.234320533929836,1.0,0.29621932618543795,0.1911289491248174,0.04826881450886902,-0.03375489375154199,-0.006615228479758897,0.34999999999999987
28.14,3.8576495359282124,0.017353973303506656,1.234520533929836,1.0,0.29621932618543795,0.1911289491248174,0.04826881450886902,-0.03375489375154199,-0.006615228479758897,0.34999999999999987
28.16,3.859649535928212,0.017353973303506656,1.234720533929836,1.0,0.29621932618543795,0.1911289491248174,0.04826881450886902,-0.03375489375154199,-0.006615228479758897,0.34999999999999987
28.18,3.861649535928212,0.017353973303506656,1.234920533929836,1.0,0.29621932618543795,0.1911289491248174,0.04826881450886902,-0.03375489375154199,-0.006615228479758897,0.34999999999999987
28.2,3.8636495359282117,0.017353973303506656,1.235120533929836,1.0,0.29621932618543795,0.1911289491248174,0.04826881450886902,-0.03375489375154199,-0.006615228479758897,0.34999999999999987
28.22,3.8656495359282115,0.017353973303506656,1.2353205339298359,1.0,0.29621932618543795,0.1911289491248174,0.04826881450886902,-0.03375489375154199,-0.006615228479758897,0.34999999999999987
28.240000000000002,3.8676495359282113,0.017353973303506656,1.2355205339298359,1.0,0.29621932618543795,0.1911289491248174,0.04826881450886902,-0.03375489375154199,-0.006615228479758897,0.34999999999999987
28.26,3.869649535928211,0.017353973303506656,1.2357205339298358,1.0,0.29621932618543795,0.1911289491248174,0.04826881450886902,-0.03375489375154199,-0.006615228479758897,0.34999999999999987
28.28,3.871649535928211,0.017353973303506656,1.2359205339298358,1.0,0.29621932618543795,0.1911289491248174,0.04826881450886902,-0.03375489375154199,-0.006615228479758897,0.34999999999999987
28.3,3.8736495359282106,0.017353973303506656,1.2361205339298358,1.0,0.29621932618543795,0.1911289491248174,0.04826881450886902,-0.03375489375154199,-0.006615228479758897,0.34999999999999987
28.32,3.8756495359282104,0.017353973303506656,1.2363205339298358,1.0,0.29621932618543795,0.1911289491248174,0.04826881450886902,-0.03375489375154199,-0.006615228479758897,0.34999999999999987
28.34,3.87764953592821,0.017353973303506656,1.2365205339298357,1.0,0.29621932618543795,0.1911289491248174,0.04826881450886902,-0.03375489375154199,-0.006615228479758897,0.34999999999999987
28.36,3.87964953592821,0.017353973303506656,1.2367205339298357,1.0,0.29621932618543795,0.1911289491248174,0.04826881450886902,-0.03375489375154199,-0.006615228479758897,0.34999999999999987
28.38,3.8816495359282097,0.017353973303506656,1.2369205339298357,1.0,0.29621932618543795,0.1911289491248174,0.04826881450886902,-0.03375489375154199,-0.006615228479758897,0.34999999999999987
28.400000000000002,3.8836495359282095,0.017353973303506656,1.2371205339298357,1.0,0.29621932618543795,0.1911289491248174,0.04826881450886902,-0.03375489375154199,-0.006615228479758897,0.34999999999999987
28.42,3.8856495359282093,0.017353973303506656,1.2373205339298357,1.0,0.29621932618543795,0.1911289491248174,0.04826881450886902,-0.03375489375154199,-0.006615228479758897,0.34999999999999987
28.44,3.887649535928209,0.017353973303506656,1.2375205339298356,1.0,0.29621932618543795,0.1911289491248174,0.04826881450886902,-0.03375489375154199,-0.006615228479758897,0.34999999999999987
28.46,3.889649535928209,0.017353973303506656,1.2377205339298356,1.0,0.29621932618543795,0.1911289491248174,0.04826881450886902,-0.03375489375154199,-0.006615228479758897,0.34999999999999987
28.48,3.8916495359282086,0.017353973303506656,1.2379205339298356,1.0,0.29621932618543795,0.1911289491248174,0.04826881450886902,-0.03375489375154199,-0.006615228479758897,0.34999999999999987
28.5,3.8936495359282084,0.017353973303506656,1.2381205339298356,1.0,0.29621932618543795,0.1911289491248174,0.04826881450886902,-0.03375489375154199,-0.006615228479758897,0.34999999999999987
28.52,3.895649535928208,0.017353973303506656,1.2383205339298355,1.0,0.29621932618543795,0.1911289491248174,0.04826881450886902,-0.03375489375154199,-0.006615228479758897,0.34999999999999987
28.54,3.897649535928208,0.017353973303506656,1.2385205339298355,1.0,0.29621932618543795,0.1911289491248174,0.04826881450886902,-0.03375489375154199,-0.006615228479758897,0.34999999999999987
28.560000000000002,3.8996495359282077,0.017353973303506656,1.2387205339298355,1.0,0.29621932618543795,0.1911289491248174,0.04826881450886902,-0.03375489375154199,-0.006615228479758897,0.34999999999999987
28.580000000000002,3.9016495359282075,0.017353973303506656,1.2389205339298355,1.0,0.29621932618543795,0.1911289491248174,0.04826881450886902,-0.03375489375154199,-0.006615228479758897,0.34999999999999987
28.6,3.9036495359282073,0.017353973303506656,1.2391205339298355,1.0,0.29621932618543795,0.1911289491248174,0.04826881450886902,-0.03375489375154199,-0.006615228479758897,0.34999999999999987
28.62,3.905649535928207,0.017353973303506656,1.2393205339298354,1.0,0.29621932618543795,0.1911289491248174,0.04826881450886902,-0.03375489375154199,-0.006615228479758897,0.34999999999999987
28.64,3.907649535928207,0.017353973303506656,1.2395205339298354,1.0,0.29621932618543795,0.1911289491248174,0.04826881450886902,-0.03375489375154199,-0.006615228479758897,0.34999999999999987
28.66,3.9096495359282066,0.017353973303506656,1.2397205339298354,1.0,0.29621932618543795,0.1911289491248174,0.04826881450886902,-0.03375489375154199,-0.006615228479758897,0.34999999999999987
28.68,3.9116495359282064,0.017353973303506656,1.2399205339298354,1.0,0.29621932618543795,0.1911289491248174,0.04826881450886902,-0.03375489375154199,-0.006615228479758897,0.34999999999999987
28.7,3.913649535928206,0.017353973303506656,1.2401205339298353,1.0,0.29621932618543795,0.1911289491248174,0.04826881450886902,-0.03375489375154199,-0.006615228479758897,0.34999999999999987
28.72,3.915649535928206,0.017353973303506656,1.2403205339298353,1.0,0.29621932618543795,0.1911289491248174,0.04826881450886902,-0.03375489375154199,-0.006615228479758897,0.34999999999999987
28.740000000000002,3.9176495359282058,0.017353973303506656,1.2405205339298353,1.0,0.29621932618543795,0.1911289491248174,0.04826881450886902,-0.03375489375154199,-0.006615228479758897,0.34999999999999987
28.76,3.9196495359282055,0.017353973303506656,1.2407205339298353,1.0,0.29621932618543795,0.1911289491248174,0.04826881450886902,-0.03375489375154199,-0.006615228479758897,0.34999999999999987
28.78,3.9216495359282053,0.017353973303506656,1.2409205339298353,1.0,0.29621932618543795,0.1911289491248174,0.04826881450886902,-0.03375489375154199,-0.006615228479758897,0.34999999999999987
28.8,3.923649535928205,0.017353973303506656,1.2411205339298352,1.0,0.29621932618543795,0.1911289491248174,0.04826881450886902,-0.03375489375154199,-0.006615228479758897,0.34999999999999987
28.82,3.925649535928205,0.017353973303506656,1.2413205339298352,1.0,0.29621932618543795,0.1911289491248174,0.04826881450886902,-0.03375489375154199,-0.006615228479758897,0.34999999999999987
28.84,3.9276495359282046,0.017353973303506656,1.2415205339298352,1.0,0.29621932618543795,0.1911289491248174,0.04826881450886902,-0.03375489375154199,-0.006615228479758897,0.34999999999999987
28.86,3.9296495359282044,0.017353973303506656,1.2417205339298352,1.0,0.29621932618543795,0.1911289491248174,0.04826881450886902,-0.03375489375154199,-0.006615228479758897,0.34999999999999987
28.88,3.931649535928204,0.017353973303506656,1.2419205339298351,1.0,0.29621932618543795,0.1911289491248174,0.04826881450886902,-0.03375489375154199,-0.006615228479758897,0.34999999999999987
28.900000000000002,3.933649535928204,0.017353973303506656,1.2421205339298351,1.0,0.29621932618543795,0.1911289491248174,0.04826881450886902,-0.03375489375154199,-0.006615228479758897,0.34999999999999987
28.92,3.9356495359282038,0.017353973303506656,1.242320533929835,1.0,0.29621932618543795,0.1911289491248174,0.04826881450886902,-0.03375489375154199,-0.006615228479758897,0.34999999999999987
28.94,3.9376495359282035,0.017353973303506656,1.242520533929835,1.0,0.29621932618543795,0.1911289491248174,0.04826881450886902,-0.03375489375154199,-0.006615228479758897,0.34999999999999987
28.96,3.9396495359282033,0.017353973303506656,1.242720533929835,1.0,0.29621932618543795,0.1911289491248174,0.04826881450886902,-0.03375489375154199,-0.006615228479758897,0.34999999999999987
28.98,3.941649535928203,0.017353973303506656,1.242920533929835,1.0,0.29621932618543795,0.1911289491248174,0.04826881450886902,-0.03375489375154199,-0.006615228479758897,0.34999999999999987
29.0,3.943649535928203,0.017353973303506656,1.243120533929835,1.0,0.29621932618543795,0.1911289491248174,0.04826881450886902,-0.03375489375154199,-0.006615228479758897,0.34999999999999987
29.02,3.9456495359282027,0.017353973303506656,1.243320533929835,1.0,0.29621932618543795,0.1911289491248174,0.04826881450886902,-0.03375489375154199,-0.006615228479758897,0.34999999999999987
29.04,3.9476495359282024,0.017353973303506656,1.243520533929835,1.0,0.29621932618543795,0.1911289491248174,0.04826881450886902,-0.03375489375154199,-0.006615228479758897,0.34999999999999987
29.060000000000002,3.9496495359282022,0.017353973303506656,1.243720533929835,1.0,0.29621932618543795,0.1911289491248174,0.04826881450886902,-0.03375489375154199,-0.006615228479758897,0.34999999999999987
29.080000000000002,3.951649535928202,0.017353973303506656,1.243920533929835,1.0,0.29621932618543795,0.1911289491248174,0.04826881450886902,-0.03375489375154199,-0.006615228479758897,0.34999999999999987
29.1,3.953649535928202,0.017353973303506656,1.244120533929835,1.0,0.29621932618543795,0.1911289491248174,0.04826881450886902,-0.03375489375154199,-0.006615228479758897,0.34999999999999987
29.12,3.9556495359282016,0.017353973303506656,1.2443205339298349,1.0,0.29621932618543795,0.1911289491248174,0.04826881450886902,-0.03375489375154199,-0.006615228479758897,0.34999999999999987
29.14,3.9576495359282013,0.017353973303506656,1.2445205339298349,1.0,0.29621932618543795,0.1911289491248174,0.04826881450886902,-0.03375489375154199,-0.006615228479758897,0.34999999999999987
29.16,3.959649535928201,0.017353973303506656,1.2447205339298348,1.0,0.29621932618543795,0.1911289491248174,0.04826881450886902,-0.03375489375154199,-0.006615228479758897,0.34999999999999987
29.18,3.961649535928201,0.017353973303506656,1.2449205339298348,1.0,0.29621932618543795,0.1911289491248174,0.04826881450886902,-0.03375489375154199,-0.006615228479758897,0.34999999999999987
29.2,3.9636495359282007,0.017353973303506656,1.2451205339298348,1.0,0.29621932618543795,0.1911289491248174,0.04826881450886902,-0.03375489375154199,-0.006615228479758897,0.34999999999999987
29.22,3.9656495359282005,0.017353973303506656,1.2453205339298348,1.0,0.29621932618543795,0.1911289491248174,0.04826881450886902,-0.03375489375154199,-0.006615228479758897,0.34999999999999987
29.240000000000002,3.9676495359282002,0.017353973303506656,1.2455205339298347,1.0,0.29621932618543795,0.1911289491248174,0.04826881450886902,-0.03375489375154199,-0.006615228479758897,0.34999999999999987
29.26,3.9696495359282,0.017353973303506656,1.2457205339298347,1.0,0.29621932618543795,0.1911289491248174,0.04826881450886902,-0.03375489375154199,-0.006615228479758897,0.34999999999999987
29.28,3.9716495359282,0.017353973303506656,1.2459205339298347,1.0,0.29621932618543795,0.1911289491248174,0.04826881450886902,-0.03375489375154199,-0.006615228479758897,0.34999999999999987
29.3,3.9736495359281996,0.017353973303506656,1.2461205339298347,1.0,0.29621932618543795,0.1911289491248174,0.04826881450886902,-0.03375489375154199,-0.006615228479758897,0.34999999999999987
29.32,3.9756495359281994,0.017353973303506656,1.2463205339298347,1.0,0.29621932618543795,0.1911289491248174,0.04826881450886902,-0.03375489375154199,-0.006615228479758897,0.34999999999999987
29.34,3.977649535928199,0.017353973303506656,1.2465205339298346,1.0,0.29621932618543795,0.1911289491248174,0.04826881450886902,-0.03375489375154199,-0.006615228479758897,0.34999999999999987
29.36,3.979649535928199,0.017353973303506656,1.2467205339298346,1.0,0.29621932618543795,0.1911289491248174,0.04826881450886902,-0.03375489375154199,-0.006615228479758897,0.34999999999999987
29.38,3.9816495359281987,0.017353973303506656,1.2469205339298346,1.0,0.29621932618543795,0.1911289491248174,0.04826881450886902,-0.03375489375154199,-0.006615228479758897,0.34999999999999987
29.400000000000002,3.9836495359281985,0.017353973303506656,1.2471205339298346,1.0,0.29621932618543795,0.1911289491248174,0.04826881450886902,-0.03375489375154199,-0.006615228479758897,0.34999999999999987
29.42,3.9856495359281983,0.017353973303506656,1.2473205339298346,1.0,0.29621932618543795,0.1911289491248174,0.04826881450886902,-0.03375489375154199,-0.006615228479758897,0.34999999999999987
29.44,3.987649535928198,0.017353973303506656,1.2475205339298345,1.0,0.29621932618543795,0.1911289491248174,0.04826881450886902,-0.03375489375154199,-0.006615228479758897,0.34999999999999987
29.46,3.989649535928198,0.017353973303506656,1.2477205339298345,1.0,0.29621932618543795,0.1911289491248174,0.04826881450886902,-0.03375489375154199,-0.006615228479758897,0.34999999999999987
29.48,3.9916495359281976,0.017353973303506656,1.2479205339298345,1.0,0.29621932618543795,0.1911289491248174,0.04826881450886902,-0.03375489375154199,-0.006615228479758897,0.34999999999999987
29.5,3.9936495359281974,0.017353973303506656,1.2481205339298345,1.0,0.29621932618543795,0.1911289491248174,0.04826881450886902,-0.03375489375154199,-0.006615228479758897,0.34999999999999987
29.52,3.995649535928197,0.017353973303506656,1.2483205339298344,1.0,0.29621932618543795,0.1911289491248174,0.04826881450886902,-0.03375489375154199,-0.006615228479758897,0.34999999999999987
29.54,3.997649535928197,0.017353973303506656,1.2485205339298344,1.0,0.29621932618543795,0.1911289491248174,0.04826881450886902,-0.03375489375154199,-0.006615228479758897,0.34999999999999987
29.560000000000002,3.9996495359281967,0.017353973303506656,1.2487205339298344,1.0,0.29621932618543795,0.1911289491248174,0.04826881450886902,-0.03375489375154199,-0.006615228479758897,0.34999999999999987
29.580000000000002,4.0016495359281965,0.017353973303506656,1.2489205339298344,1.0,0.29621932618543795,0.1911289491248174,0.04826881450886902,-0.03375489375154199,-0.006615228479758897,0.34999999999999987
29.6,4.003649535928196,0.017353973303506656,1.2491205339298344,1.0,0.29621932618543795,0.1911289491248174,0.04826881450886902,-0.03375489375154199,-0.006615228479758897,0.34999999999999987
29.62,4.005649535928196,0.017353973303506656,1.2493205339298343,1.0,0.29621932618543795,0.1911289491248174,0.04826881450886902,-0.03375489375154199,-0.006615228479758897,0.34999999999999987
29.64,4.007649535928196,0.017353973303506656,1.2495205339298343,1.0,0.29621932618543795,0.1911289491248174,0.04826881450886902,-0.03375489375154199,-0.006615228479758897,0.34999999999999987
29.66,4.009649535928196,0.017353973303506656,1.2497205339298343,1.0,0.29621932618543795,0.1911289491248174,0.04826881450886902,-0.03375489375154199,-0.006615228479758897,0.34999999999999987
29.68,4.011649535928195,0.017353973303506656,1.2499205339298343,1.0,0.29621932618543795,0.1911289491248174,0.04826881450886902,-0.03375489375154199,-0.006615228479758897,0.34999999999999987
29.7,4.013649535928195,0.017353973303506656,1.2501205339298342,1.0,0.29621932618543795,0.1911289491248174,0.04826881450886902,-0.03375489375154199,-0.006615228479758897,0.34999999999999987
29.72,4.015649535928195,0.017353973303506656,1.2503205339298342,1.0,0.29621932618543795,0.1911289491248174,0.04826881450886902,-0.03375489375154199,-0.006615228479758897,0.34999999999999987
29.740000000000002,4.017649535928195,0.017353973303506656,1.2505205339298342,1.0,0.29621932618543795,0.1911289491248174,0.04826881450886902,-0.03375489375154199,-0.006615228479758897,0.34999999999999987
29.76,4.0196495359281945,0.017353973303506656,1.2507205339298342,1.0,0.29621932618543795,0.1911289491248174,0.04826881450886902,-0.03375489375154199,-0.006615228479758897,0.34999999999999987
29.78,4.021649535928194,0.017353973303506656,1.2509205339298342,1.0,0.29621932618543795,0.1911289491248174,0.04826881450886902,-0.03375489375154199,-0.006615228479758897,0.34999999999999987
29.8,4.023649535928194,0.017353973303506656,1.2511205339298341,1.0,0.29621932618543795,0.1911289491248174,0.04826881450886902,-0.03375489375154199,-0.006615228479758897,0.34999999999999987
29.82,4.025649535928194,0.017353973303506656,1.2513205339298341,1.0,0.29621932618543795,0.1911289491248174,0.04826881450886902,-0.03375489375154199,-0.006615228479758897,0.34999999999999987
29.84,4.027649535928194,0.017353973303506656,1.251520533929834,1.0,0.29621932618543795,0.1911289491248174,0.04826881450886902,-0.03375489375154199,-0.006615228479758897,0.34999999999999987
29.86,4.029649535928193,0.017353973303506656,1.251720533929834,1.0,0.29621932618543795,0.1911289491248174,0.04826881450886902,-0.03375489375154199,-0.006615228479758897,0.34999999999999987
29.88,4.031649535928193,0.017353973303506656,1.251920533929834,1.0,0.29621932618543795,0.1911289491248174,0.04826881450886902,-0.03375489375154199,-0.006615228479758897,0.34999999999999987
29.900000000000002,4.033649535928193,0.017353973303506656,1.252120533929834,1.0,0.29621932618543795,0.1911289491248174,0.04826881450886902,-0.03375489375154199,-0.006615228479758897,0.34999999999999987
29.92,4.035649535928193,0.017353973303506656,1.252320533929834,1.0,0.29621932618543795,0.1911289491248174,0.04826881450886902,-0.03375489375154199,-0.006615228479758897,0.34999999999999987
29.94,4.0376495359281925,0.017353973303506656,1.252520533929834,1.0,0.29621932618543795,0.1911289491248174,0.04826881450886902,-0.03375489375154199,-0.006615228479758897,0.34999999999999987
29.96,4.039649535928192,0.017353973303506656,1.252720533929834,1.0,0.29621932618543795,0.1911289491248174,0.04826881450886902,-0.03375489375154199,-0.006615228479758897,0.34999999999999987
29.98,4.041649535928192,0.017353973303506656,1.252920533929834,1.0,0.29621932618543795,0.1911289491248174,0.04826881450886902,-0.03375489375154199,-0.006615228479758897,0.34999999999999987
