/*--------------------------------*- C++ -*----------------------------------*\
  =========                 |
  \\      /  F ield         | OpenFOAM: The Open Source CFD Toolbox
   \\    /   O peration     | Website:  https://openfoam.org
    \\  /    A nd           | Version:  11
     \\/     M anipulation  |
\*---------------------------------------------------------------------------*/
FoamFile
{
    format      ascii;
    class       volVectorField;
    location    "50";
    object      U;
}
// * * * * * * * * * * * * * * * * * * * * * * * * * * * * * * * * * * * * * //

dimensions      [0 1 -1 0 0 0 0];

internalField   nonuniform List<vector> 
12920
(
(1.000006866 -7.234068879e-06 -2.024201252e-07)
(1.000038129 -2.194227044e-05 -6.361646062e-07)
(1.000113952 -3.812313073e-05 -1.227642507e-06)
(1.00023733 -5.662734852e-05 -2.091972593e-06)
(1.000412654 -7.753898641e-05 -3.327839936e-06)
(1.000647215 -9.971307751e-05 -4.980078962e-06)
(1.00094372 -0.0001207318275 -6.986071269e-06)
(1.00129959 -0.0001355563375 -9.02778905e-06)
(1.001682354 -0.0001404794626 -1.061557241e-05)
(1.002085509 -0.0001239305651 -1.07258639e-05)
(1.002393059 -9.372215639e-05 -9.186140015e-06)
(1.002618958 -2.121355206e-05 -3.671116586e-06)
(1.002614358 2.324680993e-05 5.084113532e-08)
(1.002481975 7.603056992e-05 4.599360901e-06)
(1.002210691 0.000113890708 7.777843718e-06)
(1.001850625 0.0001316512337 8.944828623e-06)
(1.001465427 0.0001305745941 8.225703575e-06)
(1.001110473 0.000115817007 6.248612656e-06)
(1.000823447 9.581591651e-05 4.106680294e-06)
(1.000597441 7.63785768e-05 2.452914098e-06)
(1.000425318 5.964645326e-05 1.268322443e-06)
(1.00029432 4.539172341e-05 3.604095711e-07)
(1.000201543 3.44992591e-05 -2.58442198e-07)
(1.000133315 2.635588833e-05 -6.585201674e-07)
(1.000087619 2.10315515e-05 -8.980740374e-07)
(1.000052268 1.729006343e-05 -1.086075836e-06)
(1.000030269 1.504997627e-05 -1.165746116e-06)
(1.000012049 1.352108876e-05 -1.180637846e-06)
(1.000002148 1.287105391e-05 -1.185912316e-06)
(0.9999918685 1.25021581e-05 -1.186918026e-06)
(0.9999873269 1.228116948e-05 -1.193600294e-06)
(0.9999786351 1.208423906e-05 -1.214464345e-06)
(1.000006575 -2.129677123e-05 -2.458625483e-07)
(1.000036499 -6.463880929e-05 -7.757711709e-07)
(1.000109339 -0.0001125497315 -1.518495522e-06)
(1.000228946 -0.0001677353793 -2.637908698e-06)
(1.000401348 -0.0002306151568 -4.287487977e-06)
(1.000635799 -0.0002980709032 -6.562639279e-06)
(1.000938337 -0.0003625427278 -9.404793108e-06)
(1.001306546 -0.000409792774 -1.24078026e-05)
(1.001716597 -0.0004234038318 -1.475930516e-05)
(1.002133001 -0.0003812681217 -1.520231354e-05)
(1.00249085 -0.0002707679427 -1.245998712e-05)
(1.002700979 -9.947078562e-05 -6.330925348e-06)
(1.002725965 7.093525609e-05 3.697880677e-07)
(1.002579974 0.0002344556757 6.92826983e-06)
(1.002279034 0.0003497855162 1.129793452e-05)
(1.001888084 0.0004029909542 1.275896969e-05)
(1.001474281 0.000397194374 1.145747839e-05)
(1.001105024 0.0003493736048 8.411144117e-06)
(1.000813825 0.0002864371339 5.409201559e-06)
(1.000591483 0.0002264457274 3.380624005e-06)
(1.000423849 0.0001745230054 2.031243177e-06)
(1.000297581 0.0001297350847 1.027417156e-06)
(1.000209285 9.448166682e-05 4.005773126e-07)
(1.000145898 6.711995401e-05 5.365736168e-08)
(1.00010329 4.768369666e-05 -1.520144416e-07)
(1.000070999 3.258228196e-05 -2.67761399e-07)
(1.000050637 2.204755147e-05 -3.50964975e-07)
(1.000034076 1.376671133e-05 -4.149552596e-07)
(1.000024358 9.179950044e-06 -4.702278162e-07)
(1.000014627 5.630587406e-06 -5.212824688e-07)
(1.000010052 4.215402756e-06 -5.59513144e-07)
(1.000001778 3.887580825e-06 -5.848244208e-07)
(1.000005961 -3.410170454e-05 -3.373826971e-07)
(1.000033065 -0.0001036367317 -1.071173916e-06)
(1.000099581 -0.0001812441082 -2.142230498e-06)
(1.000211027 -0.0002718943705 -3.828169848e-06)
(1.000376568 -0.0003769313559 -6.419360122e-06)
(1.000609815 -0.0004919711485 -1.014183596e-05)
(1.000922736 -0.0006045729311 -1.498850221e-05)
(1.00131833 -0.0006907614796 -2.030867285e-05)
(1.001776794 -0.0007185387262 -2.465202693e-05)
(1.002254754 -0.0006501305738 -2.55733511e-05)
(1.002670056 -0.0004645035537 -2.088987504e-05)
(1.002925959 -0.0001690968276 -1.021431321e-05)
(1.002957982 0.0001308558505 1.755444014e-06)
(1.002775341 0.0004085380322 1.279378186e-05)
(1.002413827 0.0006038879556 1.99037928e-05)
(1.001958519 0.0006906775609 2.195561168e-05)
(1.001486143 0.0006728110729 1.902375668e-05)
(1.001086714 0.0005831282113 1.303007468e-05)
(1.000790246 0.0004730894695 7.565155317e-06)
(1.000574989 0.0003725052189 4.063684519e-06)
(1.000416724 0.0002878033265 1.660711048e-06)
(1.000298822 0.0002157762391 -2.646781254e-07)
(1.000219275 0.0001607933833 -1.489773971e-06)
(1.000164066 0.000119467228 -2.191261873e-06)
(1.000127677 9.115627327e-05 -2.537691101e-06)
(1.000100582 6.931194275e-05 -2.722940514e-06)
(1.00008362 5.479507707e-05 -2.794543935e-06)
(1.000070569 4.295642822e-05 -2.798438584e-06)
(1.000063178 3.58977931e-05 -2.747070326e-06)
(1.000056314 2.936417193e-05 -2.721272993e-06)
(1.000053361 2.553854961e-05 -2.665505333e-06)
(1.000046759 2.21028369e-05 -2.671078256e-06)
(1.00000497 -4.468645341e-05 -4.849700104e-07)
(1.000027535 -0.0001360645447 -1.550741241e-06)
(1.000083779 -0.0002395126558 -3.176775212e-06)
(1.000181519 -0.0003628383622 -5.854450496e-06)
(1.000334444 -0.0005093070691 -1.015206686e-05)
(1.000562848 -0.0006745368095 -1.65939752e-05)
(1.000888566 -0.0008421906968 -2.533116572e-05)
(1.001324341 -0.000977865557 -3.532324686e-05)
(1.00185945 -0.001030308793 -4.37146199e-05)
(1.002434688 -0.0009417795888 -4.571135051e-05)
(1.00295536 -0.0006734732982 -3.694700786e-05)
(1.003277496 -0.0002445799744 -1.71356778e-05)
(1.003311 0.0001973637797 4.902643363e-06)
(1.003070934 0.0006018227749 2.462173387e-05)
(1.002614389 0.0008834017858 3.688865102e-05)
(1.002053978 0.001000065965 3.989041177e-05)
(1.001490539 0.00095669221 3.368180779e-05)
(1.001047902 0.0008097669069 2.242039453e-05)
(1.000749336 0.0006437309289 1.344119881e-05)
(1.000550539 0.0004998781577 8.609277917e-06)
(1.000408132 0.0003792831895 5.557241557e-06)
(1.000306377 0.0002774802078 3.211126851e-06)
(1.000241113 0.0001989206723 1.858968459e-06)
(1.000199441 0.0001414612943 1.144558168e-06)
(1.00017147 0.0001013435063 7.804195916e-07)
(1.000151531 7.309103598e-05 4.325159769e-07)
(1.000137618 5.386359026e-05 2.567605585e-07)
(1.000128202 4.17478265e-05 1.515413328e-07)
(1.000121222 3.453452455e-05 1.419228607e-07)
(1.000116337 3.148690627e-05 1.288647729e-07)
(1.000112279 3.097107087e-05 2.894604247e-07)
(1.000110836 3.237124916e-05 3.233514185e-07)
(1.000003551 -5.195543337e-05 -6.972016622e-07)
(1.000019635 -0.0001586099618 -2.243491703e-06)
(1.000061033 -0.0002815919174 -4.716962478e-06)
(1.000138172 -0.0004320742188 -8.976613447e-06)
(1.000270232 -0.0006165449789 -1.61199697e-05)
(1.000486527 -0.0008325807419 -2.729141414e-05)
(1.000823229 -0.001062090302 -4.312251432e-05)
(1.001310531 -0.001260185789 -6.192246643e-05)
(1.001950418 -0.001353590718 -7.841382401e-05)
(1.002676303 -0.001252200134 -8.260177483e-05)
(1.003347793 -0.0008979188169 -6.564927488e-05)
(1.003762367 -0.0003193858769 -2.859562426e-05)
(1.003794266 0.0002792221305 1.17650544e-05)
(1.00347073 0.0008203933838 4.716500727e-05)
(1.00287723 0.001193015707 6.813564649e-05)
(1.002155974 0.001332342128 7.217927079e-05)
(1.001468453 0.001244051553 5.78613908e-05)
(1.00096886 0.001021138325 3.439547471e-05)
(1.000677557 0.0007962145161 1.715002697e-05)
(1.000502449 0.0006139721661 8.029294686e-06)
(1.000381656 0.0004674587988 2.044999878e-06)
(1.000299425 0.0003462862635 -2.4370462e-06)
(1.000253734 0.0002552699059 -4.780863017e-06)
(1.000229379 0.0001883722524 -5.645824761e-06)
(1.000215449 0.0001408507545 -5.728851272e-06)
(1.000206241 0.0001038803286 -5.529848997e-06)
(1.000201226 7.74012586e-05 -5.205929682e-06)
(1.000198452 5.566958204e-05 -4.884528934e-06)
(1.000197398 4.117137618e-05 -4.654450475e-06)
(1.000196399 2.746460643e-05 -4.547943487e-06)
(1.00019684 1.792980528e-05 -4.592945232e-06)
(1.00018963 1.181876777e-05 -4.983043535e-06)
(1.000001541 -5.471462079e-05 -9.783898177e-07)
(1.000009275 -0.0001676402861 -3.163562902e-06)
(1.000031076 -0.0003007326612 -6.831373388e-06)
(1.000079773 -0.0004686130129 -1.34418967e-05)
(1.000180289 -0.000682249666 -2.504481828e-05)
(1.000372656 -0.0009436481025 -4.400345818e-05)
(1.000712748 -0.001236677292 -7.217524318e-05)
(1.001257264 -0.00150783668 -0.0001069526285)
(1.002032558 -0.001661048219 -0.0001389903774)
(1.002963298 -0.001563046826 -0.0001472935156)
(1.003851439 -0.001120155722 -0.0001144074618)
(1.004386726 -0.0003858429294 -4.612233105e-05)
(1.004409683 0.0003701205551 2.557177844e-05)
(1.003972379 0.001053728379 8.937636656e-05)
(1.003192809 0.001510329097 0.0001229349636)
(1.002252424 0.001663986407 0.0001284772631)
(1.001396743 0.00151151591 0.0001010403939)
(1.000840606 0.001195158365 5.993176972e-05)
(1.000580183 0.000907787374 3.355905656e-05)
(1.000447149 0.0006825816149 2.136885657e-05)
(1.000359396 0.0005036770525 1.386519689e-05)
(1.000304478 0.0003609076936 8.139206882e-06)
(1.000281005 0.0002595657335 5.125125529e-06)
(1.000273199 0.0001920435722 4.019242045e-06)
(1.000269452 0.0001491223453 3.77624133e-06)
(1.000266666 0.0001211050994 3.852887787e-06)
(1.000265411 0.0001043141143 4.36840193e-06)
(1.000265184 9.532996966e-05 4.828702652e-06)
(1.000265308 9.159933376e-05 5.508123158e-06)
(1.000266105 9.22032111e-05 5.914493015e-06)
(1.000265171 9.458518519e-05 6.140438798e-06)
(1.000276773 9.835065193e-05 6.085803399e-06)
(0.999999699 -5.197448447e-05 -1.298880805e-06)
(0.9999969948 -0.0001598181283 -4.27698658e-06)
(0.9999951206 -0.0002900082608 -9.499960363e-06)
(1.000007978 -0.0004597812546 -1.932726502e-05)
(1.000065257 -0.0006849714787 -3.741793274e-05)
(1.00021799 -0.0009743143278 -6.835998342e-05)
(1.000547002 -0.001318802678 -0.0001167005738)
(1.001145435 -0.001661659463 -0.0001789245916)
(1.002083209 -0.001887543542 -0.0002396476014)
(1.003274644 -0.001812362326 -0.0002559380827)
(1.004459349 -0.001289291212 -0.0001925854663)
(1.005141667 -0.0004292758171 -7.131577506e-05)
(1.005150874 0.0004445599179 5.292206232e-05)
(1.004564565 0.001217919532 0.0001601872524)
(1.003540632 0.001818861037 0.0002226245027)
(1.002335278 0.001917250882 0.0002256307061)
(1.00125323 0.001673789105 0.0001627610727)
(1.000636697 0.001269670336 8.288534473e-05)
(1.000425197 0.0009566677093 3.650456512e-05)
(1.000344479 0.0007233441371 1.498696887e-05)
(1.000298814 0.0005354227903 3.788187063e-06)
(1.000282658 0.000381735229 -2.733960896e-06)
(1.000294282 0.0002677073807 -4.433140414e-06)
(1.000314985 0.000185186863 -3.009602755e-06)
(1.000332937 0.0001249200846 -9.767195908e-07)
(1.000344776 8.05327776e-05 8.125355145e-07)
(1.000355103 4.60438541e-05 2.197260497e-06)
(1.000362349 2.214292046e-05 3.099044248e-06)
(1.000368382 1.937287626e-06 3.581835933e-06)
(1.000371833 -1.329044593e-05 3.52125129e-06)
(1.000376227 -2.368754338e-05 3.152455372e-06)
(1.000364166 -2.989570371e-05 2.367988735e-06)
(0.9999971186 -4.316278279e-05 -1.64354658e-06)
(0.9999841163 -0.0001331465807 -5.457994464e-06)
(0.9999571626 -0.0002443610594 -1.245002713e-05)
(0.9999300213 -0.0003942279428 -2.619235345e-05)
(0.9999349126 -0.0006016169527 -5.275363174e-05)
(1.000031699 -0.0008821780895 -0.0001004184699)
(1.000329301 -0.001239514645 -0.0001790444099)
(1.00096694 -0.001625595037 -0.000284390653)
(1.00208367 -0.00192264489 -0.0003935226798)
(1.003583503 -0.001894017687 -0.0004220610777)
(1.005131442 -0.001326178442 -0.0003063590337)
(1.005972265 -0.0003902121618 -0.0001040952272)
(1.005953648 0.0005145988041 9.582132758e-05)
(1.005197538 0.001354947847 0.0002733483379)
(1.003892185 0.001910002542 0.0003802413384)
(1.002370039 0.00204742834 0.0003802946132)
(1.001034324 0.00171223801 0.0002619281431)
(1.000408888 0.001217859324 0.000137091652)
(1.000280717 0.0008856412144 7.568407976e-05)
(1.00026002 0.0006555544369 4.7916207e-05)
(1.000249574 0.0004901691905 3.087232079e-05)
(1.00025965 0.0003676007672 2.230596411e-05)
(1.000290332 0.0002931664151 2.097616892e-05)
(1.000326668 0.0002444847152 2.388544223e-05)
(1.000351476 0.0002165243385 2.695672467e-05)
(1.000371216 0.0001985421675 3.044106824e-05)
(1.000384168 0.0001899883282 3.280774039e-05)
(1.000397438 0.0001851176769 3.489453641e-05)
(1.000404237 0.0001838617819 3.559662149e-05)
(1.000414543 0.0001847498557 3.533185442e-05)
(1.000415734 0.0001861028026 3.47302094e-05)
(1.000442695 0.000190104546 3.284189332e-05)
(0.999995117 -2.861974689e-05 -1.935100352e-06)
(0.9999730681 -8.852411852e-05 -6.478887524e-06)
(0.9999241009 -0.0001639637661 -1.511481112e-05)
(0.999860174 -0.0002683756637 -3.271626639e-05)
(0.9998129279 -0.0004182462227 -6.831143096e-05)
(0.9998454373 -0.0006304897668 -0.0001353626605)
(1.000090631 -0.0009193673867 -0.0002528558441)
(1.000734054 -0.001261201895 -0.0004193711106)
(1.002016757 -0.001575704106 -0.0006047212595)
(1.003843435 -0.00163926621 -0.0006479789423)
(1.005825979 -0.001187923875 -0.0004411220691)
(1.006830849 -0.0003732103814 -0.0001090588748)
(1.006764246 0.0003566528709 0.000181099768)
(1.00583823 0.001085520555 0.0004513815925)
(1.004227639 0.001637829765 0.0006071144485)
(1.002357685 0.001793192954 0.0005933816298)
(1.000675095 0.001491343941 0.0003563263174)
(1.000074776 0.001023413062 0.0001503658492)
(1.000070022 0.0007551678303 8.341002415e-05)
(1.000148598 0.0005186982111 5.763512824e-05)
(1.000202579 0.0003476948183 4.88492478e-05)
(1.000260896 0.0002213485577 4.936553802e-05)
(1.000330724 0.0001357475013 5.750184755e-05)
(1.000392482 7.851221073e-05 6.779785943e-05)
(1.000432525 4.079653574e-05 7.589799109e-05)
(1.000461328 1.461249136e-05 8.218187441e-05)
(1.000479635 -3.03841076e-06 8.61164378e-05)
(1.000496764 -1.571634976e-05 8.848524378e-05)
(1.000507261 -2.426455417e-05 8.938296106e-05)
(1.000513769 -2.979537509e-05 8.92125483e-05)
(1.000516104 -3.307151657e-05 8.837446973e-05)
(1.000501435 -3.507570049e-05 8.584294514e-05)
(0.999993965 -9.716633258e-06 -2.107096158e-06)
(0.9999666708 -3.06133379e-05 -7.085847897e-06)
(0.9999046822 -5.706382328e-05 -1.672635888e-05)
(0.9998180383 -9.420806364e-05 -3.682596872e-05)
(0.9997369161 -0.0001486681641 -7.854302423e-05)
(0.9997212324 -0.0002278814198 -0.0001600650248)
(0.9999199102 -0.0003402189432 -0.0003099291971)
(1.000531441 -0.0004812498348 -0.0005356271727)
(1.001881675 -0.0006274289198 -0.0008197444261)
(1.003941368 -0.0006807810851 -0.0008996091637)
(1.006190293 -0.0005365624436 -0.000652076832)
(1.007492449 -0.0001391033833 -0.0001018559805)
(1.007351688 0.0001069370413 0.0002264272064)
(1.00633155 0.0004110491568 0.0005876770683)
(1.00453492 0.0006541577627 0.0008179346145)
(1.002434835 0.0007693506578 0.0008316791936)
(1.000474224 0.0006914902284 0.0005182261934)
(0.9997966322 0.0005035951356 0.0001873727449)
(0.9998793855 0.0004339194578 0.0001235024503)
(1.000022756 0.0003487556179 9.979694157e-05)
(1.000094801 0.0002854928151 9.854909708e-05)
(1.000173218 0.0002426077835 0.0001059233886)
(1.000263659 0.0002099103665 0.0001199110545)
(1.000343485 0.0001861751468 0.0001333106646)
(1.000390045 0.0001716201261 0.0001414532707)
(1.000426552 0.0001607873361 0.0001461150767)
(1.00045086 0.0001541095118 0.0001475816858)
(1.000471598 0.0001486561952 0.0001467298797)
(1.000483199 0.0001457386858 0.0001449978511)
(1.000495881 0.0001433368563 0.0001414332011)
(1.000502566 0.0001420170352 0.0001385410052)
(1.000533121 0.0001407885632 0.0001328098623)
(0.9999939758 1.020053635e-05 -2.108400635e-06)
(0.9999667329 3.21155892e-05 -7.089775762e-06)
(0.9999048755 5.979115529e-05 -1.673047948e-05)
(0.999818501 9.857205516e-05 -3.682658064e-05)
(0.9997378085 0.00015544287 -7.850275222e-05)
(0.9997230183 0.0002382570081 -0.0001599290019)
(0.9999227172 0.0003563764004 -0.0003093125137)
(1.000536463 0.0005056112769 -0.0005341939471)
(1.001888603 0.0006636510481 -0.0008153422553)
(1.003947761 0.0007282618547 -0.0008928702842)
(1.006193724 0.0005909360637 -0.0006459441058)
(1.007495869 0.0001995216729 -9.578689084e-05)
(1.007354501 -4.180044025e-05 0.0002316694877)
(1.0063371 -0.000337480664 0.000592903902)
(1.00454264 -0.0005650658607 0.0008229259352)
(1.002456469 -0.0006586612605 0.000841298147)
(1.000490669 -0.0005428118093 0.0005340083681)
(0.9998382 -0.0003133078207 0.0002262026883)
(0.999917643 -0.0002197107671 0.0001675782182)
(1.000062363 -0.0001107656554 0.0001619927004)
(1.000140528 -3.835875733e-05 0.000178429012)
(1.000221637 2.08330829e-05 0.0001987547148)
(1.000314627 6.447094522e-05 0.0002244637693)
(1.000394409 9.555229417e-05 0.0002446762259)
(1.00044289 0.0001173103909 0.0002559450857)
(1.000476194 0.0001339323252 0.0002610612676)
(1.000502503 0.0001455546572 0.0002619198668)
(1.000519802 0.0001532298204 0.0002598342072)
(1.000532141 0.0001592033256 0.0002557451621)
(1.00053968 0.000163834178 0.0002501833465)
(1.000545268 0.0001670389639 0.0002438434936)
(1.000532465 0.0001692987904 0.0002370390531)
(0.9999951471 2.907206494e-05 -1.938909306e-06)
(0.9999732373 8.990851736e-05 -6.490119597e-06)
(0.9999246293 0.0001664340751 -1.51291572e-05)
(0.9998613844 0.0002722302889 -3.272094657e-05)
(0.9998152672 0.0004239537629 -6.82398381e-05)
(0.9998496392 0.0006387497505 -0.0001350773771)
(1.000097258 0.0009309609475 -0.0002518670043)
(1.000743511 0.001276847996 -0.0004171788501)
(1.002026675 0.00159490242 -0.0005999261575)
(1.003850454 0.001661522567 -0.0006421898502)
(1.005827231 0.001213362288 -0.0004369625023)
(1.006836533 0.0003997462193 -0.0001033642432)
(1.006772107 -0.0003232332742 0.0001870749032)
(1.00585077 -0.001048056448 0.0004583557227)
(1.004247925 -0.001580387118 0.0006164706408)
(1.002381983 -0.001734504063 0.0006068237903)
(1.000706796 -0.001430780872 0.0003767039726)
(1.000094652 -0.0009648794847 0.0001747166942)
(1.000077489 -0.0007016449058 0.0001070245059)
(1.000138881 -0.0004829393277 7.649223074e-05)
(1.000179517 -0.0003350468403 5.900211908e-05)
(1.000228648 -0.0002302249468 4.966650348e-05)
(1.000291539 -0.0001647100908 4.850102211e-05)
(1.000349616 -0.0001250867261 5.197258689e-05)
(1.000387036 -0.0001033233081 5.693985617e-05)
(1.000414335 -9.131082807e-05 6.326826379e-05)
(1.000433842 -8.684457357e-05 6.927821165e-05)
(1.000450364 -8.638961905e-05 7.687464895e-05)
(1.000459948 -8.804968573e-05 8.295995173e-05)
(1.000470743 -9.228788331e-05 9.129939297e-05)
(1.000473468 -9.555257109e-05 9.657173727e-05)
(1.000500484 -0.0001020310766 0.0001059124531)
(0.9999971612 4.355154e-05 -1.649472337e-06)
(0.9999843528 0.0001343297133 -5.476189519e-06)
(0.9999578873 0.0002464152072 -1.247692883e-05)
(0.9999316252 0.0003972852454 -2.621572566e-05)
(0.9999378925 0.0006058184412 -5.272010099e-05)
(1.00003671 0.0008876398342 -0.0001002171258)
(1.000336739 0.001246081737 -0.0001783527764)
(1.000976745 0.00163299391 -0.0002828951345)
(1.002094036 0.001930111185 -0.0003905123431)
(1.003592084 0.001902327153 -0.0004181646441)
(1.005138337 0.001338468868 -0.000302457127)
(1.005981267 0.0004051004056 -9.976274855e-05)
(1.005964744 -0.0004965003391 0.0001002680625)
(1.005212396 -0.001334710517 0.000278031306)
(1.003912366 -0.001888908137 0.0003860947414)
(1.002394992 -0.002027604532 0.0003884366031)
(1.001060895 -0.001695304284 0.0002722951503)
(1.000430415 -0.001203687262 0.0001504663095)
(1.000294021 -0.0008706602019 9.000767853e-05)
(1.000268242 -0.0006334142574 6.220434362e-05)
(1.00025953 -0.0004539502592 4.713637066e-05)
(1.000273996 -0.0003151499552 4.130881283e-05)
(1.000310335 -0.0002184545125 4.560926361e-05)
(1.000349468 -0.0001509638312 5.268865289e-05)
(1.000378226 -0.0001027025144 6.044160643e-05)
(1.000400443 -6.838941614e-05 6.757362946e-05)
(1.000416592 -4.201748879e-05 7.385809699e-05)
(1.000427762 -2.249564137e-05 7.859248347e-05)
(1.000436395 -7.966434563e-06 8.190441587e-05)
(1.000441704 4.303934193e-06 8.357826341e-05)
(1.000446968 1.38883621e-05 8.450646774e-05)
(1.000440844 2.045144695e-05 8.41501279e-05)
(0.9999997242 5.229129319e-05 -1.306135248e-06)
(0.9999972509 0.0001607680169 -4.300952245e-06)
(0.9999959038 0.0002916043117 -9.53989402e-06)
(1.000009662 0.000462027741 -1.937555093e-05)
(1.000068277 0.0006878009285 -3.744559325e-05)
(1.000222839 0.000977542192 -6.830252269e-05)
(1.000553946 0.001321977594 -0.0001163852503)
(1.001154324 0.001664296039 -0.0001781619834)
(1.002092807 0.001889102249 -0.0002381013376)
(1.003283451 0.001813374231 -0.0002538351305)
(1.004466413 0.001291909915 -0.0001905530416)
(1.005150113 0.0004313686826 -6.924784624e-05)
(1.005161169 -0.0004414537464 5.502299433e-05)
(1.004578211 -0.001217394188 0.0001625320059)
(1.0035588 -0.001809471994 0.0002257116549)
(1.002357257 -0.001917663875 0.0002298640394)
(1.001276457 -0.001679772694 0.0001682021736)
(1.000657061 -0.001280762233 9.038296918e-05)
(1.000438235 -0.0009694856768 4.507255709e-05)
(1.000349989 -0.0007363418373 2.33343685e-05)
(1.000299225 -0.0005506012327 1.161527624e-05)
(1.000276671 -0.0004038752769 2.006294397e-06)
(1.000285067 -0.0003000635516 -5.380850675e-07)
(1.000301613 -0.0002292750352 -1.027247095e-06)
(1.000314803 -0.0001835813845 -7.106366674e-07)
(1.000324805 -0.0001517221776 4.751327563e-08)
(1.000331901 -0.0001328713277 1.24560856e-06)
(1.000338891 -0.0001197589753 2.936067344e-06)
(1.000342636 -0.0001143497988 4.336940268e-06)
(1.000347727 -0.000111141088 7.381336193e-06)
(1.000348359 -0.0001111659673 9.012311077e-06)
(1.000361767 -0.000113716617 1.302757234e-05)
(1.000001597 5.495924592e-05 -9.87027009e-07)
(1.000009524 0.0001683657297 -3.192420407e-06)
(1.000031826 0.000301913477 -6.879577456e-06)
(1.00008135 0.0004701837178 -1.350935991e-05)
(1.000183041 0.0006840550016 -2.512014963e-05)
(1.000376927 0.0009454075011 -4.405671415e-05)
(1.000718705 0.001237913912 -7.212614449e-05)
(1.00126473 0.001508049441 -0.0001067074268)
(1.002040732 0.001659803396 -0.0001384128374)
(1.002971191 0.001560631314 -0.0001464757159)
(1.003858625 0.00111792992 -0.0001135948384)
(1.004394935 0.000383313412 -4.536930456e-05)
(1.004419703 -0.0003726290961 2.639718264e-05)
(1.003984686 -0.001056956617 9.011528838e-05)
(1.003208013 -0.001515599194 0.0001244209287)
(1.002270829 -0.001673148044 0.0001304144664)
(1.001415474 -0.001525765438 0.0001032389431)
(1.000856248 -0.001215020727 6.278492073e-05)
(1.000590006 -0.0009316099534 3.662321059e-05)
(1.000450755 -0.0007071467208 2.38172935e-05)
(1.000360227 -0.0005282477714 1.584267924e-05)
(1.000304866 -0.0003826338483 1.007393774e-05)
(1.000282289 -0.0002776047198 7.407406062e-06)
(1.000275789 -0.0002030134193 6.992792256e-06)
(1.000273869 -0.0001513823 7.778376551e-06)
(1.000273181 -0.000113728744 8.932176151e-06)
(1.000273659 -8.706236054e-05 1.036550973e-05)
(1.000274947 -6.726145975e-05 1.216626555e-05)
(1.000276354 -5.34109497e-05 1.380726933e-05)
(1.000277114 -4.305073123e-05 1.543661724e-05)
(1.000278328 -3.577321734e-05 1.676204651e-05)
(1.000273875 -2.996030511e-05 1.80276023e-05)
(1.000003592 5.213450465e-05 -7.070060274e-07)
(1.000019861 0.0001591416223 -2.273717092e-06)
(1.000061711 0.0002824327952 -4.769765798e-06)
(1.000139574 0.0004331339308 -9.055150019e-06)
(1.000272621 0.0006176534947 -1.622312649e-05)
(1.000490137 0.0008334654515 -2.740964641e-05)
(1.000828158 0.001062353107 -4.32253204e-05)
(1.001316636 0.00125941853 -6.197084304e-05)
(1.001957209 0.001351514009 -7.83567105e-05)
(1.002683222 0.001248958759 -8.246399587e-05)
(1.003354544 0.0008943735097 -6.554076579e-05)
(1.003769925 0.0003152997084 -2.85828507e-05)
(1.003803124 -0.0002839069972 1.172317864e-05)
(1.003481361 -0.0008265225699 4.707475412e-05)
(1.002889864 -0.001200949367 6.812252706e-05)
(1.002170334 -0.001343821752 7.22400449e-05)
(1.001482639 -0.001259985126 5.799822399e-05)
(1.000981223 -0.00104172717 3.481433779e-05)
(1.000685808 -0.0008194461667 1.767773056e-05)
(1.000506892 -0.0006376276648 8.408727134e-06)
(1.000383565 -0.0004897566767 2.307429347e-06)
(1.000300231 -0.0003679415632 -2.06737237e-06)
(1.00025317 -0.0002770199069 -4.509625646e-06)
(1.000227124 -0.0002117037262 -5.51727775e-06)
(1.000211294 -0.0001666478502 -5.953060115e-06)
(1.000200475 -0.0001341723143 -6.073630198e-06)
(1.000193823 -0.0001124460528 -6.05953596e-06)
(1.00018959 -9.711134401e-05 -5.819237255e-06)
(1.000187078 -8.816918879e-05 -5.605018478e-06)
(1.000185262 -8.240193935e-05 -5.183401636e-06)
(1.000183744 -8.042909991e-05 -4.851472654e-06)
(1.000186402 -7.98612744e-05 -4.046210323e-06)
(1.000005006 4.481267175e-05 -4.95073137e-07)
(1.000027736 0.0001364366328 -1.581573107e-06)
(1.000084376 0.0002400865901 -3.231358219e-06)
(1.000182737 0.0003635278351 -5.937396095e-06)
(1.000336483 0.0005099653898 -1.026717369e-05)
(1.000565869 0.0006749444319 -1.67419809e-05)
(1.00089263 0.0008420557627 -2.550458066e-05)
(1.001329352 0.0009768960181 -3.550969764e-05)
(1.001865107 0.001028325016 -4.389809638e-05)
(1.002440675 0.0009388280732 -4.590250376e-05)
(1.002961466 0.0006700027469 -3.719363603e-05)
(1.003284286 0.0002405063659 -1.74866898e-05)
(1.003318799 -0.0002021652425 4.471115704e-06)
(1.003080045 -0.0006078054329 2.410808284e-05)
(1.002624805 -0.0008911445291 3.631934104e-05)
(1.002065254 -0.001010464776 3.928380551e-05)
(1.001501784 -0.0009703508963 3.305469573e-05)
(1.001057434 -0.0008265747273 2.180510839e-05)
(1.000756389 -0.0006629350361 1.282029764e-05)
(1.000553986 -0.0005194163789 7.817297517e-06)
(1.000409681 -0.0003991382406 4.593910942e-06)
(1.000306153 -0.0002970693744 2.160575936e-06)
(1.000240291 -0.000219060637 6.933163229e-07)
(1.000197651 -0.0001608747434 3.672187546e-09)
(1.00016976 -0.0001200007354 -3.683036447e-07)
(1.000149791 -8.941500684e-05 -5.117793732e-07)
(1.000136824 -6.828425618e-05 -4.886322839e-07)
(1.000127529 -5.226937147e-05 -3.102219823e-07)
(1.000121844 -4.19640828e-05 -1.269338887e-07)
(1.000117193 -3.388139783e-05 1.331910172e-07)
(1.000114592 -2.875424149e-05 4.113711144e-07)
(1.000107374 -2.600764625e-05 7.869950754e-07)
(1.000005993 3.418451795e-05 -3.474560358e-07)
(1.000033243 0.0001038794424 -1.101895399e-06)
(1.000100108 0.000181611551 -2.19667563e-06)
(1.000212091 0.0002723192537 -3.911396681e-06)
(1.000378326 0.0003773054583 -6.537139907e-06)
(1.000612386 0.0004921398743 -1.029927365e-05)
(1.000926159 0.000604343424 -1.518782534e-05)
(1.001322549 0.0006899410359 -2.054948979e-05)
(1.001781607 0.0007170221604 -2.493310094e-05)
(1.002260033 0.0006478929366 -2.590087823e-05)
(1.002675572 0.0004618126186 -2.128800061e-05)
(1.002932116 0.0001658921298 -1.071139801e-05)
(1.00296492 -0.0001346521024 1.168298035e-06)
(1.002783213 -0.0004132477419 1.210904931e-05)
(1.002422543 -0.0006099481157 1.911870965e-05)
(1.001967691 -0.0006985539414 2.108329875e-05)
(1.001494993 -0.0006828424995 1.804855394e-05)
(1.001094604 -0.0005954306513 1.199519981e-05)
(1.000795714 -0.0004868154801 6.442366421e-06)
(1.000578376 -0.0003869215609 2.845707464e-06)
(1.000418005 -0.000301959012 3.104774672e-07)
(1.000299254 -0.0002298505961 -1.606122133e-06)
(1.000218673 -0.0001743879255 -2.867365722e-06)
(1.000162991 -0.0001329038375 -3.540101792e-06)
(1.00012562 -0.0001040394509 -3.919202656e-06)
(1.000098246 -8.262736518e-05 -4.127839891e-06)
(1.000080389 -6.837359298e-05 -4.206815165e-06)
(1.000067004 -5.804765379e-05 -4.243159042e-06)
(1.000058773 -5.205870426e-05 -4.262346127e-06)
(1.000051386 -4.778902492e-05 -4.221531638e-06)
(1.000047558 -4.591410434e-05 -4.15485758e-06)
(1.000043142 -4.548904859e-05 -3.992949061e-06)
(1.000006604 2.134346922e-05 -2.558045834e-07)
(1.000036661 6.477521422e-05 -8.060828029e-07)
(1.000109817 0.0001127536471 -1.572147874e-06)
(1.000229904 0.0001679648733 -2.71994839e-06)
(1.000402917 0.0002308049985 -4.404221852e-06)
(1.000638072 0.0002981307307 -6.720727511e-06)
(1.000941345 0.0003623640428 -9.610080973e-06)
(1.001310261 0.0004092673281 -1.266489733e-05)
(1.001720863 0.0004224781415 -1.507188883e-05)
(1.002137809 0.0003798982062 -1.557687185e-05)
(1.002495903 0.0002691269801 -1.291207484e-05)
(1.002706701 9.743033398e-05 -6.880284887e-06)
(1.002732304 -7.334658471e-05 -2.688341711e-07)
(1.002587009 -0.0002374244491 6.188818333e-06)
(1.002286663 -0.0003535596159 1.04496832e-05)
(1.001895897 -0.0004077993693 1.180607401e-05)
(1.001481899 -0.0004032572809 1.0386985e-05)
(1.00111152 -0.0003566635692 7.23921981e-06)
(1.000818704 -0.000294615362 4.149180675e-06)
(1.000594433 -0.0002349369142 2.022084547e-06)
(1.000425252 -0.0001830083861 5.907301444e-07)
(1.000297787 -0.0001381550148 -4.604346433e-07)
(1.000208674 -0.0001029479507 -1.128876837e-06)
(1.000144379 -7.554359806e-05 -1.502639844e-06)
(1.000101224 -5.61552111e-05 -1.70900226e-06)
(1.000068444 -4.081172737e-05 -1.833170658e-06)
(1.000047582 -3.082922905e-05 -1.911858751e-06)
(1.000031194 -2.14744404e-05 -1.969350206e-06)
(1.000021359 -1.623941279e-05 -1.980442691e-06)
(1.000011672 -1.188739114e-05 -1.971175916e-06)
(1.000007409 -9.276859254e-06 -1.954263341e-06)
(0.9999980741 -7.747661643e-06 -1.916543837e-06)
(1.000006894 7.249134565e-06 -2.12263808e-07)
(1.000038283 2.198620994e-05 -6.661667905e-07)
(1.000114404 3.818839153e-05 -1.280685866e-06)
(1.000238233 5.669976143e-05 -2.173008737e-06)
(1.000414127 7.759688674e-05 -3.443222808e-06)
(1.000649341 9.972679496e-05 -5.136957673e-06)
(1.000946527 0.0001206668427 -7.191168421e-06)
(1.001303058 0.0001353773284 -9.288093061e-06)
(1.001686359 0.0001401699445 -1.093351853e-05)
(1.002090059 0.0001234719301 -1.111661037e-05)
(1.002397896 9.315903275e-05 -9.643937797e-06)
(1.002624408 2.05663435e-05 -4.257415487e-06)
(1.002620392 -2.406780735e-05 -6.006374839e-07)
(1.002488605 -7.703680276e-05 3.849603108e-06)
(1.002217789 -0.0001151633217 6.920001129e-06)
(1.001857805 -0.0001332693018 7.973346753e-06)
(1.001472363 -0.0001325916758 7.137041673e-06)
(1.001116424 -0.0001182366306 5.0509259e-06)
(1.000827903 -9.851277666e-05 2.813154917e-06)
(1.000600269 -7.920233755e-05 1.068204733e-06)
(1.00042664 -6.24719741e-05 -1.864198292e-07)
(1.000294558 -4.822467722e-05 -1.151235618e-06)
(1.000200897 -3.730376038e-05 -1.794411412e-06)
(1.000131937 -2.910228989e-05 -2.209113816e-06)
(1.000085671 -2.367144697e-05 -2.457757619e-06)
(1.000049871 -1.976403712e-05 -2.632943793e-06)
(1.000027553 -1.757094168e-05 -2.773377446e-06)
(1.000008814 -1.609129079e-05 -2.796309581e-06)
(0.99999875 -1.548143124e-05 -2.778845875e-06)
(0.9999883561 -1.544376776e-05 -2.764063889e-06)
(0.9999836157 -1.571710786e-05 -2.753580578e-06)
(0.9999748857 -1.615943133e-05 -2.739327773e-06)
(1.000006846 -7.261220616e-06 -5.762519524e-07)
(1.000038016 -2.20295208e-05 -1.811219507e-06)
(1.000113627 -3.830493854e-05 -3.495994761e-06)
(1.000236684 -5.696848379e-05 -5.959398067e-06)
(1.000411615 -7.813915038e-05 -9.484336195e-06)
(1.00064579 -0.0001007006733 -1.42028193e-05)
(1.000942104 -0.0001222500873 -1.993964273e-05)
(1.001298168 -0.0001376761137 -2.57988195e-05)
(1.00168196 -0.0001430787883 -3.036175463e-05)
(1.002086322 -0.000126684797 -3.073991387e-05)
(1.0023964 -9.591783253e-05 -2.631774479e-05)
(1.002623101 -2.224137372e-05 -1.058081695e-05)
(1.002619633 2.358736477e-05 1.129055221e-07)
(1.002486419 7.755319581e-05 1.312461928e-05)
(1.002213299 0.0001161284671 2.224464574e-05)
(1.001851304 0.0001340488737 2.560255638e-05)
(1.001464363 0.0001325965767 2.353265828e-05)
(1.001108655 0.00011716028 1.784097696e-05)
(1.000821784 9.662409095e-05 1.168690624e-05)
(1.000596423 7.695954468e-05 6.94929192e-06)
(1.000424687 6.012373192e-05 3.55881137e-06)
(1.000293963 4.580782873e-05 9.694819969e-07)
(1.000201419 3.490889964e-05 -7.844179131e-07)
(1.000133413 2.680523508e-05 -1.912543724e-06)
(1.000087814 2.15140851e-05 -2.571797594e-06)
(1.000052531 1.78330121e-05 -3.119804881e-06)
(1.000030631 1.544675495e-05 -3.331961788e-06)
(1.000012456 1.398403036e-05 -3.330910598e-06)
(1.000002551 1.331069684e-05 -3.316879546e-06)
(0.999992274 1.291688819e-05 -3.262664868e-06)
(0.999987719 1.267635242e-05 -3.218899959e-06)
(0.9999790397 1.247787783e-05 -3.168251267e-06)
(1.000006548 -2.138112374e-05 -7.000604623e-07)
(1.000036348 -6.491069528e-05 -2.209155472e-06)
(1.000108898 -0.000113121368 -4.325559295e-06)
(1.000228053 -0.0001688205478 -7.517692984e-06)
(1.000399877 -0.0002325474581 -1.222691857e-05)
(1.000633731 -0.0003012971377 -1.8732299e-05)
(1.000935909 -0.0003675446166 -2.687884031e-05)
(1.00130435 -0.0004168437081 -3.551847415e-05)
(1.001715741 -0.0004321811247 -4.232643109e-05)
(1.002134376 -0.0003905404329 -4.368255925e-05)
(1.002495061 -0.0002782862285 -3.582472236e-05)
(1.002707462 -0.0001031622073 -1.827502188e-05)
(1.002733373 7.209320823e-05 9.904155049e-07)
(1.002586003 0.0002395980418 1.982164682e-05)
(1.002282443 0.0003573694586 3.239682768e-05)
(1.001888729 0.0004111209748 3.662339499e-05)
(1.001472432 0.0004039543651 3.287180129e-05)
(1.001102319 0.0003536162969 2.40920609e-05)
(1.000811553 0.0002885653885 1.549391851e-05)
(1.0005903 0.0002274673122 9.727211388e-06)
(1.000423228 0.0001747854205 5.89629152e-06)
(1.000297239 0.0001293339461 3.055961842e-06)
(1.000209293 9.371389706e-05 1.287282925e-06)
(1.000146124 6.615711499e-05 3.089551647e-07)
(1.00010365 4.666930607e-05 -2.648716082e-07)
(1.00007137 3.154672748e-05 -6.507689761e-07)
(1.000051054 2.105515625e-05 -9.251114759e-07)
(1.000034501 1.27376918e-05 -1.167453277e-06)
(1.000024797 8.207390289e-06 -1.350899033e-06)
(1.000015077 4.672359653e-06 -1.597157525e-06)
(1.00001051 3.27317252e-06 -1.728234091e-06)
(1.000002273 2.975431296e-06 -1.924996717e-06)
(1.000005918 -3.425114882e-05 -9.609327601e-07)
(1.000032827 -0.0001041211012 -3.051387047e-06)
(1.000098875 -0.000182280576 -6.105340037e-06)
(1.000209563 -0.0002739048366 -1.091744436e-05)
(1.000374086 -0.0003805969116 -1.832541976e-05)
(1.000606205 -0.0004982413516 -2.899218289e-05)
(1.000918332 -0.0006145266932 -4.29300984e-05)
(1.001314158 -0.0007050868809 -5.830392922e-05)
(1.001774912 -0.0007366305408 -7.097093431e-05)
(1.002256959 -0.0006692449489 -7.379792487e-05)
(1.002677206 -0.0004801690859 -6.03250481e-05)
(1.002937411 -0.000176533968 -2.961805131e-05)
(1.002970417 0.000133524985 4.94315562e-06)
(1.002785165 0.0004195564701 3.678161553e-05)
(1.002419084 0.0006198748449 5.735413412e-05)
(1.001958858 0.0007076258441 6.333264822e-05)
(1.001482304 0.000686748871 5.476766299e-05)
(1.001081374 0.0005918848334 3.729413822e-05)
(1.000786048 0.0004780156918 2.148585241e-05)
(1.000572716 0.0003757956758 1.147215838e-05)
(1.000415345 0.0002900821847 4.606427904e-06)
(1.000297904 0.0002171130162 -8.038719878e-07)
(1.00021893 0.0001616655071 -4.268710362e-06)
(1.000164285 0.0001201943073 -6.154906717e-06)
(1.00012802 9.166576686e-05 -7.115391838e-06)
(1.000101233 6.984630254e-05 -7.510445272e-06)
(1.000084159 5.511328758e-05 -7.634521344e-06)
(1.000071379 4.342669088e-05 -7.484103055e-06)
(1.000063796 3.61823773e-05 -7.222504785e-06)
(1.000057121 2.991035525e-05 -6.858195231e-06)
(1.000054091 2.575249349e-05 -6.520968049e-06)
(1.00004744 2.267409063e-05 -5.98343605e-06)
(1.000004899 -4.491134444e-05 -1.381667768e-06)
(1.000027142 -0.000136797264 -4.41948189e-06)
(1.000082593 -0.0002411219628 -9.059353761e-06)
(1.000179001 -0.0003660563126 -1.67113119e-05)
(1.000330045 -0.0005153706314 -2.902191022e-05)
(1.000556231 -0.0006852551823 -4.753390773e-05)
(1.00088017 -0.0008597798561 -7.276757743e-05)
(1.001316143 -0.001003858468 -0.0001018048418)
(1.001855153 -0.001063977233 -0.000126481704)
(1.002439403 -0.0009771520709 -0.0001326257757)
(1.002968534 -0.0007025589437 -0.0001072400698)
(1.003298537 -0.000257655422 -4.999723345e-05)
(1.003333189 0.0002032451608 1.395125648e-05)
(1.003087958 0.0006232223548 7.109170021e-05)
(1.002623196 0.0009135260157 0.0001068939627)
(1.002052696 0.001031492237 0.000115919722)
(1.001483145 0.0009811845833 9.804008401e-05)
(1.001038335 0.0008231880903 6.535332796e-05)
(1.000742832 0.0006495237956 3.957280266e-05)
(1.000547578 0.000502452069 2.582207428e-05)
(1.000406628 0.0003797397241 1.708513457e-05)
(1.000305365 0.0002759430806 1.026320342e-05)
(1.000241109 0.0001969242552 6.058019265e-06)
(1.000199761 0.0001391274876 3.724284188e-06)
(1.000172199 9.946690443e-05 1.966645515e-06)
(1.000152182 7.119955023e-05 4.448285699e-07)
(1.000138536 5.247765371e-05 -8.789578697e-07)
(1.000129024 4.032233937e-05 -1.960140978e-06)
(1.000122243 3.354179063e-05 -2.938525422e-06)
(1.000117582 2.980449144e-05 -3.720258239e-06)
(1.000113515 2.960108501e-05 -4.416091367e-06)
(1.00011182 3.092814578e-05 -4.908122999e-06)
(1.000003437 -5.226382642e-05 -1.986567899e-06)
(1.000018992 -0.0001596180013 -6.398544208e-06)
(1.000059055 -0.0002838761778 -1.346268975e-05)
(1.000133865 -0.0004368166033 -2.565298945e-05)
(1.00026247 -0.0006258539915 -4.616775758e-05)
(1.000474424 -0.0008497113294 -7.839285849e-05)
(1.000807301 -0.001091376755 -0.000124374604)
(1.001294325 -0.00130492238 -0.0001794050983)
(1.001941313 -0.001413279315 -0.0002284281165)
(1.002684815 -0.001315086663 -0.0002413174933)
(1.003372329 -0.0009488832204 -0.0001918897778)
(1.003800988 -0.0003407044744 -8.396414334e-05)
(1.003834086 0.0002913986957 3.404005746e-05)
(1.00350043 0.0008607118597 0.0001372180582)
(1.00289136 0.001246784997 0.0001993055102)
(1.002151699 0.00138770182 0.0002105920712)
(1.001452051 0.001286737657 0.0001677104423)
(1.000949501 0.00104484641 9.870366232e-05)
(1.000664756 0.000808245658 4.926398454e-05)
(1.000496046 0.0006220336396 2.349211627e-05)
(1.00037815 0.0004732415747 6.678741675e-06)
(1.000297195 0.0003488814482 -6.141580632e-06)
(1.000253646 0.0002576641354 -1.284798246e-05)
(1.000230182 0.0001897547992 -1.521865314e-05)
(1.000216989 0.0001431178852 -1.542547628e-05)
(1.00020784 0.0001056168856 -1.477164742e-05)
(1.000202992 8.012066009e-05 -1.360745748e-05)
(1.000200107 5.820794397e-05 -1.21237054e-05)
(1.000198999 4.459482767e-05 -1.079389954e-05)
(1.000197771 3.092561728e-05 -9.247515622e-06)
(1.000198013 2.397348052e-05 -8.196631736e-06)
(1.000191042 1.543895549e-05 -7.061685096e-06)
(1.00000129 -5.509068289e-05 -2.789836953e-06)
(1.000008246 -0.0001689112948 -9.029619819e-06)
(1.000027881 -0.000303722444 -1.951721007e-05)
(1.000072622 -0.00047508296 -3.847419441e-05)
(1.000166969 -0.0006955639426 -7.190964476e-05)
(1.000351063 -0.0009693157022 -0.0001268702763)
(1.000683236 -0.00128268097 -0.0002093022186)
(1.001225889 -0.001580892023 -0.0003120794937)
(1.00201409 -0.001762031846 -0.0004086360022)
(1.002978719 -0.001670081902 -0.000434325948)
(1.00389695 -0.001204406678 -0.0003374849329)
(1.004455773 -0.0004201061186 -0.0001368589832)
(1.004480406 0.0003941887818 7.557124073e-05)
(1.004023269 0.001124075077 0.0002617354495)
(1.00321448 0.001607087934 0.0003694375709)
(1.002243693 0.00175969794 0.0003874924007)
(1.001367569 0.001578920496 0.0003037613413)
(1.000809414 0.00122738613 0.0001806587482)
(1.000561228 0.0009189842746 0.0001033213023)
(1.000438809 0.0006878371713 6.70955162e-05)
(1.000354537 0.0005049116184 4.255372432e-05)
(1.000302008 0.0003605746837 2.207061722e-05)
(1.000280834 0.000259539605 8.42942728e-06)
(1.000274462 0.0001937606737 -5.946191976e-07)
(1.000271274 0.0001522898724 -7.340492091e-06)
(1.000268817 0.0001253972857 -1.315764369e-05)
(1.000267775 0.0001090790885 -1.750393368e-05)
(1.000267659 0.0001008773677 -2.110141529e-05)
(1.00026777 9.689648374e-05 -2.354583371e-05)
(1.000268436 9.753631872e-05 -2.470674101e-05)
(1.000267279 9.955719311e-05 -2.541217436e-05)
(1.000278699 0.0001031136706 -2.546890802e-05)
(0.9999995536 -5.239022385e-05 -3.715662962e-06)
(0.9999954578 -0.000161252225 -1.220978391e-05)
(0.9999901858 -0.0002935204212 -2.716396945e-05)
(0.999996618 -0.0004677512188 -5.54239854e-05)
(1.000043342 -0.0007022945136 -0.0001077936961)
(1.000180967 -0.001009575413 -0.0001980752784)
(1.000494325 -0.001385644695 -0.0003409057405)
(1.001086785 -0.001772491114 -0.0005269703542)
(1.002047073 -0.002047243889 -0.0007130364511)
(1.003302591 -0.001981737831 -0.0007628813022)
(1.004539473 -0.001419958376 -0.0005747673172)
(1.005261568 -0.0004819704023 -0.0002128488387)
(1.005271669 0.0004806886595 0.0001581048704)
(1.004652449 0.001347423296 0.0004762797148)
(1.003576897 0.001910870155 0.0006642748389)
(1.002305976 0.002058214713 0.0006742282601)
(1.001191363 0.001775984438 0.000485750706)
(1.000579444 0.001322075524 0.0002493103678)
(1.000391685 0.0009812836514 0.0001159029268)
(1.000329222 0.0007394185025 5.407435004e-05)
(1.000291722 0.0005469242758 1.549569088e-05)
(1.000281085 0.0003891327866 -8.937769113e-06)
(1.000296507 0.000278119711 -1.740502922e-05)
(1.000319721 0.0001964219991 -1.688953359e-05)
(1.00033666 0.0001404317975 -1.362170374e-05)
(1.000349205 9.598358367e-05 -9.853751068e-06)
(1.000358241 6.558001199e-05 -6.584352882e-06)
(1.000366097 3.997914081e-05 -3.260638417e-06)
(1.000371268 2.305491985e-05 -6.018637579e-07)
(1.000374695 7.157336425e-06 1.650035153e-06)
(1.00037829 -2.087232106e-06 3.376079274e-06)
(1.000366709 -1.294673457e-05 4.746598846e-06)
(0.9999967223 -4.356043686e-05 -4.691396889e-06)
(0.9999819069 -0.0001345228068 -1.558766575e-05)
(0.9999500615 -0.0002478710105 -3.56476015e-05)
(0.999913155 -0.0004025962795 -7.529165143e-05)
(0.9999010909 -0.0006209332134 -0.0001526040011)
(0.999971864 -0.0009240428781 -0.0002928428784)
(1.000240596 -0.00132470871 -0.0005279916357)
(1.000863143 -0.001775562771 -0.0008478074324)
(1.002017919 -0.002151012817 -0.001189486192)
(1.003631292 -0.002136005999 -0.001276703489)
(1.005267075 -0.001497205634 -0.0009281286564)
(1.006162683 -0.0004650541147 -0.0003202511808)
(1.006150533 0.0005827259713 0.0002976568107)
(1.005344155 0.001532049887 0.0008370024495)
(1.003948683 0.002148352703 0.001161573192)
(1.002322417 0.002274996382 0.001164943834)
(1.000932184 0.001846682344 0.0008009451709)
(1.00032638 0.001275499386 0.0004180193667)
(1.000235135 0.0009080050022 0.0002247682225)
(1.000239465 0.000680580608 0.0001265171645)
(1.000239549 0.0005180419723 4.836969775e-05)
(1.000257677 0.0003994741256 -1.468493067e-05)
(1.000294365 0.00033069259 -5.275096178e-05)
(1.000332869 0.0002878596606 -7.751505189e-05)
(1.000358108 0.0002639686072 -9.272894736e-05)
(1.000376944 0.0002489264185 -0.0001056421326)
(1.000389243 0.0002418536624 -0.0001120536994)
(1.000401759 0.0002378016404 -0.0001151026113)
(1.00040761 0.0002367482851 -0.0001159079493)
(1.000417382 0.0002375630172 -0.0001148364674)
(1.000417508 0.0002392425451 -0.0001129188041)
(1.000445708 0.0002414901353 -0.0001098977467)
(0.9999946087 -2.890947987e-05 -5.523591488e-06)
(0.9999702288 -8.954157542e-05 -1.851126473e-05)
(0.9999148259 -0.0001666369933 -4.332388985e-05)
(0.9998374413 -0.0002750221282 -9.42414332e-05)
(0.9997654895 -0.00043437022 -0.0001984639985)
(0.9997570253 -0.0006677630987 -0.0003974767641)
(0.9999526684 -0.001001229007 -0.0007544521862)
(1.000562567 -0.001417517211 -0.001268768526)
(1.001906537 -0.001839577727 -0.001861586689)
(1.003926009 -0.001939516624 -0.00199281044)
(1.006046833 -0.001401674974 -0.001352907261)
(1.007104978 -0.0005164425536 -0.0003879435561)
(1.007060528 0.0004038496356 0.0005644608368)
(1.006057378 0.00127546549 0.001411226601)
(1.00430181 0.001885292214 0.001917468641)
(1.002256786 0.002070331485 0.001883355345)
(1.000504402 0.001677833308 0.001163310952)
(0.9999603773 0.001112365866 0.0005011827925)
(1.000020383 0.0007732476549 0.0002390099535)
(1.000136556 0.0005446554026 0.0001232781319)
(1.000201828 0.0003881424007 5.576877581e-05)
(1.00026964 0.0002716261574 1.852865473e-05)
(1.000342746 0.0001977679593 9.118764278e-06)
(1.000405426 0.0001460643178 1.066465918e-05)
(1.000442649 0.0001126453396 1.412869381e-05)
(1.000469495 8.696944624e-05 1.851203463e-05)
(1.000486868 7.009897233e-05 2.255681054e-05)
(1.00050232 5.687149582e-05 2.625255918e-05)
(1.000509987 4.71111935e-05 2.930208728e-05)
(1.000515268 3.837387127e-05 3.267234114e-05)
(1.000518426 3.380908666e-05 3.464493204e-05)
(1.000504508 2.800377667e-05 3.775646119e-05)
(0.999993387 -9.814083865e-06 -6.015213377e-06)
(0.9999634419 -3.099264238e-05 -2.024832341e-05)
(0.9998939857 -5.807303658e-05 -4.797022039e-05)
(0.9997913829 -9.677786157e-05 -0.0001062042904)
(0.9996793408 -0.0001550368602 -0.0002288196861)
(0.9996105356 -0.0002432480592 -0.0004723392213)
(0.9997335939 -0.0003754742421 -0.0009324317204)
(1.000281562 -0.0005527254569 -0.001643469153)
(1.001704028 -0.0007564887826 -0.002575146222)
(1.004021678 -0.000839775822 -0.002845898305)
(1.006529195 -0.0006417921116 -0.001963979899)
(1.007765749 -0.0002767543001 -0.0006000520584)
(1.007734789 0.0001043482199 0.0007016336446)
(1.006638136 0.0004886444113 0.001901585258)
(1.004658174 0.0007845920082 0.002683203226)
(1.002336121 0.0009218510933 0.002761769281)
(1.000245462 0.0008076409417 0.001733355181)
(0.999686016 0.0006051396411 0.0007361011924)
(0.9998261379 0.0004907665258 0.0002913962337)
(1.000010129 0.0004113456562 1.549585598e-05)
(1.000105809 0.000357519663 -0.0001630523314)
(1.000192584 0.0003245351759 -0.0002714557004)
(1.000284183 0.0003041371664 -0.0003259837769)
(1.000357019 0.0002898947745 -0.0003542829904)
(1.00039996 0.00027950636 -0.0003717056083)
(1.000431842 0.0002703008702 -0.000376453962)
(1.00045468 0.0002623954091 -0.0003762060286)
(1.000472252 0.0002543692214 -0.0003731206619)
(1.000483692 0.00024789647 -0.0003681893139)
(1.00049474 0.0002423509002 -0.0003618119809)
(1.00050165 0.0002377128692 -0.0003549661731)
(1.000536024 0.0002336821618 -0.0003475012482)
(0.9999933979 1.029477909e-05 -6.019217908e-06)
(0.999963505 3.24854154e-05 -2.026063898e-05)
(0.9998941839 6.078882792e-05 -4.798380767e-05)
(0.9997918676 0.00010113859 -0.0001062118387)
(0.9996803154 0.0001618814464 -0.0002287031893)
(0.9996125645 0.0002538874795 -0.0004719489404)
(0.9997372372 0.000392633618 -0.000930472935)
(1.000288482 0.0005793382773 -0.001638863574)
(1.001713614 0.0007984064844 -0.002559444231)
(1.004029017 0.0008949189121 -0.002822938411)
(1.006532619 0.0007031705046 -0.001943413051)
(1.007767949 0.0003425516277 -0.0005832802872)
(1.007737403 -3.272763335e-05 0.0007147971046)
(1.00664337 -0.0004074811274 0.001914539188)
(1.004669034 -0.0006865872708 0.002698967679)
(1.002357359 -0.0007972310779 0.002789385377)
(1.000273883 -0.000638536379 0.001796827915)
(0.9997303006 -0.0003815316589 0.0008353528169)
(0.9998708252 -0.000237162493 0.0004371322964)
(1.000060261 -0.0001313376664 0.0001861195466)
(1.000165545 -5.872762037e-05 5.37046245e-05)
(1.000252242 -1.071345007e-05 -1.835841556e-05)
(1.000342892 2.183371858e-05 -4.504628364e-05)
(1.000414573 4.61489431e-05 -5.012531312e-05)
(1.000455538 6.387141205e-05 -4.610558165e-05)
(1.000484881 7.978015571e-05 -3.776752159e-05)
(1.000505194 9.317084672e-05 -2.835375999e-05)
(1.000520583 0.0001067771554 -1.78475895e-05)
(1.000529916 0.0001179041401 -8.926029446e-06)
(1.000536862 0.0001303280481 2.763965916e-07)
(1.000542054 0.0001389132968 6.739587741e-06)
(1.00053523 0.0001523212854 1.578911721e-05)
(0.9999946392 2.935890984e-05 -5.535292582e-06)
(0.9999704004 9.091704769e-05 -1.854601487e-05)
(0.9999153651 0.0001690931135 -4.337053084e-05)
(0.9998387023 0.0002788623585 -9.426619135e-05)
(0.9997679812 0.0004400743714 -0.000198270072)
(0.9997616942 0.0006760606514 -0.0003966573431)
(0.9999602523 0.001012883635 -0.000751407537)
(1.000573926 0.001433164503 -0.001261987604)
(1.001918216 0.001858144416 -0.001845915059)
(1.00393294 0.001959233704 -0.001974738704)
(1.00604817 0.001425153298 -0.001338554634)
(1.00711018 0.0005430867089 -0.0003710793941)
(1.007069168 -0.0003711960378 0.0005831259931)
(1.006071818 -0.001235910731 0.001432894003)
(1.004324597 -0.001837652245 0.001945568302)
(1.002289592 -0.002015760522 0.001927290376)
(1.000536018 -0.00161848316 0.001221120028)
(0.999983211 -0.001064890012 0.0005770551289)
(1.000025446 -0.0007385096381 0.0003072249263)
(1.000118756 -0.0005409925284 0.0001744589116)
(1.000169223 -0.00041299081 8.443653419e-05)
(1.000227452 -0.0003254889516 2.445645636e-05)
(1.000294015 -0.0002717594881 -7.590751385e-06)
(1.000355722 -0.0002388577477 -2.907885669e-05)
(1.000394135 -0.0002200391744 -4.613701697e-05)
(1.00042288 -0.000208708399 -5.908921387e-05)
(1.000443096 -0.0002026584988 -6.890615826e-05)
(1.000459784 -0.0001993765734 -7.833740516e-05)
(1.00047002 -0.0001976767818 -8.625787138e-05)
(1.000480034 -0.0001968928423 -9.443194107e-05)
(1.00048441 -0.0001969229117 -0.0001009714437)
(1.000503655 -0.000197189518 -0.0001082426819)
(0.999996765 4.39470408e-05 -4.709517317e-06)
(0.9999821448 0.0001356979829 -1.564321124e-05)
(0.9999507954 0.0002499091653 -3.573227148e-05)
(0.9999148009 0.0004056263573 -7.537415462e-05)
(0.999904195 0.0006250726149 -0.0001525312643)
(0.9999772153 0.0009293626363 -0.0002922962002)
(1.000248693 0.001330853604 -0.0005259671515)
(1.00087412 0.001782075487 -0.0008433691956)
(1.002029481 0.002156460811 -0.001180129382)
(1.003640413 0.002142094556 -0.001264814681)
(1.005273976 0.001507853854 -0.0009160734749)
(1.006171653 0.000478374262 -0.0003070023199)
(1.006161835 -0.0005668798108 0.0003110480379)
(1.005359749 -0.001514676887 0.0008507711477)
(1.003970524 -0.002131060246 0.001178170501)
(1.002349631 -0.002261249107 0.001188430097)
(1.000959736 -0.001837614465 0.0008311014102)
(1.000349438 -0.001271422049 0.0004573369539)
(1.000248805 -0.0009034929476 0.0002676293091)
(1.000248266 -0.000665731207 0.0001708372411)
(1.000251807 -0.0004836333134 9.868534768e-05)
(1.000276216 -0.0003419658092 4.713685034e-05)
(1.000318225 -0.0002479216369 1.687601291e-05)
(1.000360227 -0.0001823674175 1.907187846e-06)
(1.000388454 -0.0001379200425 -8.543697794e-06)
(1.000411279 -0.0001065652731 -1.55115705e-05)
(1.000425292 -8.399734849e-05 -1.970474475e-05)
(1.000435175 -6.751223876e-05 -2.25725997e-05)
(1.00044197 -5.653699228e-05 -2.41979128e-05)
(1.000446875 -4.716326684e-05 -2.519964938e-05)
(1.000450702 -4.22801234e-05 -2.556543166e-05)
(1.000443804 -3.699085076e-05 -2.48974083e-05)
(0.9999995777 5.270533816e-05 -3.73740536e-06)
(0.9999957116 0.0001621954509 -1.227998684e-05)
(0.999990971 0.0002951031612 -2.728689271e-05)
(0.9999983223 0.0004699701631 -5.557917517e-05)
(1.000046429 0.0007050559289 -0.000107902222)
(1.000186 0.001012644261 -0.0001979572728)
(1.000501636 0.001388417643 -0.0003400438406)
(1.001096305 0.001774346785 -0.000524805531)
(1.002057353 0.002047269289 -0.0007084334157)
(1.003311662 0.0019808682 -0.0007567192048)
(1.004546669 0.001420415716 -0.0005687324164)
(1.005269899 0.0004823281397 -0.0002068264649)
(1.005282113 -0.0004802314441 0.0001642934323)
(1.004666638 -0.001347354968 0.0004831497737)
(1.0035959 -0.001912762674 0.0006729740807)
(1.002329672 -0.0020645753 0.0006863823713)
(1.001215298 -0.001786952453 0.0005010503454)
(1.000601125 -0.001339635719 0.0002711030852)
(1.000404921 -0.001001008434 0.0001403029969)
(1.000334549 -0.0007603458166 7.71830592e-05)
(1.0002909 -0.0005698381902 3.56105949e-05)
(1.000275263 -0.0004220944717 7.584438603e-06)
(1.000285826 -0.0003227458191 -6.299149432e-06)
(1.000304024 -0.0002569514515 -1.266879829e-05)
(1.000317933 -0.0002156385391 -1.630760497e-05)
(1.000328442 -0.0001876966953 -1.896571937e-05)
(1.000335849 -0.0001716535458 -2.032062148e-05)
(1.000343086 -0.0001608952362 -2.238499528e-05)
(1.000347228 -0.0001564575451 -2.388194238e-05)
(1.000352548 -0.0001538716334 -2.581524112e-05)
(1.000354105 -0.0001539476298 -2.689362778e-05)
(1.000364319 -0.000155202249 -2.977321613e-05)
(1.000001344 5.533371444e-05 -2.815073545e-06)
(1.000008493 0.0001696328268 -9.116183615e-06)
(1.000028628 0.0003048952159 -1.96624255e-05)
(1.000074203 0.0004766347604 -3.868348416e-05)
(1.000169745 0.0006973220586 -7.215328904e-05)
(1.000355414 0.0009709653072 -0.0001270683373)
(1.00068936 0.001283655987 -0.0002092237964)
(1.001233636 0.001580598775 -0.0003114523687)
(1.002022565 0.001759854017 -0.0004070325209)
(1.002986756 0.001666452435 -0.0004320168495)
(1.003904122 0.001200932495 -0.0003352503076)
(1.004463964 0.0004163765898 -0.0001347646296)
(1.004490433 -0.0003980132132 7.778305115e-05)
(1.004035923 -0.00112882032 0.0002638827197)
(1.003230311 -0.00161428016 0.0003727802625)
(1.0022624 -0.001771497099 0.0003919132406)
(1.001386273 -0.001596273813 0.0003089078962)
(1.000825569 -0.001251728737 0.0001880055056)
(1.000570624 -0.0009474996725 0.0001108999045)
(1.000442252 -0.0007178912054 7.285811087e-05)
(1.00035484 -0.0005332229264 4.684377695e-05)
(1.000302824 -0.0003870281241 2.710381362e-05)
(1.000282572 -0.0002794876461 1.477075556e-05)
(1.000277842 -0.0002068158307 7.851789653e-06)
(1.000276697 -0.0001538964844 2.611488985e-06)
(1.000276489 -0.000118564905 -1.35034125e-06)
(1.000277281 -9.062536477e-05 -4.876853656e-06)
(1.000278452 -7.389644602e-05 -7.511023201e-06)
(1.00027978 -5.84665298e-05 -1.007649008e-05)
(1.00028034 -5.019476851e-05 -1.259061788e-05)
(1.000281747 -4.49107657e-05 -1.455895839e-05)
(1.000275797 -4.078738514e-05 -1.709857645e-05)
(1.000003476 5.244198148e-05 -2.015976699e-06)
(1.000019216 0.0001601484273 -6.488835488e-06)
(1.000059728 0.0002847130673 -1.362154644e-05)
(1.00013526 0.0004378666392 -2.589192237e-05)
(1.000264858 0.0006269376456 -4.648687427e-05)
(1.000478054 0.0008505368618 -7.876966973e-05)
(1.000812284 0.001091500311 -0.0001247254315)
(1.00130053 0.001303886191 -0.0001796208316)
(1.001948218 0.001410724814 -0.0002283516675)
(1.002691776 0.001311224978 -0.000241026123)
(1.00337907 0.0009446343413 -0.0001916970373)
(1.00380847 0.0003359808965 -8.406933448e-05)
(1.003842908 -0.0002968570292 3.375828003e-05)
(1.003511083 -0.0008676186434 0.0001367714843)
(1.002904132 -0.001256010938 0.0001989568592)
(1.002165976 -0.001400768563 0.0002104188071)
(1.001466429 -0.001304433281 0.0001676997752)
(1.000962002 -0.00106754567 9.948137031e-05)
(1.000673012 -0.0008337469148 5.025077297e-05)
(1.000500565 -0.0006478930257 2.400303023e-05)
(1.00037981 -0.000496926025 6.824660456e-06)
(1.000298249 -0.0003728193436 -5.763071933e-06)
(1.00025279 -0.0002810281724 -1.283450176e-05)
(1.000227794 -0.0002159842411 -1.600164934e-05)
(1.0002124 -0.0001715060079 -1.736370417e-05)
(1.000201831 -0.0001399252892 -1.806141928e-05)
(1.000195313 -0.0001190553015 -1.817951203e-05)
(1.000191265 -0.0001049575874 -1.803813049e-05)
(1.000188733 -9.661490016e-05 -1.764225711e-05)
(1.000187106 -9.196430328e-05 -1.736932592e-05)
(1.00018579 -9.028497408e-05 -1.711359468e-05)
(1.000187826 -9.065041098e-05 -1.693381368e-05)
(1.000004934 4.503739468e-05 -1.411817155e-06)
(1.000027341 0.0001371690426 -4.511522571e-06)
(1.000083184 0.0002416948727 -9.222736674e-06)
(1.000180209 0.0003667428586 -1.696091016e-05)
(1.000332071 0.00051601982 -2.937115088e-05)
(1.000559243 0.0006856383252 -4.798845185e-05)
(1.000884235 0.0008595845702 -7.330966171e-05)
(1.001321169 0.001002768873 -0.0001024024308)
(1.001860828 0.001061781325 -0.0001270874539)
(1.002445377 0.0009739137168 -0.0001332724221)
(1.002974598 0.0006987573022 -0.000108061203)
(1.003305249 0.0002532748901 -5.113149355e-05)
(1.003340922 -0.0002083845388 1.256609169e-05)
(1.003097021 -0.0006295763185 6.944978976e-05)
(1.00263357 -0.0009217491703 0.0001050344347)
(1.002064053 -0.001042483548 0.0001139133377)
(1.001494199 -0.0009954854374 9.585551214e-05)
(1.00104813 -0.0008410295206 6.322361485e-05)
(1.000749491 -0.0006695436657 3.731975909e-05)
(1.000551302 -0.0005233463467 2.307298316e-05)
(1.000407575 -0.0004001236173 1.37442413e-05)
(1.000305509 -0.0002971087563 6.62830223e-06)
(1.000239897 -0.0002176165441 2.16646928e-06)
(1.000198334 -0.0001599280115 -2.359237807e-07)
(1.000170347 -0.0001184768504 -1.746924643e-06)
(1.000150854 -8.841186556e-05 -2.956201418e-06)
(1.000137734 -6.689478612e-05 -3.961794979e-06)
(1.000128899 -5.143699247e-05 -4.869902777e-06)
(1.000123202 -4.072338123e-05 -5.684169e-06)
(1.000118466 -3.267937879e-05 -6.590470943e-06)
(1.000115977 -2.822116596e-05 -7.362887773e-06)
(1.000108373 -2.597333314e-05 -8.53116778e-06)
(1.000005949 3.433406293e-05 -9.909173422e-07)
(1.000033003 0.0001043641372 -3.142886541e-06)
(1.000099396 0.0001826486005 -6.267749996e-06)
(1.000210616 0.0002743302875 -1.116642845e-05)
(1.000375828 0.0003809699954 -1.867929774e-05)
(1.000608755 0.0004984037934 -2.946799964e-05)
(1.000921734 0.000614277213 -4.353699309e-05)
(1.001318356 0.0007042225192 -5.904352039e-05)
(1.001779702 0.0007350324801 -7.18405109e-05)
(1.002262197 0.000666896135 -7.481601926e-05)
(1.002682672 0.0004773439567 -6.15606318e-05)
(1.00294349 0.0001732117462 -3.115093518e-05)
(1.002977278 -0.0001374492546 3.135837538e-06)
(1.002792956 -0.0004244068787 3.467361341e-05)
(1.002427729 -0.000626109975 5.493330256e-05)
(1.001967943 -0.0007157162591 6.062155014e-05)
(1.001491144 -0.0006970669172 5.174350317e-05)
(1.001089157 -0.0006045234335 3.404698494e-05)
(1.000791474 -0.0004921515494 1.799592399e-05)
(1.000576045 -0.0003905906945 7.627660044e-06)
(1.000416502 -0.0003044706952 4.393703245e-07)
(1.000298416 -0.0002315120659 -5.049281911e-06)
(1.000218316 -0.0001754642534 -8.540887348e-06)
(1.000163201 -0.0001338693042 -1.045619103e-05)
(1.000126018 -0.000104894362 -1.146827057e-05)
(1.000098794 -8.345764209e-05 -1.205237673e-05)
(1.000081033 -6.926095945e-05 -1.225062191e-05)
(1.000067661 -5.90534253e-05 -1.239028541e-05)
(1.000059488 -5.316745167e-05 -1.240882243e-05)
(1.000052118 -4.904493477e-05 -1.222368216e-05)
(1.000048372 -4.734800666e-05 -1.203335218e-05)
(1.000043841 -4.718187601e-05 -1.174803581e-05)
(1.000006576 2.142796527e-05 -7.296126363e-07)
(1.000036508 6.504754986e-05 -2.299287015e-06)
(1.00010937 0.0001133261597 -4.485259486e-06)
(1.000228999 0.000169051412 -7.762299572e-06)
(1.000401428 0.0002327387958 -1.25758071e-05)
(1.00063598 0.0003013573288 -1.920627699e-05)
(1.000938887 0.0003673622735 -2.749668626e-05)
(1.00130803 0.000416306342 -3.629540881e-05)
(1.001719969 0.0004312313294 -4.327431577e-05)
(1.002139133 0.0003891354591 -4.48206819e-05)
(1.002500062 0.0002766003244 -3.719849434e-05)
(1.002713109 0.0001010880606 -1.993963725e-05)
(1.002739631 -7.453959032e-05 -9.428770725e-07)
(1.002592951 -0.0002426061474 1.758298794e-05)
(1.002289989 -0.0003611893293 2.982813839e-05)
(1.001896431 -0.0004159887776 3.372469805e-05)
(1.001480047 -0.0004100996864 2.962136228e-05)
(1.001108643 -0.0003609874048 2.052038391e-05)
(1.000816455 -0.0002968789242 1.165484965e-05)
(1.000593102 -0.0002360374475 5.57862002e-06)
(1.000424628 -0.0001833534613 1.515812632e-06)
(1.0002974 -0.0001378466477 -1.488812331e-06)
(1.000208668 -0.0001022793238 -3.378037193e-06)
(1.000144594 -7.470825675e-05 -4.457563481e-06)
(1.000101598 -5.524030031e-05 -5.049958794e-06)
(1.000068805 -3.992406955e-05 -5.447380535e-06)
(1.000048199 -2.962289562e-05 -5.719386405e-06)
(1.000031669 -2.045761372e-05 -5.983152324e-06)
(1.000021871 -1.526892189e-05 -6.115801309e-06)
(1.000012182 -1.095931177e-05 -6.297950986e-06)
(1.000007946 -8.407226441e-06 -6.404089258e-06)
(0.9999985877 -6.962774448e-06 -6.700743978e-06)
(1.000006873 7.276347774e-06 -6.054918982e-07)
(1.000038168 2.207365378e-05 -1.900361655e-06)
(1.000114073 3.837057973e-05 -3.65371656e-06)
(1.000237576 5.70415252e-05 -6.200635684e-06)
(1.00041307 7.819789044e-05 -9.828387985e-06)
(1.00064789 0.0001007151682 -1.467156379e-05)
(1.000944878 0.0001221851343 -2.055404321e-05)
(1.0013016 0.0001374950491 -2.658040697e-05)
(1.001685918 0.0001427655572 -3.131937721e-05)
(1.002090834 0.0001262171479 -3.191703778e-05)
(1.002401168 9.535076925e-05 -2.769963009e-05)
(1.002628507 2.157613927e-05 -1.234292309e-05)
(1.002625589 -2.441501237e-05 -1.847791057e-06)
(1.002492962 -7.856637849e-05 1.086946518e-05)
(1.002220304 -0.0001174078342 1.96621379e-05)
(1.001858393 -0.0001356791528 2.267700306e-05)
(1.001471194 -0.0001346252881 2.025057965e-05)
(1.001114523 -0.0001195962986 1.422552381e-05)
(1.000826184 -9.934338007e-05 7.779007128e-06)
(1.000599162 -7.979712686e-05 2.771422426e-06)
(1.000425994 -6.29616523e-05 -8.350183568e-07)
(1.000294157 -4.86482151e-05 -3.569737211e-06)
(1.00020079 -3.771881969e-05 -5.418367518e-06)
(1.00013203 -2.954316772e-05 -6.593428909e-06)
(1.00008589 -2.414007065e-05 -7.298460779e-06)
(1.000050151 -2.026714507e-05 -7.793963052e-06)
(1.000027863 -1.809338227e-05 -8.171780268e-06)
(1.000009258 -1.654822628e-05 -8.21289489e-06)
(0.9999991959 -1.597426984e-05 -8.162771568e-06)
(0.9999887918 -1.593783744e-05 -8.123472214e-06)
(0.9999840535 -1.622145769e-05 -8.088623722e-06)
(0.99997531 -1.667373445e-05 -8.075217458e-06)
(1.000006807 -7.311449603e-06 -8.617239009e-07)
(1.000037808 -2.219096786e-05 -2.708959597e-06)
(1.000113027 -3.864167892e-05 -5.231028059e-06)
(1.000235487 -5.760104918e-05 -8.922850705e-06)
(1.000409685 -7.925423757e-05 -1.421288334e-05)
(1.000643137 -0.0001025394483 -2.131152363e-05)
(1.00093908 -0.0001250885508 -2.996563794e-05)
(1.001295505 -0.0001416523815 -3.88605667e-05)
(1.001681144 -0.0001479900791 -4.581540677e-05)
(1.002087959 -0.0001318791633 -4.656319025e-05)
(1.002402456 -0.0001001288079 -3.986543027e-05)
(1.002631154 -2.407548479e-05 -1.619270181e-05)
(1.002629488 2.422995739e-05 4.843102307e-08)
(1.002494701 8.041812607e-05 1.969959964e-05)
(1.00221817 0.0001203484082 3.354652273e-05)
(1.001852573 0.0001385804363 3.867029677e-05)
(1.001462332 0.0001364159651 3.550038112e-05)
(1.00110524 0.0001197014529 2.679822011e-05)
(1.000818654 9.817860405e-05 1.742293345e-05)
(1.000594526 7.811884731e-05 1.023540447e-05)
(1.000423504 6.1107611e-05 5.086384772e-06)
(1.00029331 4.66942922e-05 1.15218818e-06)
(1.000201197 3.57894313e-05 -1.506014219e-06)
(1.000133612 2.774806312e-05 -3.220791013e-06)
(1.000088182 2.254990903e-05 -4.259080525e-06)
(1.000053026 1.879158774e-05 -5.081106945e-06)
(1.000031324 1.619599677e-05 -5.38650509e-06)
(1.000013245 1.482763916e-05 -5.431333382e-06)
(1.00000334 1.407668256e-05 -5.439898345e-06)
(0.9999930784 1.353081276e-05 -5.471064102e-06)
(0.9999885321 1.318790619e-05 -5.48393048e-06)
(0.9999797872 1.286171796e-05 -5.489481941e-06)
(1.000006496 -2.153719859e-05 -1.047269722e-06)
(1.000036067 -6.541392498e-05 -3.305493956e-06)
(1.000108081 -0.0001141806185 -6.476035037e-06)
(1.000226394 -0.0001708342587 -1.126477698e-05)
(1.000397141 -0.000236141107 -1.834457555e-05)
(1.000629871 -0.0003073144512 -2.815336693e-05)
(1.000931352 -0.0003769131302 -4.049482831e-05)
(1.001300191 -0.0004301100976 -5.367653912e-05)
(1.001714058 -0.0004487965136 -6.419516082e-05)
(1.002136889 -0.0004081616096 -6.651177496e-05)
(1.002502932 -0.0002925899896 -5.463286608e-05)
(1.002719681 -0.0001101196973 -2.809178791e-05)
(1.002747221 7.424566976e-05 1.25951443e-06)
(1.002597284 0.0002493077523 2.99020937e-05)
(1.002288844 0.0003717463078 4.911756721e-05)
(1.00188992 0.00042656757 5.563984114e-05)
(1.001468987 0.0004167517107 4.988693135e-05)
(1.001097202 0.0003615380563 3.641940399e-05)
(1.00080733 0.0002924696143 2.335509259e-05)
(1.000588136 0.0002293210232 1.467425642e-05)
(1.000422071 0.0001752178582 8.880689794e-06)
(1.00029666 0.0001286108646 4.556917449e-06)
(1.000209275 9.230020628e-05 1.863070856e-06)
(1.0001466 6.444021334e-05 3.257211774e-07)
(1.000104215 4.502228045e-05 -5.786377343e-07)
(1.000072403 2.905037185e-05 -1.160063695e-06)
(1.0000518 1.908786722e-05 -1.601076961e-06)
(1.000035222 1.123897706e-05 -1.952847352e-06)
(1.000025551 6.685684214e-06 -2.226020472e-06)
(1.000015761 3.820151048e-06 -2.547180344e-06)
(1.000011256 2.56945434e-06 -2.749928081e-06)
(1.000003186 2.1235275e-06 -2.991276948e-06)
(1.000005837 -3.452771392e-05 -1.43836223e-06)
(1.000032385 -0.0001050182168 -4.568573975e-06)
(1.000097563 -0.0001842028376 -9.149196497e-06)
(1.000206837 -0.0002776406977 -1.638086198e-05)
(1.000369453 -0.0003874287439 -2.75480574e-05)
(1.000599434 -0.0005099736057 -4.369752801e-05)
(1.000910017 -0.0006332533423 -6.49461742e-05)
(1.001306184 -0.000732205204 -8.860423228e-05)
(1.001771202 -0.0007711143528 -0.000108451976)
(1.002260932 -0.0007058923978 -0.0001133279681)
(1.00269072 -0.0005101056288 -9.27811337e-05)
(1.002959054 -0.0001906378826 -4.5938e-05)
(1.002993812 0.0001385443597 7.148571615e-06)
(1.002803675 0.0004404808662 5.598627235e-05)
(1.00242903 0.0006504297903 8.76965566e-05)
(1.001959432 0.0007402171467 9.69570155e-05)
(1.001474973 0.0007136740975 8.348426266e-05)
(1.001071097 0.0006088896906 5.60836823e-05)
(1.000778136 0.0004878684002 3.163660808e-05)
(1.000568501 0.0003826514107 1.631883695e-05)
(1.000412788 0.0002949527305 5.809776507e-06)
(1.000296289 0.0002202161025 -2.419953402e-06)
(1.000218436 0.0001637196132 -7.645155464e-06)
(1.00016463 0.0001216220647 -1.049754675e-05)
(1.000128984 9.262411462e-05 -1.199971587e-05)
(1.000102288 7.000984601e-05 -1.278987032e-05)
(1.00008561 5.491851844e-05 -1.315281199e-05)
(1.000072702 4.24186659e-05 -1.317620354e-05)
(1.000065487 3.504541232e-05 -1.302165543e-05)
(1.000058576 2.792901158e-05 -1.275386828e-05)
(1.000055756 2.401291283e-05 -1.248623559e-05)
(1.000048696 2.024875253e-05 -1.235865813e-05)
(1.000004767 -4.532748547e-05 -2.069284348e-06)
(1.000026411 -0.0001381565716 -6.621904467e-06)
(1.000080386 -0.0002441112482 -1.359118013e-05)
(1.0001743 -0.0003720485512 -2.511690283e-05)
(1.000321798 -0.0005267101146 -4.374291831e-05)
(1.000543747 -0.0007054121802 -7.192334003e-05)
(1.000864188 -0.0008931078311 -0.0001107085084)
(1.001300314 -0.00105352108 -0.0001558992708)
(1.001846587 -0.001128915584 -0.0001951985857)
(1.002448124 -0.001045778951 -0.000205927732)
(1.002993757 -0.0007586675083 -0.0001666182724)
(1.003338556 -0.0002825619311 -7.84659191e-05)
(1.003375221 0.0002145927507 2.074768709e-05)
(1.003120333 0.0006643775556 0.0001093755015)
(1.002640104 0.000972061878 0.0001654390581)
(1.00205062 0.001092188091 0.0001798985728)
(1.001469035 0.001027864782 0.0001519417013)
(1.001020362 0.000848391848 0.0001007377964)
(1.000730478 0.0006603551028 6.09985962e-05)
(1.000542305 0.000507933115 4.002697473e-05)
(1.000403398 0.000380827644 2.648772208e-05)
(1.000303672 0.000274113428 1.606000506e-05)
(1.000240401 0.0001932221542 9.801747444e-06)
(1.000200229 0.000135793395 6.191858631e-06)
(1.000172593 9.604284625e-05 3.71446546e-06)
(1.000152951 6.859549002e-05 1.696138889e-06)
(1.000139003 4.996764275e-05 1.825901753e-08)
(1.000130096 3.895668487e-05 -1.302232344e-06)
(1.000122848 3.227673035e-05 -2.506803389e-06)
(1.000118764 2.984882327e-05 -3.460445084e-06)
(1.000114306 3.005933132e-05 -4.302728988e-06)
(1.000113629 3.169659283e-05 -4.864629468e-06)
(1.000003221 -5.283555295e-05 -2.974739817e-06)
(1.000017792 -0.0001614913592 -9.600204168e-06)
(1.000055362 -0.0002881284413 -2.023000746e-05)
(1.000125792 -0.0004456766238 -3.86413248e-05)
(1.000247839 -0.0006433528344 -6.983163856e-05)
(1.000451411 -0.0008821650867 -0.0001192403209)
(1.000776679 -0.00114744756 -0.000190704955)
(1.0012626 -0.001391522908 -0.0002775599616)
(1.001922989 -0.001530280364 -0.0003574282911)
(1.0027006 -0.001439279341 -0.0003799418148)
(1.003420619 -0.00104808329 -0.000302322679)
(1.003875401 -0.0003814019155 -0.0001337654031)
(1.003910291 0.0003159636246 5.155180849e-05)
(1.00355762 0.0009391923547 0.0002134526641)
(1.002918676 0.001357150961 0.0003123028506)
(1.002142131 0.001502017696 0.0003284400707)
(1.001419827 0.001374394539 0.0002575047413)
(1.000912532 0.001093788717 0.0001467203914)
(1.000641073 0.0008343314604 7.003522857e-05)
(1.000484882 0.0006405282233 3.090598331e-05)
(1.000371235 0.0004842632343 5.072107672e-06)
(1.00029386 0.0003538536094 -1.435885106e-05)
(1.000253179 0.0002569028949 -2.457354413e-05)
(1.000232243 0.0001863613472 -2.955063199e-05)
(1.000219635 0.0001351550515 -3.01527379e-05)
(1.000211247 9.587318274e-05 -2.992125873e-05)
(1.000206496 6.689740513e-05 -2.915224925e-05)
(1.000203924 4.449301144e-05 -2.827369428e-05)
(1.000202869 2.836233901e-05 -2.737547365e-05)
(1.000201614 1.423548835e-05 -2.681163552e-05)
(1.00020203 4.7331856e-06 -2.665374929e-05)
(1.000193648 -9.041694062e-07 -2.6730147e-05)
(1.000000691 -5.579534216e-05 -4.165678568e-06)
(1.00000627 -0.0001712725233 -1.35577347e-05)
(1.000021885 -0.000309297067 -2.938820892e-05)
(1.000059149 -0.0004872220684 -5.813000095e-05)
(1.000141679 -0.0007207739969 -0.0001092956569)
(1.000309579 -0.001018450061 -0.0001943748064)
(1.000625739 -0.001372056693 -0.0003243824017)
(1.001163434 -0.001724880392 -0.0004896001661)
(1.001976312 -0.001964559231 -0.0006513015902)
(1.003007892 -0.001885879012 -0.0006964944226)
(1.003988037 -0.001371977734 -0.0005420658314)
(1.004591895 -0.0004827355597 -0.0002217527082)
(1.004617241 0.0004440431494 0.0001181653024)
(1.004125565 0.00126498007 0.0004142947005)
(1.00326189 0.001801332476 0.0005971609361)
(1.002225284 0.001953151006 0.0006266235354)
(1.001307617 0.001715404935 0.000484837458)
(1.000746965 0.001293181701 0.0002835332088)
(1.000525169 0.00094739461 0.0001633341551)
(1.000420919 0.0007024763111 0.0001087049556)
(1.00034234 0.000509565273 7.226343343e-05)
(1.000292964 0.0003582341987 4.344631448e-05)
(1.000275199 0.0002561382137 2.570331518e-05)
(1.000270806 0.0001908788499 1.456190384e-05)
(1.000268688 0.0001505330194 6.296450052e-06)
(1.000267186 0.0001238236148 -1.088246087e-06)
(1.000267129 0.0001089018118 -6.022254397e-06)
(1.00026802 0.00010017401 -1.082055801e-05)
(1.000268736 9.799213474e-05 -1.412338144e-05)
(1.000270397 9.936096738e-05 -1.746093432e-05)
(1.000270033 0.000102374303 -1.956329666e-05)
(1.000282303 0.0001060510668 -2.248495464e-05)
(0.9999989368 -5.316300647e-05 -5.586695374e-06)
(0.9999925472 -0.0001639171224 -1.835482872e-05)
(0.9999809089 -0.0003000911825 -4.096559749e-05)
(0.9999750962 -0.0004827947005 -8.403447678e-05)
(1.000001374 -0.0007354198174 -0.0001648786471)
(1.000108922 -0.001078050181 -0.0003064115319)
(1.000390001 -0.001518120375 -0.0005360718041)
(1.000967297 -0.001996246197 -0.0008425164901)
(1.001971722 -0.002377278094 -0.001165055341)
(1.00335666 -0.002332576046 -0.001251583278)
(1.004705272 -0.001685255091 -0.0009450853689)
(1.005502474 -0.0005759998661 -0.0003535645527)
(1.005508623 0.0005719379179 0.0002499397745)
(1.004826544 0.001591871829 0.0007653568884)
(1.003647327 0.002245881394 0.001070760767)
(1.002258163 0.002385582894 0.001081349748)
(1.00106708 0.001992879232 0.0007578142354)
(1.000467231 0.00142652967 0.0003690833527)
(1.000329178 0.001031139646 0.0001641319084)
(1.000297914 0.0007641788823 7.256449062e-05)
(1.000273739 0.0005403239167 1.255766205e-05)
(1.000273612 0.0003594235083 -2.436847403e-05)
(1.000297516 0.0002294448084 -4.117534412e-05)
(1.000323901 0.0001370498528 -3.984597582e-05)
(1.000344344 7.213943136e-05 -3.737061537e-05)
(1.000357813 2.372386537e-05 -3.495522432e-05)
(1.000366518 -1.083943893e-05 -3.307837791e-05)
(1.000373071 -3.669735577e-05 -3.125803397e-05)
(1.000378378 -5.689105481e-05 -3.003341422e-05)
(1.00038115 -7.030868515e-05 -2.962230004e-05)
(1.000385499 -7.862877559e-05 -2.966663451e-05)
(1.000371394 -8.226594941e-05 -3.085479797e-05)
(0.9999959785 -4.429278366e-05 -7.048945447e-06)
(0.9999777529 -0.0001370851699 -2.344974454e-05)
(0.9999366332 -0.0002544626283 -5.388529506e-05)
(0.9998809213 -0.0004184905631 -0.0001146646445)
(0.9998355339 -0.0006583036669 -0.0002353017502)
(0.9998534513 -0.001006791589 -0.0004588049668)
(1.000061227 -0.00149817606 -0.0008462779611)
(1.000645977 -0.002088697392 -0.001389486262)
(1.001877744 -0.002643388811 -0.002008715677)
(1.003728425 -0.002652297751 -0.002154599733)
(1.005554674 -0.001860196716 -0.001566558091)
(1.006569238 -0.0005716189021 -0.0005443786675)
(1.006552291 0.0007508954356 0.0004949406318)
(1.005642957 0.001934255859 0.001401503721)
(1.004060558 0.002692259996 0.001942254914)
(1.002229559 0.002798715803 0.001940711039)
(1.000713122 0.002156446048 0.001312499827)
(1.000149189 0.001396452445 0.0006834520806)
(1.000135842 0.0009501607411 0.0003972637951)
(1.00017472 0.000699406692 0.0002699137025)
(1.000187202 0.0005145258647 0.0001665882399)
(1.000218367 0.0003837952413 8.570857196e-05)
(1.000268129 0.0003075574399 3.662467654e-05)
(1.000314675 0.0002612839064 3.40208319e-06)
(1.000347115 0.0002326931233 -2.205466835e-05)
(1.000371021 0.0002163208755 -4.022794268e-05)
(1.000389248 0.000207757843 -5.432565506e-05)
(1.000403124 0.0002035367307 -6.660735279e-05)
(1.000412708 0.0002023961582 -7.642501766e-05)
(1.00042259 0.0002033335082 -8.508240215e-05)
(1.000426807 0.0002052159964 -9.148285916e-05)
(1.00045151 0.0002098791772 -9.776813802e-05)
(0.9999936505 -2.944717177e-05 -8.301029115e-06)
(0.9999648702 -9.143717106e-05 -2.786811745e-05)
(0.9998972055 -0.0001716668195 -6.560844951e-05)
(0.9997936428 -0.0002876975532 -0.0001440893227)
(0.9996723806 -0.00046589649 -0.0003086042988)
(0.9995785473 -0.0007426634746 -0.0006316770102)
(0.999666189 -0.001172302436 -0.001238348582)
(1.000191532 -0.001757966197 -0.002146086072)
(1.001666712 -0.002443973656 -0.003279219098)
(1.004104569 -0.002610081755 -0.003474387512)
(1.006528386 -0.001880120074 -0.002350936448)
(1.007747398 -0.0006832045038 -0.0006987264345)
(1.007691946 0.0005759418274 0.0009453900577)
(1.006532253 0.001747927587 0.00240752066)
(1.004462468 0.002566447899 0.003291764949)
(1.002055309 0.0027827866 0.003215923668)
(1.000085061 0.002100216751 0.001904578568)
(0.9996698599 0.001281902711 0.0008798429826)
(0.9998773048 0.0007773423455 0.0004881655962)
(1.000064537 0.0004426598185 0.0003234124089)
(1.000158425 0.0002131434585 0.0002269915608)
(1.000249561 5.41902475e-05 0.0001806903979)
(1.000337232 -3.749335518e-05 0.0001692522884)
(1.00040578 -9.680287228e-05 0.0001712607869)
(1.000445948 -0.0001313826701 0.0001725582725)
(1.000473743 -0.0001569437544 0.0001734883948)
(1.000492473 -0.000171529107 0.000173521256)
(1.000509544 -0.0001791984621 0.0001723943931)
(1.000519439 -0.0001831262071 0.0001705580095)
(1.000525366 -0.0001847707623 0.0001683003427)
(1.00052721 -0.0001847185144 0.000165686338)
(1.000510415 -0.000184066841 0.0001616286696)
(0.9999922962 -9.99508219e-06 -9.041314535e-06)
(0.9999573337 -3.1699389e-05 -3.049083099e-05)
(0.9998736359 -5.997496422e-05 -7.27056915e-05)
(0.9997396774 -0.0001016904271 -0.0001627319462)
(0.9995657224 -0.0001675719467 -0.000357684533)
(0.9993823068 -0.0002744355343 -0.0007586280124)
(0.9993433057 -0.0004502716982 -0.001560275007)
(0.9997206827 -0.0007126072306 -0.002871184402)
(1.001297059 -0.001064191872 -0.004758814954)
(1.004234262 -0.00120050771 -0.005177029449)
(1.00721644 -0.0009101558698 -0.003529956734)
(1.008666708 -0.0003899909049 -0.001161188356)
(1.008630363 0.0001681627477 0.001152950824)
(1.007341821 0.0007150334964 0.003294608599)
(1.004955633 0.001138996764 0.004769666468)
(1.002056172 0.001325411149 0.0049552565)
(0.9995875055 0.001094806762 0.003015534452)
(0.999179783 0.0007477383782 0.001525684623)
(0.9995009369 0.0005540423195 0.001041628965)
(0.9997907282 0.0004013695249 0.0006999266393)
(0.9999584872 0.0002880081391 0.0004226096456)
(1.00010398 0.0002146825151 0.0002524757027)
(1.000236069 0.0001714908742 0.000155532696)
(1.000330423 0.0001460044225 8.992631006e-05)
(1.000387292 0.0001320737177 4.540017855e-05)
(1.000429642 0.000124418601 1.075682034e-05)
(1.000458185 0.0001212343837 -1.346991475e-05)
(1.000481624 0.0001205021083 -3.466981055e-05)
(1.000495148 0.0001213215004 -4.881591764e-05)
(1.000509682 0.0001231882613 -6.379261165e-05)
(1.000515652 0.0001246915317 -7.252381979e-05)
(1.000540383 0.000127530802 -8.549523804e-05)
(0.9999923073 1.046919212e-05 -9.048263649e-06)
(0.9999573989 3.317222221e-05 -3.051309623e-05)
(0.9998738403 6.266468365e-05 -7.273193287e-05)
(0.9997402105 0.0001060342552 -0.000162766336)
(0.9995668327 0.0001745410038 -0.0003575001518)
(0.9993849753 0.0002855669051 -0.0007580842438)
(0.9993484223 0.0004695594441 -0.001556360595)
(0.9997326056 0.0007440746364 -0.002862260218)
(1.001313198 0.001120041104 -0.004722482267)
(1.004243422 0.001273384493 -0.005129602944)
(1.007216307 0.0009870575334 -0.00348939987)
(1.008665671 0.0004692394983 -0.001126652789)
(1.008631348 -8.370254635e-05 0.001179800341)
(1.007348348 -0.0006200805437 0.003317371052)
(1.004972401 -0.001022397716 0.004799976721)
(1.002095019 -0.001171279043 0.005024122815)
(0.9996332753 -0.0008684188723 0.003150103115)
(0.9992534505 -0.0004386107693 0.001766253587)
(0.999575929 -0.000204083735 0.001389236351)
(0.9998726625 -1.222628567e-05 0.001133572319)
(1.000037211 0.0001190547777 0.0009289366708)
(1.000177094 0.0002238335969 0.0008051815642)
(1.000310365 0.000279748258 0.0007333629541)
(1.000400474 0.000309582711 0.0006822214857)
(1.000454044 0.0003269911558 0.0006437672432)
(1.000491616 0.0003362902503 0.0006139435865)
(1.00051755 0.0003398053028 0.0005901197758)
(1.000535533 0.0003397558042 0.0005701023228)
(1.000546435 0.000337447162 0.0005528790238)
(1.000556453 0.0003333186899 0.0005377179311)
(1.000558344 0.000327988736 0.0005249167737)
(1.000539302 0.0003215703645 0.0005140537874)
(0.9999936814 2.989066801e-05 -8.321274216e-06)
(0.9999650454 9.279454485e-05 -2.792957025e-05)
(0.9998977622 0.0001740927594 -6.569774873e-05)
(0.9997949968 0.000291505204 -0.0001441680105)
(0.9996751651 0.0004715775361 -0.000308351883)
(0.9995841986 0.0007510183107 -0.0006304676796)
(0.9996758148 0.001183950761 -0.001233067677)
(1.000207349 0.001773454824 -0.002134143362)
(1.001682183 0.002459448742 -0.003248129545)
(1.004111594 0.002624516224 -0.003441200722)
(1.006528655 0.001900414365 -0.002322531767)
(1.007753497 0.0007084930999 -0.0006637192942)
(1.007702305 -0.0005426751883 0.0009837764412)
(1.00654991 -0.001707446642 0.002450362035)
(1.004492714 -0.002518388737 0.0033459841)
(1.00209877 -0.00273150331 0.003298581551)
(1.000120911 -0.002053269488 0.002014840514)
(0.9996942463 -0.001265681841 0.001027734708)
(0.9998731265 -0.0007904723445 0.0006171903197)
(1.000030816 -0.0005031155182 0.0004020553725)
(1.00011284 -0.0003064786179 0.000249912151)
(1.000193973 -0.0001845110211 0.0001689704087)
(1.000276294 -0.0001222355446 0.0001417076433)
(1.000342095 -9.167417129e-05 0.0001353619243)
(1.000383124 -7.963398813e-05 0.0001382908764)
(1.000411471 -7.754507875e-05 0.0001465831305)
(1.000433135 -8.125325835e-05 0.0001576954745)
(1.000450994 -8.861785756e-05 0.000170400287)
(1.000462521 -9.742018026e-05 0.0001830723055)
(1.00047255 -0.0001077854078 0.0001972318662)
(1.000476216 -0.0001156231373 0.0002075168521)
(1.000509674 -0.0001274822822 0.000222891112)
(0.9999960212 4.467526514e-05 -7.080367414e-06)
(0.9999779923 0.0001382461479 -2.354601052e-05)
(0.9999373805 0.000256469108 -5.403882361e-05)
(0.9998826399 0.0004214663866 -0.0001148423988)
(0.9998388644 0.0006623161561 -0.0002352761731)
(0.9998594742 0.001011815305 -0.0004581016758)
(1.000070644 0.001503378648 -0.0008431377426)
(1.000659499 0.002093216921 -0.001382337822)
(1.001891816 0.002643928587 -0.001991975255)
(1.003738637 0.002653238115 -0.002134104438)
(1.005561643 0.001866971148 -0.00154589729)
(1.006578356 0.0005804139945 -0.0005215071913)
(1.006563664 -0.0007404625229 0.0005180267392)
(1.005659498 -0.001923226438 0.001425358546)
(1.004085352 -0.002683443169 0.001970406258)
(1.002260955 -0.002798539948 0.001980633212)
(1.00074395 -0.002166006109 0.001362745381)
(1.000176195 -0.001416457462 0.0007483640988)
(1.000150811 -0.000967503135 0.0004634510838)
(1.000186599 -0.0006958316326 0.000336649722)
(1.000205551 -0.000482712463 0.0002494361737)
(1.000243204 -0.0003235427677 0.0001964578979)
(1.000297037 -0.0002150017173 0.0001692597491)
(1.000344616 -0.0001392406047 0.0001557602895)
(1.000378391 -8.38521382e-05 0.000145272884)
(1.000401467 -4.272303671e-05 0.0001356993671)
(1.000422298 -1.250007929e-05 0.0001284995371)
(1.000435123 1.406978795e-05 0.000121517406)
(1.000444345 3.427493466e-05 0.0001136226994)
(1.000450501 5.033154216e-05 0.0001054685034)
(1.000455993 6.187421511e-05 9.859987392e-05)
(1.00044965 7.067820174e-05 8.92465098e-05)
(0.9999989645 5.347536858e-05 -5.625650147e-06)
(0.9999928492 0.000164847623 -1.84779637e-05)
(0.9999817016 0.0003016493998 -4.117622408e-05)
(0.9999768372 0.0004849619715 -8.432444317e-05)
(1.000004576 0.0007380515803 -0.0001651413377)
(1.0001143 0.001080812682 -0.0003063967509)
(1.000398009 0.001520078795 -0.0005349438375)
(1.000978105 0.001996499376 -0.0008393671142)
(1.001983335 0.002373978105 -0.00115763401)
(1.003366334 0.002327595461 -0.001241738141)
(1.004712209 0.00168169081 -0.0009356837219)
(1.005510825 0.0005715645272 -0.0003438766963)
(1.005519366 -0.0005762214328 0.0002598005862)
(1.004841513 -0.001596583576 0.0007762687497)
(1.003668113 -0.002253326985 0.001084220925)
(1.002283582 -0.002399995319 0.001100580666)
(1.001093392 -0.00201414675 0.000781674465)
(1.000490997 -0.001456659623 0.0004034995903)
(1.000343014 -0.001066549366 0.0002039207271)
(1.000301689 -0.0007997138995 0.0001098915844)
(1.000270894 -0.0005836461457 4.659552837e-05)
(1.000264992 -0.0004163533326 -3.26669629e-06)
(1.000282598 -0.00030223906 -2.482357978e-05)
(1.000303926 -0.0002262639757 -3.071946947e-05)
(1.000319009 -0.0001767492741 -3.23432154e-05)
(1.000329984 -0.0001433521473 -3.135051501e-05)
(1.000337815 -0.0001235669554 -2.801930529e-05)
(1.000344343 -0.0001113365305 -2.289105398e-05)
(1.000348304 -0.0001060680129 -1.760301263e-05)
(1.000352747 -0.0001042462311 -9.678184154e-06)
(1.000353114 -0.0001049148608 -3.756050739e-06)
(1.000369027 -0.0001093506308 5.928717047e-06)
(1.000000841 5.60351751e-05 -4.213412659e-06)
(1.000006486 0.0001719854126 -1.36987672e-05)
(1.000022622 0.0003104554183 -2.963524571e-05)
(1.000060723 0.0004887404417 -5.84977743e-05)
(1.000144486 0.0007224476024 -0.0001097559678)
(1.000314062 0.001019900354 -0.0001948286005)
(1.00063216 0.001372533888 -0.0003244827399)
(1.00117171 0.001723610149 -0.0004889408669)
(1.001985386 0.001960467129 -0.0006490736226)
(1.003016111 0.00187988196 -0.0006932525662)
(1.003995463 0.00136574997 -0.0005389051079)
(1.004600096 0.0004765027517 -0.0002189125267)
(1.004627339 -0.0004505601924 0.0001209538355)
(1.004138482 -0.00127277337 0.0004170224722)
(1.003278297 -0.001812236045 0.0006006713069)
(1.00224448 -0.001970051414 0.0006318638689)
(1.001326942 -0.00173892459 0.0004912409369)
(1.000763441 -0.001325732234 0.000293651021)
(1.000534449 -0.000986581501 0.0001737412422)
(1.000423037 -0.0007412550467 0.0001152274753)
(1.000342862 -0.0005470962494 7.645609901e-05)
(1.000294403 -0.0003902874483 4.857805347e-05)
(1.000278232 -0.000282060896 3.426333525e-05)
(1.000275239 -0.000204878057 2.769446138e-05)
(1.000274771 -0.000153090758 2.426558739e-05)
(1.000275032 -0.0001128684468 2.172837477e-05)
(1.000276083 -8.664879303e-05 1.985101382e-05)
(1.000277785 -6.472570702e-05 1.816180477e-05)
(1.000279258 -5.082763814e-05 1.6410916e-05)
(1.000280482 -3.792062695e-05 1.44238248e-05)
(1.000281631 -3.077701299e-05 1.265664477e-05)
(1.000279435 -2.223154298e-05 1.07070264e-05)
(1.00000326 5.301155375e-05 -3.023992672e-06)
(1.000018012 0.000162019596 -9.749566782e-06)
(1.000056024 0.0002889579605 -2.049628964e-05)
(1.000127172 0.00044671115 -3.904914118e-05)
(1.000250217 0.0006443953296 -7.03929122e-05)
(1.000455063 0.0008828896824 -0.0001199383392)
(1.000781747 0.001147322063 -0.0001914281464)
(1.001268976 0.001389993312 -0.0002781574424)
(1.001930101 0.001526812958 -0.0003576260223)
(1.002707603 0.001434239802 -0.0003798819886)
(1.003427417 0.001042431979 -0.0003024721344)
(1.003882755 0.0003754095258 -0.0001344515153)
(1.003919024 -0.000322868573 5.050207049e-05)
(1.003568266 -0.0009476836214 0.0002120386053)
(1.002931533 -0.00136832689 0.0003108308085)
(1.00215659 -0.001517540131 0.0003271874829)
(1.001434284 -0.001394851665 0.0002562934803)
(1.000925242 -0.00112019289 0.0001466972348)
(1.000649515 -0.0008640938803 7.016894115e-05)
(1.000488965 -0.0006694267885 3.020494073e-05)
(1.000373099 -0.0005112429057 4.03756715e-06)
(1.000294526 -0.0003805890345 -1.496499747e-05)
(1.000252144 -0.0002850452935 -2.589115925e-05)
(1.000228934 -0.0002168394038 -3.09245267e-05)
(1.000214386 -0.0001697740297 -3.328074618e-05)
(1.000204133 -0.0001351742308 -3.429478912e-05)
(1.000197926 -0.0001121927734 -3.440929912e-05)
(1.00019394 -9.552351693e-05 -3.373797494e-05)
(1.000191518 -8.56486862e-05 -3.2347478e-05)
(1.000189644 -7.872752065e-05 -3.039177867e-05)
(1.000188068 -7.604740552e-05 -2.907170159e-05)
(1.000190477 -7.463756669e-05 -2.611994422e-05)
(1.000004802 4.5453344e-05 -2.118977055e-06)
(1.000026606 0.0001385279061 -6.773768566e-06)
(1.000080964 0.0002446829665 -1.386219574e-05)
(1.000175485 0.0003727317539 -2.553477241e-05)
(1.000323794 0.0005273467305 -4.433646684e-05)
(1.000546732 0.0007057579832 -7.271312372e-05)
(1.000868241 0.0008928127978 -0.0001116808861)
(1.001305354 0.001052224709 -0.0001570183592)
(1.00185228 0.001126338653 -0.0001963910984)
(1.00245406 0.001042017852 -0.0002072442317)
(1.002999723 0.000754272467 -0.0001682663723)
(1.003345111 0.0002776221702 -8.064286919e-05)
(1.003382814 -0.000220341443 1.812482018e-05)
(1.003129263 -0.0006713985648 0.0001062680697)
(1.002650399 -0.0009810955378 0.000161875495)
(1.002061765 -0.001104189739 0.0001759427803)
(1.001480223 -0.001043409478 0.0001475775151)
(1.001029785 -0.0008676438347 9.631201236e-05)
(1.000737466 -0.0006825416083 5.639110234e-05)
(1.000545195 -0.0005300670222 3.451660043e-05)
(1.000404563 -0.0004034075489 2.016065797e-05)
(1.000303194 -0.0002965202314 9.156248712e-06)
(1.00023958 -0.0002162090361 2.521466488e-06)
(1.000198528 -0.000157391259 -8.680624851e-07)
(1.000171255 -0.0001163357143 -2.960355031e-06)
(1.000151547 -8.567030506e-05 -4.215470192e-06)
(1.00013868 -6.451690971e-05 -4.965331293e-06)
(1.000129516 -4.875167956e-05 -5.538775898e-06)
(1.00012369 -3.863711952e-05 -6.035981343e-06)
(1.000119171 -3.082796711e-05 -6.525994692e-06)
(1.000116464 -2.572509211e-05 -6.966484591e-06)
(1.000110223 -2.276119022e-05 -7.383042735e-06)
(1.000005868 3.461090063e-05 -1.487527011e-06)
(1.000032557 0.0001052621211 -4.718772308e-06)
(1.000098072 0.0001845725825 -9.416622982e-06)
(1.000207866 0.0002780687046 -1.679303179e-05)
(1.000371159 0.0003878030642 -2.813858599e-05)
(1.000601938 0.000510130225 -4.450028128e-05)
(1.000913369 0.0006329763703 -6.598446629e-05)
(1.001310331 0.0007312731947 -8.988998759e-05)
(1.001775938 0.0007693817873 -0.0001099851712)
(1.002266081 0.0007033563105 -0.0001151381032)
(1.002696075 0.0005070567479 -9.497290236e-05)
(1.002964978 0.0001871194427 -4.862817189e-05)
(1.003000511 -0.0001426792602 3.986662638e-06)
(1.002811297 -0.0004455625859 5.229623815e-05)
(1.002437504 -0.0006569340648 8.344475757e-05)
(1.001968361 -0.0007486484159 9.216305968e-05)
(1.00148362 -0.0007243831106 7.810973034e-05)
(1.001078779 -0.0006220855588 5.029014057e-05)
(1.000783433 -0.0005026274702 2.539435058e-05)
(1.000571592 -0.0003979223174 9.489001655e-06)
(1.000413931 -0.0003097681663 -1.497535157e-06)
(1.00029669 -0.0002348278879 -9.855211689e-06)
(1.000217936 -0.0001778518784 -1.509935102e-05)
(1.000163504 -0.0001355191464 -1.799604359e-05)
(1.000126911 -0.000106203796 -1.95586475e-05)
(1.000099806 -8.413470295e-05 -2.041030956e-05)
(1.000082317 -6.958419056e-05 -2.081103239e-05)
(1.000068886 -5.867564395e-05 -2.105196682e-05)
(1.00006085 -5.245266297e-05 -2.107556583e-05)
(1.000053497 -4.759340249e-05 -2.07162316e-05)
(1.00004979 -4.555488049e-05 -2.035194031e-05)
(1.000045141 -4.435539846e-05 -1.966125995e-05)
(1.000006524 2.158436199e-05 -1.095595345e-06)
(1.000036223 6.555180349e-05 -3.452981023e-06)
(1.00010854 0.000114387464 -6.737883409e-06)
(1.000227316 0.0001710685975 -1.16671082e-05)
(1.000398654 0.0002363370838 -1.892103832e-05)
(1.000632069 0.0003073787412 -2.894117872e-05)
(1.000934268 0.0003767296044 -4.152921089e-05)
(1.001303798 0.0004295590938 -5.498738332e-05)
(1.001718205 0.0004478128581 -6.580518051e-05)
(1.00214154 0.0004067045453 -6.845243779e-05)
(1.002507822 0.0002908382327 -5.697515458e-05)
(1.002725177 0.0001079995537 -3.091647729e-05)
(1.002753314 -7.673798459e-05 -2.015115701e-06)
(1.002604054 -0.0002523648445 2.610870693e-05)
(1.002296207 -0.0003756217417 4.476274734e-05)
(1.001897423 -0.0004315052542 5.069380466e-05)
(1.001476453 -0.0004229961446 4.433868152e-05)
(1.001103341 -0.0003690309069 3.030820539e-05)
(1.000812074 -0.0003009431766 1.676569543e-05)
(1.000590853 -0.0002380082658 7.593244494e-06)
(1.000423268 -0.0001838279342 1.418245742e-06)
(1.000296884 -0.000137251543 -3.15329802e-06)
(1.000208481 -0.0001009323977 -6.053397745e-06)
(1.000145165 -7.32058169e-05 -7.713680007e-06)
(1.000102075 -5.344196868e-05 -8.610708066e-06)
(1.000069625 -3.844691688e-05 -9.213115355e-06)
(1.000049188 -2.701462999e-05 -9.594907364e-06)
(1.000032458 -1.866713602e-05 -9.896981454e-06)
(1.000022663 -1.351870208e-05 -1.002524984e-05)
(1.000013008 -9.405767154e-06 -1.016282214e-05)
(1.000008661 -7.054748508e-06 -1.024825629e-05)
(0.9999995397 -5.450136928e-06 -1.045592333e-05)
(1.000006834 7.326710438e-06 -9.094777049e-07)
(1.000037955 2.223552597e-05 -2.85461525e-06)
(1.000113461 3.870817552e-05 -5.489112457e-06)
(1.000236356 5.767557159e-05 -9.318465851e-06)
(1.000411103 7.931514672e-05 -1.4778861e-05)
(1.000645187 0.0001025565018 -2.208562295e-05)
(1.000941788 0.0001250254565 -3.098520082e-05)
(1.00129886 0.0001414703668 -4.016343279e-05)
(1.001685009 0.0001476732091 -4.742057246e-05)
(1.002092385 0.0001314001722 -4.853826908e-05)
(1.002407091 9.955811392e-05 -4.219046505e-05)
(1.002636454 2.338709666e-05 -1.913837458e-05)
(1.002635285 -2.506285337e-05 -3.233851777e-06)
(1.002501068 -8.143590725e-05 1.592701244e-05)
(1.002224988 -0.0001216317123 2.922192644e-05)
(1.00185946 -0.0001402166912 3.375986739e-05)
(1.001469007 -0.0001384546595 2.998634141e-05)
(1.001110889 -0.0001221471643 2.070853236e-05)
(1.000822964 -0.0001009236883 1.083799776e-05)
(1.00059708 -8.09537397e-05 3.205436649e-06)
(1.000424774 -6.394838107e-05 -2.289503917e-06)
(1.000293422 -4.951691292e-05 -6.459476541e-06)
(1.000200588 -3.857972545e-05 -9.261418107e-06)
(1.000132217 -3.043864448e-05 -1.106065054e-05)
(1.000086303 -2.507281041e-05 -1.211507711e-05)
(1.00005067 -2.127068318e-05 -1.296779027e-05)
(1.000028485 -1.888823486e-05 -1.344130407e-05)
(1.000010092 -1.729431237e-05 -1.347917263e-05)
(1.00000002 -1.671550605e-05 -1.342450698e-05)
(0.9999896049 -1.655160237e-05 -1.338216077e-05)
(0.9999848538 -1.668688225e-05 -1.333941253e-05)
(0.9999760966 -1.701911333e-05 -1.327793202e-05)
(1.000006757 -7.377187218e-06 -1.014749589e-06)
(1.000037534 -2.240236319e-05 -3.190820598e-06)
(1.000112239 -3.908305969e-05 -6.165258082e-06)
(1.000233915 -5.84323079e-05 -1.052608269e-05)
(1.000407143 -8.072114316e-05 -1.678663639e-05)
(1.000639634 -0.0001049785036 -2.521536357e-05)
(1.000935056 -0.0001288654753 -3.553047643e-05)
(1.001291945 -0.0001469707614 -4.622214563e-05)
(1.001679916 -0.0001546302018 -5.464599831e-05)
(1.002090282 -0.0001389021658 -5.58269814e-05)
(1.002410202 -0.0001059428127 -4.786114105e-05)
(1.00264234 -2.639346753e-05 -1.969770894e-05)
(1.00264257 2.508063051e-05 -2.152481079e-07)
(1.002505672 8.426090211e-05 2.327841215e-05)
(1.002224642 0.0001260418114 3.994013369e-05)
(1.00185424 0.0001447198677 4.614107514e-05)
(1.001459597 0.0001415906551 4.227592273e-05)
(1.001100588 0.000123142069 3.169453711e-05)
(1.000814501 0.0001003130667 2.035784207e-05)
(1.000591919 7.973453189e-05 1.173029978e-05)
(1.000421958 6.25000618e-05 5.558410409e-06)
(1.000292354 4.792837077e-05 8.61634158e-07)
(1.000200913 3.701199972e-05 -2.291818408e-06)
(1.000133792 2.903108285e-05 -4.314947415e-06)
(1.000088633 2.402192002e-05 -5.571309701e-06)
(1.000053678 1.985561248e-05 -6.345928399e-06)
(1.000032184 1.752306081e-05 -6.623953943e-06)
(1.000014206 1.614220829e-05 -6.645581883e-06)
(1.000004268 1.532176948e-05 -6.600388863e-06)
(0.9999939745 1.474922564e-05 -6.594766359e-06)
(0.9999894324 1.437435167e-05 -6.572771318e-06)
(0.9999807634 1.404032747e-05 -6.478301154e-06)
(1.000006429 -2.174152499e-05 -1.233969825e-06)
(1.0000357 -6.607296949e-05 -3.89590092e-06)
(1.000107006 -0.0001155702814 -7.638957323e-06)
(1.000224211 -0.0001734819589 -1.330321278e-05)
(1.000393528 -0.0002408822403 -2.170187923e-05)
(1.000624748 -0.0003152889649 -3.338384301e-05)
(1.000925255 -0.0003894099081 -4.817858828e-05)
(1.001294543 -0.0004479370213 -6.41359452e-05)
(1.001711646 -0.000471342495 -7.710836207e-05)
(1.002140068 -0.0004322564492 -8.035315486e-05)
(1.002513406 -0.0003121664674 -6.62124248e-05)
(1.002736082 -0.0001195998797 -3.44700524e-05)
(1.002765651 7.7035636e-05 9.932109558e-07)
(1.00261233 0.0002623945482 3.555497196e-05)
(1.002297424 0.0003912458778 5.889883502e-05)
(1.001891479 0.0004475442706 6.693247864e-05)
(1.001464418 0.000434009876 5.996549779e-05)
(1.001090182 0.0003719034031 4.355950972e-05)
(1.000801792 0.0002973490452 2.785996282e-05)
(1.000585159 0.0002313245135 1.759068862e-05)
(1.000420557 0.0001753196194 1.070144745e-05)
(1.000295747 0.000127060649 5.516909791e-06)
(1.000209273 8.989122906e-05 2.233214869e-06)
(1.000147081 6.155772247e-05 3.54572283e-07)
(1.000105057 4.208657793e-05 -8.342830668e-07)
(1.000073344 2.570605208e-05 -1.648613366e-06)
(1.000052784 1.594844884e-05 -2.261056642e-06)
(1.000036254 7.895278684e-06 -2.687636798e-06)
(1.000026582 3.505170178e-06 -2.998311787e-06)
(1.000016915 1.522832486e-07 -3.30701535e-06)
(1.000012343 -1.145043948e-06 -3.518078435e-06)
(1.000004378 -1.319292733e-06 -3.678594616e-06)
(1.000005732 -3.488991434e-05 -1.696279797e-06)
(1.000031804 -0.0001061939027 -5.389638059e-06)
(1.000095836 -0.0001867276812 -1.080632203e-05)
(1.000203238 -0.0002825629021 -1.938048898e-05)
(1.000363307 -0.0003964714159 -3.267596156e-05)
(1.00059038 -0.0005256004108 -5.201728065e-05)
(1.000898783 -0.0006584099541 -7.771032517e-05)
(1.001295194 -0.0007690066941 -0.0001067040163)
(1.001765848 -0.000818439906 -0.0001316548868)
(1.002265808 -0.0007567697752 -0.0001386576896)
(1.002709017 -0.0005513805375 -0.0001138494276)
(1.002988267 -0.0002100702028 -5.712953311e-05)
(1.003025264 0.0001452166962 7.832579495e-06)
(1.002828612 0.0004691150875 6.749512609e-05)
(1.002442452 0.0006925613652 0.0001064242601)
(1.001960054 0.0007852841678 0.0001178010956)
(1.001464723 0.0007507210295 0.0001008106783)
(1.001056883 0.0006320092253 6.644215025e-05)
(1.000767319 0.0005011566248 3.638313528e-05)
(1.000562693 0.0003917697397 1.797879373e-05)
(1.000409302 0.0003013651092 5.448094122e-06)
(1.000293961 0.0002241580466 -4.201187174e-06)
(1.000217708 0.0001665964828 -1.00972199e-05)
(1.000165025 0.0001239884566 -1.302188678e-05)
(1.000129874 9.464986206e-05 -1.431793632e-05)
(1.000103578 7.180575545e-05 -1.491634573e-05)
(1.000086907 5.639747301e-05 -1.496301429e-05)
(1.000074326 4.397451132e-05 -1.460774465e-05)
(1.000066961 3.63365258e-05 -1.417620766e-05)
(1.000060219 2.938600536e-05 -1.346546609e-05)
(1.000057222 2.51877354e-05 -1.293227769e-05)
(1.000050341 2.153248253e-05 -1.225628911e-05)
(1.000004593 -4.587159438e-05 -2.442584722e-06)
(1.000025448 -0.0001399421066 -7.820111197e-06)
(1.000077468 -0.000248047836 -1.607772163e-05)
(1.000168063 -0.0003799697112 -2.978503302e-05)
(1.000310783 -0.0005418001922 -5.207146424e-05)
(1.000526899 -0.0007324698473 -8.606999085e-05)
(1.000842311 -0.0009383978583 -0.0001335158431)
(1.001278142 -0.001121915951 -0.0001897680295)
(1.001833942 -0.001219840267 -0.0002404745906)
(1.002459461 -0.001142862703 -0.000255975476)
(1.003028599 -0.000837400063 -0.0002080778105)
(1.003393213 -0.0003174102933 -9.983221411e-05)
(1.003432506 0.0002298634365 2.332259184e-05)
(1.003164671 0.0007214102311 0.000133838585)
(1.002663379 0.001053875904 0.000204728145)
(1.002047628 0.001176314594 0.0002235957036)
(1.001449647 0.001090936188 0.0001887684507)
(1.00099518 0.0008800671016 0.0001245693151)
(1.000714057 0.0006726767951 7.584809329e-05)
(1.000534547 0.0005122413831 5.029955369e-05)
(1.000399264 0.0003797849489 3.318022488e-05)
(1.000301156 0.0002683435461 1.967423784e-05)
(1.000240207 0.0001858913888 1.123870404e-05)
(1.00020109 0.0001277494421 6.504267641e-06)
(1.00017418 8.828383924e-05 3.162322096e-06)
(1.000154519 6.046707069e-05 4.711617033e-07)
(1.000141084 4.225238102e-05 -1.574779889e-06)
(1.000131989 3.083916739e-05 -2.902218606e-06)
(1.000125188 2.445483409e-05 -3.958949425e-06)
(1.000121079 2.085658764e-05 -4.576992273e-06)
(1.00011642 2.087850182e-05 -4.825128673e-06)
(1.000115999 2.197854787e-05 -4.774660276e-06)
(1.000002933 -5.357409224e-05 -3.512331691e-06)
(1.000016196 -0.0001639529983 -1.135609516e-05)
(1.000050458 -0.0002937497805 -2.398134586e-05)
(1.000115012 -0.0004574510353 -4.595876835e-05)
(1.000228126 -0.0006668277795 -8.352495199e-05)
(1.000419958 -0.0009262464384 -0.0001437294052)
(1.000734093 -0.0012249318 -0.0002325194553)
(1.001217041 -0.001513460241 -0.0003429226548)
(1.001895736 -0.001698443896 -0.0004492853274)
(1.002720104 -0.001621247645 -0.0004829926922)
(1.003494515 -0.0011853733 -0.0003848338498)
(1.003979356 -0.000439961385 -0.0001740407281)
(1.004015589 0.0003509686439 5.959734257e-05)
(1.003637112 0.001051102381 0.0002641007779)
(1.002956073 0.001516825039 0.0003907806859)
(1.002127061 0.001666825176 0.0004102468418)
(1.001372425 0.001497552109 0.0003159671134)
(1.000860027 0.00115945904 0.0001734710509)
(1.000608976 0.0008699858102 7.977812642e-05)
(1.000468616 0.000665913682 3.395623168e-05)
(1.000361952 0.0005032348411 4.177972708e-06)
(1.000288441 0.0003659948134 -1.698982609e-05)
(1.000252522 0.00026831471 -2.672356617e-05)
(1.000233711 0.0001955190785 -2.919572732e-05)
(1.000222357 0.0001451939123 -2.876003766e-05)
(1.000214123 0.0001041962374 -2.714206318e-05)
(1.000209742 7.636537492e-05 -2.513603861e-05)
(1.00020702 5.243051188e-05 -2.2539542e-05)
(1.000205799 3.718432233e-05 -2.051571565e-05)
(1.000204218 2.253821598e-05 -1.848397178e-05)
(1.00020416 1.419800322e-05 -1.733752651e-05)
(1.000197067 4.724437434e-06 -1.608511063e-05)
(1.00000039 -5.67232065e-05 -4.902870464e-06)
(1.000003755 -0.0001743832604 -1.605690727e-05)
(1.00001388 -0.0003166836206 -3.493182108e-05)
(1.000040997 -0.0005034573385 -6.94156239e-05)
(1.000107193 -0.0007549775608 -0.0001315865465)
(1.000251902 -0.001086308997 -0.0002366604736)
(1.000543993 -0.001498564766 -0.0004016535933)
(1.001071051 -0.001933913045 -0.0006174902535)
(1.001918412 -0.00226699191 -0.0008417930565)
(1.0030449 -0.002213594896 -0.0009116196947)
(1.004130331 -0.001610715944 -0.0007089081637)
(1.004786491 -0.0005777498737 -0.0002976494785)
(1.004809086 0.0005193380421 0.0001475791894)
(1.004272114 0.001469911857 0.0005349880258)
(1.003325737 0.002083511263 0.0007815387743)
(1.002197557 0.002229523769 0.0008223153049)
(1.001217072 0.001899476062 0.0006269701091)
(1.000658377 0.001369851699 0.0003560029274)
(1.00047787 0.0009762556329 0.0002013567387)
(1.000398783 0.0007136658085 0.0001279528504)
(1.000330196 0.0005105750778 7.58004895e-05)
(1.000287068 0.0003519589723 3.483066313e-05)
(1.000274676 0.0002504646907 1.101210928e-05)
(1.000272926 0.0001870540958 -2.693595043e-06)
(1.000271736 0.0001477148959 -1.128387734e-05)
(1.000270759 0.0001221280148 -1.747396897e-05)
(1.000270975 0.0001074115291 -2.074638419e-05)
(1.000271977 9.906884801e-05 -2.178173306e-05)
(1.000272662 9.631953812e-05 -2.138565908e-05)
(1.000273976 9.618638013e-05 -2.024800881e-05)
(1.00027288 9.747869218e-05 -1.883815941e-05)
(1.000286938 0.0001009674747 -1.587806272e-05)
(0.9999981355 -5.419233476e-05 -6.613822287e-06)
(0.9999886084 -0.0001674351069 -2.177048683e-05)
(0.9999684446 -0.000308833059 -4.880801017e-05)
(0.9999458291 -0.0005030899831 -0.0001008303977)
(0.9999433448 -0.0007810660384 -0.0002002563829)
(1.000006627 -0.001174861347 -0.0003782056826)
(1.000237488 -0.001711959476 -0.0006781108998)
(1.000784058 -0.002334771648 -0.001093599932)
(1.001852505 -0.002896893222 -0.001565153636)
(1.003430379 -0.002888080984 -0.001696595067)
(1.004967577 -0.002080458592 -0.001279440028)
(1.005855926 -0.0007165098534 -0.0004985726205)
(1.00584719 0.0007135092807 0.0003085310381)
(1.005081138 0.001963018491 0.001002949039)
(1.003723043 0.002758603805 0.001422613434)
(1.002183781 0.00288040668 0.001436610277)
(1.000870622 0.00230714409 0.0009790689808)
(1.000304533 0.001578188033 0.0004541454449)
(1.00024695 0.001127749626 0.000201298676)
(1.000258312 0.0008448851383 9.53481774e-05)
(1.000252966 0.0006077811699 2.841502041e-05)
(1.000267016 0.0004175710418 -8.010349841e-06)
(1.000300389 0.0002854097637 -1.722642999e-05)
(1.00033045 0.0001904588858 -1.290898291e-05)
(1.000351234 0.0001245292745 -6.349966059e-06)
(1.000364635 7.239231058e-05 -8.957881401e-09)
(1.000372788 3.668346362e-05 5.59219185e-06)
(1.000379324 5.794374181e-06 1.015101511e-05)
(1.000383333 -1.407089172e-05 1.335241585e-05)
(1.000385811 -3.363924486e-05 1.54456358e-05)
(1.000388453 -4.470320959e-05 1.663634414e-05)
(1.000377618 -5.887411561e-05 1.688254107e-05)
(0.9999949818 -4.525696313e-05 -8.353656983e-06)
(0.9999721776 -0.0001404688942 -2.784285752e-05)
(0.9999184601 -0.000263275093 -6.437913581e-05)
(0.9998365387 -0.0004401338874 -0.0001383892559)
(0.9997431402 -0.0007107862488 -0.0002890039458)
(0.9996805909 -0.00112732767 -0.000577027994)
(0.9997894017 -0.001763875528 -0.001101622062)
(1.000296868 -0.002589697329 -0.001874424911)
(1.001647827 -0.003475778799 -0.002849422864)
(1.003875813 -0.00351351948 -0.003056646608)
(1.00602025 -0.00243147552 -0.002200852797)
(1.007187575 -0.0007301524023 -0.0007551311988)
(1.007148876 0.001006662001 0.000706579912)
(1.006096995 0.002551956149 0.001979963229)
(1.004186366 0.003545687035 0.002739087592)
(1.002068049 0.00360234874 0.002687135026)
(1.000366388 0.002598708814 0.001703218148)
(0.9999119591 0.001604209112 0.0007877703741)
(1.000035621 0.001097050499 0.0003733873472)
(1.000128832 0.0008376526269 0.0001768921308)
(1.000161381 0.0006461400044 2.485273039e-05)
(1.000208423 0.0005242387987 -6.743242025e-05)
(1.000265684 0.0004596797625 -0.0001151095437)
(1.000317747 0.0004174124809 -0.000129573828)
(1.000349634 0.000392510874 -0.0001361457588)
(1.000373141 0.0003760831712 -0.0001360644008)
(1.000392214 0.0003666576429 -0.0001315771259)
(1.0004048 0.0003617950918 -0.0001242685457)
(1.000413533 0.0003593335087 -0.0001157982614)
(1.000423168 0.0003584757833 -0.0001039677944)
(1.000423923 0.0003587412274 -9.600385852e-05)
(1.0004595 0.0003596393139 -8.254516835e-05)
(0.9999923614 -3.01547691e-05 -9.841465367e-06)
(0.9999576487 -9.394247596e-05 -3.3112037e-05)
(0.9998731981 -0.0001784018351 -7.854919871e-05)
(0.9997325354 -0.0003050666878 -0.0001747416298)
(0.9995383288 -0.000510882425 -0.0003835731667)
(0.9993088981 -0.0008551403035 -0.0008117934255)
(0.9992122405 -0.001447714465 -0.001674855174)
(0.9995595307 -0.002342791957 -0.003042244699)
(1.001258624 -0.003561648412 -0.004983792319)
(1.00440526 -0.003812169454 -0.005229450277)
(1.007339813 -0.002686542973 -0.003483023485)
(1.008745201 -0.000974010275 -0.0009758891861)
(1.008650589 0.0008014236931 0.001527201056)
(1.007261404 0.002456833288 0.003735658809)
(1.004680343 0.003661665331 0.005029382826)
(1.001669629 0.003954543342 0.004718229658)
(0.9994291793 0.002764846373 0.002431711474)
(0.9992998134 0.001698704372 0.0009449383504)
(0.9997455706 0.001161068819 0.0004767369839)
(1.000015031 0.0008114597845 0.0002884124278)
(1.000143305 0.0005490734138 0.0001652900457)
(1.000256282 0.0003759298606 0.000129775286)
(1.0003546 0.0002725450537 0.0001402646971)
(1.000420243 0.0002044752741 0.0001572478994)
(1.000458141 0.0001583487296 0.000171137553)
(1.000483651 0.0001245753202 0.0001824316648)
(1.000501085 0.0001003811372 0.0001906452503)
(1.000513049 8.266821577e-05 0.0001958773606)
(1.000520634 6.940024205e-05 0.0001990364982)
(1.000525929 5.796454072e-05 0.0002005549237)
(1.00052956 5.113298877e-05 0.0002004002294)
(1.000518232 4.276090415e-05 0.0001992897574)
(0.999990827 -1.023299427e-05 -1.07208258e-05)
(0.9999490897 -3.263445743e-05 -3.624742057e-05)
(0.9998458135 -6.252347906e-05 -8.70867178e-05)
(0.9996669556 -0.0001084511179 -0.0001979030143)
(0.9993995494 -0.0001856085022 -0.0004472622277)
(0.9990273634 -0.0003222481408 -0.0009921719872)
(0.9986963533 -0.0005743850855 -0.002177393979)
(0.9986993279 -0.00100028678 -0.0043383792)
(1.000577198 -0.001660984185 -0.007796918084)
(1.004645048 -0.001868930694 -0.00817986181)
(1.008428164 -0.001371441912 -0.005288581218)
(1.01010771 -0.0005838929586 -0.001493985844)
(1.010033245 0.0002433554573 0.002178501804)
(1.00848434 0.001058082921 0.005521970365)
(1.005488473 0.001731140713 0.007675334881)
(1.001589997 0.002045120734 0.007598336737)
(0.9987280601 0.001623966851 0.003509893192)
(0.9987538076 0.001201727842 0.0006684010044)
(0.9993934313 0.001018164884 -0.0001163885333)
(0.9997234187 0.0008933887911 -0.000503291086)
(0.9999050899 0.0007878970856 -0.0007344777967)
(1.000067799 0.0007130878974 -0.0008607725332)
(1.000226976 0.0006565587604 -0.0008596927858)
(1.00032376 0.0006145736696 -0.0008466600309)
(1.000380907 0.0005811663457 -0.0008272915198)
(1.000422697 0.0005525754282 -0.0008028581092)
(1.000452396 0.0005299656494 -0.0007771362401)
(1.000474576 0.0005075653376 -0.0007513248235)
(1.000490611 0.0004896856006 -0.0007272557991)
(1.000504109 0.0004754346956 -0.0007044310563)
(1.000512855 0.0004643017775 -0.0006842495336)
(1.00055742 0.0004550875759 -0.0006663769679)
(0.9999908381 1.06969457e-05 -1.07310361e-05)
(0.9999491572 3.407497143e-05 -3.628108798e-05)
(0.9998460194 6.51671203e-05 -8.71326794e-05)
(0.9996675604 0.0001127412157 -0.0001979883636)
(0.9994008233 0.0001927266715 -0.0004470823148)
(0.9990312855 0.0003339825874 -0.0009915673377)
(0.9987041315 0.0005972986806 -0.002170989224)
(0.9987227054 0.001039910102 -0.00432004809)
(1.000605133 0.001745081197 -0.007717669764)
(1.00465495 0.001973705769 -0.008103163521)
(1.008421053 0.001478037592 -0.005240432472)
(1.010100406 0.000691849417 -0.001453053336)
(1.010030073 -0.0001311900517 0.002216654222)
(1.008486451 -0.0009379091189 0.005562971371)
(1.005520325 -0.001580139909 0.007714260897)
(1.001664121 -0.001830403748 0.007712850534)
(0.9988414221 -0.001284809919 0.003755212863)
(0.9988917667 -0.0007518018146 0.001058467712)
(0.9995585096 -0.0004749015208 0.0004103888756)
(0.9998689747 -0.0002995329995 0.0001915949368)
(1.000016537 -0.0001679438133 0.0001022804281)
(1.000165236 -6.88214124e-05 0.0001081826953)
(1.000304535 1.001343111e-05 0.0001655878711)
(1.000391283 6.991376872e-05 0.0002228561514)
(1.000441151 0.0001167154133 0.00026589313)
(1.000477567 0.0001597646225 0.0003007274688)
(1.000501929 0.0001950769026 0.0003248365097)
(1.000520781 0.0002298197475 0.0003429667161)
(1.000532061 0.0002570729182 0.0003532099578)
(1.000542023 0.0002871262108 0.0003601357513)
(1.000546539 0.0003072771474 0.0003634795534)
(1.000553903 0.0003377290184 0.0003640308911)
(0.9999923924 3.058890456e-05 -9.871004663e-06)
(0.9999578264 9.52717021e-05 -3.320398438e-05)
(0.9998737692 0.0001807784331 -7.869703423e-05)
(0.999734008 0.0003088173608 -0.0001749283677)
(0.9995415035 0.0005164876485 -0.000383403302)
(0.9993161268 0.0008635373927 -0.0008104525516)
(0.9992252058 0.001458888975 -0.001667472123)
(0.9995839235 0.002357322966 -0.003024575136)
(1.001280618 0.00356810689 -0.004928790949)
(1.004412235 0.003815061082 -0.005175202461)
(1.007340411 0.00269921532 -0.00343435712)
(1.008754171 0.000993140821 -0.0009140316309)
(1.008663315 -0.0007708386219 0.001591712704)
(1.007285335 -0.00241564692 0.003804161544)
(1.004717153 -0.003616406434 0.005117469909)
(1.001731403 -0.003917256357 0.00486103561)
(0.9994804526 -0.002759926805 0.002601749653)
(0.9993279735 -0.001753511974 0.001181889227)
(0.9997158493 -0.001305906006 0.0007062564861)
(0.9999371784 -0.00105047967 0.0004556073952)
(1.000065134 -0.0008406558228 0.0002390856338)
(1.000187994 -0.0007033105385 0.0001064538287)
(1.000290535 -0.0006250435011 2.795055086e-05)
(1.00036441 -0.0005700865626 -2.281956182e-05)
(1.000411492 -0.0005334638762 -5.821916443e-05)
(1.00044525 -0.0005095832775 -8.3832515e-05)
(1.000469123 -0.0004942749691 -0.0001026109979)
(1.000486605 -0.0004841266715 -0.0001172033914)
(1.000497053 -0.0004771583206 -0.0001282132366)
(1.000505748 -0.0004721232415 -0.0001363754283)
(1.000511595 -0.0004689484471 -0.0001425241869)
(1.000517563 -0.000466366429 -0.0001467092028)
(0.9999950243 4.563187395e-05 -8.399316862e-06)
(0.9999724172 0.0001416055252 -2.798328628e-05)
(0.9999192161 0.0002652374252 -6.461837556e-05)
(0.999838337 0.0004430320065 -0.0001387177159)
(0.9997467475 0.0007146036592 -0.0002891793365)
(0.9996875627 0.00113190185 -0.0005765233018)
(0.9998007802 0.001767422532 -0.001097948471)
(1.000314726 0.002590729479 -0.001865470702)
(1.001666027 0.003466400025 -0.002823639295)
(1.003887355 0.003505166835 -0.00302652747)
(1.006027859 0.002429420046 -0.002170604172)
(1.007197221 0.0007283147908 -0.0007242574785)
(1.007160536 -0.00100893756 0.0007362663586)
(1.006115545 -0.002554569398 0.002011003164)
(1.004214415 -0.003554649369 0.002777425806)
(1.002106857 -0.003628924195 0.002745699508)
(1.000400249 -0.002642231066 0.00177275481)
(0.9999406269 -0.001672134088 0.0008855997052)
(1.000047089 -0.001159244227 0.0004713796268)
(1.000146625 -0.0008483571005 0.0002624058095)
(1.000195434 -0.000606040055 0.0001214505507)
(1.000252701 -0.0004422786839 4.78594969e-05)
(1.000315223 -0.0003440389597 2.269068193e-05)
(1.000363381 -0.000281268306 1.78039141e-05)
(1.000393437 -0.000241244758 2.044134958e-05)
(1.000413761 -0.0002147762681 2.580938979e-05)
(1.000428608 -0.0001978469411 3.182831146e-05)
(1.000439754 -0.0001865511594 3.718678774e-05)
(1.000447306 -0.0001794271196 4.09910617e-05)
(1.000452789 -0.000174270832 4.36774791e-05)
(1.000456586 -0.0001713662279 4.556592392e-05)
(1.000457402 -0.0001698028699 4.753000644e-05)
(0.9999981909 5.44972546e-05 -6.671627923e-06)
(0.9999888615 0.0001683503584 -2.19488676e-05)
(0.999969226 0.0003103573617 -4.911786884e-05)
(0.9999475857 0.0005051902419 -0.0001012965552)
(0.9999466619 0.0007835236983 -0.0002007920317)
(1.000012434 0.001177207777 -0.0003785761606)
(1.000246443 0.001712704132 -0.0006772544772)
(1.000796804 0.002332580992 -0.001090378989)
(1.0018662 0.002887789992 -0.001555652959)
(1.003440563 0.002876639289 -0.001684373346)
(1.004975334 0.002069091026 -0.001267225955)
(1.005864442 0.0007047863693 -0.0004866521968)
(1.005858122 -0.0007262837173 0.0003208004156)
(1.005097546 -0.001976181255 0.001015776709)
(1.003744725 -0.002776256291 0.001437345291)
(1.002213919 -0.002909122383 0.001458816499)
(1.000898733 -0.002343514103 0.001004694134)
(1.000333333 -0.00163038273 0.0004959151811)
(1.000261762 -0.001181629895 0.0002455115304)
(1.000260845 -0.0009001725661 0.0001356622416)
(1.000247003 -0.0006783254469 6.211202993e-05)
(1.000254362 -0.0005141443979 1.409695318e-05)
(1.000282086 -0.0004090771964 -1.0503502e-05)
(1.000308972 -0.0003403549623 -2.337128358e-05)
(1.000327011 -0.0002948819839 -3.224821902e-05)
(1.000340715 -0.0002625958969 -3.979107806e-05)
(1.000350472 -0.0002414526722 -4.49051312e-05)
(1.000358573 -0.0002258584112 -5.069389898e-05)
(1.000364821 -0.0002158367239 -5.439594637e-05)
(1.000369327 -0.0002099642208 -5.752661431e-05)
(1.000373115 -0.0002068198572 -6.002100662e-05)
(1.000375218 -0.000205434887 -6.300910739e-05)
(1.000000412 5.695980237e-05 -4.971806884e-06)
(1.00000399 0.000175088404 -1.625256168e-05)
(1.000014607 0.0003178216053 -3.528725586e-05)
(1.000042567 0.0005049355005 -6.996670304e-05)
(1.000110022 0.0007565489333 -0.0001323362175)
(1.000256529 0.001087513355 -0.0002375455329)
(1.000550769 0.001498380847 -0.0004022890782)
(1.001080053 0.001931284959 -0.000617432355)
(1.00192829 0.002260023972 -0.0008397889339)
(1.003053427 0.002203979638 -0.0009085015789)
(1.0041377 0.001600741284 -0.0007060103947)
(1.00479458 0.0005678491366 -0.0002952008938)
(1.004819016 -0.0005302425202 0.0001495291464)
(1.004285524 -0.001482255331 0.0005361500153)
(1.00334192 -0.002100267494 0.0007827672772)
(1.002218674 -0.002254512422 0.0008255907759)
(1.001236144 -0.001931287767 0.0006304833553)
(1.000676469 -0.001416475592 0.0003650082662)
(1.000485251 -0.001029064598 0.0002087695219)
(1.000399597 -0.0007692083515 0.000131238195)
(1.000329756 -0.0005599114376 7.559246748e-05)
(1.000290259 -0.0003969805432 3.550301169e-05)
(1.000280433 -0.0002823346425 1.216357322e-05)
(1.000281074 -0.0002092648935 5.377459291e-07)
(1.000282021 -0.0001542204697 -7.188572643e-06)
(1.000282654 -0.0001210313161 -1.17085058e-05)
(1.00028377 -9.313804008e-05 -1.496818329e-05)
(1.000285073 -7.832091836e-05 -1.726010463e-05)
(1.000286302 -6.960034299e-05 -1.933118973e-05)
(1.000287093 -6.333655674e-05 -2.161838999e-05)
(1.000287917 -6.132981701e-05 -2.286566363e-05)
(1.000284064 -6.119231908e-05 -2.493744671e-05)
(1.000002971 5.375102294e-05 -3.580485282e-06)
(1.00001641 0.0001644766541 -1.156321968e-05)
(1.0000511 0.0002945716807 -2.435592244e-05)
(1.000116358 0.0004584697672 -4.654528014e-05)
(1.000230468 0.0006678281604 -8.436369038e-05)
(1.000423605 0.0009268621936 -0.0001448399713)
(1.000739225 0.001224510101 -0.0002338099255)
(1.001223604 0.001511315498 -0.0003442536016)
(1.001903078 0.001693743582 -0.000450278735)
(1.002727147 0.001614579493 -0.0004838413458)
(1.003501154 0.001177951202 -0.0003861260861)
(1.003986456 0.0004323432852 -0.000176106512)
(1.004024063 -0.0003599834631 5.694868754e-05)
(1.00364764 -0.001061699963 0.0002606891407)
(1.002968978 -0.001530465398 0.0003868686766)
(1.002141726 -0.001685709729 0.0004062319176)
(1.001386791 -0.001521749098 0.0003113408737)
(1.000873198 -0.001191407369 0.0001699169209)
(1.000617205 -0.0009051658251 7.585914827e-05)
(1.000472834 -0.0006995479366 2.875641787e-05)
(1.000363571 -0.0005329335368 -1.670000368e-06)
(1.000289406 -0.0003973033978 -2.280869622e-05)
(1.000250819 -0.0003007637678 -3.382979749e-05)
(1.000230181 -0.0002340932341 -3.849999179e-05)
(1.000216821 -0.0001887298144 -4.046779733e-05)
(1.000207403 -0.0001563078095 -4.131347162e-05)
(1.000201678 -0.0001347964252 -4.147095307e-05)
(1.000198453 -0.0001201334658 -4.12332546e-05)
(1.000196466 -0.0001111556359 -4.075815246e-05)
(1.000195163 -0.000105529079 -4.040352602e-05)
(1.000194155 -0.0001027179311 -4.014422782e-05)
(1.000193927 -0.0001022366279 -3.98580411e-05)
(1.000004626 4.599769975e-05 -2.510718347e-06)
(1.000025635 0.0001403133644 -8.028879354e-06)
(1.000078026 0.0002486200362 -1.645307383e-05)
(1.000169208 0.0003806535537 -3.0371038e-05)
(1.000312722 0.0005424311163 -5.292058026e-05)
(1.000529821 0.0007327875745 -8.723288313e-05)
(1.000846311 0.0009380056966 -0.0001350075379)
(1.001283157 0.001120396422 -0.0001915757618)
(1.001839618 0.001216809652 -0.000242518432)
(1.002465306 0.001138456973 -0.0002583097788)
(1.003034367 0.0008323253173 -0.0002109662083)
(1.003399526 0.0003117919553 -0.0001034462067)
(1.003439853 -0.000236318945 1.901194167e-05)
(1.003173367 -0.000729188428 0.0001287418634)
(1.002673379 -0.001063825864 0.0001987820109)
(1.002058895 -0.001189565543 0.0002168695082)
(1.001460151 -0.001107709468 0.0001810971637)
(1.001005068 -0.0009016669293 0.0001166024472)
(1.000720259 -0.0006966509901 6.722841512e-05)
(1.000537607 -0.0005370456682 4.047389171e-05)
(1.000399424 -0.0004038687286 2.216853405e-05)
(1.000301038 -0.0002939292429 8.08041656e-06)
(1.000238913 -0.0002105721818 -8.73227011e-07)
(1.000200001 -0.0001519537776 -5.850606167e-06)
(1.000173048 -0.0001098793325 -9.080440097e-06)
(1.000154147 -7.979836111e-05 -1.149874914e-05)
(1.000141238 -5.832782075e-05 -1.342052091e-05)
(1.000133073 -4.319000804e-05 -1.491157331e-05)
(1.000127182 -3.274668299e-05 -1.622716938e-05)
(1.000121844 -2.596726755e-05 -1.773985413e-05)
(1.000119621 -2.336827127e-05 -1.873796649e-05)
(1.00011264 -2.19712911e-05 -2.027126587e-05)
(1.000005762 3.497368292e-05 -1.763312676e-06)
(1.000031969 0.0001064396747 -5.594735025e-06)
(1.000096324 0.0001871014361 -1.117311673e-05)
(1.000204228 0.0002829980696 -1.994988181e-05)
(1.000364951 0.0003968551776 -3.350053999e-05)
(1.000592805 0.0005257641307 -5.315479473e-05)
(1.000902041 0.0006581216049 -7.920960843e-05)
(1.001299243 0.0007680231059 -0.000108601013)
(1.001770477 0.0008165783216 -0.0001339611111)
(1.002270809 0.000754041561 -0.0001414125619)
(1.002714189 0.0005481126886 -0.0001171718097)
(1.002993951 0.0002063699444 -6.115456154e-05)
(1.003031704 -0.0001495421004 3.124566598e-06)
(1.002835954 -0.0004743928339 6.200437435e-05)
(1.002450637 -0.0006992907157 0.0001000722385)
(1.001968698 -0.0007939957055 0.0001105894799)
(1.001473083 -0.0007617712725 9.265185593e-05)
(1.001064361 -0.0006457497135 5.752452846e-05)
(1.000772332 -0.0005165115591 2.673099887e-05)
(1.00056565 -0.0004076053783 7.480333729e-06)
(1.000410164 -0.0003163798646 -5.675422988e-06)
(1.000294553 -0.0002391269728 -1.551708856e-05)
(1.00021714 -0.0001807798956 -2.150972131e-05)
(1.000163996 -0.000138163073 -2.464085464e-05)
(1.000127812 -0.0001086041914 -2.623774237e-05)
(1.000101196 -8.677854164e-05 -2.702350282e-05)
(1.000083719 -7.23459339e-05 -2.742804778e-05)
(1.000070546 -6.188177934e-05 -2.752240787e-05)
(1.000062546 -5.58980363e-05 -2.737424215e-05)
(1.000055453 -5.1537693e-05 -2.692045521e-05)
(1.000051923 -4.954375709e-05 -2.658396004e-05)
(1.000046841 -4.913082402e-05 -2.608123054e-05)
(1.000006456 2.178924841e-05 -1.299627242e-06)
(1.000035849 6.621266358e-05 -4.096477283e-06)
(1.000107447 0.0001157809117 -7.996029126e-06)
(1.000225097 0.0001737231745 -1.385419392e-05)
(1.000394982 0.0002410889127 -2.249616463e-05)
(1.000626864 0.0003153671268 -3.447812861e-05)
(1.000928068 0.0003892390375 -4.962965795e-05)
(1.001298031 0.0004473899493 -6.599446723e-05)
(1.00171566 0.0004703434526 -7.941293689e-05)
(1.002144556 0.0004307661546 -8.314622497e-05)
(1.002518119 0.0003103742922 -6.958260227e-05)
(1.002741349 0.0001174653733 -3.851037109e-05)
(1.002771493 -7.953385225e-05 -3.67860751e-06)
(1.002618829 -0.0002654489114 3.014704778e-05)
(1.002304479 -0.0003951096013 5.267395503e-05)
(1.001898722 -0.000452486282 5.985128492e-05)
(1.001471388 -0.0004402361805 5.196259848e-05)
(1.001096238 -0.0003794918805 3.471174536e-05)
(1.00080617 -0.0003058510461 1.828278874e-05)
(1.000587775 -0.0002400600486 7.330400713e-06)
(1.000421565 -0.0001838735651 -7.457356283e-08)
(1.000295931 -0.000135739663 -5.618911737e-06)
(1.000208431 -9.859002254e-05 -9.167707703e-06)
(1.000145628 -7.037561345e-05 -1.12588319e-05)
(1.000102922 -5.076657042e-05 -1.244169331e-05)
(1.000070988 -3.438799029e-05 -1.333228871e-05)
(1.000050358 -2.374859238e-05 -1.391934996e-05)
(1.000033652 -1.554304475e-05 -1.442714628e-05)
(1.000023947 -1.040330605e-05 -1.471141241e-05)
(1.000014224 -6.351435448e-06 -1.510622912e-05)
(1.000009976 -4.222426078e-06 -1.535774498e-05)
(1.00000079 -2.971224711e-06 -1.586903031e-05)
(1.000006782 7.392671773e-06 -1.079519336e-06)
(1.000037676 2.244764179e-05 -3.388522285e-06)
(1.000112655 3.915104983e-05 -6.51624278e-06)
(1.000234749 5.850956318e-05 -1.10656998e-05)
(1.000408505 8.078637029e-05 -1.756186891e-05)
(1.000641604 0.0001050018551 -2.628123699e-05)
(1.000937662 0.0001288093952 -3.694354193e-05)
(1.001295178 0.0001467946726 -4.80393947e-05)
(1.001683637 0.0001543174545 -5.690099323e-05)
(1.002094559 0.0001384214642 -5.860818623e-05)
(1.002414646 0.0001053790034 -5.114270498e-05)
(1.002647453 2.569742887e-05 -2.382913888e-05)
(1.002648129 -2.59015973e-05 -4.820144293e-06)
(1.002511771 -8.526233888e-05 1.798972377e-05)
(1.00223117 -0.0001273049249 3.387224025e-05)
(1.001860826 -0.000146329775 3.923163605e-05)
(1.001465959 -0.000143600611 3.450053092e-05)
(1.001106006 -0.0001255647821 2.307822051e-05)
(1.000818539 -0.0001030296074 1.103192216e-05)
(1.000594352 -8.253875674e-05 1.78340996e-06)
(1.00042305 -6.528388296e-05 -4.852642374e-06)
(1.000292469 -5.070595936e-05 -9.877594166e-06)
(1.00020025 -3.972392745e-05 -1.32193707e-05)
(1.000132469 -3.163288394e-05 -1.53750548e-05)
(1.000086786 -2.635885761e-05 -1.66398175e-05)
(1.000051311 -2.251413858e-05 -1.764609259e-05)
(1.000029375 -1.995904765e-05 -1.801630743e-05)
(1.000011163 -1.862937454e-05 -1.804471761e-05)
(1.000001084 -1.804472147e-05 -1.799458779e-05)
(0.9999906455 -1.792142093e-05 -1.795294843e-05)
(0.9999859258 -1.809854261e-05 -1.792022439e-05)
(0.9999771285 -1.843832691e-05 -1.791247449e-05)
(1.000006702 -7.448462763e-06 -1.01121157e-06)
(1.000037237 -2.263170731e-05 -3.180823315e-06)
(1.000111382 -3.956251197e-05 -6.151052272e-06)
(1.000232204 -5.933782301e-05 -1.051405525e-05)
(1.000404368 -8.232195597e-05 -1.679214464e-05)
(1.000635794 -0.0001076633639 -2.527527689e-05)
(1.000930605 -0.0001330430952 -3.570483919e-05)
(1.001287973 -0.0001528949296 -4.661839584e-05)
(1.001678376 -0.000162126514 -5.531364575e-05)
(1.002092938 -0.0001468577154 -5.685606281e-05)
(1.002418423 -0.0001126792585 -4.890805632e-05)
(1.002655166 -2.887969194e-05 -2.046298237e-05)
(1.002657005 2.598077224e-05 -6.721088751e-07)
(1.002517763 8.85309977e-05 2.320260756e-05)
(1.002231799 0.0001324350028 4.024897961e-05)
(1.001856043 0.0001516578573 4.662618467e-05)
(1.001456546 0.0001474709061 4.261807965e-05)
(1.001095295 0.0001270877214 3.162636569e-05)
(1.000809877 0.0001028547831 1.990293405e-05)
(1.000589028 8.177799376e-05 1.102292473e-05)
(1.000420251 6.433050719e-05 4.671876231e-06)
(1.000291337 4.959508416e-05 -1.47369887e-07)
(1.000200628 3.860813389e-05 -3.358841827e-06)
(1.000134011 3.073543765e-05 -5.500134855e-06)
(1.000089234 2.54310853e-05 -7.043998523e-06)
(1.000054551 2.121613374e-05 -7.65981795e-06)
(1.000033195 1.888089991e-05 -7.881086342e-06)
(1.000015344 1.731613868e-05 -7.98775647e-06)
(1.000005414 1.634872606e-05 -8.052041599e-06)
(0.9999951052 1.561038298e-05 -8.125990878e-06)
(0.9999906171 1.511422576e-05 -8.155033458e-06)
(0.9999818158 1.461406233e-05 -8.170250452e-06)
(1.000006356 -2.196315766e-05 -1.230719515e-06)
(1.0000353 -6.678820493e-05 -3.887205752e-06)
(1.000105837 -0.0001170813463 -7.629708014e-06)
(1.000221829 -0.0001763684643 -1.330613266e-05)
(1.000389569 -0.0002460721921 -2.175090399e-05)
(1.000619097 -0.0003240667012 -3.355002933e-05)
(1.000918461 -0.0004032780803 -4.860679002e-05)
(1.001288125 -0.0004679167952 -6.503247907e-05)
(1.001708722 -0.0004969336131 -7.870053888e-05)
(1.002143295 -0.0004599482264 -8.261019299e-05)
(1.002524977 -0.0003347135398 -6.847786713e-05)
(1.002754345 -0.0001306129207 -3.62767262e-05)
(1.002786069 7.995906227e-05 1.916211868e-07)
(1.002629056 0.0002771055787 3.570307435e-05)
(1.002307014 0.0004133454554 5.988030205e-05)
(1.001893263 0.0004713575661 6.835956987e-05)
(1.00145914 0.0004534015751 6.12049241e-05)
(1.001082494 0.000383262302 4.416500191e-05)
(1.000795514 0.000302349212 2.803265164e-05)
(1.000582133 0.0002333387083 1.76524299e-05)
(1.000418767 0.0001752112624 1.06449379e-05)
(1.000294853 0.0001254364821 5.331452403e-06)
(1.000209117 8.737707658e-05 1.999615281e-06)
(1.000147567 5.913888154e-05 -1.031050395e-07)
(1.000106148 3.888432477e-05 -1.362626855e-06)
(1.000074136 2.354223841e-05 -2.311750721e-06)
(1.000053876 1.361215024e-05 -2.978690292e-06)
(1.000036974 6.717762415e-06 -3.504773193e-06)
(1.000027623 2.757660038e-06 -3.888036185e-06)
(1.000017921 -3.49556632e-07 -4.307858715e-06)
(1.000013485 -1.372477067e-06 -4.563394469e-06)
(1.000005666 -1.486070542e-06 -4.820518203e-06)
(1.000005617 -3.528310574e-05 -1.693947611e-06)
(1.000031171 -0.0001074709025 -5.384719337e-06)
(1.000093949 -0.0001894772248 -1.081132637e-05)
(1.000199293 -0.0002879424334 -1.942746896e-05)
(1.000356531 -0.0004064102759 -3.285074972e-05)
(1.000580305 -0.0005429070164 -5.25099e-05)
(1.000886105 -0.0006865863484 -7.891522636e-05)
(1.001282476 -0.0008107711127 -0.0001092119948)
(1.001759224 -0.0008730845232 -0.0001360920974)
(1.00227064 -0.0008163138179 -0.0001448691966)
(1.002729613 -0.0005998621848 -0.0001197223261)
(1.003021155 -0.0002333755787 -6.136164918e-05)
(1.003060637 0.0001520613333 6.623871741e-06)
(1.002856704 0.0005018224379 6.894183423e-05)
(1.002457578 0.0007415740371 0.0001098500251)
(1.001960551 0.0008381790914 0.0001218195375)
(1.001452714 0.000794338909 0.0001033412471)
(1.001040517 0.000659444273 6.606585927e-05)
(1.000755065 0.0005173289769 3.402292046e-05)
(1.00055659 0.0004033986981 1.485444882e-05)
(1.000405495 0.0003092607192 1.815353153e-06)
(1.000292015 0.0002290679908 -8.131032119e-06)
(1.000217165 0.0001692179323 -1.422087869e-05)
(1.000166227 0.0001257128107 -1.740940251e-05)
(1.000131337 9.505692377e-05 -1.893891545e-05)
(1.000105649 7.156168223e-05 -1.98452802e-05)
(1.000088961 5.522248049e-05 -2.017848543e-05)
(1.000076758 4.256034426e-05 -2.011310771e-05)
(1.000069306 3.434258227e-05 -1.998943226e-05)
(1.000062731 2.734569927e-05 -1.981610627e-05)
(1.000059862 2.284504473e-05 -1.966115187e-05)
(1.000052121 1.962456348e-05 -1.965148926e-05)
(1.000004402 -4.646253444e-05 -2.442772484e-06)
(1.000024393 -0.0001418856957 -7.823433102e-06)
(1.000074269 -0.0002523460738 -1.611561255e-05)
(1.000161187 -0.0003886606699 -2.993789575e-05)
(1.000298544 -0.0005584933315 -5.256539502e-05)
(1.000507922 -0.0007627346692 -8.740857613e-05)
(1.000817222 -0.0009898772573 -0.0001368469976)
(1.001251815 -0.001201140147 -0.0001967306216)
(1.001818115 -0.001327576245 -0.0002532651451)
(1.002470551 -0.001260486085 -0.0002731314391)
(1.003071292 -0.0009301061684 -0.0002239398683)
(1.003456225 -0.0003598273855 -0.0001104995089)
(1.003498419 0.0002458433501 2.028694719e-05)
(1.003216212 0.0007870734424 0.0001387609409)
(1.002690759 0.001149814461 0.0002163954878)
(1.002044865 0.001275166 0.0002383791645)
(1.001427064 0.001163574104 0.0002016534649)
(1.000966618 0.0009156110003 0.0001325595829)
(1.000695115 0.0006864037338 8.104704155e-05)
(1.000525798 0.000518875748 5.481700687e-05)
(1.000393393 0.0003804814593 3.683989581e-05)
(1.000297502 0.0002658514084 2.279205603e-05)
(1.000238457 0.0001824182562 1.366881485e-05)
(1.000201078 0.0001256523424 7.747384534e-06)
(1.000174563 8.713639373e-05 3.684241942e-06)
(1.000155451 6.08616263e-05 5.279234281e-07)
(1.000142254 4.378109483e-05 -2.012444071e-06)
(1.000133696 3.396121339e-05 -3.788373596e-06)
(1.000126999 2.86100443e-05 -5.412602916e-06)
(1.000123093 2.672335002e-05 -6.546394679e-06)
(1.00011945 2.753602264e-05 -7.607836842e-06)
(1.000118565 2.940359559e-05 -8.513434456e-06)
(1.000002615 -5.437325552e-05 -3.518730035e-06)
(1.00001444 -0.0001666394984 -1.138101944e-05)
(1.000045054 -0.0002999127462 -2.409238603e-05)
(1.000103043 -0.0004704476115 -4.634794584e-05)
(1.000205987 -0.0006930527625 -8.4773822e-05)
(1.000383961 -0.0009762907383 -0.000147181302)
(1.000684138 -0.001315029224 -0.0002414467126)
(1.001161325 -0.001658884254 -0.0003621081664)
(1.001859966 -0.001905947644 -0.0004856551346)
(1.002740454 -0.001849651289 -0.0005307640377)
(1.003580549 -0.001358431905 -0.0004265430097)
(1.00410073 -0.0005156825331 -0.0001997699287)
(1.004137683 0.0003949482594 5.518883237e-05)
(1.003729521 0.00119197936 0.000277544992)
(1.00299787 0.001719132978 0.0004163717026)
(1.002108433 0.001876247195 0.0004357622808)
(1.001315106 0.001651733129 0.0003252898465)
(1.000800324 0.001238916613 0.0001639516546)
(1.000574667 0.0009107733351 6.297107653e-05)
(1.000452825 0.0006909885075 1.495839184e-05)
(1.00035316 0.0005124895212 -1.758732525e-05)
(1.000285742 0.0003637597728 -4.052821057e-05)
(1.000254185 0.0002576048061 -5.158305101e-05)
(1.000238387 0.0001813725158 -5.59713466e-05)
(1.000227737 0.0001266077536 -5.656902718e-05)
(1.000220237 8.527267855e-05 -5.632160457e-05)
(1.000215831 5.497819384e-05 -5.568736782e-05)
(1.000213521 3.33328221e-05 -5.498485816e-05)
(1.000212095 1.574489398e-05 -5.463236589e-05)
(1.000210342 3.672309065e-06 -5.474812983e-05)
(1.000210484 -3.437406715e-06 -5.514706322e-05)
(1.000200792 -7.350244155e-06 -5.57067e-05)
(1.000000115 -5.77338288e-05 -4.906355401e-06)
(1.000000947 -0.0001777818986 -1.612054382e-05)
(1.000004987 -0.0003248152526 -3.519585479e-05)
(1.000020633 -0.0005215214446 -7.030989806e-05)
(1.000067884 -0.0007937401279 -0.0001345409853)
(1.000184403 -0.00116501878 -0.0002451745309)
(1.000445206 -0.001650557431 -0.0004250093009)
(1.000953363 -0.002194108523 -0.0006694842217)
(1.001839064 -0.002661692404 -0.0009447244264)
(1.003085187 -0.002645256344 -0.001042317033)
(1.004302257 -0.001926742937 -0.000816702836)
(1.005023819 -0.0007027478347 -0.0003572039354)
(1.005045394 0.0006021368274 0.0001478820274)
(1.004450307 0.00173559518 0.0005995435205)
(1.003397866 0.002453319111 0.0008934993063)
(1.002166893 0.002594473749 0.0009517440485)
(1.001097548 0.002138823892 0.0007200734549)
(1.000548104 0.00147368097 0.0004068312273)
(1.000415864 0.001020707515 0.0002392549156)
(1.000363921 0.000741458067 0.0001637242774)
(1.000305027 0.0005241901499 0.0001049332587)
(1.000270916 0.0003623548463 5.734846506e-05)
(1.000266143 0.0002617019308 2.667657796e-05)
(1.000269244 0.0002012965439 7.035716717e-06)
(1.000270934 0.0001637295069 -7.562797384e-06)
(1.000272108 0.0001402506518 -1.828323497e-05)
(1.000274367 0.0001261255726 -2.700251239e-05)
(1.000277226 0.0001201108304 -3.426014212e-05)
(1.000279066 0.0001192762354 -3.877053455e-05)
(1.00028147 0.0001209726607 -4.278810265e-05)
(1.000281909 0.0001240696423 -4.531875096e-05)
(1.000291948 0.0001273842312 -4.806983461e-05)
(0.9999972261 -5.531982908e-05 -6.632831293e-06)
(0.9999842514 -0.0001712838485 -2.188773131e-05)
(0.9999545126 -0.0003184978776 -4.932450943e-05)
(0.9999125895 -0.0005259097055 -0.0001026786476)
(0.9998759383 -0.000833822417 -0.0002068381626)
(0.9998833169 -0.001290816126 -0.000398220657)
(1.000045638 -0.001955675053 -0.0007371083556)
(1.000537502 -0.00278195749 -0.001231650664)
(1.001682969 -0.003632137314 -0.001854814464)
(1.003516481 -0.003672561234 -0.00204069146)
(1.0053047 -0.002618174355 -0.001546729946)
(1.006298953 -0.0008887127232 -0.0006463881786)
(1.006278605 0.0009233253039 0.0002860316522)
(1.005394536 0.002510104523 0.001105233588)
(1.003832777 0.003482416459 0.001593652674)
(1.002081442 0.003554319673 0.001607802651)
(1.000616018 0.002683749518 0.001030157666)
(1.00011041 0.001705256221 0.0004021136576)
(1.000153697 0.00115129655 0.0001182286303)
(1.00021591 0.0007974415848 -5.965444527e-06)
(1.000233627 0.0005138499325 -8.211054444e-05)
(1.000265043 0.0002951178883 -0.0001304608779)
(1.000307357 0.0001570377846 -0.0001399279861)
(1.000342325 5.783041582e-05 -0.0001394701145)
(1.000363228 -1.075479673e-06 -0.0001384845997)
(1.000377432 -5.116687761e-05 -0.0001374158189)
(1.000384692 -7.781677772e-05 -0.0001369617351)
(1.000390513 -9.766015273e-05 -0.0001375721893)
(1.000394726 -0.0001104698873 -0.000138907695)
(1.000396534 -0.0001176995967 -0.000140915608)
(1.000399764 -0.0001206975834 -0.000142611151)
(1.000384311 -0.0001207536382 -0.0001460196482)
(0.9999938702 -4.631014283e-05 -8.390605476e-06)
(0.9999659521 -0.0001441740658 -2.802220494e-05)
(0.9998979559 -0.0002730533122 -6.524784305e-05)
(0.9997853101 -0.0004646907009 -0.0001417700478)
(0.9996329487 -0.00077290072 -0.0003023868693)
(0.999464022 -0.001277802872 -0.000621895457)
(0.9994293477 -0.002121321066 -0.001244306606)
(0.9997900778 -0.003306237518 -0.002224710118)
(1.001301657 -0.004782772728 -0.003651958072)
(1.004077841 -0.004854625217 -0.003954965519)
(1.006682854 -0.003272651675 -0.002852855975)
(1.008019677 -0.0009143604065 -0.001003157681)
(1.007950271 0.001510497416 0.0009120248118)
(1.0066668 0.003663130072 0.002592697698)
(1.004351777 0.004966906737 0.003595140736)
(1.001774461 0.004844069908 0.003526002928)
(0.9998215139 0.003108468206 0.002170866864)
(0.9995397028 0.001705563828 0.001052881738)
(0.9998344841 0.001121110476 0.0006029146589)
(1.000000897 0.0008228150926 0.0003400340877)
(1.00007966 0.0006022606638 0.0001078907453)
(1.000166946 0.0004697766826 -4.499550588e-05)
(1.000250406 0.000403658917 -0.0001368091945)
(1.000313968 0.0003647428708 -0.0001968371965)
(1.000356626 0.000340702121 -0.0002367298941)
(1.000385823 0.0003274007513 -0.0002642986179)
(1.000410072 0.0003203487898 -0.0002846130679)
(1.000425298 0.0003170597795 -0.0003007395927)
(1.00043699 0.0003160226843 -0.0003134025072)
(1.000447439 0.0003167095206 -0.0003238084494)
(1.000453587 0.0003180041639 -0.000331595306)
(1.000466705 0.0003212089124 -0.0003386314513)
(0.9999909202 -3.092672256e-05 -9.889597875e-06)
(0.9999495557 -9.668974086e-05 -3.335949618e-05)
(0.9998459344 -0.0001858637511 -7.971862062e-05)
(0.9996607783 -0.0003248876137 -0.0001798664432)
(0.9993736842 -0.0005648745391 -0.0004061927562)
(0.9989523786 -0.001001962781 -0.0008989152468)
(0.9985729144 -0.001845546033 -0.00199822805)
(0.998550438 -0.00329477854 -0.003892747388)
(1.000623791 -0.005546858946 -0.007065029373)
(1.004880373 -0.005800424898 -0.007435646946)
(1.008614743 -0.003858193354 -0.005150412144)
(1.010253286 -0.00124334204 -0.00178745446)
(1.010084255 0.001483035481 0.001882144239)
(1.008318102 0.003962483965 0.005206881107)
(1.004853007 0.005683149782 0.007317348534)
(1.000869264 0.0058611486 0.006867869251)
(0.9983607046 0.003247230882 0.003403565759)
(0.9987420113 0.001296590003 0.001280371153)
(0.999552677 0.0004690719285 0.0006314073769)
(0.9999236722 2.506551899e-05 0.0004334197844)
(1.000102096 -0.0002714123523 0.0002903012657)
(1.000249109 -0.0004256201827 0.0002222323737)
(1.000363811 -0.0005081256296 0.0001980031322)
(1.000434872 -0.0005515410214 0.0001866850098)
(1.000475409 -0.0005703397645 0.0001799707485)
(1.000500021 -0.0005755137625 0.0001757283612)
(1.000518303 -0.00057419398 0.0001722111566)
(1.000528552 -0.0005698347992 0.0001694608163)
(1.000536417 -0.0005646342567 0.0001668975777)
(1.000539579 -0.0005585806963 0.0001644543218)
(1.000544949 -0.0005525370561 0.0001625154899)
(1.000525823 -0.0005466150444 0.0001596290267)
(0.9999891828 -1.049183754e-05 -1.077431791e-05)
(0.9999398473 -3.366366608e-05 -3.652685134e-05)
(0.9998141348 -6.534737307e-05 -8.842461347e-05)
(0.9995808023 -0.0001161777874 -0.0002040570638)
(0.9991910035 -0.0002074578439 -0.0004757160763)
(0.9985351287 -0.0003860411797 -0.001119867055)
(0.9977092534 -0.0007637391397 -0.002708665553)
(0.996863592 -0.001498184189 -0.00614544555)
(0.9997241709 -0.002831401074 -0.01273851324)
(1.005552225 -0.003025831655 -0.01279558055)
(1.01053041 -0.002052454218 -0.008408704956)
(1.012425259 -0.000779627874 -0.00287327661)
(1.012205366 0.0005571607814 0.003094172515)
(1.010166258 0.001814900335 0.008850174219)
(1.005850112 0.002807626408 0.0133656222)
(1.000151078 0.003194254751 0.01351454472)
(0.9964092079 0.001829298891 0.007360578498)
(0.9973774198 0.000943836942 0.003913632293)
(0.9988895389 0.0004557647647 0.001873854048)
(0.9995014941 0.0003100670383 0.000833938653)
(0.9998136956 0.0002167078345 0.0002931311187)
(1.00006979 0.0001773927518 8.086371798e-06)
(1.000252896 0.000168819707 -0.0001590789205)
(1.000361238 0.0001711325222 -0.0002646490729)
(1.000425345 0.0001764784238 -0.0003340603518)
(1.000471608 0.0001832277802 -0.000386769112)
(1.000501452 0.0001898143434 -0.0004234336305)
(1.000524058 0.0001964194069 -0.0004534881885)
(1.00053789 0.0002016194687 -0.0004735545766)
(1.000548798 0.0002064850782 -0.0004925583474)
(1.000557098 0.0002101248781 -0.0005035658002)
(1.000557466 0.000214800441 -0.0005191035504)
(0.9999891935 1.094181166e-05 -1.078805275e-05)
(0.9999399161 3.505826071e-05 -3.65715746e-05)
(0.9998143295 6.791572829e-05 -8.849911778e-05)
(0.999581487 0.000120353081 -0.0002042197136)
(0.9991924017 0.0002146401221 -0.0004756557146)
(0.9985412576 0.0003984139825 -0.001119751989)
(0.9977218185 0.0007915445321 -0.002698787263)
(0.9969181642 0.001552567369 -0.006118394922)
(0.9997408608 0.002969028939 -0.01252964645)
(1.005542765 0.003178525452 -0.01264124364)
(1.010514541 0.002194402802 -0.008325615107)
(1.012420566 0.000922111792 -0.00283204031)
(1.01220441 -0.0004085328413 0.003140194173)
(1.01018162 -0.001655492285 0.008924072104)
(1.005880124 -0.002613741485 0.01351597283)
(1.0002929 -0.002894224092 0.01387280601)
(0.9965817673 -0.001290369533 0.007997804254)
(0.9975675647 -0.0002592972528 0.004990281636)
(0.9991215805 0.0003390897749 0.00313893438)
(0.9997357047 0.0006167780916 0.002160481448)
(1.000025448 0.0007787069597 0.001644997102)
(1.000240979 0.0008388943512 0.001387403857)
(1.00038716 0.0008467614482 0.0012369028)
(1.000478293 0.0008388520164 0.001150954169)
(1.000527042 0.0008260597039 0.00109811697)
(1.00055368 0.00080760506 0.00106461024)
(1.000569213 0.0007844500003 0.00104210239)
(1.000577675 0.0007588532058 0.001026741145)
(1.000581955 0.0007348275143 0.001015879926)
(1.000584223 0.0007074984578 0.001008290744)
(1.000583053 0.0006886024299 0.001003497139)
(1.000562336 0.0006564644993 0.001001132319)
(0.9999909503 3.134806404e-05 -9.928782994e-06)
(0.9999497314 9.798065714e-05 -3.348297019e-05)
(0.9998465004 0.0001881678817 -7.994329352e-05)
(0.9996623605 0.0003285478459 -0.000180225671)
(0.9993772479 0.0005703150827 -0.0004063582615)
(0.9989618789 0.001010334645 -0.0008981207102)
(0.9985899676 0.001855160199 -0.001988786386)
(0.998593516 0.003305773358 -0.003872483174)
(1.000643226 0.005523439967 -0.006967329467)
(1.004882414 0.005785783335 -0.007341835024)
(1.008620442 0.003863856898 -0.005043715282)
(1.010265474 0.001262684486 -0.001671781468)
(1.0100991 -0.001457355571 0.001999531255)
(1.008346029 -0.003926029972 0.00531561181)
(1.004920196 -0.005634904215 0.007439662392)
(1.00095797 -0.005843895591 0.007076143574)
(0.9984514069 -0.003309366574 0.003708574143)
(0.998775013 -0.001499009234 0.001590880248)
(0.9995088795 -0.0007675261883 0.0008471221454)
(0.9998094568 -0.0004633326362 0.0005838452638)
(0.9999592101 -0.0002959373471 0.0004878821315)
(1.000100517 -0.0002291579635 0.0004620356134)
(1.000232888 -0.0002153492008 0.0004765366219)
(1.00031511 -0.0002235279002 0.000501451544)
(1.000365544 -0.0002365733575 0.0005275886266)
(1.000403374 -0.0002523325171 0.0005549791583)
(1.000431568 -0.0002678052904 0.0005788875994)
(1.000453347 -0.0002829166161 0.0006002904032)
(1.000469234 -0.0002963172552 0.0006179593591)
(1.000482189 -0.0003093625765 0.000635099432)
(1.000488503 -0.0003185503895 0.0006458984309)
(1.000525981 -0.0003296682622 0.0006614790622)
(0.9999939114 4.667495899e-05 -8.450449001e-06)
(0.9999661858 0.0001452810321 -2.820864517e-05)
(0.9998987005 0.0002749585303 -6.558943097e-05)
(0.9997871521 0.0004674920341 -0.0001423154793)
(0.9996367872 0.0007764720804 -0.0003029839888)
(0.9994720599 0.001281758897 -0.000622173547)
(0.9994430779 0.002122439821 -0.001241320969)
(0.9998147508 0.003301764399 -0.002216324465)
(1.001326335 0.004754712897 -0.00361704503)
(1.004090465 0.004829959494 -0.003916133217)
(1.006691361 0.003253513931 -0.002809402277)
(1.008028439 0.0008924878029 -0.0009584868459)
(1.007961696 -0.001533384258 0.0009514909369)
(1.006688441 -0.003687237188 0.002629792135)
(1.004387768 -0.005004700428 0.003633838443)
(1.001824343 -0.0049200032 0.003590850631)
(0.9998651189 -0.003207735305 0.002227916442)
(0.9995713698 -0.001852533608 0.001139791104)
(0.9998391343 -0.001261830777 0.000704090665)
(1.000013364 -0.0009000158871 0.0004702575108)
(1.000113283 -0.0005901298 0.0002850430773)
(1.00020801 -0.0003792730858 0.0001675123403)
(1.000298914 -0.0002375923421 9.307529205e-05)
(1.000356724 -0.0001443665866 4.71512816e-05)
(1.000395017 -6.695107869e-05 6.270656138e-06)
(1.000420747 -9.059386757e-06 -2.509213239e-05)
(1.000441701 3.184954339e-05 -4.833274114e-05)
(1.000455806 6.217056354e-05 -6.585929843e-05)
(1.000464202 8.518714941e-05 -8.08950753e-05)
(1.000468785 0.0001030018857 -9.374781347e-05)
(1.000473033 0.0001162718702 -0.0001040419571)
(1.000464835 0.0001250392637 -0.0001115706388)
(0.9999972803 5.561764319e-05 -6.707697062e-06)
(0.9999844968 0.0001721798433 -2.211738063e-05)
(0.9999552703 0.0003199834889 -4.974756832e-05)
(0.9999143272 0.0005279379194 -0.0001033655858)
(0.9998793018 0.0008360952446 -0.0002077933848)
(0.9998895043 0.001292710666 -0.0003993730103)
(1.000055562 0.001954937927 -0.0007374353082)
(1.00055273 0.002776658844 -0.001229930844)
(1.001699257 0.003613911948 -0.001845298083)
(1.003527449 0.003650977091 -0.002029209726)
(1.005312485 0.002596517998 -0.001534893968)
(1.00630754 0.0008660200149 -0.000633418537)
(1.006289976 -0.0009444751974 0.0002985487705)
(1.005411138 -0.002533673851 0.001118942183)
(1.003856362 -0.003513228724 0.001607049338)
(1.002114629 -0.003604519399 0.001628776222)
(1.000644359 -0.002740764815 0.001050375198)
(1.000142521 -0.001794769892 0.0004535942083)
(1.000167636 -0.001237847884 0.000171120317)
(1.00021558 -0.0008830671725 3.806511514e-05)
(1.000222516 -0.0006122887244 -4.500909097e-05)
(1.000242577 -0.0004240579619 -9.819136583e-05)
(1.000277453 -0.0003093712849 -0.0001034604311)
(1.000306278 -0.0002394580738 -9.782391409e-05)
(1.000324257 -0.000195983048 -8.739106101e-05)
(1.000336005 -0.0001707908915 -7.441247281e-05)
(1.000345854 -0.000155997016 -5.972593335e-05)
(1.000352746 -0.0001492707673 -4.685546899e-05)
(1.000357761 -0.0001467566822 -3.173766233e-05)
(1.00036273 -0.0001477146616 -1.880680408e-05)
(1.000362765 -0.0001503286326 -8.60318162e-06)
(1.00038208 -0.0001575609998 2.995569959e-06)
(1.000000137 5.796719559e-05 -4.989558481e-06)
(1.000001174 0.0001784768262 -1.63730656e-05)
(1.000005684 0.0003259331626 -3.566323375e-05)
(1.000022152 0.0005229646004 -7.106719892e-05)
(1.000070663 0.0007952242908 -0.0001356588774)
(1.000189081 0.001166006453 -0.0002467047905)
(1.000452236 0.001649692656 -0.0004266821011)
(1.000963093 0.002189994495 -0.000670961419)
(1.001849807 0.002651041767 -0.0009443980728)
(1.003093979 0.002631100276 -0.001041296334)
(1.004309531 0.001912035233 -0.0008162977273)
(1.005031615 0.0006879543368 -0.0003571973972)
(1.005054756 -0.0006181585755 0.000147055651)
(1.004463533 -0.001753354873 0.0005974603495)
(1.003413911 -0.00247617568 0.0008904151854)
(1.002189066 -0.002628046155 0.0009496434026)
(1.001117236 -0.00218033117 0.0007168863138)
(1.000566409 -0.001534829851 0.0004082960821)
(1.000421921 -0.001090316497 0.0002358640344)
(1.000362491 -0.0008098653034 0.000153834729)
(1.00030428 -0.00058720459 9.672846406e-05)
(1.00027327 -0.0004141282163 5.627338405e-05)
(1.000270504 -0.0002969742703 3.268747354e-05)
(1.000275256 -0.0002154406679 1.807604484e-05)
(1.000278361 -0.0001590519825 7.582997835e-06)
(1.000280681 -0.0001149868573 -1.436198685e-06)
(1.000282967 -8.490315327e-05 -8.648420144e-06)
(1.000285383 -6.009713364e-05 -1.547560376e-05)
(1.000287055 -4.409152871e-05 -2.138663511e-05)
(1.000288352 -2.819619522e-05 -2.69136118e-05)
(1.00028949 -1.714054131e-05 -3.143915304e-05)
(1.000289195 -8.384632813e-06 -3.753197399e-05)
(1.000002652 5.454975815e-05 -3.603520827e-06)
(1.000014642 0.0001671595373 -1.164284581e-05)
(1.000045663 0.000300729817 -2.457258399e-05)
(1.000104326 0.0004714603114 -4.711791762e-05)
(1.000208239 0.0006940331452 -8.592146498e-05)
(1.000387523 0.00097684175 -0.0001488007586)
(1.000689232 0.001314368917 -0.0002435419706)
(1.001167985 0.001656188784 -0.0003646331931)
(1.001867457 0.00189995304 -0.000488190874)
(1.002747434 0.0018411993 -0.0005335274664)
(1.003586918 0.001349195556 -0.0004301759426)
(1.004107539 0.0005058099452 -0.0002042888517)
(1.004145837 -0.0004057318503 4.961081412e-05)
(1.003739636 -0.001204529948 0.0002709398634)
(1.003010352 -0.00173482274 0.0004086612796)
(1.002122906 -0.001898025828 0.0004272470474)
(1.00132909 -0.001679170212 0.0003151670842)
(1.000813259 -0.001275785646 0.0001541790269)
(1.000582678 -0.0009514437519 5.287278759e-05)
(1.000456188 -0.0007278023303 3.531179615e-06)
(1.000354793 -0.000545961533 -2.898309791e-05)
(1.000285892 -0.0003977781373 -5.125842184e-05)
(1.000251534 -0.0002937460804 -6.463244173e-05)
(1.000232859 -0.0002212174128 -6.753070033e-05)
(1.000220209 -0.0001715884183 -6.756279514e-05)
(1.000210899 -0.0001354432346 -6.622647292e-05)
(1.000205244 -0.0001116754764 -6.372375839e-05)
(1.000201559 -9.445229619e-05 -5.999965824e-05)
(1.00019928 -8.446442991e-05 -5.664970431e-05)
(1.000197278 -7.710024062e-05 -5.207476611e-05)
(1.000195627 -7.405449995e-05 -4.895998289e-05)
(1.000197757 -7.223921431e-05 -4.342546718e-05)
(1.000004434 4.658909355e-05 -2.527497206e-06)
(1.00002457 0.0001422583001 -8.084048124e-06)
(1.000074795 0.0002529226625 -1.658829762e-05)
(1.000162271 0.0003893545942 -3.068635531e-05)
(1.000300388 0.000559138817 -5.367424889e-05)
(1.000510722 0.0007630637367 -8.897595929e-05)
(1.000821089 0.0009894517213 -0.0001389500851)
(1.001256713 0.001199490893 -0.0001994204357)
(1.001823685 0.001324176608 -0.0002564867324)
(1.002476186 0.001255545339 -0.0002769421884)
(1.003076847 0.0009244035967 -0.0002285814168)
(1.003462212 0.0003536276592 -0.0001161266613)
(1.003505389 -0.0002528450288 1.369254495e-05)
(1.003224455 -0.0007953873716 0.000131036551)
(1.002700371 -0.00116036542 0.0002073838579)
(1.002055298 -0.001289188078 0.0002280696658)
(1.00143754 -0.001181348519 0.0001897947683)
(1.000975606 -0.0009381523789 0.0001196896275)
(1.000701499 -0.0007124270981 6.735815394e-05)
(1.000527537 -0.0005440737751 3.925356557e-05)
(1.00039377 -0.0004063995915 2.003837335e-05)
(1.00029665 -0.0002917370438 5.342753729e-06)
(1.000237515 -0.0002083551882 -3.374198235e-06)
(1.000199511 -0.0001488838071 -8.718772308e-06)
(1.000173467 -0.000107503698 -1.189820213e-05)
(1.000154543 -7.696628127e-05 -1.413286885e-05)
(1.000141866 -5.559916706e-05 -1.597122133e-05)
(1.00013326 -4.052839364e-05 -1.757174867e-05)
(1.000127256 -3.010630964e-05 -1.90831909e-05)
(1.000122832 -2.312132855e-05 -2.058711787e-05)
(1.000120149 -1.740275205e-05 -2.188463905e-05)
(1.000115294 -1.423786772e-05 -2.362278725e-05)
(1.000005645 3.536784016e-05 -1.776861267e-06)
(1.000031326 0.0001077199272 -5.638878129e-06)
(1.000094409 0.0001898583964 -1.126826296e-05)
(1.000200226 0.0002883923371 -2.014258581e-05)
(1.000358086 0.0004068188692 -3.389899449e-05)
(1.000582605 0.0005431065518 -5.398004512e-05)
(1.00088921 0.0006863347236 -8.089580139e-05)
(1.001286354 0.0008098077443 -0.0001117795517)
(1.001763664 0.0008711877117 -0.0001392887777)
(1.002275427 0.0008134967365 -0.0001487374689)
(1.002734508 0.0005965225403 -0.0001243733429)
(1.003026514 0.0002296178241 -6.693304644e-05)
(1.003066714 -0.000156415495 1.498643675e-07)
(1.002863632 -0.0005070966732 6.141655668e-05)
(1.002465321 -0.0007482538936 0.0001011452514)
(1.00196872 -0.0008468235243 0.0001118751719)
(1.00146067 -0.0008053073547 9.202345163e-05)
(1.001047454 -0.0006731350861 5.350562623e-05)
(1.000759894 -0.0005328174445 2.047246824e-05)
(1.000558953 -0.0004188397187 2.430177709e-07)
(1.000406445 -0.0003240149796 -1.337561792e-05)
(1.000292277 -0.0002432822684 -2.358369352e-05)
(1.00021688 -0.0001830986347 -2.967888717e-05)
(1.000164715 -0.0001389421354 -3.292429205e-05)
(1.000129372 -0.0001084848921 -3.441574568e-05)
(1.000102773 -8.530852023e-05 -3.529536548e-05)
(1.000085688 -7.006774269e-05 -3.554114419e-05)
(1.000072442 -5.829616713e-05 -3.536346001e-05)
(1.000064768 -5.159559238e-05 -3.479416275e-05)
(1.000057406 -4.602353495e-05 -3.377421881e-05)
(1.000053791 -4.362556036e-05 -3.307638397e-05)
(1.000048703 -4.166615471e-05 -3.170296255e-05)
(1.000006381 2.201173556e-05 -1.311614232e-06)
(1.000035441 6.693070598e-05 -4.1346476e-06)
(1.000106252 0.0001172980732 -8.071613496e-06)
(1.000222663 0.0001766214196 -1.399132824e-05)
(1.000390942 0.0002462990002 -2.274555116e-05)
(1.000621097 0.0003241758489 -3.493298172e-05)
(1.000921126 0.0004031481612 -5.04617977e-05)
(1.001291436 0.000467416912 -6.743813811e-05)
(1.001712536 0.0004959766928 -8.171848541e-05)
(1.002147553 0.000458497164 -8.629333243e-05)
(1.002529438 0.0003329671583 -7.291856916e-05)
(1.002759308 0.0001285578868 -4.157119082e-05)
(1.002791574 -8.235585744e-05 -5.913376643e-06)
(1.002635172 -0.0002800286032 2.864298962e-05)
(1.002313671 -0.0004170430902 5.174457881e-05)
(1.001899995 -0.0004760981234 5.907232612e-05)
(1.001465967 -0.0004594423606 5.068070641e-05)
(1.001087809 -0.0003905180919 3.243400905e-05)
(1.0007999 -0.0003107072783 1.535882605e-05)
(1.000584155 -0.0002415861561 4.122609008e-06)
(1.000419855 -0.0001834695462 -3.477112579e-06)
(1.000294692 -0.0001336082504 -9.241526031e-06)
(1.000208394 -9.584908109e-05 -1.291867029e-05)
(1.000145947 -6.726328108e-05 -1.50567222e-05)
(1.000103797 -4.785267278e-05 -1.624804643e-05)
(1.000071897 -3.102252653e-05 -1.71651952e-05)
(1.000051324 -2.085239652e-05 -1.770043608e-05)
(1.000034596 -1.281668526e-05 -1.815607017e-05)
(1.000024917 -8.133122978e-06 -1.840250094e-05)
(1.000015305 -4.159348007e-06 -1.876815793e-05)
(1.000010859 -2.015424656e-06 -1.901079508e-05)
(1.000002151 -3.445574393e-07 -1.947772455e-05)
(1.000006726 7.464278404e-06 -1.090858438e-06)
(1.00003737 2.267806272e-05 -3.424182943e-06)
(1.000111775 3.963281117e-05 -6.584081836e-06)
(1.00023299 5.941945828e-05 -1.118206758e-05)
(1.000405653 8.239473615e-05 -1.775640232e-05)
(1.000637653 0.0001076983478 -2.660897672e-05)
(1.000933067 0.0001330032179 -3.748620747e-05)
(1.001291034 0.0001527389802 -4.892661778e-05)
(1.001681898 0.0001618365581 -5.820115417e-05)
(1.002096998 0.0001464006666 -6.043056699e-05)
(1.002422618 0.0001121490143 -5.313128614e-05)
(1.002660008 2.821514312e-05 -2.57541646e-05)
(1.002662242 -2.675164115e-05 -6.56522637e-06)
(1.002523503 -8.947393508e-05 1.644041878e-05)
(1.002237924 -0.0001336228725 3.248031764e-05)
(1.00186223 -0.0001531884745 3.777061669e-05)
(1.001462412 -0.0001493694148 3.261212706e-05)
(1.001100396 -0.0001293932427 2.051087194e-05)
(1.00081356 -0.000105437158 7.851358332e-06)
(1.00059125 -8.442253673e-05 -1.78769026e-06)
(1.000421166 -6.693633322e-05 -8.694344265e-06)
(1.00029139 -5.217213614e-05 -1.389598644e-05)
(1.000199928 -4.111515615e-05 -1.735681272e-05)
(1.000132729 -3.299767548e-05 -1.957722296e-05)
(1.000087349 -2.780577865e-05 -2.103132266e-05)
(1.000052133 -2.348459746e-05 -2.192569481e-05)
(1.00003044 -2.093152253e-05 -2.217544933e-05)
(1.00001233 -1.947205134e-05 -2.222579048e-05)
(1.000002241 -1.868978345e-05 -2.221632744e-05)
(0.9999918046 -1.828717876e-05 -2.213124169e-05)
(0.999987037 -1.819210599e-05 -2.204674826e-05)
(0.9999782564 -1.829834162e-05 -2.190143416e-05)
(1.000006652 -7.514380195e-06 -8.508731157e-07)
(1.000036962 -2.284394622e-05 -2.67743991e-06)
(1.000110588 -4.000687112e-05 -5.183631402e-06)
(1.000230615 -6.017892824e-05 -8.874330617e-06)
(1.000401784 -8.381390965e-05 -1.419934412e-05)
(1.0006322 -0.0001101781083 -2.142134935e-05)
(1.000926401 -0.0001369860599 -3.034348174e-05)
(1.001284179 -0.00015853285 -3.97687321e-05)
(1.001676741 -0.0001693679612 -4.737837102e-05)
(1.002095451 -0.0001545941797 -4.901860118e-05)
(1.002425859 -0.0001194097 -4.239009614e-05)
(1.002667579 -3.125049251e-05 -1.810677173e-05)
(1.002670594 2.675231217e-05 -1.144068651e-06)
(1.002529151 9.257077721e-05 1.937955845e-05)
(1.002238549 0.0001385783964 3.410123216e-05)
(1.001857743 0.000158395092 3.962498936e-05)
(1.001453459 0.0001532004529 3.609661415e-05)
(1.001090259 0.0001309769399 2.642423218e-05)
(1.000805248 0.0001053847623 1.613280418e-05)
(1.000586305 8.388285158e-05 8.358674892e-06)
(1.000418444 6.623112268e-05 2.803046856e-06)
(1.000290382 5.136078475e-05 -1.371111259e-06)
(1.000200187 4.032138161e-05 -4.082984732e-06)
(1.000134108 3.262205696e-05 -5.986858828e-06)
(1.00008972 2.657112725e-05 -7.221066304e-06)
(1.000055272 2.292655452e-05 -7.612246747e-06)
(1.000033995 2.060835552e-05 -7.791605551e-06)
(1.000016148 1.899151401e-05 -7.898749789e-06)
(1.000006217 1.795279468e-05 -7.937989229e-06)
(0.99999594 1.715725808e-05 -7.956949962e-06)
(0.9999914194 1.664463206e-05 -7.950287713e-06)
(0.9999827859 1.613948568e-05 -7.930363917e-06)
(1.000006288 -2.21682377e-05 -1.036995771e-06)
(1.000034928 -6.745042213e-05 -3.276609192e-06)
(1.000104751 -0.0001184830204 -6.439546518e-06)
(1.00021961 -0.0001790530183 -1.125046681e-05)
(1.000385868 -0.0002509192148 -1.843297365e-05)
(1.000613777 -0.0003323118948 -2.851441267e-05)
(1.000911995 -0.0004164182212 -4.147715065e-05)
(1.001281877 -0.000487065331 -5.578233725e-05)
(1.001705669 -0.0005218236778 -6.798750948e-05)
(1.002145976 -0.0004873239788 -7.19434131e-05)
(1.002535811 -0.0003572330418 -6.015137849e-05)
(1.002771665 -0.0001419550024 -3.259436707e-05)
(1.002805433 8.235376819e-05 -8.725183647e-07)
(1.002644981 0.0002911650899 3.004024912e-05)
(1.002316219 0.00043480059 5.127939483e-05)
(1.001894978 0.0004945537556 5.895170704e-05)
(1.001454085 0.0004720128823 5.284708209e-05)
(1.001074995 0.0003934789117 3.797206606e-05)
(1.000789542 0.00030603153 2.397977477e-05)
(1.00057911 0.0002338576084 1.498903711e-05)
(1.000417071 0.0001735918785 8.796642261e-06)
(1.00029391 0.0001220362596 4.005882708e-06)
(1.000208876 8.325359244e-05 9.698141631e-07)
(1.000148502 5.326729893e-05 -9.357354069e-07)
(1.000106911 3.364100162e-05 -2.171046431e-06)
(1.000075049 1.790945488e-05 -3.058163328e-06)
(1.000054574 8.301397102e-06 -3.580577172e-06)
(1.000038198 3.895431318e-07 -3.929956617e-06)
(1.000028611 -3.837657047e-06 -4.124321796e-06)
(1.000019046 -7.058531757e-06 -4.260971215e-06)
(1.000014491 -8.324447701e-06 -4.276563008e-06)
(1.000006853 -8.489925562e-06 -4.231902595e-06)
(1.00000551 -3.564745494e-05 -1.430081692e-06)
(1.000030581 -0.0001086540958 -4.547766964e-06)
(1.00009219 -0.0001920315429 -9.144976323e-06)
(1.000195604 -0.000292958299 -1.646918994e-05)
(1.000350156 -0.0004157312269 -2.793334686e-05)
(1.000570732 -0.0005592663625 -4.483550354e-05)
(1.000873858 -0.0007135574522 -6.778342432e-05)
(1.001269867 -0.0008513585152 -9.4588317e-05)
(1.001752007 -0.000927419605 -0.0001191516439)
(1.002274908 -0.0008764341709 -0.0001284106146)
(1.002748927 -0.0006499060526 -0.0001073327343)
(1.003052882 -0.0002578182306 -5.651125345e-05)
(1.003094868 0.0001574733869 3.716665947e-06)
(1.002883951 0.0005334879435 5.875841883e-05)
(1.002472281 0.0007904051628 9.536533713e-05)
(1.001960761 0.0008916409626 0.0001063971986)
(1.001440391 0.0008386172019 8.972246675e-05)
(1.001023691 0.0006871233289 5.563692286e-05)
(1.000742725 0.0005337603561 2.693793168e-05)
(1.000550102 0.0004153433108 1.031465792e-05)
(1.000401629 0.000318073116 -5.55626381e-07)
(1.00028943 0.0002350990891 -8.471207665e-06)
(1.000216447 0.0001739311581 -1.340502667e-05)
(1.000166324 0.000129393209 -1.524054715e-05)
(1.000132192 9.843048484e-05 -1.622322177e-05)
(1.00010632 7.395946015e-05 -1.68134809e-05)
(1.000090257 5.760067748e-05 -1.694569743e-05)
(1.000077688 4.391825943e-05 -1.685141843e-05)
(1.000070678 3.587225897e-05 -1.669414262e-05)
(1.00006368 2.777553089e-05 -1.649819811e-05)
(1.000060735 2.385513714e-05 -1.642492033e-05)
(1.000053777 1.932764784e-05 -1.636808654e-05)
(1.000004225 -4.701209992e-05 -2.066741119e-06)
(1.00002341 -0.000143689896 -6.619366975e-06)
(1.000071277 -0.0002563488852 -1.36629458e-05)
(1.000154721 -0.0003967958903 -2.545471043e-05)
(1.000286937 -0.0005742540172 -4.488749136e-05)
(1.000489655 -0.0007916439561 -7.508263861e-05)
(1.000792546 -0.0010399827 -0.0001186531718)
(1.001224871 -0.001279998549 -0.0001726537511)
(1.001800577 -0.001438272028 -0.0002263625661)
(1.002479532 -0.00138429934 -0.0002483941049)
(1.003113152 -0.001028080726 -0.0002063542399)
(1.003517859 -0.0004087348762 -0.0001062342684)
(1.003562814 0.0002614298739 1.311253289e-05)
(1.003267799 0.0008518964136 0.0001207736212)
(1.002718808 0.001245476793 0.0001938717454)
(1.00204315 0.001372729796 0.0002173080889)
(1.00140484 0.001231041897 0.0001862508076)
(1.000937866 0.0009416968777 0.000123062)
(1.000676685 0.0006894102967 7.510036945e-05)
(1.000517267 0.0005134608298 4.991128472e-05)
(1.000388458 0.0003680193754 3.229933739e-05)
(1.000294533 0.0002479630882 1.904519957e-05)
(1.000237583 0.0001619834914 1.08802471e-05)
(1.000201536 0.000104097712 6.419447734e-06)
(1.000175475 6.472618959e-05 3.482657016e-06)
(1.000156656 3.774938522e-05 1.712003229e-06)
(1.00014358 1.979146152e-05 7.993461592e-07)
(1.000135099 9.188320086e-06 5.557430857e-07)
(1.00012881 2.514121817e-06 6.367446882e-07)
(1.000124902 -8.327169705e-07 1.027609858e-06)
(1.000120326 -1.131687595e-06 1.727774776e-06)
(1.000120972 -4.448559313e-07 2.292712066e-06)
(1.000002248 -5.511385698e-05 -2.985802188e-06)
(1.000012786 -0.0001691388361 -9.648546929e-06)
(1.000039976 -0.0003056754524 -2.047556986e-05)
(1.000091705 -0.0004826854449 -3.954122546e-05)
(1.000184757 -0.0007180655936 -7.278198591e-05)
(1.000348683 -0.001024856863 -0.0001274558304)
(1.000633702 -0.001405033123 -0.0002121650703)
(1.001102061 -0.001808961956 -0.0003242013746)
(1.00181848 -0.002130484492 -0.0004473998419)
(1.002757192 -0.002102407445 -0.0004990292119)
(1.003666169 -0.001553836919 -0.0004073126102)
(1.004223824 -0.0006021166777 -0.0002021885334)
(1.004262533 0.0004307875924 3.217570391e-05)
(1.003821971 0.001343585506 0.0002417541885)
(1.003035442 0.001943682871 0.0003756211572)
(1.002085779 0.002112775169 0.0003947757026)
(1.0012504 0.001825834518 0.0002915694012)
(1.000736019 0.001331194405 0.0001424512664)
(1.000537625 0.0009665227404 5.56163738e-05)
(1.000434147 0.0007373350509 1.788699487e-05)
(1.000341403 0.0005475636493 -7.020089381e-06)
(1.00027945 0.0003899626076 -2.423302601e-05)
(1.000252144 0.0002773169393 -3.24715129e-05)
(1.000238757 0.0001969163614 -3.50009591e-05)
(1.000228971 0.0001386332552 -3.541122778e-05)
(1.000221634 9.291496e-05 -3.524629901e-05)
(1.000217505 6.037268094e-05 -3.481778955e-05)
(1.000214833 3.409891916e-05 -3.420885123e-05)
(1.000213261 1.674552433e-05 -3.394658635e-05)
(1.000211397 7.414277912e-07 -3.407819915e-05)
(1.000210898 -8.591291277e-06 -3.431573087e-05)
(1.000204306 -1.913955905e-05 -3.489030998e-05)
(0.9999998546 -5.866957352e-05 -4.160880252e-06)
(0.9999982975 -0.0001809503256 -1.369224926e-05)
(0.9999965716 -0.0003324551841 -3.000003396e-05)
(1.000001141 -0.00053866854 -6.024239207e-05)
(1.000029594 -0.0008312768057 -0.0001163343859)
(1.000116533 -0.001243229138 -0.0002147525396)
(1.00034173 -0.001808361693 -0.0003807678604)
(1.000821218 -0.002477419265 -0.000617412052)
(1.001741846 -0.003122533979 -0.0009124071796)
(1.003119794 -0.003157708705 -0.001029922542)
(1.004480534 -0.002308011818 -0.0008184510282)
(1.00527504 -0.0008663940374 -0.000379606919)
(1.005298629 0.0006667389634 0.000110548285)
(1.004651309 0.00199680452 0.0005627231876)
(1.003483774 0.002828475241 0.0008768535662)
(1.002143348 0.002965021344 0.0009568239388)
(1.000965858 0.002348083772 0.0007113380396)
(1.000436405 0.001525644654 0.0003808833827)
(1.000361504 0.001004559657 0.0002078502309)
(1.000336776 0.0007024803361 0.0001364819414)
(1.000286555 0.000467109224 8.594258609e-05)
(1.000256331 0.0002993772055 5.212488086e-05)
(1.00025984 0.0001976837934 3.35188895e-05)
(1.000265629 0.0001359831455 2.566542381e-05)
(1.000268195 9.744392953e-05 2.200966771e-05)
(1.000270203 7.278768137e-05 2.189170087e-05)
(1.000273029 5.830836745e-05 2.319269235e-05)
(1.000276194 4.906151668e-05 2.575230173e-05)
(1.000277937 4.523166053e-05 2.86204898e-05)
(1.000280447 4.360148635e-05 3.234481603e-05)
(1.000279813 4.374899495e-05 3.578374131e-05)
(1.000296736 4.547844726e-05 3.995044436e-05)
(0.9999964335 -5.63700735e-05 -5.630038915e-06)
(0.9999801285 -0.0001748741647 -1.862333916e-05)
(0.9999412254 -0.0003276176716 -4.217225855e-05)
(0.9998803321 -0.0005477592404 -8.842258264e-05)
(0.9998088653 -0.0008859856576 -0.0001806312411)
(0.9997548687 -0.001410350011 -0.0003545080826)
(0.9998341439 -0.002224082296 -0.0006804424111)
(1.000239109 -0.003306990689 -0.001186157978)
(1.001460836 -0.004588520998 -0.00191696513)
(1.003599173 -0.004708809279 -0.002164081437)
(1.005673051 -0.00334617777 -0.001689290374)
(1.00677584 -0.001138886333 -0.0007862560325)
(1.006743256 0.001189313891 0.0001800918888)
(1.005722851 0.00324179901 0.001051168167)
(1.003947327 0.004464211718 0.001575280664)
(1.001942224 0.00449804164 0.001679536415)
(1.00029602 0.003229647732 0.001101954158)
(0.9998850322 0.002001001984 0.0004905459154)
(1.000044806 0.001379391354 0.0002325983732)
(1.000161331 0.0009688169689 0.0001175093413)
(1.000205772 0.0006180586502 4.195872244e-05)
(1.000254149 0.0003602929956 2.648810668e-06)
(1.000307122 0.0001908222978 -1.05545094e-05)
(1.000341231 7.647803517e-05 -1.299451125e-05)
(1.000361945 -1.60808264e-05 -1.353712633e-05)
(1.000378142 -8.033619439e-05 -1.38378991e-05)
(1.000386659 -0.0001253306196 -1.47501833e-05)
(1.000391524 -0.0001591384231 -1.660852828e-05)
(1.000395001 -0.0001849553677 -1.901941046e-05)
(1.000396731 -0.000205463987 -2.191127837e-05)
(1.00039888 -0.0002209266116 -2.446634682e-05)
(1.000390778 -0.0002327517483 -2.835542529e-05)
(0.9999928137 -4.729252602e-05 -7.135490341e-06)
(0.9999600203 -0.0001476396282 -2.388025915e-05)
(0.999878254 -0.0002822721058 -5.589920303e-05)
(0.999734739 -0.0004883896584 -0.000122796916)
(0.9995199153 -0.0008353757513 -0.000266860599)
(0.9992265235 -0.001440414174 -0.000567840566)
(0.99900547 -0.002551696065 -0.001199216631)
(0.999110075 -0.00425455639 -0.002310275776)
(1.000802754 -0.006727891065 -0.004146491944)
(1.004303199 -0.006894888164 -0.004583861029)
(1.007510616 -0.004724317489 -0.003464637037)
(1.009072059 -0.00150257694 -0.001462970827)
(1.008982736 0.001953808759 0.0007526829418)
(1.007423737 0.005153104067 0.002767958044)
(1.004584281 0.007130150411 0.003929074546)
(1.001429666 0.006868547853 0.003858739384)
(0.9992050562 0.004077789171 0.00214215713)
(0.9992026812 0.00208489932 0.0008707305871)
(0.9996905427 0.001409895637 0.0005337929287)
(0.9998899756 0.001093176751 0.0003740570166)
(0.9999923915 0.0008574262889 0.0002372444642)
(1.000106245 0.0007198444618 0.0001676322784)
(1.000217159 0.0006414130727 0.0001470215986)
(1.000290417 0.0005957059272 0.0001465961729)
(1.000336554 0.0005663058433 0.000155370274)
(1.000368205 0.0005489723456 0.0001674055217)
(1.000393604 0.0005378613925 0.0001823982367)
(1.000412153 0.0005310875157 0.0001982629673)
(1.000423456 0.0005274214961 0.0002127344874)
(1.000434844 0.0005254469374 0.0002293607846)
(1.000436586 0.0005252884381 0.0002400027394)
(1.000480628 0.0005270158771 0.0002555879825)
(0.9999895472 -3.16446604e-05 -8.413114292e-06)
(0.9999418354 -9.925466756e-05 -2.844292337e-05)
(0.9998196387 -0.0001929037933 -6.840744978e-05)
(0.9995887946 -0.0003439398213 -0.00015614047)
(0.9991997985 -0.0006194973211 -0.0003618759189)
(0.99852803 -0.001165267511 -0.0008376929373)
(0.9977569291 -0.002368158635 -0.002051544919)
(0.9969590529 -0.004769270319 -0.004514496495)
(0.9999320747 -0.009312793075 -0.009630709418)
(1.005492773 -0.009380026698 -0.00945196809)
(1.010229278 -0.00634368184 -0.006590063096)
(1.012344652 -0.002292041654 -0.002380661002)
(1.012221636 0.002040713699 0.002271536531)
(1.010077752 0.006286913351 0.006593205746)
(1.00539372 0.00967063609 0.009133364623)
(0.9998846272 0.01024000344 0.008589328132)
(0.9969040889 0.006102048906 0.004370298538)
(0.9980233921 0.003302917514 0.001779233867)
(0.999372219 0.001783691277 0.0009740561742)
(0.9998973427 0.001007168224 0.0006833567075)
(1.000098298 0.0005305872522 0.000541301957)
(1.00025507 0.0002782310164 0.0004990998792)
(1.000384417 0.0001266355561 0.0004802771423)
(1.000461216 3.383077029e-05 0.0004607824491)
(1.000503704 -3.322281058e-05 0.0004425519485)
(1.000529599 -8.150046161e-05 0.0004259571781)
(1.000546352 -0.0001156853912 0.0004105444189)
(1.000556981 -0.0001409041208 0.0003960227781)
(1.000563624 -0.0001589948779 0.000382770033)
(1.000567916 -0.0001735718098 0.0003700794713)
(1.000569524 -0.0001832329012 0.0003591904699)
(1.000561178 -0.0001927877712 0.0003502726595)
(0.9999876169 -1.073348381e-05 -9.168449695e-06)
(0.9999310549 -3.462450484e-05 -3.123728569e-05)
(0.9997834388 -6.80216983e-05 -7.566951376e-05)
(0.9994947961 -0.0001236182876 -0.0001783805645)
(0.9989634986 -0.0002292667572 -0.0004209529739)
(0.9979319838 -0.0004593110908 -0.00106347657)
(0.9962093852 -0.001016716989 -0.002819217951)
(0.9937196412 -0.002374500664 -0.008822211545)
(0.9977471272 -0.005180539921 -0.01879863208)
(1.006586494 -0.00537319996 -0.01710958931)
(1.013364466 -0.003648978539 -0.01101325566)
(1.015806056 -0.0015698271 -0.00409265208)
(1.015795228 0.0007177905606 0.003239963728)
(1.013465707 0.003123976641 0.01027807565)
(1.007651124 0.005215259248 0.01579105458)
(0.9990193941 0.006404598346 0.01493355145)
(0.9932197127 0.003852226107 0.001975744323)
(0.9952708037 0.003008481852 0.00127890944)
(0.9976073956 0.002260946016 -0.0002378265598)
(0.9986852703 0.001691032237 -0.001279089885)
(0.9992390802 0.001359265572 -0.001637254653)
(0.9996252866 0.001155640563 -0.001652989075)
(0.9998674996 0.001026706321 -0.00162088055)
(1.000004988 0.0009411998575 -0.001571040896)
(1.000087093 0.0008818685625 -0.001516164342)
(1.000147637 0.0008349623406 -0.001458303375)
(1.00018684 0.0008030821133 -0.001410730341)
(1.000217674 0.0007768564682 -0.001365283935)
(1.000235734 0.0007600004648 -0.001331354724)
(1.000255615 0.0007437186519 -0.00129440063)
(1.000257842 0.0007354262562 -0.001272069644)
(1.000316448 0.0007255564959 -0.001239567029)
(0.9999876268 1.116534722e-05 -9.18563388e-06)
(0.9999311169 3.596074837e-05 -3.129324037e-05)
(0.9997836223 7.047604929e-05 -7.57731568e-05)
(0.9994954568 0.000127592593 -0.0001786299548)
(0.9989651033 0.0002362766141 -0.0004211733908)
(0.9979401404 0.0004717977825 -0.001064484241)
(0.9962335828 0.001050948845 -0.002810560694)
(0.9938291967 0.002446759456 -0.008739066589)
(0.9978385796 0.00544178756 -0.0185262461)
(1.006548612 0.005627456191 -0.01696946435)
(1.013326273 0.00386687195 -0.01083675328)
(1.015787204 0.001775725529 -0.004010853753)
(1.015815162 -0.0005043537618 0.003229449031)
(1.013514781 -0.002886488634 0.01020053867)
(1.007840933 -0.004904525099 0.01568643788)
(0.9993681771 -0.005858706623 0.01521919005)
(0.9936835007 -0.002747957588 0.002737310464)
(0.9956978217 -0.001809571318 0.002678553735)
(0.9979380991 -0.0007500263274 0.002178042355)
(0.9988855616 -0.0001152015547 0.001666431501)
(0.9993868085 0.0002629665658 0.001401911337)
(0.9997590199 0.0005296272772 0.001315345198)
(0.9999633186 0.0007330780309 0.001259278479)
(1.000095788 0.0008916275069 0.001201918393)
(1.000176995 0.0009966735583 0.001153191531)
(1.000230402 0.001082082455 0.001108789082)
(1.0002668 0.00115318959 0.001067905857)
(1.00029239 0.001212985865 0.001030107975)
(1.00030944 0.001263891306 0.0009958750777)
(1.000322126 0.001307419238 0.000963312181)
(1.000329804 0.001343996757 0.0009385066487)
(1.000341594 0.001372619733 0.0009015077826)
(0.999989575 3.20499792e-05 -8.461394738e-06)
(0.9999419986 0.0001004954301 -2.859859611e-05)
(0.9998201677 0.0001951130904 -6.870909867e-05)
(0.9995903853 0.0003474531366 -0.0001567352297)
(0.9992035846 0.0006246842787 -0.000362690681)
(0.9985403259 0.001173454845 -0.0008387678383)
(0.9977788867 0.002374858612 -0.002044896814)
(0.9970308563 0.004773238384 -0.004480080499)
(0.9999593093 0.009207370273 -0.009486524366)
(1.00549577 0.009310821097 -0.009327847442)
(1.010244043 0.006319501566 -0.006402217349)
(1.012352462 0.002307361823 -0.002183252834)
(1.012226382 -0.002015831091 0.002463623094)
(1.010086894 -0.00628906147 0.006798968207)
(1.005481654 -0.009680511196 0.009342037054)
(1.000035688 -0.0104248926 0.008852002912)
(0.9969921291 -0.006396304129 0.004879804923)
(0.9979644102 -0.004046810949 0.002629307212)
(0.9992316283 -0.002708361131 0.001318895191)
(0.999767892 -0.001973614167 0.0006062046322)
(1.000005816 -0.001568753921 0.0001753975926)
(1.000210153 -0.001335345927 3.324046715e-06)
(1.000351625 -0.001208212512 -7.237694382e-05)
(1.000434116 -0.001138469318 -0.0001101697716)
(1.000482772 -0.001093259891 -0.0001263854258)
(1.000514318 -0.001062707256 -0.0001304189834)
(1.000533905 -0.001042966788 -0.0001280159443)
(1.000545455 -0.001030787059 -0.0001221065655)
(1.000552102 -0.001024128101 -0.0001142365999)
(1.000556663 -0.001020305448 -0.0001055758565)
(1.000559791 -0.001018870912 -9.704000869e-05)
(1.000552052 -0.001017537151 -8.844477886e-05)
(0.9999928518 4.764513728e-05 -7.208420281e-06)
(0.9999602377 0.0001487097144 -2.410942169e-05)
(0.99987895 0.0002841112357 -5.635417768e-05)
(0.9997365291 0.0004910797994 -0.0001235899512)
(0.999523776 0.0008387134994 -0.0002681781478)
(0.999235405 0.001443714454 -0.0005695928534)
(0.9990212917 0.002549382857 -0.001199803551)
(0.9991440161 0.004243013725 -0.002306551218)
(1.000835976 0.006667999382 -0.004108778319)
(1.00431834 0.006835189731 -0.004548698022)
(1.007521488 0.004660681702 -0.003422043113)
(1.009079074 0.001434609017 -0.001413357395)
(1.008990387 -0.002023165015 0.000809872014)
(1.00744065 -0.005216951236 0.00283270468)
(1.004627214 -0.007209786152 0.003999419204)
(1.001479641 -0.007013641721 0.003964622601)
(0.9992568966 -0.004303511094 0.002222056541)
(0.9992396737 -0.002364731165 0.0008865250309)
(0.9997185611 -0.001605145431 0.0004673453699)
(0.9999528062 -0.001195924693 0.0003177201267)
(1.000068289 -0.0009209043993 0.0002145466426)
(1.000178258 -0.0007632272329 0.0001738347069)
(1.000275216 -0.0006786823164 0.0001608570384)
(1.00034243 -0.0006277732812 0.0001523421472)
(1.000382091 -0.0005984391952 0.0001434228351)
(1.000410263 -0.0005798793146 0.000133758092)
(1.000428781 -0.000569486038 0.0001234219404)
(1.000443611 -0.0005619680045 0.000112686226)
(1.000452641 -0.00055791392 0.0001018015932)
(1.000461706 -0.0005542307683 9.061064274e-05)
(1.000465357 -0.0005522842746 8.015777551e-05)
(1.000478332 -0.000550793097 7.124718404e-05)
(0.9999964738 5.666039428e-05 -5.719726005e-06)
(0.9999803542 0.0001757481151 -1.890276096e-05)
(0.9999419277 0.0003290633984 -4.27100354e-05)
(0.9998819726 0.0005497270471 -8.935145095e-05)
(0.9998121001 0.0008881183444 -0.0001821387808)
(0.9997611387 0.001411912495 -0.0003568369663)
(0.9998446872 0.002221921799 -0.0006833524808)
(1.000256915 0.003298606756 -0.00118884276)
(1.001479579 0.0045578827 -0.001911634318)
(1.003610797 0.004673671374 -0.002158591095)
(1.005681468 0.003308556268 -0.001684565741)
(1.006785341 0.001096761809 -0.0007803792263)
(1.006755602 -0.001225534845 0.0001823199111)
(1.005739237 -0.00327999618 0.001051001802)
(1.0039727 -0.004507725704 0.001569617759)
(1.001978095 -0.004569262933 0.001676111787)
(1.000333312 -0.003300311133 0.001074435271)
(0.9999245276 -0.002106231352 0.0004993779107)
(1.000058245 -0.001491755619 0.0002502674549)
(1.000158346 -0.001105207481 0.0001169620183)
(1.000195294 -0.0008045898681 1.063673423e-05)
(1.000240451 -0.0005895442955 -6.000495964e-05)
(1.000290682 -0.0004553859018 -9.681177459e-05)
(1.000329056 -0.0003643503228 -0.0001177226436)
(1.000352162 -0.0003027267462 -0.0001291667397)
(1.000367417 -0.0002592034411 -0.0001351677967)
(1.000378386 -0.0002289273251 -0.0001375425714)
(1.00038593 -0.0002070859654 -0.0001378342046)
(1.000390757 -0.0001914112928 -0.0001370729014)
(1.000393585 -0.0001802733994 -0.0001357174222)
(1.000398111 -0.000172879826 -0.0001342500976)
(1.000388119 -0.000166644278 -0.0001329395169)
(0.9999998748 5.889996665e-05 -4.258490066e-06)
(0.999998506 0.0001816353602 -1.399583596e-05)
(0.9999972127 0.000333557462 -3.05745756e-05)
(1.000002551 0.0005400948132 -6.120817989e-05)
(1.000032203 0.0008327279348 -0.0001178714009)
(1.000121048 0.001244141532 -0.0002171056016)
(1.000348698 0.001807073031 -0.0003840594395)
(1.000831383 0.002472138401 -0.000621699813)
(1.001753139 0.00310804237 -0.0009159648955)
(1.003128522 0.003139175157 -0.001033823686)
(1.004487592 0.002288484245 -0.0008239347417)
(1.005282679 0.0008451256865 -0.0003865034994)
(1.005307977 -0.0006882511989 0.0001015584743)
(1.00466326 -0.002022291674 0.0005518052742)
(1.00350008 -0.002858512144 0.0008638848332)
(1.002164934 -0.003008115169 0.0009422542162)
(1.000984428 -0.002399480359 0.0006924966133)
(1.000452451 -0.001607509877 0.0003662503104)
(1.000363705 -0.001101074253 0.0001849132981)
(1.000334804 -0.0007919317531 9.85661727e-05)
(1.00029022 -0.0005489275495 4.151200187e-05)
(1.000268378 -0.0003711853457 6.218828023e-06)
(1.000271273 -0.0002591901701 -1.155051575e-05)
(1.000278389 -0.0001879786653 -2.113196833e-05)
(1.000282109 -0.0001435498439 -2.755055899e-05)
(1.000284463 -0.0001146693831 -3.289330585e-05)
(1.000286743 -9.824362597e-05 -3.752319388e-05)
(1.000288887 -8.928215961e-05 -4.211370798e-05)
(1.000290259 -8.569677317e-05 -4.602796095e-05)
(1.000291588 -8.504581981e-05 -5.06545448e-05)
(1.000292326 -8.631952476e-05 -5.421398686e-05)
(1.000293877 -9.12782767e-05 -5.973861936e-05)
(1.000002291 5.528983671e-05 -3.08541154e-06)
(1.000012972 0.0001696574334 -9.958281143e-06)
(1.000040535 0.0003064940364 -2.105137779e-05)
(1.000092888 0.0004837097224 -4.048561667e-05)
(1.000186843 0.0007190716706 -7.424661817e-05)
(1.000352025 0.001025449489 -0.0001296432867)
(1.000638551 0.001404342832 -0.0002152731945)
(1.001108574 0.001806059268 -0.000328414405)
(1.001825872 0.002123570123 -0.0004524358847)
(1.002763856 0.002092712707 -0.0005049791235)
(1.003672099 0.001543300319 -0.0004145994986)
(1.004230171 0.0005908145835 -0.0002108660261)
(1.004270071 -0.0004433848742 2.205088971e-05)
(1.003831796 -0.001357674923 0.0002297333039)
(1.00304703 -0.001961133375 0.0003614084355)
(1.002100084 -0.002136839068 0.0003778540371)
(1.001263253 -0.001855314168 0.0002707609556)
(1.000749151 -0.001372262865 0.0001195769453)
(1.000545733 -0.001009517425 3.078674798e-05)
(1.000437535 -0.0007734054255 -8.493147173e-06)
(1.000343276 -0.0005819730597 -3.489509853e-05)
(1.000280356 -0.0004300712063 -5.433231586e-05)
(1.000250636 -0.0003239680352 -6.542637161e-05)
(1.000235277 -0.0002519977189 -7.067060617e-05)
(1.000224408 -0.0002010712213 -7.348151329e-05)
(1.000216793 -0.0001652185847 -7.467074758e-05)
(1.000212111 -0.0001396881166 -7.507209503e-05)
(1.000209479 -0.0001224790573 -7.464222808e-05)
(1.000207914 -0.000110276313 -7.398459281e-05)
(1.000206403 -0.0001015817983 -7.278512779e-05)
(1.000206268 -9.66410894e-05 -7.146808986e-05)
(1.000201301 -9.439621185e-05 -7.020182287e-05)
(1.000004254 4.713937869e-05 -2.165518348e-06)
(1.000023572 0.0001440659481 -6.924097799e-06)
(1.00007176 0.0002569356331 -1.422052021e-05)
(1.000155718 0.0003975140295 -2.634982403e-05)
(1.000288636 0.0005749470895 -4.624264527e-05)
(1.000492249 0.0007920551304 -7.705666533e-05)
(1.000796155 0.001039662152 -0.0001214205579)
(1.001229495 0.001278453666 -0.0001763837444)
(1.001805867 0.00143482471 -0.0002310957349)
(1.002484814 0.001379220705 -0.0002541599642)
(1.003118276 0.001022302646 -0.0002132555481)
(1.003523371 0.0004025188296 -0.0001144534424)
(1.003569254 -0.0002685207194 3.604179931e-06)
(1.003275423 -0.0008602493809 0.0001096146261)
(1.002727795 -0.001256047604 0.000180827259)
(1.002052652 -0.001386840249 0.0002021016306)
(1.001414687 -0.001248877049 0.0001685185365)
(1.000946202 -0.0009645373392 0.0001029654438)
(1.000682501 -0.0007162855236 5.370825572e-05)
(1.00051815 -0.0005393160041 2.666463743e-05)
(1.000388428 -0.0003952275549 7.450904599e-06)
(1.000293861 -0.000275503556 -7.283448979e-06)
(1.00023745 -0.0001904007941 -1.605432977e-05)
(1.000200809 -0.0001302156559 -2.094131746e-05)
(1.000175831 -8.991220174e-05 -2.402553704e-05)
(1.000156709 -5.963806281e-05 -2.6556939e-05)
(1.000145097 -4.12787415e-05 -2.842555539e-05)
(1.000136381 -2.661333199e-05 -3.02010342e-05)
(1.00013075 -2.033701203e-05 -3.165561921e-05)
(1.000125115 -1.573985223e-05 -3.370640348e-05)
(1.000122968 -1.438636454e-05 -3.490183011e-05)
(1.000117767 -1.476602791e-05 -3.690253947e-05)
(1.000005536 3.573361738e-05 -1.52616253e-06)
(1.000030724 0.0001089081019 -4.842826523e-06)
(1.000092614 0.0001924245364 -9.678276638e-06)
(1.000196463 0.0002934330161 -1.731062584e-05)
(1.000351589 0.0004161863672 -2.918170559e-05)
(1.000572855 0.0005595454297 -4.661501157e-05)
(1.000876733 0.0007134240003 -7.023418889e-05)
(1.001273472 0.0008505534942 -9.784623024e-05)
(1.001756159 0.000925681698 -0.0001233151111)
(1.002279321 0.0008738017025 -0.0001335223554)
(1.002753451 0.0006467858118 -0.0001134552181)
(1.003057814 0.0002543631662 -6.377240423e-05)
(1.003100471 -0.0001614837591 -4.676291009e-06)
(1.002890337 -0.0005383481596 4.902922731e-05)
(1.002479416 -0.0007965855575 8.408826758e-05)
(1.001968282 -0.0008997169367 9.341629964e-05)
(1.001447629 -0.0008488575489 7.475721178e-05)
(1.001030097 -0.0007001579042 3.877061028e-05)
(1.000747018 -0.0005485266333 8.516168452e-06)
(1.000552346 -0.0004299082914 -9.163546488e-06)
(1.000402258 -0.0003313975995 -2.08168448e-05)
(1.000290002 -0.0002482630874 -2.925874657e-05)
(1.000215942 -0.0001867077481 -3.437423206e-05)
(1.000165264 -0.0001425648446 -3.696545867e-05)
(1.000130321 -0.0001119666659 -3.835967736e-05)
(1.000104216 -8.9097602e-05 -3.927921333e-05)
(1.000087349 -7.395088981e-05 -3.97010461e-05)
(1.000074484 -6.249373686e-05 -3.962203218e-05)
(1.000067036 -5.59201174e-05 -3.928645029e-05)
(1.000059853 -5.063463219e-05 -3.887523011e-05)
(1.000056618 -4.797757702e-05 -3.839812362e-05)
(1.000050441 -4.664129675e-05 -3.788896487e-05)
(1.000006311 2.22180029e-05 -1.130364306e-06)
(1.000035058 6.759686627e-05 -3.562566863e-06)
(1.000105134 0.0001187085924 -6.951923771e-06)
(1.000220381 0.0001793236824 -1.204888564e-05)
(1.000387135 0.0002511783631 -1.960012848e-05)
(1.000615624 0.0003324754392 -3.015209507e-05)
(1.000914459 0.0004163714851 -4.369951178e-05)
(1.001284944 0.0004866820248 -5.870172093e-05)
(1.001709211 0.0005210109186 -7.169765985e-05)
(1.002149923 0.0004860468621 -7.65081213e-05)
(1.002539948 0.000355688956 -6.564936513e-05)
(1.002776244 0.0001401633646 -3.911231787e-05)
(1.002810511 -8.444927351e-05 -8.368267479e-06)
(1.002650615 -0.0002937326321 2.137861661e-05)
(1.002322324 -0.0004380784695 4.128596388e-05)
(1.001901166 -0.0004988068388 4.748178496e-05)
(1.001460147 -0.0004774532706 3.978541317e-05)
(1.001079956 -0.0004001285441 2.331512755e-05)
(1.000793351 -0.0003136568865 8.031436937e-06)
(1.000581017 -0.0002414163519 -1.906173607e-06)
(1.000417821 -0.0001810351017 -8.777171955e-06)
(1.000293748 -0.000129654643 -1.409695371e-05)
(1.000208119 -9.083450776e-05 -1.757639915e-05)
(1.000146453 -6.230323155e-05 -1.967900159e-05)
(1.00010522 -4.104550999e-05 -2.092503234e-05)
(1.000072981 -2.520060927e-05 -2.191423351e-05)
(1.000052522 -1.524979668e-05 -2.24994749e-05)
(1.000035898 -7.326676953e-06 -2.301383958e-05)
(1.000026269 -2.54265625e-06 -2.334601919e-05)
(1.000016561 6.42225074e-07 -2.38522947e-05)
(1.000012231 2.241573514e-06 -2.416082592e-05)
(1.000003427 3.149375913e-06 -2.473158346e-05)
(1.000006674 7.530644668e-06 -9.42621814e-07)
(1.000037085 2.289177589e-05 -2.958055388e-06)
(1.000110952 4.008041043e-05 -5.684157975e-06)
(1.000231342 6.02669175e-05 -9.64919979e-06)
(1.000402971 8.389815859e-05 -1.532324009e-05)
(1.00063392 0.0001102321321 -2.298520849e-05)
(1.000928679 0.0001369753645 -3.244793502e-05)
(1.001287014 0.000158418432 -4.251680027e-05)
(1.001680007 0.0001691309124 -5.084496665e-05)
(1.002099219 0.0001542034477 -5.333003155e-05)
(1.002429749 0.0001189566507 -4.74879135e-05)
(1.002672062 3.068292032e-05 -2.446984521e-05)
(1.002675432 -2.740989364e-05 -8.219778832e-06)
(1.002534437 -9.338336707e-05 1.126597356e-05)
(1.00224418 -0.0001396139746 2.477077129e-05)
(1.001863369 -0.0001597368557 2.896448471e-05)
(1.001458901 -0.0001548864409 2.401317198e-05)
(1.001094743 -0.0001330187932 1.29391895e-05)
(1.000808676 -0.0001077108501 1.471334851e-06)
(1.000588133 -8.623364928e-05 -7.192716833e-06)
(1.000419323 -6.854842703e-05 -1.337029573e-05)
(1.000290246 -5.361165708e-05 -1.798930134e-05)
(1.000199595 -4.248613817e-05 -2.103232218e-05)
(1.000132838 -3.455757398e-05 -2.310340695e-05)
(1.000087837 -2.887849815e-05 -2.439716156e-05)
(1.000052899 -2.481345449e-05 -2.501584352e-05)
(1.000031461 -2.255388008e-05 -2.51935648e-05)
(1.000013353 -2.11231228e-05 -2.530605343e-05)
(1.000003314 -2.034588491e-05 -2.536353558e-05)
(0.999992912 -1.995221453e-05 -2.539186244e-05)
(0.9999882282 -1.986147203e-05 -2.539739097e-05)
(0.9999793107 -1.995717449e-05 -2.535956431e-05)
(1.000006613 -7.564789879e-06 -5.585348376e-07)
(1.000036751 -2.300627335e-05 -1.757325436e-06)
(1.00010998 -4.034714276e-05 -3.407837727e-06)
(1.000229396 -6.082433394e-05 -5.848684856e-06)
(1.000399795 -8.496211773e-05 -9.383781823e-06)
(1.000629424 -0.0001121220343 -1.419817627e-05)
(1.000923124 -0.0001400544126 -2.017540188e-05)
(1.001281184 -0.0001629557754 -2.654496801e-05)
(1.001675328 -0.0001751259622 -3.175732033e-05)
(1.002097367 -0.0001608184113 -3.307471899e-05)
(1.002431388 -0.0001248919769 -2.879014792e-05)
(1.002677375 -3.319234618e-05 -1.263935455e-05)
(1.002681122 2.722055008e-05 -1.317398476e-06)
(1.002537965 9.565325924e-05 1.241334502e-05)
(1.002243771 0.0001434171267 2.222294051e-05)
(1.00185902 0.0001638203232 2.581537659e-05)
(1.001451017 0.0001579316033 2.323418678e-05)
(1.00108618 0.0001343145222 1.644101547e-05)
(1.000801627 0.0001077485795 9.257469913e-06)
(1.000584085 8.593028874e-05 3.789357454e-06)
(1.000417085 6.806904931e-05 -1.47722853e-07)
(1.000289653 5.29553439e-05 -3.095024937e-06)
(1.000199957 4.18052557e-05 -4.947103728e-06)
(1.000134287 3.371966277e-05 -6.383404973e-06)
(1.000090225 2.762540558e-05 -7.124666031e-06)
(1.000055963 2.395115215e-05 -7.426981208e-06)
(1.000034721 2.15436392e-05 -7.555231046e-06)
(1.000016958 1.983065992e-05 -7.690228139e-06)
(1.00000707 1.872397397e-05 -7.748762765e-06)
(0.9999967883 1.790075453e-05 -7.786928105e-06)
(0.9999923281 1.736841808e-05 -7.825695175e-06)
(0.9999835172 1.693239563e-05 -7.879196543e-06)
(1.000006236 -2.23251653e-05 -6.828298921e-07)
(1.000034644 -6.795717315e-05 -2.157040937e-06)
(1.000103917 -0.0001195572503 -4.245858752e-06)
(1.000217904 -0.0001811153804 -7.43611786e-06)
(1.000383012 -0.0002546563369 -1.221887203e-05)
(1.000609644 -0.0003387018346 -1.896268194e-05)
(1.000906919 -0.0004266792107 -2.769283539e-05)
(1.00127687 -0.0005021865735 -3.742591009e-05)
(1.001703036 -0.0005417802551 -4.591698598e-05)
(1.002147812 -0.0005096461063 -4.89881281e-05)
(1.00254405 -0.0003759586885 -4.133046344e-05)
(1.002785141 -0.0001516992734 -2.299404295e-05)
(1.002820558 8.36885843e-05 -1.548639022e-06)
(1.002657492 0.0003018868244 1.937654629e-05)
(1.002323557 0.0004516885827 3.380938333e-05)
(1.001896406 0.0005131030972 3.908101904e-05)
(1.001450332 0.0004869821985 3.49193464e-05)
(1.001069056 0.0004015506283 2.478222964e-05)
(1.000784964 0.0003090442472 1.53766846e-05)
(1.000576618 0.0002346325975 9.28473273e-06)
(1.000415604 0.0001732002625 4.937597352e-06)
(1.000292945 0.0001208545413 1.441265167e-06)
(1.000208573 8.207193441e-05 -8.9402741e-07)
(1.000148849 5.185455698e-05 -2.542963603e-06)
(1.000107442 3.257891981e-05 -3.614909709e-06)
(1.000075543 1.760330742e-05 -4.421250775e-06)
(1.000055492 7.719080962e-06 -4.899908152e-06)
(1.000038761 1.075904539e-06 -5.259681133e-06)
(1.000029507 -2.725276196e-06 -5.463968327e-06)
(1.000019883 -5.687823847e-06 -5.61206836e-06)
(1.000015553 -6.658146295e-06 -5.658358452e-06)
(1.00000775 -6.747731863e-06 -5.622205186e-06)
(1.000005428 -3.592670293e-05 -9.456363307e-07)
(1.000030129 -0.000109560164 -3.005865883e-06)
(1.000090838 -0.0001939920172 -6.053281333e-06)
(1.000192757 -0.0002968204571 -1.092833591e-05)
(1.000345209 -0.0004229453281 -1.859488381e-05)
(1.00056324 -0.0005720142308 -2.996385721e-05)
(1.000864102 -0.0007348250178 -4.55397287e-05)
(1.001259623 -0.0008838222744 -6.400711828e-05)
(1.001745354 -0.0009720762579 -8.146791922e-05)
(1.002278759 -0.0009266118355 -8.887860622e-05)
(1.002763992 -0.0006928449662 -7.522021226e-05)
(1.003077929 -0.0002801532374 -4.074855916e-05)
(1.003121993 0.000160290961 7.757527537e-07)
(1.002905678 0.0005584495044 3.82196196e-05)
(1.002484254 0.000830709833 6.323873947e-05)
(1.001961145 0.0009372623394 7.06933477e-05)
(1.001430295 0.0008777027538 5.831699281e-05)
(1.00101034 0.0007125384815 3.342053254e-05)
(1.000733215 0.0005488778975 1.281934232e-05)
(1.000545834 0.0004256081021 8.93934153e-07)
(1.000399254 0.000324227732 -6.446701253e-06)
(1.000288705 0.000238523347 -1.144621528e-05)
(1.000216667 0.0001755070309 -1.432622641e-05)
(1.000167607 0.0001304826661 -1.54105165e-05)
(1.000133468 9.887764584e-05 -1.615233705e-05)
(1.000108118 7.468572447e-05 -1.657777985e-05)
(1.000091886 5.819562058e-05 -1.672593186e-05)
(1.000079708 4.537673813e-05 -1.685758622e-05)
(1.000072456 3.742648325e-05 -1.697925218e-05)
(1.000065664 3.054125405e-05 -1.724323391e-05)
(1.000062814 2.662276436e-05 -1.749724367e-05)
(1.00005503 2.381517404e-05 -1.798123939e-05)
(1.000004089 -4.743487367e-05 -1.372238046e-06)
(1.000022655 -0.0001450737832 -4.390722046e-06)
(1.000068968 -0.000259427971 -9.07709022e-06)
(1.000149706 -0.0004030816442 -1.695628059e-05)
(1.000277867 -0.0005865251854 -3.001933846e-05)
(1.000475182 -0.0008143766069 -5.046472539e-05)
(1.000772583 -0.001080115431 -8.038645994e-05)
(1.00120213 -0.001344676781 -0.0001181912663)
(1.001784388 -0.001532648852 -0.0001577005908)
(1.002484946 -0.00149250578 -0.0001763847106)
(1.003145984 -0.001115982529 -0.0001486575162)
(1.003567934 -0.0004563546736 -8.105192451e-05)
(1.003615935 0.0002670364155 4.446836783e-06)
(1.003311034 0.0009015240259 8.030557637e-05)
(1.002743804 0.001324660393 0.0001337752271)
(1.002043679 0.001455847864 0.0001538008541)
(1.001388101 0.001291605038 0.0001358796072)
(1.000912779 0.0009695345923 9.32094671e-05)
(1.000659745 0.0007032123197 5.95653108e-05)
(1.000507813 0.0005241143295 3.971942487e-05)
(1.000382619 0.0003770284537 2.449067912e-05)
(1.000290911 0.0002556145262 1.258241833e-05)
(1.000236429 0.0001703387753 4.760929087e-06)
(1.000201555 0.0001130536485 1.081982449e-07)
(1.000176689 7.543160811e-05 -2.625202261e-06)
(1.000158133 4.922894236e-05 -4.444957354e-06)
(1.000145938 3.292131497e-05 -5.392801867e-06)
(1.000137459 2.303956291e-05 -5.831739112e-06)
(1.000131707 1.80724209e-05 -5.926757748e-06)
(1.00012719 1.606210385e-05 -5.770272319e-06)
(1.000124746 1.598577384e-05 -5.522947949e-06)
(1.000122803 1.797743866e-05 -4.966321032e-06)
(1.000001923 -5.568211556e-05 -1.990724212e-06)
(1.000011504 -0.0001710601677 -6.420434188e-06)
(1.000036043 -0.0003101239139 -1.364896963e-05)
(1.000082857 -0.0004921914413 -2.643831045e-05)
(1.00016801 -0.0007377096377 -4.8927931e-05)
(1.000320262 -0.001063590434 -8.625817197e-05)
(1.000591769 -0.001478851976 -0.0001453724566)
(1.001049759 -0.001936886399 -0.0002260009694)
(1.001778567 -0.002334633079 -0.0003215973536)
(1.002766901 -0.00233836379 -0.0003655527375)
(1.003734399 -0.001739423491 -0.0003021580266)
(1.004324382 -0.0006921505659 -0.0001631804833)
(1.004366372 0.0004546429955 -4.629569855e-07)
(1.003906394 0.001470368889 0.0001437320003)
(1.003069077 0.002151279578 0.0002392165587)
(1.002070707 0.002338322492 0.0002445856254)
(1.001202076 0.001985907127 0.0001622013176)
(1.000691413 0.001402990802 5.470666183e-05)
(1.000514771 0.0009905191844 -3.102425468e-06)
(1.000425913 0.0007483250652 -2.507654165e-05)
(1.000337793 0.0005468898067 -3.871895466e-05)
(1.000279815 0.0003867091188 -4.732798157e-05)
(1.000254956 0.0002723329474 -5.247382045e-05)
(1.000243221 0.0001947468022 -5.461521373e-05)
(1.000233803 0.0001387702767 -5.612182024e-05)
(1.000226835 9.879646119e-05 -5.772959595e-05)
(1.000222613 6.936502927e-05 -5.922404255e-05)
(1.00022014 4.986139351e-05 -6.0666094e-05)
(1.000218488 3.517787641e-05 -6.228577159e-05)
(1.000216339 2.572344509e-05 -6.453150793e-05)
(1.000216343 2.101570929e-05 -6.646168589e-05)
(1.000207076 1.732856019e-05 -6.869940822e-05)
(0.9999996531 -5.938652117e-05 -2.779047092e-06)
(0.9999962415 -0.000183391445 -9.136550452e-06)
(0.9999900114 -0.0003383769419 -2.006938161e-05)
(0.9999857909 -0.0005520759813 -4.043870977e-05)
(0.9999989678 -0.0008611538664 -7.871559907e-05)
(1.000060558 -0.001306941876 -0.0001466921194)
(1.000252256 -0.001943237816 -0.0002651380138)
(1.00069612 -0.00273284708 -0.0004414872453)
(1.001641011 -0.003580095212 -0.0006911329362)
(1.003141157 -0.003686110638 -0.0008000743953)
(1.004633865 -0.00272602558 -0.0006392853263)
(1.005492722 -0.001071980186 -0.0003082229419)
(1.005526788 0.0006967499407 7.223083332e-05)
(1.004831147 0.002253650631 0.0004174923136)
(1.00359071 0.003207094231 0.0007027821547)
(1.002114447 0.003400317122 0.0008151514943)
(1.000823146 0.002653942501 0.0006258722543)
(1.000313688 0.001698167932 0.0003514900718)
(1.000298595 0.001132385159 0.0001923483709)
(1.000305439 0.0008027601681 0.0001094559129)
(1.000270203 0.0005560787507 5.386199969e-05)
(1.000252741 0.0003796616284 1.567924585e-05)
(1.000261677 0.0002789502698 -9.241285971e-07)
(1.000271574 0.0002171523684 -8.835728678e-06)
(1.000276275 0.000181054096 -1.234088176e-05)
(1.00027977 0.0001556485497 -1.343116518e-05)
(1.000283532 0.0001410382167 -1.321995681e-05)
(1.000287084 0.0001339443266 -1.236079615e-05)
(1.000289831 0.0001313660734 -1.079186661e-05)
(1.000292155 0.0001314897307 -8.846426307e-06)
(1.000293693 0.0001331993872 -6.645204299e-06)
(1.00029948 0.0001352562795 -4.123422946e-06)
(0.9999958592 -5.717902972e-05 -3.767528811e-06)
(0.9999769191 -0.0001776517898 -1.245775273e-05)
(0.9999308019 -0.0003346866872 -2.830480625e-05)
(0.9998546143 -0.0005650118561 -5.959595151e-05)
(0.9997541895 -0.0009279143904 -0.0001233070186)
(0.999644745 -0.001511529312 -0.0002450811301)
(0.9996413207 -0.002467213951 -0.0004880752741)
(0.9999308113 -0.003840452943 -0.0008893577426)
(1.001205459 -0.005651145627 -0.001545799278)
(1.003642431 -0.005889733189 -0.001771396202)
(1.006006506 -0.004265475292 -0.001526653238)
(1.007238579 -0.001557967283 -0.0009400745914)
(1.007227817 0.001309290482 -0.0002724336274)
(1.006034639 0.003974857441 0.0003352023975)
(1.004154876 0.005409153177 0.0005898257092)
(1.00189283 0.005385469544 0.0007803679472)
(1.000039484 0.003594418212 0.0004114044676)
(0.9997047325 0.002023720328 3.961159599e-06)
(0.9999680321 0.001376724278 -0.0001451852393)
(1.000123756 0.000977707214 -0.0002143864511)
(1.000191433 0.0006149025889 -0.0002724767271)
(1.000252255 0.0003896952813 -0.0003073721059)
(1.000309542 0.0002276531148 -0.0003253020645)
(1.000350191 0.00014751964 -0.0003372633502)
(1.000373865 9.343756133e-05 -0.0003477557386)
(1.000387406 5.917455887e-05 -0.000357128383)
(1.000395639 3.935914782e-05 -0.0003656104664)
(1.000401454 2.817687709e-05 -0.0003745363269)
(1.000405118 2.351592422e-05 -0.0003824616752)
(1.000406866 2.274016112e-05 -0.0003909520084)
(1.000409864 2.459403603e-05 -0.0003976794911)
(1.000397572 3.076574108e-05 -0.0004075230374)
(0.9999919883 -4.804963571e-05 -4.786678443e-06)
(0.9999553912 -0.0001503128597 -1.596133332e-05)
(0.9998626994 -0.0002894477025 -3.774040083e-05)
(0.9996939662 -0.000507039182 -8.264781982e-05)
(0.9994252827 -0.0008861175447 -0.0001848097211)
(0.9990099984 -0.001580132277 -0.0003961083959)
(0.9985830416 -0.002977086959 -0.000896332319)
(0.9982898843 -0.005390562675 -0.001912035323)
(1.000375965 -0.009574910422 -0.003906536212)
(1.004522403 -0.009288325337 -0.003992129262)
(1.008346659 -0.00633702108 -0.002969994286)
(1.010228307 -0.002007483072 -0.001208200776)
(1.010182313 0.002707564032 0.0008368928389)
(1.00826443 0.007291104816 0.002830165947)
(1.004917574 0.009945502255 0.003839038953)
(1.001044311 0.009419777192 0.0034458191)
(0.9985140016 0.005449156811 0.001636844504)
(0.998890239 0.002719448012 0.0002298591896)
(0.9996836022 0.001807111347 -0.0002707340344)
(0.9999345061 0.001438387138 -0.0004672608839)
(1.000053902 0.001177267232 -0.0005986563977)
(1.000191834 0.001023981415 -0.0006594050257)
(1.000327676 0.0009467191692 -0.0006780095948)
(1.000407516 0.0009022211468 -0.0006844167112)
(1.000454155 0.0008707885262 -0.0006849549534)
(1.00048713 0.0008480226451 -0.0006815511695)
(1.00051057 0.0008317168947 -0.0006759086718)
(1.000526544 0.0008196754661 -0.0006686444034)
(1.000538072 0.0008102898796 -0.0006610950592)
(1.000545335 0.0008029201342 -0.0006530423167)
(1.000554435 0.0007977922166 -0.0006456756544)
(1.000551513 0.000791173901 -0.0006390727093)
(0.9999884733 -3.219738188e-05 -5.649175613e-06)
(0.9999357947 -0.000101370807 -1.919364153e-05)
(0.9997988404 -0.0001978913946 -4.573343282e-05)
(0.9995306169 -0.0003610374089 -0.0001073565674)
(0.9990508465 -0.0006552392306 -0.0002442569393)
(0.9981203469 -0.001337066054 -0.0006131317626)
(0.9967700632 -0.002750638038 -0.001497903443)
(0.9947258479 -0.00735542637 -0.004689926866)
(0.9990811629 -0.01621289233 -0.01287703899)
(1.005394947 -0.01583750035 -0.01292203343)
(1.011839167 -0.01159259125 -0.009209480615)
(1.014931299 -0.0058405037 -0.005365516772)
(1.015105531 0.0001458651366 -0.001017034215)
(1.013228124 0.005668550925 0.003303062682)
(1.008760183 0.009758693451 0.006984564632)
(0.9987787035 0.01532688548 0.009742924151)
(0.9949138146 0.006245166782 0.003570126228)
(0.9966216844 0.004477641792 0.001718717902)
(0.9989102142 0.002606857239 0.0007891333631)
(0.9996185665 0.001649908256 0.0004182569527)
(0.999876608 0.001231834861 0.0002741511551)
(1.000075576 0.001091900795 0.0002199513813)
(1.000216453 0.001045437315 0.000196864245)
(1.000288709 0.001041758078 0.0001834444049)
(1.000326287 0.001053856891 0.0001741569826)
(1.000354006 0.001072374961 0.0001655924059)
(1.000373908 0.001093111477 0.0001570125845)
(1.000387329 0.001113142086 0.0001485785798)
(1.000396218 0.001131932254 0.0001405425652)
(1.000402158 0.001148548525 0.0001327287049)
(1.000406534 0.001163245362 0.000125882777)
(1.000400609 0.001178233488 0.0001202620793)
(0.999986386 -1.090567193e-05 -6.174624223e-06)
(0.9999243558 -3.54572878e-05 -2.096279483e-05)
(0.9997584314 -6.983450325e-05 -5.12470131e-05)
(0.9994278538 -0.0001307161824 -0.0001209498957)
(0.9987611579 -0.0002424916351 -0.0002953596249)
(0.9973792473 -0.0005364293759 -0.0007485509008)
(0.9941239698 -0.0012025865 -0.002752120244)
(0.9915648151 -0.003433218122 -0.006165886837)
(0.9910592451 -0.01379200258 -0.02160158066)
(1.004336533 -0.01447130919 -0.02389409539)
(1.014276811 -0.009126617791 -0.0165873999)
(1.018264089 -0.003540323162 -0.007329892564)
(1.018486318 0.001415579315 0.003594846258)
(1.016168196 0.00617007276 0.01484542501)
(1.009957639 0.01097112078 0.02464488659)
(0.9992964873 0.01471985721 0.02626389542)
(0.9892278771 0.005909713801 0.009663290714)
(0.9948945977 0.002656935033 0.001012973428)
(0.9976242915 0.002270054857 -0.0002806605862)
(0.9987297454 0.001932024299 -0.00123810098)
(0.9993131342 0.001762890862 -0.001670967186)
(0.9996059474 0.001680815945 -0.001859126692)
(0.9997292473 0.001641543167 -0.001932156918)
(0.9997631392 0.001620325665 -0.001962236977)
(0.9997547978 0.00160601479 -0.001970108654)
(0.9997270117 0.001594526087 -0.001968571573)
(0.9996884981 0.001584553102 -0.001962846752)
(0.9996439746 0.00157542436 -0.001954429893)
(0.9995958752 0.001566743381 -0.001943473963)
(0.999546584 0.001558481245 -0.001931276618)
(0.9994971596 0.001551261369 -0.001918905733)
(0.9994160546 0.001544241578 -0.001910368311)
(0.9999863945 1.131614731e-05 -6.194949159e-06)
(0.9999244101 3.672199029e-05 -2.102130472e-05)
(0.9997585835 7.214156483e-05 -5.139746464e-05)
(0.9994284295 0.0001343985367 -0.0001211836984)
(0.9987625705 0.0002488817445 -0.0002960774574)
(0.9973883153 0.000548122885 -0.0007501374281)
(0.9941621097 0.001237347274 -0.002749555568)
(0.9902528442 0.00218827646 -0.007918098996)
(0.9884907852 0.008430137828 -0.03561855555)
(1.006664732 0.008813876327 -0.03536039077)
(1.017432016 0.005552630866 -0.02084648477)
(1.020268544 0.003051173323 -0.006784300836)
(1.020085796 0.00164660069 0.007628499658)
(1.017842979 0.000316408132 0.02208299025)
(1.012358975 -0.001212238683 0.03570306202)
(1.001200988 -0.003140865829 0.04368735122)
(0.9866022555 0.0008768077387 0.01950213414)
(0.9965978992 -0.001013739354 0.002682977008)
(0.9985418613 -0.0003489721689 0.001977365875)
(0.9992315804 0.0001886534211 0.001638116432)
(0.9996720253 0.0003206746064 0.00162205929)
(0.9999349033 0.0003282743285 0.001681871245)
(1.000067359 0.0002851554098 0.001747482797)
(1.000134662 0.0002271405714 0.001807110707)
(1.00017318 0.0001690057981 0.001860700428)
(1.00019847 0.0001159415758 0.00190600858)
(1.000215242 6.904617204e-05 0.001942758408)
(1.000226202 2.850379497e-05 0.001971947201)
(1.000233429 -6.927646965e-06 0.001996530059)
(1.000238984 -3.766157413e-05 0.002015448364)
(1.000241845 -6.147950684e-05 0.002033144454)
(1.000241943 -9.058360849e-05 0.002044511297)
(0.999988497 3.258388338e-05 -5.705558551e-06)
(0.9999359421 0.0001025427815 -1.936695326e-05)
(0.9997992693 0.0002000187641 -4.613788216e-05)
(0.9995320971 0.0003641760955 -0.0001080186419)
(0.9990540199 0.0006607655295 -0.0002463947909)
(0.9981347115 0.001341705302 -0.0006151839677)
(0.9968005945 0.00276836839 -0.001513894988)
(0.9948556923 0.0072863348 -0.004686168845)
(0.9990079122 0.0158483703 -0.01241757268)
(1.004020589 0.0157180883 -0.01634559473)
(1.011564858 0.01146149775 -0.01170339153)
(1.014825944 0.004529808271 -0.00377315722)
(1.01500919 -0.002423402624 0.004569676294)
(1.01280545 -0.008980016676 0.01242314305)
(1.007779882 -0.01443413412 0.01809230238)
(0.9990898028 -0.01595761972 0.01014617865)
(0.9951116778 -0.005485276842 0.003785935113)
(0.9965671848 -0.004656754209 0.00310033152)
(0.9983658735 -0.003845806868 0.002587170449)
(0.9991243528 -0.003295963909 0.002256424824)
(0.9995331387 -0.00300491477 0.002113724051)
(0.9998435982 -0.002902186632 0.002077615773)
(1.000041468 -0.002867762964 0.002068707873)
(1.000161011 -0.002848832959 0.0020678773)
(1.000230029 -0.002836491142 0.002069492168)
(1.000282899 -0.002828080896 0.002071222443)
(1.000314515 -0.002821728633 0.00207214188)
(1.000342425 -0.002816140321 0.002072249629)
(1.000356722 -0.002810976722 0.002071647889)
(1.000374842 -0.002805677066 0.002070341903)
(1.000378604 -0.002800819202 0.002067880633)
(1.000412228 -0.002793961403 0.002063477583)
(0.9999920213 4.838857361e-05 -4.870847047e-06)
(0.9999555784 0.0001513422588 -1.622924432e-05)
(0.9998633053 0.000291206282 -3.828815492e-05)
(0.9996955319 0.0005096279265 -8.371043868e-05)
(0.9994287482 0.0008892723804 -0.0001868395565)
(0.9990187128 0.001583239108 -0.0004003899157)
(0.9985989356 0.002972507589 -0.0009034256729)
(0.9983368029 0.005361926001 -0.001926227442)
(1.000403236 0.009463877765 -0.003888123162)
(1.004531223 0.009194699539 -0.003965234306)
(1.008357486 0.006218492167 -0.002930723595)
(1.010238156 0.001888276407 -0.001176302925)
(1.010196246 -0.00282237779 0.0008523889884)
(1.008283363 -0.007412623619 0.002831626516)
(1.004971067 -0.01007904235 0.003805829967)
(1.00110268 -0.009638550318 0.003451763736)
(0.9984780474 -0.005788458474 0.001639126813)
(0.9987845353 -0.003475714863 0.0003647266836)
(0.9995980306 -0.002184910544 -0.0002654200144)
(0.9999992627 -0.001438866332 -0.000486604919)
(1.000153485 -0.0009464960464 -0.0006121174826)
(1.00025674 -0.0006709144772 -0.000672863609)
(1.000357212 -0.0004858850133 -0.0007038160644)
(1.000424653 -0.0003650893414 -0.0007211776404)
(1.000465397 -0.0002848471444 -0.0007313080579)
(1.000491568 -0.0002304502699 -0.0007369550426)
(1.000509402 -0.0001922992171 -0.00074016783)
(1.000521494 -0.0001647803447 -0.0007414795716)
(1.000529777 -0.0001449622595 -0.0007416237873)
(1.00053548 -0.0001304913095 -0.0007410587637)
(1.000540997 -0.0001204075951 -0.0007404166588)
(1.000543324 -0.0001142704076 -0.0007383012347)
(0.9999958942 5.746141964e-05 -3.869447597e-06)
(0.9999771156 0.0001785012727 -1.277925712e-05)
(0.9999314134 0.0003360975994 -2.894093007e-05)
(0.9998560464 0.0005669321152 -6.075609512e-05)
(0.9997570325 0.0009300504668 -0.0001253639132)
(0.9996504099 0.001513047213 -0.0002488440094)
(0.9996512462 0.002464796891 -0.0004944591841)
(0.9999503327 0.003830083414 -0.0009008015212)
(1.001226049 0.00560739661 -0.00155832862)
(1.003653453 0.005844310137 -0.001783784929)
(1.006014164 0.004214836544 -0.001536113405)
(1.007245781 0.001500630157 -0.0009461555743)
(1.007237155 -0.001369319643 -0.0002769537049)
(1.006043971 -0.004048323886 0.0003334689026)
(1.004179944 -0.005490858242 0.0005737568096)
(1.001914895 -0.005507190529 0.0007766914577)
(1.000086554 -0.003724376769 0.000374393585)
(0.9997564703 -0.002136672659 -3.19169308e-05)
(0.9999820903 -0.001423504861 -0.000159383342)
(1.000104265 -0.001033772787 -0.0001992744911)
(1.000148251 -0.0007444437551 -0.0002262173634)
(1.000203379 -0.0005516096836 -0.0002341595178)
(1.000261975 -0.0004374111497 -0.0002252462472)
(1.000303647 -0.0003669960513 -0.0002112440699)
(1.000328945 -0.0003225850756 -0.0001965872338)
(1.000344518 -0.0002938909021 -0.000183621191)
(1.000357005 -0.0002744701143 -0.0001716504685)
(1.000366097 -0.0002632414025 -0.0001613542083)
(1.000372124 -0.0002577245006 -0.0001519777357)
(1.000377476 -0.0002556889314 -0.0001437537445)
(1.000377982 -0.0002559494112 -0.0001367967376)
(1.000395737 -0.0002575686991 -0.0001310178711)
(0.9999996708 5.961368724e-05 -2.889023993e-06)
(0.9999964236 0.0001840674296 -9.481225216e-06)
(0.9999905716 0.0003394710893 -2.073313244e-05)
(0.9999870233 0.0005535094508 -4.1589353e-05)
(1.000001248 0.0008626649008 -8.06484951e-05)
(1.000064553 0.001308018019 -0.0001498990379)
(1.000258514 0.001942250037 -0.0002703581866)
(1.00070591 0.002727780061 -0.0004497753435)
(1.001652151 0.003562964587 -0.0007023444374)
(1.003149225 0.003664792626 -0.0008135475247)
(1.004639763 0.002703860788 -0.0006541685316)
(1.005499144 0.001047939097 -0.0003253632714)
(1.00553474 -0.0007199767656 5.387686686e-05)
(1.004841645 -0.002279497322 0.000395307298)
(1.003605901 -0.003235043771 0.0006770479641)
(1.002134798 -0.003442143332 0.0007854622794)
(1.000838973 -0.002689759776 0.0005831888393)
(1.000326714 -0.001776021405 0.0003063649629)
(1.000292058 -0.001229957588 0.0001515850931)
(1.000293774 -0.0008960768923 7.424243455e-05)
(1.000265482 -0.000617267835 1.814112215e-05)
(1.000254984 -0.0004147731536 -1.84551845e-05)
(1.000264681 -0.0002785184471 -4.13226027e-05)
(1.000274777 -0.0001909295181 -5.402837414e-05)
(1.000280395 -0.0001250263212 -6.463949539e-05)
(1.000283295 -8.22129173e-05 -7.206943454e-05)
(1.000286081 -4.58390067e-05 -7.837873041e-05)
(1.000288533 -2.014257246e-05 -8.354361547e-05)
(1.000290282 -2.229743924e-06 -8.762811114e-05)
(1.00029193 1.099543435e-05 -9.115431268e-05)
(1.000292571 2.064951143e-05 -9.375078667e-05)
(1.000296961 2.76172924e-05 -9.651797571e-05)
(1.00000196 5.585788852e-05 -2.102655352e-06)
(1.000011668 0.0001715794923 -6.767902501e-06)
(1.000036534 0.0003109515893 -1.430168254e-05)
(1.000083896 0.0004932483453 -2.752934804e-05)
(1.000169839 0.0007388036929 -5.067440481e-05)
(1.000323202 0.001064378619 -8.898325085e-05)
(1.00059605 0.001478518909 -0.0001495364528)
(1.001055653 0.001934542203 -0.000232138512)
(1.001785391 0.002327895531 -0.0003301306922)
(1.002772945 0.002328785562 -0.0003763352818)
(1.003739642 0.001729145372 -0.0003145976043)
(1.004329885 0.0006820848822 -0.000177336134)
(1.004372823 -0.0004663222193 -1.587725403e-05)
(1.003915005 -0.001482666026 0.0001262150335)
(1.003079243 -0.002167049969 0.0002190893087)
(1.0020826 -0.002360408019 0.00022100019)
(1.001212479 -0.002012993459 0.0001341828123)
(1.000701823 -0.001442802277 2.052109615e-05)
(1.000522515 -0.001033529883 -4.007836192e-05)
(1.000427657 -0.0007745411974 -6.257204756e-05)
(1.000337945 -0.0005682746743 -7.51547396e-05)
(1.000277197 -0.0004068966183 -8.312369852e-05)
(1.000249795 -0.0002976263588 -8.564155421e-05)
(1.000235301 -0.0002223767604 -8.410366406e-05)
(1.00022476 -0.0001708702521 -8.086762931e-05)
(1.000216665 -0.0001327863992 -7.689818145e-05)
(1.000211731 -0.0001076118567 -7.275638889e-05)
(1.000208509 -8.84265566e-05 -6.810291801e-05)
(1.000206672 -7.701713214e-05 -6.425334946e-05)
(1.000204985 -6.735875463e-05 -5.941902485e-05)
(1.000203654 -6.307512711e-05 -5.635946605e-05)
(1.000204287 -5.913586611e-05 -5.173987186e-05)
(1.000004115 4.75636383e-05 -1.481990371e-06)
(1.000022798 0.0001454555609 -4.729337465e-06)
(1.000069396 0.0002600311361 -9.700852946e-06)
(1.000150589 0.0004038399248 -1.796929996e-05)
(1.000279369 0.0005873058711 -3.158109842e-05)
(1.000477473 0.000814960707 -5.279553581e-05)
(1.000775769 0.001080100901 -8.377640513e-05)
(1.001206243 0.001343624728 -0.0001229591658)
(1.001789139 0.001529794796 -0.0001641324196)
(1.002489689 0.001488089026 -0.0001845081586)
(1.003150532 0.001111009178 -0.0001582581365)
(1.003572812 0.000451075296 -9.214003542e-05)
(1.003621597 -0.0002729868815 -8.144407833e-06)
(1.003317721 -0.0009084490594 6.585796942e-05)
(1.002751494 -0.001333328008 0.0001170079623)
(1.002052466 -0.001467613585 0.0001341777144)
(1.001395823 -0.001305644315 0.0001130044847)
(1.000920505 -0.0009886743829 6.604846944e-05)
(1.000664248 -0.0007246837807 2.957857257e-05)
(1.000508471 -0.0005454560656 9.229416133e-06)
(1.000381308 -0.0003978669197 -5.81928842e-06)
(1.000289712 -0.000276395931 -1.745385972e-05)
(1.000234876 -0.0001886872233 -2.516426683e-05)
(1.000200123 -0.0001282780917 -2.943904131e-05)
(1.00017495 -8.546036061e-05 -3.245819187e-05)
(1.000156797 -5.507137445e-05 -3.501686981e-05)
(1.000144409 -3.358601559e-05 -3.716332274e-05)
(1.000135978 -1.864918035e-05 -3.906313315e-05)
(1.000130166 -8.510552525e-06 -4.072597338e-05)
(1.000125903 -1.441404661e-06 -4.235165762e-05)
(1.000122871 3.266863517e-06 -4.387669643e-05)
(1.000119741 5.838238365e-06 -4.584346182e-05)
(1.000005451 3.601481788e-05 -1.051710405e-06)
(1.000030257 0.0001098209228 -3.331669856e-06)
(1.000091217 0.0001944014383 -6.644483348e-06)
(1.000193525 0.0002973308057 -1.186761252e-05)
(1.000346487 0.0004234714239 -2.000293184e-05)
(1.000565132 0.0005724240897 -3.199868784e-05)
(1.000866661 0.0007349138177 -4.839571844e-05)
(1.001262835 0.0008833668716 -6.788754176e-05)
(1.00174907 0.0009708138465 -8.65565908e-05)
(1.002282712 0.0009245673167 -9.524965409e-05)
(1.002768064 0.0006903874938 -8.284002402e-05)
(1.003082344 0.0002775078993 -4.968076047e-05)
(1.003127001 -0.0001633703253 -9.482090238e-06)
(1.002911349 -0.0005621584171 2.643976682e-05)
(1.002490565 -0.00083548069 4.964733425e-05)
(1.001967648 -0.0009435735633 5.500471497e-05)
(1.001436711 -0.0008858130243 4.025817071e-05)
(1.001015533 -0.0007227953674 1.274430253e-05)
(1.000736979 -0.0005609709747 -9.893873639e-06)
(1.00054748 -0.000437129665 -2.253269098e-05)
(1.000399853 -0.0003344715621 -3.050091024e-05)
(1.00028869 -0.0002476546755 -3.606314255e-05)
(1.000215962 -0.0001840504235 -3.92129081e-05)
(1.000165906 -0.0001383552131 -4.042953178e-05)
(1.000131356 -0.0001067307637 -4.097458203e-05)
(1.000105222 -8.252796136e-05 -4.102826302e-05)
(1.000088632 -6.6516692e-05 -4.069064333e-05)
(1.000075692 -5.383733193e-05 -3.979166116e-05)
(1.000068255 -4.652960169e-05 -3.899440152e-05)
(1.000060917 -4.002074291e-05 -3.776912815e-05)
(1.000057473 -3.703419143e-05 -3.690010317e-05)
(1.00005181 -3.416962468e-05 -3.533234272e-05)
(1.000006257 2.237645084e-05 -7.855019589e-07)
(1.000034761 6.810870242e-05 -2.471459592e-06)
(1.000104263 0.0001197944603 -4.810568282e-06)
(1.000218598 0.0001814099494 -8.319874082e-06)
(1.000384151 0.0002549609124 -1.351876881e-05)
(1.000611303 0.0003389458886 -2.080102417e-05)
(1.00090913 0.0004267652717 -3.021293413e-05)
(1.001279622 0.0005020074274 -4.077372095e-05)
(1.001706221 0.0005412502346 -5.022484414e-05)
(1.002151367 0.0005087319541 -5.433728708e-05)
(1.002547793 0.0003748362817 -4.77807825e-05)
(1.002789273 0.0001504052534 -3.059780964e-05)
(1.002825129 -8.521478163e-05 -1.026766703e-05)
(1.002662537 -0.0003037887486 9.33198275e-06)
(1.002328982 -0.0004541665717 2.223309045e-05)
(1.001901842 -0.0005163924763 2.578158627e-05)
(1.001455618 -0.0004912210619 1.974769887e-05)
(1.00107326 -0.0004067370127 7.658281297e-06)
(1.000788207 -0.0003150066868 -3.362403433e-06)
(1.000578206 -0.0002404820228 -1.049315684e-05)
(1.00041611 -0.0001788339995 -1.54791798e-05)
(1.000292669 -0.0001265675198 -1.943681723e-05)
(1.00020758 -8.757932607e-05 -2.203112482e-05)
(1.000147009 -5.797355938e-05 -2.363727655e-05)
(1.000105439 -3.772690771e-05 -2.466382021e-05)
(1.000073451 -2.201841648e-05 -2.544704804e-05)
(1.000052939 -1.207697505e-05 -2.593359457e-05)
(1.000036498 -3.997970906e-06 -2.636593586e-05)
(1.000026791 8.424726012e-07 -2.66618823e-05)
(1.000017202 4.484909985e-06 -2.712844479e-05)
(1.000012665 6.425605701e-06 -2.740140856e-05)
(1.000004428 7.47962242e-06 -2.792514367e-05)
(1.000006633 7.581617935e-06 -6.59228875e-07)
(1.000036863 2.305596765e-05 -2.065226188e-06)
(1.000110309 4.042484923e-05 -3.957944341e-06)
(1.000230054 6.092068719e-05 -6.702943039e-06)
(1.000400868 8.506194158e-05 -1.062814012e-05)
(1.000630976 0.0001122031363 -1.593879994e-05)
(1.00092518 0.0001400877017 -2.253300794e-05)
(1.001283741 0.0001629083814 -2.964461447e-05)
(1.00167828 0.0001749812375 -3.569659911e-05)
(1.002100769 0.0001605483558 -3.799911668e-05)
(1.002434924 0.0001245851208 -3.461830218e-05)
(1.002681423 3.280248782e-05 -1.989372072e-05)
(1.002685491 -2.768617765e-05 -9.371085691e-06)
(1.002542718 -9.624667319e-05 3.185003723e-06)
(1.002248799 -0.000144190307 1.161455241e-05)
(1.001864004 -0.000164843297 1.367235381e-05)
(1.001455753 -0.0001592247948 9.454170093e-06)
(1.001090076 -0.000135889613 1.021426168e-06)
(1.000804519 -0.0001095358786 -7.550368043e-06)
(1.000585643 -8.772479888e-05 -1.39970928e-05)
(1.000417745 -6.980874671e-05 -1.855772857e-05)
(1.000289429 -5.460560275e-05 -2.19488424e-05)
(1.00019926 -4.326259329e-05 -2.41268761e-05)
(1.000132945 -3.525763425e-05 -2.581986468e-05)
(1.000088303 -2.90167996e-05 -2.662137779e-05)
(1.000053659 -2.501621653e-05 -2.689532571e-05)
(1.000032237 -2.254713129e-05 -2.6958809e-05)
(1.000014145 -2.087274997e-05 -2.697758057e-05)
(1.000004082 -1.985438786e-05 -2.690244512e-05)
(0.9999936739 -1.918784226e-05 -2.682413454e-05)
(0.9999889386 -1.886708395e-05 -2.675892335e-05)
(0.9999801417 -1.869483752e-05 -2.660523246e-05)
(1.000006593 -7.592064914e-06 -1.715346962e-07)
(1.00003664 -2.309382839e-05 -5.561642448e-07)
(1.000109656 -4.053041084e-05 -1.091156586e-06)
(1.000228743 -6.117207865e-05 -1.895522684e-06)
(1.000398725 -8.558170968e-05 -3.076410985e-06)
(1.000627922 -0.000113173945 -4.703018125e-06)
(1.000921337 -0.0001417218639 -6.744081879e-06)
(1.001279529 -0.0001653732265 -8.948618955e-06)
(1.001674482 -0.0001783020456 -1.079307344e-05)
(1.002098346 -0.000164299522 -1.136314469e-05)
(1.002434242 -0.0001279552108 -1.002236652e-05)
(1.002682667 -3.432184159e-05 -4.730148537e-06)
(1.002686747 2.73771985e-05 -9.836838841e-07)
(1.002542637 9.724291763e-05 3.5082862e-06)
(1.002246471 0.0001459863197 6.564183016e-06)
(1.001859543 0.0001667360312 7.42542964e-06)
(1.001449535 0.0001605150367 6.121365243e-06)
(1.001083731 0.0001361786485 3.374476135e-06)
(1.000799478 0.0001092065545 5.664606426e-07)
(1.000582662 8.731414686e-05 -1.65964965e-06)
(1.000416169 6.941470576e-05 -3.34586737e-06)
(1.000289073 5.416092318e-05 -4.627070953e-06)
(1.00019972 4.304188366e-05 -5.433637646e-06)
(1.000134249 3.416708874e-05 -6.092267463e-06)
(1.000090335 2.848196508e-05 -6.388608261e-06)
(1.000056166 2.479207518e-05 -6.639514572e-06)
(1.000034973 2.231019808e-05 -6.734183661e-06)
(1.000017158 2.056211018e-05 -6.914685224e-06)
(1.000007268 1.944266702e-05 -7.039477639e-06)
(0.999997033 1.859201517e-05 -7.137293456e-06)
(0.9999924862 1.807109025e-05 -7.186235698e-06)
(0.9999839021 1.755512583e-05 -7.279027691e-06)
(1.000006209 -2.241017768e-05 -2.126905764e-07)
(1.000034494 -6.823076952e-05 -6.933598136e-07)
(1.000103472 -0.000120136464 -1.379234967e-06)
(1.000216988 -0.0001822278933 -2.441409364e-06)
(1.000381471 -0.0002566763945 -4.052247054e-06)
(1.000607402 -0.0003421663389 -6.345385816e-06)
(1.000904141 -0.0004322713717 -9.341586207e-06)
(1.00127408 -0.0005104851687 -1.272010447e-05)
(1.001701476 -0.0005528802992 -1.572814428e-05)
(1.002148638 -0.0005222732418 -1.693629688e-05)
(1.002548415 -0.0003866789109 -1.444806462e-05)
(1.00279234 -0.0001575085658 -8.346962111e-06)
(1.002828693 8.414132839e-05 -1.100461222e-06)
(1.002664213 0.0003074132339 5.903256128e-06)
(1.002327449 0.0004604752136 1.05752468e-05)
(1.001897082 0.0005226128784 1.203639874e-05)
(1.00144811 0.0004939958875 1.01607899e-05)
(1.00106586 0.0004041333754 6.30705469e-06)
(1.000782426 0.0003082351219 2.871216518e-06)
(1.000575241 0.0002321746326 5.277586354e-07)
(1.000414669 0.0001697235011 -1.223605435e-06)
(1.00029226 0.0001167199839 -2.656136657e-06)
(1.000208255 7.765580487e-05 -3.672255398e-06)
(1.000148803 4.696186774e-05 -4.408568349e-06)
(1.000107405 2.798794546e-05 -4.950676456e-06)
(1.000075709 1.218167355e-05 -5.35725883e-06)
(1.000055465 2.806262373e-06 -5.496534657e-06)
(1.000039225 -5.266068845e-06 -5.550900073e-06)
(1.000029769 -9.371598774e-06 -5.514610004e-06)
(1.000020323 -1.279467059e-05 -5.397048221e-06)
(1.000015846 -1.435805619e-05 -5.186352365e-06)
(1.00000823 -1.479579088e-05 -4.963997219e-06)
(1.000005385 -3.607833929e-05 -2.997768814e-07)
(1.000029889 -0.0001100501691 -9.855572019e-07)
(1.000090113 -0.0001950511857 -2.002403903e-06)
(1.000191223 -0.0002989086045 -3.645866553e-06)
(1.00034253 -0.0004268572902 -6.253589865e-06)
(1.000559154 -0.0005789557944 -1.015080104e-05)
(1.000858725 -0.0007464959359 -1.553317804e-05)
(1.001253827 -0.0009018291601 -2.198157554e-05)
(1.001741368 -0.0009973370778 -2.821820905e-05)
(1.002280408 -0.0009558651935 -3.107583233e-05)
(1.002772534 -0.0007177502892 -2.651772456e-05)
(1.003091529 -0.0002950608008 -1.471678865e-05)
(1.00313675 0.0001606262779 -2.125920269e-07)
(1.002917251 0.0005714617291 1.248683184e-05)
(1.00249045 0.000852889327 2.068893133e-05)
(1.001960387 0.0009634256001 2.264900667e-05)
(1.001423652 0.0009016278709 1.723054484e-05)
(1.001001537 0.0007297866575 7.445352549e-06)
(1.000727283 0.0005613374916 -4.105616803e-07)
(1.000542526 0.0004347210707 -5.842982597e-06)
(1.000397568 0.0003305954285 -8.927562618e-06)
(1.000287544 0.0002421238366 -1.114808308e-05)
(1.000216428 0.0001778714356 -1.187547716e-05)
(1.000167286 0.0001314296515 -1.243483496e-05)
(1.000133603 9.941179781e-05 -1.289542932e-05)
(1.000107891 7.412173628e-05 -1.336336633e-05)
(1.000091996 5.746266641e-05 -1.374159095e-05)
(1.000079471 4.369236128e-05 -1.42076872e-05)
(1.000072392 3.565678111e-05 -1.460154724e-05)
(1.000065305 2.777422464e-05 -1.52601264e-05)
(1.000062241 2.400473598e-05 -1.582964264e-05)
(1.0000557 1.984949083e-05 -1.652489061e-05)
(1.000004018 -4.766528896e-05 -4.414694429e-07)
(1.000022254 -0.0001458240719 -1.464290359e-06)
(1.000067728 -0.0002610963579 -3.049460822e-06)
(1.000146993 -0.0004064903206 -5.733810937e-06)
(1.000272929 -0.0005932133018 -1.021604969e-05)
(1.000467222 -0.0008268305974 -1.72794271e-05)
(1.000761437 -0.001102378543 -2.770452265e-05)
(1.001188982 -0.001381262155 -4.103797605e-05)
(1.001774237 -0.001588309149 -5.535999949e-05)
(1.00248696 -0.001557403924 -6.269341695e-05)
(1.003163309 -0.001169057893 -5.320213871e-05)
(1.003596014 -0.0004881982232 -3.019211082e-05)
(1.003646042 0.0002632122239 9.900009002e-07)
(1.003335932 0.0009178561394 2.766858636e-05)
(1.002757293 0.001355592323 4.675328532e-05)
(1.002047567 0.001481548333 5.44418738e-05)
(1.00138104 0.001297572443 4.860926547e-05)
(1.000900264 0.0009538409065 3.461128462e-05)
(1.00065045 0.000678581161 2.397612318e-05)
(1.000501672 0.0004972325232 1.644278362e-05)
(1.000377853 0.0003483213335 9.811127319e-06)
(1.000287863 0.0002256042348 4.377965575e-06)
(1.000234596 0.000138550578 6.891827678e-07)
(1.000200706 7.992559284e-05 -1.011429114e-06)
(1.000176094 4.025766912e-05 -1.627514465e-06)
(1.000157963 1.221815888e-05 -1.594282788e-06)
(1.000145843 -6.23557122e-06 -1.137032071e-06)
(1.000137554 -1.792179088e-05 -4.845748612e-07)
(1.000131997 -2.536185131e-05 4.175693746e-07)
(1.00012804 -3.006542557e-05 1.495862544e-06)
(1.000123609 -3.170992222e-05 2.504594268e-06)
(1.000123875 -3.20466167e-05 3.455102447e-06)
(1.000001752 -5.599312898e-05 -6.469381177e-07)
(1.000010821 -0.0001721050646 -2.169671789e-06)
(1.000033923 -0.0003125459421 -4.641067289e-06)
(1.000078044 -0.0004973630931 -9.034674467e-06)
(1.000158834 -0.0007485017597 -1.681327649e-05)
(1.000304457 -0.001085005661 -2.980590355e-05)
(1.000567837 -0.001520491385 -5.05990341e-05)
(1.001017983 -0.002011088699 -7.958254177e-05)
(1.001752726 -0.002463646576 -0.0001154988395)
(1.002771001 -0.002493317173 -0.0001323064071)
(1.003771564 -0.001855822976 -0.0001089029942)
(1.004375133 -0.0007623459981 -6.197839066e-05)
(1.004415171 0.0004868307006 -4.597655457e-06)
(1.003952006 0.001546949201 4.158622467e-05)
(1.003082802 0.002303458647 7.295455733e-05)
(1.002041427 0.002525708581 6.682097599e-05)
(1.001167311 0.002141485891 3.01964124e-05)
(1.00066329 0.001500482896 -1.755102555e-05)
(1.00050154 0.001052033684 -3.711483039e-05)
(1.000418595 0.0007831528587 -4.281410083e-05)
(1.000333858 0.0005675711094 -4.492542192e-05)
(1.00027656 0.000395784146 -4.642832656e-05)
(1.000252709 0.000277481927 -4.789800192e-05)
(1.000240747 0.000193083473 -4.997082853e-05)
(1.000231462 0.0001346973939 -5.229011391e-05)
(1.000224055 8.830237212e-05 -5.435325302e-05)
(1.000220146 5.748303829e-05 -5.643312031e-05)
(1.000217311 3.131556384e-05 -5.875305523e-05)
(1.000215522 1.547061863e-05 -6.102103452e-05)
(1.000213393 2.29188059e-07 -6.337020002e-05)
(1.000212472 -7.563693245e-06 -6.538103868e-05)
(1.000208383 -1.690319168e-05 -6.696770849e-05)
(0.9999995493 -5.978010519e-05 -9.023766256e-07)
(0.999995139 -0.0001847239143 -3.117790881e-06)
(0.9999864639 -0.0003416156462 -6.892105973e-06)
(0.9999773779 -0.0005593955745 -1.393368672e-05)
(0.9999820379 -0.0008777646793 -2.729019075e-05)
(1.000028914 -0.001342517908 -5.114688089e-05)
(1.00019994 -0.002022500099 -9.3315414e-05)
(1.000613949 -0.00289210986 -0.0001579930815)
(1.001568189 -0.003887859241 -0.0002571052422)
(1.003151202 -0.004036559703 -0.0003022435704)
(1.004731839 -0.003068903133 -0.0002381960375)
(1.005633087 -0.001361854283 -0.0001118982182)
(1.005668661 0.0005112613675 4.116567396e-05)
(1.004951526 0.002121444134 0.0001672938866)
(1.003711548 0.003094347425 0.0002934776097)
(1.002126251 0.003285580333 0.0003632996597)
(1.000729094 0.002496088122 0.0002903312202)
(1.000227957 0.001495913259 0.0001989202797)
(1.000241939 0.0009247569112 0.0001327668728)
(1.000268346 0.0005878401859 8.548061175e-05)
(1.000244842 0.0003256263203 5.135516353e-05)
(1.000239375 0.0001407069078 3.542585651e-05)
(1.00025296 2.926949709e-05 3.22383392e-05)
(1.000264984 -3.648280724e-05 3.167604442e-05)
(1.000270312 -8.217610536e-05 3.247622709e-05)
(1.000274219 -0.0001158737132 3.460635692e-05)
(1.000278159 -0.0001328622251 3.705736013e-05)
(1.000282156 -0.0001440702442 3.970100858e-05)
(1.00028461 -0.0001514110408 4.218130655e-05)
(1.000287917 -0.0001583902882 4.469670933e-05)
(1.000287604 -0.0001607016397 4.699221288e-05)
(1.000301979 -0.0001629871658 4.862158981e-05)
(0.9999955532 -5.762488893e-05 -1.229870143e-06)
(0.999975187 -0.0001791410591 -4.287770145e-06)
(0.9999251498 -0.0003386587923 -9.795927706e-06)
(0.9998403447 -0.0005741625208 -2.068172328e-05)
(0.9997237614 -0.0009522235508 -4.312393018e-05)
(0.9995797416 -0.001566578472 -8.623353393e-05)
(0.9995212647 -0.002617235002 -0.0001753657468)
(0.9997112388 -0.00423215497 -0.0003310359974)
(1.001055039 -0.006560280574 -0.0005957959501)
(1.003640427 -0.006477307687 -0.0006735239881)
(1.006127846 -0.004552212468 -0.0006382617591)
(1.0074532 -0.001571224582 -0.0004884119261)
(1.007417304 0.001885237874 -0.0002846111595)
(1.006203735 0.004791344858 -0.000141719793)
(1.00427653 0.007083486856 -0.0001297927471)
(1.001940594 0.006566614078 -3.758594872e-05)
(0.9999881947 0.00428177029 -0.0002048783939)
(0.9996733995 0.002278178909 -0.0002809501057)
(0.9999755877 0.001479343044 -0.0002649117721)
(1.000151846 0.00099027113 -0.0002663645156)
(1.000222193 0.0005901595732 -0.0002828571441)
(1.000281514 0.000312494753 -0.0003003277495)
(1.00034032 0.0001385172428 -0.0003152390685)
(1.000383528 2.134746705e-05 -0.0003280626619)
(1.00040525 -5.9469751e-05 -0.0003381891969)
(1.000420987 -0.0001201670778 -0.000346393334)
(1.000429674 -0.0001609439859 -0.0003532330707)
(1.000435328 -0.0001954765692 -0.0003588997778)
(1.000438924 -0.0002170683686 -0.0003637177158)
(1.000441396 -0.0002384917729 -0.0003681360529)
(1.000442512 -0.0002498596857 -0.0003714786418)
(1.0004426 -0.0002653201956 -0.0003739847042)
(0.9999915507 -4.846860252e-05 -1.57252304e-06)
(0.9999528245 -0.0001518120621 -5.502050783e-06)
(0.999854399 -0.0002933172336 -1.323588251e-05)
(0.9996708538 -0.0005176031057 -2.858258981e-05)
(0.9993724536 -0.0009136828988 -6.572849294e-05)
(0.9988819337 -0.001659065435 -0.0001393149436)
(0.9982515099 -0.003230212069 -0.0003256689548)
(0.9976455208 -0.006227831803 -0.0007931721906)
(1.000009225 -0.01185088937 -0.001582059929)
(1.004053081 -0.01205507161 -0.002750866482)
(1.008522551 -0.009884522117 -0.001847565234)
(1.010989784 -0.005855123491 -0.001471048962)
(1.011178208 -0.001228828247 -0.0009503290707)
(1.009849862 0.003002616072 -0.0001819201162)
(1.006892953 0.005948578544 0.0005902644007)
(1.000522101 0.009322737968 0.00175802066)
(0.997703433 0.004351465056 0.0008990836258)
(0.99829362 0.001170928915 0.0002724991321)
(0.9993311346 6.576807699e-05 -0.0001848311462)
(0.999702031 -0.0004365409375 -0.0002995865398)
(0.9998766779 -0.000726847887 -0.0003284185234)
(1.000036455 -0.0008761222578 -0.0003291450915)
(1.000175033 -0.0009631828125 -0.0003240206714)
(1.000259774 -0.001016764409 -0.0003164307062)
(1.000310259 -0.001051569654 -0.0003096038861)
(1.000346365 -0.001076903638 -0.0003045543427)
(1.000370995 -0.001094097475 -0.0003011033888)
(1.000389196 -0.001107651483 -0.000298427718)
(1.00040126 -0.001117463741 -0.0002967376592)
(1.000411655 -0.001126979604 -0.0002950854103)
(1.000415541 -0.001132438533 -0.0002944976859)
(1.00044667 -0.001139818046 -0.00029352129)
(0.999987893 -3.251216386e-05 -1.832738409e-06)
(0.9999327487 -0.0001020777449 -6.713075356e-06)
(0.9997865836 -0.0002025589515 -1.596987542e-05)
(0.9995016133 -0.0003627273131 -3.789049987e-05)
(0.9989549676 -0.0007104375787 -8.610744118e-05)
(0.997926978 -0.001292940544 -0.000215912084)
(0.9958365727 -0.003583504891 -0.0005586735289)
(0.9947544602 -0.006962770475 -0.001034424977)
(0.9946391954 -0.01704738773 -0.004322936131)
(1.003261734 -0.02146787645 -0.006709685242)
(1.01113199 -0.01711446341 -0.008487009628)
(1.015185446 -0.008648356289 -0.005872886193)
(1.015613467 0.0005552934794 -0.002362056803)
(1.013626569 0.008969346659 0.0006617317598)
(1.008517021 0.01533395687 0.002910524332)
(1.000416707 0.01643124789 0.004479995265)
(0.9940231027 0.007463502068 0.001666673817)
(0.9953066689 0.001509750133 0.001398174187)
(0.9988570174 -0.0007932198822 0.001099621206)
(0.9993495556 -0.002131794755 0.0006220533876)
(0.9995820814 -0.002767975512 0.00036772331)
(0.9997407591 -0.003114660303 0.0001990737464)
(0.9998093156 -0.003283926418 9.197820524e-05)
(0.99981863 -0.003381011102 2.062689613e-05)
(0.9998016985 -0.003439673286 -2.128475727e-05)
(0.9997727976 -0.003477438378 -5.023786959e-05)
(0.9997361507 -0.003502176014 -7.187184328e-05)
(0.9996943539 -0.003518182219 -8.849041969e-05)
(0.9996491139 -0.003527432878 -0.0001020656579)
(0.9996019827 -0.003532019263 -0.0001134941785)
(0.9995544295 -0.003532718818 -0.0001222777434)
(0.9994939754 -0.00353188979 -0.0001322174161)
(0.9999857341 -1.102303555e-05 -2.012870647e-06)
(0.9999204847 -3.59057521e-05 -7.459722625e-06)
(0.9997454562 -7.095507578e-05 -1.762086431e-05)
(0.9993861073 -0.0001348294708 -4.502148571e-05)
(0.9986578574 -0.0002507816993 -9.695228778e-05)
(0.9970578928 -0.0005911320105 -0.000312895595)
(0.9948340214 -0.001220676579 -0.0003407284429)
(0.9873994663 -0.006917736063 -0.004496880752)
(0.9808392828 -0.04154559574 -0.02818689092)
(1.001526405 -0.04413662232 -0.02898661943)
(1.014062867 -0.0311656279 -0.02719725739)
(1.0192687 -0.01850331362 -0.0096073085)
(1.020981846 -0.009935182587 0.004352658553)
(1.019073295 -0.001638640658 0.01723564893)
(1.012275186 0.01469866031 0.02646071377)
(0.9899960736 0.03439166323 0.04518474083)
(0.9782142062 0.006657280442 0.01666570567)
(0.989247857 -0.00413610625 0.00878892366)
(0.9707614077 0.001636920177 -0.00125670262)
(0.9726397983 0.001068244619 -0.000697891518)
(0.9736533179 0.0007548536664 -0.0003805058563)
(0.9741856245 0.0005853594851 -0.0002039203317)
(0.9744773718 0.0004813449391 -0.0001129263434)
(0.974653553 0.0004115414957 -6.752845625e-05)
(0.9747712743 0.0003677177183 -4.705290831e-05)
(0.974858141 0.0003364165309 -3.623539099e-05)
(0.9749263562 0.0003128020334 -3.043623283e-05)
(0.9749829839 0.0002939943221 -2.754591015e-05)
(0.9750315996 0.0002794542725 -2.677135667e-05)
(0.9750754563 0.0002638731462 -2.771205219e-05)
(0.9751157048 0.0002575573856 -2.719017879e-05)
(0.9751852189 0.0002351919243 -3.439300293e-05)
(0.9999857416 1.140795622e-05 -2.034535358e-06)
(0.9999205074 3.709314186e-05 -7.527213303e-06)
(0.9997456498 7.307954448e-05 -1.778012602e-05)
(0.9993862817 0.0001381724427 -4.530527866e-05)
(0.9986598573 0.0002563110051 -9.785656277e-05)
(0.9970599713 0.0006000635628 -0.0003152418146)
(0.9942817244 0.0008156485786 -0.0006324572937)
(0.9827880016 0.003540041544 -0.006094722826)
(0.9622088323 0.01593201352 -0.06614295639)
(1.013518775 0.002089010533 -0.05540442863)
(1.016696139 -0.001011074723 -0.02615509703)
(1.018304713 -0.002120949694 -0.002199070271)
(1.019228501 -0.003552790867 0.01733670061)
(1.018138967 -0.004529292117 0.03611823585)
(1.01484119 -0.006556558224 0.05958461217)
(1.005466871 -0.01057287503 0.0851336606)
(0.9644041874 -0.002012883398 0.02207509932)
(0.9868860137 0.002444580031 0.01513239929)
(0.9821857381 -0.008916351581 0.00721912083)
(0.9836940591 -0.008016573892 0.006104815061)
(0.9846285485 -0.00740716961 0.005382235559)
(0.9852342345 -0.006978135674 0.004904346734)
(0.985645138 -0.006662196194 0.004569840938)
(0.9859527557 -0.006425814215 0.004326034406)
(0.9862027575 -0.006242185884 0.004146552135)
(0.9864216695 -0.006092481711 0.004010433744)
(0.9866211148 -0.005965540591 0.003904279691)
(0.9868088084 -0.005855393491 0.003817059523)
(0.9869830963 -0.005758630263 0.00374496926)
(0.9871665292 -0.005671917354 0.003683822625)
(0.987306728 -0.005595523099 0.003635459574)
(0.987542634 -0.005522693081 0.003588084981)
(0.9999879121 3.287758121e-05 -1.893936302e-06)
(0.9999328573 0.0001031918317 -6.904994833e-06)
(0.9997869454 0.00020450318 -1.641587935e-05)
(0.9995025995 0.0003657940785 -3.872617581e-05)
(0.9989575362 0.0007145029673 -8.851213297e-05)
(0.997935153 0.001300728325 -0.0002217121354)
(0.9958661921 0.003581355916 -0.0005842897255)
(0.9923035705 0.007556469536 -0.002696670087)
(0.9896244806 0.02332138521 -0.01401348511)
(1.004225386 0.02985997174 -0.01869685702)
(1.01539375 0.02058995677 -0.01411321132)
(1.019765889 0.00819666602 -0.006645319575)
(1.019868906 -0.005851667132 0.002626468815)
(1.017335889 -0.0193991256 0.01107537175)
(1.010382027 -0.03189268838 0.01615510674)
(0.9985922267 -0.03486512951 0.01833946915)
(0.9905107072 -0.01236559588 0.006116147321)
(0.9967912961 -0.001153594518 -0.001331513809)
(0.9991992125 -6.960485889e-05 -0.001450370235)
(0.9997926112 0.0005000480924 -0.001248251959)
(1.000136337 0.0008439881697 -0.00105272637)
(1.000359452 0.0009610495001 -0.0009012472345)
(1.000486765 0.001016723848 -0.0007703959083)
(1.000553188 0.001039811857 -0.0006651440213)
(1.000590189 0.001045179831 -0.0005815329146)
(1.000612317 0.001040942689 -0.0005145076405)
(1.000625187 0.001031538361 -0.0004598961709)
(1.000631998 0.001019838196 -0.0004145771296)
(1.000634913 0.001006655143 -0.0003767920421)
(1.000635678 0.0009939489513 -0.0003432690092)
(1.000634375 0.0009800139177 -0.0003176693124)
(1.000619174 0.0009661388998 -0.0002818468138)
(0.999991577 4.879275458e-05 -1.661776232e-06)
(0.9999529741 0.0001527948903 -5.795327105e-06)
(0.9998548715 0.0002949901532 -1.385433064e-05)
(0.9996720446 0.0005200731726 -2.98115857e-05)
(0.999374986 0.0009166854636 -6.840544113e-05)
(0.998887967 0.001662935481 -0.0001451456697)
(0.9982646782 0.003226977495 -0.0003422092277)
(0.9976836606 0.006215991349 -0.0008262542505)
(1.000057937 0.01168343744 -0.001706656793)
(1.00256475 0.0132441499 -0.003650680585)
(1.008076703 0.01046078034 -0.001886560324)
(1.011054357 0.004445459105 0.000836871891)
(1.011399157 -0.002209752453 0.003434670154)
(1.009725973 -0.008342707706 0.006187901996)
(1.006072219 -0.01291620738 0.007457909784)
(1.000641274 -0.009798070703 0.001484741113)
(0.9976553917 -0.004189794272 0.0003975539247)
(0.9981958838 -0.002452625907 -0.0001377353646)
(0.9992724481 -0.001331806022 -0.0004488953026)
(0.9997268555 -0.0007062893945 -0.000663960597)
(0.9999311425 -0.0003628890481 -0.0008418301914)
(1.000089495 -0.0001916433621 -0.0009884617657)
(1.000219091 -8.980749788e-05 -0.001103580967)
(1.00029724 -3.062013133e-05 -0.001185780758)
(1.000346995 7.072156322e-06 -0.001251595794)
(1.000382933 3.054721379e-05 -0.001302702255)
(1.000408025 4.532272251e-05 -0.001343658633)
(1.00042371 5.555007112e-05 -0.001376785329)
(1.000434469 6.315486551e-05 -0.001404122379)
(1.000442523 6.939877713e-05 -0.001426971965)
(1.000448489 7.430592924e-05 -0.001445938883)
(1.000455375 7.975395192e-05 -0.001460137923)
(0.9999955816 5.789908025e-05 -1.337780975e-06)
(0.999975347 0.0001799669365 -4.636074324e-06)
(0.9999256347 0.0003400324459 -1.050649138e-05)
(0.999841484 0.0005760736189 -2.198659568e-05)
(0.9997258752 0.0009544246422 -4.56658404e-05)
(0.9995841524 0.001568779121 -9.086207101e-05)
(0.9995277295 0.002616403323 -0.0001855952325)
(0.9997280504 0.004226682899 -0.0003493239646)
(1.0010654 0.006514491125 -0.0006424928152)
(1.003651784 0.006431409311 -0.0007359962525)
(1.006138315 0.004501681337 -0.000712544316)
(1.007465571 0.001528506316 -0.0005742216677)
(1.007423232 -0.001952987856 -0.0003785869349)
(1.006227754 -0.004811597193 -0.0002440047022)
(1.004304263 -0.007162755776 -0.0002498671792)
(1.001965172 -0.006678473793 -0.0001902416905)
(0.9999914478 -0.004388275231 -0.0003112799016)
(0.9997210484 -0.002531932754 -0.0004967864525)
(1.000027825 -0.001657953761 -0.0005894934016)
(1.000189099 -0.001177533262 -0.0005946183653)
(1.000238242 -0.0008083990307 -0.0005881016095)
(1.000292861 -0.0005705250233 -0.0005698476928)
(1.000353656 -0.0004229546408 -0.0005423734077)
(1.000393582 -0.0003326395488 -0.0005145410746)
(1.000414128 -0.0002672693894 -0.0004911806693)
(1.000432402 -0.0002263912228 -0.0004689184197)
(1.000442279 -0.0002005276524 -0.0004499293048)
(1.000447995 -0.0001831914605 -0.0004335370717)
(1.000451268 -0.0001722798955 -0.0004200734965)
(1.000453166 -0.0001650493899 -0.0004065045742)
(1.000453114 -0.0001618142689 -0.0003973684874)
(1.000438651 -0.0001605493476 -0.0003848361476)
(0.9999995639 6.000424112e-05 -1.0181146e-06)
(0.9999952893 0.0001853927156 -3.489112418e-06)
(0.9999869215 0.000342707594 -7.617586103e-06)
(0.9999783734 0.0005608649402 -1.520989098e-05)
(0.9999838376 0.0008794103563 -2.952441842e-05)
(1.000032006 0.001344077425 -5.494356478e-05)
(1.000204583 0.002022605301 -0.0001002224047)
(1.000621355 0.002890139504 -0.0001693247513)
(1.001577088 0.003875901333 -0.0002783062039)
(1.003158305 0.004019086153 -0.0003317926221)
(1.004737185 0.003047347669 -0.0002728768635)
(1.005639065 0.001336245833 -0.0001508837427)
(1.005675408 -0.0005405947181 -3.399427474e-06)
(1.004959979 -0.00215488117 0.0001203936431)
(1.003724094 -0.003134630548 0.0002387410565)
(1.002141786 -0.003342444001 0.000296443624)
(1.000742142 -0.002544174137 0.0002150513621)
(1.000241299 -0.001567355836 8.455495754e-05)
(1.00024706 -0.001029861546 1.585935345e-05)
(1.000269399 -0.0007131441884 -1.769610094e-05)
(1.000246171 -0.0004595057634 -4.466259054e-05)
(1.00024424 -0.0002804605901 -6.761557628e-05)
(1.000260352 -0.0001761111629 -8.610062065e-05)
(1.000272353 -0.0001134648029 -0.0001015503319)
(1.000278208 -7.548967064e-05 -0.000115540221)
(1.000282354 -5.305241025e-05 -0.0001284336514)
(1.000285916 -4.146321571e-05 -0.0001395833907)
(1.000289102 -3.593281982e-05 -0.0001500163489)
(1.000291479 -3.44886089e-05 -0.0001593280759)
(1.000293681 -3.626873383e-05 -0.0001687900037)
(1.000294801 -3.923136586e-05 -0.0001759184323)
(1.00029901 -4.660085381e-05 -0.0001860664454)
(1.000001784 5.616924902e-05 -7.647772566e-07)
(1.000010959 0.0001726274502 -2.540995974e-06)
(1.000034332 0.0003133895232 -5.344570893e-06)
(1.000078903 0.0004984734128 -1.022380424e-05)
(1.000160327 0.0007497398069 -1.87604834e-05)
(1.000306814 0.001086146143 -3.290968497e-05)
(1.000571204 0.001520944605 -5.558631168e-05)
(1.001022532 0.002010389665 -8.719638772e-05)
(1.001758025 0.00245970981 -0.0001273417707)
(1.002775938 0.002486968601 -0.0001485269664)
(1.003776056 0.001848480918 -0.000128149196)
(1.004380318 0.0007551501314 -8.411864154e-05)
(1.004420874 -0.0004973186504 -2.978774692e-05)
(1.003960483 -0.001555478459 1.336984714e-05)
(1.003090961 -0.0023156189 4.011436935e-05)
(1.002053012 -0.002543213155 2.762497073e-05)
(1.001175373 -0.002159564627 -1.500582613e-05)
(1.000670729 -0.001529088754 -6.795614042e-05)
(1.000507544 -0.001087139677 -9.596316501e-05)
(1.000422794 -0.0008158214807 -0.0001069186854)
(1.000336914 -0.0005987572771 -0.0001154571677)
(1.000279319 -0.0004309407338 -0.0001207504933)
(1.00025443 -0.0003164437489 -0.0001213514521)
(1.000241917 -0.0002382158891 -0.0001196231774)
(1.000232287 -0.0001831874404 -0.00011673484)
(1.000225093 -0.0001434427149 -0.0001143511077)
(1.000220749 -0.0001158236837 -0.0001112843003)
(1.000218051 -9.617650175e-05 -0.0001073489264)
(1.000216453 -8.287893811e-05 -0.0001036683265)
(1.000214563 -7.297236277e-05 -9.979069663e-05)
(1.000214686 -6.72312942e-05 -9.652235043e-05)
(1.00020554 -6.464171331e-05 -9.251536004e-05)
(1.00000404 4.779622873e-05 -5.565153238e-07)
(1.000022376 0.0001462136663 -1.823771483e-06)
(1.000068092 0.0002617215559 -3.715089109e-06)
(1.000147741 0.0004073033282 -6.823119979e-06)
(1.000274189 0.0005941179261 -1.191716012e-05)
(1.000469121 0.000827673265 -1.985528052e-05)
(1.000764046 0.001102875646 -3.154624445e-05)
(1.001192305 0.001381128327 -4.656729409e-05)
(1.00177807 0.001587014946 -6.315572257e-05)
(1.002490872 0.001555083859 -7.294058632e-05)
(1.003167192 0.001166285236 -6.552233373e-05)
(1.003600229 0.0004853055718 -4.432681502e-05)
(1.003651 -0.0002670405033 -1.543154374e-05)
(1.003341694 -0.000922642439 9.128543954e-06)
(1.002763807 -0.001362141831 2.537014226e-05)
(1.002054534 -0.001490745493 2.923143295e-05)
(1.001387328 -0.001309228953 1.984840559e-05)
(1.000905583 -0.0009686278045 -2.342101837e-07)
(1.000654008 -0.0006953793297 -1.614765842e-05)
(1.000502914 -0.0005148027918 -2.478198779e-05)
(1.000378162 -0.0003674682645 -3.070305868e-05)
(1.000287674 -0.0002461544534 -3.55539827e-05)
(1.000234501 -0.0001610393928 -3.887199838e-05)
(1.000200198 -0.0001031274172 -4.116670914e-05)
(1.000175743 -6.465063838e-05 -4.309041518e-05)
(1.000157405 -3.764588282e-05 -4.520587391e-05)
(1.000145613 -2.09755623e-05 -4.706750344e-05)
(1.000136956 -1.013879956e-05 -4.903606317e-05)
(1.000131645 -4.966045287e-06 -5.07717619e-05)
(1.000126716 -2.555271645e-06 -5.304935881e-05)
(1.00012436 -2.406118109e-06 -5.456587619e-05)
(1.000120894 -4.637810866e-06 -5.710336808e-05)
(1.000005405 3.6168927e-05 -4.106401829e-07)
(1.00003 0.000110319299 -1.329735932e-06)
(1.000090442 0.0001954810895 -2.628879837e-06)
(1.000191886 0.0002994641202 -4.646048728e-06)
(1.000343627 0.0004274761058 -7.764152478e-06)
(1.000560765 0.0005795427244 -1.23538355e-05)
(1.00086089 0.0007469060921 -1.866565091e-05)
(1.001256527 0.0009019123581 -2.629647277e-05)
(1.001744489 0.0009969247875 -3.398147359e-05)
(1.002283758 0.0009549758269 -3.842275343e-05)
(1.002776052 0.0007166042027 -3.536245716e-05)
(1.003095356 0.0002938492586 -2.504076949e-05)
(1.003141115 -0.0001622039648 -1.212846597e-05)
(1.002922172 -0.000573567306 -1.178233066e-06)
(1.00249586 -0.0008558225982 4.924455189e-06)
(1.001965818 -0.0009675535248 4.316569134e-06)
(1.00142889 -0.0009071446424 -3.842979372e-06)
(1.001005709 -0.0007365157663 -1.694421516e-05)
(1.000730185 -0.00056900787 -2.749808933e-05)
(1.000544175 -0.0004425366968 -3.340688169e-05)
(1.000398066 -0.0003378543071 -3.72673899e-05)
(1.00028774 -0.0002494739932 -4.018007097e-05)
(1.000215924 -0.0001851962263 -4.255528807e-05)
(1.000166512 -0.0001392640749 -4.354536601e-05)
(1.000132288 -0.0001075265944 -4.412661675e-05)
(1.000106436 -8.319082058e-05 -4.431546296e-05)
(1.000090177 -6.72034068e-05 -4.424997013e-05)
(1.000077473 -5.459876701e-05 -4.386195704e-05)
(1.000070259 -4.741657318e-05 -4.341936439e-05)
(1.000063005 -4.102399406e-05 -4.267572857e-05)
(1.000060056 -3.788309716e-05 -4.207228665e-05)
(1.000052582 -3.555948796e-05 -4.102404357e-05)
(1.000006228 2.246330547e-05 -3.198020438e-07)
(1.000034597 6.838840391e-05 -1.024382015e-06)
(1.000103776 0.0001203877202 -1.974908541e-06)
(1.000217596 0.0001825517045 -3.376541099e-06)
(1.000382466 0.0002570378263 -5.43396009e-06)
(1.000608845 0.0003425139099 -8.310389851e-06)
(1.000906056 0.0004325356071 -1.20544908e-05)
(1.001276457 0.0005105922446 -1.635157706e-05)
(1.00170423 0.0005527760791 -2.044083782e-05)
(1.002151719 0.0005219423991 -2.283128093e-05)
(1.002551701 0.0003862432265 -2.158236327e-05)
(1.002795974 0.0001569926101 -1.673326097e-05)
(1.002832705 -8.480563812e-05 -1.071944251e-05)
(1.002668611 -0.0003083726023 -5.186945765e-06)
(1.002332134 -0.0004618875483 -2.206365903e-06)
(1.001901659 -0.0005246390263 -2.698344058e-06)
(1.00145265 -0.0004968006148 -6.661020795e-06)
(1.00106911 -0.000407476279 -1.273574456e-05)
(1.000785112 -0.0003122054456 -1.807131639e-05)
(1.000576416 -0.0002360792793 -2.157192634e-05)
(1.00041519 -0.0001736763252 -2.402824318e-05)
(1.000291913 -0.0001206645222 -2.596948453e-05)
(1.000207459 -8.187065176e-05 -2.724232334e-05)
(1.000147515 -5.103316759e-05 -2.804422644e-05)
(1.000105964 -3.173300669e-05 -2.855611483e-05)
(1.000073858 -1.66009253e-05 -2.897572745e-05)
(1.000053637 -6.846653074e-06 -2.924943515e-05)
(1.000036933 3.128885685e-07 -2.95226772e-05)
(1.000027458 4.14282072e-06 -2.974096723e-05)
(1.000017684 7.044910993e-06 -3.014014375e-05)
(1.000013362 8.210789258e-06 -3.039708584e-05)
(1.00000501 8.595810943e-06 -3.088073297e-05)
(1.000006611 7.609565672e-06 -2.76486818e-07)
(1.000036739 2.314573218e-05 -8.797661803e-07)
(1.000109947 4.061307604e-05 -1.670123646e-06)
(1.000229324 6.127851085e-05 -2.796652541e-06)
(1.000399671 8.570064876e-05 -4.393262292e-06)
(1.000629286 0.0001132891488 -6.552205004e-06)
(1.000923139 0.0001418123631 -9.260380192e-06)
(1.001281766 0.0001654164591 -1.22726856e-05)
(1.001677074 0.0001782868209 -1.503871241e-05)
(1.002101319 0.0001642129645 -1.669086355e-05)
(1.002437384 0.0001278483975 -1.633545067e-05)
(1.002686223 3.419651564e-05 -1.257527398e-05)
(1.002690595 -2.756576979e-05 -9.690917235e-06)
(1.002546801 -9.753367669e-05 -6.474979969e-06)
(1.002250826 -0.0001464138335 -4.921759388e-06)
(1.001863817 -0.0001673533788 -5.739694768e-06)
(1.001453477 -0.0001613271169 -8.851029837e-06)
(1.00108696 -0.000137175266 -1.341009407e-05)
(1.000801794 -0.0001103189077 -1.778060303e-05)
(1.000583956 -8.842717857e-05 -2.10620863e-05)
(1.000416663 -7.046973131e-05 -2.3401825e-05)
(1.000288851 -5.516453194e-05 -2.512986419e-05)
(1.000198952 -4.392882828e-05 -2.628316905e-05)
(1.000132941 -3.529971865e-05 -2.729673062e-05)
(1.000088599 -2.934075548e-05 -2.767982188e-05)
(1.000054146 -2.562480063e-05 -2.788460554e-05)
(1.000032741 -2.318208848e-05 -2.794121202e-05)
(1.000014715 -2.149077759e-05 -2.805239371e-05)
(1.000004715 -2.043231877e-05 -2.803905442e-05)
(0.999994286 -1.971168518e-05 -2.80723449e-05)
(0.9999896561 -1.9324862e-05 -2.808337209e-05)
(0.9999806282 -1.91360059e-05 -2.807809839e-05)
(1.000006593 -7.591584931e-06 2.31554858e-07)
(1.000036643 -2.309229532e-05 7.396474797e-07)
(1.000109664 -4.052717116e-05 1.412519925e-06)
(1.000228757 -6.116588803e-05 2.378670397e-06)
(1.000398744 -8.55705333e-05 3.747898036e-06)
(1.000627943 -0.0001131549829 5.581371666e-06)
(1.000921353 -0.0001416911491 7.824826878e-06)
(1.001279522 -0.000165327932 1.018013657e-05)
(1.001674436 -0.0001782389379 1.205570346e-05)
(1.00209822 -0.0001642258006 1.241379617e-05)
(1.00243406 -0.0001278771904 1.061696219e-05)
(1.002682364 -3.428074331e-05 4.105246635e-06)
(1.002686429 2.741192644e-05 -4.056256305e-07)
(1.002542292 9.726403094e-05 -6.037707481e-06)
(1.002246117 0.0001459820683 -1.038414448e-05)
(1.001859216 0.0001667161905 -1.252199911e-05)
(1.001449234 0.0001604683792 -1.238338535e-05)
(1.001083512 0.0001361391274 -1.058820666e-05)
(1.000799295 0.0001091917994 -8.476415785e-06)
(1.000582445 8.72933454e-05 -7.013923672e-06)
(1.000415975 6.939911726e-05 -6.092904127e-06)
(1.000288922 5.416099776e-05 -5.458783994e-06)
(1.00019964 4.302942873e-05 -4.987517951e-06)
(1.000134193 3.420654016e-05 -4.724504626e-06)
(1.000090289 2.84576656e-05 -4.608996948e-06)
(1.000056124 2.479407339e-05 -4.613752511e-06)
(1.000034981 2.238419344e-05 -4.589169052e-06)
(1.00001714 2.073829815e-05 -4.66215713e-06)
(1.000007298 1.972941244e-05 -4.697432005e-06)
(0.9999970851 1.901700796e-05 -4.757582451e-06)
(0.9999926087 1.862032962e-05 -4.800965497e-06)
(0.9999838705 1.838006244e-05 -4.8835187e-06)
(1.00000621 -2.240880678e-05 2.75603629e-07)
(1.000034497 -6.822637108e-05 8.864519194e-07)
(1.000103482 -0.0001201269881 1.720959366e-06)
(1.000217006 -0.0001822094263 2.963411458e-06)
(1.000381499 -0.0002566421573 4.793722881e-06)
(1.000607438 -0.0003421070471 7.341818824e-06)
(1.000904176 -0.0004321723514 1.061149534e-05)
(1.001274097 -0.0005103349348 1.423071818e-05)
(1.001701451 -0.0005526634902 1.736673567e-05)
(1.002148527 -0.0005220043485 1.846116742e-05)
(1.002548211 -0.0003863973516 1.541602415e-05)
(1.002792029 -0.0001573095694 8.299229976e-06)
(1.002828347 8.432183157e-05 -4.998605539e-08)
(1.00266383 0.0003075372732 -8.400858051e-06)
(1.002327066 0.0004605310944 -1.456348429e-05)
(1.001896704 0.0005226218918 -1.743626897e-05)
(1.001447865 0.000493952605 -1.692601744e-05)
(1.001065577 0.0004041243857 -1.402316827e-05)
(1.000782329 0.0003084229479 -1.118568368e-05)
(1.000574999 0.0002322537374 -9.681091216e-06)
(1.000414473 0.0001698398256 -8.755252372e-06)
(1.000292125 0.0001170269415 -7.99358737e-06)
(1.000208118 7.819778948e-05 -7.509236657e-06)
(1.000148733 4.771674233e-05 -7.393960231e-06)
(1.000107416 2.857561896e-05 -7.336757933e-06)
(1.000075823 1.31908216e-05 -7.237702562e-06)
(1.000055686 3.610108965e-06 -7.106923054e-06)
(1.000039482 -3.961337273e-06 -6.935608004e-06)
(1.00003005 -8.220867208e-06 -6.758593455e-06)
(1.00002053 -1.114988777e-05 -6.445259189e-06)
(1.000016262 -1.216248112e-05 -6.188500259e-06)
(1.000008195 -1.252952059e-05 -5.747527001e-06)
(1.000005386 -3.607630014e-05 3.68021026e-07)
(1.000029894 -0.0001100435641 1.196585269e-06)
(1.000090128 -0.0001950363168 2.383239595e-06)
(1.000191252 -0.0002988783758 4.244835818e-06)
(1.000342578 -0.0004267979325 7.138834041e-06)
(1.000559223 -0.000578848439 1.139844428e-05)
(1.000858808 -0.0007463025668 1.722484267e-05)
(1.001253909 -0.0009015219846 2.41373943e-05)
(1.001741413 -0.0009968466994 3.078368378e-05)
(1.002280326 -0.0009552162096 3.374554181e-05)
(1.002772314 -0.0007170367275 2.861174006e-05)
(1.003091165 -0.0002944977343 1.557024507e-05)
(1.003136352 0.0001612665803 -3.041392989e-07)
(1.002916792 0.0005719943218 -1.471082937e-05)
(1.002490017 0.0008533072829 -2.47943728e-05)
(1.001959904 0.0009637968577 -2.850522273e-05)
(1.001423341 0.0009017139789 -2.487226132e-05)
(1.001001439 0.0007300674868 -1.583302591e-05)
(1.000727157 0.0005621939885 -8.274149269e-06)
(1.000542351 0.0004356845262 -4.02175504e-06)
(1.000397432 0.000331287821 -2.090549439e-06)
(1.000287813 0.0002429432373 -5.804092276e-07)
(1.000216587 0.0001787335404 5.135252782e-07)
(1.000167517 0.0001328177362 7.849698737e-07)
(1.000133722 0.0001012423122 7.933493406e-07)
(1.000108139 7.688512215e-05 6.369686658e-07)
(1.000092221 6.096851816e-05 3.376193205e-07)
(1.000079737 4.827801477e-05 -1.507679967e-07)
(1.000072714 4.108848955e-05 -6.836804015e-07)
(1.000065564 3.453024656e-05 -1.353280004e-06)
(1.000062672 3.166847587e-05 -2.013577256e-06)
(1.000055657 2.91405596e-05 -2.794370752e-06)
(1.000004019 -4.766299582e-05 5.165022376e-07)
(1.000022261 -0.0001458165097 1.698661399e-06)
(1.00006775 -0.0002610778144 3.484225847e-06)
(1.000147041 -0.0004064500327 6.445035113e-06)
(1.000273013 -0.0005931254106 1.132614663e-05)
(1.000467358 -0.0008266619203 1.894248632e-05)
(1.000761625 -0.001102031558 3.01556667e-05)
(1.001189229 -0.001380683429 4.442414187e-05)
(1.001774483 -0.001587182923 5.990051735e-05)
(1.002486999 -0.001555794048 6.792677265e-05)
(1.00316307 -0.001167287678 5.78086898e-05)
(1.003595645 -0.0004865069431 3.31609382e-05)
(1.003645589 0.0002653218171 3.485880082e-07)
(1.003335354 0.0009198941302 -2.872565072e-05)
(1.002756697 0.001357652429 -5.035890717e-05)
(1.002047123 0.001484011801 -6.032677279e-05)
(1.001380284 0.001299294147 -5.750886831e-05)
(1.000900535 0.0009566246396 -4.325998501e-05)
(1.000650947 0.0006826806193 -3.11082015e-05)
(1.00050109 0.0005017937134 -2.53115136e-05)
(1.0003776 0.0003549843118 -2.160492433e-05)
(1.00028759 0.0002334083087 -1.867197595e-05)
(1.00023513 0.0001482617726 -1.649625247e-05)
(1.000201222 8.983422918e-05 -1.50559867e-05)
(1.000177299 5.137654846e-05 -1.358003481e-05)
(1.000159094 2.376047057e-05 -1.173867449e-05)
(1.000147601 6.873251488e-06 -9.951165742e-06)
(1.000139074 -4.574470234e-06 -8.057214056e-06)
(1.000133896 -1.036664946e-05 -6.291859173e-06)
(1.000129156 -1.38057791e-05 -4.049611075e-06)
(1.000126947 -1.463609236e-05 -2.52517454e-06)
(1.000123802 -1.371170385e-05 -2.328832788e-08)
(1.000001755 -5.599134312e-05 7.285428188e-07)
(1.000010832 -0.0001720986361 2.427832854e-06)
(1.000033956 -0.0003125268173 5.137128694e-06)
(1.000078122 -0.000497317163 9.885499488e-06)
(1.000158977 -0.0007483808202 1.823814741e-05)
(1.000304726 -0.001084762039 3.20993067e-05)
(1.000568242 -0.001519845303 5.437062437e-05)
(1.001018678 -0.002010030175 8.524721061e-05)
(1.001753594 -0.002460590358 0.0001244253553)
(1.002771416 -0.002488820044 0.0001434846995)
(1.003771461 -0.001850696758 0.0001191917247)
(1.004375165 -0.0007574145008 7.053774794e-05)
(1.004414403 0.0004943858733 1.104287877e-05)
(1.003952643 0.001551310986 -3.814654611e-05)
(1.003080759 0.002308787119 -7.306632632e-05)
(1.002043596 0.002531896685 -6.967305584e-05)
(1.001165024 0.002141603501 -3.772717266e-05)
(1.000664007 0.001509442204 9.530712591e-06)
(1.000503767 0.001067085085 3.359789647e-05)
(1.000420538 0.0007936846014 3.942991736e-05)
(1.000336048 0.0005770722405 4.367586177e-05)
(1.000278752 0.0004084259152 4.613428828e-05)
(1.000254278 0.0002941808212 4.54422984e-05)
(1.000242151 0.0002162763943 4.258806413e-05)
(1.000232781 0.0001615285063 3.911899709e-05)
(1.000225821 0.0001220878268 3.575272249e-05)
(1.00022165 9.484582465e-05 3.189356254e-05)
(1.000218972 7.573995269e-05 2.818028728e-05)
(1.000217141 6.336222173e-05 2.470894483e-05)
(1.000215368 5.481389372e-05 2.094680493e-05)
(1.00021519 4.971760683e-05 1.772778596e-05)
(1.000208246 4.759996891e-05 1.35492296e-05)
(0.9999995505 -5.977971194e-05 9.869157694e-07)
(0.9999951543 -0.0001847221519 3.391929593e-06)
(0.9999865117 -0.0003416005347 7.443764043e-06)
(0.9999775014 -0.0005593569569 1.493273819e-05)
(0.9999822736 -0.0008775982051 2.912511263e-05)
(1.000029465 -0.001342218669 5.433786455e-05)
(1.000200772 -0.002021182268 9.947230543e-05)
(1.000616122 -0.002890111369 0.0001679706341)
(1.001571164 -0.003878096738 0.000277089086)
(1.003152796 -0.004023322504 0.0003279756294)
(1.004732165 -0.003052156887 0.0002627114787)
(1.005633354 -0.001341585962 0.0001343160511)
(1.005667784 0.0005350791871 -2.088836115e-05)
(1.004950095 0.002146547803 -0.0001526205585)
(1.003710154 0.003120916701 -0.0002838893236)
(1.002127286 0.003323953202 -0.000356466343)
(1.000727583 0.002506205967 -0.0002951570831)
(1.000233546 0.001525893331 -0.0001759698523)
(1.000241852 0.0009884476531 -0.000115359779)
(1.000265762 0.0006702875559 -8.84528099e-05)
(1.0002464 0.0004136994631 -6.575892791e-05)
(1.000243912 0.0002283280989 -4.496305886e-05)
(1.000260413 0.0001178644872 -2.70945598e-05)
(1.0002731 4.952108045e-05 -1.157296956e-05)
(1.000279505 7.297906214e-06 2.409015499e-06)
(1.000284138 -2.043635754e-05 1.561408619e-05)
(1.000288057 -3.67872604e-05 2.688224649e-05)
(1.000291946 -4.788010164e-05 3.802823966e-05)
(1.000294451 -5.325408519e-05 4.669013977e-05)
(1.000296897 -5.585534547e-05 5.702507791e-05)
(1.000298389 -5.60324268e-05 6.407536169e-05)
(1.000301467 -5.409688675e-05 7.44479553e-05)
(0.9999955566 -5.762708885e-05 1.312352323e-06)
(0.9999752088 -0.0001791476761 4.557887178e-06)
(0.99992521 -0.000338658688 1.037639471e-05)
(0.999840547 -0.0005741468848 2.179233505e-05)
(0.99972409 -0.0009520386103 4.546596845e-05)
(0.9995810235 -0.001566194894 9.059358668e-05)
(0.999522631 -0.002614509356 0.0001859248294)
(0.9997203794 -0.004227516545 0.0003496405219)
(1.001057764 -0.006519515481 0.0006478166937)
(1.003644564 -0.006440028371 0.0007357893878)
(1.006132357 -0.004511139196 0.0007021694299)
(1.007458574 -0.001536756916 0.0005559992984)
(1.007414774 0.001937723128 0.0003504426033)
(1.006211039 0.004802072167 0.0002037162527)
(1.004283106 0.007132134308 0.000181531653)
(1.001935011 0.006633294593 9.459452787e-05)
(0.9999654557 0.00431521194 0.0001803450281)
(0.9997100249 0.002450527751 0.0003513982104)
(1.000024786 0.001554446657 0.0004352935041)
(1.000182019 0.001071209729 0.0004279497876)
(1.000228134 0.0007163878763 0.0004117521969)
(1.000282717 0.0004853078295 0.0003858604079)
(1.000343874 0.0003516037049 0.0003536792425)
(1.000382315 0.0002630589567 0.0003250558822)
(1.00040642 0.0002053661426 0.0002982840211)
(1.000424578 0.0001720738329 0.000274937728)
(1.000434483 0.0001540060006 0.0002561400271)
(1.000440848 0.0001445689807 0.0002395398869)
(1.000444699 0.000140493109 0.0002274063606)
(1.000447044 0.0001400472899 0.0002148087886)
(1.000448089 0.0001420998404 0.0002066671011)
(1.000440672 0.0001455176348 0.0001954749539)
(0.9999915545 -4.847462236e-05 1.642269541e-06)
(0.9999528481 -0.0001518337842 5.736614935e-06)
(0.9998544763 -0.0002933346945 1.377299558e-05)
(0.9996711134 -0.0005176912805 2.97159113e-05)
(0.99937307 -0.0009134142827 6.848986032e-05)
(0.998884198 -0.001659477928 0.0001454127866)
(0.9982571194 -0.003222586464 0.0003444407848)
(0.997672797 -0.006221350803 0.0008308269028)
(1.000043595 -0.01168845939 0.001736954266)
(1.004154007 -0.01245262065 0.0009839518405)
(1.008378447 -0.01021673275 0.0004497709951)
(1.010896388 -0.0058661357 0.0002005167076)
(1.011251537 -0.001172488317 -0.0002649641428)
(1.009981059 0.002978684846 -0.0009188323177)
(1.006954387 0.006023756852 -0.00154074158)
(1.000588635 0.00970284962 -0.001653663862)
(0.9976040561 0.003935974832 -0.0006563493315)
(0.9981301724 0.002328460695 -0.0001673594156)
(0.9992439104 0.001082468663 0.0001168087988)
(0.9997246007 0.0003614158119 0.0003257465441)
(0.9999389036 -5.793299089e-05 0.00052765327)
(1.000102745 -0.000283308297 0.0006843251217)
(1.000233487 -0.0004171836696 0.0007976683113)
(1.000313033 -0.0004992591512 0.0008821310846)
(1.000360625 -0.0005539862716 0.0009484209863)
(1.000392301 -0.0005918833323 0.001000824486)
(1.000415125 -0.0006188441593 0.001043607035)
(1.000431521 -0.000638662936 0.001078698289)
(1.000442798 -0.0006537110126 0.001107959621)
(1.000450905 -0.0006657747661 0.001132649249)
(1.000457788 -0.0006741983972 0.001152996442)
(1.000456282 -0.0006845647048 0.001168463137)
(0.9999878962 -3.252234282e-05 1.8786459e-06)
(0.9999327691 -0.0001021101179 6.863746863e-06)
(0.9997866555 -0.0002026197188 1.636833426e-05)
(0.9995018703 -0.0003628757655 3.875164133e-05)
(0.9989558779 -0.0007105134815 8.880024239e-05)
(0.9979307109 -0.001293817004 0.0002232899912)
(0.9958582763 -0.003574063382 0.000589343084)
(0.9943599006 -0.007362857215 0.0008800095329)
(0.9934548963 -0.01838303527 0.002855749583)
(1.002637763 -0.02379758188 0.005127945363)
(1.011566264 -0.0188708939 0.006058147182)
(1.016299893 -0.01016333802 0.004690134891)
(1.016774651 0.0003702910266 0.00263954638)
(1.01460817 0.01050858638 0.0009586828095)
(1.008442873 0.01927626138 -0.0001504744786)
(1.000299932 0.02166922586 -0.0003318061882)
(0.9932880592 0.01038975208 0.001495276038)
(0.9968211683 0.0003955402698 0.0007831210061)
(0.9990188331 -0.0004479727361 0.000663196403)
(0.9996550662 -0.000802673236 0.0003328380189)
(1.000034156 -0.00102372194 0.0001025125602)
(1.000293876 -0.001104268613 -5.179455908e-05)
(1.000442579 -0.001123751336 -0.0001988130192)
(1.000521004 -0.001118551551 -0.0003087247944)
(1.00056671 -0.001103213504 -0.0003882142343)
(1.000596569 -0.001082618424 -0.0004488780133)
(1.000616196 -0.001061938895 -0.0004931239881)
(1.000628882 -0.00104080624 -0.0005297609285)
(1.000637099 -0.001023174213 -0.0005567349162)
(1.000642865 -0.001004990325 -0.0005821846022)
(1.000646613 -0.0009913894325 -0.0005985189207)
(1.000646801 -0.0009742547461 -0.0006217127765)
(0.9999857362 -1.103509815e-05 2.020643742e-06)
(0.9999204872 -3.594964088e-05 7.494685179e-06)
(0.9997455243 -7.103551849e-05 1.77527124e-05)
(0.9993861704 -0.0001350558187 4.535418333e-05)
(0.9986588447 -0.0002510945256 9.852959096e-05)
(0.997060144 -0.0005931815591 0.0003165051767)
(0.9946142895 -0.001334459369 0.0004146099402)
(0.9860400477 -0.007198249673 0.002128584015)
(0.9720756771 -0.04314681387 0.007428226028)
(0.999559958 -0.127342943 0.02890421779)
(1.005549162 -0.1047361281 0.02279753333)
(0.9755966684 0.06899304008 -0.04755923023)
(0.9847158337 0.08356738293 -0.03437145092)
(0.969708036 0.0259147882 -0.007065961223)
(0.9833838239 0.01763072001 -0.006108668394)
(0.9833439161 0.003491248117 -0.004474135406)
(0.9845719102 0.002774524944 -0.003380399252)
(0.98525477 0.002313007948 -0.002700852578)
(0.9857138897 0.002055251963 -0.002239727099)
(0.9859705666 0.001904085144 -0.0019176547)
(0.9861513408 0.001788165481 -0.001683775424)
(0.9862838437 0.001700011857 -0.001523380755)
(0.9863886991 0.001631520001 -0.001408680228)
(0.9864762957 0.001576950872 -0.001329616695)
(0.9865530604 0.00153257627 -0.001264128129)
(0.9866211628 0.001496173173 -0.001210572237)
(0.9866898889 0.001464472194 -0.001164043032)
(0.9867430638 0.001440338583 -0.001131116478)
(0.9868217276 0.001409917933 -0.001087769064)
(0.9999857412 1.139385234e-05 1.999030168e-06)
(0.9999205189 3.705187523e-05 7.42187578e-06)
(0.9997456006 7.296572316e-05 1.75943271e-05)
(0.9993864659 0.0001380325443 4.502218217e-05)
(0.9986590649 0.0002554422182 9.760035411e-05)
(0.9970620696 0.0005996777878 0.0003136764747)
(0.9941196906 0.000879234113 0.0005499052862)
(0.9800006665 0.003216730236 0.002189757322)
(0.8105735811 0.06529081732 0.07712032308)
(0.7893684332 -0.04779985031 0.05974568268)
(0.926749508 -0.01055152681 0.02188776213)
(0.9734475122 0.002107997446 0.002103727518)
(0.9752600471 0.002456115483 0.001884059906)
(0.9762465289 0.00247174618 0.001747847426)
(0.9767613392 0.002427378066 0.001669108245)
(0.9770441901 0.002370667615 0.00163190336)
(0.9772192156 0.002309779481 0.001616153454)
(0.9773405018 0.002248584386 0.001610420488)
(0.977432121 0.00218727577 0.00161043543)
(0.9775053489 0.002127237595 0.001613314066)
(0.9775666542 0.0020695075 0.001617189154)
(0.9776200245 0.002014882695 0.00161964883)
(0.977668775 0.001960522466 0.001623178243)
(0.9777132878 0.001916353878 0.001619629882)
(0.977775318 0.001845306741 0.001631599087)
(0.99998791 3.286480672e-05 1.816022168e-06)
(0.9999328396 0.0001031527124 6.663269004e-06)
(0.9997869155 0.0002044113624 1.590590744e-05)
(0.9995023726 0.0003656305403 3.784527812e-05)
(0.9989572143 0.0007140556733 8.624793916e-05)
(0.9979313871 0.001299996792 0.0002168226423)
(0.9958552635 0.003588203604 0.0005607817959)
(0.9916853199 0.008061236849 0.001224275027)
(0.9864083999 0.0293769309 0.003911907808)
(1.000586992 0.04732325088 0.01143978254)
(1.013310146 0.0823302794 0.01679768061)
(1.016215677 0.0581128619 0.006067758765)
(1.017880831 0.03804874295 -0.003609988923)
(1.013537371 0.02153094831 -0.01122229579)
(1.00879293 -0.02215901627 -0.01465626847)
(0.997229402 -0.0279951188 -0.00734576286)
(0.9864162184 -0.006128128156 -0.005645408407)
(0.9954069683 -0.001281685169 -0.002311438509)
(0.9986951842 0.0008995732479 -0.002141654891)
(0.9992191109 0.002187637139 -0.001851230437)
(0.9994529899 0.00272843 -0.001682143316)
(0.9995960115 0.003051500634 -0.001577917717)
(0.9996466273 0.00320429038 -0.001509114784)
(0.9996373758 0.003283943389 -0.001462115505)
(0.9996003222 0.003327844826 -0.001428742834)
(0.9995503903 0.003352180321 -0.001403036289)
(0.9994929301 0.003364797925 -0.001381682468)
(0.9994307001 0.003370229915 -0.001363107822)
(0.9993657409 0.003370752076 -0.001346475427)
(0.9992991971 0.003368251607 -0.001331101506)
(0.9992340567 0.003363467154 -0.001317422083)
(0.9991530505 0.00335930117 -0.001305564454)
(0.9999915735 4.878310276e-05 1.550232436e-06)
(0.9999529535 0.0001527621063 5.434703004e-06)
(0.9998547996 0.0002949400219 1.31232001e-05)
(0.9996718312 0.0005199351106 2.843162363e-05)
(0.9993744337 0.0009167030457 6.557231258e-05)
(0.9988861083 0.001662385302 0.0001392123303)
(0.9982598455 0.0032316084 0.000326119803)
(0.9976648535 0.006221784678 0.0007928599788)
(1.000022752 0.01179928854 0.001589510469)
(1.002523959 0.01394358403 0.00173602438)
(1.008278437 0.01178304348 0.001355411896)
(1.011264528 0.005076345625 0.0008701011047)
(1.011492092 -0.002502068942 0.0005880765384)
(1.009839288 -0.009278512224 0.0002778710032)
(1.006092263 -0.0142109718 -4.47882844e-05)
(1.000530368 -0.009362369426 -0.001978732249)
(0.9976909084 -0.004314736507 -0.001215406412)
(0.9982652258 -0.001235432215 -0.0006575700979)
(0.99930694 -1.142647971e-07 -0.000260089165)
(0.9996973937 0.0005995406729 -0.0001156977043)
(0.9998817961 0.0009414209379 -6.32120782e-05)
(1.000043573 0.001122845762 -4.502855222e-05)
(1.000184385 0.001231266604 -3.644031695e-05)
(1.00026995 0.001298445192 -3.378605918e-05)
(1.000321998 0.001343814623 -3.451515403e-05)
(1.000357111 0.001376133392 -3.557567545e-05)
(1.000381096 0.001398471433 -3.59851615e-05)
(1.000397658 0.001414360062 -3.624687478e-05)
(1.000408759 0.001425328601 -3.637482398e-05)
(1.000416944 0.001432712173 -3.715358709e-05)
(1.000422237 0.001437965332 -3.761150597e-05)
(1.000442892 0.001440447352 -3.906573053e-05)
(0.9999955779 5.78930259e-05 1.201765193e-06)
(0.9999753238 0.0001799482317 4.199291058e-06)
(0.9999255656 0.0003400034489 9.639487468e-06)
(0.9998412815 0.0005760346457 2.042460671e-05)
(0.9997255096 0.0009544641795 4.276873299e-05)
(0.9995829962 0.001568932738 8.561422111e-05)
(0.9995262526 0.002618320693 0.0001747441262)
(0.9997205165 0.004229928297 0.0003293264861)
(1.001061257 0.006543459667 0.00059480042)
(1.00364322 0.006464501826 0.0006648809476)
(1.006129427 0.004544765517 0.0006183872792)
(1.007454949 0.001563265163 0.0004599317628)
(1.007422902 -0.001880831428 0.0002467401422)
(1.00620408 -0.00480519275 9.141233546e-05)
(1.004284673 -0.007072092779 5.206835342e-05)
(1.00194857 -0.00656890865 -7.215677771e-05)
(0.9999936521 -0.004281350555 5.487427779e-05)
(0.9996769297 -0.002275505207 0.0001063538879)
(0.9999735878 -0.00146137209 8.411909495e-05)
(1.000139949 -0.0009655554212 7.443984596e-05)
(1.000212635 -0.0005690504449 7.906415477e-05)
(1.000268965 -0.000293965786 8.340258649e-05)
(1.000332205 -0.000124667049 8.867642133e-05)
(1.000373931 -1.103649469e-05 9.485118988e-05)
(1.0003963 6.626757987e-05 0.0001000403416)
(1.000410444 0.0001229236406 0.0001043870355)
(1.000419613 0.0001596716208 0.0001079677536)
(1.000426528 0.0001893032914 0.0001111793592)
(1.000430354 0.0002072352732 0.0001134974364)
(1.000433592 0.0002239210191 0.0001162019583)
(1.000434622 0.0002321014464 0.0001177381589)
(1.000440427 0.0002420812712 0.0001189127809)
(0.9999995621 6.000118995e-05 8.687055531e-07)
(0.9999952691 0.0001853838724 3.011606733e-06)
(0.9999868569 0.0003426991574 6.696137131e-06)
(0.9999782168 0.0005608626835 1.360773731e-05)
(0.999983531 0.0008794815025 2.678007968e-05)
(1.00003136 0.001344245879 5.031012484e-05)
(1.000203502 0.002023481617 9.205333084e-05)
(1.000618994 0.002891673266 0.0001556558575)
(1.00157345 0.003883042979 0.0002535805402)
(1.003154387 0.004030969761 0.0002950853926)
(1.00473372 0.003064187067 0.0002244767401)
(1.005634997 0.00135873654 9.162019957e-05)
(1.005671896 -0.0005155624109 -6.907232685e-05)
(1.004956365 -0.002124049158 -0.0002040803016)
(1.003717402 -0.00309803165 -0.0003435299238)
(1.002131613 -0.003292870585 -0.0004300170092)
(1.000734824 -0.002504413368 -0.0003799434534)
(1.000229725 -0.0015026364 -0.0003012024214)
(1.000241133 -0.0009352221618 -0.0002430850433)
(1.000265994 -0.0005911626171 -0.0002036213918)
(1.00024407 -0.0003225666834 -0.0001771685562)
(1.000237891 -0.0001305105021 -0.0001608324308)
(1.000251118 -1.58002114e-05 -0.0001560240214)
(1.0002632 5.661324422e-05 -0.0001546452199)
(1.000268642 0.0001057952797 -0.0001547706338)
(1.000272746 0.0001434448307 -0.000156131431)
(1.000276753 0.000167119162 -0.0001579476484)
(1.000280428 0.0001827420799 -0.0001597665943)
(1.000283142 0.0001929616875 -0.0001616029143)
(1.000286054 0.0002001635252 -0.0001633106955)
(1.000286313 0.0002052617615 -0.0001648806302)
(1.000299764 0.0002097312306 -0.0001659642416)
(1.00000178 5.616831734e-05 6.085449209e-07)
(1.000010941 0.0001726255401 2.049175309e-06)
(1.000034277 0.0003133919543 4.416776055e-06)
(1.000078778 0.0004984908955 8.66073248e-06)
(1.00016009 0.0007498081858 1.621703271e-05)
(1.000306385 0.001086313135 2.885034417e-05)
(1.000570507 0.001521429601 4.909814848e-05)
(1.001021386 0.002011308543 7.712113923e-05)
(1.001756354 0.002462255213 0.000111643886)
(1.002773988 0.002491236028 0.0001259324819)
(1.003774011 0.001854635186 9.844769028e-05)
(1.004377837 0.0007616733869 4.67641766e-05)
(1.004419046 -0.0004855892473 -1.590621122e-05)
(1.003955955 -0.001547293617 -6.850393624e-05)
(1.003088063 -0.002303272978 -0.0001082295144)
(1.00204684 -0.002526597805 -0.0001117423386)
(1.001172405 -0.002143605809 -8.623263768e-05)
(1.000666292 -0.001502210351 -4.70477533e-05)
(1.000503655 -0.001053679698 -3.492246527e-05)
(1.000419211 -0.0007821421552 -3.26805801e-05)
(1.000333445 -0.0005648648357 -3.233007662e-05)
(1.000275503 -0.0003922214327 -3.254935191e-05)
(1.000251033 -0.0002732799336 -3.259798739e-05)
(1.000238559 -0.0001885277085 -3.206065225e-05)
(1.000228998 -0.0001297525171 -3.091303338e-05)
(1.000221288 -8.353728837e-05 -2.975155912e-05)
(1.000216984 -5.26348643e-05 -2.834022549e-05)
(1.000213957 -2.678972207e-05 -2.657619402e-05)
(1.000212158 -1.097714061e-05 -2.484228876e-05)
(1.000210072 3.971603341e-06 -2.290443736e-05)
(1.000208779 1.144077116e-05 -2.144290338e-05)
(1.000205787 2.001038869e-05 -2.000914814e-05)
(1.000004037 4.779660926e-05 3.997880886e-07)
(1.000022361 0.0001462153684 1.333599902e-06)
(1.000068046 0.0002617291538 2.806275002e-06)
(1.00014764 0.000407326427 5.330828023e-06)
(1.000274005 0.0005941790409 9.576593056e-06)
(1.000468812 0.0008278090461 1.627680728e-05)
(1.000763568 0.001103176569 2.615170576e-05)
(1.001191598 0.001381693013 3.862405325e-05)
(1.001777109 0.001588131384 5.166743892e-05)
(1.002489712 0.001556918876 5.706728727e-05)
(1.003165923 0.00116885309 4.476906293e-05)
(1.003598747 0.0004885241922 1.826124268e-05)
(1.003649343 -0.0002627851397 -1.689137679e-05)
(1.003339688 -0.0009176922168 -4.821927656e-05)
(1.002761796 -0.001355658267 -7.284624965e-05)
(1.002051542 -0.001482399711 -8.690216964e-05)
(1.001385088 -0.001299756983 -8.81045809e-05)
(1.000902763 -0.0009560514468 -8.020432344e-05)
(1.000651973 -0.0006810572007 -7.34446829e-05)
(1.000501999 -0.0004993414546 -6.876086766e-05)
(1.00037743 -0.0003499558279 -6.433001984e-05)
(1.00028697 -0.0002266039764 -6.039266183e-05)
(1.000233407 -0.0001391741909 -5.825810796e-05)
(1.000198975 -7.956162688e-05 -5.748554783e-05)
(1.000174294 -3.941007893e-05 -5.72263293e-05)
(1.000155832 -1.044095854e-05 -5.748973129e-05)
(1.000143745 8.463632472e-06 -5.781923477e-05)
(1.000135204 2.14435258e-05 -5.853814832e-05)
(1.000129267 2.897069462e-05 -5.940658796e-05)
(1.000125385 3.470762897e-05 -6.026463662e-05)
(1.000120898 3.725375722e-05 -6.157475695e-05)
(1.000121032 3.814235487e-05 -6.252411284e-05)
(1.000005403 3.616973948e-05 2.558929654e-07)
(1.000029988 0.0001103221955 8.481866884e-07)
(1.000090403 0.0001954894829 1.74779601e-06)
(1.000191803 0.0002994850949 3.227328265e-06)
(1.000343479 0.0004275236791 5.596321567e-06)
(1.000560527 0.0005796400881 9.139135209e-06)
(1.000860536 0.0007470970716 1.399717065e-05)
(1.00125603 0.0009022524596 1.967151457e-05)
(1.001743836 0.0009975131427 2.47942447e-05)
(1.002282968 0.0009558860089 2.609323132e-05)
(1.002775125 0.0007178948062 1.94081274e-05)
(1.003094314 0.0002954100713 4.851521108e-06)
(1.003139896 -0.000160112802 -1.265204939e-05)
(1.002920767 -0.0005710512696 -2.88890743e-05)
(1.002494201 -0.0008526972528 -4.117224243e-05)
(1.001964053 -0.000963584127 -4.757784203e-05)
(1.001427119 -0.0009023591034 -4.687792789e-05)
(1.001003974 -0.0007305569396 -4.131551405e-05)
(1.000729163 -0.0005622332535 -3.650096905e-05)
(1.000543316 -0.0004351827063 -3.311147067e-05)
(1.00039761 -0.0003305691185 -3.176047985e-05)
(1.000287003 -0.000241672581 -3.120916177e-05)
(1.000215424 -0.0001771380712 -3.115555245e-05)
(1.000165847 -0.0001303736477 -3.134772304e-05)
(1.000131844 -9.807661277e-05 -3.149537981e-05)
(1.000105869 -7.258383323e-05 -3.144228362e-05)
(1.000089766 -5.578721047e-05 -3.134167767e-05)
(1.000076997 -4.184299131e-05 -3.094217726e-05)
(1.000069767 -3.37713888e-05 -3.057583766e-05)
(1.000062474 -2.587799634e-05 -2.995491614e-05)
(1.000059228 -2.20501369e-05 -2.940394997e-05)
(1.000052677 -1.783575518e-05 -2.877420898e-05)
(1.000006226 2.246400951e-05 1.674962797e-07)
(1.000034586 6.839081378e-05 5.521393839e-07)
(1.000103742 0.0001203939031 1.118507809e-06)
(1.000217524 0.0001825659161 2.015667377e-06)
(1.00038234 0.0002570677822 3.389732137e-06)
(1.000608648 0.0003425723978 5.339266032e-06)
(1.00090577 0.00043264303 7.838134649e-06)
(1.001276065 0.0005107773711 1.050743255e-05)
(1.001703726 0.0005530725111 1.252342535e-05)
(1.0021511 0.000522393105 1.239419807e-05)
(1.002550982 0.000386861623 8.077599065e-06)
(1.002795134 0.0001577872248 -3.19758181e-07)
(1.002831731 -8.37898168e-05 -9.927341523e-06)
(1.0026675 -0.0003071251289 -1.979387881e-05)
(1.002330873 -0.0004603310216 -2.770231825e-05)
(1.001900385 -0.0005226828257 -3.260757134e-05)
(1.001451117 -0.000494364785 -3.427239626e-05)
(1.001068165 -0.0004046426147 -3.36597695e-05)
(1.000783926 -0.0003088741529 -3.281613461e-05)
(1.000575968 -0.0002328131772 -3.246955199e-05)
(1.000414652 -0.0001702020062 -3.218659035e-05)
(1.000291663 -0.0001170427292 -3.189467194e-05)
(1.000207234 -7.790336267e-05 -3.169631036e-05)
(1.000147253 -4.697231786e-05 -3.16358137e-05)
(1.000105581 -2.818590874e-05 -3.153428008e-05)
(1.000073591 -1.201643909e-05 -3.148489784e-05)
(1.000053156 -2.867447687e-06 -3.149162133e-05)
(1.00003665 5.59824548e-06 -3.153192618e-05)
(1.000027115 9.511411761e-06 -3.164898611e-05)
(1.000017461 1.325068922e-05 -3.184369597e-05)
(1.000012898 1.48050052e-05 -3.203373782e-05)
(1.000005092 1.556433239e-05 -3.230424762e-05)
(1.000006609 7.609836294e-06 1.257407338e-07)
(1.000036729 2.314664538e-05 4.132194745e-07)
(1.000109916 4.061532094e-05 8.278366657e-07)
(1.000229258 6.128350593e-05 1.467152087e-06)
(1.000399556 8.571084957e-05 2.413196129e-06)
(1.000629107 0.0001133086827 3.702941539e-06)
(1.000922885 0.0001418470817 5.262884508e-06)
(1.001281415 0.0001654762004 6.78867109e-06)
(1.001676642 0.0001783758954 7.716954262e-06)
(1.002100731 0.0001643593428 6.964442784e-06)
(1.002436782 0.0001280155318 4.160345256e-06)
(1.002685401 3.448006182e-05 -3.905662793e-06)
(1.002689719 -2.724962297e-05 -9.299095974e-06)
(1.002545817 -9.714635238e-05 -1.623801213e-05)
(1.002249748 -0.0001459368271 -2.213039943e-05)
(1.001862684 -0.0001667514412 -2.599365017e-05)
(1.001452386 -0.0001606085067 -2.772759045e-05)
(1.00108594 -0.0001363096298 -2.779163123e-05)
(1.000800954 -0.0001093495343 -2.729317313e-05)
(1.00058344 -8.741086225e-05 -2.690696873e-05)
(1.000416223 -6.941203021e-05 -2.664111074e-05)
(1.000288647 -5.405820068e-05 -2.645803207e-05)
(1.000198709 -4.283962355e-05 -2.637856434e-05)
(1.000132832 -3.391456681e-05 -2.634174438e-05)
(1.000088583 -2.811883613e-05 -2.624621208e-05)
(1.00005414 -2.436954938e-05 -2.623832791e-05)
(1.000032721 -2.182776101e-05 -2.621565265e-05)
(1.000014663 -2.00463246e-05 -2.626218436e-05)
(1.000004639 -1.894067468e-05 -2.626415696e-05)
(0.9999941994 -1.807506443e-05 -2.628641777e-05)
(0.9999894945 -1.756749995e-05 -2.629100872e-05)
(0.9999807064 -1.694559733e-05 -2.62516241e-05)
(1.000006614 -7.563389082e-06 6.163807435e-07)
(1.000036759 -2.300178336e-05 1.933158286e-06)
(1.000110002 -4.033765436e-05 3.715510204e-06)
(1.000229437 -6.0806233e-05 6.310440872e-06)
(1.000399852 -8.492958001e-05 1.002363147e-05)
(1.000629485 -0.0001120670748 1.503137474e-05)
(1.000923166 -0.0001399661159 2.11933914e-05)
(1.001281157 -0.0001628267482 2.769235474e-05)
(1.001675184 -0.0001749483574 3.291333117e-05)
(1.002096988 -0.0001606166149 3.39990916e-05)
(1.002430839 -0.0001246855517 2.92526066e-05)
(1.002676482 -3.309755569e-05 1.192813407e-05)
(1.00268017 2.728044393e-05 -1.430641178e-07)
(1.002536929 9.564564934e-05 -1.498486658e-05)
(1.002242704 0.0001433169425 -2.604116395e-05)
(1.001858031 0.0001636500889 -3.087106984e-05)
(1.001450076 0.0001576614805 -2.94185897e-05)
(1.001085525 0.0001340457124 -2.356172718e-05)
(1.000800981 0.0001075165962 -1.710991526e-05)
(1.000583445 8.565286721e-05 -1.239290377e-05)
(1.000416393 6.773902572e-05 -9.184538405e-06)
(1.000289157 5.259302806e-05 -6.868070848e-06)
(1.00019953 4.139439557e-05 -5.408376259e-06)
(1.000134006 3.307194201e-05 -4.307229511e-06)
(1.000089949 2.687343836e-05 -3.928049923e-06)
(1.000055674 2.31519489e-05 -3.832841554e-06)
(1.000034498 2.072286389e-05 -3.797252099e-06)
(1.000016606 1.91189068e-05 -3.872386079e-06)
(1.000006741 1.820047903e-05 -3.939165447e-06)
(0.9999965073 1.757709777e-05 -4.089209406e-06)
(0.9999919451 1.729608714e-05 -4.222221792e-06)
(0.9999834291 1.70130726e-05 -4.432555125e-06)
(1.000006238 -2.232117143e-05 7.434792083e-07)
(1.000034654 -6.794430339e-05 2.341894559e-06)
(1.000103945 -0.0001195295425 4.572540665e-06)
(1.000217958 -0.0001810614592 7.93389677e-06)
(1.000383094 -0.0002545569609 1.29228044e-05)
(1.000609746 -0.0003385303781 1.990255542e-05)
(1.000907015 -0.00042639616 2.887781967e-05)
(1.001276911 -0.0005017601401 3.881363569e-05)
(1.001702941 -0.0005411785152 4.738227152e-05)
(1.002147477 -0.0005089209082 5.028412297e-05)
(1.002543416 -0.0003752570935 4.203865904e-05)
(1.002784212 -0.0001512378389 2.271585984e-05)
(1.002819497 8.399123874e-05 1.789651038e-07)
(1.002656315 0.0003019383808 -2.20729401e-05)
(1.002322365 0.0004514528873 -3.794946971e-05)
(1.001895239 0.0005126082101 -4.461212185e-05)
(1.001449508 0.000486209432 -4.176064565e-05)
(1.001068152 0.0004007333625 -3.257074457e-05)
(1.000784621 0.000308554407 -2.38889083e-05)
(1.000575692 0.000233597519 -1.863568383e-05)
(1.000414998 0.0001719742054 -1.51457821e-05)
(1.000292204 0.0001195003977 -1.233144257e-05)
(1.000208124 8.100259141e-05 -1.049559683e-05)
(1.000148187 5.040430324e-05 -9.440897781e-06)
(1.000106798 3.180238212e-05 -8.777207794e-06)
(1.000075183 1.554580287e-05 -8.309572828e-06)
(1.000054989 6.299068401e-06 -7.984204661e-06)
(1.000038798 -2.390766218e-06 -7.691186295e-06)
(1.000029411 -6.532604072e-06 -7.415498833e-06)
(1.000020052 -1.060824038e-05 -7.061376395e-06)
(1.000015664 -1.245981627e-05 -6.77238402e-06)
(1.000007658 -1.349061559e-05 -6.305535238e-06)
(1.00000543 -3.592078194e-05 1.011449333e-06)
(1.000030143 -0.0001095408793 3.207483942e-06)
(1.00009088 -0.0001939487123 6.416248468e-06)
(1.000192842 -0.0002967324189 1.149695013e-05)
(1.000345347 -0.0004227742768 1.94289857e-05)
(1.000563437 -0.0005717050004 3.112769788e-05)
(1.000864335 -0.0007342798605 4.708887494e-05)
(1.001259839 -0.0008829581946 6.593577408e-05)
(1.001745432 -0.0009707488735 8.366230277e-05)
(1.002278451 -0.0009249586366 9.099381715e-05)
(1.002763246 -0.0006912292535 7.665364857e-05)
(1.003076792 -0.0002790260617 4.095445951e-05)
(1.003120677 0.0001611750549 -2.01888239e-06)
(1.00290419 0.0005588098178 -4.117367546e-05)
(1.002482742 0.0008305297274 -6.80479907e-05)
(1.001959675 0.0009366008871 -7.731348867e-05)
(1.001429211 0.0008763030154 -6.660714119e-05)
(1.001009588 0.0007115377598 -4.268878902e-05)
(1.000732759 0.0005490290657 -2.282124264e-05)
(1.000544571 0.0004248193977 -1.214667489e-05)
(1.000398393 0.0003223237416 -5.412970482e-06)
(1.000288219 0.0002354816664 -1.27197432e-06)
(1.000216427 0.0001720393141 9.394993329e-07)
(1.000166845 0.0001264603897 1.341327837e-06)
(1.000132681 9.504371111e-05 1.407067089e-06)
(1.000106993 7.103484216e-05 1.198833477e-06)
(1.000090777 5.520749611e-05 7.201255681e-07)
(1.000078249 4.276341427e-05 -1.144044765e-07)
(1.000070955 3.552659432e-05 -8.935659495e-07)
(1.000063899 2.910244147e-05 -2.051991226e-06)
(1.000060616 2.619066942e-05 -2.804871089e-06)
(1.000054933 2.336690371e-05 -4.154645187e-06)
(1.000004093 -4.742826369e-05 1.444606464e-06)
(1.000022676 -0.0001450517572 4.613977901e-06)
(1.000069033 -0.0002593744651 9.489457192e-06)
(1.000149844 -0.0004029645093 1.762685795e-05)
(1.000278107 -0.0005862757864 3.105246862e-05)
(1.000475564 -0.0008138917274 5.199096152e-05)
(1.000773104 -0.001079162269 8.256367076e-05)
(1.001202775 -0.001343063536 0.0001211071194)
(1.001784914 -0.00152979503 0.0001613061294)
(1.00248478 -0.001488810313 0.0001800951551)
(1.003144958 -0.001112562573 0.00015139389)
(1.003566461 -0.0004535022518 8.207419899e-05)
(1.003614153 0.0002694369186 -5.530717344e-06)
(1.003308999 0.0009030474656 -8.371161707e-05)
(1.002741618 0.001325091781 -0.0001397138425)
(1.002042118 0.001455602139 -0.0001622733617)
(1.00138616 0.001288966119 -0.0001465201398)
(1.00091312 0.0009685063909 -0.0001043747907)
(1.00065987 0.0007035117071 -7.149760625e-05)
(1.000505182 0.0005228868967 -5.36192383e-05)
(1.000380151 0.0003764480553 -4.066339736e-05)
(1.000288995 0.0002544422543 -3.035295503e-05)
(1.000235475 0.0001677628819 -2.412065784e-05)
(1.000200868 0.0001066958105 -2.026766554e-05)
(1.000176741 6.54013824e-05 -1.762623804e-05)
(1.000158487 3.476201545e-05 -1.539074176e-05)
(1.000146879 1.488848555e-05 -1.360308678e-05)
(1.000138219 1.794144447e-08 -1.189557134e-05)
(1.000132889 -8.696704154e-06 -1.03457994e-05)
(1.000128055 -1.566807417e-05 -8.484019684e-06)
(1.000125553 -1.88660881e-05 -7.19988659e-06)
(1.000122699 -2.173438865e-05 -5.472617312e-06)
(1.00000193 -5.567707759e-05 2.069400893e-06)
(1.000011535 -0.0001710415338 6.665374809e-06)
(1.00003614 -0.0003100699231 1.411605145e-05)
(1.000083077 -0.0004920574682 2.723315663e-05)
(1.000168421 -0.0007373775243 5.022877668e-05)
(1.000321 -0.001062879504 8.831674797e-05)
(1.000592883 -0.001477181428 0.0001485636928)
(1.001051472 -0.001933832072 0.0002306299832)
(1.001780291 -0.002328009966 0.0003277958973)
(1.002767011 -0.002330127115 0.0003721382696)
(1.003733006 -0.001731844436 0.0003069849822)
(1.004322345 -0.0006862525198 0.000165561679)
(1.004363461 0.000461322509 -7.661216736e-07)
(1.003904194 0.001474475361 -0.0001483414927)
(1.003064677 0.00215475548 -0.0002481228928)
(1.002069127 0.002341447124 -0.0002578897322)
(1.001197785 0.001984176906 -0.0001785616365)
(1.000692043 0.001411076725 -7.143910769e-05)
(1.000516382 0.001000405671 -1.519184245e-05)
(1.000424003 0.0007399315823 4.222284051e-06)
(1.00033644 0.0005342046937 1.454254794e-05)
(1.000276705 0.0003731008577 2.144021621e-05)
(1.000250203 0.0002647742915 2.357207497e-05)
(1.000236537 0.0001904462718 2.206260827e-05)
(1.000226681 0.0001398667314 1.917914651e-05)
(1.000219161 0.0001022181865 1.568873277e-05)
(1.000214794 7.749671709e-05 1.208036373e-05)
(1.000211795 5.828318057e-05 8.010946909e-06)
(1.000210037 4.691013592e-05 4.740778436e-06)
(1.000208318 3.710355316e-05 8.561389238e-07)
(1.000207266 3.256265614e-05 -1.625373472e-06)
(1.000207017 2.80482895e-05 -5.268461217e-06)
(0.999999657 -5.938564434e-05 2.860856502e-06)
(0.9999962856 -0.0001833855624 9.395286169e-06)
(0.9999901518 -0.0003383392468 2.058316742e-05)
(0.9999861349 -0.0005519522848 4.136117204e-05)
(0.9999996534 -0.000860747136 8.034090298e-05)
(1.000061994 -0.001305951937 0.0001494868209)
(1.000254639 -0.001940315197 0.0002699175624)
(1.000700698 -0.002726798092 0.0004491425328)
(1.001645715 -0.003562689507 0.0007016920517)
(1.003141611 -0.003667406998 0.000810663047)
(1.004631585 -0.00270920704 0.0006461481099)
(1.005490182 -0.001054633658 0.0003114920888)
(1.005523603 0.0007109283656 -7.400476794e-05)
(1.004826671 0.002265832867 -0.0004231343821)
(1.003586814 0.00321323719 -0.000714751304)
(1.002111733 0.003407640845 -0.0008335869467)
(1.000818314 0.002634477672 -0.0006432783008)
(1.00031508 0.001714127232 -0.0003755172241)
(1.000284899 0.001169881267 -0.0002262548494)
(1.000289612 0.0008334057531 -0.0001512978576)
(1.000264045 0.0005592262514 -9.91787546e-05)
(1.000255132 0.0003535367262 -6.474085893e-05)
(1.000265834 0.0002229687823 -4.332982743e-05)
(1.000276855 0.0001359255312 -3.102123062e-05)
(1.000282351 7.745426947e-05 -2.278850246e-05)
(1.000285606 3.516879774e-05 -1.620696881e-05)
(1.000288289 6.717401726e-06 -1.132125954e-05)
(1.000290781 -1.474189671e-05 -7.259196593e-06)
(1.000292334 -2.816480819e-05 -4.438868946e-06)
(1.000293806 -3.97194497e-05 -1.876487544e-06)
(1.000294176 -4.775185381e-05 -5.146710741e-08)
(1.000299394 -5.265686326e-05 1.462168469e-06)
(0.9999958692 -5.718570579e-05 3.84703022e-06)
(0.9999769778 -0.0001776700726 1.27123188e-05)
(0.9999309905 -0.0003346948343 2.883404545e-05)
(0.9998551272 -0.0005649480294 6.061723203e-05)
(0.9997552914 -0.0009275034762 0.0001252577302)
(0.9996474911 -0.001510179964 0.0002488551416)
(0.9996464866 -0.002461802859 0.0004950782074)
(0.9999440782 -0.003829139015 0.0009022149708)
(1.001217389 -0.005603065898 0.001562189399)
(1.003642388 -0.005848773749 0.001784625341)
(1.006003574 -0.004224586869 0.001528619134)
(1.007234542 -0.00150967553 0.0009304082738)
(1.007222645 0.001358607274 0.0002529565747)
(1.006019954 0.00403315464 -0.0003689468027)
(1.004152264 0.005459592023 -0.0006230304379)
(1.001875377 0.005449394797 -0.000844197983)
(1.00004796 0.00361979639 -0.0004521722289)
(0.9997414134 0.002038087342 -6.088331761e-05)
(0.9999771411 0.00130942697 6.278302967e-05)
(1.000101818 0.0009279972432 0.0001021731758)
(1.000147403 0.0006453389591 0.000133631954)
(1.000204585 0.0004558805379 0.0001485101549)
(1.000266704 0.0003411471674 0.0001479151347)
(1.000310237 0.0002699012443 0.0001410988831)
(1.000336445 0.0002225119944 0.0001330391847)
(1.000353056 0.0001914826056 0.0001253944797)
(1.000364758 0.0001691748673 0.0001188461976)
(1.000373813 0.0001539325668 0.0001128576079)
(1.000379969 0.0001443749295 0.000107511772)
(1.000385225 0.0001386412053 0.0001023682215)
(1.000386638 0.0001356463419 9.827940783e-05)
(1.000397713 0.0001341556351 9.420608038e-05)
(0.9999919994 -4.806723044e-05 4.853985954e-06)
(0.9999554577 -0.0001503701908 1.617947877e-05)
(0.9998629251 -0.0002895271834 3.822666751e-05)
(0.9996946764 -0.0005071792061 8.366029092e-05)
(0.9994269779 -0.0008858667815 0.0001870129863)
(0.9990156329 -0.001579166709 0.0004009558477)
(0.9985926455 -0.002966926323 0.0009060107045)
(0.9983318796 -0.005360170269 0.001932436182)
(1.00039174 -0.009452180797 0.003902433615)
(1.004510782 -0.00920432909 0.00397890792)
(1.008343213 -0.006237702952 0.002933794988)
(1.010225717 -0.001911067431 0.001172692518)
(1.010177956 0.002792865065 -0.0008624246785)
(1.008245816 0.007375400293 -0.002854127763)
(1.004921907 0.01000323255 -0.003842518685)
(1.001029558 0.009505230644 -0.003513412262)
(0.9984145673 0.005535340393 -0.001703674963)
(0.9987538503 0.003272094719 -0.0004674040403)
(0.9995874366 0.001972342985 0.0001843459302)
(1.000008244 0.001233278323 0.0003936802153)
(1.000151831 0.0007648619232 0.000497354771)
(1.000264344 0.0005115467328 0.0005353269722)
(1.000364984 0.0003623874656 0.0005480418309)
(1.00042889 0.0002674381986 0.0005512067049)
(1.000464926 0.0002067558254 0.0005501967015)
(1.000489623 0.0001648552335 0.0005467175051)
(1.00050542 0.0001394544021 0.0005423510301)
(1.000518041 0.0001198810918 0.0005365162212)
(1.000524741 0.0001089118908 0.0005317906395)
(1.00053253 9.97449546e-05 0.0005259066979)
(1.000534557 9.52453851e-05 0.000521979379)
(1.000544502 9.228404248e-05 0.0005147167419)
(0.9999884823 -3.222700336e-05 5.692481937e-06)
(0.9999358666 -0.0001014534643 1.932892481e-05)
(0.9997989924 -0.0001981239522 4.610811741e-05)
(0.9995315634 -0.0003612204658 0.0001080270966)
(0.999052415 -0.0006566338115 0.0002468411468)
(0.998133103 -0.001334771951 0.0006161839824)
(0.9967906628 -0.002760016685 0.001520870318)
(0.994863978 -0.007261698426 0.004709651528)
(0.9989469102 -0.01575488634 0.01242506885)
(1.005318249 -0.01880950885 0.01191000299)
(1.011687318 -0.01460570212 0.009795527062)
(1.014964137 -0.007173301732 0.005505498237)
(1.015287313 0.0002977207797 0.0008167901459)
(1.013408125 0.007160896163 -0.003608533284)
(1.008723292 0.0127866488 -0.007348923197)
(0.9989206037 0.01557837147 -0.0101193602)
(0.9950427755 0.005025018825 -0.00371761511)
(0.9965602731 0.004162997861 -0.003084185965)
(0.9983373357 0.003383189977 -0.002433032917)
(0.9991459039 0.002816336092 -0.00195139244)
(0.9995590242 0.002491772554 -0.001687728119)
(0.9998704996 0.002341178867 -0.001560215623)
(1.00007829 0.002274089549 -0.001510138434)
(1.00019293 0.002233334775 -0.001486806707)
(1.000258474 0.002205853691 -0.001474031734)
(1.000305848 0.002187482315 -0.001466038205)
(1.00033524 0.002175346509 -0.0014605892)
(1.000358365 0.00216643361 -0.001456693442)
(1.000370834 0.002159463944 -0.001454246073)
(1.000383859 0.002153803828 -0.001452328953)
(1.000389531 0.002149310808 -0.001450919947)
(1.000404671 0.00214461125 -0.001448074965)
(0.9999863912 -1.09455796e-05 6.182720443e-06)
(0.9999243775 -3.5567968e-05 2.098888755e-05)
(0.9997585743 -7.014211373e-05 5.136230389e-05)
(0.9994281425 -0.0001311087413 0.0001212348458)
(0.9987631829 -0.000244439849 0.0002963807865)
(0.9973861556 -0.0005383175257 0.0007516604568)
(0.9941747619 -0.001227472603 0.002766541499)
(0.9899406565 -0.004597824147 0.006774582776)
(0.9875452089 -0.02115987175 0.0248050099)
(1.007045956 -0.02208428922 0.03056707081)
(1.017421564 -0.01314797255 0.02018397321)
(1.021749513 -0.004566222029 0.008597551549)
(1.022277485 0.003757988945 -0.003488883416)
(1.020033418 0.01200869958 -0.01549615789)
(1.012968293 0.0214085632 -0.02775121861)
(0.997526085 0.02981836612 -0.03164124787)
(0.9849158555 0.01445849702 -0.00452949931)
(0.9967613796 0.0002130269558 -0.001265385108)
(0.9985592679 -0.0004704795301 -0.0009415360846)
(0.999186746 -0.0009138849975 -0.000936395971)
(0.9996237908 -0.001035389931 -0.001057087716)
(0.9998962509 -0.001050470471 -0.001198313718)
(1.000039366 -0.001038225663 -0.001325352592)
(1.000114263 -0.001015199765 -0.001419146161)
(1.000160474 -0.0009880893056 -0.001484352697)
(1.000192485 -0.0009624765967 -0.00152743114)
(1.00021417 -0.0009385301926 -0.001558933116)
(1.000228075 -0.0009166740478 -0.001581678225)
(1.000237404 -0.0008967231241 -0.001598179637)
(1.000244414 -0.0008790023619 -0.001609084063)
(1.000249238 -0.0008637388131 -0.001617466725)
(1.000257864 -0.0008450977201 -0.001618215694)
(0.9999863945 1.127757345e-05 6.160504731e-06)
(0.9999243834 3.658594283e-05 2.091866424e-05)
(0.9997586561 7.18727142e-05 5.120327988e-05)
(0.9994280923 0.0001337024106 0.0001208970334)
(0.9987634894 0.000247687301 0.0002955537355)
(0.9973813298 0.0005418777732 0.0007488721693)
(0.9941550154 0.001222902034 0.002760466917)
(0.9877933596 0.002709204715 0.008058778571)
(0.9824423311 0.01151099729 0.04735333131)
(1.012920841 0.009477092645 0.04360383453)
(1.020782755 0.003819952871 0.02750288489)
(1.023235202 8.041416471e-05 0.01552593325)
(1.023009847 -0.002398404277 0.003049051954)
(1.021054776 -0.004583985127 -0.01027594894)
(1.015952819 -0.00731272822 -0.02559596273)
(0.9994489751 -0.01199645457 -0.03943120503)
(0.976633955 -0.005741650566 -0.001731633498)
(0.9951119408 -0.001296418277 -0.0002476807321)
(0.9976982501 -0.001021340577 0.0009369495112)
(0.99868807 -0.000585847223 0.001757207744)
(0.9992156376 -0.0003636143369 0.00208766017)
(0.9994785421 -0.0002370877845 0.002192113282)
(0.9995768276 -0.0001328031243 0.002215346319)
(0.9995865058 -5.150411576e-05 0.002215172963)
(0.9995547023 6.526607452e-06 0.002202010613)
(0.9995018946 5.679598115e-05 0.00218349812)
(0.9994365576 9.918264289e-05 0.002163341536)
(0.9993635101 0.0001355847556 0.002142819046)
(0.9992862162 0.000167347219 0.00212238213)
(0.9992070454 0.0001963402502 0.002102881395)
(0.9991294157 0.0002184227644 0.002085200391)
(0.9990229403 0.0002517204412 0.00207488255)
(0.9999884905 3.25470142e-05 5.630437238e-06)
(0.9999358979 0.0001024245661 1.913360943e-05)
(0.9997991451 0.000199758829 4.564862661e-05)
(0.9995315647 0.0003637011001 0.0001071930528)
(0.9990526191 0.0006594175478 0.0002441973082)
(0.998127171 0.001340614705 0.0006124890453)
(0.9967772901 0.002759230343 0.001497111761)
(0.9947740686 0.007329199522 0.004676742207)
(0.9990415711 0.01612083275 0.01278444263)
(1.003141714 0.01448405601 0.01338222628)
(1.011552655 0.00974280895 0.01144460872)
(1.015701192 0.001091291306 0.006081631666)
(1.015857211 -0.008387696244 -0.0009623077687)
(1.013635789 -0.01765377279 -0.00730645562)
(1.007957641 -0.02524613124 -0.01178728449)
(0.9986960886 -0.01501883677 -0.009955727894)
(0.9948672239 -0.005737109998 -0.003811528753)
(0.9966066127 -0.004015918318 -0.002016391614)
(0.9988679142 -0.002259066405 -0.0009328252242)
(0.9996108409 -0.001319543011 -0.0004440409409)
(0.9998861427 -0.0008752771243 -0.000244330208)
(1.000099688 -0.0006878156822 -0.0001532511424)
(1.000242944 -0.0006227942664 -0.0001021167736)
(1.000313768 -0.0005983532688 -6.942644583e-05)
(1.000352302 -0.0005940070117 -4.796393007e-05)
(1.000376198 -0.0005992623041 -3.277677695e-05)
(1.000391446 -0.0006087314961 -2.099450357e-05)
(1.000400836 -0.0006195367625 -1.165467443e-05)
(1.000406511 -0.0006301788468 -4.169781762e-06)
(1.000409725 -0.0006402758518 1.578205366e-06)
(1.000412018 -0.0006491930948 6.781646991e-06)
(1.000397171 -0.000658523361 7.235910219e-06)
(0.9999920107 4.836029704e-05 4.761868377e-06)
(0.9999555173 0.0001512519039 1.588444541e-05)
(0.9998630949 0.0002910366141 3.759885865e-05)
(0.9996949296 0.0005093263928 8.241213715e-05)
(0.9994272167 0.0008889254524 0.0001844062058)
(0.9990142631 0.001583345801 0.0003953395984)
(0.9985896885 0.002977205444 0.00089466497)
(0.9983075841 0.005388805614 0.001905911398)
(1.000378634 0.009539026345 0.003884757225)
(1.004507396 0.009273781038 0.003962535149)
(1.008333508 0.00633262506 0.002927434872)
(1.010220287 0.002005219179 0.001156644023)
(1.010173845 -0.002706268317 -0.0008973129072)
(1.008248958 -0.007286282761 -0.002905501489)
(1.004901143 -0.009921333043 -0.003939122125)
(1.001014468 -0.009367280339 -0.003590569537)
(0.9984788807 -0.005306437911 -0.001814583746)
(0.9988730121 -0.002618459017 -0.0004405821086)
(0.9996800181 -0.001675088043 6.705579012e-05)
(0.9999498991 -0.00128806226 0.0002628651793)
(1.000063836 -0.001039604324 0.0003791948023)
(1.000195628 -0.0009073219217 0.0004382612584)
(1.000328315 -0.0008493526954 0.0004465951117)
(1.000405711 -0.000818890265 0.0004442862417)
(1.000450402 -0.0007998522878 0.0004361423254)
(1.000482047 -0.0007880362908 0.0004252097914)
(1.000504521 -0.0007806597276 0.0004132751212)
(1.000519802 -0.0007757003514 0.0004004640913)
(1.000530382 -0.0007720870056 0.0003878723662)
(1.000538435 -0.0007691822973 0.0003750418325)
(1.000544841 -0.0007668902174 0.0003634544424)
(1.000549552 -0.0007651315905 0.0003531780372)
(0.9999958828 5.744354289e-05 3.736875746e-06)
(0.9999770503 0.0001784467925 1.236152108e-05)
(0.9999311995 0.0003360079729 2.812335227e-05)
(0.9998555084 0.0005668310986 5.927950038e-05)
(0.9997558511 0.0009300734557 0.0001227696413)
(0.9996477866 0.001513693676 0.0002440991591)
(0.9996459455 0.002467973632 0.000486206311)
(0.999938259 0.003838955229 0.0008853863196)
(1.001210699 0.005637561965 0.001536761302)
(1.003640426 0.005884424378 0.001755103582)
(1.00600278 0.004269930356 0.001500528182)
(1.007236418 0.001566091505 0.0009046475964)
(1.007226681 -0.001297095333 0.0002279857365)
(1.006030136 -0.003958560929 -0.0003916113273)
(1.004156301 -0.005381247966 -0.0006670911354)
(1.001885869 -0.005345608398 -0.0008827405426)
(1.000030492 -0.003527586042 -0.000540495187)
(0.9997033332 -0.001950484845 -0.000152386833)
(0.9999655093 -0.001300817178 5.130259168e-08)
(1.000119993 -0.0009064177005 6.477909371e-05)
(1.00018861 -0.0005540331733 0.0001263441564)
(1.000251825 -0.0003322927509 0.0001648636481)
(1.00031077 -0.0001711954214 0.0001864439279)
(1.000352279 -8.961827455e-05 0.000202805113)
(1.0003766 -3.33698324e-05 0.0002171585239)
(1.000391305 4.16056848e-06 0.0002303161935)
(1.000400084 2.6959713e-05 0.0002417899671)
(1.000405822 4.134869486e-05 0.0002531443851)
(1.000409479 4.912922599e-05 0.000263489012)
(1.000410617 5.303722114e-05 0.0002742882828)
(1.000414757 5.39841715e-05 0.000284101655)
(1.0003956 5.178024741e-05 0.0002950193193)
(0.9999996652 5.960453179e-05 2.743410263e-06)
(0.9999963639 0.0001840419799 9.024876803e-06)
(0.99999038 0.0003394415777 1.985699111e-05)
(0.9999865744 0.0005535110542 4.007190735e-05)
(1.000000345 0.0008628153762 7.80993435e-05)
(1.00006279 0.001308593619 0.0001456312291)
(1.000255385 0.001944112589 0.0002633052128)
(1.000700286 0.00273245274 0.0004381811406)
(1.001644602 0.00357597091 0.0006849853593)
(1.003141655 0.003683290273 0.0007896969518)
(1.004632415 0.002726876544 0.0006234526205)
(1.005491427 0.001075536668 0.0002865071669)
(1.005526086 -0.000692147115 -0.0001001998335)
(1.004830638 -0.00224614528 -0.0004546594531)
(1.00358916 -0.003197541805 -0.0007511418985)
(1.002111961 -0.003387988309 -0.0008777584056)
(1.000819191 -0.00263151821 -0.0007055814145)
(1.000310996 -0.001674329379 -0.0004427342793)
(1.000295362 -0.001108708661 -0.0002895671271)
(1.000303031 -0.0007762763086 -0.000209396907)
(1.000269539 -0.000525819858 -0.000155258373)
(1.000252947 -0.0003485982539 -0.0001200713504)
(1.00026154 -0.0002484670374 -0.0001042167979)
(1.000271218 -0.0001889572946 -9.605871378e-05)
(1.000276088 -0.000154464672 -9.209830989e-05)
(1.000278973 -0.0001327934454 -9.125588034e-05)
(1.000282255 -0.0001216917818 -9.210982855e-05)
(1.000285558 -0.0001182510436 -9.385390882e-05)
(1.000287876 -0.0001188746938 -9.61173031e-05)
(1.000290032 -0.0001217818001 -9.884958344e-05)
(1.000291236 -0.0001261808055 -0.0001015952254)
(1.000297292 -0.0001308945475 -0.0001053714719)
(1.000001948 5.585497746e-05 1.950996565e-06)
(1.000011615 0.0001715736575 6.297105777e-06)
(1.000036371 0.0003109571109 1.341571559e-05)
(1.000083531 0.0004932995544 2.604126156e-05)
(1.000169146 0.0007389878671 4.827438583e-05)
(1.000321976 0.001064871117 8.518374549e-05)
(1.000594056 0.001479770839 0.0001436104715)
(1.001052514 0.001937199236 0.0002230881817)
(1.001781118 0.002333651543 0.0003168310152)
(1.002768202 0.002337454753 0.000358032238)
(1.003734636 0.001740564474 0.000290905088)
(1.004324656 0.0006948563738 0.0001474244797)
(1.00436718 -0.0004496362177 -2.032665228e-05)
(1.003906942 -0.001464668552 -0.0001709400148)
(1.003069753 -0.002143289395 -0.0002740751826)
(1.002071436 -0.002328182913 -0.0002886987763)
(1.001201951 -0.00197244369 -0.0002162279556)
(1.000691218 -0.001387393453 -0.0001150441307)
(1.000515108 -0.0009742234237 -5.966855238e-05)
(1.000425191 -0.0007279888388 -4.153658829e-05)
(1.000337081 -0.0005267248811 -3.203858549e-05)
(1.000278543 -0.0003660085991 -2.510701317e-05)
(1.000253782 -0.0002537951794 -2.136560825e-05)
(1.000241601 -0.000175077532 -1.976898786e-05)
(1.000232519 -0.0001213683948 -1.817974078e-05)
(1.000225293 -7.986214569e-05 -1.656944689e-05)
(1.000221363 -5.251116679e-05 -1.460535199e-05)
(1.00021875 -3.085985301e-05 -1.254677088e-05)
(1.000217283 -1.823620934e-05 -1.014847035e-05)
(1.0002151 -7.125996148e-06 -7.671546376e-06)
(1.000215371 -2.253120798e-06 -5.366877956e-06)
(1.000204543 1.989160141e-06 -2.858270737e-06)
(1.000004107 4.756464329e-05 1.329919001e-06)
(1.000022754 0.0001454603862 4.25949898e-06)
(1.00006926 0.0002600527635 8.830749928e-06)
(1.000150293 0.0004039070718 1.654323861e-05)
(1.000278828 0.0005874795757 2.935383532e-05)
(1.000476573 0.0008153529677 4.940687906e-05)
(1.000774383 0.001080937666 7.872046786e-05)
(1.00120422 0.001345216976 0.0001155862764)
(1.001786455 0.001532748727 0.0001536889957)
(1.002486525 0.001492671287 0.000170353126)
(1.003147068 0.001117045835 0.0001399456626)
(1.003568867 0.0004586583051 6.898745841e-05)
(1.003617094 -0.0002639420533 -2.023263671e-05)
(1.003312334 -0.000897700276 -0.0001006227966)
(1.002745066 -0.001319944445 -0.0001593995268)
(1.002044722 -0.001450265342 -0.00018548059)
(1.001388837 -0.001284957416 -0.0001740736279)
(1.000913025 -0.0009616541964 -0.0001369511151)
(1.000659603 -0.0006947675779 -0.0001071921241)
(1.000506958 -0.0005150111427 -8.987407718e-05)
(1.00038144 -0.0003675587519 -7.631882541e-05)
(1.000289578 -0.0002456375483 -6.560764435e-05)
(1.00023505 -0.0001602390924 -5.897464534e-05)
(1.000199821 -0.0001025154601 -5.511203335e-05)
(1.00017499 -6.501067782e-05 -5.273905643e-05)
(1.00015624 -3.870724204e-05 -5.106487714e-05)
(1.000144059 -2.271526743e-05 -5.018053802e-05)
(1.000135363 -1.292576135e-05 -4.964503893e-05)
(1.000129652 -8.472543605e-06 -4.958625512e-05)
(1.000124935 -7.069162419e-06 -4.975620704e-05)
(1.000122324 -7.486117372e-06 -5.007667679e-05)
(1.000120023 -1.035089364e-05 -5.077829653e-05)
(1.000005444 3.601713485e-05 9.016424782e-07)
(1.000030219 0.0001098293183 2.869664473e-06)
(1.000091101 0.0001944258276 5.799573616e-06)
(1.000193279 0.0002973919837 1.050849497e-05)
(1.000346051 0.0004236090931 1.793041463e-05)
(1.000564433 0.0005727063894 2.893372415e-05)
(1.000865624 0.0007354593231 4.396487849e-05)
(1.001261385 0.0008843390672 6.163216967e-05)
(1.001747185 0.0009724572106 7.794726769e-05)
(1.002280428 0.0009270581825 8.378988979e-05)
(1.002765459 0.0006937244712 6.806482478e-05)
(1.003079323 0.0002817045485 3.095537582e-05)
(1.003123522 -0.0001581694609 -1.344112453e-05)
(1.002907328 -0.00055585842 -5.433181304e-05)
(1.00248591 -0.0008276102746 -8.329155475e-05)
(1.001962615 -0.0009336315899 -9.502853942e-05)
(1.00143162 -0.0008735158001 -8.71411274e-05)
(1.001010973 -0.0007075970837 -6.648103561e-05)
(1.000733748 -0.000543683796 -4.77759526e-05)
(1.000545559 -0.0004196009261 -3.780851241e-05)
(1.000398888 -0.0003178147547 -3.254712558e-05)
(1.000287614 -0.0002313012079 -2.891545845e-05)
(1.000215576 -0.0001684323589 -2.742151333e-05)
(1.000165702 -0.0001227801715 -2.698092304e-05)
(1.000131798 -9.146964175e-05 -2.684069092e-05)
(1.000105945 -6.688529535e-05 -2.668890922e-05)
(1.000089923 -5.075919062e-05 -2.667668592e-05)
(1.000077333 -3.766029445e-05 -2.647570713e-05)
(1.000070209 -3.012551347e-05 -2.642243885e-05)
(1.000063065 -2.313819314e-05 -2.598242304e-05)
(1.000060217 -1.954271102e-05 -2.554673236e-05)
(1.000052059 -1.660077088e-05 -2.506716785e-05)
(1.000006251 2.237848239e-05 6.378775504e-07)
(1.000034728 6.811572583e-05 2.01810597e-06)
(1.000104161 0.0001198125366 3.98856309e-06)
(1.000218384 0.0001814515271 7.014302701e-06)
(1.00038378 0.0002550482532 1.155966854e-05)
(1.000610722 0.0003391161412 1.795775642e-05)
(1.000908288 0.0004270759724 2.618675173e-05)
(1.00127847 0.0005025410592 3.52069281e-05)
(1.001704747 0.0005420963674 4.270814902e-05)
(1.002149542 0.000510008218 4.445570772e-05)
(1.0025457 0.0003765451533 3.502427792e-05)
(1.002786796 0.0001526348223 1.446890846e-05)
(1.002822287 -8.244410751e-05 -9.255805519e-06)
(1.002659294 -0.0003003993785 -3.295401777e-05)
(1.002325353 -0.0004499640587 -5.052000122e-05)
(1.001898036 -0.0005111451736 -5.911378782e-05)
(1.001451717 -0.0004847934043 -5.837588358e-05)
(1.001069925 -0.0003990808952 -5.134389422e-05)
(1.000785404 -0.0003063872285 -4.448340856e-05)
(1.000576456 -0.0002317303479 -4.032653596e-05)
(1.000415053 -0.0001701174358 -3.735878306e-05)
(1.000291885 -0.0001176385374 -3.490928456e-05)
(1.000207293 -7.87866861e-05 -3.328095268e-05)
(1.000147014 -4.840078854e-05 -3.232580338e-05)
(1.000105298 -2.976086485e-05 -3.166954479e-05)
(1.000073342 -1.395709059e-05 -3.111075434e-05)
(1.000052941 -4.931633676e-06 -3.077961194e-05)
(1.000036398 2.94620462e-06 -3.049683337e-05)
(1.000026947 6.484394125e-06 -3.03681748e-05)
(1.000017153 9.309798096e-06 -3.023862625e-05)
(1.000012743 1.023239756e-05 -3.018629716e-05)
(1.000004662 1.016495233e-05 -3.022658424e-05)
(1.000006628 7.582401684e-06 5.131573461e-07)
(1.000036832 2.305863439e-05 1.617209495e-06)
(1.000110214 4.04314262e-05 3.149146661e-06)
(1.000229857 6.093532214e-05 5.426645609e-06)
(1.000400529 8.509176853e-05 8.728549027e-06)
(1.000630449 0.0001122601087 1.320772447e-05)
(1.000924428 0.0001401885962 1.870638491e-05)
(1.001282708 0.0001630811257 2.440197295e-05)
(1.001677005 0.0001752382052 2.871131593e-05)
(1.002099045 0.0001609662492 2.873266318e-05)
(1.002433146 0.0001250607381 2.302238027e-05)
(1.002679009 3.360180116e-05 4.209597892e-06)
(1.002682914 -2.679656801e-05 -8.718908135e-06)
(1.002539828 -9.517097456e-05 -2.482222656e-05)
(1.002245624 -0.0001428646542 -3.737826521e-05)
(1.001860719 -0.000163196348 -4.387717988e-05)
(1.001452447 -0.0001572312201 -4.423775145e-05)
(1.001087177 -0.000133520569 -4.015333784e-05)
(1.000802095 -0.0001068716197 -3.521607793e-05)
(1.000584083 -8.495513529e-05 -3.152834673e-05)
(1.000416574 -6.699473858e-05 -2.902601748e-05)
(1.000288768 -5.177781598e-05 -2.684780865e-05)
(1.000198704 -4.056593318e-05 -2.585431145e-05)
(1.000132737 -3.218396983e-05 -2.507101697e-05)
(1.000088415 -2.612442356e-05 -2.470766532e-05)
(1.000053893 -2.240784778e-05 -2.448736917e-05)
(1.000032478 -1.995217951e-05 -2.44788303e-05)
(1.00001442 -1.826647592e-05 -2.445114196e-05)
(1.000004443 -1.723721284e-05 -2.447312809e-05)
(0.9999939951 -1.641422703e-05 -2.450248841e-05)
(0.999989407 -1.594786826e-05 -2.452943534e-05)
(0.9999803682 -1.535051035e-05 -2.449684857e-05)
(1.000006654 -7.512148081e-06 9.038759149e-07)
(1.000036974 -2.283677497e-05 2.838547282e-06)
(1.000110623 -3.999175137e-05 5.46503051e-06)
(1.000230679 -6.015021996e-05 9.295186573e-06)
(1.000401873 -8.376269659e-05 1.477926627e-05)
(1.000632295 -0.0001100924122 2.21701283e-05)
(1.000926459 -0.0001368503656 3.124644804e-05)
(1.00128412 -0.000158337831 4.076577243e-05)
(1.001676487 -0.0001691061141 4.835029363e-05)
(1.002094821 -0.0001543097024 4.973758355e-05)
(1.002424951 -0.0001191253343 4.265791501e-05)
(1.00266614 -3.114052124e-05 1.729756854e-05)
(1.002669046 2.679602017e-05 -3.663234931e-07)
(1.00252747 9.250284398e-05 -2.191758918e-05)
(1.002236821 0.0001383697011 -3.777922589e-05)
(1.001856142 0.0001580751698 -4.443680226e-05)
(1.00145195 0.0001527444046 -4.194078125e-05)
(1.001089172 0.0001305232338 -3.314808812e-05)
(1.000804203 0.0001049663648 -2.359104224e-05)
(1.000585274 8.339544082e-05 -1.648957284e-05)
(1.00041739 6.566168269e-05 -1.155134205e-05)
(1.000289607 5.077315219e-05 -7.890414739e-06)
(1.000199547 3.970858218e-05 -5.623029829e-06)
(1.000133656 3.184792118e-05 -3.80213413e-06)
(1.000089391 2.563985042e-05 -3.022340413e-06)
(1.000054939 2.199212534e-05 -2.732602028e-06)
(1.000033737 1.973488279e-05 -2.617286581e-06)
(1.000015821 1.832877797e-05 -2.566144688e-06)
(1.000005956 1.754942179e-05 -2.552371945e-06)
(0.9999957106 1.717492299e-05 -2.596231107e-06)
(0.9999911968 1.713199137e-05 -2.638626422e-06)
(0.9999826402 1.720484519e-05 -2.731336871e-06)
(1.000006291 -2.216188736e-05 1.092472677e-06)
(1.000034944 -6.742990802e-05 3.445674907e-06)
(1.000104795 -0.0001184389847 6.737536501e-06)
(1.000219696 -0.000178967767 1.170228053e-05)
(1.000385996 -0.0002507635605 1.906664576e-05)
(1.000613932 -0.0003320459903 2.93501358e-05)
(1.000912131 -0.0004159870658 4.251002841e-05)
(1.001281914 -0.0004864274951 5.695669251e-05)
(1.001705472 -0.0005209549868 6.916545031e-05)
(1.002145397 -0.0004863231648 7.288993699e-05)
(1.002534754 -0.0003563188527 6.051339713e-05)
(1.002770157 -0.0001414037178 3.205065633e-05)
(1.002803706 8.26177982e-05 -6.790193494e-07)
(1.00264308 0.0002910372544 -3.280523186e-05)
(1.002314294 0.0004342349037 -5.534780986e-05)
(1.001893123 0.0004935788046 -6.429686477e-05)
(1.001452697 0.0004706759219 -5.9354996e-05)
(1.00107364 0.000392090336 -4.539628405e-05)
(1.000788784 0.0003049788607 -3.222294925e-05)
(1.000577782 0.0002322554422 -2.395461692e-05)
(1.000416023 0.00017172111 -1.845689096e-05)
(1.000292971 0.000120124035 -1.419243539e-05)
(1.000208193 8.17602804e-05 -1.151168769e-05)
(1.000147766 5.172966698e-05 -9.989331626e-06)
(1.000106299 3.249499618e-05 -9.006646782e-06)
(1.000074665 1.648920735e-05 -8.327956816e-06)
(1.000054438 6.842946446e-06 -7.913201301e-06)
(1.000038266 -1.54134949e-06 -7.583205665e-06)
(1.000028855 -6.076822619e-06 -7.29416715e-06)
(1.00001944 -9.917836919e-06 -6.919981521e-06)
(1.000015207 -1.165274735e-05 -6.574954198e-06)
(1.0000067 -1.236367462e-05 -6.179934197e-06)
(1.000005514 -3.56380913e-05 1.49007599e-06)
(1.000030604 -0.0001086234892 4.731489497e-06)
(1.000092257 -0.00019196312 9.474258016e-06)
(1.000195737 -0.0002928200692 1.69809338e-05)
(1.00035037 -0.0004154661173 2.867386092e-05)
(1.000571026 -0.0005587925246 4.584834662e-05)
(1.000874192 -0.0007127439278 6.908737739e-05)
(1.001270141 -0.0008500962837 9.613608589e-05)
(1.001752014 -0.000925591271 0.000120773342)
(1.002274313 -0.0008742771982 0.0001297730917)
(1.002747648 -0.0006479369134 0.0001079955811)
(1.003051034 -0.0002565207477 5.606590908e-05)
(1.00309273 0.0001582873286 -5.494566421e-06)
(1.002881578 0.000533576818 -6.205470651e-05)
(1.002469854 0.0007896906128 -0.0001003019046)
(1.001958517 0.0008902025458 -0.0001129600387)
(1.001438507 0.0008362633223 -9.764028497e-05)
(1.001022699 0.0006853263768 -6.468489627e-05)
(1.000741719 0.0005326859547 -3.689627152e-05)
(1.000548574 0.0004134669444 -2.101033691e-05)
(1.000400114 0.0003149374035 -1.086075484e-05)
(1.000288947 0.0002315577358 -3.740744498e-06)
(1.000216196 0.0001701813427 1.190643044e-06)
(1.000165939 0.0001257803566 2.710369988e-06)
(1.000131628 9.533992192e-05 3.610315792e-06)
(1.000105741 7.219343016e-05 4.171788375e-06)
(1.000089483 5.718660914e-05 4.345339662e-06)
(1.000076837 4.555460937e-05 4.160435287e-06)
(1.000069661 3.910703649e-05 3.858855763e-06)
(1.000062566 3.356872135e-05 3.289934427e-06)
(1.00005949 3.1316578e-05 2.778209909e-06)
(1.000053608 2.954337471e-05 2.15983087e-06)
(1.000004231 -4.700176685e-05 2.132351891e-06)
(1.000023444 -0.0001436552564 6.821682319e-06)
(1.000071378 -0.0002562652681 1.403383608e-05)
(1.000154935 -0.0003966141997 2.605020151e-05)
(1.000287303 -0.0005738744016 4.578436978e-05)
(1.000490218 -0.0007909160505 7.636677658e-05)
(1.000793284 -0.001038609419 0.0001203845491)
(1.001225687 -0.00127773211 0.0001748077958)
(1.001801075 -0.001434643364 0.0002286610732)
(1.00247899 -0.001379894555 0.0002503393724)
(1.00311143 -0.001024197742 0.0002073501235)
(1.003515468 -0.0004056842291 0.0001057821308)
(1.003560019 0.0002635423586 -1.542286605e-05)
(1.003264634 0.0008528377467 -0.0001250296439)
(1.002715588 0.001244998762 -0.0002003272862)
(1.002040097 0.001371139522 -0.0002259688172)
(1.00140258 0.001227517699 -0.0001964874603)
(1.000937312 0.000939659578 -0.0001348362653)
(1.000676333 0.0006894718951 -8.87126178e-05)
(1.000514177 0.0005117358166 -6.398894241e-05)
(1.000386025 0.0003674940375 -4.672104972e-05)
(1.000292807 0.0002480904131 -3.345861659e-05)
(1.000237212 0.0001629566784 -2.578388556e-05)
(1.000201299 0.0001028544329 -2.180944203e-05)
(1.000176745 6.249322932e-05 -1.925782197e-05)
(1.000158234 3.277662502e-05 -1.731613022e-05)
(1.000146562 1.397888341e-05 -1.582683997e-05)
(1.000137865 3.52109976e-07 -1.435313253e-05)
(1.000132819 -7.077066161e-06 -1.305670377e-05)
(1.000127898 -1.257063618e-05 -1.136694197e-05)
(1.000125611 -1.421098285e-05 -1.011722759e-05)
(1.000120778 -1.453798906e-05 -8.226818589e-06)
(1.00000226 -5.510617028e-05 3.056502522e-06)
(1.000012835 -0.0001691102305 9.868669428e-06)
(1.000040128 -0.000305592938 2.089041456e-05)
(1.000092042 -0.0004824820646 4.023331419e-05)
(1.000185375 -0.0007175745908 7.3873653e-05)
(1.00034974 -0.001023820316 0.0001291004078)
(1.000635234 -0.001402761787 0.0002144827771)
(1.001104104 -0.00180493885 0.0003272036624)
(1.001820164 -0.002123093027 0.0004504286155)
(1.002756761 -0.00209362111 0.0005013842092)
(1.003663787 -0.001546201389 0.0004083670745)
(1.004220581 -0.0005956269238 0.0002011238571)
(1.004258402 0.00043664694 -3.592300818e-05)
(1.003818049 0.001347029551 -0.00024819628)
(1.00302973 0.001944956132 -0.0003851245151)
(1.002083081 0.002112604832 -0.0004077214428)
(1.001245978 0.001820663293 -0.000305187451)
(1.000737407 0.001333402202 -0.0001587176408)
(1.000538144 0.0009688371221 -7.346686038e-05)
(1.000432534 0.0007307379105 -3.684433518e-05)
(1.000340909 0.0005390066213 -1.320247079e-05)
(1.000279105 0.0003854203357 4.602610557e-06)
(1.000250514 0.0002795000292 1.454230141e-05)
(1.000235681 0.0002062590212 1.910853003e-05)
(1.000225495 0.0001562005018 2.105040076e-05)
(1.000218028 0.0001193290767 2.159708572e-05)
(1.000213723 9.461263639e-05 2.11081398e-05)
(1.00021104 7.641661819e-05 1.984768043e-05)
(1.000209482 6.529808294e-05 1.834902192e-05)
(1.000207939 5.674098971e-05 1.669588749e-05)
(1.000207665 5.290885376e-05 1.530264202e-05)
(1.000204086 5.007976058e-05 1.359571927e-05)
(0.9999998609 -5.866866459e-05 4.233995537e-06)
(0.9999983663 -0.0001809425552 1.392221203e-05)
(0.999996788 -0.0003324011864 3.044804101e-05)
(1.000001656 -0.0005384885438 6.102307183e-05)
(1.000030603 -0.000830703781 0.0001176307322)
(1.000118496 -0.00124186044 0.0002168165947)
(1.000344833 -0.001804659798 0.0003837422377)
(1.000826101 -0.002470292504 0.0006213233474)
(1.001746141 -0.00310636813 0.0009151003124)
(1.003119375 -0.003140183996 0.001031193324)
(1.004477156 -0.002293443698 0.0008179454143)
(1.005271067 -0.0008519548026 0.0003757582191)
(1.00529386 0.0006768809914 -0.0001171432339)
(1.00464405 0.002006683072 -0.0005741260072)
(1.003476665 0.00283242632 -0.0008931115471)
(1.002137932 0.002968292501 -0.0009784986521)
(1.00095951 0.002339504316 -0.000733708836)
(1.000438171 0.001541831308 -0.0004154269046)
(1.000354384 0.001033766292 -0.0002388148792)
(1.000328161 0.000723824941 -0.000155873842)
(1.000285887 0.0004830931872 -0.000103362638)
(1.00026557 0.0003037243583 -7.164283008e-05)
(1.000269802 0.0001913595285 -5.679208155e-05)
(1.000277967 0.0001193403754 -4.937157683e-05)
(1.000282372 7.372115095e-05 -4.396584409e-05)
(1.00028521 4.287471684e-05 -3.924302187e-05)
(1.000287873 2.421435072e-05 -3.496166415e-05)
(1.000290543 1.212056787e-05 -3.054913292e-05)
(1.000292293 6.318983574e-06 -2.648942098e-05)
(1.000294008 2.92063045e-06 -2.159456266e-05)
(1.000295105 2.103073932e-06 -1.778964177e-05)
(1.000296405 3.478809195e-06 -1.154107528e-05)
(0.9999964491 -5.638133682e-05 5.70028418e-06)
(0.9999802187 -0.0001749063127 1.884637492e-05)
(0.9999415117 -0.0003276341037 4.262290984e-05)
(0.9998810812 -0.0005476902749 8.92488649e-05)
(0.9998104312 -0.0008854279072 0.0001820790873)
(0.999758424 -0.001408743705 0.0003569369913)
(0.9998402821 -0.002218076937 0.0006838682937)
(1.000251113 -0.003295660644 0.001190053778)
(1.00147083 -0.004551900576 0.001912912502)
(1.003597784 -0.004674005893 0.002158986702)
(1.005667317 -0.003315197649 0.001680456101)
(1.006770447 -0.00110479766 0.0007697963189)
(1.006737108 0.001212258829 -0.0001985839175)
(1.005711621 0.003260386035 -0.001075104952)
(1.003937383 0.00447060641 -0.001602441042)
(1.001934622 0.004508114243 -0.001716846462)
(1.000292637 0.003198432238 -0.001113125418)
(0.9999065387 0.002004111207 -0.0005519261746)
(1.000049158 0.001375526484 -0.0003073376365)
(1.000153648 0.0009833881339 -0.0001788970473)
(1.000192021 0.0006771698896 -7.499140331e-05)
(1.000237511 0.0004608641477 -7.133587025e-06)
(1.000289089 0.0003259484875 2.571114179e-05)
(1.000327354 0.0002372230809 4.082002655e-05)
(1.000350086 0.0001778012864 4.719579983e-05)
(1.000364856 0.000136888876 4.845119035e-05)
(1.000375296 0.000110051263 4.661007562e-05)
(1.000383037 9.150040188e-05 4.299452555e-05)
(1.000388007 7.966377132e-05 3.898681781e-05)
(1.000391276 7.199858258e-05 3.447349048e-05)
(1.000394395 6.833532832e-05 3.074875499e-05)
(1.000390445 6.624646319e-05 2.554431497e-05)
(0.9999928309 -4.732116777e-05 7.193861839e-06)
(0.9999601236 -0.0001477293036 2.406746441e-05)
(0.9998785878 -0.0002824125865 5.63031965e-05)
(0.9997357503 -0.0004885851076 0.0001235629994)
(0.9995221881 -0.0008351897926 0.0002683261033)
(0.9992328871 -0.001439284256 0.0005701962031)
(0.999016348 -0.002542811921 0.00120158936)
(0.9991396111 -0.004237891599 0.00231144531)
(1.000825376 -0.006649476034 0.004110540242)
(1.004298228 -0.006839593778 0.004555551628)
(1.007503248 -0.004678023784 0.003424697714)
(1.009061312 -0.001452652214 0.001405893363)
(1.008967074 0.002000776079 -0.0008265762857)
(1.007399504 0.005187651833 -0.002861908762)
(1.004572057 0.00714912429 -0.004038027077)
(1.001407104 0.006908642247 -0.004002285265)
(0.9991942582 0.004121017731 -0.002244685722)
(0.9992068558 0.002207658446 -0.0009238632695)
(0.9996963855 0.001446068695 -0.0005232608236)
(0.999934375 0.001041404576 -0.0003813797375)
(1.000056891 0.0007542146944 -0.0003054336145)
(1.000171794 0.0005832159237 -0.0002712553525)
(1.000274212 0.0004851680269 -0.0002578152593)
(1.000343093 0.0004240278062 -0.0002463556645)
(1.000384895 0.0003839063532 -0.000233555607)
(1.000413881 0.0003563704646 -0.0002194319216)
(1.000434098 0.0003379225474 -0.0002049078698)
(1.000448938 0.0003240627117 -0.0001905252564)
(1.00045929 0.0003138403265 -0.0001762816749)
(1.000467472 0.0003052934362 -0.0001619531484)
(1.000473015 0.000299310709 -0.0001484431043)
(1.000479617 0.0002926689864 -0.000136741803)
(0.9999895616 -3.169184681e-05 8.449453456e-06)
(0.9999419293 -9.940764671e-05 2.85656414e-05)
(0.9998199251 -0.000193194187 6.867159449e-05)
(0.9995899261 -0.0003445533115 0.0001567615986)
(0.9992023925 -0.0006202759225 0.0003628849008)
(0.9985391738 -0.001167477239 0.0008399597516)
(0.9977733858 -0.002363311412 0.002047078483)
(0.9970364972 -0.004763615956 0.004493277905)
(0.9999290124 -0.009130135667 0.009484176512)
(1.00545 -0.009291100519 0.009348225003)
(1.010216432 -0.006332529359 0.006419363394)
(1.012333002 -0.002318125591 0.002199792688)
(1.012197879 0.002013564111 -0.002437076577)
(1.010023566 0.006297250005 -0.006771717492)
(1.005389457 0.009640284366 -0.009283979982)
(0.9999064691 0.01029180091 -0.008759988473)
(0.996915221 0.006080555396 -0.004709144612)
(0.9979434389 0.003683882508 -0.002524703786)
(0.9992310273 0.002305581885 -0.001195710268)
(0.9997628818 0.001579987311 -0.0005082640327)
(0.9999876967 0.001186493035 -0.0001183966261)
(1.000187918 0.0009703589442 8.14770435e-06)
(1.000331242 0.0008628610441 4.19680183e-05)
(1.000414289 0.0008091797276 4.849270809e-05)
(1.000461509 0.0007796186907 4.037328084e-05)
(1.000495135 0.0007616898619 2.531482569e-05)
(1.000517001 0.0007527698538 7.690580886e-06)
(1.000530402 0.0007492042527 -1.070529792e-05)
(1.000538813 0.0007486486955 -2.824840219e-05)
(1.000544918 0.00074948043 -4.518388312e-05)
(1.000549802 0.0007511888738 -5.991784957e-05)
(1.000553033 0.0007531322806 -7.264108767e-05)
(0.9999876241 -1.079342496e-05 9.173741246e-06)
(0.9999311087 -3.481777475e-05 3.125362734e-05)
(0.9997835686 -6.845428171e-05 7.574390669e-05)
(0.9994955085 -0.0001244577003 0.0001785608295)
(0.9989649047 -0.0002314641363 0.0004214288532)
(0.9979419262 -0.0004643559373 0.001064562201)
(0.9962318866 -0.001036530667 0.002812390424)
(0.9938714968 -0.00242439703 0.008712282668)
(0.9978371966 -0.005354029816 0.01846165636)
(1.006453504 -0.005577540976 0.01699427197)
(1.013288416 -0.003845790886 0.01087105708)
(1.015771099 -0.001762995226 0.004110721823)
(1.015790447 0.0005292630761 -0.003056967925)
(1.013438036 0.002927928136 -0.009966678706)
(1.00766211 0.004945693243 -0.0154035003)
(0.9990810822 0.005892991259 -0.01461449531)
(0.9934736129 0.00271216377 -0.001946791869)
(0.9955691321 0.001749918174 -0.001963418139)
(0.9978930914 0.0006813806931 -0.001520113159)
(0.9988646222 5.060276795e-05 -0.0009974947139)
(0.9993923256 -0.0003335502714 -0.0007060675525)
(0.9997646114 -0.0005840213267 -0.0005495037809)
(0.9999848424 -0.0007578184741 -0.0004460609624)
(1.000109386 -0.0008965066407 -0.0003618922655)
(1.000186035 -0.000989652457 -0.0002907398693)
(1.000236567 -0.001057454229 -0.0002316353338)
(1.000270103 -0.001110912919 -0.000183073597)
(1.000292815 -0.001154357377 -0.000140435479)
(1.000307496 -0.001189932917 -0.0001047047679)
(1.000318538 -0.001219808829 -7.001556158e-05)
(1.000325681 -0.001244038006 -4.556154437e-05)
(1.000325766 -0.001262152263 -1.0142459e-05)
(0.9999876252 1.110134173e-05 9.153539399e-06)
(0.9999311055 3.575288376e-05 3.1184906e-05)
(0.9997835953 7.000434777e-05 7.561179788e-05)
(0.9994953444 0.0001266748152 0.000178210494)
(0.9989646638 0.0002337562499 0.0004209146621)
(0.9979369125 0.0004663053543 0.001062437181)
(0.9962173708 0.001026842245 0.002815055437)
(0.9937763407 0.002395285751 0.008764353795)
(0.997759537 0.005169229579 0.01870953124)
(1.006481057 0.005400110742 0.01710957583)
(1.01331855 0.003694486604 0.01102946085)
(1.015791352 0.001622895892 0.004193991097)
(1.015780863 -0.0006666844187 -0.003060475334)
(1.013410973 -0.003073218131 -0.01003972969)
(1.007521971 -0.005124865263 -0.01551259854)
(0.9988152357 -0.006234572432 -0.01443688535)
(0.9930846991 -0.003473586185 -0.00140842059)
(0.9952005391 -0.002604526266 -0.0008019222318)
(0.9975898425 -0.001802129412 0.0005818472043)
(0.9986441328 -0.001250038936 0.001592682746)
(0.9992140213 -0.000926028616 0.00196926349)
(0.9996069068 -0.0007432932562 0.002036234566)
(0.9998557182 -0.0006207413401 0.002041479685)
(0.9999977271 -0.000567798401 0.002021772771)
(1.000081108 -0.0005301700822 0.001991267717)
(1.000138864 -0.0005037401221 0.001958503775)
(1.000178565 -0.0004863107351 0.001928011547)
(1.000205991 -0.0004747229774 0.001900722677)
(1.000224681 -0.0004667604454 0.001876305756)
(1.000240524 -0.0004610772633 0.001854868592)
(1.000245434 -0.0004579035905 0.001837974561)
(1.000291506 -0.0004543745941 0.001817522551)
(0.9999895638 3.19906215e-05 8.392565945e-06)
(0.9999419351 0.0001003042117 2.837878812e-05)
(0.9998199378 0.0001947149032 6.828372274e-05)
(0.9995896783 0.0003466452046 0.0001559251597)
(0.9992014954 0.000623102826 0.0003613313841)
(0.9985333381 0.001170203628 0.0008366203153)
(0.9977631266 0.002371046079 0.002045671904)
(0.9969863703 0.004774901991 0.004506936795)
(0.9999132868 0.009250213496 0.009565635736)
(1.00544977 0.009388352149 0.00940946974)
(1.010202353 0.006399510758 0.006549338534)
(1.012331084 0.002354631319 0.002342621722)
(1.012204596 -0.001982509729 -0.002299113646)
(1.010036466 -0.006234911764 -0.006626149789)
(1.005344672 -0.009571642557 -0.009157307037)
(0.9998098874 -0.01006431353 -0.00862469594)
(0.9968545054 -0.00579540511 -0.004372882034)
(0.9980048941 -0.002962908878 -0.001833005349)
(0.9993455459 -0.001440982045 -0.001008699784)
(0.9998666841 -0.0006619521098 -0.0007143346314)
(1.000074236 -0.0001752786741 -0.0006143529825)
(1.000234491 7.976587413e-05 -0.0006107720573)
(1.000363912 0.0002280428209 -0.0006201703517)
(1.000443857 0.000318302395 -0.0006245797127)
(1.000487841 0.0003791094522 -0.0006261113225)
(1.000515878 0.0004221783209 -0.0006248537798)
(1.000534124 0.0004510549073 -0.0006209702201)
(1.000545985 0.0004722141463 -0.0006155939291)
(1.000553678 0.000485969741 -0.0006090619903)
(1.000558887 0.0004975192662 -0.0006016278793)
(1.000561631 0.0005038288227 -0.0005941548765)
(1.000558897 0.0005106553182 -0.0005878448477)
(0.9999928348 4.759957948e-05 7.109183945e-06)
(0.9999601405 0.0001485670506 2.379631108e-05)
(0.9998786234 0.0002838344941 5.573564154e-05)
(0.9997356393 0.0004906264401 0.0001224801203)
(0.9995216512 0.0008380998579 0.000266242715)
(0.9992301789 0.00144354907 0.0005664386764)
(0.9990107256 0.0025525684 0.001195743504)
(0.9991209387 0.004254660209 0.002302466545)
(1.000806067 0.006707527083 0.004121788326)
(1.00428941 0.00689981766 0.004560501007)
(1.007495641 0.004747077001 0.003439456411)
(1.009060367 0.001529282355 0.001430314)
(1.008970104 -0.001922389752 -0.000794726414)
(1.007402166 -0.005112604877 -0.002823877195)
(1.004558475 -0.007065240117 -0.004002443136)
(1.001391923 -0.006775849406 -0.003953270557)
(0.9991684749 -0.003927375374 -0.002239221773)
(0.9991853827 -0.001945570172 -0.0009917944866)
(0.9996773305 -0.001260387202 -0.0006697186696)
(0.9998831688 -0.0009260496545 -0.0005276492809)
(0.9999878526 -0.0006765508469 -0.0004079218866)
(1.000100967 -0.0005298204541 -0.0003465492592)
(1.000212772 -0.0004408907222 -0.000328002708)
(1.000287166 -0.0003865156209 -0.0003259278593)
(1.00033364 -0.0003509517774 -0.0003304838279)
(1.000366945 -0.000327373695 -0.0003387037921)
(1.000393262 -0.0003118492916 -0.0003484309357)
(1.000412061 -0.0003008177552 -0.0003594304083)
(1.000423485 -0.0002939372911 -0.0003691153596)
(1.000436481 -0.0002885289615 -0.0003815272171)
(1.000437756 -0.0002868202562 -0.0003883265239)
(1.000478784 -0.0002863692135 -0.0003988564652)
(0.9999964553 5.663144339e-05 5.59882015e-06)
(0.9999802504 0.0001756596288 1.852358635e-05)
(0.9999415926 0.0003289179121 4.197466781e-05)
(0.9998811502 0.0005495500832 8.805990665e-05)
(0.9998103484 0.000888091783 0.0001799514513)
(0.9997574833 0.001412537579 0.0003532016917)
(0.9998378197 0.002225057694 0.0006776854216)
(1.00024432 0.003306774553 0.001180756134)
(1.001463271 0.00458075816 0.001905277991)
(1.003594186 0.004707547615 0.002148182834)
(1.005665429 0.003354519437 0.001668354295)
(1.006769483 0.001152032906 0.0007581314445)
(1.006736925 -0.00117012382 -0.0002157564413)
(1.005712904 -0.003216236166 -0.001097685107)
(1.003935495 -0.004426072962 -0.001636949074)
(1.001925236 -0.004444753253 -0.001759657294)
(1.000279624 -0.003149736782 -0.00119364724)
(0.9998784167 -0.001914047794 -0.0005975750729)
(1.000039204 -0.001288778253 -0.0003481527828)
(1.000157038 -0.0008696597411 -0.0002336185053)
(1.000200297 -0.0005232704938 -0.0001608501058)
(1.000249785 -0.0002590553172 -0.0001245513854)
(1.000301189 -9.216398609e-05 -0.0001165806105)
(1.000338414 2.731131988e-05 -0.0001190962119)
(1.000357366 0.0001084367823 -0.0001232775158)
(1.000371052 0.0001765443716 -0.0001279908316)
(1.000380717 0.000224226376 -0.0001322427935)
(1.000386331 0.0002582436131 -0.0001353922346)
(1.000389829 0.0002829555685 -0.0001375246653)
(1.000391759 0.0003019191628 -0.0001387545323)
(1.000393276 0.0003156666881 -0.000139593602)
(1.000389132 0.0003254965791 -0.0001404513776)
(0.9999998656 5.88849865e-05 4.125517571e-06)
(0.99999841 0.0001815933463 1.358009417e-05)
(0.9999969083 0.0003335063267 2.978125823e-05)
(1.000001849 0.0005400852749 5.985259869e-05)
(1.000030812 0.0008329213178 0.0001156468571)
(1.000118442 0.001244900019 0.0002135302604)
(1.00034424 0.001809416415 0.0003785307011)
(1.000824173 0.00247765008 0.0006134570612)
(1.001743647 0.003120402443 0.0009051857045)
(1.003118224 0.003157537201 0.00101907868)
(1.004476799 0.002312794751 0.0008038929965)
(1.0052711 0.0008746846072 0.000360443956)
(1.005294631 -0.0006550302793 -0.0001351923759)
(1.004645689 -0.001981823028 -0.0005952957664)
(1.003476788 -0.002807451948 -0.0009187350379)
(1.00213454 -0.002936678403 -0.001009733532)
(1.000956903 -0.002308209112 -0.0007750267281)
(1.000430681 -0.001481873526 -0.000453571385)
(1.000356716 -0.0009603337925 -0.0002858704037)
(1.000332598 -0.0006551250865 -0.0002171092157)
(1.000283531 -0.0004180363412 -0.0001709229567)
(1.000255285 -0.0002469136681 -0.0001410628115)
(1.000257682 -0.0001429774041 -0.0001248130107)
(1.000263454 -7.915146863e-05 -0.0001183637509)
(1.000266314 -3.799588763e-05 -0.0001168265067)
(1.000268181 -1.082417731e-05 -0.0001171113647)
(1.000270737 5.133355505e-06 -0.0001185040153)
(1.000273896 1.6326715e-05 -0.0001208329685)
(1.000275691 2.181613395e-05 -0.000123324489)
(1.000278597 2.587427108e-05 -0.0001265872961)
(1.00027802 2.709239688e-05 -0.0001292240019)
(1.000294668 2.775032902e-05 -0.0001324113664)
(1.000002271 5.528486941e-05 2.946965469e-06)
(1.000012887 0.0001696470955 9.527834879e-06)
(1.000040273 0.0003065002494 2.024404308e-05)
(1.000092309 0.0004837843625 3.913985716e-05)
(1.000185753 0.0007193412772 7.210445314e-05)
(1.000350137 0.001026166479 0.0001263195795)
(1.000635533 0.001406076106 0.0002102535919)
(1.001104042 0.00180962201 0.000321043824)
(1.001819884 0.002130426433 0.0004422394935)
(1.002757005 0.002103065323 0.0004912960219)
(1.00366461 0.001557004599 0.0003965722221)
(1.004221852 0.000607878164 0.0001876796366)
(1.0042605 -0.0004227607653 -5.120710291e-05)
(1.003819456 -0.001333014516 -0.0002664797613)
(1.003032234 -0.001929417143 -0.0004068560796)
(1.002082124 -0.002094035776 -0.0004344504748)
(1.001246525 -0.001801823382 -0.0003387279472)
(1.000732521 -0.001303323807 -0.0001958951508)
(1.000535356 -0.000937282729 -0.0001139292946)
(1.000432041 -0.0007049698529 -7.925289367e-05)
(1.000339871 -0.00051418937 -5.655854645e-05)
(1.000277983 -0.0003556648799 -4.081779964e-05)
(1.000250456 -0.0002427132078 -3.358117812e-05)
(1.000236685 -0.0001616087757 -3.185839738e-05)
(1.000226662 -0.0001027827994 -3.213889831e-05)
(1.000219283 -5.768638952e-05 -3.315055059e-05)
(1.000214922 -2.391983648e-05 -3.43910401e-05)
(1.000212305 1.768712804e-06 -3.568596246e-05)
(1.00021052 2.062864785e-05 -3.667244933e-05)
(1.000208579 3.559616093e-05 -3.741162915e-05)
(1.000207796 4.62693593e-05 -3.790834688e-05)
(1.000201864 5.580650444e-05 -3.838269755e-05)
(1.000004241 4.714075373e-05 2.026201915e-06)
(1.0000235 0.0001440731463 6.493305175e-06)
(1.000071539 0.0002569688981 1.342427715e-05)
(1.000155243 0.0003976177531 2.505028544e-05)
(1.000287775 0.0005752129453 4.42271944e-05)
(1.000490829 0.0007926501158 7.40210763e-05)
(1.000793989 0.001040897867 0.0001169613246)
(1.001226398 0.001280765553 0.000170002688)
(1.001801821 0.00143887428 0.000222292716)
(1.002480014 0.001385328655 0.0002424082253)
(1.003112852 0.001030460882 0.0001980158955)
(1.003517179 0.0004127510318 9.490662374e-05)
(1.003562048 -0.0002558361758 -2.7764291e-05)
(1.00326678 -0.0008448039406 -0.0001395410974)
(1.002717413 -0.001236433309 -0.0002173855933)
(1.002041304 -0.001361418751 -0.0002461279672)
(1.001403047 -0.001217229104 -0.0002205670986)
(1.000935878 -0.0009254382171 -0.0001620250411)
(1.000675132 -0.0006720275364 -0.0001176950275)
(1.000515479 -0.0004949897921 -9.471647629e-05)
(1.000386475 -0.0003488420158 -7.869435263e-05)
(1.000293005 -0.0002288887189 -6.671962961e-05)
(1.00023546 -0.0001418441094 -5.957876928e-05)
(1.000199749 -8.430857552e-05 -5.606276012e-05)
(1.000172931 -4.348633222e-05 -5.394842356e-05)
(1.000154905 -1.71951613e-05 -5.259679198e-05)
(1.000140924 2.464890918e-06 -5.196271502e-05)
(1.000133275 1.21735386e-05 -5.188301925e-05)
(1.000126404 2.116363512e-05 -5.205446007e-05)
(1.000122359 2.313933166e-05 -5.243799488e-05)
(1.00011757 2.46367147e-05 -5.323784279e-05)
(1.000118256 2.434998326e-05 -5.382258779e-05)
(1.000005524 3.573720938e-05 1.388432128e-06)
(1.000030662 0.0001089213027 4.418491628e-06)
(1.000092426 0.0001924629939 8.902965621e-06)
(1.000196066 0.000293529313 1.606628683e-05)
(1.000350888 0.0004164015526 2.729124129e-05)
(1.000571738 0.0005599837998 4.383369651e-05)
(1.000875084 0.0007142583898 6.62438887e-05)
(1.001271184 0.0008520239494 9.22630088e-05)
(1.001753209 0.0009280941548 0.0001157173441)
(1.002275725 0.0008774064704 0.0001234973607)
(1.002749364 0.0006515574766 0.0001005231539)
(1.003052992 0.0002605442067 4.731794857e-05)
(1.003094886 -0.0001538245359 -1.552150179e-05)
(1.002883853 -0.0005288623175 -7.371927175e-05)
(1.00247199 -0.000784626304 -0.0001139157283)
(1.001960194 -0.0008845710459 -0.0001288165856)
(1.00143978 -0.0008301170832 -0.0001161411802)
(1.001022687 -0.0006772540476 -8.569380687e-05)
(1.000741766 -0.0005231424487 -5.935828399e-05)
(1.000548793 -0.0004038082489 -4.410699783e-05)
(1.000400517 -0.0003059999846 -3.49483283e-05)
(1.000288138 -0.0002223307651 -2.844765356e-05)
(1.000215105 -0.0001609810828 -2.529561236e-05)
(1.000164481 -0.0001159480065 -2.3739909e-05)
(1.00013018 -8.470277724e-05 -2.302441964e-05)
(1.000104204 -6.003588286e-05 -2.278811877e-05)
(1.000088007 -4.346607046e-05 -2.284605882e-05)
(1.000075358 -2.979984934e-05 -2.31259353e-05)
(1.000068127 -2.161477463e-05 -2.338811865e-05)
(1.000061066 -1.357925491e-05 -2.365991824e-05)
(1.000057939 -9.500572068e-06 -2.377217551e-05)
(1.000050854 -4.867548139e-06 -2.397425869e-05)
(1.000006302 2.222120479e-05 9.947347746e-07)
(1.000035003 6.760802065e-05 3.14572498e-06)
(1.000104968 0.0001187373437 6.19639199e-06)
(1.000220035 0.0001793896802 1.085041492e-05)
(1.000386536 0.0002513163405 1.780537218e-05)
(1.000614688 0.0003327429463 2.755442248e-05)
(1.000913107 0.0004168553038 4.003498746e-05)
(1.001283099 0.0004875057209 5.365681335e-05)
(1.001706857 0.0005222992119 6.492171774e-05)
(1.00214701 0.0004879673596 6.763438984e-05)
(1.002536601 0.0003582497273 5.420670067e-05)
(1.002772253 0.0001435320485 2.460983557e-05)
(1.002805928 -8.025342207e-05 -9.205693601e-06)
(1.002645383 -0.0002885372737 -4.267362838e-05)
(1.00231649 -0.000431588111 -6.678762132e-05)
(1.001895035 -0.0004907025619 -7.750150044e-05)
(1.001453992 -0.000467484292 -7.450152379e-05)
(1.001074546 -0.0003883126499 -6.242708875e-05)
(1.000788914 -0.0003003229841 -5.075857111e-05)
(1.000578231 -0.0002276660832 -4.354350752e-05)
(1.000415878 -0.0001670064377 -3.864626974e-05)
(1.000292604 -0.000115421106 -3.48273999e-05)
(1.000207216 -7.646460253e-05 -3.242111654e-05)
(1.000146546 -4.685086617e-05 -3.109764297e-05)
(1.000104484 -2.720607257e-05 -3.02950894e-05)
(1.000072526 -1.182149619e-05 -2.970926689e-05)
(1.000051951 -1.523004081e-06 -2.936268237e-05)
(1.000035472 6.258948161e-06 -2.914099607e-05)
(1.000025833 1.069947117e-05 -2.901458242e-05)
(1.000016251 1.399659249e-05 -2.893175926e-05)
(1.000011625 1.568273861e-05 -2.889338728e-05)
(1.000003811 1.592343709e-05 -2.89965878e-05)
(1.000006665 7.531885872e-06 8.083527987e-07)
(1.000037034 2.289602569e-05 2.54590969e-06)
(1.000110797 4.009090747e-05 4.940216474e-06)
(1.000231022 6.02902251e-05 8.47621924e-06)
(1.000402421 8.394549788e-05 1.357973773e-05)
(1.000633068 0.0001103220495 2.048268632e-05)
(1.000927466 0.000137133687 2.894990445e-05)
(1.001285353 0.0001586869568 3.773550444e-05)
(1.001677951 0.0001695294137 4.449686316e-05)
(1.00209647 0.0001548362545 4.492546191e-05)
(1.002426869 0.0001197080833 3.697368514e-05)
(1.0026682 3.189005223e-05 1.025703075e-05)
(1.002671277 -2.604511592e-05 -8.205828664e-06)
(1.002529772 -9.171954938e-05 -3.09249553e-05)
(1.002239058 -0.0001375484475 -4.817619739e-05)
(1.001858087 -0.0001571707453 -5.637271321e-05)
(1.001453557 -0.0001517646619 -5.554131239e-05)
(1.0010901 -0.0001293366526 -4.834558184e-05)
(1.000804793 -0.0001035716597 -4.011832506e-05)
(1.000585546 -8.19160849e-05 -3.39858508e-05)
(1.000417396 -6.416546006e-05 -2.969463598e-05)
(1.000289067 -4.921693967e-05 -2.649663498e-05)
(1.000198678 -3.815502318e-05 -2.44652152e-05)
(1.00013245 -3.002391412e-05 -2.300488948e-05)
(1.000087842 -2.398754205e-05 -2.231860353e-05)
(1.000053221 -2.033278465e-05 -2.194164554e-05)
(1.000031688 -1.798986835e-05 -2.186483304e-05)
(1.000013631 -1.639005667e-05 -2.181103465e-05)
(1.00000359 -1.545532223e-05 -2.18451614e-05)
(0.9999931299 -1.45161157e-05 -2.194548451e-05)
(0.9999884648 -1.403441617e-05 -2.202007964e-05)
(0.9999796818 -1.335900918e-05 -2.211093764e-05)
(1.000006705 -7.44551565e-06 1.057386803e-06)
(1.000037253 -2.262224346e-05 3.321033922e-06)
(1.000111428 -3.954265392e-05 6.395259566e-06)
(1.000232288 -5.930037544e-05 1.087758433e-05)
(1.000404483 -8.225581801e-05 1.728941955e-05)
(1.000635911 -0.0001075540997 2.591017502e-05)
(1.000930666 -0.0001328732756 3.645744863e-05)
(1.00128787 -0.0001526559589 4.74268034e-05)
(1.001678003 -0.000161815778 5.60676547e-05)
(1.002092073 -0.0001465328447 5.735260076e-05)
(1.002417182 -0.0001123703262 4.899212268e-05)
(1.002653253 -2.878227227e-05 1.960498073e-05)
(1.002654922 2.597665774e-05 -8.080225315e-07)
(1.002515501 8.8371054e-05 -2.558878941e-05)
(1.002229475 0.0001320872251 -4.363331514e-05)
(1.001853884 0.0001511511355 -5.100413991e-05)
(1.001454497 0.0001467899041 -4.791078574e-05)
(1.001093814 0.0001263826065 -3.773349235e-05)
(1.000808384 0.0001021408546 -2.670795087e-05)
(1.000587687 8.098010124e-05 -1.842035561e-05)
(1.000418825 6.342192575e-05 -1.258318372e-05)
(1.000290308 4.86651599e-05 -8.221741694e-06)
(1.000199702 3.762305477e-05 -5.433936871e-06)
(1.000133325 2.963297219e-05 -3.441022439e-06)
(1.000088735 2.405017736e-05 -2.311418324e-06)
(1.000054101 1.976708721e-05 -1.907382753e-06)
(1.000032775 1.737624766e-05 -1.744924723e-06)
(1.000014834 1.600759665e-05 -1.695280082e-06)
(1.000004925 1.525748105e-05 -1.678177411e-06)
(0.9999946601 1.484907701e-05 -1.759570067e-06)
(0.9999900657 1.473405715e-05 -1.857311819e-06)
(0.9999816227 1.485105612e-05 -2.001222701e-06)
(1.00000636 -2.19547941e-05 1.278957129e-06)
(1.00003532 -6.67612008e-05 4.034006873e-06)
(1.000105896 -0.0001170237114 7.887410985e-06)
(1.00022194 -0.0001762577403 1.369427225e-05)
(1.000389732 -0.0002458724385 2.228942703e-05)
(1.000619287 -0.0003237302506 3.424872786e-05)
(1.000918615 -0.0004027442475 4.94480249e-05)
(1.001288128 -0.0004671469204 6.595133057e-05)
(1.001708399 -0.0004959226506 7.956035127e-05)
(1.002142467 -0.0004588343612 8.320735946e-05)
(1.002523539 -0.0003337458308 6.853881768e-05)
(1.002752322 -0.0001301107306 3.554213489e-05)
(1.002783741 8.005033487e-05 -1.812571298e-06)
(1.002626501 0.0002766727045 -3.839168711e-05)
(1.002304412 0.0004123200518 -6.371094291e-05)
(1.001890788 0.0004697690246 -7.332676537e-05)
(1.001457138 0.0004513239528 -6.720099657e-05)
(1.001080688 0.0003810237235 -5.105584716e-05)
(1.000794294 0.0003003098908 -3.575646842e-05)
(1.000580389 0.0002307171244 -2.597297852e-05)
(1.000417398 0.0001722742248 -1.953719074e-05)
(1.000293589 0.0001223021245 -1.470895367e-05)
(1.000208184 8.44816855e-05 -1.178447102e-05)
(1.000146549 5.598570127e-05 -1.006661105e-05)
(1.000105082 3.649302091e-05 -9.075228304e-06)
(1.000073377 2.025178485e-05 -8.397734848e-06)
(1.0000532 1.071722361e-05 -7.984553084e-06)
(1.000036829 1.956365815e-06 -7.661144989e-06)
(1.000027564 -2.426399358e-06 -7.395118921e-06)
(1.000018031 -6.707903023e-06 -7.076344841e-06)
(1.000013868 -8.587626038e-06 -6.805042467e-06)
(1.000005464 -1.044398607e-05 -6.492333119e-06)
(1.000005622 -3.527085106e-05 1.745909159e-06)
(1.0000312 -0.0001074308364 5.543509263e-06)
(1.000094035 -0.0001893883575 1.109404074e-05)
(1.000199463 -0.0002877645918 1.986214168e-05)
(1.0003568 -0.0004060747316 3.346855662e-05)
(1.000580663 -0.0005423174527 5.333233403e-05)
(1.000886484 -0.0006856049086 7.992804109e-05)
(1.001282734 -0.0008092935421 0.0001103361596)
(1.001759074 -0.0008710619405 0.0001371411264)
(1.002269797 -0.0008140148315 0.0001455674386)
(1.002727859 -0.0005978868262 0.0001197737171)
(1.003018674 -0.0002322258219 6.043936542e-05)
(1.003057754 0.0001524671591 -8.716067612e-06)
(1.002853515 0.0005012514991 -7.236724266e-05)
(1.002454298 0.0007398936139 -0.0001147168857)
(1.001957529 0.0008354762723 -0.000128125843)
(1.0014501 0.0007905334283 -0.000110882309)
(1.00103894 0.000655859199 -7.485304597e-05)
(1.000753524 0.0005141144895 -4.384983737e-05)
(1.000554549 0.000399444392 -2.524681416e-05)
(1.000403593 0.0003042333814 -1.278891957e-05)
(1.000290904 0.0002233993535 -3.781886901e-06)
(1.000216526 0.0001630649431 2.240221301e-06)
(1.000165284 0.0001189142297 4.644341545e-06)
(1.000130483 8.84041033e-05 5.769883465e-06)
(1.000104402 6.526943999e-05 6.321163063e-06)
(1.000087729 5.002350375e-05 6.288089696e-06)
(1.000074957 3.836350018e-05 5.941154246e-06)
(1.000067462 3.170521645e-05 5.378079891e-06)
(1.000060373 2.621841422e-05 4.674493821e-06)
(1.000056974 2.388000288e-05 3.914718682e-06)
(1.000051909 2.197514271e-05 2.961432503e-06)
(1.00000441 -4.644923309e-05 2.49925582e-06)
(1.000024437 -0.0001418409192 7.997031028e-06)
(1.000074399 -0.0002522390878 1.643039865e-05)
(1.000161456 -0.0003884308166 3.043460455e-05)
(1.000298997 -0.0005580244523 5.329124346e-05)
(1.00050859 -0.0007618549512 8.840266594e-05)
(1.000818047 -0.0009882904587 0.0001380876857)
(1.001252612 -0.001198617946 0.0001981073891)
(1.001818407 -0.001323843066 0.0002544396793)
(1.002469599 -0.001256171764 0.0002737488303)
(1.003068954 -0.0009264362525 0.0002237176406)
(1.003452959 -0.0003574286791 0.0001089871174)
(1.003494608 0.0002470271194 -2.344741208e-05)
(1.003211943 0.0007865848638 -0.0001437069032)
(1.002686366 0.001147406669 -0.000223294443)
(1.002040777 0.001271088954 -0.0002472543018)
(1.001424005 0.00115737845 -0.0002119691333)
(1.000964983 0.0009099714187 -0.0001448557597)
(1.000694272 0.0006822572471 -9.517963036e-05)
(1.000522369 0.0005123096284 -6.899839e-05)
(1.000390803 0.0003745032724 -5.144748913e-05)
(1.000294858 0.0002594124251 -3.786754436e-05)
(1.000237096 0.0001766375126 -2.99551383e-05)
(1.000199573 0.0001168086392 -2.531699968e-05)
(1.000174661 7.643893966e-05 -2.244153802e-05)
(1.000155763 4.540664645e-05 -2.026884584e-05)
(1.000144138 2.548057925e-05 -1.860479971e-05)
(1.00013523 9.633140165e-06 -1.7077429e-05)
(1.000130145 6.495876548e-07 -1.568532952e-05)
(1.000125167 -7.321981211e-06 -1.405832056e-05)
(1.000122916 -1.0911975e-05 -1.278541177e-05)
(1.000118337 -1.473141793e-05 -1.12358036e-05)
(1.000002627 -5.436352711e-05 3.579097274e-06)
(1.000014503 -0.000166603583 1.156776811e-05)
(1.000045246 -0.0002998105572 2.443834156e-05)
(1.00010346 -0.0004701978694 4.69097381e-05)
(1.000206733 -0.0006924710253 8.561575523e-05)
(1.00038517 -0.0009750921229 0.0001483606521)
(1.000685789 -0.001312582915 0.0002428896828)
(1.001163253 -0.001654728611 0.0003636259809)
(1.001861223 -0.001899092337 0.0004864604664)
(1.002739444 -0.001841778522 0.0005305233584)
(1.003577271 -0.001352046753 0.0004252230347)
(1.004096284 -0.0005108757643 0.0001965015306)
(1.004132317 0.0003978895826 -6.061333997e-05)
(1.003723574 0.001192342762 -0.0002855533168)
(1.002991191 0.001716357461 -0.0004271483989)
(1.002103425 0.001871099702 -0.0004496233828)
(1.001309989 0.001642138816 -0.0003404708661)
(1.000799699 0.00123350033 -0.0001832398405)
(1.000573291 0.0009063862125 -8.498864249e-05)
(1.000449987 0.0006810898337 -3.747770198e-05)
(1.00035111 0.0004977889429 -7.603739454e-06)
(1.000284239 0.0003490133955 1.445631387e-05)
(1.000251094 0.0002443868143 2.63255214e-05)
(1.000233362 0.0001720316238 2.892029885e-05)
(1.00022146 0.0001229238027 2.867276503e-05)
(1.000212733 8.718880803e-05 2.724462893e-05)
(1.000207502 6.370627387e-05 2.50680214e-05)
(1.000204108 4.680771984e-05 2.231521407e-05)
(1.000202073 3.691208782e-05 1.937579338e-05)
(1.000200386 2.965963002e-05 1.550025308e-05)
(1.000199005 2.669447641e-05 1.304162849e-05)
(1.000200576 2.483246416e-05 8.793297283e-06)
(1.000000123 -5.773323614e-05 4.968547003e-06)
(1.000001034 -0.0001777741941 1.63126198e-05)
(1.000005257 -0.0003247551771 3.555959442e-05)
(1.000021255 -0.0005213138731 7.091856462e-05)
(1.000069066 -0.0007931108544 0.0001354651197)
(1.000186531 -0.001163538992 0.0002464780741)
(1.000448366 -0.001646943817 0.0004263875571)
(1.000957654 -0.002187504625 0.0006705687797)
(1.001842301 -0.002648718553 0.0009433382121)
(1.003083817 -0.00263121948 0.001039000751)
(1.004297474 -0.001916017983 0.0008118449255)
(1.005017799 -0.0006952500301 0.0003492651043)
(1.005037584 0.0006075841601 -0.0001591783329)
(1.004442613 0.001736099208 -0.0006140542443)
(1.00338644 0.002448973428 -0.0009115917348)
(1.002161464 0.002586938294 -0.0009744960488)
(1.001090491 0.002120855937 -0.000743221892)
(1.000549355 0.001467314561 -0.0004402928547)
(1.0004106 0.001020349834 -0.0002716081122)
(1.000354244 0.0007381628461 -0.0001916238654)
(1.000298983 0.000517426738 -0.0001364758326)
(1.000270172 0.0003439571324 -9.674964093e-05)
(1.00026932 0.0002278066631 -7.393106142e-05)
(1.000275517 0.0001464334118 -5.966451794e-05)
(1.000279438 9.140758093e-05 -4.957090703e-05)
(1.000282245 4.887358663e-05 -4.07874986e-05)
(1.000284835 2.007429207e-05 -3.39231304e-05)
(1.000287502 -3.48292742e-06 -2.739657212e-05)
(1.000289269 -1.823320384e-05 -2.245886283e-05)
(1.000290836 -3.202289858e-05 -1.69301263e-05)
(1.000291837 -3.943698851e-05 -1.333567796e-05)
(1.000291712 -4.837105183e-05 -8.515640863e-06)
(0.9999972495 -5.533571976e-05 6.691330806e-06)
(0.9999843629 -0.0001713288591 2.207102924e-05)
(0.999954863 -0.0003185335058 4.967638237e-05)
(0.9999134605 -0.0005258551375 0.0001032853949)
(0.9998777004 -0.0008333055946 0.0002077369808)
(0.9998869102 -0.001289289914 0.0003994456003)
(1.00005139 -0.001950638537 0.0007376503547)
(1.000546903 -0.002772482035 0.001230565377)
(1.001690201 -0.003607934929 0.001844957616)
(1.003513624 -0.003649506331 0.002028628344)
(1.005296568 -0.002601008913 0.001532701915)
(1.006290175 -0.0008727604452 0.0006267749506)
(1.006268473 0.0009317837761 -0.0003090680049)
(1.005380497 0.002513864153 -0.00113561895)
(1.003818094 0.003476416419 -0.001627378269)
(1.002069665 0.003545431784 -0.001650686785)
(1.000603337 0.002650434386 -0.00106763686)
(1.000120575 0.001693895598 -0.0004794879445)
(1.000155055 0.001127452598 -0.0002005938332)
(1.0002088 0.0007669671376 -7.151602717e-05)
(1.000218986 0.0004944480884 1.161786312e-05)
(1.000241202 0.0003066971447 5.613406495e-05)
(1.000277153 0.0001959657978 7.12579011e-05)
(1.000307882 0.0001270549777 6.652535171e-05)
(1.000326826 8.498288654e-05 5.880408144e-05)
(1.000339753 5.894863224e-05 4.880521923e-05)
(1.000348966 4.508437783e-05 3.846636157e-05)
(1.000357286 3.66211624e-05 2.921521483e-05)
(1.000362437 3.325172528e-05 2.082629605e-05)
(1.000367678 3.293290079e-05 1.147311407e-05)
(1.000368553 3.417354691e-05 4.164913849e-06)
(1.000384283 3.865226197e-05 -4.253241451e-06)
(0.9999938914 -4.634892888e-05 8.438023851e-06)
(0.9999660765 -0.000144294592 2.817373688e-05)
(0.9998983569 -0.0002732473871 6.554259069e-05)
(0.9997864249 -0.0004649674659 0.0001422932242)
(0.9996353578 -0.0007728903385 0.0003030458296)
(0.9994698166 -0.001277096089 0.0006225958354)
(0.9994389079 -0.002115550829 0.001242041133)
(0.9998097653 -0.003294305176 0.002218806393)
(1.001315722 -0.004740319963 0.003615227178)
(1.004071154 -0.004828798921 0.003918062133)
(1.006671175 -0.003262529382 0.002811354975)
(1.008007784 -0.0009009335021 0.0009535972631)
(1.007934768 0.001517117483 -0.000959461884)
(1.006644336 0.003660718336 -0.002646122137)
(1.004332071 0.004947894569 -0.003649404918)
(1.001755393 0.004822864784 -0.003599285414)
(0.9998023181 0.003057816671 -0.002215358919)
(0.9995364417 0.001701543743 -0.001137516698)
(0.9998150412 0.001117247767 -0.0007004559269)
(0.99999979 0.0007528225224 -0.0004618985371)
(1.000105984 0.0004471972119 -0.0002772219276)
(1.000208724 0.0002310673041 -0.00015584261)
(1.000297905 9.799470115e-05 -8.679156586e-05)
(1.000361273 4.797981568e-06 -4.144099851e-05)
(1.000396711 -5.800862826e-05 -7.591061515e-06)
(1.000421266 -0.0001112705572 1.850179654e-05)
(1.000442538 -0.0001484638673 3.598388489e-05)
(1.000455425 -0.0001742340792 4.838512286e-05)
(1.000462211 -0.0001926522873 5.829395876e-05)
(1.000466779 -0.0002062750063 6.60783471e-05)
(1.000471276 -0.0002154081836 7.193588763e-05)
(1.000466364 -0.0002209810494 7.539961308e-05)
(0.9999909378 -3.098951937e-05 9.917832551e-06)
(0.9999496667 -9.68916906e-05 3.345275902e-05)
(0.99984628 -0.0001862523148 7.990027006e-05)
(0.9996619522 -0.0003256497115 0.0001802218598)
(0.9993762932 -0.0005659883539 0.0004063941958)
(0.9989609791 -0.001004310448 0.0008987588368)
(0.9985866144 -0.001844595366 0.001989095719)
(0.9985942875 -0.003292267014 0.003878159992)
(1.000621135 -0.005482279886 0.006952548352)
(1.004848028 -0.005770353309 0.007355039809)
(1.008591683 -0.003868570944 0.005066595545)
(1.010241323 -0.00126692761 0.00168491632)
(1.010062451 0.001447267185 -0.001993713142)
(1.008281448 0.003899466087 -0.005318517191)
(1.004825585 0.005567570706 -0.007432194113)
(1.000843177 0.005701038816 -0.007039851135)
(0.9983716855 0.003060472991 -0.003610578585)
(0.9987563783 0.001191699479 -0.0015311954)
(0.9995058003 0.0004709240682 -0.0007960376131)
(0.9998012064 0.000186439865 -0.0005285516625)
(0.9999521427 2.647805552e-05 -0.0004113558471)
(1.000101975 -4.396130554e-05 -0.0003604115137)
(1.000238275 -6.367943875e-05 -0.000353227582)
(1.000325881 -6.28758939e-05 -0.0003604281281)
(1.000376426 -5.720644383e-05 -0.0003700219666)
(1.000415244 -4.917256439e-05 -0.0003817433386)
(1.000442817 -4.061429521e-05 -0.000392204393)
(1.00046425 -3.205974038e-05 -0.0004016532562)
(1.000479683 -2.425422124e-05 -0.0004093157588)
(1.00049198 -1.614649821e-05 -0.000417697325)
(1.000496189 -1.098088042e-05 -0.0004221208027)
(1.000526988 -4.611226065e-06 -0.0004289652346)
(0.9999891911 -1.057089722e-05 1.077589244e-05)
(0.9999399097 -3.392079127e-05 3.653668786e-05)
(0.9998142852 -6.59091568e-05 8.843442666e-05)
(0.9995815495 -0.0001172699483 0.0002041673135)
(0.9991922956 -0.000209991054 0.0004754230116)
(0.9985430033 -0.0003915105235 0.001120106513)
(0.9977219308 -0.0007792849248 0.002695964995)
(0.9969392887 -0.001533528786 0.006125888696)
(0.9997085777 -0.002919679294 0.0124369211)
(1.005486906 -0.003146118144 0.01263477354)
(1.010475344 -0.002177928544 0.008360842901)
(1.012393837 -0.0009064531381 0.002849501026)
(1.012161658 0.0004227609402 -0.003157383082)
(1.010083095 0.001662615352 -0.008943644494)
(1.005788051 0.002598010752 -0.01361088966)
(1.000096551 0.002850880838 -0.01359015607)
(0.9964373498 0.001215527885 -0.007713818715)
(0.9974964557 0.0001550227693 -0.004636655803)
(0.9991187137 -0.0004335092582 -0.002732287781)
(0.9997456966 -0.0006975533193 -0.001761449951)
(1.000028455 -0.0008584758244 -0.001269920376)
(1.000243967 -0.0009171745647 -0.001042663001)
(1.000387753 -0.0009285553251 -0.0009258600684)
(1.000471149 -0.0009269930281 -0.0008672977403)
(1.000518271 -0.0009198487056 -0.0008392305734)
(1.00054541 -0.000909621804 -0.000824974892)
(1.000561767 -0.0008975090534 -0.0008176429526)
(1.000571077 -0.0008834016133 -0.0008139091465)
(1.000576297 -0.0008693257342 -0.0008120926253)
(1.000579569 -0.0008533297688 -0.0008113376638)
(1.000579805 -0.000842368969 -0.0008112955664)
(1.000566877 -0.0008235118361 -0.0008119611431)
(0.9999891904 1.085712234e-05 1.075844051e-05)
(0.9999398968 3.478214663e-05 3.647723034e-05)
(0.9998142753 6.730466366e-05 8.832601606e-05)
(0.9995813106 0.0001191651524 0.0002038862435)
(0.9991919155 0.0002117617835 0.0004751909736)
(0.9985391176 0.0003924303971 0.001118996468)
(0.9977145188 0.0007721756046 0.00270217909)
(0.9968930977 0.001511803103 0.006139140857)
(0.9996941405 0.002831908919 0.01261854164)
(1.005493299 0.003047975113 0.01277189808)
(1.010486361 0.002090775948 0.008445015065)
(1.012399091 0.0008210773915 0.002897087902)
(1.012160244 -0.0005073858563 -0.003106897399)
(1.010089828 -0.001746261129 -0.008884065011)
(1.005706771 -0.002705903106 -0.01344729413)
(0.9999810813 -0.003014965761 -0.01331625627)
(0.9963021604 -0.001556229499 -0.007242320617)
(0.9973413995 -0.0006148763432 -0.003750289375)
(0.9988984665 -0.0001303176597 -0.001705090308)
(0.9995143997 1.142888482e-05 -0.0006547497134)
(0.99982514 9.625734865e-05 -9.924259087e-05)
(1.000076003 0.0001350405829 0.0001867943631)
(1.000256175 0.0001483872615 0.0003501007642)
(1.000362363 0.0001535450606 0.0004500876351)
(1.000425136 0.0001570226694 0.0005127347129)
(1.000469912 0.0001604825774 0.0005572919067)
(1.000500752 0.0001637175601 0.0005871036094)
(1.000522756 0.0001671633262 0.0006093853566)
(1.000536989 0.00017048846 0.0006245810183)
(1.000547693 0.0001746410006 0.0006369500196)
(1.000556399 0.0001776198891 0.0006447123318)
(1.000562225 0.0001824534946 0.0006545270974)
(0.9999909354 3.126923185e-05 9.868424539e-06)
(0.9999496472 9.772805947e-05 3.329313246e-05)
(0.9998462075 0.0001876478556 7.957421391e-05)
(0.9996615421 0.0003275328134 0.0001795914984)
(0.9993751136 0.0005683825701 0.00040543077)
(0.9989562626 0.001006623377 0.0008973779858)
(0.9985774944 0.001849117705 0.001992018015)
(0.9985639511 0.003298236973 0.00388387846)
(1.000610964 0.005525591557 0.007017879148)
(1.004850807 0.005812873911 0.007415018439)
(1.008588794 0.003898599453 0.005142647305)
(1.010235427 0.001288763945 0.001769103225)
(1.010057268 -0.001427876114 -0.001912696347)
(1.00827085 -0.003881991703 -0.00525007377)
(1.004788471 -0.005554483376 -0.007366269114)
(1.000789599 -0.00566018216 -0.006918325609)
(0.9983026455 -0.002955006281 -0.0034298912)
(0.9987144911 -0.0009748769021 -0.001322152847)
(0.9995471351 -0.0001387037227 -0.0007101191248)
(0.9999032227 0.0002759147058 -0.0004677526)
(1.000091436 0.000566220532 -0.0003036891867)
(1.000238015 0.0007187425917 -0.0002264069012)
(1.000361465 0.0008094431416 -0.0001881398709)
(1.00043515 0.0008508734766 -0.0001663146725)
(1.00047891 0.0008720330331 -0.0001500652148)
(1.000502911 0.0008814890338 -0.0001389534165)
(1.000524296 0.0008844101434 -0.0001291791868)
(1.000535145 0.0008839060641 -0.0001201273459)
(1.000541335 0.0008819009853 -0.0001121900189)
(1.000544535 0.0008788008952 -0.0001045816522)
(1.000547427 0.0008750995973 -9.889189413e-05)
(1.000524365 0.0008712921714 -9.142649401e-05)
(0.9999938894 4.661413483e-05 8.364414047e-06)
(0.9999660612 0.0001450911227 2.793842985e-05)
(0.9998982881 0.0002745949567 6.507059416e-05)
(0.9997860952 0.0004668905811 0.0001414200438)
(0.9996344037 0.0007756056547 0.0003016096912)
(0.9994668374 0.00128096307 0.0006202664709)
(0.9994330505 0.002123112274 0.001240105222)
(0.9997960378 0.003307578965 0.002217017476)
(1.001301494 0.004775314057 0.00363090992)
(1.004064595 0.004862199445 0.00393477819)
(1.006666633 0.003293516014 0.002833754246)
(1.008004744 0.0009381788218 0.0009786103939)
(1.007932443 -0.001478625317 -0.0009423125752)
(1.006638159 -0.003618047602 -0.002634221893)
(1.004317587 -0.004894664426 -0.003645485718)
(1.001730264 -0.004739105343 -0.003584994499)
(0.9997802218 -0.002959824962 -0.002226841039)
(0.9995156362 -0.001546878308 -0.001122764013)
(0.9998168661 -0.0009590353523 -0.0006768858906)
(0.9999920298 -0.0006477763424 -0.0004140695764)
(1.000077049 -0.0004196964218 -0.000183909543)
(1.000166931 -0.0002851762086 -3.085921732e-05)
(1.00025017 -0.0002199203408 6.565795065e-05)
(1.00031488 -0.0001818333939 0.0001259127245)
(1.000357703 -0.0001598879783 0.0001658674345)
(1.000386775 -0.0001491110702 0.0001923174832)
(1.00041039 -0.0001447059629 0.0002106415173)
(1.000425587 -0.0001439513973 0.0002244815784)
(1.000435982 -0.0001451403925 0.0002343583055)
(1.00044623 -0.0001479201973 0.000241967125)
(1.000451415 -0.0001505785585 0.0002469398754)
(1.000465857 -0.0001548631442 0.000251056101)
(0.9999972505 5.557868175e-05 6.602731352e-06)
(0.999984362 0.0001720612206 2.179067665e-05)
(0.9999548412 0.0003197846418 4.91248241e-05)
(0.9999133047 0.0005276833691 0.0001023006425)
(0.9998771899 0.000835938187 0.0002060912085)
(0.9998853793 0.001293096059 0.0003967736545)
(1.000048273 0.001957217612 0.000734040838)
(1.00054054 0.002782933243 0.001226067455)
(1.001683015 0.003629456428 0.00184364014)
(1.003509858 0.003675019423 0.002026667599)
(1.005294993 0.002629259914 0.001530620848)
(1.006289468 0.0009052275456 0.0006252805456)
(1.006268026 -0.000899831127 -0.0003131947102)
(1.005379224 -0.002478296527 -0.001141245279)
(1.003813855 -0.003435582413 -0.001639123553)
(1.002058707 -0.003490047537 -0.001663390374)
(1.00059338 -0.002592605863 -0.001090365337)
(1.000099409 -0.001606774325 -0.0004761426541)
(1.00014632 -0.001040019506 -0.000195300933)
(1.000209637 -0.0006845493949 -7.399814261e-05)
(1.000228742 -0.0003968631372 2.772376615e-06)
(1.000260211 -0.0001838879895 4.959290251e-05)
(1.00030468 -4.318208819e-05 6.166210624e-05)
(1.000338949 5.021998078e-05 6.254312168e-05)
(1.000362074 0.000112974479 6.37456106e-05)
(1.000376581 0.0001574229593 6.479841631e-05)
(1.000384619 0.0001865229651 6.635460257e-05)
(1.000390632 0.0002062939452 6.880434231e-05)
(1.000395131 0.0002193257938 7.210447988e-05)
(1.000396915 0.0002271535407 7.612434626e-05)
(1.000401042 0.0002311732464 7.966438803e-05)
(1.000382725 0.0002327799139 8.596044515e-05)
(1.000000125 5.79470778e-05 4.873394206e-06)
(1.000001048 0.0001784193324 1.601406221e-05)
(1.000005288 0.0003258586793 3.498422842e-05)
(1.000021253 0.000522932337 6.992487491e-05)
(1.000068916 0.0007954031631 0.0001338403916)
(1.000185931 0.001166777285 0.000243911191)
(1.000447038 0.001651963052 0.0004226672173)
(1.000955107 0.002195121888 0.000665453354)
(1.001839279 0.002661652997 0.0009377225358)
(1.003082067 0.002647530219 0.001032436609)
(1.004296755 0.001933970579 0.0008041925596)
(1.005017488 0.0007146875332 0.0003410954747)
(1.005038023 -0.0005869022385 -0.0001689577782)
(1.004441373 -0.001714803479 -0.0006266365833)
(1.003385898 -0.002424949965 -0.0009276682122)
(1.002154219 -0.002556437628 -0.0009935525455)
(1.001085048 -0.002088818449 -0.0007686502361)
(1.000539102 -0.001416854469 -0.0004622743142)
(1.000408957 -0.000962077593 -0.0002994719922)
(1.000357687 -0.0006790991915 -0.0002256681742)
(1.000300665 -0.0004609216341 -0.0001697250113)
(1.00026774 -0.0002958796077 -0.0001236264894)
(1.000263812 -0.0001946584251 -9.434241177e-05)
(1.000267619 -0.0001320443537 -7.455095098e-05)
(1.000269613 -9.455528736e-05 -6.142034389e-05)
(1.000271052 -6.957676365e-05 -4.966873492e-05)
(1.000273173 -5.679160518e-05 -4.05022183e-05)
(1.000275972 -5.237827254e-05 -3.264701773e-05)
(1.000277679 -5.251518945e-05 -2.802220287e-05)
(1.000280087 -5.530027945e-05 -2.371362419e-05)
(1.000280485 -5.946352346e-05 -2.1329506e-05)
(1.00028993 -6.401674155e-05 -1.888066399e-05)
(1.000002632 5.454288244e-05 3.482953593e-06)
(1.000014531 0.0001671442985 1.126914612e-05)
(1.000045319 0.0003007335153 2.387543168e-05)
(1.000103571 0.0004715465846 4.596660339e-05)
(1.000206834 0.0006943480233 8.411834601e-05)
(1.000385135 0.0009776720145 0.0001460685261)
(1.000685491 0.001316289002 0.0002395561867)
(1.001162533 0.001660013955 0.0003590146466)
(1.001860308 0.001906931218 0.0004807056636)
(1.002739037 0.001851801861 0.0005236143374)
(1.003577502 0.001363371122 0.0004170382742)
(1.004096902 0.0005236598767 0.0001871791898)
(1.004133295 -0.0003840591682 -7.15550828e-05)
(1.003724325 -0.001177402652 -0.0002986307817)
(1.002991253 -0.00169977661 -0.0004428436713)
(1.002101932 -0.001851056214 -0.0004683402007)
(1.001307725 -0.001619518162 -0.0003634778658)
(1.000795162 -0.001202689745 -0.0002071905942)
(1.000570489 -0.0008710890085 -0.0001099720936)
(1.000449742 -0.0006491142255 -6.234695618e-05)
(1.000350649 -0.0004681284667 -3.327364485e-05)
(1.000283585 -0.0003181712174 -1.081888765e-05)
(1.00025222 -0.0002119084036 -8.424244957e-08)
(1.00023615 -0.0001344033367 2.200261902e-06)
(1.000225718 -8.082557166e-05 2.479097123e-06)
(1.000218012 -3.876213775e-05 2.48644235e-06)
(1.000213926 -1.019128146e-05 2.058627127e-06)
(1.000211467 1.290391305e-05 1.738899112e-06)
(1.000210215 2.713009448e-05 1.68565232e-06)
(1.000208462 3.999048783e-05 2.14497844e-06)
(1.000208745 4.821137273e-05 2.835505079e-06)
(1.000198392 5.225143184e-05 3.927251407e-06)
(1.000004417 4.659054607e-05 2.405911776e-06)
(1.000024473 0.0001422669465 7.70859812e-06)
(1.000074502 0.0002529643114 1.589673966e-05)
(1.000161643 0.0003894851443 2.956379849e-05)
(1.000299258 0.0005594698789 5.194822892e-05)
(1.000508879 0.0007637950828 8.640830345e-05)
(1.000818309 0.0009909320571 0.0001352427805)
(1.001252796 0.001202200543 0.0001942237596)
(1.001818598 0.001328755769 0.0002494538577)
(1.002470071 0.001262411152 0.0002676519932)
(1.003069816 0.0009336392134 0.0002164977212)
(1.003454104 0.0003654849455 0.0001005446125)
(1.003495903 -0.0002382542283 -3.312672686e-05)
(1.003213157 -0.0007771982346 -0.0001551171068)
(1.002687074 -0.001137113449 -0.0002367161042)
(1.002040701 -0.001259200861 -0.0002630553357)
(1.001423033 -0.00114407729 -0.0002306687028)
(1.000962897 -0.0008930831485 -0.0001653056988)
(1.000692245 -0.0006623103398 -0.0001168100692)
(1.000522942 -0.0004932510542 -9.252943233e-05)
(1.000390978 -0.0003543280131 -7.607552098e-05)
(1.000295074 -0.0002388271668 -6.312208726e-05)
(1.000236345 -0.0001552630304 -5.487779835e-05)
(1.000198627 -9.751487612e-05 -4.99600361e-05)
(1.000172479 -5.912555086e-05 -4.633947298e-05)
(1.000153137 -3.218970427e-05 -4.328607092e-05)
(1.00014032 -1.530367056e-05 -4.074755999e-05)
(1.000131397 -4.979527765e-06 -3.876649373e-05)
(1.000125207 8.440599297e-09 -3.701363585e-05)
(1.000120561 1.807936471e-06 -3.566279202e-05)
(1.000117266 1.050506938e-06 -3.453935861e-05)
(1.000115899 -1.201206554e-06 -3.347277781e-05)
(1.00000563 3.537246159e-05 1.656453976e-06)
(1.000031243 0.000107737043 5.268255876e-06)
(1.000094158 0.0001899082332 1.059247017e-05)
(1.000199698 0.0002885166957 1.90612488e-05)
(1.000357156 0.0004070944866 3.226372252e-05)
(1.000581132 0.0005436626501 5.158950772e-05)
(1.000887047 0.0006873768328 7.749627563e-05)
(1.001283377 0.0008116160505 0.0001070698614)
(1.00175983 0.0008740947264 0.0001329483969)
(1.002270763 0.000817801375 0.0001404154919)
(1.002729135 0.000602260796 0.0001136378897)
(1.003020137 0.0002371270368 5.322566231e-05)
(1.003059314 -0.0001470542871 -1.701735137e-05)
(1.002855057 -0.0004953930512 -8.206265192e-05)
(1.002455567 -0.000733456895 -0.0001260503398)
(1.001958243 -0.0008281721742 -0.0001412986894)
(1.00145033 -0.0007822187411 -0.0001261661538)
(1.001038214 -0.0006455501449 -9.18509273e-05)
(1.000752949 -0.0005022270171 -6.218484038e-05)
(1.000554378 -0.0003872105333 -4.417246345e-05)
(1.00040378 -0.0002924449106 -3.266886058e-05)
(1.00029017 -0.0002113518263 -2.347541639e-05)
(1.000215771 -0.0001514272138 -1.790069882e-05)
(1.000164011 -0.0001069845542 -1.583383564e-05)
(1.000129548 -7.656187154e-05 -1.473939177e-05)
(1.000103153 -5.231055386e-05 -1.419899653e-05)
(1.00008703 -3.649410832e-05 -1.401264621e-05)
(1.000074187 -2.324682632e-05 -1.414871449e-05)
(1.000067186 -1.574041714e-05 -1.422380872e-05)
(1.000060038 -8.29131696e-06 -1.433999542e-05)
(1.00005723 -4.719957422e-06 -1.435000582e-05)
(1.000049246 -9.62759818e-07 -1.432288935e-05)
(1.000006368 2.201593056e-05 1.192916687e-06)
(1.000035367 6.694534909e-05 3.770092145e-06)
(1.00010603 0.0001173357537 7.411664019e-06)
(1.000222201 0.0001767076178 1.294630802e-05)
(1.000390142 0.0002464781379 2.118454723e-05)
(1.000619852 0.0003245206562 3.268132781e-05)
(1.000919332 0.0004037653736 4.729972041e-05)
(1.001288995 0.0004684569084 6.310700888e-05)
(1.00170943 0.0004975824015 7.593315255e-05)
(1.0021437 0.0004608775211 7.874190573e-05)
(1.002525006 0.0003361374209 6.318401397e-05)
(1.002753985 0.0001327737328 2.920298392e-05)
(1.002785458 -7.708900743e-05 -9.08909471e-06)
(1.002628207 -0.0002734616831 -4.683131483e-05)
(1.002305918 -0.0004088179017 -7.350108673e-05)
(1.001891955 -0.0004658531641 -8.46099919e-05)
(1.001457642 -0.0004468519544 -8.010292674e-05)
(1.001080962 -0.0003758059671 -6.545849568e-05)
(1.000793934 -0.000294145267 -5.129927627e-05)
(1.000580545 -0.0002245060018 -4.244160716e-05)
(1.000417103 -0.0001659150407 -3.660427234e-05)
(1.00029315 -0.0001159468911 -3.219240809e-05)
(1.000207257 -7.784341149e-05 -2.944634279e-05)
(1.000145569 -4.932148838e-05 -2.790429126e-05)
(1.000103753 -2.958694968e-05 -2.698905184e-05)
(1.000071538 -1.42811546e-05 -2.624020818e-05)
(1.000051171 -4.377270602e-06 -2.569770158e-05)
(1.000034404 3.288591629e-06 -2.521487083e-05)
(1.000025016 7.33994252e-06 -2.486154057e-05)
(1.000015224 1.036307428e-05 -2.442951838e-05)
(1.000010723 1.13283843e-05 -2.417412176e-05)
(1.000002669 1.13371378e-05 -2.383664912e-05)
(1.000006714 7.465912508e-06 9.732925271e-07)
(1.000037301 2.268366521e-05 3.063511656e-06)
(1.000111568 3.964663083e-05 5.933636369e-06)
(1.000232561 5.945003412e-05 1.01577139e-05)
(1.000404917 8.245656714e-05 1.623637187e-05)
(1.000636516 0.0001078149372 2.443173678e-05)
(1.000931449 0.0001332070753 3.445186152e-05)
(1.001288826 0.0001530811086 4.479055979e-05)
(1.001679156 0.0001623423121 5.273304221e-05)
(1.002093376 0.0001471919895 5.320241576e-05)
(1.002418753 0.0001131056581 4.409628106e-05)
(1.002654913 2.970924799e-05 1.353556329e-05)
(1.002656694 -2.502242419e-05 -7.581164807e-06)
(1.00251727 -8.734921875e-05 -3.33838835e-05)
(1.002231106 -0.0001309801883 -5.263642261e-05)
(1.001855179 -0.0001499012732 -6.133319186e-05)
(1.001455441 -0.0001453943334 -5.96612367e-05)
(1.001094148 -0.0001247207769 -5.081686724e-05)
(1.000808552 -0.0001002415537 -4.08795908e-05)
(1.000587649 -7.897253002e-05 -3.341583861e-05)
(1.000418693 -6.13993592e-05 -2.816061571e-05)
(1.000289718 -4.658345456e-05 -2.415511378e-05)
(1.000198862 -3.549476452e-05 -2.155992079e-05)
(1.000132159 -2.75786907e-05 -1.984898583e-05)
(1.000087299 -2.159602201e-05 -1.890380959e-05)
(1.000052483 -1.770217722e-05 -1.838743315e-05)
(1.000030898 -1.540028352e-05 -1.817797237e-05)
(1.000012804 -1.39009489e-05 -1.805262681e-05)
(1.000002765 -1.296230394e-05 -1.80216897e-05)
(0.99999228 -1.208926736e-05 -1.802880462e-05)
(0.9999876985 -1.165936763e-05 -1.804518704e-05)
(0.9999787539 -1.104073037e-05 -1.803117609e-05)
(1.000006761 -7.373666118e-06 1.05238783e-06)
(1.000037553 -2.239107326e-05 3.304978945e-06)
(1.000112293 -3.905950377e-05 6.363493397e-06)
(1.000234013 -5.838822448e-05 1.081970168e-05)
(1.000407276 -8.064412435e-05 1.718511878e-05)
(1.000639764 -0.0001048530479 2.571790277e-05)
(1.000935109 -0.0001286743307 3.611514354e-05)
(1.001291792 -0.0001467077282 4.68309578e-05)
(1.001679426 -0.0001542992761 5.518625864e-05)
(1.002089213 -0.0001385689265 5.612936293e-05)
(1.002408669 -0.0001056451443 4.78161781e-05)
(1.002640043 -2.632529822e-05 1.887586166e-05)
(1.002640032 2.50089211e-05 -1.119040429e-06)
(1.002502915 8.399441299e-05 -2.536118748e-05)
(1.002221818 0.0001255503549 -4.283922051e-05)
(1.001851593 0.0001440280127 -4.985208958e-05)
(1.00145715 0.0001407026039 -4.674231325e-05)
(1.001098689 0.0001221950554 -3.684886673e-05)
(1.000812694 9.933222396e-05 -2.610692629e-05)
(1.000590273 7.866730283e-05 -1.795626872e-05)
(1.000420299 6.131637286e-05 -1.218099778e-05)
(1.00029108 4.67156292e-05 -7.851374564e-06)
(1.000199804 3.57432491e-05 -5.034695872e-06)
(1.000132914 2.767927624e-05 -3.154983806e-06)
(1.000087974 2.253928517e-05 -2.075298746e-06)
(1.000053195 1.810209754e-05 -1.530650074e-06)
(1.000031754 1.581856226e-05 -1.320955968e-06)
(1.000013758 1.457765857e-05 -1.233707866e-06)
(1.00000383 1.398212787e-05 -1.199122728e-06)
(0.9999935257 1.384520381e-05 -1.255847347e-06)
(0.999988949 1.400290559e-05 -1.297007603e-06)
(0.9999805264 1.439230203e-05 -1.355419857e-06)
(1.000006434 -2.17315582e-05 1.273204852e-06)
(1.000035724 -6.604084343e-05 4.015123571e-06)
(1.000107076 -0.0001155021782 7.847348143e-06)
(1.000224341 -0.0001733522451 1.361483849e-05)
(1.000393715 -0.0002406512447 2.212922305e-05)
(1.000624958 -0.0003149058986 3.39283979e-05)
(1.000925405 -0.0003888159479 4.881566834e-05)
(1.001294492 -0.0004471026546 6.480074029e-05)
(1.001711192 -0.0004702861 7.768073396e-05)
(1.002139008 -0.000431143938 8.067011913e-05)
(1.002511646 -0.0003112528146 6.607333432e-05)
(1.002733622 -0.0001192384045 3.367434042e-05)
(1.00276281 7.688165667e-05 -2.517021178e-06)
(1.002609221 0.0002616089514 -3.795430118e-05)
(1.002294251 0.0003897502724 -6.222844897e-05)
(1.00188849 0.0004453682175 -7.118594641e-05)
(1.001461854 0.0004312461107 -6.506333826e-05)
(1.001088045 0.0003688985731 -4.943634742e-05)
(1.000800099 0.0002943817425 -3.444483791e-05)
(1.000583214 0.0002278859837 -2.463658242e-05)
(1.000418859 0.0001714930519 -1.818645155e-05)
(1.000294308 0.0001230519167 -1.339426517e-05)
(1.000208123 8.591139643e-05 -1.043356893e-05)
(1.000145944 5.760296819e-05 -8.744783259e-06)
(1.000104198 3.815041484e-05 -7.770639143e-06)
(1.000072513 2.186459424e-05 -7.065028882e-06)
(1.000052186 1.234314878e-05 -6.595942179e-06)
(1.000035915 3.394884997e-06 -6.202812241e-06)
(1.000026549 -1.108654666e-06 -5.934351968e-06)
(1.000017212 -5.647104086e-06 -5.576138765e-06)
(1.000013008 -7.948545499e-06 -5.353933991e-06)
(1.000004132 -9.266061135e-06 -4.953826784e-06)
(1.000005738 -3.48753971e-05 1.738361051e-06)
(1.000031839 -0.0001061465476 5.517937501e-06)
(1.000095936 -0.0001866235817 1.103313165e-05)
(1.000203435 -0.0002823568115 1.97251347e-05)
(1.00036361 -0.0003960892422 3.315629536e-05)
(1.000590769 -0.0005249418985 5.26376291e-05)
(1.000899163 -0.0006573470206 7.843669196e-05)
(1.001295384 -0.0007674572944 0.0001074479263)
(1.001765524 -0.000816419209 0.0001322445921)
(1.002264672 -0.0007545821196 0.0001388857134)
(1.002706865 -0.0005496071245 0.0001135203307)
(1.00298525 -0.0002092748046 5.600503076e-05)
(1.003021753 0.0001450643004 -9.907672642e-06)
(1.002824745 0.0004677929594 -7.065643171e-05)
(1.002438476 0.0006899242718 -0.000110739708)
(1.001956385 0.0007814184739 -0.0001232732877)
(1.001461502 0.0007456539305 -0.0001072892659)
(1.001054838 0.0006268862666 -7.402232898e-05)
(1.000765241 0.0004960861705 -4.485997501e-05)
(1.000560523 0.0003862217981 -2.687089393e-05)
(1.000406977 0.0002946712614 -1.470410603e-05)
(1.000292643 0.0002170853478 -5.783523095e-06)
(1.000216587 0.0001587824645 8.043964622e-08)
(1.000164269 0.0001159764658 2.471642954e-06)
(1.000129026 8.657008176e-05 3.649274996e-06)
(1.000102734 6.455809523e-05 4.322237686e-06)
(1.000085818 5.014076979e-05 4.585256661e-06)
(1.00007298 3.947003967e-05 4.499223657e-06)
(1.000065418 3.351291101e-05 4.268178839e-06)
(1.000058346 2.906316067e-05 3.883822106e-06)
(1.000054979 2.734615266e-05 3.491380569e-06)
(1.000050077 2.647682752e-05 3.032911648e-06)
(1.000004602 -4.585600768e-05 2.488038728e-06)
(1.000025498 -0.0001398899923 7.959235393e-06)
(1.000077618 -0.0002479246897 1.632705833e-05)
(1.000168368 -0.0003797085696 3.017088979e-05)
(1.000311285 -0.0005412804833 5.261672753e-05)
(1.000527607 -0.0007315188682 8.677868143e-05)
(1.000843128 -0.0009367556496 0.0001343214671)
(1.001278811 -0.001119403711 0.0001905287533)
(1.001833949 -0.001216363058 0.0002408816433)
(1.002458102 -0.001139048882 0.0002557858151)
(1.003025724 -0.0008343644247 0.0002071699485)
(1.003389222 -0.0003158937692 9.787751892e-05)
(1.003427865 0.0002299102299 -2.659124982e-05)
(1.003159523 0.0007194797801 -0.0001385373604)
(1.002658077 0.0010497015 -0.0002109526958)
(1.002042814 0.001170089586 -0.000231367248)
(1.001445772 0.001082490478 -0.0001976872978)
(1.000992911 0.0008716999782 -0.0001352688634)
(1.000712437 0.0006650514503 -8.802216999e-05)
(1.000531266 0.0005030223028 -6.265592503e-05)
(1.000396304 0.0003704015444 -4.575294806e-05)
(1.000298543 0.0002590741545 -3.244913602e-05)
(1.000238451 0.0001771354636 -2.426730135e-05)
(1.00019983 0.0001178337701 -1.966519137e-05)
(1.000174094 7.691994935e-05 -1.685409628e-05)
(1.000155281 4.640904712e-05 -1.468333728e-05)
(1.000143095 2.584485093e-05 -1.314751839e-05)
(1.000134483 1.079677418e-05 -1.187079415e-05)
(1.000128912 1.407392957e-06 -1.082203178e-05)
(1.000124621 -5.474696517e-06 -9.716810479e-06)
(1.000122258 -9.660923336e-06 -8.767791189e-06)
(1.000115713 -1.102522148e-05 -7.38185207e-06)
(1.000002946 -5.35628378e-05 3.560654052e-06)
(1.000016268 -0.0001639128434 1.150379349e-05)
(1.000050676 -0.0002936366687 2.424989713e-05)
(1.000115476 -0.0004571776715 4.638142153e-05)
(1.000228932 -0.0006662128372 8.412256383e-05)
(1.000421195 -0.0009250164547 0.0001444917157)
(1.000735673 -0.00122257452 0.0002332818879)
(1.001218644 -0.001509619853 0.0003434292567)
(1.001896421 -0.001692652707 0.0004488563082)
(1.002718484 -0.001614918167 0.0004814658699)
(1.003490524 -0.001180643025 0.0003823536235)
(1.003973912 -0.0004374612764 0.000170196738)
(1.004009167 0.000351480935 -6.520633388e-05)
(1.003629824 0.001048787232 -0.000271602714)
(1.002948489 0.001511013757 -0.0004003668931)
(1.002120478 0.00165791253 -0.0004222052855)
(1.001366822 0.001484676718 -0.0003289788329)
(1.000858138 0.001148323272 -0.0001899409228)
(1.000606889 0.0008595689618 -9.813985057e-05)
(1.00046568 0.0006519451577 -5.254190393e-05)
(1.00035928 0.0004844410483 -2.373567997e-05)
(1.000287293 0.0003480217263 -3.763335723e-06)
(1.000250264 0.0002509722936 6.343333561e-06)
(1.00023063 0.0001840014035 1.045410711e-05)
(1.000217973 0.0001384172161 1.205060663e-05)
(1.000209109 0.0001059665017 1.267354021e-05)
(1.000203737 8.417621064e-05 1.259713886e-05)
(1.000200583 6.94657786e-05 1.209979546e-05)
(1.000198685 6.013750357e-05 1.14295118e-05)
(1.000197445 5.449936543e-05 1.073160759e-05)
(1.000196605 5.154765302e-05 1.005286539e-05)
(1.000196765 5.093208136e-05 9.56443699e-06)
(1.000000398 -5.67234648e-05 4.953307511e-06)
(1.000003851 -0.0001743776465 1.620572354e-05)
(1.00001418 -0.0003166259232 3.520584598e-05)
(1.000041669 -0.0005032492501 6.985064258e-05)
(1.000108425 -0.0007543689935 0.0001321801918)
(1.000253968 -0.001084912064 0.0002373538597)
(1.000546862 -0.001495425983 0.0004019986257)
(1.00107443 -0.001928416404 0.0006169961857)
(1.001920382 -0.002257477155 0.0008387385773)
(1.003042626 -0.002203508387 0.0009066270512)
(1.004124487 -0.00160384846 0.000702784711)
(1.004779172 -0.0005745039619 0.0002894086144)
(1.004800058 0.0005198326224 -0.0001583459155)
(1.00426281 0.001464847438 -0.0005478424861)
(1.003313507 0.002073469111 -0.0007970002303)
(1.002189806 0.002214895923 -0.0008415210102)
(1.001208539 0.001876291064 -0.0006462572753)
(1.000657745 0.00135341585 -0.0003839538647)
(1.000472993 0.0009637653235 -0.0002304851195)
(1.000390697 0.0007019636388 -0.0001541461244)
(1.000324234 0.0004947255508 -0.0001000723582)
(1.000286533 0.0003310963685 -6.057031459e-05)
(1.000278478 0.0002195609434 -3.915748606e-05)
(1.000280321 0.0001434862126 -2.84850208e-05)
(1.000282005 9.252058168e-05 -2.261483475e-05)
(1.000283211 5.597057502e-05 -1.880255698e-05)
(1.000284712 3.2218147e-05 -1.648166719e-05)
(1.000286474 1.532600431e-05 -1.483733598e-05)
(1.000287784 5.552146353e-06 -1.355299519e-05)
(1.000288792 -1.630240473e-06 -1.185150099e-05)
(1.000289843 -4.431260807e-06 -1.074471049e-05)
(1.000286617 -5.910103673e-06 -8.730291312e-06)
(0.999998161 -5.42128312e-05 6.658818107e-06)
(0.9999887304 -0.0001674926004 2.19108596e-05)
(0.9999688259 -0.0003088925793 4.906105948e-05)
(0.9999467347 -0.0005030745686 0.00010123)
(0.9999451022 -0.0007806736491 0.0002007277435)
(1.000009887 -0.001173634946 0.0003785757817)
(1.000242349 -0.001708227993 0.0006772304267)
(1.000790758 -0.002327856612 0.001090463878)
(1.001856878 -0.002882275957 0.001554736513)
(1.003426582 -0.002874271778 0.001683476947)
(1.004958416 -0.002071795672 0.001265989666)
(1.005845218 -0.0007104298255 0.0004822482277)
(1.00583411 0.0007152043118 -0.0003279492121)
(1.005066323 0.00195721312 -0.001026389045)
(1.003704413 0.002743313226 -0.001448580146)
(1.002172192 0.002857960161 -0.001468436456)
(1.000859567 0.002268782089 -0.001007994785)
(1.000309874 0.001544833752 -0.0005019097036)
(1.000248151 0.001092359123 -0.0002554711417)
(1.000252943 0.0008056502204 -0.0001481256766)
(1.000243275 0.000582548752 -7.765278379e-05)
(1.000252636 0.0004171715472 -3.073028006e-05)
(1.000281469 0.0003108043191 -7.303294235e-06)
(1.000309212 0.0002419734977 4.597744809e-06)
(1.000328425 0.0001951515851 1.211084488e-05)
(1.000341592 0.0001638167311 1.782612768e-05)
(1.000352168 0.0001424053466 2.218022998e-05)
(1.000359602 0.0001288497754 2.477322221e-05)
(1.00036527 0.0001194553482 2.732600863e-05)
(1.000370047 0.0001140607778 2.851016867e-05)
(1.000373084 0.0001118836197 2.930515334e-05)
(1.000377362 0.0001114512396 3.00722797e-05)
(0.9999950049 -4.530452038e-05 8.389165762e-06)
(0.9999723112 -0.0001406151171 2.795435285e-05)
(0.9999188852 -0.0002635208599 6.457603119e-05)
(0.9998376373 -0.0004404911478 0.0001386865147)
(0.9997454059 -0.0007110167803 0.0002891673773)
(0.9996853938 -0.001127147789 0.000576687638)
(0.9997968787 -0.00176070421 0.00109798707)
(1.000309047 -0.002582978961 0.00186617486)
(1.001655218 -0.003455018449 0.002821310845)
(1.003869524 -0.003500009234 0.003026563054)
(1.006005409 -0.002434193034 0.002173157405)
(1.007174182 -0.0007346451691 0.0007217848595)
(1.007130701 0.0009971687278 -0.0007413585198)
(1.006073392 0.002532637288 -0.002018750738)
(1.004160912 0.003513072244 -0.00278104295)
(1.002044658 0.003558940402 -0.002738932121)
(1.00034565 0.002541830095 -0.001747514747)
(0.9999090095 0.001567714526 -0.0008579624906)
(1.000026725 0.001059665836 -0.0004433592888)
(1.00013287 0.000751142234 -0.0002333759501)
(1.0001864 0.0005108118719 -9.788931361e-05)
(1.000246005 0.0003479893763 -2.684185988e-05)
(1.000310458 0.0002492301988 -1.01798138e-05)
(1.000360951 0.0001845858093 -1.036937276e-05)
(1.000391675 0.0001434034582 -1.530312404e-05)
(1.000413755 0.0001143300484 -2.193616037e-05)
(1.000429257 9.58143978e-05 -2.80103899e-05)
(1.000441189 8.218213601e-05 -3.270718246e-05)
(1.000449138 7.320128064e-05 -3.528958214e-05)
(1.000455153 6.582183097e-05 -3.645034641e-05)
(1.000459407 6.119122854e-05 -3.652288774e-05)
(1.000459138 5.68088898e-05 -3.59348218e-05)
(0.9999923804 -3.023060796e-05 9.861378449e-06)
(0.999957763 -9.41840244e-05 3.317703196e-05)
(0.9998735626 -0.0001788702824 7.865074049e-05)
(0.9997336061 -0.0003059384438 0.0001748940892)
(0.9995406657 -0.0005122564952 0.0003833118218)
(0.9993150438 -0.0008576404771 0.0008105728419)
(0.9992224373 -0.00144946358 0.001666667939)
(0.9995806717 -0.002345207813 0.003024831844)
(1.001267678 -0.003544555476 0.004920236266)
(1.004386081 -0.003798348838 0.005181443628)
(1.007310247 -0.002696643597 0.003449097467)
(1.008726941 -0.000992872238 0.0009188545179)
(1.008625789 0.0007677111394 -0.001588884158)
(1.007229318 0.002401348362 -0.003797533897)
(1.004638387 0.003590230811 -0.005091343846)
(1.001641606 0.003842023626 -0.004800106119)
(0.9994153957 0.002635065095 -0.002491832155)
(0.9993033842 0.001616609248 -0.001084685309)
(0.9997082047 0.001163909762 -0.0006185178316)
(0.9999327123 0.0009094416667 -0.0003725449683)
(1.000060463 0.0007005746107 -0.0001595358517)
(1.000184768 0.000560582071 -2.674284201e-05)
(1.000291859 0.0004828125656 3.791107089e-05)
(1.000364496 0.0004315883001 8.492424711e-05)
(1.000409148 0.0003976186556 0.0001112680607)
(1.000444045 0.0003765722791 0.0001272258676)
(1.000465946 0.0003654543969 0.0001367445295)
(1.000483899 0.0003590739988 0.0001429501708)
(1.000492945 0.0003554786104 0.0001466255015)
(1.000502681 0.0003534745903 0.0001482322489)
(1.000506836 0.0003529144055 0.0001483539479)
(1.000518487 0.0003525035753 0.0001476225635)
(0.9999908355 -1.032751492e-05 1.071953807e-05)
(0.9999491485 -3.294412356e-05 3.624706627e-05)
(0.9998459758 -6.317961831e-05 8.706286594e-05)
(0.9996675741 -0.0001097128757 0.0001978881806)
(0.9994007465 -0.0001882569743 0.0004467567464)
(0.9990321447 -0.0003275182821 0.0009911796748)
(0.9987039947 -0.0005869804021 0.002167726633)
(0.9987274871 -0.001024865618 0.004315483533)
(1.000595843 -0.001717754043 0.007680290666)
(1.00462151 -0.001947156577 0.008100748087)
(1.008379262 -0.001460498392 0.005263265641)
(1.010069511 -0.0006761591222 0.001458177315)
(1.009985275 0.00014662562 -0.002212290007)
(1.008430244 0.0009478569395 -0.005534378705)
(1.005414853 0.001593046911 -0.007645074906)
(1.001525626 0.00182289048 -0.007555712068)
(0.9987451627 0.001268281758 -0.003465266537)
(0.9988404939 0.0007343294998 -0.0007211827059)
(0.9995376575 0.0004568384649 -8.843132089e-05)
(0.9998571254 0.0002831447866 0.0001078380389)
(1.00000168 0.0001564858599 0.000180006752)
(1.000155643 5.535807691e-05 0.0001698617437)
(1.000300563 -2.464938973e-05 0.0001148466825)
(1.00039085 -8.399855181e-05 6.40485605e-05)
(1.000443281 -0.0001294891906 2.893418679e-05)
(1.00048195 -0.0001700545389 3.224537388e-06)
(1.00050739 -0.0002023160028 -1.281326846e-05)
(1.00052622 -0.0002327561877 -2.286047832e-05)
(1.000537462 -0.0002560765457 -2.718053596e-05)
(1.000547046 -0.0002810647051 -2.772827918e-05)
(1.000552561 -0.000297620042 -2.685861082e-05)
(1.000553857 -0.0003216038067 -2.185532e-05)
(0.9999908335 1.05957089e-05 1.070555785e-05)
(0.999949132 3.374352335e-05 3.619964466e-05)
(0.9998459342 6.445527797e-05 8.698085883e-05)
(0.9996673498 0.0001113727664 0.0001976984029)
(0.9994002664 0.0001897486137 0.0004466542622)
(0.9990297892 0.0003281322397 0.0009909041391)
(0.9986991935 0.0005820572608 0.00217167838)
(0.9987087971 0.001011377641 0.004326401571)
(1.000571463 0.00167046813 0.007746633423)
(1.004611612 0.001885581065 0.008168236035)
(1.008384391 0.001399074978 0.005307031211)
(1.01007494 0.0006161213785 0.001498649964)
(1.009989196 -0.0002064207375 -0.002178064548)
(1.008428886 -0.001006807129 -0.005497223759)
(1.005393072 -0.001668870682 -0.007614007388)
(1.001474609 -0.001934889366 -0.007472117097)
(0.9986563305 -0.001466654841 -0.003289886064)
(0.9987256773 -0.001023614764 -0.0004195087406)
(0.9993920559 -0.0008268288532 0.000341623827)
(0.9997218679 -0.0007002877489 0.0007017391043)
(0.9998998528 -0.0005967083618 0.0009143171644)
(1.000063288 -0.0005247593918 0.001027773547)
(1.000223879 -0.000461914693 0.001024891009)
(1.000321393 -0.0004189446562 0.001014172496)
(1.000379542 -0.0003869008518 0.0009987287508)
(1.000421189 -0.0003601295882 0.0009797994274)
(1.000453266 -0.0003410303047 0.0009594610341)
(1.000475639 -0.0003275048403 0.0009396196406)
(1.000491899 -0.000317302222 0.0009208714555)
(1.000505597 -0.0003093350908 0.0009034305362)
(1.000514354 -0.0003034536668 0.0008878838996)
(1.000556907 -0.0002991320467 0.000874617608)
(0.9999923748 3.049428311e-05 9.821624859e-06)
(0.999957728 9.497074266e-05 3.304935803e-05)
(0.9998734364 0.0001801634733 7.840413936e-05)
(0.9997331463 0.000307661304 0.0001744503282)
(0.9995394568 0.000514325644 0.000382778005)
(0.9993113976 0.0008596256053 0.0008101404722)
(0.9992151618 0.001451994051 0.001669423505)
(0.9995643425 0.002347824917 0.003033102368)
(1.001253337 0.003558948528 0.004957357561)
(1.004383605 0.003820745835 0.005214769567)
(1.007311923 0.002715061135 0.003477850381)
(1.008723004 0.00100956069 0.0009582615843)
(1.008621402 -0.0007561726146 -0.001549181377)
(1.007218638 -0.002394160908 -0.003757053243)
(1.004621957 -0.003578422062 -0.005042389739)
(1.001604453 -0.003818923151 -0.004715667324)
(0.9993797554 -0.002587224316 -0.00239951118)
(0.9992802569 -0.001503847346 -0.0009252494903)
(0.9997349766 -0.0009744836716 -0.0004562913267)
(1.00000033 -0.0006344980476 -0.0002583387565)
(1.000131213 -0.0003723776706 -0.0001375804567)
(1.00024774 -0.0001957375561 -0.0001058259483)
(1.000346767 -9.096860251e-05 -0.0001229015132)
(1.000413449 -2.164771194e-05 -0.0001473047461)
(1.000451935 2.509159012e-05 -0.0001676032278)
(1.000478093 5.875941039e-05 -0.0001856198487)
(1.000496254 8.238927483e-05 -0.0002002570317)
(1.000508497 9.970162756e-05 -0.0002110360599)
(1.000516293 0.0001122648566 -0.0002191492996)
(1.000521557 0.0001225724221 -0.0002251605612)
(1.000525716 0.0001284439373 -0.0002287968198)
(1.000517589 0.0001356850148 -0.000230981337)
(0.9999949987 4.555843697e-05 8.329727994e-06)
(0.9999722736 0.0001413772456 2.776591525e-05)
(0.9999187485 0.0002648024635 6.421005e-05)
(0.999837191 0.0004423081895 0.000138045222)
(0.9997442882 0.0007135118467 0.000288226514)
(0.9996825796 0.001130556397 0.0005754193316)
(0.9997916722 0.001766583721 0.001097723649)
(1.00029931 0.002592524363 0.001867571635)
(1.001645039 0.003475363878 0.002833897252)
(1.003863651 0.003521291872 0.003041108067)
(1.006001873 0.00245258184 0.00218853098)
(1.007170171 0.0007559510923 0.0007383013368)
(1.007127554 -0.0009735170043 -0.0007273575953)
(1.006067383 -0.002506416714 -0.002005525464)
(1.00415016 -0.003480231112 -0.002766535073)
(1.002025371 -0.00351129178 -0.002714074556)
(1.000328306 -0.002480944424 -0.00172280741)
(0.9998894867 -0.001476301345 -0.0008101894308)
(1.00002156 -0.0009699463478 -0.00039659636)
(1.000119767 -0.0007057527114 -0.0002018212179)
(1.0001571 -0.0005070907504 -5.447862249e-05)
(1.000205042 -0.0003832305721 3.045464186e-05)
(1.000263662 -0.0003146043527 7.560132375e-05)
(1.000314911 -0.0002704792405 8.475268881e-05)
(1.000348513 -0.0002423028446 8.894076041e-05)
(1.000371861 -0.0002254011255 8.761822803e-05)
(1.000390899 -0.0002131676421 8.256247374e-05)
(1.000403649 -0.0002057369738 7.536195496e-05)
(1.000412384 -0.0002015902155 6.765275553e-05)
(1.000422667 -0.0001993705094 5.675703524e-05)
(1.000423686 -0.0001986908263 5.022561554e-05)
(1.000458426 -0.0001987398292 3.91968234e-05)
(0.9999981567 5.444947316e-05 6.586840893e-06)
(0.9999887054 0.0001682063776 2.168438546e-05)
(0.9999687313 0.0003101117966 4.8624831e-05)
(0.9999464336 0.0005048589437 0.0001004763799)
(0.999944353 0.0007832200001 0.0001995434592)
(1.000008141 0.001177278673 0.0003768243267)
(1.000239151 0.001714099514 0.0006752633958)
(1.000785281 0.002336863101 0.001088590211)
(1.001850767 0.002897903222 0.001555941386)
(1.003422918 0.002893226549 0.00168542504)
(1.004956594 0.00209296794 0.00126743751)
(1.005843983 0.000734716256 0.0004830192108)
(1.005833073 -0.0006884893508 -0.0003286843516)
(1.005063 -0.001928852486 -0.001028951646)
(1.003699297 -0.002710878417 -0.001453813742)
(1.002160128 -0.002816644161 -0.00147266931)
(1.000847313 -0.002222740933 -0.001016670355)
(1.00029094 -0.001483232877 -0.0004985079974)
(1.000238316 -0.001027497113 -0.0002495581642)
(1.000251981 -0.0007410334143 -0.0001456944527)
(1.000248072 -0.0005028021683 -7.995268868e-05)
(1.000262913 -0.0003131108129 -4.420781665e-05)
(1.000296576 -0.0001807988704 -3.538201137e-05)
(1.00032714 -8.507227015e-05 -4.114531624e-05)
(1.0003482 -1.88561192e-05 -4.831082921e-05)
(1.000361629 3.393322614e-05 -5.634187494e-05)
(1.000369907 6.978222814e-05 -6.365326219e-05)
(1.00037637 0.0001004520214 -7.01329525e-05)
(1.00038036 0.0001202892455 -7.528871983e-05)
(1.000382891 0.0001396404115 -7.963473164e-05)
(1.000385325 0.000150513871 -8.2892765e-05)
(1.000376011 0.0001638885291 -8.525507155e-05)
(1.000000398 5.693507146e-05 4.875220929e-06)
(1.000003843 0.0001750170184 1.596327853e-05)
(1.000014143 0.0003177239691 3.474378852e-05)
(1.000041527 0.0005048719922 6.906798465e-05)
(1.000108037 0.0007566792868 0.0001309441976)
(1.000253056 0.001088188989 0.0002354963815)
(1.000545185 0.00150035581 0.0003995104114)
(1.001071743 0.001935702216 0.0006138779519)
(1.00191735 0.00226875061 0.0008358001843)
(1.003040653 0.00221773224 0.0009034794887)
(1.004123494 0.00161958408 0.0006989346418)
(1.004778365 0.0005915412977 0.000284922678)
(1.004799372 -0.0005013451147 -0.0001640962628)
(1.004260647 -0.001445295122 -0.0005557353481)
(1.003310824 -0.002050881981 -0.0008069908168)
(1.002182731 -0.002186897188 -0.0008527318284)
(1.001201592 -0.001844800086 -0.0006609405114)
(1.000648 -0.001309283618 -0.0003951445828)
(1.000469609 -0.0009114973891 -0.0002430612539)
(1.000392379 -0.0006482024877 -0.0001713850414)
(1.000325118 -0.0004425138367 -0.0001202549235)
(1.000283624 -0.0002836544777 -8.112042519e-05)
(1.00027193 -0.0001799339927 -5.845202174e-05)
(1.000270776 -0.0001158694596 -4.609343096e-05)
(1.000269929 -7.465348111e-05 -3.847479391e-05)
(1.000268993 -4.885310701e-05 -3.35667546e-05)
(1.00026917 -3.280508121e-05 -3.10369763e-05)
(1.000270028 -2.436702695e-05 -3.034385132e-05)
(1.000270872 -2.00576087e-05 -3.092913943e-05)
(1.00027208 -1.935328045e-05 -3.195211868e-05)
(1.000270901 -1.998035229e-05 -3.369864474e-05)
(1.000284958 -2.239046652e-05 -3.672996399e-05)
(1.000002947 5.374266764e-05 3.481952916e-06)
(1.000016276 0.0001644560385 1.125986267e-05)
(1.000050691 0.0002945700549 2.379306259e-05)
(1.000115468 0.0004585567819 4.562447089e-05)
(1.000228829 0.0006681556181 8.294385458e-05)
(1.000420866 0.0009277205164 0.0001427366849)
(1.000735004 0.001226436093 0.0002308324955)
(1.001217563 0.001515073229 0.0003401932431)
(1.001895184 0.001700379943 0.0004450150334)
(1.002717707 0.001624657645 0.0004769871481)
(1.003490323 0.001191706777 0.0003770493155)
(1.003974062 0.0004495768804 0.0001638829127)
(1.004009381 -0.0003378075381 -7.265601249e-05)
(1.003629608 -0.001033794906 -0.0002808038032)
(1.002947123 -0.00149403055 -0.0004114577547)
(1.002117812 -0.001637478241 -0.000435294704)
(1.00136324 -0.001461074277 -0.0003449559648)
(1.000852965 -0.001117940084 -0.0002061619783)
(1.00060351 -0.0008252457958 -0.0001153330719)
(1.000464269 -0.0006186328335 -7.140892902e-05)
(1.000358581 -0.0004538681922 -4.332622598e-05)
(1.000285837 -0.0003155931202 -2.336752295e-05)
(1.000250261 -0.0002171738162 -1.449792029e-05)
(1.000231599 -0.0001439214861 -1.229309273e-05)
(1.000220274 -9.350941962e-05 -1.301264455e-05)
(1.000211965 -5.243684779e-05 -1.470289824e-05)
(1.000207559 -2.468017399e-05 -1.693088064e-05)
(1.000204821 -3.664019263e-07 -1.988936745e-05)
(1.00020354 1.476010991e-05 -2.218701645e-05)
(1.000201779 2.986584375e-05 -2.469416285e-05)
(1.000201588 3.778670075e-05 -2.617650724e-05)
(1.000194705 4.753689187e-05 -2.809166603e-05)
(1.000004605 4.599917498e-05 2.411410474e-06)
(1.000025519 0.000140322488 7.722761589e-06)
(1.000077674 0.0002486666559 1.589115883e-05)
(1.000168458 0.0003808010354 2.946396645e-05)
(1.000311381 0.0005428018869 5.153782989e-05)
(1.000527654 0.0007335963313 8.520073059e-05)
(1.000843075 0.0009396074795 0.0001321191454)
(1.001278637 0.001123278966 0.0001875964031)
(1.001833781 0.001221565735 0.000237209126)
(1.00245817 0.001145600364 0.0002513690113)
(1.003026268 0.0008418356241 0.0002019187481)
(1.003389933 0.0003242893591 9.168707192e-05)
(1.003428566 -0.0002206366158 -3.378079886e-05)
(1.003159981 -0.0007093504461 -0.0001470741259)
(1.002657865 -0.001038396038 -0.0002210407402)
(1.002041767 -0.00115693731 -0.0002432234513)
(1.001443809 -0.001067354703 -0.0002115910167)
(1.000990242 -0.0008532268502 -0.0001502781289)
(1.000709921 -0.000643590134 -0.0001038374302)
(1.000531186 -0.0004817353094 -7.992821194e-05)
(1.000396004 -0.0003478751249 -6.394616458e-05)
(1.000298724 -0.0002363364218 -5.1383343e-05)
(1.000237508 -0.000152789887 -4.354322401e-05)
(1.000199029 -9.504174594e-05 -3.919179025e-05)
(1.000171626 -5.449737896e-05 -3.619744453e-05)
(1.000152571 -2.72611621e-05 -3.390138183e-05)
(1.000138562 -7.953524351e-06 -3.213116173e-05)
(1.000130026 2.815500552e-06 -3.110198873e-05)
(1.000122983 1.063782049e-05 -3.023411859e-05)
(1.000118768 1.29825188e-05 -2.977026667e-05)
(1.000113648 1.394697492e-05 -2.92871928e-05)
(1.000113375 1.309094518e-05 -2.94699517e-05)
(1.000005744 3.497907999e-05 1.664811466e-06)
(1.000031869 0.0001064596856 5.291836867e-06)
(1.000096021 0.0001871596522 1.06219251e-05)
(1.000203591 0.0002831428377 1.907061547e-05)
(1.000363836 0.0003971735185 3.217700651e-05)
(1.000591046 0.0005264000635 5.123239925e-05)
(1.000899473 0.0006592967994 7.649829917e-05)
(1.001295727 0.0007700349105 0.0001048787108)
(1.001765953 0.0008197696958 0.0001289912984)
(1.002265307 0.0007587376248 0.0001349201128)
(1.002707788 0.0005544147693 0.0001087993985)
(1.002986314 0.0002146538592 5.042775645e-05)
(1.003022819 -0.0001390896752 -1.635914837e-05)
(1.002825679 -0.0004612199681 -7.821905636e-05)
(1.002439039 -0.0006825858888 -0.0001196039676)
(1.001956319 -0.0007729772966 -0.0001335596575)
(1.001461004 -0.0007358946625 -0.0001191742089)
(1.001053462 -0.0006150598399 -8.712600775e-05)
(1.000764379 -0.0004827484899 -5.889459309e-05)
(1.000559869 -0.0003721195124 -4.171623131e-05)
(1.000406978 -0.0002809589701 -3.036963745e-05)
(1.000291687 -0.0002029578169 -2.105075217e-05)
(1.000215754 -0.000145039227 -1.640817821e-05)
(1.000162873 -0.0001018669542 -1.395569594e-05)
(1.000127929 -7.249821479e-05 -1.287129305e-05)
(1.00010119 -4.914893679e-05 -1.245259479e-05)
(1.000084832 -3.393891863e-05 -1.255999426e-05)
(1.000071831 -2.113129245e-05 -1.310525194e-05)
(1.000064712 -1.382317735e-05 -1.361400254e-05)
(1.000057611 -6.468315739e-06 -1.437712304e-05)
(1.000054575 -2.862753842e-06 -1.485510388e-05)
(1.000047506 1.258204614e-06 -1.562209467e-05)
(1.00000644 2.179422624e-05 1.202411063e-06)
(1.00003576 6.623003857e-05 3.798114664e-06)
(1.000107178 0.0001158255038 7.456542895e-06)
(1.000224538 0.0001738248056 1.300139357e-05)
(1.000394017 0.0002412988724 2.122555784e-05)
(1.000625365 0.0003157682099 3.265173532e-05)
(1.000925914 0.0003899501239 4.707621235e-05)
(1.001295108 0.0004485765321 6.251368509e-05)
(1.001711944 0.0004721588048 7.478600152e-05)
(1.00213994 0.000433447456 7.71229192e-05)
(1.002512803 0.0003139431757 6.18230795e-05)
(1.002734928 0.0001222444142 2.862674841e-05)
(1.002764105 -7.352381479e-05 -8.322267459e-06)
(1.002610428 -0.0002579118322 -4.470141385e-05)
(1.002295189 -0.0003856456622 -7.006211111e-05)
(1.001889039 -0.0004407092222 -8.020466281e-05)
(1.001461754 -0.000425865595 -7.53498181e-05)
(1.001087808 -0.0003626664547 -6.086923634e-05)
(1.000799348 -0.0002871918396 -4.673775339e-05)
(1.000583092 -0.0002205506038 -3.769767656e-05)
(1.000418355 -0.0001639549299 -3.177511581e-05)
(1.000293816 -0.0001154644563 -2.73560107e-05)
(1.000207136 -7.796894409e-05 -2.459599745e-05)
(1.000145014 -4.962496751e-05 -2.305546919e-05)
(1.000102865 -2.974818471e-05 -2.222660931e-05)
(1.000070718 -1.435507385e-05 -2.155546664e-05)
(1.000050132 -4.134124597e-06 -2.108381671e-05)
(1.000033466 3.828713239e-06 -2.069117238e-05)
(1.000023855 8.302351794e-06 -2.042106783e-05)
(1.000014187 1.167094746e-05 -2.013087599e-05)
(1.000009559 1.343427091e-05 -1.996752306e-05)
(1.00000142 1.36116069e-05 -1.981094974e-05)
(1.000006767 7.394620273e-06 9.831760261e-07)
(1.000037592 2.245431948e-05 3.093137648e-06)
(1.000112404 3.916748682e-05 5.983979848e-06)
(1.000234229 5.854579148e-05 1.022840635e-05)
(1.000407613 8.085931114e-05 1.632155146e-05)
(1.000640229 0.0001051383348 2.450841463e-05)
(1.000935707 0.0001290464942 3.448036503e-05)
(1.001292523 0.0001471884338 4.46906709e-05)
(1.001680323 0.0001548992538 5.249333549e-05)
(1.002090244 0.0001393180695 5.278624148e-05)
(1.002409946 0.0001064888174 4.387934382e-05)
(1.002641388 2.736438093e-05 1.398518909e-05)
(1.002641419 -2.391434515e-05 -6.584808793e-06)
(1.002504236 -8.280358327e-05 -3.166274375e-05)
(1.002222945 -0.0001242365939 -5.012037639e-05)
(1.001852343 -0.0001425257969 -5.819901624e-05)
(1.001457573 -0.0001390046144 -5.622415581e-05)
(1.00109853 -0.0001201899885 -4.737761777e-05)
(1.000812527 -9.70785743e-05 -3.748777991e-05)
(1.000589962 -7.626829216e-05 -3.000784034e-05)
(1.000420025 -5.888444305e-05 -2.472311178e-05)
(1.000290416 -4.420216662e-05 -2.07114871e-05)
(1.000198944 -3.318434783e-05 -1.807676176e-05)
(1.000131757 -2.517818379e-05 -1.644099407e-05)
(1.000086602 -1.966237328e-05 -1.547408415e-05)
(1.000051596 -1.561728987e-05 -1.493792501e-05)
(1.000029895 -1.337117731e-05 -1.472743068e-05)
(1.000011742 -1.2007367e-05 -1.46614093e-05)
(1.000001659 -1.120292748e-05 -1.467448869e-05)
(0.999991159 -1.049998189e-05 -1.476243033e-05)
(0.9999865119 -1.019610722e-05 -1.485019267e-05)
(0.9999777368 -9.725211235e-06 -1.498952523e-05)
(1.000006811 -7.307504501e-06 8.895129081e-07)
(1.000037829 -2.217833962e-05 2.793165458e-06)
(1.000113087 -3.861547049e-05 5.376850304e-06)
(1.000235595 -5.755236087e-05 9.13783264e-06)
(1.000409829 -7.917000393e-05 1.450250883e-05)
(1.000643272 -0.0001024041663 2.167258749e-05)
(1.000939119 -0.0001248860948 3.037844424e-05)
(1.001295303 -0.0001413793621 3.927756173e-05)
(1.001680549 -0.0001476573832 4.616780748e-05)
(1.002086734 -0.0001315547399 4.672239471e-05)
(1.002400684 -9.986170013e-05 3.976402357e-05)
(1.002628581 -2.40372851e-05 1.550801826e-05)
(1.002626593 2.409029451e-05 -1.11048833e-06)
(1.002491556 8.005308184e-05 -2.132190018e-05)
(1.002214951 0.0001197285565 -3.577314142e-05)
(1.001849555 0.000137732215 -4.150173803e-05)
(1.001459515 0.0001353458974 -3.889372975e-05)
(1.001103043 0.0001185423645 -3.072008421e-05)
(1.000816552 9.695201405e-05 -2.179900844e-05)
(1.000592674 7.680559985e-05 -1.497323547e-05)
(1.00042162 5.966089806e-05 -1.011194577e-05)
(1.000291873 4.521161674e-05 -6.458052689e-06)
(1.000199893 3.424281248e-05 -4.039951549e-06)
(1.000132609 2.614545118e-05 -2.468693536e-06)
(1.000087311 2.087119132e-05 -1.537582637e-06)
(1.000052473 1.677874613e-05 -9.300371791e-07)
(1.000030837 1.419795428e-05 -7.486584749e-07)
(1.000012804 1.289956972e-05 -6.78148747e-07)
(1.00000283 1.228567694e-05 -6.466483986e-07)
(0.999992505 1.212634428e-05 -6.707557947e-07)
(0.9999879033 1.218454275e-05 -6.914512642e-07)
(0.9999795187 1.25993178e-05 -7.535676651e-07)
(1.000006501 -2.152605815e-05 1.076179025e-06)
(1.000036094 -6.53780828e-05 3.393227545e-06)
(1.000108157 -0.000114105124 6.628784561e-06)
(1.000226537 -0.0001706916455 1.149167748e-05)
(1.000397342 -0.0002358901851 1.865237503e-05)
(1.000630088 -0.000306904418 2.853899597e-05)
(1.000931488 -0.0003762905687 4.093386901e-05)
(1.001300082 -0.000429256584 5.41143622e-05)
(1.001713485 -0.0004477514449 6.453918339e-05)
(1.002135635 -0.0004071081552 6.664449574e-05)
(1.00250092 -0.0002917786342 5.441764983e-05)
(1.002716883 -0.0001099201972 2.738799149e-05)
(1.002743978 7.384705601e-05 -2.50221677e-06)
(1.00259374 0.000248194311 -3.179475297e-05)
(1.002285233 0.0003698339167 -5.16988517e-05)
(1.001886493 0.0004238783413 -5.89033284e-05)
(1.001466095 0.0004134109203 -5.379089561e-05)
(1.001094653 0.0003578189432 -4.092714678e-05)
(1.000805365 0.0002887022779 -2.842068058e-05)
(1.000585902 0.0002250651248 -2.008742944e-05)
(1.000420226 0.0001706102144 -1.461817225e-05)
(1.000294928 0.0001236687559 -1.059382244e-05)
(1.000208073 8.740361481e-05 -8.12253015e-06)
(1.000145256 5.940020662e-05 -6.772392948e-06)
(1.000103342 4.009148187e-05 -6.051065995e-06)
(1.000071328 2.416627381e-05 -5.585728356e-06)
(1.000051088 1.447482868e-05 -5.280751307e-06)
(1.000034592 5.618139727e-06 -5.052896608e-06)
(1.000025297 1.097461224e-06 -4.913851553e-06)
(1.000015847 -3.801720893e-06 -4.761361554e-06)
(1.000011671 -5.642775209e-06 -4.649805864e-06)
(1.000002907 -7.703568782e-06 -4.522030937e-06)
(1.000005844 -3.451157235e-05 1.469240632e-06)
(1.000032423 -0.0001049657122 4.662527595e-06)
(1.000097673 -0.0001840883789 9.314225395e-06)
(1.000207051 -0.0002774164604 1.662888218e-05)
(1.000369776 -0.0003870195013 2.788742924e-05)
(1.000599831 -0.0005092814695 4.412318843e-05)
(1.000910374 -0.0006321665762 6.542048828e-05)
(1.00130629 -0.0007306677937 8.904854014e-05)
(1.00177071 -0.0007691949081 0.0001087330301)
(1.002259553 -0.0007039116478 0.0001133024706)
(1.002688255 -0.0005086168721 9.23290358e-05)
(1.002955626 -0.0001902148443 4.490299121e-05)
(1.002989811 0.0001378589294 -8.882378642e-06)
(1.002799279 0.0004384728719 -5.852734664e-05)
(1.002424512 0.0006469377879 -9.108769524e-05)
(1.001955244 0.0007353228036 -0.0001012038815)
(1.001471276 0.0007074804925 -8.849217833e-05)
(1.001068583 0.0006023366815 -6.195542575e-05)
(1.000775666 0.0004811262738 -3.823917951e-05)
(1.000566084 0.0003754259296 -2.325915619e-05)
(1.00041024 0.0002867075634 -1.301703246e-05)
(1.000294625 0.000211553246 -5.28209986e-06)
(1.000217005 0.000154357847 -3.987783348e-07)
(1.000163725 0.0001120060499 2.39736638e-06)
(1.000127913 8.257821849e-05 3.660179702e-06)
(1.000101434 6.05131958e-05 4.259536997e-06)
(1.000084277 4.581114426e-05 4.556445609e-06)
(1.000071306 3.48010983e-05 4.517855578e-06)
(1.000063606 2.848843146e-05 4.379307202e-06)
(1.000056519 2.365590616e-05 4.115840967e-06)
(1.000053002 2.170780599e-05 3.834190646e-06)
(1.000048402 2.039790661e-05 3.419100715e-06)
(1.000004777 -4.531028339e-05 2.102418322e-06)
(1.000026466 -0.00013809967 6.722990442e-06)
(1.000080548 -0.0002439781717 1.377042137e-05)
(1.000174627 -0.000371769938 2.5389219e-05)
(1.000322322 -0.0005261679296 4.411556025e-05)
(1.000544454 -0.0007044437398 7.238255679e-05)
(1.000864948 -0.0008914983847 0.0001111796462)
(1.001300821 -0.001051147535 0.0001562517556)
(1.001846315 -0.00112581764 0.0001951959348)
(1.002446414 -0.001042567802 0.0002054201179)
(1.00299049 -0.0007563283139 0.0001655571263)
(1.003334032 -0.0002818603271 7.666658893e-05)
(1.003369941 0.0002135732869 -2.350117863e-05)
(1.003114486 0.0006611790139 -0.0001131928706)
(1.002634117 0.000966351061 -0.0001703933588)
(1.002045006 0.001084094894 -0.0001860033665)
(1.001464731 0.001017562457 -0.0001589720392)
(1.001017169 0.0008373480682 -0.0001091334394)
(1.000728456 0.0006498170635 -7.064960946e-05)
(1.000538679 0.0004955974205 -4.986977873e-05)
(1.000400584 0.0003683897108 -3.648527001e-05)
(1.000300634 0.0002608331902 -2.613824443e-05)
(1.000238679 0.0001810205171 -2.00675394e-05)
(1.000198212 0.0001217806782 -1.701248448e-05)
(1.000172181 8.167950304e-05 -1.522664919e-05)
(1.000152537 5.048409978e-05 -1.407204748e-05)
(1.000140583 3.050820399e-05 -1.338159248e-05)
(1.000131301 1.417867075e-05 -1.29208874e-05)
(1.000126273 5.136229722e-06 -1.250532459e-05)
(1.00012116 -3.268018475e-06 -1.204637026e-05)
(1.000119068 -6.889139262e-06 -1.152969837e-05)
(1.000113318 -1.074304897e-05 -1.106304922e-05)
(1.000003235 -5.282271009e-05 3.009598784e-06)
(1.000017869 -0.0001614493867 9.706359464e-06)
(1.000055595 -0.0002880108211 2.041943818e-05)
(1.000126278 -0.0004453961564 3.893034852e-05)
(1.000248658 -0.0006427408431 7.021710224e-05)
(1.000452606 -0.0008809760377 0.0001196820484)
(1.000778106 -0.001145288965 0.000191032464)
(1.001263835 -0.001388151864 0.0002775353993)
(1.001923134 -0.001525586148 0.0003565650013)
(1.002698465 -0.001434416057 0.0003781708394)
(1.003416099 -0.001044920699 0.0002998378726)
(1.003869246 -0.0003806902747 0.0001303467875)
(1.003903047 0.0003143127584 -5.628576628e-05)
(1.003549415 0.0009344133908 -0.0002195110258)
(1.002910133 0.00134858763 -0.0003199083673)
(1.002134456 0.001489784539 -0.0003377179082)
(1.001413637 0.00135840447 -0.0002676646627)
(1.00090928 0.001077712233 -0.0001595930543)
(1.000638283 0.0008186520776 -8.466949859e-05)
(1.000481108 0.0006220067525 -4.588616455e-05)
(1.000368096 0.0004625992061 -2.088712351e-05)
(1.000291879 0.0003312037631 -3.012423769e-06)
(1.000251044 0.0002348069301 8.211552519e-06)
(1.000229088 0.0001662944784 1.257445017e-05)
(1.00021534 0.0001187005589 1.416623857e-05)
(1.000205827 8.433114225e-05 1.481099152e-05)
(1.000199968 6.100727748e-05 1.463707317e-05)
(1.000196309 4.449148137e-05 1.394665463e-05)
(1.000194112 3.450664057e-05 1.28831423e-05)
(1.000192494 2.758842174e-05 1.145723155e-05)
(1.000191149 2.490791798e-05 1.003088015e-05)
(1.000193337 2.350313779e-05 8.248953165e-06)
(1.000000758 -5.579682811e-05 4.200898338e-06)
(1.00000636 -0.0001712693964 1.3663745e-05)
(1.000022198 -0.00030924668 2.957599306e-05)
(1.000059828 -0.0004870289057 5.841246476e-05)
(1.000142888 -0.0007202236714 0.0001096375303)
(1.000311483 -0.001017215448 0.0001946733275)
(1.000628204 -0.001369470448 0.0003242276351)
(1.001165927 -0.001720551181 0.0004885385552)
(1.001977197 -0.001957833527 0.000648213719)
(1.003004898 -0.001879058352 0.0006918650508)
(1.00398149 -0.001368235025 0.0005367288804)
(1.004583545 -0.0004825076844 0.0002149636706)
(1.004607405 0.0004403168827 -0.0001268271946)
(1.004114172 0.001256259106 -0.0004247591332)
(1.003249689 0.001786621133 -0.0006095812135)
(1.002214808 0.001932778484 -0.0006414522959)
(1.001298996 0.001688364931 -0.0005001883705)
(1.000743782 0.001267306604 -0.0003044357386)
(1.000520838 0.000924271868 -0.0001864853198)
(1.00041364 0.0006776108765 -0.0001293754459)
(1.000336246 0.0004824644924 -9.144361909e-05)
(1.000290259 0.0003271220776 -6.446706155e-05)
(1.000275635 0.0002182955296 -5.066700288e-05)
(1.00027408 0.0001422763006 -4.465784815e-05)
(1.000274649 9.031999318e-05 -4.148482187e-05)
(1.000275581 5.139524894e-05 -3.903945311e-05)
(1.00027713 2.503600575e-05 -3.718304261e-05)
(1.000279253 3.995559721e-06 -3.558635685e-05)
(1.000281001 -9.438160828e-06 -3.403712569e-05)
(1.000282539 -2.175938119e-05 -3.217604295e-05)
(1.00028382 -2.843580293e-05 -3.05669794e-05)
(1.000281988 -3.620157771e-05 -2.871225154e-05)
(0.9999989505 -5.318822756e-05 5.617282387e-06)
(0.9999926942 -0.0001639854521 1.845095284e-05)
(0.9999813021 -0.0003001750276 4.113211457e-05)
(0.9999759892 -0.0004828261672 8.427081301e-05)
(1.000003032 -0.0007351721868 0.0001650762606)
(1.000111752 -0.001077169188 0.0003063462056)
(1.000393904 -0.001515577885 0.000534802043)
(1.000971864 -0.00199160022 0.0008391847838)
(1.001973795 -0.002368855562 0.001156770389)
(1.003352437 -0.002324666602 0.001240823199)
(1.004694259 -0.001683580684 0.0009350220174)
(1.005490275 -0.0005766940859 0.0003411084632)
(1.00549414 0.0005664865183 -0.0002643316221)
(1.004809662 0.0015791195 -0.0007822907784)
(1.003629058 0.002223852225 -0.001089878813)
(1.002242841 0.002354862435 -0.00110423359)
(1.001054684 0.001950124741 -0.000780178403)
(1.000465986 0.001382870923 -0.0004039120137)
(1.000327085 0.0009875473555 -0.0002075193589)
(1.000291616 0.0007162421727 -0.0001164153693)
(1.000265269 0.0004970530955 -5.458206329e-05)
(1.000262075 0.0003272151807 -1.061566293e-05)
(1.000281313 0.0002128388375 1.325651221e-05)
(1.000304129 0.0001364670624 1.948170259e-05)
(1.000320195 8.711373516e-05 2.125684995e-05)
(1.000331754 5.37902181e-05 2.052488838e-05)
(1.000339916 3.439597158e-05 1.787226907e-05)
(1.000347107 2.191104974e-05 1.402191433e-05)
(1.000351051 1.683560179e-05 1.055884837e-05)
(1.000355802 1.484908821e-05 4.556092284e-06)
(1.000356517 1.532088613e-05 2.642733949e-07)
(1.000371188 1.894167481e-05 -7.065826745e-06)
(0.9999960021 -4.434724621e-05 7.072880083e-06)
(0.9999778875 -0.0001372527972 2.352389136e-05)
(0.9999370561 -0.0002547514339 5.400336528e-05)
(0.9998819483 -0.0004189216348 0.000114806619)
(0.9998375531 -0.0006587520619 0.0002352230312)
(0.9998572748 -0.001007076604 0.0004580964592)
(1.000066767 -0.001496988435 0.0008428860329)
(1.000653325 -0.002085635671 0.001382232997)
(1.001881003 -0.002634463404 0.001990156149)
(1.003721447 -0.002647102175 0.002133662185)
(1.005539358 -0.001868360704 0.0015472915)
(1.006554057 -0.0005848095017 0.0005200613673)
(1.006532777 0.0007321680475 -0.0005210824914)
(1.005618733 0.001906299392 -0.001428668843)
(1.004032478 0.002651736369 -0.001970174403)
(1.002206023 0.002745449305 -0.001972974136)
(1.000692926 0.002088462803 -0.001341217522)
(1.000143526 0.001330769065 -0.0007265403232)
(1.000128554 0.0008812837701 -0.0004439704568)
(1.000170549 0.0006096801872 -0.0003174322746)
(1.000194265 0.0003974653231 -0.0002316754463)
(1.000235683 0.0002380148259 -0.0001789453056)
(1.000292949 0.0001297124857 -0.0001533985092)
(1.000341986 5.554217706e-05 -0.000139204598)
(1.000377959 -4.787027899e-07 -0.0001285460584)
(1.000401042 -3.990784332e-05 -0.0001195142772)
(1.000423237 -7.025218072e-05 -0.0001120266237)
(1.000435314 -9.283153676e-05 -0.0001052767763)
(1.000444709 -0.000111552381 -9.963914298e-05)
(1.000450876 -0.0001271464268 -9.401456554e-05)
(1.000456409 -0.0001377851172 -8.883753571e-05)
(1.000451287 -0.0001456586964 -8.20464262e-05)
(0.9999936695 -2.953296633e-05 8.313617518e-06)
(0.9999649816 -9.170865012e-05 2.790755668e-05)
(0.9998975587 -0.0001721948528 6.565576069e-05)
(0.99979458 -0.0002886483328 0.0001441167988)
(0.9996743275 -0.0004674554807 0.0003082071439)
(0.9995828651 -0.0007453055598 0.0006303097442)
(0.9996729223 -0.001175603567 0.001231995077)
(1.000202568 -0.001762638057 0.002133243091)
(1.001670203 -0.002442958352 0.003242396825)
(1.004088975 -0.002610145893 0.003442269638)
(1.006499996 -0.001895770482 0.002330434942)
(1.007725472 -0.0007067102691 0.0006679491518)
(1.007665851 0.0005424746637 -0.0009802871644)
(1.006498251 0.001699858383 -0.002443302017)
(1.004423281 0.002498484759 -0.003328610659)
(1.002021393 0.002683471005 -0.003259216153)
(1.000057002 0.001973201324 -0.001949590589)
(0.999661005 0.001171155192 -0.0009739310963)
(0.9998559267 0.0006850658745 -0.0005737449163)
(1.000020878 0.000395045074 -0.0003649761331)
(1.000106294 0.0001982985253 -0.0002163493535)
(1.000190865 7.603771817e-05 -0.0001350013487)
(1.000275203 1.361807211e-05 -0.00010500224)
(1.000342084 -1.732639996e-05 -9.598632705e-05)
(1.000383762 -3.012801046e-05 -9.540081147e-05)
(1.000414072 -3.342656712e-05 -9.995083441e-05)
(1.000435689 -3.100241668e-05 -0.0001068793307)
(1.00045407 -2.535501742e-05 -0.0001151089093)
(1.000465613 -1.863356885e-05 -0.0001230639149)
(1.000476727 -9.963221739e-06 -0.0001325212793)
(1.000479744 -4.057223669e-06 -0.0001387177723)
(1.000510742 5.275313951e-06 -0.0001480950762)
(0.9999923043 -1.010135689e-05 9.038737557e-06)
(0.9999573854 -3.204748128e-05 3.048482e-05)
(0.999873789 -6.069613633e-05 7.266663429e-05)
(0.9997401542 -0.0001030543698 0.0001626604127)
(0.9995666615 -0.0001702290966 0.0003571406777)
(0.9993850162 -0.0002794720729 0.0007575043512)
(0.9993474724 -0.0004606121634 0.001553341654)
(0.9997318731 -0.0007316277088 0.002858542304)
(1.001303752 -0.001100966038 0.00470382931)
(1.004217264 -0.001252657888 0.00512202952)
(1.0071806 -0.0009711049718 0.003497809299)
(1.008635188 -0.0004546127009 0.001131502373)
(1.008591786 9.865719433e-05 -0.001175186099)
(1.007290714 0.0006339251541 -0.003304227298)
(1.004886212 0.001034619335 -0.004780878437)
(1.001993017 0.001173926977 -0.004944001649)
(0.9995457029 0.0008636093363 -0.00301229649)
(0.9992006678 0.0004289101553 -0.001626771391)
(0.9995426254 0.0001899182434 -0.001251849487)
(0.9998536713 -3.17462456e-06 -0.0009984327801)
(1.000023993 -0.0001373851613 -0.0007938021377)
(1.000172469 -0.0002291972984 -0.0006655741557)
(1.000306433 -0.0002861168498 -0.0005954804944)
(1.0003991 -0.0003190535113 -0.0005499684293)
(1.000453304 -0.0003392852012 -0.0005189567649)
(1.000490048 -0.0003529110725 -0.0004930032421)
(1.000515021 -0.0003581086973 -0.0004742659885)
(1.000533407 -0.0003597816082 -0.0004598416137)
(1.000543508 -0.0003595648964 -0.000448435652)
(1.00055299 -0.0003578735815 -0.0004385403016)
(1.000555656 -0.000355093158 -0.0004304372488)
(1.000540148 -0.0003513042865 -0.000423850638)
(0.9999923015 1.035562989e-05 9.028598176e-06)
(0.999957367 3.279989755e-05 3.045106682e-05)
(0.9998737317 6.18858628e-05 7.261033701e-05)
(0.9997399504 0.0001045554929 0.0001625431255)
(0.9995661921 0.0001715935954 0.0003571110853)
(0.9993835003 0.0002799834397 0.0007574558531)
(0.9993443069 0.0004575462527 0.001555747138)
(0.9997228685 0.0007224852492 0.002863766943)
(1.001290298 0.001074962404 0.004733350247)
(1.004209082 0.001215277379 0.005162467659)
(1.007180043 0.0009329360372 0.003534135215)
(1.008636098 0.0004170065045 0.001163563039)
(1.008592183 -0.0001363254911 -0.001149085819)
(1.007286976 -0.000673925004 -0.003282998019)
(1.004875754 -0.001085012102 -0.0047519282)
(1.001965799 -0.001244230648 -0.004888757829)
(0.9995128659 -0.000982401819 -0.002914058836)
(0.9991383072 -0.0006134004807 -0.001434594077)
(0.9994774437 -0.0004075716533 -0.0009668060881)
(0.9997781514 -0.0002502234064 -0.0006355648706)
(0.9999493115 -0.000134769126 -0.0003621372937)
(1.000098275 -6.185467061e-05 -0.0001888636708)
(1.000233083 -1.865140622e-05 -8.877040204e-05)
(1.00032952 7.170279498e-06 -2.043424199e-05)
(1.00038666 2.162583079e-05 2.587537029e-05)
(1.000429631 3.060100242e-05 6.139986498e-05)
(1.000457869 3.543947141e-05 8.506050228e-05)
(1.000481169 3.896855609e-05 0.0001056250448)
(1.00049429 4.071493004e-05 0.0001187669797)
(1.000508862 4.236984833e-05 0.0001326865631)
(1.000514344 4.31964827e-05 0.0001403119223)
(1.000540161 4.442999589e-05 0.0001515041739)
(0.9999936621 2.978426696e-05 8.284760053e-06)
(0.9999649375 9.245710556e-05 2.781604558e-05)
(0.9998974053 0.0001734119793 6.548525106e-05)
(0.9997941144 0.0002902530162 0.0001438317592)
(0.9996731957 0.0004693091714 0.0003079273234)
(0.9995800289 0.0007470661739 0.0006302458631)
(0.9996675529 0.001177201195 0.001234261109)
(1.0001924 0.001763854712 0.00213933483)
(1.001660278 0.002447794118 0.00326307834)
(1.004085791 0.002619841259 0.003463000283)
(1.006502417 0.00190417948 0.00234699508)
(1.007723968 0.0007145814425 0.0006902487068)
(1.007662657 -0.0005374291012 -0.0009562399189)
(1.006490978 -0.00169632976 -0.002417645536)
(1.00440805 -0.002495612302 -0.003298168552)
(1.001994989 -0.002678153352 -0.003211158403)
(1.000036229 -0.001963704139 -0.001889250361)
(0.9996413654 -0.001127487438 -0.0008702828644)
(0.9998582442 -0.0006167629246 -0.000489981921)
(1.000048449 -0.0002810025128 -0.0003252661521)
(1.000145567 -5.12576691e-05 -0.0002258291505)
(1.000240132 0.0001085045126 -0.0001779489202)
(1.000330442 0.0002007345376 -0.0001640342889)
(1.000401285 0.0002597353904 -0.000163089146)
(1.000442205 0.0002947459233 -0.0001620034934)
(1.000471747 0.0003209111966 -0.0001607768222)
(1.000491493 0.0003358001144 -0.000159035243)
(1.000509279 0.0003442234684 -0.0001561650812)
(1.000519527 0.0003490310456 -0.0001524415576)
(1.000525702 0.0003515445704 -0.0001480782018)
(1.000527094 0.0003523668072 -0.0001437961736)
(1.000509686 0.0003524230085 -0.0001367268766)
(0.9999959932 4.459231193e-05 7.029578023e-06)
(0.9999778362 0.0001379875779 2.338748654e-05)
(0.9999368794 0.0002559804591 5.374566394e-05)
(0.9998814498 0.0004206510943 0.0001143758447)
(0.9998364042 0.0006610604513 0.0002346502222)
(0.999854752 0.001010119809 0.0004574692204)
(1.000062357 0.001501594198 0.0008432209881)
(1.000646145 0.002092592049 0.001384239257)
(1.001873399 0.002646888385 0.00199843008)
(1.003716461 0.002661334791 0.002143993459)
(1.005536704 0.001879976978 0.001558058736)
(1.006550488 0.0005972490992 0.0005331663472)
(1.006529332 -0.0007188748644 -0.0005086014569)
(1.005612686 -0.001891317181 -0.001417271665)
(1.004022699 -0.002632724186 -0.00195867878)
(1.00218897 -0.002717668845 -0.001955830643)
(1.000675985 -0.002052689402 -0.001322621355)
(1.000124069 -0.001279364262 -0.0006952639312)
(1.000118497 -0.0008299116394 -0.0004138722319)
(1.000161951 -0.0005726459642 -0.0002885295758)
(1.00017871 -0.000382271204 -0.0001885212356)
(1.000212992 -0.0002473855874 -0.0001105868724)
(1.000264219 -0.0001688022065 -6.272775139e-05)
(1.000312786 -0.0001203485755 -2.917287859e-05)
(1.000345762 -9.104107087e-05 -3.69653197e-06)
(1.000370636 -7.390537887e-05 1.565269743e-05)
(1.000388799 -6.544552866e-05 2.985660235e-05)
(1.000403253 -6.14015424e-05 4.312184696e-05)
(1.000412229 -6.074765555e-05 5.176654309e-05)
(1.000422811 -6.237354621e-05 6.077663348e-05)
(1.000426441 -6.455898735e-05 6.57413163e-05)
(1.000450455 -6.957094066e-05 7.30436834e-05)
(0.999998946 5.341953369e-05 5.564770968e-06)
(0.9999926472 0.0001646840582 1.828592484e-05)
(0.9999811593 0.000301366103 4.081902335e-05)
(0.9999756024 0.0004845660322 8.374597284e-05)
(1.000002167 0.0007376201813 0.0001642943849)
(1.000109972 0.00108060724 0.0003052829017)
(1.000390873 0.001520764461 0.0005338097893)
(1.000967214 0.001999235303 0.0008386340867)
(1.00196871 0.002380625106 0.001158416511)
(1.00334878 0.002339345334 0.001243500964)
(1.004692991 0.001699051069 0.0009369155863)
(1.00548883 0.0005952411351 0.0003429159828)
(1.005492443 -0.000546214236 -0.0002635451951)
(1.004806295 -0.001557037005 -0.0007823901045)
(1.003622392 -0.002198502153 -0.001090708087)
(1.002232467 -0.002322930433 -0.001103725036)
(1.001042552 -0.001912810911 -0.0007807009125)
(1.000451109 -0.001335239501 -0.0003963766614)
(1.000318334 -0.0009338437354 -0.0001952154335)
(1.00028982 -0.0006620063747 -0.000106108908)
(1.000267592 -0.0004345901446 -4.733422987e-05)
(1.000268674 -0.0002528658974 -1.125714292e-05)
(1.00029344 -0.000121601084 5.697540142e-06)
(1.000320368 -2.935901116e-05 4.438422424e-06)
(1.000341741 3.611957465e-05 2.458773078e-06)
(1.000355089 8.342573935e-05 8.428487561e-07)
(1.000364553 0.0001186953776 -9.618148256e-07)
(1.000371425 0.0001427064835 -2.17761992e-06)
(1.000377255 0.0001617228342 -2.670450489e-06)
(1.000379803 0.0001736800282 -2.378402323e-06)
(1.000384367 0.00018386771 -1.723098042e-06)
(1.000369824 0.000188529964 7.092723506e-07)
(1.00000074 5.600646727e-05 4.143487066e-06)
(1.00000634 0.0001719036235 1.348534072e-05)
(1.000022114 0.000310337302 2.924006127e-05)
(1.000059596 0.0004886452856 5.785338241e-05)
(1.000142357 0.000722519467 0.0001087804918)
(1.000310412 0.001020451496 0.00019344057)
(1.000626401 0.001374188327 0.0003226818813)
(1.00116331 0.001727317891 0.0004867797647)
(1.001974317 0.001967616611 0.0006467928117)
(1.003002845 0.001891353578 0.0006905099775)
(1.003980267 0.001381962378 0.00053490194)
(1.004582456 0.0004975740362 0.0002126202413)
(1.004606019 -0.0004241921512 -0.0001298521579)
(1.004111847 -0.001238702895 -0.0004289311468)
(1.003245298 -0.00176660799 -0.0006147595438)
(1.002208509 -0.001908393019 -0.0006472354906)
(1.001290759 -0.00165938393 -0.0005075083354)
(1.000734987 -0.001230327784 -0.000309549585)
(1.000515751 -0.0008798648571 -0.0001914468512)
(1.000413654 -0.0006332214098 -0.0001383266404)
(1.000336279 -0.0004372024369 -0.0001027582792)
(1.000288642 -0.000285615611 -7.54192908e-05)
(1.000271606 -0.0001806072839 -5.845482932e-05)
(1.000268046 -0.0001155190386 -4.831480818e-05)
(1.000266416 -7.248349403e-05 -4.024337032e-05)
(1.000265382 -4.681843914e-05 -3.387730975e-05)
(1.000265466 -2.953605253e-05 -2.80881056e-05)
(1.000266453 -2.12664386e-05 -2.34412391e-05)
(1.000267355 -1.923587807e-05 -1.985759755e-05)
(1.000268912 -2.066575846e-05 -1.617837445e-05)
(1.000268461 -2.384623212e-05 -1.399690622e-05)
(1.00028035 -2.767752707e-05 -1.091748064e-05)
(1.000003234 5.300297702e-05 2.951377965e-06)
(1.000017864 0.0001619938359 9.526145845e-06)
(1.000055568 0.0002889501338 2.008404129e-05)
(1.000126185 0.0004467922145 3.838032766e-05)
(1.000248417 0.0006447160519 6.937500013e-05)
(1.000452093 0.0008837306449 0.000118458219)
(1.000777225 0.001149173989 0.000189380421)
(1.001262576 0.001393553024 0.0002754381099)
(1.001921756 0.001532969225 0.0003541719797)
(1.002697477 0.00144363663 0.0003754515472)
(1.003415595 0.001055415199 0.0002966093692)
(1.003869006 0.000392258266 0.0001263684032)
(1.003902677 -0.0003013868962 -6.105363658e-05)
(1.003548549 -0.0009199768119 -0.0002254383414)
(1.002908066 -0.00133210947 -0.0003270062024)
(1.002131192 -0.001470148437 -0.0003460298104)
(1.001409196 -0.001335262276 -0.0002776160888)
(1.000904121 -0.001049224086 -0.0001694672536)
(1.000634669 -0.000786256734 -9.484279951e-05)
(1.000479676 -0.0005895553679 -5.695901602e-05)
(1.000367464 -0.0004314798831 -3.231417942e-05)
(1.000290625 -0.0002989520484 -1.399975246e-05)
(1.000250765 -0.0002017715481 -2.98492508e-06)
(1.000229807 -0.0001295674218 3.525589997e-07)
(1.000217499 -7.876400885e-05 7.09565155e-07)
(1.000208966 -3.856499627e-05 4.768241818e-07)
(1.000204326 -1.053947426e-05 -2.408684431e-07)
(1.000201758 1.286089543e-05 -1.122776991e-06)
(1.000200757 2.770033688e-05 -1.926895983e-06)
(1.000199369 4.179160423e-05 -2.313332219e-06)
(1.000199816 4.914884818e-05 -2.334445572e-06)
(1.000191324 5.726569707e-05 -2.138101814e-06)
(1.000004778 4.545481616e-05 2.045554945e-06)
(1.000026475 0.0001385368412 6.547688532e-06)
(1.000080569 0.0002447319123 1.344839913e-05)
(1.000174646 0.0003728882894 2.487000562e-05)
(1.0003223 0.0005277379908 4.333059381e-05)
(1.000544334 0.0007066025546 7.124978516e-05)
(1.000864686 0.0008944592074 0.0001096269179)
(1.001300422 0.001055147671 0.0001542256588)
(1.001845921 0.001131094673 0.000192708448)
(1.002446231 0.001049141288 0.0002024605657)
(1.002990736 0.000763853447 0.0001620393754)
(1.003334402 0.0002903032842 7.245151602e-05)
(1.003370198 -0.000204165744 -2.842917309e-05)
(1.003114421 -0.0006507692223 -0.0001190567485)
(1.002633228 -0.0009546537689 -0.0001773149438)
(1.00204358 -0.001070503878 -0.0001940751199)
(1.001461873 -0.001001606346 -0.0001683160708)
(1.001014472 -0.0008186542294 -0.0001191554671)
(1.000725472 -0.0006279778386 -8.104236508e-05)
(1.000538323 -0.0004740045945 -6.124186809e-05)
(1.000399801 -0.0003454458154 -4.857910817e-05)
(1.000300736 -0.0002382473976 -3.883968559e-05)
(1.000237672 -0.000156651553 -3.305295655e-05)
(1.000197699 -9.887987448e-05 -3.002985247e-05)
(1.000170147 -5.874589543e-05 -2.796821914e-05)
(1.000150506 -3.101578068e-05 -2.614066127e-05)
(1.000136779 -1.230896673e-05 -2.460163837e-05)
(1.000127706 -8.61551126e-07 -2.335275454e-05)
(1.000120814 5.727420492e-06 -2.213725367e-05)
(1.000116363 8.254439089e-06 -2.108624675e-05)
(1.000112243 8.425459283e-06 -2.001077268e-05)
(1.000111039 6.687983512e-06 -1.922170888e-05)
(1.000005848 3.461682949e-05 1.414566117e-06)
(1.000032443 0.0001052840848 4.494568063e-06)
(1.000097729 0.0001846364396 9.009319846e-06)
(1.000207148 0.0002782269939 1.614506977e-05)
(1.000369904 0.0003881487798 2.716720334e-05)
(1.000599967 0.000510815012 4.309719258e-05)
(1.000910502 0.0006342277002 6.401883603e-05)
(1.001306422 0.0007333940731 8.721114544e-05)
(1.001770915 0.0007727118718 0.0001064302432)
(1.002259947 0.0007082497344 0.0001105138745)
(1.002688923 0.0005136323801 8.900594159e-05)
(1.002956385 0.0001958429256 4.095413068e-05)
(1.0029905 -0.0001315777767 -1.346577942e-05)
(1.002799757 -0.0004314953685 -6.390923112e-05)
(1.002424556 -0.000639090375 -9.739621416e-05)
(1.001954628 -0.0007262514297 -0.0001085022917)
(1.001470236 -0.000696921156 -9.687823849e-05)
(1.001066855 -0.0005897998318 -7.114037118e-05)
(1.000774505 -0.0004670879708 -4.805034721e-05)
(1.000565221 -0.0003605417121 -3.366612375e-05)
(1.000410088 -0.0002720289182 -2.393994415e-05)
(1.000293625 -0.0001963661198 -1.634672459e-05)
(1.000216326 -0.000139537055 -1.156838466e-05)
(1.000162375 -9.679488554e-05 -9.059234799e-06)
(1.000126909 -6.765052228e-05 -7.779919678e-06)
(1.000099914 -4.456447603e-05 -7.11014897e-06)
(1.000083379 -2.945992853e-05 -6.885713678e-06)
(1.00007026 -1.670261207e-05 -7.012242268e-06)
(1.000063199 -9.488735513e-06 -7.151885729e-06)
(1.000056085 -2.269810167e-06 -7.407003906e-06)
(1.0000532 1.192717982e-06 -7.586095572e-06)
(1.000045894 5.134700732e-06 -7.750876229e-06)
(1.000006506 2.158990576e-05 1.023505657e-06)
(1.000036121 6.557114364e-05 3.231836387e-06)
(1.000108235 0.0001144369743 6.338418857e-06)
(1.000226683 0.0001711810446 1.103663042e-05)
(1.000397562 0.0002365681987 1.798383999e-05)
(1.000630376 0.0003078172487 2.75981614e-05)
(1.000931842 0.0003775011345 3.965867019e-05)
(1.001300513 0.0004308360686 5.244755914e-05)
(1.001714032 0.0004497555049 6.244214455e-05)
(1.002136345 0.0004095654831 6.408387339e-05)
(1.002501847 0.0002946452338 5.135189245e-05)
(1.002717918 0.0001131334109 2.373433233e-05)
(1.002744945 -7.024107436e-05 -6.711648071e-06)
(1.002594564 -0.0002441880042 -3.669492276e-05)
(1.00228574 -0.0003653416318 -5.738839468e-05)
(1.001886584 -0.0004187448949 -6.544383872e-05)
(1.001465552 -0.0004074577204 -6.122763014e-05)
(1.001094052 -0.0003509821095 -4.915927736e-05)
(1.000804345 -0.0002809080189 -3.724766273e-05)
(1.000585574 -0.000217078098 -2.946410944e-05)
(1.000419569 -0.0001623810226 -2.438681751e-05)
(1.000294404 -0.0001154044577 -2.062753622e-05)
(1.000207061 -7.882755407e-05 -1.830844816e-05)
(1.000144341 -5.085516905e-05 -1.708592213e-05)
(1.000102047 -3.118328591e-05 -1.64604829e-05)
(1.00006971 -1.583984765e-05 -1.596683838e-05)
(1.000049224 -5.743573569e-06 -1.561620014e-05)
(1.000032339 2.312943621e-06 -1.52832765e-05)
(1.000022889 6.67408511e-06 -1.504396453e-05)
(1.000013055 1.014050601e-05 -1.472154365e-05)
(1.000008497 1.139952241e-05 -1.45280114e-05)
(1.000000257 1.173402422e-05 -1.423619566e-05)
(1.000006817 7.328890109e-06 8.379973726e-07)
(1.00003786 2.224299078e-05 2.635539519e-06)
(1.000113175 3.872650669e-05 5.094629023e-06)
(1.000235765 5.771585689e-05 8.698544902e-06)
(1.000410092 7.939584654e-05 1.386200032e-05)
(1.00064363 0.0001027068656 2.077758838e-05)
(1.000939576 0.0001252849139 2.917281542e-05)
(1.001295865 0.0001418971226 3.770450293e-05)
(1.001681253 0.0001483054616 4.419805894e-05)
(1.002087569 0.000132359136 4.428053917e-05)
(1.002401729 0.0001007769767 3.689557424e-05)
(1.002629703 2.513768839e-05 1.193165601e-05)
(1.002627682 -2.2905511e-05 -5.108720623e-06)
(1.002492529 -7.875068088e-05 -2.593977528e-05)
(1.002215691 -0.0001182765747 -4.110868164e-05)
(1.001849887 -0.0001360618269 -4.76145884e-05)
(1.00145956 -0.0001334494509 -4.582412887e-05)
(1.001102501 -0.0001163193761 -3.83948422e-05)
(1.000816167 -9.448203922e-05 -3.008402759e-05)
(1.000592116 -7.416550589e-05 -2.374290984e-05)
(1.000421281 -5.698602728e-05 -1.925296892e-05)
(1.000291113 -4.243316198e-05 -1.583218526e-05)
(1.000199073 -3.144760488e-05 -1.354609215e-05)
(1.000131453 -2.329864015e-05 -1.212356825e-05)
(1.000086034 -1.809855006e-05 -1.126550078e-05)
(1.000050863 -1.377511847e-05 -1.074324941e-05)
(1.00002906 -1.148948257e-05 -1.050758983e-05)
(1.000010844 -1.014876346e-05 -1.039831342e-05)
(1.00000075 -9.373209327e-06 -1.036349606e-05)
(0.9999902262 -8.723304391e-06 -1.035967889e-05)
(0.9999856122 -8.456316079e-06 -1.038939833e-05)
(0.9999767897 -8.024605156e-06 -1.039640765e-05)
(1.00000685 -7.256999331e-06 5.932799384e-07)
(1.000038039 -2.201602655e-05 1.862782463e-06)
(1.000113691 -3.827705105e-05 3.585101319e-06)
(1.000236799 -5.691696005e-05 6.090294117e-06)
(1.000411765 -7.805073636e-05 9.659686794e-06)
(1.000645926 -0.000100560021 1.441947511e-05)
(1.000942129 -0.0001220427109 2.018403769e-05)
(1.001297929 -0.0001374007563 2.603964517e-05)
(1.001681286 -0.000142752147 3.055743081e-05)
(1.002084995 -0.0001263733023 3.080913627e-05)
(1.002394454 -9.568362555e-05 2.622701308e-05)
(1.002620358 -2.222380874e-05 1.012588246e-05)
(1.002616494 2.339427662e-05 -7.963729968e-07)
(1.002483007 7.711276229e-05 -1.41554866e-05)
(1.002209808 0.0001154131531 -2.3647896e-05)
(1.001848029 0.0001330851495 -2.73773e-05)
(1.001461288 0.000131393205 -2.565506021e-05)
(1.001106265 0.0001158475024 -2.029535417e-05)
(1.000819456 9.521599295e-05 -1.442455286e-05)
(1.000594453 7.547168279e-05 -9.909642209e-06)
(1.000422644 5.849286311e-05 -6.690870478e-06)
(1.000292426 4.414216231e-05 -4.270199756e-06)
(1.000199989 3.317983792e-05 -2.6542366e-06)
(1.000132343 2.503903288e-05 -1.629177587e-06)
(1.000086835 1.967113002e-05 -1.065768111e-06)
(1.000051875 1.584619166e-05 -5.827323707e-07)
(1.000030121 1.313034884e-05 -4.452562426e-07)
(1.000012046 1.186040224e-05 -4.110202723e-07)
(1.00000207 1.131839121e-05 -4.024745104e-07)
(0.9999917391 1.12910935e-05 -4.048797299e-07)
(0.9999871275 1.155030224e-05 -4.171140705e-07)
(0.9999787483 1.203566287e-05 -4.469999599e-07)
(1.000006553 -2.136922607e-05 7.177469581e-07)
(1.000036376 -6.4872477e-05 2.262780028e-06)
(1.000108979 -0.0001130412602 4.418644778e-06)
(1.000228202 -0.0001686701874 7.655255417e-06)
(1.000400086 -0.0002322853629 1.241197679e-05)
(1.000633949 -0.0003008737384 1.896110469e-05)
(1.000936028 -0.0003669120846 2.713381242e-05)
(1.001304194 -0.0004159929302 3.576333136e-05)
(1.001715079 -0.0004311667647 4.250328749e-05)
(1.002132985 -0.0003895546706 4.372075462e-05)
(1.002492877 -0.0002775733411 3.56452652e-05)
(1.002704436 -0.0001030954849 1.779451819e-05)
(1.002729853 7.150142954e-05 -1.801210339e-06)
(1.00258216 0.0002382336549 -2.103372813e-05)
(1.002278529 0.0003551454724 -3.403102996e-05)
(1.001885007 0.000408057399 -3.868073616e-05)
(1.001469276 0.000400189559 -3.532355411e-05)
(1.001099512 0.000349397747 -2.692281418e-05)
(1.000809379 0.0002842159134 -1.867791767e-05)
(1.00058789 0.0002226405335 -1.31211811e-05)
(1.000421279 0.000169626506 -9.478467712e-06)
(1.000295361 0.0001237889031 -6.812644268e-06)
(1.000208006 8.820069529e-05 -5.175254573e-06)
(1.000144739 6.042845946e-05 -4.287807003e-06)
(1.000102671 4.121394996e-05 -3.818691391e-06)
(1.000070572 2.534772786e-05 -3.500906944e-06)
(1.000050313 1.568791389e-05 -3.265657494e-06)
(1.000033844 6.79599532e-06 -3.057682755e-06)
(1.000024524 2.262697301e-06 -2.915594668e-06)
(1.000015132 -2.546306012e-06 -2.721223299e-06)
(1.000010976 -4.828430882e-06 -2.599536008e-06)
(1.000001971 -6.656831592e-06 -2.358281162e-06)
(1.000005925 -3.423399116e-05 9.797625729e-07)
(1.000032867 -0.0001040654009 3.108592256e-06)
(1.000098991 -0.0001821599191 6.205341252e-06)
(1.000209785 -0.0002736703613 1.106645884e-05)
(1.000374417 -0.0003801742117 1.852642272e-05)
(1.0006066 -0.0004975368514 2.923847689e-05)
(1.00091866 -0.000613443721 4.319353628e-05)
(1.00131419 -0.0007035909459 5.853101382e-05)
(1.001774291 -0.0007348264864 7.107878495e-05)
(1.002255407 -0.0006674586394 7.37028712e-05)
(1.002674527 -0.0004789317785 5.996297374e-05)
(1.002933707 -0.0001764007498 2.890024172e-05)
(1.002966077 0.000132433478 -6.088039298e-06)
(1.002780404 0.0004170324458 -3.842474427e-05)
(1.002414196 0.0006157543772 -5.951874054e-05)
(1.001954313 0.0007019835856 -6.60220665e-05)
(1.001478281 0.0006797488241 -5.79266319e-05)
(1.001078544 0.0005843367177 -4.098436269e-05)
(1.000783263 0.0004700884284 -2.563991522e-05)
(1.000570213 0.000367471277 -1.583598312e-05)
(1.000412595 0.0002807560563 -9.10138293e-06)
(1.000296107 0.0002074899155 -3.989520485e-06)
(1.000217324 0.0001513166793 -6.358223897e-07)
(1.000163213 0.000109587789 1.009084332e-06)
(1.000126977 8.062018588e-05 1.842304641e-06)
(1.000100376 5.914234662e-05 2.28689131e-06)
(1.000083066 4.490014048e-05 2.533957626e-06)
(1.000070034 3.446668827e-05 2.568782516e-06)
(1.000062252 2.860606332e-05 2.524258003e-06)
(1.000055168 2.442950239e-05 2.360346406e-06)
(1.000051621 2.29151322e-05 2.257076976e-06)
(1.000047119 2.235887334e-05 1.99810903e-06)
(1.000004909 -4.489326988e-05 1.401756212e-06)
(1.000027199 -0.0001367375234 4.48065107e-06)
(1.000082762 -0.0002409835642 9.166944645e-06)
(1.000179338 -0.0003657695404 1.687243567e-05)
(1.000330574 -0.0005148221102 2.923681635e-05)
(1.000556922 -0.0006842941849 4.778711541e-05)
(1.000880867 -0.0008582293309 7.300350519e-05)
(1.001316509 -0.001001639694 0.0001019338331)
(1.001854666 -0.001061213773 0.0001263591755)
(1.002437441 -0.0009744362862 0.0001321715575)
(1.002965009 -0.0007007794843 0.0001064393452)
(1.003293662 -0.0002575740636 4.875826781e-05)
(1.003327467 0.0002014294803 -1.57688842e-05)
(1.003081639 0.0006190974232 -7.356606216e-05)
(1.002616706 0.0009067142837 -0.0001100657127)
(1.002046719 0.001022139549 -0.0001198051754)
(1.001478309 0.0009695481571 -0.0001024986992)
(1.001034812 0.0008105202726 -7.065935278e-05)
(1.000740227 0.0006367689156 -4.562984889e-05)
(1.000544087 0.0004883193326 -3.200836306e-05)
(1.000403614 0.0003650479507 -2.328555049e-05)
(1.000302478 0.0002607122421 -1.652446635e-05)
(1.000239066 0.000182182375 -1.240562114e-05)
(1.000197809 0.0001235491597 -1.015362412e-05)
(1.000171337 8.344850367e-05 -8.765108597e-06)
(1.000151825 5.276570981e-05 -7.591903655e-06)
(1.000139637 3.25148438e-05 -6.685781192e-06)
(1.000130566 1.658517754e-05 -5.826896641e-06)
(1.000125358 7.17479237e-06 -5.140618629e-06)
(1.000120451 -7.401857253e-07 -4.253844918e-06)
(1.000118509 -4.8890565e-06 -3.613292204e-06)
(1.000111482 -8.047887033e-06 -2.575479155e-06)
(1.000003451 -5.225126847e-05 2.007412766e-06)
(1.000019072 -0.0001595747687 6.462392626e-06)
(1.000059295 -0.0002837577268 1.357479912e-05)
(1.000134358 -0.0004365368984 2.581968318e-05)
(1.000263283 -0.0006252582776 4.637940218e-05)
(1.000475562 -0.0008485817378 7.861159174e-05)
(1.000808578 -0.001089410627 0.0001244785974)
(1.001295263 -0.001301965173 0.000179231965)
(1.001941057 -0.001409417373 0.0002276959006)
(1.002682312 -0.001311325636 0.0002399997479)
(1.003367464 -0.0009468519188 0.0001901336352)
(1.003794381 -0.00034119228 8.164522439e-05)
(1.00382629 0.0002882297872 -3.714015223e-05)
(1.003491609 0.0008542449799 -0.0001411135669)
(1.002882229 0.001236307108 -0.0002041616199)
(1.002143304 0.001373340779 -0.0002163647613)
(1.00144543 0.001268824501 -0.0001740483338)
(1.000945478 0.001025961209 -0.0001066487776)
(1.000661193 0.000789015378 -5.834016996e-05)
(1.000492274 0.0006011874264 -3.279296165e-05)
(1.000374467 0.0004490930416 -1.621979218e-05)
(1.000295287 0.000324399374 -4.194628535e-06)
(1.000251404 0.0002318280752 2.428093219e-06)
(1.000227826 0.000166553715 5.275541084e-06)
(1.0002134 0.00012171644 6.534907177e-06)
(1.000203581 9.010809698e-05 7.14748707e-06)
(1.000197483 6.903695472e-05 7.275107606e-06)
(1.000193717 5.469809877e-05 7.113959557e-06)
(1.000191474 4.635909096e-05 6.82832819e-06)
(1.000189873 4.117761854e-05 6.475944984e-06)
(1.000188724 3.959750994e-05 6.226047439e-06)
(1.000190695 3.961005022e-05 5.958172619e-06)
(1.000001313 -5.509361101e-05 2.809311412e-06)
(1.000008352 -0.0001689119486 9.093516053e-06)
(1.0000282 -0.0003036790749 1.962594527e-05)
(1.0000733 -0.0004749077866 3.863035635e-05)
(1.000168138 -0.0006950729202 7.207806717e-05)
(1.00035281 -0.0009682353459 0.0001269649239)
(1.000685354 -0.001280542559 0.0002090483652)
(1.001227733 -0.001577454062 0.0003111714105)
(1.002014198 -0.001757188686 0.0004064746613)
(1.002975286 -0.001665464052 0.0004311696417)
(1.00388981 -0.001202894379 0.0003339932913)
(1.004446717 -0.0004219930811 0.0001325155643)
(1.004469797 0.000388162933 -8.111920604e-05)
(1.004011068 0.001112826002 -0.0002682165718)
(1.003201569 0.001589677699 -0.0003775092042)
(1.002232237 0.001736137395 -0.0003968637611)
(1.001358644 0.001549271106 -0.0003133307835)
(1.000804877 0.001196628123 -0.0001931705214)
(1.000556807 0.0008893688413 -0.0001173949581)
(1.000432083 0.0006566178455 -7.986645722e-05)
(1.000348567 0.0004730921939 -5.441892727e-05)
(1.00029837 0.0003258437606 -3.467878812e-05)
(1.00028013 0.000220987245 -2.274151121e-05)
(1.000276648 0.000146884224 -1.582565095e-05)
(1.000276509 9.675788888e-05 -1.104872336e-05)
(1.000276942 5.97312184e-05 -7.078595281e-06)
(1.000278036 3.474412285e-05 -4.065548332e-06)
(1.000279688 1.563244065e-05 -1.435693039e-06)
(1.000281165 3.628537085e-06 6.437452701e-07)
(1.000282166 -6.323869373e-06 2.935364208e-06)
(1.000283564 -1.129673791e-05 4.362381879e-06)
(1.000278362 -1.58991409e-05 6.489468919e-06)
(0.9999995653 -5.241777342e-05 3.732978761e-06)
(0.9999955834 -0.0001613296304 1.226455786e-05)
(0.9999905753 -0.0002936235242 2.725769758e-05)
(0.9999974778 -0.0004678235612 5.554327422e-05)
(1.000044888 -0.0007021652335 0.0001078531898)
(1.000183432 -0.001008977625 0.0001979018998)
(1.000497495 -0.001383940908 0.000339906082)
(1.001089911 -0.00176943233 0.0005246043192)
(1.002047704 -0.002042372914 0.0007078315131)
(1.003297711 -0.001977815355 0.0007561107001)
(1.004528809 -0.001421242148 0.0005682857078)
(1.005248688 -0.0004868854146 0.000205367333)
(1.005256351 0.0004712848592 -0.0001666914649)
(1.004634577 0.001331184723 -0.0004861701286)
(1.003557763 0.00188585055 -0.0006756471989)
(1.002289002 0.002023903058 -0.0006874771334)
(1.001178026 0.001731202622 -0.0004989283753)
(1.000575278 0.001274403927 -0.0002691367267)
(1.000388277 0.0009317111734 -0.0001400486216)
(1.000323808 0.0006869976388 -7.79143316e-05)
(1.000285069 0.0004948387309 -3.744478607e-05)
(1.000272498 0.0003456367582 -1.010030415e-05)
(1.000284813 0.0002457743539 3.470248735e-06)
(1.000304267 0.000179951692 9.470360951e-06)
(1.000319259 0.0001380129372 1.301951425e-05)
(1.000330157 0.0001101444185 1.553625497e-05)
(1.000337987 9.35694137e-05 1.713399585e-05)
(1.000345305 8.259936683e-05 1.859464734e-05)
(1.000349362 7.783520819e-05 1.96620445e-05)
(1.000354703 7.533689067e-05 2.147444857e-05)
(1.000356129 7.578479881e-05 2.226877566e-05)
(1.000366453 7.69912014e-05 2.427276585e-05)
(0.9999967459 -4.361924331e-05 4.704951507e-06)
(0.9999820398 -0.0001347044557 1.562920013e-05)
(0.9999504727 -0.0002481912892 3.570821426e-05)
(0.9999141073 -0.0004030840475 7.534530166e-05)
(0.9999028839 -0.0006215356617 0.0001524786642)
(0.9999749607 -0.000924676253 0.0002922375525)
(1.000244763 -0.001324717779 0.0005257142505)
(1.000867643 -0.001774779847 0.0008430911708)
(1.002018661 -0.002148109755 0.001178990066)
(1.003623631 -0.002135793427 0.001264363631)
(1.005252255 -0.001506944991 0.0009167738008)
(1.006146668 -0.0004810831962 0.0003064650436)
(1.006130809 0.0005604694466 -0.0003124327388)
(1.00531958 0.001500752296 -0.0008518889362)
(1.003921158 0.002104861876 -0.001176884631)
(1.002296972 0.002218245463 -0.001182133467)
(1.000911786 0.00177603901 -0.0008164541402)
(1.000317475 0.001202263637 -0.0004415900332)
(1.00022725 0.0008334491089 -0.0002521829622)
(1.000233416 0.0005952734697 -0.0001536797377)
(1.000241544 0.0004162304933 -8.141668327e-05)
(1.000269886 0.0002743829907 -2.857629676e-05)
(1.000314037 0.0001821797345 -9.51646654e-07)
(1.000358039 0.0001166513022 1.464669589e-05)
(1.00038665 7.375141133e-05 2.413366538e-05)
(1.000410577 4.195680866e-05 3.02984123e-05)
(1.000424101 2.022476029e-05 3.351211931e-05)
(1.000434888 3.084551964e-06 3.572233425e-05)
(1.000442203 -7.806533071e-06 3.689887257e-05)
(1.000447624 -1.74251881e-05 3.773957816e-05)
(1.000451669 -2.258911181e-05 3.811247675e-05)
(1.000445454 -2.855561606e-05 3.807068779e-05)
(0.9999946272 -2.900188841e-05 5.53031912e-06)
(0.9999703352 -8.983322165e-05 1.853143294e-05)
(0.9999151593 -0.0001672036451 4.334096371e-05)
(0.9998382641 -0.0002760273225 9.422190735e-05)
(0.9997671061 -0.0004360350284 0.0001981494322)
(0.999760158 -0.0006705228635 0.0003964618608)
(0.9999571441 -0.001005191567 0.0007506414236)
(1.000568283 -0.001423300592 0.001261041874)
(1.001906607 -0.001845138334 0.001842694052)
(1.003912473 -0.001946862873 0.001974567173)
(1.006021409 -0.001418569191 0.001342839204)
(1.007081419 -0.000539572196 0.0003742028157)
(1.007033067 0.0003727369968 -0.0005810508628)
(1.006022753 0.001231667789 -0.001428678856)
(1.004262347 0.001824056314 -0.001935267035)
(1.002219764 0.00198432319 -0.001901630047)
(1.000476213 0.001571079821 -0.001186539558)
(0.9999502319 0.001002960447 -0.0005384563004)
(1.000006914 0.0006718160986 -0.0002718308475)
(1.000109659 0.0004723732989 -0.0001404107019)
(1.000164221 0.0003460859257 -5.140011791e-05)
(1.000225 0.0002580284169 8.824485801e-06)
(1.000295103 0.0002066552738 4.057136274e-05)
(1.000356652 0.0001742452645 6.171015664e-05)
(1.000395548 0.000155109941 7.6739268e-05)
(1.000424681 0.0001434518096 8.930964436e-05)
(1.000444508 0.0001376926124 9.793387444e-05)
(1.000460893 0.0001349511889 0.000107164722)
(1.000470655 0.0001339176491 0.0001138652491)
(1.000481386 0.0001338305019 0.0001197401167)
(1.000484705 0.000134635059 0.0001237789341)
(1.00050462 0.000135603157 0.0001283518993)
(0.9999933943 -9.928202394e-06 6.012894163e-06)
(0.9999634872 -3.136559534e-05 2.024144105e-05)
(0.9998941207 -5.88346952e-05 4.793825108e-05)
(0.9997917523 -9.819632991e-05 0.0001061284061)
(0.9996800244 -0.0001576799644 0.0002284447219)
(0.999612094 -0.0002480573653 0.0004714642254)
(0.999735619 -0.0003844745042 0.000928675171)
(1.000285165 -0.0005683685967 0.001636244049)
(1.001703466 -0.0007833973152 0.002550457332)
(1.004006824 -0.0008779747873 0.002817861371)
(1.006501564 -0.0006879143956 0.001948257985)
(1.007736779 -0.0003280349182 0.0005880564802)
(1.007698629 4.768445879e-05 -0.0007120990704)
(1.006589683 0.0004219538069 -0.001907625681)
(1.004597595 0.0007000520411 -0.002683126163)
(1.002274378 0.000807530265 -0.002745064868)
(1.000201569 0.0006417570737 -0.001713729307)
(0.9996865448 0.0003845057272 -0.0007467520431)
(0.9998460901 0.0002366077108 -0.0003459794621)
(1.00004471 0.0001331183095 -8.35439875e-05)
(1.000155006 6.20304966e-05 4.459433019e-05)
(1.000244327 1.443823806e-05 0.0001152859013)
(1.000337468 -1.815528117e-05 0.0001408792739)
(1.000411388 -4.211667644e-05 0.0001457429134)
(1.000454132 -5.990672079e-05 0.0001428945602)
(1.000483645 -7.564070747e-05 0.0001359324375)
(1.000504741 -8.915004145e-05 0.0001274970228)
(1.000520423 -0.0001022227468 0.0001190317164)
(1.000530375 -0.000113149916 0.0001121692817)
(1.000537644 -0.0001247879042 0.0001057642009)
(1.000543363 -0.0001327855886 0.0001014294329)
(1.000535776 -0.0001447528515 9.585646321e-05)
(0.9999933912 1.017301079e-05 6.006773072e-06)
(0.9999634677 3.208693015e-05 2.022154506e-05)
(0.9998940574 5.996864283e-05 4.790498025e-05)
(0.9997915623 9.960465597e-05 0.0001060681707)
(0.9996795959 0.0001589782539 0.000228430376)
(0.9996109885 0.0002485995175 0.0004715119765)
(0.9997334158 0.0003824746064 0.0009298250688)
(1.000280253 0.0005619221419 0.00163904261)
(1.00169592 0.0007675193765 0.002562797988)
(1.004000731 0.0008539235288 0.002837084025)
(1.006498631 0.000661608231 0.001966353512)
(1.007735169 0.0003008757824 0.000603490865)
(1.007697262 -7.605162615e-05 -0.0006997356086)
(1.006586896 -0.000452961655 -0.001896282567)
(1.004590591 -0.0007383044194 -0.002668970308)
(1.002260651 -0.0008598718509 -0.002723081251)
(1.00018032 -0.0007224557245 -0.001670545153)
(0.9996500483 -0.0005064960144 -0.000671386961)
(0.9998056143 -0.0003839908153 -0.0002256355575)
(1.000002189 -0.000300594192 5.275805168e-05)
(1.000100612 -0.0002471770431 0.0002286502323)
(1.000190531 -0.0002137849839 0.0003380578566)
(1.000282302 -0.0001929001405 0.0003907071178)
(1.000355906 -0.0001758870159 0.0004239959649)
(1.000399519 -0.0001634769819 0.0004371845478)
(1.000431845 -0.000153340673 0.0004413692389)
(1.000454247 -0.0001454343804 0.0004412679188)
(1.000473093 -0.0001389030647 0.0004389315612)
(1.000484048 -0.0001338941577 0.0004350663117)
(1.000495616 -0.0001297200336 0.0004298880923)
(1.000502283 -0.000126367716 0.0004242690758)
(1.000535812 -0.000123770256 0.0004181857691)
(0.9999946187 2.924483615e-05 5.512898471e-06)
(0.9999702864 9.055577585e-05 1.847670021e-05)
(0.9999149938 0.0001683709483 4.324141849e-05)
(0.9998378076 0.0002775541538 9.406508376e-05)
(0.9997660642 0.0004377646655 0.0001980153789)
(0.9997578465 0.0006721451413 0.0003965221413)
(0.9999529818 0.0010064301 0.0007519918985)
(1.000561293 0.001423894057 0.001264610562)
(1.001899351 0.001846368532 0.001852997734)
(1.003909085 0.001950443888 0.001986127367)
(1.006022836 0.001422526581 0.001351096545)
(1.007080419 0.0005441135414 0.0003841969572)
(1.007030465 -0.0003694659721 -0.0005703435796)
(1.0060169 -0.00122978381 -0.001416903037)
(1.004250974 -0.001824065709 -0.001920334413)
(1.00220077 -0.001985132055 -0.001877395993)
(1.000456916 -0.001571378739 -0.001154090575)
(0.999932309 -0.0009898870457 -0.0004887915378)
(1.000002613 -0.0006458805109 -0.0002285146945)
(1.000124476 -0.0004175004295 -0.0001103105694)
(1.00019291 -0.0002623688654 -3.92318373e-05)
(1.000262541 -0.0001472317389 -4.573149917e-07)
(1.00033756 -7.334030103e-05 9.787840121e-06)
(1.000400964 -2.216651722e-05 8.127485918e-06)
(1.000439028 1.124830711e-05 4.207465203e-06)
(1.000466208 3.685480962e-05 -1.051453571e-06)
(1.000484467 5.413663687e-05 -6.494374682e-06)
(1.000499753 6.758645389e-05 -1.181462015e-05)
(1.000507553 7.733898393e-05 -1.646327141e-05)
(1.000513093 8.580987555e-05 -2.153465039e-05)
(1.00051664 9.045853205e-05 -2.485986521e-05)
(1.000503877 9.605394478e-05 -3.00107773e-05)
(0.9999967354 4.385837571e-05 4.678742413e-06)
(0.9999819807 0.0001354206351 1.554701948e-05)
(0.9999502751 0.0002493837591 3.55557696e-05)
(0.99991359 0.0004047512037 7.509971282e-05)
(0.9999017544 0.000623716685 0.0001521743664)
(0.9999726869 0.0009274605147 0.0002919674595)
(1.000240956 0.001328557952 0.0005260734971)
(1.000861974 0.001780183688 0.0008445638676)
(1.002012646 0.00215653007 0.001183644401)
(1.003619399 0.00214589383 0.001270538416)
(1.005249832 0.001515512002 0.0009231513966)
(1.006143235 0.0004897255684 0.0003140296538)
(1.006126793 -0.0005515021708 -0.0003052541679)
(1.005313545 -0.001490617264 -0.0008454468987)
(1.003911088 -0.00209234482 -0.001170370208)
(1.002282958 -0.002200609668 -0.001172110498)
(1.000895976 -0.001753069252 -0.0008041254704)
(1.000301577 -0.001171088044 -0.0004213800406)
(1.000217993 -0.0007988715796 -0.0002291236032)
(1.000227361 -0.0005682497324 -0.0001305922057)
(1.000231665 -0.0004026375745 -5.231555959e-05)
(1.000252763 -0.0002820679907 9.639151943e-06)
(1.000291311 -0.0002112126189 4.747627173e-05)
(1.000330971 -0.0001668742459 7.16342589e-05)
(1.000356822 -0.0001414712146 8.640513288e-05)
(1.000376117 -0.0001251782955 9.85183176e-05)
(1.00038865 -0.0001172727375 0.0001045156262)
(1.000401261 -0.0001124972532 0.0001072132009)
(1.000406973 -0.0001110631523 0.0001077055687)
(1.000416702 -0.0001111582336 0.0001064913308)
(1.000416907 -0.0001121761012 0.0001046563257)
(1.000444617 -0.0001144081973 0.0001018812223)
(0.9999995607 5.264559685e-05 3.701214443e-06)
(0.9999955331 0.0001620171571 1.216471985e-05)
(0.9999904057 0.0002947938308 2.706977588e-05)
(0.9999970472 0.0004695277421 5.523567052e-05)
(1.000043974 0.000704533745 0.0001074121421)
(1.000181685 0.001012243234 0.0001973408234)
(1.000494657 0.001388634371 0.0003394654038)
(1.001085857 0.001776092922 0.0005245435923)
(1.002043302 0.002051896445 0.0007090466832)
(1.00329431 0.001989637002 0.0007580683884)
(1.004527208 0.001433862216 0.0005698885225)
(1.005247052 0.0005015571621 0.0002067350099)
(1.005254303 -0.0004546663508 -0.0001658556517)
(1.004630965 -0.001312555725 -0.0004859022198)
(1.003551262 -0.001864156321 -0.0006755515669)
(1.00227904 -0.001997304515 -0.0006864637439)
(1.001166669 -0.0017001562 -0.0004980172947)
(1.000562046 -0.001235411516 -0.0002633312051)
(1.000379969 -0.0008891793497 -0.000132088132)
(1.000320771 -0.0006426187602 -7.115560443e-05)
(1.000285745 -0.000447738119 -3.307902071e-05)
(1.000276707 -0.0002888191364 -8.671250725e-06)
(1.000292909 -0.0001777857702 4.485905895e-08)
(1.000316874 -9.561962043e-05 -1.866994837e-07)
(1.000333972 -4.020809195e-05 -3.705102852e-06)
(1.000346977 4.537602484e-06 -7.38121014e-06)
(1.000356117 3.431559509e-05 -1.086486393e-05)
(1.000364104 6.010723768e-05 -1.430942944e-05)
(1.000369103 7.668813551e-05 -1.734715298e-05)
(1.000372549 9.286909774e-05 -2.020408501e-05)
(1.000376016 0.0001017986434 -2.255900547e-05)
(1.000365159 0.0001124305652 -2.464014131e-05)
(1.000001305 5.530164915e-05 2.774578123e-06)
(1.000008318 0.0001695418297 8.984365587e-06)
(1.000028087 0.0003047631721 1.942257211e-05)
(1.000073012 0.0004765148049 3.829636071e-05)
(1.000167529 0.0006973454825 7.15769934e-05)
(1.000351668 0.0009714122832 0.0001262675234)
(1.00068353 0.00128505859 0.0002082158687)
(1.001225219 0.001583780115 0.0003102985203)
(1.002011499 0.001765912961 0.0004058553882)
(1.002973149 0.00167643219 0.0004306934419)
(1.00388875 0.001214951148 0.0003331765025)
(1.004445521 0.0004355339363 0.0001314323075)
(1.004468134 -0.0003734799666 -8.251093841e-05)
(1.004008389 -0.001096732699 -0.0002703132462)
(1.00319695 -0.001571281611 -0.0003798103997)
(1.002225438 -0.001713987974 -0.0003994666555)
(1.001350391 -0.001522830791 -0.0003167416933)
(1.000796235 -0.001163759938 -0.0001952669663)
(1.000551396 -0.0008511882296 -0.0001191937537)
(1.00043101 -0.0006171698029 -8.368381107e-05)
(1.000348488 -0.0004325356389 -5.9460381e-05)
(1.000297427 -0.0002871029696 -3.951413789e-05)
(1.000277286 -0.0001851223679 -2.6142418e-05)
(1.000271697 -0.0001184579353 -1.750618713e-05)
(1.000269068 -7.615530802e-05 -1.097417773e-05)
(1.000266958 -4.860100809e-05 -5.175981343e-06)
(1.000266105 -3.198086629e-05 -7.769681622e-07)
(1.000266168 -2.287964355e-05 1.805637359e-06)
(1.000266104 -1.880367437e-05 4.107131627e-06)
(1.000266739 -1.891643017e-05 5.553489623e-06)
(1.0002655 -2.093322783e-05 6.180306373e-06)
(1.000276771 -2.371010914e-05 6.057125471e-06)
(1.000003448 5.24314408e-05 1.971735296e-06)
(1.000019057 0.0001601199047 6.351956995e-06)
(1.000059241 0.0002846998094 1.337028481e-05)
(1.000134212 0.0004379409399 2.548693166e-05)
(1.000262959 0.0006272460893 4.587620284e-05)
(1.000474945 0.000851348405 7.78931528e-05)
(1.00080759 0.001093267505 0.0001235314373)
(1.001293925 0.001307253454 0.000178064772)
(1.001939636 0.001416470884 0.0002263974593)
(1.002681188 0.001320095174 0.0002385596394)
(1.003366936 0.000956723658 0.0001883959317)
(1.003793916 0.0003522206878 7.947562627e-05)
(1.00382558 -0.0002758820169 -3.976280834e-05)
(1.003490347 -0.0008403472394 -0.0001444084884)
(1.002879709 -0.001220404303 -0.0002080923482)
(1.002139696 -0.001354415505 -0.0002209995237)
(1.001440555 -0.001246273353 -0.0001795171566)
(1.000940246 -0.0009987876024 -0.0001120473906)
(1.000657602 -0.0007584467324 -6.376473721e-05)
(1.000490493 -0.0005695787272 -3.884985582e-05)
(1.000373802 -0.0004185837885 -2.266545861e-05)
(1.000293894 -0.0002929199562 -1.050396506e-05)
(1.000250851 -0.0002004942069 -4.123212899e-06)
(1.000227887 -0.0001320548479 -2.021394782e-06)
(1.000214829 -8.493876872e-05 -1.754817885e-06)
(1.000205745 -4.739352118e-05 -2.482305577e-06)
(1.000200875 -2.185479034e-05 -3.491966367e-06)
(1.000198019 -1.720693108e-08 -4.976024495e-06)
(1.000196884 1.352431653e-05 -6.310976907e-06)
(1.000195525 2.705452508e-05 -8.051382224e-06)
(1.000195647 3.418317586e-05 -9.329801641e-06)
(1.000188739 4.263043409e-05 -1.045735756e-05)
(1.000004909 4.503865365e-05 1.366800606e-06)
(1.000027201 0.0001371776775 4.372962911e-06)
(1.00008276 0.0002417445869 8.969648613e-06)
(1.00017931 0.0003669033847 1.6555739e-05)
(1.000330478 0.0005164196926 2.876136137e-05)
(1.000556699 0.0006864952911 4.710771453e-05)
(1.000880481 0.0008612377142 7.208399973e-05)
(1.001315982 0.001005677166 0.0001007513207)
(1.001854144 0.001066473656 0.0001249257795)
(1.002437108 0.0009809403245 0.000130479642)
(1.00296508 0.000708222648 0.0001044263041)
(1.003293805 0.0002659422497 4.63221908e-05)
(1.003327437 -0.000192051439 -1.863201955e-05)
(1.003081217 -0.0006086323182 -7.697663566e-05)
(1.002615465 -0.0008949082172 -0.0001141018177)
(1.002044745 -0.001008388817 -0.0001244701504)
(1.001475254 -0.0009533828219 -0.0001078741379)
(1.001031734 -0.0007916560132 -7.639491409e-05)
(1.000737307 -0.0006152486682 -5.156530292e-05)
(1.000543183 -0.0004664523356 -3.85282276e-05)
(1.00040276 -0.0003422581693 -3.03035815e-05)
(1.000302261 -0.000237898005 -2.389748817e-05)
(1.000238195 -0.0001580202187 -1.99769155e-05)
(1.000197264 -0.0001000681124 -1.781743322e-05)
(1.000169686 -5.995665186e-05 -1.623385487e-05)
(1.000149902 -3.172935475e-05 -1.479597637e-05)
(1.00013612 -1.26062863e-05 -1.352634629e-05)
(1.000126901 -6.017364764e-07 -1.249000222e-05)
(1.000119935 6.648160325e-06 -1.155542568e-05)
(1.000115264 9.753309284e-06 -1.080996062e-05)
(1.000110973 1.068403731e-05 -1.011692452e-05)
(1.000109254 9.624797241e-06 -9.702964133e-06)
(1.000005927 3.434029285e-05 9.461015265e-07)
(1.00003288 0.0001043872334 3.005235653e-06)
(1.000099027 0.0001827157754 6.017983083e-06)
(1.000209843 0.0002744964954 1.076988982e-05)
(1.000374481 0.0003813312564 1.8086624e-05)
(1.000606645 0.0004991150166 2.861532689e-05)
(1.000918673 0.0006155668406 4.234812002e-05)
(1.001314191 0.0007063935932 5.743133798e-05)
(1.001774355 0.0007384188192 6.971026401e-05)
(1.002255649 0.0006718722396 7.205230784e-05)
(1.00267503 0.0004840276852 5.799519202e-05)
(1.002934265 0.000182130736 2.655168063e-05)
(1.002966515 -0.0001260097922 -8.81839038e-06)
(1.002780581 -0.000409857565 -4.163401247e-05)
(1.002413902 -0.0006076443444 -6.328050986e-05)
(1.001953344 -0.0006925939085 -7.036560095e-05)
(1.001476906 -0.0006687827273 -6.289714663e-05)
(1.001076566 -0.0005714447777 -4.642837988e-05)
(1.000781945 -0.0004557534142 -3.143467367e-05)
(1.000569133 -0.0003521679579 -2.201577606e-05)
(1.000412364 -0.0002655451255 -1.562876841e-05)
(1.00029509 -0.0001916919175 -1.05451919e-05)
(1.00021668 -0.0001358636876 -7.385189116e-06)
(1.000161838 -9.371387142e-05 -5.749384218e-06)
(1.000125996 -6.51781246e-05 -4.948765415e-06)
(1.000098753 -4.277196558e-05 -4.574407945e-06)
(1.000082029 -2.821618921e-05 -4.531550379e-06)
(1.000068794 -1.605907422e-05 -4.76752565e-06)
(1.000061656 -9.22613762e-06 -5.026755219e-06)
(1.000054532 -2.519979495e-06 -5.476234777e-06)
(1.000051526 7.006299543e-07 -5.767642077e-06)
(1.000044659 4.403655961e-06 -6.302283688e-06)
(1.000006557 2.14338685e-05 6.852925783e-07)
(1.000036398 6.506813096e-05 2.163368683e-06)
(1.00010904 0.0001133787633 4.2399296e-06)
(1.000228315 0.0001691705804 7.375548815e-06)
(1.00040025 0.0002329828038 1.20018938e-05)
(1.000634158 0.0003018179859 1.838568101e-05)
(1.000936279 0.0003681685313 2.635686513e-05)
(1.001304503 0.0004176330564 3.475206146e-05)
(1.001715493 0.0004332431634 4.123628427e-05)
(1.002133548 0.0003920935619 4.217726043e-05)
(1.002493653 0.0002805317232 3.379836438e-05)
(1.00270529 0.0001064191062 1.558713829e-05)
(1.002730597 -6.775793155e-05 -4.346655116e-06)
(1.002582726 -0.0002340541992 -2.399988253e-05)
(1.002278749 -0.0003504323094 -3.747436411e-05)
(1.001884797 -0.0004026540125 -4.263531363e-05)
(1.001468438 -0.0003939130895 -3.980916593e-05)
(1.001098681 -0.0003422172343 -3.187975753e-05)
(1.00080817 -0.0002760899608 -2.398301488e-05)
(1.00058743 -0.0002142763097 -1.876416869e-05)
(1.000420493 -0.0001609682825 -1.536882874e-05)
(1.000294812 -0.0001151438712 -1.286481097e-05)
(1.000206953 -7.92386374e-05 -1.133890468e-05)
(1.000143827 -5.151213475e-05 -1.055512985e-05)
(1.000101366 -3.191871883e-05 -1.013329638e-05)
(1.000069055 -1.661131863e-05 -9.81609174e-06)
(1.000048463 -6.418795718e-06 -9.579779935e-06)
(1.000031686 1.718437547e-06 -9.337358408e-06)
(1.000022099 6.290530715e-06 -9.162623281e-06)
(1.000012382 9.814820681e-06 -8.930111784e-06)
(1.000007772 1.169820159e-05 -8.793899681e-06)
(0.9999993654 1.19566834e-05 -8.607210397e-06)
(1.000006854 7.278677139e-06 5.615283437e-07)
(1.000038064 2.208162575e-05 1.765649072e-06)
(1.000113764 3.839012582e-05 3.411275366e-06)
(1.000236938 5.70843716e-05 5.819943736e-06)
(1.000411978 7.828346387e-05 9.266018567e-06)
(1.000646211 0.0001008738587 1.387035891e-05)
(1.000942491 0.000122458009 1.944623749e-05)
(1.001298379 0.0001379404668 2.507928893e-05)
(1.001681858 0.0001434286118 2.935943769e-05)
(1.00208571 0.0001272075478 2.932460551e-05)
(1.002395335 9.664252176e-05 2.448772581e-05)
(1.002621349 2.335069123e-05 7.948282892e-06)
(1.00261738 -2.215793645e-05 -3.228832128e-06)
(1.002483743 -7.574519486e-05 -1.696900367e-05)
(1.002210284 -0.0001138790176 -2.689765346e-05)
(1.001848089 -0.0001313161448 -3.110058001e-05)
(1.001461045 -0.0001293787254 -2.986646808e-05)
(1.001105508 -0.0001135002147 -2.495380395e-05)
(1.000818885 -9.26199848e-05 -1.944915713e-05)
(1.000593768 -7.269483318e-05 -1.522984362e-05)
(1.00042221 -5.566792581e-05 -1.224552323e-05)
(1.000291634 -4.121077432e-05 -9.96812329e-06)
(1.000199162 -3.022219791e-05 -8.4422977e-06)
(1.000131188 -2.200707112e-05 -7.496278042e-06)
(1.00008559 -1.675541121e-05 -6.951311427e-06)
(1.000050278 -1.245205205e-05 -6.597267326e-06)
(1.00002839 -1.023242531e-05 -6.44570511e-06)
(1.000010118 -8.901538967e-06 -6.391773681e-06)
(1.000000006 -8.265716732e-06 -6.391511308e-06)
(0.9999894615 -7.762457083e-06 -6.4150675e-06)
(0.9999848139 -7.588339974e-06 -6.485189057e-06)
(0.9999760627 -7.323758613e-06 -6.558502561e-06)
(1.000006871 -7.229712207e-06 2.081544315e-07)
(1.000038152 -2.192835362e-05 6.535226165e-07)
(1.000114017 -3.809443578e-05 1.257606019e-06)
(1.000237447 -5.657449243e-05 2.135902852e-06)
(1.000412807 -7.74486912e-05 3.386510369e-06)
(1.00064735 -9.957017843e-05 5.05221492e-06)
(1.000943737 -0.0001205228674 7.06685005e-06)
(1.001299331 -0.0001352811739 9.10626912e-06)
(1.001681638 -0.0001401582228 1.067796348e-05)
(1.002084134 -0.0001236274362 1.074417743e-05)
(1.002391019 -9.350889882e-05 9.150799465e-06)
(1.002616139 -2.120513774e-05 3.511462819e-06)
(1.002611096 2.302475735e-05 -2.865775395e-07)
(1.002478426 7.554959626e-05 -4.952860879e-06)
(1.002207063 0.0001131252185 -8.257306926e-06)
(1.001847212 0.0001306249075 -9.54882503e-06)
(1.001462246 0.0001293026601 -8.948284925e-06)
(1.001107954 0.000114420671 -7.08392289e-06)
(1.00082103 9.431388993e-05 -5.038626264e-06)
(1.000595387 7.479356015e-05 -3.460242416e-06)
(1.000423213 5.791933953e-05 -2.333517153e-06)
(1.000292714 4.362351943e-05 -1.483087616e-06)
(1.000200062 3.266879983e-05 -9.125328289e-07)
(1.000132197 2.449408159e-05 -5.462090997e-07)
(1.000086612 1.907829847e-05 -3.36628106e-07)
(1.000051568 1.52885597e-05 -1.487842664e-07)
(1.000029736 1.264425705e-05 -9.381492944e-08)
(1.000011635 1.126142607e-05 -8.508464573e-08)
(1.000001648 1.06950557e-05 -8.819751674e-08)
(0.9999913186 1.06819269e-05 -9.901600965e-08)
(0.9999866962 1.093348651e-05 -1.045808557e-07)
(0.9999783322 1.140436662e-05 -1.276120478e-07)
(1.00000658 -2.128450464e-05 2.518134731e-07)
(1.000036528 -6.459944075e-05 7.93805234e-07)
(1.000109422 -0.0001124674276 1.54975116e-06)
(1.000229099 -0.0001675814432 2.683969863e-06)
(1.000401559 -0.0002303481981 4.34917202e-06)
(1.000636015 -0.0002976423658 6.638354643e-06)
(1.000938445 -0.0003619081807 9.488171914e-06)
(1.001306363 -0.0004089482748 1.248615232e-05)
(1.001715887 -0.0004224120285 1.481299572e-05)
(1.002131538 -0.0003803246265 1.520777817e-05)
(1.00248858 -0.0002701137242 1.239142699e-05)
(1.002697839 -9.947689341e-05 6.160655426e-06)
(1.002722304 7.023843287e-05 -6.511639181e-07)
(1.002575979 0.0002329571206 -7.345373918e-06)
(1.002274963 0.0003473965923 -1.185700587e-05)
(1.001884222 0.0003997300642 -1.346217328e-05)
(1.001470948 0.0003932028511 -1.229276316e-05)
(1.001102127 0.0003449015176 -9.377177148e-06)
(1.0008115 0.0002817712162 -6.495428271e-06)
(1.00058902 0.0002213221509 -4.540652631e-06)
(1.000421823 0.0001690652881 -3.253249231e-06)
(1.000295629 0.0001238619526 -2.311842278e-06)
(1.000207962 8.862736595e-05 -1.733645301e-06)
(1.000144457 6.103407436e-05 -1.419208485e-06)
(1.000102322 4.179617535e-05 -1.262516078e-06)
(1.000069967 2.642343782e-05 -1.166271186e-06)
(1.000049827 1.643641247e-05 -1.103621465e-06)
(1.000033315 7.554426641e-06 -1.073019945e-06)
(1.000024017 2.928542349e-06 -1.062985689e-06)
(1.000014578 -1.982629462e-06 -1.07794153e-06)
(1.000010431 -4.11380749e-06 -1.087428148e-06)
(1.000001466 -6.172215552e-06 -1.137629581e-06)
(1.000005968 -3.408406175e-05 3.437072801e-07)
(1.000033106 -0.0001035795116 1.090372367e-06)
(1.000099699 -0.0001811205837 2.175707628e-06)
(1.000211253 -0.000271655407 3.877821809e-06)
(1.000376901 -0.0003765034598 6.485810002e-06)
(1.000610206 -0.0004912637576 1.022220326e-05)
(1.000923045 -0.000603498092 1.507246319e-05)
(1.00131832 -0.0006892965145 2.037734295e-05)
(1.001776103 -0.0007168066887 2.467745563e-05)
(1.002253114 -0.0006484574311 2.552801414e-05)
(1.002667267 -0.0004634106704 2.075370841e-05)
(1.002922118 -0.0001691166447 9.958572508e-06)
(1.00295347 0.0001295483047 -2.154366172e-06)
(1.002770395 0.0004057426735 -1.336076466e-05)
(1.002408748 0.0005994348414 -2.064657558e-05)
(1.001953795 0.00068464039 -2.287630317e-05)
(1.001481952 0.0006653735669 -2.010315064e-05)
(1.001083696 0.0005750357492 -1.429107996e-05)
(1.000787344 0.000464551921 -8.984316482e-06)
(1.000572365 0.0003635292811 -5.562173318e-06)
(1.000413946 0.000277937603 -3.197833863e-06)
(1.000296894 0.0002055439129 -1.382929151e-06)
(1.000217559 0.0001498775324 -2.275967695e-07)
(1.000162999 0.0001083122198 3.953367717e-07)
(1.000126535 7.942095997e-05 7.419279847e-07)
(1.000099797 5.794110478e-05 8.887561311e-07)
(1.00008243 4.364730049e-05 9.769636375e-07)
(1.000069318 3.306070266e-05 9.562904399e-07)
(1.000061503 2.706119496e-05 9.254988942e-07)
(1.000054403 2.269109334e-05 8.269610656e-07)
(1.000050832 2.106502088e-05 7.749325201e-07)
(1.000046427 2.025221325e-05 6.458243172e-07)
(1.00000498 -4.466799192e-05 4.91697129e-07)
(1.000027593 -0.0001360034909 1.571206946e-06)
(1.000083951 -0.0002393720102 3.212619107e-06)
(1.000181859 -0.0003625486985 5.907692644e-06)
(1.000334974 -0.000508758222 1.022206543e-05)
(1.000563525 -0.0006735856104 1.667431482e-05)
(1.000889224 -0.0008406808644 2.54015366e-05)
(1.001324627 -0.0009757424034 3.535198403e-05)
(1.001858847 -0.001027735074 4.365340328e-05)
(1.002432596 -0.0009393372393 4.553495794e-05)
(1.002951707 -0.0006719985209 3.665321624e-05)
(1.003272449 -0.0002448154328 1.669666354e-05)
(1.003305056 0.0001951371118 -5.535205558e-06)
(1.003064369 0.0005972202974 -2.547420977e-05)
(1.002607659 0.0008760069277 -3.798002147e-05)
(1.0020477 0.000990057764 -4.122476131e-05)
(1.001485546 0.0009443951346 -3.522545272e-05)
(1.001044063 0.0007961925665 -2.425112209e-05)
(1.000746574 0.0006299223915 -1.553161847e-05)
(1.000546925 0.00048463401 -1.076057177e-05)
(1.000405211 0.0003636132388 -7.72432203e-06)
(1.000303302 0.0002608609497 -5.424916279e-06)
(1.00023916 0.0001831309905 -4.079911744e-06)
(1.000197209 0.0001244903354 -3.450910237e-06)
(1.000170617 8.457166171e-05 -3.177489667e-06)
(1.000150765 5.35560151e-05 -3.083782788e-06)
(1.000138641 3.34928858e-05 -3.126643404e-06)
(1.000129256 1.702187779e-05 -3.326422369e-06)
(1.000124225 7.855521658e-06 -3.550492052e-06)
(1.000119092 -6.994931328e-07 -3.924935282e-06)
(1.000117141 -4.407982818e-06 -4.180573164e-06)
(1.00011049 -8.265930278e-06 -4.50305599e-06)
(1.000003566 -5.194297426e-05 7.04145338e-07)
(1.000019716 -0.0001585662851 2.264791139e-06)
(1.000061276 -0.0002814735833 4.754033911e-06)
(1.000138666 -0.0004317968518 9.03089063e-06)
(1.000271036 -0.0006159620499 1.618693679e-05)
(1.000487627 -0.000831490754 2.735610492e-05)
(1.000824418 -0.001060237911 4.314134973e-05)
(1.001311306 -0.001257462134 6.183822249e-05)
(1.001949949 -0.001350172486 7.813531118e-05)
(1.00267361 -0.001249015527 8.21209841e-05)
(1.003342773 -0.0008964732632 6.502407453e-05)
(1.003755552 -0.0003204444852 2.778390793e-05)
(1.003786193 0.0002752809948 -1.283309858e-05)
(1.003461597 0.0008131209094 -4.849890228e-05)
(1.002867746 0.001181392249 -6.981120971e-05)
(1.002147383 0.001316685213 -7.415207781e-05)
(1.00146157 0.001224951376 -6.00374432e-05)
(1.000964331 0.001000659796 -3.70903782e-05)
(1.000673806 0.000775288046 -2.028335112e-05)
(1.000498295 0.0005912460911 -1.122157561e-05)
(1.000378091 0.0004424901206 -5.330386556e-06)
(1.000297041 0.0003198233759 -1.207222892e-06)
(1.000251709 0.0002282810536 1.231109055e-06)
(1.000227044 0.0001624774537 2.051060861e-06)
(1.000212204 0.0001170578055 2.335874404e-06)
(1.000202125 8.447502959e-05 2.376465801e-06)
(1.000195898 6.251517252e-05 2.224758949e-06)
(1.000192015 4.706843589e-05 1.957125343e-06)
(1.000189739 3.794480094e-05 1.647515269e-06)
(1.000188106 3.190662862e-05 1.244148417e-06)
(1.000186795 2.975964998e-05 9.277012677e-07)
(1.000189278 2.904856443e-05 2.983064137e-07)
(1.000001565 -5.47183128e-05 9.849588076e-07)
(1.000009382 -0.0001676428308 3.184739482e-06)
(1.000031397 -0.0003006937678 6.867031253e-06)
(1.000080445 -0.0004684494795 1.349139819e-05)
(1.000181429 -0.0006817945046 2.509436577e-05)
(1.000374309 -0.0009426584874 4.402041328e-05)
(1.000714673 -0.001234781647 7.206376335e-05)
(1.001258765 -0.001504874953 0.0001066072411)
(1.002032281 -0.001657128265 0.0001382200176)
(1.002959601 -0.001559580288 0.0001461919337)
(1.003844212 -0.00111958046 0.0001131859393)
(1.004377366 -0.0003886752963 4.46355859e-05)
(1.004398722 0.0003630106271 -2.747138931e-05)
(1.003959649 0.001041270544 -9.153004853e-05)
(1.003179272 0.001491572699 -0.0001258449763)
(1.002240619 0.001638888314 -0.0001319007505)
(1.001387643 0.001480484207 -0.0001045205284)
(1.000835531 0.001162228259 -6.434915169e-05)
(1.000575484 0.0008748772157 -3.855536973e-05)
(1.000440721 0.000648311179 -2.606202816e-05)
(1.000353463 0.0004687853455 -1.824405273e-05)
(1.000300434 0.0003235707697 -1.269789236e-05)
(1.00027956 0.0002191397322 -1.023849992e-05)
(1.000274406 0.0001445174669 -9.993046152e-06)
(1.00027352 9.396605633e-05 -1.112764318e-05)
(1.00027354 5.628235889e-05 -1.255977549e-05)
(1.000274425 3.077808085e-05 -1.416312286e-05)
(1.000276087 1.076645971e-05 -1.596211692e-05)
(1.000277654 -1.864870356e-06 -1.749726923e-05)
(1.00027886 -1.287708389e-05 -1.904390091e-05)
(1.000280207 -1.87634378e-05 -2.027983289e-05)
(1.000276444 -2.50627757e-05 -2.137120452e-05)
(0.9999997113 -5.200340516e-05 1.304602213e-06)
(0.9999971213 -0.0001599004362 4.295260535e-06)
(0.9999955075 -0.0002901221815 9.529871684e-06)
(1.000008817 -0.0004598768025 1.936292315e-05)
(1.000066734 -0.0006849074249 3.742754222e-05)
(1.000220255 -0.0009738710847 6.827954689e-05)
(1.000549778 -0.001317524398 0.0001163309375)
(1.001147854 -0.001659399438 0.000178078588)
(1.002083105 -0.001884320257 0.0002378879674)
(1.003269498 -0.001810278349 0.0002536227365)
(1.004448689 -0.001292175435 0.0001904052203)
(1.00512859 -0.0004355710299 6.879685552e-05)
(1.005135158 0.0004330010146 -5.577718692e-05)
(1.004546122 0.001201490754 -0.0001634684203)
(1.003521133 0.001786157289 -0.0002264766667)
(1.002317021 0.001879757131 -0.0002300425797)
(1.001239661 0.00162755954 -0.0001672609762)
(1.000630962 0.001219501126 -8.939672498e-05)
(1.000420994 0.0009043299994 -4.461624364e-05)
(1.000338734 0.0006672214595 -2.352196786e-05)
(1.000292452 0.0004800965387 -1.205242081e-05)
(1.000274934 0.0003307325189 -4.31065017e-06)
(1.000283771 0.0002266080315 -1.672099042e-06)
(1.00030158 0.0001550386886 -1.508525195e-06)
(1.000315905 0.0001086859443 -2.022106152e-06)
(1.000326514 7.668571488e-05 -2.922811437e-06)
(1.000334013 5.753378049e-05 -4.083965917e-06)
(1.00034128 4.424772784e-05 -5.747295187e-06)
(1.000345087 3.8822246e-05 -6.936219783e-06)
(1.000350312 3.56039227e-05 -9.499663962e-06)
(1.000350953 3.562199075e-05 -1.088917336e-05)
(1.000363893 3.795778712e-05 -1.410425244e-05)
(0.999997142 -4.32238631e-05 1.647921679e-06)
(0.9999842473 -0.0001333358371 5.471326012e-06)
(0.9999575646 -0.0002446977718 1.246837843e-05)
(0.9999309283 -0.0003947457876 2.620471929e-05)
(0.9999365756 -0.0006022991129 5.269885051e-05)
(1.000034418 -0.0008829892993 0.0001001881244)
(1.000332766 -0.001240083346 0.0001782525192)
(1.00097012 -0.001625886137 0.0002827683807)
(1.00208323 -0.001922259717 0.0003901223257)
(1.003575493 -0.00189604937 0.0004180025074)
(1.005117176 -0.00133639276 0.0003026573815)
(1.005955923 -0.0004069821445 9.961042295e-05)
(1.005933635 0.0004909293356 -0.00010069287)
(1.005172689 0.00132222626 -0.0002783306836)
(1.003864461 0.001865551767 -0.0003855299029)
(1.002343698 0.001989614599 -0.0003860916684)
(1.001013604 0.001641070502 -0.0002674299248)
(1.000399043 0.001142384673 -0.0001454851422)
(1.000272235 0.0008065511907 -8.508765283e-05)
(1.000253081 0.0005688409431 -5.731199999e-05)
(1.000248868 0.0003905307806 -4.260403517e-05)
(1.000266684 0.0002516958105 -3.77155629e-05)
(1.00030508 0.0001560286938 -4.216844626e-05)
(1.00034627 8.84825948e-05 -5.04776096e-05)
(1.00037631 4.128735713e-05 -5.884929541e-05)
(1.000399387 7.403494776e-06 -6.629038963e-05)
(1.000415631 -1.831741802e-05 -7.250301685e-05)
(1.000427346 -3.756421461e-05 -7.703645394e-05)
(1.000436703 -5.215494946e-05 -8.027415739e-05)
(1.00044225 -6.379349378e-05 -8.214861644e-05)
(1.000447678 -7.297046224e-05 -8.311278489e-05)
(1.000442468 -7.949947337e-05 -8.308691182e-05)
(0.999995135 -2.871546257e-05 1.937183588e-06)
(0.999973171 -8.882586882e-05 6.484990267e-06)
(0.9999244209 -0.0001645496181 1.511842565e-05)
(0.9998609318 -0.0002694075899 3.270381779e-05)
(0.9998143644 -0.0004199604423 6.819345762e-05)
(0.9998479913 -0.000633303794 0.0001349979371)
(1.000094008 -0.0009235788985 0.0002515899228)
(1.000737481 -0.001267499407 0.000416809655)
(1.002015249 -0.001583300735 0.0005988913835)
(1.003830903 -0.00165010566 0.0006420768952)
(1.005801887 -0.001205867416 0.0004381847087)
(1.006807287 -0.0003953824698 0.0001042323934)
(1.006736165 0.000325567707 -0.0001864808377)
(1.005803372 0.001044788199 -0.0004569802042)
(1.004188556 0.001572382821 -0.0006126043536)
(1.002318268 0.001710300393 -0.0005991493963)
(1.000647567 0.001387698756 -0.0003618243337)
(1.000062053 0.0009152883299 -0.0001623136194)
(1.000056146 0.0006483749941 -9.648794253e-05)
(1.000127262 0.00042574024 -6.813046011e-05)
(1.000172691 0.0002770859533 -5.260161294e-05)
(1.000224846 0.0001713275417 -4.498252005e-05)
(1.000289425 0.0001052444708 -4.547967225e-05)
(1.000349666 6.551316682e-05 -4.986643338e-05)
(1.000388064 4.454746171e-05 -5.473474223e-05)
(1.000416226 3.266567545e-05 -6.07069247e-05)
(1.00043531 2.826884154e-05 -6.607744702e-05)
(1.000452034 2.766818777e-05 -7.303009248e-05)
(1.000461536 2.913054392e-05 -7.836305814e-05)
(1.000472721 3.307298882e-05 -8.556625858e-05)
(1.000475458 3.606453839e-05 -8.968813863e-05)
(1.000501492 4.198791954e-05 -9.661530867e-05)
(0.9999939718 -9.834668453e-06 2.106179828e-06)
(0.9999667121 -3.09984222e-05 7.083032384e-06)
(0.9999048053 -5.784491364e-05 1.671391108e-05)
(0.9998183487 -9.5649608e-05 3.679589635e-05)
(0.9997374589 -0.0001512990836 7.840778245e-05)
(0.9997222617 -0.0002325570918 0.0001597538332)
(0.9999208861 -0.0003485807521 0.0003087138905)
(1.000532154 -0.0004953362227 0.0005332528652)
(1.001878169 -0.0006502916798 0.0008126882034)
(1.003927419 -0.0007128963074 0.000891163188)
(1.006164035 -0.0005764479522 0.0006478187542)
(1.007464787 -0.0001839399255 9.547601153e-05)
(1.007316345 5.679380323e-05 -0.0002314436025)
(1.006285641 0.0003520913121 -0.0005906669737)
(1.00447696 0.0005794598043 -0.0008177688537)
(1.002379926 0.0006707096534 -0.0008274123809)
(1.00041856 0.0005515745106 -0.0005135793583)
(0.9997960892 0.00031629409 -0.0001973469766)
(0.9998880667 0.0002244981406 -0.0001410257466)
(1.000043874 0.0001154674649 -0.0001402290401)
(1.000127079 4.279355976e-05 -0.000156614046)
(1.00021177 -1.618699941e-05 -0.0001776521289)
(1.000307361 -6.233497428e-05 -0.0002031877902)
(1.000389478 -9.571028113e-05 -0.0002266058491)
(1.000440419 -0.0001160563939 -0.0002415843775)
(1.000474604 -0.0001304712295 -0.0002481461104)
(1.000500593 -0.0001413350848 -0.0002501657773)
(1.000517999 -0.0001492170249 -0.0002492003233)
(1.000530967 -0.0001556243755 -0.0002465137714)
(1.000538313 -0.0001606232227 -0.0002426745082)
(1.000544544 -0.0001642802713 -0.0002381877605)
(1.000532928 -0.0001669756484 -0.0002333767671)
(0.9999939685 1.007470949e-05 2.104136054e-06)
(0.9999666922 3.170430244e-05 7.076448748e-06)
(0.9999047404 5.89516497e-05 1.670300972e-05)
(0.9998181651 9.701499386e-05 3.677715378e-05)
(0.9997370617 0.0001525708634 7.840447739e-05)
(0.9997213144 0.0002331350793 0.0001597771427)
(0.9999192138 0.0003470792132 0.0003090720518)
(1.000528761 0.0004901620779 0.0005341300614)
(1.001872948 0.000638454751 0.000816097774)
(1.003922458 0.0006945333957 0.0008967077202)
(1.006160965 0.000555350005 0.0006532959816)
(1.007462828 0.0001614998112 0.0001007087155)
(1.007314809 -8.025047362e-05 -0.0002266924149)
(1.006282772 -0.0003778515981 -0.0005861675684)
(1.004472346 -0.0006113640501 -0.0008128731074)
(1.002365964 -0.0007139626224 -0.0008198599967)
(1.000405817 -0.0006167604284 -0.0004993256727)
(0.9997631048 -0.0004140852515 -0.0001669411905)
(0.9998555647 -0.0003409618878 -0.0001057442442)
(1.000010975 -0.0002488556147 -8.684592656e-05)
(1.000086376 -0.0001875201841 -8.94822208e-05)
(1.000167614 -0.0001400528846 -0.0001000522903)
(1.000260699 -0.0001051703029 -0.0001158863731)
(1.000341985 -8.095681552e-05 -0.0001308636288)
(1.000389855 -6.668573937e-05 -0.0001393765119)
(1.000426424 -5.596331684e-05 -0.0001440359571)
(1.000450797 -4.908612636e-05 -0.00014560509)
(1.000471909 -4.307899957e-05 -0.0001447170148)
(1.000483533 -3.973424172e-05 -0.0001429274037)
(1.000496156 -3.671137712e-05 -0.0001394281704)
(1.00050276 -3.501123517e-05 -0.0001366579894)
(1.000532958 -3.296401269e-05 -0.0001313921268)
(0.9999951261 2.89542077e-05 1.931368217e-06)
(0.9999731203 8.953538299e-05 6.466791441e-06)
(0.9999242511 0.00016569229 1.508579712e-05)
(0.9998604838 0.0002708962123 3.265382391e-05)
(0.9998133755 0.0004216335547 6.815464299e-05)
(0.9998459331 0.0006348623585 0.0001350311431)
(1.000090421 0.0009246951324 0.000252033669)
(1.000731849 0.001267832116 0.0004179756837)
(1.002009223 0.001583572458 0.0006020344164)
(1.0038274 0.001650730062 0.0006457784423)
(1.005802821 0.001207678547 0.0004406254548)
(1.006806355 0.0003983478109 0.0001072815557)
(1.006733997 -0.000323747353 -0.0001831349301)
(1.005798629 -0.001044029685 -0.0004531344056)
(1.004178403 -0.001575071684 -0.0006074165842)
(1.002305384 -0.001714891966 -0.0005915223874)
(1.000627057 -0.001390758776 -0.0003502591954)
(1.000047458 -0.0009140898232 -0.0001464059251)
(1.000050338 -0.0006405462543 -8.07440895e-05)
(1.000135849 -0.0003996520412 -5.597150783e-05)
(1.000192122 -0.0002302006287 -4.803435551e-05)
(1.000253099 -0.0001022412773 -4.988746161e-05)
(1.00032382 -1.763023392e-05 -5.918666829e-05)
(1.000387914 4.049246043e-05 -7.052683404e-05)
(1.000428466 7.73121084e-05 -7.878702568e-05)
(1.00045868 0.0001039264165 -8.508966852e-05)
(1.000477402 0.0001210900197 -8.878074201e-05)
(1.000494975 0.0001342127551 -9.073447326e-05)
(1.000505814 0.0001430170397 -9.113107521e-05)
(1.000512592 0.0001485937279 -9.028821767e-05)
(1.000514994 0.0001520543163 -8.889340476e-05)
(1.000500784 0.0001542911354 -8.49937865e-05)
(0.9999971309 4.345996367e-05 1.639154023e-06)
(0.9999841848 0.0001340424251 5.443897039e-06)
(0.9999573584 0.0002458715534 1.241800596e-05)
(0.9999304063 0.0003963809812 2.612515286e-05)
(0.9999354667 0.0006044155523 5.260394083e-05)
(1.00003228 0.000885643964 0.0001001147973)
(1.000329276 0.001243569227 0.0001783933979)
(1.000965151 0.001630574413 0.0002832969868)
(1.002077974 0.001929003615 0.0003916243387)
(1.003571639 0.001904287811 0.0004200494879)
(1.005114737 0.001343768872 0.0003047296909)
(1.005952594 0.0004140978257 0.0001020382465)
(1.005929588 -0.0004838314549 -9.829215814e-05)
(1.005166699 -0.001314412679 -0.0002760067507)
(1.003854958 -0.001856086257 -0.0003831211672)
(1.002330905 -0.001976669945 -0.0003824656263)
(1.000998491 -0.00162382913 -0.000262979381)
(1.000384185 -0.001119055415 -0.0001382297966)
(1.000263114 -0.000781733197 -7.731392552e-05)
(1.000247321 -0.0005473371743 -4.989212012e-05)
(1.000240708 -0.0003793626086 -3.34977031e-05)
(1.000253477 -0.0002540181762 -2.62915491e-05)
(1.00028623 -0.0001767987818 -2.606875362e-05)
(1.000323929 -0.0001262289513 -2.991633757e-05)
(1.000349858 -9.677632579e-05 -3.367503801e-05)
(1.000370185 -7.762874248e-05 -3.742835217e-05)
(1.000383515 -6.830994856e-05 -3.998507626e-05)
(1.000397006 -6.297630746e-05 -4.190929015e-05)
(1.000403654 -6.156651963e-05 -4.25815059e-05)
(1.000413815 -6.231000306e-05 -4.228617346e-05)
(1.000415258 -6.36719009e-05 -4.171218319e-05)
(1.000441608 -6.758837057e-05 -3.953705869e-05)
(0.999999706 5.222938353e-05 1.293936107e-06)
(0.9999970661 0.0001605821834 4.261716666e-06)
(0.9999953254 0.0002912814216 9.467346204e-06)
(1.000008368 0.0004615613821 1.92618068e-05)
(1.000065805 0.0006872324138 3.728543166e-05)
(1.000218539 0.0009770417741 6.810552054e-05)
(1.000547058 0.001321966413 0.0001162079928)
(1.001144101 0.001665564502 0.000178099707)
(1.002079061 0.001892799561 0.0002383221535)
(1.003266217 0.00182074496 0.0002543353178)
(1.004447026 0.001303362664 0.0001909899364)
(1.00512683 0.0004486238999 6.929796572e-05)
(1.005132939 -0.0004183932921 -5.544397706e-05)
(1.0045425 -0.001183590923 -0.000163307875)
(1.003514686 -0.001771286043 -0.0002262718966)
(1.002308041 -0.001857047856 -0.0002295085386)
(1.001228147 -0.001599477421 -0.0001665516433)
(1.000618891 -0.001185293549 -8.717947701e-05)
(1.000412889 -0.0008666773667 -4.149098262e-05)
(1.000335467 -0.0006283685854 -2.079987729e-05)
(1.000292441 -0.0004383309082 -9.418405519e-06)
(1.000277918 -0.0002821082037 -3.556240006e-06)
(1.00029029 -0.0001681488721 -2.249806113e-06)
(1.000311995 -8.419465509e-05 -4.1086823e-06)
(1.000329726 -2.463290145e-05 -6.243367276e-06)
(1.000342504 2.057055797e-05 -8.104775814e-06)
(1.000352675 5.368933395e-05 -9.564293136e-06)
(1.000360616 7.840895846e-05 -1.049297586e-05)
(1.00036672 9.708473013e-05 -1.091317785e-05)
(1.000369902 0.0001110204799 -1.080313394e-05)
(1.000374309 0.0001216096214 -1.038047662e-05)
(1.000362608 0.000129470841 -8.938220485e-06)
(1.000001556 5.492550601e-05 9.732391444e-07)
(1.000009343 0.0001682704341 3.148064414e-06)
(1.00003127 0.0003017740139 6.798955572e-06)
(1.000080132 0.0004700501476 1.338048549e-05)
(1.000180786 0.0006840514022 2.492984137e-05)
(1.000373142 0.0009457963757 4.37953536e-05)
(1.000712853 0.001239182136 7.180233037e-05)
(1.001256321 0.001510954134 0.0001063448181)
(1.002029677 0.001665326804 0.0001380522399)
(1.002957478 0.001569820409 0.0001460783677)
(1.003843066 0.001130948825 0.0001129716318)
(1.004376107 0.000401423303 4.432164931e-05)
(1.004396904 -0.0003490688978 -2.786684169e-05)
(1.003956917 -0.001025940601 -9.219345695e-05)
(1.003174782 -0.001474080249 -0.0001263786665)
(1.002233474 -0.001617979349 -0.0001324524761)
(1.001379475 -0.001455574184 -0.0001053150792)
(1.000826881 -0.001131486706 -6.468064422e-05)
(1.000570075 -0.0008399970708 -3.876720023e-05)
(1.000439088 -0.0006115506323 -2.686125748e-05)
(1.000353189 -0.0004310126834 -1.952588323e-05)
(1.000299622 -0.000286810032 -1.406607619e-05)
(1.000277205 -0.0001846388021 -1.132480135e-05)
(1.00027017 -0.0001158615129 -1.051478421e-05)
(1.000267001 -7.226033305e-05 -1.059187718e-05)
(1.000264566 -4.330610282e-05 -1.100313205e-05)
(1.000263666 -2.629723448e-05 -1.162797239e-05)
(1.000263684 -1.652943448e-05 -1.207501154e-05)
(1.000263894 -1.244494963e-05 -1.268608682e-05)
(1.00026454 -1.28150814e-05 -1.295474112e-05)
(1.000263453 -1.512999926e-05 -1.318494939e-05)
(1.000274859 -1.853086699e-05 -1.309977704e-05)
(1.000003562 5.21231023e-05 6.921274077e-07)
(1.000019697 0.0001591116498 2.227603318e-06)
(1.000061209 0.0002824166956 4.685347881e-06)
(1.000138495 0.0004332037333 8.919619037e-06)
(1.000270674 0.0006179532486 1.601975964e-05)
(1.000486963 0.0008342567384 2.711963325e-05)
(1.000823385 0.001064068105 4.283344909e-05)
(1.001309941 0.001262672045 6.146452826e-05)
(1.001948514 0.00135703826 7.772544815e-05)
(1.002672442 0.001257514704 8.167133465e-05)
(1.003342168 0.0009060621198 6.44763018e-05)
(1.003754969 0.0003311631002 2.709331754e-05)
(1.003785314 -0.0002632753059 -1.367151528e-05)
(1.003460153 -0.0007995078616 -4.95593435e-05)
(1.002865042 -0.001165990989 -7.105635243e-05)
(1.002143598 -0.001298371102 -7.562282918e-05)
(1.001456475 -0.001202950755 -6.174921244e-05)
(1.000959195 -0.0009744281024 -3.877759891e-05)
(1.00067012 -0.0007457416342 -2.192651854e-05)
(1.000496508 -0.0005605787003 -1.30939002e-05)
(1.000377275 -0.000412321615 -7.299706234e-06)
(1.000295781 -0.0002891451039 -3.030347646e-06)
(1.000250976 -0.0001975104422 -5.272712957e-07)
(1.000226919 -0.0001293214685 1.613051348e-08)
(1.000213298 -8.172794737e-05 -1.371508469e-07)
(1.00020408 -4.413560916e-05 -4.567203446e-07)
(1.000199129 -1.789415677e-05 -7.799428626e-07)
(1.000196321 4.110319425e-06 -1.097987684e-06)
(1.000195285 1.808778553e-05 -1.361993373e-06)
(1.000194152 3.184414208e-05 -1.412436167e-06)
(1.000194497 3.912942341e-05 -1.272714894e-06)
(1.000187341 4.753512025e-05 -9.247358864e-07)
(1.00000498 4.481378497e-05 4.799065678e-07)
(1.000027591 0.0001364450861 1.534897092e-06)
(1.000083937 0.0002401364726 3.146189599e-06)
(1.000181809 0.0003636896636 5.801319888e-06)
(1.000334841 0.0005103679063 1.006296055e-05)
(1.000563253 0.0006758039912 1.644814076e-05)
(1.00088878 0.0008437052342 2.50974348e-05)
(1.001324042 0.0009797849192 3.496386166e-05)
(1.001858268 0.001032967448 4.318571748e-05)
(1.002432192 0.0009457821638 4.498583319e-05)
(1.002951691 0.0006793764092 3.599713062e-05)
(1.00327248 0.0002531143352 1.589848504e-05)
(1.003304884 -0.0001858049262 -6.474736486e-06)
(1.003063772 -0.000586759981 -2.659496609e-05)
(1.00260626 -0.0008642031566 -3.930518436e-05)
(1.002045469 -0.0009762922291 -4.274565693e-05)
(1.001482395 -0.0009282061553 -3.696405825e-05)
(1.001040866 -0.0007773714822 -2.609957592e-05)
(1.000743605 -0.0006086148635 -1.743436676e-05)
(1.000545892 -0.0004628758 -1.284981716e-05)
(1.000404189 -0.000340880138 -9.969490997e-06)
(1.000303079 -0.0002382519366 -7.773266007e-06)
(1.000238199 -0.0001590546146 -6.497436304e-06)
(1.000196788 -0.0001011829444 -5.905802518e-06)
(1.000168976 -6.083683646e-05 -5.59530569e-06)
(1.000149118 -3.238021458e-05 -5.381819269e-06)
(1.000135213 -1.296941308e-05 -5.271445232e-06)
(1.00012595 -7.996549787e-07 -5.236454209e-06)
(1.000118943 6.626694219e-06 -5.246821713e-06)
(1.000114253 9.744963361e-06 -5.249958144e-06)
(1.000110007 1.05526431e-05 -5.255060675e-06)
(1.000108283 9.284363838e-06 -5.288768431e-06)
(1.00000597 3.419088217e-05 3.323441856e-07)
(1.000033116 0.0001039030574 1.055490585e-06)
(1.000099726 0.0001816802578 2.112525677e-06)
(1.000211292 0.000272489062 3.777943899e-06)
(1.000376934 0.0003776735955 6.33799851e-06)
(1.000610207 0.0004928623127 1.001336459e-05)
(1.000923002 0.0006056482483 1.479015892e-05)
(1.001318258 0.0006921301318 2.001159799e-05)
(1.001776101 0.0007204261862 2.422388686e-05)
(1.002253282 0.0006528939056 2.498212765e-05)
(1.002667689 0.0004685321346 2.010252197e-05)
(1.002922577 0.0001748796197 9.17941729e-06)
(1.002953782 -0.0001230706811 -3.06077152e-06)
(1.002770422 -0.0003984880827 -1.442706232e-05)
(1.002408289 -0.0005912169537 -2.189636123e-05)
(1.001952656 -0.0006751270452 -2.431678188e-05)
(1.001480415 -0.0006542580294 -2.174783439e-05)
(1.001081606 -0.0005620278753 -1.609021464e-05)
(1.000785932 -0.0004501298783 -1.089588181e-05)
(1.000571214 -0.000348115119 -7.60076061e-06)
(1.000413632 -0.0002625158413 -5.350026142e-06)
(1.000295906 -0.0001895627041 -3.552076167e-06)
(1.000216909 -0.0001341829047 -2.427022491e-06)
(1.000161614 -9.220844668e-05 -1.81880125e-06)
(1.000125556 -6.376528872e-05 -1.511844592e-06)
(1.000098183 -4.144859533e-05 -1.351673645e-06)
(1.000081368 -2.691613475e-05 -1.315185156e-06)
(1.000068077 -1.474459277e-05 -1.351773179e-06)
(1.000060929 -7.884978317e-06 -1.406109683e-06)
(1.000053813 -1.141300174e-06 -1.464694341e-06)
(1.000050846 2.087319276e-06 -1.496270398e-06)
(1.00004399 5.829221998e-06 -1.470455003e-06)
(1.000006584 2.134954568e-05 2.408528726e-07)
(1.000036547 6.479639132e-05 7.602366483e-07)
(1.000109475 0.0001128077354 1.489429948e-06)
(1.000229195 0.0001680872322 2.589629218e-06)
(1.000401696 0.0002310550362 4.211011891e-06)
(1.000636185 0.0002986015123 6.444792737e-06)
(1.000938646 0.0003631858522 9.22734548e-06)
(1.001306613 0.0004106154979 1.21474054e-05)
(1.001716236 0.0004245198246 1.438948673e-05)
(1.002132029 0.0003828976279 1.469245304e-05)
(1.002489281 0.0002731102778 1.177500348e-05)
(1.002698603 0.0001028469507 5.422637013e-06)
(1.002722935 -6.6434549e-05 -1.502519152e-06)
(1.002576415 -0.0002287006766 -8.338078422e-06)
(1.002275038 -0.0003425840419 -1.300933914e-05)
(1.001883863 -0.0003942070152 -1.478484612e-05)
(1.001469966 -0.0003867836843 -1.379124351e-05)
(1.001101177 -0.0003375700727 -1.103057605e-05)
(1.000810212 -0.0002735094215 -8.263410164e-06)
(1.000588478 -0.0002127925794 -6.42049283e-06)
(1.000420988 -0.0001602271584 -5.216105497e-06)
(1.000295061 -0.0001150513855 -4.326523817e-06)
(1.000206895 -7.950779014e-05 -3.785838986e-06)
(1.000143545 -5.193642175e-05 -3.506416076e-06)
(1.000101008 -3.241936199e-05 -3.35703702e-06)
(1.000068647 -1.712405007e-05 -3.26123978e-06)
(1.000048049 -6.923382058e-06 -3.196579847e-06)
(1.000031245 1.258407833e-06 -3.139903631e-06)
(1.000021662 5.862379357e-06 -3.104682943e-06)
(1.000011922 9.434739178e-06 -3.063775453e-06)
(1.000007315 1.129739509e-05 -3.041373628e-06)
(0.9999988817 1.157133909e-05 -3.013230271e-06)
(1.000006875 7.251537062e-06 1.974291011e-07)
(1.000038175 2.199442869e-05 6.20715296e-07)
(1.000114083 3.820852726e-05 1.198911805e-06)
(1.000237571 5.674383904e-05 2.044656645e-06)
(1.000412994 7.768478277e-05 3.253738446e-06)
(1.0006476 9.988936847e-05 4.867189687e-06)
(1.000944052 0.0001209459537 6.818593818e-06)
(1.001299726 0.000135830914 8.783515823e-06)
(1.001682143 0.000140847779 1.027620878e-05)
(1.002084794 0.0001244741766 1.024628874e-05)
(1.002391813 9.448876791e-05 8.568533999e-06)
(1.002617073 2.233983988e-05 2.780298864e-06)
(1.002611879 -2.176534785e-05 -1.102529306e-06)
(1.002479042 -7.415217682e-05 -5.897427245e-06)
(1.002207406 -0.0001115529996 -9.348232139e-06)
(1.001847138 -0.0001288108382 -1.079881548e-05)
(1.001461851 -0.000127233188 -1.035993716e-05)
(1.001107107 -0.000112019149 -8.645160718e-06)
(1.000820345 -9.166087002e-05 -6.721342439e-06)
(1.000594662 -7.195980922e-05 -5.242241456e-06)
(1.000422707 -5.502601234e-05 -4.194505118e-06)
(1.000291933 -4.063014057e-05 -3.391692046e-06)
(1.000199207 -2.963621254e-05 -2.851025646e-06)
(1.000131062 -2.139254056e-05 -2.512864264e-06)
(1.000085351 -1.607379848e-05 -2.31808065e-06)
(1.000049981 -1.191950993e-05 -2.178143541e-06)
(1.000028042 -9.597860228e-06 -2.115177363e-06)
(1.000009734 -8.258577958e-06 -2.087305745e-06)
(0.9999996163 -7.627650477e-06 -2.079844884e-06)
(0.9999890564 -7.150296354e-06 -2.078553201e-06)
(0.9999844142 -6.969011303e-06 -2.091601456e-06)
(0.9999756681 -6.743422288e-06 -2.085018359e-06)
(1.018700023 -0.001303638453 -0.003014731409)
(1.0204318 -0.002477343629 -0.006543668344)
(1.020587569 -0.001868438904 -0.0008272548266)
(1.021315832 -0.004578957385 -0.008732146395)
(1.021980667 -0.001227191203 -0.004756563984)
(1.0227041 -0.0002690893669 -0.01430624781)
(1.022818993 0.0005962124911 -0.01100632449)
(1.017865657 0.003415333607 0.007728205356)
(1.020221451 -0.001282158506 0.007686914706)
(1.0195538 -0.0008081324689 0.01292611159)
(1.021805983 0.003625084107 0.003485278314)
(1.0210047 0.007184123059 0.008195340076)
(1.022468241 0.002129636181 -0.00185204305)
(1.021728396 0.00297753786 0.002133840991)
(1.020436906 0.002359070575 -0.0009799940032)
(1.018102067 0.00377207622 -0.006696463541)
(1.018558732 0.001606197558 -0.002281614661)
(1.023019182 0.0005745514517 -0.01500869264)
(1.023142414 -0.0003605209991 -0.01177741791)
(1.021712464 0.004595855935 -0.008612529821)
(1.022351875 0.001197960427 -0.004688906622)
(1.019421266 0.001119411391 0.01290905296)
(1.018365069 -0.001035398701 0.004386124416)
(1.017742631 -0.002970927936 0.008545199703)
(1.022816865 -0.001867664338 -0.0026864108)
(1.022116601 -0.00269301333 0.00121518959)
(1.022162118 -0.003701207435 0.003511754174)
(1.021316428 -0.007316158147 0.008220748284)
(1.015689379 -0.004787468972 -0.004416957951)
(1.019379943 -0.01001411406 -0.006610482958)
(1.019676464 -0.005079052678 -0.003964623218)
(1.016227195 -0.011594016 -0.003443118898)
(1.016799005 -0.007166717905 -0.00253471842)
(1.015687436 -0.05877073344 -0.005636425485)
(1.016837051 -0.04506116656 -0.0005446785271)
(1.014978046 0.004368550362 -0.0009745373988)
(1.019308619 0.004204774234 0.002615124269)
(1.018284995 0.00987280028 0.005696439653)
(1.016691918 -0.001006852476 -0.001436964801)
(1.015973757 0.003565000711 -0.0006860844878)
(1.017357369 -0.03847342343 0.003994351836)
(1.01341183 -0.02710115187 0.008627133926)
(1.011578899 -0.03348662596 -0.02702338881)
(1.01736753 -0.0006232716834 -0.05019723521)
(1.016881749 -0.004225991835 -0.03493662812)
(0.9934486165 -0.1427522548 -0.02564032258)
(0.9880304333 -0.1147710862 -0.02342214401)
(1.017572427 -0.02192674065 -0.01564571339)
(1.018047924 -0.004027850457 -0.0244898736)
(1.01904065 -0.004594023881 -0.01101291722)
(0.9843099831 -0.1201525902 -0.02038775879)
(1.019877443 -0.01312624873 -0.002725110615)
(1.019683337 -0.003983266081 -0.000560271014)
(1.020122833 -0.003359970711 0.008462507992)
(1.019265974 -0.005047294633 0.01034025312)
(1.02054616 -0.002746326518 0.018916642)
(1.019286767 -0.002326066795 0.02796837079)
(1.015947379 0.007698710273 0.02217942)
(1.019384339 -0.001872702245 0.03798845811)
(1.017443393 -0.0009436591877 0.04747563237)
(1.000916116 0.05105419925 0.05831637992)
(1.002337255 0.02528804953 0.02307173447)
(1.015853294 0.0005337129689 0.06114416076)
(1.00916786 0.005199839582 0.0725549489)
(0.9823822564 0.05478733393 0.04921176873)
(0.976258424 0.05395490136 0.03862834613)
(1.015285047 -0.0002722150013 -0.03705442913)
(1.001502035 0.04005179355 -0.02941642553)
(1.012359384 0.02994645791 -0.02699349517)
(0.9988625662 0.1285052823 -0.02865055737)
(1.00057303 0.105306125 -0.02434296955)
(1.017222942 -0.00132522363 -0.01238834339)
(1.015866957 0.02788012678 -0.02649569308)
(1.019445606 0.01895384596 -0.01637550149)
(1.004884933 0.1051113331 -0.0227394771)
(1.018376135 -0.002996693724 0.006882962739)
(1.021182984 0.01561539224 -0.01011841617)
(1.021885354 0.01037261418 -0.002761768147)
(1.017615482 -0.004140476803 0.02648500387)
(1.023077894 0.006996110575 0.003923448659)
(1.021441969 0.001912880438 0.01008574133)
(1.016308849 -0.005239164392 0.04594405939)
(1.021555224 -0.001398777315 0.01644137406)
(1.017973949 -0.01056125433 0.02288402249)
(1.000910078 -0.0703168038 0.04696779997)
(1.009644815 -0.009144965306 0.07176748036)
(1.013768516 -0.01711275598 0.02700677202)
(1.003851081 -0.02785661809 0.02344940106)
(0.9755091156 -0.0689167464 0.04753344576)
(0.977615721 -0.06426452332 0.04261804829)
(1.020210392 0.003377192729 -0.003918598296)
(1.015106817 0.007595186657 -0.005421742296)
(1.015601728 0.003698622984 -0.003921232858)
(1.018362725 0.04927925238 -0.003298259123)
(1.019661041 0.03729715347 0.001477762447)
(1.016300468 0.01015918905 -0.004654486092)
(1.01687255 0.005739360866 -0.003712343858)
(1.018866896 -0.01160546634 0.005786477302)
(1.015537551 -0.001633979953 -0.001809999541)
(1.01487741 -0.005447475033 -0.0003860957353)
(1.020120628 0.03025196569 0.006185708711)
(1.016492169 0.01968574691 0.01093986619)
(1.016778976 -0.0003824132167 -0.002608159749)
(1.016055812 -0.004961897795 -0.001839219039)
(1.016870452 -0.005743813451 0.003746785733)
(1.018623474 -0.04932119691 0.003422821853)
(1.019884262 -0.03731806319 -0.001396412112)
(1.015086979 -0.00766836394 0.005374868085)
(1.015580485 -0.003780550944 0.00386888138)
(1.019718785 -0.008282718777 0.006535483326)
(1.020154676 -0.003474894525 0.003801771144)
(1.016048039 0.004946616472 0.001854837179)
(1.020336963 -0.03026568119 -0.006115051563)
(1.016696213 -0.01968296183 -0.0109375302)
(1.015512476 0.001542474145 0.001746929131)
(1.014847342 0.005341659048 0.0003112643977)
(1.019802226 0.00576896766 -0.002767024052)
(1.018790783 0.0114991683 -0.005948171107)
(1.001404814 -0.1045060757 0.0244349633)
(1.001298123 -0.04041158515 0.02988913017)
(1.012332699 -0.03039128038 0.02725082942)
(1.015446453 -0.001722247316 0.05531538154)
(1.019430367 -0.0007711632972 0.03648543087)
(1.015886339 -0.02833020564 0.02674494672)
(1.019536482 -0.01945524417 0.01665157106)
(1.021514459 -0.0001713689396 0.02515318967)
(1.023167922 -0.0001901830839 0.01145551565)
(1.021286598 -0.01611283986 0.01038291261)
(1.02200838 -0.01092755481 0.002966584117)
(1.023251907 0.0004281753569 0.001072444202)
(1.023985982 0.001276790716 -0.007902525267)
(1.023198137 -0.007543465156 -0.003679136799)
(1.021551415 -0.002505971028 -0.009925260155)
(1.023851158 0.001873303779 -0.0185920393)
(1.022629633 0.002496526434 -0.02755758619)
(1.001025583 0.07038606604 -0.04690628669)
(1.021590337 0.0008036802629 -0.01622763822)
(1.018043125 0.00996542781 -0.02280607108)
(1.022487322 0.002952332982 -0.03745262686)
(1.020505375 0.003767275194 -0.04704285917)
(0.9775781905 0.06428479031 -0.04298454122)
(1.013792299 0.01650184032 -0.02691797925)
(1.003591146 0.02710946469 -0.02348315084)
(1.019138056 0.005109802978 -0.06026613549)
(1.012585124 0.007791511256 -0.07229935012)
(0.9945255617 0.1403949057 0.02712906712)
(0.9885633574 0.1133506063 0.02433523118)
(1.018234767 -0.0003036125906 0.04921685649)
(1.019111949 0.003956072002 0.03365471472)
(1.001455986 0.04457032061 0.02923929675)
(1.011641648 0.03408581013 0.02691103975)
(0.9857843797 0.1190511371 0.02146600893)
(1.02064446 0.003893069339 0.02295848184)
(1.022037013 0.004795545436 0.009584063385)
(1.014189397 0.03173008685 0.02713125061)
(1.017765058 0.02248814413 0.01558023089)
(1.022353718 0.004250534807 -0.0009072589662)
(1.022953647 0.003660574914 -0.009840697527)
(1.019473685 0.0191036882 0.009537680406)
(1.020102126 0.01385076502 0.002704588581)
(1.02311014 0.003099608088 -0.02037609985)
(1.021918241 0.002662075869 -0.02925911991)
(1.02119852 0.01059349253 -0.004416595031)
(1.019476708 0.005774130346 -0.01039914708)
(1.001714708 -0.05154745779 -0.05799247047)
(1.021803498 0.002240344855 -0.03921230352)
(1.019641399 0.001269995314 -0.04857836308)
(1.019247326 0.00237046972 -0.01733134868)
(1.016081592 -0.006971844017 -0.02232015536)
(0.9831578892 -0.05528848813 -0.0489954384)
(0.9771263762 -0.05442835616 -0.03890438483)
(1.017962767 -0.0002069470405 -0.06201831106)
(1.010903576 -0.004650552647 -0.07301567525)
(1.01236074 -0.01392314642 -0.02663787455)
(1.002312388 -0.02433968306 -0.02341250215)
(1.017358113 0.04454492031 0.000943601862)
(1.016241104 0.01146685437 0.00339136874)
(1.016815127 0.007046923938 0.00247857289)
(1.019260423 0.009884257975 0.006428903206)
(1.019681523 0.004955550597 0.003779432819)
(1.015181356 0.008675468427 0.005689749376)
(1.015684898 0.004819452389 0.004233877213)
(1.013934815 0.02674135008 -0.008315040358)
(1.016704692 0.0008924243073 0.001368937234)
(1.015985951 -0.003671218409 0.0006035187665)
(1.019336047 -0.004324484323 -0.002826783506)
(1.018301865 -0.009988180991 -0.005919474741)
(1.015604956 -0.0005072027731 0.002149851264)
(1.014967575 -0.004299403327 0.0007500328008)
(1.022422158 -0.001158189856 0.00471529395)
(1.023852651 -0.0002540652927 0.0158886854)
(1.024050502 0.0005945140971 0.01264668152)
(1.018074561 -0.003914046299 0.00673994426)
(1.018522901 -0.001799564473 0.00232564368)
(1.020136555 -0.003197060783 0.006520829421)
(1.020306972 -0.002546927029 0.0006502741552)
(1.021546948 0.00736493963 -0.008187308743)
(1.023776291 0.002084361174 0.003547875196)
(1.02322682 0.002919341614 -0.0003768065191)
(1.018309728 0.0007944727994 -0.004370905119)
(1.017668864 0.002686542015 -0.008506616589)
(1.019947019 -0.001931831047 -0.008041233798)
(1.019275291 -0.001419270744 -0.01332601134)
(1.023364975 -0.0007824143552 0.01220717114)
(1.021339816 0.004715685664 0.008702288211)
(1.022037576 0.00134272589 0.004741353009)
(1.020345405 0.002657919921 0.006416129894)
(1.020512866 0.002072658758 0.00062199906)
(1.018235503 0.003881738889 0.007227123304)
(1.018674122 0.001707479465 0.00289404337)
(1.022278286 -0.003190501257 -0.0009942288429)
(1.021909071 -0.003530602237 -0.003479253044)
(1.02114297 -0.007095563525 -0.008180119742)
(1.020148509 0.001539941165 -0.007984759187)
(1.019478801 0.001106504522 -0.01324369762)
(1.018448334 -0.0009539808283 -0.003743670839)
(1.017814911 -0.002903436468 -0.007849657001)
(1.010685722 -0.01179737008 -0.01893121828)
(1.006836846 -0.008133557126 -0.03535967441)
(1.014134639 -0.006501401695 -0.02624762152)
(1.007888581 -0.02200792711 -0.03184836573)
(1.012678832 -0.01825136377 -0.02858097751)
(1.012998961 -0.009629394965 -0.04307769612)
(1.017026961 -0.00761588025 -0.03709054184)
(1.016919648 -0.006452189593 -0.0126332157)
(1.017572662 -0.004801546778 -0.02038311144)
(1.019573613 -0.003631436159 -0.01415701866)
(1.016815379 -0.0130670689 -0.02073241495)
(1.019529115 -0.009520333205 -0.01642371539)
(1.020246035 -0.003981941537 -0.02640817124)
(1.022049273 -0.002475534182 -0.0226052898)
(1.014422809 0.008182678743 0.01815672532)
(1.017960572 -9.0343709e-05 0.02203651821)
(1.016340848 0.0006072668739 0.02649427292)
(1.01964038 0.01191872265 0.01560079503)
(1.01742482 0.01654387553 0.02177441965)
(1.020519967 0.004411306764 0.01139718755)
(1.018829099 0.005565497817 0.01748046909)
(1.005767554 0.01263466851 0.02455766908)
(1.012449603 0.001485401246 0.03565571626)
(1.008405499 0.002672016595 0.0384019681)
(1.012800371 0.02155380656 0.02764398699)
(1.006367783 0.02696757609 0.03103138761)
(1.015623977 0.007220222905 0.02658511924)
(1.010254049 0.009756778756 0.0351246676)
(1.013922578 0.007163549264 -0.0268527404)
(1.00414985 0.01442438271 -0.02364320758)
(1.010662963 0.01185764495 -0.01886333033)
(1.011990531 0.01035796862 -0.04207306473)
(1.016821568 0.007804443419 -0.03686313104)
(1.007216289 0.02198594656 -0.03059492619)
(1.01279338 0.01837006855 -0.02791441967)
(1.019415468 0.004276299928 -0.01450926397)
(1.014258196 0.009235901237 -0.01614485808)
(1.016777463 0.006609704592 -0.01204941173)
(1.020443714 0.004226422528 -0.02671942894)
(1.022227974 0.002633855583 -0.0231736046)
(1.0173268 0.01310759151 -0.02023040454)
(1.019881196 0.00957440874 -0.01617971955)
(1.016212625 -0.0003758942584 0.02654662813)
(1.016096986 -0.005651124705 0.01564281383)
(1.014405108 -0.007585648693 0.01901710332)
(1.021011851 -0.004064400917 0.01039654191)
(1.019393171 -0.005075063427 0.01653497012)
(1.019942053 -0.01198704145 0.01553463297)
(1.017458601 -0.01660244645 0.02216568507)
(1.008503954 -0.0022473264 0.03842017837)
(1.010017957 -0.01032061833 0.02538823324)
(1.006000004 -0.01195085472 0.02537054401)
(1.016058841 -0.006695828688 0.02559982607)
(1.010960432 -0.008856952677 0.03433672104)
(1.013042353 -0.02147410791 0.02778192873)
(1.006940371 -0.02728791123 0.03124067403)
(1.007698266 -0.02005014402 -0.007938996641)
(1.004345974 -0.03176835076 -0.01897250636)
(1.00995175 -0.02942043016 -0.01879633762)
(1.002560261 -0.02458391316 -0.004292600589)
(1.00774094 -0.02224163742 -0.004639181936)
(1.000515082 -0.04804877259 -0.01127563244)
(1.011053389 -0.0468543054 -0.01776380669)
(1.013713832 -0.01380212862 -0.007755440625)
(1.014571625 -0.0227589873 -0.01432261958)
(1.017287706 -0.01860536874 -0.01199261798)
(1.011413274 -0.0200928596 -0.004871226559)
(1.014583011 -0.01671415679 -0.004379658148)
(1.012730954 -0.08322577079 -0.01624991632)
(1.014411668 -0.06642576641 -0.009261724634)
(1.011617935 0.01228437492 0.002020658456)
(1.016554125 0.01801881179 0.01121296744)
(1.01370849 0.02531219621 0.01469168257)
(1.014517813 0.009171357312 0.0003919723901)
(1.012322765 0.01394145701 0.0009765277429)
(1.012986246 -0.02188876177 0.01150283149)
(1.013080213 0.01454216516 0.01611656521)
(1.004668281 0.01633781411 0.002583360708)
(1.009953492 0.03016454247 0.01605718252)
(1.00479725 0.0331679515 0.01682149245)
(1.008449846 0.01815477247 0.001349423789)
(1.004771272 0.02005125408 0.001126842253)
(1.00831534 0.02168001779 0.01464806421)
(1.001814381 0.02497093359 0.008674079815)
(0.9914446675 -0.04505647171 -0.02864897751)
(0.9623570367 -0.01522630041 -0.06560019037)
(1.012101946 -0.001366877786 -0.05541279041)
(0.9701369746 -0.04623022901 -0.00601800145)
(0.984250206 -0.1498824881 -0.02445309775)
(0.7224866559 -0.1215653329 -0.07074177434)
(0.9989586719 -0.02242619825 -0.03897196071)
(1.016821686 -0.02576061478 -0.01664178879)
(1.014917799 -0.01880792839 -0.03204931335)
(1.014607674 -0.03932118316 -0.03326011733)
(1.014244363 -0.01571027839 -0.02080861072)
(1.014397437 -0.03411047192 -0.0167776262)
(1.001155462 -0.02485529736 -0.04592191723)
(0.9960313654 -0.008598299415 -0.02352425173)
(1.019204486 -0.01592194455 -0.005107194871)
(1.016207048 -0.01033088638 -0.005863602171)
(1.017762657 -0.02115902849 -0.009842033865)
(1.014602813 -0.009370342405 0.001117947902)
(1.014862968 -0.0169961656 -0.0009969304634)
(1.001182772 -0.01139150905 -0.02819848209)
(0.9950508107 -0.0008925151986 -0.008130613732)
(1.019991085 -0.008084246549 0.008011525914)
(1.016761797 -0.006523801232 0.01500037199)
(1.018519814 -0.006741370264 0.01497654686)
(1.014692177 -0.005965952884 0.0211993527)
(1.014747067 -0.003185893847 0.02279842546)
(1.000715868 -0.002847676802 -0.01281817801)
(0.9924384771 0.008308565032 0.00860919764)
(1.017100216 0.0008952858484 0.01989689628)
(1.015228409 -0.003550283435 0.0337278313)
(1.015596764 0.007431204133 0.0374264199)
(1.012634193 -0.001844308191 0.04170360131)
(1.009889028 0.01150146621 0.04346615486)
(0.9983884577 0.005178117124 0.003124997209)
(0.9772596059 0.02907234254 0.03078582708)
(1.004399101 0.009012896852 0.08488407575)
(0.9661490682 0.02103550402 0.06346672715)
(0.9804131036 0.07115730252 0.03411096539)
(0.9699575804 0.02776417238 0.02292554086)
(0.7689736338 0.1211494934 0.07384962597)
(1.00890586 0.007769251326 -0.06113910515)
(0.981898195 0.03747745102 -0.02781178414)
(0.9926595809 0.04025993712 -0.02973957187)
(0.7037714143 0.1039494964 -0.05655377614)
(0.9720492693 0.04347390421 -0.006761944665)
(0.9924783989 0.1324533661 -0.03008489037)
(1.002771799 0.01816473203 -0.07312074932)
(1.013563895 0.0008181469774 -0.04251193234)
(1.005930473 0.01873395114 -0.07186092162)
(0.9990514669 0.005006535075 -0.06259976354)
(1.010965753 0.01343605946 -0.05828037823)
(0.9978404435 0.006788285425 -0.05742438112)
(0.9963607396 0.02458235107 -0.08097761571)
(1.001754072 0.001638292514 -0.04745650568)
(1.014606517 -0.0009166299463 -0.01651087426)
(1.014487468 0.003421658252 -0.037060208)
(1.003132241 0.01261102781 -0.04274183566)
(1.012160146 0.002054304762 -0.02622164817)
(0.9972754115 0.01439744029 -0.03649125241)
(1.008107897 0.0009681987902 -0.05465120099)
(1.000038769 -0.0009797051658 -0.02743168967)
(1.016251056 -0.002536759908 0.004445251784)
(1.014909702 -0.001273850141 -0.01236187761)
(1.002621094 0.01433526747 -0.02299617237)
(1.012629554 -0.002108094996 -0.005749616532)
(0.9973669035 0.01414362969 -0.01780016604)
(1.005445086 -0.000776238079 -0.03256728054)
(0.9993514563 -0.003554672847 -0.009398400324)
(1.016745326 -0.003841590181 0.02374830153)
(1.015369224 -0.005148617143 0.006856468872)
(1.002988804 0.01316386523 -0.004846443549)
(1.012661956 -0.006207140634 0.01330147938)
(0.997083791 0.01296466083 0.0007278011385)
(1.00538344 -0.003099213737 -0.01540097298)
(0.9977092257 -0.00616582478 0.008167079269)
(1.015493596 -0.005083426257 0.04319097266)
(1.013927959 -0.009069272305 0.02580874892)
(1.001757515 0.01216128403 0.01266833719)
(1.011396852 -0.01059058817 0.03293157501)
(0.9960122931 0.0116237489 0.02010307468)
(1.003438649 -0.005512986197 0.001927064649)
(0.9927864747 -0.01404321153 0.02839498621)
(1.010965801 -0.007875867398 0.06472685209)
(1.010788384 -0.01274257973 0.04954848668)
(1.000029148 0.009394424589 0.0369196405)
(1.006244492 -0.01517703332 0.05378346708)
(0.9925300318 0.007457452664 0.04323017069)
(0.9993512571 -0.007888677351 0.02302493591)
(0.9686756991 -0.006955788564 0.06275169169)
(0.9944190804 -0.0383493747 0.04702688237)
(0.9794610292 -0.04115476416 0.03249457993)
(0.7678001016 -0.1717054142 0.09775448082)
(0.9849087379 -0.08371765756 0.03386658667)
(0.9747269997 -0.0250108549 0.01312007174)
(1.010197934 0.02768346468 -0.01888195891)
(1.003283813 0.02093054044 -0.00661110224)
(1.007688965 0.0195436113 -0.007724981155)
(1.001543824 0.04385678927 -0.01379495099)
(1.013007143 0.04545786547 -0.02083790181)
(1.002655028 0.02377081253 -0.005049065513)
(1.007733657 0.02151217497 -0.005444666007)
(1.01811915 0.01672585776 -0.01206557563)
(1.011194484 0.01632090671 -0.008159312169)
(1.013677729 0.01287447394 -0.007363531112)
(1.015976951 0.07039136079 -0.01750110862)
(1.017008041 0.05672494807 -0.007094902208)
(1.011564457 0.01886717753 -0.006009155791)
(1.014674179 0.01533506557 -0.005632897058)
(1.014011153 -0.02766178745 0.01516258311)
(1.013566436 -0.009965175836 0.001320801645)
(1.011586052 -0.01346984188 0.002521832957)
(1.016112662 0.01416292111 0.01351002063)
(1.017432462 -0.02731907921 0.01378293412)
(1.01462284 -0.01053362444 -0.0009630894383)
(1.012414525 -0.01526127287 -0.0003493610659)
(1.005378425 -0.0347575115 0.01687254189)
(1.008468232 -0.01626502649 0.0035721157)
(1.004655095 -0.01729486035 0.003104595739)
(1.011817662 -0.02866965665 0.01179215293)
(1.005454425 -0.02919394928 0.004805894928)
(1.008479601 -0.01933498539 7.557547357e-05)
(1.004810779 -0.02117498161 -0.0001351172677)
(1.007734947 -0.02151977114 0.0054973228)
(1.001535615 -0.04384800958 0.01405632594)
(1.013045117 -0.04524280359 0.02106243761)
(1.003241048 -0.02100125029 0.006653383388)
(1.007662309 -0.01962630065 0.007733873224)
(1.004065835 -0.02986054856 0.01872474018)
(1.010118549 -0.02771628421 0.01884513893)
(1.014675963 -0.01533364913 0.005674687068)
(1.016325476 -0.07032287061 0.01767463477)
(1.01729223 -0.05674574738 0.007219657523)
(1.011176244 -0.01639720059 0.008146562274)
(1.013657923 -0.01295116697 0.007332699479)
(1.015351169 -0.02065550252 0.01404270915)
(1.018077195 -0.01681424867 0.01197200525)
(1.012391695 0.01522470494 0.0003199348858)
(1.016307568 -0.01417558757 -0.01352208307)
(1.017533194 0.02736015832 -0.01394171193)
(1.013529502 0.009839568476 -0.001413810097)
(1.011539945 0.01332861745 -0.002631466334)
(1.017254338 0.01927411409 -0.01126383172)
(1.013903926 0.02752255927 -0.01538109241)
(1.004751056 0.02107922826 3.366479791e-06)
(1.011906883 0.02864711027 -0.01200268165)
(1.005473792 0.02911017963 -0.005294620479)
(1.008405 0.01610933815 -0.003704973626)
(1.004559587 0.01708033179 -0.00327212385)
(1.010242416 0.03170348333 -0.01639103329)
(1.005183186 0.03451255377 -0.01715237492)
(0.9932961744 -0.1312332346 0.03083960923)
(0.8031029785 -0.05439663832 0.06053784214)
(0.9820523347 -0.03735270011 0.0281659339)
(0.9926284919 -0.04046907242 0.03017469857)
(0.9643374233 -0.01498852659 0.06014116256)
(1.00905257 -0.007013961131 0.0605698706)
(0.9991951712 -0.05362554965 0.07568486289)
(0.9994959512 -0.1155746496 0.02520563287)
(1.007292959 -0.06335346289 0.03630547781)
(1.009591522 -0.04722943374 0.03303902464)
(1.000900388 -0.06779446456 0.09857040664)
(1.015348256 -0.04778208501 0.03877595643)
(1.010348818 -0.04066471989 0.02751056336)
(1.006581596 -0.03944806683 0.06051121212)
(1.017602862 -0.0355367722 0.02458344389)
(1.010048946 -0.02921167539 0.01923629226)
(1.017824336 -0.01510593462 0.006481150375)
(1.008758486 -0.008447550263 0.0006695771483)
(1.013205378 0.006685024693 -0.0111241042)
(0.9999696997 0.01562771856 -0.01760722454)
(0.9861199359 0.04504485944 -0.06049352042)
(0.9710841824 0.06705235424 -0.04611168439)
(1.007769241 0.04593723139 -0.04339102778)
(1.000674091 0.05559976279 -0.03162175353)
(0.9973149589 0.03972700874 -0.06121278113)
(0.9743281711 0.02279339613 -0.01495140979)
(0.8075750436 0.110551093 -0.07693197782)
(0.9942349882 0.03759181558 -0.04710498797)
(0.9790909216 0.03924399669 -0.03226408398)
(1.007467158 0.009466919795 -0.08508443042)
(0.9671912142 0.005294382839 -0.05480383782)
(0.9709603832 0.04422577141 0.006602063846)
(0.9855837496 0.1472885438 0.02647543381)
(0.964390948 0.01480306478 0.05938197863)
(1.011272653 -0.0007165243605 0.05445301526)
(0.9810380316 0.04134453499 0.02815011544)
(0.9916243483 0.04536995789 0.02904423586)
(0.9422417918 0.02937613561 0.1004687182)
(0.8164792655 -0.08211075448 -0.05837350857)
(0.9812266265 -0.071500585 -0.03457352685)
(0.9701835577 -0.02811047202 -0.02475701612)
(1.005176877 -0.008409508957 -0.08452885218)
(0.9648357881 -0.01767935714 -0.05685020323)
(0.9902362216 -0.03358368166 -0.04560919266)
(0.9772163881 -0.02793963363 -0.03160054851)
(1.011168246 0.04608734128 0.01803736363)
(1.002570795 0.02442501415 0.004293220052)
(1.007747518 0.02210664119 0.004618055397)
(1.004192666 0.03155590821 0.01877762602)
(1.0098999 0.02925170595 0.01856264478)
(1.003240229 0.02144555331 0.006642429815)
(1.007678355 0.02006634229 0.007827339501)
(1.014926479 0.065694361 0.009705670744)
(1.011424942 0.01994671182 0.004837322427)
(1.014593624 0.01658195298 0.004335964266)
(1.014584109 0.02263187457 0.01413474979)
(1.017362383 0.01848188001 0.01182060467)
(1.011124575 0.01712621688 0.008344676444)
(1.013706508 0.01382339367 0.007593117851)
(1.019494229 0.01003896934 0.008064115716)
(1.012029526 0.0523137036 0.003253666677)
(1.017991371 0.02406027948 0.006494255004)
(1.020257177 0.0180942937 0.0006996558806)
(1.017789728 0.01816381306 0.006442388256)
(1.017763922 0.009437041889 -0.003130193065)
(1.019035625 0.01490358259 0.007712032937)
(1.01983223 -0.00518817132 0.007159883374)
(1.011720479 0.03278486131 -0.0069725367)
(1.019180639 0.005129587051 0.004871350383)
(1.020912859 -0.009293544654 -0.01271181835)
(1.017628842 0.0001815639809 0.004646766357)
(1.017381474 -0.01753544583 -0.01688143338)
(1.020537534 -0.0005633352434 0.006814305281)
(1.013560938 -0.01495214826 -0.01606993973)
(1.014532601 -0.009272474408 -0.0005051153608)
(1.012331183 -0.01402452688 -0.001087439762)
(1.016596286 -0.01811661965 -0.01146754732)
(1.013725273 -0.02540338205 -0.01497401392)
(1.013620788 -0.008865683374 -0.0009043332461)
(1.011607185 -0.01217740228 -0.00228924683)
(1.002280602 -0.02545265912 -0.00897776195)
(1.00845365 -0.01822274606 -0.001531811829)
(1.00478526 -0.02012593076 -0.001364561963)
(1.009970109 -0.03018042424 -0.01636858983)
(1.004798887 -0.03319943926 -0.01720101802)
(1.008504655 -0.01520120853 -0.003198535787)
(1.004652113 -0.01617130293 -0.002907886532)
(1.012798144 -0.0184584235 0.02785291896)
(1.012051466 -0.01026718637 0.04245641139)
(1.017364142 -0.007734648452 0.03748223804)
(1.004005293 -0.01435183216 0.02381691832)
(1.010590362 -0.01186199067 0.0189893036)
(1.006396469 -0.008754499048 0.03548635075)
(1.01375205 -0.007155848404 0.0269365282)
(1.020024646 -0.009599284 0.016167441)
(1.021355458 -0.004061006926 0.02737906247)
(1.022802782 -0.002499568073 0.0239630739)
(1.014212567 -0.009274038954 0.01623391297)
(1.016742957 -0.006699478272 0.01211586607)
(1.017299156 -0.005586868623 0.02079034863)
(1.01927662 -0.004359607948 0.01435469464)
(1.017504441 0.01660576256 -0.0221461258)
(1.021949363 0.004302069038 -0.009556225804)
(1.020105361 0.00530311885 -0.01574036291)
(1.016003687 0.005323551695 -0.01559358787)
(1.014290777 0.007234455255 -0.01895935982)
(1.017681893 -0.0006928362498 -0.02250387576)
(1.016025957 7.199959027e-06 -0.02697106744)
(1.006735694 0.02709671841 -0.03119377178)
(1.016580239 0.006901789852 -0.02480699344)
(1.011120516 0.009020720465 -0.03355672673)
(1.009834836 0.009917583164 -0.02533994044)
(1.005753798 0.01148969774 -0.02527706847)
(1.012072916 0.000850391907 -0.03605978241)
(1.008128937 0.001819614996 -0.03871120855)
(1.017473374 0.007476467042 0.03802093857)
(1.007665106 0.02238288007 0.03153834825)
(1.012653229 0.01857640231 0.02834487497)
(1.006548289 0.00818751553 0.03566428569)
(1.013974285 0.006595762846 0.02653103092)
(1.004196777 0.01454706118 0.02391775135)
(1.010620173 0.01195930563 0.01892921938)
(1.022569203 0.002306117521 0.02379451045)
(1.016871321 0.01330849101 0.02061737292)
(1.019624629 0.009705165561 0.01635904894)
(1.017473042 0.004898917297 0.02049440215)
(1.01947501 0.003759475352 0.01413323862)
(1.014232375 0.009332563876 0.01654807438)
(1.016881308 0.00672029369 0.01254703554)
(1.019462063 -0.005724644475 -0.01644566293)
(1.019689975 -0.01181350204 -0.01559987669)
(1.017442494 -0.01639961471 -0.02179781291)
(1.017872771 0.0004834756541 -0.02240643376)
(1.016203813 -0.0001932611578 -0.02684339719)
(1.016101079 -0.005609290864 -0.01497043471)
(1.014348124 -0.007580904005 -0.0182621719)
(1.010302788 -0.009721469218 -0.03416345218)
(1.012769728 -0.02129314582 -0.02767134127)
(1.006287373 -0.02667765845 -0.0310736412)
(1.012236742 -0.001037517574 -0.03594669597)
(1.008124193 -0.002099206646 -0.03861764317)
(1.009836897 -0.01030979847 -0.0247703092)
(1.0056263 -0.01189303207 -0.02465741861)
(1.019391574 -0.01026660158 -0.008344828283)
(1.019702949 -0.0186398081 -0.0005246012386)
(1.01786535 -0.02477731917 -0.006539751324)
(1.011488029 -0.05291441067 -0.002833191124)
(1.018944389 -0.01513564469 -0.007986590763)
(1.017176331 -0.01004200471 0.003356169476)
(1.017644871 -0.01878213511 -0.006485034024)
(1.019307635 -0.008073647689 -0.008731185443)
(1.020495661 -0.004269851274 0.006185982452)
(1.018643895 -0.01407695747 -0.00617339426)
(1.011145453 -0.04877665027 -0.001265668528)
(1.020007207 -0.00552688398 -0.008177489048)
(1.016475434 -0.005882726276 0.005115134706)
(1.017558034 -0.01619701551 -0.006539741169)
(1.019732605 0.004951669136 -0.007428833315)
(1.020318141 0.008643060122 0.01300755464)
(1.019020046 -0.006073916306 -0.004913085532)
(1.011187455 -0.03322834595 0.007354480661)
(1.020416473 0.0003386665728 -0.007077775619)
(1.016753342 0.01683389977 0.01715789979)
(1.01740422 -0.0008868524396 -0.004664162306)
(1.018928586 0.007044030989 -0.007560421915)
(1.01761081 0.02305597079 0.0198449617)
(1.016455056 0.002318589527 -0.004497638598)
(1.009481845 -0.02998418094 0.008601166331)
(1.018695032 0.009308530862 -0.007224069827)
(1.015116456 0.02098147652 0.01987950388)
(1.016288938 0.00110586951 -0.00473190566)
(0.9864312551 -0.0324660513 -0.06611584338)
(1.005591055 -0.01881590117 -0.07654346222)
(1.015656796 -0.002965705612 -0.03944028516)
(0.9990643882 -0.01431911225 -0.05544718346)
(1.008568995 -0.01593424055 -0.06180886654)
(0.9817625122 -0.03788022898 -0.074708535)
(0.9968425604 -0.01664273589 -0.0507552039)
(0.9806249572 -0.0236481713 -0.06161270132)
(1.007645876 -0.01124886347 -0.05148882562)
(1.014233236 -0.003981127854 -0.03591941242)
(1.000233067 -0.01980407625 -0.04760772856)
(1.006510173 -0.0135650997 -0.05471658324)
(0.9867504455 -0.01991689504 -0.05942550976)
(0.9932499104 -0.0189022834 -0.04730748317)
(0.9754230083 -0.0599762898 -0.07646351909)
(1.004352619 -0.06200113388 -0.03705632133)
(0.9939029116 -0.1290482592 -0.02376600111)
(1.005180739 -0.04752648587 -0.032168845)
(0.9820467405 -0.07501976294 -0.1018978614)
(0.9653047675 -0.05651245553 -0.07294781303)
(1.004322262 -0.03746904145 -0.02951089283)
(0.9885151395 -0.1166851218 -0.0224444806)
(1.001256591 -0.04267941682 -0.02834310719)
(0.9778599747 -0.05364333936 -0.07175946519)
(0.9385644204 -0.03049349002 -0.100287844)
(0.9954498682 -0.01793539204 -0.03552130613)
(1.016532476 -0.02445761442 -0.01642954469)
(1.015187256 -0.01332423969 -0.01534273039)
(1.015295258 -0.02698749912 -0.02187202774)
(1.013469479 -0.01490845972 -0.01756124136)
(1.011352446 -0.03085283584 -0.01860357791)
(1.000409011 -0.01546725147 -0.0337631526)
(0.9832373201 -0.01418893675 -0.04264955933)
(1.008963817 -0.007853505257 -0.04014891371)
(1.015953021 -0.004518032926 -0.01498137615)
(1.002323072 -0.02064684871 -0.0391023999)
(1.005888391 -0.007106124803 -0.02868829018)
(0.9899977123 -0.01413695526 -0.04973816746)
(0.996487793 -0.02192234498 -0.03326058427)
(0.9814399014 -0.01374154859 -0.03834597867)
(1.007261682 -0.006271639406 -0.02446692273)
(1.015924701 -0.004740766523 -0.01357625627)
(1.00215318 -0.02170052064 -0.02841824352)
(1.00523043 -0.007085588728 -0.02703157517)
(0.9869472468 -0.01288230924 -0.03536887332)
(0.9965084749 -0.02215563666 -0.03061381058)
(1.002976203 -0.05442075921 -0.03917467827)
(1.000737137 -0.04630901507 -0.02946331983)
(0.9733361126 -0.04023633964 -0.05674592274)
(1.001246521 -0.04602028223 -0.03013625733)
(0.9906225663 -0.04735663809 -0.02965555858)
(0.9950977076 -0.007095678408 -0.02111355831)
(1.018850564 -0.01466869489 -0.00405184593)
(1.015918896 -0.008654818841 0.005592452901)
(1.017676333 -0.01223514426 0.0003976309875)
(1.014010726 -0.009133110944 0.004224963125)
(1.013431135 -0.01448741883 0.0008130480887)
(1.000222437 -0.006278927301 -0.01931392835)
(0.9818668746 -0.01116683467 -0.02311178381)
(1.008101562 -0.004559995001 -0.01454057968)
(1.017678761 -0.00368255902 0.005777611602)
(1.00214581 -0.02107781388 -0.0206663716)
(1.005753954 -0.003380108483 -0.007977514883)
(0.9870766636 -0.01150158916 -0.02817682003)
(0.9969858099 -0.02069655342 -0.01537088714)
(0.981417042 -0.01087568677 -0.02020569116)
(1.007502059 -0.002166961559 -0.005379826618)
(1.017351501 -0.003472290831 0.00738373475)
(1.002417094 -0.01985541705 -0.01114944305)
(1.005368471 -0.002820225831 -0.006549448821)
(0.9871777848 -0.01048529981 -0.01798546976)
(0.9967695614 -0.0203095843 -0.01217566733)
(1.004500147 -0.03850995945 -0.02336332731)
(0.9972475623 -0.03190010704 -0.01777101677)
(1.004344914 -0.02508309476 -0.01384018241)
(0.9958097838 -0.02821621496 -0.01529417752)
(0.9935286146 0.001325012276 -0.005393042342)
(1.018901064 -0.006720915242 0.009161579607)
(1.014816469 -0.00524690056 0.02550413102)
(1.015778466 0.001320944014 0.02422239655)
(1.013485251 -0.0059295303 0.02424372735)
(1.012944844 -0.000650179045 0.02408901434)
(0.9981499089 0.001734887442 -0.003128750402)
(0.9819145116 -0.008558274493 -0.005304017341)
(1.008375135 -0.0004869889416 0.004584052754)
(1.018105409 -0.002494603643 0.02493723037)
(1.002842475 -0.0192846696 -0.002717109853)
(1.005613037 0.0008752914453 0.01108572699)
(0.9877091395 -0.009172539232 -0.01113961243)
(0.9971801153 -0.01896793199 0.003002750925)
(0.9807557815 -0.008191305396 -0.002921764979)
(1.006139192 0.002305608655 0.01410097821)
(1.017217857 -0.002371813928 0.02710028316)
(1.001327076 -0.01831934482 0.007511180709)
(1.004597341 0.001530594392 0.01282615549)
(0.985857688 -0.007779730073 -0.00101297867)
(0.9962107863 -0.01865863434 0.005962416705)
(1.004934522 -0.0167903305 -0.004629950325)
(0.9960341904 -0.01017198099 0.001147122563)
(1.001656934 -0.003294360702 0.004968748075)
(0.9943578183 -0.006588286527 0.003315111913)
(0.995188715 0.01230189177 0.01029189781)
(1.015727525 0.003515835443 0.01890074804)
(1.015074379 0.001830141731 0.04840548107)
(1.014569157 0.020635617 0.04464325487)
(1.01287745 -0.0001347355549 0.04263878532)
(1.009942614 0.01576027085 0.03607300857)
(1.003084677 0.00890723005 0.03253910232)
(0.9810648165 -0.005682781432 0.01198346542)
(1.006723681 0.003911572859 0.02352040639)
(1.016710052 -0.00132516376 0.04442371398)
(1.002112402 -0.01761680513 0.01506720715)
(1.004268594 0.005765332003 0.03077388315)
(0.9865504164 -0.00661716093 0.006029170907)
(0.9964720654 -0.01692687317 0.02271127763)
(0.9807966656 -0.002198295843 0.01555533647)
(1.005794645 0.006711108091 0.03590752249)
(1.015478541 -0.0009631272019 0.04746056973)
(1.001409599 -0.01639374729 0.02835494452)
(1.003783625 0.007219365274 0.03377147732)
(0.9856488055 -0.006711957406 0.01819426767)
(0.9951541003 -0.01659203947 0.02628395349)
(1.000171204 0.00563672765 0.01297141789)
(0.9869949886 0.01493906823 0.01950318624)
(1.00731508 0.03418884104 0.03949375793)
(0.9880516456 0.009841423236 0.01233549225)
(0.9950245122 0.02688030593 0.0564254651)
(0.977664796 0.003439167972 0.03162609557)
(1.004557508 0.008836984513 0.04776532011)
(1.01179976 0.001836162543 0.06587181574)
(1.000840085 -0.01428939383 0.03946312618)
(1.000439519 0.01115384514 0.05161905593)
(0.9841453627 -0.002368753521 0.02676890296)
(0.9933611095 -0.01221103059 0.04616270806)
(0.9820590695 0.008395279078 0.0320181942)
(1.00150893 0.01649828279 0.06390217038)
(1.010227223 0.004023502368 0.0681956466)
(0.9994176871 -0.008623772469 0.06054602787)
(1.000388726 0.0137799554 0.05453127192)
(0.9909882388 0.01025237429 0.06154490071)
(0.99580308 -0.009320066192 0.05217335356)
(0.9689713657 0.03927189854 0.06166342846)
(1.001152401 0.04235766571 0.0407707407)
(0.9739882406 0.053689622 0.04125153607)
(0.9909202681 0.05179918017 0.03403939526)
(0.9810783426 0.03456783631 0.0620588259)
(0.9775297307 0.04010293374 0.05404395446)
(0.9922887128 0.06049313289 0.03057013747)
(0.978248728 0.05668637972 0.03652237914)
(0.9924591898 0.05085030071 0.03271730395)
(0.9865162951 0.06122629147 0.05900269958)
(0.9709536676 0.03806375764 0.09615122437)
(0.9986766681 0.01083163547 -0.0676412262)
(1.012477209 0.0003801242793 -0.03900750434)
(1.012332735 0.007483016632 -0.0486223621)
(1.001050585 0.01143423195 -0.05166525771)
(1.010383628 0.01021331615 -0.05185230585)
(0.9941946057 0.01028266685 -0.05184565087)
(1.004797831 0.007278614317 -0.06470627212)
(0.9684784442 0.0217332514 -0.1014933447)
(0.9966245328 0.05428468372 -0.07473035098)
(1.007566561 0.0637080995 -0.0355019649)
(0.9985368233 0.1161485431 -0.02490186561)
(0.9991663209 0.06787390398 -0.09779544442)
(1.009678195 0.04779398619 -0.03240481518)
(0.9879595931 0.05092405417 -0.07405062887)
(1.012291049 0.03814483403 -0.03607314589)
(0.993898385 0.1058615821 -0.02201620058)
(0.9985148441 0.04780653737 -0.07258082155)
(1.007040523 0.04292056334 -0.03189555225)
(1.000367262 0.001858650244 -0.04343930156)
(1.014536941 -0.0009360840369 -0.01493946891)
(1.013902295 0.0006690228741 -0.02224686823)
(1.0027399 0.01467457393 -0.03119868768)
(1.011680344 0.00178224961 -0.02465875848)
(0.9972312517 0.01493829034 -0.03342148278)
(1.005396612 0.0007753662883 -0.03993854888)
(1.013165379 0.01781105648 -0.03935606968)
(1.019776761 0.01756901923 -0.02906690714)
(1.018720499 0.02238184106 -0.01653759296)
(1.02035747 0.03438717496 -0.02974329757)
(1.019363009 0.01466342694 -0.01825408291)
(1.015639944 0.02224353219 -0.04678536659)
(1.019573664 0.02891210068 -0.01641955262)
(1.01069403 0.01394665454 -0.03688211677)
(1.02092519 0.0119819769 -0.01287047068)
(1.018348594 0.02132360943 -0.01703012631)
(1.020697465 0.02156288662 -0.02375458162)
(1.018672262 0.01363395384 -0.01501223438)
(1.015877944 0.01122023522 -0.03527543557)
(1.017039342 0.02538550627 -0.01988015109)
(1.0149877 0.04854840221 -0.03819074026)
(1.003647366 0.04007112553 -0.0598494573)
(1.009639042 0.04136865814 -0.02707337244)
(1.013395257 0.04314975116 -0.0310468236)
(1.001913 0.04408683909 -0.03005810292)
(0.9994422723 -0.001283722852 -0.02450444134)
(1.015913063 -0.002758888783 0.005734256948)
(1.01446616 -0.003215473956 -0.003259207637)
(1.002747316 0.01361884798 -0.01354335235)
(1.012272533 -0.002687492308 -0.004355997409)
(0.9970973955 0.01390651679 -0.01446431747)
(1.005020027 -0.001821499907 -0.02221854682)
(1.011826589 0.004464419726 -0.0241087764)
(1.021774265 0.008875045402 -0.00299568118)
(1.021112773 0.0129961423 -0.005423933053)
(1.024007228 0.01577660797 -0.01157261061)
(1.020253923 0.007904951326 0.003815402107)
(1.016900573 0.007259486347 -0.02928452749)
(1.021128658 0.0117150531 -0.002609481007)
(1.011057459 0.002938685092 -0.02173353446)
(1.02230217 0.007047498175 0.008190201385)
(1.020780868 0.01194324224 -0.00444992215)
(1.024003641 0.007030947863 -0.0009478069262)
(1.019601895 0.007574720858 0.006906774744)
(1.016296142 0.00204893663 -0.02000846224)
(1.019559348 0.009238726579 -0.0005808726767)
(1.016860403 0.03608421531 -0.02422729878)
(1.009340528 0.02971987116 -0.01886299502)
(1.01648182 0.02368158869 -0.01511782761)
(1.007961852 0.02642489628 -0.01657463899)
(0.9980325331 -0.003922530102 -0.007012170795)
(1.015753666 -0.003984561807 0.02544756371)
(1.013288695 -0.00751837675 0.0162247828)
(1.001091471 0.01257703794 0.005147244179)
(1.011688545 -0.006877371075 0.01504945666)
(0.9960398271 0.01279417261 0.003723718947)
(1.002910851 -0.004444746838 -0.005106172715)
(1.011352284 -0.003578969788 -0.008495498679)
(1.022411883 0.004737865435 0.01784698463)
(1.022122433 0.005086465632 0.007508658966)
(1.024729641 0.001401367147 0.01418060984)
(1.020419299 0.004248958685 0.0239108691)
(1.016940696 -0.001387836152 -0.01347673843)
(1.021274706 -0.002092827768 0.02203619269)
(1.009960457 -0.005310373477 -0.005660723997)
(1.020969271 0.003574304506 0.02818464816)
(1.021058073 0.003638456098 0.008665668409)
(1.022826002 -0.006673178016 0.02367087177)
(1.01920005 0.004230347889 0.0269982643)
(1.014709758 -0.006217107533 -0.003329126979)
(1.019280433 -0.004706439588 0.02354187509)
(1.017139085 0.01551969729 -0.006119404036)
(1.008105724 0.00885002715 -0.00032253385)
(1.013816827 0.002523397381 0.003594326624)
(1.006429805 0.005821157956 0.001809234528)
(0.9972410044 -0.009026009627 0.01215433982)
(1.014218144 -0.005326415203 0.04548553941)
(1.012234174 -0.0109233569 0.03807184682)
(1.000649757 0.01123672821 0.02567458319)
(1.01066118 -0.01188648247 0.03614428059)
(0.9945630126 0.01142210322 0.02368883125)
(1.001380808 -0.004196822256 0.01484571693)
(1.00912419 -0.01264317949 0.008764672606)
(1.020825699 0.001880178556 0.03645555017)
(1.019190274 -0.004051455798 0.01930998238)
(1.022033007 -0.01291942455 0.03742744945)
(1.018185483 0.0003005125787 0.04450353469)
(1.015130936 -0.009586337489 0.003114719964)
(1.016533898 -0.01710665843 0.04362523511)
(1.011576737 -0.01631975233 0.01069415633)
(1.019479756 -0.00285583083 0.05077669886)
(1.018044567 -0.006259438097 0.01832609466)
(1.020927513 -0.0259812233 0.04611315933)
(1.018333979 -0.001268264479 0.04496610751)
(1.016811272 -0.01272302926 0.03325759012)
(1.017127946 -0.0211674053 0.03628934833)
(1.012567776 -0.006318272708 0.01140242593)
(0.9993669163 -0.01538406842 0.01792844913)
(1.016552769 -0.03824219744 0.04714074366)
(1.008590644 -0.02852409995 0.05665001837)
(1.00160694 -0.01004551806 0.009938687586)
(0.9981022175 -0.01873176538 0.02881898037)
(1.009818846 -0.009436235991 0.06682092078)
(1.007646461 -0.0191802572 0.06642671385)
(1.000421281 0.00506226863 0.05747303474)
(1.006341382 -0.01721674506 0.05604673442)
(0.9960883257 0.004013971711 0.04905970189)
(1.004132509 -0.01817377372 0.06070766258)
(0.9915429807 -0.04356786056 0.09753941432)
(0.9843718285 -0.04494220633 0.0604576528)
(1.00763131 -0.04585612835 0.04356366424)
(0.9710018502 -0.06699590694 0.04599247132)
(0.9955176196 -0.0395685424 0.06118937425)
(1.000615923 -0.05557342995 0.03175253616)
(0.9935852859 -0.04580086289 0.05330013142)
(1.00134525 -0.06671431003 0.0280892046)
(0.9785947706 -0.0672483766 0.04354220277)
(1.002225948 -0.06358467781 0.05676067016)
(1.003213887 -0.0542810346 0.02992063486)
(1.019545714 0.008404365287 -0.009240535695)
(1.023262075 0.01554220913 -0.0003188756025)
(1.014223082 0.04390014479 -0.0004348572059)
(1.018980544 0.0196022182 -0.00949265477)
(1.021002519 0.006388267695 0.002984124552)
(1.019159187 0.01341484015 -0.008954871137)
(1.018753612 0.01398885294 -0.009414592827)
(1.019521737 0.006168535863 -0.009495317676)
(1.024004874 0.0003267484825 0.005234157176)
(1.01399826 0.04028451906 0.001186988119)
(1.019969005 0.008680421891 -0.008865431622)
(1.019740831 0.002024695497 0.004230214607)
(1.020114536 0.003467805448 -0.008862306939)
(1.018617917 0.01079097914 -0.009405318248)
(1.019972554 -0.007241352677 -0.007971104391)
(1.023906749 -0.01217823206 0.01167157416)
(1.014154237 0.02471907076 0.009863806392)
(1.020164528 0.001038507925 -0.00754784771)
(1.020834843 -0.02078766139 0.01544700107)
(1.02063903 -0.002405099896 -0.007711097402)
(1.018805383 -0.004828552439 -0.007296326315)
(1.019219752 -0.00942806372 -0.008073957659)
(1.02151868 -0.02748274584 0.01783819837)
(1.012507269 0.0221253916 0.01098115069)
(1.017851194 -0.008146398165 -0.006873791897)
(1.018838495 -0.02519798433 0.01790012661)
(1.01906055 -0.01183962936 -0.00770489991)
(1.017681891 -0.006900029347 -0.007284459826)
(1.019552614 -0.00828464913 0.009127200206)
(1.01920128 -0.01956897221 0.009502141441)
(1.014459367 -0.04388843398 0.0005334557019)
(1.023292109 -0.01524683677 0.0003527958944)
(1.01886616 -0.01401877569 0.009414016859)
(1.019166655 -0.01331126674 0.008832285764)
(1.021062175 -0.006082940036 -0.002913054409)
(1.01952836 -0.006043260132 0.009362350539)
(1.020156638 -0.008725304479 0.008835250972)
(1.014231617 -0.0401336616 -0.001136607697)
(1.02402982 -2.468194855e-05 -0.005142984486)
(1.018673153 -0.01080907249 0.009387450859)
(1.020115624 -0.003335689854 0.008726508268)
(1.019772583 -0.001725786461 -0.004139994359)
(1.019978444 0.007385952325 0.007828825893)
(1.020210961 -0.0009673944665 0.00749896764)
(1.014364241 -0.02467658829 -0.00983635618)
(1.023939696 0.01251464191 -0.01157652911)
(1.018872987 0.004716955114 0.007231767217)
(1.020640648 0.00254659864 0.007580619059)
(1.020903561 0.02114105563 -0.01534565217)
(1.01922701 0.009566721732 0.007914953483)
(1.017919941 0.00804092877 0.006764547354)
(1.012717959 -0.02210456824 -0.01094493646)
(1.021540348 0.02779446441 -0.01777748299)
(1.017754082 0.006813432898 0.007201497859)
(1.019066617 0.0119699564 0.007531927467)
(1.018859939 0.0255430218 -0.01781197255)
(0.9905145501 -0.05017549758 0.07473390348)
(0.9947982206 -0.1050157987 0.02211813151)
(1.011525339 -0.03777098294 0.03672620929)
(1.007085514 -0.0424380461 0.03244537892)
(1.001452926 -0.0471971775 0.07324093512)
(0.9828586191 -0.02217236761 0.1042104607)
(1.009818681 -0.01808527703 0.073207321)
(1.010158378 -0.004961662648 0.06769120172)
(1.008275507 -0.01853786689 0.07200298878)
(1.017635717 -0.001303473317 0.04222431969)
(1.002850614 -0.02455984743 0.08139449791)
(1.009209252 -0.006363972815 0.060676561)
(1.014489482 -0.01372407209 0.05790855969)
(1.005981467 -0.01077341799 0.06774330495)
(1.012709093 -0.01074977403 0.0541249699)
(1.016352056 -0.008243538813 0.04843114231)
(1.017029912 -0.00119463717 0.03860161378)
(1.011963148 -0.007135449209 0.06481800982)
(1.006110738 -0.009665535943 0.05485030777)
(1.014239325 -0.01082364356 0.05159789971)
(1.014131366 -0.04257970749 0.03143567146)
(1.002644408 -0.0434608556 0.03046790353)
(1.015463723 -0.01757601203 0.0394353815)
(1.020416906 -0.03464432807 0.02986100889)
(1.018788965 -0.02282765182 0.01680056573)
(1.020709549 -0.01769216295 0.02930877307)
(1.019634877 -0.02896418881 0.01658984254)
(1.017740342 -0.02214417812 0.04699949121)
(1.020404154 -0.01475357176 0.01843875168)
(1.013049428 -0.01378673643 0.03695795677)
(1.020807757 -0.02165082637 0.02394080392)
(1.018420967 -0.0217993803 0.01731180278)
(1.021768539 -0.0120843586 0.01294822748)
(1.017111913 -0.02547442669 0.02007301818)
(1.018239758 -0.01103418249 0.03528662369)
(1.019808182 -0.01372133433 0.01513113292)
(1.008688535 -0.001383512662 0.04757014994)
(1.01484344 -0.0118997464 0.04476680351)
(1.018691491 -0.004182633112 0.03682388241)
(1.019577438 -0.0003822306681 0.01594254631)
(1.01497715 -0.0005485976056 0.05477187197)
(1.009071699 -0.0135463937 0.03857055643)
(1.016629801 -0.00290658145 0.02607174888)
(1.007462107 -0.001542670398 0.04355221662)
(1.01442319 -0.01387835058 0.0327509414)
(1.018472056 -0.001590552504 0.02209563919)
(1.019359422 -0.0004829750928 0.01387534987)
(1.012554816 -0.0005249580767 0.04004393145)
(1.008982244 -0.0140901468 0.0356571953)
(1.016198822 -0.002641150821 0.02448198914)
(1.017179058 -0.02324383596 0.01544773291)
(1.008668902 -0.02595877981 0.01692624845)
(1.014138074 -0.004224149704 0.02404736464)
(1.024120752 -0.01585200828 0.01178113294)
(1.021218529 -0.01350667268 0.005683196313)
(1.022901178 -0.008989926576 0.003041820321)
(1.021238678 -0.01174497265 0.002777705395)
(1.019245009 -0.006999585188 0.02922500604)
(1.021428711 -0.008022164685 -0.003813536582)
(1.01336743 -0.00263109156 0.021589695)
(1.023865977 -0.007087077545 0.001108532955)
(1.020887534 -0.01247158101 0.004741296745)
(1.023429067 -0.007193071302 -0.008134835876)
(1.01972205 -0.009286925092 0.0007495204706)
(1.018609966 -0.001782007215 0.01992262452)
(1.020698123 -0.007699518797 -0.006881741501)
(1.007279805 0.001394835491 0.02748224168)
(1.014381221 -0.01355961965 0.02469091988)
(1.019532944 0.0001769724258 0.01219799708)
(1.021218098 0.0008604158912 -0.005423296514)
(1.01267729 0.001150923279 0.03264690997)
(1.009078841 -0.01340566752 0.01935165251)
(1.017273875 0.001049352738 0.005599602252)
(1.006704744 0.001775428802 0.02453910277)
(1.014292146 -0.0129810799 0.01494724291)
(1.01910884 0.002117413879 0.003188070028)
(1.020795134 0.001099629479 -0.00674960411)
(1.012317927 0.002164985753 0.02223170377)
(1.008722396 -0.01322857997 0.01588752953)
(1.01691723 0.001647984807 0.004229221757)
(1.014429323 -0.002129766495 -0.003319493923)
(1.007058674 -0.005458860432 -0.001452622148)
(1.013628752 0.003885920601 0.008253462657)
(1.024852913 -0.001428738118 -0.01405373814)
(1.022268409 -0.00570203352 -0.007231743677)
(1.023397173 -0.004957703065 -0.01791863137)
(1.021397235 0.002084140534 -0.02189973624)
(1.019254489 0.001667656781 0.01326251544)
(1.021556905 -0.004438620248 -0.02391196311)
(1.012219647 0.005609294227 0.005394603334)
(1.022905164 0.006665025276 -0.023563437)
(1.02115876 -0.004228034883 -0.008432285688)
(1.022112727 -0.003787284695 -0.02815679148)
(1.019339543 0.004695589609 -0.02342717445)
(1.016960713 0.00651468692 0.00302801801)
(1.020258838 -0.004421360586 -0.02698384668)
(1.006710745 0.004090530815 0.009276202116)
(1.014543042 -0.01257543607 0.006114631454)
(1.020016534 0.003959877754 -0.007015995189)
(1.021439605 0.00216242476 -0.02481707172)
(1.012750815 0.003716217253 0.01545266887)
(1.008602224 -0.01240330123 0.0004972683682)
(1.017340331 0.005059549509 -0.01338558337)
(1.005386623 0.004500236025 0.006985346382)
(1.012456213 -0.01206986425 -0.00403772095)
(1.017951625 0.006304061417 -0.01631169983)
(1.020465531 0.002343271295 -0.02656647703)
(1.01025996 0.005088718144 0.005019706107)
(1.007478164 -0.01225600857 -0.002646455851)
(1.016351628 0.005769154708 -0.01520748655)
(1.016715708 0.03832455429 -0.04689139661)
(1.002199908 0.01023701028 -0.009679858661)
(1.010457731 0.02871474249 -0.05670488559)
(1.011359066 0.01304932542 -0.009160683822)
(1.022131611 0.01290043839 -0.03729767937)
(1.019298758 0.003410778598 -0.01907931377)
(1.021845267 -0.002128196932 -0.03647685616)
(1.016619076 0.01711498768 -0.04355748525)
(1.017380001 0.009870534883 -0.003454374193)
(1.019192058 -0.0005748084404 -0.04449009358)
(1.013678259 0.01659112997 -0.01096829481)
(1.020970996 0.02584993872 -0.0461394446)
(1.018141568 0.005663838107 -0.01816807636)
(1.020314604 0.00254242986 -0.05076356704)
(1.017164037 0.02112955692 -0.03618648432)
(1.018585834 0.01281649837 -0.03355102215)
(1.019199834 0.0009874479088 -0.04496923334)
(1.005070687 0.006764735997 -0.008313820699)
(1.013140938 -0.0116505127 -0.01168257553)
(1.018585724 0.007871355792 -0.02605451438)
(1.019888746 0.003502531479 -0.04429560367)
(1.010836057 0.006073034454 -0.002032154242)
(1.007246659 -0.01114858909 -0.01906960918)
(1.016010844 0.009396186617 -0.03299462394)
(1.004307801 0.009515449656 -0.01237860841)
(1.011670045 -0.01088185085 -0.02487158157)
(1.01641745 0.009854123345 -0.03813943203)
(1.018596049 0.00381360794 -0.04677128908)
(1.008586135 0.004661968746 -0.01509607573)
(1.005704365 -0.01103088133 -0.02297136883)
(1.015074373 0.01079715577 -0.03639344693)
(0.9953140026 0.04582689897 -0.05338369567)
(0.9786336055 0.06727805707 -0.04377302343)
(1.001278338 0.06656504536 -0.02819054054)
(1.003252528 0.05418621905 -0.02991376791)
(1.003852968 0.06347897015 -0.05682684694)
(0.9968048802 0.04365474461 -0.09823644045)
(0.9995971078 0.01458358761 -0.02884538385)
(1.010670856 -0.009079128843 -0.03620667877)
(1.014767077 0.01172593129 -0.04962236158)
(1.01460262 0.006553326977 -0.06591740851)
(1.00636003 0.008251463198 -0.02314791967)
(1.002764933 -0.007286319831 -0.04239288883)
(1.009886069 0.01415245083 -0.05389037846)
(1.004735662 0.01896902457 -0.02911133456)
(1.008910891 -0.005260021762 -0.05654383545)
(1.010560838 0.01813365462 -0.06637326156)
(1.013365719 0.008193787451 -0.06760446189)
(1.0092636 0.01783866184 -0.06119227243)
(1.005424167 -0.00397332883 -0.04830301901)
(1.009692538 0.01615948476 -0.05601554174)
(0.9772942946 0.05798707884 0.07712240889)
(0.9949233848 0.1270737224 0.02499918493)
(1.00461349 0.06133767328 0.03699505097)
(0.9837805257 0.07372453628 0.1028360153)
(1.00569648 0.04666566579 0.03234287159)
(0.9672620974 0.05447611202 0.07373761676)
(0.9896350042 0.1153102778 0.02351709997)
(1.004969046 0.03669193091 0.02976337425)
(0.9797023288 0.0516277111 0.07253518866)
(1.001929294 0.04182817341 0.02861420134)
(0.9899073348 0.03112017098 0.06778929816)
(1.007549497 0.01438205841 0.0616076163)
(1.017473799 0.002325020644 0.03831351288)
(1.006307861 0.0192319396 0.07751370749)
(1.005863912 0.01678786596 0.05590415707)
(0.9849662084 0.03633754004 0.0767897817)
(1.009681933 0.01662600084 0.06213239394)
(0.9845123203 0.02249938996 0.06306490333)
(1.009524391 0.01997899498 0.05133482867)
(1.016470492 0.003515264229 0.03462554285)
(1.009134406 0.01221243175 0.05196556204)
(1.002662904 0.01907569336 0.05159259196)
(0.9906807738 0.01866488595 0.06079271321)
(1.007893095 0.01446162031 0.05518432768)
(1.004116926 0.05332135939 0.03987955139)
(0.9758058094 0.03806830681 0.05765969613)
(1.001885866 0.04519914146 0.0301253107)
(1.002482723 0.04497543779 0.03094634116)
(0.991885135 0.04629560743 0.03046127471)
(0.987266531 0.012811043 0.04383982368)
(1.011715507 0.02080413284 0.04236193185)
(1.018628189 0.004465347555 0.01375767308)
(1.010524809 0.008769163531 0.04057068967)
(1.006006943 0.02198626601 0.03666331545)
(0.9938995567 0.01284009521 0.05099908301)
(1.007532693 0.007971919026 0.02921275128)
(0.9856583399 0.01250937083 0.03948389515)
(1.011554703 0.02183032104 0.03103756433)
(1.018531647 0.004809215628 0.01192128777)
(1.008947964 0.007229797539 0.02499683726)
(1.005965215 0.02221672464 0.03391380813)
(0.9912397207 0.0117079067 0.03645532512)
(1.006887126 0.008004809846 0.02754302469)
(1.000471747 0.02078904562 0.03951654499)
(1.015025681 0.03899511084 0.03344376401)
(1.015424069 0.01874154316 0.03219676715)
(1.016992489 0.02627853554 0.01657909919)
(1.002413206 0.02336599115 0.04651665313)
(1.014811736 0.03340104703 0.01705044503)
(1.0147801 0.01544426913 0.0209476379)
(0.9970913865 0.01637056288 0.03596183559)
(1.015755807 0.02639532597 0.02214652659)
(1.01579267 0.0129858926 0.01536896408)
(1.016711469 0.02499324298 0.0163757597)
(1.002056729 0.01382998389 0.03417959395)
(1.011850672 0.0302393375 0.01890174614)
(1.014035749 0.01457901577 0.01760927051)
(1.005731394 0.03751762487 0.02413708144)
(0.9984558437 0.03092617559 0.01858701856)
(1.005518236 0.02416953876 0.01465448579)
(0.9970102753 0.02726667984 0.01611511397)
(0.9863031118 0.009931016253 0.02407063883)
(1.011589379 0.02121092901 0.02347455767)
(1.020395418 0.003968799126 -0.00727781394)
(1.009815775 0.005560228835 0.01502442118)
(1.006324961 0.02081223846 0.01804636779)
(0.991458227 0.01030884498 0.02918055009)
(1.007472904 0.004421270142 0.008442427215)
(0.9859297279 0.009639809394 0.02116305171)
(1.011584663 0.0200294218 0.01354613775)
(1.020052543 0.003730429973 -0.008837682998)
(1.009230768 0.003274888095 0.005883664921)
(1.006017537 0.0204453207 0.01461755078)
(0.9917585857 0.00926749355 0.01891212597)
(1.0070888 0.003883285347 0.007018088112)
(0.9977736006 0.006907645417 0.02371148982)
(1.018291348 0.02057576716 0.01010037484)
(1.016819881 0.009992578608 0.005854374333)
(1.019420184 0.01653587138 0.00501397608)
(1.002890209 0.009733219194 0.02848719422)
(1.015375128 0.01643823041 0.001208195189)
(1.015230547 0.009056476939 -0.001129250666)
(0.9968853903 0.005398357393 0.02124157004)
(1.01831959 0.01172404415 -0.0002430392025)
(1.016551685 0.008390123359 -0.005561234964)
(1.019077942 0.01532325543 0.003975739358)
(1.002044969 0.004570189268 0.01938671627)
(1.014013332 0.01395243747 -0.0006504475763)
(1.0146431 0.00884092987 -0.004219413408)
(1.006095601 0.01589331775 0.005474513366)
(0.9971714697 0.009261707552 -0.0002524106764)
(1.002773637 0.002535930295 -0.004200883824)
(0.9954777767 0.005756793046 -0.00248904173)
(0.9866052655 0.007292773746 0.0061707894)
(1.011967357 0.01949993978 0.005033207523)
(1.020681008 0.00285257805 -0.02631010935)
(1.010102424 0.001623927005 -0.004174173071)
(1.006210109 0.01916534208 -0.0008901001483)
(0.992358183 0.007952682716 0.01213005885)
(1.007350446 0.0003736566546 -0.0106140497)
(0.9855016225 0.006918694571 0.00388787007)
(1.01018781 0.018565377 -0.005627837639)
(1.019771074 0.002695387997 -0.02846917071)
(1.007872096 -0.0009538258651 -0.0136381338)
(1.005145864 0.01887370521 -0.003833300704)
(0.990640501 0.006538345061 0.001950983038)
(1.006323958 -0.0002587647675 -0.01240658794)
(0.9969322502 -0.0008933293658 0.008157878838)
(1.019104338 0.006227719131 -0.01486074842)
(1.017378985 0.006287847182 -0.0149659555)
(1.02020859 0.008758451448 -0.008032317355)
(1.002572505 0.001105439328 0.01291612067)
(1.015334343 0.002694620198 -0.02271815385)
(1.015292696 0.005749521432 -0.02115882732)
(0.9954413672 -0.003127880095 0.005369490161)
(1.016462356 -0.001797369815 -0.02418804842)
(1.015405176 0.00514508933 -0.02544814356)
(1.01910712 0.007422726552 -0.009210941959)
(1.000092431 -0.003543369855 0.00307704989)
(1.013573069 0.0001620930087 -0.02405446028)
(1.014076108 0.005821383314 -0.0241971008)
(1.001307105 -0.00633004096 -0.01212176811)
(0.9881108489 -0.01568890683 -0.01858252666)
(1.008173474 -0.03471277142 -0.03901841625)
(0.9968305742 -0.02812073652 -0.05614567056)
(0.9891952469 -0.01048409049 -0.01150471812)
(0.9858920139 0.004443789182 -0.0110839006)
(1.010916101 0.01785833971 -0.01311416022)
(1.019138467 0.001692532283 -0.04578761153)
(1.008451037 -0.002625291127 -0.0231216773)
(1.005061595 0.01712784849 -0.02078022934)
(0.9913848714 0.005325332941 -0.005184653396)
(1.005917661 -0.0045296227 -0.03032516273)
(0.9855172459 0.001001152741 -0.01474635445)
(1.009624336 0.01665635065 -0.02671366041)
(1.01776633 0.001305552899 -0.04860505656)
(1.007200922 -0.005590808447 -0.0354817177)
(1.003589349 0.01682697182 -0.02463986128)
(0.990296677 0.00566871744 -0.01736955193)
(1.005322939 -0.00611127892 -0.03338723596)
(0.9944367702 -0.01008218205 -0.00872560796)
(1.016214976 -0.0079191633 -0.0374647238)
(1.015812419 0.003471994853 -0.03365375719)
(1.017332798 -0.0001304730613 -0.01994583293)
(1.000373006 -0.007018516344 -0.003211475104)
(1.010525422 -0.01192078745 -0.04353994207)
(1.01316917 0.001811134952 -0.04166706318)
(0.997113462 -0.01407341932 -0.01041052661)
(1.01509999 -0.02083076369 -0.04476286783)
(1.015436929 -0.001641374694 -0.04839209143)
(1.015906219 -0.002924736292 -0.01898414606)
(1.004890701 -0.01017781473 -0.03265549923)
(1.010645721 -0.01613288261 -0.03616028232)
(1.013413184 0.0002040085099 -0.04258242877)
(0.9746280918 -0.03888927394 -0.09641097214)
(0.9707675762 -0.04047391608 -0.06146109885)
(0.9747475076 -0.05431023564 -0.04112866024)
(1.001984023 -0.04285788655 -0.04043227358)
(0.9828883592 -0.03575298423 -0.06181333761)
(0.9917459422 -0.05214199841 -0.03388406348)
(0.9793370344 -0.04109440081 -0.05390984956)
(0.9790083143 -0.05713075097 -0.03659425976)
(0.9931304307 -0.06063163367 -0.03071462374)
(0.9883133808 -0.06202953862 -0.05892303947)
(0.9932916681 -0.0510916857 -0.03267112619)
(0.982138467 -0.00433860103 -0.03091124501)
(1.008725368 0.01446720918 -0.03794619564)
(1.013871392 -0.00153617256 -0.06712958075)
(1.005827393 -0.007752768214 -0.04741005096)
(1.000804183 0.01245346426 -0.04441574178)
(0.9886905856 0.001422585339 -0.02592579325)
(1.00152344 -0.01008957386 -0.05131180628)
(0.9862597737 -0.009029262087 -0.03119341021)
(1.005406509 0.009121383047 -0.05895369411)
(1.012002992 -0.003665884851 -0.06899251261)
(1.0021744 -0.01533572419 -0.06364060991)
(1.002504396 0.009695606355 -0.05052855797)
(0.9946985554 -0.01014607148 -0.0610553601)
(1.001356914 -0.01266365235 -0.05415591115)
(1.019427656 0.007844305086 0.008460118243)
(1.011678239 0.04822226908 0.00166447829)
(1.018802751 0.01337285852 0.006138162841)
(1.021077658 0.003611169214 -0.005904457134)
(1.017707094 0.0154667453 0.006513171225)
(1.017034133 0.005234826258 -0.00486331491)
(1.020040651 0.005296975222 0.007912363194)
(1.01902868 -0.00728082739 0.007292242679)
(1.010001519 0.02958379385 -0.008245915253)
(1.016678492 -0.003032637247 0.004462946287)
(1.018268702 -0.0237779917 -0.01967709779)
(1.016512716 -0.001773727291 0.004718012077)
(1.015723847 -0.02170279643 -0.01964923578)
(1.018806267 -0.009533305268 0.006955208138)
(0.9966238059 -0.01554807511 -0.024015143)
(0.9882390434 -0.007714680385 -0.03648018488)
(0.9966763875 -0.008769675079 -0.03921733597)
(0.9868963659 -0.02182720785 -0.02560107201)
(0.9962554717 -0.02617887627 -0.03471341586)
(0.9823721515 -0.01185065501 -0.0487586138)
(0.9967789932 -0.0124859023 -0.055040031)
(0.9925110529 0.01277520383 0.01932696898)
(1.000670394 0.004012265029 0.04261350695)
(0.990667065 0.004504744113 0.03619276167)
(0.9973944431 0.03019099115 0.03079855557)
(0.9877284927 0.02664018646 0.02063281825)
(0.9998874119 0.01229802166 0.04043189379)
(0.983015049 0.01394154557 0.03545764748)
(0.9967284122 0.009752155778 -0.03824389287)
(0.9913238866 0.01385455751 -0.02093716859)
(0.9965692589 0.01546434618 -0.02305773203)
(0.9829749867 0.01321067577 -0.04654318031)
(0.9965371855 0.01470124187 -0.051993784)
(0.9875581229 0.02179280655 -0.02495837996)
(0.9957437511 0.02565356683 -0.03286068601)
(0.9915759191 -0.002942651161 0.03834956647)
(0.9996286562 -0.01405855778 0.02732645411)
(0.992716336 -0.01251775663 0.02043497445)
(1.001417664 -0.0102709492 0.04130710566)
(0.9853935772 -0.01034237597 0.03992924719)
(0.9979343291 -0.03024331871 0.03186359671)
(0.987584952 -0.02837128836 0.02177199048)
(0.9976749875 -0.02097219185 -0.004752693722)
(0.9889908609 -0.02397318256 -0.01416631104)
(0.9963895696 -0.03364250559 -0.01970083408)
(0.9932901302 -0.01871704504 -0.002492963384)
(0.9971864965 -0.02486663178 -0.003539225683)
(0.9862074697 -0.02983929344 -0.003809895981)
(0.9963445226 -0.0417604423 -0.007286210231)
(0.9962957364 0.01213907754 0.002434682831)
(0.9980434673 0.0322504588 0.01810014967)
(0.9915138215 0.02490358545 0.01331580277)
(1.000346389 0.02063817172 0.0014550735)
(0.995761123 0.01640581628 0.0007118588699)
(0.9969647256 0.02760422375 0.00675111955)
(0.988904412 0.01922831772 0.005961508452)
(0.9809215885 -0.013970586 -0.009892294778)
(0.9824198045 -0.003386471633 -0.006100075438)
(0.9674336594 -0.005934182033 -0.02300566704)
(0.9861104905 -0.007165446402 -0.001438750657)
(0.9744135243 -0.02307878276 -0.005664449895)
(0.9796245505 -0.003118229612 -0.001791416746)
(0.8959817499 -0.01354719644 0.02646742353)
(0.9861876785 -0.001524478416 0.01155542443)
(0.9590733081 0.01028101238 0.0007367579191)
(0.9733888926 0.007997084675 0.002147382)
(0.9600899923 -0.002137126844 0.01323175401)
(0.9702448443 -0.007271603129 0.008115586967)
(0.7344257822 0.08305067292 -0.05044466102)
(0.9080549169 0.02154432249 -0.01793184695)
(0.9674071421 0.006527315894 -0.02230007121)
(0.9876947248 0.006895168059 -0.004550104734)
(0.9816392559 0.01419524815 -0.009879463856)
(0.9799256881 0.003369663184 -0.001703934001)
(0.8914525462 0.01995659957 0.02984936252)
(0.9860173316 0.007307628273 -0.001975233842)
(0.9763137137 0.02159419055 -0.004619939303)
(1.000616544 -0.02595935288 0.07680608054)
(0.9999411273 -2.385204857e-05 0.07730479602)
(0.9973625766 -0.02649833382 0.07303853268)
(0.9927395747 -0.0292527513 0.07704128512)
(0.997177484 -0.01070993711 0.08143143269)
(0.9953254634 -0.0262634405 0.07226378737)
(0.9917305183 -0.003101239406 0.0879343556)
(0.9799000656 0.0008739503187 0.0200900383)
(0.9789610803 -0.02177109452 0.01748582018)
(0.9864894245 -0.01515339122 0.01193777324)
(0.7509037951 -0.1264604073 0.01075590393)
(0.9237456708 -0.01981199379 0.0187321704)
(0.9697927416 -0.02632088758 0.003709156052)
(0.9776017976 -0.0218724201 0.002924400477)
(0.996308862 0.03163508401 -0.01900851878)
(0.9948128283 0.01666289629 -0.004411663496)
(0.9977875985 0.02029725174 -0.004777777102)
(0.9868668946 0.02911460855 -0.004786511103)
(0.9970064732 0.03912375182 -0.009686709144)
(0.9934770411 0.01835755089 -0.002770743612)
(0.997243774 0.02400746604 -0.004142707528)
(0.9922866533 -0.02739377114 0.01367583184)
(1.000410099 -0.01738830703 0.004976481982)
(0.9965995091 -0.01363102217 0.003295850433)
(0.998964304 -0.03246735013 0.004475593706)
(0.9911310556 -0.02537494951 0.003540166169)
(1.000390909 -0.0218271583 0.0001136132533)
(0.9959897091 -0.01786669703 -0.0005374517579)
(0.9972271284 -0.02403880022 0.004258840847)
(0.9868396199 -0.02892473093 0.005044398549)
(0.996978499 -0.03925385461 0.01000139404)
(0.9947966738 -0.01663646036 0.004460679231)
(0.9977507383 -0.02028520566 0.004843456636)
(0.9895878714 -0.02312967324 0.01408323366)
(0.9962402662 -0.03152027873 0.01915278045)
(0.9958886501 0.01762143764 0.0002014828946)
(0.9988168359 0.03220635554 -0.00497843795)
(0.9909381712 0.02486186048 -0.004313804857)
(1.000275483 0.0170907729 -0.005211243754)
(0.9964492171 0.01321064398 -0.003592175346)
(0.9983003577 0.0343097632 -0.01864674657)
(0.9919509166 0.02650096903 -0.01396681241)
(0.9763403002 -0.02172324333 0.004760507496)
(0.9799684737 -0.00323156864 0.002203477647)
(0.9080229919 -0.01407449785 0.005050764972)
(0.9877156477 -0.006848775391 0.004611120148)
(0.9817625319 -0.01424187665 0.009961401321)
(0.98260994 -0.003339325398 0.006361254737)
(0.9689510472 -0.007144641767 0.02280641408)
(0.9426922865 0.1259582083 -0.08340712289)
(0.9962901363 0.07469197699 -0.02741556918)
(0.9920524177 0.07456232692 -0.08728554142)
(0.9731896756 0.0788986825 -0.06504811245)
(0.9789227742 0.07016753422 -0.02633259483)
(0.9025340007 0.09841577522 -0.07605549745)
(0.9861317917 0.06610236992 -0.01601843555)
(0.9776609449 0.02155362837 -0.006764223736)
(0.7977494702 0.06528046542 0.005867816002)
(0.9278615088 0.004195462183 -0.00605905509)
(0.9791068272 0.01895299458 -0.01640731967)
(0.9866069828 0.01247395221 -0.01080129437)
(0.9665743252 -0.002259978486 -0.02059269454)
(0.9819280946 -0.005754122175 -0.01883602147)
(0.9131792577 0.01373180556 0.009751095537)
(0.9861385229 0.007187569386 0.001590536094)
(0.9751005638 0.02276951378 0.00568182567)
(0.9823623137 0.003299730088 0.006295421784)
(0.9691913367 0.006834811712 0.0234487605)
(0.9874969304 0.006841297668 0.004511746249)
(0.9811741094 0.01428288383 0.009853967146)
(0.9057538594 0.09945129722 0.2391861079)
(0.8778447629 0.08844856103 -0.001616494546)
(0.9217899513 0.04748092035 0.1579989155)
(0.6475604704 0.2207997487 0.1205243274)
(0.9768524773 0.03620668145 0.1874593053)
(0.9459471692 0.04549479118 0.05392900667)
(0.9810033971 -0.01039454301 -0.09327175401)
(0.9588228688 -0.03262609409 -0.09769917263)
(0.9438085394 -0.03869570824 -0.08447557499)
(0.9644869538 -0.01681317083 -0.09656900142)
(0.9182377328 -0.0123328029 0.02198799519)
(0.9626647134 0.001041978647 -0.01547867034)
(0.9701269551 0.005893662636 -0.01184910426)
(0.9606029155 -0.003782431518 -0.002648150596)
(0.9742217243 -0.001295701682 -0.002266107293)
(0.9781940565 -0.00527529893 -0.01692697356)
(0.9859951285 0.002478810345 -0.01164035171)
(0.9963802268 0.04135547999 0.007419343065)
(0.9933546267 0.01857000523 0.002530797918)
(0.9972117747 0.02467189336 0.003590814226)
(0.9890920395 0.02375686386 0.01399507244)
(0.9963267898 0.03333351123 0.01954356934)
(0.9946847318 0.01692835044 0.004290843839)
(0.9976820819 0.02084527689 0.004723202005)
(1.014684537 0.0770328774 0.01395397729)
(1.015400968 0.04347914611 0.02039240012)
(1.018960189 0.03239396781 0.01680113422)
(1.015579074 0.02607054056 0.007656049518)
(1.01177174 0.04298876186 0.008085914097)
(1.014561086 0.03668908148 0.007953889976)
(1.012778062 0.03433776571 0.00776428061)
(1.007201932 0.01710846133 -0.01340909283)
(1.016295046 -0.008660448603 0.003547443654)
(1.017408882 -0.03703573294 -0.02574716668)
(1.012719711 -0.04461057591 -0.02728161005)
(1.01845529 -0.01467086065 0.005907706064)
(1.016706788 -0.01870113198 0.006040432333)
(1.014023256 -0.01339635343 0.003681941532)
(0.98917963 -0.01960795304 -0.006905477931)
(1.000367857 -0.02071269648 -0.001791162097)
(0.9958020998 -0.01657220116 -0.001193887362)
(0.9980161603 -0.03195075355 -0.01860058694)
(0.9914291856 -0.02464686537 -0.0139751086)
(1.000382445 -0.01622389101 -0.004894568056)
(0.9963027805 -0.01195925464 -0.00298237336)
(0.9956067057 -0.02537860095 0.03277066218)
(0.9831633047 -0.01260497696 0.04536896555)
(0.9961267328 -0.01436437429 0.05179029448)
(0.9913119476 -0.01347147376 0.02076154549)
(0.9964553746 -0.01520415718 0.0230890145)
(0.9885118648 -0.008059554872 0.03459478184)
(0.996470623 -0.009545064836 0.03793036186)
(0.9871212918 0.02726742709 -0.02115069511)
(1.000813626 0.01037973241 -0.04032522567)
(0.9845010204 0.0100449964 -0.03734941158)
(0.9992827392 0.01351291118 -0.02714475362)
(0.9923093263 0.01171369227 -0.02001538632)
(1.000598204 0.002681237293 -0.04334776613)
(0.9908402806 0.002407362783 -0.0374916155)
(0.9962607602 0.01226373621 0.05490695344)
(0.986931681 0.02125726659 0.02526423662)
(0.9962316938 0.02612646493 0.03432810395)
(0.9882180675 0.007494943302 0.0353435296)
(0.9963720283 0.008709080124 0.03899816873)
(0.9910899417 0.01347952983 0.02128682197)
(0.9965302465 0.01541200948 0.02385481777)
(0.9825502415 -0.0128940302 -0.03347437419)
(0.9972332893 -0.02949902959 -0.0308748021)
(0.9874552412 -0.02556195725 -0.02069551211)
(1.000229496 -0.003305885318 -0.04237040986)
(0.9901684346 -0.003503777744 -0.03557738226)
(0.9991134095 -0.0138705059 -0.02635564554)
(0.9922829937 -0.0116649563 -0.01934527212)
(1.015032282 -0.04393156809 -0.02029475465)
(1.014143629 -0.07787498947 -0.01349204738)
(1.018475909 -0.03292541903 -0.01660840694)
(1.015517871 -0.02631169543 -0.007940280816)
(1.011718565 -0.04358550186 -0.008147278639)
(1.01273649 -0.03455948666 -0.008023853066)
(1.014490968 -0.0373384133 -0.007972005267)
(1.01846648 -0.03076462604 -0.006503061349)
(1.016590488 -0.03150084314 -0.007473228294)
(1.010342292 -0.071716417 -0.01105227448)
(1.017632065 -0.02045387022 -0.008213374322)
(1.015687642 -0.03163424276 -0.009669020459)
(1.016447596 -0.02335153477 -0.008441293835)
(1.015134749 -0.03453217118 -0.007859930248)
(1.016853792 0.0363393414 0.02605850615)
(1.016069592 0.007698367772 -0.003590540517)
(1.006656765 -0.01740983893 0.01368422163)
(1.018335758 0.014449407 -0.006189933566)
(1.012023051 0.0439500963 0.02742120039)
(1.016592861 0.01844370883 -0.006357449349)
(1.013711569 0.01277814181 -0.003743314923)
(1.013232018 0.04856089686 0.02768538475)
(1.006355192 -0.01460037795 0.01372104292)
(1.01116824 0.04060846138 0.02825531678)
(1.015348871 0.01956838632 -0.005574076247)
(1.013146373 0.01923124624 -0.002520065753)
(1.014493225 0.02195168675 -0.00301948575)
(1.013243267 0.01477089562 -0.004169387244)
(0.9960115297 -0.02388174628 -0.08174817952)
(0.9950340976 -0.01356943792 -0.05350408785)
(0.9846234788 -0.05115887224 -0.08370402724)
(0.9765746164 -0.04747733577 -0.09056849748)
(0.9968303849 -0.007906008775 -0.07483838763)
(0.9797162358 -0.02707404079 -0.08703072689)
(1.004612876 -0.01517203351 -0.0569995684)
(0.9936344426 -0.06437602487 -0.04083531677)
(0.9276298963 -0.2046238576 -0.04271956392)
(0.9754838336 -0.09002167033 -0.1139925755)
(0.9816541298 -0.07576956423 -0.09057314701)
(0.9792880737 -0.07200315789 -0.01088604941)
(0.9862481229 -0.04354267269 -0.03126764285)
(0.9446720961 -0.1926901769 -0.01724440093)
(0.9087139751 -0.1126968171 -0.2382917823)
(0.9018821766 -0.05632236928 -0.1913581582)
(0.864581769 -0.1162351046 0.01262040902)
(0.9441576232 -0.05477256858 -0.06179334457)
(0.9716768086 -0.04984940054 -0.215268174)
(0.6360146068 -0.2505763817 -0.1078906718)
(0.9811581774 -0.02796901478 -0.1236048659)
(0.966583753 -0.0721482846 -0.1712038979)
(0.9624004535 -0.09514560713 -0.2144629024)
(0.9903479709 -0.0430865362 -0.1835100608)
(0.9949218802 0.0236982404 0.07275544016)
(0.9979891151 -0.002207356268 0.07728252539)
(0.9858844748 0.0195280049 0.06962356291)
(0.9774363897 0.02368341822 0.06993872241)
(0.9951006683 0.0125735346 0.08005157831)
(0.9873876767 0.02478559122 0.06661731165)
(0.9887357976 0.004930981134 0.08533588305)
(0.9872282827 0.07183764826 0.02957734141)
(0.9433862359 0.1094624763 0.100202357)
(0.9778097031 0.06664766706 0.07945485266)
(0.9595608771 0.06990211268 0.06271677522)
(0.9749033005 0.06180450523 0.0262375301)
(0.9790365972 0.06417158422 0.01844836131)
(0.8987845499 0.09013710663 0.07171202325)
(0.9770451446 0.01116085109 0.09366142108)
(0.9553984842 0.03263467108 0.09753612222)
(0.9399090075 0.03990009126 0.08434702129)
(0.9630748689 0.0194235653 0.09801113429)
(0.9273364072 0.05186651035 0.1113349532)
(0.9115227601 0.03521677717 0.1122935172)
(0.7772674022 0.1378991207 0.02636910589)
(0.8982195138 0.05214848914 0.04399538867)
(0.93659781 0.02508571156 0.09736751391)
(0.8203858755 0.1371089119 0.1323797531)
(0.9959995024 0.02614829494 -0.07270633947)
(0.9923979838 0.008668470515 -0.06162021819)
(0.9916766061 0.03776229538 -0.07583453192)
(0.9819610213 0.04380169734 -0.07398033762)
(0.9953692428 0.01572700531 -0.07732409189)
(0.9820449547 0.03122684847 -0.07668600166)
(1.000680779 0.02178733862 -0.06518147279)
(0.9479954053 0.09103054282 -0.1702075553)
(0.8972952321 0.06081657999 -0.2176463121)
(0.8921929278 0.1154723788 -0.02669928349)
(0.9655730869 0.05794083937 -0.2084657926)
(0.9426406124 0.06117955644 -0.07021107383)
(0.82608058 0.1947829539 -0.09925892078)
(0.9763480278 0.009861922498 -0.1264066895)
(0.9810327919 0.04559253167 -0.1355787433)
(0.9758495749 0.06898896236 -0.1621175291)
(0.9852207912 0.03962740625 -0.1801842064)
(1.001541934 0.06481641789 -0.0395953414)
(0.9645005453 0.1666269813 -0.04269043919)
(0.9926187759 0.07715735203 -0.1054636428)
(0.982434578 0.06119278463 -0.07617577625)
(0.9816321116 0.06696692998 -0.02214554219)
(0.9861474739 0.04611751681 -0.03055043476)
(0.9576748521 0.1442967962 -0.02861584271)
(0.9830344627 -0.007558388332 0.09501564778)
(0.9744011957 -0.03770753231 0.1005566682)
(0.981902907 -0.05038829239 0.08174807323)
(0.9682642594 -0.008130095591 0.1017510422)
(0.9579087227 -0.04864934434 0.1697501691)
(0.9171851665 0.006093713559 0.1055907729)
(0.7348296257 -0.1922647796 0.137777494)
(0.9429808472 0.01369569334 0.1038617426)
(0.9242476495 -0.04268609619 0.1031851948)
(0.799651154 -0.2030489633 0.227060501)
(0.9965342541 -0.07492885018 0.0270929796)
(0.9426473233 -0.126443186 0.08240231209)
(0.9907053621 -0.07518964009 0.08708551982)
(0.9727078214 -0.08001637932 0.06472277013)
(0.9792022906 -0.07054831802 0.02566947082)
(0.9866432383 -0.06677112259 0.01547490276)
(0.9028441753 -0.09920019271 0.0746302755)
(1.018335882 0.0373666402 -0.02090062954)
(1.016448902 0.0670055837 -0.01313842193)
(1.02065712 0.02692649246 -0.01615228695)
(1.016091178 0.02407026291 -0.009198399699)
(1.012819392 0.03947936841 -0.01051659945)
(1.013295612 0.03234695204 -0.009263261939)
(1.015640024 0.03256934539 -0.0109052457)
(1.020971234 0.02712127248 -0.005776432676)
(1.012744066 0.06048615855 -0.008840902417)
(1.017578873 0.02667076454 -0.01046455626)
(1.018524107 0.02727487856 -0.0087039596)
(1.017869286 0.01885158913 -0.009291118827)
(1.016825037 0.02163928791 -0.009584051469)
(1.016222336 0.02960002672 -0.010897542)
(1.020858585 -0.03993642027 0.02370623109)
(1.010140191 0.00900339121 0.01596176691)
(1.017516868 -0.01363126401 -0.005885052492)
(1.015960899 -0.04854980095 0.0250670108)
(1.018877021 -0.01709351127 -0.006604857406)
(1.016970503 -0.02149699352 -0.006741482164)
(1.015393495 -0.01906294729 -0.00626686514)
(1.016670767 -0.05424610389 0.02605153539)
(1.010347088 0.008404759727 0.01497047363)
(1.015154803 -0.04496894963 0.0261153273)
(1.015813767 -0.022510598 -0.00602962816)
(1.014659844 -0.02539980788 -0.004974374553)
(1.014926988 -0.02514661173 -0.003402462984)
(1.014902441 -0.02087133588 -0.006340075119)
(1.016741456 -0.06692625829 0.01335961507)
(1.018361388 -0.03713406042 0.02094812752)
(1.020698907 -0.02656467652 0.01625334984)
(1.016109286 -0.02404796505 0.009087622732)
(1.012871902 -0.03945442491 0.01058175874)
(1.015677793 -0.03253101732 0.01098306779)
(1.013311787 -0.0323752101 0.009168665028)
(1.017619664 -0.02665408953 0.01049300163)
(1.013030065 -0.06035810755 0.008976534877)
(1.021010627 -0.02685346257 0.005846255788)
(1.017881052 -0.01877391151 0.009170957964)
(1.018566919 -0.02698979412 0.008785946101)
(1.016840844 -0.02158793865 0.009469244345)
(1.016303926 -0.02957678262 0.01095094201)
(1.01758567 0.0136171981 0.005760610623)
(1.010324745 -0.008980078635 -0.0159752123)
(1.020902922 0.0402493988 -0.02361056374)
(1.018878074 0.01723434839 0.006422314594)
(1.015976206 0.0488289522 -0.02500442437)
(1.016971523 0.02161046137 0.006547342249)
(1.01543328 0.01893594082 0.006118641592)
(1.010528407 -0.008503394425 -0.01502855844)
(1.016638892 0.05441358412 -0.02612029362)
(1.015149611 0.04522910294 -0.02610012521)
(1.015809659 0.02260966211 0.005817222815)
(1.014658264 0.02529555894 0.0047706361)
(1.014959203 0.02076809174 0.006159236022)
(1.014907045 0.02522017846 0.003172337461)
(0.9662184466 -0.1656396351 0.04462930846)
(1.000996346 -0.06440800495 0.04032995669)
(0.992394501 -0.07790335436 0.1058349316)
(0.9824449591 -0.06350966079 0.07686495656)
(0.98150532 -0.0650238629 0.02350898429)
(0.9600560032 -0.1422559329 0.03200693638)
(0.9857570862 -0.04600822456 0.03061581661)
(0.9431290409 -0.08133976798 0.1650588512)
(0.901893875 -0.09087412435 0.040609048)
(0.9178275171 -0.0545620518 0.1851255021)
(0.840550638 -0.174327739 0.1167180566)
(0.9459708075 -0.04951109744 0.06509502981)
(0.9763079198 -0.0438454123 0.1803018081)
(0.9938650717 -0.0116137398 0.1204705449)
(0.990331277 -0.04744067178 0.137726117)
(0.9848947192 -0.06178014086 0.1589598281)
(0.9973496497 -0.03249217968 0.1589188569)
(1.001713235 -0.009651620356 0.0675298058)
(0.9972886461 -0.02499574294 0.07274422032)
(0.995860187 -0.03760011385 0.07851027883)
(0.9837085982 -0.0407514937 0.07834610273)
(0.9941350486 -0.0138919463 0.07413071366)
(1.002661566 -0.01992193149 0.0692580212)
(0.982488547 -0.02905962673 0.076490851)
(0.9891552333 0.007553284663 -0.09487430747)
(0.9790953245 0.03779584625 -0.101047296)
(0.9853779676 0.04963013944 -0.08222306125)
(0.9713674171 0.007441540973 -0.1008332781)
(0.9606091307 0.04365206186 -0.1698068717)
(0.7384261996 0.1719994617 -0.1500623133)
(0.9220941607 -0.01167306065 -0.08432503058)
(0.798308486 0.195405459 -0.2294374893)
(0.9274268058 0.03104458549 -0.0994042964)
(0.9426807443 -0.01565289882 -0.09989529447)
(1.005544233 -0.0004218628907 -0.07690370935)
(1.002937394 0.0248552055 -0.07656179104)
(1.002045996 0.02568701423 -0.07307281925)
(0.9963068688 0.02776669372 -0.07672665572)
(0.9979450237 0.009695326881 -0.08033407955)
(0.9958184714 0.002017922708 -0.08630640126)
(0.9967335274 0.02506387165 -0.07161194749)
(0.9933652302 0.03020589652 0.1154486173)
(0.9722371014 0.06909099106 0.1726090452)
(0.9653387367 0.08566434264 0.2147601335)
(0.9977395441 0.03556259809 0.1675217017)
(0.9312207607 0.1988686268 0.04703681278)
(0.9939598141 0.06383535885 0.04057046464)
(0.9767353395 0.08898577746 0.1146756427)
(0.981962089 0.07678581591 0.08844872691)
(0.9796142891 0.07052065242 0.01221172901)
(0.9465669124 0.1859960713 0.02137849074)
(0.9857504509 0.04318059051 0.02995541598)
(1.00287559 0.01294814541 0.06114469961)
(0.9961203292 0.02364184737 0.0829149672)
(0.9872507951 0.04910840372 0.08787346966)
(0.9761705946 0.04491784847 0.09661274176)
(0.9954601086 0.005001657847 0.07221026273)
(1.00564672 0.01044916161 0.06243342964)
(0.9804757098 0.02596829891 0.08807472156)
(0.9310208138 -0.04796132087 -0.112902057)
(0.7868053474 -0.124829694 -0.05039682884)
(0.9170598714 -0.02653800531 -0.09045824015)
(0.8250801331 -0.1349958692 -0.1370197205)
(0.9357809197 -0.01988479389 -0.0941385577)
(0.9032862019 -0.03921394457 -0.04889143704)
(0.9447928555 -0.1098658508 -0.1009708663)
(0.9880585842 -0.07185045197 -0.03000384584)
(0.9786677701 -0.06709367086 -0.07995780068)
(0.9611260985 -0.06934435333 -0.06374753609)
(0.9756420007 -0.06218151706 -0.02700337252)
(0.9004201807 -0.09046740838 -0.07320908125)
(0.9796448085 -0.0641382992 -0.01925944455)
(1.001301127 0.002783193555 -0.07660163788)
(0.9952975435 -0.02247828774 -0.07263333967)
(0.9887579109 -0.01882612084 -0.0691782906)
(0.9795385061 -0.02208495058 -0.06938116558)
(0.9948724733 -0.01156597544 -0.07886820158)
(0.9910219025 -0.00356458269 -0.08335656275)
(0.9873049314 -0.02335503719 -0.06619739947)
(1.010871647 0.07092493244 0.01151659032)
(1.016694528 0.03084121071 0.007475520021)
(1.01896366 0.03024409328 0.006693559099)
(1.016198417 0.03110688598 0.009860406824)
(1.017708104 0.02021647377 0.007935531696)
(1.016515844 0.02311141754 0.008162260559)
(1.015226535 0.03385750475 0.007856522321)
(1.006894836 0.01426130161 -0.01349358631)
(1.013721188 -0.04909120698 -0.02779767299)
(1.011777173 -0.0412381494 -0.02820886477)
(1.015462103 -0.01980001167 0.005245204487)
(1.013408089 -0.01980580224 0.002394606492)
(1.013510406 -0.01555565122 0.004051741676)
(1.014590843 -0.02214436739 0.002673482498)
(1.013654634 -0.008573118763 -0.007118275236)
(1.011458893 -0.01153458397 -0.01196552401)
(1.013608633 -0.008267822652 -0.008319588094)
(1.011664868 -0.01488837627 -0.01017860727)
(1.013624153 -0.01144939208 -0.008529355265)
(1.011540226 -0.009639926734 -0.01150107883)
(1.014239335 -0.006072352504 -0.01007556132)
(1.015360351 -0.003077849267 -0.003465221277)
(1.014764493 -0.004467507801 -0.004048765311)
(1.015151784 -0.001228550297 -0.0004018578477)
(1.014987754 -0.007496989589 -0.005854802967)
(1.015431464 -0.004134240611 -0.00385582838)
(1.01567231 -0.0009861147642 -0.006148956935)
(1.016111586 0.003037468628 -0.003568599421)
(1.014570023 0.002466579955 0.0006241021817)
(1.014941482 0.002575519123 0.004421535208)
(1.014257281 0.005611733817 0.007641604225)
(1.015269889 3.749897407e-05 -0.001061939585)
(1.01461677 0.003164883957 0.0009195605295)
(1.015843481 0.008475609336 0.000875473962)
(1.015098576 0.01260833107 0.003501250071)
(1.01179599 0.007314778082 0.004616486147)
(1.012777085 0.009069223914 0.01248067516)
(1.010886209 0.0118469125 0.01477989081)
(1.013373553 0.006980771782 0.003437660335)
(1.011630663 0.009725260603 0.005281270808)
(1.013629687 0.01777869201 0.00720475995)
(1.011451514 0.02190701364 0.009454424456)
(1.013674273 0.008249770961 -0.008011461975)
(1.011784598 0.01132295635 -0.008869823305)
(1.013594617 0.008293859191 -0.00677429828)
(1.011736003 0.00951765063 -0.01095087218)
(1.014307686 0.005881771695 -0.00934092924)
(1.011740593 0.01457556255 -0.009767044813)
(1.013680948 0.01110375175 -0.008096272417)
(1.015223387 0.001342405723 -0.0001727571456)
(1.01489108 0.005571181082 -0.005046267318)
(1.01526797 0.00280244178 -0.003164776675)
(1.015710557 0.0007648336467 -0.005242498187)
(1.016120554 -0.003287741025 -0.002626115801)
(1.015037913 0.007172578703 -0.005487700565)
(1.015491275 0.003829501977 -0.003533527057)
(1.014330527 -0.005416716516 0.007794674943)
(1.015023143 -0.000431908999 -0.000714678151)
(1.014474583 -0.002757343202 0.0009399640089)
(1.01584526 -0.008748142851 0.001786794623)
(1.015060934 -0.01288713139 0.004368525184)
(1.015330395 -0.0002965896743 -0.0007943964328)
(1.014686058 -0.003411043405 0.001192258098)
(1.01096614 -0.01170132411 0.01488055829)
(1.013127651 -0.005980637682 0.003667188626)
(1.011723979 -0.007633358716 0.004915236053)
(1.013703635 -0.01801891422 0.007999887177)
(1.011534841 -0.02216451626 0.01030775019)
(1.013470802 -0.007168583873 0.003619164846)
(1.011736621 -0.009952391113 0.005500157105)
(1.00993618 -0.007883899087 -0.001363045941)
(1.008025588 -0.01068168254 -0.00182279259)
(1.009914803 -0.008072465092 -8.791168211e-05)
(1.008382224 -0.01036975465 -0.0003053229237)
(1.009836764 -0.008204920827 -0.000192860427)
(1.00827893 -0.01185111459 -0.001389146824)
(1.010153439 -0.009044588285 -0.001143968725)
(1.011368881 -0.003677777003 -0.001243705697)
(1.011039198 -0.004648200493 0.0008545978738)
(1.011476667 -0.001583689842 0.001948650616)
(1.010898922 -0.006071710992 -3.637102468e-05)
(1.01138418 -0.003861687374 0.0001374126864)
(1.011264045 -0.005155827561 -0.0009192153127)
(1.011692932 -0.001618529014 -0.0007907802412)
(1.010740014 0.000717847379 -0.0008112022704)
(1.011389938 0.002061926187 0.00339955406)
(1.010829053 0.005098047638 0.004164281806)
(1.011260317 -0.001401517163 0.0004118339605)
(1.010829558 0.000583214511 0.0006828206676)
(1.011492662 0.002405988704 -0.0006533726313)
(1.010870747 0.005878179973 -0.0004942787439)
(1.008716456 0.004435030467 -0.000229258314)
(1.009707603 0.008250516861 0.006135735385)
(1.008192329 0.01091075865 0.006102052298)
(1.009982968 0.002757872521 0.001045542133)
(1.008753712 0.004306824875 0.00128808026)
(1.00983673 0.009181930844 -0.0003841766039)
(1.008284134 0.01248847322 -0.0002455000685)
(1.000880245 -0.04587541727 -0.04686308436)
(1.009063967 -0.0375261839 -0.02540090931)
(1.003028854 -0.0379248116 -0.03993953075)
(1.002740629 -0.05420405934 -0.02385522514)
(1.011250749 -0.03086112162 -0.03509956304)
(1.0097396 -0.04839021884 -0.01775910639)
(0.9957214102 -0.05051595714 -0.05555248006)
(0.9918514725 0.01879957765 0.04817864728)
(1.008326111 0.01806110656 0.02412221617)
(1.012733734 0.005657403212 0.05760565276)
(1.010684525 0.02698122812 0.04398960248)
(1.008361591 0.01011267902 0.05584509224)
(1.004369417 0.0306374366 0.04002609956)
(0.9989496233 0.01306393948 0.04443514154)
(0.9638534648 0.04489700484 -0.07562909279)
(0.9745212492 0.01918320598 -0.08035857566)
(0.9644838671 0.02235639659 -0.04653569905)
(0.9531346093 0.02554368768 -0.08871992338)
(0.9684122107 0.02971603841 -0.0613230964)
(0.9714732141 0.0296677496 -0.09339023143)
(0.9553164982 0.03121250907 -0.04731516847)
(1.009943182 0.007838312533 -0.0001783087455)
(1.008532521 0.009701467732 -0.001932488171)
(1.00995033 0.007670528336 -0.00144235151)
(1.008303655 0.01147299588 -0.001773943329)
(1.010168528 0.008606984588 -0.001605740275)
(1.008384498 0.01020110721 -0.0004671310255)
(1.009845107 0.008004772466 -0.0003746924437)
(1.011488474 0.001400308921 0.00196687621)
(1.011003739 0.005644892952 -0.001544291254)
(1.011370254 0.003469456138 -0.001312180333)
(1.011271608 0.004701369459 -0.001423608596)
(1.011685844 0.00113271364 -0.001326073611)
(1.010900583 0.005857533863 -0.0002293663653)
(1.011388813 0.003635952126 -6.72874989e-05)
(1.010827891 -0.005248180301 0.00420896845)
(1.01118245 0.001024318439 -0.001013224219)
(1.010746293 -0.0009186392267 -0.0008663198819)
(1.011473496 -0.002944567189 -0.001203973562)
(1.01084562 -0.006428065166 -0.001096340475)
(1.011262781 0.00116909367 0.0002251006457)
(1.010838128 -0.0008213857242 0.000503035507)
(1.008220877 -0.01100126428 0.006156091204)
(1.009861344 -0.003180947222 -0.0002298473924)
(1.008731002 -0.004622493582 -0.0002790434684)
(1.009812381 -0.009827255092 -0.0009456221846)
(1.008262659 -0.0129399409 -0.0008391442611)
(1.009998891 -0.002977240122 0.0008652054818)
(1.00876525 -0.004555362996 0.001113901349)
(1.009838083 -0.008017195073 0.0003493479632)
(1.008302467 -0.01149393956 0.001770448453)
(1.010167086 -0.00862618579 0.001594406484)
(1.008518567 -0.0097185978 0.001916810348)
(1.009936435 -0.007695172745 0.001416884455)
(1.00807477 -0.0105062179 0.001888240484)
(1.00994387 -0.007888228538 0.000170472688)
(1.011378522 -0.003642067349 3.233035873e-05)
(1.011268745 -0.004720207262 0.001403974704)
(1.011679811 -0.001151062682 0.001299479709)
(1.0109971 -0.005671275695 0.001510472635)
(1.011354723 -0.003497961191 0.001277648352)
(1.011055654 -0.004499817313 -0.0008588141507)
(1.011488115 -0.001460438575 -0.001994147296)
(1.010825345 0.0008192167427 -0.0005515927524)
(1.011465279 0.002927318236 0.001165390236)
(1.010836555 0.006409378995 0.001049151056)
(1.011166831 -0.001054543674 0.0009721770082)
(1.010726837 0.0008838346669 0.0008193613508)
(1.01139514 0.00214561075 -0.003472813757)
(1.010819424 0.005176732862 -0.004253215728)
(1.00874448 0.004554472921 -0.001186427873)
(1.009796944 0.009809251564 0.0008676662948)
(1.008244652 0.01291416273 0.0007383005201)
(1.009834402 0.003143890715 0.0001700278703)
(1.008700836 0.004575774205 0.0002051822731)
(1.009711857 0.008265429894 -0.006255193515)
(1.008201422 0.01091379473 -0.00622798485)
(0.969700067 -0.07446560989 0.05498561454)
(0.9698120416 -0.0549511133 0.0139345228)
(0.9610272565 -0.05678598567 0.01560197693)
(0.9757977664 -0.03770648102 0.01020783556)
(0.9535839083 -0.1398856919 0.0252003425)
(0.9759315627 -0.04690076012 0.0183982922)
(0.9679212959 -0.03996040419 0.01994110543)
(0.8166108558 -0.06971203011 -0.02233291936)
(0.905186169 -0.0126571333 -0.01224283668)
(0.9105323426 -0.008136261483 0.03742202893)
(0.9386845086 0.01961855214 0.02774775813)
(0.8212840815 -0.04398164264 0.06127114809)
(0.8565273171 -0.04277864398 -0.01644420664)
(0.9327890574 0.0005261182711 0.02579794824)
(1.006871069 0.0436137833 0.01411835331)
(1.001268903 0.03945694589 0.01321679616)
(1.006080133 0.03218639195 0.01329128159)
(1.008088684 0.03688827496 0.005781110038)
(1.002248778 0.04293347597 0.005882476471)
(1.006980123 0.04207073204 0.005341928354)
(1.002735826 0.03990258333 0.009125476231)
(1.004962171 -0.02194443485 -0.01121304842)
(1.011048659 -0.05001210278 -0.02556604404)
(1.007153143 -0.04835257924 -0.02012319793)
(1.009292734 -0.02498863947 0.000376310226)
(1.01090809 -0.02162995975 0.001404851653)
(1.007390282 -0.02051190233 0.001489333511)
(1.012024371 -0.02486654342 -2.655170787e-05)
(1.010153042 0.008970584878 0.001102187574)
(1.008376131 0.01033034182 0.0002778046535)
(1.009833757 0.008163357562 0.0001576428304)
(1.008028091 0.01065528296 0.001778216544)
(1.009919594 0.008047159532 3.949339987e-05)
(1.008510767 0.009857582826 0.001807236675)
(1.009928929 0.007861469127 0.001309782508)
(1.011693218 0.001532202495 0.000734490238)
(1.010894174 0.006031160587 -9.508519684e-06)
(1.011384565 0.003821446816 -0.0001808335436)
(1.01104678 0.004622276244 -0.0009193678918)
(1.011485193 0.001558741751 -0.002022798852)
(1.010985384 0.005838645473 0.001407167802)
(1.011365639 0.003665095994 0.001174042371)
(1.010868951 -0.005973510885 0.0004103383882)
(1.011261807 0.001362637662 -0.0004650121588)
(1.010831342 -0.0006208429929 -0.000744024637)
(1.011396862 -0.002089552652 -0.003485186455)
(1.010836298 -0.005114411915 -0.004253714453)
(1.011177519 0.001222364421 0.0008712495672)
(1.010737598 -0.0007198374071 0.0007219878543)
(1.008288767 -0.01259776354 0.0001171400224)
(1.009985945 -0.002792346545 -0.001119275892)
(1.008759522 -0.004347465161 -0.001376141477)
(1.00971011 -0.008279788717 -0.006247194169)
(1.008199438 -0.01090660332 -0.006221367636)
(1.009845995 -0.002997219148 7.999841347e-05)
(1.008713213 -0.00442624082 0.0001059226365)
(1.013641859 -0.0111265106 0.008119213356)
(1.011757752 -0.009609693819 0.01103787785)
(1.014329885 -0.005986923645 0.00940767444)
(1.011745579 -0.01133526452 0.008875859746)
(1.013563862 -0.008308375463 0.006770914798)
(1.011556151 -0.01145582991 0.01178472902)
(1.013674535 -0.008253602922 0.008065699701)
(1.015439423 -0.003830892275 0.003556178113)
(1.015736309 -0.0008592353197 0.005298787519)
(1.016132434 0.003199881744 0.002677788236)
(1.014869563 -0.005589264681 0.005042685713)
(1.015237806 -0.002831183 0.00316223947)
(1.014826208 -0.00452954516 0.003798974319)
(1.015214493 -0.001347912381 0.000187266806)
(1.014635281 0.003407679043 -0.001173761671)
(1.015846231 0.008671402796 -0.001744275907)
(1.015029068 0.0128059618 -0.004338506326)
(1.014983047 0.0003927556489 0.0007020333504)
(1.014431143 0.002695929536 -0.0009518668443)
(1.014984614 0.002414519639 -0.004580510343)
(1.01429202 0.005390801238 -0.007810268305)
(1.011658369 0.009933860442 -0.005501268198)
(1.013676621 0.01791292359 -0.007983851312)
(1.011487603 0.02205327824 -0.01031922585)
(1.013070839 0.005889778478 -0.003690059934)
(1.01165151 0.007522247018 -0.004942825309)
(1.012749053 0.008931698337 -0.01246075412)
(1.010893469 0.011632921 -0.01492632528)
(1.014260311 0.006174298039 0.01001198662)
(1.011628221 0.01493863555 0.01008361701)
(1.013602674 0.0114992201 0.008418886479)
(1.011448194 0.01157362875 0.0119829766)
(1.013607289 0.008324266762 0.008317742166)
(1.011788581 0.01162396764 0.009119858631)
(1.013616665 0.008611756176 0.00701147584)
(1.0161341 -0.002942340473 0.003484896081)
(1.014946837 0.007540591147 0.005734862794)
(1.015407984 0.004179289882 0.003732000998)
(1.01476714 0.004538072626 0.004035214184)
(1.015152178 0.001311344228 0.0003778476493)
(1.014904042 0.005892337333 0.005254521099)
(1.015328461 0.003144722401 0.003350426785)
(1.015090487 -0.01250802069 -0.003590957645)
(1.015254229 1.199100229e-05 0.000933188352)
(1.014597341 -0.00310395648 -0.001052681384)
(1.014929156 -0.002485880896 -0.004457933423)
(1.014238644 -0.005494636969 -0.007683138777)
(1.015070322 -6.55663037e-05 0.000886079296)
(1.014532702 -0.00235735193 -0.0007516997771)
(1.011447219 -0.02175791691 -0.009588813484)
(1.013350843 -0.006912623168 -0.003581697969)
(1.011604164 -0.009647741697 -0.005440420562)
(1.012732506 -0.008955954174 -0.01251547433)
(1.01084434 -0.01168678164 -0.01484640312)
(1.01318068 -0.005532703216 -0.003461682036)
(1.011745424 -0.007151971653 -0.00476332815)
(0.9979775529 -0.03868936214 -0.04768380579)
(1.010258224 -0.03555820563 -0.02633448511)
(1.011959189 -0.02423462394 -0.0364065948)
(1.011823939 -0.04437087745 -0.02392531366)
(1.010647611 -0.02715570337 -0.03508367939)
(1.00929936 -0.04667923457 -0.01972770393)
(1.003119178 -0.03263873342 -0.05295949019)
(0.9915752229 0.02364273957 0.04174532119)
(1.004268296 0.02204483699 0.02391650988)
(1.004016084 0.01981008008 0.0601390537)
(1.001202213 0.03826150308 0.03789331598)
(1.005934967 0.01385742221 0.05587804892)
(1.002471913 0.03253704192 0.03674151785)
(0.9951427382 0.03385214175 0.0627920198)
(1.010744091 0.04149277428 -0.04866912877)
(1.004420655 0.03494536234 -0.04053366965)
(1.008890905 0.03388594233 -0.02516896809)
(1.004655865 0.0486809112 -0.02547051587)
(1.013445031 0.02858536552 -0.03332852817)
(1.004683626 0.04626433414 -0.05761178679)
(1.011560006 0.0418579414 -0.01985283585)
(1.008203168 0.03418041647 -0.04970889098)
(1.015153243 0.02278138132 -0.03332993817)
(1.010503564 0.03216163068 -0.02638201454)
(1.014583213 0.0377439835 -0.02516655059)
(1.013379853 0.02550581972 -0.03296635738)
(1.014082722 0.02803272358 -0.05415113106)
(1.011493406 0.04016118364 -0.02167780598)
(1.004083651 -0.02297955687 0.04811169956)
(1.017239985 -0.006454477054 0.05959542596)
(1.009121991 -0.02089808782 0.02429383979)
(1.015686102 -0.0318531402 0.04332395606)
(1.011962176 -0.01140227456 0.05763272235)
(1.011497121 -0.01666742031 0.04409733657)
(1.008450651 -0.03593022884 0.03801968276)
(1.003925482 -0.02773285966 0.04206119198)
(1.007693733 -0.02096429301 0.06172878646)
(1.005793882 -0.02461940326 0.02434498495)
(1.005583348 -0.04320248592 0.03862238265)
(1.01009398 -0.01513374932 0.05761461495)
(1.006274978 -0.03734878298 0.06392020977)
(1.00744118 -0.03744799439 0.03643070753)
(1.012258981 -0.0417167674 0.04883089033)
(1.004424324 -0.04930458119 0.02592354313)
(1.008781401 -0.03426333143 0.02548240168)
(1.00484744 -0.0351218093 0.04104607238)
(1.011042953 -0.04239131972 0.01989723475)
(1.005612152 -0.04648392013 0.05787290826)
(1.013806744 -0.02865824062 0.03358317413)
(1.009772419 -0.03430441028 0.04988590649)
(1.014448315 -0.03829239587 0.02514852289)
(1.010451209 -0.03257170185 0.02667873979)
(1.015996641 -0.02294652266 0.03369679135)
(1.011324795 -0.0405674957 0.0216866388)
(1.015282266 -0.02817174696 0.05424788857)
(1.014032881 -0.02563317007 0.03332349687)
(1.005635545 0.02297198431 -0.04836796856)
(1.015692373 0.03164492291 -0.04332822276)
(1.009071696 0.02027273486 -0.02418937186)
(1.017992136 0.006096425409 -0.05961456006)
(1.008394965 0.03563179607 -0.03804094029)
(1.013136795 0.01677003276 -0.04432023921)
(1.012551944 0.01099383949 -0.05762631915)
(1.005340634 0.02764174443 -0.04232687355)
(1.005478746 0.04275420125 -0.03877529559)
(1.005702146 0.02392111411 -0.02431988462)
(1.008034857 0.02040954179 -0.06166198902)
(1.007299468 0.03707536636 -0.03649537878)
(1.00757322 0.03669365804 -0.06431923953)
(1.010583664 0.01460906831 -0.05761112167)
(1.001668659 0.04501070894 0.04736201843)
(1.002790238 0.05448529376 0.02417164649)
(1.003167426 0.03816182322 0.04036085536)
(1.009013379 0.03802714734 0.0254105412)
(0.9964157599 0.04986059777 0.05613267951)
(1.009778803 0.04841189808 0.01788017406)
(1.011394483 0.03107338225 0.03522684312)
(0.9988056006 0.03769535378 0.04819245077)
(1.011917386 0.04436676416 0.02384086433)
(1.012260979 0.02434625657 0.03651023201)
(1.010303431 0.03611243552 0.02632442114)
(1.0040129 0.03162662261 0.05338393587)
(1.009364755 0.04676364877 0.0197884677)
(1.010900833 0.02734247069 0.03522247751)
(0.9933960518 -0.0198287724 -0.04830739106)
(1.011115005 -0.02699024189 -0.04416197455)
(1.013146968 -0.005351944579 -0.05762182463)
(1.008384711 -0.01724102308 -0.02433361425)
(1.000650848 -0.01418986667 -0.04452337784)
(1.004728181 -0.03052114776 -0.04024205561)
(1.008586133 -0.009776388807 -0.0558381334)
(0.9931062129 -0.02447125604 -0.04191681852)
(1.001451464 -0.03788347939 -0.03834871948)
(1.004044956 -0.0190996119 -0.0600725606)
(1.004316088 -0.02114884197 -0.02420951073)
(0.9962574266 -0.03411632701 -0.06305559716)
(1.002783033 -0.03229079997 -0.03704890991)
(1.006215209 -0.01332438979 -0.05585409686)
(1.001262649 -0.03976645928 -0.013197483)
(1.006754177 -0.04441418446 -0.01389645297)
(1.006004605 -0.03240585644 -0.01345146087)
(1.008176832 -0.0370978051 -0.005997539298)
(1.002196199 -0.04336113759 -0.005838913322)
(1.002780896 -0.04021074938 -0.009129410124)
(1.006920863 -0.04252643127 -0.005382979296)
(1.010578014 -0.03102667366 -0.01749544504)
(1.007433631 -0.04382330757 -0.01514666551)
(1.0074775 -0.03082064711 -0.01558427319)
(1.010242755 -0.03643942112 -0.005955104825)
(1.009763178 -0.04329758052 -0.006725191499)
(1.011067323 -0.03501293303 -0.005350571688)
(1.009119087 -0.04325956622 -0.00576949671)
(1.010625539 0.04955912614 0.02537414553)
(1.004461271 0.02149467467 0.01110386054)
(1.006737999 0.04793762583 0.01985298241)
(1.009209071 0.02484913552 -0.0008149193978)
(1.010667374 0.02107501965 -0.0015824229)
(1.011936924 0.02471424482 -0.0003616713866)
(1.00716347 0.01997475403 -0.001727945522)
(1.002809894 0.05164600193 0.01920588352)
(1.003713421 0.02102181546 0.009823564195)
(1.004951913 0.04570320518 0.01857997331)
(1.006167148 0.0257423172 0.000490612812)
(1.002255143 0.02035101709 -0.001285295622)
(1.00399805 0.02649169209 0.0002450725956)
(1.004794511 0.02019844889 -0.001527164771)
(0.9580373509 -0.0468270313 -0.1051609807)
(0.9617447006 -0.02039544957 -0.0456017086)
(0.9749566834 -0.01431605513 -0.07818796843)
(0.9529577929 -0.02436630263 -0.0879012138)
(0.9634374671 -0.02672976967 -0.06923692363)
(0.9516776863 -0.02800409053 -0.05006622577)
(0.9718455437 -0.02301511045 -0.08925391342)
(0.9691260063 -0.09815116873 -0.07767389023)
(0.9736500092 -0.04065833144 -0.008441931939)
(0.9680474494 -0.06257177099 -0.008422138097)
(0.9579481472 -0.0684956324 0.007944526191)
(0.973398673 -0.04881137753 -0.01824705577)
(0.9715712738 -0.03905281325 -0.01341758867)
(0.9297508721 -0.2009018931 -0.0007298014085)
(0.9608675813 0.03056131378 0.07956440088)
(0.9603095409 0.02899555767 0.0433177375)
(0.981512314 0.01589629618 0.07929450114)
(0.952157452 0.01797015474 0.08840024997)
(0.975025751 0.03065617143 0.06480085468)
(0.939869991 0.02578700802 0.02976376363)
(0.9716546984 0.01035745877 0.09825036632)
(0.9499195638 0.07622140899 0.04309190072)
(0.9706124173 0.04016328435 0.01460611015)
(0.9707264877 0.04970432521 0.02308665331)
(0.9021364424 0.06297048165 0.04175799807)
(0.9732916614 0.05392514323 0.01717699118)
(0.947504268 0.04610821554 0.0006649428582)
(0.90302446 0.1150777813 0.05048177203)
(0.9689137758 0.07240548789 -0.05329096149)
(0.9756454685 0.0378807149 -0.01033126335)
(0.9591146518 0.06300043566 -0.01032335117)
(0.9699868329 0.05606222057 -0.01247728789)
(0.9676367666 0.0404802578 -0.01981370332)
(0.9760060824 0.04695038897 -0.01831092432)
(0.9503041073 0.1408138905 -0.02065498613)
(0.9780205533 -0.03473757661 0.1080383981)
(0.9839253879 -0.008838199517 0.08221069357)
(0.9692214546 -0.03039733748 0.06340697571)
(0.9539552258 0.003870480154 0.09016340432)
(0.9844097917 -0.02972227196 0.07941407642)
(0.973997645 0.00105356768 0.1046487315)
(0.955612902 -0.03255537942 0.0756437198)
(0.9622509865 -0.1080130998 0.03915696583)
(0.9771783461 -0.03533295993 0.01807242111)
(0.9145271586 -0.1282846072 0.0008128725658)
(0.9768894235 -0.0620428326 0.01863935296)
(0.9559254003 -0.09066229448 -0.005277853758)
(0.9815549301 -0.05982179642 0.01576977196)
(0.9106656041 -0.1807829632 0.01356365268)
(1.001853045 0.03783260974 -0.01545515902)
(1.007496615 0.04085589393 -0.01584981513)
(1.006795342 0.03139997923 -0.01513430984)
(1.007896591 0.03570998616 -0.00738000319)
(1.002674263 0.04057112816 -0.008101106394)
(1.002493337 0.03825870296 -0.01097942481)
(1.007509022 0.03967074589 -0.007258882317)
(1.012918538 0.03001661848 -0.01899711232)
(1.008445437 0.04141788059 -0.01765474043)
(1.008623089 0.03039812834 -0.01707953206)
(1.009954413 0.03541985591 -0.007310403975)
(1.010531259 0.04054449053 -0.008541466542)
(1.011276791 0.03404778289 -0.006630199101)
(1.009464932 0.04037966626 -0.007458719822)
(1.0130077 -0.05336921518 0.02361719721)
(1.008312331 -0.02524414323 0.008508423154)
(1.009057849 -0.05136406214 0.018315797)
(1.009301272 -0.02707025146 -0.001065973267)
(1.011934572 -0.02668055987 -0.004128681435)
(1.012141328 -0.02717060822 -0.0006508974647)
(1.008046025 -0.02538684644 -0.003898286271)
(1.005828904 -0.05661346028 0.01831638268)
(1.007391434 -0.02451276803 0.006990188805)
(1.007903497 -0.04993969351 0.0173477535)
(1.006513499 -0.02814975538 3.09676428e-05)
(1.003342872 -0.02519200408 -0.003438122289)
(1.00431805 -0.02862985311 -0.0004873831439)
(1.00582252 -0.02587961236 -0.003508871183)
(1.007493885 -0.04073339179 0.01615954373)
(1.001779796 -0.03797951603 0.01562826057)
(1.006797982 -0.03141221417 0.01509824745)
(1.00786446 -0.03582292631 0.007359822384)
(1.002734454 -0.04064284904 0.00825746056)
(1.007591761 -0.03970535389 0.007319647201)
(1.00244799 -0.03837424465 0.01115934727)
(1.00848586 -0.04128722606 0.01789632812)
(1.012848577 -0.02996188163 0.01880526672)
(1.008593267 -0.03039450104 0.01694520356)
(1.0099463 -0.03551459825 0.007219833244)
(1.01058477 -0.04050432635 0.008577208883)
(1.009555333 -0.040358643 0.007495006093)
(1.011285972 -0.03412097245 0.006512111771)
(1.008384619 0.02519984483 -0.00879368622)
(1.012936798 0.05347734031 -0.02374438321)
(1.008954214 0.05141065174 -0.01849960649)
(1.009244017 0.02707076484 0.0007629633229)
(1.011950049 0.02656371154 0.003906763785)
(1.008056939 0.02525519828 0.003632142468)
(1.01210477 0.02719692641 0.0003822213444)
(1.007438934 0.02440432453 -0.007362326773)
(1.005666962 0.05658392382 -0.01861550246)
(1.007781417 0.04995761862 -0.01760610509)
(1.006432189 0.02812038277 -0.0003971626683)
(1.003296526 0.02504453387 0.003086629882)
(1.005808639 0.02574197782 0.003190246609)
(1.004203703 0.0285798375 8.147841951e-05)
(0.9651232267 -0.04206403954 0.08218678881)
(0.9552262856 -0.02479566799 0.07996589866)
(0.9658495543 -0.02098378066 0.04462911014)
(0.9747161346 -0.01718579939 0.07439148354)
(0.9566662119 -0.02846558559 0.04770620701)
(0.9719041489 -0.02689862324 0.08962615117)
(0.969228476 -0.02746977313 0.06160739862)
(0.9620545967 0.1062104008 -0.03991140544)
(0.976654436 0.06142018827 -0.01974826688)
(0.9125307616 0.1266385086 -0.006924483211)
(0.9759682426 0.03245366296 -0.01894055138)
(0.9096742136 0.18059957 -0.01646510998)
(0.9810597852 0.05903194314 -0.01668058968)
(0.9564089512 0.08578285286 0.006569353058)
(0.9806234478 0.03211703478 -0.1072555563)
(0.9559063292 -0.007571302834 -0.0767108906)
(0.9694551803 0.02745351688 -0.06095635761)
(0.983610736 0.007737507943 -0.08004725069)
(0.9576657626 0.02708263115 -0.07330185455)
(0.9760847992 -0.002434900166 -0.1010506915)
(0.9851419673 0.0279583157 -0.07819509735)
(0.9696874282 0.09855652772 0.07604126956)
(0.9591041558 0.06192283373 -0.0022008339)
(0.9688890419 0.06164639308 0.009862209742)
(0.9742244124 0.03940183636 0.008379244765)
(0.933269089 0.192544088 0.004647747013)
(0.9715282281 0.03825263236 0.01331574046)
(0.9738456677 0.04818512024 0.01772809472)
(0.9570327094 0.0443599978 0.111491733)
(0.955428287 0.02305515351 0.0790574307)
(0.9749448581 0.01243771909 0.07290772106)
(0.9632057518 0.0198607829 0.04295948731)
(0.9718124817 0.01923760524 0.08631068578)
(0.9532773936 0.02634535691 0.04649060706)
(0.9634578766 0.02539896159 0.06985555501)
(0.9513518172 -0.07550447698 -0.04452278049)
(0.9026703318 -0.0641074852 -0.0455238238)
(0.971616097 -0.05036915439 -0.0244115154)
(0.970661527 -0.03975198892 -0.01635111402)
(0.9048562555 -0.1158740295 -0.05296423572)
(0.9484705188 -0.04568684188 -0.003452772401)
(0.9739211195 -0.0539947697 -0.01843126495)
(0.9629673241 -0.02772008542 -0.07940997201)
(0.9530979204 -0.01120822191 -0.07613524274)
(0.980367954 -0.0140218251 -0.0769355114)
(0.9602759566 -0.02549474883 -0.04338572067)
(0.9722407584 -0.007941598108 -0.09489929014)
(0.9422241188 -0.0194208799 -0.03246585394)
(0.9749250854 -0.02795855598 -0.06452075922)
(1.007591011 0.04305717171 0.01524520425)
(1.010683831 0.03075714333 0.01722004248)
(1.007598374 0.03055706821 0.01541761568)
(1.01024089 0.0362227298 0.005693895655)
(1.009863366 0.04280155002 0.00662624673)
(1.009179962 0.04280706692 0.005660744499)
(1.011083629 0.03479930395 0.005083065147)
(1.004198318 -0.02149538527 -0.01002348438)
(1.003284658 -0.05202628882 -0.01968357399)
(1.005372259 -0.04613514794 -0.01892718985)
(1.006259632 -0.02587960935 -0.0009935918532)
(1.00251971 -0.02068203755 0.0009417860886)
(1.005043691 -0.02077632977 0.001227176456)
(1.004090134 -0.02658612781 -0.0008113132512)
(0.9392587843 -0.009279223271 -0.02227149174)
(0.9314933888 -0.03214728731 0.001460032125)
(0.9492125297 -0.02628327104 -0.01922985699)
(0.9657365829 -0.008602006304 -0.00448111044)
(0.9544370539 -0.007727514333 -0.008414217608)
(0.9563194503 -0.007162181885 -0.009898184301)
(0.9626431166 -0.01060710042 -0.005753352373)
(0.8918916869 0.02850161588 0.03775449769)
(0.8067333477 0.08130036865 -0.002261754971)
(0.9019764864 0.02434555071 -0.03969669082)
(0.9305049779 -0.007299855792 -0.02990861097)
(0.769622708 0.0596070435 -0.04798572029)
(0.9224636495 0.01646556036 0.0006959277127)
(0.8556247196 0.04113095795 -0.005322789386)
(0.9407946882 0.01079808634 -0.01893687402)
(0.9402377583 0.03504382919 0.002067566499)
(0.9563107251 0.02632649558 -0.01600760035)
(0.9658582805 0.009055262932 -0.004626458227)
(0.9548997488 0.006957921044 -0.009136230507)
(0.9560550177 0.007267304458 -0.0112110124)
(0.9623488621 0.01033870337 -0.006587700879)
(0.9062453509 0.02531237485 0.03624399273)
(0.7806958043 -0.1236515218 0.08148742007)
(0.9386435674 -0.00341724512 0.0204102971)
(0.9620441805 0.02312917317 0.01940129169)
(0.7887350539 -0.1053112491 -0.003656239418)
(0.9449333384 0.04417378361 -0.001667092627)
(0.8469205096 -0.07849304398 0.06859067572)
(0.940347781 -0.03104577253 0.008617008943)
(0.9449717077 -0.0120455422 0.03409878355)
(0.9550510247 -0.02610348383 0.01835226612)
(0.9666281041 -0.008628808426 0.005129891673)
(0.9563468941 -0.007742120349 0.0105681295)
(0.9631247425 -0.01073339687 0.006160974609)
(0.9582614299 -0.006594127537 0.008703632142)
(0.7890288953 0.102497192 -0.08792144703)
(0.9173723306 -0.03291868843 -0.002637853842)
(0.9444168658 -0.007957352668 -0.01500233531)
(0.9659611742 -0.02940175562 -0.01593755641)
(0.8282816499 0.04635270825 0.03367806685)
(0.8466065056 0.06926675469 -0.0739436986)
(0.9454980704 -0.0418207085 0.02709819242)
(0.9361910219 0.02936133016 0.008495959471)
(0.943190757 0.01198963028 0.03500922585)
(0.9504489365 0.02610960546 0.02051311855)
(0.9666998357 0.008456532819 0.004753368541)
(0.955722827 0.008155451545 0.01020962973)
(0.963285535 0.01092395747 0.005290162232)
(0.9587935961 0.006419995684 0.008399799233)
(1.009538246 -0.01324163278 -0.009884131698)
(1.004044428 -0.01586777399 -0.01652115344)
(1.008392621 -0.01413167077 -0.01396860785)
(1.005394659 -0.0190373882 -0.01221381228)
(1.009098799 -0.01714347967 -0.01152122971)
(1.003212857 -0.01441789536 -0.01339570057)
(1.007823495 -0.01230667151 -0.01317762704)
(1.006171943 0.00995054663 0.00654571525)
(1.007665846 0.01453942262 0.01801351998)
(1.003769995 0.01612417734 0.0195748842)
(1.008702762 0.01261272276 0.007119455231)
(1.005260786 0.01281729551 0.007582583024)
(1.007983105 0.02544149514 0.01162053214)
(1.003110237 0.02939381535 0.01287935299)
(0.989393752 -0.006486030705 -0.01088422091)
(0.9901624107 -0.002092373193 -0.007946186386)
(0.9856140669 -0.003438151752 -0.01521999931)
(0.9897178485 -0.004567627811 -0.006736893726)
(0.9856442243 -0.009833111713 -0.01277455987)
(0.9878052125 -0.002689577098 -0.008097851009)
(0.9797453206 -0.0047448565 -0.01853142251)
(0.9906969792 0.002178924766 0.008325354112)
(0.9855730701 0.001740969098 0.01579482065)
(0.9890459612 -0.0004379890877 0.007230889001)
(0.9857758359 0.01389163681 0.006591587718)
(0.9896253888 0.00688818592 0.004028852493)
(0.9764270187 0.007309848183 0.003837803203)
(0.9832157538 0.003991669296 -0.0050956042)
(0.9858228553 0.003708946077 -0.01510986403)
(0.9917150335 0.003500368554 -0.006146553641)
(0.9896338509 0.006551948368 -0.01061931258)
(0.9879596376 0.002822834711 -0.008034845355)
(0.9801494354 0.005195137892 -0.0185319975)
(0.9899320524 0.004637811317 -0.006763712654)
(0.9860551419 0.009821730226 -0.0123755878)
(0.9895815579 0.003447571816 0.01389732925)
(0.9889644366 -0.00621536806 0.009422658768)
(0.990482731 -0.003522278156 0.006957553254)
(0.9785011928 -0.002007864788 0.010253817)
(0.9847663955 0.002841738297 0.005048347343)
(0.9850472192 -0.01618452115 0.0054513544)
(0.9886060725 -0.01215606347 -0.0004726955362)
(1.008458884 0.01411302498 -0.0138464081)
(1.005305827 0.01559767189 -0.0125401043)
(1.009436124 0.0130268898 -0.009578879225)
(1.003111338 0.01452238499 -0.01310849814)
(1.007906271 0.0127114282 -0.01284470389)
(1.005390795 0.0187950245 -0.01184295192)
(1.009110943 0.01693610176 -0.01113886055)
(1.003944131 -0.01602064009 0.01970061831)
(1.008665535 -0.0101333445 0.007369228988)
(1.006145361 -0.01018146703 0.006919847102)
(1.008098055 -0.02560208599 0.01218705566)
(1.003312561 -0.02973577081 0.01352289554)
(1.008808252 -0.01283200338 0.007342021645)
(1.005412413 -0.01305856229 0.007700796254)
(1.006713018 -0.01090812661 -0.001411659223)
(1.002506761 -0.01338222006 -0.003515270311)
(1.005461002 -0.01253176497 -0.001843138515)
(1.004158045 -0.01257414138 -0.0008126156922)
(1.006619089 -0.01148658449 -0.0003918740003)
(1.002515893 -0.01399823447 -0.001740696077)
(1.005688956 -0.0133139951 -0.001593020567)
(1.004990529 0.006201354674 -2.19321468e-05)
(1.006046697 0.01282161748 0.007428991394)
(1.003371205 0.0143676264 0.006931551722)
(1.006955989 0.005768380644 0.001622695481)
(1.004831143 0.005938481524 0.001642356958)
(1.006082375 0.0141138041 -0.0001162679922)
(1.003340359 0.01573159785 -9.936346368e-05)
(0.9940354418 -0.01066983055 -0.002015337646)
(0.9921591063 -0.007554414736 -0.002629034362)
(0.9892816448 -0.01360870067 -0.006449031589)
(0.9943188554 -0.00738961642 -0.0007939388744)
(0.9932019467 -0.01165202251 -0.001405636309)
(0.9916470838 -0.008085235352 -0.001186025946)
(0.9881002931 -0.01531270773 -0.002058610561)
(0.9938949973 0.002243209275 0.0009702789691)
(0.989635536 0.01242962892 0.005512314591)
(0.9916506263 0.009281010998 0.0004433020931)
(0.9933096169 0.01002427244 5.075549045e-05)
(0.9936062515 0.004242300708 -0.0006099745134)
(0.9862052323 0.005740244343 0.004247960429)
(0.9893527188 -0.000932599564 0.003301230443)
(0.9919713069 -0.003013099827 -0.001671839522)
(0.9942532318 -0.0007978265747 -0.0006189859081)
(0.9903369139 -0.001330638526 -0.002937155082)
(0.9946210403 -0.001324491687 -0.0003705387372)
(0.9912120791 -0.003420167959 -0.00091804274)
(0.9941016452 -0.0008622591 -0.0005265652012)
(0.9895778514 -0.001477292096 -0.0009632712565)
(0.9934236644 -0.006904944717 0.007997363198)
(0.9803861138 0.006117249612 -0.0008234428358)
(0.9844179242 0.006897136327 -0.0007454441823)
(0.9757812471 -0.01016622313 0.003911561129)
(0.9799689412 -0.009843521054 0.002960964624)
(0.9171180058 0.01904509526 -0.0179398524)
(0.9195819843 0.01880633249 -0.01706801667)
(0.9903324864 0.001396272029 -0.002971669231)
(0.9948650306 0.001238512774 -0.000352313127)
(0.9920239316 0.003046641717 -0.00168781126)
(0.9941283187 0.0008881691112 -0.0005235442572)
(0.9895542877 0.001487763424 -0.001029166183)
(0.9946182723 0.001353189805 -0.000401903197)
(0.9913200879 0.003416204293 -0.0008807134661)
(0.9914584534 0.004481201686 0.0136764268)
(0.9909401373 -0.01199171942 0.007456861276)
(0.9956453962 -0.01121235558 0.004583743062)
(0.9386309575 -0.01743152261 0.01606030018)
(0.9376673668 -0.01753374439 0.01695649623)
(0.9832999009 -0.01775949686 0.002609025895)
(0.9887770107 -0.01640238626 0.001801355993)
(0.9895925938 0.01329832347 -0.006462371429)
(0.9948327463 0.006935829926 -0.001093901704)
(0.9941382207 0.01052147061 -0.002079170123)
(0.9917447574 0.00807504322 -0.00128770055)
(0.9884462217 0.01508940446 -0.002445045204)
(0.9943816306 0.007370518979 -0.0008641545477)
(0.9932941085 0.01155592337 -0.001574366046)
(0.9925086393 -0.007906223775 0.003332119831)
(0.9939460462 -0.0078791932 0.002055580701)
(0.9939499457 -0.005081482882 0.001836906919)
(0.9886296225 -0.011788445 0.0001520209371)
(0.9921628591 -0.002950628535 -0.002991437086)
(0.9933783938 -0.01085303124 -0.001916401997)
(0.9936492997 -0.007567107519 -0.002930826588)
(1.005512728 0.01239088791 -0.001957067022)
(1.004067284 0.01187749692 -0.002851660345)
(1.006716572 0.01072297241 -0.001500370074)
(1.002564249 0.01375567769 -0.001974991045)
(1.005690535 0.01304867163 -0.001878420015)
(1.004165298 0.01243319749 -0.000969339811)
(1.006611996 0.01134423036 -0.00054618516)
(1.003421519 -0.01448991496 0.006942257458)
(1.006908321 -0.006140574556 0.0005355158234)
(1.005044845 -0.006391193709 -7.284142967e-05)
(1.006068261 -0.01473746028 -0.0007076792324)
(1.003344392 -0.01643939217 -0.0006966630927)
(1.006979666 -0.006024612133 0.001441974842)
(1.004876882 -0.006168791492 0.001420332813)
(1.006604421 -0.01136278313 0.0005416107609)
(1.002552324 -0.01377577413 0.002001463984)
(1.005687479 -0.01307171019 0.001886797463)
(1.004046312 -0.01188912077 0.002866313814)
(1.006699169 -0.0107415412 0.001494996176)
(1.002551011 -0.01327960248 0.003686625612)
(1.00550504 -0.01243493786 0.001975647319)
(1.004838844 0.006151969103 -0.001537395771)
(1.006041105 0.01470503392 0.0005762669479)
(1.003303098 0.01639666218 0.0005330303789)
(1.006872483 0.00608693606 -0.0006283859336)
(1.004996918 0.0063228144 -3.586078939e-05)
(1.00604096 0.01281864606 -0.007561279028)
(1.003379911 0.01435197824 -0.007056085414)
(0.9932668258 -0.0115681915 0.001601429683)
(0.9917176339 -0.008063414156 0.001330526829)
(0.9884017602 -0.01506815178 0.002489853229)
(0.9948163993 -0.006922665169 0.001105968678)
(0.9941248507 -0.01051674748 0.002103900316)
(0.9922838259 -0.007534610378 0.002715122311)
(0.989592524 -0.01326451389 0.00652220338)
(0.9936008055 0.00728319871 0.002375617258)
(0.9886070877 0.0109868643 -0.001266602051)
(0.9920554913 0.001657686242 0.00186853135)
(0.9938229431 0.007264303374 -0.002406648591)
(0.9938797049 0.004544436566 -0.002255098854)
(0.9903376947 0.01121275506 -0.006363860335)
(0.9924246694 0.006882664401 -0.003704659756)
(0.9913047703 -0.003423597838 0.0008924055855)
(0.9941150804 -0.0008710628643 0.0005500794889)
(0.9895869613 -0.001476863241 0.0009749592875)
(0.9948614053 -0.00122256031 0.000359365214)
(0.9920252864 -0.003034722519 0.00170324798)
(0.9942670102 -0.0007914657761 0.0006382583494)
(0.9903869789 -0.00140828753 0.002938991523)
(0.9889213287 0.01658590722 -0.005454638621)
(0.9404296358 0.002460439142 -0.004996947301)
(0.9386934764 0.002817279856 -0.005702428425)
(0.9916072909 0.008787357625 -0.005704762936)
(0.9960313403 0.008021929479 -0.002494137683)
(0.9892139101 -0.007311772778 -0.01382443947)
(0.9935724229 -0.008408709211 -0.01253172166)
(0.9895887238 0.001500172803 0.0009235525813)
(0.9946264776 0.001342480269 0.0003809101509)
(0.9912643609 0.003431347273 0.0009240572284)
(0.9942513865 0.0008015560095 0.0006270889866)
(0.9904148211 0.001395995935 0.002909379843)
(0.9948469758 0.00122850518 0.0003446291657)
(0.9920116375 0.003046747403 0.001674921312)
(0.9295469262 -0.01285240905 0.02110859961)
(0.9760484516 0.009807876136 -0.008230195514)
(0.9802452255 0.009752145037 -0.007045134137)
(0.9812598815 0.001019765356 0.002135413116)
(0.9846730442 0.001297765426 0.002816937854)
(0.9898910152 0.00578639205 -0.008242978373)
(0.9936112718 0.008108890272 -0.007576954619)
(0.9882283118 0.0152418258 0.002065692413)
(0.9943493513 0.007375900589 0.0008025003437)
(0.9932550293 0.01162655581 0.001413474764)
(0.9921926819 0.007531947191 0.002633039572)
(0.9893736924 0.013530923 0.00643882441)
(0.9947836011 0.006944238545 0.001036816756)
(0.9940847896 0.01064619608 0.002011651029)
(0.9899126877 0.001377131623 -0.004625855633)
(0.9932945734 -0.009870437381 -0.0005842492253)
(0.9935294819 -0.004574318826 -0.000128214051)
(0.9896058026 -0.01175753205 -0.006259591133)
(0.9916855874 -0.008399604409 -0.001370976924)
(0.9939797099 -0.007074637759 -0.0023006671)
(0.9938396469 -0.001945565576 -0.001679054928)
(1.005684977 0.01325547677 0.00157112925)
(1.004154618 0.01253096675 0.0008142742808)
(1.006611011 0.01144716021 0.0003775986819)
(1.002511278 0.01335260329 0.003508947607)
(1.005460794 0.01250839317 0.001814026466)
(1.004044421 0.01201244082 0.002737794555)
(1.006699656 0.01087608489 0.001382461005)
(1.003352827 -0.01583522737 -9.680655657e-05)
(1.006967079 -0.005808677738 -0.001734248301)
(1.004842057 -0.005978818977 -0.001768074458)
(1.006054879 -0.01282927 -0.007581746478)
(1.003385972 -0.01434178385 -0.007102234114)
(1.006894036 -0.005933789298 -0.0007339524793)
(1.004990311 -0.006181440858 -0.000146274609)
(1.009042481 -0.01697442824 0.01118603383)
(1.003047897 -0.01460261991 0.01324525046)
(1.007895033 -0.01281645959 0.01295394024)
(1.005243643 -0.01557580686 0.01256628146)
(1.00938067 -0.01303483625 0.009594345703)
(1.003958899 -0.01567186519 0.01645891114)
(1.008424997 -0.01410378287 0.01395529182)
(1.005274172 0.01298305639 -0.007741815731)
(1.008004071 0.02545729658 -0.0122140755)
(1.003174083 0.02952403233 -0.01358498373)
(1.00859058 0.009959051871 -0.007410401062)
(1.006021428 0.01002996488 -0.00696997717)
(1.007664406 0.01432536492 -0.01815513044)
(1.003801928 0.01586055858 -0.01973858726)
(0.9861731351 -0.009894785935 0.01243015997)
(0.9879109314 -0.00276403131 0.008012657542)
(0.9806804285 -0.005270783797 0.01883155368)
(0.9917198197 -0.003462629765 0.00615990445)
(0.9897170282 -0.006539704029 0.01065735914)
(0.9902523349 -0.002146642779 0.007904969231)
(0.9860997063 -0.003696029157 0.01535385298)
(0.9886037394 0.01050812803 0.001016433261)
(0.9782758946 0.001996493225 -0.007178028732)
(0.9856478567 -0.002628682842 -0.0008562669598)
(0.9886945685 0.00502360929 -0.008749172512)
(0.9903270791 0.002285686889 -0.00682425284)
(0.9861344387 -0.001538108203 -0.01758746237)
(0.9892748244 -0.00400347493 -0.01264108733)
(0.9803198844 0.004959965543 0.01860524873)
(0.9897718593 0.004565966675 0.006708191762)
(0.9858410105 0.009941707026 0.0127236834)
(0.9901843865 0.002088516968 0.007904039854)
(0.9859288265 0.0035138383 0.01540652901)
(0.9916063683 0.003439251063 0.006143853417)
(0.9895266917 0.006521473128 0.01085416327)
(0.9835995111 -0.002443739121 0.007295292207)
(0.9856838893 -0.01169155705 -0.006246914384)
(0.9894166047 -0.005731190279 -0.003639266113)
(0.9853427204 -0.0003948412538 -0.01448793603)
(0.9888239086 0.001811727552 -0.006856178847)
(0.9890413231 -0.0045710755 -0.009505758287)
(0.9905698309 -0.0008876965331 -0.00822522873)
(1.007805649 0.01242049933 0.01314472174)
(1.005346416 0.01904840148 0.01215741841)
(1.009043439 0.01719401474 0.01144554254)
(1.00398419 0.0158376002 0.0165397447)
(1.008354657 0.01415986013 0.01400241094)
(1.005330925 0.01581836606 0.01285346484)
(1.009469803 0.01326349008 0.009806677671)
(1.003071826 -0.02917740942 -0.0131036137)
(1.008662435 -0.01250128294 -0.007298131172)
(1.005205929 -0.01269398102 -0.007800219925)
(1.007597385 -0.01434349291 -0.01811681655)
(1.003705644 -0.01586229835 -0.0196698796)
(1.008700119 -0.009547379199 -0.007165636276)
(1.006093418 -0.009742059419 -0.006744215216)
)
;

boundaryField
{
    inlet
    {
        type            fixedValue;
        value           uniform (1 0 0);
    }
    outlet
    {
        type            inletOutlet;
        inletValue      uniform (1 0 0);
        value           nonuniform List<vector> 
320
(
(0.9999786351 1.208423906e-05 -1.214464345e-06)
(1.000001778 3.887580825e-06 -5.848244208e-07)
(1.000046759 2.21028369e-05 -2.671078256e-06)
(1.000110836 3.237124916e-05 3.233514185e-07)
(1.00018963 1.181876777e-05 -4.983043535e-06)
(1.000276773 9.835065193e-05 6.085803399e-06)
(1.000364166 -2.989570371e-05 2.367988735e-06)
(1.000442695 0.000190104546 3.284189332e-05)
(1.000501435 -3.507570049e-05 8.584294514e-05)
(1.000533121 0.0001407885632 0.0001328098623)
(1.000532465 0.0001692987904 0.0002370390531)
(1.000500484 -0.0001020310766 0.0001059124531)
(1.000440844 2.045144695e-05 8.41501279e-05)
(1.000361767 -0.000113716617 1.302757234e-05)
(1.000273875 -2.996030511e-05 1.80276023e-05)
(1.000186402 -7.98612744e-05 -4.046210323e-06)
(1.000107374 -2.600764625e-05 7.869950754e-07)
(1.000043142 -4.548904859e-05 -3.992949061e-06)
(0.9999980741 -7.747661643e-06 -1.916543837e-06)
(0.9999748857 -1.615943133e-05 -2.739327773e-06)
(0.9999790397 1.247787783e-05 -3.168251267e-06)
(1.000002273 2.975431296e-06 -1.924996717e-06)
(1.00004744 2.267409063e-05 -5.98343605e-06)
(1.00011182 3.092814578e-05 -4.908122999e-06)
(1.000191042 1.543895549e-05 -7.061685096e-06)
(1.000278699 0.0001031136706 -2.546890802e-05)
(1.000366709 -1.294673457e-05 4.746598846e-06)
(1.000445708 0.0002414901353 -0.0001098977467)
(1.000504508 2.800377667e-05 3.775646119e-05)
(1.000536024 0.0002336821618 -0.0003475012482)
(1.00053523 0.0001523212854 1.578911721e-05)
(1.000503655 -0.000197189518 -0.0001082426819)
(1.000443804 -3.699085076e-05 -2.48974083e-05)
(1.000364319 -0.000155202249 -2.977321613e-05)
(1.000275797 -4.078738514e-05 -1.709857645e-05)
(1.000187826 -9.065041098e-05 -1.693381368e-05)
(1.000108373 -2.597333314e-05 -8.53116778e-06)
(1.000043841 -4.718187601e-05 -1.174803581e-05)
(0.9999985877 -6.962774448e-06 -6.700743978e-06)
(0.99997531 -1.667373445e-05 -8.075217458e-06)
(0.9999797872 1.286171796e-05 -5.489481941e-06)
(1.000003186 2.1235275e-06 -2.991276948e-06)
(1.000048696 2.024875253e-05 -1.235865813e-05)
(1.000113629 3.169659283e-05 -4.864629468e-06)
(1.000193648 -9.041694062e-07 -2.6730147e-05)
(1.000282303 0.0001060510668 -2.248495464e-05)
(1.000371394 -8.226594941e-05 -3.085479797e-05)
(1.00045151 0.0002098791772 -9.776813802e-05)
(1.000510415 -0.000184066841 0.0001616286696)
(1.000540383 0.000127530802 -8.549523804e-05)
(1.000539302 0.0003215703645 0.0005140537874)
(1.000509674 -0.0001274822822 0.000222891112)
(1.00044965 7.067820174e-05 8.92465098e-05)
(1.000369027 -0.0001093506308 5.928717047e-06)
(1.000279435 -2.223154298e-05 1.07070264e-05)
(1.000190477 -7.463756669e-05 -2.611994422e-05)
(1.000110223 -2.276119022e-05 -7.383042735e-06)
(1.000045141 -4.435539846e-05 -1.966125995e-05)
(0.9999995397 -5.450136928e-06 -1.045592333e-05)
(0.9999760966 -1.701911333e-05 -1.327793202e-05)
(0.9999807634 1.404032747e-05 -6.478301154e-06)
(1.000004378 -1.319292733e-06 -3.678594616e-06)
(1.000050341 2.153248253e-05 -1.225628911e-05)
(1.000115999 2.197854787e-05 -4.774660276e-06)
(1.000197067 4.724437434e-06 -1.608511063e-05)
(1.000286938 0.0001009674747 -1.587806272e-05)
(1.000377618 -5.887411561e-05 1.688254107e-05)
(1.0004595 0.0003596393139 -8.254516835e-05)
(1.000518232 4.276090415e-05 0.0001992897574)
(1.00055742 0.0004550875759 -0.0006663769679)
(1.000553903 0.0003377290184 0.0003640308911)
(1.000517563 -0.000466366429 -0.0001467092028)
(1.000457402 -0.0001698028699 4.753000644e-05)
(1.000375218 -0.000205434887 -6.300910739e-05)
(1.000284064 -6.119231908e-05 -2.493744671e-05)
(1.000193927 -0.0001022366279 -3.98580411e-05)
(1.00011264 -2.19712911e-05 -2.027126587e-05)
(1.000046841 -4.913082402e-05 -2.608123054e-05)
(1.00000079 -2.971224711e-06 -1.586903031e-05)
(0.9999771285 -1.843832691e-05 -1.791247449e-05)
(0.9999818158 1.461406233e-05 -8.170250452e-06)
(1.000005666 -1.486070542e-06 -4.820518203e-06)
(1.000052121 1.962456348e-05 -1.965148926e-05)
(1.000118565 2.940359559e-05 -8.513434456e-06)
(1.000200792 -7.350244155e-06 -5.57067e-05)
(1.000291948 0.0001273842312 -4.806983461e-05)
(1.000384311 -0.0001207536382 -0.0001460196482)
(1.000466705 0.0003212089124 -0.0003386314513)
(1.000525823 -0.0005466150444 0.0001596290267)
(1.000557466 0.000214800441 -0.0005191035504)
(1.000562336 0.0006564644993 0.001001132319)
(1.000525981 -0.0003296682622 0.0006614790622)
(1.000464835 0.0001250392637 -0.0001115706388)
(1.00038208 -0.0001575609998 2.995569959e-06)
(1.000289195 -8.384632813e-06 -3.753197399e-05)
(1.000197757 -7.223921431e-05 -4.342546718e-05)
(1.000115294 -1.423786772e-05 -2.362278725e-05)
(1.000048703 -4.166615471e-05 -3.170296255e-05)
(1.000002151 -3.445574393e-07 -1.947772455e-05)
(0.9999782564 -1.829834162e-05 -2.190143416e-05)
(0.9999827859 1.613948568e-05 -7.930363917e-06)
(1.000006853 -8.489925562e-06 -4.231902595e-06)
(1.000053777 1.932764784e-05 -1.636808654e-05)
(1.000120972 -4.448559313e-07 2.292712066e-06)
(1.000204306 -1.913955905e-05 -3.489030998e-05)
(1.000296736 4.547844726e-05 3.995044436e-05)
(1.000390778 -0.0002327517483 -2.835542529e-05)
(1.000480628 0.0005270158771 0.0002555879825)
(1.000561178 -0.0001927877712 0.0003502726595)
(1.000316448 0.0007255564959 -0.001239567029)
(1.000341594 0.001372619733 0.0009015077826)
(1.000552052 -0.001017537151 -8.844477886e-05)
(1.000478332 -0.000550793097 7.124718404e-05)
(1.000388119 -0.000166644278 -0.0001329395169)
(1.000293877 -9.12782767e-05 -5.973861936e-05)
(1.000201301 -9.439621185e-05 -7.020182287e-05)
(1.000117767 -1.476602791e-05 -3.690253947e-05)
(1.000050441 -4.664129675e-05 -3.788896487e-05)
(1.000003427 3.149375913e-06 -2.473158346e-05)
(0.9999793107 -1.995717449e-05 -2.535956431e-05)
(0.9999835172 1.693239563e-05 -7.879196543e-06)
(1.00000775 -6.747731863e-06 -5.622205186e-06)
(1.00005503 2.381517404e-05 -1.798123939e-05)
(1.000122803 1.797743866e-05 -4.966321032e-06)
(1.000207076 1.732856019e-05 -6.869940822e-05)
(1.00029948 0.0001352562795 -4.123422946e-06)
(1.000397572 3.076574108e-05 -0.0004075230374)
(1.000551513 0.000791173901 -0.0006390727093)
(1.000400609 0.001178233488 0.0001202620793)
(0.9994160546 0.001544241578 -0.001910368311)
(1.000241943 -9.058360849e-05 0.002044511297)
(1.000412228 -0.002793961403 0.002063477583)
(1.000543324 -0.0001142704076 -0.0007383012347)
(1.000395737 -0.0002575686991 -0.0001310178711)
(1.000296961 2.76172924e-05 -9.651797571e-05)
(1.000204287 -5.913586611e-05 -5.173987186e-05)
(1.000119741 5.838238365e-06 -4.584346182e-05)
(1.00005181 -3.416962468e-05 -3.533234272e-05)
(1.000004428 7.47962242e-06 -2.792514367e-05)
(0.9999801417 -1.869483752e-05 -2.660523246e-05)
(0.9999839021 1.755512583e-05 -7.279027691e-06)
(1.00000823 -1.479579088e-05 -4.963997219e-06)
(1.0000557 1.984949083e-05 -1.652489061e-05)
(1.000123875 -3.20466167e-05 3.455102447e-06)
(1.000208383 -1.690319168e-05 -6.696770849e-05)
(1.000301979 -0.0001629871658 4.862158981e-05)
(1.0004426 -0.0002653201956 -0.0003739847042)
(1.00044667 -0.001139818046 -0.00029352129)
(0.9994939754 -0.00353188979 -0.0001322174161)
(0.9751852189 0.0002351919243 -3.439300293e-05)
(0.987542634 -0.005522693081 0.003588084981)
(1.000619174 0.0009661388998 -0.0002818468138)
(1.000455375 7.975395192e-05 -0.001460137923)
(1.000438651 -0.0001605493476 -0.0003848361476)
(1.00029901 -4.660085381e-05 -0.0001860664454)
(1.00020554 -6.464171331e-05 -9.251536004e-05)
(1.000120894 -4.637810866e-06 -5.710336808e-05)
(1.000052582 -3.555948796e-05 -4.102404357e-05)
(1.00000501 8.595810943e-06 -3.088073297e-05)
(0.9999806282 -1.91360059e-05 -2.807809839e-05)
(0.9999838705 1.838006244e-05 -4.8835187e-06)
(1.000008195 -1.252952059e-05 -5.747527001e-06)
(1.000055657 2.91405596e-05 -2.794370752e-06)
(1.000123802 -1.371170385e-05 -2.328832788e-08)
(1.000208246 4.759996891e-05 1.35492296e-05)
(1.000301467 -5.409688675e-05 7.44479553e-05)
(1.000440672 0.0001455176348 0.0001954749539)
(1.000456282 -0.0006845647048 0.001168463137)
(1.000646801 -0.0009742547461 -0.0006217127765)
(0.9868217276 0.001409917933 -0.001087769064)
(0.977775318 0.001845306741 0.001631599087)
(0.9991530505 0.00335930117 -0.001305564454)
(1.000442892 0.001440447352 -3.906573053e-05)
(1.000440427 0.0002420812712 0.0001189127809)
(1.000299764 0.0002097312306 -0.0001659642416)
(1.000205787 2.001038869e-05 -2.000914814e-05)
(1.000121032 3.814235487e-05 -6.252411284e-05)
(1.000052677 -1.783575518e-05 -2.877420898e-05)
(1.000005092 1.556433239e-05 -3.230424762e-05)
(0.9999807064 -1.694559733e-05 -2.62516241e-05)
(0.9999834291 1.70130726e-05 -4.432555125e-06)
(1.000007658 -1.349061559e-05 -6.305535238e-06)
(1.000054933 2.336690371e-05 -4.154645187e-06)
(1.000122699 -2.173438865e-05 -5.472617312e-06)
(1.000207017 2.80482895e-05 -5.268461217e-06)
(1.000299394 -5.265686326e-05 1.462168469e-06)
(1.000397713 0.0001341556351 9.420608038e-05)
(1.000544502 9.228404248e-05 0.0005147167419)
(1.000404671 0.00214461125 -0.001448074965)
(1.000257864 -0.0008450977201 -0.001618215694)
(0.9990229403 0.0002517204412 0.00207488255)
(1.000397171 -0.000658523361 7.235910219e-06)
(1.000549552 -0.0007651315905 0.0003531780372)
(1.0003956 5.178024741e-05 0.0002950193193)
(1.000297292 -0.0001308945475 -0.0001053714719)
(1.000204543 1.989160141e-06 -2.858270737e-06)
(1.000120023 -1.035089364e-05 -5.077829653e-05)
(1.000052059 -1.660077088e-05 -2.506716785e-05)
(1.000004662 1.016495233e-05 -3.022658424e-05)
(0.9999803682 -1.535051035e-05 -2.449684857e-05)
(0.9999826402 1.720484519e-05 -2.731336871e-06)
(1.0000067 -1.236367462e-05 -6.179934197e-06)
(1.000053608 2.954337471e-05 2.15983087e-06)
(1.000120778 -1.453798906e-05 -8.226818589e-06)
(1.000204086 5.007976058e-05 1.359571927e-05)
(1.000296405 3.478809195e-06 -1.154107528e-05)
(1.000390445 6.624646319e-05 2.554431497e-05)
(1.000479617 0.0002926689864 -0.000136741803)
(1.000553033 0.0007531322806 -7.264108767e-05)
(1.000325766 -0.001262152263 -1.0142459e-05)
(1.000291506 -0.0004543745941 0.001817522551)
(1.000558897 0.0005106553182 -0.0005878448477)
(1.000478784 -0.0002863692135 -0.0003988564652)
(1.000389132 0.0003254965791 -0.0001404513776)
(1.000294668 2.775032902e-05 -0.0001324113664)
(1.000201864 5.580650444e-05 -3.838269755e-05)
(1.000118256 2.434998326e-05 -5.382258779e-05)
(1.000050854 -4.867548139e-06 -2.397425869e-05)
(1.000003811 1.592343709e-05 -2.89965878e-05)
(0.9999796818 -1.335900918e-05 -2.211093764e-05)
(0.9999816227 1.485105612e-05 -2.001222701e-06)
(1.000005464 -1.044398607e-05 -6.492333119e-06)
(1.000051909 2.197514271e-05 2.961432503e-06)
(1.000118337 -1.473141793e-05 -1.12358036e-05)
(1.000200576 2.483246416e-05 8.793297283e-06)
(1.000291712 -4.837105183e-05 -8.515640863e-06)
(1.000384283 3.865226197e-05 -4.253241451e-06)
(1.000466364 -0.0002209810494 7.539961308e-05)
(1.000526988 -4.611226065e-06 -0.0004289652346)
(1.000566877 -0.0008235118361 -0.0008119611431)
(1.000562225 0.0001824534946 0.0006545270974)
(1.000524365 0.0008712921714 -9.142649401e-05)
(1.000465857 -0.0001548631442 0.000251056101)
(1.000382725 0.0002327799139 8.596044515e-05)
(1.00028993 -6.401674155e-05 -1.888066399e-05)
(1.000198392 5.225143184e-05 3.927251407e-06)
(1.000115899 -1.201206554e-06 -3.347277781e-05)
(1.000049246 -9.62759818e-07 -1.432288935e-05)
(1.000002669 1.13371378e-05 -2.383664912e-05)
(0.9999787539 -1.104073037e-05 -1.803117609e-05)
(0.9999805264 1.439230203e-05 -1.355419857e-06)
(1.000004132 -9.266061135e-06 -4.953826784e-06)
(1.000050077 2.647682752e-05 3.032911648e-06)
(1.000115713 -1.102522148e-05 -7.38185207e-06)
(1.000196765 5.093208136e-05 9.56443699e-06)
(1.000286617 -5.910103673e-06 -8.730291312e-06)
(1.000377362 0.0001114512396 3.00722797e-05)
(1.000459138 5.68088898e-05 -3.59348218e-05)
(1.000518487 0.0003525035753 0.0001476225635)
(1.000553857 -0.0003216038067 -2.185532e-05)
(1.000556907 -0.0002991320467 0.000874617608)
(1.000517589 0.0001356850148 -0.000230981337)
(1.000458426 -0.0001987398292 3.91968234e-05)
(1.000376011 0.0001638885291 -8.525507155e-05)
(1.000284958 -2.239046652e-05 -3.672996399e-05)
(1.000194705 4.753689187e-05 -2.809166603e-05)
(1.000113375 1.309094518e-05 -2.94699517e-05)
(1.000047506 1.258204614e-06 -1.562209467e-05)
(1.00000142 1.36116069e-05 -1.981094974e-05)
(0.9999777368 -9.725211235e-06 -1.498952523e-05)
(0.9999795187 1.25993178e-05 -7.535676651e-07)
(1.000002907 -7.703568782e-06 -4.522030937e-06)
(1.000048402 2.039790661e-05 3.419100715e-06)
(1.000113318 -1.074304897e-05 -1.106304922e-05)
(1.000193337 2.350313779e-05 8.248953165e-06)
(1.000281988 -3.620157771e-05 -2.871225154e-05)
(1.000371188 1.894167481e-05 -7.065826745e-06)
(1.000451287 -0.0001456586964 -8.20464262e-05)
(1.000510742 5.275313951e-06 -0.0001480950762)
(1.000540148 -0.0003513042865 -0.000423850638)
(1.000540161 4.442999589e-05 0.0001515041739)
(1.000509686 0.0003524230085 -0.0001367268766)
(1.000450455 -6.957094066e-05 7.30436834e-05)
(1.000369824 0.000188529964 7.092723506e-07)
(1.00028035 -2.767752707e-05 -1.091748064e-05)
(1.000191324 5.726569707e-05 -2.138101814e-06)
(1.000111039 6.687983512e-06 -1.922170888e-05)
(1.000045894 5.134700732e-06 -7.750876229e-06)
(1.000000257 1.173402422e-05 -1.423619566e-05)
(0.9999767897 -8.024605156e-06 -1.039640765e-05)
(0.9999787483 1.203566287e-05 -4.469999599e-07)
(1.000001971 -6.656831592e-06 -2.358281162e-06)
(1.000047119 2.235887334e-05 1.99810903e-06)
(1.000111482 -8.047887033e-06 -2.575479155e-06)
(1.000190695 3.961005022e-05 5.958172619e-06)
(1.000278362 -1.58991409e-05 6.489468919e-06)
(1.000366453 7.69912014e-05 2.427276585e-05)
(1.000445454 -2.855561606e-05 3.807068779e-05)
(1.00050462 0.000135603157 0.0001283518993)
(1.000535776 -0.0001447528515 9.585646321e-05)
(1.000535812 -0.000123770256 0.0004181857691)
(1.000503877 9.605394478e-05 -3.00107773e-05)
(1.000444617 -0.0001144081973 0.0001018812223)
(1.000365159 0.0001124305652 -2.464014131e-05)
(1.000276771 -2.371010914e-05 6.057125471e-06)
(1.000188739 4.263043409e-05 -1.045735756e-05)
(1.000109254 9.624797241e-06 -9.702964133e-06)
(1.000044659 4.403655961e-06 -6.302283688e-06)
(0.9999993654 1.19566834e-05 -8.607210397e-06)
(0.9999760627 -7.323758613e-06 -6.558502561e-06)
(0.9999783322 1.140436662e-05 -1.276120478e-07)
(1.000001466 -6.172215552e-06 -1.137629581e-06)
(1.000046427 2.025221325e-05 6.458243172e-07)
(1.00011049 -8.265930278e-06 -4.50305599e-06)
(1.000189278 2.904856443e-05 2.983064137e-07)
(1.000276444 -2.50627757e-05 -2.137120452e-05)
(1.000363893 3.795778712e-05 -1.410425244e-05)
(1.000442468 -7.949947337e-05 -8.308691182e-05)
(1.000501492 4.198791954e-05 -9.661530867e-05)
(1.000532928 -0.0001669756484 -0.0002333767671)
(1.000532958 -3.296401269e-05 -0.0001313921268)
(1.000500784 0.0001542911354 -8.49937865e-05)
(1.000441608 -6.758837057e-05 -3.953705869e-05)
(1.000362608 0.000129470841 -8.938220485e-06)
(1.000274859 -1.853086699e-05 -1.309977704e-05)
(1.000187341 4.753512025e-05 -9.247358864e-07)
(1.000108283 9.284363838e-06 -5.288768431e-06)
(1.00004399 5.829221998e-06 -1.470455003e-06)
(0.9999988817 1.157133909e-05 -3.013230271e-06)
(0.9999756681 -6.743422288e-06 -2.085018359e-06)
)
;
    }
    sides
    {
        type            slip;
    }
    hull
    {
        type            noSlip;
    }
}


// ************************************************************************* //
